pID,trialNum,graph,walk,resp,path
10,1,modular,8,v,img/target_5.png
10,2,modular,6,q,img/target_1.png
10,3,modular,5,r,img/target_4.png
10,4,modular,7,p,img/target_10.png
10,5,modular,6,q,img/target_1.png
10,6,modular,8,v,img/target_5.png
10,7,modular,5,r,img/target_4.png
10,8,modular,8,v,img/target_5.png
10,9,modular,7,p,img/target_10.png
10,10,modular,5,r,img/target_4.png
10,11,modular,8,v,img/target_5.png
10,12,modular,9,o,img/target_9.png
10,13,modular,0,u,img/target_7.png
10,14,modular,2,w,img/target_2.png
10,15,modular,1,i,img/target_8.png
10,16,modular,2,w,img/target_2.png
10,17,modular,1,i,img/target_8.png
10,18,modular,4,e,img/target_3.png
10,19,modular,1,i,img/target_8.png
10,20,modular,2,w,img/target_2.png
10,21,modular,0,u,img/target_7.png
10,22,modular,3,b,img/target_6.png
10,23,modular,0,u,img/target_7.png
10,24,modular,9,o,img/target_9.png
10,25,modular,6,q,img/target_1.png
10,26,modular,9,o,img/target_9.png
10,27,modular,0,u,img/target_7.png
10,28,modular,2,w,img/target_2.png
10,29,modular,1,i,img/target_8.png
10,30,modular,3,b,img/target_6.png
10,31,modular,0,u,img/target_7.png
10,32,modular,3,b,img/target_6.png
10,33,modular,4,e,img/target_3.png
10,34,modular,2,w,img/target_2.png
10,35,modular,4,e,img/target_3.png
10,36,modular,2,w,img/target_2.png
10,37,modular,0,u,img/target_7.png
10,38,modular,9,o,img/target_9.png
10,39,modular,0,u,img/target_7.png
10,40,modular,1,i,img/target_8.png
10,41,modular,2,w,img/target_2.png
10,42,modular,4,e,img/target_3.png
10,43,modular,3,b,img/target_6.png
10,44,modular,4,e,img/target_3.png
10,45,modular,2,w,img/target_2.png
10,46,modular,1,i,img/target_8.png
10,47,modular,2,w,img/target_2.png
10,48,modular,1,i,img/target_8.png
10,49,modular,2,w,img/target_2.png
10,50,modular,0,u,img/target_7.png
10,51,modular,2,w,img/target_2.png
10,52,modular,3,b,img/target_6.png
10,53,modular,1,i,img/target_8.png
10,54,modular,0,u,img/target_7.png
10,55,modular,3,b,img/target_6.png
10,56,modular,0,u,img/target_7.png
10,57,modular,1,i,img/target_8.png
10,58,modular,0,u,img/target_7.png
10,59,modular,9,o,img/target_9.png
10,60,modular,0,u,img/target_7.png
10,61,modular,2,w,img/target_2.png
10,62,modular,3,b,img/target_6.png
10,63,modular,1,i,img/target_8.png
10,64,modular,3,b,img/target_6.png
10,65,modular,4,e,img/target_3.png
10,66,modular,1,i,img/target_8.png
10,67,modular,3,b,img/target_6.png
10,68,modular,0,u,img/target_7.png
10,69,modular,3,b,img/target_6.png
10,70,modular,0,u,img/target_7.png
10,71,modular,2,w,img/target_2.png
10,72,modular,4,e,img/target_3.png
10,73,modular,1,i,img/target_8.png
10,74,modular,2,w,img/target_2.png
10,75,modular,4,e,img/target_3.png
10,76,modular,2,w,img/target_2.png
10,77,modular,3,b,img/target_6.png
10,78,modular,0,u,img/target_7.png
10,79,modular,3,b,img/target_6.png
10,80,modular,4,e,img/target_3.png
10,81,modular,3,b,img/target_6.png
10,82,modular,4,e,img/target_3.png
10,83,modular,2,w,img/target_2.png
10,84,modular,0,u,img/target_7.png
10,85,modular,9,o,img/target_9.png
10,86,modular,0,u,img/target_7.png
10,87,modular,3,b,img/target_6.png
10,88,modular,2,w,img/target_2.png
10,89,modular,3,b,img/target_6.png
10,90,modular,1,i,img/target_8.png
10,91,modular,2,w,img/target_2.png
10,92,modular,1,i,img/target_8.png
10,93,modular,4,e,img/target_3.png
10,94,modular,3,b,img/target_6.png
10,95,modular,4,e,img/target_3.png
10,96,modular,3,b,img/target_6.png
10,97,modular,1,i,img/target_8.png
10,98,modular,3,b,img/target_6.png
10,99,modular,4,e,img/target_3.png
10,100,modular,2,w,img/target_2.png
10,101,modular,4,e,img/target_3.png
10,102,modular,2,w,img/target_2.png
10,103,modular,3,b,img/target_6.png
10,104,modular,1,i,img/target_8.png
10,105,modular,4,e,img/target_3.png
10,106,modular,5,r,img/target_4.png
10,107,modular,4,e,img/target_3.png
10,108,modular,5,r,img/target_4.png
10,109,modular,8,v,img/target_5.png
10,110,modular,5,r,img/target_4.png
10,111,modular,4,e,img/target_3.png
10,112,modular,5,r,img/target_4.png
10,113,modular,4,e,img/target_3.png
10,114,modular,5,r,img/target_4.png
10,115,modular,6,q,img/target_1.png
10,116,modular,9,o,img/target_9.png
10,117,modular,8,v,img/target_5.png
10,118,modular,5,r,img/target_4.png
10,119,modular,7,p,img/target_10.png
10,120,modular,8,v,img/target_5.png
10,121,modular,7,p,img/target_10.png
10,122,modular,8,v,img/target_5.png
10,123,modular,5,r,img/target_4.png
10,124,modular,4,e,img/target_3.png
10,125,modular,2,w,img/target_2.png
10,126,modular,3,b,img/target_6.png
10,127,modular,0,u,img/target_7.png
10,128,modular,3,b,img/target_6.png
10,129,modular,4,e,img/target_3.png
10,130,modular,2,w,img/target_2.png
10,131,modular,3,b,img/target_6.png
10,132,modular,0,u,img/target_7.png
10,133,modular,9,o,img/target_9.png
10,134,modular,0,u,img/target_7.png
10,135,modular,9,o,img/target_9.png
10,136,modular,0,u,img/target_7.png
10,137,modular,2,w,img/target_2.png
10,138,modular,0,u,img/target_7.png
10,139,modular,2,w,img/target_2.png
10,140,modular,4,e,img/target_3.png
10,141,modular,2,w,img/target_2.png
10,142,modular,4,e,img/target_3.png
10,143,modular,1,i,img/target_8.png
10,144,modular,2,w,img/target_2.png
10,145,modular,4,e,img/target_3.png
10,146,modular,2,w,img/target_2.png
10,147,modular,1,i,img/target_8.png
10,148,modular,0,u,img/target_7.png
10,149,modular,1,i,img/target_8.png
10,150,modular,3,b,img/target_6.png
10,151,modular,2,w,img/target_2.png
10,152,modular,1,i,img/target_8.png
10,153,modular,3,b,img/target_6.png
10,154,modular,0,u,img/target_7.png
10,155,modular,3,b,img/target_6.png
10,156,modular,1,i,img/target_8.png
10,157,modular,2,w,img/target_2.png
10,158,modular,4,e,img/target_3.png
10,159,modular,2,w,img/target_2.png
10,160,modular,1,i,img/target_8.png
10,161,modular,2,w,img/target_2.png
10,162,modular,3,b,img/target_6.png
10,163,modular,2,w,img/target_2.png
10,164,modular,3,b,img/target_6.png
10,165,modular,2,w,img/target_2.png
10,166,modular,3,b,img/target_6.png
10,167,modular,2,w,img/target_2.png
10,168,modular,1,i,img/target_8.png
10,169,modular,2,w,img/target_2.png
10,170,modular,1,i,img/target_8.png
10,171,modular,4,e,img/target_3.png
10,172,modular,1,i,img/target_8.png
10,173,modular,3,b,img/target_6.png
10,174,modular,4,e,img/target_3.png
10,175,modular,2,w,img/target_2.png
10,176,modular,3,b,img/target_6.png
10,177,modular,0,u,img/target_7.png
10,178,modular,2,w,img/target_2.png
10,179,modular,0,u,img/target_7.png
10,180,modular,2,w,img/target_2.png
10,181,modular,0,u,img/target_7.png
10,182,modular,1,i,img/target_8.png
10,183,modular,0,u,img/target_7.png
10,184,modular,2,w,img/target_2.png
10,185,modular,4,e,img/target_3.png
10,186,modular,1,i,img/target_8.png
10,187,modular,4,e,img/target_3.png
10,188,modular,2,w,img/target_2.png
10,189,modular,4,e,img/target_3.png
10,190,modular,5,r,img/target_4.png
10,191,modular,4,e,img/target_3.png
10,192,modular,5,r,img/target_4.png
10,193,modular,8,v,img/target_5.png
10,194,modular,9,o,img/target_9.png
10,195,modular,6,q,img/target_1.png
10,196,modular,8,v,img/target_5.png
10,197,modular,9,o,img/target_9.png
10,198,modular,0,u,img/target_7.png
10,199,modular,2,w,img/target_2.png
10,200,modular,4,e,img/target_3.png
10,201,modular,5,r,img/target_4.png
10,202,modular,7,p,img/target_10.png
10,203,modular,8,v,img/target_5.png
10,204,modular,6,q,img/target_1.png
10,205,modular,8,v,img/target_5.png
10,206,modular,6,q,img/target_1.png
10,207,modular,5,r,img/target_4.png
10,208,modular,7,p,img/target_10.png
10,209,modular,9,o,img/target_9.png
10,210,modular,8,v,img/target_5.png
10,211,modular,5,r,img/target_4.png
10,212,modular,7,p,img/target_10.png
10,213,modular,5,r,img/target_4.png
10,214,modular,8,v,img/target_5.png
10,215,modular,5,r,img/target_4.png
10,216,modular,6,q,img/target_1.png
10,217,modular,5,r,img/target_4.png
10,218,modular,7,p,img/target_10.png
10,219,modular,5,r,img/target_4.png
10,220,modular,6,q,img/target_1.png
10,221,modular,9,o,img/target_9.png
10,222,modular,0,u,img/target_7.png
10,223,modular,1,i,img/target_8.png
10,224,modular,2,w,img/target_2.png
10,225,modular,0,u,img/target_7.png
10,226,modular,9,o,img/target_9.png
10,227,modular,7,p,img/target_10.png
10,228,modular,6,q,img/target_1.png
10,229,modular,8,v,img/target_5.png
10,230,modular,7,p,img/target_10.png
10,231,modular,5,r,img/target_4.png
10,232,modular,6,q,img/target_1.png
10,233,modular,7,p,img/target_10.png
10,234,modular,5,r,img/target_4.png
10,235,modular,7,p,img/target_10.png
10,236,modular,9,o,img/target_9.png
10,237,modular,0,u,img/target_7.png
10,238,modular,1,i,img/target_8.png
10,239,modular,3,b,img/target_6.png
10,240,modular,4,e,img/target_3.png
10,241,modular,2,w,img/target_2.png
10,242,modular,1,i,img/target_8.png
10,243,modular,0,u,img/target_7.png
10,244,modular,3,b,img/target_6.png
10,245,modular,0,u,img/target_7.png
10,246,modular,9,o,img/target_9.png
10,247,modular,8,v,img/target_5.png
10,248,modular,7,p,img/target_10.png
10,249,modular,8,v,img/target_5.png
10,250,modular,9,o,img/target_9.png
10,251,modular,8,v,img/target_5.png
10,252,modular,6,q,img/target_1.png
10,253,modular,8,v,img/target_5.png
10,254,modular,7,p,img/target_10.png
10,255,modular,9,o,img/target_9.png
10,256,modular,0,u,img/target_7.png
10,257,modular,3,b,img/target_6.png
10,258,modular,2,w,img/target_2.png
10,259,modular,1,i,img/target_8.png
10,260,modular,4,e,img/target_3.png
10,261,modular,2,w,img/target_2.png
10,262,modular,4,e,img/target_3.png
10,263,modular,5,r,img/target_4.png
10,264,modular,8,v,img/target_5.png
10,265,modular,7,p,img/target_10.png
10,266,modular,9,o,img/target_9.png
10,267,modular,7,p,img/target_10.png
10,268,modular,5,r,img/target_4.png
10,269,modular,7,p,img/target_10.png
10,270,modular,5,r,img/target_4.png
10,271,modular,8,v,img/target_5.png
10,272,modular,7,p,img/target_10.png
10,273,modular,9,o,img/target_9.png
10,274,modular,6,q,img/target_1.png
10,275,modular,9,o,img/target_9.png
10,276,modular,8,v,img/target_5.png
10,277,modular,6,q,img/target_1.png
10,278,modular,7,p,img/target_10.png
10,279,modular,8,v,img/target_5.png
10,280,modular,6,q,img/target_1.png
10,281,modular,7,p,img/target_10.png
10,282,modular,8,v,img/target_5.png
10,283,modular,7,p,img/target_10.png
10,284,modular,6,q,img/target_1.png
10,285,modular,5,r,img/target_4.png
10,286,modular,7,p,img/target_10.png
10,287,modular,5,r,img/target_4.png
10,288,modular,8,v,img/target_5.png
10,289,modular,7,p,img/target_10.png
10,290,modular,5,r,img/target_4.png
10,291,modular,6,q,img/target_1.png
10,292,modular,8,v,img/target_5.png
10,293,modular,7,p,img/target_10.png
10,294,modular,6,q,img/target_1.png
10,295,modular,9,o,img/target_9.png
10,296,modular,8,v,img/target_5.png
10,297,modular,7,p,img/target_10.png
10,298,modular,5,r,img/target_4.png
10,299,modular,8,v,img/target_5.png
10,300,modular,5,r,img/target_4.png
10,301,modular,8,v,img/target_5.png
10,302,modular,6,q,img/target_1.png
10,303,modular,8,v,img/target_5.png
10,304,modular,9,o,img/target_9.png
10,305,modular,0,u,img/target_7.png
10,306,modular,9,o,img/target_9.png
10,307,modular,7,p,img/target_10.png
10,308,modular,6,q,img/target_1.png
10,309,modular,7,p,img/target_10.png
10,310,modular,8,v,img/target_5.png
10,311,modular,7,p,img/target_10.png
10,312,modular,9,o,img/target_9.png
10,313,modular,8,v,img/target_5.png
10,314,modular,6,q,img/target_1.png
10,315,modular,7,p,img/target_10.png
10,316,modular,9,o,img/target_9.png
10,317,modular,6,q,img/target_1.png
10,318,modular,7,p,img/target_10.png
10,319,modular,9,o,img/target_9.png
10,320,modular,8,v,img/target_5.png
10,321,modular,9,o,img/target_9.png
10,322,modular,6,q,img/target_1.png
10,323,modular,7,p,img/target_10.png
10,324,modular,9,o,img/target_9.png
10,325,modular,6,q,img/target_1.png
10,326,modular,8,v,img/target_5.png
10,327,modular,6,q,img/target_1.png
10,328,modular,8,v,img/target_5.png
10,329,modular,9,o,img/target_9.png
10,330,modular,7,p,img/target_10.png
10,331,modular,8,v,img/target_5.png
10,332,modular,7,p,img/target_10.png
10,333,modular,9,o,img/target_9.png
10,334,modular,7,p,img/target_10.png
10,335,modular,5,r,img/target_4.png
10,336,modular,7,p,img/target_10.png
10,337,modular,8,v,img/target_5.png
10,338,modular,7,p,img/target_10.png
10,339,modular,5,r,img/target_4.png
10,340,modular,4,e,img/target_3.png
10,341,modular,1,i,img/target_8.png
10,342,modular,2,w,img/target_2.png
10,343,modular,0,u,img/target_7.png
10,344,modular,2,w,img/target_2.png
10,345,modular,4,e,img/target_3.png
10,346,modular,2,w,img/target_2.png
10,347,modular,3,b,img/target_6.png
10,348,modular,1,i,img/target_8.png
10,349,modular,3,b,img/target_6.png
10,350,modular,2,w,img/target_2.png
10,351,modular,0,u,img/target_7.png
10,352,modular,9,o,img/target_9.png
10,353,modular,6,q,img/target_1.png
10,354,modular,9,o,img/target_9.png
10,355,modular,6,q,img/target_1.png
10,356,modular,5,r,img/target_4.png
10,357,modular,4,e,img/target_3.png
10,358,modular,2,w,img/target_2.png
10,359,modular,1,i,img/target_8.png
10,360,modular,2,w,img/target_2.png
10,361,modular,4,e,img/target_3.png
10,362,modular,1,i,img/target_8.png
10,363,modular,0,u,img/target_7.png
10,364,modular,1,i,img/target_8.png
10,365,modular,4,e,img/target_3.png
10,366,modular,3,b,img/target_6.png
10,367,modular,2,w,img/target_2.png
10,368,modular,1,i,img/target_8.png
10,369,modular,4,e,img/target_3.png
10,370,modular,1,i,img/target_8.png
10,371,modular,2,w,img/target_2.png
10,372,modular,0,u,img/target_7.png
10,373,modular,9,o,img/target_9.png
10,374,modular,6,q,img/target_1.png
10,375,modular,5,r,img/target_4.png
10,376,modular,7,p,img/target_10.png
10,377,modular,6,q,img/target_1.png
10,378,modular,9,o,img/target_9.png
10,379,modular,0,u,img/target_7.png
10,380,modular,3,b,img/target_6.png
10,381,modular,1,i,img/target_8.png
10,382,modular,4,e,img/target_3.png
10,383,modular,5,r,img/target_4.png
10,384,modular,6,q,img/target_1.png
10,385,modular,9,o,img/target_9.png
10,386,modular,8,v,img/target_5.png
10,387,modular,6,q,img/target_1.png
10,388,modular,5,r,img/target_4.png
10,389,modular,4,e,img/target_3.png
10,390,modular,3,b,img/target_6.png
10,391,modular,0,u,img/target_7.png
10,392,modular,2,w,img/target_2.png
10,393,modular,1,i,img/target_8.png
10,394,modular,2,w,img/target_2.png
10,395,modular,4,e,img/target_3.png
10,396,modular,2,w,img/target_2.png
10,397,modular,4,e,img/target_3.png
10,398,modular,1,i,img/target_8.png
10,399,modular,0,u,img/target_7.png
10,400,modular,9,o,img/target_9.png
10,401,modular,0,u,img/target_7.png
10,402,modular,2,w,img/target_2.png
10,403,modular,4,e,img/target_3.png
10,404,modular,3,b,img/target_6.png
10,405,modular,2,w,img/target_2.png
10,406,modular,4,e,img/target_3.png
10,407,modular,5,r,img/target_4.png
10,408,modular,7,p,img/target_10.png
10,409,modular,6,q,img/target_1.png
10,410,modular,9,o,img/target_9.png
10,411,modular,0,u,img/target_7.png
10,412,modular,1,i,img/target_8.png
10,413,modular,3,b,img/target_6.png
10,414,modular,4,e,img/target_3.png
10,415,modular,5,r,img/target_4.png
10,416,modular,7,p,img/target_10.png
10,417,modular,5,r,img/target_4.png
10,418,modular,6,q,img/target_1.png
10,419,modular,8,v,img/target_5.png
10,420,modular,6,q,img/target_1.png
10,421,modular,5,r,img/target_4.png
10,422,modular,7,p,img/target_10.png
10,423,modular,8,v,img/target_5.png
10,424,modular,5,r,img/target_4.png
10,425,modular,7,p,img/target_10.png
10,426,modular,6,q,img/target_1.png
10,427,modular,7,p,img/target_10.png
10,428,modular,8,v,img/target_5.png
10,429,modular,6,q,img/target_1.png
10,430,modular,8,v,img/target_5.png
10,431,modular,7,p,img/target_10.png
10,432,modular,5,r,img/target_4.png
10,433,modular,6,q,img/target_1.png
10,434,modular,9,o,img/target_9.png
10,435,modular,8,v,img/target_5.png
10,436,modular,5,r,img/target_4.png
10,437,modular,4,e,img/target_3.png
10,438,modular,3,b,img/target_6.png
10,439,modular,2,w,img/target_2.png
10,440,modular,1,i,img/target_8.png
10,441,modular,0,u,img/target_7.png
10,442,modular,2,w,img/target_2.png
10,443,modular,1,i,img/target_8.png
10,444,modular,0,u,img/target_7.png
10,445,modular,9,o,img/target_9.png
10,446,modular,8,v,img/target_5.png
10,447,modular,9,o,img/target_9.png
10,448,modular,0,u,img/target_7.png
10,449,modular,9,o,img/target_9.png
10,450,modular,6,q,img/target_1.png
10,451,modular,9,o,img/target_9.png
10,452,modular,6,q,img/target_1.png
10,453,modular,8,v,img/target_5.png
10,454,modular,6,q,img/target_1.png
10,455,modular,9,o,img/target_9.png
10,456,modular,7,p,img/target_10.png
10,457,modular,9,o,img/target_9.png
10,458,modular,6,q,img/target_1.png
10,459,modular,5,r,img/target_4.png
10,460,modular,4,e,img/target_3.png
10,461,modular,5,r,img/target_4.png
10,462,modular,8,v,img/target_5.png
10,463,modular,5,r,img/target_4.png
10,464,modular,4,e,img/target_3.png
10,465,modular,1,i,img/target_8.png
10,466,modular,0,u,img/target_7.png
10,467,modular,1,i,img/target_8.png
10,468,modular,2,w,img/target_2.png
10,469,modular,4,e,img/target_3.png
10,470,modular,5,r,img/target_4.png
10,471,modular,7,p,img/target_10.png
10,472,modular,5,r,img/target_4.png
10,473,modular,6,q,img/target_1.png
10,474,modular,9,o,img/target_9.png
10,475,modular,7,p,img/target_10.png
10,476,modular,5,r,img/target_4.png
10,477,modular,8,v,img/target_5.png
10,478,modular,6,q,img/target_1.png
10,479,modular,5,r,img/target_4.png
10,480,modular,4,e,img/target_3.png
10,481,modular,1,i,img/target_8.png
10,482,modular,0,u,img/target_7.png
10,483,modular,2,w,img/target_2.png
10,484,modular,3,b,img/target_6.png
10,485,modular,2,w,img/target_2.png
10,486,modular,3,b,img/target_6.png
10,487,modular,0,u,img/target_7.png
10,488,modular,1,i,img/target_8.png
10,489,modular,0,u,img/target_7.png
10,490,modular,9,o,img/target_9.png
10,491,modular,8,v,img/target_5.png
10,492,modular,7,p,img/target_10.png
10,493,modular,5,r,img/target_4.png
10,494,modular,4,e,img/target_3.png
10,495,modular,3,b,img/target_6.png
10,496,modular,0,u,img/target_7.png
10,497,modular,3,b,img/target_6.png
10,498,modular,0,u,img/target_7.png
10,499,modular,3,b,img/target_6.png
10,500,modular,4,e,img/target_3.png
10,501,modular,3,b,img/target_6.png
10,502,modular,0,u,img/target_7.png
10,503,modular,2,w,img/target_2.png
10,504,modular,4,e,img/target_3.png
10,505,modular,5,r,img/target_4.png
10,506,modular,6,q,img/target_1.png
10,507,modular,9,o,img/target_9.png
10,508,modular,6,q,img/target_1.png
10,509,modular,8,v,img/target_5.png
10,510,modular,5,r,img/target_4.png
10,511,modular,8,v,img/target_5.png
10,512,modular,7,p,img/target_10.png
10,513,modular,6,q,img/target_1.png
10,514,modular,8,v,img/target_5.png
10,515,modular,7,p,img/target_10.png
10,516,modular,6,q,img/target_1.png
10,517,modular,8,v,img/target_5.png
10,518,modular,7,p,img/target_10.png
10,519,modular,8,v,img/target_5.png
10,520,modular,7,p,img/target_10.png
10,521,modular,5,r,img/target_4.png
10,522,modular,4,e,img/target_3.png
10,523,modular,1,i,img/target_8.png
10,524,modular,4,e,img/target_3.png
10,525,modular,5,r,img/target_4.png
10,526,modular,6,q,img/target_1.png
10,527,modular,9,o,img/target_9.png
10,528,modular,6,q,img/target_1.png
10,529,modular,7,p,img/target_10.png
10,530,modular,6,q,img/target_1.png
10,531,modular,9,o,img/target_9.png
10,532,modular,0,u,img/target_7.png
10,533,modular,1,i,img/target_8.png
10,534,modular,3,b,img/target_6.png
10,535,modular,2,w,img/target_2.png
10,536,modular,3,b,img/target_6.png
10,537,modular,0,u,img/target_7.png
10,538,modular,9,o,img/target_9.png
10,539,modular,6,q,img/target_1.png
10,540,modular,9,o,img/target_9.png
10,541,modular,6,q,img/target_1.png
10,542,modular,7,p,img/target_10.png
10,543,modular,9,o,img/target_9.png
10,544,modular,8,v,img/target_5.png
10,545,modular,9,o,img/target_9.png
10,546,modular,7,p,img/target_10.png
10,547,modular,5,r,img/target_4.png
10,548,modular,4,e,img/target_3.png
10,549,modular,5,r,img/target_4.png
10,550,modular,7,p,img/target_10.png
10,551,modular,9,o,img/target_9.png
10,552,modular,6,q,img/target_1.png
10,553,modular,9,o,img/target_9.png
10,554,modular,8,v,img/target_5.png
10,555,modular,7,p,img/target_10.png
10,556,modular,9,o,img/target_9.png
10,557,modular,7,p,img/target_10.png
10,558,modular,9,o,img/target_9.png
10,559,modular,8,v,img/target_5.png
10,560,modular,5,r,img/target_4.png
10,561,modular,4,e,img/target_3.png
10,562,modular,5,r,img/target_4.png
10,563,modular,7,p,img/target_10.png
10,564,modular,9,o,img/target_9.png
10,565,modular,6,q,img/target_1.png
10,566,modular,8,v,img/target_5.png
10,567,modular,9,o,img/target_9.png
10,568,modular,8,v,img/target_5.png
10,569,modular,5,r,img/target_4.png
10,570,modular,7,p,img/target_10.png
10,571,modular,5,r,img/target_4.png
10,572,modular,6,q,img/target_1.png
10,573,modular,7,p,img/target_10.png
10,574,modular,9,o,img/target_9.png
10,575,modular,0,u,img/target_7.png
10,576,modular,3,b,img/target_6.png
10,577,modular,2,w,img/target_2.png
10,578,modular,3,b,img/target_6.png
10,579,modular,0,u,img/target_7.png
10,580,modular,9,o,img/target_9.png
10,581,modular,7,p,img/target_10.png
10,582,modular,6,q,img/target_1.png
10,583,modular,7,p,img/target_10.png
10,584,modular,6,q,img/target_1.png
10,585,modular,8,v,img/target_5.png
10,586,modular,6,q,img/target_1.png
10,587,modular,9,o,img/target_9.png
10,588,modular,6,q,img/target_1.png
10,589,modular,5,r,img/target_4.png
10,590,modular,6,q,img/target_1.png
10,591,modular,9,o,img/target_9.png
10,592,modular,8,v,img/target_5.png
10,593,modular,5,r,img/target_4.png
10,594,modular,8,v,img/target_5.png
10,595,modular,5,r,img/target_4.png
10,596,modular,6,q,img/target_1.png
10,597,modular,7,p,img/target_10.png
10,598,modular,5,r,img/target_4.png
10,599,modular,7,p,img/target_10.png
10,600,modular,9,o,img/target_9.png
10,601,modular,0,u,img/target_7.png
10,602,modular,1,i,img/target_8.png
10,603,modular,3,b,img/target_6.png
10,604,modular,0,u,img/target_7.png
10,605,modular,3,b,img/target_6.png
10,606,modular,0,u,img/target_7.png
10,607,modular,2,w,img/target_2.png
10,608,modular,1,i,img/target_8.png
10,609,modular,0,u,img/target_7.png
10,610,modular,1,i,img/target_8.png
10,611,modular,3,b,img/target_6.png
10,612,modular,1,i,img/target_8.png
10,613,modular,3,b,img/target_6.png
10,614,modular,4,e,img/target_3.png
10,615,modular,5,r,img/target_4.png
10,616,modular,7,p,img/target_10.png
10,617,modular,8,v,img/target_5.png
10,618,modular,7,p,img/target_10.png
10,619,modular,8,v,img/target_5.png
10,620,modular,5,r,img/target_4.png
10,621,modular,6,q,img/target_1.png
10,622,modular,7,p,img/target_10.png
10,623,modular,6,q,img/target_1.png
10,624,modular,5,r,img/target_4.png
10,625,modular,4,e,img/target_3.png
10,626,modular,1,i,img/target_8.png
10,627,modular,4,e,img/target_3.png
10,628,modular,3,b,img/target_6.png
10,629,modular,0,u,img/target_7.png
10,630,modular,1,i,img/target_8.png
10,631,modular,4,e,img/target_3.png
10,632,modular,1,i,img/target_8.png
10,633,modular,4,e,img/target_3.png
10,634,modular,5,r,img/target_4.png
10,635,modular,4,e,img/target_3.png
10,636,modular,1,i,img/target_8.png
10,637,modular,2,w,img/target_2.png
10,638,modular,3,b,img/target_6.png
10,639,modular,4,e,img/target_3.png
10,640,modular,1,i,img/target_8.png
10,641,modular,4,e,img/target_3.png
10,642,modular,2,w,img/target_2.png
10,643,modular,0,u,img/target_7.png
10,644,modular,3,b,img/target_6.png
10,645,modular,2,w,img/target_2.png
10,646,modular,3,b,img/target_6.png
10,647,modular,1,i,img/target_8.png
10,648,modular,3,b,img/target_6.png
10,649,modular,2,w,img/target_2.png
10,650,modular,4,e,img/target_3.png
10,651,modular,1,i,img/target_8.png
10,652,modular,4,e,img/target_3.png
10,653,modular,2,w,img/target_2.png
10,654,modular,1,i,img/target_8.png
10,655,modular,0,u,img/target_7.png
10,656,modular,1,i,img/target_8.png
10,657,modular,4,e,img/target_3.png
10,658,modular,2,w,img/target_2.png
10,659,modular,3,b,img/target_6.png
10,660,modular,2,w,img/target_2.png
10,661,modular,4,e,img/target_3.png
10,662,modular,5,r,img/target_4.png
10,663,modular,6,q,img/target_1.png
10,664,modular,8,v,img/target_5.png
10,665,modular,9,o,img/target_9.png
10,666,modular,0,u,img/target_7.png
10,667,modular,2,w,img/target_2.png
10,668,modular,0,u,img/target_7.png
10,669,modular,9,o,img/target_9.png
10,670,modular,0,u,img/target_7.png
10,671,modular,1,i,img/target_8.png
10,672,modular,3,b,img/target_6.png
10,673,modular,0,u,img/target_7.png
10,674,modular,3,b,img/target_6.png
10,675,modular,2,w,img/target_2.png
10,676,modular,3,b,img/target_6.png
10,677,modular,0,u,img/target_7.png
10,678,modular,1,i,img/target_8.png
10,679,modular,0,u,img/target_7.png
10,680,modular,9,o,img/target_9.png
10,681,modular,6,q,img/target_1.png
10,682,modular,5,r,img/target_4.png
10,683,modular,4,e,img/target_3.png
10,684,modular,3,b,img/target_6.png
10,685,modular,2,w,img/target_2.png
10,686,modular,3,b,img/target_6.png
10,687,modular,0,u,img/target_7.png
10,688,modular,9,o,img/target_9.png
10,689,modular,7,p,img/target_10.png
10,690,modular,6,q,img/target_1.png
10,691,modular,8,v,img/target_5.png
10,692,modular,9,o,img/target_9.png
10,693,modular,0,u,img/target_7.png
10,694,modular,3,b,img/target_6.png
10,695,modular,1,i,img/target_8.png
10,696,modular,2,w,img/target_2.png
10,697,modular,4,e,img/target_3.png
10,698,modular,3,b,img/target_6.png
10,699,modular,2,w,img/target_2.png
10,700,modular,3,b,img/target_6.png
10,701,modular,0,u,img/target_7.png
10,702,modular,2,w,img/target_2.png
10,703,modular,3,b,img/target_6.png
10,704,modular,0,u,img/target_7.png
10,705,modular,9,o,img/target_9.png
10,706,modular,6,q,img/target_1.png
10,707,modular,8,v,img/target_5.png
10,708,modular,5,r,img/target_4.png
10,709,modular,7,p,img/target_10.png
10,710,modular,6,q,img/target_1.png
10,711,modular,5,r,img/target_4.png
10,712,modular,6,q,img/target_1.png
10,713,modular,8,v,img/target_5.png
10,714,modular,6,q,img/target_1.png
10,715,modular,5,r,img/target_4.png
10,716,modular,8,v,img/target_5.png
10,717,modular,6,q,img/target_1.png
10,718,modular,7,p,img/target_10.png
10,719,modular,9,o,img/target_9.png
10,720,modular,8,v,img/target_5.png
10,721,modular,5,r,img/target_4.png
10,722,modular,6,q,img/target_1.png
10,723,modular,7,p,img/target_10.png
10,724,modular,5,r,img/target_4.png
10,725,modular,4,e,img/target_3.png
10,726,modular,2,w,img/target_2.png
10,727,modular,0,u,img/target_7.png
10,728,modular,2,w,img/target_2.png
10,729,modular,4,e,img/target_3.png
10,730,modular,1,i,img/target_8.png
10,731,modular,4,e,img/target_3.png
10,732,modular,2,w,img/target_2.png
10,733,modular,0,u,img/target_7.png
10,734,modular,2,w,img/target_2.png
10,735,modular,3,b,img/target_6.png
10,736,modular,4,e,img/target_3.png
10,737,modular,5,r,img/target_4.png
10,738,modular,6,q,img/target_1.png
10,739,modular,5,r,img/target_4.png
10,740,modular,4,e,img/target_3.png
10,741,modular,3,b,img/target_6.png
10,742,modular,0,u,img/target_7.png
10,743,modular,1,i,img/target_8.png
10,744,modular,4,e,img/target_3.png
10,745,modular,3,b,img/target_6.png
10,746,modular,2,w,img/target_2.png
10,747,modular,0,u,img/target_7.png
10,748,modular,2,w,img/target_2.png
10,749,modular,4,e,img/target_3.png
10,750,modular,2,w,img/target_2.png
10,751,modular,0,u,img/target_7.png
10,752,modular,2,w,img/target_2.png
10,753,modular,3,b,img/target_6.png
10,754,modular,2,w,img/target_2.png
10,755,modular,1,i,img/target_8.png
10,756,modular,0,u,img/target_7.png
10,757,modular,1,i,img/target_8.png
10,758,modular,0,u,img/target_7.png
10,759,modular,1,i,img/target_8.png
10,760,modular,2,w,img/target_2.png
10,761,modular,4,e,img/target_3.png
10,762,modular,3,b,img/target_6.png
10,763,modular,2,w,img/target_2.png
10,764,modular,0,u,img/target_7.png
10,765,modular,9,o,img/target_9.png
10,766,modular,6,q,img/target_1.png
10,767,modular,9,o,img/target_9.png
10,768,modular,8,v,img/target_5.png
10,769,modular,9,o,img/target_9.png
10,770,modular,0,u,img/target_7.png
10,771,modular,2,w,img/target_2.png
10,772,modular,0,u,img/target_7.png
10,773,modular,3,b,img/target_6.png
10,774,modular,2,w,img/target_2.png
10,775,modular,0,u,img/target_7.png
10,776,modular,3,b,img/target_6.png
10,777,modular,1,i,img/target_8.png
10,778,modular,4,e,img/target_3.png
10,779,modular,2,w,img/target_2.png
10,780,modular,1,i,img/target_8.png
10,781,modular,3,b,img/target_6.png
10,782,modular,2,w,img/target_2.png
10,783,modular,1,i,img/target_8.png
10,784,modular,2,w,img/target_2.png
10,785,modular,0,u,img/target_7.png
10,786,modular,9,o,img/target_9.png
10,787,modular,0,u,img/target_7.png
10,788,modular,2,w,img/target_2.png
10,789,modular,0,u,img/target_7.png
10,790,modular,9,o,img/target_9.png
10,791,modular,7,p,img/target_10.png
10,792,modular,5,r,img/target_4.png
10,793,modular,7,p,img/target_10.png
10,794,modular,6,q,img/target_1.png
10,795,modular,9,o,img/target_9.png
10,796,modular,6,q,img/target_1.png
10,797,modular,7,p,img/target_10.png
10,798,modular,8,v,img/target_5.png
10,799,modular,9,o,img/target_9.png
10,800,modular,0,u,img/target_7.png
10,801,modular,9,o,img/target_9.png
10,802,modular,6,q,img/target_1.png
10,803,modular,5,r,img/target_4.png
10,804,modular,8,v,img/target_5.png
10,805,modular,5,r,img/target_4.png
10,806,modular,8,v,img/target_5.png
10,807,modular,9,o,img/target_9.png
10,808,modular,7,p,img/target_10.png
10,809,modular,5,r,img/target_4.png
10,810,modular,4,e,img/target_3.png
10,811,modular,5,r,img/target_4.png
10,812,modular,7,p,img/target_10.png
10,813,modular,6,q,img/target_1.png
10,814,modular,8,v,img/target_5.png
10,815,modular,7,p,img/target_10.png
10,816,modular,9,o,img/target_9.png
10,817,modular,7,p,img/target_10.png
10,818,modular,6,q,img/target_1.png
10,819,modular,5,r,img/target_4.png
10,820,modular,7,p,img/target_10.png
10,821,modular,5,r,img/target_4.png
10,822,modular,4,e,img/target_3.png
10,823,modular,1,i,img/target_8.png
10,824,modular,3,b,img/target_6.png
10,825,modular,0,u,img/target_7.png
10,826,modular,9,o,img/target_9.png
10,827,modular,8,v,img/target_5.png
10,828,modular,7,p,img/target_10.png
10,829,modular,5,r,img/target_4.png
10,830,modular,6,q,img/target_1.png
10,831,modular,9,o,img/target_9.png
10,832,modular,8,v,img/target_5.png
10,833,modular,6,q,img/target_1.png
10,834,modular,8,v,img/target_5.png
10,835,modular,9,o,img/target_9.png
10,836,modular,6,q,img/target_1.png
10,837,modular,8,v,img/target_5.png
10,838,modular,5,r,img/target_4.png
10,839,modular,7,p,img/target_10.png
10,840,modular,6,q,img/target_1.png
10,841,modular,9,o,img/target_9.png
10,842,modular,8,v,img/target_5.png
10,843,modular,7,p,img/target_10.png
10,844,modular,9,o,img/target_9.png
10,845,modular,8,v,img/target_5.png
10,846,modular,6,q,img/target_1.png
10,847,modular,5,r,img/target_4.png
10,848,modular,8,v,img/target_5.png
10,849,modular,5,r,img/target_4.png
10,850,modular,6,q,img/target_1.png
10,851,modular,5,r,img/target_4.png
10,852,modular,7,p,img/target_10.png
10,853,modular,8,v,img/target_5.png
10,854,modular,9,o,img/target_9.png
10,855,modular,8,v,img/target_5.png
10,856,modular,6,q,img/target_1.png
10,857,modular,8,v,img/target_5.png
10,858,modular,5,r,img/target_4.png
10,859,modular,7,p,img/target_10.png
10,860,modular,5,r,img/target_4.png
10,861,modular,7,p,img/target_10.png
10,862,modular,9,o,img/target_9.png
10,863,modular,6,q,img/target_1.png
10,864,modular,7,p,img/target_10.png
10,865,modular,9,o,img/target_9.png
10,866,modular,7,p,img/target_10.png
10,867,modular,5,r,img/target_4.png
10,868,modular,8,v,img/target_5.png
10,869,modular,7,p,img/target_10.png
10,870,modular,6,q,img/target_1.png
10,871,modular,7,p,img/target_10.png
10,872,modular,6,q,img/target_1.png
10,873,modular,5,r,img/target_4.png
10,874,modular,7,p,img/target_10.png
10,875,modular,5,r,img/target_4.png
10,876,modular,6,q,img/target_1.png
10,877,modular,8,v,img/target_5.png
10,878,modular,5,r,img/target_4.png
10,879,modular,8,v,img/target_5.png
10,880,modular,9,o,img/target_9.png
10,881,modular,7,p,img/target_10.png
10,882,modular,6,q,img/target_1.png
10,883,modular,8,v,img/target_5.png
10,884,modular,7,p,img/target_10.png
10,885,modular,8,v,img/target_5.png
10,886,modular,7,p,img/target_10.png
10,887,modular,9,o,img/target_9.png
10,888,modular,7,p,img/target_10.png
10,889,modular,8,v,img/target_5.png
10,890,modular,9,o,img/target_9.png
10,891,modular,7,p,img/target_10.png
10,892,modular,9,o,img/target_9.png
10,893,modular,8,v,img/target_5.png
10,894,modular,9,o,img/target_9.png
10,895,modular,6,q,img/target_1.png
10,896,modular,5,r,img/target_4.png
10,897,modular,8,v,img/target_5.png
10,898,modular,5,r,img/target_4.png
10,899,modular,4,e,img/target_3.png
10,900,modular,3,b,img/target_6.png
10,901,modular,1,i,img/target_8.png
10,902,modular,3,b,img/target_6.png
10,903,modular,4,e,img/target_3.png
10,904,modular,1,i,img/target_8.png
10,905,modular,2,w,img/target_2.png
10,906,modular,0,u,img/target_7.png
10,907,modular,9,o,img/target_9.png
10,908,modular,6,q,img/target_1.png
10,909,modular,7,p,img/target_10.png
10,910,modular,6,q,img/target_1.png
10,911,modular,8,v,img/target_5.png
10,912,modular,7,p,img/target_10.png
10,913,modular,6,q,img/target_1.png
10,914,modular,8,v,img/target_5.png
10,915,modular,7,p,img/target_10.png
10,916,modular,6,q,img/target_1.png
10,917,modular,9,o,img/target_9.png
10,918,modular,6,q,img/target_1.png
10,919,modular,7,p,img/target_10.png
10,920,modular,6,q,img/target_1.png
10,921,modular,8,v,img/target_5.png
10,922,modular,6,q,img/target_1.png
10,923,modular,7,p,img/target_10.png
10,924,modular,6,q,img/target_1.png
10,925,modular,9,o,img/target_9.png
10,926,modular,8,v,img/target_5.png
10,927,modular,7,p,img/target_10.png
10,928,modular,8,v,img/target_5.png
10,929,modular,9,o,img/target_9.png
10,930,modular,8,v,img/target_5.png
10,931,modular,5,r,img/target_4.png
10,932,modular,8,v,img/target_5.png
10,933,modular,5,r,img/target_4.png
10,934,modular,6,q,img/target_1.png
10,935,modular,8,v,img/target_5.png
10,936,modular,5,r,img/target_4.png
10,937,modular,7,p,img/target_10.png
10,938,modular,9,o,img/target_9.png
10,939,modular,0,u,img/target_7.png
10,940,modular,1,i,img/target_8.png
10,941,modular,4,e,img/target_3.png
10,942,modular,3,b,img/target_6.png
10,943,modular,1,i,img/target_8.png
10,944,modular,3,b,img/target_6.png
10,945,modular,2,w,img/target_2.png
10,946,modular,0,u,img/target_7.png
10,947,modular,1,i,img/target_8.png
10,948,modular,2,w,img/target_2.png
10,949,modular,4,e,img/target_3.png
10,950,modular,5,r,img/target_4.png
10,951,modular,7,p,img/target_10.png
10,952,modular,8,v,img/target_5.png
10,953,modular,9,o,img/target_9.png
10,954,modular,7,p,img/target_10.png
10,955,modular,8,v,img/target_5.png
10,956,modular,9,o,img/target_9.png
10,957,modular,8,v,img/target_5.png
10,958,modular,5,r,img/target_4.png
10,959,modular,7,p,img/target_10.png
10,960,modular,5,r,img/target_4.png
10,961,modular,7,p,img/target_10.png
10,962,modular,6,q,img/target_1.png
10,963,modular,5,r,img/target_4.png
10,964,modular,8,v,img/target_5.png
10,965,modular,9,o,img/target_9.png
10,966,modular,0,u,img/target_7.png
10,967,modular,2,w,img/target_2.png
10,968,modular,1,i,img/target_8.png
10,969,modular,0,u,img/target_7.png
10,970,modular,1,i,img/target_8.png
10,971,modular,3,b,img/target_6.png
10,972,modular,2,w,img/target_2.png
10,973,modular,3,b,img/target_6.png
10,974,modular,2,w,img/target_2.png
10,975,modular,4,e,img/target_3.png
10,976,modular,5,r,img/target_4.png
10,977,modular,6,q,img/target_1.png
10,978,modular,9,o,img/target_9.png
10,979,modular,0,u,img/target_7.png
10,980,modular,1,i,img/target_8.png
10,981,modular,4,e,img/target_3.png
10,982,modular,1,i,img/target_8.png
10,983,modular,3,b,img/target_6.png
10,984,modular,1,i,img/target_8.png
10,985,modular,4,e,img/target_3.png
10,986,modular,1,i,img/target_8.png
10,987,modular,0,u,img/target_7.png
10,988,modular,3,b,img/target_6.png
10,989,modular,1,i,img/target_8.png
10,990,modular,3,b,img/target_6.png
10,991,modular,1,i,img/target_8.png
10,992,modular,3,b,img/target_6.png
10,993,modular,4,e,img/target_3.png
10,994,modular,1,i,img/target_8.png
10,995,modular,0,u,img/target_7.png
10,996,modular,2,w,img/target_2.png
10,997,modular,3,b,img/target_6.png
10,998,modular,0,u,img/target_7.png
10,999,modular,9,o,img/target_9.png
10,1000,modular,6,q,img/target_1.png
