pID,sess,trialNum,graph,walk,resp,path
23,3,1,lattice,4,w,img/target_2.png
23,3,2,lattice,5,v,img/target_5.png
23,3,3,lattice,6,u,img/target_7.png
23,3,4,lattice,4,w,img/target_2.png
23,3,5,lattice,5,v,img/target_5.png
23,3,6,lattice,3,p,img/target_10.png
23,3,7,lattice,5,v,img/target_5.png
23,3,8,lattice,7,r,img/target_4.png
23,3,9,lattice,6,u,img/target_7.png
23,3,10,lattice,7,r,img/target_4.png
23,3,11,lattice,5,v,img/target_5.png
23,3,12,lattice,4,w,img/target_2.png
23,3,13,lattice,2,e,img/target_3.png
23,3,14,lattice,4,w,img/target_2.png
23,3,15,lattice,5,v,img/target_5.png
23,3,16,lattice,7,r,img/target_4.png
23,3,17,lattice,5,v,img/target_5.png
23,3,18,lattice,6,u,img/target_7.png
23,3,19,lattice,7,r,img/target_4.png
23,3,20,lattice,5,v,img/target_5.png
23,3,21,lattice,7,r,img/target_4.png
23,3,22,lattice,8,i,img/target_8.png
23,3,23,lattice,7,r,img/target_4.png
23,3,24,lattice,5,v,img/target_5.png
23,3,25,lattice,3,p,img/target_10.png
23,3,26,lattice,1,b,img/target_6.png
23,3,27,lattice,9,o,img/target_9.png
23,3,28,lattice,7,r,img/target_4.png
23,3,29,lattice,6,u,img/target_7.png
23,3,30,lattice,4,w,img/target_2.png
23,3,31,lattice,5,v,img/target_5.png
23,3,32,lattice,6,u,img/target_7.png
23,3,33,lattice,4,w,img/target_2.png
23,3,34,lattice,2,e,img/target_3.png
23,3,35,lattice,4,w,img/target_2.png
23,3,36,lattice,5,v,img/target_5.png
23,3,37,lattice,4,w,img/target_2.png
23,3,38,lattice,3,p,img/target_10.png
23,3,39,lattice,2,e,img/target_3.png
23,3,40,lattice,4,w,img/target_2.png
23,3,41,lattice,2,e,img/target_3.png
23,3,42,lattice,0,q,img/target_1.png
23,3,43,lattice,9,o,img/target_9.png
23,3,44,lattice,8,i,img/target_8.png
23,3,45,lattice,6,u,img/target_7.png
23,3,46,lattice,8,i,img/target_8.png
23,3,47,lattice,7,r,img/target_4.png
23,3,48,lattice,9,o,img/target_9.png
23,3,49,lattice,7,r,img/target_4.png
23,3,50,lattice,5,v,img/target_5.png
23,3,51,lattice,6,u,img/target_7.png
23,3,52,lattice,8,i,img/target_8.png
23,3,53,lattice,0,q,img/target_1.png
23,3,54,lattice,9,o,img/target_9.png
23,3,55,lattice,1,b,img/target_6.png
23,3,56,lattice,9,o,img/target_9.png
23,3,57,lattice,0,q,img/target_1.png
23,3,58,lattice,9,o,img/target_9.png
23,3,59,lattice,7,r,img/target_4.png
23,3,60,lattice,9,o,img/target_9.png
23,3,61,lattice,7,r,img/target_4.png
23,3,62,lattice,5,v,img/target_5.png
23,3,63,lattice,3,p,img/target_10.png
23,3,64,lattice,1,b,img/target_6.png
23,3,65,lattice,2,e,img/target_3.png
23,3,66,lattice,0,q,img/target_1.png
23,3,67,lattice,9,o,img/target_9.png
23,3,68,lattice,8,i,img/target_8.png
23,3,69,lattice,6,u,img/target_7.png
23,3,70,lattice,7,r,img/target_4.png
23,3,71,lattice,6,u,img/target_7.png
23,3,72,lattice,8,i,img/target_8.png
23,3,73,lattice,0,q,img/target_1.png
23,3,74,lattice,8,i,img/target_8.png
23,3,75,lattice,0,q,img/target_1.png
23,3,76,lattice,1,b,img/target_6.png
23,3,77,lattice,2,e,img/target_3.png
23,3,78,lattice,0,q,img/target_1.png
23,3,79,lattice,9,o,img/target_9.png
23,3,80,lattice,7,r,img/target_4.png
23,3,81,lattice,5,v,img/target_5.png
23,3,82,lattice,4,w,img/target_2.png
23,3,83,lattice,6,u,img/target_7.png
23,3,84,lattice,5,v,img/target_5.png
23,3,85,lattice,4,w,img/target_2.png
23,3,86,lattice,2,e,img/target_3.png
23,3,87,lattice,3,p,img/target_10.png
23,3,88,lattice,2,e,img/target_3.png
23,3,89,lattice,0,q,img/target_1.png
23,3,90,lattice,9,o,img/target_9.png
23,3,91,lattice,7,r,img/target_4.png
23,3,92,lattice,8,i,img/target_8.png
23,3,93,lattice,9,o,img/target_9.png
23,3,94,lattice,1,b,img/target_6.png
23,3,95,lattice,2,e,img/target_3.png
23,3,96,lattice,3,p,img/target_10.png
23,3,97,lattice,1,b,img/target_6.png
23,3,98,lattice,2,e,img/target_3.png
23,3,99,lattice,1,b,img/target_6.png
23,3,100,lattice,0,q,img/target_1.png
23,3,101,lattice,9,o,img/target_9.png
23,3,102,lattice,1,b,img/target_6.png
23,3,103,lattice,0,q,img/target_1.png
23,3,104,lattice,8,i,img/target_8.png
23,3,105,lattice,7,r,img/target_4.png
23,3,106,lattice,8,i,img/target_8.png
23,3,107,lattice,6,u,img/target_7.png
23,3,108,lattice,4,w,img/target_2.png
23,3,109,lattice,2,e,img/target_3.png
23,3,110,lattice,4,w,img/target_2.png
23,3,111,lattice,6,u,img/target_7.png
23,3,112,lattice,7,r,img/target_4.png
23,3,113,lattice,6,u,img/target_7.png
23,3,114,lattice,4,w,img/target_2.png
23,3,115,lattice,2,e,img/target_3.png
23,3,116,lattice,4,w,img/target_2.png
23,3,117,lattice,3,p,img/target_10.png
23,3,118,lattice,1,b,img/target_6.png
23,3,119,lattice,9,o,img/target_9.png
23,3,120,lattice,0,q,img/target_1.png
23,3,121,lattice,8,i,img/target_8.png
23,3,122,lattice,7,r,img/target_4.png
23,3,123,lattice,5,v,img/target_5.png
23,3,124,lattice,6,u,img/target_7.png
23,3,125,lattice,8,i,img/target_8.png
23,3,126,lattice,9,o,img/target_9.png
23,3,127,lattice,1,b,img/target_6.png
23,3,128,lattice,0,q,img/target_1.png
23,3,129,lattice,8,i,img/target_8.png
23,3,130,lattice,9,o,img/target_9.png
23,3,131,lattice,7,r,img/target_4.png
23,3,132,lattice,9,o,img/target_9.png
23,3,133,lattice,7,r,img/target_4.png
23,3,134,lattice,6,u,img/target_7.png
23,3,135,lattice,7,r,img/target_4.png
23,3,136,lattice,6,u,img/target_7.png
23,3,137,lattice,7,r,img/target_4.png
23,3,138,lattice,5,v,img/target_5.png
23,3,139,lattice,7,r,img/target_4.png
23,3,140,lattice,9,o,img/target_9.png
23,3,141,lattice,0,q,img/target_1.png
23,3,142,lattice,1,b,img/target_6.png
23,3,143,lattice,9,o,img/target_9.png
23,3,144,lattice,1,b,img/target_6.png
23,3,145,lattice,0,q,img/target_1.png
23,3,146,lattice,9,o,img/target_9.png
23,3,147,lattice,7,r,img/target_4.png
23,3,148,lattice,6,u,img/target_7.png
23,3,149,lattice,4,w,img/target_2.png
23,3,150,lattice,2,e,img/target_3.png
23,3,151,lattice,3,p,img/target_10.png
23,3,152,lattice,4,w,img/target_2.png
23,3,153,lattice,2,e,img/target_3.png
23,3,154,lattice,4,w,img/target_2.png
23,3,155,lattice,5,v,img/target_5.png
23,3,156,lattice,4,w,img/target_2.png
23,3,157,lattice,5,v,img/target_5.png
23,3,158,lattice,3,p,img/target_10.png
23,3,159,lattice,5,v,img/target_5.png
23,3,160,lattice,6,u,img/target_7.png
23,3,161,lattice,4,w,img/target_2.png
23,3,162,lattice,6,u,img/target_7.png
23,3,163,lattice,5,v,img/target_5.png
23,3,164,lattice,6,u,img/target_7.png
23,3,165,lattice,8,i,img/target_8.png
23,3,166,lattice,9,o,img/target_9.png
23,3,167,lattice,7,r,img/target_4.png
23,3,168,lattice,8,i,img/target_8.png
23,3,169,lattice,6,u,img/target_7.png
23,3,170,lattice,8,i,img/target_8.png
23,3,171,lattice,7,r,img/target_4.png
23,3,172,lattice,6,u,img/target_7.png
23,3,173,lattice,4,w,img/target_2.png
23,3,174,lattice,3,p,img/target_10.png
23,3,175,lattice,2,e,img/target_3.png
23,3,176,lattice,4,w,img/target_2.png
23,3,177,lattice,6,u,img/target_7.png
23,3,178,lattice,7,r,img/target_4.png
23,3,179,lattice,8,i,img/target_8.png
23,3,180,lattice,9,o,img/target_9.png
23,3,181,lattice,0,q,img/target_1.png
23,3,182,lattice,9,o,img/target_9.png
23,3,183,lattice,1,b,img/target_6.png
23,3,184,lattice,0,q,img/target_1.png
23,3,185,lattice,9,o,img/target_9.png
23,3,186,lattice,7,r,img/target_4.png
23,3,187,lattice,8,i,img/target_8.png
23,3,188,lattice,6,u,img/target_7.png
23,3,189,lattice,4,w,img/target_2.png
23,3,190,lattice,6,u,img/target_7.png
23,3,191,lattice,5,v,img/target_5.png
23,3,192,lattice,7,r,img/target_4.png
23,3,193,lattice,6,u,img/target_7.png
23,3,194,lattice,4,w,img/target_2.png
23,3,195,lattice,2,e,img/target_3.png
23,3,196,lattice,4,w,img/target_2.png
23,3,197,lattice,6,u,img/target_7.png
23,3,198,lattice,8,i,img/target_8.png
23,3,199,lattice,7,r,img/target_4.png
23,3,200,lattice,5,v,img/target_5.png
23,3,201,lattice,6,u,img/target_7.png
23,3,202,lattice,5,v,img/target_5.png
23,3,203,lattice,7,r,img/target_4.png
23,3,204,lattice,8,i,img/target_8.png
23,3,205,lattice,6,u,img/target_7.png
23,3,206,lattice,5,v,img/target_5.png
23,3,207,lattice,3,p,img/target_10.png
23,3,208,lattice,2,e,img/target_3.png
23,3,209,lattice,4,w,img/target_2.png
23,3,210,lattice,3,p,img/target_10.png
23,3,211,lattice,1,b,img/target_6.png
23,3,212,lattice,9,o,img/target_9.png
23,3,213,lattice,8,i,img/target_8.png
23,3,214,lattice,9,o,img/target_9.png
23,3,215,lattice,8,i,img/target_8.png
23,3,216,lattice,0,q,img/target_1.png
23,3,217,lattice,8,i,img/target_8.png
23,3,218,lattice,9,o,img/target_9.png
23,3,219,lattice,0,q,img/target_1.png
23,3,220,lattice,8,i,img/target_8.png
23,3,221,lattice,9,o,img/target_9.png
23,3,222,lattice,7,r,img/target_4.png
23,3,223,lattice,8,i,img/target_8.png
23,3,224,lattice,6,u,img/target_7.png
23,3,225,lattice,4,w,img/target_2.png
23,3,226,lattice,3,p,img/target_10.png
23,3,227,lattice,1,b,img/target_6.png
23,3,228,lattice,9,o,img/target_9.png
23,3,229,lattice,7,r,img/target_4.png
23,3,230,lattice,9,o,img/target_9.png
23,3,231,lattice,1,b,img/target_6.png
23,3,232,lattice,9,o,img/target_9.png
23,3,233,lattice,7,r,img/target_4.png
23,3,234,lattice,9,o,img/target_9.png
23,3,235,lattice,1,b,img/target_6.png
23,3,236,lattice,3,p,img/target_10.png
23,3,237,lattice,2,e,img/target_3.png
23,3,238,lattice,1,b,img/target_6.png
23,3,239,lattice,3,p,img/target_10.png
23,3,240,lattice,5,v,img/target_5.png
23,3,241,lattice,4,w,img/target_2.png
23,3,242,lattice,2,e,img/target_3.png
23,3,243,lattice,3,p,img/target_10.png
23,3,244,lattice,4,w,img/target_2.png
23,3,245,lattice,2,e,img/target_3.png
23,3,246,lattice,1,b,img/target_6.png
23,3,247,lattice,9,o,img/target_9.png
23,3,248,lattice,8,i,img/target_8.png
23,3,249,lattice,6,u,img/target_7.png
23,3,250,lattice,7,r,img/target_4.png
23,3,251,lattice,8,i,img/target_8.png
23,3,252,lattice,9,o,img/target_9.png
23,3,253,lattice,7,r,img/target_4.png
23,3,254,lattice,9,o,img/target_9.png
23,3,255,lattice,7,r,img/target_4.png
23,3,256,lattice,5,v,img/target_5.png
23,3,257,lattice,4,w,img/target_2.png
23,3,258,lattice,6,u,img/target_7.png
23,3,259,lattice,4,w,img/target_2.png
23,3,260,lattice,6,u,img/target_7.png
23,3,261,lattice,5,v,img/target_5.png
23,3,262,lattice,7,r,img/target_4.png
23,3,263,lattice,8,i,img/target_8.png
23,3,264,lattice,7,r,img/target_4.png
23,3,265,lattice,9,o,img/target_9.png
23,3,266,lattice,0,q,img/target_1.png
23,3,267,lattice,8,i,img/target_8.png
23,3,268,lattice,6,u,img/target_7.png
23,3,269,lattice,8,i,img/target_8.png
23,3,270,lattice,9,o,img/target_9.png
23,3,271,lattice,1,b,img/target_6.png
23,3,272,lattice,2,e,img/target_3.png
23,3,273,lattice,1,b,img/target_6.png
23,3,274,lattice,3,p,img/target_10.png
23,3,275,lattice,2,e,img/target_3.png
23,3,276,lattice,0,q,img/target_1.png
23,3,277,lattice,8,i,img/target_8.png
23,3,278,lattice,0,q,img/target_1.png
23,3,279,lattice,2,e,img/target_3.png
23,3,280,lattice,0,q,img/target_1.png
23,3,281,lattice,2,e,img/target_3.png
23,3,282,lattice,1,b,img/target_6.png
23,3,283,lattice,3,p,img/target_10.png
23,3,284,lattice,4,w,img/target_2.png
23,3,285,lattice,5,v,img/target_5.png
23,3,286,lattice,4,w,img/target_2.png
23,3,287,lattice,5,v,img/target_5.png
23,3,288,lattice,3,p,img/target_10.png
23,3,289,lattice,4,w,img/target_2.png
23,3,290,lattice,2,e,img/target_3.png
23,3,291,lattice,4,w,img/target_2.png
23,3,292,lattice,5,v,img/target_5.png
23,3,293,lattice,6,u,img/target_7.png
23,3,294,lattice,4,w,img/target_2.png
23,3,295,lattice,2,e,img/target_3.png
23,3,296,lattice,1,b,img/target_6.png
23,3,297,lattice,3,p,img/target_10.png
23,3,298,lattice,2,e,img/target_3.png
23,3,299,lattice,1,b,img/target_6.png
23,3,300,lattice,2,e,img/target_3.png
23,3,301,lattice,0,q,img/target_1.png
23,3,302,lattice,1,b,img/target_6.png
23,3,303,lattice,2,e,img/target_3.png
23,3,304,lattice,0,q,img/target_1.png
23,3,305,lattice,8,i,img/target_8.png
23,3,306,lattice,9,o,img/target_9.png
23,3,307,lattice,7,r,img/target_4.png
23,3,308,lattice,6,u,img/target_7.png
23,3,309,lattice,7,r,img/target_4.png
23,3,310,lattice,9,o,img/target_9.png
23,3,311,lattice,7,r,img/target_4.png
23,3,312,lattice,8,i,img/target_8.png
23,3,313,lattice,0,q,img/target_1.png
23,3,314,lattice,1,b,img/target_6.png
23,3,315,lattice,0,q,img/target_1.png
23,3,316,lattice,8,i,img/target_8.png
23,3,317,lattice,9,o,img/target_9.png
23,3,318,lattice,0,q,img/target_1.png
23,3,319,lattice,8,i,img/target_8.png
23,3,320,lattice,0,q,img/target_1.png
23,3,321,lattice,2,e,img/target_3.png
23,3,322,lattice,3,p,img/target_10.png
23,3,323,lattice,1,b,img/target_6.png
23,3,324,lattice,0,q,img/target_1.png
23,3,325,lattice,1,b,img/target_6.png
23,3,326,lattice,3,p,img/target_10.png
23,3,327,lattice,4,w,img/target_2.png
23,3,328,lattice,6,u,img/target_7.png
23,3,329,lattice,8,i,img/target_8.png
23,3,330,lattice,7,r,img/target_4.png
23,3,331,lattice,5,v,img/target_5.png
23,3,332,lattice,4,w,img/target_2.png
23,3,333,lattice,6,u,img/target_7.png
23,3,334,lattice,4,w,img/target_2.png
23,3,335,lattice,5,v,img/target_5.png
23,3,336,lattice,4,w,img/target_2.png
23,3,337,lattice,5,v,img/target_5.png
23,3,338,lattice,6,u,img/target_7.png
23,3,339,lattice,5,v,img/target_5.png
23,3,340,lattice,6,u,img/target_7.png
23,3,341,lattice,4,w,img/target_2.png
23,3,342,lattice,3,p,img/target_10.png
23,3,343,lattice,2,e,img/target_3.png
23,3,344,lattice,3,p,img/target_10.png
23,3,345,lattice,4,w,img/target_2.png
23,3,346,lattice,3,p,img/target_10.png
23,3,347,lattice,5,v,img/target_5.png
23,3,348,lattice,6,u,img/target_7.png
23,3,349,lattice,4,w,img/target_2.png
23,3,350,lattice,6,u,img/target_7.png
23,3,351,lattice,5,v,img/target_5.png
23,3,352,lattice,3,p,img/target_10.png
23,3,353,lattice,4,w,img/target_2.png
23,3,354,lattice,3,p,img/target_10.png
23,3,355,lattice,5,v,img/target_5.png
23,3,356,lattice,6,u,img/target_7.png
23,3,357,lattice,8,i,img/target_8.png
23,3,358,lattice,6,u,img/target_7.png
23,3,359,lattice,7,r,img/target_4.png
23,3,360,lattice,8,i,img/target_8.png
23,3,361,lattice,7,r,img/target_4.png
23,3,362,lattice,9,o,img/target_9.png
23,3,363,lattice,8,i,img/target_8.png
23,3,364,lattice,0,q,img/target_1.png
23,3,365,lattice,1,b,img/target_6.png
23,3,366,lattice,9,o,img/target_9.png
23,3,367,lattice,0,q,img/target_1.png
23,3,368,lattice,2,e,img/target_3.png
23,3,369,lattice,4,w,img/target_2.png
23,3,370,lattice,6,u,img/target_7.png
23,3,371,lattice,8,i,img/target_8.png
23,3,372,lattice,6,u,img/target_7.png
23,3,373,lattice,8,i,img/target_8.png
23,3,374,lattice,6,u,img/target_7.png
23,3,375,lattice,5,v,img/target_5.png
23,3,376,lattice,4,w,img/target_2.png
23,3,377,lattice,3,p,img/target_10.png
23,3,378,lattice,2,e,img/target_3.png
23,3,379,lattice,0,q,img/target_1.png
23,3,380,lattice,1,b,img/target_6.png
23,3,381,lattice,0,q,img/target_1.png
23,3,382,lattice,1,b,img/target_6.png
23,3,383,lattice,2,e,img/target_3.png
23,3,384,lattice,4,w,img/target_2.png
23,3,385,lattice,5,v,img/target_5.png
23,3,386,lattice,6,u,img/target_7.png
23,3,387,lattice,5,v,img/target_5.png
23,3,388,lattice,4,w,img/target_2.png
23,3,389,lattice,6,u,img/target_7.png
23,3,390,lattice,8,i,img/target_8.png
23,3,391,lattice,9,o,img/target_9.png
23,3,392,lattice,0,q,img/target_1.png
23,3,393,lattice,1,b,img/target_6.png
23,3,394,lattice,2,e,img/target_3.png
23,3,395,lattice,0,q,img/target_1.png
23,3,396,lattice,9,o,img/target_9.png
23,3,397,lattice,1,b,img/target_6.png
23,3,398,lattice,3,p,img/target_10.png
23,3,399,lattice,1,b,img/target_6.png
23,3,400,lattice,9,o,img/target_9.png
23,3,401,lattice,1,b,img/target_6.png
23,3,402,lattice,2,e,img/target_3.png
23,3,403,lattice,3,p,img/target_10.png
23,3,404,lattice,2,e,img/target_3.png
23,3,405,lattice,3,p,img/target_10.png
23,3,406,lattice,2,e,img/target_3.png
23,3,407,lattice,3,p,img/target_10.png
23,3,408,lattice,2,e,img/target_3.png
23,3,409,lattice,1,b,img/target_6.png
23,3,410,lattice,2,e,img/target_3.png
23,3,411,lattice,4,w,img/target_2.png
23,3,412,lattice,3,p,img/target_10.png
23,3,413,lattice,1,b,img/target_6.png
23,3,414,lattice,9,o,img/target_9.png
23,3,415,lattice,8,i,img/target_8.png
23,3,416,lattice,9,o,img/target_9.png
23,3,417,lattice,1,b,img/target_6.png
23,3,418,lattice,3,p,img/target_10.png
23,3,419,lattice,2,e,img/target_3.png
23,3,420,lattice,4,w,img/target_2.png
23,3,421,lattice,2,e,img/target_3.png
23,3,422,lattice,0,q,img/target_1.png
23,3,423,lattice,9,o,img/target_9.png
23,3,424,lattice,0,q,img/target_1.png
23,3,425,lattice,2,e,img/target_3.png
23,3,426,lattice,3,p,img/target_10.png
23,3,427,lattice,2,e,img/target_3.png
23,3,428,lattice,0,q,img/target_1.png
23,3,429,lattice,1,b,img/target_6.png
23,3,430,lattice,2,e,img/target_3.png
23,3,431,lattice,3,p,img/target_10.png
23,3,432,lattice,5,v,img/target_5.png
23,3,433,lattice,3,p,img/target_10.png
23,3,434,lattice,2,e,img/target_3.png
23,3,435,lattice,0,q,img/target_1.png
23,3,436,lattice,1,b,img/target_6.png
23,3,437,lattice,0,q,img/target_1.png
23,3,438,lattice,8,i,img/target_8.png
23,3,439,lattice,0,q,img/target_1.png
23,3,440,lattice,9,o,img/target_9.png
23,3,441,lattice,7,r,img/target_4.png
23,3,442,lattice,8,i,img/target_8.png
23,3,443,lattice,0,q,img/target_1.png
23,3,444,lattice,9,o,img/target_9.png
23,3,445,lattice,0,q,img/target_1.png
23,3,446,lattice,2,e,img/target_3.png
23,3,447,lattice,4,w,img/target_2.png
23,3,448,lattice,5,v,img/target_5.png
23,3,449,lattice,6,u,img/target_7.png
23,3,450,lattice,5,v,img/target_5.png
23,3,451,lattice,7,r,img/target_4.png
23,3,452,lattice,6,u,img/target_7.png
23,3,453,lattice,8,i,img/target_8.png
23,3,454,lattice,6,u,img/target_7.png
23,3,455,lattice,8,i,img/target_8.png
23,3,456,lattice,6,u,img/target_7.png
23,3,457,lattice,4,w,img/target_2.png
23,3,458,lattice,6,u,img/target_7.png
23,3,459,lattice,4,w,img/target_2.png
23,3,460,lattice,2,e,img/target_3.png
23,3,461,lattice,4,w,img/target_2.png
23,3,462,lattice,6,u,img/target_7.png
23,3,463,lattice,7,r,img/target_4.png
23,3,464,lattice,8,i,img/target_8.png
23,3,465,lattice,7,r,img/target_4.png
23,3,466,lattice,5,v,img/target_5.png
23,3,467,lattice,4,w,img/target_2.png
23,3,468,lattice,2,e,img/target_3.png
23,3,469,lattice,3,p,img/target_10.png
23,3,470,lattice,4,w,img/target_2.png
23,3,471,lattice,3,p,img/target_10.png
23,3,472,lattice,5,v,img/target_5.png
23,3,473,lattice,6,u,img/target_7.png
23,3,474,lattice,8,i,img/target_8.png
23,3,475,lattice,9,o,img/target_9.png
23,3,476,lattice,8,i,img/target_8.png
23,3,477,lattice,6,u,img/target_7.png
23,3,478,lattice,5,v,img/target_5.png
23,3,479,lattice,4,w,img/target_2.png
23,3,480,lattice,2,e,img/target_3.png
23,3,481,lattice,1,b,img/target_6.png
23,3,482,lattice,3,p,img/target_10.png
23,3,483,lattice,1,b,img/target_6.png
23,3,484,lattice,9,o,img/target_9.png
23,3,485,lattice,7,r,img/target_4.png
23,3,486,lattice,5,v,img/target_5.png
23,3,487,lattice,7,r,img/target_4.png
23,3,488,lattice,6,u,img/target_7.png
23,3,489,lattice,5,v,img/target_5.png
23,3,490,lattice,7,r,img/target_4.png
23,3,491,lattice,9,o,img/target_9.png
23,3,492,lattice,7,r,img/target_4.png
23,3,493,lattice,5,v,img/target_5.png
23,3,494,lattice,6,u,img/target_7.png
23,3,495,lattice,5,v,img/target_5.png
23,3,496,lattice,7,r,img/target_4.png
23,3,497,lattice,9,o,img/target_9.png
23,3,498,lattice,1,b,img/target_6.png
23,3,499,lattice,2,e,img/target_3.png
23,3,500,lattice,0,q,img/target_1.png
23,3,501,lattice,2,e,img/target_3.png
23,3,502,lattice,0,q,img/target_1.png
23,3,503,lattice,9,o,img/target_9.png
23,3,504,lattice,7,r,img/target_4.png
23,3,505,lattice,5,v,img/target_5.png
23,3,506,lattice,7,r,img/target_4.png
23,3,507,lattice,6,u,img/target_7.png
23,3,508,lattice,5,v,img/target_5.png
23,3,509,lattice,3,p,img/target_10.png
23,3,510,lattice,1,b,img/target_6.png
23,3,511,lattice,3,p,img/target_10.png
23,3,512,lattice,1,b,img/target_6.png
23,3,513,lattice,0,q,img/target_1.png
23,3,514,lattice,1,b,img/target_6.png
23,3,515,lattice,2,e,img/target_3.png
23,3,516,lattice,1,b,img/target_6.png
23,3,517,lattice,3,p,img/target_10.png
23,3,518,lattice,4,w,img/target_2.png
23,3,519,lattice,2,e,img/target_3.png
23,3,520,lattice,3,p,img/target_10.png
23,3,521,lattice,4,w,img/target_2.png
23,3,522,lattice,6,u,img/target_7.png
23,3,523,lattice,8,i,img/target_8.png
23,3,524,lattice,7,r,img/target_4.png
23,3,525,lattice,8,i,img/target_8.png
23,3,526,lattice,9,o,img/target_9.png
23,3,527,lattice,7,r,img/target_4.png
23,3,528,lattice,5,v,img/target_5.png
23,3,529,lattice,6,u,img/target_7.png
23,3,530,lattice,4,w,img/target_2.png
23,3,531,lattice,3,p,img/target_10.png
23,3,532,lattice,2,e,img/target_3.png
23,3,533,lattice,4,w,img/target_2.png
23,3,534,lattice,5,v,img/target_5.png
23,3,535,lattice,3,p,img/target_10.png
23,3,536,lattice,4,w,img/target_2.png
23,3,537,lattice,5,v,img/target_5.png
23,3,538,lattice,6,u,img/target_7.png
23,3,539,lattice,8,i,img/target_8.png
23,3,540,lattice,6,u,img/target_7.png
23,3,541,lattice,7,r,img/target_4.png
23,3,542,lattice,9,o,img/target_9.png
23,3,543,lattice,8,i,img/target_8.png
23,3,544,lattice,0,q,img/target_1.png
23,3,545,lattice,8,i,img/target_8.png
23,3,546,lattice,7,r,img/target_4.png
23,3,547,lattice,9,o,img/target_9.png
23,3,548,lattice,1,b,img/target_6.png
23,3,549,lattice,3,p,img/target_10.png
23,3,550,lattice,1,b,img/target_6.png
23,3,551,lattice,0,q,img/target_1.png
23,3,552,lattice,1,b,img/target_6.png
23,3,553,lattice,0,q,img/target_1.png
23,3,554,lattice,8,i,img/target_8.png
23,3,555,lattice,0,q,img/target_1.png
23,3,556,lattice,8,i,img/target_8.png
23,3,557,lattice,0,q,img/target_1.png
23,3,558,lattice,9,o,img/target_9.png
23,3,559,lattice,0,q,img/target_1.png
23,3,560,lattice,9,o,img/target_9.png
23,3,561,lattice,7,r,img/target_4.png
23,3,562,lattice,9,o,img/target_9.png
23,3,563,lattice,8,i,img/target_8.png
23,3,564,lattice,0,q,img/target_1.png
23,3,565,lattice,8,i,img/target_8.png
23,3,566,lattice,7,r,img/target_4.png
23,3,567,lattice,8,i,img/target_8.png
23,3,568,lattice,0,q,img/target_1.png
23,3,569,lattice,1,b,img/target_6.png
23,3,570,lattice,2,e,img/target_3.png
23,3,571,lattice,1,b,img/target_6.png
23,3,572,lattice,9,o,img/target_9.png
23,3,573,lattice,7,r,img/target_4.png
23,3,574,lattice,5,v,img/target_5.png
23,3,575,lattice,7,r,img/target_4.png
23,3,576,lattice,6,u,img/target_7.png
23,3,577,lattice,4,w,img/target_2.png
23,3,578,lattice,3,p,img/target_10.png
23,3,579,lattice,4,w,img/target_2.png
23,3,580,lattice,2,e,img/target_3.png
23,3,581,lattice,4,w,img/target_2.png
23,3,582,lattice,5,v,img/target_5.png
23,3,583,lattice,3,p,img/target_10.png
23,3,584,lattice,2,e,img/target_3.png
23,3,585,lattice,1,b,img/target_6.png
23,3,586,lattice,9,o,img/target_9.png
23,3,587,lattice,1,b,img/target_6.png
23,3,588,lattice,0,q,img/target_1.png
23,3,589,lattice,1,b,img/target_6.png
23,3,590,lattice,3,p,img/target_10.png
23,3,591,lattice,2,e,img/target_3.png
23,3,592,lattice,1,b,img/target_6.png
23,3,593,lattice,2,e,img/target_3.png
23,3,594,lattice,4,w,img/target_2.png
23,3,595,lattice,5,v,img/target_5.png
23,3,596,lattice,6,u,img/target_7.png
23,3,597,lattice,7,r,img/target_4.png
23,3,598,lattice,9,o,img/target_9.png
23,3,599,lattice,7,r,img/target_4.png
23,3,600,lattice,9,o,img/target_9.png
23,3,601,lattice,0,q,img/target_1.png
23,3,602,lattice,9,o,img/target_9.png
23,3,603,lattice,7,r,img/target_4.png
23,3,604,lattice,6,u,img/target_7.png
23,3,605,lattice,7,r,img/target_4.png
23,3,606,lattice,6,u,img/target_7.png
23,3,607,lattice,4,w,img/target_2.png
23,3,608,lattice,5,v,img/target_5.png
23,3,609,lattice,7,r,img/target_4.png
23,3,610,lattice,9,o,img/target_9.png
23,3,611,lattice,8,i,img/target_8.png
23,3,612,lattice,0,q,img/target_1.png
23,3,613,lattice,1,b,img/target_6.png
23,3,614,lattice,2,e,img/target_3.png
23,3,615,lattice,3,p,img/target_10.png
23,3,616,lattice,4,w,img/target_2.png
23,3,617,lattice,2,e,img/target_3.png
23,3,618,lattice,0,q,img/target_1.png
23,3,619,lattice,9,o,img/target_9.png
23,3,620,lattice,7,r,img/target_4.png
23,3,621,lattice,8,i,img/target_8.png
23,3,622,lattice,6,u,img/target_7.png
23,3,623,lattice,5,v,img/target_5.png
23,3,624,lattice,6,u,img/target_7.png
23,3,625,lattice,7,r,img/target_4.png
23,3,626,lattice,9,o,img/target_9.png
23,3,627,lattice,7,r,img/target_4.png
23,3,628,lattice,5,v,img/target_5.png
23,3,629,lattice,4,w,img/target_2.png
23,3,630,lattice,2,e,img/target_3.png
23,3,631,lattice,1,b,img/target_6.png
23,3,632,lattice,9,o,img/target_9.png
23,3,633,lattice,0,q,img/target_1.png
23,3,634,lattice,1,b,img/target_6.png
23,3,635,lattice,0,q,img/target_1.png
23,3,636,lattice,2,e,img/target_3.png
23,3,637,lattice,0,q,img/target_1.png
23,3,638,lattice,9,o,img/target_9.png
23,3,639,lattice,8,i,img/target_8.png
23,3,640,lattice,6,u,img/target_7.png
23,3,641,lattice,4,w,img/target_2.png
23,3,642,lattice,5,v,img/target_5.png
23,3,643,lattice,6,u,img/target_7.png
23,3,644,lattice,5,v,img/target_5.png
23,3,645,lattice,4,w,img/target_2.png
23,3,646,lattice,2,e,img/target_3.png
23,3,647,lattice,1,b,img/target_6.png
23,3,648,lattice,2,e,img/target_3.png
23,3,649,lattice,4,w,img/target_2.png
23,3,650,lattice,5,v,img/target_5.png
23,3,651,lattice,6,u,img/target_7.png
23,3,652,lattice,7,r,img/target_4.png
23,3,653,lattice,6,u,img/target_7.png
23,3,654,lattice,5,v,img/target_5.png
23,3,655,lattice,4,w,img/target_2.png
23,3,656,lattice,3,p,img/target_10.png
23,3,657,lattice,5,v,img/target_5.png
23,3,658,lattice,4,w,img/target_2.png
23,3,659,lattice,6,u,img/target_7.png
23,3,660,lattice,4,w,img/target_2.png
23,3,661,lattice,5,v,img/target_5.png
23,3,662,lattice,7,r,img/target_4.png
23,3,663,lattice,6,u,img/target_7.png
23,3,664,lattice,4,w,img/target_2.png
23,3,665,lattice,5,v,img/target_5.png
23,3,666,lattice,4,w,img/target_2.png
23,3,667,lattice,5,v,img/target_5.png
23,3,668,lattice,7,r,img/target_4.png
23,3,669,lattice,6,u,img/target_7.png
23,3,670,lattice,5,v,img/target_5.png
23,3,671,lattice,6,u,img/target_7.png
23,3,672,lattice,5,v,img/target_5.png
23,3,673,lattice,7,r,img/target_4.png
23,3,674,lattice,8,i,img/target_8.png
23,3,675,lattice,7,r,img/target_4.png
23,3,676,lattice,5,v,img/target_5.png
23,3,677,lattice,7,r,img/target_4.png
23,3,678,lattice,9,o,img/target_9.png
23,3,679,lattice,1,b,img/target_6.png
23,3,680,lattice,3,p,img/target_10.png
23,3,681,lattice,5,v,img/target_5.png
23,3,682,lattice,3,p,img/target_10.png
23,3,683,lattice,1,b,img/target_6.png
23,3,684,lattice,3,p,img/target_10.png
23,3,685,lattice,5,v,img/target_5.png
23,3,686,lattice,3,p,img/target_10.png
23,3,687,lattice,5,v,img/target_5.png
23,3,688,lattice,7,r,img/target_4.png
23,3,689,lattice,8,i,img/target_8.png
23,3,690,lattice,6,u,img/target_7.png
23,3,691,lattice,4,w,img/target_2.png
23,3,692,lattice,3,p,img/target_10.png
23,3,693,lattice,2,e,img/target_3.png
23,3,694,lattice,0,q,img/target_1.png
23,3,695,lattice,1,b,img/target_6.png
23,3,696,lattice,2,e,img/target_3.png
23,3,697,lattice,4,w,img/target_2.png
23,3,698,lattice,5,v,img/target_5.png
23,3,699,lattice,3,p,img/target_10.png
23,3,700,lattice,1,b,img/target_6.png
23,3,701,lattice,0,q,img/target_1.png
23,3,702,lattice,2,e,img/target_3.png
23,3,703,lattice,0,q,img/target_1.png
23,3,704,lattice,1,b,img/target_6.png
23,3,705,lattice,0,q,img/target_1.png
23,3,706,lattice,2,e,img/target_3.png
23,3,707,lattice,3,p,img/target_10.png
23,3,708,lattice,4,w,img/target_2.png
23,3,709,lattice,3,p,img/target_10.png
23,3,710,lattice,5,v,img/target_5.png
23,3,711,lattice,7,r,img/target_4.png
23,3,712,lattice,6,u,img/target_7.png
23,3,713,lattice,8,i,img/target_8.png
23,3,714,lattice,9,o,img/target_9.png
23,3,715,lattice,1,b,img/target_6.png
23,3,716,lattice,9,o,img/target_9.png
23,3,717,lattice,0,q,img/target_1.png
23,3,718,lattice,9,o,img/target_9.png
23,3,719,lattice,1,b,img/target_6.png
23,3,720,lattice,9,o,img/target_9.png
23,3,721,lattice,8,i,img/target_8.png
23,3,722,lattice,6,u,img/target_7.png
23,3,723,lattice,7,r,img/target_4.png
23,3,724,lattice,8,i,img/target_8.png
23,3,725,lattice,0,q,img/target_1.png
23,3,726,lattice,9,o,img/target_9.png
23,3,727,lattice,1,b,img/target_6.png
23,3,728,lattice,9,o,img/target_9.png
23,3,729,lattice,7,r,img/target_4.png
23,3,730,lattice,8,i,img/target_8.png
23,3,731,lattice,7,r,img/target_4.png
23,3,732,lattice,6,u,img/target_7.png
23,3,733,lattice,4,w,img/target_2.png
23,3,734,lattice,5,v,img/target_5.png
23,3,735,lattice,6,u,img/target_7.png
23,3,736,lattice,5,v,img/target_5.png
23,3,737,lattice,3,p,img/target_10.png
23,3,738,lattice,4,w,img/target_2.png
23,3,739,lattice,2,e,img/target_3.png
23,3,740,lattice,4,w,img/target_2.png
23,3,741,lattice,3,p,img/target_10.png
23,3,742,lattice,5,v,img/target_5.png
23,3,743,lattice,4,w,img/target_2.png
23,3,744,lattice,5,v,img/target_5.png
23,3,745,lattice,6,u,img/target_7.png
23,3,746,lattice,4,w,img/target_2.png
23,3,747,lattice,5,v,img/target_5.png
23,3,748,lattice,3,p,img/target_10.png
23,3,749,lattice,5,v,img/target_5.png
23,3,750,lattice,7,r,img/target_4.png
23,3,751,lattice,9,o,img/target_9.png
23,3,752,lattice,7,r,img/target_4.png
23,3,753,lattice,5,v,img/target_5.png
23,3,754,lattice,4,w,img/target_2.png
23,3,755,lattice,5,v,img/target_5.png
23,3,756,lattice,7,r,img/target_4.png
23,3,757,lattice,5,v,img/target_5.png
23,3,758,lattice,3,p,img/target_10.png
23,3,759,lattice,4,w,img/target_2.png
23,3,760,lattice,3,p,img/target_10.png
23,3,761,lattice,5,v,img/target_5.png
23,3,762,lattice,4,w,img/target_2.png
23,3,763,lattice,2,e,img/target_3.png
23,3,764,lattice,3,p,img/target_10.png
23,3,765,lattice,5,v,img/target_5.png
23,3,766,lattice,6,u,img/target_7.png
23,3,767,lattice,8,i,img/target_8.png
23,3,768,lattice,9,o,img/target_9.png
23,3,769,lattice,8,i,img/target_8.png
23,3,770,lattice,0,q,img/target_1.png
23,3,771,lattice,8,i,img/target_8.png
23,3,772,lattice,7,r,img/target_4.png
23,3,773,lattice,8,i,img/target_8.png
23,3,774,lattice,7,r,img/target_4.png
23,3,775,lattice,8,i,img/target_8.png
23,3,776,lattice,6,u,img/target_7.png
23,3,777,lattice,5,v,img/target_5.png
23,3,778,lattice,4,w,img/target_2.png
23,3,779,lattice,5,v,img/target_5.png
23,3,780,lattice,3,p,img/target_10.png
23,3,781,lattice,5,v,img/target_5.png
23,3,782,lattice,4,w,img/target_2.png
23,3,783,lattice,3,p,img/target_10.png
23,3,784,lattice,2,e,img/target_3.png
23,3,785,lattice,0,q,img/target_1.png
23,3,786,lattice,9,o,img/target_9.png
23,3,787,lattice,0,q,img/target_1.png
23,3,788,lattice,1,b,img/target_6.png
23,3,789,lattice,3,p,img/target_10.png
23,3,790,lattice,1,b,img/target_6.png
23,3,791,lattice,0,q,img/target_1.png
23,3,792,lattice,2,e,img/target_3.png
23,3,793,lattice,1,b,img/target_6.png
23,3,794,lattice,2,e,img/target_3.png
23,3,795,lattice,0,q,img/target_1.png
23,3,796,lattice,9,o,img/target_9.png
23,3,797,lattice,0,q,img/target_1.png
23,3,798,lattice,2,e,img/target_3.png
23,3,799,lattice,1,b,img/target_6.png
23,3,800,lattice,2,e,img/target_3.png
23,3,801,lattice,4,w,img/target_2.png
23,3,802,lattice,3,p,img/target_10.png
23,3,803,lattice,4,w,img/target_2.png
23,3,804,lattice,5,v,img/target_5.png
23,3,805,lattice,4,w,img/target_2.png
23,3,806,lattice,3,p,img/target_10.png
23,3,807,lattice,1,b,img/target_6.png
23,3,808,lattice,2,e,img/target_3.png
23,3,809,lattice,0,q,img/target_1.png
23,3,810,lattice,1,b,img/target_6.png
23,3,811,lattice,0,q,img/target_1.png
23,3,812,lattice,8,i,img/target_8.png
23,3,813,lattice,6,u,img/target_7.png
23,3,814,lattice,5,v,img/target_5.png
23,3,815,lattice,7,r,img/target_4.png
23,3,816,lattice,5,v,img/target_5.png
23,3,817,lattice,3,p,img/target_10.png
23,3,818,lattice,4,w,img/target_2.png
23,3,819,lattice,3,p,img/target_10.png
23,3,820,lattice,5,v,img/target_5.png
23,3,821,lattice,4,w,img/target_2.png
23,3,822,lattice,3,p,img/target_10.png
23,3,823,lattice,2,e,img/target_3.png
23,3,824,lattice,1,b,img/target_6.png
23,3,825,lattice,2,e,img/target_3.png
23,3,826,lattice,4,w,img/target_2.png
23,3,827,lattice,5,v,img/target_5.png
23,3,828,lattice,4,w,img/target_2.png
23,3,829,lattice,3,p,img/target_10.png
23,3,830,lattice,1,b,img/target_6.png
23,3,831,lattice,9,o,img/target_9.png
23,3,832,lattice,7,r,img/target_4.png
23,3,833,lattice,8,i,img/target_8.png
23,3,834,lattice,9,o,img/target_9.png
23,3,835,lattice,1,b,img/target_6.png
23,3,836,lattice,2,e,img/target_3.png
23,3,837,lattice,4,w,img/target_2.png
23,3,838,lattice,3,p,img/target_10.png
23,3,839,lattice,5,v,img/target_5.png
23,3,840,lattice,4,w,img/target_2.png
23,3,841,lattice,6,u,img/target_7.png
23,3,842,lattice,8,i,img/target_8.png
23,3,843,lattice,0,q,img/target_1.png
23,3,844,lattice,8,i,img/target_8.png
23,3,845,lattice,6,u,img/target_7.png
23,3,846,lattice,5,v,img/target_5.png
23,3,847,lattice,3,p,img/target_10.png
23,3,848,lattice,1,b,img/target_6.png
23,3,849,lattice,0,q,img/target_1.png
23,3,850,lattice,9,o,img/target_9.png
23,3,851,lattice,7,r,img/target_4.png
23,3,852,lattice,9,o,img/target_9.png
23,3,853,lattice,7,r,img/target_4.png
23,3,854,lattice,5,v,img/target_5.png
23,3,855,lattice,3,p,img/target_10.png
23,3,856,lattice,4,w,img/target_2.png
23,3,857,lattice,3,p,img/target_10.png
23,3,858,lattice,4,w,img/target_2.png
23,3,859,lattice,6,u,img/target_7.png
23,3,860,lattice,8,i,img/target_8.png
23,3,861,lattice,7,r,img/target_4.png
23,3,862,lattice,6,u,img/target_7.png
23,3,863,lattice,8,i,img/target_8.png
23,3,864,lattice,0,q,img/target_1.png
23,3,865,lattice,1,b,img/target_6.png
23,3,866,lattice,9,o,img/target_9.png
23,3,867,lattice,0,q,img/target_1.png
23,3,868,lattice,9,o,img/target_9.png
23,3,869,lattice,7,r,img/target_4.png
23,3,870,lattice,6,u,img/target_7.png
23,3,871,lattice,7,r,img/target_4.png
23,3,872,lattice,5,v,img/target_5.png
23,3,873,lattice,4,w,img/target_2.png
23,3,874,lattice,3,p,img/target_10.png
23,3,875,lattice,5,v,img/target_5.png
23,3,876,lattice,4,w,img/target_2.png
23,3,877,lattice,5,v,img/target_5.png
23,3,878,lattice,6,u,img/target_7.png
23,3,879,lattice,8,i,img/target_8.png
23,3,880,lattice,9,o,img/target_9.png
23,3,881,lattice,1,b,img/target_6.png
23,3,882,lattice,3,p,img/target_10.png
23,3,883,lattice,2,e,img/target_3.png
23,3,884,lattice,1,b,img/target_6.png
23,3,885,lattice,3,p,img/target_10.png
23,3,886,lattice,4,w,img/target_2.png
23,3,887,lattice,3,p,img/target_10.png
23,3,888,lattice,5,v,img/target_5.png
23,3,889,lattice,7,r,img/target_4.png
23,3,890,lattice,9,o,img/target_9.png
23,3,891,lattice,7,r,img/target_4.png
23,3,892,lattice,8,i,img/target_8.png
23,3,893,lattice,9,o,img/target_9.png
23,3,894,lattice,0,q,img/target_1.png
23,3,895,lattice,2,e,img/target_3.png
23,3,896,lattice,3,p,img/target_10.png
23,3,897,lattice,2,e,img/target_3.png
23,3,898,lattice,0,q,img/target_1.png
23,3,899,lattice,9,o,img/target_9.png
23,3,900,lattice,8,i,img/target_8.png
23,3,901,lattice,9,o,img/target_9.png
23,3,902,lattice,1,b,img/target_6.png
23,3,903,lattice,2,e,img/target_3.png
23,3,904,lattice,3,p,img/target_10.png
23,3,905,lattice,4,w,img/target_2.png
23,3,906,lattice,2,e,img/target_3.png
23,3,907,lattice,0,q,img/target_1.png
23,3,908,lattice,2,e,img/target_3.png
23,3,909,lattice,0,q,img/target_1.png
23,3,910,lattice,8,i,img/target_8.png
23,3,911,lattice,0,q,img/target_1.png
23,3,912,lattice,1,b,img/target_6.png
23,3,913,lattice,2,e,img/target_3.png
23,3,914,lattice,0,q,img/target_1.png
23,3,915,lattice,8,i,img/target_8.png
23,3,916,lattice,0,q,img/target_1.png
23,3,917,lattice,1,b,img/target_6.png
23,3,918,lattice,2,e,img/target_3.png
23,3,919,lattice,0,q,img/target_1.png
23,3,920,lattice,8,i,img/target_8.png
23,3,921,lattice,0,q,img/target_1.png
23,3,922,lattice,2,e,img/target_3.png
23,3,923,lattice,4,w,img/target_2.png
23,3,924,lattice,5,v,img/target_5.png
23,3,925,lattice,3,p,img/target_10.png
23,3,926,lattice,5,v,img/target_5.png
23,3,927,lattice,6,u,img/target_7.png
23,3,928,lattice,8,i,img/target_8.png
23,3,929,lattice,7,r,img/target_4.png
23,3,930,lattice,9,o,img/target_9.png
23,3,931,lattice,0,q,img/target_1.png
23,3,932,lattice,1,b,img/target_6.png
23,3,933,lattice,3,p,img/target_10.png
23,3,934,lattice,1,b,img/target_6.png
23,3,935,lattice,0,q,img/target_1.png
23,3,936,lattice,2,e,img/target_3.png
23,3,937,lattice,3,p,img/target_10.png
23,3,938,lattice,4,w,img/target_2.png
23,3,939,lattice,6,u,img/target_7.png
23,3,940,lattice,5,v,img/target_5.png
23,3,941,lattice,6,u,img/target_7.png
23,3,942,lattice,4,w,img/target_2.png
23,3,943,lattice,5,v,img/target_5.png
23,3,944,lattice,3,p,img/target_10.png
23,3,945,lattice,5,v,img/target_5.png
23,3,946,lattice,6,u,img/target_7.png
23,3,947,lattice,7,r,img/target_4.png
23,3,948,lattice,8,i,img/target_8.png
23,3,949,lattice,0,q,img/target_1.png
23,3,950,lattice,8,i,img/target_8.png
23,3,951,lattice,9,o,img/target_9.png
23,3,952,lattice,7,r,img/target_4.png
23,3,953,lattice,8,i,img/target_8.png
23,3,954,lattice,9,o,img/target_9.png
23,3,955,lattice,1,b,img/target_6.png
23,3,956,lattice,9,o,img/target_9.png
23,3,957,lattice,7,r,img/target_4.png
23,3,958,lattice,9,o,img/target_9.png
23,3,959,lattice,1,b,img/target_6.png
23,3,960,lattice,9,o,img/target_9.png
23,3,961,lattice,0,q,img/target_1.png
23,3,962,lattice,9,o,img/target_9.png
23,3,963,lattice,0,q,img/target_1.png
23,3,964,lattice,9,o,img/target_9.png
23,3,965,lattice,8,i,img/target_8.png
23,3,966,lattice,7,r,img/target_4.png
23,3,967,lattice,9,o,img/target_9.png
23,3,968,lattice,0,q,img/target_1.png
23,3,969,lattice,9,o,img/target_9.png
23,3,970,lattice,8,i,img/target_8.png
23,3,971,lattice,7,r,img/target_4.png
23,3,972,lattice,8,i,img/target_8.png
23,3,973,lattice,7,r,img/target_4.png
23,3,974,lattice,5,v,img/target_5.png
23,3,975,lattice,6,u,img/target_7.png
23,3,976,lattice,4,w,img/target_2.png
23,3,977,lattice,3,p,img/target_10.png
23,3,978,lattice,1,b,img/target_6.png
23,3,979,lattice,0,q,img/target_1.png
23,3,980,lattice,8,i,img/target_8.png
23,3,981,lattice,6,u,img/target_7.png
23,3,982,lattice,8,i,img/target_8.png
23,3,983,lattice,6,u,img/target_7.png
23,3,984,lattice,8,i,img/target_8.png
23,3,985,lattice,7,r,img/target_4.png
23,3,986,lattice,8,i,img/target_8.png
23,3,987,lattice,6,u,img/target_7.png
23,3,988,lattice,4,w,img/target_2.png
23,3,989,lattice,5,v,img/target_5.png
23,3,990,lattice,6,u,img/target_7.png
23,3,991,lattice,8,i,img/target_8.png
23,3,992,lattice,0,q,img/target_1.png
23,3,993,lattice,2,e,img/target_3.png
23,3,994,lattice,4,w,img/target_2.png
23,3,995,lattice,3,p,img/target_10.png
23,3,996,lattice,2,e,img/target_3.png
23,3,997,lattice,0,q,img/target_1.png
23,3,998,lattice,8,i,img/target_8.png
23,3,999,lattice,6,u,img/target_7.png
23,3,1000,lattice,4,w,img/target_2.png
