pID,sess,trialNum,graph,walk,resp,path
42,3,1,modular,5,u,img/target_7.png
42,3,2,modular,6,v,img/target_5.png
42,3,3,modular,5,u,img/target_7.png
42,3,4,modular,6,v,img/target_5.png
42,3,5,modular,5,u,img/target_7.png
42,3,6,modular,4,q,img/target_1.png
42,3,7,modular,3,r,img/target_4.png
42,3,8,modular,2,o,img/target_9.png
42,3,9,modular,0,w,img/target_2.png
42,3,10,modular,2,o,img/target_9.png
42,3,11,modular,0,w,img/target_2.png
42,3,12,modular,9,p,img/target_10.png
42,3,13,modular,6,v,img/target_5.png
42,3,14,modular,8,i,img/target_8.png
42,3,15,modular,6,v,img/target_5.png
42,3,16,modular,8,i,img/target_8.png
42,3,17,modular,5,u,img/target_7.png
42,3,18,modular,7,e,img/target_3.png
42,3,19,modular,9,p,img/target_10.png
42,3,20,modular,7,e,img/target_3.png
42,3,21,modular,5,u,img/target_7.png
42,3,22,modular,7,e,img/target_3.png
42,3,23,modular,8,i,img/target_8.png
42,3,24,modular,6,v,img/target_5.png
42,3,25,modular,7,e,img/target_3.png
42,3,26,modular,6,v,img/target_5.png
42,3,27,modular,5,u,img/target_7.png
42,3,28,modular,8,i,img/target_8.png
42,3,29,modular,7,e,img/target_3.png
42,3,30,modular,6,v,img/target_5.png
42,3,31,modular,5,u,img/target_7.png
42,3,32,modular,4,q,img/target_1.png
42,3,33,modular,3,r,img/target_4.png
42,3,34,modular,4,q,img/target_1.png
42,3,35,modular,2,o,img/target_9.png
42,3,36,modular,1,b,img/target_6.png
42,3,37,modular,3,r,img/target_4.png
42,3,38,modular,2,o,img/target_9.png
42,3,39,modular,4,q,img/target_1.png
42,3,40,modular,1,b,img/target_6.png
42,3,41,modular,4,q,img/target_1.png
42,3,42,modular,3,r,img/target_4.png
42,3,43,modular,4,q,img/target_1.png
42,3,44,modular,3,r,img/target_4.png
42,3,45,modular,2,o,img/target_9.png
42,3,46,modular,3,r,img/target_4.png
42,3,47,modular,0,w,img/target_2.png
42,3,48,modular,9,p,img/target_10.png
42,3,49,modular,0,w,img/target_2.png
42,3,50,modular,1,b,img/target_6.png
42,3,51,modular,0,w,img/target_2.png
42,3,52,modular,9,p,img/target_10.png
42,3,53,modular,8,i,img/target_8.png
42,3,54,modular,6,v,img/target_5.png
42,3,55,modular,7,e,img/target_3.png
42,3,56,modular,5,u,img/target_7.png
42,3,57,modular,8,i,img/target_8.png
42,3,58,modular,6,v,img/target_5.png
42,3,59,modular,9,p,img/target_10.png
42,3,60,modular,8,i,img/target_8.png
42,3,61,modular,6,v,img/target_5.png
42,3,62,modular,8,i,img/target_8.png
42,3,63,modular,7,e,img/target_3.png
42,3,64,modular,6,v,img/target_5.png
42,3,65,modular,7,e,img/target_3.png
42,3,66,modular,5,u,img/target_7.png
42,3,67,modular,6,v,img/target_5.png
42,3,68,modular,9,p,img/target_10.png
42,3,69,modular,0,w,img/target_2.png
42,3,70,modular,2,o,img/target_9.png
42,3,71,modular,1,b,img/target_6.png
42,3,72,modular,0,w,img/target_2.png
42,3,73,modular,1,b,img/target_6.png
42,3,74,modular,0,w,img/target_2.png
42,3,75,modular,2,o,img/target_9.png
42,3,76,modular,4,q,img/target_1.png
42,3,77,modular,1,b,img/target_6.png
42,3,78,modular,0,w,img/target_2.png
42,3,79,modular,3,r,img/target_4.png
42,3,80,modular,0,w,img/target_2.png
42,3,81,modular,1,b,img/target_6.png
42,3,82,modular,2,o,img/target_9.png
42,3,83,modular,4,q,img/target_1.png
42,3,84,modular,5,u,img/target_7.png
42,3,85,modular,8,i,img/target_8.png
42,3,86,modular,7,e,img/target_3.png
42,3,87,modular,9,p,img/target_10.png
42,3,88,modular,6,v,img/target_5.png
42,3,89,modular,8,i,img/target_8.png
42,3,90,modular,5,u,img/target_7.png
42,3,91,modular,4,q,img/target_1.png
42,3,92,modular,5,u,img/target_7.png
42,3,93,modular,8,i,img/target_8.png
42,3,94,modular,5,u,img/target_7.png
42,3,95,modular,7,e,img/target_3.png
42,3,96,modular,8,i,img/target_8.png
42,3,97,modular,5,u,img/target_7.png
42,3,98,modular,7,e,img/target_3.png
42,3,99,modular,5,u,img/target_7.png
42,3,100,modular,7,e,img/target_3.png
42,3,101,modular,8,i,img/target_8.png
42,3,102,modular,7,e,img/target_3.png
42,3,103,modular,6,v,img/target_5.png
42,3,104,modular,5,u,img/target_7.png
42,3,105,modular,6,v,img/target_5.png
42,3,106,modular,8,i,img/target_8.png
42,3,107,modular,7,e,img/target_3.png
42,3,108,modular,8,i,img/target_8.png
42,3,109,modular,5,u,img/target_7.png
42,3,110,modular,8,i,img/target_8.png
42,3,111,modular,7,e,img/target_3.png
42,3,112,modular,8,i,img/target_8.png
42,3,113,modular,7,e,img/target_3.png
42,3,114,modular,8,i,img/target_8.png
42,3,115,modular,5,u,img/target_7.png
42,3,116,modular,4,q,img/target_1.png
42,3,117,modular,1,b,img/target_6.png
42,3,118,modular,3,r,img/target_4.png
42,3,119,modular,1,b,img/target_6.png
42,3,120,modular,0,w,img/target_2.png
42,3,121,modular,3,r,img/target_4.png
42,3,122,modular,1,b,img/target_6.png
42,3,123,modular,2,o,img/target_9.png
42,3,124,modular,0,w,img/target_2.png
42,3,125,modular,3,r,img/target_4.png
42,3,126,modular,0,w,img/target_2.png
42,3,127,modular,3,r,img/target_4.png
42,3,128,modular,2,o,img/target_9.png
42,3,129,modular,0,w,img/target_2.png
42,3,130,modular,1,b,img/target_6.png
42,3,131,modular,0,w,img/target_2.png
42,3,132,modular,1,b,img/target_6.png
42,3,133,modular,3,r,img/target_4.png
42,3,134,modular,4,q,img/target_1.png
42,3,135,modular,5,u,img/target_7.png
42,3,136,modular,8,i,img/target_8.png
42,3,137,modular,7,e,img/target_3.png
42,3,138,modular,8,i,img/target_8.png
42,3,139,modular,9,p,img/target_10.png
42,3,140,modular,0,w,img/target_2.png
42,3,141,modular,2,o,img/target_9.png
42,3,142,modular,3,r,img/target_4.png
42,3,143,modular,0,w,img/target_2.png
42,3,144,modular,2,o,img/target_9.png
42,3,145,modular,3,r,img/target_4.png
42,3,146,modular,4,q,img/target_1.png
42,3,147,modular,5,u,img/target_7.png
42,3,148,modular,4,q,img/target_1.png
42,3,149,modular,1,b,img/target_6.png
42,3,150,modular,2,o,img/target_9.png
42,3,151,modular,1,b,img/target_6.png
42,3,152,modular,4,q,img/target_1.png
42,3,153,modular,5,u,img/target_7.png
42,3,154,modular,4,q,img/target_1.png
42,3,155,modular,2,o,img/target_9.png
42,3,156,modular,1,b,img/target_6.png
42,3,157,modular,2,o,img/target_9.png
42,3,158,modular,1,b,img/target_6.png
42,3,159,modular,3,r,img/target_4.png
42,3,160,modular,0,w,img/target_2.png
42,3,161,modular,1,b,img/target_6.png
42,3,162,modular,0,w,img/target_2.png
42,3,163,modular,2,o,img/target_9.png
42,3,164,modular,4,q,img/target_1.png
42,3,165,modular,5,u,img/target_7.png
42,3,166,modular,7,e,img/target_3.png
42,3,167,modular,9,p,img/target_10.png
42,3,168,modular,7,e,img/target_3.png
42,3,169,modular,9,p,img/target_10.png
42,3,170,modular,0,w,img/target_2.png
42,3,171,modular,9,p,img/target_10.png
42,3,172,modular,7,e,img/target_3.png
42,3,173,modular,6,v,img/target_5.png
42,3,174,modular,8,i,img/target_8.png
42,3,175,modular,7,e,img/target_3.png
42,3,176,modular,5,u,img/target_7.png
42,3,177,modular,4,q,img/target_1.png
42,3,178,modular,5,u,img/target_7.png
42,3,179,modular,8,i,img/target_8.png
42,3,180,modular,7,e,img/target_3.png
42,3,181,modular,8,i,img/target_8.png
42,3,182,modular,6,v,img/target_5.png
42,3,183,modular,5,u,img/target_7.png
42,3,184,modular,4,q,img/target_1.png
42,3,185,modular,3,r,img/target_4.png
42,3,186,modular,1,b,img/target_6.png
42,3,187,modular,4,q,img/target_1.png
42,3,188,modular,2,o,img/target_9.png
42,3,189,modular,4,q,img/target_1.png
42,3,190,modular,5,u,img/target_7.png
42,3,191,modular,7,e,img/target_3.png
42,3,192,modular,5,u,img/target_7.png
42,3,193,modular,6,v,img/target_5.png
42,3,194,modular,5,u,img/target_7.png
42,3,195,modular,7,e,img/target_3.png
42,3,196,modular,8,i,img/target_8.png
42,3,197,modular,6,v,img/target_5.png
42,3,198,modular,9,p,img/target_10.png
42,3,199,modular,6,v,img/target_5.png
42,3,200,modular,5,u,img/target_7.png
42,3,201,modular,8,i,img/target_8.png
42,3,202,modular,9,p,img/target_10.png
42,3,203,modular,6,v,img/target_5.png
42,3,204,modular,8,i,img/target_8.png
42,3,205,modular,7,e,img/target_3.png
42,3,206,modular,8,i,img/target_8.png
42,3,207,modular,6,v,img/target_5.png
42,3,208,modular,9,p,img/target_10.png
42,3,209,modular,8,i,img/target_8.png
42,3,210,modular,6,v,img/target_5.png
42,3,211,modular,5,u,img/target_7.png
42,3,212,modular,6,v,img/target_5.png
42,3,213,modular,8,i,img/target_8.png
42,3,214,modular,9,p,img/target_10.png
42,3,215,modular,0,w,img/target_2.png
42,3,216,modular,9,p,img/target_10.png
42,3,217,modular,6,v,img/target_5.png
42,3,218,modular,8,i,img/target_8.png
42,3,219,modular,5,u,img/target_7.png
42,3,220,modular,4,q,img/target_1.png
42,3,221,modular,5,u,img/target_7.png
42,3,222,modular,8,i,img/target_8.png
42,3,223,modular,7,e,img/target_3.png
42,3,224,modular,6,v,img/target_5.png
42,3,225,modular,7,e,img/target_3.png
42,3,226,modular,9,p,img/target_10.png
42,3,227,modular,8,i,img/target_8.png
42,3,228,modular,6,v,img/target_5.png
42,3,229,modular,8,i,img/target_8.png
42,3,230,modular,7,e,img/target_3.png
42,3,231,modular,5,u,img/target_7.png
42,3,232,modular,4,q,img/target_1.png
42,3,233,modular,3,r,img/target_4.png
42,3,234,modular,2,o,img/target_9.png
42,3,235,modular,3,r,img/target_4.png
42,3,236,modular,0,w,img/target_2.png
42,3,237,modular,2,o,img/target_9.png
42,3,238,modular,0,w,img/target_2.png
42,3,239,modular,2,o,img/target_9.png
42,3,240,modular,3,r,img/target_4.png
42,3,241,modular,1,b,img/target_6.png
42,3,242,modular,2,o,img/target_9.png
42,3,243,modular,3,r,img/target_4.png
42,3,244,modular,2,o,img/target_9.png
42,3,245,modular,0,w,img/target_2.png
42,3,246,modular,2,o,img/target_9.png
42,3,247,modular,1,b,img/target_6.png
42,3,248,modular,4,q,img/target_1.png
42,3,249,modular,2,o,img/target_9.png
42,3,250,modular,4,q,img/target_1.png
42,3,251,modular,5,u,img/target_7.png
42,3,252,modular,7,e,img/target_3.png
42,3,253,modular,8,i,img/target_8.png
42,3,254,modular,5,u,img/target_7.png
42,3,255,modular,4,q,img/target_1.png
42,3,256,modular,2,o,img/target_9.png
42,3,257,modular,3,r,img/target_4.png
42,3,258,modular,4,q,img/target_1.png
42,3,259,modular,5,u,img/target_7.png
42,3,260,modular,8,i,img/target_8.png
42,3,261,modular,7,e,img/target_3.png
42,3,262,modular,6,v,img/target_5.png
42,3,263,modular,7,e,img/target_3.png
42,3,264,modular,6,v,img/target_5.png
42,3,265,modular,9,p,img/target_10.png
42,3,266,modular,0,w,img/target_2.png
42,3,267,modular,9,p,img/target_10.png
42,3,268,modular,8,i,img/target_8.png
42,3,269,modular,7,e,img/target_3.png
42,3,270,modular,6,v,img/target_5.png
42,3,271,modular,7,e,img/target_3.png
42,3,272,modular,5,u,img/target_7.png
42,3,273,modular,4,q,img/target_1.png
42,3,274,modular,5,u,img/target_7.png
42,3,275,modular,7,e,img/target_3.png
42,3,276,modular,5,u,img/target_7.png
42,3,277,modular,8,i,img/target_8.png
42,3,278,modular,7,e,img/target_3.png
42,3,279,modular,5,u,img/target_7.png
42,3,280,modular,7,e,img/target_3.png
42,3,281,modular,5,u,img/target_7.png
42,3,282,modular,6,v,img/target_5.png
42,3,283,modular,8,i,img/target_8.png
42,3,284,modular,7,e,img/target_3.png
42,3,285,modular,6,v,img/target_5.png
42,3,286,modular,5,u,img/target_7.png
42,3,287,modular,4,q,img/target_1.png
42,3,288,modular,1,b,img/target_6.png
42,3,289,modular,0,w,img/target_2.png
42,3,290,modular,1,b,img/target_6.png
42,3,291,modular,4,q,img/target_1.png
42,3,292,modular,2,o,img/target_9.png
42,3,293,modular,1,b,img/target_6.png
42,3,294,modular,4,q,img/target_1.png
42,3,295,modular,1,b,img/target_6.png
42,3,296,modular,3,r,img/target_4.png
42,3,297,modular,2,o,img/target_9.png
42,3,298,modular,0,w,img/target_2.png
42,3,299,modular,9,p,img/target_10.png
42,3,300,modular,0,w,img/target_2.png
42,3,301,modular,2,o,img/target_9.png
42,3,302,modular,4,q,img/target_1.png
42,3,303,modular,3,r,img/target_4.png
42,3,304,modular,2,o,img/target_9.png
42,3,305,modular,4,q,img/target_1.png
42,3,306,modular,3,r,img/target_4.png
42,3,307,modular,4,q,img/target_1.png
42,3,308,modular,5,u,img/target_7.png
42,3,309,modular,4,q,img/target_1.png
42,3,310,modular,1,b,img/target_6.png
42,3,311,modular,4,q,img/target_1.png
42,3,312,modular,5,u,img/target_7.png
42,3,313,modular,6,v,img/target_5.png
42,3,314,modular,8,i,img/target_8.png
42,3,315,modular,7,e,img/target_3.png
42,3,316,modular,6,v,img/target_5.png
42,3,317,modular,8,i,img/target_8.png
42,3,318,modular,5,u,img/target_7.png
42,3,319,modular,7,e,img/target_3.png
42,3,320,modular,8,i,img/target_8.png
42,3,321,modular,7,e,img/target_3.png
42,3,322,modular,6,v,img/target_5.png
42,3,323,modular,9,p,img/target_10.png
42,3,324,modular,6,v,img/target_5.png
42,3,325,modular,5,u,img/target_7.png
42,3,326,modular,7,e,img/target_3.png
42,3,327,modular,5,u,img/target_7.png
42,3,328,modular,8,i,img/target_8.png
42,3,329,modular,7,e,img/target_3.png
42,3,330,modular,5,u,img/target_7.png
42,3,331,modular,6,v,img/target_5.png
42,3,332,modular,8,i,img/target_8.png
42,3,333,modular,9,p,img/target_10.png
42,3,334,modular,7,e,img/target_3.png
42,3,335,modular,8,i,img/target_8.png
42,3,336,modular,7,e,img/target_3.png
42,3,337,modular,9,p,img/target_10.png
42,3,338,modular,6,v,img/target_5.png
42,3,339,modular,5,u,img/target_7.png
42,3,340,modular,4,q,img/target_1.png
42,3,341,modular,3,r,img/target_4.png
42,3,342,modular,0,w,img/target_2.png
42,3,343,modular,2,o,img/target_9.png
42,3,344,modular,1,b,img/target_6.png
42,3,345,modular,2,o,img/target_9.png
42,3,346,modular,1,b,img/target_6.png
42,3,347,modular,3,r,img/target_4.png
42,3,348,modular,2,o,img/target_9.png
42,3,349,modular,4,q,img/target_1.png
42,3,350,modular,2,o,img/target_9.png
42,3,351,modular,1,b,img/target_6.png
42,3,352,modular,0,w,img/target_2.png
42,3,353,modular,2,o,img/target_9.png
42,3,354,modular,1,b,img/target_6.png
42,3,355,modular,0,w,img/target_2.png
42,3,356,modular,2,o,img/target_9.png
42,3,357,modular,0,w,img/target_2.png
42,3,358,modular,1,b,img/target_6.png
42,3,359,modular,3,r,img/target_4.png
42,3,360,modular,2,o,img/target_9.png
42,3,361,modular,4,q,img/target_1.png
42,3,362,modular,2,o,img/target_9.png
42,3,363,modular,3,r,img/target_4.png
42,3,364,modular,1,b,img/target_6.png
42,3,365,modular,2,o,img/target_9.png
42,3,366,modular,0,w,img/target_2.png
42,3,367,modular,3,r,img/target_4.png
42,3,368,modular,1,b,img/target_6.png
42,3,369,modular,4,q,img/target_1.png
42,3,370,modular,2,o,img/target_9.png
42,3,371,modular,3,r,img/target_4.png
42,3,372,modular,4,q,img/target_1.png
42,3,373,modular,1,b,img/target_6.png
42,3,374,modular,3,r,img/target_4.png
42,3,375,modular,4,q,img/target_1.png
42,3,376,modular,2,o,img/target_9.png
42,3,377,modular,4,q,img/target_1.png
42,3,378,modular,3,r,img/target_4.png
42,3,379,modular,4,q,img/target_1.png
42,3,380,modular,2,o,img/target_9.png
42,3,381,modular,3,r,img/target_4.png
42,3,382,modular,4,q,img/target_1.png
42,3,383,modular,1,b,img/target_6.png
42,3,384,modular,3,r,img/target_4.png
42,3,385,modular,1,b,img/target_6.png
42,3,386,modular,2,o,img/target_9.png
42,3,387,modular,0,w,img/target_2.png
42,3,388,modular,9,p,img/target_10.png
42,3,389,modular,8,i,img/target_8.png
42,3,390,modular,5,u,img/target_7.png
42,3,391,modular,4,q,img/target_1.png
42,3,392,modular,2,o,img/target_9.png
42,3,393,modular,1,b,img/target_6.png
42,3,394,modular,3,r,img/target_4.png
42,3,395,modular,0,w,img/target_2.png
42,3,396,modular,3,r,img/target_4.png
42,3,397,modular,1,b,img/target_6.png
42,3,398,modular,3,r,img/target_4.png
42,3,399,modular,1,b,img/target_6.png
42,3,400,modular,4,q,img/target_1.png
42,3,401,modular,1,b,img/target_6.png
42,3,402,modular,2,o,img/target_9.png
42,3,403,modular,3,r,img/target_4.png
42,3,404,modular,4,q,img/target_1.png
42,3,405,modular,1,b,img/target_6.png
42,3,406,modular,0,w,img/target_2.png
42,3,407,modular,9,p,img/target_10.png
42,3,408,modular,7,e,img/target_3.png
42,3,409,modular,5,u,img/target_7.png
42,3,410,modular,7,e,img/target_3.png
42,3,411,modular,5,u,img/target_7.png
42,3,412,modular,8,i,img/target_8.png
42,3,413,modular,6,v,img/target_5.png
42,3,414,modular,9,p,img/target_10.png
42,3,415,modular,6,v,img/target_5.png
42,3,416,modular,9,p,img/target_10.png
42,3,417,modular,7,e,img/target_3.png
42,3,418,modular,5,u,img/target_7.png
42,3,419,modular,7,e,img/target_3.png
42,3,420,modular,6,v,img/target_5.png
42,3,421,modular,7,e,img/target_3.png
42,3,422,modular,8,i,img/target_8.png
42,3,423,modular,6,v,img/target_5.png
42,3,424,modular,9,p,img/target_10.png
42,3,425,modular,0,w,img/target_2.png
42,3,426,modular,3,r,img/target_4.png
42,3,427,modular,2,o,img/target_9.png
42,3,428,modular,3,r,img/target_4.png
42,3,429,modular,1,b,img/target_6.png
42,3,430,modular,3,r,img/target_4.png
42,3,431,modular,2,o,img/target_9.png
42,3,432,modular,4,q,img/target_1.png
42,3,433,modular,5,u,img/target_7.png
42,3,434,modular,7,e,img/target_3.png
42,3,435,modular,8,i,img/target_8.png
42,3,436,modular,7,e,img/target_3.png
42,3,437,modular,5,u,img/target_7.png
42,3,438,modular,6,v,img/target_5.png
42,3,439,modular,9,p,img/target_10.png
42,3,440,modular,8,i,img/target_8.png
42,3,441,modular,9,p,img/target_10.png
42,3,442,modular,7,e,img/target_3.png
42,3,443,modular,8,i,img/target_8.png
42,3,444,modular,5,u,img/target_7.png
42,3,445,modular,8,i,img/target_8.png
42,3,446,modular,5,u,img/target_7.png
42,3,447,modular,7,e,img/target_3.png
42,3,448,modular,5,u,img/target_7.png
42,3,449,modular,6,v,img/target_5.png
42,3,450,modular,8,i,img/target_8.png
42,3,451,modular,9,p,img/target_10.png
42,3,452,modular,7,e,img/target_3.png
42,3,453,modular,5,u,img/target_7.png
42,3,454,modular,6,v,img/target_5.png
42,3,455,modular,9,p,img/target_10.png
42,3,456,modular,8,i,img/target_8.png
42,3,457,modular,5,u,img/target_7.png
42,3,458,modular,7,e,img/target_3.png
42,3,459,modular,9,p,img/target_10.png
42,3,460,modular,0,w,img/target_2.png
42,3,461,modular,3,r,img/target_4.png
42,3,462,modular,1,b,img/target_6.png
42,3,463,modular,2,o,img/target_9.png
42,3,464,modular,3,r,img/target_4.png
42,3,465,modular,4,q,img/target_1.png
42,3,466,modular,3,r,img/target_4.png
42,3,467,modular,4,q,img/target_1.png
42,3,468,modular,3,r,img/target_4.png
42,3,469,modular,2,o,img/target_9.png
42,3,470,modular,1,b,img/target_6.png
42,3,471,modular,0,w,img/target_2.png
42,3,472,modular,2,o,img/target_9.png
42,3,473,modular,1,b,img/target_6.png
42,3,474,modular,2,o,img/target_9.png
42,3,475,modular,1,b,img/target_6.png
42,3,476,modular,3,r,img/target_4.png
42,3,477,modular,4,q,img/target_1.png
42,3,478,modular,5,u,img/target_7.png
42,3,479,modular,6,v,img/target_5.png
42,3,480,modular,7,e,img/target_3.png
42,3,481,modular,6,v,img/target_5.png
42,3,482,modular,8,i,img/target_8.png
42,3,483,modular,7,e,img/target_3.png
42,3,484,modular,6,v,img/target_5.png
42,3,485,modular,7,e,img/target_3.png
42,3,486,modular,9,p,img/target_10.png
42,3,487,modular,8,i,img/target_8.png
42,3,488,modular,7,e,img/target_3.png
42,3,489,modular,5,u,img/target_7.png
42,3,490,modular,6,v,img/target_5.png
42,3,491,modular,9,p,img/target_10.png
42,3,492,modular,8,i,img/target_8.png
42,3,493,modular,6,v,img/target_5.png
42,3,494,modular,9,p,img/target_10.png
42,3,495,modular,6,v,img/target_5.png
42,3,496,modular,9,p,img/target_10.png
42,3,497,modular,7,e,img/target_3.png
42,3,498,modular,9,p,img/target_10.png
42,3,499,modular,6,v,img/target_5.png
42,3,500,modular,9,p,img/target_10.png
42,3,501,modular,7,e,img/target_3.png
42,3,502,modular,6,v,img/target_5.png
42,3,503,modular,9,p,img/target_10.png
42,3,504,modular,0,w,img/target_2.png
42,3,505,modular,2,o,img/target_9.png
42,3,506,modular,0,w,img/target_2.png
42,3,507,modular,2,o,img/target_9.png
42,3,508,modular,3,r,img/target_4.png
42,3,509,modular,2,o,img/target_9.png
42,3,510,modular,3,r,img/target_4.png
42,3,511,modular,2,o,img/target_9.png
42,3,512,modular,0,w,img/target_2.png
42,3,513,modular,2,o,img/target_9.png
42,3,514,modular,4,q,img/target_1.png
42,3,515,modular,1,b,img/target_6.png
42,3,516,modular,2,o,img/target_9.png
42,3,517,modular,1,b,img/target_6.png
42,3,518,modular,2,o,img/target_9.png
42,3,519,modular,0,w,img/target_2.png
42,3,520,modular,2,o,img/target_9.png
42,3,521,modular,4,q,img/target_1.png
42,3,522,modular,2,o,img/target_9.png
42,3,523,modular,4,q,img/target_1.png
42,3,524,modular,5,u,img/target_7.png
42,3,525,modular,4,q,img/target_1.png
42,3,526,modular,3,r,img/target_4.png
42,3,527,modular,0,w,img/target_2.png
42,3,528,modular,2,o,img/target_9.png
42,3,529,modular,3,r,img/target_4.png
42,3,530,modular,2,o,img/target_9.png
42,3,531,modular,4,q,img/target_1.png
42,3,532,modular,2,o,img/target_9.png
42,3,533,modular,1,b,img/target_6.png
42,3,534,modular,0,w,img/target_2.png
42,3,535,modular,9,p,img/target_10.png
42,3,536,modular,8,i,img/target_8.png
42,3,537,modular,9,p,img/target_10.png
42,3,538,modular,6,v,img/target_5.png
42,3,539,modular,7,e,img/target_3.png
42,3,540,modular,6,v,img/target_5.png
42,3,541,modular,9,p,img/target_10.png
42,3,542,modular,0,w,img/target_2.png
42,3,543,modular,3,r,img/target_4.png
42,3,544,modular,2,o,img/target_9.png
42,3,545,modular,3,r,img/target_4.png
42,3,546,modular,0,w,img/target_2.png
42,3,547,modular,3,r,img/target_4.png
42,3,548,modular,4,q,img/target_1.png
42,3,549,modular,3,r,img/target_4.png
42,3,550,modular,4,q,img/target_1.png
42,3,551,modular,5,u,img/target_7.png
42,3,552,modular,6,v,img/target_5.png
42,3,553,modular,5,u,img/target_7.png
42,3,554,modular,7,e,img/target_3.png
42,3,555,modular,5,u,img/target_7.png
42,3,556,modular,7,e,img/target_3.png
42,3,557,modular,5,u,img/target_7.png
42,3,558,modular,7,e,img/target_3.png
42,3,559,modular,8,i,img/target_8.png
42,3,560,modular,5,u,img/target_7.png
42,3,561,modular,8,i,img/target_8.png
42,3,562,modular,5,u,img/target_7.png
42,3,563,modular,4,q,img/target_1.png
42,3,564,modular,2,o,img/target_9.png
42,3,565,modular,1,b,img/target_6.png
42,3,566,modular,4,q,img/target_1.png
42,3,567,modular,1,b,img/target_6.png
42,3,568,modular,0,w,img/target_2.png
42,3,569,modular,9,p,img/target_10.png
42,3,570,modular,7,e,img/target_3.png
42,3,571,modular,8,i,img/target_8.png
42,3,572,modular,6,v,img/target_5.png
42,3,573,modular,8,i,img/target_8.png
42,3,574,modular,6,v,img/target_5.png
42,3,575,modular,7,e,img/target_3.png
42,3,576,modular,8,i,img/target_8.png
42,3,577,modular,9,p,img/target_10.png
42,3,578,modular,6,v,img/target_5.png
42,3,579,modular,9,p,img/target_10.png
42,3,580,modular,6,v,img/target_5.png
42,3,581,modular,9,p,img/target_10.png
42,3,582,modular,8,i,img/target_8.png
42,3,583,modular,7,e,img/target_3.png
42,3,584,modular,9,p,img/target_10.png
42,3,585,modular,7,e,img/target_3.png
42,3,586,modular,6,v,img/target_5.png
42,3,587,modular,9,p,img/target_10.png
42,3,588,modular,7,e,img/target_3.png
42,3,589,modular,6,v,img/target_5.png
42,3,590,modular,7,e,img/target_3.png
42,3,591,modular,5,u,img/target_7.png
42,3,592,modular,7,e,img/target_3.png
42,3,593,modular,9,p,img/target_10.png
42,3,594,modular,0,w,img/target_2.png
42,3,595,modular,3,r,img/target_4.png
42,3,596,modular,2,o,img/target_9.png
42,3,597,modular,1,b,img/target_6.png
42,3,598,modular,2,o,img/target_9.png
42,3,599,modular,1,b,img/target_6.png
42,3,600,modular,3,r,img/target_4.png
42,3,601,modular,1,b,img/target_6.png
42,3,602,modular,2,o,img/target_9.png
42,3,603,modular,1,b,img/target_6.png
42,3,604,modular,3,r,img/target_4.png
42,3,605,modular,1,b,img/target_6.png
42,3,606,modular,4,q,img/target_1.png
42,3,607,modular,5,u,img/target_7.png
42,3,608,modular,6,v,img/target_5.png
42,3,609,modular,7,e,img/target_3.png
42,3,610,modular,5,u,img/target_7.png
42,3,611,modular,4,q,img/target_1.png
42,3,612,modular,1,b,img/target_6.png
42,3,613,modular,4,q,img/target_1.png
42,3,614,modular,1,b,img/target_6.png
42,3,615,modular,0,w,img/target_2.png
42,3,616,modular,1,b,img/target_6.png
42,3,617,modular,4,q,img/target_1.png
42,3,618,modular,2,o,img/target_9.png
42,3,619,modular,0,w,img/target_2.png
42,3,620,modular,1,b,img/target_6.png
42,3,621,modular,2,o,img/target_9.png
42,3,622,modular,3,r,img/target_4.png
42,3,623,modular,4,q,img/target_1.png
42,3,624,modular,3,r,img/target_4.png
42,3,625,modular,2,o,img/target_9.png
42,3,626,modular,3,r,img/target_4.png
42,3,627,modular,2,o,img/target_9.png
42,3,628,modular,3,r,img/target_4.png
42,3,629,modular,1,b,img/target_6.png
42,3,630,modular,0,w,img/target_2.png
42,3,631,modular,9,p,img/target_10.png
42,3,632,modular,8,i,img/target_8.png
42,3,633,modular,7,e,img/target_3.png
42,3,634,modular,8,i,img/target_8.png
42,3,635,modular,9,p,img/target_10.png
42,3,636,modular,8,i,img/target_8.png
42,3,637,modular,6,v,img/target_5.png
42,3,638,modular,9,p,img/target_10.png
42,3,639,modular,0,w,img/target_2.png
42,3,640,modular,2,o,img/target_9.png
42,3,641,modular,1,b,img/target_6.png
42,3,642,modular,3,r,img/target_4.png
42,3,643,modular,2,o,img/target_9.png
42,3,644,modular,4,q,img/target_1.png
42,3,645,modular,2,o,img/target_9.png
42,3,646,modular,3,r,img/target_4.png
42,3,647,modular,2,o,img/target_9.png
42,3,648,modular,0,w,img/target_2.png
42,3,649,modular,2,o,img/target_9.png
42,3,650,modular,3,r,img/target_4.png
42,3,651,modular,4,q,img/target_1.png
42,3,652,modular,2,o,img/target_9.png
42,3,653,modular,4,q,img/target_1.png
42,3,654,modular,2,o,img/target_9.png
42,3,655,modular,0,w,img/target_2.png
42,3,656,modular,2,o,img/target_9.png
42,3,657,modular,0,w,img/target_2.png
42,3,658,modular,3,r,img/target_4.png
42,3,659,modular,1,b,img/target_6.png
42,3,660,modular,2,o,img/target_9.png
42,3,661,modular,1,b,img/target_6.png
42,3,662,modular,3,r,img/target_4.png
42,3,663,modular,4,q,img/target_1.png
42,3,664,modular,5,u,img/target_7.png
42,3,665,modular,6,v,img/target_5.png
42,3,666,modular,9,p,img/target_10.png
42,3,667,modular,0,w,img/target_2.png
42,3,668,modular,9,p,img/target_10.png
42,3,669,modular,7,e,img/target_3.png
42,3,670,modular,8,i,img/target_8.png
42,3,671,modular,7,e,img/target_3.png
42,3,672,modular,6,v,img/target_5.png
42,3,673,modular,9,p,img/target_10.png
42,3,674,modular,8,i,img/target_8.png
42,3,675,modular,7,e,img/target_3.png
42,3,676,modular,5,u,img/target_7.png
42,3,677,modular,4,q,img/target_1.png
42,3,678,modular,2,o,img/target_9.png
42,3,679,modular,4,q,img/target_1.png
42,3,680,modular,2,o,img/target_9.png
42,3,681,modular,0,w,img/target_2.png
42,3,682,modular,3,r,img/target_4.png
42,3,683,modular,0,w,img/target_2.png
42,3,684,modular,2,o,img/target_9.png
42,3,685,modular,1,b,img/target_6.png
42,3,686,modular,2,o,img/target_9.png
42,3,687,modular,4,q,img/target_1.png
42,3,688,modular,1,b,img/target_6.png
42,3,689,modular,3,r,img/target_4.png
42,3,690,modular,1,b,img/target_6.png
42,3,691,modular,2,o,img/target_9.png
42,3,692,modular,1,b,img/target_6.png
42,3,693,modular,0,w,img/target_2.png
42,3,694,modular,2,o,img/target_9.png
42,3,695,modular,4,q,img/target_1.png
42,3,696,modular,3,r,img/target_4.png
42,3,697,modular,4,q,img/target_1.png
42,3,698,modular,1,b,img/target_6.png
42,3,699,modular,3,r,img/target_4.png
42,3,700,modular,0,w,img/target_2.png
42,3,701,modular,1,b,img/target_6.png
42,3,702,modular,4,q,img/target_1.png
42,3,703,modular,1,b,img/target_6.png
42,3,704,modular,4,q,img/target_1.png
42,3,705,modular,3,r,img/target_4.png
42,3,706,modular,4,q,img/target_1.png
42,3,707,modular,3,r,img/target_4.png
42,3,708,modular,0,w,img/target_2.png
42,3,709,modular,9,p,img/target_10.png
42,3,710,modular,7,e,img/target_3.png
42,3,711,modular,5,u,img/target_7.png
42,3,712,modular,4,q,img/target_1.png
42,3,713,modular,2,o,img/target_9.png
42,3,714,modular,0,w,img/target_2.png
42,3,715,modular,9,p,img/target_10.png
42,3,716,modular,7,e,img/target_3.png
42,3,717,modular,9,p,img/target_10.png
42,3,718,modular,7,e,img/target_3.png
42,3,719,modular,6,v,img/target_5.png
42,3,720,modular,5,u,img/target_7.png
42,3,721,modular,4,q,img/target_1.png
42,3,722,modular,1,b,img/target_6.png
42,3,723,modular,4,q,img/target_1.png
42,3,724,modular,3,r,img/target_4.png
42,3,725,modular,4,q,img/target_1.png
42,3,726,modular,2,o,img/target_9.png
42,3,727,modular,3,r,img/target_4.png
42,3,728,modular,2,o,img/target_9.png
42,3,729,modular,1,b,img/target_6.png
42,3,730,modular,4,q,img/target_1.png
42,3,731,modular,1,b,img/target_6.png
42,3,732,modular,4,q,img/target_1.png
42,3,733,modular,2,o,img/target_9.png
42,3,734,modular,0,w,img/target_2.png
42,3,735,modular,9,p,img/target_10.png
42,3,736,modular,0,w,img/target_2.png
42,3,737,modular,9,p,img/target_10.png
42,3,738,modular,0,w,img/target_2.png
42,3,739,modular,1,b,img/target_6.png
42,3,740,modular,2,o,img/target_9.png
42,3,741,modular,0,w,img/target_2.png
42,3,742,modular,1,b,img/target_6.png
42,3,743,modular,3,r,img/target_4.png
42,3,744,modular,2,o,img/target_9.png
42,3,745,modular,1,b,img/target_6.png
42,3,746,modular,3,r,img/target_4.png
42,3,747,modular,0,w,img/target_2.png
42,3,748,modular,3,r,img/target_4.png
42,3,749,modular,1,b,img/target_6.png
42,3,750,modular,3,r,img/target_4.png
42,3,751,modular,1,b,img/target_6.png
42,3,752,modular,0,w,img/target_2.png
42,3,753,modular,3,r,img/target_4.png
42,3,754,modular,1,b,img/target_6.png
42,3,755,modular,2,o,img/target_9.png
42,3,756,modular,4,q,img/target_1.png
42,3,757,modular,2,o,img/target_9.png
42,3,758,modular,4,q,img/target_1.png
42,3,759,modular,1,b,img/target_6.png
42,3,760,modular,4,q,img/target_1.png
42,3,761,modular,1,b,img/target_6.png
42,3,762,modular,3,r,img/target_4.png
42,3,763,modular,2,o,img/target_9.png
42,3,764,modular,1,b,img/target_6.png
42,3,765,modular,4,q,img/target_1.png
42,3,766,modular,5,u,img/target_7.png
42,3,767,modular,7,e,img/target_3.png
42,3,768,modular,5,u,img/target_7.png
42,3,769,modular,4,q,img/target_1.png
42,3,770,modular,2,o,img/target_9.png
42,3,771,modular,3,r,img/target_4.png
42,3,772,modular,2,o,img/target_9.png
42,3,773,modular,1,b,img/target_6.png
42,3,774,modular,3,r,img/target_4.png
42,3,775,modular,1,b,img/target_6.png
42,3,776,modular,0,w,img/target_2.png
42,3,777,modular,2,o,img/target_9.png
42,3,778,modular,0,w,img/target_2.png
42,3,779,modular,2,o,img/target_9.png
42,3,780,modular,4,q,img/target_1.png
42,3,781,modular,1,b,img/target_6.png
42,3,782,modular,2,o,img/target_9.png
42,3,783,modular,1,b,img/target_6.png
42,3,784,modular,2,o,img/target_9.png
42,3,785,modular,1,b,img/target_6.png
42,3,786,modular,3,r,img/target_4.png
42,3,787,modular,1,b,img/target_6.png
42,3,788,modular,3,r,img/target_4.png
42,3,789,modular,4,q,img/target_1.png
42,3,790,modular,5,u,img/target_7.png
42,3,791,modular,6,v,img/target_5.png
42,3,792,modular,5,u,img/target_7.png
42,3,793,modular,4,q,img/target_1.png
42,3,794,modular,3,r,img/target_4.png
42,3,795,modular,4,q,img/target_1.png
42,3,796,modular,5,u,img/target_7.png
42,3,797,modular,7,e,img/target_3.png
42,3,798,modular,9,p,img/target_10.png
42,3,799,modular,8,i,img/target_8.png
42,3,800,modular,9,p,img/target_10.png
42,3,801,modular,8,i,img/target_8.png
42,3,802,modular,7,e,img/target_3.png
42,3,803,modular,9,p,img/target_10.png
42,3,804,modular,7,e,img/target_3.png
42,3,805,modular,8,i,img/target_8.png
42,3,806,modular,7,e,img/target_3.png
42,3,807,modular,9,p,img/target_10.png
42,3,808,modular,7,e,img/target_3.png
42,3,809,modular,6,v,img/target_5.png
42,3,810,modular,7,e,img/target_3.png
42,3,811,modular,8,i,img/target_8.png
42,3,812,modular,6,v,img/target_5.png
42,3,813,modular,8,i,img/target_8.png
42,3,814,modular,7,e,img/target_3.png
42,3,815,modular,6,v,img/target_5.png
42,3,816,modular,8,i,img/target_8.png
42,3,817,modular,5,u,img/target_7.png
42,3,818,modular,6,v,img/target_5.png
42,3,819,modular,5,u,img/target_7.png
42,3,820,modular,7,e,img/target_3.png
42,3,821,modular,9,p,img/target_10.png
42,3,822,modular,8,i,img/target_8.png
42,3,823,modular,9,p,img/target_10.png
42,3,824,modular,0,w,img/target_2.png
42,3,825,modular,3,r,img/target_4.png
42,3,826,modular,2,o,img/target_9.png
42,3,827,modular,4,q,img/target_1.png
42,3,828,modular,5,u,img/target_7.png
42,3,829,modular,7,e,img/target_3.png
42,3,830,modular,6,v,img/target_5.png
42,3,831,modular,7,e,img/target_3.png
42,3,832,modular,8,i,img/target_8.png
42,3,833,modular,9,p,img/target_10.png
42,3,834,modular,0,w,img/target_2.png
42,3,835,modular,3,r,img/target_4.png
42,3,836,modular,2,o,img/target_9.png
42,3,837,modular,3,r,img/target_4.png
42,3,838,modular,2,o,img/target_9.png
42,3,839,modular,3,r,img/target_4.png
42,3,840,modular,4,q,img/target_1.png
42,3,841,modular,5,u,img/target_7.png
42,3,842,modular,6,v,img/target_5.png
42,3,843,modular,8,i,img/target_8.png
42,3,844,modular,7,e,img/target_3.png
42,3,845,modular,8,i,img/target_8.png
42,3,846,modular,7,e,img/target_3.png
42,3,847,modular,5,u,img/target_7.png
42,3,848,modular,7,e,img/target_3.png
42,3,849,modular,5,u,img/target_7.png
42,3,850,modular,4,q,img/target_1.png
42,3,851,modular,5,u,img/target_7.png
42,3,852,modular,6,v,img/target_5.png
42,3,853,modular,5,u,img/target_7.png
42,3,854,modular,6,v,img/target_5.png
42,3,855,modular,9,p,img/target_10.png
42,3,856,modular,6,v,img/target_5.png
42,3,857,modular,8,i,img/target_8.png
42,3,858,modular,6,v,img/target_5.png
42,3,859,modular,5,u,img/target_7.png
42,3,860,modular,8,i,img/target_8.png
42,3,861,modular,6,v,img/target_5.png
42,3,862,modular,8,i,img/target_8.png
42,3,863,modular,9,p,img/target_10.png
42,3,864,modular,8,i,img/target_8.png
42,3,865,modular,9,p,img/target_10.png
42,3,866,modular,0,w,img/target_2.png
42,3,867,modular,2,o,img/target_9.png
42,3,868,modular,4,q,img/target_1.png
42,3,869,modular,3,r,img/target_4.png
42,3,870,modular,2,o,img/target_9.png
42,3,871,modular,4,q,img/target_1.png
42,3,872,modular,3,r,img/target_4.png
42,3,873,modular,0,w,img/target_2.png
42,3,874,modular,3,r,img/target_4.png
42,3,875,modular,2,o,img/target_9.png
42,3,876,modular,1,b,img/target_6.png
42,3,877,modular,3,r,img/target_4.png
42,3,878,modular,2,o,img/target_9.png
42,3,879,modular,1,b,img/target_6.png
42,3,880,modular,3,r,img/target_4.png
42,3,881,modular,1,b,img/target_6.png
42,3,882,modular,4,q,img/target_1.png
42,3,883,modular,5,u,img/target_7.png
42,3,884,modular,7,e,img/target_3.png
42,3,885,modular,9,p,img/target_10.png
42,3,886,modular,0,w,img/target_2.png
42,3,887,modular,3,r,img/target_4.png
42,3,888,modular,4,q,img/target_1.png
42,3,889,modular,2,o,img/target_9.png
42,3,890,modular,0,w,img/target_2.png
42,3,891,modular,1,b,img/target_6.png
42,3,892,modular,3,r,img/target_4.png
42,3,893,modular,0,w,img/target_2.png
42,3,894,modular,9,p,img/target_10.png
42,3,895,modular,7,e,img/target_3.png
42,3,896,modular,6,v,img/target_5.png
42,3,897,modular,8,i,img/target_8.png
42,3,898,modular,9,p,img/target_10.png
42,3,899,modular,7,e,img/target_3.png
42,3,900,modular,5,u,img/target_7.png
42,3,901,modular,4,q,img/target_1.png
42,3,902,modular,2,o,img/target_9.png
42,3,903,modular,3,r,img/target_4.png
42,3,904,modular,2,o,img/target_9.png
42,3,905,modular,4,q,img/target_1.png
42,3,906,modular,5,u,img/target_7.png
42,3,907,modular,7,e,img/target_3.png
42,3,908,modular,6,v,img/target_5.png
42,3,909,modular,8,i,img/target_8.png
42,3,910,modular,5,u,img/target_7.png
42,3,911,modular,7,e,img/target_3.png
42,3,912,modular,6,v,img/target_5.png
42,3,913,modular,7,e,img/target_3.png
42,3,914,modular,5,u,img/target_7.png
42,3,915,modular,4,q,img/target_1.png
42,3,916,modular,3,r,img/target_4.png
42,3,917,modular,4,q,img/target_1.png
42,3,918,modular,3,r,img/target_4.png
42,3,919,modular,1,b,img/target_6.png
42,3,920,modular,3,r,img/target_4.png
42,3,921,modular,0,w,img/target_2.png
42,3,922,modular,3,r,img/target_4.png
42,3,923,modular,1,b,img/target_6.png
42,3,924,modular,4,q,img/target_1.png
42,3,925,modular,5,u,img/target_7.png
42,3,926,modular,8,i,img/target_8.png
42,3,927,modular,9,p,img/target_10.png
42,3,928,modular,7,e,img/target_3.png
42,3,929,modular,6,v,img/target_5.png
42,3,930,modular,9,p,img/target_10.png
42,3,931,modular,6,v,img/target_5.png
42,3,932,modular,7,e,img/target_3.png
42,3,933,modular,8,i,img/target_8.png
42,3,934,modular,5,u,img/target_7.png
42,3,935,modular,6,v,img/target_5.png
42,3,936,modular,5,u,img/target_7.png
42,3,937,modular,8,i,img/target_8.png
42,3,938,modular,5,u,img/target_7.png
42,3,939,modular,8,i,img/target_8.png
42,3,940,modular,9,p,img/target_10.png
42,3,941,modular,8,i,img/target_8.png
42,3,942,modular,9,p,img/target_10.png
42,3,943,modular,6,v,img/target_5.png
42,3,944,modular,7,e,img/target_3.png
42,3,945,modular,9,p,img/target_10.png
42,3,946,modular,7,e,img/target_3.png
42,3,947,modular,8,i,img/target_8.png
42,3,948,modular,6,v,img/target_5.png
42,3,949,modular,7,e,img/target_3.png
42,3,950,modular,9,p,img/target_10.png
42,3,951,modular,6,v,img/target_5.png
42,3,952,modular,8,i,img/target_8.png
42,3,953,modular,5,u,img/target_7.png
42,3,954,modular,4,q,img/target_1.png
42,3,955,modular,1,b,img/target_6.png
42,3,956,modular,2,o,img/target_9.png
42,3,957,modular,0,w,img/target_2.png
42,3,958,modular,2,o,img/target_9.png
42,3,959,modular,3,r,img/target_4.png
42,3,960,modular,4,q,img/target_1.png
42,3,961,modular,5,u,img/target_7.png
42,3,962,modular,8,i,img/target_8.png
42,3,963,modular,6,v,img/target_5.png
42,3,964,modular,5,u,img/target_7.png
42,3,965,modular,6,v,img/target_5.png
42,3,966,modular,9,p,img/target_10.png
42,3,967,modular,8,i,img/target_8.png
42,3,968,modular,7,e,img/target_3.png
42,3,969,modular,8,i,img/target_8.png
42,3,970,modular,6,v,img/target_5.png
42,3,971,modular,7,e,img/target_3.png
42,3,972,modular,8,i,img/target_8.png
42,3,973,modular,6,v,img/target_5.png
42,3,974,modular,7,e,img/target_3.png
42,3,975,modular,8,i,img/target_8.png
42,3,976,modular,6,v,img/target_5.png
42,3,977,modular,8,i,img/target_8.png
42,3,978,modular,7,e,img/target_3.png
42,3,979,modular,9,p,img/target_10.png
42,3,980,modular,8,i,img/target_8.png
42,3,981,modular,9,p,img/target_10.png
42,3,982,modular,0,w,img/target_2.png
42,3,983,modular,3,r,img/target_4.png
42,3,984,modular,0,w,img/target_2.png
42,3,985,modular,1,b,img/target_6.png
42,3,986,modular,4,q,img/target_1.png
42,3,987,modular,1,b,img/target_6.png
42,3,988,modular,3,r,img/target_4.png
42,3,989,modular,4,q,img/target_1.png
42,3,990,modular,1,b,img/target_6.png
42,3,991,modular,0,w,img/target_2.png
42,3,992,modular,1,b,img/target_6.png
42,3,993,modular,2,o,img/target_9.png
42,3,994,modular,0,w,img/target_2.png
42,3,995,modular,2,o,img/target_9.png
42,3,996,modular,1,b,img/target_6.png
42,3,997,modular,2,o,img/target_9.png
42,3,998,modular,1,b,img/target_6.png
42,3,999,modular,3,r,img/target_4.png
42,3,1000,modular,0,w,img/target_2.png
