pID,sess,trialNum,graph,walk,resp,path
42,1,1,modular,7,e,img/target_3.png
42,1,2,modular,9,p,img/target_10.png
42,1,3,modular,8,i,img/target_8.png
42,1,4,modular,9,p,img/target_10.png
42,1,5,modular,7,e,img/target_3.png
42,1,6,modular,5,u,img/target_7.png
42,1,7,modular,8,i,img/target_8.png
42,1,8,modular,6,v,img/target_5.png
42,1,9,modular,7,e,img/target_3.png
42,1,10,modular,9,p,img/target_10.png
42,1,11,modular,0,w,img/target_2.png
42,1,12,modular,1,b,img/target_6.png
42,1,13,modular,4,q,img/target_1.png
42,1,14,modular,1,b,img/target_6.png
42,1,15,modular,2,o,img/target_9.png
42,1,16,modular,3,r,img/target_4.png
42,1,17,modular,1,b,img/target_6.png
42,1,18,modular,0,w,img/target_2.png
42,1,19,modular,9,p,img/target_10.png
42,1,20,modular,7,e,img/target_3.png
42,1,21,modular,8,i,img/target_8.png
42,1,22,modular,6,v,img/target_5.png
42,1,23,modular,5,u,img/target_7.png
42,1,24,modular,6,v,img/target_5.png
42,1,25,modular,5,u,img/target_7.png
42,1,26,modular,7,e,img/target_3.png
42,1,27,modular,6,v,img/target_5.png
42,1,28,modular,5,u,img/target_7.png
42,1,29,modular,8,i,img/target_8.png
42,1,30,modular,9,p,img/target_10.png
42,1,31,modular,7,e,img/target_3.png
42,1,32,modular,6,v,img/target_5.png
42,1,33,modular,7,e,img/target_3.png
42,1,34,modular,5,u,img/target_7.png
42,1,35,modular,8,i,img/target_8.png
42,1,36,modular,6,v,img/target_5.png
42,1,37,modular,8,i,img/target_8.png
42,1,38,modular,5,u,img/target_7.png
42,1,39,modular,6,v,img/target_5.png
42,1,40,modular,9,p,img/target_10.png
42,1,41,modular,7,e,img/target_3.png
42,1,42,modular,9,p,img/target_10.png
42,1,43,modular,0,w,img/target_2.png
42,1,44,modular,9,p,img/target_10.png
42,1,45,modular,7,e,img/target_3.png
42,1,46,modular,8,i,img/target_8.png
42,1,47,modular,9,p,img/target_10.png
42,1,48,modular,6,v,img/target_5.png
42,1,49,modular,8,i,img/target_8.png
42,1,50,modular,6,v,img/target_5.png
42,1,51,modular,9,p,img/target_10.png
42,1,52,modular,7,e,img/target_3.png
42,1,53,modular,5,u,img/target_7.png
42,1,54,modular,4,q,img/target_1.png
42,1,55,modular,2,o,img/target_9.png
42,1,56,modular,0,w,img/target_2.png
42,1,57,modular,9,p,img/target_10.png
42,1,58,modular,7,e,img/target_3.png
42,1,59,modular,8,i,img/target_8.png
42,1,60,modular,9,p,img/target_10.png
42,1,61,modular,6,v,img/target_5.png
42,1,62,modular,5,u,img/target_7.png
42,1,63,modular,6,v,img/target_5.png
42,1,64,modular,5,u,img/target_7.png
42,1,65,modular,7,e,img/target_3.png
42,1,66,modular,9,p,img/target_10.png
42,1,67,modular,0,w,img/target_2.png
42,1,68,modular,3,r,img/target_4.png
42,1,69,modular,0,w,img/target_2.png
42,1,70,modular,9,p,img/target_10.png
42,1,71,modular,6,v,img/target_5.png
42,1,72,modular,9,p,img/target_10.png
42,1,73,modular,0,w,img/target_2.png
42,1,74,modular,2,o,img/target_9.png
42,1,75,modular,4,q,img/target_1.png
42,1,76,modular,5,u,img/target_7.png
42,1,77,modular,7,e,img/target_3.png
42,1,78,modular,8,i,img/target_8.png
42,1,79,modular,9,p,img/target_10.png
42,1,80,modular,8,i,img/target_8.png
42,1,81,modular,6,v,img/target_5.png
42,1,82,modular,8,i,img/target_8.png
42,1,83,modular,9,p,img/target_10.png
42,1,84,modular,6,v,img/target_5.png
42,1,85,modular,5,u,img/target_7.png
42,1,86,modular,4,q,img/target_1.png
42,1,87,modular,2,o,img/target_9.png
42,1,88,modular,4,q,img/target_1.png
42,1,89,modular,3,r,img/target_4.png
42,1,90,modular,0,w,img/target_2.png
42,1,91,modular,3,r,img/target_4.png
42,1,92,modular,1,b,img/target_6.png
42,1,93,modular,0,w,img/target_2.png
42,1,94,modular,2,o,img/target_9.png
42,1,95,modular,3,r,img/target_4.png
42,1,96,modular,4,q,img/target_1.png
42,1,97,modular,5,u,img/target_7.png
42,1,98,modular,6,v,img/target_5.png
42,1,99,modular,7,e,img/target_3.png
42,1,100,modular,8,i,img/target_8.png
42,1,101,modular,6,v,img/target_5.png
42,1,102,modular,7,e,img/target_3.png
42,1,103,modular,6,v,img/target_5.png
42,1,104,modular,8,i,img/target_8.png
42,1,105,modular,6,v,img/target_5.png
42,1,106,modular,9,p,img/target_10.png
42,1,107,modular,7,e,img/target_3.png
42,1,108,modular,9,p,img/target_10.png
42,1,109,modular,8,i,img/target_8.png
42,1,110,modular,9,p,img/target_10.png
42,1,111,modular,7,e,img/target_3.png
42,1,112,modular,8,i,img/target_8.png
42,1,113,modular,7,e,img/target_3.png
42,1,114,modular,8,i,img/target_8.png
42,1,115,modular,6,v,img/target_5.png
42,1,116,modular,9,p,img/target_10.png
42,1,117,modular,7,e,img/target_3.png
42,1,118,modular,8,i,img/target_8.png
42,1,119,modular,9,p,img/target_10.png
42,1,120,modular,6,v,img/target_5.png
42,1,121,modular,9,p,img/target_10.png
42,1,122,modular,8,i,img/target_8.png
42,1,123,modular,9,p,img/target_10.png
42,1,124,modular,6,v,img/target_5.png
42,1,125,modular,7,e,img/target_3.png
42,1,126,modular,6,v,img/target_5.png
42,1,127,modular,5,u,img/target_7.png
42,1,128,modular,7,e,img/target_3.png
42,1,129,modular,5,u,img/target_7.png
42,1,130,modular,4,q,img/target_1.png
42,1,131,modular,1,b,img/target_6.png
42,1,132,modular,4,q,img/target_1.png
42,1,133,modular,1,b,img/target_6.png
42,1,134,modular,3,r,img/target_4.png
42,1,135,modular,0,w,img/target_2.png
42,1,136,modular,2,o,img/target_9.png
42,1,137,modular,0,w,img/target_2.png
42,1,138,modular,9,p,img/target_10.png
42,1,139,modular,6,v,img/target_5.png
42,1,140,modular,8,i,img/target_8.png
42,1,141,modular,7,e,img/target_3.png
42,1,142,modular,6,v,img/target_5.png
42,1,143,modular,8,i,img/target_8.png
42,1,144,modular,9,p,img/target_10.png
42,1,145,modular,6,v,img/target_5.png
42,1,146,modular,8,i,img/target_8.png
42,1,147,modular,9,p,img/target_10.png
42,1,148,modular,7,e,img/target_3.png
42,1,149,modular,8,i,img/target_8.png
42,1,150,modular,9,p,img/target_10.png
42,1,151,modular,7,e,img/target_3.png
42,1,152,modular,6,v,img/target_5.png
42,1,153,modular,8,i,img/target_8.png
42,1,154,modular,9,p,img/target_10.png
42,1,155,modular,6,v,img/target_5.png
42,1,156,modular,5,u,img/target_7.png
42,1,157,modular,8,i,img/target_8.png
42,1,158,modular,6,v,img/target_5.png
42,1,159,modular,9,p,img/target_10.png
42,1,160,modular,6,v,img/target_5.png
42,1,161,modular,8,i,img/target_8.png
42,1,162,modular,9,p,img/target_10.png
42,1,163,modular,8,i,img/target_8.png
42,1,164,modular,6,v,img/target_5.png
42,1,165,modular,9,p,img/target_10.png
42,1,166,modular,8,i,img/target_8.png
42,1,167,modular,5,u,img/target_7.png
42,1,168,modular,8,i,img/target_8.png
42,1,169,modular,9,p,img/target_10.png
42,1,170,modular,0,w,img/target_2.png
42,1,171,modular,9,p,img/target_10.png
42,1,172,modular,6,v,img/target_5.png
42,1,173,modular,5,u,img/target_7.png
42,1,174,modular,8,i,img/target_8.png
42,1,175,modular,5,u,img/target_7.png
42,1,176,modular,7,e,img/target_3.png
42,1,177,modular,9,p,img/target_10.png
42,1,178,modular,8,i,img/target_8.png
42,1,179,modular,6,v,img/target_5.png
42,1,180,modular,5,u,img/target_7.png
42,1,181,modular,6,v,img/target_5.png
42,1,182,modular,7,e,img/target_3.png
42,1,183,modular,5,u,img/target_7.png
42,1,184,modular,4,q,img/target_1.png
42,1,185,modular,1,b,img/target_6.png
42,1,186,modular,0,w,img/target_2.png
42,1,187,modular,1,b,img/target_6.png
42,1,188,modular,0,w,img/target_2.png
42,1,189,modular,3,r,img/target_4.png
42,1,190,modular,1,b,img/target_6.png
42,1,191,modular,0,w,img/target_2.png
42,1,192,modular,2,o,img/target_9.png
42,1,193,modular,1,b,img/target_6.png
42,1,194,modular,4,q,img/target_1.png
42,1,195,modular,3,r,img/target_4.png
42,1,196,modular,4,q,img/target_1.png
42,1,197,modular,3,r,img/target_4.png
42,1,198,modular,4,q,img/target_1.png
42,1,199,modular,5,u,img/target_7.png
42,1,200,modular,7,e,img/target_3.png
42,1,201,modular,8,i,img/target_8.png
42,1,202,modular,7,e,img/target_3.png
42,1,203,modular,6,v,img/target_5.png
42,1,204,modular,5,u,img/target_7.png
42,1,205,modular,4,q,img/target_1.png
42,1,206,modular,2,o,img/target_9.png
42,1,207,modular,4,q,img/target_1.png
42,1,208,modular,5,u,img/target_7.png
42,1,209,modular,8,i,img/target_8.png
42,1,210,modular,6,v,img/target_5.png
42,1,211,modular,9,p,img/target_10.png
42,1,212,modular,8,i,img/target_8.png
42,1,213,modular,9,p,img/target_10.png
42,1,214,modular,0,w,img/target_2.png
42,1,215,modular,1,b,img/target_6.png
42,1,216,modular,2,o,img/target_9.png
42,1,217,modular,3,r,img/target_4.png
42,1,218,modular,2,o,img/target_9.png
42,1,219,modular,0,w,img/target_2.png
42,1,220,modular,3,r,img/target_4.png
42,1,221,modular,4,q,img/target_1.png
42,1,222,modular,2,o,img/target_9.png
42,1,223,modular,4,q,img/target_1.png
42,1,224,modular,3,r,img/target_4.png
42,1,225,modular,1,b,img/target_6.png
42,1,226,modular,3,r,img/target_4.png
42,1,227,modular,1,b,img/target_6.png
42,1,228,modular,3,r,img/target_4.png
42,1,229,modular,0,w,img/target_2.png
42,1,230,modular,9,p,img/target_10.png
42,1,231,modular,0,w,img/target_2.png
42,1,232,modular,3,r,img/target_4.png
42,1,233,modular,2,o,img/target_9.png
42,1,234,modular,0,w,img/target_2.png
42,1,235,modular,2,o,img/target_9.png
42,1,236,modular,0,w,img/target_2.png
42,1,237,modular,3,r,img/target_4.png
42,1,238,modular,2,o,img/target_9.png
42,1,239,modular,4,q,img/target_1.png
42,1,240,modular,5,u,img/target_7.png
42,1,241,modular,4,q,img/target_1.png
42,1,242,modular,1,b,img/target_6.png
42,1,243,modular,2,o,img/target_9.png
42,1,244,modular,4,q,img/target_1.png
42,1,245,modular,3,r,img/target_4.png
42,1,246,modular,4,q,img/target_1.png
42,1,247,modular,1,b,img/target_6.png
42,1,248,modular,3,r,img/target_4.png
42,1,249,modular,4,q,img/target_1.png
42,1,250,modular,3,r,img/target_4.png
42,1,251,modular,4,q,img/target_1.png
42,1,252,modular,5,u,img/target_7.png
42,1,253,modular,8,i,img/target_8.png
42,1,254,modular,6,v,img/target_5.png
42,1,255,modular,7,e,img/target_3.png
42,1,256,modular,5,u,img/target_7.png
42,1,257,modular,7,e,img/target_3.png
42,1,258,modular,5,u,img/target_7.png
42,1,259,modular,4,q,img/target_1.png
42,1,260,modular,1,b,img/target_6.png
42,1,261,modular,3,r,img/target_4.png
42,1,262,modular,0,w,img/target_2.png
42,1,263,modular,9,p,img/target_10.png
42,1,264,modular,6,v,img/target_5.png
42,1,265,modular,8,i,img/target_8.png
42,1,266,modular,6,v,img/target_5.png
42,1,267,modular,7,e,img/target_3.png
42,1,268,modular,6,v,img/target_5.png
42,1,269,modular,8,i,img/target_8.png
42,1,270,modular,6,v,img/target_5.png
42,1,271,modular,8,i,img/target_8.png
42,1,272,modular,5,u,img/target_7.png
42,1,273,modular,8,i,img/target_8.png
42,1,274,modular,9,p,img/target_10.png
42,1,275,modular,8,i,img/target_8.png
42,1,276,modular,9,p,img/target_10.png
42,1,277,modular,0,w,img/target_2.png
42,1,278,modular,9,p,img/target_10.png
42,1,279,modular,7,e,img/target_3.png
42,1,280,modular,8,i,img/target_8.png
42,1,281,modular,9,p,img/target_10.png
42,1,282,modular,7,e,img/target_3.png
42,1,283,modular,9,p,img/target_10.png
42,1,284,modular,6,v,img/target_5.png
42,1,285,modular,7,e,img/target_3.png
42,1,286,modular,6,v,img/target_5.png
42,1,287,modular,7,e,img/target_3.png
42,1,288,modular,5,u,img/target_7.png
42,1,289,modular,8,i,img/target_8.png
42,1,290,modular,9,p,img/target_10.png
42,1,291,modular,7,e,img/target_3.png
42,1,292,modular,6,v,img/target_5.png
42,1,293,modular,5,u,img/target_7.png
42,1,294,modular,8,i,img/target_8.png
42,1,295,modular,7,e,img/target_3.png
42,1,296,modular,6,v,img/target_5.png
42,1,297,modular,7,e,img/target_3.png
42,1,298,modular,5,u,img/target_7.png
42,1,299,modular,8,i,img/target_8.png
42,1,300,modular,6,v,img/target_5.png
42,1,301,modular,9,p,img/target_10.png
42,1,302,modular,0,w,img/target_2.png
42,1,303,modular,2,o,img/target_9.png
42,1,304,modular,0,w,img/target_2.png
42,1,305,modular,9,p,img/target_10.png
42,1,306,modular,8,i,img/target_8.png
42,1,307,modular,6,v,img/target_5.png
42,1,308,modular,7,e,img/target_3.png
42,1,309,modular,9,p,img/target_10.png
42,1,310,modular,6,v,img/target_5.png
42,1,311,modular,5,u,img/target_7.png
42,1,312,modular,7,e,img/target_3.png
42,1,313,modular,8,i,img/target_8.png
42,1,314,modular,5,u,img/target_7.png
42,1,315,modular,4,q,img/target_1.png
42,1,316,modular,3,r,img/target_4.png
42,1,317,modular,1,b,img/target_6.png
42,1,318,modular,0,w,img/target_2.png
42,1,319,modular,9,p,img/target_10.png
42,1,320,modular,7,e,img/target_3.png
42,1,321,modular,6,v,img/target_5.png
42,1,322,modular,8,i,img/target_8.png
42,1,323,modular,5,u,img/target_7.png
42,1,324,modular,8,i,img/target_8.png
42,1,325,modular,9,p,img/target_10.png
42,1,326,modular,6,v,img/target_5.png
42,1,327,modular,8,i,img/target_8.png
42,1,328,modular,9,p,img/target_10.png
42,1,329,modular,7,e,img/target_3.png
42,1,330,modular,8,i,img/target_8.png
42,1,331,modular,5,u,img/target_7.png
42,1,332,modular,7,e,img/target_3.png
42,1,333,modular,6,v,img/target_5.png
42,1,334,modular,5,u,img/target_7.png
42,1,335,modular,7,e,img/target_3.png
42,1,336,modular,8,i,img/target_8.png
42,1,337,modular,9,p,img/target_10.png
42,1,338,modular,8,i,img/target_8.png
42,1,339,modular,9,p,img/target_10.png
42,1,340,modular,7,e,img/target_3.png
42,1,341,modular,8,i,img/target_8.png
42,1,342,modular,9,p,img/target_10.png
42,1,343,modular,7,e,img/target_3.png
42,1,344,modular,9,p,img/target_10.png
42,1,345,modular,0,w,img/target_2.png
42,1,346,modular,3,r,img/target_4.png
42,1,347,modular,1,b,img/target_6.png
42,1,348,modular,0,w,img/target_2.png
42,1,349,modular,3,r,img/target_4.png
42,1,350,modular,0,w,img/target_2.png
42,1,351,modular,3,r,img/target_4.png
42,1,352,modular,2,o,img/target_9.png
42,1,353,modular,1,b,img/target_6.png
42,1,354,modular,3,r,img/target_4.png
42,1,355,modular,0,w,img/target_2.png
42,1,356,modular,3,r,img/target_4.png
42,1,357,modular,0,w,img/target_2.png
42,1,358,modular,2,o,img/target_9.png
42,1,359,modular,1,b,img/target_6.png
42,1,360,modular,2,o,img/target_9.png
42,1,361,modular,3,r,img/target_4.png
42,1,362,modular,0,w,img/target_2.png
42,1,363,modular,2,o,img/target_9.png
42,1,364,modular,3,r,img/target_4.png
42,1,365,modular,2,o,img/target_9.png
42,1,366,modular,1,b,img/target_6.png
42,1,367,modular,0,w,img/target_2.png
42,1,368,modular,9,p,img/target_10.png
42,1,369,modular,7,e,img/target_3.png
42,1,370,modular,9,p,img/target_10.png
42,1,371,modular,8,i,img/target_8.png
42,1,372,modular,6,v,img/target_5.png
42,1,373,modular,8,i,img/target_8.png
42,1,374,modular,5,u,img/target_7.png
42,1,375,modular,4,q,img/target_1.png
42,1,376,modular,1,b,img/target_6.png
42,1,377,modular,3,r,img/target_4.png
42,1,378,modular,0,w,img/target_2.png
42,1,379,modular,1,b,img/target_6.png
42,1,380,modular,4,q,img/target_1.png
42,1,381,modular,3,r,img/target_4.png
42,1,382,modular,0,w,img/target_2.png
42,1,383,modular,1,b,img/target_6.png
42,1,384,modular,2,o,img/target_9.png
42,1,385,modular,0,w,img/target_2.png
42,1,386,modular,2,o,img/target_9.png
42,1,387,modular,0,w,img/target_2.png
42,1,388,modular,9,p,img/target_10.png
42,1,389,modular,0,w,img/target_2.png
42,1,390,modular,2,o,img/target_9.png
42,1,391,modular,1,b,img/target_6.png
42,1,392,modular,2,o,img/target_9.png
42,1,393,modular,1,b,img/target_6.png
42,1,394,modular,4,q,img/target_1.png
42,1,395,modular,2,o,img/target_9.png
42,1,396,modular,1,b,img/target_6.png
42,1,397,modular,0,w,img/target_2.png
42,1,398,modular,3,r,img/target_4.png
42,1,399,modular,2,o,img/target_9.png
42,1,400,modular,3,r,img/target_4.png
42,1,401,modular,1,b,img/target_6.png
42,1,402,modular,2,o,img/target_9.png
42,1,403,modular,0,w,img/target_2.png
42,1,404,modular,9,p,img/target_10.png
42,1,405,modular,0,w,img/target_2.png
42,1,406,modular,3,r,img/target_4.png
42,1,407,modular,2,o,img/target_9.png
42,1,408,modular,3,r,img/target_4.png
42,1,409,modular,4,q,img/target_1.png
42,1,410,modular,1,b,img/target_6.png
42,1,411,modular,0,w,img/target_2.png
42,1,412,modular,9,p,img/target_10.png
42,1,413,modular,7,e,img/target_3.png
42,1,414,modular,8,i,img/target_8.png
42,1,415,modular,6,v,img/target_5.png
42,1,416,modular,5,u,img/target_7.png
42,1,417,modular,4,q,img/target_1.png
42,1,418,modular,5,u,img/target_7.png
42,1,419,modular,7,e,img/target_3.png
42,1,420,modular,9,p,img/target_10.png
42,1,421,modular,7,e,img/target_3.png
42,1,422,modular,5,u,img/target_7.png
42,1,423,modular,7,e,img/target_3.png
42,1,424,modular,5,u,img/target_7.png
42,1,425,modular,7,e,img/target_3.png
42,1,426,modular,5,u,img/target_7.png
42,1,427,modular,6,v,img/target_5.png
42,1,428,modular,9,p,img/target_10.png
42,1,429,modular,8,i,img/target_8.png
42,1,430,modular,7,e,img/target_3.png
42,1,431,modular,5,u,img/target_7.png
42,1,432,modular,4,q,img/target_1.png
42,1,433,modular,1,b,img/target_6.png
42,1,434,modular,3,r,img/target_4.png
42,1,435,modular,1,b,img/target_6.png
42,1,436,modular,3,r,img/target_4.png
42,1,437,modular,2,o,img/target_9.png
42,1,438,modular,4,q,img/target_1.png
42,1,439,modular,5,u,img/target_7.png
42,1,440,modular,4,q,img/target_1.png
42,1,441,modular,1,b,img/target_6.png
42,1,442,modular,4,q,img/target_1.png
42,1,443,modular,2,o,img/target_9.png
42,1,444,modular,3,r,img/target_4.png
42,1,445,modular,2,o,img/target_9.png
42,1,446,modular,1,b,img/target_6.png
42,1,447,modular,3,r,img/target_4.png
42,1,448,modular,0,w,img/target_2.png
42,1,449,modular,1,b,img/target_6.png
42,1,450,modular,0,w,img/target_2.png
42,1,451,modular,2,o,img/target_9.png
42,1,452,modular,0,w,img/target_2.png
42,1,453,modular,3,r,img/target_4.png
42,1,454,modular,1,b,img/target_6.png
42,1,455,modular,3,r,img/target_4.png
42,1,456,modular,1,b,img/target_6.png
42,1,457,modular,4,q,img/target_1.png
42,1,458,modular,3,r,img/target_4.png
42,1,459,modular,2,o,img/target_9.png
42,1,460,modular,0,w,img/target_2.png
42,1,461,modular,3,r,img/target_4.png
42,1,462,modular,0,w,img/target_2.png
42,1,463,modular,2,o,img/target_9.png
42,1,464,modular,4,q,img/target_1.png
42,1,465,modular,5,u,img/target_7.png
42,1,466,modular,8,i,img/target_8.png
42,1,467,modular,6,v,img/target_5.png
42,1,468,modular,8,i,img/target_8.png
42,1,469,modular,9,p,img/target_10.png
42,1,470,modular,6,v,img/target_5.png
42,1,471,modular,7,e,img/target_3.png
42,1,472,modular,9,p,img/target_10.png
42,1,473,modular,8,i,img/target_8.png
42,1,474,modular,7,e,img/target_3.png
42,1,475,modular,6,v,img/target_5.png
42,1,476,modular,9,p,img/target_10.png
42,1,477,modular,7,e,img/target_3.png
42,1,478,modular,6,v,img/target_5.png
42,1,479,modular,9,p,img/target_10.png
42,1,480,modular,8,i,img/target_8.png
42,1,481,modular,6,v,img/target_5.png
42,1,482,modular,9,p,img/target_10.png
42,1,483,modular,7,e,img/target_3.png
42,1,484,modular,8,i,img/target_8.png
42,1,485,modular,6,v,img/target_5.png
42,1,486,modular,5,u,img/target_7.png
42,1,487,modular,8,i,img/target_8.png
42,1,488,modular,6,v,img/target_5.png
42,1,489,modular,8,i,img/target_8.png
42,1,490,modular,5,u,img/target_7.png
42,1,491,modular,7,e,img/target_3.png
42,1,492,modular,9,p,img/target_10.png
42,1,493,modular,0,w,img/target_2.png
42,1,494,modular,1,b,img/target_6.png
42,1,495,modular,4,q,img/target_1.png
42,1,496,modular,3,r,img/target_4.png
42,1,497,modular,2,o,img/target_9.png
42,1,498,modular,4,q,img/target_1.png
42,1,499,modular,5,u,img/target_7.png
42,1,500,modular,7,e,img/target_3.png
42,1,501,modular,8,i,img/target_8.png
42,1,502,modular,7,e,img/target_3.png
42,1,503,modular,8,i,img/target_8.png
42,1,504,modular,6,v,img/target_5.png
42,1,505,modular,9,p,img/target_10.png
42,1,506,modular,6,v,img/target_5.png
42,1,507,modular,8,i,img/target_8.png
42,1,508,modular,7,e,img/target_3.png
42,1,509,modular,8,i,img/target_8.png
42,1,510,modular,5,u,img/target_7.png
42,1,511,modular,6,v,img/target_5.png
42,1,512,modular,7,e,img/target_3.png
42,1,513,modular,9,p,img/target_10.png
42,1,514,modular,0,w,img/target_2.png
42,1,515,modular,3,r,img/target_4.png
42,1,516,modular,0,w,img/target_2.png
42,1,517,modular,3,r,img/target_4.png
42,1,518,modular,0,w,img/target_2.png
42,1,519,modular,2,o,img/target_9.png
42,1,520,modular,1,b,img/target_6.png
42,1,521,modular,0,w,img/target_2.png
42,1,522,modular,1,b,img/target_6.png
42,1,523,modular,4,q,img/target_1.png
42,1,524,modular,1,b,img/target_6.png
42,1,525,modular,3,r,img/target_4.png
42,1,526,modular,1,b,img/target_6.png
42,1,527,modular,4,q,img/target_1.png
42,1,528,modular,1,b,img/target_6.png
42,1,529,modular,3,r,img/target_4.png
42,1,530,modular,4,q,img/target_1.png
42,1,531,modular,1,b,img/target_6.png
42,1,532,modular,0,w,img/target_2.png
42,1,533,modular,3,r,img/target_4.png
42,1,534,modular,2,o,img/target_9.png
42,1,535,modular,1,b,img/target_6.png
42,1,536,modular,2,o,img/target_9.png
42,1,537,modular,1,b,img/target_6.png
42,1,538,modular,3,r,img/target_4.png
42,1,539,modular,0,w,img/target_2.png
42,1,540,modular,3,r,img/target_4.png
42,1,541,modular,4,q,img/target_1.png
42,1,542,modular,1,b,img/target_6.png
42,1,543,modular,4,q,img/target_1.png
42,1,544,modular,3,r,img/target_4.png
42,1,545,modular,4,q,img/target_1.png
42,1,546,modular,2,o,img/target_9.png
42,1,547,modular,0,w,img/target_2.png
42,1,548,modular,3,r,img/target_4.png
42,1,549,modular,0,w,img/target_2.png
42,1,550,modular,3,r,img/target_4.png
42,1,551,modular,0,w,img/target_2.png
42,1,552,modular,3,r,img/target_4.png
42,1,553,modular,2,o,img/target_9.png
42,1,554,modular,3,r,img/target_4.png
42,1,555,modular,4,q,img/target_1.png
42,1,556,modular,5,u,img/target_7.png
42,1,557,modular,7,e,img/target_3.png
42,1,558,modular,6,v,img/target_5.png
42,1,559,modular,5,u,img/target_7.png
42,1,560,modular,6,v,img/target_5.png
42,1,561,modular,9,p,img/target_10.png
42,1,562,modular,0,w,img/target_2.png
42,1,563,modular,9,p,img/target_10.png
42,1,564,modular,7,e,img/target_3.png
42,1,565,modular,5,u,img/target_7.png
42,1,566,modular,8,i,img/target_8.png
42,1,567,modular,9,p,img/target_10.png
42,1,568,modular,8,i,img/target_8.png
42,1,569,modular,7,e,img/target_3.png
42,1,570,modular,6,v,img/target_5.png
42,1,571,modular,9,p,img/target_10.png
42,1,572,modular,8,i,img/target_8.png
42,1,573,modular,7,e,img/target_3.png
42,1,574,modular,5,u,img/target_7.png
42,1,575,modular,4,q,img/target_1.png
42,1,576,modular,2,o,img/target_9.png
42,1,577,modular,3,r,img/target_4.png
42,1,578,modular,2,o,img/target_9.png
42,1,579,modular,1,b,img/target_6.png
42,1,580,modular,3,r,img/target_4.png
42,1,581,modular,1,b,img/target_6.png
42,1,582,modular,0,w,img/target_2.png
42,1,583,modular,3,r,img/target_4.png
42,1,584,modular,1,b,img/target_6.png
42,1,585,modular,2,o,img/target_9.png
42,1,586,modular,1,b,img/target_6.png
42,1,587,modular,0,w,img/target_2.png
42,1,588,modular,9,p,img/target_10.png
42,1,589,modular,8,i,img/target_8.png
42,1,590,modular,6,v,img/target_5.png
42,1,591,modular,5,u,img/target_7.png
42,1,592,modular,8,i,img/target_8.png
42,1,593,modular,7,e,img/target_3.png
42,1,594,modular,6,v,img/target_5.png
42,1,595,modular,7,e,img/target_3.png
42,1,596,modular,5,u,img/target_7.png
42,1,597,modular,4,q,img/target_1.png
42,1,598,modular,3,r,img/target_4.png
42,1,599,modular,4,q,img/target_1.png
42,1,600,modular,3,r,img/target_4.png
42,1,601,modular,0,w,img/target_2.png
42,1,602,modular,9,p,img/target_10.png
42,1,603,modular,8,i,img/target_8.png
42,1,604,modular,9,p,img/target_10.png
42,1,605,modular,0,w,img/target_2.png
42,1,606,modular,1,b,img/target_6.png
42,1,607,modular,0,w,img/target_2.png
42,1,608,modular,3,r,img/target_4.png
42,1,609,modular,1,b,img/target_6.png
42,1,610,modular,3,r,img/target_4.png
42,1,611,modular,4,q,img/target_1.png
42,1,612,modular,3,r,img/target_4.png
42,1,613,modular,4,q,img/target_1.png
42,1,614,modular,3,r,img/target_4.png
42,1,615,modular,1,b,img/target_6.png
42,1,616,modular,0,w,img/target_2.png
42,1,617,modular,9,p,img/target_10.png
42,1,618,modular,8,i,img/target_8.png
42,1,619,modular,9,p,img/target_10.png
42,1,620,modular,8,i,img/target_8.png
42,1,621,modular,7,e,img/target_3.png
42,1,622,modular,5,u,img/target_7.png
42,1,623,modular,6,v,img/target_5.png
42,1,624,modular,8,i,img/target_8.png
42,1,625,modular,5,u,img/target_7.png
42,1,626,modular,8,i,img/target_8.png
42,1,627,modular,6,v,img/target_5.png
42,1,628,modular,8,i,img/target_8.png
42,1,629,modular,9,p,img/target_10.png
42,1,630,modular,0,w,img/target_2.png
42,1,631,modular,2,o,img/target_9.png
42,1,632,modular,4,q,img/target_1.png
42,1,633,modular,1,b,img/target_6.png
42,1,634,modular,0,w,img/target_2.png
42,1,635,modular,9,p,img/target_10.png
42,1,636,modular,8,i,img/target_8.png
42,1,637,modular,6,v,img/target_5.png
42,1,638,modular,7,e,img/target_3.png
42,1,639,modular,8,i,img/target_8.png
42,1,640,modular,9,p,img/target_10.png
42,1,641,modular,0,w,img/target_2.png
42,1,642,modular,9,p,img/target_10.png
42,1,643,modular,0,w,img/target_2.png
42,1,644,modular,3,r,img/target_4.png
42,1,645,modular,4,q,img/target_1.png
42,1,646,modular,2,o,img/target_9.png
42,1,647,modular,0,w,img/target_2.png
42,1,648,modular,9,p,img/target_10.png
42,1,649,modular,0,w,img/target_2.png
42,1,650,modular,2,o,img/target_9.png
42,1,651,modular,4,q,img/target_1.png
42,1,652,modular,3,r,img/target_4.png
42,1,653,modular,1,b,img/target_6.png
42,1,654,modular,3,r,img/target_4.png
42,1,655,modular,1,b,img/target_6.png
42,1,656,modular,0,w,img/target_2.png
42,1,657,modular,3,r,img/target_4.png
42,1,658,modular,0,w,img/target_2.png
42,1,659,modular,1,b,img/target_6.png
42,1,660,modular,0,w,img/target_2.png
42,1,661,modular,1,b,img/target_6.png
42,1,662,modular,3,r,img/target_4.png
42,1,663,modular,1,b,img/target_6.png
42,1,664,modular,3,r,img/target_4.png
42,1,665,modular,0,w,img/target_2.png
42,1,666,modular,2,o,img/target_9.png
42,1,667,modular,0,w,img/target_2.png
42,1,668,modular,1,b,img/target_6.png
42,1,669,modular,2,o,img/target_9.png
42,1,670,modular,4,q,img/target_1.png
42,1,671,modular,1,b,img/target_6.png
42,1,672,modular,4,q,img/target_1.png
42,1,673,modular,1,b,img/target_6.png
42,1,674,modular,3,r,img/target_4.png
42,1,675,modular,0,w,img/target_2.png
42,1,676,modular,1,b,img/target_6.png
42,1,677,modular,2,o,img/target_9.png
42,1,678,modular,4,q,img/target_1.png
42,1,679,modular,3,r,img/target_4.png
42,1,680,modular,4,q,img/target_1.png
42,1,681,modular,3,r,img/target_4.png
42,1,682,modular,2,o,img/target_9.png
42,1,683,modular,1,b,img/target_6.png
42,1,684,modular,0,w,img/target_2.png
42,1,685,modular,1,b,img/target_6.png
42,1,686,modular,2,o,img/target_9.png
42,1,687,modular,4,q,img/target_1.png
42,1,688,modular,3,r,img/target_4.png
42,1,689,modular,0,w,img/target_2.png
42,1,690,modular,9,p,img/target_10.png
42,1,691,modular,8,i,img/target_8.png
42,1,692,modular,9,p,img/target_10.png
42,1,693,modular,6,v,img/target_5.png
42,1,694,modular,5,u,img/target_7.png
42,1,695,modular,8,i,img/target_8.png
42,1,696,modular,9,p,img/target_10.png
42,1,697,modular,0,w,img/target_2.png
42,1,698,modular,9,p,img/target_10.png
42,1,699,modular,7,e,img/target_3.png
42,1,700,modular,8,i,img/target_8.png
42,1,701,modular,7,e,img/target_3.png
42,1,702,modular,9,p,img/target_10.png
42,1,703,modular,6,v,img/target_5.png
42,1,704,modular,8,i,img/target_8.png
42,1,705,modular,7,e,img/target_3.png
42,1,706,modular,8,i,img/target_8.png
42,1,707,modular,9,p,img/target_10.png
42,1,708,modular,0,w,img/target_2.png
42,1,709,modular,3,r,img/target_4.png
42,1,710,modular,4,q,img/target_1.png
42,1,711,modular,2,o,img/target_9.png
42,1,712,modular,4,q,img/target_1.png
42,1,713,modular,1,b,img/target_6.png
42,1,714,modular,0,w,img/target_2.png
42,1,715,modular,2,o,img/target_9.png
42,1,716,modular,4,q,img/target_1.png
42,1,717,modular,1,b,img/target_6.png
42,1,718,modular,3,r,img/target_4.png
42,1,719,modular,2,o,img/target_9.png
42,1,720,modular,1,b,img/target_6.png
42,1,721,modular,3,r,img/target_4.png
42,1,722,modular,1,b,img/target_6.png
42,1,723,modular,2,o,img/target_9.png
42,1,724,modular,1,b,img/target_6.png
42,1,725,modular,3,r,img/target_4.png
42,1,726,modular,1,b,img/target_6.png
42,1,727,modular,2,o,img/target_9.png
42,1,728,modular,3,r,img/target_4.png
42,1,729,modular,2,o,img/target_9.png
42,1,730,modular,0,w,img/target_2.png
42,1,731,modular,2,o,img/target_9.png
42,1,732,modular,0,w,img/target_2.png
42,1,733,modular,2,o,img/target_9.png
42,1,734,modular,0,w,img/target_2.png
42,1,735,modular,3,r,img/target_4.png
42,1,736,modular,4,q,img/target_1.png
42,1,737,modular,3,r,img/target_4.png
42,1,738,modular,4,q,img/target_1.png
42,1,739,modular,5,u,img/target_7.png
42,1,740,modular,6,v,img/target_5.png
42,1,741,modular,8,i,img/target_8.png
42,1,742,modular,7,e,img/target_3.png
42,1,743,modular,5,u,img/target_7.png
42,1,744,modular,6,v,img/target_5.png
42,1,745,modular,5,u,img/target_7.png
42,1,746,modular,8,i,img/target_8.png
42,1,747,modular,9,p,img/target_10.png
42,1,748,modular,0,w,img/target_2.png
42,1,749,modular,3,r,img/target_4.png
42,1,750,modular,2,o,img/target_9.png
42,1,751,modular,1,b,img/target_6.png
42,1,752,modular,0,w,img/target_2.png
42,1,753,modular,1,b,img/target_6.png
42,1,754,modular,3,r,img/target_4.png
42,1,755,modular,4,q,img/target_1.png
42,1,756,modular,3,r,img/target_4.png
42,1,757,modular,4,q,img/target_1.png
42,1,758,modular,2,o,img/target_9.png
42,1,759,modular,0,w,img/target_2.png
42,1,760,modular,2,o,img/target_9.png
42,1,761,modular,4,q,img/target_1.png
42,1,762,modular,5,u,img/target_7.png
42,1,763,modular,4,q,img/target_1.png
42,1,764,modular,1,b,img/target_6.png
42,1,765,modular,0,w,img/target_2.png
42,1,766,modular,1,b,img/target_6.png
42,1,767,modular,2,o,img/target_9.png
42,1,768,modular,4,q,img/target_1.png
42,1,769,modular,5,u,img/target_7.png
42,1,770,modular,6,v,img/target_5.png
42,1,771,modular,5,u,img/target_7.png
42,1,772,modular,4,q,img/target_1.png
42,1,773,modular,5,u,img/target_7.png
42,1,774,modular,7,e,img/target_3.png
42,1,775,modular,9,p,img/target_10.png
42,1,776,modular,8,i,img/target_8.png
42,1,777,modular,9,p,img/target_10.png
42,1,778,modular,0,w,img/target_2.png
42,1,779,modular,1,b,img/target_6.png
42,1,780,modular,0,w,img/target_2.png
42,1,781,modular,2,o,img/target_9.png
42,1,782,modular,3,r,img/target_4.png
42,1,783,modular,4,q,img/target_1.png
42,1,784,modular,2,o,img/target_9.png
42,1,785,modular,3,r,img/target_4.png
42,1,786,modular,4,q,img/target_1.png
42,1,787,modular,2,o,img/target_9.png
42,1,788,modular,4,q,img/target_1.png
42,1,789,modular,3,r,img/target_4.png
42,1,790,modular,1,b,img/target_6.png
42,1,791,modular,3,r,img/target_4.png
42,1,792,modular,1,b,img/target_6.png
42,1,793,modular,2,o,img/target_9.png
42,1,794,modular,4,q,img/target_1.png
42,1,795,modular,3,r,img/target_4.png
42,1,796,modular,1,b,img/target_6.png
42,1,797,modular,4,q,img/target_1.png
42,1,798,modular,3,r,img/target_4.png
42,1,799,modular,2,o,img/target_9.png
42,1,800,modular,0,w,img/target_2.png
42,1,801,modular,2,o,img/target_9.png
42,1,802,modular,4,q,img/target_1.png
42,1,803,modular,2,o,img/target_9.png
42,1,804,modular,4,q,img/target_1.png
42,1,805,modular,1,b,img/target_6.png
42,1,806,modular,4,q,img/target_1.png
42,1,807,modular,2,o,img/target_9.png
42,1,808,modular,1,b,img/target_6.png
42,1,809,modular,2,o,img/target_9.png
42,1,810,modular,3,r,img/target_4.png
42,1,811,modular,4,q,img/target_1.png
42,1,812,modular,1,b,img/target_6.png
42,1,813,modular,4,q,img/target_1.png
42,1,814,modular,2,o,img/target_9.png
42,1,815,modular,0,w,img/target_2.png
42,1,816,modular,1,b,img/target_6.png
42,1,817,modular,0,w,img/target_2.png
42,1,818,modular,9,p,img/target_10.png
42,1,819,modular,8,i,img/target_8.png
42,1,820,modular,9,p,img/target_10.png
42,1,821,modular,7,e,img/target_3.png
42,1,822,modular,9,p,img/target_10.png
42,1,823,modular,0,w,img/target_2.png
42,1,824,modular,9,p,img/target_10.png
42,1,825,modular,8,i,img/target_8.png
42,1,826,modular,7,e,img/target_3.png
42,1,827,modular,6,v,img/target_5.png
42,1,828,modular,5,u,img/target_7.png
42,1,829,modular,7,e,img/target_3.png
42,1,830,modular,9,p,img/target_10.png
42,1,831,modular,6,v,img/target_5.png
42,1,832,modular,7,e,img/target_3.png
42,1,833,modular,6,v,img/target_5.png
42,1,834,modular,5,u,img/target_7.png
42,1,835,modular,4,q,img/target_1.png
42,1,836,modular,3,r,img/target_4.png
42,1,837,modular,4,q,img/target_1.png
42,1,838,modular,3,r,img/target_4.png
42,1,839,modular,2,o,img/target_9.png
42,1,840,modular,4,q,img/target_1.png
42,1,841,modular,1,b,img/target_6.png
42,1,842,modular,2,o,img/target_9.png
42,1,843,modular,3,r,img/target_4.png
42,1,844,modular,1,b,img/target_6.png
42,1,845,modular,4,q,img/target_1.png
42,1,846,modular,5,u,img/target_7.png
42,1,847,modular,4,q,img/target_1.png
42,1,848,modular,2,o,img/target_9.png
42,1,849,modular,4,q,img/target_1.png
42,1,850,modular,2,o,img/target_9.png
42,1,851,modular,0,w,img/target_2.png
42,1,852,modular,9,p,img/target_10.png
42,1,853,modular,7,e,img/target_3.png
42,1,854,modular,9,p,img/target_10.png
42,1,855,modular,7,e,img/target_3.png
42,1,856,modular,9,p,img/target_10.png
42,1,857,modular,0,w,img/target_2.png
42,1,858,modular,1,b,img/target_6.png
42,1,859,modular,0,w,img/target_2.png
42,1,860,modular,9,p,img/target_10.png
42,1,861,modular,0,w,img/target_2.png
42,1,862,modular,3,r,img/target_4.png
42,1,863,modular,1,b,img/target_6.png
42,1,864,modular,3,r,img/target_4.png
42,1,865,modular,0,w,img/target_2.png
42,1,866,modular,3,r,img/target_4.png
42,1,867,modular,2,o,img/target_9.png
42,1,868,modular,3,r,img/target_4.png
42,1,869,modular,0,w,img/target_2.png
42,1,870,modular,1,b,img/target_6.png
42,1,871,modular,0,w,img/target_2.png
42,1,872,modular,2,o,img/target_9.png
42,1,873,modular,4,q,img/target_1.png
42,1,874,modular,2,o,img/target_9.png
42,1,875,modular,1,b,img/target_6.png
42,1,876,modular,3,r,img/target_4.png
42,1,877,modular,1,b,img/target_6.png
42,1,878,modular,2,o,img/target_9.png
42,1,879,modular,1,b,img/target_6.png
42,1,880,modular,0,w,img/target_2.png
42,1,881,modular,1,b,img/target_6.png
42,1,882,modular,0,w,img/target_2.png
42,1,883,modular,9,p,img/target_10.png
42,1,884,modular,6,v,img/target_5.png
42,1,885,modular,9,p,img/target_10.png
42,1,886,modular,6,v,img/target_5.png
42,1,887,modular,5,u,img/target_7.png
42,1,888,modular,7,e,img/target_3.png
42,1,889,modular,8,i,img/target_8.png
42,1,890,modular,9,p,img/target_10.png
42,1,891,modular,7,e,img/target_3.png
42,1,892,modular,5,u,img/target_7.png
42,1,893,modular,7,e,img/target_3.png
42,1,894,modular,6,v,img/target_5.png
42,1,895,modular,9,p,img/target_10.png
42,1,896,modular,7,e,img/target_3.png
42,1,897,modular,8,i,img/target_8.png
42,1,898,modular,6,v,img/target_5.png
42,1,899,modular,5,u,img/target_7.png
42,1,900,modular,8,i,img/target_8.png
42,1,901,modular,7,e,img/target_3.png
42,1,902,modular,6,v,img/target_5.png
42,1,903,modular,9,p,img/target_10.png
42,1,904,modular,8,i,img/target_8.png
42,1,905,modular,7,e,img/target_3.png
42,1,906,modular,8,i,img/target_8.png
42,1,907,modular,9,p,img/target_10.png
42,1,908,modular,7,e,img/target_3.png
42,1,909,modular,9,p,img/target_10.png
42,1,910,modular,0,w,img/target_2.png
42,1,911,modular,9,p,img/target_10.png
42,1,912,modular,6,v,img/target_5.png
42,1,913,modular,7,e,img/target_3.png
42,1,914,modular,8,i,img/target_8.png
42,1,915,modular,5,u,img/target_7.png
42,1,916,modular,4,q,img/target_1.png
42,1,917,modular,2,o,img/target_9.png
42,1,918,modular,3,r,img/target_4.png
42,1,919,modular,4,q,img/target_1.png
42,1,920,modular,2,o,img/target_9.png
42,1,921,modular,0,w,img/target_2.png
42,1,922,modular,2,o,img/target_9.png
42,1,923,modular,3,r,img/target_4.png
42,1,924,modular,0,w,img/target_2.png
42,1,925,modular,3,r,img/target_4.png
42,1,926,modular,2,o,img/target_9.png
42,1,927,modular,4,q,img/target_1.png
42,1,928,modular,3,r,img/target_4.png
42,1,929,modular,4,q,img/target_1.png
42,1,930,modular,5,u,img/target_7.png
42,1,931,modular,6,v,img/target_5.png
42,1,932,modular,9,p,img/target_10.png
42,1,933,modular,0,w,img/target_2.png
42,1,934,modular,3,r,img/target_4.png
42,1,935,modular,4,q,img/target_1.png
42,1,936,modular,1,b,img/target_6.png
42,1,937,modular,4,q,img/target_1.png
42,1,938,modular,1,b,img/target_6.png
42,1,939,modular,4,q,img/target_1.png
42,1,940,modular,5,u,img/target_7.png
42,1,941,modular,6,v,img/target_5.png
42,1,942,modular,8,i,img/target_8.png
42,1,943,modular,9,p,img/target_10.png
42,1,944,modular,0,w,img/target_2.png
42,1,945,modular,2,o,img/target_9.png
42,1,946,modular,0,w,img/target_2.png
42,1,947,modular,3,r,img/target_4.png
42,1,948,modular,4,q,img/target_1.png
42,1,949,modular,3,r,img/target_4.png
42,1,950,modular,0,w,img/target_2.png
42,1,951,modular,1,b,img/target_6.png
42,1,952,modular,3,r,img/target_4.png
42,1,953,modular,1,b,img/target_6.png
42,1,954,modular,4,q,img/target_1.png
42,1,955,modular,3,r,img/target_4.png
42,1,956,modular,4,q,img/target_1.png
42,1,957,modular,5,u,img/target_7.png
42,1,958,modular,8,i,img/target_8.png
42,1,959,modular,9,p,img/target_10.png
42,1,960,modular,0,w,img/target_2.png
42,1,961,modular,3,r,img/target_4.png
42,1,962,modular,1,b,img/target_6.png
42,1,963,modular,0,w,img/target_2.png
42,1,964,modular,1,b,img/target_6.png
42,1,965,modular,0,w,img/target_2.png
42,1,966,modular,3,r,img/target_4.png
42,1,967,modular,1,b,img/target_6.png
42,1,968,modular,3,r,img/target_4.png
42,1,969,modular,2,o,img/target_9.png
42,1,970,modular,1,b,img/target_6.png
42,1,971,modular,3,r,img/target_4.png
42,1,972,modular,1,b,img/target_6.png
42,1,973,modular,4,q,img/target_1.png
42,1,974,modular,1,b,img/target_6.png
42,1,975,modular,0,w,img/target_2.png
42,1,976,modular,1,b,img/target_6.png
42,1,977,modular,4,q,img/target_1.png
42,1,978,modular,3,r,img/target_4.png
42,1,979,modular,2,o,img/target_9.png
42,1,980,modular,4,q,img/target_1.png
42,1,981,modular,3,r,img/target_4.png
42,1,982,modular,1,b,img/target_6.png
42,1,983,modular,0,w,img/target_2.png
42,1,984,modular,9,p,img/target_10.png
42,1,985,modular,7,e,img/target_3.png
42,1,986,modular,8,i,img/target_8.png
42,1,987,modular,7,e,img/target_3.png
42,1,988,modular,8,i,img/target_8.png
42,1,989,modular,7,e,img/target_3.png
42,1,990,modular,8,i,img/target_8.png
42,1,991,modular,5,u,img/target_7.png
42,1,992,modular,7,e,img/target_3.png
42,1,993,modular,5,u,img/target_7.png
42,1,994,modular,8,i,img/target_8.png
42,1,995,modular,5,u,img/target_7.png
42,1,996,modular,4,q,img/target_1.png
42,1,997,modular,1,b,img/target_6.png
42,1,998,modular,0,w,img/target_2.png
42,1,999,modular,1,b,img/target_6.png
42,1,1000,modular,4,q,img/target_1.png
