pID,sess,trialNum,graph,walk,resp,path
42,2,1,modular,3,r,img/target_4.png
42,2,2,modular,2,o,img/target_9.png
42,2,3,modular,1,b,img/target_6.png
42,2,4,modular,2,o,img/target_9.png
42,2,5,modular,3,r,img/target_4.png
42,2,6,modular,0,w,img/target_2.png
42,2,7,modular,1,b,img/target_6.png
42,2,8,modular,0,w,img/target_2.png
42,2,9,modular,3,r,img/target_4.png
42,2,10,modular,2,o,img/target_9.png
42,2,11,modular,3,r,img/target_4.png
42,2,12,modular,1,b,img/target_6.png
42,2,13,modular,3,r,img/target_4.png
42,2,14,modular,1,b,img/target_6.png
42,2,15,modular,2,o,img/target_9.png
42,2,16,modular,3,r,img/target_4.png
42,2,17,modular,1,b,img/target_6.png
42,2,18,modular,0,w,img/target_2.png
42,2,19,modular,3,r,img/target_4.png
42,2,20,modular,1,b,img/target_6.png
42,2,21,modular,4,q,img/target_1.png
42,2,22,modular,2,o,img/target_9.png
42,2,23,modular,4,q,img/target_1.png
42,2,24,modular,2,o,img/target_9.png
42,2,25,modular,3,r,img/target_4.png
42,2,26,modular,1,b,img/target_6.png
42,2,27,modular,4,q,img/target_1.png
42,2,28,modular,1,b,img/target_6.png
42,2,29,modular,4,q,img/target_1.png
42,2,30,modular,5,u,img/target_7.png
42,2,31,modular,4,q,img/target_1.png
42,2,32,modular,5,u,img/target_7.png
42,2,33,modular,6,v,img/target_5.png
42,2,34,modular,5,u,img/target_7.png
42,2,35,modular,7,e,img/target_3.png
42,2,36,modular,5,u,img/target_7.png
42,2,37,modular,6,v,img/target_5.png
42,2,38,modular,7,e,img/target_3.png
42,2,39,modular,6,v,img/target_5.png
42,2,40,modular,8,i,img/target_8.png
42,2,41,modular,7,e,img/target_3.png
42,2,42,modular,9,p,img/target_10.png
42,2,43,modular,7,e,img/target_3.png
42,2,44,modular,9,p,img/target_10.png
42,2,45,modular,6,v,img/target_5.png
42,2,46,modular,8,i,img/target_8.png
42,2,47,modular,5,u,img/target_7.png
42,2,48,modular,7,e,img/target_3.png
42,2,49,modular,9,p,img/target_10.png
42,2,50,modular,0,w,img/target_2.png
42,2,51,modular,1,b,img/target_6.png
42,2,52,modular,3,r,img/target_4.png
42,2,53,modular,0,w,img/target_2.png
42,2,54,modular,9,p,img/target_10.png
42,2,55,modular,6,v,img/target_5.png
42,2,56,modular,9,p,img/target_10.png
42,2,57,modular,7,e,img/target_3.png
42,2,58,modular,9,p,img/target_10.png
42,2,59,modular,0,w,img/target_2.png
42,2,60,modular,1,b,img/target_6.png
42,2,61,modular,3,r,img/target_4.png
42,2,62,modular,2,o,img/target_9.png
42,2,63,modular,4,q,img/target_1.png
42,2,64,modular,5,u,img/target_7.png
42,2,65,modular,7,e,img/target_3.png
42,2,66,modular,8,i,img/target_8.png
42,2,67,modular,9,p,img/target_10.png
42,2,68,modular,0,w,img/target_2.png
42,2,69,modular,3,r,img/target_4.png
42,2,70,modular,0,w,img/target_2.png
42,2,71,modular,3,r,img/target_4.png
42,2,72,modular,2,o,img/target_9.png
42,2,73,modular,0,w,img/target_2.png
42,2,74,modular,9,p,img/target_10.png
42,2,75,modular,8,i,img/target_8.png
42,2,76,modular,7,e,img/target_3.png
42,2,77,modular,8,i,img/target_8.png
42,2,78,modular,5,u,img/target_7.png
42,2,79,modular,6,v,img/target_5.png
42,2,80,modular,9,p,img/target_10.png
42,2,81,modular,6,v,img/target_5.png
42,2,82,modular,9,p,img/target_10.png
42,2,83,modular,8,i,img/target_8.png
42,2,84,modular,7,e,img/target_3.png
42,2,85,modular,6,v,img/target_5.png
42,2,86,modular,9,p,img/target_10.png
42,2,87,modular,6,v,img/target_5.png
42,2,88,modular,5,u,img/target_7.png
42,2,89,modular,7,e,img/target_3.png
42,2,90,modular,9,p,img/target_10.png
42,2,91,modular,7,e,img/target_3.png
42,2,92,modular,6,v,img/target_5.png
42,2,93,modular,5,u,img/target_7.png
42,2,94,modular,8,i,img/target_8.png
42,2,95,modular,5,u,img/target_7.png
42,2,96,modular,8,i,img/target_8.png
42,2,97,modular,5,u,img/target_7.png
42,2,98,modular,7,e,img/target_3.png
42,2,99,modular,6,v,img/target_5.png
42,2,100,modular,8,i,img/target_8.png
42,2,101,modular,5,u,img/target_7.png
42,2,102,modular,8,i,img/target_8.png
42,2,103,modular,6,v,img/target_5.png
42,2,104,modular,5,u,img/target_7.png
42,2,105,modular,7,e,img/target_3.png
42,2,106,modular,5,u,img/target_7.png
42,2,107,modular,6,v,img/target_5.png
42,2,108,modular,9,p,img/target_10.png
42,2,109,modular,8,i,img/target_8.png
42,2,110,modular,7,e,img/target_3.png
42,2,111,modular,6,v,img/target_5.png
42,2,112,modular,7,e,img/target_3.png
42,2,113,modular,9,p,img/target_10.png
42,2,114,modular,0,w,img/target_2.png
42,2,115,modular,1,b,img/target_6.png
42,2,116,modular,0,w,img/target_2.png
42,2,117,modular,1,b,img/target_6.png
42,2,118,modular,0,w,img/target_2.png
42,2,119,modular,1,b,img/target_6.png
42,2,120,modular,3,r,img/target_4.png
42,2,121,modular,4,q,img/target_1.png
42,2,122,modular,2,o,img/target_9.png
42,2,123,modular,4,q,img/target_1.png
42,2,124,modular,5,u,img/target_7.png
42,2,125,modular,7,e,img/target_3.png
42,2,126,modular,8,i,img/target_8.png
42,2,127,modular,9,p,img/target_10.png
42,2,128,modular,7,e,img/target_3.png
42,2,129,modular,6,v,img/target_5.png
42,2,130,modular,8,i,img/target_8.png
42,2,131,modular,7,e,img/target_3.png
42,2,132,modular,6,v,img/target_5.png
42,2,133,modular,7,e,img/target_3.png
42,2,134,modular,9,p,img/target_10.png
42,2,135,modular,6,v,img/target_5.png
42,2,136,modular,8,i,img/target_8.png
42,2,137,modular,7,e,img/target_3.png
42,2,138,modular,5,u,img/target_7.png
42,2,139,modular,4,q,img/target_1.png
42,2,140,modular,5,u,img/target_7.png
42,2,141,modular,7,e,img/target_3.png
42,2,142,modular,8,i,img/target_8.png
42,2,143,modular,7,e,img/target_3.png
42,2,144,modular,5,u,img/target_7.png
42,2,145,modular,8,i,img/target_8.png
42,2,146,modular,6,v,img/target_5.png
42,2,147,modular,9,p,img/target_10.png
42,2,148,modular,0,w,img/target_2.png
42,2,149,modular,9,p,img/target_10.png
42,2,150,modular,8,i,img/target_8.png
42,2,151,modular,7,e,img/target_3.png
42,2,152,modular,5,u,img/target_7.png
42,2,153,modular,7,e,img/target_3.png
42,2,154,modular,8,i,img/target_8.png
42,2,155,modular,9,p,img/target_10.png
42,2,156,modular,7,e,img/target_3.png
42,2,157,modular,5,u,img/target_7.png
42,2,158,modular,4,q,img/target_1.png
42,2,159,modular,5,u,img/target_7.png
42,2,160,modular,4,q,img/target_1.png
42,2,161,modular,2,o,img/target_9.png
42,2,162,modular,3,r,img/target_4.png
42,2,163,modular,4,q,img/target_1.png
42,2,164,modular,5,u,img/target_7.png
42,2,165,modular,6,v,img/target_5.png
42,2,166,modular,8,i,img/target_8.png
42,2,167,modular,9,p,img/target_10.png
42,2,168,modular,8,i,img/target_8.png
42,2,169,modular,9,p,img/target_10.png
42,2,170,modular,7,e,img/target_3.png
42,2,171,modular,8,i,img/target_8.png
42,2,172,modular,5,u,img/target_7.png
42,2,173,modular,8,i,img/target_8.png
42,2,174,modular,9,p,img/target_10.png
42,2,175,modular,8,i,img/target_8.png
42,2,176,modular,5,u,img/target_7.png
42,2,177,modular,7,e,img/target_3.png
42,2,178,modular,9,p,img/target_10.png
42,2,179,modular,7,e,img/target_3.png
42,2,180,modular,9,p,img/target_10.png
42,2,181,modular,7,e,img/target_3.png
42,2,182,modular,6,v,img/target_5.png
42,2,183,modular,5,u,img/target_7.png
42,2,184,modular,7,e,img/target_3.png
42,2,185,modular,9,p,img/target_10.png
42,2,186,modular,7,e,img/target_3.png
42,2,187,modular,6,v,img/target_5.png
42,2,188,modular,5,u,img/target_7.png
42,2,189,modular,4,q,img/target_1.png
42,2,190,modular,2,o,img/target_9.png
42,2,191,modular,0,w,img/target_2.png
42,2,192,modular,9,p,img/target_10.png
42,2,193,modular,7,e,img/target_3.png
42,2,194,modular,6,v,img/target_5.png
42,2,195,modular,9,p,img/target_10.png
42,2,196,modular,7,e,img/target_3.png
42,2,197,modular,5,u,img/target_7.png
42,2,198,modular,6,v,img/target_5.png
42,2,199,modular,8,i,img/target_8.png
42,2,200,modular,6,v,img/target_5.png
42,2,201,modular,9,p,img/target_10.png
42,2,202,modular,7,e,img/target_3.png
42,2,203,modular,6,v,img/target_5.png
42,2,204,modular,5,u,img/target_7.png
42,2,205,modular,8,i,img/target_8.png
42,2,206,modular,5,u,img/target_7.png
42,2,207,modular,8,i,img/target_8.png
42,2,208,modular,9,p,img/target_10.png
42,2,209,modular,6,v,img/target_5.png
42,2,210,modular,9,p,img/target_10.png
42,2,211,modular,0,w,img/target_2.png
42,2,212,modular,3,r,img/target_4.png
42,2,213,modular,4,q,img/target_1.png
42,2,214,modular,1,b,img/target_6.png
42,2,215,modular,2,o,img/target_9.png
42,2,216,modular,1,b,img/target_6.png
42,2,217,modular,2,o,img/target_9.png
42,2,218,modular,1,b,img/target_6.png
42,2,219,modular,3,r,img/target_4.png
42,2,220,modular,2,o,img/target_9.png
42,2,221,modular,4,q,img/target_1.png
42,2,222,modular,2,o,img/target_9.png
42,2,223,modular,4,q,img/target_1.png
42,2,224,modular,1,b,img/target_6.png
42,2,225,modular,2,o,img/target_9.png
42,2,226,modular,4,q,img/target_1.png
42,2,227,modular,3,r,img/target_4.png
42,2,228,modular,0,w,img/target_2.png
42,2,229,modular,9,p,img/target_10.png
42,2,230,modular,8,i,img/target_8.png
42,2,231,modular,7,e,img/target_3.png
42,2,232,modular,9,p,img/target_10.png
42,2,233,modular,7,e,img/target_3.png
42,2,234,modular,5,u,img/target_7.png
42,2,235,modular,4,q,img/target_1.png
42,2,236,modular,3,r,img/target_4.png
42,2,237,modular,2,o,img/target_9.png
42,2,238,modular,1,b,img/target_6.png
42,2,239,modular,2,o,img/target_9.png
42,2,240,modular,1,b,img/target_6.png
42,2,241,modular,2,o,img/target_9.png
42,2,242,modular,1,b,img/target_6.png
42,2,243,modular,0,w,img/target_2.png
42,2,244,modular,1,b,img/target_6.png
42,2,245,modular,0,w,img/target_2.png
42,2,246,modular,3,r,img/target_4.png
42,2,247,modular,2,o,img/target_9.png
42,2,248,modular,1,b,img/target_6.png
42,2,249,modular,4,q,img/target_1.png
42,2,250,modular,5,u,img/target_7.png
42,2,251,modular,8,i,img/target_8.png
42,2,252,modular,9,p,img/target_10.png
42,2,253,modular,8,i,img/target_8.png
42,2,254,modular,9,p,img/target_10.png
42,2,255,modular,8,i,img/target_8.png
42,2,256,modular,6,v,img/target_5.png
42,2,257,modular,5,u,img/target_7.png
42,2,258,modular,8,i,img/target_8.png
42,2,259,modular,6,v,img/target_5.png
42,2,260,modular,7,e,img/target_3.png
42,2,261,modular,9,p,img/target_10.png
42,2,262,modular,8,i,img/target_8.png
42,2,263,modular,6,v,img/target_5.png
42,2,264,modular,8,i,img/target_8.png
42,2,265,modular,6,v,img/target_5.png
42,2,266,modular,9,p,img/target_10.png
42,2,267,modular,7,e,img/target_3.png
42,2,268,modular,9,p,img/target_10.png
42,2,269,modular,0,w,img/target_2.png
42,2,270,modular,2,o,img/target_9.png
42,2,271,modular,0,w,img/target_2.png
42,2,272,modular,9,p,img/target_10.png
42,2,273,modular,6,v,img/target_5.png
42,2,274,modular,8,i,img/target_8.png
42,2,275,modular,9,p,img/target_10.png
42,2,276,modular,8,i,img/target_8.png
42,2,277,modular,9,p,img/target_10.png
42,2,278,modular,8,i,img/target_8.png
42,2,279,modular,6,v,img/target_5.png
42,2,280,modular,9,p,img/target_10.png
42,2,281,modular,0,w,img/target_2.png
42,2,282,modular,9,p,img/target_10.png
42,2,283,modular,8,i,img/target_8.png
42,2,284,modular,7,e,img/target_3.png
42,2,285,modular,8,i,img/target_8.png
42,2,286,modular,5,u,img/target_7.png
42,2,287,modular,6,v,img/target_5.png
42,2,288,modular,8,i,img/target_8.png
42,2,289,modular,7,e,img/target_3.png
42,2,290,modular,9,p,img/target_10.png
42,2,291,modular,6,v,img/target_5.png
42,2,292,modular,7,e,img/target_3.png
42,2,293,modular,8,i,img/target_8.png
42,2,294,modular,7,e,img/target_3.png
42,2,295,modular,6,v,img/target_5.png
42,2,296,modular,5,u,img/target_7.png
42,2,297,modular,6,v,img/target_5.png
42,2,298,modular,7,e,img/target_3.png
42,2,299,modular,8,i,img/target_8.png
42,2,300,modular,6,v,img/target_5.png
42,2,301,modular,7,e,img/target_3.png
42,2,302,modular,5,u,img/target_7.png
42,2,303,modular,8,i,img/target_8.png
42,2,304,modular,7,e,img/target_3.png
42,2,305,modular,5,u,img/target_7.png
42,2,306,modular,4,q,img/target_1.png
42,2,307,modular,2,o,img/target_9.png
42,2,308,modular,3,r,img/target_4.png
42,2,309,modular,0,w,img/target_2.png
42,2,310,modular,9,p,img/target_10.png
42,2,311,modular,6,v,img/target_5.png
42,2,312,modular,8,i,img/target_8.png
42,2,313,modular,6,v,img/target_5.png
42,2,314,modular,9,p,img/target_10.png
42,2,315,modular,8,i,img/target_8.png
42,2,316,modular,6,v,img/target_5.png
42,2,317,modular,5,u,img/target_7.png
42,2,318,modular,4,q,img/target_1.png
42,2,319,modular,1,b,img/target_6.png
42,2,320,modular,3,r,img/target_4.png
42,2,321,modular,0,w,img/target_2.png
42,2,322,modular,9,p,img/target_10.png
42,2,323,modular,0,w,img/target_2.png
42,2,324,modular,1,b,img/target_6.png
42,2,325,modular,0,w,img/target_2.png
42,2,326,modular,1,b,img/target_6.png
42,2,327,modular,2,o,img/target_9.png
42,2,328,modular,1,b,img/target_6.png
42,2,329,modular,2,o,img/target_9.png
42,2,330,modular,0,w,img/target_2.png
42,2,331,modular,1,b,img/target_6.png
42,2,332,modular,4,q,img/target_1.png
42,2,333,modular,5,u,img/target_7.png
42,2,334,modular,4,q,img/target_1.png
42,2,335,modular,3,r,img/target_4.png
42,2,336,modular,2,o,img/target_9.png
42,2,337,modular,0,w,img/target_2.png
42,2,338,modular,1,b,img/target_6.png
42,2,339,modular,4,q,img/target_1.png
42,2,340,modular,3,r,img/target_4.png
42,2,341,modular,0,w,img/target_2.png
42,2,342,modular,3,r,img/target_4.png
42,2,343,modular,0,w,img/target_2.png
42,2,344,modular,1,b,img/target_6.png
42,2,345,modular,3,r,img/target_4.png
42,2,346,modular,0,w,img/target_2.png
42,2,347,modular,1,b,img/target_6.png
42,2,348,modular,3,r,img/target_4.png
42,2,349,modular,1,b,img/target_6.png
42,2,350,modular,2,o,img/target_9.png
42,2,351,modular,4,q,img/target_1.png
42,2,352,modular,5,u,img/target_7.png
42,2,353,modular,6,v,img/target_5.png
42,2,354,modular,5,u,img/target_7.png
42,2,355,modular,4,q,img/target_1.png
42,2,356,modular,1,b,img/target_6.png
42,2,357,modular,2,o,img/target_9.png
42,2,358,modular,0,w,img/target_2.png
42,2,359,modular,1,b,img/target_6.png
42,2,360,modular,0,w,img/target_2.png
42,2,361,modular,1,b,img/target_6.png
42,2,362,modular,4,q,img/target_1.png
42,2,363,modular,2,o,img/target_9.png
42,2,364,modular,1,b,img/target_6.png
42,2,365,modular,3,r,img/target_4.png
42,2,366,modular,0,w,img/target_2.png
42,2,367,modular,3,r,img/target_4.png
42,2,368,modular,2,o,img/target_9.png
42,2,369,modular,1,b,img/target_6.png
42,2,370,modular,4,q,img/target_1.png
42,2,371,modular,2,o,img/target_9.png
42,2,372,modular,0,w,img/target_2.png
42,2,373,modular,3,r,img/target_4.png
42,2,374,modular,4,q,img/target_1.png
42,2,375,modular,3,r,img/target_4.png
42,2,376,modular,0,w,img/target_2.png
42,2,377,modular,3,r,img/target_4.png
42,2,378,modular,1,b,img/target_6.png
42,2,379,modular,4,q,img/target_1.png
42,2,380,modular,3,r,img/target_4.png
42,2,381,modular,2,o,img/target_9.png
42,2,382,modular,4,q,img/target_1.png
42,2,383,modular,5,u,img/target_7.png
42,2,384,modular,6,v,img/target_5.png
42,2,385,modular,7,e,img/target_3.png
42,2,386,modular,9,p,img/target_10.png
42,2,387,modular,7,e,img/target_3.png
42,2,388,modular,5,u,img/target_7.png
42,2,389,modular,6,v,img/target_5.png
42,2,390,modular,9,p,img/target_10.png
42,2,391,modular,8,i,img/target_8.png
42,2,392,modular,5,u,img/target_7.png
42,2,393,modular,4,q,img/target_1.png
42,2,394,modular,2,o,img/target_9.png
42,2,395,modular,3,r,img/target_4.png
42,2,396,modular,4,q,img/target_1.png
42,2,397,modular,2,o,img/target_9.png
42,2,398,modular,1,b,img/target_6.png
42,2,399,modular,2,o,img/target_9.png
42,2,400,modular,3,r,img/target_4.png
42,2,401,modular,2,o,img/target_9.png
42,2,402,modular,1,b,img/target_6.png
42,2,403,modular,4,q,img/target_1.png
42,2,404,modular,1,b,img/target_6.png
42,2,405,modular,0,w,img/target_2.png
42,2,406,modular,9,p,img/target_10.png
42,2,407,modular,7,e,img/target_3.png
42,2,408,modular,6,v,img/target_5.png
42,2,409,modular,5,u,img/target_7.png
42,2,410,modular,6,v,img/target_5.png
42,2,411,modular,8,i,img/target_8.png
42,2,412,modular,9,p,img/target_10.png
42,2,413,modular,7,e,img/target_3.png
42,2,414,modular,6,v,img/target_5.png
42,2,415,modular,7,e,img/target_3.png
42,2,416,modular,9,p,img/target_10.png
42,2,417,modular,8,i,img/target_8.png
42,2,418,modular,6,v,img/target_5.png
42,2,419,modular,7,e,img/target_3.png
42,2,420,modular,6,v,img/target_5.png
42,2,421,modular,7,e,img/target_3.png
42,2,422,modular,8,i,img/target_8.png
42,2,423,modular,9,p,img/target_10.png
42,2,424,modular,6,v,img/target_5.png
42,2,425,modular,7,e,img/target_3.png
42,2,426,modular,9,p,img/target_10.png
42,2,427,modular,7,e,img/target_3.png
42,2,428,modular,6,v,img/target_5.png
42,2,429,modular,8,i,img/target_8.png
42,2,430,modular,5,u,img/target_7.png
42,2,431,modular,7,e,img/target_3.png
42,2,432,modular,6,v,img/target_5.png
42,2,433,modular,9,p,img/target_10.png
42,2,434,modular,7,e,img/target_3.png
42,2,435,modular,6,v,img/target_5.png
42,2,436,modular,8,i,img/target_8.png
42,2,437,modular,9,p,img/target_10.png
42,2,438,modular,6,v,img/target_5.png
42,2,439,modular,8,i,img/target_8.png
42,2,440,modular,6,v,img/target_5.png
42,2,441,modular,5,u,img/target_7.png
42,2,442,modular,8,i,img/target_8.png
42,2,443,modular,5,u,img/target_7.png
42,2,444,modular,7,e,img/target_3.png
42,2,445,modular,9,p,img/target_10.png
42,2,446,modular,6,v,img/target_5.png
42,2,447,modular,5,u,img/target_7.png
42,2,448,modular,6,v,img/target_5.png
42,2,449,modular,5,u,img/target_7.png
42,2,450,modular,4,q,img/target_1.png
42,2,451,modular,1,b,img/target_6.png
42,2,452,modular,4,q,img/target_1.png
42,2,453,modular,1,b,img/target_6.png
42,2,454,modular,0,w,img/target_2.png
42,2,455,modular,1,b,img/target_6.png
42,2,456,modular,3,r,img/target_4.png
42,2,457,modular,1,b,img/target_6.png
42,2,458,modular,4,q,img/target_1.png
42,2,459,modular,1,b,img/target_6.png
42,2,460,modular,4,q,img/target_1.png
42,2,461,modular,1,b,img/target_6.png
42,2,462,modular,4,q,img/target_1.png
42,2,463,modular,1,b,img/target_6.png
42,2,464,modular,3,r,img/target_4.png
42,2,465,modular,0,w,img/target_2.png
42,2,466,modular,1,b,img/target_6.png
42,2,467,modular,0,w,img/target_2.png
42,2,468,modular,9,p,img/target_10.png
42,2,469,modular,0,w,img/target_2.png
42,2,470,modular,1,b,img/target_6.png
42,2,471,modular,3,r,img/target_4.png
42,2,472,modular,1,b,img/target_6.png
42,2,473,modular,4,q,img/target_1.png
42,2,474,modular,2,o,img/target_9.png
42,2,475,modular,4,q,img/target_1.png
42,2,476,modular,3,r,img/target_4.png
42,2,477,modular,0,w,img/target_2.png
42,2,478,modular,9,p,img/target_10.png
42,2,479,modular,7,e,img/target_3.png
42,2,480,modular,6,v,img/target_5.png
42,2,481,modular,7,e,img/target_3.png
42,2,482,modular,8,i,img/target_8.png
42,2,483,modular,6,v,img/target_5.png
42,2,484,modular,8,i,img/target_8.png
42,2,485,modular,5,u,img/target_7.png
42,2,486,modular,8,i,img/target_8.png
42,2,487,modular,6,v,img/target_5.png
42,2,488,modular,5,u,img/target_7.png
42,2,489,modular,8,i,img/target_8.png
42,2,490,modular,9,p,img/target_10.png
42,2,491,modular,7,e,img/target_3.png
42,2,492,modular,6,v,img/target_5.png
42,2,493,modular,7,e,img/target_3.png
42,2,494,modular,9,p,img/target_10.png
42,2,495,modular,8,i,img/target_8.png
42,2,496,modular,7,e,img/target_3.png
42,2,497,modular,8,i,img/target_8.png
42,2,498,modular,7,e,img/target_3.png
42,2,499,modular,8,i,img/target_8.png
42,2,500,modular,7,e,img/target_3.png
42,2,501,modular,6,v,img/target_5.png
42,2,502,modular,5,u,img/target_7.png
42,2,503,modular,8,i,img/target_8.png
42,2,504,modular,6,v,img/target_5.png
42,2,505,modular,7,e,img/target_3.png
42,2,506,modular,6,v,img/target_5.png
42,2,507,modular,8,i,img/target_8.png
42,2,508,modular,9,p,img/target_10.png
42,2,509,modular,6,v,img/target_5.png
42,2,510,modular,9,p,img/target_10.png
42,2,511,modular,0,w,img/target_2.png
42,2,512,modular,1,b,img/target_6.png
42,2,513,modular,4,q,img/target_1.png
42,2,514,modular,5,u,img/target_7.png
42,2,515,modular,8,i,img/target_8.png
42,2,516,modular,5,u,img/target_7.png
42,2,517,modular,6,v,img/target_5.png
42,2,518,modular,5,u,img/target_7.png
42,2,519,modular,4,q,img/target_1.png
42,2,520,modular,1,b,img/target_6.png
42,2,521,modular,2,o,img/target_9.png
42,2,522,modular,0,w,img/target_2.png
42,2,523,modular,1,b,img/target_6.png
42,2,524,modular,4,q,img/target_1.png
42,2,525,modular,2,o,img/target_9.png
42,2,526,modular,4,q,img/target_1.png
42,2,527,modular,3,r,img/target_4.png
42,2,528,modular,1,b,img/target_6.png
42,2,529,modular,4,q,img/target_1.png
42,2,530,modular,5,u,img/target_7.png
42,2,531,modular,6,v,img/target_5.png
42,2,532,modular,9,p,img/target_10.png
42,2,533,modular,0,w,img/target_2.png
42,2,534,modular,3,r,img/target_4.png
42,2,535,modular,1,b,img/target_6.png
42,2,536,modular,0,w,img/target_2.png
42,2,537,modular,1,b,img/target_6.png
42,2,538,modular,3,r,img/target_4.png
42,2,539,modular,1,b,img/target_6.png
42,2,540,modular,3,r,img/target_4.png
42,2,541,modular,2,o,img/target_9.png
42,2,542,modular,3,r,img/target_4.png
42,2,543,modular,4,q,img/target_1.png
42,2,544,modular,1,b,img/target_6.png
42,2,545,modular,3,r,img/target_4.png
42,2,546,modular,4,q,img/target_1.png
42,2,547,modular,1,b,img/target_6.png
42,2,548,modular,3,r,img/target_4.png
42,2,549,modular,0,w,img/target_2.png
42,2,550,modular,1,b,img/target_6.png
42,2,551,modular,4,q,img/target_1.png
42,2,552,modular,3,r,img/target_4.png
42,2,553,modular,1,b,img/target_6.png
42,2,554,modular,4,q,img/target_1.png
42,2,555,modular,2,o,img/target_9.png
42,2,556,modular,4,q,img/target_1.png
42,2,557,modular,2,o,img/target_9.png
42,2,558,modular,3,r,img/target_4.png
42,2,559,modular,1,b,img/target_6.png
42,2,560,modular,0,w,img/target_2.png
42,2,561,modular,3,r,img/target_4.png
42,2,562,modular,1,b,img/target_6.png
42,2,563,modular,4,q,img/target_1.png
42,2,564,modular,2,o,img/target_9.png
42,2,565,modular,4,q,img/target_1.png
42,2,566,modular,5,u,img/target_7.png
42,2,567,modular,4,q,img/target_1.png
42,2,568,modular,3,r,img/target_4.png
42,2,569,modular,2,o,img/target_9.png
42,2,570,modular,4,q,img/target_1.png
42,2,571,modular,5,u,img/target_7.png
42,2,572,modular,6,v,img/target_5.png
42,2,573,modular,7,e,img/target_3.png
42,2,574,modular,6,v,img/target_5.png
42,2,575,modular,8,i,img/target_8.png
42,2,576,modular,6,v,img/target_5.png
42,2,577,modular,8,i,img/target_8.png
42,2,578,modular,6,v,img/target_5.png
42,2,579,modular,9,p,img/target_10.png
42,2,580,modular,0,w,img/target_2.png
42,2,581,modular,1,b,img/target_6.png
42,2,582,modular,3,r,img/target_4.png
42,2,583,modular,2,o,img/target_9.png
42,2,584,modular,1,b,img/target_6.png
42,2,585,modular,3,r,img/target_4.png
42,2,586,modular,4,q,img/target_1.png
42,2,587,modular,2,o,img/target_9.png
42,2,588,modular,4,q,img/target_1.png
42,2,589,modular,2,o,img/target_9.png
42,2,590,modular,4,q,img/target_1.png
42,2,591,modular,3,r,img/target_4.png
42,2,592,modular,4,q,img/target_1.png
42,2,593,modular,1,b,img/target_6.png
42,2,594,modular,4,q,img/target_1.png
42,2,595,modular,5,u,img/target_7.png
42,2,596,modular,4,q,img/target_1.png
42,2,597,modular,1,b,img/target_6.png
42,2,598,modular,3,r,img/target_4.png
42,2,599,modular,4,q,img/target_1.png
42,2,600,modular,1,b,img/target_6.png
42,2,601,modular,2,o,img/target_9.png
42,2,602,modular,0,w,img/target_2.png
42,2,603,modular,9,p,img/target_10.png
42,2,604,modular,6,v,img/target_5.png
42,2,605,modular,8,i,img/target_8.png
42,2,606,modular,9,p,img/target_10.png
42,2,607,modular,6,v,img/target_5.png
42,2,608,modular,8,i,img/target_8.png
42,2,609,modular,7,e,img/target_3.png
42,2,610,modular,6,v,img/target_5.png
42,2,611,modular,7,e,img/target_3.png
42,2,612,modular,5,u,img/target_7.png
42,2,613,modular,8,i,img/target_8.png
42,2,614,modular,6,v,img/target_5.png
42,2,615,modular,5,u,img/target_7.png
42,2,616,modular,8,i,img/target_8.png
42,2,617,modular,5,u,img/target_7.png
42,2,618,modular,8,i,img/target_8.png
42,2,619,modular,6,v,img/target_5.png
42,2,620,modular,7,e,img/target_3.png
42,2,621,modular,6,v,img/target_5.png
42,2,622,modular,5,u,img/target_7.png
42,2,623,modular,7,e,img/target_3.png
42,2,624,modular,6,v,img/target_5.png
42,2,625,modular,9,p,img/target_10.png
42,2,626,modular,8,i,img/target_8.png
42,2,627,modular,5,u,img/target_7.png
42,2,628,modular,4,q,img/target_1.png
42,2,629,modular,5,u,img/target_7.png
42,2,630,modular,6,v,img/target_5.png
42,2,631,modular,7,e,img/target_3.png
42,2,632,modular,8,i,img/target_8.png
42,2,633,modular,7,e,img/target_3.png
42,2,634,modular,9,p,img/target_10.png
42,2,635,modular,6,v,img/target_5.png
42,2,636,modular,7,e,img/target_3.png
42,2,637,modular,8,i,img/target_8.png
42,2,638,modular,7,e,img/target_3.png
42,2,639,modular,5,u,img/target_7.png
42,2,640,modular,8,i,img/target_8.png
42,2,641,modular,9,p,img/target_10.png
42,2,642,modular,7,e,img/target_3.png
42,2,643,modular,5,u,img/target_7.png
42,2,644,modular,7,e,img/target_3.png
42,2,645,modular,5,u,img/target_7.png
42,2,646,modular,6,v,img/target_5.png
42,2,647,modular,8,i,img/target_8.png
42,2,648,modular,5,u,img/target_7.png
42,2,649,modular,4,q,img/target_1.png
42,2,650,modular,2,o,img/target_9.png
42,2,651,modular,1,b,img/target_6.png
42,2,652,modular,4,q,img/target_1.png
42,2,653,modular,2,o,img/target_9.png
42,2,654,modular,3,r,img/target_4.png
42,2,655,modular,4,q,img/target_1.png
42,2,656,modular,5,u,img/target_7.png
42,2,657,modular,4,q,img/target_1.png
42,2,658,modular,3,r,img/target_4.png
42,2,659,modular,0,w,img/target_2.png
42,2,660,modular,9,p,img/target_10.png
42,2,661,modular,0,w,img/target_2.png
42,2,662,modular,3,r,img/target_4.png
42,2,663,modular,0,w,img/target_2.png
42,2,664,modular,9,p,img/target_10.png
42,2,665,modular,8,i,img/target_8.png
42,2,666,modular,5,u,img/target_7.png
42,2,667,modular,4,q,img/target_1.png
42,2,668,modular,5,u,img/target_7.png
42,2,669,modular,4,q,img/target_1.png
42,2,670,modular,5,u,img/target_7.png
42,2,671,modular,7,e,img/target_3.png
42,2,672,modular,6,v,img/target_5.png
42,2,673,modular,9,p,img/target_10.png
42,2,674,modular,0,w,img/target_2.png
42,2,675,modular,2,o,img/target_9.png
42,2,676,modular,3,r,img/target_4.png
42,2,677,modular,1,b,img/target_6.png
42,2,678,modular,3,r,img/target_4.png
42,2,679,modular,2,o,img/target_9.png
42,2,680,modular,1,b,img/target_6.png
42,2,681,modular,4,q,img/target_1.png
42,2,682,modular,3,r,img/target_4.png
42,2,683,modular,4,q,img/target_1.png
42,2,684,modular,2,o,img/target_9.png
42,2,685,modular,1,b,img/target_6.png
42,2,686,modular,0,w,img/target_2.png
42,2,687,modular,1,b,img/target_6.png
42,2,688,modular,2,o,img/target_9.png
42,2,689,modular,0,w,img/target_2.png
42,2,690,modular,3,r,img/target_4.png
42,2,691,modular,4,q,img/target_1.png
42,2,692,modular,5,u,img/target_7.png
42,2,693,modular,6,v,img/target_5.png
42,2,694,modular,5,u,img/target_7.png
42,2,695,modular,6,v,img/target_5.png
42,2,696,modular,5,u,img/target_7.png
42,2,697,modular,7,e,img/target_3.png
42,2,698,modular,9,p,img/target_10.png
42,2,699,modular,7,e,img/target_3.png
42,2,700,modular,9,p,img/target_10.png
42,2,701,modular,7,e,img/target_3.png
42,2,702,modular,5,u,img/target_7.png
42,2,703,modular,7,e,img/target_3.png
42,2,704,modular,8,i,img/target_8.png
42,2,705,modular,6,v,img/target_5.png
42,2,706,modular,8,i,img/target_8.png
42,2,707,modular,7,e,img/target_3.png
42,2,708,modular,8,i,img/target_8.png
42,2,709,modular,5,u,img/target_7.png
42,2,710,modular,8,i,img/target_8.png
42,2,711,modular,5,u,img/target_7.png
42,2,712,modular,6,v,img/target_5.png
42,2,713,modular,9,p,img/target_10.png
42,2,714,modular,6,v,img/target_5.png
42,2,715,modular,8,i,img/target_8.png
42,2,716,modular,6,v,img/target_5.png
42,2,717,modular,8,i,img/target_8.png
42,2,718,modular,7,e,img/target_3.png
42,2,719,modular,5,u,img/target_7.png
42,2,720,modular,7,e,img/target_3.png
42,2,721,modular,5,u,img/target_7.png
42,2,722,modular,4,q,img/target_1.png
42,2,723,modular,2,o,img/target_9.png
42,2,724,modular,3,r,img/target_4.png
42,2,725,modular,1,b,img/target_6.png
42,2,726,modular,3,r,img/target_4.png
42,2,727,modular,2,o,img/target_9.png
42,2,728,modular,1,b,img/target_6.png
42,2,729,modular,0,w,img/target_2.png
42,2,730,modular,9,p,img/target_10.png
42,2,731,modular,7,e,img/target_3.png
42,2,732,modular,5,u,img/target_7.png
42,2,733,modular,4,q,img/target_1.png
42,2,734,modular,2,o,img/target_9.png
42,2,735,modular,4,q,img/target_1.png
42,2,736,modular,2,o,img/target_9.png
42,2,737,modular,3,r,img/target_4.png
42,2,738,modular,4,q,img/target_1.png
42,2,739,modular,1,b,img/target_6.png
42,2,740,modular,0,w,img/target_2.png
42,2,741,modular,9,p,img/target_10.png
42,2,742,modular,7,e,img/target_3.png
42,2,743,modular,9,p,img/target_10.png
42,2,744,modular,8,i,img/target_8.png
42,2,745,modular,6,v,img/target_5.png
42,2,746,modular,7,e,img/target_3.png
42,2,747,modular,8,i,img/target_8.png
42,2,748,modular,6,v,img/target_5.png
42,2,749,modular,7,e,img/target_3.png
42,2,750,modular,5,u,img/target_7.png
42,2,751,modular,8,i,img/target_8.png
42,2,752,modular,5,u,img/target_7.png
42,2,753,modular,4,q,img/target_1.png
42,2,754,modular,3,r,img/target_4.png
42,2,755,modular,4,q,img/target_1.png
42,2,756,modular,2,o,img/target_9.png
42,2,757,modular,0,w,img/target_2.png
42,2,758,modular,2,o,img/target_9.png
42,2,759,modular,1,b,img/target_6.png
42,2,760,modular,0,w,img/target_2.png
42,2,761,modular,3,r,img/target_4.png
42,2,762,modular,4,q,img/target_1.png
42,2,763,modular,3,r,img/target_4.png
42,2,764,modular,4,q,img/target_1.png
42,2,765,modular,5,u,img/target_7.png
42,2,766,modular,6,v,img/target_5.png
42,2,767,modular,9,p,img/target_10.png
42,2,768,modular,7,e,img/target_3.png
42,2,769,modular,8,i,img/target_8.png
42,2,770,modular,5,u,img/target_7.png
42,2,771,modular,7,e,img/target_3.png
42,2,772,modular,9,p,img/target_10.png
42,2,773,modular,6,v,img/target_5.png
42,2,774,modular,8,i,img/target_8.png
42,2,775,modular,9,p,img/target_10.png
42,2,776,modular,6,v,img/target_5.png
42,2,777,modular,9,p,img/target_10.png
42,2,778,modular,6,v,img/target_5.png
42,2,779,modular,7,e,img/target_3.png
42,2,780,modular,9,p,img/target_10.png
42,2,781,modular,0,w,img/target_2.png
42,2,782,modular,1,b,img/target_6.png
42,2,783,modular,0,w,img/target_2.png
42,2,784,modular,9,p,img/target_10.png
42,2,785,modular,7,e,img/target_3.png
42,2,786,modular,5,u,img/target_7.png
42,2,787,modular,6,v,img/target_5.png
42,2,788,modular,5,u,img/target_7.png
42,2,789,modular,6,v,img/target_5.png
42,2,790,modular,7,e,img/target_3.png
42,2,791,modular,8,i,img/target_8.png
42,2,792,modular,5,u,img/target_7.png
42,2,793,modular,7,e,img/target_3.png
42,2,794,modular,9,p,img/target_10.png
42,2,795,modular,0,w,img/target_2.png
42,2,796,modular,3,r,img/target_4.png
42,2,797,modular,2,o,img/target_9.png
42,2,798,modular,3,r,img/target_4.png
42,2,799,modular,2,o,img/target_9.png
42,2,800,modular,1,b,img/target_6.png
42,2,801,modular,0,w,img/target_2.png
42,2,802,modular,3,r,img/target_4.png
42,2,803,modular,1,b,img/target_6.png
42,2,804,modular,2,o,img/target_9.png
42,2,805,modular,1,b,img/target_6.png
42,2,806,modular,3,r,img/target_4.png
42,2,807,modular,1,b,img/target_6.png
42,2,808,modular,4,q,img/target_1.png
42,2,809,modular,5,u,img/target_7.png
42,2,810,modular,6,v,img/target_5.png
42,2,811,modular,5,u,img/target_7.png
42,2,812,modular,4,q,img/target_1.png
42,2,813,modular,5,u,img/target_7.png
42,2,814,modular,4,q,img/target_1.png
42,2,815,modular,2,o,img/target_9.png
42,2,816,modular,4,q,img/target_1.png
42,2,817,modular,2,o,img/target_9.png
42,2,818,modular,0,w,img/target_2.png
42,2,819,modular,3,r,img/target_4.png
42,2,820,modular,1,b,img/target_6.png
42,2,821,modular,0,w,img/target_2.png
42,2,822,modular,1,b,img/target_6.png
42,2,823,modular,0,w,img/target_2.png
42,2,824,modular,1,b,img/target_6.png
42,2,825,modular,4,q,img/target_1.png
42,2,826,modular,3,r,img/target_4.png
42,2,827,modular,1,b,img/target_6.png
42,2,828,modular,3,r,img/target_4.png
42,2,829,modular,2,o,img/target_9.png
42,2,830,modular,0,w,img/target_2.png
42,2,831,modular,2,o,img/target_9.png
42,2,832,modular,4,q,img/target_1.png
42,2,833,modular,3,r,img/target_4.png
42,2,834,modular,1,b,img/target_6.png
42,2,835,modular,3,r,img/target_4.png
42,2,836,modular,4,q,img/target_1.png
42,2,837,modular,3,r,img/target_4.png
42,2,838,modular,4,q,img/target_1.png
42,2,839,modular,2,o,img/target_9.png
42,2,840,modular,3,r,img/target_4.png
42,2,841,modular,2,o,img/target_9.png
42,2,842,modular,0,w,img/target_2.png
42,2,843,modular,3,r,img/target_4.png
42,2,844,modular,4,q,img/target_1.png
42,2,845,modular,1,b,img/target_6.png
42,2,846,modular,2,o,img/target_9.png
42,2,847,modular,4,q,img/target_1.png
42,2,848,modular,3,r,img/target_4.png
42,2,849,modular,1,b,img/target_6.png
42,2,850,modular,3,r,img/target_4.png
42,2,851,modular,0,w,img/target_2.png
42,2,852,modular,2,o,img/target_9.png
42,2,853,modular,1,b,img/target_6.png
42,2,854,modular,4,q,img/target_1.png
42,2,855,modular,1,b,img/target_6.png
42,2,856,modular,2,o,img/target_9.png
42,2,857,modular,4,q,img/target_1.png
42,2,858,modular,3,r,img/target_4.png
42,2,859,modular,4,q,img/target_1.png
42,2,860,modular,3,r,img/target_4.png
42,2,861,modular,2,o,img/target_9.png
42,2,862,modular,4,q,img/target_1.png
42,2,863,modular,3,r,img/target_4.png
42,2,864,modular,4,q,img/target_1.png
42,2,865,modular,3,r,img/target_4.png
42,2,866,modular,4,q,img/target_1.png
42,2,867,modular,5,u,img/target_7.png
42,2,868,modular,6,v,img/target_5.png
42,2,869,modular,9,p,img/target_10.png
42,2,870,modular,0,w,img/target_2.png
42,2,871,modular,1,b,img/target_6.png
42,2,872,modular,0,w,img/target_2.png
42,2,873,modular,2,o,img/target_9.png
42,2,874,modular,3,r,img/target_4.png
42,2,875,modular,4,q,img/target_1.png
42,2,876,modular,3,r,img/target_4.png
42,2,877,modular,0,w,img/target_2.png
42,2,878,modular,3,r,img/target_4.png
42,2,879,modular,2,o,img/target_9.png
42,2,880,modular,4,q,img/target_1.png
42,2,881,modular,2,o,img/target_9.png
42,2,882,modular,4,q,img/target_1.png
42,2,883,modular,1,b,img/target_6.png
42,2,884,modular,2,o,img/target_9.png
42,2,885,modular,3,r,img/target_4.png
42,2,886,modular,2,o,img/target_9.png
42,2,887,modular,0,w,img/target_2.png
42,2,888,modular,9,p,img/target_10.png
42,2,889,modular,8,i,img/target_8.png
42,2,890,modular,9,p,img/target_10.png
42,2,891,modular,6,v,img/target_5.png
42,2,892,modular,9,p,img/target_10.png
42,2,893,modular,8,i,img/target_8.png
42,2,894,modular,9,p,img/target_10.png
42,2,895,modular,7,e,img/target_3.png
42,2,896,modular,9,p,img/target_10.png
42,2,897,modular,0,w,img/target_2.png
42,2,898,modular,3,r,img/target_4.png
42,2,899,modular,1,b,img/target_6.png
42,2,900,modular,0,w,img/target_2.png
42,2,901,modular,3,r,img/target_4.png
42,2,902,modular,1,b,img/target_6.png
42,2,903,modular,2,o,img/target_9.png
42,2,904,modular,1,b,img/target_6.png
42,2,905,modular,4,q,img/target_1.png
42,2,906,modular,2,o,img/target_9.png
42,2,907,modular,0,w,img/target_2.png
42,2,908,modular,2,o,img/target_9.png
42,2,909,modular,0,w,img/target_2.png
42,2,910,modular,3,r,img/target_4.png
42,2,911,modular,2,o,img/target_9.png
42,2,912,modular,0,w,img/target_2.png
42,2,913,modular,2,o,img/target_9.png
42,2,914,modular,3,r,img/target_4.png
42,2,915,modular,0,w,img/target_2.png
42,2,916,modular,3,r,img/target_4.png
42,2,917,modular,1,b,img/target_6.png
42,2,918,modular,3,r,img/target_4.png
42,2,919,modular,1,b,img/target_6.png
42,2,920,modular,4,q,img/target_1.png
42,2,921,modular,1,b,img/target_6.png
42,2,922,modular,3,r,img/target_4.png
42,2,923,modular,4,q,img/target_1.png
42,2,924,modular,1,b,img/target_6.png
42,2,925,modular,4,q,img/target_1.png
42,2,926,modular,5,u,img/target_7.png
42,2,927,modular,6,v,img/target_5.png
42,2,928,modular,9,p,img/target_10.png
42,2,929,modular,8,i,img/target_8.png
42,2,930,modular,5,u,img/target_7.png
42,2,931,modular,7,e,img/target_3.png
42,2,932,modular,9,p,img/target_10.png
42,2,933,modular,0,w,img/target_2.png
42,2,934,modular,3,r,img/target_4.png
42,2,935,modular,4,q,img/target_1.png
42,2,936,modular,3,r,img/target_4.png
42,2,937,modular,0,w,img/target_2.png
42,2,938,modular,2,o,img/target_9.png
42,2,939,modular,3,r,img/target_4.png
42,2,940,modular,1,b,img/target_6.png
42,2,941,modular,2,o,img/target_9.png
42,2,942,modular,1,b,img/target_6.png
42,2,943,modular,0,w,img/target_2.png
42,2,944,modular,2,o,img/target_9.png
42,2,945,modular,4,q,img/target_1.png
42,2,946,modular,2,o,img/target_9.png
42,2,947,modular,1,b,img/target_6.png
42,2,948,modular,4,q,img/target_1.png
42,2,949,modular,2,o,img/target_9.png
42,2,950,modular,4,q,img/target_1.png
42,2,951,modular,2,o,img/target_9.png
42,2,952,modular,1,b,img/target_6.png
42,2,953,modular,3,r,img/target_4.png
42,2,954,modular,2,o,img/target_9.png
42,2,955,modular,4,q,img/target_1.png
42,2,956,modular,5,u,img/target_7.png
42,2,957,modular,8,i,img/target_8.png
42,2,958,modular,5,u,img/target_7.png
42,2,959,modular,7,e,img/target_3.png
42,2,960,modular,9,p,img/target_10.png
42,2,961,modular,0,w,img/target_2.png
42,2,962,modular,3,r,img/target_4.png
42,2,963,modular,0,w,img/target_2.png
42,2,964,modular,2,o,img/target_9.png
42,2,965,modular,4,q,img/target_1.png
42,2,966,modular,5,u,img/target_7.png
42,2,967,modular,8,i,img/target_8.png
42,2,968,modular,6,v,img/target_5.png
42,2,969,modular,9,p,img/target_10.png
42,2,970,modular,7,e,img/target_3.png
42,2,971,modular,9,p,img/target_10.png
42,2,972,modular,7,e,img/target_3.png
42,2,973,modular,8,i,img/target_8.png
42,2,974,modular,5,u,img/target_7.png
42,2,975,modular,7,e,img/target_3.png
42,2,976,modular,8,i,img/target_8.png
42,2,977,modular,9,p,img/target_10.png
42,2,978,modular,7,e,img/target_3.png
42,2,979,modular,8,i,img/target_8.png
42,2,980,modular,9,p,img/target_10.png
42,2,981,modular,7,e,img/target_3.png
42,2,982,modular,8,i,img/target_8.png
42,2,983,modular,7,e,img/target_3.png
42,2,984,modular,6,v,img/target_5.png
42,2,985,modular,9,p,img/target_10.png
42,2,986,modular,0,w,img/target_2.png
42,2,987,modular,3,r,img/target_4.png
42,2,988,modular,0,w,img/target_2.png
42,2,989,modular,2,o,img/target_9.png
42,2,990,modular,3,r,img/target_4.png
42,2,991,modular,2,o,img/target_9.png
42,2,992,modular,4,q,img/target_1.png
42,2,993,modular,5,u,img/target_7.png
42,2,994,modular,8,i,img/target_8.png
42,2,995,modular,9,p,img/target_10.png
42,2,996,modular,8,i,img/target_8.png
42,2,997,modular,6,v,img/target_5.png
42,2,998,modular,5,u,img/target_7.png
42,2,999,modular,8,i,img/target_8.png
42,2,1000,modular,7,e,img/target_3.png
