pID,trialNum,graph,walk,resp,path
41,1,lattice,7,w,img/target_2.png
41,2,lattice,6,v,img/target_5.png
41,3,lattice,5,i,img/target_8.png
41,4,lattice,6,v,img/target_5.png
41,5,lattice,5,i,img/target_8.png
41,6,lattice,3,p,img/target_10.png
41,7,lattice,1,u,img/target_7.png
41,8,lattice,2,b,img/target_6.png
41,9,lattice,4,o,img/target_9.png
41,10,lattice,5,i,img/target_8.png
41,11,lattice,4,o,img/target_9.png
41,12,lattice,3,p,img/target_10.png
41,13,lattice,4,o,img/target_9.png
41,14,lattice,2,b,img/target_6.png
41,15,lattice,4,o,img/target_9.png
41,16,lattice,2,b,img/target_6.png
41,17,lattice,0,r,img/target_4.png
41,18,lattice,8,e,img/target_3.png
41,19,lattice,9,q,img/target_1.png
41,20,lattice,7,w,img/target_2.png
41,21,lattice,8,e,img/target_3.png
41,22,lattice,7,w,img/target_2.png
41,23,lattice,5,i,img/target_8.png
41,24,lattice,7,w,img/target_2.png
41,25,lattice,8,e,img/target_3.png
41,26,lattice,0,r,img/target_4.png
41,27,lattice,8,e,img/target_3.png
41,28,lattice,0,r,img/target_4.png
41,29,lattice,8,e,img/target_3.png
41,30,lattice,6,v,img/target_5.png
41,31,lattice,7,w,img/target_2.png
41,32,lattice,5,i,img/target_8.png
41,33,lattice,4,o,img/target_9.png
41,34,lattice,5,i,img/target_8.png
41,35,lattice,4,o,img/target_9.png
41,36,lattice,3,p,img/target_10.png
41,37,lattice,1,u,img/target_7.png
41,38,lattice,9,q,img/target_1.png
41,39,lattice,1,u,img/target_7.png
41,40,lattice,0,r,img/target_4.png
41,41,lattice,8,e,img/target_3.png
41,42,lattice,0,r,img/target_4.png
41,43,lattice,1,u,img/target_7.png
41,44,lattice,9,q,img/target_1.png
41,45,lattice,8,e,img/target_3.png
41,46,lattice,0,r,img/target_4.png
41,47,lattice,2,b,img/target_6.png
41,48,lattice,1,u,img/target_7.png
41,49,lattice,3,p,img/target_10.png
41,50,lattice,4,o,img/target_9.png
41,51,lattice,3,p,img/target_10.png
41,52,lattice,1,u,img/target_7.png
41,53,lattice,9,q,img/target_1.png
41,54,lattice,7,w,img/target_2.png
41,55,lattice,8,e,img/target_3.png
41,56,lattice,9,q,img/target_1.png
41,57,lattice,7,w,img/target_2.png
41,58,lattice,8,e,img/target_3.png
41,59,lattice,0,r,img/target_4.png
41,60,lattice,1,u,img/target_7.png
41,61,lattice,0,r,img/target_4.png
41,62,lattice,9,q,img/target_1.png
41,63,lattice,7,w,img/target_2.png
41,64,lattice,8,e,img/target_3.png
41,65,lattice,6,v,img/target_5.png
41,66,lattice,4,o,img/target_9.png
41,67,lattice,3,p,img/target_10.png
41,68,lattice,4,o,img/target_9.png
41,69,lattice,6,v,img/target_5.png
41,70,lattice,7,w,img/target_2.png
41,71,lattice,5,i,img/target_8.png
41,72,lattice,3,p,img/target_10.png
41,73,lattice,4,o,img/target_9.png
41,74,lattice,6,v,img/target_5.png
41,75,lattice,8,e,img/target_3.png
41,76,lattice,0,r,img/target_4.png
41,77,lattice,9,q,img/target_1.png
41,78,lattice,8,e,img/target_3.png
41,79,lattice,9,q,img/target_1.png
41,80,lattice,0,r,img/target_4.png
41,81,lattice,1,u,img/target_7.png
41,82,lattice,2,b,img/target_6.png
41,83,lattice,4,o,img/target_9.png
41,84,lattice,3,p,img/target_10.png
41,85,lattice,1,u,img/target_7.png
41,86,lattice,0,r,img/target_4.png
41,87,lattice,9,q,img/target_1.png
41,88,lattice,7,w,img/target_2.png
41,89,lattice,9,q,img/target_1.png
41,90,lattice,8,e,img/target_3.png
41,91,lattice,7,w,img/target_2.png
41,92,lattice,5,i,img/target_8.png
41,93,lattice,6,v,img/target_5.png
41,94,lattice,4,o,img/target_9.png
41,95,lattice,2,b,img/target_6.png
41,96,lattice,1,u,img/target_7.png
41,97,lattice,0,r,img/target_4.png
41,98,lattice,2,b,img/target_6.png
41,99,lattice,4,o,img/target_9.png
41,100,lattice,3,p,img/target_10.png
41,101,lattice,4,o,img/target_9.png
41,102,lattice,2,b,img/target_6.png
41,103,lattice,3,p,img/target_10.png
41,104,lattice,4,o,img/target_9.png
41,105,lattice,5,i,img/target_8.png
41,106,lattice,6,v,img/target_5.png
41,107,lattice,5,i,img/target_8.png
41,108,lattice,7,w,img/target_2.png
41,109,lattice,9,q,img/target_1.png
41,110,lattice,8,e,img/target_3.png
41,111,lattice,9,q,img/target_1.png
41,112,lattice,0,r,img/target_4.png
41,113,lattice,9,q,img/target_1.png
41,114,lattice,0,r,img/target_4.png
41,115,lattice,9,q,img/target_1.png
41,116,lattice,0,r,img/target_4.png
41,117,lattice,1,u,img/target_7.png
41,118,lattice,2,b,img/target_6.png
41,119,lattice,1,u,img/target_7.png
41,120,lattice,0,r,img/target_4.png
41,121,lattice,2,b,img/target_6.png
41,122,lattice,3,p,img/target_10.png
41,123,lattice,4,o,img/target_9.png
41,124,lattice,5,i,img/target_8.png
41,125,lattice,4,o,img/target_9.png
41,126,lattice,6,v,img/target_5.png
41,127,lattice,8,e,img/target_3.png
41,128,lattice,0,r,img/target_4.png
41,129,lattice,2,b,img/target_6.png
41,130,lattice,3,p,img/target_10.png
41,131,lattice,2,b,img/target_6.png
41,132,lattice,3,p,img/target_10.png
41,133,lattice,1,u,img/target_7.png
41,134,lattice,3,p,img/target_10.png
41,135,lattice,4,o,img/target_9.png
41,136,lattice,6,v,img/target_5.png
41,137,lattice,7,w,img/target_2.png
41,138,lattice,9,q,img/target_1.png
41,139,lattice,1,u,img/target_7.png
41,140,lattice,0,r,img/target_4.png
41,141,lattice,9,q,img/target_1.png
41,142,lattice,1,u,img/target_7.png
41,143,lattice,2,b,img/target_6.png
41,144,lattice,1,u,img/target_7.png
41,145,lattice,9,q,img/target_1.png
41,146,lattice,1,u,img/target_7.png
41,147,lattice,2,b,img/target_6.png
41,148,lattice,0,r,img/target_4.png
41,149,lattice,2,b,img/target_6.png
41,150,lattice,1,u,img/target_7.png
41,151,lattice,2,b,img/target_6.png
41,152,lattice,0,r,img/target_4.png
41,153,lattice,1,u,img/target_7.png
41,154,lattice,9,q,img/target_1.png
41,155,lattice,8,e,img/target_3.png
41,156,lattice,7,w,img/target_2.png
41,157,lattice,5,i,img/target_8.png
41,158,lattice,3,p,img/target_10.png
41,159,lattice,5,i,img/target_8.png
41,160,lattice,4,o,img/target_9.png
41,161,lattice,5,i,img/target_8.png
41,162,lattice,7,w,img/target_2.png
41,163,lattice,6,v,img/target_5.png
41,164,lattice,7,w,img/target_2.png
41,165,lattice,9,q,img/target_1.png
41,166,lattice,7,w,img/target_2.png
41,167,lattice,6,v,img/target_5.png
41,168,lattice,8,e,img/target_3.png
41,169,lattice,6,v,img/target_5.png
41,170,lattice,7,w,img/target_2.png
41,171,lattice,8,e,img/target_3.png
41,172,lattice,9,q,img/target_1.png
41,173,lattice,7,w,img/target_2.png
41,174,lattice,6,v,img/target_5.png
41,175,lattice,7,w,img/target_2.png
41,176,lattice,5,i,img/target_8.png
41,177,lattice,6,v,img/target_5.png
41,178,lattice,4,o,img/target_9.png
41,179,lattice,3,p,img/target_10.png
41,180,lattice,1,u,img/target_7.png
41,181,lattice,9,q,img/target_1.png
41,182,lattice,7,w,img/target_2.png
41,183,lattice,9,q,img/target_1.png
41,184,lattice,7,w,img/target_2.png
41,185,lattice,5,i,img/target_8.png
41,186,lattice,3,p,img/target_10.png
41,187,lattice,4,o,img/target_9.png
41,188,lattice,2,b,img/target_6.png
41,189,lattice,4,o,img/target_9.png
41,190,lattice,5,i,img/target_8.png
41,191,lattice,4,o,img/target_9.png
41,192,lattice,6,v,img/target_5.png
41,193,lattice,8,e,img/target_3.png
41,194,lattice,6,v,img/target_5.png
41,195,lattice,7,w,img/target_2.png
41,196,lattice,8,e,img/target_3.png
41,197,lattice,0,r,img/target_4.png
41,198,lattice,9,q,img/target_1.png
41,199,lattice,1,u,img/target_7.png
41,200,lattice,9,q,img/target_1.png
41,201,lattice,1,u,img/target_7.png
41,202,lattice,9,q,img/target_1.png
41,203,lattice,0,r,img/target_4.png
41,204,lattice,9,q,img/target_1.png
41,205,lattice,8,e,img/target_3.png
41,206,lattice,7,w,img/target_2.png
41,207,lattice,8,e,img/target_3.png
41,208,lattice,7,w,img/target_2.png
41,209,lattice,8,e,img/target_3.png
41,210,lattice,9,q,img/target_1.png
41,211,lattice,8,e,img/target_3.png
41,212,lattice,0,r,img/target_4.png
41,213,lattice,1,u,img/target_7.png
41,214,lattice,0,r,img/target_4.png
41,215,lattice,1,u,img/target_7.png
41,216,lattice,2,b,img/target_6.png
41,217,lattice,1,u,img/target_7.png
41,218,lattice,3,p,img/target_10.png
41,219,lattice,2,b,img/target_6.png
41,220,lattice,1,u,img/target_7.png
41,221,lattice,0,r,img/target_4.png
41,222,lattice,1,u,img/target_7.png
41,223,lattice,9,q,img/target_1.png
41,224,lattice,8,e,img/target_3.png
41,225,lattice,0,r,img/target_4.png
41,226,lattice,1,u,img/target_7.png
41,227,lattice,9,q,img/target_1.png
41,228,lattice,8,e,img/target_3.png
41,229,lattice,6,v,img/target_5.png
41,230,lattice,4,o,img/target_9.png
41,231,lattice,5,i,img/target_8.png
41,232,lattice,6,v,img/target_5.png
41,233,lattice,4,o,img/target_9.png
41,234,lattice,6,v,img/target_5.png
41,235,lattice,4,o,img/target_9.png
41,236,lattice,2,b,img/target_6.png
41,237,lattice,3,p,img/target_10.png
41,238,lattice,4,o,img/target_9.png
41,239,lattice,3,p,img/target_10.png
41,240,lattice,4,o,img/target_9.png
41,241,lattice,2,b,img/target_6.png
41,242,lattice,3,p,img/target_10.png
41,243,lattice,4,o,img/target_9.png
41,244,lattice,2,b,img/target_6.png
41,245,lattice,0,r,img/target_4.png
41,246,lattice,2,b,img/target_6.png
41,247,lattice,0,r,img/target_4.png
41,248,lattice,1,u,img/target_7.png
41,249,lattice,2,b,img/target_6.png
41,250,lattice,3,p,img/target_10.png
41,251,lattice,2,b,img/target_6.png
41,252,lattice,3,p,img/target_10.png
41,253,lattice,2,b,img/target_6.png
41,254,lattice,1,u,img/target_7.png
41,255,lattice,2,b,img/target_6.png
41,256,lattice,3,p,img/target_10.png
41,257,lattice,1,u,img/target_7.png
41,258,lattice,2,b,img/target_6.png
41,259,lattice,1,u,img/target_7.png
41,260,lattice,9,q,img/target_1.png
41,261,lattice,7,w,img/target_2.png
41,262,lattice,8,e,img/target_3.png
41,263,lattice,0,r,img/target_4.png
41,264,lattice,8,e,img/target_3.png
41,265,lattice,6,v,img/target_5.png
41,266,lattice,5,i,img/target_8.png
41,267,lattice,6,v,img/target_5.png
41,268,lattice,5,i,img/target_8.png
41,269,lattice,7,w,img/target_2.png
41,270,lattice,5,i,img/target_8.png
41,271,lattice,7,w,img/target_2.png
41,272,lattice,5,i,img/target_8.png
41,273,lattice,6,v,img/target_5.png
41,274,lattice,8,e,img/target_3.png
41,275,lattice,0,r,img/target_4.png
41,276,lattice,2,b,img/target_6.png
41,277,lattice,1,u,img/target_7.png
41,278,lattice,3,p,img/target_10.png
41,279,lattice,4,o,img/target_9.png
41,280,lattice,5,i,img/target_8.png
41,281,lattice,4,o,img/target_9.png
41,282,lattice,2,b,img/target_6.png
41,283,lattice,0,r,img/target_4.png
41,284,lattice,1,u,img/target_7.png
41,285,lattice,9,q,img/target_1.png
41,286,lattice,7,w,img/target_2.png
41,287,lattice,5,i,img/target_8.png
41,288,lattice,7,w,img/target_2.png
41,289,lattice,8,e,img/target_3.png
41,290,lattice,0,r,img/target_4.png
41,291,lattice,8,e,img/target_3.png
41,292,lattice,9,q,img/target_1.png
41,293,lattice,0,r,img/target_4.png
41,294,lattice,9,q,img/target_1.png
41,295,lattice,1,u,img/target_7.png
41,296,lattice,9,q,img/target_1.png
41,297,lattice,0,r,img/target_4.png
41,298,lattice,2,b,img/target_6.png
41,299,lattice,1,u,img/target_7.png
41,300,lattice,9,q,img/target_1.png
41,301,lattice,1,u,img/target_7.png
41,302,lattice,9,q,img/target_1.png
41,303,lattice,8,e,img/target_3.png
41,304,lattice,6,v,img/target_5.png
41,305,lattice,7,w,img/target_2.png
41,306,lattice,6,v,img/target_5.png
41,307,lattice,8,e,img/target_3.png
41,308,lattice,7,w,img/target_2.png
41,309,lattice,6,v,img/target_5.png
41,310,lattice,7,w,img/target_2.png
41,311,lattice,6,v,img/target_5.png
41,312,lattice,4,o,img/target_9.png
41,313,lattice,6,v,img/target_5.png
41,314,lattice,5,i,img/target_8.png
41,315,lattice,3,p,img/target_10.png
41,316,lattice,2,b,img/target_6.png
41,317,lattice,0,r,img/target_4.png
41,318,lattice,2,b,img/target_6.png
41,319,lattice,4,o,img/target_9.png
41,320,lattice,2,b,img/target_6.png
41,321,lattice,4,o,img/target_9.png
41,322,lattice,5,i,img/target_8.png
41,323,lattice,6,v,img/target_5.png
41,324,lattice,8,e,img/target_3.png
41,325,lattice,0,r,img/target_4.png
41,326,lattice,2,b,img/target_6.png
41,327,lattice,3,p,img/target_10.png
41,328,lattice,4,o,img/target_9.png
41,329,lattice,6,v,img/target_5.png
41,330,lattice,4,o,img/target_9.png
41,331,lattice,6,v,img/target_5.png
41,332,lattice,5,i,img/target_8.png
41,333,lattice,6,v,img/target_5.png
41,334,lattice,4,o,img/target_9.png
41,335,lattice,2,b,img/target_6.png
41,336,lattice,3,p,img/target_10.png
41,337,lattice,5,i,img/target_8.png
41,338,lattice,6,v,img/target_5.png
41,339,lattice,7,w,img/target_2.png
41,340,lattice,5,i,img/target_8.png
41,341,lattice,6,v,img/target_5.png
41,342,lattice,4,o,img/target_9.png
41,343,lattice,2,b,img/target_6.png
41,344,lattice,3,p,img/target_10.png
41,345,lattice,5,i,img/target_8.png
41,346,lattice,3,p,img/target_10.png
41,347,lattice,1,u,img/target_7.png
41,348,lattice,2,b,img/target_6.png
41,349,lattice,3,p,img/target_10.png
41,350,lattice,1,u,img/target_7.png
41,351,lattice,9,q,img/target_1.png
41,352,lattice,7,w,img/target_2.png
41,353,lattice,6,v,img/target_5.png
41,354,lattice,7,w,img/target_2.png
41,355,lattice,9,q,img/target_1.png
41,356,lattice,8,e,img/target_3.png
41,357,lattice,9,q,img/target_1.png
41,358,lattice,8,e,img/target_3.png
41,359,lattice,9,q,img/target_1.png
41,360,lattice,8,e,img/target_3.png
41,361,lattice,0,r,img/target_4.png
41,362,lattice,9,q,img/target_1.png
41,363,lattice,7,w,img/target_2.png
41,364,lattice,5,i,img/target_8.png
41,365,lattice,7,w,img/target_2.png
41,366,lattice,9,q,img/target_1.png
41,367,lattice,7,w,img/target_2.png
41,368,lattice,6,v,img/target_5.png
41,369,lattice,5,i,img/target_8.png
41,370,lattice,7,w,img/target_2.png
41,371,lattice,8,e,img/target_3.png
41,372,lattice,0,r,img/target_4.png
41,373,lattice,9,q,img/target_1.png
41,374,lattice,8,e,img/target_3.png
41,375,lattice,9,q,img/target_1.png
41,376,lattice,7,w,img/target_2.png
41,377,lattice,8,e,img/target_3.png
41,378,lattice,6,v,img/target_5.png
41,379,lattice,5,i,img/target_8.png
41,380,lattice,6,v,img/target_5.png
41,381,lattice,7,w,img/target_2.png
41,382,lattice,9,q,img/target_1.png
41,383,lattice,8,e,img/target_3.png
41,384,lattice,9,q,img/target_1.png
41,385,lattice,1,u,img/target_7.png
41,386,lattice,3,p,img/target_10.png
41,387,lattice,5,i,img/target_8.png
41,388,lattice,6,v,img/target_5.png
41,389,lattice,5,i,img/target_8.png
41,390,lattice,7,w,img/target_2.png
41,391,lattice,5,i,img/target_8.png
41,392,lattice,6,v,img/target_5.png
41,393,lattice,7,w,img/target_2.png
41,394,lattice,6,v,img/target_5.png
41,395,lattice,8,e,img/target_3.png
41,396,lattice,0,r,img/target_4.png
41,397,lattice,1,u,img/target_7.png
41,398,lattice,0,r,img/target_4.png
41,399,lattice,2,b,img/target_6.png
41,400,lattice,4,o,img/target_9.png
41,401,lattice,5,i,img/target_8.png
41,402,lattice,4,o,img/target_9.png
41,403,lattice,2,b,img/target_6.png
41,404,lattice,0,r,img/target_4.png
41,405,lattice,8,e,img/target_3.png
41,406,lattice,7,w,img/target_2.png
41,407,lattice,9,q,img/target_1.png
41,408,lattice,0,r,img/target_4.png
41,409,lattice,2,b,img/target_6.png
41,410,lattice,3,p,img/target_10.png
41,411,lattice,1,u,img/target_7.png
41,412,lattice,9,q,img/target_1.png
41,413,lattice,1,u,img/target_7.png
41,414,lattice,0,r,img/target_4.png
41,415,lattice,9,q,img/target_1.png
41,416,lattice,8,e,img/target_3.png
41,417,lattice,7,w,img/target_2.png
41,418,lattice,9,q,img/target_1.png
41,419,lattice,1,u,img/target_7.png
41,420,lattice,9,q,img/target_1.png
41,421,lattice,7,w,img/target_2.png
41,422,lattice,6,v,img/target_5.png
41,423,lattice,4,o,img/target_9.png
41,424,lattice,3,p,img/target_10.png
41,425,lattice,1,u,img/target_7.png
41,426,lattice,9,q,img/target_1.png
41,427,lattice,1,u,img/target_7.png
41,428,lattice,0,r,img/target_4.png
41,429,lattice,9,q,img/target_1.png
41,430,lattice,8,e,img/target_3.png
41,431,lattice,9,q,img/target_1.png
41,432,lattice,1,u,img/target_7.png
41,433,lattice,3,p,img/target_10.png
41,434,lattice,4,o,img/target_9.png
41,435,lattice,5,i,img/target_8.png
41,436,lattice,4,o,img/target_9.png
41,437,lattice,3,p,img/target_10.png
41,438,lattice,5,i,img/target_8.png
41,439,lattice,4,o,img/target_9.png
41,440,lattice,3,p,img/target_10.png
41,441,lattice,2,b,img/target_6.png
41,442,lattice,1,u,img/target_7.png
41,443,lattice,0,r,img/target_4.png
41,444,lattice,1,u,img/target_7.png
41,445,lattice,2,b,img/target_6.png
41,446,lattice,0,r,img/target_4.png
41,447,lattice,9,q,img/target_1.png
41,448,lattice,8,e,img/target_3.png
41,449,lattice,9,q,img/target_1.png
41,450,lattice,8,e,img/target_3.png
41,451,lattice,0,r,img/target_4.png
41,452,lattice,9,q,img/target_1.png
41,453,lattice,1,u,img/target_7.png
41,454,lattice,3,p,img/target_10.png
41,455,lattice,2,b,img/target_6.png
41,456,lattice,3,p,img/target_10.png
41,457,lattice,5,i,img/target_8.png
41,458,lattice,4,o,img/target_9.png
41,459,lattice,2,b,img/target_6.png
41,460,lattice,1,u,img/target_7.png
41,461,lattice,9,q,img/target_1.png
41,462,lattice,0,r,img/target_4.png
41,463,lattice,9,q,img/target_1.png
41,464,lattice,0,r,img/target_4.png
41,465,lattice,2,b,img/target_6.png
41,466,lattice,3,p,img/target_10.png
41,467,lattice,1,u,img/target_7.png
41,468,lattice,9,q,img/target_1.png
41,469,lattice,8,e,img/target_3.png
41,470,lattice,9,q,img/target_1.png
41,471,lattice,0,r,img/target_4.png
41,472,lattice,8,e,img/target_3.png
41,473,lattice,9,q,img/target_1.png
41,474,lattice,0,r,img/target_4.png
41,475,lattice,8,e,img/target_3.png
41,476,lattice,0,r,img/target_4.png
41,477,lattice,9,q,img/target_1.png
41,478,lattice,8,e,img/target_3.png
41,479,lattice,7,w,img/target_2.png
41,480,lattice,9,q,img/target_1.png
41,481,lattice,0,r,img/target_4.png
41,482,lattice,9,q,img/target_1.png
41,483,lattice,7,w,img/target_2.png
41,484,lattice,5,i,img/target_8.png
41,485,lattice,6,v,img/target_5.png
41,486,lattice,7,w,img/target_2.png
41,487,lattice,6,v,img/target_5.png
41,488,lattice,5,i,img/target_8.png
41,489,lattice,3,p,img/target_10.png
41,490,lattice,1,u,img/target_7.png
41,491,lattice,0,r,img/target_4.png
41,492,lattice,2,b,img/target_6.png
41,493,lattice,1,u,img/target_7.png
41,494,lattice,0,r,img/target_4.png
41,495,lattice,9,q,img/target_1.png
41,496,lattice,1,u,img/target_7.png
41,497,lattice,0,r,img/target_4.png
41,498,lattice,9,q,img/target_1.png
41,499,lattice,0,r,img/target_4.png
41,500,lattice,1,u,img/target_7.png
41,501,lattice,0,r,img/target_4.png
41,502,lattice,8,e,img/target_3.png
41,503,lattice,0,r,img/target_4.png
41,504,lattice,9,q,img/target_1.png
41,505,lattice,1,u,img/target_7.png
41,506,lattice,0,r,img/target_4.png
41,507,lattice,1,u,img/target_7.png
41,508,lattice,9,q,img/target_1.png
41,509,lattice,7,w,img/target_2.png
41,510,lattice,5,i,img/target_8.png
41,511,lattice,6,v,img/target_5.png
41,512,lattice,8,e,img/target_3.png
41,513,lattice,9,q,img/target_1.png
41,514,lattice,8,e,img/target_3.png
41,515,lattice,6,v,img/target_5.png
41,516,lattice,8,e,img/target_3.png
41,517,lattice,9,q,img/target_1.png
41,518,lattice,1,u,img/target_7.png
41,519,lattice,2,b,img/target_6.png
41,520,lattice,1,u,img/target_7.png
41,521,lattice,2,b,img/target_6.png
41,522,lattice,1,u,img/target_7.png
41,523,lattice,3,p,img/target_10.png
41,524,lattice,4,o,img/target_9.png
41,525,lattice,3,p,img/target_10.png
41,526,lattice,4,o,img/target_9.png
41,527,lattice,3,p,img/target_10.png
41,528,lattice,4,o,img/target_9.png
41,529,lattice,3,p,img/target_10.png
41,530,lattice,5,i,img/target_8.png
41,531,lattice,6,v,img/target_5.png
41,532,lattice,5,i,img/target_8.png
41,533,lattice,7,w,img/target_2.png
41,534,lattice,8,e,img/target_3.png
41,535,lattice,7,w,img/target_2.png
41,536,lattice,8,e,img/target_3.png
41,537,lattice,9,q,img/target_1.png
41,538,lattice,7,w,img/target_2.png
41,539,lattice,5,i,img/target_8.png
41,540,lattice,7,w,img/target_2.png
41,541,lattice,6,v,img/target_5.png
41,542,lattice,7,w,img/target_2.png
41,543,lattice,9,q,img/target_1.png
41,544,lattice,7,w,img/target_2.png
41,545,lattice,9,q,img/target_1.png
41,546,lattice,1,u,img/target_7.png
41,547,lattice,2,b,img/target_6.png
41,548,lattice,4,o,img/target_9.png
41,549,lattice,5,i,img/target_8.png
41,550,lattice,6,v,img/target_5.png
41,551,lattice,5,i,img/target_8.png
41,552,lattice,4,o,img/target_9.png
41,553,lattice,5,i,img/target_8.png
41,554,lattice,7,w,img/target_2.png
41,555,lattice,9,q,img/target_1.png
41,556,lattice,7,w,img/target_2.png
41,557,lattice,8,e,img/target_3.png
41,558,lattice,0,r,img/target_4.png
41,559,lattice,9,q,img/target_1.png
41,560,lattice,7,w,img/target_2.png
41,561,lattice,9,q,img/target_1.png
41,562,lattice,1,u,img/target_7.png
41,563,lattice,3,p,img/target_10.png
41,564,lattice,1,u,img/target_7.png
41,565,lattice,0,r,img/target_4.png
41,566,lattice,2,b,img/target_6.png
41,567,lattice,3,p,img/target_10.png
41,568,lattice,1,u,img/target_7.png
41,569,lattice,9,q,img/target_1.png
41,570,lattice,8,e,img/target_3.png
41,571,lattice,0,r,img/target_4.png
41,572,lattice,9,q,img/target_1.png
41,573,lattice,7,w,img/target_2.png
41,574,lattice,9,q,img/target_1.png
41,575,lattice,8,e,img/target_3.png
41,576,lattice,6,v,img/target_5.png
41,577,lattice,7,w,img/target_2.png
41,578,lattice,8,e,img/target_3.png
41,579,lattice,0,r,img/target_4.png
41,580,lattice,1,u,img/target_7.png
41,581,lattice,2,b,img/target_6.png
41,582,lattice,0,r,img/target_4.png
41,583,lattice,8,e,img/target_3.png
41,584,lattice,7,w,img/target_2.png
41,585,lattice,6,v,img/target_5.png
41,586,lattice,7,w,img/target_2.png
41,587,lattice,9,q,img/target_1.png
41,588,lattice,7,w,img/target_2.png
41,589,lattice,8,e,img/target_3.png
41,590,lattice,0,r,img/target_4.png
41,591,lattice,2,b,img/target_6.png
41,592,lattice,1,u,img/target_7.png
41,593,lattice,2,b,img/target_6.png
41,594,lattice,4,o,img/target_9.png
41,595,lattice,6,v,img/target_5.png
41,596,lattice,7,w,img/target_2.png
41,597,lattice,9,q,img/target_1.png
41,598,lattice,0,r,img/target_4.png
41,599,lattice,9,q,img/target_1.png
41,600,lattice,0,r,img/target_4.png
41,601,lattice,9,q,img/target_1.png
41,602,lattice,1,u,img/target_7.png
41,603,lattice,2,b,img/target_6.png
41,604,lattice,1,u,img/target_7.png
41,605,lattice,3,p,img/target_10.png
41,606,lattice,4,o,img/target_9.png
41,607,lattice,3,p,img/target_10.png
41,608,lattice,4,o,img/target_9.png
41,609,lattice,6,v,img/target_5.png
41,610,lattice,4,o,img/target_9.png
41,611,lattice,6,v,img/target_5.png
41,612,lattice,7,w,img/target_2.png
41,613,lattice,9,q,img/target_1.png
41,614,lattice,1,u,img/target_7.png
41,615,lattice,3,p,img/target_10.png
41,616,lattice,5,i,img/target_8.png
41,617,lattice,6,v,img/target_5.png
41,618,lattice,4,o,img/target_9.png
41,619,lattice,6,v,img/target_5.png
41,620,lattice,8,e,img/target_3.png
41,621,lattice,6,v,img/target_5.png
41,622,lattice,8,e,img/target_3.png
41,623,lattice,9,q,img/target_1.png
41,624,lattice,0,r,img/target_4.png
41,625,lattice,1,u,img/target_7.png
41,626,lattice,0,r,img/target_4.png
41,627,lattice,2,b,img/target_6.png
41,628,lattice,4,o,img/target_9.png
41,629,lattice,2,b,img/target_6.png
41,630,lattice,1,u,img/target_7.png
41,631,lattice,2,b,img/target_6.png
41,632,lattice,1,u,img/target_7.png
41,633,lattice,3,p,img/target_10.png
41,634,lattice,5,i,img/target_8.png
41,635,lattice,4,o,img/target_9.png
41,636,lattice,2,b,img/target_6.png
41,637,lattice,3,p,img/target_10.png
41,638,lattice,1,u,img/target_7.png
41,639,lattice,2,b,img/target_6.png
41,640,lattice,1,u,img/target_7.png
41,641,lattice,0,r,img/target_4.png
41,642,lattice,2,b,img/target_6.png
41,643,lattice,4,o,img/target_9.png
41,644,lattice,3,p,img/target_10.png
41,645,lattice,1,u,img/target_7.png
41,646,lattice,9,q,img/target_1.png
41,647,lattice,7,w,img/target_2.png
41,648,lattice,8,e,img/target_3.png
41,649,lattice,9,q,img/target_1.png
41,650,lattice,7,w,img/target_2.png
41,651,lattice,6,v,img/target_5.png
41,652,lattice,5,i,img/target_8.png
41,653,lattice,6,v,img/target_5.png
41,654,lattice,7,w,img/target_2.png
41,655,lattice,8,e,img/target_3.png
41,656,lattice,7,w,img/target_2.png
41,657,lattice,5,i,img/target_8.png
41,658,lattice,4,o,img/target_9.png
41,659,lattice,2,b,img/target_6.png
41,660,lattice,4,o,img/target_9.png
41,661,lattice,5,i,img/target_8.png
41,662,lattice,3,p,img/target_10.png
41,663,lattice,1,u,img/target_7.png
41,664,lattice,0,r,img/target_4.png
41,665,lattice,1,u,img/target_7.png
41,666,lattice,3,p,img/target_10.png
41,667,lattice,5,i,img/target_8.png
41,668,lattice,4,o,img/target_9.png
41,669,lattice,6,v,img/target_5.png
41,670,lattice,8,e,img/target_3.png
41,671,lattice,6,v,img/target_5.png
41,672,lattice,4,o,img/target_9.png
41,673,lattice,2,b,img/target_6.png
41,674,lattice,4,o,img/target_9.png
41,675,lattice,5,i,img/target_8.png
41,676,lattice,7,w,img/target_2.png
41,677,lattice,9,q,img/target_1.png
41,678,lattice,0,r,img/target_4.png
41,679,lattice,1,u,img/target_7.png
41,680,lattice,3,p,img/target_10.png
41,681,lattice,2,b,img/target_6.png
41,682,lattice,3,p,img/target_10.png
41,683,lattice,4,o,img/target_9.png
41,684,lattice,3,p,img/target_10.png
41,685,lattice,5,i,img/target_8.png
41,686,lattice,3,p,img/target_10.png
41,687,lattice,4,o,img/target_9.png
41,688,lattice,2,b,img/target_6.png
41,689,lattice,4,o,img/target_9.png
41,690,lattice,6,v,img/target_5.png
41,691,lattice,7,w,img/target_2.png
41,692,lattice,6,v,img/target_5.png
41,693,lattice,7,w,img/target_2.png
41,694,lattice,8,e,img/target_3.png
41,695,lattice,0,r,img/target_4.png
41,696,lattice,9,q,img/target_1.png
41,697,lattice,7,w,img/target_2.png
41,698,lattice,6,v,img/target_5.png
41,699,lattice,5,i,img/target_8.png
41,700,lattice,4,o,img/target_9.png
41,701,lattice,3,p,img/target_10.png
41,702,lattice,2,b,img/target_6.png
41,703,lattice,0,r,img/target_4.png
41,704,lattice,1,u,img/target_7.png
41,705,lattice,9,q,img/target_1.png
41,706,lattice,8,e,img/target_3.png
41,707,lattice,9,q,img/target_1.png
41,708,lattice,8,e,img/target_3.png
41,709,lattice,7,w,img/target_2.png
41,710,lattice,8,e,img/target_3.png
41,711,lattice,7,w,img/target_2.png
41,712,lattice,5,i,img/target_8.png
41,713,lattice,3,p,img/target_10.png
41,714,lattice,2,b,img/target_6.png
41,715,lattice,0,r,img/target_4.png
41,716,lattice,8,e,img/target_3.png
41,717,lattice,9,q,img/target_1.png
41,718,lattice,7,w,img/target_2.png
41,719,lattice,8,e,img/target_3.png
41,720,lattice,0,r,img/target_4.png
41,721,lattice,8,e,img/target_3.png
41,722,lattice,9,q,img/target_1.png
41,723,lattice,7,w,img/target_2.png
41,724,lattice,6,v,img/target_5.png
41,725,lattice,8,e,img/target_3.png
41,726,lattice,9,q,img/target_1.png
41,727,lattice,1,u,img/target_7.png
41,728,lattice,9,q,img/target_1.png
41,729,lattice,7,w,img/target_2.png
41,730,lattice,9,q,img/target_1.png
41,731,lattice,8,e,img/target_3.png
41,732,lattice,0,r,img/target_4.png
41,733,lattice,9,q,img/target_1.png
41,734,lattice,1,u,img/target_7.png
41,735,lattice,3,p,img/target_10.png
41,736,lattice,4,o,img/target_9.png
41,737,lattice,3,p,img/target_10.png
41,738,lattice,2,b,img/target_6.png
41,739,lattice,3,p,img/target_10.png
41,740,lattice,1,u,img/target_7.png
41,741,lattice,3,p,img/target_10.png
41,742,lattice,5,i,img/target_8.png
41,743,lattice,6,v,img/target_5.png
41,744,lattice,4,o,img/target_9.png
41,745,lattice,6,v,img/target_5.png
41,746,lattice,4,o,img/target_9.png
41,747,lattice,3,p,img/target_10.png
41,748,lattice,1,u,img/target_7.png
41,749,lattice,0,r,img/target_4.png
41,750,lattice,9,q,img/target_1.png
41,751,lattice,8,e,img/target_3.png
41,752,lattice,0,r,img/target_4.png
41,753,lattice,8,e,img/target_3.png
41,754,lattice,9,q,img/target_1.png
41,755,lattice,8,e,img/target_3.png
41,756,lattice,7,w,img/target_2.png
41,757,lattice,5,i,img/target_8.png
41,758,lattice,7,w,img/target_2.png
41,759,lattice,8,e,img/target_3.png
41,760,lattice,6,v,img/target_5.png
41,761,lattice,5,i,img/target_8.png
41,762,lattice,3,p,img/target_10.png
41,763,lattice,4,o,img/target_9.png
41,764,lattice,2,b,img/target_6.png
41,765,lattice,3,p,img/target_10.png
41,766,lattice,5,i,img/target_8.png
41,767,lattice,3,p,img/target_10.png
41,768,lattice,4,o,img/target_9.png
41,769,lattice,2,b,img/target_6.png
41,770,lattice,3,p,img/target_10.png
41,771,lattice,1,u,img/target_7.png
41,772,lattice,0,r,img/target_4.png
41,773,lattice,2,b,img/target_6.png
41,774,lattice,0,r,img/target_4.png
41,775,lattice,2,b,img/target_6.png
41,776,lattice,1,u,img/target_7.png
41,777,lattice,2,b,img/target_6.png
41,778,lattice,1,u,img/target_7.png
41,779,lattice,0,r,img/target_4.png
41,780,lattice,2,b,img/target_6.png
41,781,lattice,3,p,img/target_10.png
41,782,lattice,5,i,img/target_8.png
41,783,lattice,7,w,img/target_2.png
41,784,lattice,8,e,img/target_3.png
41,785,lattice,7,w,img/target_2.png
41,786,lattice,6,v,img/target_5.png
41,787,lattice,5,i,img/target_8.png
41,788,lattice,6,v,img/target_5.png
41,789,lattice,5,i,img/target_8.png
41,790,lattice,6,v,img/target_5.png
41,791,lattice,5,i,img/target_8.png
41,792,lattice,7,w,img/target_2.png
41,793,lattice,5,i,img/target_8.png
41,794,lattice,6,v,img/target_5.png
41,795,lattice,5,i,img/target_8.png
41,796,lattice,4,o,img/target_9.png
41,797,lattice,2,b,img/target_6.png
41,798,lattice,4,o,img/target_9.png
41,799,lattice,6,v,img/target_5.png
41,800,lattice,5,i,img/target_8.png
41,801,lattice,6,v,img/target_5.png
41,802,lattice,8,e,img/target_3.png
41,803,lattice,7,w,img/target_2.png
41,804,lattice,6,v,img/target_5.png
41,805,lattice,7,w,img/target_2.png
41,806,lattice,8,e,img/target_3.png
41,807,lattice,6,v,img/target_5.png
41,808,lattice,5,i,img/target_8.png
41,809,lattice,3,p,img/target_10.png
41,810,lattice,1,u,img/target_7.png
41,811,lattice,9,q,img/target_1.png
41,812,lattice,8,e,img/target_3.png
41,813,lattice,7,w,img/target_2.png
41,814,lattice,6,v,img/target_5.png
41,815,lattice,5,i,img/target_8.png
41,816,lattice,7,w,img/target_2.png
41,817,lattice,9,q,img/target_1.png
41,818,lattice,1,u,img/target_7.png
41,819,lattice,2,b,img/target_6.png
41,820,lattice,4,o,img/target_9.png
41,821,lattice,2,b,img/target_6.png
41,822,lattice,3,p,img/target_10.png
41,823,lattice,4,o,img/target_9.png
41,824,lattice,5,i,img/target_8.png
41,825,lattice,6,v,img/target_5.png
41,826,lattice,5,i,img/target_8.png
41,827,lattice,4,o,img/target_9.png
41,828,lattice,6,v,img/target_5.png
41,829,lattice,4,o,img/target_9.png
41,830,lattice,5,i,img/target_8.png
41,831,lattice,4,o,img/target_9.png
41,832,lattice,3,p,img/target_10.png
41,833,lattice,5,i,img/target_8.png
41,834,lattice,4,o,img/target_9.png
41,835,lattice,5,i,img/target_8.png
41,836,lattice,7,w,img/target_2.png
41,837,lattice,5,i,img/target_8.png
41,838,lattice,3,p,img/target_10.png
41,839,lattice,5,i,img/target_8.png
41,840,lattice,4,o,img/target_9.png
41,841,lattice,5,i,img/target_8.png
41,842,lattice,4,o,img/target_9.png
41,843,lattice,5,i,img/target_8.png
41,844,lattice,4,o,img/target_9.png
41,845,lattice,5,i,img/target_8.png
41,846,lattice,3,p,img/target_10.png
41,847,lattice,2,b,img/target_6.png
41,848,lattice,3,p,img/target_10.png
41,849,lattice,5,i,img/target_8.png
41,850,lattice,4,o,img/target_9.png
41,851,lattice,3,p,img/target_10.png
41,852,lattice,1,u,img/target_7.png
41,853,lattice,9,q,img/target_1.png
41,854,lattice,8,e,img/target_3.png
41,855,lattice,7,w,img/target_2.png
41,856,lattice,9,q,img/target_1.png
41,857,lattice,8,e,img/target_3.png
41,858,lattice,6,v,img/target_5.png
41,859,lattice,4,o,img/target_9.png
41,860,lattice,3,p,img/target_10.png
41,861,lattice,4,o,img/target_9.png
41,862,lattice,3,p,img/target_10.png
41,863,lattice,5,i,img/target_8.png
41,864,lattice,3,p,img/target_10.png
41,865,lattice,1,u,img/target_7.png
41,866,lattice,9,q,img/target_1.png
41,867,lattice,8,e,img/target_3.png
41,868,lattice,0,r,img/target_4.png
41,869,lattice,2,b,img/target_6.png
41,870,lattice,4,o,img/target_9.png
41,871,lattice,2,b,img/target_6.png
41,872,lattice,1,u,img/target_7.png
41,873,lattice,9,q,img/target_1.png
41,874,lattice,0,r,img/target_4.png
41,875,lattice,1,u,img/target_7.png
41,876,lattice,3,p,img/target_10.png
41,877,lattice,5,i,img/target_8.png
41,878,lattice,7,w,img/target_2.png
41,879,lattice,9,q,img/target_1.png
41,880,lattice,8,e,img/target_3.png
41,881,lattice,6,v,img/target_5.png
41,882,lattice,4,o,img/target_9.png
41,883,lattice,2,b,img/target_6.png
41,884,lattice,4,o,img/target_9.png
41,885,lattice,2,b,img/target_6.png
41,886,lattice,4,o,img/target_9.png
41,887,lattice,6,v,img/target_5.png
41,888,lattice,7,w,img/target_2.png
41,889,lattice,5,i,img/target_8.png
41,890,lattice,4,o,img/target_9.png
41,891,lattice,6,v,img/target_5.png
41,892,lattice,5,i,img/target_8.png
41,893,lattice,7,w,img/target_2.png
41,894,lattice,6,v,img/target_5.png
41,895,lattice,8,e,img/target_3.png
41,896,lattice,0,r,img/target_4.png
41,897,lattice,8,e,img/target_3.png
41,898,lattice,0,r,img/target_4.png
41,899,lattice,2,b,img/target_6.png
41,900,lattice,3,p,img/target_10.png
41,901,lattice,5,i,img/target_8.png
41,902,lattice,7,w,img/target_2.png
41,903,lattice,6,v,img/target_5.png
41,904,lattice,8,e,img/target_3.png
41,905,lattice,7,w,img/target_2.png
41,906,lattice,9,q,img/target_1.png
41,907,lattice,7,w,img/target_2.png
41,908,lattice,6,v,img/target_5.png
41,909,lattice,4,o,img/target_9.png
41,910,lattice,3,p,img/target_10.png
41,911,lattice,5,i,img/target_8.png
41,912,lattice,6,v,img/target_5.png
41,913,lattice,8,e,img/target_3.png
41,914,lattice,0,r,img/target_4.png
41,915,lattice,9,q,img/target_1.png
41,916,lattice,8,e,img/target_3.png
41,917,lattice,7,w,img/target_2.png
41,918,lattice,9,q,img/target_1.png
41,919,lattice,7,w,img/target_2.png
41,920,lattice,8,e,img/target_3.png
41,921,lattice,7,w,img/target_2.png
41,922,lattice,5,i,img/target_8.png
41,923,lattice,6,v,img/target_5.png
41,924,lattice,7,w,img/target_2.png
41,925,lattice,8,e,img/target_3.png
41,926,lattice,0,r,img/target_4.png
41,927,lattice,2,b,img/target_6.png
41,928,lattice,0,r,img/target_4.png
41,929,lattice,2,b,img/target_6.png
41,930,lattice,4,o,img/target_9.png
41,931,lattice,3,p,img/target_10.png
41,932,lattice,2,b,img/target_6.png
41,933,lattice,3,p,img/target_10.png
41,934,lattice,2,b,img/target_6.png
41,935,lattice,1,u,img/target_7.png
41,936,lattice,0,r,img/target_4.png
41,937,lattice,8,e,img/target_3.png
41,938,lattice,9,q,img/target_1.png
41,939,lattice,7,w,img/target_2.png
41,940,lattice,5,i,img/target_8.png
41,941,lattice,7,w,img/target_2.png
41,942,lattice,8,e,img/target_3.png
41,943,lattice,7,w,img/target_2.png
41,944,lattice,8,e,img/target_3.png
41,945,lattice,7,w,img/target_2.png
41,946,lattice,6,v,img/target_5.png
41,947,lattice,4,o,img/target_9.png
41,948,lattice,5,i,img/target_8.png
41,949,lattice,6,v,img/target_5.png
41,950,lattice,7,w,img/target_2.png
41,951,lattice,8,e,img/target_3.png
41,952,lattice,0,r,img/target_4.png
41,953,lattice,2,b,img/target_6.png
41,954,lattice,1,u,img/target_7.png
41,955,lattice,3,p,img/target_10.png
41,956,lattice,1,u,img/target_7.png
41,957,lattice,3,p,img/target_10.png
41,958,lattice,2,b,img/target_6.png
41,959,lattice,0,r,img/target_4.png
41,960,lattice,1,u,img/target_7.png
41,961,lattice,0,r,img/target_4.png
41,962,lattice,9,q,img/target_1.png
41,963,lattice,7,w,img/target_2.png
41,964,lattice,6,v,img/target_5.png
41,965,lattice,4,o,img/target_9.png
41,966,lattice,2,b,img/target_6.png
41,967,lattice,1,u,img/target_7.png
41,968,lattice,0,r,img/target_4.png
41,969,lattice,2,b,img/target_6.png
41,970,lattice,1,u,img/target_7.png
41,971,lattice,2,b,img/target_6.png
41,972,lattice,4,o,img/target_9.png
41,973,lattice,5,i,img/target_8.png
41,974,lattice,6,v,img/target_5.png
41,975,lattice,4,o,img/target_9.png
41,976,lattice,3,p,img/target_10.png
41,977,lattice,1,u,img/target_7.png
41,978,lattice,3,p,img/target_10.png
41,979,lattice,4,o,img/target_9.png
41,980,lattice,6,v,img/target_5.png
41,981,lattice,7,w,img/target_2.png
41,982,lattice,6,v,img/target_5.png
41,983,lattice,8,e,img/target_3.png
41,984,lattice,6,v,img/target_5.png
41,985,lattice,7,w,img/target_2.png
41,986,lattice,5,i,img/target_8.png
41,987,lattice,7,w,img/target_2.png
41,988,lattice,5,i,img/target_8.png
41,989,lattice,4,o,img/target_9.png
41,990,lattice,2,b,img/target_6.png
41,991,lattice,1,u,img/target_7.png
41,992,lattice,0,r,img/target_4.png
41,993,lattice,2,b,img/target_6.png
41,994,lattice,1,u,img/target_7.png
41,995,lattice,0,r,img/target_4.png
41,996,lattice,8,e,img/target_3.png
41,997,lattice,9,q,img/target_1.png
41,998,lattice,7,w,img/target_2.png
41,999,lattice,6,v,img/target_5.png
41,1000,lattice,5,i,img/target_8.png
