pID,trialNum,graph,walk,resp,path
3,1,lattice,6,w,img/target_2.png
3,2,lattice,4,o,img/target_9.png
3,3,lattice,2,v,img/target_5.png
3,4,lattice,4,o,img/target_9.png
3,5,lattice,6,w,img/target_2.png
3,6,lattice,7,r,img/target_4.png
3,7,lattice,5,b,img/target_6.png
3,8,lattice,7,r,img/target_4.png
3,9,lattice,9,e,img/target_3.png
3,10,lattice,0,i,img/target_8.png
3,11,lattice,8,u,img/target_7.png
3,12,lattice,9,e,img/target_3.png
3,13,lattice,1,q,img/target_1.png
3,14,lattice,3,p,img/target_10.png
3,15,lattice,2,v,img/target_5.png
3,16,lattice,1,q,img/target_1.png
3,17,lattice,3,p,img/target_10.png
3,18,lattice,5,b,img/target_6.png
3,19,lattice,6,w,img/target_2.png
3,20,lattice,7,r,img/target_4.png
3,21,lattice,6,w,img/target_2.png
3,22,lattice,7,r,img/target_4.png
3,23,lattice,6,w,img/target_2.png
3,24,lattice,5,b,img/target_6.png
3,25,lattice,4,o,img/target_9.png
3,26,lattice,3,p,img/target_10.png
3,27,lattice,4,o,img/target_9.png
3,28,lattice,3,p,img/target_10.png
3,29,lattice,4,o,img/target_9.png
3,30,lattice,3,p,img/target_10.png
3,31,lattice,4,o,img/target_9.png
3,32,lattice,6,w,img/target_2.png
3,33,lattice,8,u,img/target_7.png
3,34,lattice,9,e,img/target_3.png
3,35,lattice,1,q,img/target_1.png
3,36,lattice,0,i,img/target_8.png
3,37,lattice,1,q,img/target_1.png
3,38,lattice,2,v,img/target_5.png
3,39,lattice,4,o,img/target_9.png
3,40,lattice,2,v,img/target_5.png
3,41,lattice,4,o,img/target_9.png
3,42,lattice,3,p,img/target_10.png
3,43,lattice,5,b,img/target_6.png
3,44,lattice,3,p,img/target_10.png
3,45,lattice,4,o,img/target_9.png
3,46,lattice,3,p,img/target_10.png
3,47,lattice,1,q,img/target_1.png
3,48,lattice,3,p,img/target_10.png
3,49,lattice,5,b,img/target_6.png
3,50,lattice,7,r,img/target_4.png
3,51,lattice,8,u,img/target_7.png
3,52,lattice,9,e,img/target_3.png
3,53,lattice,7,r,img/target_4.png
3,54,lattice,9,e,img/target_3.png
3,55,lattice,7,r,img/target_4.png
3,56,lattice,8,u,img/target_7.png
3,57,lattice,7,r,img/target_4.png
3,58,lattice,6,w,img/target_2.png
3,59,lattice,4,o,img/target_9.png
3,60,lattice,2,v,img/target_5.png
3,61,lattice,4,o,img/target_9.png
3,62,lattice,5,b,img/target_6.png
3,63,lattice,7,r,img/target_4.png
3,64,lattice,6,w,img/target_2.png
3,65,lattice,8,u,img/target_7.png
3,66,lattice,9,e,img/target_3.png
3,67,lattice,7,r,img/target_4.png
3,68,lattice,8,u,img/target_7.png
3,69,lattice,9,e,img/target_3.png
3,70,lattice,0,i,img/target_8.png
3,71,lattice,2,v,img/target_5.png
3,72,lattice,1,q,img/target_1.png
3,73,lattice,3,p,img/target_10.png
3,74,lattice,5,b,img/target_6.png
3,75,lattice,6,w,img/target_2.png
3,76,lattice,7,r,img/target_4.png
3,77,lattice,8,u,img/target_7.png
3,78,lattice,0,i,img/target_8.png
3,79,lattice,8,u,img/target_7.png
3,80,lattice,7,r,img/target_4.png
3,81,lattice,6,w,img/target_2.png
3,82,lattice,8,u,img/target_7.png
3,83,lattice,9,e,img/target_3.png
3,84,lattice,1,q,img/target_1.png
3,85,lattice,0,i,img/target_8.png
3,86,lattice,2,v,img/target_5.png
3,87,lattice,4,o,img/target_9.png
3,88,lattice,5,b,img/target_6.png
3,89,lattice,3,p,img/target_10.png
3,90,lattice,2,v,img/target_5.png
3,91,lattice,0,i,img/target_8.png
3,92,lattice,1,q,img/target_1.png
3,93,lattice,0,i,img/target_8.png
3,94,lattice,1,q,img/target_1.png
3,95,lattice,2,v,img/target_5.png
3,96,lattice,3,p,img/target_10.png
3,97,lattice,1,q,img/target_1.png
3,98,lattice,9,e,img/target_3.png
3,99,lattice,8,u,img/target_7.png
3,100,lattice,6,w,img/target_2.png
3,101,lattice,5,b,img/target_6.png
3,102,lattice,7,r,img/target_4.png
3,103,lattice,5,b,img/target_6.png
3,104,lattice,6,w,img/target_2.png
3,105,lattice,5,b,img/target_6.png
3,106,lattice,3,p,img/target_10.png
3,107,lattice,4,o,img/target_9.png
3,108,lattice,6,w,img/target_2.png
3,109,lattice,4,o,img/target_9.png
3,110,lattice,6,w,img/target_2.png
3,111,lattice,7,r,img/target_4.png
3,112,lattice,8,u,img/target_7.png
3,113,lattice,6,w,img/target_2.png
3,114,lattice,5,b,img/target_6.png
3,115,lattice,7,r,img/target_4.png
3,116,lattice,9,e,img/target_3.png
3,117,lattice,8,u,img/target_7.png
3,118,lattice,6,w,img/target_2.png
3,119,lattice,5,b,img/target_6.png
3,120,lattice,7,r,img/target_4.png
3,121,lattice,9,e,img/target_3.png
3,122,lattice,7,r,img/target_4.png
3,123,lattice,6,w,img/target_2.png
3,124,lattice,7,r,img/target_4.png
3,125,lattice,6,w,img/target_2.png
3,126,lattice,4,o,img/target_9.png
3,127,lattice,6,w,img/target_2.png
3,128,lattice,5,b,img/target_6.png
3,129,lattice,6,w,img/target_2.png
3,130,lattice,8,u,img/target_7.png
3,131,lattice,6,w,img/target_2.png
3,132,lattice,7,r,img/target_4.png
3,133,lattice,6,w,img/target_2.png
3,134,lattice,7,r,img/target_4.png
3,135,lattice,6,w,img/target_2.png
3,136,lattice,7,r,img/target_4.png
3,137,lattice,6,w,img/target_2.png
3,138,lattice,4,o,img/target_9.png
3,139,lattice,6,w,img/target_2.png
3,140,lattice,5,b,img/target_6.png
3,141,lattice,7,r,img/target_4.png
3,142,lattice,6,w,img/target_2.png
3,143,lattice,5,b,img/target_6.png
3,144,lattice,4,o,img/target_9.png
3,145,lattice,6,w,img/target_2.png
3,146,lattice,5,b,img/target_6.png
3,147,lattice,7,r,img/target_4.png
3,148,lattice,5,b,img/target_6.png
3,149,lattice,4,o,img/target_9.png
3,150,lattice,5,b,img/target_6.png
3,151,lattice,7,r,img/target_4.png
3,152,lattice,5,b,img/target_6.png
3,153,lattice,4,o,img/target_9.png
3,154,lattice,3,p,img/target_10.png
3,155,lattice,5,b,img/target_6.png
3,156,lattice,6,w,img/target_2.png
3,157,lattice,5,b,img/target_6.png
3,158,lattice,6,w,img/target_2.png
3,159,lattice,4,o,img/target_9.png
3,160,lattice,2,v,img/target_5.png
3,161,lattice,1,q,img/target_1.png
3,162,lattice,0,i,img/target_8.png
3,163,lattice,8,u,img/target_7.png
3,164,lattice,9,e,img/target_3.png
3,165,lattice,7,r,img/target_4.png
3,166,lattice,5,b,img/target_6.png
3,167,lattice,3,p,img/target_10.png
3,168,lattice,1,q,img/target_1.png
3,169,lattice,0,i,img/target_8.png
3,170,lattice,1,q,img/target_1.png
3,171,lattice,9,e,img/target_3.png
3,172,lattice,1,q,img/target_1.png
3,173,lattice,3,p,img/target_10.png
3,174,lattice,5,b,img/target_6.png
3,175,lattice,7,r,img/target_4.png
3,176,lattice,9,e,img/target_3.png
3,177,lattice,1,q,img/target_1.png
3,178,lattice,0,i,img/target_8.png
3,179,lattice,8,u,img/target_7.png
3,180,lattice,9,e,img/target_3.png
3,181,lattice,0,i,img/target_8.png
3,182,lattice,2,v,img/target_5.png
3,183,lattice,1,q,img/target_1.png
3,184,lattice,0,i,img/target_8.png
3,185,lattice,1,q,img/target_1.png
3,186,lattice,9,e,img/target_3.png
3,187,lattice,8,u,img/target_7.png
3,188,lattice,6,w,img/target_2.png
3,189,lattice,5,b,img/target_6.png
3,190,lattice,3,p,img/target_10.png
3,191,lattice,2,v,img/target_5.png
3,192,lattice,1,q,img/target_1.png
3,193,lattice,3,p,img/target_10.png
3,194,lattice,1,q,img/target_1.png
3,195,lattice,3,p,img/target_10.png
3,196,lattice,1,q,img/target_1.png
3,197,lattice,0,i,img/target_8.png
3,198,lattice,8,u,img/target_7.png
3,199,lattice,9,e,img/target_3.png
3,200,lattice,1,q,img/target_1.png
3,201,lattice,9,e,img/target_3.png
3,202,lattice,1,q,img/target_1.png
3,203,lattice,2,v,img/target_5.png
3,204,lattice,4,o,img/target_9.png
3,205,lattice,2,v,img/target_5.png
3,206,lattice,1,q,img/target_1.png
3,207,lattice,0,i,img/target_8.png
3,208,lattice,9,e,img/target_3.png
3,209,lattice,7,r,img/target_4.png
3,210,lattice,5,b,img/target_6.png
3,211,lattice,6,w,img/target_2.png
3,212,lattice,4,o,img/target_9.png
3,213,lattice,3,p,img/target_10.png
3,214,lattice,5,b,img/target_6.png
3,215,lattice,4,o,img/target_9.png
3,216,lattice,3,p,img/target_10.png
3,217,lattice,2,v,img/target_5.png
3,218,lattice,0,i,img/target_8.png
3,219,lattice,2,v,img/target_5.png
3,220,lattice,4,o,img/target_9.png
3,221,lattice,6,w,img/target_2.png
3,222,lattice,5,b,img/target_6.png
3,223,lattice,3,p,img/target_10.png
3,224,lattice,4,o,img/target_9.png
3,225,lattice,5,b,img/target_6.png
3,226,lattice,4,o,img/target_9.png
3,227,lattice,2,v,img/target_5.png
3,228,lattice,0,i,img/target_8.png
3,229,lattice,8,u,img/target_7.png
3,230,lattice,7,r,img/target_4.png
3,231,lattice,5,b,img/target_6.png
3,232,lattice,7,r,img/target_4.png
3,233,lattice,6,w,img/target_2.png
3,234,lattice,8,u,img/target_7.png
3,235,lattice,9,e,img/target_3.png
3,236,lattice,0,i,img/target_8.png
3,237,lattice,8,u,img/target_7.png
3,238,lattice,7,r,img/target_4.png
3,239,lattice,5,b,img/target_6.png
3,240,lattice,3,p,img/target_10.png
3,241,lattice,4,o,img/target_9.png
3,242,lattice,2,v,img/target_5.png
3,243,lattice,3,p,img/target_10.png
3,244,lattice,4,o,img/target_9.png
3,245,lattice,2,v,img/target_5.png
3,246,lattice,4,o,img/target_9.png
3,247,lattice,6,w,img/target_2.png
3,248,lattice,7,r,img/target_4.png
3,249,lattice,6,w,img/target_2.png
3,250,lattice,8,u,img/target_7.png
3,251,lattice,6,w,img/target_2.png
3,252,lattice,4,o,img/target_9.png
3,253,lattice,2,v,img/target_5.png
3,254,lattice,0,i,img/target_8.png
3,255,lattice,9,e,img/target_3.png
3,256,lattice,0,i,img/target_8.png
3,257,lattice,1,q,img/target_1.png
3,258,lattice,2,v,img/target_5.png
3,259,lattice,1,q,img/target_1.png
3,260,lattice,2,v,img/target_5.png
3,261,lattice,1,q,img/target_1.png
3,262,lattice,9,e,img/target_3.png
3,263,lattice,8,u,img/target_7.png
3,264,lattice,6,w,img/target_2.png
3,265,lattice,5,b,img/target_6.png
3,266,lattice,4,o,img/target_9.png
3,267,lattice,2,v,img/target_5.png
3,268,lattice,4,o,img/target_9.png
3,269,lattice,6,w,img/target_2.png
3,270,lattice,5,b,img/target_6.png
3,271,lattice,6,w,img/target_2.png
3,272,lattice,4,o,img/target_9.png
3,273,lattice,6,w,img/target_2.png
3,274,lattice,5,b,img/target_6.png
3,275,lattice,3,p,img/target_10.png
3,276,lattice,1,q,img/target_1.png
3,277,lattice,2,v,img/target_5.png
3,278,lattice,0,i,img/target_8.png
3,279,lattice,2,v,img/target_5.png
3,280,lattice,1,q,img/target_1.png
3,281,lattice,9,e,img/target_3.png
3,282,lattice,0,i,img/target_8.png
3,283,lattice,1,q,img/target_1.png
3,284,lattice,3,p,img/target_10.png
3,285,lattice,1,q,img/target_1.png
3,286,lattice,2,v,img/target_5.png
3,287,lattice,3,p,img/target_10.png
3,288,lattice,1,q,img/target_1.png
3,289,lattice,3,p,img/target_10.png
3,290,lattice,4,o,img/target_9.png
3,291,lattice,5,b,img/target_6.png
3,292,lattice,7,r,img/target_4.png
3,293,lattice,8,u,img/target_7.png
3,294,lattice,9,e,img/target_3.png
3,295,lattice,0,i,img/target_8.png
3,296,lattice,9,e,img/target_3.png
3,297,lattice,7,r,img/target_4.png
3,298,lattice,6,w,img/target_2.png
3,299,lattice,7,r,img/target_4.png
3,300,lattice,5,b,img/target_6.png
3,301,lattice,6,w,img/target_2.png
3,302,lattice,4,o,img/target_9.png
3,303,lattice,2,v,img/target_5.png
3,304,lattice,4,o,img/target_9.png
3,305,lattice,2,v,img/target_5.png
3,306,lattice,3,p,img/target_10.png
3,307,lattice,5,b,img/target_6.png
3,308,lattice,4,o,img/target_9.png
3,309,lattice,3,p,img/target_10.png
3,310,lattice,5,b,img/target_6.png
3,311,lattice,3,p,img/target_10.png
3,312,lattice,4,o,img/target_9.png
3,313,lattice,2,v,img/target_5.png
3,314,lattice,3,p,img/target_10.png
3,315,lattice,4,o,img/target_9.png
3,316,lattice,2,v,img/target_5.png
3,317,lattice,1,q,img/target_1.png
3,318,lattice,3,p,img/target_10.png
3,319,lattice,1,q,img/target_1.png
3,320,lattice,2,v,img/target_5.png
3,321,lattice,4,o,img/target_9.png
3,322,lattice,5,b,img/target_6.png
3,323,lattice,7,r,img/target_4.png
3,324,lattice,9,e,img/target_3.png
3,325,lattice,0,i,img/target_8.png
3,326,lattice,9,e,img/target_3.png
3,327,lattice,0,i,img/target_8.png
3,328,lattice,1,q,img/target_1.png
3,329,lattice,2,v,img/target_5.png
3,330,lattice,3,p,img/target_10.png
3,331,lattice,1,q,img/target_1.png
3,332,lattice,3,p,img/target_10.png
3,333,lattice,4,o,img/target_9.png
3,334,lattice,6,w,img/target_2.png
3,335,lattice,5,b,img/target_6.png
3,336,lattice,3,p,img/target_10.png
3,337,lattice,1,q,img/target_1.png
3,338,lattice,0,i,img/target_8.png
3,339,lattice,1,q,img/target_1.png
3,340,lattice,2,v,img/target_5.png
3,341,lattice,3,p,img/target_10.png
3,342,lattice,5,b,img/target_6.png
3,343,lattice,7,r,img/target_4.png
3,344,lattice,8,u,img/target_7.png
3,345,lattice,0,i,img/target_8.png
3,346,lattice,2,v,img/target_5.png
3,347,lattice,1,q,img/target_1.png
3,348,lattice,2,v,img/target_5.png
3,349,lattice,3,p,img/target_10.png
3,350,lattice,2,v,img/target_5.png
3,351,lattice,1,q,img/target_1.png
3,352,lattice,9,e,img/target_3.png
3,353,lattice,1,q,img/target_1.png
3,354,lattice,0,i,img/target_8.png
3,355,lattice,2,v,img/target_5.png
3,356,lattice,1,q,img/target_1.png
3,357,lattice,9,e,img/target_3.png
3,358,lattice,1,q,img/target_1.png
3,359,lattice,2,v,img/target_5.png
3,360,lattice,1,q,img/target_1.png
3,361,lattice,3,p,img/target_10.png
3,362,lattice,1,q,img/target_1.png
3,363,lattice,0,i,img/target_8.png
3,364,lattice,2,v,img/target_5.png
3,365,lattice,3,p,img/target_10.png
3,366,lattice,5,b,img/target_6.png
3,367,lattice,3,p,img/target_10.png
3,368,lattice,1,q,img/target_1.png
3,369,lattice,2,v,img/target_5.png
3,370,lattice,3,p,img/target_10.png
3,371,lattice,2,v,img/target_5.png
3,372,lattice,3,p,img/target_10.png
3,373,lattice,2,v,img/target_5.png
3,374,lattice,4,o,img/target_9.png
3,375,lattice,2,v,img/target_5.png
3,376,lattice,3,p,img/target_10.png
3,377,lattice,2,v,img/target_5.png
3,378,lattice,4,o,img/target_9.png
3,379,lattice,6,w,img/target_2.png
3,380,lattice,8,u,img/target_7.png
3,381,lattice,7,r,img/target_4.png
3,382,lattice,9,e,img/target_3.png
3,383,lattice,1,q,img/target_1.png
3,384,lattice,2,v,img/target_5.png
3,385,lattice,1,q,img/target_1.png
3,386,lattice,3,p,img/target_10.png
3,387,lattice,4,o,img/target_9.png
3,388,lattice,6,w,img/target_2.png
3,389,lattice,7,r,img/target_4.png
3,390,lattice,5,b,img/target_6.png
3,391,lattice,6,w,img/target_2.png
3,392,lattice,5,b,img/target_6.png
3,393,lattice,7,r,img/target_4.png
3,394,lattice,9,e,img/target_3.png
3,395,lattice,1,q,img/target_1.png
3,396,lattice,0,i,img/target_8.png
3,397,lattice,2,v,img/target_5.png
3,398,lattice,4,o,img/target_9.png
3,399,lattice,2,v,img/target_5.png
3,400,lattice,0,i,img/target_8.png
3,401,lattice,2,v,img/target_5.png
3,402,lattice,1,q,img/target_1.png
3,403,lattice,0,i,img/target_8.png
3,404,lattice,9,e,img/target_3.png
3,405,lattice,8,u,img/target_7.png
3,406,lattice,6,w,img/target_2.png
3,407,lattice,7,r,img/target_4.png
3,408,lattice,5,b,img/target_6.png
3,409,lattice,3,p,img/target_10.png
3,410,lattice,1,q,img/target_1.png
3,411,lattice,2,v,img/target_5.png
3,412,lattice,1,q,img/target_1.png
3,413,lattice,0,i,img/target_8.png
3,414,lattice,1,q,img/target_1.png
3,415,lattice,9,e,img/target_3.png
3,416,lattice,1,q,img/target_1.png
3,417,lattice,9,e,img/target_3.png
3,418,lattice,8,u,img/target_7.png
3,419,lattice,7,r,img/target_4.png
3,420,lattice,9,e,img/target_3.png
3,421,lattice,7,r,img/target_4.png
3,422,lattice,5,b,img/target_6.png
3,423,lattice,4,o,img/target_9.png
3,424,lattice,2,v,img/target_5.png
3,425,lattice,4,o,img/target_9.png
3,426,lattice,6,w,img/target_2.png
3,427,lattice,5,b,img/target_6.png
3,428,lattice,4,o,img/target_9.png
3,429,lattice,6,w,img/target_2.png
3,430,lattice,7,r,img/target_4.png
3,431,lattice,5,b,img/target_6.png
3,432,lattice,3,p,img/target_10.png
3,433,lattice,4,o,img/target_9.png
3,434,lattice,2,v,img/target_5.png
3,435,lattice,4,o,img/target_9.png
3,436,lattice,3,p,img/target_10.png
3,437,lattice,4,o,img/target_9.png
3,438,lattice,5,b,img/target_6.png
3,439,lattice,6,w,img/target_2.png
3,440,lattice,8,u,img/target_7.png
3,441,lattice,6,w,img/target_2.png
3,442,lattice,7,r,img/target_4.png
3,443,lattice,9,e,img/target_3.png
3,444,lattice,8,u,img/target_7.png
3,445,lattice,7,r,img/target_4.png
3,446,lattice,8,u,img/target_7.png
3,447,lattice,0,i,img/target_8.png
3,448,lattice,1,q,img/target_1.png
3,449,lattice,9,e,img/target_3.png
3,450,lattice,7,r,img/target_4.png
3,451,lattice,9,e,img/target_3.png
3,452,lattice,0,i,img/target_8.png
3,453,lattice,9,e,img/target_3.png
3,454,lattice,1,q,img/target_1.png
3,455,lattice,2,v,img/target_5.png
3,456,lattice,4,o,img/target_9.png
3,457,lattice,2,v,img/target_5.png
3,458,lattice,0,i,img/target_8.png
3,459,lattice,8,u,img/target_7.png
3,460,lattice,6,w,img/target_2.png
3,461,lattice,7,r,img/target_4.png
3,462,lattice,9,e,img/target_3.png
3,463,lattice,8,u,img/target_7.png
3,464,lattice,9,e,img/target_3.png
3,465,lattice,1,q,img/target_1.png
3,466,lattice,0,i,img/target_8.png
3,467,lattice,2,v,img/target_5.png
3,468,lattice,3,p,img/target_10.png
3,469,lattice,5,b,img/target_6.png
3,470,lattice,4,o,img/target_9.png
3,471,lattice,2,v,img/target_5.png
3,472,lattice,1,q,img/target_1.png
3,473,lattice,2,v,img/target_5.png
3,474,lattice,3,p,img/target_10.png
3,475,lattice,5,b,img/target_6.png
3,476,lattice,3,p,img/target_10.png
3,477,lattice,4,o,img/target_9.png
3,478,lattice,5,b,img/target_6.png
3,479,lattice,7,r,img/target_4.png
3,480,lattice,5,b,img/target_6.png
3,481,lattice,7,r,img/target_4.png
3,482,lattice,8,u,img/target_7.png
3,483,lattice,7,r,img/target_4.png
3,484,lattice,6,w,img/target_2.png
3,485,lattice,5,b,img/target_6.png
3,486,lattice,6,w,img/target_2.png
3,487,lattice,4,o,img/target_9.png
3,488,lattice,5,b,img/target_6.png
3,489,lattice,7,r,img/target_4.png
3,490,lattice,8,u,img/target_7.png
3,491,lattice,0,i,img/target_8.png
3,492,lattice,2,v,img/target_5.png
3,493,lattice,1,q,img/target_1.png
3,494,lattice,9,e,img/target_3.png
3,495,lattice,7,r,img/target_4.png
3,496,lattice,9,e,img/target_3.png
3,497,lattice,7,r,img/target_4.png
3,498,lattice,9,e,img/target_3.png
3,499,lattice,7,r,img/target_4.png
3,500,lattice,6,w,img/target_2.png
3,501,lattice,8,u,img/target_7.png
3,502,lattice,7,r,img/target_4.png
3,503,lattice,5,b,img/target_6.png
3,504,lattice,3,p,img/target_10.png
3,505,lattice,1,q,img/target_1.png
3,506,lattice,0,i,img/target_8.png
3,507,lattice,2,v,img/target_5.png
3,508,lattice,1,q,img/target_1.png
3,509,lattice,3,p,img/target_10.png
3,510,lattice,5,b,img/target_6.png
3,511,lattice,4,o,img/target_9.png
3,512,lattice,3,p,img/target_10.png
3,513,lattice,2,v,img/target_5.png
3,514,lattice,3,p,img/target_10.png
3,515,lattice,1,q,img/target_1.png
3,516,lattice,2,v,img/target_5.png
3,517,lattice,0,i,img/target_8.png
3,518,lattice,8,u,img/target_7.png
3,519,lattice,6,w,img/target_2.png
3,520,lattice,5,b,img/target_6.png
3,521,lattice,7,r,img/target_4.png
3,522,lattice,6,w,img/target_2.png
3,523,lattice,5,b,img/target_6.png
3,524,lattice,7,r,img/target_4.png
3,525,lattice,8,u,img/target_7.png
3,526,lattice,6,w,img/target_2.png
3,527,lattice,5,b,img/target_6.png
3,528,lattice,6,w,img/target_2.png
3,529,lattice,7,r,img/target_4.png
3,530,lattice,6,w,img/target_2.png
3,531,lattice,4,o,img/target_9.png
3,532,lattice,5,b,img/target_6.png
3,533,lattice,6,w,img/target_2.png
3,534,lattice,8,u,img/target_7.png
3,535,lattice,6,w,img/target_2.png
3,536,lattice,5,b,img/target_6.png
3,537,lattice,3,p,img/target_10.png
3,538,lattice,1,q,img/target_1.png
3,539,lattice,0,i,img/target_8.png
3,540,lattice,8,u,img/target_7.png
3,541,lattice,0,i,img/target_8.png
3,542,lattice,1,q,img/target_1.png
3,543,lattice,0,i,img/target_8.png
3,544,lattice,9,e,img/target_3.png
3,545,lattice,7,r,img/target_4.png
3,546,lattice,5,b,img/target_6.png
3,547,lattice,6,w,img/target_2.png
3,548,lattice,4,o,img/target_9.png
3,549,lattice,2,v,img/target_5.png
3,550,lattice,0,i,img/target_8.png
3,551,lattice,2,v,img/target_5.png
3,552,lattice,3,p,img/target_10.png
3,553,lattice,1,q,img/target_1.png
3,554,lattice,2,v,img/target_5.png
3,555,lattice,3,p,img/target_10.png
3,556,lattice,4,o,img/target_9.png
3,557,lattice,3,p,img/target_10.png
3,558,lattice,5,b,img/target_6.png
3,559,lattice,4,o,img/target_9.png
3,560,lattice,2,v,img/target_5.png
3,561,lattice,3,p,img/target_10.png
3,562,lattice,1,q,img/target_1.png
3,563,lattice,9,e,img/target_3.png
3,564,lattice,0,i,img/target_8.png
3,565,lattice,2,v,img/target_5.png
3,566,lattice,0,i,img/target_8.png
3,567,lattice,1,q,img/target_1.png
3,568,lattice,9,e,img/target_3.png
3,569,lattice,1,q,img/target_1.png
3,570,lattice,2,v,img/target_5.png
3,571,lattice,0,i,img/target_8.png
3,572,lattice,8,u,img/target_7.png
3,573,lattice,6,w,img/target_2.png
3,574,lattice,5,b,img/target_6.png
3,575,lattice,6,w,img/target_2.png
3,576,lattice,5,b,img/target_6.png
3,577,lattice,3,p,img/target_10.png
3,578,lattice,5,b,img/target_6.png
3,579,lattice,7,r,img/target_4.png
3,580,lattice,8,u,img/target_7.png
3,581,lattice,9,e,img/target_3.png
3,582,lattice,7,r,img/target_4.png
3,583,lattice,6,w,img/target_2.png
3,584,lattice,4,o,img/target_9.png
3,585,lattice,6,w,img/target_2.png
3,586,lattice,8,u,img/target_7.png
3,587,lattice,6,w,img/target_2.png
3,588,lattice,4,o,img/target_9.png
3,589,lattice,2,v,img/target_5.png
3,590,lattice,0,i,img/target_8.png
3,591,lattice,1,q,img/target_1.png
3,592,lattice,3,p,img/target_10.png
3,593,lattice,1,q,img/target_1.png
3,594,lattice,9,e,img/target_3.png
3,595,lattice,1,q,img/target_1.png
3,596,lattice,9,e,img/target_3.png
3,597,lattice,1,q,img/target_1.png
3,598,lattice,2,v,img/target_5.png
3,599,lattice,1,q,img/target_1.png
3,600,lattice,9,e,img/target_3.png
3,601,lattice,8,u,img/target_7.png
3,602,lattice,6,w,img/target_2.png
3,603,lattice,4,o,img/target_9.png
3,604,lattice,3,p,img/target_10.png
3,605,lattice,2,v,img/target_5.png
3,606,lattice,3,p,img/target_10.png
3,607,lattice,4,o,img/target_9.png
3,608,lattice,2,v,img/target_5.png
3,609,lattice,0,i,img/target_8.png
3,610,lattice,1,q,img/target_1.png
3,611,lattice,0,i,img/target_8.png
3,612,lattice,1,q,img/target_1.png
3,613,lattice,3,p,img/target_10.png
3,614,lattice,1,q,img/target_1.png
3,615,lattice,9,e,img/target_3.png
3,616,lattice,8,u,img/target_7.png
3,617,lattice,0,i,img/target_8.png
3,618,lattice,1,q,img/target_1.png
3,619,lattice,3,p,img/target_10.png
3,620,lattice,1,q,img/target_1.png
3,621,lattice,0,i,img/target_8.png
3,622,lattice,1,q,img/target_1.png
3,623,lattice,3,p,img/target_10.png
3,624,lattice,1,q,img/target_1.png
3,625,lattice,0,i,img/target_8.png
3,626,lattice,9,e,img/target_3.png
3,627,lattice,1,q,img/target_1.png
3,628,lattice,3,p,img/target_10.png
3,629,lattice,1,q,img/target_1.png
3,630,lattice,2,v,img/target_5.png
3,631,lattice,4,o,img/target_9.png
3,632,lattice,6,w,img/target_2.png
3,633,lattice,4,o,img/target_9.png
3,634,lattice,2,v,img/target_5.png
3,635,lattice,1,q,img/target_1.png
3,636,lattice,9,e,img/target_3.png
3,637,lattice,7,r,img/target_4.png
3,638,lattice,6,w,img/target_2.png
3,639,lattice,8,u,img/target_7.png
3,640,lattice,0,i,img/target_8.png
3,641,lattice,9,e,img/target_3.png
3,642,lattice,0,i,img/target_8.png
3,643,lattice,1,q,img/target_1.png
3,644,lattice,9,e,img/target_3.png
3,645,lattice,1,q,img/target_1.png
3,646,lattice,2,v,img/target_5.png
3,647,lattice,0,i,img/target_8.png
3,648,lattice,8,u,img/target_7.png
3,649,lattice,6,w,img/target_2.png
3,650,lattice,8,u,img/target_7.png
3,651,lattice,0,i,img/target_8.png
3,652,lattice,2,v,img/target_5.png
3,653,lattice,1,q,img/target_1.png
3,654,lattice,9,e,img/target_3.png
3,655,lattice,8,u,img/target_7.png
3,656,lattice,7,r,img/target_4.png
3,657,lattice,6,w,img/target_2.png
3,658,lattice,4,o,img/target_9.png
3,659,lattice,2,v,img/target_5.png
3,660,lattice,4,o,img/target_9.png
3,661,lattice,2,v,img/target_5.png
3,662,lattice,3,p,img/target_10.png
3,663,lattice,1,q,img/target_1.png
3,664,lattice,0,i,img/target_8.png
3,665,lattice,9,e,img/target_3.png
3,666,lattice,1,q,img/target_1.png
3,667,lattice,3,p,img/target_10.png
3,668,lattice,4,o,img/target_9.png
3,669,lattice,2,v,img/target_5.png
3,670,lattice,1,q,img/target_1.png
3,671,lattice,9,e,img/target_3.png
3,672,lattice,7,r,img/target_4.png
3,673,lattice,9,e,img/target_3.png
3,674,lattice,0,i,img/target_8.png
3,675,lattice,9,e,img/target_3.png
3,676,lattice,1,q,img/target_1.png
3,677,lattice,3,p,img/target_10.png
3,678,lattice,1,q,img/target_1.png
3,679,lattice,9,e,img/target_3.png
3,680,lattice,7,r,img/target_4.png
3,681,lattice,5,b,img/target_6.png
3,682,lattice,6,w,img/target_2.png
3,683,lattice,7,r,img/target_4.png
3,684,lattice,6,w,img/target_2.png
3,685,lattice,5,b,img/target_6.png
3,686,lattice,7,r,img/target_4.png
3,687,lattice,8,u,img/target_7.png
3,688,lattice,9,e,img/target_3.png
3,689,lattice,7,r,img/target_4.png
3,690,lattice,6,w,img/target_2.png
3,691,lattice,5,b,img/target_6.png
3,692,lattice,3,p,img/target_10.png
3,693,lattice,2,v,img/target_5.png
3,694,lattice,3,p,img/target_10.png
3,695,lattice,5,b,img/target_6.png
3,696,lattice,6,w,img/target_2.png
3,697,lattice,5,b,img/target_6.png
3,698,lattice,7,r,img/target_4.png
3,699,lattice,6,w,img/target_2.png
3,700,lattice,4,o,img/target_9.png
3,701,lattice,3,p,img/target_10.png
3,702,lattice,2,v,img/target_5.png
3,703,lattice,3,p,img/target_10.png
3,704,lattice,1,q,img/target_1.png
3,705,lattice,9,e,img/target_3.png
3,706,lattice,1,q,img/target_1.png
3,707,lattice,9,e,img/target_3.png
3,708,lattice,1,q,img/target_1.png
3,709,lattice,9,e,img/target_3.png
3,710,lattice,7,r,img/target_4.png
3,711,lattice,8,u,img/target_7.png
3,712,lattice,7,r,img/target_4.png
3,713,lattice,6,w,img/target_2.png
3,714,lattice,8,u,img/target_7.png
3,715,lattice,9,e,img/target_3.png
3,716,lattice,8,u,img/target_7.png
3,717,lattice,6,w,img/target_2.png
3,718,lattice,7,r,img/target_4.png
3,719,lattice,6,w,img/target_2.png
3,720,lattice,8,u,img/target_7.png
3,721,lattice,0,i,img/target_8.png
3,722,lattice,8,u,img/target_7.png
3,723,lattice,7,r,img/target_4.png
3,724,lattice,9,e,img/target_3.png
3,725,lattice,0,i,img/target_8.png
3,726,lattice,9,e,img/target_3.png
3,727,lattice,7,r,img/target_4.png
3,728,lattice,6,w,img/target_2.png
3,729,lattice,7,r,img/target_4.png
3,730,lattice,6,w,img/target_2.png
3,731,lattice,8,u,img/target_7.png
3,732,lattice,0,i,img/target_8.png
3,733,lattice,9,e,img/target_3.png
3,734,lattice,0,i,img/target_8.png
3,735,lattice,8,u,img/target_7.png
3,736,lattice,7,r,img/target_4.png
3,737,lattice,6,w,img/target_2.png
3,738,lattice,7,r,img/target_4.png
3,739,lattice,8,u,img/target_7.png
3,740,lattice,6,w,img/target_2.png
3,741,lattice,7,r,img/target_4.png
3,742,lattice,9,e,img/target_3.png
3,743,lattice,0,i,img/target_8.png
3,744,lattice,2,v,img/target_5.png
3,745,lattice,1,q,img/target_1.png
3,746,lattice,3,p,img/target_10.png
3,747,lattice,1,q,img/target_1.png
3,748,lattice,0,i,img/target_8.png
3,749,lattice,8,u,img/target_7.png
3,750,lattice,7,r,img/target_4.png
3,751,lattice,8,u,img/target_7.png
3,752,lattice,6,w,img/target_2.png
3,753,lattice,8,u,img/target_7.png
3,754,lattice,0,i,img/target_8.png
3,755,lattice,9,e,img/target_3.png
3,756,lattice,0,i,img/target_8.png
3,757,lattice,9,e,img/target_3.png
3,758,lattice,0,i,img/target_8.png
3,759,lattice,1,q,img/target_1.png
3,760,lattice,0,i,img/target_8.png
3,761,lattice,8,u,img/target_7.png
3,762,lattice,0,i,img/target_8.png
3,763,lattice,2,v,img/target_5.png
3,764,lattice,0,i,img/target_8.png
3,765,lattice,8,u,img/target_7.png
3,766,lattice,6,w,img/target_2.png
3,767,lattice,5,b,img/target_6.png
3,768,lattice,7,r,img/target_4.png
3,769,lattice,6,w,img/target_2.png
3,770,lattice,8,u,img/target_7.png
3,771,lattice,9,e,img/target_3.png
3,772,lattice,1,q,img/target_1.png
3,773,lattice,2,v,img/target_5.png
3,774,lattice,4,o,img/target_9.png
3,775,lattice,6,w,img/target_2.png
3,776,lattice,4,o,img/target_9.png
3,777,lattice,5,b,img/target_6.png
3,778,lattice,6,w,img/target_2.png
3,779,lattice,4,o,img/target_9.png
3,780,lattice,5,b,img/target_6.png
3,781,lattice,6,w,img/target_2.png
3,782,lattice,8,u,img/target_7.png
3,783,lattice,0,i,img/target_8.png
3,784,lattice,2,v,img/target_5.png
3,785,lattice,4,o,img/target_9.png
3,786,lattice,5,b,img/target_6.png
3,787,lattice,6,w,img/target_2.png
3,788,lattice,8,u,img/target_7.png
3,789,lattice,6,w,img/target_2.png
3,790,lattice,8,u,img/target_7.png
3,791,lattice,0,i,img/target_8.png
3,792,lattice,2,v,img/target_5.png
3,793,lattice,0,i,img/target_8.png
3,794,lattice,9,e,img/target_3.png
3,795,lattice,1,q,img/target_1.png
3,796,lattice,0,i,img/target_8.png
3,797,lattice,9,e,img/target_3.png
3,798,lattice,1,q,img/target_1.png
3,799,lattice,0,i,img/target_8.png
3,800,lattice,9,e,img/target_3.png
3,801,lattice,7,r,img/target_4.png
3,802,lattice,5,b,img/target_6.png
3,803,lattice,4,o,img/target_9.png
3,804,lattice,5,b,img/target_6.png
3,805,lattice,4,o,img/target_9.png
3,806,lattice,3,p,img/target_10.png
3,807,lattice,4,o,img/target_9.png
3,808,lattice,3,p,img/target_10.png
3,809,lattice,2,v,img/target_5.png
3,810,lattice,4,o,img/target_9.png
3,811,lattice,2,v,img/target_5.png
3,812,lattice,0,i,img/target_8.png
3,813,lattice,2,v,img/target_5.png
3,814,lattice,3,p,img/target_10.png
3,815,lattice,1,q,img/target_1.png
3,816,lattice,3,p,img/target_10.png
3,817,lattice,4,o,img/target_9.png
3,818,lattice,2,v,img/target_5.png
3,819,lattice,4,o,img/target_9.png
3,820,lattice,2,v,img/target_5.png
3,821,lattice,3,p,img/target_10.png
3,822,lattice,1,q,img/target_1.png
3,823,lattice,3,p,img/target_10.png
3,824,lattice,5,b,img/target_6.png
3,825,lattice,6,w,img/target_2.png
3,826,lattice,5,b,img/target_6.png
3,827,lattice,7,r,img/target_4.png
3,828,lattice,5,b,img/target_6.png
3,829,lattice,6,w,img/target_2.png
3,830,lattice,4,o,img/target_9.png
3,831,lattice,3,p,img/target_10.png
3,832,lattice,4,o,img/target_9.png
3,833,lattice,3,p,img/target_10.png
3,834,lattice,2,v,img/target_5.png
3,835,lattice,4,o,img/target_9.png
3,836,lattice,3,p,img/target_10.png
3,837,lattice,4,o,img/target_9.png
3,838,lattice,2,v,img/target_5.png
3,839,lattice,1,q,img/target_1.png
3,840,lattice,9,e,img/target_3.png
3,841,lattice,8,u,img/target_7.png
3,842,lattice,0,i,img/target_8.png
3,843,lattice,9,e,img/target_3.png
3,844,lattice,7,r,img/target_4.png
3,845,lattice,8,u,img/target_7.png
3,846,lattice,6,w,img/target_2.png
3,847,lattice,5,b,img/target_6.png
3,848,lattice,3,p,img/target_10.png
3,849,lattice,2,v,img/target_5.png
3,850,lattice,1,q,img/target_1.png
3,851,lattice,9,e,img/target_3.png
3,852,lattice,0,i,img/target_8.png
3,853,lattice,2,v,img/target_5.png
3,854,lattice,1,q,img/target_1.png
3,855,lattice,3,p,img/target_10.png
3,856,lattice,2,v,img/target_5.png
3,857,lattice,1,q,img/target_1.png
3,858,lattice,0,i,img/target_8.png
3,859,lattice,9,e,img/target_3.png
3,860,lattice,8,u,img/target_7.png
3,861,lattice,9,e,img/target_3.png
3,862,lattice,7,r,img/target_4.png
3,863,lattice,5,b,img/target_6.png
3,864,lattice,6,w,img/target_2.png
3,865,lattice,7,r,img/target_4.png
3,866,lattice,8,u,img/target_7.png
3,867,lattice,0,i,img/target_8.png
3,868,lattice,1,q,img/target_1.png
3,869,lattice,3,p,img/target_10.png
3,870,lattice,4,o,img/target_9.png
3,871,lattice,2,v,img/target_5.png
3,872,lattice,0,i,img/target_8.png
3,873,lattice,2,v,img/target_5.png
3,874,lattice,1,q,img/target_1.png
3,875,lattice,9,e,img/target_3.png
3,876,lattice,7,r,img/target_4.png
3,877,lattice,8,u,img/target_7.png
3,878,lattice,0,i,img/target_8.png
3,879,lattice,9,e,img/target_3.png
3,880,lattice,1,q,img/target_1.png
3,881,lattice,2,v,img/target_5.png
3,882,lattice,4,o,img/target_9.png
3,883,lattice,2,v,img/target_5.png
3,884,lattice,1,q,img/target_1.png
3,885,lattice,9,e,img/target_3.png
3,886,lattice,1,q,img/target_1.png
3,887,lattice,9,e,img/target_3.png
3,888,lattice,7,r,img/target_4.png
3,889,lattice,5,b,img/target_6.png
3,890,lattice,6,w,img/target_2.png
3,891,lattice,7,r,img/target_4.png
3,892,lattice,5,b,img/target_6.png
3,893,lattice,4,o,img/target_9.png
3,894,lattice,3,p,img/target_10.png
3,895,lattice,5,b,img/target_6.png
3,896,lattice,7,r,img/target_4.png
3,897,lattice,8,u,img/target_7.png
3,898,lattice,9,e,img/target_3.png
3,899,lattice,7,r,img/target_4.png
3,900,lattice,9,e,img/target_3.png
3,901,lattice,7,r,img/target_4.png
3,902,lattice,5,b,img/target_6.png
3,903,lattice,7,r,img/target_4.png
3,904,lattice,9,e,img/target_3.png
3,905,lattice,8,u,img/target_7.png
3,906,lattice,0,i,img/target_8.png
3,907,lattice,2,v,img/target_5.png
3,908,lattice,3,p,img/target_10.png
3,909,lattice,4,o,img/target_9.png
3,910,lattice,3,p,img/target_10.png
3,911,lattice,4,o,img/target_9.png
3,912,lattice,6,w,img/target_2.png
3,913,lattice,5,b,img/target_6.png
3,914,lattice,3,p,img/target_10.png
3,915,lattice,2,v,img/target_5.png
3,916,lattice,4,o,img/target_9.png
3,917,lattice,6,w,img/target_2.png
3,918,lattice,7,r,img/target_4.png
3,919,lattice,8,u,img/target_7.png
3,920,lattice,7,r,img/target_4.png
3,921,lattice,6,w,img/target_2.png
3,922,lattice,5,b,img/target_6.png
3,923,lattice,4,o,img/target_9.png
3,924,lattice,6,w,img/target_2.png
3,925,lattice,7,r,img/target_4.png
3,926,lattice,8,u,img/target_7.png
3,927,lattice,7,r,img/target_4.png
3,928,lattice,9,e,img/target_3.png
3,929,lattice,8,u,img/target_7.png
3,930,lattice,9,e,img/target_3.png
3,931,lattice,7,r,img/target_4.png
3,932,lattice,9,e,img/target_3.png
3,933,lattice,7,r,img/target_4.png
3,934,lattice,9,e,img/target_3.png
3,935,lattice,7,r,img/target_4.png
3,936,lattice,9,e,img/target_3.png
3,937,lattice,0,i,img/target_8.png
3,938,lattice,1,q,img/target_1.png
3,939,lattice,3,p,img/target_10.png
3,940,lattice,2,v,img/target_5.png
3,941,lattice,3,p,img/target_10.png
3,942,lattice,1,q,img/target_1.png
3,943,lattice,3,p,img/target_10.png
3,944,lattice,1,q,img/target_1.png
3,945,lattice,3,p,img/target_10.png
3,946,lattice,4,o,img/target_9.png
3,947,lattice,6,w,img/target_2.png
3,948,lattice,4,o,img/target_9.png
3,949,lattice,6,w,img/target_2.png
3,950,lattice,4,o,img/target_9.png
3,951,lattice,5,b,img/target_6.png
3,952,lattice,6,w,img/target_2.png
3,953,lattice,4,o,img/target_9.png
3,954,lattice,6,w,img/target_2.png
3,955,lattice,4,o,img/target_9.png
3,956,lattice,5,b,img/target_6.png
3,957,lattice,3,p,img/target_10.png
3,958,lattice,5,b,img/target_6.png
3,959,lattice,4,o,img/target_9.png
3,960,lattice,5,b,img/target_6.png
3,961,lattice,7,r,img/target_4.png
3,962,lattice,9,e,img/target_3.png
3,963,lattice,0,i,img/target_8.png
3,964,lattice,8,u,img/target_7.png
3,965,lattice,7,r,img/target_4.png
3,966,lattice,5,b,img/target_6.png
3,967,lattice,7,r,img/target_4.png
3,968,lattice,8,u,img/target_7.png
3,969,lattice,7,r,img/target_4.png
3,970,lattice,6,w,img/target_2.png
3,971,lattice,4,o,img/target_9.png
3,972,lattice,2,v,img/target_5.png
3,973,lattice,0,i,img/target_8.png
3,974,lattice,2,v,img/target_5.png
3,975,lattice,1,q,img/target_1.png
3,976,lattice,3,p,img/target_10.png
3,977,lattice,2,v,img/target_5.png
3,978,lattice,0,i,img/target_8.png
3,979,lattice,9,e,img/target_3.png
3,980,lattice,7,r,img/target_4.png
3,981,lattice,9,e,img/target_3.png
3,982,lattice,1,q,img/target_1.png
3,983,lattice,0,i,img/target_8.png
3,984,lattice,1,q,img/target_1.png
3,985,lattice,9,e,img/target_3.png
3,986,lattice,1,q,img/target_1.png
3,987,lattice,0,i,img/target_8.png
3,988,lattice,1,q,img/target_1.png
3,989,lattice,2,v,img/target_5.png
3,990,lattice,1,q,img/target_1.png
3,991,lattice,0,i,img/target_8.png
3,992,lattice,8,u,img/target_7.png
3,993,lattice,7,r,img/target_4.png
3,994,lattice,5,b,img/target_6.png
3,995,lattice,3,p,img/target_10.png
3,996,lattice,5,b,img/target_6.png
3,997,lattice,7,r,img/target_4.png
3,998,lattice,6,w,img/target_2.png
3,999,lattice,8,u,img/target_7.png
3,1000,lattice,6,w,img/target_2.png
