pID,sess,trialNum,graph,walk,resp,path
37,2,1,lattice,3,e,img/target_3.png
37,2,2,lattice,5,o,img/target_9.png
37,2,3,lattice,3,e,img/target_3.png
37,2,4,lattice,4,v,img/target_5.png
37,2,5,lattice,6,b,img/target_6.png
37,2,6,lattice,4,v,img/target_5.png
37,2,7,lattice,5,o,img/target_9.png
37,2,8,lattice,4,v,img/target_5.png
37,2,9,lattice,6,b,img/target_6.png
37,2,10,lattice,4,v,img/target_5.png
37,2,11,lattice,2,u,img/target_7.png
37,2,12,lattice,4,v,img/target_5.png
37,2,13,lattice,6,b,img/target_6.png
37,2,14,lattice,5,o,img/target_9.png
37,2,15,lattice,6,b,img/target_6.png
37,2,16,lattice,5,o,img/target_9.png
37,2,17,lattice,7,q,img/target_1.png
37,2,18,lattice,5,o,img/target_9.png
37,2,19,lattice,4,v,img/target_5.png
37,2,20,lattice,5,o,img/target_9.png
37,2,21,lattice,3,e,img/target_3.png
37,2,22,lattice,2,u,img/target_7.png
37,2,23,lattice,4,v,img/target_5.png
37,2,24,lattice,6,b,img/target_6.png
37,2,25,lattice,8,w,img/target_2.png
37,2,26,lattice,9,p,img/target_10.png
37,2,27,lattice,1,i,img/target_8.png
37,2,28,lattice,0,r,img/target_4.png
37,2,29,lattice,9,p,img/target_10.png
37,2,30,lattice,0,r,img/target_4.png
37,2,31,lattice,2,u,img/target_7.png
37,2,32,lattice,0,r,img/target_4.png
37,2,33,lattice,2,u,img/target_7.png
37,2,34,lattice,4,v,img/target_5.png
37,2,35,lattice,6,b,img/target_6.png
37,2,36,lattice,7,q,img/target_1.png
37,2,37,lattice,5,o,img/target_9.png
37,2,38,lattice,7,q,img/target_1.png
37,2,39,lattice,5,o,img/target_9.png
37,2,40,lattice,3,e,img/target_3.png
37,2,41,lattice,2,u,img/target_7.png
37,2,42,lattice,1,i,img/target_8.png
37,2,43,lattice,0,r,img/target_4.png
37,2,44,lattice,2,u,img/target_7.png
37,2,45,lattice,4,v,img/target_5.png
37,2,46,lattice,5,o,img/target_9.png
37,2,47,lattice,4,v,img/target_5.png
37,2,48,lattice,2,u,img/target_7.png
37,2,49,lattice,4,v,img/target_5.png
37,2,50,lattice,6,b,img/target_6.png
37,2,51,lattice,4,v,img/target_5.png
37,2,52,lattice,2,u,img/target_7.png
37,2,53,lattice,1,i,img/target_8.png
37,2,54,lattice,3,e,img/target_3.png
37,2,55,lattice,2,u,img/target_7.png
37,2,56,lattice,3,e,img/target_3.png
37,2,57,lattice,1,i,img/target_8.png
37,2,58,lattice,9,p,img/target_10.png
37,2,59,lattice,1,i,img/target_8.png
37,2,60,lattice,9,p,img/target_10.png
37,2,61,lattice,7,q,img/target_1.png
37,2,62,lattice,9,p,img/target_10.png
37,2,63,lattice,7,q,img/target_1.png
37,2,64,lattice,5,o,img/target_9.png
37,2,65,lattice,7,q,img/target_1.png
37,2,66,lattice,8,w,img/target_2.png
37,2,67,lattice,9,p,img/target_10.png
37,2,68,lattice,7,q,img/target_1.png
37,2,69,lattice,9,p,img/target_10.png
37,2,70,lattice,0,r,img/target_4.png
37,2,71,lattice,8,w,img/target_2.png
37,2,72,lattice,7,q,img/target_1.png
37,2,73,lattice,6,b,img/target_6.png
37,2,74,lattice,7,q,img/target_1.png
37,2,75,lattice,8,w,img/target_2.png
37,2,76,lattice,6,b,img/target_6.png
37,2,77,lattice,4,v,img/target_5.png
37,2,78,lattice,6,b,img/target_6.png
37,2,79,lattice,5,o,img/target_9.png
37,2,80,lattice,7,q,img/target_1.png
37,2,81,lattice,8,w,img/target_2.png
37,2,82,lattice,9,p,img/target_10.png
37,2,83,lattice,1,i,img/target_8.png
37,2,84,lattice,0,r,img/target_4.png
37,2,85,lattice,2,u,img/target_7.png
37,2,86,lattice,4,v,img/target_5.png
37,2,87,lattice,2,u,img/target_7.png
37,2,88,lattice,1,i,img/target_8.png
37,2,89,lattice,9,p,img/target_10.png
37,2,90,lattice,8,w,img/target_2.png
37,2,91,lattice,6,b,img/target_6.png
37,2,92,lattice,8,w,img/target_2.png
37,2,93,lattice,6,b,img/target_6.png
37,2,94,lattice,7,q,img/target_1.png
37,2,95,lattice,5,o,img/target_9.png
37,2,96,lattice,7,q,img/target_1.png
37,2,97,lattice,9,p,img/target_10.png
37,2,98,lattice,1,i,img/target_8.png
37,2,99,lattice,3,e,img/target_3.png
37,2,100,lattice,1,i,img/target_8.png
37,2,101,lattice,0,r,img/target_4.png
37,2,102,lattice,1,i,img/target_8.png
37,2,103,lattice,3,e,img/target_3.png
37,2,104,lattice,4,v,img/target_5.png
37,2,105,lattice,3,e,img/target_3.png
37,2,106,lattice,1,i,img/target_8.png
37,2,107,lattice,3,e,img/target_3.png
37,2,108,lattice,4,v,img/target_5.png
37,2,109,lattice,5,o,img/target_9.png
37,2,110,lattice,3,e,img/target_3.png
37,2,111,lattice,2,u,img/target_7.png
37,2,112,lattice,4,v,img/target_5.png
37,2,113,lattice,6,b,img/target_6.png
37,2,114,lattice,7,q,img/target_1.png
37,2,115,lattice,6,b,img/target_6.png
37,2,116,lattice,4,v,img/target_5.png
37,2,117,lattice,6,b,img/target_6.png
37,2,118,lattice,8,w,img/target_2.png
37,2,119,lattice,0,r,img/target_4.png
37,2,120,lattice,1,i,img/target_8.png
37,2,121,lattice,2,u,img/target_7.png
37,2,122,lattice,4,v,img/target_5.png
37,2,123,lattice,6,b,img/target_6.png
37,2,124,lattice,4,v,img/target_5.png
37,2,125,lattice,3,e,img/target_3.png
37,2,126,lattice,4,v,img/target_5.png
37,2,127,lattice,6,b,img/target_6.png
37,2,128,lattice,8,w,img/target_2.png
37,2,129,lattice,9,p,img/target_10.png
37,2,130,lattice,0,r,img/target_4.png
37,2,131,lattice,8,w,img/target_2.png
37,2,132,lattice,6,b,img/target_6.png
37,2,133,lattice,8,w,img/target_2.png
37,2,134,lattice,6,b,img/target_6.png
37,2,135,lattice,4,v,img/target_5.png
37,2,136,lattice,6,b,img/target_6.png
37,2,137,lattice,7,q,img/target_1.png
37,2,138,lattice,8,w,img/target_2.png
37,2,139,lattice,6,b,img/target_6.png
37,2,140,lattice,5,o,img/target_9.png
37,2,141,lattice,4,v,img/target_5.png
37,2,142,lattice,6,b,img/target_6.png
37,2,143,lattice,4,v,img/target_5.png
37,2,144,lattice,2,u,img/target_7.png
37,2,145,lattice,1,i,img/target_8.png
37,2,146,lattice,9,p,img/target_10.png
37,2,147,lattice,7,q,img/target_1.png
37,2,148,lattice,9,p,img/target_10.png
37,2,149,lattice,8,w,img/target_2.png
37,2,150,lattice,0,r,img/target_4.png
37,2,151,lattice,9,p,img/target_10.png
37,2,152,lattice,0,r,img/target_4.png
37,2,153,lattice,9,p,img/target_10.png
37,2,154,lattice,7,q,img/target_1.png
37,2,155,lattice,9,p,img/target_10.png
37,2,156,lattice,8,w,img/target_2.png
37,2,157,lattice,7,q,img/target_1.png
37,2,158,lattice,6,b,img/target_6.png
37,2,159,lattice,5,o,img/target_9.png
37,2,160,lattice,6,b,img/target_6.png
37,2,161,lattice,4,v,img/target_5.png
37,2,162,lattice,5,o,img/target_9.png
37,2,163,lattice,4,v,img/target_5.png
37,2,164,lattice,6,b,img/target_6.png
37,2,165,lattice,8,w,img/target_2.png
37,2,166,lattice,7,q,img/target_1.png
37,2,167,lattice,9,p,img/target_10.png
37,2,168,lattice,0,r,img/target_4.png
37,2,169,lattice,1,i,img/target_8.png
37,2,170,lattice,9,p,img/target_10.png
37,2,171,lattice,0,r,img/target_4.png
37,2,172,lattice,9,p,img/target_10.png
37,2,173,lattice,0,r,img/target_4.png
37,2,174,lattice,8,w,img/target_2.png
37,2,175,lattice,6,b,img/target_6.png
37,2,176,lattice,4,v,img/target_5.png
37,2,177,lattice,2,u,img/target_7.png
37,2,178,lattice,1,i,img/target_8.png
37,2,179,lattice,9,p,img/target_10.png
37,2,180,lattice,1,i,img/target_8.png
37,2,181,lattice,9,p,img/target_10.png
37,2,182,lattice,0,r,img/target_4.png
37,2,183,lattice,9,p,img/target_10.png
37,2,184,lattice,1,i,img/target_8.png
37,2,185,lattice,3,e,img/target_3.png
37,2,186,lattice,2,u,img/target_7.png
37,2,187,lattice,1,i,img/target_8.png
37,2,188,lattice,9,p,img/target_10.png
37,2,189,lattice,0,r,img/target_4.png
37,2,190,lattice,1,i,img/target_8.png
37,2,191,lattice,3,e,img/target_3.png
37,2,192,lattice,1,i,img/target_8.png
37,2,193,lattice,2,u,img/target_7.png
37,2,194,lattice,4,v,img/target_5.png
37,2,195,lattice,6,b,img/target_6.png
37,2,196,lattice,8,w,img/target_2.png
37,2,197,lattice,9,p,img/target_10.png
37,2,198,lattice,7,q,img/target_1.png
37,2,199,lattice,6,b,img/target_6.png
37,2,200,lattice,4,v,img/target_5.png
37,2,201,lattice,6,b,img/target_6.png
37,2,202,lattice,8,w,img/target_2.png
37,2,203,lattice,7,q,img/target_1.png
37,2,204,lattice,6,b,img/target_6.png
37,2,205,lattice,5,o,img/target_9.png
37,2,206,lattice,3,e,img/target_3.png
37,2,207,lattice,2,u,img/target_7.png
37,2,208,lattice,0,r,img/target_4.png
37,2,209,lattice,1,i,img/target_8.png
37,2,210,lattice,2,u,img/target_7.png
37,2,211,lattice,3,e,img/target_3.png
37,2,212,lattice,2,u,img/target_7.png
37,2,213,lattice,1,i,img/target_8.png
37,2,214,lattice,3,e,img/target_3.png
37,2,215,lattice,4,v,img/target_5.png
37,2,216,lattice,3,e,img/target_3.png
37,2,217,lattice,1,i,img/target_8.png
37,2,218,lattice,3,e,img/target_3.png
37,2,219,lattice,4,v,img/target_5.png
37,2,220,lattice,2,u,img/target_7.png
37,2,221,lattice,4,v,img/target_5.png
37,2,222,lattice,2,u,img/target_7.png
37,2,223,lattice,4,v,img/target_5.png
37,2,224,lattice,3,e,img/target_3.png
37,2,225,lattice,5,o,img/target_9.png
37,2,226,lattice,4,v,img/target_5.png
37,2,227,lattice,3,e,img/target_3.png
37,2,228,lattice,1,i,img/target_8.png
37,2,229,lattice,2,u,img/target_7.png
37,2,230,lattice,1,i,img/target_8.png
37,2,231,lattice,3,e,img/target_3.png
37,2,232,lattice,4,v,img/target_5.png
37,2,233,lattice,6,b,img/target_6.png
37,2,234,lattice,5,o,img/target_9.png
37,2,235,lattice,3,e,img/target_3.png
37,2,236,lattice,4,v,img/target_5.png
37,2,237,lattice,2,u,img/target_7.png
37,2,238,lattice,1,i,img/target_8.png
37,2,239,lattice,0,r,img/target_4.png
37,2,240,lattice,9,p,img/target_10.png
37,2,241,lattice,1,i,img/target_8.png
37,2,242,lattice,3,e,img/target_3.png
37,2,243,lattice,2,u,img/target_7.png
37,2,244,lattice,0,r,img/target_4.png
37,2,245,lattice,9,p,img/target_10.png
37,2,246,lattice,8,w,img/target_2.png
37,2,247,lattice,6,b,img/target_6.png
37,2,248,lattice,8,w,img/target_2.png
37,2,249,lattice,0,r,img/target_4.png
37,2,250,lattice,2,u,img/target_7.png
37,2,251,lattice,1,i,img/target_8.png
37,2,252,lattice,9,p,img/target_10.png
37,2,253,lattice,8,w,img/target_2.png
37,2,254,lattice,0,r,img/target_4.png
37,2,255,lattice,9,p,img/target_10.png
37,2,256,lattice,1,i,img/target_8.png
37,2,257,lattice,3,e,img/target_3.png
37,2,258,lattice,1,i,img/target_8.png
37,2,259,lattice,9,p,img/target_10.png
37,2,260,lattice,7,q,img/target_1.png
37,2,261,lattice,5,o,img/target_9.png
37,2,262,lattice,6,b,img/target_6.png
37,2,263,lattice,8,w,img/target_2.png
37,2,264,lattice,7,q,img/target_1.png
37,2,265,lattice,9,p,img/target_10.png
37,2,266,lattice,0,r,img/target_4.png
37,2,267,lattice,8,w,img/target_2.png
37,2,268,lattice,7,q,img/target_1.png
37,2,269,lattice,8,w,img/target_2.png
37,2,270,lattice,9,p,img/target_10.png
37,2,271,lattice,1,i,img/target_8.png
37,2,272,lattice,3,e,img/target_3.png
37,2,273,lattice,5,o,img/target_9.png
37,2,274,lattice,3,e,img/target_3.png
37,2,275,lattice,4,v,img/target_5.png
37,2,276,lattice,2,u,img/target_7.png
37,2,277,lattice,3,e,img/target_3.png
37,2,278,lattice,2,u,img/target_7.png
37,2,279,lattice,4,v,img/target_5.png
37,2,280,lattice,6,b,img/target_6.png
37,2,281,lattice,7,q,img/target_1.png
37,2,282,lattice,9,p,img/target_10.png
37,2,283,lattice,1,i,img/target_8.png
37,2,284,lattice,9,p,img/target_10.png
37,2,285,lattice,8,w,img/target_2.png
37,2,286,lattice,0,r,img/target_4.png
37,2,287,lattice,9,p,img/target_10.png
37,2,288,lattice,1,i,img/target_8.png
37,2,289,lattice,0,r,img/target_4.png
37,2,290,lattice,1,i,img/target_8.png
37,2,291,lattice,9,p,img/target_10.png
37,2,292,lattice,7,q,img/target_1.png
37,2,293,lattice,9,p,img/target_10.png
37,2,294,lattice,7,q,img/target_1.png
37,2,295,lattice,6,b,img/target_6.png
37,2,296,lattice,8,w,img/target_2.png
37,2,297,lattice,9,p,img/target_10.png
37,2,298,lattice,7,q,img/target_1.png
37,2,299,lattice,5,o,img/target_9.png
37,2,300,lattice,6,b,img/target_6.png
37,2,301,lattice,4,v,img/target_5.png
37,2,302,lattice,6,b,img/target_6.png
37,2,303,lattice,4,v,img/target_5.png
37,2,304,lattice,3,e,img/target_3.png
37,2,305,lattice,2,u,img/target_7.png
37,2,306,lattice,3,e,img/target_3.png
37,2,307,lattice,4,v,img/target_5.png
37,2,308,lattice,2,u,img/target_7.png
37,2,309,lattice,3,e,img/target_3.png
37,2,310,lattice,5,o,img/target_9.png
37,2,311,lattice,4,v,img/target_5.png
37,2,312,lattice,3,e,img/target_3.png
37,2,313,lattice,4,v,img/target_5.png
37,2,314,lattice,6,b,img/target_6.png
37,2,315,lattice,8,w,img/target_2.png
37,2,316,lattice,6,b,img/target_6.png
37,2,317,lattice,5,o,img/target_9.png
37,2,318,lattice,7,q,img/target_1.png
37,2,319,lattice,8,w,img/target_2.png
37,2,320,lattice,9,p,img/target_10.png
37,2,321,lattice,1,i,img/target_8.png
37,2,322,lattice,0,r,img/target_4.png
37,2,323,lattice,2,u,img/target_7.png
37,2,324,lattice,3,e,img/target_3.png
37,2,325,lattice,4,v,img/target_5.png
37,2,326,lattice,5,o,img/target_9.png
37,2,327,lattice,7,q,img/target_1.png
37,2,328,lattice,8,w,img/target_2.png
37,2,329,lattice,7,q,img/target_1.png
37,2,330,lattice,8,w,img/target_2.png
37,2,331,lattice,7,q,img/target_1.png
37,2,332,lattice,9,p,img/target_10.png
37,2,333,lattice,7,q,img/target_1.png
37,2,334,lattice,6,b,img/target_6.png
37,2,335,lattice,4,v,img/target_5.png
37,2,336,lattice,6,b,img/target_6.png
37,2,337,lattice,5,o,img/target_9.png
37,2,338,lattice,7,q,img/target_1.png
37,2,339,lattice,6,b,img/target_6.png
37,2,340,lattice,8,w,img/target_2.png
37,2,341,lattice,0,r,img/target_4.png
37,2,342,lattice,9,p,img/target_10.png
37,2,343,lattice,8,w,img/target_2.png
37,2,344,lattice,9,p,img/target_10.png
37,2,345,lattice,0,r,img/target_4.png
37,2,346,lattice,9,p,img/target_10.png
37,2,347,lattice,8,w,img/target_2.png
37,2,348,lattice,6,b,img/target_6.png
37,2,349,lattice,5,o,img/target_9.png
37,2,350,lattice,6,b,img/target_6.png
37,2,351,lattice,4,v,img/target_5.png
37,2,352,lattice,2,u,img/target_7.png
37,2,353,lattice,3,e,img/target_3.png
37,2,354,lattice,4,v,img/target_5.png
37,2,355,lattice,2,u,img/target_7.png
37,2,356,lattice,3,e,img/target_3.png
37,2,357,lattice,5,o,img/target_9.png
37,2,358,lattice,6,b,img/target_6.png
37,2,359,lattice,4,v,img/target_5.png
37,2,360,lattice,3,e,img/target_3.png
37,2,361,lattice,5,o,img/target_9.png
37,2,362,lattice,4,v,img/target_5.png
37,2,363,lattice,2,u,img/target_7.png
37,2,364,lattice,1,i,img/target_8.png
37,2,365,lattice,9,p,img/target_10.png
37,2,366,lattice,7,q,img/target_1.png
37,2,367,lattice,8,w,img/target_2.png
37,2,368,lattice,9,p,img/target_10.png
37,2,369,lattice,7,q,img/target_1.png
37,2,370,lattice,5,o,img/target_9.png
37,2,371,lattice,3,e,img/target_3.png
37,2,372,lattice,2,u,img/target_7.png
37,2,373,lattice,3,e,img/target_3.png
37,2,374,lattice,2,u,img/target_7.png
37,2,375,lattice,1,i,img/target_8.png
37,2,376,lattice,3,e,img/target_3.png
37,2,377,lattice,2,u,img/target_7.png
37,2,378,lattice,1,i,img/target_8.png
37,2,379,lattice,0,r,img/target_4.png
37,2,380,lattice,8,w,img/target_2.png
37,2,381,lattice,9,p,img/target_10.png
37,2,382,lattice,7,q,img/target_1.png
37,2,383,lattice,9,p,img/target_10.png
37,2,384,lattice,8,w,img/target_2.png
37,2,385,lattice,0,r,img/target_4.png
37,2,386,lattice,8,w,img/target_2.png
37,2,387,lattice,7,q,img/target_1.png
37,2,388,lattice,5,o,img/target_9.png
37,2,389,lattice,6,b,img/target_6.png
37,2,390,lattice,8,w,img/target_2.png
37,2,391,lattice,0,r,img/target_4.png
37,2,392,lattice,2,u,img/target_7.png
37,2,393,lattice,0,r,img/target_4.png
37,2,394,lattice,9,p,img/target_10.png
37,2,395,lattice,1,i,img/target_8.png
37,2,396,lattice,2,u,img/target_7.png
37,2,397,lattice,3,e,img/target_3.png
37,2,398,lattice,1,i,img/target_8.png
37,2,399,lattice,0,r,img/target_4.png
37,2,400,lattice,1,i,img/target_8.png
37,2,401,lattice,0,r,img/target_4.png
37,2,402,lattice,1,i,img/target_8.png
37,2,403,lattice,9,p,img/target_10.png
37,2,404,lattice,8,w,img/target_2.png
37,2,405,lattice,7,q,img/target_1.png
37,2,406,lattice,6,b,img/target_6.png
37,2,407,lattice,7,q,img/target_1.png
37,2,408,lattice,6,b,img/target_6.png
37,2,409,lattice,7,q,img/target_1.png
37,2,410,lattice,9,p,img/target_10.png
37,2,411,lattice,8,w,img/target_2.png
37,2,412,lattice,0,r,img/target_4.png
37,2,413,lattice,8,w,img/target_2.png
37,2,414,lattice,7,q,img/target_1.png
37,2,415,lattice,9,p,img/target_10.png
37,2,416,lattice,1,i,img/target_8.png
37,2,417,lattice,0,r,img/target_4.png
37,2,418,lattice,2,u,img/target_7.png
37,2,419,lattice,4,v,img/target_5.png
37,2,420,lattice,3,e,img/target_3.png
37,2,421,lattice,5,o,img/target_9.png
37,2,422,lattice,3,e,img/target_3.png
37,2,423,lattice,4,v,img/target_5.png
37,2,424,lattice,2,u,img/target_7.png
37,2,425,lattice,0,r,img/target_4.png
37,2,426,lattice,8,w,img/target_2.png
37,2,427,lattice,0,r,img/target_4.png
37,2,428,lattice,8,w,img/target_2.png
37,2,429,lattice,0,r,img/target_4.png
37,2,430,lattice,8,w,img/target_2.png
37,2,431,lattice,9,p,img/target_10.png
37,2,432,lattice,7,q,img/target_1.png
37,2,433,lattice,5,o,img/target_9.png
37,2,434,lattice,3,e,img/target_3.png
37,2,435,lattice,1,i,img/target_8.png
37,2,436,lattice,3,e,img/target_3.png
37,2,437,lattice,1,i,img/target_8.png
37,2,438,lattice,0,r,img/target_4.png
37,2,439,lattice,8,w,img/target_2.png
37,2,440,lattice,9,p,img/target_10.png
37,2,441,lattice,1,i,img/target_8.png
37,2,442,lattice,2,u,img/target_7.png
37,2,443,lattice,0,r,img/target_4.png
37,2,444,lattice,2,u,img/target_7.png
37,2,445,lattice,3,e,img/target_3.png
37,2,446,lattice,1,i,img/target_8.png
37,2,447,lattice,9,p,img/target_10.png
37,2,448,lattice,0,r,img/target_4.png
37,2,449,lattice,2,u,img/target_7.png
37,2,450,lattice,3,e,img/target_3.png
37,2,451,lattice,4,v,img/target_5.png
37,2,452,lattice,6,b,img/target_6.png
37,2,453,lattice,4,v,img/target_5.png
37,2,454,lattice,5,o,img/target_9.png
37,2,455,lattice,3,e,img/target_3.png
37,2,456,lattice,5,o,img/target_9.png
37,2,457,lattice,3,e,img/target_3.png
37,2,458,lattice,5,o,img/target_9.png
37,2,459,lattice,6,b,img/target_6.png
37,2,460,lattice,4,v,img/target_5.png
37,2,461,lattice,6,b,img/target_6.png
37,2,462,lattice,8,w,img/target_2.png
37,2,463,lattice,0,r,img/target_4.png
37,2,464,lattice,2,u,img/target_7.png
37,2,465,lattice,3,e,img/target_3.png
37,2,466,lattice,5,o,img/target_9.png
37,2,467,lattice,6,b,img/target_6.png
37,2,468,lattice,8,w,img/target_2.png
37,2,469,lattice,6,b,img/target_6.png
37,2,470,lattice,7,q,img/target_1.png
37,2,471,lattice,6,b,img/target_6.png
37,2,472,lattice,4,v,img/target_5.png
37,2,473,lattice,2,u,img/target_7.png
37,2,474,lattice,1,i,img/target_8.png
37,2,475,lattice,2,u,img/target_7.png
37,2,476,lattice,1,i,img/target_8.png
37,2,477,lattice,3,e,img/target_3.png
37,2,478,lattice,2,u,img/target_7.png
37,2,479,lattice,0,r,img/target_4.png
37,2,480,lattice,1,i,img/target_8.png
37,2,481,lattice,2,u,img/target_7.png
37,2,482,lattice,0,r,img/target_4.png
37,2,483,lattice,1,i,img/target_8.png
37,2,484,lattice,3,e,img/target_3.png
37,2,485,lattice,4,v,img/target_5.png
37,2,486,lattice,2,u,img/target_7.png
37,2,487,lattice,4,v,img/target_5.png
37,2,488,lattice,2,u,img/target_7.png
37,2,489,lattice,3,e,img/target_3.png
37,2,490,lattice,4,v,img/target_5.png
37,2,491,lattice,3,e,img/target_3.png
37,2,492,lattice,4,v,img/target_5.png
37,2,493,lattice,5,o,img/target_9.png
37,2,494,lattice,3,e,img/target_3.png
37,2,495,lattice,4,v,img/target_5.png
37,2,496,lattice,5,o,img/target_9.png
37,2,497,lattice,4,v,img/target_5.png
37,2,498,lattice,3,e,img/target_3.png
37,2,499,lattice,2,u,img/target_7.png
37,2,500,lattice,0,r,img/target_4.png
37,2,501,lattice,8,w,img/target_2.png
37,2,502,lattice,9,p,img/target_10.png
37,2,503,lattice,7,q,img/target_1.png
37,2,504,lattice,9,p,img/target_10.png
37,2,505,lattice,0,r,img/target_4.png
37,2,506,lattice,8,w,img/target_2.png
37,2,507,lattice,9,p,img/target_10.png
37,2,508,lattice,8,w,img/target_2.png
37,2,509,lattice,0,r,img/target_4.png
37,2,510,lattice,2,u,img/target_7.png
37,2,511,lattice,0,r,img/target_4.png
37,2,512,lattice,1,i,img/target_8.png
37,2,513,lattice,2,u,img/target_7.png
37,2,514,lattice,3,e,img/target_3.png
37,2,515,lattice,5,o,img/target_9.png
37,2,516,lattice,6,b,img/target_6.png
37,2,517,lattice,7,q,img/target_1.png
37,2,518,lattice,8,w,img/target_2.png
37,2,519,lattice,7,q,img/target_1.png
37,2,520,lattice,8,w,img/target_2.png
37,2,521,lattice,6,b,img/target_6.png
37,2,522,lattice,7,q,img/target_1.png
37,2,523,lattice,8,w,img/target_2.png
37,2,524,lattice,0,r,img/target_4.png
37,2,525,lattice,2,u,img/target_7.png
37,2,526,lattice,0,r,img/target_4.png
37,2,527,lattice,2,u,img/target_7.png
37,2,528,lattice,1,i,img/target_8.png
37,2,529,lattice,0,r,img/target_4.png
37,2,530,lattice,8,w,img/target_2.png
37,2,531,lattice,7,q,img/target_1.png
37,2,532,lattice,5,o,img/target_9.png
37,2,533,lattice,6,b,img/target_6.png
37,2,534,lattice,8,w,img/target_2.png
37,2,535,lattice,7,q,img/target_1.png
37,2,536,lattice,9,p,img/target_10.png
37,2,537,lattice,7,q,img/target_1.png
37,2,538,lattice,9,p,img/target_10.png
37,2,539,lattice,0,r,img/target_4.png
37,2,540,lattice,9,p,img/target_10.png
37,2,541,lattice,1,i,img/target_8.png
37,2,542,lattice,0,r,img/target_4.png
37,2,543,lattice,2,u,img/target_7.png
37,2,544,lattice,0,r,img/target_4.png
37,2,545,lattice,9,p,img/target_10.png
37,2,546,lattice,8,w,img/target_2.png
37,2,547,lattice,7,q,img/target_1.png
37,2,548,lattice,6,b,img/target_6.png
37,2,549,lattice,4,v,img/target_5.png
37,2,550,lattice,5,o,img/target_9.png
37,2,551,lattice,6,b,img/target_6.png
37,2,552,lattice,4,v,img/target_5.png
37,2,553,lattice,6,b,img/target_6.png
37,2,554,lattice,4,v,img/target_5.png
37,2,555,lattice,6,b,img/target_6.png
37,2,556,lattice,8,w,img/target_2.png
37,2,557,lattice,9,p,img/target_10.png
37,2,558,lattice,0,r,img/target_4.png
37,2,559,lattice,1,i,img/target_8.png
37,2,560,lattice,9,p,img/target_10.png
37,2,561,lattice,1,i,img/target_8.png
37,2,562,lattice,0,r,img/target_4.png
37,2,563,lattice,2,u,img/target_7.png
37,2,564,lattice,1,i,img/target_8.png
37,2,565,lattice,3,e,img/target_3.png
37,2,566,lattice,5,o,img/target_9.png
37,2,567,lattice,4,v,img/target_5.png
37,2,568,lattice,2,u,img/target_7.png
37,2,569,lattice,3,e,img/target_3.png
37,2,570,lattice,5,o,img/target_9.png
37,2,571,lattice,6,b,img/target_6.png
37,2,572,lattice,5,o,img/target_9.png
37,2,573,lattice,3,e,img/target_3.png
37,2,574,lattice,2,u,img/target_7.png
37,2,575,lattice,1,i,img/target_8.png
37,2,576,lattice,9,p,img/target_10.png
37,2,577,lattice,0,r,img/target_4.png
37,2,578,lattice,1,i,img/target_8.png
37,2,579,lattice,2,u,img/target_7.png
37,2,580,lattice,0,r,img/target_4.png
37,2,581,lattice,9,p,img/target_10.png
37,2,582,lattice,1,i,img/target_8.png
37,2,583,lattice,2,u,img/target_7.png
37,2,584,lattice,1,i,img/target_8.png
37,2,585,lattice,9,p,img/target_10.png
37,2,586,lattice,1,i,img/target_8.png
37,2,587,lattice,9,p,img/target_10.png
37,2,588,lattice,8,w,img/target_2.png
37,2,589,lattice,0,r,img/target_4.png
37,2,590,lattice,2,u,img/target_7.png
37,2,591,lattice,3,e,img/target_3.png
37,2,592,lattice,1,i,img/target_8.png
37,2,593,lattice,3,e,img/target_3.png
37,2,594,lattice,4,v,img/target_5.png
37,2,595,lattice,3,e,img/target_3.png
37,2,596,lattice,4,v,img/target_5.png
37,2,597,lattice,5,o,img/target_9.png
37,2,598,lattice,7,q,img/target_1.png
37,2,599,lattice,5,o,img/target_9.png
37,2,600,lattice,7,q,img/target_1.png
37,2,601,lattice,6,b,img/target_6.png
37,2,602,lattice,4,v,img/target_5.png
37,2,603,lattice,3,e,img/target_3.png
37,2,604,lattice,2,u,img/target_7.png
37,2,605,lattice,0,r,img/target_4.png
37,2,606,lattice,2,u,img/target_7.png
37,2,607,lattice,4,v,img/target_5.png
37,2,608,lattice,2,u,img/target_7.png
37,2,609,lattice,1,i,img/target_8.png
37,2,610,lattice,0,r,img/target_4.png
37,2,611,lattice,8,w,img/target_2.png
37,2,612,lattice,9,p,img/target_10.png
37,2,613,lattice,7,q,img/target_1.png
37,2,614,lattice,9,p,img/target_10.png
37,2,615,lattice,7,q,img/target_1.png
37,2,616,lattice,5,o,img/target_9.png
37,2,617,lattice,7,q,img/target_1.png
37,2,618,lattice,9,p,img/target_10.png
37,2,619,lattice,7,q,img/target_1.png
37,2,620,lattice,6,b,img/target_6.png
37,2,621,lattice,4,v,img/target_5.png
37,2,622,lattice,3,e,img/target_3.png
37,2,623,lattice,5,o,img/target_9.png
37,2,624,lattice,6,b,img/target_6.png
37,2,625,lattice,8,w,img/target_2.png
37,2,626,lattice,9,p,img/target_10.png
37,2,627,lattice,8,w,img/target_2.png
37,2,628,lattice,9,p,img/target_10.png
37,2,629,lattice,0,r,img/target_4.png
37,2,630,lattice,2,u,img/target_7.png
37,2,631,lattice,3,e,img/target_3.png
37,2,632,lattice,4,v,img/target_5.png
37,2,633,lattice,5,o,img/target_9.png
37,2,634,lattice,4,v,img/target_5.png
37,2,635,lattice,6,b,img/target_6.png
37,2,636,lattice,8,w,img/target_2.png
37,2,637,lattice,6,b,img/target_6.png
37,2,638,lattice,7,q,img/target_1.png
37,2,639,lattice,8,w,img/target_2.png
37,2,640,lattice,9,p,img/target_10.png
37,2,641,lattice,0,r,img/target_4.png
37,2,642,lattice,1,i,img/target_8.png
37,2,643,lattice,9,p,img/target_10.png
37,2,644,lattice,0,r,img/target_4.png
37,2,645,lattice,9,p,img/target_10.png
37,2,646,lattice,0,r,img/target_4.png
37,2,647,lattice,1,i,img/target_8.png
37,2,648,lattice,9,p,img/target_10.png
37,2,649,lattice,7,q,img/target_1.png
37,2,650,lattice,9,p,img/target_10.png
37,2,651,lattice,0,r,img/target_4.png
37,2,652,lattice,9,p,img/target_10.png
37,2,653,lattice,1,i,img/target_8.png
37,2,654,lattice,2,u,img/target_7.png
37,2,655,lattice,4,v,img/target_5.png
37,2,656,lattice,2,u,img/target_7.png
37,2,657,lattice,3,e,img/target_3.png
37,2,658,lattice,4,v,img/target_5.png
37,2,659,lattice,6,b,img/target_6.png
37,2,660,lattice,8,w,img/target_2.png
37,2,661,lattice,0,r,img/target_4.png
37,2,662,lattice,8,w,img/target_2.png
37,2,663,lattice,7,q,img/target_1.png
37,2,664,lattice,5,o,img/target_9.png
37,2,665,lattice,4,v,img/target_5.png
37,2,666,lattice,3,e,img/target_3.png
37,2,667,lattice,5,o,img/target_9.png
37,2,668,lattice,4,v,img/target_5.png
37,2,669,lattice,2,u,img/target_7.png
37,2,670,lattice,0,r,img/target_4.png
37,2,671,lattice,9,p,img/target_10.png
37,2,672,lattice,1,i,img/target_8.png
37,2,673,lattice,9,p,img/target_10.png
37,2,674,lattice,0,r,img/target_4.png
37,2,675,lattice,1,i,img/target_8.png
37,2,676,lattice,0,r,img/target_4.png
37,2,677,lattice,8,w,img/target_2.png
37,2,678,lattice,0,r,img/target_4.png
37,2,679,lattice,8,w,img/target_2.png
37,2,680,lattice,6,b,img/target_6.png
37,2,681,lattice,4,v,img/target_5.png
37,2,682,lattice,2,u,img/target_7.png
37,2,683,lattice,3,e,img/target_3.png
37,2,684,lattice,4,v,img/target_5.png
37,2,685,lattice,2,u,img/target_7.png
37,2,686,lattice,3,e,img/target_3.png
37,2,687,lattice,2,u,img/target_7.png
37,2,688,lattice,0,r,img/target_4.png
37,2,689,lattice,1,i,img/target_8.png
37,2,690,lattice,0,r,img/target_4.png
37,2,691,lattice,8,w,img/target_2.png
37,2,692,lattice,6,b,img/target_6.png
37,2,693,lattice,4,v,img/target_5.png
37,2,694,lattice,6,b,img/target_6.png
37,2,695,lattice,4,v,img/target_5.png
37,2,696,lattice,5,o,img/target_9.png
37,2,697,lattice,6,b,img/target_6.png
37,2,698,lattice,7,q,img/target_1.png
37,2,699,lattice,5,o,img/target_9.png
37,2,700,lattice,4,v,img/target_5.png
37,2,701,lattice,5,o,img/target_9.png
37,2,702,lattice,6,b,img/target_6.png
37,2,703,lattice,5,o,img/target_9.png
37,2,704,lattice,7,q,img/target_1.png
37,2,705,lattice,5,o,img/target_9.png
37,2,706,lattice,4,v,img/target_5.png
37,2,707,lattice,3,e,img/target_3.png
37,2,708,lattice,4,v,img/target_5.png
37,2,709,lattice,6,b,img/target_6.png
37,2,710,lattice,5,o,img/target_9.png
37,2,711,lattice,3,e,img/target_3.png
37,2,712,lattice,2,u,img/target_7.png
37,2,713,lattice,3,e,img/target_3.png
37,2,714,lattice,4,v,img/target_5.png
37,2,715,lattice,6,b,img/target_6.png
37,2,716,lattice,5,o,img/target_9.png
37,2,717,lattice,6,b,img/target_6.png
37,2,718,lattice,7,q,img/target_1.png
37,2,719,lattice,5,o,img/target_9.png
37,2,720,lattice,7,q,img/target_1.png
37,2,721,lattice,6,b,img/target_6.png
37,2,722,lattice,8,w,img/target_2.png
37,2,723,lattice,9,p,img/target_10.png
37,2,724,lattice,1,i,img/target_8.png
37,2,725,lattice,3,e,img/target_3.png
37,2,726,lattice,4,v,img/target_5.png
37,2,727,lattice,6,b,img/target_6.png
37,2,728,lattice,7,q,img/target_1.png
37,2,729,lattice,5,o,img/target_9.png
37,2,730,lattice,4,v,img/target_5.png
37,2,731,lattice,6,b,img/target_6.png
37,2,732,lattice,5,o,img/target_9.png
37,2,733,lattice,4,v,img/target_5.png
37,2,734,lattice,3,e,img/target_3.png
37,2,735,lattice,5,o,img/target_9.png
37,2,736,lattice,7,q,img/target_1.png
37,2,737,lattice,6,b,img/target_6.png
37,2,738,lattice,5,o,img/target_9.png
37,2,739,lattice,6,b,img/target_6.png
37,2,740,lattice,4,v,img/target_5.png
37,2,741,lattice,3,e,img/target_3.png
37,2,742,lattice,2,u,img/target_7.png
37,2,743,lattice,1,i,img/target_8.png
37,2,744,lattice,0,r,img/target_4.png
37,2,745,lattice,2,u,img/target_7.png
37,2,746,lattice,0,r,img/target_4.png
37,2,747,lattice,8,w,img/target_2.png
37,2,748,lattice,9,p,img/target_10.png
37,2,749,lattice,7,q,img/target_1.png
37,2,750,lattice,5,o,img/target_9.png
37,2,751,lattice,3,e,img/target_3.png
37,2,752,lattice,5,o,img/target_9.png
37,2,753,lattice,6,b,img/target_6.png
37,2,754,lattice,7,q,img/target_1.png
37,2,755,lattice,5,o,img/target_9.png
37,2,756,lattice,6,b,img/target_6.png
37,2,757,lattice,4,v,img/target_5.png
37,2,758,lattice,6,b,img/target_6.png
37,2,759,lattice,8,w,img/target_2.png
37,2,760,lattice,0,r,img/target_4.png
37,2,761,lattice,9,p,img/target_10.png
37,2,762,lattice,7,q,img/target_1.png
37,2,763,lattice,9,p,img/target_10.png
37,2,764,lattice,7,q,img/target_1.png
37,2,765,lattice,6,b,img/target_6.png
37,2,766,lattice,7,q,img/target_1.png
37,2,767,lattice,5,o,img/target_9.png
37,2,768,lattice,7,q,img/target_1.png
37,2,769,lattice,5,o,img/target_9.png
37,2,770,lattice,3,e,img/target_3.png
37,2,771,lattice,5,o,img/target_9.png
37,2,772,lattice,4,v,img/target_5.png
37,2,773,lattice,2,u,img/target_7.png
37,2,774,lattice,1,i,img/target_8.png
37,2,775,lattice,0,r,img/target_4.png
37,2,776,lattice,1,i,img/target_8.png
37,2,777,lattice,2,u,img/target_7.png
37,2,778,lattice,3,e,img/target_3.png
37,2,779,lattice,5,o,img/target_9.png
37,2,780,lattice,3,e,img/target_3.png
37,2,781,lattice,1,i,img/target_8.png
37,2,782,lattice,2,u,img/target_7.png
37,2,783,lattice,0,r,img/target_4.png
37,2,784,lattice,9,p,img/target_10.png
37,2,785,lattice,0,r,img/target_4.png
37,2,786,lattice,2,u,img/target_7.png
37,2,787,lattice,1,i,img/target_8.png
37,2,788,lattice,2,u,img/target_7.png
37,2,789,lattice,1,i,img/target_8.png
37,2,790,lattice,2,u,img/target_7.png
37,2,791,lattice,3,e,img/target_3.png
37,2,792,lattice,1,i,img/target_8.png
37,2,793,lattice,9,p,img/target_10.png
37,2,794,lattice,7,q,img/target_1.png
37,2,795,lattice,9,p,img/target_10.png
37,2,796,lattice,0,r,img/target_4.png
37,2,797,lattice,8,w,img/target_2.png
37,2,798,lattice,6,b,img/target_6.png
37,2,799,lattice,5,o,img/target_9.png
37,2,800,lattice,3,e,img/target_3.png
37,2,801,lattice,4,v,img/target_5.png
37,2,802,lattice,2,u,img/target_7.png
37,2,803,lattice,4,v,img/target_5.png
37,2,804,lattice,3,e,img/target_3.png
37,2,805,lattice,5,o,img/target_9.png
37,2,806,lattice,3,e,img/target_3.png
37,2,807,lattice,1,i,img/target_8.png
37,2,808,lattice,9,p,img/target_10.png
37,2,809,lattice,7,q,img/target_1.png
37,2,810,lattice,5,o,img/target_9.png
37,2,811,lattice,6,b,img/target_6.png
37,2,812,lattice,4,v,img/target_5.png
37,2,813,lattice,6,b,img/target_6.png
37,2,814,lattice,8,w,img/target_2.png
37,2,815,lattice,0,r,img/target_4.png
37,2,816,lattice,8,w,img/target_2.png
37,2,817,lattice,0,r,img/target_4.png
37,2,818,lattice,2,u,img/target_7.png
37,2,819,lattice,1,i,img/target_8.png
37,2,820,lattice,0,r,img/target_4.png
37,2,821,lattice,2,u,img/target_7.png
37,2,822,lattice,4,v,img/target_5.png
37,2,823,lattice,6,b,img/target_6.png
37,2,824,lattice,7,q,img/target_1.png
37,2,825,lattice,8,w,img/target_2.png
37,2,826,lattice,6,b,img/target_6.png
37,2,827,lattice,5,o,img/target_9.png
37,2,828,lattice,6,b,img/target_6.png
37,2,829,lattice,5,o,img/target_9.png
37,2,830,lattice,6,b,img/target_6.png
37,2,831,lattice,4,v,img/target_5.png
37,2,832,lattice,3,e,img/target_3.png
37,2,833,lattice,5,o,img/target_9.png
37,2,834,lattice,3,e,img/target_3.png
37,2,835,lattice,5,o,img/target_9.png
37,2,836,lattice,4,v,img/target_5.png
37,2,837,lattice,3,e,img/target_3.png
37,2,838,lattice,1,i,img/target_8.png
37,2,839,lattice,9,p,img/target_10.png
37,2,840,lattice,8,w,img/target_2.png
37,2,841,lattice,9,p,img/target_10.png
37,2,842,lattice,0,r,img/target_4.png
37,2,843,lattice,8,w,img/target_2.png
37,2,844,lattice,6,b,img/target_6.png
37,2,845,lattice,8,w,img/target_2.png
37,2,846,lattice,6,b,img/target_6.png
37,2,847,lattice,5,o,img/target_9.png
37,2,848,lattice,3,e,img/target_3.png
37,2,849,lattice,5,o,img/target_9.png
37,2,850,lattice,7,q,img/target_1.png
37,2,851,lattice,6,b,img/target_6.png
37,2,852,lattice,5,o,img/target_9.png
37,2,853,lattice,3,e,img/target_3.png
37,2,854,lattice,1,i,img/target_8.png
37,2,855,lattice,3,e,img/target_3.png
37,2,856,lattice,5,o,img/target_9.png
37,2,857,lattice,6,b,img/target_6.png
37,2,858,lattice,5,o,img/target_9.png
37,2,859,lattice,3,e,img/target_3.png
37,2,860,lattice,1,i,img/target_8.png
37,2,861,lattice,3,e,img/target_3.png
37,2,862,lattice,1,i,img/target_8.png
37,2,863,lattice,9,p,img/target_10.png
37,2,864,lattice,8,w,img/target_2.png
37,2,865,lattice,9,p,img/target_10.png
37,2,866,lattice,0,r,img/target_4.png
37,2,867,lattice,9,p,img/target_10.png
37,2,868,lattice,0,r,img/target_4.png
37,2,869,lattice,8,w,img/target_2.png
37,2,870,lattice,6,b,img/target_6.png
37,2,871,lattice,7,q,img/target_1.png
37,2,872,lattice,6,b,img/target_6.png
37,2,873,lattice,8,w,img/target_2.png
37,2,874,lattice,9,p,img/target_10.png
37,2,875,lattice,0,r,img/target_4.png
37,2,876,lattice,8,w,img/target_2.png
37,2,877,lattice,9,p,img/target_10.png
37,2,878,lattice,8,w,img/target_2.png
37,2,879,lattice,0,r,img/target_4.png
37,2,880,lattice,2,u,img/target_7.png
37,2,881,lattice,1,i,img/target_8.png
37,2,882,lattice,9,p,img/target_10.png
37,2,883,lattice,0,r,img/target_4.png
37,2,884,lattice,8,w,img/target_2.png
37,2,885,lattice,0,r,img/target_4.png
37,2,886,lattice,8,w,img/target_2.png
37,2,887,lattice,7,q,img/target_1.png
37,2,888,lattice,6,b,img/target_6.png
37,2,889,lattice,8,w,img/target_2.png
37,2,890,lattice,9,p,img/target_10.png
37,2,891,lattice,8,w,img/target_2.png
37,2,892,lattice,6,b,img/target_6.png
37,2,893,lattice,4,v,img/target_5.png
37,2,894,lattice,5,o,img/target_9.png
37,2,895,lattice,4,v,img/target_5.png
37,2,896,lattice,5,o,img/target_9.png
37,2,897,lattice,7,q,img/target_1.png
37,2,898,lattice,8,w,img/target_2.png
37,2,899,lattice,0,r,img/target_4.png
37,2,900,lattice,1,i,img/target_8.png
37,2,901,lattice,3,e,img/target_3.png
37,2,902,lattice,4,v,img/target_5.png
37,2,903,lattice,3,e,img/target_3.png
37,2,904,lattice,5,o,img/target_9.png
37,2,905,lattice,4,v,img/target_5.png
37,2,906,lattice,2,u,img/target_7.png
37,2,907,lattice,1,i,img/target_8.png
37,2,908,lattice,0,r,img/target_4.png
37,2,909,lattice,8,w,img/target_2.png
37,2,910,lattice,6,b,img/target_6.png
37,2,911,lattice,7,q,img/target_1.png
37,2,912,lattice,9,p,img/target_10.png
37,2,913,lattice,8,w,img/target_2.png
37,2,914,lattice,0,r,img/target_4.png
37,2,915,lattice,9,p,img/target_10.png
37,2,916,lattice,8,w,img/target_2.png
37,2,917,lattice,6,b,img/target_6.png
37,2,918,lattice,5,o,img/target_9.png
37,2,919,lattice,3,e,img/target_3.png
37,2,920,lattice,2,u,img/target_7.png
37,2,921,lattice,3,e,img/target_3.png
37,2,922,lattice,5,o,img/target_9.png
37,2,923,lattice,6,b,img/target_6.png
37,2,924,lattice,7,q,img/target_1.png
37,2,925,lattice,5,o,img/target_9.png
37,2,926,lattice,4,v,img/target_5.png
37,2,927,lattice,6,b,img/target_6.png
37,2,928,lattice,5,o,img/target_9.png
37,2,929,lattice,6,b,img/target_6.png
37,2,930,lattice,5,o,img/target_9.png
37,2,931,lattice,6,b,img/target_6.png
37,2,932,lattice,5,o,img/target_9.png
37,2,933,lattice,3,e,img/target_3.png
37,2,934,lattice,4,v,img/target_5.png
37,2,935,lattice,5,o,img/target_9.png
37,2,936,lattice,4,v,img/target_5.png
37,2,937,lattice,2,u,img/target_7.png
37,2,938,lattice,1,i,img/target_8.png
37,2,939,lattice,3,e,img/target_3.png
37,2,940,lattice,5,o,img/target_9.png
37,2,941,lattice,6,b,img/target_6.png
37,2,942,lattice,5,o,img/target_9.png
37,2,943,lattice,6,b,img/target_6.png
37,2,944,lattice,7,q,img/target_1.png
37,2,945,lattice,5,o,img/target_9.png
37,2,946,lattice,3,e,img/target_3.png
37,2,947,lattice,5,o,img/target_9.png
37,2,948,lattice,3,e,img/target_3.png
37,2,949,lattice,1,i,img/target_8.png
37,2,950,lattice,3,e,img/target_3.png
37,2,951,lattice,2,u,img/target_7.png
37,2,952,lattice,4,v,img/target_5.png
37,2,953,lattice,3,e,img/target_3.png
37,2,954,lattice,2,u,img/target_7.png
37,2,955,lattice,1,i,img/target_8.png
37,2,956,lattice,3,e,img/target_3.png
37,2,957,lattice,4,v,img/target_5.png
37,2,958,lattice,5,o,img/target_9.png
37,2,959,lattice,6,b,img/target_6.png
37,2,960,lattice,5,o,img/target_9.png
37,2,961,lattice,3,e,img/target_3.png
37,2,962,lattice,5,o,img/target_9.png
37,2,963,lattice,3,e,img/target_3.png
37,2,964,lattice,1,i,img/target_8.png
37,2,965,lattice,3,e,img/target_3.png
37,2,966,lattice,1,i,img/target_8.png
37,2,967,lattice,2,u,img/target_7.png
37,2,968,lattice,3,e,img/target_3.png
37,2,969,lattice,2,u,img/target_7.png
37,2,970,lattice,1,i,img/target_8.png
37,2,971,lattice,0,r,img/target_4.png
37,2,972,lattice,9,p,img/target_10.png
37,2,973,lattice,1,i,img/target_8.png
37,2,974,lattice,3,e,img/target_3.png
37,2,975,lattice,2,u,img/target_7.png
37,2,976,lattice,0,r,img/target_4.png
37,2,977,lattice,9,p,img/target_10.png
37,2,978,lattice,8,w,img/target_2.png
37,2,979,lattice,9,p,img/target_10.png
37,2,980,lattice,1,i,img/target_8.png
37,2,981,lattice,9,p,img/target_10.png
37,2,982,lattice,7,q,img/target_1.png
37,2,983,lattice,8,w,img/target_2.png
37,2,984,lattice,7,q,img/target_1.png
37,2,985,lattice,8,w,img/target_2.png
37,2,986,lattice,7,q,img/target_1.png
37,2,987,lattice,9,p,img/target_10.png
37,2,988,lattice,0,r,img/target_4.png
37,2,989,lattice,8,w,img/target_2.png
37,2,990,lattice,6,b,img/target_6.png
37,2,991,lattice,5,o,img/target_9.png
37,2,992,lattice,6,b,img/target_6.png
37,2,993,lattice,5,o,img/target_9.png
37,2,994,lattice,3,e,img/target_3.png
37,2,995,lattice,4,v,img/target_5.png
37,2,996,lattice,2,u,img/target_7.png
37,2,997,lattice,1,i,img/target_8.png
37,2,998,lattice,9,p,img/target_10.png
37,2,999,lattice,0,r,img/target_4.png
37,2,1000,lattice,2,u,img/target_7.png
