pID,sess,trialNum,graph,walk,resp,path
46,1,1,modular,9,o,img/target_9.png
46,1,2,modular,8,i,img/target_8.png
46,1,3,modular,6,w,img/target_2.png
46,1,4,modular,7,u,img/target_7.png
46,1,5,modular,6,w,img/target_2.png
46,1,6,modular,7,u,img/target_7.png
46,1,7,modular,9,o,img/target_9.png
46,1,8,modular,8,i,img/target_8.png
46,1,9,modular,5,q,img/target_1.png
46,1,10,modular,4,b,img/target_6.png
46,1,11,modular,1,e,img/target_3.png
46,1,12,modular,2,p,img/target_10.png
46,1,13,modular,0,v,img/target_5.png
46,1,14,modular,9,o,img/target_9.png
46,1,15,modular,6,w,img/target_2.png
46,1,16,modular,8,i,img/target_8.png
46,1,17,modular,7,u,img/target_7.png
46,1,18,modular,9,o,img/target_9.png
46,1,19,modular,0,v,img/target_5.png
46,1,20,modular,9,o,img/target_9.png
46,1,21,modular,8,i,img/target_8.png
46,1,22,modular,5,q,img/target_1.png
46,1,23,modular,6,w,img/target_2.png
46,1,24,modular,9,o,img/target_9.png
46,1,25,modular,6,w,img/target_2.png
46,1,26,modular,5,q,img/target_1.png
46,1,27,modular,4,b,img/target_6.png
46,1,28,modular,3,r,img/target_4.png
46,1,29,modular,4,b,img/target_6.png
46,1,30,modular,2,p,img/target_10.png
46,1,31,modular,1,e,img/target_3.png
46,1,32,modular,2,p,img/target_10.png
46,1,33,modular,3,r,img/target_4.png
46,1,34,modular,2,p,img/target_10.png
46,1,35,modular,4,b,img/target_6.png
46,1,36,modular,1,e,img/target_3.png
46,1,37,modular,4,b,img/target_6.png
46,1,38,modular,5,q,img/target_1.png
46,1,39,modular,8,i,img/target_8.png
46,1,40,modular,6,w,img/target_2.png
46,1,41,modular,5,q,img/target_1.png
46,1,42,modular,8,i,img/target_8.png
46,1,43,modular,9,o,img/target_9.png
46,1,44,modular,0,v,img/target_5.png
46,1,45,modular,9,o,img/target_9.png
46,1,46,modular,8,i,img/target_8.png
46,1,47,modular,7,u,img/target_7.png
46,1,48,modular,9,o,img/target_9.png
46,1,49,modular,0,v,img/target_5.png
46,1,50,modular,1,e,img/target_3.png
46,1,51,modular,4,b,img/target_6.png
46,1,52,modular,1,e,img/target_3.png
46,1,53,modular,4,b,img/target_6.png
46,1,54,modular,3,r,img/target_4.png
46,1,55,modular,2,p,img/target_10.png
46,1,56,modular,3,r,img/target_4.png
46,1,57,modular,1,e,img/target_3.png
46,1,58,modular,4,b,img/target_6.png
46,1,59,modular,5,q,img/target_1.png
46,1,60,modular,6,w,img/target_2.png
46,1,61,modular,8,i,img/target_8.png
46,1,62,modular,7,u,img/target_7.png
46,1,63,modular,6,w,img/target_2.png
46,1,64,modular,5,q,img/target_1.png
46,1,65,modular,4,b,img/target_6.png
46,1,66,modular,5,q,img/target_1.png
46,1,67,modular,6,w,img/target_2.png
46,1,68,modular,7,u,img/target_7.png
46,1,69,modular,9,o,img/target_9.png
46,1,70,modular,6,w,img/target_2.png
46,1,71,modular,5,q,img/target_1.png
46,1,72,modular,7,u,img/target_7.png
46,1,73,modular,5,q,img/target_1.png
46,1,74,modular,6,w,img/target_2.png
46,1,75,modular,9,o,img/target_9.png
46,1,76,modular,0,v,img/target_5.png
46,1,77,modular,2,p,img/target_10.png
46,1,78,modular,4,b,img/target_6.png
46,1,79,modular,5,q,img/target_1.png
46,1,80,modular,4,b,img/target_6.png
46,1,81,modular,3,r,img/target_4.png
46,1,82,modular,1,e,img/target_3.png
46,1,83,modular,3,r,img/target_4.png
46,1,84,modular,1,e,img/target_3.png
46,1,85,modular,3,r,img/target_4.png
46,1,86,modular,2,p,img/target_10.png
46,1,87,modular,0,v,img/target_5.png
46,1,88,modular,9,o,img/target_9.png
46,1,89,modular,8,i,img/target_8.png
46,1,90,modular,7,u,img/target_7.png
46,1,91,modular,9,o,img/target_9.png
46,1,92,modular,6,w,img/target_2.png
46,1,93,modular,5,q,img/target_1.png
46,1,94,modular,4,b,img/target_6.png
46,1,95,modular,5,q,img/target_1.png
46,1,96,modular,8,i,img/target_8.png
46,1,97,modular,7,u,img/target_7.png
46,1,98,modular,9,o,img/target_9.png
46,1,99,modular,8,i,img/target_8.png
46,1,100,modular,6,w,img/target_2.png
46,1,101,modular,8,i,img/target_8.png
46,1,102,modular,7,u,img/target_7.png
46,1,103,modular,9,o,img/target_9.png
46,1,104,modular,8,i,img/target_8.png
46,1,105,modular,5,q,img/target_1.png
46,1,106,modular,4,b,img/target_6.png
46,1,107,modular,2,p,img/target_10.png
46,1,108,modular,3,r,img/target_4.png
46,1,109,modular,4,b,img/target_6.png
46,1,110,modular,2,p,img/target_10.png
46,1,111,modular,0,v,img/target_5.png
46,1,112,modular,1,e,img/target_3.png
46,1,113,modular,2,p,img/target_10.png
46,1,114,modular,0,v,img/target_5.png
46,1,115,modular,1,e,img/target_3.png
46,1,116,modular,3,r,img/target_4.png
46,1,117,modular,4,b,img/target_6.png
46,1,118,modular,2,p,img/target_10.png
46,1,119,modular,0,v,img/target_5.png
46,1,120,modular,1,e,img/target_3.png
46,1,121,modular,2,p,img/target_10.png
46,1,122,modular,3,r,img/target_4.png
46,1,123,modular,1,e,img/target_3.png
46,1,124,modular,3,r,img/target_4.png
46,1,125,modular,1,e,img/target_3.png
46,1,126,modular,4,b,img/target_6.png
46,1,127,modular,2,p,img/target_10.png
46,1,128,modular,4,b,img/target_6.png
46,1,129,modular,2,p,img/target_10.png
46,1,130,modular,1,e,img/target_3.png
46,1,131,modular,0,v,img/target_5.png
46,1,132,modular,1,e,img/target_3.png
46,1,133,modular,4,b,img/target_6.png
46,1,134,modular,2,p,img/target_10.png
46,1,135,modular,4,b,img/target_6.png
46,1,136,modular,3,r,img/target_4.png
46,1,137,modular,2,p,img/target_10.png
46,1,138,modular,0,v,img/target_5.png
46,1,139,modular,2,p,img/target_10.png
46,1,140,modular,4,b,img/target_6.png
46,1,141,modular,3,r,img/target_4.png
46,1,142,modular,0,v,img/target_5.png
46,1,143,modular,2,p,img/target_10.png
46,1,144,modular,4,b,img/target_6.png
46,1,145,modular,2,p,img/target_10.png
46,1,146,modular,0,v,img/target_5.png
46,1,147,modular,1,e,img/target_3.png
46,1,148,modular,0,v,img/target_5.png
46,1,149,modular,2,p,img/target_10.png
46,1,150,modular,1,e,img/target_3.png
46,1,151,modular,0,v,img/target_5.png
46,1,152,modular,1,e,img/target_3.png
46,1,153,modular,4,b,img/target_6.png
46,1,154,modular,3,r,img/target_4.png
46,1,155,modular,4,b,img/target_6.png
46,1,156,modular,5,q,img/target_1.png
46,1,157,modular,8,i,img/target_8.png
46,1,158,modular,7,u,img/target_7.png
46,1,159,modular,8,i,img/target_8.png
46,1,160,modular,7,u,img/target_7.png
46,1,161,modular,6,w,img/target_2.png
46,1,162,modular,8,i,img/target_8.png
46,1,163,modular,7,u,img/target_7.png
46,1,164,modular,5,q,img/target_1.png
46,1,165,modular,6,w,img/target_2.png
46,1,166,modular,7,u,img/target_7.png
46,1,167,modular,5,q,img/target_1.png
46,1,168,modular,4,b,img/target_6.png
46,1,169,modular,1,e,img/target_3.png
46,1,170,modular,2,p,img/target_10.png
46,1,171,modular,4,b,img/target_6.png
46,1,172,modular,5,q,img/target_1.png
46,1,173,modular,4,b,img/target_6.png
46,1,174,modular,3,r,img/target_4.png
46,1,175,modular,2,p,img/target_10.png
46,1,176,modular,4,b,img/target_6.png
46,1,177,modular,1,e,img/target_3.png
46,1,178,modular,3,r,img/target_4.png
46,1,179,modular,1,e,img/target_3.png
46,1,180,modular,3,r,img/target_4.png
46,1,181,modular,2,p,img/target_10.png
46,1,182,modular,1,e,img/target_3.png
46,1,183,modular,4,b,img/target_6.png
46,1,184,modular,2,p,img/target_10.png
46,1,185,modular,4,b,img/target_6.png
46,1,186,modular,3,r,img/target_4.png
46,1,187,modular,2,p,img/target_10.png
46,1,188,modular,1,e,img/target_3.png
46,1,189,modular,0,v,img/target_5.png
46,1,190,modular,3,r,img/target_4.png
46,1,191,modular,4,b,img/target_6.png
46,1,192,modular,1,e,img/target_3.png
46,1,193,modular,0,v,img/target_5.png
46,1,194,modular,2,p,img/target_10.png
46,1,195,modular,1,e,img/target_3.png
46,1,196,modular,3,r,img/target_4.png
46,1,197,modular,1,e,img/target_3.png
46,1,198,modular,3,r,img/target_4.png
46,1,199,modular,4,b,img/target_6.png
46,1,200,modular,3,r,img/target_4.png
46,1,201,modular,0,v,img/target_5.png
46,1,202,modular,1,e,img/target_3.png
46,1,203,modular,2,p,img/target_10.png
46,1,204,modular,4,b,img/target_6.png
46,1,205,modular,3,r,img/target_4.png
46,1,206,modular,4,b,img/target_6.png
46,1,207,modular,5,q,img/target_1.png
46,1,208,modular,4,b,img/target_6.png
46,1,209,modular,1,e,img/target_3.png
46,1,210,modular,2,p,img/target_10.png
46,1,211,modular,1,e,img/target_3.png
46,1,212,modular,4,b,img/target_6.png
46,1,213,modular,1,e,img/target_3.png
46,1,214,modular,4,b,img/target_6.png
46,1,215,modular,3,r,img/target_4.png
46,1,216,modular,0,v,img/target_5.png
46,1,217,modular,1,e,img/target_3.png
46,1,218,modular,0,v,img/target_5.png
46,1,219,modular,2,p,img/target_10.png
46,1,220,modular,0,v,img/target_5.png
46,1,221,modular,9,o,img/target_9.png
46,1,222,modular,7,u,img/target_7.png
46,1,223,modular,9,o,img/target_9.png
46,1,224,modular,6,w,img/target_2.png
46,1,225,modular,9,o,img/target_9.png
46,1,226,modular,7,u,img/target_7.png
46,1,227,modular,8,i,img/target_8.png
46,1,228,modular,6,w,img/target_2.png
46,1,229,modular,8,i,img/target_8.png
46,1,230,modular,5,q,img/target_1.png
46,1,231,modular,4,b,img/target_6.png
46,1,232,modular,2,p,img/target_10.png
46,1,233,modular,3,r,img/target_4.png
46,1,234,modular,1,e,img/target_3.png
46,1,235,modular,4,b,img/target_6.png
46,1,236,modular,3,r,img/target_4.png
46,1,237,modular,0,v,img/target_5.png
46,1,238,modular,9,o,img/target_9.png
46,1,239,modular,6,w,img/target_2.png
46,1,240,modular,7,u,img/target_7.png
46,1,241,modular,8,i,img/target_8.png
46,1,242,modular,9,o,img/target_9.png
46,1,243,modular,8,i,img/target_8.png
46,1,244,modular,7,u,img/target_7.png
46,1,245,modular,8,i,img/target_8.png
46,1,246,modular,5,q,img/target_1.png
46,1,247,modular,7,u,img/target_7.png
46,1,248,modular,5,q,img/target_1.png
46,1,249,modular,8,i,img/target_8.png
46,1,250,modular,7,u,img/target_7.png
46,1,251,modular,8,i,img/target_8.png
46,1,252,modular,9,o,img/target_9.png
46,1,253,modular,0,v,img/target_5.png
46,1,254,modular,2,p,img/target_10.png
46,1,255,modular,1,e,img/target_3.png
46,1,256,modular,3,r,img/target_4.png
46,1,257,modular,2,p,img/target_10.png
46,1,258,modular,4,b,img/target_6.png
46,1,259,modular,5,q,img/target_1.png
46,1,260,modular,7,u,img/target_7.png
46,1,261,modular,5,q,img/target_1.png
46,1,262,modular,4,b,img/target_6.png
46,1,263,modular,1,e,img/target_3.png
46,1,264,modular,2,p,img/target_10.png
46,1,265,modular,3,r,img/target_4.png
46,1,266,modular,4,b,img/target_6.png
46,1,267,modular,1,e,img/target_3.png
46,1,268,modular,4,b,img/target_6.png
46,1,269,modular,3,r,img/target_4.png
46,1,270,modular,2,p,img/target_10.png
46,1,271,modular,4,b,img/target_6.png
46,1,272,modular,3,r,img/target_4.png
46,1,273,modular,1,e,img/target_3.png
46,1,274,modular,4,b,img/target_6.png
46,1,275,modular,2,p,img/target_10.png
46,1,276,modular,1,e,img/target_3.png
46,1,277,modular,4,b,img/target_6.png
46,1,278,modular,5,q,img/target_1.png
46,1,279,modular,8,i,img/target_8.png
46,1,280,modular,7,u,img/target_7.png
46,1,281,modular,6,w,img/target_2.png
46,1,282,modular,9,o,img/target_9.png
46,1,283,modular,8,i,img/target_8.png
46,1,284,modular,7,u,img/target_7.png
46,1,285,modular,8,i,img/target_8.png
46,1,286,modular,5,q,img/target_1.png
46,1,287,modular,7,u,img/target_7.png
46,1,288,modular,9,o,img/target_9.png
46,1,289,modular,0,v,img/target_5.png
46,1,290,modular,2,p,img/target_10.png
46,1,291,modular,0,v,img/target_5.png
46,1,292,modular,2,p,img/target_10.png
46,1,293,modular,3,r,img/target_4.png
46,1,294,modular,2,p,img/target_10.png
46,1,295,modular,1,e,img/target_3.png
46,1,296,modular,2,p,img/target_10.png
46,1,297,modular,4,b,img/target_6.png
46,1,298,modular,1,e,img/target_3.png
46,1,299,modular,2,p,img/target_10.png
46,1,300,modular,1,e,img/target_3.png
46,1,301,modular,3,r,img/target_4.png
46,1,302,modular,4,b,img/target_6.png
46,1,303,modular,5,q,img/target_1.png
46,1,304,modular,4,b,img/target_6.png
46,1,305,modular,3,r,img/target_4.png
46,1,306,modular,2,p,img/target_10.png
46,1,307,modular,3,r,img/target_4.png
46,1,308,modular,1,e,img/target_3.png
46,1,309,modular,4,b,img/target_6.png
46,1,310,modular,2,p,img/target_10.png
46,1,311,modular,4,b,img/target_6.png
46,1,312,modular,3,r,img/target_4.png
46,1,313,modular,4,b,img/target_6.png
46,1,314,modular,5,q,img/target_1.png
46,1,315,modular,6,w,img/target_2.png
46,1,316,modular,8,i,img/target_8.png
46,1,317,modular,6,w,img/target_2.png
46,1,318,modular,7,u,img/target_7.png
46,1,319,modular,6,w,img/target_2.png
46,1,320,modular,5,q,img/target_1.png
46,1,321,modular,7,u,img/target_7.png
46,1,322,modular,5,q,img/target_1.png
46,1,323,modular,8,i,img/target_8.png
46,1,324,modular,7,u,img/target_7.png
46,1,325,modular,8,i,img/target_8.png
46,1,326,modular,5,q,img/target_1.png
46,1,327,modular,6,w,img/target_2.png
46,1,328,modular,7,u,img/target_7.png
46,1,329,modular,9,o,img/target_9.png
46,1,330,modular,8,i,img/target_8.png
46,1,331,modular,6,w,img/target_2.png
46,1,332,modular,8,i,img/target_8.png
46,1,333,modular,9,o,img/target_9.png
46,1,334,modular,7,u,img/target_7.png
46,1,335,modular,9,o,img/target_9.png
46,1,336,modular,0,v,img/target_5.png
46,1,337,modular,2,p,img/target_10.png
46,1,338,modular,3,r,img/target_4.png
46,1,339,modular,1,e,img/target_3.png
46,1,340,modular,3,r,img/target_4.png
46,1,341,modular,1,e,img/target_3.png
46,1,342,modular,2,p,img/target_10.png
46,1,343,modular,1,e,img/target_3.png
46,1,344,modular,2,p,img/target_10.png
46,1,345,modular,0,v,img/target_5.png
46,1,346,modular,3,r,img/target_4.png
46,1,347,modular,0,v,img/target_5.png
46,1,348,modular,9,o,img/target_9.png
46,1,349,modular,7,u,img/target_7.png
46,1,350,modular,8,i,img/target_8.png
46,1,351,modular,6,w,img/target_2.png
46,1,352,modular,9,o,img/target_9.png
46,1,353,modular,8,i,img/target_8.png
46,1,354,modular,7,u,img/target_7.png
46,1,355,modular,8,i,img/target_8.png
46,1,356,modular,7,u,img/target_7.png
46,1,357,modular,9,o,img/target_9.png
46,1,358,modular,7,u,img/target_7.png
46,1,359,modular,6,w,img/target_2.png
46,1,360,modular,5,q,img/target_1.png
46,1,361,modular,6,w,img/target_2.png
46,1,362,modular,8,i,img/target_8.png
46,1,363,modular,6,w,img/target_2.png
46,1,364,modular,9,o,img/target_9.png
46,1,365,modular,6,w,img/target_2.png
46,1,366,modular,5,q,img/target_1.png
46,1,367,modular,6,w,img/target_2.png
46,1,368,modular,7,u,img/target_7.png
46,1,369,modular,5,q,img/target_1.png
46,1,370,modular,6,w,img/target_2.png
46,1,371,modular,5,q,img/target_1.png
46,1,372,modular,4,b,img/target_6.png
46,1,373,modular,5,q,img/target_1.png
46,1,374,modular,4,b,img/target_6.png
46,1,375,modular,3,r,img/target_4.png
46,1,376,modular,2,p,img/target_10.png
46,1,377,modular,0,v,img/target_5.png
46,1,378,modular,3,r,img/target_4.png
46,1,379,modular,4,b,img/target_6.png
46,1,380,modular,5,q,img/target_1.png
46,1,381,modular,6,w,img/target_2.png
46,1,382,modular,5,q,img/target_1.png
46,1,383,modular,8,i,img/target_8.png
46,1,384,modular,6,w,img/target_2.png
46,1,385,modular,9,o,img/target_9.png
46,1,386,modular,8,i,img/target_8.png
46,1,387,modular,5,q,img/target_1.png
46,1,388,modular,7,u,img/target_7.png
46,1,389,modular,5,q,img/target_1.png
46,1,390,modular,7,u,img/target_7.png
46,1,391,modular,8,i,img/target_8.png
46,1,392,modular,9,o,img/target_9.png
46,1,393,modular,7,u,img/target_7.png
46,1,394,modular,9,o,img/target_9.png
46,1,395,modular,6,w,img/target_2.png
46,1,396,modular,7,u,img/target_7.png
46,1,397,modular,6,w,img/target_2.png
46,1,398,modular,5,q,img/target_1.png
46,1,399,modular,7,u,img/target_7.png
46,1,400,modular,5,q,img/target_1.png
46,1,401,modular,7,u,img/target_7.png
46,1,402,modular,5,q,img/target_1.png
46,1,403,modular,8,i,img/target_8.png
46,1,404,modular,7,u,img/target_7.png
46,1,405,modular,5,q,img/target_1.png
46,1,406,modular,6,w,img/target_2.png
46,1,407,modular,7,u,img/target_7.png
46,1,408,modular,5,q,img/target_1.png
46,1,409,modular,7,u,img/target_7.png
46,1,410,modular,8,i,img/target_8.png
46,1,411,modular,7,u,img/target_7.png
46,1,412,modular,6,w,img/target_2.png
46,1,413,modular,8,i,img/target_8.png
46,1,414,modular,7,u,img/target_7.png
46,1,415,modular,8,i,img/target_8.png
46,1,416,modular,6,w,img/target_2.png
46,1,417,modular,5,q,img/target_1.png
46,1,418,modular,4,b,img/target_6.png
46,1,419,modular,3,r,img/target_4.png
46,1,420,modular,4,b,img/target_6.png
46,1,421,modular,5,q,img/target_1.png
46,1,422,modular,6,w,img/target_2.png
46,1,423,modular,5,q,img/target_1.png
46,1,424,modular,7,u,img/target_7.png
46,1,425,modular,8,i,img/target_8.png
46,1,426,modular,6,w,img/target_2.png
46,1,427,modular,9,o,img/target_9.png
46,1,428,modular,7,u,img/target_7.png
46,1,429,modular,6,w,img/target_2.png
46,1,430,modular,9,o,img/target_9.png
46,1,431,modular,0,v,img/target_5.png
46,1,432,modular,9,o,img/target_9.png
46,1,433,modular,7,u,img/target_7.png
46,1,434,modular,9,o,img/target_9.png
46,1,435,modular,6,w,img/target_2.png
46,1,436,modular,7,u,img/target_7.png
46,1,437,modular,8,i,img/target_8.png
46,1,438,modular,5,q,img/target_1.png
46,1,439,modular,4,b,img/target_6.png
46,1,440,modular,1,e,img/target_3.png
46,1,441,modular,0,v,img/target_5.png
46,1,442,modular,2,p,img/target_10.png
46,1,443,modular,4,b,img/target_6.png
46,1,444,modular,2,p,img/target_10.png
46,1,445,modular,0,v,img/target_5.png
46,1,446,modular,9,o,img/target_9.png
46,1,447,modular,6,w,img/target_2.png
46,1,448,modular,9,o,img/target_9.png
46,1,449,modular,7,u,img/target_7.png
46,1,450,modular,9,o,img/target_9.png
46,1,451,modular,6,w,img/target_2.png
46,1,452,modular,8,i,img/target_8.png
46,1,453,modular,6,w,img/target_2.png
46,1,454,modular,8,i,img/target_8.png
46,1,455,modular,5,q,img/target_1.png
46,1,456,modular,4,b,img/target_6.png
46,1,457,modular,1,e,img/target_3.png
46,1,458,modular,4,b,img/target_6.png
46,1,459,modular,3,r,img/target_4.png
46,1,460,modular,0,v,img/target_5.png
46,1,461,modular,1,e,img/target_3.png
46,1,462,modular,3,r,img/target_4.png
46,1,463,modular,1,e,img/target_3.png
46,1,464,modular,4,b,img/target_6.png
46,1,465,modular,5,q,img/target_1.png
46,1,466,modular,7,u,img/target_7.png
46,1,467,modular,8,i,img/target_8.png
46,1,468,modular,5,q,img/target_1.png
46,1,469,modular,8,i,img/target_8.png
46,1,470,modular,5,q,img/target_1.png
46,1,471,modular,6,w,img/target_2.png
46,1,472,modular,8,i,img/target_8.png
46,1,473,modular,7,u,img/target_7.png
46,1,474,modular,9,o,img/target_9.png
46,1,475,modular,7,u,img/target_7.png
46,1,476,modular,9,o,img/target_9.png
46,1,477,modular,7,u,img/target_7.png
46,1,478,modular,9,o,img/target_9.png
46,1,479,modular,6,w,img/target_2.png
46,1,480,modular,5,q,img/target_1.png
46,1,481,modular,4,b,img/target_6.png
46,1,482,modular,3,r,img/target_4.png
46,1,483,modular,0,v,img/target_5.png
46,1,484,modular,1,e,img/target_3.png
46,1,485,modular,2,p,img/target_10.png
46,1,486,modular,1,e,img/target_3.png
46,1,487,modular,3,r,img/target_4.png
46,1,488,modular,2,p,img/target_10.png
46,1,489,modular,0,v,img/target_5.png
46,1,490,modular,3,r,img/target_4.png
46,1,491,modular,4,b,img/target_6.png
46,1,492,modular,5,q,img/target_1.png
46,1,493,modular,8,i,img/target_8.png
46,1,494,modular,7,u,img/target_7.png
46,1,495,modular,9,o,img/target_9.png
46,1,496,modular,8,i,img/target_8.png
46,1,497,modular,9,o,img/target_9.png
46,1,498,modular,0,v,img/target_5.png
46,1,499,modular,3,r,img/target_4.png
46,1,500,modular,1,e,img/target_3.png
46,1,501,modular,2,p,img/target_10.png
46,1,502,modular,1,e,img/target_3.png
46,1,503,modular,2,p,img/target_10.png
46,1,504,modular,1,e,img/target_3.png
46,1,505,modular,2,p,img/target_10.png
46,1,506,modular,1,e,img/target_3.png
46,1,507,modular,3,r,img/target_4.png
46,1,508,modular,0,v,img/target_5.png
46,1,509,modular,2,p,img/target_10.png
46,1,510,modular,4,b,img/target_6.png
46,1,511,modular,1,e,img/target_3.png
46,1,512,modular,3,r,img/target_4.png
46,1,513,modular,2,p,img/target_10.png
46,1,514,modular,3,r,img/target_4.png
46,1,515,modular,2,p,img/target_10.png
46,1,516,modular,1,e,img/target_3.png
46,1,517,modular,0,v,img/target_5.png
46,1,518,modular,3,r,img/target_4.png
46,1,519,modular,4,b,img/target_6.png
46,1,520,modular,1,e,img/target_3.png
46,1,521,modular,3,r,img/target_4.png
46,1,522,modular,0,v,img/target_5.png
46,1,523,modular,2,p,img/target_10.png
46,1,524,modular,4,b,img/target_6.png
46,1,525,modular,3,r,img/target_4.png
46,1,526,modular,0,v,img/target_5.png
46,1,527,modular,1,e,img/target_3.png
46,1,528,modular,3,r,img/target_4.png
46,1,529,modular,0,v,img/target_5.png
46,1,530,modular,1,e,img/target_3.png
46,1,531,modular,0,v,img/target_5.png
46,1,532,modular,3,r,img/target_4.png
46,1,533,modular,0,v,img/target_5.png
46,1,534,modular,1,e,img/target_3.png
46,1,535,modular,0,v,img/target_5.png
46,1,536,modular,2,p,img/target_10.png
46,1,537,modular,0,v,img/target_5.png
46,1,538,modular,9,o,img/target_9.png
46,1,539,modular,7,u,img/target_7.png
46,1,540,modular,8,i,img/target_8.png
46,1,541,modular,6,w,img/target_2.png
46,1,542,modular,8,i,img/target_8.png
46,1,543,modular,7,u,img/target_7.png
46,1,544,modular,5,q,img/target_1.png
46,1,545,modular,4,b,img/target_6.png
46,1,546,modular,2,p,img/target_10.png
46,1,547,modular,0,v,img/target_5.png
46,1,548,modular,2,p,img/target_10.png
46,1,549,modular,3,r,img/target_4.png
46,1,550,modular,2,p,img/target_10.png
46,1,551,modular,0,v,img/target_5.png
46,1,552,modular,1,e,img/target_3.png
46,1,553,modular,3,r,img/target_4.png
46,1,554,modular,1,e,img/target_3.png
46,1,555,modular,3,r,img/target_4.png
46,1,556,modular,4,b,img/target_6.png
46,1,557,modular,1,e,img/target_3.png
46,1,558,modular,3,r,img/target_4.png
46,1,559,modular,2,p,img/target_10.png
46,1,560,modular,4,b,img/target_6.png
46,1,561,modular,5,q,img/target_1.png
46,1,562,modular,4,b,img/target_6.png
46,1,563,modular,3,r,img/target_4.png
46,1,564,modular,4,b,img/target_6.png
46,1,565,modular,1,e,img/target_3.png
46,1,566,modular,4,b,img/target_6.png
46,1,567,modular,2,p,img/target_10.png
46,1,568,modular,3,r,img/target_4.png
46,1,569,modular,2,p,img/target_10.png
46,1,570,modular,0,v,img/target_5.png
46,1,571,modular,3,r,img/target_4.png
46,1,572,modular,0,v,img/target_5.png
46,1,573,modular,3,r,img/target_4.png
46,1,574,modular,2,p,img/target_10.png
46,1,575,modular,0,v,img/target_5.png
46,1,576,modular,2,p,img/target_10.png
46,1,577,modular,1,e,img/target_3.png
46,1,578,modular,0,v,img/target_5.png
46,1,579,modular,1,e,img/target_3.png
46,1,580,modular,3,r,img/target_4.png
46,1,581,modular,1,e,img/target_3.png
46,1,582,modular,0,v,img/target_5.png
46,1,583,modular,9,o,img/target_9.png
46,1,584,modular,7,u,img/target_7.png
46,1,585,modular,5,q,img/target_1.png
46,1,586,modular,8,i,img/target_8.png
46,1,587,modular,5,q,img/target_1.png
46,1,588,modular,7,u,img/target_7.png
46,1,589,modular,9,o,img/target_9.png
46,1,590,modular,0,v,img/target_5.png
46,1,591,modular,2,p,img/target_10.png
46,1,592,modular,1,e,img/target_3.png
46,1,593,modular,3,r,img/target_4.png
46,1,594,modular,4,b,img/target_6.png
46,1,595,modular,2,p,img/target_10.png
46,1,596,modular,1,e,img/target_3.png
46,1,597,modular,3,r,img/target_4.png
46,1,598,modular,2,p,img/target_10.png
46,1,599,modular,4,b,img/target_6.png
46,1,600,modular,2,p,img/target_10.png
46,1,601,modular,3,r,img/target_4.png
46,1,602,modular,1,e,img/target_3.png
46,1,603,modular,3,r,img/target_4.png
46,1,604,modular,2,p,img/target_10.png
46,1,605,modular,0,v,img/target_5.png
46,1,606,modular,9,o,img/target_9.png
46,1,607,modular,7,u,img/target_7.png
46,1,608,modular,9,o,img/target_9.png
46,1,609,modular,7,u,img/target_7.png
46,1,610,modular,9,o,img/target_9.png
46,1,611,modular,0,v,img/target_5.png
46,1,612,modular,1,e,img/target_3.png
46,1,613,modular,0,v,img/target_5.png
46,1,614,modular,9,o,img/target_9.png
46,1,615,modular,8,i,img/target_8.png
46,1,616,modular,7,u,img/target_7.png
46,1,617,modular,5,q,img/target_1.png
46,1,618,modular,6,w,img/target_2.png
46,1,619,modular,5,q,img/target_1.png
46,1,620,modular,6,w,img/target_2.png
46,1,621,modular,5,q,img/target_1.png
46,1,622,modular,7,u,img/target_7.png
46,1,623,modular,5,q,img/target_1.png
46,1,624,modular,8,i,img/target_8.png
46,1,625,modular,7,u,img/target_7.png
46,1,626,modular,8,i,img/target_8.png
46,1,627,modular,5,q,img/target_1.png
46,1,628,modular,4,b,img/target_6.png
46,1,629,modular,1,e,img/target_3.png
46,1,630,modular,0,v,img/target_5.png
46,1,631,modular,9,o,img/target_9.png
46,1,632,modular,7,u,img/target_7.png
46,1,633,modular,5,q,img/target_1.png
46,1,634,modular,6,w,img/target_2.png
46,1,635,modular,8,i,img/target_8.png
46,1,636,modular,5,q,img/target_1.png
46,1,637,modular,4,b,img/target_6.png
46,1,638,modular,3,r,img/target_4.png
46,1,639,modular,0,v,img/target_5.png
46,1,640,modular,9,o,img/target_9.png
46,1,641,modular,0,v,img/target_5.png
46,1,642,modular,3,r,img/target_4.png
46,1,643,modular,4,b,img/target_6.png
46,1,644,modular,2,p,img/target_10.png
46,1,645,modular,4,b,img/target_6.png
46,1,646,modular,1,e,img/target_3.png
46,1,647,modular,2,p,img/target_10.png
46,1,648,modular,3,r,img/target_4.png
46,1,649,modular,4,b,img/target_6.png
46,1,650,modular,3,r,img/target_4.png
46,1,651,modular,4,b,img/target_6.png
46,1,652,modular,1,e,img/target_3.png
46,1,653,modular,4,b,img/target_6.png
46,1,654,modular,1,e,img/target_3.png
46,1,655,modular,3,r,img/target_4.png
46,1,656,modular,1,e,img/target_3.png
46,1,657,modular,3,r,img/target_4.png
46,1,658,modular,0,v,img/target_5.png
46,1,659,modular,9,o,img/target_9.png
46,1,660,modular,6,w,img/target_2.png
46,1,661,modular,9,o,img/target_9.png
46,1,662,modular,0,v,img/target_5.png
46,1,663,modular,2,p,img/target_10.png
46,1,664,modular,1,e,img/target_3.png
46,1,665,modular,4,b,img/target_6.png
46,1,666,modular,3,r,img/target_4.png
46,1,667,modular,4,b,img/target_6.png
46,1,668,modular,5,q,img/target_1.png
46,1,669,modular,8,i,img/target_8.png
46,1,670,modular,5,q,img/target_1.png
46,1,671,modular,4,b,img/target_6.png
46,1,672,modular,1,e,img/target_3.png
46,1,673,modular,2,p,img/target_10.png
46,1,674,modular,3,r,img/target_4.png
46,1,675,modular,4,b,img/target_6.png
46,1,676,modular,5,q,img/target_1.png
46,1,677,modular,4,b,img/target_6.png
46,1,678,modular,3,r,img/target_4.png
46,1,679,modular,2,p,img/target_10.png
46,1,680,modular,1,e,img/target_3.png
46,1,681,modular,0,v,img/target_5.png
46,1,682,modular,2,p,img/target_10.png
46,1,683,modular,4,b,img/target_6.png
46,1,684,modular,2,p,img/target_10.png
46,1,685,modular,4,b,img/target_6.png
46,1,686,modular,5,q,img/target_1.png
46,1,687,modular,6,w,img/target_2.png
46,1,688,modular,7,u,img/target_7.png
46,1,689,modular,5,q,img/target_1.png
46,1,690,modular,7,u,img/target_7.png
46,1,691,modular,6,w,img/target_2.png
46,1,692,modular,5,q,img/target_1.png
46,1,693,modular,4,b,img/target_6.png
46,1,694,modular,5,q,img/target_1.png
46,1,695,modular,8,i,img/target_8.png
46,1,696,modular,6,w,img/target_2.png
46,1,697,modular,5,q,img/target_1.png
46,1,698,modular,8,i,img/target_8.png
46,1,699,modular,5,q,img/target_1.png
46,1,700,modular,6,w,img/target_2.png
46,1,701,modular,8,i,img/target_8.png
46,1,702,modular,6,w,img/target_2.png
46,1,703,modular,9,o,img/target_9.png
46,1,704,modular,6,w,img/target_2.png
46,1,705,modular,8,i,img/target_8.png
46,1,706,modular,7,u,img/target_7.png
46,1,707,modular,6,w,img/target_2.png
46,1,708,modular,9,o,img/target_9.png
46,1,709,modular,8,i,img/target_8.png
46,1,710,modular,9,o,img/target_9.png
46,1,711,modular,7,u,img/target_7.png
46,1,712,modular,6,w,img/target_2.png
46,1,713,modular,8,i,img/target_8.png
46,1,714,modular,6,w,img/target_2.png
46,1,715,modular,8,i,img/target_8.png
46,1,716,modular,9,o,img/target_9.png
46,1,717,modular,6,w,img/target_2.png
46,1,718,modular,5,q,img/target_1.png
46,1,719,modular,6,w,img/target_2.png
46,1,720,modular,5,q,img/target_1.png
46,1,721,modular,6,w,img/target_2.png
46,1,722,modular,9,o,img/target_9.png
46,1,723,modular,6,w,img/target_2.png
46,1,724,modular,7,u,img/target_7.png
46,1,725,modular,9,o,img/target_9.png
46,1,726,modular,7,u,img/target_7.png
46,1,727,modular,6,w,img/target_2.png
46,1,728,modular,5,q,img/target_1.png
46,1,729,modular,4,b,img/target_6.png
46,1,730,modular,1,e,img/target_3.png
46,1,731,modular,0,v,img/target_5.png
46,1,732,modular,2,p,img/target_10.png
46,1,733,modular,1,e,img/target_3.png
46,1,734,modular,0,v,img/target_5.png
46,1,735,modular,9,o,img/target_9.png
46,1,736,modular,8,i,img/target_8.png
46,1,737,modular,6,w,img/target_2.png
46,1,738,modular,8,i,img/target_8.png
46,1,739,modular,5,q,img/target_1.png
46,1,740,modular,7,u,img/target_7.png
46,1,741,modular,8,i,img/target_8.png
46,1,742,modular,5,q,img/target_1.png
46,1,743,modular,8,i,img/target_8.png
46,1,744,modular,5,q,img/target_1.png
46,1,745,modular,6,w,img/target_2.png
46,1,746,modular,8,i,img/target_8.png
46,1,747,modular,9,o,img/target_9.png
46,1,748,modular,0,v,img/target_5.png
46,1,749,modular,9,o,img/target_9.png
46,1,750,modular,0,v,img/target_5.png
46,1,751,modular,3,r,img/target_4.png
46,1,752,modular,4,b,img/target_6.png
46,1,753,modular,1,e,img/target_3.png
46,1,754,modular,3,r,img/target_4.png
46,1,755,modular,1,e,img/target_3.png
46,1,756,modular,0,v,img/target_5.png
46,1,757,modular,2,p,img/target_10.png
46,1,758,modular,1,e,img/target_3.png
46,1,759,modular,3,r,img/target_4.png
46,1,760,modular,2,p,img/target_10.png
46,1,761,modular,4,b,img/target_6.png
46,1,762,modular,2,p,img/target_10.png
46,1,763,modular,3,r,img/target_4.png
46,1,764,modular,1,e,img/target_3.png
46,1,765,modular,0,v,img/target_5.png
46,1,766,modular,1,e,img/target_3.png
46,1,767,modular,2,p,img/target_10.png
46,1,768,modular,3,r,img/target_4.png
46,1,769,modular,2,p,img/target_10.png
46,1,770,modular,1,e,img/target_3.png
46,1,771,modular,4,b,img/target_6.png
46,1,772,modular,3,r,img/target_4.png
46,1,773,modular,2,p,img/target_10.png
46,1,774,modular,0,v,img/target_5.png
46,1,775,modular,3,r,img/target_4.png
46,1,776,modular,2,p,img/target_10.png
46,1,777,modular,1,e,img/target_3.png
46,1,778,modular,0,v,img/target_5.png
46,1,779,modular,3,r,img/target_4.png
46,1,780,modular,2,p,img/target_10.png
46,1,781,modular,0,v,img/target_5.png
46,1,782,modular,2,p,img/target_10.png
46,1,783,modular,4,b,img/target_6.png
46,1,784,modular,3,r,img/target_4.png
46,1,785,modular,0,v,img/target_5.png
46,1,786,modular,2,p,img/target_10.png
46,1,787,modular,1,e,img/target_3.png
46,1,788,modular,4,b,img/target_6.png
46,1,789,modular,1,e,img/target_3.png
46,1,790,modular,4,b,img/target_6.png
46,1,791,modular,3,r,img/target_4.png
46,1,792,modular,4,b,img/target_6.png
46,1,793,modular,2,p,img/target_10.png
46,1,794,modular,4,b,img/target_6.png
46,1,795,modular,2,p,img/target_10.png
46,1,796,modular,0,v,img/target_5.png
46,1,797,modular,1,e,img/target_3.png
46,1,798,modular,0,v,img/target_5.png
46,1,799,modular,2,p,img/target_10.png
46,1,800,modular,3,r,img/target_4.png
46,1,801,modular,1,e,img/target_3.png
46,1,802,modular,4,b,img/target_6.png
46,1,803,modular,1,e,img/target_3.png
46,1,804,modular,2,p,img/target_10.png
46,1,805,modular,3,r,img/target_4.png
46,1,806,modular,4,b,img/target_6.png
46,1,807,modular,5,q,img/target_1.png
46,1,808,modular,7,u,img/target_7.png
46,1,809,modular,9,o,img/target_9.png
46,1,810,modular,7,u,img/target_7.png
46,1,811,modular,8,i,img/target_8.png
46,1,812,modular,9,o,img/target_9.png
46,1,813,modular,7,u,img/target_7.png
46,1,814,modular,6,w,img/target_2.png
46,1,815,modular,7,u,img/target_7.png
46,1,816,modular,8,i,img/target_8.png
46,1,817,modular,5,q,img/target_1.png
46,1,818,modular,4,b,img/target_6.png
46,1,819,modular,3,r,img/target_4.png
46,1,820,modular,2,p,img/target_10.png
46,1,821,modular,3,r,img/target_4.png
46,1,822,modular,0,v,img/target_5.png
46,1,823,modular,2,p,img/target_10.png
46,1,824,modular,3,r,img/target_4.png
46,1,825,modular,0,v,img/target_5.png
46,1,826,modular,2,p,img/target_10.png
46,1,827,modular,1,e,img/target_3.png
46,1,828,modular,4,b,img/target_6.png
46,1,829,modular,1,e,img/target_3.png
46,1,830,modular,4,b,img/target_6.png
46,1,831,modular,2,p,img/target_10.png
46,1,832,modular,1,e,img/target_3.png
46,1,833,modular,4,b,img/target_6.png
46,1,834,modular,1,e,img/target_3.png
46,1,835,modular,0,v,img/target_5.png
46,1,836,modular,9,o,img/target_9.png
46,1,837,modular,0,v,img/target_5.png
46,1,838,modular,9,o,img/target_9.png
46,1,839,modular,0,v,img/target_5.png
46,1,840,modular,9,o,img/target_9.png
46,1,841,modular,8,i,img/target_8.png
46,1,842,modular,5,q,img/target_1.png
46,1,843,modular,6,w,img/target_2.png
46,1,844,modular,9,o,img/target_9.png
46,1,845,modular,0,v,img/target_5.png
46,1,846,modular,3,r,img/target_4.png
46,1,847,modular,0,v,img/target_5.png
46,1,848,modular,1,e,img/target_3.png
46,1,849,modular,4,b,img/target_6.png
46,1,850,modular,2,p,img/target_10.png
46,1,851,modular,0,v,img/target_5.png
46,1,852,modular,2,p,img/target_10.png
46,1,853,modular,0,v,img/target_5.png
46,1,854,modular,3,r,img/target_4.png
46,1,855,modular,1,e,img/target_3.png
46,1,856,modular,4,b,img/target_6.png
46,1,857,modular,3,r,img/target_4.png
46,1,858,modular,1,e,img/target_3.png
46,1,859,modular,2,p,img/target_10.png
46,1,860,modular,0,v,img/target_5.png
46,1,861,modular,3,r,img/target_4.png
46,1,862,modular,2,p,img/target_10.png
46,1,863,modular,3,r,img/target_4.png
46,1,864,modular,1,e,img/target_3.png
46,1,865,modular,0,v,img/target_5.png
46,1,866,modular,1,e,img/target_3.png
46,1,867,modular,4,b,img/target_6.png
46,1,868,modular,3,r,img/target_4.png
46,1,869,modular,0,v,img/target_5.png
46,1,870,modular,3,r,img/target_4.png
46,1,871,modular,0,v,img/target_5.png
46,1,872,modular,9,o,img/target_9.png
46,1,873,modular,8,i,img/target_8.png
46,1,874,modular,6,w,img/target_2.png
46,1,875,modular,8,i,img/target_8.png
46,1,876,modular,7,u,img/target_7.png
46,1,877,modular,6,w,img/target_2.png
46,1,878,modular,8,i,img/target_8.png
46,1,879,modular,9,o,img/target_9.png
46,1,880,modular,7,u,img/target_7.png
46,1,881,modular,5,q,img/target_1.png
46,1,882,modular,8,i,img/target_8.png
46,1,883,modular,5,q,img/target_1.png
46,1,884,modular,7,u,img/target_7.png
46,1,885,modular,6,w,img/target_2.png
46,1,886,modular,7,u,img/target_7.png
46,1,887,modular,9,o,img/target_9.png
46,1,888,modular,0,v,img/target_5.png
46,1,889,modular,1,e,img/target_3.png
46,1,890,modular,4,b,img/target_6.png
46,1,891,modular,1,e,img/target_3.png
46,1,892,modular,4,b,img/target_6.png
46,1,893,modular,1,e,img/target_3.png
46,1,894,modular,0,v,img/target_5.png
46,1,895,modular,3,r,img/target_4.png
46,1,896,modular,1,e,img/target_3.png
46,1,897,modular,3,r,img/target_4.png
46,1,898,modular,0,v,img/target_5.png
46,1,899,modular,2,p,img/target_10.png
46,1,900,modular,0,v,img/target_5.png
46,1,901,modular,2,p,img/target_10.png
46,1,902,modular,3,r,img/target_4.png
46,1,903,modular,1,e,img/target_3.png
46,1,904,modular,4,b,img/target_6.png
46,1,905,modular,1,e,img/target_3.png
46,1,906,modular,2,p,img/target_10.png
46,1,907,modular,4,b,img/target_6.png
46,1,908,modular,1,e,img/target_3.png
46,1,909,modular,2,p,img/target_10.png
46,1,910,modular,1,e,img/target_3.png
46,1,911,modular,0,v,img/target_5.png
46,1,912,modular,2,p,img/target_10.png
46,1,913,modular,3,r,img/target_4.png
46,1,914,modular,4,b,img/target_6.png
46,1,915,modular,3,r,img/target_4.png
46,1,916,modular,1,e,img/target_3.png
46,1,917,modular,4,b,img/target_6.png
46,1,918,modular,2,p,img/target_10.png
46,1,919,modular,1,e,img/target_3.png
46,1,920,modular,3,r,img/target_4.png
46,1,921,modular,2,p,img/target_10.png
46,1,922,modular,4,b,img/target_6.png
46,1,923,modular,3,r,img/target_4.png
46,1,924,modular,4,b,img/target_6.png
46,1,925,modular,1,e,img/target_3.png
46,1,926,modular,4,b,img/target_6.png
46,1,927,modular,1,e,img/target_3.png
46,1,928,modular,3,r,img/target_4.png
46,1,929,modular,0,v,img/target_5.png
46,1,930,modular,2,p,img/target_10.png
46,1,931,modular,3,r,img/target_4.png
46,1,932,modular,0,v,img/target_5.png
46,1,933,modular,9,o,img/target_9.png
46,1,934,modular,6,w,img/target_2.png
46,1,935,modular,8,i,img/target_8.png
46,1,936,modular,7,u,img/target_7.png
46,1,937,modular,5,q,img/target_1.png
46,1,938,modular,7,u,img/target_7.png
46,1,939,modular,6,w,img/target_2.png
46,1,940,modular,5,q,img/target_1.png
46,1,941,modular,6,w,img/target_2.png
46,1,942,modular,7,u,img/target_7.png
46,1,943,modular,9,o,img/target_9.png
46,1,944,modular,6,w,img/target_2.png
46,1,945,modular,7,u,img/target_7.png
46,1,946,modular,8,i,img/target_8.png
46,1,947,modular,7,u,img/target_7.png
46,1,948,modular,5,q,img/target_1.png
46,1,949,modular,7,u,img/target_7.png
46,1,950,modular,8,i,img/target_8.png
46,1,951,modular,9,o,img/target_9.png
46,1,952,modular,7,u,img/target_7.png
46,1,953,modular,5,q,img/target_1.png
46,1,954,modular,6,w,img/target_2.png
46,1,955,modular,9,o,img/target_9.png
46,1,956,modular,0,v,img/target_5.png
46,1,957,modular,2,p,img/target_10.png
46,1,958,modular,0,v,img/target_5.png
46,1,959,modular,2,p,img/target_10.png
46,1,960,modular,4,b,img/target_6.png
46,1,961,modular,1,e,img/target_3.png
46,1,962,modular,4,b,img/target_6.png
46,1,963,modular,1,e,img/target_3.png
46,1,964,modular,2,p,img/target_10.png
46,1,965,modular,1,e,img/target_3.png
46,1,966,modular,0,v,img/target_5.png
46,1,967,modular,2,p,img/target_10.png
46,1,968,modular,4,b,img/target_6.png
46,1,969,modular,5,q,img/target_1.png
46,1,970,modular,7,u,img/target_7.png
46,1,971,modular,8,i,img/target_8.png
46,1,972,modular,5,q,img/target_1.png
46,1,973,modular,6,w,img/target_2.png
46,1,974,modular,7,u,img/target_7.png
46,1,975,modular,8,i,img/target_8.png
46,1,976,modular,6,w,img/target_2.png
46,1,977,modular,9,o,img/target_9.png
46,1,978,modular,8,i,img/target_8.png
46,1,979,modular,7,u,img/target_7.png
46,1,980,modular,8,i,img/target_8.png
46,1,981,modular,6,w,img/target_2.png
46,1,982,modular,5,q,img/target_1.png
46,1,983,modular,8,i,img/target_8.png
46,1,984,modular,7,u,img/target_7.png
46,1,985,modular,5,q,img/target_1.png
46,1,986,modular,8,i,img/target_8.png
46,1,987,modular,6,w,img/target_2.png
46,1,988,modular,8,i,img/target_8.png
46,1,989,modular,5,q,img/target_1.png
46,1,990,modular,7,u,img/target_7.png
46,1,991,modular,6,w,img/target_2.png
46,1,992,modular,7,u,img/target_7.png
46,1,993,modular,5,q,img/target_1.png
46,1,994,modular,8,i,img/target_8.png
46,1,995,modular,6,w,img/target_2.png
46,1,996,modular,5,q,img/target_1.png
46,1,997,modular,6,w,img/target_2.png
46,1,998,modular,5,q,img/target_1.png
46,1,999,modular,7,u,img/target_7.png
46,1,1000,modular,6,w,img/target_2.png
