pID,sess,trialNum,graph,walk,resp,path
49,2,1,lattice,4,b,img/target_6.png
49,2,2,lattice,6,q,img/target_1.png
49,2,3,lattice,7,o,img/target_9.png
49,2,4,lattice,6,q,img/target_1.png
49,2,5,lattice,8,i,img/target_8.png
49,2,6,lattice,9,e,img/target_3.png
49,2,7,lattice,0,w,img/target_2.png
49,2,8,lattice,8,i,img/target_8.png
49,2,9,lattice,9,e,img/target_3.png
49,2,10,lattice,1,u,img/target_7.png
49,2,11,lattice,3,v,img/target_5.png
49,2,12,lattice,2,p,img/target_10.png
49,2,13,lattice,4,b,img/target_6.png
49,2,14,lattice,3,v,img/target_5.png
49,2,15,lattice,5,r,img/target_4.png
49,2,16,lattice,3,v,img/target_5.png
49,2,17,lattice,2,p,img/target_10.png
49,2,18,lattice,4,b,img/target_6.png
49,2,19,lattice,5,r,img/target_4.png
49,2,20,lattice,4,b,img/target_6.png
49,2,21,lattice,5,r,img/target_4.png
49,2,22,lattice,3,v,img/target_5.png
49,2,23,lattice,5,r,img/target_4.png
49,2,24,lattice,6,q,img/target_1.png
49,2,25,lattice,4,b,img/target_6.png
49,2,26,lattice,3,v,img/target_5.png
49,2,27,lattice,1,u,img/target_7.png
49,2,28,lattice,2,p,img/target_10.png
49,2,29,lattice,0,w,img/target_2.png
49,2,30,lattice,2,p,img/target_10.png
49,2,31,lattice,4,b,img/target_6.png
49,2,32,lattice,6,q,img/target_1.png
49,2,33,lattice,8,i,img/target_8.png
49,2,34,lattice,0,w,img/target_2.png
49,2,35,lattice,8,i,img/target_8.png
49,2,36,lattice,6,q,img/target_1.png
49,2,37,lattice,7,o,img/target_9.png
49,2,38,lattice,9,e,img/target_3.png
49,2,39,lattice,1,u,img/target_7.png
49,2,40,lattice,0,w,img/target_2.png
49,2,41,lattice,1,u,img/target_7.png
49,2,42,lattice,2,p,img/target_10.png
49,2,43,lattice,4,b,img/target_6.png
49,2,44,lattice,5,r,img/target_4.png
49,2,45,lattice,7,o,img/target_9.png
49,2,46,lattice,6,q,img/target_1.png
49,2,47,lattice,5,r,img/target_4.png
49,2,48,lattice,7,o,img/target_9.png
49,2,49,lattice,9,e,img/target_3.png
49,2,50,lattice,8,i,img/target_8.png
49,2,51,lattice,6,q,img/target_1.png
49,2,52,lattice,5,r,img/target_4.png
49,2,53,lattice,6,q,img/target_1.png
49,2,54,lattice,7,o,img/target_9.png
49,2,55,lattice,8,i,img/target_8.png
49,2,56,lattice,6,q,img/target_1.png
49,2,57,lattice,7,o,img/target_9.png
49,2,58,lattice,8,i,img/target_8.png
49,2,59,lattice,6,q,img/target_1.png
49,2,60,lattice,4,b,img/target_6.png
49,2,61,lattice,2,p,img/target_10.png
49,2,62,lattice,3,v,img/target_5.png
49,2,63,lattice,5,r,img/target_4.png
49,2,64,lattice,3,v,img/target_5.png
49,2,65,lattice,1,u,img/target_7.png
49,2,66,lattice,3,v,img/target_5.png
49,2,67,lattice,1,u,img/target_7.png
49,2,68,lattice,9,e,img/target_3.png
49,2,69,lattice,7,o,img/target_9.png
49,2,70,lattice,5,r,img/target_4.png
49,2,71,lattice,6,q,img/target_1.png
49,2,72,lattice,7,o,img/target_9.png
49,2,73,lattice,8,i,img/target_8.png
49,2,74,lattice,7,o,img/target_9.png
49,2,75,lattice,6,q,img/target_1.png
49,2,76,lattice,8,i,img/target_8.png
49,2,77,lattice,0,w,img/target_2.png
49,2,78,lattice,1,u,img/target_7.png
49,2,79,lattice,2,p,img/target_10.png
49,2,80,lattice,0,w,img/target_2.png
49,2,81,lattice,9,e,img/target_3.png
49,2,82,lattice,7,o,img/target_9.png
49,2,83,lattice,8,i,img/target_8.png
49,2,84,lattice,0,w,img/target_2.png
49,2,85,lattice,8,i,img/target_8.png
49,2,86,lattice,0,w,img/target_2.png
49,2,87,lattice,2,p,img/target_10.png
49,2,88,lattice,1,u,img/target_7.png
49,2,89,lattice,9,e,img/target_3.png
49,2,90,lattice,8,i,img/target_8.png
49,2,91,lattice,0,w,img/target_2.png
49,2,92,lattice,8,i,img/target_8.png
49,2,93,lattice,6,q,img/target_1.png
49,2,94,lattice,8,i,img/target_8.png
49,2,95,lattice,0,w,img/target_2.png
49,2,96,lattice,2,p,img/target_10.png
49,2,97,lattice,1,u,img/target_7.png
49,2,98,lattice,3,v,img/target_5.png
49,2,99,lattice,1,u,img/target_7.png
49,2,100,lattice,3,v,img/target_5.png
49,2,101,lattice,1,u,img/target_7.png
49,2,102,lattice,9,e,img/target_3.png
49,2,103,lattice,0,w,img/target_2.png
49,2,104,lattice,8,i,img/target_8.png
49,2,105,lattice,7,o,img/target_9.png
49,2,106,lattice,6,q,img/target_1.png
49,2,107,lattice,5,r,img/target_4.png
49,2,108,lattice,3,v,img/target_5.png
49,2,109,lattice,1,u,img/target_7.png
49,2,110,lattice,9,e,img/target_3.png
49,2,111,lattice,0,w,img/target_2.png
49,2,112,lattice,1,u,img/target_7.png
49,2,113,lattice,0,w,img/target_2.png
49,2,114,lattice,1,u,img/target_7.png
49,2,115,lattice,9,e,img/target_3.png
49,2,116,lattice,0,w,img/target_2.png
49,2,117,lattice,8,i,img/target_8.png
49,2,118,lattice,9,e,img/target_3.png
49,2,119,lattice,0,w,img/target_2.png
49,2,120,lattice,9,e,img/target_3.png
49,2,121,lattice,8,i,img/target_8.png
49,2,122,lattice,0,w,img/target_2.png
49,2,123,lattice,2,p,img/target_10.png
49,2,124,lattice,3,v,img/target_5.png
49,2,125,lattice,1,u,img/target_7.png
49,2,126,lattice,9,e,img/target_3.png
49,2,127,lattice,0,w,img/target_2.png
49,2,128,lattice,9,e,img/target_3.png
49,2,129,lattice,7,o,img/target_9.png
49,2,130,lattice,6,q,img/target_1.png
49,2,131,lattice,4,b,img/target_6.png
49,2,132,lattice,2,p,img/target_10.png
49,2,133,lattice,0,w,img/target_2.png
49,2,134,lattice,1,u,img/target_7.png
49,2,135,lattice,3,v,img/target_5.png
49,2,136,lattice,2,p,img/target_10.png
49,2,137,lattice,1,u,img/target_7.png
49,2,138,lattice,0,w,img/target_2.png
49,2,139,lattice,9,e,img/target_3.png
49,2,140,lattice,1,u,img/target_7.png
49,2,141,lattice,9,e,img/target_3.png
49,2,142,lattice,0,w,img/target_2.png
49,2,143,lattice,2,p,img/target_10.png
49,2,144,lattice,3,v,img/target_5.png
49,2,145,lattice,4,b,img/target_6.png
49,2,146,lattice,2,p,img/target_10.png
49,2,147,lattice,3,v,img/target_5.png
49,2,148,lattice,2,p,img/target_10.png
49,2,149,lattice,0,w,img/target_2.png
49,2,150,lattice,1,u,img/target_7.png
49,2,151,lattice,2,p,img/target_10.png
49,2,152,lattice,0,w,img/target_2.png
49,2,153,lattice,8,i,img/target_8.png
49,2,154,lattice,6,q,img/target_1.png
49,2,155,lattice,4,b,img/target_6.png
49,2,156,lattice,2,p,img/target_10.png
49,2,157,lattice,1,u,img/target_7.png
49,2,158,lattice,0,w,img/target_2.png
49,2,159,lattice,9,e,img/target_3.png
49,2,160,lattice,7,o,img/target_9.png
49,2,161,lattice,8,i,img/target_8.png
49,2,162,lattice,6,q,img/target_1.png
49,2,163,lattice,8,i,img/target_8.png
49,2,164,lattice,7,o,img/target_9.png
49,2,165,lattice,6,q,img/target_1.png
49,2,166,lattice,5,r,img/target_4.png
49,2,167,lattice,6,q,img/target_1.png
49,2,168,lattice,7,o,img/target_9.png
49,2,169,lattice,8,i,img/target_8.png
49,2,170,lattice,0,w,img/target_2.png
49,2,171,lattice,9,e,img/target_3.png
49,2,172,lattice,8,i,img/target_8.png
49,2,173,lattice,0,w,img/target_2.png
49,2,174,lattice,2,p,img/target_10.png
49,2,175,lattice,0,w,img/target_2.png
49,2,176,lattice,1,u,img/target_7.png
49,2,177,lattice,0,w,img/target_2.png
49,2,178,lattice,1,u,img/target_7.png
49,2,179,lattice,3,v,img/target_5.png
49,2,180,lattice,5,r,img/target_4.png
49,2,181,lattice,6,q,img/target_1.png
49,2,182,lattice,4,b,img/target_6.png
49,2,183,lattice,3,v,img/target_5.png
49,2,184,lattice,4,b,img/target_6.png
49,2,185,lattice,2,p,img/target_10.png
49,2,186,lattice,1,u,img/target_7.png
49,2,187,lattice,2,p,img/target_10.png
49,2,188,lattice,1,u,img/target_7.png
49,2,189,lattice,2,p,img/target_10.png
49,2,190,lattice,0,w,img/target_2.png
49,2,191,lattice,9,e,img/target_3.png
49,2,192,lattice,1,u,img/target_7.png
49,2,193,lattice,3,v,img/target_5.png
49,2,194,lattice,2,p,img/target_10.png
49,2,195,lattice,1,u,img/target_7.png
49,2,196,lattice,0,w,img/target_2.png
49,2,197,lattice,8,i,img/target_8.png
49,2,198,lattice,9,e,img/target_3.png
49,2,199,lattice,7,o,img/target_9.png
49,2,200,lattice,8,i,img/target_8.png
49,2,201,lattice,9,e,img/target_3.png
49,2,202,lattice,0,w,img/target_2.png
49,2,203,lattice,8,i,img/target_8.png
49,2,204,lattice,6,q,img/target_1.png
49,2,205,lattice,7,o,img/target_9.png
49,2,206,lattice,5,r,img/target_4.png
49,2,207,lattice,3,v,img/target_5.png
49,2,208,lattice,4,b,img/target_6.png
49,2,209,lattice,5,r,img/target_4.png
49,2,210,lattice,3,v,img/target_5.png
49,2,211,lattice,1,u,img/target_7.png
49,2,212,lattice,3,v,img/target_5.png
49,2,213,lattice,5,r,img/target_4.png
49,2,214,lattice,7,o,img/target_9.png
49,2,215,lattice,5,r,img/target_4.png
49,2,216,lattice,6,q,img/target_1.png
49,2,217,lattice,7,o,img/target_9.png
49,2,218,lattice,6,q,img/target_1.png
49,2,219,lattice,8,i,img/target_8.png
49,2,220,lattice,9,e,img/target_3.png
49,2,221,lattice,1,u,img/target_7.png
49,2,222,lattice,0,w,img/target_2.png
49,2,223,lattice,1,u,img/target_7.png
49,2,224,lattice,2,p,img/target_10.png
49,2,225,lattice,4,b,img/target_6.png
49,2,226,lattice,6,q,img/target_1.png
49,2,227,lattice,5,r,img/target_4.png
49,2,228,lattice,7,o,img/target_9.png
49,2,229,lattice,8,i,img/target_8.png
49,2,230,lattice,0,w,img/target_2.png
49,2,231,lattice,9,e,img/target_3.png
49,2,232,lattice,7,o,img/target_9.png
49,2,233,lattice,9,e,img/target_3.png
49,2,234,lattice,7,o,img/target_9.png
49,2,235,lattice,8,i,img/target_8.png
49,2,236,lattice,6,q,img/target_1.png
49,2,237,lattice,4,b,img/target_6.png
49,2,238,lattice,5,r,img/target_4.png
49,2,239,lattice,4,b,img/target_6.png
49,2,240,lattice,6,q,img/target_1.png
49,2,241,lattice,5,r,img/target_4.png
49,2,242,lattice,3,v,img/target_5.png
49,2,243,lattice,5,r,img/target_4.png
49,2,244,lattice,6,q,img/target_1.png
49,2,245,lattice,7,o,img/target_9.png
49,2,246,lattice,5,r,img/target_4.png
49,2,247,lattice,6,q,img/target_1.png
49,2,248,lattice,4,b,img/target_6.png
49,2,249,lattice,5,r,img/target_4.png
49,2,250,lattice,4,b,img/target_6.png
49,2,251,lattice,6,q,img/target_1.png
49,2,252,lattice,8,i,img/target_8.png
49,2,253,lattice,6,q,img/target_1.png
49,2,254,lattice,4,b,img/target_6.png
49,2,255,lattice,3,v,img/target_5.png
49,2,256,lattice,1,u,img/target_7.png
49,2,257,lattice,3,v,img/target_5.png
49,2,258,lattice,2,p,img/target_10.png
49,2,259,lattice,3,v,img/target_5.png
49,2,260,lattice,4,b,img/target_6.png
49,2,261,lattice,6,q,img/target_1.png
49,2,262,lattice,8,i,img/target_8.png
49,2,263,lattice,6,q,img/target_1.png
49,2,264,lattice,7,o,img/target_9.png
49,2,265,lattice,9,e,img/target_3.png
49,2,266,lattice,7,o,img/target_9.png
49,2,267,lattice,6,q,img/target_1.png
49,2,268,lattice,7,o,img/target_9.png
49,2,269,lattice,8,i,img/target_8.png
49,2,270,lattice,6,q,img/target_1.png
49,2,271,lattice,7,o,img/target_9.png
49,2,272,lattice,6,q,img/target_1.png
49,2,273,lattice,5,r,img/target_4.png
49,2,274,lattice,3,v,img/target_5.png
49,2,275,lattice,4,b,img/target_6.png
49,2,276,lattice,6,q,img/target_1.png
49,2,277,lattice,8,i,img/target_8.png
49,2,278,lattice,9,e,img/target_3.png
49,2,279,lattice,7,o,img/target_9.png
49,2,280,lattice,8,i,img/target_8.png
49,2,281,lattice,9,e,img/target_3.png
49,2,282,lattice,1,u,img/target_7.png
49,2,283,lattice,9,e,img/target_3.png
49,2,284,lattice,1,u,img/target_7.png
49,2,285,lattice,0,w,img/target_2.png
49,2,286,lattice,2,p,img/target_10.png
49,2,287,lattice,1,u,img/target_7.png
49,2,288,lattice,2,p,img/target_10.png
49,2,289,lattice,0,w,img/target_2.png
49,2,290,lattice,9,e,img/target_3.png
49,2,291,lattice,0,w,img/target_2.png
49,2,292,lattice,8,i,img/target_8.png
49,2,293,lattice,9,e,img/target_3.png
49,2,294,lattice,0,w,img/target_2.png
49,2,295,lattice,9,e,img/target_3.png
49,2,296,lattice,0,w,img/target_2.png
49,2,297,lattice,8,i,img/target_8.png
49,2,298,lattice,7,o,img/target_9.png
49,2,299,lattice,5,r,img/target_4.png
49,2,300,lattice,3,v,img/target_5.png
49,2,301,lattice,4,b,img/target_6.png
49,2,302,lattice,6,q,img/target_1.png
49,2,303,lattice,5,r,img/target_4.png
49,2,304,lattice,6,q,img/target_1.png
49,2,305,lattice,5,r,img/target_4.png
49,2,306,lattice,3,v,img/target_5.png
49,2,307,lattice,4,b,img/target_6.png
49,2,308,lattice,6,q,img/target_1.png
49,2,309,lattice,7,o,img/target_9.png
49,2,310,lattice,5,r,img/target_4.png
49,2,311,lattice,6,q,img/target_1.png
49,2,312,lattice,7,o,img/target_9.png
49,2,313,lattice,5,r,img/target_4.png
49,2,314,lattice,6,q,img/target_1.png
49,2,315,lattice,5,r,img/target_4.png
49,2,316,lattice,6,q,img/target_1.png
49,2,317,lattice,4,b,img/target_6.png
49,2,318,lattice,2,p,img/target_10.png
49,2,319,lattice,1,u,img/target_7.png
49,2,320,lattice,3,v,img/target_5.png
49,2,321,lattice,1,u,img/target_7.png
49,2,322,lattice,2,p,img/target_10.png
49,2,323,lattice,3,v,img/target_5.png
49,2,324,lattice,2,p,img/target_10.png
49,2,325,lattice,3,v,img/target_5.png
49,2,326,lattice,4,b,img/target_6.png
49,2,327,lattice,6,q,img/target_1.png
49,2,328,lattice,4,b,img/target_6.png
49,2,329,lattice,5,r,img/target_4.png
49,2,330,lattice,6,q,img/target_1.png
49,2,331,lattice,7,o,img/target_9.png
49,2,332,lattice,8,i,img/target_8.png
49,2,333,lattice,6,q,img/target_1.png
49,2,334,lattice,5,r,img/target_4.png
49,2,335,lattice,3,v,img/target_5.png
49,2,336,lattice,1,u,img/target_7.png
49,2,337,lattice,2,p,img/target_10.png
49,2,338,lattice,4,b,img/target_6.png
49,2,339,lattice,5,r,img/target_4.png
49,2,340,lattice,6,q,img/target_1.png
49,2,341,lattice,7,o,img/target_9.png
49,2,342,lattice,5,r,img/target_4.png
49,2,343,lattice,4,b,img/target_6.png
49,2,344,lattice,5,r,img/target_4.png
49,2,345,lattice,7,o,img/target_9.png
49,2,346,lattice,5,r,img/target_4.png
49,2,347,lattice,3,v,img/target_5.png
49,2,348,lattice,4,b,img/target_6.png
49,2,349,lattice,3,v,img/target_5.png
49,2,350,lattice,4,b,img/target_6.png
49,2,351,lattice,2,p,img/target_10.png
49,2,352,lattice,0,w,img/target_2.png
49,2,353,lattice,8,i,img/target_8.png
49,2,354,lattice,7,o,img/target_9.png
49,2,355,lattice,5,r,img/target_4.png
49,2,356,lattice,6,q,img/target_1.png
49,2,357,lattice,7,o,img/target_9.png
49,2,358,lattice,8,i,img/target_8.png
49,2,359,lattice,6,q,img/target_1.png
49,2,360,lattice,5,r,img/target_4.png
49,2,361,lattice,4,b,img/target_6.png
49,2,362,lattice,5,r,img/target_4.png
49,2,363,lattice,4,b,img/target_6.png
49,2,364,lattice,6,q,img/target_1.png
49,2,365,lattice,4,b,img/target_6.png
49,2,366,lattice,2,p,img/target_10.png
49,2,367,lattice,1,u,img/target_7.png
49,2,368,lattice,3,v,img/target_5.png
49,2,369,lattice,2,p,img/target_10.png
49,2,370,lattice,3,v,img/target_5.png
49,2,371,lattice,4,b,img/target_6.png
49,2,372,lattice,3,v,img/target_5.png
49,2,373,lattice,1,u,img/target_7.png
49,2,374,lattice,2,p,img/target_10.png
49,2,375,lattice,1,u,img/target_7.png
49,2,376,lattice,2,p,img/target_10.png
49,2,377,lattice,0,w,img/target_2.png
49,2,378,lattice,1,u,img/target_7.png
49,2,379,lattice,3,v,img/target_5.png
49,2,380,lattice,2,p,img/target_10.png
49,2,381,lattice,0,w,img/target_2.png
49,2,382,lattice,1,u,img/target_7.png
49,2,383,lattice,2,p,img/target_10.png
49,2,384,lattice,0,w,img/target_2.png
49,2,385,lattice,8,i,img/target_8.png
49,2,386,lattice,7,o,img/target_9.png
49,2,387,lattice,9,e,img/target_3.png
49,2,388,lattice,0,w,img/target_2.png
49,2,389,lattice,2,p,img/target_10.png
49,2,390,lattice,0,w,img/target_2.png
49,2,391,lattice,1,u,img/target_7.png
49,2,392,lattice,9,e,img/target_3.png
49,2,393,lattice,7,o,img/target_9.png
49,2,394,lattice,6,q,img/target_1.png
49,2,395,lattice,7,o,img/target_9.png
49,2,396,lattice,8,i,img/target_8.png
49,2,397,lattice,7,o,img/target_9.png
49,2,398,lattice,5,r,img/target_4.png
49,2,399,lattice,4,b,img/target_6.png
49,2,400,lattice,3,v,img/target_5.png
49,2,401,lattice,5,r,img/target_4.png
49,2,402,lattice,7,o,img/target_9.png
49,2,403,lattice,9,e,img/target_3.png
49,2,404,lattice,1,u,img/target_7.png
49,2,405,lattice,0,w,img/target_2.png
49,2,406,lattice,1,u,img/target_7.png
49,2,407,lattice,0,w,img/target_2.png
49,2,408,lattice,2,p,img/target_10.png
49,2,409,lattice,0,w,img/target_2.png
49,2,410,lattice,8,i,img/target_8.png
49,2,411,lattice,9,e,img/target_3.png
49,2,412,lattice,1,u,img/target_7.png
49,2,413,lattice,9,e,img/target_3.png
49,2,414,lattice,8,i,img/target_8.png
49,2,415,lattice,6,q,img/target_1.png
49,2,416,lattice,4,b,img/target_6.png
49,2,417,lattice,6,q,img/target_1.png
49,2,418,lattice,8,i,img/target_8.png
49,2,419,lattice,9,e,img/target_3.png
49,2,420,lattice,0,w,img/target_2.png
49,2,421,lattice,8,i,img/target_8.png
49,2,422,lattice,6,q,img/target_1.png
49,2,423,lattice,4,b,img/target_6.png
49,2,424,lattice,3,v,img/target_5.png
49,2,425,lattice,1,u,img/target_7.png
49,2,426,lattice,3,v,img/target_5.png
49,2,427,lattice,2,p,img/target_10.png
49,2,428,lattice,1,u,img/target_7.png
49,2,429,lattice,0,w,img/target_2.png
49,2,430,lattice,9,e,img/target_3.png
49,2,431,lattice,0,w,img/target_2.png
49,2,432,lattice,1,u,img/target_7.png
49,2,433,lattice,2,p,img/target_10.png
49,2,434,lattice,1,u,img/target_7.png
49,2,435,lattice,2,p,img/target_10.png
49,2,436,lattice,0,w,img/target_2.png
49,2,437,lattice,9,e,img/target_3.png
49,2,438,lattice,0,w,img/target_2.png
49,2,439,lattice,1,u,img/target_7.png
49,2,440,lattice,3,v,img/target_5.png
49,2,441,lattice,5,r,img/target_4.png
49,2,442,lattice,4,b,img/target_6.png
49,2,443,lattice,3,v,img/target_5.png
49,2,444,lattice,1,u,img/target_7.png
49,2,445,lattice,2,p,img/target_10.png
49,2,446,lattice,3,v,img/target_5.png
49,2,447,lattice,1,u,img/target_7.png
49,2,448,lattice,0,w,img/target_2.png
49,2,449,lattice,2,p,img/target_10.png
49,2,450,lattice,1,u,img/target_7.png
49,2,451,lattice,2,p,img/target_10.png
49,2,452,lattice,3,v,img/target_5.png
49,2,453,lattice,5,r,img/target_4.png
49,2,454,lattice,7,o,img/target_9.png
49,2,455,lattice,9,e,img/target_3.png
49,2,456,lattice,1,u,img/target_7.png
49,2,457,lattice,2,p,img/target_10.png
49,2,458,lattice,3,v,img/target_5.png
49,2,459,lattice,4,b,img/target_6.png
49,2,460,lattice,5,r,img/target_4.png
49,2,461,lattice,6,q,img/target_1.png
49,2,462,lattice,8,i,img/target_8.png
49,2,463,lattice,0,w,img/target_2.png
49,2,464,lattice,8,i,img/target_8.png
49,2,465,lattice,6,q,img/target_1.png
49,2,466,lattice,7,o,img/target_9.png
49,2,467,lattice,9,e,img/target_3.png
49,2,468,lattice,1,u,img/target_7.png
49,2,469,lattice,3,v,img/target_5.png
49,2,470,lattice,5,r,img/target_4.png
49,2,471,lattice,6,q,img/target_1.png
49,2,472,lattice,4,b,img/target_6.png
49,2,473,lattice,3,v,img/target_5.png
49,2,474,lattice,4,b,img/target_6.png
49,2,475,lattice,6,q,img/target_1.png
49,2,476,lattice,7,o,img/target_9.png
49,2,477,lattice,8,i,img/target_8.png
49,2,478,lattice,9,e,img/target_3.png
49,2,479,lattice,0,w,img/target_2.png
49,2,480,lattice,2,p,img/target_10.png
49,2,481,lattice,0,w,img/target_2.png
49,2,482,lattice,9,e,img/target_3.png
49,2,483,lattice,0,w,img/target_2.png
49,2,484,lattice,9,e,img/target_3.png
49,2,485,lattice,7,o,img/target_9.png
49,2,486,lattice,6,q,img/target_1.png
49,2,487,lattice,4,b,img/target_6.png
49,2,488,lattice,3,v,img/target_5.png
49,2,489,lattice,1,u,img/target_7.png
49,2,490,lattice,3,v,img/target_5.png
49,2,491,lattice,5,r,img/target_4.png
49,2,492,lattice,4,b,img/target_6.png
49,2,493,lattice,6,q,img/target_1.png
49,2,494,lattice,4,b,img/target_6.png
49,2,495,lattice,6,q,img/target_1.png
49,2,496,lattice,8,i,img/target_8.png
49,2,497,lattice,7,o,img/target_9.png
49,2,498,lattice,5,r,img/target_4.png
49,2,499,lattice,4,b,img/target_6.png
49,2,500,lattice,3,v,img/target_5.png
49,2,501,lattice,2,p,img/target_10.png
49,2,502,lattice,0,w,img/target_2.png
49,2,503,lattice,2,p,img/target_10.png
49,2,504,lattice,0,w,img/target_2.png
49,2,505,lattice,9,e,img/target_3.png
49,2,506,lattice,7,o,img/target_9.png
49,2,507,lattice,8,i,img/target_8.png
49,2,508,lattice,9,e,img/target_3.png
49,2,509,lattice,8,i,img/target_8.png
49,2,510,lattice,0,w,img/target_2.png
49,2,511,lattice,9,e,img/target_3.png
49,2,512,lattice,7,o,img/target_9.png
49,2,513,lattice,9,e,img/target_3.png
49,2,514,lattice,0,w,img/target_2.png
49,2,515,lattice,1,u,img/target_7.png
49,2,516,lattice,9,e,img/target_3.png
49,2,517,lattice,1,u,img/target_7.png
49,2,518,lattice,0,w,img/target_2.png
49,2,519,lattice,8,i,img/target_8.png
49,2,520,lattice,7,o,img/target_9.png
49,2,521,lattice,8,i,img/target_8.png
49,2,522,lattice,0,w,img/target_2.png
49,2,523,lattice,2,p,img/target_10.png
49,2,524,lattice,4,b,img/target_6.png
49,2,525,lattice,2,p,img/target_10.png
49,2,526,lattice,1,u,img/target_7.png
49,2,527,lattice,0,w,img/target_2.png
49,2,528,lattice,2,p,img/target_10.png
49,2,529,lattice,0,w,img/target_2.png
49,2,530,lattice,8,i,img/target_8.png
49,2,531,lattice,9,e,img/target_3.png
49,2,532,lattice,7,o,img/target_9.png
49,2,533,lattice,8,i,img/target_8.png
49,2,534,lattice,7,o,img/target_9.png
49,2,535,lattice,8,i,img/target_8.png
49,2,536,lattice,9,e,img/target_3.png
49,2,537,lattice,1,u,img/target_7.png
49,2,538,lattice,0,w,img/target_2.png
49,2,539,lattice,2,p,img/target_10.png
49,2,540,lattice,4,b,img/target_6.png
49,2,541,lattice,6,q,img/target_1.png
49,2,542,lattice,5,r,img/target_4.png
49,2,543,lattice,4,b,img/target_6.png
49,2,544,lattice,6,q,img/target_1.png
49,2,545,lattice,7,o,img/target_9.png
49,2,546,lattice,8,i,img/target_8.png
49,2,547,lattice,0,w,img/target_2.png
49,2,548,lattice,2,p,img/target_10.png
49,2,549,lattice,1,u,img/target_7.png
49,2,550,lattice,2,p,img/target_10.png
49,2,551,lattice,3,v,img/target_5.png
49,2,552,lattice,2,p,img/target_10.png
49,2,553,lattice,1,u,img/target_7.png
49,2,554,lattice,0,w,img/target_2.png
49,2,555,lattice,9,e,img/target_3.png
49,2,556,lattice,7,o,img/target_9.png
49,2,557,lattice,6,q,img/target_1.png
49,2,558,lattice,5,r,img/target_4.png
49,2,559,lattice,4,b,img/target_6.png
49,2,560,lattice,3,v,img/target_5.png
49,2,561,lattice,5,r,img/target_4.png
49,2,562,lattice,4,b,img/target_6.png
49,2,563,lattice,3,v,img/target_5.png
49,2,564,lattice,4,b,img/target_6.png
49,2,565,lattice,6,q,img/target_1.png
49,2,566,lattice,8,i,img/target_8.png
49,2,567,lattice,0,w,img/target_2.png
49,2,568,lattice,1,u,img/target_7.png
49,2,569,lattice,3,v,img/target_5.png
49,2,570,lattice,2,p,img/target_10.png
49,2,571,lattice,4,b,img/target_6.png
49,2,572,lattice,3,v,img/target_5.png
49,2,573,lattice,2,p,img/target_10.png
49,2,574,lattice,4,b,img/target_6.png
49,2,575,lattice,6,q,img/target_1.png
49,2,576,lattice,7,o,img/target_9.png
49,2,577,lattice,5,r,img/target_4.png
49,2,578,lattice,4,b,img/target_6.png
49,2,579,lattice,6,q,img/target_1.png
49,2,580,lattice,5,r,img/target_4.png
49,2,581,lattice,3,v,img/target_5.png
49,2,582,lattice,5,r,img/target_4.png
49,2,583,lattice,7,o,img/target_9.png
49,2,584,lattice,6,q,img/target_1.png
49,2,585,lattice,8,i,img/target_8.png
49,2,586,lattice,9,e,img/target_3.png
49,2,587,lattice,0,w,img/target_2.png
49,2,588,lattice,8,i,img/target_8.png
49,2,589,lattice,6,q,img/target_1.png
49,2,590,lattice,7,o,img/target_9.png
49,2,591,lattice,5,r,img/target_4.png
49,2,592,lattice,6,q,img/target_1.png
49,2,593,lattice,5,r,img/target_4.png
49,2,594,lattice,7,o,img/target_9.png
49,2,595,lattice,9,e,img/target_3.png
49,2,596,lattice,0,w,img/target_2.png
49,2,597,lattice,9,e,img/target_3.png
49,2,598,lattice,8,i,img/target_8.png
49,2,599,lattice,0,w,img/target_2.png
49,2,600,lattice,2,p,img/target_10.png
49,2,601,lattice,4,b,img/target_6.png
49,2,602,lattice,2,p,img/target_10.png
49,2,603,lattice,1,u,img/target_7.png
49,2,604,lattice,2,p,img/target_10.png
49,2,605,lattice,0,w,img/target_2.png
49,2,606,lattice,8,i,img/target_8.png
49,2,607,lattice,0,w,img/target_2.png
49,2,608,lattice,2,p,img/target_10.png
49,2,609,lattice,1,u,img/target_7.png
49,2,610,lattice,3,v,img/target_5.png
49,2,611,lattice,1,u,img/target_7.png
49,2,612,lattice,3,v,img/target_5.png
49,2,613,lattice,5,r,img/target_4.png
49,2,614,lattice,6,q,img/target_1.png
49,2,615,lattice,4,b,img/target_6.png
49,2,616,lattice,3,v,img/target_5.png
49,2,617,lattice,1,u,img/target_7.png
49,2,618,lattice,3,v,img/target_5.png
49,2,619,lattice,4,b,img/target_6.png
49,2,620,lattice,3,v,img/target_5.png
49,2,621,lattice,1,u,img/target_7.png
49,2,622,lattice,0,w,img/target_2.png
49,2,623,lattice,8,i,img/target_8.png
49,2,624,lattice,6,q,img/target_1.png
49,2,625,lattice,5,r,img/target_4.png
49,2,626,lattice,6,q,img/target_1.png
49,2,627,lattice,8,i,img/target_8.png
49,2,628,lattice,0,w,img/target_2.png
49,2,629,lattice,2,p,img/target_10.png
49,2,630,lattice,1,u,img/target_7.png
49,2,631,lattice,0,w,img/target_2.png
49,2,632,lattice,9,e,img/target_3.png
49,2,633,lattice,1,u,img/target_7.png
49,2,634,lattice,0,w,img/target_2.png
49,2,635,lattice,9,e,img/target_3.png
49,2,636,lattice,7,o,img/target_9.png
49,2,637,lattice,8,i,img/target_8.png
49,2,638,lattice,7,o,img/target_9.png
49,2,639,lattice,8,i,img/target_8.png
49,2,640,lattice,9,e,img/target_3.png
49,2,641,lattice,0,w,img/target_2.png
49,2,642,lattice,8,i,img/target_8.png
49,2,643,lattice,6,q,img/target_1.png
49,2,644,lattice,5,r,img/target_4.png
49,2,645,lattice,4,b,img/target_6.png
49,2,646,lattice,2,p,img/target_10.png
49,2,647,lattice,1,u,img/target_7.png
49,2,648,lattice,9,e,img/target_3.png
49,2,649,lattice,1,u,img/target_7.png
49,2,650,lattice,0,w,img/target_2.png
49,2,651,lattice,1,u,img/target_7.png
49,2,652,lattice,3,v,img/target_5.png
49,2,653,lattice,2,p,img/target_10.png
49,2,654,lattice,0,w,img/target_2.png
49,2,655,lattice,2,p,img/target_10.png
49,2,656,lattice,0,w,img/target_2.png
49,2,657,lattice,2,p,img/target_10.png
49,2,658,lattice,0,w,img/target_2.png
49,2,659,lattice,2,p,img/target_10.png
49,2,660,lattice,1,u,img/target_7.png
49,2,661,lattice,9,e,img/target_3.png
49,2,662,lattice,8,i,img/target_8.png
49,2,663,lattice,9,e,img/target_3.png
49,2,664,lattice,0,w,img/target_2.png
49,2,665,lattice,9,e,img/target_3.png
49,2,666,lattice,1,u,img/target_7.png
49,2,667,lattice,0,w,img/target_2.png
49,2,668,lattice,2,p,img/target_10.png
49,2,669,lattice,3,v,img/target_5.png
49,2,670,lattice,2,p,img/target_10.png
49,2,671,lattice,1,u,img/target_7.png
49,2,672,lattice,0,w,img/target_2.png
49,2,673,lattice,8,i,img/target_8.png
49,2,674,lattice,9,e,img/target_3.png
49,2,675,lattice,8,i,img/target_8.png
49,2,676,lattice,7,o,img/target_9.png
49,2,677,lattice,8,i,img/target_8.png
49,2,678,lattice,7,o,img/target_9.png
49,2,679,lattice,5,r,img/target_4.png
49,2,680,lattice,3,v,img/target_5.png
49,2,681,lattice,4,b,img/target_6.png
49,2,682,lattice,2,p,img/target_10.png
49,2,683,lattice,0,w,img/target_2.png
49,2,684,lattice,8,i,img/target_8.png
49,2,685,lattice,7,o,img/target_9.png
49,2,686,lattice,5,r,img/target_4.png
49,2,687,lattice,4,b,img/target_6.png
49,2,688,lattice,3,v,img/target_5.png
49,2,689,lattice,4,b,img/target_6.png
49,2,690,lattice,6,q,img/target_1.png
49,2,691,lattice,7,o,img/target_9.png
49,2,692,lattice,6,q,img/target_1.png
49,2,693,lattice,7,o,img/target_9.png
49,2,694,lattice,9,e,img/target_3.png
49,2,695,lattice,1,u,img/target_7.png
49,2,696,lattice,3,v,img/target_5.png
49,2,697,lattice,5,r,img/target_4.png
49,2,698,lattice,6,q,img/target_1.png
49,2,699,lattice,5,r,img/target_4.png
49,2,700,lattice,4,b,img/target_6.png
49,2,701,lattice,2,p,img/target_10.png
49,2,702,lattice,1,u,img/target_7.png
49,2,703,lattice,9,e,img/target_3.png
49,2,704,lattice,1,u,img/target_7.png
49,2,705,lattice,0,w,img/target_2.png
49,2,706,lattice,8,i,img/target_8.png
49,2,707,lattice,7,o,img/target_9.png
49,2,708,lattice,5,r,img/target_4.png
49,2,709,lattice,3,v,img/target_5.png
49,2,710,lattice,4,b,img/target_6.png
49,2,711,lattice,6,q,img/target_1.png
49,2,712,lattice,4,b,img/target_6.png
49,2,713,lattice,6,q,img/target_1.png
49,2,714,lattice,4,b,img/target_6.png
49,2,715,lattice,2,p,img/target_10.png
49,2,716,lattice,4,b,img/target_6.png
49,2,717,lattice,3,v,img/target_5.png
49,2,718,lattice,1,u,img/target_7.png
49,2,719,lattice,2,p,img/target_10.png
49,2,720,lattice,3,v,img/target_5.png
49,2,721,lattice,2,p,img/target_10.png
49,2,722,lattice,1,u,img/target_7.png
49,2,723,lattice,3,v,img/target_5.png
49,2,724,lattice,2,p,img/target_10.png
49,2,725,lattice,4,b,img/target_6.png
49,2,726,lattice,3,v,img/target_5.png
49,2,727,lattice,4,b,img/target_6.png
49,2,728,lattice,5,r,img/target_4.png
49,2,729,lattice,4,b,img/target_6.png
49,2,730,lattice,3,v,img/target_5.png
49,2,731,lattice,4,b,img/target_6.png
49,2,732,lattice,5,r,img/target_4.png
49,2,733,lattice,6,q,img/target_1.png
49,2,734,lattice,4,b,img/target_6.png
49,2,735,lattice,6,q,img/target_1.png
49,2,736,lattice,8,i,img/target_8.png
49,2,737,lattice,9,e,img/target_3.png
49,2,738,lattice,0,w,img/target_2.png
49,2,739,lattice,9,e,img/target_3.png
49,2,740,lattice,1,u,img/target_7.png
49,2,741,lattice,3,v,img/target_5.png
49,2,742,lattice,4,b,img/target_6.png
49,2,743,lattice,6,q,img/target_1.png
49,2,744,lattice,4,b,img/target_6.png
49,2,745,lattice,5,r,img/target_4.png
49,2,746,lattice,3,v,img/target_5.png
49,2,747,lattice,4,b,img/target_6.png
49,2,748,lattice,3,v,img/target_5.png
49,2,749,lattice,4,b,img/target_6.png
49,2,750,lattice,2,p,img/target_10.png
49,2,751,lattice,3,v,img/target_5.png
49,2,752,lattice,2,p,img/target_10.png
49,2,753,lattice,1,u,img/target_7.png
49,2,754,lattice,9,e,img/target_3.png
49,2,755,lattice,0,w,img/target_2.png
49,2,756,lattice,9,e,img/target_3.png
49,2,757,lattice,0,w,img/target_2.png
49,2,758,lattice,2,p,img/target_10.png
49,2,759,lattice,0,w,img/target_2.png
49,2,760,lattice,9,e,img/target_3.png
49,2,761,lattice,1,u,img/target_7.png
49,2,762,lattice,9,e,img/target_3.png
49,2,763,lattice,8,i,img/target_8.png
49,2,764,lattice,7,o,img/target_9.png
49,2,765,lattice,8,i,img/target_8.png
49,2,766,lattice,0,w,img/target_2.png
49,2,767,lattice,1,u,img/target_7.png
49,2,768,lattice,9,e,img/target_3.png
49,2,769,lattice,8,i,img/target_8.png
49,2,770,lattice,0,w,img/target_2.png
49,2,771,lattice,2,p,img/target_10.png
49,2,772,lattice,4,b,img/target_6.png
49,2,773,lattice,5,r,img/target_4.png
49,2,774,lattice,4,b,img/target_6.png
49,2,775,lattice,3,v,img/target_5.png
49,2,776,lattice,2,p,img/target_10.png
49,2,777,lattice,4,b,img/target_6.png
49,2,778,lattice,2,p,img/target_10.png
49,2,779,lattice,1,u,img/target_7.png
49,2,780,lattice,0,w,img/target_2.png
49,2,781,lattice,8,i,img/target_8.png
49,2,782,lattice,9,e,img/target_3.png
49,2,783,lattice,1,u,img/target_7.png
49,2,784,lattice,0,w,img/target_2.png
49,2,785,lattice,8,i,img/target_8.png
49,2,786,lattice,7,o,img/target_9.png
49,2,787,lattice,5,r,img/target_4.png
49,2,788,lattice,4,b,img/target_6.png
49,2,789,lattice,6,q,img/target_1.png
49,2,790,lattice,8,i,img/target_8.png
49,2,791,lattice,6,q,img/target_1.png
49,2,792,lattice,4,b,img/target_6.png
49,2,793,lattice,6,q,img/target_1.png
49,2,794,lattice,7,o,img/target_9.png
49,2,795,lattice,9,e,img/target_3.png
49,2,796,lattice,7,o,img/target_9.png
49,2,797,lattice,5,r,img/target_4.png
49,2,798,lattice,6,q,img/target_1.png
49,2,799,lattice,4,b,img/target_6.png
49,2,800,lattice,5,r,img/target_4.png
49,2,801,lattice,4,b,img/target_6.png
49,2,802,lattice,3,v,img/target_5.png
49,2,803,lattice,4,b,img/target_6.png
49,2,804,lattice,3,v,img/target_5.png
49,2,805,lattice,4,b,img/target_6.png
49,2,806,lattice,6,q,img/target_1.png
49,2,807,lattice,7,o,img/target_9.png
49,2,808,lattice,6,q,img/target_1.png
49,2,809,lattice,5,r,img/target_4.png
49,2,810,lattice,6,q,img/target_1.png
49,2,811,lattice,4,b,img/target_6.png
49,2,812,lattice,2,p,img/target_10.png
49,2,813,lattice,0,w,img/target_2.png
49,2,814,lattice,2,p,img/target_10.png
49,2,815,lattice,3,v,img/target_5.png
49,2,816,lattice,1,u,img/target_7.png
49,2,817,lattice,0,w,img/target_2.png
49,2,818,lattice,9,e,img/target_3.png
49,2,819,lattice,7,o,img/target_9.png
49,2,820,lattice,8,i,img/target_8.png
49,2,821,lattice,9,e,img/target_3.png
49,2,822,lattice,1,u,img/target_7.png
49,2,823,lattice,0,w,img/target_2.png
49,2,824,lattice,2,p,img/target_10.png
49,2,825,lattice,4,b,img/target_6.png
49,2,826,lattice,6,q,img/target_1.png
49,2,827,lattice,8,i,img/target_8.png
49,2,828,lattice,0,w,img/target_2.png
49,2,829,lattice,2,p,img/target_10.png
49,2,830,lattice,4,b,img/target_6.png
49,2,831,lattice,2,p,img/target_10.png
49,2,832,lattice,0,w,img/target_2.png
49,2,833,lattice,8,i,img/target_8.png
49,2,834,lattice,9,e,img/target_3.png
49,2,835,lattice,8,i,img/target_8.png
49,2,836,lattice,7,o,img/target_9.png
49,2,837,lattice,5,r,img/target_4.png
49,2,838,lattice,4,b,img/target_6.png
49,2,839,lattice,5,r,img/target_4.png
49,2,840,lattice,7,o,img/target_9.png
49,2,841,lattice,9,e,img/target_3.png
49,2,842,lattice,1,u,img/target_7.png
49,2,843,lattice,2,p,img/target_10.png
49,2,844,lattice,0,w,img/target_2.png
49,2,845,lattice,2,p,img/target_10.png
49,2,846,lattice,4,b,img/target_6.png
49,2,847,lattice,3,v,img/target_5.png
49,2,848,lattice,2,p,img/target_10.png
49,2,849,lattice,0,w,img/target_2.png
49,2,850,lattice,2,p,img/target_10.png
49,2,851,lattice,0,w,img/target_2.png
49,2,852,lattice,8,i,img/target_8.png
49,2,853,lattice,9,e,img/target_3.png
49,2,854,lattice,0,w,img/target_2.png
49,2,855,lattice,1,u,img/target_7.png
49,2,856,lattice,9,e,img/target_3.png
49,2,857,lattice,1,u,img/target_7.png
49,2,858,lattice,3,v,img/target_5.png
49,2,859,lattice,5,r,img/target_4.png
49,2,860,lattice,7,o,img/target_9.png
49,2,861,lattice,8,i,img/target_8.png
49,2,862,lattice,6,q,img/target_1.png
49,2,863,lattice,5,r,img/target_4.png
49,2,864,lattice,3,v,img/target_5.png
49,2,865,lattice,2,p,img/target_10.png
49,2,866,lattice,0,w,img/target_2.png
49,2,867,lattice,1,u,img/target_7.png
49,2,868,lattice,9,e,img/target_3.png
49,2,869,lattice,0,w,img/target_2.png
49,2,870,lattice,2,p,img/target_10.png
49,2,871,lattice,4,b,img/target_6.png
49,2,872,lattice,2,p,img/target_10.png
49,2,873,lattice,4,b,img/target_6.png
49,2,874,lattice,2,p,img/target_10.png
49,2,875,lattice,0,w,img/target_2.png
49,2,876,lattice,1,u,img/target_7.png
49,2,877,lattice,0,w,img/target_2.png
49,2,878,lattice,8,i,img/target_8.png
49,2,879,lattice,9,e,img/target_3.png
49,2,880,lattice,1,u,img/target_7.png
49,2,881,lattice,9,e,img/target_3.png
49,2,882,lattice,1,u,img/target_7.png
49,2,883,lattice,2,p,img/target_10.png
49,2,884,lattice,3,v,img/target_5.png
49,2,885,lattice,4,b,img/target_6.png
49,2,886,lattice,2,p,img/target_10.png
49,2,887,lattice,1,u,img/target_7.png
49,2,888,lattice,9,e,img/target_3.png
49,2,889,lattice,0,w,img/target_2.png
49,2,890,lattice,9,e,img/target_3.png
49,2,891,lattice,0,w,img/target_2.png
49,2,892,lattice,1,u,img/target_7.png
49,2,893,lattice,3,v,img/target_5.png
49,2,894,lattice,5,r,img/target_4.png
49,2,895,lattice,3,v,img/target_5.png
49,2,896,lattice,4,b,img/target_6.png
49,2,897,lattice,2,p,img/target_10.png
49,2,898,lattice,4,b,img/target_6.png
49,2,899,lattice,2,p,img/target_10.png
49,2,900,lattice,4,b,img/target_6.png
49,2,901,lattice,6,q,img/target_1.png
49,2,902,lattice,8,i,img/target_8.png
49,2,903,lattice,7,o,img/target_9.png
49,2,904,lattice,6,q,img/target_1.png
49,2,905,lattice,5,r,img/target_4.png
49,2,906,lattice,7,o,img/target_9.png
49,2,907,lattice,6,q,img/target_1.png
49,2,908,lattice,5,r,img/target_4.png
49,2,909,lattice,4,b,img/target_6.png
49,2,910,lattice,6,q,img/target_1.png
49,2,911,lattice,5,r,img/target_4.png
49,2,912,lattice,3,v,img/target_5.png
49,2,913,lattice,5,r,img/target_4.png
49,2,914,lattice,4,b,img/target_6.png
49,2,915,lattice,6,q,img/target_1.png
49,2,916,lattice,7,o,img/target_9.png
49,2,917,lattice,8,i,img/target_8.png
49,2,918,lattice,7,o,img/target_9.png
49,2,919,lattice,9,e,img/target_3.png
49,2,920,lattice,1,u,img/target_7.png
49,2,921,lattice,3,v,img/target_5.png
49,2,922,lattice,1,u,img/target_7.png
49,2,923,lattice,0,w,img/target_2.png
49,2,924,lattice,2,p,img/target_10.png
49,2,925,lattice,1,u,img/target_7.png
49,2,926,lattice,3,v,img/target_5.png
49,2,927,lattice,5,r,img/target_4.png
49,2,928,lattice,3,v,img/target_5.png
49,2,929,lattice,1,u,img/target_7.png
49,2,930,lattice,0,w,img/target_2.png
49,2,931,lattice,1,u,img/target_7.png
49,2,932,lattice,9,e,img/target_3.png
49,2,933,lattice,0,w,img/target_2.png
49,2,934,lattice,8,i,img/target_8.png
49,2,935,lattice,7,o,img/target_9.png
49,2,936,lattice,8,i,img/target_8.png
49,2,937,lattice,9,e,img/target_3.png
49,2,938,lattice,7,o,img/target_9.png
49,2,939,lattice,8,i,img/target_8.png
49,2,940,lattice,6,q,img/target_1.png
49,2,941,lattice,7,o,img/target_9.png
49,2,942,lattice,5,r,img/target_4.png
49,2,943,lattice,4,b,img/target_6.png
49,2,944,lattice,2,p,img/target_10.png
49,2,945,lattice,0,w,img/target_2.png
49,2,946,lattice,2,p,img/target_10.png
49,2,947,lattice,3,v,img/target_5.png
49,2,948,lattice,5,r,img/target_4.png
49,2,949,lattice,7,o,img/target_9.png
49,2,950,lattice,6,q,img/target_1.png
49,2,951,lattice,7,o,img/target_9.png
49,2,952,lattice,8,i,img/target_8.png
49,2,953,lattice,0,w,img/target_2.png
49,2,954,lattice,9,e,img/target_3.png
49,2,955,lattice,0,w,img/target_2.png
49,2,956,lattice,2,p,img/target_10.png
49,2,957,lattice,3,v,img/target_5.png
49,2,958,lattice,1,u,img/target_7.png
49,2,959,lattice,3,v,img/target_5.png
49,2,960,lattice,5,r,img/target_4.png
49,2,961,lattice,4,b,img/target_6.png
49,2,962,lattice,5,r,img/target_4.png
49,2,963,lattice,3,v,img/target_5.png
49,2,964,lattice,5,r,img/target_4.png
49,2,965,lattice,7,o,img/target_9.png
49,2,966,lattice,5,r,img/target_4.png
49,2,967,lattice,3,v,img/target_5.png
49,2,968,lattice,5,r,img/target_4.png
49,2,969,lattice,3,v,img/target_5.png
49,2,970,lattice,1,u,img/target_7.png
49,2,971,lattice,9,e,img/target_3.png
49,2,972,lattice,0,w,img/target_2.png
49,2,973,lattice,8,i,img/target_8.png
49,2,974,lattice,7,o,img/target_9.png
49,2,975,lattice,5,r,img/target_4.png
49,2,976,lattice,7,o,img/target_9.png
49,2,977,lattice,8,i,img/target_8.png
49,2,978,lattice,7,o,img/target_9.png
49,2,979,lattice,9,e,img/target_3.png
49,2,980,lattice,8,i,img/target_8.png
49,2,981,lattice,9,e,img/target_3.png
49,2,982,lattice,8,i,img/target_8.png
49,2,983,lattice,0,w,img/target_2.png
49,2,984,lattice,1,u,img/target_7.png
49,2,985,lattice,9,e,img/target_3.png
49,2,986,lattice,0,w,img/target_2.png
49,2,987,lattice,1,u,img/target_7.png
49,2,988,lattice,2,p,img/target_10.png
49,2,989,lattice,1,u,img/target_7.png
49,2,990,lattice,0,w,img/target_2.png
49,2,991,lattice,2,p,img/target_10.png
49,2,992,lattice,1,u,img/target_7.png
49,2,993,lattice,2,p,img/target_10.png
49,2,994,lattice,4,b,img/target_6.png
49,2,995,lattice,2,p,img/target_10.png
49,2,996,lattice,0,w,img/target_2.png
49,2,997,lattice,2,p,img/target_10.png
49,2,998,lattice,3,v,img/target_5.png
49,2,999,lattice,1,u,img/target_7.png
49,2,1000,lattice,2,p,img/target_10.png
