pID,sess,trialNum,graph,walk,resp,path
49,3,1,lattice,3,v,img/target_5.png
49,3,2,lattice,2,p,img/target_10.png
49,3,3,lattice,3,v,img/target_5.png
49,3,4,lattice,2,p,img/target_10.png
49,3,5,lattice,0,w,img/target_2.png
49,3,6,lattice,9,e,img/target_3.png
49,3,7,lattice,7,o,img/target_9.png
49,3,8,lattice,6,q,img/target_1.png
49,3,9,lattice,4,b,img/target_6.png
49,3,10,lattice,2,p,img/target_10.png
49,3,11,lattice,0,w,img/target_2.png
49,3,12,lattice,9,e,img/target_3.png
49,3,13,lattice,8,i,img/target_8.png
49,3,14,lattice,0,w,img/target_2.png
49,3,15,lattice,9,e,img/target_3.png
49,3,16,lattice,8,i,img/target_8.png
49,3,17,lattice,6,q,img/target_1.png
49,3,18,lattice,4,b,img/target_6.png
49,3,19,lattice,3,v,img/target_5.png
49,3,20,lattice,1,u,img/target_7.png
49,3,21,lattice,2,p,img/target_10.png
49,3,22,lattice,4,b,img/target_6.png
49,3,23,lattice,5,r,img/target_4.png
49,3,24,lattice,6,q,img/target_1.png
49,3,25,lattice,4,b,img/target_6.png
49,3,26,lattice,6,q,img/target_1.png
49,3,27,lattice,7,o,img/target_9.png
49,3,28,lattice,9,e,img/target_3.png
49,3,29,lattice,8,i,img/target_8.png
49,3,30,lattice,7,o,img/target_9.png
49,3,31,lattice,6,q,img/target_1.png
49,3,32,lattice,4,b,img/target_6.png
49,3,33,lattice,2,p,img/target_10.png
49,3,34,lattice,1,u,img/target_7.png
49,3,35,lattice,2,p,img/target_10.png
49,3,36,lattice,1,u,img/target_7.png
49,3,37,lattice,3,v,img/target_5.png
49,3,38,lattice,1,u,img/target_7.png
49,3,39,lattice,2,p,img/target_10.png
49,3,40,lattice,1,u,img/target_7.png
49,3,41,lattice,2,p,img/target_10.png
49,3,42,lattice,1,u,img/target_7.png
49,3,43,lattice,0,w,img/target_2.png
49,3,44,lattice,1,u,img/target_7.png
49,3,45,lattice,3,v,img/target_5.png
49,3,46,lattice,1,u,img/target_7.png
49,3,47,lattice,3,v,img/target_5.png
49,3,48,lattice,4,b,img/target_6.png
49,3,49,lattice,5,r,img/target_4.png
49,3,50,lattice,7,o,img/target_9.png
49,3,51,lattice,9,e,img/target_3.png
49,3,52,lattice,8,i,img/target_8.png
49,3,53,lattice,7,o,img/target_9.png
49,3,54,lattice,9,e,img/target_3.png
49,3,55,lattice,0,w,img/target_2.png
49,3,56,lattice,2,p,img/target_10.png
49,3,57,lattice,4,b,img/target_6.png
49,3,58,lattice,2,p,img/target_10.png
49,3,59,lattice,1,u,img/target_7.png
49,3,60,lattice,9,e,img/target_3.png
49,3,61,lattice,1,u,img/target_7.png
49,3,62,lattice,2,p,img/target_10.png
49,3,63,lattice,4,b,img/target_6.png
49,3,64,lattice,5,r,img/target_4.png
49,3,65,lattice,7,o,img/target_9.png
49,3,66,lattice,6,q,img/target_1.png
49,3,67,lattice,4,b,img/target_6.png
49,3,68,lattice,3,v,img/target_5.png
49,3,69,lattice,2,p,img/target_10.png
49,3,70,lattice,1,u,img/target_7.png
49,3,71,lattice,2,p,img/target_10.png
49,3,72,lattice,4,b,img/target_6.png
49,3,73,lattice,2,p,img/target_10.png
49,3,74,lattice,4,b,img/target_6.png
49,3,75,lattice,2,p,img/target_10.png
49,3,76,lattice,4,b,img/target_6.png
49,3,77,lattice,6,q,img/target_1.png
49,3,78,lattice,4,b,img/target_6.png
49,3,79,lattice,3,v,img/target_5.png
49,3,80,lattice,4,b,img/target_6.png
49,3,81,lattice,2,p,img/target_10.png
49,3,82,lattice,3,v,img/target_5.png
49,3,83,lattice,5,r,img/target_4.png
49,3,84,lattice,3,v,img/target_5.png
49,3,85,lattice,1,u,img/target_7.png
49,3,86,lattice,3,v,img/target_5.png
49,3,87,lattice,2,p,img/target_10.png
49,3,88,lattice,0,w,img/target_2.png
49,3,89,lattice,8,i,img/target_8.png
49,3,90,lattice,6,q,img/target_1.png
49,3,91,lattice,7,o,img/target_9.png
49,3,92,lattice,5,r,img/target_4.png
49,3,93,lattice,6,q,img/target_1.png
49,3,94,lattice,4,b,img/target_6.png
49,3,95,lattice,6,q,img/target_1.png
49,3,96,lattice,8,i,img/target_8.png
49,3,97,lattice,6,q,img/target_1.png
49,3,98,lattice,8,i,img/target_8.png
49,3,99,lattice,6,q,img/target_1.png
49,3,100,lattice,7,o,img/target_9.png
49,3,101,lattice,9,e,img/target_3.png
49,3,102,lattice,1,u,img/target_7.png
49,3,103,lattice,9,e,img/target_3.png
49,3,104,lattice,8,i,img/target_8.png
49,3,105,lattice,0,w,img/target_2.png
49,3,106,lattice,1,u,img/target_7.png
49,3,107,lattice,0,w,img/target_2.png
49,3,108,lattice,1,u,img/target_7.png
49,3,109,lattice,2,p,img/target_10.png
49,3,110,lattice,0,w,img/target_2.png
49,3,111,lattice,8,i,img/target_8.png
49,3,112,lattice,0,w,img/target_2.png
49,3,113,lattice,2,p,img/target_10.png
49,3,114,lattice,1,u,img/target_7.png
49,3,115,lattice,2,p,img/target_10.png
49,3,116,lattice,3,v,img/target_5.png
49,3,117,lattice,5,r,img/target_4.png
49,3,118,lattice,3,v,img/target_5.png
49,3,119,lattice,2,p,img/target_10.png
49,3,120,lattice,4,b,img/target_6.png
49,3,121,lattice,6,q,img/target_1.png
49,3,122,lattice,4,b,img/target_6.png
49,3,123,lattice,2,p,img/target_10.png
49,3,124,lattice,0,w,img/target_2.png
49,3,125,lattice,1,u,img/target_7.png
49,3,126,lattice,2,p,img/target_10.png
49,3,127,lattice,0,w,img/target_2.png
49,3,128,lattice,8,i,img/target_8.png
49,3,129,lattice,6,q,img/target_1.png
49,3,130,lattice,7,o,img/target_9.png
49,3,131,lattice,6,q,img/target_1.png
49,3,132,lattice,8,i,img/target_8.png
49,3,133,lattice,0,w,img/target_2.png
49,3,134,lattice,9,e,img/target_3.png
49,3,135,lattice,0,w,img/target_2.png
49,3,136,lattice,9,e,img/target_3.png
49,3,137,lattice,7,o,img/target_9.png
49,3,138,lattice,9,e,img/target_3.png
49,3,139,lattice,7,o,img/target_9.png
49,3,140,lattice,8,i,img/target_8.png
49,3,141,lattice,6,q,img/target_1.png
49,3,142,lattice,4,b,img/target_6.png
49,3,143,lattice,6,q,img/target_1.png
49,3,144,lattice,8,i,img/target_8.png
49,3,145,lattice,7,o,img/target_9.png
49,3,146,lattice,6,q,img/target_1.png
49,3,147,lattice,4,b,img/target_6.png
49,3,148,lattice,3,v,img/target_5.png
49,3,149,lattice,1,u,img/target_7.png
49,3,150,lattice,9,e,img/target_3.png
49,3,151,lattice,7,o,img/target_9.png
49,3,152,lattice,8,i,img/target_8.png
49,3,153,lattice,7,o,img/target_9.png
49,3,154,lattice,8,i,img/target_8.png
49,3,155,lattice,0,w,img/target_2.png
49,3,156,lattice,2,p,img/target_10.png
49,3,157,lattice,0,w,img/target_2.png
49,3,158,lattice,8,i,img/target_8.png
49,3,159,lattice,9,e,img/target_3.png
49,3,160,lattice,0,w,img/target_2.png
49,3,161,lattice,9,e,img/target_3.png
49,3,162,lattice,1,u,img/target_7.png
49,3,163,lattice,0,w,img/target_2.png
49,3,164,lattice,8,i,img/target_8.png
49,3,165,lattice,6,q,img/target_1.png
49,3,166,lattice,7,o,img/target_9.png
49,3,167,lattice,9,e,img/target_3.png
49,3,168,lattice,8,i,img/target_8.png
49,3,169,lattice,9,e,img/target_3.png
49,3,170,lattice,1,u,img/target_7.png
49,3,171,lattice,3,v,img/target_5.png
49,3,172,lattice,4,b,img/target_6.png
49,3,173,lattice,6,q,img/target_1.png
49,3,174,lattice,5,r,img/target_4.png
49,3,175,lattice,3,v,img/target_5.png
49,3,176,lattice,1,u,img/target_7.png
49,3,177,lattice,0,w,img/target_2.png
49,3,178,lattice,9,e,img/target_3.png
49,3,179,lattice,0,w,img/target_2.png
49,3,180,lattice,2,p,img/target_10.png
49,3,181,lattice,0,w,img/target_2.png
49,3,182,lattice,9,e,img/target_3.png
49,3,183,lattice,1,u,img/target_7.png
49,3,184,lattice,3,v,img/target_5.png
49,3,185,lattice,5,r,img/target_4.png
49,3,186,lattice,3,v,img/target_5.png
49,3,187,lattice,4,b,img/target_6.png
49,3,188,lattice,2,p,img/target_10.png
49,3,189,lattice,0,w,img/target_2.png
49,3,190,lattice,2,p,img/target_10.png
49,3,191,lattice,0,w,img/target_2.png
49,3,192,lattice,8,i,img/target_8.png
49,3,193,lattice,7,o,img/target_9.png
49,3,194,lattice,9,e,img/target_3.png
49,3,195,lattice,8,i,img/target_8.png
49,3,196,lattice,0,w,img/target_2.png
49,3,197,lattice,8,i,img/target_8.png
49,3,198,lattice,0,w,img/target_2.png
49,3,199,lattice,1,u,img/target_7.png
49,3,200,lattice,2,p,img/target_10.png
49,3,201,lattice,1,u,img/target_7.png
49,3,202,lattice,2,p,img/target_10.png
49,3,203,lattice,4,b,img/target_6.png
49,3,204,lattice,2,p,img/target_10.png
49,3,205,lattice,1,u,img/target_7.png
49,3,206,lattice,9,e,img/target_3.png
49,3,207,lattice,8,i,img/target_8.png
49,3,208,lattice,7,o,img/target_9.png
49,3,209,lattice,5,r,img/target_4.png
49,3,210,lattice,6,q,img/target_1.png
49,3,211,lattice,4,b,img/target_6.png
49,3,212,lattice,6,q,img/target_1.png
49,3,213,lattice,7,o,img/target_9.png
49,3,214,lattice,5,r,img/target_4.png
49,3,215,lattice,7,o,img/target_9.png
49,3,216,lattice,5,r,img/target_4.png
49,3,217,lattice,4,b,img/target_6.png
49,3,218,lattice,6,q,img/target_1.png
49,3,219,lattice,8,i,img/target_8.png
49,3,220,lattice,9,e,img/target_3.png
49,3,221,lattice,1,u,img/target_7.png
49,3,222,lattice,3,v,img/target_5.png
49,3,223,lattice,2,p,img/target_10.png
49,3,224,lattice,1,u,img/target_7.png
49,3,225,lattice,0,w,img/target_2.png
49,3,226,lattice,9,e,img/target_3.png
49,3,227,lattice,8,i,img/target_8.png
49,3,228,lattice,0,w,img/target_2.png
49,3,229,lattice,9,e,img/target_3.png
49,3,230,lattice,0,w,img/target_2.png
49,3,231,lattice,9,e,img/target_3.png
49,3,232,lattice,0,w,img/target_2.png
49,3,233,lattice,8,i,img/target_8.png
49,3,234,lattice,7,o,img/target_9.png
49,3,235,lattice,6,q,img/target_1.png
49,3,236,lattice,4,b,img/target_6.png
49,3,237,lattice,3,v,img/target_5.png
49,3,238,lattice,1,u,img/target_7.png
49,3,239,lattice,2,p,img/target_10.png
49,3,240,lattice,4,b,img/target_6.png
49,3,241,lattice,5,r,img/target_4.png
49,3,242,lattice,4,b,img/target_6.png
49,3,243,lattice,5,r,img/target_4.png
49,3,244,lattice,3,v,img/target_5.png
49,3,245,lattice,1,u,img/target_7.png
49,3,246,lattice,3,v,img/target_5.png
49,3,247,lattice,1,u,img/target_7.png
49,3,248,lattice,0,w,img/target_2.png
49,3,249,lattice,2,p,img/target_10.png
49,3,250,lattice,1,u,img/target_7.png
49,3,251,lattice,3,v,img/target_5.png
49,3,252,lattice,2,p,img/target_10.png
49,3,253,lattice,0,w,img/target_2.png
49,3,254,lattice,8,i,img/target_8.png
49,3,255,lattice,0,w,img/target_2.png
49,3,256,lattice,2,p,img/target_10.png
49,3,257,lattice,4,b,img/target_6.png
49,3,258,lattice,5,r,img/target_4.png
49,3,259,lattice,7,o,img/target_9.png
49,3,260,lattice,8,i,img/target_8.png
49,3,261,lattice,6,q,img/target_1.png
49,3,262,lattice,4,b,img/target_6.png
49,3,263,lattice,6,q,img/target_1.png
49,3,264,lattice,5,r,img/target_4.png
49,3,265,lattice,3,v,img/target_5.png
49,3,266,lattice,4,b,img/target_6.png
49,3,267,lattice,2,p,img/target_10.png
49,3,268,lattice,4,b,img/target_6.png
49,3,269,lattice,3,v,img/target_5.png
49,3,270,lattice,4,b,img/target_6.png
49,3,271,lattice,3,v,img/target_5.png
49,3,272,lattice,2,p,img/target_10.png
49,3,273,lattice,3,v,img/target_5.png
49,3,274,lattice,5,r,img/target_4.png
49,3,275,lattice,6,q,img/target_1.png
49,3,276,lattice,8,i,img/target_8.png
49,3,277,lattice,7,o,img/target_9.png
49,3,278,lattice,8,i,img/target_8.png
49,3,279,lattice,6,q,img/target_1.png
49,3,280,lattice,4,b,img/target_6.png
49,3,281,lattice,3,v,img/target_5.png
49,3,282,lattice,2,p,img/target_10.png
49,3,283,lattice,4,b,img/target_6.png
49,3,284,lattice,3,v,img/target_5.png
49,3,285,lattice,2,p,img/target_10.png
49,3,286,lattice,4,b,img/target_6.png
49,3,287,lattice,3,v,img/target_5.png
49,3,288,lattice,5,r,img/target_4.png
49,3,289,lattice,3,v,img/target_5.png
49,3,290,lattice,5,r,img/target_4.png
49,3,291,lattice,7,o,img/target_9.png
49,3,292,lattice,8,i,img/target_8.png
49,3,293,lattice,6,q,img/target_1.png
49,3,294,lattice,4,b,img/target_6.png
49,3,295,lattice,5,r,img/target_4.png
49,3,296,lattice,4,b,img/target_6.png
49,3,297,lattice,2,p,img/target_10.png
49,3,298,lattice,0,w,img/target_2.png
49,3,299,lattice,1,u,img/target_7.png
49,3,300,lattice,0,w,img/target_2.png
49,3,301,lattice,8,i,img/target_8.png
49,3,302,lattice,7,o,img/target_9.png
49,3,303,lattice,8,i,img/target_8.png
49,3,304,lattice,7,o,img/target_9.png
49,3,305,lattice,9,e,img/target_3.png
49,3,306,lattice,0,w,img/target_2.png
49,3,307,lattice,2,p,img/target_10.png
49,3,308,lattice,1,u,img/target_7.png
49,3,309,lattice,0,w,img/target_2.png
49,3,310,lattice,8,i,img/target_8.png
49,3,311,lattice,9,e,img/target_3.png
49,3,312,lattice,0,w,img/target_2.png
49,3,313,lattice,2,p,img/target_10.png
49,3,314,lattice,3,v,img/target_5.png
49,3,315,lattice,5,r,img/target_4.png
49,3,316,lattice,3,v,img/target_5.png
49,3,317,lattice,2,p,img/target_10.png
49,3,318,lattice,4,b,img/target_6.png
49,3,319,lattice,3,v,img/target_5.png
49,3,320,lattice,4,b,img/target_6.png
49,3,321,lattice,5,r,img/target_4.png
49,3,322,lattice,3,v,img/target_5.png
49,3,323,lattice,4,b,img/target_6.png
49,3,324,lattice,6,q,img/target_1.png
49,3,325,lattice,8,i,img/target_8.png
49,3,326,lattice,6,q,img/target_1.png
49,3,327,lattice,5,r,img/target_4.png
49,3,328,lattice,3,v,img/target_5.png
49,3,329,lattice,1,u,img/target_7.png
49,3,330,lattice,0,w,img/target_2.png
49,3,331,lattice,1,u,img/target_7.png
49,3,332,lattice,3,v,img/target_5.png
49,3,333,lattice,2,p,img/target_10.png
49,3,334,lattice,1,u,img/target_7.png
49,3,335,lattice,3,v,img/target_5.png
49,3,336,lattice,1,u,img/target_7.png
49,3,337,lattice,3,v,img/target_5.png
49,3,338,lattice,5,r,img/target_4.png
49,3,339,lattice,7,o,img/target_9.png
49,3,340,lattice,8,i,img/target_8.png
49,3,341,lattice,6,q,img/target_1.png
49,3,342,lattice,8,i,img/target_8.png
49,3,343,lattice,0,w,img/target_2.png
49,3,344,lattice,1,u,img/target_7.png
49,3,345,lattice,3,v,img/target_5.png
49,3,346,lattice,1,u,img/target_7.png
49,3,347,lattice,2,p,img/target_10.png
49,3,348,lattice,1,u,img/target_7.png
49,3,349,lattice,0,w,img/target_2.png
49,3,350,lattice,1,u,img/target_7.png
49,3,351,lattice,3,v,img/target_5.png
49,3,352,lattice,1,u,img/target_7.png
49,3,353,lattice,9,e,img/target_3.png
49,3,354,lattice,0,w,img/target_2.png
49,3,355,lattice,8,i,img/target_8.png
49,3,356,lattice,6,q,img/target_1.png
49,3,357,lattice,8,i,img/target_8.png
49,3,358,lattice,9,e,img/target_3.png
49,3,359,lattice,8,i,img/target_8.png
49,3,360,lattice,9,e,img/target_3.png
49,3,361,lattice,8,i,img/target_8.png
49,3,362,lattice,9,e,img/target_3.png
49,3,363,lattice,7,o,img/target_9.png
49,3,364,lattice,5,r,img/target_4.png
49,3,365,lattice,4,b,img/target_6.png
49,3,366,lattice,6,q,img/target_1.png
49,3,367,lattice,5,r,img/target_4.png
49,3,368,lattice,4,b,img/target_6.png
49,3,369,lattice,6,q,img/target_1.png
49,3,370,lattice,8,i,img/target_8.png
49,3,371,lattice,9,e,img/target_3.png
49,3,372,lattice,1,u,img/target_7.png
49,3,373,lattice,2,p,img/target_10.png
49,3,374,lattice,3,v,img/target_5.png
49,3,375,lattice,4,b,img/target_6.png
49,3,376,lattice,5,r,img/target_4.png
49,3,377,lattice,7,o,img/target_9.png
49,3,378,lattice,8,i,img/target_8.png
49,3,379,lattice,9,e,img/target_3.png
49,3,380,lattice,8,i,img/target_8.png
49,3,381,lattice,9,e,img/target_3.png
49,3,382,lattice,0,w,img/target_2.png
49,3,383,lattice,8,i,img/target_8.png
49,3,384,lattice,9,e,img/target_3.png
49,3,385,lattice,8,i,img/target_8.png
49,3,386,lattice,7,o,img/target_9.png
49,3,387,lattice,8,i,img/target_8.png
49,3,388,lattice,0,w,img/target_2.png
49,3,389,lattice,1,u,img/target_7.png
49,3,390,lattice,0,w,img/target_2.png
49,3,391,lattice,8,i,img/target_8.png
49,3,392,lattice,7,o,img/target_9.png
49,3,393,lattice,6,q,img/target_1.png
49,3,394,lattice,4,b,img/target_6.png
49,3,395,lattice,5,r,img/target_4.png
49,3,396,lattice,7,o,img/target_9.png
49,3,397,lattice,9,e,img/target_3.png
49,3,398,lattice,1,u,img/target_7.png
49,3,399,lattice,2,p,img/target_10.png
49,3,400,lattice,0,w,img/target_2.png
49,3,401,lattice,1,u,img/target_7.png
49,3,402,lattice,2,p,img/target_10.png
49,3,403,lattice,3,v,img/target_5.png
49,3,404,lattice,1,u,img/target_7.png
49,3,405,lattice,3,v,img/target_5.png
49,3,406,lattice,2,p,img/target_10.png
49,3,407,lattice,4,b,img/target_6.png
49,3,408,lattice,2,p,img/target_10.png
49,3,409,lattice,3,v,img/target_5.png
49,3,410,lattice,1,u,img/target_7.png
49,3,411,lattice,0,w,img/target_2.png
49,3,412,lattice,9,e,img/target_3.png
49,3,413,lattice,0,w,img/target_2.png
49,3,414,lattice,1,u,img/target_7.png
49,3,415,lattice,2,p,img/target_10.png
49,3,416,lattice,1,u,img/target_7.png
49,3,417,lattice,0,w,img/target_2.png
49,3,418,lattice,9,e,img/target_3.png
49,3,419,lattice,0,w,img/target_2.png
49,3,420,lattice,8,i,img/target_8.png
49,3,421,lattice,6,q,img/target_1.png
49,3,422,lattice,8,i,img/target_8.png
49,3,423,lattice,7,o,img/target_9.png
49,3,424,lattice,8,i,img/target_8.png
49,3,425,lattice,7,o,img/target_9.png
49,3,426,lattice,8,i,img/target_8.png
49,3,427,lattice,9,e,img/target_3.png
49,3,428,lattice,7,o,img/target_9.png
49,3,429,lattice,6,q,img/target_1.png
49,3,430,lattice,5,r,img/target_4.png
49,3,431,lattice,4,b,img/target_6.png
49,3,432,lattice,5,r,img/target_4.png
49,3,433,lattice,6,q,img/target_1.png
49,3,434,lattice,5,r,img/target_4.png
49,3,435,lattice,4,b,img/target_6.png
49,3,436,lattice,3,v,img/target_5.png
49,3,437,lattice,1,u,img/target_7.png
49,3,438,lattice,9,e,img/target_3.png
49,3,439,lattice,7,o,img/target_9.png
49,3,440,lattice,9,e,img/target_3.png
49,3,441,lattice,8,i,img/target_8.png
49,3,442,lattice,6,q,img/target_1.png
49,3,443,lattice,5,r,img/target_4.png
49,3,444,lattice,4,b,img/target_6.png
49,3,445,lattice,3,v,img/target_5.png
49,3,446,lattice,2,p,img/target_10.png
49,3,447,lattice,0,w,img/target_2.png
49,3,448,lattice,9,e,img/target_3.png
49,3,449,lattice,8,i,img/target_8.png
49,3,450,lattice,6,q,img/target_1.png
49,3,451,lattice,4,b,img/target_6.png
49,3,452,lattice,5,r,img/target_4.png
49,3,453,lattice,4,b,img/target_6.png
49,3,454,lattice,6,q,img/target_1.png
49,3,455,lattice,5,r,img/target_4.png
49,3,456,lattice,4,b,img/target_6.png
49,3,457,lattice,5,r,img/target_4.png
49,3,458,lattice,4,b,img/target_6.png
49,3,459,lattice,5,r,img/target_4.png
49,3,460,lattice,3,v,img/target_5.png
49,3,461,lattice,1,u,img/target_7.png
49,3,462,lattice,9,e,img/target_3.png
49,3,463,lattice,8,i,img/target_8.png
49,3,464,lattice,0,w,img/target_2.png
49,3,465,lattice,8,i,img/target_8.png
49,3,466,lattice,6,q,img/target_1.png
49,3,467,lattice,8,i,img/target_8.png
49,3,468,lattice,9,e,img/target_3.png
49,3,469,lattice,0,w,img/target_2.png
49,3,470,lattice,1,u,img/target_7.png
49,3,471,lattice,0,w,img/target_2.png
49,3,472,lattice,9,e,img/target_3.png
49,3,473,lattice,1,u,img/target_7.png
49,3,474,lattice,3,v,img/target_5.png
49,3,475,lattice,4,b,img/target_6.png
49,3,476,lattice,3,v,img/target_5.png
49,3,477,lattice,2,p,img/target_10.png
49,3,478,lattice,0,w,img/target_2.png
49,3,479,lattice,1,u,img/target_7.png
49,3,480,lattice,3,v,img/target_5.png
49,3,481,lattice,1,u,img/target_7.png
49,3,482,lattice,2,p,img/target_10.png
49,3,483,lattice,4,b,img/target_6.png
49,3,484,lattice,2,p,img/target_10.png
49,3,485,lattice,3,v,img/target_5.png
49,3,486,lattice,5,r,img/target_4.png
49,3,487,lattice,4,b,img/target_6.png
49,3,488,lattice,3,v,img/target_5.png
49,3,489,lattice,4,b,img/target_6.png
49,3,490,lattice,3,v,img/target_5.png
49,3,491,lattice,2,p,img/target_10.png
49,3,492,lattice,3,v,img/target_5.png
49,3,493,lattice,2,p,img/target_10.png
49,3,494,lattice,3,v,img/target_5.png
49,3,495,lattice,2,p,img/target_10.png
49,3,496,lattice,1,u,img/target_7.png
49,3,497,lattice,0,w,img/target_2.png
49,3,498,lattice,8,i,img/target_8.png
49,3,499,lattice,9,e,img/target_3.png
49,3,500,lattice,1,u,img/target_7.png
49,3,501,lattice,9,e,img/target_3.png
49,3,502,lattice,8,i,img/target_8.png
49,3,503,lattice,9,e,img/target_3.png
49,3,504,lattice,0,w,img/target_2.png
49,3,505,lattice,9,e,img/target_3.png
49,3,506,lattice,7,o,img/target_9.png
49,3,507,lattice,6,q,img/target_1.png
49,3,508,lattice,4,b,img/target_6.png
49,3,509,lattice,6,q,img/target_1.png
49,3,510,lattice,8,i,img/target_8.png
49,3,511,lattice,7,o,img/target_9.png
49,3,512,lattice,9,e,img/target_3.png
49,3,513,lattice,0,w,img/target_2.png
49,3,514,lattice,1,u,img/target_7.png
49,3,515,lattice,9,e,img/target_3.png
49,3,516,lattice,1,u,img/target_7.png
49,3,517,lattice,2,p,img/target_10.png
49,3,518,lattice,3,v,img/target_5.png
49,3,519,lattice,2,p,img/target_10.png
49,3,520,lattice,1,u,img/target_7.png
49,3,521,lattice,0,w,img/target_2.png
49,3,522,lattice,8,i,img/target_8.png
49,3,523,lattice,7,o,img/target_9.png
49,3,524,lattice,9,e,img/target_3.png
49,3,525,lattice,0,w,img/target_2.png
49,3,526,lattice,1,u,img/target_7.png
49,3,527,lattice,3,v,img/target_5.png
49,3,528,lattice,2,p,img/target_10.png
49,3,529,lattice,1,u,img/target_7.png
49,3,530,lattice,0,w,img/target_2.png
49,3,531,lattice,1,u,img/target_7.png
49,3,532,lattice,2,p,img/target_10.png
49,3,533,lattice,4,b,img/target_6.png
49,3,534,lattice,6,q,img/target_1.png
49,3,535,lattice,5,r,img/target_4.png
49,3,536,lattice,6,q,img/target_1.png
49,3,537,lattice,5,r,img/target_4.png
49,3,538,lattice,7,o,img/target_9.png
49,3,539,lattice,8,i,img/target_8.png
49,3,540,lattice,7,o,img/target_9.png
49,3,541,lattice,8,i,img/target_8.png
49,3,542,lattice,7,o,img/target_9.png
49,3,543,lattice,5,r,img/target_4.png
49,3,544,lattice,6,q,img/target_1.png
49,3,545,lattice,4,b,img/target_6.png
49,3,546,lattice,6,q,img/target_1.png
49,3,547,lattice,5,r,img/target_4.png
49,3,548,lattice,6,q,img/target_1.png
49,3,549,lattice,5,r,img/target_4.png
49,3,550,lattice,3,v,img/target_5.png
49,3,551,lattice,4,b,img/target_6.png
49,3,552,lattice,5,r,img/target_4.png
49,3,553,lattice,6,q,img/target_1.png
49,3,554,lattice,4,b,img/target_6.png
49,3,555,lattice,2,p,img/target_10.png
49,3,556,lattice,4,b,img/target_6.png
49,3,557,lattice,6,q,img/target_1.png
49,3,558,lattice,4,b,img/target_6.png
49,3,559,lattice,2,p,img/target_10.png
49,3,560,lattice,1,u,img/target_7.png
49,3,561,lattice,0,w,img/target_2.png
49,3,562,lattice,1,u,img/target_7.png
49,3,563,lattice,9,e,img/target_3.png
49,3,564,lattice,7,o,img/target_9.png
49,3,565,lattice,5,r,img/target_4.png
49,3,566,lattice,3,v,img/target_5.png
49,3,567,lattice,5,r,img/target_4.png
49,3,568,lattice,6,q,img/target_1.png
49,3,569,lattice,5,r,img/target_4.png
49,3,570,lattice,4,b,img/target_6.png
49,3,571,lattice,6,q,img/target_1.png
49,3,572,lattice,7,o,img/target_9.png
49,3,573,lattice,8,i,img/target_8.png
49,3,574,lattice,9,e,img/target_3.png
49,3,575,lattice,1,u,img/target_7.png
49,3,576,lattice,3,v,img/target_5.png
49,3,577,lattice,4,b,img/target_6.png
49,3,578,lattice,3,v,img/target_5.png
49,3,579,lattice,4,b,img/target_6.png
49,3,580,lattice,3,v,img/target_5.png
49,3,581,lattice,4,b,img/target_6.png
49,3,582,lattice,5,r,img/target_4.png
49,3,583,lattice,7,o,img/target_9.png
49,3,584,lattice,9,e,img/target_3.png
49,3,585,lattice,8,i,img/target_8.png
49,3,586,lattice,9,e,img/target_3.png
49,3,587,lattice,0,w,img/target_2.png
49,3,588,lattice,9,e,img/target_3.png
49,3,589,lattice,1,u,img/target_7.png
49,3,590,lattice,0,w,img/target_2.png
49,3,591,lattice,9,e,img/target_3.png
49,3,592,lattice,7,o,img/target_9.png
49,3,593,lattice,5,r,img/target_4.png
49,3,594,lattice,3,v,img/target_5.png
49,3,595,lattice,1,u,img/target_7.png
49,3,596,lattice,0,w,img/target_2.png
49,3,597,lattice,9,e,img/target_3.png
49,3,598,lattice,8,i,img/target_8.png
49,3,599,lattice,0,w,img/target_2.png
49,3,600,lattice,2,p,img/target_10.png
49,3,601,lattice,0,w,img/target_2.png
49,3,602,lattice,8,i,img/target_8.png
49,3,603,lattice,0,w,img/target_2.png
49,3,604,lattice,1,u,img/target_7.png
49,3,605,lattice,3,v,img/target_5.png
49,3,606,lattice,2,p,img/target_10.png
49,3,607,lattice,0,w,img/target_2.png
49,3,608,lattice,2,p,img/target_10.png
49,3,609,lattice,4,b,img/target_6.png
49,3,610,lattice,5,r,img/target_4.png
49,3,611,lattice,4,b,img/target_6.png
49,3,612,lattice,3,v,img/target_5.png
49,3,613,lattice,5,r,img/target_4.png
49,3,614,lattice,7,o,img/target_9.png
49,3,615,lattice,5,r,img/target_4.png
49,3,616,lattice,4,b,img/target_6.png
49,3,617,lattice,5,r,img/target_4.png
49,3,618,lattice,4,b,img/target_6.png
49,3,619,lattice,5,r,img/target_4.png
49,3,620,lattice,7,o,img/target_9.png
49,3,621,lattice,5,r,img/target_4.png
49,3,622,lattice,7,o,img/target_9.png
49,3,623,lattice,8,i,img/target_8.png
49,3,624,lattice,7,o,img/target_9.png
49,3,625,lattice,5,r,img/target_4.png
49,3,626,lattice,7,o,img/target_9.png
49,3,627,lattice,5,r,img/target_4.png
49,3,628,lattice,6,q,img/target_1.png
49,3,629,lattice,4,b,img/target_6.png
49,3,630,lattice,2,p,img/target_10.png
49,3,631,lattice,3,v,img/target_5.png
49,3,632,lattice,5,r,img/target_4.png
49,3,633,lattice,6,q,img/target_1.png
49,3,634,lattice,5,r,img/target_4.png
49,3,635,lattice,4,b,img/target_6.png
49,3,636,lattice,2,p,img/target_10.png
49,3,637,lattice,4,b,img/target_6.png
49,3,638,lattice,3,v,img/target_5.png
49,3,639,lattice,5,r,img/target_4.png
49,3,640,lattice,7,o,img/target_9.png
49,3,641,lattice,5,r,img/target_4.png
49,3,642,lattice,6,q,img/target_1.png
49,3,643,lattice,7,o,img/target_9.png
49,3,644,lattice,9,e,img/target_3.png
49,3,645,lattice,0,w,img/target_2.png
49,3,646,lattice,2,p,img/target_10.png
49,3,647,lattice,0,w,img/target_2.png
49,3,648,lattice,2,p,img/target_10.png
49,3,649,lattice,3,v,img/target_5.png
49,3,650,lattice,4,b,img/target_6.png
49,3,651,lattice,2,p,img/target_10.png
49,3,652,lattice,1,u,img/target_7.png
49,3,653,lattice,0,w,img/target_2.png
49,3,654,lattice,8,i,img/target_8.png
49,3,655,lattice,6,q,img/target_1.png
49,3,656,lattice,4,b,img/target_6.png
49,3,657,lattice,3,v,img/target_5.png
49,3,658,lattice,2,p,img/target_10.png
49,3,659,lattice,3,v,img/target_5.png
49,3,660,lattice,5,r,img/target_4.png
49,3,661,lattice,7,o,img/target_9.png
49,3,662,lattice,8,i,img/target_8.png
49,3,663,lattice,9,e,img/target_3.png
49,3,664,lattice,8,i,img/target_8.png
49,3,665,lattice,0,w,img/target_2.png
49,3,666,lattice,1,u,img/target_7.png
49,3,667,lattice,0,w,img/target_2.png
49,3,668,lattice,2,p,img/target_10.png
49,3,669,lattice,4,b,img/target_6.png
49,3,670,lattice,2,p,img/target_10.png
49,3,671,lattice,3,v,img/target_5.png
49,3,672,lattice,4,b,img/target_6.png
49,3,673,lattice,3,v,img/target_5.png
49,3,674,lattice,5,r,img/target_4.png
49,3,675,lattice,3,v,img/target_5.png
49,3,676,lattice,2,p,img/target_10.png
49,3,677,lattice,1,u,img/target_7.png
49,3,678,lattice,0,w,img/target_2.png
49,3,679,lattice,2,p,img/target_10.png
49,3,680,lattice,4,b,img/target_6.png
49,3,681,lattice,3,v,img/target_5.png
49,3,682,lattice,1,u,img/target_7.png
49,3,683,lattice,2,p,img/target_10.png
49,3,684,lattice,0,w,img/target_2.png
49,3,685,lattice,9,e,img/target_3.png
49,3,686,lattice,0,w,img/target_2.png
49,3,687,lattice,1,u,img/target_7.png
49,3,688,lattice,9,e,img/target_3.png
49,3,689,lattice,0,w,img/target_2.png
49,3,690,lattice,9,e,img/target_3.png
49,3,691,lattice,1,u,img/target_7.png
49,3,692,lattice,9,e,img/target_3.png
49,3,693,lattice,8,i,img/target_8.png
49,3,694,lattice,6,q,img/target_1.png
49,3,695,lattice,8,i,img/target_8.png
49,3,696,lattice,7,o,img/target_9.png
49,3,697,lattice,6,q,img/target_1.png
49,3,698,lattice,7,o,img/target_9.png
49,3,699,lattice,6,q,img/target_1.png
49,3,700,lattice,4,b,img/target_6.png
49,3,701,lattice,3,v,img/target_5.png
49,3,702,lattice,4,b,img/target_6.png
49,3,703,lattice,3,v,img/target_5.png
49,3,704,lattice,1,u,img/target_7.png
49,3,705,lattice,9,e,img/target_3.png
49,3,706,lattice,7,o,img/target_9.png
49,3,707,lattice,9,e,img/target_3.png
49,3,708,lattice,0,w,img/target_2.png
49,3,709,lattice,9,e,img/target_3.png
49,3,710,lattice,8,i,img/target_8.png
49,3,711,lattice,0,w,img/target_2.png
49,3,712,lattice,8,i,img/target_8.png
49,3,713,lattice,0,w,img/target_2.png
49,3,714,lattice,8,i,img/target_8.png
49,3,715,lattice,6,q,img/target_1.png
49,3,716,lattice,7,o,img/target_9.png
49,3,717,lattice,9,e,img/target_3.png
49,3,718,lattice,0,w,img/target_2.png
49,3,719,lattice,1,u,img/target_7.png
49,3,720,lattice,2,p,img/target_10.png
49,3,721,lattice,1,u,img/target_7.png
49,3,722,lattice,0,w,img/target_2.png
49,3,723,lattice,1,u,img/target_7.png
49,3,724,lattice,3,v,img/target_5.png
49,3,725,lattice,5,r,img/target_4.png
49,3,726,lattice,7,o,img/target_9.png
49,3,727,lattice,8,i,img/target_8.png
49,3,728,lattice,0,w,img/target_2.png
49,3,729,lattice,2,p,img/target_10.png
49,3,730,lattice,4,b,img/target_6.png
49,3,731,lattice,6,q,img/target_1.png
49,3,732,lattice,4,b,img/target_6.png
49,3,733,lattice,6,q,img/target_1.png
49,3,734,lattice,8,i,img/target_8.png
49,3,735,lattice,9,e,img/target_3.png
49,3,736,lattice,1,u,img/target_7.png
49,3,737,lattice,0,w,img/target_2.png
49,3,738,lattice,2,p,img/target_10.png
49,3,739,lattice,1,u,img/target_7.png
49,3,740,lattice,3,v,img/target_5.png
49,3,741,lattice,5,r,img/target_4.png
49,3,742,lattice,4,b,img/target_6.png
49,3,743,lattice,6,q,img/target_1.png
49,3,744,lattice,7,o,img/target_9.png
49,3,745,lattice,5,r,img/target_4.png
49,3,746,lattice,7,o,img/target_9.png
49,3,747,lattice,8,i,img/target_8.png
49,3,748,lattice,6,q,img/target_1.png
49,3,749,lattice,4,b,img/target_6.png
49,3,750,lattice,5,r,img/target_4.png
49,3,751,lattice,3,v,img/target_5.png
49,3,752,lattice,1,u,img/target_7.png
49,3,753,lattice,2,p,img/target_10.png
49,3,754,lattice,4,b,img/target_6.png
49,3,755,lattice,3,v,img/target_5.png
49,3,756,lattice,5,r,img/target_4.png
49,3,757,lattice,3,v,img/target_5.png
49,3,758,lattice,5,r,img/target_4.png
49,3,759,lattice,3,v,img/target_5.png
49,3,760,lattice,4,b,img/target_6.png
49,3,761,lattice,2,p,img/target_10.png
49,3,762,lattice,1,u,img/target_7.png
49,3,763,lattice,2,p,img/target_10.png
49,3,764,lattice,1,u,img/target_7.png
49,3,765,lattice,0,w,img/target_2.png
49,3,766,lattice,1,u,img/target_7.png
49,3,767,lattice,9,e,img/target_3.png
49,3,768,lattice,0,w,img/target_2.png
49,3,769,lattice,1,u,img/target_7.png
49,3,770,lattice,2,p,img/target_10.png
49,3,771,lattice,1,u,img/target_7.png
49,3,772,lattice,3,v,img/target_5.png
49,3,773,lattice,1,u,img/target_7.png
49,3,774,lattice,0,w,img/target_2.png
49,3,775,lattice,9,e,img/target_3.png
49,3,776,lattice,7,o,img/target_9.png
49,3,777,lattice,9,e,img/target_3.png
49,3,778,lattice,7,o,img/target_9.png
49,3,779,lattice,5,r,img/target_4.png
49,3,780,lattice,3,v,img/target_5.png
49,3,781,lattice,1,u,img/target_7.png
49,3,782,lattice,0,w,img/target_2.png
49,3,783,lattice,1,u,img/target_7.png
49,3,784,lattice,9,e,img/target_3.png
49,3,785,lattice,7,o,img/target_9.png
49,3,786,lattice,9,e,img/target_3.png
49,3,787,lattice,8,i,img/target_8.png
49,3,788,lattice,7,o,img/target_9.png
49,3,789,lattice,6,q,img/target_1.png
49,3,790,lattice,5,r,img/target_4.png
49,3,791,lattice,3,v,img/target_5.png
49,3,792,lattice,1,u,img/target_7.png
49,3,793,lattice,9,e,img/target_3.png
49,3,794,lattice,7,o,img/target_9.png
49,3,795,lattice,5,r,img/target_4.png
49,3,796,lattice,7,o,img/target_9.png
49,3,797,lattice,8,i,img/target_8.png
49,3,798,lattice,0,w,img/target_2.png
49,3,799,lattice,2,p,img/target_10.png
49,3,800,lattice,3,v,img/target_5.png
49,3,801,lattice,5,r,img/target_4.png
49,3,802,lattice,6,q,img/target_1.png
49,3,803,lattice,5,r,img/target_4.png
49,3,804,lattice,3,v,img/target_5.png
49,3,805,lattice,1,u,img/target_7.png
49,3,806,lattice,0,w,img/target_2.png
49,3,807,lattice,9,e,img/target_3.png
49,3,808,lattice,0,w,img/target_2.png
49,3,809,lattice,8,i,img/target_8.png
49,3,810,lattice,0,w,img/target_2.png
49,3,811,lattice,9,e,img/target_3.png
49,3,812,lattice,7,o,img/target_9.png
49,3,813,lattice,8,i,img/target_8.png
49,3,814,lattice,0,w,img/target_2.png
49,3,815,lattice,1,u,img/target_7.png
49,3,816,lattice,9,e,img/target_3.png
49,3,817,lattice,0,w,img/target_2.png
49,3,818,lattice,9,e,img/target_3.png
49,3,819,lattice,7,o,img/target_9.png
49,3,820,lattice,8,i,img/target_8.png
49,3,821,lattice,6,q,img/target_1.png
49,3,822,lattice,7,o,img/target_9.png
49,3,823,lattice,6,q,img/target_1.png
49,3,824,lattice,7,o,img/target_9.png
49,3,825,lattice,9,e,img/target_3.png
49,3,826,lattice,1,u,img/target_7.png
49,3,827,lattice,0,w,img/target_2.png
49,3,828,lattice,9,e,img/target_3.png
49,3,829,lattice,7,o,img/target_9.png
49,3,830,lattice,5,r,img/target_4.png
49,3,831,lattice,7,o,img/target_9.png
49,3,832,lattice,6,q,img/target_1.png
49,3,833,lattice,8,i,img/target_8.png
49,3,834,lattice,9,e,img/target_3.png
49,3,835,lattice,7,o,img/target_9.png
49,3,836,lattice,9,e,img/target_3.png
49,3,837,lattice,7,o,img/target_9.png
49,3,838,lattice,9,e,img/target_3.png
49,3,839,lattice,7,o,img/target_9.png
49,3,840,lattice,9,e,img/target_3.png
49,3,841,lattice,1,u,img/target_7.png
49,3,842,lattice,3,v,img/target_5.png
49,3,843,lattice,5,r,img/target_4.png
49,3,844,lattice,3,v,img/target_5.png
49,3,845,lattice,2,p,img/target_10.png
49,3,846,lattice,4,b,img/target_6.png
49,3,847,lattice,5,r,img/target_4.png
49,3,848,lattice,4,b,img/target_6.png
49,3,849,lattice,3,v,img/target_5.png
49,3,850,lattice,2,p,img/target_10.png
49,3,851,lattice,3,v,img/target_5.png
49,3,852,lattice,5,r,img/target_4.png
49,3,853,lattice,4,b,img/target_6.png
49,3,854,lattice,6,q,img/target_1.png
49,3,855,lattice,7,o,img/target_9.png
49,3,856,lattice,9,e,img/target_3.png
49,3,857,lattice,0,w,img/target_2.png
49,3,858,lattice,8,i,img/target_8.png
49,3,859,lattice,7,o,img/target_9.png
49,3,860,lattice,8,i,img/target_8.png
49,3,861,lattice,6,q,img/target_1.png
49,3,862,lattice,7,o,img/target_9.png
49,3,863,lattice,8,i,img/target_8.png
49,3,864,lattice,0,w,img/target_2.png
49,3,865,lattice,1,u,img/target_7.png
49,3,866,lattice,3,v,img/target_5.png
49,3,867,lattice,4,b,img/target_6.png
49,3,868,lattice,6,q,img/target_1.png
49,3,869,lattice,5,r,img/target_4.png
49,3,870,lattice,7,o,img/target_9.png
49,3,871,lattice,8,i,img/target_8.png
49,3,872,lattice,7,o,img/target_9.png
49,3,873,lattice,8,i,img/target_8.png
49,3,874,lattice,6,q,img/target_1.png
49,3,875,lattice,7,o,img/target_9.png
49,3,876,lattice,5,r,img/target_4.png
49,3,877,lattice,3,v,img/target_5.png
49,3,878,lattice,1,u,img/target_7.png
49,3,879,lattice,3,v,img/target_5.png
49,3,880,lattice,5,r,img/target_4.png
49,3,881,lattice,7,o,img/target_9.png
49,3,882,lattice,6,q,img/target_1.png
49,3,883,lattice,7,o,img/target_9.png
49,3,884,lattice,5,r,img/target_4.png
49,3,885,lattice,6,q,img/target_1.png
49,3,886,lattice,5,r,img/target_4.png
49,3,887,lattice,3,v,img/target_5.png
49,3,888,lattice,4,b,img/target_6.png
49,3,889,lattice,2,p,img/target_10.png
49,3,890,lattice,0,w,img/target_2.png
49,3,891,lattice,9,e,img/target_3.png
49,3,892,lattice,0,w,img/target_2.png
49,3,893,lattice,9,e,img/target_3.png
49,3,894,lattice,0,w,img/target_2.png
49,3,895,lattice,9,e,img/target_3.png
49,3,896,lattice,1,u,img/target_7.png
49,3,897,lattice,0,w,img/target_2.png
49,3,898,lattice,1,u,img/target_7.png
49,3,899,lattice,3,v,img/target_5.png
49,3,900,lattice,5,r,img/target_4.png
49,3,901,lattice,3,v,img/target_5.png
49,3,902,lattice,5,r,img/target_4.png
49,3,903,lattice,3,v,img/target_5.png
49,3,904,lattice,2,p,img/target_10.png
49,3,905,lattice,4,b,img/target_6.png
49,3,906,lattice,6,q,img/target_1.png
49,3,907,lattice,4,b,img/target_6.png
49,3,908,lattice,3,v,img/target_5.png
49,3,909,lattice,2,p,img/target_10.png
49,3,910,lattice,3,v,img/target_5.png
49,3,911,lattice,5,r,img/target_4.png
49,3,912,lattice,4,b,img/target_6.png
49,3,913,lattice,5,r,img/target_4.png
49,3,914,lattice,3,v,img/target_5.png
49,3,915,lattice,4,b,img/target_6.png
49,3,916,lattice,3,v,img/target_5.png
49,3,917,lattice,2,p,img/target_10.png
49,3,918,lattice,4,b,img/target_6.png
49,3,919,lattice,5,r,img/target_4.png
49,3,920,lattice,4,b,img/target_6.png
49,3,921,lattice,2,p,img/target_10.png
49,3,922,lattice,4,b,img/target_6.png
49,3,923,lattice,3,v,img/target_5.png
49,3,924,lattice,4,b,img/target_6.png
49,3,925,lattice,2,p,img/target_10.png
49,3,926,lattice,4,b,img/target_6.png
49,3,927,lattice,3,v,img/target_5.png
49,3,928,lattice,4,b,img/target_6.png
49,3,929,lattice,5,r,img/target_4.png
49,3,930,lattice,3,v,img/target_5.png
49,3,931,lattice,5,r,img/target_4.png
49,3,932,lattice,4,b,img/target_6.png
49,3,933,lattice,3,v,img/target_5.png
49,3,934,lattice,2,p,img/target_10.png
49,3,935,lattice,4,b,img/target_6.png
49,3,936,lattice,3,v,img/target_5.png
49,3,937,lattice,2,p,img/target_10.png
49,3,938,lattice,1,u,img/target_7.png
49,3,939,lattice,2,p,img/target_10.png
49,3,940,lattice,3,v,img/target_5.png
49,3,941,lattice,1,u,img/target_7.png
49,3,942,lattice,2,p,img/target_10.png
49,3,943,lattice,1,u,img/target_7.png
49,3,944,lattice,3,v,img/target_5.png
49,3,945,lattice,1,u,img/target_7.png
49,3,946,lattice,9,e,img/target_3.png
49,3,947,lattice,1,u,img/target_7.png
49,3,948,lattice,2,p,img/target_10.png
49,3,949,lattice,1,u,img/target_7.png
49,3,950,lattice,2,p,img/target_10.png
49,3,951,lattice,1,u,img/target_7.png
49,3,952,lattice,9,e,img/target_3.png
49,3,953,lattice,7,o,img/target_9.png
49,3,954,lattice,8,i,img/target_8.png
49,3,955,lattice,9,e,img/target_3.png
49,3,956,lattice,7,o,img/target_9.png
49,3,957,lattice,6,q,img/target_1.png
49,3,958,lattice,8,i,img/target_8.png
49,3,959,lattice,9,e,img/target_3.png
49,3,960,lattice,8,i,img/target_8.png
49,3,961,lattice,7,o,img/target_9.png
49,3,962,lattice,8,i,img/target_8.png
49,3,963,lattice,7,o,img/target_9.png
49,3,964,lattice,8,i,img/target_8.png
49,3,965,lattice,6,q,img/target_1.png
49,3,966,lattice,7,o,img/target_9.png
49,3,967,lattice,9,e,img/target_3.png
49,3,968,lattice,8,i,img/target_8.png
49,3,969,lattice,7,o,img/target_9.png
49,3,970,lattice,9,e,img/target_3.png
49,3,971,lattice,0,w,img/target_2.png
49,3,972,lattice,1,u,img/target_7.png
49,3,973,lattice,3,v,img/target_5.png
49,3,974,lattice,5,r,img/target_4.png
49,3,975,lattice,3,v,img/target_5.png
49,3,976,lattice,5,r,img/target_4.png
49,3,977,lattice,7,o,img/target_9.png
49,3,978,lattice,8,i,img/target_8.png
49,3,979,lattice,6,q,img/target_1.png
49,3,980,lattice,4,b,img/target_6.png
49,3,981,lattice,6,q,img/target_1.png
49,3,982,lattice,7,o,img/target_9.png
49,3,983,lattice,9,e,img/target_3.png
49,3,984,lattice,8,i,img/target_8.png
49,3,985,lattice,0,w,img/target_2.png
49,3,986,lattice,9,e,img/target_3.png
49,3,987,lattice,7,o,img/target_9.png
49,3,988,lattice,8,i,img/target_8.png
49,3,989,lattice,0,w,img/target_2.png
49,3,990,lattice,8,i,img/target_8.png
49,3,991,lattice,0,w,img/target_2.png
49,3,992,lattice,1,u,img/target_7.png
49,3,993,lattice,3,v,img/target_5.png
49,3,994,lattice,1,u,img/target_7.png
49,3,995,lattice,3,v,img/target_5.png
49,3,996,lattice,4,b,img/target_6.png
49,3,997,lattice,3,v,img/target_5.png
49,3,998,lattice,2,p,img/target_10.png
49,3,999,lattice,3,v,img/target_5.png
49,3,1000,lattice,2,p,img/target_10.png
