pID,trialNum,graph,walk,resp,path
25,1,lattice,4,e,img/target_3.png
25,2,lattice,6,r,img/target_4.png
25,3,lattice,5,o,img/target_9.png
25,4,lattice,6,r,img/target_4.png
25,5,lattice,8,p,img/target_10.png
25,6,lattice,7,u,img/target_7.png
25,7,lattice,9,b,img/target_6.png
25,8,lattice,1,q,img/target_1.png
25,9,lattice,9,b,img/target_6.png
25,10,lattice,8,p,img/target_10.png
25,11,lattice,9,b,img/target_6.png
25,12,lattice,7,u,img/target_7.png
25,13,lattice,9,b,img/target_6.png
25,14,lattice,1,q,img/target_1.png
25,15,lattice,2,w,img/target_2.png
25,16,lattice,0,v,img/target_5.png
25,17,lattice,8,p,img/target_10.png
25,18,lattice,0,v,img/target_5.png
25,19,lattice,1,q,img/target_1.png
25,20,lattice,0,v,img/target_5.png
25,21,lattice,2,w,img/target_2.png
25,22,lattice,3,i,img/target_8.png
25,23,lattice,4,e,img/target_3.png
25,24,lattice,5,o,img/target_9.png
25,25,lattice,4,e,img/target_3.png
25,26,lattice,5,o,img/target_9.png
25,27,lattice,6,r,img/target_4.png
25,28,lattice,8,p,img/target_10.png
25,29,lattice,7,u,img/target_7.png
25,30,lattice,8,p,img/target_10.png
25,31,lattice,0,v,img/target_5.png
25,32,lattice,9,b,img/target_6.png
25,33,lattice,7,u,img/target_7.png
25,34,lattice,8,p,img/target_10.png
25,35,lattice,6,r,img/target_4.png
25,36,lattice,5,o,img/target_9.png
25,37,lattice,3,i,img/target_8.png
25,38,lattice,1,q,img/target_1.png
25,39,lattice,0,v,img/target_5.png
25,40,lattice,2,w,img/target_2.png
25,41,lattice,4,e,img/target_3.png
25,42,lattice,3,i,img/target_8.png
25,43,lattice,4,e,img/target_3.png
25,44,lattice,3,i,img/target_8.png
25,45,lattice,2,w,img/target_2.png
25,46,lattice,1,q,img/target_1.png
25,47,lattice,3,i,img/target_8.png
25,48,lattice,1,q,img/target_1.png
25,49,lattice,3,i,img/target_8.png
25,50,lattice,4,e,img/target_3.png
25,51,lattice,5,o,img/target_9.png
25,52,lattice,6,r,img/target_4.png
25,53,lattice,5,o,img/target_9.png
25,54,lattice,7,u,img/target_7.png
25,55,lattice,5,o,img/target_9.png
25,56,lattice,6,r,img/target_4.png
25,57,lattice,5,o,img/target_9.png
25,58,lattice,4,e,img/target_3.png
25,59,lattice,6,r,img/target_4.png
25,60,lattice,4,e,img/target_3.png
25,61,lattice,3,i,img/target_8.png
25,62,lattice,4,e,img/target_3.png
25,63,lattice,2,w,img/target_2.png
25,64,lattice,0,v,img/target_5.png
25,65,lattice,9,b,img/target_6.png
25,66,lattice,0,v,img/target_5.png
25,67,lattice,2,w,img/target_2.png
25,68,lattice,3,i,img/target_8.png
25,69,lattice,1,q,img/target_1.png
25,70,lattice,0,v,img/target_5.png
25,71,lattice,9,b,img/target_6.png
25,72,lattice,1,q,img/target_1.png
25,73,lattice,3,i,img/target_8.png
25,74,lattice,5,o,img/target_9.png
25,75,lattice,6,r,img/target_4.png
25,76,lattice,5,o,img/target_9.png
25,77,lattice,7,u,img/target_7.png
25,78,lattice,6,r,img/target_4.png
25,79,lattice,4,e,img/target_3.png
25,80,lattice,5,o,img/target_9.png
25,81,lattice,6,r,img/target_4.png
25,82,lattice,7,u,img/target_7.png
25,83,lattice,8,p,img/target_10.png
25,84,lattice,9,b,img/target_6.png
25,85,lattice,0,v,img/target_5.png
25,86,lattice,1,q,img/target_1.png
25,87,lattice,0,v,img/target_5.png
25,88,lattice,2,w,img/target_2.png
25,89,lattice,3,i,img/target_8.png
25,90,lattice,5,o,img/target_9.png
25,91,lattice,7,u,img/target_7.png
25,92,lattice,6,r,img/target_4.png
25,93,lattice,8,p,img/target_10.png
25,94,lattice,7,u,img/target_7.png
25,95,lattice,5,o,img/target_9.png
25,96,lattice,6,r,img/target_4.png
25,97,lattice,8,p,img/target_10.png
25,98,lattice,9,b,img/target_6.png
25,99,lattice,0,v,img/target_5.png
25,100,lattice,1,q,img/target_1.png
25,101,lattice,3,i,img/target_8.png
25,102,lattice,1,q,img/target_1.png
25,103,lattice,0,v,img/target_5.png
25,104,lattice,1,q,img/target_1.png
25,105,lattice,3,i,img/target_8.png
25,106,lattice,4,e,img/target_3.png
25,107,lattice,2,w,img/target_2.png
25,108,lattice,3,i,img/target_8.png
25,109,lattice,1,q,img/target_1.png
25,110,lattice,2,w,img/target_2.png
25,111,lattice,1,q,img/target_1.png
25,112,lattice,3,i,img/target_8.png
25,113,lattice,1,q,img/target_1.png
25,114,lattice,9,b,img/target_6.png
25,115,lattice,0,v,img/target_5.png
25,116,lattice,2,w,img/target_2.png
25,117,lattice,3,i,img/target_8.png
25,118,lattice,1,q,img/target_1.png
25,119,lattice,3,i,img/target_8.png
25,120,lattice,2,w,img/target_2.png
25,121,lattice,3,i,img/target_8.png
25,122,lattice,5,o,img/target_9.png
25,123,lattice,4,e,img/target_3.png
25,124,lattice,5,o,img/target_9.png
25,125,lattice,4,e,img/target_3.png
25,126,lattice,3,i,img/target_8.png
25,127,lattice,5,o,img/target_9.png
25,128,lattice,4,e,img/target_3.png
25,129,lattice,6,r,img/target_4.png
25,130,lattice,8,p,img/target_10.png
25,131,lattice,0,v,img/target_5.png
25,132,lattice,2,w,img/target_2.png
25,133,lattice,1,q,img/target_1.png
25,134,lattice,3,i,img/target_8.png
25,135,lattice,5,o,img/target_9.png
25,136,lattice,3,i,img/target_8.png
25,137,lattice,4,e,img/target_3.png
25,138,lattice,6,r,img/target_4.png
25,139,lattice,7,u,img/target_7.png
25,140,lattice,5,o,img/target_9.png
25,141,lattice,3,i,img/target_8.png
25,142,lattice,1,q,img/target_1.png
25,143,lattice,0,v,img/target_5.png
25,144,lattice,9,b,img/target_6.png
25,145,lattice,1,q,img/target_1.png
25,146,lattice,0,v,img/target_5.png
25,147,lattice,2,w,img/target_2.png
25,148,lattice,4,e,img/target_3.png
25,149,lattice,6,r,img/target_4.png
25,150,lattice,5,o,img/target_9.png
25,151,lattice,3,i,img/target_8.png
25,152,lattice,1,q,img/target_1.png
25,153,lattice,0,v,img/target_5.png
25,154,lattice,2,w,img/target_2.png
25,155,lattice,0,v,img/target_5.png
25,156,lattice,1,q,img/target_1.png
25,157,lattice,9,b,img/target_6.png
25,158,lattice,1,q,img/target_1.png
25,159,lattice,0,v,img/target_5.png
25,160,lattice,8,p,img/target_10.png
25,161,lattice,0,v,img/target_5.png
25,162,lattice,1,q,img/target_1.png
25,163,lattice,3,i,img/target_8.png
25,164,lattice,5,o,img/target_9.png
25,165,lattice,4,e,img/target_3.png
25,166,lattice,2,w,img/target_2.png
25,167,lattice,3,i,img/target_8.png
25,168,lattice,5,o,img/target_9.png
25,169,lattice,4,e,img/target_3.png
25,170,lattice,2,w,img/target_2.png
25,171,lattice,4,e,img/target_3.png
25,172,lattice,5,o,img/target_9.png
25,173,lattice,3,i,img/target_8.png
25,174,lattice,1,q,img/target_1.png
25,175,lattice,0,v,img/target_5.png
25,176,lattice,8,p,img/target_10.png
25,177,lattice,9,b,img/target_6.png
25,178,lattice,0,v,img/target_5.png
25,179,lattice,9,b,img/target_6.png
25,180,lattice,8,p,img/target_10.png
25,181,lattice,0,v,img/target_5.png
25,182,lattice,8,p,img/target_10.png
25,183,lattice,6,r,img/target_4.png
25,184,lattice,5,o,img/target_9.png
25,185,lattice,3,i,img/target_8.png
25,186,lattice,4,e,img/target_3.png
25,187,lattice,3,i,img/target_8.png
25,188,lattice,1,q,img/target_1.png
25,189,lattice,9,b,img/target_6.png
25,190,lattice,7,u,img/target_7.png
25,191,lattice,8,p,img/target_10.png
25,192,lattice,7,u,img/target_7.png
25,193,lattice,9,b,img/target_6.png
25,194,lattice,1,q,img/target_1.png
25,195,lattice,2,w,img/target_2.png
25,196,lattice,0,v,img/target_5.png
25,197,lattice,2,w,img/target_2.png
25,198,lattice,1,q,img/target_1.png
25,199,lattice,2,w,img/target_2.png
25,200,lattice,1,q,img/target_1.png
25,201,lattice,9,b,img/target_6.png
25,202,lattice,1,q,img/target_1.png
25,203,lattice,0,v,img/target_5.png
25,204,lattice,9,b,img/target_6.png
25,205,lattice,7,u,img/target_7.png
25,206,lattice,8,p,img/target_10.png
25,207,lattice,6,r,img/target_4.png
25,208,lattice,7,u,img/target_7.png
25,209,lattice,5,o,img/target_9.png
25,210,lattice,6,r,img/target_4.png
25,211,lattice,4,e,img/target_3.png
25,212,lattice,5,o,img/target_9.png
25,213,lattice,6,r,img/target_4.png
25,214,lattice,4,e,img/target_3.png
25,215,lattice,2,w,img/target_2.png
25,216,lattice,3,i,img/target_8.png
25,217,lattice,2,w,img/target_2.png
25,218,lattice,4,e,img/target_3.png
25,219,lattice,6,r,img/target_4.png
25,220,lattice,7,u,img/target_7.png
25,221,lattice,5,o,img/target_9.png
25,222,lattice,4,e,img/target_3.png
25,223,lattice,6,r,img/target_4.png
25,224,lattice,7,u,img/target_7.png
25,225,lattice,6,r,img/target_4.png
25,226,lattice,5,o,img/target_9.png
25,227,lattice,4,e,img/target_3.png
25,228,lattice,3,i,img/target_8.png
25,229,lattice,1,q,img/target_1.png
25,230,lattice,3,i,img/target_8.png
25,231,lattice,2,w,img/target_2.png
25,232,lattice,4,e,img/target_3.png
25,233,lattice,5,o,img/target_9.png
25,234,lattice,4,e,img/target_3.png
25,235,lattice,5,o,img/target_9.png
25,236,lattice,3,i,img/target_8.png
25,237,lattice,5,o,img/target_9.png
25,238,lattice,4,e,img/target_3.png
25,239,lattice,5,o,img/target_9.png
25,240,lattice,3,i,img/target_8.png
25,241,lattice,2,w,img/target_2.png
25,242,lattice,3,i,img/target_8.png
25,243,lattice,1,q,img/target_1.png
25,244,lattice,0,v,img/target_5.png
25,245,lattice,8,p,img/target_10.png
25,246,lattice,6,r,img/target_4.png
25,247,lattice,5,o,img/target_9.png
25,248,lattice,4,e,img/target_3.png
25,249,lattice,6,r,img/target_4.png
25,250,lattice,4,e,img/target_3.png
25,251,lattice,6,r,img/target_4.png
25,252,lattice,8,p,img/target_10.png
25,253,lattice,9,b,img/target_6.png
25,254,lattice,7,u,img/target_7.png
25,255,lattice,9,b,img/target_6.png
25,256,lattice,7,u,img/target_7.png
25,257,lattice,5,o,img/target_9.png
25,258,lattice,4,e,img/target_3.png
25,259,lattice,5,o,img/target_9.png
25,260,lattice,4,e,img/target_3.png
25,261,lattice,6,r,img/target_4.png
25,262,lattice,4,e,img/target_3.png
25,263,lattice,3,i,img/target_8.png
25,264,lattice,2,w,img/target_2.png
25,265,lattice,4,e,img/target_3.png
25,266,lattice,2,w,img/target_2.png
25,267,lattice,1,q,img/target_1.png
25,268,lattice,0,v,img/target_5.png
25,269,lattice,1,q,img/target_1.png
25,270,lattice,0,v,img/target_5.png
25,271,lattice,2,w,img/target_2.png
25,272,lattice,4,e,img/target_3.png
25,273,lattice,6,r,img/target_4.png
25,274,lattice,8,p,img/target_10.png
25,275,lattice,7,u,img/target_7.png
25,276,lattice,8,p,img/target_10.png
25,277,lattice,6,r,img/target_4.png
25,278,lattice,8,p,img/target_10.png
25,279,lattice,7,u,img/target_7.png
25,280,lattice,9,b,img/target_6.png
25,281,lattice,0,v,img/target_5.png
25,282,lattice,8,p,img/target_10.png
25,283,lattice,9,b,img/target_6.png
25,284,lattice,0,v,img/target_5.png
25,285,lattice,8,p,img/target_10.png
25,286,lattice,0,v,img/target_5.png
25,287,lattice,8,p,img/target_10.png
25,288,lattice,6,r,img/target_4.png
25,289,lattice,7,u,img/target_7.png
25,290,lattice,9,b,img/target_6.png
25,291,lattice,7,u,img/target_7.png
25,292,lattice,6,r,img/target_4.png
25,293,lattice,4,e,img/target_3.png
25,294,lattice,6,r,img/target_4.png
25,295,lattice,7,u,img/target_7.png
25,296,lattice,9,b,img/target_6.png
25,297,lattice,8,p,img/target_10.png
25,298,lattice,9,b,img/target_6.png
25,299,lattice,0,v,img/target_5.png
25,300,lattice,1,q,img/target_1.png
25,301,lattice,2,w,img/target_2.png
25,302,lattice,4,e,img/target_3.png
25,303,lattice,2,w,img/target_2.png
25,304,lattice,1,q,img/target_1.png
25,305,lattice,9,b,img/target_6.png
25,306,lattice,1,q,img/target_1.png
25,307,lattice,3,i,img/target_8.png
25,308,lattice,2,w,img/target_2.png
25,309,lattice,1,q,img/target_1.png
25,310,lattice,0,v,img/target_5.png
25,311,lattice,9,b,img/target_6.png
25,312,lattice,7,u,img/target_7.png
25,313,lattice,6,r,img/target_4.png
25,314,lattice,5,o,img/target_9.png
25,315,lattice,6,r,img/target_4.png
25,316,lattice,5,o,img/target_9.png
25,317,lattice,4,e,img/target_3.png
25,318,lattice,6,r,img/target_4.png
25,319,lattice,8,p,img/target_10.png
25,320,lattice,0,v,img/target_5.png
25,321,lattice,1,q,img/target_1.png
25,322,lattice,2,w,img/target_2.png
25,323,lattice,4,e,img/target_3.png
25,324,lattice,5,o,img/target_9.png
25,325,lattice,6,r,img/target_4.png
25,326,lattice,7,u,img/target_7.png
25,327,lattice,5,o,img/target_9.png
25,328,lattice,7,u,img/target_7.png
25,329,lattice,5,o,img/target_9.png
25,330,lattice,6,r,img/target_4.png
25,331,lattice,4,e,img/target_3.png
25,332,lattice,2,w,img/target_2.png
25,333,lattice,3,i,img/target_8.png
25,334,lattice,5,o,img/target_9.png
25,335,lattice,7,u,img/target_7.png
25,336,lattice,6,r,img/target_4.png
25,337,lattice,4,e,img/target_3.png
25,338,lattice,3,i,img/target_8.png
25,339,lattice,2,w,img/target_2.png
25,340,lattice,1,q,img/target_1.png
25,341,lattice,2,w,img/target_2.png
25,342,lattice,3,i,img/target_8.png
25,343,lattice,5,o,img/target_9.png
25,344,lattice,6,r,img/target_4.png
25,345,lattice,5,o,img/target_9.png
25,346,lattice,6,r,img/target_4.png
25,347,lattice,4,e,img/target_3.png
25,348,lattice,6,r,img/target_4.png
25,349,lattice,4,e,img/target_3.png
25,350,lattice,5,o,img/target_9.png
25,351,lattice,6,r,img/target_4.png
25,352,lattice,8,p,img/target_10.png
25,353,lattice,0,v,img/target_5.png
25,354,lattice,2,w,img/target_2.png
25,355,lattice,4,e,img/target_3.png
25,356,lattice,6,r,img/target_4.png
25,357,lattice,7,u,img/target_7.png
25,358,lattice,9,b,img/target_6.png
25,359,lattice,7,u,img/target_7.png
25,360,lattice,6,r,img/target_4.png
25,361,lattice,4,e,img/target_3.png
25,362,lattice,6,r,img/target_4.png
25,363,lattice,8,p,img/target_10.png
25,364,lattice,9,b,img/target_6.png
25,365,lattice,7,u,img/target_7.png
25,366,lattice,9,b,img/target_6.png
25,367,lattice,1,q,img/target_1.png
25,368,lattice,2,w,img/target_2.png
25,369,lattice,4,e,img/target_3.png
25,370,lattice,2,w,img/target_2.png
25,371,lattice,1,q,img/target_1.png
25,372,lattice,3,i,img/target_8.png
25,373,lattice,1,q,img/target_1.png
25,374,lattice,3,i,img/target_8.png
25,375,lattice,4,e,img/target_3.png
25,376,lattice,3,i,img/target_8.png
25,377,lattice,5,o,img/target_9.png
25,378,lattice,6,r,img/target_4.png
25,379,lattice,8,p,img/target_10.png
25,380,lattice,9,b,img/target_6.png
25,381,lattice,7,u,img/target_7.png
25,382,lattice,9,b,img/target_6.png
25,383,lattice,0,v,img/target_5.png
25,384,lattice,2,w,img/target_2.png
25,385,lattice,1,q,img/target_1.png
25,386,lattice,2,w,img/target_2.png
25,387,lattice,3,i,img/target_8.png
25,388,lattice,2,w,img/target_2.png
25,389,lattice,4,e,img/target_3.png
25,390,lattice,6,r,img/target_4.png
25,391,lattice,7,u,img/target_7.png
25,392,lattice,6,r,img/target_4.png
25,393,lattice,8,p,img/target_10.png
25,394,lattice,0,v,img/target_5.png
25,395,lattice,8,p,img/target_10.png
25,396,lattice,6,r,img/target_4.png
25,397,lattice,7,u,img/target_7.png
25,398,lattice,5,o,img/target_9.png
25,399,lattice,6,r,img/target_4.png
25,400,lattice,5,o,img/target_9.png
25,401,lattice,4,e,img/target_3.png
25,402,lattice,5,o,img/target_9.png
25,403,lattice,7,u,img/target_7.png
25,404,lattice,5,o,img/target_9.png
25,405,lattice,3,i,img/target_8.png
25,406,lattice,4,e,img/target_3.png
25,407,lattice,5,o,img/target_9.png
25,408,lattice,7,u,img/target_7.png
25,409,lattice,9,b,img/target_6.png
25,410,lattice,0,v,img/target_5.png
25,411,lattice,1,q,img/target_1.png
25,412,lattice,0,v,img/target_5.png
25,413,lattice,2,w,img/target_2.png
25,414,lattice,1,q,img/target_1.png
25,415,lattice,9,b,img/target_6.png
25,416,lattice,1,q,img/target_1.png
25,417,lattice,0,v,img/target_5.png
25,418,lattice,2,w,img/target_2.png
25,419,lattice,0,v,img/target_5.png
25,420,lattice,2,w,img/target_2.png
25,421,lattice,0,v,img/target_5.png
25,422,lattice,9,b,img/target_6.png
25,423,lattice,8,p,img/target_10.png
25,424,lattice,6,r,img/target_4.png
25,425,lattice,7,u,img/target_7.png
25,426,lattice,5,o,img/target_9.png
25,427,lattice,4,e,img/target_3.png
25,428,lattice,2,w,img/target_2.png
25,429,lattice,3,i,img/target_8.png
25,430,lattice,5,o,img/target_9.png
25,431,lattice,4,e,img/target_3.png
25,432,lattice,3,i,img/target_8.png
25,433,lattice,5,o,img/target_9.png
25,434,lattice,6,r,img/target_4.png
25,435,lattice,5,o,img/target_9.png
25,436,lattice,3,i,img/target_8.png
25,437,lattice,1,q,img/target_1.png
25,438,lattice,3,i,img/target_8.png
25,439,lattice,5,o,img/target_9.png
25,440,lattice,3,i,img/target_8.png
25,441,lattice,2,w,img/target_2.png
25,442,lattice,0,v,img/target_5.png
25,443,lattice,9,b,img/target_6.png
25,444,lattice,1,q,img/target_1.png
25,445,lattice,9,b,img/target_6.png
25,446,lattice,8,p,img/target_10.png
25,447,lattice,0,v,img/target_5.png
25,448,lattice,1,q,img/target_1.png
25,449,lattice,3,i,img/target_8.png
25,450,lattice,2,w,img/target_2.png
25,451,lattice,0,v,img/target_5.png
25,452,lattice,1,q,img/target_1.png
25,453,lattice,9,b,img/target_6.png
25,454,lattice,1,q,img/target_1.png
25,455,lattice,0,v,img/target_5.png
25,456,lattice,1,q,img/target_1.png
25,457,lattice,0,v,img/target_5.png
25,458,lattice,9,b,img/target_6.png
25,459,lattice,7,u,img/target_7.png
25,460,lattice,6,r,img/target_4.png
25,461,lattice,5,o,img/target_9.png
25,462,lattice,3,i,img/target_8.png
25,463,lattice,4,e,img/target_3.png
25,464,lattice,2,w,img/target_2.png
25,465,lattice,1,q,img/target_1.png
25,466,lattice,3,i,img/target_8.png
25,467,lattice,1,q,img/target_1.png
25,468,lattice,2,w,img/target_2.png
25,469,lattice,4,e,img/target_3.png
25,470,lattice,3,i,img/target_8.png
25,471,lattice,4,e,img/target_3.png
25,472,lattice,3,i,img/target_8.png
25,473,lattice,1,q,img/target_1.png
25,474,lattice,2,w,img/target_2.png
25,475,lattice,3,i,img/target_8.png
25,476,lattice,1,q,img/target_1.png
25,477,lattice,9,b,img/target_6.png
25,478,lattice,7,u,img/target_7.png
25,479,lattice,5,o,img/target_9.png
25,480,lattice,7,u,img/target_7.png
25,481,lattice,5,o,img/target_9.png
25,482,lattice,4,e,img/target_3.png
25,483,lattice,3,i,img/target_8.png
25,484,lattice,4,e,img/target_3.png
25,485,lattice,3,i,img/target_8.png
25,486,lattice,1,q,img/target_1.png
25,487,lattice,0,v,img/target_5.png
25,488,lattice,2,w,img/target_2.png
25,489,lattice,0,v,img/target_5.png
25,490,lattice,2,w,img/target_2.png
25,491,lattice,4,e,img/target_3.png
25,492,lattice,3,i,img/target_8.png
25,493,lattice,2,w,img/target_2.png
25,494,lattice,0,v,img/target_5.png
25,495,lattice,9,b,img/target_6.png
25,496,lattice,8,p,img/target_10.png
25,497,lattice,0,v,img/target_5.png
25,498,lattice,2,w,img/target_2.png
25,499,lattice,3,i,img/target_8.png
25,500,lattice,4,e,img/target_3.png
25,501,lattice,2,w,img/target_2.png
25,502,lattice,4,e,img/target_3.png
25,503,lattice,5,o,img/target_9.png
25,504,lattice,7,u,img/target_7.png
25,505,lattice,9,b,img/target_6.png
25,506,lattice,7,u,img/target_7.png
25,507,lattice,5,o,img/target_9.png
25,508,lattice,6,r,img/target_4.png
25,509,lattice,5,o,img/target_9.png
25,510,lattice,3,i,img/target_8.png
25,511,lattice,1,q,img/target_1.png
25,512,lattice,3,i,img/target_8.png
25,513,lattice,1,q,img/target_1.png
25,514,lattice,9,b,img/target_6.png
25,515,lattice,1,q,img/target_1.png
25,516,lattice,0,v,img/target_5.png
25,517,lattice,2,w,img/target_2.png
25,518,lattice,4,e,img/target_3.png
25,519,lattice,3,i,img/target_8.png
25,520,lattice,5,o,img/target_9.png
25,521,lattice,7,u,img/target_7.png
25,522,lattice,6,r,img/target_4.png
25,523,lattice,8,p,img/target_10.png
25,524,lattice,0,v,img/target_5.png
25,525,lattice,1,q,img/target_1.png
25,526,lattice,9,b,img/target_6.png
25,527,lattice,8,p,img/target_10.png
25,528,lattice,9,b,img/target_6.png
25,529,lattice,1,q,img/target_1.png
25,530,lattice,0,v,img/target_5.png
25,531,lattice,2,w,img/target_2.png
25,532,lattice,1,q,img/target_1.png
25,533,lattice,0,v,img/target_5.png
25,534,lattice,1,q,img/target_1.png
25,535,lattice,3,i,img/target_8.png
25,536,lattice,2,w,img/target_2.png
25,537,lattice,0,v,img/target_5.png
25,538,lattice,1,q,img/target_1.png
25,539,lattice,3,i,img/target_8.png
25,540,lattice,2,w,img/target_2.png
25,541,lattice,0,v,img/target_5.png
25,542,lattice,8,p,img/target_10.png
25,543,lattice,0,v,img/target_5.png
25,544,lattice,2,w,img/target_2.png
25,545,lattice,0,v,img/target_5.png
25,546,lattice,2,w,img/target_2.png
25,547,lattice,4,e,img/target_3.png
25,548,lattice,2,w,img/target_2.png
25,549,lattice,1,q,img/target_1.png
25,550,lattice,3,i,img/target_8.png
25,551,lattice,1,q,img/target_1.png
25,552,lattice,0,v,img/target_5.png
25,553,lattice,1,q,img/target_1.png
25,554,lattice,3,i,img/target_8.png
25,555,lattice,4,e,img/target_3.png
25,556,lattice,6,r,img/target_4.png
25,557,lattice,7,u,img/target_7.png
25,558,lattice,5,o,img/target_9.png
25,559,lattice,7,u,img/target_7.png
25,560,lattice,8,p,img/target_10.png
25,561,lattice,9,b,img/target_6.png
25,562,lattice,0,v,img/target_5.png
25,563,lattice,8,p,img/target_10.png
25,564,lattice,9,b,img/target_6.png
25,565,lattice,7,u,img/target_7.png
25,566,lattice,8,p,img/target_10.png
25,567,lattice,9,b,img/target_6.png
25,568,lattice,7,u,img/target_7.png
25,569,lattice,6,r,img/target_4.png
25,570,lattice,7,u,img/target_7.png
25,571,lattice,5,o,img/target_9.png
25,572,lattice,6,r,img/target_4.png
25,573,lattice,4,e,img/target_3.png
25,574,lattice,6,r,img/target_4.png
25,575,lattice,7,u,img/target_7.png
25,576,lattice,5,o,img/target_9.png
25,577,lattice,4,e,img/target_3.png
25,578,lattice,2,w,img/target_2.png
25,579,lattice,3,i,img/target_8.png
25,580,lattice,5,o,img/target_9.png
25,581,lattice,4,e,img/target_3.png
25,582,lattice,2,w,img/target_2.png
25,583,lattice,1,q,img/target_1.png
25,584,lattice,3,i,img/target_8.png
25,585,lattice,5,o,img/target_9.png
25,586,lattice,3,i,img/target_8.png
25,587,lattice,5,o,img/target_9.png
25,588,lattice,4,e,img/target_3.png
25,589,lattice,5,o,img/target_9.png
25,590,lattice,4,e,img/target_3.png
25,591,lattice,6,r,img/target_4.png
25,592,lattice,7,u,img/target_7.png
25,593,lattice,6,r,img/target_4.png
25,594,lattice,7,u,img/target_7.png
25,595,lattice,9,b,img/target_6.png
25,596,lattice,1,q,img/target_1.png
25,597,lattice,2,w,img/target_2.png
25,598,lattice,0,v,img/target_5.png
25,599,lattice,1,q,img/target_1.png
25,600,lattice,9,b,img/target_6.png
25,601,lattice,8,p,img/target_10.png
25,602,lattice,0,v,img/target_5.png
25,603,lattice,9,b,img/target_6.png
25,604,lattice,1,q,img/target_1.png
25,605,lattice,0,v,img/target_5.png
25,606,lattice,1,q,img/target_1.png
25,607,lattice,9,b,img/target_6.png
25,608,lattice,1,q,img/target_1.png
25,609,lattice,0,v,img/target_5.png
25,610,lattice,9,b,img/target_6.png
25,611,lattice,1,q,img/target_1.png
25,612,lattice,3,i,img/target_8.png
25,613,lattice,1,q,img/target_1.png
25,614,lattice,9,b,img/target_6.png
25,615,lattice,8,p,img/target_10.png
25,616,lattice,0,v,img/target_5.png
25,617,lattice,1,q,img/target_1.png
25,618,lattice,0,v,img/target_5.png
25,619,lattice,9,b,img/target_6.png
25,620,lattice,7,u,img/target_7.png
25,621,lattice,8,p,img/target_10.png
25,622,lattice,0,v,img/target_5.png
25,623,lattice,2,w,img/target_2.png
25,624,lattice,0,v,img/target_5.png
25,625,lattice,9,b,img/target_6.png
25,626,lattice,1,q,img/target_1.png
25,627,lattice,0,v,img/target_5.png
25,628,lattice,9,b,img/target_6.png
25,629,lattice,8,p,img/target_10.png
25,630,lattice,9,b,img/target_6.png
25,631,lattice,0,v,img/target_5.png
25,632,lattice,8,p,img/target_10.png
25,633,lattice,9,b,img/target_6.png
25,634,lattice,0,v,img/target_5.png
25,635,lattice,2,w,img/target_2.png
25,636,lattice,4,e,img/target_3.png
25,637,lattice,2,w,img/target_2.png
25,638,lattice,0,v,img/target_5.png
25,639,lattice,1,q,img/target_1.png
25,640,lattice,9,b,img/target_6.png
25,641,lattice,7,u,img/target_7.png
25,642,lattice,6,r,img/target_4.png
25,643,lattice,4,e,img/target_3.png
25,644,lattice,3,i,img/target_8.png
25,645,lattice,4,e,img/target_3.png
25,646,lattice,3,i,img/target_8.png
25,647,lattice,2,w,img/target_2.png
25,648,lattice,4,e,img/target_3.png
25,649,lattice,3,i,img/target_8.png
25,650,lattice,1,q,img/target_1.png
25,651,lattice,3,i,img/target_8.png
25,652,lattice,2,w,img/target_2.png
25,653,lattice,3,i,img/target_8.png
25,654,lattice,5,o,img/target_9.png
25,655,lattice,3,i,img/target_8.png
25,656,lattice,1,q,img/target_1.png
25,657,lattice,2,w,img/target_2.png
25,658,lattice,4,e,img/target_3.png
25,659,lattice,3,i,img/target_8.png
25,660,lattice,2,w,img/target_2.png
25,661,lattice,4,e,img/target_3.png
25,662,lattice,6,r,img/target_4.png
25,663,lattice,5,o,img/target_9.png
25,664,lattice,7,u,img/target_7.png
25,665,lattice,8,p,img/target_10.png
25,666,lattice,6,r,img/target_4.png
25,667,lattice,7,u,img/target_7.png
25,668,lattice,9,b,img/target_6.png
25,669,lattice,1,q,img/target_1.png
25,670,lattice,3,i,img/target_8.png
25,671,lattice,5,o,img/target_9.png
25,672,lattice,6,r,img/target_4.png
25,673,lattice,7,u,img/target_7.png
25,674,lattice,5,o,img/target_9.png
25,675,lattice,4,e,img/target_3.png
25,676,lattice,3,i,img/target_8.png
25,677,lattice,2,w,img/target_2.png
25,678,lattice,0,v,img/target_5.png
25,679,lattice,1,q,img/target_1.png
25,680,lattice,0,v,img/target_5.png
25,681,lattice,9,b,img/target_6.png
25,682,lattice,8,p,img/target_10.png
25,683,lattice,6,r,img/target_4.png
25,684,lattice,8,p,img/target_10.png
25,685,lattice,6,r,img/target_4.png
25,686,lattice,5,o,img/target_9.png
25,687,lattice,4,e,img/target_3.png
25,688,lattice,2,w,img/target_2.png
25,689,lattice,1,q,img/target_1.png
25,690,lattice,9,b,img/target_6.png
25,691,lattice,0,v,img/target_5.png
25,692,lattice,2,w,img/target_2.png
25,693,lattice,0,v,img/target_5.png
25,694,lattice,9,b,img/target_6.png
25,695,lattice,0,v,img/target_5.png
25,696,lattice,1,q,img/target_1.png
25,697,lattice,2,w,img/target_2.png
25,698,lattice,1,q,img/target_1.png
25,699,lattice,2,w,img/target_2.png
25,700,lattice,3,i,img/target_8.png
25,701,lattice,4,e,img/target_3.png
25,702,lattice,5,o,img/target_9.png
25,703,lattice,3,i,img/target_8.png
25,704,lattice,2,w,img/target_2.png
25,705,lattice,0,v,img/target_5.png
25,706,lattice,2,w,img/target_2.png
25,707,lattice,3,i,img/target_8.png
25,708,lattice,5,o,img/target_9.png
25,709,lattice,4,e,img/target_3.png
25,710,lattice,3,i,img/target_8.png
25,711,lattice,4,e,img/target_3.png
25,712,lattice,2,w,img/target_2.png
25,713,lattice,4,e,img/target_3.png
25,714,lattice,3,i,img/target_8.png
25,715,lattice,1,q,img/target_1.png
25,716,lattice,3,i,img/target_8.png
25,717,lattice,5,o,img/target_9.png
25,718,lattice,4,e,img/target_3.png
25,719,lattice,2,w,img/target_2.png
25,720,lattice,3,i,img/target_8.png
25,721,lattice,2,w,img/target_2.png
25,722,lattice,4,e,img/target_3.png
25,723,lattice,3,i,img/target_8.png
25,724,lattice,1,q,img/target_1.png
25,725,lattice,9,b,img/target_6.png
25,726,lattice,1,q,img/target_1.png
25,727,lattice,0,v,img/target_5.png
25,728,lattice,1,q,img/target_1.png
25,729,lattice,0,v,img/target_5.png
25,730,lattice,9,b,img/target_6.png
25,731,lattice,7,u,img/target_7.png
25,732,lattice,6,r,img/target_4.png
25,733,lattice,7,u,img/target_7.png
25,734,lattice,6,r,img/target_4.png
25,735,lattice,8,p,img/target_10.png
25,736,lattice,9,b,img/target_6.png
25,737,lattice,8,p,img/target_10.png
25,738,lattice,0,v,img/target_5.png
25,739,lattice,9,b,img/target_6.png
25,740,lattice,7,u,img/target_7.png
25,741,lattice,5,o,img/target_9.png
25,742,lattice,6,r,img/target_4.png
25,743,lattice,8,p,img/target_10.png
25,744,lattice,6,r,img/target_4.png
25,745,lattice,4,e,img/target_3.png
25,746,lattice,3,i,img/target_8.png
25,747,lattice,5,o,img/target_9.png
25,748,lattice,6,r,img/target_4.png
25,749,lattice,8,p,img/target_10.png
25,750,lattice,6,r,img/target_4.png
25,751,lattice,5,o,img/target_9.png
25,752,lattice,4,e,img/target_3.png
25,753,lattice,6,r,img/target_4.png
25,754,lattice,5,o,img/target_9.png
25,755,lattice,7,u,img/target_7.png
25,756,lattice,8,p,img/target_10.png
25,757,lattice,0,v,img/target_5.png
25,758,lattice,1,q,img/target_1.png
25,759,lattice,3,i,img/target_8.png
25,760,lattice,5,o,img/target_9.png
25,761,lattice,3,i,img/target_8.png
25,762,lattice,5,o,img/target_9.png
25,763,lattice,6,r,img/target_4.png
25,764,lattice,7,u,img/target_7.png
25,765,lattice,8,p,img/target_10.png
25,766,lattice,9,b,img/target_6.png
25,767,lattice,0,v,img/target_5.png
25,768,lattice,2,w,img/target_2.png
25,769,lattice,1,q,img/target_1.png
25,770,lattice,9,b,img/target_6.png
25,771,lattice,0,v,img/target_5.png
25,772,lattice,9,b,img/target_6.png
25,773,lattice,7,u,img/target_7.png
25,774,lattice,6,r,img/target_4.png
25,775,lattice,7,u,img/target_7.png
25,776,lattice,8,p,img/target_10.png
25,777,lattice,0,v,img/target_5.png
25,778,lattice,9,b,img/target_6.png
25,779,lattice,1,q,img/target_1.png
25,780,lattice,0,v,img/target_5.png
25,781,lattice,9,b,img/target_6.png
25,782,lattice,1,q,img/target_1.png
25,783,lattice,0,v,img/target_5.png
25,784,lattice,8,p,img/target_10.png
25,785,lattice,9,b,img/target_6.png
25,786,lattice,1,q,img/target_1.png
25,787,lattice,9,b,img/target_6.png
25,788,lattice,0,v,img/target_5.png
25,789,lattice,1,q,img/target_1.png
25,790,lattice,0,v,img/target_5.png
25,791,lattice,1,q,img/target_1.png
25,792,lattice,9,b,img/target_6.png
25,793,lattice,1,q,img/target_1.png
25,794,lattice,0,v,img/target_5.png
25,795,lattice,1,q,img/target_1.png
25,796,lattice,3,i,img/target_8.png
25,797,lattice,1,q,img/target_1.png
25,798,lattice,0,v,img/target_5.png
25,799,lattice,1,q,img/target_1.png
25,800,lattice,9,b,img/target_6.png
25,801,lattice,7,u,img/target_7.png
25,802,lattice,5,o,img/target_9.png
25,803,lattice,4,e,img/target_3.png
25,804,lattice,3,i,img/target_8.png
25,805,lattice,4,e,img/target_3.png
25,806,lattice,5,o,img/target_9.png
25,807,lattice,6,r,img/target_4.png
25,808,lattice,5,o,img/target_9.png
25,809,lattice,7,u,img/target_7.png
25,810,lattice,6,r,img/target_4.png
25,811,lattice,7,u,img/target_7.png
25,812,lattice,9,b,img/target_6.png
25,813,lattice,8,p,img/target_10.png
25,814,lattice,6,r,img/target_4.png
25,815,lattice,4,e,img/target_3.png
25,816,lattice,5,o,img/target_9.png
25,817,lattice,7,u,img/target_7.png
25,818,lattice,9,b,img/target_6.png
25,819,lattice,1,q,img/target_1.png
25,820,lattice,9,b,img/target_6.png
25,821,lattice,7,u,img/target_7.png
25,822,lattice,9,b,img/target_6.png
25,823,lattice,1,q,img/target_1.png
25,824,lattice,2,w,img/target_2.png
25,825,lattice,4,e,img/target_3.png
25,826,lattice,5,o,img/target_9.png
25,827,lattice,6,r,img/target_4.png
25,828,lattice,4,e,img/target_3.png
25,829,lattice,6,r,img/target_4.png
25,830,lattice,7,u,img/target_7.png
25,831,lattice,5,o,img/target_9.png
25,832,lattice,4,e,img/target_3.png
25,833,lattice,5,o,img/target_9.png
25,834,lattice,7,u,img/target_7.png
25,835,lattice,8,p,img/target_10.png
25,836,lattice,6,r,img/target_4.png
25,837,lattice,8,p,img/target_10.png
25,838,lattice,6,r,img/target_4.png
25,839,lattice,8,p,img/target_10.png
25,840,lattice,7,u,img/target_7.png
25,841,lattice,9,b,img/target_6.png
25,842,lattice,7,u,img/target_7.png
25,843,lattice,5,o,img/target_9.png
25,844,lattice,3,i,img/target_8.png
25,845,lattice,5,o,img/target_9.png
25,846,lattice,3,i,img/target_8.png
25,847,lattice,2,w,img/target_2.png
25,848,lattice,4,e,img/target_3.png
25,849,lattice,5,o,img/target_9.png
25,850,lattice,7,u,img/target_7.png
25,851,lattice,6,r,img/target_4.png
25,852,lattice,4,e,img/target_3.png
25,853,lattice,3,i,img/target_8.png
25,854,lattice,5,o,img/target_9.png
25,855,lattice,6,r,img/target_4.png
25,856,lattice,7,u,img/target_7.png
25,857,lattice,8,p,img/target_10.png
25,858,lattice,9,b,img/target_6.png
25,859,lattice,0,v,img/target_5.png
25,860,lattice,9,b,img/target_6.png
25,861,lattice,1,q,img/target_1.png
25,862,lattice,2,w,img/target_2.png
25,863,lattice,0,v,img/target_5.png
25,864,lattice,8,p,img/target_10.png
25,865,lattice,7,u,img/target_7.png
25,866,lattice,5,o,img/target_9.png
25,867,lattice,4,e,img/target_3.png
25,868,lattice,6,r,img/target_4.png
25,869,lattice,8,p,img/target_10.png
25,870,lattice,6,r,img/target_4.png
25,871,lattice,7,u,img/target_7.png
25,872,lattice,5,o,img/target_9.png
25,873,lattice,4,e,img/target_3.png
25,874,lattice,5,o,img/target_9.png
25,875,lattice,6,r,img/target_4.png
25,876,lattice,4,e,img/target_3.png
25,877,lattice,5,o,img/target_9.png
25,878,lattice,7,u,img/target_7.png
25,879,lattice,5,o,img/target_9.png
25,880,lattice,6,r,img/target_4.png
25,881,lattice,7,u,img/target_7.png
25,882,lattice,9,b,img/target_6.png
25,883,lattice,7,u,img/target_7.png
25,884,lattice,8,p,img/target_10.png
25,885,lattice,9,b,img/target_6.png
25,886,lattice,0,v,img/target_5.png
25,887,lattice,2,w,img/target_2.png
25,888,lattice,4,e,img/target_3.png
25,889,lattice,3,i,img/target_8.png
25,890,lattice,4,e,img/target_3.png
25,891,lattice,3,i,img/target_8.png
25,892,lattice,1,q,img/target_1.png
25,893,lattice,3,i,img/target_8.png
25,894,lattice,4,e,img/target_3.png
25,895,lattice,3,i,img/target_8.png
25,896,lattice,1,q,img/target_1.png
25,897,lattice,9,b,img/target_6.png
25,898,lattice,8,p,img/target_10.png
25,899,lattice,7,u,img/target_7.png
25,900,lattice,5,o,img/target_9.png
25,901,lattice,4,e,img/target_3.png
25,902,lattice,6,r,img/target_4.png
25,903,lattice,8,p,img/target_10.png
25,904,lattice,9,b,img/target_6.png
25,905,lattice,0,v,img/target_5.png
25,906,lattice,1,q,img/target_1.png
25,907,lattice,9,b,img/target_6.png
25,908,lattice,0,v,img/target_5.png
25,909,lattice,8,p,img/target_10.png
25,910,lattice,7,u,img/target_7.png
25,911,lattice,6,r,img/target_4.png
25,912,lattice,5,o,img/target_9.png
25,913,lattice,4,e,img/target_3.png
25,914,lattice,3,i,img/target_8.png
25,915,lattice,2,w,img/target_2.png
25,916,lattice,1,q,img/target_1.png
25,917,lattice,3,i,img/target_8.png
25,918,lattice,4,e,img/target_3.png
25,919,lattice,6,r,img/target_4.png
25,920,lattice,5,o,img/target_9.png
25,921,lattice,4,e,img/target_3.png
25,922,lattice,6,r,img/target_4.png
25,923,lattice,5,o,img/target_9.png
25,924,lattice,3,i,img/target_8.png
25,925,lattice,4,e,img/target_3.png
25,926,lattice,5,o,img/target_9.png
25,927,lattice,7,u,img/target_7.png
25,928,lattice,6,r,img/target_4.png
25,929,lattice,4,e,img/target_3.png
25,930,lattice,6,r,img/target_4.png
25,931,lattice,4,e,img/target_3.png
25,932,lattice,6,r,img/target_4.png
25,933,lattice,8,p,img/target_10.png
25,934,lattice,6,r,img/target_4.png
25,935,lattice,8,p,img/target_10.png
25,936,lattice,0,v,img/target_5.png
25,937,lattice,9,b,img/target_6.png
25,938,lattice,7,u,img/target_7.png
25,939,lattice,9,b,img/target_6.png
25,940,lattice,0,v,img/target_5.png
25,941,lattice,1,q,img/target_1.png
25,942,lattice,0,v,img/target_5.png
25,943,lattice,2,w,img/target_2.png
25,944,lattice,1,q,img/target_1.png
25,945,lattice,0,v,img/target_5.png
25,946,lattice,1,q,img/target_1.png
25,947,lattice,3,i,img/target_8.png
25,948,lattice,5,o,img/target_9.png
25,949,lattice,3,i,img/target_8.png
25,950,lattice,5,o,img/target_9.png
25,951,lattice,3,i,img/target_8.png
25,952,lattice,4,e,img/target_3.png
25,953,lattice,3,i,img/target_8.png
25,954,lattice,2,w,img/target_2.png
25,955,lattice,4,e,img/target_3.png
25,956,lattice,3,i,img/target_8.png
25,957,lattice,4,e,img/target_3.png
25,958,lattice,6,r,img/target_4.png
25,959,lattice,8,p,img/target_10.png
25,960,lattice,9,b,img/target_6.png
25,961,lattice,8,p,img/target_10.png
25,962,lattice,0,v,img/target_5.png
25,963,lattice,1,q,img/target_1.png
25,964,lattice,9,b,img/target_6.png
25,965,lattice,1,q,img/target_1.png
25,966,lattice,9,b,img/target_6.png
25,967,lattice,7,u,img/target_7.png
25,968,lattice,5,o,img/target_9.png
25,969,lattice,7,u,img/target_7.png
25,970,lattice,9,b,img/target_6.png
25,971,lattice,0,v,img/target_5.png
25,972,lattice,8,p,img/target_10.png
25,973,lattice,7,u,img/target_7.png
25,974,lattice,9,b,img/target_6.png
25,975,lattice,8,p,img/target_10.png
25,976,lattice,0,v,img/target_5.png
25,977,lattice,2,w,img/target_2.png
25,978,lattice,1,q,img/target_1.png
25,979,lattice,2,w,img/target_2.png
25,980,lattice,3,i,img/target_8.png
25,981,lattice,5,o,img/target_9.png
25,982,lattice,6,r,img/target_4.png
25,983,lattice,8,p,img/target_10.png
25,984,lattice,9,b,img/target_6.png
25,985,lattice,8,p,img/target_10.png
25,986,lattice,9,b,img/target_6.png
25,987,lattice,8,p,img/target_10.png
25,988,lattice,9,b,img/target_6.png
25,989,lattice,7,u,img/target_7.png
25,990,lattice,5,o,img/target_9.png
25,991,lattice,4,e,img/target_3.png
25,992,lattice,5,o,img/target_9.png
25,993,lattice,7,u,img/target_7.png
25,994,lattice,8,p,img/target_10.png
25,995,lattice,7,u,img/target_7.png
25,996,lattice,6,r,img/target_4.png
25,997,lattice,4,e,img/target_3.png
25,998,lattice,2,w,img/target_2.png
25,999,lattice,1,q,img/target_1.png
25,1000,lattice,9,b,img/target_6.png
