pID,trialNum,graph,walk,resp,path
12,1,modular,7,b,img/target_6.png
12,2,modular,5,o,img/target_9.png
12,3,modular,7,b,img/target_6.png
12,4,modular,8,q,img/target_1.png
12,5,modular,9,w,img/target_2.png
12,6,modular,0,v,img/target_5.png
12,7,modular,9,w,img/target_2.png
12,8,modular,8,q,img/target_1.png
12,9,modular,9,w,img/target_2.png
12,10,modular,6,u,img/target_7.png
12,11,modular,8,q,img/target_1.png
12,12,modular,7,b,img/target_6.png
12,13,modular,9,w,img/target_2.png
12,14,modular,0,v,img/target_5.png
12,15,modular,1,e,img/target_3.png
12,16,modular,3,p,img/target_10.png
12,17,modular,4,i,img/target_8.png
12,18,modular,2,r,img/target_4.png
12,19,modular,0,v,img/target_5.png
12,20,modular,3,p,img/target_10.png
12,21,modular,4,i,img/target_8.png
12,22,modular,1,e,img/target_3.png
12,23,modular,2,r,img/target_4.png
12,24,modular,0,v,img/target_5.png
12,25,modular,1,e,img/target_3.png
12,26,modular,0,v,img/target_5.png
12,27,modular,3,p,img/target_10.png
12,28,modular,4,i,img/target_8.png
12,29,modular,2,r,img/target_4.png
12,30,modular,0,v,img/target_5.png
12,31,modular,2,r,img/target_4.png
12,32,modular,3,p,img/target_10.png
12,33,modular,2,r,img/target_4.png
12,34,modular,1,e,img/target_3.png
12,35,modular,2,r,img/target_4.png
12,36,modular,1,e,img/target_3.png
12,37,modular,0,v,img/target_5.png
12,38,modular,9,w,img/target_2.png
12,39,modular,8,q,img/target_1.png
12,40,modular,6,u,img/target_7.png
12,41,modular,8,q,img/target_1.png
12,42,modular,5,o,img/target_9.png
12,43,modular,7,b,img/target_6.png
12,44,modular,6,u,img/target_7.png
12,45,modular,5,o,img/target_9.png
12,46,modular,6,u,img/target_7.png
12,47,modular,5,o,img/target_9.png
12,48,modular,6,u,img/target_7.png
12,49,modular,5,o,img/target_9.png
12,50,modular,7,b,img/target_6.png
12,51,modular,6,u,img/target_7.png
12,52,modular,8,q,img/target_1.png
12,53,modular,9,w,img/target_2.png
12,54,modular,6,u,img/target_7.png
12,55,modular,5,o,img/target_9.png
12,56,modular,8,q,img/target_1.png
12,57,modular,6,u,img/target_7.png
12,58,modular,9,w,img/target_2.png
12,59,modular,6,u,img/target_7.png
12,60,modular,7,b,img/target_6.png
12,61,modular,5,o,img/target_9.png
12,62,modular,6,u,img/target_7.png
12,63,modular,7,b,img/target_6.png
12,64,modular,5,o,img/target_9.png
12,65,modular,8,q,img/target_1.png
12,66,modular,7,b,img/target_6.png
12,67,modular,5,o,img/target_9.png
12,68,modular,8,q,img/target_1.png
12,69,modular,6,u,img/target_7.png
12,70,modular,5,o,img/target_9.png
12,71,modular,6,u,img/target_7.png
12,72,modular,8,q,img/target_1.png
12,73,modular,6,u,img/target_7.png
12,74,modular,9,w,img/target_2.png
12,75,modular,7,b,img/target_6.png
12,76,modular,8,q,img/target_1.png
12,77,modular,9,w,img/target_2.png
12,78,modular,6,u,img/target_7.png
12,79,modular,9,w,img/target_2.png
12,80,modular,6,u,img/target_7.png
12,81,modular,5,o,img/target_9.png
12,82,modular,4,i,img/target_8.png
12,83,modular,1,e,img/target_3.png
12,84,modular,2,r,img/target_4.png
12,85,modular,1,e,img/target_3.png
12,86,modular,3,p,img/target_10.png
12,87,modular,0,v,img/target_5.png
12,88,modular,1,e,img/target_3.png
12,89,modular,3,p,img/target_10.png
12,90,modular,4,i,img/target_8.png
12,91,modular,1,e,img/target_3.png
12,92,modular,2,r,img/target_4.png
12,93,modular,0,v,img/target_5.png
12,94,modular,3,p,img/target_10.png
12,95,modular,2,r,img/target_4.png
12,96,modular,1,e,img/target_3.png
12,97,modular,3,p,img/target_10.png
12,98,modular,4,i,img/target_8.png
12,99,modular,1,e,img/target_3.png
12,100,modular,4,i,img/target_8.png
12,101,modular,3,p,img/target_10.png
12,102,modular,1,e,img/target_3.png
12,103,modular,4,i,img/target_8.png
12,104,modular,1,e,img/target_3.png
12,105,modular,3,p,img/target_10.png
12,106,modular,1,e,img/target_3.png
12,107,modular,0,v,img/target_5.png
12,108,modular,3,p,img/target_10.png
12,109,modular,1,e,img/target_3.png
12,110,modular,3,p,img/target_10.png
12,111,modular,4,i,img/target_8.png
12,112,modular,5,o,img/target_9.png
12,113,modular,6,u,img/target_7.png
12,114,modular,9,w,img/target_2.png
12,115,modular,6,u,img/target_7.png
12,116,modular,5,o,img/target_9.png
12,117,modular,8,q,img/target_1.png
12,118,modular,5,o,img/target_9.png
12,119,modular,8,q,img/target_1.png
12,120,modular,5,o,img/target_9.png
12,121,modular,4,i,img/target_8.png
12,122,modular,2,r,img/target_4.png
12,123,modular,3,p,img/target_10.png
12,124,modular,2,r,img/target_4.png
12,125,modular,4,i,img/target_8.png
12,126,modular,2,r,img/target_4.png
12,127,modular,3,p,img/target_10.png
12,128,modular,4,i,img/target_8.png
12,129,modular,2,r,img/target_4.png
12,130,modular,1,e,img/target_3.png
12,131,modular,3,p,img/target_10.png
12,132,modular,4,i,img/target_8.png
12,133,modular,1,e,img/target_3.png
12,134,modular,3,p,img/target_10.png
12,135,modular,1,e,img/target_3.png
12,136,modular,3,p,img/target_10.png
12,137,modular,2,r,img/target_4.png
12,138,modular,1,e,img/target_3.png
12,139,modular,0,v,img/target_5.png
12,140,modular,2,r,img/target_4.png
12,141,modular,4,i,img/target_8.png
12,142,modular,5,o,img/target_9.png
12,143,modular,7,b,img/target_6.png
12,144,modular,9,w,img/target_2.png
12,145,modular,8,q,img/target_1.png
12,146,modular,9,w,img/target_2.png
12,147,modular,0,v,img/target_5.png
12,148,modular,1,e,img/target_3.png
12,149,modular,2,r,img/target_4.png
12,150,modular,1,e,img/target_3.png
12,151,modular,2,r,img/target_4.png
12,152,modular,3,p,img/target_10.png
12,153,modular,0,v,img/target_5.png
12,154,modular,9,w,img/target_2.png
12,155,modular,8,q,img/target_1.png
12,156,modular,6,u,img/target_7.png
12,157,modular,7,b,img/target_6.png
12,158,modular,5,o,img/target_9.png
12,159,modular,8,q,img/target_1.png
12,160,modular,9,w,img/target_2.png
12,161,modular,6,u,img/target_7.png
12,162,modular,9,w,img/target_2.png
12,163,modular,7,b,img/target_6.png
12,164,modular,5,o,img/target_9.png
12,165,modular,8,q,img/target_1.png
12,166,modular,7,b,img/target_6.png
12,167,modular,5,o,img/target_9.png
12,168,modular,8,q,img/target_1.png
12,169,modular,5,o,img/target_9.png
12,170,modular,4,i,img/target_8.png
12,171,modular,1,e,img/target_3.png
12,172,modular,4,i,img/target_8.png
12,173,modular,2,r,img/target_4.png
12,174,modular,0,v,img/target_5.png
12,175,modular,2,r,img/target_4.png
12,176,modular,1,e,img/target_3.png
12,177,modular,3,p,img/target_10.png
12,178,modular,0,v,img/target_5.png
12,179,modular,2,r,img/target_4.png
12,180,modular,4,i,img/target_8.png
12,181,modular,5,o,img/target_9.png
12,182,modular,8,q,img/target_1.png
12,183,modular,7,b,img/target_6.png
12,184,modular,8,q,img/target_1.png
12,185,modular,5,o,img/target_9.png
12,186,modular,8,q,img/target_1.png
12,187,modular,5,o,img/target_9.png
12,188,modular,7,b,img/target_6.png
12,189,modular,8,q,img/target_1.png
12,190,modular,5,o,img/target_9.png
12,191,modular,7,b,img/target_6.png
12,192,modular,8,q,img/target_1.png
12,193,modular,6,u,img/target_7.png
12,194,modular,5,o,img/target_9.png
12,195,modular,7,b,img/target_6.png
12,196,modular,6,u,img/target_7.png
12,197,modular,9,w,img/target_2.png
12,198,modular,8,q,img/target_1.png
12,199,modular,5,o,img/target_9.png
12,200,modular,7,b,img/target_6.png
12,201,modular,8,q,img/target_1.png
12,202,modular,5,o,img/target_9.png
12,203,modular,8,q,img/target_1.png
12,204,modular,6,u,img/target_7.png
12,205,modular,9,w,img/target_2.png
12,206,modular,6,u,img/target_7.png
12,207,modular,9,w,img/target_2.png
12,208,modular,8,q,img/target_1.png
12,209,modular,6,u,img/target_7.png
12,210,modular,5,o,img/target_9.png
12,211,modular,6,u,img/target_7.png
12,212,modular,7,b,img/target_6.png
12,213,modular,5,o,img/target_9.png
12,214,modular,8,q,img/target_1.png
12,215,modular,6,u,img/target_7.png
12,216,modular,8,q,img/target_1.png
12,217,modular,7,b,img/target_6.png
12,218,modular,8,q,img/target_1.png
12,219,modular,6,u,img/target_7.png
12,220,modular,7,b,img/target_6.png
12,221,modular,9,w,img/target_2.png
12,222,modular,7,b,img/target_6.png
12,223,modular,6,u,img/target_7.png
12,224,modular,9,w,img/target_2.png
12,225,modular,7,b,img/target_6.png
12,226,modular,5,o,img/target_9.png
12,227,modular,6,u,img/target_7.png
12,228,modular,5,o,img/target_9.png
12,229,modular,4,i,img/target_8.png
12,230,modular,3,p,img/target_10.png
12,231,modular,4,i,img/target_8.png
12,232,modular,5,o,img/target_9.png
12,233,modular,8,q,img/target_1.png
12,234,modular,9,w,img/target_2.png
12,235,modular,0,v,img/target_5.png
12,236,modular,9,w,img/target_2.png
12,237,modular,7,b,img/target_6.png
12,238,modular,5,o,img/target_9.png
12,239,modular,8,q,img/target_1.png
12,240,modular,9,w,img/target_2.png
12,241,modular,6,u,img/target_7.png
12,242,modular,8,q,img/target_1.png
12,243,modular,7,b,img/target_6.png
12,244,modular,9,w,img/target_2.png
12,245,modular,0,v,img/target_5.png
12,246,modular,1,e,img/target_3.png
12,247,modular,0,v,img/target_5.png
12,248,modular,9,w,img/target_2.png
12,249,modular,8,q,img/target_1.png
12,250,modular,6,u,img/target_7.png
12,251,modular,7,b,img/target_6.png
12,252,modular,6,u,img/target_7.png
12,253,modular,7,b,img/target_6.png
12,254,modular,9,w,img/target_2.png
12,255,modular,6,u,img/target_7.png
12,256,modular,8,q,img/target_1.png
12,257,modular,9,w,img/target_2.png
12,258,modular,8,q,img/target_1.png
12,259,modular,9,w,img/target_2.png
12,260,modular,7,b,img/target_6.png
12,261,modular,9,w,img/target_2.png
12,262,modular,8,q,img/target_1.png
12,263,modular,5,o,img/target_9.png
12,264,modular,7,b,img/target_6.png
12,265,modular,8,q,img/target_1.png
12,266,modular,6,u,img/target_7.png
12,267,modular,5,o,img/target_9.png
12,268,modular,8,q,img/target_1.png
12,269,modular,6,u,img/target_7.png
12,270,modular,7,b,img/target_6.png
12,271,modular,6,u,img/target_7.png
12,272,modular,9,w,img/target_2.png
12,273,modular,7,b,img/target_6.png
12,274,modular,5,o,img/target_9.png
12,275,modular,7,b,img/target_6.png
12,276,modular,5,o,img/target_9.png
12,277,modular,4,i,img/target_8.png
12,278,modular,3,p,img/target_10.png
12,279,modular,0,v,img/target_5.png
12,280,modular,3,p,img/target_10.png
12,281,modular,2,r,img/target_4.png
12,282,modular,4,i,img/target_8.png
12,283,modular,2,r,img/target_4.png
12,284,modular,4,i,img/target_8.png
12,285,modular,3,p,img/target_10.png
12,286,modular,1,e,img/target_3.png
12,287,modular,2,r,img/target_4.png
12,288,modular,4,i,img/target_8.png
12,289,modular,5,o,img/target_9.png
12,290,modular,4,i,img/target_8.png
12,291,modular,1,e,img/target_3.png
12,292,modular,2,r,img/target_4.png
12,293,modular,0,v,img/target_5.png
12,294,modular,3,p,img/target_10.png
12,295,modular,2,r,img/target_4.png
12,296,modular,4,i,img/target_8.png
12,297,modular,1,e,img/target_3.png
12,298,modular,0,v,img/target_5.png
12,299,modular,2,r,img/target_4.png
12,300,modular,0,v,img/target_5.png
12,301,modular,2,r,img/target_4.png
12,302,modular,1,e,img/target_3.png
12,303,modular,4,i,img/target_8.png
12,304,modular,3,p,img/target_10.png
12,305,modular,2,r,img/target_4.png
12,306,modular,3,p,img/target_10.png
12,307,modular,0,v,img/target_5.png
12,308,modular,3,p,img/target_10.png
12,309,modular,1,e,img/target_3.png
12,310,modular,2,r,img/target_4.png
12,311,modular,3,p,img/target_10.png
12,312,modular,2,r,img/target_4.png
12,313,modular,3,p,img/target_10.png
12,314,modular,2,r,img/target_4.png
12,315,modular,3,p,img/target_10.png
12,316,modular,0,v,img/target_5.png
12,317,modular,3,p,img/target_10.png
12,318,modular,0,v,img/target_5.png
12,319,modular,3,p,img/target_10.png
12,320,modular,0,v,img/target_5.png
12,321,modular,2,r,img/target_4.png
12,322,modular,1,e,img/target_3.png
12,323,modular,3,p,img/target_10.png
12,324,modular,4,i,img/target_8.png
12,325,modular,1,e,img/target_3.png
12,326,modular,0,v,img/target_5.png
12,327,modular,2,r,img/target_4.png
12,328,modular,1,e,img/target_3.png
12,329,modular,3,p,img/target_10.png
12,330,modular,1,e,img/target_3.png
12,331,modular,4,i,img/target_8.png
12,332,modular,2,r,img/target_4.png
12,333,modular,0,v,img/target_5.png
12,334,modular,3,p,img/target_10.png
12,335,modular,0,v,img/target_5.png
12,336,modular,3,p,img/target_10.png
12,337,modular,1,e,img/target_3.png
12,338,modular,2,r,img/target_4.png
12,339,modular,0,v,img/target_5.png
12,340,modular,3,p,img/target_10.png
12,341,modular,0,v,img/target_5.png
12,342,modular,2,r,img/target_4.png
12,343,modular,3,p,img/target_10.png
12,344,modular,0,v,img/target_5.png
12,345,modular,3,p,img/target_10.png
12,346,modular,1,e,img/target_3.png
12,347,modular,4,i,img/target_8.png
12,348,modular,1,e,img/target_3.png
12,349,modular,3,p,img/target_10.png
12,350,modular,1,e,img/target_3.png
12,351,modular,4,i,img/target_8.png
12,352,modular,1,e,img/target_3.png
12,353,modular,2,r,img/target_4.png
12,354,modular,1,e,img/target_3.png
12,355,modular,3,p,img/target_10.png
12,356,modular,1,e,img/target_3.png
12,357,modular,3,p,img/target_10.png
12,358,modular,4,i,img/target_8.png
12,359,modular,1,e,img/target_3.png
12,360,modular,3,p,img/target_10.png
12,361,modular,2,r,img/target_4.png
12,362,modular,1,e,img/target_3.png
12,363,modular,2,r,img/target_4.png
12,364,modular,1,e,img/target_3.png
12,365,modular,4,i,img/target_8.png
12,366,modular,5,o,img/target_9.png
12,367,modular,7,b,img/target_6.png
12,368,modular,8,q,img/target_1.png
12,369,modular,6,u,img/target_7.png
12,370,modular,7,b,img/target_6.png
12,371,modular,9,w,img/target_2.png
12,372,modular,6,u,img/target_7.png
12,373,modular,8,q,img/target_1.png
12,374,modular,5,o,img/target_9.png
12,375,modular,4,i,img/target_8.png
12,376,modular,1,e,img/target_3.png
12,377,modular,0,v,img/target_5.png
12,378,modular,1,e,img/target_3.png
12,379,modular,3,p,img/target_10.png
12,380,modular,1,e,img/target_3.png
12,381,modular,2,r,img/target_4.png
12,382,modular,3,p,img/target_10.png
12,383,modular,4,i,img/target_8.png
12,384,modular,3,p,img/target_10.png
12,385,modular,1,e,img/target_3.png
12,386,modular,3,p,img/target_10.png
12,387,modular,1,e,img/target_3.png
12,388,modular,3,p,img/target_10.png
12,389,modular,2,r,img/target_4.png
12,390,modular,1,e,img/target_3.png
12,391,modular,0,v,img/target_5.png
12,392,modular,2,r,img/target_4.png
12,393,modular,3,p,img/target_10.png
12,394,modular,2,r,img/target_4.png
12,395,modular,4,i,img/target_8.png
12,396,modular,3,p,img/target_10.png
12,397,modular,0,v,img/target_5.png
12,398,modular,9,w,img/target_2.png
12,399,modular,8,q,img/target_1.png
12,400,modular,5,o,img/target_9.png
12,401,modular,8,q,img/target_1.png
12,402,modular,6,u,img/target_7.png
12,403,modular,7,b,img/target_6.png
12,404,modular,5,o,img/target_9.png
12,405,modular,4,i,img/target_8.png
12,406,modular,1,e,img/target_3.png
12,407,modular,4,i,img/target_8.png
12,408,modular,5,o,img/target_9.png
12,409,modular,6,u,img/target_7.png
12,410,modular,8,q,img/target_1.png
12,411,modular,5,o,img/target_9.png
12,412,modular,7,b,img/target_6.png
12,413,modular,6,u,img/target_7.png
12,414,modular,7,b,img/target_6.png
12,415,modular,6,u,img/target_7.png
12,416,modular,8,q,img/target_1.png
12,417,modular,6,u,img/target_7.png
12,418,modular,5,o,img/target_9.png
12,419,modular,7,b,img/target_6.png
12,420,modular,9,w,img/target_2.png
12,421,modular,6,u,img/target_7.png
12,422,modular,5,o,img/target_9.png
12,423,modular,4,i,img/target_8.png
12,424,modular,1,e,img/target_3.png
12,425,modular,3,p,img/target_10.png
12,426,modular,1,e,img/target_3.png
12,427,modular,3,p,img/target_10.png
12,428,modular,0,v,img/target_5.png
12,429,modular,3,p,img/target_10.png
12,430,modular,4,i,img/target_8.png
12,431,modular,2,r,img/target_4.png
12,432,modular,4,i,img/target_8.png
12,433,modular,5,o,img/target_9.png
12,434,modular,6,u,img/target_7.png
12,435,modular,5,o,img/target_9.png
12,436,modular,6,u,img/target_7.png
12,437,modular,5,o,img/target_9.png
12,438,modular,6,u,img/target_7.png
12,439,modular,7,b,img/target_6.png
12,440,modular,5,o,img/target_9.png
12,441,modular,8,q,img/target_1.png
12,442,modular,9,w,img/target_2.png
12,443,modular,7,b,img/target_6.png
12,444,modular,5,o,img/target_9.png
12,445,modular,7,b,img/target_6.png
12,446,modular,9,w,img/target_2.png
12,447,modular,6,u,img/target_7.png
12,448,modular,8,q,img/target_1.png
12,449,modular,9,w,img/target_2.png
12,450,modular,7,b,img/target_6.png
12,451,modular,6,u,img/target_7.png
12,452,modular,7,b,img/target_6.png
12,453,modular,5,o,img/target_9.png
12,454,modular,7,b,img/target_6.png
12,455,modular,5,o,img/target_9.png
12,456,modular,4,i,img/target_8.png
12,457,modular,2,r,img/target_4.png
12,458,modular,0,v,img/target_5.png
12,459,modular,1,e,img/target_3.png
12,460,modular,0,v,img/target_5.png
12,461,modular,3,p,img/target_10.png
12,462,modular,0,v,img/target_5.png
12,463,modular,2,r,img/target_4.png
12,464,modular,1,e,img/target_3.png
12,465,modular,0,v,img/target_5.png
12,466,modular,2,r,img/target_4.png
12,467,modular,4,i,img/target_8.png
12,468,modular,3,p,img/target_10.png
12,469,modular,2,r,img/target_4.png
12,470,modular,4,i,img/target_8.png
12,471,modular,1,e,img/target_3.png
12,472,modular,4,i,img/target_8.png
12,473,modular,3,p,img/target_10.png
12,474,modular,0,v,img/target_5.png
12,475,modular,9,w,img/target_2.png
12,476,modular,0,v,img/target_5.png
12,477,modular,2,r,img/target_4.png
12,478,modular,3,p,img/target_10.png
12,479,modular,1,e,img/target_3.png
12,480,modular,2,r,img/target_4.png
12,481,modular,4,i,img/target_8.png
12,482,modular,3,p,img/target_10.png
12,483,modular,2,r,img/target_4.png
12,484,modular,0,v,img/target_5.png
12,485,modular,9,w,img/target_2.png
12,486,modular,0,v,img/target_5.png
12,487,modular,3,p,img/target_10.png
12,488,modular,2,r,img/target_4.png
12,489,modular,3,p,img/target_10.png
12,490,modular,1,e,img/target_3.png
12,491,modular,3,p,img/target_10.png
12,492,modular,2,r,img/target_4.png
12,493,modular,0,v,img/target_5.png
12,494,modular,1,e,img/target_3.png
12,495,modular,2,r,img/target_4.png
12,496,modular,1,e,img/target_3.png
12,497,modular,0,v,img/target_5.png
12,498,modular,9,w,img/target_2.png
12,499,modular,8,q,img/target_1.png
12,500,modular,6,u,img/target_7.png
12,501,modular,7,b,img/target_6.png
12,502,modular,8,q,img/target_1.png
12,503,modular,7,b,img/target_6.png
12,504,modular,6,u,img/target_7.png
12,505,modular,7,b,img/target_6.png
12,506,modular,6,u,img/target_7.png
12,507,modular,7,b,img/target_6.png
12,508,modular,6,u,img/target_7.png
12,509,modular,7,b,img/target_6.png
12,510,modular,9,w,img/target_2.png
12,511,modular,0,v,img/target_5.png
12,512,modular,3,p,img/target_10.png
12,513,modular,2,r,img/target_4.png
12,514,modular,1,e,img/target_3.png
12,515,modular,0,v,img/target_5.png
12,516,modular,9,w,img/target_2.png
12,517,modular,8,q,img/target_1.png
12,518,modular,7,b,img/target_6.png
12,519,modular,5,o,img/target_9.png
12,520,modular,8,q,img/target_1.png
12,521,modular,5,o,img/target_9.png
12,522,modular,4,i,img/target_8.png
12,523,modular,2,r,img/target_4.png
12,524,modular,4,i,img/target_8.png
12,525,modular,1,e,img/target_3.png
12,526,modular,0,v,img/target_5.png
12,527,modular,2,r,img/target_4.png
12,528,modular,4,i,img/target_8.png
12,529,modular,1,e,img/target_3.png
12,530,modular,2,r,img/target_4.png
12,531,modular,3,p,img/target_10.png
12,532,modular,2,r,img/target_4.png
12,533,modular,0,v,img/target_5.png
12,534,modular,1,e,img/target_3.png
12,535,modular,2,r,img/target_4.png
12,536,modular,1,e,img/target_3.png
12,537,modular,3,p,img/target_10.png
12,538,modular,2,r,img/target_4.png
12,539,modular,3,p,img/target_10.png
12,540,modular,1,e,img/target_3.png
12,541,modular,0,v,img/target_5.png
12,542,modular,9,w,img/target_2.png
12,543,modular,8,q,img/target_1.png
12,544,modular,7,b,img/target_6.png
12,545,modular,6,u,img/target_7.png
12,546,modular,9,w,img/target_2.png
12,547,modular,7,b,img/target_6.png
12,548,modular,8,q,img/target_1.png
12,549,modular,9,w,img/target_2.png
12,550,modular,7,b,img/target_6.png
12,551,modular,8,q,img/target_1.png
12,552,modular,6,u,img/target_7.png
12,553,modular,7,b,img/target_6.png
12,554,modular,6,u,img/target_7.png
12,555,modular,5,o,img/target_9.png
12,556,modular,4,i,img/target_8.png
12,557,modular,3,p,img/target_10.png
12,558,modular,1,e,img/target_3.png
12,559,modular,4,i,img/target_8.png
12,560,modular,2,r,img/target_4.png
12,561,modular,3,p,img/target_10.png
12,562,modular,0,v,img/target_5.png
12,563,modular,2,r,img/target_4.png
12,564,modular,4,i,img/target_8.png
12,565,modular,1,e,img/target_3.png
12,566,modular,4,i,img/target_8.png
12,567,modular,1,e,img/target_3.png
12,568,modular,4,i,img/target_8.png
12,569,modular,1,e,img/target_3.png
12,570,modular,3,p,img/target_10.png
12,571,modular,2,r,img/target_4.png
12,572,modular,4,i,img/target_8.png
12,573,modular,5,o,img/target_9.png
12,574,modular,7,b,img/target_6.png
12,575,modular,6,u,img/target_7.png
12,576,modular,7,b,img/target_6.png
12,577,modular,8,q,img/target_1.png
12,578,modular,7,b,img/target_6.png
12,579,modular,5,o,img/target_9.png
12,580,modular,6,u,img/target_7.png
12,581,modular,8,q,img/target_1.png
12,582,modular,6,u,img/target_7.png
12,583,modular,7,b,img/target_6.png
12,584,modular,9,w,img/target_2.png
12,585,modular,7,b,img/target_6.png
12,586,modular,5,o,img/target_9.png
12,587,modular,7,b,img/target_6.png
12,588,modular,5,o,img/target_9.png
12,589,modular,6,u,img/target_7.png
12,590,modular,9,w,img/target_2.png
12,591,modular,7,b,img/target_6.png
12,592,modular,8,q,img/target_1.png
12,593,modular,5,o,img/target_9.png
12,594,modular,4,i,img/target_8.png
12,595,modular,1,e,img/target_3.png
12,596,modular,3,p,img/target_10.png
12,597,modular,1,e,img/target_3.png
12,598,modular,2,r,img/target_4.png
12,599,modular,1,e,img/target_3.png
12,600,modular,2,r,img/target_4.png
12,601,modular,0,v,img/target_5.png
12,602,modular,9,w,img/target_2.png
12,603,modular,8,q,img/target_1.png
12,604,modular,7,b,img/target_6.png
12,605,modular,9,w,img/target_2.png
12,606,modular,7,b,img/target_6.png
12,607,modular,5,o,img/target_9.png
12,608,modular,6,u,img/target_7.png
12,609,modular,8,q,img/target_1.png
12,610,modular,7,b,img/target_6.png
12,611,modular,6,u,img/target_7.png
12,612,modular,7,b,img/target_6.png
12,613,modular,8,q,img/target_1.png
12,614,modular,9,w,img/target_2.png
12,615,modular,8,q,img/target_1.png
12,616,modular,5,o,img/target_9.png
12,617,modular,4,i,img/target_8.png
12,618,modular,3,p,img/target_10.png
12,619,modular,0,v,img/target_5.png
12,620,modular,9,w,img/target_2.png
12,621,modular,0,v,img/target_5.png
12,622,modular,9,w,img/target_2.png
12,623,modular,7,b,img/target_6.png
12,624,modular,8,q,img/target_1.png
12,625,modular,6,u,img/target_7.png
12,626,modular,8,q,img/target_1.png
12,627,modular,6,u,img/target_7.png
12,628,modular,9,w,img/target_2.png
12,629,modular,0,v,img/target_5.png
12,630,modular,1,e,img/target_3.png
12,631,modular,3,p,img/target_10.png
12,632,modular,4,i,img/target_8.png
12,633,modular,2,r,img/target_4.png
12,634,modular,3,p,img/target_10.png
12,635,modular,2,r,img/target_4.png
12,636,modular,0,v,img/target_5.png
12,637,modular,9,w,img/target_2.png
12,638,modular,7,b,img/target_6.png
12,639,modular,9,w,img/target_2.png
12,640,modular,6,u,img/target_7.png
12,641,modular,9,w,img/target_2.png
12,642,modular,8,q,img/target_1.png
12,643,modular,5,o,img/target_9.png
12,644,modular,4,i,img/target_8.png
12,645,modular,1,e,img/target_3.png
12,646,modular,2,r,img/target_4.png
12,647,modular,1,e,img/target_3.png
12,648,modular,3,p,img/target_10.png
12,649,modular,0,v,img/target_5.png
12,650,modular,9,w,img/target_2.png
12,651,modular,0,v,img/target_5.png
12,652,modular,2,r,img/target_4.png
12,653,modular,4,i,img/target_8.png
12,654,modular,3,p,img/target_10.png
12,655,modular,1,e,img/target_3.png
12,656,modular,3,p,img/target_10.png
12,657,modular,1,e,img/target_3.png
12,658,modular,4,i,img/target_8.png
12,659,modular,3,p,img/target_10.png
12,660,modular,0,v,img/target_5.png
12,661,modular,9,w,img/target_2.png
12,662,modular,0,v,img/target_5.png
12,663,modular,1,e,img/target_3.png
12,664,modular,0,v,img/target_5.png
12,665,modular,1,e,img/target_3.png
12,666,modular,2,r,img/target_4.png
12,667,modular,0,v,img/target_5.png
12,668,modular,9,w,img/target_2.png
12,669,modular,8,q,img/target_1.png
12,670,modular,7,b,img/target_6.png
12,671,modular,8,q,img/target_1.png
12,672,modular,7,b,img/target_6.png
12,673,modular,6,u,img/target_7.png
12,674,modular,9,w,img/target_2.png
12,675,modular,6,u,img/target_7.png
12,676,modular,9,w,img/target_2.png
12,677,modular,6,u,img/target_7.png
12,678,modular,5,o,img/target_9.png
12,679,modular,4,i,img/target_8.png
12,680,modular,2,r,img/target_4.png
12,681,modular,1,e,img/target_3.png
12,682,modular,0,v,img/target_5.png
12,683,modular,2,r,img/target_4.png
12,684,modular,3,p,img/target_10.png
12,685,modular,2,r,img/target_4.png
12,686,modular,3,p,img/target_10.png
12,687,modular,2,r,img/target_4.png
12,688,modular,1,e,img/target_3.png
12,689,modular,0,v,img/target_5.png
12,690,modular,1,e,img/target_3.png
12,691,modular,2,r,img/target_4.png
12,692,modular,3,p,img/target_10.png
12,693,modular,0,v,img/target_5.png
12,694,modular,2,r,img/target_4.png
12,695,modular,3,p,img/target_10.png
12,696,modular,1,e,img/target_3.png
12,697,modular,2,r,img/target_4.png
12,698,modular,1,e,img/target_3.png
12,699,modular,2,r,img/target_4.png
12,700,modular,4,i,img/target_8.png
12,701,modular,1,e,img/target_3.png
12,702,modular,0,v,img/target_5.png
12,703,modular,3,p,img/target_10.png
12,704,modular,4,i,img/target_8.png
12,705,modular,5,o,img/target_9.png
12,706,modular,4,i,img/target_8.png
12,707,modular,5,o,img/target_9.png
12,708,modular,6,u,img/target_7.png
12,709,modular,9,w,img/target_2.png
12,710,modular,6,u,img/target_7.png
12,711,modular,7,b,img/target_6.png
12,712,modular,5,o,img/target_9.png
12,713,modular,6,u,img/target_7.png
12,714,modular,8,q,img/target_1.png
12,715,modular,6,u,img/target_7.png
12,716,modular,5,o,img/target_9.png
12,717,modular,7,b,img/target_6.png
12,718,modular,9,w,img/target_2.png
12,719,modular,6,u,img/target_7.png
12,720,modular,8,q,img/target_1.png
12,721,modular,6,u,img/target_7.png
12,722,modular,7,b,img/target_6.png
12,723,modular,5,o,img/target_9.png
12,724,modular,7,b,img/target_6.png
12,725,modular,9,w,img/target_2.png
12,726,modular,0,v,img/target_5.png
12,727,modular,9,w,img/target_2.png
12,728,modular,8,q,img/target_1.png
12,729,modular,6,u,img/target_7.png
12,730,modular,8,q,img/target_1.png
12,731,modular,5,o,img/target_9.png
12,732,modular,6,u,img/target_7.png
12,733,modular,5,o,img/target_9.png
12,734,modular,7,b,img/target_6.png
12,735,modular,8,q,img/target_1.png
12,736,modular,9,w,img/target_2.png
12,737,modular,8,q,img/target_1.png
12,738,modular,9,w,img/target_2.png
12,739,modular,7,b,img/target_6.png
12,740,modular,9,w,img/target_2.png
12,741,modular,8,q,img/target_1.png
12,742,modular,6,u,img/target_7.png
12,743,modular,5,o,img/target_9.png
12,744,modular,4,i,img/target_8.png
12,745,modular,1,e,img/target_3.png
12,746,modular,2,r,img/target_4.png
12,747,modular,0,v,img/target_5.png
12,748,modular,3,p,img/target_10.png
12,749,modular,0,v,img/target_5.png
12,750,modular,9,w,img/target_2.png
12,751,modular,8,q,img/target_1.png
12,752,modular,9,w,img/target_2.png
12,753,modular,0,v,img/target_5.png
12,754,modular,3,p,img/target_10.png
12,755,modular,2,r,img/target_4.png
12,756,modular,3,p,img/target_10.png
12,757,modular,4,i,img/target_8.png
12,758,modular,2,r,img/target_4.png
12,759,modular,0,v,img/target_5.png
12,760,modular,1,e,img/target_3.png
12,761,modular,3,p,img/target_10.png
12,762,modular,2,r,img/target_4.png
12,763,modular,0,v,img/target_5.png
12,764,modular,2,r,img/target_4.png
12,765,modular,0,v,img/target_5.png
12,766,modular,3,p,img/target_10.png
12,767,modular,2,r,img/target_4.png
12,768,modular,0,v,img/target_5.png
12,769,modular,2,r,img/target_4.png
12,770,modular,1,e,img/target_3.png
12,771,modular,0,v,img/target_5.png
12,772,modular,9,w,img/target_2.png
12,773,modular,7,b,img/target_6.png
12,774,modular,6,u,img/target_7.png
12,775,modular,8,q,img/target_1.png
12,776,modular,7,b,img/target_6.png
12,777,modular,9,w,img/target_2.png
12,778,modular,8,q,img/target_1.png
12,779,modular,7,b,img/target_6.png
12,780,modular,5,o,img/target_9.png
12,781,modular,6,u,img/target_7.png
12,782,modular,8,q,img/target_1.png
12,783,modular,9,w,img/target_2.png
12,784,modular,7,b,img/target_6.png
12,785,modular,5,o,img/target_9.png
12,786,modular,6,u,img/target_7.png
12,787,modular,7,b,img/target_6.png
12,788,modular,5,o,img/target_9.png
12,789,modular,4,i,img/target_8.png
12,790,modular,5,o,img/target_9.png
12,791,modular,8,q,img/target_1.png
12,792,modular,7,b,img/target_6.png
12,793,modular,5,o,img/target_9.png
12,794,modular,8,q,img/target_1.png
12,795,modular,6,u,img/target_7.png
12,796,modular,8,q,img/target_1.png
12,797,modular,5,o,img/target_9.png
12,798,modular,8,q,img/target_1.png
12,799,modular,9,w,img/target_2.png
12,800,modular,7,b,img/target_6.png
12,801,modular,5,o,img/target_9.png
12,802,modular,4,i,img/target_8.png
12,803,modular,1,e,img/target_3.png
12,804,modular,4,i,img/target_8.png
12,805,modular,1,e,img/target_3.png
12,806,modular,2,r,img/target_4.png
12,807,modular,4,i,img/target_8.png
12,808,modular,1,e,img/target_3.png
12,809,modular,2,r,img/target_4.png
12,810,modular,4,i,img/target_8.png
12,811,modular,5,o,img/target_9.png
12,812,modular,7,b,img/target_6.png
12,813,modular,9,w,img/target_2.png
12,814,modular,0,v,img/target_5.png
12,815,modular,3,p,img/target_10.png
12,816,modular,4,i,img/target_8.png
12,817,modular,2,r,img/target_4.png
12,818,modular,4,i,img/target_8.png
12,819,modular,1,e,img/target_3.png
12,820,modular,2,r,img/target_4.png
12,821,modular,3,p,img/target_10.png
12,822,modular,0,v,img/target_5.png
12,823,modular,9,w,img/target_2.png
12,824,modular,7,b,img/target_6.png
12,825,modular,8,q,img/target_1.png
12,826,modular,7,b,img/target_6.png
12,827,modular,5,o,img/target_9.png
12,828,modular,6,u,img/target_7.png
12,829,modular,9,w,img/target_2.png
12,830,modular,0,v,img/target_5.png
12,831,modular,3,p,img/target_10.png
12,832,modular,0,v,img/target_5.png
12,833,modular,9,w,img/target_2.png
12,834,modular,6,u,img/target_7.png
12,835,modular,8,q,img/target_1.png
12,836,modular,7,b,img/target_6.png
12,837,modular,6,u,img/target_7.png
12,838,modular,8,q,img/target_1.png
12,839,modular,9,w,img/target_2.png
12,840,modular,0,v,img/target_5.png
12,841,modular,2,r,img/target_4.png
12,842,modular,1,e,img/target_3.png
12,843,modular,0,v,img/target_5.png
12,844,modular,1,e,img/target_3.png
12,845,modular,3,p,img/target_10.png
12,846,modular,0,v,img/target_5.png
12,847,modular,9,w,img/target_2.png
12,848,modular,7,b,img/target_6.png
12,849,modular,5,o,img/target_9.png
12,850,modular,6,u,img/target_7.png
12,851,modular,8,q,img/target_1.png
12,852,modular,6,u,img/target_7.png
12,853,modular,7,b,img/target_6.png
12,854,modular,9,w,img/target_2.png
12,855,modular,6,u,img/target_7.png
12,856,modular,7,b,img/target_6.png
12,857,modular,9,w,img/target_2.png
12,858,modular,8,q,img/target_1.png
12,859,modular,6,u,img/target_7.png
12,860,modular,5,o,img/target_9.png
12,861,modular,6,u,img/target_7.png
12,862,modular,8,q,img/target_1.png
12,863,modular,5,o,img/target_9.png
12,864,modular,6,u,img/target_7.png
12,865,modular,5,o,img/target_9.png
12,866,modular,6,u,img/target_7.png
12,867,modular,8,q,img/target_1.png
12,868,modular,7,b,img/target_6.png
12,869,modular,6,u,img/target_7.png
12,870,modular,8,q,img/target_1.png
12,871,modular,6,u,img/target_7.png
12,872,modular,5,o,img/target_9.png
12,873,modular,8,q,img/target_1.png
12,874,modular,6,u,img/target_7.png
12,875,modular,5,o,img/target_9.png
12,876,modular,8,q,img/target_1.png
12,877,modular,9,w,img/target_2.png
12,878,modular,0,v,img/target_5.png
12,879,modular,2,r,img/target_4.png
12,880,modular,4,i,img/target_8.png
12,881,modular,5,o,img/target_9.png
12,882,modular,8,q,img/target_1.png
12,883,modular,9,w,img/target_2.png
12,884,modular,0,v,img/target_5.png
12,885,modular,2,r,img/target_4.png
12,886,modular,3,p,img/target_10.png
12,887,modular,1,e,img/target_3.png
12,888,modular,2,r,img/target_4.png
12,889,modular,4,i,img/target_8.png
12,890,modular,3,p,img/target_10.png
12,891,modular,1,e,img/target_3.png
12,892,modular,0,v,img/target_5.png
12,893,modular,1,e,img/target_3.png
12,894,modular,3,p,img/target_10.png
12,895,modular,4,i,img/target_8.png
12,896,modular,3,p,img/target_10.png
12,897,modular,2,r,img/target_4.png
12,898,modular,4,i,img/target_8.png
12,899,modular,5,o,img/target_9.png
12,900,modular,4,i,img/target_8.png
12,901,modular,3,p,img/target_10.png
12,902,modular,4,i,img/target_8.png
12,903,modular,3,p,img/target_10.png
12,904,modular,2,r,img/target_4.png
12,905,modular,3,p,img/target_10.png
12,906,modular,4,i,img/target_8.png
12,907,modular,2,r,img/target_4.png
12,908,modular,0,v,img/target_5.png
12,909,modular,3,p,img/target_10.png
12,910,modular,2,r,img/target_4.png
12,911,modular,1,e,img/target_3.png
12,912,modular,0,v,img/target_5.png
12,913,modular,9,w,img/target_2.png
12,914,modular,8,q,img/target_1.png
12,915,modular,9,w,img/target_2.png
12,916,modular,0,v,img/target_5.png
12,917,modular,3,p,img/target_10.png
12,918,modular,2,r,img/target_4.png
12,919,modular,1,e,img/target_3.png
12,920,modular,2,r,img/target_4.png
12,921,modular,1,e,img/target_3.png
12,922,modular,3,p,img/target_10.png
12,923,modular,0,v,img/target_5.png
12,924,modular,9,w,img/target_2.png
12,925,modular,7,b,img/target_6.png
12,926,modular,8,q,img/target_1.png
12,927,modular,9,w,img/target_2.png
12,928,modular,8,q,img/target_1.png
12,929,modular,7,b,img/target_6.png
12,930,modular,6,u,img/target_7.png
12,931,modular,7,b,img/target_6.png
12,932,modular,5,o,img/target_9.png
12,933,modular,8,q,img/target_1.png
12,934,modular,9,w,img/target_2.png
12,935,modular,0,v,img/target_5.png
12,936,modular,3,p,img/target_10.png
12,937,modular,2,r,img/target_4.png
12,938,modular,0,v,img/target_5.png
12,939,modular,3,p,img/target_10.png
12,940,modular,4,i,img/target_8.png
12,941,modular,1,e,img/target_3.png
12,942,modular,4,i,img/target_8.png
12,943,modular,3,p,img/target_10.png
12,944,modular,4,i,img/target_8.png
12,945,modular,2,r,img/target_4.png
12,946,modular,0,v,img/target_5.png
12,947,modular,3,p,img/target_10.png
12,948,modular,2,r,img/target_4.png
12,949,modular,4,i,img/target_8.png
12,950,modular,2,r,img/target_4.png
12,951,modular,4,i,img/target_8.png
12,952,modular,5,o,img/target_9.png
12,953,modular,8,q,img/target_1.png
12,954,modular,6,u,img/target_7.png
12,955,modular,8,q,img/target_1.png
12,956,modular,6,u,img/target_7.png
12,957,modular,9,w,img/target_2.png
12,958,modular,7,b,img/target_6.png
12,959,modular,8,q,img/target_1.png
12,960,modular,6,u,img/target_7.png
12,961,modular,5,o,img/target_9.png
12,962,modular,7,b,img/target_6.png
12,963,modular,9,w,img/target_2.png
12,964,modular,0,v,img/target_5.png
12,965,modular,9,w,img/target_2.png
12,966,modular,8,q,img/target_1.png
12,967,modular,5,o,img/target_9.png
12,968,modular,6,u,img/target_7.png
12,969,modular,9,w,img/target_2.png
12,970,modular,6,u,img/target_7.png
12,971,modular,8,q,img/target_1.png
12,972,modular,5,o,img/target_9.png
12,973,modular,7,b,img/target_6.png
12,974,modular,5,o,img/target_9.png
12,975,modular,8,q,img/target_1.png
12,976,modular,6,u,img/target_7.png
12,977,modular,8,q,img/target_1.png
12,978,modular,9,w,img/target_2.png
12,979,modular,6,u,img/target_7.png
12,980,modular,8,q,img/target_1.png
12,981,modular,6,u,img/target_7.png
12,982,modular,9,w,img/target_2.png
12,983,modular,0,v,img/target_5.png
12,984,modular,3,p,img/target_10.png
12,985,modular,2,r,img/target_4.png
12,986,modular,4,i,img/target_8.png
12,987,modular,5,o,img/target_9.png
12,988,modular,8,q,img/target_1.png
12,989,modular,7,b,img/target_6.png
12,990,modular,5,o,img/target_9.png
12,991,modular,8,q,img/target_1.png
12,992,modular,9,w,img/target_2.png
12,993,modular,0,v,img/target_5.png
12,994,modular,9,w,img/target_2.png
12,995,modular,6,u,img/target_7.png
12,996,modular,9,w,img/target_2.png
12,997,modular,6,u,img/target_7.png
12,998,modular,7,b,img/target_6.png
12,999,modular,9,w,img/target_2.png
12,1000,modular,7,b,img/target_6.png
