pID,sess,trialNum,graph,walk,resp,path
4,3,1,modular,3,e,img/target_3.png
4,3,2,modular,2,w,img/target_2.png
4,3,3,modular,1,u,img/target_7.png
4,3,4,modular,4,q,img/target_1.png
4,3,5,modular,2,w,img/target_2.png
4,3,6,modular,0,o,img/target_9.png
4,3,7,modular,9,p,img/target_10.png
4,3,8,modular,0,o,img/target_9.png
4,3,9,modular,2,w,img/target_2.png
4,3,10,modular,1,u,img/target_7.png
4,3,11,modular,3,e,img/target_3.png
4,3,12,modular,0,o,img/target_9.png
4,3,13,modular,1,u,img/target_7.png
4,3,14,modular,3,e,img/target_3.png
4,3,15,modular,2,w,img/target_2.png
4,3,16,modular,0,o,img/target_9.png
4,3,17,modular,3,e,img/target_3.png
4,3,18,modular,0,o,img/target_9.png
4,3,19,modular,3,e,img/target_3.png
4,3,20,modular,2,w,img/target_2.png
4,3,21,modular,3,e,img/target_3.png
4,3,22,modular,2,w,img/target_2.png
4,3,23,modular,1,u,img/target_7.png
4,3,24,modular,0,o,img/target_9.png
4,3,25,modular,2,w,img/target_2.png
4,3,26,modular,1,u,img/target_7.png
4,3,27,modular,3,e,img/target_3.png
4,3,28,modular,4,q,img/target_1.png
4,3,29,modular,3,e,img/target_3.png
4,3,30,modular,0,o,img/target_9.png
4,3,31,modular,1,u,img/target_7.png
4,3,32,modular,0,o,img/target_9.png
4,3,33,modular,1,u,img/target_7.png
4,3,34,modular,4,q,img/target_1.png
4,3,35,modular,3,e,img/target_3.png
4,3,36,modular,1,u,img/target_7.png
4,3,37,modular,2,w,img/target_2.png
4,3,38,modular,1,u,img/target_7.png
4,3,39,modular,4,q,img/target_1.png
4,3,40,modular,2,w,img/target_2.png
4,3,41,modular,0,o,img/target_9.png
4,3,42,modular,2,w,img/target_2.png
4,3,43,modular,0,o,img/target_9.png
4,3,44,modular,3,e,img/target_3.png
4,3,45,modular,2,w,img/target_2.png
4,3,46,modular,0,o,img/target_9.png
4,3,47,modular,3,e,img/target_3.png
4,3,48,modular,0,o,img/target_9.png
4,3,49,modular,3,e,img/target_3.png
4,3,50,modular,1,u,img/target_7.png
4,3,51,modular,4,q,img/target_1.png
4,3,52,modular,5,i,img/target_8.png
4,3,53,modular,7,r,img/target_4.png
4,3,54,modular,6,v,img/target_5.png
4,3,55,modular,9,p,img/target_10.png
4,3,56,modular,7,r,img/target_4.png
4,3,57,modular,6,v,img/target_5.png
4,3,58,modular,7,r,img/target_4.png
4,3,59,modular,5,i,img/target_8.png
4,3,60,modular,7,r,img/target_4.png
4,3,61,modular,5,i,img/target_8.png
4,3,62,modular,4,q,img/target_1.png
4,3,63,modular,1,u,img/target_7.png
4,3,64,modular,4,q,img/target_1.png
4,3,65,modular,3,e,img/target_3.png
4,3,66,modular,1,u,img/target_7.png
4,3,67,modular,2,w,img/target_2.png
4,3,68,modular,0,o,img/target_9.png
4,3,69,modular,3,e,img/target_3.png
4,3,70,modular,4,q,img/target_1.png
4,3,71,modular,1,u,img/target_7.png
4,3,72,modular,3,e,img/target_3.png
4,3,73,modular,0,o,img/target_9.png
4,3,74,modular,2,w,img/target_2.png
4,3,75,modular,3,e,img/target_3.png
4,3,76,modular,0,o,img/target_9.png
4,3,77,modular,1,u,img/target_7.png
4,3,78,modular,2,w,img/target_2.png
4,3,79,modular,1,u,img/target_7.png
4,3,80,modular,2,w,img/target_2.png
4,3,81,modular,4,q,img/target_1.png
4,3,82,modular,3,e,img/target_3.png
4,3,83,modular,2,w,img/target_2.png
4,3,84,modular,1,u,img/target_7.png
4,3,85,modular,0,o,img/target_9.png
4,3,86,modular,3,e,img/target_3.png
4,3,87,modular,2,w,img/target_2.png
4,3,88,modular,3,e,img/target_3.png
4,3,89,modular,0,o,img/target_9.png
4,3,90,modular,3,e,img/target_3.png
4,3,91,modular,1,u,img/target_7.png
4,3,92,modular,2,w,img/target_2.png
4,3,93,modular,4,q,img/target_1.png
4,3,94,modular,5,i,img/target_8.png
4,3,95,modular,4,q,img/target_1.png
4,3,96,modular,1,u,img/target_7.png
4,3,97,modular,2,w,img/target_2.png
4,3,98,modular,0,o,img/target_9.png
4,3,99,modular,3,e,img/target_3.png
4,3,100,modular,1,u,img/target_7.png
4,3,101,modular,4,q,img/target_1.png
4,3,102,modular,5,i,img/target_8.png
4,3,103,modular,7,r,img/target_4.png
4,3,104,modular,6,v,img/target_5.png
4,3,105,modular,9,p,img/target_10.png
4,3,106,modular,0,o,img/target_9.png
4,3,107,modular,9,p,img/target_10.png
4,3,108,modular,7,r,img/target_4.png
4,3,109,modular,6,v,img/target_5.png
4,3,110,modular,9,p,img/target_10.png
4,3,111,modular,8,b,img/target_6.png
4,3,112,modular,7,r,img/target_4.png
4,3,113,modular,5,i,img/target_8.png
4,3,114,modular,7,r,img/target_4.png
4,3,115,modular,9,p,img/target_10.png
4,3,116,modular,6,v,img/target_5.png
4,3,117,modular,5,i,img/target_8.png
4,3,118,modular,4,q,img/target_1.png
4,3,119,modular,2,w,img/target_2.png
4,3,120,modular,0,o,img/target_9.png
4,3,121,modular,9,p,img/target_10.png
4,3,122,modular,0,o,img/target_9.png
4,3,123,modular,2,w,img/target_2.png
4,3,124,modular,4,q,img/target_1.png
4,3,125,modular,1,u,img/target_7.png
4,3,126,modular,3,e,img/target_3.png
4,3,127,modular,2,w,img/target_2.png
4,3,128,modular,4,q,img/target_1.png
4,3,129,modular,5,i,img/target_8.png
4,3,130,modular,4,q,img/target_1.png
4,3,131,modular,5,i,img/target_8.png
4,3,132,modular,6,v,img/target_5.png
4,3,133,modular,9,p,img/target_10.png
4,3,134,modular,7,r,img/target_4.png
4,3,135,modular,6,v,img/target_5.png
4,3,136,modular,8,b,img/target_6.png
4,3,137,modular,7,r,img/target_4.png
4,3,138,modular,5,i,img/target_8.png
4,3,139,modular,4,q,img/target_1.png
4,3,140,modular,3,e,img/target_3.png
4,3,141,modular,1,u,img/target_7.png
4,3,142,modular,2,w,img/target_2.png
4,3,143,modular,0,o,img/target_9.png
4,3,144,modular,1,u,img/target_7.png
4,3,145,modular,0,o,img/target_9.png
4,3,146,modular,3,e,img/target_3.png
4,3,147,modular,1,u,img/target_7.png
4,3,148,modular,3,e,img/target_3.png
4,3,149,modular,4,q,img/target_1.png
4,3,150,modular,2,w,img/target_2.png
4,3,151,modular,0,o,img/target_9.png
4,3,152,modular,3,e,img/target_3.png
4,3,153,modular,2,w,img/target_2.png
4,3,154,modular,3,e,img/target_3.png
4,3,155,modular,2,w,img/target_2.png
4,3,156,modular,3,e,img/target_3.png
4,3,157,modular,1,u,img/target_7.png
4,3,158,modular,3,e,img/target_3.png
4,3,159,modular,4,q,img/target_1.png
4,3,160,modular,5,i,img/target_8.png
4,3,161,modular,6,v,img/target_5.png
4,3,162,modular,8,b,img/target_6.png
4,3,163,modular,7,r,img/target_4.png
4,3,164,modular,6,v,img/target_5.png
4,3,165,modular,5,i,img/target_8.png
4,3,166,modular,6,v,img/target_5.png
4,3,167,modular,9,p,img/target_10.png
4,3,168,modular,8,b,img/target_6.png
4,3,169,modular,6,v,img/target_5.png
4,3,170,modular,5,i,img/target_8.png
4,3,171,modular,8,b,img/target_6.png
4,3,172,modular,9,p,img/target_10.png
4,3,173,modular,0,o,img/target_9.png
4,3,174,modular,3,e,img/target_3.png
4,3,175,modular,2,w,img/target_2.png
4,3,176,modular,3,e,img/target_3.png
4,3,177,modular,2,w,img/target_2.png
4,3,178,modular,3,e,img/target_3.png
4,3,179,modular,2,w,img/target_2.png
4,3,180,modular,0,o,img/target_9.png
4,3,181,modular,3,e,img/target_3.png
4,3,182,modular,0,o,img/target_9.png
4,3,183,modular,9,p,img/target_10.png
4,3,184,modular,8,b,img/target_6.png
4,3,185,modular,6,v,img/target_5.png
4,3,186,modular,8,b,img/target_6.png
4,3,187,modular,7,r,img/target_4.png
4,3,188,modular,9,p,img/target_10.png
4,3,189,modular,7,r,img/target_4.png
4,3,190,modular,6,v,img/target_5.png
4,3,191,modular,7,r,img/target_4.png
4,3,192,modular,9,p,img/target_10.png
4,3,193,modular,7,r,img/target_4.png
4,3,194,modular,8,b,img/target_6.png
4,3,195,modular,9,p,img/target_10.png
4,3,196,modular,8,b,img/target_6.png
4,3,197,modular,5,i,img/target_8.png
4,3,198,modular,7,r,img/target_4.png
4,3,199,modular,9,p,img/target_10.png
4,3,200,modular,0,o,img/target_9.png
4,3,201,modular,9,p,img/target_10.png
4,3,202,modular,6,v,img/target_5.png
4,3,203,modular,5,i,img/target_8.png
4,3,204,modular,4,q,img/target_1.png
4,3,205,modular,5,i,img/target_8.png
4,3,206,modular,6,v,img/target_5.png
4,3,207,modular,8,b,img/target_6.png
4,3,208,modular,9,p,img/target_10.png
4,3,209,modular,8,b,img/target_6.png
4,3,210,modular,7,r,img/target_4.png
4,3,211,modular,8,b,img/target_6.png
4,3,212,modular,5,i,img/target_8.png
4,3,213,modular,7,r,img/target_4.png
4,3,214,modular,5,i,img/target_8.png
4,3,215,modular,7,r,img/target_4.png
4,3,216,modular,5,i,img/target_8.png
4,3,217,modular,6,v,img/target_5.png
4,3,218,modular,5,i,img/target_8.png
4,3,219,modular,4,q,img/target_1.png
4,3,220,modular,3,e,img/target_3.png
4,3,221,modular,0,o,img/target_9.png
4,3,222,modular,2,w,img/target_2.png
4,3,223,modular,0,o,img/target_9.png
4,3,224,modular,9,p,img/target_10.png
4,3,225,modular,6,v,img/target_5.png
4,3,226,modular,7,r,img/target_4.png
4,3,227,modular,6,v,img/target_5.png
4,3,228,modular,5,i,img/target_8.png
4,3,229,modular,8,b,img/target_6.png
4,3,230,modular,7,r,img/target_4.png
4,3,231,modular,5,i,img/target_8.png
4,3,232,modular,6,v,img/target_5.png
4,3,233,modular,7,r,img/target_4.png
4,3,234,modular,6,v,img/target_5.png
4,3,235,modular,8,b,img/target_6.png
4,3,236,modular,7,r,img/target_4.png
4,3,237,modular,9,p,img/target_10.png
4,3,238,modular,6,v,img/target_5.png
4,3,239,modular,5,i,img/target_8.png
4,3,240,modular,7,r,img/target_4.png
4,3,241,modular,5,i,img/target_8.png
4,3,242,modular,7,r,img/target_4.png
4,3,243,modular,5,i,img/target_8.png
4,3,244,modular,6,v,img/target_5.png
4,3,245,modular,8,b,img/target_6.png
4,3,246,modular,6,v,img/target_5.png
4,3,247,modular,7,r,img/target_4.png
4,3,248,modular,6,v,img/target_5.png
4,3,249,modular,7,r,img/target_4.png
4,3,250,modular,8,b,img/target_6.png
4,3,251,modular,5,i,img/target_8.png
4,3,252,modular,7,r,img/target_4.png
4,3,253,modular,8,b,img/target_6.png
4,3,254,modular,5,i,img/target_8.png
4,3,255,modular,7,r,img/target_4.png
4,3,256,modular,6,v,img/target_5.png
4,3,257,modular,5,i,img/target_8.png
4,3,258,modular,7,r,img/target_4.png
4,3,259,modular,5,i,img/target_8.png
4,3,260,modular,6,v,img/target_5.png
4,3,261,modular,8,b,img/target_6.png
4,3,262,modular,9,p,img/target_10.png
4,3,263,modular,8,b,img/target_6.png
4,3,264,modular,9,p,img/target_10.png
4,3,265,modular,0,o,img/target_9.png
4,3,266,modular,9,p,img/target_10.png
4,3,267,modular,8,b,img/target_6.png
4,3,268,modular,7,r,img/target_4.png
4,3,269,modular,9,p,img/target_10.png
4,3,270,modular,0,o,img/target_9.png
4,3,271,modular,2,w,img/target_2.png
4,3,272,modular,0,o,img/target_9.png
4,3,273,modular,1,u,img/target_7.png
4,3,274,modular,2,w,img/target_2.png
4,3,275,modular,0,o,img/target_9.png
4,3,276,modular,9,p,img/target_10.png
4,3,277,modular,8,b,img/target_6.png
4,3,278,modular,7,r,img/target_4.png
4,3,279,modular,5,i,img/target_8.png
4,3,280,modular,7,r,img/target_4.png
4,3,281,modular,6,v,img/target_5.png
4,3,282,modular,9,p,img/target_10.png
4,3,283,modular,8,b,img/target_6.png
4,3,284,modular,5,i,img/target_8.png
4,3,285,modular,4,q,img/target_1.png
4,3,286,modular,5,i,img/target_8.png
4,3,287,modular,6,v,img/target_5.png
4,3,288,modular,9,p,img/target_10.png
4,3,289,modular,7,r,img/target_4.png
4,3,290,modular,8,b,img/target_6.png
4,3,291,modular,6,v,img/target_5.png
4,3,292,modular,7,r,img/target_4.png
4,3,293,modular,9,p,img/target_10.png
4,3,294,modular,6,v,img/target_5.png
4,3,295,modular,9,p,img/target_10.png
4,3,296,modular,0,o,img/target_9.png
4,3,297,modular,3,e,img/target_3.png
4,3,298,modular,2,w,img/target_2.png
4,3,299,modular,4,q,img/target_1.png
4,3,300,modular,3,e,img/target_3.png
4,3,301,modular,1,u,img/target_7.png
4,3,302,modular,3,e,img/target_3.png
4,3,303,modular,1,u,img/target_7.png
4,3,304,modular,2,w,img/target_2.png
4,3,305,modular,4,q,img/target_1.png
4,3,306,modular,2,w,img/target_2.png
4,3,307,modular,0,o,img/target_9.png
4,3,308,modular,3,e,img/target_3.png
4,3,309,modular,4,q,img/target_1.png
4,3,310,modular,3,e,img/target_3.png
4,3,311,modular,4,q,img/target_1.png
4,3,312,modular,5,i,img/target_8.png
4,3,313,modular,8,b,img/target_6.png
4,3,314,modular,7,r,img/target_4.png
4,3,315,modular,9,p,img/target_10.png
4,3,316,modular,0,o,img/target_9.png
4,3,317,modular,2,w,img/target_2.png
4,3,318,modular,3,e,img/target_3.png
4,3,319,modular,4,q,img/target_1.png
4,3,320,modular,5,i,img/target_8.png
4,3,321,modular,6,v,img/target_5.png
4,3,322,modular,8,b,img/target_6.png
4,3,323,modular,7,r,img/target_4.png
4,3,324,modular,6,v,img/target_5.png
4,3,325,modular,5,i,img/target_8.png
4,3,326,modular,8,b,img/target_6.png
4,3,327,modular,9,p,img/target_10.png
4,3,328,modular,0,o,img/target_9.png
4,3,329,modular,1,u,img/target_7.png
4,3,330,modular,4,q,img/target_1.png
4,3,331,modular,2,w,img/target_2.png
4,3,332,modular,0,o,img/target_9.png
4,3,333,modular,1,u,img/target_7.png
4,3,334,modular,0,o,img/target_9.png
4,3,335,modular,9,p,img/target_10.png
4,3,336,modular,7,r,img/target_4.png
4,3,337,modular,9,p,img/target_10.png
4,3,338,modular,7,r,img/target_4.png
4,3,339,modular,5,i,img/target_8.png
4,3,340,modular,8,b,img/target_6.png
4,3,341,modular,9,p,img/target_10.png
4,3,342,modular,8,b,img/target_6.png
4,3,343,modular,5,i,img/target_8.png
4,3,344,modular,8,b,img/target_6.png
4,3,345,modular,6,v,img/target_5.png
4,3,346,modular,7,r,img/target_4.png
4,3,347,modular,8,b,img/target_6.png
4,3,348,modular,5,i,img/target_8.png
4,3,349,modular,6,v,img/target_5.png
4,3,350,modular,8,b,img/target_6.png
4,3,351,modular,7,r,img/target_4.png
4,3,352,modular,5,i,img/target_8.png
4,3,353,modular,7,r,img/target_4.png
4,3,354,modular,9,p,img/target_10.png
4,3,355,modular,8,b,img/target_6.png
4,3,356,modular,9,p,img/target_10.png
4,3,357,modular,0,o,img/target_9.png
4,3,358,modular,3,e,img/target_3.png
4,3,359,modular,0,o,img/target_9.png
4,3,360,modular,2,w,img/target_2.png
4,3,361,modular,4,q,img/target_1.png
4,3,362,modular,3,e,img/target_3.png
4,3,363,modular,4,q,img/target_1.png
4,3,364,modular,5,i,img/target_8.png
4,3,365,modular,4,q,img/target_1.png
4,3,366,modular,1,u,img/target_7.png
4,3,367,modular,4,q,img/target_1.png
4,3,368,modular,3,e,img/target_3.png
4,3,369,modular,1,u,img/target_7.png
4,3,370,modular,2,w,img/target_2.png
4,3,371,modular,3,e,img/target_3.png
4,3,372,modular,1,u,img/target_7.png
4,3,373,modular,2,w,img/target_2.png
4,3,374,modular,4,q,img/target_1.png
4,3,375,modular,3,e,img/target_3.png
4,3,376,modular,0,o,img/target_9.png
4,3,377,modular,1,u,img/target_7.png
4,3,378,modular,0,o,img/target_9.png
4,3,379,modular,3,e,img/target_3.png
4,3,380,modular,4,q,img/target_1.png
4,3,381,modular,2,w,img/target_2.png
4,3,382,modular,4,q,img/target_1.png
4,3,383,modular,5,i,img/target_8.png
4,3,384,modular,7,r,img/target_4.png
4,3,385,modular,5,i,img/target_8.png
4,3,386,modular,6,v,img/target_5.png
4,3,387,modular,7,r,img/target_4.png
4,3,388,modular,8,b,img/target_6.png
4,3,389,modular,7,r,img/target_4.png
4,3,390,modular,8,b,img/target_6.png
4,3,391,modular,9,p,img/target_10.png
4,3,392,modular,7,r,img/target_4.png
4,3,393,modular,8,b,img/target_6.png
4,3,394,modular,6,v,img/target_5.png
4,3,395,modular,8,b,img/target_6.png
4,3,396,modular,6,v,img/target_5.png
4,3,397,modular,8,b,img/target_6.png
4,3,398,modular,5,i,img/target_8.png
4,3,399,modular,4,q,img/target_1.png
4,3,400,modular,3,e,img/target_3.png
4,3,401,modular,1,u,img/target_7.png
4,3,402,modular,2,w,img/target_2.png
4,3,403,modular,3,e,img/target_3.png
4,3,404,modular,1,u,img/target_7.png
4,3,405,modular,0,o,img/target_9.png
4,3,406,modular,3,e,img/target_3.png
4,3,407,modular,4,q,img/target_1.png
4,3,408,modular,1,u,img/target_7.png
4,3,409,modular,2,w,img/target_2.png
4,3,410,modular,3,e,img/target_3.png
4,3,411,modular,4,q,img/target_1.png
4,3,412,modular,2,w,img/target_2.png
4,3,413,modular,3,e,img/target_3.png
4,3,414,modular,2,w,img/target_2.png
4,3,415,modular,3,e,img/target_3.png
4,3,416,modular,0,o,img/target_9.png
4,3,417,modular,9,p,img/target_10.png
4,3,418,modular,6,v,img/target_5.png
4,3,419,modular,7,r,img/target_4.png
4,3,420,modular,5,i,img/target_8.png
4,3,421,modular,4,q,img/target_1.png
4,3,422,modular,3,e,img/target_3.png
4,3,423,modular,0,o,img/target_9.png
4,3,424,modular,2,w,img/target_2.png
4,3,425,modular,3,e,img/target_3.png
4,3,426,modular,0,o,img/target_9.png
4,3,427,modular,3,e,img/target_3.png
4,3,428,modular,2,w,img/target_2.png
4,3,429,modular,3,e,img/target_3.png
4,3,430,modular,2,w,img/target_2.png
4,3,431,modular,4,q,img/target_1.png
4,3,432,modular,2,w,img/target_2.png
4,3,433,modular,0,o,img/target_9.png
4,3,434,modular,3,e,img/target_3.png
4,3,435,modular,4,q,img/target_1.png
4,3,436,modular,3,e,img/target_3.png
4,3,437,modular,0,o,img/target_9.png
4,3,438,modular,1,u,img/target_7.png
4,3,439,modular,0,o,img/target_9.png
4,3,440,modular,3,e,img/target_3.png
4,3,441,modular,0,o,img/target_9.png
4,3,442,modular,9,p,img/target_10.png
4,3,443,modular,8,b,img/target_6.png
4,3,444,modular,5,i,img/target_8.png
4,3,445,modular,7,r,img/target_4.png
4,3,446,modular,5,i,img/target_8.png
4,3,447,modular,4,q,img/target_1.png
4,3,448,modular,5,i,img/target_8.png
4,3,449,modular,7,r,img/target_4.png
4,3,450,modular,5,i,img/target_8.png
4,3,451,modular,7,r,img/target_4.png
4,3,452,modular,9,p,img/target_10.png
4,3,453,modular,7,r,img/target_4.png
4,3,454,modular,6,v,img/target_5.png
4,3,455,modular,5,i,img/target_8.png
4,3,456,modular,8,b,img/target_6.png
4,3,457,modular,5,i,img/target_8.png
4,3,458,modular,6,v,img/target_5.png
4,3,459,modular,5,i,img/target_8.png
4,3,460,modular,6,v,img/target_5.png
4,3,461,modular,5,i,img/target_8.png
4,3,462,modular,7,r,img/target_4.png
4,3,463,modular,8,b,img/target_6.png
4,3,464,modular,7,r,img/target_4.png
4,3,465,modular,9,p,img/target_10.png
4,3,466,modular,7,r,img/target_4.png
4,3,467,modular,8,b,img/target_6.png
4,3,468,modular,9,p,img/target_10.png
4,3,469,modular,7,r,img/target_4.png
4,3,470,modular,8,b,img/target_6.png
4,3,471,modular,5,i,img/target_8.png
4,3,472,modular,7,r,img/target_4.png
4,3,473,modular,5,i,img/target_8.png
4,3,474,modular,6,v,img/target_5.png
4,3,475,modular,7,r,img/target_4.png
4,3,476,modular,9,p,img/target_10.png
4,3,477,modular,0,o,img/target_9.png
4,3,478,modular,3,e,img/target_3.png
4,3,479,modular,4,q,img/target_1.png
4,3,480,modular,2,w,img/target_2.png
4,3,481,modular,4,q,img/target_1.png
4,3,482,modular,1,u,img/target_7.png
4,3,483,modular,4,q,img/target_1.png
4,3,484,modular,5,i,img/target_8.png
4,3,485,modular,4,q,img/target_1.png
4,3,486,modular,5,i,img/target_8.png
4,3,487,modular,6,v,img/target_5.png
4,3,488,modular,9,p,img/target_10.png
4,3,489,modular,6,v,img/target_5.png
4,3,490,modular,7,r,img/target_4.png
4,3,491,modular,8,b,img/target_6.png
4,3,492,modular,5,i,img/target_8.png
4,3,493,modular,6,v,img/target_5.png
4,3,494,modular,7,r,img/target_4.png
4,3,495,modular,5,i,img/target_8.png
4,3,496,modular,4,q,img/target_1.png
4,3,497,modular,5,i,img/target_8.png
4,3,498,modular,4,q,img/target_1.png
4,3,499,modular,5,i,img/target_8.png
4,3,500,modular,7,r,img/target_4.png
4,3,501,modular,8,b,img/target_6.png
4,3,502,modular,7,r,img/target_4.png
4,3,503,modular,5,i,img/target_8.png
4,3,504,modular,6,v,img/target_5.png
4,3,505,modular,5,i,img/target_8.png
4,3,506,modular,4,q,img/target_1.png
4,3,507,modular,2,w,img/target_2.png
4,3,508,modular,4,q,img/target_1.png
4,3,509,modular,5,i,img/target_8.png
4,3,510,modular,8,b,img/target_6.png
4,3,511,modular,5,i,img/target_8.png
4,3,512,modular,7,r,img/target_4.png
4,3,513,modular,5,i,img/target_8.png
4,3,514,modular,6,v,img/target_5.png
4,3,515,modular,9,p,img/target_10.png
4,3,516,modular,8,b,img/target_6.png
4,3,517,modular,7,r,img/target_4.png
4,3,518,modular,8,b,img/target_6.png
4,3,519,modular,5,i,img/target_8.png
4,3,520,modular,6,v,img/target_5.png
4,3,521,modular,7,r,img/target_4.png
4,3,522,modular,8,b,img/target_6.png
4,3,523,modular,5,i,img/target_8.png
4,3,524,modular,8,b,img/target_6.png
4,3,525,modular,6,v,img/target_5.png
4,3,526,modular,7,r,img/target_4.png
4,3,527,modular,9,p,img/target_10.png
4,3,528,modular,7,r,img/target_4.png
4,3,529,modular,6,v,img/target_5.png
4,3,530,modular,7,r,img/target_4.png
4,3,531,modular,9,p,img/target_10.png
4,3,532,modular,6,v,img/target_5.png
4,3,533,modular,7,r,img/target_4.png
4,3,534,modular,5,i,img/target_8.png
4,3,535,modular,4,q,img/target_1.png
4,3,536,modular,1,u,img/target_7.png
4,3,537,modular,4,q,img/target_1.png
4,3,538,modular,5,i,img/target_8.png
4,3,539,modular,7,r,img/target_4.png
4,3,540,modular,5,i,img/target_8.png
4,3,541,modular,8,b,img/target_6.png
4,3,542,modular,6,v,img/target_5.png
4,3,543,modular,8,b,img/target_6.png
4,3,544,modular,5,i,img/target_8.png
4,3,545,modular,8,b,img/target_6.png
4,3,546,modular,9,p,img/target_10.png
4,3,547,modular,7,r,img/target_4.png
4,3,548,modular,8,b,img/target_6.png
4,3,549,modular,6,v,img/target_5.png
4,3,550,modular,8,b,img/target_6.png
4,3,551,modular,5,i,img/target_8.png
4,3,552,modular,8,b,img/target_6.png
4,3,553,modular,5,i,img/target_8.png
4,3,554,modular,8,b,img/target_6.png
4,3,555,modular,5,i,img/target_8.png
4,3,556,modular,6,v,img/target_5.png
4,3,557,modular,8,b,img/target_6.png
4,3,558,modular,9,p,img/target_10.png
4,3,559,modular,8,b,img/target_6.png
4,3,560,modular,7,r,img/target_4.png
4,3,561,modular,9,p,img/target_10.png
4,3,562,modular,6,v,img/target_5.png
4,3,563,modular,9,p,img/target_10.png
4,3,564,modular,6,v,img/target_5.png
4,3,565,modular,7,r,img/target_4.png
4,3,566,modular,6,v,img/target_5.png
4,3,567,modular,5,i,img/target_8.png
4,3,568,modular,6,v,img/target_5.png
4,3,569,modular,7,r,img/target_4.png
4,3,570,modular,8,b,img/target_6.png
4,3,571,modular,6,v,img/target_5.png
4,3,572,modular,8,b,img/target_6.png
4,3,573,modular,7,r,img/target_4.png
4,3,574,modular,9,p,img/target_10.png
4,3,575,modular,7,r,img/target_4.png
4,3,576,modular,5,i,img/target_8.png
4,3,577,modular,8,b,img/target_6.png
4,3,578,modular,9,p,img/target_10.png
4,3,579,modular,7,r,img/target_4.png
4,3,580,modular,9,p,img/target_10.png
4,3,581,modular,6,v,img/target_5.png
4,3,582,modular,9,p,img/target_10.png
4,3,583,modular,0,o,img/target_9.png
4,3,584,modular,9,p,img/target_10.png
4,3,585,modular,7,r,img/target_4.png
4,3,586,modular,8,b,img/target_6.png
4,3,587,modular,6,v,img/target_5.png
4,3,588,modular,5,i,img/target_8.png
4,3,589,modular,4,q,img/target_1.png
4,3,590,modular,2,w,img/target_2.png
4,3,591,modular,1,u,img/target_7.png
4,3,592,modular,3,e,img/target_3.png
4,3,593,modular,4,q,img/target_1.png
4,3,594,modular,3,e,img/target_3.png
4,3,595,modular,1,u,img/target_7.png
4,3,596,modular,2,w,img/target_2.png
4,3,597,modular,1,u,img/target_7.png
4,3,598,modular,4,q,img/target_1.png
4,3,599,modular,5,i,img/target_8.png
4,3,600,modular,8,b,img/target_6.png
4,3,601,modular,9,p,img/target_10.png
4,3,602,modular,8,b,img/target_6.png
4,3,603,modular,9,p,img/target_10.png
4,3,604,modular,0,o,img/target_9.png
4,3,605,modular,9,p,img/target_10.png
4,3,606,modular,6,v,img/target_5.png
4,3,607,modular,8,b,img/target_6.png
4,3,608,modular,6,v,img/target_5.png
4,3,609,modular,7,r,img/target_4.png
4,3,610,modular,8,b,img/target_6.png
4,3,611,modular,5,i,img/target_8.png
4,3,612,modular,6,v,img/target_5.png
4,3,613,modular,9,p,img/target_10.png
4,3,614,modular,6,v,img/target_5.png
4,3,615,modular,8,b,img/target_6.png
4,3,616,modular,6,v,img/target_5.png
4,3,617,modular,9,p,img/target_10.png
4,3,618,modular,8,b,img/target_6.png
4,3,619,modular,5,i,img/target_8.png
4,3,620,modular,8,b,img/target_6.png
4,3,621,modular,6,v,img/target_5.png
4,3,622,modular,5,i,img/target_8.png
4,3,623,modular,7,r,img/target_4.png
4,3,624,modular,6,v,img/target_5.png
4,3,625,modular,9,p,img/target_10.png
4,3,626,modular,8,b,img/target_6.png
4,3,627,modular,9,p,img/target_10.png
4,3,628,modular,8,b,img/target_6.png
4,3,629,modular,6,v,img/target_5.png
4,3,630,modular,7,r,img/target_4.png
4,3,631,modular,9,p,img/target_10.png
4,3,632,modular,8,b,img/target_6.png
4,3,633,modular,9,p,img/target_10.png
4,3,634,modular,0,o,img/target_9.png
4,3,635,modular,2,w,img/target_2.png
4,3,636,modular,1,u,img/target_7.png
4,3,637,modular,4,q,img/target_1.png
4,3,638,modular,2,w,img/target_2.png
4,3,639,modular,0,o,img/target_9.png
4,3,640,modular,1,u,img/target_7.png
4,3,641,modular,3,e,img/target_3.png
4,3,642,modular,1,u,img/target_7.png
4,3,643,modular,2,w,img/target_2.png
4,3,644,modular,4,q,img/target_1.png
4,3,645,modular,2,w,img/target_2.png
4,3,646,modular,0,o,img/target_9.png
4,3,647,modular,3,e,img/target_3.png
4,3,648,modular,4,q,img/target_1.png
4,3,649,modular,1,u,img/target_7.png
4,3,650,modular,3,e,img/target_3.png
4,3,651,modular,4,q,img/target_1.png
4,3,652,modular,2,w,img/target_2.png
4,3,653,modular,4,q,img/target_1.png
4,3,654,modular,3,e,img/target_3.png
4,3,655,modular,1,u,img/target_7.png
4,3,656,modular,0,o,img/target_9.png
4,3,657,modular,1,u,img/target_7.png
4,3,658,modular,4,q,img/target_1.png
4,3,659,modular,1,u,img/target_7.png
4,3,660,modular,0,o,img/target_9.png
4,3,661,modular,1,u,img/target_7.png
4,3,662,modular,2,w,img/target_2.png
4,3,663,modular,4,q,img/target_1.png
4,3,664,modular,5,i,img/target_8.png
4,3,665,modular,7,r,img/target_4.png
4,3,666,modular,8,b,img/target_6.png
4,3,667,modular,9,p,img/target_10.png
4,3,668,modular,0,o,img/target_9.png
4,3,669,modular,2,w,img/target_2.png
4,3,670,modular,1,u,img/target_7.png
4,3,671,modular,0,o,img/target_9.png
4,3,672,modular,3,e,img/target_3.png
4,3,673,modular,2,w,img/target_2.png
4,3,674,modular,1,u,img/target_7.png
4,3,675,modular,3,e,img/target_3.png
4,3,676,modular,1,u,img/target_7.png
4,3,677,modular,2,w,img/target_2.png
4,3,678,modular,3,e,img/target_3.png
4,3,679,modular,1,u,img/target_7.png
4,3,680,modular,4,q,img/target_1.png
4,3,681,modular,1,u,img/target_7.png
4,3,682,modular,3,e,img/target_3.png
4,3,683,modular,4,q,img/target_1.png
4,3,684,modular,2,w,img/target_2.png
4,3,685,modular,1,u,img/target_7.png
4,3,686,modular,4,q,img/target_1.png
4,3,687,modular,2,w,img/target_2.png
4,3,688,modular,1,u,img/target_7.png
4,3,689,modular,0,o,img/target_9.png
4,3,690,modular,9,p,img/target_10.png
4,3,691,modular,8,b,img/target_6.png
4,3,692,modular,5,i,img/target_8.png
4,3,693,modular,7,r,img/target_4.png
4,3,694,modular,6,v,img/target_5.png
4,3,695,modular,5,i,img/target_8.png
4,3,696,modular,7,r,img/target_4.png
4,3,697,modular,6,v,img/target_5.png
4,3,698,modular,7,r,img/target_4.png
4,3,699,modular,5,i,img/target_8.png
4,3,700,modular,7,r,img/target_4.png
4,3,701,modular,5,i,img/target_8.png
4,3,702,modular,7,r,img/target_4.png
4,3,703,modular,8,b,img/target_6.png
4,3,704,modular,7,r,img/target_4.png
4,3,705,modular,9,p,img/target_10.png
4,3,706,modular,0,o,img/target_9.png
4,3,707,modular,1,u,img/target_7.png
4,3,708,modular,2,w,img/target_2.png
4,3,709,modular,0,o,img/target_9.png
4,3,710,modular,9,p,img/target_10.png
4,3,711,modular,0,o,img/target_9.png
4,3,712,modular,2,w,img/target_2.png
4,3,713,modular,4,q,img/target_1.png
4,3,714,modular,5,i,img/target_8.png
4,3,715,modular,4,q,img/target_1.png
4,3,716,modular,2,w,img/target_2.png
4,3,717,modular,3,e,img/target_3.png
4,3,718,modular,0,o,img/target_9.png
4,3,719,modular,1,u,img/target_7.png
4,3,720,modular,2,w,img/target_2.png
4,3,721,modular,0,o,img/target_9.png
4,3,722,modular,9,p,img/target_10.png
4,3,723,modular,7,r,img/target_4.png
4,3,724,modular,6,v,img/target_5.png
4,3,725,modular,9,p,img/target_10.png
4,3,726,modular,6,v,img/target_5.png
4,3,727,modular,5,i,img/target_8.png
4,3,728,modular,7,r,img/target_4.png
4,3,729,modular,5,i,img/target_8.png
4,3,730,modular,6,v,img/target_5.png
4,3,731,modular,7,r,img/target_4.png
4,3,732,modular,8,b,img/target_6.png
4,3,733,modular,7,r,img/target_4.png
4,3,734,modular,5,i,img/target_8.png
4,3,735,modular,4,q,img/target_1.png
4,3,736,modular,1,u,img/target_7.png
4,3,737,modular,2,w,img/target_2.png
4,3,738,modular,0,o,img/target_9.png
4,3,739,modular,1,u,img/target_7.png
4,3,740,modular,3,e,img/target_3.png
4,3,741,modular,1,u,img/target_7.png
4,3,742,modular,0,o,img/target_9.png
4,3,743,modular,2,w,img/target_2.png
4,3,744,modular,1,u,img/target_7.png
4,3,745,modular,0,o,img/target_9.png
4,3,746,modular,2,w,img/target_2.png
4,3,747,modular,0,o,img/target_9.png
4,3,748,modular,1,u,img/target_7.png
4,3,749,modular,4,q,img/target_1.png
4,3,750,modular,1,u,img/target_7.png
4,3,751,modular,3,e,img/target_3.png
4,3,752,modular,1,u,img/target_7.png
4,3,753,modular,2,w,img/target_2.png
4,3,754,modular,1,u,img/target_7.png
4,3,755,modular,3,e,img/target_3.png
4,3,756,modular,4,q,img/target_1.png
4,3,757,modular,5,i,img/target_8.png
4,3,758,modular,8,b,img/target_6.png
4,3,759,modular,7,r,img/target_4.png
4,3,760,modular,6,v,img/target_5.png
4,3,761,modular,7,r,img/target_4.png
4,3,762,modular,8,b,img/target_6.png
4,3,763,modular,5,i,img/target_8.png
4,3,764,modular,8,b,img/target_6.png
4,3,765,modular,9,p,img/target_10.png
4,3,766,modular,8,b,img/target_6.png
4,3,767,modular,7,r,img/target_4.png
4,3,768,modular,8,b,img/target_6.png
4,3,769,modular,9,p,img/target_10.png
4,3,770,modular,0,o,img/target_9.png
4,3,771,modular,1,u,img/target_7.png
4,3,772,modular,0,o,img/target_9.png
4,3,773,modular,9,p,img/target_10.png
4,3,774,modular,6,v,img/target_5.png
4,3,775,modular,7,r,img/target_4.png
4,3,776,modular,6,v,img/target_5.png
4,3,777,modular,9,p,img/target_10.png
4,3,778,modular,0,o,img/target_9.png
4,3,779,modular,1,u,img/target_7.png
4,3,780,modular,3,e,img/target_3.png
4,3,781,modular,0,o,img/target_9.png
4,3,782,modular,1,u,img/target_7.png
4,3,783,modular,0,o,img/target_9.png
4,3,784,modular,2,w,img/target_2.png
4,3,785,modular,0,o,img/target_9.png
4,3,786,modular,2,w,img/target_2.png
4,3,787,modular,3,e,img/target_3.png
4,3,788,modular,2,w,img/target_2.png
4,3,789,modular,1,u,img/target_7.png
4,3,790,modular,0,o,img/target_9.png
4,3,791,modular,2,w,img/target_2.png
4,3,792,modular,3,e,img/target_3.png
4,3,793,modular,4,q,img/target_1.png
4,3,794,modular,2,w,img/target_2.png
4,3,795,modular,0,o,img/target_9.png
4,3,796,modular,3,e,img/target_3.png
4,3,797,modular,1,u,img/target_7.png
4,3,798,modular,4,q,img/target_1.png
4,3,799,modular,3,e,img/target_3.png
4,3,800,modular,1,u,img/target_7.png
4,3,801,modular,4,q,img/target_1.png
4,3,802,modular,5,i,img/target_8.png
4,3,803,modular,6,v,img/target_5.png
4,3,804,modular,7,r,img/target_4.png
4,3,805,modular,9,p,img/target_10.png
4,3,806,modular,8,b,img/target_6.png
4,3,807,modular,9,p,img/target_10.png
4,3,808,modular,8,b,img/target_6.png
4,3,809,modular,5,i,img/target_8.png
4,3,810,modular,7,r,img/target_4.png
4,3,811,modular,5,i,img/target_8.png
4,3,812,modular,4,q,img/target_1.png
4,3,813,modular,2,w,img/target_2.png
4,3,814,modular,0,o,img/target_9.png
4,3,815,modular,9,p,img/target_10.png
4,3,816,modular,6,v,img/target_5.png
4,3,817,modular,5,i,img/target_8.png
4,3,818,modular,7,r,img/target_4.png
4,3,819,modular,8,b,img/target_6.png
4,3,820,modular,5,i,img/target_8.png
4,3,821,modular,8,b,img/target_6.png
4,3,822,modular,9,p,img/target_10.png
4,3,823,modular,8,b,img/target_6.png
4,3,824,modular,9,p,img/target_10.png
4,3,825,modular,6,v,img/target_5.png
4,3,826,modular,8,b,img/target_6.png
4,3,827,modular,7,r,img/target_4.png
4,3,828,modular,6,v,img/target_5.png
4,3,829,modular,7,r,img/target_4.png
4,3,830,modular,8,b,img/target_6.png
4,3,831,modular,6,v,img/target_5.png
4,3,832,modular,8,b,img/target_6.png
4,3,833,modular,7,r,img/target_4.png
4,3,834,modular,8,b,img/target_6.png
4,3,835,modular,5,i,img/target_8.png
4,3,836,modular,8,b,img/target_6.png
4,3,837,modular,9,p,img/target_10.png
4,3,838,modular,7,r,img/target_4.png
4,3,839,modular,6,v,img/target_5.png
4,3,840,modular,8,b,img/target_6.png
4,3,841,modular,6,v,img/target_5.png
4,3,842,modular,8,b,img/target_6.png
4,3,843,modular,6,v,img/target_5.png
4,3,844,modular,7,r,img/target_4.png
4,3,845,modular,8,b,img/target_6.png
4,3,846,modular,5,i,img/target_8.png
4,3,847,modular,6,v,img/target_5.png
4,3,848,modular,9,p,img/target_10.png
4,3,849,modular,6,v,img/target_5.png
4,3,850,modular,7,r,img/target_4.png
4,3,851,modular,9,p,img/target_10.png
4,3,852,modular,8,b,img/target_6.png
4,3,853,modular,6,v,img/target_5.png
4,3,854,modular,7,r,img/target_4.png
4,3,855,modular,9,p,img/target_10.png
4,3,856,modular,6,v,img/target_5.png
4,3,857,modular,7,r,img/target_4.png
4,3,858,modular,8,b,img/target_6.png
4,3,859,modular,7,r,img/target_4.png
4,3,860,modular,6,v,img/target_5.png
4,3,861,modular,9,p,img/target_10.png
4,3,862,modular,0,o,img/target_9.png
4,3,863,modular,3,e,img/target_3.png
4,3,864,modular,4,q,img/target_1.png
4,3,865,modular,1,u,img/target_7.png
4,3,866,modular,2,w,img/target_2.png
4,3,867,modular,4,q,img/target_1.png
4,3,868,modular,3,e,img/target_3.png
4,3,869,modular,2,w,img/target_2.png
4,3,870,modular,4,q,img/target_1.png
4,3,871,modular,5,i,img/target_8.png
4,3,872,modular,7,r,img/target_4.png
4,3,873,modular,5,i,img/target_8.png
4,3,874,modular,6,v,img/target_5.png
4,3,875,modular,7,r,img/target_4.png
4,3,876,modular,5,i,img/target_8.png
4,3,877,modular,6,v,img/target_5.png
4,3,878,modular,8,b,img/target_6.png
4,3,879,modular,7,r,img/target_4.png
4,3,880,modular,6,v,img/target_5.png
4,3,881,modular,5,i,img/target_8.png
4,3,882,modular,7,r,img/target_4.png
4,3,883,modular,8,b,img/target_6.png
4,3,884,modular,5,i,img/target_8.png
4,3,885,modular,6,v,img/target_5.png
4,3,886,modular,5,i,img/target_8.png
4,3,887,modular,6,v,img/target_5.png
4,3,888,modular,7,r,img/target_4.png
4,3,889,modular,9,p,img/target_10.png
4,3,890,modular,6,v,img/target_5.png
4,3,891,modular,9,p,img/target_10.png
4,3,892,modular,8,b,img/target_6.png
4,3,893,modular,9,p,img/target_10.png
4,3,894,modular,0,o,img/target_9.png
4,3,895,modular,3,e,img/target_3.png
4,3,896,modular,2,w,img/target_2.png
4,3,897,modular,1,u,img/target_7.png
4,3,898,modular,4,q,img/target_1.png
4,3,899,modular,2,w,img/target_2.png
4,3,900,modular,4,q,img/target_1.png
4,3,901,modular,1,u,img/target_7.png
4,3,902,modular,3,e,img/target_3.png
4,3,903,modular,0,o,img/target_9.png
4,3,904,modular,3,e,img/target_3.png
4,3,905,modular,2,w,img/target_2.png
4,3,906,modular,0,o,img/target_9.png
4,3,907,modular,2,w,img/target_2.png
4,3,908,modular,1,u,img/target_7.png
4,3,909,modular,4,q,img/target_1.png
4,3,910,modular,1,u,img/target_7.png
4,3,911,modular,0,o,img/target_9.png
4,3,912,modular,1,u,img/target_7.png
4,3,913,modular,2,w,img/target_2.png
4,3,914,modular,0,o,img/target_9.png
4,3,915,modular,2,w,img/target_2.png
4,3,916,modular,4,q,img/target_1.png
4,3,917,modular,5,i,img/target_8.png
4,3,918,modular,4,q,img/target_1.png
4,3,919,modular,2,w,img/target_2.png
4,3,920,modular,1,u,img/target_7.png
4,3,921,modular,2,w,img/target_2.png
4,3,922,modular,0,o,img/target_9.png
4,3,923,modular,9,p,img/target_10.png
4,3,924,modular,7,r,img/target_4.png
4,3,925,modular,9,p,img/target_10.png
4,3,926,modular,6,v,img/target_5.png
4,3,927,modular,9,p,img/target_10.png
4,3,928,modular,8,b,img/target_6.png
4,3,929,modular,6,v,img/target_5.png
4,3,930,modular,5,i,img/target_8.png
4,3,931,modular,7,r,img/target_4.png
4,3,932,modular,9,p,img/target_10.png
4,3,933,modular,6,v,img/target_5.png
4,3,934,modular,9,p,img/target_10.png
4,3,935,modular,7,r,img/target_4.png
4,3,936,modular,8,b,img/target_6.png
4,3,937,modular,9,p,img/target_10.png
4,3,938,modular,6,v,img/target_5.png
4,3,939,modular,8,b,img/target_6.png
4,3,940,modular,7,r,img/target_4.png
4,3,941,modular,6,v,img/target_5.png
4,3,942,modular,5,i,img/target_8.png
4,3,943,modular,6,v,img/target_5.png
4,3,944,modular,5,i,img/target_8.png
4,3,945,modular,6,v,img/target_5.png
4,3,946,modular,7,r,img/target_4.png
4,3,947,modular,8,b,img/target_6.png
4,3,948,modular,5,i,img/target_8.png
4,3,949,modular,4,q,img/target_1.png
4,3,950,modular,5,i,img/target_8.png
4,3,951,modular,7,r,img/target_4.png
4,3,952,modular,8,b,img/target_6.png
4,3,953,modular,5,i,img/target_8.png
4,3,954,modular,8,b,img/target_6.png
4,3,955,modular,6,v,img/target_5.png
4,3,956,modular,8,b,img/target_6.png
4,3,957,modular,9,p,img/target_10.png
4,3,958,modular,6,v,img/target_5.png
4,3,959,modular,7,r,img/target_4.png
4,3,960,modular,9,p,img/target_10.png
4,3,961,modular,0,o,img/target_9.png
4,3,962,modular,1,u,img/target_7.png
4,3,963,modular,0,o,img/target_9.png
4,3,964,modular,3,e,img/target_3.png
4,3,965,modular,4,q,img/target_1.png
4,3,966,modular,3,e,img/target_3.png
4,3,967,modular,1,u,img/target_7.png
4,3,968,modular,2,w,img/target_2.png
4,3,969,modular,1,u,img/target_7.png
4,3,970,modular,2,w,img/target_2.png
4,3,971,modular,4,q,img/target_1.png
4,3,972,modular,2,w,img/target_2.png
4,3,973,modular,0,o,img/target_9.png
4,3,974,modular,3,e,img/target_3.png
4,3,975,modular,2,w,img/target_2.png
4,3,976,modular,4,q,img/target_1.png
4,3,977,modular,3,e,img/target_3.png
4,3,978,modular,0,o,img/target_9.png
4,3,979,modular,1,u,img/target_7.png
4,3,980,modular,0,o,img/target_9.png
4,3,981,modular,2,w,img/target_2.png
4,3,982,modular,3,e,img/target_3.png
4,3,983,modular,4,q,img/target_1.png
4,3,984,modular,3,e,img/target_3.png
4,3,985,modular,1,u,img/target_7.png
4,3,986,modular,4,q,img/target_1.png
4,3,987,modular,1,u,img/target_7.png
4,3,988,modular,2,w,img/target_2.png
4,3,989,modular,3,e,img/target_3.png
4,3,990,modular,2,w,img/target_2.png
4,3,991,modular,1,u,img/target_7.png
4,3,992,modular,0,o,img/target_9.png
4,3,993,modular,3,e,img/target_3.png
4,3,994,modular,0,o,img/target_9.png
4,3,995,modular,3,e,img/target_3.png
4,3,996,modular,0,o,img/target_9.png
4,3,997,modular,9,p,img/target_10.png
4,3,998,modular,7,r,img/target_4.png
4,3,999,modular,9,p,img/target_10.png
4,3,1000,modular,6,v,img/target_5.png
