pID,sess,trialNum,graph,walk,resp,path
32,1,1,modular,7,q,img/target_1.png
32,1,2,modular,9,e,img/target_3.png
32,1,3,modular,0,u,img/target_7.png
32,1,4,modular,1,i,img/target_8.png
32,1,5,modular,0,u,img/target_7.png
32,1,6,modular,3,v,img/target_5.png
32,1,7,modular,0,u,img/target_7.png
32,1,8,modular,9,e,img/target_3.png
32,1,9,modular,7,q,img/target_1.png
32,1,10,modular,6,r,img/target_4.png
32,1,11,modular,8,w,img/target_2.png
32,1,12,modular,5,p,img/target_10.png
32,1,13,modular,8,w,img/target_2.png
32,1,14,modular,9,e,img/target_3.png
32,1,15,modular,0,u,img/target_7.png
32,1,16,modular,3,v,img/target_5.png
32,1,17,modular,0,u,img/target_7.png
32,1,18,modular,1,i,img/target_8.png
32,1,19,modular,4,b,img/target_6.png
32,1,20,modular,1,i,img/target_8.png
32,1,21,modular,2,o,img/target_9.png
32,1,22,modular,0,u,img/target_7.png
32,1,23,modular,2,o,img/target_9.png
32,1,24,modular,1,i,img/target_8.png
32,1,25,modular,0,u,img/target_7.png
32,1,26,modular,1,i,img/target_8.png
32,1,27,modular,4,b,img/target_6.png
32,1,28,modular,2,o,img/target_9.png
32,1,29,modular,4,b,img/target_6.png
32,1,30,modular,2,o,img/target_9.png
32,1,31,modular,0,u,img/target_7.png
32,1,32,modular,2,o,img/target_9.png
32,1,33,modular,0,u,img/target_7.png
32,1,34,modular,2,o,img/target_9.png
32,1,35,modular,4,b,img/target_6.png
32,1,36,modular,1,i,img/target_8.png
32,1,37,modular,0,u,img/target_7.png
32,1,38,modular,9,e,img/target_3.png
32,1,39,modular,0,u,img/target_7.png
32,1,40,modular,3,v,img/target_5.png
32,1,41,modular,4,b,img/target_6.png
32,1,42,modular,3,v,img/target_5.png
32,1,43,modular,0,u,img/target_7.png
32,1,44,modular,9,e,img/target_3.png
32,1,45,modular,7,q,img/target_1.png
32,1,46,modular,5,p,img/target_10.png
32,1,47,modular,4,b,img/target_6.png
32,1,48,modular,5,p,img/target_10.png
32,1,49,modular,7,q,img/target_1.png
32,1,50,modular,9,e,img/target_3.png
32,1,51,modular,6,r,img/target_4.png
32,1,52,modular,7,q,img/target_1.png
32,1,53,modular,8,w,img/target_2.png
32,1,54,modular,6,r,img/target_4.png
32,1,55,modular,5,p,img/target_10.png
32,1,56,modular,8,w,img/target_2.png
32,1,57,modular,5,p,img/target_10.png
32,1,58,modular,6,r,img/target_4.png
32,1,59,modular,8,w,img/target_2.png
32,1,60,modular,7,q,img/target_1.png
32,1,61,modular,6,r,img/target_4.png
32,1,62,modular,9,e,img/target_3.png
32,1,63,modular,7,q,img/target_1.png
32,1,64,modular,5,p,img/target_10.png
32,1,65,modular,7,q,img/target_1.png
32,1,66,modular,6,r,img/target_4.png
32,1,67,modular,9,e,img/target_3.png
32,1,68,modular,8,w,img/target_2.png
32,1,69,modular,5,p,img/target_10.png
32,1,70,modular,6,r,img/target_4.png
32,1,71,modular,5,p,img/target_10.png
32,1,72,modular,6,r,img/target_4.png
32,1,73,modular,9,e,img/target_3.png
32,1,74,modular,0,u,img/target_7.png
32,1,75,modular,2,o,img/target_9.png
32,1,76,modular,4,b,img/target_6.png
32,1,77,modular,2,o,img/target_9.png
32,1,78,modular,4,b,img/target_6.png
32,1,79,modular,5,p,img/target_10.png
32,1,80,modular,8,w,img/target_2.png
32,1,81,modular,7,q,img/target_1.png
32,1,82,modular,6,r,img/target_4.png
32,1,83,modular,5,p,img/target_10.png
32,1,84,modular,8,w,img/target_2.png
32,1,85,modular,7,q,img/target_1.png
32,1,86,modular,8,w,img/target_2.png
32,1,87,modular,5,p,img/target_10.png
32,1,88,modular,8,w,img/target_2.png
32,1,89,modular,5,p,img/target_10.png
32,1,90,modular,7,q,img/target_1.png
32,1,91,modular,5,p,img/target_10.png
32,1,92,modular,8,w,img/target_2.png
32,1,93,modular,9,e,img/target_3.png
32,1,94,modular,0,u,img/target_7.png
32,1,95,modular,3,v,img/target_5.png
32,1,96,modular,0,u,img/target_7.png
32,1,97,modular,3,v,img/target_5.png
32,1,98,modular,0,u,img/target_7.png
32,1,99,modular,3,v,img/target_5.png
32,1,100,modular,4,b,img/target_6.png
32,1,101,modular,2,o,img/target_9.png
32,1,102,modular,1,i,img/target_8.png
32,1,103,modular,2,o,img/target_9.png
32,1,104,modular,1,i,img/target_8.png
32,1,105,modular,0,u,img/target_7.png
32,1,106,modular,3,v,img/target_5.png
32,1,107,modular,0,u,img/target_7.png
32,1,108,modular,9,e,img/target_3.png
32,1,109,modular,7,q,img/target_1.png
32,1,110,modular,5,p,img/target_10.png
32,1,111,modular,6,r,img/target_4.png
32,1,112,modular,9,e,img/target_3.png
32,1,113,modular,8,w,img/target_2.png
32,1,114,modular,9,e,img/target_3.png
32,1,115,modular,0,u,img/target_7.png
32,1,116,modular,9,e,img/target_3.png
32,1,117,modular,0,u,img/target_7.png
32,1,118,modular,2,o,img/target_9.png
32,1,119,modular,0,u,img/target_7.png
32,1,120,modular,1,i,img/target_8.png
32,1,121,modular,3,v,img/target_5.png
32,1,122,modular,1,i,img/target_8.png
32,1,123,modular,3,v,img/target_5.png
32,1,124,modular,2,o,img/target_9.png
32,1,125,modular,1,i,img/target_8.png
32,1,126,modular,2,o,img/target_9.png
32,1,127,modular,3,v,img/target_5.png
32,1,128,modular,1,i,img/target_8.png
32,1,129,modular,0,u,img/target_7.png
32,1,130,modular,2,o,img/target_9.png
32,1,131,modular,4,b,img/target_6.png
32,1,132,modular,5,p,img/target_10.png
32,1,133,modular,6,r,img/target_4.png
32,1,134,modular,5,p,img/target_10.png
32,1,135,modular,7,q,img/target_1.png
32,1,136,modular,6,r,img/target_4.png
32,1,137,modular,8,w,img/target_2.png
32,1,138,modular,5,p,img/target_10.png
32,1,139,modular,8,w,img/target_2.png
32,1,140,modular,5,p,img/target_10.png
32,1,141,modular,4,b,img/target_6.png
32,1,142,modular,1,i,img/target_8.png
32,1,143,modular,2,o,img/target_9.png
32,1,144,modular,0,u,img/target_7.png
32,1,145,modular,9,e,img/target_3.png
32,1,146,modular,8,w,img/target_2.png
32,1,147,modular,9,e,img/target_3.png
32,1,148,modular,6,r,img/target_4.png
32,1,149,modular,7,q,img/target_1.png
32,1,150,modular,8,w,img/target_2.png
32,1,151,modular,7,q,img/target_1.png
32,1,152,modular,5,p,img/target_10.png
32,1,153,modular,6,r,img/target_4.png
32,1,154,modular,5,p,img/target_10.png
32,1,155,modular,6,r,img/target_4.png
32,1,156,modular,5,p,img/target_10.png
32,1,157,modular,8,w,img/target_2.png
32,1,158,modular,9,e,img/target_3.png
32,1,159,modular,8,w,img/target_2.png
32,1,160,modular,6,r,img/target_4.png
32,1,161,modular,7,q,img/target_1.png
32,1,162,modular,8,w,img/target_2.png
32,1,163,modular,6,r,img/target_4.png
32,1,164,modular,7,q,img/target_1.png
32,1,165,modular,8,w,img/target_2.png
32,1,166,modular,6,r,img/target_4.png
32,1,167,modular,5,p,img/target_10.png
32,1,168,modular,8,w,img/target_2.png
32,1,169,modular,9,e,img/target_3.png
32,1,170,modular,6,r,img/target_4.png
32,1,171,modular,9,e,img/target_3.png
32,1,172,modular,6,r,img/target_4.png
32,1,173,modular,7,q,img/target_1.png
32,1,174,modular,8,w,img/target_2.png
32,1,175,modular,6,r,img/target_4.png
32,1,176,modular,8,w,img/target_2.png
32,1,177,modular,5,p,img/target_10.png
32,1,178,modular,8,w,img/target_2.png
32,1,179,modular,7,q,img/target_1.png
32,1,180,modular,9,e,img/target_3.png
32,1,181,modular,7,q,img/target_1.png
32,1,182,modular,5,p,img/target_10.png
32,1,183,modular,8,w,img/target_2.png
32,1,184,modular,5,p,img/target_10.png
32,1,185,modular,7,q,img/target_1.png
32,1,186,modular,6,r,img/target_4.png
32,1,187,modular,7,q,img/target_1.png
32,1,188,modular,8,w,img/target_2.png
32,1,189,modular,5,p,img/target_10.png
32,1,190,modular,6,r,img/target_4.png
32,1,191,modular,8,w,img/target_2.png
32,1,192,modular,9,e,img/target_3.png
32,1,193,modular,7,q,img/target_1.png
32,1,194,modular,5,p,img/target_10.png
32,1,195,modular,4,b,img/target_6.png
32,1,196,modular,3,v,img/target_5.png
32,1,197,modular,2,o,img/target_9.png
32,1,198,modular,4,b,img/target_6.png
32,1,199,modular,5,p,img/target_10.png
32,1,200,modular,6,r,img/target_4.png
32,1,201,modular,7,q,img/target_1.png
32,1,202,modular,8,w,img/target_2.png
32,1,203,modular,9,e,img/target_3.png
32,1,204,modular,6,r,img/target_4.png
32,1,205,modular,9,e,img/target_3.png
32,1,206,modular,8,w,img/target_2.png
32,1,207,modular,5,p,img/target_10.png
32,1,208,modular,6,r,img/target_4.png
32,1,209,modular,8,w,img/target_2.png
32,1,210,modular,6,r,img/target_4.png
32,1,211,modular,7,q,img/target_1.png
32,1,212,modular,9,e,img/target_3.png
32,1,213,modular,6,r,img/target_4.png
32,1,214,modular,5,p,img/target_10.png
32,1,215,modular,6,r,img/target_4.png
32,1,216,modular,5,p,img/target_10.png
32,1,217,modular,6,r,img/target_4.png
32,1,218,modular,5,p,img/target_10.png
32,1,219,modular,6,r,img/target_4.png
32,1,220,modular,9,e,img/target_3.png
32,1,221,modular,6,r,img/target_4.png
32,1,222,modular,7,q,img/target_1.png
32,1,223,modular,6,r,img/target_4.png
32,1,224,modular,7,q,img/target_1.png
32,1,225,modular,8,w,img/target_2.png
32,1,226,modular,5,p,img/target_10.png
32,1,227,modular,4,b,img/target_6.png
32,1,228,modular,2,o,img/target_9.png
32,1,229,modular,1,i,img/target_8.png
32,1,230,modular,4,b,img/target_6.png
32,1,231,modular,2,o,img/target_9.png
32,1,232,modular,1,i,img/target_8.png
32,1,233,modular,3,v,img/target_5.png
32,1,234,modular,0,u,img/target_7.png
32,1,235,modular,9,e,img/target_3.png
32,1,236,modular,0,u,img/target_7.png
32,1,237,modular,9,e,img/target_3.png
32,1,238,modular,6,r,img/target_4.png
32,1,239,modular,5,p,img/target_10.png
32,1,240,modular,4,b,img/target_6.png
32,1,241,modular,5,p,img/target_10.png
32,1,242,modular,6,r,img/target_4.png
32,1,243,modular,5,p,img/target_10.png
32,1,244,modular,8,w,img/target_2.png
32,1,245,modular,7,q,img/target_1.png
32,1,246,modular,9,e,img/target_3.png
32,1,247,modular,0,u,img/target_7.png
32,1,248,modular,9,e,img/target_3.png
32,1,249,modular,8,w,img/target_2.png
32,1,250,modular,5,p,img/target_10.png
32,1,251,modular,8,w,img/target_2.png
32,1,252,modular,5,p,img/target_10.png
32,1,253,modular,4,b,img/target_6.png
32,1,254,modular,2,o,img/target_9.png
32,1,255,modular,0,u,img/target_7.png
32,1,256,modular,1,i,img/target_8.png
32,1,257,modular,4,b,img/target_6.png
32,1,258,modular,3,v,img/target_5.png
32,1,259,modular,1,i,img/target_8.png
32,1,260,modular,2,o,img/target_9.png
32,1,261,modular,4,b,img/target_6.png
32,1,262,modular,2,o,img/target_9.png
32,1,263,modular,4,b,img/target_6.png
32,1,264,modular,5,p,img/target_10.png
32,1,265,modular,4,b,img/target_6.png
32,1,266,modular,2,o,img/target_9.png
32,1,267,modular,3,v,img/target_5.png
32,1,268,modular,0,u,img/target_7.png
32,1,269,modular,1,i,img/target_8.png
32,1,270,modular,3,v,img/target_5.png
32,1,271,modular,0,u,img/target_7.png
32,1,272,modular,3,v,img/target_5.png
32,1,273,modular,1,i,img/target_8.png
32,1,274,modular,4,b,img/target_6.png
32,1,275,modular,2,o,img/target_9.png
32,1,276,modular,3,v,img/target_5.png
32,1,277,modular,2,o,img/target_9.png
32,1,278,modular,1,i,img/target_8.png
32,1,279,modular,2,o,img/target_9.png
32,1,280,modular,0,u,img/target_7.png
32,1,281,modular,9,e,img/target_3.png
32,1,282,modular,8,w,img/target_2.png
32,1,283,modular,7,q,img/target_1.png
32,1,284,modular,9,e,img/target_3.png
32,1,285,modular,0,u,img/target_7.png
32,1,286,modular,2,o,img/target_9.png
32,1,287,modular,4,b,img/target_6.png
32,1,288,modular,5,p,img/target_10.png
32,1,289,modular,8,w,img/target_2.png
32,1,290,modular,7,q,img/target_1.png
32,1,291,modular,6,r,img/target_4.png
32,1,292,modular,9,e,img/target_3.png
32,1,293,modular,0,u,img/target_7.png
32,1,294,modular,9,e,img/target_3.png
32,1,295,modular,7,q,img/target_1.png
32,1,296,modular,6,r,img/target_4.png
32,1,297,modular,5,p,img/target_10.png
32,1,298,modular,6,r,img/target_4.png
32,1,299,modular,9,e,img/target_3.png
32,1,300,modular,0,u,img/target_7.png
32,1,301,modular,3,v,img/target_5.png
32,1,302,modular,4,b,img/target_6.png
32,1,303,modular,1,i,img/target_8.png
32,1,304,modular,3,v,img/target_5.png
32,1,305,modular,1,i,img/target_8.png
32,1,306,modular,2,o,img/target_9.png
32,1,307,modular,3,v,img/target_5.png
32,1,308,modular,0,u,img/target_7.png
32,1,309,modular,3,v,img/target_5.png
32,1,310,modular,2,o,img/target_9.png
32,1,311,modular,1,i,img/target_8.png
32,1,312,modular,2,o,img/target_9.png
32,1,313,modular,4,b,img/target_6.png
32,1,314,modular,5,p,img/target_10.png
32,1,315,modular,8,w,img/target_2.png
32,1,316,modular,7,q,img/target_1.png
32,1,317,modular,8,w,img/target_2.png
32,1,318,modular,9,e,img/target_3.png
32,1,319,modular,6,r,img/target_4.png
32,1,320,modular,8,w,img/target_2.png
32,1,321,modular,7,q,img/target_1.png
32,1,322,modular,8,w,img/target_2.png
32,1,323,modular,6,r,img/target_4.png
32,1,324,modular,5,p,img/target_10.png
32,1,325,modular,7,q,img/target_1.png
32,1,326,modular,8,w,img/target_2.png
32,1,327,modular,7,q,img/target_1.png
32,1,328,modular,8,w,img/target_2.png
32,1,329,modular,6,r,img/target_4.png
32,1,330,modular,5,p,img/target_10.png
32,1,331,modular,4,b,img/target_6.png
32,1,332,modular,2,o,img/target_9.png
32,1,333,modular,0,u,img/target_7.png
32,1,334,modular,3,v,img/target_5.png
32,1,335,modular,1,i,img/target_8.png
32,1,336,modular,0,u,img/target_7.png
32,1,337,modular,1,i,img/target_8.png
32,1,338,modular,3,v,img/target_5.png
32,1,339,modular,4,b,img/target_6.png
32,1,340,modular,3,v,img/target_5.png
32,1,341,modular,1,i,img/target_8.png
32,1,342,modular,0,u,img/target_7.png
32,1,343,modular,9,e,img/target_3.png
32,1,344,modular,8,w,img/target_2.png
32,1,345,modular,9,e,img/target_3.png
32,1,346,modular,0,u,img/target_7.png
32,1,347,modular,2,o,img/target_9.png
32,1,348,modular,4,b,img/target_6.png
32,1,349,modular,1,i,img/target_8.png
32,1,350,modular,4,b,img/target_6.png
32,1,351,modular,1,i,img/target_8.png
32,1,352,modular,0,u,img/target_7.png
32,1,353,modular,3,v,img/target_5.png
32,1,354,modular,4,b,img/target_6.png
32,1,355,modular,1,i,img/target_8.png
32,1,356,modular,3,v,img/target_5.png
32,1,357,modular,1,i,img/target_8.png
32,1,358,modular,0,u,img/target_7.png
32,1,359,modular,9,e,img/target_3.png
32,1,360,modular,6,r,img/target_4.png
32,1,361,modular,5,p,img/target_10.png
32,1,362,modular,6,r,img/target_4.png
32,1,363,modular,8,w,img/target_2.png
32,1,364,modular,9,e,img/target_3.png
32,1,365,modular,7,q,img/target_1.png
32,1,366,modular,9,e,img/target_3.png
32,1,367,modular,0,u,img/target_7.png
32,1,368,modular,9,e,img/target_3.png
32,1,369,modular,8,w,img/target_2.png
32,1,370,modular,9,e,img/target_3.png
32,1,371,modular,6,r,img/target_4.png
32,1,372,modular,8,w,img/target_2.png
32,1,373,modular,7,q,img/target_1.png
32,1,374,modular,6,r,img/target_4.png
32,1,375,modular,9,e,img/target_3.png
32,1,376,modular,0,u,img/target_7.png
32,1,377,modular,3,v,img/target_5.png
32,1,378,modular,0,u,img/target_7.png
32,1,379,modular,2,o,img/target_9.png
32,1,380,modular,1,i,img/target_8.png
32,1,381,modular,4,b,img/target_6.png
32,1,382,modular,3,v,img/target_5.png
32,1,383,modular,2,o,img/target_9.png
32,1,384,modular,1,i,img/target_8.png
32,1,385,modular,2,o,img/target_9.png
32,1,386,modular,0,u,img/target_7.png
32,1,387,modular,1,i,img/target_8.png
32,1,388,modular,4,b,img/target_6.png
32,1,389,modular,5,p,img/target_10.png
32,1,390,modular,7,q,img/target_1.png
32,1,391,modular,6,r,img/target_4.png
32,1,392,modular,8,w,img/target_2.png
32,1,393,modular,7,q,img/target_1.png
32,1,394,modular,8,w,img/target_2.png
32,1,395,modular,5,p,img/target_10.png
32,1,396,modular,8,w,img/target_2.png
32,1,397,modular,6,r,img/target_4.png
32,1,398,modular,8,w,img/target_2.png
32,1,399,modular,5,p,img/target_10.png
32,1,400,modular,4,b,img/target_6.png
32,1,401,modular,1,i,img/target_8.png
32,1,402,modular,4,b,img/target_6.png
32,1,403,modular,3,v,img/target_5.png
32,1,404,modular,0,u,img/target_7.png
32,1,405,modular,9,e,img/target_3.png
32,1,406,modular,6,r,img/target_4.png
32,1,407,modular,7,q,img/target_1.png
32,1,408,modular,5,p,img/target_10.png
32,1,409,modular,6,r,img/target_4.png
32,1,410,modular,5,p,img/target_10.png
32,1,411,modular,8,w,img/target_2.png
32,1,412,modular,9,e,img/target_3.png
32,1,413,modular,7,q,img/target_1.png
32,1,414,modular,5,p,img/target_10.png
32,1,415,modular,4,b,img/target_6.png
32,1,416,modular,1,i,img/target_8.png
32,1,417,modular,2,o,img/target_9.png
32,1,418,modular,4,b,img/target_6.png
32,1,419,modular,1,i,img/target_8.png
32,1,420,modular,3,v,img/target_5.png
32,1,421,modular,2,o,img/target_9.png
32,1,422,modular,3,v,img/target_5.png
32,1,423,modular,2,o,img/target_9.png
32,1,424,modular,4,b,img/target_6.png
32,1,425,modular,2,o,img/target_9.png
32,1,426,modular,1,i,img/target_8.png
32,1,427,modular,0,u,img/target_7.png
32,1,428,modular,9,e,img/target_3.png
32,1,429,modular,8,w,img/target_2.png
32,1,430,modular,7,q,img/target_1.png
32,1,431,modular,8,w,img/target_2.png
32,1,432,modular,5,p,img/target_10.png
32,1,433,modular,6,r,img/target_4.png
32,1,434,modular,9,e,img/target_3.png
32,1,435,modular,6,r,img/target_4.png
32,1,436,modular,5,p,img/target_10.png
32,1,437,modular,7,q,img/target_1.png
32,1,438,modular,9,e,img/target_3.png
32,1,439,modular,7,q,img/target_1.png
32,1,440,modular,8,w,img/target_2.png
32,1,441,modular,7,q,img/target_1.png
32,1,442,modular,8,w,img/target_2.png
32,1,443,modular,9,e,img/target_3.png
32,1,444,modular,6,r,img/target_4.png
32,1,445,modular,8,w,img/target_2.png
32,1,446,modular,7,q,img/target_1.png
32,1,447,modular,9,e,img/target_3.png
32,1,448,modular,6,r,img/target_4.png
32,1,449,modular,8,w,img/target_2.png
32,1,450,modular,5,p,img/target_10.png
32,1,451,modular,8,w,img/target_2.png
32,1,452,modular,7,q,img/target_1.png
32,1,453,modular,8,w,img/target_2.png
32,1,454,modular,7,q,img/target_1.png
32,1,455,modular,9,e,img/target_3.png
32,1,456,modular,7,q,img/target_1.png
32,1,457,modular,6,r,img/target_4.png
32,1,458,modular,7,q,img/target_1.png
32,1,459,modular,8,w,img/target_2.png
32,1,460,modular,7,q,img/target_1.png
32,1,461,modular,8,w,img/target_2.png
32,1,462,modular,6,r,img/target_4.png
32,1,463,modular,8,w,img/target_2.png
32,1,464,modular,7,q,img/target_1.png
32,1,465,modular,9,e,img/target_3.png
32,1,466,modular,0,u,img/target_7.png
32,1,467,modular,2,o,img/target_9.png
32,1,468,modular,4,b,img/target_6.png
32,1,469,modular,3,v,img/target_5.png
32,1,470,modular,4,b,img/target_6.png
32,1,471,modular,5,p,img/target_10.png
32,1,472,modular,8,w,img/target_2.png
32,1,473,modular,6,r,img/target_4.png
32,1,474,modular,7,q,img/target_1.png
32,1,475,modular,8,w,img/target_2.png
32,1,476,modular,7,q,img/target_1.png
32,1,477,modular,6,r,img/target_4.png
32,1,478,modular,9,e,img/target_3.png
32,1,479,modular,8,w,img/target_2.png
32,1,480,modular,6,r,img/target_4.png
32,1,481,modular,7,q,img/target_1.png
32,1,482,modular,8,w,img/target_2.png
32,1,483,modular,9,e,img/target_3.png
32,1,484,modular,7,q,img/target_1.png
32,1,485,modular,8,w,img/target_2.png
32,1,486,modular,6,r,img/target_4.png
32,1,487,modular,8,w,img/target_2.png
32,1,488,modular,9,e,img/target_3.png
32,1,489,modular,8,w,img/target_2.png
32,1,490,modular,9,e,img/target_3.png
32,1,491,modular,8,w,img/target_2.png
32,1,492,modular,9,e,img/target_3.png
32,1,493,modular,7,q,img/target_1.png
32,1,494,modular,8,w,img/target_2.png
32,1,495,modular,6,r,img/target_4.png
32,1,496,modular,8,w,img/target_2.png
32,1,497,modular,9,e,img/target_3.png
32,1,498,modular,8,w,img/target_2.png
32,1,499,modular,5,p,img/target_10.png
32,1,500,modular,4,b,img/target_6.png
32,1,501,modular,3,v,img/target_5.png
32,1,502,modular,1,i,img/target_8.png
32,1,503,modular,3,v,img/target_5.png
32,1,504,modular,0,u,img/target_7.png
32,1,505,modular,9,e,img/target_3.png
32,1,506,modular,8,w,img/target_2.png
32,1,507,modular,6,r,img/target_4.png
32,1,508,modular,8,w,img/target_2.png
32,1,509,modular,7,q,img/target_1.png
32,1,510,modular,5,p,img/target_10.png
32,1,511,modular,7,q,img/target_1.png
32,1,512,modular,9,e,img/target_3.png
32,1,513,modular,7,q,img/target_1.png
32,1,514,modular,8,w,img/target_2.png
32,1,515,modular,6,r,img/target_4.png
32,1,516,modular,5,p,img/target_10.png
32,1,517,modular,6,r,img/target_4.png
32,1,518,modular,5,p,img/target_10.png
32,1,519,modular,6,r,img/target_4.png
32,1,520,modular,8,w,img/target_2.png
32,1,521,modular,5,p,img/target_10.png
32,1,522,modular,6,r,img/target_4.png
32,1,523,modular,9,e,img/target_3.png
32,1,524,modular,6,r,img/target_4.png
32,1,525,modular,7,q,img/target_1.png
32,1,526,modular,6,r,img/target_4.png
32,1,527,modular,9,e,img/target_3.png
32,1,528,modular,7,q,img/target_1.png
32,1,529,modular,6,r,img/target_4.png
32,1,530,modular,9,e,img/target_3.png
32,1,531,modular,7,q,img/target_1.png
32,1,532,modular,8,w,img/target_2.png
32,1,533,modular,9,e,img/target_3.png
32,1,534,modular,8,w,img/target_2.png
32,1,535,modular,6,r,img/target_4.png
32,1,536,modular,9,e,img/target_3.png
32,1,537,modular,7,q,img/target_1.png
32,1,538,modular,6,r,img/target_4.png
32,1,539,modular,7,q,img/target_1.png
32,1,540,modular,8,w,img/target_2.png
32,1,541,modular,9,e,img/target_3.png
32,1,542,modular,0,u,img/target_7.png
32,1,543,modular,9,e,img/target_3.png
32,1,544,modular,8,w,img/target_2.png
32,1,545,modular,9,e,img/target_3.png
32,1,546,modular,0,u,img/target_7.png
32,1,547,modular,9,e,img/target_3.png
32,1,548,modular,8,w,img/target_2.png
32,1,549,modular,9,e,img/target_3.png
32,1,550,modular,7,q,img/target_1.png
32,1,551,modular,8,w,img/target_2.png
32,1,552,modular,7,q,img/target_1.png
32,1,553,modular,8,w,img/target_2.png
32,1,554,modular,7,q,img/target_1.png
32,1,555,modular,5,p,img/target_10.png
32,1,556,modular,8,w,img/target_2.png
32,1,557,modular,6,r,img/target_4.png
32,1,558,modular,5,p,img/target_10.png
32,1,559,modular,7,q,img/target_1.png
32,1,560,modular,6,r,img/target_4.png
32,1,561,modular,5,p,img/target_10.png
32,1,562,modular,8,w,img/target_2.png
32,1,563,modular,5,p,img/target_10.png
32,1,564,modular,7,q,img/target_1.png
32,1,565,modular,8,w,img/target_2.png
32,1,566,modular,7,q,img/target_1.png
32,1,567,modular,5,p,img/target_10.png
32,1,568,modular,4,b,img/target_6.png
32,1,569,modular,5,p,img/target_10.png
32,1,570,modular,4,b,img/target_6.png
32,1,571,modular,5,p,img/target_10.png
32,1,572,modular,8,w,img/target_2.png
32,1,573,modular,9,e,img/target_3.png
32,1,574,modular,6,r,img/target_4.png
32,1,575,modular,9,e,img/target_3.png
32,1,576,modular,0,u,img/target_7.png
32,1,577,modular,3,v,img/target_5.png
32,1,578,modular,1,i,img/target_8.png
32,1,579,modular,0,u,img/target_7.png
32,1,580,modular,9,e,img/target_3.png
32,1,581,modular,8,w,img/target_2.png
32,1,582,modular,6,r,img/target_4.png
32,1,583,modular,8,w,img/target_2.png
32,1,584,modular,9,e,img/target_3.png
32,1,585,modular,6,r,img/target_4.png
32,1,586,modular,5,p,img/target_10.png
32,1,587,modular,4,b,img/target_6.png
32,1,588,modular,3,v,img/target_5.png
32,1,589,modular,0,u,img/target_7.png
32,1,590,modular,1,i,img/target_8.png
32,1,591,modular,0,u,img/target_7.png
32,1,592,modular,1,i,img/target_8.png
32,1,593,modular,2,o,img/target_9.png
32,1,594,modular,0,u,img/target_7.png
32,1,595,modular,2,o,img/target_9.png
32,1,596,modular,0,u,img/target_7.png
32,1,597,modular,3,v,img/target_5.png
32,1,598,modular,2,o,img/target_9.png
32,1,599,modular,3,v,img/target_5.png
32,1,600,modular,0,u,img/target_7.png
32,1,601,modular,2,o,img/target_9.png
32,1,602,modular,3,v,img/target_5.png
32,1,603,modular,0,u,img/target_7.png
32,1,604,modular,2,o,img/target_9.png
32,1,605,modular,4,b,img/target_6.png
32,1,606,modular,1,i,img/target_8.png
32,1,607,modular,4,b,img/target_6.png
32,1,608,modular,1,i,img/target_8.png
32,1,609,modular,3,v,img/target_5.png
32,1,610,modular,2,o,img/target_9.png
32,1,611,modular,4,b,img/target_6.png
32,1,612,modular,3,v,img/target_5.png
32,1,613,modular,1,i,img/target_8.png
32,1,614,modular,4,b,img/target_6.png
32,1,615,modular,3,v,img/target_5.png
32,1,616,modular,4,b,img/target_6.png
32,1,617,modular,2,o,img/target_9.png
32,1,618,modular,4,b,img/target_6.png
32,1,619,modular,3,v,img/target_5.png
32,1,620,modular,1,i,img/target_8.png
32,1,621,modular,2,o,img/target_9.png
32,1,622,modular,0,u,img/target_7.png
32,1,623,modular,3,v,img/target_5.png
32,1,624,modular,1,i,img/target_8.png
32,1,625,modular,2,o,img/target_9.png
32,1,626,modular,0,u,img/target_7.png
32,1,627,modular,3,v,img/target_5.png
32,1,628,modular,1,i,img/target_8.png
32,1,629,modular,4,b,img/target_6.png
32,1,630,modular,1,i,img/target_8.png
32,1,631,modular,4,b,img/target_6.png
32,1,632,modular,2,o,img/target_9.png
32,1,633,modular,4,b,img/target_6.png
32,1,634,modular,1,i,img/target_8.png
32,1,635,modular,0,u,img/target_7.png
32,1,636,modular,1,i,img/target_8.png
32,1,637,modular,0,u,img/target_7.png
32,1,638,modular,1,i,img/target_8.png
32,1,639,modular,2,o,img/target_9.png
32,1,640,modular,1,i,img/target_8.png
32,1,641,modular,0,u,img/target_7.png
32,1,642,modular,9,e,img/target_3.png
32,1,643,modular,0,u,img/target_7.png
32,1,644,modular,1,i,img/target_8.png
32,1,645,modular,0,u,img/target_7.png
32,1,646,modular,3,v,img/target_5.png
32,1,647,modular,2,o,img/target_9.png
32,1,648,modular,3,v,img/target_5.png
32,1,649,modular,0,u,img/target_7.png
32,1,650,modular,9,e,img/target_3.png
32,1,651,modular,6,r,img/target_4.png
32,1,652,modular,9,e,img/target_3.png
32,1,653,modular,7,q,img/target_1.png
32,1,654,modular,9,e,img/target_3.png
32,1,655,modular,8,w,img/target_2.png
32,1,656,modular,7,q,img/target_1.png
32,1,657,modular,5,p,img/target_10.png
32,1,658,modular,6,r,img/target_4.png
32,1,659,modular,8,w,img/target_2.png
32,1,660,modular,7,q,img/target_1.png
32,1,661,modular,6,r,img/target_4.png
32,1,662,modular,9,e,img/target_3.png
32,1,663,modular,7,q,img/target_1.png
32,1,664,modular,5,p,img/target_10.png
32,1,665,modular,7,q,img/target_1.png
32,1,666,modular,5,p,img/target_10.png
32,1,667,modular,7,q,img/target_1.png
32,1,668,modular,5,p,img/target_10.png
32,1,669,modular,4,b,img/target_6.png
32,1,670,modular,5,p,img/target_10.png
32,1,671,modular,7,q,img/target_1.png
32,1,672,modular,8,w,img/target_2.png
32,1,673,modular,9,e,img/target_3.png
32,1,674,modular,8,w,img/target_2.png
32,1,675,modular,6,r,img/target_4.png
32,1,676,modular,9,e,img/target_3.png
32,1,677,modular,7,q,img/target_1.png
32,1,678,modular,5,p,img/target_10.png
32,1,679,modular,8,w,img/target_2.png
32,1,680,modular,9,e,img/target_3.png
32,1,681,modular,8,w,img/target_2.png
32,1,682,modular,5,p,img/target_10.png
32,1,683,modular,8,w,img/target_2.png
32,1,684,modular,7,q,img/target_1.png
32,1,685,modular,9,e,img/target_3.png
32,1,686,modular,8,w,img/target_2.png
32,1,687,modular,6,r,img/target_4.png
32,1,688,modular,8,w,img/target_2.png
32,1,689,modular,6,r,img/target_4.png
32,1,690,modular,9,e,img/target_3.png
32,1,691,modular,6,r,img/target_4.png
32,1,692,modular,5,p,img/target_10.png
32,1,693,modular,4,b,img/target_6.png
32,1,694,modular,3,v,img/target_5.png
32,1,695,modular,0,u,img/target_7.png
32,1,696,modular,9,e,img/target_3.png
32,1,697,modular,8,w,img/target_2.png
32,1,698,modular,6,r,img/target_4.png
32,1,699,modular,7,q,img/target_1.png
32,1,700,modular,5,p,img/target_10.png
32,1,701,modular,8,w,img/target_2.png
32,1,702,modular,5,p,img/target_10.png
32,1,703,modular,8,w,img/target_2.png
32,1,704,modular,7,q,img/target_1.png
32,1,705,modular,8,w,img/target_2.png
32,1,706,modular,6,r,img/target_4.png
32,1,707,modular,8,w,img/target_2.png
32,1,708,modular,9,e,img/target_3.png
32,1,709,modular,7,q,img/target_1.png
32,1,710,modular,9,e,img/target_3.png
32,1,711,modular,0,u,img/target_7.png
32,1,712,modular,3,v,img/target_5.png
32,1,713,modular,2,o,img/target_9.png
32,1,714,modular,1,i,img/target_8.png
32,1,715,modular,4,b,img/target_6.png
32,1,716,modular,1,i,img/target_8.png
32,1,717,modular,2,o,img/target_9.png
32,1,718,modular,0,u,img/target_7.png
32,1,719,modular,9,e,img/target_3.png
32,1,720,modular,8,w,img/target_2.png
32,1,721,modular,9,e,img/target_3.png
32,1,722,modular,0,u,img/target_7.png
32,1,723,modular,9,e,img/target_3.png
32,1,724,modular,8,w,img/target_2.png
32,1,725,modular,7,q,img/target_1.png
32,1,726,modular,8,w,img/target_2.png
32,1,727,modular,6,r,img/target_4.png
32,1,728,modular,5,p,img/target_10.png
32,1,729,modular,4,b,img/target_6.png
32,1,730,modular,3,v,img/target_5.png
32,1,731,modular,1,i,img/target_8.png
32,1,732,modular,3,v,img/target_5.png
32,1,733,modular,0,u,img/target_7.png
32,1,734,modular,1,i,img/target_8.png
32,1,735,modular,2,o,img/target_9.png
32,1,736,modular,4,b,img/target_6.png
32,1,737,modular,1,i,img/target_8.png
32,1,738,modular,3,v,img/target_5.png
32,1,739,modular,2,o,img/target_9.png
32,1,740,modular,1,i,img/target_8.png
32,1,741,modular,3,v,img/target_5.png
32,1,742,modular,4,b,img/target_6.png
32,1,743,modular,3,v,img/target_5.png
32,1,744,modular,1,i,img/target_8.png
32,1,745,modular,3,v,img/target_5.png
32,1,746,modular,1,i,img/target_8.png
32,1,747,modular,4,b,img/target_6.png
32,1,748,modular,1,i,img/target_8.png
32,1,749,modular,4,b,img/target_6.png
32,1,750,modular,5,p,img/target_10.png
32,1,751,modular,6,r,img/target_4.png
32,1,752,modular,8,w,img/target_2.png
32,1,753,modular,5,p,img/target_10.png
32,1,754,modular,7,q,img/target_1.png
32,1,755,modular,6,r,img/target_4.png
32,1,756,modular,5,p,img/target_10.png
32,1,757,modular,4,b,img/target_6.png
32,1,758,modular,3,v,img/target_5.png
32,1,759,modular,1,i,img/target_8.png
32,1,760,modular,3,v,img/target_5.png
32,1,761,modular,1,i,img/target_8.png
32,1,762,modular,4,b,img/target_6.png
32,1,763,modular,3,v,img/target_5.png
32,1,764,modular,4,b,img/target_6.png
32,1,765,modular,2,o,img/target_9.png
32,1,766,modular,1,i,img/target_8.png
32,1,767,modular,0,u,img/target_7.png
32,1,768,modular,9,e,img/target_3.png
32,1,769,modular,6,r,img/target_4.png
32,1,770,modular,9,e,img/target_3.png
32,1,771,modular,0,u,img/target_7.png
32,1,772,modular,2,o,img/target_9.png
32,1,773,modular,1,i,img/target_8.png
32,1,774,modular,0,u,img/target_7.png
32,1,775,modular,3,v,img/target_5.png
32,1,776,modular,4,b,img/target_6.png
32,1,777,modular,5,p,img/target_10.png
32,1,778,modular,4,b,img/target_6.png
32,1,779,modular,1,i,img/target_8.png
32,1,780,modular,3,v,img/target_5.png
32,1,781,modular,4,b,img/target_6.png
32,1,782,modular,1,i,img/target_8.png
32,1,783,modular,3,v,img/target_5.png
32,1,784,modular,1,i,img/target_8.png
32,1,785,modular,4,b,img/target_6.png
32,1,786,modular,5,p,img/target_10.png
32,1,787,modular,8,w,img/target_2.png
32,1,788,modular,9,e,img/target_3.png
32,1,789,modular,0,u,img/target_7.png
32,1,790,modular,1,i,img/target_8.png
32,1,791,modular,0,u,img/target_7.png
32,1,792,modular,1,i,img/target_8.png
32,1,793,modular,3,v,img/target_5.png
32,1,794,modular,4,b,img/target_6.png
32,1,795,modular,3,v,img/target_5.png
32,1,796,modular,2,o,img/target_9.png
32,1,797,modular,0,u,img/target_7.png
32,1,798,modular,3,v,img/target_5.png
32,1,799,modular,2,o,img/target_9.png
32,1,800,modular,3,v,img/target_5.png
32,1,801,modular,1,i,img/target_8.png
32,1,802,modular,0,u,img/target_7.png
32,1,803,modular,2,o,img/target_9.png
32,1,804,modular,4,b,img/target_6.png
32,1,805,modular,1,i,img/target_8.png
32,1,806,modular,2,o,img/target_9.png
32,1,807,modular,3,v,img/target_5.png
32,1,808,modular,0,u,img/target_7.png
32,1,809,modular,3,v,img/target_5.png
32,1,810,modular,2,o,img/target_9.png
32,1,811,modular,1,i,img/target_8.png
32,1,812,modular,3,v,img/target_5.png
32,1,813,modular,0,u,img/target_7.png
32,1,814,modular,3,v,img/target_5.png
32,1,815,modular,0,u,img/target_7.png
32,1,816,modular,2,o,img/target_9.png
32,1,817,modular,3,v,img/target_5.png
32,1,818,modular,1,i,img/target_8.png
32,1,819,modular,2,o,img/target_9.png
32,1,820,modular,0,u,img/target_7.png
32,1,821,modular,2,o,img/target_9.png
32,1,822,modular,0,u,img/target_7.png
32,1,823,modular,1,i,img/target_8.png
32,1,824,modular,0,u,img/target_7.png
32,1,825,modular,1,i,img/target_8.png
32,1,826,modular,3,v,img/target_5.png
32,1,827,modular,1,i,img/target_8.png
32,1,828,modular,0,u,img/target_7.png
32,1,829,modular,9,e,img/target_3.png
32,1,830,modular,0,u,img/target_7.png
32,1,831,modular,1,i,img/target_8.png
32,1,832,modular,2,o,img/target_9.png
32,1,833,modular,1,i,img/target_8.png
32,1,834,modular,0,u,img/target_7.png
32,1,835,modular,2,o,img/target_9.png
32,1,836,modular,4,b,img/target_6.png
32,1,837,modular,2,o,img/target_9.png
32,1,838,modular,1,i,img/target_8.png
32,1,839,modular,2,o,img/target_9.png
32,1,840,modular,4,b,img/target_6.png
32,1,841,modular,1,i,img/target_8.png
32,1,842,modular,3,v,img/target_5.png
32,1,843,modular,0,u,img/target_7.png
32,1,844,modular,9,e,img/target_3.png
32,1,845,modular,0,u,img/target_7.png
32,1,846,modular,3,v,img/target_5.png
32,1,847,modular,2,o,img/target_9.png
32,1,848,modular,0,u,img/target_7.png
32,1,849,modular,2,o,img/target_9.png
32,1,850,modular,1,i,img/target_8.png
32,1,851,modular,3,v,img/target_5.png
32,1,852,modular,1,i,img/target_8.png
32,1,853,modular,3,v,img/target_5.png
32,1,854,modular,1,i,img/target_8.png
32,1,855,modular,4,b,img/target_6.png
32,1,856,modular,1,i,img/target_8.png
32,1,857,modular,0,u,img/target_7.png
32,1,858,modular,2,o,img/target_9.png
32,1,859,modular,3,v,img/target_5.png
32,1,860,modular,2,o,img/target_9.png
32,1,861,modular,4,b,img/target_6.png
32,1,862,modular,1,i,img/target_8.png
32,1,863,modular,4,b,img/target_6.png
32,1,864,modular,3,v,img/target_5.png
32,1,865,modular,4,b,img/target_6.png
32,1,866,modular,2,o,img/target_9.png
32,1,867,modular,1,i,img/target_8.png
32,1,868,modular,3,v,img/target_5.png
32,1,869,modular,2,o,img/target_9.png
32,1,870,modular,0,u,img/target_7.png
32,1,871,modular,3,v,img/target_5.png
32,1,872,modular,4,b,img/target_6.png
32,1,873,modular,1,i,img/target_8.png
32,1,874,modular,2,o,img/target_9.png
32,1,875,modular,3,v,img/target_5.png
32,1,876,modular,1,i,img/target_8.png
32,1,877,modular,3,v,img/target_5.png
32,1,878,modular,2,o,img/target_9.png
32,1,879,modular,4,b,img/target_6.png
32,1,880,modular,2,o,img/target_9.png
32,1,881,modular,4,b,img/target_6.png
32,1,882,modular,3,v,img/target_5.png
32,1,883,modular,0,u,img/target_7.png
32,1,884,modular,1,i,img/target_8.png
32,1,885,modular,2,o,img/target_9.png
32,1,886,modular,3,v,img/target_5.png
32,1,887,modular,4,b,img/target_6.png
32,1,888,modular,2,o,img/target_9.png
32,1,889,modular,4,b,img/target_6.png
32,1,890,modular,2,o,img/target_9.png
32,1,891,modular,0,u,img/target_7.png
32,1,892,modular,9,e,img/target_3.png
32,1,893,modular,7,q,img/target_1.png
32,1,894,modular,8,w,img/target_2.png
32,1,895,modular,6,r,img/target_4.png
32,1,896,modular,8,w,img/target_2.png
32,1,897,modular,9,e,img/target_3.png
32,1,898,modular,8,w,img/target_2.png
32,1,899,modular,5,p,img/target_10.png
32,1,900,modular,4,b,img/target_6.png
32,1,901,modular,2,o,img/target_9.png
32,1,902,modular,4,b,img/target_6.png
32,1,903,modular,1,i,img/target_8.png
32,1,904,modular,2,o,img/target_9.png
32,1,905,modular,3,v,img/target_5.png
32,1,906,modular,1,i,img/target_8.png
32,1,907,modular,4,b,img/target_6.png
32,1,908,modular,3,v,img/target_5.png
32,1,909,modular,2,o,img/target_9.png
32,1,910,modular,3,v,img/target_5.png
32,1,911,modular,2,o,img/target_9.png
32,1,912,modular,0,u,img/target_7.png
32,1,913,modular,9,e,img/target_3.png
32,1,914,modular,0,u,img/target_7.png
32,1,915,modular,3,v,img/target_5.png
32,1,916,modular,2,o,img/target_9.png
32,1,917,modular,4,b,img/target_6.png
32,1,918,modular,1,i,img/target_8.png
32,1,919,modular,2,o,img/target_9.png
32,1,920,modular,0,u,img/target_7.png
32,1,921,modular,2,o,img/target_9.png
32,1,922,modular,0,u,img/target_7.png
32,1,923,modular,1,i,img/target_8.png
32,1,924,modular,4,b,img/target_6.png
32,1,925,modular,2,o,img/target_9.png
32,1,926,modular,3,v,img/target_5.png
32,1,927,modular,1,i,img/target_8.png
32,1,928,modular,3,v,img/target_5.png
32,1,929,modular,2,o,img/target_9.png
32,1,930,modular,0,u,img/target_7.png
32,1,931,modular,3,v,img/target_5.png
32,1,932,modular,1,i,img/target_8.png
32,1,933,modular,4,b,img/target_6.png
32,1,934,modular,5,p,img/target_10.png
32,1,935,modular,8,w,img/target_2.png
32,1,936,modular,7,q,img/target_1.png
32,1,937,modular,6,r,img/target_4.png
32,1,938,modular,8,w,img/target_2.png
32,1,939,modular,6,r,img/target_4.png
32,1,940,modular,8,w,img/target_2.png
32,1,941,modular,7,q,img/target_1.png
32,1,942,modular,6,r,img/target_4.png
32,1,943,modular,7,q,img/target_1.png
32,1,944,modular,9,e,img/target_3.png
32,1,945,modular,0,u,img/target_7.png
32,1,946,modular,9,e,img/target_3.png
32,1,947,modular,0,u,img/target_7.png
32,1,948,modular,1,i,img/target_8.png
32,1,949,modular,2,o,img/target_9.png
32,1,950,modular,0,u,img/target_7.png
32,1,951,modular,9,e,img/target_3.png
32,1,952,modular,6,r,img/target_4.png
32,1,953,modular,9,e,img/target_3.png
32,1,954,modular,6,r,img/target_4.png
32,1,955,modular,5,p,img/target_10.png
32,1,956,modular,7,q,img/target_1.png
32,1,957,modular,6,r,img/target_4.png
32,1,958,modular,7,q,img/target_1.png
32,1,959,modular,8,w,img/target_2.png
32,1,960,modular,6,r,img/target_4.png
32,1,961,modular,7,q,img/target_1.png
32,1,962,modular,9,e,img/target_3.png
32,1,963,modular,0,u,img/target_7.png
32,1,964,modular,3,v,img/target_5.png
32,1,965,modular,0,u,img/target_7.png
32,1,966,modular,1,i,img/target_8.png
32,1,967,modular,2,o,img/target_9.png
32,1,968,modular,4,b,img/target_6.png
32,1,969,modular,1,i,img/target_8.png
32,1,970,modular,0,u,img/target_7.png
32,1,971,modular,9,e,img/target_3.png
32,1,972,modular,7,q,img/target_1.png
32,1,973,modular,9,e,img/target_3.png
32,1,974,modular,0,u,img/target_7.png
32,1,975,modular,9,e,img/target_3.png
32,1,976,modular,6,r,img/target_4.png
32,1,977,modular,5,p,img/target_10.png
32,1,978,modular,4,b,img/target_6.png
32,1,979,modular,1,i,img/target_8.png
32,1,980,modular,3,v,img/target_5.png
32,1,981,modular,4,b,img/target_6.png
32,1,982,modular,2,o,img/target_9.png
32,1,983,modular,0,u,img/target_7.png
32,1,984,modular,1,i,img/target_8.png
32,1,985,modular,3,v,img/target_5.png
32,1,986,modular,4,b,img/target_6.png
32,1,987,modular,1,i,img/target_8.png
32,1,988,modular,3,v,img/target_5.png
32,1,989,modular,1,i,img/target_8.png
32,1,990,modular,4,b,img/target_6.png
32,1,991,modular,3,v,img/target_5.png
32,1,992,modular,2,o,img/target_9.png
32,1,993,modular,1,i,img/target_8.png
32,1,994,modular,3,v,img/target_5.png
32,1,995,modular,4,b,img/target_6.png
32,1,996,modular,3,v,img/target_5.png
32,1,997,modular,4,b,img/target_6.png
32,1,998,modular,5,p,img/target_10.png
32,1,999,modular,7,q,img/target_1.png
32,1,1000,modular,6,r,img/target_4.png
