pID,sess,trialNum,graph,walk,resp,path
8,2,1,modular,3,w,img/target_2.png
8,2,2,modular,4,o,img/target_9.png
8,2,3,modular,3,w,img/target_2.png
8,2,4,modular,0,q,img/target_1.png
8,2,5,modular,1,v,img/target_5.png
8,2,6,modular,3,w,img/target_2.png
8,2,7,modular,2,r,img/target_4.png
8,2,8,modular,0,q,img/target_1.png
8,2,9,modular,2,r,img/target_4.png
8,2,10,modular,4,o,img/target_9.png
8,2,11,modular,3,w,img/target_2.png
8,2,12,modular,2,r,img/target_4.png
8,2,13,modular,0,q,img/target_1.png
8,2,14,modular,2,r,img/target_4.png
8,2,15,modular,0,q,img/target_1.png
8,2,16,modular,9,b,img/target_6.png
8,2,17,modular,0,q,img/target_1.png
8,2,18,modular,9,b,img/target_6.png
8,2,19,modular,7,p,img/target_10.png
8,2,20,modular,8,i,img/target_8.png
8,2,21,modular,9,b,img/target_6.png
8,2,22,modular,0,q,img/target_1.png
8,2,23,modular,3,w,img/target_2.png
8,2,24,modular,4,o,img/target_9.png
8,2,25,modular,1,v,img/target_5.png
8,2,26,modular,4,o,img/target_9.png
8,2,27,modular,3,w,img/target_2.png
8,2,28,modular,2,r,img/target_4.png
8,2,29,modular,3,w,img/target_2.png
8,2,30,modular,1,v,img/target_5.png
8,2,31,modular,3,w,img/target_2.png
8,2,32,modular,0,q,img/target_1.png
8,2,33,modular,3,w,img/target_2.png
8,2,34,modular,4,o,img/target_9.png
8,2,35,modular,1,v,img/target_5.png
8,2,36,modular,4,o,img/target_9.png
8,2,37,modular,2,r,img/target_4.png
8,2,38,modular,1,v,img/target_5.png
8,2,39,modular,0,q,img/target_1.png
8,2,40,modular,2,r,img/target_4.png
8,2,41,modular,1,v,img/target_5.png
8,2,42,modular,2,r,img/target_4.png
8,2,43,modular,0,q,img/target_1.png
8,2,44,modular,3,w,img/target_2.png
8,2,45,modular,1,v,img/target_5.png
8,2,46,modular,0,q,img/target_1.png
8,2,47,modular,2,r,img/target_4.png
8,2,48,modular,3,w,img/target_2.png
8,2,49,modular,0,q,img/target_1.png
8,2,50,modular,2,r,img/target_4.png
8,2,51,modular,0,q,img/target_1.png
8,2,52,modular,1,v,img/target_5.png
8,2,53,modular,4,o,img/target_9.png
8,2,54,modular,2,r,img/target_4.png
8,2,55,modular,3,w,img/target_2.png
8,2,56,modular,4,o,img/target_9.png
8,2,57,modular,1,v,img/target_5.png
8,2,58,modular,3,w,img/target_2.png
8,2,59,modular,4,o,img/target_9.png
8,2,60,modular,3,w,img/target_2.png
8,2,61,modular,1,v,img/target_5.png
8,2,62,modular,2,r,img/target_4.png
8,2,63,modular,4,o,img/target_9.png
8,2,64,modular,5,u,img/target_7.png
8,2,65,modular,7,p,img/target_10.png
8,2,66,modular,8,i,img/target_8.png
8,2,67,modular,7,p,img/target_10.png
8,2,68,modular,8,i,img/target_8.png
8,2,69,modular,7,p,img/target_10.png
8,2,70,modular,6,e,img/target_3.png
8,2,71,modular,8,i,img/target_8.png
8,2,72,modular,7,p,img/target_10.png
8,2,73,modular,9,b,img/target_6.png
8,2,74,modular,7,p,img/target_10.png
8,2,75,modular,8,i,img/target_8.png
8,2,76,modular,5,u,img/target_7.png
8,2,77,modular,4,o,img/target_9.png
8,2,78,modular,1,v,img/target_5.png
8,2,79,modular,3,w,img/target_2.png
8,2,80,modular,2,r,img/target_4.png
8,2,81,modular,0,q,img/target_1.png
8,2,82,modular,1,v,img/target_5.png
8,2,83,modular,4,o,img/target_9.png
8,2,84,modular,2,r,img/target_4.png
8,2,85,modular,3,w,img/target_2.png
8,2,86,modular,0,q,img/target_1.png
8,2,87,modular,1,v,img/target_5.png
8,2,88,modular,2,r,img/target_4.png
8,2,89,modular,1,v,img/target_5.png
8,2,90,modular,4,o,img/target_9.png
8,2,91,modular,5,u,img/target_7.png
8,2,92,modular,8,i,img/target_8.png
8,2,93,modular,5,u,img/target_7.png
8,2,94,modular,7,p,img/target_10.png
8,2,95,modular,9,b,img/target_6.png
8,2,96,modular,6,e,img/target_3.png
8,2,97,modular,8,i,img/target_8.png
8,2,98,modular,9,b,img/target_6.png
8,2,99,modular,6,e,img/target_3.png
8,2,100,modular,5,u,img/target_7.png
8,2,101,modular,6,e,img/target_3.png
8,2,102,modular,5,u,img/target_7.png
8,2,103,modular,7,p,img/target_10.png
8,2,104,modular,6,e,img/target_3.png
8,2,105,modular,5,u,img/target_7.png
8,2,106,modular,8,i,img/target_8.png
8,2,107,modular,9,b,img/target_6.png
8,2,108,modular,7,p,img/target_10.png
8,2,109,modular,6,e,img/target_3.png
8,2,110,modular,5,u,img/target_7.png
8,2,111,modular,6,e,img/target_3.png
8,2,112,modular,9,b,img/target_6.png
8,2,113,modular,0,q,img/target_1.png
8,2,114,modular,1,v,img/target_5.png
8,2,115,modular,3,w,img/target_2.png
8,2,116,modular,1,v,img/target_5.png
8,2,117,modular,0,q,img/target_1.png
8,2,118,modular,1,v,img/target_5.png
8,2,119,modular,2,r,img/target_4.png
8,2,120,modular,4,o,img/target_9.png
8,2,121,modular,1,v,img/target_5.png
8,2,122,modular,2,r,img/target_4.png
8,2,123,modular,0,q,img/target_1.png
8,2,124,modular,1,v,img/target_5.png
8,2,125,modular,3,w,img/target_2.png
8,2,126,modular,2,r,img/target_4.png
8,2,127,modular,0,q,img/target_1.png
8,2,128,modular,9,b,img/target_6.png
8,2,129,modular,8,i,img/target_8.png
8,2,130,modular,5,u,img/target_7.png
8,2,131,modular,8,i,img/target_8.png
8,2,132,modular,6,e,img/target_3.png
8,2,133,modular,8,i,img/target_8.png
8,2,134,modular,7,p,img/target_10.png
8,2,135,modular,5,u,img/target_7.png
8,2,136,modular,4,o,img/target_9.png
8,2,137,modular,5,u,img/target_7.png
8,2,138,modular,7,p,img/target_10.png
8,2,139,modular,6,e,img/target_3.png
8,2,140,modular,7,p,img/target_10.png
8,2,141,modular,9,b,img/target_6.png
8,2,142,modular,7,p,img/target_10.png
8,2,143,modular,8,i,img/target_8.png
8,2,144,modular,6,e,img/target_3.png
8,2,145,modular,9,b,img/target_6.png
8,2,146,modular,0,q,img/target_1.png
8,2,147,modular,1,v,img/target_5.png
8,2,148,modular,0,q,img/target_1.png
8,2,149,modular,2,r,img/target_4.png
8,2,150,modular,1,v,img/target_5.png
8,2,151,modular,3,w,img/target_2.png
8,2,152,modular,2,r,img/target_4.png
8,2,153,modular,0,q,img/target_1.png
8,2,154,modular,2,r,img/target_4.png
8,2,155,modular,3,w,img/target_2.png
8,2,156,modular,4,o,img/target_9.png
8,2,157,modular,1,v,img/target_5.png
8,2,158,modular,4,o,img/target_9.png
8,2,159,modular,3,w,img/target_2.png
8,2,160,modular,2,r,img/target_4.png
8,2,161,modular,0,q,img/target_1.png
8,2,162,modular,1,v,img/target_5.png
8,2,163,modular,0,q,img/target_1.png
8,2,164,modular,2,r,img/target_4.png
8,2,165,modular,1,v,img/target_5.png
8,2,166,modular,3,w,img/target_2.png
8,2,167,modular,1,v,img/target_5.png
8,2,168,modular,2,r,img/target_4.png
8,2,169,modular,1,v,img/target_5.png
8,2,170,modular,3,w,img/target_2.png
8,2,171,modular,0,q,img/target_1.png
8,2,172,modular,2,r,img/target_4.png
8,2,173,modular,4,o,img/target_9.png
8,2,174,modular,3,w,img/target_2.png
8,2,175,modular,0,q,img/target_1.png
8,2,176,modular,1,v,img/target_5.png
8,2,177,modular,0,q,img/target_1.png
8,2,178,modular,3,w,img/target_2.png
8,2,179,modular,0,q,img/target_1.png
8,2,180,modular,2,r,img/target_4.png
8,2,181,modular,1,v,img/target_5.png
8,2,182,modular,2,r,img/target_4.png
8,2,183,modular,4,o,img/target_9.png
8,2,184,modular,2,r,img/target_4.png
8,2,185,modular,1,v,img/target_5.png
8,2,186,modular,4,o,img/target_9.png
8,2,187,modular,5,u,img/target_7.png
8,2,188,modular,8,i,img/target_8.png
8,2,189,modular,9,b,img/target_6.png
8,2,190,modular,0,q,img/target_1.png
8,2,191,modular,9,b,img/target_6.png
8,2,192,modular,7,p,img/target_10.png
8,2,193,modular,5,u,img/target_7.png
8,2,194,modular,6,e,img/target_3.png
8,2,195,modular,8,i,img/target_8.png
8,2,196,modular,5,u,img/target_7.png
8,2,197,modular,6,e,img/target_3.png
8,2,198,modular,5,u,img/target_7.png
8,2,199,modular,4,o,img/target_9.png
8,2,200,modular,2,r,img/target_4.png
8,2,201,modular,3,w,img/target_2.png
8,2,202,modular,4,o,img/target_9.png
8,2,203,modular,2,r,img/target_4.png
8,2,204,modular,4,o,img/target_9.png
8,2,205,modular,5,u,img/target_7.png
8,2,206,modular,7,p,img/target_10.png
8,2,207,modular,5,u,img/target_7.png
8,2,208,modular,7,p,img/target_10.png
8,2,209,modular,9,b,img/target_6.png
8,2,210,modular,8,i,img/target_8.png
8,2,211,modular,5,u,img/target_7.png
8,2,212,modular,7,p,img/target_10.png
8,2,213,modular,5,u,img/target_7.png
8,2,214,modular,4,o,img/target_9.png
8,2,215,modular,1,v,img/target_5.png
8,2,216,modular,4,o,img/target_9.png
8,2,217,modular,2,r,img/target_4.png
8,2,218,modular,4,o,img/target_9.png
8,2,219,modular,3,w,img/target_2.png
8,2,220,modular,4,o,img/target_9.png
8,2,221,modular,1,v,img/target_5.png
8,2,222,modular,0,q,img/target_1.png
8,2,223,modular,1,v,img/target_5.png
8,2,224,modular,0,q,img/target_1.png
8,2,225,modular,1,v,img/target_5.png
8,2,226,modular,4,o,img/target_9.png
8,2,227,modular,3,w,img/target_2.png
8,2,228,modular,2,r,img/target_4.png
8,2,229,modular,3,w,img/target_2.png
8,2,230,modular,4,o,img/target_9.png
8,2,231,modular,2,r,img/target_4.png
8,2,232,modular,0,q,img/target_1.png
8,2,233,modular,1,v,img/target_5.png
8,2,234,modular,4,o,img/target_9.png
8,2,235,modular,3,w,img/target_2.png
8,2,236,modular,2,r,img/target_4.png
8,2,237,modular,1,v,img/target_5.png
8,2,238,modular,0,q,img/target_1.png
8,2,239,modular,1,v,img/target_5.png
8,2,240,modular,4,o,img/target_9.png
8,2,241,modular,2,r,img/target_4.png
8,2,242,modular,0,q,img/target_1.png
8,2,243,modular,2,r,img/target_4.png
8,2,244,modular,3,w,img/target_2.png
8,2,245,modular,2,r,img/target_4.png
8,2,246,modular,1,v,img/target_5.png
8,2,247,modular,0,q,img/target_1.png
8,2,248,modular,3,w,img/target_2.png
8,2,249,modular,4,o,img/target_9.png
8,2,250,modular,2,r,img/target_4.png
8,2,251,modular,4,o,img/target_9.png
8,2,252,modular,3,w,img/target_2.png
8,2,253,modular,1,v,img/target_5.png
8,2,254,modular,0,q,img/target_1.png
8,2,255,modular,9,b,img/target_6.png
8,2,256,modular,6,e,img/target_3.png
8,2,257,modular,7,p,img/target_10.png
8,2,258,modular,9,b,img/target_6.png
8,2,259,modular,0,q,img/target_1.png
8,2,260,modular,2,r,img/target_4.png
8,2,261,modular,0,q,img/target_1.png
8,2,262,modular,3,w,img/target_2.png
8,2,263,modular,4,o,img/target_9.png
8,2,264,modular,5,u,img/target_7.png
8,2,265,modular,6,e,img/target_3.png
8,2,266,modular,7,p,img/target_10.png
8,2,267,modular,5,u,img/target_7.png
8,2,268,modular,4,o,img/target_9.png
8,2,269,modular,1,v,img/target_5.png
8,2,270,modular,0,q,img/target_1.png
8,2,271,modular,9,b,img/target_6.png
8,2,272,modular,7,p,img/target_10.png
8,2,273,modular,9,b,img/target_6.png
8,2,274,modular,0,q,img/target_1.png
8,2,275,modular,3,w,img/target_2.png
8,2,276,modular,4,o,img/target_9.png
8,2,277,modular,2,r,img/target_4.png
8,2,278,modular,4,o,img/target_9.png
8,2,279,modular,5,u,img/target_7.png
8,2,280,modular,6,e,img/target_3.png
8,2,281,modular,7,p,img/target_10.png
8,2,282,modular,5,u,img/target_7.png
8,2,283,modular,6,e,img/target_3.png
8,2,284,modular,5,u,img/target_7.png
8,2,285,modular,4,o,img/target_9.png
8,2,286,modular,2,r,img/target_4.png
8,2,287,modular,4,o,img/target_9.png
8,2,288,modular,3,w,img/target_2.png
8,2,289,modular,2,r,img/target_4.png
8,2,290,modular,3,w,img/target_2.png
8,2,291,modular,4,o,img/target_9.png
8,2,292,modular,1,v,img/target_5.png
8,2,293,modular,2,r,img/target_4.png
8,2,294,modular,1,v,img/target_5.png
8,2,295,modular,3,w,img/target_2.png
8,2,296,modular,1,v,img/target_5.png
8,2,297,modular,0,q,img/target_1.png
8,2,298,modular,3,w,img/target_2.png
8,2,299,modular,2,r,img/target_4.png
8,2,300,modular,3,w,img/target_2.png
8,2,301,modular,1,v,img/target_5.png
8,2,302,modular,0,q,img/target_1.png
8,2,303,modular,3,w,img/target_2.png
8,2,304,modular,2,r,img/target_4.png
8,2,305,modular,0,q,img/target_1.png
8,2,306,modular,9,b,img/target_6.png
8,2,307,modular,7,p,img/target_10.png
8,2,308,modular,6,e,img/target_3.png
8,2,309,modular,5,u,img/target_7.png
8,2,310,modular,7,p,img/target_10.png
8,2,311,modular,8,i,img/target_8.png
8,2,312,modular,9,b,img/target_6.png
8,2,313,modular,8,i,img/target_8.png
8,2,314,modular,5,u,img/target_7.png
8,2,315,modular,6,e,img/target_3.png
8,2,316,modular,8,i,img/target_8.png
8,2,317,modular,5,u,img/target_7.png
8,2,318,modular,4,o,img/target_9.png
8,2,319,modular,3,w,img/target_2.png
8,2,320,modular,0,q,img/target_1.png
8,2,321,modular,3,w,img/target_2.png
8,2,322,modular,0,q,img/target_1.png
8,2,323,modular,9,b,img/target_6.png
8,2,324,modular,6,e,img/target_3.png
8,2,325,modular,5,u,img/target_7.png
8,2,326,modular,8,i,img/target_8.png
8,2,327,modular,7,p,img/target_10.png
8,2,328,modular,5,u,img/target_7.png
8,2,329,modular,8,i,img/target_8.png
8,2,330,modular,6,e,img/target_3.png
8,2,331,modular,8,i,img/target_8.png
8,2,332,modular,7,p,img/target_10.png
8,2,333,modular,5,u,img/target_7.png
8,2,334,modular,8,i,img/target_8.png
8,2,335,modular,5,u,img/target_7.png
8,2,336,modular,8,i,img/target_8.png
8,2,337,modular,6,e,img/target_3.png
8,2,338,modular,7,p,img/target_10.png
8,2,339,modular,5,u,img/target_7.png
8,2,340,modular,7,p,img/target_10.png
8,2,341,modular,6,e,img/target_3.png
8,2,342,modular,8,i,img/target_8.png
8,2,343,modular,6,e,img/target_3.png
8,2,344,modular,8,i,img/target_8.png
8,2,345,modular,5,u,img/target_7.png
8,2,346,modular,4,o,img/target_9.png
8,2,347,modular,2,r,img/target_4.png
8,2,348,modular,3,w,img/target_2.png
8,2,349,modular,2,r,img/target_4.png
8,2,350,modular,4,o,img/target_9.png
8,2,351,modular,1,v,img/target_5.png
8,2,352,modular,0,q,img/target_1.png
8,2,353,modular,9,b,img/target_6.png
8,2,354,modular,8,i,img/target_8.png
8,2,355,modular,5,u,img/target_7.png
8,2,356,modular,6,e,img/target_3.png
8,2,357,modular,7,p,img/target_10.png
8,2,358,modular,9,b,img/target_6.png
8,2,359,modular,6,e,img/target_3.png
8,2,360,modular,5,u,img/target_7.png
8,2,361,modular,7,p,img/target_10.png
8,2,362,modular,8,i,img/target_8.png
8,2,363,modular,9,b,img/target_6.png
8,2,364,modular,8,i,img/target_8.png
8,2,365,modular,5,u,img/target_7.png
8,2,366,modular,7,p,img/target_10.png
8,2,367,modular,5,u,img/target_7.png
8,2,368,modular,7,p,img/target_10.png
8,2,369,modular,9,b,img/target_6.png
8,2,370,modular,0,q,img/target_1.png
8,2,371,modular,1,v,img/target_5.png
8,2,372,modular,3,w,img/target_2.png
8,2,373,modular,0,q,img/target_1.png
8,2,374,modular,9,b,img/target_6.png
8,2,375,modular,8,i,img/target_8.png
8,2,376,modular,5,u,img/target_7.png
8,2,377,modular,4,o,img/target_9.png
8,2,378,modular,2,r,img/target_4.png
8,2,379,modular,1,v,img/target_5.png
8,2,380,modular,3,w,img/target_2.png
8,2,381,modular,2,r,img/target_4.png
8,2,382,modular,0,q,img/target_1.png
8,2,383,modular,1,v,img/target_5.png
8,2,384,modular,0,q,img/target_1.png
8,2,385,modular,2,r,img/target_4.png
8,2,386,modular,3,w,img/target_2.png
8,2,387,modular,4,o,img/target_9.png
8,2,388,modular,2,r,img/target_4.png
8,2,389,modular,0,q,img/target_1.png
8,2,390,modular,9,b,img/target_6.png
8,2,391,modular,8,i,img/target_8.png
8,2,392,modular,5,u,img/target_7.png
8,2,393,modular,7,p,img/target_10.png
8,2,394,modular,5,u,img/target_7.png
8,2,395,modular,7,p,img/target_10.png
8,2,396,modular,8,i,img/target_8.png
8,2,397,modular,9,b,img/target_6.png
8,2,398,modular,6,e,img/target_3.png
8,2,399,modular,5,u,img/target_7.png
8,2,400,modular,6,e,img/target_3.png
8,2,401,modular,9,b,img/target_6.png
8,2,402,modular,7,p,img/target_10.png
8,2,403,modular,9,b,img/target_6.png
8,2,404,modular,0,q,img/target_1.png
8,2,405,modular,1,v,img/target_5.png
8,2,406,modular,2,r,img/target_4.png
8,2,407,modular,0,q,img/target_1.png
8,2,408,modular,1,v,img/target_5.png
8,2,409,modular,2,r,img/target_4.png
8,2,410,modular,3,w,img/target_2.png
8,2,411,modular,0,q,img/target_1.png
8,2,412,modular,3,w,img/target_2.png
8,2,413,modular,4,o,img/target_9.png
8,2,414,modular,3,w,img/target_2.png
8,2,415,modular,1,v,img/target_5.png
8,2,416,modular,0,q,img/target_1.png
8,2,417,modular,3,w,img/target_2.png
8,2,418,modular,1,v,img/target_5.png
8,2,419,modular,0,q,img/target_1.png
8,2,420,modular,9,b,img/target_6.png
8,2,421,modular,0,q,img/target_1.png
8,2,422,modular,2,r,img/target_4.png
8,2,423,modular,3,w,img/target_2.png
8,2,424,modular,4,o,img/target_9.png
8,2,425,modular,1,v,img/target_5.png
8,2,426,modular,2,r,img/target_4.png
8,2,427,modular,0,q,img/target_1.png
8,2,428,modular,9,b,img/target_6.png
8,2,429,modular,0,q,img/target_1.png
8,2,430,modular,3,w,img/target_2.png
8,2,431,modular,0,q,img/target_1.png
8,2,432,modular,2,r,img/target_4.png
8,2,433,modular,4,o,img/target_9.png
8,2,434,modular,1,v,img/target_5.png
8,2,435,modular,4,o,img/target_9.png
8,2,436,modular,2,r,img/target_4.png
8,2,437,modular,3,w,img/target_2.png
8,2,438,modular,0,q,img/target_1.png
8,2,439,modular,1,v,img/target_5.png
8,2,440,modular,3,w,img/target_2.png
8,2,441,modular,1,v,img/target_5.png
8,2,442,modular,0,q,img/target_1.png
8,2,443,modular,1,v,img/target_5.png
8,2,444,modular,0,q,img/target_1.png
8,2,445,modular,9,b,img/target_6.png
8,2,446,modular,6,e,img/target_3.png
8,2,447,modular,8,i,img/target_8.png
8,2,448,modular,7,p,img/target_10.png
8,2,449,modular,6,e,img/target_3.png
8,2,450,modular,9,b,img/target_6.png
8,2,451,modular,0,q,img/target_1.png
8,2,452,modular,3,w,img/target_2.png
8,2,453,modular,1,v,img/target_5.png
8,2,454,modular,0,q,img/target_1.png
8,2,455,modular,2,r,img/target_4.png
8,2,456,modular,4,o,img/target_9.png
8,2,457,modular,1,v,img/target_5.png
8,2,458,modular,2,r,img/target_4.png
8,2,459,modular,3,w,img/target_2.png
8,2,460,modular,2,r,img/target_4.png
8,2,461,modular,3,w,img/target_2.png
8,2,462,modular,1,v,img/target_5.png
8,2,463,modular,2,r,img/target_4.png
8,2,464,modular,4,o,img/target_9.png
8,2,465,modular,5,u,img/target_7.png
8,2,466,modular,8,i,img/target_8.png
8,2,467,modular,7,p,img/target_10.png
8,2,468,modular,5,u,img/target_7.png
8,2,469,modular,7,p,img/target_10.png
8,2,470,modular,6,e,img/target_3.png
8,2,471,modular,9,b,img/target_6.png
8,2,472,modular,7,p,img/target_10.png
8,2,473,modular,5,u,img/target_7.png
8,2,474,modular,8,i,img/target_8.png
8,2,475,modular,7,p,img/target_10.png
8,2,476,modular,9,b,img/target_6.png
8,2,477,modular,0,q,img/target_1.png
8,2,478,modular,3,w,img/target_2.png
8,2,479,modular,0,q,img/target_1.png
8,2,480,modular,1,v,img/target_5.png
8,2,481,modular,4,o,img/target_9.png
8,2,482,modular,2,r,img/target_4.png
8,2,483,modular,4,o,img/target_9.png
8,2,484,modular,1,v,img/target_5.png
8,2,485,modular,4,o,img/target_9.png
8,2,486,modular,2,r,img/target_4.png
8,2,487,modular,4,o,img/target_9.png
8,2,488,modular,5,u,img/target_7.png
8,2,489,modular,7,p,img/target_10.png
8,2,490,modular,8,i,img/target_8.png
8,2,491,modular,9,b,img/target_6.png
8,2,492,modular,8,i,img/target_8.png
8,2,493,modular,6,e,img/target_3.png
8,2,494,modular,9,b,img/target_6.png
8,2,495,modular,0,q,img/target_1.png
8,2,496,modular,3,w,img/target_2.png
8,2,497,modular,2,r,img/target_4.png
8,2,498,modular,1,v,img/target_5.png
8,2,499,modular,2,r,img/target_4.png
8,2,500,modular,3,w,img/target_2.png
8,2,501,modular,2,r,img/target_4.png
8,2,502,modular,1,v,img/target_5.png
8,2,503,modular,0,q,img/target_1.png
8,2,504,modular,2,r,img/target_4.png
8,2,505,modular,4,o,img/target_9.png
8,2,506,modular,5,u,img/target_7.png
8,2,507,modular,7,p,img/target_10.png
8,2,508,modular,9,b,img/target_6.png
8,2,509,modular,8,i,img/target_8.png
8,2,510,modular,5,u,img/target_7.png
8,2,511,modular,8,i,img/target_8.png
8,2,512,modular,9,b,img/target_6.png
8,2,513,modular,6,e,img/target_3.png
8,2,514,modular,9,b,img/target_6.png
8,2,515,modular,0,q,img/target_1.png
8,2,516,modular,9,b,img/target_6.png
8,2,517,modular,7,p,img/target_10.png
8,2,518,modular,9,b,img/target_6.png
8,2,519,modular,8,i,img/target_8.png
8,2,520,modular,6,e,img/target_3.png
8,2,521,modular,9,b,img/target_6.png
8,2,522,modular,0,q,img/target_1.png
8,2,523,modular,9,b,img/target_6.png
8,2,524,modular,6,e,img/target_3.png
8,2,525,modular,5,u,img/target_7.png
8,2,526,modular,4,o,img/target_9.png
8,2,527,modular,3,w,img/target_2.png
8,2,528,modular,2,r,img/target_4.png
8,2,529,modular,1,v,img/target_5.png
8,2,530,modular,0,q,img/target_1.png
8,2,531,modular,1,v,img/target_5.png
8,2,532,modular,3,w,img/target_2.png
8,2,533,modular,1,v,img/target_5.png
8,2,534,modular,2,r,img/target_4.png
8,2,535,modular,3,w,img/target_2.png
8,2,536,modular,1,v,img/target_5.png
8,2,537,modular,0,q,img/target_1.png
8,2,538,modular,1,v,img/target_5.png
8,2,539,modular,4,o,img/target_9.png
8,2,540,modular,1,v,img/target_5.png
8,2,541,modular,0,q,img/target_1.png
8,2,542,modular,9,b,img/target_6.png
8,2,543,modular,8,i,img/target_8.png
8,2,544,modular,9,b,img/target_6.png
8,2,545,modular,8,i,img/target_8.png
8,2,546,modular,7,p,img/target_10.png
8,2,547,modular,6,e,img/target_3.png
8,2,548,modular,8,i,img/target_8.png
8,2,549,modular,5,u,img/target_7.png
8,2,550,modular,8,i,img/target_8.png
8,2,551,modular,5,u,img/target_7.png
8,2,552,modular,4,o,img/target_9.png
8,2,553,modular,1,v,img/target_5.png
8,2,554,modular,2,r,img/target_4.png
8,2,555,modular,3,w,img/target_2.png
8,2,556,modular,1,v,img/target_5.png
8,2,557,modular,4,o,img/target_9.png
8,2,558,modular,3,w,img/target_2.png
8,2,559,modular,4,o,img/target_9.png
8,2,560,modular,1,v,img/target_5.png
8,2,561,modular,4,o,img/target_9.png
8,2,562,modular,1,v,img/target_5.png
8,2,563,modular,0,q,img/target_1.png
8,2,564,modular,3,w,img/target_2.png
8,2,565,modular,0,q,img/target_1.png
8,2,566,modular,2,r,img/target_4.png
8,2,567,modular,4,o,img/target_9.png
8,2,568,modular,5,u,img/target_7.png
8,2,569,modular,7,p,img/target_10.png
8,2,570,modular,6,e,img/target_3.png
8,2,571,modular,9,b,img/target_6.png
8,2,572,modular,6,e,img/target_3.png
8,2,573,modular,5,u,img/target_7.png
8,2,574,modular,8,i,img/target_8.png
8,2,575,modular,7,p,img/target_10.png
8,2,576,modular,8,i,img/target_8.png
8,2,577,modular,6,e,img/target_3.png
8,2,578,modular,9,b,img/target_6.png
8,2,579,modular,6,e,img/target_3.png
8,2,580,modular,7,p,img/target_10.png
8,2,581,modular,8,i,img/target_8.png
8,2,582,modular,9,b,img/target_6.png
8,2,583,modular,8,i,img/target_8.png
8,2,584,modular,9,b,img/target_6.png
8,2,585,modular,6,e,img/target_3.png
8,2,586,modular,5,u,img/target_7.png
8,2,587,modular,6,e,img/target_3.png
8,2,588,modular,5,u,img/target_7.png
8,2,589,modular,8,i,img/target_8.png
8,2,590,modular,7,p,img/target_10.png
8,2,591,modular,6,e,img/target_3.png
8,2,592,modular,5,u,img/target_7.png
8,2,593,modular,8,i,img/target_8.png
8,2,594,modular,6,e,img/target_3.png
8,2,595,modular,7,p,img/target_10.png
8,2,596,modular,5,u,img/target_7.png
8,2,597,modular,6,e,img/target_3.png
8,2,598,modular,8,i,img/target_8.png
8,2,599,modular,6,e,img/target_3.png
8,2,600,modular,7,p,img/target_10.png
8,2,601,modular,8,i,img/target_8.png
8,2,602,modular,9,b,img/target_6.png
8,2,603,modular,8,i,img/target_8.png
8,2,604,modular,5,u,img/target_7.png
8,2,605,modular,8,i,img/target_8.png
8,2,606,modular,9,b,img/target_6.png
8,2,607,modular,8,i,img/target_8.png
8,2,608,modular,9,b,img/target_6.png
8,2,609,modular,8,i,img/target_8.png
8,2,610,modular,6,e,img/target_3.png
8,2,611,modular,7,p,img/target_10.png
8,2,612,modular,5,u,img/target_7.png
8,2,613,modular,8,i,img/target_8.png
8,2,614,modular,9,b,img/target_6.png
8,2,615,modular,6,e,img/target_3.png
8,2,616,modular,9,b,img/target_6.png
8,2,617,modular,7,p,img/target_10.png
8,2,618,modular,9,b,img/target_6.png
8,2,619,modular,8,i,img/target_8.png
8,2,620,modular,5,u,img/target_7.png
8,2,621,modular,6,e,img/target_3.png
8,2,622,modular,7,p,img/target_10.png
8,2,623,modular,9,b,img/target_6.png
8,2,624,modular,8,i,img/target_8.png
8,2,625,modular,6,e,img/target_3.png
8,2,626,modular,5,u,img/target_7.png
8,2,627,modular,4,o,img/target_9.png
8,2,628,modular,5,u,img/target_7.png
8,2,629,modular,7,p,img/target_10.png
8,2,630,modular,8,i,img/target_8.png
8,2,631,modular,6,e,img/target_3.png
8,2,632,modular,7,p,img/target_10.png
8,2,633,modular,6,e,img/target_3.png
8,2,634,modular,5,u,img/target_7.png
8,2,635,modular,4,o,img/target_9.png
8,2,636,modular,2,r,img/target_4.png
8,2,637,modular,1,v,img/target_5.png
8,2,638,modular,3,w,img/target_2.png
8,2,639,modular,1,v,img/target_5.png
8,2,640,modular,2,r,img/target_4.png
8,2,641,modular,1,v,img/target_5.png
8,2,642,modular,3,w,img/target_2.png
8,2,643,modular,1,v,img/target_5.png
8,2,644,modular,3,w,img/target_2.png
8,2,645,modular,4,o,img/target_9.png
8,2,646,modular,5,u,img/target_7.png
8,2,647,modular,6,e,img/target_3.png
8,2,648,modular,5,u,img/target_7.png
8,2,649,modular,8,i,img/target_8.png
8,2,650,modular,6,e,img/target_3.png
8,2,651,modular,7,p,img/target_10.png
8,2,652,modular,6,e,img/target_3.png
8,2,653,modular,9,b,img/target_6.png
8,2,654,modular,6,e,img/target_3.png
8,2,655,modular,5,u,img/target_7.png
8,2,656,modular,7,p,img/target_10.png
8,2,657,modular,8,i,img/target_8.png
8,2,658,modular,7,p,img/target_10.png
8,2,659,modular,9,b,img/target_6.png
8,2,660,modular,0,q,img/target_1.png
8,2,661,modular,9,b,img/target_6.png
8,2,662,modular,7,p,img/target_10.png
8,2,663,modular,6,e,img/target_3.png
8,2,664,modular,7,p,img/target_10.png
8,2,665,modular,5,u,img/target_7.png
8,2,666,modular,4,o,img/target_9.png
8,2,667,modular,5,u,img/target_7.png
8,2,668,modular,6,e,img/target_3.png
8,2,669,modular,7,p,img/target_10.png
8,2,670,modular,8,i,img/target_8.png
8,2,671,modular,6,e,img/target_3.png
8,2,672,modular,7,p,img/target_10.png
8,2,673,modular,6,e,img/target_3.png
8,2,674,modular,8,i,img/target_8.png
8,2,675,modular,6,e,img/target_3.png
8,2,676,modular,8,i,img/target_8.png
8,2,677,modular,9,b,img/target_6.png
8,2,678,modular,8,i,img/target_8.png
8,2,679,modular,6,e,img/target_3.png
8,2,680,modular,5,u,img/target_7.png
8,2,681,modular,6,e,img/target_3.png
8,2,682,modular,5,u,img/target_7.png
8,2,683,modular,4,o,img/target_9.png
8,2,684,modular,1,v,img/target_5.png
8,2,685,modular,0,q,img/target_1.png
8,2,686,modular,3,w,img/target_2.png
8,2,687,modular,1,v,img/target_5.png
8,2,688,modular,4,o,img/target_9.png
8,2,689,modular,3,w,img/target_2.png
8,2,690,modular,1,v,img/target_5.png
8,2,691,modular,4,o,img/target_9.png
8,2,692,modular,1,v,img/target_5.png
8,2,693,modular,0,q,img/target_1.png
8,2,694,modular,1,v,img/target_5.png
8,2,695,modular,3,w,img/target_2.png
8,2,696,modular,0,q,img/target_1.png
8,2,697,modular,9,b,img/target_6.png
8,2,698,modular,6,e,img/target_3.png
8,2,699,modular,5,u,img/target_7.png
8,2,700,modular,4,o,img/target_9.png
8,2,701,modular,5,u,img/target_7.png
8,2,702,modular,8,i,img/target_8.png
8,2,703,modular,9,b,img/target_6.png
8,2,704,modular,8,i,img/target_8.png
8,2,705,modular,7,p,img/target_10.png
8,2,706,modular,9,b,img/target_6.png
8,2,707,modular,7,p,img/target_10.png
8,2,708,modular,9,b,img/target_6.png
8,2,709,modular,0,q,img/target_1.png
8,2,710,modular,9,b,img/target_6.png
8,2,711,modular,8,i,img/target_8.png
8,2,712,modular,5,u,img/target_7.png
8,2,713,modular,8,i,img/target_8.png
8,2,714,modular,9,b,img/target_6.png
8,2,715,modular,7,p,img/target_10.png
8,2,716,modular,6,e,img/target_3.png
8,2,717,modular,9,b,img/target_6.png
8,2,718,modular,0,q,img/target_1.png
8,2,719,modular,1,v,img/target_5.png
8,2,720,modular,0,q,img/target_1.png
8,2,721,modular,1,v,img/target_5.png
8,2,722,modular,3,w,img/target_2.png
8,2,723,modular,2,r,img/target_4.png
8,2,724,modular,3,w,img/target_2.png
8,2,725,modular,0,q,img/target_1.png
8,2,726,modular,3,w,img/target_2.png
8,2,727,modular,0,q,img/target_1.png
8,2,728,modular,9,b,img/target_6.png
8,2,729,modular,0,q,img/target_1.png
8,2,730,modular,2,r,img/target_4.png
8,2,731,modular,0,q,img/target_1.png
8,2,732,modular,9,b,img/target_6.png
8,2,733,modular,0,q,img/target_1.png
8,2,734,modular,1,v,img/target_5.png
8,2,735,modular,2,r,img/target_4.png
8,2,736,modular,3,w,img/target_2.png
8,2,737,modular,4,o,img/target_9.png
8,2,738,modular,3,w,img/target_2.png
8,2,739,modular,0,q,img/target_1.png
8,2,740,modular,9,b,img/target_6.png
8,2,741,modular,7,p,img/target_10.png
8,2,742,modular,5,u,img/target_7.png
8,2,743,modular,8,i,img/target_8.png
8,2,744,modular,5,u,img/target_7.png
8,2,745,modular,6,e,img/target_3.png
8,2,746,modular,9,b,img/target_6.png
8,2,747,modular,0,q,img/target_1.png
8,2,748,modular,9,b,img/target_6.png
8,2,749,modular,6,e,img/target_3.png
8,2,750,modular,9,b,img/target_6.png
8,2,751,modular,8,i,img/target_8.png
8,2,752,modular,6,e,img/target_3.png
8,2,753,modular,5,u,img/target_7.png
8,2,754,modular,8,i,img/target_8.png
8,2,755,modular,9,b,img/target_6.png
8,2,756,modular,0,q,img/target_1.png
8,2,757,modular,3,w,img/target_2.png
8,2,758,modular,0,q,img/target_1.png
8,2,759,modular,9,b,img/target_6.png
8,2,760,modular,8,i,img/target_8.png
8,2,761,modular,9,b,img/target_6.png
8,2,762,modular,7,p,img/target_10.png
8,2,763,modular,8,i,img/target_8.png
8,2,764,modular,5,u,img/target_7.png
8,2,765,modular,6,e,img/target_3.png
8,2,766,modular,5,u,img/target_7.png
8,2,767,modular,4,o,img/target_9.png
8,2,768,modular,2,r,img/target_4.png
8,2,769,modular,0,q,img/target_1.png
8,2,770,modular,9,b,img/target_6.png
8,2,771,modular,7,p,img/target_10.png
8,2,772,modular,6,e,img/target_3.png
8,2,773,modular,7,p,img/target_10.png
8,2,774,modular,5,u,img/target_7.png
8,2,775,modular,7,p,img/target_10.png
8,2,776,modular,9,b,img/target_6.png
8,2,777,modular,0,q,img/target_1.png
8,2,778,modular,3,w,img/target_2.png
8,2,779,modular,0,q,img/target_1.png
8,2,780,modular,1,v,img/target_5.png
8,2,781,modular,4,o,img/target_9.png
8,2,782,modular,3,w,img/target_2.png
8,2,783,modular,0,q,img/target_1.png
8,2,784,modular,1,v,img/target_5.png
8,2,785,modular,3,w,img/target_2.png
8,2,786,modular,2,r,img/target_4.png
8,2,787,modular,3,w,img/target_2.png
8,2,788,modular,2,r,img/target_4.png
8,2,789,modular,0,q,img/target_1.png
8,2,790,modular,3,w,img/target_2.png
8,2,791,modular,1,v,img/target_5.png
8,2,792,modular,0,q,img/target_1.png
8,2,793,modular,9,b,img/target_6.png
8,2,794,modular,8,i,img/target_8.png
8,2,795,modular,9,b,img/target_6.png
8,2,796,modular,7,p,img/target_10.png
8,2,797,modular,8,i,img/target_8.png
8,2,798,modular,5,u,img/target_7.png
8,2,799,modular,7,p,img/target_10.png
8,2,800,modular,5,u,img/target_7.png
8,2,801,modular,4,o,img/target_9.png
8,2,802,modular,3,w,img/target_2.png
8,2,803,modular,1,v,img/target_5.png
8,2,804,modular,0,q,img/target_1.png
8,2,805,modular,1,v,img/target_5.png
8,2,806,modular,4,o,img/target_9.png
8,2,807,modular,2,r,img/target_4.png
8,2,808,modular,3,w,img/target_2.png
8,2,809,modular,1,v,img/target_5.png
8,2,810,modular,3,w,img/target_2.png
8,2,811,modular,2,r,img/target_4.png
8,2,812,modular,4,o,img/target_9.png
8,2,813,modular,3,w,img/target_2.png
8,2,814,modular,1,v,img/target_5.png
8,2,815,modular,4,o,img/target_9.png
8,2,816,modular,5,u,img/target_7.png
8,2,817,modular,6,e,img/target_3.png
8,2,818,modular,5,u,img/target_7.png
8,2,819,modular,4,o,img/target_9.png
8,2,820,modular,2,r,img/target_4.png
8,2,821,modular,4,o,img/target_9.png
8,2,822,modular,5,u,img/target_7.png
8,2,823,modular,8,i,img/target_8.png
8,2,824,modular,6,e,img/target_3.png
8,2,825,modular,9,b,img/target_6.png
8,2,826,modular,0,q,img/target_1.png
8,2,827,modular,3,w,img/target_2.png
8,2,828,modular,4,o,img/target_9.png
8,2,829,modular,2,r,img/target_4.png
8,2,830,modular,3,w,img/target_2.png
8,2,831,modular,2,r,img/target_4.png
8,2,832,modular,4,o,img/target_9.png
8,2,833,modular,5,u,img/target_7.png
8,2,834,modular,4,o,img/target_9.png
8,2,835,modular,1,v,img/target_5.png
8,2,836,modular,2,r,img/target_4.png
8,2,837,modular,4,o,img/target_9.png
8,2,838,modular,3,w,img/target_2.png
8,2,839,modular,1,v,img/target_5.png
8,2,840,modular,3,w,img/target_2.png
8,2,841,modular,1,v,img/target_5.png
8,2,842,modular,2,r,img/target_4.png
8,2,843,modular,0,q,img/target_1.png
8,2,844,modular,3,w,img/target_2.png
8,2,845,modular,0,q,img/target_1.png
8,2,846,modular,1,v,img/target_5.png
8,2,847,modular,0,q,img/target_1.png
8,2,848,modular,9,b,img/target_6.png
8,2,849,modular,0,q,img/target_1.png
8,2,850,modular,9,b,img/target_6.png
8,2,851,modular,0,q,img/target_1.png
8,2,852,modular,9,b,img/target_6.png
8,2,853,modular,7,p,img/target_10.png
8,2,854,modular,6,e,img/target_3.png
8,2,855,modular,7,p,img/target_10.png
8,2,856,modular,6,e,img/target_3.png
8,2,857,modular,8,i,img/target_8.png
8,2,858,modular,5,u,img/target_7.png
8,2,859,modular,8,i,img/target_8.png
8,2,860,modular,5,u,img/target_7.png
8,2,861,modular,6,e,img/target_3.png
8,2,862,modular,7,p,img/target_10.png
8,2,863,modular,9,b,img/target_6.png
8,2,864,modular,0,q,img/target_1.png
8,2,865,modular,3,w,img/target_2.png
8,2,866,modular,0,q,img/target_1.png
8,2,867,modular,1,v,img/target_5.png
8,2,868,modular,3,w,img/target_2.png
8,2,869,modular,2,r,img/target_4.png
8,2,870,modular,3,w,img/target_2.png
8,2,871,modular,4,o,img/target_9.png
8,2,872,modular,5,u,img/target_7.png
8,2,873,modular,8,i,img/target_8.png
8,2,874,modular,6,e,img/target_3.png
8,2,875,modular,9,b,img/target_6.png
8,2,876,modular,6,e,img/target_3.png
8,2,877,modular,7,p,img/target_10.png
8,2,878,modular,6,e,img/target_3.png
8,2,879,modular,5,u,img/target_7.png
8,2,880,modular,8,i,img/target_8.png
8,2,881,modular,6,e,img/target_3.png
8,2,882,modular,8,i,img/target_8.png
8,2,883,modular,6,e,img/target_3.png
8,2,884,modular,5,u,img/target_7.png
8,2,885,modular,8,i,img/target_8.png
8,2,886,modular,7,p,img/target_10.png
8,2,887,modular,9,b,img/target_6.png
8,2,888,modular,6,e,img/target_3.png
8,2,889,modular,9,b,img/target_6.png
8,2,890,modular,6,e,img/target_3.png
8,2,891,modular,5,u,img/target_7.png
8,2,892,modular,7,p,img/target_10.png
8,2,893,modular,9,b,img/target_6.png
8,2,894,modular,7,p,img/target_10.png
8,2,895,modular,9,b,img/target_6.png
8,2,896,modular,6,e,img/target_3.png
8,2,897,modular,7,p,img/target_10.png
8,2,898,modular,8,i,img/target_8.png
8,2,899,modular,7,p,img/target_10.png
8,2,900,modular,6,e,img/target_3.png
8,2,901,modular,8,i,img/target_8.png
8,2,902,modular,7,p,img/target_10.png
8,2,903,modular,9,b,img/target_6.png
8,2,904,modular,7,p,img/target_10.png
8,2,905,modular,8,i,img/target_8.png
8,2,906,modular,5,u,img/target_7.png
8,2,907,modular,7,p,img/target_10.png
8,2,908,modular,8,i,img/target_8.png
8,2,909,modular,7,p,img/target_10.png
8,2,910,modular,5,u,img/target_7.png
8,2,911,modular,6,e,img/target_3.png
8,2,912,modular,9,b,img/target_6.png
8,2,913,modular,0,q,img/target_1.png
8,2,914,modular,9,b,img/target_6.png
8,2,915,modular,8,i,img/target_8.png
8,2,916,modular,9,b,img/target_6.png
8,2,917,modular,6,e,img/target_3.png
8,2,918,modular,9,b,img/target_6.png
8,2,919,modular,0,q,img/target_1.png
8,2,920,modular,3,w,img/target_2.png
8,2,921,modular,0,q,img/target_1.png
8,2,922,modular,3,w,img/target_2.png
8,2,923,modular,0,q,img/target_1.png
8,2,924,modular,1,v,img/target_5.png
8,2,925,modular,2,r,img/target_4.png
8,2,926,modular,4,o,img/target_9.png
8,2,927,modular,5,u,img/target_7.png
8,2,928,modular,8,i,img/target_8.png
8,2,929,modular,5,u,img/target_7.png
8,2,930,modular,6,e,img/target_3.png
8,2,931,modular,7,p,img/target_10.png
8,2,932,modular,6,e,img/target_3.png
8,2,933,modular,8,i,img/target_8.png
8,2,934,modular,5,u,img/target_7.png
8,2,935,modular,7,p,img/target_10.png
8,2,936,modular,5,u,img/target_7.png
8,2,937,modular,6,e,img/target_3.png
8,2,938,modular,7,p,img/target_10.png
8,2,939,modular,5,u,img/target_7.png
8,2,940,modular,8,i,img/target_8.png
8,2,941,modular,7,p,img/target_10.png
8,2,942,modular,9,b,img/target_6.png
8,2,943,modular,8,i,img/target_8.png
8,2,944,modular,6,e,img/target_3.png
8,2,945,modular,7,p,img/target_10.png
8,2,946,modular,9,b,img/target_6.png
8,2,947,modular,0,q,img/target_1.png
8,2,948,modular,9,b,img/target_6.png
8,2,949,modular,0,q,img/target_1.png
8,2,950,modular,1,v,img/target_5.png
8,2,951,modular,3,w,img/target_2.png
8,2,952,modular,2,r,img/target_4.png
8,2,953,modular,1,v,img/target_5.png
8,2,954,modular,2,r,img/target_4.png
8,2,955,modular,3,w,img/target_2.png
8,2,956,modular,0,q,img/target_1.png
8,2,957,modular,3,w,img/target_2.png
8,2,958,modular,2,r,img/target_4.png
8,2,959,modular,4,o,img/target_9.png
8,2,960,modular,1,v,img/target_5.png
8,2,961,modular,3,w,img/target_2.png
8,2,962,modular,0,q,img/target_1.png
8,2,963,modular,3,w,img/target_2.png
8,2,964,modular,1,v,img/target_5.png
8,2,965,modular,0,q,img/target_1.png
8,2,966,modular,1,v,img/target_5.png
8,2,967,modular,0,q,img/target_1.png
8,2,968,modular,2,r,img/target_4.png
8,2,969,modular,1,v,img/target_5.png
8,2,970,modular,2,r,img/target_4.png
8,2,971,modular,0,q,img/target_1.png
8,2,972,modular,9,b,img/target_6.png
8,2,973,modular,7,p,img/target_10.png
8,2,974,modular,6,e,img/target_3.png
8,2,975,modular,7,p,img/target_10.png
8,2,976,modular,5,u,img/target_7.png
8,2,977,modular,6,e,img/target_3.png
8,2,978,modular,8,i,img/target_8.png
8,2,979,modular,7,p,img/target_10.png
8,2,980,modular,6,e,img/target_3.png
8,2,981,modular,7,p,img/target_10.png
8,2,982,modular,8,i,img/target_8.png
8,2,983,modular,6,e,img/target_3.png
8,2,984,modular,9,b,img/target_6.png
8,2,985,modular,7,p,img/target_10.png
8,2,986,modular,6,e,img/target_3.png
8,2,987,modular,9,b,img/target_6.png
8,2,988,modular,6,e,img/target_3.png
8,2,989,modular,5,u,img/target_7.png
8,2,990,modular,8,i,img/target_8.png
8,2,991,modular,7,p,img/target_10.png
8,2,992,modular,9,b,img/target_6.png
8,2,993,modular,8,i,img/target_8.png
8,2,994,modular,6,e,img/target_3.png
8,2,995,modular,5,u,img/target_7.png
8,2,996,modular,7,p,img/target_10.png
8,2,997,modular,9,b,img/target_6.png
8,2,998,modular,7,p,img/target_10.png
8,2,999,modular,5,u,img/target_7.png
8,2,1000,modular,4,o,img/target_9.png
