pID,trialNum,graph,walk,resp,path
14,1,modular,8,u,img/target_7.png
14,2,modular,5,w,img/target_2.png
14,3,modular,6,e,img/target_3.png
14,4,modular,5,w,img/target_2.png
14,5,modular,4,q,img/target_1.png
14,6,modular,2,o,img/target_9.png
14,7,modular,0,p,img/target_10.png
14,8,modular,3,b,img/target_6.png
14,9,modular,4,q,img/target_1.png
14,10,modular,3,b,img/target_6.png
14,11,modular,4,q,img/target_1.png
14,12,modular,2,o,img/target_9.png
14,13,modular,1,i,img/target_8.png
14,14,modular,4,q,img/target_1.png
14,15,modular,1,i,img/target_8.png
14,16,modular,3,b,img/target_6.png
14,17,modular,1,i,img/target_8.png
14,18,modular,3,b,img/target_6.png
14,19,modular,0,p,img/target_10.png
14,20,modular,9,r,img/target_4.png
14,21,modular,6,e,img/target_3.png
14,22,modular,7,v,img/target_5.png
14,23,modular,8,u,img/target_7.png
14,24,modular,7,v,img/target_5.png
14,25,modular,6,e,img/target_3.png
14,26,modular,7,v,img/target_5.png
14,27,modular,6,e,img/target_3.png
14,28,modular,8,u,img/target_7.png
14,29,modular,5,w,img/target_2.png
14,30,modular,6,e,img/target_3.png
14,31,modular,8,u,img/target_7.png
14,32,modular,9,r,img/target_4.png
14,33,modular,6,e,img/target_3.png
14,34,modular,7,v,img/target_5.png
14,35,modular,6,e,img/target_3.png
14,36,modular,9,r,img/target_4.png
14,37,modular,8,u,img/target_7.png
14,38,modular,7,v,img/target_5.png
14,39,modular,5,w,img/target_2.png
14,40,modular,7,v,img/target_5.png
14,41,modular,9,r,img/target_4.png
14,42,modular,7,v,img/target_5.png
14,43,modular,8,u,img/target_7.png
14,44,modular,5,w,img/target_2.png
14,45,modular,6,e,img/target_3.png
14,46,modular,9,r,img/target_4.png
14,47,modular,8,u,img/target_7.png
14,48,modular,6,e,img/target_3.png
14,49,modular,5,w,img/target_2.png
14,50,modular,8,u,img/target_7.png
14,51,modular,7,v,img/target_5.png
14,52,modular,6,e,img/target_3.png
14,53,modular,7,v,img/target_5.png
14,54,modular,5,w,img/target_2.png
14,55,modular,6,e,img/target_3.png
14,56,modular,5,w,img/target_2.png
14,57,modular,8,u,img/target_7.png
14,58,modular,5,w,img/target_2.png
14,59,modular,4,q,img/target_1.png
14,60,modular,2,o,img/target_9.png
14,61,modular,3,b,img/target_6.png
14,62,modular,1,i,img/target_8.png
14,63,modular,2,o,img/target_9.png
14,64,modular,0,p,img/target_10.png
14,65,modular,2,o,img/target_9.png
14,66,modular,3,b,img/target_6.png
14,67,modular,2,o,img/target_9.png
14,68,modular,4,q,img/target_1.png
14,69,modular,2,o,img/target_9.png
14,70,modular,4,q,img/target_1.png
14,71,modular,2,o,img/target_9.png
14,72,modular,1,i,img/target_8.png
14,73,modular,3,b,img/target_6.png
14,74,modular,4,q,img/target_1.png
14,75,modular,1,i,img/target_8.png
14,76,modular,4,q,img/target_1.png
14,77,modular,3,b,img/target_6.png
14,78,modular,1,i,img/target_8.png
14,79,modular,0,p,img/target_10.png
14,80,modular,2,o,img/target_9.png
14,81,modular,1,i,img/target_8.png
14,82,modular,4,q,img/target_1.png
14,83,modular,2,o,img/target_9.png
14,84,modular,3,b,img/target_6.png
14,85,modular,0,p,img/target_10.png
14,86,modular,1,i,img/target_8.png
14,87,modular,4,q,img/target_1.png
14,88,modular,3,b,img/target_6.png
14,89,modular,1,i,img/target_8.png
14,90,modular,2,o,img/target_9.png
14,91,modular,3,b,img/target_6.png
14,92,modular,0,p,img/target_10.png
14,93,modular,9,r,img/target_4.png
14,94,modular,7,v,img/target_5.png
14,95,modular,6,e,img/target_3.png
14,96,modular,7,v,img/target_5.png
14,97,modular,5,w,img/target_2.png
14,98,modular,8,u,img/target_7.png
14,99,modular,6,e,img/target_3.png
14,100,modular,9,r,img/target_4.png
14,101,modular,0,p,img/target_10.png
14,102,modular,3,b,img/target_6.png
14,103,modular,0,p,img/target_10.png
14,104,modular,2,o,img/target_9.png
14,105,modular,1,i,img/target_8.png
14,106,modular,0,p,img/target_10.png
14,107,modular,2,o,img/target_9.png
14,108,modular,1,i,img/target_8.png
14,109,modular,2,o,img/target_9.png
14,110,modular,4,q,img/target_1.png
14,111,modular,3,b,img/target_6.png
14,112,modular,4,q,img/target_1.png
14,113,modular,2,o,img/target_9.png
14,114,modular,0,p,img/target_10.png
14,115,modular,9,r,img/target_4.png
14,116,modular,7,v,img/target_5.png
14,117,modular,9,r,img/target_4.png
14,118,modular,6,e,img/target_3.png
14,119,modular,7,v,img/target_5.png
14,120,modular,5,w,img/target_2.png
14,121,modular,4,q,img/target_1.png
14,122,modular,1,i,img/target_8.png
14,123,modular,3,b,img/target_6.png
14,124,modular,4,q,img/target_1.png
14,125,modular,5,w,img/target_2.png
14,126,modular,8,u,img/target_7.png
14,127,modular,7,v,img/target_5.png
14,128,modular,9,r,img/target_4.png
14,129,modular,7,v,img/target_5.png
14,130,modular,8,u,img/target_7.png
14,131,modular,5,w,img/target_2.png
14,132,modular,6,e,img/target_3.png
14,133,modular,7,v,img/target_5.png
14,134,modular,8,u,img/target_7.png
14,135,modular,9,r,img/target_4.png
14,136,modular,7,v,img/target_5.png
14,137,modular,8,u,img/target_7.png
14,138,modular,6,e,img/target_3.png
14,139,modular,8,u,img/target_7.png
14,140,modular,5,w,img/target_2.png
14,141,modular,4,q,img/target_1.png
14,142,modular,1,i,img/target_8.png
14,143,modular,4,q,img/target_1.png
14,144,modular,1,i,img/target_8.png
14,145,modular,3,b,img/target_6.png
14,146,modular,2,o,img/target_9.png
14,147,modular,4,q,img/target_1.png
14,148,modular,3,b,img/target_6.png
14,149,modular,1,i,img/target_8.png
14,150,modular,3,b,img/target_6.png
14,151,modular,4,q,img/target_1.png
14,152,modular,5,w,img/target_2.png
14,153,modular,6,e,img/target_3.png
14,154,modular,7,v,img/target_5.png
14,155,modular,9,r,img/target_4.png
14,156,modular,0,p,img/target_10.png
14,157,modular,1,i,img/target_8.png
14,158,modular,3,b,img/target_6.png
14,159,modular,2,o,img/target_9.png
14,160,modular,3,b,img/target_6.png
14,161,modular,4,q,img/target_1.png
14,162,modular,3,b,img/target_6.png
14,163,modular,2,o,img/target_9.png
14,164,modular,1,i,img/target_8.png
14,165,modular,2,o,img/target_9.png
14,166,modular,1,i,img/target_8.png
14,167,modular,2,o,img/target_9.png
14,168,modular,3,b,img/target_6.png
14,169,modular,4,q,img/target_1.png
14,170,modular,1,i,img/target_8.png
14,171,modular,2,o,img/target_9.png
14,172,modular,1,i,img/target_8.png
14,173,modular,2,o,img/target_9.png
14,174,modular,1,i,img/target_8.png
14,175,modular,2,o,img/target_9.png
14,176,modular,0,p,img/target_10.png
14,177,modular,1,i,img/target_8.png
14,178,modular,2,o,img/target_9.png
14,179,modular,1,i,img/target_8.png
14,180,modular,3,b,img/target_6.png
14,181,modular,0,p,img/target_10.png
14,182,modular,9,r,img/target_4.png
14,183,modular,6,e,img/target_3.png
14,184,modular,5,w,img/target_2.png
14,185,modular,8,u,img/target_7.png
14,186,modular,9,r,img/target_4.png
14,187,modular,6,e,img/target_3.png
14,188,modular,5,w,img/target_2.png
14,189,modular,7,v,img/target_5.png
14,190,modular,6,e,img/target_3.png
14,191,modular,5,w,img/target_2.png
14,192,modular,8,u,img/target_7.png
14,193,modular,5,w,img/target_2.png
14,194,modular,6,e,img/target_3.png
14,195,modular,7,v,img/target_5.png
14,196,modular,8,u,img/target_7.png
14,197,modular,6,e,img/target_3.png
14,198,modular,8,u,img/target_7.png
14,199,modular,5,w,img/target_2.png
14,200,modular,6,e,img/target_3.png
14,201,modular,5,w,img/target_2.png
14,202,modular,6,e,img/target_3.png
14,203,modular,8,u,img/target_7.png
14,204,modular,9,r,img/target_4.png
14,205,modular,8,u,img/target_7.png
14,206,modular,9,r,img/target_4.png
14,207,modular,8,u,img/target_7.png
14,208,modular,5,w,img/target_2.png
14,209,modular,4,q,img/target_1.png
14,210,modular,5,w,img/target_2.png
14,211,modular,6,e,img/target_3.png
14,212,modular,8,u,img/target_7.png
14,213,modular,7,v,img/target_5.png
14,214,modular,9,r,img/target_4.png
14,215,modular,0,p,img/target_10.png
14,216,modular,2,o,img/target_9.png
14,217,modular,1,i,img/target_8.png
14,218,modular,0,p,img/target_10.png
14,219,modular,3,b,img/target_6.png
14,220,modular,1,i,img/target_8.png
14,221,modular,0,p,img/target_10.png
14,222,modular,1,i,img/target_8.png
14,223,modular,0,p,img/target_10.png
14,224,modular,2,o,img/target_9.png
14,225,modular,4,q,img/target_1.png
14,226,modular,1,i,img/target_8.png
14,227,modular,2,o,img/target_9.png
14,228,modular,1,i,img/target_8.png
14,229,modular,4,q,img/target_1.png
14,230,modular,5,w,img/target_2.png
14,231,modular,8,u,img/target_7.png
14,232,modular,7,v,img/target_5.png
14,233,modular,9,r,img/target_4.png
14,234,modular,7,v,img/target_5.png
14,235,modular,5,w,img/target_2.png
14,236,modular,8,u,img/target_7.png
14,237,modular,6,e,img/target_3.png
14,238,modular,8,u,img/target_7.png
14,239,modular,9,r,img/target_4.png
14,240,modular,0,p,img/target_10.png
14,241,modular,1,i,img/target_8.png
14,242,modular,3,b,img/target_6.png
14,243,modular,4,q,img/target_1.png
14,244,modular,2,o,img/target_9.png
14,245,modular,3,b,img/target_6.png
14,246,modular,2,o,img/target_9.png
14,247,modular,4,q,img/target_1.png
14,248,modular,1,i,img/target_8.png
14,249,modular,4,q,img/target_1.png
14,250,modular,3,b,img/target_6.png
14,251,modular,1,i,img/target_8.png
14,252,modular,2,o,img/target_9.png
14,253,modular,1,i,img/target_8.png
14,254,modular,4,q,img/target_1.png
14,255,modular,2,o,img/target_9.png
14,256,modular,1,i,img/target_8.png
14,257,modular,4,q,img/target_1.png
14,258,modular,2,o,img/target_9.png
14,259,modular,3,b,img/target_6.png
14,260,modular,1,i,img/target_8.png
14,261,modular,0,p,img/target_10.png
14,262,modular,2,o,img/target_9.png
14,263,modular,3,b,img/target_6.png
14,264,modular,0,p,img/target_10.png
14,265,modular,3,b,img/target_6.png
14,266,modular,2,o,img/target_9.png
14,267,modular,1,i,img/target_8.png
14,268,modular,2,o,img/target_9.png
14,269,modular,0,p,img/target_10.png
14,270,modular,3,b,img/target_6.png
14,271,modular,2,o,img/target_9.png
14,272,modular,4,q,img/target_1.png
14,273,modular,2,o,img/target_9.png
14,274,modular,1,i,img/target_8.png
14,275,modular,3,b,img/target_6.png
14,276,modular,1,i,img/target_8.png
14,277,modular,3,b,img/target_6.png
14,278,modular,0,p,img/target_10.png
14,279,modular,1,i,img/target_8.png
14,280,modular,0,p,img/target_10.png
14,281,modular,1,i,img/target_8.png
14,282,modular,0,p,img/target_10.png
14,283,modular,3,b,img/target_6.png
14,284,modular,1,i,img/target_8.png
14,285,modular,4,q,img/target_1.png
14,286,modular,1,i,img/target_8.png
14,287,modular,3,b,img/target_6.png
14,288,modular,0,p,img/target_10.png
14,289,modular,3,b,img/target_6.png
14,290,modular,4,q,img/target_1.png
14,291,modular,3,b,img/target_6.png
14,292,modular,0,p,img/target_10.png
14,293,modular,9,r,img/target_4.png
14,294,modular,8,u,img/target_7.png
14,295,modular,6,e,img/target_3.png
14,296,modular,9,r,img/target_4.png
14,297,modular,0,p,img/target_10.png
14,298,modular,1,i,img/target_8.png
14,299,modular,3,b,img/target_6.png
14,300,modular,1,i,img/target_8.png
14,301,modular,3,b,img/target_6.png
14,302,modular,4,q,img/target_1.png
14,303,modular,1,i,img/target_8.png
14,304,modular,4,q,img/target_1.png
14,305,modular,3,b,img/target_6.png
14,306,modular,0,p,img/target_10.png
14,307,modular,3,b,img/target_6.png
14,308,modular,1,i,img/target_8.png
14,309,modular,4,q,img/target_1.png
14,310,modular,3,b,img/target_6.png
14,311,modular,0,p,img/target_10.png
14,312,modular,1,i,img/target_8.png
14,313,modular,3,b,img/target_6.png
14,314,modular,1,i,img/target_8.png
14,315,modular,0,p,img/target_10.png
14,316,modular,2,o,img/target_9.png
14,317,modular,1,i,img/target_8.png
14,318,modular,4,q,img/target_1.png
14,319,modular,5,w,img/target_2.png
14,320,modular,4,q,img/target_1.png
14,321,modular,2,o,img/target_9.png
14,322,modular,3,b,img/target_6.png
14,323,modular,0,p,img/target_10.png
14,324,modular,3,b,img/target_6.png
14,325,modular,4,q,img/target_1.png
14,326,modular,5,w,img/target_2.png
14,327,modular,8,u,img/target_7.png
14,328,modular,7,v,img/target_5.png
14,329,modular,9,r,img/target_4.png
14,330,modular,0,p,img/target_10.png
14,331,modular,1,i,img/target_8.png
14,332,modular,2,o,img/target_9.png
14,333,modular,1,i,img/target_8.png
14,334,modular,2,o,img/target_9.png
14,335,modular,3,b,img/target_6.png
14,336,modular,2,o,img/target_9.png
14,337,modular,3,b,img/target_6.png
14,338,modular,2,o,img/target_9.png
14,339,modular,3,b,img/target_6.png
14,340,modular,1,i,img/target_8.png
14,341,modular,3,b,img/target_6.png
14,342,modular,0,p,img/target_10.png
14,343,modular,1,i,img/target_8.png
14,344,modular,0,p,img/target_10.png
14,345,modular,3,b,img/target_6.png
14,346,modular,2,o,img/target_9.png
14,347,modular,0,p,img/target_10.png
14,348,modular,9,r,img/target_4.png
14,349,modular,7,v,img/target_5.png
14,350,modular,9,r,img/target_4.png
14,351,modular,7,v,img/target_5.png
14,352,modular,9,r,img/target_4.png
14,353,modular,6,e,img/target_3.png
14,354,modular,8,u,img/target_7.png
14,355,modular,7,v,img/target_5.png
14,356,modular,9,r,img/target_4.png
14,357,modular,0,p,img/target_10.png
14,358,modular,2,o,img/target_9.png
14,359,modular,3,b,img/target_6.png
14,360,modular,4,q,img/target_1.png
14,361,modular,5,w,img/target_2.png
14,362,modular,6,e,img/target_3.png
14,363,modular,7,v,img/target_5.png
14,364,modular,9,r,img/target_4.png
14,365,modular,0,p,img/target_10.png
14,366,modular,3,b,img/target_6.png
14,367,modular,0,p,img/target_10.png
14,368,modular,2,o,img/target_9.png
14,369,modular,1,i,img/target_8.png
14,370,modular,4,q,img/target_1.png
14,371,modular,1,i,img/target_8.png
14,372,modular,4,q,img/target_1.png
14,373,modular,2,o,img/target_9.png
14,374,modular,3,b,img/target_6.png
14,375,modular,2,o,img/target_9.png
14,376,modular,4,q,img/target_1.png
14,377,modular,1,i,img/target_8.png
14,378,modular,0,p,img/target_10.png
14,379,modular,3,b,img/target_6.png
14,380,modular,1,i,img/target_8.png
14,381,modular,2,o,img/target_9.png
14,382,modular,3,b,img/target_6.png
14,383,modular,0,p,img/target_10.png
14,384,modular,3,b,img/target_6.png
14,385,modular,1,i,img/target_8.png
14,386,modular,2,o,img/target_9.png
14,387,modular,0,p,img/target_10.png
14,388,modular,1,i,img/target_8.png
14,389,modular,2,o,img/target_9.png
14,390,modular,3,b,img/target_6.png
14,391,modular,4,q,img/target_1.png
14,392,modular,1,i,img/target_8.png
14,393,modular,2,o,img/target_9.png
14,394,modular,4,q,img/target_1.png
14,395,modular,3,b,img/target_6.png
14,396,modular,1,i,img/target_8.png
14,397,modular,0,p,img/target_10.png
14,398,modular,2,o,img/target_9.png
14,399,modular,3,b,img/target_6.png
14,400,modular,4,q,img/target_1.png
14,401,modular,5,w,img/target_2.png
14,402,modular,8,u,img/target_7.png
14,403,modular,9,r,img/target_4.png
14,404,modular,8,u,img/target_7.png
14,405,modular,9,r,img/target_4.png
14,406,modular,7,v,img/target_5.png
14,407,modular,6,e,img/target_3.png
14,408,modular,9,r,img/target_4.png
14,409,modular,7,v,img/target_5.png
14,410,modular,9,r,img/target_4.png
14,411,modular,0,p,img/target_10.png
14,412,modular,9,r,img/target_4.png
14,413,modular,0,p,img/target_10.png
14,414,modular,1,i,img/target_8.png
14,415,modular,0,p,img/target_10.png
14,416,modular,9,r,img/target_4.png
14,417,modular,7,v,img/target_5.png
14,418,modular,5,w,img/target_2.png
14,419,modular,4,q,img/target_1.png
14,420,modular,5,w,img/target_2.png
14,421,modular,4,q,img/target_1.png
14,422,modular,2,o,img/target_9.png
14,423,modular,0,p,img/target_10.png
14,424,modular,2,o,img/target_9.png
14,425,modular,3,b,img/target_6.png
14,426,modular,0,p,img/target_10.png
14,427,modular,9,r,img/target_4.png
14,428,modular,7,v,img/target_5.png
14,429,modular,9,r,img/target_4.png
14,430,modular,0,p,img/target_10.png
14,431,modular,3,b,img/target_6.png
14,432,modular,0,p,img/target_10.png
14,433,modular,1,i,img/target_8.png
14,434,modular,2,o,img/target_9.png
14,435,modular,1,i,img/target_8.png
14,436,modular,2,o,img/target_9.png
14,437,modular,4,q,img/target_1.png
14,438,modular,1,i,img/target_8.png
14,439,modular,3,b,img/target_6.png
14,440,modular,1,i,img/target_8.png
14,441,modular,0,p,img/target_10.png
14,442,modular,3,b,img/target_6.png
14,443,modular,1,i,img/target_8.png
14,444,modular,2,o,img/target_9.png
14,445,modular,1,i,img/target_8.png
14,446,modular,0,p,img/target_10.png
14,447,modular,9,r,img/target_4.png
14,448,modular,6,e,img/target_3.png
14,449,modular,7,v,img/target_5.png
14,450,modular,9,r,img/target_4.png
14,451,modular,8,u,img/target_7.png
14,452,modular,7,v,img/target_5.png
14,453,modular,9,r,img/target_4.png
14,454,modular,7,v,img/target_5.png
14,455,modular,6,e,img/target_3.png
14,456,modular,8,u,img/target_7.png
14,457,modular,9,r,img/target_4.png
14,458,modular,7,v,img/target_5.png
14,459,modular,6,e,img/target_3.png
14,460,modular,8,u,img/target_7.png
14,461,modular,7,v,img/target_5.png
14,462,modular,8,u,img/target_7.png
14,463,modular,6,e,img/target_3.png
14,464,modular,7,v,img/target_5.png
14,465,modular,6,e,img/target_3.png
14,466,modular,5,w,img/target_2.png
14,467,modular,4,q,img/target_1.png
14,468,modular,2,o,img/target_9.png
14,469,modular,4,q,img/target_1.png
14,470,modular,1,i,img/target_8.png
14,471,modular,3,b,img/target_6.png
14,472,modular,0,p,img/target_10.png
14,473,modular,3,b,img/target_6.png
14,474,modular,0,p,img/target_10.png
14,475,modular,3,b,img/target_6.png
14,476,modular,4,q,img/target_1.png
14,477,modular,2,o,img/target_9.png
14,478,modular,1,i,img/target_8.png
14,479,modular,2,o,img/target_9.png
14,480,modular,0,p,img/target_10.png
14,481,modular,3,b,img/target_6.png
14,482,modular,2,o,img/target_9.png
14,483,modular,4,q,img/target_1.png
14,484,modular,1,i,img/target_8.png
14,485,modular,3,b,img/target_6.png
14,486,modular,0,p,img/target_10.png
14,487,modular,1,i,img/target_8.png
14,488,modular,4,q,img/target_1.png
14,489,modular,3,b,img/target_6.png
14,490,modular,2,o,img/target_9.png
14,491,modular,4,q,img/target_1.png
14,492,modular,2,o,img/target_9.png
14,493,modular,4,q,img/target_1.png
14,494,modular,3,b,img/target_6.png
14,495,modular,0,p,img/target_10.png
14,496,modular,1,i,img/target_8.png
14,497,modular,4,q,img/target_1.png
14,498,modular,5,w,img/target_2.png
14,499,modular,8,u,img/target_7.png
14,500,modular,6,e,img/target_3.png
14,501,modular,7,v,img/target_5.png
14,502,modular,8,u,img/target_7.png
14,503,modular,5,w,img/target_2.png
14,504,modular,7,v,img/target_5.png
14,505,modular,5,w,img/target_2.png
14,506,modular,8,u,img/target_7.png
14,507,modular,5,w,img/target_2.png
14,508,modular,8,u,img/target_7.png
14,509,modular,5,w,img/target_2.png
14,510,modular,4,q,img/target_1.png
14,511,modular,1,i,img/target_8.png
14,512,modular,0,p,img/target_10.png
14,513,modular,1,i,img/target_8.png
14,514,modular,4,q,img/target_1.png
14,515,modular,5,w,img/target_2.png
14,516,modular,6,e,img/target_3.png
14,517,modular,7,v,img/target_5.png
14,518,modular,6,e,img/target_3.png
14,519,modular,9,r,img/target_4.png
14,520,modular,0,p,img/target_10.png
14,521,modular,2,o,img/target_9.png
14,522,modular,3,b,img/target_6.png
14,523,modular,2,o,img/target_9.png
14,524,modular,0,p,img/target_10.png
14,525,modular,3,b,img/target_6.png
14,526,modular,1,i,img/target_8.png
14,527,modular,3,b,img/target_6.png
14,528,modular,2,o,img/target_9.png
14,529,modular,4,q,img/target_1.png
14,530,modular,3,b,img/target_6.png
14,531,modular,4,q,img/target_1.png
14,532,modular,1,i,img/target_8.png
14,533,modular,3,b,img/target_6.png
14,534,modular,4,q,img/target_1.png
14,535,modular,5,w,img/target_2.png
14,536,modular,6,e,img/target_3.png
14,537,modular,5,w,img/target_2.png
14,538,modular,4,q,img/target_1.png
14,539,modular,3,b,img/target_6.png
14,540,modular,2,o,img/target_9.png
14,541,modular,1,i,img/target_8.png
14,542,modular,2,o,img/target_9.png
14,543,modular,4,q,img/target_1.png
14,544,modular,3,b,img/target_6.png
14,545,modular,2,o,img/target_9.png
14,546,modular,3,b,img/target_6.png
14,547,modular,4,q,img/target_1.png
14,548,modular,1,i,img/target_8.png
14,549,modular,2,o,img/target_9.png
14,550,modular,0,p,img/target_10.png
14,551,modular,3,b,img/target_6.png
14,552,modular,4,q,img/target_1.png
14,553,modular,5,w,img/target_2.png
14,554,modular,8,u,img/target_7.png
14,555,modular,5,w,img/target_2.png
14,556,modular,8,u,img/target_7.png
14,557,modular,7,v,img/target_5.png
14,558,modular,5,w,img/target_2.png
14,559,modular,8,u,img/target_7.png
14,560,modular,9,r,img/target_4.png
14,561,modular,7,v,img/target_5.png
14,562,modular,8,u,img/target_7.png
14,563,modular,6,e,img/target_3.png
14,564,modular,8,u,img/target_7.png
14,565,modular,5,w,img/target_2.png
14,566,modular,4,q,img/target_1.png
14,567,modular,2,o,img/target_9.png
14,568,modular,3,b,img/target_6.png
14,569,modular,1,i,img/target_8.png
14,570,modular,0,p,img/target_10.png
14,571,modular,9,r,img/target_4.png
14,572,modular,0,p,img/target_10.png
14,573,modular,2,o,img/target_9.png
14,574,modular,0,p,img/target_10.png
14,575,modular,9,r,img/target_4.png
14,576,modular,0,p,img/target_10.png
14,577,modular,3,b,img/target_6.png
14,578,modular,4,q,img/target_1.png
14,579,modular,3,b,img/target_6.png
14,580,modular,2,o,img/target_9.png
14,581,modular,1,i,img/target_8.png
14,582,modular,2,o,img/target_9.png
14,583,modular,1,i,img/target_8.png
14,584,modular,4,q,img/target_1.png
14,585,modular,3,b,img/target_6.png
14,586,modular,0,p,img/target_10.png
14,587,modular,1,i,img/target_8.png
14,588,modular,2,o,img/target_9.png
14,589,modular,3,b,img/target_6.png
14,590,modular,0,p,img/target_10.png
14,591,modular,2,o,img/target_9.png
14,592,modular,0,p,img/target_10.png
14,593,modular,9,r,img/target_4.png
14,594,modular,0,p,img/target_10.png
14,595,modular,9,r,img/target_4.png
14,596,modular,7,v,img/target_5.png
14,597,modular,6,e,img/target_3.png
14,598,modular,9,r,img/target_4.png
14,599,modular,7,v,img/target_5.png
14,600,modular,9,r,img/target_4.png
14,601,modular,7,v,img/target_5.png
14,602,modular,5,w,img/target_2.png
14,603,modular,4,q,img/target_1.png
14,604,modular,5,w,img/target_2.png
14,605,modular,4,q,img/target_1.png
14,606,modular,1,i,img/target_8.png
14,607,modular,0,p,img/target_10.png
14,608,modular,3,b,img/target_6.png
14,609,modular,0,p,img/target_10.png
14,610,modular,1,i,img/target_8.png
14,611,modular,2,o,img/target_9.png
14,612,modular,3,b,img/target_6.png
14,613,modular,0,p,img/target_10.png
14,614,modular,3,b,img/target_6.png
14,615,modular,0,p,img/target_10.png
14,616,modular,2,o,img/target_9.png
14,617,modular,0,p,img/target_10.png
14,618,modular,9,r,img/target_4.png
14,619,modular,7,v,img/target_5.png
14,620,modular,8,u,img/target_7.png
14,621,modular,7,v,img/target_5.png
14,622,modular,8,u,img/target_7.png
14,623,modular,7,v,img/target_5.png
14,624,modular,9,r,img/target_4.png
14,625,modular,8,u,img/target_7.png
14,626,modular,6,e,img/target_3.png
14,627,modular,8,u,img/target_7.png
14,628,modular,7,v,img/target_5.png
14,629,modular,6,e,img/target_3.png
14,630,modular,9,r,img/target_4.png
14,631,modular,8,u,img/target_7.png
14,632,modular,5,w,img/target_2.png
14,633,modular,6,e,img/target_3.png
14,634,modular,8,u,img/target_7.png
14,635,modular,5,w,img/target_2.png
14,636,modular,8,u,img/target_7.png
14,637,modular,5,w,img/target_2.png
14,638,modular,4,q,img/target_1.png
14,639,modular,3,b,img/target_6.png
14,640,modular,4,q,img/target_1.png
14,641,modular,5,w,img/target_2.png
14,642,modular,4,q,img/target_1.png
14,643,modular,2,o,img/target_9.png
14,644,modular,0,p,img/target_10.png
14,645,modular,1,i,img/target_8.png
14,646,modular,4,q,img/target_1.png
14,647,modular,1,i,img/target_8.png
14,648,modular,3,b,img/target_6.png
14,649,modular,2,o,img/target_9.png
14,650,modular,0,p,img/target_10.png
14,651,modular,9,r,img/target_4.png
14,652,modular,0,p,img/target_10.png
14,653,modular,3,b,img/target_6.png
14,654,modular,0,p,img/target_10.png
14,655,modular,2,o,img/target_9.png
14,656,modular,3,b,img/target_6.png
14,657,modular,4,q,img/target_1.png
14,658,modular,3,b,img/target_6.png
14,659,modular,2,o,img/target_9.png
14,660,modular,0,p,img/target_10.png
14,661,modular,1,i,img/target_8.png
14,662,modular,3,b,img/target_6.png
14,663,modular,0,p,img/target_10.png
14,664,modular,3,b,img/target_6.png
14,665,modular,4,q,img/target_1.png
14,666,modular,1,i,img/target_8.png
14,667,modular,3,b,img/target_6.png
14,668,modular,0,p,img/target_10.png
14,669,modular,1,i,img/target_8.png
14,670,modular,0,p,img/target_10.png
14,671,modular,9,r,img/target_4.png
14,672,modular,8,u,img/target_7.png
14,673,modular,6,e,img/target_3.png
14,674,modular,5,w,img/target_2.png
14,675,modular,6,e,img/target_3.png
14,676,modular,9,r,img/target_4.png
14,677,modular,6,e,img/target_3.png
14,678,modular,9,r,img/target_4.png
14,679,modular,7,v,img/target_5.png
14,680,modular,9,r,img/target_4.png
14,681,modular,8,u,img/target_7.png
14,682,modular,6,e,img/target_3.png
14,683,modular,8,u,img/target_7.png
14,684,modular,6,e,img/target_3.png
14,685,modular,7,v,img/target_5.png
14,686,modular,6,e,img/target_3.png
14,687,modular,7,v,img/target_5.png
14,688,modular,8,u,img/target_7.png
14,689,modular,5,w,img/target_2.png
14,690,modular,4,q,img/target_1.png
14,691,modular,3,b,img/target_6.png
14,692,modular,2,o,img/target_9.png
14,693,modular,1,i,img/target_8.png
14,694,modular,0,p,img/target_10.png
14,695,modular,3,b,img/target_6.png
14,696,modular,1,i,img/target_8.png
14,697,modular,2,o,img/target_9.png
14,698,modular,0,p,img/target_10.png
14,699,modular,3,b,img/target_6.png
14,700,modular,2,o,img/target_9.png
14,701,modular,0,p,img/target_10.png
14,702,modular,9,r,img/target_4.png
14,703,modular,8,u,img/target_7.png
14,704,modular,5,w,img/target_2.png
14,705,modular,8,u,img/target_7.png
14,706,modular,5,w,img/target_2.png
14,707,modular,8,u,img/target_7.png
14,708,modular,5,w,img/target_2.png
14,709,modular,7,v,img/target_5.png
14,710,modular,6,e,img/target_3.png
14,711,modular,8,u,img/target_7.png
14,712,modular,6,e,img/target_3.png
14,713,modular,5,w,img/target_2.png
14,714,modular,6,e,img/target_3.png
14,715,modular,7,v,img/target_5.png
14,716,modular,8,u,img/target_7.png
14,717,modular,9,r,img/target_4.png
14,718,modular,0,p,img/target_10.png
14,719,modular,1,i,img/target_8.png
14,720,modular,3,b,img/target_6.png
14,721,modular,1,i,img/target_8.png
14,722,modular,4,q,img/target_1.png
14,723,modular,3,b,img/target_6.png
14,724,modular,1,i,img/target_8.png
14,725,modular,3,b,img/target_6.png
14,726,modular,2,o,img/target_9.png
14,727,modular,4,q,img/target_1.png
14,728,modular,3,b,img/target_6.png
14,729,modular,2,o,img/target_9.png
14,730,modular,4,q,img/target_1.png
14,731,modular,3,b,img/target_6.png
14,732,modular,2,o,img/target_9.png
14,733,modular,4,q,img/target_1.png
14,734,modular,5,w,img/target_2.png
14,735,modular,7,v,img/target_5.png
14,736,modular,5,w,img/target_2.png
14,737,modular,4,q,img/target_1.png
14,738,modular,5,w,img/target_2.png
14,739,modular,4,q,img/target_1.png
14,740,modular,1,i,img/target_8.png
14,741,modular,3,b,img/target_6.png
14,742,modular,4,q,img/target_1.png
14,743,modular,2,o,img/target_9.png
14,744,modular,0,p,img/target_10.png
14,745,modular,2,o,img/target_9.png
14,746,modular,1,i,img/target_8.png
14,747,modular,3,b,img/target_6.png
14,748,modular,0,p,img/target_10.png
14,749,modular,1,i,img/target_8.png
14,750,modular,2,o,img/target_9.png
14,751,modular,0,p,img/target_10.png
14,752,modular,1,i,img/target_8.png
14,753,modular,0,p,img/target_10.png
14,754,modular,9,r,img/target_4.png
14,755,modular,7,v,img/target_5.png
14,756,modular,5,w,img/target_2.png
14,757,modular,8,u,img/target_7.png
14,758,modular,9,r,img/target_4.png
14,759,modular,8,u,img/target_7.png
14,760,modular,5,w,img/target_2.png
14,761,modular,6,e,img/target_3.png
14,762,modular,8,u,img/target_7.png
14,763,modular,7,v,img/target_5.png
14,764,modular,5,w,img/target_2.png
14,765,modular,6,e,img/target_3.png
14,766,modular,5,w,img/target_2.png
14,767,modular,8,u,img/target_7.png
14,768,modular,9,r,img/target_4.png
14,769,modular,7,v,img/target_5.png
14,770,modular,8,u,img/target_7.png
14,771,modular,6,e,img/target_3.png
14,772,modular,5,w,img/target_2.png
14,773,modular,8,u,img/target_7.png
14,774,modular,6,e,img/target_3.png
14,775,modular,9,r,img/target_4.png
14,776,modular,6,e,img/target_3.png
14,777,modular,9,r,img/target_4.png
14,778,modular,7,v,img/target_5.png
14,779,modular,9,r,img/target_4.png
14,780,modular,7,v,img/target_5.png
14,781,modular,9,r,img/target_4.png
14,782,modular,8,u,img/target_7.png
14,783,modular,7,v,img/target_5.png
14,784,modular,8,u,img/target_7.png
14,785,modular,5,w,img/target_2.png
14,786,modular,4,q,img/target_1.png
14,787,modular,1,i,img/target_8.png
14,788,modular,3,b,img/target_6.png
14,789,modular,0,p,img/target_10.png
14,790,modular,2,o,img/target_9.png
14,791,modular,4,q,img/target_1.png
14,792,modular,1,i,img/target_8.png
14,793,modular,0,p,img/target_10.png
14,794,modular,1,i,img/target_8.png
14,795,modular,2,o,img/target_9.png
14,796,modular,0,p,img/target_10.png
14,797,modular,2,o,img/target_9.png
14,798,modular,4,q,img/target_1.png
14,799,modular,2,o,img/target_9.png
14,800,modular,3,b,img/target_6.png
14,801,modular,1,i,img/target_8.png
14,802,modular,3,b,img/target_6.png
14,803,modular,2,o,img/target_9.png
14,804,modular,4,q,img/target_1.png
14,805,modular,2,o,img/target_9.png
14,806,modular,0,p,img/target_10.png
14,807,modular,2,o,img/target_9.png
14,808,modular,1,i,img/target_8.png
14,809,modular,0,p,img/target_10.png
14,810,modular,1,i,img/target_8.png
14,811,modular,4,q,img/target_1.png
14,812,modular,5,w,img/target_2.png
14,813,modular,4,q,img/target_1.png
14,814,modular,2,o,img/target_9.png
14,815,modular,3,b,img/target_6.png
14,816,modular,4,q,img/target_1.png
14,817,modular,3,b,img/target_6.png
14,818,modular,1,i,img/target_8.png
14,819,modular,3,b,img/target_6.png
14,820,modular,1,i,img/target_8.png
14,821,modular,4,q,img/target_1.png
14,822,modular,2,o,img/target_9.png
14,823,modular,3,b,img/target_6.png
14,824,modular,2,o,img/target_9.png
14,825,modular,3,b,img/target_6.png
14,826,modular,0,p,img/target_10.png
14,827,modular,1,i,img/target_8.png
14,828,modular,2,o,img/target_9.png
14,829,modular,4,q,img/target_1.png
14,830,modular,5,w,img/target_2.png
14,831,modular,6,e,img/target_3.png
14,832,modular,7,v,img/target_5.png
14,833,modular,9,r,img/target_4.png
14,834,modular,0,p,img/target_10.png
14,835,modular,1,i,img/target_8.png
14,836,modular,3,b,img/target_6.png
14,837,modular,0,p,img/target_10.png
14,838,modular,3,b,img/target_6.png
14,839,modular,4,q,img/target_1.png
14,840,modular,5,w,img/target_2.png
14,841,modular,6,e,img/target_3.png
14,842,modular,7,v,img/target_5.png
14,843,modular,5,w,img/target_2.png
14,844,modular,6,e,img/target_3.png
14,845,modular,5,w,img/target_2.png
14,846,modular,6,e,img/target_3.png
14,847,modular,7,v,img/target_5.png
14,848,modular,5,w,img/target_2.png
14,849,modular,6,e,img/target_3.png
14,850,modular,5,w,img/target_2.png
14,851,modular,7,v,img/target_5.png
14,852,modular,8,u,img/target_7.png
14,853,modular,7,v,img/target_5.png
14,854,modular,6,e,img/target_3.png
14,855,modular,5,w,img/target_2.png
14,856,modular,7,v,img/target_5.png
14,857,modular,6,e,img/target_3.png
14,858,modular,9,r,img/target_4.png
14,859,modular,6,e,img/target_3.png
14,860,modular,9,r,img/target_4.png
14,861,modular,8,u,img/target_7.png
14,862,modular,7,v,img/target_5.png
14,863,modular,9,r,img/target_4.png
14,864,modular,0,p,img/target_10.png
14,865,modular,3,b,img/target_6.png
14,866,modular,4,q,img/target_1.png
14,867,modular,5,w,img/target_2.png
14,868,modular,6,e,img/target_3.png
14,869,modular,9,r,img/target_4.png
14,870,modular,8,u,img/target_7.png
14,871,modular,9,r,img/target_4.png
14,872,modular,7,v,img/target_5.png
14,873,modular,6,e,img/target_3.png
14,874,modular,5,w,img/target_2.png
14,875,modular,4,q,img/target_1.png
14,876,modular,5,w,img/target_2.png
14,877,modular,8,u,img/target_7.png
14,878,modular,7,v,img/target_5.png
14,879,modular,9,r,img/target_4.png
14,880,modular,6,e,img/target_3.png
14,881,modular,9,r,img/target_4.png
14,882,modular,7,v,img/target_5.png
14,883,modular,5,w,img/target_2.png
14,884,modular,4,q,img/target_1.png
14,885,modular,2,o,img/target_9.png
14,886,modular,3,b,img/target_6.png
14,887,modular,2,o,img/target_9.png
14,888,modular,4,q,img/target_1.png
14,889,modular,3,b,img/target_6.png
14,890,modular,0,p,img/target_10.png
14,891,modular,2,o,img/target_9.png
14,892,modular,1,i,img/target_8.png
14,893,modular,0,p,img/target_10.png
14,894,modular,3,b,img/target_6.png
14,895,modular,4,q,img/target_1.png
14,896,modular,1,i,img/target_8.png
14,897,modular,3,b,img/target_6.png
14,898,modular,4,q,img/target_1.png
14,899,modular,1,i,img/target_8.png
14,900,modular,3,b,img/target_6.png
14,901,modular,0,p,img/target_10.png
14,902,modular,3,b,img/target_6.png
14,903,modular,2,o,img/target_9.png
14,904,modular,3,b,img/target_6.png
14,905,modular,4,q,img/target_1.png
14,906,modular,2,o,img/target_9.png
14,907,modular,0,p,img/target_10.png
14,908,modular,2,o,img/target_9.png
14,909,modular,0,p,img/target_10.png
14,910,modular,3,b,img/target_6.png
14,911,modular,4,q,img/target_1.png
14,912,modular,3,b,img/target_6.png
14,913,modular,4,q,img/target_1.png
14,914,modular,2,o,img/target_9.png
14,915,modular,1,i,img/target_8.png
14,916,modular,2,o,img/target_9.png
14,917,modular,0,p,img/target_10.png
14,918,modular,1,i,img/target_8.png
14,919,modular,2,o,img/target_9.png
14,920,modular,4,q,img/target_1.png
14,921,modular,2,o,img/target_9.png
14,922,modular,1,i,img/target_8.png
14,923,modular,2,o,img/target_9.png
14,924,modular,0,p,img/target_10.png
14,925,modular,3,b,img/target_6.png
14,926,modular,1,i,img/target_8.png
14,927,modular,2,o,img/target_9.png
14,928,modular,0,p,img/target_10.png
14,929,modular,3,b,img/target_6.png
14,930,modular,1,i,img/target_8.png
14,931,modular,4,q,img/target_1.png
14,932,modular,2,o,img/target_9.png
14,933,modular,3,b,img/target_6.png
14,934,modular,4,q,img/target_1.png
14,935,modular,2,o,img/target_9.png
14,936,modular,0,p,img/target_10.png
14,937,modular,3,b,img/target_6.png
14,938,modular,1,i,img/target_8.png
14,939,modular,4,q,img/target_1.png
14,940,modular,5,w,img/target_2.png
14,941,modular,7,v,img/target_5.png
14,942,modular,6,e,img/target_3.png
14,943,modular,8,u,img/target_7.png
14,944,modular,9,r,img/target_4.png
14,945,modular,0,p,img/target_10.png
14,946,modular,2,o,img/target_9.png
14,947,modular,3,b,img/target_6.png
14,948,modular,1,i,img/target_8.png
14,949,modular,3,b,img/target_6.png
14,950,modular,1,i,img/target_8.png
14,951,modular,2,o,img/target_9.png
14,952,modular,3,b,img/target_6.png
14,953,modular,0,p,img/target_10.png
14,954,modular,1,i,img/target_8.png
14,955,modular,2,o,img/target_9.png
14,956,modular,0,p,img/target_10.png
14,957,modular,3,b,img/target_6.png
14,958,modular,4,q,img/target_1.png
14,959,modular,3,b,img/target_6.png
14,960,modular,4,q,img/target_1.png
14,961,modular,5,w,img/target_2.png
14,962,modular,6,e,img/target_3.png
14,963,modular,8,u,img/target_7.png
14,964,modular,5,w,img/target_2.png
14,965,modular,6,e,img/target_3.png
14,966,modular,9,r,img/target_4.png
14,967,modular,7,v,img/target_5.png
14,968,modular,5,w,img/target_2.png
14,969,modular,7,v,img/target_5.png
14,970,modular,5,w,img/target_2.png
14,971,modular,8,u,img/target_7.png
14,972,modular,7,v,img/target_5.png
14,973,modular,8,u,img/target_7.png
14,974,modular,6,e,img/target_3.png
14,975,modular,5,w,img/target_2.png
14,976,modular,7,v,img/target_5.png
14,977,modular,5,w,img/target_2.png
14,978,modular,4,q,img/target_1.png
14,979,modular,2,o,img/target_9.png
14,980,modular,3,b,img/target_6.png
14,981,modular,4,q,img/target_1.png
14,982,modular,2,o,img/target_9.png
14,983,modular,4,q,img/target_1.png
14,984,modular,1,i,img/target_8.png
14,985,modular,4,q,img/target_1.png
14,986,modular,2,o,img/target_9.png
14,987,modular,0,p,img/target_10.png
14,988,modular,2,o,img/target_9.png
14,989,modular,3,b,img/target_6.png
14,990,modular,2,o,img/target_9.png
14,991,modular,0,p,img/target_10.png
14,992,modular,2,o,img/target_9.png
14,993,modular,0,p,img/target_10.png
14,994,modular,3,b,img/target_6.png
14,995,modular,0,p,img/target_10.png
14,996,modular,3,b,img/target_6.png
14,997,modular,4,q,img/target_1.png
14,998,modular,3,b,img/target_6.png
14,999,modular,4,q,img/target_1.png
14,1000,modular,2,o,img/target_9.png
