pID,sess,trialNum,graph,walk,resp,path
39,3,1,lattice,2,b,img/target_6.png
39,3,2,lattice,4,u,img/target_7.png
39,3,3,lattice,3,v,img/target_5.png
39,3,4,lattice,4,u,img/target_7.png
39,3,5,lattice,2,b,img/target_6.png
39,3,6,lattice,1,i,img/target_8.png
39,3,7,lattice,0,e,img/target_3.png
39,3,8,lattice,9,w,img/target_2.png
39,3,9,lattice,1,i,img/target_8.png
39,3,10,lattice,3,v,img/target_5.png
39,3,11,lattice,1,i,img/target_8.png
39,3,12,lattice,2,b,img/target_6.png
39,3,13,lattice,4,u,img/target_7.png
39,3,14,lattice,2,b,img/target_6.png
39,3,15,lattice,4,u,img/target_7.png
39,3,16,lattice,5,p,img/target_10.png
39,3,17,lattice,7,o,img/target_9.png
39,3,18,lattice,9,w,img/target_2.png
39,3,19,lattice,0,e,img/target_3.png
39,3,20,lattice,9,w,img/target_2.png
39,3,21,lattice,1,i,img/target_8.png
39,3,22,lattice,0,e,img/target_3.png
39,3,23,lattice,9,w,img/target_2.png
39,3,24,lattice,7,o,img/target_9.png
39,3,25,lattice,6,r,img/target_4.png
39,3,26,lattice,8,q,img/target_1.png
39,3,27,lattice,9,w,img/target_2.png
39,3,28,lattice,7,o,img/target_9.png
39,3,29,lattice,8,q,img/target_1.png
39,3,30,lattice,7,o,img/target_9.png
39,3,31,lattice,6,r,img/target_4.png
39,3,32,lattice,7,o,img/target_9.png
39,3,33,lattice,5,p,img/target_10.png
39,3,34,lattice,7,o,img/target_9.png
39,3,35,lattice,9,w,img/target_2.png
39,3,36,lattice,0,e,img/target_3.png
39,3,37,lattice,8,q,img/target_1.png
39,3,38,lattice,9,w,img/target_2.png
39,3,39,lattice,0,e,img/target_3.png
39,3,40,lattice,8,q,img/target_1.png
39,3,41,lattice,7,o,img/target_9.png
39,3,42,lattice,6,r,img/target_4.png
39,3,43,lattice,8,q,img/target_1.png
39,3,44,lattice,7,o,img/target_9.png
39,3,45,lattice,9,w,img/target_2.png
39,3,46,lattice,0,e,img/target_3.png
39,3,47,lattice,2,b,img/target_6.png
39,3,48,lattice,1,i,img/target_8.png
39,3,49,lattice,9,w,img/target_2.png
39,3,50,lattice,0,e,img/target_3.png
39,3,51,lattice,1,i,img/target_8.png
39,3,52,lattice,2,b,img/target_6.png
39,3,53,lattice,1,i,img/target_8.png
39,3,54,lattice,9,w,img/target_2.png
39,3,55,lattice,8,q,img/target_1.png
39,3,56,lattice,7,o,img/target_9.png
39,3,57,lattice,9,w,img/target_2.png
39,3,58,lattice,1,i,img/target_8.png
39,3,59,lattice,9,w,img/target_2.png
39,3,60,lattice,7,o,img/target_9.png
39,3,61,lattice,9,w,img/target_2.png
39,3,62,lattice,7,o,img/target_9.png
39,3,63,lattice,5,p,img/target_10.png
39,3,64,lattice,4,u,img/target_7.png
39,3,65,lattice,3,v,img/target_5.png
39,3,66,lattice,1,i,img/target_8.png
39,3,67,lattice,9,w,img/target_2.png
39,3,68,lattice,7,o,img/target_9.png
39,3,69,lattice,5,p,img/target_10.png
39,3,70,lattice,7,o,img/target_9.png
39,3,71,lattice,5,p,img/target_10.png
39,3,72,lattice,7,o,img/target_9.png
39,3,73,lattice,6,r,img/target_4.png
39,3,74,lattice,4,u,img/target_7.png
39,3,75,lattice,2,b,img/target_6.png
39,3,76,lattice,3,v,img/target_5.png
39,3,77,lattice,2,b,img/target_6.png
39,3,78,lattice,3,v,img/target_5.png
39,3,79,lattice,1,i,img/target_8.png
39,3,80,lattice,0,e,img/target_3.png
39,3,81,lattice,1,i,img/target_8.png
39,3,82,lattice,2,b,img/target_6.png
39,3,83,lattice,4,u,img/target_7.png
39,3,84,lattice,5,p,img/target_10.png
39,3,85,lattice,7,o,img/target_9.png
39,3,86,lattice,5,p,img/target_10.png
39,3,87,lattice,4,u,img/target_7.png
39,3,88,lattice,2,b,img/target_6.png
39,3,89,lattice,1,i,img/target_8.png
39,3,90,lattice,0,e,img/target_3.png
39,3,91,lattice,2,b,img/target_6.png
39,3,92,lattice,0,e,img/target_3.png
39,3,93,lattice,8,q,img/target_1.png
39,3,94,lattice,6,r,img/target_4.png
39,3,95,lattice,4,u,img/target_7.png
39,3,96,lattice,5,p,img/target_10.png
39,3,97,lattice,7,o,img/target_9.png
39,3,98,lattice,6,r,img/target_4.png
39,3,99,lattice,5,p,img/target_10.png
39,3,100,lattice,7,o,img/target_9.png
39,3,101,lattice,6,r,img/target_4.png
39,3,102,lattice,5,p,img/target_10.png
39,3,103,lattice,4,u,img/target_7.png
39,3,104,lattice,2,b,img/target_6.png
39,3,105,lattice,1,i,img/target_8.png
39,3,106,lattice,9,w,img/target_2.png
39,3,107,lattice,0,e,img/target_3.png
39,3,108,lattice,8,q,img/target_1.png
39,3,109,lattice,0,e,img/target_3.png
39,3,110,lattice,2,b,img/target_6.png
39,3,111,lattice,0,e,img/target_3.png
39,3,112,lattice,8,q,img/target_1.png
39,3,113,lattice,6,r,img/target_4.png
39,3,114,lattice,7,o,img/target_9.png
39,3,115,lattice,9,w,img/target_2.png
39,3,116,lattice,8,q,img/target_1.png
39,3,117,lattice,6,r,img/target_4.png
39,3,118,lattice,4,u,img/target_7.png
39,3,119,lattice,3,v,img/target_5.png
39,3,120,lattice,4,u,img/target_7.png
39,3,121,lattice,6,r,img/target_4.png
39,3,122,lattice,4,u,img/target_7.png
39,3,123,lattice,5,p,img/target_10.png
39,3,124,lattice,4,u,img/target_7.png
39,3,125,lattice,5,p,img/target_10.png
39,3,126,lattice,7,o,img/target_9.png
39,3,127,lattice,6,r,img/target_4.png
39,3,128,lattice,5,p,img/target_10.png
39,3,129,lattice,4,u,img/target_7.png
39,3,130,lattice,2,b,img/target_6.png
39,3,131,lattice,4,u,img/target_7.png
39,3,132,lattice,5,p,img/target_10.png
39,3,133,lattice,6,r,img/target_4.png
39,3,134,lattice,8,q,img/target_1.png
39,3,135,lattice,9,w,img/target_2.png
39,3,136,lattice,7,o,img/target_9.png
39,3,137,lattice,6,r,img/target_4.png
39,3,138,lattice,4,u,img/target_7.png
39,3,139,lattice,2,b,img/target_6.png
39,3,140,lattice,1,i,img/target_8.png
39,3,141,lattice,9,w,img/target_2.png
39,3,142,lattice,1,i,img/target_8.png
39,3,143,lattice,3,v,img/target_5.png
39,3,144,lattice,2,b,img/target_6.png
39,3,145,lattice,1,i,img/target_8.png
39,3,146,lattice,9,w,img/target_2.png
39,3,147,lattice,0,e,img/target_3.png
39,3,148,lattice,2,b,img/target_6.png
39,3,149,lattice,1,i,img/target_8.png
39,3,150,lattice,2,b,img/target_6.png
39,3,151,lattice,0,e,img/target_3.png
39,3,152,lattice,8,q,img/target_1.png
39,3,153,lattice,0,e,img/target_3.png
39,3,154,lattice,9,w,img/target_2.png
39,3,155,lattice,7,o,img/target_9.png
39,3,156,lattice,5,p,img/target_10.png
39,3,157,lattice,3,v,img/target_5.png
39,3,158,lattice,2,b,img/target_6.png
39,3,159,lattice,3,v,img/target_5.png
39,3,160,lattice,2,b,img/target_6.png
39,3,161,lattice,3,v,img/target_5.png
39,3,162,lattice,5,p,img/target_10.png
39,3,163,lattice,6,r,img/target_4.png
39,3,164,lattice,7,o,img/target_9.png
39,3,165,lattice,5,p,img/target_10.png
39,3,166,lattice,4,u,img/target_7.png
39,3,167,lattice,6,r,img/target_4.png
39,3,168,lattice,5,p,img/target_10.png
39,3,169,lattice,6,r,img/target_4.png
39,3,170,lattice,4,u,img/target_7.png
39,3,171,lattice,2,b,img/target_6.png
39,3,172,lattice,1,i,img/target_8.png
39,3,173,lattice,9,w,img/target_2.png
39,3,174,lattice,8,q,img/target_1.png
39,3,175,lattice,0,e,img/target_3.png
39,3,176,lattice,8,q,img/target_1.png
39,3,177,lattice,9,w,img/target_2.png
39,3,178,lattice,0,e,img/target_3.png
39,3,179,lattice,1,i,img/target_8.png
39,3,180,lattice,2,b,img/target_6.png
39,3,181,lattice,0,e,img/target_3.png
39,3,182,lattice,8,q,img/target_1.png
39,3,183,lattice,7,o,img/target_9.png
39,3,184,lattice,8,q,img/target_1.png
39,3,185,lattice,7,o,img/target_9.png
39,3,186,lattice,5,p,img/target_10.png
39,3,187,lattice,7,o,img/target_9.png
39,3,188,lattice,8,q,img/target_1.png
39,3,189,lattice,7,o,img/target_9.png
39,3,190,lattice,8,q,img/target_1.png
39,3,191,lattice,7,o,img/target_9.png
39,3,192,lattice,6,r,img/target_4.png
39,3,193,lattice,7,o,img/target_9.png
39,3,194,lattice,5,p,img/target_10.png
39,3,195,lattice,3,v,img/target_5.png
39,3,196,lattice,5,p,img/target_10.png
39,3,197,lattice,6,r,img/target_4.png
39,3,198,lattice,5,p,img/target_10.png
39,3,199,lattice,6,r,img/target_4.png
39,3,200,lattice,5,p,img/target_10.png
39,3,201,lattice,4,u,img/target_7.png
39,3,202,lattice,6,r,img/target_4.png
39,3,203,lattice,5,p,img/target_10.png
39,3,204,lattice,3,v,img/target_5.png
39,3,205,lattice,2,b,img/target_6.png
39,3,206,lattice,1,i,img/target_8.png
39,3,207,lattice,2,b,img/target_6.png
39,3,208,lattice,3,v,img/target_5.png
39,3,209,lattice,4,u,img/target_7.png
39,3,210,lattice,3,v,img/target_5.png
39,3,211,lattice,5,p,img/target_10.png
39,3,212,lattice,7,o,img/target_9.png
39,3,213,lattice,6,r,img/target_4.png
39,3,214,lattice,7,o,img/target_9.png
39,3,215,lattice,5,p,img/target_10.png
39,3,216,lattice,4,u,img/target_7.png
39,3,217,lattice,5,p,img/target_10.png
39,3,218,lattice,6,r,img/target_4.png
39,3,219,lattice,7,o,img/target_9.png
39,3,220,lattice,6,r,img/target_4.png
39,3,221,lattice,8,q,img/target_1.png
39,3,222,lattice,0,e,img/target_3.png
39,3,223,lattice,9,w,img/target_2.png
39,3,224,lattice,8,q,img/target_1.png
39,3,225,lattice,6,r,img/target_4.png
39,3,226,lattice,8,q,img/target_1.png
39,3,227,lattice,9,w,img/target_2.png
39,3,228,lattice,0,e,img/target_3.png
39,3,229,lattice,8,q,img/target_1.png
39,3,230,lattice,9,w,img/target_2.png
39,3,231,lattice,0,e,img/target_3.png
39,3,232,lattice,9,w,img/target_2.png
39,3,233,lattice,7,o,img/target_9.png
39,3,234,lattice,6,r,img/target_4.png
39,3,235,lattice,5,p,img/target_10.png
39,3,236,lattice,7,o,img/target_9.png
39,3,237,lattice,8,q,img/target_1.png
39,3,238,lattice,9,w,img/target_2.png
39,3,239,lattice,7,o,img/target_9.png
39,3,240,lattice,6,r,img/target_4.png
39,3,241,lattice,5,p,img/target_10.png
39,3,242,lattice,3,v,img/target_5.png
39,3,243,lattice,4,u,img/target_7.png
39,3,244,lattice,5,p,img/target_10.png
39,3,245,lattice,7,o,img/target_9.png
39,3,246,lattice,9,w,img/target_2.png
39,3,247,lattice,8,q,img/target_1.png
39,3,248,lattice,6,r,img/target_4.png
39,3,249,lattice,7,o,img/target_9.png
39,3,250,lattice,8,q,img/target_1.png
39,3,251,lattice,6,r,img/target_4.png
39,3,252,lattice,5,p,img/target_10.png
39,3,253,lattice,7,o,img/target_9.png
39,3,254,lattice,8,q,img/target_1.png
39,3,255,lattice,9,w,img/target_2.png
39,3,256,lattice,1,i,img/target_8.png
39,3,257,lattice,2,b,img/target_6.png
39,3,258,lattice,4,u,img/target_7.png
39,3,259,lattice,2,b,img/target_6.png
39,3,260,lattice,4,u,img/target_7.png
39,3,261,lattice,5,p,img/target_10.png
39,3,262,lattice,3,v,img/target_5.png
39,3,263,lattice,2,b,img/target_6.png
39,3,264,lattice,1,i,img/target_8.png
39,3,265,lattice,0,e,img/target_3.png
39,3,266,lattice,2,b,img/target_6.png
39,3,267,lattice,0,e,img/target_3.png
39,3,268,lattice,2,b,img/target_6.png
39,3,269,lattice,4,u,img/target_7.png
39,3,270,lattice,3,v,img/target_5.png
39,3,271,lattice,4,u,img/target_7.png
39,3,272,lattice,3,v,img/target_5.png
39,3,273,lattice,5,p,img/target_10.png
39,3,274,lattice,7,o,img/target_9.png
39,3,275,lattice,5,p,img/target_10.png
39,3,276,lattice,6,r,img/target_4.png
39,3,277,lattice,4,u,img/target_7.png
39,3,278,lattice,3,v,img/target_5.png
39,3,279,lattice,4,u,img/target_7.png
39,3,280,lattice,2,b,img/target_6.png
39,3,281,lattice,3,v,img/target_5.png
39,3,282,lattice,2,b,img/target_6.png
39,3,283,lattice,1,i,img/target_8.png
39,3,284,lattice,2,b,img/target_6.png
39,3,285,lattice,3,v,img/target_5.png
39,3,286,lattice,4,u,img/target_7.png
39,3,287,lattice,5,p,img/target_10.png
39,3,288,lattice,6,r,img/target_4.png
39,3,289,lattice,4,u,img/target_7.png
39,3,290,lattice,6,r,img/target_4.png
39,3,291,lattice,8,q,img/target_1.png
39,3,292,lattice,7,o,img/target_9.png
39,3,293,lattice,5,p,img/target_10.png
39,3,294,lattice,7,o,img/target_9.png
39,3,295,lattice,5,p,img/target_10.png
39,3,296,lattice,3,v,img/target_5.png
39,3,297,lattice,1,i,img/target_8.png
39,3,298,lattice,2,b,img/target_6.png
39,3,299,lattice,4,u,img/target_7.png
39,3,300,lattice,3,v,img/target_5.png
39,3,301,lattice,1,i,img/target_8.png
39,3,302,lattice,0,e,img/target_3.png
39,3,303,lattice,2,b,img/target_6.png
39,3,304,lattice,1,i,img/target_8.png
39,3,305,lattice,2,b,img/target_6.png
39,3,306,lattice,1,i,img/target_8.png
39,3,307,lattice,2,b,img/target_6.png
39,3,308,lattice,0,e,img/target_3.png
39,3,309,lattice,2,b,img/target_6.png
39,3,310,lattice,4,u,img/target_7.png
39,3,311,lattice,3,v,img/target_5.png
39,3,312,lattice,2,b,img/target_6.png
39,3,313,lattice,0,e,img/target_3.png
39,3,314,lattice,8,q,img/target_1.png
39,3,315,lattice,7,o,img/target_9.png
39,3,316,lattice,8,q,img/target_1.png
39,3,317,lattice,0,e,img/target_3.png
39,3,318,lattice,9,w,img/target_2.png
39,3,319,lattice,7,o,img/target_9.png
39,3,320,lattice,5,p,img/target_10.png
39,3,321,lattice,6,r,img/target_4.png
39,3,322,lattice,5,p,img/target_10.png
39,3,323,lattice,3,v,img/target_5.png
39,3,324,lattice,4,u,img/target_7.png
39,3,325,lattice,6,r,img/target_4.png
39,3,326,lattice,7,o,img/target_9.png
39,3,327,lattice,8,q,img/target_1.png
39,3,328,lattice,9,w,img/target_2.png
39,3,329,lattice,8,q,img/target_1.png
39,3,330,lattice,7,o,img/target_9.png
39,3,331,lattice,8,q,img/target_1.png
39,3,332,lattice,0,e,img/target_3.png
39,3,333,lattice,8,q,img/target_1.png
39,3,334,lattice,7,o,img/target_9.png
39,3,335,lattice,9,w,img/target_2.png
39,3,336,lattice,0,e,img/target_3.png
39,3,337,lattice,1,i,img/target_8.png
39,3,338,lattice,2,b,img/target_6.png
39,3,339,lattice,0,e,img/target_3.png
39,3,340,lattice,2,b,img/target_6.png
39,3,341,lattice,3,v,img/target_5.png
39,3,342,lattice,1,i,img/target_8.png
39,3,343,lattice,2,b,img/target_6.png
39,3,344,lattice,4,u,img/target_7.png
39,3,345,lattice,6,r,img/target_4.png
39,3,346,lattice,7,o,img/target_9.png
39,3,347,lattice,8,q,img/target_1.png
39,3,348,lattice,6,r,img/target_4.png
39,3,349,lattice,5,p,img/target_10.png
39,3,350,lattice,4,u,img/target_7.png
39,3,351,lattice,6,r,img/target_4.png
39,3,352,lattice,8,q,img/target_1.png
39,3,353,lattice,7,o,img/target_9.png
39,3,354,lattice,6,r,img/target_4.png
39,3,355,lattice,8,q,img/target_1.png
39,3,356,lattice,0,e,img/target_3.png
39,3,357,lattice,9,w,img/target_2.png
39,3,358,lattice,7,o,img/target_9.png
39,3,359,lattice,9,w,img/target_2.png
39,3,360,lattice,7,o,img/target_9.png
39,3,361,lattice,5,p,img/target_10.png
39,3,362,lattice,3,v,img/target_5.png
39,3,363,lattice,1,i,img/target_8.png
39,3,364,lattice,9,w,img/target_2.png
39,3,365,lattice,1,i,img/target_8.png
39,3,366,lattice,2,b,img/target_6.png
39,3,367,lattice,4,u,img/target_7.png
39,3,368,lattice,2,b,img/target_6.png
39,3,369,lattice,0,e,img/target_3.png
39,3,370,lattice,8,q,img/target_1.png
39,3,371,lattice,9,w,img/target_2.png
39,3,372,lattice,0,e,img/target_3.png
39,3,373,lattice,8,q,img/target_1.png
39,3,374,lattice,0,e,img/target_3.png
39,3,375,lattice,9,w,img/target_2.png
39,3,376,lattice,1,i,img/target_8.png
39,3,377,lattice,0,e,img/target_3.png
39,3,378,lattice,2,b,img/target_6.png
39,3,379,lattice,0,e,img/target_3.png
39,3,380,lattice,2,b,img/target_6.png
39,3,381,lattice,4,u,img/target_7.png
39,3,382,lattice,6,r,img/target_4.png
39,3,383,lattice,5,p,img/target_10.png
39,3,384,lattice,4,u,img/target_7.png
39,3,385,lattice,5,p,img/target_10.png
39,3,386,lattice,4,u,img/target_7.png
39,3,387,lattice,3,v,img/target_5.png
39,3,388,lattice,1,i,img/target_8.png
39,3,389,lattice,2,b,img/target_6.png
39,3,390,lattice,4,u,img/target_7.png
39,3,391,lattice,6,r,img/target_4.png
39,3,392,lattice,5,p,img/target_10.png
39,3,393,lattice,3,v,img/target_5.png
39,3,394,lattice,2,b,img/target_6.png
39,3,395,lattice,1,i,img/target_8.png
39,3,396,lattice,9,w,img/target_2.png
39,3,397,lattice,7,o,img/target_9.png
39,3,398,lattice,6,r,img/target_4.png
39,3,399,lattice,8,q,img/target_1.png
39,3,400,lattice,9,w,img/target_2.png
39,3,401,lattice,1,i,img/target_8.png
39,3,402,lattice,2,b,img/target_6.png
39,3,403,lattice,0,e,img/target_3.png
39,3,404,lattice,9,w,img/target_2.png
39,3,405,lattice,0,e,img/target_3.png
39,3,406,lattice,9,w,img/target_2.png
39,3,407,lattice,7,o,img/target_9.png
39,3,408,lattice,9,w,img/target_2.png
39,3,409,lattice,7,o,img/target_9.png
39,3,410,lattice,5,p,img/target_10.png
39,3,411,lattice,3,v,img/target_5.png
39,3,412,lattice,5,p,img/target_10.png
39,3,413,lattice,7,o,img/target_9.png
39,3,414,lattice,6,r,img/target_4.png
39,3,415,lattice,5,p,img/target_10.png
39,3,416,lattice,4,u,img/target_7.png
39,3,417,lattice,6,r,img/target_4.png
39,3,418,lattice,4,u,img/target_7.png
39,3,419,lattice,3,v,img/target_5.png
39,3,420,lattice,1,i,img/target_8.png
39,3,421,lattice,2,b,img/target_6.png
39,3,422,lattice,1,i,img/target_8.png
39,3,423,lattice,2,b,img/target_6.png
39,3,424,lattice,1,i,img/target_8.png
39,3,425,lattice,2,b,img/target_6.png
39,3,426,lattice,3,v,img/target_5.png
39,3,427,lattice,5,p,img/target_10.png
39,3,428,lattice,4,u,img/target_7.png
39,3,429,lattice,2,b,img/target_6.png
39,3,430,lattice,1,i,img/target_8.png
39,3,431,lattice,3,v,img/target_5.png
39,3,432,lattice,1,i,img/target_8.png
39,3,433,lattice,9,w,img/target_2.png
39,3,434,lattice,1,i,img/target_8.png
39,3,435,lattice,0,e,img/target_3.png
39,3,436,lattice,1,i,img/target_8.png
39,3,437,lattice,0,e,img/target_3.png
39,3,438,lattice,1,i,img/target_8.png
39,3,439,lattice,3,v,img/target_5.png
39,3,440,lattice,1,i,img/target_8.png
39,3,441,lattice,2,b,img/target_6.png
39,3,442,lattice,3,v,img/target_5.png
39,3,443,lattice,4,u,img/target_7.png
39,3,444,lattice,3,v,img/target_5.png
39,3,445,lattice,2,b,img/target_6.png
39,3,446,lattice,4,u,img/target_7.png
39,3,447,lattice,6,r,img/target_4.png
39,3,448,lattice,8,q,img/target_1.png
39,3,449,lattice,9,w,img/target_2.png
39,3,450,lattice,1,i,img/target_8.png
39,3,451,lattice,2,b,img/target_6.png
39,3,452,lattice,4,u,img/target_7.png
39,3,453,lattice,2,b,img/target_6.png
39,3,454,lattice,3,v,img/target_5.png
39,3,455,lattice,4,u,img/target_7.png
39,3,456,lattice,3,v,img/target_5.png
39,3,457,lattice,2,b,img/target_6.png
39,3,458,lattice,3,v,img/target_5.png
39,3,459,lattice,5,p,img/target_10.png
39,3,460,lattice,4,u,img/target_7.png
39,3,461,lattice,3,v,img/target_5.png
39,3,462,lattice,4,u,img/target_7.png
39,3,463,lattice,3,v,img/target_5.png
39,3,464,lattice,5,p,img/target_10.png
39,3,465,lattice,3,v,img/target_5.png
39,3,466,lattice,2,b,img/target_6.png
39,3,467,lattice,4,u,img/target_7.png
39,3,468,lattice,2,b,img/target_6.png
39,3,469,lattice,1,i,img/target_8.png
39,3,470,lattice,2,b,img/target_6.png
39,3,471,lattice,1,i,img/target_8.png
39,3,472,lattice,2,b,img/target_6.png
39,3,473,lattice,0,e,img/target_3.png
39,3,474,lattice,8,q,img/target_1.png
39,3,475,lattice,9,w,img/target_2.png
39,3,476,lattice,1,i,img/target_8.png
39,3,477,lattice,9,w,img/target_2.png
39,3,478,lattice,7,o,img/target_9.png
39,3,479,lattice,6,r,img/target_4.png
39,3,480,lattice,8,q,img/target_1.png
39,3,481,lattice,6,r,img/target_4.png
39,3,482,lattice,4,u,img/target_7.png
39,3,483,lattice,5,p,img/target_10.png
39,3,484,lattice,4,u,img/target_7.png
39,3,485,lattice,2,b,img/target_6.png
39,3,486,lattice,4,u,img/target_7.png
39,3,487,lattice,2,b,img/target_6.png
39,3,488,lattice,0,e,img/target_3.png
39,3,489,lattice,8,q,img/target_1.png
39,3,490,lattice,6,r,img/target_4.png
39,3,491,lattice,7,o,img/target_9.png
39,3,492,lattice,5,p,img/target_10.png
39,3,493,lattice,3,v,img/target_5.png
39,3,494,lattice,1,i,img/target_8.png
39,3,495,lattice,9,w,img/target_2.png
39,3,496,lattice,0,e,img/target_3.png
39,3,497,lattice,2,b,img/target_6.png
39,3,498,lattice,1,i,img/target_8.png
39,3,499,lattice,2,b,img/target_6.png
39,3,500,lattice,3,v,img/target_5.png
39,3,501,lattice,1,i,img/target_8.png
39,3,502,lattice,9,w,img/target_2.png
39,3,503,lattice,0,e,img/target_3.png
39,3,504,lattice,9,w,img/target_2.png
39,3,505,lattice,0,e,img/target_3.png
39,3,506,lattice,8,q,img/target_1.png
39,3,507,lattice,0,e,img/target_3.png
39,3,508,lattice,1,i,img/target_8.png
39,3,509,lattice,9,w,img/target_2.png
39,3,510,lattice,1,i,img/target_8.png
39,3,511,lattice,0,e,img/target_3.png
39,3,512,lattice,9,w,img/target_2.png
39,3,513,lattice,7,o,img/target_9.png
39,3,514,lattice,8,q,img/target_1.png
39,3,515,lattice,6,r,img/target_4.png
39,3,516,lattice,7,o,img/target_9.png
39,3,517,lattice,5,p,img/target_10.png
39,3,518,lattice,7,o,img/target_9.png
39,3,519,lattice,8,q,img/target_1.png
39,3,520,lattice,7,o,img/target_9.png
39,3,521,lattice,6,r,img/target_4.png
39,3,522,lattice,8,q,img/target_1.png
39,3,523,lattice,7,o,img/target_9.png
39,3,524,lattice,6,r,img/target_4.png
39,3,525,lattice,4,u,img/target_7.png
39,3,526,lattice,5,p,img/target_10.png
39,3,527,lattice,6,r,img/target_4.png
39,3,528,lattice,7,o,img/target_9.png
39,3,529,lattice,5,p,img/target_10.png
39,3,530,lattice,7,o,img/target_9.png
39,3,531,lattice,9,w,img/target_2.png
39,3,532,lattice,1,i,img/target_8.png
39,3,533,lattice,2,b,img/target_6.png
39,3,534,lattice,4,u,img/target_7.png
39,3,535,lattice,3,v,img/target_5.png
39,3,536,lattice,4,u,img/target_7.png
39,3,537,lattice,3,v,img/target_5.png
39,3,538,lattice,4,u,img/target_7.png
39,3,539,lattice,6,r,img/target_4.png
39,3,540,lattice,4,u,img/target_7.png
39,3,541,lattice,6,r,img/target_4.png
39,3,542,lattice,8,q,img/target_1.png
39,3,543,lattice,7,o,img/target_9.png
39,3,544,lattice,6,r,img/target_4.png
39,3,545,lattice,8,q,img/target_1.png
39,3,546,lattice,6,r,img/target_4.png
39,3,547,lattice,4,u,img/target_7.png
39,3,548,lattice,2,b,img/target_6.png
39,3,549,lattice,1,i,img/target_8.png
39,3,550,lattice,3,v,img/target_5.png
39,3,551,lattice,5,p,img/target_10.png
39,3,552,lattice,6,r,img/target_4.png
39,3,553,lattice,4,u,img/target_7.png
39,3,554,lattice,5,p,img/target_10.png
39,3,555,lattice,4,u,img/target_7.png
39,3,556,lattice,2,b,img/target_6.png
39,3,557,lattice,4,u,img/target_7.png
39,3,558,lattice,6,r,img/target_4.png
39,3,559,lattice,4,u,img/target_7.png
39,3,560,lattice,5,p,img/target_10.png
39,3,561,lattice,3,v,img/target_5.png
39,3,562,lattice,1,i,img/target_8.png
39,3,563,lattice,0,e,img/target_3.png
39,3,564,lattice,8,q,img/target_1.png
39,3,565,lattice,6,r,img/target_4.png
39,3,566,lattice,7,o,img/target_9.png
39,3,567,lattice,9,w,img/target_2.png
39,3,568,lattice,1,i,img/target_8.png
39,3,569,lattice,9,w,img/target_2.png
39,3,570,lattice,1,i,img/target_8.png
39,3,571,lattice,3,v,img/target_5.png
39,3,572,lattice,2,b,img/target_6.png
39,3,573,lattice,4,u,img/target_7.png
39,3,574,lattice,2,b,img/target_6.png
39,3,575,lattice,3,v,img/target_5.png
39,3,576,lattice,2,b,img/target_6.png
39,3,577,lattice,0,e,img/target_3.png
39,3,578,lattice,8,q,img/target_1.png
39,3,579,lattice,0,e,img/target_3.png
39,3,580,lattice,1,i,img/target_8.png
39,3,581,lattice,0,e,img/target_3.png
39,3,582,lattice,8,q,img/target_1.png
39,3,583,lattice,9,w,img/target_2.png
39,3,584,lattice,8,q,img/target_1.png
39,3,585,lattice,6,r,img/target_4.png
39,3,586,lattice,7,o,img/target_9.png
39,3,587,lattice,6,r,img/target_4.png
39,3,588,lattice,8,q,img/target_1.png
39,3,589,lattice,6,r,img/target_4.png
39,3,590,lattice,5,p,img/target_10.png
39,3,591,lattice,7,o,img/target_9.png
39,3,592,lattice,9,w,img/target_2.png
39,3,593,lattice,8,q,img/target_1.png
39,3,594,lattice,7,o,img/target_9.png
39,3,595,lattice,5,p,img/target_10.png
39,3,596,lattice,6,r,img/target_4.png
39,3,597,lattice,8,q,img/target_1.png
39,3,598,lattice,7,o,img/target_9.png
39,3,599,lattice,8,q,img/target_1.png
39,3,600,lattice,7,o,img/target_9.png
39,3,601,lattice,9,w,img/target_2.png
39,3,602,lattice,7,o,img/target_9.png
39,3,603,lattice,8,q,img/target_1.png
39,3,604,lattice,0,e,img/target_3.png
39,3,605,lattice,8,q,img/target_1.png
39,3,606,lattice,7,o,img/target_9.png
39,3,607,lattice,8,q,img/target_1.png
39,3,608,lattice,0,e,img/target_3.png
39,3,609,lattice,9,w,img/target_2.png
39,3,610,lattice,7,o,img/target_9.png
39,3,611,lattice,5,p,img/target_10.png
39,3,612,lattice,7,o,img/target_9.png
39,3,613,lattice,9,w,img/target_2.png
39,3,614,lattice,8,q,img/target_1.png
39,3,615,lattice,0,e,img/target_3.png
39,3,616,lattice,2,b,img/target_6.png
39,3,617,lattice,4,u,img/target_7.png
39,3,618,lattice,6,r,img/target_4.png
39,3,619,lattice,5,p,img/target_10.png
39,3,620,lattice,4,u,img/target_7.png
39,3,621,lattice,3,v,img/target_5.png
39,3,622,lattice,1,i,img/target_8.png
39,3,623,lattice,9,w,img/target_2.png
39,3,624,lattice,8,q,img/target_1.png
39,3,625,lattice,0,e,img/target_3.png
39,3,626,lattice,2,b,img/target_6.png
39,3,627,lattice,4,u,img/target_7.png
39,3,628,lattice,3,v,img/target_5.png
39,3,629,lattice,2,b,img/target_6.png
39,3,630,lattice,4,u,img/target_7.png
39,3,631,lattice,6,r,img/target_4.png
39,3,632,lattice,4,u,img/target_7.png
39,3,633,lattice,3,v,img/target_5.png
39,3,634,lattice,1,i,img/target_8.png
39,3,635,lattice,3,v,img/target_5.png
39,3,636,lattice,1,i,img/target_8.png
39,3,637,lattice,0,e,img/target_3.png
39,3,638,lattice,1,i,img/target_8.png
39,3,639,lattice,3,v,img/target_5.png
39,3,640,lattice,1,i,img/target_8.png
39,3,641,lattice,9,w,img/target_2.png
39,3,642,lattice,7,o,img/target_9.png
39,3,643,lattice,6,r,img/target_4.png
39,3,644,lattice,4,u,img/target_7.png
39,3,645,lattice,2,b,img/target_6.png
39,3,646,lattice,1,i,img/target_8.png
39,3,647,lattice,3,v,img/target_5.png
39,3,648,lattice,1,i,img/target_8.png
39,3,649,lattice,0,e,img/target_3.png
39,3,650,lattice,2,b,img/target_6.png
39,3,651,lattice,0,e,img/target_3.png
39,3,652,lattice,2,b,img/target_6.png
39,3,653,lattice,0,e,img/target_3.png
39,3,654,lattice,9,w,img/target_2.png
39,3,655,lattice,7,o,img/target_9.png
39,3,656,lattice,9,w,img/target_2.png
39,3,657,lattice,0,e,img/target_3.png
39,3,658,lattice,9,w,img/target_2.png
39,3,659,lattice,1,i,img/target_8.png
39,3,660,lattice,0,e,img/target_3.png
39,3,661,lattice,2,b,img/target_6.png
39,3,662,lattice,3,v,img/target_5.png
39,3,663,lattice,2,b,img/target_6.png
39,3,664,lattice,0,e,img/target_3.png
39,3,665,lattice,9,w,img/target_2.png
39,3,666,lattice,8,q,img/target_1.png
39,3,667,lattice,0,e,img/target_3.png
39,3,668,lattice,9,w,img/target_2.png
39,3,669,lattice,7,o,img/target_9.png
39,3,670,lattice,9,w,img/target_2.png
39,3,671,lattice,1,i,img/target_8.png
39,3,672,lattice,2,b,img/target_6.png
39,3,673,lattice,3,v,img/target_5.png
39,3,674,lattice,4,u,img/target_7.png
39,3,675,lattice,6,r,img/target_4.png
39,3,676,lattice,5,p,img/target_10.png
39,3,677,lattice,6,r,img/target_4.png
39,3,678,lattice,7,o,img/target_9.png
39,3,679,lattice,5,p,img/target_10.png
39,3,680,lattice,6,r,img/target_4.png
39,3,681,lattice,5,p,img/target_10.png
39,3,682,lattice,3,v,img/target_5.png
39,3,683,lattice,4,u,img/target_7.png
39,3,684,lattice,5,p,img/target_10.png
39,3,685,lattice,4,u,img/target_7.png
39,3,686,lattice,6,r,img/target_4.png
39,3,687,lattice,8,q,img/target_1.png
39,3,688,lattice,6,r,img/target_4.png
39,3,689,lattice,4,u,img/target_7.png
39,3,690,lattice,2,b,img/target_6.png
39,3,691,lattice,0,e,img/target_3.png
39,3,692,lattice,8,q,img/target_1.png
39,3,693,lattice,0,e,img/target_3.png
39,3,694,lattice,2,b,img/target_6.png
39,3,695,lattice,1,i,img/target_8.png
39,3,696,lattice,2,b,img/target_6.png
39,3,697,lattice,3,v,img/target_5.png
39,3,698,lattice,1,i,img/target_8.png
39,3,699,lattice,2,b,img/target_6.png
39,3,700,lattice,3,v,img/target_5.png
39,3,701,lattice,1,i,img/target_8.png
39,3,702,lattice,9,w,img/target_2.png
39,3,703,lattice,8,q,img/target_1.png
39,3,704,lattice,0,e,img/target_3.png
39,3,705,lattice,8,q,img/target_1.png
39,3,706,lattice,7,o,img/target_9.png
39,3,707,lattice,6,r,img/target_4.png
39,3,708,lattice,7,o,img/target_9.png
39,3,709,lattice,5,p,img/target_10.png
39,3,710,lattice,3,v,img/target_5.png
39,3,711,lattice,5,p,img/target_10.png
39,3,712,lattice,6,r,img/target_4.png
39,3,713,lattice,7,o,img/target_9.png
39,3,714,lattice,9,w,img/target_2.png
39,3,715,lattice,7,o,img/target_9.png
39,3,716,lattice,9,w,img/target_2.png
39,3,717,lattice,1,i,img/target_8.png
39,3,718,lattice,0,e,img/target_3.png
39,3,719,lattice,1,i,img/target_8.png
39,3,720,lattice,0,e,img/target_3.png
39,3,721,lattice,2,b,img/target_6.png
39,3,722,lattice,0,e,img/target_3.png
39,3,723,lattice,1,i,img/target_8.png
39,3,724,lattice,2,b,img/target_6.png
39,3,725,lattice,4,u,img/target_7.png
39,3,726,lattice,3,v,img/target_5.png
39,3,727,lattice,2,b,img/target_6.png
39,3,728,lattice,1,i,img/target_8.png
39,3,729,lattice,9,w,img/target_2.png
39,3,730,lattice,8,q,img/target_1.png
39,3,731,lattice,6,r,img/target_4.png
39,3,732,lattice,5,p,img/target_10.png
39,3,733,lattice,4,u,img/target_7.png
39,3,734,lattice,6,r,img/target_4.png
39,3,735,lattice,7,o,img/target_9.png
39,3,736,lattice,5,p,img/target_10.png
39,3,737,lattice,6,r,img/target_4.png
39,3,738,lattice,8,q,img/target_1.png
39,3,739,lattice,0,e,img/target_3.png
39,3,740,lattice,2,b,img/target_6.png
39,3,741,lattice,3,v,img/target_5.png
39,3,742,lattice,1,i,img/target_8.png
39,3,743,lattice,9,w,img/target_2.png
39,3,744,lattice,1,i,img/target_8.png
39,3,745,lattice,3,v,img/target_5.png
39,3,746,lattice,4,u,img/target_7.png
39,3,747,lattice,6,r,img/target_4.png
39,3,748,lattice,8,q,img/target_1.png
39,3,749,lattice,7,o,img/target_9.png
39,3,750,lattice,5,p,img/target_10.png
39,3,751,lattice,6,r,img/target_4.png
39,3,752,lattice,5,p,img/target_10.png
39,3,753,lattice,4,u,img/target_7.png
39,3,754,lattice,5,p,img/target_10.png
39,3,755,lattice,6,r,img/target_4.png
39,3,756,lattice,4,u,img/target_7.png
39,3,757,lattice,5,p,img/target_10.png
39,3,758,lattice,6,r,img/target_4.png
39,3,759,lattice,5,p,img/target_10.png
39,3,760,lattice,4,u,img/target_7.png
39,3,761,lattice,3,v,img/target_5.png
39,3,762,lattice,4,u,img/target_7.png
39,3,763,lattice,3,v,img/target_5.png
39,3,764,lattice,5,p,img/target_10.png
39,3,765,lattice,7,o,img/target_9.png
39,3,766,lattice,6,r,img/target_4.png
39,3,767,lattice,7,o,img/target_9.png
39,3,768,lattice,8,q,img/target_1.png
39,3,769,lattice,9,w,img/target_2.png
39,3,770,lattice,0,e,img/target_3.png
39,3,771,lattice,1,i,img/target_8.png
39,3,772,lattice,3,v,img/target_5.png
39,3,773,lattice,5,p,img/target_10.png
39,3,774,lattice,6,r,img/target_4.png
39,3,775,lattice,8,q,img/target_1.png
39,3,776,lattice,7,o,img/target_9.png
39,3,777,lattice,8,q,img/target_1.png
39,3,778,lattice,7,o,img/target_9.png
39,3,779,lattice,6,r,img/target_4.png
39,3,780,lattice,8,q,img/target_1.png
39,3,781,lattice,9,w,img/target_2.png
39,3,782,lattice,7,o,img/target_9.png
39,3,783,lattice,6,r,img/target_4.png
39,3,784,lattice,7,o,img/target_9.png
39,3,785,lattice,9,w,img/target_2.png
39,3,786,lattice,0,e,img/target_3.png
39,3,787,lattice,8,q,img/target_1.png
39,3,788,lattice,9,w,img/target_2.png
39,3,789,lattice,8,q,img/target_1.png
39,3,790,lattice,7,o,img/target_9.png
39,3,791,lattice,6,r,img/target_4.png
39,3,792,lattice,8,q,img/target_1.png
39,3,793,lattice,0,e,img/target_3.png
39,3,794,lattice,9,w,img/target_2.png
39,3,795,lattice,0,e,img/target_3.png
39,3,796,lattice,1,i,img/target_8.png
39,3,797,lattice,2,b,img/target_6.png
39,3,798,lattice,3,v,img/target_5.png
39,3,799,lattice,1,i,img/target_8.png
39,3,800,lattice,9,w,img/target_2.png
39,3,801,lattice,8,q,img/target_1.png
39,3,802,lattice,9,w,img/target_2.png
39,3,803,lattice,8,q,img/target_1.png
39,3,804,lattice,0,e,img/target_3.png
39,3,805,lattice,9,w,img/target_2.png
39,3,806,lattice,7,o,img/target_9.png
39,3,807,lattice,6,r,img/target_4.png
39,3,808,lattice,8,q,img/target_1.png
39,3,809,lattice,0,e,img/target_3.png
39,3,810,lattice,2,b,img/target_6.png
39,3,811,lattice,4,u,img/target_7.png
39,3,812,lattice,5,p,img/target_10.png
39,3,813,lattice,6,r,img/target_4.png
39,3,814,lattice,8,q,img/target_1.png
39,3,815,lattice,7,o,img/target_9.png
39,3,816,lattice,9,w,img/target_2.png
39,3,817,lattice,8,q,img/target_1.png
39,3,818,lattice,7,o,img/target_9.png
39,3,819,lattice,9,w,img/target_2.png
39,3,820,lattice,0,e,img/target_3.png
39,3,821,lattice,2,b,img/target_6.png
39,3,822,lattice,3,v,img/target_5.png
39,3,823,lattice,5,p,img/target_10.png
39,3,824,lattice,6,r,img/target_4.png
39,3,825,lattice,4,u,img/target_7.png
39,3,826,lattice,2,b,img/target_6.png
39,3,827,lattice,4,u,img/target_7.png
39,3,828,lattice,3,v,img/target_5.png
39,3,829,lattice,4,u,img/target_7.png
39,3,830,lattice,5,p,img/target_10.png
39,3,831,lattice,7,o,img/target_9.png
39,3,832,lattice,8,q,img/target_1.png
39,3,833,lattice,0,e,img/target_3.png
39,3,834,lattice,8,q,img/target_1.png
39,3,835,lattice,6,r,img/target_4.png
39,3,836,lattice,8,q,img/target_1.png
39,3,837,lattice,6,r,img/target_4.png
39,3,838,lattice,4,u,img/target_7.png
39,3,839,lattice,3,v,img/target_5.png
39,3,840,lattice,5,p,img/target_10.png
39,3,841,lattice,6,r,img/target_4.png
39,3,842,lattice,8,q,img/target_1.png
39,3,843,lattice,9,w,img/target_2.png
39,3,844,lattice,7,o,img/target_9.png
39,3,845,lattice,6,r,img/target_4.png
39,3,846,lattice,7,o,img/target_9.png
39,3,847,lattice,9,w,img/target_2.png
39,3,848,lattice,1,i,img/target_8.png
39,3,849,lattice,9,w,img/target_2.png
39,3,850,lattice,1,i,img/target_8.png
39,3,851,lattice,9,w,img/target_2.png
39,3,852,lattice,8,q,img/target_1.png
39,3,853,lattice,0,e,img/target_3.png
39,3,854,lattice,8,q,img/target_1.png
39,3,855,lattice,6,r,img/target_4.png
39,3,856,lattice,5,p,img/target_10.png
39,3,857,lattice,3,v,img/target_5.png
39,3,858,lattice,4,u,img/target_7.png
39,3,859,lattice,3,v,img/target_5.png
39,3,860,lattice,1,i,img/target_8.png
39,3,861,lattice,2,b,img/target_6.png
39,3,862,lattice,0,e,img/target_3.png
39,3,863,lattice,8,q,img/target_1.png
39,3,864,lattice,6,r,img/target_4.png
39,3,865,lattice,5,p,img/target_10.png
39,3,866,lattice,4,u,img/target_7.png
39,3,867,lattice,2,b,img/target_6.png
39,3,868,lattice,1,i,img/target_8.png
39,3,869,lattice,0,e,img/target_3.png
39,3,870,lattice,8,q,img/target_1.png
39,3,871,lattice,6,r,img/target_4.png
39,3,872,lattice,8,q,img/target_1.png
39,3,873,lattice,6,r,img/target_4.png
39,3,874,lattice,5,p,img/target_10.png
39,3,875,lattice,6,r,img/target_4.png
39,3,876,lattice,4,u,img/target_7.png
39,3,877,lattice,3,v,img/target_5.png
39,3,878,lattice,5,p,img/target_10.png
39,3,879,lattice,6,r,img/target_4.png
39,3,880,lattice,4,u,img/target_7.png
39,3,881,lattice,3,v,img/target_5.png
39,3,882,lattice,4,u,img/target_7.png
39,3,883,lattice,2,b,img/target_6.png
39,3,884,lattice,3,v,img/target_5.png
39,3,885,lattice,1,i,img/target_8.png
39,3,886,lattice,9,w,img/target_2.png
39,3,887,lattice,1,i,img/target_8.png
39,3,888,lattice,9,w,img/target_2.png
39,3,889,lattice,7,o,img/target_9.png
39,3,890,lattice,9,w,img/target_2.png
39,3,891,lattice,0,e,img/target_3.png
39,3,892,lattice,9,w,img/target_2.png
39,3,893,lattice,7,o,img/target_9.png
39,3,894,lattice,5,p,img/target_10.png
39,3,895,lattice,6,r,img/target_4.png
39,3,896,lattice,4,u,img/target_7.png
39,3,897,lattice,6,r,img/target_4.png
39,3,898,lattice,8,q,img/target_1.png
39,3,899,lattice,0,e,img/target_3.png
39,3,900,lattice,1,i,img/target_8.png
39,3,901,lattice,3,v,img/target_5.png
39,3,902,lattice,1,i,img/target_8.png
39,3,903,lattice,3,v,img/target_5.png
39,3,904,lattice,4,u,img/target_7.png
39,3,905,lattice,2,b,img/target_6.png
39,3,906,lattice,1,i,img/target_8.png
39,3,907,lattice,3,v,img/target_5.png
39,3,908,lattice,2,b,img/target_6.png
39,3,909,lattice,0,e,img/target_3.png
39,3,910,lattice,1,i,img/target_8.png
39,3,911,lattice,3,v,img/target_5.png
39,3,912,lattice,4,u,img/target_7.png
39,3,913,lattice,2,b,img/target_6.png
39,3,914,lattice,3,v,img/target_5.png
39,3,915,lattice,1,i,img/target_8.png
39,3,916,lattice,9,w,img/target_2.png
39,3,917,lattice,0,e,img/target_3.png
39,3,918,lattice,2,b,img/target_6.png
39,3,919,lattice,1,i,img/target_8.png
39,3,920,lattice,9,w,img/target_2.png
39,3,921,lattice,1,i,img/target_8.png
39,3,922,lattice,9,w,img/target_2.png
39,3,923,lattice,0,e,img/target_3.png
39,3,924,lattice,8,q,img/target_1.png
39,3,925,lattice,0,e,img/target_3.png
39,3,926,lattice,9,w,img/target_2.png
39,3,927,lattice,0,e,img/target_3.png
39,3,928,lattice,9,w,img/target_2.png
39,3,929,lattice,7,o,img/target_9.png
39,3,930,lattice,8,q,img/target_1.png
39,3,931,lattice,6,r,img/target_4.png
39,3,932,lattice,8,q,img/target_1.png
39,3,933,lattice,0,e,img/target_3.png
39,3,934,lattice,9,w,img/target_2.png
39,3,935,lattice,8,q,img/target_1.png
39,3,936,lattice,7,o,img/target_9.png
39,3,937,lattice,8,q,img/target_1.png
39,3,938,lattice,9,w,img/target_2.png
39,3,939,lattice,7,o,img/target_9.png
39,3,940,lattice,9,w,img/target_2.png
39,3,941,lattice,0,e,img/target_3.png
39,3,942,lattice,9,w,img/target_2.png
39,3,943,lattice,0,e,img/target_3.png
39,3,944,lattice,1,i,img/target_8.png
39,3,945,lattice,0,e,img/target_3.png
39,3,946,lattice,9,w,img/target_2.png
39,3,947,lattice,8,q,img/target_1.png
39,3,948,lattice,6,r,img/target_4.png
39,3,949,lattice,8,q,img/target_1.png
39,3,950,lattice,7,o,img/target_9.png
39,3,951,lattice,8,q,img/target_1.png
39,3,952,lattice,9,w,img/target_2.png
39,3,953,lattice,7,o,img/target_9.png
39,3,954,lattice,8,q,img/target_1.png
39,3,955,lattice,9,w,img/target_2.png
39,3,956,lattice,0,e,img/target_3.png
39,3,957,lattice,9,w,img/target_2.png
39,3,958,lattice,1,i,img/target_8.png
39,3,959,lattice,9,w,img/target_2.png
39,3,960,lattice,1,i,img/target_8.png
39,3,961,lattice,0,e,img/target_3.png
39,3,962,lattice,8,q,img/target_1.png
39,3,963,lattice,6,r,img/target_4.png
39,3,964,lattice,5,p,img/target_10.png
39,3,965,lattice,6,r,img/target_4.png
39,3,966,lattice,8,q,img/target_1.png
39,3,967,lattice,0,e,img/target_3.png
39,3,968,lattice,9,w,img/target_2.png
39,3,969,lattice,1,i,img/target_8.png
39,3,970,lattice,3,v,img/target_5.png
39,3,971,lattice,1,i,img/target_8.png
39,3,972,lattice,3,v,img/target_5.png
39,3,973,lattice,2,b,img/target_6.png
39,3,974,lattice,4,u,img/target_7.png
39,3,975,lattice,5,p,img/target_10.png
39,3,976,lattice,4,u,img/target_7.png
39,3,977,lattice,2,b,img/target_6.png
39,3,978,lattice,3,v,img/target_5.png
39,3,979,lattice,1,i,img/target_8.png
39,3,980,lattice,9,w,img/target_2.png
39,3,981,lattice,8,q,img/target_1.png
39,3,982,lattice,7,o,img/target_9.png
39,3,983,lattice,6,r,img/target_4.png
39,3,984,lattice,5,p,img/target_10.png
39,3,985,lattice,4,u,img/target_7.png
39,3,986,lattice,2,b,img/target_6.png
39,3,987,lattice,0,e,img/target_3.png
39,3,988,lattice,2,b,img/target_6.png
39,3,989,lattice,3,v,img/target_5.png
39,3,990,lattice,5,p,img/target_10.png
39,3,991,lattice,7,o,img/target_9.png
39,3,992,lattice,5,p,img/target_10.png
39,3,993,lattice,4,u,img/target_7.png
39,3,994,lattice,3,v,img/target_5.png
39,3,995,lattice,2,b,img/target_6.png
39,3,996,lattice,0,e,img/target_3.png
39,3,997,lattice,1,i,img/target_8.png
39,3,998,lattice,2,b,img/target_6.png
39,3,999,lattice,1,i,img/target_8.png
39,3,1000,lattice,2,b,img/target_6.png
