pID,sess,trialNum,graph,walk,resp,path
38,2,1,modular,7,o,img/target_9.png
38,2,2,modular,9,v,img/target_5.png
38,2,3,modular,8,u,img/target_7.png
38,2,4,modular,6,p,img/target_10.png
38,2,5,modular,5,b,img/target_6.png
38,2,6,modular,7,o,img/target_9.png
38,2,7,modular,8,u,img/target_7.png
38,2,8,modular,7,o,img/target_9.png
38,2,9,modular,9,v,img/target_5.png
38,2,10,modular,6,p,img/target_10.png
38,2,11,modular,9,v,img/target_5.png
38,2,12,modular,7,o,img/target_9.png
38,2,13,modular,9,v,img/target_5.png
38,2,14,modular,6,p,img/target_10.png
38,2,15,modular,7,o,img/target_9.png
38,2,16,modular,6,p,img/target_10.png
38,2,17,modular,5,b,img/target_6.png
38,2,18,modular,6,p,img/target_10.png
38,2,19,modular,9,v,img/target_5.png
38,2,20,modular,6,p,img/target_10.png
38,2,21,modular,9,v,img/target_5.png
38,2,22,modular,0,r,img/target_4.png
38,2,23,modular,1,q,img/target_1.png
38,2,24,modular,0,r,img/target_4.png
38,2,25,modular,9,v,img/target_5.png
38,2,26,modular,0,r,img/target_4.png
38,2,27,modular,3,e,img/target_3.png
38,2,28,modular,0,r,img/target_4.png
38,2,29,modular,2,i,img/target_8.png
38,2,30,modular,1,q,img/target_1.png
38,2,31,modular,4,w,img/target_2.png
38,2,32,modular,5,b,img/target_6.png
38,2,33,modular,6,p,img/target_10.png
38,2,34,modular,9,v,img/target_5.png
38,2,35,modular,6,p,img/target_10.png
38,2,36,modular,7,o,img/target_9.png
38,2,37,modular,6,p,img/target_10.png
38,2,38,modular,7,o,img/target_9.png
38,2,39,modular,9,v,img/target_5.png
38,2,40,modular,6,p,img/target_10.png
38,2,41,modular,8,u,img/target_7.png
38,2,42,modular,7,o,img/target_9.png
38,2,43,modular,9,v,img/target_5.png
38,2,44,modular,6,p,img/target_10.png
38,2,45,modular,5,b,img/target_6.png
38,2,46,modular,6,p,img/target_10.png
38,2,47,modular,5,b,img/target_6.png
38,2,48,modular,4,w,img/target_2.png
38,2,49,modular,3,e,img/target_3.png
38,2,50,modular,0,r,img/target_4.png
38,2,51,modular,1,q,img/target_1.png
38,2,52,modular,0,r,img/target_4.png
38,2,53,modular,1,q,img/target_1.png
38,2,54,modular,0,r,img/target_4.png
38,2,55,modular,1,q,img/target_1.png
38,2,56,modular,3,e,img/target_3.png
38,2,57,modular,1,q,img/target_1.png
38,2,58,modular,4,w,img/target_2.png
38,2,59,modular,2,i,img/target_8.png
38,2,60,modular,1,q,img/target_1.png
38,2,61,modular,2,i,img/target_8.png
38,2,62,modular,3,e,img/target_3.png
38,2,63,modular,0,r,img/target_4.png
38,2,64,modular,1,q,img/target_1.png
38,2,65,modular,0,r,img/target_4.png
38,2,66,modular,9,v,img/target_5.png
38,2,67,modular,8,u,img/target_7.png
38,2,68,modular,9,v,img/target_5.png
38,2,69,modular,8,u,img/target_7.png
38,2,70,modular,9,v,img/target_5.png
38,2,71,modular,6,p,img/target_10.png
38,2,72,modular,8,u,img/target_7.png
38,2,73,modular,6,p,img/target_10.png
38,2,74,modular,9,v,img/target_5.png
38,2,75,modular,0,r,img/target_4.png
38,2,76,modular,3,e,img/target_3.png
38,2,77,modular,4,w,img/target_2.png
38,2,78,modular,1,q,img/target_1.png
38,2,79,modular,0,r,img/target_4.png
38,2,80,modular,2,i,img/target_8.png
38,2,81,modular,1,q,img/target_1.png
38,2,82,modular,3,e,img/target_3.png
38,2,83,modular,4,w,img/target_2.png
38,2,84,modular,1,q,img/target_1.png
38,2,85,modular,2,i,img/target_8.png
38,2,86,modular,1,q,img/target_1.png
38,2,87,modular,0,r,img/target_4.png
38,2,88,modular,2,i,img/target_8.png
38,2,89,modular,1,q,img/target_1.png
38,2,90,modular,2,i,img/target_8.png
38,2,91,modular,1,q,img/target_1.png
38,2,92,modular,0,r,img/target_4.png
38,2,93,modular,1,q,img/target_1.png
38,2,94,modular,0,r,img/target_4.png
38,2,95,modular,3,e,img/target_3.png
38,2,96,modular,4,w,img/target_2.png
38,2,97,modular,2,i,img/target_8.png
38,2,98,modular,3,e,img/target_3.png
38,2,99,modular,1,q,img/target_1.png
38,2,100,modular,2,i,img/target_8.png
38,2,101,modular,0,r,img/target_4.png
38,2,102,modular,3,e,img/target_3.png
38,2,103,modular,1,q,img/target_1.png
38,2,104,modular,3,e,img/target_3.png
38,2,105,modular,2,i,img/target_8.png
38,2,106,modular,0,r,img/target_4.png
38,2,107,modular,3,e,img/target_3.png
38,2,108,modular,2,i,img/target_8.png
38,2,109,modular,4,w,img/target_2.png
38,2,110,modular,3,e,img/target_3.png
38,2,111,modular,1,q,img/target_1.png
38,2,112,modular,3,e,img/target_3.png
38,2,113,modular,2,i,img/target_8.png
38,2,114,modular,0,r,img/target_4.png
38,2,115,modular,1,q,img/target_1.png
38,2,116,modular,2,i,img/target_8.png
38,2,117,modular,1,q,img/target_1.png
38,2,118,modular,4,w,img/target_2.png
38,2,119,modular,1,q,img/target_1.png
38,2,120,modular,2,i,img/target_8.png
38,2,121,modular,1,q,img/target_1.png
38,2,122,modular,4,w,img/target_2.png
38,2,123,modular,5,b,img/target_6.png
38,2,124,modular,6,p,img/target_10.png
38,2,125,modular,5,b,img/target_6.png
38,2,126,modular,4,w,img/target_2.png
38,2,127,modular,2,i,img/target_8.png
38,2,128,modular,0,r,img/target_4.png
38,2,129,modular,1,q,img/target_1.png
38,2,130,modular,0,r,img/target_4.png
38,2,131,modular,3,e,img/target_3.png
38,2,132,modular,0,r,img/target_4.png
38,2,133,modular,1,q,img/target_1.png
38,2,134,modular,2,i,img/target_8.png
38,2,135,modular,0,r,img/target_4.png
38,2,136,modular,1,q,img/target_1.png
38,2,137,modular,4,w,img/target_2.png
38,2,138,modular,3,e,img/target_3.png
38,2,139,modular,2,i,img/target_8.png
38,2,140,modular,3,e,img/target_3.png
38,2,141,modular,2,i,img/target_8.png
38,2,142,modular,0,r,img/target_4.png
38,2,143,modular,1,q,img/target_1.png
38,2,144,modular,4,w,img/target_2.png
38,2,145,modular,5,b,img/target_6.png
38,2,146,modular,8,u,img/target_7.png
38,2,147,modular,6,p,img/target_10.png
38,2,148,modular,7,o,img/target_9.png
38,2,149,modular,8,u,img/target_7.png
38,2,150,modular,5,b,img/target_6.png
38,2,151,modular,6,p,img/target_10.png
38,2,152,modular,7,o,img/target_9.png
38,2,153,modular,6,p,img/target_10.png
38,2,154,modular,5,b,img/target_6.png
38,2,155,modular,8,u,img/target_7.png
38,2,156,modular,9,v,img/target_5.png
38,2,157,modular,7,o,img/target_9.png
38,2,158,modular,8,u,img/target_7.png
38,2,159,modular,7,o,img/target_9.png
38,2,160,modular,8,u,img/target_7.png
38,2,161,modular,5,b,img/target_6.png
38,2,162,modular,8,u,img/target_7.png
38,2,163,modular,9,v,img/target_5.png
38,2,164,modular,0,r,img/target_4.png
38,2,165,modular,9,v,img/target_5.png
38,2,166,modular,0,r,img/target_4.png
38,2,167,modular,9,v,img/target_5.png
38,2,168,modular,8,u,img/target_7.png
38,2,169,modular,6,p,img/target_10.png
38,2,170,modular,5,b,img/target_6.png
38,2,171,modular,8,u,img/target_7.png
38,2,172,modular,9,v,img/target_5.png
38,2,173,modular,7,o,img/target_9.png
38,2,174,modular,8,u,img/target_7.png
38,2,175,modular,7,o,img/target_9.png
38,2,176,modular,5,b,img/target_6.png
38,2,177,modular,4,w,img/target_2.png
38,2,178,modular,1,q,img/target_1.png
38,2,179,modular,4,w,img/target_2.png
38,2,180,modular,1,q,img/target_1.png
38,2,181,modular,2,i,img/target_8.png
38,2,182,modular,3,e,img/target_3.png
38,2,183,modular,4,w,img/target_2.png
38,2,184,modular,3,e,img/target_3.png
38,2,185,modular,1,q,img/target_1.png
38,2,186,modular,2,i,img/target_8.png
38,2,187,modular,1,q,img/target_1.png
38,2,188,modular,2,i,img/target_8.png
38,2,189,modular,0,r,img/target_4.png
38,2,190,modular,9,v,img/target_5.png
38,2,191,modular,7,o,img/target_9.png
38,2,192,modular,9,v,img/target_5.png
38,2,193,modular,7,o,img/target_9.png
38,2,194,modular,5,b,img/target_6.png
38,2,195,modular,4,w,img/target_2.png
38,2,196,modular,3,e,img/target_3.png
38,2,197,modular,1,q,img/target_1.png
38,2,198,modular,0,r,img/target_4.png
38,2,199,modular,1,q,img/target_1.png
38,2,200,modular,0,r,img/target_4.png
38,2,201,modular,2,i,img/target_8.png
38,2,202,modular,4,w,img/target_2.png
38,2,203,modular,3,e,img/target_3.png
38,2,204,modular,0,r,img/target_4.png
38,2,205,modular,9,v,img/target_5.png
38,2,206,modular,6,p,img/target_10.png
38,2,207,modular,9,v,img/target_5.png
38,2,208,modular,7,o,img/target_9.png
38,2,209,modular,5,b,img/target_6.png
38,2,210,modular,8,u,img/target_7.png
38,2,211,modular,6,p,img/target_10.png
38,2,212,modular,8,u,img/target_7.png
38,2,213,modular,6,p,img/target_10.png
38,2,214,modular,7,o,img/target_9.png
38,2,215,modular,9,v,img/target_5.png
38,2,216,modular,7,o,img/target_9.png
38,2,217,modular,5,b,img/target_6.png
38,2,218,modular,7,o,img/target_9.png
38,2,219,modular,8,u,img/target_7.png
38,2,220,modular,7,o,img/target_9.png
38,2,221,modular,9,v,img/target_5.png
38,2,222,modular,6,p,img/target_10.png
38,2,223,modular,7,o,img/target_9.png
38,2,224,modular,6,p,img/target_10.png
38,2,225,modular,9,v,img/target_5.png
38,2,226,modular,8,u,img/target_7.png
38,2,227,modular,5,b,img/target_6.png
38,2,228,modular,8,u,img/target_7.png
38,2,229,modular,9,v,img/target_5.png
38,2,230,modular,7,o,img/target_9.png
38,2,231,modular,9,v,img/target_5.png
38,2,232,modular,6,p,img/target_10.png
38,2,233,modular,8,u,img/target_7.png
38,2,234,modular,7,o,img/target_9.png
38,2,235,modular,6,p,img/target_10.png
38,2,236,modular,7,o,img/target_9.png
38,2,237,modular,6,p,img/target_10.png
38,2,238,modular,8,u,img/target_7.png
38,2,239,modular,9,v,img/target_5.png
38,2,240,modular,0,r,img/target_4.png
38,2,241,modular,9,v,img/target_5.png
38,2,242,modular,7,o,img/target_9.png
38,2,243,modular,5,b,img/target_6.png
38,2,244,modular,8,u,img/target_7.png
38,2,245,modular,9,v,img/target_5.png
38,2,246,modular,6,p,img/target_10.png
38,2,247,modular,8,u,img/target_7.png
38,2,248,modular,5,b,img/target_6.png
38,2,249,modular,6,p,img/target_10.png
38,2,250,modular,5,b,img/target_6.png
38,2,251,modular,6,p,img/target_10.png
38,2,252,modular,9,v,img/target_5.png
38,2,253,modular,8,u,img/target_7.png
38,2,254,modular,9,v,img/target_5.png
38,2,255,modular,6,p,img/target_10.png
38,2,256,modular,7,o,img/target_9.png
38,2,257,modular,9,v,img/target_5.png
38,2,258,modular,7,o,img/target_9.png
38,2,259,modular,5,b,img/target_6.png
38,2,260,modular,6,p,img/target_10.png
38,2,261,modular,7,o,img/target_9.png
38,2,262,modular,8,u,img/target_7.png
38,2,263,modular,6,p,img/target_10.png
38,2,264,modular,8,u,img/target_7.png
38,2,265,modular,5,b,img/target_6.png
38,2,266,modular,4,w,img/target_2.png
38,2,267,modular,2,i,img/target_8.png
38,2,268,modular,3,e,img/target_3.png
38,2,269,modular,4,w,img/target_2.png
38,2,270,modular,3,e,img/target_3.png
38,2,271,modular,0,r,img/target_4.png
38,2,272,modular,2,i,img/target_8.png
38,2,273,modular,3,e,img/target_3.png
38,2,274,modular,4,w,img/target_2.png
38,2,275,modular,3,e,img/target_3.png
38,2,276,modular,1,q,img/target_1.png
38,2,277,modular,4,w,img/target_2.png
38,2,278,modular,5,b,img/target_6.png
38,2,279,modular,4,w,img/target_2.png
38,2,280,modular,3,e,img/target_3.png
38,2,281,modular,4,w,img/target_2.png
38,2,282,modular,5,b,img/target_6.png
38,2,283,modular,6,p,img/target_10.png
38,2,284,modular,9,v,img/target_5.png
38,2,285,modular,7,o,img/target_9.png
38,2,286,modular,8,u,img/target_7.png
38,2,287,modular,5,b,img/target_6.png
38,2,288,modular,7,o,img/target_9.png
38,2,289,modular,8,u,img/target_7.png
38,2,290,modular,7,o,img/target_9.png
38,2,291,modular,8,u,img/target_7.png
38,2,292,modular,5,b,img/target_6.png
38,2,293,modular,6,p,img/target_10.png
38,2,294,modular,5,b,img/target_6.png
38,2,295,modular,4,w,img/target_2.png
38,2,296,modular,3,e,img/target_3.png
38,2,297,modular,2,i,img/target_8.png
38,2,298,modular,4,w,img/target_2.png
38,2,299,modular,5,b,img/target_6.png
38,2,300,modular,7,o,img/target_9.png
38,2,301,modular,8,u,img/target_7.png
38,2,302,modular,7,o,img/target_9.png
38,2,303,modular,5,b,img/target_6.png
38,2,304,modular,7,o,img/target_9.png
38,2,305,modular,5,b,img/target_6.png
38,2,306,modular,7,o,img/target_9.png
38,2,307,modular,5,b,img/target_6.png
38,2,308,modular,4,w,img/target_2.png
38,2,309,modular,3,e,img/target_3.png
38,2,310,modular,1,q,img/target_1.png
38,2,311,modular,3,e,img/target_3.png
38,2,312,modular,1,q,img/target_1.png
38,2,313,modular,0,r,img/target_4.png
38,2,314,modular,1,q,img/target_1.png
38,2,315,modular,3,e,img/target_3.png
38,2,316,modular,4,w,img/target_2.png
38,2,317,modular,5,b,img/target_6.png
38,2,318,modular,6,p,img/target_10.png
38,2,319,modular,7,o,img/target_9.png
38,2,320,modular,6,p,img/target_10.png
38,2,321,modular,9,v,img/target_5.png
38,2,322,modular,7,o,img/target_9.png
38,2,323,modular,5,b,img/target_6.png
38,2,324,modular,7,o,img/target_9.png
38,2,325,modular,8,u,img/target_7.png
38,2,326,modular,7,o,img/target_9.png
38,2,327,modular,9,v,img/target_5.png
38,2,328,modular,0,r,img/target_4.png
38,2,329,modular,3,e,img/target_3.png
38,2,330,modular,4,w,img/target_2.png
38,2,331,modular,2,i,img/target_8.png
38,2,332,modular,4,w,img/target_2.png
38,2,333,modular,5,b,img/target_6.png
38,2,334,modular,6,p,img/target_10.png
38,2,335,modular,5,b,img/target_6.png
38,2,336,modular,8,u,img/target_7.png
38,2,337,modular,7,o,img/target_9.png
38,2,338,modular,6,p,img/target_10.png
38,2,339,modular,5,b,img/target_6.png
38,2,340,modular,8,u,img/target_7.png
38,2,341,modular,7,o,img/target_9.png
38,2,342,modular,8,u,img/target_7.png
38,2,343,modular,5,b,img/target_6.png
38,2,344,modular,6,p,img/target_10.png
38,2,345,modular,9,v,img/target_5.png
38,2,346,modular,8,u,img/target_7.png
38,2,347,modular,5,b,img/target_6.png
38,2,348,modular,4,w,img/target_2.png
38,2,349,modular,1,q,img/target_1.png
38,2,350,modular,0,r,img/target_4.png
38,2,351,modular,3,e,img/target_3.png
38,2,352,modular,2,i,img/target_8.png
38,2,353,modular,3,e,img/target_3.png
38,2,354,modular,1,q,img/target_1.png
38,2,355,modular,3,e,img/target_3.png
38,2,356,modular,1,q,img/target_1.png
38,2,357,modular,4,w,img/target_2.png
38,2,358,modular,5,b,img/target_6.png
38,2,359,modular,6,p,img/target_10.png
38,2,360,modular,9,v,img/target_5.png
38,2,361,modular,6,p,img/target_10.png
38,2,362,modular,7,o,img/target_9.png
38,2,363,modular,9,v,img/target_5.png
38,2,364,modular,0,r,img/target_4.png
38,2,365,modular,1,q,img/target_1.png
38,2,366,modular,2,i,img/target_8.png
38,2,367,modular,4,w,img/target_2.png
38,2,368,modular,5,b,img/target_6.png
38,2,369,modular,7,o,img/target_9.png
38,2,370,modular,5,b,img/target_6.png
38,2,371,modular,6,p,img/target_10.png
38,2,372,modular,7,o,img/target_9.png
38,2,373,modular,5,b,img/target_6.png
38,2,374,modular,6,p,img/target_10.png
38,2,375,modular,7,o,img/target_9.png
38,2,376,modular,5,b,img/target_6.png
38,2,377,modular,4,w,img/target_2.png
38,2,378,modular,2,i,img/target_8.png
38,2,379,modular,3,e,img/target_3.png
38,2,380,modular,2,i,img/target_8.png
38,2,381,modular,0,r,img/target_4.png
38,2,382,modular,3,e,img/target_3.png
38,2,383,modular,0,r,img/target_4.png
38,2,384,modular,1,q,img/target_1.png
38,2,385,modular,2,i,img/target_8.png
38,2,386,modular,3,e,img/target_3.png
38,2,387,modular,0,r,img/target_4.png
38,2,388,modular,3,e,img/target_3.png
38,2,389,modular,2,i,img/target_8.png
38,2,390,modular,1,q,img/target_1.png
38,2,391,modular,3,e,img/target_3.png
38,2,392,modular,2,i,img/target_8.png
38,2,393,modular,4,w,img/target_2.png
38,2,394,modular,5,b,img/target_6.png
38,2,395,modular,6,p,img/target_10.png
38,2,396,modular,7,o,img/target_9.png
38,2,397,modular,8,u,img/target_7.png
38,2,398,modular,6,p,img/target_10.png
38,2,399,modular,9,v,img/target_5.png
38,2,400,modular,6,p,img/target_10.png
38,2,401,modular,9,v,img/target_5.png
38,2,402,modular,8,u,img/target_7.png
38,2,403,modular,6,p,img/target_10.png
38,2,404,modular,9,v,img/target_5.png
38,2,405,modular,8,u,img/target_7.png
38,2,406,modular,9,v,img/target_5.png
38,2,407,modular,0,r,img/target_4.png
38,2,408,modular,9,v,img/target_5.png
38,2,409,modular,0,r,img/target_4.png
38,2,410,modular,3,e,img/target_3.png
38,2,411,modular,0,r,img/target_4.png
38,2,412,modular,1,q,img/target_1.png
38,2,413,modular,2,i,img/target_8.png
38,2,414,modular,0,r,img/target_4.png
38,2,415,modular,3,e,img/target_3.png
38,2,416,modular,0,r,img/target_4.png
38,2,417,modular,1,q,img/target_1.png
38,2,418,modular,2,i,img/target_8.png
38,2,419,modular,3,e,img/target_3.png
38,2,420,modular,4,w,img/target_2.png
38,2,421,modular,1,q,img/target_1.png
38,2,422,modular,0,r,img/target_4.png
38,2,423,modular,2,i,img/target_8.png
38,2,424,modular,1,q,img/target_1.png
38,2,425,modular,3,e,img/target_3.png
38,2,426,modular,0,r,img/target_4.png
38,2,427,modular,1,q,img/target_1.png
38,2,428,modular,0,r,img/target_4.png
38,2,429,modular,1,q,img/target_1.png
38,2,430,modular,4,w,img/target_2.png
38,2,431,modular,3,e,img/target_3.png
38,2,432,modular,4,w,img/target_2.png
38,2,433,modular,2,i,img/target_8.png
38,2,434,modular,4,w,img/target_2.png
38,2,435,modular,1,q,img/target_1.png
38,2,436,modular,3,e,img/target_3.png
38,2,437,modular,0,r,img/target_4.png
38,2,438,modular,1,q,img/target_1.png
38,2,439,modular,2,i,img/target_8.png
38,2,440,modular,4,w,img/target_2.png
38,2,441,modular,5,b,img/target_6.png
38,2,442,modular,6,p,img/target_10.png
38,2,443,modular,9,v,img/target_5.png
38,2,444,modular,7,o,img/target_9.png
38,2,445,modular,5,b,img/target_6.png
38,2,446,modular,4,w,img/target_2.png
38,2,447,modular,5,b,img/target_6.png
38,2,448,modular,4,w,img/target_2.png
38,2,449,modular,5,b,img/target_6.png
38,2,450,modular,8,u,img/target_7.png
38,2,451,modular,7,o,img/target_9.png
38,2,452,modular,8,u,img/target_7.png
38,2,453,modular,9,v,img/target_5.png
38,2,454,modular,0,r,img/target_4.png
38,2,455,modular,9,v,img/target_5.png
38,2,456,modular,0,r,img/target_4.png
38,2,457,modular,2,i,img/target_8.png
38,2,458,modular,0,r,img/target_4.png
38,2,459,modular,9,v,img/target_5.png
38,2,460,modular,0,r,img/target_4.png
38,2,461,modular,2,i,img/target_8.png
38,2,462,modular,3,e,img/target_3.png
38,2,463,modular,2,i,img/target_8.png
38,2,464,modular,1,q,img/target_1.png
38,2,465,modular,0,r,img/target_4.png
38,2,466,modular,2,i,img/target_8.png
38,2,467,modular,3,e,img/target_3.png
38,2,468,modular,4,w,img/target_2.png
38,2,469,modular,5,b,img/target_6.png
38,2,470,modular,4,w,img/target_2.png
38,2,471,modular,2,i,img/target_8.png
38,2,472,modular,1,q,img/target_1.png
38,2,473,modular,3,e,img/target_3.png
38,2,474,modular,0,r,img/target_4.png
38,2,475,modular,3,e,img/target_3.png
38,2,476,modular,0,r,img/target_4.png
38,2,477,modular,1,q,img/target_1.png
38,2,478,modular,3,e,img/target_3.png
38,2,479,modular,2,i,img/target_8.png
38,2,480,modular,4,w,img/target_2.png
38,2,481,modular,3,e,img/target_3.png
38,2,482,modular,1,q,img/target_1.png
38,2,483,modular,3,e,img/target_3.png
38,2,484,modular,1,q,img/target_1.png
38,2,485,modular,4,w,img/target_2.png
38,2,486,modular,1,q,img/target_1.png
38,2,487,modular,2,i,img/target_8.png
38,2,488,modular,4,w,img/target_2.png
38,2,489,modular,2,i,img/target_8.png
38,2,490,modular,4,w,img/target_2.png
38,2,491,modular,3,e,img/target_3.png
38,2,492,modular,2,i,img/target_8.png
38,2,493,modular,1,q,img/target_1.png
38,2,494,modular,0,r,img/target_4.png
38,2,495,modular,2,i,img/target_8.png
38,2,496,modular,0,r,img/target_4.png
38,2,497,modular,3,e,img/target_3.png
38,2,498,modular,0,r,img/target_4.png
38,2,499,modular,1,q,img/target_1.png
38,2,500,modular,3,e,img/target_3.png
38,2,501,modular,4,w,img/target_2.png
38,2,502,modular,2,i,img/target_8.png
38,2,503,modular,0,r,img/target_4.png
38,2,504,modular,1,q,img/target_1.png
38,2,505,modular,4,w,img/target_2.png
38,2,506,modular,2,i,img/target_8.png
38,2,507,modular,0,r,img/target_4.png
38,2,508,modular,2,i,img/target_8.png
38,2,509,modular,1,q,img/target_1.png
38,2,510,modular,4,w,img/target_2.png
38,2,511,modular,2,i,img/target_8.png
38,2,512,modular,1,q,img/target_1.png
38,2,513,modular,2,i,img/target_8.png
38,2,514,modular,1,q,img/target_1.png
38,2,515,modular,0,r,img/target_4.png
38,2,516,modular,3,e,img/target_3.png
38,2,517,modular,1,q,img/target_1.png
38,2,518,modular,0,r,img/target_4.png
38,2,519,modular,9,v,img/target_5.png
38,2,520,modular,7,o,img/target_9.png
38,2,521,modular,5,b,img/target_6.png
38,2,522,modular,7,o,img/target_9.png
38,2,523,modular,6,p,img/target_10.png
38,2,524,modular,7,o,img/target_9.png
38,2,525,modular,5,b,img/target_6.png
38,2,526,modular,8,u,img/target_7.png
38,2,527,modular,5,b,img/target_6.png
38,2,528,modular,8,u,img/target_7.png
38,2,529,modular,5,b,img/target_6.png
38,2,530,modular,6,p,img/target_10.png
38,2,531,modular,8,u,img/target_7.png
38,2,532,modular,7,o,img/target_9.png
38,2,533,modular,9,v,img/target_5.png
38,2,534,modular,6,p,img/target_10.png
38,2,535,modular,7,o,img/target_9.png
38,2,536,modular,5,b,img/target_6.png
38,2,537,modular,6,p,img/target_10.png
38,2,538,modular,5,b,img/target_6.png
38,2,539,modular,7,o,img/target_9.png
38,2,540,modular,9,v,img/target_5.png
38,2,541,modular,7,o,img/target_9.png
38,2,542,modular,9,v,img/target_5.png
38,2,543,modular,6,p,img/target_10.png
38,2,544,modular,8,u,img/target_7.png
38,2,545,modular,5,b,img/target_6.png
38,2,546,modular,4,w,img/target_2.png
38,2,547,modular,1,q,img/target_1.png
38,2,548,modular,2,i,img/target_8.png
38,2,549,modular,0,r,img/target_4.png
38,2,550,modular,3,e,img/target_3.png
38,2,551,modular,4,w,img/target_2.png
38,2,552,modular,2,i,img/target_8.png
38,2,553,modular,3,e,img/target_3.png
38,2,554,modular,2,i,img/target_8.png
38,2,555,modular,4,w,img/target_2.png
38,2,556,modular,5,b,img/target_6.png
38,2,557,modular,8,u,img/target_7.png
38,2,558,modular,9,v,img/target_5.png
38,2,559,modular,0,r,img/target_4.png
38,2,560,modular,9,v,img/target_5.png
38,2,561,modular,7,o,img/target_9.png
38,2,562,modular,9,v,img/target_5.png
38,2,563,modular,6,p,img/target_10.png
38,2,564,modular,9,v,img/target_5.png
38,2,565,modular,8,u,img/target_7.png
38,2,566,modular,5,b,img/target_6.png
38,2,567,modular,4,w,img/target_2.png
38,2,568,modular,1,q,img/target_1.png
38,2,569,modular,4,w,img/target_2.png
38,2,570,modular,1,q,img/target_1.png
38,2,571,modular,2,i,img/target_8.png
38,2,572,modular,3,e,img/target_3.png
38,2,573,modular,2,i,img/target_8.png
38,2,574,modular,1,q,img/target_1.png
38,2,575,modular,0,r,img/target_4.png
38,2,576,modular,9,v,img/target_5.png
38,2,577,modular,6,p,img/target_10.png
38,2,578,modular,5,b,img/target_6.png
38,2,579,modular,7,o,img/target_9.png
38,2,580,modular,6,p,img/target_10.png
38,2,581,modular,9,v,img/target_5.png
38,2,582,modular,8,u,img/target_7.png
38,2,583,modular,5,b,img/target_6.png
38,2,584,modular,4,w,img/target_2.png
38,2,585,modular,1,q,img/target_1.png
38,2,586,modular,3,e,img/target_3.png
38,2,587,modular,0,r,img/target_4.png
38,2,588,modular,3,e,img/target_3.png
38,2,589,modular,1,q,img/target_1.png
38,2,590,modular,0,r,img/target_4.png
38,2,591,modular,2,i,img/target_8.png
38,2,592,modular,1,q,img/target_1.png
38,2,593,modular,2,i,img/target_8.png
38,2,594,modular,0,r,img/target_4.png
38,2,595,modular,1,q,img/target_1.png
38,2,596,modular,0,r,img/target_4.png
38,2,597,modular,2,i,img/target_8.png
38,2,598,modular,0,r,img/target_4.png
38,2,599,modular,2,i,img/target_8.png
38,2,600,modular,0,r,img/target_4.png
38,2,601,modular,9,v,img/target_5.png
38,2,602,modular,7,o,img/target_9.png
38,2,603,modular,8,u,img/target_7.png
38,2,604,modular,9,v,img/target_5.png
38,2,605,modular,7,o,img/target_9.png
38,2,606,modular,5,b,img/target_6.png
38,2,607,modular,4,w,img/target_2.png
38,2,608,modular,1,q,img/target_1.png
38,2,609,modular,3,e,img/target_3.png
38,2,610,modular,0,r,img/target_4.png
38,2,611,modular,2,i,img/target_8.png
38,2,612,modular,4,w,img/target_2.png
38,2,613,modular,5,b,img/target_6.png
38,2,614,modular,8,u,img/target_7.png
38,2,615,modular,9,v,img/target_5.png
38,2,616,modular,7,o,img/target_9.png
38,2,617,modular,9,v,img/target_5.png
38,2,618,modular,7,o,img/target_9.png
38,2,619,modular,6,p,img/target_10.png
38,2,620,modular,7,o,img/target_9.png
38,2,621,modular,8,u,img/target_7.png
38,2,622,modular,6,p,img/target_10.png
38,2,623,modular,8,u,img/target_7.png
38,2,624,modular,6,p,img/target_10.png
38,2,625,modular,8,u,img/target_7.png
38,2,626,modular,9,v,img/target_5.png
38,2,627,modular,8,u,img/target_7.png
38,2,628,modular,6,p,img/target_10.png
38,2,629,modular,7,o,img/target_9.png
38,2,630,modular,6,p,img/target_10.png
38,2,631,modular,8,u,img/target_7.png
38,2,632,modular,7,o,img/target_9.png
38,2,633,modular,5,b,img/target_6.png
38,2,634,modular,7,o,img/target_9.png
38,2,635,modular,8,u,img/target_7.png
38,2,636,modular,5,b,img/target_6.png
38,2,637,modular,8,u,img/target_7.png
38,2,638,modular,6,p,img/target_10.png
38,2,639,modular,9,v,img/target_5.png
38,2,640,modular,8,u,img/target_7.png
38,2,641,modular,7,o,img/target_9.png
38,2,642,modular,5,b,img/target_6.png
38,2,643,modular,8,u,img/target_7.png
38,2,644,modular,9,v,img/target_5.png
38,2,645,modular,7,o,img/target_9.png
38,2,646,modular,6,p,img/target_10.png
38,2,647,modular,7,o,img/target_9.png
38,2,648,modular,8,u,img/target_7.png
38,2,649,modular,6,p,img/target_10.png
38,2,650,modular,7,o,img/target_9.png
38,2,651,modular,5,b,img/target_6.png
38,2,652,modular,6,p,img/target_10.png
38,2,653,modular,9,v,img/target_5.png
38,2,654,modular,8,u,img/target_7.png
38,2,655,modular,7,o,img/target_9.png
38,2,656,modular,6,p,img/target_10.png
38,2,657,modular,8,u,img/target_7.png
38,2,658,modular,9,v,img/target_5.png
38,2,659,modular,8,u,img/target_7.png
38,2,660,modular,5,b,img/target_6.png
38,2,661,modular,7,o,img/target_9.png
38,2,662,modular,6,p,img/target_10.png
38,2,663,modular,9,v,img/target_5.png
38,2,664,modular,7,o,img/target_9.png
38,2,665,modular,8,u,img/target_7.png
38,2,666,modular,9,v,img/target_5.png
38,2,667,modular,7,o,img/target_9.png
38,2,668,modular,9,v,img/target_5.png
38,2,669,modular,7,o,img/target_9.png
38,2,670,modular,6,p,img/target_10.png
38,2,671,modular,9,v,img/target_5.png
38,2,672,modular,0,r,img/target_4.png
38,2,673,modular,3,e,img/target_3.png
38,2,674,modular,2,i,img/target_8.png
38,2,675,modular,0,r,img/target_4.png
38,2,676,modular,2,i,img/target_8.png
38,2,677,modular,0,r,img/target_4.png
38,2,678,modular,9,v,img/target_5.png
38,2,679,modular,6,p,img/target_10.png
38,2,680,modular,8,u,img/target_7.png
38,2,681,modular,7,o,img/target_9.png
38,2,682,modular,6,p,img/target_10.png
38,2,683,modular,7,o,img/target_9.png
38,2,684,modular,8,u,img/target_7.png
38,2,685,modular,6,p,img/target_10.png
38,2,686,modular,8,u,img/target_7.png
38,2,687,modular,9,v,img/target_5.png
38,2,688,modular,7,o,img/target_9.png
38,2,689,modular,9,v,img/target_5.png
38,2,690,modular,0,r,img/target_4.png
38,2,691,modular,2,i,img/target_8.png
38,2,692,modular,3,e,img/target_3.png
38,2,693,modular,0,r,img/target_4.png
38,2,694,modular,3,e,img/target_3.png
38,2,695,modular,0,r,img/target_4.png
38,2,696,modular,2,i,img/target_8.png
38,2,697,modular,3,e,img/target_3.png
38,2,698,modular,2,i,img/target_8.png
38,2,699,modular,0,r,img/target_4.png
38,2,700,modular,1,q,img/target_1.png
38,2,701,modular,4,w,img/target_2.png
38,2,702,modular,5,b,img/target_6.png
38,2,703,modular,7,o,img/target_9.png
38,2,704,modular,6,p,img/target_10.png
38,2,705,modular,8,u,img/target_7.png
38,2,706,modular,9,v,img/target_5.png
38,2,707,modular,0,r,img/target_4.png
38,2,708,modular,3,e,img/target_3.png
38,2,709,modular,4,w,img/target_2.png
38,2,710,modular,2,i,img/target_8.png
38,2,711,modular,4,w,img/target_2.png
38,2,712,modular,5,b,img/target_6.png
38,2,713,modular,4,w,img/target_2.png
38,2,714,modular,1,q,img/target_1.png
38,2,715,modular,2,i,img/target_8.png
38,2,716,modular,0,r,img/target_4.png
38,2,717,modular,3,e,img/target_3.png
38,2,718,modular,0,r,img/target_4.png
38,2,719,modular,3,e,img/target_3.png
38,2,720,modular,4,w,img/target_2.png
38,2,721,modular,1,q,img/target_1.png
38,2,722,modular,0,r,img/target_4.png
38,2,723,modular,1,q,img/target_1.png
38,2,724,modular,0,r,img/target_4.png
38,2,725,modular,9,v,img/target_5.png
38,2,726,modular,7,o,img/target_9.png
38,2,727,modular,9,v,img/target_5.png
38,2,728,modular,7,o,img/target_9.png
38,2,729,modular,8,u,img/target_7.png
38,2,730,modular,9,v,img/target_5.png
38,2,731,modular,6,p,img/target_10.png
38,2,732,modular,9,v,img/target_5.png
38,2,733,modular,7,o,img/target_9.png
38,2,734,modular,8,u,img/target_7.png
38,2,735,modular,5,b,img/target_6.png
38,2,736,modular,8,u,img/target_7.png
38,2,737,modular,9,v,img/target_5.png
38,2,738,modular,0,r,img/target_4.png
38,2,739,modular,3,e,img/target_3.png
38,2,740,modular,1,q,img/target_1.png
38,2,741,modular,2,i,img/target_8.png
38,2,742,modular,3,e,img/target_3.png
38,2,743,modular,0,r,img/target_4.png
38,2,744,modular,2,i,img/target_8.png
38,2,745,modular,1,q,img/target_1.png
38,2,746,modular,0,r,img/target_4.png
38,2,747,modular,1,q,img/target_1.png
38,2,748,modular,3,e,img/target_3.png
38,2,749,modular,4,w,img/target_2.png
38,2,750,modular,1,q,img/target_1.png
38,2,751,modular,0,r,img/target_4.png
38,2,752,modular,2,i,img/target_8.png
38,2,753,modular,3,e,img/target_3.png
38,2,754,modular,1,q,img/target_1.png
38,2,755,modular,3,e,img/target_3.png
38,2,756,modular,1,q,img/target_1.png
38,2,757,modular,3,e,img/target_3.png
38,2,758,modular,4,w,img/target_2.png
38,2,759,modular,3,e,img/target_3.png
38,2,760,modular,2,i,img/target_8.png
38,2,761,modular,1,q,img/target_1.png
38,2,762,modular,3,e,img/target_3.png
38,2,763,modular,1,q,img/target_1.png
38,2,764,modular,0,r,img/target_4.png
38,2,765,modular,2,i,img/target_8.png
38,2,766,modular,4,w,img/target_2.png
38,2,767,modular,5,b,img/target_6.png
38,2,768,modular,8,u,img/target_7.png
38,2,769,modular,9,v,img/target_5.png
38,2,770,modular,8,u,img/target_7.png
38,2,771,modular,6,p,img/target_10.png
38,2,772,modular,8,u,img/target_7.png
38,2,773,modular,7,o,img/target_9.png
38,2,774,modular,5,b,img/target_6.png
38,2,775,modular,4,w,img/target_2.png
38,2,776,modular,1,q,img/target_1.png
38,2,777,modular,3,e,img/target_3.png
38,2,778,modular,0,r,img/target_4.png
38,2,779,modular,2,i,img/target_8.png
38,2,780,modular,4,w,img/target_2.png
38,2,781,modular,2,i,img/target_8.png
38,2,782,modular,3,e,img/target_3.png
38,2,783,modular,1,q,img/target_1.png
38,2,784,modular,0,r,img/target_4.png
38,2,785,modular,2,i,img/target_8.png
38,2,786,modular,4,w,img/target_2.png
38,2,787,modular,1,q,img/target_1.png
38,2,788,modular,0,r,img/target_4.png
38,2,789,modular,2,i,img/target_8.png
38,2,790,modular,0,r,img/target_4.png
38,2,791,modular,2,i,img/target_8.png
38,2,792,modular,4,w,img/target_2.png
38,2,793,modular,2,i,img/target_8.png
38,2,794,modular,3,e,img/target_3.png
38,2,795,modular,1,q,img/target_1.png
38,2,796,modular,4,w,img/target_2.png
38,2,797,modular,5,b,img/target_6.png
38,2,798,modular,6,p,img/target_10.png
38,2,799,modular,9,v,img/target_5.png
38,2,800,modular,7,o,img/target_9.png
38,2,801,modular,9,v,img/target_5.png
38,2,802,modular,7,o,img/target_9.png
38,2,803,modular,8,u,img/target_7.png
38,2,804,modular,7,o,img/target_9.png
38,2,805,modular,6,p,img/target_10.png
38,2,806,modular,8,u,img/target_7.png
38,2,807,modular,6,p,img/target_10.png
38,2,808,modular,8,u,img/target_7.png
38,2,809,modular,7,o,img/target_9.png
38,2,810,modular,8,u,img/target_7.png
38,2,811,modular,6,p,img/target_10.png
38,2,812,modular,9,v,img/target_5.png
38,2,813,modular,8,u,img/target_7.png
38,2,814,modular,5,b,img/target_6.png
38,2,815,modular,8,u,img/target_7.png
38,2,816,modular,5,b,img/target_6.png
38,2,817,modular,6,p,img/target_10.png
38,2,818,modular,5,b,img/target_6.png
38,2,819,modular,6,p,img/target_10.png
38,2,820,modular,5,b,img/target_6.png
38,2,821,modular,8,u,img/target_7.png
38,2,822,modular,7,o,img/target_9.png
38,2,823,modular,6,p,img/target_10.png
38,2,824,modular,8,u,img/target_7.png
38,2,825,modular,7,o,img/target_9.png
38,2,826,modular,5,b,img/target_6.png
38,2,827,modular,7,o,img/target_9.png
38,2,828,modular,5,b,img/target_6.png
38,2,829,modular,4,w,img/target_2.png
38,2,830,modular,2,i,img/target_8.png
38,2,831,modular,4,w,img/target_2.png
38,2,832,modular,2,i,img/target_8.png
38,2,833,modular,0,r,img/target_4.png
38,2,834,modular,2,i,img/target_8.png
38,2,835,modular,4,w,img/target_2.png
38,2,836,modular,1,q,img/target_1.png
38,2,837,modular,2,i,img/target_8.png
38,2,838,modular,3,e,img/target_3.png
38,2,839,modular,2,i,img/target_8.png
38,2,840,modular,0,r,img/target_4.png
38,2,841,modular,2,i,img/target_8.png
38,2,842,modular,0,r,img/target_4.png
38,2,843,modular,9,v,img/target_5.png
38,2,844,modular,0,r,img/target_4.png
38,2,845,modular,1,q,img/target_1.png
38,2,846,modular,2,i,img/target_8.png
38,2,847,modular,0,r,img/target_4.png
38,2,848,modular,2,i,img/target_8.png
38,2,849,modular,0,r,img/target_4.png
38,2,850,modular,2,i,img/target_8.png
38,2,851,modular,1,q,img/target_1.png
38,2,852,modular,0,r,img/target_4.png
38,2,853,modular,9,v,img/target_5.png
38,2,854,modular,0,r,img/target_4.png
38,2,855,modular,9,v,img/target_5.png
38,2,856,modular,6,p,img/target_10.png
38,2,857,modular,7,o,img/target_9.png
38,2,858,modular,6,p,img/target_10.png
38,2,859,modular,9,v,img/target_5.png
38,2,860,modular,7,o,img/target_9.png
38,2,861,modular,6,p,img/target_10.png
38,2,862,modular,9,v,img/target_5.png
38,2,863,modular,6,p,img/target_10.png
38,2,864,modular,7,o,img/target_9.png
38,2,865,modular,6,p,img/target_10.png
38,2,866,modular,8,u,img/target_7.png
38,2,867,modular,9,v,img/target_5.png
38,2,868,modular,8,u,img/target_7.png
38,2,869,modular,5,b,img/target_6.png
38,2,870,modular,4,w,img/target_2.png
38,2,871,modular,2,i,img/target_8.png
38,2,872,modular,0,r,img/target_4.png
38,2,873,modular,3,e,img/target_3.png
38,2,874,modular,0,r,img/target_4.png
38,2,875,modular,3,e,img/target_3.png
38,2,876,modular,2,i,img/target_8.png
38,2,877,modular,4,w,img/target_2.png
38,2,878,modular,3,e,img/target_3.png
38,2,879,modular,2,i,img/target_8.png
38,2,880,modular,4,w,img/target_2.png
38,2,881,modular,5,b,img/target_6.png
38,2,882,modular,6,p,img/target_10.png
38,2,883,modular,9,v,img/target_5.png
38,2,884,modular,8,u,img/target_7.png
38,2,885,modular,9,v,img/target_5.png
38,2,886,modular,8,u,img/target_7.png
38,2,887,modular,7,o,img/target_9.png
38,2,888,modular,8,u,img/target_7.png
38,2,889,modular,9,v,img/target_5.png
38,2,890,modular,7,o,img/target_9.png
38,2,891,modular,9,v,img/target_5.png
38,2,892,modular,0,r,img/target_4.png
38,2,893,modular,1,q,img/target_1.png
38,2,894,modular,3,e,img/target_3.png
38,2,895,modular,2,i,img/target_8.png
38,2,896,modular,1,q,img/target_1.png
38,2,897,modular,0,r,img/target_4.png
38,2,898,modular,3,e,img/target_3.png
38,2,899,modular,4,w,img/target_2.png
38,2,900,modular,5,b,img/target_6.png
38,2,901,modular,4,w,img/target_2.png
38,2,902,modular,1,q,img/target_1.png
38,2,903,modular,3,e,img/target_3.png
38,2,904,modular,0,r,img/target_4.png
38,2,905,modular,1,q,img/target_1.png
38,2,906,modular,4,w,img/target_2.png
38,2,907,modular,1,q,img/target_1.png
38,2,908,modular,2,i,img/target_8.png
38,2,909,modular,1,q,img/target_1.png
38,2,910,modular,2,i,img/target_8.png
38,2,911,modular,4,w,img/target_2.png
38,2,912,modular,2,i,img/target_8.png
38,2,913,modular,3,e,img/target_3.png
38,2,914,modular,2,i,img/target_8.png
38,2,915,modular,3,e,img/target_3.png
38,2,916,modular,4,w,img/target_2.png
38,2,917,modular,2,i,img/target_8.png
38,2,918,modular,1,q,img/target_1.png
38,2,919,modular,4,w,img/target_2.png
38,2,920,modular,3,e,img/target_3.png
38,2,921,modular,4,w,img/target_2.png
38,2,922,modular,2,i,img/target_8.png
38,2,923,modular,1,q,img/target_1.png
38,2,924,modular,3,e,img/target_3.png
38,2,925,modular,1,q,img/target_1.png
38,2,926,modular,4,w,img/target_2.png
38,2,927,modular,1,q,img/target_1.png
38,2,928,modular,0,r,img/target_4.png
38,2,929,modular,3,e,img/target_3.png
38,2,930,modular,2,i,img/target_8.png
38,2,931,modular,1,q,img/target_1.png
38,2,932,modular,4,w,img/target_2.png
38,2,933,modular,1,q,img/target_1.png
38,2,934,modular,2,i,img/target_8.png
38,2,935,modular,1,q,img/target_1.png
38,2,936,modular,0,r,img/target_4.png
38,2,937,modular,2,i,img/target_8.png
38,2,938,modular,1,q,img/target_1.png
38,2,939,modular,2,i,img/target_8.png
38,2,940,modular,4,w,img/target_2.png
38,2,941,modular,5,b,img/target_6.png
38,2,942,modular,4,w,img/target_2.png
38,2,943,modular,5,b,img/target_6.png
38,2,944,modular,6,p,img/target_10.png
38,2,945,modular,8,u,img/target_7.png
38,2,946,modular,7,o,img/target_9.png
38,2,947,modular,5,b,img/target_6.png
38,2,948,modular,8,u,img/target_7.png
38,2,949,modular,6,p,img/target_10.png
38,2,950,modular,8,u,img/target_7.png
38,2,951,modular,6,p,img/target_10.png
38,2,952,modular,9,v,img/target_5.png
38,2,953,modular,0,r,img/target_4.png
38,2,954,modular,1,q,img/target_1.png
38,2,955,modular,0,r,img/target_4.png
38,2,956,modular,1,q,img/target_1.png
38,2,957,modular,4,w,img/target_2.png
38,2,958,modular,5,b,img/target_6.png
38,2,959,modular,6,p,img/target_10.png
38,2,960,modular,7,o,img/target_9.png
38,2,961,modular,9,v,img/target_5.png
38,2,962,modular,8,u,img/target_7.png
38,2,963,modular,9,v,img/target_5.png
38,2,964,modular,0,r,img/target_4.png
38,2,965,modular,2,i,img/target_8.png
38,2,966,modular,0,r,img/target_4.png
38,2,967,modular,3,e,img/target_3.png
38,2,968,modular,0,r,img/target_4.png
38,2,969,modular,9,v,img/target_5.png
38,2,970,modular,0,r,img/target_4.png
38,2,971,modular,9,v,img/target_5.png
38,2,972,modular,0,r,img/target_4.png
38,2,973,modular,1,q,img/target_1.png
38,2,974,modular,3,e,img/target_3.png
38,2,975,modular,4,w,img/target_2.png
38,2,976,modular,2,i,img/target_8.png
38,2,977,modular,3,e,img/target_3.png
38,2,978,modular,0,r,img/target_4.png
38,2,979,modular,9,v,img/target_5.png
38,2,980,modular,6,p,img/target_10.png
38,2,981,modular,8,u,img/target_7.png
38,2,982,modular,6,p,img/target_10.png
38,2,983,modular,7,o,img/target_9.png
38,2,984,modular,6,p,img/target_10.png
38,2,985,modular,8,u,img/target_7.png
38,2,986,modular,9,v,img/target_5.png
38,2,987,modular,7,o,img/target_9.png
38,2,988,modular,9,v,img/target_5.png
38,2,989,modular,8,u,img/target_7.png
38,2,990,modular,5,b,img/target_6.png
38,2,991,modular,6,p,img/target_10.png
38,2,992,modular,8,u,img/target_7.png
38,2,993,modular,7,o,img/target_9.png
38,2,994,modular,5,b,img/target_6.png
38,2,995,modular,4,w,img/target_2.png
38,2,996,modular,3,e,img/target_3.png
38,2,997,modular,0,r,img/target_4.png
38,2,998,modular,3,e,img/target_3.png
38,2,999,modular,2,i,img/target_8.png
38,2,1000,modular,0,r,img/target_4.png
