pID,sess,trialNum,graph,walk,resp,path
38,3,1,modular,9,v,img/target_5.png
38,3,2,modular,8,u,img/target_7.png
38,3,3,modular,5,b,img/target_6.png
38,3,4,modular,7,o,img/target_9.png
38,3,5,modular,5,b,img/target_6.png
38,3,6,modular,6,p,img/target_10.png
38,3,7,modular,9,v,img/target_5.png
38,3,8,modular,8,u,img/target_7.png
38,3,9,modular,7,o,img/target_9.png
38,3,10,modular,6,p,img/target_10.png
38,3,11,modular,9,v,img/target_5.png
38,3,12,modular,6,p,img/target_10.png
38,3,13,modular,9,v,img/target_5.png
38,3,14,modular,8,u,img/target_7.png
38,3,15,modular,7,o,img/target_9.png
38,3,16,modular,9,v,img/target_5.png
38,3,17,modular,0,r,img/target_4.png
38,3,18,modular,2,i,img/target_8.png
38,3,19,modular,4,w,img/target_2.png
38,3,20,modular,3,e,img/target_3.png
38,3,21,modular,2,i,img/target_8.png
38,3,22,modular,1,q,img/target_1.png
38,3,23,modular,3,e,img/target_3.png
38,3,24,modular,1,q,img/target_1.png
38,3,25,modular,4,w,img/target_2.png
38,3,26,modular,5,b,img/target_6.png
38,3,27,modular,7,o,img/target_9.png
38,3,28,modular,5,b,img/target_6.png
38,3,29,modular,8,u,img/target_7.png
38,3,30,modular,6,p,img/target_10.png
38,3,31,modular,9,v,img/target_5.png
38,3,32,modular,0,r,img/target_4.png
38,3,33,modular,3,e,img/target_3.png
38,3,34,modular,4,w,img/target_2.png
38,3,35,modular,2,i,img/target_8.png
38,3,36,modular,0,r,img/target_4.png
38,3,37,modular,1,q,img/target_1.png
38,3,38,modular,0,r,img/target_4.png
38,3,39,modular,2,i,img/target_8.png
38,3,40,modular,3,e,img/target_3.png
38,3,41,modular,1,q,img/target_1.png
38,3,42,modular,3,e,img/target_3.png
38,3,43,modular,4,w,img/target_2.png
38,3,44,modular,3,e,img/target_3.png
38,3,45,modular,4,w,img/target_2.png
38,3,46,modular,1,q,img/target_1.png
38,3,47,modular,2,i,img/target_8.png
38,3,48,modular,0,r,img/target_4.png
38,3,49,modular,9,v,img/target_5.png
38,3,50,modular,0,r,img/target_4.png
38,3,51,modular,3,e,img/target_3.png
38,3,52,modular,4,w,img/target_2.png
38,3,53,modular,1,q,img/target_1.png
38,3,54,modular,0,r,img/target_4.png
38,3,55,modular,3,e,img/target_3.png
38,3,56,modular,2,i,img/target_8.png
38,3,57,modular,4,w,img/target_2.png
38,3,58,modular,1,q,img/target_1.png
38,3,59,modular,4,w,img/target_2.png
38,3,60,modular,1,q,img/target_1.png
38,3,61,modular,3,e,img/target_3.png
38,3,62,modular,4,w,img/target_2.png
38,3,63,modular,5,b,img/target_6.png
38,3,64,modular,6,p,img/target_10.png
38,3,65,modular,8,u,img/target_7.png
38,3,66,modular,7,o,img/target_9.png
38,3,67,modular,6,p,img/target_10.png
38,3,68,modular,7,o,img/target_9.png
38,3,69,modular,9,v,img/target_5.png
38,3,70,modular,8,u,img/target_7.png
38,3,71,modular,7,o,img/target_9.png
38,3,72,modular,5,b,img/target_6.png
38,3,73,modular,6,p,img/target_10.png
38,3,74,modular,8,u,img/target_7.png
38,3,75,modular,9,v,img/target_5.png
38,3,76,modular,0,r,img/target_4.png
38,3,77,modular,2,i,img/target_8.png
38,3,78,modular,1,q,img/target_1.png
38,3,79,modular,3,e,img/target_3.png
38,3,80,modular,4,w,img/target_2.png
38,3,81,modular,2,i,img/target_8.png
38,3,82,modular,4,w,img/target_2.png
38,3,83,modular,5,b,img/target_6.png
38,3,84,modular,4,w,img/target_2.png
38,3,85,modular,5,b,img/target_6.png
38,3,86,modular,8,u,img/target_7.png
38,3,87,modular,9,v,img/target_5.png
38,3,88,modular,8,u,img/target_7.png
38,3,89,modular,9,v,img/target_5.png
38,3,90,modular,0,r,img/target_4.png
38,3,91,modular,9,v,img/target_5.png
38,3,92,modular,7,o,img/target_9.png
38,3,93,modular,9,v,img/target_5.png
38,3,94,modular,8,u,img/target_7.png
38,3,95,modular,7,o,img/target_9.png
38,3,96,modular,5,b,img/target_6.png
38,3,97,modular,6,p,img/target_10.png
38,3,98,modular,8,u,img/target_7.png
38,3,99,modular,7,o,img/target_9.png
38,3,100,modular,5,b,img/target_6.png
38,3,101,modular,4,w,img/target_2.png
38,3,102,modular,5,b,img/target_6.png
38,3,103,modular,4,w,img/target_2.png
38,3,104,modular,5,b,img/target_6.png
38,3,105,modular,6,p,img/target_10.png
38,3,106,modular,5,b,img/target_6.png
38,3,107,modular,7,o,img/target_9.png
38,3,108,modular,8,u,img/target_7.png
38,3,109,modular,7,o,img/target_9.png
38,3,110,modular,6,p,img/target_10.png
38,3,111,modular,8,u,img/target_7.png
38,3,112,modular,9,v,img/target_5.png
38,3,113,modular,6,p,img/target_10.png
38,3,114,modular,8,u,img/target_7.png
38,3,115,modular,7,o,img/target_9.png
38,3,116,modular,6,p,img/target_10.png
38,3,117,modular,5,b,img/target_6.png
38,3,118,modular,4,w,img/target_2.png
38,3,119,modular,3,e,img/target_3.png
38,3,120,modular,1,q,img/target_1.png
38,3,121,modular,2,i,img/target_8.png
38,3,122,modular,1,q,img/target_1.png
38,3,123,modular,2,i,img/target_8.png
38,3,124,modular,3,e,img/target_3.png
38,3,125,modular,1,q,img/target_1.png
38,3,126,modular,0,r,img/target_4.png
38,3,127,modular,3,e,img/target_3.png
38,3,128,modular,4,w,img/target_2.png
38,3,129,modular,1,q,img/target_1.png
38,3,130,modular,0,r,img/target_4.png
38,3,131,modular,9,v,img/target_5.png
38,3,132,modular,7,o,img/target_9.png
38,3,133,modular,6,p,img/target_10.png
38,3,134,modular,9,v,img/target_5.png
38,3,135,modular,6,p,img/target_10.png
38,3,136,modular,8,u,img/target_7.png
38,3,137,modular,7,o,img/target_9.png
38,3,138,modular,8,u,img/target_7.png
38,3,139,modular,6,p,img/target_10.png
38,3,140,modular,8,u,img/target_7.png
38,3,141,modular,7,o,img/target_9.png
38,3,142,modular,5,b,img/target_6.png
38,3,143,modular,6,p,img/target_10.png
38,3,144,modular,8,u,img/target_7.png
38,3,145,modular,9,v,img/target_5.png
38,3,146,modular,8,u,img/target_7.png
38,3,147,modular,6,p,img/target_10.png
38,3,148,modular,7,o,img/target_9.png
38,3,149,modular,9,v,img/target_5.png
38,3,150,modular,6,p,img/target_10.png
38,3,151,modular,7,o,img/target_9.png
38,3,152,modular,6,p,img/target_10.png
38,3,153,modular,7,o,img/target_9.png
38,3,154,modular,9,v,img/target_5.png
38,3,155,modular,8,u,img/target_7.png
38,3,156,modular,7,o,img/target_9.png
38,3,157,modular,8,u,img/target_7.png
38,3,158,modular,7,o,img/target_9.png
38,3,159,modular,6,p,img/target_10.png
38,3,160,modular,8,u,img/target_7.png
38,3,161,modular,6,p,img/target_10.png
38,3,162,modular,8,u,img/target_7.png
38,3,163,modular,6,p,img/target_10.png
38,3,164,modular,9,v,img/target_5.png
38,3,165,modular,7,o,img/target_9.png
38,3,166,modular,6,p,img/target_10.png
38,3,167,modular,5,b,img/target_6.png
38,3,168,modular,7,o,img/target_9.png
38,3,169,modular,6,p,img/target_10.png
38,3,170,modular,5,b,img/target_6.png
38,3,171,modular,8,u,img/target_7.png
38,3,172,modular,5,b,img/target_6.png
38,3,173,modular,6,p,img/target_10.png
38,3,174,modular,8,u,img/target_7.png
38,3,175,modular,9,v,img/target_5.png
38,3,176,modular,7,o,img/target_9.png
38,3,177,modular,5,b,img/target_6.png
38,3,178,modular,6,p,img/target_10.png
38,3,179,modular,9,v,img/target_5.png
38,3,180,modular,0,r,img/target_4.png
38,3,181,modular,2,i,img/target_8.png
38,3,182,modular,1,q,img/target_1.png
38,3,183,modular,0,r,img/target_4.png
38,3,184,modular,9,v,img/target_5.png
38,3,185,modular,8,u,img/target_7.png
38,3,186,modular,7,o,img/target_9.png
38,3,187,modular,6,p,img/target_10.png
38,3,188,modular,7,o,img/target_9.png
38,3,189,modular,8,u,img/target_7.png
38,3,190,modular,9,v,img/target_5.png
38,3,191,modular,8,u,img/target_7.png
38,3,192,modular,5,b,img/target_6.png
38,3,193,modular,8,u,img/target_7.png
38,3,194,modular,6,p,img/target_10.png
38,3,195,modular,5,b,img/target_6.png
38,3,196,modular,7,o,img/target_9.png
38,3,197,modular,9,v,img/target_5.png
38,3,198,modular,6,p,img/target_10.png
38,3,199,modular,8,u,img/target_7.png
38,3,200,modular,7,o,img/target_9.png
38,3,201,modular,8,u,img/target_7.png
38,3,202,modular,7,o,img/target_9.png
38,3,203,modular,5,b,img/target_6.png
38,3,204,modular,6,p,img/target_10.png
38,3,205,modular,8,u,img/target_7.png
38,3,206,modular,6,p,img/target_10.png
38,3,207,modular,7,o,img/target_9.png
38,3,208,modular,8,u,img/target_7.png
38,3,209,modular,9,v,img/target_5.png
38,3,210,modular,7,o,img/target_9.png
38,3,211,modular,5,b,img/target_6.png
38,3,212,modular,7,o,img/target_9.png
38,3,213,modular,8,u,img/target_7.png
38,3,214,modular,7,o,img/target_9.png
38,3,215,modular,5,b,img/target_6.png
38,3,216,modular,4,w,img/target_2.png
38,3,217,modular,5,b,img/target_6.png
38,3,218,modular,4,w,img/target_2.png
38,3,219,modular,3,e,img/target_3.png
38,3,220,modular,1,q,img/target_1.png
38,3,221,modular,4,w,img/target_2.png
38,3,222,modular,5,b,img/target_6.png
38,3,223,modular,4,w,img/target_2.png
38,3,224,modular,5,b,img/target_6.png
38,3,225,modular,7,o,img/target_9.png
38,3,226,modular,8,u,img/target_7.png
38,3,227,modular,6,p,img/target_10.png
38,3,228,modular,7,o,img/target_9.png
38,3,229,modular,9,v,img/target_5.png
38,3,230,modular,6,p,img/target_10.png
38,3,231,modular,7,o,img/target_9.png
38,3,232,modular,9,v,img/target_5.png
38,3,233,modular,7,o,img/target_9.png
38,3,234,modular,9,v,img/target_5.png
38,3,235,modular,8,u,img/target_7.png
38,3,236,modular,5,b,img/target_6.png
38,3,237,modular,6,p,img/target_10.png
38,3,238,modular,8,u,img/target_7.png
38,3,239,modular,6,p,img/target_10.png
38,3,240,modular,5,b,img/target_6.png
38,3,241,modular,7,o,img/target_9.png
38,3,242,modular,5,b,img/target_6.png
38,3,243,modular,7,o,img/target_9.png
38,3,244,modular,6,p,img/target_10.png
38,3,245,modular,7,o,img/target_9.png
38,3,246,modular,6,p,img/target_10.png
38,3,247,modular,5,b,img/target_6.png
38,3,248,modular,8,u,img/target_7.png
38,3,249,modular,6,p,img/target_10.png
38,3,250,modular,8,u,img/target_7.png
38,3,251,modular,7,o,img/target_9.png
38,3,252,modular,9,v,img/target_5.png
38,3,253,modular,0,r,img/target_4.png
38,3,254,modular,9,v,img/target_5.png
38,3,255,modular,6,p,img/target_10.png
38,3,256,modular,9,v,img/target_5.png
38,3,257,modular,8,u,img/target_7.png
38,3,258,modular,9,v,img/target_5.png
38,3,259,modular,8,u,img/target_7.png
38,3,260,modular,7,o,img/target_9.png
38,3,261,modular,9,v,img/target_5.png
38,3,262,modular,6,p,img/target_10.png
38,3,263,modular,9,v,img/target_5.png
38,3,264,modular,7,o,img/target_9.png
38,3,265,modular,6,p,img/target_10.png
38,3,266,modular,7,o,img/target_9.png
38,3,267,modular,6,p,img/target_10.png
38,3,268,modular,9,v,img/target_5.png
38,3,269,modular,8,u,img/target_7.png
38,3,270,modular,7,o,img/target_9.png
38,3,271,modular,9,v,img/target_5.png
38,3,272,modular,7,o,img/target_9.png
38,3,273,modular,5,b,img/target_6.png
38,3,274,modular,8,u,img/target_7.png
38,3,275,modular,9,v,img/target_5.png
38,3,276,modular,6,p,img/target_10.png
38,3,277,modular,9,v,img/target_5.png
38,3,278,modular,0,r,img/target_4.png
38,3,279,modular,9,v,img/target_5.png
38,3,280,modular,8,u,img/target_7.png
38,3,281,modular,7,o,img/target_9.png
38,3,282,modular,5,b,img/target_6.png
38,3,283,modular,8,u,img/target_7.png
38,3,284,modular,5,b,img/target_6.png
38,3,285,modular,6,p,img/target_10.png
38,3,286,modular,7,o,img/target_9.png
38,3,287,modular,6,p,img/target_10.png
38,3,288,modular,9,v,img/target_5.png
38,3,289,modular,8,u,img/target_7.png
38,3,290,modular,7,o,img/target_9.png
38,3,291,modular,6,p,img/target_10.png
38,3,292,modular,7,o,img/target_9.png
38,3,293,modular,8,u,img/target_7.png
38,3,294,modular,6,p,img/target_10.png
38,3,295,modular,5,b,img/target_6.png
38,3,296,modular,7,o,img/target_9.png
38,3,297,modular,5,b,img/target_6.png
38,3,298,modular,4,w,img/target_2.png
38,3,299,modular,1,q,img/target_1.png
38,3,300,modular,3,e,img/target_3.png
38,3,301,modular,4,w,img/target_2.png
38,3,302,modular,2,i,img/target_8.png
38,3,303,modular,0,r,img/target_4.png
38,3,304,modular,3,e,img/target_3.png
38,3,305,modular,2,i,img/target_8.png
38,3,306,modular,0,r,img/target_4.png
38,3,307,modular,1,q,img/target_1.png
38,3,308,modular,0,r,img/target_4.png
38,3,309,modular,1,q,img/target_1.png
38,3,310,modular,3,e,img/target_3.png
38,3,311,modular,2,i,img/target_8.png
38,3,312,modular,0,r,img/target_4.png
38,3,313,modular,3,e,img/target_3.png
38,3,314,modular,2,i,img/target_8.png
38,3,315,modular,3,e,img/target_3.png
38,3,316,modular,4,w,img/target_2.png
38,3,317,modular,1,q,img/target_1.png
38,3,318,modular,2,i,img/target_8.png
38,3,319,modular,0,r,img/target_4.png
38,3,320,modular,3,e,img/target_3.png
38,3,321,modular,2,i,img/target_8.png
38,3,322,modular,4,w,img/target_2.png
38,3,323,modular,1,q,img/target_1.png
38,3,324,modular,3,e,img/target_3.png
38,3,325,modular,1,q,img/target_1.png
38,3,326,modular,0,r,img/target_4.png
38,3,327,modular,2,i,img/target_8.png
38,3,328,modular,4,w,img/target_2.png
38,3,329,modular,1,q,img/target_1.png
38,3,330,modular,3,e,img/target_3.png
38,3,331,modular,0,r,img/target_4.png
38,3,332,modular,3,e,img/target_3.png
38,3,333,modular,1,q,img/target_1.png
38,3,334,modular,2,i,img/target_8.png
38,3,335,modular,4,w,img/target_2.png
38,3,336,modular,3,e,img/target_3.png
38,3,337,modular,2,i,img/target_8.png
38,3,338,modular,1,q,img/target_1.png
38,3,339,modular,4,w,img/target_2.png
38,3,340,modular,3,e,img/target_3.png
38,3,341,modular,4,w,img/target_2.png
38,3,342,modular,2,i,img/target_8.png
38,3,343,modular,4,w,img/target_2.png
38,3,344,modular,5,b,img/target_6.png
38,3,345,modular,8,u,img/target_7.png
38,3,346,modular,9,v,img/target_5.png
38,3,347,modular,7,o,img/target_9.png
38,3,348,modular,6,p,img/target_10.png
38,3,349,modular,5,b,img/target_6.png
38,3,350,modular,7,o,img/target_9.png
38,3,351,modular,8,u,img/target_7.png
38,3,352,modular,9,v,img/target_5.png
38,3,353,modular,0,r,img/target_4.png
38,3,354,modular,2,i,img/target_8.png
38,3,355,modular,4,w,img/target_2.png
38,3,356,modular,2,i,img/target_8.png
38,3,357,modular,4,w,img/target_2.png
38,3,358,modular,1,q,img/target_1.png
38,3,359,modular,4,w,img/target_2.png
38,3,360,modular,3,e,img/target_3.png
38,3,361,modular,4,w,img/target_2.png
38,3,362,modular,1,q,img/target_1.png
38,3,363,modular,4,w,img/target_2.png
38,3,364,modular,2,i,img/target_8.png
38,3,365,modular,3,e,img/target_3.png
38,3,366,modular,1,q,img/target_1.png
38,3,367,modular,4,w,img/target_2.png
38,3,368,modular,1,q,img/target_1.png
38,3,369,modular,3,e,img/target_3.png
38,3,370,modular,2,i,img/target_8.png
38,3,371,modular,0,r,img/target_4.png
38,3,372,modular,3,e,img/target_3.png
38,3,373,modular,4,w,img/target_2.png
38,3,374,modular,1,q,img/target_1.png
38,3,375,modular,0,r,img/target_4.png
38,3,376,modular,9,v,img/target_5.png
38,3,377,modular,7,o,img/target_9.png
38,3,378,modular,5,b,img/target_6.png
38,3,379,modular,7,o,img/target_9.png
38,3,380,modular,8,u,img/target_7.png
38,3,381,modular,6,p,img/target_10.png
38,3,382,modular,5,b,img/target_6.png
38,3,383,modular,7,o,img/target_9.png
38,3,384,modular,5,b,img/target_6.png
38,3,385,modular,8,u,img/target_7.png
38,3,386,modular,9,v,img/target_5.png
38,3,387,modular,0,r,img/target_4.png
38,3,388,modular,1,q,img/target_1.png
38,3,389,modular,0,r,img/target_4.png
38,3,390,modular,2,i,img/target_8.png
38,3,391,modular,3,e,img/target_3.png
38,3,392,modular,4,w,img/target_2.png
38,3,393,modular,5,b,img/target_6.png
38,3,394,modular,4,w,img/target_2.png
38,3,395,modular,2,i,img/target_8.png
38,3,396,modular,0,r,img/target_4.png
38,3,397,modular,9,v,img/target_5.png
38,3,398,modular,7,o,img/target_9.png
38,3,399,modular,8,u,img/target_7.png
38,3,400,modular,7,o,img/target_9.png
38,3,401,modular,9,v,img/target_5.png
38,3,402,modular,7,o,img/target_9.png
38,3,403,modular,9,v,img/target_5.png
38,3,404,modular,0,r,img/target_4.png
38,3,405,modular,9,v,img/target_5.png
38,3,406,modular,0,r,img/target_4.png
38,3,407,modular,9,v,img/target_5.png
38,3,408,modular,8,u,img/target_7.png
38,3,409,modular,6,p,img/target_10.png
38,3,410,modular,9,v,img/target_5.png
38,3,411,modular,7,o,img/target_9.png
38,3,412,modular,9,v,img/target_5.png
38,3,413,modular,6,p,img/target_10.png
38,3,414,modular,9,v,img/target_5.png
38,3,415,modular,7,o,img/target_9.png
38,3,416,modular,5,b,img/target_6.png
38,3,417,modular,6,p,img/target_10.png
38,3,418,modular,7,o,img/target_9.png
38,3,419,modular,8,u,img/target_7.png
38,3,420,modular,7,o,img/target_9.png
38,3,421,modular,5,b,img/target_6.png
38,3,422,modular,7,o,img/target_9.png
38,3,423,modular,6,p,img/target_10.png
38,3,424,modular,5,b,img/target_6.png
38,3,425,modular,7,o,img/target_9.png
38,3,426,modular,5,b,img/target_6.png
38,3,427,modular,8,u,img/target_7.png
38,3,428,modular,9,v,img/target_5.png
38,3,429,modular,7,o,img/target_9.png
38,3,430,modular,9,v,img/target_5.png
38,3,431,modular,7,o,img/target_9.png
38,3,432,modular,6,p,img/target_10.png
38,3,433,modular,7,o,img/target_9.png
38,3,434,modular,8,u,img/target_7.png
38,3,435,modular,6,p,img/target_10.png
38,3,436,modular,7,o,img/target_9.png
38,3,437,modular,9,v,img/target_5.png
38,3,438,modular,0,r,img/target_4.png
38,3,439,modular,1,q,img/target_1.png
38,3,440,modular,3,e,img/target_3.png
38,3,441,modular,4,w,img/target_2.png
38,3,442,modular,5,b,img/target_6.png
38,3,443,modular,8,u,img/target_7.png
38,3,444,modular,5,b,img/target_6.png
38,3,445,modular,8,u,img/target_7.png
38,3,446,modular,6,p,img/target_10.png
38,3,447,modular,7,o,img/target_9.png
38,3,448,modular,8,u,img/target_7.png
38,3,449,modular,7,o,img/target_9.png
38,3,450,modular,5,b,img/target_6.png
38,3,451,modular,8,u,img/target_7.png
38,3,452,modular,5,b,img/target_6.png
38,3,453,modular,4,w,img/target_2.png
38,3,454,modular,5,b,img/target_6.png
38,3,455,modular,6,p,img/target_10.png
38,3,456,modular,7,o,img/target_9.png
38,3,457,modular,5,b,img/target_6.png
38,3,458,modular,7,o,img/target_9.png
38,3,459,modular,9,v,img/target_5.png
38,3,460,modular,0,r,img/target_4.png
38,3,461,modular,1,q,img/target_1.png
38,3,462,modular,0,r,img/target_4.png
38,3,463,modular,2,i,img/target_8.png
38,3,464,modular,3,e,img/target_3.png
38,3,465,modular,0,r,img/target_4.png
38,3,466,modular,3,e,img/target_3.png
38,3,467,modular,0,r,img/target_4.png
38,3,468,modular,2,i,img/target_8.png
38,3,469,modular,4,w,img/target_2.png
38,3,470,modular,1,q,img/target_1.png
38,3,471,modular,2,i,img/target_8.png
38,3,472,modular,0,r,img/target_4.png
38,3,473,modular,3,e,img/target_3.png
38,3,474,modular,1,q,img/target_1.png
38,3,475,modular,0,r,img/target_4.png
38,3,476,modular,2,i,img/target_8.png
38,3,477,modular,4,w,img/target_2.png
38,3,478,modular,5,b,img/target_6.png
38,3,479,modular,8,u,img/target_7.png
38,3,480,modular,9,v,img/target_5.png
38,3,481,modular,0,r,img/target_4.png
38,3,482,modular,2,i,img/target_8.png
38,3,483,modular,3,e,img/target_3.png
38,3,484,modular,0,r,img/target_4.png
38,3,485,modular,9,v,img/target_5.png
38,3,486,modular,7,o,img/target_9.png
38,3,487,modular,8,u,img/target_7.png
38,3,488,modular,9,v,img/target_5.png
38,3,489,modular,8,u,img/target_7.png
38,3,490,modular,5,b,img/target_6.png
38,3,491,modular,4,w,img/target_2.png
38,3,492,modular,3,e,img/target_3.png
38,3,493,modular,2,i,img/target_8.png
38,3,494,modular,1,q,img/target_1.png
38,3,495,modular,0,r,img/target_4.png
38,3,496,modular,3,e,img/target_3.png
38,3,497,modular,2,i,img/target_8.png
38,3,498,modular,3,e,img/target_3.png
38,3,499,modular,1,q,img/target_1.png
38,3,500,modular,0,r,img/target_4.png
38,3,501,modular,3,e,img/target_3.png
38,3,502,modular,1,q,img/target_1.png
38,3,503,modular,2,i,img/target_8.png
38,3,504,modular,4,w,img/target_2.png
38,3,505,modular,3,e,img/target_3.png
38,3,506,modular,0,r,img/target_4.png
38,3,507,modular,3,e,img/target_3.png
38,3,508,modular,4,w,img/target_2.png
38,3,509,modular,3,e,img/target_3.png
38,3,510,modular,0,r,img/target_4.png
38,3,511,modular,3,e,img/target_3.png
38,3,512,modular,1,q,img/target_1.png
38,3,513,modular,0,r,img/target_4.png
38,3,514,modular,9,v,img/target_5.png
38,3,515,modular,6,p,img/target_10.png
38,3,516,modular,8,u,img/target_7.png
38,3,517,modular,7,o,img/target_9.png
38,3,518,modular,5,b,img/target_6.png
38,3,519,modular,8,u,img/target_7.png
38,3,520,modular,9,v,img/target_5.png
38,3,521,modular,7,o,img/target_9.png
38,3,522,modular,5,b,img/target_6.png
38,3,523,modular,8,u,img/target_7.png
38,3,524,modular,5,b,img/target_6.png
38,3,525,modular,4,w,img/target_2.png
38,3,526,modular,5,b,img/target_6.png
38,3,527,modular,7,o,img/target_9.png
38,3,528,modular,9,v,img/target_5.png
38,3,529,modular,8,u,img/target_7.png
38,3,530,modular,9,v,img/target_5.png
38,3,531,modular,8,u,img/target_7.png
38,3,532,modular,6,p,img/target_10.png
38,3,533,modular,7,o,img/target_9.png
38,3,534,modular,5,b,img/target_6.png
38,3,535,modular,7,o,img/target_9.png
38,3,536,modular,5,b,img/target_6.png
38,3,537,modular,8,u,img/target_7.png
38,3,538,modular,6,p,img/target_10.png
38,3,539,modular,9,v,img/target_5.png
38,3,540,modular,6,p,img/target_10.png
38,3,541,modular,5,b,img/target_6.png
38,3,542,modular,8,u,img/target_7.png
38,3,543,modular,5,b,img/target_6.png
38,3,544,modular,4,w,img/target_2.png
38,3,545,modular,1,q,img/target_1.png
38,3,546,modular,0,r,img/target_4.png
38,3,547,modular,3,e,img/target_3.png
38,3,548,modular,4,w,img/target_2.png
38,3,549,modular,2,i,img/target_8.png
38,3,550,modular,3,e,img/target_3.png
38,3,551,modular,0,r,img/target_4.png
38,3,552,modular,1,q,img/target_1.png
38,3,553,modular,4,w,img/target_2.png
38,3,554,modular,5,b,img/target_6.png
38,3,555,modular,6,p,img/target_10.png
38,3,556,modular,9,v,img/target_5.png
38,3,557,modular,7,o,img/target_9.png
38,3,558,modular,6,p,img/target_10.png
38,3,559,modular,7,o,img/target_9.png
38,3,560,modular,6,p,img/target_10.png
38,3,561,modular,7,o,img/target_9.png
38,3,562,modular,9,v,img/target_5.png
38,3,563,modular,6,p,img/target_10.png
38,3,564,modular,9,v,img/target_5.png
38,3,565,modular,6,p,img/target_10.png
38,3,566,modular,5,b,img/target_6.png
38,3,567,modular,7,o,img/target_9.png
38,3,568,modular,5,b,img/target_6.png
38,3,569,modular,6,p,img/target_10.png
38,3,570,modular,9,v,img/target_5.png
38,3,571,modular,7,o,img/target_9.png
38,3,572,modular,8,u,img/target_7.png
38,3,573,modular,6,p,img/target_10.png
38,3,574,modular,7,o,img/target_9.png
38,3,575,modular,8,u,img/target_7.png
38,3,576,modular,7,o,img/target_9.png
38,3,577,modular,9,v,img/target_5.png
38,3,578,modular,0,r,img/target_4.png
38,3,579,modular,1,q,img/target_1.png
38,3,580,modular,3,e,img/target_3.png
38,3,581,modular,4,w,img/target_2.png
38,3,582,modular,5,b,img/target_6.png
38,3,583,modular,8,u,img/target_7.png
38,3,584,modular,7,o,img/target_9.png
38,3,585,modular,9,v,img/target_5.png
38,3,586,modular,0,r,img/target_4.png
38,3,587,modular,2,i,img/target_8.png
38,3,588,modular,4,w,img/target_2.png
38,3,589,modular,5,b,img/target_6.png
38,3,590,modular,7,o,img/target_9.png
38,3,591,modular,5,b,img/target_6.png
38,3,592,modular,8,u,img/target_7.png
38,3,593,modular,6,p,img/target_10.png
38,3,594,modular,8,u,img/target_7.png
38,3,595,modular,6,p,img/target_10.png
38,3,596,modular,5,b,img/target_6.png
38,3,597,modular,4,w,img/target_2.png
38,3,598,modular,1,q,img/target_1.png
38,3,599,modular,0,r,img/target_4.png
38,3,600,modular,9,v,img/target_5.png
38,3,601,modular,7,o,img/target_9.png
38,3,602,modular,5,b,img/target_6.png
38,3,603,modular,4,w,img/target_2.png
38,3,604,modular,5,b,img/target_6.png
38,3,605,modular,6,p,img/target_10.png
38,3,606,modular,8,u,img/target_7.png
38,3,607,modular,6,p,img/target_10.png
38,3,608,modular,5,b,img/target_6.png
38,3,609,modular,7,o,img/target_9.png
38,3,610,modular,5,b,img/target_6.png
38,3,611,modular,8,u,img/target_7.png
38,3,612,modular,9,v,img/target_5.png
38,3,613,modular,6,p,img/target_10.png
38,3,614,modular,7,o,img/target_9.png
38,3,615,modular,9,v,img/target_5.png
38,3,616,modular,8,u,img/target_7.png
38,3,617,modular,7,o,img/target_9.png
38,3,618,modular,9,v,img/target_5.png
38,3,619,modular,7,o,img/target_9.png
38,3,620,modular,5,b,img/target_6.png
38,3,621,modular,6,p,img/target_10.png
38,3,622,modular,5,b,img/target_6.png
38,3,623,modular,7,o,img/target_9.png
38,3,624,modular,5,b,img/target_6.png
38,3,625,modular,4,w,img/target_2.png
38,3,626,modular,3,e,img/target_3.png
38,3,627,modular,1,q,img/target_1.png
38,3,628,modular,0,r,img/target_4.png
38,3,629,modular,1,q,img/target_1.png
38,3,630,modular,0,r,img/target_4.png
38,3,631,modular,9,v,img/target_5.png
38,3,632,modular,0,r,img/target_4.png
38,3,633,modular,3,e,img/target_3.png
38,3,634,modular,0,r,img/target_4.png
38,3,635,modular,1,q,img/target_1.png
38,3,636,modular,2,i,img/target_8.png
38,3,637,modular,0,r,img/target_4.png
38,3,638,modular,2,i,img/target_8.png
38,3,639,modular,1,q,img/target_1.png
38,3,640,modular,0,r,img/target_4.png
38,3,641,modular,9,v,img/target_5.png
38,3,642,modular,6,p,img/target_10.png
38,3,643,modular,5,b,img/target_6.png
38,3,644,modular,4,w,img/target_2.png
38,3,645,modular,2,i,img/target_8.png
38,3,646,modular,0,r,img/target_4.png
38,3,647,modular,3,e,img/target_3.png
38,3,648,modular,0,r,img/target_4.png
38,3,649,modular,3,e,img/target_3.png
38,3,650,modular,2,i,img/target_8.png
38,3,651,modular,1,q,img/target_1.png
38,3,652,modular,2,i,img/target_8.png
38,3,653,modular,3,e,img/target_3.png
38,3,654,modular,0,r,img/target_4.png
38,3,655,modular,9,v,img/target_5.png
38,3,656,modular,0,r,img/target_4.png
38,3,657,modular,9,v,img/target_5.png
38,3,658,modular,6,p,img/target_10.png
38,3,659,modular,5,b,img/target_6.png
38,3,660,modular,7,o,img/target_9.png
38,3,661,modular,5,b,img/target_6.png
38,3,662,modular,8,u,img/target_7.png
38,3,663,modular,6,p,img/target_10.png
38,3,664,modular,9,v,img/target_5.png
38,3,665,modular,7,o,img/target_9.png
38,3,666,modular,8,u,img/target_7.png
38,3,667,modular,7,o,img/target_9.png
38,3,668,modular,8,u,img/target_7.png
38,3,669,modular,6,p,img/target_10.png
38,3,670,modular,9,v,img/target_5.png
38,3,671,modular,0,r,img/target_4.png
38,3,672,modular,1,q,img/target_1.png
38,3,673,modular,0,r,img/target_4.png
38,3,674,modular,1,q,img/target_1.png
38,3,675,modular,3,e,img/target_3.png
38,3,676,modular,4,w,img/target_2.png
38,3,677,modular,2,i,img/target_8.png
38,3,678,modular,4,w,img/target_2.png
38,3,679,modular,3,e,img/target_3.png
38,3,680,modular,0,r,img/target_4.png
38,3,681,modular,9,v,img/target_5.png
38,3,682,modular,8,u,img/target_7.png
38,3,683,modular,6,p,img/target_10.png
38,3,684,modular,8,u,img/target_7.png
38,3,685,modular,9,v,img/target_5.png
38,3,686,modular,8,u,img/target_7.png
38,3,687,modular,9,v,img/target_5.png
38,3,688,modular,6,p,img/target_10.png
38,3,689,modular,8,u,img/target_7.png
38,3,690,modular,9,v,img/target_5.png
38,3,691,modular,6,p,img/target_10.png
38,3,692,modular,5,b,img/target_6.png
38,3,693,modular,7,o,img/target_9.png
38,3,694,modular,8,u,img/target_7.png
38,3,695,modular,9,v,img/target_5.png
38,3,696,modular,6,p,img/target_10.png
38,3,697,modular,8,u,img/target_7.png
38,3,698,modular,9,v,img/target_5.png
38,3,699,modular,0,r,img/target_4.png
38,3,700,modular,3,e,img/target_3.png
38,3,701,modular,0,r,img/target_4.png
38,3,702,modular,3,e,img/target_3.png
38,3,703,modular,2,i,img/target_8.png
38,3,704,modular,0,r,img/target_4.png
38,3,705,modular,1,q,img/target_1.png
38,3,706,modular,4,w,img/target_2.png
38,3,707,modular,3,e,img/target_3.png
38,3,708,modular,4,w,img/target_2.png
38,3,709,modular,1,q,img/target_1.png
38,3,710,modular,4,w,img/target_2.png
38,3,711,modular,2,i,img/target_8.png
38,3,712,modular,4,w,img/target_2.png
38,3,713,modular,1,q,img/target_1.png
38,3,714,modular,3,e,img/target_3.png
38,3,715,modular,4,w,img/target_2.png
38,3,716,modular,2,i,img/target_8.png
38,3,717,modular,1,q,img/target_1.png
38,3,718,modular,2,i,img/target_8.png
38,3,719,modular,1,q,img/target_1.png
38,3,720,modular,3,e,img/target_3.png
38,3,721,modular,4,w,img/target_2.png
38,3,722,modular,3,e,img/target_3.png
38,3,723,modular,0,r,img/target_4.png
38,3,724,modular,2,i,img/target_8.png
38,3,725,modular,0,r,img/target_4.png
38,3,726,modular,9,v,img/target_5.png
38,3,727,modular,7,o,img/target_9.png
38,3,728,modular,9,v,img/target_5.png
38,3,729,modular,8,u,img/target_7.png
38,3,730,modular,5,b,img/target_6.png
38,3,731,modular,6,p,img/target_10.png
38,3,732,modular,8,u,img/target_7.png
38,3,733,modular,5,b,img/target_6.png
38,3,734,modular,7,o,img/target_9.png
38,3,735,modular,9,v,img/target_5.png
38,3,736,modular,7,o,img/target_9.png
38,3,737,modular,9,v,img/target_5.png
38,3,738,modular,6,p,img/target_10.png
38,3,739,modular,8,u,img/target_7.png
38,3,740,modular,7,o,img/target_9.png
38,3,741,modular,9,v,img/target_5.png
38,3,742,modular,8,u,img/target_7.png
38,3,743,modular,7,o,img/target_9.png
38,3,744,modular,9,v,img/target_5.png
38,3,745,modular,7,o,img/target_9.png
38,3,746,modular,5,b,img/target_6.png
38,3,747,modular,4,w,img/target_2.png
38,3,748,modular,3,e,img/target_3.png
38,3,749,modular,4,w,img/target_2.png
38,3,750,modular,1,q,img/target_1.png
38,3,751,modular,2,i,img/target_8.png
38,3,752,modular,0,r,img/target_4.png
38,3,753,modular,1,q,img/target_1.png
38,3,754,modular,2,i,img/target_8.png
38,3,755,modular,4,w,img/target_2.png
38,3,756,modular,3,e,img/target_3.png
38,3,757,modular,4,w,img/target_2.png
38,3,758,modular,1,q,img/target_1.png
38,3,759,modular,2,i,img/target_8.png
38,3,760,modular,3,e,img/target_3.png
38,3,761,modular,1,q,img/target_1.png
38,3,762,modular,4,w,img/target_2.png
38,3,763,modular,2,i,img/target_8.png
38,3,764,modular,3,e,img/target_3.png
38,3,765,modular,2,i,img/target_8.png
38,3,766,modular,0,r,img/target_4.png
38,3,767,modular,2,i,img/target_8.png
38,3,768,modular,3,e,img/target_3.png
38,3,769,modular,0,r,img/target_4.png
38,3,770,modular,3,e,img/target_3.png
38,3,771,modular,1,q,img/target_1.png
38,3,772,modular,0,r,img/target_4.png
38,3,773,modular,9,v,img/target_5.png
38,3,774,modular,7,o,img/target_9.png
38,3,775,modular,5,b,img/target_6.png
38,3,776,modular,4,w,img/target_2.png
38,3,777,modular,2,i,img/target_8.png
38,3,778,modular,4,w,img/target_2.png
38,3,779,modular,5,b,img/target_6.png
38,3,780,modular,7,o,img/target_9.png
38,3,781,modular,9,v,img/target_5.png
38,3,782,modular,7,o,img/target_9.png
38,3,783,modular,8,u,img/target_7.png
38,3,784,modular,9,v,img/target_5.png
38,3,785,modular,7,o,img/target_9.png
38,3,786,modular,5,b,img/target_6.png
38,3,787,modular,8,u,img/target_7.png
38,3,788,modular,9,v,img/target_5.png
38,3,789,modular,7,o,img/target_9.png
38,3,790,modular,8,u,img/target_7.png
38,3,791,modular,9,v,img/target_5.png
38,3,792,modular,8,u,img/target_7.png
38,3,793,modular,9,v,img/target_5.png
38,3,794,modular,8,u,img/target_7.png
38,3,795,modular,6,p,img/target_10.png
38,3,796,modular,8,u,img/target_7.png
38,3,797,modular,9,v,img/target_5.png
38,3,798,modular,6,p,img/target_10.png
38,3,799,modular,8,u,img/target_7.png
38,3,800,modular,9,v,img/target_5.png
38,3,801,modular,7,o,img/target_9.png
38,3,802,modular,8,u,img/target_7.png
38,3,803,modular,6,p,img/target_10.png
38,3,804,modular,8,u,img/target_7.png
38,3,805,modular,5,b,img/target_6.png
38,3,806,modular,8,u,img/target_7.png
38,3,807,modular,7,o,img/target_9.png
38,3,808,modular,5,b,img/target_6.png
38,3,809,modular,7,o,img/target_9.png
38,3,810,modular,5,b,img/target_6.png
38,3,811,modular,8,u,img/target_7.png
38,3,812,modular,9,v,img/target_5.png
38,3,813,modular,8,u,img/target_7.png
38,3,814,modular,9,v,img/target_5.png
38,3,815,modular,7,o,img/target_9.png
38,3,816,modular,6,p,img/target_10.png
38,3,817,modular,9,v,img/target_5.png
38,3,818,modular,0,r,img/target_4.png
38,3,819,modular,9,v,img/target_5.png
38,3,820,modular,8,u,img/target_7.png
38,3,821,modular,9,v,img/target_5.png
38,3,822,modular,6,p,img/target_10.png
38,3,823,modular,8,u,img/target_7.png
38,3,824,modular,5,b,img/target_6.png
38,3,825,modular,7,o,img/target_9.png
38,3,826,modular,9,v,img/target_5.png
38,3,827,modular,8,u,img/target_7.png
38,3,828,modular,7,o,img/target_9.png
38,3,829,modular,6,p,img/target_10.png
38,3,830,modular,9,v,img/target_5.png
38,3,831,modular,0,r,img/target_4.png
38,3,832,modular,2,i,img/target_8.png
38,3,833,modular,3,e,img/target_3.png
38,3,834,modular,4,w,img/target_2.png
38,3,835,modular,5,b,img/target_6.png
38,3,836,modular,8,u,img/target_7.png
38,3,837,modular,7,o,img/target_9.png
38,3,838,modular,5,b,img/target_6.png
38,3,839,modular,7,o,img/target_9.png
38,3,840,modular,8,u,img/target_7.png
38,3,841,modular,7,o,img/target_9.png
38,3,842,modular,6,p,img/target_10.png
38,3,843,modular,5,b,img/target_6.png
38,3,844,modular,7,o,img/target_9.png
38,3,845,modular,9,v,img/target_5.png
38,3,846,modular,6,p,img/target_10.png
38,3,847,modular,9,v,img/target_5.png
38,3,848,modular,8,u,img/target_7.png
38,3,849,modular,5,b,img/target_6.png
38,3,850,modular,6,p,img/target_10.png
38,3,851,modular,5,b,img/target_6.png
38,3,852,modular,6,p,img/target_10.png
38,3,853,modular,5,b,img/target_6.png
38,3,854,modular,7,o,img/target_9.png
38,3,855,modular,6,p,img/target_10.png
38,3,856,modular,5,b,img/target_6.png
38,3,857,modular,6,p,img/target_10.png
38,3,858,modular,7,o,img/target_9.png
38,3,859,modular,6,p,img/target_10.png
38,3,860,modular,7,o,img/target_9.png
38,3,861,modular,8,u,img/target_7.png
38,3,862,modular,9,v,img/target_5.png
38,3,863,modular,7,o,img/target_9.png
38,3,864,modular,6,p,img/target_10.png
38,3,865,modular,7,o,img/target_9.png
38,3,866,modular,8,u,img/target_7.png
38,3,867,modular,9,v,img/target_5.png
38,3,868,modular,0,r,img/target_4.png
38,3,869,modular,9,v,img/target_5.png
38,3,870,modular,0,r,img/target_4.png
38,3,871,modular,2,i,img/target_8.png
38,3,872,modular,0,r,img/target_4.png
38,3,873,modular,3,e,img/target_3.png
38,3,874,modular,4,w,img/target_2.png
38,3,875,modular,1,q,img/target_1.png
38,3,876,modular,4,w,img/target_2.png
38,3,877,modular,2,i,img/target_8.png
38,3,878,modular,4,w,img/target_2.png
38,3,879,modular,2,i,img/target_8.png
38,3,880,modular,1,q,img/target_1.png
38,3,881,modular,0,r,img/target_4.png
38,3,882,modular,9,v,img/target_5.png
38,3,883,modular,8,u,img/target_7.png
38,3,884,modular,7,o,img/target_9.png
38,3,885,modular,6,p,img/target_10.png
38,3,886,modular,9,v,img/target_5.png
38,3,887,modular,0,r,img/target_4.png
38,3,888,modular,3,e,img/target_3.png
38,3,889,modular,4,w,img/target_2.png
38,3,890,modular,2,i,img/target_8.png
38,3,891,modular,1,q,img/target_1.png
38,3,892,modular,0,r,img/target_4.png
38,3,893,modular,3,e,img/target_3.png
38,3,894,modular,1,q,img/target_1.png
38,3,895,modular,2,i,img/target_8.png
38,3,896,modular,4,w,img/target_2.png
38,3,897,modular,3,e,img/target_3.png
38,3,898,modular,2,i,img/target_8.png
38,3,899,modular,4,w,img/target_2.png
38,3,900,modular,1,q,img/target_1.png
38,3,901,modular,2,i,img/target_8.png
38,3,902,modular,4,w,img/target_2.png
38,3,903,modular,3,e,img/target_3.png
38,3,904,modular,2,i,img/target_8.png
38,3,905,modular,4,w,img/target_2.png
38,3,906,modular,3,e,img/target_3.png
38,3,907,modular,2,i,img/target_8.png
38,3,908,modular,0,r,img/target_4.png
38,3,909,modular,9,v,img/target_5.png
38,3,910,modular,6,p,img/target_10.png
38,3,911,modular,9,v,img/target_5.png
38,3,912,modular,8,u,img/target_7.png
38,3,913,modular,7,o,img/target_9.png
38,3,914,modular,8,u,img/target_7.png
38,3,915,modular,7,o,img/target_9.png
38,3,916,modular,8,u,img/target_7.png
38,3,917,modular,5,b,img/target_6.png
38,3,918,modular,7,o,img/target_9.png
38,3,919,modular,5,b,img/target_6.png
38,3,920,modular,4,w,img/target_2.png
38,3,921,modular,2,i,img/target_8.png
38,3,922,modular,1,q,img/target_1.png
38,3,923,modular,2,i,img/target_8.png
38,3,924,modular,0,r,img/target_4.png
38,3,925,modular,9,v,img/target_5.png
38,3,926,modular,7,o,img/target_9.png
38,3,927,modular,6,p,img/target_10.png
38,3,928,modular,8,u,img/target_7.png
38,3,929,modular,9,v,img/target_5.png
38,3,930,modular,0,r,img/target_4.png
38,3,931,modular,2,i,img/target_8.png
38,3,932,modular,1,q,img/target_1.png
38,3,933,modular,4,w,img/target_2.png
38,3,934,modular,5,b,img/target_6.png
38,3,935,modular,8,u,img/target_7.png
38,3,936,modular,9,v,img/target_5.png
38,3,937,modular,6,p,img/target_10.png
38,3,938,modular,8,u,img/target_7.png
38,3,939,modular,6,p,img/target_10.png
38,3,940,modular,8,u,img/target_7.png
38,3,941,modular,6,p,img/target_10.png
38,3,942,modular,9,v,img/target_5.png
38,3,943,modular,6,p,img/target_10.png
38,3,944,modular,9,v,img/target_5.png
38,3,945,modular,8,u,img/target_7.png
38,3,946,modular,5,b,img/target_6.png
38,3,947,modular,8,u,img/target_7.png
38,3,948,modular,9,v,img/target_5.png
38,3,949,modular,8,u,img/target_7.png
38,3,950,modular,5,b,img/target_6.png
38,3,951,modular,4,w,img/target_2.png
38,3,952,modular,3,e,img/target_3.png
38,3,953,modular,2,i,img/target_8.png
38,3,954,modular,4,w,img/target_2.png
38,3,955,modular,3,e,img/target_3.png
38,3,956,modular,2,i,img/target_8.png
38,3,957,modular,1,q,img/target_1.png
38,3,958,modular,2,i,img/target_8.png
38,3,959,modular,3,e,img/target_3.png
38,3,960,modular,4,w,img/target_2.png
38,3,961,modular,5,b,img/target_6.png
38,3,962,modular,4,w,img/target_2.png
38,3,963,modular,3,e,img/target_3.png
38,3,964,modular,1,q,img/target_1.png
38,3,965,modular,2,i,img/target_8.png
38,3,966,modular,1,q,img/target_1.png
38,3,967,modular,0,r,img/target_4.png
38,3,968,modular,1,q,img/target_1.png
38,3,969,modular,3,e,img/target_3.png
38,3,970,modular,0,r,img/target_4.png
38,3,971,modular,2,i,img/target_8.png
38,3,972,modular,3,e,img/target_3.png
38,3,973,modular,2,i,img/target_8.png
38,3,974,modular,4,w,img/target_2.png
38,3,975,modular,2,i,img/target_8.png
38,3,976,modular,0,r,img/target_4.png
38,3,977,modular,1,q,img/target_1.png
38,3,978,modular,3,e,img/target_3.png
38,3,979,modular,2,i,img/target_8.png
38,3,980,modular,3,e,img/target_3.png
38,3,981,modular,4,w,img/target_2.png
38,3,982,modular,2,i,img/target_8.png
38,3,983,modular,1,q,img/target_1.png
38,3,984,modular,2,i,img/target_8.png
38,3,985,modular,3,e,img/target_3.png
38,3,986,modular,2,i,img/target_8.png
38,3,987,modular,4,w,img/target_2.png
38,3,988,modular,1,q,img/target_1.png
38,3,989,modular,4,w,img/target_2.png
38,3,990,modular,1,q,img/target_1.png
38,3,991,modular,2,i,img/target_8.png
38,3,992,modular,3,e,img/target_3.png
38,3,993,modular,2,i,img/target_8.png
38,3,994,modular,1,q,img/target_1.png
38,3,995,modular,3,e,img/target_3.png
38,3,996,modular,1,q,img/target_1.png
38,3,997,modular,2,i,img/target_8.png
38,3,998,modular,1,q,img/target_1.png
38,3,999,modular,0,r,img/target_4.png
38,3,1000,modular,1,q,img/target_1.png
