pID,sess,trialNum,graph,walk,resp,path
38,1,1,modular,1,q,img/target_1.png
38,1,2,modular,2,i,img/target_8.png
38,1,3,modular,3,e,img/target_3.png
38,1,4,modular,2,i,img/target_8.png
38,1,5,modular,4,w,img/target_2.png
38,1,6,modular,3,e,img/target_3.png
38,1,7,modular,2,i,img/target_8.png
38,1,8,modular,4,w,img/target_2.png
38,1,9,modular,1,q,img/target_1.png
38,1,10,modular,2,i,img/target_8.png
38,1,11,modular,3,e,img/target_3.png
38,1,12,modular,4,w,img/target_2.png
38,1,13,modular,5,b,img/target_6.png
38,1,14,modular,4,w,img/target_2.png
38,1,15,modular,2,i,img/target_8.png
38,1,16,modular,1,q,img/target_1.png
38,1,17,modular,2,i,img/target_8.png
38,1,18,modular,0,r,img/target_4.png
38,1,19,modular,3,e,img/target_3.png
38,1,20,modular,2,i,img/target_8.png
38,1,21,modular,0,r,img/target_4.png
38,1,22,modular,3,e,img/target_3.png
38,1,23,modular,4,w,img/target_2.png
38,1,24,modular,3,e,img/target_3.png
38,1,25,modular,0,r,img/target_4.png
38,1,26,modular,9,v,img/target_5.png
38,1,27,modular,6,p,img/target_10.png
38,1,28,modular,8,u,img/target_7.png
38,1,29,modular,9,v,img/target_5.png
38,1,30,modular,6,p,img/target_10.png
38,1,31,modular,8,u,img/target_7.png
38,1,32,modular,5,b,img/target_6.png
38,1,33,modular,7,o,img/target_9.png
38,1,34,modular,6,p,img/target_10.png
38,1,35,modular,8,u,img/target_7.png
38,1,36,modular,9,v,img/target_5.png
38,1,37,modular,7,o,img/target_9.png
38,1,38,modular,6,p,img/target_10.png
38,1,39,modular,8,u,img/target_7.png
38,1,40,modular,5,b,img/target_6.png
38,1,41,modular,4,w,img/target_2.png
38,1,42,modular,1,q,img/target_1.png
38,1,43,modular,2,i,img/target_8.png
38,1,44,modular,3,e,img/target_3.png
38,1,45,modular,1,q,img/target_1.png
38,1,46,modular,0,r,img/target_4.png
38,1,47,modular,3,e,img/target_3.png
38,1,48,modular,2,i,img/target_8.png
38,1,49,modular,4,w,img/target_2.png
38,1,50,modular,1,q,img/target_1.png
38,1,51,modular,0,r,img/target_4.png
38,1,52,modular,1,q,img/target_1.png
38,1,53,modular,0,r,img/target_4.png
38,1,54,modular,9,v,img/target_5.png
38,1,55,modular,6,p,img/target_10.png
38,1,56,modular,8,u,img/target_7.png
38,1,57,modular,9,v,img/target_5.png
38,1,58,modular,0,r,img/target_4.png
38,1,59,modular,3,e,img/target_3.png
38,1,60,modular,2,i,img/target_8.png
38,1,61,modular,0,r,img/target_4.png
38,1,62,modular,1,q,img/target_1.png
38,1,63,modular,0,r,img/target_4.png
38,1,64,modular,9,v,img/target_5.png
38,1,65,modular,7,o,img/target_9.png
38,1,66,modular,8,u,img/target_7.png
38,1,67,modular,6,p,img/target_10.png
38,1,68,modular,9,v,img/target_5.png
38,1,69,modular,0,r,img/target_4.png
38,1,70,modular,3,e,img/target_3.png
38,1,71,modular,0,r,img/target_4.png
38,1,72,modular,2,i,img/target_8.png
38,1,73,modular,3,e,img/target_3.png
38,1,74,modular,1,q,img/target_1.png
38,1,75,modular,4,w,img/target_2.png
38,1,76,modular,2,i,img/target_8.png
38,1,77,modular,0,r,img/target_4.png
38,1,78,modular,9,v,img/target_5.png
38,1,79,modular,0,r,img/target_4.png
38,1,80,modular,2,i,img/target_8.png
38,1,81,modular,3,e,img/target_3.png
38,1,82,modular,0,r,img/target_4.png
38,1,83,modular,2,i,img/target_8.png
38,1,84,modular,1,q,img/target_1.png
38,1,85,modular,0,r,img/target_4.png
38,1,86,modular,9,v,img/target_5.png
38,1,87,modular,0,r,img/target_4.png
38,1,88,modular,2,i,img/target_8.png
38,1,89,modular,4,w,img/target_2.png
38,1,90,modular,1,q,img/target_1.png
38,1,91,modular,4,w,img/target_2.png
38,1,92,modular,5,b,img/target_6.png
38,1,93,modular,6,p,img/target_10.png
38,1,94,modular,8,u,img/target_7.png
38,1,95,modular,6,p,img/target_10.png
38,1,96,modular,8,u,img/target_7.png
38,1,97,modular,6,p,img/target_10.png
38,1,98,modular,5,b,img/target_6.png
38,1,99,modular,7,o,img/target_9.png
38,1,100,modular,5,b,img/target_6.png
38,1,101,modular,8,u,img/target_7.png
38,1,102,modular,9,v,img/target_5.png
38,1,103,modular,0,r,img/target_4.png
38,1,104,modular,1,q,img/target_1.png
38,1,105,modular,4,w,img/target_2.png
38,1,106,modular,2,i,img/target_8.png
38,1,107,modular,4,w,img/target_2.png
38,1,108,modular,5,b,img/target_6.png
38,1,109,modular,6,p,img/target_10.png
38,1,110,modular,5,b,img/target_6.png
38,1,111,modular,4,w,img/target_2.png
38,1,112,modular,3,e,img/target_3.png
38,1,113,modular,0,r,img/target_4.png
38,1,114,modular,9,v,img/target_5.png
38,1,115,modular,6,p,img/target_10.png
38,1,116,modular,8,u,img/target_7.png
38,1,117,modular,6,p,img/target_10.png
38,1,118,modular,8,u,img/target_7.png
38,1,119,modular,9,v,img/target_5.png
38,1,120,modular,8,u,img/target_7.png
38,1,121,modular,5,b,img/target_6.png
38,1,122,modular,7,o,img/target_9.png
38,1,123,modular,8,u,img/target_7.png
38,1,124,modular,9,v,img/target_5.png
38,1,125,modular,8,u,img/target_7.png
38,1,126,modular,9,v,img/target_5.png
38,1,127,modular,0,r,img/target_4.png
38,1,128,modular,1,q,img/target_1.png
38,1,129,modular,3,e,img/target_3.png
38,1,130,modular,1,q,img/target_1.png
38,1,131,modular,2,i,img/target_8.png
38,1,132,modular,0,r,img/target_4.png
38,1,133,modular,1,q,img/target_1.png
38,1,134,modular,4,w,img/target_2.png
38,1,135,modular,2,i,img/target_8.png
38,1,136,modular,4,w,img/target_2.png
38,1,137,modular,3,e,img/target_3.png
38,1,138,modular,1,q,img/target_1.png
38,1,139,modular,3,e,img/target_3.png
38,1,140,modular,4,w,img/target_2.png
38,1,141,modular,1,q,img/target_1.png
38,1,142,modular,4,w,img/target_2.png
38,1,143,modular,1,q,img/target_1.png
38,1,144,modular,3,e,img/target_3.png
38,1,145,modular,4,w,img/target_2.png
38,1,146,modular,3,e,img/target_3.png
38,1,147,modular,4,w,img/target_2.png
38,1,148,modular,1,q,img/target_1.png
38,1,149,modular,3,e,img/target_3.png
38,1,150,modular,2,i,img/target_8.png
38,1,151,modular,3,e,img/target_3.png
38,1,152,modular,1,q,img/target_1.png
38,1,153,modular,3,e,img/target_3.png
38,1,154,modular,2,i,img/target_8.png
38,1,155,modular,1,q,img/target_1.png
38,1,156,modular,2,i,img/target_8.png
38,1,157,modular,1,q,img/target_1.png
38,1,158,modular,4,w,img/target_2.png
38,1,159,modular,3,e,img/target_3.png
38,1,160,modular,2,i,img/target_8.png
38,1,161,modular,0,r,img/target_4.png
38,1,162,modular,9,v,img/target_5.png
38,1,163,modular,6,p,img/target_10.png
38,1,164,modular,9,v,img/target_5.png
38,1,165,modular,7,o,img/target_9.png
38,1,166,modular,6,p,img/target_10.png
38,1,167,modular,7,o,img/target_9.png
38,1,168,modular,8,u,img/target_7.png
38,1,169,modular,9,v,img/target_5.png
38,1,170,modular,8,u,img/target_7.png
38,1,171,modular,5,b,img/target_6.png
38,1,172,modular,6,p,img/target_10.png
38,1,173,modular,7,o,img/target_9.png
38,1,174,modular,5,b,img/target_6.png
38,1,175,modular,6,p,img/target_10.png
38,1,176,modular,5,b,img/target_6.png
38,1,177,modular,8,u,img/target_7.png
38,1,178,modular,7,o,img/target_9.png
38,1,179,modular,8,u,img/target_7.png
38,1,180,modular,9,v,img/target_5.png
38,1,181,modular,7,o,img/target_9.png
38,1,182,modular,8,u,img/target_7.png
38,1,183,modular,6,p,img/target_10.png
38,1,184,modular,5,b,img/target_6.png
38,1,185,modular,8,u,img/target_7.png
38,1,186,modular,5,b,img/target_6.png
38,1,187,modular,7,o,img/target_9.png
38,1,188,modular,6,p,img/target_10.png
38,1,189,modular,9,v,img/target_5.png
38,1,190,modular,8,u,img/target_7.png
38,1,191,modular,7,o,img/target_9.png
38,1,192,modular,5,b,img/target_6.png
38,1,193,modular,6,p,img/target_10.png
38,1,194,modular,5,b,img/target_6.png
38,1,195,modular,8,u,img/target_7.png
38,1,196,modular,9,v,img/target_5.png
38,1,197,modular,0,r,img/target_4.png
38,1,198,modular,1,q,img/target_1.png
38,1,199,modular,2,i,img/target_8.png
38,1,200,modular,1,q,img/target_1.png
38,1,201,modular,3,e,img/target_3.png
38,1,202,modular,0,r,img/target_4.png
38,1,203,modular,1,q,img/target_1.png
38,1,204,modular,0,r,img/target_4.png
38,1,205,modular,2,i,img/target_8.png
38,1,206,modular,0,r,img/target_4.png
38,1,207,modular,2,i,img/target_8.png
38,1,208,modular,3,e,img/target_3.png
38,1,209,modular,2,i,img/target_8.png
38,1,210,modular,0,r,img/target_4.png
38,1,211,modular,3,e,img/target_3.png
38,1,212,modular,2,i,img/target_8.png
38,1,213,modular,3,e,img/target_3.png
38,1,214,modular,1,q,img/target_1.png
38,1,215,modular,4,w,img/target_2.png
38,1,216,modular,3,e,img/target_3.png
38,1,217,modular,1,q,img/target_1.png
38,1,218,modular,2,i,img/target_8.png
38,1,219,modular,4,w,img/target_2.png
38,1,220,modular,2,i,img/target_8.png
38,1,221,modular,1,q,img/target_1.png
38,1,222,modular,4,w,img/target_2.png
38,1,223,modular,3,e,img/target_3.png
38,1,224,modular,2,i,img/target_8.png
38,1,225,modular,4,w,img/target_2.png
38,1,226,modular,5,b,img/target_6.png
38,1,227,modular,7,o,img/target_9.png
38,1,228,modular,9,v,img/target_5.png
38,1,229,modular,6,p,img/target_10.png
38,1,230,modular,9,v,img/target_5.png
38,1,231,modular,6,p,img/target_10.png
38,1,232,modular,8,u,img/target_7.png
38,1,233,modular,9,v,img/target_5.png
38,1,234,modular,8,u,img/target_7.png
38,1,235,modular,7,o,img/target_9.png
38,1,236,modular,8,u,img/target_7.png
38,1,237,modular,9,v,img/target_5.png
38,1,238,modular,0,r,img/target_4.png
38,1,239,modular,9,v,img/target_5.png
38,1,240,modular,6,p,img/target_10.png
38,1,241,modular,8,u,img/target_7.png
38,1,242,modular,5,b,img/target_6.png
38,1,243,modular,8,u,img/target_7.png
38,1,244,modular,7,o,img/target_9.png
38,1,245,modular,6,p,img/target_10.png
38,1,246,modular,9,v,img/target_5.png
38,1,247,modular,8,u,img/target_7.png
38,1,248,modular,9,v,img/target_5.png
38,1,249,modular,8,u,img/target_7.png
38,1,250,modular,6,p,img/target_10.png
38,1,251,modular,9,v,img/target_5.png
38,1,252,modular,8,u,img/target_7.png
38,1,253,modular,7,o,img/target_9.png
38,1,254,modular,8,u,img/target_7.png
38,1,255,modular,5,b,img/target_6.png
38,1,256,modular,4,w,img/target_2.png
38,1,257,modular,2,i,img/target_8.png
38,1,258,modular,0,r,img/target_4.png
38,1,259,modular,2,i,img/target_8.png
38,1,260,modular,4,w,img/target_2.png
38,1,261,modular,1,q,img/target_1.png
38,1,262,modular,4,w,img/target_2.png
38,1,263,modular,1,q,img/target_1.png
38,1,264,modular,4,w,img/target_2.png
38,1,265,modular,3,e,img/target_3.png
38,1,266,modular,4,w,img/target_2.png
38,1,267,modular,2,i,img/target_8.png
38,1,268,modular,1,q,img/target_1.png
38,1,269,modular,3,e,img/target_3.png
38,1,270,modular,4,w,img/target_2.png
38,1,271,modular,2,i,img/target_8.png
38,1,272,modular,0,r,img/target_4.png
38,1,273,modular,3,e,img/target_3.png
38,1,274,modular,4,w,img/target_2.png
38,1,275,modular,1,q,img/target_1.png
38,1,276,modular,0,r,img/target_4.png
38,1,277,modular,3,e,img/target_3.png
38,1,278,modular,2,i,img/target_8.png
38,1,279,modular,4,w,img/target_2.png
38,1,280,modular,2,i,img/target_8.png
38,1,281,modular,4,w,img/target_2.png
38,1,282,modular,3,e,img/target_3.png
38,1,283,modular,4,w,img/target_2.png
38,1,284,modular,5,b,img/target_6.png
38,1,285,modular,4,w,img/target_2.png
38,1,286,modular,5,b,img/target_6.png
38,1,287,modular,7,o,img/target_9.png
38,1,288,modular,5,b,img/target_6.png
38,1,289,modular,4,w,img/target_2.png
38,1,290,modular,2,i,img/target_8.png
38,1,291,modular,1,q,img/target_1.png
38,1,292,modular,3,e,img/target_3.png
38,1,293,modular,1,q,img/target_1.png
38,1,294,modular,2,i,img/target_8.png
38,1,295,modular,4,w,img/target_2.png
38,1,296,modular,1,q,img/target_1.png
38,1,297,modular,4,w,img/target_2.png
38,1,298,modular,5,b,img/target_6.png
38,1,299,modular,6,p,img/target_10.png
38,1,300,modular,8,u,img/target_7.png
38,1,301,modular,7,o,img/target_9.png
38,1,302,modular,6,p,img/target_10.png
38,1,303,modular,8,u,img/target_7.png
38,1,304,modular,7,o,img/target_9.png
38,1,305,modular,8,u,img/target_7.png
38,1,306,modular,5,b,img/target_6.png
38,1,307,modular,4,w,img/target_2.png
38,1,308,modular,3,e,img/target_3.png
38,1,309,modular,1,q,img/target_1.png
38,1,310,modular,2,i,img/target_8.png
38,1,311,modular,0,r,img/target_4.png
38,1,312,modular,1,q,img/target_1.png
38,1,313,modular,3,e,img/target_3.png
38,1,314,modular,1,q,img/target_1.png
38,1,315,modular,2,i,img/target_8.png
38,1,316,modular,3,e,img/target_3.png
38,1,317,modular,4,w,img/target_2.png
38,1,318,modular,1,q,img/target_1.png
38,1,319,modular,4,w,img/target_2.png
38,1,320,modular,1,q,img/target_1.png
38,1,321,modular,4,w,img/target_2.png
38,1,322,modular,2,i,img/target_8.png
38,1,323,modular,0,r,img/target_4.png
38,1,324,modular,9,v,img/target_5.png
38,1,325,modular,0,r,img/target_4.png
38,1,326,modular,9,v,img/target_5.png
38,1,327,modular,7,o,img/target_9.png
38,1,328,modular,5,b,img/target_6.png
38,1,329,modular,8,u,img/target_7.png
38,1,330,modular,9,v,img/target_5.png
38,1,331,modular,7,o,img/target_9.png
38,1,332,modular,5,b,img/target_6.png
38,1,333,modular,8,u,img/target_7.png
38,1,334,modular,9,v,img/target_5.png
38,1,335,modular,6,p,img/target_10.png
38,1,336,modular,8,u,img/target_7.png
38,1,337,modular,6,p,img/target_10.png
38,1,338,modular,5,b,img/target_6.png
38,1,339,modular,7,o,img/target_9.png
38,1,340,modular,6,p,img/target_10.png
38,1,341,modular,7,o,img/target_9.png
38,1,342,modular,6,p,img/target_10.png
38,1,343,modular,9,v,img/target_5.png
38,1,344,modular,0,r,img/target_4.png
38,1,345,modular,3,e,img/target_3.png
38,1,346,modular,1,q,img/target_1.png
38,1,347,modular,0,r,img/target_4.png
38,1,348,modular,9,v,img/target_5.png
38,1,349,modular,8,u,img/target_7.png
38,1,350,modular,9,v,img/target_5.png
38,1,351,modular,7,o,img/target_9.png
38,1,352,modular,5,b,img/target_6.png
38,1,353,modular,4,w,img/target_2.png
38,1,354,modular,2,i,img/target_8.png
38,1,355,modular,0,r,img/target_4.png
38,1,356,modular,1,q,img/target_1.png
38,1,357,modular,2,i,img/target_8.png
38,1,358,modular,3,e,img/target_3.png
38,1,359,modular,2,i,img/target_8.png
38,1,360,modular,0,r,img/target_4.png
38,1,361,modular,1,q,img/target_1.png
38,1,362,modular,0,r,img/target_4.png
38,1,363,modular,9,v,img/target_5.png
38,1,364,modular,8,u,img/target_7.png
38,1,365,modular,6,p,img/target_10.png
38,1,366,modular,9,v,img/target_5.png
38,1,367,modular,8,u,img/target_7.png
38,1,368,modular,9,v,img/target_5.png
38,1,369,modular,0,r,img/target_4.png
38,1,370,modular,9,v,img/target_5.png
38,1,371,modular,7,o,img/target_9.png
38,1,372,modular,6,p,img/target_10.png
38,1,373,modular,9,v,img/target_5.png
38,1,374,modular,7,o,img/target_9.png
38,1,375,modular,8,u,img/target_7.png
38,1,376,modular,7,o,img/target_9.png
38,1,377,modular,6,p,img/target_10.png
38,1,378,modular,5,b,img/target_6.png
38,1,379,modular,4,w,img/target_2.png
38,1,380,modular,5,b,img/target_6.png
38,1,381,modular,4,w,img/target_2.png
38,1,382,modular,2,i,img/target_8.png
38,1,383,modular,4,w,img/target_2.png
38,1,384,modular,2,i,img/target_8.png
38,1,385,modular,3,e,img/target_3.png
38,1,386,modular,0,r,img/target_4.png
38,1,387,modular,2,i,img/target_8.png
38,1,388,modular,0,r,img/target_4.png
38,1,389,modular,3,e,img/target_3.png
38,1,390,modular,2,i,img/target_8.png
38,1,391,modular,0,r,img/target_4.png
38,1,392,modular,2,i,img/target_8.png
38,1,393,modular,4,w,img/target_2.png
38,1,394,modular,3,e,img/target_3.png
38,1,395,modular,4,w,img/target_2.png
38,1,396,modular,1,q,img/target_1.png
38,1,397,modular,0,r,img/target_4.png
38,1,398,modular,9,v,img/target_5.png
38,1,399,modular,6,p,img/target_10.png
38,1,400,modular,8,u,img/target_7.png
38,1,401,modular,7,o,img/target_9.png
38,1,402,modular,6,p,img/target_10.png
38,1,403,modular,7,o,img/target_9.png
38,1,404,modular,8,u,img/target_7.png
38,1,405,modular,7,o,img/target_9.png
38,1,406,modular,9,v,img/target_5.png
38,1,407,modular,8,u,img/target_7.png
38,1,408,modular,6,p,img/target_10.png
38,1,409,modular,9,v,img/target_5.png
38,1,410,modular,7,o,img/target_9.png
38,1,411,modular,9,v,img/target_5.png
38,1,412,modular,8,u,img/target_7.png
38,1,413,modular,5,b,img/target_6.png
38,1,414,modular,4,w,img/target_2.png
38,1,415,modular,1,q,img/target_1.png
38,1,416,modular,4,w,img/target_2.png
38,1,417,modular,5,b,img/target_6.png
38,1,418,modular,6,p,img/target_10.png
38,1,419,modular,9,v,img/target_5.png
38,1,420,modular,8,u,img/target_7.png
38,1,421,modular,9,v,img/target_5.png
38,1,422,modular,8,u,img/target_7.png
38,1,423,modular,9,v,img/target_5.png
38,1,424,modular,0,r,img/target_4.png
38,1,425,modular,9,v,img/target_5.png
38,1,426,modular,6,p,img/target_10.png
38,1,427,modular,7,o,img/target_9.png
38,1,428,modular,6,p,img/target_10.png
38,1,429,modular,8,u,img/target_7.png
38,1,430,modular,9,v,img/target_5.png
38,1,431,modular,0,r,img/target_4.png
38,1,432,modular,9,v,img/target_5.png
38,1,433,modular,6,p,img/target_10.png
38,1,434,modular,5,b,img/target_6.png
38,1,435,modular,6,p,img/target_10.png
38,1,436,modular,9,v,img/target_5.png
38,1,437,modular,0,r,img/target_4.png
38,1,438,modular,2,i,img/target_8.png
38,1,439,modular,1,q,img/target_1.png
38,1,440,modular,0,r,img/target_4.png
38,1,441,modular,1,q,img/target_1.png
38,1,442,modular,2,i,img/target_8.png
38,1,443,modular,3,e,img/target_3.png
38,1,444,modular,4,w,img/target_2.png
38,1,445,modular,1,q,img/target_1.png
38,1,446,modular,3,e,img/target_3.png
38,1,447,modular,2,i,img/target_8.png
38,1,448,modular,1,q,img/target_1.png
38,1,449,modular,0,r,img/target_4.png
38,1,450,modular,1,q,img/target_1.png
38,1,451,modular,2,i,img/target_8.png
38,1,452,modular,4,w,img/target_2.png
38,1,453,modular,2,i,img/target_8.png
38,1,454,modular,3,e,img/target_3.png
38,1,455,modular,2,i,img/target_8.png
38,1,456,modular,0,r,img/target_4.png
38,1,457,modular,1,q,img/target_1.png
38,1,458,modular,4,w,img/target_2.png
38,1,459,modular,2,i,img/target_8.png
38,1,460,modular,4,w,img/target_2.png
38,1,461,modular,2,i,img/target_8.png
38,1,462,modular,0,r,img/target_4.png
38,1,463,modular,3,e,img/target_3.png
38,1,464,modular,1,q,img/target_1.png
38,1,465,modular,2,i,img/target_8.png
38,1,466,modular,3,e,img/target_3.png
38,1,467,modular,2,i,img/target_8.png
38,1,468,modular,1,q,img/target_1.png
38,1,469,modular,3,e,img/target_3.png
38,1,470,modular,4,w,img/target_2.png
38,1,471,modular,2,i,img/target_8.png
38,1,472,modular,1,q,img/target_1.png
38,1,473,modular,0,r,img/target_4.png
38,1,474,modular,3,e,img/target_3.png
38,1,475,modular,2,i,img/target_8.png
38,1,476,modular,1,q,img/target_1.png
38,1,477,modular,0,r,img/target_4.png
38,1,478,modular,2,i,img/target_8.png
38,1,479,modular,4,w,img/target_2.png
38,1,480,modular,1,q,img/target_1.png
38,1,481,modular,2,i,img/target_8.png
38,1,482,modular,1,q,img/target_1.png
38,1,483,modular,2,i,img/target_8.png
38,1,484,modular,4,w,img/target_2.png
38,1,485,modular,5,b,img/target_6.png
38,1,486,modular,6,p,img/target_10.png
38,1,487,modular,8,u,img/target_7.png
38,1,488,modular,9,v,img/target_5.png
38,1,489,modular,0,r,img/target_4.png
38,1,490,modular,9,v,img/target_5.png
38,1,491,modular,0,r,img/target_4.png
38,1,492,modular,9,v,img/target_5.png
38,1,493,modular,7,o,img/target_9.png
38,1,494,modular,6,p,img/target_10.png
38,1,495,modular,7,o,img/target_9.png
38,1,496,modular,5,b,img/target_6.png
38,1,497,modular,7,o,img/target_9.png
38,1,498,modular,6,p,img/target_10.png
38,1,499,modular,9,v,img/target_5.png
38,1,500,modular,8,u,img/target_7.png
38,1,501,modular,6,p,img/target_10.png
38,1,502,modular,5,b,img/target_6.png
38,1,503,modular,4,w,img/target_2.png
38,1,504,modular,1,q,img/target_1.png
38,1,505,modular,3,e,img/target_3.png
38,1,506,modular,4,w,img/target_2.png
38,1,507,modular,3,e,img/target_3.png
38,1,508,modular,1,q,img/target_1.png
38,1,509,modular,3,e,img/target_3.png
38,1,510,modular,4,w,img/target_2.png
38,1,511,modular,2,i,img/target_8.png
38,1,512,modular,4,w,img/target_2.png
38,1,513,modular,5,b,img/target_6.png
38,1,514,modular,4,w,img/target_2.png
38,1,515,modular,1,q,img/target_1.png
38,1,516,modular,3,e,img/target_3.png
38,1,517,modular,1,q,img/target_1.png
38,1,518,modular,0,r,img/target_4.png
38,1,519,modular,9,v,img/target_5.png
38,1,520,modular,8,u,img/target_7.png
38,1,521,modular,7,o,img/target_9.png
38,1,522,modular,9,v,img/target_5.png
38,1,523,modular,8,u,img/target_7.png
38,1,524,modular,9,v,img/target_5.png
38,1,525,modular,7,o,img/target_9.png
38,1,526,modular,5,b,img/target_6.png
38,1,527,modular,4,w,img/target_2.png
38,1,528,modular,3,e,img/target_3.png
38,1,529,modular,0,r,img/target_4.png
38,1,530,modular,1,q,img/target_1.png
38,1,531,modular,3,e,img/target_3.png
38,1,532,modular,1,q,img/target_1.png
38,1,533,modular,0,r,img/target_4.png
38,1,534,modular,2,i,img/target_8.png
38,1,535,modular,0,r,img/target_4.png
38,1,536,modular,1,q,img/target_1.png
38,1,537,modular,3,e,img/target_3.png
38,1,538,modular,1,q,img/target_1.png
38,1,539,modular,0,r,img/target_4.png
38,1,540,modular,1,q,img/target_1.png
38,1,541,modular,0,r,img/target_4.png
38,1,542,modular,9,v,img/target_5.png
38,1,543,modular,0,r,img/target_4.png
38,1,544,modular,2,i,img/target_8.png
38,1,545,modular,3,e,img/target_3.png
38,1,546,modular,1,q,img/target_1.png
38,1,547,modular,2,i,img/target_8.png
38,1,548,modular,4,w,img/target_2.png
38,1,549,modular,2,i,img/target_8.png
38,1,550,modular,1,q,img/target_1.png
38,1,551,modular,2,i,img/target_8.png
38,1,552,modular,0,r,img/target_4.png
38,1,553,modular,9,v,img/target_5.png
38,1,554,modular,6,p,img/target_10.png
38,1,555,modular,5,b,img/target_6.png
38,1,556,modular,6,p,img/target_10.png
38,1,557,modular,8,u,img/target_7.png
38,1,558,modular,5,b,img/target_6.png
38,1,559,modular,8,u,img/target_7.png
38,1,560,modular,6,p,img/target_10.png
38,1,561,modular,8,u,img/target_7.png
38,1,562,modular,9,v,img/target_5.png
38,1,563,modular,0,r,img/target_4.png
38,1,564,modular,9,v,img/target_5.png
38,1,565,modular,0,r,img/target_4.png
38,1,566,modular,1,q,img/target_1.png
38,1,567,modular,4,w,img/target_2.png
38,1,568,modular,2,i,img/target_8.png
38,1,569,modular,1,q,img/target_1.png
38,1,570,modular,4,w,img/target_2.png
38,1,571,modular,5,b,img/target_6.png
38,1,572,modular,7,o,img/target_9.png
38,1,573,modular,5,b,img/target_6.png
38,1,574,modular,4,w,img/target_2.png
38,1,575,modular,2,i,img/target_8.png
38,1,576,modular,1,q,img/target_1.png
38,1,577,modular,0,r,img/target_4.png
38,1,578,modular,9,v,img/target_5.png
38,1,579,modular,0,r,img/target_4.png
38,1,580,modular,3,e,img/target_3.png
38,1,581,modular,4,w,img/target_2.png
38,1,582,modular,2,i,img/target_8.png
38,1,583,modular,1,q,img/target_1.png
38,1,584,modular,3,e,img/target_3.png
38,1,585,modular,4,w,img/target_2.png
38,1,586,modular,2,i,img/target_8.png
38,1,587,modular,1,q,img/target_1.png
38,1,588,modular,2,i,img/target_8.png
38,1,589,modular,0,r,img/target_4.png
38,1,590,modular,1,q,img/target_1.png
38,1,591,modular,0,r,img/target_4.png
38,1,592,modular,9,v,img/target_5.png
38,1,593,modular,7,o,img/target_9.png
38,1,594,modular,6,p,img/target_10.png
38,1,595,modular,5,b,img/target_6.png
38,1,596,modular,6,p,img/target_10.png
38,1,597,modular,5,b,img/target_6.png
38,1,598,modular,4,w,img/target_2.png
38,1,599,modular,5,b,img/target_6.png
38,1,600,modular,6,p,img/target_10.png
38,1,601,modular,5,b,img/target_6.png
38,1,602,modular,4,w,img/target_2.png
38,1,603,modular,5,b,img/target_6.png
38,1,604,modular,8,u,img/target_7.png
38,1,605,modular,7,o,img/target_9.png
38,1,606,modular,9,v,img/target_5.png
38,1,607,modular,6,p,img/target_10.png
38,1,608,modular,9,v,img/target_5.png
38,1,609,modular,6,p,img/target_10.png
38,1,610,modular,9,v,img/target_5.png
38,1,611,modular,6,p,img/target_10.png
38,1,612,modular,7,o,img/target_9.png
38,1,613,modular,5,b,img/target_6.png
38,1,614,modular,8,u,img/target_7.png
38,1,615,modular,7,o,img/target_9.png
38,1,616,modular,8,u,img/target_7.png
38,1,617,modular,7,o,img/target_9.png
38,1,618,modular,9,v,img/target_5.png
38,1,619,modular,7,o,img/target_9.png
38,1,620,modular,8,u,img/target_7.png
38,1,621,modular,9,v,img/target_5.png
38,1,622,modular,0,r,img/target_4.png
38,1,623,modular,1,q,img/target_1.png
38,1,624,modular,2,i,img/target_8.png
38,1,625,modular,3,e,img/target_3.png
38,1,626,modular,2,i,img/target_8.png
38,1,627,modular,1,q,img/target_1.png
38,1,628,modular,4,w,img/target_2.png
38,1,629,modular,1,q,img/target_1.png
38,1,630,modular,2,i,img/target_8.png
38,1,631,modular,3,e,img/target_3.png
38,1,632,modular,2,i,img/target_8.png
38,1,633,modular,1,q,img/target_1.png
38,1,634,modular,4,w,img/target_2.png
38,1,635,modular,3,e,img/target_3.png
38,1,636,modular,0,r,img/target_4.png
38,1,637,modular,9,v,img/target_5.png
38,1,638,modular,0,r,img/target_4.png
38,1,639,modular,2,i,img/target_8.png
38,1,640,modular,1,q,img/target_1.png
38,1,641,modular,4,w,img/target_2.png
38,1,642,modular,1,q,img/target_1.png
38,1,643,modular,0,r,img/target_4.png
38,1,644,modular,3,e,img/target_3.png
38,1,645,modular,2,i,img/target_8.png
38,1,646,modular,4,w,img/target_2.png
38,1,647,modular,3,e,img/target_3.png
38,1,648,modular,0,r,img/target_4.png
38,1,649,modular,1,q,img/target_1.png
38,1,650,modular,3,e,img/target_3.png
38,1,651,modular,4,w,img/target_2.png
38,1,652,modular,3,e,img/target_3.png
38,1,653,modular,4,w,img/target_2.png
38,1,654,modular,3,e,img/target_3.png
38,1,655,modular,0,r,img/target_4.png
38,1,656,modular,3,e,img/target_3.png
38,1,657,modular,1,q,img/target_1.png
38,1,658,modular,2,i,img/target_8.png
38,1,659,modular,3,e,img/target_3.png
38,1,660,modular,0,r,img/target_4.png
38,1,661,modular,3,e,img/target_3.png
38,1,662,modular,1,q,img/target_1.png
38,1,663,modular,0,r,img/target_4.png
38,1,664,modular,3,e,img/target_3.png
38,1,665,modular,4,w,img/target_2.png
38,1,666,modular,2,i,img/target_8.png
38,1,667,modular,1,q,img/target_1.png
38,1,668,modular,0,r,img/target_4.png
38,1,669,modular,1,q,img/target_1.png
38,1,670,modular,0,r,img/target_4.png
38,1,671,modular,9,v,img/target_5.png
38,1,672,modular,7,o,img/target_9.png
38,1,673,modular,9,v,img/target_5.png
38,1,674,modular,8,u,img/target_7.png
38,1,675,modular,7,o,img/target_9.png
38,1,676,modular,8,u,img/target_7.png
38,1,677,modular,6,p,img/target_10.png
38,1,678,modular,5,b,img/target_6.png
38,1,679,modular,8,u,img/target_7.png
38,1,680,modular,5,b,img/target_6.png
38,1,681,modular,8,u,img/target_7.png
38,1,682,modular,7,o,img/target_9.png
38,1,683,modular,8,u,img/target_7.png
38,1,684,modular,7,o,img/target_9.png
38,1,685,modular,9,v,img/target_5.png
38,1,686,modular,7,o,img/target_9.png
38,1,687,modular,5,b,img/target_6.png
38,1,688,modular,6,p,img/target_10.png
38,1,689,modular,8,u,img/target_7.png
38,1,690,modular,5,b,img/target_6.png
38,1,691,modular,7,o,img/target_9.png
38,1,692,modular,9,v,img/target_5.png
38,1,693,modular,6,p,img/target_10.png
38,1,694,modular,7,o,img/target_9.png
38,1,695,modular,8,u,img/target_7.png
38,1,696,modular,6,p,img/target_10.png
38,1,697,modular,7,o,img/target_9.png
38,1,698,modular,5,b,img/target_6.png
38,1,699,modular,4,w,img/target_2.png
38,1,700,modular,1,q,img/target_1.png
38,1,701,modular,3,e,img/target_3.png
38,1,702,modular,4,w,img/target_2.png
38,1,703,modular,5,b,img/target_6.png
38,1,704,modular,8,u,img/target_7.png
38,1,705,modular,5,b,img/target_6.png
38,1,706,modular,8,u,img/target_7.png
38,1,707,modular,5,b,img/target_6.png
38,1,708,modular,8,u,img/target_7.png
38,1,709,modular,9,v,img/target_5.png
38,1,710,modular,7,o,img/target_9.png
38,1,711,modular,8,u,img/target_7.png
38,1,712,modular,5,b,img/target_6.png
38,1,713,modular,4,w,img/target_2.png
38,1,714,modular,1,q,img/target_1.png
38,1,715,modular,2,i,img/target_8.png
38,1,716,modular,1,q,img/target_1.png
38,1,717,modular,4,w,img/target_2.png
38,1,718,modular,5,b,img/target_6.png
38,1,719,modular,6,p,img/target_10.png
38,1,720,modular,7,o,img/target_9.png
38,1,721,modular,5,b,img/target_6.png
38,1,722,modular,4,w,img/target_2.png
38,1,723,modular,2,i,img/target_8.png
38,1,724,modular,1,q,img/target_1.png
38,1,725,modular,3,e,img/target_3.png
38,1,726,modular,1,q,img/target_1.png
38,1,727,modular,3,e,img/target_3.png
38,1,728,modular,4,w,img/target_2.png
38,1,729,modular,1,q,img/target_1.png
38,1,730,modular,0,r,img/target_4.png
38,1,731,modular,9,v,img/target_5.png
38,1,732,modular,0,r,img/target_4.png
38,1,733,modular,9,v,img/target_5.png
38,1,734,modular,8,u,img/target_7.png
38,1,735,modular,9,v,img/target_5.png
38,1,736,modular,7,o,img/target_9.png
38,1,737,modular,5,b,img/target_6.png
38,1,738,modular,6,p,img/target_10.png
38,1,739,modular,7,o,img/target_9.png
38,1,740,modular,6,p,img/target_10.png
38,1,741,modular,7,o,img/target_9.png
38,1,742,modular,6,p,img/target_10.png
38,1,743,modular,8,u,img/target_7.png
38,1,744,modular,6,p,img/target_10.png
38,1,745,modular,9,v,img/target_5.png
38,1,746,modular,8,u,img/target_7.png
38,1,747,modular,6,p,img/target_10.png
38,1,748,modular,5,b,img/target_6.png
38,1,749,modular,6,p,img/target_10.png
38,1,750,modular,9,v,img/target_5.png
38,1,751,modular,0,r,img/target_4.png
38,1,752,modular,3,e,img/target_3.png
38,1,753,modular,4,w,img/target_2.png
38,1,754,modular,5,b,img/target_6.png
38,1,755,modular,7,o,img/target_9.png
38,1,756,modular,8,u,img/target_7.png
38,1,757,modular,9,v,img/target_5.png
38,1,758,modular,8,u,img/target_7.png
38,1,759,modular,6,p,img/target_10.png
38,1,760,modular,5,b,img/target_6.png
38,1,761,modular,7,o,img/target_9.png
38,1,762,modular,8,u,img/target_7.png
38,1,763,modular,9,v,img/target_5.png
38,1,764,modular,0,r,img/target_4.png
38,1,765,modular,3,e,img/target_3.png
38,1,766,modular,4,w,img/target_2.png
38,1,767,modular,2,i,img/target_8.png
38,1,768,modular,1,q,img/target_1.png
38,1,769,modular,3,e,img/target_3.png
38,1,770,modular,1,q,img/target_1.png
38,1,771,modular,4,w,img/target_2.png
38,1,772,modular,1,q,img/target_1.png
38,1,773,modular,0,r,img/target_4.png
38,1,774,modular,2,i,img/target_8.png
38,1,775,modular,3,e,img/target_3.png
38,1,776,modular,2,i,img/target_8.png
38,1,777,modular,0,r,img/target_4.png
38,1,778,modular,9,v,img/target_5.png
38,1,779,modular,8,u,img/target_7.png
38,1,780,modular,9,v,img/target_5.png
38,1,781,modular,0,r,img/target_4.png
38,1,782,modular,1,q,img/target_1.png
38,1,783,modular,3,e,img/target_3.png
38,1,784,modular,4,w,img/target_2.png
38,1,785,modular,5,b,img/target_6.png
38,1,786,modular,4,w,img/target_2.png
38,1,787,modular,1,q,img/target_1.png
38,1,788,modular,4,w,img/target_2.png
38,1,789,modular,3,e,img/target_3.png
38,1,790,modular,1,q,img/target_1.png
38,1,791,modular,3,e,img/target_3.png
38,1,792,modular,1,q,img/target_1.png
38,1,793,modular,2,i,img/target_8.png
38,1,794,modular,4,w,img/target_2.png
38,1,795,modular,3,e,img/target_3.png
38,1,796,modular,2,i,img/target_8.png
38,1,797,modular,0,r,img/target_4.png
38,1,798,modular,2,i,img/target_8.png
38,1,799,modular,0,r,img/target_4.png
38,1,800,modular,2,i,img/target_8.png
38,1,801,modular,0,r,img/target_4.png
38,1,802,modular,2,i,img/target_8.png
38,1,803,modular,3,e,img/target_3.png
38,1,804,modular,0,r,img/target_4.png
38,1,805,modular,1,q,img/target_1.png
38,1,806,modular,2,i,img/target_8.png
38,1,807,modular,0,r,img/target_4.png
38,1,808,modular,1,q,img/target_1.png
38,1,809,modular,4,w,img/target_2.png
38,1,810,modular,3,e,img/target_3.png
38,1,811,modular,2,i,img/target_8.png
38,1,812,modular,0,r,img/target_4.png
38,1,813,modular,2,i,img/target_8.png
38,1,814,modular,3,e,img/target_3.png
38,1,815,modular,1,q,img/target_1.png
38,1,816,modular,3,e,img/target_3.png
38,1,817,modular,2,i,img/target_8.png
38,1,818,modular,1,q,img/target_1.png
38,1,819,modular,4,w,img/target_2.png
38,1,820,modular,3,e,img/target_3.png
38,1,821,modular,2,i,img/target_8.png
38,1,822,modular,1,q,img/target_1.png
38,1,823,modular,4,w,img/target_2.png
38,1,824,modular,5,b,img/target_6.png
38,1,825,modular,4,w,img/target_2.png
38,1,826,modular,1,q,img/target_1.png
38,1,827,modular,0,r,img/target_4.png
38,1,828,modular,3,e,img/target_3.png
38,1,829,modular,0,r,img/target_4.png
38,1,830,modular,3,e,img/target_3.png
38,1,831,modular,2,i,img/target_8.png
38,1,832,modular,0,r,img/target_4.png
38,1,833,modular,2,i,img/target_8.png
38,1,834,modular,1,q,img/target_1.png
38,1,835,modular,0,r,img/target_4.png
38,1,836,modular,2,i,img/target_8.png
38,1,837,modular,0,r,img/target_4.png
38,1,838,modular,2,i,img/target_8.png
38,1,839,modular,0,r,img/target_4.png
38,1,840,modular,1,q,img/target_1.png
38,1,841,modular,2,i,img/target_8.png
38,1,842,modular,4,w,img/target_2.png
38,1,843,modular,1,q,img/target_1.png
38,1,844,modular,2,i,img/target_8.png
38,1,845,modular,1,q,img/target_1.png
38,1,846,modular,0,r,img/target_4.png
38,1,847,modular,3,e,img/target_3.png
38,1,848,modular,2,i,img/target_8.png
38,1,849,modular,1,q,img/target_1.png
38,1,850,modular,3,e,img/target_3.png
38,1,851,modular,4,w,img/target_2.png
38,1,852,modular,5,b,img/target_6.png
38,1,853,modular,8,u,img/target_7.png
38,1,854,modular,7,o,img/target_9.png
38,1,855,modular,9,v,img/target_5.png
38,1,856,modular,7,o,img/target_9.png
38,1,857,modular,5,b,img/target_6.png
38,1,858,modular,4,w,img/target_2.png
38,1,859,modular,5,b,img/target_6.png
38,1,860,modular,8,u,img/target_7.png
38,1,861,modular,6,p,img/target_10.png
38,1,862,modular,9,v,img/target_5.png
38,1,863,modular,0,r,img/target_4.png
38,1,864,modular,2,i,img/target_8.png
38,1,865,modular,1,q,img/target_1.png
38,1,866,modular,2,i,img/target_8.png
38,1,867,modular,3,e,img/target_3.png
38,1,868,modular,1,q,img/target_1.png
38,1,869,modular,2,i,img/target_8.png
38,1,870,modular,0,r,img/target_4.png
38,1,871,modular,1,q,img/target_1.png
38,1,872,modular,2,i,img/target_8.png
38,1,873,modular,1,q,img/target_1.png
38,1,874,modular,2,i,img/target_8.png
38,1,875,modular,1,q,img/target_1.png
38,1,876,modular,0,r,img/target_4.png
38,1,877,modular,2,i,img/target_8.png
38,1,878,modular,0,r,img/target_4.png
38,1,879,modular,2,i,img/target_8.png
38,1,880,modular,3,e,img/target_3.png
38,1,881,modular,4,w,img/target_2.png
38,1,882,modular,2,i,img/target_8.png
38,1,883,modular,1,q,img/target_1.png
38,1,884,modular,3,e,img/target_3.png
38,1,885,modular,2,i,img/target_8.png
38,1,886,modular,1,q,img/target_1.png
38,1,887,modular,4,w,img/target_2.png
38,1,888,modular,1,q,img/target_1.png
38,1,889,modular,2,i,img/target_8.png
38,1,890,modular,1,q,img/target_1.png
38,1,891,modular,0,r,img/target_4.png
38,1,892,modular,9,v,img/target_5.png
38,1,893,modular,8,u,img/target_7.png
38,1,894,modular,9,v,img/target_5.png
38,1,895,modular,8,u,img/target_7.png
38,1,896,modular,9,v,img/target_5.png
38,1,897,modular,8,u,img/target_7.png
38,1,898,modular,5,b,img/target_6.png
38,1,899,modular,6,p,img/target_10.png
38,1,900,modular,9,v,img/target_5.png
38,1,901,modular,6,p,img/target_10.png
38,1,902,modular,8,u,img/target_7.png
38,1,903,modular,7,o,img/target_9.png
38,1,904,modular,8,u,img/target_7.png
38,1,905,modular,9,v,img/target_5.png
38,1,906,modular,8,u,img/target_7.png
38,1,907,modular,7,o,img/target_9.png
38,1,908,modular,9,v,img/target_5.png
38,1,909,modular,6,p,img/target_10.png
38,1,910,modular,5,b,img/target_6.png
38,1,911,modular,7,o,img/target_9.png
38,1,912,modular,8,u,img/target_7.png
38,1,913,modular,5,b,img/target_6.png
38,1,914,modular,6,p,img/target_10.png
38,1,915,modular,8,u,img/target_7.png
38,1,916,modular,9,v,img/target_5.png
38,1,917,modular,6,p,img/target_10.png
38,1,918,modular,5,b,img/target_6.png
38,1,919,modular,7,o,img/target_9.png
38,1,920,modular,6,p,img/target_10.png
38,1,921,modular,8,u,img/target_7.png
38,1,922,modular,5,b,img/target_6.png
38,1,923,modular,8,u,img/target_7.png
38,1,924,modular,6,p,img/target_10.png
38,1,925,modular,5,b,img/target_6.png
38,1,926,modular,4,w,img/target_2.png
38,1,927,modular,3,e,img/target_3.png
38,1,928,modular,4,w,img/target_2.png
38,1,929,modular,3,e,img/target_3.png
38,1,930,modular,4,w,img/target_2.png
38,1,931,modular,1,q,img/target_1.png
38,1,932,modular,4,w,img/target_2.png
38,1,933,modular,3,e,img/target_3.png
38,1,934,modular,4,w,img/target_2.png
38,1,935,modular,1,q,img/target_1.png
38,1,936,modular,0,r,img/target_4.png
38,1,937,modular,3,e,img/target_3.png
38,1,938,modular,1,q,img/target_1.png
38,1,939,modular,3,e,img/target_3.png
38,1,940,modular,2,i,img/target_8.png
38,1,941,modular,1,q,img/target_1.png
38,1,942,modular,2,i,img/target_8.png
38,1,943,modular,0,r,img/target_4.png
38,1,944,modular,2,i,img/target_8.png
38,1,945,modular,1,q,img/target_1.png
38,1,946,modular,3,e,img/target_3.png
38,1,947,modular,0,r,img/target_4.png
38,1,948,modular,9,v,img/target_5.png
38,1,949,modular,7,o,img/target_9.png
38,1,950,modular,8,u,img/target_7.png
38,1,951,modular,6,p,img/target_10.png
38,1,952,modular,7,o,img/target_9.png
38,1,953,modular,5,b,img/target_6.png
38,1,954,modular,8,u,img/target_7.png
38,1,955,modular,5,b,img/target_6.png
38,1,956,modular,8,u,img/target_7.png
38,1,957,modular,6,p,img/target_10.png
38,1,958,modular,8,u,img/target_7.png
38,1,959,modular,9,v,img/target_5.png
38,1,960,modular,7,o,img/target_9.png
38,1,961,modular,9,v,img/target_5.png
38,1,962,modular,7,o,img/target_9.png
38,1,963,modular,5,b,img/target_6.png
38,1,964,modular,4,w,img/target_2.png
38,1,965,modular,5,b,img/target_6.png
38,1,966,modular,7,o,img/target_9.png
38,1,967,modular,6,p,img/target_10.png
38,1,968,modular,9,v,img/target_5.png
38,1,969,modular,6,p,img/target_10.png
38,1,970,modular,9,v,img/target_5.png
38,1,971,modular,0,r,img/target_4.png
38,1,972,modular,3,e,img/target_3.png
38,1,973,modular,4,w,img/target_2.png
38,1,974,modular,3,e,img/target_3.png
38,1,975,modular,0,r,img/target_4.png
38,1,976,modular,3,e,img/target_3.png
38,1,977,modular,1,q,img/target_1.png
38,1,978,modular,4,w,img/target_2.png
38,1,979,modular,1,q,img/target_1.png
38,1,980,modular,2,i,img/target_8.png
38,1,981,modular,1,q,img/target_1.png
38,1,982,modular,2,i,img/target_8.png
38,1,983,modular,3,e,img/target_3.png
38,1,984,modular,0,r,img/target_4.png
38,1,985,modular,1,q,img/target_1.png
38,1,986,modular,3,e,img/target_3.png
38,1,987,modular,1,q,img/target_1.png
38,1,988,modular,0,r,img/target_4.png
38,1,989,modular,9,v,img/target_5.png
38,1,990,modular,7,o,img/target_9.png
38,1,991,modular,5,b,img/target_6.png
38,1,992,modular,7,o,img/target_9.png
38,1,993,modular,6,p,img/target_10.png
38,1,994,modular,5,b,img/target_6.png
38,1,995,modular,4,w,img/target_2.png
38,1,996,modular,5,b,img/target_6.png
38,1,997,modular,8,u,img/target_7.png
38,1,998,modular,7,o,img/target_9.png
38,1,999,modular,6,p,img/target_10.png
38,1,1000,modular,5,b,img/target_6.png
