pID,sess,trialNum,graph,walk,resp,path
7,1,1,lattice,8,o,img/target_9.png
7,1,2,lattice,9,q,img/target_1.png
7,1,3,lattice,0,p,img/target_10.png
7,1,4,lattice,2,e,img/target_3.png
7,1,5,lattice,1,i,img/target_8.png
7,1,6,lattice,0,p,img/target_10.png
7,1,7,lattice,9,q,img/target_1.png
7,1,8,lattice,1,i,img/target_8.png
7,1,9,lattice,9,q,img/target_1.png
7,1,10,lattice,1,i,img/target_8.png
7,1,11,lattice,9,q,img/target_1.png
7,1,12,lattice,1,i,img/target_8.png
7,1,13,lattice,0,p,img/target_10.png
7,1,14,lattice,9,q,img/target_1.png
7,1,15,lattice,1,i,img/target_8.png
7,1,16,lattice,0,p,img/target_10.png
7,1,17,lattice,9,q,img/target_1.png
7,1,18,lattice,0,p,img/target_10.png
7,1,19,lattice,2,e,img/target_3.png
7,1,20,lattice,1,i,img/target_8.png
7,1,21,lattice,9,q,img/target_1.png
7,1,22,lattice,1,i,img/target_8.png
7,1,23,lattice,0,p,img/target_10.png
7,1,24,lattice,9,q,img/target_1.png
7,1,25,lattice,1,i,img/target_8.png
7,1,26,lattice,9,q,img/target_1.png
7,1,27,lattice,8,o,img/target_9.png
7,1,28,lattice,6,u,img/target_7.png
7,1,29,lattice,5,r,img/target_4.png
7,1,30,lattice,4,v,img/target_5.png
7,1,31,lattice,3,b,img/target_6.png
7,1,32,lattice,2,e,img/target_3.png
7,1,33,lattice,0,p,img/target_10.png
7,1,34,lattice,9,q,img/target_1.png
7,1,35,lattice,8,o,img/target_9.png
7,1,36,lattice,7,w,img/target_2.png
7,1,37,lattice,5,r,img/target_4.png
7,1,38,lattice,6,u,img/target_7.png
7,1,39,lattice,4,v,img/target_5.png
7,1,40,lattice,3,b,img/target_6.png
7,1,41,lattice,1,i,img/target_8.png
7,1,42,lattice,2,e,img/target_3.png
7,1,43,lattice,3,b,img/target_6.png
7,1,44,lattice,2,e,img/target_3.png
7,1,45,lattice,3,b,img/target_6.png
7,1,46,lattice,4,v,img/target_5.png
7,1,47,lattice,5,r,img/target_4.png
7,1,48,lattice,4,v,img/target_5.png
7,1,49,lattice,5,r,img/target_4.png
7,1,50,lattice,3,b,img/target_6.png
7,1,51,lattice,1,i,img/target_8.png
7,1,52,lattice,9,q,img/target_1.png
7,1,53,lattice,1,i,img/target_8.png
7,1,54,lattice,3,b,img/target_6.png
7,1,55,lattice,5,r,img/target_4.png
7,1,56,lattice,4,v,img/target_5.png
7,1,57,lattice,5,r,img/target_4.png
7,1,58,lattice,7,w,img/target_2.png
7,1,59,lattice,5,r,img/target_4.png
7,1,60,lattice,4,v,img/target_5.png
7,1,61,lattice,5,r,img/target_4.png
7,1,62,lattice,3,b,img/target_6.png
7,1,63,lattice,4,v,img/target_5.png
7,1,64,lattice,5,r,img/target_4.png
7,1,65,lattice,6,u,img/target_7.png
7,1,66,lattice,5,r,img/target_4.png
7,1,67,lattice,6,u,img/target_7.png
7,1,68,lattice,8,o,img/target_9.png
7,1,69,lattice,0,p,img/target_10.png
7,1,70,lattice,1,i,img/target_8.png
7,1,71,lattice,2,e,img/target_3.png
7,1,72,lattice,1,i,img/target_8.png
7,1,73,lattice,9,q,img/target_1.png
7,1,74,lattice,8,o,img/target_9.png
7,1,75,lattice,0,p,img/target_10.png
7,1,76,lattice,8,o,img/target_9.png
7,1,77,lattice,9,q,img/target_1.png
7,1,78,lattice,7,w,img/target_2.png
7,1,79,lattice,8,o,img/target_9.png
7,1,80,lattice,9,q,img/target_1.png
7,1,81,lattice,8,o,img/target_9.png
7,1,82,lattice,6,u,img/target_7.png
7,1,83,lattice,8,o,img/target_9.png
7,1,84,lattice,6,u,img/target_7.png
7,1,85,lattice,4,v,img/target_5.png
7,1,86,lattice,5,r,img/target_4.png
7,1,87,lattice,3,b,img/target_6.png
7,1,88,lattice,2,e,img/target_3.png
7,1,89,lattice,3,b,img/target_6.png
7,1,90,lattice,2,e,img/target_3.png
7,1,91,lattice,4,v,img/target_5.png
7,1,92,lattice,5,r,img/target_4.png
7,1,93,lattice,7,w,img/target_2.png
7,1,94,lattice,8,o,img/target_9.png
7,1,95,lattice,6,u,img/target_7.png
7,1,96,lattice,8,o,img/target_9.png
7,1,97,lattice,7,w,img/target_2.png
7,1,98,lattice,9,q,img/target_1.png
7,1,99,lattice,0,p,img/target_10.png
7,1,100,lattice,1,i,img/target_8.png
7,1,101,lattice,2,e,img/target_3.png
7,1,102,lattice,3,b,img/target_6.png
7,1,103,lattice,2,e,img/target_3.png
7,1,104,lattice,4,v,img/target_5.png
7,1,105,lattice,5,r,img/target_4.png
7,1,106,lattice,6,u,img/target_7.png
7,1,107,lattice,5,r,img/target_4.png
7,1,108,lattice,3,b,img/target_6.png
7,1,109,lattice,4,v,img/target_5.png
7,1,110,lattice,5,r,img/target_4.png
7,1,111,lattice,7,w,img/target_2.png
7,1,112,lattice,5,r,img/target_4.png
7,1,113,lattice,3,b,img/target_6.png
7,1,114,lattice,4,v,img/target_5.png
7,1,115,lattice,5,r,img/target_4.png
7,1,116,lattice,6,u,img/target_7.png
7,1,117,lattice,8,o,img/target_9.png
7,1,118,lattice,0,p,img/target_10.png
7,1,119,lattice,8,o,img/target_9.png
7,1,120,lattice,9,q,img/target_1.png
7,1,121,lattice,1,i,img/target_8.png
7,1,122,lattice,0,p,img/target_10.png
7,1,123,lattice,9,q,img/target_1.png
7,1,124,lattice,7,w,img/target_2.png
7,1,125,lattice,8,o,img/target_9.png
7,1,126,lattice,0,p,img/target_10.png
7,1,127,lattice,2,e,img/target_3.png
7,1,128,lattice,4,v,img/target_5.png
7,1,129,lattice,5,r,img/target_4.png
7,1,130,lattice,3,b,img/target_6.png
7,1,131,lattice,5,r,img/target_4.png
7,1,132,lattice,7,w,img/target_2.png
7,1,133,lattice,8,o,img/target_9.png
7,1,134,lattice,9,q,img/target_1.png
7,1,135,lattice,8,o,img/target_9.png
7,1,136,lattice,9,q,img/target_1.png
7,1,137,lattice,0,p,img/target_10.png
7,1,138,lattice,8,o,img/target_9.png
7,1,139,lattice,0,p,img/target_10.png
7,1,140,lattice,1,i,img/target_8.png
7,1,141,lattice,0,p,img/target_10.png
7,1,142,lattice,2,e,img/target_3.png
7,1,143,lattice,3,b,img/target_6.png
7,1,144,lattice,1,i,img/target_8.png
7,1,145,lattice,2,e,img/target_3.png
7,1,146,lattice,4,v,img/target_5.png
7,1,147,lattice,6,u,img/target_7.png
7,1,148,lattice,4,v,img/target_5.png
7,1,149,lattice,3,b,img/target_6.png
7,1,150,lattice,5,r,img/target_4.png
7,1,151,lattice,3,b,img/target_6.png
7,1,152,lattice,4,v,img/target_5.png
7,1,153,lattice,2,e,img/target_3.png
7,1,154,lattice,1,i,img/target_8.png
7,1,155,lattice,2,e,img/target_3.png
7,1,156,lattice,0,p,img/target_10.png
7,1,157,lattice,8,o,img/target_9.png
7,1,158,lattice,9,q,img/target_1.png
7,1,159,lattice,8,o,img/target_9.png
7,1,160,lattice,7,w,img/target_2.png
7,1,161,lattice,6,u,img/target_7.png
7,1,162,lattice,5,r,img/target_4.png
7,1,163,lattice,3,b,img/target_6.png
7,1,164,lattice,1,i,img/target_8.png
7,1,165,lattice,9,q,img/target_1.png
7,1,166,lattice,8,o,img/target_9.png
7,1,167,lattice,7,w,img/target_2.png
7,1,168,lattice,9,q,img/target_1.png
7,1,169,lattice,8,o,img/target_9.png
7,1,170,lattice,9,q,img/target_1.png
7,1,171,lattice,0,p,img/target_10.png
7,1,172,lattice,8,o,img/target_9.png
7,1,173,lattice,7,w,img/target_2.png
7,1,174,lattice,5,r,img/target_4.png
7,1,175,lattice,7,w,img/target_2.png
7,1,176,lattice,9,q,img/target_1.png
7,1,177,lattice,7,w,img/target_2.png
7,1,178,lattice,5,r,img/target_4.png
7,1,179,lattice,4,v,img/target_5.png
7,1,180,lattice,5,r,img/target_4.png
7,1,181,lattice,6,u,img/target_7.png
7,1,182,lattice,7,w,img/target_2.png
7,1,183,lattice,5,r,img/target_4.png
7,1,184,lattice,4,v,img/target_5.png
7,1,185,lattice,2,e,img/target_3.png
7,1,186,lattice,3,b,img/target_6.png
7,1,187,lattice,1,i,img/target_8.png
7,1,188,lattice,0,p,img/target_10.png
7,1,189,lattice,2,e,img/target_3.png
7,1,190,lattice,3,b,img/target_6.png
7,1,191,lattice,1,i,img/target_8.png
7,1,192,lattice,0,p,img/target_10.png
7,1,193,lattice,9,q,img/target_1.png
7,1,194,lattice,1,i,img/target_8.png
7,1,195,lattice,9,q,img/target_1.png
7,1,196,lattice,0,p,img/target_10.png
7,1,197,lattice,2,e,img/target_3.png
7,1,198,lattice,3,b,img/target_6.png
7,1,199,lattice,5,r,img/target_4.png
7,1,200,lattice,3,b,img/target_6.png
7,1,201,lattice,2,e,img/target_3.png
7,1,202,lattice,3,b,img/target_6.png
7,1,203,lattice,2,e,img/target_3.png
7,1,204,lattice,3,b,img/target_6.png
7,1,205,lattice,1,i,img/target_8.png
7,1,206,lattice,0,p,img/target_10.png
7,1,207,lattice,2,e,img/target_3.png
7,1,208,lattice,1,i,img/target_8.png
7,1,209,lattice,9,q,img/target_1.png
7,1,210,lattice,7,w,img/target_2.png
7,1,211,lattice,8,o,img/target_9.png
7,1,212,lattice,6,u,img/target_7.png
7,1,213,lattice,5,r,img/target_4.png
7,1,214,lattice,7,w,img/target_2.png
7,1,215,lattice,5,r,img/target_4.png
7,1,216,lattice,7,w,img/target_2.png
7,1,217,lattice,6,u,img/target_7.png
7,1,218,lattice,4,v,img/target_5.png
7,1,219,lattice,6,u,img/target_7.png
7,1,220,lattice,5,r,img/target_4.png
7,1,221,lattice,7,w,img/target_2.png
7,1,222,lattice,6,u,img/target_7.png
7,1,223,lattice,7,w,img/target_2.png
7,1,224,lattice,5,r,img/target_4.png
7,1,225,lattice,7,w,img/target_2.png
7,1,226,lattice,5,r,img/target_4.png
7,1,227,lattice,6,u,img/target_7.png
7,1,228,lattice,5,r,img/target_4.png
7,1,229,lattice,4,v,img/target_5.png
7,1,230,lattice,2,e,img/target_3.png
7,1,231,lattice,0,p,img/target_10.png
7,1,232,lattice,9,q,img/target_1.png
7,1,233,lattice,1,i,img/target_8.png
7,1,234,lattice,3,b,img/target_6.png
7,1,235,lattice,4,v,img/target_5.png
7,1,236,lattice,5,r,img/target_4.png
7,1,237,lattice,3,b,img/target_6.png
7,1,238,lattice,5,r,img/target_4.png
7,1,239,lattice,6,u,img/target_7.png
7,1,240,lattice,5,r,img/target_4.png
7,1,241,lattice,6,u,img/target_7.png
7,1,242,lattice,4,v,img/target_5.png
7,1,243,lattice,3,b,img/target_6.png
7,1,244,lattice,2,e,img/target_3.png
7,1,245,lattice,3,b,img/target_6.png
7,1,246,lattice,4,v,img/target_5.png
7,1,247,lattice,3,b,img/target_6.png
7,1,248,lattice,1,i,img/target_8.png
7,1,249,lattice,3,b,img/target_6.png
7,1,250,lattice,4,v,img/target_5.png
7,1,251,lattice,5,r,img/target_4.png
7,1,252,lattice,7,w,img/target_2.png
7,1,253,lattice,9,q,img/target_1.png
7,1,254,lattice,0,p,img/target_10.png
7,1,255,lattice,8,o,img/target_9.png
7,1,256,lattice,6,u,img/target_7.png
7,1,257,lattice,5,r,img/target_4.png
7,1,258,lattice,3,b,img/target_6.png
7,1,259,lattice,2,e,img/target_3.png
7,1,260,lattice,0,p,img/target_10.png
7,1,261,lattice,2,e,img/target_3.png
7,1,262,lattice,0,p,img/target_10.png
7,1,263,lattice,1,i,img/target_8.png
7,1,264,lattice,0,p,img/target_10.png
7,1,265,lattice,1,i,img/target_8.png
7,1,266,lattice,2,e,img/target_3.png
7,1,267,lattice,0,p,img/target_10.png
7,1,268,lattice,1,i,img/target_8.png
7,1,269,lattice,0,p,img/target_10.png
7,1,270,lattice,9,q,img/target_1.png
7,1,271,lattice,8,o,img/target_9.png
7,1,272,lattice,7,w,img/target_2.png
7,1,273,lattice,5,r,img/target_4.png
7,1,274,lattice,7,w,img/target_2.png
7,1,275,lattice,9,q,img/target_1.png
7,1,276,lattice,1,i,img/target_8.png
7,1,277,lattice,3,b,img/target_6.png
7,1,278,lattice,1,i,img/target_8.png
7,1,279,lattice,9,q,img/target_1.png
7,1,280,lattice,0,p,img/target_10.png
7,1,281,lattice,2,e,img/target_3.png
7,1,282,lattice,4,v,img/target_5.png
7,1,283,lattice,3,b,img/target_6.png
7,1,284,lattice,2,e,img/target_3.png
7,1,285,lattice,4,v,img/target_5.png
7,1,286,lattice,5,r,img/target_4.png
7,1,287,lattice,3,b,img/target_6.png
7,1,288,lattice,2,e,img/target_3.png
7,1,289,lattice,3,b,img/target_6.png
7,1,290,lattice,5,r,img/target_4.png
7,1,291,lattice,4,v,img/target_5.png
7,1,292,lattice,6,u,img/target_7.png
7,1,293,lattice,5,r,img/target_4.png
7,1,294,lattice,3,b,img/target_6.png
7,1,295,lattice,1,i,img/target_8.png
7,1,296,lattice,2,e,img/target_3.png
7,1,297,lattice,1,i,img/target_8.png
7,1,298,lattice,9,q,img/target_1.png
7,1,299,lattice,7,w,img/target_2.png
7,1,300,lattice,5,r,img/target_4.png
7,1,301,lattice,6,u,img/target_7.png
7,1,302,lattice,8,o,img/target_9.png
7,1,303,lattice,9,q,img/target_1.png
7,1,304,lattice,8,o,img/target_9.png
7,1,305,lattice,9,q,img/target_1.png
7,1,306,lattice,7,w,img/target_2.png
7,1,307,lattice,5,r,img/target_4.png
7,1,308,lattice,4,v,img/target_5.png
7,1,309,lattice,3,b,img/target_6.png
7,1,310,lattice,2,e,img/target_3.png
7,1,311,lattice,3,b,img/target_6.png
7,1,312,lattice,2,e,img/target_3.png
7,1,313,lattice,1,i,img/target_8.png
7,1,314,lattice,9,q,img/target_1.png
7,1,315,lattice,1,i,img/target_8.png
7,1,316,lattice,3,b,img/target_6.png
7,1,317,lattice,4,v,img/target_5.png
7,1,318,lattice,3,b,img/target_6.png
7,1,319,lattice,2,e,img/target_3.png
7,1,320,lattice,4,v,img/target_5.png
7,1,321,lattice,3,b,img/target_6.png
7,1,322,lattice,4,v,img/target_5.png
7,1,323,lattice,6,u,img/target_7.png
7,1,324,lattice,5,r,img/target_4.png
7,1,325,lattice,4,v,img/target_5.png
7,1,326,lattice,6,u,img/target_7.png
7,1,327,lattice,7,w,img/target_2.png
7,1,328,lattice,8,o,img/target_9.png
7,1,329,lattice,7,w,img/target_2.png
7,1,330,lattice,5,r,img/target_4.png
7,1,331,lattice,4,v,img/target_5.png
7,1,332,lattice,6,u,img/target_7.png
7,1,333,lattice,8,o,img/target_9.png
7,1,334,lattice,7,w,img/target_2.png
7,1,335,lattice,5,r,img/target_4.png
7,1,336,lattice,7,w,img/target_2.png
7,1,337,lattice,9,q,img/target_1.png
7,1,338,lattice,7,w,img/target_2.png
7,1,339,lattice,8,o,img/target_9.png
7,1,340,lattice,9,q,img/target_1.png
7,1,341,lattice,1,i,img/target_8.png
7,1,342,lattice,0,p,img/target_10.png
7,1,343,lattice,8,o,img/target_9.png
7,1,344,lattice,0,p,img/target_10.png
7,1,345,lattice,9,q,img/target_1.png
7,1,346,lattice,1,i,img/target_8.png
7,1,347,lattice,2,e,img/target_3.png
7,1,348,lattice,0,p,img/target_10.png
7,1,349,lattice,8,o,img/target_9.png
7,1,350,lattice,0,p,img/target_10.png
7,1,351,lattice,8,o,img/target_9.png
7,1,352,lattice,7,w,img/target_2.png
7,1,353,lattice,5,r,img/target_4.png
7,1,354,lattice,3,b,img/target_6.png
7,1,355,lattice,1,i,img/target_8.png
7,1,356,lattice,9,q,img/target_1.png
7,1,357,lattice,8,o,img/target_9.png
7,1,358,lattice,6,u,img/target_7.png
7,1,359,lattice,5,r,img/target_4.png
7,1,360,lattice,6,u,img/target_7.png
7,1,361,lattice,5,r,img/target_4.png
7,1,362,lattice,3,b,img/target_6.png
7,1,363,lattice,2,e,img/target_3.png
7,1,364,lattice,0,p,img/target_10.png
7,1,365,lattice,9,q,img/target_1.png
7,1,366,lattice,7,w,img/target_2.png
7,1,367,lattice,9,q,img/target_1.png
7,1,368,lattice,1,i,img/target_8.png
7,1,369,lattice,0,p,img/target_10.png
7,1,370,lattice,9,q,img/target_1.png
7,1,371,lattice,8,o,img/target_9.png
7,1,372,lattice,7,w,img/target_2.png
7,1,373,lattice,6,u,img/target_7.png
7,1,374,lattice,8,o,img/target_9.png
7,1,375,lattice,9,q,img/target_1.png
7,1,376,lattice,1,i,img/target_8.png
7,1,377,lattice,3,b,img/target_6.png
7,1,378,lattice,5,r,img/target_4.png
7,1,379,lattice,3,b,img/target_6.png
7,1,380,lattice,1,i,img/target_8.png
7,1,381,lattice,3,b,img/target_6.png
7,1,382,lattice,2,e,img/target_3.png
7,1,383,lattice,0,p,img/target_10.png
7,1,384,lattice,9,q,img/target_1.png
7,1,385,lattice,8,o,img/target_9.png
7,1,386,lattice,7,w,img/target_2.png
7,1,387,lattice,5,r,img/target_4.png
7,1,388,lattice,3,b,img/target_6.png
7,1,389,lattice,1,i,img/target_8.png
7,1,390,lattice,9,q,img/target_1.png
7,1,391,lattice,0,p,img/target_10.png
7,1,392,lattice,9,q,img/target_1.png
7,1,393,lattice,8,o,img/target_9.png
7,1,394,lattice,0,p,img/target_10.png
7,1,395,lattice,2,e,img/target_3.png
7,1,396,lattice,0,p,img/target_10.png
7,1,397,lattice,1,i,img/target_8.png
7,1,398,lattice,0,p,img/target_10.png
7,1,399,lattice,8,o,img/target_9.png
7,1,400,lattice,0,p,img/target_10.png
7,1,401,lattice,9,q,img/target_1.png
7,1,402,lattice,0,p,img/target_10.png
7,1,403,lattice,1,i,img/target_8.png
7,1,404,lattice,0,p,img/target_10.png
7,1,405,lattice,1,i,img/target_8.png
7,1,406,lattice,3,b,img/target_6.png
7,1,407,lattice,5,r,img/target_4.png
7,1,408,lattice,3,b,img/target_6.png
7,1,409,lattice,2,e,img/target_3.png
7,1,410,lattice,4,v,img/target_5.png
7,1,411,lattice,3,b,img/target_6.png
7,1,412,lattice,1,i,img/target_8.png
7,1,413,lattice,3,b,img/target_6.png
7,1,414,lattice,1,i,img/target_8.png
7,1,415,lattice,2,e,img/target_3.png
7,1,416,lattice,4,v,img/target_5.png
7,1,417,lattice,3,b,img/target_6.png
7,1,418,lattice,2,e,img/target_3.png
7,1,419,lattice,1,i,img/target_8.png
7,1,420,lattice,3,b,img/target_6.png
7,1,421,lattice,1,i,img/target_8.png
7,1,422,lattice,9,q,img/target_1.png
7,1,423,lattice,0,p,img/target_10.png
7,1,424,lattice,8,o,img/target_9.png
7,1,425,lattice,9,q,img/target_1.png
7,1,426,lattice,8,o,img/target_9.png
7,1,427,lattice,7,w,img/target_2.png
7,1,428,lattice,8,o,img/target_9.png
7,1,429,lattice,7,w,img/target_2.png
7,1,430,lattice,5,r,img/target_4.png
7,1,431,lattice,3,b,img/target_6.png
7,1,432,lattice,5,r,img/target_4.png
7,1,433,lattice,4,v,img/target_5.png
7,1,434,lattice,6,u,img/target_7.png
7,1,435,lattice,7,w,img/target_2.png
7,1,436,lattice,5,r,img/target_4.png
7,1,437,lattice,6,u,img/target_7.png
7,1,438,lattice,8,o,img/target_9.png
7,1,439,lattice,0,p,img/target_10.png
7,1,440,lattice,9,q,img/target_1.png
7,1,441,lattice,7,w,img/target_2.png
7,1,442,lattice,6,u,img/target_7.png
7,1,443,lattice,4,v,img/target_5.png
7,1,444,lattice,5,r,img/target_4.png
7,1,445,lattice,3,b,img/target_6.png
7,1,446,lattice,1,i,img/target_8.png
7,1,447,lattice,3,b,img/target_6.png
7,1,448,lattice,4,v,img/target_5.png
7,1,449,lattice,6,u,img/target_7.png
7,1,450,lattice,5,r,img/target_4.png
7,1,451,lattice,7,w,img/target_2.png
7,1,452,lattice,6,u,img/target_7.png
7,1,453,lattice,7,w,img/target_2.png
7,1,454,lattice,8,o,img/target_9.png
7,1,455,lattice,7,w,img/target_2.png
7,1,456,lattice,9,q,img/target_1.png
7,1,457,lattice,7,w,img/target_2.png
7,1,458,lattice,6,u,img/target_7.png
7,1,459,lattice,5,r,img/target_4.png
7,1,460,lattice,6,u,img/target_7.png
7,1,461,lattice,8,o,img/target_9.png
7,1,462,lattice,9,q,img/target_1.png
7,1,463,lattice,8,o,img/target_9.png
7,1,464,lattice,0,p,img/target_10.png
7,1,465,lattice,9,q,img/target_1.png
7,1,466,lattice,0,p,img/target_10.png
7,1,467,lattice,2,e,img/target_3.png
7,1,468,lattice,0,p,img/target_10.png
7,1,469,lattice,1,i,img/target_8.png
7,1,470,lattice,0,p,img/target_10.png
7,1,471,lattice,1,i,img/target_8.png
7,1,472,lattice,2,e,img/target_3.png
7,1,473,lattice,1,i,img/target_8.png
7,1,474,lattice,2,e,img/target_3.png
7,1,475,lattice,4,v,img/target_5.png
7,1,476,lattice,5,r,img/target_4.png
7,1,477,lattice,7,w,img/target_2.png
7,1,478,lattice,8,o,img/target_9.png
7,1,479,lattice,7,w,img/target_2.png
7,1,480,lattice,6,u,img/target_7.png
7,1,481,lattice,8,o,img/target_9.png
7,1,482,lattice,7,w,img/target_2.png
7,1,483,lattice,9,q,img/target_1.png
7,1,484,lattice,1,i,img/target_8.png
7,1,485,lattice,2,e,img/target_3.png
7,1,486,lattice,4,v,img/target_5.png
7,1,487,lattice,3,b,img/target_6.png
7,1,488,lattice,2,e,img/target_3.png
7,1,489,lattice,1,i,img/target_8.png
7,1,490,lattice,3,b,img/target_6.png
7,1,491,lattice,1,i,img/target_8.png
7,1,492,lattice,9,q,img/target_1.png
7,1,493,lattice,1,i,img/target_8.png
7,1,494,lattice,9,q,img/target_1.png
7,1,495,lattice,1,i,img/target_8.png
7,1,496,lattice,0,p,img/target_10.png
7,1,497,lattice,2,e,img/target_3.png
7,1,498,lattice,4,v,img/target_5.png
7,1,499,lattice,6,u,img/target_7.png
7,1,500,lattice,8,o,img/target_9.png
7,1,501,lattice,0,p,img/target_10.png
7,1,502,lattice,9,q,img/target_1.png
7,1,503,lattice,1,i,img/target_8.png
7,1,504,lattice,3,b,img/target_6.png
7,1,505,lattice,5,r,img/target_4.png
7,1,506,lattice,3,b,img/target_6.png
7,1,507,lattice,4,v,img/target_5.png
7,1,508,lattice,5,r,img/target_4.png
7,1,509,lattice,6,u,img/target_7.png
7,1,510,lattice,5,r,img/target_4.png
7,1,511,lattice,6,u,img/target_7.png
7,1,512,lattice,5,r,img/target_4.png
7,1,513,lattice,4,v,img/target_5.png
7,1,514,lattice,5,r,img/target_4.png
7,1,515,lattice,4,v,img/target_5.png
7,1,516,lattice,6,u,img/target_7.png
7,1,517,lattice,8,o,img/target_9.png
7,1,518,lattice,0,p,img/target_10.png
7,1,519,lattice,2,e,img/target_3.png
7,1,520,lattice,1,i,img/target_8.png
7,1,521,lattice,2,e,img/target_3.png
7,1,522,lattice,1,i,img/target_8.png
7,1,523,lattice,9,q,img/target_1.png
7,1,524,lattice,8,o,img/target_9.png
7,1,525,lattice,9,q,img/target_1.png
7,1,526,lattice,0,p,img/target_10.png
7,1,527,lattice,2,e,img/target_3.png
7,1,528,lattice,1,i,img/target_8.png
7,1,529,lattice,0,p,img/target_10.png
7,1,530,lattice,1,i,img/target_8.png
7,1,531,lattice,9,q,img/target_1.png
7,1,532,lattice,7,w,img/target_2.png
7,1,533,lattice,8,o,img/target_9.png
7,1,534,lattice,0,p,img/target_10.png
7,1,535,lattice,9,q,img/target_1.png
7,1,536,lattice,1,i,img/target_8.png
7,1,537,lattice,2,e,img/target_3.png
7,1,538,lattice,3,b,img/target_6.png
7,1,539,lattice,4,v,img/target_5.png
7,1,540,lattice,3,b,img/target_6.png
7,1,541,lattice,2,e,img/target_3.png
7,1,542,lattice,1,i,img/target_8.png
7,1,543,lattice,9,q,img/target_1.png
7,1,544,lattice,7,w,img/target_2.png
7,1,545,lattice,9,q,img/target_1.png
7,1,546,lattice,7,w,img/target_2.png
7,1,547,lattice,8,o,img/target_9.png
7,1,548,lattice,9,q,img/target_1.png
7,1,549,lattice,8,o,img/target_9.png
7,1,550,lattice,9,q,img/target_1.png
7,1,551,lattice,8,o,img/target_9.png
7,1,552,lattice,0,p,img/target_10.png
7,1,553,lattice,2,e,img/target_3.png
7,1,554,lattice,0,p,img/target_10.png
7,1,555,lattice,1,i,img/target_8.png
7,1,556,lattice,3,b,img/target_6.png
7,1,557,lattice,1,i,img/target_8.png
7,1,558,lattice,0,p,img/target_10.png
7,1,559,lattice,2,e,img/target_3.png
7,1,560,lattice,0,p,img/target_10.png
7,1,561,lattice,8,o,img/target_9.png
7,1,562,lattice,6,u,img/target_7.png
7,1,563,lattice,8,o,img/target_9.png
7,1,564,lattice,7,w,img/target_2.png
7,1,565,lattice,6,u,img/target_7.png
7,1,566,lattice,4,v,img/target_5.png
7,1,567,lattice,5,r,img/target_4.png
7,1,568,lattice,6,u,img/target_7.png
7,1,569,lattice,7,w,img/target_2.png
7,1,570,lattice,5,r,img/target_4.png
7,1,571,lattice,7,w,img/target_2.png
7,1,572,lattice,5,r,img/target_4.png
7,1,573,lattice,7,w,img/target_2.png
7,1,574,lattice,8,o,img/target_9.png
7,1,575,lattice,7,w,img/target_2.png
7,1,576,lattice,8,o,img/target_9.png
7,1,577,lattice,6,u,img/target_7.png
7,1,578,lattice,4,v,img/target_5.png
7,1,579,lattice,3,b,img/target_6.png
7,1,580,lattice,4,v,img/target_5.png
7,1,581,lattice,3,b,img/target_6.png
7,1,582,lattice,4,v,img/target_5.png
7,1,583,lattice,3,b,img/target_6.png
7,1,584,lattice,5,r,img/target_4.png
7,1,585,lattice,7,w,img/target_2.png
7,1,586,lattice,5,r,img/target_4.png
7,1,587,lattice,7,w,img/target_2.png
7,1,588,lattice,8,o,img/target_9.png
7,1,589,lattice,0,p,img/target_10.png
7,1,590,lattice,2,e,img/target_3.png
7,1,591,lattice,0,p,img/target_10.png
7,1,592,lattice,8,o,img/target_9.png
7,1,593,lattice,7,w,img/target_2.png
7,1,594,lattice,9,q,img/target_1.png
7,1,595,lattice,8,o,img/target_9.png
7,1,596,lattice,6,u,img/target_7.png
7,1,597,lattice,8,o,img/target_9.png
7,1,598,lattice,9,q,img/target_1.png
7,1,599,lattice,1,i,img/target_8.png
7,1,600,lattice,3,b,img/target_6.png
7,1,601,lattice,5,r,img/target_4.png
7,1,602,lattice,6,u,img/target_7.png
7,1,603,lattice,7,w,img/target_2.png
7,1,604,lattice,6,u,img/target_7.png
7,1,605,lattice,8,o,img/target_9.png
7,1,606,lattice,6,u,img/target_7.png
7,1,607,lattice,5,r,img/target_4.png
7,1,608,lattice,7,w,img/target_2.png
7,1,609,lattice,5,r,img/target_4.png
7,1,610,lattice,3,b,img/target_6.png
7,1,611,lattice,5,r,img/target_4.png
7,1,612,lattice,6,u,img/target_7.png
7,1,613,lattice,8,o,img/target_9.png
7,1,614,lattice,6,u,img/target_7.png
7,1,615,lattice,8,o,img/target_9.png
7,1,616,lattice,6,u,img/target_7.png
7,1,617,lattice,4,v,img/target_5.png
7,1,618,lattice,2,e,img/target_3.png
7,1,619,lattice,4,v,img/target_5.png
7,1,620,lattice,2,e,img/target_3.png
7,1,621,lattice,1,i,img/target_8.png
7,1,622,lattice,3,b,img/target_6.png
7,1,623,lattice,2,e,img/target_3.png
7,1,624,lattice,0,p,img/target_10.png
7,1,625,lattice,9,q,img/target_1.png
7,1,626,lattice,8,o,img/target_9.png
7,1,627,lattice,7,w,img/target_2.png
7,1,628,lattice,5,r,img/target_4.png
7,1,629,lattice,7,w,img/target_2.png
7,1,630,lattice,8,o,img/target_9.png
7,1,631,lattice,6,u,img/target_7.png
7,1,632,lattice,8,o,img/target_9.png
7,1,633,lattice,7,w,img/target_2.png
7,1,634,lattice,6,u,img/target_7.png
7,1,635,lattice,7,w,img/target_2.png
7,1,636,lattice,8,o,img/target_9.png
7,1,637,lattice,6,u,img/target_7.png
7,1,638,lattice,5,r,img/target_4.png
7,1,639,lattice,4,v,img/target_5.png
7,1,640,lattice,6,u,img/target_7.png
7,1,641,lattice,5,r,img/target_4.png
7,1,642,lattice,6,u,img/target_7.png
7,1,643,lattice,4,v,img/target_5.png
7,1,644,lattice,5,r,img/target_4.png
7,1,645,lattice,4,v,img/target_5.png
7,1,646,lattice,3,b,img/target_6.png
7,1,647,lattice,4,v,img/target_5.png
7,1,648,lattice,2,e,img/target_3.png
7,1,649,lattice,4,v,img/target_5.png
7,1,650,lattice,3,b,img/target_6.png
7,1,651,lattice,2,e,img/target_3.png
7,1,652,lattice,3,b,img/target_6.png
7,1,653,lattice,1,i,img/target_8.png
7,1,654,lattice,9,q,img/target_1.png
7,1,655,lattice,8,o,img/target_9.png
7,1,656,lattice,9,q,img/target_1.png
7,1,657,lattice,1,i,img/target_8.png
7,1,658,lattice,3,b,img/target_6.png
7,1,659,lattice,1,i,img/target_8.png
7,1,660,lattice,3,b,img/target_6.png
7,1,661,lattice,1,i,img/target_8.png
7,1,662,lattice,9,q,img/target_1.png
7,1,663,lattice,0,p,img/target_10.png
7,1,664,lattice,8,o,img/target_9.png
7,1,665,lattice,6,u,img/target_7.png
7,1,666,lattice,4,v,img/target_5.png
7,1,667,lattice,2,e,img/target_3.png
7,1,668,lattice,3,b,img/target_6.png
7,1,669,lattice,1,i,img/target_8.png
7,1,670,lattice,0,p,img/target_10.png
7,1,671,lattice,8,o,img/target_9.png
7,1,672,lattice,9,q,img/target_1.png
7,1,673,lattice,0,p,img/target_10.png
7,1,674,lattice,9,q,img/target_1.png
7,1,675,lattice,0,p,img/target_10.png
7,1,676,lattice,9,q,img/target_1.png
7,1,677,lattice,0,p,img/target_10.png
7,1,678,lattice,8,o,img/target_9.png
7,1,679,lattice,9,q,img/target_1.png
7,1,680,lattice,0,p,img/target_10.png
7,1,681,lattice,2,e,img/target_3.png
7,1,682,lattice,4,v,img/target_5.png
7,1,683,lattice,5,r,img/target_4.png
7,1,684,lattice,6,u,img/target_7.png
7,1,685,lattice,7,w,img/target_2.png
7,1,686,lattice,9,q,img/target_1.png
7,1,687,lattice,0,p,img/target_10.png
7,1,688,lattice,1,i,img/target_8.png
7,1,689,lattice,0,p,img/target_10.png
7,1,690,lattice,1,i,img/target_8.png
7,1,691,lattice,9,q,img/target_1.png
7,1,692,lattice,7,w,img/target_2.png
7,1,693,lattice,8,o,img/target_9.png
7,1,694,lattice,0,p,img/target_10.png
7,1,695,lattice,8,o,img/target_9.png
7,1,696,lattice,9,q,img/target_1.png
7,1,697,lattice,7,w,img/target_2.png
7,1,698,lattice,8,o,img/target_9.png
7,1,699,lattice,0,p,img/target_10.png
7,1,700,lattice,2,e,img/target_3.png
7,1,701,lattice,1,i,img/target_8.png
7,1,702,lattice,2,e,img/target_3.png
7,1,703,lattice,0,p,img/target_10.png
7,1,704,lattice,9,q,img/target_1.png
7,1,705,lattice,1,i,img/target_8.png
7,1,706,lattice,2,e,img/target_3.png
7,1,707,lattice,0,p,img/target_10.png
7,1,708,lattice,2,e,img/target_3.png
7,1,709,lattice,3,b,img/target_6.png
7,1,710,lattice,4,v,img/target_5.png
7,1,711,lattice,5,r,img/target_4.png
7,1,712,lattice,6,u,img/target_7.png
7,1,713,lattice,5,r,img/target_4.png
7,1,714,lattice,6,u,img/target_7.png
7,1,715,lattice,8,o,img/target_9.png
7,1,716,lattice,6,u,img/target_7.png
7,1,717,lattice,8,o,img/target_9.png
7,1,718,lattice,7,w,img/target_2.png
7,1,719,lattice,6,u,img/target_7.png
7,1,720,lattice,4,v,img/target_5.png
7,1,721,lattice,6,u,img/target_7.png
7,1,722,lattice,7,w,img/target_2.png
7,1,723,lattice,5,r,img/target_4.png
7,1,724,lattice,7,w,img/target_2.png
7,1,725,lattice,5,r,img/target_4.png
7,1,726,lattice,4,v,img/target_5.png
7,1,727,lattice,5,r,img/target_4.png
7,1,728,lattice,6,u,img/target_7.png
7,1,729,lattice,8,o,img/target_9.png
7,1,730,lattice,7,w,img/target_2.png
7,1,731,lattice,5,r,img/target_4.png
7,1,732,lattice,7,w,img/target_2.png
7,1,733,lattice,9,q,img/target_1.png
7,1,734,lattice,8,o,img/target_9.png
7,1,735,lattice,9,q,img/target_1.png
7,1,736,lattice,8,o,img/target_9.png
7,1,737,lattice,6,u,img/target_7.png
7,1,738,lattice,5,r,img/target_4.png
7,1,739,lattice,4,v,img/target_5.png
7,1,740,lattice,2,e,img/target_3.png
7,1,741,lattice,0,p,img/target_10.png
7,1,742,lattice,9,q,img/target_1.png
7,1,743,lattice,7,w,img/target_2.png
7,1,744,lattice,6,u,img/target_7.png
7,1,745,lattice,5,r,img/target_4.png
7,1,746,lattice,6,u,img/target_7.png
7,1,747,lattice,4,v,img/target_5.png
7,1,748,lattice,2,e,img/target_3.png
7,1,749,lattice,3,b,img/target_6.png
7,1,750,lattice,5,r,img/target_4.png
7,1,751,lattice,3,b,img/target_6.png
7,1,752,lattice,5,r,img/target_4.png
7,1,753,lattice,7,w,img/target_2.png
7,1,754,lattice,6,u,img/target_7.png
7,1,755,lattice,8,o,img/target_9.png
7,1,756,lattice,0,p,img/target_10.png
7,1,757,lattice,1,i,img/target_8.png
7,1,758,lattice,3,b,img/target_6.png
7,1,759,lattice,4,v,img/target_5.png
7,1,760,lattice,6,u,img/target_7.png
7,1,761,lattice,4,v,img/target_5.png
7,1,762,lattice,5,r,img/target_4.png
7,1,763,lattice,7,w,img/target_2.png
7,1,764,lattice,9,q,img/target_1.png
7,1,765,lattice,8,o,img/target_9.png
7,1,766,lattice,9,q,img/target_1.png
7,1,767,lattice,8,o,img/target_9.png
7,1,768,lattice,6,u,img/target_7.png
7,1,769,lattice,5,r,img/target_4.png
7,1,770,lattice,7,w,img/target_2.png
7,1,771,lattice,8,o,img/target_9.png
7,1,772,lattice,6,u,img/target_7.png
7,1,773,lattice,8,o,img/target_9.png
7,1,774,lattice,6,u,img/target_7.png
7,1,775,lattice,7,w,img/target_2.png
7,1,776,lattice,5,r,img/target_4.png
7,1,777,lattice,6,u,img/target_7.png
7,1,778,lattice,7,w,img/target_2.png
7,1,779,lattice,6,u,img/target_7.png
7,1,780,lattice,4,v,img/target_5.png
7,1,781,lattice,3,b,img/target_6.png
7,1,782,lattice,1,i,img/target_8.png
7,1,783,lattice,2,e,img/target_3.png
7,1,784,lattice,4,v,img/target_5.png
7,1,785,lattice,5,r,img/target_4.png
7,1,786,lattice,6,u,img/target_7.png
7,1,787,lattice,7,w,img/target_2.png
7,1,788,lattice,6,u,img/target_7.png
7,1,789,lattice,4,v,img/target_5.png
7,1,790,lattice,3,b,img/target_6.png
7,1,791,lattice,1,i,img/target_8.png
7,1,792,lattice,0,p,img/target_10.png
7,1,793,lattice,8,o,img/target_9.png
7,1,794,lattice,9,q,img/target_1.png
7,1,795,lattice,7,w,img/target_2.png
7,1,796,lattice,9,q,img/target_1.png
7,1,797,lattice,1,i,img/target_8.png
7,1,798,lattice,9,q,img/target_1.png
7,1,799,lattice,7,w,img/target_2.png
7,1,800,lattice,9,q,img/target_1.png
7,1,801,lattice,7,w,img/target_2.png
7,1,802,lattice,8,o,img/target_9.png
7,1,803,lattice,6,u,img/target_7.png
7,1,804,lattice,5,r,img/target_4.png
7,1,805,lattice,7,w,img/target_2.png
7,1,806,lattice,6,u,img/target_7.png
7,1,807,lattice,8,o,img/target_9.png
7,1,808,lattice,0,p,img/target_10.png
7,1,809,lattice,8,o,img/target_9.png
7,1,810,lattice,7,w,img/target_2.png
7,1,811,lattice,6,u,img/target_7.png
7,1,812,lattice,7,w,img/target_2.png
7,1,813,lattice,9,q,img/target_1.png
7,1,814,lattice,1,i,img/target_8.png
7,1,815,lattice,9,q,img/target_1.png
7,1,816,lattice,1,i,img/target_8.png
7,1,817,lattice,2,e,img/target_3.png
7,1,818,lattice,3,b,img/target_6.png
7,1,819,lattice,4,v,img/target_5.png
7,1,820,lattice,3,b,img/target_6.png
7,1,821,lattice,5,r,img/target_4.png
7,1,822,lattice,7,w,img/target_2.png
7,1,823,lattice,5,r,img/target_4.png
7,1,824,lattice,3,b,img/target_6.png
7,1,825,lattice,1,i,img/target_8.png
7,1,826,lattice,0,p,img/target_10.png
7,1,827,lattice,2,e,img/target_3.png
7,1,828,lattice,3,b,img/target_6.png
7,1,829,lattice,1,i,img/target_8.png
7,1,830,lattice,0,p,img/target_10.png
7,1,831,lattice,9,q,img/target_1.png
7,1,832,lattice,8,o,img/target_9.png
7,1,833,lattice,9,q,img/target_1.png
7,1,834,lattice,0,p,img/target_10.png
7,1,835,lattice,2,e,img/target_3.png
7,1,836,lattice,3,b,img/target_6.png
7,1,837,lattice,2,e,img/target_3.png
7,1,838,lattice,4,v,img/target_5.png
7,1,839,lattice,3,b,img/target_6.png
7,1,840,lattice,2,e,img/target_3.png
7,1,841,lattice,3,b,img/target_6.png
7,1,842,lattice,1,i,img/target_8.png
7,1,843,lattice,2,e,img/target_3.png
7,1,844,lattice,3,b,img/target_6.png
7,1,845,lattice,2,e,img/target_3.png
7,1,846,lattice,4,v,img/target_5.png
7,1,847,lattice,6,u,img/target_7.png
7,1,848,lattice,5,r,img/target_4.png
7,1,849,lattice,3,b,img/target_6.png
7,1,850,lattice,4,v,img/target_5.png
7,1,851,lattice,2,e,img/target_3.png
7,1,852,lattice,0,p,img/target_10.png
7,1,853,lattice,8,o,img/target_9.png
7,1,854,lattice,0,p,img/target_10.png
7,1,855,lattice,2,e,img/target_3.png
7,1,856,lattice,4,v,img/target_5.png
7,1,857,lattice,3,b,img/target_6.png
7,1,858,lattice,4,v,img/target_5.png
7,1,859,lattice,6,u,img/target_7.png
7,1,860,lattice,7,w,img/target_2.png
7,1,861,lattice,8,o,img/target_9.png
7,1,862,lattice,0,p,img/target_10.png
7,1,863,lattice,9,q,img/target_1.png
7,1,864,lattice,1,i,img/target_8.png
7,1,865,lattice,9,q,img/target_1.png
7,1,866,lattice,0,p,img/target_10.png
7,1,867,lattice,9,q,img/target_1.png
7,1,868,lattice,8,o,img/target_9.png
7,1,869,lattice,9,q,img/target_1.png
7,1,870,lattice,8,o,img/target_9.png
7,1,871,lattice,0,p,img/target_10.png
7,1,872,lattice,1,i,img/target_8.png
7,1,873,lattice,9,q,img/target_1.png
7,1,874,lattice,8,o,img/target_9.png
7,1,875,lattice,0,p,img/target_10.png
7,1,876,lattice,1,i,img/target_8.png
7,1,877,lattice,0,p,img/target_10.png
7,1,878,lattice,9,q,img/target_1.png
7,1,879,lattice,1,i,img/target_8.png
7,1,880,lattice,2,e,img/target_3.png
7,1,881,lattice,0,p,img/target_10.png
7,1,882,lattice,9,q,img/target_1.png
7,1,883,lattice,8,o,img/target_9.png
7,1,884,lattice,9,q,img/target_1.png
7,1,885,lattice,1,i,img/target_8.png
7,1,886,lattice,0,p,img/target_10.png
7,1,887,lattice,9,q,img/target_1.png
7,1,888,lattice,1,i,img/target_8.png
7,1,889,lattice,2,e,img/target_3.png
7,1,890,lattice,1,i,img/target_8.png
7,1,891,lattice,9,q,img/target_1.png
7,1,892,lattice,1,i,img/target_8.png
7,1,893,lattice,2,e,img/target_3.png
7,1,894,lattice,3,b,img/target_6.png
7,1,895,lattice,4,v,img/target_5.png
7,1,896,lattice,6,u,img/target_7.png
7,1,897,lattice,7,w,img/target_2.png
7,1,898,lattice,9,q,img/target_1.png
7,1,899,lattice,8,o,img/target_9.png
7,1,900,lattice,7,w,img/target_2.png
7,1,901,lattice,9,q,img/target_1.png
7,1,902,lattice,1,i,img/target_8.png
7,1,903,lattice,2,e,img/target_3.png
7,1,904,lattice,3,b,img/target_6.png
7,1,905,lattice,2,e,img/target_3.png
7,1,906,lattice,1,i,img/target_8.png
7,1,907,lattice,0,p,img/target_10.png
7,1,908,lattice,8,o,img/target_9.png
7,1,909,lattice,9,q,img/target_1.png
7,1,910,lattice,8,o,img/target_9.png
7,1,911,lattice,7,w,img/target_2.png
7,1,912,lattice,9,q,img/target_1.png
7,1,913,lattice,8,o,img/target_9.png
7,1,914,lattice,7,w,img/target_2.png
7,1,915,lattice,8,o,img/target_9.png
7,1,916,lattice,6,u,img/target_7.png
7,1,917,lattice,5,r,img/target_4.png
7,1,918,lattice,7,w,img/target_2.png
7,1,919,lattice,9,q,img/target_1.png
7,1,920,lattice,0,p,img/target_10.png
7,1,921,lattice,2,e,img/target_3.png
7,1,922,lattice,1,i,img/target_8.png
7,1,923,lattice,2,e,img/target_3.png
7,1,924,lattice,0,p,img/target_10.png
7,1,925,lattice,2,e,img/target_3.png
7,1,926,lattice,0,p,img/target_10.png
7,1,927,lattice,2,e,img/target_3.png
7,1,928,lattice,3,b,img/target_6.png
7,1,929,lattice,4,v,img/target_5.png
7,1,930,lattice,2,e,img/target_3.png
7,1,931,lattice,1,i,img/target_8.png
7,1,932,lattice,9,q,img/target_1.png
7,1,933,lattice,8,o,img/target_9.png
7,1,934,lattice,6,u,img/target_7.png
7,1,935,lattice,7,w,img/target_2.png
7,1,936,lattice,8,o,img/target_9.png
7,1,937,lattice,9,q,img/target_1.png
7,1,938,lattice,1,i,img/target_8.png
7,1,939,lattice,3,b,img/target_6.png
7,1,940,lattice,5,r,img/target_4.png
7,1,941,lattice,6,u,img/target_7.png
7,1,942,lattice,8,o,img/target_9.png
7,1,943,lattice,7,w,img/target_2.png
7,1,944,lattice,5,r,img/target_4.png
7,1,945,lattice,7,w,img/target_2.png
7,1,946,lattice,5,r,img/target_4.png
7,1,947,lattice,4,v,img/target_5.png
7,1,948,lattice,3,b,img/target_6.png
7,1,949,lattice,2,e,img/target_3.png
7,1,950,lattice,1,i,img/target_8.png
7,1,951,lattice,0,p,img/target_10.png
7,1,952,lattice,8,o,img/target_9.png
7,1,953,lattice,0,p,img/target_10.png
7,1,954,lattice,1,i,img/target_8.png
7,1,955,lattice,0,p,img/target_10.png
7,1,956,lattice,1,i,img/target_8.png
7,1,957,lattice,9,q,img/target_1.png
7,1,958,lattice,0,p,img/target_10.png
7,1,959,lattice,9,q,img/target_1.png
7,1,960,lattice,7,w,img/target_2.png
7,1,961,lattice,8,o,img/target_9.png
7,1,962,lattice,6,u,img/target_7.png
7,1,963,lattice,5,r,img/target_4.png
7,1,964,lattice,4,v,img/target_5.png
7,1,965,lattice,2,e,img/target_3.png
7,1,966,lattice,4,v,img/target_5.png
7,1,967,lattice,6,u,img/target_7.png
7,1,968,lattice,4,v,img/target_5.png
7,1,969,lattice,6,u,img/target_7.png
7,1,970,lattice,5,r,img/target_4.png
7,1,971,lattice,7,w,img/target_2.png
7,1,972,lattice,8,o,img/target_9.png
7,1,973,lattice,0,p,img/target_10.png
7,1,974,lattice,2,e,img/target_3.png
7,1,975,lattice,3,b,img/target_6.png
7,1,976,lattice,4,v,img/target_5.png
7,1,977,lattice,5,r,img/target_4.png
7,1,978,lattice,7,w,img/target_2.png
7,1,979,lattice,6,u,img/target_7.png
7,1,980,lattice,5,r,img/target_4.png
7,1,981,lattice,6,u,img/target_7.png
7,1,982,lattice,8,o,img/target_9.png
7,1,983,lattice,6,u,img/target_7.png
7,1,984,lattice,7,w,img/target_2.png
7,1,985,lattice,6,u,img/target_7.png
7,1,986,lattice,5,r,img/target_4.png
7,1,987,lattice,3,b,img/target_6.png
7,1,988,lattice,2,e,img/target_3.png
7,1,989,lattice,0,p,img/target_10.png
7,1,990,lattice,1,i,img/target_8.png
7,1,991,lattice,9,q,img/target_1.png
7,1,992,lattice,1,i,img/target_8.png
7,1,993,lattice,3,b,img/target_6.png
7,1,994,lattice,5,r,img/target_4.png
7,1,995,lattice,6,u,img/target_7.png
7,1,996,lattice,4,v,img/target_5.png
7,1,997,lattice,5,r,img/target_4.png
7,1,998,lattice,3,b,img/target_6.png
7,1,999,lattice,4,v,img/target_5.png
7,1,1000,lattice,6,u,img/target_7.png
