pID,sess,trialNum,graph,walk,resp,path
58,2,1,modular,5,v,img/target_5.png
58,2,2,modular,4,b,img/target_6.png
58,2,3,modular,3,r,img/target_4.png
58,2,4,modular,4,b,img/target_6.png
58,2,5,modular,1,q,img/target_1.png
58,2,6,modular,0,p,img/target_10.png
58,2,7,modular,2,u,img/target_7.png
58,2,8,modular,4,b,img/target_6.png
58,2,9,modular,5,v,img/target_5.png
58,2,10,modular,6,o,img/target_9.png
58,2,11,modular,5,v,img/target_5.png
58,2,12,modular,7,e,img/target_3.png
58,2,13,modular,8,w,img/target_2.png
58,2,14,modular,7,e,img/target_3.png
58,2,15,modular,8,w,img/target_2.png
58,2,16,modular,5,v,img/target_5.png
58,2,17,modular,4,b,img/target_6.png
58,2,18,modular,2,u,img/target_7.png
58,2,19,modular,0,p,img/target_10.png
58,2,20,modular,2,u,img/target_7.png
58,2,21,modular,3,r,img/target_4.png
58,2,22,modular,4,b,img/target_6.png
58,2,23,modular,3,r,img/target_4.png
58,2,24,modular,0,p,img/target_10.png
58,2,25,modular,1,q,img/target_1.png
58,2,26,modular,3,r,img/target_4.png
58,2,27,modular,1,q,img/target_1.png
58,2,28,modular,4,b,img/target_6.png
58,2,29,modular,3,r,img/target_4.png
58,2,30,modular,1,q,img/target_1.png
58,2,31,modular,4,b,img/target_6.png
58,2,32,modular,5,v,img/target_5.png
58,2,33,modular,6,o,img/target_9.png
58,2,34,modular,7,e,img/target_3.png
58,2,35,modular,8,w,img/target_2.png
58,2,36,modular,7,e,img/target_3.png
58,2,37,modular,6,o,img/target_9.png
58,2,38,modular,8,w,img/target_2.png
58,2,39,modular,6,o,img/target_9.png
58,2,40,modular,7,e,img/target_3.png
58,2,41,modular,8,w,img/target_2.png
58,2,42,modular,9,i,img/target_8.png
58,2,43,modular,0,p,img/target_10.png
58,2,44,modular,3,r,img/target_4.png
58,2,45,modular,1,q,img/target_1.png
58,2,46,modular,2,u,img/target_7.png
58,2,47,modular,3,r,img/target_4.png
58,2,48,modular,1,q,img/target_1.png
58,2,49,modular,3,r,img/target_4.png
58,2,50,modular,4,b,img/target_6.png
58,2,51,modular,1,q,img/target_1.png
58,2,52,modular,0,p,img/target_10.png
58,2,53,modular,1,q,img/target_1.png
58,2,54,modular,3,r,img/target_4.png
58,2,55,modular,2,u,img/target_7.png
58,2,56,modular,0,p,img/target_10.png
58,2,57,modular,2,u,img/target_7.png
58,2,58,modular,0,p,img/target_10.png
58,2,59,modular,3,r,img/target_4.png
58,2,60,modular,4,b,img/target_6.png
58,2,61,modular,5,v,img/target_5.png
58,2,62,modular,4,b,img/target_6.png
58,2,63,modular,3,r,img/target_4.png
58,2,64,modular,2,u,img/target_7.png
58,2,65,modular,4,b,img/target_6.png
58,2,66,modular,3,r,img/target_4.png
58,2,67,modular,1,q,img/target_1.png
58,2,68,modular,0,p,img/target_10.png
58,2,69,modular,3,r,img/target_4.png
58,2,70,modular,1,q,img/target_1.png
58,2,71,modular,0,p,img/target_10.png
58,2,72,modular,3,r,img/target_4.png
58,2,73,modular,1,q,img/target_1.png
58,2,74,modular,2,u,img/target_7.png
58,2,75,modular,4,b,img/target_6.png
58,2,76,modular,2,u,img/target_7.png
58,2,77,modular,1,q,img/target_1.png
58,2,78,modular,0,p,img/target_10.png
58,2,79,modular,1,q,img/target_1.png
58,2,80,modular,2,u,img/target_7.png
58,2,81,modular,1,q,img/target_1.png
58,2,82,modular,3,r,img/target_4.png
58,2,83,modular,4,b,img/target_6.png
58,2,84,modular,3,r,img/target_4.png
58,2,85,modular,2,u,img/target_7.png
58,2,86,modular,4,b,img/target_6.png
58,2,87,modular,1,q,img/target_1.png
58,2,88,modular,4,b,img/target_6.png
58,2,89,modular,1,q,img/target_1.png
58,2,90,modular,2,u,img/target_7.png
58,2,91,modular,0,p,img/target_10.png
58,2,92,modular,9,i,img/target_8.png
58,2,93,modular,0,p,img/target_10.png
58,2,94,modular,2,u,img/target_7.png
58,2,95,modular,1,q,img/target_1.png
58,2,96,modular,4,b,img/target_6.png
58,2,97,modular,2,u,img/target_7.png
58,2,98,modular,0,p,img/target_10.png
58,2,99,modular,9,i,img/target_8.png
58,2,100,modular,8,w,img/target_2.png
58,2,101,modular,6,o,img/target_9.png
58,2,102,modular,8,w,img/target_2.png
58,2,103,modular,9,i,img/target_8.png
58,2,104,modular,7,e,img/target_3.png
58,2,105,modular,5,v,img/target_5.png
58,2,106,modular,4,b,img/target_6.png
58,2,107,modular,3,r,img/target_4.png
58,2,108,modular,4,b,img/target_6.png
58,2,109,modular,5,v,img/target_5.png
58,2,110,modular,6,o,img/target_9.png
58,2,111,modular,7,e,img/target_3.png
58,2,112,modular,8,w,img/target_2.png
58,2,113,modular,7,e,img/target_3.png
58,2,114,modular,8,w,img/target_2.png
58,2,115,modular,7,e,img/target_3.png
58,2,116,modular,5,v,img/target_5.png
58,2,117,modular,7,e,img/target_3.png
58,2,118,modular,9,i,img/target_8.png
58,2,119,modular,8,w,img/target_2.png
58,2,120,modular,7,e,img/target_3.png
58,2,121,modular,5,v,img/target_5.png
58,2,122,modular,6,o,img/target_9.png
58,2,123,modular,5,v,img/target_5.png
58,2,124,modular,7,e,img/target_3.png
58,2,125,modular,8,w,img/target_2.png
58,2,126,modular,5,v,img/target_5.png
58,2,127,modular,8,w,img/target_2.png
58,2,128,modular,7,e,img/target_3.png
58,2,129,modular,8,w,img/target_2.png
58,2,130,modular,9,i,img/target_8.png
58,2,131,modular,0,p,img/target_10.png
58,2,132,modular,1,q,img/target_1.png
58,2,133,modular,3,r,img/target_4.png
58,2,134,modular,1,q,img/target_1.png
58,2,135,modular,3,r,img/target_4.png
58,2,136,modular,1,q,img/target_1.png
58,2,137,modular,3,r,img/target_4.png
58,2,138,modular,4,b,img/target_6.png
58,2,139,modular,2,u,img/target_7.png
58,2,140,modular,1,q,img/target_1.png
58,2,141,modular,4,b,img/target_6.png
58,2,142,modular,3,r,img/target_4.png
58,2,143,modular,4,b,img/target_6.png
58,2,144,modular,5,v,img/target_5.png
58,2,145,modular,6,o,img/target_9.png
58,2,146,modular,5,v,img/target_5.png
58,2,147,modular,8,w,img/target_2.png
58,2,148,modular,5,v,img/target_5.png
58,2,149,modular,4,b,img/target_6.png
58,2,150,modular,3,r,img/target_4.png
58,2,151,modular,0,p,img/target_10.png
58,2,152,modular,3,r,img/target_4.png
58,2,153,modular,4,b,img/target_6.png
58,2,154,modular,5,v,img/target_5.png
58,2,155,modular,6,o,img/target_9.png
58,2,156,modular,5,v,img/target_5.png
58,2,157,modular,7,e,img/target_3.png
58,2,158,modular,6,o,img/target_9.png
58,2,159,modular,9,i,img/target_8.png
58,2,160,modular,6,o,img/target_9.png
58,2,161,modular,7,e,img/target_3.png
58,2,162,modular,5,v,img/target_5.png
58,2,163,modular,8,w,img/target_2.png
58,2,164,modular,7,e,img/target_3.png
58,2,165,modular,5,v,img/target_5.png
58,2,166,modular,8,w,img/target_2.png
58,2,167,modular,6,o,img/target_9.png
58,2,168,modular,5,v,img/target_5.png
58,2,169,modular,8,w,img/target_2.png
58,2,170,modular,5,v,img/target_5.png
58,2,171,modular,7,e,img/target_3.png
58,2,172,modular,5,v,img/target_5.png
58,2,173,modular,6,o,img/target_9.png
58,2,174,modular,5,v,img/target_5.png
58,2,175,modular,6,o,img/target_9.png
58,2,176,modular,5,v,img/target_5.png
58,2,177,modular,7,e,img/target_3.png
58,2,178,modular,8,w,img/target_2.png
58,2,179,modular,7,e,img/target_3.png
58,2,180,modular,9,i,img/target_8.png
58,2,181,modular,6,o,img/target_9.png
58,2,182,modular,7,e,img/target_3.png
58,2,183,modular,6,o,img/target_9.png
58,2,184,modular,5,v,img/target_5.png
58,2,185,modular,6,o,img/target_9.png
58,2,186,modular,8,w,img/target_2.png
58,2,187,modular,6,o,img/target_9.png
58,2,188,modular,5,v,img/target_5.png
58,2,189,modular,4,b,img/target_6.png
58,2,190,modular,2,u,img/target_7.png
58,2,191,modular,1,q,img/target_1.png
58,2,192,modular,2,u,img/target_7.png
58,2,193,modular,4,b,img/target_6.png
58,2,194,modular,1,q,img/target_1.png
58,2,195,modular,4,b,img/target_6.png
58,2,196,modular,2,u,img/target_7.png
58,2,197,modular,3,r,img/target_4.png
58,2,198,modular,2,u,img/target_7.png
58,2,199,modular,4,b,img/target_6.png
58,2,200,modular,3,r,img/target_4.png
58,2,201,modular,2,u,img/target_7.png
58,2,202,modular,4,b,img/target_6.png
58,2,203,modular,5,v,img/target_5.png
58,2,204,modular,8,w,img/target_2.png
58,2,205,modular,5,v,img/target_5.png
58,2,206,modular,6,o,img/target_9.png
58,2,207,modular,7,e,img/target_3.png
58,2,208,modular,5,v,img/target_5.png
58,2,209,modular,8,w,img/target_2.png
58,2,210,modular,9,i,img/target_8.png
58,2,211,modular,7,e,img/target_3.png
58,2,212,modular,6,o,img/target_9.png
58,2,213,modular,8,w,img/target_2.png
58,2,214,modular,9,i,img/target_8.png
58,2,215,modular,8,w,img/target_2.png
58,2,216,modular,9,i,img/target_8.png
58,2,217,modular,7,e,img/target_3.png
58,2,218,modular,6,o,img/target_9.png
58,2,219,modular,8,w,img/target_2.png
58,2,220,modular,7,e,img/target_3.png
58,2,221,modular,6,o,img/target_9.png
58,2,222,modular,9,i,img/target_8.png
58,2,223,modular,6,o,img/target_9.png
58,2,224,modular,8,w,img/target_2.png
58,2,225,modular,7,e,img/target_3.png
58,2,226,modular,6,o,img/target_9.png
58,2,227,modular,5,v,img/target_5.png
58,2,228,modular,4,b,img/target_6.png
58,2,229,modular,3,r,img/target_4.png
58,2,230,modular,4,b,img/target_6.png
58,2,231,modular,2,u,img/target_7.png
58,2,232,modular,3,r,img/target_4.png
58,2,233,modular,1,q,img/target_1.png
58,2,234,modular,0,p,img/target_10.png
58,2,235,modular,1,q,img/target_1.png
58,2,236,modular,0,p,img/target_10.png
58,2,237,modular,3,r,img/target_4.png
58,2,238,modular,0,p,img/target_10.png
58,2,239,modular,3,r,img/target_4.png
58,2,240,modular,2,u,img/target_7.png
58,2,241,modular,3,r,img/target_4.png
58,2,242,modular,4,b,img/target_6.png
58,2,243,modular,5,v,img/target_5.png
58,2,244,modular,6,o,img/target_9.png
58,2,245,modular,8,w,img/target_2.png
58,2,246,modular,5,v,img/target_5.png
58,2,247,modular,7,e,img/target_3.png
58,2,248,modular,6,o,img/target_9.png
58,2,249,modular,8,w,img/target_2.png
58,2,250,modular,7,e,img/target_3.png
58,2,251,modular,8,w,img/target_2.png
58,2,252,modular,6,o,img/target_9.png
58,2,253,modular,5,v,img/target_5.png
58,2,254,modular,6,o,img/target_9.png
58,2,255,modular,7,e,img/target_3.png
58,2,256,modular,8,w,img/target_2.png
58,2,257,modular,7,e,img/target_3.png
58,2,258,modular,5,v,img/target_5.png
58,2,259,modular,8,w,img/target_2.png
58,2,260,modular,5,v,img/target_5.png
58,2,261,modular,6,o,img/target_9.png
58,2,262,modular,5,v,img/target_5.png
58,2,263,modular,6,o,img/target_9.png
58,2,264,modular,5,v,img/target_5.png
58,2,265,modular,6,o,img/target_9.png
58,2,266,modular,5,v,img/target_5.png
58,2,267,modular,6,o,img/target_9.png
58,2,268,modular,9,i,img/target_8.png
58,2,269,modular,7,e,img/target_3.png
58,2,270,modular,9,i,img/target_8.png
58,2,271,modular,8,w,img/target_2.png
58,2,272,modular,7,e,img/target_3.png
58,2,273,modular,8,w,img/target_2.png
58,2,274,modular,7,e,img/target_3.png
58,2,275,modular,9,i,img/target_8.png
58,2,276,modular,8,w,img/target_2.png
58,2,277,modular,6,o,img/target_9.png
58,2,278,modular,8,w,img/target_2.png
58,2,279,modular,5,v,img/target_5.png
58,2,280,modular,4,b,img/target_6.png
58,2,281,modular,5,v,img/target_5.png
58,2,282,modular,7,e,img/target_3.png
58,2,283,modular,9,i,img/target_8.png
58,2,284,modular,7,e,img/target_3.png
58,2,285,modular,5,v,img/target_5.png
58,2,286,modular,4,b,img/target_6.png
58,2,287,modular,5,v,img/target_5.png
58,2,288,modular,7,e,img/target_3.png
58,2,289,modular,6,o,img/target_9.png
58,2,290,modular,7,e,img/target_3.png
58,2,291,modular,5,v,img/target_5.png
58,2,292,modular,7,e,img/target_3.png
58,2,293,modular,6,o,img/target_9.png
58,2,294,modular,7,e,img/target_3.png
58,2,295,modular,8,w,img/target_2.png
58,2,296,modular,7,e,img/target_3.png
58,2,297,modular,5,v,img/target_5.png
58,2,298,modular,4,b,img/target_6.png
58,2,299,modular,1,q,img/target_1.png
58,2,300,modular,4,b,img/target_6.png
58,2,301,modular,2,u,img/target_7.png
58,2,302,modular,3,r,img/target_4.png
58,2,303,modular,2,u,img/target_7.png
58,2,304,modular,4,b,img/target_6.png
58,2,305,modular,3,r,img/target_4.png
58,2,306,modular,1,q,img/target_1.png
58,2,307,modular,3,r,img/target_4.png
58,2,308,modular,2,u,img/target_7.png
58,2,309,modular,4,b,img/target_6.png
58,2,310,modular,5,v,img/target_5.png
58,2,311,modular,7,e,img/target_3.png
58,2,312,modular,9,i,img/target_8.png
58,2,313,modular,8,w,img/target_2.png
58,2,314,modular,7,e,img/target_3.png
58,2,315,modular,5,v,img/target_5.png
58,2,316,modular,8,w,img/target_2.png
58,2,317,modular,6,o,img/target_9.png
58,2,318,modular,7,e,img/target_3.png
58,2,319,modular,6,o,img/target_9.png
58,2,320,modular,8,w,img/target_2.png
58,2,321,modular,6,o,img/target_9.png
58,2,322,modular,8,w,img/target_2.png
58,2,323,modular,7,e,img/target_3.png
58,2,324,modular,9,i,img/target_8.png
58,2,325,modular,6,o,img/target_9.png
58,2,326,modular,9,i,img/target_8.png
58,2,327,modular,8,w,img/target_2.png
58,2,328,modular,7,e,img/target_3.png
58,2,329,modular,5,v,img/target_5.png
58,2,330,modular,8,w,img/target_2.png
58,2,331,modular,7,e,img/target_3.png
58,2,332,modular,9,i,img/target_8.png
58,2,333,modular,0,p,img/target_10.png
58,2,334,modular,1,q,img/target_1.png
58,2,335,modular,3,r,img/target_4.png
58,2,336,modular,4,b,img/target_6.png
58,2,337,modular,2,u,img/target_7.png
58,2,338,modular,4,b,img/target_6.png
58,2,339,modular,2,u,img/target_7.png
58,2,340,modular,3,r,img/target_4.png
58,2,341,modular,4,b,img/target_6.png
58,2,342,modular,1,q,img/target_1.png
58,2,343,modular,0,p,img/target_10.png
58,2,344,modular,9,i,img/target_8.png
58,2,345,modular,0,p,img/target_10.png
58,2,346,modular,3,r,img/target_4.png
58,2,347,modular,2,u,img/target_7.png
58,2,348,modular,1,q,img/target_1.png
58,2,349,modular,3,r,img/target_4.png
58,2,350,modular,4,b,img/target_6.png
58,2,351,modular,5,v,img/target_5.png
58,2,352,modular,7,e,img/target_3.png
58,2,353,modular,8,w,img/target_2.png
58,2,354,modular,6,o,img/target_9.png
58,2,355,modular,5,v,img/target_5.png
58,2,356,modular,6,o,img/target_9.png
58,2,357,modular,5,v,img/target_5.png
58,2,358,modular,7,e,img/target_3.png
58,2,359,modular,9,i,img/target_8.png
58,2,360,modular,8,w,img/target_2.png
58,2,361,modular,7,e,img/target_3.png
58,2,362,modular,6,o,img/target_9.png
58,2,363,modular,5,v,img/target_5.png
58,2,364,modular,6,o,img/target_9.png
58,2,365,modular,5,v,img/target_5.png
58,2,366,modular,4,b,img/target_6.png
58,2,367,modular,5,v,img/target_5.png
58,2,368,modular,6,o,img/target_9.png
58,2,369,modular,5,v,img/target_5.png
58,2,370,modular,8,w,img/target_2.png
58,2,371,modular,5,v,img/target_5.png
58,2,372,modular,8,w,img/target_2.png
58,2,373,modular,6,o,img/target_9.png
58,2,374,modular,5,v,img/target_5.png
58,2,375,modular,6,o,img/target_9.png
58,2,376,modular,7,e,img/target_3.png
58,2,377,modular,5,v,img/target_5.png
58,2,378,modular,8,w,img/target_2.png
58,2,379,modular,9,i,img/target_8.png
58,2,380,modular,8,w,img/target_2.png
58,2,381,modular,5,v,img/target_5.png
58,2,382,modular,7,e,img/target_3.png
58,2,383,modular,8,w,img/target_2.png
58,2,384,modular,5,v,img/target_5.png
58,2,385,modular,7,e,img/target_3.png
58,2,386,modular,8,w,img/target_2.png
58,2,387,modular,9,i,img/target_8.png
58,2,388,modular,0,p,img/target_10.png
58,2,389,modular,9,i,img/target_8.png
58,2,390,modular,6,o,img/target_9.png
58,2,391,modular,8,w,img/target_2.png
58,2,392,modular,9,i,img/target_8.png
58,2,393,modular,7,e,img/target_3.png
58,2,394,modular,5,v,img/target_5.png
58,2,395,modular,7,e,img/target_3.png
58,2,396,modular,8,w,img/target_2.png
58,2,397,modular,5,v,img/target_5.png
58,2,398,modular,8,w,img/target_2.png
58,2,399,modular,6,o,img/target_9.png
58,2,400,modular,8,w,img/target_2.png
58,2,401,modular,6,o,img/target_9.png
58,2,402,modular,8,w,img/target_2.png
58,2,403,modular,6,o,img/target_9.png
58,2,404,modular,7,e,img/target_3.png
58,2,405,modular,5,v,img/target_5.png
58,2,406,modular,6,o,img/target_9.png
58,2,407,modular,8,w,img/target_2.png
58,2,408,modular,9,i,img/target_8.png
58,2,409,modular,8,w,img/target_2.png
58,2,410,modular,5,v,img/target_5.png
58,2,411,modular,8,w,img/target_2.png
58,2,412,modular,5,v,img/target_5.png
58,2,413,modular,6,o,img/target_9.png
58,2,414,modular,8,w,img/target_2.png
58,2,415,modular,9,i,img/target_8.png
58,2,416,modular,7,e,img/target_3.png
58,2,417,modular,9,i,img/target_8.png
58,2,418,modular,7,e,img/target_3.png
58,2,419,modular,6,o,img/target_9.png
58,2,420,modular,8,w,img/target_2.png
58,2,421,modular,9,i,img/target_8.png
58,2,422,modular,7,e,img/target_3.png
58,2,423,modular,6,o,img/target_9.png
58,2,424,modular,7,e,img/target_3.png
58,2,425,modular,8,w,img/target_2.png
58,2,426,modular,9,i,img/target_8.png
58,2,427,modular,6,o,img/target_9.png
58,2,428,modular,5,v,img/target_5.png
58,2,429,modular,7,e,img/target_3.png
58,2,430,modular,9,i,img/target_8.png
58,2,431,modular,6,o,img/target_9.png
58,2,432,modular,8,w,img/target_2.png
58,2,433,modular,7,e,img/target_3.png
58,2,434,modular,6,o,img/target_9.png
58,2,435,modular,7,e,img/target_3.png
58,2,436,modular,5,v,img/target_5.png
58,2,437,modular,8,w,img/target_2.png
58,2,438,modular,9,i,img/target_8.png
58,2,439,modular,6,o,img/target_9.png
58,2,440,modular,9,i,img/target_8.png
58,2,441,modular,8,w,img/target_2.png
58,2,442,modular,7,e,img/target_3.png
58,2,443,modular,9,i,img/target_8.png
58,2,444,modular,7,e,img/target_3.png
58,2,445,modular,8,w,img/target_2.png
58,2,446,modular,5,v,img/target_5.png
58,2,447,modular,6,o,img/target_9.png
58,2,448,modular,7,e,img/target_3.png
58,2,449,modular,8,w,img/target_2.png
58,2,450,modular,9,i,img/target_8.png
58,2,451,modular,6,o,img/target_9.png
58,2,452,modular,8,w,img/target_2.png
58,2,453,modular,7,e,img/target_3.png
58,2,454,modular,6,o,img/target_9.png
58,2,455,modular,7,e,img/target_3.png
58,2,456,modular,6,o,img/target_9.png
58,2,457,modular,9,i,img/target_8.png
58,2,458,modular,0,p,img/target_10.png
58,2,459,modular,3,r,img/target_4.png
58,2,460,modular,1,q,img/target_1.png
58,2,461,modular,2,u,img/target_7.png
58,2,462,modular,3,r,img/target_4.png
58,2,463,modular,4,b,img/target_6.png
58,2,464,modular,3,r,img/target_4.png
58,2,465,modular,4,b,img/target_6.png
58,2,466,modular,5,v,img/target_5.png
58,2,467,modular,6,o,img/target_9.png
58,2,468,modular,8,w,img/target_2.png
58,2,469,modular,7,e,img/target_3.png
58,2,470,modular,5,v,img/target_5.png
58,2,471,modular,6,o,img/target_9.png
58,2,472,modular,9,i,img/target_8.png
58,2,473,modular,6,o,img/target_9.png
58,2,474,modular,8,w,img/target_2.png
58,2,475,modular,7,e,img/target_3.png
58,2,476,modular,9,i,img/target_8.png
58,2,477,modular,0,p,img/target_10.png
58,2,478,modular,3,r,img/target_4.png
58,2,479,modular,2,u,img/target_7.png
58,2,480,modular,1,q,img/target_1.png
58,2,481,modular,2,u,img/target_7.png
58,2,482,modular,4,b,img/target_6.png
58,2,483,modular,2,u,img/target_7.png
58,2,484,modular,1,q,img/target_1.png
58,2,485,modular,3,r,img/target_4.png
58,2,486,modular,4,b,img/target_6.png
58,2,487,modular,2,u,img/target_7.png
58,2,488,modular,3,r,img/target_4.png
58,2,489,modular,0,p,img/target_10.png
58,2,490,modular,3,r,img/target_4.png
58,2,491,modular,2,u,img/target_7.png
58,2,492,modular,1,q,img/target_1.png
58,2,493,modular,0,p,img/target_10.png
58,2,494,modular,1,q,img/target_1.png
58,2,495,modular,4,b,img/target_6.png
58,2,496,modular,2,u,img/target_7.png
58,2,497,modular,4,b,img/target_6.png
58,2,498,modular,1,q,img/target_1.png
58,2,499,modular,4,b,img/target_6.png
58,2,500,modular,1,q,img/target_1.png
58,2,501,modular,3,r,img/target_4.png
58,2,502,modular,2,u,img/target_7.png
58,2,503,modular,1,q,img/target_1.png
58,2,504,modular,0,p,img/target_10.png
58,2,505,modular,9,i,img/target_8.png
58,2,506,modular,0,p,img/target_10.png
58,2,507,modular,9,i,img/target_8.png
58,2,508,modular,0,p,img/target_10.png
58,2,509,modular,1,q,img/target_1.png
58,2,510,modular,3,r,img/target_4.png
58,2,511,modular,2,u,img/target_7.png
58,2,512,modular,0,p,img/target_10.png
58,2,513,modular,9,i,img/target_8.png
58,2,514,modular,6,o,img/target_9.png
58,2,515,modular,9,i,img/target_8.png
58,2,516,modular,6,o,img/target_9.png
58,2,517,modular,9,i,img/target_8.png
58,2,518,modular,0,p,img/target_10.png
58,2,519,modular,2,u,img/target_7.png
58,2,520,modular,1,q,img/target_1.png
58,2,521,modular,0,p,img/target_10.png
58,2,522,modular,3,r,img/target_4.png
58,2,523,modular,4,b,img/target_6.png
58,2,524,modular,2,u,img/target_7.png
58,2,525,modular,4,b,img/target_6.png
58,2,526,modular,1,q,img/target_1.png
58,2,527,modular,0,p,img/target_10.png
58,2,528,modular,9,i,img/target_8.png
58,2,529,modular,7,e,img/target_3.png
58,2,530,modular,6,o,img/target_9.png
58,2,531,modular,5,v,img/target_5.png
58,2,532,modular,7,e,img/target_3.png
58,2,533,modular,6,o,img/target_9.png
58,2,534,modular,9,i,img/target_8.png
58,2,535,modular,7,e,img/target_3.png
58,2,536,modular,8,w,img/target_2.png
58,2,537,modular,7,e,img/target_3.png
58,2,538,modular,8,w,img/target_2.png
58,2,539,modular,6,o,img/target_9.png
58,2,540,modular,7,e,img/target_3.png
58,2,541,modular,8,w,img/target_2.png
58,2,542,modular,5,v,img/target_5.png
58,2,543,modular,7,e,img/target_3.png
58,2,544,modular,5,v,img/target_5.png
58,2,545,modular,6,o,img/target_9.png
58,2,546,modular,8,w,img/target_2.png
58,2,547,modular,7,e,img/target_3.png
58,2,548,modular,8,w,img/target_2.png
58,2,549,modular,9,i,img/target_8.png
58,2,550,modular,6,o,img/target_9.png
58,2,551,modular,9,i,img/target_8.png
58,2,552,modular,6,o,img/target_9.png
58,2,553,modular,8,w,img/target_2.png
58,2,554,modular,6,o,img/target_9.png
58,2,555,modular,7,e,img/target_3.png
58,2,556,modular,8,w,img/target_2.png
58,2,557,modular,5,v,img/target_5.png
58,2,558,modular,6,o,img/target_9.png
58,2,559,modular,8,w,img/target_2.png
58,2,560,modular,6,o,img/target_9.png
58,2,561,modular,8,w,img/target_2.png
58,2,562,modular,9,i,img/target_8.png
58,2,563,modular,6,o,img/target_9.png
58,2,564,modular,5,v,img/target_5.png
58,2,565,modular,4,b,img/target_6.png
58,2,566,modular,1,q,img/target_1.png
58,2,567,modular,3,r,img/target_4.png
58,2,568,modular,0,p,img/target_10.png
58,2,569,modular,2,u,img/target_7.png
58,2,570,modular,1,q,img/target_1.png
58,2,571,modular,0,p,img/target_10.png
58,2,572,modular,3,r,img/target_4.png
58,2,573,modular,1,q,img/target_1.png
58,2,574,modular,2,u,img/target_7.png
58,2,575,modular,1,q,img/target_1.png
58,2,576,modular,3,r,img/target_4.png
58,2,577,modular,1,q,img/target_1.png
58,2,578,modular,3,r,img/target_4.png
58,2,579,modular,1,q,img/target_1.png
58,2,580,modular,2,u,img/target_7.png
58,2,581,modular,1,q,img/target_1.png
58,2,582,modular,0,p,img/target_10.png
58,2,583,modular,3,r,img/target_4.png
58,2,584,modular,1,q,img/target_1.png
58,2,585,modular,3,r,img/target_4.png
58,2,586,modular,0,p,img/target_10.png
58,2,587,modular,1,q,img/target_1.png
58,2,588,modular,3,r,img/target_4.png
58,2,589,modular,1,q,img/target_1.png
58,2,590,modular,0,p,img/target_10.png
58,2,591,modular,9,i,img/target_8.png
58,2,592,modular,6,o,img/target_9.png
58,2,593,modular,8,w,img/target_2.png
58,2,594,modular,7,e,img/target_3.png
58,2,595,modular,9,i,img/target_8.png
58,2,596,modular,7,e,img/target_3.png
58,2,597,modular,9,i,img/target_8.png
58,2,598,modular,8,w,img/target_2.png
58,2,599,modular,7,e,img/target_3.png
58,2,600,modular,5,v,img/target_5.png
58,2,601,modular,7,e,img/target_3.png
58,2,602,modular,8,w,img/target_2.png
58,2,603,modular,7,e,img/target_3.png
58,2,604,modular,8,w,img/target_2.png
58,2,605,modular,9,i,img/target_8.png
58,2,606,modular,6,o,img/target_9.png
58,2,607,modular,7,e,img/target_3.png
58,2,608,modular,9,i,img/target_8.png
58,2,609,modular,0,p,img/target_10.png
58,2,610,modular,3,r,img/target_4.png
58,2,611,modular,4,b,img/target_6.png
58,2,612,modular,5,v,img/target_5.png
58,2,613,modular,7,e,img/target_3.png
58,2,614,modular,9,i,img/target_8.png
58,2,615,modular,8,w,img/target_2.png
58,2,616,modular,9,i,img/target_8.png
58,2,617,modular,8,w,img/target_2.png
58,2,618,modular,5,v,img/target_5.png
58,2,619,modular,7,e,img/target_3.png
58,2,620,modular,8,w,img/target_2.png
58,2,621,modular,5,v,img/target_5.png
58,2,622,modular,8,w,img/target_2.png
58,2,623,modular,6,o,img/target_9.png
58,2,624,modular,9,i,img/target_8.png
58,2,625,modular,0,p,img/target_10.png
58,2,626,modular,2,u,img/target_7.png
58,2,627,modular,1,q,img/target_1.png
58,2,628,modular,0,p,img/target_10.png
58,2,629,modular,3,r,img/target_4.png
58,2,630,modular,4,b,img/target_6.png
58,2,631,modular,3,r,img/target_4.png
58,2,632,modular,4,b,img/target_6.png
58,2,633,modular,5,v,img/target_5.png
58,2,634,modular,7,e,img/target_3.png
58,2,635,modular,6,o,img/target_9.png
58,2,636,modular,7,e,img/target_3.png
58,2,637,modular,6,o,img/target_9.png
58,2,638,modular,7,e,img/target_3.png
58,2,639,modular,5,v,img/target_5.png
58,2,640,modular,7,e,img/target_3.png
58,2,641,modular,5,v,img/target_5.png
58,2,642,modular,4,b,img/target_6.png
58,2,643,modular,1,q,img/target_1.png
58,2,644,modular,2,u,img/target_7.png
58,2,645,modular,3,r,img/target_4.png
58,2,646,modular,2,u,img/target_7.png
58,2,647,modular,0,p,img/target_10.png
58,2,648,modular,2,u,img/target_7.png
58,2,649,modular,1,q,img/target_1.png
58,2,650,modular,3,r,img/target_4.png
58,2,651,modular,2,u,img/target_7.png
58,2,652,modular,3,r,img/target_4.png
58,2,653,modular,2,u,img/target_7.png
58,2,654,modular,0,p,img/target_10.png
58,2,655,modular,2,u,img/target_7.png
58,2,656,modular,1,q,img/target_1.png
58,2,657,modular,2,u,img/target_7.png
58,2,658,modular,4,b,img/target_6.png
58,2,659,modular,2,u,img/target_7.png
58,2,660,modular,1,q,img/target_1.png
58,2,661,modular,4,b,img/target_6.png
58,2,662,modular,5,v,img/target_5.png
58,2,663,modular,6,o,img/target_9.png
58,2,664,modular,5,v,img/target_5.png
58,2,665,modular,7,e,img/target_3.png
58,2,666,modular,9,i,img/target_8.png
58,2,667,modular,7,e,img/target_3.png
58,2,668,modular,9,i,img/target_8.png
58,2,669,modular,6,o,img/target_9.png
58,2,670,modular,9,i,img/target_8.png
58,2,671,modular,8,w,img/target_2.png
58,2,672,modular,6,o,img/target_9.png
58,2,673,modular,8,w,img/target_2.png
58,2,674,modular,9,i,img/target_8.png
58,2,675,modular,6,o,img/target_9.png
58,2,676,modular,9,i,img/target_8.png
58,2,677,modular,0,p,img/target_10.png
58,2,678,modular,9,i,img/target_8.png
58,2,679,modular,6,o,img/target_9.png
58,2,680,modular,9,i,img/target_8.png
58,2,681,modular,0,p,img/target_10.png
58,2,682,modular,1,q,img/target_1.png
58,2,683,modular,2,u,img/target_7.png
58,2,684,modular,4,b,img/target_6.png
58,2,685,modular,1,q,img/target_1.png
58,2,686,modular,3,r,img/target_4.png
58,2,687,modular,4,b,img/target_6.png
58,2,688,modular,1,q,img/target_1.png
58,2,689,modular,0,p,img/target_10.png
58,2,690,modular,9,i,img/target_8.png
58,2,691,modular,6,o,img/target_9.png
58,2,692,modular,9,i,img/target_8.png
58,2,693,modular,8,w,img/target_2.png
58,2,694,modular,9,i,img/target_8.png
58,2,695,modular,8,w,img/target_2.png
58,2,696,modular,5,v,img/target_5.png
58,2,697,modular,7,e,img/target_3.png
58,2,698,modular,8,w,img/target_2.png
58,2,699,modular,7,e,img/target_3.png
58,2,700,modular,5,v,img/target_5.png
58,2,701,modular,7,e,img/target_3.png
58,2,702,modular,5,v,img/target_5.png
58,2,703,modular,4,b,img/target_6.png
58,2,704,modular,2,u,img/target_7.png
58,2,705,modular,3,r,img/target_4.png
58,2,706,modular,0,p,img/target_10.png
58,2,707,modular,2,u,img/target_7.png
58,2,708,modular,4,b,img/target_6.png
58,2,709,modular,2,u,img/target_7.png
58,2,710,modular,3,r,img/target_4.png
58,2,711,modular,4,b,img/target_6.png
58,2,712,modular,2,u,img/target_7.png
58,2,713,modular,3,r,img/target_4.png
58,2,714,modular,1,q,img/target_1.png
58,2,715,modular,0,p,img/target_10.png
58,2,716,modular,1,q,img/target_1.png
58,2,717,modular,4,b,img/target_6.png
58,2,718,modular,1,q,img/target_1.png
58,2,719,modular,0,p,img/target_10.png
58,2,720,modular,9,i,img/target_8.png
58,2,721,modular,0,p,img/target_10.png
58,2,722,modular,2,u,img/target_7.png
58,2,723,modular,0,p,img/target_10.png
58,2,724,modular,2,u,img/target_7.png
58,2,725,modular,0,p,img/target_10.png
58,2,726,modular,9,i,img/target_8.png
58,2,727,modular,8,w,img/target_2.png
58,2,728,modular,6,o,img/target_9.png
58,2,729,modular,8,w,img/target_2.png
58,2,730,modular,5,v,img/target_5.png
58,2,731,modular,8,w,img/target_2.png
58,2,732,modular,5,v,img/target_5.png
58,2,733,modular,7,e,img/target_3.png
58,2,734,modular,6,o,img/target_9.png
58,2,735,modular,7,e,img/target_3.png
58,2,736,modular,6,o,img/target_9.png
58,2,737,modular,8,w,img/target_2.png
58,2,738,modular,9,i,img/target_8.png
58,2,739,modular,0,p,img/target_10.png
58,2,740,modular,2,u,img/target_7.png
58,2,741,modular,4,b,img/target_6.png
58,2,742,modular,3,r,img/target_4.png
58,2,743,modular,1,q,img/target_1.png
58,2,744,modular,2,u,img/target_7.png
58,2,745,modular,1,q,img/target_1.png
58,2,746,modular,4,b,img/target_6.png
58,2,747,modular,3,r,img/target_4.png
58,2,748,modular,1,q,img/target_1.png
58,2,749,modular,0,p,img/target_10.png
58,2,750,modular,9,i,img/target_8.png
58,2,751,modular,6,o,img/target_9.png
58,2,752,modular,7,e,img/target_3.png
58,2,753,modular,6,o,img/target_9.png
58,2,754,modular,9,i,img/target_8.png
58,2,755,modular,8,w,img/target_2.png
58,2,756,modular,6,o,img/target_9.png
58,2,757,modular,8,w,img/target_2.png
58,2,758,modular,7,e,img/target_3.png
58,2,759,modular,6,o,img/target_9.png
58,2,760,modular,9,i,img/target_8.png
58,2,761,modular,0,p,img/target_10.png
58,2,762,modular,9,i,img/target_8.png
58,2,763,modular,0,p,img/target_10.png
58,2,764,modular,1,q,img/target_1.png
58,2,765,modular,2,u,img/target_7.png
58,2,766,modular,1,q,img/target_1.png
58,2,767,modular,4,b,img/target_6.png
58,2,768,modular,2,u,img/target_7.png
58,2,769,modular,1,q,img/target_1.png
58,2,770,modular,2,u,img/target_7.png
58,2,771,modular,0,p,img/target_10.png
58,2,772,modular,3,r,img/target_4.png
58,2,773,modular,1,q,img/target_1.png
58,2,774,modular,3,r,img/target_4.png
58,2,775,modular,0,p,img/target_10.png
58,2,776,modular,9,i,img/target_8.png
58,2,777,modular,8,w,img/target_2.png
58,2,778,modular,9,i,img/target_8.png
58,2,779,modular,7,e,img/target_3.png
58,2,780,modular,9,i,img/target_8.png
58,2,781,modular,0,p,img/target_10.png
58,2,782,modular,2,u,img/target_7.png
58,2,783,modular,3,r,img/target_4.png
58,2,784,modular,1,q,img/target_1.png
58,2,785,modular,4,b,img/target_6.png
58,2,786,modular,1,q,img/target_1.png
58,2,787,modular,2,u,img/target_7.png
58,2,788,modular,1,q,img/target_1.png
58,2,789,modular,4,b,img/target_6.png
58,2,790,modular,5,v,img/target_5.png
58,2,791,modular,6,o,img/target_9.png
58,2,792,modular,8,w,img/target_2.png
58,2,793,modular,5,v,img/target_5.png
58,2,794,modular,6,o,img/target_9.png
58,2,795,modular,8,w,img/target_2.png
58,2,796,modular,7,e,img/target_3.png
58,2,797,modular,9,i,img/target_8.png
58,2,798,modular,6,o,img/target_9.png
58,2,799,modular,9,i,img/target_8.png
58,2,800,modular,0,p,img/target_10.png
58,2,801,modular,9,i,img/target_8.png
58,2,802,modular,7,e,img/target_3.png
58,2,803,modular,5,v,img/target_5.png
58,2,804,modular,4,b,img/target_6.png
58,2,805,modular,3,r,img/target_4.png
58,2,806,modular,4,b,img/target_6.png
58,2,807,modular,3,r,img/target_4.png
58,2,808,modular,2,u,img/target_7.png
58,2,809,modular,3,r,img/target_4.png
58,2,810,modular,2,u,img/target_7.png
58,2,811,modular,0,p,img/target_10.png
58,2,812,modular,3,r,img/target_4.png
58,2,813,modular,1,q,img/target_1.png
58,2,814,modular,0,p,img/target_10.png
58,2,815,modular,1,q,img/target_1.png
58,2,816,modular,3,r,img/target_4.png
58,2,817,modular,2,u,img/target_7.png
58,2,818,modular,0,p,img/target_10.png
58,2,819,modular,1,q,img/target_1.png
58,2,820,modular,0,p,img/target_10.png
58,2,821,modular,1,q,img/target_1.png
58,2,822,modular,0,p,img/target_10.png
58,2,823,modular,9,i,img/target_8.png
58,2,824,modular,0,p,img/target_10.png
58,2,825,modular,2,u,img/target_7.png
58,2,826,modular,3,r,img/target_4.png
58,2,827,modular,1,q,img/target_1.png
58,2,828,modular,0,p,img/target_10.png
58,2,829,modular,3,r,img/target_4.png
58,2,830,modular,2,u,img/target_7.png
58,2,831,modular,1,q,img/target_1.png
58,2,832,modular,2,u,img/target_7.png
58,2,833,modular,0,p,img/target_10.png
58,2,834,modular,3,r,img/target_4.png
58,2,835,modular,0,p,img/target_10.png
58,2,836,modular,9,i,img/target_8.png
58,2,837,modular,6,o,img/target_9.png
58,2,838,modular,8,w,img/target_2.png
58,2,839,modular,6,o,img/target_9.png
58,2,840,modular,5,v,img/target_5.png
58,2,841,modular,7,e,img/target_3.png
58,2,842,modular,5,v,img/target_5.png
58,2,843,modular,6,o,img/target_9.png
58,2,844,modular,9,i,img/target_8.png
58,2,845,modular,8,w,img/target_2.png
58,2,846,modular,6,o,img/target_9.png
58,2,847,modular,5,v,img/target_5.png
58,2,848,modular,8,w,img/target_2.png
58,2,849,modular,5,v,img/target_5.png
58,2,850,modular,8,w,img/target_2.png
58,2,851,modular,7,e,img/target_3.png
58,2,852,modular,9,i,img/target_8.png
58,2,853,modular,0,p,img/target_10.png
58,2,854,modular,9,i,img/target_8.png
58,2,855,modular,6,o,img/target_9.png
58,2,856,modular,7,e,img/target_3.png
58,2,857,modular,5,v,img/target_5.png
58,2,858,modular,7,e,img/target_3.png
58,2,859,modular,5,v,img/target_5.png
58,2,860,modular,7,e,img/target_3.png
58,2,861,modular,6,o,img/target_9.png
58,2,862,modular,9,i,img/target_8.png
58,2,863,modular,0,p,img/target_10.png
58,2,864,modular,9,i,img/target_8.png
58,2,865,modular,8,w,img/target_2.png
58,2,866,modular,6,o,img/target_9.png
58,2,867,modular,7,e,img/target_3.png
58,2,868,modular,9,i,img/target_8.png
58,2,869,modular,8,w,img/target_2.png
58,2,870,modular,7,e,img/target_3.png
58,2,871,modular,8,w,img/target_2.png
58,2,872,modular,6,o,img/target_9.png
58,2,873,modular,9,i,img/target_8.png
58,2,874,modular,7,e,img/target_3.png
58,2,875,modular,5,v,img/target_5.png
58,2,876,modular,7,e,img/target_3.png
58,2,877,modular,6,o,img/target_9.png
58,2,878,modular,8,w,img/target_2.png
58,2,879,modular,5,v,img/target_5.png
58,2,880,modular,8,w,img/target_2.png
58,2,881,modular,9,i,img/target_8.png
58,2,882,modular,7,e,img/target_3.png
58,2,883,modular,6,o,img/target_9.png
58,2,884,modular,7,e,img/target_3.png
58,2,885,modular,8,w,img/target_2.png
58,2,886,modular,7,e,img/target_3.png
58,2,887,modular,8,w,img/target_2.png
58,2,888,modular,5,v,img/target_5.png
58,2,889,modular,4,b,img/target_6.png
58,2,890,modular,3,r,img/target_4.png
58,2,891,modular,0,p,img/target_10.png
58,2,892,modular,3,r,img/target_4.png
58,2,893,modular,1,q,img/target_1.png
58,2,894,modular,4,b,img/target_6.png
58,2,895,modular,1,q,img/target_1.png
58,2,896,modular,0,p,img/target_10.png
58,2,897,modular,2,u,img/target_7.png
58,2,898,modular,4,b,img/target_6.png
58,2,899,modular,1,q,img/target_1.png
58,2,900,modular,0,p,img/target_10.png
58,2,901,modular,1,q,img/target_1.png
58,2,902,modular,3,r,img/target_4.png
58,2,903,modular,2,u,img/target_7.png
58,2,904,modular,3,r,img/target_4.png
58,2,905,modular,0,p,img/target_10.png
58,2,906,modular,2,u,img/target_7.png
58,2,907,modular,1,q,img/target_1.png
58,2,908,modular,3,r,img/target_4.png
58,2,909,modular,0,p,img/target_10.png
58,2,910,modular,3,r,img/target_4.png
58,2,911,modular,0,p,img/target_10.png
58,2,912,modular,9,i,img/target_8.png
58,2,913,modular,6,o,img/target_9.png
58,2,914,modular,5,v,img/target_5.png
58,2,915,modular,7,e,img/target_3.png
58,2,916,modular,6,o,img/target_9.png
58,2,917,modular,8,w,img/target_2.png
58,2,918,modular,5,v,img/target_5.png
58,2,919,modular,6,o,img/target_9.png
58,2,920,modular,5,v,img/target_5.png
58,2,921,modular,7,e,img/target_3.png
58,2,922,modular,9,i,img/target_8.png
58,2,923,modular,0,p,img/target_10.png
58,2,924,modular,9,i,img/target_8.png
58,2,925,modular,6,o,img/target_9.png
58,2,926,modular,8,w,img/target_2.png
58,2,927,modular,9,i,img/target_8.png
58,2,928,modular,8,w,img/target_2.png
58,2,929,modular,9,i,img/target_8.png
58,2,930,modular,8,w,img/target_2.png
58,2,931,modular,6,o,img/target_9.png
58,2,932,modular,8,w,img/target_2.png
58,2,933,modular,7,e,img/target_3.png
58,2,934,modular,5,v,img/target_5.png
58,2,935,modular,8,w,img/target_2.png
58,2,936,modular,7,e,img/target_3.png
58,2,937,modular,8,w,img/target_2.png
58,2,938,modular,9,i,img/target_8.png
58,2,939,modular,6,o,img/target_9.png
58,2,940,modular,7,e,img/target_3.png
58,2,941,modular,9,i,img/target_8.png
58,2,942,modular,8,w,img/target_2.png
58,2,943,modular,6,o,img/target_9.png
58,2,944,modular,8,w,img/target_2.png
58,2,945,modular,6,o,img/target_9.png
58,2,946,modular,8,w,img/target_2.png
58,2,947,modular,6,o,img/target_9.png
58,2,948,modular,9,i,img/target_8.png
58,2,949,modular,8,w,img/target_2.png
58,2,950,modular,9,i,img/target_8.png
58,2,951,modular,8,w,img/target_2.png
58,2,952,modular,5,v,img/target_5.png
58,2,953,modular,7,e,img/target_3.png
58,2,954,modular,6,o,img/target_9.png
58,2,955,modular,8,w,img/target_2.png
58,2,956,modular,5,v,img/target_5.png
58,2,957,modular,4,b,img/target_6.png
58,2,958,modular,2,u,img/target_7.png
58,2,959,modular,4,b,img/target_6.png
58,2,960,modular,5,v,img/target_5.png
58,2,961,modular,8,w,img/target_2.png
58,2,962,modular,6,o,img/target_9.png
58,2,963,modular,9,i,img/target_8.png
58,2,964,modular,0,p,img/target_10.png
58,2,965,modular,1,q,img/target_1.png
58,2,966,modular,4,b,img/target_6.png
58,2,967,modular,5,v,img/target_5.png
58,2,968,modular,8,w,img/target_2.png
58,2,969,modular,9,i,img/target_8.png
58,2,970,modular,0,p,img/target_10.png
58,2,971,modular,1,q,img/target_1.png
58,2,972,modular,3,r,img/target_4.png
58,2,973,modular,1,q,img/target_1.png
58,2,974,modular,0,p,img/target_10.png
58,2,975,modular,1,q,img/target_1.png
58,2,976,modular,3,r,img/target_4.png
58,2,977,modular,2,u,img/target_7.png
58,2,978,modular,0,p,img/target_10.png
58,2,979,modular,3,r,img/target_4.png
58,2,980,modular,2,u,img/target_7.png
58,2,981,modular,4,b,img/target_6.png
58,2,982,modular,1,q,img/target_1.png
58,2,983,modular,2,u,img/target_7.png
58,2,984,modular,3,r,img/target_4.png
58,2,985,modular,4,b,img/target_6.png
58,2,986,modular,3,r,img/target_4.png
58,2,987,modular,4,b,img/target_6.png
58,2,988,modular,3,r,img/target_4.png
58,2,989,modular,0,p,img/target_10.png
58,2,990,modular,9,i,img/target_8.png
58,2,991,modular,0,p,img/target_10.png
58,2,992,modular,3,r,img/target_4.png
58,2,993,modular,2,u,img/target_7.png
58,2,994,modular,4,b,img/target_6.png
58,2,995,modular,3,r,img/target_4.png
58,2,996,modular,0,p,img/target_10.png
58,2,997,modular,9,i,img/target_8.png
58,2,998,modular,7,e,img/target_3.png
58,2,999,modular,8,w,img/target_2.png
58,2,1000,modular,7,e,img/target_3.png
