pID,sess,trialNum,graph,walk,resp,path
58,3,1,modular,8,w,img/target_2.png
58,3,2,modular,6,o,img/target_9.png
58,3,3,modular,8,w,img/target_2.png
58,3,4,modular,7,e,img/target_3.png
58,3,5,modular,6,o,img/target_9.png
58,3,6,modular,8,w,img/target_2.png
58,3,7,modular,5,v,img/target_5.png
58,3,8,modular,7,e,img/target_3.png
58,3,9,modular,8,w,img/target_2.png
58,3,10,modular,9,i,img/target_8.png
58,3,11,modular,0,p,img/target_10.png
58,3,12,modular,9,i,img/target_8.png
58,3,13,modular,6,o,img/target_9.png
58,3,14,modular,9,i,img/target_8.png
58,3,15,modular,8,w,img/target_2.png
58,3,16,modular,7,e,img/target_3.png
58,3,17,modular,6,o,img/target_9.png
58,3,18,modular,7,e,img/target_3.png
58,3,19,modular,6,o,img/target_9.png
58,3,20,modular,5,v,img/target_5.png
58,3,21,modular,4,b,img/target_6.png
58,3,22,modular,1,q,img/target_1.png
58,3,23,modular,0,p,img/target_10.png
58,3,24,modular,3,r,img/target_4.png
58,3,25,modular,1,q,img/target_1.png
58,3,26,modular,3,r,img/target_4.png
58,3,27,modular,4,b,img/target_6.png
58,3,28,modular,5,v,img/target_5.png
58,3,29,modular,6,o,img/target_9.png
58,3,30,modular,8,w,img/target_2.png
58,3,31,modular,5,v,img/target_5.png
58,3,32,modular,7,e,img/target_3.png
58,3,33,modular,5,v,img/target_5.png
58,3,34,modular,7,e,img/target_3.png
58,3,35,modular,8,w,img/target_2.png
58,3,36,modular,7,e,img/target_3.png
58,3,37,modular,5,v,img/target_5.png
58,3,38,modular,4,b,img/target_6.png
58,3,39,modular,1,q,img/target_1.png
58,3,40,modular,4,b,img/target_6.png
58,3,41,modular,2,u,img/target_7.png
58,3,42,modular,0,p,img/target_10.png
58,3,43,modular,1,q,img/target_1.png
58,3,44,modular,2,u,img/target_7.png
58,3,45,modular,0,p,img/target_10.png
58,3,46,modular,1,q,img/target_1.png
58,3,47,modular,4,b,img/target_6.png
58,3,48,modular,5,v,img/target_5.png
58,3,49,modular,6,o,img/target_9.png
58,3,50,modular,7,e,img/target_3.png
58,3,51,modular,6,o,img/target_9.png
58,3,52,modular,8,w,img/target_2.png
58,3,53,modular,7,e,img/target_3.png
58,3,54,modular,9,i,img/target_8.png
58,3,55,modular,7,e,img/target_3.png
58,3,56,modular,5,v,img/target_5.png
58,3,57,modular,4,b,img/target_6.png
58,3,58,modular,1,q,img/target_1.png
58,3,59,modular,0,p,img/target_10.png
58,3,60,modular,2,u,img/target_7.png
58,3,61,modular,3,r,img/target_4.png
58,3,62,modular,0,p,img/target_10.png
58,3,63,modular,9,i,img/target_8.png
58,3,64,modular,0,p,img/target_10.png
58,3,65,modular,9,i,img/target_8.png
58,3,66,modular,7,e,img/target_3.png
58,3,67,modular,9,i,img/target_8.png
58,3,68,modular,8,w,img/target_2.png
58,3,69,modular,9,i,img/target_8.png
58,3,70,modular,8,w,img/target_2.png
58,3,71,modular,7,e,img/target_3.png
58,3,72,modular,8,w,img/target_2.png
58,3,73,modular,6,o,img/target_9.png
58,3,74,modular,7,e,img/target_3.png
58,3,75,modular,9,i,img/target_8.png
58,3,76,modular,7,e,img/target_3.png
58,3,77,modular,6,o,img/target_9.png
58,3,78,modular,7,e,img/target_3.png
58,3,79,modular,9,i,img/target_8.png
58,3,80,modular,8,w,img/target_2.png
58,3,81,modular,6,o,img/target_9.png
58,3,82,modular,5,v,img/target_5.png
58,3,83,modular,7,e,img/target_3.png
58,3,84,modular,8,w,img/target_2.png
58,3,85,modular,6,o,img/target_9.png
58,3,86,modular,7,e,img/target_3.png
58,3,87,modular,8,w,img/target_2.png
58,3,88,modular,6,o,img/target_9.png
58,3,89,modular,9,i,img/target_8.png
58,3,90,modular,0,p,img/target_10.png
58,3,91,modular,3,r,img/target_4.png
58,3,92,modular,2,u,img/target_7.png
58,3,93,modular,4,b,img/target_6.png
58,3,94,modular,3,r,img/target_4.png
58,3,95,modular,2,u,img/target_7.png
58,3,96,modular,4,b,img/target_6.png
58,3,97,modular,3,r,img/target_4.png
58,3,98,modular,4,b,img/target_6.png
58,3,99,modular,5,v,img/target_5.png
58,3,100,modular,7,e,img/target_3.png
58,3,101,modular,5,v,img/target_5.png
58,3,102,modular,7,e,img/target_3.png
58,3,103,modular,5,v,img/target_5.png
58,3,104,modular,7,e,img/target_3.png
58,3,105,modular,6,o,img/target_9.png
58,3,106,modular,9,i,img/target_8.png
58,3,107,modular,6,o,img/target_9.png
58,3,108,modular,7,e,img/target_3.png
58,3,109,modular,5,v,img/target_5.png
58,3,110,modular,4,b,img/target_6.png
58,3,111,modular,3,r,img/target_4.png
58,3,112,modular,1,q,img/target_1.png
58,3,113,modular,4,b,img/target_6.png
58,3,114,modular,2,u,img/target_7.png
58,3,115,modular,4,b,img/target_6.png
58,3,116,modular,2,u,img/target_7.png
58,3,117,modular,3,r,img/target_4.png
58,3,118,modular,1,q,img/target_1.png
58,3,119,modular,4,b,img/target_6.png
58,3,120,modular,5,v,img/target_5.png
58,3,121,modular,6,o,img/target_9.png
58,3,122,modular,9,i,img/target_8.png
58,3,123,modular,6,o,img/target_9.png
58,3,124,modular,5,v,img/target_5.png
58,3,125,modular,6,o,img/target_9.png
58,3,126,modular,5,v,img/target_5.png
58,3,127,modular,4,b,img/target_6.png
58,3,128,modular,3,r,img/target_4.png
58,3,129,modular,2,u,img/target_7.png
58,3,130,modular,0,p,img/target_10.png
58,3,131,modular,1,q,img/target_1.png
58,3,132,modular,0,p,img/target_10.png
58,3,133,modular,3,r,img/target_4.png
58,3,134,modular,4,b,img/target_6.png
58,3,135,modular,3,r,img/target_4.png
58,3,136,modular,2,u,img/target_7.png
58,3,137,modular,0,p,img/target_10.png
58,3,138,modular,9,i,img/target_8.png
58,3,139,modular,0,p,img/target_10.png
58,3,140,modular,2,u,img/target_7.png
58,3,141,modular,4,b,img/target_6.png
58,3,142,modular,3,r,img/target_4.png
58,3,143,modular,0,p,img/target_10.png
58,3,144,modular,9,i,img/target_8.png
58,3,145,modular,0,p,img/target_10.png
58,3,146,modular,9,i,img/target_8.png
58,3,147,modular,8,w,img/target_2.png
58,3,148,modular,5,v,img/target_5.png
58,3,149,modular,7,e,img/target_3.png
58,3,150,modular,6,o,img/target_9.png
58,3,151,modular,5,v,img/target_5.png
58,3,152,modular,8,w,img/target_2.png
58,3,153,modular,6,o,img/target_9.png
58,3,154,modular,7,e,img/target_3.png
58,3,155,modular,9,i,img/target_8.png
58,3,156,modular,7,e,img/target_3.png
58,3,157,modular,8,w,img/target_2.png
58,3,158,modular,6,o,img/target_9.png
58,3,159,modular,9,i,img/target_8.png
58,3,160,modular,7,e,img/target_3.png
58,3,161,modular,6,o,img/target_9.png
58,3,162,modular,5,v,img/target_5.png
58,3,163,modular,8,w,img/target_2.png
58,3,164,modular,5,v,img/target_5.png
58,3,165,modular,7,e,img/target_3.png
58,3,166,modular,6,o,img/target_9.png
58,3,167,modular,8,w,img/target_2.png
58,3,168,modular,7,e,img/target_3.png
58,3,169,modular,6,o,img/target_9.png
58,3,170,modular,8,w,img/target_2.png
58,3,171,modular,5,v,img/target_5.png
58,3,172,modular,7,e,img/target_3.png
58,3,173,modular,6,o,img/target_9.png
58,3,174,modular,5,v,img/target_5.png
58,3,175,modular,6,o,img/target_9.png
58,3,176,modular,5,v,img/target_5.png
58,3,177,modular,4,b,img/target_6.png
58,3,178,modular,5,v,img/target_5.png
58,3,179,modular,4,b,img/target_6.png
58,3,180,modular,5,v,img/target_5.png
58,3,181,modular,7,e,img/target_3.png
58,3,182,modular,6,o,img/target_9.png
58,3,183,modular,7,e,img/target_3.png
58,3,184,modular,5,v,img/target_5.png
58,3,185,modular,7,e,img/target_3.png
58,3,186,modular,6,o,img/target_9.png
58,3,187,modular,7,e,img/target_3.png
58,3,188,modular,9,i,img/target_8.png
58,3,189,modular,8,w,img/target_2.png
58,3,190,modular,7,e,img/target_3.png
58,3,191,modular,5,v,img/target_5.png
58,3,192,modular,6,o,img/target_9.png
58,3,193,modular,8,w,img/target_2.png
58,3,194,modular,7,e,img/target_3.png
58,3,195,modular,6,o,img/target_9.png
58,3,196,modular,5,v,img/target_5.png
58,3,197,modular,7,e,img/target_3.png
58,3,198,modular,8,w,img/target_2.png
58,3,199,modular,9,i,img/target_8.png
58,3,200,modular,7,e,img/target_3.png
58,3,201,modular,9,i,img/target_8.png
58,3,202,modular,8,w,img/target_2.png
58,3,203,modular,6,o,img/target_9.png
58,3,204,modular,5,v,img/target_5.png
58,3,205,modular,8,w,img/target_2.png
58,3,206,modular,6,o,img/target_9.png
58,3,207,modular,7,e,img/target_3.png
58,3,208,modular,9,i,img/target_8.png
58,3,209,modular,0,p,img/target_10.png
58,3,210,modular,2,u,img/target_7.png
58,3,211,modular,3,r,img/target_4.png
58,3,212,modular,4,b,img/target_6.png
58,3,213,modular,5,v,img/target_5.png
58,3,214,modular,8,w,img/target_2.png
58,3,215,modular,6,o,img/target_9.png
58,3,216,modular,9,i,img/target_8.png
58,3,217,modular,7,e,img/target_3.png
58,3,218,modular,9,i,img/target_8.png
58,3,219,modular,8,w,img/target_2.png
58,3,220,modular,9,i,img/target_8.png
58,3,221,modular,0,p,img/target_10.png
58,3,222,modular,3,r,img/target_4.png
58,3,223,modular,0,p,img/target_10.png
58,3,224,modular,1,q,img/target_1.png
58,3,225,modular,4,b,img/target_6.png
58,3,226,modular,3,r,img/target_4.png
58,3,227,modular,1,q,img/target_1.png
58,3,228,modular,3,r,img/target_4.png
58,3,229,modular,0,p,img/target_10.png
58,3,230,modular,3,r,img/target_4.png
58,3,231,modular,0,p,img/target_10.png
58,3,232,modular,9,i,img/target_8.png
58,3,233,modular,0,p,img/target_10.png
58,3,234,modular,3,r,img/target_4.png
58,3,235,modular,1,q,img/target_1.png
58,3,236,modular,2,u,img/target_7.png
58,3,237,modular,1,q,img/target_1.png
58,3,238,modular,3,r,img/target_4.png
58,3,239,modular,2,u,img/target_7.png
58,3,240,modular,3,r,img/target_4.png
58,3,241,modular,2,u,img/target_7.png
58,3,242,modular,3,r,img/target_4.png
58,3,243,modular,0,p,img/target_10.png
58,3,244,modular,2,u,img/target_7.png
58,3,245,modular,3,r,img/target_4.png
58,3,246,modular,4,b,img/target_6.png
58,3,247,modular,5,v,img/target_5.png
58,3,248,modular,8,w,img/target_2.png
58,3,249,modular,9,i,img/target_8.png
58,3,250,modular,7,e,img/target_3.png
58,3,251,modular,8,w,img/target_2.png
58,3,252,modular,6,o,img/target_9.png
58,3,253,modular,5,v,img/target_5.png
58,3,254,modular,4,b,img/target_6.png
58,3,255,modular,3,r,img/target_4.png
58,3,256,modular,4,b,img/target_6.png
58,3,257,modular,3,r,img/target_4.png
58,3,258,modular,4,b,img/target_6.png
58,3,259,modular,1,q,img/target_1.png
58,3,260,modular,2,u,img/target_7.png
58,3,261,modular,4,b,img/target_6.png
58,3,262,modular,2,u,img/target_7.png
58,3,263,modular,4,b,img/target_6.png
58,3,264,modular,3,r,img/target_4.png
58,3,265,modular,2,u,img/target_7.png
58,3,266,modular,4,b,img/target_6.png
58,3,267,modular,2,u,img/target_7.png
58,3,268,modular,1,q,img/target_1.png
58,3,269,modular,4,b,img/target_6.png
58,3,270,modular,3,r,img/target_4.png
58,3,271,modular,2,u,img/target_7.png
58,3,272,modular,4,b,img/target_6.png
58,3,273,modular,2,u,img/target_7.png
58,3,274,modular,4,b,img/target_6.png
58,3,275,modular,2,u,img/target_7.png
58,3,276,modular,0,p,img/target_10.png
58,3,277,modular,1,q,img/target_1.png
58,3,278,modular,3,r,img/target_4.png
58,3,279,modular,1,q,img/target_1.png
58,3,280,modular,3,r,img/target_4.png
58,3,281,modular,4,b,img/target_6.png
58,3,282,modular,1,q,img/target_1.png
58,3,283,modular,4,b,img/target_6.png
58,3,284,modular,1,q,img/target_1.png
58,3,285,modular,3,r,img/target_4.png
58,3,286,modular,2,u,img/target_7.png
58,3,287,modular,3,r,img/target_4.png
58,3,288,modular,1,q,img/target_1.png
58,3,289,modular,4,b,img/target_6.png
58,3,290,modular,2,u,img/target_7.png
58,3,291,modular,3,r,img/target_4.png
58,3,292,modular,2,u,img/target_7.png
58,3,293,modular,3,r,img/target_4.png
58,3,294,modular,0,p,img/target_10.png
58,3,295,modular,3,r,img/target_4.png
58,3,296,modular,0,p,img/target_10.png
58,3,297,modular,2,u,img/target_7.png
58,3,298,modular,1,q,img/target_1.png
58,3,299,modular,0,p,img/target_10.png
58,3,300,modular,9,i,img/target_8.png
58,3,301,modular,8,w,img/target_2.png
58,3,302,modular,9,i,img/target_8.png
58,3,303,modular,7,e,img/target_3.png
58,3,304,modular,9,i,img/target_8.png
58,3,305,modular,6,o,img/target_9.png
58,3,306,modular,9,i,img/target_8.png
58,3,307,modular,8,w,img/target_2.png
58,3,308,modular,6,o,img/target_9.png
58,3,309,modular,5,v,img/target_5.png
58,3,310,modular,8,w,img/target_2.png
58,3,311,modular,9,i,img/target_8.png
58,3,312,modular,6,o,img/target_9.png
58,3,313,modular,5,v,img/target_5.png
58,3,314,modular,4,b,img/target_6.png
58,3,315,modular,2,u,img/target_7.png
58,3,316,modular,3,r,img/target_4.png
58,3,317,modular,2,u,img/target_7.png
58,3,318,modular,4,b,img/target_6.png
58,3,319,modular,1,q,img/target_1.png
58,3,320,modular,0,p,img/target_10.png
58,3,321,modular,3,r,img/target_4.png
58,3,322,modular,4,b,img/target_6.png
58,3,323,modular,1,q,img/target_1.png
58,3,324,modular,2,u,img/target_7.png
58,3,325,modular,1,q,img/target_1.png
58,3,326,modular,3,r,img/target_4.png
58,3,327,modular,1,q,img/target_1.png
58,3,328,modular,0,p,img/target_10.png
58,3,329,modular,3,r,img/target_4.png
58,3,330,modular,1,q,img/target_1.png
58,3,331,modular,3,r,img/target_4.png
58,3,332,modular,0,p,img/target_10.png
58,3,333,modular,1,q,img/target_1.png
58,3,334,modular,2,u,img/target_7.png
58,3,335,modular,4,b,img/target_6.png
58,3,336,modular,2,u,img/target_7.png
58,3,337,modular,3,r,img/target_4.png
58,3,338,modular,0,p,img/target_10.png
58,3,339,modular,3,r,img/target_4.png
58,3,340,modular,1,q,img/target_1.png
58,3,341,modular,3,r,img/target_4.png
58,3,342,modular,4,b,img/target_6.png
58,3,343,modular,3,r,img/target_4.png
58,3,344,modular,0,p,img/target_10.png
58,3,345,modular,1,q,img/target_1.png
58,3,346,modular,2,u,img/target_7.png
58,3,347,modular,0,p,img/target_10.png
58,3,348,modular,3,r,img/target_4.png
58,3,349,modular,0,p,img/target_10.png
58,3,350,modular,9,i,img/target_8.png
58,3,351,modular,7,e,img/target_3.png
58,3,352,modular,9,i,img/target_8.png
58,3,353,modular,6,o,img/target_9.png
58,3,354,modular,7,e,img/target_3.png
58,3,355,modular,6,o,img/target_9.png
58,3,356,modular,9,i,img/target_8.png
58,3,357,modular,0,p,img/target_10.png
58,3,358,modular,1,q,img/target_1.png
58,3,359,modular,2,u,img/target_7.png
58,3,360,modular,1,q,img/target_1.png
58,3,361,modular,3,r,img/target_4.png
58,3,362,modular,0,p,img/target_10.png
58,3,363,modular,1,q,img/target_1.png
58,3,364,modular,0,p,img/target_10.png
58,3,365,modular,9,i,img/target_8.png
58,3,366,modular,8,w,img/target_2.png
58,3,367,modular,6,o,img/target_9.png
58,3,368,modular,9,i,img/target_8.png
58,3,369,modular,0,p,img/target_10.png
58,3,370,modular,3,r,img/target_4.png
58,3,371,modular,1,q,img/target_1.png
58,3,372,modular,0,p,img/target_10.png
58,3,373,modular,1,q,img/target_1.png
58,3,374,modular,3,r,img/target_4.png
58,3,375,modular,0,p,img/target_10.png
58,3,376,modular,3,r,img/target_4.png
58,3,377,modular,2,u,img/target_7.png
58,3,378,modular,3,r,img/target_4.png
58,3,379,modular,0,p,img/target_10.png
58,3,380,modular,3,r,img/target_4.png
58,3,381,modular,0,p,img/target_10.png
58,3,382,modular,9,i,img/target_8.png
58,3,383,modular,6,o,img/target_9.png
58,3,384,modular,7,e,img/target_3.png
58,3,385,modular,9,i,img/target_8.png
58,3,386,modular,8,w,img/target_2.png
58,3,387,modular,9,i,img/target_8.png
58,3,388,modular,6,o,img/target_9.png
58,3,389,modular,8,w,img/target_2.png
58,3,390,modular,9,i,img/target_8.png
58,3,391,modular,7,e,img/target_3.png
58,3,392,modular,8,w,img/target_2.png
58,3,393,modular,7,e,img/target_3.png
58,3,394,modular,6,o,img/target_9.png
58,3,395,modular,5,v,img/target_5.png
58,3,396,modular,4,b,img/target_6.png
58,3,397,modular,1,q,img/target_1.png
58,3,398,modular,4,b,img/target_6.png
58,3,399,modular,3,r,img/target_4.png
58,3,400,modular,0,p,img/target_10.png
58,3,401,modular,1,q,img/target_1.png
58,3,402,modular,3,r,img/target_4.png
58,3,403,modular,1,q,img/target_1.png
58,3,404,modular,3,r,img/target_4.png
58,3,405,modular,2,u,img/target_7.png
58,3,406,modular,3,r,img/target_4.png
58,3,407,modular,4,b,img/target_6.png
58,3,408,modular,1,q,img/target_1.png
58,3,409,modular,3,r,img/target_4.png
58,3,410,modular,1,q,img/target_1.png
58,3,411,modular,2,u,img/target_7.png
58,3,412,modular,4,b,img/target_6.png
58,3,413,modular,5,v,img/target_5.png
58,3,414,modular,7,e,img/target_3.png
58,3,415,modular,5,v,img/target_5.png
58,3,416,modular,8,w,img/target_2.png
58,3,417,modular,9,i,img/target_8.png
58,3,418,modular,7,e,img/target_3.png
58,3,419,modular,8,w,img/target_2.png
58,3,420,modular,6,o,img/target_9.png
58,3,421,modular,7,e,img/target_3.png
58,3,422,modular,8,w,img/target_2.png
58,3,423,modular,7,e,img/target_3.png
58,3,424,modular,6,o,img/target_9.png
58,3,425,modular,8,w,img/target_2.png
58,3,426,modular,6,o,img/target_9.png
58,3,427,modular,8,w,img/target_2.png
58,3,428,modular,5,v,img/target_5.png
58,3,429,modular,6,o,img/target_9.png
58,3,430,modular,8,w,img/target_2.png
58,3,431,modular,9,i,img/target_8.png
58,3,432,modular,0,p,img/target_10.png
58,3,433,modular,3,r,img/target_4.png
58,3,434,modular,0,p,img/target_10.png
58,3,435,modular,1,q,img/target_1.png
58,3,436,modular,2,u,img/target_7.png
58,3,437,modular,4,b,img/target_6.png
58,3,438,modular,1,q,img/target_1.png
58,3,439,modular,4,b,img/target_6.png
58,3,440,modular,3,r,img/target_4.png
58,3,441,modular,4,b,img/target_6.png
58,3,442,modular,1,q,img/target_1.png
58,3,443,modular,4,b,img/target_6.png
58,3,444,modular,1,q,img/target_1.png
58,3,445,modular,0,p,img/target_10.png
58,3,446,modular,3,r,img/target_4.png
58,3,447,modular,4,b,img/target_6.png
58,3,448,modular,5,v,img/target_5.png
58,3,449,modular,4,b,img/target_6.png
58,3,450,modular,1,q,img/target_1.png
58,3,451,modular,0,p,img/target_10.png
58,3,452,modular,3,r,img/target_4.png
58,3,453,modular,0,p,img/target_10.png
58,3,454,modular,3,r,img/target_4.png
58,3,455,modular,2,u,img/target_7.png
58,3,456,modular,0,p,img/target_10.png
58,3,457,modular,3,r,img/target_4.png
58,3,458,modular,4,b,img/target_6.png
58,3,459,modular,2,u,img/target_7.png
58,3,460,modular,4,b,img/target_6.png
58,3,461,modular,3,r,img/target_4.png
58,3,462,modular,1,q,img/target_1.png
58,3,463,modular,4,b,img/target_6.png
58,3,464,modular,3,r,img/target_4.png
58,3,465,modular,0,p,img/target_10.png
58,3,466,modular,3,r,img/target_4.png
58,3,467,modular,4,b,img/target_6.png
58,3,468,modular,1,q,img/target_1.png
58,3,469,modular,4,b,img/target_6.png
58,3,470,modular,2,u,img/target_7.png
58,3,471,modular,4,b,img/target_6.png
58,3,472,modular,2,u,img/target_7.png
58,3,473,modular,1,q,img/target_1.png
58,3,474,modular,3,r,img/target_4.png
58,3,475,modular,4,b,img/target_6.png
58,3,476,modular,1,q,img/target_1.png
58,3,477,modular,2,u,img/target_7.png
58,3,478,modular,4,b,img/target_6.png
58,3,479,modular,3,r,img/target_4.png
58,3,480,modular,0,p,img/target_10.png
58,3,481,modular,2,u,img/target_7.png
58,3,482,modular,3,r,img/target_4.png
58,3,483,modular,2,u,img/target_7.png
58,3,484,modular,3,r,img/target_4.png
58,3,485,modular,1,q,img/target_1.png
58,3,486,modular,0,p,img/target_10.png
58,3,487,modular,9,i,img/target_8.png
58,3,488,modular,6,o,img/target_9.png
58,3,489,modular,8,w,img/target_2.png
58,3,490,modular,6,o,img/target_9.png
58,3,491,modular,5,v,img/target_5.png
58,3,492,modular,7,e,img/target_3.png
58,3,493,modular,5,v,img/target_5.png
58,3,494,modular,6,o,img/target_9.png
58,3,495,modular,7,e,img/target_3.png
58,3,496,modular,9,i,img/target_8.png
58,3,497,modular,6,o,img/target_9.png
58,3,498,modular,9,i,img/target_8.png
58,3,499,modular,7,e,img/target_3.png
58,3,500,modular,6,o,img/target_9.png
58,3,501,modular,7,e,img/target_3.png
58,3,502,modular,6,o,img/target_9.png
58,3,503,modular,8,w,img/target_2.png
58,3,504,modular,5,v,img/target_5.png
58,3,505,modular,6,o,img/target_9.png
58,3,506,modular,5,v,img/target_5.png
58,3,507,modular,8,w,img/target_2.png
58,3,508,modular,6,o,img/target_9.png
58,3,509,modular,8,w,img/target_2.png
58,3,510,modular,9,i,img/target_8.png
58,3,511,modular,8,w,img/target_2.png
58,3,512,modular,7,e,img/target_3.png
58,3,513,modular,6,o,img/target_9.png
58,3,514,modular,8,w,img/target_2.png
58,3,515,modular,5,v,img/target_5.png
58,3,516,modular,6,o,img/target_9.png
58,3,517,modular,7,e,img/target_3.png
58,3,518,modular,6,o,img/target_9.png
58,3,519,modular,5,v,img/target_5.png
58,3,520,modular,8,w,img/target_2.png
58,3,521,modular,7,e,img/target_3.png
58,3,522,modular,5,v,img/target_5.png
58,3,523,modular,7,e,img/target_3.png
58,3,524,modular,5,v,img/target_5.png
58,3,525,modular,7,e,img/target_3.png
58,3,526,modular,9,i,img/target_8.png
58,3,527,modular,7,e,img/target_3.png
58,3,528,modular,8,w,img/target_2.png
58,3,529,modular,6,o,img/target_9.png
58,3,530,modular,7,e,img/target_3.png
58,3,531,modular,5,v,img/target_5.png
58,3,532,modular,4,b,img/target_6.png
58,3,533,modular,5,v,img/target_5.png
58,3,534,modular,6,o,img/target_9.png
58,3,535,modular,9,i,img/target_8.png
58,3,536,modular,0,p,img/target_10.png
58,3,537,modular,1,q,img/target_1.png
58,3,538,modular,3,r,img/target_4.png
58,3,539,modular,1,q,img/target_1.png
58,3,540,modular,0,p,img/target_10.png
58,3,541,modular,9,i,img/target_8.png
58,3,542,modular,0,p,img/target_10.png
58,3,543,modular,1,q,img/target_1.png
58,3,544,modular,3,r,img/target_4.png
58,3,545,modular,4,b,img/target_6.png
58,3,546,modular,2,u,img/target_7.png
58,3,547,modular,1,q,img/target_1.png
58,3,548,modular,3,r,img/target_4.png
58,3,549,modular,1,q,img/target_1.png
58,3,550,modular,2,u,img/target_7.png
58,3,551,modular,4,b,img/target_6.png
58,3,552,modular,5,v,img/target_5.png
58,3,553,modular,4,b,img/target_6.png
58,3,554,modular,5,v,img/target_5.png
58,3,555,modular,8,w,img/target_2.png
58,3,556,modular,7,e,img/target_3.png
58,3,557,modular,9,i,img/target_8.png
58,3,558,modular,7,e,img/target_3.png
58,3,559,modular,8,w,img/target_2.png
58,3,560,modular,9,i,img/target_8.png
58,3,561,modular,0,p,img/target_10.png
58,3,562,modular,3,r,img/target_4.png
58,3,563,modular,4,b,img/target_6.png
58,3,564,modular,3,r,img/target_4.png
58,3,565,modular,2,u,img/target_7.png
58,3,566,modular,3,r,img/target_4.png
58,3,567,modular,2,u,img/target_7.png
58,3,568,modular,0,p,img/target_10.png
58,3,569,modular,2,u,img/target_7.png
58,3,570,modular,0,p,img/target_10.png
58,3,571,modular,1,q,img/target_1.png
58,3,572,modular,0,p,img/target_10.png
58,3,573,modular,9,i,img/target_8.png
58,3,574,modular,7,e,img/target_3.png
58,3,575,modular,8,w,img/target_2.png
58,3,576,modular,9,i,img/target_8.png
58,3,577,modular,6,o,img/target_9.png
58,3,578,modular,7,e,img/target_3.png
58,3,579,modular,5,v,img/target_5.png
58,3,580,modular,7,e,img/target_3.png
58,3,581,modular,8,w,img/target_2.png
58,3,582,modular,9,i,img/target_8.png
58,3,583,modular,6,o,img/target_9.png
58,3,584,modular,7,e,img/target_3.png
58,3,585,modular,6,o,img/target_9.png
58,3,586,modular,5,v,img/target_5.png
58,3,587,modular,6,o,img/target_9.png
58,3,588,modular,5,v,img/target_5.png
58,3,589,modular,7,e,img/target_3.png
58,3,590,modular,9,i,img/target_8.png
58,3,591,modular,7,e,img/target_3.png
58,3,592,modular,5,v,img/target_5.png
58,3,593,modular,7,e,img/target_3.png
58,3,594,modular,9,i,img/target_8.png
58,3,595,modular,6,o,img/target_9.png
58,3,596,modular,7,e,img/target_3.png
58,3,597,modular,6,o,img/target_9.png
58,3,598,modular,8,w,img/target_2.png
58,3,599,modular,9,i,img/target_8.png
58,3,600,modular,7,e,img/target_3.png
58,3,601,modular,9,i,img/target_8.png
58,3,602,modular,6,o,img/target_9.png
58,3,603,modular,9,i,img/target_8.png
58,3,604,modular,8,w,img/target_2.png
58,3,605,modular,6,o,img/target_9.png
58,3,606,modular,7,e,img/target_3.png
58,3,607,modular,6,o,img/target_9.png
58,3,608,modular,5,v,img/target_5.png
58,3,609,modular,4,b,img/target_6.png
58,3,610,modular,5,v,img/target_5.png
58,3,611,modular,4,b,img/target_6.png
58,3,612,modular,1,q,img/target_1.png
58,3,613,modular,2,u,img/target_7.png
58,3,614,modular,1,q,img/target_1.png
58,3,615,modular,2,u,img/target_7.png
58,3,616,modular,3,r,img/target_4.png
58,3,617,modular,2,u,img/target_7.png
58,3,618,modular,0,p,img/target_10.png
58,3,619,modular,9,i,img/target_8.png
58,3,620,modular,0,p,img/target_10.png
58,3,621,modular,1,q,img/target_1.png
58,3,622,modular,2,u,img/target_7.png
58,3,623,modular,3,r,img/target_4.png
58,3,624,modular,4,b,img/target_6.png
58,3,625,modular,5,v,img/target_5.png
58,3,626,modular,6,o,img/target_9.png
58,3,627,modular,7,e,img/target_3.png
58,3,628,modular,6,o,img/target_9.png
58,3,629,modular,8,w,img/target_2.png
58,3,630,modular,5,v,img/target_5.png
58,3,631,modular,7,e,img/target_3.png
58,3,632,modular,6,o,img/target_9.png
58,3,633,modular,9,i,img/target_8.png
58,3,634,modular,7,e,img/target_3.png
58,3,635,modular,9,i,img/target_8.png
58,3,636,modular,7,e,img/target_3.png
58,3,637,modular,5,v,img/target_5.png
58,3,638,modular,6,o,img/target_9.png
58,3,639,modular,8,w,img/target_2.png
58,3,640,modular,6,o,img/target_9.png
58,3,641,modular,7,e,img/target_3.png
58,3,642,modular,9,i,img/target_8.png
58,3,643,modular,8,w,img/target_2.png
58,3,644,modular,7,e,img/target_3.png
58,3,645,modular,5,v,img/target_5.png
58,3,646,modular,4,b,img/target_6.png
58,3,647,modular,2,u,img/target_7.png
58,3,648,modular,3,r,img/target_4.png
58,3,649,modular,0,p,img/target_10.png
58,3,650,modular,2,u,img/target_7.png
58,3,651,modular,1,q,img/target_1.png
58,3,652,modular,0,p,img/target_10.png
58,3,653,modular,1,q,img/target_1.png
58,3,654,modular,2,u,img/target_7.png
58,3,655,modular,1,q,img/target_1.png
58,3,656,modular,4,b,img/target_6.png
58,3,657,modular,2,u,img/target_7.png
58,3,658,modular,4,b,img/target_6.png
58,3,659,modular,5,v,img/target_5.png
58,3,660,modular,7,e,img/target_3.png
58,3,661,modular,9,i,img/target_8.png
58,3,662,modular,0,p,img/target_10.png
58,3,663,modular,3,r,img/target_4.png
58,3,664,modular,4,b,img/target_6.png
58,3,665,modular,3,r,img/target_4.png
58,3,666,modular,4,b,img/target_6.png
58,3,667,modular,5,v,img/target_5.png
58,3,668,modular,7,e,img/target_3.png
58,3,669,modular,6,o,img/target_9.png
58,3,670,modular,5,v,img/target_5.png
58,3,671,modular,6,o,img/target_9.png
58,3,672,modular,7,e,img/target_3.png
58,3,673,modular,5,v,img/target_5.png
58,3,674,modular,4,b,img/target_6.png
58,3,675,modular,2,u,img/target_7.png
58,3,676,modular,0,p,img/target_10.png
58,3,677,modular,3,r,img/target_4.png
58,3,678,modular,0,p,img/target_10.png
58,3,679,modular,3,r,img/target_4.png
58,3,680,modular,4,b,img/target_6.png
58,3,681,modular,3,r,img/target_4.png
58,3,682,modular,0,p,img/target_10.png
58,3,683,modular,2,u,img/target_7.png
58,3,684,modular,3,r,img/target_4.png
58,3,685,modular,2,u,img/target_7.png
58,3,686,modular,1,q,img/target_1.png
58,3,687,modular,2,u,img/target_7.png
58,3,688,modular,4,b,img/target_6.png
58,3,689,modular,3,r,img/target_4.png
58,3,690,modular,1,q,img/target_1.png
58,3,691,modular,4,b,img/target_6.png
58,3,692,modular,1,q,img/target_1.png
58,3,693,modular,3,r,img/target_4.png
58,3,694,modular,0,p,img/target_10.png
58,3,695,modular,1,q,img/target_1.png
58,3,696,modular,2,u,img/target_7.png
58,3,697,modular,4,b,img/target_6.png
58,3,698,modular,2,u,img/target_7.png
58,3,699,modular,4,b,img/target_6.png
58,3,700,modular,3,r,img/target_4.png
58,3,701,modular,1,q,img/target_1.png
58,3,702,modular,4,b,img/target_6.png
58,3,703,modular,5,v,img/target_5.png
58,3,704,modular,4,b,img/target_6.png
58,3,705,modular,5,v,img/target_5.png
58,3,706,modular,6,o,img/target_9.png
58,3,707,modular,5,v,img/target_5.png
58,3,708,modular,7,e,img/target_3.png
58,3,709,modular,8,w,img/target_2.png
58,3,710,modular,6,o,img/target_9.png
58,3,711,modular,5,v,img/target_5.png
58,3,712,modular,8,w,img/target_2.png
58,3,713,modular,9,i,img/target_8.png
58,3,714,modular,8,w,img/target_2.png
58,3,715,modular,9,i,img/target_8.png
58,3,716,modular,6,o,img/target_9.png
58,3,717,modular,8,w,img/target_2.png
58,3,718,modular,9,i,img/target_8.png
58,3,719,modular,7,e,img/target_3.png
58,3,720,modular,8,w,img/target_2.png
58,3,721,modular,5,v,img/target_5.png
58,3,722,modular,8,w,img/target_2.png
58,3,723,modular,5,v,img/target_5.png
58,3,724,modular,7,e,img/target_3.png
58,3,725,modular,8,w,img/target_2.png
58,3,726,modular,5,v,img/target_5.png
58,3,727,modular,8,w,img/target_2.png
58,3,728,modular,7,e,img/target_3.png
58,3,729,modular,6,o,img/target_9.png
58,3,730,modular,5,v,img/target_5.png
58,3,731,modular,6,o,img/target_9.png
58,3,732,modular,8,w,img/target_2.png
58,3,733,modular,6,o,img/target_9.png
58,3,734,modular,5,v,img/target_5.png
58,3,735,modular,7,e,img/target_3.png
58,3,736,modular,8,w,img/target_2.png
58,3,737,modular,5,v,img/target_5.png
58,3,738,modular,4,b,img/target_6.png
58,3,739,modular,5,v,img/target_5.png
58,3,740,modular,7,e,img/target_3.png
58,3,741,modular,8,w,img/target_2.png
58,3,742,modular,5,v,img/target_5.png
58,3,743,modular,6,o,img/target_9.png
58,3,744,modular,7,e,img/target_3.png
58,3,745,modular,5,v,img/target_5.png
58,3,746,modular,8,w,img/target_2.png
58,3,747,modular,9,i,img/target_8.png
58,3,748,modular,0,p,img/target_10.png
58,3,749,modular,9,i,img/target_8.png
58,3,750,modular,7,e,img/target_3.png
58,3,751,modular,6,o,img/target_9.png
58,3,752,modular,5,v,img/target_5.png
58,3,753,modular,7,e,img/target_3.png
58,3,754,modular,8,w,img/target_2.png
58,3,755,modular,7,e,img/target_3.png
58,3,756,modular,5,v,img/target_5.png
58,3,757,modular,6,o,img/target_9.png
58,3,758,modular,8,w,img/target_2.png
58,3,759,modular,5,v,img/target_5.png
58,3,760,modular,8,w,img/target_2.png
58,3,761,modular,6,o,img/target_9.png
58,3,762,modular,7,e,img/target_3.png
58,3,763,modular,6,o,img/target_9.png
58,3,764,modular,9,i,img/target_8.png
58,3,765,modular,8,w,img/target_2.png
58,3,766,modular,7,e,img/target_3.png
58,3,767,modular,5,v,img/target_5.png
58,3,768,modular,6,o,img/target_9.png
58,3,769,modular,7,e,img/target_3.png
58,3,770,modular,6,o,img/target_9.png
58,3,771,modular,9,i,img/target_8.png
58,3,772,modular,0,p,img/target_10.png
58,3,773,modular,1,q,img/target_1.png
58,3,774,modular,3,r,img/target_4.png
58,3,775,modular,1,q,img/target_1.png
58,3,776,modular,3,r,img/target_4.png
58,3,777,modular,1,q,img/target_1.png
58,3,778,modular,2,u,img/target_7.png
58,3,779,modular,3,r,img/target_4.png
58,3,780,modular,2,u,img/target_7.png
58,3,781,modular,0,p,img/target_10.png
58,3,782,modular,9,i,img/target_8.png
58,3,783,modular,7,e,img/target_3.png
58,3,784,modular,6,o,img/target_9.png
58,3,785,modular,5,v,img/target_5.png
58,3,786,modular,6,o,img/target_9.png
58,3,787,modular,7,e,img/target_3.png
58,3,788,modular,5,v,img/target_5.png
58,3,789,modular,4,b,img/target_6.png
58,3,790,modular,5,v,img/target_5.png
58,3,791,modular,7,e,img/target_3.png
58,3,792,modular,8,w,img/target_2.png
58,3,793,modular,7,e,img/target_3.png
58,3,794,modular,8,w,img/target_2.png
58,3,795,modular,9,i,img/target_8.png
58,3,796,modular,7,e,img/target_3.png
58,3,797,modular,8,w,img/target_2.png
58,3,798,modular,7,e,img/target_3.png
58,3,799,modular,6,o,img/target_9.png
58,3,800,modular,7,e,img/target_3.png
58,3,801,modular,5,v,img/target_5.png
58,3,802,modular,6,o,img/target_9.png
58,3,803,modular,5,v,img/target_5.png
58,3,804,modular,7,e,img/target_3.png
58,3,805,modular,5,v,img/target_5.png
58,3,806,modular,6,o,img/target_9.png
58,3,807,modular,7,e,img/target_3.png
58,3,808,modular,8,w,img/target_2.png
58,3,809,modular,6,o,img/target_9.png
58,3,810,modular,9,i,img/target_8.png
58,3,811,modular,6,o,img/target_9.png
58,3,812,modular,5,v,img/target_5.png
58,3,813,modular,6,o,img/target_9.png
58,3,814,modular,5,v,img/target_5.png
58,3,815,modular,7,e,img/target_3.png
58,3,816,modular,8,w,img/target_2.png
58,3,817,modular,5,v,img/target_5.png
58,3,818,modular,6,o,img/target_9.png
58,3,819,modular,7,e,img/target_3.png
58,3,820,modular,9,i,img/target_8.png
58,3,821,modular,6,o,img/target_9.png
58,3,822,modular,5,v,img/target_5.png
58,3,823,modular,6,o,img/target_9.png
58,3,824,modular,8,w,img/target_2.png
58,3,825,modular,5,v,img/target_5.png
58,3,826,modular,7,e,img/target_3.png
58,3,827,modular,5,v,img/target_5.png
58,3,828,modular,7,e,img/target_3.png
58,3,829,modular,5,v,img/target_5.png
58,3,830,modular,8,w,img/target_2.png
58,3,831,modular,6,o,img/target_9.png
58,3,832,modular,5,v,img/target_5.png
58,3,833,modular,7,e,img/target_3.png
58,3,834,modular,8,w,img/target_2.png
58,3,835,modular,5,v,img/target_5.png
58,3,836,modular,4,b,img/target_6.png
58,3,837,modular,2,u,img/target_7.png
58,3,838,modular,0,p,img/target_10.png
58,3,839,modular,3,r,img/target_4.png
58,3,840,modular,4,b,img/target_6.png
58,3,841,modular,3,r,img/target_4.png
58,3,842,modular,1,q,img/target_1.png
58,3,843,modular,4,b,img/target_6.png
58,3,844,modular,2,u,img/target_7.png
58,3,845,modular,3,r,img/target_4.png
58,3,846,modular,2,u,img/target_7.png
58,3,847,modular,0,p,img/target_10.png
58,3,848,modular,2,u,img/target_7.png
58,3,849,modular,1,q,img/target_1.png
58,3,850,modular,2,u,img/target_7.png
58,3,851,modular,1,q,img/target_1.png
58,3,852,modular,2,u,img/target_7.png
58,3,853,modular,1,q,img/target_1.png
58,3,854,modular,2,u,img/target_7.png
58,3,855,modular,1,q,img/target_1.png
58,3,856,modular,4,b,img/target_6.png
58,3,857,modular,2,u,img/target_7.png
58,3,858,modular,0,p,img/target_10.png
58,3,859,modular,1,q,img/target_1.png
58,3,860,modular,3,r,img/target_4.png
58,3,861,modular,4,b,img/target_6.png
58,3,862,modular,5,v,img/target_5.png
58,3,863,modular,6,o,img/target_9.png
58,3,864,modular,5,v,img/target_5.png
58,3,865,modular,6,o,img/target_9.png
58,3,866,modular,5,v,img/target_5.png
58,3,867,modular,6,o,img/target_9.png
58,3,868,modular,9,i,img/target_8.png
58,3,869,modular,0,p,img/target_10.png
58,3,870,modular,1,q,img/target_1.png
58,3,871,modular,2,u,img/target_7.png
58,3,872,modular,1,q,img/target_1.png
58,3,873,modular,4,b,img/target_6.png
58,3,874,modular,1,q,img/target_1.png
58,3,875,modular,4,b,img/target_6.png
58,3,876,modular,5,v,img/target_5.png
58,3,877,modular,7,e,img/target_3.png
58,3,878,modular,8,w,img/target_2.png
58,3,879,modular,6,o,img/target_9.png
58,3,880,modular,9,i,img/target_8.png
58,3,881,modular,7,e,img/target_3.png
58,3,882,modular,5,v,img/target_5.png
58,3,883,modular,4,b,img/target_6.png
58,3,884,modular,5,v,img/target_5.png
58,3,885,modular,7,e,img/target_3.png
58,3,886,modular,5,v,img/target_5.png
58,3,887,modular,4,b,img/target_6.png
58,3,888,modular,2,u,img/target_7.png
58,3,889,modular,3,r,img/target_4.png
58,3,890,modular,1,q,img/target_1.png
58,3,891,modular,4,b,img/target_6.png
58,3,892,modular,5,v,img/target_5.png
58,3,893,modular,8,w,img/target_2.png
58,3,894,modular,5,v,img/target_5.png
58,3,895,modular,6,o,img/target_9.png
58,3,896,modular,9,i,img/target_8.png
58,3,897,modular,8,w,img/target_2.png
58,3,898,modular,6,o,img/target_9.png
58,3,899,modular,5,v,img/target_5.png
58,3,900,modular,7,e,img/target_3.png
58,3,901,modular,8,w,img/target_2.png
58,3,902,modular,9,i,img/target_8.png
58,3,903,modular,6,o,img/target_9.png
58,3,904,modular,5,v,img/target_5.png
58,3,905,modular,4,b,img/target_6.png
58,3,906,modular,2,u,img/target_7.png
58,3,907,modular,1,q,img/target_1.png
58,3,908,modular,2,u,img/target_7.png
58,3,909,modular,1,q,img/target_1.png
58,3,910,modular,0,p,img/target_10.png
58,3,911,modular,3,r,img/target_4.png
58,3,912,modular,0,p,img/target_10.png
58,3,913,modular,2,u,img/target_7.png
58,3,914,modular,4,b,img/target_6.png
58,3,915,modular,5,v,img/target_5.png
58,3,916,modular,7,e,img/target_3.png
58,3,917,modular,6,o,img/target_9.png
58,3,918,modular,7,e,img/target_3.png
58,3,919,modular,5,v,img/target_5.png
58,3,920,modular,8,w,img/target_2.png
58,3,921,modular,6,o,img/target_9.png
58,3,922,modular,8,w,img/target_2.png
58,3,923,modular,7,e,img/target_3.png
58,3,924,modular,6,o,img/target_9.png
58,3,925,modular,9,i,img/target_8.png
58,3,926,modular,7,e,img/target_3.png
58,3,927,modular,5,v,img/target_5.png
58,3,928,modular,4,b,img/target_6.png
58,3,929,modular,3,r,img/target_4.png
58,3,930,modular,0,p,img/target_10.png
58,3,931,modular,2,u,img/target_7.png
58,3,932,modular,3,r,img/target_4.png
58,3,933,modular,0,p,img/target_10.png
58,3,934,modular,9,i,img/target_8.png
58,3,935,modular,0,p,img/target_10.png
58,3,936,modular,3,r,img/target_4.png
58,3,937,modular,4,b,img/target_6.png
58,3,938,modular,1,q,img/target_1.png
58,3,939,modular,3,r,img/target_4.png
58,3,940,modular,1,q,img/target_1.png
58,3,941,modular,4,b,img/target_6.png
58,3,942,modular,2,u,img/target_7.png
58,3,943,modular,0,p,img/target_10.png
58,3,944,modular,9,i,img/target_8.png
58,3,945,modular,8,w,img/target_2.png
58,3,946,modular,6,o,img/target_9.png
58,3,947,modular,9,i,img/target_8.png
58,3,948,modular,8,w,img/target_2.png
58,3,949,modular,9,i,img/target_8.png
58,3,950,modular,8,w,img/target_2.png
58,3,951,modular,6,o,img/target_9.png
58,3,952,modular,7,e,img/target_3.png
58,3,953,modular,6,o,img/target_9.png
58,3,954,modular,9,i,img/target_8.png
58,3,955,modular,8,w,img/target_2.png
58,3,956,modular,5,v,img/target_5.png
58,3,957,modular,8,w,img/target_2.png
58,3,958,modular,9,i,img/target_8.png
58,3,959,modular,0,p,img/target_10.png
58,3,960,modular,3,r,img/target_4.png
58,3,961,modular,0,p,img/target_10.png
58,3,962,modular,3,r,img/target_4.png
58,3,963,modular,0,p,img/target_10.png
58,3,964,modular,9,i,img/target_8.png
58,3,965,modular,8,w,img/target_2.png
58,3,966,modular,9,i,img/target_8.png
58,3,967,modular,8,w,img/target_2.png
58,3,968,modular,6,o,img/target_9.png
58,3,969,modular,5,v,img/target_5.png
58,3,970,modular,6,o,img/target_9.png
58,3,971,modular,9,i,img/target_8.png
58,3,972,modular,0,p,img/target_10.png
58,3,973,modular,3,r,img/target_4.png
58,3,974,modular,2,u,img/target_7.png
58,3,975,modular,3,r,img/target_4.png
58,3,976,modular,4,b,img/target_6.png
58,3,977,modular,2,u,img/target_7.png
58,3,978,modular,0,p,img/target_10.png
58,3,979,modular,9,i,img/target_8.png
58,3,980,modular,0,p,img/target_10.png
58,3,981,modular,3,r,img/target_4.png
58,3,982,modular,0,p,img/target_10.png
58,3,983,modular,1,q,img/target_1.png
58,3,984,modular,3,r,img/target_4.png
58,3,985,modular,1,q,img/target_1.png
58,3,986,modular,0,p,img/target_10.png
58,3,987,modular,1,q,img/target_1.png
58,3,988,modular,0,p,img/target_10.png
58,3,989,modular,2,u,img/target_7.png
58,3,990,modular,1,q,img/target_1.png
58,3,991,modular,3,r,img/target_4.png
58,3,992,modular,4,b,img/target_6.png
58,3,993,modular,3,r,img/target_4.png
58,3,994,modular,2,u,img/target_7.png
58,3,995,modular,0,p,img/target_10.png
58,3,996,modular,1,q,img/target_1.png
58,3,997,modular,3,r,img/target_4.png
58,3,998,modular,4,b,img/target_6.png
58,3,999,modular,1,q,img/target_1.png
58,3,1000,modular,3,r,img/target_4.png
