pID,sess,trialNum,graph,walk,resp,path
27,3,1,lattice,4,q,img/target_1.png
27,3,2,lattice,3,u,img/target_7.png
27,3,3,lattice,4,q,img/target_1.png
27,3,4,lattice,5,p,img/target_10.png
27,3,5,lattice,4,q,img/target_1.png
27,3,6,lattice,6,w,img/target_2.png
27,3,7,lattice,8,r,img/target_4.png
27,3,8,lattice,6,w,img/target_2.png
27,3,9,lattice,8,r,img/target_4.png
27,3,10,lattice,7,o,img/target_9.png
27,3,11,lattice,9,b,img/target_6.png
27,3,12,lattice,1,e,img/target_3.png
27,3,13,lattice,3,u,img/target_7.png
27,3,14,lattice,5,p,img/target_10.png
27,3,15,lattice,3,u,img/target_7.png
27,3,16,lattice,1,e,img/target_3.png
27,3,17,lattice,0,i,img/target_8.png
27,3,18,lattice,2,v,img/target_5.png
27,3,19,lattice,0,i,img/target_8.png
27,3,20,lattice,2,v,img/target_5.png
27,3,21,lattice,3,u,img/target_7.png
27,3,22,lattice,4,q,img/target_1.png
27,3,23,lattice,5,p,img/target_10.png
27,3,24,lattice,3,u,img/target_7.png
27,3,25,lattice,2,v,img/target_5.png
27,3,26,lattice,0,i,img/target_8.png
27,3,27,lattice,1,e,img/target_3.png
27,3,28,lattice,9,b,img/target_6.png
27,3,29,lattice,0,i,img/target_8.png
27,3,30,lattice,2,v,img/target_5.png
27,3,31,lattice,0,i,img/target_8.png
27,3,32,lattice,2,v,img/target_5.png
27,3,33,lattice,4,q,img/target_1.png
27,3,34,lattice,6,w,img/target_2.png
27,3,35,lattice,7,o,img/target_9.png
27,3,36,lattice,9,b,img/target_6.png
27,3,37,lattice,0,i,img/target_8.png
27,3,38,lattice,9,b,img/target_6.png
27,3,39,lattice,8,r,img/target_4.png
27,3,40,lattice,7,o,img/target_9.png
27,3,41,lattice,5,p,img/target_10.png
27,3,42,lattice,7,o,img/target_9.png
27,3,43,lattice,6,w,img/target_2.png
27,3,44,lattice,8,r,img/target_4.png
27,3,45,lattice,6,w,img/target_2.png
27,3,46,lattice,8,r,img/target_4.png
27,3,47,lattice,7,o,img/target_9.png
27,3,48,lattice,6,w,img/target_2.png
27,3,49,lattice,8,r,img/target_4.png
27,3,50,lattice,0,i,img/target_8.png
27,3,51,lattice,2,v,img/target_5.png
27,3,52,lattice,1,e,img/target_3.png
27,3,53,lattice,2,v,img/target_5.png
27,3,54,lattice,3,u,img/target_7.png
27,3,55,lattice,5,p,img/target_10.png
27,3,56,lattice,3,u,img/target_7.png
27,3,57,lattice,5,p,img/target_10.png
27,3,58,lattice,7,o,img/target_9.png
27,3,59,lattice,8,r,img/target_4.png
27,3,60,lattice,7,o,img/target_9.png
27,3,61,lattice,9,b,img/target_6.png
27,3,62,lattice,0,i,img/target_8.png
27,3,63,lattice,1,e,img/target_3.png
27,3,64,lattice,2,v,img/target_5.png
27,3,65,lattice,3,u,img/target_7.png
27,3,66,lattice,1,e,img/target_3.png
27,3,67,lattice,0,i,img/target_8.png
27,3,68,lattice,1,e,img/target_3.png
27,3,69,lattice,0,i,img/target_8.png
27,3,70,lattice,8,r,img/target_4.png
27,3,71,lattice,9,b,img/target_6.png
27,3,72,lattice,1,e,img/target_3.png
27,3,73,lattice,0,i,img/target_8.png
27,3,74,lattice,2,v,img/target_5.png
27,3,75,lattice,0,i,img/target_8.png
27,3,76,lattice,1,e,img/target_3.png
27,3,77,lattice,3,u,img/target_7.png
27,3,78,lattice,2,v,img/target_5.png
27,3,79,lattice,4,q,img/target_1.png
27,3,80,lattice,6,w,img/target_2.png
27,3,81,lattice,7,o,img/target_9.png
27,3,82,lattice,9,b,img/target_6.png
27,3,83,lattice,0,i,img/target_8.png
27,3,84,lattice,2,v,img/target_5.png
27,3,85,lattice,0,i,img/target_8.png
27,3,86,lattice,1,e,img/target_3.png
27,3,87,lattice,0,i,img/target_8.png
27,3,88,lattice,2,v,img/target_5.png
27,3,89,lattice,3,u,img/target_7.png
27,3,90,lattice,2,v,img/target_5.png
27,3,91,lattice,1,e,img/target_3.png
27,3,92,lattice,2,v,img/target_5.png
27,3,93,lattice,1,e,img/target_3.png
27,3,94,lattice,3,u,img/target_7.png
27,3,95,lattice,1,e,img/target_3.png
27,3,96,lattice,3,u,img/target_7.png
27,3,97,lattice,5,p,img/target_10.png
27,3,98,lattice,4,q,img/target_1.png
27,3,99,lattice,6,w,img/target_2.png
27,3,100,lattice,5,p,img/target_10.png
27,3,101,lattice,6,w,img/target_2.png
27,3,102,lattice,7,o,img/target_9.png
27,3,103,lattice,8,r,img/target_4.png
27,3,104,lattice,7,o,img/target_9.png
27,3,105,lattice,8,r,img/target_4.png
27,3,106,lattice,6,w,img/target_2.png
27,3,107,lattice,8,r,img/target_4.png
27,3,108,lattice,0,i,img/target_8.png
27,3,109,lattice,2,v,img/target_5.png
27,3,110,lattice,4,q,img/target_1.png
27,3,111,lattice,5,p,img/target_10.png
27,3,112,lattice,4,q,img/target_1.png
27,3,113,lattice,6,w,img/target_2.png
27,3,114,lattice,7,o,img/target_9.png
27,3,115,lattice,9,b,img/target_6.png
27,3,116,lattice,7,o,img/target_9.png
27,3,117,lattice,8,r,img/target_4.png
27,3,118,lattice,9,b,img/target_6.png
27,3,119,lattice,1,e,img/target_3.png
27,3,120,lattice,9,b,img/target_6.png
27,3,121,lattice,1,e,img/target_3.png
27,3,122,lattice,0,i,img/target_8.png
27,3,123,lattice,8,r,img/target_4.png
27,3,124,lattice,6,w,img/target_2.png
27,3,125,lattice,8,r,img/target_4.png
27,3,126,lattice,0,i,img/target_8.png
27,3,127,lattice,1,e,img/target_3.png
27,3,128,lattice,2,v,img/target_5.png
27,3,129,lattice,0,i,img/target_8.png
27,3,130,lattice,1,e,img/target_3.png
27,3,131,lattice,0,i,img/target_8.png
27,3,132,lattice,2,v,img/target_5.png
27,3,133,lattice,0,i,img/target_8.png
27,3,134,lattice,2,v,img/target_5.png
27,3,135,lattice,3,u,img/target_7.png
27,3,136,lattice,4,q,img/target_1.png
27,3,137,lattice,2,v,img/target_5.png
27,3,138,lattice,4,q,img/target_1.png
27,3,139,lattice,3,u,img/target_7.png
27,3,140,lattice,1,e,img/target_3.png
27,3,141,lattice,2,v,img/target_5.png
27,3,142,lattice,3,u,img/target_7.png
27,3,143,lattice,4,q,img/target_1.png
27,3,144,lattice,2,v,img/target_5.png
27,3,145,lattice,0,i,img/target_8.png
27,3,146,lattice,2,v,img/target_5.png
27,3,147,lattice,1,e,img/target_3.png
27,3,148,lattice,3,u,img/target_7.png
27,3,149,lattice,4,q,img/target_1.png
27,3,150,lattice,2,v,img/target_5.png
27,3,151,lattice,0,i,img/target_8.png
27,3,152,lattice,8,r,img/target_4.png
27,3,153,lattice,0,i,img/target_8.png
27,3,154,lattice,8,r,img/target_4.png
27,3,155,lattice,9,b,img/target_6.png
27,3,156,lattice,8,r,img/target_4.png
27,3,157,lattice,7,o,img/target_9.png
27,3,158,lattice,6,w,img/target_2.png
27,3,159,lattice,5,p,img/target_10.png
27,3,160,lattice,4,q,img/target_1.png
27,3,161,lattice,2,v,img/target_5.png
27,3,162,lattice,3,u,img/target_7.png
27,3,163,lattice,5,p,img/target_10.png
27,3,164,lattice,6,w,img/target_2.png
27,3,165,lattice,8,r,img/target_4.png
27,3,166,lattice,9,b,img/target_6.png
27,3,167,lattice,1,e,img/target_3.png
27,3,168,lattice,9,b,img/target_6.png
27,3,169,lattice,7,o,img/target_9.png
27,3,170,lattice,9,b,img/target_6.png
27,3,171,lattice,1,e,img/target_3.png
27,3,172,lattice,2,v,img/target_5.png
27,3,173,lattice,4,q,img/target_1.png
27,3,174,lattice,3,u,img/target_7.png
27,3,175,lattice,2,v,img/target_5.png
27,3,176,lattice,0,i,img/target_8.png
27,3,177,lattice,1,e,img/target_3.png
27,3,178,lattice,0,i,img/target_8.png
27,3,179,lattice,9,b,img/target_6.png
27,3,180,lattice,1,e,img/target_3.png
27,3,181,lattice,2,v,img/target_5.png
27,3,182,lattice,1,e,img/target_3.png
27,3,183,lattice,9,b,img/target_6.png
27,3,184,lattice,0,i,img/target_8.png
27,3,185,lattice,2,v,img/target_5.png
27,3,186,lattice,1,e,img/target_3.png
27,3,187,lattice,2,v,img/target_5.png
27,3,188,lattice,4,q,img/target_1.png
27,3,189,lattice,6,w,img/target_2.png
27,3,190,lattice,4,q,img/target_1.png
27,3,191,lattice,2,v,img/target_5.png
27,3,192,lattice,1,e,img/target_3.png
27,3,193,lattice,0,i,img/target_8.png
27,3,194,lattice,2,v,img/target_5.png
27,3,195,lattice,3,u,img/target_7.png
27,3,196,lattice,2,v,img/target_5.png
27,3,197,lattice,0,i,img/target_8.png
27,3,198,lattice,2,v,img/target_5.png
27,3,199,lattice,0,i,img/target_8.png
27,3,200,lattice,2,v,img/target_5.png
27,3,201,lattice,4,q,img/target_1.png
27,3,202,lattice,2,v,img/target_5.png
27,3,203,lattice,1,e,img/target_3.png
27,3,204,lattice,0,i,img/target_8.png
27,3,205,lattice,9,b,img/target_6.png
27,3,206,lattice,7,o,img/target_9.png
27,3,207,lattice,8,r,img/target_4.png
27,3,208,lattice,0,i,img/target_8.png
27,3,209,lattice,2,v,img/target_5.png
27,3,210,lattice,3,u,img/target_7.png
27,3,211,lattice,2,v,img/target_5.png
27,3,212,lattice,1,e,img/target_3.png
27,3,213,lattice,2,v,img/target_5.png
27,3,214,lattice,3,u,img/target_7.png
27,3,215,lattice,2,v,img/target_5.png
27,3,216,lattice,1,e,img/target_3.png
27,3,217,lattice,0,i,img/target_8.png
27,3,218,lattice,8,r,img/target_4.png
27,3,219,lattice,7,o,img/target_9.png
27,3,220,lattice,8,r,img/target_4.png
27,3,221,lattice,7,o,img/target_9.png
27,3,222,lattice,9,b,img/target_6.png
27,3,223,lattice,0,i,img/target_8.png
27,3,224,lattice,9,b,img/target_6.png
27,3,225,lattice,1,e,img/target_3.png
27,3,226,lattice,2,v,img/target_5.png
27,3,227,lattice,3,u,img/target_7.png
27,3,228,lattice,1,e,img/target_3.png
27,3,229,lattice,3,u,img/target_7.png
27,3,230,lattice,2,v,img/target_5.png
27,3,231,lattice,3,u,img/target_7.png
27,3,232,lattice,1,e,img/target_3.png
27,3,233,lattice,0,i,img/target_8.png
27,3,234,lattice,9,b,img/target_6.png
27,3,235,lattice,8,r,img/target_4.png
27,3,236,lattice,7,o,img/target_9.png
27,3,237,lattice,9,b,img/target_6.png
27,3,238,lattice,1,e,img/target_3.png
27,3,239,lattice,3,u,img/target_7.png
27,3,240,lattice,4,q,img/target_1.png
27,3,241,lattice,5,p,img/target_10.png
27,3,242,lattice,7,o,img/target_9.png
27,3,243,lattice,5,p,img/target_10.png
27,3,244,lattice,3,u,img/target_7.png
27,3,245,lattice,2,v,img/target_5.png
27,3,246,lattice,1,e,img/target_3.png
27,3,247,lattice,3,u,img/target_7.png
27,3,248,lattice,4,q,img/target_1.png
27,3,249,lattice,5,p,img/target_10.png
27,3,250,lattice,3,u,img/target_7.png
27,3,251,lattice,2,v,img/target_5.png
27,3,252,lattice,3,u,img/target_7.png
27,3,253,lattice,1,e,img/target_3.png
27,3,254,lattice,0,i,img/target_8.png
27,3,255,lattice,9,b,img/target_6.png
27,3,256,lattice,0,i,img/target_8.png
27,3,257,lattice,8,r,img/target_4.png
27,3,258,lattice,7,o,img/target_9.png
27,3,259,lattice,5,p,img/target_10.png
27,3,260,lattice,3,u,img/target_7.png
27,3,261,lattice,4,q,img/target_1.png
27,3,262,lattice,3,u,img/target_7.png
27,3,263,lattice,4,q,img/target_1.png
27,3,264,lattice,6,w,img/target_2.png
27,3,265,lattice,4,q,img/target_1.png
27,3,266,lattice,5,p,img/target_10.png
27,3,267,lattice,3,u,img/target_7.png
27,3,268,lattice,2,v,img/target_5.png
27,3,269,lattice,1,e,img/target_3.png
27,3,270,lattice,0,i,img/target_8.png
27,3,271,lattice,8,r,img/target_4.png
27,3,272,lattice,9,b,img/target_6.png
27,3,273,lattice,7,o,img/target_9.png
27,3,274,lattice,5,p,img/target_10.png
27,3,275,lattice,3,u,img/target_7.png
27,3,276,lattice,5,p,img/target_10.png
27,3,277,lattice,4,q,img/target_1.png
27,3,278,lattice,5,p,img/target_10.png
27,3,279,lattice,4,q,img/target_1.png
27,3,280,lattice,5,p,img/target_10.png
27,3,281,lattice,7,o,img/target_9.png
27,3,282,lattice,6,w,img/target_2.png
27,3,283,lattice,4,q,img/target_1.png
27,3,284,lattice,3,u,img/target_7.png
27,3,285,lattice,1,e,img/target_3.png
27,3,286,lattice,9,b,img/target_6.png
27,3,287,lattice,8,r,img/target_4.png
27,3,288,lattice,6,w,img/target_2.png
27,3,289,lattice,7,o,img/target_9.png
27,3,290,lattice,8,r,img/target_4.png
27,3,291,lattice,0,i,img/target_8.png
27,3,292,lattice,9,b,img/target_6.png
27,3,293,lattice,8,r,img/target_4.png
27,3,294,lattice,9,b,img/target_6.png
27,3,295,lattice,1,e,img/target_3.png
27,3,296,lattice,2,v,img/target_5.png
27,3,297,lattice,1,e,img/target_3.png
27,3,298,lattice,2,v,img/target_5.png
27,3,299,lattice,3,u,img/target_7.png
27,3,300,lattice,1,e,img/target_3.png
27,3,301,lattice,3,u,img/target_7.png
27,3,302,lattice,4,q,img/target_1.png
27,3,303,lattice,6,w,img/target_2.png
27,3,304,lattice,4,q,img/target_1.png
27,3,305,lattice,5,p,img/target_10.png
27,3,306,lattice,6,w,img/target_2.png
27,3,307,lattice,4,q,img/target_1.png
27,3,308,lattice,2,v,img/target_5.png
27,3,309,lattice,4,q,img/target_1.png
27,3,310,lattice,2,v,img/target_5.png
27,3,311,lattice,3,u,img/target_7.png
27,3,312,lattice,1,e,img/target_3.png
27,3,313,lattice,2,v,img/target_5.png
27,3,314,lattice,1,e,img/target_3.png
27,3,315,lattice,2,v,img/target_5.png
27,3,316,lattice,4,q,img/target_1.png
27,3,317,lattice,2,v,img/target_5.png
27,3,318,lattice,3,u,img/target_7.png
27,3,319,lattice,4,q,img/target_1.png
27,3,320,lattice,3,u,img/target_7.png
27,3,321,lattice,4,q,img/target_1.png
27,3,322,lattice,5,p,img/target_10.png
27,3,323,lattice,3,u,img/target_7.png
27,3,324,lattice,5,p,img/target_10.png
27,3,325,lattice,6,w,img/target_2.png
27,3,326,lattice,5,p,img/target_10.png
27,3,327,lattice,6,w,img/target_2.png
27,3,328,lattice,7,o,img/target_9.png
27,3,329,lattice,8,r,img/target_4.png
27,3,330,lattice,9,b,img/target_6.png
27,3,331,lattice,1,e,img/target_3.png
27,3,332,lattice,2,v,img/target_5.png
27,3,333,lattice,3,u,img/target_7.png
27,3,334,lattice,5,p,img/target_10.png
27,3,335,lattice,4,q,img/target_1.png
27,3,336,lattice,6,w,img/target_2.png
27,3,337,lattice,7,o,img/target_9.png
27,3,338,lattice,6,w,img/target_2.png
27,3,339,lattice,8,r,img/target_4.png
27,3,340,lattice,6,w,img/target_2.png
27,3,341,lattice,7,o,img/target_9.png
27,3,342,lattice,8,r,img/target_4.png
27,3,343,lattice,9,b,img/target_6.png
27,3,344,lattice,7,o,img/target_9.png
27,3,345,lattice,6,w,img/target_2.png
27,3,346,lattice,8,r,img/target_4.png
27,3,347,lattice,7,o,img/target_9.png
27,3,348,lattice,8,r,img/target_4.png
27,3,349,lattice,9,b,img/target_6.png
27,3,350,lattice,1,e,img/target_3.png
27,3,351,lattice,2,v,img/target_5.png
27,3,352,lattice,0,i,img/target_8.png
27,3,353,lattice,2,v,img/target_5.png
27,3,354,lattice,1,e,img/target_3.png
27,3,355,lattice,2,v,img/target_5.png
27,3,356,lattice,1,e,img/target_3.png
27,3,357,lattice,2,v,img/target_5.png
27,3,358,lattice,0,i,img/target_8.png
27,3,359,lattice,2,v,img/target_5.png
27,3,360,lattice,1,e,img/target_3.png
27,3,361,lattice,2,v,img/target_5.png
27,3,362,lattice,3,u,img/target_7.png
27,3,363,lattice,1,e,img/target_3.png
27,3,364,lattice,2,v,img/target_5.png
27,3,365,lattice,4,q,img/target_1.png
27,3,366,lattice,5,p,img/target_10.png
27,3,367,lattice,7,o,img/target_9.png
27,3,368,lattice,5,p,img/target_10.png
27,3,369,lattice,6,w,img/target_2.png
27,3,370,lattice,7,o,img/target_9.png
27,3,371,lattice,6,w,img/target_2.png
27,3,372,lattice,5,p,img/target_10.png
27,3,373,lattice,6,w,img/target_2.png
27,3,374,lattice,5,p,img/target_10.png
27,3,375,lattice,4,q,img/target_1.png
27,3,376,lattice,5,p,img/target_10.png
27,3,377,lattice,6,w,img/target_2.png
27,3,378,lattice,4,q,img/target_1.png
27,3,379,lattice,3,u,img/target_7.png
27,3,380,lattice,2,v,img/target_5.png
27,3,381,lattice,4,q,img/target_1.png
27,3,382,lattice,5,p,img/target_10.png
27,3,383,lattice,3,u,img/target_7.png
27,3,384,lattice,2,v,img/target_5.png
27,3,385,lattice,4,q,img/target_1.png
27,3,386,lattice,2,v,img/target_5.png
27,3,387,lattice,1,e,img/target_3.png
27,3,388,lattice,0,i,img/target_8.png
27,3,389,lattice,1,e,img/target_3.png
27,3,390,lattice,2,v,img/target_5.png
27,3,391,lattice,1,e,img/target_3.png
27,3,392,lattice,3,u,img/target_7.png
27,3,393,lattice,2,v,img/target_5.png
27,3,394,lattice,4,q,img/target_1.png
27,3,395,lattice,5,p,img/target_10.png
27,3,396,lattice,3,u,img/target_7.png
27,3,397,lattice,5,p,img/target_10.png
27,3,398,lattice,3,u,img/target_7.png
27,3,399,lattice,1,e,img/target_3.png
27,3,400,lattice,3,u,img/target_7.png
27,3,401,lattice,2,v,img/target_5.png
27,3,402,lattice,0,i,img/target_8.png
27,3,403,lattice,1,e,img/target_3.png
27,3,404,lattice,2,v,img/target_5.png
27,3,405,lattice,3,u,img/target_7.png
27,3,406,lattice,1,e,img/target_3.png
27,3,407,lattice,0,i,img/target_8.png
27,3,408,lattice,2,v,img/target_5.png
27,3,409,lattice,3,u,img/target_7.png
27,3,410,lattice,4,q,img/target_1.png
27,3,411,lattice,2,v,img/target_5.png
27,3,412,lattice,3,u,img/target_7.png
27,3,413,lattice,5,p,img/target_10.png
27,3,414,lattice,4,q,img/target_1.png
27,3,415,lattice,6,w,img/target_2.png
27,3,416,lattice,7,o,img/target_9.png
27,3,417,lattice,5,p,img/target_10.png
27,3,418,lattice,3,u,img/target_7.png
27,3,419,lattice,4,q,img/target_1.png
27,3,420,lattice,2,v,img/target_5.png
27,3,421,lattice,4,q,img/target_1.png
27,3,422,lattice,3,u,img/target_7.png
27,3,423,lattice,4,q,img/target_1.png
27,3,424,lattice,3,u,img/target_7.png
27,3,425,lattice,2,v,img/target_5.png
27,3,426,lattice,0,i,img/target_8.png
27,3,427,lattice,1,e,img/target_3.png
27,3,428,lattice,2,v,img/target_5.png
27,3,429,lattice,0,i,img/target_8.png
27,3,430,lattice,2,v,img/target_5.png
27,3,431,lattice,0,i,img/target_8.png
27,3,432,lattice,1,e,img/target_3.png
27,3,433,lattice,3,u,img/target_7.png
27,3,434,lattice,4,q,img/target_1.png
27,3,435,lattice,6,w,img/target_2.png
27,3,436,lattice,8,r,img/target_4.png
27,3,437,lattice,0,i,img/target_8.png
27,3,438,lattice,9,b,img/target_6.png
27,3,439,lattice,7,o,img/target_9.png
27,3,440,lattice,9,b,img/target_6.png
27,3,441,lattice,0,i,img/target_8.png
27,3,442,lattice,2,v,img/target_5.png
27,3,443,lattice,4,q,img/target_1.png
27,3,444,lattice,6,w,img/target_2.png
27,3,445,lattice,4,q,img/target_1.png
27,3,446,lattice,6,w,img/target_2.png
27,3,447,lattice,8,r,img/target_4.png
27,3,448,lattice,7,o,img/target_9.png
27,3,449,lattice,5,p,img/target_10.png
27,3,450,lattice,3,u,img/target_7.png
27,3,451,lattice,2,v,img/target_5.png
27,3,452,lattice,1,e,img/target_3.png
27,3,453,lattice,3,u,img/target_7.png
27,3,454,lattice,1,e,img/target_3.png
27,3,455,lattice,2,v,img/target_5.png
27,3,456,lattice,3,u,img/target_7.png
27,3,457,lattice,4,q,img/target_1.png
27,3,458,lattice,6,w,img/target_2.png
27,3,459,lattice,4,q,img/target_1.png
27,3,460,lattice,6,w,img/target_2.png
27,3,461,lattice,7,o,img/target_9.png
27,3,462,lattice,5,p,img/target_10.png
27,3,463,lattice,7,o,img/target_9.png
27,3,464,lattice,9,b,img/target_6.png
27,3,465,lattice,7,o,img/target_9.png
27,3,466,lattice,8,r,img/target_4.png
27,3,467,lattice,0,i,img/target_8.png
27,3,468,lattice,9,b,img/target_6.png
27,3,469,lattice,1,e,img/target_3.png
27,3,470,lattice,0,i,img/target_8.png
27,3,471,lattice,8,r,img/target_4.png
27,3,472,lattice,7,o,img/target_9.png
27,3,473,lattice,5,p,img/target_10.png
27,3,474,lattice,6,w,img/target_2.png
27,3,475,lattice,8,r,img/target_4.png
27,3,476,lattice,7,o,img/target_9.png
27,3,477,lattice,9,b,img/target_6.png
27,3,478,lattice,8,r,img/target_4.png
27,3,479,lattice,7,o,img/target_9.png
27,3,480,lattice,9,b,img/target_6.png
27,3,481,lattice,7,o,img/target_9.png
27,3,482,lattice,9,b,img/target_6.png
27,3,483,lattice,8,r,img/target_4.png
27,3,484,lattice,7,o,img/target_9.png
27,3,485,lattice,5,p,img/target_10.png
27,3,486,lattice,6,w,img/target_2.png
27,3,487,lattice,4,q,img/target_1.png
27,3,488,lattice,2,v,img/target_5.png
27,3,489,lattice,4,q,img/target_1.png
27,3,490,lattice,2,v,img/target_5.png
27,3,491,lattice,1,e,img/target_3.png
27,3,492,lattice,9,b,img/target_6.png
27,3,493,lattice,8,r,img/target_4.png
27,3,494,lattice,9,b,img/target_6.png
27,3,495,lattice,8,r,img/target_4.png
27,3,496,lattice,7,o,img/target_9.png
27,3,497,lattice,5,p,img/target_10.png
27,3,498,lattice,6,w,img/target_2.png
27,3,499,lattice,7,o,img/target_9.png
27,3,500,lattice,9,b,img/target_6.png
27,3,501,lattice,8,r,img/target_4.png
27,3,502,lattice,7,o,img/target_9.png
27,3,503,lattice,8,r,img/target_4.png
27,3,504,lattice,7,o,img/target_9.png
27,3,505,lattice,5,p,img/target_10.png
27,3,506,lattice,4,q,img/target_1.png
27,3,507,lattice,6,w,img/target_2.png
27,3,508,lattice,5,p,img/target_10.png
27,3,509,lattice,3,u,img/target_7.png
27,3,510,lattice,1,e,img/target_3.png
27,3,511,lattice,3,u,img/target_7.png
27,3,512,lattice,2,v,img/target_5.png
27,3,513,lattice,3,u,img/target_7.png
27,3,514,lattice,5,p,img/target_10.png
27,3,515,lattice,7,o,img/target_9.png
27,3,516,lattice,5,p,img/target_10.png
27,3,517,lattice,4,q,img/target_1.png
27,3,518,lattice,6,w,img/target_2.png
27,3,519,lattice,5,p,img/target_10.png
27,3,520,lattice,7,o,img/target_9.png
27,3,521,lattice,5,p,img/target_10.png
27,3,522,lattice,4,q,img/target_1.png
27,3,523,lattice,2,v,img/target_5.png
27,3,524,lattice,1,e,img/target_3.png
27,3,525,lattice,9,b,img/target_6.png
27,3,526,lattice,8,r,img/target_4.png
27,3,527,lattice,6,w,img/target_2.png
27,3,528,lattice,8,r,img/target_4.png
27,3,529,lattice,7,o,img/target_9.png
27,3,530,lattice,8,r,img/target_4.png
27,3,531,lattice,9,b,img/target_6.png
27,3,532,lattice,8,r,img/target_4.png
27,3,533,lattice,7,o,img/target_9.png
27,3,534,lattice,5,p,img/target_10.png
27,3,535,lattice,4,q,img/target_1.png
27,3,536,lattice,6,w,img/target_2.png
27,3,537,lattice,4,q,img/target_1.png
27,3,538,lattice,3,u,img/target_7.png
27,3,539,lattice,5,p,img/target_10.png
27,3,540,lattice,4,q,img/target_1.png
27,3,541,lattice,5,p,img/target_10.png
27,3,542,lattice,3,u,img/target_7.png
27,3,543,lattice,4,q,img/target_1.png
27,3,544,lattice,3,u,img/target_7.png
27,3,545,lattice,1,e,img/target_3.png
27,3,546,lattice,9,b,img/target_6.png
27,3,547,lattice,7,o,img/target_9.png
27,3,548,lattice,9,b,img/target_6.png
27,3,549,lattice,0,i,img/target_8.png
27,3,550,lattice,2,v,img/target_5.png
27,3,551,lattice,3,u,img/target_7.png
27,3,552,lattice,1,e,img/target_3.png
27,3,553,lattice,0,i,img/target_8.png
27,3,554,lattice,2,v,img/target_5.png
27,3,555,lattice,0,i,img/target_8.png
27,3,556,lattice,8,r,img/target_4.png
27,3,557,lattice,9,b,img/target_6.png
27,3,558,lattice,8,r,img/target_4.png
27,3,559,lattice,7,o,img/target_9.png
27,3,560,lattice,8,r,img/target_4.png
27,3,561,lattice,9,b,img/target_6.png
27,3,562,lattice,0,i,img/target_8.png
27,3,563,lattice,9,b,img/target_6.png
27,3,564,lattice,1,e,img/target_3.png
27,3,565,lattice,9,b,img/target_6.png
27,3,566,lattice,1,e,img/target_3.png
27,3,567,lattice,9,b,img/target_6.png
27,3,568,lattice,8,r,img/target_4.png
27,3,569,lattice,9,b,img/target_6.png
27,3,570,lattice,1,e,img/target_3.png
27,3,571,lattice,0,i,img/target_8.png
27,3,572,lattice,9,b,img/target_6.png
27,3,573,lattice,7,o,img/target_9.png
27,3,574,lattice,5,p,img/target_10.png
27,3,575,lattice,3,u,img/target_7.png
27,3,576,lattice,5,p,img/target_10.png
27,3,577,lattice,6,w,img/target_2.png
27,3,578,lattice,8,r,img/target_4.png
27,3,579,lattice,6,w,img/target_2.png
27,3,580,lattice,8,r,img/target_4.png
27,3,581,lattice,9,b,img/target_6.png
27,3,582,lattice,1,e,img/target_3.png
27,3,583,lattice,2,v,img/target_5.png
27,3,584,lattice,0,i,img/target_8.png
27,3,585,lattice,2,v,img/target_5.png
27,3,586,lattice,4,q,img/target_1.png
27,3,587,lattice,2,v,img/target_5.png
27,3,588,lattice,1,e,img/target_3.png
27,3,589,lattice,3,u,img/target_7.png
27,3,590,lattice,4,q,img/target_1.png
27,3,591,lattice,6,w,img/target_2.png
27,3,592,lattice,4,q,img/target_1.png
27,3,593,lattice,6,w,img/target_2.png
27,3,594,lattice,5,p,img/target_10.png
27,3,595,lattice,7,o,img/target_9.png
27,3,596,lattice,8,r,img/target_4.png
27,3,597,lattice,7,o,img/target_9.png
27,3,598,lattice,8,r,img/target_4.png
27,3,599,lattice,7,o,img/target_9.png
27,3,600,lattice,9,b,img/target_6.png
27,3,601,lattice,8,r,img/target_4.png
27,3,602,lattice,0,i,img/target_8.png
27,3,603,lattice,1,e,img/target_3.png
27,3,604,lattice,9,b,img/target_6.png
27,3,605,lattice,0,i,img/target_8.png
27,3,606,lattice,9,b,img/target_6.png
27,3,607,lattice,8,r,img/target_4.png
27,3,608,lattice,7,o,img/target_9.png
27,3,609,lattice,8,r,img/target_4.png
27,3,610,lattice,9,b,img/target_6.png
27,3,611,lattice,7,o,img/target_9.png
27,3,612,lattice,9,b,img/target_6.png
27,3,613,lattice,1,e,img/target_3.png
27,3,614,lattice,3,u,img/target_7.png
27,3,615,lattice,1,e,img/target_3.png
27,3,616,lattice,9,b,img/target_6.png
27,3,617,lattice,1,e,img/target_3.png
27,3,618,lattice,2,v,img/target_5.png
27,3,619,lattice,3,u,img/target_7.png
27,3,620,lattice,4,q,img/target_1.png
27,3,621,lattice,3,u,img/target_7.png
27,3,622,lattice,4,q,img/target_1.png
27,3,623,lattice,3,u,img/target_7.png
27,3,624,lattice,4,q,img/target_1.png
27,3,625,lattice,6,w,img/target_2.png
27,3,626,lattice,7,o,img/target_9.png
27,3,627,lattice,9,b,img/target_6.png
27,3,628,lattice,7,o,img/target_9.png
27,3,629,lattice,8,r,img/target_4.png
27,3,630,lattice,6,w,img/target_2.png
27,3,631,lattice,5,p,img/target_10.png
27,3,632,lattice,6,w,img/target_2.png
27,3,633,lattice,4,q,img/target_1.png
27,3,634,lattice,5,p,img/target_10.png
27,3,635,lattice,4,q,img/target_1.png
27,3,636,lattice,2,v,img/target_5.png
27,3,637,lattice,0,i,img/target_8.png
27,3,638,lattice,9,b,img/target_6.png
27,3,639,lattice,8,r,img/target_4.png
27,3,640,lattice,7,o,img/target_9.png
27,3,641,lattice,6,w,img/target_2.png
27,3,642,lattice,4,q,img/target_1.png
27,3,643,lattice,5,p,img/target_10.png
27,3,644,lattice,7,o,img/target_9.png
27,3,645,lattice,9,b,img/target_6.png
27,3,646,lattice,8,r,img/target_4.png
27,3,647,lattice,9,b,img/target_6.png
27,3,648,lattice,1,e,img/target_3.png
27,3,649,lattice,2,v,img/target_5.png
27,3,650,lattice,0,i,img/target_8.png
27,3,651,lattice,1,e,img/target_3.png
27,3,652,lattice,0,i,img/target_8.png
27,3,653,lattice,8,r,img/target_4.png
27,3,654,lattice,7,o,img/target_9.png
27,3,655,lattice,6,w,img/target_2.png
27,3,656,lattice,5,p,img/target_10.png
27,3,657,lattice,6,w,img/target_2.png
27,3,658,lattice,7,o,img/target_9.png
27,3,659,lattice,6,w,img/target_2.png
27,3,660,lattice,8,r,img/target_4.png
27,3,661,lattice,9,b,img/target_6.png
27,3,662,lattice,1,e,img/target_3.png
27,3,663,lattice,3,u,img/target_7.png
27,3,664,lattice,5,p,img/target_10.png
27,3,665,lattice,7,o,img/target_9.png
27,3,666,lattice,9,b,img/target_6.png
27,3,667,lattice,0,i,img/target_8.png
27,3,668,lattice,8,r,img/target_4.png
27,3,669,lattice,7,o,img/target_9.png
27,3,670,lattice,6,w,img/target_2.png
27,3,671,lattice,8,r,img/target_4.png
27,3,672,lattice,0,i,img/target_8.png
27,3,673,lattice,1,e,img/target_3.png
27,3,674,lattice,3,u,img/target_7.png
27,3,675,lattice,1,e,img/target_3.png
27,3,676,lattice,9,b,img/target_6.png
27,3,677,lattice,1,e,img/target_3.png
27,3,678,lattice,9,b,img/target_6.png
27,3,679,lattice,7,o,img/target_9.png
27,3,680,lattice,6,w,img/target_2.png
27,3,681,lattice,5,p,img/target_10.png
27,3,682,lattice,7,o,img/target_9.png
27,3,683,lattice,6,w,img/target_2.png
27,3,684,lattice,8,r,img/target_4.png
27,3,685,lattice,0,i,img/target_8.png
27,3,686,lattice,8,r,img/target_4.png
27,3,687,lattice,6,w,img/target_2.png
27,3,688,lattice,5,p,img/target_10.png
27,3,689,lattice,3,u,img/target_7.png
27,3,690,lattice,2,v,img/target_5.png
27,3,691,lattice,4,q,img/target_1.png
27,3,692,lattice,6,w,img/target_2.png
27,3,693,lattice,7,o,img/target_9.png
27,3,694,lattice,6,w,img/target_2.png
27,3,695,lattice,8,r,img/target_4.png
27,3,696,lattice,0,i,img/target_8.png
27,3,697,lattice,9,b,img/target_6.png
27,3,698,lattice,0,i,img/target_8.png
27,3,699,lattice,9,b,img/target_6.png
27,3,700,lattice,7,o,img/target_9.png
27,3,701,lattice,6,w,img/target_2.png
27,3,702,lattice,5,p,img/target_10.png
27,3,703,lattice,6,w,img/target_2.png
27,3,704,lattice,8,r,img/target_4.png
27,3,705,lattice,0,i,img/target_8.png
27,3,706,lattice,8,r,img/target_4.png
27,3,707,lattice,9,b,img/target_6.png
27,3,708,lattice,8,r,img/target_4.png
27,3,709,lattice,6,w,img/target_2.png
27,3,710,lattice,4,q,img/target_1.png
27,3,711,lattice,3,u,img/target_7.png
27,3,712,lattice,4,q,img/target_1.png
27,3,713,lattice,6,w,img/target_2.png
27,3,714,lattice,5,p,img/target_10.png
27,3,715,lattice,3,u,img/target_7.png
27,3,716,lattice,2,v,img/target_5.png
27,3,717,lattice,3,u,img/target_7.png
27,3,718,lattice,5,p,img/target_10.png
27,3,719,lattice,4,q,img/target_1.png
27,3,720,lattice,2,v,img/target_5.png
27,3,721,lattice,3,u,img/target_7.png
27,3,722,lattice,2,v,img/target_5.png
27,3,723,lattice,4,q,img/target_1.png
27,3,724,lattice,6,w,img/target_2.png
27,3,725,lattice,4,q,img/target_1.png
27,3,726,lattice,5,p,img/target_10.png
27,3,727,lattice,3,u,img/target_7.png
27,3,728,lattice,5,p,img/target_10.png
27,3,729,lattice,4,q,img/target_1.png
27,3,730,lattice,6,w,img/target_2.png
27,3,731,lattice,8,r,img/target_4.png
27,3,732,lattice,9,b,img/target_6.png
27,3,733,lattice,0,i,img/target_8.png
27,3,734,lattice,9,b,img/target_6.png
27,3,735,lattice,1,e,img/target_3.png
27,3,736,lattice,9,b,img/target_6.png
27,3,737,lattice,7,o,img/target_9.png
27,3,738,lattice,6,w,img/target_2.png
27,3,739,lattice,7,o,img/target_9.png
27,3,740,lattice,5,p,img/target_10.png
27,3,741,lattice,6,w,img/target_2.png
27,3,742,lattice,5,p,img/target_10.png
27,3,743,lattice,7,o,img/target_9.png
27,3,744,lattice,6,w,img/target_2.png
27,3,745,lattice,7,o,img/target_9.png
27,3,746,lattice,8,r,img/target_4.png
27,3,747,lattice,0,i,img/target_8.png
27,3,748,lattice,9,b,img/target_6.png
27,3,749,lattice,1,e,img/target_3.png
27,3,750,lattice,2,v,img/target_5.png
27,3,751,lattice,3,u,img/target_7.png
27,3,752,lattice,4,q,img/target_1.png
27,3,753,lattice,3,u,img/target_7.png
27,3,754,lattice,1,e,img/target_3.png
27,3,755,lattice,3,u,img/target_7.png
27,3,756,lattice,5,p,img/target_10.png
27,3,757,lattice,6,w,img/target_2.png
27,3,758,lattice,7,o,img/target_9.png
27,3,759,lattice,5,p,img/target_10.png
27,3,760,lattice,4,q,img/target_1.png
27,3,761,lattice,6,w,img/target_2.png
27,3,762,lattice,7,o,img/target_9.png
27,3,763,lattice,9,b,img/target_6.png
27,3,764,lattice,0,i,img/target_8.png
27,3,765,lattice,1,e,img/target_3.png
27,3,766,lattice,9,b,img/target_6.png
27,3,767,lattice,1,e,img/target_3.png
27,3,768,lattice,2,v,img/target_5.png
27,3,769,lattice,0,i,img/target_8.png
27,3,770,lattice,2,v,img/target_5.png
27,3,771,lattice,0,i,img/target_8.png
27,3,772,lattice,1,e,img/target_3.png
27,3,773,lattice,2,v,img/target_5.png
27,3,774,lattice,3,u,img/target_7.png
27,3,775,lattice,5,p,img/target_10.png
27,3,776,lattice,3,u,img/target_7.png
27,3,777,lattice,4,q,img/target_1.png
27,3,778,lattice,2,v,img/target_5.png
27,3,779,lattice,0,i,img/target_8.png
27,3,780,lattice,2,v,img/target_5.png
27,3,781,lattice,3,u,img/target_7.png
27,3,782,lattice,1,e,img/target_3.png
27,3,783,lattice,9,b,img/target_6.png
27,3,784,lattice,8,r,img/target_4.png
27,3,785,lattice,0,i,img/target_8.png
27,3,786,lattice,9,b,img/target_6.png
27,3,787,lattice,7,o,img/target_9.png
27,3,788,lattice,9,b,img/target_6.png
27,3,789,lattice,1,e,img/target_3.png
27,3,790,lattice,0,i,img/target_8.png
27,3,791,lattice,2,v,img/target_5.png
27,3,792,lattice,0,i,img/target_8.png
27,3,793,lattice,1,e,img/target_3.png
27,3,794,lattice,0,i,img/target_8.png
27,3,795,lattice,2,v,img/target_5.png
27,3,796,lattice,1,e,img/target_3.png
27,3,797,lattice,9,b,img/target_6.png
27,3,798,lattice,7,o,img/target_9.png
27,3,799,lattice,8,r,img/target_4.png
27,3,800,lattice,7,o,img/target_9.png
27,3,801,lattice,5,p,img/target_10.png
27,3,802,lattice,4,q,img/target_1.png
27,3,803,lattice,3,u,img/target_7.png
27,3,804,lattice,1,e,img/target_3.png
27,3,805,lattice,3,u,img/target_7.png
27,3,806,lattice,1,e,img/target_3.png
27,3,807,lattice,9,b,img/target_6.png
27,3,808,lattice,7,o,img/target_9.png
27,3,809,lattice,8,r,img/target_4.png
27,3,810,lattice,6,w,img/target_2.png
27,3,811,lattice,4,q,img/target_1.png
27,3,812,lattice,2,v,img/target_5.png
27,3,813,lattice,4,q,img/target_1.png
27,3,814,lattice,5,p,img/target_10.png
27,3,815,lattice,4,q,img/target_1.png
27,3,816,lattice,5,p,img/target_10.png
27,3,817,lattice,7,o,img/target_9.png
27,3,818,lattice,8,r,img/target_4.png
27,3,819,lattice,0,i,img/target_8.png
27,3,820,lattice,8,r,img/target_4.png
27,3,821,lattice,9,b,img/target_6.png
27,3,822,lattice,0,i,img/target_8.png
27,3,823,lattice,9,b,img/target_6.png
27,3,824,lattice,8,r,img/target_4.png
27,3,825,lattice,7,o,img/target_9.png
27,3,826,lattice,9,b,img/target_6.png
27,3,827,lattice,7,o,img/target_9.png
27,3,828,lattice,5,p,img/target_10.png
27,3,829,lattice,4,q,img/target_1.png
27,3,830,lattice,3,u,img/target_7.png
27,3,831,lattice,4,q,img/target_1.png
27,3,832,lattice,2,v,img/target_5.png
27,3,833,lattice,1,e,img/target_3.png
27,3,834,lattice,9,b,img/target_6.png
27,3,835,lattice,8,r,img/target_4.png
27,3,836,lattice,0,i,img/target_8.png
27,3,837,lattice,1,e,img/target_3.png
27,3,838,lattice,3,u,img/target_7.png
27,3,839,lattice,5,p,img/target_10.png
27,3,840,lattice,7,o,img/target_9.png
27,3,841,lattice,5,p,img/target_10.png
27,3,842,lattice,4,q,img/target_1.png
27,3,843,lattice,3,u,img/target_7.png
27,3,844,lattice,1,e,img/target_3.png
27,3,845,lattice,3,u,img/target_7.png
27,3,846,lattice,1,e,img/target_3.png
27,3,847,lattice,3,u,img/target_7.png
27,3,848,lattice,1,e,img/target_3.png
27,3,849,lattice,0,i,img/target_8.png
27,3,850,lattice,9,b,img/target_6.png
27,3,851,lattice,7,o,img/target_9.png
27,3,852,lattice,8,r,img/target_4.png
27,3,853,lattice,0,i,img/target_8.png
27,3,854,lattice,9,b,img/target_6.png
27,3,855,lattice,1,e,img/target_3.png
27,3,856,lattice,2,v,img/target_5.png
27,3,857,lattice,4,q,img/target_1.png
27,3,858,lattice,5,p,img/target_10.png
27,3,859,lattice,3,u,img/target_7.png
27,3,860,lattice,1,e,img/target_3.png
27,3,861,lattice,3,u,img/target_7.png
27,3,862,lattice,2,v,img/target_5.png
27,3,863,lattice,0,i,img/target_8.png
27,3,864,lattice,1,e,img/target_3.png
27,3,865,lattice,3,u,img/target_7.png
27,3,866,lattice,5,p,img/target_10.png
27,3,867,lattice,3,u,img/target_7.png
27,3,868,lattice,2,v,img/target_5.png
27,3,869,lattice,3,u,img/target_7.png
27,3,870,lattice,5,p,img/target_10.png
27,3,871,lattice,6,w,img/target_2.png
27,3,872,lattice,8,r,img/target_4.png
27,3,873,lattice,7,o,img/target_9.png
27,3,874,lattice,8,r,img/target_4.png
27,3,875,lattice,7,o,img/target_9.png
27,3,876,lattice,9,b,img/target_6.png
27,3,877,lattice,8,r,img/target_4.png
27,3,878,lattice,6,w,img/target_2.png
27,3,879,lattice,7,o,img/target_9.png
27,3,880,lattice,5,p,img/target_10.png
27,3,881,lattice,3,u,img/target_7.png
27,3,882,lattice,2,v,img/target_5.png
27,3,883,lattice,1,e,img/target_3.png
27,3,884,lattice,0,i,img/target_8.png
27,3,885,lattice,2,v,img/target_5.png
27,3,886,lattice,0,i,img/target_8.png
27,3,887,lattice,9,b,img/target_6.png
27,3,888,lattice,0,i,img/target_8.png
27,3,889,lattice,8,r,img/target_4.png
27,3,890,lattice,7,o,img/target_9.png
27,3,891,lattice,9,b,img/target_6.png
27,3,892,lattice,8,r,img/target_4.png
27,3,893,lattice,0,i,img/target_8.png
27,3,894,lattice,8,r,img/target_4.png
27,3,895,lattice,6,w,img/target_2.png
27,3,896,lattice,8,r,img/target_4.png
27,3,897,lattice,7,o,img/target_9.png
27,3,898,lattice,9,b,img/target_6.png
27,3,899,lattice,0,i,img/target_8.png
27,3,900,lattice,8,r,img/target_4.png
27,3,901,lattice,0,i,img/target_8.png
27,3,902,lattice,9,b,img/target_6.png
27,3,903,lattice,8,r,img/target_4.png
27,3,904,lattice,6,w,img/target_2.png
27,3,905,lattice,4,q,img/target_1.png
27,3,906,lattice,6,w,img/target_2.png
27,3,907,lattice,8,r,img/target_4.png
27,3,908,lattice,0,i,img/target_8.png
27,3,909,lattice,1,e,img/target_3.png
27,3,910,lattice,3,u,img/target_7.png
27,3,911,lattice,2,v,img/target_5.png
27,3,912,lattice,3,u,img/target_7.png
27,3,913,lattice,1,e,img/target_3.png
27,3,914,lattice,2,v,img/target_5.png
27,3,915,lattice,4,q,img/target_1.png
27,3,916,lattice,6,w,img/target_2.png
27,3,917,lattice,7,o,img/target_9.png
27,3,918,lattice,8,r,img/target_4.png
27,3,919,lattice,6,w,img/target_2.png
27,3,920,lattice,8,r,img/target_4.png
27,3,921,lattice,9,b,img/target_6.png
27,3,922,lattice,7,o,img/target_9.png
27,3,923,lattice,5,p,img/target_10.png
27,3,924,lattice,6,w,img/target_2.png
27,3,925,lattice,4,q,img/target_1.png
27,3,926,lattice,3,u,img/target_7.png
27,3,927,lattice,2,v,img/target_5.png
27,3,928,lattice,0,i,img/target_8.png
27,3,929,lattice,8,r,img/target_4.png
27,3,930,lattice,9,b,img/target_6.png
27,3,931,lattice,8,r,img/target_4.png
27,3,932,lattice,7,o,img/target_9.png
27,3,933,lattice,8,r,img/target_4.png
27,3,934,lattice,7,o,img/target_9.png
27,3,935,lattice,5,p,img/target_10.png
27,3,936,lattice,7,o,img/target_9.png
27,3,937,lattice,6,w,img/target_2.png
27,3,938,lattice,5,p,img/target_10.png
27,3,939,lattice,6,w,img/target_2.png
27,3,940,lattice,8,r,img/target_4.png
27,3,941,lattice,7,o,img/target_9.png
27,3,942,lattice,5,p,img/target_10.png
27,3,943,lattice,4,q,img/target_1.png
27,3,944,lattice,3,u,img/target_7.png
27,3,945,lattice,2,v,img/target_5.png
27,3,946,lattice,4,q,img/target_1.png
27,3,947,lattice,3,u,img/target_7.png
27,3,948,lattice,4,q,img/target_1.png
27,3,949,lattice,3,u,img/target_7.png
27,3,950,lattice,2,v,img/target_5.png
27,3,951,lattice,4,q,img/target_1.png
27,3,952,lattice,2,v,img/target_5.png
27,3,953,lattice,1,e,img/target_3.png
27,3,954,lattice,0,i,img/target_8.png
27,3,955,lattice,1,e,img/target_3.png
27,3,956,lattice,2,v,img/target_5.png
27,3,957,lattice,1,e,img/target_3.png
27,3,958,lattice,3,u,img/target_7.png
27,3,959,lattice,1,e,img/target_3.png
27,3,960,lattice,2,v,img/target_5.png
27,3,961,lattice,0,i,img/target_8.png
27,3,962,lattice,9,b,img/target_6.png
27,3,963,lattice,1,e,img/target_3.png
27,3,964,lattice,2,v,img/target_5.png
27,3,965,lattice,1,e,img/target_3.png
27,3,966,lattice,9,b,img/target_6.png
27,3,967,lattice,8,r,img/target_4.png
27,3,968,lattice,7,o,img/target_9.png
27,3,969,lattice,6,w,img/target_2.png
27,3,970,lattice,7,o,img/target_9.png
27,3,971,lattice,5,p,img/target_10.png
27,3,972,lattice,3,u,img/target_7.png
27,3,973,lattice,5,p,img/target_10.png
27,3,974,lattice,4,q,img/target_1.png
27,3,975,lattice,5,p,img/target_10.png
27,3,976,lattice,6,w,img/target_2.png
27,3,977,lattice,7,o,img/target_9.png
27,3,978,lattice,9,b,img/target_6.png
27,3,979,lattice,7,o,img/target_9.png
27,3,980,lattice,8,r,img/target_4.png
27,3,981,lattice,9,b,img/target_6.png
27,3,982,lattice,7,o,img/target_9.png
27,3,983,lattice,8,r,img/target_4.png
27,3,984,lattice,6,w,img/target_2.png
27,3,985,lattice,8,r,img/target_4.png
27,3,986,lattice,0,i,img/target_8.png
27,3,987,lattice,1,e,img/target_3.png
27,3,988,lattice,3,u,img/target_7.png
27,3,989,lattice,4,q,img/target_1.png
27,3,990,lattice,6,w,img/target_2.png
27,3,991,lattice,7,o,img/target_9.png
27,3,992,lattice,8,r,img/target_4.png
27,3,993,lattice,0,i,img/target_8.png
27,3,994,lattice,1,e,img/target_3.png
27,3,995,lattice,0,i,img/target_8.png
27,3,996,lattice,2,v,img/target_5.png
27,3,997,lattice,3,u,img/target_7.png
27,3,998,lattice,4,q,img/target_1.png
27,3,999,lattice,6,w,img/target_2.png
27,3,1000,lattice,8,r,img/target_4.png
