pID,sess,trialNum,graph,walk,resp,path
27,1,1,lattice,3,u,img/target_7.png
27,1,2,lattice,2,v,img/target_5.png
27,1,3,lattice,4,q,img/target_1.png
27,1,4,lattice,2,v,img/target_5.png
27,1,5,lattice,4,q,img/target_1.png
27,1,6,lattice,5,p,img/target_10.png
27,1,7,lattice,7,o,img/target_9.png
27,1,8,lattice,9,b,img/target_6.png
27,1,9,lattice,7,o,img/target_9.png
27,1,10,lattice,6,w,img/target_2.png
27,1,11,lattice,8,r,img/target_4.png
27,1,12,lattice,9,b,img/target_6.png
27,1,13,lattice,0,i,img/target_8.png
27,1,14,lattice,1,e,img/target_3.png
27,1,15,lattice,2,v,img/target_5.png
27,1,16,lattice,1,e,img/target_3.png
27,1,17,lattice,0,i,img/target_8.png
27,1,18,lattice,8,r,img/target_4.png
27,1,19,lattice,6,w,img/target_2.png
27,1,20,lattice,4,q,img/target_1.png
27,1,21,lattice,3,u,img/target_7.png
27,1,22,lattice,1,e,img/target_3.png
27,1,23,lattice,2,v,img/target_5.png
27,1,24,lattice,0,i,img/target_8.png
27,1,25,lattice,9,b,img/target_6.png
27,1,26,lattice,0,i,img/target_8.png
27,1,27,lattice,1,e,img/target_3.png
27,1,28,lattice,9,b,img/target_6.png
27,1,29,lattice,0,i,img/target_8.png
27,1,30,lattice,1,e,img/target_3.png
27,1,31,lattice,9,b,img/target_6.png
27,1,32,lattice,0,i,img/target_8.png
27,1,33,lattice,1,e,img/target_3.png
27,1,34,lattice,0,i,img/target_8.png
27,1,35,lattice,1,e,img/target_3.png
27,1,36,lattice,2,v,img/target_5.png
27,1,37,lattice,4,q,img/target_1.png
27,1,38,lattice,5,p,img/target_10.png
27,1,39,lattice,7,o,img/target_9.png
27,1,40,lattice,9,b,img/target_6.png
27,1,41,lattice,1,e,img/target_3.png
27,1,42,lattice,0,i,img/target_8.png
27,1,43,lattice,8,r,img/target_4.png
27,1,44,lattice,0,i,img/target_8.png
27,1,45,lattice,8,r,img/target_4.png
27,1,46,lattice,7,o,img/target_9.png
27,1,47,lattice,6,w,img/target_2.png
27,1,48,lattice,4,q,img/target_1.png
27,1,49,lattice,6,w,img/target_2.png
27,1,50,lattice,8,r,img/target_4.png
27,1,51,lattice,0,i,img/target_8.png
27,1,52,lattice,8,r,img/target_4.png
27,1,53,lattice,9,b,img/target_6.png
27,1,54,lattice,8,r,img/target_4.png
27,1,55,lattice,6,w,img/target_2.png
27,1,56,lattice,8,r,img/target_4.png
27,1,57,lattice,0,i,img/target_8.png
27,1,58,lattice,1,e,img/target_3.png
27,1,59,lattice,2,v,img/target_5.png
27,1,60,lattice,0,i,img/target_8.png
27,1,61,lattice,2,v,img/target_5.png
27,1,62,lattice,1,e,img/target_3.png
27,1,63,lattice,2,v,img/target_5.png
27,1,64,lattice,0,i,img/target_8.png
27,1,65,lattice,1,e,img/target_3.png
27,1,66,lattice,3,u,img/target_7.png
27,1,67,lattice,1,e,img/target_3.png
27,1,68,lattice,2,v,img/target_5.png
27,1,69,lattice,3,u,img/target_7.png
27,1,70,lattice,4,q,img/target_1.png
27,1,71,lattice,5,p,img/target_10.png
27,1,72,lattice,6,w,img/target_2.png
27,1,73,lattice,8,r,img/target_4.png
27,1,74,lattice,9,b,img/target_6.png
27,1,75,lattice,7,o,img/target_9.png
27,1,76,lattice,9,b,img/target_6.png
27,1,77,lattice,1,e,img/target_3.png
27,1,78,lattice,0,i,img/target_8.png
27,1,79,lattice,8,r,img/target_4.png
27,1,80,lattice,0,i,img/target_8.png
27,1,81,lattice,9,b,img/target_6.png
27,1,82,lattice,8,r,img/target_4.png
27,1,83,lattice,7,o,img/target_9.png
27,1,84,lattice,8,r,img/target_4.png
27,1,85,lattice,9,b,img/target_6.png
27,1,86,lattice,0,i,img/target_8.png
27,1,87,lattice,8,r,img/target_4.png
27,1,88,lattice,9,b,img/target_6.png
27,1,89,lattice,7,o,img/target_9.png
27,1,90,lattice,6,w,img/target_2.png
27,1,91,lattice,4,q,img/target_1.png
27,1,92,lattice,3,u,img/target_7.png
27,1,93,lattice,5,p,img/target_10.png
27,1,94,lattice,6,w,img/target_2.png
27,1,95,lattice,7,o,img/target_9.png
27,1,96,lattice,9,b,img/target_6.png
27,1,97,lattice,1,e,img/target_3.png
27,1,98,lattice,9,b,img/target_6.png
27,1,99,lattice,7,o,img/target_9.png
27,1,100,lattice,6,w,img/target_2.png
27,1,101,lattice,4,q,img/target_1.png
27,1,102,lattice,3,u,img/target_7.png
27,1,103,lattice,1,e,img/target_3.png
27,1,104,lattice,3,u,img/target_7.png
27,1,105,lattice,4,q,img/target_1.png
27,1,106,lattice,3,u,img/target_7.png
27,1,107,lattice,5,p,img/target_10.png
27,1,108,lattice,6,w,img/target_2.png
27,1,109,lattice,5,p,img/target_10.png
27,1,110,lattice,4,q,img/target_1.png
27,1,111,lattice,3,u,img/target_7.png
27,1,112,lattice,4,q,img/target_1.png
27,1,113,lattice,6,w,img/target_2.png
27,1,114,lattice,8,r,img/target_4.png
27,1,115,lattice,0,i,img/target_8.png
27,1,116,lattice,2,v,img/target_5.png
27,1,117,lattice,4,q,img/target_1.png
27,1,118,lattice,3,u,img/target_7.png
27,1,119,lattice,2,v,img/target_5.png
27,1,120,lattice,0,i,img/target_8.png
27,1,121,lattice,2,v,img/target_5.png
27,1,122,lattice,0,i,img/target_8.png
27,1,123,lattice,2,v,img/target_5.png
27,1,124,lattice,1,e,img/target_3.png
27,1,125,lattice,3,u,img/target_7.png
27,1,126,lattice,1,e,img/target_3.png
27,1,127,lattice,2,v,img/target_5.png
27,1,128,lattice,1,e,img/target_3.png
27,1,129,lattice,3,u,img/target_7.png
27,1,130,lattice,2,v,img/target_5.png
27,1,131,lattice,4,q,img/target_1.png
27,1,132,lattice,2,v,img/target_5.png
27,1,133,lattice,4,q,img/target_1.png
27,1,134,lattice,3,u,img/target_7.png
27,1,135,lattice,2,v,img/target_5.png
27,1,136,lattice,4,q,img/target_1.png
27,1,137,lattice,2,v,img/target_5.png
27,1,138,lattice,1,e,img/target_3.png
27,1,139,lattice,9,b,img/target_6.png
27,1,140,lattice,0,i,img/target_8.png
27,1,141,lattice,2,v,img/target_5.png
27,1,142,lattice,3,u,img/target_7.png
27,1,143,lattice,2,v,img/target_5.png
27,1,144,lattice,3,u,img/target_7.png
27,1,145,lattice,1,e,img/target_3.png
27,1,146,lattice,2,v,img/target_5.png
27,1,147,lattice,3,u,img/target_7.png
27,1,148,lattice,1,e,img/target_3.png
27,1,149,lattice,3,u,img/target_7.png
27,1,150,lattice,5,p,img/target_10.png
27,1,151,lattice,6,w,img/target_2.png
27,1,152,lattice,8,r,img/target_4.png
27,1,153,lattice,7,o,img/target_9.png
27,1,154,lattice,6,w,img/target_2.png
27,1,155,lattice,8,r,img/target_4.png
27,1,156,lattice,0,i,img/target_8.png
27,1,157,lattice,9,b,img/target_6.png
27,1,158,lattice,7,o,img/target_9.png
27,1,159,lattice,6,w,img/target_2.png
27,1,160,lattice,8,r,img/target_4.png
27,1,161,lattice,6,w,img/target_2.png
27,1,162,lattice,8,r,img/target_4.png
27,1,163,lattice,7,o,img/target_9.png
27,1,164,lattice,8,r,img/target_4.png
27,1,165,lattice,6,w,img/target_2.png
27,1,166,lattice,5,p,img/target_10.png
27,1,167,lattice,4,q,img/target_1.png
27,1,168,lattice,2,v,img/target_5.png
27,1,169,lattice,4,q,img/target_1.png
27,1,170,lattice,5,p,img/target_10.png
27,1,171,lattice,7,o,img/target_9.png
27,1,172,lattice,5,p,img/target_10.png
27,1,173,lattice,3,u,img/target_7.png
27,1,174,lattice,4,q,img/target_1.png
27,1,175,lattice,2,v,img/target_5.png
27,1,176,lattice,3,u,img/target_7.png
27,1,177,lattice,1,e,img/target_3.png
27,1,178,lattice,9,b,img/target_6.png
27,1,179,lattice,1,e,img/target_3.png
27,1,180,lattice,3,u,img/target_7.png
27,1,181,lattice,4,q,img/target_1.png
27,1,182,lattice,6,w,img/target_2.png
27,1,183,lattice,5,p,img/target_10.png
27,1,184,lattice,3,u,img/target_7.png
27,1,185,lattice,4,q,img/target_1.png
27,1,186,lattice,2,v,img/target_5.png
27,1,187,lattice,1,e,img/target_3.png
27,1,188,lattice,3,u,img/target_7.png
27,1,189,lattice,4,q,img/target_1.png
27,1,190,lattice,5,p,img/target_10.png
27,1,191,lattice,7,o,img/target_9.png
27,1,192,lattice,8,r,img/target_4.png
27,1,193,lattice,0,i,img/target_8.png
27,1,194,lattice,8,r,img/target_4.png
27,1,195,lattice,9,b,img/target_6.png
27,1,196,lattice,1,e,img/target_3.png
27,1,197,lattice,2,v,img/target_5.png
27,1,198,lattice,0,i,img/target_8.png
27,1,199,lattice,1,e,img/target_3.png
27,1,200,lattice,2,v,img/target_5.png
27,1,201,lattice,1,e,img/target_3.png
27,1,202,lattice,0,i,img/target_8.png
27,1,203,lattice,9,b,img/target_6.png
27,1,204,lattice,1,e,img/target_3.png
27,1,205,lattice,3,u,img/target_7.png
27,1,206,lattice,5,p,img/target_10.png
27,1,207,lattice,7,o,img/target_9.png
27,1,208,lattice,6,w,img/target_2.png
27,1,209,lattice,5,p,img/target_10.png
27,1,210,lattice,3,u,img/target_7.png
27,1,211,lattice,4,q,img/target_1.png
27,1,212,lattice,6,w,img/target_2.png
27,1,213,lattice,7,o,img/target_9.png
27,1,214,lattice,5,p,img/target_10.png
27,1,215,lattice,7,o,img/target_9.png
27,1,216,lattice,9,b,img/target_6.png
27,1,217,lattice,7,o,img/target_9.png
27,1,218,lattice,9,b,img/target_6.png
27,1,219,lattice,7,o,img/target_9.png
27,1,220,lattice,6,w,img/target_2.png
27,1,221,lattice,5,p,img/target_10.png
27,1,222,lattice,6,w,img/target_2.png
27,1,223,lattice,8,r,img/target_4.png
27,1,224,lattice,9,b,img/target_6.png
27,1,225,lattice,7,o,img/target_9.png
27,1,226,lattice,6,w,img/target_2.png
27,1,227,lattice,7,o,img/target_9.png
27,1,228,lattice,9,b,img/target_6.png
27,1,229,lattice,8,r,img/target_4.png
27,1,230,lattice,6,w,img/target_2.png
27,1,231,lattice,5,p,img/target_10.png
27,1,232,lattice,4,q,img/target_1.png
27,1,233,lattice,5,p,img/target_10.png
27,1,234,lattice,4,q,img/target_1.png
27,1,235,lattice,6,w,img/target_2.png
27,1,236,lattice,7,o,img/target_9.png
27,1,237,lattice,8,r,img/target_4.png
27,1,238,lattice,0,i,img/target_8.png
27,1,239,lattice,8,r,img/target_4.png
27,1,240,lattice,6,w,img/target_2.png
27,1,241,lattice,5,p,img/target_10.png
27,1,242,lattice,4,q,img/target_1.png
27,1,243,lattice,3,u,img/target_7.png
27,1,244,lattice,4,q,img/target_1.png
27,1,245,lattice,3,u,img/target_7.png
27,1,246,lattice,2,v,img/target_5.png
27,1,247,lattice,4,q,img/target_1.png
27,1,248,lattice,3,u,img/target_7.png
27,1,249,lattice,1,e,img/target_3.png
27,1,250,lattice,2,v,img/target_5.png
27,1,251,lattice,4,q,img/target_1.png
27,1,252,lattice,3,u,img/target_7.png
27,1,253,lattice,1,e,img/target_3.png
27,1,254,lattice,2,v,img/target_5.png
27,1,255,lattice,0,i,img/target_8.png
27,1,256,lattice,2,v,img/target_5.png
27,1,257,lattice,1,e,img/target_3.png
27,1,258,lattice,9,b,img/target_6.png
27,1,259,lattice,7,o,img/target_9.png
27,1,260,lattice,9,b,img/target_6.png
27,1,261,lattice,0,i,img/target_8.png
27,1,262,lattice,1,e,img/target_3.png
27,1,263,lattice,2,v,img/target_5.png
27,1,264,lattice,3,u,img/target_7.png
27,1,265,lattice,5,p,img/target_10.png
27,1,266,lattice,3,u,img/target_7.png
27,1,267,lattice,5,p,img/target_10.png
27,1,268,lattice,3,u,img/target_7.png
27,1,269,lattice,5,p,img/target_10.png
27,1,270,lattice,3,u,img/target_7.png
27,1,271,lattice,1,e,img/target_3.png
27,1,272,lattice,0,i,img/target_8.png
27,1,273,lattice,2,v,img/target_5.png
27,1,274,lattice,4,q,img/target_1.png
27,1,275,lattice,2,v,img/target_5.png
27,1,276,lattice,3,u,img/target_7.png
27,1,277,lattice,5,p,img/target_10.png
27,1,278,lattice,7,o,img/target_9.png
27,1,279,lattice,6,w,img/target_2.png
27,1,280,lattice,8,r,img/target_4.png
27,1,281,lattice,7,o,img/target_9.png
27,1,282,lattice,8,r,img/target_4.png
27,1,283,lattice,7,o,img/target_9.png
27,1,284,lattice,8,r,img/target_4.png
27,1,285,lattice,6,w,img/target_2.png
27,1,286,lattice,5,p,img/target_10.png
27,1,287,lattice,7,o,img/target_9.png
27,1,288,lattice,6,w,img/target_2.png
27,1,289,lattice,5,p,img/target_10.png
27,1,290,lattice,7,o,img/target_9.png
27,1,291,lattice,6,w,img/target_2.png
27,1,292,lattice,7,o,img/target_9.png
27,1,293,lattice,8,r,img/target_4.png
27,1,294,lattice,7,o,img/target_9.png
27,1,295,lattice,9,b,img/target_6.png
27,1,296,lattice,0,i,img/target_8.png
27,1,297,lattice,1,e,img/target_3.png
27,1,298,lattice,3,u,img/target_7.png
27,1,299,lattice,1,e,img/target_3.png
27,1,300,lattice,0,i,img/target_8.png
27,1,301,lattice,9,b,img/target_6.png
27,1,302,lattice,8,r,img/target_4.png
27,1,303,lattice,9,b,img/target_6.png
27,1,304,lattice,0,i,img/target_8.png
27,1,305,lattice,1,e,img/target_3.png
27,1,306,lattice,2,v,img/target_5.png
27,1,307,lattice,3,u,img/target_7.png
27,1,308,lattice,4,q,img/target_1.png
27,1,309,lattice,2,v,img/target_5.png
27,1,310,lattice,0,i,img/target_8.png
27,1,311,lattice,1,e,img/target_3.png
27,1,312,lattice,0,i,img/target_8.png
27,1,313,lattice,1,e,img/target_3.png
27,1,314,lattice,0,i,img/target_8.png
27,1,315,lattice,8,r,img/target_4.png
27,1,316,lattice,0,i,img/target_8.png
27,1,317,lattice,8,r,img/target_4.png
27,1,318,lattice,6,w,img/target_2.png
27,1,319,lattice,4,q,img/target_1.png
27,1,320,lattice,5,p,img/target_10.png
27,1,321,lattice,6,w,img/target_2.png
27,1,322,lattice,7,o,img/target_9.png
27,1,323,lattice,9,b,img/target_6.png
27,1,324,lattice,7,o,img/target_9.png
27,1,325,lattice,8,r,img/target_4.png
27,1,326,lattice,0,i,img/target_8.png
27,1,327,lattice,8,r,img/target_4.png
27,1,328,lattice,7,o,img/target_9.png
27,1,329,lattice,9,b,img/target_6.png
27,1,330,lattice,1,e,img/target_3.png
27,1,331,lattice,0,i,img/target_8.png
27,1,332,lattice,2,v,img/target_5.png
27,1,333,lattice,3,u,img/target_7.png
27,1,334,lattice,1,e,img/target_3.png
27,1,335,lattice,3,u,img/target_7.png
27,1,336,lattice,5,p,img/target_10.png
27,1,337,lattice,7,o,img/target_9.png
27,1,338,lattice,9,b,img/target_6.png
27,1,339,lattice,1,e,img/target_3.png
27,1,340,lattice,9,b,img/target_6.png
27,1,341,lattice,0,i,img/target_8.png
27,1,342,lattice,9,b,img/target_6.png
27,1,343,lattice,1,e,img/target_3.png
27,1,344,lattice,3,u,img/target_7.png
27,1,345,lattice,1,e,img/target_3.png
27,1,346,lattice,0,i,img/target_8.png
27,1,347,lattice,9,b,img/target_6.png
27,1,348,lattice,8,r,img/target_4.png
27,1,349,lattice,9,b,img/target_6.png
27,1,350,lattice,8,r,img/target_4.png
27,1,351,lattice,9,b,img/target_6.png
27,1,352,lattice,8,r,img/target_4.png
27,1,353,lattice,0,i,img/target_8.png
27,1,354,lattice,8,r,img/target_4.png
27,1,355,lattice,7,o,img/target_9.png
27,1,356,lattice,9,b,img/target_6.png
27,1,357,lattice,0,i,img/target_8.png
27,1,358,lattice,2,v,img/target_5.png
27,1,359,lattice,4,q,img/target_1.png
27,1,360,lattice,6,w,img/target_2.png
27,1,361,lattice,7,o,img/target_9.png
27,1,362,lattice,8,r,img/target_4.png
27,1,363,lattice,7,o,img/target_9.png
27,1,364,lattice,9,b,img/target_6.png
27,1,365,lattice,1,e,img/target_3.png
27,1,366,lattice,9,b,img/target_6.png
27,1,367,lattice,1,e,img/target_3.png
27,1,368,lattice,9,b,img/target_6.png
27,1,369,lattice,1,e,img/target_3.png
27,1,370,lattice,0,i,img/target_8.png
27,1,371,lattice,8,r,img/target_4.png
27,1,372,lattice,6,w,img/target_2.png
27,1,373,lattice,8,r,img/target_4.png
27,1,374,lattice,0,i,img/target_8.png
27,1,375,lattice,2,v,img/target_5.png
27,1,376,lattice,3,u,img/target_7.png
27,1,377,lattice,1,e,img/target_3.png
27,1,378,lattice,9,b,img/target_6.png
27,1,379,lattice,8,r,img/target_4.png
27,1,380,lattice,6,w,img/target_2.png
27,1,381,lattice,5,p,img/target_10.png
27,1,382,lattice,7,o,img/target_9.png
27,1,383,lattice,9,b,img/target_6.png
27,1,384,lattice,8,r,img/target_4.png
27,1,385,lattice,9,b,img/target_6.png
27,1,386,lattice,1,e,img/target_3.png
27,1,387,lattice,3,u,img/target_7.png
27,1,388,lattice,5,p,img/target_10.png
27,1,389,lattice,6,w,img/target_2.png
27,1,390,lattice,8,r,img/target_4.png
27,1,391,lattice,0,i,img/target_8.png
27,1,392,lattice,1,e,img/target_3.png
27,1,393,lattice,2,v,img/target_5.png
27,1,394,lattice,0,i,img/target_8.png
27,1,395,lattice,1,e,img/target_3.png
27,1,396,lattice,3,u,img/target_7.png
27,1,397,lattice,1,e,img/target_3.png
27,1,398,lattice,2,v,img/target_5.png
27,1,399,lattice,1,e,img/target_3.png
27,1,400,lattice,2,v,img/target_5.png
27,1,401,lattice,0,i,img/target_8.png
27,1,402,lattice,8,r,img/target_4.png
27,1,403,lattice,0,i,img/target_8.png
27,1,404,lattice,9,b,img/target_6.png
27,1,405,lattice,8,r,img/target_4.png
27,1,406,lattice,9,b,img/target_6.png
27,1,407,lattice,8,r,img/target_4.png
27,1,408,lattice,0,i,img/target_8.png
27,1,409,lattice,8,r,img/target_4.png
27,1,410,lattice,7,o,img/target_9.png
27,1,411,lattice,6,w,img/target_2.png
27,1,412,lattice,4,q,img/target_1.png
27,1,413,lattice,3,u,img/target_7.png
27,1,414,lattice,1,e,img/target_3.png
27,1,415,lattice,2,v,img/target_5.png
27,1,416,lattice,0,i,img/target_8.png
27,1,417,lattice,1,e,img/target_3.png
27,1,418,lattice,0,i,img/target_8.png
27,1,419,lattice,8,r,img/target_4.png
27,1,420,lattice,7,o,img/target_9.png
27,1,421,lattice,5,p,img/target_10.png
27,1,422,lattice,4,q,img/target_1.png
27,1,423,lattice,3,u,img/target_7.png
27,1,424,lattice,4,q,img/target_1.png
27,1,425,lattice,6,w,img/target_2.png
27,1,426,lattice,4,q,img/target_1.png
27,1,427,lattice,2,v,img/target_5.png
27,1,428,lattice,1,e,img/target_3.png
27,1,429,lattice,9,b,img/target_6.png
27,1,430,lattice,7,o,img/target_9.png
27,1,431,lattice,9,b,img/target_6.png
27,1,432,lattice,0,i,img/target_8.png
27,1,433,lattice,2,v,img/target_5.png
27,1,434,lattice,4,q,img/target_1.png
27,1,435,lattice,5,p,img/target_10.png
27,1,436,lattice,6,w,img/target_2.png
27,1,437,lattice,5,p,img/target_10.png
27,1,438,lattice,4,q,img/target_1.png
27,1,439,lattice,2,v,img/target_5.png
27,1,440,lattice,1,e,img/target_3.png
27,1,441,lattice,3,u,img/target_7.png
27,1,442,lattice,4,q,img/target_1.png
27,1,443,lattice,5,p,img/target_10.png
27,1,444,lattice,3,u,img/target_7.png
27,1,445,lattice,1,e,img/target_3.png
27,1,446,lattice,0,i,img/target_8.png
27,1,447,lattice,8,r,img/target_4.png
27,1,448,lattice,9,b,img/target_6.png
27,1,449,lattice,7,o,img/target_9.png
27,1,450,lattice,5,p,img/target_10.png
27,1,451,lattice,7,o,img/target_9.png
27,1,452,lattice,8,r,img/target_4.png
27,1,453,lattice,0,i,img/target_8.png
27,1,454,lattice,2,v,img/target_5.png
27,1,455,lattice,0,i,img/target_8.png
27,1,456,lattice,8,r,img/target_4.png
27,1,457,lattice,7,o,img/target_9.png
27,1,458,lattice,6,w,img/target_2.png
27,1,459,lattice,8,r,img/target_4.png
27,1,460,lattice,7,o,img/target_9.png
27,1,461,lattice,9,b,img/target_6.png
27,1,462,lattice,7,o,img/target_9.png
27,1,463,lattice,8,r,img/target_4.png
27,1,464,lattice,6,w,img/target_2.png
27,1,465,lattice,7,o,img/target_9.png
27,1,466,lattice,5,p,img/target_10.png
27,1,467,lattice,7,o,img/target_9.png
27,1,468,lattice,6,w,img/target_2.png
27,1,469,lattice,8,r,img/target_4.png
27,1,470,lattice,7,o,img/target_9.png
27,1,471,lattice,9,b,img/target_6.png
27,1,472,lattice,8,r,img/target_4.png
27,1,473,lattice,6,w,img/target_2.png
27,1,474,lattice,8,r,img/target_4.png
27,1,475,lattice,6,w,img/target_2.png
27,1,476,lattice,5,p,img/target_10.png
27,1,477,lattice,7,o,img/target_9.png
27,1,478,lattice,6,w,img/target_2.png
27,1,479,lattice,8,r,img/target_4.png
27,1,480,lattice,6,w,img/target_2.png
27,1,481,lattice,5,p,img/target_10.png
27,1,482,lattice,3,u,img/target_7.png
27,1,483,lattice,2,v,img/target_5.png
27,1,484,lattice,4,q,img/target_1.png
27,1,485,lattice,3,u,img/target_7.png
27,1,486,lattice,2,v,img/target_5.png
27,1,487,lattice,0,i,img/target_8.png
27,1,488,lattice,9,b,img/target_6.png
27,1,489,lattice,7,o,img/target_9.png
27,1,490,lattice,8,r,img/target_4.png
27,1,491,lattice,6,w,img/target_2.png
27,1,492,lattice,8,r,img/target_4.png
27,1,493,lattice,7,o,img/target_9.png
27,1,494,lattice,8,r,img/target_4.png
27,1,495,lattice,0,i,img/target_8.png
27,1,496,lattice,1,e,img/target_3.png
27,1,497,lattice,2,v,img/target_5.png
27,1,498,lattice,0,i,img/target_8.png
27,1,499,lattice,8,r,img/target_4.png
27,1,500,lattice,0,i,img/target_8.png
27,1,501,lattice,1,e,img/target_3.png
27,1,502,lattice,3,u,img/target_7.png
27,1,503,lattice,4,q,img/target_1.png
27,1,504,lattice,6,w,img/target_2.png
27,1,505,lattice,4,q,img/target_1.png
27,1,506,lattice,5,p,img/target_10.png
27,1,507,lattice,3,u,img/target_7.png
27,1,508,lattice,5,p,img/target_10.png
27,1,509,lattice,6,w,img/target_2.png
27,1,510,lattice,4,q,img/target_1.png
27,1,511,lattice,5,p,img/target_10.png
27,1,512,lattice,6,w,img/target_2.png
27,1,513,lattice,4,q,img/target_1.png
27,1,514,lattice,5,p,img/target_10.png
27,1,515,lattice,3,u,img/target_7.png
27,1,516,lattice,5,p,img/target_10.png
27,1,517,lattice,3,u,img/target_7.png
27,1,518,lattice,1,e,img/target_3.png
27,1,519,lattice,0,i,img/target_8.png
27,1,520,lattice,2,v,img/target_5.png
27,1,521,lattice,4,q,img/target_1.png
27,1,522,lattice,3,u,img/target_7.png
27,1,523,lattice,2,v,img/target_5.png
27,1,524,lattice,3,u,img/target_7.png
27,1,525,lattice,5,p,img/target_10.png
27,1,526,lattice,3,u,img/target_7.png
27,1,527,lattice,2,v,img/target_5.png
27,1,528,lattice,0,i,img/target_8.png
27,1,529,lattice,2,v,img/target_5.png
27,1,530,lattice,3,u,img/target_7.png
27,1,531,lattice,1,e,img/target_3.png
27,1,532,lattice,3,u,img/target_7.png
27,1,533,lattice,5,p,img/target_10.png
27,1,534,lattice,6,w,img/target_2.png
27,1,535,lattice,8,r,img/target_4.png
27,1,536,lattice,6,w,img/target_2.png
27,1,537,lattice,7,o,img/target_9.png
27,1,538,lattice,5,p,img/target_10.png
27,1,539,lattice,7,o,img/target_9.png
27,1,540,lattice,5,p,img/target_10.png
27,1,541,lattice,4,q,img/target_1.png
27,1,542,lattice,6,w,img/target_2.png
27,1,543,lattice,8,r,img/target_4.png
27,1,544,lattice,0,i,img/target_8.png
27,1,545,lattice,2,v,img/target_5.png
27,1,546,lattice,4,q,img/target_1.png
27,1,547,lattice,2,v,img/target_5.png
27,1,548,lattice,4,q,img/target_1.png
27,1,549,lattice,5,p,img/target_10.png
27,1,550,lattice,7,o,img/target_9.png
27,1,551,lattice,9,b,img/target_6.png
27,1,552,lattice,0,i,img/target_8.png
27,1,553,lattice,9,b,img/target_6.png
27,1,554,lattice,0,i,img/target_8.png
27,1,555,lattice,9,b,img/target_6.png
27,1,556,lattice,0,i,img/target_8.png
27,1,557,lattice,8,r,img/target_4.png
27,1,558,lattice,9,b,img/target_6.png
27,1,559,lattice,0,i,img/target_8.png
27,1,560,lattice,2,v,img/target_5.png
27,1,561,lattice,4,q,img/target_1.png
27,1,562,lattice,6,w,img/target_2.png
27,1,563,lattice,4,q,img/target_1.png
27,1,564,lattice,3,u,img/target_7.png
27,1,565,lattice,4,q,img/target_1.png
27,1,566,lattice,6,w,img/target_2.png
27,1,567,lattice,4,q,img/target_1.png
27,1,568,lattice,5,p,img/target_10.png
27,1,569,lattice,6,w,img/target_2.png
27,1,570,lattice,5,p,img/target_10.png
27,1,571,lattice,7,o,img/target_9.png
27,1,572,lattice,6,w,img/target_2.png
27,1,573,lattice,8,r,img/target_4.png
27,1,574,lattice,9,b,img/target_6.png
27,1,575,lattice,7,o,img/target_9.png
27,1,576,lattice,6,w,img/target_2.png
27,1,577,lattice,5,p,img/target_10.png
27,1,578,lattice,4,q,img/target_1.png
27,1,579,lattice,3,u,img/target_7.png
27,1,580,lattice,1,e,img/target_3.png
27,1,581,lattice,3,u,img/target_7.png
27,1,582,lattice,2,v,img/target_5.png
27,1,583,lattice,4,q,img/target_1.png
27,1,584,lattice,5,p,img/target_10.png
27,1,585,lattice,6,w,img/target_2.png
27,1,586,lattice,4,q,img/target_1.png
27,1,587,lattice,6,w,img/target_2.png
27,1,588,lattice,4,q,img/target_1.png
27,1,589,lattice,5,p,img/target_10.png
27,1,590,lattice,3,u,img/target_7.png
27,1,591,lattice,5,p,img/target_10.png
27,1,592,lattice,7,o,img/target_9.png
27,1,593,lattice,5,p,img/target_10.png
27,1,594,lattice,7,o,img/target_9.png
27,1,595,lattice,6,w,img/target_2.png
27,1,596,lattice,5,p,img/target_10.png
27,1,597,lattice,3,u,img/target_7.png
27,1,598,lattice,2,v,img/target_5.png
27,1,599,lattice,4,q,img/target_1.png
27,1,600,lattice,3,u,img/target_7.png
27,1,601,lattice,5,p,img/target_10.png
27,1,602,lattice,4,q,img/target_1.png
27,1,603,lattice,3,u,img/target_7.png
27,1,604,lattice,5,p,img/target_10.png
27,1,605,lattice,3,u,img/target_7.png
27,1,606,lattice,2,v,img/target_5.png
27,1,607,lattice,0,i,img/target_8.png
27,1,608,lattice,8,r,img/target_4.png
27,1,609,lattice,0,i,img/target_8.png
27,1,610,lattice,8,r,img/target_4.png
27,1,611,lattice,7,o,img/target_9.png
27,1,612,lattice,5,p,img/target_10.png
27,1,613,lattice,4,q,img/target_1.png
27,1,614,lattice,2,v,img/target_5.png
27,1,615,lattice,0,i,img/target_8.png
27,1,616,lattice,2,v,img/target_5.png
27,1,617,lattice,0,i,img/target_8.png
27,1,618,lattice,8,r,img/target_4.png
27,1,619,lattice,0,i,img/target_8.png
27,1,620,lattice,2,v,img/target_5.png
27,1,621,lattice,1,e,img/target_3.png
27,1,622,lattice,9,b,img/target_6.png
27,1,623,lattice,0,i,img/target_8.png
27,1,624,lattice,1,e,img/target_3.png
27,1,625,lattice,9,b,img/target_6.png
27,1,626,lattice,7,o,img/target_9.png
27,1,627,lattice,9,b,img/target_6.png
27,1,628,lattice,7,o,img/target_9.png
27,1,629,lattice,5,p,img/target_10.png
27,1,630,lattice,6,w,img/target_2.png
27,1,631,lattice,4,q,img/target_1.png
27,1,632,lattice,5,p,img/target_10.png
27,1,633,lattice,4,q,img/target_1.png
27,1,634,lattice,5,p,img/target_10.png
27,1,635,lattice,7,o,img/target_9.png
27,1,636,lattice,5,p,img/target_10.png
27,1,637,lattice,6,w,img/target_2.png
27,1,638,lattice,4,q,img/target_1.png
27,1,639,lattice,3,u,img/target_7.png
27,1,640,lattice,2,v,img/target_5.png
27,1,641,lattice,0,i,img/target_8.png
27,1,642,lattice,2,v,img/target_5.png
27,1,643,lattice,1,e,img/target_3.png
27,1,644,lattice,2,v,img/target_5.png
27,1,645,lattice,0,i,img/target_8.png
27,1,646,lattice,2,v,img/target_5.png
27,1,647,lattice,0,i,img/target_8.png
27,1,648,lattice,8,r,img/target_4.png
27,1,649,lattice,6,w,img/target_2.png
27,1,650,lattice,4,q,img/target_1.png
27,1,651,lattice,2,v,img/target_5.png
27,1,652,lattice,1,e,img/target_3.png
27,1,653,lattice,3,u,img/target_7.png
27,1,654,lattice,4,q,img/target_1.png
27,1,655,lattice,3,u,img/target_7.png
27,1,656,lattice,1,e,img/target_3.png
27,1,657,lattice,2,v,img/target_5.png
27,1,658,lattice,0,i,img/target_8.png
27,1,659,lattice,2,v,img/target_5.png
27,1,660,lattice,1,e,img/target_3.png
27,1,661,lattice,9,b,img/target_6.png
27,1,662,lattice,8,r,img/target_4.png
27,1,663,lattice,0,i,img/target_8.png
27,1,664,lattice,2,v,img/target_5.png
27,1,665,lattice,3,u,img/target_7.png
27,1,666,lattice,4,q,img/target_1.png
27,1,667,lattice,5,p,img/target_10.png
27,1,668,lattice,6,w,img/target_2.png
27,1,669,lattice,4,q,img/target_1.png
27,1,670,lattice,3,u,img/target_7.png
27,1,671,lattice,2,v,img/target_5.png
27,1,672,lattice,0,i,img/target_8.png
27,1,673,lattice,9,b,img/target_6.png
27,1,674,lattice,8,r,img/target_4.png
27,1,675,lattice,9,b,img/target_6.png
27,1,676,lattice,1,e,img/target_3.png
27,1,677,lattice,0,i,img/target_8.png
27,1,678,lattice,2,v,img/target_5.png
27,1,679,lattice,4,q,img/target_1.png
27,1,680,lattice,3,u,img/target_7.png
27,1,681,lattice,5,p,img/target_10.png
27,1,682,lattice,4,q,img/target_1.png
27,1,683,lattice,5,p,img/target_10.png
27,1,684,lattice,7,o,img/target_9.png
27,1,685,lattice,9,b,img/target_6.png
27,1,686,lattice,7,o,img/target_9.png
27,1,687,lattice,5,p,img/target_10.png
27,1,688,lattice,7,o,img/target_9.png
27,1,689,lattice,5,p,img/target_10.png
27,1,690,lattice,7,o,img/target_9.png
27,1,691,lattice,5,p,img/target_10.png
27,1,692,lattice,7,o,img/target_9.png
27,1,693,lattice,5,p,img/target_10.png
27,1,694,lattice,6,w,img/target_2.png
27,1,695,lattice,7,o,img/target_9.png
27,1,696,lattice,8,r,img/target_4.png
27,1,697,lattice,6,w,img/target_2.png
27,1,698,lattice,8,r,img/target_4.png
27,1,699,lattice,6,w,img/target_2.png
27,1,700,lattice,8,r,img/target_4.png
27,1,701,lattice,9,b,img/target_6.png
27,1,702,lattice,0,i,img/target_8.png
27,1,703,lattice,2,v,img/target_5.png
27,1,704,lattice,4,q,img/target_1.png
27,1,705,lattice,3,u,img/target_7.png
27,1,706,lattice,2,v,img/target_5.png
27,1,707,lattice,4,q,img/target_1.png
27,1,708,lattice,5,p,img/target_10.png
27,1,709,lattice,4,q,img/target_1.png
27,1,710,lattice,2,v,img/target_5.png
27,1,711,lattice,4,q,img/target_1.png
27,1,712,lattice,3,u,img/target_7.png
27,1,713,lattice,1,e,img/target_3.png
27,1,714,lattice,9,b,img/target_6.png
27,1,715,lattice,7,o,img/target_9.png
27,1,716,lattice,9,b,img/target_6.png
27,1,717,lattice,1,e,img/target_3.png
27,1,718,lattice,3,u,img/target_7.png
27,1,719,lattice,4,q,img/target_1.png
27,1,720,lattice,2,v,img/target_5.png
27,1,721,lattice,3,u,img/target_7.png
27,1,722,lattice,1,e,img/target_3.png
27,1,723,lattice,2,v,img/target_5.png
27,1,724,lattice,4,q,img/target_1.png
27,1,725,lattice,2,v,img/target_5.png
27,1,726,lattice,0,i,img/target_8.png
27,1,727,lattice,2,v,img/target_5.png
27,1,728,lattice,3,u,img/target_7.png
27,1,729,lattice,4,q,img/target_1.png
27,1,730,lattice,2,v,img/target_5.png
27,1,731,lattice,1,e,img/target_3.png
27,1,732,lattice,2,v,img/target_5.png
27,1,733,lattice,1,e,img/target_3.png
27,1,734,lattice,3,u,img/target_7.png
27,1,735,lattice,5,p,img/target_10.png
27,1,736,lattice,6,w,img/target_2.png
27,1,737,lattice,7,o,img/target_9.png
27,1,738,lattice,9,b,img/target_6.png
27,1,739,lattice,0,i,img/target_8.png
27,1,740,lattice,8,r,img/target_4.png
27,1,741,lattice,0,i,img/target_8.png
27,1,742,lattice,1,e,img/target_3.png
27,1,743,lattice,3,u,img/target_7.png
27,1,744,lattice,4,q,img/target_1.png
27,1,745,lattice,2,v,img/target_5.png
27,1,746,lattice,0,i,img/target_8.png
27,1,747,lattice,9,b,img/target_6.png
27,1,748,lattice,7,o,img/target_9.png
27,1,749,lattice,5,p,img/target_10.png
27,1,750,lattice,4,q,img/target_1.png
27,1,751,lattice,2,v,img/target_5.png
27,1,752,lattice,0,i,img/target_8.png
27,1,753,lattice,1,e,img/target_3.png
27,1,754,lattice,3,u,img/target_7.png
27,1,755,lattice,2,v,img/target_5.png
27,1,756,lattice,0,i,img/target_8.png
27,1,757,lattice,9,b,img/target_6.png
27,1,758,lattice,7,o,img/target_9.png
27,1,759,lattice,5,p,img/target_10.png
27,1,760,lattice,3,u,img/target_7.png
27,1,761,lattice,1,e,img/target_3.png
27,1,762,lattice,3,u,img/target_7.png
27,1,763,lattice,2,v,img/target_5.png
27,1,764,lattice,0,i,img/target_8.png
27,1,765,lattice,2,v,img/target_5.png
27,1,766,lattice,1,e,img/target_3.png
27,1,767,lattice,0,i,img/target_8.png
27,1,768,lattice,1,e,img/target_3.png
27,1,769,lattice,0,i,img/target_8.png
27,1,770,lattice,2,v,img/target_5.png
27,1,771,lattice,0,i,img/target_8.png
27,1,772,lattice,8,r,img/target_4.png
27,1,773,lattice,7,o,img/target_9.png
27,1,774,lattice,5,p,img/target_10.png
27,1,775,lattice,3,u,img/target_7.png
27,1,776,lattice,4,q,img/target_1.png
27,1,777,lattice,2,v,img/target_5.png
27,1,778,lattice,1,e,img/target_3.png
27,1,779,lattice,3,u,img/target_7.png
27,1,780,lattice,4,q,img/target_1.png
27,1,781,lattice,5,p,img/target_10.png
27,1,782,lattice,3,u,img/target_7.png
27,1,783,lattice,1,e,img/target_3.png
27,1,784,lattice,9,b,img/target_6.png
27,1,785,lattice,7,o,img/target_9.png
27,1,786,lattice,6,w,img/target_2.png
27,1,787,lattice,8,r,img/target_4.png
27,1,788,lattice,0,i,img/target_8.png
27,1,789,lattice,2,v,img/target_5.png
27,1,790,lattice,1,e,img/target_3.png
27,1,791,lattice,3,u,img/target_7.png
27,1,792,lattice,1,e,img/target_3.png
27,1,793,lattice,2,v,img/target_5.png
27,1,794,lattice,3,u,img/target_7.png
27,1,795,lattice,1,e,img/target_3.png
27,1,796,lattice,3,u,img/target_7.png
27,1,797,lattice,2,v,img/target_5.png
27,1,798,lattice,0,i,img/target_8.png
27,1,799,lattice,1,e,img/target_3.png
27,1,800,lattice,0,i,img/target_8.png
27,1,801,lattice,9,b,img/target_6.png
27,1,802,lattice,7,o,img/target_9.png
27,1,803,lattice,9,b,img/target_6.png
27,1,804,lattice,7,o,img/target_9.png
27,1,805,lattice,8,r,img/target_4.png
27,1,806,lattice,7,o,img/target_9.png
27,1,807,lattice,6,w,img/target_2.png
27,1,808,lattice,4,q,img/target_1.png
27,1,809,lattice,6,w,img/target_2.png
27,1,810,lattice,7,o,img/target_9.png
27,1,811,lattice,6,w,img/target_2.png
27,1,812,lattice,4,q,img/target_1.png
27,1,813,lattice,3,u,img/target_7.png
27,1,814,lattice,1,e,img/target_3.png
27,1,815,lattice,3,u,img/target_7.png
27,1,816,lattice,4,q,img/target_1.png
27,1,817,lattice,6,w,img/target_2.png
27,1,818,lattice,4,q,img/target_1.png
27,1,819,lattice,2,v,img/target_5.png
27,1,820,lattice,3,u,img/target_7.png
27,1,821,lattice,1,e,img/target_3.png
27,1,822,lattice,0,i,img/target_8.png
27,1,823,lattice,9,b,img/target_6.png
27,1,824,lattice,7,o,img/target_9.png
27,1,825,lattice,9,b,img/target_6.png
27,1,826,lattice,1,e,img/target_3.png
27,1,827,lattice,0,i,img/target_8.png
27,1,828,lattice,8,r,img/target_4.png
27,1,829,lattice,6,w,img/target_2.png
27,1,830,lattice,5,p,img/target_10.png
27,1,831,lattice,4,q,img/target_1.png
27,1,832,lattice,6,w,img/target_2.png
27,1,833,lattice,7,o,img/target_9.png
27,1,834,lattice,9,b,img/target_6.png
27,1,835,lattice,0,i,img/target_8.png
27,1,836,lattice,9,b,img/target_6.png
27,1,837,lattice,0,i,img/target_8.png
27,1,838,lattice,1,e,img/target_3.png
27,1,839,lattice,3,u,img/target_7.png
27,1,840,lattice,2,v,img/target_5.png
27,1,841,lattice,0,i,img/target_8.png
27,1,842,lattice,2,v,img/target_5.png
27,1,843,lattice,0,i,img/target_8.png
27,1,844,lattice,2,v,img/target_5.png
27,1,845,lattice,4,q,img/target_1.png
27,1,846,lattice,2,v,img/target_5.png
27,1,847,lattice,4,q,img/target_1.png
27,1,848,lattice,2,v,img/target_5.png
27,1,849,lattice,3,u,img/target_7.png
27,1,850,lattice,4,q,img/target_1.png
27,1,851,lattice,5,p,img/target_10.png
27,1,852,lattice,4,q,img/target_1.png
27,1,853,lattice,6,w,img/target_2.png
27,1,854,lattice,8,r,img/target_4.png
27,1,855,lattice,0,i,img/target_8.png
27,1,856,lattice,1,e,img/target_3.png
27,1,857,lattice,9,b,img/target_6.png
27,1,858,lattice,1,e,img/target_3.png
27,1,859,lattice,0,i,img/target_8.png
27,1,860,lattice,1,e,img/target_3.png
27,1,861,lattice,3,u,img/target_7.png
27,1,862,lattice,4,q,img/target_1.png
27,1,863,lattice,3,u,img/target_7.png
27,1,864,lattice,2,v,img/target_5.png
27,1,865,lattice,3,u,img/target_7.png
27,1,866,lattice,2,v,img/target_5.png
27,1,867,lattice,1,e,img/target_3.png
27,1,868,lattice,9,b,img/target_6.png
27,1,869,lattice,8,r,img/target_4.png
27,1,870,lattice,6,w,img/target_2.png
27,1,871,lattice,7,o,img/target_9.png
27,1,872,lattice,5,p,img/target_10.png
27,1,873,lattice,3,u,img/target_7.png
27,1,874,lattice,2,v,img/target_5.png
27,1,875,lattice,1,e,img/target_3.png
27,1,876,lattice,3,u,img/target_7.png
27,1,877,lattice,1,e,img/target_3.png
27,1,878,lattice,3,u,img/target_7.png
27,1,879,lattice,4,q,img/target_1.png
27,1,880,lattice,5,p,img/target_10.png
27,1,881,lattice,7,o,img/target_9.png
27,1,882,lattice,8,r,img/target_4.png
27,1,883,lattice,9,b,img/target_6.png
27,1,884,lattice,8,r,img/target_4.png
27,1,885,lattice,6,w,img/target_2.png
27,1,886,lattice,4,q,img/target_1.png
27,1,887,lattice,5,p,img/target_10.png
27,1,888,lattice,7,o,img/target_9.png
27,1,889,lattice,5,p,img/target_10.png
27,1,890,lattice,6,w,img/target_2.png
27,1,891,lattice,8,r,img/target_4.png
27,1,892,lattice,7,o,img/target_9.png
27,1,893,lattice,8,r,img/target_4.png
27,1,894,lattice,6,w,img/target_2.png
27,1,895,lattice,4,q,img/target_1.png
27,1,896,lattice,2,v,img/target_5.png
27,1,897,lattice,3,u,img/target_7.png
27,1,898,lattice,4,q,img/target_1.png
27,1,899,lattice,6,w,img/target_2.png
27,1,900,lattice,7,o,img/target_9.png
27,1,901,lattice,5,p,img/target_10.png
27,1,902,lattice,3,u,img/target_7.png
27,1,903,lattice,1,e,img/target_3.png
27,1,904,lattice,9,b,img/target_6.png
27,1,905,lattice,7,o,img/target_9.png
27,1,906,lattice,6,w,img/target_2.png
27,1,907,lattice,7,o,img/target_9.png
27,1,908,lattice,9,b,img/target_6.png
27,1,909,lattice,8,r,img/target_4.png
27,1,910,lattice,7,o,img/target_9.png
27,1,911,lattice,6,w,img/target_2.png
27,1,912,lattice,8,r,img/target_4.png
27,1,913,lattice,9,b,img/target_6.png
27,1,914,lattice,8,r,img/target_4.png
27,1,915,lattice,0,i,img/target_8.png
27,1,916,lattice,2,v,img/target_5.png
27,1,917,lattice,0,i,img/target_8.png
27,1,918,lattice,8,r,img/target_4.png
27,1,919,lattice,9,b,img/target_6.png
27,1,920,lattice,0,i,img/target_8.png
27,1,921,lattice,9,b,img/target_6.png
27,1,922,lattice,7,o,img/target_9.png
27,1,923,lattice,5,p,img/target_10.png
27,1,924,lattice,6,w,img/target_2.png
27,1,925,lattice,8,r,img/target_4.png
27,1,926,lattice,6,w,img/target_2.png
27,1,927,lattice,8,r,img/target_4.png
27,1,928,lattice,6,w,img/target_2.png
27,1,929,lattice,7,o,img/target_9.png
27,1,930,lattice,8,r,img/target_4.png
27,1,931,lattice,7,o,img/target_9.png
27,1,932,lattice,8,r,img/target_4.png
27,1,933,lattice,7,o,img/target_9.png
27,1,934,lattice,9,b,img/target_6.png
27,1,935,lattice,0,i,img/target_8.png
27,1,936,lattice,9,b,img/target_6.png
27,1,937,lattice,8,r,img/target_4.png
27,1,938,lattice,9,b,img/target_6.png
27,1,939,lattice,8,r,img/target_4.png
27,1,940,lattice,9,b,img/target_6.png
27,1,941,lattice,0,i,img/target_8.png
27,1,942,lattice,9,b,img/target_6.png
27,1,943,lattice,7,o,img/target_9.png
27,1,944,lattice,5,p,img/target_10.png
27,1,945,lattice,6,w,img/target_2.png
27,1,946,lattice,7,o,img/target_9.png
27,1,947,lattice,8,r,img/target_4.png
27,1,948,lattice,7,o,img/target_9.png
27,1,949,lattice,6,w,img/target_2.png
27,1,950,lattice,4,q,img/target_1.png
27,1,951,lattice,6,w,img/target_2.png
27,1,952,lattice,8,r,img/target_4.png
27,1,953,lattice,6,w,img/target_2.png
27,1,954,lattice,8,r,img/target_4.png
27,1,955,lattice,0,i,img/target_8.png
27,1,956,lattice,1,e,img/target_3.png
27,1,957,lattice,9,b,img/target_6.png
27,1,958,lattice,8,r,img/target_4.png
27,1,959,lattice,6,w,img/target_2.png
27,1,960,lattice,4,q,img/target_1.png
27,1,961,lattice,2,v,img/target_5.png
27,1,962,lattice,3,u,img/target_7.png
27,1,963,lattice,2,v,img/target_5.png
27,1,964,lattice,1,e,img/target_3.png
27,1,965,lattice,3,u,img/target_7.png
27,1,966,lattice,4,q,img/target_1.png
27,1,967,lattice,3,u,img/target_7.png
27,1,968,lattice,1,e,img/target_3.png
27,1,969,lattice,0,i,img/target_8.png
27,1,970,lattice,8,r,img/target_4.png
27,1,971,lattice,7,o,img/target_9.png
27,1,972,lattice,5,p,img/target_10.png
27,1,973,lattice,6,w,img/target_2.png
27,1,974,lattice,5,p,img/target_10.png
27,1,975,lattice,3,u,img/target_7.png
27,1,976,lattice,2,v,img/target_5.png
27,1,977,lattice,3,u,img/target_7.png
27,1,978,lattice,4,q,img/target_1.png
27,1,979,lattice,2,v,img/target_5.png
27,1,980,lattice,3,u,img/target_7.png
27,1,981,lattice,4,q,img/target_1.png
27,1,982,lattice,5,p,img/target_10.png
27,1,983,lattice,7,o,img/target_9.png
27,1,984,lattice,9,b,img/target_6.png
27,1,985,lattice,1,e,img/target_3.png
27,1,986,lattice,2,v,img/target_5.png
27,1,987,lattice,3,u,img/target_7.png
27,1,988,lattice,2,v,img/target_5.png
27,1,989,lattice,4,q,img/target_1.png
27,1,990,lattice,5,p,img/target_10.png
27,1,991,lattice,7,o,img/target_9.png
27,1,992,lattice,5,p,img/target_10.png
27,1,993,lattice,6,w,img/target_2.png
27,1,994,lattice,5,p,img/target_10.png
27,1,995,lattice,3,u,img/target_7.png
27,1,996,lattice,5,p,img/target_10.png
27,1,997,lattice,7,o,img/target_9.png
27,1,998,lattice,5,p,img/target_10.png
27,1,999,lattice,7,o,img/target_9.png
27,1,1000,lattice,8,r,img/target_4.png
