pID,sess,trialNum,graph,walk,resp,path
35,2,1,lattice,7,e,img/target_3.png
35,2,2,lattice,8,b,img/target_6.png
35,2,3,lattice,9,q,img/target_1.png
35,2,4,lattice,7,e,img/target_3.png
35,2,5,lattice,6,o,img/target_9.png
35,2,6,lattice,4,i,img/target_8.png
35,2,7,lattice,6,o,img/target_9.png
35,2,8,lattice,7,e,img/target_3.png
35,2,9,lattice,6,o,img/target_9.png
35,2,10,lattice,5,v,img/target_5.png
35,2,11,lattice,3,p,img/target_10.png
35,2,12,lattice,1,r,img/target_4.png
35,2,13,lattice,3,p,img/target_10.png
35,2,14,lattice,5,v,img/target_5.png
35,2,15,lattice,4,i,img/target_8.png
35,2,16,lattice,5,v,img/target_5.png
35,2,17,lattice,3,p,img/target_10.png
35,2,18,lattice,4,i,img/target_8.png
35,2,19,lattice,2,u,img/target_7.png
35,2,20,lattice,1,r,img/target_4.png
35,2,21,lattice,9,q,img/target_1.png
35,2,22,lattice,7,e,img/target_3.png
35,2,23,lattice,6,o,img/target_9.png
35,2,24,lattice,7,e,img/target_3.png
35,2,25,lattice,9,q,img/target_1.png
35,2,26,lattice,1,r,img/target_4.png
35,2,27,lattice,3,p,img/target_10.png
35,2,28,lattice,4,i,img/target_8.png
35,2,29,lattice,2,u,img/target_7.png
35,2,30,lattice,0,w,img/target_2.png
35,2,31,lattice,2,u,img/target_7.png
35,2,32,lattice,0,w,img/target_2.png
35,2,33,lattice,8,b,img/target_6.png
35,2,34,lattice,0,w,img/target_2.png
35,2,35,lattice,2,u,img/target_7.png
35,2,36,lattice,3,p,img/target_10.png
35,2,37,lattice,5,v,img/target_5.png
35,2,38,lattice,3,p,img/target_10.png
35,2,39,lattice,5,v,img/target_5.png
35,2,40,lattice,7,e,img/target_3.png
35,2,41,lattice,9,q,img/target_1.png
35,2,42,lattice,7,e,img/target_3.png
35,2,43,lattice,8,b,img/target_6.png
35,2,44,lattice,9,q,img/target_1.png
35,2,45,lattice,0,w,img/target_2.png
35,2,46,lattice,8,b,img/target_6.png
35,2,47,lattice,0,w,img/target_2.png
35,2,48,lattice,9,q,img/target_1.png
35,2,49,lattice,7,e,img/target_3.png
35,2,50,lattice,5,v,img/target_5.png
35,2,51,lattice,3,p,img/target_10.png
35,2,52,lattice,2,u,img/target_7.png
35,2,53,lattice,0,w,img/target_2.png
35,2,54,lattice,1,r,img/target_4.png
35,2,55,lattice,0,w,img/target_2.png
35,2,56,lattice,8,b,img/target_6.png
35,2,57,lattice,0,w,img/target_2.png
35,2,58,lattice,9,q,img/target_1.png
35,2,59,lattice,7,e,img/target_3.png
35,2,60,lattice,9,q,img/target_1.png
35,2,61,lattice,1,r,img/target_4.png
35,2,62,lattice,0,w,img/target_2.png
35,2,63,lattice,8,b,img/target_6.png
35,2,64,lattice,7,e,img/target_3.png
35,2,65,lattice,9,q,img/target_1.png
35,2,66,lattice,1,r,img/target_4.png
35,2,67,lattice,3,p,img/target_10.png
35,2,68,lattice,4,i,img/target_8.png
35,2,69,lattice,3,p,img/target_10.png
35,2,70,lattice,4,i,img/target_8.png
35,2,71,lattice,6,o,img/target_9.png
35,2,72,lattice,4,i,img/target_8.png
35,2,73,lattice,2,u,img/target_7.png
35,2,74,lattice,0,w,img/target_2.png
35,2,75,lattice,9,q,img/target_1.png
35,2,76,lattice,0,w,img/target_2.png
35,2,77,lattice,2,u,img/target_7.png
35,2,78,lattice,4,i,img/target_8.png
35,2,79,lattice,3,p,img/target_10.png
35,2,80,lattice,4,i,img/target_8.png
35,2,81,lattice,3,p,img/target_10.png
35,2,82,lattice,5,v,img/target_5.png
35,2,83,lattice,4,i,img/target_8.png
35,2,84,lattice,2,u,img/target_7.png
35,2,85,lattice,0,w,img/target_2.png
35,2,86,lattice,1,r,img/target_4.png
35,2,87,lattice,3,p,img/target_10.png
35,2,88,lattice,4,i,img/target_8.png
35,2,89,lattice,2,u,img/target_7.png
35,2,90,lattice,0,w,img/target_2.png
35,2,91,lattice,8,b,img/target_6.png
35,2,92,lattice,6,o,img/target_9.png
35,2,93,lattice,4,i,img/target_8.png
35,2,94,lattice,3,p,img/target_10.png
35,2,95,lattice,1,r,img/target_4.png
35,2,96,lattice,9,q,img/target_1.png
35,2,97,lattice,7,e,img/target_3.png
35,2,98,lattice,9,q,img/target_1.png
35,2,99,lattice,7,e,img/target_3.png
35,2,100,lattice,5,v,img/target_5.png
35,2,101,lattice,7,e,img/target_3.png
35,2,102,lattice,6,o,img/target_9.png
35,2,103,lattice,8,b,img/target_6.png
35,2,104,lattice,0,w,img/target_2.png
35,2,105,lattice,8,b,img/target_6.png
35,2,106,lattice,7,e,img/target_3.png
35,2,107,lattice,5,v,img/target_5.png
35,2,108,lattice,6,o,img/target_9.png
35,2,109,lattice,5,v,img/target_5.png
35,2,110,lattice,7,e,img/target_3.png
35,2,111,lattice,5,v,img/target_5.png
35,2,112,lattice,3,p,img/target_10.png
35,2,113,lattice,2,u,img/target_7.png
35,2,114,lattice,1,r,img/target_4.png
35,2,115,lattice,0,w,img/target_2.png
35,2,116,lattice,8,b,img/target_6.png
35,2,117,lattice,9,q,img/target_1.png
35,2,118,lattice,1,r,img/target_4.png
35,2,119,lattice,0,w,img/target_2.png
35,2,120,lattice,1,r,img/target_4.png
35,2,121,lattice,2,u,img/target_7.png
35,2,122,lattice,4,i,img/target_8.png
35,2,123,lattice,2,u,img/target_7.png
35,2,124,lattice,1,r,img/target_4.png
35,2,125,lattice,3,p,img/target_10.png
35,2,126,lattice,4,i,img/target_8.png
35,2,127,lattice,2,u,img/target_7.png
35,2,128,lattice,3,p,img/target_10.png
35,2,129,lattice,4,i,img/target_8.png
35,2,130,lattice,2,u,img/target_7.png
35,2,131,lattice,3,p,img/target_10.png
35,2,132,lattice,1,r,img/target_4.png
35,2,133,lattice,3,p,img/target_10.png
35,2,134,lattice,5,v,img/target_5.png
35,2,135,lattice,4,i,img/target_8.png
35,2,136,lattice,6,o,img/target_9.png
35,2,137,lattice,8,b,img/target_6.png
35,2,138,lattice,0,w,img/target_2.png
35,2,139,lattice,1,r,img/target_4.png
35,2,140,lattice,3,p,img/target_10.png
35,2,141,lattice,2,u,img/target_7.png
35,2,142,lattice,4,i,img/target_8.png
35,2,143,lattice,5,v,img/target_5.png
35,2,144,lattice,4,i,img/target_8.png
35,2,145,lattice,5,v,img/target_5.png
35,2,146,lattice,4,i,img/target_8.png
35,2,147,lattice,6,o,img/target_9.png
35,2,148,lattice,7,e,img/target_3.png
35,2,149,lattice,8,b,img/target_6.png
35,2,150,lattice,9,q,img/target_1.png
35,2,151,lattice,8,b,img/target_6.png
35,2,152,lattice,9,q,img/target_1.png
35,2,153,lattice,1,r,img/target_4.png
35,2,154,lattice,3,p,img/target_10.png
35,2,155,lattice,1,r,img/target_4.png
35,2,156,lattice,3,p,img/target_10.png
35,2,157,lattice,2,u,img/target_7.png
35,2,158,lattice,0,w,img/target_2.png
35,2,159,lattice,2,u,img/target_7.png
35,2,160,lattice,4,i,img/target_8.png
35,2,161,lattice,2,u,img/target_7.png
35,2,162,lattice,0,w,img/target_2.png
35,2,163,lattice,8,b,img/target_6.png
35,2,164,lattice,9,q,img/target_1.png
35,2,165,lattice,1,r,img/target_4.png
35,2,166,lattice,3,p,img/target_10.png
35,2,167,lattice,4,i,img/target_8.png
35,2,168,lattice,5,v,img/target_5.png
35,2,169,lattice,6,o,img/target_9.png
35,2,170,lattice,5,v,img/target_5.png
35,2,171,lattice,7,e,img/target_3.png
35,2,172,lattice,5,v,img/target_5.png
35,2,173,lattice,4,i,img/target_8.png
35,2,174,lattice,3,p,img/target_10.png
35,2,175,lattice,2,u,img/target_7.png
35,2,176,lattice,3,p,img/target_10.png
35,2,177,lattice,4,i,img/target_8.png
35,2,178,lattice,3,p,img/target_10.png
35,2,179,lattice,1,r,img/target_4.png
35,2,180,lattice,9,q,img/target_1.png
35,2,181,lattice,7,e,img/target_3.png
35,2,182,lattice,5,v,img/target_5.png
35,2,183,lattice,3,p,img/target_10.png
35,2,184,lattice,5,v,img/target_5.png
35,2,185,lattice,4,i,img/target_8.png
35,2,186,lattice,3,p,img/target_10.png
35,2,187,lattice,5,v,img/target_5.png
35,2,188,lattice,6,o,img/target_9.png
35,2,189,lattice,7,e,img/target_3.png
35,2,190,lattice,6,o,img/target_9.png
35,2,191,lattice,4,i,img/target_8.png
35,2,192,lattice,6,o,img/target_9.png
35,2,193,lattice,8,b,img/target_6.png
35,2,194,lattice,0,w,img/target_2.png
35,2,195,lattice,2,u,img/target_7.png
35,2,196,lattice,1,r,img/target_4.png
35,2,197,lattice,0,w,img/target_2.png
35,2,198,lattice,2,u,img/target_7.png
35,2,199,lattice,0,w,img/target_2.png
35,2,200,lattice,8,b,img/target_6.png
35,2,201,lattice,7,e,img/target_3.png
35,2,202,lattice,5,v,img/target_5.png
35,2,203,lattice,4,i,img/target_8.png
35,2,204,lattice,3,p,img/target_10.png
35,2,205,lattice,2,u,img/target_7.png
35,2,206,lattice,3,p,img/target_10.png
35,2,207,lattice,4,i,img/target_8.png
35,2,208,lattice,6,o,img/target_9.png
35,2,209,lattice,7,e,img/target_3.png
35,2,210,lattice,5,v,img/target_5.png
35,2,211,lattice,4,i,img/target_8.png
35,2,212,lattice,2,u,img/target_7.png
35,2,213,lattice,4,i,img/target_8.png
35,2,214,lattice,3,p,img/target_10.png
35,2,215,lattice,2,u,img/target_7.png
35,2,216,lattice,1,r,img/target_4.png
35,2,217,lattice,3,p,img/target_10.png
35,2,218,lattice,2,u,img/target_7.png
35,2,219,lattice,3,p,img/target_10.png
35,2,220,lattice,1,r,img/target_4.png
35,2,221,lattice,0,w,img/target_2.png
35,2,222,lattice,8,b,img/target_6.png
35,2,223,lattice,0,w,img/target_2.png
35,2,224,lattice,1,r,img/target_4.png
35,2,225,lattice,9,q,img/target_1.png
35,2,226,lattice,1,r,img/target_4.png
35,2,227,lattice,9,q,img/target_1.png
35,2,228,lattice,7,e,img/target_3.png
35,2,229,lattice,8,b,img/target_6.png
35,2,230,lattice,9,q,img/target_1.png
35,2,231,lattice,7,e,img/target_3.png
35,2,232,lattice,8,b,img/target_6.png
35,2,233,lattice,0,w,img/target_2.png
35,2,234,lattice,9,q,img/target_1.png
35,2,235,lattice,7,e,img/target_3.png
35,2,236,lattice,5,v,img/target_5.png
35,2,237,lattice,3,p,img/target_10.png
35,2,238,lattice,1,r,img/target_4.png
35,2,239,lattice,3,p,img/target_10.png
35,2,240,lattice,5,v,img/target_5.png
35,2,241,lattice,6,o,img/target_9.png
35,2,242,lattice,5,v,img/target_5.png
35,2,243,lattice,6,o,img/target_9.png
35,2,244,lattice,4,i,img/target_8.png
35,2,245,lattice,5,v,img/target_5.png
35,2,246,lattice,6,o,img/target_9.png
35,2,247,lattice,8,b,img/target_6.png
35,2,248,lattice,6,o,img/target_9.png
35,2,249,lattice,5,v,img/target_5.png
35,2,250,lattice,6,o,img/target_9.png
35,2,251,lattice,7,e,img/target_3.png
35,2,252,lattice,9,q,img/target_1.png
35,2,253,lattice,1,r,img/target_4.png
35,2,254,lattice,9,q,img/target_1.png
35,2,255,lattice,8,b,img/target_6.png
35,2,256,lattice,9,q,img/target_1.png
35,2,257,lattice,1,r,img/target_4.png
35,2,258,lattice,3,p,img/target_10.png
35,2,259,lattice,2,u,img/target_7.png
35,2,260,lattice,3,p,img/target_10.png
35,2,261,lattice,1,r,img/target_4.png
35,2,262,lattice,9,q,img/target_1.png
35,2,263,lattice,8,b,img/target_6.png
35,2,264,lattice,6,o,img/target_9.png
35,2,265,lattice,4,i,img/target_8.png
35,2,266,lattice,6,o,img/target_9.png
35,2,267,lattice,7,e,img/target_3.png
35,2,268,lattice,5,v,img/target_5.png
35,2,269,lattice,3,p,img/target_10.png
35,2,270,lattice,4,i,img/target_8.png
35,2,271,lattice,3,p,img/target_10.png
35,2,272,lattice,4,i,img/target_8.png
35,2,273,lattice,3,p,img/target_10.png
35,2,274,lattice,4,i,img/target_8.png
35,2,275,lattice,6,o,img/target_9.png
35,2,276,lattice,4,i,img/target_8.png
35,2,277,lattice,5,v,img/target_5.png
35,2,278,lattice,3,p,img/target_10.png
35,2,279,lattice,2,u,img/target_7.png
35,2,280,lattice,0,w,img/target_2.png
35,2,281,lattice,1,r,img/target_4.png
35,2,282,lattice,9,q,img/target_1.png
35,2,283,lattice,8,b,img/target_6.png
35,2,284,lattice,0,w,img/target_2.png
35,2,285,lattice,8,b,img/target_6.png
35,2,286,lattice,9,q,img/target_1.png
35,2,287,lattice,0,w,img/target_2.png
35,2,288,lattice,1,r,img/target_4.png
35,2,289,lattice,3,p,img/target_10.png
35,2,290,lattice,1,r,img/target_4.png
35,2,291,lattice,0,w,img/target_2.png
35,2,292,lattice,2,u,img/target_7.png
35,2,293,lattice,4,i,img/target_8.png
35,2,294,lattice,5,v,img/target_5.png
35,2,295,lattice,4,i,img/target_8.png
35,2,296,lattice,6,o,img/target_9.png
35,2,297,lattice,4,i,img/target_8.png
35,2,298,lattice,6,o,img/target_9.png
35,2,299,lattice,7,e,img/target_3.png
35,2,300,lattice,5,v,img/target_5.png
35,2,301,lattice,7,e,img/target_3.png
35,2,302,lattice,6,o,img/target_9.png
35,2,303,lattice,5,v,img/target_5.png
35,2,304,lattice,4,i,img/target_8.png
35,2,305,lattice,2,u,img/target_7.png
35,2,306,lattice,1,r,img/target_4.png
35,2,307,lattice,9,q,img/target_1.png
35,2,308,lattice,8,b,img/target_6.png
35,2,309,lattice,6,o,img/target_9.png
35,2,310,lattice,8,b,img/target_6.png
35,2,311,lattice,9,q,img/target_1.png
35,2,312,lattice,1,r,img/target_4.png
35,2,313,lattice,2,u,img/target_7.png
35,2,314,lattice,1,r,img/target_4.png
35,2,315,lattice,9,q,img/target_1.png
35,2,316,lattice,1,r,img/target_4.png
35,2,317,lattice,9,q,img/target_1.png
35,2,318,lattice,8,b,img/target_6.png
35,2,319,lattice,7,e,img/target_3.png
35,2,320,lattice,5,v,img/target_5.png
35,2,321,lattice,6,o,img/target_9.png
35,2,322,lattice,7,e,img/target_3.png
35,2,323,lattice,9,q,img/target_1.png
35,2,324,lattice,7,e,img/target_3.png
35,2,325,lattice,8,b,img/target_6.png
35,2,326,lattice,9,q,img/target_1.png
35,2,327,lattice,1,r,img/target_4.png
35,2,328,lattice,9,q,img/target_1.png
35,2,329,lattice,8,b,img/target_6.png
35,2,330,lattice,9,q,img/target_1.png
35,2,331,lattice,0,w,img/target_2.png
35,2,332,lattice,8,b,img/target_6.png
35,2,333,lattice,0,w,img/target_2.png
35,2,334,lattice,9,q,img/target_1.png
35,2,335,lattice,7,e,img/target_3.png
35,2,336,lattice,9,q,img/target_1.png
35,2,337,lattice,1,r,img/target_4.png
35,2,338,lattice,0,w,img/target_2.png
35,2,339,lattice,1,r,img/target_4.png
35,2,340,lattice,9,q,img/target_1.png
35,2,341,lattice,7,e,img/target_3.png
35,2,342,lattice,8,b,img/target_6.png
35,2,343,lattice,9,q,img/target_1.png
35,2,344,lattice,8,b,img/target_6.png
35,2,345,lattice,0,w,img/target_2.png
35,2,346,lattice,2,u,img/target_7.png
35,2,347,lattice,4,i,img/target_8.png
35,2,348,lattice,3,p,img/target_10.png
35,2,349,lattice,4,i,img/target_8.png
35,2,350,lattice,5,v,img/target_5.png
35,2,351,lattice,3,p,img/target_10.png
35,2,352,lattice,2,u,img/target_7.png
35,2,353,lattice,0,w,img/target_2.png
35,2,354,lattice,2,u,img/target_7.png
35,2,355,lattice,3,p,img/target_10.png
35,2,356,lattice,1,r,img/target_4.png
35,2,357,lattice,2,u,img/target_7.png
35,2,358,lattice,4,i,img/target_8.png
35,2,359,lattice,5,v,img/target_5.png
35,2,360,lattice,3,p,img/target_10.png
35,2,361,lattice,1,r,img/target_4.png
35,2,362,lattice,2,u,img/target_7.png
35,2,363,lattice,0,w,img/target_2.png
35,2,364,lattice,8,b,img/target_6.png
35,2,365,lattice,7,e,img/target_3.png
35,2,366,lattice,8,b,img/target_6.png
35,2,367,lattice,9,q,img/target_1.png
35,2,368,lattice,8,b,img/target_6.png
35,2,369,lattice,9,q,img/target_1.png
35,2,370,lattice,8,b,img/target_6.png
35,2,371,lattice,7,e,img/target_3.png
35,2,372,lattice,6,o,img/target_9.png
35,2,373,lattice,4,i,img/target_8.png
35,2,374,lattice,2,u,img/target_7.png
35,2,375,lattice,1,r,img/target_4.png
35,2,376,lattice,2,u,img/target_7.png
35,2,377,lattice,0,w,img/target_2.png
35,2,378,lattice,8,b,img/target_6.png
35,2,379,lattice,9,q,img/target_1.png
35,2,380,lattice,8,b,img/target_6.png
35,2,381,lattice,7,e,img/target_3.png
35,2,382,lattice,5,v,img/target_5.png
35,2,383,lattice,7,e,img/target_3.png
35,2,384,lattice,5,v,img/target_5.png
35,2,385,lattice,4,i,img/target_8.png
35,2,386,lattice,2,u,img/target_7.png
35,2,387,lattice,1,r,img/target_4.png
35,2,388,lattice,9,q,img/target_1.png
35,2,389,lattice,8,b,img/target_6.png
35,2,390,lattice,9,q,img/target_1.png
35,2,391,lattice,7,e,img/target_3.png
35,2,392,lattice,9,q,img/target_1.png
35,2,393,lattice,0,w,img/target_2.png
35,2,394,lattice,9,q,img/target_1.png
35,2,395,lattice,1,r,img/target_4.png
35,2,396,lattice,9,q,img/target_1.png
35,2,397,lattice,8,b,img/target_6.png
35,2,398,lattice,7,e,img/target_3.png
35,2,399,lattice,9,q,img/target_1.png
35,2,400,lattice,0,w,img/target_2.png
35,2,401,lattice,8,b,img/target_6.png
35,2,402,lattice,9,q,img/target_1.png
35,2,403,lattice,7,e,img/target_3.png
35,2,404,lattice,8,b,img/target_6.png
35,2,405,lattice,0,w,img/target_2.png
35,2,406,lattice,9,q,img/target_1.png
35,2,407,lattice,8,b,img/target_6.png
35,2,408,lattice,9,q,img/target_1.png
35,2,409,lattice,0,w,img/target_2.png
35,2,410,lattice,8,b,img/target_6.png
35,2,411,lattice,0,w,img/target_2.png
35,2,412,lattice,8,b,img/target_6.png
35,2,413,lattice,0,w,img/target_2.png
35,2,414,lattice,9,q,img/target_1.png
35,2,415,lattice,8,b,img/target_6.png
35,2,416,lattice,7,e,img/target_3.png
35,2,417,lattice,5,v,img/target_5.png
35,2,418,lattice,6,o,img/target_9.png
35,2,419,lattice,5,v,img/target_5.png
35,2,420,lattice,3,p,img/target_10.png
35,2,421,lattice,5,v,img/target_5.png
35,2,422,lattice,6,o,img/target_9.png
35,2,423,lattice,4,i,img/target_8.png
35,2,424,lattice,3,p,img/target_10.png
35,2,425,lattice,4,i,img/target_8.png
35,2,426,lattice,3,p,img/target_10.png
35,2,427,lattice,5,v,img/target_5.png
35,2,428,lattice,6,o,img/target_9.png
35,2,429,lattice,5,v,img/target_5.png
35,2,430,lattice,3,p,img/target_10.png
35,2,431,lattice,1,r,img/target_4.png
35,2,432,lattice,0,w,img/target_2.png
35,2,433,lattice,8,b,img/target_6.png
35,2,434,lattice,6,o,img/target_9.png
35,2,435,lattice,7,e,img/target_3.png
35,2,436,lattice,9,q,img/target_1.png
35,2,437,lattice,1,r,img/target_4.png
35,2,438,lattice,2,u,img/target_7.png
35,2,439,lattice,4,i,img/target_8.png
35,2,440,lattice,2,u,img/target_7.png
35,2,441,lattice,0,w,img/target_2.png
35,2,442,lattice,8,b,img/target_6.png
35,2,443,lattice,7,e,img/target_3.png
35,2,444,lattice,9,q,img/target_1.png
35,2,445,lattice,7,e,img/target_3.png
35,2,446,lattice,8,b,img/target_6.png
35,2,447,lattice,0,w,img/target_2.png
35,2,448,lattice,9,q,img/target_1.png
35,2,449,lattice,1,r,img/target_4.png
35,2,450,lattice,2,u,img/target_7.png
35,2,451,lattice,0,w,img/target_2.png
35,2,452,lattice,9,q,img/target_1.png
35,2,453,lattice,0,w,img/target_2.png
35,2,454,lattice,9,q,img/target_1.png
35,2,455,lattice,1,r,img/target_4.png
35,2,456,lattice,0,w,img/target_2.png
35,2,457,lattice,8,b,img/target_6.png
35,2,458,lattice,9,q,img/target_1.png
35,2,459,lattice,7,e,img/target_3.png
35,2,460,lattice,5,v,img/target_5.png
35,2,461,lattice,6,o,img/target_9.png
35,2,462,lattice,7,e,img/target_3.png
35,2,463,lattice,5,v,img/target_5.png
35,2,464,lattice,7,e,img/target_3.png
35,2,465,lattice,6,o,img/target_9.png
35,2,466,lattice,5,v,img/target_5.png
35,2,467,lattice,3,p,img/target_10.png
35,2,468,lattice,5,v,img/target_5.png
35,2,469,lattice,6,o,img/target_9.png
35,2,470,lattice,5,v,img/target_5.png
35,2,471,lattice,3,p,img/target_10.png
35,2,472,lattice,4,i,img/target_8.png
35,2,473,lattice,3,p,img/target_10.png
35,2,474,lattice,4,i,img/target_8.png
35,2,475,lattice,3,p,img/target_10.png
35,2,476,lattice,5,v,img/target_5.png
35,2,477,lattice,6,o,img/target_9.png
35,2,478,lattice,7,e,img/target_3.png
35,2,479,lattice,9,q,img/target_1.png
35,2,480,lattice,1,r,img/target_4.png
35,2,481,lattice,2,u,img/target_7.png
35,2,482,lattice,1,r,img/target_4.png
35,2,483,lattice,2,u,img/target_7.png
35,2,484,lattice,4,i,img/target_8.png
35,2,485,lattice,3,p,img/target_10.png
35,2,486,lattice,2,u,img/target_7.png
35,2,487,lattice,3,p,img/target_10.png
35,2,488,lattice,5,v,img/target_5.png
35,2,489,lattice,6,o,img/target_9.png
35,2,490,lattice,4,i,img/target_8.png
35,2,491,lattice,2,u,img/target_7.png
35,2,492,lattice,0,w,img/target_2.png
35,2,493,lattice,9,q,img/target_1.png
35,2,494,lattice,7,e,img/target_3.png
35,2,495,lattice,8,b,img/target_6.png
35,2,496,lattice,0,w,img/target_2.png
35,2,497,lattice,2,u,img/target_7.png
35,2,498,lattice,0,w,img/target_2.png
35,2,499,lattice,8,b,img/target_6.png
35,2,500,lattice,0,w,img/target_2.png
35,2,501,lattice,1,r,img/target_4.png
35,2,502,lattice,2,u,img/target_7.png
35,2,503,lattice,3,p,img/target_10.png
35,2,504,lattice,1,r,img/target_4.png
35,2,505,lattice,3,p,img/target_10.png
35,2,506,lattice,4,i,img/target_8.png
35,2,507,lattice,3,p,img/target_10.png
35,2,508,lattice,5,v,img/target_5.png
35,2,509,lattice,4,i,img/target_8.png
35,2,510,lattice,3,p,img/target_10.png
35,2,511,lattice,1,r,img/target_4.png
35,2,512,lattice,2,u,img/target_7.png
35,2,513,lattice,3,p,img/target_10.png
35,2,514,lattice,2,u,img/target_7.png
35,2,515,lattice,0,w,img/target_2.png
35,2,516,lattice,8,b,img/target_6.png
35,2,517,lattice,9,q,img/target_1.png
35,2,518,lattice,0,w,img/target_2.png
35,2,519,lattice,1,r,img/target_4.png
35,2,520,lattice,3,p,img/target_10.png
35,2,521,lattice,1,r,img/target_4.png
35,2,522,lattice,0,w,img/target_2.png
35,2,523,lattice,2,u,img/target_7.png
35,2,524,lattice,4,i,img/target_8.png
35,2,525,lattice,3,p,img/target_10.png
35,2,526,lattice,1,r,img/target_4.png
35,2,527,lattice,2,u,img/target_7.png
35,2,528,lattice,4,i,img/target_8.png
35,2,529,lattice,6,o,img/target_9.png
35,2,530,lattice,7,e,img/target_3.png
35,2,531,lattice,9,q,img/target_1.png
35,2,532,lattice,1,r,img/target_4.png
35,2,533,lattice,9,q,img/target_1.png
35,2,534,lattice,1,r,img/target_4.png
35,2,535,lattice,9,q,img/target_1.png
35,2,536,lattice,8,b,img/target_6.png
35,2,537,lattice,7,e,img/target_3.png
35,2,538,lattice,6,o,img/target_9.png
35,2,539,lattice,7,e,img/target_3.png
35,2,540,lattice,8,b,img/target_6.png
35,2,541,lattice,6,o,img/target_9.png
35,2,542,lattice,5,v,img/target_5.png
35,2,543,lattice,4,i,img/target_8.png
35,2,544,lattice,2,u,img/target_7.png
35,2,545,lattice,4,i,img/target_8.png
35,2,546,lattice,3,p,img/target_10.png
35,2,547,lattice,1,r,img/target_4.png
35,2,548,lattice,9,q,img/target_1.png
35,2,549,lattice,1,r,img/target_4.png
35,2,550,lattice,3,p,img/target_10.png
35,2,551,lattice,2,u,img/target_7.png
35,2,552,lattice,3,p,img/target_10.png
35,2,553,lattice,5,v,img/target_5.png
35,2,554,lattice,6,o,img/target_9.png
35,2,555,lattice,4,i,img/target_8.png
35,2,556,lattice,5,v,img/target_5.png
35,2,557,lattice,3,p,img/target_10.png
35,2,558,lattice,2,u,img/target_7.png
35,2,559,lattice,4,i,img/target_8.png
35,2,560,lattice,6,o,img/target_9.png
35,2,561,lattice,5,v,img/target_5.png
35,2,562,lattice,4,i,img/target_8.png
35,2,563,lattice,6,o,img/target_9.png
35,2,564,lattice,8,b,img/target_6.png
35,2,565,lattice,9,q,img/target_1.png
35,2,566,lattice,7,e,img/target_3.png
35,2,567,lattice,5,v,img/target_5.png
35,2,568,lattice,7,e,img/target_3.png
35,2,569,lattice,8,b,img/target_6.png
35,2,570,lattice,6,o,img/target_9.png
35,2,571,lattice,8,b,img/target_6.png
35,2,572,lattice,6,o,img/target_9.png
35,2,573,lattice,4,i,img/target_8.png
35,2,574,lattice,3,p,img/target_10.png
35,2,575,lattice,4,i,img/target_8.png
35,2,576,lattice,2,u,img/target_7.png
35,2,577,lattice,1,r,img/target_4.png
35,2,578,lattice,9,q,img/target_1.png
35,2,579,lattice,0,w,img/target_2.png
35,2,580,lattice,1,r,img/target_4.png
35,2,581,lattice,3,p,img/target_10.png
35,2,582,lattice,1,r,img/target_4.png
35,2,583,lattice,2,u,img/target_7.png
35,2,584,lattice,0,w,img/target_2.png
35,2,585,lattice,8,b,img/target_6.png
35,2,586,lattice,6,o,img/target_9.png
35,2,587,lattice,5,v,img/target_5.png
35,2,588,lattice,7,e,img/target_3.png
35,2,589,lattice,6,o,img/target_9.png
35,2,590,lattice,5,v,img/target_5.png
35,2,591,lattice,3,p,img/target_10.png
35,2,592,lattice,5,v,img/target_5.png
35,2,593,lattice,6,o,img/target_9.png
35,2,594,lattice,5,v,img/target_5.png
35,2,595,lattice,7,e,img/target_3.png
35,2,596,lattice,8,b,img/target_6.png
35,2,597,lattice,9,q,img/target_1.png
35,2,598,lattice,1,r,img/target_4.png
35,2,599,lattice,9,q,img/target_1.png
35,2,600,lattice,8,b,img/target_6.png
35,2,601,lattice,9,q,img/target_1.png
35,2,602,lattice,8,b,img/target_6.png
35,2,603,lattice,9,q,img/target_1.png
35,2,604,lattice,7,e,img/target_3.png
35,2,605,lattice,6,o,img/target_9.png
35,2,606,lattice,7,e,img/target_3.png
35,2,607,lattice,8,b,img/target_6.png
35,2,608,lattice,0,w,img/target_2.png
35,2,609,lattice,1,r,img/target_4.png
35,2,610,lattice,2,u,img/target_7.png
35,2,611,lattice,0,w,img/target_2.png
35,2,612,lattice,2,u,img/target_7.png
35,2,613,lattice,0,w,img/target_2.png
35,2,614,lattice,8,b,img/target_6.png
35,2,615,lattice,6,o,img/target_9.png
35,2,616,lattice,5,v,img/target_5.png
35,2,617,lattice,3,p,img/target_10.png
35,2,618,lattice,4,i,img/target_8.png
35,2,619,lattice,2,u,img/target_7.png
35,2,620,lattice,4,i,img/target_8.png
35,2,621,lattice,2,u,img/target_7.png
35,2,622,lattice,3,p,img/target_10.png
35,2,623,lattice,1,r,img/target_4.png
35,2,624,lattice,0,w,img/target_2.png
35,2,625,lattice,2,u,img/target_7.png
35,2,626,lattice,0,w,img/target_2.png
35,2,627,lattice,1,r,img/target_4.png
35,2,628,lattice,0,w,img/target_2.png
35,2,629,lattice,1,r,img/target_4.png
35,2,630,lattice,3,p,img/target_10.png
35,2,631,lattice,2,u,img/target_7.png
35,2,632,lattice,3,p,img/target_10.png
35,2,633,lattice,4,i,img/target_8.png
35,2,634,lattice,3,p,img/target_10.png
35,2,635,lattice,4,i,img/target_8.png
35,2,636,lattice,2,u,img/target_7.png
35,2,637,lattice,3,p,img/target_10.png
35,2,638,lattice,1,r,img/target_4.png
35,2,639,lattice,3,p,img/target_10.png
35,2,640,lattice,1,r,img/target_4.png
35,2,641,lattice,0,w,img/target_2.png
35,2,642,lattice,2,u,img/target_7.png
35,2,643,lattice,0,w,img/target_2.png
35,2,644,lattice,9,q,img/target_1.png
35,2,645,lattice,7,e,img/target_3.png
35,2,646,lattice,5,v,img/target_5.png
35,2,647,lattice,7,e,img/target_3.png
35,2,648,lattice,8,b,img/target_6.png
35,2,649,lattice,0,w,img/target_2.png
35,2,650,lattice,1,r,img/target_4.png
35,2,651,lattice,2,u,img/target_7.png
35,2,652,lattice,3,p,img/target_10.png
35,2,653,lattice,1,r,img/target_4.png
35,2,654,lattice,2,u,img/target_7.png
35,2,655,lattice,4,i,img/target_8.png
35,2,656,lattice,3,p,img/target_10.png
35,2,657,lattice,1,r,img/target_4.png
35,2,658,lattice,2,u,img/target_7.png
35,2,659,lattice,1,r,img/target_4.png
35,2,660,lattice,9,q,img/target_1.png
35,2,661,lattice,0,w,img/target_2.png
35,2,662,lattice,8,b,img/target_6.png
35,2,663,lattice,9,q,img/target_1.png
35,2,664,lattice,8,b,img/target_6.png
35,2,665,lattice,6,o,img/target_9.png
35,2,666,lattice,7,e,img/target_3.png
35,2,667,lattice,8,b,img/target_6.png
35,2,668,lattice,9,q,img/target_1.png
35,2,669,lattice,7,e,img/target_3.png
35,2,670,lattice,9,q,img/target_1.png
35,2,671,lattice,1,r,img/target_4.png
35,2,672,lattice,2,u,img/target_7.png
35,2,673,lattice,3,p,img/target_10.png
35,2,674,lattice,2,u,img/target_7.png
35,2,675,lattice,1,r,img/target_4.png
35,2,676,lattice,9,q,img/target_1.png
35,2,677,lattice,8,b,img/target_6.png
35,2,678,lattice,7,e,img/target_3.png
35,2,679,lattice,5,v,img/target_5.png
35,2,680,lattice,6,o,img/target_9.png
35,2,681,lattice,5,v,img/target_5.png
35,2,682,lattice,3,p,img/target_10.png
35,2,683,lattice,1,r,img/target_4.png
35,2,684,lattice,9,q,img/target_1.png
35,2,685,lattice,0,w,img/target_2.png
35,2,686,lattice,2,u,img/target_7.png
35,2,687,lattice,4,i,img/target_8.png
35,2,688,lattice,6,o,img/target_9.png
35,2,689,lattice,8,b,img/target_6.png
35,2,690,lattice,0,w,img/target_2.png
35,2,691,lattice,8,b,img/target_6.png
35,2,692,lattice,0,w,img/target_2.png
35,2,693,lattice,2,u,img/target_7.png
35,2,694,lattice,3,p,img/target_10.png
35,2,695,lattice,4,i,img/target_8.png
35,2,696,lattice,2,u,img/target_7.png
35,2,697,lattice,3,p,img/target_10.png
35,2,698,lattice,1,r,img/target_4.png
35,2,699,lattice,0,w,img/target_2.png
35,2,700,lattice,1,r,img/target_4.png
35,2,701,lattice,0,w,img/target_2.png
35,2,702,lattice,9,q,img/target_1.png
35,2,703,lattice,7,e,img/target_3.png
35,2,704,lattice,8,b,img/target_6.png
35,2,705,lattice,7,e,img/target_3.png
35,2,706,lattice,5,v,img/target_5.png
35,2,707,lattice,6,o,img/target_9.png
35,2,708,lattice,7,e,img/target_3.png
35,2,709,lattice,9,q,img/target_1.png
35,2,710,lattice,7,e,img/target_3.png
35,2,711,lattice,9,q,img/target_1.png
35,2,712,lattice,8,b,img/target_6.png
35,2,713,lattice,0,w,img/target_2.png
35,2,714,lattice,9,q,img/target_1.png
35,2,715,lattice,7,e,img/target_3.png
35,2,716,lattice,8,b,img/target_6.png
35,2,717,lattice,7,e,img/target_3.png
35,2,718,lattice,6,o,img/target_9.png
35,2,719,lattice,4,i,img/target_8.png
35,2,720,lattice,6,o,img/target_9.png
35,2,721,lattice,4,i,img/target_8.png
35,2,722,lattice,2,u,img/target_7.png
35,2,723,lattice,1,r,img/target_4.png
35,2,724,lattice,3,p,img/target_10.png
35,2,725,lattice,4,i,img/target_8.png
35,2,726,lattice,5,v,img/target_5.png
35,2,727,lattice,4,i,img/target_8.png
35,2,728,lattice,5,v,img/target_5.png
35,2,729,lattice,7,e,img/target_3.png
35,2,730,lattice,8,b,img/target_6.png
35,2,731,lattice,9,q,img/target_1.png
35,2,732,lattice,7,e,img/target_3.png
35,2,733,lattice,8,b,img/target_6.png
35,2,734,lattice,6,o,img/target_9.png
35,2,735,lattice,7,e,img/target_3.png
35,2,736,lattice,9,q,img/target_1.png
35,2,737,lattice,0,w,img/target_2.png
35,2,738,lattice,2,u,img/target_7.png
35,2,739,lattice,4,i,img/target_8.png
35,2,740,lattice,5,v,img/target_5.png
35,2,741,lattice,4,i,img/target_8.png
35,2,742,lattice,6,o,img/target_9.png
35,2,743,lattice,8,b,img/target_6.png
35,2,744,lattice,7,e,img/target_3.png
35,2,745,lattice,9,q,img/target_1.png
35,2,746,lattice,8,b,img/target_6.png
35,2,747,lattice,6,o,img/target_9.png
35,2,748,lattice,5,v,img/target_5.png
35,2,749,lattice,6,o,img/target_9.png
35,2,750,lattice,4,i,img/target_8.png
35,2,751,lattice,3,p,img/target_10.png
35,2,752,lattice,5,v,img/target_5.png
35,2,753,lattice,4,i,img/target_8.png
35,2,754,lattice,2,u,img/target_7.png
35,2,755,lattice,3,p,img/target_10.png
35,2,756,lattice,4,i,img/target_8.png
35,2,757,lattice,6,o,img/target_9.png
35,2,758,lattice,5,v,img/target_5.png
35,2,759,lattice,4,i,img/target_8.png
35,2,760,lattice,3,p,img/target_10.png
35,2,761,lattice,1,r,img/target_4.png
35,2,762,lattice,9,q,img/target_1.png
35,2,763,lattice,1,r,img/target_4.png
35,2,764,lattice,0,w,img/target_2.png
35,2,765,lattice,8,b,img/target_6.png
35,2,766,lattice,0,w,img/target_2.png
35,2,767,lattice,2,u,img/target_7.png
35,2,768,lattice,0,w,img/target_2.png
35,2,769,lattice,8,b,img/target_6.png
35,2,770,lattice,0,w,img/target_2.png
35,2,771,lattice,1,r,img/target_4.png
35,2,772,lattice,0,w,img/target_2.png
35,2,773,lattice,2,u,img/target_7.png
35,2,774,lattice,0,w,img/target_2.png
35,2,775,lattice,1,r,img/target_4.png
35,2,776,lattice,3,p,img/target_10.png
35,2,777,lattice,4,i,img/target_8.png
35,2,778,lattice,3,p,img/target_10.png
35,2,779,lattice,4,i,img/target_8.png
35,2,780,lattice,3,p,img/target_10.png
35,2,781,lattice,5,v,img/target_5.png
35,2,782,lattice,4,i,img/target_8.png
35,2,783,lattice,3,p,img/target_10.png
35,2,784,lattice,5,v,img/target_5.png
35,2,785,lattice,6,o,img/target_9.png
35,2,786,lattice,7,e,img/target_3.png
35,2,787,lattice,9,q,img/target_1.png
35,2,788,lattice,1,r,img/target_4.png
35,2,789,lattice,0,w,img/target_2.png
35,2,790,lattice,8,b,img/target_6.png
35,2,791,lattice,7,e,img/target_3.png
35,2,792,lattice,5,v,img/target_5.png
35,2,793,lattice,3,p,img/target_10.png
35,2,794,lattice,4,i,img/target_8.png
35,2,795,lattice,6,o,img/target_9.png
35,2,796,lattice,4,i,img/target_8.png
35,2,797,lattice,3,p,img/target_10.png
35,2,798,lattice,5,v,img/target_5.png
35,2,799,lattice,7,e,img/target_3.png
35,2,800,lattice,9,q,img/target_1.png
35,2,801,lattice,0,w,img/target_2.png
35,2,802,lattice,9,q,img/target_1.png
35,2,803,lattice,7,e,img/target_3.png
35,2,804,lattice,5,v,img/target_5.png
35,2,805,lattice,6,o,img/target_9.png
35,2,806,lattice,4,i,img/target_8.png
35,2,807,lattice,3,p,img/target_10.png
35,2,808,lattice,5,v,img/target_5.png
35,2,809,lattice,3,p,img/target_10.png
35,2,810,lattice,1,r,img/target_4.png
35,2,811,lattice,0,w,img/target_2.png
35,2,812,lattice,2,u,img/target_7.png
35,2,813,lattice,3,p,img/target_10.png
35,2,814,lattice,2,u,img/target_7.png
35,2,815,lattice,1,r,img/target_4.png
35,2,816,lattice,3,p,img/target_10.png
35,2,817,lattice,2,u,img/target_7.png
35,2,818,lattice,0,w,img/target_2.png
35,2,819,lattice,9,q,img/target_1.png
35,2,820,lattice,8,b,img/target_6.png
35,2,821,lattice,9,q,img/target_1.png
35,2,822,lattice,1,r,img/target_4.png
35,2,823,lattice,9,q,img/target_1.png
35,2,824,lattice,0,w,img/target_2.png
35,2,825,lattice,9,q,img/target_1.png
35,2,826,lattice,8,b,img/target_6.png
35,2,827,lattice,9,q,img/target_1.png
35,2,828,lattice,1,r,img/target_4.png
35,2,829,lattice,2,u,img/target_7.png
35,2,830,lattice,4,i,img/target_8.png
35,2,831,lattice,2,u,img/target_7.png
35,2,832,lattice,0,w,img/target_2.png
35,2,833,lattice,8,b,img/target_6.png
35,2,834,lattice,6,o,img/target_9.png
35,2,835,lattice,5,v,img/target_5.png
35,2,836,lattice,6,o,img/target_9.png
35,2,837,lattice,7,e,img/target_3.png
35,2,838,lattice,9,q,img/target_1.png
35,2,839,lattice,0,w,img/target_2.png
35,2,840,lattice,9,q,img/target_1.png
35,2,841,lattice,0,w,img/target_2.png
35,2,842,lattice,1,r,img/target_4.png
35,2,843,lattice,3,p,img/target_10.png
35,2,844,lattice,4,i,img/target_8.png
35,2,845,lattice,5,v,img/target_5.png
35,2,846,lattice,3,p,img/target_10.png
35,2,847,lattice,2,u,img/target_7.png
35,2,848,lattice,1,r,img/target_4.png
35,2,849,lattice,9,q,img/target_1.png
35,2,850,lattice,0,w,img/target_2.png
35,2,851,lattice,8,b,img/target_6.png
35,2,852,lattice,0,w,img/target_2.png
35,2,853,lattice,9,q,img/target_1.png
35,2,854,lattice,1,r,img/target_4.png
35,2,855,lattice,0,w,img/target_2.png
35,2,856,lattice,8,b,img/target_6.png
35,2,857,lattice,0,w,img/target_2.png
35,2,858,lattice,9,q,img/target_1.png
35,2,859,lattice,1,r,img/target_4.png
35,2,860,lattice,3,p,img/target_10.png
35,2,861,lattice,4,i,img/target_8.png
35,2,862,lattice,5,v,img/target_5.png
35,2,863,lattice,6,o,img/target_9.png
35,2,864,lattice,8,b,img/target_6.png
35,2,865,lattice,9,q,img/target_1.png
35,2,866,lattice,1,r,img/target_4.png
35,2,867,lattice,9,q,img/target_1.png
35,2,868,lattice,7,e,img/target_3.png
35,2,869,lattice,6,o,img/target_9.png
35,2,870,lattice,4,i,img/target_8.png
35,2,871,lattice,3,p,img/target_10.png
35,2,872,lattice,2,u,img/target_7.png
35,2,873,lattice,4,i,img/target_8.png
35,2,874,lattice,5,v,img/target_5.png
35,2,875,lattice,6,o,img/target_9.png
35,2,876,lattice,4,i,img/target_8.png
35,2,877,lattice,3,p,img/target_10.png
35,2,878,lattice,1,r,img/target_4.png
35,2,879,lattice,0,w,img/target_2.png
35,2,880,lattice,1,r,img/target_4.png
35,2,881,lattice,3,p,img/target_10.png
35,2,882,lattice,4,i,img/target_8.png
35,2,883,lattice,5,v,img/target_5.png
35,2,884,lattice,7,e,img/target_3.png
35,2,885,lattice,6,o,img/target_9.png
35,2,886,lattice,7,e,img/target_3.png
35,2,887,lattice,9,q,img/target_1.png
35,2,888,lattice,0,w,img/target_2.png
35,2,889,lattice,8,b,img/target_6.png
35,2,890,lattice,7,e,img/target_3.png
35,2,891,lattice,5,v,img/target_5.png
35,2,892,lattice,7,e,img/target_3.png
35,2,893,lattice,6,o,img/target_9.png
35,2,894,lattice,4,i,img/target_8.png
35,2,895,lattice,2,u,img/target_7.png
35,2,896,lattice,3,p,img/target_10.png
35,2,897,lattice,4,i,img/target_8.png
35,2,898,lattice,2,u,img/target_7.png
35,2,899,lattice,0,w,img/target_2.png
35,2,900,lattice,2,u,img/target_7.png
35,2,901,lattice,0,w,img/target_2.png
35,2,902,lattice,9,q,img/target_1.png
35,2,903,lattice,0,w,img/target_2.png
35,2,904,lattice,2,u,img/target_7.png
35,2,905,lattice,1,r,img/target_4.png
35,2,906,lattice,0,w,img/target_2.png
35,2,907,lattice,8,b,img/target_6.png
35,2,908,lattice,0,w,img/target_2.png
35,2,909,lattice,9,q,img/target_1.png
35,2,910,lattice,1,r,img/target_4.png
35,2,911,lattice,3,p,img/target_10.png
35,2,912,lattice,5,v,img/target_5.png
35,2,913,lattice,7,e,img/target_3.png
35,2,914,lattice,9,q,img/target_1.png
35,2,915,lattice,0,w,img/target_2.png
35,2,916,lattice,9,q,img/target_1.png
35,2,917,lattice,8,b,img/target_6.png
35,2,918,lattice,0,w,img/target_2.png
35,2,919,lattice,9,q,img/target_1.png
35,2,920,lattice,1,r,img/target_4.png
35,2,921,lattice,9,q,img/target_1.png
35,2,922,lattice,1,r,img/target_4.png
35,2,923,lattice,9,q,img/target_1.png
35,2,924,lattice,1,r,img/target_4.png
35,2,925,lattice,2,u,img/target_7.png
35,2,926,lattice,4,i,img/target_8.png
35,2,927,lattice,3,p,img/target_10.png
35,2,928,lattice,5,v,img/target_5.png
35,2,929,lattice,3,p,img/target_10.png
35,2,930,lattice,5,v,img/target_5.png
35,2,931,lattice,7,e,img/target_3.png
35,2,932,lattice,6,o,img/target_9.png
35,2,933,lattice,8,b,img/target_6.png
35,2,934,lattice,9,q,img/target_1.png
35,2,935,lattice,0,w,img/target_2.png
35,2,936,lattice,1,r,img/target_4.png
35,2,937,lattice,3,p,img/target_10.png
35,2,938,lattice,2,u,img/target_7.png
35,2,939,lattice,0,w,img/target_2.png
35,2,940,lattice,2,u,img/target_7.png
35,2,941,lattice,0,w,img/target_2.png
35,2,942,lattice,9,q,img/target_1.png
35,2,943,lattice,0,w,img/target_2.png
35,2,944,lattice,2,u,img/target_7.png
35,2,945,lattice,4,i,img/target_8.png
35,2,946,lattice,5,v,img/target_5.png
35,2,947,lattice,7,e,img/target_3.png
35,2,948,lattice,5,v,img/target_5.png
35,2,949,lattice,4,i,img/target_8.png
35,2,950,lattice,3,p,img/target_10.png
35,2,951,lattice,1,r,img/target_4.png
35,2,952,lattice,0,w,img/target_2.png
35,2,953,lattice,1,r,img/target_4.png
35,2,954,lattice,9,q,img/target_1.png
35,2,955,lattice,0,w,img/target_2.png
35,2,956,lattice,1,r,img/target_4.png
35,2,957,lattice,3,p,img/target_10.png
35,2,958,lattice,5,v,img/target_5.png
35,2,959,lattice,6,o,img/target_9.png
35,2,960,lattice,7,e,img/target_3.png
35,2,961,lattice,8,b,img/target_6.png
35,2,962,lattice,7,e,img/target_3.png
35,2,963,lattice,8,b,img/target_6.png
35,2,964,lattice,9,q,img/target_1.png
35,2,965,lattice,8,b,img/target_6.png
35,2,966,lattice,7,e,img/target_3.png
35,2,967,lattice,6,o,img/target_9.png
35,2,968,lattice,8,b,img/target_6.png
35,2,969,lattice,9,q,img/target_1.png
35,2,970,lattice,0,w,img/target_2.png
35,2,971,lattice,9,q,img/target_1.png
35,2,972,lattice,8,b,img/target_6.png
35,2,973,lattice,0,w,img/target_2.png
35,2,974,lattice,8,b,img/target_6.png
35,2,975,lattice,0,w,img/target_2.png
35,2,976,lattice,2,u,img/target_7.png
35,2,977,lattice,4,i,img/target_8.png
35,2,978,lattice,5,v,img/target_5.png
35,2,979,lattice,6,o,img/target_9.png
35,2,980,lattice,8,b,img/target_6.png
35,2,981,lattice,9,q,img/target_1.png
35,2,982,lattice,8,b,img/target_6.png
35,2,983,lattice,6,o,img/target_9.png
35,2,984,lattice,8,b,img/target_6.png
35,2,985,lattice,6,o,img/target_9.png
35,2,986,lattice,7,e,img/target_3.png
35,2,987,lattice,8,b,img/target_6.png
35,2,988,lattice,9,q,img/target_1.png
35,2,989,lattice,8,b,img/target_6.png
35,2,990,lattice,7,e,img/target_3.png
35,2,991,lattice,9,q,img/target_1.png
35,2,992,lattice,7,e,img/target_3.png
35,2,993,lattice,8,b,img/target_6.png
35,2,994,lattice,0,w,img/target_2.png
35,2,995,lattice,9,q,img/target_1.png
35,2,996,lattice,0,w,img/target_2.png
35,2,997,lattice,2,u,img/target_7.png
35,2,998,lattice,3,p,img/target_10.png
35,2,999,lattice,2,u,img/target_7.png
35,2,1000,lattice,4,i,img/target_8.png
