pID,sess,trialNum,graph,walk,resp,path
35,3,1,lattice,5,v,img/target_5.png
35,3,2,lattice,3,p,img/target_10.png
35,3,3,lattice,5,v,img/target_5.png
35,3,4,lattice,3,p,img/target_10.png
35,3,5,lattice,5,v,img/target_5.png
35,3,6,lattice,6,o,img/target_9.png
35,3,7,lattice,4,i,img/target_8.png
35,3,8,lattice,2,u,img/target_7.png
35,3,9,lattice,3,p,img/target_10.png
35,3,10,lattice,5,v,img/target_5.png
35,3,11,lattice,6,o,img/target_9.png
35,3,12,lattice,5,v,img/target_5.png
35,3,13,lattice,7,e,img/target_3.png
35,3,14,lattice,6,o,img/target_9.png
35,3,15,lattice,4,i,img/target_8.png
35,3,16,lattice,2,u,img/target_7.png
35,3,17,lattice,1,r,img/target_4.png
35,3,18,lattice,2,u,img/target_7.png
35,3,19,lattice,1,r,img/target_4.png
35,3,20,lattice,0,w,img/target_2.png
35,3,21,lattice,2,u,img/target_7.png
35,3,22,lattice,4,i,img/target_8.png
35,3,23,lattice,3,p,img/target_10.png
35,3,24,lattice,4,i,img/target_8.png
35,3,25,lattice,5,v,img/target_5.png
35,3,26,lattice,4,i,img/target_8.png
35,3,27,lattice,6,o,img/target_9.png
35,3,28,lattice,5,v,img/target_5.png
35,3,29,lattice,6,o,img/target_9.png
35,3,30,lattice,5,v,img/target_5.png
35,3,31,lattice,6,o,img/target_9.png
35,3,32,lattice,7,e,img/target_3.png
35,3,33,lattice,9,q,img/target_1.png
35,3,34,lattice,1,r,img/target_4.png
35,3,35,lattice,3,p,img/target_10.png
35,3,36,lattice,5,v,img/target_5.png
35,3,37,lattice,3,p,img/target_10.png
35,3,38,lattice,2,u,img/target_7.png
35,3,39,lattice,1,r,img/target_4.png
35,3,40,lattice,2,u,img/target_7.png
35,3,41,lattice,0,w,img/target_2.png
35,3,42,lattice,9,q,img/target_1.png
35,3,43,lattice,0,w,img/target_2.png
35,3,44,lattice,8,b,img/target_6.png
35,3,45,lattice,6,o,img/target_9.png
35,3,46,lattice,5,v,img/target_5.png
35,3,47,lattice,7,e,img/target_3.png
35,3,48,lattice,6,o,img/target_9.png
35,3,49,lattice,4,i,img/target_8.png
35,3,50,lattice,2,u,img/target_7.png
35,3,51,lattice,4,i,img/target_8.png
35,3,52,lattice,6,o,img/target_9.png
35,3,53,lattice,5,v,img/target_5.png
35,3,54,lattice,3,p,img/target_10.png
35,3,55,lattice,2,u,img/target_7.png
35,3,56,lattice,1,r,img/target_4.png
35,3,57,lattice,2,u,img/target_7.png
35,3,58,lattice,0,w,img/target_2.png
35,3,59,lattice,9,q,img/target_1.png
35,3,60,lattice,1,r,img/target_4.png
35,3,61,lattice,9,q,img/target_1.png
35,3,62,lattice,8,b,img/target_6.png
35,3,63,lattice,9,q,img/target_1.png
35,3,64,lattice,0,w,img/target_2.png
35,3,65,lattice,1,r,img/target_4.png
35,3,66,lattice,2,u,img/target_7.png
35,3,67,lattice,0,w,img/target_2.png
35,3,68,lattice,2,u,img/target_7.png
35,3,69,lattice,1,r,img/target_4.png
35,3,70,lattice,9,q,img/target_1.png
35,3,71,lattice,8,b,img/target_6.png
35,3,72,lattice,0,w,img/target_2.png
35,3,73,lattice,2,u,img/target_7.png
35,3,74,lattice,4,i,img/target_8.png
35,3,75,lattice,3,p,img/target_10.png
35,3,76,lattice,2,u,img/target_7.png
35,3,77,lattice,4,i,img/target_8.png
35,3,78,lattice,6,o,img/target_9.png
35,3,79,lattice,4,i,img/target_8.png
35,3,80,lattice,6,o,img/target_9.png
35,3,81,lattice,8,b,img/target_6.png
35,3,82,lattice,7,e,img/target_3.png
35,3,83,lattice,8,b,img/target_6.png
35,3,84,lattice,9,q,img/target_1.png
35,3,85,lattice,8,b,img/target_6.png
35,3,86,lattice,9,q,img/target_1.png
35,3,87,lattice,7,e,img/target_3.png
35,3,88,lattice,6,o,img/target_9.png
35,3,89,lattice,5,v,img/target_5.png
35,3,90,lattice,7,e,img/target_3.png
35,3,91,lattice,8,b,img/target_6.png
35,3,92,lattice,9,q,img/target_1.png
35,3,93,lattice,0,w,img/target_2.png
35,3,94,lattice,9,q,img/target_1.png
35,3,95,lattice,8,b,img/target_6.png
35,3,96,lattice,7,e,img/target_3.png
35,3,97,lattice,5,v,img/target_5.png
35,3,98,lattice,3,p,img/target_10.png
35,3,99,lattice,4,i,img/target_8.png
35,3,100,lattice,6,o,img/target_9.png
35,3,101,lattice,5,v,img/target_5.png
35,3,102,lattice,7,e,img/target_3.png
35,3,103,lattice,8,b,img/target_6.png
35,3,104,lattice,9,q,img/target_1.png
35,3,105,lattice,1,r,img/target_4.png
35,3,106,lattice,0,w,img/target_2.png
35,3,107,lattice,2,u,img/target_7.png
35,3,108,lattice,1,r,img/target_4.png
35,3,109,lattice,2,u,img/target_7.png
35,3,110,lattice,4,i,img/target_8.png
35,3,111,lattice,3,p,img/target_10.png
35,3,112,lattice,1,r,img/target_4.png
35,3,113,lattice,0,w,img/target_2.png
35,3,114,lattice,9,q,img/target_1.png
35,3,115,lattice,0,w,img/target_2.png
35,3,116,lattice,2,u,img/target_7.png
35,3,117,lattice,1,r,img/target_4.png
35,3,118,lattice,9,q,img/target_1.png
35,3,119,lattice,1,r,img/target_4.png
35,3,120,lattice,9,q,img/target_1.png
35,3,121,lattice,7,e,img/target_3.png
35,3,122,lattice,8,b,img/target_6.png
35,3,123,lattice,9,q,img/target_1.png
35,3,124,lattice,1,r,img/target_4.png
35,3,125,lattice,0,w,img/target_2.png
35,3,126,lattice,2,u,img/target_7.png
35,3,127,lattice,1,r,img/target_4.png
35,3,128,lattice,3,p,img/target_10.png
35,3,129,lattice,4,i,img/target_8.png
35,3,130,lattice,2,u,img/target_7.png
35,3,131,lattice,4,i,img/target_8.png
35,3,132,lattice,6,o,img/target_9.png
35,3,133,lattice,4,i,img/target_8.png
35,3,134,lattice,3,p,img/target_10.png
35,3,135,lattice,5,v,img/target_5.png
35,3,136,lattice,3,p,img/target_10.png
35,3,137,lattice,4,i,img/target_8.png
35,3,138,lattice,5,v,img/target_5.png
35,3,139,lattice,4,i,img/target_8.png
35,3,140,lattice,3,p,img/target_10.png
35,3,141,lattice,2,u,img/target_7.png
35,3,142,lattice,1,r,img/target_4.png
35,3,143,lattice,2,u,img/target_7.png
35,3,144,lattice,3,p,img/target_10.png
35,3,145,lattice,1,r,img/target_4.png
35,3,146,lattice,2,u,img/target_7.png
35,3,147,lattice,4,i,img/target_8.png
35,3,148,lattice,3,p,img/target_10.png
35,3,149,lattice,1,r,img/target_4.png
35,3,150,lattice,2,u,img/target_7.png
35,3,151,lattice,0,w,img/target_2.png
35,3,152,lattice,2,u,img/target_7.png
35,3,153,lattice,3,p,img/target_10.png
35,3,154,lattice,1,r,img/target_4.png
35,3,155,lattice,9,q,img/target_1.png
35,3,156,lattice,1,r,img/target_4.png
35,3,157,lattice,3,p,img/target_10.png
35,3,158,lattice,5,v,img/target_5.png
35,3,159,lattice,4,i,img/target_8.png
35,3,160,lattice,2,u,img/target_7.png
35,3,161,lattice,0,w,img/target_2.png
35,3,162,lattice,1,r,img/target_4.png
35,3,163,lattice,0,w,img/target_2.png
35,3,164,lattice,8,b,img/target_6.png
35,3,165,lattice,0,w,img/target_2.png
35,3,166,lattice,8,b,img/target_6.png
35,3,167,lattice,7,e,img/target_3.png
35,3,168,lattice,9,q,img/target_1.png
35,3,169,lattice,8,b,img/target_6.png
35,3,170,lattice,0,w,img/target_2.png
35,3,171,lattice,8,b,img/target_6.png
35,3,172,lattice,9,q,img/target_1.png
35,3,173,lattice,8,b,img/target_6.png
35,3,174,lattice,6,o,img/target_9.png
35,3,175,lattice,5,v,img/target_5.png
35,3,176,lattice,4,i,img/target_8.png
35,3,177,lattice,3,p,img/target_10.png
35,3,178,lattice,4,i,img/target_8.png
35,3,179,lattice,2,u,img/target_7.png
35,3,180,lattice,4,i,img/target_8.png
35,3,181,lattice,3,p,img/target_10.png
35,3,182,lattice,4,i,img/target_8.png
35,3,183,lattice,2,u,img/target_7.png
35,3,184,lattice,1,r,img/target_4.png
35,3,185,lattice,9,q,img/target_1.png
35,3,186,lattice,1,r,img/target_4.png
35,3,187,lattice,3,p,img/target_10.png
35,3,188,lattice,2,u,img/target_7.png
35,3,189,lattice,4,i,img/target_8.png
35,3,190,lattice,2,u,img/target_7.png
35,3,191,lattice,3,p,img/target_10.png
35,3,192,lattice,1,r,img/target_4.png
35,3,193,lattice,2,u,img/target_7.png
35,3,194,lattice,4,i,img/target_8.png
35,3,195,lattice,3,p,img/target_10.png
35,3,196,lattice,2,u,img/target_7.png
35,3,197,lattice,1,r,img/target_4.png
35,3,198,lattice,0,w,img/target_2.png
35,3,199,lattice,9,q,img/target_1.png
35,3,200,lattice,1,r,img/target_4.png
35,3,201,lattice,9,q,img/target_1.png
35,3,202,lattice,7,e,img/target_3.png
35,3,203,lattice,8,b,img/target_6.png
35,3,204,lattice,7,e,img/target_3.png
35,3,205,lattice,9,q,img/target_1.png
35,3,206,lattice,8,b,img/target_6.png
35,3,207,lattice,7,e,img/target_3.png
35,3,208,lattice,5,v,img/target_5.png
35,3,209,lattice,3,p,img/target_10.png
35,3,210,lattice,4,i,img/target_8.png
35,3,211,lattice,2,u,img/target_7.png
35,3,212,lattice,3,p,img/target_10.png
35,3,213,lattice,4,i,img/target_8.png
35,3,214,lattice,2,u,img/target_7.png
35,3,215,lattice,1,r,img/target_4.png
35,3,216,lattice,3,p,img/target_10.png
35,3,217,lattice,1,r,img/target_4.png
35,3,218,lattice,9,q,img/target_1.png
35,3,219,lattice,1,r,img/target_4.png
35,3,220,lattice,3,p,img/target_10.png
35,3,221,lattice,1,r,img/target_4.png
35,3,222,lattice,2,u,img/target_7.png
35,3,223,lattice,4,i,img/target_8.png
35,3,224,lattice,6,o,img/target_9.png
35,3,225,lattice,7,e,img/target_3.png
35,3,226,lattice,6,o,img/target_9.png
35,3,227,lattice,4,i,img/target_8.png
35,3,228,lattice,6,o,img/target_9.png
35,3,229,lattice,5,v,img/target_5.png
35,3,230,lattice,4,i,img/target_8.png
35,3,231,lattice,3,p,img/target_10.png
35,3,232,lattice,4,i,img/target_8.png
35,3,233,lattice,3,p,img/target_10.png
35,3,234,lattice,4,i,img/target_8.png
35,3,235,lattice,3,p,img/target_10.png
35,3,236,lattice,4,i,img/target_8.png
35,3,237,lattice,2,u,img/target_7.png
35,3,238,lattice,4,i,img/target_8.png
35,3,239,lattice,3,p,img/target_10.png
35,3,240,lattice,5,v,img/target_5.png
35,3,241,lattice,3,p,img/target_10.png
35,3,242,lattice,2,u,img/target_7.png
35,3,243,lattice,1,r,img/target_4.png
35,3,244,lattice,3,p,img/target_10.png
35,3,245,lattice,1,r,img/target_4.png
35,3,246,lattice,9,q,img/target_1.png
35,3,247,lattice,0,w,img/target_2.png
35,3,248,lattice,2,u,img/target_7.png
35,3,249,lattice,4,i,img/target_8.png
35,3,250,lattice,3,p,img/target_10.png
35,3,251,lattice,4,i,img/target_8.png
35,3,252,lattice,5,v,img/target_5.png
35,3,253,lattice,6,o,img/target_9.png
35,3,254,lattice,8,b,img/target_6.png
35,3,255,lattice,6,o,img/target_9.png
35,3,256,lattice,7,e,img/target_3.png
35,3,257,lattice,6,o,img/target_9.png
35,3,258,lattice,8,b,img/target_6.png
35,3,259,lattice,0,w,img/target_2.png
35,3,260,lattice,8,b,img/target_6.png
35,3,261,lattice,0,w,img/target_2.png
35,3,262,lattice,2,u,img/target_7.png
35,3,263,lattice,1,r,img/target_4.png
35,3,264,lattice,2,u,img/target_7.png
35,3,265,lattice,3,p,img/target_10.png
35,3,266,lattice,2,u,img/target_7.png
35,3,267,lattice,1,r,img/target_4.png
35,3,268,lattice,2,u,img/target_7.png
35,3,269,lattice,1,r,img/target_4.png
35,3,270,lattice,0,w,img/target_2.png
35,3,271,lattice,2,u,img/target_7.png
35,3,272,lattice,3,p,img/target_10.png
35,3,273,lattice,5,v,img/target_5.png
35,3,274,lattice,4,i,img/target_8.png
35,3,275,lattice,6,o,img/target_9.png
35,3,276,lattice,8,b,img/target_6.png
35,3,277,lattice,0,w,img/target_2.png
35,3,278,lattice,8,b,img/target_6.png
35,3,279,lattice,9,q,img/target_1.png
35,3,280,lattice,8,b,img/target_6.png
35,3,281,lattice,7,e,img/target_3.png
35,3,282,lattice,8,b,img/target_6.png
35,3,283,lattice,0,w,img/target_2.png
35,3,284,lattice,8,b,img/target_6.png
35,3,285,lattice,0,w,img/target_2.png
35,3,286,lattice,2,u,img/target_7.png
35,3,287,lattice,3,p,img/target_10.png
35,3,288,lattice,1,r,img/target_4.png
35,3,289,lattice,3,p,img/target_10.png
35,3,290,lattice,2,u,img/target_7.png
35,3,291,lattice,0,w,img/target_2.png
35,3,292,lattice,9,q,img/target_1.png
35,3,293,lattice,0,w,img/target_2.png
35,3,294,lattice,8,b,img/target_6.png
35,3,295,lattice,7,e,img/target_3.png
35,3,296,lattice,5,v,img/target_5.png
35,3,297,lattice,4,i,img/target_8.png
35,3,298,lattice,5,v,img/target_5.png
35,3,299,lattice,6,o,img/target_9.png
35,3,300,lattice,5,v,img/target_5.png
35,3,301,lattice,7,e,img/target_3.png
35,3,302,lattice,6,o,img/target_9.png
35,3,303,lattice,8,b,img/target_6.png
35,3,304,lattice,6,o,img/target_9.png
35,3,305,lattice,7,e,img/target_3.png
35,3,306,lattice,5,v,img/target_5.png
35,3,307,lattice,6,o,img/target_9.png
35,3,308,lattice,5,v,img/target_5.png
35,3,309,lattice,7,e,img/target_3.png
35,3,310,lattice,5,v,img/target_5.png
35,3,311,lattice,7,e,img/target_3.png
35,3,312,lattice,8,b,img/target_6.png
35,3,313,lattice,7,e,img/target_3.png
35,3,314,lattice,9,q,img/target_1.png
35,3,315,lattice,1,r,img/target_4.png
35,3,316,lattice,2,u,img/target_7.png
35,3,317,lattice,0,w,img/target_2.png
35,3,318,lattice,9,q,img/target_1.png
35,3,319,lattice,7,e,img/target_3.png
35,3,320,lattice,6,o,img/target_9.png
35,3,321,lattice,8,b,img/target_6.png
35,3,322,lattice,6,o,img/target_9.png
35,3,323,lattice,8,b,img/target_6.png
35,3,324,lattice,9,q,img/target_1.png
35,3,325,lattice,0,w,img/target_2.png
35,3,326,lattice,2,u,img/target_7.png
35,3,327,lattice,1,r,img/target_4.png
35,3,328,lattice,0,w,img/target_2.png
35,3,329,lattice,8,b,img/target_6.png
35,3,330,lattice,9,q,img/target_1.png
35,3,331,lattice,8,b,img/target_6.png
35,3,332,lattice,9,q,img/target_1.png
35,3,333,lattice,7,e,img/target_3.png
35,3,334,lattice,6,o,img/target_9.png
35,3,335,lattice,8,b,img/target_6.png
35,3,336,lattice,7,e,img/target_3.png
35,3,337,lattice,6,o,img/target_9.png
35,3,338,lattice,7,e,img/target_3.png
35,3,339,lattice,5,v,img/target_5.png
35,3,340,lattice,3,p,img/target_10.png
35,3,341,lattice,1,r,img/target_4.png
35,3,342,lattice,9,q,img/target_1.png
35,3,343,lattice,0,w,img/target_2.png
35,3,344,lattice,8,b,img/target_6.png
35,3,345,lattice,0,w,img/target_2.png
35,3,346,lattice,8,b,img/target_6.png
35,3,347,lattice,6,o,img/target_9.png
35,3,348,lattice,4,i,img/target_8.png
35,3,349,lattice,3,p,img/target_10.png
35,3,350,lattice,1,r,img/target_4.png
35,3,351,lattice,0,w,img/target_2.png
35,3,352,lattice,1,r,img/target_4.png
35,3,353,lattice,3,p,img/target_10.png
35,3,354,lattice,2,u,img/target_7.png
35,3,355,lattice,1,r,img/target_4.png
35,3,356,lattice,9,q,img/target_1.png
35,3,357,lattice,7,e,img/target_3.png
35,3,358,lattice,6,o,img/target_9.png
35,3,359,lattice,5,v,img/target_5.png
35,3,360,lattice,7,e,img/target_3.png
35,3,361,lattice,9,q,img/target_1.png
35,3,362,lattice,1,r,img/target_4.png
35,3,363,lattice,2,u,img/target_7.png
35,3,364,lattice,0,w,img/target_2.png
35,3,365,lattice,2,u,img/target_7.png
35,3,366,lattice,0,w,img/target_2.png
35,3,367,lattice,9,q,img/target_1.png
35,3,368,lattice,8,b,img/target_6.png
35,3,369,lattice,9,q,img/target_1.png
35,3,370,lattice,8,b,img/target_6.png
35,3,371,lattice,6,o,img/target_9.png
35,3,372,lattice,8,b,img/target_6.png
35,3,373,lattice,0,w,img/target_2.png
35,3,374,lattice,8,b,img/target_6.png
35,3,375,lattice,9,q,img/target_1.png
35,3,376,lattice,8,b,img/target_6.png
35,3,377,lattice,9,q,img/target_1.png
35,3,378,lattice,0,w,img/target_2.png
35,3,379,lattice,2,u,img/target_7.png
35,3,380,lattice,3,p,img/target_10.png
35,3,381,lattice,1,r,img/target_4.png
35,3,382,lattice,3,p,img/target_10.png
35,3,383,lattice,4,i,img/target_8.png
35,3,384,lattice,2,u,img/target_7.png
35,3,385,lattice,3,p,img/target_10.png
35,3,386,lattice,1,r,img/target_4.png
35,3,387,lattice,3,p,img/target_10.png
35,3,388,lattice,2,u,img/target_7.png
35,3,389,lattice,3,p,img/target_10.png
35,3,390,lattice,4,i,img/target_8.png
35,3,391,lattice,2,u,img/target_7.png
35,3,392,lattice,0,w,img/target_2.png
35,3,393,lattice,8,b,img/target_6.png
35,3,394,lattice,7,e,img/target_3.png
35,3,395,lattice,5,v,img/target_5.png
35,3,396,lattice,3,p,img/target_10.png
35,3,397,lattice,5,v,img/target_5.png
35,3,398,lattice,6,o,img/target_9.png
35,3,399,lattice,7,e,img/target_3.png
35,3,400,lattice,5,v,img/target_5.png
35,3,401,lattice,3,p,img/target_10.png
35,3,402,lattice,4,i,img/target_8.png
35,3,403,lattice,5,v,img/target_5.png
35,3,404,lattice,7,e,img/target_3.png
35,3,405,lattice,6,o,img/target_9.png
35,3,406,lattice,5,v,img/target_5.png
35,3,407,lattice,3,p,img/target_10.png
35,3,408,lattice,4,i,img/target_8.png
35,3,409,lattice,5,v,img/target_5.png
35,3,410,lattice,3,p,img/target_10.png
35,3,411,lattice,5,v,img/target_5.png
35,3,412,lattice,3,p,img/target_10.png
35,3,413,lattice,1,r,img/target_4.png
35,3,414,lattice,2,u,img/target_7.png
35,3,415,lattice,0,w,img/target_2.png
35,3,416,lattice,9,q,img/target_1.png
35,3,417,lattice,1,r,img/target_4.png
35,3,418,lattice,0,w,img/target_2.png
35,3,419,lattice,8,b,img/target_6.png
35,3,420,lattice,6,o,img/target_9.png
35,3,421,lattice,8,b,img/target_6.png
35,3,422,lattice,7,e,img/target_3.png
35,3,423,lattice,6,o,img/target_9.png
35,3,424,lattice,5,v,img/target_5.png
35,3,425,lattice,6,o,img/target_9.png
35,3,426,lattice,4,i,img/target_8.png
35,3,427,lattice,3,p,img/target_10.png
35,3,428,lattice,5,v,img/target_5.png
35,3,429,lattice,6,o,img/target_9.png
35,3,430,lattice,7,e,img/target_3.png
35,3,431,lattice,9,q,img/target_1.png
35,3,432,lattice,8,b,img/target_6.png
35,3,433,lattice,6,o,img/target_9.png
35,3,434,lattice,7,e,img/target_3.png
35,3,435,lattice,6,o,img/target_9.png
35,3,436,lattice,4,i,img/target_8.png
35,3,437,lattice,6,o,img/target_9.png
35,3,438,lattice,5,v,img/target_5.png
35,3,439,lattice,3,p,img/target_10.png
35,3,440,lattice,5,v,img/target_5.png
35,3,441,lattice,6,o,img/target_9.png
35,3,442,lattice,7,e,img/target_3.png
35,3,443,lattice,5,v,img/target_5.png
35,3,444,lattice,7,e,img/target_3.png
35,3,445,lattice,6,o,img/target_9.png
35,3,446,lattice,5,v,img/target_5.png
35,3,447,lattice,6,o,img/target_9.png
35,3,448,lattice,8,b,img/target_6.png
35,3,449,lattice,0,w,img/target_2.png
35,3,450,lattice,9,q,img/target_1.png
35,3,451,lattice,0,w,img/target_2.png
35,3,452,lattice,8,b,img/target_6.png
35,3,453,lattice,7,e,img/target_3.png
35,3,454,lattice,9,q,img/target_1.png
35,3,455,lattice,8,b,img/target_6.png
35,3,456,lattice,6,o,img/target_9.png
35,3,457,lattice,5,v,img/target_5.png
35,3,458,lattice,7,e,img/target_3.png
35,3,459,lattice,9,q,img/target_1.png
35,3,460,lattice,7,e,img/target_3.png
35,3,461,lattice,8,b,img/target_6.png
35,3,462,lattice,6,o,img/target_9.png
35,3,463,lattice,4,i,img/target_8.png
35,3,464,lattice,3,p,img/target_10.png
35,3,465,lattice,5,v,img/target_5.png
35,3,466,lattice,6,o,img/target_9.png
35,3,467,lattice,8,b,img/target_6.png
35,3,468,lattice,6,o,img/target_9.png
35,3,469,lattice,8,b,img/target_6.png
35,3,470,lattice,7,e,img/target_3.png
35,3,471,lattice,6,o,img/target_9.png
35,3,472,lattice,5,v,img/target_5.png
35,3,473,lattice,4,i,img/target_8.png
35,3,474,lattice,3,p,img/target_10.png
35,3,475,lattice,2,u,img/target_7.png
35,3,476,lattice,1,r,img/target_4.png
35,3,477,lattice,3,p,img/target_10.png
35,3,478,lattice,2,u,img/target_7.png
35,3,479,lattice,0,w,img/target_2.png
35,3,480,lattice,8,b,img/target_6.png
35,3,481,lattice,9,q,img/target_1.png
35,3,482,lattice,8,b,img/target_6.png
35,3,483,lattice,7,e,img/target_3.png
35,3,484,lattice,6,o,img/target_9.png
35,3,485,lattice,8,b,img/target_6.png
35,3,486,lattice,9,q,img/target_1.png
35,3,487,lattice,1,r,img/target_4.png
35,3,488,lattice,3,p,img/target_10.png
35,3,489,lattice,1,r,img/target_4.png
35,3,490,lattice,9,q,img/target_1.png
35,3,491,lattice,7,e,img/target_3.png
35,3,492,lattice,8,b,img/target_6.png
35,3,493,lattice,7,e,img/target_3.png
35,3,494,lattice,9,q,img/target_1.png
35,3,495,lattice,8,b,img/target_6.png
35,3,496,lattice,7,e,img/target_3.png
35,3,497,lattice,6,o,img/target_9.png
35,3,498,lattice,5,v,img/target_5.png
35,3,499,lattice,7,e,img/target_3.png
35,3,500,lattice,8,b,img/target_6.png
35,3,501,lattice,0,w,img/target_2.png
35,3,502,lattice,8,b,img/target_6.png
35,3,503,lattice,6,o,img/target_9.png
35,3,504,lattice,4,i,img/target_8.png
35,3,505,lattice,2,u,img/target_7.png
35,3,506,lattice,4,i,img/target_8.png
35,3,507,lattice,6,o,img/target_9.png
35,3,508,lattice,8,b,img/target_6.png
35,3,509,lattice,7,e,img/target_3.png
35,3,510,lattice,5,v,img/target_5.png
35,3,511,lattice,4,i,img/target_8.png
35,3,512,lattice,2,u,img/target_7.png
35,3,513,lattice,4,i,img/target_8.png
35,3,514,lattice,5,v,img/target_5.png
35,3,515,lattice,3,p,img/target_10.png
35,3,516,lattice,4,i,img/target_8.png
35,3,517,lattice,3,p,img/target_10.png
35,3,518,lattice,2,u,img/target_7.png
35,3,519,lattice,3,p,img/target_10.png
35,3,520,lattice,1,r,img/target_4.png
35,3,521,lattice,9,q,img/target_1.png
35,3,522,lattice,1,r,img/target_4.png
35,3,523,lattice,9,q,img/target_1.png
35,3,524,lattice,7,e,img/target_3.png
35,3,525,lattice,8,b,img/target_6.png
35,3,526,lattice,0,w,img/target_2.png
35,3,527,lattice,9,q,img/target_1.png
35,3,528,lattice,8,b,img/target_6.png
35,3,529,lattice,7,e,img/target_3.png
35,3,530,lattice,5,v,img/target_5.png
35,3,531,lattice,3,p,img/target_10.png
35,3,532,lattice,1,r,img/target_4.png
35,3,533,lattice,2,u,img/target_7.png
35,3,534,lattice,1,r,img/target_4.png
35,3,535,lattice,2,u,img/target_7.png
35,3,536,lattice,1,r,img/target_4.png
35,3,537,lattice,0,w,img/target_2.png
35,3,538,lattice,8,b,img/target_6.png
35,3,539,lattice,7,e,img/target_3.png
35,3,540,lattice,6,o,img/target_9.png
35,3,541,lattice,5,v,img/target_5.png
35,3,542,lattice,3,p,img/target_10.png
35,3,543,lattice,5,v,img/target_5.png
35,3,544,lattice,7,e,img/target_3.png
35,3,545,lattice,9,q,img/target_1.png
35,3,546,lattice,7,e,img/target_3.png
35,3,547,lattice,6,o,img/target_9.png
35,3,548,lattice,7,e,img/target_3.png
35,3,549,lattice,6,o,img/target_9.png
35,3,550,lattice,4,i,img/target_8.png
35,3,551,lattice,5,v,img/target_5.png
35,3,552,lattice,6,o,img/target_9.png
35,3,553,lattice,4,i,img/target_8.png
35,3,554,lattice,5,v,img/target_5.png
35,3,555,lattice,7,e,img/target_3.png
35,3,556,lattice,5,v,img/target_5.png
35,3,557,lattice,6,o,img/target_9.png
35,3,558,lattice,7,e,img/target_3.png
35,3,559,lattice,6,o,img/target_9.png
35,3,560,lattice,5,v,img/target_5.png
35,3,561,lattice,3,p,img/target_10.png
35,3,562,lattice,1,r,img/target_4.png
35,3,563,lattice,2,u,img/target_7.png
35,3,564,lattice,1,r,img/target_4.png
35,3,565,lattice,9,q,img/target_1.png
35,3,566,lattice,8,b,img/target_6.png
35,3,567,lattice,9,q,img/target_1.png
35,3,568,lattice,1,r,img/target_4.png
35,3,569,lattice,0,w,img/target_2.png
35,3,570,lattice,2,u,img/target_7.png
35,3,571,lattice,3,p,img/target_10.png
35,3,572,lattice,1,r,img/target_4.png
35,3,573,lattice,0,w,img/target_2.png
35,3,574,lattice,9,q,img/target_1.png
35,3,575,lattice,8,b,img/target_6.png
35,3,576,lattice,0,w,img/target_2.png
35,3,577,lattice,9,q,img/target_1.png
35,3,578,lattice,8,b,img/target_6.png
35,3,579,lattice,7,e,img/target_3.png
35,3,580,lattice,9,q,img/target_1.png
35,3,581,lattice,0,w,img/target_2.png
35,3,582,lattice,9,q,img/target_1.png
35,3,583,lattice,1,r,img/target_4.png
35,3,584,lattice,3,p,img/target_10.png
35,3,585,lattice,4,i,img/target_8.png
35,3,586,lattice,2,u,img/target_7.png
35,3,587,lattice,0,w,img/target_2.png
35,3,588,lattice,8,b,img/target_6.png
35,3,589,lattice,9,q,img/target_1.png
35,3,590,lattice,0,w,img/target_2.png
35,3,591,lattice,8,b,img/target_6.png
35,3,592,lattice,0,w,img/target_2.png
35,3,593,lattice,8,b,img/target_6.png
35,3,594,lattice,6,o,img/target_9.png
35,3,595,lattice,4,i,img/target_8.png
35,3,596,lattice,2,u,img/target_7.png
35,3,597,lattice,3,p,img/target_10.png
35,3,598,lattice,1,r,img/target_4.png
35,3,599,lattice,9,q,img/target_1.png
35,3,600,lattice,0,w,img/target_2.png
35,3,601,lattice,2,u,img/target_7.png
35,3,602,lattice,1,r,img/target_4.png
35,3,603,lattice,0,w,img/target_2.png
35,3,604,lattice,8,b,img/target_6.png
35,3,605,lattice,6,o,img/target_9.png
35,3,606,lattice,8,b,img/target_6.png
35,3,607,lattice,0,w,img/target_2.png
35,3,608,lattice,2,u,img/target_7.png
35,3,609,lattice,1,r,img/target_4.png
35,3,610,lattice,0,w,img/target_2.png
35,3,611,lattice,2,u,img/target_7.png
35,3,612,lattice,0,w,img/target_2.png
35,3,613,lattice,9,q,img/target_1.png
35,3,614,lattice,1,r,img/target_4.png
35,3,615,lattice,0,w,img/target_2.png
35,3,616,lattice,2,u,img/target_7.png
35,3,617,lattice,0,w,img/target_2.png
35,3,618,lattice,9,q,img/target_1.png
35,3,619,lattice,0,w,img/target_2.png
35,3,620,lattice,2,u,img/target_7.png
35,3,621,lattice,0,w,img/target_2.png
35,3,622,lattice,8,b,img/target_6.png
35,3,623,lattice,9,q,img/target_1.png
35,3,624,lattice,8,b,img/target_6.png
35,3,625,lattice,0,w,img/target_2.png
35,3,626,lattice,1,r,img/target_4.png
35,3,627,lattice,2,u,img/target_7.png
35,3,628,lattice,3,p,img/target_10.png
35,3,629,lattice,1,r,img/target_4.png
35,3,630,lattice,3,p,img/target_10.png
35,3,631,lattice,5,v,img/target_5.png
35,3,632,lattice,4,i,img/target_8.png
35,3,633,lattice,6,o,img/target_9.png
35,3,634,lattice,7,e,img/target_3.png
35,3,635,lattice,8,b,img/target_6.png
35,3,636,lattice,0,w,img/target_2.png
35,3,637,lattice,2,u,img/target_7.png
35,3,638,lattice,1,r,img/target_4.png
35,3,639,lattice,0,w,img/target_2.png
35,3,640,lattice,1,r,img/target_4.png
35,3,641,lattice,3,p,img/target_10.png
35,3,642,lattice,4,i,img/target_8.png
35,3,643,lattice,3,p,img/target_10.png
35,3,644,lattice,2,u,img/target_7.png
35,3,645,lattice,0,w,img/target_2.png
35,3,646,lattice,9,q,img/target_1.png
35,3,647,lattice,1,r,img/target_4.png
35,3,648,lattice,2,u,img/target_7.png
35,3,649,lattice,0,w,img/target_2.png
35,3,650,lattice,9,q,img/target_1.png
35,3,651,lattice,7,e,img/target_3.png
35,3,652,lattice,9,q,img/target_1.png
35,3,653,lattice,1,r,img/target_4.png
35,3,654,lattice,3,p,img/target_10.png
35,3,655,lattice,4,i,img/target_8.png
35,3,656,lattice,6,o,img/target_9.png
35,3,657,lattice,7,e,img/target_3.png
35,3,658,lattice,5,v,img/target_5.png
35,3,659,lattice,7,e,img/target_3.png
35,3,660,lattice,8,b,img/target_6.png
35,3,661,lattice,9,q,img/target_1.png
35,3,662,lattice,7,e,img/target_3.png
35,3,663,lattice,8,b,img/target_6.png
35,3,664,lattice,9,q,img/target_1.png
35,3,665,lattice,1,r,img/target_4.png
35,3,666,lattice,3,p,img/target_10.png
35,3,667,lattice,1,r,img/target_4.png
35,3,668,lattice,3,p,img/target_10.png
35,3,669,lattice,1,r,img/target_4.png
35,3,670,lattice,0,w,img/target_2.png
35,3,671,lattice,9,q,img/target_1.png
35,3,672,lattice,1,r,img/target_4.png
35,3,673,lattice,2,u,img/target_7.png
35,3,674,lattice,4,i,img/target_8.png
35,3,675,lattice,6,o,img/target_9.png
35,3,676,lattice,4,i,img/target_8.png
35,3,677,lattice,6,o,img/target_9.png
35,3,678,lattice,7,e,img/target_3.png
35,3,679,lattice,5,v,img/target_5.png
35,3,680,lattice,4,i,img/target_8.png
35,3,681,lattice,3,p,img/target_10.png
35,3,682,lattice,4,i,img/target_8.png
35,3,683,lattice,3,p,img/target_10.png
35,3,684,lattice,2,u,img/target_7.png
35,3,685,lattice,1,r,img/target_4.png
35,3,686,lattice,9,q,img/target_1.png
35,3,687,lattice,7,e,img/target_3.png
35,3,688,lattice,6,o,img/target_9.png
35,3,689,lattice,5,v,img/target_5.png
35,3,690,lattice,4,i,img/target_8.png
35,3,691,lattice,3,p,img/target_10.png
35,3,692,lattice,2,u,img/target_7.png
35,3,693,lattice,1,r,img/target_4.png
35,3,694,lattice,9,q,img/target_1.png
35,3,695,lattice,1,r,img/target_4.png
35,3,696,lattice,3,p,img/target_10.png
35,3,697,lattice,4,i,img/target_8.png
35,3,698,lattice,6,o,img/target_9.png
35,3,699,lattice,7,e,img/target_3.png
35,3,700,lattice,8,b,img/target_6.png
35,3,701,lattice,6,o,img/target_9.png
35,3,702,lattice,5,v,img/target_5.png
35,3,703,lattice,4,i,img/target_8.png
35,3,704,lattice,6,o,img/target_9.png
35,3,705,lattice,5,v,img/target_5.png
35,3,706,lattice,3,p,img/target_10.png
35,3,707,lattice,5,v,img/target_5.png
35,3,708,lattice,3,p,img/target_10.png
35,3,709,lattice,4,i,img/target_8.png
35,3,710,lattice,5,v,img/target_5.png
35,3,711,lattice,3,p,img/target_10.png
35,3,712,lattice,4,i,img/target_8.png
35,3,713,lattice,3,p,img/target_10.png
35,3,714,lattice,2,u,img/target_7.png
35,3,715,lattice,1,r,img/target_4.png
35,3,716,lattice,2,u,img/target_7.png
35,3,717,lattice,4,i,img/target_8.png
35,3,718,lattice,2,u,img/target_7.png
35,3,719,lattice,1,r,img/target_4.png
35,3,720,lattice,9,q,img/target_1.png
35,3,721,lattice,0,w,img/target_2.png
35,3,722,lattice,1,r,img/target_4.png
35,3,723,lattice,3,p,img/target_10.png
35,3,724,lattice,1,r,img/target_4.png
35,3,725,lattice,3,p,img/target_10.png
35,3,726,lattice,4,i,img/target_8.png
35,3,727,lattice,6,o,img/target_9.png
35,3,728,lattice,7,e,img/target_3.png
35,3,729,lattice,9,q,img/target_1.png
35,3,730,lattice,1,r,img/target_4.png
35,3,731,lattice,9,q,img/target_1.png
35,3,732,lattice,0,w,img/target_2.png
35,3,733,lattice,1,r,img/target_4.png
35,3,734,lattice,9,q,img/target_1.png
35,3,735,lattice,1,r,img/target_4.png
35,3,736,lattice,9,q,img/target_1.png
35,3,737,lattice,0,w,img/target_2.png
35,3,738,lattice,8,b,img/target_6.png
35,3,739,lattice,0,w,img/target_2.png
35,3,740,lattice,1,r,img/target_4.png
35,3,741,lattice,9,q,img/target_1.png
35,3,742,lattice,7,e,img/target_3.png
35,3,743,lattice,6,o,img/target_9.png
35,3,744,lattice,8,b,img/target_6.png
35,3,745,lattice,6,o,img/target_9.png
35,3,746,lattice,7,e,img/target_3.png
35,3,747,lattice,6,o,img/target_9.png
35,3,748,lattice,5,v,img/target_5.png
35,3,749,lattice,3,p,img/target_10.png
35,3,750,lattice,1,r,img/target_4.png
35,3,751,lattice,2,u,img/target_7.png
35,3,752,lattice,0,w,img/target_2.png
35,3,753,lattice,9,q,img/target_1.png
35,3,754,lattice,0,w,img/target_2.png
35,3,755,lattice,1,r,img/target_4.png
35,3,756,lattice,2,u,img/target_7.png
35,3,757,lattice,3,p,img/target_10.png
35,3,758,lattice,1,r,img/target_4.png
35,3,759,lattice,3,p,img/target_10.png
35,3,760,lattice,2,u,img/target_7.png
35,3,761,lattice,1,r,img/target_4.png
35,3,762,lattice,0,w,img/target_2.png
35,3,763,lattice,2,u,img/target_7.png
35,3,764,lattice,4,i,img/target_8.png
35,3,765,lattice,3,p,img/target_10.png
35,3,766,lattice,1,r,img/target_4.png
35,3,767,lattice,9,q,img/target_1.png
35,3,768,lattice,7,e,img/target_3.png
35,3,769,lattice,6,o,img/target_9.png
35,3,770,lattice,5,v,img/target_5.png
35,3,771,lattice,3,p,img/target_10.png
35,3,772,lattice,1,r,img/target_4.png
35,3,773,lattice,9,q,img/target_1.png
35,3,774,lattice,7,e,img/target_3.png
35,3,775,lattice,9,q,img/target_1.png
35,3,776,lattice,7,e,img/target_3.png
35,3,777,lattice,6,o,img/target_9.png
35,3,778,lattice,5,v,img/target_5.png
35,3,779,lattice,3,p,img/target_10.png
35,3,780,lattice,4,i,img/target_8.png
35,3,781,lattice,3,p,img/target_10.png
35,3,782,lattice,1,r,img/target_4.png
35,3,783,lattice,0,w,img/target_2.png
35,3,784,lattice,8,b,img/target_6.png
35,3,785,lattice,7,e,img/target_3.png
35,3,786,lattice,8,b,img/target_6.png
35,3,787,lattice,0,w,img/target_2.png
35,3,788,lattice,9,q,img/target_1.png
35,3,789,lattice,0,w,img/target_2.png
35,3,790,lattice,9,q,img/target_1.png
35,3,791,lattice,8,b,img/target_6.png
35,3,792,lattice,6,o,img/target_9.png
35,3,793,lattice,4,i,img/target_8.png
35,3,794,lattice,2,u,img/target_7.png
35,3,795,lattice,1,r,img/target_4.png
35,3,796,lattice,0,w,img/target_2.png
35,3,797,lattice,2,u,img/target_7.png
35,3,798,lattice,1,r,img/target_4.png
35,3,799,lattice,9,q,img/target_1.png
35,3,800,lattice,0,w,img/target_2.png
35,3,801,lattice,9,q,img/target_1.png
35,3,802,lattice,7,e,img/target_3.png
35,3,803,lattice,6,o,img/target_9.png
35,3,804,lattice,5,v,img/target_5.png
35,3,805,lattice,7,e,img/target_3.png
35,3,806,lattice,9,q,img/target_1.png
35,3,807,lattice,8,b,img/target_6.png
35,3,808,lattice,9,q,img/target_1.png
35,3,809,lattice,7,e,img/target_3.png
35,3,810,lattice,8,b,img/target_6.png
35,3,811,lattice,0,w,img/target_2.png
35,3,812,lattice,1,r,img/target_4.png
35,3,813,lattice,3,p,img/target_10.png
35,3,814,lattice,5,v,img/target_5.png
35,3,815,lattice,7,e,img/target_3.png
35,3,816,lattice,5,v,img/target_5.png
35,3,817,lattice,6,o,img/target_9.png
35,3,818,lattice,5,v,img/target_5.png
35,3,819,lattice,6,o,img/target_9.png
35,3,820,lattice,8,b,img/target_6.png
35,3,821,lattice,7,e,img/target_3.png
35,3,822,lattice,8,b,img/target_6.png
35,3,823,lattice,9,q,img/target_1.png
35,3,824,lattice,0,w,img/target_2.png
35,3,825,lattice,1,r,img/target_4.png
35,3,826,lattice,0,w,img/target_2.png
35,3,827,lattice,1,r,img/target_4.png
35,3,828,lattice,9,q,img/target_1.png
35,3,829,lattice,7,e,img/target_3.png
35,3,830,lattice,8,b,img/target_6.png
35,3,831,lattice,6,o,img/target_9.png
35,3,832,lattice,5,v,img/target_5.png
35,3,833,lattice,4,i,img/target_8.png
35,3,834,lattice,2,u,img/target_7.png
35,3,835,lattice,0,w,img/target_2.png
35,3,836,lattice,9,q,img/target_1.png
35,3,837,lattice,1,r,img/target_4.png
35,3,838,lattice,3,p,img/target_10.png
35,3,839,lattice,5,v,img/target_5.png
35,3,840,lattice,4,i,img/target_8.png
35,3,841,lattice,2,u,img/target_7.png
35,3,842,lattice,0,w,img/target_2.png
35,3,843,lattice,8,b,img/target_6.png
35,3,844,lattice,7,e,img/target_3.png
35,3,845,lattice,6,o,img/target_9.png
35,3,846,lattice,4,i,img/target_8.png
35,3,847,lattice,6,o,img/target_9.png
35,3,848,lattice,4,i,img/target_8.png
35,3,849,lattice,3,p,img/target_10.png
35,3,850,lattice,2,u,img/target_7.png
35,3,851,lattice,3,p,img/target_10.png
35,3,852,lattice,4,i,img/target_8.png
35,3,853,lattice,5,v,img/target_5.png
35,3,854,lattice,7,e,img/target_3.png
35,3,855,lattice,5,v,img/target_5.png
35,3,856,lattice,6,o,img/target_9.png
35,3,857,lattice,4,i,img/target_8.png
35,3,858,lattice,3,p,img/target_10.png
35,3,859,lattice,5,v,img/target_5.png
35,3,860,lattice,6,o,img/target_9.png
35,3,861,lattice,4,i,img/target_8.png
35,3,862,lattice,6,o,img/target_9.png
35,3,863,lattice,7,e,img/target_3.png
35,3,864,lattice,6,o,img/target_9.png
35,3,865,lattice,5,v,img/target_5.png
35,3,866,lattice,4,i,img/target_8.png
35,3,867,lattice,5,v,img/target_5.png
35,3,868,lattice,3,p,img/target_10.png
35,3,869,lattice,2,u,img/target_7.png
35,3,870,lattice,4,i,img/target_8.png
35,3,871,lattice,5,v,img/target_5.png
35,3,872,lattice,7,e,img/target_3.png
35,3,873,lattice,5,v,img/target_5.png
35,3,874,lattice,6,o,img/target_9.png
35,3,875,lattice,5,v,img/target_5.png
35,3,876,lattice,7,e,img/target_3.png
35,3,877,lattice,9,q,img/target_1.png
35,3,878,lattice,7,e,img/target_3.png
35,3,879,lattice,5,v,img/target_5.png
35,3,880,lattice,7,e,img/target_3.png
35,3,881,lattice,6,o,img/target_9.png
35,3,882,lattice,7,e,img/target_3.png
35,3,883,lattice,9,q,img/target_1.png
35,3,884,lattice,8,b,img/target_6.png
35,3,885,lattice,7,e,img/target_3.png
35,3,886,lattice,8,b,img/target_6.png
35,3,887,lattice,0,w,img/target_2.png
35,3,888,lattice,8,b,img/target_6.png
35,3,889,lattice,7,e,img/target_3.png
35,3,890,lattice,9,q,img/target_1.png
35,3,891,lattice,0,w,img/target_2.png
35,3,892,lattice,8,b,img/target_6.png
35,3,893,lattice,6,o,img/target_9.png
35,3,894,lattice,4,i,img/target_8.png
35,3,895,lattice,6,o,img/target_9.png
35,3,896,lattice,5,v,img/target_5.png
35,3,897,lattice,4,i,img/target_8.png
35,3,898,lattice,6,o,img/target_9.png
35,3,899,lattice,5,v,img/target_5.png
35,3,900,lattice,3,p,img/target_10.png
35,3,901,lattice,2,u,img/target_7.png
35,3,902,lattice,3,p,img/target_10.png
35,3,903,lattice,2,u,img/target_7.png
35,3,904,lattice,0,w,img/target_2.png
35,3,905,lattice,1,r,img/target_4.png
35,3,906,lattice,9,q,img/target_1.png
35,3,907,lattice,1,r,img/target_4.png
35,3,908,lattice,2,u,img/target_7.png
35,3,909,lattice,1,r,img/target_4.png
35,3,910,lattice,0,w,img/target_2.png
35,3,911,lattice,2,u,img/target_7.png
35,3,912,lattice,4,i,img/target_8.png
35,3,913,lattice,6,o,img/target_9.png
35,3,914,lattice,4,i,img/target_8.png
35,3,915,lattice,2,u,img/target_7.png
35,3,916,lattice,4,i,img/target_8.png
35,3,917,lattice,5,v,img/target_5.png
35,3,918,lattice,6,o,img/target_9.png
35,3,919,lattice,7,e,img/target_3.png
35,3,920,lattice,9,q,img/target_1.png
35,3,921,lattice,8,b,img/target_6.png
35,3,922,lattice,7,e,img/target_3.png
35,3,923,lattice,8,b,img/target_6.png
35,3,924,lattice,6,o,img/target_9.png
35,3,925,lattice,4,i,img/target_8.png
35,3,926,lattice,6,o,img/target_9.png
35,3,927,lattice,4,i,img/target_8.png
35,3,928,lattice,6,o,img/target_9.png
35,3,929,lattice,8,b,img/target_6.png
35,3,930,lattice,9,q,img/target_1.png
35,3,931,lattice,8,b,img/target_6.png
35,3,932,lattice,0,w,img/target_2.png
35,3,933,lattice,8,b,img/target_6.png
35,3,934,lattice,7,e,img/target_3.png
35,3,935,lattice,5,v,img/target_5.png
35,3,936,lattice,4,i,img/target_8.png
35,3,937,lattice,2,u,img/target_7.png
35,3,938,lattice,1,r,img/target_4.png
35,3,939,lattice,3,p,img/target_10.png
35,3,940,lattice,1,r,img/target_4.png
35,3,941,lattice,3,p,img/target_10.png
35,3,942,lattice,5,v,img/target_5.png
35,3,943,lattice,3,p,img/target_10.png
35,3,944,lattice,1,r,img/target_4.png
35,3,945,lattice,0,w,img/target_2.png
35,3,946,lattice,1,r,img/target_4.png
35,3,947,lattice,9,q,img/target_1.png
35,3,948,lattice,0,w,img/target_2.png
35,3,949,lattice,2,u,img/target_7.png
35,3,950,lattice,1,r,img/target_4.png
35,3,951,lattice,3,p,img/target_10.png
35,3,952,lattice,1,r,img/target_4.png
35,3,953,lattice,2,u,img/target_7.png
35,3,954,lattice,3,p,img/target_10.png
35,3,955,lattice,5,v,img/target_5.png
35,3,956,lattice,6,o,img/target_9.png
35,3,957,lattice,5,v,img/target_5.png
35,3,958,lattice,6,o,img/target_9.png
35,3,959,lattice,4,i,img/target_8.png
35,3,960,lattice,3,p,img/target_10.png
35,3,961,lattice,1,r,img/target_4.png
35,3,962,lattice,2,u,img/target_7.png
35,3,963,lattice,4,i,img/target_8.png
35,3,964,lattice,2,u,img/target_7.png
35,3,965,lattice,1,r,img/target_4.png
35,3,966,lattice,2,u,img/target_7.png
35,3,967,lattice,1,r,img/target_4.png
35,3,968,lattice,0,w,img/target_2.png
35,3,969,lattice,9,q,img/target_1.png
35,3,970,lattice,0,w,img/target_2.png
35,3,971,lattice,2,u,img/target_7.png
35,3,972,lattice,0,w,img/target_2.png
35,3,973,lattice,2,u,img/target_7.png
35,3,974,lattice,4,i,img/target_8.png
35,3,975,lattice,5,v,img/target_5.png
35,3,976,lattice,4,i,img/target_8.png
35,3,977,lattice,5,v,img/target_5.png
35,3,978,lattice,4,i,img/target_8.png
35,3,979,lattice,3,p,img/target_10.png
35,3,980,lattice,5,v,img/target_5.png
35,3,981,lattice,7,e,img/target_3.png
35,3,982,lattice,8,b,img/target_6.png
35,3,983,lattice,7,e,img/target_3.png
35,3,984,lattice,6,o,img/target_9.png
35,3,985,lattice,8,b,img/target_6.png
35,3,986,lattice,9,q,img/target_1.png
35,3,987,lattice,7,e,img/target_3.png
35,3,988,lattice,6,o,img/target_9.png
35,3,989,lattice,7,e,img/target_3.png
35,3,990,lattice,5,v,img/target_5.png
35,3,991,lattice,7,e,img/target_3.png
35,3,992,lattice,8,b,img/target_6.png
35,3,993,lattice,9,q,img/target_1.png
35,3,994,lattice,8,b,img/target_6.png
35,3,995,lattice,7,e,img/target_3.png
35,3,996,lattice,6,o,img/target_9.png
35,3,997,lattice,8,b,img/target_6.png
35,3,998,lattice,9,q,img/target_1.png
35,3,999,lattice,8,b,img/target_6.png
35,3,1000,lattice,6,o,img/target_9.png
