pID,trialNum,graph,walk,resp,path
30,1,modular,6,b,img/target_6.png
30,2,modular,8,q,img/target_1.png
30,3,modular,7,i,img/target_8.png
30,4,modular,9,w,img/target_2.png
30,5,modular,7,i,img/target_8.png
30,6,modular,5,e,img/target_3.png
30,7,modular,8,q,img/target_1.png
30,8,modular,5,e,img/target_3.png
30,9,modular,8,q,img/target_1.png
30,10,modular,9,w,img/target_2.png
30,11,modular,6,b,img/target_6.png
30,12,modular,8,q,img/target_1.png
30,13,modular,6,b,img/target_6.png
30,14,modular,5,e,img/target_3.png
30,15,modular,4,u,img/target_7.png
30,16,modular,1,o,img/target_9.png
30,17,modular,0,p,img/target_10.png
30,18,modular,3,v,img/target_5.png
30,19,modular,2,r,img/target_4.png
30,20,modular,4,u,img/target_7.png
30,21,modular,2,r,img/target_4.png
30,22,modular,4,u,img/target_7.png
30,23,modular,1,o,img/target_9.png
30,24,modular,4,u,img/target_7.png
30,25,modular,3,v,img/target_5.png
30,26,modular,1,o,img/target_9.png
30,27,modular,4,u,img/target_7.png
30,28,modular,3,v,img/target_5.png
30,29,modular,4,u,img/target_7.png
30,30,modular,1,o,img/target_9.png
30,31,modular,3,v,img/target_5.png
30,32,modular,0,p,img/target_10.png
30,33,modular,3,v,img/target_5.png
30,34,modular,1,o,img/target_9.png
30,35,modular,2,r,img/target_4.png
30,36,modular,4,u,img/target_7.png
30,37,modular,3,v,img/target_5.png
30,38,modular,0,p,img/target_10.png
30,39,modular,3,v,img/target_5.png
30,40,modular,1,o,img/target_9.png
30,41,modular,4,u,img/target_7.png
30,42,modular,3,v,img/target_5.png
30,43,modular,0,p,img/target_10.png
30,44,modular,1,o,img/target_9.png
30,45,modular,0,p,img/target_10.png
30,46,modular,3,v,img/target_5.png
30,47,modular,4,u,img/target_7.png
30,48,modular,2,r,img/target_4.png
30,49,modular,3,v,img/target_5.png
30,50,modular,1,o,img/target_9.png
30,51,modular,3,v,img/target_5.png
30,52,modular,2,r,img/target_4.png
30,53,modular,4,u,img/target_7.png
30,54,modular,1,o,img/target_9.png
30,55,modular,2,r,img/target_4.png
30,56,modular,3,v,img/target_5.png
30,57,modular,1,o,img/target_9.png
30,58,modular,0,p,img/target_10.png
30,59,modular,9,w,img/target_2.png
30,60,modular,0,p,img/target_10.png
30,61,modular,2,r,img/target_4.png
30,62,modular,3,v,img/target_5.png
30,63,modular,1,o,img/target_9.png
30,64,modular,3,v,img/target_5.png
30,65,modular,0,p,img/target_10.png
30,66,modular,3,v,img/target_5.png
30,67,modular,2,r,img/target_4.png
30,68,modular,4,u,img/target_7.png
30,69,modular,2,r,img/target_4.png
30,70,modular,4,u,img/target_7.png
30,71,modular,3,v,img/target_5.png
30,72,modular,0,p,img/target_10.png
30,73,modular,1,o,img/target_9.png
30,74,modular,3,v,img/target_5.png
30,75,modular,1,o,img/target_9.png
30,76,modular,0,p,img/target_10.png
30,77,modular,2,r,img/target_4.png
30,78,modular,4,u,img/target_7.png
30,79,modular,1,o,img/target_9.png
30,80,modular,4,u,img/target_7.png
30,81,modular,5,e,img/target_3.png
30,82,modular,4,u,img/target_7.png
30,83,modular,1,o,img/target_9.png
30,84,modular,2,r,img/target_4.png
30,85,modular,0,p,img/target_10.png
30,86,modular,1,o,img/target_9.png
30,87,modular,4,u,img/target_7.png
30,88,modular,2,r,img/target_4.png
30,89,modular,1,o,img/target_9.png
30,90,modular,2,r,img/target_4.png
30,91,modular,1,o,img/target_9.png
30,92,modular,4,u,img/target_7.png
30,93,modular,3,v,img/target_5.png
30,94,modular,4,u,img/target_7.png
30,95,modular,5,e,img/target_3.png
30,96,modular,7,i,img/target_8.png
30,97,modular,9,w,img/target_2.png
30,98,modular,6,b,img/target_6.png
30,99,modular,7,i,img/target_8.png
30,100,modular,6,b,img/target_6.png
30,101,modular,5,e,img/target_3.png
30,102,modular,4,u,img/target_7.png
30,103,modular,3,v,img/target_5.png
30,104,modular,2,r,img/target_4.png
30,105,modular,1,o,img/target_9.png
30,106,modular,4,u,img/target_7.png
30,107,modular,2,r,img/target_4.png
30,108,modular,4,u,img/target_7.png
30,109,modular,3,v,img/target_5.png
30,110,modular,2,r,img/target_4.png
30,111,modular,4,u,img/target_7.png
30,112,modular,3,v,img/target_5.png
30,113,modular,0,p,img/target_10.png
30,114,modular,9,w,img/target_2.png
30,115,modular,0,p,img/target_10.png
30,116,modular,9,w,img/target_2.png
30,117,modular,8,q,img/target_1.png
30,118,modular,9,w,img/target_2.png
30,119,modular,8,q,img/target_1.png
30,120,modular,6,b,img/target_6.png
30,121,modular,7,i,img/target_8.png
30,122,modular,9,w,img/target_2.png
30,123,modular,0,p,img/target_10.png
30,124,modular,1,o,img/target_9.png
30,125,modular,2,r,img/target_4.png
30,126,modular,1,o,img/target_9.png
30,127,modular,2,r,img/target_4.png
30,128,modular,1,o,img/target_9.png
30,129,modular,3,v,img/target_5.png
30,130,modular,2,r,img/target_4.png
30,131,modular,0,p,img/target_10.png
30,132,modular,2,r,img/target_4.png
30,133,modular,1,o,img/target_9.png
30,134,modular,0,p,img/target_10.png
30,135,modular,1,o,img/target_9.png
30,136,modular,3,v,img/target_5.png
30,137,modular,1,o,img/target_9.png
30,138,modular,4,u,img/target_7.png
30,139,modular,3,v,img/target_5.png
30,140,modular,2,r,img/target_4.png
30,141,modular,0,p,img/target_10.png
30,142,modular,9,w,img/target_2.png
30,143,modular,8,q,img/target_1.png
30,144,modular,6,b,img/target_6.png
30,145,modular,7,i,img/target_8.png
30,146,modular,6,b,img/target_6.png
30,147,modular,5,e,img/target_3.png
30,148,modular,4,u,img/target_7.png
30,149,modular,5,e,img/target_3.png
30,150,modular,8,q,img/target_1.png
30,151,modular,5,e,img/target_3.png
30,152,modular,8,q,img/target_1.png
30,153,modular,9,w,img/target_2.png
30,154,modular,7,i,img/target_8.png
30,155,modular,6,b,img/target_6.png
30,156,modular,9,w,img/target_2.png
30,157,modular,8,q,img/target_1.png
30,158,modular,5,e,img/target_3.png
30,159,modular,4,u,img/target_7.png
30,160,modular,2,r,img/target_4.png
30,161,modular,1,o,img/target_9.png
30,162,modular,2,r,img/target_4.png
30,163,modular,0,p,img/target_10.png
30,164,modular,3,v,img/target_5.png
30,165,modular,1,o,img/target_9.png
30,166,modular,4,u,img/target_7.png
30,167,modular,1,o,img/target_9.png
30,168,modular,0,p,img/target_10.png
30,169,modular,2,r,img/target_4.png
30,170,modular,1,o,img/target_9.png
30,171,modular,2,r,img/target_4.png
30,172,modular,3,v,img/target_5.png
30,173,modular,0,p,img/target_10.png
30,174,modular,9,w,img/target_2.png
30,175,modular,7,i,img/target_8.png
30,176,modular,6,b,img/target_6.png
30,177,modular,9,w,img/target_2.png
30,178,modular,8,q,img/target_1.png
30,179,modular,5,e,img/target_3.png
30,180,modular,6,b,img/target_6.png
30,181,modular,7,i,img/target_8.png
30,182,modular,9,w,img/target_2.png
30,183,modular,7,i,img/target_8.png
30,184,modular,5,e,img/target_3.png
30,185,modular,6,b,img/target_6.png
30,186,modular,7,i,img/target_8.png
30,187,modular,8,q,img/target_1.png
30,188,modular,5,e,img/target_3.png
30,189,modular,6,b,img/target_6.png
30,190,modular,7,i,img/target_8.png
30,191,modular,9,w,img/target_2.png
30,192,modular,0,p,img/target_10.png
30,193,modular,3,v,img/target_5.png
30,194,modular,2,r,img/target_4.png
30,195,modular,1,o,img/target_9.png
30,196,modular,3,v,img/target_5.png
30,197,modular,0,p,img/target_10.png
30,198,modular,1,o,img/target_9.png
30,199,modular,3,v,img/target_5.png
30,200,modular,2,r,img/target_4.png
30,201,modular,1,o,img/target_9.png
30,202,modular,4,u,img/target_7.png
30,203,modular,2,r,img/target_4.png
30,204,modular,0,p,img/target_10.png
30,205,modular,9,w,img/target_2.png
30,206,modular,6,b,img/target_6.png
30,207,modular,8,q,img/target_1.png
30,208,modular,6,b,img/target_6.png
30,209,modular,8,q,img/target_1.png
30,210,modular,9,w,img/target_2.png
30,211,modular,6,b,img/target_6.png
30,212,modular,9,w,img/target_2.png
30,213,modular,7,i,img/target_8.png
30,214,modular,8,q,img/target_1.png
30,215,modular,7,i,img/target_8.png
30,216,modular,9,w,img/target_2.png
30,217,modular,7,i,img/target_8.png
30,218,modular,6,b,img/target_6.png
30,219,modular,5,e,img/target_3.png
30,220,modular,8,q,img/target_1.png
30,221,modular,6,b,img/target_6.png
30,222,modular,7,i,img/target_8.png
30,223,modular,8,q,img/target_1.png
30,224,modular,7,i,img/target_8.png
30,225,modular,9,w,img/target_2.png
30,226,modular,6,b,img/target_6.png
30,227,modular,7,i,img/target_8.png
30,228,modular,9,w,img/target_2.png
30,229,modular,0,p,img/target_10.png
30,230,modular,9,w,img/target_2.png
30,231,modular,8,q,img/target_1.png
30,232,modular,7,i,img/target_8.png
30,233,modular,5,e,img/target_3.png
30,234,modular,7,i,img/target_8.png
30,235,modular,9,w,img/target_2.png
30,236,modular,6,b,img/target_6.png
30,237,modular,5,e,img/target_3.png
30,238,modular,7,i,img/target_8.png
30,239,modular,8,q,img/target_1.png
30,240,modular,5,e,img/target_3.png
30,241,modular,7,i,img/target_8.png
30,242,modular,5,e,img/target_3.png
30,243,modular,6,b,img/target_6.png
30,244,modular,8,q,img/target_1.png
30,245,modular,6,b,img/target_6.png
30,246,modular,8,q,img/target_1.png
30,247,modular,6,b,img/target_6.png
30,248,modular,8,q,img/target_1.png
30,249,modular,6,b,img/target_6.png
30,250,modular,5,e,img/target_3.png
30,251,modular,4,u,img/target_7.png
30,252,modular,1,o,img/target_9.png
30,253,modular,3,v,img/target_5.png
30,254,modular,4,u,img/target_7.png
30,255,modular,3,v,img/target_5.png
30,256,modular,2,r,img/target_4.png
30,257,modular,3,v,img/target_5.png
30,258,modular,4,u,img/target_7.png
30,259,modular,5,e,img/target_3.png
30,260,modular,4,u,img/target_7.png
30,261,modular,3,v,img/target_5.png
30,262,modular,1,o,img/target_9.png
30,263,modular,4,u,img/target_7.png
30,264,modular,2,r,img/target_4.png
30,265,modular,1,o,img/target_9.png
30,266,modular,3,v,img/target_5.png
30,267,modular,4,u,img/target_7.png
30,268,modular,5,e,img/target_3.png
30,269,modular,8,q,img/target_1.png
30,270,modular,5,e,img/target_3.png
30,271,modular,7,i,img/target_8.png
30,272,modular,9,w,img/target_2.png
30,273,modular,0,p,img/target_10.png
30,274,modular,9,w,img/target_2.png
30,275,modular,8,q,img/target_1.png
30,276,modular,5,e,img/target_3.png
30,277,modular,8,q,img/target_1.png
30,278,modular,7,i,img/target_8.png
30,279,modular,6,b,img/target_6.png
30,280,modular,9,w,img/target_2.png
30,281,modular,6,b,img/target_6.png
30,282,modular,9,w,img/target_2.png
30,283,modular,6,b,img/target_6.png
30,284,modular,9,w,img/target_2.png
30,285,modular,0,p,img/target_10.png
30,286,modular,1,o,img/target_9.png
30,287,modular,4,u,img/target_7.png
30,288,modular,5,e,img/target_3.png
30,289,modular,6,b,img/target_6.png
30,290,modular,7,i,img/target_8.png
30,291,modular,5,e,img/target_3.png
30,292,modular,8,q,img/target_1.png
30,293,modular,7,i,img/target_8.png
30,294,modular,8,q,img/target_1.png
30,295,modular,7,i,img/target_8.png
30,296,modular,9,w,img/target_2.png
30,297,modular,7,i,img/target_8.png
30,298,modular,9,w,img/target_2.png
30,299,modular,6,b,img/target_6.png
30,300,modular,8,q,img/target_1.png
30,301,modular,9,w,img/target_2.png
30,302,modular,7,i,img/target_8.png
30,303,modular,5,e,img/target_3.png
30,304,modular,4,u,img/target_7.png
30,305,modular,1,o,img/target_9.png
30,306,modular,0,p,img/target_10.png
30,307,modular,3,v,img/target_5.png
30,308,modular,4,u,img/target_7.png
30,309,modular,5,e,img/target_3.png
30,310,modular,4,u,img/target_7.png
30,311,modular,3,v,img/target_5.png
30,312,modular,1,o,img/target_9.png
30,313,modular,4,u,img/target_7.png
30,314,modular,3,v,img/target_5.png
30,315,modular,2,r,img/target_4.png
30,316,modular,1,o,img/target_9.png
30,317,modular,0,p,img/target_10.png
30,318,modular,1,o,img/target_9.png
30,319,modular,4,u,img/target_7.png
30,320,modular,5,e,img/target_3.png
30,321,modular,6,b,img/target_6.png
30,322,modular,5,e,img/target_3.png
30,323,modular,6,b,img/target_6.png
30,324,modular,9,w,img/target_2.png
30,325,modular,7,i,img/target_8.png
30,326,modular,6,b,img/target_6.png
30,327,modular,5,e,img/target_3.png
30,328,modular,6,b,img/target_6.png
30,329,modular,7,i,img/target_8.png
30,330,modular,9,w,img/target_2.png
30,331,modular,0,p,img/target_10.png
30,332,modular,2,r,img/target_4.png
30,333,modular,1,o,img/target_9.png
30,334,modular,3,v,img/target_5.png
30,335,modular,1,o,img/target_9.png
30,336,modular,0,p,img/target_10.png
30,337,modular,1,o,img/target_9.png
30,338,modular,2,r,img/target_4.png
30,339,modular,1,o,img/target_9.png
30,340,modular,0,p,img/target_10.png
30,341,modular,2,r,img/target_4.png
30,342,modular,3,v,img/target_5.png
30,343,modular,2,r,img/target_4.png
30,344,modular,0,p,img/target_10.png
30,345,modular,1,o,img/target_9.png
30,346,modular,3,v,img/target_5.png
30,347,modular,0,p,img/target_10.png
30,348,modular,3,v,img/target_5.png
30,349,modular,4,u,img/target_7.png
30,350,modular,2,r,img/target_4.png
30,351,modular,4,u,img/target_7.png
30,352,modular,2,r,img/target_4.png
30,353,modular,1,o,img/target_9.png
30,354,modular,3,v,img/target_5.png
30,355,modular,0,p,img/target_10.png
30,356,modular,1,o,img/target_9.png
30,357,modular,4,u,img/target_7.png
30,358,modular,1,o,img/target_9.png
30,359,modular,3,v,img/target_5.png
30,360,modular,4,u,img/target_7.png
30,361,modular,2,r,img/target_4.png
30,362,modular,0,p,img/target_10.png
30,363,modular,3,v,img/target_5.png
30,364,modular,0,p,img/target_10.png
30,365,modular,3,v,img/target_5.png
30,366,modular,2,r,img/target_4.png
30,367,modular,3,v,img/target_5.png
30,368,modular,0,p,img/target_10.png
30,369,modular,2,r,img/target_4.png
30,370,modular,0,p,img/target_10.png
30,371,modular,2,r,img/target_4.png
30,372,modular,3,v,img/target_5.png
30,373,modular,4,u,img/target_7.png
30,374,modular,3,v,img/target_5.png
30,375,modular,4,u,img/target_7.png
30,376,modular,2,r,img/target_4.png
30,377,modular,4,u,img/target_7.png
30,378,modular,5,e,img/target_3.png
30,379,modular,6,b,img/target_6.png
30,380,modular,8,q,img/target_1.png
30,381,modular,6,b,img/target_6.png
30,382,modular,5,e,img/target_3.png
30,383,modular,7,i,img/target_8.png
30,384,modular,9,w,img/target_2.png
30,385,modular,7,i,img/target_8.png
30,386,modular,8,q,img/target_1.png
30,387,modular,5,e,img/target_3.png
30,388,modular,4,u,img/target_7.png
30,389,modular,1,o,img/target_9.png
30,390,modular,3,v,img/target_5.png
30,391,modular,2,r,img/target_4.png
30,392,modular,0,p,img/target_10.png
30,393,modular,2,r,img/target_4.png
30,394,modular,0,p,img/target_10.png
30,395,modular,2,r,img/target_4.png
30,396,modular,4,u,img/target_7.png
30,397,modular,5,e,img/target_3.png
30,398,modular,6,b,img/target_6.png
30,399,modular,9,w,img/target_2.png
30,400,modular,7,i,img/target_8.png
30,401,modular,8,q,img/target_1.png
30,402,modular,5,e,img/target_3.png
30,403,modular,7,i,img/target_8.png
30,404,modular,5,e,img/target_3.png
30,405,modular,8,q,img/target_1.png
30,406,modular,6,b,img/target_6.png
30,407,modular,9,w,img/target_2.png
30,408,modular,7,i,img/target_8.png
30,409,modular,8,q,img/target_1.png
30,410,modular,5,e,img/target_3.png
30,411,modular,6,b,img/target_6.png
30,412,modular,5,e,img/target_3.png
30,413,modular,6,b,img/target_6.png
30,414,modular,5,e,img/target_3.png
30,415,modular,7,i,img/target_8.png
30,416,modular,6,b,img/target_6.png
30,417,modular,9,w,img/target_2.png
30,418,modular,0,p,img/target_10.png
30,419,modular,1,o,img/target_9.png
30,420,modular,0,p,img/target_10.png
30,421,modular,2,r,img/target_4.png
30,422,modular,1,o,img/target_9.png
30,423,modular,0,p,img/target_10.png
30,424,modular,1,o,img/target_9.png
30,425,modular,0,p,img/target_10.png
30,426,modular,9,w,img/target_2.png
30,427,modular,0,p,img/target_10.png
30,428,modular,3,v,img/target_5.png
30,429,modular,1,o,img/target_9.png
30,430,modular,3,v,img/target_5.png
30,431,modular,0,p,img/target_10.png
30,432,modular,1,o,img/target_9.png
30,433,modular,4,u,img/target_7.png
30,434,modular,2,r,img/target_4.png
30,435,modular,0,p,img/target_10.png
30,436,modular,2,r,img/target_4.png
30,437,modular,3,v,img/target_5.png
30,438,modular,2,r,img/target_4.png
30,439,modular,0,p,img/target_10.png
30,440,modular,3,v,img/target_5.png
30,441,modular,0,p,img/target_10.png
30,442,modular,2,r,img/target_4.png
30,443,modular,1,o,img/target_9.png
30,444,modular,0,p,img/target_10.png
30,445,modular,1,o,img/target_9.png
30,446,modular,4,u,img/target_7.png
30,447,modular,1,o,img/target_9.png
30,448,modular,0,p,img/target_10.png
30,449,modular,9,w,img/target_2.png
30,450,modular,0,p,img/target_10.png
30,451,modular,9,w,img/target_2.png
30,452,modular,8,q,img/target_1.png
30,453,modular,7,i,img/target_8.png
30,454,modular,5,e,img/target_3.png
30,455,modular,7,i,img/target_8.png
30,456,modular,9,w,img/target_2.png
30,457,modular,0,p,img/target_10.png
30,458,modular,2,r,img/target_4.png
30,459,modular,1,o,img/target_9.png
30,460,modular,2,r,img/target_4.png
30,461,modular,0,p,img/target_10.png
30,462,modular,1,o,img/target_9.png
30,463,modular,4,u,img/target_7.png
30,464,modular,5,e,img/target_3.png
30,465,modular,7,i,img/target_8.png
30,466,modular,6,b,img/target_6.png
30,467,modular,7,i,img/target_8.png
30,468,modular,5,e,img/target_3.png
30,469,modular,6,b,img/target_6.png
30,470,modular,8,q,img/target_1.png
30,471,modular,9,w,img/target_2.png
30,472,modular,0,p,img/target_10.png
30,473,modular,3,v,img/target_5.png
30,474,modular,2,r,img/target_4.png
30,475,modular,0,p,img/target_10.png
30,476,modular,1,o,img/target_9.png
30,477,modular,0,p,img/target_10.png
30,478,modular,1,o,img/target_9.png
30,479,modular,3,v,img/target_5.png
30,480,modular,2,r,img/target_4.png
30,481,modular,3,v,img/target_5.png
30,482,modular,4,u,img/target_7.png
30,483,modular,5,e,img/target_3.png
30,484,modular,7,i,img/target_8.png
30,485,modular,5,e,img/target_3.png
30,486,modular,8,q,img/target_1.png
30,487,modular,5,e,img/target_3.png
30,488,modular,6,b,img/target_6.png
30,489,modular,8,q,img/target_1.png
30,490,modular,6,b,img/target_6.png
30,491,modular,5,e,img/target_3.png
30,492,modular,4,u,img/target_7.png
30,493,modular,3,v,img/target_5.png
30,494,modular,2,r,img/target_4.png
30,495,modular,1,o,img/target_9.png
30,496,modular,2,r,img/target_4.png
30,497,modular,3,v,img/target_5.png
30,498,modular,1,o,img/target_9.png
30,499,modular,4,u,img/target_7.png
30,500,modular,5,e,img/target_3.png
30,501,modular,4,u,img/target_7.png
30,502,modular,2,r,img/target_4.png
30,503,modular,4,u,img/target_7.png
30,504,modular,3,v,img/target_5.png
30,505,modular,1,o,img/target_9.png
30,506,modular,3,v,img/target_5.png
30,507,modular,1,o,img/target_9.png
30,508,modular,0,p,img/target_10.png
30,509,modular,9,w,img/target_2.png
30,510,modular,0,p,img/target_10.png
30,511,modular,2,r,img/target_4.png
30,512,modular,1,o,img/target_9.png
30,513,modular,4,u,img/target_7.png
30,514,modular,5,e,img/target_3.png
30,515,modular,4,u,img/target_7.png
30,516,modular,2,r,img/target_4.png
30,517,modular,0,p,img/target_10.png
30,518,modular,1,o,img/target_9.png
30,519,modular,2,r,img/target_4.png
30,520,modular,1,o,img/target_9.png
30,521,modular,4,u,img/target_7.png
30,522,modular,2,r,img/target_4.png
30,523,modular,1,o,img/target_9.png
30,524,modular,0,p,img/target_10.png
30,525,modular,2,r,img/target_4.png
30,526,modular,4,u,img/target_7.png
30,527,modular,1,o,img/target_9.png
30,528,modular,2,r,img/target_4.png
30,529,modular,1,o,img/target_9.png
30,530,modular,3,v,img/target_5.png
30,531,modular,1,o,img/target_9.png
30,532,modular,2,r,img/target_4.png
30,533,modular,1,o,img/target_9.png
30,534,modular,4,u,img/target_7.png
30,535,modular,3,v,img/target_5.png
30,536,modular,4,u,img/target_7.png
30,537,modular,5,e,img/target_3.png
30,538,modular,4,u,img/target_7.png
30,539,modular,5,e,img/target_3.png
30,540,modular,8,q,img/target_1.png
30,541,modular,7,i,img/target_8.png
30,542,modular,8,q,img/target_1.png
30,543,modular,9,w,img/target_2.png
30,544,modular,6,b,img/target_6.png
30,545,modular,9,w,img/target_2.png
30,546,modular,0,p,img/target_10.png
30,547,modular,3,v,img/target_5.png
30,548,modular,4,u,img/target_7.png
30,549,modular,5,e,img/target_3.png
30,550,modular,6,b,img/target_6.png
30,551,modular,5,e,img/target_3.png
30,552,modular,7,i,img/target_8.png
30,553,modular,5,e,img/target_3.png
30,554,modular,8,q,img/target_1.png
30,555,modular,7,i,img/target_8.png
30,556,modular,8,q,img/target_1.png
30,557,modular,9,w,img/target_2.png
30,558,modular,8,q,img/target_1.png
30,559,modular,7,i,img/target_8.png
30,560,modular,6,b,img/target_6.png
30,561,modular,5,e,img/target_3.png
30,562,modular,8,q,img/target_1.png
30,563,modular,5,e,img/target_3.png
30,564,modular,6,b,img/target_6.png
30,565,modular,8,q,img/target_1.png
30,566,modular,5,e,img/target_3.png
30,567,modular,8,q,img/target_1.png
30,568,modular,5,e,img/target_3.png
30,569,modular,4,u,img/target_7.png
30,570,modular,2,r,img/target_4.png
30,571,modular,1,o,img/target_9.png
30,572,modular,3,v,img/target_5.png
30,573,modular,2,r,img/target_4.png
30,574,modular,0,p,img/target_10.png
30,575,modular,1,o,img/target_9.png
30,576,modular,4,u,img/target_7.png
30,577,modular,5,e,img/target_3.png
30,578,modular,4,u,img/target_7.png
30,579,modular,2,r,img/target_4.png
30,580,modular,3,v,img/target_5.png
30,581,modular,4,u,img/target_7.png
30,582,modular,1,o,img/target_9.png
30,583,modular,4,u,img/target_7.png
30,584,modular,3,v,img/target_5.png
30,585,modular,0,p,img/target_10.png
30,586,modular,3,v,img/target_5.png
30,587,modular,0,p,img/target_10.png
30,588,modular,2,r,img/target_4.png
30,589,modular,4,u,img/target_7.png
30,590,modular,5,e,img/target_3.png
30,591,modular,6,b,img/target_6.png
30,592,modular,7,i,img/target_8.png
30,593,modular,9,w,img/target_2.png
30,594,modular,8,q,img/target_1.png
30,595,modular,5,e,img/target_3.png
30,596,modular,4,u,img/target_7.png
30,597,modular,5,e,img/target_3.png
30,598,modular,7,i,img/target_8.png
30,599,modular,8,q,img/target_1.png
30,600,modular,5,e,img/target_3.png
30,601,modular,7,i,img/target_8.png
30,602,modular,8,q,img/target_1.png
30,603,modular,9,w,img/target_2.png
30,604,modular,6,b,img/target_6.png
30,605,modular,8,q,img/target_1.png
30,606,modular,9,w,img/target_2.png
30,607,modular,6,b,img/target_6.png
30,608,modular,9,w,img/target_2.png
30,609,modular,8,q,img/target_1.png
30,610,modular,6,b,img/target_6.png
30,611,modular,7,i,img/target_8.png
30,612,modular,9,w,img/target_2.png
30,613,modular,6,b,img/target_6.png
30,614,modular,5,e,img/target_3.png
30,615,modular,8,q,img/target_1.png
30,616,modular,5,e,img/target_3.png
30,617,modular,8,q,img/target_1.png
30,618,modular,6,b,img/target_6.png
30,619,modular,7,i,img/target_8.png
30,620,modular,9,w,img/target_2.png
30,621,modular,6,b,img/target_6.png
30,622,modular,5,e,img/target_3.png
30,623,modular,7,i,img/target_8.png
30,624,modular,8,q,img/target_1.png
30,625,modular,7,i,img/target_8.png
30,626,modular,5,e,img/target_3.png
30,627,modular,7,i,img/target_8.png
30,628,modular,6,b,img/target_6.png
30,629,modular,5,e,img/target_3.png
30,630,modular,4,u,img/target_7.png
30,631,modular,1,o,img/target_9.png
30,632,modular,0,p,img/target_10.png
30,633,modular,9,w,img/target_2.png
30,634,modular,6,b,img/target_6.png
30,635,modular,7,i,img/target_8.png
30,636,modular,9,w,img/target_2.png
30,637,modular,8,q,img/target_1.png
30,638,modular,6,b,img/target_6.png
30,639,modular,7,i,img/target_8.png
30,640,modular,8,q,img/target_1.png
30,641,modular,9,w,img/target_2.png
30,642,modular,8,q,img/target_1.png
30,643,modular,7,i,img/target_8.png
30,644,modular,9,w,img/target_2.png
30,645,modular,0,p,img/target_10.png
30,646,modular,9,w,img/target_2.png
30,647,modular,8,q,img/target_1.png
30,648,modular,6,b,img/target_6.png
30,649,modular,8,q,img/target_1.png
30,650,modular,6,b,img/target_6.png
30,651,modular,8,q,img/target_1.png
30,652,modular,7,i,img/target_8.png
30,653,modular,6,b,img/target_6.png
30,654,modular,9,w,img/target_2.png
30,655,modular,7,i,img/target_8.png
30,656,modular,5,e,img/target_3.png
30,657,modular,8,q,img/target_1.png
30,658,modular,6,b,img/target_6.png
30,659,modular,9,w,img/target_2.png
30,660,modular,6,b,img/target_6.png
30,661,modular,8,q,img/target_1.png
30,662,modular,9,w,img/target_2.png
30,663,modular,8,q,img/target_1.png
30,664,modular,5,e,img/target_3.png
30,665,modular,8,q,img/target_1.png
30,666,modular,6,b,img/target_6.png
30,667,modular,5,e,img/target_3.png
30,668,modular,8,q,img/target_1.png
30,669,modular,6,b,img/target_6.png
30,670,modular,9,w,img/target_2.png
30,671,modular,0,p,img/target_10.png
30,672,modular,3,v,img/target_5.png
30,673,modular,4,u,img/target_7.png
30,674,modular,2,r,img/target_4.png
30,675,modular,4,u,img/target_7.png
30,676,modular,3,v,img/target_5.png
30,677,modular,2,r,img/target_4.png
30,678,modular,4,u,img/target_7.png
30,679,modular,1,o,img/target_9.png
30,680,modular,0,p,img/target_10.png
30,681,modular,3,v,img/target_5.png
30,682,modular,1,o,img/target_9.png
30,683,modular,2,r,img/target_4.png
30,684,modular,1,o,img/target_9.png
30,685,modular,0,p,img/target_10.png
30,686,modular,3,v,img/target_5.png
30,687,modular,1,o,img/target_9.png
30,688,modular,0,p,img/target_10.png
30,689,modular,1,o,img/target_9.png
30,690,modular,2,r,img/target_4.png
30,691,modular,4,u,img/target_7.png
30,692,modular,5,e,img/target_3.png
30,693,modular,6,b,img/target_6.png
30,694,modular,5,e,img/target_3.png
30,695,modular,8,q,img/target_1.png
30,696,modular,5,e,img/target_3.png
30,697,modular,8,q,img/target_1.png
30,698,modular,9,w,img/target_2.png
30,699,modular,7,i,img/target_8.png
30,700,modular,5,e,img/target_3.png
30,701,modular,4,u,img/target_7.png
30,702,modular,1,o,img/target_9.png
30,703,modular,3,v,img/target_5.png
30,704,modular,0,p,img/target_10.png
30,705,modular,2,r,img/target_4.png
30,706,modular,0,p,img/target_10.png
30,707,modular,9,w,img/target_2.png
30,708,modular,6,b,img/target_6.png
30,709,modular,8,q,img/target_1.png
30,710,modular,5,e,img/target_3.png
30,711,modular,8,q,img/target_1.png
30,712,modular,5,e,img/target_3.png
30,713,modular,7,i,img/target_8.png
30,714,modular,8,q,img/target_1.png
30,715,modular,6,b,img/target_6.png
30,716,modular,8,q,img/target_1.png
30,717,modular,9,w,img/target_2.png
30,718,modular,6,b,img/target_6.png
30,719,modular,5,e,img/target_3.png
30,720,modular,8,q,img/target_1.png
30,721,modular,5,e,img/target_3.png
30,722,modular,7,i,img/target_8.png
30,723,modular,6,b,img/target_6.png
30,724,modular,9,w,img/target_2.png
30,725,modular,6,b,img/target_6.png
30,726,modular,9,w,img/target_2.png
30,727,modular,0,p,img/target_10.png
30,728,modular,3,v,img/target_5.png
30,729,modular,4,u,img/target_7.png
30,730,modular,5,e,img/target_3.png
30,731,modular,6,b,img/target_6.png
30,732,modular,7,i,img/target_8.png
30,733,modular,9,w,img/target_2.png
30,734,modular,0,p,img/target_10.png
30,735,modular,9,w,img/target_2.png
30,736,modular,0,p,img/target_10.png
30,737,modular,1,o,img/target_9.png
30,738,modular,4,u,img/target_7.png
30,739,modular,3,v,img/target_5.png
30,740,modular,1,o,img/target_9.png
30,741,modular,2,r,img/target_4.png
30,742,modular,0,p,img/target_10.png
30,743,modular,3,v,img/target_5.png
30,744,modular,4,u,img/target_7.png
30,745,modular,3,v,img/target_5.png
30,746,modular,1,o,img/target_9.png
30,747,modular,2,r,img/target_4.png
30,748,modular,3,v,img/target_5.png
30,749,modular,1,o,img/target_9.png
30,750,modular,4,u,img/target_7.png
30,751,modular,3,v,img/target_5.png
30,752,modular,4,u,img/target_7.png
30,753,modular,2,r,img/target_4.png
30,754,modular,0,p,img/target_10.png
30,755,modular,9,w,img/target_2.png
30,756,modular,7,i,img/target_8.png
30,757,modular,8,q,img/target_1.png
30,758,modular,6,b,img/target_6.png
30,759,modular,7,i,img/target_8.png
30,760,modular,8,q,img/target_1.png
30,761,modular,7,i,img/target_8.png
30,762,modular,8,q,img/target_1.png
30,763,modular,9,w,img/target_2.png
30,764,modular,8,q,img/target_1.png
30,765,modular,9,w,img/target_2.png
30,766,modular,7,i,img/target_8.png
30,767,modular,8,q,img/target_1.png
30,768,modular,7,i,img/target_8.png
30,769,modular,5,e,img/target_3.png
30,770,modular,7,i,img/target_8.png
30,771,modular,5,e,img/target_3.png
30,772,modular,8,q,img/target_1.png
30,773,modular,7,i,img/target_8.png
30,774,modular,8,q,img/target_1.png
30,775,modular,6,b,img/target_6.png
30,776,modular,9,w,img/target_2.png
30,777,modular,6,b,img/target_6.png
30,778,modular,9,w,img/target_2.png
30,779,modular,0,p,img/target_10.png
30,780,modular,1,o,img/target_9.png
30,781,modular,4,u,img/target_7.png
30,782,modular,3,v,img/target_5.png
30,783,modular,0,p,img/target_10.png
30,784,modular,3,v,img/target_5.png
30,785,modular,1,o,img/target_9.png
30,786,modular,3,v,img/target_5.png
30,787,modular,2,r,img/target_4.png
30,788,modular,1,o,img/target_9.png
30,789,modular,4,u,img/target_7.png
30,790,modular,1,o,img/target_9.png
30,791,modular,4,u,img/target_7.png
30,792,modular,3,v,img/target_5.png
30,793,modular,1,o,img/target_9.png
30,794,modular,4,u,img/target_7.png
30,795,modular,1,o,img/target_9.png
30,796,modular,4,u,img/target_7.png
30,797,modular,3,v,img/target_5.png
30,798,modular,4,u,img/target_7.png
30,799,modular,1,o,img/target_9.png
30,800,modular,4,u,img/target_7.png
30,801,modular,5,e,img/target_3.png
30,802,modular,7,i,img/target_8.png
30,803,modular,6,b,img/target_6.png
30,804,modular,8,q,img/target_1.png
30,805,modular,7,i,img/target_8.png
30,806,modular,9,w,img/target_2.png
30,807,modular,6,b,img/target_6.png
30,808,modular,8,q,img/target_1.png
30,809,modular,9,w,img/target_2.png
30,810,modular,0,p,img/target_10.png
30,811,modular,9,w,img/target_2.png
30,812,modular,7,i,img/target_8.png
30,813,modular,6,b,img/target_6.png
30,814,modular,9,w,img/target_2.png
30,815,modular,0,p,img/target_10.png
30,816,modular,1,o,img/target_9.png
30,817,modular,2,r,img/target_4.png
30,818,modular,3,v,img/target_5.png
30,819,modular,2,r,img/target_4.png
30,820,modular,3,v,img/target_5.png
30,821,modular,2,r,img/target_4.png
30,822,modular,4,u,img/target_7.png
30,823,modular,1,o,img/target_9.png
30,824,modular,4,u,img/target_7.png
30,825,modular,3,v,img/target_5.png
30,826,modular,2,r,img/target_4.png
30,827,modular,0,p,img/target_10.png
30,828,modular,3,v,img/target_5.png
30,829,modular,2,r,img/target_4.png
30,830,modular,4,u,img/target_7.png
30,831,modular,1,o,img/target_9.png
30,832,modular,3,v,img/target_5.png
30,833,modular,0,p,img/target_10.png
30,834,modular,1,o,img/target_9.png
30,835,modular,0,p,img/target_10.png
30,836,modular,2,r,img/target_4.png
30,837,modular,4,u,img/target_7.png
30,838,modular,1,o,img/target_9.png
30,839,modular,2,r,img/target_4.png
30,840,modular,4,u,img/target_7.png
30,841,modular,3,v,img/target_5.png
30,842,modular,0,p,img/target_10.png
30,843,modular,3,v,img/target_5.png
30,844,modular,2,r,img/target_4.png
30,845,modular,4,u,img/target_7.png
30,846,modular,5,e,img/target_3.png
30,847,modular,6,b,img/target_6.png
30,848,modular,9,w,img/target_2.png
30,849,modular,7,i,img/target_8.png
30,850,modular,5,e,img/target_3.png
30,851,modular,6,b,img/target_6.png
30,852,modular,8,q,img/target_1.png
30,853,modular,6,b,img/target_6.png
30,854,modular,5,e,img/target_3.png
30,855,modular,7,i,img/target_8.png
30,856,modular,6,b,img/target_6.png
30,857,modular,5,e,img/target_3.png
30,858,modular,8,q,img/target_1.png
30,859,modular,5,e,img/target_3.png
30,860,modular,4,u,img/target_7.png
30,861,modular,5,e,img/target_3.png
30,862,modular,7,i,img/target_8.png
30,863,modular,6,b,img/target_6.png
30,864,modular,9,w,img/target_2.png
30,865,modular,0,p,img/target_10.png
30,866,modular,9,w,img/target_2.png
30,867,modular,6,b,img/target_6.png
30,868,modular,9,w,img/target_2.png
30,869,modular,7,i,img/target_8.png
30,870,modular,8,q,img/target_1.png
30,871,modular,6,b,img/target_6.png
30,872,modular,5,e,img/target_3.png
30,873,modular,8,q,img/target_1.png
30,874,modular,7,i,img/target_8.png
30,875,modular,9,w,img/target_2.png
30,876,modular,0,p,img/target_10.png
30,877,modular,9,w,img/target_2.png
30,878,modular,0,p,img/target_10.png
30,879,modular,2,r,img/target_4.png
30,880,modular,1,o,img/target_9.png
30,881,modular,4,u,img/target_7.png
30,882,modular,1,o,img/target_9.png
30,883,modular,2,r,img/target_4.png
30,884,modular,0,p,img/target_10.png
30,885,modular,2,r,img/target_4.png
30,886,modular,1,o,img/target_9.png
30,887,modular,4,u,img/target_7.png
30,888,modular,2,r,img/target_4.png
30,889,modular,1,o,img/target_9.png
30,890,modular,3,v,img/target_5.png
30,891,modular,2,r,img/target_4.png
30,892,modular,0,p,img/target_10.png
30,893,modular,1,o,img/target_9.png
30,894,modular,0,p,img/target_10.png
30,895,modular,3,v,img/target_5.png
30,896,modular,4,u,img/target_7.png
30,897,modular,2,r,img/target_4.png
30,898,modular,3,v,img/target_5.png
30,899,modular,0,p,img/target_10.png
30,900,modular,9,w,img/target_2.png
30,901,modular,8,q,img/target_1.png
30,902,modular,9,w,img/target_2.png
30,903,modular,8,q,img/target_1.png
30,904,modular,7,i,img/target_8.png
30,905,modular,8,q,img/target_1.png
30,906,modular,5,e,img/target_3.png
30,907,modular,7,i,img/target_8.png
30,908,modular,5,e,img/target_3.png
30,909,modular,8,q,img/target_1.png
30,910,modular,7,i,img/target_8.png
30,911,modular,5,e,img/target_3.png
30,912,modular,8,q,img/target_1.png
30,913,modular,5,e,img/target_3.png
30,914,modular,7,i,img/target_8.png
30,915,modular,8,q,img/target_1.png
30,916,modular,5,e,img/target_3.png
30,917,modular,4,u,img/target_7.png
30,918,modular,5,e,img/target_3.png
30,919,modular,4,u,img/target_7.png
30,920,modular,5,e,img/target_3.png
30,921,modular,8,q,img/target_1.png
30,922,modular,6,b,img/target_6.png
30,923,modular,8,q,img/target_1.png
30,924,modular,9,w,img/target_2.png
30,925,modular,8,q,img/target_1.png
30,926,modular,6,b,img/target_6.png
30,927,modular,9,w,img/target_2.png
30,928,modular,8,q,img/target_1.png
30,929,modular,7,i,img/target_8.png
30,930,modular,5,e,img/target_3.png
30,931,modular,4,u,img/target_7.png
30,932,modular,2,r,img/target_4.png
30,933,modular,3,v,img/target_5.png
30,934,modular,1,o,img/target_9.png
30,935,modular,0,p,img/target_10.png
30,936,modular,1,o,img/target_9.png
30,937,modular,3,v,img/target_5.png
30,938,modular,1,o,img/target_9.png
30,939,modular,2,r,img/target_4.png
30,940,modular,1,o,img/target_9.png
30,941,modular,2,r,img/target_4.png
30,942,modular,3,v,img/target_5.png
30,943,modular,0,p,img/target_10.png
30,944,modular,1,o,img/target_9.png
30,945,modular,3,v,img/target_5.png
30,946,modular,1,o,img/target_9.png
30,947,modular,3,v,img/target_5.png
30,948,modular,2,r,img/target_4.png
30,949,modular,0,p,img/target_10.png
30,950,modular,1,o,img/target_9.png
30,951,modular,4,u,img/target_7.png
30,952,modular,5,e,img/target_3.png
30,953,modular,7,i,img/target_8.png
30,954,modular,5,e,img/target_3.png
30,955,modular,7,i,img/target_8.png
30,956,modular,9,w,img/target_2.png
30,957,modular,0,p,img/target_10.png
30,958,modular,1,o,img/target_9.png
30,959,modular,3,v,img/target_5.png
30,960,modular,1,o,img/target_9.png
30,961,modular,0,p,img/target_10.png
30,962,modular,3,v,img/target_5.png
30,963,modular,0,p,img/target_10.png
30,964,modular,9,w,img/target_2.png
30,965,modular,8,q,img/target_1.png
30,966,modular,6,b,img/target_6.png
30,967,modular,9,w,img/target_2.png
30,968,modular,7,i,img/target_8.png
30,969,modular,5,e,img/target_3.png
30,970,modular,8,q,img/target_1.png
30,971,modular,7,i,img/target_8.png
30,972,modular,6,b,img/target_6.png
30,973,modular,8,q,img/target_1.png
30,974,modular,7,i,img/target_8.png
30,975,modular,6,b,img/target_6.png
30,976,modular,7,i,img/target_8.png
30,977,modular,5,e,img/target_3.png
30,978,modular,7,i,img/target_8.png
30,979,modular,9,w,img/target_2.png
30,980,modular,7,i,img/target_8.png
30,981,modular,6,b,img/target_6.png
30,982,modular,7,i,img/target_8.png
30,983,modular,9,w,img/target_2.png
30,984,modular,8,q,img/target_1.png
30,985,modular,5,e,img/target_3.png
30,986,modular,7,i,img/target_8.png
30,987,modular,6,b,img/target_6.png
30,988,modular,7,i,img/target_8.png
30,989,modular,5,e,img/target_3.png
30,990,modular,7,i,img/target_8.png
30,991,modular,8,q,img/target_1.png
30,992,modular,5,e,img/target_3.png
30,993,modular,4,u,img/target_7.png
30,994,modular,3,v,img/target_5.png
30,995,modular,1,o,img/target_9.png
30,996,modular,4,u,img/target_7.png
30,997,modular,2,r,img/target_4.png
30,998,modular,3,v,img/target_5.png
30,999,modular,0,p,img/target_10.png
30,1000,modular,3,v,img/target_5.png
