pID,sess,trialNum,graph,walk,resp,path
55,3,1,lattice,5,v,img/target_5.png
55,3,2,lattice,7,e,img/target_3.png
55,3,3,lattice,9,u,img/target_7.png
55,3,4,lattice,7,e,img/target_3.png
55,3,5,lattice,5,v,img/target_5.png
55,3,6,lattice,6,b,img/target_6.png
55,3,7,lattice,4,w,img/target_2.png
55,3,8,lattice,2,o,img/target_9.png
55,3,9,lattice,1,p,img/target_10.png
55,3,10,lattice,2,o,img/target_9.png
55,3,11,lattice,3,r,img/target_4.png
55,3,12,lattice,2,o,img/target_9.png
55,3,13,lattice,1,p,img/target_10.png
55,3,14,lattice,3,r,img/target_4.png
55,3,15,lattice,4,w,img/target_2.png
55,3,16,lattice,3,r,img/target_4.png
55,3,17,lattice,1,p,img/target_10.png
55,3,18,lattice,2,o,img/target_9.png
55,3,19,lattice,4,w,img/target_2.png
55,3,20,lattice,6,b,img/target_6.png
55,3,21,lattice,5,v,img/target_5.png
55,3,22,lattice,6,b,img/target_6.png
55,3,23,lattice,5,v,img/target_5.png
55,3,24,lattice,4,w,img/target_2.png
55,3,25,lattice,6,b,img/target_6.png
55,3,26,lattice,5,v,img/target_5.png
55,3,27,lattice,6,b,img/target_6.png
55,3,28,lattice,4,w,img/target_2.png
55,3,29,lattice,6,b,img/target_6.png
55,3,30,lattice,5,v,img/target_5.png
55,3,31,lattice,6,b,img/target_6.png
55,3,32,lattice,7,e,img/target_3.png
55,3,33,lattice,6,b,img/target_6.png
55,3,34,lattice,5,v,img/target_5.png
55,3,35,lattice,3,r,img/target_4.png
55,3,36,lattice,4,w,img/target_2.png
55,3,37,lattice,5,v,img/target_5.png
55,3,38,lattice,6,b,img/target_6.png
55,3,39,lattice,8,q,img/target_1.png
55,3,40,lattice,6,b,img/target_6.png
55,3,41,lattice,8,q,img/target_1.png
55,3,42,lattice,6,b,img/target_6.png
55,3,43,lattice,7,e,img/target_3.png
55,3,44,lattice,8,q,img/target_1.png
55,3,45,lattice,7,e,img/target_3.png
55,3,46,lattice,9,u,img/target_7.png
55,3,47,lattice,7,e,img/target_3.png
55,3,48,lattice,8,q,img/target_1.png
55,3,49,lattice,0,i,img/target_8.png
55,3,50,lattice,8,q,img/target_1.png
55,3,51,lattice,9,u,img/target_7.png
55,3,52,lattice,0,i,img/target_8.png
55,3,53,lattice,9,u,img/target_7.png
55,3,54,lattice,1,p,img/target_10.png
55,3,55,lattice,0,i,img/target_8.png
55,3,56,lattice,9,u,img/target_7.png
55,3,57,lattice,1,p,img/target_10.png
55,3,58,lattice,9,u,img/target_7.png
55,3,59,lattice,8,q,img/target_1.png
55,3,60,lattice,0,i,img/target_8.png
55,3,61,lattice,1,p,img/target_10.png
55,3,62,lattice,3,r,img/target_4.png
55,3,63,lattice,5,v,img/target_5.png
55,3,64,lattice,4,w,img/target_2.png
55,3,65,lattice,3,r,img/target_4.png
55,3,66,lattice,2,o,img/target_9.png
55,3,67,lattice,1,p,img/target_10.png
55,3,68,lattice,3,r,img/target_4.png
55,3,69,lattice,4,w,img/target_2.png
55,3,70,lattice,2,o,img/target_9.png
55,3,71,lattice,3,r,img/target_4.png
55,3,72,lattice,4,w,img/target_2.png
55,3,73,lattice,6,b,img/target_6.png
55,3,74,lattice,5,v,img/target_5.png
55,3,75,lattice,6,b,img/target_6.png
55,3,76,lattice,8,q,img/target_1.png
55,3,77,lattice,9,u,img/target_7.png
55,3,78,lattice,7,e,img/target_3.png
55,3,79,lattice,8,q,img/target_1.png
55,3,80,lattice,0,i,img/target_8.png
55,3,81,lattice,2,o,img/target_9.png
55,3,82,lattice,4,w,img/target_2.png
55,3,83,lattice,5,v,img/target_5.png
55,3,84,lattice,6,b,img/target_6.png
55,3,85,lattice,8,q,img/target_1.png
55,3,86,lattice,6,b,img/target_6.png
55,3,87,lattice,4,w,img/target_2.png
55,3,88,lattice,6,b,img/target_6.png
55,3,89,lattice,5,v,img/target_5.png
55,3,90,lattice,4,w,img/target_2.png
55,3,91,lattice,6,b,img/target_6.png
55,3,92,lattice,7,e,img/target_3.png
55,3,93,lattice,9,u,img/target_7.png
55,3,94,lattice,0,i,img/target_8.png
55,3,95,lattice,9,u,img/target_7.png
55,3,96,lattice,8,q,img/target_1.png
55,3,97,lattice,9,u,img/target_7.png
55,3,98,lattice,7,e,img/target_3.png
55,3,99,lattice,8,q,img/target_1.png
55,3,100,lattice,6,b,img/target_6.png
55,3,101,lattice,7,e,img/target_3.png
55,3,102,lattice,5,v,img/target_5.png
55,3,103,lattice,7,e,img/target_3.png
55,3,104,lattice,8,q,img/target_1.png
55,3,105,lattice,7,e,img/target_3.png
55,3,106,lattice,6,b,img/target_6.png
55,3,107,lattice,8,q,img/target_1.png
55,3,108,lattice,0,i,img/target_8.png
55,3,109,lattice,2,o,img/target_9.png
55,3,110,lattice,1,p,img/target_10.png
55,3,111,lattice,2,o,img/target_9.png
55,3,112,lattice,0,i,img/target_8.png
55,3,113,lattice,9,u,img/target_7.png
55,3,114,lattice,7,e,img/target_3.png
55,3,115,lattice,9,u,img/target_7.png
55,3,116,lattice,0,i,img/target_8.png
55,3,117,lattice,2,o,img/target_9.png
55,3,118,lattice,4,w,img/target_2.png
55,3,119,lattice,6,b,img/target_6.png
55,3,120,lattice,7,e,img/target_3.png
55,3,121,lattice,5,v,img/target_5.png
55,3,122,lattice,3,r,img/target_4.png
55,3,123,lattice,5,v,img/target_5.png
55,3,124,lattice,4,w,img/target_2.png
55,3,125,lattice,2,o,img/target_9.png
55,3,126,lattice,0,i,img/target_8.png
55,3,127,lattice,1,p,img/target_10.png
55,3,128,lattice,3,r,img/target_4.png
55,3,129,lattice,4,w,img/target_2.png
55,3,130,lattice,2,o,img/target_9.png
55,3,131,lattice,3,r,img/target_4.png
55,3,132,lattice,2,o,img/target_9.png
55,3,133,lattice,3,r,img/target_4.png
55,3,134,lattice,4,w,img/target_2.png
55,3,135,lattice,2,o,img/target_9.png
55,3,136,lattice,3,r,img/target_4.png
55,3,137,lattice,5,v,img/target_5.png
55,3,138,lattice,6,b,img/target_6.png
55,3,139,lattice,7,e,img/target_3.png
55,3,140,lattice,8,q,img/target_1.png
55,3,141,lattice,0,i,img/target_8.png
55,3,142,lattice,8,q,img/target_1.png
55,3,143,lattice,0,i,img/target_8.png
55,3,144,lattice,1,p,img/target_10.png
55,3,145,lattice,3,r,img/target_4.png
55,3,146,lattice,4,w,img/target_2.png
55,3,147,lattice,2,o,img/target_9.png
55,3,148,lattice,4,w,img/target_2.png
55,3,149,lattice,5,v,img/target_5.png
55,3,150,lattice,6,b,img/target_6.png
55,3,151,lattice,7,e,img/target_3.png
55,3,152,lattice,9,u,img/target_7.png
55,3,153,lattice,0,i,img/target_8.png
55,3,154,lattice,9,u,img/target_7.png
55,3,155,lattice,7,e,img/target_3.png
55,3,156,lattice,5,v,img/target_5.png
55,3,157,lattice,4,w,img/target_2.png
55,3,158,lattice,3,r,img/target_4.png
55,3,159,lattice,2,o,img/target_9.png
55,3,160,lattice,1,p,img/target_10.png
55,3,161,lattice,0,i,img/target_8.png
55,3,162,lattice,1,p,img/target_10.png
55,3,163,lattice,3,r,img/target_4.png
55,3,164,lattice,1,p,img/target_10.png
55,3,165,lattice,3,r,img/target_4.png
55,3,166,lattice,1,p,img/target_10.png
55,3,167,lattice,9,u,img/target_7.png
55,3,168,lattice,7,e,img/target_3.png
55,3,169,lattice,6,b,img/target_6.png
55,3,170,lattice,8,q,img/target_1.png
55,3,171,lattice,0,i,img/target_8.png
55,3,172,lattice,2,o,img/target_9.png
55,3,173,lattice,3,r,img/target_4.png
55,3,174,lattice,4,w,img/target_2.png
55,3,175,lattice,5,v,img/target_5.png
55,3,176,lattice,6,b,img/target_6.png
55,3,177,lattice,5,v,img/target_5.png
55,3,178,lattice,3,r,img/target_4.png
55,3,179,lattice,5,v,img/target_5.png
55,3,180,lattice,3,r,img/target_4.png
55,3,181,lattice,1,p,img/target_10.png
55,3,182,lattice,9,u,img/target_7.png
55,3,183,lattice,7,e,img/target_3.png
55,3,184,lattice,9,u,img/target_7.png
55,3,185,lattice,8,q,img/target_1.png
55,3,186,lattice,7,e,img/target_3.png
55,3,187,lattice,8,q,img/target_1.png
55,3,188,lattice,9,u,img/target_7.png
55,3,189,lattice,1,p,img/target_10.png
55,3,190,lattice,3,r,img/target_4.png
55,3,191,lattice,1,p,img/target_10.png
55,3,192,lattice,0,i,img/target_8.png
55,3,193,lattice,8,q,img/target_1.png
55,3,194,lattice,0,i,img/target_8.png
55,3,195,lattice,2,o,img/target_9.png
55,3,196,lattice,1,p,img/target_10.png
55,3,197,lattice,2,o,img/target_9.png
55,3,198,lattice,4,w,img/target_2.png
55,3,199,lattice,6,b,img/target_6.png
55,3,200,lattice,8,q,img/target_1.png
55,3,201,lattice,7,e,img/target_3.png
55,3,202,lattice,9,u,img/target_7.png
55,3,203,lattice,7,e,img/target_3.png
55,3,204,lattice,6,b,img/target_6.png
55,3,205,lattice,4,w,img/target_2.png
55,3,206,lattice,5,v,img/target_5.png
55,3,207,lattice,6,b,img/target_6.png
55,3,208,lattice,4,w,img/target_2.png
55,3,209,lattice,6,b,img/target_6.png
55,3,210,lattice,7,e,img/target_3.png
55,3,211,lattice,9,u,img/target_7.png
55,3,212,lattice,7,e,img/target_3.png
55,3,213,lattice,5,v,img/target_5.png
55,3,214,lattice,6,b,img/target_6.png
55,3,215,lattice,5,v,img/target_5.png
55,3,216,lattice,6,b,img/target_6.png
55,3,217,lattice,4,w,img/target_2.png
55,3,218,lattice,2,o,img/target_9.png
55,3,219,lattice,4,w,img/target_2.png
55,3,220,lattice,5,v,img/target_5.png
55,3,221,lattice,6,b,img/target_6.png
55,3,222,lattice,8,q,img/target_1.png
55,3,223,lattice,7,e,img/target_3.png
55,3,224,lattice,9,u,img/target_7.png
55,3,225,lattice,0,i,img/target_8.png
55,3,226,lattice,9,u,img/target_7.png
55,3,227,lattice,0,i,img/target_8.png
55,3,228,lattice,8,q,img/target_1.png
55,3,229,lattice,9,u,img/target_7.png
55,3,230,lattice,8,q,img/target_1.png
55,3,231,lattice,0,i,img/target_8.png
55,3,232,lattice,9,u,img/target_7.png
55,3,233,lattice,8,q,img/target_1.png
55,3,234,lattice,7,e,img/target_3.png
55,3,235,lattice,5,v,img/target_5.png
55,3,236,lattice,4,w,img/target_2.png
55,3,237,lattice,3,r,img/target_4.png
55,3,238,lattice,5,v,img/target_5.png
55,3,239,lattice,6,b,img/target_6.png
55,3,240,lattice,4,w,img/target_2.png
55,3,241,lattice,2,o,img/target_9.png
55,3,242,lattice,1,p,img/target_10.png
55,3,243,lattice,2,o,img/target_9.png
55,3,244,lattice,4,w,img/target_2.png
55,3,245,lattice,3,r,img/target_4.png
55,3,246,lattice,5,v,img/target_5.png
55,3,247,lattice,4,w,img/target_2.png
55,3,248,lattice,5,v,img/target_5.png
55,3,249,lattice,6,b,img/target_6.png
55,3,250,lattice,7,e,img/target_3.png
55,3,251,lattice,8,q,img/target_1.png
55,3,252,lattice,6,b,img/target_6.png
55,3,253,lattice,4,w,img/target_2.png
55,3,254,lattice,5,v,img/target_5.png
55,3,255,lattice,7,e,img/target_3.png
55,3,256,lattice,9,u,img/target_7.png
55,3,257,lattice,7,e,img/target_3.png
55,3,258,lattice,5,v,img/target_5.png
55,3,259,lattice,4,w,img/target_2.png
55,3,260,lattice,3,r,img/target_4.png
55,3,261,lattice,4,w,img/target_2.png
55,3,262,lattice,5,v,img/target_5.png
55,3,263,lattice,7,e,img/target_3.png
55,3,264,lattice,8,q,img/target_1.png
55,3,265,lattice,0,i,img/target_8.png
55,3,266,lattice,9,u,img/target_7.png
55,3,267,lattice,1,p,img/target_10.png
55,3,268,lattice,9,u,img/target_7.png
55,3,269,lattice,8,q,img/target_1.png
55,3,270,lattice,7,e,img/target_3.png
55,3,271,lattice,8,q,img/target_1.png
55,3,272,lattice,6,b,img/target_6.png
55,3,273,lattice,7,e,img/target_3.png
55,3,274,lattice,9,u,img/target_7.png
55,3,275,lattice,8,q,img/target_1.png
55,3,276,lattice,7,e,img/target_3.png
55,3,277,lattice,8,q,img/target_1.png
55,3,278,lattice,6,b,img/target_6.png
55,3,279,lattice,4,w,img/target_2.png
55,3,280,lattice,2,o,img/target_9.png
55,3,281,lattice,1,p,img/target_10.png
55,3,282,lattice,9,u,img/target_7.png
55,3,283,lattice,1,p,img/target_10.png
55,3,284,lattice,2,o,img/target_9.png
55,3,285,lattice,3,r,img/target_4.png
55,3,286,lattice,1,p,img/target_10.png
55,3,287,lattice,3,r,img/target_4.png
55,3,288,lattice,2,o,img/target_9.png
55,3,289,lattice,1,p,img/target_10.png
55,3,290,lattice,0,i,img/target_8.png
55,3,291,lattice,8,q,img/target_1.png
55,3,292,lattice,6,b,img/target_6.png
55,3,293,lattice,4,w,img/target_2.png
55,3,294,lattice,6,b,img/target_6.png
55,3,295,lattice,5,v,img/target_5.png
55,3,296,lattice,6,b,img/target_6.png
55,3,297,lattice,4,w,img/target_2.png
55,3,298,lattice,2,o,img/target_9.png
55,3,299,lattice,0,i,img/target_8.png
55,3,300,lattice,2,o,img/target_9.png
55,3,301,lattice,3,r,img/target_4.png
55,3,302,lattice,4,w,img/target_2.png
55,3,303,lattice,6,b,img/target_6.png
55,3,304,lattice,5,v,img/target_5.png
55,3,305,lattice,4,w,img/target_2.png
55,3,306,lattice,5,v,img/target_5.png
55,3,307,lattice,6,b,img/target_6.png
55,3,308,lattice,4,w,img/target_2.png
55,3,309,lattice,3,r,img/target_4.png
55,3,310,lattice,2,o,img/target_9.png
55,3,311,lattice,4,w,img/target_2.png
55,3,312,lattice,2,o,img/target_9.png
55,3,313,lattice,4,w,img/target_2.png
55,3,314,lattice,6,b,img/target_6.png
55,3,315,lattice,4,w,img/target_2.png
55,3,316,lattice,3,r,img/target_4.png
55,3,317,lattice,5,v,img/target_5.png
55,3,318,lattice,6,b,img/target_6.png
55,3,319,lattice,5,v,img/target_5.png
55,3,320,lattice,4,w,img/target_2.png
55,3,321,lattice,2,o,img/target_9.png
55,3,322,lattice,4,w,img/target_2.png
55,3,323,lattice,5,v,img/target_5.png
55,3,324,lattice,7,e,img/target_3.png
55,3,325,lattice,5,v,img/target_5.png
55,3,326,lattice,3,r,img/target_4.png
55,3,327,lattice,2,o,img/target_9.png
55,3,328,lattice,1,p,img/target_10.png
55,3,329,lattice,0,i,img/target_8.png
55,3,330,lattice,2,o,img/target_9.png
55,3,331,lattice,4,w,img/target_2.png
55,3,332,lattice,3,r,img/target_4.png
55,3,333,lattice,5,v,img/target_5.png
55,3,334,lattice,7,e,img/target_3.png
55,3,335,lattice,5,v,img/target_5.png
55,3,336,lattice,7,e,img/target_3.png
55,3,337,lattice,8,q,img/target_1.png
55,3,338,lattice,0,i,img/target_8.png
55,3,339,lattice,9,u,img/target_7.png
55,3,340,lattice,1,p,img/target_10.png
55,3,341,lattice,3,r,img/target_4.png
55,3,342,lattice,1,p,img/target_10.png
55,3,343,lattice,0,i,img/target_8.png
55,3,344,lattice,9,u,img/target_7.png
55,3,345,lattice,0,i,img/target_8.png
55,3,346,lattice,2,o,img/target_9.png
55,3,347,lattice,4,w,img/target_2.png
55,3,348,lattice,3,r,img/target_4.png
55,3,349,lattice,4,w,img/target_2.png
55,3,350,lattice,6,b,img/target_6.png
55,3,351,lattice,5,v,img/target_5.png
55,3,352,lattice,4,w,img/target_2.png
55,3,353,lattice,5,v,img/target_5.png
55,3,354,lattice,6,b,img/target_6.png
55,3,355,lattice,8,q,img/target_1.png
55,3,356,lattice,9,u,img/target_7.png
55,3,357,lattice,8,q,img/target_1.png
55,3,358,lattice,7,e,img/target_3.png
55,3,359,lattice,6,b,img/target_6.png
55,3,360,lattice,7,e,img/target_3.png
55,3,361,lattice,8,q,img/target_1.png
55,3,362,lattice,0,i,img/target_8.png
55,3,363,lattice,9,u,img/target_7.png
55,3,364,lattice,7,e,img/target_3.png
55,3,365,lattice,8,q,img/target_1.png
55,3,366,lattice,7,e,img/target_3.png
55,3,367,lattice,8,q,img/target_1.png
55,3,368,lattice,0,i,img/target_8.png
55,3,369,lattice,2,o,img/target_9.png
55,3,370,lattice,0,i,img/target_8.png
55,3,371,lattice,1,p,img/target_10.png
55,3,372,lattice,9,u,img/target_7.png
55,3,373,lattice,1,p,img/target_10.png
55,3,374,lattice,2,o,img/target_9.png
55,3,375,lattice,4,w,img/target_2.png
55,3,376,lattice,2,o,img/target_9.png
55,3,377,lattice,3,r,img/target_4.png
55,3,378,lattice,4,w,img/target_2.png
55,3,379,lattice,5,v,img/target_5.png
55,3,380,lattice,7,e,img/target_3.png
55,3,381,lattice,6,b,img/target_6.png
55,3,382,lattice,5,v,img/target_5.png
55,3,383,lattice,4,w,img/target_2.png
55,3,384,lattice,2,o,img/target_9.png
55,3,385,lattice,4,w,img/target_2.png
55,3,386,lattice,5,v,img/target_5.png
55,3,387,lattice,6,b,img/target_6.png
55,3,388,lattice,8,q,img/target_1.png
55,3,389,lattice,9,u,img/target_7.png
55,3,390,lattice,7,e,img/target_3.png
55,3,391,lattice,6,b,img/target_6.png
55,3,392,lattice,7,e,img/target_3.png
55,3,393,lattice,5,v,img/target_5.png
55,3,394,lattice,4,w,img/target_2.png
55,3,395,lattice,5,v,img/target_5.png
55,3,396,lattice,7,e,img/target_3.png
55,3,397,lattice,9,u,img/target_7.png
55,3,398,lattice,0,i,img/target_8.png
55,3,399,lattice,2,o,img/target_9.png
55,3,400,lattice,0,i,img/target_8.png
55,3,401,lattice,1,p,img/target_10.png
55,3,402,lattice,3,r,img/target_4.png
55,3,403,lattice,4,w,img/target_2.png
55,3,404,lattice,6,b,img/target_6.png
55,3,405,lattice,5,v,img/target_5.png
55,3,406,lattice,6,b,img/target_6.png
55,3,407,lattice,4,w,img/target_2.png
55,3,408,lattice,3,r,img/target_4.png
55,3,409,lattice,1,p,img/target_10.png
55,3,410,lattice,2,o,img/target_9.png
55,3,411,lattice,3,r,img/target_4.png
55,3,412,lattice,5,v,img/target_5.png
55,3,413,lattice,3,r,img/target_4.png
55,3,414,lattice,1,p,img/target_10.png
55,3,415,lattice,2,o,img/target_9.png
55,3,416,lattice,4,w,img/target_2.png
55,3,417,lattice,5,v,img/target_5.png
55,3,418,lattice,7,e,img/target_3.png
55,3,419,lattice,5,v,img/target_5.png
55,3,420,lattice,7,e,img/target_3.png
55,3,421,lattice,8,q,img/target_1.png
55,3,422,lattice,9,u,img/target_7.png
55,3,423,lattice,8,q,img/target_1.png
55,3,424,lattice,0,i,img/target_8.png
55,3,425,lattice,1,p,img/target_10.png
55,3,426,lattice,2,o,img/target_9.png
55,3,427,lattice,3,r,img/target_4.png
55,3,428,lattice,4,w,img/target_2.png
55,3,429,lattice,2,o,img/target_9.png
55,3,430,lattice,0,i,img/target_8.png
55,3,431,lattice,9,u,img/target_7.png
55,3,432,lattice,1,p,img/target_10.png
55,3,433,lattice,3,r,img/target_4.png
55,3,434,lattice,1,p,img/target_10.png
55,3,435,lattice,3,r,img/target_4.png
55,3,436,lattice,5,v,img/target_5.png
55,3,437,lattice,6,b,img/target_6.png
55,3,438,lattice,4,w,img/target_2.png
55,3,439,lattice,6,b,img/target_6.png
55,3,440,lattice,7,e,img/target_3.png
55,3,441,lattice,6,b,img/target_6.png
55,3,442,lattice,7,e,img/target_3.png
55,3,443,lattice,5,v,img/target_5.png
55,3,444,lattice,3,r,img/target_4.png
55,3,445,lattice,2,o,img/target_9.png
55,3,446,lattice,1,p,img/target_10.png
55,3,447,lattice,3,r,img/target_4.png
55,3,448,lattice,2,o,img/target_9.png
55,3,449,lattice,0,i,img/target_8.png
55,3,450,lattice,8,q,img/target_1.png
55,3,451,lattice,0,i,img/target_8.png
55,3,452,lattice,1,p,img/target_10.png
55,3,453,lattice,0,i,img/target_8.png
55,3,454,lattice,9,u,img/target_7.png
55,3,455,lattice,0,i,img/target_8.png
55,3,456,lattice,8,q,img/target_1.png
55,3,457,lattice,6,b,img/target_6.png
55,3,458,lattice,8,q,img/target_1.png
55,3,459,lattice,0,i,img/target_8.png
55,3,460,lattice,2,o,img/target_9.png
55,3,461,lattice,4,w,img/target_2.png
55,3,462,lattice,2,o,img/target_9.png
55,3,463,lattice,1,p,img/target_10.png
55,3,464,lattice,3,r,img/target_4.png
55,3,465,lattice,4,w,img/target_2.png
55,3,466,lattice,6,b,img/target_6.png
55,3,467,lattice,4,w,img/target_2.png
55,3,468,lattice,6,b,img/target_6.png
55,3,469,lattice,5,v,img/target_5.png
55,3,470,lattice,3,r,img/target_4.png
55,3,471,lattice,1,p,img/target_10.png
55,3,472,lattice,3,r,img/target_4.png
55,3,473,lattice,2,o,img/target_9.png
55,3,474,lattice,1,p,img/target_10.png
55,3,475,lattice,3,r,img/target_4.png
55,3,476,lattice,4,w,img/target_2.png
55,3,477,lattice,3,r,img/target_4.png
55,3,478,lattice,1,p,img/target_10.png
55,3,479,lattice,0,i,img/target_8.png
55,3,480,lattice,9,u,img/target_7.png
55,3,481,lattice,7,e,img/target_3.png
55,3,482,lattice,6,b,img/target_6.png
55,3,483,lattice,8,q,img/target_1.png
55,3,484,lattice,7,e,img/target_3.png
55,3,485,lattice,9,u,img/target_7.png
55,3,486,lattice,0,i,img/target_8.png
55,3,487,lattice,8,q,img/target_1.png
55,3,488,lattice,7,e,img/target_3.png
55,3,489,lattice,8,q,img/target_1.png
55,3,490,lattice,9,u,img/target_7.png
55,3,491,lattice,7,e,img/target_3.png
55,3,492,lattice,5,v,img/target_5.png
55,3,493,lattice,6,b,img/target_6.png
55,3,494,lattice,4,w,img/target_2.png
55,3,495,lattice,2,o,img/target_9.png
55,3,496,lattice,3,r,img/target_4.png
55,3,497,lattice,2,o,img/target_9.png
55,3,498,lattice,1,p,img/target_10.png
55,3,499,lattice,3,r,img/target_4.png
55,3,500,lattice,1,p,img/target_10.png
55,3,501,lattice,0,i,img/target_8.png
55,3,502,lattice,2,o,img/target_9.png
55,3,503,lattice,0,i,img/target_8.png
55,3,504,lattice,8,q,img/target_1.png
55,3,505,lattice,0,i,img/target_8.png
55,3,506,lattice,2,o,img/target_9.png
55,3,507,lattice,3,r,img/target_4.png
55,3,508,lattice,2,o,img/target_9.png
55,3,509,lattice,4,w,img/target_2.png
55,3,510,lattice,2,o,img/target_9.png
55,3,511,lattice,0,i,img/target_8.png
55,3,512,lattice,2,o,img/target_9.png
55,3,513,lattice,1,p,img/target_10.png
55,3,514,lattice,2,o,img/target_9.png
55,3,515,lattice,1,p,img/target_10.png
55,3,516,lattice,9,u,img/target_7.png
55,3,517,lattice,7,e,img/target_3.png
55,3,518,lattice,6,b,img/target_6.png
55,3,519,lattice,8,q,img/target_1.png
55,3,520,lattice,0,i,img/target_8.png
55,3,521,lattice,9,u,img/target_7.png
55,3,522,lattice,0,i,img/target_8.png
55,3,523,lattice,9,u,img/target_7.png
55,3,524,lattice,0,i,img/target_8.png
55,3,525,lattice,9,u,img/target_7.png
55,3,526,lattice,7,e,img/target_3.png
55,3,527,lattice,9,u,img/target_7.png
55,3,528,lattice,8,q,img/target_1.png
55,3,529,lattice,7,e,img/target_3.png
55,3,530,lattice,8,q,img/target_1.png
55,3,531,lattice,6,b,img/target_6.png
55,3,532,lattice,8,q,img/target_1.png
55,3,533,lattice,9,u,img/target_7.png
55,3,534,lattice,8,q,img/target_1.png
55,3,535,lattice,9,u,img/target_7.png
55,3,536,lattice,0,i,img/target_8.png
55,3,537,lattice,8,q,img/target_1.png
55,3,538,lattice,7,e,img/target_3.png
55,3,539,lattice,8,q,img/target_1.png
55,3,540,lattice,7,e,img/target_3.png
55,3,541,lattice,9,u,img/target_7.png
55,3,542,lattice,0,i,img/target_8.png
55,3,543,lattice,1,p,img/target_10.png
55,3,544,lattice,9,u,img/target_7.png
55,3,545,lattice,7,e,img/target_3.png
55,3,546,lattice,8,q,img/target_1.png
55,3,547,lattice,9,u,img/target_7.png
55,3,548,lattice,1,p,img/target_10.png
55,3,549,lattice,0,i,img/target_8.png
55,3,550,lattice,2,o,img/target_9.png
55,3,551,lattice,1,p,img/target_10.png
55,3,552,lattice,0,i,img/target_8.png
55,3,553,lattice,9,u,img/target_7.png
55,3,554,lattice,8,q,img/target_1.png
55,3,555,lattice,7,e,img/target_3.png
55,3,556,lattice,9,u,img/target_7.png
55,3,557,lattice,0,i,img/target_8.png
55,3,558,lattice,8,q,img/target_1.png
55,3,559,lattice,7,e,img/target_3.png
55,3,560,lattice,5,v,img/target_5.png
55,3,561,lattice,6,b,img/target_6.png
55,3,562,lattice,8,q,img/target_1.png
55,3,563,lattice,6,b,img/target_6.png
55,3,564,lattice,5,v,img/target_5.png
55,3,565,lattice,7,e,img/target_3.png
55,3,566,lattice,6,b,img/target_6.png
55,3,567,lattice,4,w,img/target_2.png
55,3,568,lattice,2,o,img/target_9.png
55,3,569,lattice,3,r,img/target_4.png
55,3,570,lattice,5,v,img/target_5.png
55,3,571,lattice,4,w,img/target_2.png
55,3,572,lattice,2,o,img/target_9.png
55,3,573,lattice,0,i,img/target_8.png
55,3,574,lattice,2,o,img/target_9.png
55,3,575,lattice,3,r,img/target_4.png
55,3,576,lattice,2,o,img/target_9.png
55,3,577,lattice,0,i,img/target_8.png
55,3,578,lattice,8,q,img/target_1.png
55,3,579,lattice,0,i,img/target_8.png
55,3,580,lattice,8,q,img/target_1.png
55,3,581,lattice,7,e,img/target_3.png
55,3,582,lattice,8,q,img/target_1.png
55,3,583,lattice,6,b,img/target_6.png
55,3,584,lattice,4,w,img/target_2.png
55,3,585,lattice,6,b,img/target_6.png
55,3,586,lattice,4,w,img/target_2.png
55,3,587,lattice,2,o,img/target_9.png
55,3,588,lattice,0,i,img/target_8.png
55,3,589,lattice,8,q,img/target_1.png
55,3,590,lattice,6,b,img/target_6.png
55,3,591,lattice,4,w,img/target_2.png
55,3,592,lattice,3,r,img/target_4.png
55,3,593,lattice,1,p,img/target_10.png
55,3,594,lattice,0,i,img/target_8.png
55,3,595,lattice,2,o,img/target_9.png
55,3,596,lattice,3,r,img/target_4.png
55,3,597,lattice,2,o,img/target_9.png
55,3,598,lattice,3,r,img/target_4.png
55,3,599,lattice,1,p,img/target_10.png
55,3,600,lattice,3,r,img/target_4.png
55,3,601,lattice,4,w,img/target_2.png
55,3,602,lattice,3,r,img/target_4.png
55,3,603,lattice,2,o,img/target_9.png
55,3,604,lattice,1,p,img/target_10.png
55,3,605,lattice,3,r,img/target_4.png
55,3,606,lattice,4,w,img/target_2.png
55,3,607,lattice,3,r,img/target_4.png
55,3,608,lattice,1,p,img/target_10.png
55,3,609,lattice,0,i,img/target_8.png
55,3,610,lattice,9,u,img/target_7.png
55,3,611,lattice,0,i,img/target_8.png
55,3,612,lattice,9,u,img/target_7.png
55,3,613,lattice,1,p,img/target_10.png
55,3,614,lattice,3,r,img/target_4.png
55,3,615,lattice,5,v,img/target_5.png
55,3,616,lattice,3,r,img/target_4.png
55,3,617,lattice,1,p,img/target_10.png
55,3,618,lattice,0,i,img/target_8.png
55,3,619,lattice,2,o,img/target_9.png
55,3,620,lattice,3,r,img/target_4.png
55,3,621,lattice,5,v,img/target_5.png
55,3,622,lattice,7,e,img/target_3.png
55,3,623,lattice,6,b,img/target_6.png
55,3,624,lattice,7,e,img/target_3.png
55,3,625,lattice,5,v,img/target_5.png
55,3,626,lattice,6,b,img/target_6.png
55,3,627,lattice,8,q,img/target_1.png
55,3,628,lattice,6,b,img/target_6.png
55,3,629,lattice,4,w,img/target_2.png
55,3,630,lattice,5,v,img/target_5.png
55,3,631,lattice,3,r,img/target_4.png
55,3,632,lattice,5,v,img/target_5.png
55,3,633,lattice,3,r,img/target_4.png
55,3,634,lattice,5,v,img/target_5.png
55,3,635,lattice,3,r,img/target_4.png
55,3,636,lattice,4,w,img/target_2.png
55,3,637,lattice,5,v,img/target_5.png
55,3,638,lattice,3,r,img/target_4.png
55,3,639,lattice,5,v,img/target_5.png
55,3,640,lattice,4,w,img/target_2.png
55,3,641,lattice,2,o,img/target_9.png
55,3,642,lattice,4,w,img/target_2.png
55,3,643,lattice,6,b,img/target_6.png
55,3,644,lattice,5,v,img/target_5.png
55,3,645,lattice,6,b,img/target_6.png
55,3,646,lattice,4,w,img/target_2.png
55,3,647,lattice,6,b,img/target_6.png
55,3,648,lattice,8,q,img/target_1.png
55,3,649,lattice,9,u,img/target_7.png
55,3,650,lattice,7,e,img/target_3.png
55,3,651,lattice,6,b,img/target_6.png
55,3,652,lattice,4,w,img/target_2.png
55,3,653,lattice,2,o,img/target_9.png
55,3,654,lattice,1,p,img/target_10.png
55,3,655,lattice,3,r,img/target_4.png
55,3,656,lattice,1,p,img/target_10.png
55,3,657,lattice,2,o,img/target_9.png
55,3,658,lattice,0,i,img/target_8.png
55,3,659,lattice,2,o,img/target_9.png
55,3,660,lattice,3,r,img/target_4.png
55,3,661,lattice,5,v,img/target_5.png
55,3,662,lattice,4,w,img/target_2.png
55,3,663,lattice,6,b,img/target_6.png
55,3,664,lattice,7,e,img/target_3.png
55,3,665,lattice,9,u,img/target_7.png
55,3,666,lattice,7,e,img/target_3.png
55,3,667,lattice,6,b,img/target_6.png
55,3,668,lattice,5,v,img/target_5.png
55,3,669,lattice,6,b,img/target_6.png
55,3,670,lattice,7,e,img/target_3.png
55,3,671,lattice,8,q,img/target_1.png
55,3,672,lattice,7,e,img/target_3.png
55,3,673,lattice,5,v,img/target_5.png
55,3,674,lattice,3,r,img/target_4.png
55,3,675,lattice,1,p,img/target_10.png
55,3,676,lattice,2,o,img/target_9.png
55,3,677,lattice,1,p,img/target_10.png
55,3,678,lattice,3,r,img/target_4.png
55,3,679,lattice,4,w,img/target_2.png
55,3,680,lattice,5,v,img/target_5.png
55,3,681,lattice,7,e,img/target_3.png
55,3,682,lattice,9,u,img/target_7.png
55,3,683,lattice,7,e,img/target_3.png
55,3,684,lattice,9,u,img/target_7.png
55,3,685,lattice,0,i,img/target_8.png
55,3,686,lattice,2,o,img/target_9.png
55,3,687,lattice,4,w,img/target_2.png
55,3,688,lattice,2,o,img/target_9.png
55,3,689,lattice,4,w,img/target_2.png
55,3,690,lattice,5,v,img/target_5.png
55,3,691,lattice,6,b,img/target_6.png
55,3,692,lattice,7,e,img/target_3.png
55,3,693,lattice,5,v,img/target_5.png
55,3,694,lattice,4,w,img/target_2.png
55,3,695,lattice,2,o,img/target_9.png
55,3,696,lattice,0,i,img/target_8.png
55,3,697,lattice,1,p,img/target_10.png
55,3,698,lattice,2,o,img/target_9.png
55,3,699,lattice,4,w,img/target_2.png
55,3,700,lattice,5,v,img/target_5.png
55,3,701,lattice,3,r,img/target_4.png
55,3,702,lattice,5,v,img/target_5.png
55,3,703,lattice,4,w,img/target_2.png
55,3,704,lattice,3,r,img/target_4.png
55,3,705,lattice,4,w,img/target_2.png
55,3,706,lattice,6,b,img/target_6.png
55,3,707,lattice,5,v,img/target_5.png
55,3,708,lattice,3,r,img/target_4.png
55,3,709,lattice,1,p,img/target_10.png
55,3,710,lattice,9,u,img/target_7.png
55,3,711,lattice,7,e,img/target_3.png
55,3,712,lattice,8,q,img/target_1.png
55,3,713,lattice,9,u,img/target_7.png
55,3,714,lattice,0,i,img/target_8.png
55,3,715,lattice,2,o,img/target_9.png
55,3,716,lattice,4,w,img/target_2.png
55,3,717,lattice,3,r,img/target_4.png
55,3,718,lattice,5,v,img/target_5.png
55,3,719,lattice,7,e,img/target_3.png
55,3,720,lattice,9,u,img/target_7.png
55,3,721,lattice,1,p,img/target_10.png
55,3,722,lattice,9,u,img/target_7.png
55,3,723,lattice,1,p,img/target_10.png
55,3,724,lattice,2,o,img/target_9.png
55,3,725,lattice,0,i,img/target_8.png
55,3,726,lattice,1,p,img/target_10.png
55,3,727,lattice,0,i,img/target_8.png
55,3,728,lattice,9,u,img/target_7.png
55,3,729,lattice,8,q,img/target_1.png
55,3,730,lattice,7,e,img/target_3.png
55,3,731,lattice,8,q,img/target_1.png
55,3,732,lattice,0,i,img/target_8.png
55,3,733,lattice,8,q,img/target_1.png
55,3,734,lattice,6,b,img/target_6.png
55,3,735,lattice,8,q,img/target_1.png
55,3,736,lattice,9,u,img/target_7.png
55,3,737,lattice,7,e,img/target_3.png
55,3,738,lattice,6,b,img/target_6.png
55,3,739,lattice,8,q,img/target_1.png
55,3,740,lattice,9,u,img/target_7.png
55,3,741,lattice,1,p,img/target_10.png
55,3,742,lattice,3,r,img/target_4.png
55,3,743,lattice,4,w,img/target_2.png
55,3,744,lattice,3,r,img/target_4.png
55,3,745,lattice,4,w,img/target_2.png
55,3,746,lattice,2,o,img/target_9.png
55,3,747,lattice,3,r,img/target_4.png
55,3,748,lattice,1,p,img/target_10.png
55,3,749,lattice,9,u,img/target_7.png
55,3,750,lattice,7,e,img/target_3.png
55,3,751,lattice,5,v,img/target_5.png
55,3,752,lattice,3,r,img/target_4.png
55,3,753,lattice,1,p,img/target_10.png
55,3,754,lattice,3,r,img/target_4.png
55,3,755,lattice,4,w,img/target_2.png
55,3,756,lattice,3,r,img/target_4.png
55,3,757,lattice,4,w,img/target_2.png
55,3,758,lattice,2,o,img/target_9.png
55,3,759,lattice,3,r,img/target_4.png
55,3,760,lattice,1,p,img/target_10.png
55,3,761,lattice,0,i,img/target_8.png
55,3,762,lattice,2,o,img/target_9.png
55,3,763,lattice,0,i,img/target_8.png
55,3,764,lattice,8,q,img/target_1.png
55,3,765,lattice,9,u,img/target_7.png
55,3,766,lattice,0,i,img/target_8.png
55,3,767,lattice,8,q,img/target_1.png
55,3,768,lattice,6,b,img/target_6.png
55,3,769,lattice,4,w,img/target_2.png
55,3,770,lattice,2,o,img/target_9.png
55,3,771,lattice,0,i,img/target_8.png
55,3,772,lattice,2,o,img/target_9.png
55,3,773,lattice,1,p,img/target_10.png
55,3,774,lattice,0,i,img/target_8.png
55,3,775,lattice,2,o,img/target_9.png
55,3,776,lattice,3,r,img/target_4.png
55,3,777,lattice,4,w,img/target_2.png
55,3,778,lattice,3,r,img/target_4.png
55,3,779,lattice,5,v,img/target_5.png
55,3,780,lattice,3,r,img/target_4.png
55,3,781,lattice,4,w,img/target_2.png
55,3,782,lattice,5,v,img/target_5.png
55,3,783,lattice,4,w,img/target_2.png
55,3,784,lattice,5,v,img/target_5.png
55,3,785,lattice,3,r,img/target_4.png
55,3,786,lattice,5,v,img/target_5.png
55,3,787,lattice,6,b,img/target_6.png
55,3,788,lattice,5,v,img/target_5.png
55,3,789,lattice,7,e,img/target_3.png
55,3,790,lattice,5,v,img/target_5.png
55,3,791,lattice,4,w,img/target_2.png
55,3,792,lattice,2,o,img/target_9.png
55,3,793,lattice,0,i,img/target_8.png
55,3,794,lattice,1,p,img/target_10.png
55,3,795,lattice,2,o,img/target_9.png
55,3,796,lattice,0,i,img/target_8.png
55,3,797,lattice,1,p,img/target_10.png
55,3,798,lattice,9,u,img/target_7.png
55,3,799,lattice,7,e,img/target_3.png
55,3,800,lattice,9,u,img/target_7.png
55,3,801,lattice,1,p,img/target_10.png
55,3,802,lattice,2,o,img/target_9.png
55,3,803,lattice,4,w,img/target_2.png
55,3,804,lattice,3,r,img/target_4.png
55,3,805,lattice,2,o,img/target_9.png
55,3,806,lattice,4,w,img/target_2.png
55,3,807,lattice,5,v,img/target_5.png
55,3,808,lattice,6,b,img/target_6.png
55,3,809,lattice,5,v,img/target_5.png
55,3,810,lattice,4,w,img/target_2.png
55,3,811,lattice,2,o,img/target_9.png
55,3,812,lattice,3,r,img/target_4.png
55,3,813,lattice,4,w,img/target_2.png
55,3,814,lattice,3,r,img/target_4.png
55,3,815,lattice,1,p,img/target_10.png
55,3,816,lattice,0,i,img/target_8.png
55,3,817,lattice,1,p,img/target_10.png
55,3,818,lattice,0,i,img/target_8.png
55,3,819,lattice,9,u,img/target_7.png
55,3,820,lattice,0,i,img/target_8.png
55,3,821,lattice,8,q,img/target_1.png
55,3,822,lattice,0,i,img/target_8.png
55,3,823,lattice,1,p,img/target_10.png
55,3,824,lattice,3,r,img/target_4.png
55,3,825,lattice,4,w,img/target_2.png
55,3,826,lattice,3,r,img/target_4.png
55,3,827,lattice,2,o,img/target_9.png
55,3,828,lattice,0,i,img/target_8.png
55,3,829,lattice,2,o,img/target_9.png
55,3,830,lattice,3,r,img/target_4.png
55,3,831,lattice,4,w,img/target_2.png
55,3,832,lattice,3,r,img/target_4.png
55,3,833,lattice,4,w,img/target_2.png
55,3,834,lattice,2,o,img/target_9.png
55,3,835,lattice,3,r,img/target_4.png
55,3,836,lattice,1,p,img/target_10.png
55,3,837,lattice,2,o,img/target_9.png
55,3,838,lattice,4,w,img/target_2.png
55,3,839,lattice,6,b,img/target_6.png
55,3,840,lattice,4,w,img/target_2.png
55,3,841,lattice,5,v,img/target_5.png
55,3,842,lattice,4,w,img/target_2.png
55,3,843,lattice,6,b,img/target_6.png
55,3,844,lattice,4,w,img/target_2.png
55,3,845,lattice,6,b,img/target_6.png
55,3,846,lattice,8,q,img/target_1.png
55,3,847,lattice,9,u,img/target_7.png
55,3,848,lattice,7,e,img/target_3.png
55,3,849,lattice,9,u,img/target_7.png
55,3,850,lattice,7,e,img/target_3.png
55,3,851,lattice,9,u,img/target_7.png
55,3,852,lattice,1,p,img/target_10.png
55,3,853,lattice,9,u,img/target_7.png
55,3,854,lattice,0,i,img/target_8.png
55,3,855,lattice,2,o,img/target_9.png
55,3,856,lattice,0,i,img/target_8.png
55,3,857,lattice,1,p,img/target_10.png
55,3,858,lattice,2,o,img/target_9.png
55,3,859,lattice,1,p,img/target_10.png
55,3,860,lattice,9,u,img/target_7.png
55,3,861,lattice,8,q,img/target_1.png
55,3,862,lattice,9,u,img/target_7.png
55,3,863,lattice,1,p,img/target_10.png
55,3,864,lattice,3,r,img/target_4.png
55,3,865,lattice,1,p,img/target_10.png
55,3,866,lattice,0,i,img/target_8.png
55,3,867,lattice,8,q,img/target_1.png
55,3,868,lattice,6,b,img/target_6.png
55,3,869,lattice,4,w,img/target_2.png
55,3,870,lattice,6,b,img/target_6.png
55,3,871,lattice,7,e,img/target_3.png
55,3,872,lattice,5,v,img/target_5.png
55,3,873,lattice,3,r,img/target_4.png
55,3,874,lattice,4,w,img/target_2.png
55,3,875,lattice,6,b,img/target_6.png
55,3,876,lattice,5,v,img/target_5.png
55,3,877,lattice,6,b,img/target_6.png
55,3,878,lattice,8,q,img/target_1.png
55,3,879,lattice,7,e,img/target_3.png
55,3,880,lattice,8,q,img/target_1.png
55,3,881,lattice,7,e,img/target_3.png
55,3,882,lattice,9,u,img/target_7.png
55,3,883,lattice,8,q,img/target_1.png
55,3,884,lattice,7,e,img/target_3.png
55,3,885,lattice,5,v,img/target_5.png
55,3,886,lattice,4,w,img/target_2.png
55,3,887,lattice,5,v,img/target_5.png
55,3,888,lattice,7,e,img/target_3.png
55,3,889,lattice,5,v,img/target_5.png
55,3,890,lattice,7,e,img/target_3.png
55,3,891,lattice,5,v,img/target_5.png
55,3,892,lattice,7,e,img/target_3.png
55,3,893,lattice,5,v,img/target_5.png
55,3,894,lattice,7,e,img/target_3.png
55,3,895,lattice,5,v,img/target_5.png
55,3,896,lattice,3,r,img/target_4.png
55,3,897,lattice,5,v,img/target_5.png
55,3,898,lattice,6,b,img/target_6.png
55,3,899,lattice,8,q,img/target_1.png
55,3,900,lattice,7,e,img/target_3.png
55,3,901,lattice,6,b,img/target_6.png
55,3,902,lattice,7,e,img/target_3.png
55,3,903,lattice,8,q,img/target_1.png
55,3,904,lattice,0,i,img/target_8.png
55,3,905,lattice,9,u,img/target_7.png
55,3,906,lattice,1,p,img/target_10.png
55,3,907,lattice,9,u,img/target_7.png
55,3,908,lattice,8,q,img/target_1.png
55,3,909,lattice,6,b,img/target_6.png
55,3,910,lattice,5,v,img/target_5.png
55,3,911,lattice,3,r,img/target_4.png
55,3,912,lattice,1,p,img/target_10.png
55,3,913,lattice,0,i,img/target_8.png
55,3,914,lattice,8,q,img/target_1.png
55,3,915,lattice,0,i,img/target_8.png
55,3,916,lattice,2,o,img/target_9.png
55,3,917,lattice,1,p,img/target_10.png
55,3,918,lattice,0,i,img/target_8.png
55,3,919,lattice,8,q,img/target_1.png
55,3,920,lattice,0,i,img/target_8.png
55,3,921,lattice,2,o,img/target_9.png
55,3,922,lattice,3,r,img/target_4.png
55,3,923,lattice,1,p,img/target_10.png
55,3,924,lattice,9,u,img/target_7.png
55,3,925,lattice,1,p,img/target_10.png
55,3,926,lattice,9,u,img/target_7.png
55,3,927,lattice,8,q,img/target_1.png
55,3,928,lattice,0,i,img/target_8.png
55,3,929,lattice,2,o,img/target_9.png
55,3,930,lattice,4,w,img/target_2.png
55,3,931,lattice,3,r,img/target_4.png
55,3,932,lattice,5,v,img/target_5.png
55,3,933,lattice,4,w,img/target_2.png
55,3,934,lattice,2,o,img/target_9.png
55,3,935,lattice,1,p,img/target_10.png
55,3,936,lattice,2,o,img/target_9.png
55,3,937,lattice,3,r,img/target_4.png
55,3,938,lattice,5,v,img/target_5.png
55,3,939,lattice,6,b,img/target_6.png
55,3,940,lattice,5,v,img/target_5.png
55,3,941,lattice,3,r,img/target_4.png
55,3,942,lattice,4,w,img/target_2.png
55,3,943,lattice,5,v,img/target_5.png
55,3,944,lattice,3,r,img/target_4.png
55,3,945,lattice,4,w,img/target_2.png
55,3,946,lattice,5,v,img/target_5.png
55,3,947,lattice,6,b,img/target_6.png
55,3,948,lattice,4,w,img/target_2.png
55,3,949,lattice,5,v,img/target_5.png
55,3,950,lattice,6,b,img/target_6.png
55,3,951,lattice,7,e,img/target_3.png
55,3,952,lattice,9,u,img/target_7.png
55,3,953,lattice,1,p,img/target_10.png
55,3,954,lattice,0,i,img/target_8.png
55,3,955,lattice,2,o,img/target_9.png
55,3,956,lattice,0,i,img/target_8.png
55,3,957,lattice,2,o,img/target_9.png
55,3,958,lattice,4,w,img/target_2.png
55,3,959,lattice,2,o,img/target_9.png
55,3,960,lattice,0,i,img/target_8.png
55,3,961,lattice,9,u,img/target_7.png
55,3,962,lattice,7,e,img/target_3.png
55,3,963,lattice,5,v,img/target_5.png
55,3,964,lattice,6,b,img/target_6.png
55,3,965,lattice,5,v,img/target_5.png
55,3,966,lattice,4,w,img/target_2.png
55,3,967,lattice,3,r,img/target_4.png
55,3,968,lattice,4,w,img/target_2.png
55,3,969,lattice,2,o,img/target_9.png
55,3,970,lattice,0,i,img/target_8.png
55,3,971,lattice,8,q,img/target_1.png
55,3,972,lattice,6,b,img/target_6.png
55,3,973,lattice,7,e,img/target_3.png
55,3,974,lattice,8,q,img/target_1.png
55,3,975,lattice,6,b,img/target_6.png
55,3,976,lattice,5,v,img/target_5.png
55,3,977,lattice,6,b,img/target_6.png
55,3,978,lattice,4,w,img/target_2.png
55,3,979,lattice,3,r,img/target_4.png
55,3,980,lattice,1,p,img/target_10.png
55,3,981,lattice,0,i,img/target_8.png
55,3,982,lattice,9,u,img/target_7.png
55,3,983,lattice,8,q,img/target_1.png
55,3,984,lattice,7,e,img/target_3.png
55,3,985,lattice,9,u,img/target_7.png
55,3,986,lattice,7,e,img/target_3.png
55,3,987,lattice,5,v,img/target_5.png
55,3,988,lattice,4,w,img/target_2.png
55,3,989,lattice,5,v,img/target_5.png
55,3,990,lattice,6,b,img/target_6.png
55,3,991,lattice,5,v,img/target_5.png
55,3,992,lattice,7,e,img/target_3.png
55,3,993,lattice,6,b,img/target_6.png
55,3,994,lattice,4,w,img/target_2.png
55,3,995,lattice,2,o,img/target_9.png
55,3,996,lattice,1,p,img/target_10.png
55,3,997,lattice,2,o,img/target_9.png
55,3,998,lattice,4,w,img/target_2.png
55,3,999,lattice,3,r,img/target_4.png
55,3,1000,lattice,4,w,img/target_2.png
