pID,sess,trialNum,graph,walk,resp,path
10,2,1,modular,4,v,img/target_5.png
10,2,2,modular,2,e,img/target_3.png
10,2,3,modular,1,p,img/target_10.png
10,2,4,modular,3,o,img/target_9.png
10,2,5,modular,0,r,img/target_4.png
10,2,6,modular,1,p,img/target_10.png
10,2,7,modular,3,o,img/target_9.png
10,2,8,modular,1,p,img/target_10.png
10,2,9,modular,0,r,img/target_4.png
10,2,10,modular,9,b,img/target_6.png
10,2,11,modular,7,i,img/target_8.png
10,2,12,modular,8,q,img/target_1.png
10,2,13,modular,9,b,img/target_6.png
10,2,14,modular,0,r,img/target_4.png
10,2,15,modular,3,o,img/target_9.png
10,2,16,modular,2,e,img/target_3.png
10,2,17,modular,3,o,img/target_9.png
10,2,18,modular,2,e,img/target_3.png
10,2,19,modular,4,v,img/target_5.png
10,2,20,modular,1,p,img/target_10.png
10,2,21,modular,0,r,img/target_4.png
10,2,22,modular,2,e,img/target_3.png
10,2,23,modular,3,o,img/target_9.png
10,2,24,modular,0,r,img/target_4.png
10,2,25,modular,2,e,img/target_3.png
10,2,26,modular,0,r,img/target_4.png
10,2,27,modular,2,e,img/target_3.png
10,2,28,modular,4,v,img/target_5.png
10,2,29,modular,2,e,img/target_3.png
10,2,30,modular,4,v,img/target_5.png
10,2,31,modular,1,p,img/target_10.png
10,2,32,modular,0,r,img/target_4.png
10,2,33,modular,1,p,img/target_10.png
10,2,34,modular,4,v,img/target_5.png
10,2,35,modular,5,w,img/target_2.png
10,2,36,modular,4,v,img/target_5.png
10,2,37,modular,2,e,img/target_3.png
10,2,38,modular,1,p,img/target_10.png
10,2,39,modular,0,r,img/target_4.png
10,2,40,modular,1,p,img/target_10.png
10,2,41,modular,2,e,img/target_3.png
10,2,42,modular,1,p,img/target_10.png
10,2,43,modular,4,v,img/target_5.png
10,2,44,modular,2,e,img/target_3.png
10,2,45,modular,1,p,img/target_10.png
10,2,46,modular,2,e,img/target_3.png
10,2,47,modular,0,r,img/target_4.png
10,2,48,modular,3,o,img/target_9.png
10,2,49,modular,2,e,img/target_3.png
10,2,50,modular,4,v,img/target_5.png
10,2,51,modular,1,p,img/target_10.png
10,2,52,modular,2,e,img/target_3.png
10,2,53,modular,3,o,img/target_9.png
10,2,54,modular,4,v,img/target_5.png
10,2,55,modular,1,p,img/target_10.png
10,2,56,modular,0,r,img/target_4.png
10,2,57,modular,2,e,img/target_3.png
10,2,58,modular,0,r,img/target_4.png
10,2,59,modular,2,e,img/target_3.png
10,2,60,modular,1,p,img/target_10.png
10,2,61,modular,0,r,img/target_4.png
10,2,62,modular,9,b,img/target_6.png
10,2,63,modular,7,i,img/target_8.png
10,2,64,modular,6,u,img/target_7.png
10,2,65,modular,7,i,img/target_8.png
10,2,66,modular,6,u,img/target_7.png
10,2,67,modular,7,i,img/target_8.png
10,2,68,modular,5,w,img/target_2.png
10,2,69,modular,6,u,img/target_7.png
10,2,70,modular,9,b,img/target_6.png
10,2,71,modular,6,u,img/target_7.png
10,2,72,modular,7,i,img/target_8.png
10,2,73,modular,9,b,img/target_6.png
10,2,74,modular,6,u,img/target_7.png
10,2,75,modular,7,i,img/target_8.png
10,2,76,modular,9,b,img/target_6.png
10,2,77,modular,7,i,img/target_8.png
10,2,78,modular,9,b,img/target_6.png
10,2,79,modular,6,u,img/target_7.png
10,2,80,modular,5,w,img/target_2.png
10,2,81,modular,7,i,img/target_8.png
10,2,82,modular,6,u,img/target_7.png
10,2,83,modular,8,q,img/target_1.png
10,2,84,modular,9,b,img/target_6.png
10,2,85,modular,6,u,img/target_7.png
10,2,86,modular,7,i,img/target_8.png
10,2,87,modular,6,u,img/target_7.png
10,2,88,modular,7,i,img/target_8.png
10,2,89,modular,9,b,img/target_6.png
10,2,90,modular,0,r,img/target_4.png
10,2,91,modular,9,b,img/target_6.png
10,2,92,modular,0,r,img/target_4.png
10,2,93,modular,2,e,img/target_3.png
10,2,94,modular,1,p,img/target_10.png
10,2,95,modular,0,r,img/target_4.png
10,2,96,modular,2,e,img/target_3.png
10,2,97,modular,1,p,img/target_10.png
10,2,98,modular,4,v,img/target_5.png
10,2,99,modular,3,o,img/target_9.png
10,2,100,modular,2,e,img/target_3.png
10,2,101,modular,0,r,img/target_4.png
10,2,102,modular,1,p,img/target_10.png
10,2,103,modular,4,v,img/target_5.png
10,2,104,modular,2,e,img/target_3.png
10,2,105,modular,1,p,img/target_10.png
10,2,106,modular,3,o,img/target_9.png
10,2,107,modular,2,e,img/target_3.png
10,2,108,modular,1,p,img/target_10.png
10,2,109,modular,2,e,img/target_3.png
10,2,110,modular,4,v,img/target_5.png
10,2,111,modular,3,o,img/target_9.png
10,2,112,modular,4,v,img/target_5.png
10,2,113,modular,1,p,img/target_10.png
10,2,114,modular,3,o,img/target_9.png
10,2,115,modular,1,p,img/target_10.png
10,2,116,modular,3,o,img/target_9.png
10,2,117,modular,2,e,img/target_3.png
10,2,118,modular,0,r,img/target_4.png
10,2,119,modular,1,p,img/target_10.png
10,2,120,modular,2,e,img/target_3.png
10,2,121,modular,3,o,img/target_9.png
10,2,122,modular,0,r,img/target_4.png
10,2,123,modular,3,o,img/target_9.png
10,2,124,modular,2,e,img/target_3.png
10,2,125,modular,4,v,img/target_5.png
10,2,126,modular,1,p,img/target_10.png
10,2,127,modular,3,o,img/target_9.png
10,2,128,modular,0,r,img/target_4.png
10,2,129,modular,2,e,img/target_3.png
10,2,130,modular,3,o,img/target_9.png
10,2,131,modular,4,v,img/target_5.png
10,2,132,modular,3,o,img/target_9.png
10,2,133,modular,0,r,img/target_4.png
10,2,134,modular,1,p,img/target_10.png
10,2,135,modular,0,r,img/target_4.png
10,2,136,modular,3,o,img/target_9.png
10,2,137,modular,0,r,img/target_4.png
10,2,138,modular,9,b,img/target_6.png
10,2,139,modular,0,r,img/target_4.png
10,2,140,modular,1,p,img/target_10.png
10,2,141,modular,2,e,img/target_3.png
10,2,142,modular,0,r,img/target_4.png
10,2,143,modular,1,p,img/target_10.png
10,2,144,modular,0,r,img/target_4.png
10,2,145,modular,1,p,img/target_10.png
10,2,146,modular,3,o,img/target_9.png
10,2,147,modular,2,e,img/target_3.png
10,2,148,modular,1,p,img/target_10.png
10,2,149,modular,4,v,img/target_5.png
10,2,150,modular,3,o,img/target_9.png
10,2,151,modular,0,r,img/target_4.png
10,2,152,modular,1,p,img/target_10.png
10,2,153,modular,0,r,img/target_4.png
10,2,154,modular,9,b,img/target_6.png
10,2,155,modular,8,q,img/target_1.png
10,2,156,modular,9,b,img/target_6.png
10,2,157,modular,7,i,img/target_8.png
10,2,158,modular,5,w,img/target_2.png
10,2,159,modular,7,i,img/target_8.png
10,2,160,modular,8,q,img/target_1.png
10,2,161,modular,6,u,img/target_7.png
10,2,162,modular,7,i,img/target_8.png
10,2,163,modular,6,u,img/target_7.png
10,2,164,modular,5,w,img/target_2.png
10,2,165,modular,4,v,img/target_5.png
10,2,166,modular,3,o,img/target_9.png
10,2,167,modular,2,e,img/target_3.png
10,2,168,modular,3,o,img/target_9.png
10,2,169,modular,2,e,img/target_3.png
10,2,170,modular,1,p,img/target_10.png
10,2,171,modular,4,v,img/target_5.png
10,2,172,modular,5,w,img/target_2.png
10,2,173,modular,4,v,img/target_5.png
10,2,174,modular,3,o,img/target_9.png
10,2,175,modular,4,v,img/target_5.png
10,2,176,modular,1,p,img/target_10.png
10,2,177,modular,3,o,img/target_9.png
10,2,178,modular,0,r,img/target_4.png
10,2,179,modular,1,p,img/target_10.png
10,2,180,modular,0,r,img/target_4.png
10,2,181,modular,9,b,img/target_6.png
10,2,182,modular,8,q,img/target_1.png
10,2,183,modular,7,i,img/target_8.png
10,2,184,modular,5,w,img/target_2.png
10,2,185,modular,8,q,img/target_1.png
10,2,186,modular,6,u,img/target_7.png
10,2,187,modular,7,i,img/target_8.png
10,2,188,modular,5,w,img/target_2.png
10,2,189,modular,6,u,img/target_7.png
10,2,190,modular,9,b,img/target_6.png
10,2,191,modular,8,q,img/target_1.png
10,2,192,modular,6,u,img/target_7.png
10,2,193,modular,7,i,img/target_8.png
10,2,194,modular,5,w,img/target_2.png
10,2,195,modular,8,q,img/target_1.png
10,2,196,modular,9,b,img/target_6.png
10,2,197,modular,7,i,img/target_8.png
10,2,198,modular,8,q,img/target_1.png
10,2,199,modular,7,i,img/target_8.png
10,2,200,modular,9,b,img/target_6.png
10,2,201,modular,7,i,img/target_8.png
10,2,202,modular,5,w,img/target_2.png
10,2,203,modular,4,v,img/target_5.png
10,2,204,modular,1,p,img/target_10.png
10,2,205,modular,2,e,img/target_3.png
10,2,206,modular,4,v,img/target_5.png
10,2,207,modular,2,e,img/target_3.png
10,2,208,modular,3,o,img/target_9.png
10,2,209,modular,4,v,img/target_5.png
10,2,210,modular,3,o,img/target_9.png
10,2,211,modular,4,v,img/target_5.png
10,2,212,modular,5,w,img/target_2.png
10,2,213,modular,7,i,img/target_8.png
10,2,214,modular,8,q,img/target_1.png
10,2,215,modular,5,w,img/target_2.png
10,2,216,modular,4,v,img/target_5.png
10,2,217,modular,2,e,img/target_3.png
10,2,218,modular,3,o,img/target_9.png
10,2,219,modular,0,r,img/target_4.png
10,2,220,modular,2,e,img/target_3.png
10,2,221,modular,0,r,img/target_4.png
10,2,222,modular,9,b,img/target_6.png
10,2,223,modular,7,i,img/target_8.png
10,2,224,modular,8,q,img/target_1.png
10,2,225,modular,6,u,img/target_7.png
10,2,226,modular,5,w,img/target_2.png
10,2,227,modular,8,q,img/target_1.png
10,2,228,modular,5,w,img/target_2.png
10,2,229,modular,6,u,img/target_7.png
10,2,230,modular,5,w,img/target_2.png
10,2,231,modular,7,i,img/target_8.png
10,2,232,modular,9,b,img/target_6.png
10,2,233,modular,0,r,img/target_4.png
10,2,234,modular,2,e,img/target_3.png
10,2,235,modular,3,o,img/target_9.png
10,2,236,modular,4,v,img/target_5.png
10,2,237,modular,3,o,img/target_9.png
10,2,238,modular,0,r,img/target_4.png
10,2,239,modular,9,b,img/target_6.png
10,2,240,modular,0,r,img/target_4.png
10,2,241,modular,1,p,img/target_10.png
10,2,242,modular,4,v,img/target_5.png
10,2,243,modular,1,p,img/target_10.png
10,2,244,modular,0,r,img/target_4.png
10,2,245,modular,1,p,img/target_10.png
10,2,246,modular,4,v,img/target_5.png
10,2,247,modular,5,w,img/target_2.png
10,2,248,modular,7,i,img/target_8.png
10,2,249,modular,8,q,img/target_1.png
10,2,250,modular,6,u,img/target_7.png
10,2,251,modular,9,b,img/target_6.png
10,2,252,modular,8,q,img/target_1.png
10,2,253,modular,7,i,img/target_8.png
10,2,254,modular,5,w,img/target_2.png
10,2,255,modular,6,u,img/target_7.png
10,2,256,modular,8,q,img/target_1.png
10,2,257,modular,9,b,img/target_6.png
10,2,258,modular,7,i,img/target_8.png
10,2,259,modular,5,w,img/target_2.png
10,2,260,modular,8,q,img/target_1.png
10,2,261,modular,9,b,img/target_6.png
10,2,262,modular,6,u,img/target_7.png
10,2,263,modular,9,b,img/target_6.png
10,2,264,modular,0,r,img/target_4.png
10,2,265,modular,9,b,img/target_6.png
10,2,266,modular,0,r,img/target_4.png
10,2,267,modular,1,p,img/target_10.png
10,2,268,modular,3,o,img/target_9.png
10,2,269,modular,1,p,img/target_10.png
10,2,270,modular,0,r,img/target_4.png
10,2,271,modular,2,e,img/target_3.png
10,2,272,modular,4,v,img/target_5.png
10,2,273,modular,5,w,img/target_2.png
10,2,274,modular,4,v,img/target_5.png
10,2,275,modular,3,o,img/target_9.png
10,2,276,modular,4,v,img/target_5.png
10,2,277,modular,1,p,img/target_10.png
10,2,278,modular,0,r,img/target_4.png
10,2,279,modular,2,e,img/target_3.png
10,2,280,modular,1,p,img/target_10.png
10,2,281,modular,4,v,img/target_5.png
10,2,282,modular,1,p,img/target_10.png
10,2,283,modular,3,o,img/target_9.png
10,2,284,modular,4,v,img/target_5.png
10,2,285,modular,2,e,img/target_3.png
10,2,286,modular,3,o,img/target_9.png
10,2,287,modular,0,r,img/target_4.png
10,2,288,modular,9,b,img/target_6.png
10,2,289,modular,8,q,img/target_1.png
10,2,290,modular,9,b,img/target_6.png
10,2,291,modular,8,q,img/target_1.png
10,2,292,modular,9,b,img/target_6.png
10,2,293,modular,7,i,img/target_8.png
10,2,294,modular,5,w,img/target_2.png
10,2,295,modular,7,i,img/target_8.png
10,2,296,modular,8,q,img/target_1.png
10,2,297,modular,9,b,img/target_6.png
10,2,298,modular,8,q,img/target_1.png
10,2,299,modular,9,b,img/target_6.png
10,2,300,modular,8,q,img/target_1.png
10,2,301,modular,5,w,img/target_2.png
10,2,302,modular,6,u,img/target_7.png
10,2,303,modular,9,b,img/target_6.png
10,2,304,modular,7,i,img/target_8.png
10,2,305,modular,8,q,img/target_1.png
10,2,306,modular,6,u,img/target_7.png
10,2,307,modular,8,q,img/target_1.png
10,2,308,modular,5,w,img/target_2.png
10,2,309,modular,7,i,img/target_8.png
10,2,310,modular,8,q,img/target_1.png
10,2,311,modular,5,w,img/target_2.png
10,2,312,modular,8,q,img/target_1.png
10,2,313,modular,6,u,img/target_7.png
10,2,314,modular,8,q,img/target_1.png
10,2,315,modular,6,u,img/target_7.png
10,2,316,modular,8,q,img/target_1.png
10,2,317,modular,9,b,img/target_6.png
10,2,318,modular,7,i,img/target_8.png
10,2,319,modular,8,q,img/target_1.png
10,2,320,modular,5,w,img/target_2.png
10,2,321,modular,7,i,img/target_8.png
10,2,322,modular,6,u,img/target_7.png
10,2,323,modular,7,i,img/target_8.png
10,2,324,modular,8,q,img/target_1.png
10,2,325,modular,9,b,img/target_6.png
10,2,326,modular,7,i,img/target_8.png
10,2,327,modular,8,q,img/target_1.png
10,2,328,modular,5,w,img/target_2.png
10,2,329,modular,4,v,img/target_5.png
10,2,330,modular,5,w,img/target_2.png
10,2,331,modular,7,i,img/target_8.png
10,2,332,modular,6,u,img/target_7.png
10,2,333,modular,5,w,img/target_2.png
10,2,334,modular,8,q,img/target_1.png
10,2,335,modular,5,w,img/target_2.png
10,2,336,modular,6,u,img/target_7.png
10,2,337,modular,7,i,img/target_8.png
10,2,338,modular,9,b,img/target_6.png
10,2,339,modular,0,r,img/target_4.png
10,2,340,modular,3,o,img/target_9.png
10,2,341,modular,1,p,img/target_10.png
10,2,342,modular,0,r,img/target_4.png
10,2,343,modular,1,p,img/target_10.png
10,2,344,modular,0,r,img/target_4.png
10,2,345,modular,3,o,img/target_9.png
10,2,346,modular,2,e,img/target_3.png
10,2,347,modular,1,p,img/target_10.png
10,2,348,modular,2,e,img/target_3.png
10,2,349,modular,1,p,img/target_10.png
10,2,350,modular,2,e,img/target_3.png
10,2,351,modular,0,r,img/target_4.png
10,2,352,modular,1,p,img/target_10.png
10,2,353,modular,4,v,img/target_5.png
10,2,354,modular,5,w,img/target_2.png
10,2,355,modular,7,i,img/target_8.png
10,2,356,modular,8,q,img/target_1.png
10,2,357,modular,5,w,img/target_2.png
10,2,358,modular,6,u,img/target_7.png
10,2,359,modular,7,i,img/target_8.png
10,2,360,modular,6,u,img/target_7.png
10,2,361,modular,5,w,img/target_2.png
10,2,362,modular,4,v,img/target_5.png
10,2,363,modular,2,e,img/target_3.png
10,2,364,modular,1,p,img/target_10.png
10,2,365,modular,3,o,img/target_9.png
10,2,366,modular,4,v,img/target_5.png
10,2,367,modular,3,o,img/target_9.png
10,2,368,modular,2,e,img/target_3.png
10,2,369,modular,4,v,img/target_5.png
10,2,370,modular,2,e,img/target_3.png
10,2,371,modular,3,o,img/target_9.png
10,2,372,modular,4,v,img/target_5.png
10,2,373,modular,3,o,img/target_9.png
10,2,374,modular,4,v,img/target_5.png
10,2,375,modular,5,w,img/target_2.png
10,2,376,modular,8,q,img/target_1.png
10,2,377,modular,7,i,img/target_8.png
10,2,378,modular,5,w,img/target_2.png
10,2,379,modular,7,i,img/target_8.png
10,2,380,modular,8,q,img/target_1.png
10,2,381,modular,7,i,img/target_8.png
10,2,382,modular,8,q,img/target_1.png
10,2,383,modular,7,i,img/target_8.png
10,2,384,modular,9,b,img/target_6.png
10,2,385,modular,7,i,img/target_8.png
10,2,386,modular,6,u,img/target_7.png
10,2,387,modular,8,q,img/target_1.png
10,2,388,modular,6,u,img/target_7.png
10,2,389,modular,8,q,img/target_1.png
10,2,390,modular,7,i,img/target_8.png
10,2,391,modular,6,u,img/target_7.png
10,2,392,modular,5,w,img/target_2.png
10,2,393,modular,8,q,img/target_1.png
10,2,394,modular,7,i,img/target_8.png
10,2,395,modular,6,u,img/target_7.png
10,2,396,modular,9,b,img/target_6.png
10,2,397,modular,7,i,img/target_8.png
10,2,398,modular,9,b,img/target_6.png
10,2,399,modular,7,i,img/target_8.png
10,2,400,modular,6,u,img/target_7.png
10,2,401,modular,8,q,img/target_1.png
10,2,402,modular,7,i,img/target_8.png
10,2,403,modular,9,b,img/target_6.png
10,2,404,modular,0,r,img/target_4.png
10,2,405,modular,3,o,img/target_9.png
10,2,406,modular,2,e,img/target_3.png
10,2,407,modular,0,r,img/target_4.png
10,2,408,modular,2,e,img/target_3.png
10,2,409,modular,3,o,img/target_9.png
10,2,410,modular,2,e,img/target_3.png
10,2,411,modular,0,r,img/target_4.png
10,2,412,modular,2,e,img/target_3.png
10,2,413,modular,1,p,img/target_10.png
10,2,414,modular,3,o,img/target_9.png
10,2,415,modular,1,p,img/target_10.png
10,2,416,modular,4,v,img/target_5.png
10,2,417,modular,1,p,img/target_10.png
10,2,418,modular,2,e,img/target_3.png
10,2,419,modular,1,p,img/target_10.png
10,2,420,modular,4,v,img/target_5.png
10,2,421,modular,5,w,img/target_2.png
10,2,422,modular,8,q,img/target_1.png
10,2,423,modular,6,u,img/target_7.png
10,2,424,modular,9,b,img/target_6.png
10,2,425,modular,8,q,img/target_1.png
10,2,426,modular,9,b,img/target_6.png
10,2,427,modular,7,i,img/target_8.png
10,2,428,modular,5,w,img/target_2.png
10,2,429,modular,6,u,img/target_7.png
10,2,430,modular,8,q,img/target_1.png
10,2,431,modular,9,b,img/target_6.png
10,2,432,modular,8,q,img/target_1.png
10,2,433,modular,7,i,img/target_8.png
10,2,434,modular,5,w,img/target_2.png
10,2,435,modular,6,u,img/target_7.png
10,2,436,modular,7,i,img/target_8.png
10,2,437,modular,5,w,img/target_2.png
10,2,438,modular,7,i,img/target_8.png
10,2,439,modular,8,q,img/target_1.png
10,2,440,modular,6,u,img/target_7.png
10,2,441,modular,5,w,img/target_2.png
10,2,442,modular,8,q,img/target_1.png
10,2,443,modular,5,w,img/target_2.png
10,2,444,modular,8,q,img/target_1.png
10,2,445,modular,7,i,img/target_8.png
10,2,446,modular,8,q,img/target_1.png
10,2,447,modular,5,w,img/target_2.png
10,2,448,modular,8,q,img/target_1.png
10,2,449,modular,9,b,img/target_6.png
10,2,450,modular,0,r,img/target_4.png
10,2,451,modular,3,o,img/target_9.png
10,2,452,modular,0,r,img/target_4.png
10,2,453,modular,2,e,img/target_3.png
10,2,454,modular,0,r,img/target_4.png
10,2,455,modular,3,o,img/target_9.png
10,2,456,modular,4,v,img/target_5.png
10,2,457,modular,2,e,img/target_3.png
10,2,458,modular,0,r,img/target_4.png
10,2,459,modular,1,p,img/target_10.png
10,2,460,modular,2,e,img/target_3.png
10,2,461,modular,3,o,img/target_9.png
10,2,462,modular,1,p,img/target_10.png
10,2,463,modular,0,r,img/target_4.png
10,2,464,modular,3,o,img/target_9.png
10,2,465,modular,1,p,img/target_10.png
10,2,466,modular,4,v,img/target_5.png
10,2,467,modular,3,o,img/target_9.png
10,2,468,modular,4,v,img/target_5.png
10,2,469,modular,5,w,img/target_2.png
10,2,470,modular,7,i,img/target_8.png
10,2,471,modular,5,w,img/target_2.png
10,2,472,modular,6,u,img/target_7.png
10,2,473,modular,7,i,img/target_8.png
10,2,474,modular,5,w,img/target_2.png
10,2,475,modular,7,i,img/target_8.png
10,2,476,modular,9,b,img/target_6.png
10,2,477,modular,8,q,img/target_1.png
10,2,478,modular,7,i,img/target_8.png
10,2,479,modular,5,w,img/target_2.png
10,2,480,modular,7,i,img/target_8.png
10,2,481,modular,9,b,img/target_6.png
10,2,482,modular,8,q,img/target_1.png
10,2,483,modular,9,b,img/target_6.png
10,2,484,modular,8,q,img/target_1.png
10,2,485,modular,7,i,img/target_8.png
10,2,486,modular,5,w,img/target_2.png
10,2,487,modular,7,i,img/target_8.png
10,2,488,modular,5,w,img/target_2.png
10,2,489,modular,8,q,img/target_1.png
10,2,490,modular,6,u,img/target_7.png
10,2,491,modular,9,b,img/target_6.png
10,2,492,modular,8,q,img/target_1.png
10,2,493,modular,6,u,img/target_7.png
10,2,494,modular,7,i,img/target_8.png
10,2,495,modular,6,u,img/target_7.png
10,2,496,modular,9,b,img/target_6.png
10,2,497,modular,6,u,img/target_7.png
10,2,498,modular,7,i,img/target_8.png
10,2,499,modular,5,w,img/target_2.png
10,2,500,modular,7,i,img/target_8.png
10,2,501,modular,5,w,img/target_2.png
10,2,502,modular,8,q,img/target_1.png
10,2,503,modular,6,u,img/target_7.png
10,2,504,modular,9,b,img/target_6.png
10,2,505,modular,7,i,img/target_8.png
10,2,506,modular,9,b,img/target_6.png
10,2,507,modular,7,i,img/target_8.png
10,2,508,modular,5,w,img/target_2.png
10,2,509,modular,6,u,img/target_7.png
10,2,510,modular,8,q,img/target_1.png
10,2,511,modular,6,u,img/target_7.png
10,2,512,modular,5,w,img/target_2.png
10,2,513,modular,8,q,img/target_1.png
10,2,514,modular,5,w,img/target_2.png
10,2,515,modular,4,v,img/target_5.png
10,2,516,modular,3,o,img/target_9.png
10,2,517,modular,4,v,img/target_5.png
10,2,518,modular,2,e,img/target_3.png
10,2,519,modular,4,v,img/target_5.png
10,2,520,modular,5,w,img/target_2.png
10,2,521,modular,6,u,img/target_7.png
10,2,522,modular,9,b,img/target_6.png
10,2,523,modular,0,r,img/target_4.png
10,2,524,modular,2,e,img/target_3.png
10,2,525,modular,0,r,img/target_4.png
10,2,526,modular,3,o,img/target_9.png
10,2,527,modular,4,v,img/target_5.png
10,2,528,modular,3,o,img/target_9.png
10,2,529,modular,2,e,img/target_3.png
10,2,530,modular,3,o,img/target_9.png
10,2,531,modular,2,e,img/target_3.png
10,2,532,modular,4,v,img/target_5.png
10,2,533,modular,1,p,img/target_10.png
10,2,534,modular,2,e,img/target_3.png
10,2,535,modular,1,p,img/target_10.png
10,2,536,modular,4,v,img/target_5.png
10,2,537,modular,5,w,img/target_2.png
10,2,538,modular,7,i,img/target_8.png
10,2,539,modular,5,w,img/target_2.png
10,2,540,modular,6,u,img/target_7.png
10,2,541,modular,5,w,img/target_2.png
10,2,542,modular,7,i,img/target_8.png
10,2,543,modular,6,u,img/target_7.png
10,2,544,modular,9,b,img/target_6.png
10,2,545,modular,6,u,img/target_7.png
10,2,546,modular,5,w,img/target_2.png
10,2,547,modular,6,u,img/target_7.png
10,2,548,modular,9,b,img/target_6.png
10,2,549,modular,6,u,img/target_7.png
10,2,550,modular,5,w,img/target_2.png
10,2,551,modular,4,v,img/target_5.png
10,2,552,modular,3,o,img/target_9.png
10,2,553,modular,1,p,img/target_10.png
10,2,554,modular,2,e,img/target_3.png
10,2,555,modular,0,r,img/target_4.png
10,2,556,modular,1,p,img/target_10.png
10,2,557,modular,2,e,img/target_3.png
10,2,558,modular,3,o,img/target_9.png
10,2,559,modular,2,e,img/target_3.png
10,2,560,modular,1,p,img/target_10.png
10,2,561,modular,2,e,img/target_3.png
10,2,562,modular,3,o,img/target_9.png
10,2,563,modular,0,r,img/target_4.png
10,2,564,modular,9,b,img/target_6.png
10,2,565,modular,6,u,img/target_7.png
10,2,566,modular,7,i,img/target_8.png
10,2,567,modular,8,q,img/target_1.png
10,2,568,modular,9,b,img/target_6.png
10,2,569,modular,7,i,img/target_8.png
10,2,570,modular,8,q,img/target_1.png
10,2,571,modular,6,u,img/target_7.png
10,2,572,modular,8,q,img/target_1.png
10,2,573,modular,5,w,img/target_2.png
10,2,574,modular,6,u,img/target_7.png
10,2,575,modular,7,i,img/target_8.png
10,2,576,modular,8,q,img/target_1.png
10,2,577,modular,9,b,img/target_6.png
10,2,578,modular,7,i,img/target_8.png
10,2,579,modular,8,q,img/target_1.png
10,2,580,modular,7,i,img/target_8.png
10,2,581,modular,8,q,img/target_1.png
10,2,582,modular,7,i,img/target_8.png
10,2,583,modular,5,w,img/target_2.png
10,2,584,modular,7,i,img/target_8.png
10,2,585,modular,6,u,img/target_7.png
10,2,586,modular,9,b,img/target_6.png
10,2,587,modular,8,q,img/target_1.png
10,2,588,modular,5,w,img/target_2.png
10,2,589,modular,6,u,img/target_7.png
10,2,590,modular,5,w,img/target_2.png
10,2,591,modular,4,v,img/target_5.png
10,2,592,modular,5,w,img/target_2.png
10,2,593,modular,8,q,img/target_1.png
10,2,594,modular,9,b,img/target_6.png
10,2,595,modular,0,r,img/target_4.png
10,2,596,modular,3,o,img/target_9.png
10,2,597,modular,2,e,img/target_3.png
10,2,598,modular,1,p,img/target_10.png
10,2,599,modular,3,o,img/target_9.png
10,2,600,modular,1,p,img/target_10.png
10,2,601,modular,3,o,img/target_9.png
10,2,602,modular,0,r,img/target_4.png
10,2,603,modular,1,p,img/target_10.png
10,2,604,modular,4,v,img/target_5.png
10,2,605,modular,1,p,img/target_10.png
10,2,606,modular,4,v,img/target_5.png
10,2,607,modular,2,e,img/target_3.png
10,2,608,modular,4,v,img/target_5.png
10,2,609,modular,5,w,img/target_2.png
10,2,610,modular,8,q,img/target_1.png
10,2,611,modular,6,u,img/target_7.png
10,2,612,modular,8,q,img/target_1.png
10,2,613,modular,6,u,img/target_7.png
10,2,614,modular,5,w,img/target_2.png
10,2,615,modular,6,u,img/target_7.png
10,2,616,modular,9,b,img/target_6.png
10,2,617,modular,0,r,img/target_4.png
10,2,618,modular,2,e,img/target_3.png
10,2,619,modular,3,o,img/target_9.png
10,2,620,modular,1,p,img/target_10.png
10,2,621,modular,4,v,img/target_5.png
10,2,622,modular,2,e,img/target_3.png
10,2,623,modular,4,v,img/target_5.png
10,2,624,modular,3,o,img/target_9.png
10,2,625,modular,4,v,img/target_5.png
10,2,626,modular,2,e,img/target_3.png
10,2,627,modular,1,p,img/target_10.png
10,2,628,modular,0,r,img/target_4.png
10,2,629,modular,1,p,img/target_10.png
10,2,630,modular,3,o,img/target_9.png
10,2,631,modular,4,v,img/target_5.png
10,2,632,modular,3,o,img/target_9.png
10,2,633,modular,1,p,img/target_10.png
10,2,634,modular,2,e,img/target_3.png
10,2,635,modular,1,p,img/target_10.png
10,2,636,modular,2,e,img/target_3.png
10,2,637,modular,4,v,img/target_5.png
10,2,638,modular,3,o,img/target_9.png
10,2,639,modular,4,v,img/target_5.png
10,2,640,modular,1,p,img/target_10.png
10,2,641,modular,0,r,img/target_4.png
10,2,642,modular,2,e,img/target_3.png
10,2,643,modular,4,v,img/target_5.png
10,2,644,modular,3,o,img/target_9.png
10,2,645,modular,1,p,img/target_10.png
10,2,646,modular,3,o,img/target_9.png
10,2,647,modular,0,r,img/target_4.png
10,2,648,modular,2,e,img/target_3.png
10,2,649,modular,1,p,img/target_10.png
10,2,650,modular,3,o,img/target_9.png
10,2,651,modular,4,v,img/target_5.png
10,2,652,modular,1,p,img/target_10.png
10,2,653,modular,4,v,img/target_5.png
10,2,654,modular,1,p,img/target_10.png
10,2,655,modular,4,v,img/target_5.png
10,2,656,modular,1,p,img/target_10.png
10,2,657,modular,2,e,img/target_3.png
10,2,658,modular,1,p,img/target_10.png
10,2,659,modular,0,r,img/target_4.png
10,2,660,modular,2,e,img/target_3.png
10,2,661,modular,3,o,img/target_9.png
10,2,662,modular,1,p,img/target_10.png
10,2,663,modular,0,r,img/target_4.png
10,2,664,modular,3,o,img/target_9.png
10,2,665,modular,4,v,img/target_5.png
10,2,666,modular,2,e,img/target_3.png
10,2,667,modular,4,v,img/target_5.png
10,2,668,modular,2,e,img/target_3.png
10,2,669,modular,1,p,img/target_10.png
10,2,670,modular,4,v,img/target_5.png
10,2,671,modular,5,w,img/target_2.png
10,2,672,modular,4,v,img/target_5.png
10,2,673,modular,1,p,img/target_10.png
10,2,674,modular,0,r,img/target_4.png
10,2,675,modular,1,p,img/target_10.png
10,2,676,modular,0,r,img/target_4.png
10,2,677,modular,1,p,img/target_10.png
10,2,678,modular,3,o,img/target_9.png
10,2,679,modular,2,e,img/target_3.png
10,2,680,modular,0,r,img/target_4.png
10,2,681,modular,2,e,img/target_3.png
10,2,682,modular,0,r,img/target_4.png
10,2,683,modular,3,o,img/target_9.png
10,2,684,modular,0,r,img/target_4.png
10,2,685,modular,1,p,img/target_10.png
10,2,686,modular,2,e,img/target_3.png
10,2,687,modular,0,r,img/target_4.png
10,2,688,modular,1,p,img/target_10.png
10,2,689,modular,3,o,img/target_9.png
10,2,690,modular,2,e,img/target_3.png
10,2,691,modular,4,v,img/target_5.png
10,2,692,modular,5,w,img/target_2.png
10,2,693,modular,7,i,img/target_8.png
10,2,694,modular,6,u,img/target_7.png
10,2,695,modular,8,q,img/target_1.png
10,2,696,modular,9,b,img/target_6.png
10,2,697,modular,0,r,img/target_4.png
10,2,698,modular,1,p,img/target_10.png
10,2,699,modular,3,o,img/target_9.png
10,2,700,modular,1,p,img/target_10.png
10,2,701,modular,2,e,img/target_3.png
10,2,702,modular,3,o,img/target_9.png
10,2,703,modular,0,r,img/target_4.png
10,2,704,modular,3,o,img/target_9.png
10,2,705,modular,4,v,img/target_5.png
10,2,706,modular,3,o,img/target_9.png
10,2,707,modular,4,v,img/target_5.png
10,2,708,modular,5,w,img/target_2.png
10,2,709,modular,4,v,img/target_5.png
10,2,710,modular,5,w,img/target_2.png
10,2,711,modular,4,v,img/target_5.png
10,2,712,modular,5,w,img/target_2.png
10,2,713,modular,7,i,img/target_8.png
10,2,714,modular,6,u,img/target_7.png
10,2,715,modular,8,q,img/target_1.png
10,2,716,modular,7,i,img/target_8.png
10,2,717,modular,9,b,img/target_6.png
10,2,718,modular,0,r,img/target_4.png
10,2,719,modular,3,o,img/target_9.png
10,2,720,modular,4,v,img/target_5.png
10,2,721,modular,1,p,img/target_10.png
10,2,722,modular,3,o,img/target_9.png
10,2,723,modular,4,v,img/target_5.png
10,2,724,modular,5,w,img/target_2.png
10,2,725,modular,8,q,img/target_1.png
10,2,726,modular,5,w,img/target_2.png
10,2,727,modular,7,i,img/target_8.png
10,2,728,modular,6,u,img/target_7.png
10,2,729,modular,8,q,img/target_1.png
10,2,730,modular,6,u,img/target_7.png
10,2,731,modular,8,q,img/target_1.png
10,2,732,modular,7,i,img/target_8.png
10,2,733,modular,5,w,img/target_2.png
10,2,734,modular,7,i,img/target_8.png
10,2,735,modular,9,b,img/target_6.png
10,2,736,modular,6,u,img/target_7.png
10,2,737,modular,9,b,img/target_6.png
10,2,738,modular,7,i,img/target_8.png
10,2,739,modular,8,q,img/target_1.png
10,2,740,modular,7,i,img/target_8.png
10,2,741,modular,5,w,img/target_2.png
10,2,742,modular,7,i,img/target_8.png
10,2,743,modular,6,u,img/target_7.png
10,2,744,modular,5,w,img/target_2.png
10,2,745,modular,6,u,img/target_7.png
10,2,746,modular,5,w,img/target_2.png
10,2,747,modular,4,v,img/target_5.png
10,2,748,modular,1,p,img/target_10.png
10,2,749,modular,2,e,img/target_3.png
10,2,750,modular,3,o,img/target_9.png
10,2,751,modular,2,e,img/target_3.png
10,2,752,modular,0,r,img/target_4.png
10,2,753,modular,9,b,img/target_6.png
10,2,754,modular,6,u,img/target_7.png
10,2,755,modular,8,q,img/target_1.png
10,2,756,modular,6,u,img/target_7.png
10,2,757,modular,8,q,img/target_1.png
10,2,758,modular,9,b,img/target_6.png
10,2,759,modular,6,u,img/target_7.png
10,2,760,modular,8,q,img/target_1.png
10,2,761,modular,6,u,img/target_7.png
10,2,762,modular,5,w,img/target_2.png
10,2,763,modular,6,u,img/target_7.png
10,2,764,modular,5,w,img/target_2.png
10,2,765,modular,7,i,img/target_8.png
10,2,766,modular,5,w,img/target_2.png
10,2,767,modular,8,q,img/target_1.png
10,2,768,modular,7,i,img/target_8.png
10,2,769,modular,9,b,img/target_6.png
10,2,770,modular,8,q,img/target_1.png
10,2,771,modular,5,w,img/target_2.png
10,2,772,modular,6,u,img/target_7.png
10,2,773,modular,9,b,img/target_6.png
10,2,774,modular,7,i,img/target_8.png
10,2,775,modular,6,u,img/target_7.png
10,2,776,modular,8,q,img/target_1.png
10,2,777,modular,5,w,img/target_2.png
10,2,778,modular,8,q,img/target_1.png
10,2,779,modular,7,i,img/target_8.png
10,2,780,modular,5,w,img/target_2.png
10,2,781,modular,6,u,img/target_7.png
10,2,782,modular,8,q,img/target_1.png
10,2,783,modular,7,i,img/target_8.png
10,2,784,modular,9,b,img/target_6.png
10,2,785,modular,0,r,img/target_4.png
10,2,786,modular,1,p,img/target_10.png
10,2,787,modular,3,o,img/target_9.png
10,2,788,modular,0,r,img/target_4.png
10,2,789,modular,2,e,img/target_3.png
10,2,790,modular,0,r,img/target_4.png
10,2,791,modular,3,o,img/target_9.png
10,2,792,modular,2,e,img/target_3.png
10,2,793,modular,4,v,img/target_5.png
10,2,794,modular,1,p,img/target_10.png
10,2,795,modular,2,e,img/target_3.png
10,2,796,modular,1,p,img/target_10.png
10,2,797,modular,4,v,img/target_5.png
10,2,798,modular,2,e,img/target_3.png
10,2,799,modular,0,r,img/target_4.png
10,2,800,modular,9,b,img/target_6.png
10,2,801,modular,8,q,img/target_1.png
10,2,802,modular,9,b,img/target_6.png
10,2,803,modular,6,u,img/target_7.png
10,2,804,modular,8,q,img/target_1.png
10,2,805,modular,9,b,img/target_6.png
10,2,806,modular,7,i,img/target_8.png
10,2,807,modular,5,w,img/target_2.png
10,2,808,modular,7,i,img/target_8.png
10,2,809,modular,5,w,img/target_2.png
10,2,810,modular,6,u,img/target_7.png
10,2,811,modular,8,q,img/target_1.png
10,2,812,modular,9,b,img/target_6.png
10,2,813,modular,0,r,img/target_4.png
10,2,814,modular,2,e,img/target_3.png
10,2,815,modular,0,r,img/target_4.png
10,2,816,modular,1,p,img/target_10.png
10,2,817,modular,0,r,img/target_4.png
10,2,818,modular,3,o,img/target_9.png
10,2,819,modular,4,v,img/target_5.png
10,2,820,modular,5,w,img/target_2.png
10,2,821,modular,6,u,img/target_7.png
10,2,822,modular,5,w,img/target_2.png
10,2,823,modular,6,u,img/target_7.png
10,2,824,modular,7,i,img/target_8.png
10,2,825,modular,6,u,img/target_7.png
10,2,826,modular,8,q,img/target_1.png
10,2,827,modular,6,u,img/target_7.png
10,2,828,modular,5,w,img/target_2.png
10,2,829,modular,8,q,img/target_1.png
10,2,830,modular,6,u,img/target_7.png
10,2,831,modular,5,w,img/target_2.png
10,2,832,modular,7,i,img/target_8.png
10,2,833,modular,8,q,img/target_1.png
10,2,834,modular,9,b,img/target_6.png
10,2,835,modular,7,i,img/target_8.png
10,2,836,modular,5,w,img/target_2.png
10,2,837,modular,7,i,img/target_8.png
10,2,838,modular,9,b,img/target_6.png
10,2,839,modular,8,q,img/target_1.png
10,2,840,modular,6,u,img/target_7.png
10,2,841,modular,7,i,img/target_8.png
10,2,842,modular,5,w,img/target_2.png
10,2,843,modular,4,v,img/target_5.png
10,2,844,modular,2,e,img/target_3.png
10,2,845,modular,4,v,img/target_5.png
10,2,846,modular,2,e,img/target_3.png
10,2,847,modular,4,v,img/target_5.png
10,2,848,modular,3,o,img/target_9.png
10,2,849,modular,2,e,img/target_3.png
10,2,850,modular,0,r,img/target_4.png
10,2,851,modular,2,e,img/target_3.png
10,2,852,modular,0,r,img/target_4.png
10,2,853,modular,2,e,img/target_3.png
10,2,854,modular,1,p,img/target_10.png
10,2,855,modular,0,r,img/target_4.png
10,2,856,modular,2,e,img/target_3.png
10,2,857,modular,1,p,img/target_10.png
10,2,858,modular,3,o,img/target_9.png
10,2,859,modular,2,e,img/target_3.png
10,2,860,modular,3,o,img/target_9.png
10,2,861,modular,0,r,img/target_4.png
10,2,862,modular,1,p,img/target_10.png
10,2,863,modular,3,o,img/target_9.png
10,2,864,modular,4,v,img/target_5.png
10,2,865,modular,2,e,img/target_3.png
10,2,866,modular,4,v,img/target_5.png
10,2,867,modular,5,w,img/target_2.png
10,2,868,modular,6,u,img/target_7.png
10,2,869,modular,7,i,img/target_8.png
10,2,870,modular,5,w,img/target_2.png
10,2,871,modular,6,u,img/target_7.png
10,2,872,modular,8,q,img/target_1.png
10,2,873,modular,6,u,img/target_7.png
10,2,874,modular,7,i,img/target_8.png
10,2,875,modular,6,u,img/target_7.png
10,2,876,modular,5,w,img/target_2.png
10,2,877,modular,4,v,img/target_5.png
10,2,878,modular,1,p,img/target_10.png
10,2,879,modular,2,e,img/target_3.png
10,2,880,modular,3,o,img/target_9.png
10,2,881,modular,0,r,img/target_4.png
10,2,882,modular,2,e,img/target_3.png
10,2,883,modular,3,o,img/target_9.png
10,2,884,modular,1,p,img/target_10.png
10,2,885,modular,4,v,img/target_5.png
10,2,886,modular,2,e,img/target_3.png
10,2,887,modular,4,v,img/target_5.png
10,2,888,modular,1,p,img/target_10.png
10,2,889,modular,2,e,img/target_3.png
10,2,890,modular,0,r,img/target_4.png
10,2,891,modular,1,p,img/target_10.png
10,2,892,modular,3,o,img/target_9.png
10,2,893,modular,2,e,img/target_3.png
10,2,894,modular,1,p,img/target_10.png
10,2,895,modular,0,r,img/target_4.png
10,2,896,modular,9,b,img/target_6.png
10,2,897,modular,0,r,img/target_4.png
10,2,898,modular,9,b,img/target_6.png
10,2,899,modular,8,q,img/target_1.png
10,2,900,modular,5,w,img/target_2.png
10,2,901,modular,7,i,img/target_8.png
10,2,902,modular,9,b,img/target_6.png
10,2,903,modular,0,r,img/target_4.png
10,2,904,modular,9,b,img/target_6.png
10,2,905,modular,0,r,img/target_4.png
10,2,906,modular,2,e,img/target_3.png
10,2,907,modular,0,r,img/target_4.png
10,2,908,modular,9,b,img/target_6.png
10,2,909,modular,7,i,img/target_8.png
10,2,910,modular,8,q,img/target_1.png
10,2,911,modular,9,b,img/target_6.png
10,2,912,modular,7,i,img/target_8.png
10,2,913,modular,6,u,img/target_7.png
10,2,914,modular,8,q,img/target_1.png
10,2,915,modular,6,u,img/target_7.png
10,2,916,modular,9,b,img/target_6.png
10,2,917,modular,6,u,img/target_7.png
10,2,918,modular,7,i,img/target_8.png
10,2,919,modular,5,w,img/target_2.png
10,2,920,modular,4,v,img/target_5.png
10,2,921,modular,5,w,img/target_2.png
10,2,922,modular,7,i,img/target_8.png
10,2,923,modular,8,q,img/target_1.png
10,2,924,modular,9,b,img/target_6.png
10,2,925,modular,8,q,img/target_1.png
10,2,926,modular,5,w,img/target_2.png
10,2,927,modular,6,u,img/target_7.png
10,2,928,modular,5,w,img/target_2.png
10,2,929,modular,7,i,img/target_8.png
10,2,930,modular,9,b,img/target_6.png
10,2,931,modular,8,q,img/target_1.png
10,2,932,modular,6,u,img/target_7.png
10,2,933,modular,9,b,img/target_6.png
10,2,934,modular,6,u,img/target_7.png
10,2,935,modular,9,b,img/target_6.png
10,2,936,modular,8,q,img/target_1.png
10,2,937,modular,9,b,img/target_6.png
10,2,938,modular,6,u,img/target_7.png
10,2,939,modular,7,i,img/target_8.png
10,2,940,modular,9,b,img/target_6.png
10,2,941,modular,8,q,img/target_1.png
10,2,942,modular,7,i,img/target_8.png
10,2,943,modular,9,b,img/target_6.png
10,2,944,modular,8,q,img/target_1.png
10,2,945,modular,5,w,img/target_2.png
10,2,946,modular,8,q,img/target_1.png
10,2,947,modular,7,i,img/target_8.png
10,2,948,modular,9,b,img/target_6.png
10,2,949,modular,8,q,img/target_1.png
10,2,950,modular,9,b,img/target_6.png
10,2,951,modular,6,u,img/target_7.png
10,2,952,modular,8,q,img/target_1.png
10,2,953,modular,6,u,img/target_7.png
10,2,954,modular,7,i,img/target_8.png
10,2,955,modular,9,b,img/target_6.png
10,2,956,modular,7,i,img/target_8.png
10,2,957,modular,9,b,img/target_6.png
10,2,958,modular,0,r,img/target_4.png
10,2,959,modular,9,b,img/target_6.png
10,2,960,modular,8,q,img/target_1.png
10,2,961,modular,9,b,img/target_6.png
10,2,962,modular,6,u,img/target_7.png
10,2,963,modular,5,w,img/target_2.png
10,2,964,modular,7,i,img/target_8.png
10,2,965,modular,8,q,img/target_1.png
10,2,966,modular,5,w,img/target_2.png
10,2,967,modular,7,i,img/target_8.png
10,2,968,modular,8,q,img/target_1.png
10,2,969,modular,5,w,img/target_2.png
10,2,970,modular,8,q,img/target_1.png
10,2,971,modular,7,i,img/target_8.png
10,2,972,modular,9,b,img/target_6.png
10,2,973,modular,7,i,img/target_8.png
10,2,974,modular,9,b,img/target_6.png
10,2,975,modular,7,i,img/target_8.png
10,2,976,modular,5,w,img/target_2.png
10,2,977,modular,8,q,img/target_1.png
10,2,978,modular,7,i,img/target_8.png
10,2,979,modular,5,w,img/target_2.png
10,2,980,modular,4,v,img/target_5.png
10,2,981,modular,3,o,img/target_9.png
10,2,982,modular,4,v,img/target_5.png
10,2,983,modular,1,p,img/target_10.png
10,2,984,modular,0,r,img/target_4.png
10,2,985,modular,3,o,img/target_9.png
10,2,986,modular,0,r,img/target_4.png
10,2,987,modular,1,p,img/target_10.png
10,2,988,modular,2,e,img/target_3.png
10,2,989,modular,1,p,img/target_10.png
10,2,990,modular,0,r,img/target_4.png
10,2,991,modular,9,b,img/target_6.png
10,2,992,modular,6,u,img/target_7.png
10,2,993,modular,8,q,img/target_1.png
10,2,994,modular,7,i,img/target_8.png
10,2,995,modular,5,w,img/target_2.png
10,2,996,modular,4,v,img/target_5.png
10,2,997,modular,3,o,img/target_9.png
10,2,998,modular,1,p,img/target_10.png
10,2,999,modular,2,e,img/target_3.png
10,2,1000,modular,1,p,img/target_10.png
