pID,sess,trialNum,graph,walk,resp,path
36,3,1,modular,7,r,img/target_4.png
36,3,2,modular,9,b,img/target_6.png
36,3,3,modular,6,p,img/target_10.png
36,3,4,modular,7,r,img/target_4.png
36,3,5,modular,6,p,img/target_10.png
36,3,6,modular,8,w,img/target_2.png
36,3,7,modular,9,b,img/target_6.png
36,3,8,modular,7,r,img/target_4.png
36,3,9,modular,5,o,img/target_9.png
36,3,10,modular,4,q,img/target_1.png
36,3,11,modular,3,u,img/target_7.png
36,3,12,modular,4,q,img/target_1.png
36,3,13,modular,3,u,img/target_7.png
36,3,14,modular,1,i,img/target_8.png
36,3,15,modular,4,q,img/target_1.png
36,3,16,modular,5,o,img/target_9.png
36,3,17,modular,7,r,img/target_4.png
36,3,18,modular,8,w,img/target_2.png
36,3,19,modular,9,b,img/target_6.png
36,3,20,modular,6,p,img/target_10.png
36,3,21,modular,8,w,img/target_2.png
36,3,22,modular,6,p,img/target_10.png
36,3,23,modular,5,o,img/target_9.png
36,3,24,modular,6,p,img/target_10.png
36,3,25,modular,7,r,img/target_4.png
36,3,26,modular,5,o,img/target_9.png
36,3,27,modular,8,w,img/target_2.png
36,3,28,modular,5,o,img/target_9.png
36,3,29,modular,6,p,img/target_10.png
36,3,30,modular,9,b,img/target_6.png
36,3,31,modular,7,r,img/target_4.png
36,3,32,modular,8,w,img/target_2.png
36,3,33,modular,5,o,img/target_9.png
36,3,34,modular,7,r,img/target_4.png
36,3,35,modular,5,o,img/target_9.png
36,3,36,modular,6,p,img/target_10.png
36,3,37,modular,8,w,img/target_2.png
36,3,38,modular,5,o,img/target_9.png
36,3,39,modular,8,w,img/target_2.png
36,3,40,modular,5,o,img/target_9.png
36,3,41,modular,7,r,img/target_4.png
36,3,42,modular,8,w,img/target_2.png
36,3,43,modular,6,p,img/target_10.png
36,3,44,modular,8,w,img/target_2.png
36,3,45,modular,5,o,img/target_9.png
36,3,46,modular,4,q,img/target_1.png
36,3,47,modular,1,i,img/target_8.png
36,3,48,modular,0,v,img/target_5.png
36,3,49,modular,2,e,img/target_3.png
36,3,50,modular,1,i,img/target_8.png
36,3,51,modular,2,e,img/target_3.png
36,3,52,modular,0,v,img/target_5.png
36,3,53,modular,9,b,img/target_6.png
36,3,54,modular,0,v,img/target_5.png
36,3,55,modular,2,e,img/target_3.png
36,3,56,modular,3,u,img/target_7.png
36,3,57,modular,1,i,img/target_8.png
36,3,58,modular,2,e,img/target_3.png
36,3,59,modular,0,v,img/target_5.png
36,3,60,modular,3,u,img/target_7.png
36,3,61,modular,2,e,img/target_3.png
36,3,62,modular,3,u,img/target_7.png
36,3,63,modular,4,q,img/target_1.png
36,3,64,modular,3,u,img/target_7.png
36,3,65,modular,4,q,img/target_1.png
36,3,66,modular,5,o,img/target_9.png
36,3,67,modular,8,w,img/target_2.png
36,3,68,modular,6,p,img/target_10.png
36,3,69,modular,8,w,img/target_2.png
36,3,70,modular,9,b,img/target_6.png
36,3,71,modular,0,v,img/target_5.png
36,3,72,modular,9,b,img/target_6.png
36,3,73,modular,8,w,img/target_2.png
36,3,74,modular,7,r,img/target_4.png
36,3,75,modular,6,p,img/target_10.png
36,3,76,modular,7,r,img/target_4.png
36,3,77,modular,5,o,img/target_9.png
36,3,78,modular,6,p,img/target_10.png
36,3,79,modular,5,o,img/target_9.png
36,3,80,modular,8,w,img/target_2.png
36,3,81,modular,7,r,img/target_4.png
36,3,82,modular,5,o,img/target_9.png
36,3,83,modular,4,q,img/target_1.png
36,3,84,modular,1,i,img/target_8.png
36,3,85,modular,2,e,img/target_3.png
36,3,86,modular,3,u,img/target_7.png
36,3,87,modular,2,e,img/target_3.png
36,3,88,modular,0,v,img/target_5.png
36,3,89,modular,2,e,img/target_3.png
36,3,90,modular,4,q,img/target_1.png
36,3,91,modular,2,e,img/target_3.png
36,3,92,modular,0,v,img/target_5.png
36,3,93,modular,9,b,img/target_6.png
36,3,94,modular,7,r,img/target_4.png
36,3,95,modular,9,b,img/target_6.png
36,3,96,modular,0,v,img/target_5.png
36,3,97,modular,3,u,img/target_7.png
36,3,98,modular,4,q,img/target_1.png
36,3,99,modular,3,u,img/target_7.png
36,3,100,modular,0,v,img/target_5.png
36,3,101,modular,2,e,img/target_3.png
36,3,102,modular,4,q,img/target_1.png
36,3,103,modular,2,e,img/target_3.png
36,3,104,modular,4,q,img/target_1.png
36,3,105,modular,2,e,img/target_3.png
36,3,106,modular,3,u,img/target_7.png
36,3,107,modular,0,v,img/target_5.png
36,3,108,modular,3,u,img/target_7.png
36,3,109,modular,2,e,img/target_3.png
36,3,110,modular,4,q,img/target_1.png
36,3,111,modular,2,e,img/target_3.png
36,3,112,modular,0,v,img/target_5.png
36,3,113,modular,9,b,img/target_6.png
36,3,114,modular,6,p,img/target_10.png
36,3,115,modular,7,r,img/target_4.png
36,3,116,modular,8,w,img/target_2.png
36,3,117,modular,9,b,img/target_6.png
36,3,118,modular,6,p,img/target_10.png
36,3,119,modular,9,b,img/target_6.png
36,3,120,modular,6,p,img/target_10.png
36,3,121,modular,9,b,img/target_6.png
36,3,122,modular,6,p,img/target_10.png
36,3,123,modular,9,b,img/target_6.png
36,3,124,modular,0,v,img/target_5.png
36,3,125,modular,9,b,img/target_6.png
36,3,126,modular,0,v,img/target_5.png
36,3,127,modular,2,e,img/target_3.png
36,3,128,modular,0,v,img/target_5.png
36,3,129,modular,3,u,img/target_7.png
36,3,130,modular,1,i,img/target_8.png
36,3,131,modular,4,q,img/target_1.png
36,3,132,modular,1,i,img/target_8.png
36,3,133,modular,0,v,img/target_5.png
36,3,134,modular,9,b,img/target_6.png
36,3,135,modular,6,p,img/target_10.png
36,3,136,modular,9,b,img/target_6.png
36,3,137,modular,0,v,img/target_5.png
36,3,138,modular,3,u,img/target_7.png
36,3,139,modular,4,q,img/target_1.png
36,3,140,modular,3,u,img/target_7.png
36,3,141,modular,4,q,img/target_1.png
36,3,142,modular,5,o,img/target_9.png
36,3,143,modular,7,r,img/target_4.png
36,3,144,modular,6,p,img/target_10.png
36,3,145,modular,8,w,img/target_2.png
36,3,146,modular,7,r,img/target_4.png
36,3,147,modular,8,w,img/target_2.png
36,3,148,modular,5,o,img/target_9.png
36,3,149,modular,8,w,img/target_2.png
36,3,150,modular,9,b,img/target_6.png
36,3,151,modular,0,v,img/target_5.png
36,3,152,modular,3,u,img/target_7.png
36,3,153,modular,0,v,img/target_5.png
36,3,154,modular,1,i,img/target_8.png
36,3,155,modular,0,v,img/target_5.png
36,3,156,modular,3,u,img/target_7.png
36,3,157,modular,0,v,img/target_5.png
36,3,158,modular,1,i,img/target_8.png
36,3,159,modular,3,u,img/target_7.png
36,3,160,modular,0,v,img/target_5.png
36,3,161,modular,3,u,img/target_7.png
36,3,162,modular,2,e,img/target_3.png
36,3,163,modular,1,i,img/target_8.png
36,3,164,modular,2,e,img/target_3.png
36,3,165,modular,3,u,img/target_7.png
36,3,166,modular,2,e,img/target_3.png
36,3,167,modular,4,q,img/target_1.png
36,3,168,modular,5,o,img/target_9.png
36,3,169,modular,8,w,img/target_2.png
36,3,170,modular,6,p,img/target_10.png
36,3,171,modular,5,o,img/target_9.png
36,3,172,modular,7,r,img/target_4.png
36,3,173,modular,5,o,img/target_9.png
36,3,174,modular,4,q,img/target_1.png
36,3,175,modular,2,e,img/target_3.png
36,3,176,modular,4,q,img/target_1.png
36,3,177,modular,2,e,img/target_3.png
36,3,178,modular,3,u,img/target_7.png
36,3,179,modular,4,q,img/target_1.png
36,3,180,modular,2,e,img/target_3.png
36,3,181,modular,1,i,img/target_8.png
36,3,182,modular,2,e,img/target_3.png
36,3,183,modular,4,q,img/target_1.png
36,3,184,modular,3,u,img/target_7.png
36,3,185,modular,1,i,img/target_8.png
36,3,186,modular,0,v,img/target_5.png
36,3,187,modular,1,i,img/target_8.png
36,3,188,modular,2,e,img/target_3.png
36,3,189,modular,4,q,img/target_1.png
36,3,190,modular,5,o,img/target_9.png
36,3,191,modular,7,r,img/target_4.png
36,3,192,modular,9,b,img/target_6.png
36,3,193,modular,0,v,img/target_5.png
36,3,194,modular,9,b,img/target_6.png
36,3,195,modular,8,w,img/target_2.png
36,3,196,modular,6,p,img/target_10.png
36,3,197,modular,5,o,img/target_9.png
36,3,198,modular,4,q,img/target_1.png
36,3,199,modular,3,u,img/target_7.png
36,3,200,modular,1,i,img/target_8.png
36,3,201,modular,3,u,img/target_7.png
36,3,202,modular,0,v,img/target_5.png
36,3,203,modular,3,u,img/target_7.png
36,3,204,modular,1,i,img/target_8.png
36,3,205,modular,2,e,img/target_3.png
36,3,206,modular,1,i,img/target_8.png
36,3,207,modular,3,u,img/target_7.png
36,3,208,modular,4,q,img/target_1.png
36,3,209,modular,2,e,img/target_3.png
36,3,210,modular,3,u,img/target_7.png
36,3,211,modular,4,q,img/target_1.png
36,3,212,modular,5,o,img/target_9.png
36,3,213,modular,8,w,img/target_2.png
36,3,214,modular,7,r,img/target_4.png
36,3,215,modular,8,w,img/target_2.png
36,3,216,modular,9,b,img/target_6.png
36,3,217,modular,6,p,img/target_10.png
36,3,218,modular,7,r,img/target_4.png
36,3,219,modular,5,o,img/target_9.png
36,3,220,modular,4,q,img/target_1.png
36,3,221,modular,5,o,img/target_9.png
36,3,222,modular,7,r,img/target_4.png
36,3,223,modular,8,w,img/target_2.png
36,3,224,modular,7,r,img/target_4.png
36,3,225,modular,5,o,img/target_9.png
36,3,226,modular,4,q,img/target_1.png
36,3,227,modular,1,i,img/target_8.png
36,3,228,modular,2,e,img/target_3.png
36,3,229,modular,4,q,img/target_1.png
36,3,230,modular,3,u,img/target_7.png
36,3,231,modular,1,i,img/target_8.png
36,3,232,modular,0,v,img/target_5.png
36,3,233,modular,1,i,img/target_8.png
36,3,234,modular,2,e,img/target_3.png
36,3,235,modular,1,i,img/target_8.png
36,3,236,modular,3,u,img/target_7.png
36,3,237,modular,4,q,img/target_1.png
36,3,238,modular,1,i,img/target_8.png
36,3,239,modular,0,v,img/target_5.png
36,3,240,modular,2,e,img/target_3.png
36,3,241,modular,0,v,img/target_5.png
36,3,242,modular,2,e,img/target_3.png
36,3,243,modular,4,q,img/target_1.png
36,3,244,modular,1,i,img/target_8.png
36,3,245,modular,4,q,img/target_1.png
36,3,246,modular,2,e,img/target_3.png
36,3,247,modular,4,q,img/target_1.png
36,3,248,modular,3,u,img/target_7.png
36,3,249,modular,4,q,img/target_1.png
36,3,250,modular,1,i,img/target_8.png
36,3,251,modular,3,u,img/target_7.png
36,3,252,modular,2,e,img/target_3.png
36,3,253,modular,0,v,img/target_5.png
36,3,254,modular,9,b,img/target_6.png
36,3,255,modular,0,v,img/target_5.png
36,3,256,modular,2,e,img/target_3.png
36,3,257,modular,4,q,img/target_1.png
36,3,258,modular,5,o,img/target_9.png
36,3,259,modular,7,r,img/target_4.png
36,3,260,modular,5,o,img/target_9.png
36,3,261,modular,4,q,img/target_1.png
36,3,262,modular,1,i,img/target_8.png
36,3,263,modular,3,u,img/target_7.png
36,3,264,modular,2,e,img/target_3.png
36,3,265,modular,3,u,img/target_7.png
36,3,266,modular,1,i,img/target_8.png
36,3,267,modular,4,q,img/target_1.png
36,3,268,modular,1,i,img/target_8.png
36,3,269,modular,0,v,img/target_5.png
36,3,270,modular,3,u,img/target_7.png
36,3,271,modular,4,q,img/target_1.png
36,3,272,modular,3,u,img/target_7.png
36,3,273,modular,0,v,img/target_5.png
36,3,274,modular,3,u,img/target_7.png
36,3,275,modular,1,i,img/target_8.png
36,3,276,modular,4,q,img/target_1.png
36,3,277,modular,1,i,img/target_8.png
36,3,278,modular,4,q,img/target_1.png
36,3,279,modular,3,u,img/target_7.png
36,3,280,modular,2,e,img/target_3.png
36,3,281,modular,1,i,img/target_8.png
36,3,282,modular,0,v,img/target_5.png
36,3,283,modular,1,i,img/target_8.png
36,3,284,modular,2,e,img/target_3.png
36,3,285,modular,4,q,img/target_1.png
36,3,286,modular,1,i,img/target_8.png
36,3,287,modular,2,e,img/target_3.png
36,3,288,modular,0,v,img/target_5.png
36,3,289,modular,1,i,img/target_8.png
36,3,290,modular,4,q,img/target_1.png
36,3,291,modular,1,i,img/target_8.png
36,3,292,modular,0,v,img/target_5.png
36,3,293,modular,9,b,img/target_6.png
36,3,294,modular,8,w,img/target_2.png
36,3,295,modular,7,r,img/target_4.png
36,3,296,modular,9,b,img/target_6.png
36,3,297,modular,0,v,img/target_5.png
36,3,298,modular,2,e,img/target_3.png
36,3,299,modular,4,q,img/target_1.png
36,3,300,modular,1,i,img/target_8.png
36,3,301,modular,0,v,img/target_5.png
36,3,302,modular,9,b,img/target_6.png
36,3,303,modular,6,p,img/target_10.png
36,3,304,modular,7,r,img/target_4.png
36,3,305,modular,5,o,img/target_9.png
36,3,306,modular,4,q,img/target_1.png
36,3,307,modular,5,o,img/target_9.png
36,3,308,modular,8,w,img/target_2.png
36,3,309,modular,5,o,img/target_9.png
36,3,310,modular,7,r,img/target_4.png
36,3,311,modular,6,p,img/target_10.png
36,3,312,modular,8,w,img/target_2.png
36,3,313,modular,5,o,img/target_9.png
36,3,314,modular,7,r,img/target_4.png
36,3,315,modular,6,p,img/target_10.png
36,3,316,modular,5,o,img/target_9.png
36,3,317,modular,4,q,img/target_1.png
36,3,318,modular,3,u,img/target_7.png
36,3,319,modular,2,e,img/target_3.png
36,3,320,modular,0,v,img/target_5.png
36,3,321,modular,3,u,img/target_7.png
36,3,322,modular,0,v,img/target_5.png
36,3,323,modular,9,b,img/target_6.png
36,3,324,modular,6,p,img/target_10.png
36,3,325,modular,9,b,img/target_6.png
36,3,326,modular,8,w,img/target_2.png
36,3,327,modular,5,o,img/target_9.png
36,3,328,modular,4,q,img/target_1.png
36,3,329,modular,2,e,img/target_3.png
36,3,330,modular,1,i,img/target_8.png
36,3,331,modular,0,v,img/target_5.png
36,3,332,modular,1,i,img/target_8.png
36,3,333,modular,4,q,img/target_1.png
36,3,334,modular,1,i,img/target_8.png
36,3,335,modular,3,u,img/target_7.png
36,3,336,modular,1,i,img/target_8.png
36,3,337,modular,4,q,img/target_1.png
36,3,338,modular,5,o,img/target_9.png
36,3,339,modular,7,r,img/target_4.png
36,3,340,modular,8,w,img/target_2.png
36,3,341,modular,6,p,img/target_10.png
36,3,342,modular,8,w,img/target_2.png
36,3,343,modular,9,b,img/target_6.png
36,3,344,modular,8,w,img/target_2.png
36,3,345,modular,9,b,img/target_6.png
36,3,346,modular,0,v,img/target_5.png
36,3,347,modular,2,e,img/target_3.png
36,3,348,modular,3,u,img/target_7.png
36,3,349,modular,4,q,img/target_1.png
36,3,350,modular,3,u,img/target_7.png
36,3,351,modular,0,v,img/target_5.png
36,3,352,modular,2,e,img/target_3.png
36,3,353,modular,3,u,img/target_7.png
36,3,354,modular,2,e,img/target_3.png
36,3,355,modular,3,u,img/target_7.png
36,3,356,modular,1,i,img/target_8.png
36,3,357,modular,3,u,img/target_7.png
36,3,358,modular,2,e,img/target_3.png
36,3,359,modular,1,i,img/target_8.png
36,3,360,modular,4,q,img/target_1.png
36,3,361,modular,5,o,img/target_9.png
36,3,362,modular,6,p,img/target_10.png
36,3,363,modular,5,o,img/target_9.png
36,3,364,modular,4,q,img/target_1.png
36,3,365,modular,1,i,img/target_8.png
36,3,366,modular,4,q,img/target_1.png
36,3,367,modular,1,i,img/target_8.png
36,3,368,modular,4,q,img/target_1.png
36,3,369,modular,5,o,img/target_9.png
36,3,370,modular,6,p,img/target_10.png
36,3,371,modular,5,o,img/target_9.png
36,3,372,modular,8,w,img/target_2.png
36,3,373,modular,9,b,img/target_6.png
36,3,374,modular,0,v,img/target_5.png
36,3,375,modular,2,e,img/target_3.png
36,3,376,modular,4,q,img/target_1.png
36,3,377,modular,5,o,img/target_9.png
36,3,378,modular,4,q,img/target_1.png
36,3,379,modular,2,e,img/target_3.png
36,3,380,modular,4,q,img/target_1.png
36,3,381,modular,2,e,img/target_3.png
36,3,382,modular,4,q,img/target_1.png
36,3,383,modular,2,e,img/target_3.png
36,3,384,modular,3,u,img/target_7.png
36,3,385,modular,0,v,img/target_5.png
36,3,386,modular,3,u,img/target_7.png
36,3,387,modular,2,e,img/target_3.png
36,3,388,modular,4,q,img/target_1.png
36,3,389,modular,2,e,img/target_3.png
36,3,390,modular,3,u,img/target_7.png
36,3,391,modular,2,e,img/target_3.png
36,3,392,modular,4,q,img/target_1.png
36,3,393,modular,5,o,img/target_9.png
36,3,394,modular,6,p,img/target_10.png
36,3,395,modular,8,w,img/target_2.png
36,3,396,modular,9,b,img/target_6.png
36,3,397,modular,7,r,img/target_4.png
36,3,398,modular,9,b,img/target_6.png
36,3,399,modular,8,w,img/target_2.png
36,3,400,modular,7,r,img/target_4.png
36,3,401,modular,9,b,img/target_6.png
36,3,402,modular,6,p,img/target_10.png
36,3,403,modular,9,b,img/target_6.png
36,3,404,modular,7,r,img/target_4.png
36,3,405,modular,6,p,img/target_10.png
36,3,406,modular,8,w,img/target_2.png
36,3,407,modular,6,p,img/target_10.png
36,3,408,modular,9,b,img/target_6.png
36,3,409,modular,8,w,img/target_2.png
36,3,410,modular,5,o,img/target_9.png
36,3,411,modular,7,r,img/target_4.png
36,3,412,modular,5,o,img/target_9.png
36,3,413,modular,6,p,img/target_10.png
36,3,414,modular,5,o,img/target_9.png
36,3,415,modular,7,r,img/target_4.png
36,3,416,modular,8,w,img/target_2.png
36,3,417,modular,5,o,img/target_9.png
36,3,418,modular,7,r,img/target_4.png
36,3,419,modular,8,w,img/target_2.png
36,3,420,modular,7,r,img/target_4.png
36,3,421,modular,6,p,img/target_10.png
36,3,422,modular,9,b,img/target_6.png
36,3,423,modular,8,w,img/target_2.png
36,3,424,modular,7,r,img/target_4.png
36,3,425,modular,5,o,img/target_9.png
36,3,426,modular,7,r,img/target_4.png
36,3,427,modular,6,p,img/target_10.png
36,3,428,modular,5,o,img/target_9.png
36,3,429,modular,6,p,img/target_10.png
36,3,430,modular,5,o,img/target_9.png
36,3,431,modular,4,q,img/target_1.png
36,3,432,modular,3,u,img/target_7.png
36,3,433,modular,0,v,img/target_5.png
36,3,434,modular,2,e,img/target_3.png
36,3,435,modular,4,q,img/target_1.png
36,3,436,modular,2,e,img/target_3.png
36,3,437,modular,0,v,img/target_5.png
36,3,438,modular,3,u,img/target_7.png
36,3,439,modular,2,e,img/target_3.png
36,3,440,modular,3,u,img/target_7.png
36,3,441,modular,2,e,img/target_3.png
36,3,442,modular,3,u,img/target_7.png
36,3,443,modular,1,i,img/target_8.png
36,3,444,modular,4,q,img/target_1.png
36,3,445,modular,1,i,img/target_8.png
36,3,446,modular,3,u,img/target_7.png
36,3,447,modular,1,i,img/target_8.png
36,3,448,modular,4,q,img/target_1.png
36,3,449,modular,2,e,img/target_3.png
36,3,450,modular,4,q,img/target_1.png
36,3,451,modular,3,u,img/target_7.png
36,3,452,modular,0,v,img/target_5.png
36,3,453,modular,9,b,img/target_6.png
36,3,454,modular,0,v,img/target_5.png
36,3,455,modular,2,e,img/target_3.png
36,3,456,modular,3,u,img/target_7.png
36,3,457,modular,2,e,img/target_3.png
36,3,458,modular,3,u,img/target_7.png
36,3,459,modular,2,e,img/target_3.png
36,3,460,modular,4,q,img/target_1.png
36,3,461,modular,3,u,img/target_7.png
36,3,462,modular,4,q,img/target_1.png
36,3,463,modular,2,e,img/target_3.png
36,3,464,modular,4,q,img/target_1.png
36,3,465,modular,5,o,img/target_9.png
36,3,466,modular,4,q,img/target_1.png
36,3,467,modular,1,i,img/target_8.png
36,3,468,modular,4,q,img/target_1.png
36,3,469,modular,2,e,img/target_3.png
36,3,470,modular,3,u,img/target_7.png
36,3,471,modular,1,i,img/target_8.png
36,3,472,modular,4,q,img/target_1.png
36,3,473,modular,2,e,img/target_3.png
36,3,474,modular,1,i,img/target_8.png
36,3,475,modular,0,v,img/target_5.png
36,3,476,modular,3,u,img/target_7.png
36,3,477,modular,2,e,img/target_3.png
36,3,478,modular,1,i,img/target_8.png
36,3,479,modular,4,q,img/target_1.png
36,3,480,modular,5,o,img/target_9.png
36,3,481,modular,7,r,img/target_4.png
36,3,482,modular,5,o,img/target_9.png
36,3,483,modular,8,w,img/target_2.png
36,3,484,modular,6,p,img/target_10.png
36,3,485,modular,8,w,img/target_2.png
36,3,486,modular,6,p,img/target_10.png
36,3,487,modular,5,o,img/target_9.png
36,3,488,modular,8,w,img/target_2.png
36,3,489,modular,6,p,img/target_10.png
36,3,490,modular,9,b,img/target_6.png
36,3,491,modular,7,r,img/target_4.png
36,3,492,modular,5,o,img/target_9.png
36,3,493,modular,6,p,img/target_10.png
36,3,494,modular,7,r,img/target_4.png
36,3,495,modular,6,p,img/target_10.png
36,3,496,modular,7,r,img/target_4.png
36,3,497,modular,8,w,img/target_2.png
36,3,498,modular,9,b,img/target_6.png
36,3,499,modular,7,r,img/target_4.png
36,3,500,modular,5,o,img/target_9.png
36,3,501,modular,6,p,img/target_10.png
36,3,502,modular,8,w,img/target_2.png
36,3,503,modular,6,p,img/target_10.png
36,3,504,modular,7,r,img/target_4.png
36,3,505,modular,9,b,img/target_6.png
36,3,506,modular,8,w,img/target_2.png
36,3,507,modular,6,p,img/target_10.png
36,3,508,modular,8,w,img/target_2.png
36,3,509,modular,6,p,img/target_10.png
36,3,510,modular,9,b,img/target_6.png
36,3,511,modular,0,v,img/target_5.png
36,3,512,modular,1,i,img/target_8.png
36,3,513,modular,0,v,img/target_5.png
36,3,514,modular,9,b,img/target_6.png
36,3,515,modular,6,p,img/target_10.png
36,3,516,modular,5,o,img/target_9.png
36,3,517,modular,8,w,img/target_2.png
36,3,518,modular,7,r,img/target_4.png
36,3,519,modular,8,w,img/target_2.png
36,3,520,modular,9,b,img/target_6.png
36,3,521,modular,0,v,img/target_5.png
36,3,522,modular,3,u,img/target_7.png
36,3,523,modular,0,v,img/target_5.png
36,3,524,modular,3,u,img/target_7.png
36,3,525,modular,4,q,img/target_1.png
36,3,526,modular,1,i,img/target_8.png
36,3,527,modular,2,e,img/target_3.png
36,3,528,modular,1,i,img/target_8.png
36,3,529,modular,2,e,img/target_3.png
36,3,530,modular,4,q,img/target_1.png
36,3,531,modular,2,e,img/target_3.png
36,3,532,modular,0,v,img/target_5.png
36,3,533,modular,1,i,img/target_8.png
36,3,534,modular,0,v,img/target_5.png
36,3,535,modular,2,e,img/target_3.png
36,3,536,modular,3,u,img/target_7.png
36,3,537,modular,4,q,img/target_1.png
36,3,538,modular,5,o,img/target_9.png
36,3,539,modular,4,q,img/target_1.png
36,3,540,modular,5,o,img/target_9.png
36,3,541,modular,4,q,img/target_1.png
36,3,542,modular,3,u,img/target_7.png
36,3,543,modular,2,e,img/target_3.png
36,3,544,modular,0,v,img/target_5.png
36,3,545,modular,1,i,img/target_8.png
36,3,546,modular,0,v,img/target_5.png
36,3,547,modular,1,i,img/target_8.png
36,3,548,modular,4,q,img/target_1.png
36,3,549,modular,1,i,img/target_8.png
36,3,550,modular,0,v,img/target_5.png
36,3,551,modular,3,u,img/target_7.png
36,3,552,modular,2,e,img/target_3.png
36,3,553,modular,3,u,img/target_7.png
36,3,554,modular,2,e,img/target_3.png
36,3,555,modular,0,v,img/target_5.png
36,3,556,modular,2,e,img/target_3.png
36,3,557,modular,1,i,img/target_8.png
36,3,558,modular,0,v,img/target_5.png
36,3,559,modular,2,e,img/target_3.png
36,3,560,modular,0,v,img/target_5.png
36,3,561,modular,2,e,img/target_3.png
36,3,562,modular,4,q,img/target_1.png
36,3,563,modular,1,i,img/target_8.png
36,3,564,modular,2,e,img/target_3.png
36,3,565,modular,3,u,img/target_7.png
36,3,566,modular,4,q,img/target_1.png
36,3,567,modular,3,u,img/target_7.png
36,3,568,modular,0,v,img/target_5.png
36,3,569,modular,9,b,img/target_6.png
36,3,570,modular,6,p,img/target_10.png
36,3,571,modular,9,b,img/target_6.png
36,3,572,modular,8,w,img/target_2.png
36,3,573,modular,6,p,img/target_10.png
36,3,574,modular,8,w,img/target_2.png
36,3,575,modular,6,p,img/target_10.png
36,3,576,modular,9,b,img/target_6.png
36,3,577,modular,6,p,img/target_10.png
36,3,578,modular,7,r,img/target_4.png
36,3,579,modular,8,w,img/target_2.png
36,3,580,modular,9,b,img/target_6.png
36,3,581,modular,0,v,img/target_5.png
36,3,582,modular,1,i,img/target_8.png
36,3,583,modular,2,e,img/target_3.png
36,3,584,modular,3,u,img/target_7.png
36,3,585,modular,1,i,img/target_8.png
36,3,586,modular,4,q,img/target_1.png
36,3,587,modular,2,e,img/target_3.png
36,3,588,modular,3,u,img/target_7.png
36,3,589,modular,2,e,img/target_3.png
36,3,590,modular,4,q,img/target_1.png
36,3,591,modular,1,i,img/target_8.png
36,3,592,modular,4,q,img/target_1.png
36,3,593,modular,3,u,img/target_7.png
36,3,594,modular,4,q,img/target_1.png
36,3,595,modular,1,i,img/target_8.png
36,3,596,modular,3,u,img/target_7.png
36,3,597,modular,0,v,img/target_5.png
36,3,598,modular,3,u,img/target_7.png
36,3,599,modular,1,i,img/target_8.png
36,3,600,modular,2,e,img/target_3.png
36,3,601,modular,4,q,img/target_1.png
36,3,602,modular,2,e,img/target_3.png
36,3,603,modular,3,u,img/target_7.png
36,3,604,modular,0,v,img/target_5.png
36,3,605,modular,3,u,img/target_7.png
36,3,606,modular,4,q,img/target_1.png
36,3,607,modular,1,i,img/target_8.png
36,3,608,modular,2,e,img/target_3.png
36,3,609,modular,1,i,img/target_8.png
36,3,610,modular,0,v,img/target_5.png
36,3,611,modular,3,u,img/target_7.png
36,3,612,modular,0,v,img/target_5.png
36,3,613,modular,2,e,img/target_3.png
36,3,614,modular,0,v,img/target_5.png
36,3,615,modular,3,u,img/target_7.png
36,3,616,modular,0,v,img/target_5.png
36,3,617,modular,9,b,img/target_6.png
36,3,618,modular,0,v,img/target_5.png
36,3,619,modular,3,u,img/target_7.png
36,3,620,modular,1,i,img/target_8.png
36,3,621,modular,4,q,img/target_1.png
36,3,622,modular,5,o,img/target_9.png
36,3,623,modular,7,r,img/target_4.png
36,3,624,modular,6,p,img/target_10.png
36,3,625,modular,9,b,img/target_6.png
36,3,626,modular,8,w,img/target_2.png
36,3,627,modular,9,b,img/target_6.png
36,3,628,modular,8,w,img/target_2.png
36,3,629,modular,6,p,img/target_10.png
36,3,630,modular,8,w,img/target_2.png
36,3,631,modular,6,p,img/target_10.png
36,3,632,modular,7,r,img/target_4.png
36,3,633,modular,6,p,img/target_10.png
36,3,634,modular,9,b,img/target_6.png
36,3,635,modular,8,w,img/target_2.png
36,3,636,modular,9,b,img/target_6.png
36,3,637,modular,7,r,img/target_4.png
36,3,638,modular,9,b,img/target_6.png
36,3,639,modular,8,w,img/target_2.png
36,3,640,modular,5,o,img/target_9.png
36,3,641,modular,6,p,img/target_10.png
36,3,642,modular,5,o,img/target_9.png
36,3,643,modular,7,r,img/target_4.png
36,3,644,modular,8,w,img/target_2.png
36,3,645,modular,9,b,img/target_6.png
36,3,646,modular,8,w,img/target_2.png
36,3,647,modular,9,b,img/target_6.png
36,3,648,modular,0,v,img/target_5.png
36,3,649,modular,1,i,img/target_8.png
36,3,650,modular,0,v,img/target_5.png
36,3,651,modular,9,b,img/target_6.png
36,3,652,modular,8,w,img/target_2.png
36,3,653,modular,6,p,img/target_10.png
36,3,654,modular,9,b,img/target_6.png
36,3,655,modular,7,r,img/target_4.png
36,3,656,modular,5,o,img/target_9.png
36,3,657,modular,7,r,img/target_4.png
36,3,658,modular,5,o,img/target_9.png
36,3,659,modular,6,p,img/target_10.png
36,3,660,modular,5,o,img/target_9.png
36,3,661,modular,8,w,img/target_2.png
36,3,662,modular,7,r,img/target_4.png
36,3,663,modular,6,p,img/target_10.png
36,3,664,modular,5,o,img/target_9.png
36,3,665,modular,7,r,img/target_4.png
36,3,666,modular,8,w,img/target_2.png
36,3,667,modular,5,o,img/target_9.png
36,3,668,modular,8,w,img/target_2.png
36,3,669,modular,5,o,img/target_9.png
36,3,670,modular,6,p,img/target_10.png
36,3,671,modular,8,w,img/target_2.png
36,3,672,modular,7,r,img/target_4.png
36,3,673,modular,8,w,img/target_2.png
36,3,674,modular,7,r,img/target_4.png
36,3,675,modular,8,w,img/target_2.png
36,3,676,modular,5,o,img/target_9.png
36,3,677,modular,7,r,img/target_4.png
36,3,678,modular,9,b,img/target_6.png
36,3,679,modular,6,p,img/target_10.png
36,3,680,modular,5,o,img/target_9.png
36,3,681,modular,8,w,img/target_2.png
36,3,682,modular,9,b,img/target_6.png
36,3,683,modular,8,w,img/target_2.png
36,3,684,modular,6,p,img/target_10.png
36,3,685,modular,9,b,img/target_6.png
36,3,686,modular,7,r,img/target_4.png
36,3,687,modular,5,o,img/target_9.png
36,3,688,modular,6,p,img/target_10.png
36,3,689,modular,9,b,img/target_6.png
36,3,690,modular,8,w,img/target_2.png
36,3,691,modular,5,o,img/target_9.png
36,3,692,modular,6,p,img/target_10.png
36,3,693,modular,9,b,img/target_6.png
36,3,694,modular,7,r,img/target_4.png
36,3,695,modular,8,w,img/target_2.png
36,3,696,modular,7,r,img/target_4.png
36,3,697,modular,6,p,img/target_10.png
36,3,698,modular,8,w,img/target_2.png
36,3,699,modular,6,p,img/target_10.png
36,3,700,modular,5,o,img/target_9.png
36,3,701,modular,7,r,img/target_4.png
36,3,702,modular,8,w,img/target_2.png
36,3,703,modular,6,p,img/target_10.png
36,3,704,modular,7,r,img/target_4.png
36,3,705,modular,5,o,img/target_9.png
36,3,706,modular,4,q,img/target_1.png
36,3,707,modular,3,u,img/target_7.png
36,3,708,modular,1,i,img/target_8.png
36,3,709,modular,2,e,img/target_3.png
36,3,710,modular,4,q,img/target_1.png
36,3,711,modular,2,e,img/target_3.png
36,3,712,modular,0,v,img/target_5.png
36,3,713,modular,3,u,img/target_7.png
36,3,714,modular,4,q,img/target_1.png
36,3,715,modular,1,i,img/target_8.png
36,3,716,modular,0,v,img/target_5.png
36,3,717,modular,2,e,img/target_3.png
36,3,718,modular,4,q,img/target_1.png
36,3,719,modular,3,u,img/target_7.png
36,3,720,modular,2,e,img/target_3.png
36,3,721,modular,0,v,img/target_5.png
36,3,722,modular,3,u,img/target_7.png
36,3,723,modular,4,q,img/target_1.png
36,3,724,modular,5,o,img/target_9.png
36,3,725,modular,7,r,img/target_4.png
36,3,726,modular,9,b,img/target_6.png
36,3,727,modular,0,v,img/target_5.png
36,3,728,modular,2,e,img/target_3.png
36,3,729,modular,4,q,img/target_1.png
36,3,730,modular,3,u,img/target_7.png
36,3,731,modular,0,v,img/target_5.png
36,3,732,modular,1,i,img/target_8.png
36,3,733,modular,3,u,img/target_7.png
36,3,734,modular,2,e,img/target_3.png
36,3,735,modular,1,i,img/target_8.png
36,3,736,modular,2,e,img/target_3.png
36,3,737,modular,4,q,img/target_1.png
36,3,738,modular,5,o,img/target_9.png
36,3,739,modular,7,r,img/target_4.png
36,3,740,modular,5,o,img/target_9.png
36,3,741,modular,6,p,img/target_10.png
36,3,742,modular,5,o,img/target_9.png
36,3,743,modular,7,r,img/target_4.png
36,3,744,modular,5,o,img/target_9.png
36,3,745,modular,6,p,img/target_10.png
36,3,746,modular,9,b,img/target_6.png
36,3,747,modular,0,v,img/target_5.png
36,3,748,modular,9,b,img/target_6.png
36,3,749,modular,0,v,img/target_5.png
36,3,750,modular,1,i,img/target_8.png
36,3,751,modular,2,e,img/target_3.png
36,3,752,modular,0,v,img/target_5.png
36,3,753,modular,9,b,img/target_6.png
36,3,754,modular,0,v,img/target_5.png
36,3,755,modular,1,i,img/target_8.png
36,3,756,modular,3,u,img/target_7.png
36,3,757,modular,1,i,img/target_8.png
36,3,758,modular,2,e,img/target_3.png
36,3,759,modular,4,q,img/target_1.png
36,3,760,modular,3,u,img/target_7.png
36,3,761,modular,2,e,img/target_3.png
36,3,762,modular,0,v,img/target_5.png
36,3,763,modular,2,e,img/target_3.png
36,3,764,modular,3,u,img/target_7.png
36,3,765,modular,2,e,img/target_3.png
36,3,766,modular,3,u,img/target_7.png
36,3,767,modular,1,i,img/target_8.png
36,3,768,modular,2,e,img/target_3.png
36,3,769,modular,1,i,img/target_8.png
36,3,770,modular,3,u,img/target_7.png
36,3,771,modular,1,i,img/target_8.png
36,3,772,modular,4,q,img/target_1.png
36,3,773,modular,5,o,img/target_9.png
36,3,774,modular,8,w,img/target_2.png
36,3,775,modular,5,o,img/target_9.png
36,3,776,modular,8,w,img/target_2.png
36,3,777,modular,6,p,img/target_10.png
36,3,778,modular,5,o,img/target_9.png
36,3,779,modular,8,w,img/target_2.png
36,3,780,modular,6,p,img/target_10.png
36,3,781,modular,5,o,img/target_9.png
36,3,782,modular,7,r,img/target_4.png
36,3,783,modular,8,w,img/target_2.png
36,3,784,modular,5,o,img/target_9.png
36,3,785,modular,6,p,img/target_10.png
36,3,786,modular,8,w,img/target_2.png
36,3,787,modular,6,p,img/target_10.png
36,3,788,modular,5,o,img/target_9.png
36,3,789,modular,6,p,img/target_10.png
36,3,790,modular,7,r,img/target_4.png
36,3,791,modular,9,b,img/target_6.png
36,3,792,modular,7,r,img/target_4.png
36,3,793,modular,8,w,img/target_2.png
36,3,794,modular,7,r,img/target_4.png
36,3,795,modular,8,w,img/target_2.png
36,3,796,modular,6,p,img/target_10.png
36,3,797,modular,5,o,img/target_9.png
36,3,798,modular,8,w,img/target_2.png
36,3,799,modular,7,r,img/target_4.png
36,3,800,modular,6,p,img/target_10.png
36,3,801,modular,9,b,img/target_6.png
36,3,802,modular,0,v,img/target_5.png
36,3,803,modular,9,b,img/target_6.png
36,3,804,modular,6,p,img/target_10.png
36,3,805,modular,7,r,img/target_4.png
36,3,806,modular,6,p,img/target_10.png
36,3,807,modular,9,b,img/target_6.png
36,3,808,modular,8,w,img/target_2.png
36,3,809,modular,7,r,img/target_4.png
36,3,810,modular,9,b,img/target_6.png
36,3,811,modular,7,r,img/target_4.png
36,3,812,modular,6,p,img/target_10.png
36,3,813,modular,5,o,img/target_9.png
36,3,814,modular,4,q,img/target_1.png
36,3,815,modular,2,e,img/target_3.png
36,3,816,modular,4,q,img/target_1.png
36,3,817,modular,5,o,img/target_9.png
36,3,818,modular,8,w,img/target_2.png
36,3,819,modular,7,r,img/target_4.png
36,3,820,modular,6,p,img/target_10.png
36,3,821,modular,8,w,img/target_2.png
36,3,822,modular,9,b,img/target_6.png
36,3,823,modular,0,v,img/target_5.png
36,3,824,modular,9,b,img/target_6.png
36,3,825,modular,0,v,img/target_5.png
36,3,826,modular,1,i,img/target_8.png
36,3,827,modular,2,e,img/target_3.png
36,3,828,modular,3,u,img/target_7.png
36,3,829,modular,1,i,img/target_8.png
36,3,830,modular,0,v,img/target_5.png
36,3,831,modular,3,u,img/target_7.png
36,3,832,modular,1,i,img/target_8.png
36,3,833,modular,3,u,img/target_7.png
36,3,834,modular,2,e,img/target_3.png
36,3,835,modular,3,u,img/target_7.png
36,3,836,modular,2,e,img/target_3.png
36,3,837,modular,0,v,img/target_5.png
36,3,838,modular,3,u,img/target_7.png
36,3,839,modular,0,v,img/target_5.png
36,3,840,modular,9,b,img/target_6.png
36,3,841,modular,7,r,img/target_4.png
36,3,842,modular,5,o,img/target_9.png
36,3,843,modular,8,w,img/target_2.png
36,3,844,modular,6,p,img/target_10.png
36,3,845,modular,8,w,img/target_2.png
36,3,846,modular,5,o,img/target_9.png
36,3,847,modular,6,p,img/target_10.png
36,3,848,modular,7,r,img/target_4.png
36,3,849,modular,5,o,img/target_9.png
36,3,850,modular,4,q,img/target_1.png
36,3,851,modular,2,e,img/target_3.png
36,3,852,modular,0,v,img/target_5.png
36,3,853,modular,1,i,img/target_8.png
36,3,854,modular,0,v,img/target_5.png
36,3,855,modular,9,b,img/target_6.png
36,3,856,modular,6,p,img/target_10.png
36,3,857,modular,8,w,img/target_2.png
36,3,858,modular,5,o,img/target_9.png
36,3,859,modular,7,r,img/target_4.png
36,3,860,modular,9,b,img/target_6.png
36,3,861,modular,8,w,img/target_2.png
36,3,862,modular,6,p,img/target_10.png
36,3,863,modular,8,w,img/target_2.png
36,3,864,modular,6,p,img/target_10.png
36,3,865,modular,8,w,img/target_2.png
36,3,866,modular,7,r,img/target_4.png
36,3,867,modular,8,w,img/target_2.png
36,3,868,modular,9,b,img/target_6.png
36,3,869,modular,6,p,img/target_10.png
36,3,870,modular,8,w,img/target_2.png
36,3,871,modular,9,b,img/target_6.png
36,3,872,modular,0,v,img/target_5.png
36,3,873,modular,2,e,img/target_3.png
36,3,874,modular,4,q,img/target_1.png
36,3,875,modular,2,e,img/target_3.png
36,3,876,modular,3,u,img/target_7.png
36,3,877,modular,0,v,img/target_5.png
36,3,878,modular,3,u,img/target_7.png
36,3,879,modular,0,v,img/target_5.png
36,3,880,modular,1,i,img/target_8.png
36,3,881,modular,3,u,img/target_7.png
36,3,882,modular,4,q,img/target_1.png
36,3,883,modular,2,e,img/target_3.png
36,3,884,modular,4,q,img/target_1.png
36,3,885,modular,2,e,img/target_3.png
36,3,886,modular,3,u,img/target_7.png
36,3,887,modular,1,i,img/target_8.png
36,3,888,modular,4,q,img/target_1.png
36,3,889,modular,5,o,img/target_9.png
36,3,890,modular,6,p,img/target_10.png
36,3,891,modular,7,r,img/target_4.png
36,3,892,modular,5,o,img/target_9.png
36,3,893,modular,6,p,img/target_10.png
36,3,894,modular,7,r,img/target_4.png
36,3,895,modular,5,o,img/target_9.png
36,3,896,modular,8,w,img/target_2.png
36,3,897,modular,5,o,img/target_9.png
36,3,898,modular,7,r,img/target_4.png
36,3,899,modular,8,w,img/target_2.png
36,3,900,modular,5,o,img/target_9.png
36,3,901,modular,6,p,img/target_10.png
36,3,902,modular,9,b,img/target_6.png
36,3,903,modular,7,r,img/target_4.png
36,3,904,modular,9,b,img/target_6.png
36,3,905,modular,6,p,img/target_10.png
36,3,906,modular,8,w,img/target_2.png
36,3,907,modular,5,o,img/target_9.png
36,3,908,modular,7,r,img/target_4.png
36,3,909,modular,8,w,img/target_2.png
36,3,910,modular,9,b,img/target_6.png
36,3,911,modular,6,p,img/target_10.png
36,3,912,modular,5,o,img/target_9.png
36,3,913,modular,7,r,img/target_4.png
36,3,914,modular,9,b,img/target_6.png
36,3,915,modular,7,r,img/target_4.png
36,3,916,modular,9,b,img/target_6.png
36,3,917,modular,6,p,img/target_10.png
36,3,918,modular,5,o,img/target_9.png
36,3,919,modular,7,r,img/target_4.png
36,3,920,modular,8,w,img/target_2.png
36,3,921,modular,7,r,img/target_4.png
36,3,922,modular,8,w,img/target_2.png
36,3,923,modular,7,r,img/target_4.png
36,3,924,modular,5,o,img/target_9.png
36,3,925,modular,6,p,img/target_10.png
36,3,926,modular,8,w,img/target_2.png
36,3,927,modular,7,r,img/target_4.png
36,3,928,modular,6,p,img/target_10.png
36,3,929,modular,7,r,img/target_4.png
36,3,930,modular,9,b,img/target_6.png
36,3,931,modular,0,v,img/target_5.png
36,3,932,modular,9,b,img/target_6.png
36,3,933,modular,6,p,img/target_10.png
36,3,934,modular,8,w,img/target_2.png
36,3,935,modular,7,r,img/target_4.png
36,3,936,modular,8,w,img/target_2.png
36,3,937,modular,9,b,img/target_6.png
36,3,938,modular,6,p,img/target_10.png
36,3,939,modular,8,w,img/target_2.png
36,3,940,modular,6,p,img/target_10.png
36,3,941,modular,8,w,img/target_2.png
36,3,942,modular,7,r,img/target_4.png
36,3,943,modular,8,w,img/target_2.png
36,3,944,modular,6,p,img/target_10.png
36,3,945,modular,7,r,img/target_4.png
36,3,946,modular,9,b,img/target_6.png
36,3,947,modular,8,w,img/target_2.png
36,3,948,modular,7,r,img/target_4.png
36,3,949,modular,8,w,img/target_2.png
36,3,950,modular,9,b,img/target_6.png
36,3,951,modular,8,w,img/target_2.png
36,3,952,modular,7,r,img/target_4.png
36,3,953,modular,5,o,img/target_9.png
36,3,954,modular,6,p,img/target_10.png
36,3,955,modular,5,o,img/target_9.png
36,3,956,modular,8,w,img/target_2.png
36,3,957,modular,5,o,img/target_9.png
36,3,958,modular,4,q,img/target_1.png
36,3,959,modular,5,o,img/target_9.png
36,3,960,modular,4,q,img/target_1.png
36,3,961,modular,2,e,img/target_3.png
36,3,962,modular,3,u,img/target_7.png
36,3,963,modular,1,i,img/target_8.png
36,3,964,modular,2,e,img/target_3.png
36,3,965,modular,3,u,img/target_7.png
36,3,966,modular,2,e,img/target_3.png
36,3,967,modular,3,u,img/target_7.png
36,3,968,modular,4,q,img/target_1.png
36,3,969,modular,5,o,img/target_9.png
36,3,970,modular,8,w,img/target_2.png
36,3,971,modular,5,o,img/target_9.png
36,3,972,modular,8,w,img/target_2.png
36,3,973,modular,9,b,img/target_6.png
36,3,974,modular,0,v,img/target_5.png
36,3,975,modular,9,b,img/target_6.png
36,3,976,modular,6,p,img/target_10.png
36,3,977,modular,9,b,img/target_6.png
36,3,978,modular,8,w,img/target_2.png
36,3,979,modular,6,p,img/target_10.png
36,3,980,modular,9,b,img/target_6.png
36,3,981,modular,0,v,img/target_5.png
36,3,982,modular,9,b,img/target_6.png
36,3,983,modular,7,r,img/target_4.png
36,3,984,modular,9,b,img/target_6.png
36,3,985,modular,7,r,img/target_4.png
36,3,986,modular,6,p,img/target_10.png
36,3,987,modular,8,w,img/target_2.png
36,3,988,modular,5,o,img/target_9.png
36,3,989,modular,8,w,img/target_2.png
36,3,990,modular,5,o,img/target_9.png
36,3,991,modular,7,r,img/target_4.png
36,3,992,modular,5,o,img/target_9.png
36,3,993,modular,8,w,img/target_2.png
36,3,994,modular,5,o,img/target_9.png
36,3,995,modular,8,w,img/target_2.png
36,3,996,modular,9,b,img/target_6.png
36,3,997,modular,6,p,img/target_10.png
36,3,998,modular,8,w,img/target_2.png
36,3,999,modular,6,p,img/target_10.png
36,3,1000,modular,7,r,img/target_4.png
