pID,sess,trialNum,graph,walk,resp,path
36,1,1,modular,6,p,img/target_10.png
36,1,2,modular,7,r,img/target_4.png
36,1,3,modular,6,p,img/target_10.png
36,1,4,modular,9,b,img/target_6.png
36,1,5,modular,6,p,img/target_10.png
36,1,6,modular,9,b,img/target_6.png
36,1,7,modular,7,r,img/target_4.png
36,1,8,modular,9,b,img/target_6.png
36,1,9,modular,0,v,img/target_5.png
36,1,10,modular,9,b,img/target_6.png
36,1,11,modular,7,r,img/target_4.png
36,1,12,modular,5,o,img/target_9.png
36,1,13,modular,8,w,img/target_2.png
36,1,14,modular,9,b,img/target_6.png
36,1,15,modular,6,p,img/target_10.png
36,1,16,modular,7,r,img/target_4.png
36,1,17,modular,9,b,img/target_6.png
36,1,18,modular,8,w,img/target_2.png
36,1,19,modular,6,p,img/target_10.png
36,1,20,modular,8,w,img/target_2.png
36,1,21,modular,9,b,img/target_6.png
36,1,22,modular,6,p,img/target_10.png
36,1,23,modular,7,r,img/target_4.png
36,1,24,modular,6,p,img/target_10.png
36,1,25,modular,5,o,img/target_9.png
36,1,26,modular,4,q,img/target_1.png
36,1,27,modular,1,i,img/target_8.png
36,1,28,modular,4,q,img/target_1.png
36,1,29,modular,1,i,img/target_8.png
36,1,30,modular,3,u,img/target_7.png
36,1,31,modular,1,i,img/target_8.png
36,1,32,modular,0,v,img/target_5.png
36,1,33,modular,9,b,img/target_6.png
36,1,34,modular,6,p,img/target_10.png
36,1,35,modular,8,w,img/target_2.png
36,1,36,modular,9,b,img/target_6.png
36,1,37,modular,0,v,img/target_5.png
36,1,38,modular,1,i,img/target_8.png
36,1,39,modular,3,u,img/target_7.png
36,1,40,modular,0,v,img/target_5.png
36,1,41,modular,1,i,img/target_8.png
36,1,42,modular,4,q,img/target_1.png
36,1,43,modular,1,i,img/target_8.png
36,1,44,modular,0,v,img/target_5.png
36,1,45,modular,2,e,img/target_3.png
36,1,46,modular,3,u,img/target_7.png
36,1,47,modular,0,v,img/target_5.png
36,1,48,modular,9,b,img/target_6.png
36,1,49,modular,8,w,img/target_2.png
36,1,50,modular,6,p,img/target_10.png
36,1,51,modular,9,b,img/target_6.png
36,1,52,modular,0,v,img/target_5.png
36,1,53,modular,9,b,img/target_6.png
36,1,54,modular,0,v,img/target_5.png
36,1,55,modular,3,u,img/target_7.png
36,1,56,modular,2,e,img/target_3.png
36,1,57,modular,3,u,img/target_7.png
36,1,58,modular,4,q,img/target_1.png
36,1,59,modular,2,e,img/target_3.png
36,1,60,modular,0,v,img/target_5.png
36,1,61,modular,1,i,img/target_8.png
36,1,62,modular,3,u,img/target_7.png
36,1,63,modular,2,e,img/target_3.png
36,1,64,modular,4,q,img/target_1.png
36,1,65,modular,1,i,img/target_8.png
36,1,66,modular,4,q,img/target_1.png
36,1,67,modular,5,o,img/target_9.png
36,1,68,modular,8,w,img/target_2.png
36,1,69,modular,7,r,img/target_4.png
36,1,70,modular,9,b,img/target_6.png
36,1,71,modular,0,v,img/target_5.png
36,1,72,modular,2,e,img/target_3.png
36,1,73,modular,1,i,img/target_8.png
36,1,74,modular,2,e,img/target_3.png
36,1,75,modular,3,u,img/target_7.png
36,1,76,modular,0,v,img/target_5.png
36,1,77,modular,3,u,img/target_7.png
36,1,78,modular,4,q,img/target_1.png
36,1,79,modular,1,i,img/target_8.png
36,1,80,modular,4,q,img/target_1.png
36,1,81,modular,2,e,img/target_3.png
36,1,82,modular,3,u,img/target_7.png
36,1,83,modular,2,e,img/target_3.png
36,1,84,modular,3,u,img/target_7.png
36,1,85,modular,0,v,img/target_5.png
36,1,86,modular,9,b,img/target_6.png
36,1,87,modular,6,p,img/target_10.png
36,1,88,modular,9,b,img/target_6.png
36,1,89,modular,6,p,img/target_10.png
36,1,90,modular,5,o,img/target_9.png
36,1,91,modular,6,p,img/target_10.png
36,1,92,modular,9,b,img/target_6.png
36,1,93,modular,0,v,img/target_5.png
36,1,94,modular,9,b,img/target_6.png
36,1,95,modular,6,p,img/target_10.png
36,1,96,modular,8,w,img/target_2.png
36,1,97,modular,6,p,img/target_10.png
36,1,98,modular,7,r,img/target_4.png
36,1,99,modular,5,o,img/target_9.png
36,1,100,modular,4,q,img/target_1.png
36,1,101,modular,1,i,img/target_8.png
36,1,102,modular,4,q,img/target_1.png
36,1,103,modular,1,i,img/target_8.png
36,1,104,modular,0,v,img/target_5.png
36,1,105,modular,3,u,img/target_7.png
36,1,106,modular,0,v,img/target_5.png
36,1,107,modular,3,u,img/target_7.png
36,1,108,modular,4,q,img/target_1.png
36,1,109,modular,2,e,img/target_3.png
36,1,110,modular,4,q,img/target_1.png
36,1,111,modular,3,u,img/target_7.png
36,1,112,modular,1,i,img/target_8.png
36,1,113,modular,2,e,img/target_3.png
36,1,114,modular,0,v,img/target_5.png
36,1,115,modular,1,i,img/target_8.png
36,1,116,modular,2,e,img/target_3.png
36,1,117,modular,4,q,img/target_1.png
36,1,118,modular,3,u,img/target_7.png
36,1,119,modular,0,v,img/target_5.png
36,1,120,modular,1,i,img/target_8.png
36,1,121,modular,4,q,img/target_1.png
36,1,122,modular,3,u,img/target_7.png
36,1,123,modular,2,e,img/target_3.png
36,1,124,modular,4,q,img/target_1.png
36,1,125,modular,1,i,img/target_8.png
36,1,126,modular,0,v,img/target_5.png
36,1,127,modular,2,e,img/target_3.png
36,1,128,modular,1,i,img/target_8.png
36,1,129,modular,0,v,img/target_5.png
36,1,130,modular,9,b,img/target_6.png
36,1,131,modular,0,v,img/target_5.png
36,1,132,modular,2,e,img/target_3.png
36,1,133,modular,0,v,img/target_5.png
36,1,134,modular,9,b,img/target_6.png
36,1,135,modular,6,p,img/target_10.png
36,1,136,modular,8,w,img/target_2.png
36,1,137,modular,9,b,img/target_6.png
36,1,138,modular,0,v,img/target_5.png
36,1,139,modular,9,b,img/target_6.png
36,1,140,modular,6,p,img/target_10.png
36,1,141,modular,9,b,img/target_6.png
36,1,142,modular,7,r,img/target_4.png
36,1,143,modular,6,p,img/target_10.png
36,1,144,modular,5,o,img/target_9.png
36,1,145,modular,4,q,img/target_1.png
36,1,146,modular,3,u,img/target_7.png
36,1,147,modular,1,i,img/target_8.png
36,1,148,modular,4,q,img/target_1.png
36,1,149,modular,2,e,img/target_3.png
36,1,150,modular,4,q,img/target_1.png
36,1,151,modular,2,e,img/target_3.png
36,1,152,modular,4,q,img/target_1.png
36,1,153,modular,5,o,img/target_9.png
36,1,154,modular,7,r,img/target_4.png
36,1,155,modular,6,p,img/target_10.png
36,1,156,modular,5,o,img/target_9.png
36,1,157,modular,6,p,img/target_10.png
36,1,158,modular,7,r,img/target_4.png
36,1,159,modular,5,o,img/target_9.png
36,1,160,modular,7,r,img/target_4.png
36,1,161,modular,6,p,img/target_10.png
36,1,162,modular,5,o,img/target_9.png
36,1,163,modular,6,p,img/target_10.png
36,1,164,modular,9,b,img/target_6.png
36,1,165,modular,6,p,img/target_10.png
36,1,166,modular,7,r,img/target_4.png
36,1,167,modular,9,b,img/target_6.png
36,1,168,modular,6,p,img/target_10.png
36,1,169,modular,8,w,img/target_2.png
36,1,170,modular,5,o,img/target_9.png
36,1,171,modular,8,w,img/target_2.png
36,1,172,modular,7,r,img/target_4.png
36,1,173,modular,9,b,img/target_6.png
36,1,174,modular,6,p,img/target_10.png
36,1,175,modular,5,o,img/target_9.png
36,1,176,modular,6,p,img/target_10.png
36,1,177,modular,8,w,img/target_2.png
36,1,178,modular,9,b,img/target_6.png
36,1,179,modular,0,v,img/target_5.png
36,1,180,modular,2,e,img/target_3.png
36,1,181,modular,4,q,img/target_1.png
36,1,182,modular,1,i,img/target_8.png
36,1,183,modular,4,q,img/target_1.png
36,1,184,modular,1,i,img/target_8.png
36,1,185,modular,4,q,img/target_1.png
36,1,186,modular,2,e,img/target_3.png
36,1,187,modular,3,u,img/target_7.png
36,1,188,modular,4,q,img/target_1.png
36,1,189,modular,1,i,img/target_8.png
36,1,190,modular,3,u,img/target_7.png
36,1,191,modular,4,q,img/target_1.png
36,1,192,modular,5,o,img/target_9.png
36,1,193,modular,8,w,img/target_2.png
36,1,194,modular,9,b,img/target_6.png
36,1,195,modular,6,p,img/target_10.png
36,1,196,modular,9,b,img/target_6.png
36,1,197,modular,7,r,img/target_4.png
36,1,198,modular,5,o,img/target_9.png
36,1,199,modular,7,r,img/target_4.png
36,1,200,modular,8,w,img/target_2.png
36,1,201,modular,7,r,img/target_4.png
36,1,202,modular,8,w,img/target_2.png
36,1,203,modular,9,b,img/target_6.png
36,1,204,modular,6,p,img/target_10.png
36,1,205,modular,7,r,img/target_4.png
36,1,206,modular,6,p,img/target_10.png
36,1,207,modular,5,o,img/target_9.png
36,1,208,modular,4,q,img/target_1.png
36,1,209,modular,5,o,img/target_9.png
36,1,210,modular,6,p,img/target_10.png
36,1,211,modular,8,w,img/target_2.png
36,1,212,modular,7,r,img/target_4.png
36,1,213,modular,8,w,img/target_2.png
36,1,214,modular,9,b,img/target_6.png
36,1,215,modular,7,r,img/target_4.png
36,1,216,modular,6,p,img/target_10.png
36,1,217,modular,7,r,img/target_4.png
36,1,218,modular,8,w,img/target_2.png
36,1,219,modular,5,o,img/target_9.png
36,1,220,modular,7,r,img/target_4.png
36,1,221,modular,8,w,img/target_2.png
36,1,222,modular,5,o,img/target_9.png
36,1,223,modular,8,w,img/target_2.png
36,1,224,modular,6,p,img/target_10.png
36,1,225,modular,7,r,img/target_4.png
36,1,226,modular,5,o,img/target_9.png
36,1,227,modular,6,p,img/target_10.png
36,1,228,modular,5,o,img/target_9.png
36,1,229,modular,8,w,img/target_2.png
36,1,230,modular,5,o,img/target_9.png
36,1,231,modular,8,w,img/target_2.png
36,1,232,modular,7,r,img/target_4.png
36,1,233,modular,6,p,img/target_10.png
36,1,234,modular,5,o,img/target_9.png
36,1,235,modular,8,w,img/target_2.png
36,1,236,modular,9,b,img/target_6.png
36,1,237,modular,0,v,img/target_5.png
36,1,238,modular,2,e,img/target_3.png
36,1,239,modular,4,q,img/target_1.png
36,1,240,modular,2,e,img/target_3.png
36,1,241,modular,3,u,img/target_7.png
36,1,242,modular,1,i,img/target_8.png
36,1,243,modular,3,u,img/target_7.png
36,1,244,modular,2,e,img/target_3.png
36,1,245,modular,0,v,img/target_5.png
36,1,246,modular,2,e,img/target_3.png
36,1,247,modular,4,q,img/target_1.png
36,1,248,modular,2,e,img/target_3.png
36,1,249,modular,4,q,img/target_1.png
36,1,250,modular,1,i,img/target_8.png
36,1,251,modular,4,q,img/target_1.png
36,1,252,modular,1,i,img/target_8.png
36,1,253,modular,3,u,img/target_7.png
36,1,254,modular,1,i,img/target_8.png
36,1,255,modular,3,u,img/target_7.png
36,1,256,modular,4,q,img/target_1.png
36,1,257,modular,5,o,img/target_9.png
36,1,258,modular,7,r,img/target_4.png
36,1,259,modular,9,b,img/target_6.png
36,1,260,modular,8,w,img/target_2.png
36,1,261,modular,9,b,img/target_6.png
36,1,262,modular,8,w,img/target_2.png
36,1,263,modular,7,r,img/target_4.png
36,1,264,modular,5,o,img/target_9.png
36,1,265,modular,7,r,img/target_4.png
36,1,266,modular,9,b,img/target_6.png
36,1,267,modular,0,v,img/target_5.png
36,1,268,modular,3,u,img/target_7.png
36,1,269,modular,1,i,img/target_8.png
36,1,270,modular,4,q,img/target_1.png
36,1,271,modular,1,i,img/target_8.png
36,1,272,modular,2,e,img/target_3.png
36,1,273,modular,3,u,img/target_7.png
36,1,274,modular,0,v,img/target_5.png
36,1,275,modular,2,e,img/target_3.png
36,1,276,modular,4,q,img/target_1.png
36,1,277,modular,1,i,img/target_8.png
36,1,278,modular,0,v,img/target_5.png
36,1,279,modular,3,u,img/target_7.png
36,1,280,modular,0,v,img/target_5.png
36,1,281,modular,1,i,img/target_8.png
36,1,282,modular,2,e,img/target_3.png
36,1,283,modular,3,u,img/target_7.png
36,1,284,modular,0,v,img/target_5.png
36,1,285,modular,2,e,img/target_3.png
36,1,286,modular,3,u,img/target_7.png
36,1,287,modular,4,q,img/target_1.png
36,1,288,modular,2,e,img/target_3.png
36,1,289,modular,1,i,img/target_8.png
36,1,290,modular,3,u,img/target_7.png
36,1,291,modular,1,i,img/target_8.png
36,1,292,modular,4,q,img/target_1.png
36,1,293,modular,1,i,img/target_8.png
36,1,294,modular,0,v,img/target_5.png
36,1,295,modular,2,e,img/target_3.png
36,1,296,modular,4,q,img/target_1.png
36,1,297,modular,2,e,img/target_3.png
36,1,298,modular,0,v,img/target_5.png
36,1,299,modular,2,e,img/target_3.png
36,1,300,modular,3,u,img/target_7.png
36,1,301,modular,1,i,img/target_8.png
36,1,302,modular,0,v,img/target_5.png
36,1,303,modular,3,u,img/target_7.png
36,1,304,modular,2,e,img/target_3.png
36,1,305,modular,3,u,img/target_7.png
36,1,306,modular,4,q,img/target_1.png
36,1,307,modular,1,i,img/target_8.png
36,1,308,modular,2,e,img/target_3.png
36,1,309,modular,1,i,img/target_8.png
36,1,310,modular,3,u,img/target_7.png
36,1,311,modular,0,v,img/target_5.png
36,1,312,modular,2,e,img/target_3.png
36,1,313,modular,0,v,img/target_5.png
36,1,314,modular,1,i,img/target_8.png
36,1,315,modular,2,e,img/target_3.png
36,1,316,modular,1,i,img/target_8.png
36,1,317,modular,3,u,img/target_7.png
36,1,318,modular,1,i,img/target_8.png
36,1,319,modular,3,u,img/target_7.png
36,1,320,modular,0,v,img/target_5.png
36,1,321,modular,3,u,img/target_7.png
36,1,322,modular,2,e,img/target_3.png
36,1,323,modular,3,u,img/target_7.png
36,1,324,modular,2,e,img/target_3.png
36,1,325,modular,0,v,img/target_5.png
36,1,326,modular,9,b,img/target_6.png
36,1,327,modular,7,r,img/target_4.png
36,1,328,modular,8,w,img/target_2.png
36,1,329,modular,9,b,img/target_6.png
36,1,330,modular,6,p,img/target_10.png
36,1,331,modular,9,b,img/target_6.png
36,1,332,modular,0,v,img/target_5.png
36,1,333,modular,3,u,img/target_7.png
36,1,334,modular,2,e,img/target_3.png
36,1,335,modular,1,i,img/target_8.png
36,1,336,modular,0,v,img/target_5.png
36,1,337,modular,1,i,img/target_8.png
36,1,338,modular,0,v,img/target_5.png
36,1,339,modular,2,e,img/target_3.png
36,1,340,modular,0,v,img/target_5.png
36,1,341,modular,1,i,img/target_8.png
36,1,342,modular,4,q,img/target_1.png
36,1,343,modular,5,o,img/target_9.png
36,1,344,modular,7,r,img/target_4.png
36,1,345,modular,6,p,img/target_10.png
36,1,346,modular,9,b,img/target_6.png
36,1,347,modular,0,v,img/target_5.png
36,1,348,modular,2,e,img/target_3.png
36,1,349,modular,4,q,img/target_1.png
36,1,350,modular,3,u,img/target_7.png
36,1,351,modular,2,e,img/target_3.png
36,1,352,modular,3,u,img/target_7.png
36,1,353,modular,4,q,img/target_1.png
36,1,354,modular,2,e,img/target_3.png
36,1,355,modular,1,i,img/target_8.png
36,1,356,modular,4,q,img/target_1.png
36,1,357,modular,1,i,img/target_8.png
36,1,358,modular,2,e,img/target_3.png
36,1,359,modular,0,v,img/target_5.png
36,1,360,modular,1,i,img/target_8.png
36,1,361,modular,3,u,img/target_7.png
36,1,362,modular,0,v,img/target_5.png
36,1,363,modular,3,u,img/target_7.png
36,1,364,modular,2,e,img/target_3.png
36,1,365,modular,3,u,img/target_7.png
36,1,366,modular,2,e,img/target_3.png
36,1,367,modular,4,q,img/target_1.png
36,1,368,modular,3,u,img/target_7.png
36,1,369,modular,0,v,img/target_5.png
36,1,370,modular,1,i,img/target_8.png
36,1,371,modular,2,e,img/target_3.png
36,1,372,modular,3,u,img/target_7.png
36,1,373,modular,1,i,img/target_8.png
36,1,374,modular,2,e,img/target_3.png
36,1,375,modular,0,v,img/target_5.png
36,1,376,modular,3,u,img/target_7.png
36,1,377,modular,1,i,img/target_8.png
36,1,378,modular,0,v,img/target_5.png
36,1,379,modular,9,b,img/target_6.png
36,1,380,modular,0,v,img/target_5.png
36,1,381,modular,2,e,img/target_3.png
36,1,382,modular,1,i,img/target_8.png
36,1,383,modular,2,e,img/target_3.png
36,1,384,modular,1,i,img/target_8.png
36,1,385,modular,0,v,img/target_5.png
36,1,386,modular,1,i,img/target_8.png
36,1,387,modular,2,e,img/target_3.png
36,1,388,modular,4,q,img/target_1.png
36,1,389,modular,2,e,img/target_3.png
36,1,390,modular,4,q,img/target_1.png
36,1,391,modular,3,u,img/target_7.png
36,1,392,modular,0,v,img/target_5.png
36,1,393,modular,3,u,img/target_7.png
36,1,394,modular,2,e,img/target_3.png
36,1,395,modular,3,u,img/target_7.png
36,1,396,modular,0,v,img/target_5.png
36,1,397,modular,3,u,img/target_7.png
36,1,398,modular,4,q,img/target_1.png
36,1,399,modular,5,o,img/target_9.png
36,1,400,modular,6,p,img/target_10.png
36,1,401,modular,5,o,img/target_9.png
36,1,402,modular,8,w,img/target_2.png
36,1,403,modular,5,o,img/target_9.png
36,1,404,modular,4,q,img/target_1.png
36,1,405,modular,5,o,img/target_9.png
36,1,406,modular,6,p,img/target_10.png
36,1,407,modular,7,r,img/target_4.png
36,1,408,modular,5,o,img/target_9.png
36,1,409,modular,7,r,img/target_4.png
36,1,410,modular,5,o,img/target_9.png
36,1,411,modular,6,p,img/target_10.png
36,1,412,modular,8,w,img/target_2.png
36,1,413,modular,9,b,img/target_6.png
36,1,414,modular,8,w,img/target_2.png
36,1,415,modular,7,r,img/target_4.png
36,1,416,modular,6,p,img/target_10.png
36,1,417,modular,5,o,img/target_9.png
36,1,418,modular,6,p,img/target_10.png
36,1,419,modular,7,r,img/target_4.png
36,1,420,modular,6,p,img/target_10.png
36,1,421,modular,9,b,img/target_6.png
36,1,422,modular,8,w,img/target_2.png
36,1,423,modular,6,p,img/target_10.png
36,1,424,modular,5,o,img/target_9.png
36,1,425,modular,8,w,img/target_2.png
36,1,426,modular,7,r,img/target_4.png
36,1,427,modular,6,p,img/target_10.png
36,1,428,modular,8,w,img/target_2.png
36,1,429,modular,7,r,img/target_4.png
36,1,430,modular,5,o,img/target_9.png
36,1,431,modular,6,p,img/target_10.png
36,1,432,modular,5,o,img/target_9.png
36,1,433,modular,7,r,img/target_4.png
36,1,434,modular,5,o,img/target_9.png
36,1,435,modular,7,r,img/target_4.png
36,1,436,modular,6,p,img/target_10.png
36,1,437,modular,7,r,img/target_4.png
36,1,438,modular,6,p,img/target_10.png
36,1,439,modular,5,o,img/target_9.png
36,1,440,modular,4,q,img/target_1.png
36,1,441,modular,1,i,img/target_8.png
36,1,442,modular,2,e,img/target_3.png
36,1,443,modular,3,u,img/target_7.png
36,1,444,modular,4,q,img/target_1.png
36,1,445,modular,3,u,img/target_7.png
36,1,446,modular,0,v,img/target_5.png
36,1,447,modular,1,i,img/target_8.png
36,1,448,modular,0,v,img/target_5.png
36,1,449,modular,2,e,img/target_3.png
36,1,450,modular,3,u,img/target_7.png
36,1,451,modular,0,v,img/target_5.png
36,1,452,modular,9,b,img/target_6.png
36,1,453,modular,0,v,img/target_5.png
36,1,454,modular,9,b,img/target_6.png
36,1,455,modular,6,p,img/target_10.png
36,1,456,modular,5,o,img/target_9.png
36,1,457,modular,4,q,img/target_1.png
36,1,458,modular,1,i,img/target_8.png
36,1,459,modular,3,u,img/target_7.png
36,1,460,modular,0,v,img/target_5.png
36,1,461,modular,9,b,img/target_6.png
36,1,462,modular,7,r,img/target_4.png
36,1,463,modular,8,w,img/target_2.png
36,1,464,modular,7,r,img/target_4.png
36,1,465,modular,9,b,img/target_6.png
36,1,466,modular,8,w,img/target_2.png
36,1,467,modular,6,p,img/target_10.png
36,1,468,modular,8,w,img/target_2.png
36,1,469,modular,9,b,img/target_6.png
36,1,470,modular,7,r,img/target_4.png
36,1,471,modular,6,p,img/target_10.png
36,1,472,modular,5,o,img/target_9.png
36,1,473,modular,8,w,img/target_2.png
36,1,474,modular,6,p,img/target_10.png
36,1,475,modular,5,o,img/target_9.png
36,1,476,modular,8,w,img/target_2.png
36,1,477,modular,6,p,img/target_10.png
36,1,478,modular,7,r,img/target_4.png
36,1,479,modular,8,w,img/target_2.png
36,1,480,modular,9,b,img/target_6.png
36,1,481,modular,8,w,img/target_2.png
36,1,482,modular,6,p,img/target_10.png
36,1,483,modular,5,o,img/target_9.png
36,1,484,modular,6,p,img/target_10.png
36,1,485,modular,7,r,img/target_4.png
36,1,486,modular,6,p,img/target_10.png
36,1,487,modular,8,w,img/target_2.png
36,1,488,modular,6,p,img/target_10.png
36,1,489,modular,5,o,img/target_9.png
36,1,490,modular,6,p,img/target_10.png
36,1,491,modular,8,w,img/target_2.png
36,1,492,modular,6,p,img/target_10.png
36,1,493,modular,7,r,img/target_4.png
36,1,494,modular,9,b,img/target_6.png
36,1,495,modular,8,w,img/target_2.png
36,1,496,modular,9,b,img/target_6.png
36,1,497,modular,8,w,img/target_2.png
36,1,498,modular,5,o,img/target_9.png
36,1,499,modular,6,p,img/target_10.png
36,1,500,modular,7,r,img/target_4.png
36,1,501,modular,5,o,img/target_9.png
36,1,502,modular,8,w,img/target_2.png
36,1,503,modular,6,p,img/target_10.png
36,1,504,modular,9,b,img/target_6.png
36,1,505,modular,7,r,img/target_4.png
36,1,506,modular,6,p,img/target_10.png
36,1,507,modular,8,w,img/target_2.png
36,1,508,modular,5,o,img/target_9.png
36,1,509,modular,4,q,img/target_1.png
36,1,510,modular,1,i,img/target_8.png
36,1,511,modular,2,e,img/target_3.png
36,1,512,modular,1,i,img/target_8.png
36,1,513,modular,4,q,img/target_1.png
36,1,514,modular,1,i,img/target_8.png
36,1,515,modular,2,e,img/target_3.png
36,1,516,modular,0,v,img/target_5.png
36,1,517,modular,9,b,img/target_6.png
36,1,518,modular,0,v,img/target_5.png
36,1,519,modular,1,i,img/target_8.png
36,1,520,modular,4,q,img/target_1.png
36,1,521,modular,1,i,img/target_8.png
36,1,522,modular,3,u,img/target_7.png
36,1,523,modular,1,i,img/target_8.png
36,1,524,modular,2,e,img/target_3.png
36,1,525,modular,1,i,img/target_8.png
36,1,526,modular,2,e,img/target_3.png
36,1,527,modular,1,i,img/target_8.png
36,1,528,modular,3,u,img/target_7.png
36,1,529,modular,4,q,img/target_1.png
36,1,530,modular,3,u,img/target_7.png
36,1,531,modular,4,q,img/target_1.png
36,1,532,modular,3,u,img/target_7.png
36,1,533,modular,2,e,img/target_3.png
36,1,534,modular,1,i,img/target_8.png
36,1,535,modular,4,q,img/target_1.png
36,1,536,modular,5,o,img/target_9.png
36,1,537,modular,6,p,img/target_10.png
36,1,538,modular,7,r,img/target_4.png
36,1,539,modular,8,w,img/target_2.png
36,1,540,modular,9,b,img/target_6.png
36,1,541,modular,6,p,img/target_10.png
36,1,542,modular,5,o,img/target_9.png
36,1,543,modular,4,q,img/target_1.png
36,1,544,modular,3,u,img/target_7.png
36,1,545,modular,1,i,img/target_8.png
36,1,546,modular,3,u,img/target_7.png
36,1,547,modular,0,v,img/target_5.png
36,1,548,modular,9,b,img/target_6.png
36,1,549,modular,6,p,img/target_10.png
36,1,550,modular,8,w,img/target_2.png
36,1,551,modular,9,b,img/target_6.png
36,1,552,modular,0,v,img/target_5.png
36,1,553,modular,9,b,img/target_6.png
36,1,554,modular,7,r,img/target_4.png
36,1,555,modular,9,b,img/target_6.png
36,1,556,modular,7,r,img/target_4.png
36,1,557,modular,5,o,img/target_9.png
36,1,558,modular,7,r,img/target_4.png
36,1,559,modular,5,o,img/target_9.png
36,1,560,modular,6,p,img/target_10.png
36,1,561,modular,9,b,img/target_6.png
36,1,562,modular,8,w,img/target_2.png
36,1,563,modular,6,p,img/target_10.png
36,1,564,modular,9,b,img/target_6.png
36,1,565,modular,6,p,img/target_10.png
36,1,566,modular,5,o,img/target_9.png
36,1,567,modular,8,w,img/target_2.png
36,1,568,modular,6,p,img/target_10.png
36,1,569,modular,7,r,img/target_4.png
36,1,570,modular,8,w,img/target_2.png
36,1,571,modular,6,p,img/target_10.png
36,1,572,modular,5,o,img/target_9.png
36,1,573,modular,7,r,img/target_4.png
36,1,574,modular,8,w,img/target_2.png
36,1,575,modular,5,o,img/target_9.png
36,1,576,modular,8,w,img/target_2.png
36,1,577,modular,9,b,img/target_6.png
36,1,578,modular,6,p,img/target_10.png
36,1,579,modular,9,b,img/target_6.png
36,1,580,modular,7,r,img/target_4.png
36,1,581,modular,9,b,img/target_6.png
36,1,582,modular,0,v,img/target_5.png
36,1,583,modular,9,b,img/target_6.png
36,1,584,modular,0,v,img/target_5.png
36,1,585,modular,2,e,img/target_3.png
36,1,586,modular,0,v,img/target_5.png
36,1,587,modular,2,e,img/target_3.png
36,1,588,modular,3,u,img/target_7.png
36,1,589,modular,4,q,img/target_1.png
36,1,590,modular,5,o,img/target_9.png
36,1,591,modular,8,w,img/target_2.png
36,1,592,modular,5,o,img/target_9.png
36,1,593,modular,6,p,img/target_10.png
36,1,594,modular,7,r,img/target_4.png
36,1,595,modular,5,o,img/target_9.png
36,1,596,modular,6,p,img/target_10.png
36,1,597,modular,5,o,img/target_9.png
36,1,598,modular,8,w,img/target_2.png
36,1,599,modular,6,p,img/target_10.png
36,1,600,modular,8,w,img/target_2.png
36,1,601,modular,9,b,img/target_6.png
36,1,602,modular,0,v,img/target_5.png
36,1,603,modular,9,b,img/target_6.png
36,1,604,modular,7,r,img/target_4.png
36,1,605,modular,8,w,img/target_2.png
36,1,606,modular,7,r,img/target_4.png
36,1,607,modular,8,w,img/target_2.png
36,1,608,modular,6,p,img/target_10.png
36,1,609,modular,7,r,img/target_4.png
36,1,610,modular,8,w,img/target_2.png
36,1,611,modular,6,p,img/target_10.png
36,1,612,modular,7,r,img/target_4.png
36,1,613,modular,9,b,img/target_6.png
36,1,614,modular,0,v,img/target_5.png
36,1,615,modular,2,e,img/target_3.png
36,1,616,modular,0,v,img/target_5.png
36,1,617,modular,1,i,img/target_8.png
36,1,618,modular,4,q,img/target_1.png
36,1,619,modular,1,i,img/target_8.png
36,1,620,modular,0,v,img/target_5.png
36,1,621,modular,2,e,img/target_3.png
36,1,622,modular,3,u,img/target_7.png
36,1,623,modular,2,e,img/target_3.png
36,1,624,modular,0,v,img/target_5.png
36,1,625,modular,3,u,img/target_7.png
36,1,626,modular,4,q,img/target_1.png
36,1,627,modular,3,u,img/target_7.png
36,1,628,modular,0,v,img/target_5.png
36,1,629,modular,9,b,img/target_6.png
36,1,630,modular,6,p,img/target_10.png
36,1,631,modular,9,b,img/target_6.png
36,1,632,modular,7,r,img/target_4.png
36,1,633,modular,6,p,img/target_10.png
36,1,634,modular,9,b,img/target_6.png
36,1,635,modular,7,r,img/target_4.png
36,1,636,modular,8,w,img/target_2.png
36,1,637,modular,7,r,img/target_4.png
36,1,638,modular,6,p,img/target_10.png
36,1,639,modular,7,r,img/target_4.png
36,1,640,modular,6,p,img/target_10.png
36,1,641,modular,9,b,img/target_6.png
36,1,642,modular,0,v,img/target_5.png
36,1,643,modular,2,e,img/target_3.png
36,1,644,modular,3,u,img/target_7.png
36,1,645,modular,1,i,img/target_8.png
36,1,646,modular,3,u,img/target_7.png
36,1,647,modular,0,v,img/target_5.png
36,1,648,modular,3,u,img/target_7.png
36,1,649,modular,1,i,img/target_8.png
36,1,650,modular,3,u,img/target_7.png
36,1,651,modular,0,v,img/target_5.png
36,1,652,modular,2,e,img/target_3.png
36,1,653,modular,0,v,img/target_5.png
36,1,654,modular,1,i,img/target_8.png
36,1,655,modular,4,q,img/target_1.png
36,1,656,modular,1,i,img/target_8.png
36,1,657,modular,4,q,img/target_1.png
36,1,658,modular,3,u,img/target_7.png
36,1,659,modular,1,i,img/target_8.png
36,1,660,modular,0,v,img/target_5.png
36,1,661,modular,9,b,img/target_6.png
36,1,662,modular,8,w,img/target_2.png
36,1,663,modular,5,o,img/target_9.png
36,1,664,modular,8,w,img/target_2.png
36,1,665,modular,6,p,img/target_10.png
36,1,666,modular,5,o,img/target_9.png
36,1,667,modular,6,p,img/target_10.png
36,1,668,modular,9,b,img/target_6.png
36,1,669,modular,0,v,img/target_5.png
36,1,670,modular,2,e,img/target_3.png
36,1,671,modular,4,q,img/target_1.png
36,1,672,modular,2,e,img/target_3.png
36,1,673,modular,3,u,img/target_7.png
36,1,674,modular,4,q,img/target_1.png
36,1,675,modular,5,o,img/target_9.png
36,1,676,modular,7,r,img/target_4.png
36,1,677,modular,5,o,img/target_9.png
36,1,678,modular,4,q,img/target_1.png
36,1,679,modular,3,u,img/target_7.png
36,1,680,modular,1,i,img/target_8.png
36,1,681,modular,4,q,img/target_1.png
36,1,682,modular,3,u,img/target_7.png
36,1,683,modular,4,q,img/target_1.png
36,1,684,modular,5,o,img/target_9.png
36,1,685,modular,7,r,img/target_4.png
36,1,686,modular,6,p,img/target_10.png
36,1,687,modular,7,r,img/target_4.png
36,1,688,modular,5,o,img/target_9.png
36,1,689,modular,7,r,img/target_4.png
36,1,690,modular,5,o,img/target_9.png
36,1,691,modular,7,r,img/target_4.png
36,1,692,modular,9,b,img/target_6.png
36,1,693,modular,8,w,img/target_2.png
36,1,694,modular,7,r,img/target_4.png
36,1,695,modular,8,w,img/target_2.png
36,1,696,modular,9,b,img/target_6.png
36,1,697,modular,6,p,img/target_10.png
36,1,698,modular,7,r,img/target_4.png
36,1,699,modular,6,p,img/target_10.png
36,1,700,modular,9,b,img/target_6.png
36,1,701,modular,6,p,img/target_10.png
36,1,702,modular,9,b,img/target_6.png
36,1,703,modular,8,w,img/target_2.png
36,1,704,modular,9,b,img/target_6.png
36,1,705,modular,6,p,img/target_10.png
36,1,706,modular,7,r,img/target_4.png
36,1,707,modular,6,p,img/target_10.png
36,1,708,modular,8,w,img/target_2.png
36,1,709,modular,9,b,img/target_6.png
36,1,710,modular,8,w,img/target_2.png
36,1,711,modular,7,r,img/target_4.png
36,1,712,modular,5,o,img/target_9.png
36,1,713,modular,4,q,img/target_1.png
36,1,714,modular,2,e,img/target_3.png
36,1,715,modular,0,v,img/target_5.png
36,1,716,modular,3,u,img/target_7.png
36,1,717,modular,1,i,img/target_8.png
36,1,718,modular,0,v,img/target_5.png
36,1,719,modular,2,e,img/target_3.png
36,1,720,modular,3,u,img/target_7.png
36,1,721,modular,2,e,img/target_3.png
36,1,722,modular,3,u,img/target_7.png
36,1,723,modular,2,e,img/target_3.png
36,1,724,modular,0,v,img/target_5.png
36,1,725,modular,1,i,img/target_8.png
36,1,726,modular,4,q,img/target_1.png
36,1,727,modular,3,u,img/target_7.png
36,1,728,modular,0,v,img/target_5.png
36,1,729,modular,3,u,img/target_7.png
36,1,730,modular,2,e,img/target_3.png
36,1,731,modular,1,i,img/target_8.png
36,1,732,modular,3,u,img/target_7.png
36,1,733,modular,2,e,img/target_3.png
36,1,734,modular,1,i,img/target_8.png
36,1,735,modular,4,q,img/target_1.png
36,1,736,modular,1,i,img/target_8.png
36,1,737,modular,3,u,img/target_7.png
36,1,738,modular,4,q,img/target_1.png
36,1,739,modular,5,o,img/target_9.png
36,1,740,modular,6,p,img/target_10.png
36,1,741,modular,7,r,img/target_4.png
36,1,742,modular,8,w,img/target_2.png
36,1,743,modular,5,o,img/target_9.png
36,1,744,modular,4,q,img/target_1.png
36,1,745,modular,2,e,img/target_3.png
36,1,746,modular,1,i,img/target_8.png
36,1,747,modular,2,e,img/target_3.png
36,1,748,modular,0,v,img/target_5.png
36,1,749,modular,2,e,img/target_3.png
36,1,750,modular,4,q,img/target_1.png
36,1,751,modular,2,e,img/target_3.png
36,1,752,modular,4,q,img/target_1.png
36,1,753,modular,2,e,img/target_3.png
36,1,754,modular,3,u,img/target_7.png
36,1,755,modular,2,e,img/target_3.png
36,1,756,modular,4,q,img/target_1.png
36,1,757,modular,2,e,img/target_3.png
36,1,758,modular,4,q,img/target_1.png
36,1,759,modular,2,e,img/target_3.png
36,1,760,modular,1,i,img/target_8.png
36,1,761,modular,2,e,img/target_3.png
36,1,762,modular,4,q,img/target_1.png
36,1,763,modular,3,u,img/target_7.png
36,1,764,modular,1,i,img/target_8.png
36,1,765,modular,2,e,img/target_3.png
36,1,766,modular,3,u,img/target_7.png
36,1,767,modular,4,q,img/target_1.png
36,1,768,modular,2,e,img/target_3.png
36,1,769,modular,0,v,img/target_5.png
36,1,770,modular,9,b,img/target_6.png
36,1,771,modular,6,p,img/target_10.png
36,1,772,modular,5,o,img/target_9.png
36,1,773,modular,7,r,img/target_4.png
36,1,774,modular,9,b,img/target_6.png
36,1,775,modular,7,r,img/target_4.png
36,1,776,modular,8,w,img/target_2.png
36,1,777,modular,6,p,img/target_10.png
36,1,778,modular,8,w,img/target_2.png
36,1,779,modular,9,b,img/target_6.png
36,1,780,modular,8,w,img/target_2.png
36,1,781,modular,6,p,img/target_10.png
36,1,782,modular,9,b,img/target_6.png
36,1,783,modular,6,p,img/target_10.png
36,1,784,modular,8,w,img/target_2.png
36,1,785,modular,5,o,img/target_9.png
36,1,786,modular,6,p,img/target_10.png
36,1,787,modular,8,w,img/target_2.png
36,1,788,modular,9,b,img/target_6.png
36,1,789,modular,8,w,img/target_2.png
36,1,790,modular,5,o,img/target_9.png
36,1,791,modular,7,r,img/target_4.png
36,1,792,modular,6,p,img/target_10.png
36,1,793,modular,8,w,img/target_2.png
36,1,794,modular,9,b,img/target_6.png
36,1,795,modular,6,p,img/target_10.png
36,1,796,modular,7,r,img/target_4.png
36,1,797,modular,9,b,img/target_6.png
36,1,798,modular,8,w,img/target_2.png
36,1,799,modular,5,o,img/target_9.png
36,1,800,modular,7,r,img/target_4.png
36,1,801,modular,9,b,img/target_6.png
36,1,802,modular,6,p,img/target_10.png
36,1,803,modular,5,o,img/target_9.png
36,1,804,modular,8,w,img/target_2.png
36,1,805,modular,7,r,img/target_4.png
36,1,806,modular,9,b,img/target_6.png
36,1,807,modular,8,w,img/target_2.png
36,1,808,modular,5,o,img/target_9.png
36,1,809,modular,7,r,img/target_4.png
36,1,810,modular,9,b,img/target_6.png
36,1,811,modular,0,v,img/target_5.png
36,1,812,modular,1,i,img/target_8.png
36,1,813,modular,4,q,img/target_1.png
36,1,814,modular,2,e,img/target_3.png
36,1,815,modular,1,i,img/target_8.png
36,1,816,modular,4,q,img/target_1.png
36,1,817,modular,1,i,img/target_8.png
36,1,818,modular,4,q,img/target_1.png
36,1,819,modular,5,o,img/target_9.png
36,1,820,modular,4,q,img/target_1.png
36,1,821,modular,1,i,img/target_8.png
36,1,822,modular,0,v,img/target_5.png
36,1,823,modular,3,u,img/target_7.png
36,1,824,modular,2,e,img/target_3.png
36,1,825,modular,4,q,img/target_1.png
36,1,826,modular,5,o,img/target_9.png
36,1,827,modular,4,q,img/target_1.png
36,1,828,modular,3,u,img/target_7.png
36,1,829,modular,0,v,img/target_5.png
36,1,830,modular,1,i,img/target_8.png
36,1,831,modular,4,q,img/target_1.png
36,1,832,modular,3,u,img/target_7.png
36,1,833,modular,0,v,img/target_5.png
36,1,834,modular,1,i,img/target_8.png
36,1,835,modular,4,q,img/target_1.png
36,1,836,modular,2,e,img/target_3.png
36,1,837,modular,1,i,img/target_8.png
36,1,838,modular,2,e,img/target_3.png
36,1,839,modular,3,u,img/target_7.png
36,1,840,modular,2,e,img/target_3.png
36,1,841,modular,3,u,img/target_7.png
36,1,842,modular,4,q,img/target_1.png
36,1,843,modular,2,e,img/target_3.png
36,1,844,modular,3,u,img/target_7.png
36,1,845,modular,2,e,img/target_3.png
36,1,846,modular,1,i,img/target_8.png
36,1,847,modular,2,e,img/target_3.png
36,1,848,modular,3,u,img/target_7.png
36,1,849,modular,2,e,img/target_3.png
36,1,850,modular,0,v,img/target_5.png
36,1,851,modular,9,b,img/target_6.png
36,1,852,modular,8,w,img/target_2.png
36,1,853,modular,5,o,img/target_9.png
36,1,854,modular,8,w,img/target_2.png
36,1,855,modular,7,r,img/target_4.png
36,1,856,modular,8,w,img/target_2.png
36,1,857,modular,6,p,img/target_10.png
36,1,858,modular,7,r,img/target_4.png
36,1,859,modular,5,o,img/target_9.png
36,1,860,modular,8,w,img/target_2.png
36,1,861,modular,6,p,img/target_10.png
36,1,862,modular,7,r,img/target_4.png
36,1,863,modular,5,o,img/target_9.png
36,1,864,modular,4,q,img/target_1.png
36,1,865,modular,2,e,img/target_3.png
36,1,866,modular,3,u,img/target_7.png
36,1,867,modular,4,q,img/target_1.png
36,1,868,modular,3,u,img/target_7.png
36,1,869,modular,2,e,img/target_3.png
36,1,870,modular,3,u,img/target_7.png
36,1,871,modular,0,v,img/target_5.png
36,1,872,modular,3,u,img/target_7.png
36,1,873,modular,1,i,img/target_8.png
36,1,874,modular,2,e,img/target_3.png
36,1,875,modular,0,v,img/target_5.png
36,1,876,modular,3,u,img/target_7.png
36,1,877,modular,0,v,img/target_5.png
36,1,878,modular,2,e,img/target_3.png
36,1,879,modular,0,v,img/target_5.png
36,1,880,modular,3,u,img/target_7.png
36,1,881,modular,1,i,img/target_8.png
36,1,882,modular,3,u,img/target_7.png
36,1,883,modular,2,e,img/target_3.png
36,1,884,modular,1,i,img/target_8.png
36,1,885,modular,3,u,img/target_7.png
36,1,886,modular,4,q,img/target_1.png
36,1,887,modular,1,i,img/target_8.png
36,1,888,modular,3,u,img/target_7.png
36,1,889,modular,4,q,img/target_1.png
36,1,890,modular,5,o,img/target_9.png
36,1,891,modular,8,w,img/target_2.png
36,1,892,modular,7,r,img/target_4.png
36,1,893,modular,9,b,img/target_6.png
36,1,894,modular,6,p,img/target_10.png
36,1,895,modular,7,r,img/target_4.png
36,1,896,modular,9,b,img/target_6.png
36,1,897,modular,6,p,img/target_10.png
36,1,898,modular,9,b,img/target_6.png
36,1,899,modular,7,r,img/target_4.png
36,1,900,modular,9,b,img/target_6.png
36,1,901,modular,7,r,img/target_4.png
36,1,902,modular,6,p,img/target_10.png
36,1,903,modular,5,o,img/target_9.png
36,1,904,modular,8,w,img/target_2.png
36,1,905,modular,6,p,img/target_10.png
36,1,906,modular,7,r,img/target_4.png
36,1,907,modular,9,b,img/target_6.png
36,1,908,modular,8,w,img/target_2.png
36,1,909,modular,5,o,img/target_9.png
36,1,910,modular,8,w,img/target_2.png
36,1,911,modular,7,r,img/target_4.png
36,1,912,modular,9,b,img/target_6.png
36,1,913,modular,7,r,img/target_4.png
36,1,914,modular,8,w,img/target_2.png
36,1,915,modular,5,o,img/target_9.png
36,1,916,modular,4,q,img/target_1.png
36,1,917,modular,1,i,img/target_8.png
36,1,918,modular,0,v,img/target_5.png
36,1,919,modular,9,b,img/target_6.png
36,1,920,modular,8,w,img/target_2.png
36,1,921,modular,5,o,img/target_9.png
36,1,922,modular,7,r,img/target_4.png
36,1,923,modular,5,o,img/target_9.png
36,1,924,modular,8,w,img/target_2.png
36,1,925,modular,7,r,img/target_4.png
36,1,926,modular,5,o,img/target_9.png
36,1,927,modular,6,p,img/target_10.png
36,1,928,modular,7,r,img/target_4.png
36,1,929,modular,9,b,img/target_6.png
36,1,930,modular,7,r,img/target_4.png
36,1,931,modular,5,o,img/target_9.png
36,1,932,modular,7,r,img/target_4.png
36,1,933,modular,8,w,img/target_2.png
36,1,934,modular,7,r,img/target_4.png
36,1,935,modular,5,o,img/target_9.png
36,1,936,modular,8,w,img/target_2.png
36,1,937,modular,6,p,img/target_10.png
36,1,938,modular,9,b,img/target_6.png
36,1,939,modular,6,p,img/target_10.png
36,1,940,modular,9,b,img/target_6.png
36,1,941,modular,8,w,img/target_2.png
36,1,942,modular,6,p,img/target_10.png
36,1,943,modular,9,b,img/target_6.png
36,1,944,modular,0,v,img/target_5.png
36,1,945,modular,9,b,img/target_6.png
36,1,946,modular,0,v,img/target_5.png
36,1,947,modular,1,i,img/target_8.png
36,1,948,modular,4,q,img/target_1.png
36,1,949,modular,1,i,img/target_8.png
36,1,950,modular,2,e,img/target_3.png
36,1,951,modular,4,q,img/target_1.png
36,1,952,modular,2,e,img/target_3.png
36,1,953,modular,3,u,img/target_7.png
36,1,954,modular,4,q,img/target_1.png
36,1,955,modular,3,u,img/target_7.png
36,1,956,modular,1,i,img/target_8.png
36,1,957,modular,4,q,img/target_1.png
36,1,958,modular,3,u,img/target_7.png
36,1,959,modular,0,v,img/target_5.png
36,1,960,modular,9,b,img/target_6.png
36,1,961,modular,8,w,img/target_2.png
36,1,962,modular,9,b,img/target_6.png
36,1,963,modular,0,v,img/target_5.png
36,1,964,modular,9,b,img/target_6.png
36,1,965,modular,6,p,img/target_10.png
36,1,966,modular,5,o,img/target_9.png
36,1,967,modular,4,q,img/target_1.png
36,1,968,modular,1,i,img/target_8.png
36,1,969,modular,3,u,img/target_7.png
36,1,970,modular,4,q,img/target_1.png
36,1,971,modular,3,u,img/target_7.png
36,1,972,modular,0,v,img/target_5.png
36,1,973,modular,2,e,img/target_3.png
36,1,974,modular,3,u,img/target_7.png
36,1,975,modular,1,i,img/target_8.png
36,1,976,modular,0,v,img/target_5.png
36,1,977,modular,9,b,img/target_6.png
36,1,978,modular,0,v,img/target_5.png
36,1,979,modular,9,b,img/target_6.png
36,1,980,modular,8,w,img/target_2.png
36,1,981,modular,7,r,img/target_4.png
36,1,982,modular,9,b,img/target_6.png
36,1,983,modular,8,w,img/target_2.png
36,1,984,modular,7,r,img/target_4.png
36,1,985,modular,8,w,img/target_2.png
36,1,986,modular,9,b,img/target_6.png
36,1,987,modular,7,r,img/target_4.png
36,1,988,modular,9,b,img/target_6.png
36,1,989,modular,0,v,img/target_5.png
36,1,990,modular,3,u,img/target_7.png
36,1,991,modular,2,e,img/target_3.png
36,1,992,modular,4,q,img/target_1.png
36,1,993,modular,5,o,img/target_9.png
36,1,994,modular,6,p,img/target_10.png
36,1,995,modular,5,o,img/target_9.png
36,1,996,modular,8,w,img/target_2.png
36,1,997,modular,6,p,img/target_10.png
36,1,998,modular,5,o,img/target_9.png
36,1,999,modular,6,p,img/target_10.png
36,1,1000,modular,8,w,img/target_2.png
