pID,sess,trialNum,graph,walk,resp,path
36,2,1,modular,7,r,img/target_4.png
36,2,2,modular,5,o,img/target_9.png
36,2,3,modular,8,w,img/target_2.png
36,2,4,modular,7,r,img/target_4.png
36,2,5,modular,8,w,img/target_2.png
36,2,6,modular,9,b,img/target_6.png
36,2,7,modular,8,w,img/target_2.png
36,2,8,modular,6,p,img/target_10.png
36,2,9,modular,5,o,img/target_9.png
36,2,10,modular,8,w,img/target_2.png
36,2,11,modular,5,o,img/target_9.png
36,2,12,modular,8,w,img/target_2.png
36,2,13,modular,9,b,img/target_6.png
36,2,14,modular,6,p,img/target_10.png
36,2,15,modular,7,r,img/target_4.png
36,2,16,modular,8,w,img/target_2.png
36,2,17,modular,6,p,img/target_10.png
36,2,18,modular,7,r,img/target_4.png
36,2,19,modular,8,w,img/target_2.png
36,2,20,modular,9,b,img/target_6.png
36,2,21,modular,8,w,img/target_2.png
36,2,22,modular,9,b,img/target_6.png
36,2,23,modular,0,v,img/target_5.png
36,2,24,modular,1,i,img/target_8.png
36,2,25,modular,3,u,img/target_7.png
36,2,26,modular,0,v,img/target_5.png
36,2,27,modular,2,e,img/target_3.png
36,2,28,modular,0,v,img/target_5.png
36,2,29,modular,2,e,img/target_3.png
36,2,30,modular,0,v,img/target_5.png
36,2,31,modular,9,b,img/target_6.png
36,2,32,modular,7,r,img/target_4.png
36,2,33,modular,6,p,img/target_10.png
36,2,34,modular,8,w,img/target_2.png
36,2,35,modular,7,r,img/target_4.png
36,2,36,modular,9,b,img/target_6.png
36,2,37,modular,0,v,img/target_5.png
36,2,38,modular,9,b,img/target_6.png
36,2,39,modular,6,p,img/target_10.png
36,2,40,modular,7,r,img/target_4.png
36,2,41,modular,9,b,img/target_6.png
36,2,42,modular,0,v,img/target_5.png
36,2,43,modular,2,e,img/target_3.png
36,2,44,modular,3,u,img/target_7.png
36,2,45,modular,4,q,img/target_1.png
36,2,46,modular,5,o,img/target_9.png
36,2,47,modular,8,w,img/target_2.png
36,2,48,modular,6,p,img/target_10.png
36,2,49,modular,9,b,img/target_6.png
36,2,50,modular,7,r,img/target_4.png
36,2,51,modular,9,b,img/target_6.png
36,2,52,modular,8,w,img/target_2.png
36,2,53,modular,6,p,img/target_10.png
36,2,54,modular,5,o,img/target_9.png
36,2,55,modular,7,r,img/target_4.png
36,2,56,modular,5,o,img/target_9.png
36,2,57,modular,7,r,img/target_4.png
36,2,58,modular,8,w,img/target_2.png
36,2,59,modular,5,o,img/target_9.png
36,2,60,modular,4,q,img/target_1.png
36,2,61,modular,3,u,img/target_7.png
36,2,62,modular,2,e,img/target_3.png
36,2,63,modular,3,u,img/target_7.png
36,2,64,modular,0,v,img/target_5.png
36,2,65,modular,9,b,img/target_6.png
36,2,66,modular,8,w,img/target_2.png
36,2,67,modular,6,p,img/target_10.png
36,2,68,modular,9,b,img/target_6.png
36,2,69,modular,6,p,img/target_10.png
36,2,70,modular,7,r,img/target_4.png
36,2,71,modular,5,o,img/target_9.png
36,2,72,modular,8,w,img/target_2.png
36,2,73,modular,7,r,img/target_4.png
36,2,74,modular,6,p,img/target_10.png
36,2,75,modular,5,o,img/target_9.png
36,2,76,modular,6,p,img/target_10.png
36,2,77,modular,7,r,img/target_4.png
36,2,78,modular,5,o,img/target_9.png
36,2,79,modular,7,r,img/target_4.png
36,2,80,modular,9,b,img/target_6.png
36,2,81,modular,0,v,img/target_5.png
36,2,82,modular,9,b,img/target_6.png
36,2,83,modular,6,p,img/target_10.png
36,2,84,modular,8,w,img/target_2.png
36,2,85,modular,6,p,img/target_10.png
36,2,86,modular,7,r,img/target_4.png
36,2,87,modular,5,o,img/target_9.png
36,2,88,modular,8,w,img/target_2.png
36,2,89,modular,6,p,img/target_10.png
36,2,90,modular,9,b,img/target_6.png
36,2,91,modular,7,r,img/target_4.png
36,2,92,modular,6,p,img/target_10.png
36,2,93,modular,7,r,img/target_4.png
36,2,94,modular,9,b,img/target_6.png
36,2,95,modular,0,v,img/target_5.png
36,2,96,modular,3,u,img/target_7.png
36,2,97,modular,2,e,img/target_3.png
36,2,98,modular,1,i,img/target_8.png
36,2,99,modular,0,v,img/target_5.png
36,2,100,modular,2,e,img/target_3.png
36,2,101,modular,3,u,img/target_7.png
36,2,102,modular,2,e,img/target_3.png
36,2,103,modular,0,v,img/target_5.png
36,2,104,modular,3,u,img/target_7.png
36,2,105,modular,2,e,img/target_3.png
36,2,106,modular,0,v,img/target_5.png
36,2,107,modular,2,e,img/target_3.png
36,2,108,modular,0,v,img/target_5.png
36,2,109,modular,1,i,img/target_8.png
36,2,110,modular,4,q,img/target_1.png
36,2,111,modular,3,u,img/target_7.png
36,2,112,modular,1,i,img/target_8.png
36,2,113,modular,4,q,img/target_1.png
36,2,114,modular,2,e,img/target_3.png
36,2,115,modular,1,i,img/target_8.png
36,2,116,modular,0,v,img/target_5.png
36,2,117,modular,2,e,img/target_3.png
36,2,118,modular,0,v,img/target_5.png
36,2,119,modular,9,b,img/target_6.png
36,2,120,modular,6,p,img/target_10.png
36,2,121,modular,8,w,img/target_2.png
36,2,122,modular,7,r,img/target_4.png
36,2,123,modular,6,p,img/target_10.png
36,2,124,modular,8,w,img/target_2.png
36,2,125,modular,6,p,img/target_10.png
36,2,126,modular,7,r,img/target_4.png
36,2,127,modular,6,p,img/target_10.png
36,2,128,modular,9,b,img/target_6.png
36,2,129,modular,0,v,img/target_5.png
36,2,130,modular,9,b,img/target_6.png
36,2,131,modular,6,p,img/target_10.png
36,2,132,modular,5,o,img/target_9.png
36,2,133,modular,6,p,img/target_10.png
36,2,134,modular,7,r,img/target_4.png
36,2,135,modular,8,w,img/target_2.png
36,2,136,modular,5,o,img/target_9.png
36,2,137,modular,6,p,img/target_10.png
36,2,138,modular,5,o,img/target_9.png
36,2,139,modular,6,p,img/target_10.png
36,2,140,modular,5,o,img/target_9.png
36,2,141,modular,4,q,img/target_1.png
36,2,142,modular,1,i,img/target_8.png
36,2,143,modular,3,u,img/target_7.png
36,2,144,modular,4,q,img/target_1.png
36,2,145,modular,3,u,img/target_7.png
36,2,146,modular,1,i,img/target_8.png
36,2,147,modular,2,e,img/target_3.png
36,2,148,modular,1,i,img/target_8.png
36,2,149,modular,2,e,img/target_3.png
36,2,150,modular,4,q,img/target_1.png
36,2,151,modular,2,e,img/target_3.png
36,2,152,modular,4,q,img/target_1.png
36,2,153,modular,2,e,img/target_3.png
36,2,154,modular,3,u,img/target_7.png
36,2,155,modular,4,q,img/target_1.png
36,2,156,modular,2,e,img/target_3.png
36,2,157,modular,3,u,img/target_7.png
36,2,158,modular,4,q,img/target_1.png
36,2,159,modular,1,i,img/target_8.png
36,2,160,modular,2,e,img/target_3.png
36,2,161,modular,3,u,img/target_7.png
36,2,162,modular,0,v,img/target_5.png
36,2,163,modular,9,b,img/target_6.png
36,2,164,modular,0,v,img/target_5.png
36,2,165,modular,2,e,img/target_3.png
36,2,166,modular,0,v,img/target_5.png
36,2,167,modular,1,i,img/target_8.png
36,2,168,modular,4,q,img/target_1.png
36,2,169,modular,1,i,img/target_8.png
36,2,170,modular,2,e,img/target_3.png
36,2,171,modular,1,i,img/target_8.png
36,2,172,modular,3,u,img/target_7.png
36,2,173,modular,4,q,img/target_1.png
36,2,174,modular,1,i,img/target_8.png
36,2,175,modular,0,v,img/target_5.png
36,2,176,modular,1,i,img/target_8.png
36,2,177,modular,2,e,img/target_3.png
36,2,178,modular,1,i,img/target_8.png
36,2,179,modular,0,v,img/target_5.png
36,2,180,modular,9,b,img/target_6.png
36,2,181,modular,8,w,img/target_2.png
36,2,182,modular,9,b,img/target_6.png
36,2,183,modular,7,r,img/target_4.png
36,2,184,modular,9,b,img/target_6.png
36,2,185,modular,0,v,img/target_5.png
36,2,186,modular,9,b,img/target_6.png
36,2,187,modular,6,p,img/target_10.png
36,2,188,modular,8,w,img/target_2.png
36,2,189,modular,9,b,img/target_6.png
36,2,190,modular,0,v,img/target_5.png
36,2,191,modular,2,e,img/target_3.png
36,2,192,modular,4,q,img/target_1.png
36,2,193,modular,3,u,img/target_7.png
36,2,194,modular,1,i,img/target_8.png
36,2,195,modular,0,v,img/target_5.png
36,2,196,modular,3,u,img/target_7.png
36,2,197,modular,2,e,img/target_3.png
36,2,198,modular,1,i,img/target_8.png
36,2,199,modular,4,q,img/target_1.png
36,2,200,modular,2,e,img/target_3.png
36,2,201,modular,3,u,img/target_7.png
36,2,202,modular,4,q,img/target_1.png
36,2,203,modular,5,o,img/target_9.png
36,2,204,modular,4,q,img/target_1.png
36,2,205,modular,5,o,img/target_9.png
36,2,206,modular,8,w,img/target_2.png
36,2,207,modular,6,p,img/target_10.png
36,2,208,modular,7,r,img/target_4.png
36,2,209,modular,6,p,img/target_10.png
36,2,210,modular,8,w,img/target_2.png
36,2,211,modular,9,b,img/target_6.png
36,2,212,modular,7,r,img/target_4.png
36,2,213,modular,6,p,img/target_10.png
36,2,214,modular,7,r,img/target_4.png
36,2,215,modular,5,o,img/target_9.png
36,2,216,modular,8,w,img/target_2.png
36,2,217,modular,9,b,img/target_6.png
36,2,218,modular,7,r,img/target_4.png
36,2,219,modular,8,w,img/target_2.png
36,2,220,modular,6,p,img/target_10.png
36,2,221,modular,8,w,img/target_2.png
36,2,222,modular,6,p,img/target_10.png
36,2,223,modular,9,b,img/target_6.png
36,2,224,modular,6,p,img/target_10.png
36,2,225,modular,8,w,img/target_2.png
36,2,226,modular,5,o,img/target_9.png
36,2,227,modular,4,q,img/target_1.png
36,2,228,modular,1,i,img/target_8.png
36,2,229,modular,3,u,img/target_7.png
36,2,230,modular,4,q,img/target_1.png
36,2,231,modular,2,e,img/target_3.png
36,2,232,modular,0,v,img/target_5.png
36,2,233,modular,9,b,img/target_6.png
36,2,234,modular,0,v,img/target_5.png
36,2,235,modular,9,b,img/target_6.png
36,2,236,modular,7,r,img/target_4.png
36,2,237,modular,9,b,img/target_6.png
36,2,238,modular,7,r,img/target_4.png
36,2,239,modular,9,b,img/target_6.png
36,2,240,modular,7,r,img/target_4.png
36,2,241,modular,6,p,img/target_10.png
36,2,242,modular,7,r,img/target_4.png
36,2,243,modular,5,o,img/target_9.png
36,2,244,modular,4,q,img/target_1.png
36,2,245,modular,3,u,img/target_7.png
36,2,246,modular,4,q,img/target_1.png
36,2,247,modular,1,i,img/target_8.png
36,2,248,modular,2,e,img/target_3.png
36,2,249,modular,1,i,img/target_8.png
36,2,250,modular,2,e,img/target_3.png
36,2,251,modular,1,i,img/target_8.png
36,2,252,modular,0,v,img/target_5.png
36,2,253,modular,1,i,img/target_8.png
36,2,254,modular,3,u,img/target_7.png
36,2,255,modular,2,e,img/target_3.png
36,2,256,modular,0,v,img/target_5.png
36,2,257,modular,1,i,img/target_8.png
36,2,258,modular,4,q,img/target_1.png
36,2,259,modular,1,i,img/target_8.png
36,2,260,modular,0,v,img/target_5.png
36,2,261,modular,2,e,img/target_3.png
36,2,262,modular,0,v,img/target_5.png
36,2,263,modular,2,e,img/target_3.png
36,2,264,modular,4,q,img/target_1.png
36,2,265,modular,2,e,img/target_3.png
36,2,266,modular,4,q,img/target_1.png
36,2,267,modular,2,e,img/target_3.png
36,2,268,modular,1,i,img/target_8.png
36,2,269,modular,2,e,img/target_3.png
36,2,270,modular,3,u,img/target_7.png
36,2,271,modular,1,i,img/target_8.png
36,2,272,modular,3,u,img/target_7.png
36,2,273,modular,1,i,img/target_8.png
36,2,274,modular,3,u,img/target_7.png
36,2,275,modular,1,i,img/target_8.png
36,2,276,modular,3,u,img/target_7.png
36,2,277,modular,0,v,img/target_5.png
36,2,278,modular,3,u,img/target_7.png
36,2,279,modular,1,i,img/target_8.png
36,2,280,modular,3,u,img/target_7.png
36,2,281,modular,2,e,img/target_3.png
36,2,282,modular,0,v,img/target_5.png
36,2,283,modular,2,e,img/target_3.png
36,2,284,modular,4,q,img/target_1.png
36,2,285,modular,2,e,img/target_3.png
36,2,286,modular,0,v,img/target_5.png
36,2,287,modular,3,u,img/target_7.png
36,2,288,modular,0,v,img/target_5.png
36,2,289,modular,1,i,img/target_8.png
36,2,290,modular,2,e,img/target_3.png
36,2,291,modular,3,u,img/target_7.png
36,2,292,modular,1,i,img/target_8.png
36,2,293,modular,3,u,img/target_7.png
36,2,294,modular,4,q,img/target_1.png
36,2,295,modular,5,o,img/target_9.png
36,2,296,modular,7,r,img/target_4.png
36,2,297,modular,6,p,img/target_10.png
36,2,298,modular,5,o,img/target_9.png
36,2,299,modular,7,r,img/target_4.png
36,2,300,modular,5,o,img/target_9.png
36,2,301,modular,4,q,img/target_1.png
36,2,302,modular,2,e,img/target_3.png
36,2,303,modular,3,u,img/target_7.png
36,2,304,modular,2,e,img/target_3.png
36,2,305,modular,0,v,img/target_5.png
36,2,306,modular,9,b,img/target_6.png
36,2,307,modular,7,r,img/target_4.png
36,2,308,modular,5,o,img/target_9.png
36,2,309,modular,8,w,img/target_2.png
36,2,310,modular,9,b,img/target_6.png
36,2,311,modular,7,r,img/target_4.png
36,2,312,modular,8,w,img/target_2.png
36,2,313,modular,9,b,img/target_6.png
36,2,314,modular,8,w,img/target_2.png
36,2,315,modular,5,o,img/target_9.png
36,2,316,modular,6,p,img/target_10.png
36,2,317,modular,9,b,img/target_6.png
36,2,318,modular,0,v,img/target_5.png
36,2,319,modular,3,u,img/target_7.png
36,2,320,modular,0,v,img/target_5.png
36,2,321,modular,1,i,img/target_8.png
36,2,322,modular,4,q,img/target_1.png
36,2,323,modular,2,e,img/target_3.png
36,2,324,modular,3,u,img/target_7.png
36,2,325,modular,2,e,img/target_3.png
36,2,326,modular,1,i,img/target_8.png
36,2,327,modular,4,q,img/target_1.png
36,2,328,modular,2,e,img/target_3.png
36,2,329,modular,1,i,img/target_8.png
36,2,330,modular,3,u,img/target_7.png
36,2,331,modular,1,i,img/target_8.png
36,2,332,modular,2,e,img/target_3.png
36,2,333,modular,1,i,img/target_8.png
36,2,334,modular,2,e,img/target_3.png
36,2,335,modular,3,u,img/target_7.png
36,2,336,modular,4,q,img/target_1.png
36,2,337,modular,1,i,img/target_8.png
36,2,338,modular,3,u,img/target_7.png
36,2,339,modular,0,v,img/target_5.png
36,2,340,modular,2,e,img/target_3.png
36,2,341,modular,1,i,img/target_8.png
36,2,342,modular,4,q,img/target_1.png
36,2,343,modular,2,e,img/target_3.png
36,2,344,modular,0,v,img/target_5.png
36,2,345,modular,3,u,img/target_7.png
36,2,346,modular,1,i,img/target_8.png
36,2,347,modular,0,v,img/target_5.png
36,2,348,modular,1,i,img/target_8.png
36,2,349,modular,3,u,img/target_7.png
36,2,350,modular,1,i,img/target_8.png
36,2,351,modular,0,v,img/target_5.png
36,2,352,modular,2,e,img/target_3.png
36,2,353,modular,4,q,img/target_1.png
36,2,354,modular,1,i,img/target_8.png
36,2,355,modular,4,q,img/target_1.png
36,2,356,modular,2,e,img/target_3.png
36,2,357,modular,3,u,img/target_7.png
36,2,358,modular,1,i,img/target_8.png
36,2,359,modular,0,v,img/target_5.png
36,2,360,modular,1,i,img/target_8.png
36,2,361,modular,2,e,img/target_3.png
36,2,362,modular,0,v,img/target_5.png
36,2,363,modular,1,i,img/target_8.png
36,2,364,modular,0,v,img/target_5.png
36,2,365,modular,2,e,img/target_3.png
36,2,366,modular,0,v,img/target_5.png
36,2,367,modular,3,u,img/target_7.png
36,2,368,modular,1,i,img/target_8.png
36,2,369,modular,0,v,img/target_5.png
36,2,370,modular,3,u,img/target_7.png
36,2,371,modular,4,q,img/target_1.png
36,2,372,modular,1,i,img/target_8.png
36,2,373,modular,0,v,img/target_5.png
36,2,374,modular,2,e,img/target_3.png
36,2,375,modular,1,i,img/target_8.png
36,2,376,modular,3,u,img/target_7.png
36,2,377,modular,1,i,img/target_8.png
36,2,378,modular,4,q,img/target_1.png
36,2,379,modular,3,u,img/target_7.png
36,2,380,modular,1,i,img/target_8.png
36,2,381,modular,3,u,img/target_7.png
36,2,382,modular,2,e,img/target_3.png
36,2,383,modular,3,u,img/target_7.png
36,2,384,modular,2,e,img/target_3.png
36,2,385,modular,3,u,img/target_7.png
36,2,386,modular,0,v,img/target_5.png
36,2,387,modular,2,e,img/target_3.png
36,2,388,modular,4,q,img/target_1.png
36,2,389,modular,3,u,img/target_7.png
36,2,390,modular,0,v,img/target_5.png
36,2,391,modular,2,e,img/target_3.png
36,2,392,modular,1,i,img/target_8.png
36,2,393,modular,2,e,img/target_3.png
36,2,394,modular,3,u,img/target_7.png
36,2,395,modular,0,v,img/target_5.png
36,2,396,modular,3,u,img/target_7.png
36,2,397,modular,4,q,img/target_1.png
36,2,398,modular,1,i,img/target_8.png
36,2,399,modular,3,u,img/target_7.png
36,2,400,modular,4,q,img/target_1.png
36,2,401,modular,5,o,img/target_9.png
36,2,402,modular,6,p,img/target_10.png
36,2,403,modular,5,o,img/target_9.png
36,2,404,modular,4,q,img/target_1.png
36,2,405,modular,3,u,img/target_7.png
36,2,406,modular,1,i,img/target_8.png
36,2,407,modular,4,q,img/target_1.png
36,2,408,modular,5,o,img/target_9.png
36,2,409,modular,8,w,img/target_2.png
36,2,410,modular,5,o,img/target_9.png
36,2,411,modular,4,q,img/target_1.png
36,2,412,modular,5,o,img/target_9.png
36,2,413,modular,8,w,img/target_2.png
36,2,414,modular,6,p,img/target_10.png
36,2,415,modular,9,b,img/target_6.png
36,2,416,modular,8,w,img/target_2.png
36,2,417,modular,7,r,img/target_4.png
36,2,418,modular,9,b,img/target_6.png
36,2,419,modular,6,p,img/target_10.png
36,2,420,modular,8,w,img/target_2.png
36,2,421,modular,7,r,img/target_4.png
36,2,422,modular,5,o,img/target_9.png
36,2,423,modular,8,w,img/target_2.png
36,2,424,modular,6,p,img/target_10.png
36,2,425,modular,5,o,img/target_9.png
36,2,426,modular,7,r,img/target_4.png
36,2,427,modular,6,p,img/target_10.png
36,2,428,modular,5,o,img/target_9.png
36,2,429,modular,7,r,img/target_4.png
36,2,430,modular,8,w,img/target_2.png
36,2,431,modular,9,b,img/target_6.png
36,2,432,modular,6,p,img/target_10.png
36,2,433,modular,8,w,img/target_2.png
36,2,434,modular,7,r,img/target_4.png
36,2,435,modular,6,p,img/target_10.png
36,2,436,modular,9,b,img/target_6.png
36,2,437,modular,8,w,img/target_2.png
36,2,438,modular,5,o,img/target_9.png
36,2,439,modular,8,w,img/target_2.png
36,2,440,modular,5,o,img/target_9.png
36,2,441,modular,8,w,img/target_2.png
36,2,442,modular,9,b,img/target_6.png
36,2,443,modular,8,w,img/target_2.png
36,2,444,modular,9,b,img/target_6.png
36,2,445,modular,0,v,img/target_5.png
36,2,446,modular,2,e,img/target_3.png
36,2,447,modular,3,u,img/target_7.png
36,2,448,modular,2,e,img/target_3.png
36,2,449,modular,3,u,img/target_7.png
36,2,450,modular,1,i,img/target_8.png
36,2,451,modular,3,u,img/target_7.png
36,2,452,modular,2,e,img/target_3.png
36,2,453,modular,1,i,img/target_8.png
36,2,454,modular,3,u,img/target_7.png
36,2,455,modular,1,i,img/target_8.png
36,2,456,modular,0,v,img/target_5.png
36,2,457,modular,3,u,img/target_7.png
36,2,458,modular,1,i,img/target_8.png
36,2,459,modular,0,v,img/target_5.png
36,2,460,modular,9,b,img/target_6.png
36,2,461,modular,6,p,img/target_10.png
36,2,462,modular,9,b,img/target_6.png
36,2,463,modular,0,v,img/target_5.png
36,2,464,modular,3,u,img/target_7.png
36,2,465,modular,2,e,img/target_3.png
36,2,466,modular,4,q,img/target_1.png
36,2,467,modular,1,i,img/target_8.png
36,2,468,modular,2,e,img/target_3.png
36,2,469,modular,0,v,img/target_5.png
36,2,470,modular,2,e,img/target_3.png
36,2,471,modular,3,u,img/target_7.png
36,2,472,modular,2,e,img/target_3.png
36,2,473,modular,4,q,img/target_1.png
36,2,474,modular,3,u,img/target_7.png
36,2,475,modular,4,q,img/target_1.png
36,2,476,modular,5,o,img/target_9.png
36,2,477,modular,8,w,img/target_2.png
36,2,478,modular,7,r,img/target_4.png
36,2,479,modular,9,b,img/target_6.png
36,2,480,modular,6,p,img/target_10.png
36,2,481,modular,8,w,img/target_2.png
36,2,482,modular,7,r,img/target_4.png
36,2,483,modular,8,w,img/target_2.png
36,2,484,modular,7,r,img/target_4.png
36,2,485,modular,9,b,img/target_6.png
36,2,486,modular,0,v,img/target_5.png
36,2,487,modular,3,u,img/target_7.png
36,2,488,modular,0,v,img/target_5.png
36,2,489,modular,9,b,img/target_6.png
36,2,490,modular,8,w,img/target_2.png
36,2,491,modular,7,r,img/target_4.png
36,2,492,modular,8,w,img/target_2.png
36,2,493,modular,7,r,img/target_4.png
36,2,494,modular,5,o,img/target_9.png
36,2,495,modular,8,w,img/target_2.png
36,2,496,modular,6,p,img/target_10.png
36,2,497,modular,7,r,img/target_4.png
36,2,498,modular,6,p,img/target_10.png
36,2,499,modular,7,r,img/target_4.png
36,2,500,modular,9,b,img/target_6.png
36,2,501,modular,8,w,img/target_2.png
36,2,502,modular,7,r,img/target_4.png
36,2,503,modular,8,w,img/target_2.png
36,2,504,modular,5,o,img/target_9.png
36,2,505,modular,4,q,img/target_1.png
36,2,506,modular,2,e,img/target_3.png
36,2,507,modular,4,q,img/target_1.png
36,2,508,modular,3,u,img/target_7.png
36,2,509,modular,2,e,img/target_3.png
36,2,510,modular,3,u,img/target_7.png
36,2,511,modular,1,i,img/target_8.png
36,2,512,modular,3,u,img/target_7.png
36,2,513,modular,2,e,img/target_3.png
36,2,514,modular,3,u,img/target_7.png
36,2,515,modular,1,i,img/target_8.png
36,2,516,modular,0,v,img/target_5.png
36,2,517,modular,1,i,img/target_8.png
36,2,518,modular,3,u,img/target_7.png
36,2,519,modular,0,v,img/target_5.png
36,2,520,modular,2,e,img/target_3.png
36,2,521,modular,1,i,img/target_8.png
36,2,522,modular,2,e,img/target_3.png
36,2,523,modular,1,i,img/target_8.png
36,2,524,modular,2,e,img/target_3.png
36,2,525,modular,3,u,img/target_7.png
36,2,526,modular,2,e,img/target_3.png
36,2,527,modular,4,q,img/target_1.png
36,2,528,modular,5,o,img/target_9.png
36,2,529,modular,7,r,img/target_4.png
36,2,530,modular,5,o,img/target_9.png
36,2,531,modular,4,q,img/target_1.png
36,2,532,modular,1,i,img/target_8.png
36,2,533,modular,2,e,img/target_3.png
36,2,534,modular,3,u,img/target_7.png
36,2,535,modular,0,v,img/target_5.png
36,2,536,modular,1,i,img/target_8.png
36,2,537,modular,0,v,img/target_5.png
36,2,538,modular,1,i,img/target_8.png
36,2,539,modular,2,e,img/target_3.png
36,2,540,modular,0,v,img/target_5.png
36,2,541,modular,3,u,img/target_7.png
36,2,542,modular,1,i,img/target_8.png
36,2,543,modular,3,u,img/target_7.png
36,2,544,modular,0,v,img/target_5.png
36,2,545,modular,3,u,img/target_7.png
36,2,546,modular,1,i,img/target_8.png
36,2,547,modular,0,v,img/target_5.png
36,2,548,modular,3,u,img/target_7.png
36,2,549,modular,0,v,img/target_5.png
36,2,550,modular,2,e,img/target_3.png
36,2,551,modular,1,i,img/target_8.png
36,2,552,modular,4,q,img/target_1.png
36,2,553,modular,1,i,img/target_8.png
36,2,554,modular,0,v,img/target_5.png
36,2,555,modular,3,u,img/target_7.png
36,2,556,modular,4,q,img/target_1.png
36,2,557,modular,2,e,img/target_3.png
36,2,558,modular,1,i,img/target_8.png
36,2,559,modular,4,q,img/target_1.png
36,2,560,modular,3,u,img/target_7.png
36,2,561,modular,4,q,img/target_1.png
36,2,562,modular,3,u,img/target_7.png
36,2,563,modular,2,e,img/target_3.png
36,2,564,modular,4,q,img/target_1.png
36,2,565,modular,2,e,img/target_3.png
36,2,566,modular,0,v,img/target_5.png
36,2,567,modular,2,e,img/target_3.png
36,2,568,modular,0,v,img/target_5.png
36,2,569,modular,3,u,img/target_7.png
36,2,570,modular,0,v,img/target_5.png
36,2,571,modular,1,i,img/target_8.png
36,2,572,modular,0,v,img/target_5.png
36,2,573,modular,3,u,img/target_7.png
36,2,574,modular,1,i,img/target_8.png
36,2,575,modular,2,e,img/target_3.png
36,2,576,modular,0,v,img/target_5.png
36,2,577,modular,1,i,img/target_8.png
36,2,578,modular,4,q,img/target_1.png
36,2,579,modular,2,e,img/target_3.png
36,2,580,modular,0,v,img/target_5.png
36,2,581,modular,1,i,img/target_8.png
36,2,582,modular,0,v,img/target_5.png
36,2,583,modular,9,b,img/target_6.png
36,2,584,modular,6,p,img/target_10.png
36,2,585,modular,9,b,img/target_6.png
36,2,586,modular,0,v,img/target_5.png
36,2,587,modular,3,u,img/target_7.png
36,2,588,modular,1,i,img/target_8.png
36,2,589,modular,2,e,img/target_3.png
36,2,590,modular,3,u,img/target_7.png
36,2,591,modular,0,v,img/target_5.png
36,2,592,modular,3,u,img/target_7.png
36,2,593,modular,2,e,img/target_3.png
36,2,594,modular,3,u,img/target_7.png
36,2,595,modular,2,e,img/target_3.png
36,2,596,modular,1,i,img/target_8.png
36,2,597,modular,2,e,img/target_3.png
36,2,598,modular,0,v,img/target_5.png
36,2,599,modular,2,e,img/target_3.png
36,2,600,modular,4,q,img/target_1.png
36,2,601,modular,1,i,img/target_8.png
36,2,602,modular,0,v,img/target_5.png
36,2,603,modular,3,u,img/target_7.png
36,2,604,modular,0,v,img/target_5.png
36,2,605,modular,1,i,img/target_8.png
36,2,606,modular,4,q,img/target_1.png
36,2,607,modular,5,o,img/target_9.png
36,2,608,modular,7,r,img/target_4.png
36,2,609,modular,9,b,img/target_6.png
36,2,610,modular,6,p,img/target_10.png
36,2,611,modular,7,r,img/target_4.png
36,2,612,modular,5,o,img/target_9.png
36,2,613,modular,7,r,img/target_4.png
36,2,614,modular,9,b,img/target_6.png
36,2,615,modular,8,w,img/target_2.png
36,2,616,modular,9,b,img/target_6.png
36,2,617,modular,8,w,img/target_2.png
36,2,618,modular,6,p,img/target_10.png
36,2,619,modular,5,o,img/target_9.png
36,2,620,modular,8,w,img/target_2.png
36,2,621,modular,7,r,img/target_4.png
36,2,622,modular,5,o,img/target_9.png
36,2,623,modular,8,w,img/target_2.png
36,2,624,modular,6,p,img/target_10.png
36,2,625,modular,9,b,img/target_6.png
36,2,626,modular,8,w,img/target_2.png
36,2,627,modular,6,p,img/target_10.png
36,2,628,modular,8,w,img/target_2.png
36,2,629,modular,7,r,img/target_4.png
36,2,630,modular,6,p,img/target_10.png
36,2,631,modular,5,o,img/target_9.png
36,2,632,modular,4,q,img/target_1.png
36,2,633,modular,1,i,img/target_8.png
36,2,634,modular,4,q,img/target_1.png
36,2,635,modular,3,u,img/target_7.png
36,2,636,modular,0,v,img/target_5.png
36,2,637,modular,9,b,img/target_6.png
36,2,638,modular,6,p,img/target_10.png
36,2,639,modular,5,o,img/target_9.png
36,2,640,modular,7,r,img/target_4.png
36,2,641,modular,6,p,img/target_10.png
36,2,642,modular,5,o,img/target_9.png
36,2,643,modular,4,q,img/target_1.png
36,2,644,modular,2,e,img/target_3.png
36,2,645,modular,1,i,img/target_8.png
36,2,646,modular,0,v,img/target_5.png
36,2,647,modular,3,u,img/target_7.png
36,2,648,modular,2,e,img/target_3.png
36,2,649,modular,4,q,img/target_1.png
36,2,650,modular,5,o,img/target_9.png
36,2,651,modular,7,r,img/target_4.png
36,2,652,modular,6,p,img/target_10.png
36,2,653,modular,9,b,img/target_6.png
36,2,654,modular,7,r,img/target_4.png
36,2,655,modular,5,o,img/target_9.png
36,2,656,modular,6,p,img/target_10.png
36,2,657,modular,7,r,img/target_4.png
36,2,658,modular,5,o,img/target_9.png
36,2,659,modular,4,q,img/target_1.png
36,2,660,modular,2,e,img/target_3.png
36,2,661,modular,1,i,img/target_8.png
36,2,662,modular,2,e,img/target_3.png
36,2,663,modular,4,q,img/target_1.png
36,2,664,modular,1,i,img/target_8.png
36,2,665,modular,2,e,img/target_3.png
36,2,666,modular,0,v,img/target_5.png
36,2,667,modular,1,i,img/target_8.png
36,2,668,modular,4,q,img/target_1.png
36,2,669,modular,2,e,img/target_3.png
36,2,670,modular,1,i,img/target_8.png
36,2,671,modular,0,v,img/target_5.png
36,2,672,modular,9,b,img/target_6.png
36,2,673,modular,6,p,img/target_10.png
36,2,674,modular,8,w,img/target_2.png
36,2,675,modular,5,o,img/target_9.png
36,2,676,modular,6,p,img/target_10.png
36,2,677,modular,5,o,img/target_9.png
36,2,678,modular,4,q,img/target_1.png
36,2,679,modular,2,e,img/target_3.png
36,2,680,modular,0,v,img/target_5.png
36,2,681,modular,1,i,img/target_8.png
36,2,682,modular,4,q,img/target_1.png
36,2,683,modular,5,o,img/target_9.png
36,2,684,modular,4,q,img/target_1.png
36,2,685,modular,1,i,img/target_8.png
36,2,686,modular,2,e,img/target_3.png
36,2,687,modular,0,v,img/target_5.png
36,2,688,modular,1,i,img/target_8.png
36,2,689,modular,4,q,img/target_1.png
36,2,690,modular,3,u,img/target_7.png
36,2,691,modular,0,v,img/target_5.png
36,2,692,modular,2,e,img/target_3.png
36,2,693,modular,3,u,img/target_7.png
36,2,694,modular,4,q,img/target_1.png
36,2,695,modular,5,o,img/target_9.png
36,2,696,modular,6,p,img/target_10.png
36,2,697,modular,5,o,img/target_9.png
36,2,698,modular,7,r,img/target_4.png
36,2,699,modular,8,w,img/target_2.png
36,2,700,modular,5,o,img/target_9.png
36,2,701,modular,8,w,img/target_2.png
36,2,702,modular,7,r,img/target_4.png
36,2,703,modular,8,w,img/target_2.png
36,2,704,modular,9,b,img/target_6.png
36,2,705,modular,7,r,img/target_4.png
36,2,706,modular,8,w,img/target_2.png
36,2,707,modular,6,p,img/target_10.png
36,2,708,modular,7,r,img/target_4.png
36,2,709,modular,5,o,img/target_9.png
36,2,710,modular,4,q,img/target_1.png
36,2,711,modular,3,u,img/target_7.png
36,2,712,modular,1,i,img/target_8.png
36,2,713,modular,4,q,img/target_1.png
36,2,714,modular,1,i,img/target_8.png
36,2,715,modular,2,e,img/target_3.png
36,2,716,modular,1,i,img/target_8.png
36,2,717,modular,3,u,img/target_7.png
36,2,718,modular,0,v,img/target_5.png
36,2,719,modular,1,i,img/target_8.png
36,2,720,modular,4,q,img/target_1.png
36,2,721,modular,2,e,img/target_3.png
36,2,722,modular,1,i,img/target_8.png
36,2,723,modular,0,v,img/target_5.png
36,2,724,modular,1,i,img/target_8.png
36,2,725,modular,0,v,img/target_5.png
36,2,726,modular,9,b,img/target_6.png
36,2,727,modular,7,r,img/target_4.png
36,2,728,modular,6,p,img/target_10.png
36,2,729,modular,7,r,img/target_4.png
36,2,730,modular,9,b,img/target_6.png
36,2,731,modular,0,v,img/target_5.png
36,2,732,modular,3,u,img/target_7.png
36,2,733,modular,0,v,img/target_5.png
36,2,734,modular,1,i,img/target_8.png
36,2,735,modular,3,u,img/target_7.png
36,2,736,modular,2,e,img/target_3.png
36,2,737,modular,3,u,img/target_7.png
36,2,738,modular,4,q,img/target_1.png
36,2,739,modular,2,e,img/target_3.png
36,2,740,modular,1,i,img/target_8.png
36,2,741,modular,2,e,img/target_3.png
36,2,742,modular,1,i,img/target_8.png
36,2,743,modular,3,u,img/target_7.png
36,2,744,modular,4,q,img/target_1.png
36,2,745,modular,1,i,img/target_8.png
36,2,746,modular,3,u,img/target_7.png
36,2,747,modular,1,i,img/target_8.png
36,2,748,modular,0,v,img/target_5.png
36,2,749,modular,3,u,img/target_7.png
36,2,750,modular,1,i,img/target_8.png
36,2,751,modular,4,q,img/target_1.png
36,2,752,modular,2,e,img/target_3.png
36,2,753,modular,3,u,img/target_7.png
36,2,754,modular,1,i,img/target_8.png
36,2,755,modular,2,e,img/target_3.png
36,2,756,modular,3,u,img/target_7.png
36,2,757,modular,2,e,img/target_3.png
36,2,758,modular,0,v,img/target_5.png
36,2,759,modular,9,b,img/target_6.png
36,2,760,modular,7,r,img/target_4.png
36,2,761,modular,9,b,img/target_6.png
36,2,762,modular,7,r,img/target_4.png
36,2,763,modular,5,o,img/target_9.png
36,2,764,modular,4,q,img/target_1.png
36,2,765,modular,5,o,img/target_9.png
36,2,766,modular,4,q,img/target_1.png
36,2,767,modular,1,i,img/target_8.png
36,2,768,modular,0,v,img/target_5.png
36,2,769,modular,3,u,img/target_7.png
36,2,770,modular,0,v,img/target_5.png
36,2,771,modular,9,b,img/target_6.png
36,2,772,modular,8,w,img/target_2.png
36,2,773,modular,9,b,img/target_6.png
36,2,774,modular,7,r,img/target_4.png
36,2,775,modular,9,b,img/target_6.png
36,2,776,modular,0,v,img/target_5.png
36,2,777,modular,1,i,img/target_8.png
36,2,778,modular,3,u,img/target_7.png
36,2,779,modular,0,v,img/target_5.png
36,2,780,modular,9,b,img/target_6.png
36,2,781,modular,0,v,img/target_5.png
36,2,782,modular,3,u,img/target_7.png
36,2,783,modular,0,v,img/target_5.png
36,2,784,modular,9,b,img/target_6.png
36,2,785,modular,8,w,img/target_2.png
36,2,786,modular,7,r,img/target_4.png
36,2,787,modular,5,o,img/target_9.png
36,2,788,modular,4,q,img/target_1.png
36,2,789,modular,5,o,img/target_9.png
36,2,790,modular,4,q,img/target_1.png
36,2,791,modular,3,u,img/target_7.png
36,2,792,modular,4,q,img/target_1.png
36,2,793,modular,3,u,img/target_7.png
36,2,794,modular,1,i,img/target_8.png
36,2,795,modular,4,q,img/target_1.png
36,2,796,modular,3,u,img/target_7.png
36,2,797,modular,1,i,img/target_8.png
36,2,798,modular,0,v,img/target_5.png
36,2,799,modular,9,b,img/target_6.png
36,2,800,modular,8,w,img/target_2.png
36,2,801,modular,7,r,img/target_4.png
36,2,802,modular,6,p,img/target_10.png
36,2,803,modular,8,w,img/target_2.png
36,2,804,modular,6,p,img/target_10.png
36,2,805,modular,5,o,img/target_9.png
36,2,806,modular,7,r,img/target_4.png
36,2,807,modular,8,w,img/target_2.png
36,2,808,modular,9,b,img/target_6.png
36,2,809,modular,8,w,img/target_2.png
36,2,810,modular,9,b,img/target_6.png
36,2,811,modular,7,r,img/target_4.png
36,2,812,modular,9,b,img/target_6.png
36,2,813,modular,7,r,img/target_4.png
36,2,814,modular,5,o,img/target_9.png
36,2,815,modular,4,q,img/target_1.png
36,2,816,modular,1,i,img/target_8.png
36,2,817,modular,3,u,img/target_7.png
36,2,818,modular,4,q,img/target_1.png
36,2,819,modular,3,u,img/target_7.png
36,2,820,modular,4,q,img/target_1.png
36,2,821,modular,2,e,img/target_3.png
36,2,822,modular,0,v,img/target_5.png
36,2,823,modular,1,i,img/target_8.png
36,2,824,modular,0,v,img/target_5.png
36,2,825,modular,3,u,img/target_7.png
36,2,826,modular,0,v,img/target_5.png
36,2,827,modular,3,u,img/target_7.png
36,2,828,modular,1,i,img/target_8.png
36,2,829,modular,3,u,img/target_7.png
36,2,830,modular,4,q,img/target_1.png
36,2,831,modular,5,o,img/target_9.png
36,2,832,modular,8,w,img/target_2.png
36,2,833,modular,9,b,img/target_6.png
36,2,834,modular,7,r,img/target_4.png
36,2,835,modular,9,b,img/target_6.png
36,2,836,modular,6,p,img/target_10.png
36,2,837,modular,8,w,img/target_2.png
36,2,838,modular,7,r,img/target_4.png
36,2,839,modular,5,o,img/target_9.png
36,2,840,modular,8,w,img/target_2.png
36,2,841,modular,9,b,img/target_6.png
36,2,842,modular,7,r,img/target_4.png
36,2,843,modular,6,p,img/target_10.png
36,2,844,modular,8,w,img/target_2.png
36,2,845,modular,5,o,img/target_9.png
36,2,846,modular,8,w,img/target_2.png
36,2,847,modular,5,o,img/target_9.png
36,2,848,modular,8,w,img/target_2.png
36,2,849,modular,6,p,img/target_10.png
36,2,850,modular,7,r,img/target_4.png
36,2,851,modular,8,w,img/target_2.png
36,2,852,modular,9,b,img/target_6.png
36,2,853,modular,6,p,img/target_10.png
36,2,854,modular,7,r,img/target_4.png
36,2,855,modular,6,p,img/target_10.png
36,2,856,modular,7,r,img/target_4.png
36,2,857,modular,9,b,img/target_6.png
36,2,858,modular,6,p,img/target_10.png
36,2,859,modular,5,o,img/target_9.png
36,2,860,modular,7,r,img/target_4.png
36,2,861,modular,9,b,img/target_6.png
36,2,862,modular,0,v,img/target_5.png
36,2,863,modular,1,i,img/target_8.png
36,2,864,modular,2,e,img/target_3.png
36,2,865,modular,4,q,img/target_1.png
36,2,866,modular,2,e,img/target_3.png
36,2,867,modular,4,q,img/target_1.png
36,2,868,modular,5,o,img/target_9.png
36,2,869,modular,7,r,img/target_4.png
36,2,870,modular,8,w,img/target_2.png
36,2,871,modular,9,b,img/target_6.png
36,2,872,modular,6,p,img/target_10.png
36,2,873,modular,9,b,img/target_6.png
36,2,874,modular,6,p,img/target_10.png
36,2,875,modular,7,r,img/target_4.png
36,2,876,modular,6,p,img/target_10.png
36,2,877,modular,5,o,img/target_9.png
36,2,878,modular,7,r,img/target_4.png
36,2,879,modular,6,p,img/target_10.png
36,2,880,modular,8,w,img/target_2.png
36,2,881,modular,9,b,img/target_6.png
36,2,882,modular,8,w,img/target_2.png
36,2,883,modular,5,o,img/target_9.png
36,2,884,modular,8,w,img/target_2.png
36,2,885,modular,6,p,img/target_10.png
36,2,886,modular,7,r,img/target_4.png
36,2,887,modular,6,p,img/target_10.png
36,2,888,modular,9,b,img/target_6.png
36,2,889,modular,6,p,img/target_10.png
36,2,890,modular,9,b,img/target_6.png
36,2,891,modular,8,w,img/target_2.png
36,2,892,modular,9,b,img/target_6.png
36,2,893,modular,6,p,img/target_10.png
36,2,894,modular,5,o,img/target_9.png
36,2,895,modular,8,w,img/target_2.png
36,2,896,modular,6,p,img/target_10.png
36,2,897,modular,5,o,img/target_9.png
36,2,898,modular,7,r,img/target_4.png
36,2,899,modular,9,b,img/target_6.png
36,2,900,modular,0,v,img/target_5.png
36,2,901,modular,1,i,img/target_8.png
36,2,902,modular,2,e,img/target_3.png
36,2,903,modular,4,q,img/target_1.png
36,2,904,modular,3,u,img/target_7.png
36,2,905,modular,1,i,img/target_8.png
36,2,906,modular,3,u,img/target_7.png
36,2,907,modular,0,v,img/target_5.png
36,2,908,modular,1,i,img/target_8.png
36,2,909,modular,4,q,img/target_1.png
36,2,910,modular,3,u,img/target_7.png
36,2,911,modular,1,i,img/target_8.png
36,2,912,modular,0,v,img/target_5.png
36,2,913,modular,1,i,img/target_8.png
36,2,914,modular,4,q,img/target_1.png
36,2,915,modular,5,o,img/target_9.png
36,2,916,modular,6,p,img/target_10.png
36,2,917,modular,8,w,img/target_2.png
36,2,918,modular,5,o,img/target_9.png
36,2,919,modular,8,w,img/target_2.png
36,2,920,modular,9,b,img/target_6.png
36,2,921,modular,6,p,img/target_10.png
36,2,922,modular,7,r,img/target_4.png
36,2,923,modular,5,o,img/target_9.png
36,2,924,modular,8,w,img/target_2.png
36,2,925,modular,5,o,img/target_9.png
36,2,926,modular,8,w,img/target_2.png
36,2,927,modular,6,p,img/target_10.png
36,2,928,modular,5,o,img/target_9.png
36,2,929,modular,6,p,img/target_10.png
36,2,930,modular,5,o,img/target_9.png
36,2,931,modular,7,r,img/target_4.png
36,2,932,modular,8,w,img/target_2.png
36,2,933,modular,9,b,img/target_6.png
36,2,934,modular,6,p,img/target_10.png
36,2,935,modular,9,b,img/target_6.png
36,2,936,modular,7,r,img/target_4.png
36,2,937,modular,9,b,img/target_6.png
36,2,938,modular,7,r,img/target_4.png
36,2,939,modular,9,b,img/target_6.png
36,2,940,modular,7,r,img/target_4.png
36,2,941,modular,9,b,img/target_6.png
36,2,942,modular,6,p,img/target_10.png
36,2,943,modular,7,r,img/target_4.png
36,2,944,modular,6,p,img/target_10.png
36,2,945,modular,8,w,img/target_2.png
36,2,946,modular,5,o,img/target_9.png
36,2,947,modular,8,w,img/target_2.png
36,2,948,modular,6,p,img/target_10.png
36,2,949,modular,7,r,img/target_4.png
36,2,950,modular,9,b,img/target_6.png
36,2,951,modular,8,w,img/target_2.png
36,2,952,modular,7,r,img/target_4.png
36,2,953,modular,6,p,img/target_10.png
36,2,954,modular,8,w,img/target_2.png
36,2,955,modular,5,o,img/target_9.png
36,2,956,modular,6,p,img/target_10.png
36,2,957,modular,8,w,img/target_2.png
36,2,958,modular,5,o,img/target_9.png
36,2,959,modular,7,r,img/target_4.png
36,2,960,modular,8,w,img/target_2.png
36,2,961,modular,5,o,img/target_9.png
36,2,962,modular,6,p,img/target_10.png
36,2,963,modular,5,o,img/target_9.png
36,2,964,modular,8,w,img/target_2.png
36,2,965,modular,9,b,img/target_6.png
36,2,966,modular,0,v,img/target_5.png
36,2,967,modular,1,i,img/target_8.png
36,2,968,modular,3,u,img/target_7.png
36,2,969,modular,4,q,img/target_1.png
36,2,970,modular,2,e,img/target_3.png
36,2,971,modular,4,q,img/target_1.png
36,2,972,modular,5,o,img/target_9.png
36,2,973,modular,4,q,img/target_1.png
36,2,974,modular,1,i,img/target_8.png
36,2,975,modular,3,u,img/target_7.png
36,2,976,modular,2,e,img/target_3.png
36,2,977,modular,0,v,img/target_5.png
36,2,978,modular,3,u,img/target_7.png
36,2,979,modular,2,e,img/target_3.png
36,2,980,modular,1,i,img/target_8.png
36,2,981,modular,3,u,img/target_7.png
36,2,982,modular,0,v,img/target_5.png
36,2,983,modular,2,e,img/target_3.png
36,2,984,modular,1,i,img/target_8.png
36,2,985,modular,2,e,img/target_3.png
36,2,986,modular,4,q,img/target_1.png
36,2,987,modular,2,e,img/target_3.png
36,2,988,modular,0,v,img/target_5.png
36,2,989,modular,3,u,img/target_7.png
36,2,990,modular,0,v,img/target_5.png
36,2,991,modular,1,i,img/target_8.png
36,2,992,modular,2,e,img/target_3.png
36,2,993,modular,3,u,img/target_7.png
36,2,994,modular,1,i,img/target_8.png
36,2,995,modular,4,q,img/target_1.png
36,2,996,modular,3,u,img/target_7.png
36,2,997,modular,2,e,img/target_3.png
36,2,998,modular,0,v,img/target_5.png
36,2,999,modular,9,b,img/target_6.png
36,2,1000,modular,6,p,img/target_10.png
