pID,sess,trialNum,graph,walk,resp,path
53,3,1,lattice,5,q,img/target_1.png
53,3,2,lattice,4,w,img/target_2.png
53,3,3,lattice,5,q,img/target_1.png
53,3,4,lattice,3,i,img/target_8.png
53,3,5,lattice,4,w,img/target_2.png
53,3,6,lattice,2,u,img/target_7.png
53,3,7,lattice,3,i,img/target_8.png
53,3,8,lattice,4,w,img/target_2.png
53,3,9,lattice,2,u,img/target_7.png
53,3,10,lattice,4,w,img/target_2.png
53,3,11,lattice,3,i,img/target_8.png
53,3,12,lattice,5,q,img/target_1.png
53,3,13,lattice,3,i,img/target_8.png
53,3,14,lattice,5,q,img/target_1.png
53,3,15,lattice,6,e,img/target_3.png
53,3,16,lattice,8,v,img/target_5.png
53,3,17,lattice,6,e,img/target_3.png
53,3,18,lattice,4,w,img/target_2.png
53,3,19,lattice,6,e,img/target_3.png
53,3,20,lattice,8,v,img/target_5.png
53,3,21,lattice,9,p,img/target_10.png
53,3,22,lattice,8,v,img/target_5.png
53,3,23,lattice,6,e,img/target_3.png
53,3,24,lattice,5,q,img/target_1.png
53,3,25,lattice,4,w,img/target_2.png
53,3,26,lattice,3,i,img/target_8.png
53,3,27,lattice,4,w,img/target_2.png
53,3,28,lattice,5,q,img/target_1.png
53,3,29,lattice,6,e,img/target_3.png
53,3,30,lattice,5,q,img/target_1.png
53,3,31,lattice,3,i,img/target_8.png
53,3,32,lattice,2,u,img/target_7.png
53,3,33,lattice,4,w,img/target_2.png
53,3,34,lattice,6,e,img/target_3.png
53,3,35,lattice,4,w,img/target_2.png
53,3,36,lattice,5,q,img/target_1.png
53,3,37,lattice,7,b,img/target_6.png
53,3,38,lattice,6,e,img/target_3.png
53,3,39,lattice,4,w,img/target_2.png
53,3,40,lattice,3,i,img/target_8.png
53,3,41,lattice,2,u,img/target_7.png
53,3,42,lattice,4,w,img/target_2.png
53,3,43,lattice,6,e,img/target_3.png
53,3,44,lattice,8,v,img/target_5.png
53,3,45,lattice,7,b,img/target_6.png
53,3,46,lattice,5,q,img/target_1.png
53,3,47,lattice,7,b,img/target_6.png
53,3,48,lattice,9,p,img/target_10.png
53,3,49,lattice,0,r,img/target_4.png
53,3,50,lattice,8,v,img/target_5.png
53,3,51,lattice,7,b,img/target_6.png
53,3,52,lattice,5,q,img/target_1.png
53,3,53,lattice,6,e,img/target_3.png
53,3,54,lattice,7,b,img/target_6.png
53,3,55,lattice,8,v,img/target_5.png
53,3,56,lattice,9,p,img/target_10.png
53,3,57,lattice,7,b,img/target_6.png
53,3,58,lattice,9,p,img/target_10.png
53,3,59,lattice,8,v,img/target_5.png
53,3,60,lattice,9,p,img/target_10.png
53,3,61,lattice,7,b,img/target_6.png
53,3,62,lattice,6,e,img/target_3.png
53,3,63,lattice,8,v,img/target_5.png
53,3,64,lattice,6,e,img/target_3.png
53,3,65,lattice,8,v,img/target_5.png
53,3,66,lattice,0,r,img/target_4.png
53,3,67,lattice,2,u,img/target_7.png
53,3,68,lattice,3,i,img/target_8.png
53,3,69,lattice,4,w,img/target_2.png
53,3,70,lattice,5,q,img/target_1.png
53,3,71,lattice,3,i,img/target_8.png
53,3,72,lattice,1,o,img/target_9.png
53,3,73,lattice,0,r,img/target_4.png
53,3,74,lattice,2,u,img/target_7.png
53,3,75,lattice,4,w,img/target_2.png
53,3,76,lattice,3,i,img/target_8.png
53,3,77,lattice,4,w,img/target_2.png
53,3,78,lattice,6,e,img/target_3.png
53,3,79,lattice,4,w,img/target_2.png
53,3,80,lattice,6,e,img/target_3.png
53,3,81,lattice,5,q,img/target_1.png
53,3,82,lattice,6,e,img/target_3.png
53,3,83,lattice,7,b,img/target_6.png
53,3,84,lattice,8,v,img/target_5.png
53,3,85,lattice,6,e,img/target_3.png
53,3,86,lattice,5,q,img/target_1.png
53,3,87,lattice,4,w,img/target_2.png
53,3,88,lattice,3,i,img/target_8.png
53,3,89,lattice,4,w,img/target_2.png
53,3,90,lattice,3,i,img/target_8.png
53,3,91,lattice,1,o,img/target_9.png
53,3,92,lattice,0,r,img/target_4.png
53,3,93,lattice,8,v,img/target_5.png
53,3,94,lattice,7,b,img/target_6.png
53,3,95,lattice,5,q,img/target_1.png
53,3,96,lattice,4,w,img/target_2.png
53,3,97,lattice,5,q,img/target_1.png
53,3,98,lattice,4,w,img/target_2.png
53,3,99,lattice,6,e,img/target_3.png
53,3,100,lattice,4,w,img/target_2.png
53,3,101,lattice,2,u,img/target_7.png
53,3,102,lattice,3,i,img/target_8.png
53,3,103,lattice,2,u,img/target_7.png
53,3,104,lattice,4,w,img/target_2.png
53,3,105,lattice,6,e,img/target_3.png
53,3,106,lattice,8,v,img/target_5.png
53,3,107,lattice,7,b,img/target_6.png
53,3,108,lattice,9,p,img/target_10.png
53,3,109,lattice,0,r,img/target_4.png
53,3,110,lattice,2,u,img/target_7.png
53,3,111,lattice,4,w,img/target_2.png
53,3,112,lattice,3,i,img/target_8.png
53,3,113,lattice,5,q,img/target_1.png
53,3,114,lattice,7,b,img/target_6.png
53,3,115,lattice,5,q,img/target_1.png
53,3,116,lattice,7,b,img/target_6.png
53,3,117,lattice,8,v,img/target_5.png
53,3,118,lattice,0,r,img/target_4.png
53,3,119,lattice,1,o,img/target_9.png
53,3,120,lattice,0,r,img/target_4.png
53,3,121,lattice,1,o,img/target_9.png
53,3,122,lattice,2,u,img/target_7.png
53,3,123,lattice,1,o,img/target_9.png
53,3,124,lattice,2,u,img/target_7.png
53,3,125,lattice,0,r,img/target_4.png
53,3,126,lattice,8,v,img/target_5.png
53,3,127,lattice,9,p,img/target_10.png
53,3,128,lattice,8,v,img/target_5.png
53,3,129,lattice,7,b,img/target_6.png
53,3,130,lattice,9,p,img/target_10.png
53,3,131,lattice,1,o,img/target_9.png
53,3,132,lattice,3,i,img/target_8.png
53,3,133,lattice,2,u,img/target_7.png
53,3,134,lattice,4,w,img/target_2.png
53,3,135,lattice,5,q,img/target_1.png
53,3,136,lattice,3,i,img/target_8.png
53,3,137,lattice,1,o,img/target_9.png
53,3,138,lattice,9,p,img/target_10.png
53,3,139,lattice,8,v,img/target_5.png
53,3,140,lattice,0,r,img/target_4.png
53,3,141,lattice,8,v,img/target_5.png
53,3,142,lattice,6,e,img/target_3.png
53,3,143,lattice,4,w,img/target_2.png
53,3,144,lattice,2,u,img/target_7.png
53,3,145,lattice,1,o,img/target_9.png
53,3,146,lattice,3,i,img/target_8.png
53,3,147,lattice,1,o,img/target_9.png
53,3,148,lattice,0,r,img/target_4.png
53,3,149,lattice,2,u,img/target_7.png
53,3,150,lattice,4,w,img/target_2.png
53,3,151,lattice,6,e,img/target_3.png
53,3,152,lattice,4,w,img/target_2.png
53,3,153,lattice,3,i,img/target_8.png
53,3,154,lattice,2,u,img/target_7.png
53,3,155,lattice,0,r,img/target_4.png
53,3,156,lattice,1,o,img/target_9.png
53,3,157,lattice,0,r,img/target_4.png
53,3,158,lattice,2,u,img/target_7.png
53,3,159,lattice,0,r,img/target_4.png
53,3,160,lattice,2,u,img/target_7.png
53,3,161,lattice,4,w,img/target_2.png
53,3,162,lattice,3,i,img/target_8.png
53,3,163,lattice,1,o,img/target_9.png
53,3,164,lattice,0,r,img/target_4.png
53,3,165,lattice,2,u,img/target_7.png
53,3,166,lattice,4,w,img/target_2.png
53,3,167,lattice,6,e,img/target_3.png
53,3,168,lattice,4,w,img/target_2.png
53,3,169,lattice,6,e,img/target_3.png
53,3,170,lattice,5,q,img/target_1.png
53,3,171,lattice,7,b,img/target_6.png
53,3,172,lattice,6,e,img/target_3.png
53,3,173,lattice,5,q,img/target_1.png
53,3,174,lattice,6,e,img/target_3.png
53,3,175,lattice,4,w,img/target_2.png
53,3,176,lattice,3,i,img/target_8.png
53,3,177,lattice,1,o,img/target_9.png
53,3,178,lattice,3,i,img/target_8.png
53,3,179,lattice,4,w,img/target_2.png
53,3,180,lattice,3,i,img/target_8.png
53,3,181,lattice,2,u,img/target_7.png
53,3,182,lattice,4,w,img/target_2.png
53,3,183,lattice,6,e,img/target_3.png
53,3,184,lattice,8,v,img/target_5.png
53,3,185,lattice,6,e,img/target_3.png
53,3,186,lattice,7,b,img/target_6.png
53,3,187,lattice,6,e,img/target_3.png
53,3,188,lattice,5,q,img/target_1.png
53,3,189,lattice,7,b,img/target_6.png
53,3,190,lattice,9,p,img/target_10.png
53,3,191,lattice,0,r,img/target_4.png
53,3,192,lattice,8,v,img/target_5.png
53,3,193,lattice,7,b,img/target_6.png
53,3,194,lattice,9,p,img/target_10.png
53,3,195,lattice,0,r,img/target_4.png
53,3,196,lattice,8,v,img/target_5.png
53,3,197,lattice,6,e,img/target_3.png
53,3,198,lattice,7,b,img/target_6.png
53,3,199,lattice,6,e,img/target_3.png
53,3,200,lattice,7,b,img/target_6.png
53,3,201,lattice,6,e,img/target_3.png
53,3,202,lattice,5,q,img/target_1.png
53,3,203,lattice,3,i,img/target_8.png
53,3,204,lattice,4,w,img/target_2.png
53,3,205,lattice,2,u,img/target_7.png
53,3,206,lattice,0,r,img/target_4.png
53,3,207,lattice,1,o,img/target_9.png
53,3,208,lattice,3,i,img/target_8.png
53,3,209,lattice,2,u,img/target_7.png
53,3,210,lattice,4,w,img/target_2.png
53,3,211,lattice,3,i,img/target_8.png
53,3,212,lattice,5,q,img/target_1.png
53,3,213,lattice,4,w,img/target_2.png
53,3,214,lattice,2,u,img/target_7.png
53,3,215,lattice,0,r,img/target_4.png
53,3,216,lattice,8,v,img/target_5.png
53,3,217,lattice,9,p,img/target_10.png
53,3,218,lattice,7,b,img/target_6.png
53,3,219,lattice,6,e,img/target_3.png
53,3,220,lattice,7,b,img/target_6.png
53,3,221,lattice,6,e,img/target_3.png
53,3,222,lattice,5,q,img/target_1.png
53,3,223,lattice,6,e,img/target_3.png
53,3,224,lattice,4,w,img/target_2.png
53,3,225,lattice,6,e,img/target_3.png
53,3,226,lattice,8,v,img/target_5.png
53,3,227,lattice,6,e,img/target_3.png
53,3,228,lattice,4,w,img/target_2.png
53,3,229,lattice,5,q,img/target_1.png
53,3,230,lattice,4,w,img/target_2.png
53,3,231,lattice,5,q,img/target_1.png
53,3,232,lattice,6,e,img/target_3.png
53,3,233,lattice,7,b,img/target_6.png
53,3,234,lattice,9,p,img/target_10.png
53,3,235,lattice,8,v,img/target_5.png
53,3,236,lattice,6,e,img/target_3.png
53,3,237,lattice,8,v,img/target_5.png
53,3,238,lattice,0,r,img/target_4.png
53,3,239,lattice,8,v,img/target_5.png
53,3,240,lattice,9,p,img/target_10.png
53,3,241,lattice,1,o,img/target_9.png
53,3,242,lattice,2,u,img/target_7.png
53,3,243,lattice,3,i,img/target_8.png
53,3,244,lattice,1,o,img/target_9.png
53,3,245,lattice,9,p,img/target_10.png
53,3,246,lattice,8,v,img/target_5.png
53,3,247,lattice,9,p,img/target_10.png
53,3,248,lattice,0,r,img/target_4.png
53,3,249,lattice,8,v,img/target_5.png
53,3,250,lattice,6,e,img/target_3.png
53,3,251,lattice,7,b,img/target_6.png
53,3,252,lattice,9,p,img/target_10.png
53,3,253,lattice,1,o,img/target_9.png
53,3,254,lattice,0,r,img/target_4.png
53,3,255,lattice,2,u,img/target_7.png
53,3,256,lattice,1,o,img/target_9.png
53,3,257,lattice,2,u,img/target_7.png
53,3,258,lattice,3,i,img/target_8.png
53,3,259,lattice,2,u,img/target_7.png
53,3,260,lattice,3,i,img/target_8.png
53,3,261,lattice,5,q,img/target_1.png
53,3,262,lattice,4,w,img/target_2.png
53,3,263,lattice,2,u,img/target_7.png
53,3,264,lattice,1,o,img/target_9.png
53,3,265,lattice,2,u,img/target_7.png
53,3,266,lattice,3,i,img/target_8.png
53,3,267,lattice,4,w,img/target_2.png
53,3,268,lattice,2,u,img/target_7.png
53,3,269,lattice,1,o,img/target_9.png
53,3,270,lattice,2,u,img/target_7.png
53,3,271,lattice,3,i,img/target_8.png
53,3,272,lattice,2,u,img/target_7.png
53,3,273,lattice,0,r,img/target_4.png
53,3,274,lattice,9,p,img/target_10.png
53,3,275,lattice,8,v,img/target_5.png
53,3,276,lattice,7,b,img/target_6.png
53,3,277,lattice,6,e,img/target_3.png
53,3,278,lattice,5,q,img/target_1.png
53,3,279,lattice,6,e,img/target_3.png
53,3,280,lattice,7,b,img/target_6.png
53,3,281,lattice,6,e,img/target_3.png
53,3,282,lattice,5,q,img/target_1.png
53,3,283,lattice,6,e,img/target_3.png
53,3,284,lattice,4,w,img/target_2.png
53,3,285,lattice,2,u,img/target_7.png
53,3,286,lattice,3,i,img/target_8.png
53,3,287,lattice,1,o,img/target_9.png
53,3,288,lattice,0,r,img/target_4.png
53,3,289,lattice,2,u,img/target_7.png
53,3,290,lattice,1,o,img/target_9.png
53,3,291,lattice,0,r,img/target_4.png
53,3,292,lattice,8,v,img/target_5.png
53,3,293,lattice,7,b,img/target_6.png
53,3,294,lattice,5,q,img/target_1.png
53,3,295,lattice,4,w,img/target_2.png
53,3,296,lattice,3,i,img/target_8.png
53,3,297,lattice,2,u,img/target_7.png
53,3,298,lattice,0,r,img/target_4.png
53,3,299,lattice,1,o,img/target_9.png
53,3,300,lattice,3,i,img/target_8.png
53,3,301,lattice,4,w,img/target_2.png
53,3,302,lattice,5,q,img/target_1.png
53,3,303,lattice,6,e,img/target_3.png
53,3,304,lattice,5,q,img/target_1.png
53,3,305,lattice,6,e,img/target_3.png
53,3,306,lattice,5,q,img/target_1.png
53,3,307,lattice,3,i,img/target_8.png
53,3,308,lattice,4,w,img/target_2.png
53,3,309,lattice,5,q,img/target_1.png
53,3,310,lattice,6,e,img/target_3.png
53,3,311,lattice,7,b,img/target_6.png
53,3,312,lattice,9,p,img/target_10.png
53,3,313,lattice,8,v,img/target_5.png
53,3,314,lattice,0,r,img/target_4.png
53,3,315,lattice,8,v,img/target_5.png
53,3,316,lattice,6,e,img/target_3.png
53,3,317,lattice,4,w,img/target_2.png
53,3,318,lattice,5,q,img/target_1.png
53,3,319,lattice,3,i,img/target_8.png
53,3,320,lattice,2,u,img/target_7.png
53,3,321,lattice,3,i,img/target_8.png
53,3,322,lattice,5,q,img/target_1.png
53,3,323,lattice,7,b,img/target_6.png
53,3,324,lattice,9,p,img/target_10.png
53,3,325,lattice,7,b,img/target_6.png
53,3,326,lattice,9,p,img/target_10.png
53,3,327,lattice,1,o,img/target_9.png
53,3,328,lattice,9,p,img/target_10.png
53,3,329,lattice,8,v,img/target_5.png
53,3,330,lattice,7,b,img/target_6.png
53,3,331,lattice,8,v,img/target_5.png
53,3,332,lattice,7,b,img/target_6.png
53,3,333,lattice,6,e,img/target_3.png
53,3,334,lattice,8,v,img/target_5.png
53,3,335,lattice,7,b,img/target_6.png
53,3,336,lattice,5,q,img/target_1.png
53,3,337,lattice,4,w,img/target_2.png
53,3,338,lattice,2,u,img/target_7.png
53,3,339,lattice,4,w,img/target_2.png
53,3,340,lattice,6,e,img/target_3.png
53,3,341,lattice,8,v,img/target_5.png
53,3,342,lattice,7,b,img/target_6.png
53,3,343,lattice,8,v,img/target_5.png
53,3,344,lattice,9,p,img/target_10.png
53,3,345,lattice,1,o,img/target_9.png
53,3,346,lattice,2,u,img/target_7.png
53,3,347,lattice,3,i,img/target_8.png
53,3,348,lattice,2,u,img/target_7.png
53,3,349,lattice,4,w,img/target_2.png
53,3,350,lattice,2,u,img/target_7.png
53,3,351,lattice,3,i,img/target_8.png
53,3,352,lattice,5,q,img/target_1.png
53,3,353,lattice,3,i,img/target_8.png
53,3,354,lattice,5,q,img/target_1.png
53,3,355,lattice,3,i,img/target_8.png
53,3,356,lattice,5,q,img/target_1.png
53,3,357,lattice,6,e,img/target_3.png
53,3,358,lattice,7,b,img/target_6.png
53,3,359,lattice,5,q,img/target_1.png
53,3,360,lattice,4,w,img/target_2.png
53,3,361,lattice,3,i,img/target_8.png
53,3,362,lattice,4,w,img/target_2.png
53,3,363,lattice,2,u,img/target_7.png
53,3,364,lattice,0,r,img/target_4.png
53,3,365,lattice,9,p,img/target_10.png
53,3,366,lattice,0,r,img/target_4.png
53,3,367,lattice,8,v,img/target_5.png
53,3,368,lattice,6,e,img/target_3.png
53,3,369,lattice,5,q,img/target_1.png
53,3,370,lattice,4,w,img/target_2.png
53,3,371,lattice,3,i,img/target_8.png
53,3,372,lattice,1,o,img/target_9.png
53,3,373,lattice,2,u,img/target_7.png
53,3,374,lattice,1,o,img/target_9.png
53,3,375,lattice,9,p,img/target_10.png
53,3,376,lattice,8,v,img/target_5.png
53,3,377,lattice,9,p,img/target_10.png
53,3,378,lattice,1,o,img/target_9.png
53,3,379,lattice,3,i,img/target_8.png
53,3,380,lattice,2,u,img/target_7.png
53,3,381,lattice,0,r,img/target_4.png
53,3,382,lattice,9,p,img/target_10.png
53,3,383,lattice,7,b,img/target_6.png
53,3,384,lattice,6,e,img/target_3.png
53,3,385,lattice,5,q,img/target_1.png
53,3,386,lattice,6,e,img/target_3.png
53,3,387,lattice,8,v,img/target_5.png
53,3,388,lattice,7,b,img/target_6.png
53,3,389,lattice,8,v,img/target_5.png
53,3,390,lattice,0,r,img/target_4.png
53,3,391,lattice,9,p,img/target_10.png
53,3,392,lattice,7,b,img/target_6.png
53,3,393,lattice,6,e,img/target_3.png
53,3,394,lattice,5,q,img/target_1.png
53,3,395,lattice,3,i,img/target_8.png
53,3,396,lattice,1,o,img/target_9.png
53,3,397,lattice,9,p,img/target_10.png
53,3,398,lattice,1,o,img/target_9.png
53,3,399,lattice,2,u,img/target_7.png
53,3,400,lattice,4,w,img/target_2.png
53,3,401,lattice,3,i,img/target_8.png
53,3,402,lattice,1,o,img/target_9.png
53,3,403,lattice,3,i,img/target_8.png
53,3,404,lattice,4,w,img/target_2.png
53,3,405,lattice,3,i,img/target_8.png
53,3,406,lattice,5,q,img/target_1.png
53,3,407,lattice,6,e,img/target_3.png
53,3,408,lattice,8,v,img/target_5.png
53,3,409,lattice,9,p,img/target_10.png
53,3,410,lattice,0,r,img/target_4.png
53,3,411,lattice,1,o,img/target_9.png
53,3,412,lattice,0,r,img/target_4.png
53,3,413,lattice,2,u,img/target_7.png
53,3,414,lattice,0,r,img/target_4.png
53,3,415,lattice,2,u,img/target_7.png
53,3,416,lattice,3,i,img/target_8.png
53,3,417,lattice,2,u,img/target_7.png
53,3,418,lattice,0,r,img/target_4.png
53,3,419,lattice,1,o,img/target_9.png
53,3,420,lattice,0,r,img/target_4.png
53,3,421,lattice,1,o,img/target_9.png
53,3,422,lattice,3,i,img/target_8.png
53,3,423,lattice,4,w,img/target_2.png
53,3,424,lattice,3,i,img/target_8.png
53,3,425,lattice,2,u,img/target_7.png
53,3,426,lattice,1,o,img/target_9.png
53,3,427,lattice,0,r,img/target_4.png
53,3,428,lattice,9,p,img/target_10.png
53,3,429,lattice,0,r,img/target_4.png
53,3,430,lattice,8,v,img/target_5.png
53,3,431,lattice,7,b,img/target_6.png
53,3,432,lattice,6,e,img/target_3.png
53,3,433,lattice,8,v,img/target_5.png
53,3,434,lattice,0,r,img/target_4.png
53,3,435,lattice,2,u,img/target_7.png
53,3,436,lattice,3,i,img/target_8.png
53,3,437,lattice,5,q,img/target_1.png
53,3,438,lattice,4,w,img/target_2.png
53,3,439,lattice,3,i,img/target_8.png
53,3,440,lattice,5,q,img/target_1.png
53,3,441,lattice,7,b,img/target_6.png
53,3,442,lattice,6,e,img/target_3.png
53,3,443,lattice,4,w,img/target_2.png
53,3,444,lattice,6,e,img/target_3.png
53,3,445,lattice,7,b,img/target_6.png
53,3,446,lattice,9,p,img/target_10.png
53,3,447,lattice,7,b,img/target_6.png
53,3,448,lattice,8,v,img/target_5.png
53,3,449,lattice,0,r,img/target_4.png
53,3,450,lattice,2,u,img/target_7.png
53,3,451,lattice,4,w,img/target_2.png
53,3,452,lattice,6,e,img/target_3.png
53,3,453,lattice,8,v,img/target_5.png
53,3,454,lattice,6,e,img/target_3.png
53,3,455,lattice,4,w,img/target_2.png
53,3,456,lattice,2,u,img/target_7.png
53,3,457,lattice,1,o,img/target_9.png
53,3,458,lattice,0,r,img/target_4.png
53,3,459,lattice,2,u,img/target_7.png
53,3,460,lattice,0,r,img/target_4.png
53,3,461,lattice,8,v,img/target_5.png
53,3,462,lattice,7,b,img/target_6.png
53,3,463,lattice,9,p,img/target_10.png
53,3,464,lattice,1,o,img/target_9.png
53,3,465,lattice,9,p,img/target_10.png
53,3,466,lattice,1,o,img/target_9.png
53,3,467,lattice,9,p,img/target_10.png
53,3,468,lattice,8,v,img/target_5.png
53,3,469,lattice,7,b,img/target_6.png
53,3,470,lattice,9,p,img/target_10.png
53,3,471,lattice,0,r,img/target_4.png
53,3,472,lattice,2,u,img/target_7.png
53,3,473,lattice,0,r,img/target_4.png
53,3,474,lattice,1,o,img/target_9.png
53,3,475,lattice,2,u,img/target_7.png
53,3,476,lattice,3,i,img/target_8.png
53,3,477,lattice,1,o,img/target_9.png
53,3,478,lattice,2,u,img/target_7.png
53,3,479,lattice,3,i,img/target_8.png
53,3,480,lattice,2,u,img/target_7.png
53,3,481,lattice,4,w,img/target_2.png
53,3,482,lattice,3,i,img/target_8.png
53,3,483,lattice,1,o,img/target_9.png
53,3,484,lattice,2,u,img/target_7.png
53,3,485,lattice,4,w,img/target_2.png
53,3,486,lattice,6,e,img/target_3.png
53,3,487,lattice,8,v,img/target_5.png
53,3,488,lattice,0,r,img/target_4.png
53,3,489,lattice,2,u,img/target_7.png
53,3,490,lattice,0,r,img/target_4.png
53,3,491,lattice,9,p,img/target_10.png
53,3,492,lattice,7,b,img/target_6.png
53,3,493,lattice,5,q,img/target_1.png
53,3,494,lattice,3,i,img/target_8.png
53,3,495,lattice,5,q,img/target_1.png
53,3,496,lattice,4,w,img/target_2.png
53,3,497,lattice,5,q,img/target_1.png
53,3,498,lattice,7,b,img/target_6.png
53,3,499,lattice,6,e,img/target_3.png
53,3,500,lattice,5,q,img/target_1.png
53,3,501,lattice,4,w,img/target_2.png
53,3,502,lattice,6,e,img/target_3.png
53,3,503,lattice,4,w,img/target_2.png
53,3,504,lattice,3,i,img/target_8.png
53,3,505,lattice,5,q,img/target_1.png
53,3,506,lattice,7,b,img/target_6.png
53,3,507,lattice,8,v,img/target_5.png
53,3,508,lattice,6,e,img/target_3.png
53,3,509,lattice,4,w,img/target_2.png
53,3,510,lattice,2,u,img/target_7.png
53,3,511,lattice,4,w,img/target_2.png
53,3,512,lattice,2,u,img/target_7.png
53,3,513,lattice,4,w,img/target_2.png
53,3,514,lattice,3,i,img/target_8.png
53,3,515,lattice,1,o,img/target_9.png
53,3,516,lattice,2,u,img/target_7.png
53,3,517,lattice,1,o,img/target_9.png
53,3,518,lattice,9,p,img/target_10.png
53,3,519,lattice,0,r,img/target_4.png
53,3,520,lattice,9,p,img/target_10.png
53,3,521,lattice,1,o,img/target_9.png
53,3,522,lattice,9,p,img/target_10.png
53,3,523,lattice,7,b,img/target_6.png
53,3,524,lattice,8,v,img/target_5.png
53,3,525,lattice,0,r,img/target_4.png
53,3,526,lattice,9,p,img/target_10.png
53,3,527,lattice,7,b,img/target_6.png
53,3,528,lattice,9,p,img/target_10.png
53,3,529,lattice,8,v,img/target_5.png
53,3,530,lattice,6,e,img/target_3.png
53,3,531,lattice,8,v,img/target_5.png
53,3,532,lattice,7,b,img/target_6.png
53,3,533,lattice,9,p,img/target_10.png
53,3,534,lattice,7,b,img/target_6.png
53,3,535,lattice,9,p,img/target_10.png
53,3,536,lattice,7,b,img/target_6.png
53,3,537,lattice,5,q,img/target_1.png
53,3,538,lattice,6,e,img/target_3.png
53,3,539,lattice,5,q,img/target_1.png
53,3,540,lattice,7,b,img/target_6.png
53,3,541,lattice,8,v,img/target_5.png
53,3,542,lattice,9,p,img/target_10.png
53,3,543,lattice,7,b,img/target_6.png
53,3,544,lattice,6,e,img/target_3.png
53,3,545,lattice,8,v,img/target_5.png
53,3,546,lattice,6,e,img/target_3.png
53,3,547,lattice,8,v,img/target_5.png
53,3,548,lattice,7,b,img/target_6.png
53,3,549,lattice,9,p,img/target_10.png
53,3,550,lattice,1,o,img/target_9.png
53,3,551,lattice,2,u,img/target_7.png
53,3,552,lattice,1,o,img/target_9.png
53,3,553,lattice,3,i,img/target_8.png
53,3,554,lattice,4,w,img/target_2.png
53,3,555,lattice,5,q,img/target_1.png
53,3,556,lattice,7,b,img/target_6.png
53,3,557,lattice,9,p,img/target_10.png
53,3,558,lattice,1,o,img/target_9.png
53,3,559,lattice,2,u,img/target_7.png
53,3,560,lattice,0,r,img/target_4.png
53,3,561,lattice,9,p,img/target_10.png
53,3,562,lattice,1,o,img/target_9.png
53,3,563,lattice,0,r,img/target_4.png
53,3,564,lattice,2,u,img/target_7.png
53,3,565,lattice,1,o,img/target_9.png
53,3,566,lattice,9,p,img/target_10.png
53,3,567,lattice,7,b,img/target_6.png
53,3,568,lattice,9,p,img/target_10.png
53,3,569,lattice,8,v,img/target_5.png
53,3,570,lattice,6,e,img/target_3.png
53,3,571,lattice,5,q,img/target_1.png
53,3,572,lattice,7,b,img/target_6.png
53,3,573,lattice,6,e,img/target_3.png
53,3,574,lattice,4,w,img/target_2.png
53,3,575,lattice,2,u,img/target_7.png
53,3,576,lattice,3,i,img/target_8.png
53,3,577,lattice,2,u,img/target_7.png
53,3,578,lattice,1,o,img/target_9.png
53,3,579,lattice,0,r,img/target_4.png
53,3,580,lattice,9,p,img/target_10.png
53,3,581,lattice,7,b,img/target_6.png
53,3,582,lattice,8,v,img/target_5.png
53,3,583,lattice,0,r,img/target_4.png
53,3,584,lattice,1,o,img/target_9.png
53,3,585,lattice,9,p,img/target_10.png
53,3,586,lattice,1,o,img/target_9.png
53,3,587,lattice,9,p,img/target_10.png
53,3,588,lattice,7,b,img/target_6.png
53,3,589,lattice,6,e,img/target_3.png
53,3,590,lattice,4,w,img/target_2.png
53,3,591,lattice,6,e,img/target_3.png
53,3,592,lattice,4,w,img/target_2.png
53,3,593,lattice,5,q,img/target_1.png
53,3,594,lattice,4,w,img/target_2.png
53,3,595,lattice,6,e,img/target_3.png
53,3,596,lattice,7,b,img/target_6.png
53,3,597,lattice,8,v,img/target_5.png
53,3,598,lattice,0,r,img/target_4.png
53,3,599,lattice,1,o,img/target_9.png
53,3,600,lattice,0,r,img/target_4.png
53,3,601,lattice,9,p,img/target_10.png
53,3,602,lattice,1,o,img/target_9.png
53,3,603,lattice,2,u,img/target_7.png
53,3,604,lattice,3,i,img/target_8.png
53,3,605,lattice,4,w,img/target_2.png
53,3,606,lattice,5,q,img/target_1.png
53,3,607,lattice,4,w,img/target_2.png
53,3,608,lattice,5,q,img/target_1.png
53,3,609,lattice,3,i,img/target_8.png
53,3,610,lattice,2,u,img/target_7.png
53,3,611,lattice,0,r,img/target_4.png
53,3,612,lattice,1,o,img/target_9.png
53,3,613,lattice,0,r,img/target_4.png
53,3,614,lattice,1,o,img/target_9.png
53,3,615,lattice,3,i,img/target_8.png
53,3,616,lattice,4,w,img/target_2.png
53,3,617,lattice,5,q,img/target_1.png
53,3,618,lattice,7,b,img/target_6.png
53,3,619,lattice,6,e,img/target_3.png
53,3,620,lattice,4,w,img/target_2.png
53,3,621,lattice,5,q,img/target_1.png
53,3,622,lattice,4,w,img/target_2.png
53,3,623,lattice,5,q,img/target_1.png
53,3,624,lattice,6,e,img/target_3.png
53,3,625,lattice,4,w,img/target_2.png
53,3,626,lattice,5,q,img/target_1.png
53,3,627,lattice,4,w,img/target_2.png
53,3,628,lattice,5,q,img/target_1.png
53,3,629,lattice,6,e,img/target_3.png
53,3,630,lattice,5,q,img/target_1.png
53,3,631,lattice,6,e,img/target_3.png
53,3,632,lattice,4,w,img/target_2.png
53,3,633,lattice,6,e,img/target_3.png
53,3,634,lattice,4,w,img/target_2.png
53,3,635,lattice,2,u,img/target_7.png
53,3,636,lattice,1,o,img/target_9.png
53,3,637,lattice,2,u,img/target_7.png
53,3,638,lattice,0,r,img/target_4.png
53,3,639,lattice,2,u,img/target_7.png
53,3,640,lattice,0,r,img/target_4.png
53,3,641,lattice,2,u,img/target_7.png
53,3,642,lattice,3,i,img/target_8.png
53,3,643,lattice,5,q,img/target_1.png
53,3,644,lattice,7,b,img/target_6.png
53,3,645,lattice,8,v,img/target_5.png
53,3,646,lattice,7,b,img/target_6.png
53,3,647,lattice,9,p,img/target_10.png
53,3,648,lattice,1,o,img/target_9.png
53,3,649,lattice,3,i,img/target_8.png
53,3,650,lattice,5,q,img/target_1.png
53,3,651,lattice,4,w,img/target_2.png
53,3,652,lattice,2,u,img/target_7.png
53,3,653,lattice,1,o,img/target_9.png
53,3,654,lattice,3,i,img/target_8.png
53,3,655,lattice,4,w,img/target_2.png
53,3,656,lattice,3,i,img/target_8.png
53,3,657,lattice,5,q,img/target_1.png
53,3,658,lattice,7,b,img/target_6.png
53,3,659,lattice,5,q,img/target_1.png
53,3,660,lattice,3,i,img/target_8.png
53,3,661,lattice,2,u,img/target_7.png
53,3,662,lattice,1,o,img/target_9.png
53,3,663,lattice,0,r,img/target_4.png
53,3,664,lattice,2,u,img/target_7.png
53,3,665,lattice,1,o,img/target_9.png
53,3,666,lattice,0,r,img/target_4.png
53,3,667,lattice,8,v,img/target_5.png
53,3,668,lattice,6,e,img/target_3.png
53,3,669,lattice,4,w,img/target_2.png
53,3,670,lattice,2,u,img/target_7.png
53,3,671,lattice,1,o,img/target_9.png
53,3,672,lattice,2,u,img/target_7.png
53,3,673,lattice,4,w,img/target_2.png
53,3,674,lattice,5,q,img/target_1.png
53,3,675,lattice,4,w,img/target_2.png
53,3,676,lattice,3,i,img/target_8.png
53,3,677,lattice,2,u,img/target_7.png
53,3,678,lattice,1,o,img/target_9.png
53,3,679,lattice,2,u,img/target_7.png
53,3,680,lattice,4,w,img/target_2.png
53,3,681,lattice,6,e,img/target_3.png
53,3,682,lattice,7,b,img/target_6.png
53,3,683,lattice,8,v,img/target_5.png
53,3,684,lattice,0,r,img/target_4.png
53,3,685,lattice,1,o,img/target_9.png
53,3,686,lattice,0,r,img/target_4.png
53,3,687,lattice,9,p,img/target_10.png
53,3,688,lattice,7,b,img/target_6.png
53,3,689,lattice,9,p,img/target_10.png
53,3,690,lattice,1,o,img/target_9.png
53,3,691,lattice,3,i,img/target_8.png
53,3,692,lattice,1,o,img/target_9.png
53,3,693,lattice,0,r,img/target_4.png
53,3,694,lattice,1,o,img/target_9.png
53,3,695,lattice,2,u,img/target_7.png
53,3,696,lattice,3,i,img/target_8.png
53,3,697,lattice,1,o,img/target_9.png
53,3,698,lattice,9,p,img/target_10.png
53,3,699,lattice,7,b,img/target_6.png
53,3,700,lattice,5,q,img/target_1.png
53,3,701,lattice,7,b,img/target_6.png
53,3,702,lattice,6,e,img/target_3.png
53,3,703,lattice,8,v,img/target_5.png
53,3,704,lattice,7,b,img/target_6.png
53,3,705,lattice,6,e,img/target_3.png
53,3,706,lattice,7,b,img/target_6.png
53,3,707,lattice,5,q,img/target_1.png
53,3,708,lattice,7,b,img/target_6.png
53,3,709,lattice,8,v,img/target_5.png
53,3,710,lattice,7,b,img/target_6.png
53,3,711,lattice,5,q,img/target_1.png
53,3,712,lattice,3,i,img/target_8.png
53,3,713,lattice,1,o,img/target_9.png
53,3,714,lattice,2,u,img/target_7.png
53,3,715,lattice,0,r,img/target_4.png
53,3,716,lattice,1,o,img/target_9.png
53,3,717,lattice,0,r,img/target_4.png
53,3,718,lattice,8,v,img/target_5.png
53,3,719,lattice,0,r,img/target_4.png
53,3,720,lattice,8,v,img/target_5.png
53,3,721,lattice,0,r,img/target_4.png
53,3,722,lattice,8,v,img/target_5.png
53,3,723,lattice,0,r,img/target_4.png
53,3,724,lattice,9,p,img/target_10.png
53,3,725,lattice,8,v,img/target_5.png
53,3,726,lattice,7,b,img/target_6.png
53,3,727,lattice,6,e,img/target_3.png
53,3,728,lattice,5,q,img/target_1.png
53,3,729,lattice,7,b,img/target_6.png
53,3,730,lattice,6,e,img/target_3.png
53,3,731,lattice,5,q,img/target_1.png
53,3,732,lattice,6,e,img/target_3.png
53,3,733,lattice,8,v,img/target_5.png
53,3,734,lattice,6,e,img/target_3.png
53,3,735,lattice,7,b,img/target_6.png
53,3,736,lattice,8,v,img/target_5.png
53,3,737,lattice,0,r,img/target_4.png
53,3,738,lattice,1,o,img/target_9.png
53,3,739,lattice,9,p,img/target_10.png
53,3,740,lattice,8,v,img/target_5.png
53,3,741,lattice,7,b,img/target_6.png
53,3,742,lattice,9,p,img/target_10.png
53,3,743,lattice,8,v,img/target_5.png
53,3,744,lattice,6,e,img/target_3.png
53,3,745,lattice,7,b,img/target_6.png
53,3,746,lattice,8,v,img/target_5.png
53,3,747,lattice,7,b,img/target_6.png
53,3,748,lattice,6,e,img/target_3.png
53,3,749,lattice,5,q,img/target_1.png
53,3,750,lattice,3,i,img/target_8.png
53,3,751,lattice,4,w,img/target_2.png
53,3,752,lattice,3,i,img/target_8.png
53,3,753,lattice,2,u,img/target_7.png
53,3,754,lattice,1,o,img/target_9.png
53,3,755,lattice,3,i,img/target_8.png
53,3,756,lattice,1,o,img/target_9.png
53,3,757,lattice,3,i,img/target_8.png
53,3,758,lattice,1,o,img/target_9.png
53,3,759,lattice,3,i,img/target_8.png
53,3,760,lattice,2,u,img/target_7.png
53,3,761,lattice,4,w,img/target_2.png
53,3,762,lattice,3,i,img/target_8.png
53,3,763,lattice,2,u,img/target_7.png
53,3,764,lattice,1,o,img/target_9.png
53,3,765,lattice,2,u,img/target_7.png
53,3,766,lattice,3,i,img/target_8.png
53,3,767,lattice,5,q,img/target_1.png
53,3,768,lattice,7,b,img/target_6.png
53,3,769,lattice,5,q,img/target_1.png
53,3,770,lattice,7,b,img/target_6.png
53,3,771,lattice,9,p,img/target_10.png
53,3,772,lattice,8,v,img/target_5.png
53,3,773,lattice,0,r,img/target_4.png
53,3,774,lattice,1,o,img/target_9.png
53,3,775,lattice,2,u,img/target_7.png
53,3,776,lattice,3,i,img/target_8.png
53,3,777,lattice,1,o,img/target_9.png
53,3,778,lattice,3,i,img/target_8.png
53,3,779,lattice,4,w,img/target_2.png
53,3,780,lattice,5,q,img/target_1.png
53,3,781,lattice,4,w,img/target_2.png
53,3,782,lattice,2,u,img/target_7.png
53,3,783,lattice,3,i,img/target_8.png
53,3,784,lattice,4,w,img/target_2.png
53,3,785,lattice,2,u,img/target_7.png
53,3,786,lattice,3,i,img/target_8.png
53,3,787,lattice,1,o,img/target_9.png
53,3,788,lattice,2,u,img/target_7.png
53,3,789,lattice,4,w,img/target_2.png
53,3,790,lattice,6,e,img/target_3.png
53,3,791,lattice,7,b,img/target_6.png
53,3,792,lattice,6,e,img/target_3.png
53,3,793,lattice,5,q,img/target_1.png
53,3,794,lattice,3,i,img/target_8.png
53,3,795,lattice,1,o,img/target_9.png
53,3,796,lattice,2,u,img/target_7.png
53,3,797,lattice,3,i,img/target_8.png
53,3,798,lattice,2,u,img/target_7.png
53,3,799,lattice,1,o,img/target_9.png
53,3,800,lattice,0,r,img/target_4.png
53,3,801,lattice,8,v,img/target_5.png
53,3,802,lattice,0,r,img/target_4.png
53,3,803,lattice,1,o,img/target_9.png
53,3,804,lattice,3,i,img/target_8.png
53,3,805,lattice,2,u,img/target_7.png
53,3,806,lattice,0,r,img/target_4.png
53,3,807,lattice,1,o,img/target_9.png
53,3,808,lattice,0,r,img/target_4.png
53,3,809,lattice,9,p,img/target_10.png
53,3,810,lattice,0,r,img/target_4.png
53,3,811,lattice,9,p,img/target_10.png
53,3,812,lattice,1,o,img/target_9.png
53,3,813,lattice,0,r,img/target_4.png
53,3,814,lattice,9,p,img/target_10.png
53,3,815,lattice,0,r,img/target_4.png
53,3,816,lattice,2,u,img/target_7.png
53,3,817,lattice,3,i,img/target_8.png
53,3,818,lattice,1,o,img/target_9.png
53,3,819,lattice,9,p,img/target_10.png
53,3,820,lattice,1,o,img/target_9.png
53,3,821,lattice,0,r,img/target_4.png
53,3,822,lattice,9,p,img/target_10.png
53,3,823,lattice,0,r,img/target_4.png
53,3,824,lattice,8,v,img/target_5.png
53,3,825,lattice,9,p,img/target_10.png
53,3,826,lattice,1,o,img/target_9.png
53,3,827,lattice,9,p,img/target_10.png
53,3,828,lattice,1,o,img/target_9.png
53,3,829,lattice,2,u,img/target_7.png
53,3,830,lattice,4,w,img/target_2.png
53,3,831,lattice,2,u,img/target_7.png
53,3,832,lattice,0,r,img/target_4.png
53,3,833,lattice,9,p,img/target_10.png
53,3,834,lattice,0,r,img/target_4.png
53,3,835,lattice,2,u,img/target_7.png
53,3,836,lattice,4,w,img/target_2.png
53,3,837,lattice,2,u,img/target_7.png
53,3,838,lattice,3,i,img/target_8.png
53,3,839,lattice,5,q,img/target_1.png
53,3,840,lattice,4,w,img/target_2.png
53,3,841,lattice,2,u,img/target_7.png
53,3,842,lattice,4,w,img/target_2.png
53,3,843,lattice,6,e,img/target_3.png
53,3,844,lattice,5,q,img/target_1.png
53,3,845,lattice,3,i,img/target_8.png
53,3,846,lattice,1,o,img/target_9.png
53,3,847,lattice,9,p,img/target_10.png
53,3,848,lattice,7,b,img/target_6.png
53,3,849,lattice,6,e,img/target_3.png
53,3,850,lattice,4,w,img/target_2.png
53,3,851,lattice,5,q,img/target_1.png
53,3,852,lattice,6,e,img/target_3.png
53,3,853,lattice,4,w,img/target_2.png
53,3,854,lattice,2,u,img/target_7.png
53,3,855,lattice,3,i,img/target_8.png
53,3,856,lattice,1,o,img/target_9.png
53,3,857,lattice,0,r,img/target_4.png
53,3,858,lattice,8,v,img/target_5.png
53,3,859,lattice,6,e,img/target_3.png
53,3,860,lattice,5,q,img/target_1.png
53,3,861,lattice,7,b,img/target_6.png
53,3,862,lattice,6,e,img/target_3.png
53,3,863,lattice,5,q,img/target_1.png
53,3,864,lattice,6,e,img/target_3.png
53,3,865,lattice,7,b,img/target_6.png
53,3,866,lattice,9,p,img/target_10.png
53,3,867,lattice,7,b,img/target_6.png
53,3,868,lattice,6,e,img/target_3.png
53,3,869,lattice,5,q,img/target_1.png
53,3,870,lattice,3,i,img/target_8.png
53,3,871,lattice,4,w,img/target_2.png
53,3,872,lattice,6,e,img/target_3.png
53,3,873,lattice,4,w,img/target_2.png
53,3,874,lattice,3,i,img/target_8.png
53,3,875,lattice,2,u,img/target_7.png
53,3,876,lattice,3,i,img/target_8.png
53,3,877,lattice,2,u,img/target_7.png
53,3,878,lattice,3,i,img/target_8.png
53,3,879,lattice,4,w,img/target_2.png
53,3,880,lattice,6,e,img/target_3.png
53,3,881,lattice,7,b,img/target_6.png
53,3,882,lattice,6,e,img/target_3.png
53,3,883,lattice,7,b,img/target_6.png
53,3,884,lattice,5,q,img/target_1.png
53,3,885,lattice,3,i,img/target_8.png
53,3,886,lattice,2,u,img/target_7.png
53,3,887,lattice,1,o,img/target_9.png
53,3,888,lattice,9,p,img/target_10.png
53,3,889,lattice,0,r,img/target_4.png
53,3,890,lattice,1,o,img/target_9.png
53,3,891,lattice,3,i,img/target_8.png
53,3,892,lattice,1,o,img/target_9.png
53,3,893,lattice,2,u,img/target_7.png
53,3,894,lattice,4,w,img/target_2.png
53,3,895,lattice,3,i,img/target_8.png
53,3,896,lattice,1,o,img/target_9.png
53,3,897,lattice,3,i,img/target_8.png
53,3,898,lattice,1,o,img/target_9.png
53,3,899,lattice,2,u,img/target_7.png
53,3,900,lattice,0,r,img/target_4.png
53,3,901,lattice,9,p,img/target_10.png
53,3,902,lattice,1,o,img/target_9.png
53,3,903,lattice,3,i,img/target_8.png
53,3,904,lattice,2,u,img/target_7.png
53,3,905,lattice,1,o,img/target_9.png
53,3,906,lattice,9,p,img/target_10.png
53,3,907,lattice,1,o,img/target_9.png
53,3,908,lattice,3,i,img/target_8.png
53,3,909,lattice,5,q,img/target_1.png
53,3,910,lattice,3,i,img/target_8.png
53,3,911,lattice,1,o,img/target_9.png
53,3,912,lattice,3,i,img/target_8.png
53,3,913,lattice,5,q,img/target_1.png
53,3,914,lattice,4,w,img/target_2.png
53,3,915,lattice,2,u,img/target_7.png
53,3,916,lattice,1,o,img/target_9.png
53,3,917,lattice,0,r,img/target_4.png
53,3,918,lattice,1,o,img/target_9.png
53,3,919,lattice,3,i,img/target_8.png
53,3,920,lattice,4,w,img/target_2.png
53,3,921,lattice,2,u,img/target_7.png
53,3,922,lattice,0,r,img/target_4.png
53,3,923,lattice,2,u,img/target_7.png
53,3,924,lattice,3,i,img/target_8.png
53,3,925,lattice,4,w,img/target_2.png
53,3,926,lattice,2,u,img/target_7.png
53,3,927,lattice,0,r,img/target_4.png
53,3,928,lattice,9,p,img/target_10.png
53,3,929,lattice,7,b,img/target_6.png
53,3,930,lattice,8,v,img/target_5.png
53,3,931,lattice,0,r,img/target_4.png
53,3,932,lattice,2,u,img/target_7.png
53,3,933,lattice,1,o,img/target_9.png
53,3,934,lattice,2,u,img/target_7.png
53,3,935,lattice,1,o,img/target_9.png
53,3,936,lattice,2,u,img/target_7.png
53,3,937,lattice,0,r,img/target_4.png
53,3,938,lattice,1,o,img/target_9.png
53,3,939,lattice,9,p,img/target_10.png
53,3,940,lattice,0,r,img/target_4.png
53,3,941,lattice,8,v,img/target_5.png
53,3,942,lattice,7,b,img/target_6.png
53,3,943,lattice,5,q,img/target_1.png
53,3,944,lattice,3,i,img/target_8.png
53,3,945,lattice,4,w,img/target_2.png
53,3,946,lattice,2,u,img/target_7.png
53,3,947,lattice,0,r,img/target_4.png
53,3,948,lattice,2,u,img/target_7.png
53,3,949,lattice,3,i,img/target_8.png
53,3,950,lattice,4,w,img/target_2.png
53,3,951,lattice,6,e,img/target_3.png
53,3,952,lattice,8,v,img/target_5.png
53,3,953,lattice,9,p,img/target_10.png
53,3,954,lattice,7,b,img/target_6.png
53,3,955,lattice,9,p,img/target_10.png
53,3,956,lattice,1,o,img/target_9.png
53,3,957,lattice,0,r,img/target_4.png
53,3,958,lattice,1,o,img/target_9.png
53,3,959,lattice,3,i,img/target_8.png
53,3,960,lattice,4,w,img/target_2.png
53,3,961,lattice,2,u,img/target_7.png
53,3,962,lattice,3,i,img/target_8.png
53,3,963,lattice,2,u,img/target_7.png
53,3,964,lattice,4,w,img/target_2.png
53,3,965,lattice,5,q,img/target_1.png
53,3,966,lattice,7,b,img/target_6.png
53,3,967,lattice,5,q,img/target_1.png
53,3,968,lattice,7,b,img/target_6.png
53,3,969,lattice,5,q,img/target_1.png
53,3,970,lattice,4,w,img/target_2.png
53,3,971,lattice,5,q,img/target_1.png
53,3,972,lattice,7,b,img/target_6.png
53,3,973,lattice,8,v,img/target_5.png
53,3,974,lattice,6,e,img/target_3.png
53,3,975,lattice,5,q,img/target_1.png
53,3,976,lattice,6,e,img/target_3.png
53,3,977,lattice,4,w,img/target_2.png
53,3,978,lattice,5,q,img/target_1.png
53,3,979,lattice,7,b,img/target_6.png
53,3,980,lattice,9,p,img/target_10.png
53,3,981,lattice,8,v,img/target_5.png
53,3,982,lattice,7,b,img/target_6.png
53,3,983,lattice,8,v,img/target_5.png
53,3,984,lattice,0,r,img/target_4.png
53,3,985,lattice,8,v,img/target_5.png
53,3,986,lattice,6,e,img/target_3.png
53,3,987,lattice,5,q,img/target_1.png
53,3,988,lattice,7,b,img/target_6.png
53,3,989,lattice,5,q,img/target_1.png
53,3,990,lattice,6,e,img/target_3.png
53,3,991,lattice,7,b,img/target_6.png
53,3,992,lattice,8,v,img/target_5.png
53,3,993,lattice,9,p,img/target_10.png
53,3,994,lattice,1,o,img/target_9.png
53,3,995,lattice,0,r,img/target_4.png
53,3,996,lattice,8,v,img/target_5.png
53,3,997,lattice,0,r,img/target_4.png
53,3,998,lattice,9,p,img/target_10.png
53,3,999,lattice,1,o,img/target_9.png
53,3,1000,lattice,0,r,img/target_4.png
