pID,sess,trialNum,graph,walk,resp,path
53,2,1,lattice,9,p,img/target_10.png
53,2,2,lattice,1,o,img/target_9.png
53,2,3,lattice,2,u,img/target_7.png
53,2,4,lattice,0,r,img/target_4.png
53,2,5,lattice,9,p,img/target_10.png
53,2,6,lattice,1,o,img/target_9.png
53,2,7,lattice,3,i,img/target_8.png
53,2,8,lattice,4,w,img/target_2.png
53,2,9,lattice,2,u,img/target_7.png
53,2,10,lattice,4,w,img/target_2.png
53,2,11,lattice,6,e,img/target_3.png
53,2,12,lattice,4,w,img/target_2.png
53,2,13,lattice,5,q,img/target_1.png
53,2,14,lattice,4,w,img/target_2.png
53,2,15,lattice,6,e,img/target_3.png
53,2,16,lattice,4,w,img/target_2.png
53,2,17,lattice,3,i,img/target_8.png
53,2,18,lattice,5,q,img/target_1.png
53,2,19,lattice,3,i,img/target_8.png
53,2,20,lattice,2,u,img/target_7.png
53,2,21,lattice,1,o,img/target_9.png
53,2,22,lattice,9,p,img/target_10.png
53,2,23,lattice,1,o,img/target_9.png
53,2,24,lattice,3,i,img/target_8.png
53,2,25,lattice,2,u,img/target_7.png
53,2,26,lattice,1,o,img/target_9.png
53,2,27,lattice,9,p,img/target_10.png
53,2,28,lattice,0,r,img/target_4.png
53,2,29,lattice,9,p,img/target_10.png
53,2,30,lattice,0,r,img/target_4.png
53,2,31,lattice,8,v,img/target_5.png
53,2,32,lattice,6,e,img/target_3.png
53,2,33,lattice,8,v,img/target_5.png
53,2,34,lattice,0,r,img/target_4.png
53,2,35,lattice,8,v,img/target_5.png
53,2,36,lattice,0,r,img/target_4.png
53,2,37,lattice,2,u,img/target_7.png
53,2,38,lattice,3,i,img/target_8.png
53,2,39,lattice,4,w,img/target_2.png
53,2,40,lattice,2,u,img/target_7.png
53,2,41,lattice,4,w,img/target_2.png
53,2,42,lattice,3,i,img/target_8.png
53,2,43,lattice,5,q,img/target_1.png
53,2,44,lattice,6,e,img/target_3.png
53,2,45,lattice,8,v,img/target_5.png
53,2,46,lattice,7,b,img/target_6.png
53,2,47,lattice,9,p,img/target_10.png
53,2,48,lattice,8,v,img/target_5.png
53,2,49,lattice,7,b,img/target_6.png
53,2,50,lattice,8,v,img/target_5.png
53,2,51,lattice,9,p,img/target_10.png
53,2,52,lattice,1,o,img/target_9.png
53,2,53,lattice,0,r,img/target_4.png
53,2,54,lattice,9,p,img/target_10.png
53,2,55,lattice,8,v,img/target_5.png
53,2,56,lattice,9,p,img/target_10.png
53,2,57,lattice,0,r,img/target_4.png
53,2,58,lattice,2,u,img/target_7.png
53,2,59,lattice,4,w,img/target_2.png
53,2,60,lattice,6,e,img/target_3.png
53,2,61,lattice,8,v,img/target_5.png
53,2,62,lattice,0,r,img/target_4.png
53,2,63,lattice,8,v,img/target_5.png
53,2,64,lattice,6,e,img/target_3.png
53,2,65,lattice,4,w,img/target_2.png
53,2,66,lattice,3,i,img/target_8.png
53,2,67,lattice,2,u,img/target_7.png
53,2,68,lattice,3,i,img/target_8.png
53,2,69,lattice,1,o,img/target_9.png
53,2,70,lattice,3,i,img/target_8.png
53,2,71,lattice,5,q,img/target_1.png
53,2,72,lattice,7,b,img/target_6.png
53,2,73,lattice,5,q,img/target_1.png
53,2,74,lattice,3,i,img/target_8.png
53,2,75,lattice,2,u,img/target_7.png
53,2,76,lattice,4,w,img/target_2.png
53,2,77,lattice,5,q,img/target_1.png
53,2,78,lattice,6,e,img/target_3.png
53,2,79,lattice,5,q,img/target_1.png
53,2,80,lattice,3,i,img/target_8.png
53,2,81,lattice,1,o,img/target_9.png
53,2,82,lattice,2,u,img/target_7.png
53,2,83,lattice,3,i,img/target_8.png
53,2,84,lattice,1,o,img/target_9.png
53,2,85,lattice,9,p,img/target_10.png
53,2,86,lattice,8,v,img/target_5.png
53,2,87,lattice,9,p,img/target_10.png
53,2,88,lattice,7,b,img/target_6.png
53,2,89,lattice,5,q,img/target_1.png
53,2,90,lattice,6,e,img/target_3.png
53,2,91,lattice,5,q,img/target_1.png
53,2,92,lattice,7,b,img/target_6.png
53,2,93,lattice,5,q,img/target_1.png
53,2,94,lattice,4,w,img/target_2.png
53,2,95,lattice,5,q,img/target_1.png
53,2,96,lattice,3,i,img/target_8.png
53,2,97,lattice,1,o,img/target_9.png
53,2,98,lattice,0,r,img/target_4.png
53,2,99,lattice,8,v,img/target_5.png
53,2,100,lattice,6,e,img/target_3.png
53,2,101,lattice,7,b,img/target_6.png
53,2,102,lattice,5,q,img/target_1.png
53,2,103,lattice,6,e,img/target_3.png
53,2,104,lattice,8,v,img/target_5.png
53,2,105,lattice,0,r,img/target_4.png
53,2,106,lattice,9,p,img/target_10.png
53,2,107,lattice,1,o,img/target_9.png
53,2,108,lattice,2,u,img/target_7.png
53,2,109,lattice,0,r,img/target_4.png
53,2,110,lattice,2,u,img/target_7.png
53,2,111,lattice,0,r,img/target_4.png
53,2,112,lattice,2,u,img/target_7.png
53,2,113,lattice,3,i,img/target_8.png
53,2,114,lattice,5,q,img/target_1.png
53,2,115,lattice,4,w,img/target_2.png
53,2,116,lattice,3,i,img/target_8.png
53,2,117,lattice,2,u,img/target_7.png
53,2,118,lattice,3,i,img/target_8.png
53,2,119,lattice,2,u,img/target_7.png
53,2,120,lattice,3,i,img/target_8.png
53,2,121,lattice,2,u,img/target_7.png
53,2,122,lattice,4,w,img/target_2.png
53,2,123,lattice,3,i,img/target_8.png
53,2,124,lattice,5,q,img/target_1.png
53,2,125,lattice,6,e,img/target_3.png
53,2,126,lattice,4,w,img/target_2.png
53,2,127,lattice,6,e,img/target_3.png
53,2,128,lattice,4,w,img/target_2.png
53,2,129,lattice,3,i,img/target_8.png
53,2,130,lattice,1,o,img/target_9.png
53,2,131,lattice,9,p,img/target_10.png
53,2,132,lattice,0,r,img/target_4.png
53,2,133,lattice,9,p,img/target_10.png
53,2,134,lattice,1,o,img/target_9.png
53,2,135,lattice,3,i,img/target_8.png
53,2,136,lattice,4,w,img/target_2.png
53,2,137,lattice,6,e,img/target_3.png
53,2,138,lattice,7,b,img/target_6.png
53,2,139,lattice,6,e,img/target_3.png
53,2,140,lattice,7,b,img/target_6.png
53,2,141,lattice,6,e,img/target_3.png
53,2,142,lattice,8,v,img/target_5.png
53,2,143,lattice,9,p,img/target_10.png
53,2,144,lattice,1,o,img/target_9.png
53,2,145,lattice,3,i,img/target_8.png
53,2,146,lattice,2,u,img/target_7.png
53,2,147,lattice,0,r,img/target_4.png
53,2,148,lattice,8,v,img/target_5.png
53,2,149,lattice,0,r,img/target_4.png
53,2,150,lattice,1,o,img/target_9.png
53,2,151,lattice,9,p,img/target_10.png
53,2,152,lattice,8,v,img/target_5.png
53,2,153,lattice,6,e,img/target_3.png
53,2,154,lattice,5,q,img/target_1.png
53,2,155,lattice,7,b,img/target_6.png
53,2,156,lattice,9,p,img/target_10.png
53,2,157,lattice,8,v,img/target_5.png
53,2,158,lattice,9,p,img/target_10.png
53,2,159,lattice,7,b,img/target_6.png
53,2,160,lattice,8,v,img/target_5.png
53,2,161,lattice,0,r,img/target_4.png
53,2,162,lattice,9,p,img/target_10.png
53,2,163,lattice,1,o,img/target_9.png
53,2,164,lattice,9,p,img/target_10.png
53,2,165,lattice,1,o,img/target_9.png
53,2,166,lattice,9,p,img/target_10.png
53,2,167,lattice,0,r,img/target_4.png
53,2,168,lattice,8,v,img/target_5.png
53,2,169,lattice,9,p,img/target_10.png
53,2,170,lattice,8,v,img/target_5.png
53,2,171,lattice,9,p,img/target_10.png
53,2,172,lattice,1,o,img/target_9.png
53,2,173,lattice,3,i,img/target_8.png
53,2,174,lattice,4,w,img/target_2.png
53,2,175,lattice,3,i,img/target_8.png
53,2,176,lattice,1,o,img/target_9.png
53,2,177,lattice,9,p,img/target_10.png
53,2,178,lattice,8,v,img/target_5.png
53,2,179,lattice,6,e,img/target_3.png
53,2,180,lattice,5,q,img/target_1.png
53,2,181,lattice,4,w,img/target_2.png
53,2,182,lattice,2,u,img/target_7.png
53,2,183,lattice,0,r,img/target_4.png
53,2,184,lattice,1,o,img/target_9.png
53,2,185,lattice,3,i,img/target_8.png
53,2,186,lattice,1,o,img/target_9.png
53,2,187,lattice,0,r,img/target_4.png
53,2,188,lattice,9,p,img/target_10.png
53,2,189,lattice,1,o,img/target_9.png
53,2,190,lattice,9,p,img/target_10.png
53,2,191,lattice,7,b,img/target_6.png
53,2,192,lattice,9,p,img/target_10.png
53,2,193,lattice,1,o,img/target_9.png
53,2,194,lattice,3,i,img/target_8.png
53,2,195,lattice,2,u,img/target_7.png
53,2,196,lattice,0,r,img/target_4.png
53,2,197,lattice,1,o,img/target_9.png
53,2,198,lattice,2,u,img/target_7.png
53,2,199,lattice,1,o,img/target_9.png
53,2,200,lattice,3,i,img/target_8.png
53,2,201,lattice,4,w,img/target_2.png
53,2,202,lattice,3,i,img/target_8.png
53,2,203,lattice,5,q,img/target_1.png
53,2,204,lattice,6,e,img/target_3.png
53,2,205,lattice,7,b,img/target_6.png
53,2,206,lattice,9,p,img/target_10.png
53,2,207,lattice,7,b,img/target_6.png
53,2,208,lattice,5,q,img/target_1.png
53,2,209,lattice,7,b,img/target_6.png
53,2,210,lattice,8,v,img/target_5.png
53,2,211,lattice,9,p,img/target_10.png
53,2,212,lattice,1,o,img/target_9.png
53,2,213,lattice,2,u,img/target_7.png
53,2,214,lattice,4,w,img/target_2.png
53,2,215,lattice,3,i,img/target_8.png
53,2,216,lattice,2,u,img/target_7.png
53,2,217,lattice,4,w,img/target_2.png
53,2,218,lattice,5,q,img/target_1.png
53,2,219,lattice,4,w,img/target_2.png
53,2,220,lattice,6,e,img/target_3.png
53,2,221,lattice,4,w,img/target_2.png
53,2,222,lattice,6,e,img/target_3.png
53,2,223,lattice,4,w,img/target_2.png
53,2,224,lattice,6,e,img/target_3.png
53,2,225,lattice,4,w,img/target_2.png
53,2,226,lattice,6,e,img/target_3.png
53,2,227,lattice,7,b,img/target_6.png
53,2,228,lattice,9,p,img/target_10.png
53,2,229,lattice,1,o,img/target_9.png
53,2,230,lattice,9,p,img/target_10.png
53,2,231,lattice,1,o,img/target_9.png
53,2,232,lattice,2,u,img/target_7.png
53,2,233,lattice,4,w,img/target_2.png
53,2,234,lattice,6,e,img/target_3.png
53,2,235,lattice,8,v,img/target_5.png
53,2,236,lattice,0,r,img/target_4.png
53,2,237,lattice,8,v,img/target_5.png
53,2,238,lattice,7,b,img/target_6.png
53,2,239,lattice,8,v,img/target_5.png
53,2,240,lattice,7,b,img/target_6.png
53,2,241,lattice,8,v,img/target_5.png
53,2,242,lattice,7,b,img/target_6.png
53,2,243,lattice,5,q,img/target_1.png
53,2,244,lattice,6,e,img/target_3.png
53,2,245,lattice,7,b,img/target_6.png
53,2,246,lattice,5,q,img/target_1.png
53,2,247,lattice,3,i,img/target_8.png
53,2,248,lattice,4,w,img/target_2.png
53,2,249,lattice,2,u,img/target_7.png
53,2,250,lattice,3,i,img/target_8.png
53,2,251,lattice,4,w,img/target_2.png
53,2,252,lattice,2,u,img/target_7.png
53,2,253,lattice,1,o,img/target_9.png
53,2,254,lattice,3,i,img/target_8.png
53,2,255,lattice,5,q,img/target_1.png
53,2,256,lattice,3,i,img/target_8.png
53,2,257,lattice,1,o,img/target_9.png
53,2,258,lattice,2,u,img/target_7.png
53,2,259,lattice,1,o,img/target_9.png
53,2,260,lattice,9,p,img/target_10.png
53,2,261,lattice,8,v,img/target_5.png
53,2,262,lattice,0,r,img/target_4.png
53,2,263,lattice,2,u,img/target_7.png
53,2,264,lattice,3,i,img/target_8.png
53,2,265,lattice,5,q,img/target_1.png
53,2,266,lattice,3,i,img/target_8.png
53,2,267,lattice,5,q,img/target_1.png
53,2,268,lattice,3,i,img/target_8.png
53,2,269,lattice,4,w,img/target_2.png
53,2,270,lattice,2,u,img/target_7.png
53,2,271,lattice,1,o,img/target_9.png
53,2,272,lattice,2,u,img/target_7.png
53,2,273,lattice,4,w,img/target_2.png
53,2,274,lattice,3,i,img/target_8.png
53,2,275,lattice,1,o,img/target_9.png
53,2,276,lattice,9,p,img/target_10.png
53,2,277,lattice,8,v,img/target_5.png
53,2,278,lattice,7,b,img/target_6.png
53,2,279,lattice,5,q,img/target_1.png
53,2,280,lattice,7,b,img/target_6.png
53,2,281,lattice,6,e,img/target_3.png
53,2,282,lattice,4,w,img/target_2.png
53,2,283,lattice,3,i,img/target_8.png
53,2,284,lattice,1,o,img/target_9.png
53,2,285,lattice,3,i,img/target_8.png
53,2,286,lattice,2,u,img/target_7.png
53,2,287,lattice,0,r,img/target_4.png
53,2,288,lattice,8,v,img/target_5.png
53,2,289,lattice,9,p,img/target_10.png
53,2,290,lattice,8,v,img/target_5.png
53,2,291,lattice,6,e,img/target_3.png
53,2,292,lattice,4,w,img/target_2.png
53,2,293,lattice,5,q,img/target_1.png
53,2,294,lattice,4,w,img/target_2.png
53,2,295,lattice,5,q,img/target_1.png
53,2,296,lattice,6,e,img/target_3.png
53,2,297,lattice,8,v,img/target_5.png
53,2,298,lattice,9,p,img/target_10.png
53,2,299,lattice,1,o,img/target_9.png
53,2,300,lattice,2,u,img/target_7.png
53,2,301,lattice,4,w,img/target_2.png
53,2,302,lattice,2,u,img/target_7.png
53,2,303,lattice,4,w,img/target_2.png
53,2,304,lattice,3,i,img/target_8.png
53,2,305,lattice,2,u,img/target_7.png
53,2,306,lattice,4,w,img/target_2.png
53,2,307,lattice,3,i,img/target_8.png
53,2,308,lattice,5,q,img/target_1.png
53,2,309,lattice,3,i,img/target_8.png
53,2,310,lattice,2,u,img/target_7.png
53,2,311,lattice,3,i,img/target_8.png
53,2,312,lattice,5,q,img/target_1.png
53,2,313,lattice,4,w,img/target_2.png
53,2,314,lattice,5,q,img/target_1.png
53,2,315,lattice,3,i,img/target_8.png
53,2,316,lattice,2,u,img/target_7.png
53,2,317,lattice,4,w,img/target_2.png
53,2,318,lattice,2,u,img/target_7.png
53,2,319,lattice,1,o,img/target_9.png
53,2,320,lattice,9,p,img/target_10.png
53,2,321,lattice,1,o,img/target_9.png
53,2,322,lattice,0,r,img/target_4.png
53,2,323,lattice,1,o,img/target_9.png
53,2,324,lattice,9,p,img/target_10.png
53,2,325,lattice,1,o,img/target_9.png
53,2,326,lattice,2,u,img/target_7.png
53,2,327,lattice,4,w,img/target_2.png
53,2,328,lattice,5,q,img/target_1.png
53,2,329,lattice,6,e,img/target_3.png
53,2,330,lattice,5,q,img/target_1.png
53,2,331,lattice,7,b,img/target_6.png
53,2,332,lattice,6,e,img/target_3.png
53,2,333,lattice,8,v,img/target_5.png
53,2,334,lattice,9,p,img/target_10.png
53,2,335,lattice,8,v,img/target_5.png
53,2,336,lattice,7,b,img/target_6.png
53,2,337,lattice,9,p,img/target_10.png
53,2,338,lattice,8,v,img/target_5.png
53,2,339,lattice,6,e,img/target_3.png
53,2,340,lattice,7,b,img/target_6.png
53,2,341,lattice,8,v,img/target_5.png
53,2,342,lattice,7,b,img/target_6.png
53,2,343,lattice,6,e,img/target_3.png
53,2,344,lattice,4,w,img/target_2.png
53,2,345,lattice,3,i,img/target_8.png
53,2,346,lattice,5,q,img/target_1.png
53,2,347,lattice,7,b,img/target_6.png
53,2,348,lattice,8,v,img/target_5.png
53,2,349,lattice,7,b,img/target_6.png
53,2,350,lattice,9,p,img/target_10.png
53,2,351,lattice,0,r,img/target_4.png
53,2,352,lattice,8,v,img/target_5.png
53,2,353,lattice,9,p,img/target_10.png
53,2,354,lattice,7,b,img/target_6.png
53,2,355,lattice,6,e,img/target_3.png
53,2,356,lattice,8,v,img/target_5.png
53,2,357,lattice,0,r,img/target_4.png
53,2,358,lattice,8,v,img/target_5.png
53,2,359,lattice,0,r,img/target_4.png
53,2,360,lattice,9,p,img/target_10.png
53,2,361,lattice,8,v,img/target_5.png
53,2,362,lattice,9,p,img/target_10.png
53,2,363,lattice,0,r,img/target_4.png
53,2,364,lattice,9,p,img/target_10.png
53,2,365,lattice,8,v,img/target_5.png
53,2,366,lattice,0,r,img/target_4.png
53,2,367,lattice,1,o,img/target_9.png
53,2,368,lattice,0,r,img/target_4.png
53,2,369,lattice,9,p,img/target_10.png
53,2,370,lattice,0,r,img/target_4.png
53,2,371,lattice,8,v,img/target_5.png
53,2,372,lattice,6,e,img/target_3.png
53,2,373,lattice,7,b,img/target_6.png
53,2,374,lattice,8,v,img/target_5.png
53,2,375,lattice,9,p,img/target_10.png
53,2,376,lattice,0,r,img/target_4.png
53,2,377,lattice,1,o,img/target_9.png
53,2,378,lattice,2,u,img/target_7.png
53,2,379,lattice,1,o,img/target_9.png
53,2,380,lattice,0,r,img/target_4.png
53,2,381,lattice,1,o,img/target_9.png
53,2,382,lattice,0,r,img/target_4.png
53,2,383,lattice,2,u,img/target_7.png
53,2,384,lattice,0,r,img/target_4.png
53,2,385,lattice,9,p,img/target_10.png
53,2,386,lattice,0,r,img/target_4.png
53,2,387,lattice,8,v,img/target_5.png
53,2,388,lattice,9,p,img/target_10.png
53,2,389,lattice,7,b,img/target_6.png
53,2,390,lattice,6,e,img/target_3.png
53,2,391,lattice,4,w,img/target_2.png
53,2,392,lattice,5,q,img/target_1.png
53,2,393,lattice,4,w,img/target_2.png
53,2,394,lattice,3,i,img/target_8.png
53,2,395,lattice,2,u,img/target_7.png
53,2,396,lattice,3,i,img/target_8.png
53,2,397,lattice,1,o,img/target_9.png
53,2,398,lattice,3,i,img/target_8.png
53,2,399,lattice,5,q,img/target_1.png
53,2,400,lattice,7,b,img/target_6.png
53,2,401,lattice,5,q,img/target_1.png
53,2,402,lattice,6,e,img/target_3.png
53,2,403,lattice,5,q,img/target_1.png
53,2,404,lattice,7,b,img/target_6.png
53,2,405,lattice,8,v,img/target_5.png
53,2,406,lattice,0,r,img/target_4.png
53,2,407,lattice,8,v,img/target_5.png
53,2,408,lattice,6,e,img/target_3.png
53,2,409,lattice,5,q,img/target_1.png
53,2,410,lattice,4,w,img/target_2.png
53,2,411,lattice,3,i,img/target_8.png
53,2,412,lattice,4,w,img/target_2.png
53,2,413,lattice,3,i,img/target_8.png
53,2,414,lattice,4,w,img/target_2.png
53,2,415,lattice,6,e,img/target_3.png
53,2,416,lattice,7,b,img/target_6.png
53,2,417,lattice,8,v,img/target_5.png
53,2,418,lattice,0,r,img/target_4.png
53,2,419,lattice,9,p,img/target_10.png
53,2,420,lattice,8,v,img/target_5.png
53,2,421,lattice,9,p,img/target_10.png
53,2,422,lattice,0,r,img/target_4.png
53,2,423,lattice,9,p,img/target_10.png
53,2,424,lattice,1,o,img/target_9.png
53,2,425,lattice,3,i,img/target_8.png
53,2,426,lattice,4,w,img/target_2.png
53,2,427,lattice,3,i,img/target_8.png
53,2,428,lattice,1,o,img/target_9.png
53,2,429,lattice,9,p,img/target_10.png
53,2,430,lattice,1,o,img/target_9.png
53,2,431,lattice,2,u,img/target_7.png
53,2,432,lattice,4,w,img/target_2.png
53,2,433,lattice,6,e,img/target_3.png
53,2,434,lattice,7,b,img/target_6.png
53,2,435,lattice,5,q,img/target_1.png
53,2,436,lattice,3,i,img/target_8.png
53,2,437,lattice,2,u,img/target_7.png
53,2,438,lattice,1,o,img/target_9.png
53,2,439,lattice,2,u,img/target_7.png
53,2,440,lattice,3,i,img/target_8.png
53,2,441,lattice,4,w,img/target_2.png
53,2,442,lattice,6,e,img/target_3.png
53,2,443,lattice,8,v,img/target_5.png
53,2,444,lattice,7,b,img/target_6.png
53,2,445,lattice,9,p,img/target_10.png
53,2,446,lattice,8,v,img/target_5.png
53,2,447,lattice,0,r,img/target_4.png
53,2,448,lattice,9,p,img/target_10.png
53,2,449,lattice,0,r,img/target_4.png
53,2,450,lattice,8,v,img/target_5.png
53,2,451,lattice,9,p,img/target_10.png
53,2,452,lattice,7,b,img/target_6.png
53,2,453,lattice,5,q,img/target_1.png
53,2,454,lattice,4,w,img/target_2.png
53,2,455,lattice,6,e,img/target_3.png
53,2,456,lattice,7,b,img/target_6.png
53,2,457,lattice,5,q,img/target_1.png
53,2,458,lattice,3,i,img/target_8.png
53,2,459,lattice,4,w,img/target_2.png
53,2,460,lattice,6,e,img/target_3.png
53,2,461,lattice,8,v,img/target_5.png
53,2,462,lattice,6,e,img/target_3.png
53,2,463,lattice,5,q,img/target_1.png
53,2,464,lattice,4,w,img/target_2.png
53,2,465,lattice,3,i,img/target_8.png
53,2,466,lattice,5,q,img/target_1.png
53,2,467,lattice,3,i,img/target_8.png
53,2,468,lattice,5,q,img/target_1.png
53,2,469,lattice,7,b,img/target_6.png
53,2,470,lattice,9,p,img/target_10.png
53,2,471,lattice,7,b,img/target_6.png
53,2,472,lattice,6,e,img/target_3.png
53,2,473,lattice,4,w,img/target_2.png
53,2,474,lattice,5,q,img/target_1.png
53,2,475,lattice,6,e,img/target_3.png
53,2,476,lattice,5,q,img/target_1.png
53,2,477,lattice,4,w,img/target_2.png
53,2,478,lattice,3,i,img/target_8.png
53,2,479,lattice,4,w,img/target_2.png
53,2,480,lattice,2,u,img/target_7.png
53,2,481,lattice,1,o,img/target_9.png
53,2,482,lattice,2,u,img/target_7.png
53,2,483,lattice,0,r,img/target_4.png
53,2,484,lattice,1,o,img/target_9.png
53,2,485,lattice,9,p,img/target_10.png
53,2,486,lattice,8,v,img/target_5.png
53,2,487,lattice,9,p,img/target_10.png
53,2,488,lattice,8,v,img/target_5.png
53,2,489,lattice,6,e,img/target_3.png
53,2,490,lattice,4,w,img/target_2.png
53,2,491,lattice,6,e,img/target_3.png
53,2,492,lattice,5,q,img/target_1.png
53,2,493,lattice,3,i,img/target_8.png
53,2,494,lattice,4,w,img/target_2.png
53,2,495,lattice,6,e,img/target_3.png
53,2,496,lattice,4,w,img/target_2.png
53,2,497,lattice,3,i,img/target_8.png
53,2,498,lattice,4,w,img/target_2.png
53,2,499,lattice,3,i,img/target_8.png
53,2,500,lattice,1,o,img/target_9.png
53,2,501,lattice,0,r,img/target_4.png
53,2,502,lattice,9,p,img/target_10.png
53,2,503,lattice,1,o,img/target_9.png
53,2,504,lattice,2,u,img/target_7.png
53,2,505,lattice,0,r,img/target_4.png
53,2,506,lattice,1,o,img/target_9.png
53,2,507,lattice,0,r,img/target_4.png
53,2,508,lattice,9,p,img/target_10.png
53,2,509,lattice,7,b,img/target_6.png
53,2,510,lattice,6,e,img/target_3.png
53,2,511,lattice,4,w,img/target_2.png
53,2,512,lattice,3,i,img/target_8.png
53,2,513,lattice,5,q,img/target_1.png
53,2,514,lattice,4,w,img/target_2.png
53,2,515,lattice,5,q,img/target_1.png
53,2,516,lattice,4,w,img/target_2.png
53,2,517,lattice,6,e,img/target_3.png
53,2,518,lattice,8,v,img/target_5.png
53,2,519,lattice,6,e,img/target_3.png
53,2,520,lattice,8,v,img/target_5.png
53,2,521,lattice,0,r,img/target_4.png
53,2,522,lattice,1,o,img/target_9.png
53,2,523,lattice,9,p,img/target_10.png
53,2,524,lattice,1,o,img/target_9.png
53,2,525,lattice,0,r,img/target_4.png
53,2,526,lattice,1,o,img/target_9.png
53,2,527,lattice,3,i,img/target_8.png
53,2,528,lattice,4,w,img/target_2.png
53,2,529,lattice,2,u,img/target_7.png
53,2,530,lattice,3,i,img/target_8.png
53,2,531,lattice,1,o,img/target_9.png
53,2,532,lattice,3,i,img/target_8.png
53,2,533,lattice,4,w,img/target_2.png
53,2,534,lattice,6,e,img/target_3.png
53,2,535,lattice,4,w,img/target_2.png
53,2,536,lattice,3,i,img/target_8.png
53,2,537,lattice,1,o,img/target_9.png
53,2,538,lattice,3,i,img/target_8.png
53,2,539,lattice,1,o,img/target_9.png
53,2,540,lattice,3,i,img/target_8.png
53,2,541,lattice,4,w,img/target_2.png
53,2,542,lattice,5,q,img/target_1.png
53,2,543,lattice,7,b,img/target_6.png
53,2,544,lattice,8,v,img/target_5.png
53,2,545,lattice,0,r,img/target_4.png
53,2,546,lattice,8,v,img/target_5.png
53,2,547,lattice,9,p,img/target_10.png
53,2,548,lattice,1,o,img/target_9.png
53,2,549,lattice,0,r,img/target_4.png
53,2,550,lattice,8,v,img/target_5.png
53,2,551,lattice,6,e,img/target_3.png
53,2,552,lattice,7,b,img/target_6.png
53,2,553,lattice,6,e,img/target_3.png
53,2,554,lattice,5,q,img/target_1.png
53,2,555,lattice,3,i,img/target_8.png
53,2,556,lattice,1,o,img/target_9.png
53,2,557,lattice,9,p,img/target_10.png
53,2,558,lattice,7,b,img/target_6.png
53,2,559,lattice,8,v,img/target_5.png
53,2,560,lattice,6,e,img/target_3.png
53,2,561,lattice,5,q,img/target_1.png
53,2,562,lattice,6,e,img/target_3.png
53,2,563,lattice,8,v,img/target_5.png
53,2,564,lattice,7,b,img/target_6.png
53,2,565,lattice,8,v,img/target_5.png
53,2,566,lattice,7,b,img/target_6.png
53,2,567,lattice,9,p,img/target_10.png
53,2,568,lattice,0,r,img/target_4.png
53,2,569,lattice,2,u,img/target_7.png
53,2,570,lattice,1,o,img/target_9.png
53,2,571,lattice,2,u,img/target_7.png
53,2,572,lattice,1,o,img/target_9.png
53,2,573,lattice,3,i,img/target_8.png
53,2,574,lattice,5,q,img/target_1.png
53,2,575,lattice,3,i,img/target_8.png
53,2,576,lattice,2,u,img/target_7.png
53,2,577,lattice,0,r,img/target_4.png
53,2,578,lattice,8,v,img/target_5.png
53,2,579,lattice,7,b,img/target_6.png
53,2,580,lattice,8,v,img/target_5.png
53,2,581,lattice,7,b,img/target_6.png
53,2,582,lattice,8,v,img/target_5.png
53,2,583,lattice,7,b,img/target_6.png
53,2,584,lattice,6,e,img/target_3.png
53,2,585,lattice,5,q,img/target_1.png
53,2,586,lattice,4,w,img/target_2.png
53,2,587,lattice,6,e,img/target_3.png
53,2,588,lattice,7,b,img/target_6.png
53,2,589,lattice,8,v,img/target_5.png
53,2,590,lattice,6,e,img/target_3.png
53,2,591,lattice,7,b,img/target_6.png
53,2,592,lattice,5,q,img/target_1.png
53,2,593,lattice,4,w,img/target_2.png
53,2,594,lattice,5,q,img/target_1.png
53,2,595,lattice,4,w,img/target_2.png
53,2,596,lattice,2,u,img/target_7.png
53,2,597,lattice,3,i,img/target_8.png
53,2,598,lattice,2,u,img/target_7.png
53,2,599,lattice,4,w,img/target_2.png
53,2,600,lattice,3,i,img/target_8.png
53,2,601,lattice,1,o,img/target_9.png
53,2,602,lattice,9,p,img/target_10.png
53,2,603,lattice,1,o,img/target_9.png
53,2,604,lattice,3,i,img/target_8.png
53,2,605,lattice,4,w,img/target_2.png
53,2,606,lattice,2,u,img/target_7.png
53,2,607,lattice,4,w,img/target_2.png
53,2,608,lattice,2,u,img/target_7.png
53,2,609,lattice,1,o,img/target_9.png
53,2,610,lattice,3,i,img/target_8.png
53,2,611,lattice,1,o,img/target_9.png
53,2,612,lattice,0,r,img/target_4.png
53,2,613,lattice,8,v,img/target_5.png
53,2,614,lattice,0,r,img/target_4.png
53,2,615,lattice,2,u,img/target_7.png
53,2,616,lattice,3,i,img/target_8.png
53,2,617,lattice,4,w,img/target_2.png
53,2,618,lattice,3,i,img/target_8.png
53,2,619,lattice,1,o,img/target_9.png
53,2,620,lattice,0,r,img/target_4.png
53,2,621,lattice,2,u,img/target_7.png
53,2,622,lattice,1,o,img/target_9.png
53,2,623,lattice,2,u,img/target_7.png
53,2,624,lattice,4,w,img/target_2.png
53,2,625,lattice,5,q,img/target_1.png
53,2,626,lattice,7,b,img/target_6.png
53,2,627,lattice,9,p,img/target_10.png
53,2,628,lattice,8,v,img/target_5.png
53,2,629,lattice,0,r,img/target_4.png
53,2,630,lattice,2,u,img/target_7.png
53,2,631,lattice,3,i,img/target_8.png
53,2,632,lattice,1,o,img/target_9.png
53,2,633,lattice,3,i,img/target_8.png
53,2,634,lattice,1,o,img/target_9.png
53,2,635,lattice,2,u,img/target_7.png
53,2,636,lattice,4,w,img/target_2.png
53,2,637,lattice,5,q,img/target_1.png
53,2,638,lattice,3,i,img/target_8.png
53,2,639,lattice,4,w,img/target_2.png
53,2,640,lattice,3,i,img/target_8.png
53,2,641,lattice,4,w,img/target_2.png
53,2,642,lattice,2,u,img/target_7.png
53,2,643,lattice,0,r,img/target_4.png
53,2,644,lattice,9,p,img/target_10.png
53,2,645,lattice,1,o,img/target_9.png
53,2,646,lattice,3,i,img/target_8.png
53,2,647,lattice,4,w,img/target_2.png
53,2,648,lattice,6,e,img/target_3.png
53,2,649,lattice,8,v,img/target_5.png
53,2,650,lattice,0,r,img/target_4.png
53,2,651,lattice,9,p,img/target_10.png
53,2,652,lattice,0,r,img/target_4.png
53,2,653,lattice,8,v,img/target_5.png
53,2,654,lattice,7,b,img/target_6.png
53,2,655,lattice,5,q,img/target_1.png
53,2,656,lattice,4,w,img/target_2.png
53,2,657,lattice,3,i,img/target_8.png
53,2,658,lattice,4,w,img/target_2.png
53,2,659,lattice,5,q,img/target_1.png
53,2,660,lattice,4,w,img/target_2.png
53,2,661,lattice,6,e,img/target_3.png
53,2,662,lattice,7,b,img/target_6.png
53,2,663,lattice,9,p,img/target_10.png
53,2,664,lattice,8,v,img/target_5.png
53,2,665,lattice,0,r,img/target_4.png
53,2,666,lattice,9,p,img/target_10.png
53,2,667,lattice,7,b,img/target_6.png
53,2,668,lattice,9,p,img/target_10.png
53,2,669,lattice,1,o,img/target_9.png
53,2,670,lattice,0,r,img/target_4.png
53,2,671,lattice,9,p,img/target_10.png
53,2,672,lattice,8,v,img/target_5.png
53,2,673,lattice,9,p,img/target_10.png
53,2,674,lattice,1,o,img/target_9.png
53,2,675,lattice,0,r,img/target_4.png
53,2,676,lattice,8,v,img/target_5.png
53,2,677,lattice,0,r,img/target_4.png
53,2,678,lattice,8,v,img/target_5.png
53,2,679,lattice,0,r,img/target_4.png
53,2,680,lattice,8,v,img/target_5.png
53,2,681,lattice,9,p,img/target_10.png
53,2,682,lattice,7,b,img/target_6.png
53,2,683,lattice,5,q,img/target_1.png
53,2,684,lattice,7,b,img/target_6.png
53,2,685,lattice,9,p,img/target_10.png
53,2,686,lattice,8,v,img/target_5.png
53,2,687,lattice,7,b,img/target_6.png
53,2,688,lattice,5,q,img/target_1.png
53,2,689,lattice,3,i,img/target_8.png
53,2,690,lattice,4,w,img/target_2.png
53,2,691,lattice,5,q,img/target_1.png
53,2,692,lattice,4,w,img/target_2.png
53,2,693,lattice,6,e,img/target_3.png
53,2,694,lattice,5,q,img/target_1.png
53,2,695,lattice,4,w,img/target_2.png
53,2,696,lattice,6,e,img/target_3.png
53,2,697,lattice,5,q,img/target_1.png
53,2,698,lattice,7,b,img/target_6.png
53,2,699,lattice,6,e,img/target_3.png
53,2,700,lattice,4,w,img/target_2.png
53,2,701,lattice,6,e,img/target_3.png
53,2,702,lattice,8,v,img/target_5.png
53,2,703,lattice,0,r,img/target_4.png
53,2,704,lattice,9,p,img/target_10.png
53,2,705,lattice,7,b,img/target_6.png
53,2,706,lattice,8,v,img/target_5.png
53,2,707,lattice,0,r,img/target_4.png
53,2,708,lattice,9,p,img/target_10.png
53,2,709,lattice,8,v,img/target_5.png
53,2,710,lattice,6,e,img/target_3.png
53,2,711,lattice,8,v,img/target_5.png
53,2,712,lattice,0,r,img/target_4.png
53,2,713,lattice,2,u,img/target_7.png
53,2,714,lattice,3,i,img/target_8.png
53,2,715,lattice,1,o,img/target_9.png
53,2,716,lattice,3,i,img/target_8.png
53,2,717,lattice,4,w,img/target_2.png
53,2,718,lattice,5,q,img/target_1.png
53,2,719,lattice,6,e,img/target_3.png
53,2,720,lattice,7,b,img/target_6.png
53,2,721,lattice,9,p,img/target_10.png
53,2,722,lattice,0,r,img/target_4.png
53,2,723,lattice,2,u,img/target_7.png
53,2,724,lattice,3,i,img/target_8.png
53,2,725,lattice,5,q,img/target_1.png
53,2,726,lattice,3,i,img/target_8.png
53,2,727,lattice,4,w,img/target_2.png
53,2,728,lattice,2,u,img/target_7.png
53,2,729,lattice,3,i,img/target_8.png
53,2,730,lattice,1,o,img/target_9.png
53,2,731,lattice,0,r,img/target_4.png
53,2,732,lattice,2,u,img/target_7.png
53,2,733,lattice,0,r,img/target_4.png
53,2,734,lattice,2,u,img/target_7.png
53,2,735,lattice,3,i,img/target_8.png
53,2,736,lattice,5,q,img/target_1.png
53,2,737,lattice,6,e,img/target_3.png
53,2,738,lattice,8,v,img/target_5.png
53,2,739,lattice,9,p,img/target_10.png
53,2,740,lattice,7,b,img/target_6.png
53,2,741,lattice,9,p,img/target_10.png
53,2,742,lattice,8,v,img/target_5.png
53,2,743,lattice,9,p,img/target_10.png
53,2,744,lattice,8,v,img/target_5.png
53,2,745,lattice,0,r,img/target_4.png
53,2,746,lattice,8,v,img/target_5.png
53,2,747,lattice,0,r,img/target_4.png
53,2,748,lattice,1,o,img/target_9.png
53,2,749,lattice,3,i,img/target_8.png
53,2,750,lattice,5,q,img/target_1.png
53,2,751,lattice,3,i,img/target_8.png
53,2,752,lattice,5,q,img/target_1.png
53,2,753,lattice,3,i,img/target_8.png
53,2,754,lattice,2,u,img/target_7.png
53,2,755,lattice,4,w,img/target_2.png
53,2,756,lattice,5,q,img/target_1.png
53,2,757,lattice,6,e,img/target_3.png
53,2,758,lattice,7,b,img/target_6.png
53,2,759,lattice,8,v,img/target_5.png
53,2,760,lattice,0,r,img/target_4.png
53,2,761,lattice,2,u,img/target_7.png
53,2,762,lattice,3,i,img/target_8.png
53,2,763,lattice,2,u,img/target_7.png
53,2,764,lattice,0,r,img/target_4.png
53,2,765,lattice,8,v,img/target_5.png
53,2,766,lattice,7,b,img/target_6.png
53,2,767,lattice,6,e,img/target_3.png
53,2,768,lattice,4,w,img/target_2.png
53,2,769,lattice,6,e,img/target_3.png
53,2,770,lattice,8,v,img/target_5.png
53,2,771,lattice,0,r,img/target_4.png
53,2,772,lattice,1,o,img/target_9.png
53,2,773,lattice,9,p,img/target_10.png
53,2,774,lattice,7,b,img/target_6.png
53,2,775,lattice,5,q,img/target_1.png
53,2,776,lattice,3,i,img/target_8.png
53,2,777,lattice,5,q,img/target_1.png
53,2,778,lattice,3,i,img/target_8.png
53,2,779,lattice,1,o,img/target_9.png
53,2,780,lattice,3,i,img/target_8.png
53,2,781,lattice,1,o,img/target_9.png
53,2,782,lattice,2,u,img/target_7.png
53,2,783,lattice,0,r,img/target_4.png
53,2,784,lattice,2,u,img/target_7.png
53,2,785,lattice,1,o,img/target_9.png
53,2,786,lattice,3,i,img/target_8.png
53,2,787,lattice,4,w,img/target_2.png
53,2,788,lattice,2,u,img/target_7.png
53,2,789,lattice,0,r,img/target_4.png
53,2,790,lattice,2,u,img/target_7.png
53,2,791,lattice,0,r,img/target_4.png
53,2,792,lattice,2,u,img/target_7.png
53,2,793,lattice,0,r,img/target_4.png
53,2,794,lattice,2,u,img/target_7.png
53,2,795,lattice,3,i,img/target_8.png
53,2,796,lattice,1,o,img/target_9.png
53,2,797,lattice,3,i,img/target_8.png
53,2,798,lattice,1,o,img/target_9.png
53,2,799,lattice,3,i,img/target_8.png
53,2,800,lattice,1,o,img/target_9.png
53,2,801,lattice,3,i,img/target_8.png
53,2,802,lattice,2,u,img/target_7.png
53,2,803,lattice,3,i,img/target_8.png
53,2,804,lattice,4,w,img/target_2.png
53,2,805,lattice,6,e,img/target_3.png
53,2,806,lattice,8,v,img/target_5.png
53,2,807,lattice,7,b,img/target_6.png
53,2,808,lattice,8,v,img/target_5.png
53,2,809,lattice,0,r,img/target_4.png
53,2,810,lattice,9,p,img/target_10.png
53,2,811,lattice,1,o,img/target_9.png
53,2,812,lattice,3,i,img/target_8.png
53,2,813,lattice,1,o,img/target_9.png
53,2,814,lattice,2,u,img/target_7.png
53,2,815,lattice,0,r,img/target_4.png
53,2,816,lattice,9,p,img/target_10.png
53,2,817,lattice,0,r,img/target_4.png
53,2,818,lattice,2,u,img/target_7.png
53,2,819,lattice,4,w,img/target_2.png
53,2,820,lattice,2,u,img/target_7.png
53,2,821,lattice,1,o,img/target_9.png
53,2,822,lattice,0,r,img/target_4.png
53,2,823,lattice,9,p,img/target_10.png
53,2,824,lattice,7,b,img/target_6.png
53,2,825,lattice,9,p,img/target_10.png
53,2,826,lattice,7,b,img/target_6.png
53,2,827,lattice,5,q,img/target_1.png
53,2,828,lattice,6,e,img/target_3.png
53,2,829,lattice,4,w,img/target_2.png
53,2,830,lattice,3,i,img/target_8.png
53,2,831,lattice,4,w,img/target_2.png
53,2,832,lattice,2,u,img/target_7.png
53,2,833,lattice,0,r,img/target_4.png
53,2,834,lattice,9,p,img/target_10.png
53,2,835,lattice,0,r,img/target_4.png
53,2,836,lattice,9,p,img/target_10.png
53,2,837,lattice,7,b,img/target_6.png
53,2,838,lattice,8,v,img/target_5.png
53,2,839,lattice,9,p,img/target_10.png
53,2,840,lattice,1,o,img/target_9.png
53,2,841,lattice,9,p,img/target_10.png
53,2,842,lattice,8,v,img/target_5.png
53,2,843,lattice,7,b,img/target_6.png
53,2,844,lattice,5,q,img/target_1.png
53,2,845,lattice,4,w,img/target_2.png
53,2,846,lattice,2,u,img/target_7.png
53,2,847,lattice,0,r,img/target_4.png
53,2,848,lattice,1,o,img/target_9.png
53,2,849,lattice,3,i,img/target_8.png
53,2,850,lattice,2,u,img/target_7.png
53,2,851,lattice,1,o,img/target_9.png
53,2,852,lattice,0,r,img/target_4.png
53,2,853,lattice,9,p,img/target_10.png
53,2,854,lattice,8,v,img/target_5.png
53,2,855,lattice,6,e,img/target_3.png
53,2,856,lattice,8,v,img/target_5.png
53,2,857,lattice,7,b,img/target_6.png
53,2,858,lattice,5,q,img/target_1.png
53,2,859,lattice,6,e,img/target_3.png
53,2,860,lattice,7,b,img/target_6.png
53,2,861,lattice,6,e,img/target_3.png
53,2,862,lattice,4,w,img/target_2.png
53,2,863,lattice,5,q,img/target_1.png
53,2,864,lattice,4,w,img/target_2.png
53,2,865,lattice,5,q,img/target_1.png
53,2,866,lattice,7,b,img/target_6.png
53,2,867,lattice,5,q,img/target_1.png
53,2,868,lattice,7,b,img/target_6.png
53,2,869,lattice,8,v,img/target_5.png
53,2,870,lattice,0,r,img/target_4.png
53,2,871,lattice,1,o,img/target_9.png
53,2,872,lattice,2,u,img/target_7.png
53,2,873,lattice,3,i,img/target_8.png
53,2,874,lattice,4,w,img/target_2.png
53,2,875,lattice,2,u,img/target_7.png
53,2,876,lattice,1,o,img/target_9.png
53,2,877,lattice,9,p,img/target_10.png
53,2,878,lattice,8,v,img/target_5.png
53,2,879,lattice,6,e,img/target_3.png
53,2,880,lattice,5,q,img/target_1.png
53,2,881,lattice,4,w,img/target_2.png
53,2,882,lattice,2,u,img/target_7.png
53,2,883,lattice,3,i,img/target_8.png
53,2,884,lattice,2,u,img/target_7.png
53,2,885,lattice,0,r,img/target_4.png
53,2,886,lattice,2,u,img/target_7.png
53,2,887,lattice,3,i,img/target_8.png
53,2,888,lattice,2,u,img/target_7.png
53,2,889,lattice,3,i,img/target_8.png
53,2,890,lattice,4,w,img/target_2.png
53,2,891,lattice,6,e,img/target_3.png
53,2,892,lattice,7,b,img/target_6.png
53,2,893,lattice,8,v,img/target_5.png
53,2,894,lattice,6,e,img/target_3.png
53,2,895,lattice,8,v,img/target_5.png
53,2,896,lattice,6,e,img/target_3.png
53,2,897,lattice,7,b,img/target_6.png
53,2,898,lattice,8,v,img/target_5.png
53,2,899,lattice,7,b,img/target_6.png
53,2,900,lattice,8,v,img/target_5.png
53,2,901,lattice,6,e,img/target_3.png
53,2,902,lattice,8,v,img/target_5.png
53,2,903,lattice,7,b,img/target_6.png
53,2,904,lattice,6,e,img/target_3.png
53,2,905,lattice,5,q,img/target_1.png
53,2,906,lattice,7,b,img/target_6.png
53,2,907,lattice,8,v,img/target_5.png
53,2,908,lattice,9,p,img/target_10.png
53,2,909,lattice,1,o,img/target_9.png
53,2,910,lattice,0,r,img/target_4.png
53,2,911,lattice,9,p,img/target_10.png
53,2,912,lattice,8,v,img/target_5.png
53,2,913,lattice,0,r,img/target_4.png
53,2,914,lattice,8,v,img/target_5.png
53,2,915,lattice,0,r,img/target_4.png
53,2,916,lattice,1,o,img/target_9.png
53,2,917,lattice,2,u,img/target_7.png
53,2,918,lattice,0,r,img/target_4.png
53,2,919,lattice,2,u,img/target_7.png
53,2,920,lattice,3,i,img/target_8.png
53,2,921,lattice,5,q,img/target_1.png
53,2,922,lattice,6,e,img/target_3.png
53,2,923,lattice,4,w,img/target_2.png
53,2,924,lattice,6,e,img/target_3.png
53,2,925,lattice,7,b,img/target_6.png
53,2,926,lattice,9,p,img/target_10.png
53,2,927,lattice,0,r,img/target_4.png
53,2,928,lattice,9,p,img/target_10.png
53,2,929,lattice,0,r,img/target_4.png
53,2,930,lattice,8,v,img/target_5.png
53,2,931,lattice,6,e,img/target_3.png
53,2,932,lattice,8,v,img/target_5.png
53,2,933,lattice,6,e,img/target_3.png
53,2,934,lattice,4,w,img/target_2.png
53,2,935,lattice,3,i,img/target_8.png
53,2,936,lattice,2,u,img/target_7.png
53,2,937,lattice,1,o,img/target_9.png
53,2,938,lattice,0,r,img/target_4.png
53,2,939,lattice,8,v,img/target_5.png
53,2,940,lattice,6,e,img/target_3.png
53,2,941,lattice,4,w,img/target_2.png
53,2,942,lattice,6,e,img/target_3.png
53,2,943,lattice,4,w,img/target_2.png
53,2,944,lattice,2,u,img/target_7.png
53,2,945,lattice,3,i,img/target_8.png
53,2,946,lattice,1,o,img/target_9.png
53,2,947,lattice,9,p,img/target_10.png
53,2,948,lattice,0,r,img/target_4.png
53,2,949,lattice,1,o,img/target_9.png
53,2,950,lattice,9,p,img/target_10.png
53,2,951,lattice,7,b,img/target_6.png
53,2,952,lattice,8,v,img/target_5.png
53,2,953,lattice,7,b,img/target_6.png
53,2,954,lattice,6,e,img/target_3.png
53,2,955,lattice,8,v,img/target_5.png
53,2,956,lattice,9,p,img/target_10.png
53,2,957,lattice,8,v,img/target_5.png
53,2,958,lattice,9,p,img/target_10.png
53,2,959,lattice,1,o,img/target_9.png
53,2,960,lattice,9,p,img/target_10.png
53,2,961,lattice,0,r,img/target_4.png
53,2,962,lattice,1,o,img/target_9.png
53,2,963,lattice,9,p,img/target_10.png
53,2,964,lattice,7,b,img/target_6.png
53,2,965,lattice,8,v,img/target_5.png
53,2,966,lattice,0,r,img/target_4.png
53,2,967,lattice,1,o,img/target_9.png
53,2,968,lattice,9,p,img/target_10.png
53,2,969,lattice,8,v,img/target_5.png
53,2,970,lattice,6,e,img/target_3.png
53,2,971,lattice,5,q,img/target_1.png
53,2,972,lattice,7,b,img/target_6.png
53,2,973,lattice,5,q,img/target_1.png
53,2,974,lattice,7,b,img/target_6.png
53,2,975,lattice,8,v,img/target_5.png
53,2,976,lattice,7,b,img/target_6.png
53,2,977,lattice,5,q,img/target_1.png
53,2,978,lattice,3,i,img/target_8.png
53,2,979,lattice,2,u,img/target_7.png
53,2,980,lattice,3,i,img/target_8.png
53,2,981,lattice,2,u,img/target_7.png
53,2,982,lattice,4,w,img/target_2.png
53,2,983,lattice,5,q,img/target_1.png
53,2,984,lattice,7,b,img/target_6.png
53,2,985,lattice,5,q,img/target_1.png
53,2,986,lattice,4,w,img/target_2.png
53,2,987,lattice,2,u,img/target_7.png
53,2,988,lattice,1,o,img/target_9.png
53,2,989,lattice,3,i,img/target_8.png
53,2,990,lattice,1,o,img/target_9.png
53,2,991,lattice,2,u,img/target_7.png
53,2,992,lattice,1,o,img/target_9.png
53,2,993,lattice,3,i,img/target_8.png
53,2,994,lattice,1,o,img/target_9.png
53,2,995,lattice,9,p,img/target_10.png
53,2,996,lattice,0,r,img/target_4.png
53,2,997,lattice,2,u,img/target_7.png
53,2,998,lattice,4,w,img/target_2.png
53,2,999,lattice,5,q,img/target_1.png
53,2,1000,lattice,7,b,img/target_6.png
