pID,trialNum,graph,walk,resp,path
43,1,lattice,2,v,img/target_5.png
43,2,lattice,0,u,img/target_7.png
43,3,lattice,2,v,img/target_5.png
43,4,lattice,1,b,img/target_6.png
43,5,lattice,9,w,img/target_2.png
43,6,lattice,7,q,img/target_1.png
43,7,lattice,8,p,img/target_10.png
43,8,lattice,0,u,img/target_7.png
43,9,lattice,2,v,img/target_5.png
43,10,lattice,4,e,img/target_3.png
43,11,lattice,6,o,img/target_9.png
43,12,lattice,8,p,img/target_10.png
43,13,lattice,0,u,img/target_7.png
43,14,lattice,9,w,img/target_2.png
43,15,lattice,1,b,img/target_6.png
43,16,lattice,3,i,img/target_8.png
43,17,lattice,5,r,img/target_4.png
43,18,lattice,4,e,img/target_3.png
43,19,lattice,6,o,img/target_9.png
43,20,lattice,8,p,img/target_10.png
43,21,lattice,6,o,img/target_9.png
43,22,lattice,5,r,img/target_4.png
43,23,lattice,6,o,img/target_9.png
43,24,lattice,8,p,img/target_10.png
43,25,lattice,0,u,img/target_7.png
43,26,lattice,9,w,img/target_2.png
43,27,lattice,1,b,img/target_6.png
43,28,lattice,9,w,img/target_2.png
43,29,lattice,7,q,img/target_1.png
43,30,lattice,9,w,img/target_2.png
43,31,lattice,0,u,img/target_7.png
43,32,lattice,8,p,img/target_10.png
43,33,lattice,0,u,img/target_7.png
43,34,lattice,9,w,img/target_2.png
43,35,lattice,8,p,img/target_10.png
43,36,lattice,6,o,img/target_9.png
43,37,lattice,8,p,img/target_10.png
43,38,lattice,0,u,img/target_7.png
43,39,lattice,2,v,img/target_5.png
43,40,lattice,0,u,img/target_7.png
43,41,lattice,2,v,img/target_5.png
43,42,lattice,3,i,img/target_8.png
43,43,lattice,5,r,img/target_4.png
43,44,lattice,6,o,img/target_9.png
43,45,lattice,8,p,img/target_10.png
43,46,lattice,7,q,img/target_1.png
43,47,lattice,8,p,img/target_10.png
43,48,lattice,9,w,img/target_2.png
43,49,lattice,0,u,img/target_7.png
43,50,lattice,9,w,img/target_2.png
43,51,lattice,0,u,img/target_7.png
43,52,lattice,8,p,img/target_10.png
43,53,lattice,6,o,img/target_9.png
43,54,lattice,5,r,img/target_4.png
43,55,lattice,6,o,img/target_9.png
43,56,lattice,8,p,img/target_10.png
43,57,lattice,7,q,img/target_1.png
43,58,lattice,8,p,img/target_10.png
43,59,lattice,0,u,img/target_7.png
43,60,lattice,1,b,img/target_6.png
43,61,lattice,2,v,img/target_5.png
43,62,lattice,1,b,img/target_6.png
43,63,lattice,9,w,img/target_2.png
43,64,lattice,1,b,img/target_6.png
43,65,lattice,9,w,img/target_2.png
43,66,lattice,0,u,img/target_7.png
43,67,lattice,2,v,img/target_5.png
43,68,lattice,4,e,img/target_3.png
43,69,lattice,2,v,img/target_5.png
43,70,lattice,0,u,img/target_7.png
43,71,lattice,8,p,img/target_10.png
43,72,lattice,6,o,img/target_9.png
43,73,lattice,7,q,img/target_1.png
43,74,lattice,9,w,img/target_2.png
43,75,lattice,1,b,img/target_6.png
43,76,lattice,0,u,img/target_7.png
43,77,lattice,9,w,img/target_2.png
43,78,lattice,1,b,img/target_6.png
43,79,lattice,0,u,img/target_7.png
43,80,lattice,9,w,img/target_2.png
43,81,lattice,8,p,img/target_10.png
43,82,lattice,9,w,img/target_2.png
43,83,lattice,8,p,img/target_10.png
43,84,lattice,0,u,img/target_7.png
43,85,lattice,8,p,img/target_10.png
43,86,lattice,7,q,img/target_1.png
43,87,lattice,6,o,img/target_9.png
43,88,lattice,5,r,img/target_4.png
43,89,lattice,4,e,img/target_3.png
43,90,lattice,5,r,img/target_4.png
43,91,lattice,6,o,img/target_9.png
43,92,lattice,5,r,img/target_4.png
43,93,lattice,3,i,img/target_8.png
43,94,lattice,1,b,img/target_6.png
43,95,lattice,3,i,img/target_8.png
43,96,lattice,4,e,img/target_3.png
43,97,lattice,6,o,img/target_9.png
43,98,lattice,5,r,img/target_4.png
43,99,lattice,6,o,img/target_9.png
43,100,lattice,8,p,img/target_10.png
43,101,lattice,0,u,img/target_7.png
43,102,lattice,8,p,img/target_10.png
43,103,lattice,6,o,img/target_9.png
43,104,lattice,5,r,img/target_4.png
43,105,lattice,6,o,img/target_9.png
43,106,lattice,8,p,img/target_10.png
43,107,lattice,7,q,img/target_1.png
43,108,lattice,5,r,img/target_4.png
43,109,lattice,6,o,img/target_9.png
43,110,lattice,5,r,img/target_4.png
43,111,lattice,6,o,img/target_9.png
43,112,lattice,5,r,img/target_4.png
43,113,lattice,4,e,img/target_3.png
43,114,lattice,6,o,img/target_9.png
43,115,lattice,8,p,img/target_10.png
43,116,lattice,0,u,img/target_7.png
43,117,lattice,1,b,img/target_6.png
43,118,lattice,9,w,img/target_2.png
43,119,lattice,0,u,img/target_7.png
43,120,lattice,2,v,img/target_5.png
43,121,lattice,1,b,img/target_6.png
43,122,lattice,3,i,img/target_8.png
43,123,lattice,1,b,img/target_6.png
43,124,lattice,2,v,img/target_5.png
43,125,lattice,3,i,img/target_8.png
43,126,lattice,1,b,img/target_6.png
43,127,lattice,3,i,img/target_8.png
43,128,lattice,2,v,img/target_5.png
43,129,lattice,3,i,img/target_8.png
43,130,lattice,5,r,img/target_4.png
43,131,lattice,6,o,img/target_9.png
43,132,lattice,8,p,img/target_10.png
43,133,lattice,9,w,img/target_2.png
43,134,lattice,1,b,img/target_6.png
43,135,lattice,0,u,img/target_7.png
43,136,lattice,8,p,img/target_10.png
43,137,lattice,6,o,img/target_9.png
43,138,lattice,7,q,img/target_1.png
43,139,lattice,5,r,img/target_4.png
43,140,lattice,7,q,img/target_1.png
43,141,lattice,5,r,img/target_4.png
43,142,lattice,3,i,img/target_8.png
43,143,lattice,2,v,img/target_5.png
43,144,lattice,1,b,img/target_6.png
43,145,lattice,2,v,img/target_5.png
43,146,lattice,3,i,img/target_8.png
43,147,lattice,1,b,img/target_6.png
43,148,lattice,9,w,img/target_2.png
43,149,lattice,8,p,img/target_10.png
43,150,lattice,0,u,img/target_7.png
43,151,lattice,9,w,img/target_2.png
43,152,lattice,8,p,img/target_10.png
43,153,lattice,0,u,img/target_7.png
43,154,lattice,8,p,img/target_10.png
43,155,lattice,6,o,img/target_9.png
43,156,lattice,8,p,img/target_10.png
43,157,lattice,9,w,img/target_2.png
43,158,lattice,7,q,img/target_1.png
43,159,lattice,8,p,img/target_10.png
43,160,lattice,7,q,img/target_1.png
43,161,lattice,8,p,img/target_10.png
43,162,lattice,7,q,img/target_1.png
43,163,lattice,9,w,img/target_2.png
43,164,lattice,1,b,img/target_6.png
43,165,lattice,2,v,img/target_5.png
43,166,lattice,3,i,img/target_8.png
43,167,lattice,5,r,img/target_4.png
43,168,lattice,4,e,img/target_3.png
43,169,lattice,5,r,img/target_4.png
43,170,lattice,6,o,img/target_9.png
43,171,lattice,8,p,img/target_10.png
43,172,lattice,0,u,img/target_7.png
43,173,lattice,9,w,img/target_2.png
43,174,lattice,7,q,img/target_1.png
43,175,lattice,9,w,img/target_2.png
43,176,lattice,7,q,img/target_1.png
43,177,lattice,5,r,img/target_4.png
43,178,lattice,3,i,img/target_8.png
43,179,lattice,5,r,img/target_4.png
43,180,lattice,3,i,img/target_8.png
43,181,lattice,5,r,img/target_4.png
43,182,lattice,3,i,img/target_8.png
43,183,lattice,1,b,img/target_6.png
43,184,lattice,3,i,img/target_8.png
43,185,lattice,4,e,img/target_3.png
43,186,lattice,6,o,img/target_9.png
43,187,lattice,7,q,img/target_1.png
43,188,lattice,5,r,img/target_4.png
43,189,lattice,6,o,img/target_9.png
43,190,lattice,4,e,img/target_3.png
43,191,lattice,3,i,img/target_8.png
43,192,lattice,4,e,img/target_3.png
43,193,lattice,5,r,img/target_4.png
43,194,lattice,4,e,img/target_3.png
43,195,lattice,3,i,img/target_8.png
43,196,lattice,4,e,img/target_3.png
43,197,lattice,6,o,img/target_9.png
43,198,lattice,7,q,img/target_1.png
43,199,lattice,5,r,img/target_4.png
43,200,lattice,4,e,img/target_3.png
43,201,lattice,5,r,img/target_4.png
43,202,lattice,4,e,img/target_3.png
43,203,lattice,6,o,img/target_9.png
43,204,lattice,7,q,img/target_1.png
43,205,lattice,5,r,img/target_4.png
43,206,lattice,3,i,img/target_8.png
43,207,lattice,5,r,img/target_4.png
43,208,lattice,7,q,img/target_1.png
43,209,lattice,5,r,img/target_4.png
43,210,lattice,4,e,img/target_3.png
43,211,lattice,3,i,img/target_8.png
43,212,lattice,4,e,img/target_3.png
43,213,lattice,6,o,img/target_9.png
43,214,lattice,8,p,img/target_10.png
43,215,lattice,6,o,img/target_9.png
43,216,lattice,5,r,img/target_4.png
43,217,lattice,3,i,img/target_8.png
43,218,lattice,1,b,img/target_6.png
43,219,lattice,3,i,img/target_8.png
43,220,lattice,5,r,img/target_4.png
43,221,lattice,6,o,img/target_9.png
43,222,lattice,4,e,img/target_3.png
43,223,lattice,5,r,img/target_4.png
43,224,lattice,4,e,img/target_3.png
43,225,lattice,5,r,img/target_4.png
43,226,lattice,7,q,img/target_1.png
43,227,lattice,6,o,img/target_9.png
43,228,lattice,5,r,img/target_4.png
43,229,lattice,4,e,img/target_3.png
43,230,lattice,3,i,img/target_8.png
43,231,lattice,2,v,img/target_5.png
43,232,lattice,0,u,img/target_7.png
43,233,lattice,2,v,img/target_5.png
43,234,lattice,0,u,img/target_7.png
43,235,lattice,2,v,img/target_5.png
43,236,lattice,3,i,img/target_8.png
43,237,lattice,2,v,img/target_5.png
43,238,lattice,0,u,img/target_7.png
43,239,lattice,2,v,img/target_5.png
43,240,lattice,0,u,img/target_7.png
43,241,lattice,9,w,img/target_2.png
43,242,lattice,0,u,img/target_7.png
43,243,lattice,2,v,img/target_5.png
43,244,lattice,1,b,img/target_6.png
43,245,lattice,3,i,img/target_8.png
43,246,lattice,5,r,img/target_4.png
43,247,lattice,6,o,img/target_9.png
43,248,lattice,7,q,img/target_1.png
43,249,lattice,6,o,img/target_9.png
43,250,lattice,5,r,img/target_4.png
43,251,lattice,3,i,img/target_8.png
43,252,lattice,5,r,img/target_4.png
43,253,lattice,3,i,img/target_8.png
43,254,lattice,4,e,img/target_3.png
43,255,lattice,3,i,img/target_8.png
43,256,lattice,2,v,img/target_5.png
43,257,lattice,4,e,img/target_3.png
43,258,lattice,6,o,img/target_9.png
43,259,lattice,7,q,img/target_1.png
43,260,lattice,6,o,img/target_9.png
43,261,lattice,4,e,img/target_3.png
43,262,lattice,3,i,img/target_8.png
43,263,lattice,2,v,img/target_5.png
43,264,lattice,4,e,img/target_3.png
43,265,lattice,2,v,img/target_5.png
43,266,lattice,1,b,img/target_6.png
43,267,lattice,0,u,img/target_7.png
43,268,lattice,8,p,img/target_10.png
43,269,lattice,9,w,img/target_2.png
43,270,lattice,7,q,img/target_1.png
43,271,lattice,8,p,img/target_10.png
43,272,lattice,6,o,img/target_9.png
43,273,lattice,7,q,img/target_1.png
43,274,lattice,8,p,img/target_10.png
43,275,lattice,0,u,img/target_7.png
43,276,lattice,2,v,img/target_5.png
43,277,lattice,3,i,img/target_8.png
43,278,lattice,4,e,img/target_3.png
43,279,lattice,5,r,img/target_4.png
43,280,lattice,4,e,img/target_3.png
43,281,lattice,6,o,img/target_9.png
43,282,lattice,5,r,img/target_4.png
43,283,lattice,4,e,img/target_3.png
43,284,lattice,3,i,img/target_8.png
43,285,lattice,5,r,img/target_4.png
43,286,lattice,6,o,img/target_9.png
43,287,lattice,7,q,img/target_1.png
43,288,lattice,8,p,img/target_10.png
43,289,lattice,0,u,img/target_7.png
43,290,lattice,8,p,img/target_10.png
43,291,lattice,0,u,img/target_7.png
43,292,lattice,1,b,img/target_6.png
43,293,lattice,2,v,img/target_5.png
43,294,lattice,4,e,img/target_3.png
43,295,lattice,2,v,img/target_5.png
43,296,lattice,4,e,img/target_3.png
43,297,lattice,5,r,img/target_4.png
43,298,lattice,3,i,img/target_8.png
43,299,lattice,5,r,img/target_4.png
43,300,lattice,4,e,img/target_3.png
43,301,lattice,3,i,img/target_8.png
43,302,lattice,4,e,img/target_3.png
43,303,lattice,6,o,img/target_9.png
43,304,lattice,7,q,img/target_1.png
43,305,lattice,5,r,img/target_4.png
43,306,lattice,6,o,img/target_9.png
43,307,lattice,5,r,img/target_4.png
43,308,lattice,3,i,img/target_8.png
43,309,lattice,4,e,img/target_3.png
43,310,lattice,2,v,img/target_5.png
43,311,lattice,4,e,img/target_3.png
43,312,lattice,2,v,img/target_5.png
43,313,lattice,3,i,img/target_8.png
43,314,lattice,4,e,img/target_3.png
43,315,lattice,3,i,img/target_8.png
43,316,lattice,2,v,img/target_5.png
43,317,lattice,4,e,img/target_3.png
43,318,lattice,2,v,img/target_5.png
43,319,lattice,0,u,img/target_7.png
43,320,lattice,9,w,img/target_2.png
43,321,lattice,7,q,img/target_1.png
43,322,lattice,5,r,img/target_4.png
43,323,lattice,4,e,img/target_3.png
43,324,lattice,5,r,img/target_4.png
43,325,lattice,7,q,img/target_1.png
43,326,lattice,5,r,img/target_4.png
43,327,lattice,6,o,img/target_9.png
43,328,lattice,8,p,img/target_10.png
43,329,lattice,9,w,img/target_2.png
43,330,lattice,1,b,img/target_6.png
43,331,lattice,3,i,img/target_8.png
43,332,lattice,2,v,img/target_5.png
43,333,lattice,1,b,img/target_6.png
43,334,lattice,9,w,img/target_2.png
43,335,lattice,7,q,img/target_1.png
43,336,lattice,6,o,img/target_9.png
43,337,lattice,8,p,img/target_10.png
43,338,lattice,6,o,img/target_9.png
43,339,lattice,5,r,img/target_4.png
43,340,lattice,4,e,img/target_3.png
43,341,lattice,2,v,img/target_5.png
43,342,lattice,3,i,img/target_8.png
43,343,lattice,4,e,img/target_3.png
43,344,lattice,3,i,img/target_8.png
43,345,lattice,2,v,img/target_5.png
43,346,lattice,1,b,img/target_6.png
43,347,lattice,3,i,img/target_8.png
43,348,lattice,5,r,img/target_4.png
43,349,lattice,3,i,img/target_8.png
43,350,lattice,1,b,img/target_6.png
43,351,lattice,0,u,img/target_7.png
43,352,lattice,2,v,img/target_5.png
43,353,lattice,0,u,img/target_7.png
43,354,lattice,9,w,img/target_2.png
43,355,lattice,7,q,img/target_1.png
43,356,lattice,6,o,img/target_9.png
43,357,lattice,7,q,img/target_1.png
43,358,lattice,8,p,img/target_10.png
43,359,lattice,0,u,img/target_7.png
43,360,lattice,9,w,img/target_2.png
43,361,lattice,8,p,img/target_10.png
43,362,lattice,9,w,img/target_2.png
43,363,lattice,1,b,img/target_6.png
43,364,lattice,2,v,img/target_5.png
43,365,lattice,1,b,img/target_6.png
43,366,lattice,9,w,img/target_2.png
43,367,lattice,0,u,img/target_7.png
43,368,lattice,1,b,img/target_6.png
43,369,lattice,3,i,img/target_8.png
43,370,lattice,2,v,img/target_5.png
43,371,lattice,1,b,img/target_6.png
43,372,lattice,3,i,img/target_8.png
43,373,lattice,5,r,img/target_4.png
43,374,lattice,3,i,img/target_8.png
43,375,lattice,1,b,img/target_6.png
43,376,lattice,3,i,img/target_8.png
43,377,lattice,2,v,img/target_5.png
43,378,lattice,0,u,img/target_7.png
43,379,lattice,8,p,img/target_10.png
43,380,lattice,6,o,img/target_9.png
43,381,lattice,8,p,img/target_10.png
43,382,lattice,0,u,img/target_7.png
43,383,lattice,8,p,img/target_10.png
43,384,lattice,7,q,img/target_1.png
43,385,lattice,8,p,img/target_10.png
43,386,lattice,9,w,img/target_2.png
43,387,lattice,7,q,img/target_1.png
43,388,lattice,5,r,img/target_4.png
43,389,lattice,4,e,img/target_3.png
43,390,lattice,3,i,img/target_8.png
43,391,lattice,5,r,img/target_4.png
43,392,lattice,7,q,img/target_1.png
43,393,lattice,9,w,img/target_2.png
43,394,lattice,1,b,img/target_6.png
43,395,lattice,2,v,img/target_5.png
43,396,lattice,4,e,img/target_3.png
43,397,lattice,2,v,img/target_5.png
43,398,lattice,4,e,img/target_3.png
43,399,lattice,2,v,img/target_5.png
43,400,lattice,0,u,img/target_7.png
43,401,lattice,2,v,img/target_5.png
43,402,lattice,3,i,img/target_8.png
43,403,lattice,1,b,img/target_6.png
43,404,lattice,9,w,img/target_2.png
43,405,lattice,0,u,img/target_7.png
43,406,lattice,1,b,img/target_6.png
43,407,lattice,3,i,img/target_8.png
43,408,lattice,2,v,img/target_5.png
43,409,lattice,3,i,img/target_8.png
43,410,lattice,2,v,img/target_5.png
43,411,lattice,0,u,img/target_7.png
43,412,lattice,2,v,img/target_5.png
43,413,lattice,1,b,img/target_6.png
43,414,lattice,3,i,img/target_8.png
43,415,lattice,1,b,img/target_6.png
43,416,lattice,9,w,img/target_2.png
43,417,lattice,7,q,img/target_1.png
43,418,lattice,6,o,img/target_9.png
43,419,lattice,8,p,img/target_10.png
43,420,lattice,6,o,img/target_9.png
43,421,lattice,4,e,img/target_3.png
43,422,lattice,2,v,img/target_5.png
43,423,lattice,1,b,img/target_6.png
43,424,lattice,9,w,img/target_2.png
43,425,lattice,8,p,img/target_10.png
43,426,lattice,0,u,img/target_7.png
43,427,lattice,1,b,img/target_6.png
43,428,lattice,3,i,img/target_8.png
43,429,lattice,4,e,img/target_3.png
43,430,lattice,5,r,img/target_4.png
43,431,lattice,6,o,img/target_9.png
43,432,lattice,4,e,img/target_3.png
43,433,lattice,6,o,img/target_9.png
43,434,lattice,5,r,img/target_4.png
43,435,lattice,4,e,img/target_3.png
43,436,lattice,5,r,img/target_4.png
43,437,lattice,7,q,img/target_1.png
43,438,lattice,6,o,img/target_9.png
43,439,lattice,5,r,img/target_4.png
43,440,lattice,4,e,img/target_3.png
43,441,lattice,5,r,img/target_4.png
43,442,lattice,7,q,img/target_1.png
43,443,lattice,9,w,img/target_2.png
43,444,lattice,8,p,img/target_10.png
43,445,lattice,0,u,img/target_7.png
43,446,lattice,9,w,img/target_2.png
43,447,lattice,8,p,img/target_10.png
43,448,lattice,7,q,img/target_1.png
43,449,lattice,9,w,img/target_2.png
43,450,lattice,0,u,img/target_7.png
43,451,lattice,2,v,img/target_5.png
43,452,lattice,0,u,img/target_7.png
43,453,lattice,8,p,img/target_10.png
43,454,lattice,0,u,img/target_7.png
43,455,lattice,1,b,img/target_6.png
43,456,lattice,3,i,img/target_8.png
43,457,lattice,5,r,img/target_4.png
43,458,lattice,4,e,img/target_3.png
43,459,lattice,2,v,img/target_5.png
43,460,lattice,3,i,img/target_8.png
43,461,lattice,4,e,img/target_3.png
43,462,lattice,2,v,img/target_5.png
43,463,lattice,0,u,img/target_7.png
43,464,lattice,1,b,img/target_6.png
43,465,lattice,0,u,img/target_7.png
43,466,lattice,9,w,img/target_2.png
43,467,lattice,8,p,img/target_10.png
43,468,lattice,7,q,img/target_1.png
43,469,lattice,6,o,img/target_9.png
43,470,lattice,4,e,img/target_3.png
43,471,lattice,5,r,img/target_4.png
43,472,lattice,3,i,img/target_8.png
43,473,lattice,1,b,img/target_6.png
43,474,lattice,3,i,img/target_8.png
43,475,lattice,5,r,img/target_4.png
43,476,lattice,3,i,img/target_8.png
43,477,lattice,4,e,img/target_3.png
43,478,lattice,3,i,img/target_8.png
43,479,lattice,5,r,img/target_4.png
43,480,lattice,4,e,img/target_3.png
43,481,lattice,5,r,img/target_4.png
43,482,lattice,4,e,img/target_3.png
43,483,lattice,6,o,img/target_9.png
43,484,lattice,8,p,img/target_10.png
43,485,lattice,0,u,img/target_7.png
43,486,lattice,9,w,img/target_2.png
43,487,lattice,8,p,img/target_10.png
43,488,lattice,7,q,img/target_1.png
43,489,lattice,9,w,img/target_2.png
43,490,lattice,1,b,img/target_6.png
43,491,lattice,2,v,img/target_5.png
43,492,lattice,3,i,img/target_8.png
43,493,lattice,5,r,img/target_4.png
43,494,lattice,7,q,img/target_1.png
43,495,lattice,9,w,img/target_2.png
43,496,lattice,7,q,img/target_1.png
43,497,lattice,8,p,img/target_10.png
43,498,lattice,9,w,img/target_2.png
43,499,lattice,0,u,img/target_7.png
43,500,lattice,9,w,img/target_2.png
43,501,lattice,1,b,img/target_6.png
43,502,lattice,3,i,img/target_8.png
43,503,lattice,5,r,img/target_4.png
43,504,lattice,7,q,img/target_1.png
43,505,lattice,5,r,img/target_4.png
43,506,lattice,3,i,img/target_8.png
43,507,lattice,2,v,img/target_5.png
43,508,lattice,0,u,img/target_7.png
43,509,lattice,9,w,img/target_2.png
43,510,lattice,1,b,img/target_6.png
43,511,lattice,0,u,img/target_7.png
43,512,lattice,9,w,img/target_2.png
43,513,lattice,0,u,img/target_7.png
43,514,lattice,1,b,img/target_6.png
43,515,lattice,0,u,img/target_7.png
43,516,lattice,9,w,img/target_2.png
43,517,lattice,7,q,img/target_1.png
43,518,lattice,6,o,img/target_9.png
43,519,lattice,7,q,img/target_1.png
43,520,lattice,6,o,img/target_9.png
43,521,lattice,4,e,img/target_3.png
43,522,lattice,5,r,img/target_4.png
43,523,lattice,6,o,img/target_9.png
43,524,lattice,4,e,img/target_3.png
43,525,lattice,3,i,img/target_8.png
43,526,lattice,1,b,img/target_6.png
43,527,lattice,0,u,img/target_7.png
43,528,lattice,1,b,img/target_6.png
43,529,lattice,3,i,img/target_8.png
43,530,lattice,5,r,img/target_4.png
43,531,lattice,4,e,img/target_3.png
43,532,lattice,5,r,img/target_4.png
43,533,lattice,6,o,img/target_9.png
43,534,lattice,7,q,img/target_1.png
43,535,lattice,6,o,img/target_9.png
43,536,lattice,5,r,img/target_4.png
43,537,lattice,3,i,img/target_8.png
43,538,lattice,4,e,img/target_3.png
43,539,lattice,6,o,img/target_9.png
43,540,lattice,4,e,img/target_3.png
43,541,lattice,2,v,img/target_5.png
43,542,lattice,3,i,img/target_8.png
43,543,lattice,1,b,img/target_6.png
43,544,lattice,0,u,img/target_7.png
43,545,lattice,1,b,img/target_6.png
43,546,lattice,9,w,img/target_2.png
43,547,lattice,0,u,img/target_7.png
43,548,lattice,1,b,img/target_6.png
43,549,lattice,3,i,img/target_8.png
43,550,lattice,2,v,img/target_5.png
43,551,lattice,4,e,img/target_3.png
43,552,lattice,2,v,img/target_5.png
43,553,lattice,0,u,img/target_7.png
43,554,lattice,8,p,img/target_10.png
43,555,lattice,9,w,img/target_2.png
43,556,lattice,8,p,img/target_10.png
43,557,lattice,6,o,img/target_9.png
43,558,lattice,8,p,img/target_10.png
43,559,lattice,6,o,img/target_9.png
43,560,lattice,7,q,img/target_1.png
43,561,lattice,9,w,img/target_2.png
43,562,lattice,7,q,img/target_1.png
43,563,lattice,8,p,img/target_10.png
43,564,lattice,6,o,img/target_9.png
43,565,lattice,7,q,img/target_1.png
43,566,lattice,5,r,img/target_4.png
43,567,lattice,4,e,img/target_3.png
43,568,lattice,3,i,img/target_8.png
43,569,lattice,4,e,img/target_3.png
43,570,lattice,3,i,img/target_8.png
43,571,lattice,2,v,img/target_5.png
43,572,lattice,3,i,img/target_8.png
43,573,lattice,4,e,img/target_3.png
43,574,lattice,5,r,img/target_4.png
43,575,lattice,3,i,img/target_8.png
43,576,lattice,1,b,img/target_6.png
43,577,lattice,3,i,img/target_8.png
43,578,lattice,2,v,img/target_5.png
43,579,lattice,3,i,img/target_8.png
43,580,lattice,1,b,img/target_6.png
43,581,lattice,9,w,img/target_2.png
43,582,lattice,1,b,img/target_6.png
43,583,lattice,3,i,img/target_8.png
43,584,lattice,5,r,img/target_4.png
43,585,lattice,4,e,img/target_3.png
43,586,lattice,2,v,img/target_5.png
43,587,lattice,1,b,img/target_6.png
43,588,lattice,3,i,img/target_8.png
43,589,lattice,4,e,img/target_3.png
43,590,lattice,3,i,img/target_8.png
43,591,lattice,1,b,img/target_6.png
43,592,lattice,3,i,img/target_8.png
43,593,lattice,5,r,img/target_4.png
43,594,lattice,6,o,img/target_9.png
43,595,lattice,4,e,img/target_3.png
43,596,lattice,5,r,img/target_4.png
43,597,lattice,7,q,img/target_1.png
43,598,lattice,6,o,img/target_9.png
43,599,lattice,4,e,img/target_3.png
43,600,lattice,6,o,img/target_9.png
43,601,lattice,4,e,img/target_3.png
43,602,lattice,3,i,img/target_8.png
43,603,lattice,5,r,img/target_4.png
43,604,lattice,6,o,img/target_9.png
43,605,lattice,5,r,img/target_4.png
43,606,lattice,4,e,img/target_3.png
43,607,lattice,2,v,img/target_5.png
43,608,lattice,1,b,img/target_6.png
43,609,lattice,3,i,img/target_8.png
43,610,lattice,1,b,img/target_6.png
43,611,lattice,3,i,img/target_8.png
43,612,lattice,1,b,img/target_6.png
43,613,lattice,0,u,img/target_7.png
43,614,lattice,9,w,img/target_2.png
43,615,lattice,0,u,img/target_7.png
43,616,lattice,8,p,img/target_10.png
43,617,lattice,7,q,img/target_1.png
43,618,lattice,6,o,img/target_9.png
43,619,lattice,4,e,img/target_3.png
43,620,lattice,5,r,img/target_4.png
43,621,lattice,4,e,img/target_3.png
43,622,lattice,5,r,img/target_4.png
43,623,lattice,6,o,img/target_9.png
43,624,lattice,4,e,img/target_3.png
43,625,lattice,5,r,img/target_4.png
43,626,lattice,7,q,img/target_1.png
43,627,lattice,9,w,img/target_2.png
43,628,lattice,7,q,img/target_1.png
43,629,lattice,5,r,img/target_4.png
43,630,lattice,4,e,img/target_3.png
43,631,lattice,3,i,img/target_8.png
43,632,lattice,4,e,img/target_3.png
43,633,lattice,2,v,img/target_5.png
43,634,lattice,3,i,img/target_8.png
43,635,lattice,2,v,img/target_5.png
43,636,lattice,1,b,img/target_6.png
43,637,lattice,3,i,img/target_8.png
43,638,lattice,5,r,img/target_4.png
43,639,lattice,7,q,img/target_1.png
43,640,lattice,9,w,img/target_2.png
43,641,lattice,0,u,img/target_7.png
43,642,lattice,1,b,img/target_6.png
43,643,lattice,9,w,img/target_2.png
43,644,lattice,1,b,img/target_6.png
43,645,lattice,3,i,img/target_8.png
43,646,lattice,1,b,img/target_6.png
43,647,lattice,9,w,img/target_2.png
43,648,lattice,8,p,img/target_10.png
43,649,lattice,6,o,img/target_9.png
43,650,lattice,8,p,img/target_10.png
43,651,lattice,0,u,img/target_7.png
43,652,lattice,8,p,img/target_10.png
43,653,lattice,6,o,img/target_9.png
43,654,lattice,5,r,img/target_4.png
43,655,lattice,3,i,img/target_8.png
43,656,lattice,5,r,img/target_4.png
43,657,lattice,6,o,img/target_9.png
43,658,lattice,5,r,img/target_4.png
43,659,lattice,3,i,img/target_8.png
43,660,lattice,1,b,img/target_6.png
43,661,lattice,3,i,img/target_8.png
43,662,lattice,4,e,img/target_3.png
43,663,lattice,2,v,img/target_5.png
43,664,lattice,4,e,img/target_3.png
43,665,lattice,2,v,img/target_5.png
43,666,lattice,1,b,img/target_6.png
43,667,lattice,0,u,img/target_7.png
43,668,lattice,8,p,img/target_10.png
43,669,lattice,6,o,img/target_9.png
43,670,lattice,8,p,img/target_10.png
43,671,lattice,7,q,img/target_1.png
43,672,lattice,5,r,img/target_4.png
43,673,lattice,6,o,img/target_9.png
43,674,lattice,7,q,img/target_1.png
43,675,lattice,9,w,img/target_2.png
43,676,lattice,7,q,img/target_1.png
43,677,lattice,8,p,img/target_10.png
43,678,lattice,6,o,img/target_9.png
43,679,lattice,5,r,img/target_4.png
43,680,lattice,6,o,img/target_9.png
43,681,lattice,5,r,img/target_4.png
43,682,lattice,4,e,img/target_3.png
43,683,lattice,5,r,img/target_4.png
43,684,lattice,7,q,img/target_1.png
43,685,lattice,9,w,img/target_2.png
43,686,lattice,8,p,img/target_10.png
43,687,lattice,0,u,img/target_7.png
43,688,lattice,8,p,img/target_10.png
43,689,lattice,9,w,img/target_2.png
43,690,lattice,8,p,img/target_10.png
43,691,lattice,9,w,img/target_2.png
43,692,lattice,1,b,img/target_6.png
43,693,lattice,2,v,img/target_5.png
43,694,lattice,4,e,img/target_3.png
43,695,lattice,5,r,img/target_4.png
43,696,lattice,7,q,img/target_1.png
43,697,lattice,8,p,img/target_10.png
43,698,lattice,0,u,img/target_7.png
43,699,lattice,9,w,img/target_2.png
43,700,lattice,8,p,img/target_10.png
43,701,lattice,6,o,img/target_9.png
43,702,lattice,4,e,img/target_3.png
43,703,lattice,6,o,img/target_9.png
43,704,lattice,8,p,img/target_10.png
43,705,lattice,9,w,img/target_2.png
43,706,lattice,8,p,img/target_10.png
43,707,lattice,9,w,img/target_2.png
43,708,lattice,0,u,img/target_7.png
43,709,lattice,8,p,img/target_10.png
43,710,lattice,0,u,img/target_7.png
43,711,lattice,9,w,img/target_2.png
43,712,lattice,1,b,img/target_6.png
43,713,lattice,0,u,img/target_7.png
43,714,lattice,8,p,img/target_10.png
43,715,lattice,9,w,img/target_2.png
43,716,lattice,7,q,img/target_1.png
43,717,lattice,5,r,img/target_4.png
43,718,lattice,4,e,img/target_3.png
43,719,lattice,6,o,img/target_9.png
43,720,lattice,8,p,img/target_10.png
43,721,lattice,6,o,img/target_9.png
43,722,lattice,7,q,img/target_1.png
43,723,lattice,9,w,img/target_2.png
43,724,lattice,8,p,img/target_10.png
43,725,lattice,7,q,img/target_1.png
43,726,lattice,9,w,img/target_2.png
43,727,lattice,7,q,img/target_1.png
43,728,lattice,6,o,img/target_9.png
43,729,lattice,7,q,img/target_1.png
43,730,lattice,5,r,img/target_4.png
43,731,lattice,7,q,img/target_1.png
43,732,lattice,9,w,img/target_2.png
43,733,lattice,8,p,img/target_10.png
43,734,lattice,0,u,img/target_7.png
43,735,lattice,1,b,img/target_6.png
43,736,lattice,3,i,img/target_8.png
43,737,lattice,2,v,img/target_5.png
43,738,lattice,1,b,img/target_6.png
43,739,lattice,2,v,img/target_5.png
43,740,lattice,1,b,img/target_6.png
43,741,lattice,3,i,img/target_8.png
43,742,lattice,2,v,img/target_5.png
43,743,lattice,3,i,img/target_8.png
43,744,lattice,1,b,img/target_6.png
43,745,lattice,2,v,img/target_5.png
43,746,lattice,3,i,img/target_8.png
43,747,lattice,4,e,img/target_3.png
43,748,lattice,5,r,img/target_4.png
43,749,lattice,4,e,img/target_3.png
43,750,lattice,3,i,img/target_8.png
43,751,lattice,5,r,img/target_4.png
43,752,lattice,7,q,img/target_1.png
43,753,lattice,6,o,img/target_9.png
43,754,lattice,5,r,img/target_4.png
43,755,lattice,7,q,img/target_1.png
43,756,lattice,9,w,img/target_2.png
43,757,lattice,7,q,img/target_1.png
43,758,lattice,5,r,img/target_4.png
43,759,lattice,4,e,img/target_3.png
43,760,lattice,2,v,img/target_5.png
43,761,lattice,3,i,img/target_8.png
43,762,lattice,5,r,img/target_4.png
43,763,lattice,3,i,img/target_8.png
43,764,lattice,1,b,img/target_6.png
43,765,lattice,3,i,img/target_8.png
43,766,lattice,5,r,img/target_4.png
43,767,lattice,6,o,img/target_9.png
43,768,lattice,7,q,img/target_1.png
43,769,lattice,5,r,img/target_4.png
43,770,lattice,3,i,img/target_8.png
43,771,lattice,4,e,img/target_3.png
43,772,lattice,6,o,img/target_9.png
43,773,lattice,5,r,img/target_4.png
43,774,lattice,3,i,img/target_8.png
43,775,lattice,2,v,img/target_5.png
43,776,lattice,0,u,img/target_7.png
43,777,lattice,1,b,img/target_6.png
43,778,lattice,9,w,img/target_2.png
43,779,lattice,7,q,img/target_1.png
43,780,lattice,8,p,img/target_10.png
43,781,lattice,9,w,img/target_2.png
43,782,lattice,7,q,img/target_1.png
43,783,lattice,6,o,img/target_9.png
43,784,lattice,4,e,img/target_3.png
43,785,lattice,6,o,img/target_9.png
43,786,lattice,8,p,img/target_10.png
43,787,lattice,6,o,img/target_9.png
43,788,lattice,5,r,img/target_4.png
43,789,lattice,6,o,img/target_9.png
43,790,lattice,7,q,img/target_1.png
43,791,lattice,8,p,img/target_10.png
43,792,lattice,7,q,img/target_1.png
43,793,lattice,6,o,img/target_9.png
43,794,lattice,4,e,img/target_3.png
43,795,lattice,3,i,img/target_8.png
43,796,lattice,1,b,img/target_6.png
43,797,lattice,0,u,img/target_7.png
43,798,lattice,2,v,img/target_5.png
43,799,lattice,4,e,img/target_3.png
43,800,lattice,2,v,img/target_5.png
43,801,lattice,3,i,img/target_8.png
43,802,lattice,2,v,img/target_5.png
43,803,lattice,4,e,img/target_3.png
43,804,lattice,3,i,img/target_8.png
43,805,lattice,2,v,img/target_5.png
43,806,lattice,4,e,img/target_3.png
43,807,lattice,6,o,img/target_9.png
43,808,lattice,8,p,img/target_10.png
43,809,lattice,6,o,img/target_9.png
43,810,lattice,4,e,img/target_3.png
43,811,lattice,5,r,img/target_4.png
43,812,lattice,3,i,img/target_8.png
43,813,lattice,1,b,img/target_6.png
43,814,lattice,3,i,img/target_8.png
43,815,lattice,4,e,img/target_3.png
43,816,lattice,6,o,img/target_9.png
43,817,lattice,4,e,img/target_3.png
43,818,lattice,5,r,img/target_4.png
43,819,lattice,7,q,img/target_1.png
43,820,lattice,9,w,img/target_2.png
43,821,lattice,1,b,img/target_6.png
43,822,lattice,2,v,img/target_5.png
43,823,lattice,0,u,img/target_7.png
43,824,lattice,2,v,img/target_5.png
43,825,lattice,4,e,img/target_3.png
43,826,lattice,2,v,img/target_5.png
43,827,lattice,4,e,img/target_3.png
43,828,lattice,6,o,img/target_9.png
43,829,lattice,5,r,img/target_4.png
43,830,lattice,3,i,img/target_8.png
43,831,lattice,4,e,img/target_3.png
43,832,lattice,2,v,img/target_5.png
43,833,lattice,1,b,img/target_6.png
43,834,lattice,9,w,img/target_2.png
43,835,lattice,8,p,img/target_10.png
43,836,lattice,7,q,img/target_1.png
43,837,lattice,6,o,img/target_9.png
43,838,lattice,8,p,img/target_10.png
43,839,lattice,0,u,img/target_7.png
43,840,lattice,1,b,img/target_6.png
43,841,lattice,0,u,img/target_7.png
43,842,lattice,2,v,img/target_5.png
43,843,lattice,1,b,img/target_6.png
43,844,lattice,9,w,img/target_2.png
43,845,lattice,8,p,img/target_10.png
43,846,lattice,7,q,img/target_1.png
43,847,lattice,8,p,img/target_10.png
43,848,lattice,6,o,img/target_9.png
43,849,lattice,4,e,img/target_3.png
43,850,lattice,6,o,img/target_9.png
43,851,lattice,4,e,img/target_3.png
43,852,lattice,3,i,img/target_8.png
43,853,lattice,1,b,img/target_6.png
43,854,lattice,3,i,img/target_8.png
43,855,lattice,1,b,img/target_6.png
43,856,lattice,0,u,img/target_7.png
43,857,lattice,8,p,img/target_10.png
43,858,lattice,6,o,img/target_9.png
43,859,lattice,5,r,img/target_4.png
43,860,lattice,7,q,img/target_1.png
43,861,lattice,9,w,img/target_2.png
43,862,lattice,1,b,img/target_6.png
43,863,lattice,3,i,img/target_8.png
43,864,lattice,2,v,img/target_5.png
43,865,lattice,3,i,img/target_8.png
43,866,lattice,2,v,img/target_5.png
43,867,lattice,3,i,img/target_8.png
43,868,lattice,5,r,img/target_4.png
43,869,lattice,6,o,img/target_9.png
43,870,lattice,7,q,img/target_1.png
43,871,lattice,8,p,img/target_10.png
43,872,lattice,9,w,img/target_2.png
43,873,lattice,1,b,img/target_6.png
43,874,lattice,0,u,img/target_7.png
43,875,lattice,1,b,img/target_6.png
43,876,lattice,9,w,img/target_2.png
43,877,lattice,0,u,img/target_7.png
43,878,lattice,8,p,img/target_10.png
43,879,lattice,6,o,img/target_9.png
43,880,lattice,4,e,img/target_3.png
43,881,lattice,2,v,img/target_5.png
43,882,lattice,1,b,img/target_6.png
43,883,lattice,9,w,img/target_2.png
43,884,lattice,0,u,img/target_7.png
43,885,lattice,8,p,img/target_10.png
43,886,lattice,6,o,img/target_9.png
43,887,lattice,5,r,img/target_4.png
43,888,lattice,4,e,img/target_3.png
43,889,lattice,2,v,img/target_5.png
43,890,lattice,0,u,img/target_7.png
43,891,lattice,9,w,img/target_2.png
43,892,lattice,7,q,img/target_1.png
43,893,lattice,8,p,img/target_10.png
43,894,lattice,0,u,img/target_7.png
43,895,lattice,9,w,img/target_2.png
43,896,lattice,8,p,img/target_10.png
43,897,lattice,6,o,img/target_9.png
43,898,lattice,4,e,img/target_3.png
43,899,lattice,3,i,img/target_8.png
43,900,lattice,2,v,img/target_5.png
43,901,lattice,1,b,img/target_6.png
43,902,lattice,0,u,img/target_7.png
43,903,lattice,9,w,img/target_2.png
43,904,lattice,8,p,img/target_10.png
43,905,lattice,9,w,img/target_2.png
43,906,lattice,1,b,img/target_6.png
43,907,lattice,0,u,img/target_7.png
43,908,lattice,9,w,img/target_2.png
43,909,lattice,0,u,img/target_7.png
43,910,lattice,8,p,img/target_10.png
43,911,lattice,9,w,img/target_2.png
43,912,lattice,1,b,img/target_6.png
43,913,lattice,0,u,img/target_7.png
43,914,lattice,2,v,img/target_5.png
43,915,lattice,1,b,img/target_6.png
43,916,lattice,2,v,img/target_5.png
43,917,lattice,4,e,img/target_3.png
43,918,lattice,2,v,img/target_5.png
43,919,lattice,3,i,img/target_8.png
43,920,lattice,4,e,img/target_3.png
43,921,lattice,5,r,img/target_4.png
43,922,lattice,7,q,img/target_1.png
43,923,lattice,8,p,img/target_10.png
43,924,lattice,9,w,img/target_2.png
43,925,lattice,7,q,img/target_1.png
43,926,lattice,6,o,img/target_9.png
43,927,lattice,8,p,img/target_10.png
43,928,lattice,9,w,img/target_2.png
43,929,lattice,8,p,img/target_10.png
43,930,lattice,9,w,img/target_2.png
43,931,lattice,1,b,img/target_6.png
43,932,lattice,0,u,img/target_7.png
43,933,lattice,1,b,img/target_6.png
43,934,lattice,9,w,img/target_2.png
43,935,lattice,8,p,img/target_10.png
43,936,lattice,7,q,img/target_1.png
43,937,lattice,6,o,img/target_9.png
43,938,lattice,5,r,img/target_4.png
43,939,lattice,7,q,img/target_1.png
43,940,lattice,8,p,img/target_10.png
43,941,lattice,7,q,img/target_1.png
43,942,lattice,8,p,img/target_10.png
43,943,lattice,9,w,img/target_2.png
43,944,lattice,0,u,img/target_7.png
43,945,lattice,1,b,img/target_6.png
43,946,lattice,2,v,img/target_5.png
43,947,lattice,0,u,img/target_7.png
43,948,lattice,9,w,img/target_2.png
43,949,lattice,8,p,img/target_10.png
43,950,lattice,9,w,img/target_2.png
43,951,lattice,0,u,img/target_7.png
43,952,lattice,8,p,img/target_10.png
43,953,lattice,0,u,img/target_7.png
43,954,lattice,8,p,img/target_10.png
43,955,lattice,9,w,img/target_2.png
43,956,lattice,7,q,img/target_1.png
43,957,lattice,5,r,img/target_4.png
43,958,lattice,3,i,img/target_8.png
43,959,lattice,1,b,img/target_6.png
43,960,lattice,9,w,img/target_2.png
43,961,lattice,7,q,img/target_1.png
43,962,lattice,8,p,img/target_10.png
43,963,lattice,9,w,img/target_2.png
43,964,lattice,8,p,img/target_10.png
43,965,lattice,6,o,img/target_9.png
43,966,lattice,4,e,img/target_3.png
43,967,lattice,2,v,img/target_5.png
43,968,lattice,3,i,img/target_8.png
43,969,lattice,4,e,img/target_3.png
43,970,lattice,6,o,img/target_9.png
43,971,lattice,7,q,img/target_1.png
43,972,lattice,6,o,img/target_9.png
43,973,lattice,8,p,img/target_10.png
43,974,lattice,9,w,img/target_2.png
43,975,lattice,1,b,img/target_6.png
43,976,lattice,9,w,img/target_2.png
43,977,lattice,0,u,img/target_7.png
43,978,lattice,9,w,img/target_2.png
43,979,lattice,1,b,img/target_6.png
43,980,lattice,9,w,img/target_2.png
43,981,lattice,7,q,img/target_1.png
43,982,lattice,6,o,img/target_9.png
43,983,lattice,5,r,img/target_4.png
43,984,lattice,7,q,img/target_1.png
43,985,lattice,5,r,img/target_4.png
43,986,lattice,7,q,img/target_1.png
43,987,lattice,8,p,img/target_10.png
43,988,lattice,6,o,img/target_9.png
43,989,lattice,5,r,img/target_4.png
43,990,lattice,7,q,img/target_1.png
43,991,lattice,5,r,img/target_4.png
43,992,lattice,3,i,img/target_8.png
43,993,lattice,1,b,img/target_6.png
43,994,lattice,3,i,img/target_8.png
43,995,lattice,1,b,img/target_6.png
43,996,lattice,9,w,img/target_2.png
43,997,lattice,7,q,img/target_1.png
43,998,lattice,6,o,img/target_9.png
43,999,lattice,8,p,img/target_10.png
43,1000,lattice,7,q,img/target_1.png
