quiz,question_number,question,answer_1,answer_2,answer_3,correct_ans
1,1,What will be shown on the screen in the this experiment?,Square targets,Abstract images,Faces,1
1,2,How long will the experiment take to complete?,About 85 minutes,About 30 minutes,About 5 minutes,2
1,3,How long will a given target normally remain on the screen?,10 seconds,5 seconds,Until the correct key combination is pressed,3
1,4,What happens if you take longer than a minute to make your response?,The next sequence element will be shown,A sound will play,The experiment will end,3
1,5,What happens if your response is incorrect?,The experiment will continue as if nothing happened.,You'll see a message on the screen.,You'll hear a tone.,2
1,6,What happens if your accuracy on the task is greater than 90% correct?,You get a monetary bonus of $1.50 at the end of the experiment.,You get a monetary bonus of 50 cents at the end of the experiment.,It doesn't matter. You'll get the same amount no matter what you do.,1
1,7,How do you indicate your response?,Click on the highlighted square,Press a number 1-5,Use the keys <space> <j> <k> <l> <;>,3
1,8,What should you do if two squares light up at the same time?,Press the corresponding keys in order from left to right,Press the corresponding keys at the same time,Press either key,2
1,9,What affects the total amount of time the experiment takes?,How quickly you make your responses,Nothing. The amount of time is fixed,Your accuracy,1