pID,trialNum,graph,walk,resp,path
5,1,lattice,2,u,img/target_7.png
5,2,lattice,1,r,img/target_4.png
5,3,lattice,0,i,img/target_8.png
5,4,lattice,1,r,img/target_4.png
5,5,lattice,9,p,img/target_10.png
5,6,lattice,1,r,img/target_4.png
5,7,lattice,9,p,img/target_10.png
5,8,lattice,1,r,img/target_4.png
5,9,lattice,2,u,img/target_7.png
5,10,lattice,1,r,img/target_4.png
5,11,lattice,3,v,img/target_5.png
5,12,lattice,5,b,img/target_6.png
5,13,lattice,4,e,img/target_3.png
5,14,lattice,2,u,img/target_7.png
5,15,lattice,4,e,img/target_3.png
5,16,lattice,3,v,img/target_5.png
5,17,lattice,5,b,img/target_6.png
5,18,lattice,6,w,img/target_2.png
5,19,lattice,5,b,img/target_6.png
5,20,lattice,7,o,img/target_9.png
5,21,lattice,8,q,img/target_1.png
5,22,lattice,7,o,img/target_9.png
5,23,lattice,8,q,img/target_1.png
5,24,lattice,7,o,img/target_9.png
5,25,lattice,5,b,img/target_6.png
5,26,lattice,4,e,img/target_3.png
5,27,lattice,5,b,img/target_6.png
5,28,lattice,4,e,img/target_3.png
5,29,lattice,2,u,img/target_7.png
5,30,lattice,1,r,img/target_4.png
5,31,lattice,9,p,img/target_10.png
5,32,lattice,0,i,img/target_8.png
5,33,lattice,1,r,img/target_4.png
5,34,lattice,9,p,img/target_10.png
5,35,lattice,8,q,img/target_1.png
5,36,lattice,0,i,img/target_8.png
5,37,lattice,9,p,img/target_10.png
5,38,lattice,8,q,img/target_1.png
5,39,lattice,7,o,img/target_9.png
5,40,lattice,9,p,img/target_10.png
5,41,lattice,7,o,img/target_9.png
5,42,lattice,9,p,img/target_10.png
5,43,lattice,7,o,img/target_9.png
5,44,lattice,5,b,img/target_6.png
5,45,lattice,3,v,img/target_5.png
5,46,lattice,2,u,img/target_7.png
5,47,lattice,1,r,img/target_4.png
5,48,lattice,0,i,img/target_8.png
5,49,lattice,2,u,img/target_7.png
5,50,lattice,1,r,img/target_4.png
5,51,lattice,3,v,img/target_5.png
5,52,lattice,2,u,img/target_7.png
5,53,lattice,1,r,img/target_4.png
5,54,lattice,0,i,img/target_8.png
5,55,lattice,1,r,img/target_4.png
5,56,lattice,2,u,img/target_7.png
5,57,lattice,3,v,img/target_5.png
5,58,lattice,1,r,img/target_4.png
5,59,lattice,3,v,img/target_5.png
5,60,lattice,4,e,img/target_3.png
5,61,lattice,6,w,img/target_2.png
5,62,lattice,4,e,img/target_3.png
5,63,lattice,5,b,img/target_6.png
5,64,lattice,3,v,img/target_5.png
5,65,lattice,5,b,img/target_6.png
5,66,lattice,4,e,img/target_3.png
5,67,lattice,3,v,img/target_5.png
5,68,lattice,5,b,img/target_6.png
5,69,lattice,4,e,img/target_3.png
5,70,lattice,2,u,img/target_7.png
5,71,lattice,4,e,img/target_3.png
5,72,lattice,2,u,img/target_7.png
5,73,lattice,1,r,img/target_4.png
5,74,lattice,2,u,img/target_7.png
5,75,lattice,0,i,img/target_8.png
5,76,lattice,8,q,img/target_1.png
5,77,lattice,7,o,img/target_9.png
5,78,lattice,5,b,img/target_6.png
5,79,lattice,6,w,img/target_2.png
5,80,lattice,8,q,img/target_1.png
5,81,lattice,7,o,img/target_9.png
5,82,lattice,9,p,img/target_10.png
5,83,lattice,8,q,img/target_1.png
5,84,lattice,0,i,img/target_8.png
5,85,lattice,8,q,img/target_1.png
5,86,lattice,7,o,img/target_9.png
5,87,lattice,9,p,img/target_10.png
5,88,lattice,0,i,img/target_8.png
5,89,lattice,1,r,img/target_4.png
5,90,lattice,0,i,img/target_8.png
5,91,lattice,2,u,img/target_7.png
5,92,lattice,4,e,img/target_3.png
5,93,lattice,5,b,img/target_6.png
5,94,lattice,6,w,img/target_2.png
5,95,lattice,5,b,img/target_6.png
5,96,lattice,3,v,img/target_5.png
5,97,lattice,5,b,img/target_6.png
5,98,lattice,3,v,img/target_5.png
5,99,lattice,1,r,img/target_4.png
5,100,lattice,3,v,img/target_5.png
5,101,lattice,5,b,img/target_6.png
5,102,lattice,3,v,img/target_5.png
5,103,lattice,2,u,img/target_7.png
5,104,lattice,1,r,img/target_4.png
5,105,lattice,9,p,img/target_10.png
5,106,lattice,1,r,img/target_4.png
5,107,lattice,0,i,img/target_8.png
5,108,lattice,2,u,img/target_7.png
5,109,lattice,1,r,img/target_4.png
5,110,lattice,0,i,img/target_8.png
5,111,lattice,1,r,img/target_4.png
5,112,lattice,0,i,img/target_8.png
5,113,lattice,2,u,img/target_7.png
5,114,lattice,1,r,img/target_4.png
5,115,lattice,0,i,img/target_8.png
5,116,lattice,2,u,img/target_7.png
5,117,lattice,3,v,img/target_5.png
5,118,lattice,4,e,img/target_3.png
5,119,lattice,6,w,img/target_2.png
5,120,lattice,7,o,img/target_9.png
5,121,lattice,8,q,img/target_1.png
5,122,lattice,6,w,img/target_2.png
5,123,lattice,5,b,img/target_6.png
5,124,lattice,7,o,img/target_9.png
5,125,lattice,5,b,img/target_6.png
5,126,lattice,4,e,img/target_3.png
5,127,lattice,2,u,img/target_7.png
5,128,lattice,4,e,img/target_3.png
5,129,lattice,5,b,img/target_6.png
5,130,lattice,6,w,img/target_2.png
5,131,lattice,4,e,img/target_3.png
5,132,lattice,2,u,img/target_7.png
5,133,lattice,1,r,img/target_4.png
5,134,lattice,2,u,img/target_7.png
5,135,lattice,3,v,img/target_5.png
5,136,lattice,5,b,img/target_6.png
5,137,lattice,3,v,img/target_5.png
5,138,lattice,5,b,img/target_6.png
5,139,lattice,6,w,img/target_2.png
5,140,lattice,5,b,img/target_6.png
5,141,lattice,7,o,img/target_9.png
5,142,lattice,5,b,img/target_6.png
5,143,lattice,6,w,img/target_2.png
5,144,lattice,5,b,img/target_6.png
5,145,lattice,6,w,img/target_2.png
5,146,lattice,4,e,img/target_3.png
5,147,lattice,2,u,img/target_7.png
5,148,lattice,4,e,img/target_3.png
5,149,lattice,2,u,img/target_7.png
5,150,lattice,1,r,img/target_4.png
5,151,lattice,0,i,img/target_8.png
5,152,lattice,8,q,img/target_1.png
5,153,lattice,9,p,img/target_10.png
5,154,lattice,1,r,img/target_4.png
5,155,lattice,0,i,img/target_8.png
5,156,lattice,9,p,img/target_10.png
5,157,lattice,8,q,img/target_1.png
5,158,lattice,7,o,img/target_9.png
5,159,lattice,6,w,img/target_2.png
5,160,lattice,8,q,img/target_1.png
5,161,lattice,0,i,img/target_8.png
5,162,lattice,1,r,img/target_4.png
5,163,lattice,9,p,img/target_10.png
5,164,lattice,7,o,img/target_9.png
5,165,lattice,5,b,img/target_6.png
5,166,lattice,6,w,img/target_2.png
5,167,lattice,8,q,img/target_1.png
5,168,lattice,6,w,img/target_2.png
5,169,lattice,4,e,img/target_3.png
5,170,lattice,3,v,img/target_5.png
5,171,lattice,2,u,img/target_7.png
5,172,lattice,1,r,img/target_4.png
5,173,lattice,9,p,img/target_10.png
5,174,lattice,1,r,img/target_4.png
5,175,lattice,0,i,img/target_8.png
5,176,lattice,8,q,img/target_1.png
5,177,lattice,9,p,img/target_10.png
5,178,lattice,7,o,img/target_9.png
5,179,lattice,5,b,img/target_6.png
5,180,lattice,3,v,img/target_5.png
5,181,lattice,5,b,img/target_6.png
5,182,lattice,3,v,img/target_5.png
5,183,lattice,5,b,img/target_6.png
5,184,lattice,6,w,img/target_2.png
5,185,lattice,8,q,img/target_1.png
5,186,lattice,7,o,img/target_9.png
5,187,lattice,9,p,img/target_10.png
5,188,lattice,7,o,img/target_9.png
5,189,lattice,8,q,img/target_1.png
5,190,lattice,9,p,img/target_10.png
5,191,lattice,8,q,img/target_1.png
5,192,lattice,6,w,img/target_2.png
5,193,lattice,5,b,img/target_6.png
5,194,lattice,6,w,img/target_2.png
5,195,lattice,4,e,img/target_3.png
5,196,lattice,6,w,img/target_2.png
5,197,lattice,5,b,img/target_6.png
5,198,lattice,3,v,img/target_5.png
5,199,lattice,2,u,img/target_7.png
5,200,lattice,0,i,img/target_8.png
5,201,lattice,8,q,img/target_1.png
5,202,lattice,6,w,img/target_2.png
5,203,lattice,8,q,img/target_1.png
5,204,lattice,9,p,img/target_10.png
5,205,lattice,8,q,img/target_1.png
5,206,lattice,6,w,img/target_2.png
5,207,lattice,5,b,img/target_6.png
5,208,lattice,7,o,img/target_9.png
5,209,lattice,5,b,img/target_6.png
5,210,lattice,7,o,img/target_9.png
5,211,lattice,6,w,img/target_2.png
5,212,lattice,8,q,img/target_1.png
5,213,lattice,6,w,img/target_2.png
5,214,lattice,4,e,img/target_3.png
5,215,lattice,5,b,img/target_6.png
5,216,lattice,7,o,img/target_9.png
5,217,lattice,9,p,img/target_10.png
5,218,lattice,7,o,img/target_9.png
5,219,lattice,8,q,img/target_1.png
5,220,lattice,9,p,img/target_10.png
5,221,lattice,8,q,img/target_1.png
5,222,lattice,9,p,img/target_10.png
5,223,lattice,8,q,img/target_1.png
5,224,lattice,6,w,img/target_2.png
5,225,lattice,4,e,img/target_3.png
5,226,lattice,6,w,img/target_2.png
5,227,lattice,7,o,img/target_9.png
5,228,lattice,5,b,img/target_6.png
5,229,lattice,7,o,img/target_9.png
5,230,lattice,6,w,img/target_2.png
5,231,lattice,8,q,img/target_1.png
5,232,lattice,6,w,img/target_2.png
5,233,lattice,8,q,img/target_1.png
5,234,lattice,6,w,img/target_2.png
5,235,lattice,7,o,img/target_9.png
5,236,lattice,6,w,img/target_2.png
5,237,lattice,7,o,img/target_9.png
5,238,lattice,8,q,img/target_1.png
5,239,lattice,9,p,img/target_10.png
5,240,lattice,7,o,img/target_9.png
5,241,lattice,8,q,img/target_1.png
5,242,lattice,7,o,img/target_9.png
5,243,lattice,5,b,img/target_6.png
5,244,lattice,3,v,img/target_5.png
5,245,lattice,1,r,img/target_4.png
5,246,lattice,0,i,img/target_8.png
5,247,lattice,1,r,img/target_4.png
5,248,lattice,3,v,img/target_5.png
5,249,lattice,4,e,img/target_3.png
5,250,lattice,2,u,img/target_7.png
5,251,lattice,0,i,img/target_8.png
5,252,lattice,2,u,img/target_7.png
5,253,lattice,3,v,img/target_5.png
5,254,lattice,1,r,img/target_4.png
5,255,lattice,3,v,img/target_5.png
5,256,lattice,1,r,img/target_4.png
5,257,lattice,2,u,img/target_7.png
5,258,lattice,0,i,img/target_8.png
5,259,lattice,8,q,img/target_1.png
5,260,lattice,7,o,img/target_9.png
5,261,lattice,5,b,img/target_6.png
5,262,lattice,7,o,img/target_9.png
5,263,lattice,5,b,img/target_6.png
5,264,lattice,7,o,img/target_9.png
5,265,lattice,5,b,img/target_6.png
5,266,lattice,7,o,img/target_9.png
5,267,lattice,9,p,img/target_10.png
5,268,lattice,8,q,img/target_1.png
5,269,lattice,9,p,img/target_10.png
5,270,lattice,8,q,img/target_1.png
5,271,lattice,6,w,img/target_2.png
5,272,lattice,8,q,img/target_1.png
5,273,lattice,7,o,img/target_9.png
5,274,lattice,9,p,img/target_10.png
5,275,lattice,0,i,img/target_8.png
5,276,lattice,1,r,img/target_4.png
5,277,lattice,3,v,img/target_5.png
5,278,lattice,4,e,img/target_3.png
5,279,lattice,3,v,img/target_5.png
5,280,lattice,2,u,img/target_7.png
5,281,lattice,4,e,img/target_3.png
5,282,lattice,2,u,img/target_7.png
5,283,lattice,1,r,img/target_4.png
5,284,lattice,9,p,img/target_10.png
5,285,lattice,7,o,img/target_9.png
5,286,lattice,9,p,img/target_10.png
5,287,lattice,0,i,img/target_8.png
5,288,lattice,9,p,img/target_10.png
5,289,lattice,0,i,img/target_8.png
5,290,lattice,8,q,img/target_1.png
5,291,lattice,0,i,img/target_8.png
5,292,lattice,8,q,img/target_1.png
5,293,lattice,0,i,img/target_8.png
5,294,lattice,9,p,img/target_10.png
5,295,lattice,0,i,img/target_8.png
5,296,lattice,8,q,img/target_1.png
5,297,lattice,7,o,img/target_9.png
5,298,lattice,8,q,img/target_1.png
5,299,lattice,7,o,img/target_9.png
5,300,lattice,6,w,img/target_2.png
5,301,lattice,8,q,img/target_1.png
5,302,lattice,6,w,img/target_2.png
5,303,lattice,8,q,img/target_1.png
5,304,lattice,0,i,img/target_8.png
5,305,lattice,2,u,img/target_7.png
5,306,lattice,0,i,img/target_8.png
5,307,lattice,1,r,img/target_4.png
5,308,lattice,9,p,img/target_10.png
5,309,lattice,8,q,img/target_1.png
5,310,lattice,0,i,img/target_8.png
5,311,lattice,1,r,img/target_4.png
5,312,lattice,0,i,img/target_8.png
5,313,lattice,1,r,img/target_4.png
5,314,lattice,2,u,img/target_7.png
5,315,lattice,0,i,img/target_8.png
5,316,lattice,1,r,img/target_4.png
5,317,lattice,2,u,img/target_7.png
5,318,lattice,4,e,img/target_3.png
5,319,lattice,6,w,img/target_2.png
5,320,lattice,4,e,img/target_3.png
5,321,lattice,3,v,img/target_5.png
5,322,lattice,5,b,img/target_6.png
5,323,lattice,3,v,img/target_5.png
5,324,lattice,5,b,img/target_6.png
5,325,lattice,3,v,img/target_5.png
5,326,lattice,5,b,img/target_6.png
5,327,lattice,4,e,img/target_3.png
5,328,lattice,6,w,img/target_2.png
5,329,lattice,5,b,img/target_6.png
5,330,lattice,7,o,img/target_9.png
5,331,lattice,9,p,img/target_10.png
5,332,lattice,0,i,img/target_8.png
5,333,lattice,1,r,img/target_4.png
5,334,lattice,2,u,img/target_7.png
5,335,lattice,0,i,img/target_8.png
5,336,lattice,1,r,img/target_4.png
5,337,lattice,3,v,img/target_5.png
5,338,lattice,4,e,img/target_3.png
5,339,lattice,6,w,img/target_2.png
5,340,lattice,7,o,img/target_9.png
5,341,lattice,8,q,img/target_1.png
5,342,lattice,9,p,img/target_10.png
5,343,lattice,1,r,img/target_4.png
5,344,lattice,3,v,img/target_5.png
5,345,lattice,4,e,img/target_3.png
5,346,lattice,3,v,img/target_5.png
5,347,lattice,5,b,img/target_6.png
5,348,lattice,6,w,img/target_2.png
5,349,lattice,5,b,img/target_6.png
5,350,lattice,4,e,img/target_3.png
5,351,lattice,3,v,img/target_5.png
5,352,lattice,4,e,img/target_3.png
5,353,lattice,5,b,img/target_6.png
5,354,lattice,7,o,img/target_9.png
5,355,lattice,5,b,img/target_6.png
5,356,lattice,6,w,img/target_2.png
5,357,lattice,8,q,img/target_1.png
5,358,lattice,0,i,img/target_8.png
5,359,lattice,9,p,img/target_10.png
5,360,lattice,0,i,img/target_8.png
5,361,lattice,9,p,img/target_10.png
5,362,lattice,1,r,img/target_4.png
5,363,lattice,9,p,img/target_10.png
5,364,lattice,0,i,img/target_8.png
5,365,lattice,8,q,img/target_1.png
5,366,lattice,6,w,img/target_2.png
5,367,lattice,5,b,img/target_6.png
5,368,lattice,4,e,img/target_3.png
5,369,lattice,5,b,img/target_6.png
5,370,lattice,7,o,img/target_9.png
5,371,lattice,9,p,img/target_10.png
5,372,lattice,0,i,img/target_8.png
5,373,lattice,8,q,img/target_1.png
5,374,lattice,0,i,img/target_8.png
5,375,lattice,8,q,img/target_1.png
5,376,lattice,9,p,img/target_10.png
5,377,lattice,8,q,img/target_1.png
5,378,lattice,7,o,img/target_9.png
5,379,lattice,6,w,img/target_2.png
5,380,lattice,4,e,img/target_3.png
5,381,lattice,2,u,img/target_7.png
5,382,lattice,1,r,img/target_4.png
5,383,lattice,9,p,img/target_10.png
5,384,lattice,0,i,img/target_8.png
5,385,lattice,8,q,img/target_1.png
5,386,lattice,6,w,img/target_2.png
5,387,lattice,7,o,img/target_9.png
5,388,lattice,9,p,img/target_10.png
5,389,lattice,0,i,img/target_8.png
5,390,lattice,9,p,img/target_10.png
5,391,lattice,8,q,img/target_1.png
5,392,lattice,9,p,img/target_10.png
5,393,lattice,0,i,img/target_8.png
5,394,lattice,8,q,img/target_1.png
5,395,lattice,0,i,img/target_8.png
5,396,lattice,9,p,img/target_10.png
5,397,lattice,8,q,img/target_1.png
5,398,lattice,6,w,img/target_2.png
5,399,lattice,4,e,img/target_3.png
5,400,lattice,5,b,img/target_6.png
5,401,lattice,4,e,img/target_3.png
5,402,lattice,3,v,img/target_5.png
5,403,lattice,1,r,img/target_4.png
5,404,lattice,9,p,img/target_10.png
5,405,lattice,7,o,img/target_9.png
5,406,lattice,8,q,img/target_1.png
5,407,lattice,9,p,img/target_10.png
5,408,lattice,7,o,img/target_9.png
5,409,lattice,5,b,img/target_6.png
5,410,lattice,4,e,img/target_3.png
5,411,lattice,5,b,img/target_6.png
5,412,lattice,6,w,img/target_2.png
5,413,lattice,4,e,img/target_3.png
5,414,lattice,6,w,img/target_2.png
5,415,lattice,4,e,img/target_3.png
5,416,lattice,3,v,img/target_5.png
5,417,lattice,2,u,img/target_7.png
5,418,lattice,1,r,img/target_4.png
5,419,lattice,9,p,img/target_10.png
5,420,lattice,7,o,img/target_9.png
5,421,lattice,9,p,img/target_10.png
5,422,lattice,8,q,img/target_1.png
5,423,lattice,9,p,img/target_10.png
5,424,lattice,0,i,img/target_8.png
5,425,lattice,9,p,img/target_10.png
5,426,lattice,7,o,img/target_9.png
5,427,lattice,8,q,img/target_1.png
5,428,lattice,6,w,img/target_2.png
5,429,lattice,7,o,img/target_9.png
5,430,lattice,8,q,img/target_1.png
5,431,lattice,7,o,img/target_9.png
5,432,lattice,8,q,img/target_1.png
5,433,lattice,6,w,img/target_2.png
5,434,lattice,5,b,img/target_6.png
5,435,lattice,6,w,img/target_2.png
5,436,lattice,7,o,img/target_9.png
5,437,lattice,5,b,img/target_6.png
5,438,lattice,6,w,img/target_2.png
5,439,lattice,8,q,img/target_1.png
5,440,lattice,6,w,img/target_2.png
5,441,lattice,5,b,img/target_6.png
5,442,lattice,3,v,img/target_5.png
5,443,lattice,1,r,img/target_4.png
5,444,lattice,9,p,img/target_10.png
5,445,lattice,0,i,img/target_8.png
5,446,lattice,8,q,img/target_1.png
5,447,lattice,0,i,img/target_8.png
5,448,lattice,2,u,img/target_7.png
5,449,lattice,4,e,img/target_3.png
5,450,lattice,6,w,img/target_2.png
5,451,lattice,5,b,img/target_6.png
5,452,lattice,6,w,img/target_2.png
5,453,lattice,8,q,img/target_1.png
5,454,lattice,0,i,img/target_8.png
5,455,lattice,1,r,img/target_4.png
5,456,lattice,2,u,img/target_7.png
5,457,lattice,1,r,img/target_4.png
5,458,lattice,9,p,img/target_10.png
5,459,lattice,7,o,img/target_9.png
5,460,lattice,6,w,img/target_2.png
5,461,lattice,7,o,img/target_9.png
5,462,lattice,9,p,img/target_10.png
5,463,lattice,1,r,img/target_4.png
5,464,lattice,2,u,img/target_7.png
5,465,lattice,0,i,img/target_8.png
5,466,lattice,2,u,img/target_7.png
5,467,lattice,3,v,img/target_5.png
5,468,lattice,5,b,img/target_6.png
5,469,lattice,6,w,img/target_2.png
5,470,lattice,4,e,img/target_3.png
5,471,lattice,6,w,img/target_2.png
5,472,lattice,7,o,img/target_9.png
5,473,lattice,8,q,img/target_1.png
5,474,lattice,9,p,img/target_10.png
5,475,lattice,1,r,img/target_4.png
5,476,lattice,2,u,img/target_7.png
5,477,lattice,0,i,img/target_8.png
5,478,lattice,1,r,img/target_4.png
5,479,lattice,0,i,img/target_8.png
5,480,lattice,2,u,img/target_7.png
5,481,lattice,1,r,img/target_4.png
5,482,lattice,2,u,img/target_7.png
5,483,lattice,0,i,img/target_8.png
5,484,lattice,2,u,img/target_7.png
5,485,lattice,0,i,img/target_8.png
5,486,lattice,1,r,img/target_4.png
5,487,lattice,0,i,img/target_8.png
5,488,lattice,1,r,img/target_4.png
5,489,lattice,2,u,img/target_7.png
5,490,lattice,0,i,img/target_8.png
5,491,lattice,9,p,img/target_10.png
5,492,lattice,8,q,img/target_1.png
5,493,lattice,7,o,img/target_9.png
5,494,lattice,6,w,img/target_2.png
5,495,lattice,4,e,img/target_3.png
5,496,lattice,6,w,img/target_2.png
5,497,lattice,5,b,img/target_6.png
5,498,lattice,7,o,img/target_9.png
5,499,lattice,8,q,img/target_1.png
5,500,lattice,0,i,img/target_8.png
5,501,lattice,2,u,img/target_7.png
5,502,lattice,3,v,img/target_5.png
5,503,lattice,1,r,img/target_4.png
5,504,lattice,0,i,img/target_8.png
5,505,lattice,2,u,img/target_7.png
5,506,lattice,0,i,img/target_8.png
5,507,lattice,2,u,img/target_7.png
5,508,lattice,4,e,img/target_3.png
5,509,lattice,3,v,img/target_5.png
5,510,lattice,4,e,img/target_3.png
5,511,lattice,2,u,img/target_7.png
5,512,lattice,4,e,img/target_3.png
5,513,lattice,5,b,img/target_6.png
5,514,lattice,6,w,img/target_2.png
5,515,lattice,7,o,img/target_9.png
5,516,lattice,8,q,img/target_1.png
5,517,lattice,7,o,img/target_9.png
5,518,lattice,5,b,img/target_6.png
5,519,lattice,3,v,img/target_5.png
5,520,lattice,4,e,img/target_3.png
5,521,lattice,5,b,img/target_6.png
5,522,lattice,6,w,img/target_2.png
5,523,lattice,7,o,img/target_9.png
5,524,lattice,9,p,img/target_10.png
5,525,lattice,8,q,img/target_1.png
5,526,lattice,0,i,img/target_8.png
5,527,lattice,8,q,img/target_1.png
5,528,lattice,7,o,img/target_9.png
5,529,lattice,8,q,img/target_1.png
5,530,lattice,7,o,img/target_9.png
5,531,lattice,5,b,img/target_6.png
5,532,lattice,7,o,img/target_9.png
5,533,lattice,8,q,img/target_1.png
5,534,lattice,0,i,img/target_8.png
5,535,lattice,2,u,img/target_7.png
5,536,lattice,1,r,img/target_4.png
5,537,lattice,9,p,img/target_10.png
5,538,lattice,1,r,img/target_4.png
5,539,lattice,2,u,img/target_7.png
5,540,lattice,1,r,img/target_4.png
5,541,lattice,3,v,img/target_5.png
5,542,lattice,4,e,img/target_3.png
5,543,lattice,6,w,img/target_2.png
5,544,lattice,4,e,img/target_3.png
5,545,lattice,6,w,img/target_2.png
5,546,lattice,8,q,img/target_1.png
5,547,lattice,9,p,img/target_10.png
5,548,lattice,0,i,img/target_8.png
5,549,lattice,8,q,img/target_1.png
5,550,lattice,6,w,img/target_2.png
5,551,lattice,8,q,img/target_1.png
5,552,lattice,6,w,img/target_2.png
5,553,lattice,5,b,img/target_6.png
5,554,lattice,3,v,img/target_5.png
5,555,lattice,5,b,img/target_6.png
5,556,lattice,7,o,img/target_9.png
5,557,lattice,5,b,img/target_6.png
5,558,lattice,3,v,img/target_5.png
5,559,lattice,5,b,img/target_6.png
5,560,lattice,7,o,img/target_9.png
5,561,lattice,9,p,img/target_10.png
5,562,lattice,8,q,img/target_1.png
5,563,lattice,0,i,img/target_8.png
5,564,lattice,8,q,img/target_1.png
5,565,lattice,6,w,img/target_2.png
5,566,lattice,8,q,img/target_1.png
5,567,lattice,6,w,img/target_2.png
5,568,lattice,8,q,img/target_1.png
5,569,lattice,0,i,img/target_8.png
5,570,lattice,2,u,img/target_7.png
5,571,lattice,4,e,img/target_3.png
5,572,lattice,3,v,img/target_5.png
5,573,lattice,4,e,img/target_3.png
5,574,lattice,3,v,img/target_5.png
5,575,lattice,2,u,img/target_7.png
5,576,lattice,1,r,img/target_4.png
5,577,lattice,9,p,img/target_10.png
5,578,lattice,0,i,img/target_8.png
5,579,lattice,9,p,img/target_10.png
5,580,lattice,0,i,img/target_8.png
5,581,lattice,2,u,img/target_7.png
5,582,lattice,3,v,img/target_5.png
5,583,lattice,1,r,img/target_4.png
5,584,lattice,0,i,img/target_8.png
5,585,lattice,9,p,img/target_10.png
5,586,lattice,0,i,img/target_8.png
5,587,lattice,1,r,img/target_4.png
5,588,lattice,9,p,img/target_10.png
5,589,lattice,8,q,img/target_1.png
5,590,lattice,0,i,img/target_8.png
5,591,lattice,8,q,img/target_1.png
5,592,lattice,9,p,img/target_10.png
5,593,lattice,8,q,img/target_1.png
5,594,lattice,7,o,img/target_9.png
5,595,lattice,6,w,img/target_2.png
5,596,lattice,5,b,img/target_6.png
5,597,lattice,7,o,img/target_9.png
5,598,lattice,8,q,img/target_1.png
5,599,lattice,0,i,img/target_8.png
5,600,lattice,2,u,img/target_7.png
5,601,lattice,0,i,img/target_8.png
5,602,lattice,8,q,img/target_1.png
5,603,lattice,6,w,img/target_2.png
5,604,lattice,7,o,img/target_9.png
5,605,lattice,9,p,img/target_10.png
5,606,lattice,8,q,img/target_1.png
5,607,lattice,6,w,img/target_2.png
5,608,lattice,5,b,img/target_6.png
5,609,lattice,7,o,img/target_9.png
5,610,lattice,6,w,img/target_2.png
5,611,lattice,7,o,img/target_9.png
5,612,lattice,8,q,img/target_1.png
5,613,lattice,9,p,img/target_10.png
5,614,lattice,0,i,img/target_8.png
5,615,lattice,2,u,img/target_7.png
5,616,lattice,4,e,img/target_3.png
5,617,lattice,6,w,img/target_2.png
5,618,lattice,5,b,img/target_6.png
5,619,lattice,3,v,img/target_5.png
5,620,lattice,5,b,img/target_6.png
5,621,lattice,7,o,img/target_9.png
5,622,lattice,9,p,img/target_10.png
5,623,lattice,7,o,img/target_9.png
5,624,lattice,8,q,img/target_1.png
5,625,lattice,0,i,img/target_8.png
5,626,lattice,1,r,img/target_4.png
5,627,lattice,3,v,img/target_5.png
5,628,lattice,4,e,img/target_3.png
5,629,lattice,2,u,img/target_7.png
5,630,lattice,3,v,img/target_5.png
5,631,lattice,1,r,img/target_4.png
5,632,lattice,9,p,img/target_10.png
5,633,lattice,7,o,img/target_9.png
5,634,lattice,9,p,img/target_10.png
5,635,lattice,7,o,img/target_9.png
5,636,lattice,5,b,img/target_6.png
5,637,lattice,3,v,img/target_5.png
5,638,lattice,5,b,img/target_6.png
5,639,lattice,6,w,img/target_2.png
5,640,lattice,4,e,img/target_3.png
5,641,lattice,3,v,img/target_5.png
5,642,lattice,2,u,img/target_7.png
5,643,lattice,4,e,img/target_3.png
5,644,lattice,3,v,img/target_5.png
5,645,lattice,4,e,img/target_3.png
5,646,lattice,5,b,img/target_6.png
5,647,lattice,6,w,img/target_2.png
5,648,lattice,5,b,img/target_6.png
5,649,lattice,6,w,img/target_2.png
5,650,lattice,8,q,img/target_1.png
5,651,lattice,7,o,img/target_9.png
5,652,lattice,5,b,img/target_6.png
5,653,lattice,6,w,img/target_2.png
5,654,lattice,5,b,img/target_6.png
5,655,lattice,4,e,img/target_3.png
5,656,lattice,3,v,img/target_5.png
5,657,lattice,4,e,img/target_3.png
5,658,lattice,5,b,img/target_6.png
5,659,lattice,3,v,img/target_5.png
5,660,lattice,2,u,img/target_7.png
5,661,lattice,4,e,img/target_3.png
5,662,lattice,2,u,img/target_7.png
5,663,lattice,0,i,img/target_8.png
5,664,lattice,8,q,img/target_1.png
5,665,lattice,9,p,img/target_10.png
5,666,lattice,1,r,img/target_4.png
5,667,lattice,0,i,img/target_8.png
5,668,lattice,8,q,img/target_1.png
5,669,lattice,6,w,img/target_2.png
5,670,lattice,8,q,img/target_1.png
5,671,lattice,6,w,img/target_2.png
5,672,lattice,5,b,img/target_6.png
5,673,lattice,4,e,img/target_3.png
5,674,lattice,2,u,img/target_7.png
5,675,lattice,1,r,img/target_4.png
5,676,lattice,0,i,img/target_8.png
5,677,lattice,8,q,img/target_1.png
5,678,lattice,9,p,img/target_10.png
5,679,lattice,7,o,img/target_9.png
5,680,lattice,6,w,img/target_2.png
5,681,lattice,7,o,img/target_9.png
5,682,lattice,6,w,img/target_2.png
5,683,lattice,7,o,img/target_9.png
5,684,lattice,5,b,img/target_6.png
5,685,lattice,4,e,img/target_3.png
5,686,lattice,2,u,img/target_7.png
5,687,lattice,4,e,img/target_3.png
5,688,lattice,3,v,img/target_5.png
5,689,lattice,1,r,img/target_4.png
5,690,lattice,9,p,img/target_10.png
5,691,lattice,1,r,img/target_4.png
5,692,lattice,3,v,img/target_5.png
5,693,lattice,1,r,img/target_4.png
5,694,lattice,3,v,img/target_5.png
5,695,lattice,4,e,img/target_3.png
5,696,lattice,6,w,img/target_2.png
5,697,lattice,8,q,img/target_1.png
5,698,lattice,9,p,img/target_10.png
5,699,lattice,7,o,img/target_9.png
5,700,lattice,6,w,img/target_2.png
5,701,lattice,7,o,img/target_9.png
5,702,lattice,9,p,img/target_10.png
5,703,lattice,7,o,img/target_9.png
5,704,lattice,8,q,img/target_1.png
5,705,lattice,6,w,img/target_2.png
5,706,lattice,7,o,img/target_9.png
5,707,lattice,9,p,img/target_10.png
5,708,lattice,1,r,img/target_4.png
5,709,lattice,9,p,img/target_10.png
5,710,lattice,7,o,img/target_9.png
5,711,lattice,5,b,img/target_6.png
5,712,lattice,6,w,img/target_2.png
5,713,lattice,4,e,img/target_3.png
5,714,lattice,5,b,img/target_6.png
5,715,lattice,4,e,img/target_3.png
5,716,lattice,3,v,img/target_5.png
5,717,lattice,4,e,img/target_3.png
5,718,lattice,5,b,img/target_6.png
5,719,lattice,3,v,img/target_5.png
5,720,lattice,4,e,img/target_3.png
5,721,lattice,3,v,img/target_5.png
5,722,lattice,4,e,img/target_3.png
5,723,lattice,3,v,img/target_5.png
5,724,lattice,1,r,img/target_4.png
5,725,lattice,3,v,img/target_5.png
5,726,lattice,4,e,img/target_3.png
5,727,lattice,3,v,img/target_5.png
5,728,lattice,5,b,img/target_6.png
5,729,lattice,4,e,img/target_3.png
5,730,lattice,3,v,img/target_5.png
5,731,lattice,2,u,img/target_7.png
5,732,lattice,1,r,img/target_4.png
5,733,lattice,2,u,img/target_7.png
5,734,lattice,1,r,img/target_4.png
5,735,lattice,2,u,img/target_7.png
5,736,lattice,4,e,img/target_3.png
5,737,lattice,5,b,img/target_6.png
5,738,lattice,7,o,img/target_9.png
5,739,lattice,6,w,img/target_2.png
5,740,lattice,8,q,img/target_1.png
5,741,lattice,7,o,img/target_9.png
5,742,lattice,6,w,img/target_2.png
5,743,lattice,4,e,img/target_3.png
5,744,lattice,6,w,img/target_2.png
5,745,lattice,5,b,img/target_6.png
5,746,lattice,4,e,img/target_3.png
5,747,lattice,6,w,img/target_2.png
5,748,lattice,4,e,img/target_3.png
5,749,lattice,5,b,img/target_6.png
5,750,lattice,4,e,img/target_3.png
5,751,lattice,2,u,img/target_7.png
5,752,lattice,4,e,img/target_3.png
5,753,lattice,6,w,img/target_2.png
5,754,lattice,7,o,img/target_9.png
5,755,lattice,5,b,img/target_6.png
5,756,lattice,3,v,img/target_5.png
5,757,lattice,5,b,img/target_6.png
5,758,lattice,6,w,img/target_2.png
5,759,lattice,4,e,img/target_3.png
5,760,lattice,5,b,img/target_6.png
5,761,lattice,3,v,img/target_5.png
5,762,lattice,1,r,img/target_4.png
5,763,lattice,2,u,img/target_7.png
5,764,lattice,1,r,img/target_4.png
5,765,lattice,0,i,img/target_8.png
5,766,lattice,9,p,img/target_10.png
5,767,lattice,1,r,img/target_4.png
5,768,lattice,9,p,img/target_10.png
5,769,lattice,0,i,img/target_8.png
5,770,lattice,8,q,img/target_1.png
5,771,lattice,7,o,img/target_9.png
5,772,lattice,9,p,img/target_10.png
5,773,lattice,7,o,img/target_9.png
5,774,lattice,5,b,img/target_6.png
5,775,lattice,3,v,img/target_5.png
5,776,lattice,1,r,img/target_4.png
5,777,lattice,9,p,img/target_10.png
5,778,lattice,0,i,img/target_8.png
5,779,lattice,8,q,img/target_1.png
5,780,lattice,9,p,img/target_10.png
5,781,lattice,0,i,img/target_8.png
5,782,lattice,9,p,img/target_10.png
5,783,lattice,1,r,img/target_4.png
5,784,lattice,9,p,img/target_10.png
5,785,lattice,7,o,img/target_9.png
5,786,lattice,9,p,img/target_10.png
5,787,lattice,8,q,img/target_1.png
5,788,lattice,7,o,img/target_9.png
5,789,lattice,9,p,img/target_10.png
5,790,lattice,1,r,img/target_4.png
5,791,lattice,0,i,img/target_8.png
5,792,lattice,9,p,img/target_10.png
5,793,lattice,8,q,img/target_1.png
5,794,lattice,0,i,img/target_8.png
5,795,lattice,1,r,img/target_4.png
5,796,lattice,0,i,img/target_8.png
5,797,lattice,1,r,img/target_4.png
5,798,lattice,3,v,img/target_5.png
5,799,lattice,1,r,img/target_4.png
5,800,lattice,9,p,img/target_10.png
5,801,lattice,0,i,img/target_8.png
5,802,lattice,8,q,img/target_1.png
5,803,lattice,7,o,img/target_9.png
5,804,lattice,5,b,img/target_6.png
5,805,lattice,7,o,img/target_9.png
5,806,lattice,8,q,img/target_1.png
5,807,lattice,6,w,img/target_2.png
5,808,lattice,4,e,img/target_3.png
5,809,lattice,5,b,img/target_6.png
5,810,lattice,6,w,img/target_2.png
5,811,lattice,5,b,img/target_6.png
5,812,lattice,3,v,img/target_5.png
5,813,lattice,1,r,img/target_4.png
5,814,lattice,9,p,img/target_10.png
5,815,lattice,8,q,img/target_1.png
5,816,lattice,9,p,img/target_10.png
5,817,lattice,7,o,img/target_9.png
5,818,lattice,9,p,img/target_10.png
5,819,lattice,8,q,img/target_1.png
5,820,lattice,7,o,img/target_9.png
5,821,lattice,9,p,img/target_10.png
5,822,lattice,0,i,img/target_8.png
5,823,lattice,9,p,img/target_10.png
5,824,lattice,8,q,img/target_1.png
5,825,lattice,7,o,img/target_9.png
5,826,lattice,6,w,img/target_2.png
5,827,lattice,8,q,img/target_1.png
5,828,lattice,0,i,img/target_8.png
5,829,lattice,8,q,img/target_1.png
5,830,lattice,7,o,img/target_9.png
5,831,lattice,8,q,img/target_1.png
5,832,lattice,0,i,img/target_8.png
5,833,lattice,9,p,img/target_10.png
5,834,lattice,7,o,img/target_9.png
5,835,lattice,5,b,img/target_6.png
5,836,lattice,3,v,img/target_5.png
5,837,lattice,1,r,img/target_4.png
5,838,lattice,0,i,img/target_8.png
5,839,lattice,8,q,img/target_1.png
5,840,lattice,9,p,img/target_10.png
5,841,lattice,8,q,img/target_1.png
5,842,lattice,7,o,img/target_9.png
5,843,lattice,6,w,img/target_2.png
5,844,lattice,7,o,img/target_9.png
5,845,lattice,5,b,img/target_6.png
5,846,lattice,4,e,img/target_3.png
5,847,lattice,5,b,img/target_6.png
5,848,lattice,4,e,img/target_3.png
5,849,lattice,6,w,img/target_2.png
5,850,lattice,4,e,img/target_3.png
5,851,lattice,3,v,img/target_5.png
5,852,lattice,2,u,img/target_7.png
5,853,lattice,1,r,img/target_4.png
5,854,lattice,9,p,img/target_10.png
5,855,lattice,1,r,img/target_4.png
5,856,lattice,0,i,img/target_8.png
5,857,lattice,1,r,img/target_4.png
5,858,lattice,9,p,img/target_10.png
5,859,lattice,7,o,img/target_9.png
5,860,lattice,9,p,img/target_10.png
5,861,lattice,1,r,img/target_4.png
5,862,lattice,9,p,img/target_10.png
5,863,lattice,7,o,img/target_9.png
5,864,lattice,9,p,img/target_10.png
5,865,lattice,0,i,img/target_8.png
5,866,lattice,1,r,img/target_4.png
5,867,lattice,3,v,img/target_5.png
5,868,lattice,5,b,img/target_6.png
5,869,lattice,7,o,img/target_9.png
5,870,lattice,5,b,img/target_6.png
5,871,lattice,4,e,img/target_3.png
5,872,lattice,6,w,img/target_2.png
5,873,lattice,4,e,img/target_3.png
5,874,lattice,5,b,img/target_6.png
5,875,lattice,6,w,img/target_2.png
5,876,lattice,4,e,img/target_3.png
5,877,lattice,5,b,img/target_6.png
5,878,lattice,6,w,img/target_2.png
5,879,lattice,5,b,img/target_6.png
5,880,lattice,3,v,img/target_5.png
5,881,lattice,1,r,img/target_4.png
5,882,lattice,9,p,img/target_10.png
5,883,lattice,0,i,img/target_8.png
5,884,lattice,1,r,img/target_4.png
5,885,lattice,0,i,img/target_8.png
5,886,lattice,1,r,img/target_4.png
5,887,lattice,0,i,img/target_8.png
5,888,lattice,2,u,img/target_7.png
5,889,lattice,3,v,img/target_5.png
5,890,lattice,1,r,img/target_4.png
5,891,lattice,2,u,img/target_7.png
5,892,lattice,0,i,img/target_8.png
5,893,lattice,9,p,img/target_10.png
5,894,lattice,0,i,img/target_8.png
5,895,lattice,9,p,img/target_10.png
5,896,lattice,8,q,img/target_1.png
5,897,lattice,6,w,img/target_2.png
5,898,lattice,8,q,img/target_1.png
5,899,lattice,6,w,img/target_2.png
5,900,lattice,8,q,img/target_1.png
5,901,lattice,6,w,img/target_2.png
5,902,lattice,8,q,img/target_1.png
5,903,lattice,6,w,img/target_2.png
5,904,lattice,7,o,img/target_9.png
5,905,lattice,5,b,img/target_6.png
5,906,lattice,4,e,img/target_3.png
5,907,lattice,6,w,img/target_2.png
5,908,lattice,7,o,img/target_9.png
5,909,lattice,5,b,img/target_6.png
5,910,lattice,6,w,img/target_2.png
5,911,lattice,5,b,img/target_6.png
5,912,lattice,4,e,img/target_3.png
5,913,lattice,3,v,img/target_5.png
5,914,lattice,4,e,img/target_3.png
5,915,lattice,3,v,img/target_5.png
5,916,lattice,4,e,img/target_3.png
5,917,lattice,5,b,img/target_6.png
5,918,lattice,4,e,img/target_3.png
5,919,lattice,3,v,img/target_5.png
5,920,lattice,5,b,img/target_6.png
5,921,lattice,3,v,img/target_5.png
5,922,lattice,2,u,img/target_7.png
5,923,lattice,4,e,img/target_3.png
5,924,lattice,6,w,img/target_2.png
5,925,lattice,4,e,img/target_3.png
5,926,lattice,2,u,img/target_7.png
5,927,lattice,1,r,img/target_4.png
5,928,lattice,9,p,img/target_10.png
5,929,lattice,8,q,img/target_1.png
5,930,lattice,6,w,img/target_2.png
5,931,lattice,8,q,img/target_1.png
5,932,lattice,7,o,img/target_9.png
5,933,lattice,6,w,img/target_2.png
5,934,lattice,8,q,img/target_1.png
5,935,lattice,7,o,img/target_9.png
5,936,lattice,9,p,img/target_10.png
5,937,lattice,8,q,img/target_1.png
5,938,lattice,7,o,img/target_9.png
5,939,lattice,5,b,img/target_6.png
5,940,lattice,3,v,img/target_5.png
5,941,lattice,2,u,img/target_7.png
5,942,lattice,1,r,img/target_4.png
5,943,lattice,2,u,img/target_7.png
5,944,lattice,1,r,img/target_4.png
5,945,lattice,0,i,img/target_8.png
5,946,lattice,8,q,img/target_1.png
5,947,lattice,0,i,img/target_8.png
5,948,lattice,2,u,img/target_7.png
5,949,lattice,0,i,img/target_8.png
5,950,lattice,9,p,img/target_10.png
5,951,lattice,0,i,img/target_8.png
5,952,lattice,2,u,img/target_7.png
5,953,lattice,3,v,img/target_5.png
5,954,lattice,1,r,img/target_4.png
5,955,lattice,0,i,img/target_8.png
5,956,lattice,9,p,img/target_10.png
5,957,lattice,1,r,img/target_4.png
5,958,lattice,9,p,img/target_10.png
5,959,lattice,0,i,img/target_8.png
5,960,lattice,9,p,img/target_10.png
5,961,lattice,1,r,img/target_4.png
5,962,lattice,0,i,img/target_8.png
5,963,lattice,9,p,img/target_10.png
5,964,lattice,7,o,img/target_9.png
5,965,lattice,6,w,img/target_2.png
5,966,lattice,4,e,img/target_3.png
5,967,lattice,2,u,img/target_7.png
5,968,lattice,1,r,img/target_4.png
5,969,lattice,9,p,img/target_10.png
5,970,lattice,7,o,img/target_9.png
5,971,lattice,8,q,img/target_1.png
5,972,lattice,0,i,img/target_8.png
5,973,lattice,1,r,img/target_4.png
5,974,lattice,3,v,img/target_5.png
5,975,lattice,1,r,img/target_4.png
5,976,lattice,0,i,img/target_8.png
5,977,lattice,9,p,img/target_10.png
5,978,lattice,1,r,img/target_4.png
5,979,lattice,2,u,img/target_7.png
5,980,lattice,4,e,img/target_3.png
5,981,lattice,2,u,img/target_7.png
5,982,lattice,1,r,img/target_4.png
5,983,lattice,9,p,img/target_10.png
5,984,lattice,7,o,img/target_9.png
5,985,lattice,5,b,img/target_6.png
5,986,lattice,3,v,img/target_5.png
5,987,lattice,1,r,img/target_4.png
5,988,lattice,3,v,img/target_5.png
5,989,lattice,4,e,img/target_3.png
5,990,lattice,6,w,img/target_2.png
5,991,lattice,4,e,img/target_3.png
5,992,lattice,3,v,img/target_5.png
5,993,lattice,1,r,img/target_4.png
5,994,lattice,9,p,img/target_10.png
5,995,lattice,1,r,img/target_4.png
5,996,lattice,3,v,img/target_5.png
5,997,lattice,1,r,img/target_4.png
5,998,lattice,2,u,img/target_7.png
5,999,lattice,3,v,img/target_5.png
5,1000,lattice,1,r,img/target_4.png
