pID,trialNum,graph,walk,resp,path
48,1,modular,8,p,img/target_10.png
48,2,modular,9,u,img/target_7.png
48,3,modular,6,e,img/target_3.png
48,4,modular,5,i,img/target_8.png
48,5,modular,6,e,img/target_3.png
48,6,modular,9,u,img/target_7.png
48,7,modular,0,r,img/target_4.png
48,8,modular,2,v,img/target_5.png
48,9,modular,4,q,img/target_1.png
48,10,modular,2,v,img/target_5.png
48,11,modular,4,q,img/target_1.png
48,12,modular,5,i,img/target_8.png
48,13,modular,6,e,img/target_3.png
48,14,modular,9,u,img/target_7.png
48,15,modular,0,r,img/target_4.png
48,16,modular,2,v,img/target_5.png
48,17,modular,4,q,img/target_1.png
48,18,modular,1,w,img/target_2.png
48,19,modular,4,q,img/target_1.png
48,20,modular,1,w,img/target_2.png
48,21,modular,4,q,img/target_1.png
48,22,modular,5,i,img/target_8.png
48,23,modular,8,p,img/target_10.png
48,24,modular,6,e,img/target_3.png
48,25,modular,5,i,img/target_8.png
48,26,modular,7,b,img/target_6.png
48,27,modular,9,u,img/target_7.png
48,28,modular,8,p,img/target_10.png
48,29,modular,6,e,img/target_3.png
48,30,modular,9,u,img/target_7.png
48,31,modular,0,r,img/target_4.png
48,32,modular,1,w,img/target_2.png
48,33,modular,4,q,img/target_1.png
48,34,modular,1,w,img/target_2.png
48,35,modular,0,r,img/target_4.png
48,36,modular,1,w,img/target_2.png
48,37,modular,0,r,img/target_4.png
48,38,modular,3,o,img/target_9.png
48,39,modular,0,r,img/target_4.png
48,40,modular,1,w,img/target_2.png
48,41,modular,0,r,img/target_4.png
48,42,modular,9,u,img/target_7.png
48,43,modular,6,e,img/target_3.png
48,44,modular,7,b,img/target_6.png
48,45,modular,6,e,img/target_3.png
48,46,modular,8,p,img/target_10.png
48,47,modular,5,i,img/target_8.png
48,48,modular,4,q,img/target_1.png
48,49,modular,3,o,img/target_9.png
48,50,modular,1,w,img/target_2.png
48,51,modular,4,q,img/target_1.png
48,52,modular,1,w,img/target_2.png
48,53,modular,3,o,img/target_9.png
48,54,modular,0,r,img/target_4.png
48,55,modular,1,w,img/target_2.png
48,56,modular,3,o,img/target_9.png
48,57,modular,4,q,img/target_1.png
48,58,modular,5,i,img/target_8.png
48,59,modular,4,q,img/target_1.png
48,60,modular,1,w,img/target_2.png
48,61,modular,3,o,img/target_9.png
48,62,modular,2,v,img/target_5.png
48,63,modular,0,r,img/target_4.png
48,64,modular,2,v,img/target_5.png
48,65,modular,0,r,img/target_4.png
48,66,modular,3,o,img/target_9.png
48,67,modular,2,v,img/target_5.png
48,68,modular,1,w,img/target_2.png
48,69,modular,4,q,img/target_1.png
48,70,modular,5,i,img/target_8.png
48,71,modular,8,p,img/target_10.png
48,72,modular,7,b,img/target_6.png
48,73,modular,8,p,img/target_10.png
48,74,modular,6,e,img/target_3.png
48,75,modular,5,i,img/target_8.png
48,76,modular,8,p,img/target_10.png
48,77,modular,5,i,img/target_8.png
48,78,modular,8,p,img/target_10.png
48,79,modular,5,i,img/target_8.png
48,80,modular,7,b,img/target_6.png
48,81,modular,8,p,img/target_10.png
48,82,modular,5,i,img/target_8.png
48,83,modular,6,e,img/target_3.png
48,84,modular,9,u,img/target_7.png
48,85,modular,8,p,img/target_10.png
48,86,modular,5,i,img/target_8.png
48,87,modular,4,q,img/target_1.png
48,88,modular,2,v,img/target_5.png
48,89,modular,1,w,img/target_2.png
48,90,modular,4,q,img/target_1.png
48,91,modular,1,w,img/target_2.png
48,92,modular,2,v,img/target_5.png
48,93,modular,3,o,img/target_9.png
48,94,modular,0,r,img/target_4.png
48,95,modular,9,u,img/target_7.png
48,96,modular,7,b,img/target_6.png
48,97,modular,5,i,img/target_8.png
48,98,modular,8,p,img/target_10.png
48,99,modular,6,e,img/target_3.png
48,100,modular,8,p,img/target_10.png
48,101,modular,7,b,img/target_6.png
48,102,modular,9,u,img/target_7.png
48,103,modular,8,p,img/target_10.png
48,104,modular,6,e,img/target_3.png
48,105,modular,5,i,img/target_8.png
48,106,modular,4,q,img/target_1.png
48,107,modular,2,v,img/target_5.png
48,108,modular,3,o,img/target_9.png
48,109,modular,0,r,img/target_4.png
48,110,modular,3,o,img/target_9.png
48,111,modular,4,q,img/target_1.png
48,112,modular,3,o,img/target_9.png
48,113,modular,1,w,img/target_2.png
48,114,modular,2,v,img/target_5.png
48,115,modular,1,w,img/target_2.png
48,116,modular,2,v,img/target_5.png
48,117,modular,0,r,img/target_4.png
48,118,modular,3,o,img/target_9.png
48,119,modular,4,q,img/target_1.png
48,120,modular,3,o,img/target_9.png
48,121,modular,4,q,img/target_1.png
48,122,modular,2,v,img/target_5.png
48,123,modular,0,r,img/target_4.png
48,124,modular,1,w,img/target_2.png
48,125,modular,2,v,img/target_5.png
48,126,modular,1,w,img/target_2.png
48,127,modular,4,q,img/target_1.png
48,128,modular,5,i,img/target_8.png
48,129,modular,8,p,img/target_10.png
48,130,modular,6,e,img/target_3.png
48,131,modular,5,i,img/target_8.png
48,132,modular,6,e,img/target_3.png
48,133,modular,9,u,img/target_7.png
48,134,modular,7,b,img/target_6.png
48,135,modular,8,p,img/target_10.png
48,136,modular,6,e,img/target_3.png
48,137,modular,7,b,img/target_6.png
48,138,modular,9,u,img/target_7.png
48,139,modular,8,p,img/target_10.png
48,140,modular,6,e,img/target_3.png
48,141,modular,8,p,img/target_10.png
48,142,modular,7,b,img/target_6.png
48,143,modular,9,u,img/target_7.png
48,144,modular,0,r,img/target_4.png
48,145,modular,1,w,img/target_2.png
48,146,modular,0,r,img/target_4.png
48,147,modular,1,w,img/target_2.png
48,148,modular,3,o,img/target_9.png
48,149,modular,4,q,img/target_1.png
48,150,modular,2,v,img/target_5.png
48,151,modular,3,o,img/target_9.png
48,152,modular,2,v,img/target_5.png
48,153,modular,4,q,img/target_1.png
48,154,modular,3,o,img/target_9.png
48,155,modular,4,q,img/target_1.png
48,156,modular,5,i,img/target_8.png
48,157,modular,7,b,img/target_6.png
48,158,modular,6,e,img/target_3.png
48,159,modular,5,i,img/target_8.png
48,160,modular,7,b,img/target_6.png
48,161,modular,8,p,img/target_10.png
48,162,modular,7,b,img/target_6.png
48,163,modular,9,u,img/target_7.png
48,164,modular,8,p,img/target_10.png
48,165,modular,7,b,img/target_6.png
48,166,modular,9,u,img/target_7.png
48,167,modular,6,e,img/target_3.png
48,168,modular,9,u,img/target_7.png
48,169,modular,7,b,img/target_6.png
48,170,modular,6,e,img/target_3.png
48,171,modular,7,b,img/target_6.png
48,172,modular,6,e,img/target_3.png
48,173,modular,5,i,img/target_8.png
48,174,modular,7,b,img/target_6.png
48,175,modular,5,i,img/target_8.png
48,176,modular,8,p,img/target_10.png
48,177,modular,7,b,img/target_6.png
48,178,modular,9,u,img/target_7.png
48,179,modular,8,p,img/target_10.png
48,180,modular,6,e,img/target_3.png
48,181,modular,7,b,img/target_6.png
48,182,modular,8,p,img/target_10.png
48,183,modular,6,e,img/target_3.png
48,184,modular,8,p,img/target_10.png
48,185,modular,9,u,img/target_7.png
48,186,modular,7,b,img/target_6.png
48,187,modular,9,u,img/target_7.png
48,188,modular,8,p,img/target_10.png
48,189,modular,9,u,img/target_7.png
48,190,modular,8,p,img/target_10.png
48,191,modular,9,u,img/target_7.png
48,192,modular,6,e,img/target_3.png
48,193,modular,9,u,img/target_7.png
48,194,modular,0,r,img/target_4.png
48,195,modular,3,o,img/target_9.png
48,196,modular,1,w,img/target_2.png
48,197,modular,3,o,img/target_9.png
48,198,modular,0,r,img/target_4.png
48,199,modular,9,u,img/target_7.png
48,200,modular,7,b,img/target_6.png
48,201,modular,5,i,img/target_8.png
48,202,modular,4,q,img/target_1.png
48,203,modular,2,v,img/target_5.png
48,204,modular,4,q,img/target_1.png
48,205,modular,1,w,img/target_2.png
48,206,modular,3,o,img/target_9.png
48,207,modular,0,r,img/target_4.png
48,208,modular,1,w,img/target_2.png
48,209,modular,2,v,img/target_5.png
48,210,modular,4,q,img/target_1.png
48,211,modular,3,o,img/target_9.png
48,212,modular,0,r,img/target_4.png
48,213,modular,2,v,img/target_5.png
48,214,modular,1,w,img/target_2.png
48,215,modular,0,r,img/target_4.png
48,216,modular,2,v,img/target_5.png
48,217,modular,3,o,img/target_9.png
48,218,modular,1,w,img/target_2.png
48,219,modular,2,v,img/target_5.png
48,220,modular,3,o,img/target_9.png
48,221,modular,4,q,img/target_1.png
48,222,modular,5,i,img/target_8.png
48,223,modular,6,e,img/target_3.png
48,224,modular,7,b,img/target_6.png
48,225,modular,9,u,img/target_7.png
48,226,modular,7,b,img/target_6.png
48,227,modular,9,u,img/target_7.png
48,228,modular,7,b,img/target_6.png
48,229,modular,5,i,img/target_8.png
48,230,modular,8,p,img/target_10.png
48,231,modular,6,e,img/target_3.png
48,232,modular,8,p,img/target_10.png
48,233,modular,5,i,img/target_8.png
48,234,modular,4,q,img/target_1.png
48,235,modular,5,i,img/target_8.png
48,236,modular,6,e,img/target_3.png
48,237,modular,7,b,img/target_6.png
48,238,modular,8,p,img/target_10.png
48,239,modular,7,b,img/target_6.png
48,240,modular,5,i,img/target_8.png
48,241,modular,4,q,img/target_1.png
48,242,modular,3,o,img/target_9.png
48,243,modular,1,w,img/target_2.png
48,244,modular,0,r,img/target_4.png
48,245,modular,9,u,img/target_7.png
48,246,modular,6,e,img/target_3.png
48,247,modular,8,p,img/target_10.png
48,248,modular,5,i,img/target_8.png
48,249,modular,8,p,img/target_10.png
48,250,modular,7,b,img/target_6.png
48,251,modular,5,i,img/target_8.png
48,252,modular,7,b,img/target_6.png
48,253,modular,6,e,img/target_3.png
48,254,modular,5,i,img/target_8.png
48,255,modular,8,p,img/target_10.png
48,256,modular,7,b,img/target_6.png
48,257,modular,6,e,img/target_3.png
48,258,modular,9,u,img/target_7.png
48,259,modular,7,b,img/target_6.png
48,260,modular,6,e,img/target_3.png
48,261,modular,5,i,img/target_8.png
48,262,modular,8,p,img/target_10.png
48,263,modular,5,i,img/target_8.png
48,264,modular,4,q,img/target_1.png
48,265,modular,1,w,img/target_2.png
48,266,modular,0,r,img/target_4.png
48,267,modular,2,v,img/target_5.png
48,268,modular,4,q,img/target_1.png
48,269,modular,1,w,img/target_2.png
48,270,modular,4,q,img/target_1.png
48,271,modular,5,i,img/target_8.png
48,272,modular,8,p,img/target_10.png
48,273,modular,5,i,img/target_8.png
48,274,modular,6,e,img/target_3.png
48,275,modular,7,b,img/target_6.png
48,276,modular,9,u,img/target_7.png
48,277,modular,0,r,img/target_4.png
48,278,modular,3,o,img/target_9.png
48,279,modular,2,v,img/target_5.png
48,280,modular,0,r,img/target_4.png
48,281,modular,1,w,img/target_2.png
48,282,modular,2,v,img/target_5.png
48,283,modular,0,r,img/target_4.png
48,284,modular,2,v,img/target_5.png
48,285,modular,3,o,img/target_9.png
48,286,modular,4,q,img/target_1.png
48,287,modular,1,w,img/target_2.png
48,288,modular,2,v,img/target_5.png
48,289,modular,3,o,img/target_9.png
48,290,modular,2,v,img/target_5.png
48,291,modular,4,q,img/target_1.png
48,292,modular,2,v,img/target_5.png
48,293,modular,0,r,img/target_4.png
48,294,modular,1,w,img/target_2.png
48,295,modular,3,o,img/target_9.png
48,296,modular,0,r,img/target_4.png
48,297,modular,3,o,img/target_9.png
48,298,modular,0,r,img/target_4.png
48,299,modular,2,v,img/target_5.png
48,300,modular,4,q,img/target_1.png
48,301,modular,5,i,img/target_8.png
48,302,modular,4,q,img/target_1.png
48,303,modular,2,v,img/target_5.png
48,304,modular,1,w,img/target_2.png
48,305,modular,0,r,img/target_4.png
48,306,modular,2,v,img/target_5.png
48,307,modular,1,w,img/target_2.png
48,308,modular,0,r,img/target_4.png
48,309,modular,2,v,img/target_5.png
48,310,modular,1,w,img/target_2.png
48,311,modular,0,r,img/target_4.png
48,312,modular,9,u,img/target_7.png
48,313,modular,6,e,img/target_3.png
48,314,modular,7,b,img/target_6.png
48,315,modular,6,e,img/target_3.png
48,316,modular,8,p,img/target_10.png
48,317,modular,5,i,img/target_8.png
48,318,modular,4,q,img/target_1.png
48,319,modular,5,i,img/target_8.png
48,320,modular,7,b,img/target_6.png
48,321,modular,9,u,img/target_7.png
48,322,modular,8,p,img/target_10.png
48,323,modular,7,b,img/target_6.png
48,324,modular,6,e,img/target_3.png
48,325,modular,9,u,img/target_7.png
48,326,modular,6,e,img/target_3.png
48,327,modular,7,b,img/target_6.png
48,328,modular,9,u,img/target_7.png
48,329,modular,8,p,img/target_10.png
48,330,modular,5,i,img/target_8.png
48,331,modular,6,e,img/target_3.png
48,332,modular,9,u,img/target_7.png
48,333,modular,0,r,img/target_4.png
48,334,modular,2,v,img/target_5.png
48,335,modular,0,r,img/target_4.png
48,336,modular,1,w,img/target_2.png
48,337,modular,3,o,img/target_9.png
48,338,modular,0,r,img/target_4.png
48,339,modular,9,u,img/target_7.png
48,340,modular,7,b,img/target_6.png
48,341,modular,6,e,img/target_3.png
48,342,modular,7,b,img/target_6.png
48,343,modular,9,u,img/target_7.png
48,344,modular,0,r,img/target_4.png
48,345,modular,3,o,img/target_9.png
48,346,modular,4,q,img/target_1.png
48,347,modular,1,w,img/target_2.png
48,348,modular,4,q,img/target_1.png
48,349,modular,3,o,img/target_9.png
48,350,modular,0,r,img/target_4.png
48,351,modular,1,w,img/target_2.png
48,352,modular,2,v,img/target_5.png
48,353,modular,1,w,img/target_2.png
48,354,modular,2,v,img/target_5.png
48,355,modular,3,o,img/target_9.png
48,356,modular,2,v,img/target_5.png
48,357,modular,1,w,img/target_2.png
48,358,modular,4,q,img/target_1.png
48,359,modular,1,w,img/target_2.png
48,360,modular,2,v,img/target_5.png
48,361,modular,4,q,img/target_1.png
48,362,modular,2,v,img/target_5.png
48,363,modular,4,q,img/target_1.png
48,364,modular,2,v,img/target_5.png
48,365,modular,3,o,img/target_9.png
48,366,modular,2,v,img/target_5.png
48,367,modular,4,q,img/target_1.png
48,368,modular,5,i,img/target_8.png
48,369,modular,7,b,img/target_6.png
48,370,modular,8,p,img/target_10.png
48,371,modular,6,e,img/target_3.png
48,372,modular,5,i,img/target_8.png
48,373,modular,7,b,img/target_6.png
48,374,modular,8,p,img/target_10.png
48,375,modular,5,i,img/target_8.png
48,376,modular,4,q,img/target_1.png
48,377,modular,2,v,img/target_5.png
48,378,modular,3,o,img/target_9.png
48,379,modular,4,q,img/target_1.png
48,380,modular,5,i,img/target_8.png
48,381,modular,8,p,img/target_10.png
48,382,modular,9,u,img/target_7.png
48,383,modular,7,b,img/target_6.png
48,384,modular,5,i,img/target_8.png
48,385,modular,6,e,img/target_3.png
48,386,modular,8,p,img/target_10.png
48,387,modular,7,b,img/target_6.png
48,388,modular,9,u,img/target_7.png
48,389,modular,8,p,img/target_10.png
48,390,modular,5,i,img/target_8.png
48,391,modular,8,p,img/target_10.png
48,392,modular,5,i,img/target_8.png
48,393,modular,7,b,img/target_6.png
48,394,modular,8,p,img/target_10.png
48,395,modular,5,i,img/target_8.png
48,396,modular,4,q,img/target_1.png
48,397,modular,5,i,img/target_8.png
48,398,modular,7,b,img/target_6.png
48,399,modular,5,i,img/target_8.png
48,400,modular,4,q,img/target_1.png
48,401,modular,2,v,img/target_5.png
48,402,modular,3,o,img/target_9.png
48,403,modular,4,q,img/target_1.png
48,404,modular,1,w,img/target_2.png
48,405,modular,0,r,img/target_4.png
48,406,modular,1,w,img/target_2.png
48,407,modular,0,r,img/target_4.png
48,408,modular,3,o,img/target_9.png
48,409,modular,1,w,img/target_2.png
48,410,modular,4,q,img/target_1.png
48,411,modular,1,w,img/target_2.png
48,412,modular,3,o,img/target_9.png
48,413,modular,4,q,img/target_1.png
48,414,modular,5,i,img/target_8.png
48,415,modular,6,e,img/target_3.png
48,416,modular,7,b,img/target_6.png
48,417,modular,9,u,img/target_7.png
48,418,modular,7,b,img/target_6.png
48,419,modular,6,e,img/target_3.png
48,420,modular,7,b,img/target_6.png
48,421,modular,5,i,img/target_8.png
48,422,modular,4,q,img/target_1.png
48,423,modular,2,v,img/target_5.png
48,424,modular,3,o,img/target_9.png
48,425,modular,1,w,img/target_2.png
48,426,modular,3,o,img/target_9.png
48,427,modular,0,r,img/target_4.png
48,428,modular,2,v,img/target_5.png
48,429,modular,0,r,img/target_4.png
48,430,modular,2,v,img/target_5.png
48,431,modular,1,w,img/target_2.png
48,432,modular,0,r,img/target_4.png
48,433,modular,1,w,img/target_2.png
48,434,modular,2,v,img/target_5.png
48,435,modular,4,q,img/target_1.png
48,436,modular,3,o,img/target_9.png
48,437,modular,2,v,img/target_5.png
48,438,modular,0,r,img/target_4.png
48,439,modular,2,v,img/target_5.png
48,440,modular,1,w,img/target_2.png
48,441,modular,0,r,img/target_4.png
48,442,modular,2,v,img/target_5.png
48,443,modular,0,r,img/target_4.png
48,444,modular,2,v,img/target_5.png
48,445,modular,3,o,img/target_9.png
48,446,modular,0,r,img/target_4.png
48,447,modular,2,v,img/target_5.png
48,448,modular,3,o,img/target_9.png
48,449,modular,4,q,img/target_1.png
48,450,modular,2,v,img/target_5.png
48,451,modular,3,o,img/target_9.png
48,452,modular,2,v,img/target_5.png
48,453,modular,4,q,img/target_1.png
48,454,modular,1,w,img/target_2.png
48,455,modular,0,r,img/target_4.png
48,456,modular,9,u,img/target_7.png
48,457,modular,6,e,img/target_3.png
48,458,modular,8,p,img/target_10.png
48,459,modular,6,e,img/target_3.png
48,460,modular,8,p,img/target_10.png
48,461,modular,5,i,img/target_8.png
48,462,modular,8,p,img/target_10.png
48,463,modular,9,u,img/target_7.png
48,464,modular,0,r,img/target_4.png
48,465,modular,3,o,img/target_9.png
48,466,modular,1,w,img/target_2.png
48,467,modular,2,v,img/target_5.png
48,468,modular,1,w,img/target_2.png
48,469,modular,3,o,img/target_9.png
48,470,modular,1,w,img/target_2.png
48,471,modular,0,r,img/target_4.png
48,472,modular,1,w,img/target_2.png
48,473,modular,0,r,img/target_4.png
48,474,modular,9,u,img/target_7.png
48,475,modular,8,p,img/target_10.png
48,476,modular,5,i,img/target_8.png
48,477,modular,4,q,img/target_1.png
48,478,modular,5,i,img/target_8.png
48,479,modular,8,p,img/target_10.png
48,480,modular,5,i,img/target_8.png
48,481,modular,8,p,img/target_10.png
48,482,modular,6,e,img/target_3.png
48,483,modular,9,u,img/target_7.png
48,484,modular,7,b,img/target_6.png
48,485,modular,6,e,img/target_3.png
48,486,modular,7,b,img/target_6.png
48,487,modular,6,e,img/target_3.png
48,488,modular,8,p,img/target_10.png
48,489,modular,9,u,img/target_7.png
48,490,modular,8,p,img/target_10.png
48,491,modular,6,e,img/target_3.png
48,492,modular,7,b,img/target_6.png
48,493,modular,9,u,img/target_7.png
48,494,modular,0,r,img/target_4.png
48,495,modular,9,u,img/target_7.png
48,496,modular,7,b,img/target_6.png
48,497,modular,6,e,img/target_3.png
48,498,modular,9,u,img/target_7.png
48,499,modular,0,r,img/target_4.png
48,500,modular,9,u,img/target_7.png
48,501,modular,7,b,img/target_6.png
48,502,modular,5,i,img/target_8.png
48,503,modular,4,q,img/target_1.png
48,504,modular,3,o,img/target_9.png
48,505,modular,1,w,img/target_2.png
48,506,modular,4,q,img/target_1.png
48,507,modular,2,v,img/target_5.png
48,508,modular,1,w,img/target_2.png
48,509,modular,2,v,img/target_5.png
48,510,modular,3,o,img/target_9.png
48,511,modular,1,w,img/target_2.png
48,512,modular,2,v,img/target_5.png
48,513,modular,4,q,img/target_1.png
48,514,modular,5,i,img/target_8.png
48,515,modular,8,p,img/target_10.png
48,516,modular,7,b,img/target_6.png
48,517,modular,8,p,img/target_10.png
48,518,modular,7,b,img/target_6.png
48,519,modular,6,e,img/target_3.png
48,520,modular,7,b,img/target_6.png
48,521,modular,8,p,img/target_10.png
48,522,modular,5,i,img/target_8.png
48,523,modular,4,q,img/target_1.png
48,524,modular,1,w,img/target_2.png
48,525,modular,4,q,img/target_1.png
48,526,modular,3,o,img/target_9.png
48,527,modular,0,r,img/target_4.png
48,528,modular,1,w,img/target_2.png
48,529,modular,4,q,img/target_1.png
48,530,modular,2,v,img/target_5.png
48,531,modular,1,w,img/target_2.png
48,532,modular,0,r,img/target_4.png
48,533,modular,2,v,img/target_5.png
48,534,modular,4,q,img/target_1.png
48,535,modular,2,v,img/target_5.png
48,536,modular,4,q,img/target_1.png
48,537,modular,3,o,img/target_9.png
48,538,modular,0,r,img/target_4.png
48,539,modular,1,w,img/target_2.png
48,540,modular,0,r,img/target_4.png
48,541,modular,3,o,img/target_9.png
48,542,modular,0,r,img/target_4.png
48,543,modular,1,w,img/target_2.png
48,544,modular,4,q,img/target_1.png
48,545,modular,2,v,img/target_5.png
48,546,modular,4,q,img/target_1.png
48,547,modular,1,w,img/target_2.png
48,548,modular,0,r,img/target_4.png
48,549,modular,1,w,img/target_2.png
48,550,modular,4,q,img/target_1.png
48,551,modular,5,i,img/target_8.png
48,552,modular,7,b,img/target_6.png
48,553,modular,8,p,img/target_10.png
48,554,modular,6,e,img/target_3.png
48,555,modular,7,b,img/target_6.png
48,556,modular,5,i,img/target_8.png
48,557,modular,7,b,img/target_6.png
48,558,modular,9,u,img/target_7.png
48,559,modular,6,e,img/target_3.png
48,560,modular,8,p,img/target_10.png
48,561,modular,9,u,img/target_7.png
48,562,modular,0,r,img/target_4.png
48,563,modular,2,v,img/target_5.png
48,564,modular,4,q,img/target_1.png
48,565,modular,2,v,img/target_5.png
48,566,modular,1,w,img/target_2.png
48,567,modular,0,r,img/target_4.png
48,568,modular,2,v,img/target_5.png
48,569,modular,1,w,img/target_2.png
48,570,modular,4,q,img/target_1.png
48,571,modular,2,v,img/target_5.png
48,572,modular,0,r,img/target_4.png
48,573,modular,1,w,img/target_2.png
48,574,modular,0,r,img/target_4.png
48,575,modular,3,o,img/target_9.png
48,576,modular,1,w,img/target_2.png
48,577,modular,0,r,img/target_4.png
48,578,modular,1,w,img/target_2.png
48,579,modular,3,o,img/target_9.png
48,580,modular,2,v,img/target_5.png
48,581,modular,3,o,img/target_9.png
48,582,modular,1,w,img/target_2.png
48,583,modular,4,q,img/target_1.png
48,584,modular,2,v,img/target_5.png
48,585,modular,4,q,img/target_1.png
48,586,modular,2,v,img/target_5.png
48,587,modular,1,w,img/target_2.png
48,588,modular,0,r,img/target_4.png
48,589,modular,2,v,img/target_5.png
48,590,modular,4,q,img/target_1.png
48,591,modular,2,v,img/target_5.png
48,592,modular,3,o,img/target_9.png
48,593,modular,0,r,img/target_4.png
48,594,modular,2,v,img/target_5.png
48,595,modular,3,o,img/target_9.png
48,596,modular,2,v,img/target_5.png
48,597,modular,3,o,img/target_9.png
48,598,modular,4,q,img/target_1.png
48,599,modular,2,v,img/target_5.png
48,600,modular,0,r,img/target_4.png
48,601,modular,2,v,img/target_5.png
48,602,modular,0,r,img/target_4.png
48,603,modular,2,v,img/target_5.png
48,604,modular,0,r,img/target_4.png
48,605,modular,1,w,img/target_2.png
48,606,modular,3,o,img/target_9.png
48,607,modular,2,v,img/target_5.png
48,608,modular,1,w,img/target_2.png
48,609,modular,0,r,img/target_4.png
48,610,modular,3,o,img/target_9.png
48,611,modular,0,r,img/target_4.png
48,612,modular,3,o,img/target_9.png
48,613,modular,4,q,img/target_1.png
48,614,modular,2,v,img/target_5.png
48,615,modular,1,w,img/target_2.png
48,616,modular,0,r,img/target_4.png
48,617,modular,1,w,img/target_2.png
48,618,modular,4,q,img/target_1.png
48,619,modular,2,v,img/target_5.png
48,620,modular,3,o,img/target_9.png
48,621,modular,2,v,img/target_5.png
48,622,modular,3,o,img/target_9.png
48,623,modular,2,v,img/target_5.png
48,624,modular,4,q,img/target_1.png
48,625,modular,3,o,img/target_9.png
48,626,modular,1,w,img/target_2.png
48,627,modular,4,q,img/target_1.png
48,628,modular,1,w,img/target_2.png
48,629,modular,2,v,img/target_5.png
48,630,modular,0,r,img/target_4.png
48,631,modular,3,o,img/target_9.png
48,632,modular,0,r,img/target_4.png
48,633,modular,1,w,img/target_2.png
48,634,modular,4,q,img/target_1.png
48,635,modular,3,o,img/target_9.png
48,636,modular,2,v,img/target_5.png
48,637,modular,4,q,img/target_1.png
48,638,modular,5,i,img/target_8.png
48,639,modular,7,b,img/target_6.png
48,640,modular,8,p,img/target_10.png
48,641,modular,9,u,img/target_7.png
48,642,modular,6,e,img/target_3.png
48,643,modular,5,i,img/target_8.png
48,644,modular,6,e,img/target_3.png
48,645,modular,7,b,img/target_6.png
48,646,modular,9,u,img/target_7.png
48,647,modular,7,b,img/target_6.png
48,648,modular,5,i,img/target_8.png
48,649,modular,4,q,img/target_1.png
48,650,modular,2,v,img/target_5.png
48,651,modular,1,w,img/target_2.png
48,652,modular,3,o,img/target_9.png
48,653,modular,4,q,img/target_1.png
48,654,modular,1,w,img/target_2.png
48,655,modular,2,v,img/target_5.png
48,656,modular,4,q,img/target_1.png
48,657,modular,1,w,img/target_2.png
48,658,modular,0,r,img/target_4.png
48,659,modular,3,o,img/target_9.png
48,660,modular,0,r,img/target_4.png
48,661,modular,3,o,img/target_9.png
48,662,modular,2,v,img/target_5.png
48,663,modular,1,w,img/target_2.png
48,664,modular,2,v,img/target_5.png
48,665,modular,0,r,img/target_4.png
48,666,modular,1,w,img/target_2.png
48,667,modular,4,q,img/target_1.png
48,668,modular,3,o,img/target_9.png
48,669,modular,1,w,img/target_2.png
48,670,modular,4,q,img/target_1.png
48,671,modular,5,i,img/target_8.png
48,672,modular,7,b,img/target_6.png
48,673,modular,6,e,img/target_3.png
48,674,modular,7,b,img/target_6.png
48,675,modular,9,u,img/target_7.png
48,676,modular,7,b,img/target_6.png
48,677,modular,6,e,img/target_3.png
48,678,modular,7,b,img/target_6.png
48,679,modular,8,p,img/target_10.png
48,680,modular,6,e,img/target_3.png
48,681,modular,9,u,img/target_7.png
48,682,modular,0,r,img/target_4.png
48,683,modular,3,o,img/target_9.png
48,684,modular,1,w,img/target_2.png
48,685,modular,0,r,img/target_4.png
48,686,modular,9,u,img/target_7.png
48,687,modular,0,r,img/target_4.png
48,688,modular,1,w,img/target_2.png
48,689,modular,2,v,img/target_5.png
48,690,modular,0,r,img/target_4.png
48,691,modular,1,w,img/target_2.png
48,692,modular,3,o,img/target_9.png
48,693,modular,0,r,img/target_4.png
48,694,modular,9,u,img/target_7.png
48,695,modular,0,r,img/target_4.png
48,696,modular,3,o,img/target_9.png
48,697,modular,0,r,img/target_4.png
48,698,modular,9,u,img/target_7.png
48,699,modular,7,b,img/target_6.png
48,700,modular,8,p,img/target_10.png
48,701,modular,5,i,img/target_8.png
48,702,modular,6,e,img/target_3.png
48,703,modular,9,u,img/target_7.png
48,704,modular,6,e,img/target_3.png
48,705,modular,9,u,img/target_7.png
48,706,modular,8,p,img/target_10.png
48,707,modular,9,u,img/target_7.png
48,708,modular,0,r,img/target_4.png
48,709,modular,3,o,img/target_9.png
48,710,modular,0,r,img/target_4.png
48,711,modular,9,u,img/target_7.png
48,712,modular,6,e,img/target_3.png
48,713,modular,8,p,img/target_10.png
48,714,modular,5,i,img/target_8.png
48,715,modular,8,p,img/target_10.png
48,716,modular,9,u,img/target_7.png
48,717,modular,8,p,img/target_10.png
48,718,modular,5,i,img/target_8.png
48,719,modular,7,b,img/target_6.png
48,720,modular,6,e,img/target_3.png
48,721,modular,9,u,img/target_7.png
48,722,modular,8,p,img/target_10.png
48,723,modular,6,e,img/target_3.png
48,724,modular,9,u,img/target_7.png
48,725,modular,8,p,img/target_10.png
48,726,modular,6,e,img/target_3.png
48,727,modular,9,u,img/target_7.png
48,728,modular,6,e,img/target_3.png
48,729,modular,8,p,img/target_10.png
48,730,modular,6,e,img/target_3.png
48,731,modular,5,i,img/target_8.png
48,732,modular,8,p,img/target_10.png
48,733,modular,5,i,img/target_8.png
48,734,modular,4,q,img/target_1.png
48,735,modular,3,o,img/target_9.png
48,736,modular,4,q,img/target_1.png
48,737,modular,1,w,img/target_2.png
48,738,modular,2,v,img/target_5.png
48,739,modular,1,w,img/target_2.png
48,740,modular,3,o,img/target_9.png
48,741,modular,2,v,img/target_5.png
48,742,modular,0,r,img/target_4.png
48,743,modular,2,v,img/target_5.png
48,744,modular,3,o,img/target_9.png
48,745,modular,2,v,img/target_5.png
48,746,modular,1,w,img/target_2.png
48,747,modular,2,v,img/target_5.png
48,748,modular,0,r,img/target_4.png
48,749,modular,3,o,img/target_9.png
48,750,modular,4,q,img/target_1.png
48,751,modular,3,o,img/target_9.png
48,752,modular,0,r,img/target_4.png
48,753,modular,2,v,img/target_5.png
48,754,modular,1,w,img/target_2.png
48,755,modular,3,o,img/target_9.png
48,756,modular,2,v,img/target_5.png
48,757,modular,3,o,img/target_9.png
48,758,modular,1,w,img/target_2.png
48,759,modular,4,q,img/target_1.png
48,760,modular,2,v,img/target_5.png
48,761,modular,0,r,img/target_4.png
48,762,modular,2,v,img/target_5.png
48,763,modular,4,q,img/target_1.png
48,764,modular,1,w,img/target_2.png
48,765,modular,4,q,img/target_1.png
48,766,modular,5,i,img/target_8.png
48,767,modular,4,q,img/target_1.png
48,768,modular,3,o,img/target_9.png
48,769,modular,2,v,img/target_5.png
48,770,modular,1,w,img/target_2.png
48,771,modular,2,v,img/target_5.png
48,772,modular,3,o,img/target_9.png
48,773,modular,1,w,img/target_2.png
48,774,modular,4,q,img/target_1.png
48,775,modular,3,o,img/target_9.png
48,776,modular,4,q,img/target_1.png
48,777,modular,3,o,img/target_9.png
48,778,modular,2,v,img/target_5.png
48,779,modular,3,o,img/target_9.png
48,780,modular,2,v,img/target_5.png
48,781,modular,0,r,img/target_4.png
48,782,modular,3,o,img/target_9.png
48,783,modular,2,v,img/target_5.png
48,784,modular,1,w,img/target_2.png
48,785,modular,4,q,img/target_1.png
48,786,modular,5,i,img/target_8.png
48,787,modular,7,b,img/target_6.png
48,788,modular,9,u,img/target_7.png
48,789,modular,8,p,img/target_10.png
48,790,modular,9,u,img/target_7.png
48,791,modular,8,p,img/target_10.png
48,792,modular,7,b,img/target_6.png
48,793,modular,8,p,img/target_10.png
48,794,modular,7,b,img/target_6.png
48,795,modular,8,p,img/target_10.png
48,796,modular,6,e,img/target_3.png
48,797,modular,5,i,img/target_8.png
48,798,modular,7,b,img/target_6.png
48,799,modular,5,i,img/target_8.png
48,800,modular,7,b,img/target_6.png
48,801,modular,6,e,img/target_3.png
48,802,modular,7,b,img/target_6.png
48,803,modular,8,p,img/target_10.png
48,804,modular,5,i,img/target_8.png
48,805,modular,7,b,img/target_6.png
48,806,modular,5,i,img/target_8.png
48,807,modular,4,q,img/target_1.png
48,808,modular,3,o,img/target_9.png
48,809,modular,1,w,img/target_2.png
48,810,modular,2,v,img/target_5.png
48,811,modular,4,q,img/target_1.png
48,812,modular,1,w,img/target_2.png
48,813,modular,4,q,img/target_1.png
48,814,modular,5,i,img/target_8.png
48,815,modular,7,b,img/target_6.png
48,816,modular,8,p,img/target_10.png
48,817,modular,7,b,img/target_6.png
48,818,modular,9,u,img/target_7.png
48,819,modular,6,e,img/target_3.png
48,820,modular,9,u,img/target_7.png
48,821,modular,0,r,img/target_4.png
48,822,modular,2,v,img/target_5.png
48,823,modular,0,r,img/target_4.png
48,824,modular,1,w,img/target_2.png
48,825,modular,4,q,img/target_1.png
48,826,modular,5,i,img/target_8.png
48,827,modular,8,p,img/target_10.png
48,828,modular,7,b,img/target_6.png
48,829,modular,5,i,img/target_8.png
48,830,modular,4,q,img/target_1.png
48,831,modular,2,v,img/target_5.png
48,832,modular,3,o,img/target_9.png
48,833,modular,4,q,img/target_1.png
48,834,modular,2,v,img/target_5.png
48,835,modular,3,o,img/target_9.png
48,836,modular,4,q,img/target_1.png
48,837,modular,2,v,img/target_5.png
48,838,modular,1,w,img/target_2.png
48,839,modular,0,r,img/target_4.png
48,840,modular,2,v,img/target_5.png
48,841,modular,4,q,img/target_1.png
48,842,modular,1,w,img/target_2.png
48,843,modular,3,o,img/target_9.png
48,844,modular,4,q,img/target_1.png
48,845,modular,1,w,img/target_2.png
48,846,modular,3,o,img/target_9.png
48,847,modular,2,v,img/target_5.png
48,848,modular,1,w,img/target_2.png
48,849,modular,4,q,img/target_1.png
48,850,modular,1,w,img/target_2.png
48,851,modular,4,q,img/target_1.png
48,852,modular,5,i,img/target_8.png
48,853,modular,7,b,img/target_6.png
48,854,modular,8,p,img/target_10.png
48,855,modular,7,b,img/target_6.png
48,856,modular,6,e,img/target_3.png
48,857,modular,9,u,img/target_7.png
48,858,modular,8,p,img/target_10.png
48,859,modular,7,b,img/target_6.png
48,860,modular,6,e,img/target_3.png
48,861,modular,8,p,img/target_10.png
48,862,modular,6,e,img/target_3.png
48,863,modular,8,p,img/target_10.png
48,864,modular,7,b,img/target_6.png
48,865,modular,9,u,img/target_7.png
48,866,modular,8,p,img/target_10.png
48,867,modular,5,i,img/target_8.png
48,868,modular,6,e,img/target_3.png
48,869,modular,7,b,img/target_6.png
48,870,modular,6,e,img/target_3.png
48,871,modular,5,i,img/target_8.png
48,872,modular,6,e,img/target_3.png
48,873,modular,7,b,img/target_6.png
48,874,modular,9,u,img/target_7.png
48,875,modular,8,p,img/target_10.png
48,876,modular,7,b,img/target_6.png
48,877,modular,5,i,img/target_8.png
48,878,modular,7,b,img/target_6.png
48,879,modular,8,p,img/target_10.png
48,880,modular,6,e,img/target_3.png
48,881,modular,8,p,img/target_10.png
48,882,modular,5,i,img/target_8.png
48,883,modular,4,q,img/target_1.png
48,884,modular,5,i,img/target_8.png
48,885,modular,8,p,img/target_10.png
48,886,modular,7,b,img/target_6.png
48,887,modular,5,i,img/target_8.png
48,888,modular,6,e,img/target_3.png
48,889,modular,9,u,img/target_7.png
48,890,modular,6,e,img/target_3.png
48,891,modular,5,i,img/target_8.png
48,892,modular,4,q,img/target_1.png
48,893,modular,2,v,img/target_5.png
48,894,modular,1,w,img/target_2.png
48,895,modular,2,v,img/target_5.png
48,896,modular,3,o,img/target_9.png
48,897,modular,4,q,img/target_1.png
48,898,modular,1,w,img/target_2.png
48,899,modular,2,v,img/target_5.png
48,900,modular,0,r,img/target_4.png
48,901,modular,2,v,img/target_5.png
48,902,modular,0,r,img/target_4.png
48,903,modular,2,v,img/target_5.png
48,904,modular,0,r,img/target_4.png
48,905,modular,2,v,img/target_5.png
48,906,modular,3,o,img/target_9.png
48,907,modular,4,q,img/target_1.png
48,908,modular,3,o,img/target_9.png
48,909,modular,2,v,img/target_5.png
48,910,modular,1,w,img/target_2.png
48,911,modular,4,q,img/target_1.png
48,912,modular,2,v,img/target_5.png
48,913,modular,1,w,img/target_2.png
48,914,modular,4,q,img/target_1.png
48,915,modular,5,i,img/target_8.png
48,916,modular,6,e,img/target_3.png
48,917,modular,7,b,img/target_6.png
48,918,modular,5,i,img/target_8.png
48,919,modular,7,b,img/target_6.png
48,920,modular,9,u,img/target_7.png
48,921,modular,6,e,img/target_3.png
48,922,modular,7,b,img/target_6.png
48,923,modular,6,e,img/target_3.png
48,924,modular,5,i,img/target_8.png
48,925,modular,4,q,img/target_1.png
48,926,modular,2,v,img/target_5.png
48,927,modular,3,o,img/target_9.png
48,928,modular,2,v,img/target_5.png
48,929,modular,0,r,img/target_4.png
48,930,modular,2,v,img/target_5.png
48,931,modular,0,r,img/target_4.png
48,932,modular,3,o,img/target_9.png
48,933,modular,1,w,img/target_2.png
48,934,modular,0,r,img/target_4.png
48,935,modular,2,v,img/target_5.png
48,936,modular,0,r,img/target_4.png
48,937,modular,2,v,img/target_5.png
48,938,modular,0,r,img/target_4.png
48,939,modular,3,o,img/target_9.png
48,940,modular,0,r,img/target_4.png
48,941,modular,3,o,img/target_9.png
48,942,modular,2,v,img/target_5.png
48,943,modular,1,w,img/target_2.png
48,944,modular,4,q,img/target_1.png
48,945,modular,2,v,img/target_5.png
48,946,modular,1,w,img/target_2.png
48,947,modular,2,v,img/target_5.png
48,948,modular,0,r,img/target_4.png
48,949,modular,3,o,img/target_9.png
48,950,modular,4,q,img/target_1.png
48,951,modular,1,w,img/target_2.png
48,952,modular,0,r,img/target_4.png
48,953,modular,1,w,img/target_2.png
48,954,modular,3,o,img/target_9.png
48,955,modular,0,r,img/target_4.png
48,956,modular,1,w,img/target_2.png
48,957,modular,2,v,img/target_5.png
48,958,modular,1,w,img/target_2.png
48,959,modular,3,o,img/target_9.png
48,960,modular,2,v,img/target_5.png
48,961,modular,3,o,img/target_9.png
48,962,modular,2,v,img/target_5.png
48,963,modular,3,o,img/target_9.png
48,964,modular,0,r,img/target_4.png
48,965,modular,2,v,img/target_5.png
48,966,modular,1,w,img/target_2.png
48,967,modular,2,v,img/target_5.png
48,968,modular,1,w,img/target_2.png
48,969,modular,3,o,img/target_9.png
48,970,modular,1,w,img/target_2.png
48,971,modular,3,o,img/target_9.png
48,972,modular,0,r,img/target_4.png
48,973,modular,2,v,img/target_5.png
48,974,modular,1,w,img/target_2.png
48,975,modular,2,v,img/target_5.png
48,976,modular,3,o,img/target_9.png
48,977,modular,2,v,img/target_5.png
48,978,modular,0,r,img/target_4.png
48,979,modular,2,v,img/target_5.png
48,980,modular,0,r,img/target_4.png
48,981,modular,9,u,img/target_7.png
48,982,modular,0,r,img/target_4.png
48,983,modular,2,v,img/target_5.png
48,984,modular,0,r,img/target_4.png
48,985,modular,1,w,img/target_2.png
48,986,modular,3,o,img/target_9.png
48,987,modular,0,r,img/target_4.png
48,988,modular,3,o,img/target_9.png
48,989,modular,2,v,img/target_5.png
48,990,modular,0,r,img/target_4.png
48,991,modular,9,u,img/target_7.png
48,992,modular,6,e,img/target_3.png
48,993,modular,8,p,img/target_10.png
48,994,modular,7,b,img/target_6.png
48,995,modular,8,p,img/target_10.png
48,996,modular,5,i,img/target_8.png
48,997,modular,7,b,img/target_6.png
48,998,modular,8,p,img/target_10.png
48,999,modular,7,b,img/target_6.png
48,1000,modular,8,p,img/target_10.png
