pID,sess,trialNum,graph,walk,resp,path
18,1,1,modular,9,q,img/target_1.png
18,1,2,modular,0,r,img/target_4.png
18,1,3,modular,1,v,img/target_5.png
18,1,4,modular,3,b,img/target_6.png
18,1,5,modular,0,r,img/target_4.png
18,1,6,modular,2,e,img/target_3.png
18,1,7,modular,0,r,img/target_4.png
18,1,8,modular,1,v,img/target_5.png
18,1,9,modular,2,e,img/target_3.png
18,1,10,modular,1,v,img/target_5.png
18,1,11,modular,2,e,img/target_3.png
18,1,12,modular,0,r,img/target_4.png
18,1,13,modular,1,v,img/target_5.png
18,1,14,modular,0,r,img/target_4.png
18,1,15,modular,2,e,img/target_3.png
18,1,16,modular,4,p,img/target_10.png
18,1,17,modular,3,b,img/target_6.png
18,1,18,modular,1,v,img/target_5.png
18,1,19,modular,3,b,img/target_6.png
18,1,20,modular,2,e,img/target_3.png
18,1,21,modular,1,v,img/target_5.png
18,1,22,modular,3,b,img/target_6.png
18,1,23,modular,1,v,img/target_5.png
18,1,24,modular,4,p,img/target_10.png
18,1,25,modular,5,o,img/target_9.png
18,1,26,modular,4,p,img/target_10.png
18,1,27,modular,2,e,img/target_3.png
18,1,28,modular,1,v,img/target_5.png
18,1,29,modular,2,e,img/target_3.png
18,1,30,modular,4,p,img/target_10.png
18,1,31,modular,2,e,img/target_3.png
18,1,32,modular,1,v,img/target_5.png
18,1,33,modular,4,p,img/target_10.png
18,1,34,modular,5,o,img/target_9.png
18,1,35,modular,7,i,img/target_8.png
18,1,36,modular,8,w,img/target_2.png
18,1,37,modular,5,o,img/target_9.png
18,1,38,modular,8,w,img/target_2.png
18,1,39,modular,5,o,img/target_9.png
18,1,40,modular,6,u,img/target_7.png
18,1,41,modular,7,i,img/target_8.png
18,1,42,modular,6,u,img/target_7.png
18,1,43,modular,9,q,img/target_1.png
18,1,44,modular,8,w,img/target_2.png
18,1,45,modular,9,q,img/target_1.png
18,1,46,modular,0,r,img/target_4.png
18,1,47,modular,3,b,img/target_6.png
18,1,48,modular,1,v,img/target_5.png
18,1,49,modular,4,p,img/target_10.png
18,1,50,modular,5,o,img/target_9.png
18,1,51,modular,6,u,img/target_7.png
18,1,52,modular,5,o,img/target_9.png
18,1,53,modular,8,w,img/target_2.png
18,1,54,modular,7,i,img/target_8.png
18,1,55,modular,6,u,img/target_7.png
18,1,56,modular,7,i,img/target_8.png
18,1,57,modular,6,u,img/target_7.png
18,1,58,modular,8,w,img/target_2.png
18,1,59,modular,6,u,img/target_7.png
18,1,60,modular,9,q,img/target_1.png
18,1,61,modular,6,u,img/target_7.png
18,1,62,modular,5,o,img/target_9.png
18,1,63,modular,8,w,img/target_2.png
18,1,64,modular,5,o,img/target_9.png
18,1,65,modular,7,i,img/target_8.png
18,1,66,modular,6,u,img/target_7.png
18,1,67,modular,8,w,img/target_2.png
18,1,68,modular,6,u,img/target_7.png
18,1,69,modular,5,o,img/target_9.png
18,1,70,modular,8,w,img/target_2.png
18,1,71,modular,5,o,img/target_9.png
18,1,72,modular,7,i,img/target_8.png
18,1,73,modular,9,q,img/target_1.png
18,1,74,modular,7,i,img/target_8.png
18,1,75,modular,9,q,img/target_1.png
18,1,76,modular,7,i,img/target_8.png
18,1,77,modular,8,w,img/target_2.png
18,1,78,modular,7,i,img/target_8.png
18,1,79,modular,5,o,img/target_9.png
18,1,80,modular,4,p,img/target_10.png
18,1,81,modular,3,b,img/target_6.png
18,1,82,modular,2,e,img/target_3.png
18,1,83,modular,3,b,img/target_6.png
18,1,84,modular,1,v,img/target_5.png
18,1,85,modular,0,r,img/target_4.png
18,1,86,modular,1,v,img/target_5.png
18,1,87,modular,3,b,img/target_6.png
18,1,88,modular,0,r,img/target_4.png
18,1,89,modular,2,e,img/target_3.png
18,1,90,modular,4,p,img/target_10.png
18,1,91,modular,3,b,img/target_6.png
18,1,92,modular,2,e,img/target_3.png
18,1,93,modular,0,r,img/target_4.png
18,1,94,modular,3,b,img/target_6.png
18,1,95,modular,0,r,img/target_4.png
18,1,96,modular,3,b,img/target_6.png
18,1,97,modular,4,p,img/target_10.png
18,1,98,modular,1,v,img/target_5.png
18,1,99,modular,2,e,img/target_3.png
18,1,100,modular,3,b,img/target_6.png
18,1,101,modular,2,e,img/target_3.png
18,1,102,modular,0,r,img/target_4.png
18,1,103,modular,9,q,img/target_1.png
18,1,104,modular,8,w,img/target_2.png
18,1,105,modular,7,i,img/target_8.png
18,1,106,modular,5,o,img/target_9.png
18,1,107,modular,7,i,img/target_8.png
18,1,108,modular,8,w,img/target_2.png
18,1,109,modular,5,o,img/target_9.png
18,1,110,modular,4,p,img/target_10.png
18,1,111,modular,2,e,img/target_3.png
18,1,112,modular,3,b,img/target_6.png
18,1,113,modular,2,e,img/target_3.png
18,1,114,modular,1,v,img/target_5.png
18,1,115,modular,0,r,img/target_4.png
18,1,116,modular,2,e,img/target_3.png
18,1,117,modular,1,v,img/target_5.png
18,1,118,modular,0,r,img/target_4.png
18,1,119,modular,3,b,img/target_6.png
18,1,120,modular,4,p,img/target_10.png
18,1,121,modular,5,o,img/target_9.png
18,1,122,modular,4,p,img/target_10.png
18,1,123,modular,3,b,img/target_6.png
18,1,124,modular,4,p,img/target_10.png
18,1,125,modular,5,o,img/target_9.png
18,1,126,modular,7,i,img/target_8.png
18,1,127,modular,8,w,img/target_2.png
18,1,128,modular,7,i,img/target_8.png
18,1,129,modular,6,u,img/target_7.png
18,1,130,modular,5,o,img/target_9.png
18,1,131,modular,6,u,img/target_7.png
18,1,132,modular,8,w,img/target_2.png
18,1,133,modular,5,o,img/target_9.png
18,1,134,modular,7,i,img/target_8.png
18,1,135,modular,5,o,img/target_9.png
18,1,136,modular,6,u,img/target_7.png
18,1,137,modular,9,q,img/target_1.png
18,1,138,modular,0,r,img/target_4.png
18,1,139,modular,3,b,img/target_6.png
18,1,140,modular,1,v,img/target_5.png
18,1,141,modular,2,e,img/target_3.png
18,1,142,modular,0,r,img/target_4.png
18,1,143,modular,1,v,img/target_5.png
18,1,144,modular,3,b,img/target_6.png
18,1,145,modular,0,r,img/target_4.png
18,1,146,modular,3,b,img/target_6.png
18,1,147,modular,2,e,img/target_3.png
18,1,148,modular,4,p,img/target_10.png
18,1,149,modular,1,v,img/target_5.png
18,1,150,modular,0,r,img/target_4.png
18,1,151,modular,3,b,img/target_6.png
18,1,152,modular,1,v,img/target_5.png
18,1,153,modular,0,r,img/target_4.png
18,1,154,modular,2,e,img/target_3.png
18,1,155,modular,1,v,img/target_5.png
18,1,156,modular,0,r,img/target_4.png
18,1,157,modular,3,b,img/target_6.png
18,1,158,modular,2,e,img/target_3.png
18,1,159,modular,0,r,img/target_4.png
18,1,160,modular,3,b,img/target_6.png
18,1,161,modular,1,v,img/target_5.png
18,1,162,modular,2,e,img/target_3.png
18,1,163,modular,4,p,img/target_10.png
18,1,164,modular,2,e,img/target_3.png
18,1,165,modular,3,b,img/target_6.png
18,1,166,modular,1,v,img/target_5.png
18,1,167,modular,0,r,img/target_4.png
18,1,168,modular,9,q,img/target_1.png
18,1,169,modular,8,w,img/target_2.png
18,1,170,modular,9,q,img/target_1.png
18,1,171,modular,7,i,img/target_8.png
18,1,172,modular,8,w,img/target_2.png
18,1,173,modular,5,o,img/target_9.png
18,1,174,modular,8,w,img/target_2.png
18,1,175,modular,7,i,img/target_8.png
18,1,176,modular,9,q,img/target_1.png
18,1,177,modular,6,u,img/target_7.png
18,1,178,modular,8,w,img/target_2.png
18,1,179,modular,6,u,img/target_7.png
18,1,180,modular,5,o,img/target_9.png
18,1,181,modular,7,i,img/target_8.png
18,1,182,modular,8,w,img/target_2.png
18,1,183,modular,5,o,img/target_9.png
18,1,184,modular,6,u,img/target_7.png
18,1,185,modular,8,w,img/target_2.png
18,1,186,modular,7,i,img/target_8.png
18,1,187,modular,6,u,img/target_7.png
18,1,188,modular,7,i,img/target_8.png
18,1,189,modular,8,w,img/target_2.png
18,1,190,modular,6,u,img/target_7.png
18,1,191,modular,9,q,img/target_1.png
18,1,192,modular,6,u,img/target_7.png
18,1,193,modular,9,q,img/target_1.png
18,1,194,modular,0,r,img/target_4.png
18,1,195,modular,2,e,img/target_3.png
18,1,196,modular,1,v,img/target_5.png
18,1,197,modular,4,p,img/target_10.png
18,1,198,modular,2,e,img/target_3.png
18,1,199,modular,0,r,img/target_4.png
18,1,200,modular,9,q,img/target_1.png
18,1,201,modular,6,u,img/target_7.png
18,1,202,modular,9,q,img/target_1.png
18,1,203,modular,6,u,img/target_7.png
18,1,204,modular,9,q,img/target_1.png
18,1,205,modular,6,u,img/target_7.png
18,1,206,modular,5,o,img/target_9.png
18,1,207,modular,7,i,img/target_8.png
18,1,208,modular,6,u,img/target_7.png
18,1,209,modular,7,i,img/target_8.png
18,1,210,modular,6,u,img/target_7.png
18,1,211,modular,8,w,img/target_2.png
18,1,212,modular,7,i,img/target_8.png
18,1,213,modular,8,w,img/target_2.png
18,1,214,modular,7,i,img/target_8.png
18,1,215,modular,9,q,img/target_1.png
18,1,216,modular,6,u,img/target_7.png
18,1,217,modular,5,o,img/target_9.png
18,1,218,modular,4,p,img/target_10.png
18,1,219,modular,2,e,img/target_3.png
18,1,220,modular,4,p,img/target_10.png
18,1,221,modular,2,e,img/target_3.png
18,1,222,modular,3,b,img/target_6.png
18,1,223,modular,2,e,img/target_3.png
18,1,224,modular,0,r,img/target_4.png
18,1,225,modular,2,e,img/target_3.png
18,1,226,modular,3,b,img/target_6.png
18,1,227,modular,0,r,img/target_4.png
18,1,228,modular,9,q,img/target_1.png
18,1,229,modular,8,w,img/target_2.png
18,1,230,modular,9,q,img/target_1.png
18,1,231,modular,7,i,img/target_8.png
18,1,232,modular,8,w,img/target_2.png
18,1,233,modular,6,u,img/target_7.png
18,1,234,modular,7,i,img/target_8.png
18,1,235,modular,5,o,img/target_9.png
18,1,236,modular,8,w,img/target_2.png
18,1,237,modular,9,q,img/target_1.png
18,1,238,modular,0,r,img/target_4.png
18,1,239,modular,9,q,img/target_1.png
18,1,240,modular,8,w,img/target_2.png
18,1,241,modular,7,i,img/target_8.png
18,1,242,modular,6,u,img/target_7.png
18,1,243,modular,7,i,img/target_8.png
18,1,244,modular,9,q,img/target_1.png
18,1,245,modular,6,u,img/target_7.png
18,1,246,modular,7,i,img/target_8.png
18,1,247,modular,9,q,img/target_1.png
18,1,248,modular,0,r,img/target_4.png
18,1,249,modular,9,q,img/target_1.png
18,1,250,modular,8,w,img/target_2.png
18,1,251,modular,5,o,img/target_9.png
18,1,252,modular,8,w,img/target_2.png
18,1,253,modular,6,u,img/target_7.png
18,1,254,modular,7,i,img/target_8.png
18,1,255,modular,5,o,img/target_9.png
18,1,256,modular,6,u,img/target_7.png
18,1,257,modular,9,q,img/target_1.png
18,1,258,modular,6,u,img/target_7.png
18,1,259,modular,7,i,img/target_8.png
18,1,260,modular,6,u,img/target_7.png
18,1,261,modular,7,i,img/target_8.png
18,1,262,modular,8,w,img/target_2.png
18,1,263,modular,5,o,img/target_9.png
18,1,264,modular,6,u,img/target_7.png
18,1,265,modular,5,o,img/target_9.png
18,1,266,modular,6,u,img/target_7.png
18,1,267,modular,9,q,img/target_1.png
18,1,268,modular,6,u,img/target_7.png
18,1,269,modular,8,w,img/target_2.png
18,1,270,modular,6,u,img/target_7.png
18,1,271,modular,7,i,img/target_8.png
18,1,272,modular,5,o,img/target_9.png
18,1,273,modular,4,p,img/target_10.png
18,1,274,modular,3,b,img/target_6.png
18,1,275,modular,2,e,img/target_3.png
18,1,276,modular,0,r,img/target_4.png
18,1,277,modular,2,e,img/target_3.png
18,1,278,modular,1,v,img/target_5.png
18,1,279,modular,0,r,img/target_4.png
18,1,280,modular,2,e,img/target_3.png
18,1,281,modular,0,r,img/target_4.png
18,1,282,modular,2,e,img/target_3.png
18,1,283,modular,3,b,img/target_6.png
18,1,284,modular,2,e,img/target_3.png
18,1,285,modular,3,b,img/target_6.png
18,1,286,modular,0,r,img/target_4.png
18,1,287,modular,3,b,img/target_6.png
18,1,288,modular,2,e,img/target_3.png
18,1,289,modular,3,b,img/target_6.png
18,1,290,modular,0,r,img/target_4.png
18,1,291,modular,9,q,img/target_1.png
18,1,292,modular,7,i,img/target_8.png
18,1,293,modular,9,q,img/target_1.png
18,1,294,modular,8,w,img/target_2.png
18,1,295,modular,6,u,img/target_7.png
18,1,296,modular,5,o,img/target_9.png
18,1,297,modular,8,w,img/target_2.png
18,1,298,modular,7,i,img/target_8.png
18,1,299,modular,6,u,img/target_7.png
18,1,300,modular,7,i,img/target_8.png
18,1,301,modular,9,q,img/target_1.png
18,1,302,modular,8,w,img/target_2.png
18,1,303,modular,7,i,img/target_8.png
18,1,304,modular,8,w,img/target_2.png
18,1,305,modular,7,i,img/target_8.png
18,1,306,modular,8,w,img/target_2.png
18,1,307,modular,5,o,img/target_9.png
18,1,308,modular,4,p,img/target_10.png
18,1,309,modular,5,o,img/target_9.png
18,1,310,modular,7,i,img/target_8.png
18,1,311,modular,9,q,img/target_1.png
18,1,312,modular,0,r,img/target_4.png
18,1,313,modular,2,e,img/target_3.png
18,1,314,modular,0,r,img/target_4.png
18,1,315,modular,2,e,img/target_3.png
18,1,316,modular,3,b,img/target_6.png
18,1,317,modular,0,r,img/target_4.png
18,1,318,modular,1,v,img/target_5.png
18,1,319,modular,2,e,img/target_3.png
18,1,320,modular,4,p,img/target_10.png
18,1,321,modular,5,o,img/target_9.png
18,1,322,modular,4,p,img/target_10.png
18,1,323,modular,3,b,img/target_6.png
18,1,324,modular,0,r,img/target_4.png
18,1,325,modular,3,b,img/target_6.png
18,1,326,modular,0,r,img/target_4.png
18,1,327,modular,9,q,img/target_1.png
18,1,328,modular,0,r,img/target_4.png
18,1,329,modular,2,e,img/target_3.png
18,1,330,modular,3,b,img/target_6.png
18,1,331,modular,0,r,img/target_4.png
18,1,332,modular,3,b,img/target_6.png
18,1,333,modular,2,e,img/target_3.png
18,1,334,modular,3,b,img/target_6.png
18,1,335,modular,1,v,img/target_5.png
18,1,336,modular,0,r,img/target_4.png
18,1,337,modular,3,b,img/target_6.png
18,1,338,modular,2,e,img/target_3.png
18,1,339,modular,1,v,img/target_5.png
18,1,340,modular,3,b,img/target_6.png
18,1,341,modular,4,p,img/target_10.png
18,1,342,modular,3,b,img/target_6.png
18,1,343,modular,0,r,img/target_4.png
18,1,344,modular,1,v,img/target_5.png
18,1,345,modular,4,p,img/target_10.png
18,1,346,modular,5,o,img/target_9.png
18,1,347,modular,4,p,img/target_10.png
18,1,348,modular,1,v,img/target_5.png
18,1,349,modular,0,r,img/target_4.png
18,1,350,modular,9,q,img/target_1.png
18,1,351,modular,7,i,img/target_8.png
18,1,352,modular,5,o,img/target_9.png
18,1,353,modular,7,i,img/target_8.png
18,1,354,modular,8,w,img/target_2.png
18,1,355,modular,6,u,img/target_7.png
18,1,356,modular,8,w,img/target_2.png
18,1,357,modular,9,q,img/target_1.png
18,1,358,modular,8,w,img/target_2.png
18,1,359,modular,5,o,img/target_9.png
18,1,360,modular,7,i,img/target_8.png
18,1,361,modular,5,o,img/target_9.png
18,1,362,modular,8,w,img/target_2.png
18,1,363,modular,7,i,img/target_8.png
18,1,364,modular,8,w,img/target_2.png
18,1,365,modular,5,o,img/target_9.png
18,1,366,modular,8,w,img/target_2.png
18,1,367,modular,5,o,img/target_9.png
18,1,368,modular,8,w,img/target_2.png
18,1,369,modular,7,i,img/target_8.png
18,1,370,modular,8,w,img/target_2.png
18,1,371,modular,9,q,img/target_1.png
18,1,372,modular,0,r,img/target_4.png
18,1,373,modular,9,q,img/target_1.png
18,1,374,modular,7,i,img/target_8.png
18,1,375,modular,8,w,img/target_2.png
18,1,376,modular,7,i,img/target_8.png
18,1,377,modular,9,q,img/target_1.png
18,1,378,modular,8,w,img/target_2.png
18,1,379,modular,5,o,img/target_9.png
18,1,380,modular,4,p,img/target_10.png
18,1,381,modular,3,b,img/target_6.png
18,1,382,modular,0,r,img/target_4.png
18,1,383,modular,9,q,img/target_1.png
18,1,384,modular,0,r,img/target_4.png
18,1,385,modular,3,b,img/target_6.png
18,1,386,modular,1,v,img/target_5.png
18,1,387,modular,2,e,img/target_3.png
18,1,388,modular,0,r,img/target_4.png
18,1,389,modular,2,e,img/target_3.png
18,1,390,modular,1,v,img/target_5.png
18,1,391,modular,3,b,img/target_6.png
18,1,392,modular,1,v,img/target_5.png
18,1,393,modular,0,r,img/target_4.png
18,1,394,modular,3,b,img/target_6.png
18,1,395,modular,1,v,img/target_5.png
18,1,396,modular,0,r,img/target_4.png
18,1,397,modular,2,e,img/target_3.png
18,1,398,modular,0,r,img/target_4.png
18,1,399,modular,9,q,img/target_1.png
18,1,400,modular,0,r,img/target_4.png
18,1,401,modular,9,q,img/target_1.png
18,1,402,modular,7,i,img/target_8.png
18,1,403,modular,5,o,img/target_9.png
18,1,404,modular,7,i,img/target_8.png
18,1,405,modular,9,q,img/target_1.png
18,1,406,modular,7,i,img/target_8.png
18,1,407,modular,8,w,img/target_2.png
18,1,408,modular,9,q,img/target_1.png
18,1,409,modular,0,r,img/target_4.png
18,1,410,modular,2,e,img/target_3.png
18,1,411,modular,3,b,img/target_6.png
18,1,412,modular,0,r,img/target_4.png
18,1,413,modular,2,e,img/target_3.png
18,1,414,modular,4,p,img/target_10.png
18,1,415,modular,2,e,img/target_3.png
18,1,416,modular,3,b,img/target_6.png
18,1,417,modular,4,p,img/target_10.png
18,1,418,modular,1,v,img/target_5.png
18,1,419,modular,0,r,img/target_4.png
18,1,420,modular,9,q,img/target_1.png
18,1,421,modular,7,i,img/target_8.png
18,1,422,modular,9,q,img/target_1.png
18,1,423,modular,0,r,img/target_4.png
18,1,424,modular,1,v,img/target_5.png
18,1,425,modular,2,e,img/target_3.png
18,1,426,modular,1,v,img/target_5.png
18,1,427,modular,0,r,img/target_4.png
18,1,428,modular,2,e,img/target_3.png
18,1,429,modular,1,v,img/target_5.png
18,1,430,modular,2,e,img/target_3.png
18,1,431,modular,0,r,img/target_4.png
18,1,432,modular,3,b,img/target_6.png
18,1,433,modular,4,p,img/target_10.png
18,1,434,modular,3,b,img/target_6.png
18,1,435,modular,2,e,img/target_3.png
18,1,436,modular,0,r,img/target_4.png
18,1,437,modular,2,e,img/target_3.png
18,1,438,modular,3,b,img/target_6.png
18,1,439,modular,1,v,img/target_5.png
18,1,440,modular,3,b,img/target_6.png
18,1,441,modular,4,p,img/target_10.png
18,1,442,modular,2,e,img/target_3.png
18,1,443,modular,3,b,img/target_6.png
18,1,444,modular,1,v,img/target_5.png
18,1,445,modular,0,r,img/target_4.png
18,1,446,modular,9,q,img/target_1.png
18,1,447,modular,8,w,img/target_2.png
18,1,448,modular,5,o,img/target_9.png
18,1,449,modular,8,w,img/target_2.png
18,1,450,modular,7,i,img/target_8.png
18,1,451,modular,5,o,img/target_9.png
18,1,452,modular,4,p,img/target_10.png
18,1,453,modular,2,e,img/target_3.png
18,1,454,modular,0,r,img/target_4.png
18,1,455,modular,3,b,img/target_6.png
18,1,456,modular,0,r,img/target_4.png
18,1,457,modular,3,b,img/target_6.png
18,1,458,modular,4,p,img/target_10.png
18,1,459,modular,5,o,img/target_9.png
18,1,460,modular,7,i,img/target_8.png
18,1,461,modular,6,u,img/target_7.png
18,1,462,modular,9,q,img/target_1.png
18,1,463,modular,6,u,img/target_7.png
18,1,464,modular,7,i,img/target_8.png
18,1,465,modular,6,u,img/target_7.png
18,1,466,modular,8,w,img/target_2.png
18,1,467,modular,5,o,img/target_9.png
18,1,468,modular,8,w,img/target_2.png
18,1,469,modular,6,u,img/target_7.png
18,1,470,modular,7,i,img/target_8.png
18,1,471,modular,6,u,img/target_7.png
18,1,472,modular,8,w,img/target_2.png
18,1,473,modular,5,o,img/target_9.png
18,1,474,modular,4,p,img/target_10.png
18,1,475,modular,3,b,img/target_6.png
18,1,476,modular,4,p,img/target_10.png
18,1,477,modular,2,e,img/target_3.png
18,1,478,modular,1,v,img/target_5.png
18,1,479,modular,3,b,img/target_6.png
18,1,480,modular,4,p,img/target_10.png
18,1,481,modular,5,o,img/target_9.png
18,1,482,modular,8,w,img/target_2.png
18,1,483,modular,6,u,img/target_7.png
18,1,484,modular,8,w,img/target_2.png
18,1,485,modular,7,i,img/target_8.png
18,1,486,modular,8,w,img/target_2.png
18,1,487,modular,6,u,img/target_7.png
18,1,488,modular,8,w,img/target_2.png
18,1,489,modular,9,q,img/target_1.png
18,1,490,modular,0,r,img/target_4.png
18,1,491,modular,9,q,img/target_1.png
18,1,492,modular,7,i,img/target_8.png
18,1,493,modular,9,q,img/target_1.png
18,1,494,modular,0,r,img/target_4.png
18,1,495,modular,9,q,img/target_1.png
18,1,496,modular,6,u,img/target_7.png
18,1,497,modular,8,w,img/target_2.png
18,1,498,modular,6,u,img/target_7.png
18,1,499,modular,9,q,img/target_1.png
18,1,500,modular,6,u,img/target_7.png
18,1,501,modular,9,q,img/target_1.png
18,1,502,modular,7,i,img/target_8.png
18,1,503,modular,6,u,img/target_7.png
18,1,504,modular,9,q,img/target_1.png
18,1,505,modular,8,w,img/target_2.png
18,1,506,modular,6,u,img/target_7.png
18,1,507,modular,9,q,img/target_1.png
18,1,508,modular,0,r,img/target_4.png
18,1,509,modular,2,e,img/target_3.png
18,1,510,modular,0,r,img/target_4.png
18,1,511,modular,3,b,img/target_6.png
18,1,512,modular,2,e,img/target_3.png
18,1,513,modular,3,b,img/target_6.png
18,1,514,modular,2,e,img/target_3.png
18,1,515,modular,0,r,img/target_4.png
18,1,516,modular,3,b,img/target_6.png
18,1,517,modular,2,e,img/target_3.png
18,1,518,modular,0,r,img/target_4.png
18,1,519,modular,9,q,img/target_1.png
18,1,520,modular,7,i,img/target_8.png
18,1,521,modular,8,w,img/target_2.png
18,1,522,modular,6,u,img/target_7.png
18,1,523,modular,9,q,img/target_1.png
18,1,524,modular,8,w,img/target_2.png
18,1,525,modular,7,i,img/target_8.png
18,1,526,modular,6,u,img/target_7.png
18,1,527,modular,5,o,img/target_9.png
18,1,528,modular,6,u,img/target_7.png
18,1,529,modular,7,i,img/target_8.png
18,1,530,modular,6,u,img/target_7.png
18,1,531,modular,8,w,img/target_2.png
18,1,532,modular,5,o,img/target_9.png
18,1,533,modular,6,u,img/target_7.png
18,1,534,modular,7,i,img/target_8.png
18,1,535,modular,8,w,img/target_2.png
18,1,536,modular,7,i,img/target_8.png
18,1,537,modular,5,o,img/target_9.png
18,1,538,modular,4,p,img/target_10.png
18,1,539,modular,2,e,img/target_3.png
18,1,540,modular,4,p,img/target_10.png
18,1,541,modular,5,o,img/target_9.png
18,1,542,modular,8,w,img/target_2.png
18,1,543,modular,9,q,img/target_1.png
18,1,544,modular,7,i,img/target_8.png
18,1,545,modular,5,o,img/target_9.png
18,1,546,modular,4,p,img/target_10.png
18,1,547,modular,1,v,img/target_5.png
18,1,548,modular,4,p,img/target_10.png
18,1,549,modular,1,v,img/target_5.png
18,1,550,modular,4,p,img/target_10.png
18,1,551,modular,3,b,img/target_6.png
18,1,552,modular,1,v,img/target_5.png
18,1,553,modular,3,b,img/target_6.png
18,1,554,modular,0,r,img/target_4.png
18,1,555,modular,3,b,img/target_6.png
18,1,556,modular,1,v,img/target_5.png
18,1,557,modular,2,e,img/target_3.png
18,1,558,modular,1,v,img/target_5.png
18,1,559,modular,4,p,img/target_10.png
18,1,560,modular,3,b,img/target_6.png
18,1,561,modular,2,e,img/target_3.png
18,1,562,modular,1,v,img/target_5.png
18,1,563,modular,0,r,img/target_4.png
18,1,564,modular,3,b,img/target_6.png
18,1,565,modular,2,e,img/target_3.png
18,1,566,modular,0,r,img/target_4.png
18,1,567,modular,2,e,img/target_3.png
18,1,568,modular,3,b,img/target_6.png
18,1,569,modular,1,v,img/target_5.png
18,1,570,modular,0,r,img/target_4.png
18,1,571,modular,2,e,img/target_3.png
18,1,572,modular,3,b,img/target_6.png
18,1,573,modular,0,r,img/target_4.png
18,1,574,modular,9,q,img/target_1.png
18,1,575,modular,6,u,img/target_7.png
18,1,576,modular,7,i,img/target_8.png
18,1,577,modular,5,o,img/target_9.png
18,1,578,modular,7,i,img/target_8.png
18,1,579,modular,8,w,img/target_2.png
18,1,580,modular,9,q,img/target_1.png
18,1,581,modular,7,i,img/target_8.png
18,1,582,modular,9,q,img/target_1.png
18,1,583,modular,7,i,img/target_8.png
18,1,584,modular,5,o,img/target_9.png
18,1,585,modular,7,i,img/target_8.png
18,1,586,modular,8,w,img/target_2.png
18,1,587,modular,9,q,img/target_1.png
18,1,588,modular,6,u,img/target_7.png
18,1,589,modular,8,w,img/target_2.png
18,1,590,modular,9,q,img/target_1.png
18,1,591,modular,7,i,img/target_8.png
18,1,592,modular,8,w,img/target_2.png
18,1,593,modular,7,i,img/target_8.png
18,1,594,modular,6,u,img/target_7.png
18,1,595,modular,7,i,img/target_8.png
18,1,596,modular,5,o,img/target_9.png
18,1,597,modular,6,u,img/target_7.png
18,1,598,modular,5,o,img/target_9.png
18,1,599,modular,7,i,img/target_8.png
18,1,600,modular,5,o,img/target_9.png
18,1,601,modular,8,w,img/target_2.png
18,1,602,modular,7,i,img/target_8.png
18,1,603,modular,5,o,img/target_9.png
18,1,604,modular,4,p,img/target_10.png
18,1,605,modular,2,e,img/target_3.png
18,1,606,modular,4,p,img/target_10.png
18,1,607,modular,2,e,img/target_3.png
18,1,608,modular,3,b,img/target_6.png
18,1,609,modular,2,e,img/target_3.png
18,1,610,modular,3,b,img/target_6.png
18,1,611,modular,2,e,img/target_3.png
18,1,612,modular,1,v,img/target_5.png
18,1,613,modular,4,p,img/target_10.png
18,1,614,modular,3,b,img/target_6.png
18,1,615,modular,1,v,img/target_5.png
18,1,616,modular,0,r,img/target_4.png
18,1,617,modular,2,e,img/target_3.png
18,1,618,modular,4,p,img/target_10.png
18,1,619,modular,3,b,img/target_6.png
18,1,620,modular,2,e,img/target_3.png
18,1,621,modular,0,r,img/target_4.png
18,1,622,modular,3,b,img/target_6.png
18,1,623,modular,1,v,img/target_5.png
18,1,624,modular,0,r,img/target_4.png
18,1,625,modular,9,q,img/target_1.png
18,1,626,modular,8,w,img/target_2.png
18,1,627,modular,6,u,img/target_7.png
18,1,628,modular,9,q,img/target_1.png
18,1,629,modular,6,u,img/target_7.png
18,1,630,modular,7,i,img/target_8.png
18,1,631,modular,8,w,img/target_2.png
18,1,632,modular,5,o,img/target_9.png
18,1,633,modular,6,u,img/target_7.png
18,1,634,modular,8,w,img/target_2.png
18,1,635,modular,5,o,img/target_9.png
18,1,636,modular,6,u,img/target_7.png
18,1,637,modular,8,w,img/target_2.png
18,1,638,modular,5,o,img/target_9.png
18,1,639,modular,8,w,img/target_2.png
18,1,640,modular,9,q,img/target_1.png
18,1,641,modular,6,u,img/target_7.png
18,1,642,modular,7,i,img/target_8.png
18,1,643,modular,9,q,img/target_1.png
18,1,644,modular,0,r,img/target_4.png
18,1,645,modular,1,v,img/target_5.png
18,1,646,modular,4,p,img/target_10.png
18,1,647,modular,1,v,img/target_5.png
18,1,648,modular,4,p,img/target_10.png
18,1,649,modular,1,v,img/target_5.png
18,1,650,modular,3,b,img/target_6.png
18,1,651,modular,0,r,img/target_4.png
18,1,652,modular,3,b,img/target_6.png
18,1,653,modular,0,r,img/target_4.png
18,1,654,modular,3,b,img/target_6.png
18,1,655,modular,0,r,img/target_4.png
18,1,656,modular,3,b,img/target_6.png
18,1,657,modular,1,v,img/target_5.png
18,1,658,modular,2,e,img/target_3.png
18,1,659,modular,4,p,img/target_10.png
18,1,660,modular,2,e,img/target_3.png
18,1,661,modular,1,v,img/target_5.png
18,1,662,modular,2,e,img/target_3.png
18,1,663,modular,3,b,img/target_6.png
18,1,664,modular,0,r,img/target_4.png
18,1,665,modular,9,q,img/target_1.png
18,1,666,modular,0,r,img/target_4.png
18,1,667,modular,2,e,img/target_3.png
18,1,668,modular,4,p,img/target_10.png
18,1,669,modular,2,e,img/target_3.png
18,1,670,modular,1,v,img/target_5.png
18,1,671,modular,2,e,img/target_3.png
18,1,672,modular,1,v,img/target_5.png
18,1,673,modular,3,b,img/target_6.png
18,1,674,modular,2,e,img/target_3.png
18,1,675,modular,0,r,img/target_4.png
18,1,676,modular,1,v,img/target_5.png
18,1,677,modular,0,r,img/target_4.png
18,1,678,modular,1,v,img/target_5.png
18,1,679,modular,4,p,img/target_10.png
18,1,680,modular,3,b,img/target_6.png
18,1,681,modular,0,r,img/target_4.png
18,1,682,modular,3,b,img/target_6.png
18,1,683,modular,1,v,img/target_5.png
18,1,684,modular,0,r,img/target_4.png
18,1,685,modular,2,e,img/target_3.png
18,1,686,modular,3,b,img/target_6.png
18,1,687,modular,2,e,img/target_3.png
18,1,688,modular,1,v,img/target_5.png
18,1,689,modular,2,e,img/target_3.png
18,1,690,modular,0,r,img/target_4.png
18,1,691,modular,1,v,img/target_5.png
18,1,692,modular,0,r,img/target_4.png
18,1,693,modular,9,q,img/target_1.png
18,1,694,modular,0,r,img/target_4.png
18,1,695,modular,9,q,img/target_1.png
18,1,696,modular,0,r,img/target_4.png
18,1,697,modular,3,b,img/target_6.png
18,1,698,modular,2,e,img/target_3.png
18,1,699,modular,0,r,img/target_4.png
18,1,700,modular,2,e,img/target_3.png
18,1,701,modular,1,v,img/target_5.png
18,1,702,modular,2,e,img/target_3.png
18,1,703,modular,1,v,img/target_5.png
18,1,704,modular,3,b,img/target_6.png
18,1,705,modular,2,e,img/target_3.png
18,1,706,modular,0,r,img/target_4.png
18,1,707,modular,1,v,img/target_5.png
18,1,708,modular,0,r,img/target_4.png
18,1,709,modular,1,v,img/target_5.png
18,1,710,modular,2,e,img/target_3.png
18,1,711,modular,3,b,img/target_6.png
18,1,712,modular,2,e,img/target_3.png
18,1,713,modular,1,v,img/target_5.png
18,1,714,modular,0,r,img/target_4.png
18,1,715,modular,1,v,img/target_5.png
18,1,716,modular,4,p,img/target_10.png
18,1,717,modular,3,b,img/target_6.png
18,1,718,modular,2,e,img/target_3.png
18,1,719,modular,0,r,img/target_4.png
18,1,720,modular,3,b,img/target_6.png
18,1,721,modular,2,e,img/target_3.png
18,1,722,modular,1,v,img/target_5.png
18,1,723,modular,2,e,img/target_3.png
18,1,724,modular,4,p,img/target_10.png
18,1,725,modular,2,e,img/target_3.png
18,1,726,modular,0,r,img/target_4.png
18,1,727,modular,1,v,img/target_5.png
18,1,728,modular,4,p,img/target_10.png
18,1,729,modular,1,v,img/target_5.png
18,1,730,modular,4,p,img/target_10.png
18,1,731,modular,3,b,img/target_6.png
18,1,732,modular,4,p,img/target_10.png
18,1,733,modular,3,b,img/target_6.png
18,1,734,modular,0,r,img/target_4.png
18,1,735,modular,9,q,img/target_1.png
18,1,736,modular,7,i,img/target_8.png
18,1,737,modular,8,w,img/target_2.png
18,1,738,modular,5,o,img/target_9.png
18,1,739,modular,4,p,img/target_10.png
18,1,740,modular,2,e,img/target_3.png
18,1,741,modular,3,b,img/target_6.png
18,1,742,modular,2,e,img/target_3.png
18,1,743,modular,1,v,img/target_5.png
18,1,744,modular,4,p,img/target_10.png
18,1,745,modular,3,b,img/target_6.png
18,1,746,modular,1,v,img/target_5.png
18,1,747,modular,4,p,img/target_10.png
18,1,748,modular,2,e,img/target_3.png
18,1,749,modular,0,r,img/target_4.png
18,1,750,modular,3,b,img/target_6.png
18,1,751,modular,4,p,img/target_10.png
18,1,752,modular,1,v,img/target_5.png
18,1,753,modular,4,p,img/target_10.png
18,1,754,modular,5,o,img/target_9.png
18,1,755,modular,4,p,img/target_10.png
18,1,756,modular,5,o,img/target_9.png
18,1,757,modular,4,p,img/target_10.png
18,1,758,modular,3,b,img/target_6.png
18,1,759,modular,0,r,img/target_4.png
18,1,760,modular,9,q,img/target_1.png
18,1,761,modular,7,i,img/target_8.png
18,1,762,modular,5,o,img/target_9.png
18,1,763,modular,7,i,img/target_8.png
18,1,764,modular,8,w,img/target_2.png
18,1,765,modular,7,i,img/target_8.png
18,1,766,modular,6,u,img/target_7.png
18,1,767,modular,8,w,img/target_2.png
18,1,768,modular,7,i,img/target_8.png
18,1,769,modular,9,q,img/target_1.png
18,1,770,modular,7,i,img/target_8.png
18,1,771,modular,5,o,img/target_9.png
18,1,772,modular,4,p,img/target_10.png
18,1,773,modular,2,e,img/target_3.png
18,1,774,modular,1,v,img/target_5.png
18,1,775,modular,2,e,img/target_3.png
18,1,776,modular,1,v,img/target_5.png
18,1,777,modular,4,p,img/target_10.png
18,1,778,modular,2,e,img/target_3.png
18,1,779,modular,3,b,img/target_6.png
18,1,780,modular,2,e,img/target_3.png
18,1,781,modular,3,b,img/target_6.png
18,1,782,modular,4,p,img/target_10.png
18,1,783,modular,1,v,img/target_5.png
18,1,784,modular,3,b,img/target_6.png
18,1,785,modular,4,p,img/target_10.png
18,1,786,modular,5,o,img/target_9.png
18,1,787,modular,6,u,img/target_7.png
18,1,788,modular,7,i,img/target_8.png
18,1,789,modular,6,u,img/target_7.png
18,1,790,modular,9,q,img/target_1.png
18,1,791,modular,6,u,img/target_7.png
18,1,792,modular,8,w,img/target_2.png
18,1,793,modular,6,u,img/target_7.png
18,1,794,modular,9,q,img/target_1.png
18,1,795,modular,6,u,img/target_7.png
18,1,796,modular,7,i,img/target_8.png
18,1,797,modular,9,q,img/target_1.png
18,1,798,modular,6,u,img/target_7.png
18,1,799,modular,9,q,img/target_1.png
18,1,800,modular,0,r,img/target_4.png
18,1,801,modular,9,q,img/target_1.png
18,1,802,modular,0,r,img/target_4.png
18,1,803,modular,9,q,img/target_1.png
18,1,804,modular,8,w,img/target_2.png
18,1,805,modular,7,i,img/target_8.png
18,1,806,modular,9,q,img/target_1.png
18,1,807,modular,0,r,img/target_4.png
18,1,808,modular,1,v,img/target_5.png
18,1,809,modular,0,r,img/target_4.png
18,1,810,modular,1,v,img/target_5.png
18,1,811,modular,2,e,img/target_3.png
18,1,812,modular,1,v,img/target_5.png
18,1,813,modular,4,p,img/target_10.png
18,1,814,modular,1,v,img/target_5.png
18,1,815,modular,2,e,img/target_3.png
18,1,816,modular,4,p,img/target_10.png
18,1,817,modular,5,o,img/target_9.png
18,1,818,modular,4,p,img/target_10.png
18,1,819,modular,1,v,img/target_5.png
18,1,820,modular,2,e,img/target_3.png
18,1,821,modular,0,r,img/target_4.png
18,1,822,modular,9,q,img/target_1.png
18,1,823,modular,6,u,img/target_7.png
18,1,824,modular,9,q,img/target_1.png
18,1,825,modular,0,r,img/target_4.png
18,1,826,modular,2,e,img/target_3.png
18,1,827,modular,0,r,img/target_4.png
18,1,828,modular,3,b,img/target_6.png
18,1,829,modular,0,r,img/target_4.png
18,1,830,modular,2,e,img/target_3.png
18,1,831,modular,3,b,img/target_6.png
18,1,832,modular,1,v,img/target_5.png
18,1,833,modular,0,r,img/target_4.png
18,1,834,modular,9,q,img/target_1.png
18,1,835,modular,7,i,img/target_8.png
18,1,836,modular,9,q,img/target_1.png
18,1,837,modular,6,u,img/target_7.png
18,1,838,modular,9,q,img/target_1.png
18,1,839,modular,7,i,img/target_8.png
18,1,840,modular,9,q,img/target_1.png
18,1,841,modular,6,u,img/target_7.png
18,1,842,modular,8,w,img/target_2.png
18,1,843,modular,5,o,img/target_9.png
18,1,844,modular,6,u,img/target_7.png
18,1,845,modular,8,w,img/target_2.png
18,1,846,modular,9,q,img/target_1.png
18,1,847,modular,8,w,img/target_2.png
18,1,848,modular,7,i,img/target_8.png
18,1,849,modular,6,u,img/target_7.png
18,1,850,modular,9,q,img/target_1.png
18,1,851,modular,0,r,img/target_4.png
18,1,852,modular,1,v,img/target_5.png
18,1,853,modular,0,r,img/target_4.png
18,1,854,modular,2,e,img/target_3.png
18,1,855,modular,4,p,img/target_10.png
18,1,856,modular,2,e,img/target_3.png
18,1,857,modular,3,b,img/target_6.png
18,1,858,modular,4,p,img/target_10.png
18,1,859,modular,5,o,img/target_9.png
18,1,860,modular,8,w,img/target_2.png
18,1,861,modular,5,o,img/target_9.png
18,1,862,modular,8,w,img/target_2.png
18,1,863,modular,5,o,img/target_9.png
18,1,864,modular,6,u,img/target_7.png
18,1,865,modular,5,o,img/target_9.png
18,1,866,modular,7,i,img/target_8.png
18,1,867,modular,8,w,img/target_2.png
18,1,868,modular,6,u,img/target_7.png
18,1,869,modular,5,o,img/target_9.png
18,1,870,modular,7,i,img/target_8.png
18,1,871,modular,6,u,img/target_7.png
18,1,872,modular,8,w,img/target_2.png
18,1,873,modular,9,q,img/target_1.png
18,1,874,modular,6,u,img/target_7.png
18,1,875,modular,5,o,img/target_9.png
18,1,876,modular,4,p,img/target_10.png
18,1,877,modular,2,e,img/target_3.png
18,1,878,modular,0,r,img/target_4.png
18,1,879,modular,2,e,img/target_3.png
18,1,880,modular,0,r,img/target_4.png
18,1,881,modular,1,v,img/target_5.png
18,1,882,modular,4,p,img/target_10.png
18,1,883,modular,2,e,img/target_3.png
18,1,884,modular,1,v,img/target_5.png
18,1,885,modular,0,r,img/target_4.png
18,1,886,modular,1,v,img/target_5.png
18,1,887,modular,3,b,img/target_6.png
18,1,888,modular,1,v,img/target_5.png
18,1,889,modular,3,b,img/target_6.png
18,1,890,modular,2,e,img/target_3.png
18,1,891,modular,3,b,img/target_6.png
18,1,892,modular,0,r,img/target_4.png
18,1,893,modular,3,b,img/target_6.png
18,1,894,modular,1,v,img/target_5.png
18,1,895,modular,3,b,img/target_6.png
18,1,896,modular,4,p,img/target_10.png
18,1,897,modular,2,e,img/target_3.png
18,1,898,modular,1,v,img/target_5.png
18,1,899,modular,3,b,img/target_6.png
18,1,900,modular,1,v,img/target_5.png
18,1,901,modular,0,r,img/target_4.png
18,1,902,modular,3,b,img/target_6.png
18,1,903,modular,1,v,img/target_5.png
18,1,904,modular,3,b,img/target_6.png
18,1,905,modular,4,p,img/target_10.png
18,1,906,modular,1,v,img/target_5.png
18,1,907,modular,0,r,img/target_4.png
18,1,908,modular,2,e,img/target_3.png
18,1,909,modular,0,r,img/target_4.png
18,1,910,modular,9,q,img/target_1.png
18,1,911,modular,8,w,img/target_2.png
18,1,912,modular,7,i,img/target_8.png
18,1,913,modular,8,w,img/target_2.png
18,1,914,modular,9,q,img/target_1.png
18,1,915,modular,0,r,img/target_4.png
18,1,916,modular,1,v,img/target_5.png
18,1,917,modular,3,b,img/target_6.png
18,1,918,modular,0,r,img/target_4.png
18,1,919,modular,2,e,img/target_3.png
18,1,920,modular,1,v,img/target_5.png
18,1,921,modular,2,e,img/target_3.png
18,1,922,modular,3,b,img/target_6.png
18,1,923,modular,1,v,img/target_5.png
18,1,924,modular,2,e,img/target_3.png
18,1,925,modular,0,r,img/target_4.png
18,1,926,modular,1,v,img/target_5.png
18,1,927,modular,2,e,img/target_3.png
18,1,928,modular,0,r,img/target_4.png
18,1,929,modular,3,b,img/target_6.png
18,1,930,modular,1,v,img/target_5.png
18,1,931,modular,2,e,img/target_3.png
18,1,932,modular,0,r,img/target_4.png
18,1,933,modular,9,q,img/target_1.png
18,1,934,modular,0,r,img/target_4.png
18,1,935,modular,9,q,img/target_1.png
18,1,936,modular,7,i,img/target_8.png
18,1,937,modular,9,q,img/target_1.png
18,1,938,modular,8,w,img/target_2.png
18,1,939,modular,7,i,img/target_8.png
18,1,940,modular,9,q,img/target_1.png
18,1,941,modular,6,u,img/target_7.png
18,1,942,modular,8,w,img/target_2.png
18,1,943,modular,9,q,img/target_1.png
18,1,944,modular,6,u,img/target_7.png
18,1,945,modular,8,w,img/target_2.png
18,1,946,modular,5,o,img/target_9.png
18,1,947,modular,6,u,img/target_7.png
18,1,948,modular,9,q,img/target_1.png
18,1,949,modular,6,u,img/target_7.png
18,1,950,modular,7,i,img/target_8.png
18,1,951,modular,9,q,img/target_1.png
18,1,952,modular,6,u,img/target_7.png
18,1,953,modular,5,o,img/target_9.png
18,1,954,modular,8,w,img/target_2.png
18,1,955,modular,7,i,img/target_8.png
18,1,956,modular,8,w,img/target_2.png
18,1,957,modular,9,q,img/target_1.png
18,1,958,modular,7,i,img/target_8.png
18,1,959,modular,5,o,img/target_9.png
18,1,960,modular,6,u,img/target_7.png
18,1,961,modular,5,o,img/target_9.png
18,1,962,modular,6,u,img/target_7.png
18,1,963,modular,5,o,img/target_9.png
18,1,964,modular,4,p,img/target_10.png
18,1,965,modular,2,e,img/target_3.png
18,1,966,modular,1,v,img/target_5.png
18,1,967,modular,3,b,img/target_6.png
18,1,968,modular,4,p,img/target_10.png
18,1,969,modular,5,o,img/target_9.png
18,1,970,modular,4,p,img/target_10.png
18,1,971,modular,1,v,img/target_5.png
18,1,972,modular,0,r,img/target_4.png
18,1,973,modular,9,q,img/target_1.png
18,1,974,modular,6,u,img/target_7.png
18,1,975,modular,7,i,img/target_8.png
18,1,976,modular,6,u,img/target_7.png
18,1,977,modular,9,q,img/target_1.png
18,1,978,modular,8,w,img/target_2.png
18,1,979,modular,6,u,img/target_7.png
18,1,980,modular,7,i,img/target_8.png
18,1,981,modular,6,u,img/target_7.png
18,1,982,modular,9,q,img/target_1.png
18,1,983,modular,7,i,img/target_8.png
18,1,984,modular,8,w,img/target_2.png
18,1,985,modular,6,u,img/target_7.png
18,1,986,modular,8,w,img/target_2.png
18,1,987,modular,9,q,img/target_1.png
18,1,988,modular,0,r,img/target_4.png
18,1,989,modular,1,v,img/target_5.png
18,1,990,modular,0,r,img/target_4.png
18,1,991,modular,9,q,img/target_1.png
18,1,992,modular,0,r,img/target_4.png
18,1,993,modular,2,e,img/target_3.png
18,1,994,modular,4,p,img/target_10.png
18,1,995,modular,5,o,img/target_9.png
18,1,996,modular,8,w,img/target_2.png
18,1,997,modular,6,u,img/target_7.png
18,1,998,modular,8,w,img/target_2.png
18,1,999,modular,5,o,img/target_9.png
18,1,1000,modular,6,u,img/target_7.png
