pID,sess,trialNum,graph,walk,resp,path
18,2,1,modular,9,q,img/target_1.png
18,2,2,modular,8,w,img/target_2.png
18,2,3,modular,6,u,img/target_7.png
18,2,4,modular,9,q,img/target_1.png
18,2,5,modular,6,u,img/target_7.png
18,2,6,modular,7,i,img/target_8.png
18,2,7,modular,8,w,img/target_2.png
18,2,8,modular,9,q,img/target_1.png
18,2,9,modular,6,u,img/target_7.png
18,2,10,modular,9,q,img/target_1.png
18,2,11,modular,6,u,img/target_7.png
18,2,12,modular,9,q,img/target_1.png
18,2,13,modular,7,i,img/target_8.png
18,2,14,modular,9,q,img/target_1.png
18,2,15,modular,6,u,img/target_7.png
18,2,16,modular,9,q,img/target_1.png
18,2,17,modular,8,w,img/target_2.png
18,2,18,modular,9,q,img/target_1.png
18,2,19,modular,7,i,img/target_8.png
18,2,20,modular,8,w,img/target_2.png
18,2,21,modular,6,u,img/target_7.png
18,2,22,modular,7,i,img/target_8.png
18,2,23,modular,9,q,img/target_1.png
18,2,24,modular,6,u,img/target_7.png
18,2,25,modular,9,q,img/target_1.png
18,2,26,modular,0,r,img/target_4.png
18,2,27,modular,1,v,img/target_5.png
18,2,28,modular,3,b,img/target_6.png
18,2,29,modular,2,e,img/target_3.png
18,2,30,modular,4,p,img/target_10.png
18,2,31,modular,2,e,img/target_3.png
18,2,32,modular,1,v,img/target_5.png
18,2,33,modular,2,e,img/target_3.png
18,2,34,modular,0,r,img/target_4.png
18,2,35,modular,2,e,img/target_3.png
18,2,36,modular,3,b,img/target_6.png
18,2,37,modular,0,r,img/target_4.png
18,2,38,modular,3,b,img/target_6.png
18,2,39,modular,4,p,img/target_10.png
18,2,40,modular,2,e,img/target_3.png
18,2,41,modular,0,r,img/target_4.png
18,2,42,modular,9,q,img/target_1.png
18,2,43,modular,8,w,img/target_2.png
18,2,44,modular,9,q,img/target_1.png
18,2,45,modular,7,i,img/target_8.png
18,2,46,modular,8,w,img/target_2.png
18,2,47,modular,9,q,img/target_1.png
18,2,48,modular,0,r,img/target_4.png
18,2,49,modular,2,e,img/target_3.png
18,2,50,modular,0,r,img/target_4.png
18,2,51,modular,1,v,img/target_5.png
18,2,52,modular,2,e,img/target_3.png
18,2,53,modular,1,v,img/target_5.png
18,2,54,modular,0,r,img/target_4.png
18,2,55,modular,3,b,img/target_6.png
18,2,56,modular,2,e,img/target_3.png
18,2,57,modular,0,r,img/target_4.png
18,2,58,modular,9,q,img/target_1.png
18,2,59,modular,8,w,img/target_2.png
18,2,60,modular,7,i,img/target_8.png
18,2,61,modular,9,q,img/target_1.png
18,2,62,modular,0,r,img/target_4.png
18,2,63,modular,9,q,img/target_1.png
18,2,64,modular,8,w,img/target_2.png
18,2,65,modular,7,i,img/target_8.png
18,2,66,modular,5,o,img/target_9.png
18,2,67,modular,7,i,img/target_8.png
18,2,68,modular,8,w,img/target_2.png
18,2,69,modular,6,u,img/target_7.png
18,2,70,modular,8,w,img/target_2.png
18,2,71,modular,5,o,img/target_9.png
18,2,72,modular,7,i,img/target_8.png
18,2,73,modular,5,o,img/target_9.png
18,2,74,modular,8,w,img/target_2.png
18,2,75,modular,7,i,img/target_8.png
18,2,76,modular,6,u,img/target_7.png
18,2,77,modular,9,q,img/target_1.png
18,2,78,modular,6,u,img/target_7.png
18,2,79,modular,7,i,img/target_8.png
18,2,80,modular,5,o,img/target_9.png
18,2,81,modular,8,w,img/target_2.png
18,2,82,modular,9,q,img/target_1.png
18,2,83,modular,8,w,img/target_2.png
18,2,84,modular,7,i,img/target_8.png
18,2,85,modular,5,o,img/target_9.png
18,2,86,modular,8,w,img/target_2.png
18,2,87,modular,7,i,img/target_8.png
18,2,88,modular,9,q,img/target_1.png
18,2,89,modular,7,i,img/target_8.png
18,2,90,modular,9,q,img/target_1.png
18,2,91,modular,8,w,img/target_2.png
18,2,92,modular,5,o,img/target_9.png
18,2,93,modular,7,i,img/target_8.png
18,2,94,modular,9,q,img/target_1.png
18,2,95,modular,0,r,img/target_4.png
18,2,96,modular,3,b,img/target_6.png
18,2,97,modular,1,v,img/target_5.png
18,2,98,modular,2,e,img/target_3.png
18,2,99,modular,3,b,img/target_6.png
18,2,100,modular,2,e,img/target_3.png
18,2,101,modular,3,b,img/target_6.png
18,2,102,modular,2,e,img/target_3.png
18,2,103,modular,4,p,img/target_10.png
18,2,104,modular,1,v,img/target_5.png
18,2,105,modular,2,e,img/target_3.png
18,2,106,modular,1,v,img/target_5.png
18,2,107,modular,4,p,img/target_10.png
18,2,108,modular,3,b,img/target_6.png
18,2,109,modular,4,p,img/target_10.png
18,2,110,modular,2,e,img/target_3.png
18,2,111,modular,4,p,img/target_10.png
18,2,112,modular,3,b,img/target_6.png
18,2,113,modular,0,r,img/target_4.png
18,2,114,modular,2,e,img/target_3.png
18,2,115,modular,1,v,img/target_5.png
18,2,116,modular,2,e,img/target_3.png
18,2,117,modular,3,b,img/target_6.png
18,2,118,modular,4,p,img/target_10.png
18,2,119,modular,3,b,img/target_6.png
18,2,120,modular,0,r,img/target_4.png
18,2,121,modular,1,v,img/target_5.png
18,2,122,modular,2,e,img/target_3.png
18,2,123,modular,0,r,img/target_4.png
18,2,124,modular,9,q,img/target_1.png
18,2,125,modular,0,r,img/target_4.png
18,2,126,modular,9,q,img/target_1.png
18,2,127,modular,8,w,img/target_2.png
18,2,128,modular,6,u,img/target_7.png
18,2,129,modular,8,w,img/target_2.png
18,2,130,modular,5,o,img/target_9.png
18,2,131,modular,6,u,img/target_7.png
18,2,132,modular,5,o,img/target_9.png
18,2,133,modular,6,u,img/target_7.png
18,2,134,modular,8,w,img/target_2.png
18,2,135,modular,7,i,img/target_8.png
18,2,136,modular,9,q,img/target_1.png
18,2,137,modular,6,u,img/target_7.png
18,2,138,modular,5,o,img/target_9.png
18,2,139,modular,8,w,img/target_2.png
18,2,140,modular,6,u,img/target_7.png
18,2,141,modular,7,i,img/target_8.png
18,2,142,modular,9,q,img/target_1.png
18,2,143,modular,0,r,img/target_4.png
18,2,144,modular,9,q,img/target_1.png
18,2,145,modular,7,i,img/target_8.png
18,2,146,modular,9,q,img/target_1.png
18,2,147,modular,0,r,img/target_4.png
18,2,148,modular,9,q,img/target_1.png
18,2,149,modular,0,r,img/target_4.png
18,2,150,modular,2,e,img/target_3.png
18,2,151,modular,4,p,img/target_10.png
18,2,152,modular,2,e,img/target_3.png
18,2,153,modular,3,b,img/target_6.png
18,2,154,modular,0,r,img/target_4.png
18,2,155,modular,1,v,img/target_5.png
18,2,156,modular,0,r,img/target_4.png
18,2,157,modular,9,q,img/target_1.png
18,2,158,modular,0,r,img/target_4.png
18,2,159,modular,1,v,img/target_5.png
18,2,160,modular,4,p,img/target_10.png
18,2,161,modular,5,o,img/target_9.png
18,2,162,modular,8,w,img/target_2.png
18,2,163,modular,6,u,img/target_7.png
18,2,164,modular,8,w,img/target_2.png
18,2,165,modular,7,i,img/target_8.png
18,2,166,modular,6,u,img/target_7.png
18,2,167,modular,5,o,img/target_9.png
18,2,168,modular,8,w,img/target_2.png
18,2,169,modular,9,q,img/target_1.png
18,2,170,modular,8,w,img/target_2.png
18,2,171,modular,7,i,img/target_8.png
18,2,172,modular,6,u,img/target_7.png
18,2,173,modular,9,q,img/target_1.png
18,2,174,modular,0,r,img/target_4.png
18,2,175,modular,9,q,img/target_1.png
18,2,176,modular,6,u,img/target_7.png
18,2,177,modular,5,o,img/target_9.png
18,2,178,modular,8,w,img/target_2.png
18,2,179,modular,6,u,img/target_7.png
18,2,180,modular,5,o,img/target_9.png
18,2,181,modular,6,u,img/target_7.png
18,2,182,modular,8,w,img/target_2.png
18,2,183,modular,7,i,img/target_8.png
18,2,184,modular,6,u,img/target_7.png
18,2,185,modular,9,q,img/target_1.png
18,2,186,modular,0,r,img/target_4.png
18,2,187,modular,2,e,img/target_3.png
18,2,188,modular,0,r,img/target_4.png
18,2,189,modular,1,v,img/target_5.png
18,2,190,modular,2,e,img/target_3.png
18,2,191,modular,1,v,img/target_5.png
18,2,192,modular,0,r,img/target_4.png
18,2,193,modular,3,b,img/target_6.png
18,2,194,modular,1,v,img/target_5.png
18,2,195,modular,0,r,img/target_4.png
18,2,196,modular,9,q,img/target_1.png
18,2,197,modular,6,u,img/target_7.png
18,2,198,modular,7,i,img/target_8.png
18,2,199,modular,8,w,img/target_2.png
18,2,200,modular,9,q,img/target_1.png
18,2,201,modular,7,i,img/target_8.png
18,2,202,modular,5,o,img/target_9.png
18,2,203,modular,4,p,img/target_10.png
18,2,204,modular,3,b,img/target_6.png
18,2,205,modular,0,r,img/target_4.png
18,2,206,modular,9,q,img/target_1.png
18,2,207,modular,8,w,img/target_2.png
18,2,208,modular,6,u,img/target_7.png
18,2,209,modular,7,i,img/target_8.png
18,2,210,modular,5,o,img/target_9.png
18,2,211,modular,4,p,img/target_10.png
18,2,212,modular,5,o,img/target_9.png
18,2,213,modular,6,u,img/target_7.png
18,2,214,modular,5,o,img/target_9.png
18,2,215,modular,8,w,img/target_2.png
18,2,216,modular,5,o,img/target_9.png
18,2,217,modular,8,w,img/target_2.png
18,2,218,modular,6,u,img/target_7.png
18,2,219,modular,5,o,img/target_9.png
18,2,220,modular,7,i,img/target_8.png
18,2,221,modular,8,w,img/target_2.png
18,2,222,modular,5,o,img/target_9.png
18,2,223,modular,4,p,img/target_10.png
18,2,224,modular,1,v,img/target_5.png
18,2,225,modular,2,e,img/target_3.png
18,2,226,modular,4,p,img/target_10.png
18,2,227,modular,2,e,img/target_3.png
18,2,228,modular,3,b,img/target_6.png
18,2,229,modular,0,r,img/target_4.png
18,2,230,modular,3,b,img/target_6.png
18,2,231,modular,1,v,img/target_5.png
18,2,232,modular,3,b,img/target_6.png
18,2,233,modular,2,e,img/target_3.png
18,2,234,modular,3,b,img/target_6.png
18,2,235,modular,2,e,img/target_3.png
18,2,236,modular,3,b,img/target_6.png
18,2,237,modular,2,e,img/target_3.png
18,2,238,modular,0,r,img/target_4.png
18,2,239,modular,3,b,img/target_6.png
18,2,240,modular,2,e,img/target_3.png
18,2,241,modular,0,r,img/target_4.png
18,2,242,modular,3,b,img/target_6.png
18,2,243,modular,2,e,img/target_3.png
18,2,244,modular,4,p,img/target_10.png
18,2,245,modular,5,o,img/target_9.png
18,2,246,modular,4,p,img/target_10.png
18,2,247,modular,1,v,img/target_5.png
18,2,248,modular,3,b,img/target_6.png
18,2,249,modular,1,v,img/target_5.png
18,2,250,modular,0,r,img/target_4.png
18,2,251,modular,1,v,img/target_5.png
18,2,252,modular,0,r,img/target_4.png
18,2,253,modular,1,v,img/target_5.png
18,2,254,modular,2,e,img/target_3.png
18,2,255,modular,4,p,img/target_10.png
18,2,256,modular,2,e,img/target_3.png
18,2,257,modular,0,r,img/target_4.png
18,2,258,modular,1,v,img/target_5.png
18,2,259,modular,0,r,img/target_4.png
18,2,260,modular,9,q,img/target_1.png
18,2,261,modular,7,i,img/target_8.png
18,2,262,modular,5,o,img/target_9.png
18,2,263,modular,8,w,img/target_2.png
18,2,264,modular,6,u,img/target_7.png
18,2,265,modular,7,i,img/target_8.png
18,2,266,modular,9,q,img/target_1.png
18,2,267,modular,8,w,img/target_2.png
18,2,268,modular,5,o,img/target_9.png
18,2,269,modular,7,i,img/target_8.png
18,2,270,modular,5,o,img/target_9.png
18,2,271,modular,8,w,img/target_2.png
18,2,272,modular,6,u,img/target_7.png
18,2,273,modular,8,w,img/target_2.png
18,2,274,modular,9,q,img/target_1.png
18,2,275,modular,0,r,img/target_4.png
18,2,276,modular,1,v,img/target_5.png
18,2,277,modular,2,e,img/target_3.png
18,2,278,modular,0,r,img/target_4.png
18,2,279,modular,9,q,img/target_1.png
18,2,280,modular,0,r,img/target_4.png
18,2,281,modular,2,e,img/target_3.png
18,2,282,modular,3,b,img/target_6.png
18,2,283,modular,4,p,img/target_10.png
18,2,284,modular,2,e,img/target_3.png
18,2,285,modular,3,b,img/target_6.png
18,2,286,modular,4,p,img/target_10.png
18,2,287,modular,3,b,img/target_6.png
18,2,288,modular,2,e,img/target_3.png
18,2,289,modular,3,b,img/target_6.png
18,2,290,modular,1,v,img/target_5.png
18,2,291,modular,3,b,img/target_6.png
18,2,292,modular,0,r,img/target_4.png
18,2,293,modular,2,e,img/target_3.png
18,2,294,modular,1,v,img/target_5.png
18,2,295,modular,3,b,img/target_6.png
18,2,296,modular,2,e,img/target_3.png
18,2,297,modular,3,b,img/target_6.png
18,2,298,modular,4,p,img/target_10.png
18,2,299,modular,2,e,img/target_3.png
18,2,300,modular,3,b,img/target_6.png
18,2,301,modular,0,r,img/target_4.png
18,2,302,modular,2,e,img/target_3.png
18,2,303,modular,4,p,img/target_10.png
18,2,304,modular,5,o,img/target_9.png
18,2,305,modular,8,w,img/target_2.png
18,2,306,modular,7,i,img/target_8.png
18,2,307,modular,5,o,img/target_9.png
18,2,308,modular,8,w,img/target_2.png
18,2,309,modular,6,u,img/target_7.png
18,2,310,modular,7,i,img/target_8.png
18,2,311,modular,8,w,img/target_2.png
18,2,312,modular,5,o,img/target_9.png
18,2,313,modular,8,w,img/target_2.png
18,2,314,modular,7,i,img/target_8.png
18,2,315,modular,6,u,img/target_7.png
18,2,316,modular,5,o,img/target_9.png
18,2,317,modular,4,p,img/target_10.png
18,2,318,modular,5,o,img/target_9.png
18,2,319,modular,7,i,img/target_8.png
18,2,320,modular,8,w,img/target_2.png
18,2,321,modular,6,u,img/target_7.png
18,2,322,modular,7,i,img/target_8.png
18,2,323,modular,8,w,img/target_2.png
18,2,324,modular,9,q,img/target_1.png
18,2,325,modular,7,i,img/target_8.png
18,2,326,modular,6,u,img/target_7.png
18,2,327,modular,9,q,img/target_1.png
18,2,328,modular,6,u,img/target_7.png
18,2,329,modular,9,q,img/target_1.png
18,2,330,modular,6,u,img/target_7.png
18,2,331,modular,7,i,img/target_8.png
18,2,332,modular,6,u,img/target_7.png
18,2,333,modular,5,o,img/target_9.png
18,2,334,modular,8,w,img/target_2.png
18,2,335,modular,6,u,img/target_7.png
18,2,336,modular,7,i,img/target_8.png
18,2,337,modular,8,w,img/target_2.png
18,2,338,modular,7,i,img/target_8.png
18,2,339,modular,8,w,img/target_2.png
18,2,340,modular,5,o,img/target_9.png
18,2,341,modular,6,u,img/target_7.png
18,2,342,modular,5,o,img/target_9.png
18,2,343,modular,4,p,img/target_10.png
18,2,344,modular,3,b,img/target_6.png
18,2,345,modular,1,v,img/target_5.png
18,2,346,modular,2,e,img/target_3.png
18,2,347,modular,4,p,img/target_10.png
18,2,348,modular,3,b,img/target_6.png
18,2,349,modular,4,p,img/target_10.png
18,2,350,modular,2,e,img/target_3.png
18,2,351,modular,4,p,img/target_10.png
18,2,352,modular,1,v,img/target_5.png
18,2,353,modular,0,r,img/target_4.png
18,2,354,modular,1,v,img/target_5.png
18,2,355,modular,0,r,img/target_4.png
18,2,356,modular,1,v,img/target_5.png
18,2,357,modular,2,e,img/target_3.png
18,2,358,modular,1,v,img/target_5.png
18,2,359,modular,4,p,img/target_10.png
18,2,360,modular,2,e,img/target_3.png
18,2,361,modular,1,v,img/target_5.png
18,2,362,modular,0,r,img/target_4.png
18,2,363,modular,9,q,img/target_1.png
18,2,364,modular,8,w,img/target_2.png
18,2,365,modular,7,i,img/target_8.png
18,2,366,modular,9,q,img/target_1.png
18,2,367,modular,8,w,img/target_2.png
18,2,368,modular,6,u,img/target_7.png
18,2,369,modular,9,q,img/target_1.png
18,2,370,modular,0,r,img/target_4.png
18,2,371,modular,1,v,img/target_5.png
18,2,372,modular,4,p,img/target_10.png
18,2,373,modular,5,o,img/target_9.png
18,2,374,modular,4,p,img/target_10.png
18,2,375,modular,5,o,img/target_9.png
18,2,376,modular,8,w,img/target_2.png
18,2,377,modular,6,u,img/target_7.png
18,2,378,modular,7,i,img/target_8.png
18,2,379,modular,5,o,img/target_9.png
18,2,380,modular,4,p,img/target_10.png
18,2,381,modular,1,v,img/target_5.png
18,2,382,modular,0,r,img/target_4.png
18,2,383,modular,2,e,img/target_3.png
18,2,384,modular,1,v,img/target_5.png
18,2,385,modular,4,p,img/target_10.png
18,2,386,modular,1,v,img/target_5.png
18,2,387,modular,2,e,img/target_3.png
18,2,388,modular,3,b,img/target_6.png
18,2,389,modular,4,p,img/target_10.png
18,2,390,modular,1,v,img/target_5.png
18,2,391,modular,3,b,img/target_6.png
18,2,392,modular,4,p,img/target_10.png
18,2,393,modular,1,v,img/target_5.png
18,2,394,modular,3,b,img/target_6.png
18,2,395,modular,4,p,img/target_10.png
18,2,396,modular,2,e,img/target_3.png
18,2,397,modular,3,b,img/target_6.png
18,2,398,modular,2,e,img/target_3.png
18,2,399,modular,3,b,img/target_6.png
18,2,400,modular,0,r,img/target_4.png
18,2,401,modular,9,q,img/target_1.png
18,2,402,modular,0,r,img/target_4.png
18,2,403,modular,9,q,img/target_1.png
18,2,404,modular,0,r,img/target_4.png
18,2,405,modular,2,e,img/target_3.png
18,2,406,modular,1,v,img/target_5.png
18,2,407,modular,3,b,img/target_6.png
18,2,408,modular,4,p,img/target_10.png
18,2,409,modular,2,e,img/target_3.png
18,2,410,modular,4,p,img/target_10.png
18,2,411,modular,1,v,img/target_5.png
18,2,412,modular,4,p,img/target_10.png
18,2,413,modular,3,b,img/target_6.png
18,2,414,modular,0,r,img/target_4.png
18,2,415,modular,9,q,img/target_1.png
18,2,416,modular,6,u,img/target_7.png
18,2,417,modular,7,i,img/target_8.png
18,2,418,modular,8,w,img/target_2.png
18,2,419,modular,9,q,img/target_1.png
18,2,420,modular,0,r,img/target_4.png
18,2,421,modular,1,v,img/target_5.png
18,2,422,modular,4,p,img/target_10.png
18,2,423,modular,2,e,img/target_3.png
18,2,424,modular,4,p,img/target_10.png
18,2,425,modular,5,o,img/target_9.png
18,2,426,modular,7,i,img/target_8.png
18,2,427,modular,5,o,img/target_9.png
18,2,428,modular,4,p,img/target_10.png
18,2,429,modular,1,v,img/target_5.png
18,2,430,modular,3,b,img/target_6.png
18,2,431,modular,1,v,img/target_5.png
18,2,432,modular,4,p,img/target_10.png
18,2,433,modular,1,v,img/target_5.png
18,2,434,modular,3,b,img/target_6.png
18,2,435,modular,2,e,img/target_3.png
18,2,436,modular,1,v,img/target_5.png
18,2,437,modular,4,p,img/target_10.png
18,2,438,modular,1,v,img/target_5.png
18,2,439,modular,2,e,img/target_3.png
18,2,440,modular,3,b,img/target_6.png
18,2,441,modular,2,e,img/target_3.png
18,2,442,modular,3,b,img/target_6.png
18,2,443,modular,1,v,img/target_5.png
18,2,444,modular,0,r,img/target_4.png
18,2,445,modular,2,e,img/target_3.png
18,2,446,modular,3,b,img/target_6.png
18,2,447,modular,4,p,img/target_10.png
18,2,448,modular,2,e,img/target_3.png
18,2,449,modular,4,p,img/target_10.png
18,2,450,modular,2,e,img/target_3.png
18,2,451,modular,1,v,img/target_5.png
18,2,452,modular,2,e,img/target_3.png
18,2,453,modular,3,b,img/target_6.png
18,2,454,modular,4,p,img/target_10.png
18,2,455,modular,5,o,img/target_9.png
18,2,456,modular,4,p,img/target_10.png
18,2,457,modular,3,b,img/target_6.png
18,2,458,modular,1,v,img/target_5.png
18,2,459,modular,2,e,img/target_3.png
18,2,460,modular,1,v,img/target_5.png
18,2,461,modular,2,e,img/target_3.png
18,2,462,modular,3,b,img/target_6.png
18,2,463,modular,0,r,img/target_4.png
18,2,464,modular,2,e,img/target_3.png
18,2,465,modular,3,b,img/target_6.png
18,2,466,modular,1,v,img/target_5.png
18,2,467,modular,3,b,img/target_6.png
18,2,468,modular,1,v,img/target_5.png
18,2,469,modular,4,p,img/target_10.png
18,2,470,modular,3,b,img/target_6.png
18,2,471,modular,4,p,img/target_10.png
18,2,472,modular,2,e,img/target_3.png
18,2,473,modular,3,b,img/target_6.png
18,2,474,modular,4,p,img/target_10.png
18,2,475,modular,5,o,img/target_9.png
18,2,476,modular,4,p,img/target_10.png
18,2,477,modular,5,o,img/target_9.png
18,2,478,modular,7,i,img/target_8.png
18,2,479,modular,9,q,img/target_1.png
18,2,480,modular,8,w,img/target_2.png
18,2,481,modular,5,o,img/target_9.png
18,2,482,modular,7,i,img/target_8.png
18,2,483,modular,8,w,img/target_2.png
18,2,484,modular,7,i,img/target_8.png
18,2,485,modular,9,q,img/target_1.png
18,2,486,modular,0,r,img/target_4.png
18,2,487,modular,1,v,img/target_5.png
18,2,488,modular,2,e,img/target_3.png
18,2,489,modular,0,r,img/target_4.png
18,2,490,modular,9,q,img/target_1.png
18,2,491,modular,8,w,img/target_2.png
18,2,492,modular,6,u,img/target_7.png
18,2,493,modular,9,q,img/target_1.png
18,2,494,modular,0,r,img/target_4.png
18,2,495,modular,2,e,img/target_3.png
18,2,496,modular,4,p,img/target_10.png
18,2,497,modular,5,o,img/target_9.png
18,2,498,modular,7,i,img/target_8.png
18,2,499,modular,6,u,img/target_7.png
18,2,500,modular,9,q,img/target_1.png
18,2,501,modular,6,u,img/target_7.png
18,2,502,modular,7,i,img/target_8.png
18,2,503,modular,5,o,img/target_9.png
18,2,504,modular,7,i,img/target_8.png
18,2,505,modular,8,w,img/target_2.png
18,2,506,modular,6,u,img/target_7.png
18,2,507,modular,5,o,img/target_9.png
18,2,508,modular,4,p,img/target_10.png
18,2,509,modular,2,e,img/target_3.png
18,2,510,modular,0,r,img/target_4.png
18,2,511,modular,3,b,img/target_6.png
18,2,512,modular,1,v,img/target_5.png
18,2,513,modular,2,e,img/target_3.png
18,2,514,modular,1,v,img/target_5.png
18,2,515,modular,4,p,img/target_10.png
18,2,516,modular,1,v,img/target_5.png
18,2,517,modular,0,r,img/target_4.png
18,2,518,modular,1,v,img/target_5.png
18,2,519,modular,4,p,img/target_10.png
18,2,520,modular,5,o,img/target_9.png
18,2,521,modular,7,i,img/target_8.png
18,2,522,modular,5,o,img/target_9.png
18,2,523,modular,7,i,img/target_8.png
18,2,524,modular,8,w,img/target_2.png
18,2,525,modular,5,o,img/target_9.png
18,2,526,modular,6,u,img/target_7.png
18,2,527,modular,5,o,img/target_9.png
18,2,528,modular,4,p,img/target_10.png
18,2,529,modular,5,o,img/target_9.png
18,2,530,modular,4,p,img/target_10.png
18,2,531,modular,5,o,img/target_9.png
18,2,532,modular,7,i,img/target_8.png
18,2,533,modular,9,q,img/target_1.png
18,2,534,modular,8,w,img/target_2.png
18,2,535,modular,9,q,img/target_1.png
18,2,536,modular,7,i,img/target_8.png
18,2,537,modular,5,o,img/target_9.png
18,2,538,modular,6,u,img/target_7.png
18,2,539,modular,9,q,img/target_1.png
18,2,540,modular,8,w,img/target_2.png
18,2,541,modular,7,i,img/target_8.png
18,2,542,modular,6,u,img/target_7.png
18,2,543,modular,9,q,img/target_1.png
18,2,544,modular,6,u,img/target_7.png
18,2,545,modular,7,i,img/target_8.png
18,2,546,modular,9,q,img/target_1.png
18,2,547,modular,7,i,img/target_8.png
18,2,548,modular,8,w,img/target_2.png
18,2,549,modular,9,q,img/target_1.png
18,2,550,modular,0,r,img/target_4.png
18,2,551,modular,1,v,img/target_5.png
18,2,552,modular,2,e,img/target_3.png
18,2,553,modular,3,b,img/target_6.png
18,2,554,modular,2,e,img/target_3.png
18,2,555,modular,0,r,img/target_4.png
18,2,556,modular,9,q,img/target_1.png
18,2,557,modular,6,u,img/target_7.png
18,2,558,modular,7,i,img/target_8.png
18,2,559,modular,9,q,img/target_1.png
18,2,560,modular,0,r,img/target_4.png
18,2,561,modular,2,e,img/target_3.png
18,2,562,modular,3,b,img/target_6.png
18,2,563,modular,1,v,img/target_5.png
18,2,564,modular,0,r,img/target_4.png
18,2,565,modular,2,e,img/target_3.png
18,2,566,modular,3,b,img/target_6.png
18,2,567,modular,0,r,img/target_4.png
18,2,568,modular,1,v,img/target_5.png
18,2,569,modular,4,p,img/target_10.png
18,2,570,modular,1,v,img/target_5.png
18,2,571,modular,3,b,img/target_6.png
18,2,572,modular,0,r,img/target_4.png
18,2,573,modular,9,q,img/target_1.png
18,2,574,modular,0,r,img/target_4.png
18,2,575,modular,1,v,img/target_5.png
18,2,576,modular,0,r,img/target_4.png
18,2,577,modular,9,q,img/target_1.png
18,2,578,modular,6,u,img/target_7.png
18,2,579,modular,8,w,img/target_2.png
18,2,580,modular,9,q,img/target_1.png
18,2,581,modular,7,i,img/target_8.png
18,2,582,modular,5,o,img/target_9.png
18,2,583,modular,6,u,img/target_7.png
18,2,584,modular,5,o,img/target_9.png
18,2,585,modular,6,u,img/target_7.png
18,2,586,modular,7,i,img/target_8.png
18,2,587,modular,5,o,img/target_9.png
18,2,588,modular,4,p,img/target_10.png
18,2,589,modular,3,b,img/target_6.png
18,2,590,modular,2,e,img/target_3.png
18,2,591,modular,1,v,img/target_5.png
18,2,592,modular,3,b,img/target_6.png
18,2,593,modular,0,r,img/target_4.png
18,2,594,modular,2,e,img/target_3.png
18,2,595,modular,0,r,img/target_4.png
18,2,596,modular,9,q,img/target_1.png
18,2,597,modular,8,w,img/target_2.png
18,2,598,modular,6,u,img/target_7.png
18,2,599,modular,9,q,img/target_1.png
18,2,600,modular,8,w,img/target_2.png
18,2,601,modular,7,i,img/target_8.png
18,2,602,modular,8,w,img/target_2.png
18,2,603,modular,5,o,img/target_9.png
18,2,604,modular,4,p,img/target_10.png
18,2,605,modular,1,v,img/target_5.png
18,2,606,modular,2,e,img/target_3.png
18,2,607,modular,4,p,img/target_10.png
18,2,608,modular,3,b,img/target_6.png
18,2,609,modular,1,v,img/target_5.png
18,2,610,modular,3,b,img/target_6.png
18,2,611,modular,2,e,img/target_3.png
18,2,612,modular,3,b,img/target_6.png
18,2,613,modular,0,r,img/target_4.png
18,2,614,modular,2,e,img/target_3.png
18,2,615,modular,4,p,img/target_10.png
18,2,616,modular,2,e,img/target_3.png
18,2,617,modular,0,r,img/target_4.png
18,2,618,modular,2,e,img/target_3.png
18,2,619,modular,4,p,img/target_10.png
18,2,620,modular,1,v,img/target_5.png
18,2,621,modular,3,b,img/target_6.png
18,2,622,modular,0,r,img/target_4.png
18,2,623,modular,2,e,img/target_3.png
18,2,624,modular,4,p,img/target_10.png
18,2,625,modular,3,b,img/target_6.png
18,2,626,modular,1,v,img/target_5.png
18,2,627,modular,3,b,img/target_6.png
18,2,628,modular,4,p,img/target_10.png
18,2,629,modular,5,o,img/target_9.png
18,2,630,modular,6,u,img/target_7.png
18,2,631,modular,8,w,img/target_2.png
18,2,632,modular,9,q,img/target_1.png
18,2,633,modular,6,u,img/target_7.png
18,2,634,modular,8,w,img/target_2.png
18,2,635,modular,5,o,img/target_9.png
18,2,636,modular,4,p,img/target_10.png
18,2,637,modular,1,v,img/target_5.png
18,2,638,modular,3,b,img/target_6.png
18,2,639,modular,2,e,img/target_3.png
18,2,640,modular,1,v,img/target_5.png
18,2,641,modular,0,r,img/target_4.png
18,2,642,modular,2,e,img/target_3.png
18,2,643,modular,3,b,img/target_6.png
18,2,644,modular,1,v,img/target_5.png
18,2,645,modular,3,b,img/target_6.png
18,2,646,modular,4,p,img/target_10.png
18,2,647,modular,2,e,img/target_3.png
18,2,648,modular,3,b,img/target_6.png
18,2,649,modular,0,r,img/target_4.png
18,2,650,modular,1,v,img/target_5.png
18,2,651,modular,2,e,img/target_3.png
18,2,652,modular,3,b,img/target_6.png
18,2,653,modular,0,r,img/target_4.png
18,2,654,modular,2,e,img/target_3.png
18,2,655,modular,0,r,img/target_4.png
18,2,656,modular,3,b,img/target_6.png
18,2,657,modular,1,v,img/target_5.png
18,2,658,modular,3,b,img/target_6.png
18,2,659,modular,2,e,img/target_3.png
18,2,660,modular,3,b,img/target_6.png
18,2,661,modular,1,v,img/target_5.png
18,2,662,modular,3,b,img/target_6.png
18,2,663,modular,2,e,img/target_3.png
18,2,664,modular,3,b,img/target_6.png
18,2,665,modular,1,v,img/target_5.png
18,2,666,modular,3,b,img/target_6.png
18,2,667,modular,2,e,img/target_3.png
18,2,668,modular,3,b,img/target_6.png
18,2,669,modular,0,r,img/target_4.png
18,2,670,modular,3,b,img/target_6.png
18,2,671,modular,1,v,img/target_5.png
18,2,672,modular,2,e,img/target_3.png
18,2,673,modular,1,v,img/target_5.png
18,2,674,modular,4,p,img/target_10.png
18,2,675,modular,2,e,img/target_3.png
18,2,676,modular,0,r,img/target_4.png
18,2,677,modular,1,v,img/target_5.png
18,2,678,modular,4,p,img/target_10.png
18,2,679,modular,1,v,img/target_5.png
18,2,680,modular,4,p,img/target_10.png
18,2,681,modular,3,b,img/target_6.png
18,2,682,modular,4,p,img/target_10.png
18,2,683,modular,5,o,img/target_9.png
18,2,684,modular,4,p,img/target_10.png
18,2,685,modular,1,v,img/target_5.png
18,2,686,modular,3,b,img/target_6.png
18,2,687,modular,2,e,img/target_3.png
18,2,688,modular,0,r,img/target_4.png
18,2,689,modular,1,v,img/target_5.png
18,2,690,modular,4,p,img/target_10.png
18,2,691,modular,2,e,img/target_3.png
18,2,692,modular,3,b,img/target_6.png
18,2,693,modular,4,p,img/target_10.png
18,2,694,modular,1,v,img/target_5.png
18,2,695,modular,2,e,img/target_3.png
18,2,696,modular,4,p,img/target_10.png
18,2,697,modular,2,e,img/target_3.png
18,2,698,modular,4,p,img/target_10.png
18,2,699,modular,2,e,img/target_3.png
18,2,700,modular,3,b,img/target_6.png
18,2,701,modular,1,v,img/target_5.png
18,2,702,modular,3,b,img/target_6.png
18,2,703,modular,0,r,img/target_4.png
18,2,704,modular,2,e,img/target_3.png
18,2,705,modular,1,v,img/target_5.png
18,2,706,modular,0,r,img/target_4.png
18,2,707,modular,2,e,img/target_3.png
18,2,708,modular,1,v,img/target_5.png
18,2,709,modular,0,r,img/target_4.png
18,2,710,modular,2,e,img/target_3.png
18,2,711,modular,1,v,img/target_5.png
18,2,712,modular,2,e,img/target_3.png
18,2,713,modular,3,b,img/target_6.png
18,2,714,modular,1,v,img/target_5.png
18,2,715,modular,3,b,img/target_6.png
18,2,716,modular,0,r,img/target_4.png
18,2,717,modular,2,e,img/target_3.png
18,2,718,modular,4,p,img/target_10.png
18,2,719,modular,3,b,img/target_6.png
18,2,720,modular,4,p,img/target_10.png
18,2,721,modular,2,e,img/target_3.png
18,2,722,modular,3,b,img/target_6.png
18,2,723,modular,4,p,img/target_10.png
18,2,724,modular,3,b,img/target_6.png
18,2,725,modular,1,v,img/target_5.png
18,2,726,modular,4,p,img/target_10.png
18,2,727,modular,2,e,img/target_3.png
18,2,728,modular,0,r,img/target_4.png
18,2,729,modular,2,e,img/target_3.png
18,2,730,modular,4,p,img/target_10.png
18,2,731,modular,1,v,img/target_5.png
18,2,732,modular,0,r,img/target_4.png
18,2,733,modular,9,q,img/target_1.png
18,2,734,modular,6,u,img/target_7.png
18,2,735,modular,9,q,img/target_1.png
18,2,736,modular,7,i,img/target_8.png
18,2,737,modular,9,q,img/target_1.png
18,2,738,modular,8,w,img/target_2.png
18,2,739,modular,6,u,img/target_7.png
18,2,740,modular,9,q,img/target_1.png
18,2,741,modular,6,u,img/target_7.png
18,2,742,modular,5,o,img/target_9.png
18,2,743,modular,8,w,img/target_2.png
18,2,744,modular,6,u,img/target_7.png
18,2,745,modular,8,w,img/target_2.png
18,2,746,modular,7,i,img/target_8.png
18,2,747,modular,6,u,img/target_7.png
18,2,748,modular,8,w,img/target_2.png
18,2,749,modular,5,o,img/target_9.png
18,2,750,modular,6,u,img/target_7.png
18,2,751,modular,7,i,img/target_8.png
18,2,752,modular,6,u,img/target_7.png
18,2,753,modular,5,o,img/target_9.png
18,2,754,modular,4,p,img/target_10.png
18,2,755,modular,5,o,img/target_9.png
18,2,756,modular,4,p,img/target_10.png
18,2,757,modular,5,o,img/target_9.png
18,2,758,modular,6,u,img/target_7.png
18,2,759,modular,8,w,img/target_2.png
18,2,760,modular,6,u,img/target_7.png
18,2,761,modular,8,w,img/target_2.png
18,2,762,modular,5,o,img/target_9.png
18,2,763,modular,8,w,img/target_2.png
18,2,764,modular,7,i,img/target_8.png
18,2,765,modular,5,o,img/target_9.png
18,2,766,modular,7,i,img/target_8.png
18,2,767,modular,8,w,img/target_2.png
18,2,768,modular,7,i,img/target_8.png
18,2,769,modular,6,u,img/target_7.png
18,2,770,modular,8,w,img/target_2.png
18,2,771,modular,6,u,img/target_7.png
18,2,772,modular,8,w,img/target_2.png
18,2,773,modular,9,q,img/target_1.png
18,2,774,modular,8,w,img/target_2.png
18,2,775,modular,7,i,img/target_8.png
18,2,776,modular,6,u,img/target_7.png
18,2,777,modular,9,q,img/target_1.png
18,2,778,modular,8,w,img/target_2.png
18,2,779,modular,6,u,img/target_7.png
18,2,780,modular,5,o,img/target_9.png
18,2,781,modular,6,u,img/target_7.png
18,2,782,modular,8,w,img/target_2.png
18,2,783,modular,7,i,img/target_8.png
18,2,784,modular,6,u,img/target_7.png
18,2,785,modular,5,o,img/target_9.png
18,2,786,modular,6,u,img/target_7.png
18,2,787,modular,7,i,img/target_8.png
18,2,788,modular,6,u,img/target_7.png
18,2,789,modular,7,i,img/target_8.png
18,2,790,modular,8,w,img/target_2.png
18,2,791,modular,7,i,img/target_8.png
18,2,792,modular,9,q,img/target_1.png
18,2,793,modular,7,i,img/target_8.png
18,2,794,modular,9,q,img/target_1.png
18,2,795,modular,6,u,img/target_7.png
18,2,796,modular,8,w,img/target_2.png
18,2,797,modular,5,o,img/target_9.png
18,2,798,modular,4,p,img/target_10.png
18,2,799,modular,3,b,img/target_6.png
18,2,800,modular,0,r,img/target_4.png
18,2,801,modular,9,q,img/target_1.png
18,2,802,modular,8,w,img/target_2.png
18,2,803,modular,6,u,img/target_7.png
18,2,804,modular,9,q,img/target_1.png
18,2,805,modular,7,i,img/target_8.png
18,2,806,modular,5,o,img/target_9.png
18,2,807,modular,7,i,img/target_8.png
18,2,808,modular,5,o,img/target_9.png
18,2,809,modular,8,w,img/target_2.png
18,2,810,modular,5,o,img/target_9.png
18,2,811,modular,8,w,img/target_2.png
18,2,812,modular,7,i,img/target_8.png
18,2,813,modular,6,u,img/target_7.png
18,2,814,modular,8,w,img/target_2.png
18,2,815,modular,6,u,img/target_7.png
18,2,816,modular,8,w,img/target_2.png
18,2,817,modular,6,u,img/target_7.png
18,2,818,modular,9,q,img/target_1.png
18,2,819,modular,8,w,img/target_2.png
18,2,820,modular,6,u,img/target_7.png
18,2,821,modular,7,i,img/target_8.png
18,2,822,modular,6,u,img/target_7.png
18,2,823,modular,8,w,img/target_2.png
18,2,824,modular,7,i,img/target_8.png
18,2,825,modular,8,w,img/target_2.png
18,2,826,modular,9,q,img/target_1.png
18,2,827,modular,7,i,img/target_8.png
18,2,828,modular,9,q,img/target_1.png
18,2,829,modular,6,u,img/target_7.png
18,2,830,modular,9,q,img/target_1.png
18,2,831,modular,0,r,img/target_4.png
18,2,832,modular,9,q,img/target_1.png
18,2,833,modular,0,r,img/target_4.png
18,2,834,modular,2,e,img/target_3.png
18,2,835,modular,1,v,img/target_5.png
18,2,836,modular,3,b,img/target_6.png
18,2,837,modular,4,p,img/target_10.png
18,2,838,modular,5,o,img/target_9.png
18,2,839,modular,7,i,img/target_8.png
18,2,840,modular,9,q,img/target_1.png
18,2,841,modular,0,r,img/target_4.png
18,2,842,modular,3,b,img/target_6.png
18,2,843,modular,4,p,img/target_10.png
18,2,844,modular,3,b,img/target_6.png
18,2,845,modular,0,r,img/target_4.png
18,2,846,modular,9,q,img/target_1.png
18,2,847,modular,0,r,img/target_4.png
18,2,848,modular,2,e,img/target_3.png
18,2,849,modular,1,v,img/target_5.png
18,2,850,modular,2,e,img/target_3.png
18,2,851,modular,4,p,img/target_10.png
18,2,852,modular,1,v,img/target_5.png
18,2,853,modular,3,b,img/target_6.png
18,2,854,modular,4,p,img/target_10.png
18,2,855,modular,1,v,img/target_5.png
18,2,856,modular,4,p,img/target_10.png
18,2,857,modular,3,b,img/target_6.png
18,2,858,modular,4,p,img/target_10.png
18,2,859,modular,2,e,img/target_3.png
18,2,860,modular,3,b,img/target_6.png
18,2,861,modular,1,v,img/target_5.png
18,2,862,modular,2,e,img/target_3.png
18,2,863,modular,0,r,img/target_4.png
18,2,864,modular,3,b,img/target_6.png
18,2,865,modular,1,v,img/target_5.png
18,2,866,modular,2,e,img/target_3.png
18,2,867,modular,0,r,img/target_4.png
18,2,868,modular,2,e,img/target_3.png
18,2,869,modular,0,r,img/target_4.png
18,2,870,modular,1,v,img/target_5.png
18,2,871,modular,3,b,img/target_6.png
18,2,872,modular,2,e,img/target_3.png
18,2,873,modular,3,b,img/target_6.png
18,2,874,modular,4,p,img/target_10.png
18,2,875,modular,1,v,img/target_5.png
18,2,876,modular,0,r,img/target_4.png
18,2,877,modular,2,e,img/target_3.png
18,2,878,modular,0,r,img/target_4.png
18,2,879,modular,1,v,img/target_5.png
18,2,880,modular,3,b,img/target_6.png
18,2,881,modular,0,r,img/target_4.png
18,2,882,modular,3,b,img/target_6.png
18,2,883,modular,4,p,img/target_10.png
18,2,884,modular,1,v,img/target_5.png
18,2,885,modular,3,b,img/target_6.png
18,2,886,modular,4,p,img/target_10.png
18,2,887,modular,5,o,img/target_9.png
18,2,888,modular,8,w,img/target_2.png
18,2,889,modular,9,q,img/target_1.png
18,2,890,modular,7,i,img/target_8.png
18,2,891,modular,9,q,img/target_1.png
18,2,892,modular,7,i,img/target_8.png
18,2,893,modular,5,o,img/target_9.png
18,2,894,modular,8,w,img/target_2.png
18,2,895,modular,5,o,img/target_9.png
18,2,896,modular,4,p,img/target_10.png
18,2,897,modular,5,o,img/target_9.png
18,2,898,modular,8,w,img/target_2.png
18,2,899,modular,7,i,img/target_8.png
18,2,900,modular,5,o,img/target_9.png
18,2,901,modular,7,i,img/target_8.png
18,2,902,modular,8,w,img/target_2.png
18,2,903,modular,7,i,img/target_8.png
18,2,904,modular,8,w,img/target_2.png
18,2,905,modular,7,i,img/target_8.png
18,2,906,modular,5,o,img/target_9.png
18,2,907,modular,7,i,img/target_8.png
18,2,908,modular,6,u,img/target_7.png
18,2,909,modular,7,i,img/target_8.png
18,2,910,modular,5,o,img/target_9.png
18,2,911,modular,6,u,img/target_7.png
18,2,912,modular,5,o,img/target_9.png
18,2,913,modular,4,p,img/target_10.png
18,2,914,modular,1,v,img/target_5.png
18,2,915,modular,3,b,img/target_6.png
18,2,916,modular,0,r,img/target_4.png
18,2,917,modular,3,b,img/target_6.png
18,2,918,modular,4,p,img/target_10.png
18,2,919,modular,2,e,img/target_3.png
18,2,920,modular,4,p,img/target_10.png
18,2,921,modular,3,b,img/target_6.png
18,2,922,modular,4,p,img/target_10.png
18,2,923,modular,2,e,img/target_3.png
18,2,924,modular,3,b,img/target_6.png
18,2,925,modular,4,p,img/target_10.png
18,2,926,modular,1,v,img/target_5.png
18,2,927,modular,2,e,img/target_3.png
18,2,928,modular,3,b,img/target_6.png
18,2,929,modular,2,e,img/target_3.png
18,2,930,modular,1,v,img/target_5.png
18,2,931,modular,2,e,img/target_3.png
18,2,932,modular,1,v,img/target_5.png
18,2,933,modular,3,b,img/target_6.png
18,2,934,modular,4,p,img/target_10.png
18,2,935,modular,5,o,img/target_9.png
18,2,936,modular,6,u,img/target_7.png
18,2,937,modular,7,i,img/target_8.png
18,2,938,modular,8,w,img/target_2.png
18,2,939,modular,9,q,img/target_1.png
18,2,940,modular,0,r,img/target_4.png
18,2,941,modular,9,q,img/target_1.png
18,2,942,modular,8,w,img/target_2.png
18,2,943,modular,6,u,img/target_7.png
18,2,944,modular,5,o,img/target_9.png
18,2,945,modular,8,w,img/target_2.png
18,2,946,modular,7,i,img/target_8.png
18,2,947,modular,5,o,img/target_9.png
18,2,948,modular,6,u,img/target_7.png
18,2,949,modular,5,o,img/target_9.png
18,2,950,modular,8,w,img/target_2.png
18,2,951,modular,9,q,img/target_1.png
18,2,952,modular,7,i,img/target_8.png
18,2,953,modular,5,o,img/target_9.png
18,2,954,modular,7,i,img/target_8.png
18,2,955,modular,6,u,img/target_7.png
18,2,956,modular,9,q,img/target_1.png
18,2,957,modular,7,i,img/target_8.png
18,2,958,modular,8,w,img/target_2.png
18,2,959,modular,5,o,img/target_9.png
18,2,960,modular,4,p,img/target_10.png
18,2,961,modular,3,b,img/target_6.png
18,2,962,modular,0,r,img/target_4.png
18,2,963,modular,9,q,img/target_1.png
18,2,964,modular,7,i,img/target_8.png
18,2,965,modular,5,o,img/target_9.png
18,2,966,modular,8,w,img/target_2.png
18,2,967,modular,7,i,img/target_8.png
18,2,968,modular,9,q,img/target_1.png
18,2,969,modular,7,i,img/target_8.png
18,2,970,modular,8,w,img/target_2.png
18,2,971,modular,6,u,img/target_7.png
18,2,972,modular,7,i,img/target_8.png
18,2,973,modular,8,w,img/target_2.png
18,2,974,modular,9,q,img/target_1.png
18,2,975,modular,8,w,img/target_2.png
18,2,976,modular,6,u,img/target_7.png
18,2,977,modular,9,q,img/target_1.png
18,2,978,modular,8,w,img/target_2.png
18,2,979,modular,6,u,img/target_7.png
18,2,980,modular,8,w,img/target_2.png
18,2,981,modular,6,u,img/target_7.png
18,2,982,modular,7,i,img/target_8.png
18,2,983,modular,8,w,img/target_2.png
18,2,984,modular,7,i,img/target_8.png
18,2,985,modular,5,o,img/target_9.png
18,2,986,modular,6,u,img/target_7.png
18,2,987,modular,5,o,img/target_9.png
18,2,988,modular,8,w,img/target_2.png
18,2,989,modular,6,u,img/target_7.png
18,2,990,modular,9,q,img/target_1.png
18,2,991,modular,6,u,img/target_7.png
18,2,992,modular,7,i,img/target_8.png
18,2,993,modular,5,o,img/target_9.png
18,2,994,modular,6,u,img/target_7.png
18,2,995,modular,9,q,img/target_1.png
18,2,996,modular,0,r,img/target_4.png
18,2,997,modular,2,e,img/target_3.png
18,2,998,modular,3,b,img/target_6.png
18,2,999,modular,1,v,img/target_5.png
18,2,1000,modular,0,r,img/target_4.png
