pID,sess,trialNum,graph,walk,resp,path
44,1,1,modular,5,o,img/target_9.png
44,1,2,modular,8,q,img/target_1.png
44,1,3,modular,9,e,img/target_3.png
44,1,4,modular,0,u,img/target_7.png
44,1,5,modular,9,e,img/target_3.png
44,1,6,modular,0,u,img/target_7.png
44,1,7,modular,1,i,img/target_8.png
44,1,8,modular,0,u,img/target_7.png
44,1,9,modular,9,e,img/target_3.png
44,1,10,modular,8,q,img/target_1.png
44,1,11,modular,7,b,img/target_6.png
44,1,12,modular,8,q,img/target_1.png
44,1,13,modular,7,b,img/target_6.png
44,1,14,modular,5,o,img/target_9.png
44,1,15,modular,4,r,img/target_4.png
44,1,16,modular,3,v,img/target_5.png
44,1,17,modular,1,i,img/target_8.png
44,1,18,modular,3,v,img/target_5.png
44,1,19,modular,1,i,img/target_8.png
44,1,20,modular,3,v,img/target_5.png
44,1,21,modular,4,r,img/target_4.png
44,1,22,modular,2,p,img/target_10.png
44,1,23,modular,4,r,img/target_4.png
44,1,24,modular,3,v,img/target_5.png
44,1,25,modular,0,u,img/target_7.png
44,1,26,modular,3,v,img/target_5.png
44,1,27,modular,0,u,img/target_7.png
44,1,28,modular,1,i,img/target_8.png
44,1,29,modular,3,v,img/target_5.png
44,1,30,modular,1,i,img/target_8.png
44,1,31,modular,4,r,img/target_4.png
44,1,32,modular,2,p,img/target_10.png
44,1,33,modular,1,i,img/target_8.png
44,1,34,modular,3,v,img/target_5.png
44,1,35,modular,0,u,img/target_7.png
44,1,36,modular,2,p,img/target_10.png
44,1,37,modular,4,r,img/target_4.png
44,1,38,modular,2,p,img/target_10.png
44,1,39,modular,3,v,img/target_5.png
44,1,40,modular,2,p,img/target_10.png
44,1,41,modular,4,r,img/target_4.png
44,1,42,modular,3,v,img/target_5.png
44,1,43,modular,1,i,img/target_8.png
44,1,44,modular,3,v,img/target_5.png
44,1,45,modular,4,r,img/target_4.png
44,1,46,modular,3,v,img/target_5.png
44,1,47,modular,2,p,img/target_10.png
44,1,48,modular,4,r,img/target_4.png
44,1,49,modular,5,o,img/target_9.png
44,1,50,modular,8,q,img/target_1.png
44,1,51,modular,5,o,img/target_9.png
44,1,52,modular,6,w,img/target_2.png
44,1,53,modular,8,q,img/target_1.png
44,1,54,modular,7,b,img/target_6.png
44,1,55,modular,6,w,img/target_2.png
44,1,56,modular,7,b,img/target_6.png
44,1,57,modular,8,q,img/target_1.png
44,1,58,modular,7,b,img/target_6.png
44,1,59,modular,9,e,img/target_3.png
44,1,60,modular,6,w,img/target_2.png
44,1,61,modular,8,q,img/target_1.png
44,1,62,modular,7,b,img/target_6.png
44,1,63,modular,9,e,img/target_3.png
44,1,64,modular,7,b,img/target_6.png
44,1,65,modular,9,e,img/target_3.png
44,1,66,modular,8,q,img/target_1.png
44,1,67,modular,5,o,img/target_9.png
44,1,68,modular,8,q,img/target_1.png
44,1,69,modular,6,w,img/target_2.png
44,1,70,modular,5,o,img/target_9.png
44,1,71,modular,8,q,img/target_1.png
44,1,72,modular,9,e,img/target_3.png
44,1,73,modular,7,b,img/target_6.png
44,1,74,modular,9,e,img/target_3.png
44,1,75,modular,7,b,img/target_6.png
44,1,76,modular,9,e,img/target_3.png
44,1,77,modular,7,b,img/target_6.png
44,1,78,modular,6,w,img/target_2.png
44,1,79,modular,9,e,img/target_3.png
44,1,80,modular,8,q,img/target_1.png
44,1,81,modular,9,e,img/target_3.png
44,1,82,modular,6,w,img/target_2.png
44,1,83,modular,8,q,img/target_1.png
44,1,84,modular,9,e,img/target_3.png
44,1,85,modular,7,b,img/target_6.png
44,1,86,modular,6,w,img/target_2.png
44,1,87,modular,7,b,img/target_6.png
44,1,88,modular,8,q,img/target_1.png
44,1,89,modular,9,e,img/target_3.png
44,1,90,modular,7,b,img/target_6.png
44,1,91,modular,8,q,img/target_1.png
44,1,92,modular,6,w,img/target_2.png
44,1,93,modular,7,b,img/target_6.png
44,1,94,modular,9,e,img/target_3.png
44,1,95,modular,0,u,img/target_7.png
44,1,96,modular,2,p,img/target_10.png
44,1,97,modular,3,v,img/target_5.png
44,1,98,modular,2,p,img/target_10.png
44,1,99,modular,3,v,img/target_5.png
44,1,100,modular,1,i,img/target_8.png
44,1,101,modular,2,p,img/target_10.png
44,1,102,modular,1,i,img/target_8.png
44,1,103,modular,4,r,img/target_4.png
44,1,104,modular,2,p,img/target_10.png
44,1,105,modular,0,u,img/target_7.png
44,1,106,modular,2,p,img/target_10.png
44,1,107,modular,1,i,img/target_8.png
44,1,108,modular,2,p,img/target_10.png
44,1,109,modular,0,u,img/target_7.png
44,1,110,modular,2,p,img/target_10.png
44,1,111,modular,4,r,img/target_4.png
44,1,112,modular,2,p,img/target_10.png
44,1,113,modular,4,r,img/target_4.png
44,1,114,modular,3,v,img/target_5.png
44,1,115,modular,0,u,img/target_7.png
44,1,116,modular,3,v,img/target_5.png
44,1,117,modular,0,u,img/target_7.png
44,1,118,modular,3,v,img/target_5.png
44,1,119,modular,4,r,img/target_4.png
44,1,120,modular,5,o,img/target_9.png
44,1,121,modular,7,b,img/target_6.png
44,1,122,modular,9,e,img/target_3.png
44,1,123,modular,8,q,img/target_1.png
44,1,124,modular,9,e,img/target_3.png
44,1,125,modular,6,w,img/target_2.png
44,1,126,modular,9,e,img/target_3.png
44,1,127,modular,7,b,img/target_6.png
44,1,128,modular,8,q,img/target_1.png
44,1,129,modular,7,b,img/target_6.png
44,1,130,modular,9,e,img/target_3.png
44,1,131,modular,8,q,img/target_1.png
44,1,132,modular,5,o,img/target_9.png
44,1,133,modular,7,b,img/target_6.png
44,1,134,modular,5,o,img/target_9.png
44,1,135,modular,7,b,img/target_6.png
44,1,136,modular,5,o,img/target_9.png
44,1,137,modular,8,q,img/target_1.png
44,1,138,modular,9,e,img/target_3.png
44,1,139,modular,7,b,img/target_6.png
44,1,140,modular,8,q,img/target_1.png
44,1,141,modular,9,e,img/target_3.png
44,1,142,modular,0,u,img/target_7.png
44,1,143,modular,3,v,img/target_5.png
44,1,144,modular,4,r,img/target_4.png
44,1,145,modular,1,i,img/target_8.png
44,1,146,modular,0,u,img/target_7.png
44,1,147,modular,2,p,img/target_10.png
44,1,148,modular,4,r,img/target_4.png
44,1,149,modular,3,v,img/target_5.png
44,1,150,modular,2,p,img/target_10.png
44,1,151,modular,1,i,img/target_8.png
44,1,152,modular,4,r,img/target_4.png
44,1,153,modular,2,p,img/target_10.png
44,1,154,modular,4,r,img/target_4.png
44,1,155,modular,2,p,img/target_10.png
44,1,156,modular,3,v,img/target_5.png
44,1,157,modular,2,p,img/target_10.png
44,1,158,modular,3,v,img/target_5.png
44,1,159,modular,2,p,img/target_10.png
44,1,160,modular,1,i,img/target_8.png
44,1,161,modular,0,u,img/target_7.png
44,1,162,modular,2,p,img/target_10.png
44,1,163,modular,1,i,img/target_8.png
44,1,164,modular,4,r,img/target_4.png
44,1,165,modular,2,p,img/target_10.png
44,1,166,modular,3,v,img/target_5.png
44,1,167,modular,2,p,img/target_10.png
44,1,168,modular,3,v,img/target_5.png
44,1,169,modular,1,i,img/target_8.png
44,1,170,modular,2,p,img/target_10.png
44,1,171,modular,4,r,img/target_4.png
44,1,172,modular,1,i,img/target_8.png
44,1,173,modular,2,p,img/target_10.png
44,1,174,modular,3,v,img/target_5.png
44,1,175,modular,1,i,img/target_8.png
44,1,176,modular,2,p,img/target_10.png
44,1,177,modular,3,v,img/target_5.png
44,1,178,modular,0,u,img/target_7.png
44,1,179,modular,1,i,img/target_8.png
44,1,180,modular,0,u,img/target_7.png
44,1,181,modular,3,v,img/target_5.png
44,1,182,modular,0,u,img/target_7.png
44,1,183,modular,1,i,img/target_8.png
44,1,184,modular,4,r,img/target_4.png
44,1,185,modular,5,o,img/target_9.png
44,1,186,modular,8,q,img/target_1.png
44,1,187,modular,7,b,img/target_6.png
44,1,188,modular,9,e,img/target_3.png
44,1,189,modular,7,b,img/target_6.png
44,1,190,modular,6,w,img/target_2.png
44,1,191,modular,8,q,img/target_1.png
44,1,192,modular,7,b,img/target_6.png
44,1,193,modular,8,q,img/target_1.png
44,1,194,modular,9,e,img/target_3.png
44,1,195,modular,6,w,img/target_2.png
44,1,196,modular,8,q,img/target_1.png
44,1,197,modular,9,e,img/target_3.png
44,1,198,modular,0,u,img/target_7.png
44,1,199,modular,9,e,img/target_3.png
44,1,200,modular,7,b,img/target_6.png
44,1,201,modular,9,e,img/target_3.png
44,1,202,modular,8,q,img/target_1.png
44,1,203,modular,9,e,img/target_3.png
44,1,204,modular,8,q,img/target_1.png
44,1,205,modular,7,b,img/target_6.png
44,1,206,modular,8,q,img/target_1.png
44,1,207,modular,7,b,img/target_6.png
44,1,208,modular,8,q,img/target_1.png
44,1,209,modular,6,w,img/target_2.png
44,1,210,modular,9,e,img/target_3.png
44,1,211,modular,8,q,img/target_1.png
44,1,212,modular,5,o,img/target_9.png
44,1,213,modular,6,w,img/target_2.png
44,1,214,modular,7,b,img/target_6.png
44,1,215,modular,9,e,img/target_3.png
44,1,216,modular,7,b,img/target_6.png
44,1,217,modular,5,o,img/target_9.png
44,1,218,modular,4,r,img/target_4.png
44,1,219,modular,5,o,img/target_9.png
44,1,220,modular,6,w,img/target_2.png
44,1,221,modular,7,b,img/target_6.png
44,1,222,modular,5,o,img/target_9.png
44,1,223,modular,6,w,img/target_2.png
44,1,224,modular,5,o,img/target_9.png
44,1,225,modular,7,b,img/target_6.png
44,1,226,modular,5,o,img/target_9.png
44,1,227,modular,4,r,img/target_4.png
44,1,228,modular,2,p,img/target_10.png
44,1,229,modular,3,v,img/target_5.png
44,1,230,modular,0,u,img/target_7.png
44,1,231,modular,2,p,img/target_10.png
44,1,232,modular,3,v,img/target_5.png
44,1,233,modular,2,p,img/target_10.png
44,1,234,modular,0,u,img/target_7.png
44,1,235,modular,1,i,img/target_8.png
44,1,236,modular,4,r,img/target_4.png
44,1,237,modular,5,o,img/target_9.png
44,1,238,modular,7,b,img/target_6.png
44,1,239,modular,5,o,img/target_9.png
44,1,240,modular,8,q,img/target_1.png
44,1,241,modular,6,w,img/target_2.png
44,1,242,modular,5,o,img/target_9.png
44,1,243,modular,7,b,img/target_6.png
44,1,244,modular,5,o,img/target_9.png
44,1,245,modular,4,r,img/target_4.png
44,1,246,modular,3,v,img/target_5.png
44,1,247,modular,0,u,img/target_7.png
44,1,248,modular,1,i,img/target_8.png
44,1,249,modular,0,u,img/target_7.png
44,1,250,modular,9,e,img/target_3.png
44,1,251,modular,7,b,img/target_6.png
44,1,252,modular,9,e,img/target_3.png
44,1,253,modular,8,q,img/target_1.png
44,1,254,modular,7,b,img/target_6.png
44,1,255,modular,8,q,img/target_1.png
44,1,256,modular,6,w,img/target_2.png
44,1,257,modular,5,o,img/target_9.png
44,1,258,modular,6,w,img/target_2.png
44,1,259,modular,8,q,img/target_1.png
44,1,260,modular,9,e,img/target_3.png
44,1,261,modular,7,b,img/target_6.png
44,1,262,modular,5,o,img/target_9.png
44,1,263,modular,7,b,img/target_6.png
44,1,264,modular,5,o,img/target_9.png
44,1,265,modular,8,q,img/target_1.png
44,1,266,modular,9,e,img/target_3.png
44,1,267,modular,7,b,img/target_6.png
44,1,268,modular,9,e,img/target_3.png
44,1,269,modular,0,u,img/target_7.png
44,1,270,modular,9,e,img/target_3.png
44,1,271,modular,6,w,img/target_2.png
44,1,272,modular,7,b,img/target_6.png
44,1,273,modular,9,e,img/target_3.png
44,1,274,modular,8,q,img/target_1.png
44,1,275,modular,6,w,img/target_2.png
44,1,276,modular,7,b,img/target_6.png
44,1,277,modular,8,q,img/target_1.png
44,1,278,modular,9,e,img/target_3.png
44,1,279,modular,7,b,img/target_6.png
44,1,280,modular,6,w,img/target_2.png
44,1,281,modular,8,q,img/target_1.png
44,1,282,modular,6,w,img/target_2.png
44,1,283,modular,8,q,img/target_1.png
44,1,284,modular,9,e,img/target_3.png
44,1,285,modular,8,q,img/target_1.png
44,1,286,modular,5,o,img/target_9.png
44,1,287,modular,4,r,img/target_4.png
44,1,288,modular,2,p,img/target_10.png
44,1,289,modular,0,u,img/target_7.png
44,1,290,modular,1,i,img/target_8.png
44,1,291,modular,4,r,img/target_4.png
44,1,292,modular,1,i,img/target_8.png
44,1,293,modular,4,r,img/target_4.png
44,1,294,modular,3,v,img/target_5.png
44,1,295,modular,0,u,img/target_7.png
44,1,296,modular,2,p,img/target_10.png
44,1,297,modular,0,u,img/target_7.png
44,1,298,modular,9,e,img/target_3.png
44,1,299,modular,0,u,img/target_7.png
44,1,300,modular,9,e,img/target_3.png
44,1,301,modular,8,q,img/target_1.png
44,1,302,modular,5,o,img/target_9.png
44,1,303,modular,4,r,img/target_4.png
44,1,304,modular,2,p,img/target_10.png
44,1,305,modular,3,v,img/target_5.png
44,1,306,modular,0,u,img/target_7.png
44,1,307,modular,1,i,img/target_8.png
44,1,308,modular,0,u,img/target_7.png
44,1,309,modular,2,p,img/target_10.png
44,1,310,modular,4,r,img/target_4.png
44,1,311,modular,5,o,img/target_9.png
44,1,312,modular,4,r,img/target_4.png
44,1,313,modular,5,o,img/target_9.png
44,1,314,modular,8,q,img/target_1.png
44,1,315,modular,5,o,img/target_9.png
44,1,316,modular,7,b,img/target_6.png
44,1,317,modular,8,q,img/target_1.png
44,1,318,modular,5,o,img/target_9.png
44,1,319,modular,6,w,img/target_2.png
44,1,320,modular,9,e,img/target_3.png
44,1,321,modular,6,w,img/target_2.png
44,1,322,modular,8,q,img/target_1.png
44,1,323,modular,6,w,img/target_2.png
44,1,324,modular,5,o,img/target_9.png
44,1,325,modular,4,r,img/target_4.png
44,1,326,modular,5,o,img/target_9.png
44,1,327,modular,6,w,img/target_2.png
44,1,328,modular,9,e,img/target_3.png
44,1,329,modular,6,w,img/target_2.png
44,1,330,modular,8,q,img/target_1.png
44,1,331,modular,9,e,img/target_3.png
44,1,332,modular,0,u,img/target_7.png
44,1,333,modular,1,i,img/target_8.png
44,1,334,modular,3,v,img/target_5.png
44,1,335,modular,0,u,img/target_7.png
44,1,336,modular,1,i,img/target_8.png
44,1,337,modular,4,r,img/target_4.png
44,1,338,modular,1,i,img/target_8.png
44,1,339,modular,0,u,img/target_7.png
44,1,340,modular,9,e,img/target_3.png
44,1,341,modular,0,u,img/target_7.png
44,1,342,modular,3,v,img/target_5.png
44,1,343,modular,0,u,img/target_7.png
44,1,344,modular,3,v,img/target_5.png
44,1,345,modular,4,r,img/target_4.png
44,1,346,modular,1,i,img/target_8.png
44,1,347,modular,2,p,img/target_10.png
44,1,348,modular,0,u,img/target_7.png
44,1,349,modular,2,p,img/target_10.png
44,1,350,modular,0,u,img/target_7.png
44,1,351,modular,1,i,img/target_8.png
44,1,352,modular,3,v,img/target_5.png
44,1,353,modular,2,p,img/target_10.png
44,1,354,modular,1,i,img/target_8.png
44,1,355,modular,0,u,img/target_7.png
44,1,356,modular,3,v,img/target_5.png
44,1,357,modular,1,i,img/target_8.png
44,1,358,modular,0,u,img/target_7.png
44,1,359,modular,3,v,img/target_5.png
44,1,360,modular,1,i,img/target_8.png
44,1,361,modular,2,p,img/target_10.png
44,1,362,modular,3,v,img/target_5.png
44,1,363,modular,1,i,img/target_8.png
44,1,364,modular,0,u,img/target_7.png
44,1,365,modular,3,v,img/target_5.png
44,1,366,modular,0,u,img/target_7.png
44,1,367,modular,1,i,img/target_8.png
44,1,368,modular,0,u,img/target_7.png
44,1,369,modular,2,p,img/target_10.png
44,1,370,modular,1,i,img/target_8.png
44,1,371,modular,2,p,img/target_10.png
44,1,372,modular,1,i,img/target_8.png
44,1,373,modular,2,p,img/target_10.png
44,1,374,modular,1,i,img/target_8.png
44,1,375,modular,3,v,img/target_5.png
44,1,376,modular,0,u,img/target_7.png
44,1,377,modular,3,v,img/target_5.png
44,1,378,modular,0,u,img/target_7.png
44,1,379,modular,9,e,img/target_3.png
44,1,380,modular,0,u,img/target_7.png
44,1,381,modular,9,e,img/target_3.png
44,1,382,modular,8,q,img/target_1.png
44,1,383,modular,9,e,img/target_3.png
44,1,384,modular,7,b,img/target_6.png
44,1,385,modular,9,e,img/target_3.png
44,1,386,modular,8,q,img/target_1.png
44,1,387,modular,5,o,img/target_9.png
44,1,388,modular,6,w,img/target_2.png
44,1,389,modular,5,o,img/target_9.png
44,1,390,modular,4,r,img/target_4.png
44,1,391,modular,5,o,img/target_9.png
44,1,392,modular,4,r,img/target_4.png
44,1,393,modular,5,o,img/target_9.png
44,1,394,modular,6,w,img/target_2.png
44,1,395,modular,8,q,img/target_1.png
44,1,396,modular,9,e,img/target_3.png
44,1,397,modular,0,u,img/target_7.png
44,1,398,modular,1,i,img/target_8.png
44,1,399,modular,2,p,img/target_10.png
44,1,400,modular,0,u,img/target_7.png
44,1,401,modular,2,p,img/target_10.png
44,1,402,modular,4,r,img/target_4.png
44,1,403,modular,2,p,img/target_10.png
44,1,404,modular,0,u,img/target_7.png
44,1,405,modular,3,v,img/target_5.png
44,1,406,modular,0,u,img/target_7.png
44,1,407,modular,2,p,img/target_10.png
44,1,408,modular,1,i,img/target_8.png
44,1,409,modular,4,r,img/target_4.png
44,1,410,modular,5,o,img/target_9.png
44,1,411,modular,4,r,img/target_4.png
44,1,412,modular,5,o,img/target_9.png
44,1,413,modular,6,w,img/target_2.png
44,1,414,modular,8,q,img/target_1.png
44,1,415,modular,5,o,img/target_9.png
44,1,416,modular,8,q,img/target_1.png
44,1,417,modular,5,o,img/target_9.png
44,1,418,modular,7,b,img/target_6.png
44,1,419,modular,9,e,img/target_3.png
44,1,420,modular,7,b,img/target_6.png
44,1,421,modular,8,q,img/target_1.png
44,1,422,modular,6,w,img/target_2.png
44,1,423,modular,5,o,img/target_9.png
44,1,424,modular,7,b,img/target_6.png
44,1,425,modular,8,q,img/target_1.png
44,1,426,modular,5,o,img/target_9.png
44,1,427,modular,4,r,img/target_4.png
44,1,428,modular,5,o,img/target_9.png
44,1,429,modular,6,w,img/target_2.png
44,1,430,modular,5,o,img/target_9.png
44,1,431,modular,6,w,img/target_2.png
44,1,432,modular,9,e,img/target_3.png
44,1,433,modular,7,b,img/target_6.png
44,1,434,modular,9,e,img/target_3.png
44,1,435,modular,0,u,img/target_7.png
44,1,436,modular,1,i,img/target_8.png
44,1,437,modular,3,v,img/target_5.png
44,1,438,modular,4,r,img/target_4.png
44,1,439,modular,1,i,img/target_8.png
44,1,440,modular,3,v,img/target_5.png
44,1,441,modular,1,i,img/target_8.png
44,1,442,modular,4,r,img/target_4.png
44,1,443,modular,2,p,img/target_10.png
44,1,444,modular,3,v,img/target_5.png
44,1,445,modular,1,i,img/target_8.png
44,1,446,modular,2,p,img/target_10.png
44,1,447,modular,3,v,img/target_5.png
44,1,448,modular,2,p,img/target_10.png
44,1,449,modular,0,u,img/target_7.png
44,1,450,modular,2,p,img/target_10.png
44,1,451,modular,3,v,img/target_5.png
44,1,452,modular,2,p,img/target_10.png
44,1,453,modular,3,v,img/target_5.png
44,1,454,modular,0,u,img/target_7.png
44,1,455,modular,9,e,img/target_3.png
44,1,456,modular,8,q,img/target_1.png
44,1,457,modular,9,e,img/target_3.png
44,1,458,modular,0,u,img/target_7.png
44,1,459,modular,1,i,img/target_8.png
44,1,460,modular,0,u,img/target_7.png
44,1,461,modular,1,i,img/target_8.png
44,1,462,modular,2,p,img/target_10.png
44,1,463,modular,0,u,img/target_7.png
44,1,464,modular,9,e,img/target_3.png
44,1,465,modular,7,b,img/target_6.png
44,1,466,modular,9,e,img/target_3.png
44,1,467,modular,8,q,img/target_1.png
44,1,468,modular,7,b,img/target_6.png
44,1,469,modular,8,q,img/target_1.png
44,1,470,modular,5,o,img/target_9.png
44,1,471,modular,4,r,img/target_4.png
44,1,472,modular,5,o,img/target_9.png
44,1,473,modular,7,b,img/target_6.png
44,1,474,modular,8,q,img/target_1.png
44,1,475,modular,7,b,img/target_6.png
44,1,476,modular,6,w,img/target_2.png
44,1,477,modular,7,b,img/target_6.png
44,1,478,modular,8,q,img/target_1.png
44,1,479,modular,9,e,img/target_3.png
44,1,480,modular,8,q,img/target_1.png
44,1,481,modular,6,w,img/target_2.png
44,1,482,modular,8,q,img/target_1.png
44,1,483,modular,9,e,img/target_3.png
44,1,484,modular,6,w,img/target_2.png
44,1,485,modular,7,b,img/target_6.png
44,1,486,modular,8,q,img/target_1.png
44,1,487,modular,7,b,img/target_6.png
44,1,488,modular,6,w,img/target_2.png
44,1,489,modular,7,b,img/target_6.png
44,1,490,modular,9,e,img/target_3.png
44,1,491,modular,6,w,img/target_2.png
44,1,492,modular,7,b,img/target_6.png
44,1,493,modular,6,w,img/target_2.png
44,1,494,modular,7,b,img/target_6.png
44,1,495,modular,6,w,img/target_2.png
44,1,496,modular,8,q,img/target_1.png
44,1,497,modular,5,o,img/target_9.png
44,1,498,modular,4,r,img/target_4.png
44,1,499,modular,1,i,img/target_8.png
44,1,500,modular,0,u,img/target_7.png
44,1,501,modular,9,e,img/target_3.png
44,1,502,modular,0,u,img/target_7.png
44,1,503,modular,9,e,img/target_3.png
44,1,504,modular,8,q,img/target_1.png
44,1,505,modular,5,o,img/target_9.png
44,1,506,modular,6,w,img/target_2.png
44,1,507,modular,7,b,img/target_6.png
44,1,508,modular,5,o,img/target_9.png
44,1,509,modular,4,r,img/target_4.png
44,1,510,modular,1,i,img/target_8.png
44,1,511,modular,3,v,img/target_5.png
44,1,512,modular,1,i,img/target_8.png
44,1,513,modular,2,p,img/target_10.png
44,1,514,modular,0,u,img/target_7.png
44,1,515,modular,1,i,img/target_8.png
44,1,516,modular,0,u,img/target_7.png
44,1,517,modular,3,v,img/target_5.png
44,1,518,modular,4,r,img/target_4.png
44,1,519,modular,3,v,img/target_5.png
44,1,520,modular,2,p,img/target_10.png
44,1,521,modular,1,i,img/target_8.png
44,1,522,modular,3,v,img/target_5.png
44,1,523,modular,2,p,img/target_10.png
44,1,524,modular,1,i,img/target_8.png
44,1,525,modular,3,v,img/target_5.png
44,1,526,modular,1,i,img/target_8.png
44,1,527,modular,3,v,img/target_5.png
44,1,528,modular,4,r,img/target_4.png
44,1,529,modular,5,o,img/target_9.png
44,1,530,modular,6,w,img/target_2.png
44,1,531,modular,7,b,img/target_6.png
44,1,532,modular,5,o,img/target_9.png
44,1,533,modular,8,q,img/target_1.png
44,1,534,modular,6,w,img/target_2.png
44,1,535,modular,7,b,img/target_6.png
44,1,536,modular,9,e,img/target_3.png
44,1,537,modular,0,u,img/target_7.png
44,1,538,modular,9,e,img/target_3.png
44,1,539,modular,6,w,img/target_2.png
44,1,540,modular,7,b,img/target_6.png
44,1,541,modular,9,e,img/target_3.png
44,1,542,modular,7,b,img/target_6.png
44,1,543,modular,6,w,img/target_2.png
44,1,544,modular,5,o,img/target_9.png
44,1,545,modular,7,b,img/target_6.png
44,1,546,modular,9,e,img/target_3.png
44,1,547,modular,0,u,img/target_7.png
44,1,548,modular,2,p,img/target_10.png
44,1,549,modular,4,r,img/target_4.png
44,1,550,modular,1,i,img/target_8.png
44,1,551,modular,4,r,img/target_4.png
44,1,552,modular,3,v,img/target_5.png
44,1,553,modular,2,p,img/target_10.png
44,1,554,modular,1,i,img/target_8.png
44,1,555,modular,0,u,img/target_7.png
44,1,556,modular,1,i,img/target_8.png
44,1,557,modular,4,r,img/target_4.png
44,1,558,modular,1,i,img/target_8.png
44,1,559,modular,4,r,img/target_4.png
44,1,560,modular,1,i,img/target_8.png
44,1,561,modular,0,u,img/target_7.png
44,1,562,modular,2,p,img/target_10.png
44,1,563,modular,1,i,img/target_8.png
44,1,564,modular,2,p,img/target_10.png
44,1,565,modular,3,v,img/target_5.png
44,1,566,modular,4,r,img/target_4.png
44,1,567,modular,3,v,img/target_5.png
44,1,568,modular,2,p,img/target_10.png
44,1,569,modular,1,i,img/target_8.png
44,1,570,modular,0,u,img/target_7.png
44,1,571,modular,9,e,img/target_3.png
44,1,572,modular,8,q,img/target_1.png
44,1,573,modular,6,w,img/target_2.png
44,1,574,modular,7,b,img/target_6.png
44,1,575,modular,8,q,img/target_1.png
44,1,576,modular,6,w,img/target_2.png
44,1,577,modular,9,e,img/target_3.png
44,1,578,modular,7,b,img/target_6.png
44,1,579,modular,6,w,img/target_2.png
44,1,580,modular,9,e,img/target_3.png
44,1,581,modular,7,b,img/target_6.png
44,1,582,modular,8,q,img/target_1.png
44,1,583,modular,7,b,img/target_6.png
44,1,584,modular,9,e,img/target_3.png
44,1,585,modular,0,u,img/target_7.png
44,1,586,modular,9,e,img/target_3.png
44,1,587,modular,6,w,img/target_2.png
44,1,588,modular,5,o,img/target_9.png
44,1,589,modular,6,w,img/target_2.png
44,1,590,modular,8,q,img/target_1.png
44,1,591,modular,7,b,img/target_6.png
44,1,592,modular,8,q,img/target_1.png
44,1,593,modular,6,w,img/target_2.png
44,1,594,modular,7,b,img/target_6.png
44,1,595,modular,6,w,img/target_2.png
44,1,596,modular,9,e,img/target_3.png
44,1,597,modular,0,u,img/target_7.png
44,1,598,modular,3,v,img/target_5.png
44,1,599,modular,2,p,img/target_10.png
44,1,600,modular,3,v,img/target_5.png
44,1,601,modular,1,i,img/target_8.png
44,1,602,modular,4,r,img/target_4.png
44,1,603,modular,2,p,img/target_10.png
44,1,604,modular,4,r,img/target_4.png
44,1,605,modular,3,v,img/target_5.png
44,1,606,modular,0,u,img/target_7.png
44,1,607,modular,2,p,img/target_10.png
44,1,608,modular,0,u,img/target_7.png
44,1,609,modular,3,v,img/target_5.png
44,1,610,modular,2,p,img/target_10.png
44,1,611,modular,0,u,img/target_7.png
44,1,612,modular,1,i,img/target_8.png
44,1,613,modular,0,u,img/target_7.png
44,1,614,modular,1,i,img/target_8.png
44,1,615,modular,0,u,img/target_7.png
44,1,616,modular,1,i,img/target_8.png
44,1,617,modular,4,r,img/target_4.png
44,1,618,modular,1,i,img/target_8.png
44,1,619,modular,4,r,img/target_4.png
44,1,620,modular,5,o,img/target_9.png
44,1,621,modular,7,b,img/target_6.png
44,1,622,modular,8,q,img/target_1.png
44,1,623,modular,5,o,img/target_9.png
44,1,624,modular,7,b,img/target_6.png
44,1,625,modular,9,e,img/target_3.png
44,1,626,modular,8,q,img/target_1.png
44,1,627,modular,5,o,img/target_9.png
44,1,628,modular,6,w,img/target_2.png
44,1,629,modular,7,b,img/target_6.png
44,1,630,modular,6,w,img/target_2.png
44,1,631,modular,7,b,img/target_6.png
44,1,632,modular,9,e,img/target_3.png
44,1,633,modular,7,b,img/target_6.png
44,1,634,modular,9,e,img/target_3.png
44,1,635,modular,0,u,img/target_7.png
44,1,636,modular,9,e,img/target_3.png
44,1,637,modular,0,u,img/target_7.png
44,1,638,modular,2,p,img/target_10.png
44,1,639,modular,4,r,img/target_4.png
44,1,640,modular,5,o,img/target_9.png
44,1,641,modular,4,r,img/target_4.png
44,1,642,modular,1,i,img/target_8.png
44,1,643,modular,2,p,img/target_10.png
44,1,644,modular,3,v,img/target_5.png
44,1,645,modular,2,p,img/target_10.png
44,1,646,modular,3,v,img/target_5.png
44,1,647,modular,4,r,img/target_4.png
44,1,648,modular,2,p,img/target_10.png
44,1,649,modular,4,r,img/target_4.png
44,1,650,modular,2,p,img/target_10.png
44,1,651,modular,3,v,img/target_5.png
44,1,652,modular,0,u,img/target_7.png
44,1,653,modular,9,e,img/target_3.png
44,1,654,modular,7,b,img/target_6.png
44,1,655,modular,9,e,img/target_3.png
44,1,656,modular,8,q,img/target_1.png
44,1,657,modular,5,o,img/target_9.png
44,1,658,modular,4,r,img/target_4.png
44,1,659,modular,2,p,img/target_10.png
44,1,660,modular,4,r,img/target_4.png
44,1,661,modular,5,o,img/target_9.png
44,1,662,modular,7,b,img/target_6.png
44,1,663,modular,5,o,img/target_9.png
44,1,664,modular,8,q,img/target_1.png
44,1,665,modular,6,w,img/target_2.png
44,1,666,modular,5,o,img/target_9.png
44,1,667,modular,8,q,img/target_1.png
44,1,668,modular,9,e,img/target_3.png
44,1,669,modular,7,b,img/target_6.png
44,1,670,modular,5,o,img/target_9.png
44,1,671,modular,7,b,img/target_6.png
44,1,672,modular,5,o,img/target_9.png
44,1,673,modular,8,q,img/target_1.png
44,1,674,modular,6,w,img/target_2.png
44,1,675,modular,7,b,img/target_6.png
44,1,676,modular,8,q,img/target_1.png
44,1,677,modular,6,w,img/target_2.png
44,1,678,modular,9,e,img/target_3.png
44,1,679,modular,6,w,img/target_2.png
44,1,680,modular,5,o,img/target_9.png
44,1,681,modular,4,r,img/target_4.png
44,1,682,modular,5,o,img/target_9.png
44,1,683,modular,4,r,img/target_4.png
44,1,684,modular,2,p,img/target_10.png
44,1,685,modular,1,i,img/target_8.png
44,1,686,modular,4,r,img/target_4.png
44,1,687,modular,2,p,img/target_10.png
44,1,688,modular,1,i,img/target_8.png
44,1,689,modular,2,p,img/target_10.png
44,1,690,modular,1,i,img/target_8.png
44,1,691,modular,2,p,img/target_10.png
44,1,692,modular,1,i,img/target_8.png
44,1,693,modular,3,v,img/target_5.png
44,1,694,modular,4,r,img/target_4.png
44,1,695,modular,2,p,img/target_10.png
44,1,696,modular,1,i,img/target_8.png
44,1,697,modular,3,v,img/target_5.png
44,1,698,modular,2,p,img/target_10.png
44,1,699,modular,0,u,img/target_7.png
44,1,700,modular,3,v,img/target_5.png
44,1,701,modular,2,p,img/target_10.png
44,1,702,modular,3,v,img/target_5.png
44,1,703,modular,1,i,img/target_8.png
44,1,704,modular,3,v,img/target_5.png
44,1,705,modular,0,u,img/target_7.png
44,1,706,modular,3,v,img/target_5.png
44,1,707,modular,2,p,img/target_10.png
44,1,708,modular,0,u,img/target_7.png
44,1,709,modular,1,i,img/target_8.png
44,1,710,modular,0,u,img/target_7.png
44,1,711,modular,9,e,img/target_3.png
44,1,712,modular,0,u,img/target_7.png
44,1,713,modular,3,v,img/target_5.png
44,1,714,modular,1,i,img/target_8.png
44,1,715,modular,2,p,img/target_10.png
44,1,716,modular,0,u,img/target_7.png
44,1,717,modular,1,i,img/target_8.png
44,1,718,modular,3,v,img/target_5.png
44,1,719,modular,0,u,img/target_7.png
44,1,720,modular,3,v,img/target_5.png
44,1,721,modular,2,p,img/target_10.png
44,1,722,modular,4,r,img/target_4.png
44,1,723,modular,5,o,img/target_9.png
44,1,724,modular,6,w,img/target_2.png
44,1,725,modular,9,e,img/target_3.png
44,1,726,modular,0,u,img/target_7.png
44,1,727,modular,1,i,img/target_8.png
44,1,728,modular,2,p,img/target_10.png
44,1,729,modular,4,r,img/target_4.png
44,1,730,modular,3,v,img/target_5.png
44,1,731,modular,2,p,img/target_10.png
44,1,732,modular,3,v,img/target_5.png
44,1,733,modular,0,u,img/target_7.png
44,1,734,modular,1,i,img/target_8.png
44,1,735,modular,3,v,img/target_5.png
44,1,736,modular,0,u,img/target_7.png
44,1,737,modular,1,i,img/target_8.png
44,1,738,modular,4,r,img/target_4.png
44,1,739,modular,5,o,img/target_9.png
44,1,740,modular,4,r,img/target_4.png
44,1,741,modular,1,i,img/target_8.png
44,1,742,modular,2,p,img/target_10.png
44,1,743,modular,1,i,img/target_8.png
44,1,744,modular,3,v,img/target_5.png
44,1,745,modular,0,u,img/target_7.png
44,1,746,modular,9,e,img/target_3.png
44,1,747,modular,6,w,img/target_2.png
44,1,748,modular,5,o,img/target_9.png
44,1,749,modular,6,w,img/target_2.png
44,1,750,modular,7,b,img/target_6.png
44,1,751,modular,6,w,img/target_2.png
44,1,752,modular,9,e,img/target_3.png
44,1,753,modular,7,b,img/target_6.png
44,1,754,modular,6,w,img/target_2.png
44,1,755,modular,5,o,img/target_9.png
44,1,756,modular,7,b,img/target_6.png
44,1,757,modular,8,q,img/target_1.png
44,1,758,modular,9,e,img/target_3.png
44,1,759,modular,0,u,img/target_7.png
44,1,760,modular,2,p,img/target_10.png
44,1,761,modular,0,u,img/target_7.png
44,1,762,modular,1,i,img/target_8.png
44,1,763,modular,4,r,img/target_4.png
44,1,764,modular,5,o,img/target_9.png
44,1,765,modular,7,b,img/target_6.png
44,1,766,modular,6,w,img/target_2.png
44,1,767,modular,8,q,img/target_1.png
44,1,768,modular,6,w,img/target_2.png
44,1,769,modular,5,o,img/target_9.png
44,1,770,modular,7,b,img/target_6.png
44,1,771,modular,9,e,img/target_3.png
44,1,772,modular,7,b,img/target_6.png
44,1,773,modular,9,e,img/target_3.png
44,1,774,modular,0,u,img/target_7.png
44,1,775,modular,2,p,img/target_10.png
44,1,776,modular,3,v,img/target_5.png
44,1,777,modular,1,i,img/target_8.png
44,1,778,modular,2,p,img/target_10.png
44,1,779,modular,3,v,img/target_5.png
44,1,780,modular,0,u,img/target_7.png
44,1,781,modular,1,i,img/target_8.png
44,1,782,modular,3,v,img/target_5.png
44,1,783,modular,4,r,img/target_4.png
44,1,784,modular,5,o,img/target_9.png
44,1,785,modular,8,q,img/target_1.png
44,1,786,modular,7,b,img/target_6.png
44,1,787,modular,8,q,img/target_1.png
44,1,788,modular,9,e,img/target_3.png
44,1,789,modular,0,u,img/target_7.png
44,1,790,modular,2,p,img/target_10.png
44,1,791,modular,1,i,img/target_8.png
44,1,792,modular,2,p,img/target_10.png
44,1,793,modular,0,u,img/target_7.png
44,1,794,modular,3,v,img/target_5.png
44,1,795,modular,4,r,img/target_4.png
44,1,796,modular,1,i,img/target_8.png
44,1,797,modular,4,r,img/target_4.png
44,1,798,modular,2,p,img/target_10.png
44,1,799,modular,4,r,img/target_4.png
44,1,800,modular,2,p,img/target_10.png
44,1,801,modular,0,u,img/target_7.png
44,1,802,modular,9,e,img/target_3.png
44,1,803,modular,7,b,img/target_6.png
44,1,804,modular,8,q,img/target_1.png
44,1,805,modular,6,w,img/target_2.png
44,1,806,modular,5,o,img/target_9.png
44,1,807,modular,4,r,img/target_4.png
44,1,808,modular,1,i,img/target_8.png
44,1,809,modular,2,p,img/target_10.png
44,1,810,modular,0,u,img/target_7.png
44,1,811,modular,9,e,img/target_3.png
44,1,812,modular,8,q,img/target_1.png
44,1,813,modular,5,o,img/target_9.png
44,1,814,modular,8,q,img/target_1.png
44,1,815,modular,7,b,img/target_6.png
44,1,816,modular,9,e,img/target_3.png
44,1,817,modular,0,u,img/target_7.png
44,1,818,modular,2,p,img/target_10.png
44,1,819,modular,0,u,img/target_7.png
44,1,820,modular,3,v,img/target_5.png
44,1,821,modular,4,r,img/target_4.png
44,1,822,modular,3,v,img/target_5.png
44,1,823,modular,0,u,img/target_7.png
44,1,824,modular,1,i,img/target_8.png
44,1,825,modular,3,v,img/target_5.png
44,1,826,modular,0,u,img/target_7.png
44,1,827,modular,1,i,img/target_8.png
44,1,828,modular,4,r,img/target_4.png
44,1,829,modular,1,i,img/target_8.png
44,1,830,modular,0,u,img/target_7.png
44,1,831,modular,2,p,img/target_10.png
44,1,832,modular,3,v,img/target_5.png
44,1,833,modular,2,p,img/target_10.png
44,1,834,modular,1,i,img/target_8.png
44,1,835,modular,3,v,img/target_5.png
44,1,836,modular,4,r,img/target_4.png
44,1,837,modular,2,p,img/target_10.png
44,1,838,modular,4,r,img/target_4.png
44,1,839,modular,3,v,img/target_5.png
44,1,840,modular,1,i,img/target_8.png
44,1,841,modular,4,r,img/target_4.png
44,1,842,modular,2,p,img/target_10.png
44,1,843,modular,0,u,img/target_7.png
44,1,844,modular,1,i,img/target_8.png
44,1,845,modular,2,p,img/target_10.png
44,1,846,modular,3,v,img/target_5.png
44,1,847,modular,2,p,img/target_10.png
44,1,848,modular,4,r,img/target_4.png
44,1,849,modular,2,p,img/target_10.png
44,1,850,modular,3,v,img/target_5.png
44,1,851,modular,4,r,img/target_4.png
44,1,852,modular,2,p,img/target_10.png
44,1,853,modular,1,i,img/target_8.png
44,1,854,modular,4,r,img/target_4.png
44,1,855,modular,3,v,img/target_5.png
44,1,856,modular,1,i,img/target_8.png
44,1,857,modular,4,r,img/target_4.png
44,1,858,modular,2,p,img/target_10.png
44,1,859,modular,3,v,img/target_5.png
44,1,860,modular,2,p,img/target_10.png
44,1,861,modular,0,u,img/target_7.png
44,1,862,modular,2,p,img/target_10.png
44,1,863,modular,1,i,img/target_8.png
44,1,864,modular,3,v,img/target_5.png
44,1,865,modular,0,u,img/target_7.png
44,1,866,modular,3,v,img/target_5.png
44,1,867,modular,2,p,img/target_10.png
44,1,868,modular,4,r,img/target_4.png
44,1,869,modular,1,i,img/target_8.png
44,1,870,modular,2,p,img/target_10.png
44,1,871,modular,1,i,img/target_8.png
44,1,872,modular,2,p,img/target_10.png
44,1,873,modular,0,u,img/target_7.png
44,1,874,modular,2,p,img/target_10.png
44,1,875,modular,0,u,img/target_7.png
44,1,876,modular,1,i,img/target_8.png
44,1,877,modular,4,r,img/target_4.png
44,1,878,modular,5,o,img/target_9.png
44,1,879,modular,6,w,img/target_2.png
44,1,880,modular,7,b,img/target_6.png
44,1,881,modular,8,q,img/target_1.png
44,1,882,modular,9,e,img/target_3.png
44,1,883,modular,0,u,img/target_7.png
44,1,884,modular,1,i,img/target_8.png
44,1,885,modular,4,r,img/target_4.png
44,1,886,modular,1,i,img/target_8.png
44,1,887,modular,0,u,img/target_7.png
44,1,888,modular,1,i,img/target_8.png
44,1,889,modular,3,v,img/target_5.png
44,1,890,modular,4,r,img/target_4.png
44,1,891,modular,5,o,img/target_9.png
44,1,892,modular,4,r,img/target_4.png
44,1,893,modular,5,o,img/target_9.png
44,1,894,modular,8,q,img/target_1.png
44,1,895,modular,5,o,img/target_9.png
44,1,896,modular,6,w,img/target_2.png
44,1,897,modular,5,o,img/target_9.png
44,1,898,modular,8,q,img/target_1.png
44,1,899,modular,5,o,img/target_9.png
44,1,900,modular,4,r,img/target_4.png
44,1,901,modular,5,o,img/target_9.png
44,1,902,modular,8,q,img/target_1.png
44,1,903,modular,7,b,img/target_6.png
44,1,904,modular,8,q,img/target_1.png
44,1,905,modular,7,b,img/target_6.png
44,1,906,modular,9,e,img/target_3.png
44,1,907,modular,6,w,img/target_2.png
44,1,908,modular,7,b,img/target_6.png
44,1,909,modular,9,e,img/target_3.png
44,1,910,modular,7,b,img/target_6.png
44,1,911,modular,9,e,img/target_3.png
44,1,912,modular,0,u,img/target_7.png
44,1,913,modular,1,i,img/target_8.png
44,1,914,modular,4,r,img/target_4.png
44,1,915,modular,3,v,img/target_5.png
44,1,916,modular,1,i,img/target_8.png
44,1,917,modular,0,u,img/target_7.png
44,1,918,modular,1,i,img/target_8.png
44,1,919,modular,4,r,img/target_4.png
44,1,920,modular,5,o,img/target_9.png
44,1,921,modular,4,r,img/target_4.png
44,1,922,modular,2,p,img/target_10.png
44,1,923,modular,0,u,img/target_7.png
44,1,924,modular,9,e,img/target_3.png
44,1,925,modular,0,u,img/target_7.png
44,1,926,modular,3,v,img/target_5.png
44,1,927,modular,1,i,img/target_8.png
44,1,928,modular,4,r,img/target_4.png
44,1,929,modular,5,o,img/target_9.png
44,1,930,modular,4,r,img/target_4.png
44,1,931,modular,2,p,img/target_10.png
44,1,932,modular,1,i,img/target_8.png
44,1,933,modular,0,u,img/target_7.png
44,1,934,modular,9,e,img/target_3.png
44,1,935,modular,8,q,img/target_1.png
44,1,936,modular,5,o,img/target_9.png
44,1,937,modular,7,b,img/target_6.png
44,1,938,modular,8,q,img/target_1.png
44,1,939,modular,6,w,img/target_2.png
44,1,940,modular,7,b,img/target_6.png
44,1,941,modular,9,e,img/target_3.png
44,1,942,modular,0,u,img/target_7.png
44,1,943,modular,1,i,img/target_8.png
44,1,944,modular,4,r,img/target_4.png
44,1,945,modular,3,v,img/target_5.png
44,1,946,modular,1,i,img/target_8.png
44,1,947,modular,4,r,img/target_4.png
44,1,948,modular,2,p,img/target_10.png
44,1,949,modular,3,v,img/target_5.png
44,1,950,modular,0,u,img/target_7.png
44,1,951,modular,3,v,img/target_5.png
44,1,952,modular,1,i,img/target_8.png
44,1,953,modular,4,r,img/target_4.png
44,1,954,modular,3,v,img/target_5.png
44,1,955,modular,2,p,img/target_10.png
44,1,956,modular,4,r,img/target_4.png
44,1,957,modular,5,o,img/target_9.png
44,1,958,modular,8,q,img/target_1.png
44,1,959,modular,6,w,img/target_2.png
44,1,960,modular,7,b,img/target_6.png
44,1,961,modular,6,w,img/target_2.png
44,1,962,modular,7,b,img/target_6.png
44,1,963,modular,6,w,img/target_2.png
44,1,964,modular,8,q,img/target_1.png
44,1,965,modular,9,e,img/target_3.png
44,1,966,modular,0,u,img/target_7.png
44,1,967,modular,9,e,img/target_3.png
44,1,968,modular,7,b,img/target_6.png
44,1,969,modular,8,q,img/target_1.png
44,1,970,modular,5,o,img/target_9.png
44,1,971,modular,4,r,img/target_4.png
44,1,972,modular,5,o,img/target_9.png
44,1,973,modular,8,q,img/target_1.png
44,1,974,modular,5,o,img/target_9.png
44,1,975,modular,6,w,img/target_2.png
44,1,976,modular,7,b,img/target_6.png
44,1,977,modular,5,o,img/target_9.png
44,1,978,modular,7,b,img/target_6.png
44,1,979,modular,9,e,img/target_3.png
44,1,980,modular,7,b,img/target_6.png
44,1,981,modular,5,o,img/target_9.png
44,1,982,modular,8,q,img/target_1.png
44,1,983,modular,5,o,img/target_9.png
44,1,984,modular,4,r,img/target_4.png
44,1,985,modular,1,i,img/target_8.png
44,1,986,modular,0,u,img/target_7.png
44,1,987,modular,9,e,img/target_3.png
44,1,988,modular,7,b,img/target_6.png
44,1,989,modular,6,w,img/target_2.png
44,1,990,modular,5,o,img/target_9.png
44,1,991,modular,8,q,img/target_1.png
44,1,992,modular,6,w,img/target_2.png
44,1,993,modular,5,o,img/target_9.png
44,1,994,modular,6,w,img/target_2.png
44,1,995,modular,7,b,img/target_6.png
44,1,996,modular,9,e,img/target_3.png
44,1,997,modular,6,w,img/target_2.png
44,1,998,modular,9,e,img/target_3.png
44,1,999,modular,0,u,img/target_7.png
44,1,1000,modular,2,p,img/target_10.png
