pID,sess,trialNum,graph,walk,resp,path
44,2,1,modular,0,u,img/target_7.png
44,2,2,modular,9,e,img/target_3.png
44,2,3,modular,0,u,img/target_7.png
44,2,4,modular,3,v,img/target_5.png
44,2,5,modular,2,p,img/target_10.png
44,2,6,modular,0,u,img/target_7.png
44,2,7,modular,1,i,img/target_8.png
44,2,8,modular,2,p,img/target_10.png
44,2,9,modular,3,v,img/target_5.png
44,2,10,modular,4,r,img/target_4.png
44,2,11,modular,5,o,img/target_9.png
44,2,12,modular,4,r,img/target_4.png
44,2,13,modular,5,o,img/target_9.png
44,2,14,modular,8,q,img/target_1.png
44,2,15,modular,5,o,img/target_9.png
44,2,16,modular,4,r,img/target_4.png
44,2,17,modular,1,i,img/target_8.png
44,2,18,modular,4,r,img/target_4.png
44,2,19,modular,2,p,img/target_10.png
44,2,20,modular,3,v,img/target_5.png
44,2,21,modular,1,i,img/target_8.png
44,2,22,modular,4,r,img/target_4.png
44,2,23,modular,3,v,img/target_5.png
44,2,24,modular,0,u,img/target_7.png
44,2,25,modular,1,i,img/target_8.png
44,2,26,modular,2,p,img/target_10.png
44,2,27,modular,0,u,img/target_7.png
44,2,28,modular,9,e,img/target_3.png
44,2,29,modular,7,b,img/target_6.png
44,2,30,modular,6,w,img/target_2.png
44,2,31,modular,7,b,img/target_6.png
44,2,32,modular,5,o,img/target_9.png
44,2,33,modular,6,w,img/target_2.png
44,2,34,modular,9,e,img/target_3.png
44,2,35,modular,0,u,img/target_7.png
44,2,36,modular,3,v,img/target_5.png
44,2,37,modular,1,i,img/target_8.png
44,2,38,modular,3,v,img/target_5.png
44,2,39,modular,2,p,img/target_10.png
44,2,40,modular,4,r,img/target_4.png
44,2,41,modular,1,i,img/target_8.png
44,2,42,modular,0,u,img/target_7.png
44,2,43,modular,1,i,img/target_8.png
44,2,44,modular,4,r,img/target_4.png
44,2,45,modular,3,v,img/target_5.png
44,2,46,modular,1,i,img/target_8.png
44,2,47,modular,2,p,img/target_10.png
44,2,48,modular,4,r,img/target_4.png
44,2,49,modular,2,p,img/target_10.png
44,2,50,modular,3,v,img/target_5.png
44,2,51,modular,2,p,img/target_10.png
44,2,52,modular,1,i,img/target_8.png
44,2,53,modular,3,v,img/target_5.png
44,2,54,modular,4,r,img/target_4.png
44,2,55,modular,5,o,img/target_9.png
44,2,56,modular,8,q,img/target_1.png
44,2,57,modular,6,w,img/target_2.png
44,2,58,modular,8,q,img/target_1.png
44,2,59,modular,6,w,img/target_2.png
44,2,60,modular,8,q,img/target_1.png
44,2,61,modular,6,w,img/target_2.png
44,2,62,modular,9,e,img/target_3.png
44,2,63,modular,7,b,img/target_6.png
44,2,64,modular,9,e,img/target_3.png
44,2,65,modular,7,b,img/target_6.png
44,2,66,modular,9,e,img/target_3.png
44,2,67,modular,8,q,img/target_1.png
44,2,68,modular,7,b,img/target_6.png
44,2,69,modular,8,q,img/target_1.png
44,2,70,modular,9,e,img/target_3.png
44,2,71,modular,8,q,img/target_1.png
44,2,72,modular,7,b,img/target_6.png
44,2,73,modular,8,q,img/target_1.png
44,2,74,modular,9,e,img/target_3.png
44,2,75,modular,0,u,img/target_7.png
44,2,76,modular,1,i,img/target_8.png
44,2,77,modular,0,u,img/target_7.png
44,2,78,modular,3,v,img/target_5.png
44,2,79,modular,1,i,img/target_8.png
44,2,80,modular,2,p,img/target_10.png
44,2,81,modular,3,v,img/target_5.png
44,2,82,modular,2,p,img/target_10.png
44,2,83,modular,0,u,img/target_7.png
44,2,84,modular,3,v,img/target_5.png
44,2,85,modular,4,r,img/target_4.png
44,2,86,modular,2,p,img/target_10.png
44,2,87,modular,0,u,img/target_7.png
44,2,88,modular,3,v,img/target_5.png
44,2,89,modular,2,p,img/target_10.png
44,2,90,modular,1,i,img/target_8.png
44,2,91,modular,3,v,img/target_5.png
44,2,92,modular,0,u,img/target_7.png
44,2,93,modular,2,p,img/target_10.png
44,2,94,modular,1,i,img/target_8.png
44,2,95,modular,0,u,img/target_7.png
44,2,96,modular,1,i,img/target_8.png
44,2,97,modular,2,p,img/target_10.png
44,2,98,modular,0,u,img/target_7.png
44,2,99,modular,1,i,img/target_8.png
44,2,100,modular,2,p,img/target_10.png
44,2,101,modular,1,i,img/target_8.png
44,2,102,modular,2,p,img/target_10.png
44,2,103,modular,3,v,img/target_5.png
44,2,104,modular,1,i,img/target_8.png
44,2,105,modular,0,u,img/target_7.png
44,2,106,modular,9,e,img/target_3.png
44,2,107,modular,0,u,img/target_7.png
44,2,108,modular,1,i,img/target_8.png
44,2,109,modular,3,v,img/target_5.png
44,2,110,modular,0,u,img/target_7.png
44,2,111,modular,1,i,img/target_8.png
44,2,112,modular,0,u,img/target_7.png
44,2,113,modular,3,v,img/target_5.png
44,2,114,modular,0,u,img/target_7.png
44,2,115,modular,9,e,img/target_3.png
44,2,116,modular,0,u,img/target_7.png
44,2,117,modular,1,i,img/target_8.png
44,2,118,modular,0,u,img/target_7.png
44,2,119,modular,1,i,img/target_8.png
44,2,120,modular,2,p,img/target_10.png
44,2,121,modular,4,r,img/target_4.png
44,2,122,modular,1,i,img/target_8.png
44,2,123,modular,4,r,img/target_4.png
44,2,124,modular,2,p,img/target_10.png
44,2,125,modular,3,v,img/target_5.png
44,2,126,modular,0,u,img/target_7.png
44,2,127,modular,9,e,img/target_3.png
44,2,128,modular,7,b,img/target_6.png
44,2,129,modular,5,o,img/target_9.png
44,2,130,modular,4,r,img/target_4.png
44,2,131,modular,5,o,img/target_9.png
44,2,132,modular,4,r,img/target_4.png
44,2,133,modular,1,i,img/target_8.png
44,2,134,modular,4,r,img/target_4.png
44,2,135,modular,3,v,img/target_5.png
44,2,136,modular,1,i,img/target_8.png
44,2,137,modular,2,p,img/target_10.png
44,2,138,modular,4,r,img/target_4.png
44,2,139,modular,5,o,img/target_9.png
44,2,140,modular,8,q,img/target_1.png
44,2,141,modular,5,o,img/target_9.png
44,2,142,modular,8,q,img/target_1.png
44,2,143,modular,5,o,img/target_9.png
44,2,144,modular,6,w,img/target_2.png
44,2,145,modular,7,b,img/target_6.png
44,2,146,modular,9,e,img/target_3.png
44,2,147,modular,0,u,img/target_7.png
44,2,148,modular,2,p,img/target_10.png
44,2,149,modular,0,u,img/target_7.png
44,2,150,modular,2,p,img/target_10.png
44,2,151,modular,3,v,img/target_5.png
44,2,152,modular,4,r,img/target_4.png
44,2,153,modular,3,v,img/target_5.png
44,2,154,modular,1,i,img/target_8.png
44,2,155,modular,4,r,img/target_4.png
44,2,156,modular,1,i,img/target_8.png
44,2,157,modular,4,r,img/target_4.png
44,2,158,modular,5,o,img/target_9.png
44,2,159,modular,8,q,img/target_1.png
44,2,160,modular,7,b,img/target_6.png
44,2,161,modular,9,e,img/target_3.png
44,2,162,modular,6,w,img/target_2.png
44,2,163,modular,9,e,img/target_3.png
44,2,164,modular,8,q,img/target_1.png
44,2,165,modular,6,w,img/target_2.png
44,2,166,modular,8,q,img/target_1.png
44,2,167,modular,5,o,img/target_9.png
44,2,168,modular,8,q,img/target_1.png
44,2,169,modular,7,b,img/target_6.png
44,2,170,modular,5,o,img/target_9.png
44,2,171,modular,4,r,img/target_4.png
44,2,172,modular,2,p,img/target_10.png
44,2,173,modular,1,i,img/target_8.png
44,2,174,modular,4,r,img/target_4.png
44,2,175,modular,2,p,img/target_10.png
44,2,176,modular,1,i,img/target_8.png
44,2,177,modular,4,r,img/target_4.png
44,2,178,modular,5,o,img/target_9.png
44,2,179,modular,4,r,img/target_4.png
44,2,180,modular,5,o,img/target_9.png
44,2,181,modular,8,q,img/target_1.png
44,2,182,modular,7,b,img/target_6.png
44,2,183,modular,5,o,img/target_9.png
44,2,184,modular,4,r,img/target_4.png
44,2,185,modular,1,i,img/target_8.png
44,2,186,modular,0,u,img/target_7.png
44,2,187,modular,9,e,img/target_3.png
44,2,188,modular,8,q,img/target_1.png
44,2,189,modular,7,b,img/target_6.png
44,2,190,modular,5,o,img/target_9.png
44,2,191,modular,4,r,img/target_4.png
44,2,192,modular,2,p,img/target_10.png
44,2,193,modular,3,v,img/target_5.png
44,2,194,modular,4,r,img/target_4.png
44,2,195,modular,2,p,img/target_10.png
44,2,196,modular,1,i,img/target_8.png
44,2,197,modular,3,v,img/target_5.png
44,2,198,modular,4,r,img/target_4.png
44,2,199,modular,1,i,img/target_8.png
44,2,200,modular,3,v,img/target_5.png
44,2,201,modular,2,p,img/target_10.png
44,2,202,modular,3,v,img/target_5.png
44,2,203,modular,2,p,img/target_10.png
44,2,204,modular,3,v,img/target_5.png
44,2,205,modular,2,p,img/target_10.png
44,2,206,modular,3,v,img/target_5.png
44,2,207,modular,2,p,img/target_10.png
44,2,208,modular,3,v,img/target_5.png
44,2,209,modular,2,p,img/target_10.png
44,2,210,modular,1,i,img/target_8.png
44,2,211,modular,0,u,img/target_7.png
44,2,212,modular,3,v,img/target_5.png
44,2,213,modular,2,p,img/target_10.png
44,2,214,modular,0,u,img/target_7.png
44,2,215,modular,3,v,img/target_5.png
44,2,216,modular,1,i,img/target_8.png
44,2,217,modular,3,v,img/target_5.png
44,2,218,modular,4,r,img/target_4.png
44,2,219,modular,5,o,img/target_9.png
44,2,220,modular,6,w,img/target_2.png
44,2,221,modular,5,o,img/target_9.png
44,2,222,modular,6,w,img/target_2.png
44,2,223,modular,8,q,img/target_1.png
44,2,224,modular,9,e,img/target_3.png
44,2,225,modular,0,u,img/target_7.png
44,2,226,modular,9,e,img/target_3.png
44,2,227,modular,7,b,img/target_6.png
44,2,228,modular,8,q,img/target_1.png
44,2,229,modular,6,w,img/target_2.png
44,2,230,modular,5,o,img/target_9.png
44,2,231,modular,8,q,img/target_1.png
44,2,232,modular,6,w,img/target_2.png
44,2,233,modular,7,b,img/target_6.png
44,2,234,modular,8,q,img/target_1.png
44,2,235,modular,7,b,img/target_6.png
44,2,236,modular,8,q,img/target_1.png
44,2,237,modular,6,w,img/target_2.png
44,2,238,modular,8,q,img/target_1.png
44,2,239,modular,7,b,img/target_6.png
44,2,240,modular,6,w,img/target_2.png
44,2,241,modular,7,b,img/target_6.png
44,2,242,modular,6,w,img/target_2.png
44,2,243,modular,8,q,img/target_1.png
44,2,244,modular,7,b,img/target_6.png
44,2,245,modular,5,o,img/target_9.png
44,2,246,modular,8,q,img/target_1.png
44,2,247,modular,5,o,img/target_9.png
44,2,248,modular,6,w,img/target_2.png
44,2,249,modular,8,q,img/target_1.png
44,2,250,modular,5,o,img/target_9.png
44,2,251,modular,8,q,img/target_1.png
44,2,252,modular,9,e,img/target_3.png
44,2,253,modular,0,u,img/target_7.png
44,2,254,modular,1,i,img/target_8.png
44,2,255,modular,0,u,img/target_7.png
44,2,256,modular,1,i,img/target_8.png
44,2,257,modular,4,r,img/target_4.png
44,2,258,modular,1,i,img/target_8.png
44,2,259,modular,4,r,img/target_4.png
44,2,260,modular,1,i,img/target_8.png
44,2,261,modular,4,r,img/target_4.png
44,2,262,modular,2,p,img/target_10.png
44,2,263,modular,0,u,img/target_7.png
44,2,264,modular,2,p,img/target_10.png
44,2,265,modular,4,r,img/target_4.png
44,2,266,modular,3,v,img/target_5.png
44,2,267,modular,1,i,img/target_8.png
44,2,268,modular,3,v,img/target_5.png
44,2,269,modular,4,r,img/target_4.png
44,2,270,modular,5,o,img/target_9.png
44,2,271,modular,6,w,img/target_2.png
44,2,272,modular,9,e,img/target_3.png
44,2,273,modular,6,w,img/target_2.png
44,2,274,modular,7,b,img/target_6.png
44,2,275,modular,9,e,img/target_3.png
44,2,276,modular,6,w,img/target_2.png
44,2,277,modular,9,e,img/target_3.png
44,2,278,modular,0,u,img/target_7.png
44,2,279,modular,3,v,img/target_5.png
44,2,280,modular,0,u,img/target_7.png
44,2,281,modular,3,v,img/target_5.png
44,2,282,modular,2,p,img/target_10.png
44,2,283,modular,3,v,img/target_5.png
44,2,284,modular,2,p,img/target_10.png
44,2,285,modular,3,v,img/target_5.png
44,2,286,modular,2,p,img/target_10.png
44,2,287,modular,1,i,img/target_8.png
44,2,288,modular,0,u,img/target_7.png
44,2,289,modular,3,v,img/target_5.png
44,2,290,modular,0,u,img/target_7.png
44,2,291,modular,3,v,img/target_5.png
44,2,292,modular,0,u,img/target_7.png
44,2,293,modular,2,p,img/target_10.png
44,2,294,modular,0,u,img/target_7.png
44,2,295,modular,2,p,img/target_10.png
44,2,296,modular,1,i,img/target_8.png
44,2,297,modular,4,r,img/target_4.png
44,2,298,modular,5,o,img/target_9.png
44,2,299,modular,8,q,img/target_1.png
44,2,300,modular,5,o,img/target_9.png
44,2,301,modular,8,q,img/target_1.png
44,2,302,modular,9,e,img/target_3.png
44,2,303,modular,7,b,img/target_6.png
44,2,304,modular,6,w,img/target_2.png
44,2,305,modular,9,e,img/target_3.png
44,2,306,modular,0,u,img/target_7.png
44,2,307,modular,1,i,img/target_8.png
44,2,308,modular,2,p,img/target_10.png
44,2,309,modular,1,i,img/target_8.png
44,2,310,modular,2,p,img/target_10.png
44,2,311,modular,3,v,img/target_5.png
44,2,312,modular,4,r,img/target_4.png
44,2,313,modular,2,p,img/target_10.png
44,2,314,modular,1,i,img/target_8.png
44,2,315,modular,4,r,img/target_4.png
44,2,316,modular,2,p,img/target_10.png
44,2,317,modular,0,u,img/target_7.png
44,2,318,modular,3,v,img/target_5.png
44,2,319,modular,0,u,img/target_7.png
44,2,320,modular,2,p,img/target_10.png
44,2,321,modular,0,u,img/target_7.png
44,2,322,modular,1,i,img/target_8.png
44,2,323,modular,4,r,img/target_4.png
44,2,324,modular,5,o,img/target_9.png
44,2,325,modular,8,q,img/target_1.png
44,2,326,modular,5,o,img/target_9.png
44,2,327,modular,8,q,img/target_1.png
44,2,328,modular,6,w,img/target_2.png
44,2,329,modular,9,e,img/target_3.png
44,2,330,modular,0,u,img/target_7.png
44,2,331,modular,9,e,img/target_3.png
44,2,332,modular,6,w,img/target_2.png
44,2,333,modular,7,b,img/target_6.png
44,2,334,modular,6,w,img/target_2.png
44,2,335,modular,8,q,img/target_1.png
44,2,336,modular,9,e,img/target_3.png
44,2,337,modular,6,w,img/target_2.png
44,2,338,modular,7,b,img/target_6.png
44,2,339,modular,5,o,img/target_9.png
44,2,340,modular,6,w,img/target_2.png
44,2,341,modular,8,q,img/target_1.png
44,2,342,modular,5,o,img/target_9.png
44,2,343,modular,7,b,img/target_6.png
44,2,344,modular,5,o,img/target_9.png
44,2,345,modular,8,q,img/target_1.png
44,2,346,modular,7,b,img/target_6.png
44,2,347,modular,8,q,img/target_1.png
44,2,348,modular,6,w,img/target_2.png
44,2,349,modular,9,e,img/target_3.png
44,2,350,modular,6,w,img/target_2.png
44,2,351,modular,8,q,img/target_1.png
44,2,352,modular,9,e,img/target_3.png
44,2,353,modular,7,b,img/target_6.png
44,2,354,modular,6,w,img/target_2.png
44,2,355,modular,9,e,img/target_3.png
44,2,356,modular,8,q,img/target_1.png
44,2,357,modular,7,b,img/target_6.png
44,2,358,modular,8,q,img/target_1.png
44,2,359,modular,5,o,img/target_9.png
44,2,360,modular,7,b,img/target_6.png
44,2,361,modular,8,q,img/target_1.png
44,2,362,modular,7,b,img/target_6.png
44,2,363,modular,6,w,img/target_2.png
44,2,364,modular,8,q,img/target_1.png
44,2,365,modular,9,e,img/target_3.png
44,2,366,modular,6,w,img/target_2.png
44,2,367,modular,5,o,img/target_9.png
44,2,368,modular,8,q,img/target_1.png
44,2,369,modular,9,e,img/target_3.png
44,2,370,modular,0,u,img/target_7.png
44,2,371,modular,3,v,img/target_5.png
44,2,372,modular,0,u,img/target_7.png
44,2,373,modular,2,p,img/target_10.png
44,2,374,modular,3,v,img/target_5.png
44,2,375,modular,1,i,img/target_8.png
44,2,376,modular,0,u,img/target_7.png
44,2,377,modular,9,e,img/target_3.png
44,2,378,modular,7,b,img/target_6.png
44,2,379,modular,6,w,img/target_2.png
44,2,380,modular,7,b,img/target_6.png
44,2,381,modular,9,e,img/target_3.png
44,2,382,modular,7,b,img/target_6.png
44,2,383,modular,9,e,img/target_3.png
44,2,384,modular,8,q,img/target_1.png
44,2,385,modular,5,o,img/target_9.png
44,2,386,modular,8,q,img/target_1.png
44,2,387,modular,7,b,img/target_6.png
44,2,388,modular,8,q,img/target_1.png
44,2,389,modular,5,o,img/target_9.png
44,2,390,modular,8,q,img/target_1.png
44,2,391,modular,5,o,img/target_9.png
44,2,392,modular,4,r,img/target_4.png
44,2,393,modular,1,i,img/target_8.png
44,2,394,modular,0,u,img/target_7.png
44,2,395,modular,1,i,img/target_8.png
44,2,396,modular,0,u,img/target_7.png
44,2,397,modular,1,i,img/target_8.png
44,2,398,modular,3,v,img/target_5.png
44,2,399,modular,2,p,img/target_10.png
44,2,400,modular,3,v,img/target_5.png
44,2,401,modular,1,i,img/target_8.png
44,2,402,modular,3,v,img/target_5.png
44,2,403,modular,2,p,img/target_10.png
44,2,404,modular,4,r,img/target_4.png
44,2,405,modular,5,o,img/target_9.png
44,2,406,modular,7,b,img/target_6.png
44,2,407,modular,5,o,img/target_9.png
44,2,408,modular,6,w,img/target_2.png
44,2,409,modular,9,e,img/target_3.png
44,2,410,modular,8,q,img/target_1.png
44,2,411,modular,9,e,img/target_3.png
44,2,412,modular,7,b,img/target_6.png
44,2,413,modular,9,e,img/target_3.png
44,2,414,modular,8,q,img/target_1.png
44,2,415,modular,6,w,img/target_2.png
44,2,416,modular,7,b,img/target_6.png
44,2,417,modular,6,w,img/target_2.png
44,2,418,modular,5,o,img/target_9.png
44,2,419,modular,4,r,img/target_4.png
44,2,420,modular,3,v,img/target_5.png
44,2,421,modular,1,i,img/target_8.png
44,2,422,modular,3,v,img/target_5.png
44,2,423,modular,4,r,img/target_4.png
44,2,424,modular,2,p,img/target_10.png
44,2,425,modular,0,u,img/target_7.png
44,2,426,modular,1,i,img/target_8.png
44,2,427,modular,4,r,img/target_4.png
44,2,428,modular,2,p,img/target_10.png
44,2,429,modular,4,r,img/target_4.png
44,2,430,modular,2,p,img/target_10.png
44,2,431,modular,0,u,img/target_7.png
44,2,432,modular,2,p,img/target_10.png
44,2,433,modular,4,r,img/target_4.png
44,2,434,modular,2,p,img/target_10.png
44,2,435,modular,0,u,img/target_7.png
44,2,436,modular,9,e,img/target_3.png
44,2,437,modular,6,w,img/target_2.png
44,2,438,modular,9,e,img/target_3.png
44,2,439,modular,6,w,img/target_2.png
44,2,440,modular,8,q,img/target_1.png
44,2,441,modular,5,o,img/target_9.png
44,2,442,modular,7,b,img/target_6.png
44,2,443,modular,9,e,img/target_3.png
44,2,444,modular,6,w,img/target_2.png
44,2,445,modular,8,q,img/target_1.png
44,2,446,modular,9,e,img/target_3.png
44,2,447,modular,8,q,img/target_1.png
44,2,448,modular,7,b,img/target_6.png
44,2,449,modular,8,q,img/target_1.png
44,2,450,modular,7,b,img/target_6.png
44,2,451,modular,5,o,img/target_9.png
44,2,452,modular,7,b,img/target_6.png
44,2,453,modular,5,o,img/target_9.png
44,2,454,modular,7,b,img/target_6.png
44,2,455,modular,8,q,img/target_1.png
44,2,456,modular,5,o,img/target_9.png
44,2,457,modular,8,q,img/target_1.png
44,2,458,modular,6,w,img/target_2.png
44,2,459,modular,7,b,img/target_6.png
44,2,460,modular,5,o,img/target_9.png
44,2,461,modular,8,q,img/target_1.png
44,2,462,modular,7,b,img/target_6.png
44,2,463,modular,5,o,img/target_9.png
44,2,464,modular,6,w,img/target_2.png
44,2,465,modular,5,o,img/target_9.png
44,2,466,modular,8,q,img/target_1.png
44,2,467,modular,6,w,img/target_2.png
44,2,468,modular,7,b,img/target_6.png
44,2,469,modular,9,e,img/target_3.png
44,2,470,modular,0,u,img/target_7.png
44,2,471,modular,3,v,img/target_5.png
44,2,472,modular,4,r,img/target_4.png
44,2,473,modular,5,o,img/target_9.png
44,2,474,modular,4,r,img/target_4.png
44,2,475,modular,2,p,img/target_10.png
44,2,476,modular,1,i,img/target_8.png
44,2,477,modular,3,v,img/target_5.png
44,2,478,modular,0,u,img/target_7.png
44,2,479,modular,3,v,img/target_5.png
44,2,480,modular,0,u,img/target_7.png
44,2,481,modular,1,i,img/target_8.png
44,2,482,modular,0,u,img/target_7.png
44,2,483,modular,9,e,img/target_3.png
44,2,484,modular,6,w,img/target_2.png
44,2,485,modular,8,q,img/target_1.png
44,2,486,modular,9,e,img/target_3.png
44,2,487,modular,6,w,img/target_2.png
44,2,488,modular,7,b,img/target_6.png
44,2,489,modular,5,o,img/target_9.png
44,2,490,modular,4,r,img/target_4.png
44,2,491,modular,1,i,img/target_8.png
44,2,492,modular,2,p,img/target_10.png
44,2,493,modular,1,i,img/target_8.png
44,2,494,modular,4,r,img/target_4.png
44,2,495,modular,1,i,img/target_8.png
44,2,496,modular,3,v,img/target_5.png
44,2,497,modular,2,p,img/target_10.png
44,2,498,modular,1,i,img/target_8.png
44,2,499,modular,2,p,img/target_10.png
44,2,500,modular,0,u,img/target_7.png
44,2,501,modular,1,i,img/target_8.png
44,2,502,modular,3,v,img/target_5.png
44,2,503,modular,1,i,img/target_8.png
44,2,504,modular,4,r,img/target_4.png
44,2,505,modular,3,v,img/target_5.png
44,2,506,modular,0,u,img/target_7.png
44,2,507,modular,3,v,img/target_5.png
44,2,508,modular,2,p,img/target_10.png
44,2,509,modular,4,r,img/target_4.png
44,2,510,modular,3,v,img/target_5.png
44,2,511,modular,4,r,img/target_4.png
44,2,512,modular,1,i,img/target_8.png
44,2,513,modular,4,r,img/target_4.png
44,2,514,modular,3,v,img/target_5.png
44,2,515,modular,2,p,img/target_10.png
44,2,516,modular,4,r,img/target_4.png
44,2,517,modular,1,i,img/target_8.png
44,2,518,modular,4,r,img/target_4.png
44,2,519,modular,3,v,img/target_5.png
44,2,520,modular,4,r,img/target_4.png
44,2,521,modular,1,i,img/target_8.png
44,2,522,modular,2,p,img/target_10.png
44,2,523,modular,3,v,img/target_5.png
44,2,524,modular,1,i,img/target_8.png
44,2,525,modular,2,p,img/target_10.png
44,2,526,modular,1,i,img/target_8.png
44,2,527,modular,3,v,img/target_5.png
44,2,528,modular,0,u,img/target_7.png
44,2,529,modular,3,v,img/target_5.png
44,2,530,modular,0,u,img/target_7.png
44,2,531,modular,9,e,img/target_3.png
44,2,532,modular,6,w,img/target_2.png
44,2,533,modular,8,q,img/target_1.png
44,2,534,modular,9,e,img/target_3.png
44,2,535,modular,6,w,img/target_2.png
44,2,536,modular,9,e,img/target_3.png
44,2,537,modular,0,u,img/target_7.png
44,2,538,modular,1,i,img/target_8.png
44,2,539,modular,2,p,img/target_10.png
44,2,540,modular,0,u,img/target_7.png
44,2,541,modular,2,p,img/target_10.png
44,2,542,modular,0,u,img/target_7.png
44,2,543,modular,2,p,img/target_10.png
44,2,544,modular,0,u,img/target_7.png
44,2,545,modular,2,p,img/target_10.png
44,2,546,modular,4,r,img/target_4.png
44,2,547,modular,3,v,img/target_5.png
44,2,548,modular,2,p,img/target_10.png
44,2,549,modular,3,v,img/target_5.png
44,2,550,modular,0,u,img/target_7.png
44,2,551,modular,9,e,img/target_3.png
44,2,552,modular,6,w,img/target_2.png
44,2,553,modular,8,q,img/target_1.png
44,2,554,modular,7,b,img/target_6.png
44,2,555,modular,6,w,img/target_2.png
44,2,556,modular,5,o,img/target_9.png
44,2,557,modular,8,q,img/target_1.png
44,2,558,modular,7,b,img/target_6.png
44,2,559,modular,8,q,img/target_1.png
44,2,560,modular,7,b,img/target_6.png
44,2,561,modular,9,e,img/target_3.png
44,2,562,modular,7,b,img/target_6.png
44,2,563,modular,5,o,img/target_9.png
44,2,564,modular,6,w,img/target_2.png
44,2,565,modular,5,o,img/target_9.png
44,2,566,modular,6,w,img/target_2.png
44,2,567,modular,9,e,img/target_3.png
44,2,568,modular,7,b,img/target_6.png
44,2,569,modular,8,q,img/target_1.png
44,2,570,modular,6,w,img/target_2.png
44,2,571,modular,7,b,img/target_6.png
44,2,572,modular,5,o,img/target_9.png
44,2,573,modular,6,w,img/target_2.png
44,2,574,modular,5,o,img/target_9.png
44,2,575,modular,6,w,img/target_2.png
44,2,576,modular,7,b,img/target_6.png
44,2,577,modular,9,e,img/target_3.png
44,2,578,modular,6,w,img/target_2.png
44,2,579,modular,9,e,img/target_3.png
44,2,580,modular,7,b,img/target_6.png
44,2,581,modular,9,e,img/target_3.png
44,2,582,modular,0,u,img/target_7.png
44,2,583,modular,1,i,img/target_8.png
44,2,584,modular,0,u,img/target_7.png
44,2,585,modular,9,e,img/target_3.png
44,2,586,modular,6,w,img/target_2.png
44,2,587,modular,8,q,img/target_1.png
44,2,588,modular,7,b,img/target_6.png
44,2,589,modular,5,o,img/target_9.png
44,2,590,modular,8,q,img/target_1.png
44,2,591,modular,9,e,img/target_3.png
44,2,592,modular,6,w,img/target_2.png
44,2,593,modular,9,e,img/target_3.png
44,2,594,modular,0,u,img/target_7.png
44,2,595,modular,2,p,img/target_10.png
44,2,596,modular,0,u,img/target_7.png
44,2,597,modular,9,e,img/target_3.png
44,2,598,modular,6,w,img/target_2.png
44,2,599,modular,8,q,img/target_1.png
44,2,600,modular,6,w,img/target_2.png
44,2,601,modular,9,e,img/target_3.png
44,2,602,modular,8,q,img/target_1.png
44,2,603,modular,6,w,img/target_2.png
44,2,604,modular,7,b,img/target_6.png
44,2,605,modular,5,o,img/target_9.png
44,2,606,modular,6,w,img/target_2.png
44,2,607,modular,5,o,img/target_9.png
44,2,608,modular,7,b,img/target_6.png
44,2,609,modular,5,o,img/target_9.png
44,2,610,modular,8,q,img/target_1.png
44,2,611,modular,9,e,img/target_3.png
44,2,612,modular,6,w,img/target_2.png
44,2,613,modular,8,q,img/target_1.png
44,2,614,modular,9,e,img/target_3.png
44,2,615,modular,0,u,img/target_7.png
44,2,616,modular,3,v,img/target_5.png
44,2,617,modular,4,r,img/target_4.png
44,2,618,modular,2,p,img/target_10.png
44,2,619,modular,3,v,img/target_5.png
44,2,620,modular,4,r,img/target_4.png
44,2,621,modular,5,o,img/target_9.png
44,2,622,modular,7,b,img/target_6.png
44,2,623,modular,5,o,img/target_9.png
44,2,624,modular,8,q,img/target_1.png
44,2,625,modular,5,o,img/target_9.png
44,2,626,modular,4,r,img/target_4.png
44,2,627,modular,5,o,img/target_9.png
44,2,628,modular,7,b,img/target_6.png
44,2,629,modular,6,w,img/target_2.png
44,2,630,modular,8,q,img/target_1.png
44,2,631,modular,5,o,img/target_9.png
44,2,632,modular,4,r,img/target_4.png
44,2,633,modular,3,v,img/target_5.png
44,2,634,modular,1,i,img/target_8.png
44,2,635,modular,2,p,img/target_10.png
44,2,636,modular,0,u,img/target_7.png
44,2,637,modular,1,i,img/target_8.png
44,2,638,modular,2,p,img/target_10.png
44,2,639,modular,4,r,img/target_4.png
44,2,640,modular,2,p,img/target_10.png
44,2,641,modular,1,i,img/target_8.png
44,2,642,modular,2,p,img/target_10.png
44,2,643,modular,4,r,img/target_4.png
44,2,644,modular,3,v,img/target_5.png
44,2,645,modular,2,p,img/target_10.png
44,2,646,modular,1,i,img/target_8.png
44,2,647,modular,0,u,img/target_7.png
44,2,648,modular,1,i,img/target_8.png
44,2,649,modular,0,u,img/target_7.png
44,2,650,modular,2,p,img/target_10.png
44,2,651,modular,4,r,img/target_4.png
44,2,652,modular,1,i,img/target_8.png
44,2,653,modular,0,u,img/target_7.png
44,2,654,modular,1,i,img/target_8.png
44,2,655,modular,4,r,img/target_4.png
44,2,656,modular,5,o,img/target_9.png
44,2,657,modular,6,w,img/target_2.png
44,2,658,modular,9,e,img/target_3.png
44,2,659,modular,0,u,img/target_7.png
44,2,660,modular,9,e,img/target_3.png
44,2,661,modular,7,b,img/target_6.png
44,2,662,modular,6,w,img/target_2.png
44,2,663,modular,5,o,img/target_9.png
44,2,664,modular,6,w,img/target_2.png
44,2,665,modular,9,e,img/target_3.png
44,2,666,modular,7,b,img/target_6.png
44,2,667,modular,9,e,img/target_3.png
44,2,668,modular,8,q,img/target_1.png
44,2,669,modular,7,b,img/target_6.png
44,2,670,modular,9,e,img/target_3.png
44,2,671,modular,7,b,img/target_6.png
44,2,672,modular,6,w,img/target_2.png
44,2,673,modular,8,q,img/target_1.png
44,2,674,modular,9,e,img/target_3.png
44,2,675,modular,0,u,img/target_7.png
44,2,676,modular,1,i,img/target_8.png
44,2,677,modular,2,p,img/target_10.png
44,2,678,modular,4,r,img/target_4.png
44,2,679,modular,2,p,img/target_10.png
44,2,680,modular,0,u,img/target_7.png
44,2,681,modular,2,p,img/target_10.png
44,2,682,modular,4,r,img/target_4.png
44,2,683,modular,5,o,img/target_9.png
44,2,684,modular,4,r,img/target_4.png
44,2,685,modular,3,v,img/target_5.png
44,2,686,modular,0,u,img/target_7.png
44,2,687,modular,1,i,img/target_8.png
44,2,688,modular,4,r,img/target_4.png
44,2,689,modular,5,o,img/target_9.png
44,2,690,modular,4,r,img/target_4.png
44,2,691,modular,1,i,img/target_8.png
44,2,692,modular,0,u,img/target_7.png
44,2,693,modular,3,v,img/target_5.png
44,2,694,modular,4,r,img/target_4.png
44,2,695,modular,3,v,img/target_5.png
44,2,696,modular,1,i,img/target_8.png
44,2,697,modular,2,p,img/target_10.png
44,2,698,modular,0,u,img/target_7.png
44,2,699,modular,2,p,img/target_10.png
44,2,700,modular,3,v,img/target_5.png
44,2,701,modular,2,p,img/target_10.png
44,2,702,modular,3,v,img/target_5.png
44,2,703,modular,2,p,img/target_10.png
44,2,704,modular,0,u,img/target_7.png
44,2,705,modular,2,p,img/target_10.png
44,2,706,modular,4,r,img/target_4.png
44,2,707,modular,3,v,img/target_5.png
44,2,708,modular,1,i,img/target_8.png
44,2,709,modular,0,u,img/target_7.png
44,2,710,modular,3,v,img/target_5.png
44,2,711,modular,0,u,img/target_7.png
44,2,712,modular,1,i,img/target_8.png
44,2,713,modular,4,r,img/target_4.png
44,2,714,modular,3,v,img/target_5.png
44,2,715,modular,1,i,img/target_8.png
44,2,716,modular,4,r,img/target_4.png
44,2,717,modular,1,i,img/target_8.png
44,2,718,modular,3,v,img/target_5.png
44,2,719,modular,4,r,img/target_4.png
44,2,720,modular,2,p,img/target_10.png
44,2,721,modular,4,r,img/target_4.png
44,2,722,modular,5,o,img/target_9.png
44,2,723,modular,6,w,img/target_2.png
44,2,724,modular,5,o,img/target_9.png
44,2,725,modular,4,r,img/target_4.png
44,2,726,modular,3,v,img/target_5.png
44,2,727,modular,0,u,img/target_7.png
44,2,728,modular,3,v,img/target_5.png
44,2,729,modular,1,i,img/target_8.png
44,2,730,modular,3,v,img/target_5.png
44,2,731,modular,1,i,img/target_8.png
44,2,732,modular,4,r,img/target_4.png
44,2,733,modular,3,v,img/target_5.png
44,2,734,modular,4,r,img/target_4.png
44,2,735,modular,3,v,img/target_5.png
44,2,736,modular,1,i,img/target_8.png
44,2,737,modular,0,u,img/target_7.png
44,2,738,modular,3,v,img/target_5.png
44,2,739,modular,2,p,img/target_10.png
44,2,740,modular,3,v,img/target_5.png
44,2,741,modular,1,i,img/target_8.png
44,2,742,modular,0,u,img/target_7.png
44,2,743,modular,3,v,img/target_5.png
44,2,744,modular,1,i,img/target_8.png
44,2,745,modular,0,u,img/target_7.png
44,2,746,modular,1,i,img/target_8.png
44,2,747,modular,2,p,img/target_10.png
44,2,748,modular,3,v,img/target_5.png
44,2,749,modular,1,i,img/target_8.png
44,2,750,modular,4,r,img/target_4.png
44,2,751,modular,1,i,img/target_8.png
44,2,752,modular,3,v,img/target_5.png
44,2,753,modular,0,u,img/target_7.png
44,2,754,modular,3,v,img/target_5.png
44,2,755,modular,2,p,img/target_10.png
44,2,756,modular,0,u,img/target_7.png
44,2,757,modular,3,v,img/target_5.png
44,2,758,modular,1,i,img/target_8.png
44,2,759,modular,2,p,img/target_10.png
44,2,760,modular,1,i,img/target_8.png
44,2,761,modular,2,p,img/target_10.png
44,2,762,modular,3,v,img/target_5.png
44,2,763,modular,0,u,img/target_7.png
44,2,764,modular,3,v,img/target_5.png
44,2,765,modular,1,i,img/target_8.png
44,2,766,modular,0,u,img/target_7.png
44,2,767,modular,3,v,img/target_5.png
44,2,768,modular,1,i,img/target_8.png
44,2,769,modular,0,u,img/target_7.png
44,2,770,modular,2,p,img/target_10.png
44,2,771,modular,4,r,img/target_4.png
44,2,772,modular,2,p,img/target_10.png
44,2,773,modular,4,r,img/target_4.png
44,2,774,modular,3,v,img/target_5.png
44,2,775,modular,0,u,img/target_7.png
44,2,776,modular,2,p,img/target_10.png
44,2,777,modular,4,r,img/target_4.png
44,2,778,modular,3,v,img/target_5.png
44,2,779,modular,4,r,img/target_4.png
44,2,780,modular,2,p,img/target_10.png
44,2,781,modular,0,u,img/target_7.png
44,2,782,modular,1,i,img/target_8.png
44,2,783,modular,2,p,img/target_10.png
44,2,784,modular,1,i,img/target_8.png
44,2,785,modular,4,r,img/target_4.png
44,2,786,modular,3,v,img/target_5.png
44,2,787,modular,0,u,img/target_7.png
44,2,788,modular,3,v,img/target_5.png
44,2,789,modular,1,i,img/target_8.png
44,2,790,modular,4,r,img/target_4.png
44,2,791,modular,2,p,img/target_10.png
44,2,792,modular,4,r,img/target_4.png
44,2,793,modular,5,o,img/target_9.png
44,2,794,modular,4,r,img/target_4.png
44,2,795,modular,5,o,img/target_9.png
44,2,796,modular,7,b,img/target_6.png
44,2,797,modular,9,e,img/target_3.png
44,2,798,modular,6,w,img/target_2.png
44,2,799,modular,5,o,img/target_9.png
44,2,800,modular,6,w,img/target_2.png
44,2,801,modular,9,e,img/target_3.png
44,2,802,modular,6,w,img/target_2.png
44,2,803,modular,9,e,img/target_3.png
44,2,804,modular,0,u,img/target_7.png
44,2,805,modular,1,i,img/target_8.png
44,2,806,modular,2,p,img/target_10.png
44,2,807,modular,1,i,img/target_8.png
44,2,808,modular,3,v,img/target_5.png
44,2,809,modular,0,u,img/target_7.png
44,2,810,modular,9,e,img/target_3.png
44,2,811,modular,7,b,img/target_6.png
44,2,812,modular,6,w,img/target_2.png
44,2,813,modular,5,o,img/target_9.png
44,2,814,modular,6,w,img/target_2.png
44,2,815,modular,5,o,img/target_9.png
44,2,816,modular,4,r,img/target_4.png
44,2,817,modular,2,p,img/target_10.png
44,2,818,modular,4,r,img/target_4.png
44,2,819,modular,5,o,img/target_9.png
44,2,820,modular,6,w,img/target_2.png
44,2,821,modular,7,b,img/target_6.png
44,2,822,modular,8,q,img/target_1.png
44,2,823,modular,9,e,img/target_3.png
44,2,824,modular,7,b,img/target_6.png
44,2,825,modular,9,e,img/target_3.png
44,2,826,modular,6,w,img/target_2.png
44,2,827,modular,8,q,img/target_1.png
44,2,828,modular,6,w,img/target_2.png
44,2,829,modular,7,b,img/target_6.png
44,2,830,modular,9,e,img/target_3.png
44,2,831,modular,6,w,img/target_2.png
44,2,832,modular,5,o,img/target_9.png
44,2,833,modular,7,b,img/target_6.png
44,2,834,modular,9,e,img/target_3.png
44,2,835,modular,8,q,img/target_1.png
44,2,836,modular,6,w,img/target_2.png
44,2,837,modular,8,q,img/target_1.png
44,2,838,modular,6,w,img/target_2.png
44,2,839,modular,7,b,img/target_6.png
44,2,840,modular,5,o,img/target_9.png
44,2,841,modular,8,q,img/target_1.png
44,2,842,modular,9,e,img/target_3.png
44,2,843,modular,7,b,img/target_6.png
44,2,844,modular,8,q,img/target_1.png
44,2,845,modular,6,w,img/target_2.png
44,2,846,modular,9,e,img/target_3.png
44,2,847,modular,6,w,img/target_2.png
44,2,848,modular,5,o,img/target_9.png
44,2,849,modular,4,r,img/target_4.png
44,2,850,modular,5,o,img/target_9.png
44,2,851,modular,7,b,img/target_6.png
44,2,852,modular,8,q,img/target_1.png
44,2,853,modular,6,w,img/target_2.png
44,2,854,modular,8,q,img/target_1.png
44,2,855,modular,6,w,img/target_2.png
44,2,856,modular,7,b,img/target_6.png
44,2,857,modular,6,w,img/target_2.png
44,2,858,modular,9,e,img/target_3.png
44,2,859,modular,0,u,img/target_7.png
44,2,860,modular,3,v,img/target_5.png
44,2,861,modular,0,u,img/target_7.png
44,2,862,modular,3,v,img/target_5.png
44,2,863,modular,2,p,img/target_10.png
44,2,864,modular,0,u,img/target_7.png
44,2,865,modular,2,p,img/target_10.png
44,2,866,modular,4,r,img/target_4.png
44,2,867,modular,1,i,img/target_8.png
44,2,868,modular,2,p,img/target_10.png
44,2,869,modular,3,v,img/target_5.png
44,2,870,modular,4,r,img/target_4.png
44,2,871,modular,5,o,img/target_9.png
44,2,872,modular,6,w,img/target_2.png
44,2,873,modular,8,q,img/target_1.png
44,2,874,modular,7,b,img/target_6.png
44,2,875,modular,9,e,img/target_3.png
44,2,876,modular,0,u,img/target_7.png
44,2,877,modular,9,e,img/target_3.png
44,2,878,modular,6,w,img/target_2.png
44,2,879,modular,5,o,img/target_9.png
44,2,880,modular,8,q,img/target_1.png
44,2,881,modular,5,o,img/target_9.png
44,2,882,modular,4,r,img/target_4.png
44,2,883,modular,2,p,img/target_10.png
44,2,884,modular,4,r,img/target_4.png
44,2,885,modular,2,p,img/target_10.png
44,2,886,modular,4,r,img/target_4.png
44,2,887,modular,1,i,img/target_8.png
44,2,888,modular,3,v,img/target_5.png
44,2,889,modular,0,u,img/target_7.png
44,2,890,modular,1,i,img/target_8.png
44,2,891,modular,0,u,img/target_7.png
44,2,892,modular,2,p,img/target_10.png
44,2,893,modular,4,r,img/target_4.png
44,2,894,modular,3,v,img/target_5.png
44,2,895,modular,4,r,img/target_4.png
44,2,896,modular,2,p,img/target_10.png
44,2,897,modular,3,v,img/target_5.png
44,2,898,modular,1,i,img/target_8.png
44,2,899,modular,2,p,img/target_10.png
44,2,900,modular,3,v,img/target_5.png
44,2,901,modular,4,r,img/target_4.png
44,2,902,modular,3,v,img/target_5.png
44,2,903,modular,4,r,img/target_4.png
44,2,904,modular,5,o,img/target_9.png
44,2,905,modular,7,b,img/target_6.png
44,2,906,modular,8,q,img/target_1.png
44,2,907,modular,6,w,img/target_2.png
44,2,908,modular,7,b,img/target_6.png
44,2,909,modular,8,q,img/target_1.png
44,2,910,modular,7,b,img/target_6.png
44,2,911,modular,5,o,img/target_9.png
44,2,912,modular,7,b,img/target_6.png
44,2,913,modular,8,q,img/target_1.png
44,2,914,modular,5,o,img/target_9.png
44,2,915,modular,8,q,img/target_1.png
44,2,916,modular,5,o,img/target_9.png
44,2,917,modular,8,q,img/target_1.png
44,2,918,modular,7,b,img/target_6.png
44,2,919,modular,8,q,img/target_1.png
44,2,920,modular,5,o,img/target_9.png
44,2,921,modular,6,w,img/target_2.png
44,2,922,modular,7,b,img/target_6.png
44,2,923,modular,5,o,img/target_9.png
44,2,924,modular,8,q,img/target_1.png
44,2,925,modular,7,b,img/target_6.png
44,2,926,modular,6,w,img/target_2.png
44,2,927,modular,5,o,img/target_9.png
44,2,928,modular,8,q,img/target_1.png
44,2,929,modular,7,b,img/target_6.png
44,2,930,modular,6,w,img/target_2.png
44,2,931,modular,7,b,img/target_6.png
44,2,932,modular,9,e,img/target_3.png
44,2,933,modular,7,b,img/target_6.png
44,2,934,modular,6,w,img/target_2.png
44,2,935,modular,7,b,img/target_6.png
44,2,936,modular,5,o,img/target_9.png
44,2,937,modular,6,w,img/target_2.png
44,2,938,modular,9,e,img/target_3.png
44,2,939,modular,6,w,img/target_2.png
44,2,940,modular,9,e,img/target_3.png
44,2,941,modular,8,q,img/target_1.png
44,2,942,modular,6,w,img/target_2.png
44,2,943,modular,8,q,img/target_1.png
44,2,944,modular,5,o,img/target_9.png
44,2,945,modular,6,w,img/target_2.png
44,2,946,modular,7,b,img/target_6.png
44,2,947,modular,5,o,img/target_9.png
44,2,948,modular,8,q,img/target_1.png
44,2,949,modular,5,o,img/target_9.png
44,2,950,modular,8,q,img/target_1.png
44,2,951,modular,5,o,img/target_9.png
44,2,952,modular,7,b,img/target_6.png
44,2,953,modular,6,w,img/target_2.png
44,2,954,modular,9,e,img/target_3.png
44,2,955,modular,0,u,img/target_7.png
44,2,956,modular,2,p,img/target_10.png
44,2,957,modular,4,r,img/target_4.png
44,2,958,modular,1,i,img/target_8.png
44,2,959,modular,3,v,img/target_5.png
44,2,960,modular,2,p,img/target_10.png
44,2,961,modular,4,r,img/target_4.png
44,2,962,modular,1,i,img/target_8.png
44,2,963,modular,3,v,img/target_5.png
44,2,964,modular,2,p,img/target_10.png
44,2,965,modular,3,v,img/target_5.png
44,2,966,modular,1,i,img/target_8.png
44,2,967,modular,2,p,img/target_10.png
44,2,968,modular,3,v,img/target_5.png
44,2,969,modular,2,p,img/target_10.png
44,2,970,modular,4,r,img/target_4.png
44,2,971,modular,2,p,img/target_10.png
44,2,972,modular,1,i,img/target_8.png
44,2,973,modular,3,v,img/target_5.png
44,2,974,modular,2,p,img/target_10.png
44,2,975,modular,3,v,img/target_5.png
44,2,976,modular,1,i,img/target_8.png
44,2,977,modular,0,u,img/target_7.png
44,2,978,modular,2,p,img/target_10.png
44,2,979,modular,3,v,img/target_5.png
44,2,980,modular,4,r,img/target_4.png
44,2,981,modular,5,o,img/target_9.png
44,2,982,modular,8,q,img/target_1.png
44,2,983,modular,6,w,img/target_2.png
44,2,984,modular,7,b,img/target_6.png
44,2,985,modular,5,o,img/target_9.png
44,2,986,modular,4,r,img/target_4.png
44,2,987,modular,5,o,img/target_9.png
44,2,988,modular,8,q,img/target_1.png
44,2,989,modular,6,w,img/target_2.png
44,2,990,modular,5,o,img/target_9.png
44,2,991,modular,7,b,img/target_6.png
44,2,992,modular,6,w,img/target_2.png
44,2,993,modular,9,e,img/target_3.png
44,2,994,modular,7,b,img/target_6.png
44,2,995,modular,8,q,img/target_1.png
44,2,996,modular,6,w,img/target_2.png
44,2,997,modular,8,q,img/target_1.png
44,2,998,modular,5,o,img/target_9.png
44,2,999,modular,6,w,img/target_2.png
44,2,1000,modular,5,o,img/target_9.png
