pID,trialNum,graph,walk,resp,path
1,1,lattice,5,i,img/target_8.png
1,2,lattice,6,p,img/target_10.png
1,3,lattice,4,w,img/target_2.png
1,4,lattice,2,q,img/target_1.png
1,5,lattice,1,v,img/target_5.png
1,6,lattice,2,q,img/target_1.png
1,7,lattice,0,b,img/target_6.png
1,8,lattice,8,u,img/target_7.png
1,9,lattice,0,b,img/target_6.png
1,10,lattice,8,u,img/target_7.png
1,11,lattice,9,r,img/target_4.png
1,12,lattice,7,e,img/target_3.png
1,13,lattice,6,p,img/target_10.png
1,14,lattice,8,u,img/target_7.png
1,15,lattice,0,b,img/target_6.png
1,16,lattice,8,u,img/target_7.png
1,17,lattice,7,e,img/target_3.png
1,18,lattice,9,r,img/target_4.png
1,19,lattice,1,v,img/target_5.png
1,20,lattice,0,b,img/target_6.png
1,21,lattice,1,v,img/target_5.png
1,22,lattice,3,o,img/target_9.png
1,23,lattice,5,i,img/target_8.png
1,24,lattice,4,w,img/target_2.png
1,25,lattice,2,q,img/target_1.png
1,26,lattice,3,o,img/target_9.png
1,27,lattice,4,w,img/target_2.png
1,28,lattice,6,p,img/target_10.png
1,29,lattice,7,e,img/target_3.png
1,30,lattice,8,u,img/target_7.png
1,31,lattice,6,p,img/target_10.png
1,32,lattice,4,w,img/target_2.png
1,33,lattice,2,q,img/target_1.png
1,34,lattice,4,w,img/target_2.png
1,35,lattice,5,i,img/target_8.png
1,36,lattice,6,p,img/target_10.png
1,37,lattice,7,e,img/target_3.png
1,38,lattice,9,r,img/target_4.png
1,39,lattice,1,v,img/target_5.png
1,40,lattice,2,q,img/target_1.png
1,41,lattice,0,b,img/target_6.png
1,42,lattice,9,r,img/target_4.png
1,43,lattice,1,v,img/target_5.png
1,44,lattice,2,q,img/target_1.png
1,45,lattice,3,o,img/target_9.png
1,46,lattice,4,w,img/target_2.png
1,47,lattice,3,o,img/target_9.png
1,48,lattice,5,i,img/target_8.png
1,49,lattice,6,p,img/target_10.png
1,50,lattice,4,w,img/target_2.png
1,51,lattice,2,q,img/target_1.png
1,52,lattice,0,b,img/target_6.png
1,53,lattice,8,u,img/target_7.png
1,54,lattice,7,e,img/target_3.png
1,55,lattice,6,p,img/target_10.png
1,56,lattice,4,w,img/target_2.png
1,57,lattice,6,p,img/target_10.png
1,58,lattice,8,u,img/target_7.png
1,59,lattice,6,p,img/target_10.png
1,60,lattice,7,e,img/target_3.png
1,61,lattice,8,u,img/target_7.png
1,62,lattice,9,r,img/target_4.png
1,63,lattice,7,e,img/target_3.png
1,64,lattice,9,r,img/target_4.png
1,65,lattice,0,b,img/target_6.png
1,66,lattice,1,v,img/target_5.png
1,67,lattice,9,r,img/target_4.png
1,68,lattice,1,v,img/target_5.png
1,69,lattice,3,o,img/target_9.png
1,70,lattice,5,i,img/target_8.png
1,71,lattice,3,o,img/target_9.png
1,72,lattice,5,i,img/target_8.png
1,73,lattice,3,o,img/target_9.png
1,74,lattice,4,w,img/target_2.png
1,75,lattice,6,p,img/target_10.png
1,76,lattice,8,u,img/target_7.png
1,77,lattice,6,p,img/target_10.png
1,78,lattice,4,w,img/target_2.png
1,79,lattice,5,i,img/target_8.png
1,80,lattice,3,o,img/target_9.png
1,81,lattice,4,w,img/target_2.png
1,82,lattice,3,o,img/target_9.png
1,83,lattice,1,v,img/target_5.png
1,84,lattice,3,o,img/target_9.png
1,85,lattice,5,i,img/target_8.png
1,86,lattice,4,w,img/target_2.png
1,87,lattice,3,o,img/target_9.png
1,88,lattice,5,i,img/target_8.png
1,89,lattice,4,w,img/target_2.png
1,90,lattice,6,p,img/target_10.png
1,91,lattice,7,e,img/target_3.png
1,92,lattice,5,i,img/target_8.png
1,93,lattice,3,o,img/target_9.png
1,94,lattice,2,q,img/target_1.png
1,95,lattice,0,b,img/target_6.png
1,96,lattice,8,u,img/target_7.png
1,97,lattice,0,b,img/target_6.png
1,98,lattice,1,v,img/target_5.png
1,99,lattice,9,r,img/target_4.png
1,100,lattice,0,b,img/target_6.png
1,101,lattice,9,r,img/target_4.png
1,102,lattice,7,e,img/target_3.png
1,103,lattice,8,u,img/target_7.png
1,104,lattice,0,b,img/target_6.png
1,105,lattice,9,r,img/target_4.png
1,106,lattice,7,e,img/target_3.png
1,107,lattice,9,r,img/target_4.png
1,108,lattice,7,e,img/target_3.png
1,109,lattice,9,r,img/target_4.png
1,110,lattice,7,e,img/target_3.png
1,111,lattice,9,r,img/target_4.png
1,112,lattice,1,v,img/target_5.png
1,113,lattice,2,q,img/target_1.png
1,114,lattice,0,b,img/target_6.png
1,115,lattice,9,r,img/target_4.png
1,116,lattice,8,u,img/target_7.png
1,117,lattice,7,e,img/target_3.png
1,118,lattice,9,r,img/target_4.png
1,119,lattice,0,b,img/target_6.png
1,120,lattice,2,q,img/target_1.png
1,121,lattice,1,v,img/target_5.png
1,122,lattice,2,q,img/target_1.png
1,123,lattice,4,w,img/target_2.png
1,124,lattice,3,o,img/target_9.png
1,125,lattice,1,v,img/target_5.png
1,126,lattice,9,r,img/target_4.png
1,127,lattice,1,v,img/target_5.png
1,128,lattice,2,q,img/target_1.png
1,129,lattice,0,b,img/target_6.png
1,130,lattice,2,q,img/target_1.png
1,131,lattice,3,o,img/target_9.png
1,132,lattice,2,q,img/target_1.png
1,133,lattice,4,w,img/target_2.png
1,134,lattice,2,q,img/target_1.png
1,135,lattice,1,v,img/target_5.png
1,136,lattice,9,r,img/target_4.png
1,137,lattice,8,u,img/target_7.png
1,138,lattice,7,e,img/target_3.png
1,139,lattice,5,i,img/target_8.png
1,140,lattice,4,w,img/target_2.png
1,141,lattice,5,i,img/target_8.png
1,142,lattice,4,w,img/target_2.png
1,143,lattice,2,q,img/target_1.png
1,144,lattice,3,o,img/target_9.png
1,145,lattice,4,w,img/target_2.png
1,146,lattice,2,q,img/target_1.png
1,147,lattice,4,w,img/target_2.png
1,148,lattice,6,p,img/target_10.png
1,149,lattice,8,u,img/target_7.png
1,150,lattice,7,e,img/target_3.png
1,151,lattice,5,i,img/target_8.png
1,152,lattice,3,o,img/target_9.png
1,153,lattice,1,v,img/target_5.png
1,154,lattice,0,b,img/target_6.png
1,155,lattice,1,v,img/target_5.png
1,156,lattice,9,r,img/target_4.png
1,157,lattice,7,e,img/target_3.png
1,158,lattice,9,r,img/target_4.png
1,159,lattice,0,b,img/target_6.png
1,160,lattice,2,q,img/target_1.png
1,161,lattice,0,b,img/target_6.png
1,162,lattice,8,u,img/target_7.png
1,163,lattice,6,p,img/target_10.png
1,164,lattice,4,w,img/target_2.png
1,165,lattice,5,i,img/target_8.png
1,166,lattice,7,e,img/target_3.png
1,167,lattice,8,u,img/target_7.png
1,168,lattice,6,p,img/target_10.png
1,169,lattice,7,e,img/target_3.png
1,170,lattice,5,i,img/target_8.png
1,171,lattice,3,o,img/target_9.png
1,172,lattice,1,v,img/target_5.png
1,173,lattice,9,r,img/target_4.png
1,174,lattice,8,u,img/target_7.png
1,175,lattice,6,p,img/target_10.png
1,176,lattice,8,u,img/target_7.png
1,177,lattice,0,b,img/target_6.png
1,178,lattice,8,u,img/target_7.png
1,179,lattice,7,e,img/target_3.png
1,180,lattice,6,p,img/target_10.png
1,181,lattice,5,i,img/target_8.png
1,182,lattice,3,o,img/target_9.png
1,183,lattice,1,v,img/target_5.png
1,184,lattice,0,b,img/target_6.png
1,185,lattice,8,u,img/target_7.png
1,186,lattice,7,e,img/target_3.png
1,187,lattice,6,p,img/target_10.png
1,188,lattice,7,e,img/target_3.png
1,189,lattice,6,p,img/target_10.png
1,190,lattice,8,u,img/target_7.png
1,191,lattice,0,b,img/target_6.png
1,192,lattice,8,u,img/target_7.png
1,193,lattice,6,p,img/target_10.png
1,194,lattice,5,i,img/target_8.png
1,195,lattice,3,o,img/target_9.png
1,196,lattice,1,v,img/target_5.png
1,197,lattice,2,q,img/target_1.png
1,198,lattice,4,w,img/target_2.png
1,199,lattice,6,p,img/target_10.png
1,200,lattice,4,w,img/target_2.png
1,201,lattice,2,q,img/target_1.png
1,202,lattice,0,b,img/target_6.png
1,203,lattice,9,r,img/target_4.png
1,204,lattice,8,u,img/target_7.png
1,205,lattice,6,p,img/target_10.png
1,206,lattice,7,e,img/target_3.png
1,207,lattice,5,i,img/target_8.png
1,208,lattice,4,w,img/target_2.png
1,209,lattice,2,q,img/target_1.png
1,210,lattice,4,w,img/target_2.png
1,211,lattice,2,q,img/target_1.png
1,212,lattice,0,b,img/target_6.png
1,213,lattice,2,q,img/target_1.png
1,214,lattice,4,w,img/target_2.png
1,215,lattice,3,o,img/target_9.png
1,216,lattice,2,q,img/target_1.png
1,217,lattice,3,o,img/target_9.png
1,218,lattice,1,v,img/target_5.png
1,219,lattice,0,b,img/target_6.png
1,220,lattice,1,v,img/target_5.png
1,221,lattice,2,q,img/target_1.png
1,222,lattice,3,o,img/target_9.png
1,223,lattice,2,q,img/target_1.png
1,224,lattice,3,o,img/target_9.png
1,225,lattice,2,q,img/target_1.png
1,226,lattice,1,v,img/target_5.png
1,227,lattice,2,q,img/target_1.png
1,228,lattice,4,w,img/target_2.png
1,229,lattice,3,o,img/target_9.png
1,230,lattice,1,v,img/target_5.png
1,231,lattice,3,o,img/target_9.png
1,232,lattice,2,q,img/target_1.png
1,233,lattice,1,v,img/target_5.png
1,234,lattice,9,r,img/target_4.png
1,235,lattice,0,b,img/target_6.png
1,236,lattice,2,q,img/target_1.png
1,237,lattice,1,v,img/target_5.png
1,238,lattice,0,b,img/target_6.png
1,239,lattice,1,v,img/target_5.png
1,240,lattice,0,b,img/target_6.png
1,241,lattice,1,v,img/target_5.png
1,242,lattice,2,q,img/target_1.png
1,243,lattice,4,w,img/target_2.png
1,244,lattice,3,o,img/target_9.png
1,245,lattice,1,v,img/target_5.png
1,246,lattice,0,b,img/target_6.png
1,247,lattice,2,q,img/target_1.png
1,248,lattice,3,o,img/target_9.png
1,249,lattice,2,q,img/target_1.png
1,250,lattice,4,w,img/target_2.png
1,251,lattice,2,q,img/target_1.png
1,252,lattice,3,o,img/target_9.png
1,253,lattice,1,v,img/target_5.png
1,254,lattice,9,r,img/target_4.png
1,255,lattice,8,u,img/target_7.png
1,256,lattice,9,r,img/target_4.png
1,257,lattice,0,b,img/target_6.png
1,258,lattice,2,q,img/target_1.png
1,259,lattice,1,v,img/target_5.png
1,260,lattice,2,q,img/target_1.png
1,261,lattice,3,o,img/target_9.png
1,262,lattice,4,w,img/target_2.png
1,263,lattice,6,p,img/target_10.png
1,264,lattice,7,e,img/target_3.png
1,265,lattice,6,p,img/target_10.png
1,266,lattice,5,i,img/target_8.png
1,267,lattice,3,o,img/target_9.png
1,268,lattice,1,v,img/target_5.png
1,269,lattice,2,q,img/target_1.png
1,270,lattice,0,b,img/target_6.png
1,271,lattice,2,q,img/target_1.png
1,272,lattice,4,w,img/target_2.png
1,273,lattice,2,q,img/target_1.png
1,274,lattice,3,o,img/target_9.png
1,275,lattice,1,v,img/target_5.png
1,276,lattice,9,r,img/target_4.png
1,277,lattice,7,e,img/target_3.png
1,278,lattice,6,p,img/target_10.png
1,279,lattice,8,u,img/target_7.png
1,280,lattice,0,b,img/target_6.png
1,281,lattice,2,q,img/target_1.png
1,282,lattice,0,b,img/target_6.png
1,283,lattice,8,u,img/target_7.png
1,284,lattice,0,b,img/target_6.png
1,285,lattice,2,q,img/target_1.png
1,286,lattice,0,b,img/target_6.png
1,287,lattice,8,u,img/target_7.png
1,288,lattice,6,p,img/target_10.png
1,289,lattice,4,w,img/target_2.png
1,290,lattice,2,q,img/target_1.png
1,291,lattice,0,b,img/target_6.png
1,292,lattice,9,r,img/target_4.png
1,293,lattice,1,v,img/target_5.png
1,294,lattice,9,r,img/target_4.png
1,295,lattice,8,u,img/target_7.png
1,296,lattice,0,b,img/target_6.png
1,297,lattice,1,v,img/target_5.png
1,298,lattice,0,b,img/target_6.png
1,299,lattice,1,v,img/target_5.png
1,300,lattice,9,r,img/target_4.png
1,301,lattice,7,e,img/target_3.png
1,302,lattice,9,r,img/target_4.png
1,303,lattice,7,e,img/target_3.png
1,304,lattice,6,p,img/target_10.png
1,305,lattice,7,e,img/target_3.png
1,306,lattice,8,u,img/target_7.png
1,307,lattice,7,e,img/target_3.png
1,308,lattice,6,p,img/target_10.png
1,309,lattice,5,i,img/target_8.png
1,310,lattice,4,w,img/target_2.png
1,311,lattice,5,i,img/target_8.png
1,312,lattice,6,p,img/target_10.png
1,313,lattice,5,i,img/target_8.png
1,314,lattice,6,p,img/target_10.png
1,315,lattice,7,e,img/target_3.png
1,316,lattice,6,p,img/target_10.png
1,317,lattice,5,i,img/target_8.png
1,318,lattice,3,o,img/target_9.png
1,319,lattice,1,v,img/target_5.png
1,320,lattice,3,o,img/target_9.png
1,321,lattice,1,v,img/target_5.png
1,322,lattice,3,o,img/target_9.png
1,323,lattice,4,w,img/target_2.png
1,324,lattice,2,q,img/target_1.png
1,325,lattice,4,w,img/target_2.png
1,326,lattice,3,o,img/target_9.png
1,327,lattice,4,w,img/target_2.png
1,328,lattice,5,i,img/target_8.png
1,329,lattice,4,w,img/target_2.png
1,330,lattice,5,i,img/target_8.png
1,331,lattice,3,o,img/target_9.png
1,332,lattice,2,q,img/target_1.png
1,333,lattice,0,b,img/target_6.png
1,334,lattice,8,u,img/target_7.png
1,335,lattice,9,r,img/target_4.png
1,336,lattice,8,u,img/target_7.png
1,337,lattice,9,r,img/target_4.png
1,338,lattice,0,b,img/target_6.png
1,339,lattice,2,q,img/target_1.png
1,340,lattice,4,w,img/target_2.png
1,341,lattice,3,o,img/target_9.png
1,342,lattice,4,w,img/target_2.png
1,343,lattice,3,o,img/target_9.png
1,344,lattice,2,q,img/target_1.png
1,345,lattice,1,v,img/target_5.png
1,346,lattice,3,o,img/target_9.png
1,347,lattice,1,v,img/target_5.png
1,348,lattice,0,b,img/target_6.png
1,349,lattice,9,r,img/target_4.png
1,350,lattice,1,v,img/target_5.png
1,351,lattice,0,b,img/target_6.png
1,352,lattice,8,u,img/target_7.png
1,353,lattice,6,p,img/target_10.png
1,354,lattice,5,i,img/target_8.png
1,355,lattice,7,e,img/target_3.png
1,356,lattice,6,p,img/target_10.png
1,357,lattice,8,u,img/target_7.png
1,358,lattice,0,b,img/target_6.png
1,359,lattice,9,r,img/target_4.png
1,360,lattice,1,v,img/target_5.png
1,361,lattice,9,r,img/target_4.png
1,362,lattice,1,v,img/target_5.png
1,363,lattice,0,b,img/target_6.png
1,364,lattice,9,r,img/target_4.png
1,365,lattice,0,b,img/target_6.png
1,366,lattice,2,q,img/target_1.png
1,367,lattice,4,w,img/target_2.png
1,368,lattice,3,o,img/target_9.png
1,369,lattice,5,i,img/target_8.png
1,370,lattice,4,w,img/target_2.png
1,371,lattice,5,i,img/target_8.png
1,372,lattice,7,e,img/target_3.png
1,373,lattice,8,u,img/target_7.png
1,374,lattice,0,b,img/target_6.png
1,375,lattice,8,u,img/target_7.png
1,376,lattice,0,b,img/target_6.png
1,377,lattice,9,r,img/target_4.png
1,378,lattice,8,u,img/target_7.png
1,379,lattice,0,b,img/target_6.png
1,380,lattice,8,u,img/target_7.png
1,381,lattice,0,b,img/target_6.png
1,382,lattice,1,v,img/target_5.png
1,383,lattice,9,r,img/target_4.png
1,384,lattice,1,v,img/target_5.png
1,385,lattice,3,o,img/target_9.png
1,386,lattice,2,q,img/target_1.png
1,387,lattice,1,v,img/target_5.png
1,388,lattice,3,o,img/target_9.png
1,389,lattice,4,w,img/target_2.png
1,390,lattice,6,p,img/target_10.png
1,391,lattice,8,u,img/target_7.png
1,392,lattice,7,e,img/target_3.png
1,393,lattice,8,u,img/target_7.png
1,394,lattice,7,e,img/target_3.png
1,395,lattice,8,u,img/target_7.png
1,396,lattice,7,e,img/target_3.png
1,397,lattice,6,p,img/target_10.png
1,398,lattice,4,w,img/target_2.png
1,399,lattice,5,i,img/target_8.png
1,400,lattice,3,o,img/target_9.png
1,401,lattice,2,q,img/target_1.png
1,402,lattice,0,b,img/target_6.png
1,403,lattice,2,q,img/target_1.png
1,404,lattice,1,v,img/target_5.png
1,405,lattice,2,q,img/target_1.png
1,406,lattice,3,o,img/target_9.png
1,407,lattice,5,i,img/target_8.png
1,408,lattice,4,w,img/target_2.png
1,409,lattice,2,q,img/target_1.png
1,410,lattice,1,v,img/target_5.png
1,411,lattice,2,q,img/target_1.png
1,412,lattice,1,v,img/target_5.png
1,413,lattice,3,o,img/target_9.png
1,414,lattice,5,i,img/target_8.png
1,415,lattice,7,e,img/target_3.png
1,416,lattice,9,r,img/target_4.png
1,417,lattice,1,v,img/target_5.png
1,418,lattice,0,b,img/target_6.png
1,419,lattice,1,v,img/target_5.png
1,420,lattice,0,b,img/target_6.png
1,421,lattice,1,v,img/target_5.png
1,422,lattice,3,o,img/target_9.png
1,423,lattice,5,i,img/target_8.png
1,424,lattice,7,e,img/target_3.png
1,425,lattice,8,u,img/target_7.png
1,426,lattice,9,r,img/target_4.png
1,427,lattice,8,u,img/target_7.png
1,428,lattice,6,p,img/target_10.png
1,429,lattice,5,i,img/target_8.png
1,430,lattice,7,e,img/target_3.png
1,431,lattice,8,u,img/target_7.png
1,432,lattice,6,p,img/target_10.png
1,433,lattice,5,i,img/target_8.png
1,434,lattice,6,p,img/target_10.png
1,435,lattice,5,i,img/target_8.png
1,436,lattice,3,o,img/target_9.png
1,437,lattice,1,v,img/target_5.png
1,438,lattice,2,q,img/target_1.png
1,439,lattice,1,v,img/target_5.png
1,440,lattice,9,r,img/target_4.png
1,441,lattice,1,v,img/target_5.png
1,442,lattice,0,b,img/target_6.png
1,443,lattice,2,q,img/target_1.png
1,444,lattice,1,v,img/target_5.png
1,445,lattice,0,b,img/target_6.png
1,446,lattice,8,u,img/target_7.png
1,447,lattice,9,r,img/target_4.png
1,448,lattice,1,v,img/target_5.png
1,449,lattice,3,o,img/target_9.png
1,450,lattice,1,v,img/target_5.png
1,451,lattice,0,b,img/target_6.png
1,452,lattice,8,u,img/target_7.png
1,453,lattice,0,b,img/target_6.png
1,454,lattice,2,q,img/target_1.png
1,455,lattice,0,b,img/target_6.png
1,456,lattice,8,u,img/target_7.png
1,457,lattice,6,p,img/target_10.png
1,458,lattice,7,e,img/target_3.png
1,459,lattice,9,r,img/target_4.png
1,460,lattice,7,e,img/target_3.png
1,461,lattice,6,p,img/target_10.png
1,462,lattice,4,w,img/target_2.png
1,463,lattice,3,o,img/target_9.png
1,464,lattice,5,i,img/target_8.png
1,465,lattice,3,o,img/target_9.png
1,466,lattice,5,i,img/target_8.png
1,467,lattice,4,w,img/target_2.png
1,468,lattice,5,i,img/target_8.png
1,469,lattice,7,e,img/target_3.png
1,470,lattice,6,p,img/target_10.png
1,471,lattice,4,w,img/target_2.png
1,472,lattice,3,o,img/target_9.png
1,473,lattice,5,i,img/target_8.png
1,474,lattice,6,p,img/target_10.png
1,475,lattice,8,u,img/target_7.png
1,476,lattice,9,r,img/target_4.png
1,477,lattice,7,e,img/target_3.png
1,478,lattice,8,u,img/target_7.png
1,479,lattice,6,p,img/target_10.png
1,480,lattice,8,u,img/target_7.png
1,481,lattice,7,e,img/target_3.png
1,482,lattice,9,r,img/target_4.png
1,483,lattice,0,b,img/target_6.png
1,484,lattice,9,r,img/target_4.png
1,485,lattice,7,e,img/target_3.png
1,486,lattice,9,r,img/target_4.png
1,487,lattice,8,u,img/target_7.png
1,488,lattice,7,e,img/target_3.png
1,489,lattice,9,r,img/target_4.png
1,490,lattice,0,b,img/target_6.png
1,491,lattice,2,q,img/target_1.png
1,492,lattice,3,o,img/target_9.png
1,493,lattice,4,w,img/target_2.png
1,494,lattice,3,o,img/target_9.png
1,495,lattice,2,q,img/target_1.png
1,496,lattice,0,b,img/target_6.png
1,497,lattice,1,v,img/target_5.png
1,498,lattice,3,o,img/target_9.png
1,499,lattice,4,w,img/target_2.png
1,500,lattice,3,o,img/target_9.png
1,501,lattice,4,w,img/target_2.png
1,502,lattice,3,o,img/target_9.png
1,503,lattice,5,i,img/target_8.png
1,504,lattice,6,p,img/target_10.png
1,505,lattice,7,e,img/target_3.png
1,506,lattice,5,i,img/target_8.png
1,507,lattice,3,o,img/target_9.png
1,508,lattice,5,i,img/target_8.png
1,509,lattice,6,p,img/target_10.png
1,510,lattice,5,i,img/target_8.png
1,511,lattice,3,o,img/target_9.png
1,512,lattice,4,w,img/target_2.png
1,513,lattice,2,q,img/target_1.png
1,514,lattice,1,v,img/target_5.png
1,515,lattice,2,q,img/target_1.png
1,516,lattice,3,o,img/target_9.png
1,517,lattice,1,v,img/target_5.png
1,518,lattice,9,r,img/target_4.png
1,519,lattice,1,v,img/target_5.png
1,520,lattice,0,b,img/target_6.png
1,521,lattice,9,r,img/target_4.png
1,522,lattice,8,u,img/target_7.png
1,523,lattice,6,p,img/target_10.png
1,524,lattice,8,u,img/target_7.png
1,525,lattice,7,e,img/target_3.png
1,526,lattice,6,p,img/target_10.png
1,527,lattice,4,w,img/target_2.png
1,528,lattice,5,i,img/target_8.png
1,529,lattice,7,e,img/target_3.png
1,530,lattice,8,u,img/target_7.png
1,531,lattice,6,p,img/target_10.png
1,532,lattice,5,i,img/target_8.png
1,533,lattice,7,e,img/target_3.png
1,534,lattice,6,p,img/target_10.png
1,535,lattice,4,w,img/target_2.png
1,536,lattice,6,p,img/target_10.png
1,537,lattice,8,u,img/target_7.png
1,538,lattice,9,r,img/target_4.png
1,539,lattice,8,u,img/target_7.png
1,540,lattice,0,b,img/target_6.png
1,541,lattice,2,q,img/target_1.png
1,542,lattice,0,b,img/target_6.png
1,543,lattice,8,u,img/target_7.png
1,544,lattice,9,r,img/target_4.png
1,545,lattice,8,u,img/target_7.png
1,546,lattice,7,e,img/target_3.png
1,547,lattice,8,u,img/target_7.png
1,548,lattice,9,r,img/target_4.png
1,549,lattice,7,e,img/target_3.png
1,550,lattice,5,i,img/target_8.png
1,551,lattice,7,e,img/target_3.png
1,552,lattice,8,u,img/target_7.png
1,553,lattice,7,e,img/target_3.png
1,554,lattice,8,u,img/target_7.png
1,555,lattice,9,r,img/target_4.png
1,556,lattice,7,e,img/target_3.png
1,557,lattice,8,u,img/target_7.png
1,558,lattice,9,r,img/target_4.png
1,559,lattice,0,b,img/target_6.png
1,560,lattice,8,u,img/target_7.png
1,561,lattice,0,b,img/target_6.png
1,562,lattice,8,u,img/target_7.png
1,563,lattice,6,p,img/target_10.png
1,564,lattice,8,u,img/target_7.png
1,565,lattice,7,e,img/target_3.png
1,566,lattice,6,p,img/target_10.png
1,567,lattice,5,i,img/target_8.png
1,568,lattice,6,p,img/target_10.png
1,569,lattice,5,i,img/target_8.png
1,570,lattice,7,e,img/target_3.png
1,571,lattice,5,i,img/target_8.png
1,572,lattice,4,w,img/target_2.png
1,573,lattice,2,q,img/target_1.png
1,574,lattice,1,v,img/target_5.png
1,575,lattice,0,b,img/target_6.png
1,576,lattice,9,r,img/target_4.png
1,577,lattice,7,e,img/target_3.png
1,578,lattice,9,r,img/target_4.png
1,579,lattice,8,u,img/target_7.png
1,580,lattice,9,r,img/target_4.png
1,581,lattice,8,u,img/target_7.png
1,582,lattice,7,e,img/target_3.png
1,583,lattice,5,i,img/target_8.png
1,584,lattice,4,w,img/target_2.png
1,585,lattice,5,i,img/target_8.png
1,586,lattice,7,e,img/target_3.png
1,587,lattice,6,p,img/target_10.png
1,588,lattice,7,e,img/target_3.png
1,589,lattice,6,p,img/target_10.png
1,590,lattice,5,i,img/target_8.png
1,591,lattice,4,w,img/target_2.png
1,592,lattice,3,o,img/target_9.png
1,593,lattice,4,w,img/target_2.png
1,594,lattice,5,i,img/target_8.png
1,595,lattice,6,p,img/target_10.png
1,596,lattice,5,i,img/target_8.png
1,597,lattice,3,o,img/target_9.png
1,598,lattice,1,v,img/target_5.png
1,599,lattice,3,o,img/target_9.png
1,600,lattice,5,i,img/target_8.png
1,601,lattice,3,o,img/target_9.png
1,602,lattice,5,i,img/target_8.png
1,603,lattice,3,o,img/target_9.png
1,604,lattice,2,q,img/target_1.png
1,605,lattice,4,w,img/target_2.png
1,606,lattice,6,p,img/target_10.png
1,607,lattice,7,e,img/target_3.png
1,608,lattice,6,p,img/target_10.png
1,609,lattice,5,i,img/target_8.png
1,610,lattice,4,w,img/target_2.png
1,611,lattice,5,i,img/target_8.png
1,612,lattice,3,o,img/target_9.png
1,613,lattice,2,q,img/target_1.png
1,614,lattice,4,w,img/target_2.png
1,615,lattice,2,q,img/target_1.png
1,616,lattice,4,w,img/target_2.png
1,617,lattice,5,i,img/target_8.png
1,618,lattice,4,w,img/target_2.png
1,619,lattice,6,p,img/target_10.png
1,620,lattice,7,e,img/target_3.png
1,621,lattice,6,p,img/target_10.png
1,622,lattice,5,i,img/target_8.png
1,623,lattice,4,w,img/target_2.png
1,624,lattice,2,q,img/target_1.png
1,625,lattice,1,v,img/target_5.png
1,626,lattice,0,b,img/target_6.png
1,627,lattice,8,u,img/target_7.png
1,628,lattice,6,p,img/target_10.png
1,629,lattice,8,u,img/target_7.png
1,630,lattice,0,b,img/target_6.png
1,631,lattice,1,v,img/target_5.png
1,632,lattice,3,o,img/target_9.png
1,633,lattice,4,w,img/target_2.png
1,634,lattice,3,o,img/target_9.png
1,635,lattice,5,i,img/target_8.png
1,636,lattice,4,w,img/target_2.png
1,637,lattice,2,q,img/target_1.png
1,638,lattice,0,b,img/target_6.png
1,639,lattice,1,v,img/target_5.png
1,640,lattice,9,r,img/target_4.png
1,641,lattice,8,u,img/target_7.png
1,642,lattice,6,p,img/target_10.png
1,643,lattice,7,e,img/target_3.png
1,644,lattice,9,r,img/target_4.png
1,645,lattice,7,e,img/target_3.png
1,646,lattice,9,r,img/target_4.png
1,647,lattice,7,e,img/target_3.png
1,648,lattice,9,r,img/target_4.png
1,649,lattice,7,e,img/target_3.png
1,650,lattice,8,u,img/target_7.png
1,651,lattice,6,p,img/target_10.png
1,652,lattice,7,e,img/target_3.png
1,653,lattice,5,i,img/target_8.png
1,654,lattice,7,e,img/target_3.png
1,655,lattice,6,p,img/target_10.png
1,656,lattice,4,w,img/target_2.png
1,657,lattice,5,i,img/target_8.png
1,658,lattice,4,w,img/target_2.png
1,659,lattice,6,p,img/target_10.png
1,660,lattice,7,e,img/target_3.png
1,661,lattice,9,r,img/target_4.png
1,662,lattice,7,e,img/target_3.png
1,663,lattice,8,u,img/target_7.png
1,664,lattice,0,b,img/target_6.png
1,665,lattice,8,u,img/target_7.png
1,666,lattice,6,p,img/target_10.png
1,667,lattice,4,w,img/target_2.png
1,668,lattice,3,o,img/target_9.png
1,669,lattice,1,v,img/target_5.png
1,670,lattice,3,o,img/target_9.png
1,671,lattice,2,q,img/target_1.png
1,672,lattice,3,o,img/target_9.png
1,673,lattice,4,w,img/target_2.png
1,674,lattice,6,p,img/target_10.png
1,675,lattice,4,w,img/target_2.png
1,676,lattice,2,q,img/target_1.png
1,677,lattice,0,b,img/target_6.png
1,678,lattice,2,q,img/target_1.png
1,679,lattice,1,v,img/target_5.png
1,680,lattice,2,q,img/target_1.png
1,681,lattice,1,v,img/target_5.png
1,682,lattice,0,b,img/target_6.png
1,683,lattice,1,v,img/target_5.png
1,684,lattice,0,b,img/target_6.png
1,685,lattice,8,u,img/target_7.png
1,686,lattice,0,b,img/target_6.png
1,687,lattice,1,v,img/target_5.png
1,688,lattice,0,b,img/target_6.png
1,689,lattice,9,r,img/target_4.png
1,690,lattice,8,u,img/target_7.png
1,691,lattice,7,e,img/target_3.png
1,692,lattice,8,u,img/target_7.png
1,693,lattice,7,e,img/target_3.png
1,694,lattice,8,u,img/target_7.png
1,695,lattice,9,r,img/target_4.png
1,696,lattice,7,e,img/target_3.png
1,697,lattice,6,p,img/target_10.png
1,698,lattice,4,w,img/target_2.png
1,699,lattice,5,i,img/target_8.png
1,700,lattice,7,e,img/target_3.png
1,701,lattice,8,u,img/target_7.png
1,702,lattice,7,e,img/target_3.png
1,703,lattice,8,u,img/target_7.png
1,704,lattice,9,r,img/target_4.png
1,705,lattice,1,v,img/target_5.png
1,706,lattice,3,o,img/target_9.png
1,707,lattice,4,w,img/target_2.png
1,708,lattice,6,p,img/target_10.png
1,709,lattice,8,u,img/target_7.png
1,710,lattice,7,e,img/target_3.png
1,711,lattice,6,p,img/target_10.png
1,712,lattice,5,i,img/target_8.png
1,713,lattice,6,p,img/target_10.png
1,714,lattice,7,e,img/target_3.png
1,715,lattice,9,r,img/target_4.png
1,716,lattice,1,v,img/target_5.png
1,717,lattice,9,r,img/target_4.png
1,718,lattice,7,e,img/target_3.png
1,719,lattice,9,r,img/target_4.png
1,720,lattice,8,u,img/target_7.png
1,721,lattice,6,p,img/target_10.png
1,722,lattice,7,e,img/target_3.png
1,723,lattice,9,r,img/target_4.png
1,724,lattice,1,v,img/target_5.png
1,725,lattice,2,q,img/target_1.png
1,726,lattice,4,w,img/target_2.png
1,727,lattice,5,i,img/target_8.png
1,728,lattice,6,p,img/target_10.png
1,729,lattice,4,w,img/target_2.png
1,730,lattice,3,o,img/target_9.png
1,731,lattice,5,i,img/target_8.png
1,732,lattice,7,e,img/target_3.png
1,733,lattice,8,u,img/target_7.png
1,734,lattice,9,r,img/target_4.png
1,735,lattice,1,v,img/target_5.png
1,736,lattice,9,r,img/target_4.png
1,737,lattice,0,b,img/target_6.png
1,738,lattice,8,u,img/target_7.png
1,739,lattice,6,p,img/target_10.png
1,740,lattice,8,u,img/target_7.png
1,741,lattice,9,r,img/target_4.png
1,742,lattice,1,v,img/target_5.png
1,743,lattice,9,r,img/target_4.png
1,744,lattice,0,b,img/target_6.png
1,745,lattice,2,q,img/target_1.png
1,746,lattice,4,w,img/target_2.png
1,747,lattice,6,p,img/target_10.png
1,748,lattice,5,i,img/target_8.png
1,749,lattice,3,o,img/target_9.png
1,750,lattice,4,w,img/target_2.png
1,751,lattice,2,q,img/target_1.png
1,752,lattice,1,v,img/target_5.png
1,753,lattice,0,b,img/target_6.png
1,754,lattice,1,v,img/target_5.png
1,755,lattice,3,o,img/target_9.png
1,756,lattice,5,i,img/target_8.png
1,757,lattice,3,o,img/target_9.png
1,758,lattice,5,i,img/target_8.png
1,759,lattice,7,e,img/target_3.png
1,760,lattice,8,u,img/target_7.png
1,761,lattice,9,r,img/target_4.png
1,762,lattice,8,u,img/target_7.png
1,763,lattice,7,e,img/target_3.png
1,764,lattice,8,u,img/target_7.png
1,765,lattice,6,p,img/target_10.png
1,766,lattice,5,i,img/target_8.png
1,767,lattice,4,w,img/target_2.png
1,768,lattice,5,i,img/target_8.png
1,769,lattice,3,o,img/target_9.png
1,770,lattice,2,q,img/target_1.png
1,771,lattice,4,w,img/target_2.png
1,772,lattice,2,q,img/target_1.png
1,773,lattice,1,v,img/target_5.png
1,774,lattice,9,r,img/target_4.png
1,775,lattice,1,v,img/target_5.png
1,776,lattice,2,q,img/target_1.png
1,777,lattice,3,o,img/target_9.png
1,778,lattice,2,q,img/target_1.png
1,779,lattice,4,w,img/target_2.png
1,780,lattice,3,o,img/target_9.png
1,781,lattice,5,i,img/target_8.png
1,782,lattice,7,e,img/target_3.png
1,783,lattice,9,r,img/target_4.png
1,784,lattice,1,v,img/target_5.png
1,785,lattice,2,q,img/target_1.png
1,786,lattice,3,o,img/target_9.png
1,787,lattice,5,i,img/target_8.png
1,788,lattice,4,w,img/target_2.png
1,789,lattice,3,o,img/target_9.png
1,790,lattice,2,q,img/target_1.png
1,791,lattice,3,o,img/target_9.png
1,792,lattice,2,q,img/target_1.png
1,793,lattice,0,b,img/target_6.png
1,794,lattice,1,v,img/target_5.png
1,795,lattice,2,q,img/target_1.png
1,796,lattice,0,b,img/target_6.png
1,797,lattice,1,v,img/target_5.png
1,798,lattice,3,o,img/target_9.png
1,799,lattice,4,w,img/target_2.png
1,800,lattice,6,p,img/target_10.png
1,801,lattice,5,i,img/target_8.png
1,802,lattice,6,p,img/target_10.png
1,803,lattice,4,w,img/target_2.png
1,804,lattice,2,q,img/target_1.png
1,805,lattice,4,w,img/target_2.png
1,806,lattice,5,i,img/target_8.png
1,807,lattice,3,o,img/target_9.png
1,808,lattice,4,w,img/target_2.png
1,809,lattice,3,o,img/target_9.png
1,810,lattice,4,w,img/target_2.png
1,811,lattice,2,q,img/target_1.png
1,812,lattice,3,o,img/target_9.png
1,813,lattice,1,v,img/target_5.png
1,814,lattice,3,o,img/target_9.png
1,815,lattice,4,w,img/target_2.png
1,816,lattice,6,p,img/target_10.png
1,817,lattice,4,w,img/target_2.png
1,818,lattice,2,q,img/target_1.png
1,819,lattice,3,o,img/target_9.png
1,820,lattice,5,i,img/target_8.png
1,821,lattice,6,p,img/target_10.png
1,822,lattice,5,i,img/target_8.png
1,823,lattice,3,o,img/target_9.png
1,824,lattice,2,q,img/target_1.png
1,825,lattice,0,b,img/target_6.png
1,826,lattice,9,r,img/target_4.png
1,827,lattice,8,u,img/target_7.png
1,828,lattice,0,b,img/target_6.png
1,829,lattice,2,q,img/target_1.png
1,830,lattice,1,v,img/target_5.png
1,831,lattice,3,o,img/target_9.png
1,832,lattice,2,q,img/target_1.png
1,833,lattice,4,w,img/target_2.png
1,834,lattice,3,o,img/target_9.png
1,835,lattice,4,w,img/target_2.png
1,836,lattice,3,o,img/target_9.png
1,837,lattice,1,v,img/target_5.png
1,838,lattice,3,o,img/target_9.png
1,839,lattice,2,q,img/target_1.png
1,840,lattice,0,b,img/target_6.png
1,841,lattice,8,u,img/target_7.png
1,842,lattice,6,p,img/target_10.png
1,843,lattice,7,e,img/target_3.png
1,844,lattice,8,u,img/target_7.png
1,845,lattice,0,b,img/target_6.png
1,846,lattice,2,q,img/target_1.png
1,847,lattice,0,b,img/target_6.png
1,848,lattice,2,q,img/target_1.png
1,849,lattice,0,b,img/target_6.png
1,850,lattice,2,q,img/target_1.png
1,851,lattice,0,b,img/target_6.png
1,852,lattice,9,r,img/target_4.png
1,853,lattice,7,e,img/target_3.png
1,854,lattice,5,i,img/target_8.png
1,855,lattice,7,e,img/target_3.png
1,856,lattice,5,i,img/target_8.png
1,857,lattice,4,w,img/target_2.png
1,858,lattice,5,i,img/target_8.png
1,859,lattice,3,o,img/target_9.png
1,860,lattice,5,i,img/target_8.png
1,861,lattice,7,e,img/target_3.png
1,862,lattice,9,r,img/target_4.png
1,863,lattice,7,e,img/target_3.png
1,864,lattice,9,r,img/target_4.png
1,865,lattice,0,b,img/target_6.png
1,866,lattice,1,v,img/target_5.png
1,867,lattice,9,r,img/target_4.png
1,868,lattice,7,e,img/target_3.png
1,869,lattice,9,r,img/target_4.png
1,870,lattice,0,b,img/target_6.png
1,871,lattice,2,q,img/target_1.png
1,872,lattice,4,w,img/target_2.png
1,873,lattice,3,o,img/target_9.png
1,874,lattice,5,i,img/target_8.png
1,875,lattice,7,e,img/target_3.png
1,876,lattice,6,p,img/target_10.png
1,877,lattice,7,e,img/target_3.png
1,878,lattice,8,u,img/target_7.png
1,879,lattice,0,b,img/target_6.png
1,880,lattice,8,u,img/target_7.png
1,881,lattice,9,r,img/target_4.png
1,882,lattice,1,v,img/target_5.png
1,883,lattice,0,b,img/target_6.png
1,884,lattice,1,v,img/target_5.png
1,885,lattice,3,o,img/target_9.png
1,886,lattice,4,w,img/target_2.png
1,887,lattice,3,o,img/target_9.png
1,888,lattice,4,w,img/target_2.png
1,889,lattice,6,p,img/target_10.png
1,890,lattice,7,e,img/target_3.png
1,891,lattice,8,u,img/target_7.png
1,892,lattice,7,e,img/target_3.png
1,893,lattice,6,p,img/target_10.png
1,894,lattice,7,e,img/target_3.png
1,895,lattice,9,r,img/target_4.png
1,896,lattice,0,b,img/target_6.png
1,897,lattice,2,q,img/target_1.png
1,898,lattice,0,b,img/target_6.png
1,899,lattice,9,r,img/target_4.png
1,900,lattice,0,b,img/target_6.png
1,901,lattice,2,q,img/target_1.png
1,902,lattice,0,b,img/target_6.png
1,903,lattice,8,u,img/target_7.png
1,904,lattice,6,p,img/target_10.png
1,905,lattice,5,i,img/target_8.png
1,906,lattice,6,p,img/target_10.png
1,907,lattice,7,e,img/target_3.png
1,908,lattice,8,u,img/target_7.png
1,909,lattice,6,p,img/target_10.png
1,910,lattice,4,w,img/target_2.png
1,911,lattice,2,q,img/target_1.png
1,912,lattice,1,v,img/target_5.png
1,913,lattice,0,b,img/target_6.png
1,914,lattice,8,u,img/target_7.png
1,915,lattice,0,b,img/target_6.png
1,916,lattice,9,r,img/target_4.png
1,917,lattice,8,u,img/target_7.png
1,918,lattice,7,e,img/target_3.png
1,919,lattice,6,p,img/target_10.png
1,920,lattice,8,u,img/target_7.png
1,921,lattice,0,b,img/target_6.png
1,922,lattice,2,q,img/target_1.png
1,923,lattice,3,o,img/target_9.png
1,924,lattice,2,q,img/target_1.png
1,925,lattice,0,b,img/target_6.png
1,926,lattice,1,v,img/target_5.png
1,927,lattice,9,r,img/target_4.png
1,928,lattice,0,b,img/target_6.png
1,929,lattice,2,q,img/target_1.png
1,930,lattice,0,b,img/target_6.png
1,931,lattice,9,r,img/target_4.png
1,932,lattice,7,e,img/target_3.png
1,933,lattice,5,i,img/target_8.png
1,934,lattice,4,w,img/target_2.png
1,935,lattice,5,i,img/target_8.png
1,936,lattice,7,e,img/target_3.png
1,937,lattice,9,r,img/target_4.png
1,938,lattice,1,v,img/target_5.png
1,939,lattice,3,o,img/target_9.png
1,940,lattice,5,i,img/target_8.png
1,941,lattice,7,e,img/target_3.png
1,942,lattice,6,p,img/target_10.png
1,943,lattice,7,e,img/target_3.png
1,944,lattice,5,i,img/target_8.png
1,945,lattice,3,o,img/target_9.png
1,946,lattice,4,w,img/target_2.png
1,947,lattice,5,i,img/target_8.png
1,948,lattice,6,p,img/target_10.png
1,949,lattice,8,u,img/target_7.png
1,950,lattice,0,b,img/target_6.png
1,951,lattice,2,q,img/target_1.png
1,952,lattice,3,o,img/target_9.png
1,953,lattice,2,q,img/target_1.png
1,954,lattice,0,b,img/target_6.png
1,955,lattice,9,r,img/target_4.png
1,956,lattice,7,e,img/target_3.png
1,957,lattice,5,i,img/target_8.png
1,958,lattice,3,o,img/target_9.png
1,959,lattice,2,q,img/target_1.png
1,960,lattice,3,o,img/target_9.png
1,961,lattice,2,q,img/target_1.png
1,962,lattice,3,o,img/target_9.png
1,963,lattice,2,q,img/target_1.png
1,964,lattice,3,o,img/target_9.png
1,965,lattice,1,v,img/target_5.png
1,966,lattice,0,b,img/target_6.png
1,967,lattice,8,u,img/target_7.png
1,968,lattice,9,r,img/target_4.png
1,969,lattice,0,b,img/target_6.png
1,970,lattice,8,u,img/target_7.png
1,971,lattice,9,r,img/target_4.png
1,972,lattice,1,v,img/target_5.png
1,973,lattice,9,r,img/target_4.png
1,974,lattice,7,e,img/target_3.png
1,975,lattice,6,p,img/target_10.png
1,976,lattice,4,w,img/target_2.png
1,977,lattice,6,p,img/target_10.png
1,978,lattice,8,u,img/target_7.png
1,979,lattice,9,r,img/target_4.png
1,980,lattice,0,b,img/target_6.png
1,981,lattice,1,v,img/target_5.png
1,982,lattice,3,o,img/target_9.png
1,983,lattice,5,i,img/target_8.png
1,984,lattice,4,w,img/target_2.png
1,985,lattice,3,o,img/target_9.png
1,986,lattice,2,q,img/target_1.png
1,987,lattice,3,o,img/target_9.png
1,988,lattice,1,v,img/target_5.png
1,989,lattice,0,b,img/target_6.png
1,990,lattice,9,r,img/target_4.png
1,991,lattice,7,e,img/target_3.png
1,992,lattice,9,r,img/target_4.png
1,993,lattice,1,v,img/target_5.png
1,994,lattice,2,q,img/target_1.png
1,995,lattice,3,o,img/target_9.png
1,996,lattice,5,i,img/target_8.png
1,997,lattice,7,e,img/target_3.png
1,998,lattice,9,r,img/target_4.png
1,999,lattice,7,e,img/target_3.png
1,1000,lattice,6,p,img/target_10.png
