pID,trialNum,graph,walk,resp,path
17,1,lattice,9,p,img/target_10.png
17,2,lattice,1,b,img/target_6.png
17,3,lattice,9,p,img/target_10.png
17,4,lattice,1,b,img/target_6.png
17,5,lattice,3,r,img/target_4.png
17,6,lattice,4,w,img/target_2.png
17,7,lattice,2,i,img/target_8.png
17,8,lattice,3,r,img/target_4.png
17,9,lattice,2,i,img/target_8.png
17,10,lattice,3,r,img/target_4.png
17,11,lattice,5,q,img/target_1.png
17,12,lattice,7,e,img/target_3.png
17,13,lattice,6,o,img/target_9.png
17,14,lattice,8,u,img/target_7.png
17,15,lattice,0,v,img/target_5.png
17,16,lattice,9,p,img/target_10.png
17,17,lattice,1,b,img/target_6.png
17,18,lattice,3,r,img/target_4.png
17,19,lattice,4,w,img/target_2.png
17,20,lattice,2,i,img/target_8.png
17,21,lattice,3,r,img/target_4.png
17,22,lattice,2,i,img/target_8.png
17,23,lattice,1,b,img/target_6.png
17,24,lattice,2,i,img/target_8.png
17,25,lattice,4,w,img/target_2.png
17,26,lattice,5,q,img/target_1.png
17,27,lattice,7,e,img/target_3.png
17,28,lattice,9,p,img/target_10.png
17,29,lattice,0,v,img/target_5.png
17,30,lattice,1,b,img/target_6.png
17,31,lattice,0,v,img/target_5.png
17,32,lattice,9,p,img/target_10.png
17,33,lattice,8,u,img/target_7.png
17,34,lattice,0,v,img/target_5.png
17,35,lattice,8,u,img/target_7.png
17,36,lattice,9,p,img/target_10.png
17,37,lattice,0,v,img/target_5.png
17,38,lattice,2,i,img/target_8.png
17,39,lattice,4,w,img/target_2.png
17,40,lattice,5,q,img/target_1.png
17,41,lattice,3,r,img/target_4.png
17,42,lattice,4,w,img/target_2.png
17,43,lattice,6,o,img/target_9.png
17,44,lattice,8,u,img/target_7.png
17,45,lattice,0,v,img/target_5.png
17,46,lattice,9,p,img/target_10.png
17,47,lattice,1,b,img/target_6.png
17,48,lattice,2,i,img/target_8.png
17,49,lattice,4,w,img/target_2.png
17,50,lattice,5,q,img/target_1.png
17,51,lattice,3,r,img/target_4.png
17,52,lattice,4,w,img/target_2.png
17,53,lattice,6,o,img/target_9.png
17,54,lattice,5,q,img/target_1.png
17,55,lattice,3,r,img/target_4.png
17,56,lattice,2,i,img/target_8.png
17,57,lattice,0,v,img/target_5.png
17,58,lattice,9,p,img/target_10.png
17,59,lattice,1,b,img/target_6.png
17,60,lattice,2,i,img/target_8.png
17,61,lattice,0,v,img/target_5.png
17,62,lattice,2,i,img/target_8.png
17,63,lattice,4,w,img/target_2.png
17,64,lattice,5,q,img/target_1.png
17,65,lattice,3,r,img/target_4.png
17,66,lattice,2,i,img/target_8.png
17,67,lattice,0,v,img/target_5.png
17,68,lattice,9,p,img/target_10.png
17,69,lattice,8,u,img/target_7.png
17,70,lattice,7,e,img/target_3.png
17,71,lattice,5,q,img/target_1.png
17,72,lattice,4,w,img/target_2.png
17,73,lattice,3,r,img/target_4.png
17,74,lattice,5,q,img/target_1.png
17,75,lattice,3,r,img/target_4.png
17,76,lattice,5,q,img/target_1.png
17,77,lattice,4,w,img/target_2.png
17,78,lattice,3,r,img/target_4.png
17,79,lattice,2,i,img/target_8.png
17,80,lattice,1,b,img/target_6.png
17,81,lattice,2,i,img/target_8.png
17,82,lattice,1,b,img/target_6.png
17,83,lattice,2,i,img/target_8.png
17,84,lattice,3,r,img/target_4.png
17,85,lattice,2,i,img/target_8.png
17,86,lattice,3,r,img/target_4.png
17,87,lattice,4,w,img/target_2.png
17,88,lattice,3,r,img/target_4.png
17,89,lattice,5,q,img/target_1.png
17,90,lattice,7,e,img/target_3.png
17,91,lattice,9,p,img/target_10.png
17,92,lattice,1,b,img/target_6.png
17,93,lattice,3,r,img/target_4.png
17,94,lattice,5,q,img/target_1.png
17,95,lattice,3,r,img/target_4.png
17,96,lattice,2,i,img/target_8.png
17,97,lattice,0,v,img/target_5.png
17,98,lattice,8,u,img/target_7.png
17,99,lattice,9,p,img/target_10.png
17,100,lattice,7,e,img/target_3.png
17,101,lattice,5,q,img/target_1.png
17,102,lattice,4,w,img/target_2.png
17,103,lattice,6,o,img/target_9.png
17,104,lattice,5,q,img/target_1.png
17,105,lattice,6,o,img/target_9.png
17,106,lattice,8,u,img/target_7.png
17,107,lattice,9,p,img/target_10.png
17,108,lattice,0,v,img/target_5.png
17,109,lattice,1,b,img/target_6.png
17,110,lattice,9,p,img/target_10.png
17,111,lattice,8,u,img/target_7.png
17,112,lattice,6,o,img/target_9.png
17,113,lattice,8,u,img/target_7.png
17,114,lattice,0,v,img/target_5.png
17,115,lattice,1,b,img/target_6.png
17,116,lattice,9,p,img/target_10.png
17,117,lattice,0,v,img/target_5.png
17,118,lattice,2,i,img/target_8.png
17,119,lattice,3,r,img/target_4.png
17,120,lattice,4,w,img/target_2.png
17,121,lattice,5,q,img/target_1.png
17,122,lattice,6,o,img/target_9.png
17,123,lattice,7,e,img/target_3.png
17,124,lattice,5,q,img/target_1.png
17,125,lattice,6,o,img/target_9.png
17,126,lattice,4,w,img/target_2.png
17,127,lattice,6,o,img/target_9.png
17,128,lattice,8,u,img/target_7.png
17,129,lattice,7,e,img/target_3.png
17,130,lattice,5,q,img/target_1.png
17,131,lattice,4,w,img/target_2.png
17,132,lattice,2,i,img/target_8.png
17,133,lattice,1,b,img/target_6.png
17,134,lattice,3,r,img/target_4.png
17,135,lattice,5,q,img/target_1.png
17,136,lattice,6,o,img/target_9.png
17,137,lattice,7,e,img/target_3.png
17,138,lattice,9,p,img/target_10.png
17,139,lattice,7,e,img/target_3.png
17,140,lattice,5,q,img/target_1.png
17,141,lattice,3,r,img/target_4.png
17,142,lattice,1,b,img/target_6.png
17,143,lattice,3,r,img/target_4.png
17,144,lattice,2,i,img/target_8.png
17,145,lattice,1,b,img/target_6.png
17,146,lattice,3,r,img/target_4.png
17,147,lattice,1,b,img/target_6.png
17,148,lattice,2,i,img/target_8.png
17,149,lattice,3,r,img/target_4.png
17,150,lattice,2,i,img/target_8.png
17,151,lattice,0,v,img/target_5.png
17,152,lattice,8,u,img/target_7.png
17,153,lattice,9,p,img/target_10.png
17,154,lattice,7,e,img/target_3.png
17,155,lattice,8,u,img/target_7.png
17,156,lattice,6,o,img/target_9.png
17,157,lattice,8,u,img/target_7.png
17,158,lattice,6,o,img/target_9.png
17,159,lattice,4,w,img/target_2.png
17,160,lattice,6,o,img/target_9.png
17,161,lattice,7,e,img/target_3.png
17,162,lattice,9,p,img/target_10.png
17,163,lattice,0,v,img/target_5.png
17,164,lattice,9,p,img/target_10.png
17,165,lattice,1,b,img/target_6.png
17,166,lattice,9,p,img/target_10.png
17,167,lattice,0,v,img/target_5.png
17,168,lattice,9,p,img/target_10.png
17,169,lattice,0,v,img/target_5.png
17,170,lattice,1,b,img/target_6.png
17,171,lattice,9,p,img/target_10.png
17,172,lattice,1,b,img/target_6.png
17,173,lattice,3,r,img/target_4.png
17,174,lattice,4,w,img/target_2.png
17,175,lattice,5,q,img/target_1.png
17,176,lattice,7,e,img/target_3.png
17,177,lattice,9,p,img/target_10.png
17,178,lattice,7,e,img/target_3.png
17,179,lattice,6,o,img/target_9.png
17,180,lattice,7,e,img/target_3.png
17,181,lattice,8,u,img/target_7.png
17,182,lattice,6,o,img/target_9.png
17,183,lattice,4,w,img/target_2.png
17,184,lattice,3,r,img/target_4.png
17,185,lattice,4,w,img/target_2.png
17,186,lattice,5,q,img/target_1.png
17,187,lattice,4,w,img/target_2.png
17,188,lattice,5,q,img/target_1.png
17,189,lattice,3,r,img/target_4.png
17,190,lattice,1,b,img/target_6.png
17,191,lattice,3,r,img/target_4.png
17,192,lattice,1,b,img/target_6.png
17,193,lattice,9,p,img/target_10.png
17,194,lattice,0,v,img/target_5.png
17,195,lattice,9,p,img/target_10.png
17,196,lattice,7,e,img/target_3.png
17,197,lattice,8,u,img/target_7.png
17,198,lattice,7,e,img/target_3.png
17,199,lattice,6,o,img/target_9.png
17,200,lattice,7,e,img/target_3.png
17,201,lattice,6,o,img/target_9.png
17,202,lattice,4,w,img/target_2.png
17,203,lattice,6,o,img/target_9.png
17,204,lattice,8,u,img/target_7.png
17,205,lattice,6,o,img/target_9.png
17,206,lattice,8,u,img/target_7.png
17,207,lattice,9,p,img/target_10.png
17,208,lattice,8,u,img/target_7.png
17,209,lattice,9,p,img/target_10.png
17,210,lattice,1,b,img/target_6.png
17,211,lattice,0,v,img/target_5.png
17,212,lattice,8,u,img/target_7.png
17,213,lattice,9,p,img/target_10.png
17,214,lattice,7,e,img/target_3.png
17,215,lattice,9,p,img/target_10.png
17,216,lattice,7,e,img/target_3.png
17,217,lattice,8,u,img/target_7.png
17,218,lattice,9,p,img/target_10.png
17,219,lattice,8,u,img/target_7.png
17,220,lattice,9,p,img/target_10.png
17,221,lattice,8,u,img/target_7.png
17,222,lattice,9,p,img/target_10.png
17,223,lattice,0,v,img/target_5.png
17,224,lattice,9,p,img/target_10.png
17,225,lattice,7,e,img/target_3.png
17,226,lattice,9,p,img/target_10.png
17,227,lattice,7,e,img/target_3.png
17,228,lattice,8,u,img/target_7.png
17,229,lattice,7,e,img/target_3.png
17,230,lattice,5,q,img/target_1.png
17,231,lattice,3,r,img/target_4.png
17,232,lattice,1,b,img/target_6.png
17,233,lattice,3,r,img/target_4.png
17,234,lattice,4,w,img/target_2.png
17,235,lattice,3,r,img/target_4.png
17,236,lattice,1,b,img/target_6.png
17,237,lattice,9,p,img/target_10.png
17,238,lattice,7,e,img/target_3.png
17,239,lattice,5,q,img/target_1.png
17,240,lattice,7,e,img/target_3.png
17,241,lattice,8,u,img/target_7.png
17,242,lattice,0,v,img/target_5.png
17,243,lattice,8,u,img/target_7.png
17,244,lattice,7,e,img/target_3.png
17,245,lattice,5,q,img/target_1.png
17,246,lattice,6,o,img/target_9.png
17,247,lattice,8,u,img/target_7.png
17,248,lattice,9,p,img/target_10.png
17,249,lattice,7,e,img/target_3.png
17,250,lattice,9,p,img/target_10.png
17,251,lattice,0,v,img/target_5.png
17,252,lattice,8,u,img/target_7.png
17,253,lattice,0,v,img/target_5.png
17,254,lattice,1,b,img/target_6.png
17,255,lattice,2,i,img/target_8.png
17,256,lattice,1,b,img/target_6.png
17,257,lattice,9,p,img/target_10.png
17,258,lattice,1,b,img/target_6.png
17,259,lattice,9,p,img/target_10.png
17,260,lattice,0,v,img/target_5.png
17,261,lattice,1,b,img/target_6.png
17,262,lattice,2,i,img/target_8.png
17,263,lattice,4,w,img/target_2.png
17,264,lattice,5,q,img/target_1.png
17,265,lattice,3,r,img/target_4.png
17,266,lattice,1,b,img/target_6.png
17,267,lattice,2,i,img/target_8.png
17,268,lattice,4,w,img/target_2.png
17,269,lattice,6,o,img/target_9.png
17,270,lattice,7,e,img/target_3.png
17,271,lattice,5,q,img/target_1.png
17,272,lattice,6,o,img/target_9.png
17,273,lattice,4,w,img/target_2.png
17,274,lattice,5,q,img/target_1.png
17,275,lattice,6,o,img/target_9.png
17,276,lattice,4,w,img/target_2.png
17,277,lattice,5,q,img/target_1.png
17,278,lattice,3,r,img/target_4.png
17,279,lattice,4,w,img/target_2.png
17,280,lattice,2,i,img/target_8.png
17,281,lattice,0,v,img/target_5.png
17,282,lattice,2,i,img/target_8.png
17,283,lattice,4,w,img/target_2.png
17,284,lattice,5,q,img/target_1.png
17,285,lattice,6,o,img/target_9.png
17,286,lattice,5,q,img/target_1.png
17,287,lattice,4,w,img/target_2.png
17,288,lattice,3,r,img/target_4.png
17,289,lattice,5,q,img/target_1.png
17,290,lattice,3,r,img/target_4.png
17,291,lattice,5,q,img/target_1.png
17,292,lattice,7,e,img/target_3.png
17,293,lattice,6,o,img/target_9.png
17,294,lattice,8,u,img/target_7.png
17,295,lattice,9,p,img/target_10.png
17,296,lattice,8,u,img/target_7.png
17,297,lattice,7,e,img/target_3.png
17,298,lattice,8,u,img/target_7.png
17,299,lattice,9,p,img/target_10.png
17,300,lattice,7,e,img/target_3.png
17,301,lattice,9,p,img/target_10.png
17,302,lattice,8,u,img/target_7.png
17,303,lattice,7,e,img/target_3.png
17,304,lattice,8,u,img/target_7.png
17,305,lattice,0,v,img/target_5.png
17,306,lattice,9,p,img/target_10.png
17,307,lattice,1,b,img/target_6.png
17,308,lattice,3,r,img/target_4.png
17,309,lattice,2,i,img/target_8.png
17,310,lattice,1,b,img/target_6.png
17,311,lattice,9,p,img/target_10.png
17,312,lattice,8,u,img/target_7.png
17,313,lattice,0,v,img/target_5.png
17,314,lattice,1,b,img/target_6.png
17,315,lattice,0,v,img/target_5.png
17,316,lattice,1,b,img/target_6.png
17,317,lattice,0,v,img/target_5.png
17,318,lattice,2,i,img/target_8.png
17,319,lattice,0,v,img/target_5.png
17,320,lattice,2,i,img/target_8.png
17,321,lattice,3,r,img/target_4.png
17,322,lattice,1,b,img/target_6.png
17,323,lattice,2,i,img/target_8.png
17,324,lattice,4,w,img/target_2.png
17,325,lattice,2,i,img/target_8.png
17,326,lattice,4,w,img/target_2.png
17,327,lattice,6,o,img/target_9.png
17,328,lattice,5,q,img/target_1.png
17,329,lattice,3,r,img/target_4.png
17,330,lattice,2,i,img/target_8.png
17,331,lattice,0,v,img/target_5.png
17,332,lattice,2,i,img/target_8.png
17,333,lattice,0,v,img/target_5.png
17,334,lattice,8,u,img/target_7.png
17,335,lattice,0,v,img/target_5.png
17,336,lattice,8,u,img/target_7.png
17,337,lattice,0,v,img/target_5.png
17,338,lattice,8,u,img/target_7.png
17,339,lattice,6,o,img/target_9.png
17,340,lattice,7,e,img/target_3.png
17,341,lattice,8,u,img/target_7.png
17,342,lattice,9,p,img/target_10.png
17,343,lattice,0,v,img/target_5.png
17,344,lattice,1,b,img/target_6.png
17,345,lattice,9,p,img/target_10.png
17,346,lattice,7,e,img/target_3.png
17,347,lattice,8,u,img/target_7.png
17,348,lattice,7,e,img/target_3.png
17,349,lattice,5,q,img/target_1.png
17,350,lattice,6,o,img/target_9.png
17,351,lattice,7,e,img/target_3.png
17,352,lattice,5,q,img/target_1.png
17,353,lattice,7,e,img/target_3.png
17,354,lattice,5,q,img/target_1.png
17,355,lattice,7,e,img/target_3.png
17,356,lattice,8,u,img/target_7.png
17,357,lattice,0,v,img/target_5.png
17,358,lattice,9,p,img/target_10.png
17,359,lattice,8,u,img/target_7.png
17,360,lattice,0,v,img/target_5.png
17,361,lattice,2,i,img/target_8.png
17,362,lattice,0,v,img/target_5.png
17,363,lattice,1,b,img/target_6.png
17,364,lattice,9,p,img/target_10.png
17,365,lattice,0,v,img/target_5.png
17,366,lattice,2,i,img/target_8.png
17,367,lattice,0,v,img/target_5.png
17,368,lattice,8,u,img/target_7.png
17,369,lattice,6,o,img/target_9.png
17,370,lattice,8,u,img/target_7.png
17,371,lattice,0,v,img/target_5.png
17,372,lattice,8,u,img/target_7.png
17,373,lattice,0,v,img/target_5.png
17,374,lattice,8,u,img/target_7.png
17,375,lattice,9,p,img/target_10.png
17,376,lattice,7,e,img/target_3.png
17,377,lattice,8,u,img/target_7.png
17,378,lattice,9,p,img/target_10.png
17,379,lattice,8,u,img/target_7.png
17,380,lattice,0,v,img/target_5.png
17,381,lattice,8,u,img/target_7.png
17,382,lattice,6,o,img/target_9.png
17,383,lattice,8,u,img/target_7.png
17,384,lattice,0,v,img/target_5.png
17,385,lattice,2,i,img/target_8.png
17,386,lattice,1,b,img/target_6.png
17,387,lattice,3,r,img/target_4.png
17,388,lattice,1,b,img/target_6.png
17,389,lattice,9,p,img/target_10.png
17,390,lattice,0,v,img/target_5.png
17,391,lattice,1,b,img/target_6.png
17,392,lattice,3,r,img/target_4.png
17,393,lattice,2,i,img/target_8.png
17,394,lattice,3,r,img/target_4.png
17,395,lattice,4,w,img/target_2.png
17,396,lattice,5,q,img/target_1.png
17,397,lattice,3,r,img/target_4.png
17,398,lattice,1,b,img/target_6.png
17,399,lattice,3,r,img/target_4.png
17,400,lattice,4,w,img/target_2.png
17,401,lattice,5,q,img/target_1.png
17,402,lattice,3,r,img/target_4.png
17,403,lattice,1,b,img/target_6.png
17,404,lattice,2,i,img/target_8.png
17,405,lattice,4,w,img/target_2.png
17,406,lattice,6,o,img/target_9.png
17,407,lattice,4,w,img/target_2.png
17,408,lattice,6,o,img/target_9.png
17,409,lattice,5,q,img/target_1.png
17,410,lattice,7,e,img/target_3.png
17,411,lattice,5,q,img/target_1.png
17,412,lattice,6,o,img/target_9.png
17,413,lattice,7,e,img/target_3.png
17,414,lattice,8,u,img/target_7.png
17,415,lattice,6,o,img/target_9.png
17,416,lattice,8,u,img/target_7.png
17,417,lattice,6,o,img/target_9.png
17,418,lattice,4,w,img/target_2.png
17,419,lattice,6,o,img/target_9.png
17,420,lattice,4,w,img/target_2.png
17,421,lattice,3,r,img/target_4.png
17,422,lattice,1,b,img/target_6.png
17,423,lattice,3,r,img/target_4.png
17,424,lattice,2,i,img/target_8.png
17,425,lattice,4,w,img/target_2.png
17,426,lattice,5,q,img/target_1.png
17,427,lattice,7,e,img/target_3.png
17,428,lattice,8,u,img/target_7.png
17,429,lattice,0,v,img/target_5.png
17,430,lattice,1,b,img/target_6.png
17,431,lattice,9,p,img/target_10.png
17,432,lattice,7,e,img/target_3.png
17,433,lattice,8,u,img/target_7.png
17,434,lattice,6,o,img/target_9.png
17,435,lattice,4,w,img/target_2.png
17,436,lattice,5,q,img/target_1.png
17,437,lattice,7,e,img/target_3.png
17,438,lattice,9,p,img/target_10.png
17,439,lattice,0,v,img/target_5.png
17,440,lattice,8,u,img/target_7.png
17,441,lattice,6,o,img/target_9.png
17,442,lattice,4,w,img/target_2.png
17,443,lattice,5,q,img/target_1.png
17,444,lattice,4,w,img/target_2.png
17,445,lattice,2,i,img/target_8.png
17,446,lattice,4,w,img/target_2.png
17,447,lattice,3,r,img/target_4.png
17,448,lattice,4,w,img/target_2.png
17,449,lattice,5,q,img/target_1.png
17,450,lattice,7,e,img/target_3.png
17,451,lattice,6,o,img/target_9.png
17,452,lattice,7,e,img/target_3.png
17,453,lattice,8,u,img/target_7.png
17,454,lattice,7,e,img/target_3.png
17,455,lattice,6,o,img/target_9.png
17,456,lattice,7,e,img/target_3.png
17,457,lattice,5,q,img/target_1.png
17,458,lattice,7,e,img/target_3.png
17,459,lattice,6,o,img/target_9.png
17,460,lattice,7,e,img/target_3.png
17,461,lattice,5,q,img/target_1.png
17,462,lattice,3,r,img/target_4.png
17,463,lattice,4,w,img/target_2.png
17,464,lattice,2,i,img/target_8.png
17,465,lattice,3,r,img/target_4.png
17,466,lattice,1,b,img/target_6.png
17,467,lattice,3,r,img/target_4.png
17,468,lattice,4,w,img/target_2.png
17,469,lattice,5,q,img/target_1.png
17,470,lattice,6,o,img/target_9.png
17,471,lattice,8,u,img/target_7.png
17,472,lattice,7,e,img/target_3.png
17,473,lattice,6,o,img/target_9.png
17,474,lattice,4,w,img/target_2.png
17,475,lattice,6,o,img/target_9.png
17,476,lattice,7,e,img/target_3.png
17,477,lattice,9,p,img/target_10.png
17,478,lattice,7,e,img/target_3.png
17,479,lattice,9,p,img/target_10.png
17,480,lattice,0,v,img/target_5.png
17,481,lattice,2,i,img/target_8.png
17,482,lattice,0,v,img/target_5.png
17,483,lattice,2,i,img/target_8.png
17,484,lattice,4,w,img/target_2.png
17,485,lattice,5,q,img/target_1.png
17,486,lattice,3,r,img/target_4.png
17,487,lattice,1,b,img/target_6.png
17,488,lattice,0,v,img/target_5.png
17,489,lattice,8,u,img/target_7.png
17,490,lattice,7,e,img/target_3.png
17,491,lattice,9,p,img/target_10.png
17,492,lattice,8,u,img/target_7.png
17,493,lattice,6,o,img/target_9.png
17,494,lattice,8,u,img/target_7.png
17,495,lattice,0,v,img/target_5.png
17,496,lattice,2,i,img/target_8.png
17,497,lattice,0,v,img/target_5.png
17,498,lattice,8,u,img/target_7.png
17,499,lattice,9,p,img/target_10.png
17,500,lattice,0,v,img/target_5.png
17,501,lattice,2,i,img/target_8.png
17,502,lattice,3,r,img/target_4.png
17,503,lattice,2,i,img/target_8.png
17,504,lattice,0,v,img/target_5.png
17,505,lattice,1,b,img/target_6.png
17,506,lattice,2,i,img/target_8.png
17,507,lattice,1,b,img/target_6.png
17,508,lattice,9,p,img/target_10.png
17,509,lattice,1,b,img/target_6.png
17,510,lattice,2,i,img/target_8.png
17,511,lattice,1,b,img/target_6.png
17,512,lattice,3,r,img/target_4.png
17,513,lattice,5,q,img/target_1.png
17,514,lattice,6,o,img/target_9.png
17,515,lattice,7,e,img/target_3.png
17,516,lattice,6,o,img/target_9.png
17,517,lattice,4,w,img/target_2.png
17,518,lattice,3,r,img/target_4.png
17,519,lattice,1,b,img/target_6.png
17,520,lattice,2,i,img/target_8.png
17,521,lattice,1,b,img/target_6.png
17,522,lattice,3,r,img/target_4.png
17,523,lattice,2,i,img/target_8.png
17,524,lattice,0,v,img/target_5.png
17,525,lattice,8,u,img/target_7.png
17,526,lattice,6,o,img/target_9.png
17,527,lattice,8,u,img/target_7.png
17,528,lattice,6,o,img/target_9.png
17,529,lattice,7,e,img/target_3.png
17,530,lattice,5,q,img/target_1.png
17,531,lattice,6,o,img/target_9.png
17,532,lattice,8,u,img/target_7.png
17,533,lattice,6,o,img/target_9.png
17,534,lattice,7,e,img/target_3.png
17,535,lattice,5,q,img/target_1.png
17,536,lattice,3,r,img/target_4.png
17,537,lattice,5,q,img/target_1.png
17,538,lattice,6,o,img/target_9.png
17,539,lattice,7,e,img/target_3.png
17,540,lattice,6,o,img/target_9.png
17,541,lattice,5,q,img/target_1.png
17,542,lattice,4,w,img/target_2.png
17,543,lattice,2,i,img/target_8.png
17,544,lattice,0,v,img/target_5.png
17,545,lattice,9,p,img/target_10.png
17,546,lattice,8,u,img/target_7.png
17,547,lattice,6,o,img/target_9.png
17,548,lattice,4,w,img/target_2.png
17,549,lattice,2,i,img/target_8.png
17,550,lattice,1,b,img/target_6.png
17,551,lattice,0,v,img/target_5.png
17,552,lattice,8,u,img/target_7.png
17,553,lattice,9,p,img/target_10.png
17,554,lattice,0,v,img/target_5.png
17,555,lattice,1,b,img/target_6.png
17,556,lattice,2,i,img/target_8.png
17,557,lattice,1,b,img/target_6.png
17,558,lattice,3,r,img/target_4.png
17,559,lattice,4,w,img/target_2.png
17,560,lattice,3,r,img/target_4.png
17,561,lattice,5,q,img/target_1.png
17,562,lattice,3,r,img/target_4.png
17,563,lattice,2,i,img/target_8.png
17,564,lattice,3,r,img/target_4.png
17,565,lattice,5,q,img/target_1.png
17,566,lattice,3,r,img/target_4.png
17,567,lattice,2,i,img/target_8.png
17,568,lattice,1,b,img/target_6.png
17,569,lattice,3,r,img/target_4.png
17,570,lattice,1,b,img/target_6.png
17,571,lattice,3,r,img/target_4.png
17,572,lattice,1,b,img/target_6.png
17,573,lattice,9,p,img/target_10.png
17,574,lattice,7,e,img/target_3.png
17,575,lattice,8,u,img/target_7.png
17,576,lattice,0,v,img/target_5.png
17,577,lattice,8,u,img/target_7.png
17,578,lattice,0,v,img/target_5.png
17,579,lattice,9,p,img/target_10.png
17,580,lattice,1,b,img/target_6.png
17,581,lattice,9,p,img/target_10.png
17,582,lattice,7,e,img/target_3.png
17,583,lattice,9,p,img/target_10.png
17,584,lattice,7,e,img/target_3.png
17,585,lattice,9,p,img/target_10.png
17,586,lattice,8,u,img/target_7.png
17,587,lattice,6,o,img/target_9.png
17,588,lattice,7,e,img/target_3.png
17,589,lattice,6,o,img/target_9.png
17,590,lattice,7,e,img/target_3.png
17,591,lattice,6,o,img/target_9.png
17,592,lattice,4,w,img/target_2.png
17,593,lattice,2,i,img/target_8.png
17,594,lattice,0,v,img/target_5.png
17,595,lattice,2,i,img/target_8.png
17,596,lattice,3,r,img/target_4.png
17,597,lattice,4,w,img/target_2.png
17,598,lattice,3,r,img/target_4.png
17,599,lattice,2,i,img/target_8.png
17,600,lattice,4,w,img/target_2.png
17,601,lattice,6,o,img/target_9.png
17,602,lattice,5,q,img/target_1.png
17,603,lattice,4,w,img/target_2.png
17,604,lattice,6,o,img/target_9.png
17,605,lattice,8,u,img/target_7.png
17,606,lattice,0,v,img/target_5.png
17,607,lattice,2,i,img/target_8.png
17,608,lattice,1,b,img/target_6.png
17,609,lattice,2,i,img/target_8.png
17,610,lattice,4,w,img/target_2.png
17,611,lattice,3,r,img/target_4.png
17,612,lattice,4,w,img/target_2.png
17,613,lattice,5,q,img/target_1.png
17,614,lattice,7,e,img/target_3.png
17,615,lattice,5,q,img/target_1.png
17,616,lattice,6,o,img/target_9.png
17,617,lattice,7,e,img/target_3.png
17,618,lattice,8,u,img/target_7.png
17,619,lattice,9,p,img/target_10.png
17,620,lattice,7,e,img/target_3.png
17,621,lattice,5,q,img/target_1.png
17,622,lattice,3,r,img/target_4.png
17,623,lattice,1,b,img/target_6.png
17,624,lattice,9,p,img/target_10.png
17,625,lattice,7,e,img/target_3.png
17,626,lattice,5,q,img/target_1.png
17,627,lattice,4,w,img/target_2.png
17,628,lattice,6,o,img/target_9.png
17,629,lattice,8,u,img/target_7.png
17,630,lattice,7,e,img/target_3.png
17,631,lattice,6,o,img/target_9.png
17,632,lattice,7,e,img/target_3.png
17,633,lattice,5,q,img/target_1.png
17,634,lattice,3,r,img/target_4.png
17,635,lattice,5,q,img/target_1.png
17,636,lattice,7,e,img/target_3.png
17,637,lattice,5,q,img/target_1.png
17,638,lattice,6,o,img/target_9.png
17,639,lattice,8,u,img/target_7.png
17,640,lattice,0,v,img/target_5.png
17,641,lattice,1,b,img/target_6.png
17,642,lattice,0,v,img/target_5.png
17,643,lattice,1,b,img/target_6.png
17,644,lattice,2,i,img/target_8.png
17,645,lattice,3,r,img/target_4.png
17,646,lattice,2,i,img/target_8.png
17,647,lattice,4,w,img/target_2.png
17,648,lattice,2,i,img/target_8.png
17,649,lattice,4,w,img/target_2.png
17,650,lattice,6,o,img/target_9.png
17,651,lattice,8,u,img/target_7.png
17,652,lattice,7,e,img/target_3.png
17,653,lattice,8,u,img/target_7.png
17,654,lattice,0,v,img/target_5.png
17,655,lattice,8,u,img/target_7.png
17,656,lattice,7,e,img/target_3.png
17,657,lattice,5,q,img/target_1.png
17,658,lattice,7,e,img/target_3.png
17,659,lattice,5,q,img/target_1.png
17,660,lattice,3,r,img/target_4.png
17,661,lattice,2,i,img/target_8.png
17,662,lattice,3,r,img/target_4.png
17,663,lattice,1,b,img/target_6.png
17,664,lattice,0,v,img/target_5.png
17,665,lattice,1,b,img/target_6.png
17,666,lattice,2,i,img/target_8.png
17,667,lattice,4,w,img/target_2.png
17,668,lattice,6,o,img/target_9.png
17,669,lattice,8,u,img/target_7.png
17,670,lattice,6,o,img/target_9.png
17,671,lattice,4,w,img/target_2.png
17,672,lattice,3,r,img/target_4.png
17,673,lattice,2,i,img/target_8.png
17,674,lattice,4,w,img/target_2.png
17,675,lattice,6,o,img/target_9.png
17,676,lattice,8,u,img/target_7.png
17,677,lattice,0,v,img/target_5.png
17,678,lattice,1,b,img/target_6.png
17,679,lattice,2,i,img/target_8.png
17,680,lattice,0,v,img/target_5.png
17,681,lattice,2,i,img/target_8.png
17,682,lattice,0,v,img/target_5.png
17,683,lattice,9,p,img/target_10.png
17,684,lattice,0,v,img/target_5.png
17,685,lattice,1,b,img/target_6.png
17,686,lattice,2,i,img/target_8.png
17,687,lattice,3,r,img/target_4.png
17,688,lattice,1,b,img/target_6.png
17,689,lattice,2,i,img/target_8.png
17,690,lattice,1,b,img/target_6.png
17,691,lattice,9,p,img/target_10.png
17,692,lattice,0,v,img/target_5.png
17,693,lattice,9,p,img/target_10.png
17,694,lattice,0,v,img/target_5.png
17,695,lattice,2,i,img/target_8.png
17,696,lattice,3,r,img/target_4.png
17,697,lattice,1,b,img/target_6.png
17,698,lattice,9,p,img/target_10.png
17,699,lattice,1,b,img/target_6.png
17,700,lattice,3,r,img/target_4.png
17,701,lattice,5,q,img/target_1.png
17,702,lattice,7,e,img/target_3.png
17,703,lattice,5,q,img/target_1.png
17,704,lattice,6,o,img/target_9.png
17,705,lattice,7,e,img/target_3.png
17,706,lattice,8,u,img/target_7.png
17,707,lattice,6,o,img/target_9.png
17,708,lattice,7,e,img/target_3.png
17,709,lattice,5,q,img/target_1.png
17,710,lattice,4,w,img/target_2.png
17,711,lattice,3,r,img/target_4.png
17,712,lattice,4,w,img/target_2.png
17,713,lattice,3,r,img/target_4.png
17,714,lattice,1,b,img/target_6.png
17,715,lattice,3,r,img/target_4.png
17,716,lattice,2,i,img/target_8.png
17,717,lattice,4,w,img/target_2.png
17,718,lattice,2,i,img/target_8.png
17,719,lattice,0,v,img/target_5.png
17,720,lattice,9,p,img/target_10.png
17,721,lattice,1,b,img/target_6.png
17,722,lattice,2,i,img/target_8.png
17,723,lattice,0,v,img/target_5.png
17,724,lattice,1,b,img/target_6.png
17,725,lattice,9,p,img/target_10.png
17,726,lattice,7,e,img/target_3.png
17,727,lattice,5,q,img/target_1.png
17,728,lattice,3,r,img/target_4.png
17,729,lattice,1,b,img/target_6.png
17,730,lattice,2,i,img/target_8.png
17,731,lattice,1,b,img/target_6.png
17,732,lattice,3,r,img/target_4.png
17,733,lattice,4,w,img/target_2.png
17,734,lattice,3,r,img/target_4.png
17,735,lattice,1,b,img/target_6.png
17,736,lattice,2,i,img/target_8.png
17,737,lattice,1,b,img/target_6.png
17,738,lattice,3,r,img/target_4.png
17,739,lattice,2,i,img/target_8.png
17,740,lattice,4,w,img/target_2.png
17,741,lattice,5,q,img/target_1.png
17,742,lattice,3,r,img/target_4.png
17,743,lattice,4,w,img/target_2.png
17,744,lattice,5,q,img/target_1.png
17,745,lattice,7,e,img/target_3.png
17,746,lattice,9,p,img/target_10.png
17,747,lattice,8,u,img/target_7.png
17,748,lattice,9,p,img/target_10.png
17,749,lattice,8,u,img/target_7.png
17,750,lattice,9,p,img/target_10.png
17,751,lattice,0,v,img/target_5.png
17,752,lattice,2,i,img/target_8.png
17,753,lattice,0,v,img/target_5.png
17,754,lattice,2,i,img/target_8.png
17,755,lattice,4,w,img/target_2.png
17,756,lattice,5,q,img/target_1.png
17,757,lattice,4,w,img/target_2.png
17,758,lattice,2,i,img/target_8.png
17,759,lattice,0,v,img/target_5.png
17,760,lattice,2,i,img/target_8.png
17,761,lattice,4,w,img/target_2.png
17,762,lattice,6,o,img/target_9.png
17,763,lattice,7,e,img/target_3.png
17,764,lattice,9,p,img/target_10.png
17,765,lattice,1,b,img/target_6.png
17,766,lattice,0,v,img/target_5.png
17,767,lattice,1,b,img/target_6.png
17,768,lattice,0,v,img/target_5.png
17,769,lattice,2,i,img/target_8.png
17,770,lattice,3,r,img/target_4.png
17,771,lattice,4,w,img/target_2.png
17,772,lattice,5,q,img/target_1.png
17,773,lattice,7,e,img/target_3.png
17,774,lattice,9,p,img/target_10.png
17,775,lattice,0,v,img/target_5.png
17,776,lattice,2,i,img/target_8.png
17,777,lattice,3,r,img/target_4.png
17,778,lattice,5,q,img/target_1.png
17,779,lattice,6,o,img/target_9.png
17,780,lattice,4,w,img/target_2.png
17,781,lattice,6,o,img/target_9.png
17,782,lattice,5,q,img/target_1.png
17,783,lattice,6,o,img/target_9.png
17,784,lattice,8,u,img/target_7.png
17,785,lattice,7,e,img/target_3.png
17,786,lattice,9,p,img/target_10.png
17,787,lattice,7,e,img/target_3.png
17,788,lattice,5,q,img/target_1.png
17,789,lattice,3,r,img/target_4.png
17,790,lattice,5,q,img/target_1.png
17,791,lattice,6,o,img/target_9.png
17,792,lattice,4,w,img/target_2.png
17,793,lattice,5,q,img/target_1.png
17,794,lattice,6,o,img/target_9.png
17,795,lattice,4,w,img/target_2.png
17,796,lattice,6,o,img/target_9.png
17,797,lattice,5,q,img/target_1.png
17,798,lattice,7,e,img/target_3.png
17,799,lattice,5,q,img/target_1.png
17,800,lattice,6,o,img/target_9.png
17,801,lattice,5,q,img/target_1.png
17,802,lattice,6,o,img/target_9.png
17,803,lattice,7,e,img/target_3.png
17,804,lattice,6,o,img/target_9.png
17,805,lattice,8,u,img/target_7.png
17,806,lattice,6,o,img/target_9.png
17,807,lattice,7,e,img/target_3.png
17,808,lattice,6,o,img/target_9.png
17,809,lattice,4,w,img/target_2.png
17,810,lattice,3,r,img/target_4.png
17,811,lattice,4,w,img/target_2.png
17,812,lattice,6,o,img/target_9.png
17,813,lattice,8,u,img/target_7.png
17,814,lattice,6,o,img/target_9.png
17,815,lattice,7,e,img/target_3.png
17,816,lattice,9,p,img/target_10.png
17,817,lattice,7,e,img/target_3.png
17,818,lattice,5,q,img/target_1.png
17,819,lattice,3,r,img/target_4.png
17,820,lattice,1,b,img/target_6.png
17,821,lattice,3,r,img/target_4.png
17,822,lattice,1,b,img/target_6.png
17,823,lattice,3,r,img/target_4.png
17,824,lattice,2,i,img/target_8.png
17,825,lattice,0,v,img/target_5.png
17,826,lattice,2,i,img/target_8.png
17,827,lattice,4,w,img/target_2.png
17,828,lattice,3,r,img/target_4.png
17,829,lattice,1,b,img/target_6.png
17,830,lattice,2,i,img/target_8.png
17,831,lattice,3,r,img/target_4.png
17,832,lattice,2,i,img/target_8.png
17,833,lattice,4,w,img/target_2.png
17,834,lattice,2,i,img/target_8.png
17,835,lattice,0,v,img/target_5.png
17,836,lattice,2,i,img/target_8.png
17,837,lattice,4,w,img/target_2.png
17,838,lattice,2,i,img/target_8.png
17,839,lattice,3,r,img/target_4.png
17,840,lattice,2,i,img/target_8.png
17,841,lattice,1,b,img/target_6.png
17,842,lattice,2,i,img/target_8.png
17,843,lattice,3,r,img/target_4.png
17,844,lattice,5,q,img/target_1.png
17,845,lattice,3,r,img/target_4.png
17,846,lattice,2,i,img/target_8.png
17,847,lattice,3,r,img/target_4.png
17,848,lattice,4,w,img/target_2.png
17,849,lattice,3,r,img/target_4.png
17,850,lattice,1,b,img/target_6.png
17,851,lattice,2,i,img/target_8.png
17,852,lattice,4,w,img/target_2.png
17,853,lattice,5,q,img/target_1.png
17,854,lattice,7,e,img/target_3.png
17,855,lattice,5,q,img/target_1.png
17,856,lattice,4,w,img/target_2.png
17,857,lattice,5,q,img/target_1.png
17,858,lattice,4,w,img/target_2.png
17,859,lattice,2,i,img/target_8.png
17,860,lattice,0,v,img/target_5.png
17,861,lattice,8,u,img/target_7.png
17,862,lattice,0,v,img/target_5.png
17,863,lattice,8,u,img/target_7.png
17,864,lattice,6,o,img/target_9.png
17,865,lattice,5,q,img/target_1.png
17,866,lattice,6,o,img/target_9.png
17,867,lattice,4,w,img/target_2.png
17,868,lattice,5,q,img/target_1.png
17,869,lattice,7,e,img/target_3.png
17,870,lattice,8,u,img/target_7.png
17,871,lattice,9,p,img/target_10.png
17,872,lattice,1,b,img/target_6.png
17,873,lattice,9,p,img/target_10.png
17,874,lattice,1,b,img/target_6.png
17,875,lattice,2,i,img/target_8.png
17,876,lattice,0,v,img/target_5.png
17,877,lattice,8,u,img/target_7.png
17,878,lattice,0,v,img/target_5.png
17,879,lattice,8,u,img/target_7.png
17,880,lattice,6,o,img/target_9.png
17,881,lattice,8,u,img/target_7.png
17,882,lattice,6,o,img/target_9.png
17,883,lattice,8,u,img/target_7.png
17,884,lattice,0,v,img/target_5.png
17,885,lattice,8,u,img/target_7.png
17,886,lattice,6,o,img/target_9.png
17,887,lattice,7,e,img/target_3.png
17,888,lattice,9,p,img/target_10.png
17,889,lattice,0,v,img/target_5.png
17,890,lattice,8,u,img/target_7.png
17,891,lattice,6,o,img/target_9.png
17,892,lattice,7,e,img/target_3.png
17,893,lattice,6,o,img/target_9.png
17,894,lattice,7,e,img/target_3.png
17,895,lattice,8,u,img/target_7.png
17,896,lattice,6,o,img/target_9.png
17,897,lattice,8,u,img/target_7.png
17,898,lattice,7,e,img/target_3.png
17,899,lattice,5,q,img/target_1.png
17,900,lattice,6,o,img/target_9.png
17,901,lattice,7,e,img/target_3.png
17,902,lattice,6,o,img/target_9.png
17,903,lattice,8,u,img/target_7.png
17,904,lattice,0,v,img/target_5.png
17,905,lattice,1,b,img/target_6.png
17,906,lattice,2,i,img/target_8.png
17,907,lattice,4,w,img/target_2.png
17,908,lattice,6,o,img/target_9.png
17,909,lattice,8,u,img/target_7.png
17,910,lattice,6,o,img/target_9.png
17,911,lattice,5,q,img/target_1.png
17,912,lattice,4,w,img/target_2.png
17,913,lattice,3,r,img/target_4.png
17,914,lattice,5,q,img/target_1.png
17,915,lattice,6,o,img/target_9.png
17,916,lattice,8,u,img/target_7.png
17,917,lattice,9,p,img/target_10.png
17,918,lattice,7,e,img/target_3.png
17,919,lattice,6,o,img/target_9.png
17,920,lattice,5,q,img/target_1.png
17,921,lattice,3,r,img/target_4.png
17,922,lattice,1,b,img/target_6.png
17,923,lattice,2,i,img/target_8.png
17,924,lattice,4,w,img/target_2.png
17,925,lattice,6,o,img/target_9.png
17,926,lattice,7,e,img/target_3.png
17,927,lattice,8,u,img/target_7.png
17,928,lattice,0,v,img/target_5.png
17,929,lattice,9,p,img/target_10.png
17,930,lattice,1,b,img/target_6.png
17,931,lattice,9,p,img/target_10.png
17,932,lattice,0,v,img/target_5.png
17,933,lattice,2,i,img/target_8.png
17,934,lattice,1,b,img/target_6.png
17,935,lattice,2,i,img/target_8.png
17,936,lattice,0,v,img/target_5.png
17,937,lattice,1,b,img/target_6.png
17,938,lattice,9,p,img/target_10.png
17,939,lattice,1,b,img/target_6.png
17,940,lattice,9,p,img/target_10.png
17,941,lattice,7,e,img/target_3.png
17,942,lattice,8,u,img/target_7.png
17,943,lattice,0,v,img/target_5.png
17,944,lattice,1,b,img/target_6.png
17,945,lattice,9,p,img/target_10.png
17,946,lattice,8,u,img/target_7.png
17,947,lattice,9,p,img/target_10.png
17,948,lattice,0,v,img/target_5.png
17,949,lattice,2,i,img/target_8.png
17,950,lattice,4,w,img/target_2.png
17,951,lattice,2,i,img/target_8.png
17,952,lattice,4,w,img/target_2.png
17,953,lattice,6,o,img/target_9.png
17,954,lattice,8,u,img/target_7.png
17,955,lattice,9,p,img/target_10.png
17,956,lattice,8,u,img/target_7.png
17,957,lattice,7,e,img/target_3.png
17,958,lattice,6,o,img/target_9.png
17,959,lattice,8,u,img/target_7.png
17,960,lattice,7,e,img/target_3.png
17,961,lattice,5,q,img/target_1.png
17,962,lattice,3,r,img/target_4.png
17,963,lattice,5,q,img/target_1.png
17,964,lattice,7,e,img/target_3.png
17,965,lattice,9,p,img/target_10.png
17,966,lattice,0,v,img/target_5.png
17,967,lattice,9,p,img/target_10.png
17,968,lattice,0,v,img/target_5.png
17,969,lattice,1,b,img/target_6.png
17,970,lattice,2,i,img/target_8.png
17,971,lattice,3,r,img/target_4.png
17,972,lattice,4,w,img/target_2.png
17,973,lattice,5,q,img/target_1.png
17,974,lattice,4,w,img/target_2.png
17,975,lattice,2,i,img/target_8.png
17,976,lattice,0,v,img/target_5.png
17,977,lattice,1,b,img/target_6.png
17,978,lattice,2,i,img/target_8.png
17,979,lattice,0,v,img/target_5.png
17,980,lattice,1,b,img/target_6.png
17,981,lattice,9,p,img/target_10.png
17,982,lattice,7,e,img/target_3.png
17,983,lattice,5,q,img/target_1.png
17,984,lattice,6,o,img/target_9.png
17,985,lattice,4,w,img/target_2.png
17,986,lattice,3,r,img/target_4.png
17,987,lattice,5,q,img/target_1.png
17,988,lattice,4,w,img/target_2.png
17,989,lattice,2,i,img/target_8.png
17,990,lattice,0,v,img/target_5.png
17,991,lattice,1,b,img/target_6.png
17,992,lattice,2,i,img/target_8.png
17,993,lattice,4,w,img/target_2.png
17,994,lattice,2,i,img/target_8.png
17,995,lattice,0,v,img/target_5.png
17,996,lattice,1,b,img/target_6.png
17,997,lattice,9,p,img/target_10.png
17,998,lattice,7,e,img/target_3.png
17,999,lattice,5,q,img/target_1.png
17,1000,lattice,4,w,img/target_2.png
