pID,sess,trialNum,graph,walk,resp,path
14,2,1,modular,1,e,img/target_3.png
14,2,2,modular,0,v,img/target_5.png
14,2,3,modular,2,o,img/target_9.png
14,2,4,modular,1,e,img/target_3.png
14,2,5,modular,3,r,img/target_4.png
14,2,6,modular,4,b,img/target_6.png
14,2,7,modular,3,r,img/target_4.png
14,2,8,modular,0,v,img/target_5.png
14,2,9,modular,1,e,img/target_3.png
14,2,10,modular,3,r,img/target_4.png
14,2,11,modular,0,v,img/target_5.png
14,2,12,modular,9,p,img/target_10.png
14,2,13,modular,0,v,img/target_5.png
14,2,14,modular,9,p,img/target_10.png
14,2,15,modular,7,u,img/target_7.png
14,2,16,modular,9,p,img/target_10.png
14,2,17,modular,8,q,img/target_1.png
14,2,18,modular,9,p,img/target_10.png
14,2,19,modular,7,u,img/target_7.png
14,2,20,modular,5,i,img/target_8.png
14,2,21,modular,8,q,img/target_1.png
14,2,22,modular,9,p,img/target_10.png
14,2,23,modular,6,w,img/target_2.png
14,2,24,modular,5,i,img/target_8.png
14,2,25,modular,6,w,img/target_2.png
14,2,26,modular,7,u,img/target_7.png
14,2,27,modular,9,p,img/target_10.png
14,2,28,modular,8,q,img/target_1.png
14,2,29,modular,5,i,img/target_8.png
14,2,30,modular,6,w,img/target_2.png
14,2,31,modular,9,p,img/target_10.png
14,2,32,modular,0,v,img/target_5.png
14,2,33,modular,9,p,img/target_10.png
14,2,34,modular,0,v,img/target_5.png
14,2,35,modular,9,p,img/target_10.png
14,2,36,modular,7,u,img/target_7.png
14,2,37,modular,6,w,img/target_2.png
14,2,38,modular,7,u,img/target_7.png
14,2,39,modular,6,w,img/target_2.png
14,2,40,modular,9,p,img/target_10.png
14,2,41,modular,0,v,img/target_5.png
14,2,42,modular,9,p,img/target_10.png
14,2,43,modular,8,q,img/target_1.png
14,2,44,modular,7,u,img/target_7.png
14,2,45,modular,5,i,img/target_8.png
14,2,46,modular,6,w,img/target_2.png
14,2,47,modular,9,p,img/target_10.png
14,2,48,modular,8,q,img/target_1.png
14,2,49,modular,5,i,img/target_8.png
14,2,50,modular,7,u,img/target_7.png
14,2,51,modular,6,w,img/target_2.png
14,2,52,modular,8,q,img/target_1.png
14,2,53,modular,6,w,img/target_2.png
14,2,54,modular,5,i,img/target_8.png
14,2,55,modular,7,u,img/target_7.png
14,2,56,modular,6,w,img/target_2.png
14,2,57,modular,7,u,img/target_7.png
14,2,58,modular,9,p,img/target_10.png
14,2,59,modular,8,q,img/target_1.png
14,2,60,modular,7,u,img/target_7.png
14,2,61,modular,6,w,img/target_2.png
14,2,62,modular,8,q,img/target_1.png
14,2,63,modular,5,i,img/target_8.png
14,2,64,modular,7,u,img/target_7.png
14,2,65,modular,5,i,img/target_8.png
14,2,66,modular,6,w,img/target_2.png
14,2,67,modular,5,i,img/target_8.png
14,2,68,modular,8,q,img/target_1.png
14,2,69,modular,9,p,img/target_10.png
14,2,70,modular,8,q,img/target_1.png
14,2,71,modular,7,u,img/target_7.png
14,2,72,modular,8,q,img/target_1.png
14,2,73,modular,7,u,img/target_7.png
14,2,74,modular,8,q,img/target_1.png
14,2,75,modular,6,w,img/target_2.png
14,2,76,modular,7,u,img/target_7.png
14,2,77,modular,9,p,img/target_10.png
14,2,78,modular,8,q,img/target_1.png
14,2,79,modular,5,i,img/target_8.png
14,2,80,modular,8,q,img/target_1.png
14,2,81,modular,9,p,img/target_10.png
14,2,82,modular,6,w,img/target_2.png
14,2,83,modular,8,q,img/target_1.png
14,2,84,modular,6,w,img/target_2.png
14,2,85,modular,5,i,img/target_8.png
14,2,86,modular,7,u,img/target_7.png
14,2,87,modular,5,i,img/target_8.png
14,2,88,modular,8,q,img/target_1.png
14,2,89,modular,9,p,img/target_10.png
14,2,90,modular,0,v,img/target_5.png
14,2,91,modular,1,e,img/target_3.png
14,2,92,modular,4,b,img/target_6.png
14,2,93,modular,3,r,img/target_4.png
14,2,94,modular,4,b,img/target_6.png
14,2,95,modular,3,r,img/target_4.png
14,2,96,modular,0,v,img/target_5.png
14,2,97,modular,9,p,img/target_10.png
14,2,98,modular,8,q,img/target_1.png
14,2,99,modular,9,p,img/target_10.png
14,2,100,modular,8,q,img/target_1.png
14,2,101,modular,9,p,img/target_10.png
14,2,102,modular,0,v,img/target_5.png
14,2,103,modular,1,e,img/target_3.png
14,2,104,modular,0,v,img/target_5.png
14,2,105,modular,2,o,img/target_9.png
14,2,106,modular,4,b,img/target_6.png
14,2,107,modular,5,i,img/target_8.png
14,2,108,modular,6,w,img/target_2.png
14,2,109,modular,5,i,img/target_8.png
14,2,110,modular,8,q,img/target_1.png
14,2,111,modular,6,w,img/target_2.png
14,2,112,modular,7,u,img/target_7.png
14,2,113,modular,9,p,img/target_10.png
14,2,114,modular,6,w,img/target_2.png
14,2,115,modular,9,p,img/target_10.png
14,2,116,modular,8,q,img/target_1.png
14,2,117,modular,5,i,img/target_8.png
14,2,118,modular,4,b,img/target_6.png
14,2,119,modular,5,i,img/target_8.png
14,2,120,modular,8,q,img/target_1.png
14,2,121,modular,6,w,img/target_2.png
14,2,122,modular,9,p,img/target_10.png
14,2,123,modular,6,w,img/target_2.png
14,2,124,modular,8,q,img/target_1.png
14,2,125,modular,6,w,img/target_2.png
14,2,126,modular,7,u,img/target_7.png
14,2,127,modular,5,i,img/target_8.png
14,2,128,modular,4,b,img/target_6.png
14,2,129,modular,3,r,img/target_4.png
14,2,130,modular,0,v,img/target_5.png
14,2,131,modular,1,e,img/target_3.png
14,2,132,modular,4,b,img/target_6.png
14,2,133,modular,3,r,img/target_4.png
14,2,134,modular,0,v,img/target_5.png
14,2,135,modular,9,p,img/target_10.png
14,2,136,modular,6,w,img/target_2.png
14,2,137,modular,8,q,img/target_1.png
14,2,138,modular,9,p,img/target_10.png
14,2,139,modular,0,v,img/target_5.png
14,2,140,modular,2,o,img/target_9.png
14,2,141,modular,3,r,img/target_4.png
14,2,142,modular,0,v,img/target_5.png
14,2,143,modular,1,e,img/target_3.png
14,2,144,modular,2,o,img/target_9.png
14,2,145,modular,1,e,img/target_3.png
14,2,146,modular,0,v,img/target_5.png
14,2,147,modular,2,o,img/target_9.png
14,2,148,modular,1,e,img/target_3.png
14,2,149,modular,3,r,img/target_4.png
14,2,150,modular,2,o,img/target_9.png
14,2,151,modular,3,r,img/target_4.png
14,2,152,modular,4,b,img/target_6.png
14,2,153,modular,1,e,img/target_3.png
14,2,154,modular,0,v,img/target_5.png
14,2,155,modular,9,p,img/target_10.png
14,2,156,modular,7,u,img/target_7.png
14,2,157,modular,8,q,img/target_1.png
14,2,158,modular,5,i,img/target_8.png
14,2,159,modular,4,b,img/target_6.png
14,2,160,modular,2,o,img/target_9.png
14,2,161,modular,0,v,img/target_5.png
14,2,162,modular,2,o,img/target_9.png
14,2,163,modular,3,r,img/target_4.png
14,2,164,modular,2,o,img/target_9.png
14,2,165,modular,4,b,img/target_6.png
14,2,166,modular,1,e,img/target_3.png
14,2,167,modular,3,r,img/target_4.png
14,2,168,modular,2,o,img/target_9.png
14,2,169,modular,0,v,img/target_5.png
14,2,170,modular,2,o,img/target_9.png
14,2,171,modular,1,e,img/target_3.png
14,2,172,modular,4,b,img/target_6.png
14,2,173,modular,5,i,img/target_8.png
14,2,174,modular,7,u,img/target_7.png
14,2,175,modular,6,w,img/target_2.png
14,2,176,modular,7,u,img/target_7.png
14,2,177,modular,9,p,img/target_10.png
14,2,178,modular,0,v,img/target_5.png
14,2,179,modular,1,e,img/target_3.png
14,2,180,modular,2,o,img/target_9.png
14,2,181,modular,0,v,img/target_5.png
14,2,182,modular,9,p,img/target_10.png
14,2,183,modular,8,q,img/target_1.png
14,2,184,modular,6,w,img/target_2.png
14,2,185,modular,9,p,img/target_10.png
14,2,186,modular,6,w,img/target_2.png
14,2,187,modular,5,i,img/target_8.png
14,2,188,modular,4,b,img/target_6.png
14,2,189,modular,3,r,img/target_4.png
14,2,190,modular,2,o,img/target_9.png
14,2,191,modular,4,b,img/target_6.png
14,2,192,modular,1,e,img/target_3.png
14,2,193,modular,4,b,img/target_6.png
14,2,194,modular,2,o,img/target_9.png
14,2,195,modular,0,v,img/target_5.png
14,2,196,modular,1,e,img/target_3.png
14,2,197,modular,0,v,img/target_5.png
14,2,198,modular,3,r,img/target_4.png
14,2,199,modular,0,v,img/target_5.png
14,2,200,modular,1,e,img/target_3.png
14,2,201,modular,4,b,img/target_6.png
14,2,202,modular,3,r,img/target_4.png
14,2,203,modular,1,e,img/target_3.png
14,2,204,modular,2,o,img/target_9.png
14,2,205,modular,0,v,img/target_5.png
14,2,206,modular,2,o,img/target_9.png
14,2,207,modular,4,b,img/target_6.png
14,2,208,modular,5,i,img/target_8.png
14,2,209,modular,6,w,img/target_2.png
14,2,210,modular,5,i,img/target_8.png
14,2,211,modular,4,b,img/target_6.png
14,2,212,modular,2,o,img/target_9.png
14,2,213,modular,3,r,img/target_4.png
14,2,214,modular,0,v,img/target_5.png
14,2,215,modular,2,o,img/target_9.png
14,2,216,modular,3,r,img/target_4.png
14,2,217,modular,4,b,img/target_6.png
14,2,218,modular,2,o,img/target_9.png
14,2,219,modular,1,e,img/target_3.png
14,2,220,modular,0,v,img/target_5.png
14,2,221,modular,9,p,img/target_10.png
14,2,222,modular,8,q,img/target_1.png
14,2,223,modular,9,p,img/target_10.png
14,2,224,modular,8,q,img/target_1.png
14,2,225,modular,9,p,img/target_10.png
14,2,226,modular,7,u,img/target_7.png
14,2,227,modular,8,q,img/target_1.png
14,2,228,modular,5,i,img/target_8.png
14,2,229,modular,7,u,img/target_7.png
14,2,230,modular,5,i,img/target_8.png
14,2,231,modular,8,q,img/target_1.png
14,2,232,modular,5,i,img/target_8.png
14,2,233,modular,8,q,img/target_1.png
14,2,234,modular,7,u,img/target_7.png
14,2,235,modular,8,q,img/target_1.png
14,2,236,modular,5,i,img/target_8.png
14,2,237,modular,4,b,img/target_6.png
14,2,238,modular,5,i,img/target_8.png
14,2,239,modular,8,q,img/target_1.png
14,2,240,modular,7,u,img/target_7.png
14,2,241,modular,9,p,img/target_10.png
14,2,242,modular,0,v,img/target_5.png
14,2,243,modular,2,o,img/target_9.png
14,2,244,modular,0,v,img/target_5.png
14,2,245,modular,9,p,img/target_10.png
14,2,246,modular,7,u,img/target_7.png
14,2,247,modular,8,q,img/target_1.png
14,2,248,modular,9,p,img/target_10.png
14,2,249,modular,7,u,img/target_7.png
14,2,250,modular,9,p,img/target_10.png
14,2,251,modular,0,v,img/target_5.png
14,2,252,modular,2,o,img/target_9.png
14,2,253,modular,3,r,img/target_4.png
14,2,254,modular,1,e,img/target_3.png
14,2,255,modular,0,v,img/target_5.png
14,2,256,modular,2,o,img/target_9.png
14,2,257,modular,4,b,img/target_6.png
14,2,258,modular,5,i,img/target_8.png
14,2,259,modular,6,w,img/target_2.png
14,2,260,modular,8,q,img/target_1.png
14,2,261,modular,5,i,img/target_8.png
14,2,262,modular,7,u,img/target_7.png
14,2,263,modular,9,p,img/target_10.png
14,2,264,modular,0,v,img/target_5.png
14,2,265,modular,2,o,img/target_9.png
14,2,266,modular,4,b,img/target_6.png
14,2,267,modular,5,i,img/target_8.png
14,2,268,modular,8,q,img/target_1.png
14,2,269,modular,7,u,img/target_7.png
14,2,270,modular,5,i,img/target_8.png
14,2,271,modular,6,w,img/target_2.png
14,2,272,modular,9,p,img/target_10.png
14,2,273,modular,6,w,img/target_2.png
14,2,274,modular,7,u,img/target_7.png
14,2,275,modular,5,i,img/target_8.png
14,2,276,modular,6,w,img/target_2.png
14,2,277,modular,8,q,img/target_1.png
14,2,278,modular,6,w,img/target_2.png
14,2,279,modular,8,q,img/target_1.png
14,2,280,modular,9,p,img/target_10.png
14,2,281,modular,6,w,img/target_2.png
14,2,282,modular,8,q,img/target_1.png
14,2,283,modular,9,p,img/target_10.png
14,2,284,modular,8,q,img/target_1.png
14,2,285,modular,9,p,img/target_10.png
14,2,286,modular,0,v,img/target_5.png
14,2,287,modular,1,e,img/target_3.png
14,2,288,modular,4,b,img/target_6.png
14,2,289,modular,3,r,img/target_4.png
14,2,290,modular,0,v,img/target_5.png
14,2,291,modular,2,o,img/target_9.png
14,2,292,modular,0,v,img/target_5.png
14,2,293,modular,3,r,img/target_4.png
14,2,294,modular,0,v,img/target_5.png
14,2,295,modular,9,p,img/target_10.png
14,2,296,modular,8,q,img/target_1.png
14,2,297,modular,9,p,img/target_10.png
14,2,298,modular,6,w,img/target_2.png
14,2,299,modular,8,q,img/target_1.png
14,2,300,modular,5,i,img/target_8.png
14,2,301,modular,6,w,img/target_2.png
14,2,302,modular,7,u,img/target_7.png
14,2,303,modular,6,w,img/target_2.png
14,2,304,modular,9,p,img/target_10.png
14,2,305,modular,6,w,img/target_2.png
14,2,306,modular,9,p,img/target_10.png
14,2,307,modular,0,v,img/target_5.png
14,2,308,modular,9,p,img/target_10.png
14,2,309,modular,0,v,img/target_5.png
14,2,310,modular,2,o,img/target_9.png
14,2,311,modular,0,v,img/target_5.png
14,2,312,modular,9,p,img/target_10.png
14,2,313,modular,6,w,img/target_2.png
14,2,314,modular,8,q,img/target_1.png
14,2,315,modular,9,p,img/target_10.png
14,2,316,modular,6,w,img/target_2.png
14,2,317,modular,5,i,img/target_8.png
14,2,318,modular,4,b,img/target_6.png
14,2,319,modular,5,i,img/target_8.png
14,2,320,modular,7,u,img/target_7.png
14,2,321,modular,6,w,img/target_2.png
14,2,322,modular,7,u,img/target_7.png
14,2,323,modular,9,p,img/target_10.png
14,2,324,modular,8,q,img/target_1.png
14,2,325,modular,6,w,img/target_2.png
14,2,326,modular,8,q,img/target_1.png
14,2,327,modular,7,u,img/target_7.png
14,2,328,modular,6,w,img/target_2.png
14,2,329,modular,9,p,img/target_10.png
14,2,330,modular,7,u,img/target_7.png
14,2,331,modular,9,p,img/target_10.png
14,2,332,modular,7,u,img/target_7.png
14,2,333,modular,6,w,img/target_2.png
14,2,334,modular,8,q,img/target_1.png
14,2,335,modular,9,p,img/target_10.png
14,2,336,modular,6,w,img/target_2.png
14,2,337,modular,9,p,img/target_10.png
14,2,338,modular,0,v,img/target_5.png
14,2,339,modular,2,o,img/target_9.png
14,2,340,modular,1,e,img/target_3.png
14,2,341,modular,3,r,img/target_4.png
14,2,342,modular,1,e,img/target_3.png
14,2,343,modular,2,o,img/target_9.png
14,2,344,modular,3,r,img/target_4.png
14,2,345,modular,4,b,img/target_6.png
14,2,346,modular,2,o,img/target_9.png
14,2,347,modular,0,v,img/target_5.png
14,2,348,modular,9,p,img/target_10.png
14,2,349,modular,7,u,img/target_7.png
14,2,350,modular,8,q,img/target_1.png
14,2,351,modular,5,i,img/target_8.png
14,2,352,modular,8,q,img/target_1.png
14,2,353,modular,7,u,img/target_7.png
14,2,354,modular,5,i,img/target_8.png
14,2,355,modular,8,q,img/target_1.png
14,2,356,modular,9,p,img/target_10.png
14,2,357,modular,8,q,img/target_1.png
14,2,358,modular,5,i,img/target_8.png
14,2,359,modular,4,b,img/target_6.png
14,2,360,modular,5,i,img/target_8.png
14,2,361,modular,4,b,img/target_6.png
14,2,362,modular,5,i,img/target_8.png
14,2,363,modular,7,u,img/target_7.png
14,2,364,modular,6,w,img/target_2.png
14,2,365,modular,9,p,img/target_10.png
14,2,366,modular,7,u,img/target_7.png
14,2,367,modular,9,p,img/target_10.png
14,2,368,modular,8,q,img/target_1.png
14,2,369,modular,7,u,img/target_7.png
14,2,370,modular,6,w,img/target_2.png
14,2,371,modular,5,i,img/target_8.png
14,2,372,modular,7,u,img/target_7.png
14,2,373,modular,6,w,img/target_2.png
14,2,374,modular,5,i,img/target_8.png
14,2,375,modular,7,u,img/target_7.png
14,2,376,modular,5,i,img/target_8.png
14,2,377,modular,7,u,img/target_7.png
14,2,378,modular,6,w,img/target_2.png
14,2,379,modular,5,i,img/target_8.png
14,2,380,modular,4,b,img/target_6.png
14,2,381,modular,3,r,img/target_4.png
14,2,382,modular,4,b,img/target_6.png
14,2,383,modular,5,i,img/target_8.png
14,2,384,modular,8,q,img/target_1.png
14,2,385,modular,7,u,img/target_7.png
14,2,386,modular,8,q,img/target_1.png
14,2,387,modular,6,w,img/target_2.png
14,2,388,modular,5,i,img/target_8.png
14,2,389,modular,4,b,img/target_6.png
14,2,390,modular,1,e,img/target_3.png
14,2,391,modular,3,r,img/target_4.png
14,2,392,modular,2,o,img/target_9.png
14,2,393,modular,1,e,img/target_3.png
14,2,394,modular,2,o,img/target_9.png
14,2,395,modular,3,r,img/target_4.png
14,2,396,modular,1,e,img/target_3.png
14,2,397,modular,3,r,img/target_4.png
14,2,398,modular,1,e,img/target_3.png
14,2,399,modular,4,b,img/target_6.png
14,2,400,modular,2,o,img/target_9.png
14,2,401,modular,1,e,img/target_3.png
14,2,402,modular,2,o,img/target_9.png
14,2,403,modular,1,e,img/target_3.png
14,2,404,modular,0,v,img/target_5.png
14,2,405,modular,9,p,img/target_10.png
14,2,406,modular,6,w,img/target_2.png
14,2,407,modular,9,p,img/target_10.png
14,2,408,modular,6,w,img/target_2.png
14,2,409,modular,7,u,img/target_7.png
14,2,410,modular,8,q,img/target_1.png
14,2,411,modular,9,p,img/target_10.png
14,2,412,modular,6,w,img/target_2.png
14,2,413,modular,8,q,img/target_1.png
14,2,414,modular,7,u,img/target_7.png
14,2,415,modular,5,i,img/target_8.png
14,2,416,modular,8,q,img/target_1.png
14,2,417,modular,9,p,img/target_10.png
14,2,418,modular,7,u,img/target_7.png
14,2,419,modular,6,w,img/target_2.png
14,2,420,modular,9,p,img/target_10.png
14,2,421,modular,7,u,img/target_7.png
14,2,422,modular,6,w,img/target_2.png
14,2,423,modular,8,q,img/target_1.png
14,2,424,modular,5,i,img/target_8.png
14,2,425,modular,4,b,img/target_6.png
14,2,426,modular,5,i,img/target_8.png
14,2,427,modular,8,q,img/target_1.png
14,2,428,modular,9,p,img/target_10.png
14,2,429,modular,8,q,img/target_1.png
14,2,430,modular,9,p,img/target_10.png
14,2,431,modular,7,u,img/target_7.png
14,2,432,modular,6,w,img/target_2.png
14,2,433,modular,7,u,img/target_7.png
14,2,434,modular,6,w,img/target_2.png
14,2,435,modular,7,u,img/target_7.png
14,2,436,modular,6,w,img/target_2.png
14,2,437,modular,8,q,img/target_1.png
14,2,438,modular,9,p,img/target_10.png
14,2,439,modular,7,u,img/target_7.png
14,2,440,modular,5,i,img/target_8.png
14,2,441,modular,7,u,img/target_7.png
14,2,442,modular,9,p,img/target_10.png
14,2,443,modular,6,w,img/target_2.png
14,2,444,modular,9,p,img/target_10.png
14,2,445,modular,7,u,img/target_7.png
14,2,446,modular,5,i,img/target_8.png
14,2,447,modular,6,w,img/target_2.png
14,2,448,modular,7,u,img/target_7.png
14,2,449,modular,5,i,img/target_8.png
14,2,450,modular,4,b,img/target_6.png
14,2,451,modular,5,i,img/target_8.png
14,2,452,modular,7,u,img/target_7.png
14,2,453,modular,9,p,img/target_10.png
14,2,454,modular,8,q,img/target_1.png
14,2,455,modular,6,w,img/target_2.png
14,2,456,modular,5,i,img/target_8.png
14,2,457,modular,6,w,img/target_2.png
14,2,458,modular,9,p,img/target_10.png
14,2,459,modular,8,q,img/target_1.png
14,2,460,modular,6,w,img/target_2.png
14,2,461,modular,5,i,img/target_8.png
14,2,462,modular,6,w,img/target_2.png
14,2,463,modular,9,p,img/target_10.png
14,2,464,modular,7,u,img/target_7.png
14,2,465,modular,5,i,img/target_8.png
14,2,466,modular,8,q,img/target_1.png
14,2,467,modular,7,u,img/target_7.png
14,2,468,modular,9,p,img/target_10.png
14,2,469,modular,6,w,img/target_2.png
14,2,470,modular,7,u,img/target_7.png
14,2,471,modular,8,q,img/target_1.png
14,2,472,modular,9,p,img/target_10.png
14,2,473,modular,7,u,img/target_7.png
14,2,474,modular,9,p,img/target_10.png
14,2,475,modular,8,q,img/target_1.png
14,2,476,modular,5,i,img/target_8.png
14,2,477,modular,4,b,img/target_6.png
14,2,478,modular,5,i,img/target_8.png
14,2,479,modular,4,b,img/target_6.png
14,2,480,modular,2,o,img/target_9.png
14,2,481,modular,0,v,img/target_5.png
14,2,482,modular,3,r,img/target_4.png
14,2,483,modular,4,b,img/target_6.png
14,2,484,modular,3,r,img/target_4.png
14,2,485,modular,1,e,img/target_3.png
14,2,486,modular,4,b,img/target_6.png
14,2,487,modular,3,r,img/target_4.png
14,2,488,modular,2,o,img/target_9.png
14,2,489,modular,3,r,img/target_4.png
14,2,490,modular,1,e,img/target_3.png
14,2,491,modular,2,o,img/target_9.png
14,2,492,modular,3,r,img/target_4.png
14,2,493,modular,2,o,img/target_9.png
14,2,494,modular,0,v,img/target_5.png
14,2,495,modular,1,e,img/target_3.png
14,2,496,modular,2,o,img/target_9.png
14,2,497,modular,4,b,img/target_6.png
14,2,498,modular,2,o,img/target_9.png
14,2,499,modular,1,e,img/target_3.png
14,2,500,modular,0,v,img/target_5.png
14,2,501,modular,2,o,img/target_9.png
14,2,502,modular,3,r,img/target_4.png
14,2,503,modular,0,v,img/target_5.png
14,2,504,modular,3,r,img/target_4.png
14,2,505,modular,0,v,img/target_5.png
14,2,506,modular,1,e,img/target_3.png
14,2,507,modular,3,r,img/target_4.png
14,2,508,modular,1,e,img/target_3.png
14,2,509,modular,4,b,img/target_6.png
14,2,510,modular,2,o,img/target_9.png
14,2,511,modular,1,e,img/target_3.png
14,2,512,modular,4,b,img/target_6.png
14,2,513,modular,3,r,img/target_4.png
14,2,514,modular,0,v,img/target_5.png
14,2,515,modular,9,p,img/target_10.png
14,2,516,modular,0,v,img/target_5.png
14,2,517,modular,3,r,img/target_4.png
14,2,518,modular,0,v,img/target_5.png
14,2,519,modular,1,e,img/target_3.png
14,2,520,modular,4,b,img/target_6.png
14,2,521,modular,2,o,img/target_9.png
14,2,522,modular,3,r,img/target_4.png
14,2,523,modular,4,b,img/target_6.png
14,2,524,modular,3,r,img/target_4.png
14,2,525,modular,4,b,img/target_6.png
14,2,526,modular,1,e,img/target_3.png
14,2,527,modular,2,o,img/target_9.png
14,2,528,modular,0,v,img/target_5.png
14,2,529,modular,3,r,img/target_4.png
14,2,530,modular,2,o,img/target_9.png
14,2,531,modular,3,r,img/target_4.png
14,2,532,modular,4,b,img/target_6.png
14,2,533,modular,5,i,img/target_8.png
14,2,534,modular,7,u,img/target_7.png
14,2,535,modular,6,w,img/target_2.png
14,2,536,modular,8,q,img/target_1.png
14,2,537,modular,5,i,img/target_8.png
14,2,538,modular,6,w,img/target_2.png
14,2,539,modular,7,u,img/target_7.png
14,2,540,modular,9,p,img/target_10.png
14,2,541,modular,8,q,img/target_1.png
14,2,542,modular,5,i,img/target_8.png
14,2,543,modular,4,b,img/target_6.png
14,2,544,modular,1,e,img/target_3.png
14,2,545,modular,3,r,img/target_4.png
14,2,546,modular,2,o,img/target_9.png
14,2,547,modular,1,e,img/target_3.png
14,2,548,modular,3,r,img/target_4.png
14,2,549,modular,1,e,img/target_3.png
14,2,550,modular,3,r,img/target_4.png
14,2,551,modular,0,v,img/target_5.png
14,2,552,modular,1,e,img/target_3.png
14,2,553,modular,2,o,img/target_9.png
14,2,554,modular,1,e,img/target_3.png
14,2,555,modular,0,v,img/target_5.png
14,2,556,modular,3,r,img/target_4.png
14,2,557,modular,1,e,img/target_3.png
14,2,558,modular,2,o,img/target_9.png
14,2,559,modular,0,v,img/target_5.png
14,2,560,modular,9,p,img/target_10.png
14,2,561,modular,0,v,img/target_5.png
14,2,562,modular,1,e,img/target_3.png
14,2,563,modular,4,b,img/target_6.png
14,2,564,modular,3,r,img/target_4.png
14,2,565,modular,1,e,img/target_3.png
14,2,566,modular,4,b,img/target_6.png
14,2,567,modular,1,e,img/target_3.png
14,2,568,modular,0,v,img/target_5.png
14,2,569,modular,9,p,img/target_10.png
14,2,570,modular,0,v,img/target_5.png
14,2,571,modular,3,r,img/target_4.png
14,2,572,modular,1,e,img/target_3.png
14,2,573,modular,3,r,img/target_4.png
14,2,574,modular,1,e,img/target_3.png
14,2,575,modular,3,r,img/target_4.png
14,2,576,modular,4,b,img/target_6.png
14,2,577,modular,3,r,img/target_4.png
14,2,578,modular,0,v,img/target_5.png
14,2,579,modular,1,e,img/target_3.png
14,2,580,modular,3,r,img/target_4.png
14,2,581,modular,0,v,img/target_5.png
14,2,582,modular,2,o,img/target_9.png
14,2,583,modular,4,b,img/target_6.png
14,2,584,modular,1,e,img/target_3.png
14,2,585,modular,0,v,img/target_5.png
14,2,586,modular,3,r,img/target_4.png
14,2,587,modular,0,v,img/target_5.png
14,2,588,modular,9,p,img/target_10.png
14,2,589,modular,8,q,img/target_1.png
14,2,590,modular,5,i,img/target_8.png
14,2,591,modular,4,b,img/target_6.png
14,2,592,modular,2,o,img/target_9.png
14,2,593,modular,4,b,img/target_6.png
14,2,594,modular,1,e,img/target_3.png
14,2,595,modular,0,v,img/target_5.png
14,2,596,modular,1,e,img/target_3.png
14,2,597,modular,4,b,img/target_6.png
14,2,598,modular,2,o,img/target_9.png
14,2,599,modular,3,r,img/target_4.png
14,2,600,modular,4,b,img/target_6.png
14,2,601,modular,3,r,img/target_4.png
14,2,602,modular,4,b,img/target_6.png
14,2,603,modular,1,e,img/target_3.png
14,2,604,modular,3,r,img/target_4.png
14,2,605,modular,1,e,img/target_3.png
14,2,606,modular,3,r,img/target_4.png
14,2,607,modular,1,e,img/target_3.png
14,2,608,modular,2,o,img/target_9.png
14,2,609,modular,1,e,img/target_3.png
14,2,610,modular,4,b,img/target_6.png
14,2,611,modular,5,i,img/target_8.png
14,2,612,modular,7,u,img/target_7.png
14,2,613,modular,8,q,img/target_1.png
14,2,614,modular,7,u,img/target_7.png
14,2,615,modular,8,q,img/target_1.png
14,2,616,modular,9,p,img/target_10.png
14,2,617,modular,8,q,img/target_1.png
14,2,618,modular,9,p,img/target_10.png
14,2,619,modular,6,w,img/target_2.png
14,2,620,modular,9,p,img/target_10.png
14,2,621,modular,6,w,img/target_2.png
14,2,622,modular,8,q,img/target_1.png
14,2,623,modular,6,w,img/target_2.png
14,2,624,modular,5,i,img/target_8.png
14,2,625,modular,8,q,img/target_1.png
14,2,626,modular,5,i,img/target_8.png
14,2,627,modular,4,b,img/target_6.png
14,2,628,modular,3,r,img/target_4.png
14,2,629,modular,2,o,img/target_9.png
14,2,630,modular,4,b,img/target_6.png
14,2,631,modular,5,i,img/target_8.png
14,2,632,modular,4,b,img/target_6.png
14,2,633,modular,1,e,img/target_3.png
14,2,634,modular,3,r,img/target_4.png
14,2,635,modular,0,v,img/target_5.png
14,2,636,modular,3,r,img/target_4.png
14,2,637,modular,0,v,img/target_5.png
14,2,638,modular,2,o,img/target_9.png
14,2,639,modular,1,e,img/target_3.png
14,2,640,modular,4,b,img/target_6.png
14,2,641,modular,1,e,img/target_3.png
14,2,642,modular,2,o,img/target_9.png
14,2,643,modular,3,r,img/target_4.png
14,2,644,modular,2,o,img/target_9.png
14,2,645,modular,0,v,img/target_5.png
14,2,646,modular,2,o,img/target_9.png
14,2,647,modular,4,b,img/target_6.png
14,2,648,modular,5,i,img/target_8.png
14,2,649,modular,8,q,img/target_1.png
14,2,650,modular,9,p,img/target_10.png
14,2,651,modular,6,w,img/target_2.png
14,2,652,modular,9,p,img/target_10.png
14,2,653,modular,0,v,img/target_5.png
14,2,654,modular,3,r,img/target_4.png
14,2,655,modular,0,v,img/target_5.png
14,2,656,modular,9,p,img/target_10.png
14,2,657,modular,7,u,img/target_7.png
14,2,658,modular,5,i,img/target_8.png
14,2,659,modular,4,b,img/target_6.png
14,2,660,modular,2,o,img/target_9.png
14,2,661,modular,1,e,img/target_3.png
14,2,662,modular,3,r,img/target_4.png
14,2,663,modular,0,v,img/target_5.png
14,2,664,modular,2,o,img/target_9.png
14,2,665,modular,1,e,img/target_3.png
14,2,666,modular,2,o,img/target_9.png
14,2,667,modular,3,r,img/target_4.png
14,2,668,modular,4,b,img/target_6.png
14,2,669,modular,5,i,img/target_8.png
14,2,670,modular,7,u,img/target_7.png
14,2,671,modular,6,w,img/target_2.png
14,2,672,modular,9,p,img/target_10.png
14,2,673,modular,7,u,img/target_7.png
14,2,674,modular,5,i,img/target_8.png
14,2,675,modular,8,q,img/target_1.png
14,2,676,modular,9,p,img/target_10.png
14,2,677,modular,8,q,img/target_1.png
14,2,678,modular,7,u,img/target_7.png
14,2,679,modular,5,i,img/target_8.png
14,2,680,modular,6,w,img/target_2.png
14,2,681,modular,7,u,img/target_7.png
14,2,682,modular,8,q,img/target_1.png
14,2,683,modular,9,p,img/target_10.png
14,2,684,modular,0,v,img/target_5.png
14,2,685,modular,3,r,img/target_4.png
14,2,686,modular,4,b,img/target_6.png
14,2,687,modular,1,e,img/target_3.png
14,2,688,modular,2,o,img/target_9.png
14,2,689,modular,3,r,img/target_4.png
14,2,690,modular,1,e,img/target_3.png
14,2,691,modular,0,v,img/target_5.png
14,2,692,modular,1,e,img/target_3.png
14,2,693,modular,2,o,img/target_9.png
14,2,694,modular,0,v,img/target_5.png
14,2,695,modular,1,e,img/target_3.png
14,2,696,modular,2,o,img/target_9.png
14,2,697,modular,4,b,img/target_6.png
14,2,698,modular,3,r,img/target_4.png
14,2,699,modular,2,o,img/target_9.png
14,2,700,modular,3,r,img/target_4.png
14,2,701,modular,1,e,img/target_3.png
14,2,702,modular,0,v,img/target_5.png
14,2,703,modular,1,e,img/target_3.png
14,2,704,modular,2,o,img/target_9.png
14,2,705,modular,3,r,img/target_4.png
14,2,706,modular,2,o,img/target_9.png
14,2,707,modular,0,v,img/target_5.png
14,2,708,modular,2,o,img/target_9.png
14,2,709,modular,1,e,img/target_3.png
14,2,710,modular,0,v,img/target_5.png
14,2,711,modular,2,o,img/target_9.png
14,2,712,modular,0,v,img/target_5.png
14,2,713,modular,1,e,img/target_3.png
14,2,714,modular,4,b,img/target_6.png
14,2,715,modular,1,e,img/target_3.png
14,2,716,modular,3,r,img/target_4.png
14,2,717,modular,4,b,img/target_6.png
14,2,718,modular,1,e,img/target_3.png
14,2,719,modular,0,v,img/target_5.png
14,2,720,modular,2,o,img/target_9.png
14,2,721,modular,3,r,img/target_4.png
14,2,722,modular,0,v,img/target_5.png
14,2,723,modular,1,e,img/target_3.png
14,2,724,modular,3,r,img/target_4.png
14,2,725,modular,0,v,img/target_5.png
14,2,726,modular,3,r,img/target_4.png
14,2,727,modular,1,e,img/target_3.png
14,2,728,modular,0,v,img/target_5.png
14,2,729,modular,9,p,img/target_10.png
14,2,730,modular,6,w,img/target_2.png
14,2,731,modular,8,q,img/target_1.png
14,2,732,modular,7,u,img/target_7.png
14,2,733,modular,8,q,img/target_1.png
14,2,734,modular,6,w,img/target_2.png
14,2,735,modular,7,u,img/target_7.png
14,2,736,modular,8,q,img/target_1.png
14,2,737,modular,7,u,img/target_7.png
14,2,738,modular,9,p,img/target_10.png
14,2,739,modular,8,q,img/target_1.png
14,2,740,modular,6,w,img/target_2.png
14,2,741,modular,5,i,img/target_8.png
14,2,742,modular,4,b,img/target_6.png
14,2,743,modular,5,i,img/target_8.png
14,2,744,modular,8,q,img/target_1.png
14,2,745,modular,9,p,img/target_10.png
14,2,746,modular,0,v,img/target_5.png
14,2,747,modular,1,e,img/target_3.png
14,2,748,modular,4,b,img/target_6.png
14,2,749,modular,1,e,img/target_3.png
14,2,750,modular,0,v,img/target_5.png
14,2,751,modular,1,e,img/target_3.png
14,2,752,modular,4,b,img/target_6.png
14,2,753,modular,5,i,img/target_8.png
14,2,754,modular,7,u,img/target_7.png
14,2,755,modular,5,i,img/target_8.png
14,2,756,modular,4,b,img/target_6.png
14,2,757,modular,2,o,img/target_9.png
14,2,758,modular,3,r,img/target_4.png
14,2,759,modular,1,e,img/target_3.png
14,2,760,modular,2,o,img/target_9.png
14,2,761,modular,3,r,img/target_4.png
14,2,762,modular,1,e,img/target_3.png
14,2,763,modular,2,o,img/target_9.png
14,2,764,modular,3,r,img/target_4.png
14,2,765,modular,1,e,img/target_3.png
14,2,766,modular,4,b,img/target_6.png
14,2,767,modular,5,i,img/target_8.png
14,2,768,modular,8,q,img/target_1.png
14,2,769,modular,7,u,img/target_7.png
14,2,770,modular,8,q,img/target_1.png
14,2,771,modular,5,i,img/target_8.png
14,2,772,modular,4,b,img/target_6.png
14,2,773,modular,2,o,img/target_9.png
14,2,774,modular,1,e,img/target_3.png
14,2,775,modular,4,b,img/target_6.png
14,2,776,modular,1,e,img/target_3.png
14,2,777,modular,4,b,img/target_6.png
14,2,778,modular,1,e,img/target_3.png
14,2,779,modular,2,o,img/target_9.png
14,2,780,modular,4,b,img/target_6.png
14,2,781,modular,1,e,img/target_3.png
14,2,782,modular,0,v,img/target_5.png
14,2,783,modular,3,r,img/target_4.png
14,2,784,modular,1,e,img/target_3.png
14,2,785,modular,2,o,img/target_9.png
14,2,786,modular,1,e,img/target_3.png
14,2,787,modular,4,b,img/target_6.png
14,2,788,modular,1,e,img/target_3.png
14,2,789,modular,2,o,img/target_9.png
14,2,790,modular,1,e,img/target_3.png
14,2,791,modular,0,v,img/target_5.png
14,2,792,modular,1,e,img/target_3.png
14,2,793,modular,0,v,img/target_5.png
14,2,794,modular,1,e,img/target_3.png
14,2,795,modular,0,v,img/target_5.png
14,2,796,modular,1,e,img/target_3.png
14,2,797,modular,2,o,img/target_9.png
14,2,798,modular,1,e,img/target_3.png
14,2,799,modular,0,v,img/target_5.png
14,2,800,modular,1,e,img/target_3.png
14,2,801,modular,2,o,img/target_9.png
14,2,802,modular,4,b,img/target_6.png
14,2,803,modular,5,i,img/target_8.png
14,2,804,modular,7,u,img/target_7.png
14,2,805,modular,5,i,img/target_8.png
14,2,806,modular,7,u,img/target_7.png
14,2,807,modular,5,i,img/target_8.png
14,2,808,modular,6,w,img/target_2.png
14,2,809,modular,8,q,img/target_1.png
14,2,810,modular,5,i,img/target_8.png
14,2,811,modular,6,w,img/target_2.png
14,2,812,modular,5,i,img/target_8.png
14,2,813,modular,4,b,img/target_6.png
14,2,814,modular,2,o,img/target_9.png
14,2,815,modular,3,r,img/target_4.png
14,2,816,modular,4,b,img/target_6.png
14,2,817,modular,5,i,img/target_8.png
14,2,818,modular,4,b,img/target_6.png
14,2,819,modular,2,o,img/target_9.png
14,2,820,modular,1,e,img/target_3.png
14,2,821,modular,3,r,img/target_4.png
14,2,822,modular,0,v,img/target_5.png
14,2,823,modular,2,o,img/target_9.png
14,2,824,modular,0,v,img/target_5.png
14,2,825,modular,3,r,img/target_4.png
14,2,826,modular,0,v,img/target_5.png
14,2,827,modular,3,r,img/target_4.png
14,2,828,modular,1,e,img/target_3.png
14,2,829,modular,0,v,img/target_5.png
14,2,830,modular,3,r,img/target_4.png
14,2,831,modular,1,e,img/target_3.png
14,2,832,modular,4,b,img/target_6.png
14,2,833,modular,5,i,img/target_8.png
14,2,834,modular,4,b,img/target_6.png
14,2,835,modular,5,i,img/target_8.png
14,2,836,modular,8,q,img/target_1.png
14,2,837,modular,7,u,img/target_7.png
14,2,838,modular,5,i,img/target_8.png
14,2,839,modular,7,u,img/target_7.png
14,2,840,modular,6,w,img/target_2.png
14,2,841,modular,5,i,img/target_8.png
14,2,842,modular,6,w,img/target_2.png
14,2,843,modular,8,q,img/target_1.png
14,2,844,modular,5,i,img/target_8.png
14,2,845,modular,4,b,img/target_6.png
14,2,846,modular,3,r,img/target_4.png
14,2,847,modular,0,v,img/target_5.png
14,2,848,modular,3,r,img/target_4.png
14,2,849,modular,2,o,img/target_9.png
14,2,850,modular,0,v,img/target_5.png
14,2,851,modular,1,e,img/target_3.png
14,2,852,modular,4,b,img/target_6.png
14,2,853,modular,5,i,img/target_8.png
14,2,854,modular,4,b,img/target_6.png
14,2,855,modular,2,o,img/target_9.png
14,2,856,modular,3,r,img/target_4.png
14,2,857,modular,2,o,img/target_9.png
14,2,858,modular,4,b,img/target_6.png
14,2,859,modular,1,e,img/target_3.png
14,2,860,modular,0,v,img/target_5.png
14,2,861,modular,3,r,img/target_4.png
14,2,862,modular,0,v,img/target_5.png
14,2,863,modular,9,p,img/target_10.png
14,2,864,modular,6,w,img/target_2.png
14,2,865,modular,5,i,img/target_8.png
14,2,866,modular,4,b,img/target_6.png
14,2,867,modular,3,r,img/target_4.png
14,2,868,modular,1,e,img/target_3.png
14,2,869,modular,2,o,img/target_9.png
14,2,870,modular,4,b,img/target_6.png
14,2,871,modular,2,o,img/target_9.png
14,2,872,modular,3,r,img/target_4.png
14,2,873,modular,2,o,img/target_9.png
14,2,874,modular,4,b,img/target_6.png
14,2,875,modular,1,e,img/target_3.png
14,2,876,modular,0,v,img/target_5.png
14,2,877,modular,9,p,img/target_10.png
14,2,878,modular,6,w,img/target_2.png
14,2,879,modular,7,u,img/target_7.png
14,2,880,modular,8,q,img/target_1.png
14,2,881,modular,7,u,img/target_7.png
14,2,882,modular,6,w,img/target_2.png
14,2,883,modular,5,i,img/target_8.png
14,2,884,modular,4,b,img/target_6.png
14,2,885,modular,2,o,img/target_9.png
14,2,886,modular,4,b,img/target_6.png
14,2,887,modular,3,r,img/target_4.png
14,2,888,modular,2,o,img/target_9.png
14,2,889,modular,3,r,img/target_4.png
14,2,890,modular,4,b,img/target_6.png
14,2,891,modular,3,r,img/target_4.png
14,2,892,modular,1,e,img/target_3.png
14,2,893,modular,3,r,img/target_4.png
14,2,894,modular,0,v,img/target_5.png
14,2,895,modular,2,o,img/target_9.png
14,2,896,modular,1,e,img/target_3.png
14,2,897,modular,3,r,img/target_4.png
14,2,898,modular,1,e,img/target_3.png
14,2,899,modular,4,b,img/target_6.png
14,2,900,modular,1,e,img/target_3.png
14,2,901,modular,4,b,img/target_6.png
14,2,902,modular,3,r,img/target_4.png
14,2,903,modular,0,v,img/target_5.png
14,2,904,modular,9,p,img/target_10.png
14,2,905,modular,0,v,img/target_5.png
14,2,906,modular,9,p,img/target_10.png
14,2,907,modular,8,q,img/target_1.png
14,2,908,modular,5,i,img/target_8.png
14,2,909,modular,4,b,img/target_6.png
14,2,910,modular,2,o,img/target_9.png
14,2,911,modular,0,v,img/target_5.png
14,2,912,modular,9,p,img/target_10.png
14,2,913,modular,6,w,img/target_2.png
14,2,914,modular,9,p,img/target_10.png
14,2,915,modular,7,u,img/target_7.png
14,2,916,modular,6,w,img/target_2.png
14,2,917,modular,8,q,img/target_1.png
14,2,918,modular,9,p,img/target_10.png
14,2,919,modular,8,q,img/target_1.png
14,2,920,modular,5,i,img/target_8.png
14,2,921,modular,8,q,img/target_1.png
14,2,922,modular,7,u,img/target_7.png
14,2,923,modular,8,q,img/target_1.png
14,2,924,modular,9,p,img/target_10.png
14,2,925,modular,7,u,img/target_7.png
14,2,926,modular,5,i,img/target_8.png
14,2,927,modular,7,u,img/target_7.png
14,2,928,modular,6,w,img/target_2.png
14,2,929,modular,8,q,img/target_1.png
14,2,930,modular,6,w,img/target_2.png
14,2,931,modular,9,p,img/target_10.png
14,2,932,modular,7,u,img/target_7.png
14,2,933,modular,5,i,img/target_8.png
14,2,934,modular,8,q,img/target_1.png
14,2,935,modular,7,u,img/target_7.png
14,2,936,modular,6,w,img/target_2.png
14,2,937,modular,7,u,img/target_7.png
14,2,938,modular,6,w,img/target_2.png
14,2,939,modular,7,u,img/target_7.png
14,2,940,modular,5,i,img/target_8.png
14,2,941,modular,7,u,img/target_7.png
14,2,942,modular,9,p,img/target_10.png
14,2,943,modular,0,v,img/target_5.png
14,2,944,modular,3,r,img/target_4.png
14,2,945,modular,2,o,img/target_9.png
14,2,946,modular,1,e,img/target_3.png
14,2,947,modular,0,v,img/target_5.png
14,2,948,modular,2,o,img/target_9.png
14,2,949,modular,3,r,img/target_4.png
14,2,950,modular,0,v,img/target_5.png
14,2,951,modular,3,r,img/target_4.png
14,2,952,modular,2,o,img/target_9.png
14,2,953,modular,3,r,img/target_4.png
14,2,954,modular,2,o,img/target_9.png
14,2,955,modular,1,e,img/target_3.png
14,2,956,modular,2,o,img/target_9.png
14,2,957,modular,0,v,img/target_5.png
14,2,958,modular,1,e,img/target_3.png
14,2,959,modular,0,v,img/target_5.png
14,2,960,modular,3,r,img/target_4.png
14,2,961,modular,4,b,img/target_6.png
14,2,962,modular,3,r,img/target_4.png
14,2,963,modular,2,o,img/target_9.png
14,2,964,modular,1,e,img/target_3.png
14,2,965,modular,2,o,img/target_9.png
14,2,966,modular,1,e,img/target_3.png
14,2,967,modular,4,b,img/target_6.png
14,2,968,modular,1,e,img/target_3.png
14,2,969,modular,2,o,img/target_9.png
14,2,970,modular,0,v,img/target_5.png
14,2,971,modular,1,e,img/target_3.png
14,2,972,modular,3,r,img/target_4.png
14,2,973,modular,1,e,img/target_3.png
14,2,974,modular,0,v,img/target_5.png
14,2,975,modular,9,p,img/target_10.png
14,2,976,modular,7,u,img/target_7.png
14,2,977,modular,5,i,img/target_8.png
14,2,978,modular,6,w,img/target_2.png
14,2,979,modular,8,q,img/target_1.png
14,2,980,modular,6,w,img/target_2.png
14,2,981,modular,8,q,img/target_1.png
14,2,982,modular,5,i,img/target_8.png
14,2,983,modular,7,u,img/target_7.png
14,2,984,modular,9,p,img/target_10.png
14,2,985,modular,7,u,img/target_7.png
14,2,986,modular,5,i,img/target_8.png
14,2,987,modular,4,b,img/target_6.png
14,2,988,modular,3,r,img/target_4.png
14,2,989,modular,1,e,img/target_3.png
14,2,990,modular,2,o,img/target_9.png
14,2,991,modular,1,e,img/target_3.png
14,2,992,modular,0,v,img/target_5.png
14,2,993,modular,9,p,img/target_10.png
14,2,994,modular,7,u,img/target_7.png
14,2,995,modular,8,q,img/target_1.png
14,2,996,modular,6,w,img/target_2.png
14,2,997,modular,9,p,img/target_10.png
14,2,998,modular,8,q,img/target_1.png
14,2,999,modular,5,i,img/target_8.png
14,2,1000,modular,6,w,img/target_2.png
