pID,sess,trialNum,graph,walk,resp,path
14,3,1,modular,5,i,img/target_8.png
14,3,2,modular,7,u,img/target_7.png
14,3,3,modular,6,w,img/target_2.png
14,3,4,modular,5,i,img/target_8.png
14,3,5,modular,8,q,img/target_1.png
14,3,6,modular,5,i,img/target_8.png
14,3,7,modular,7,u,img/target_7.png
14,3,8,modular,8,q,img/target_1.png
14,3,9,modular,9,p,img/target_10.png
14,3,10,modular,8,q,img/target_1.png
14,3,11,modular,5,i,img/target_8.png
14,3,12,modular,8,q,img/target_1.png
14,3,13,modular,5,i,img/target_8.png
14,3,14,modular,6,w,img/target_2.png
14,3,15,modular,5,i,img/target_8.png
14,3,16,modular,7,u,img/target_7.png
14,3,17,modular,9,p,img/target_10.png
14,3,18,modular,8,q,img/target_1.png
14,3,19,modular,6,w,img/target_2.png
14,3,20,modular,9,p,img/target_10.png
14,3,21,modular,6,w,img/target_2.png
14,3,22,modular,9,p,img/target_10.png
14,3,23,modular,0,v,img/target_5.png
14,3,24,modular,2,o,img/target_9.png
14,3,25,modular,4,b,img/target_6.png
14,3,26,modular,1,e,img/target_3.png
14,3,27,modular,4,b,img/target_6.png
14,3,28,modular,1,e,img/target_3.png
14,3,29,modular,0,v,img/target_5.png
14,3,30,modular,1,e,img/target_3.png
14,3,31,modular,2,o,img/target_9.png
14,3,32,modular,0,v,img/target_5.png
14,3,33,modular,3,r,img/target_4.png
14,3,34,modular,2,o,img/target_9.png
14,3,35,modular,3,r,img/target_4.png
14,3,36,modular,2,o,img/target_9.png
14,3,37,modular,4,b,img/target_6.png
14,3,38,modular,3,r,img/target_4.png
14,3,39,modular,0,v,img/target_5.png
14,3,40,modular,3,r,img/target_4.png
14,3,41,modular,2,o,img/target_9.png
14,3,42,modular,0,v,img/target_5.png
14,3,43,modular,2,o,img/target_9.png
14,3,44,modular,3,r,img/target_4.png
14,3,45,modular,2,o,img/target_9.png
14,3,46,modular,1,e,img/target_3.png
14,3,47,modular,0,v,img/target_5.png
14,3,48,modular,3,r,img/target_4.png
14,3,49,modular,0,v,img/target_5.png
14,3,50,modular,9,p,img/target_10.png
14,3,51,modular,0,v,img/target_5.png
14,3,52,modular,2,o,img/target_9.png
14,3,53,modular,0,v,img/target_5.png
14,3,54,modular,9,p,img/target_10.png
14,3,55,modular,7,u,img/target_7.png
14,3,56,modular,8,q,img/target_1.png
14,3,57,modular,6,w,img/target_2.png
14,3,58,modular,5,i,img/target_8.png
14,3,59,modular,8,q,img/target_1.png
14,3,60,modular,5,i,img/target_8.png
14,3,61,modular,6,w,img/target_2.png
14,3,62,modular,5,i,img/target_8.png
14,3,63,modular,8,q,img/target_1.png
14,3,64,modular,5,i,img/target_8.png
14,3,65,modular,7,u,img/target_7.png
14,3,66,modular,5,i,img/target_8.png
14,3,67,modular,6,w,img/target_2.png
14,3,68,modular,7,u,img/target_7.png
14,3,69,modular,6,w,img/target_2.png
14,3,70,modular,5,i,img/target_8.png
14,3,71,modular,4,b,img/target_6.png
14,3,72,modular,3,r,img/target_4.png
14,3,73,modular,0,v,img/target_5.png
14,3,74,modular,1,e,img/target_3.png
14,3,75,modular,2,o,img/target_9.png
14,3,76,modular,0,v,img/target_5.png
14,3,77,modular,1,e,img/target_3.png
14,3,78,modular,4,b,img/target_6.png
14,3,79,modular,2,o,img/target_9.png
14,3,80,modular,4,b,img/target_6.png
14,3,81,modular,2,o,img/target_9.png
14,3,82,modular,4,b,img/target_6.png
14,3,83,modular,5,i,img/target_8.png
14,3,84,modular,6,w,img/target_2.png
14,3,85,modular,7,u,img/target_7.png
14,3,86,modular,9,p,img/target_10.png
14,3,87,modular,0,v,img/target_5.png
14,3,88,modular,1,e,img/target_3.png
14,3,89,modular,2,o,img/target_9.png
14,3,90,modular,4,b,img/target_6.png
14,3,91,modular,5,i,img/target_8.png
14,3,92,modular,4,b,img/target_6.png
14,3,93,modular,5,i,img/target_8.png
14,3,94,modular,6,w,img/target_2.png
14,3,95,modular,8,q,img/target_1.png
14,3,96,modular,6,w,img/target_2.png
14,3,97,modular,8,q,img/target_1.png
14,3,98,modular,9,p,img/target_10.png
14,3,99,modular,0,v,img/target_5.png
14,3,100,modular,2,o,img/target_9.png
14,3,101,modular,4,b,img/target_6.png
14,3,102,modular,5,i,img/target_8.png
14,3,103,modular,7,u,img/target_7.png
14,3,104,modular,9,p,img/target_10.png
14,3,105,modular,7,u,img/target_7.png
14,3,106,modular,6,w,img/target_2.png
14,3,107,modular,9,p,img/target_10.png
14,3,108,modular,7,u,img/target_7.png
14,3,109,modular,8,q,img/target_1.png
14,3,110,modular,9,p,img/target_10.png
14,3,111,modular,0,v,img/target_5.png
14,3,112,modular,9,p,img/target_10.png
14,3,113,modular,6,w,img/target_2.png
14,3,114,modular,7,u,img/target_7.png
14,3,115,modular,5,i,img/target_8.png
14,3,116,modular,4,b,img/target_6.png
14,3,117,modular,3,r,img/target_4.png
14,3,118,modular,2,o,img/target_9.png
14,3,119,modular,4,b,img/target_6.png
14,3,120,modular,3,r,img/target_4.png
14,3,121,modular,0,v,img/target_5.png
14,3,122,modular,9,p,img/target_10.png
14,3,123,modular,7,u,img/target_7.png
14,3,124,modular,9,p,img/target_10.png
14,3,125,modular,7,u,img/target_7.png
14,3,126,modular,5,i,img/target_8.png
14,3,127,modular,4,b,img/target_6.png
14,3,128,modular,5,i,img/target_8.png
14,3,129,modular,4,b,img/target_6.png
14,3,130,modular,2,o,img/target_9.png
14,3,131,modular,0,v,img/target_5.png
14,3,132,modular,1,e,img/target_3.png
14,3,133,modular,0,v,img/target_5.png
14,3,134,modular,3,r,img/target_4.png
14,3,135,modular,4,b,img/target_6.png
14,3,136,modular,5,i,img/target_8.png
14,3,137,modular,7,u,img/target_7.png
14,3,138,modular,5,i,img/target_8.png
14,3,139,modular,6,w,img/target_2.png
14,3,140,modular,5,i,img/target_8.png
14,3,141,modular,7,u,img/target_7.png
14,3,142,modular,8,q,img/target_1.png
14,3,143,modular,5,i,img/target_8.png
14,3,144,modular,4,b,img/target_6.png
14,3,145,modular,1,e,img/target_3.png
14,3,146,modular,4,b,img/target_6.png
14,3,147,modular,3,r,img/target_4.png
14,3,148,modular,1,e,img/target_3.png
14,3,149,modular,2,o,img/target_9.png
14,3,150,modular,0,v,img/target_5.png
14,3,151,modular,1,e,img/target_3.png
14,3,152,modular,3,r,img/target_4.png
14,3,153,modular,4,b,img/target_6.png
14,3,154,modular,2,o,img/target_9.png
14,3,155,modular,0,v,img/target_5.png
14,3,156,modular,9,p,img/target_10.png
14,3,157,modular,8,q,img/target_1.png
14,3,158,modular,9,p,img/target_10.png
14,3,159,modular,8,q,img/target_1.png
14,3,160,modular,7,u,img/target_7.png
14,3,161,modular,5,i,img/target_8.png
14,3,162,modular,7,u,img/target_7.png
14,3,163,modular,8,q,img/target_1.png
14,3,164,modular,6,w,img/target_2.png
14,3,165,modular,5,i,img/target_8.png
14,3,166,modular,4,b,img/target_6.png
14,3,167,modular,3,r,img/target_4.png
14,3,168,modular,0,v,img/target_5.png
14,3,169,modular,2,o,img/target_9.png
14,3,170,modular,4,b,img/target_6.png
14,3,171,modular,1,e,img/target_3.png
14,3,172,modular,3,r,img/target_4.png
14,3,173,modular,1,e,img/target_3.png
14,3,174,modular,3,r,img/target_4.png
14,3,175,modular,1,e,img/target_3.png
14,3,176,modular,0,v,img/target_5.png
14,3,177,modular,1,e,img/target_3.png
14,3,178,modular,2,o,img/target_9.png
14,3,179,modular,4,b,img/target_6.png
14,3,180,modular,3,r,img/target_4.png
14,3,181,modular,0,v,img/target_5.png
14,3,182,modular,2,o,img/target_9.png
14,3,183,modular,1,e,img/target_3.png
14,3,184,modular,4,b,img/target_6.png
14,3,185,modular,2,o,img/target_9.png
14,3,186,modular,0,v,img/target_5.png
14,3,187,modular,3,r,img/target_4.png
14,3,188,modular,4,b,img/target_6.png
14,3,189,modular,5,i,img/target_8.png
14,3,190,modular,7,u,img/target_7.png
14,3,191,modular,8,q,img/target_1.png
14,3,192,modular,6,w,img/target_2.png
14,3,193,modular,7,u,img/target_7.png
14,3,194,modular,8,q,img/target_1.png
14,3,195,modular,6,w,img/target_2.png
14,3,196,modular,9,p,img/target_10.png
14,3,197,modular,7,u,img/target_7.png
14,3,198,modular,9,p,img/target_10.png
14,3,199,modular,0,v,img/target_5.png
14,3,200,modular,1,e,img/target_3.png
14,3,201,modular,2,o,img/target_9.png
14,3,202,modular,1,e,img/target_3.png
14,3,203,modular,0,v,img/target_5.png
14,3,204,modular,1,e,img/target_3.png
14,3,205,modular,3,r,img/target_4.png
14,3,206,modular,0,v,img/target_5.png
14,3,207,modular,3,r,img/target_4.png
14,3,208,modular,4,b,img/target_6.png
14,3,209,modular,2,o,img/target_9.png
14,3,210,modular,4,b,img/target_6.png
14,3,211,modular,5,i,img/target_8.png
14,3,212,modular,6,w,img/target_2.png
14,3,213,modular,9,p,img/target_10.png
14,3,214,modular,6,w,img/target_2.png
14,3,215,modular,7,u,img/target_7.png
14,3,216,modular,8,q,img/target_1.png
14,3,217,modular,7,u,img/target_7.png
14,3,218,modular,9,p,img/target_10.png
14,3,219,modular,6,w,img/target_2.png
14,3,220,modular,9,p,img/target_10.png
14,3,221,modular,0,v,img/target_5.png
14,3,222,modular,2,o,img/target_9.png
14,3,223,modular,3,r,img/target_4.png
14,3,224,modular,2,o,img/target_9.png
14,3,225,modular,0,v,img/target_5.png
14,3,226,modular,9,p,img/target_10.png
14,3,227,modular,6,w,img/target_2.png
14,3,228,modular,8,q,img/target_1.png
14,3,229,modular,5,i,img/target_8.png
14,3,230,modular,8,q,img/target_1.png
14,3,231,modular,7,u,img/target_7.png
14,3,232,modular,8,q,img/target_1.png
14,3,233,modular,6,w,img/target_2.png
14,3,234,modular,8,q,img/target_1.png
14,3,235,modular,5,i,img/target_8.png
14,3,236,modular,7,u,img/target_7.png
14,3,237,modular,9,p,img/target_10.png
14,3,238,modular,8,q,img/target_1.png
14,3,239,modular,6,w,img/target_2.png
14,3,240,modular,9,p,img/target_10.png
14,3,241,modular,8,q,img/target_1.png
14,3,242,modular,5,i,img/target_8.png
14,3,243,modular,7,u,img/target_7.png
14,3,244,modular,8,q,img/target_1.png
14,3,245,modular,9,p,img/target_10.png
14,3,246,modular,6,w,img/target_2.png
14,3,247,modular,5,i,img/target_8.png
14,3,248,modular,6,w,img/target_2.png
14,3,249,modular,8,q,img/target_1.png
14,3,250,modular,7,u,img/target_7.png
14,3,251,modular,9,p,img/target_10.png
14,3,252,modular,8,q,img/target_1.png
14,3,253,modular,9,p,img/target_10.png
14,3,254,modular,0,v,img/target_5.png
14,3,255,modular,9,p,img/target_10.png
14,3,256,modular,7,u,img/target_7.png
14,3,257,modular,9,p,img/target_10.png
14,3,258,modular,7,u,img/target_7.png
14,3,259,modular,5,i,img/target_8.png
14,3,260,modular,8,q,img/target_1.png
14,3,261,modular,6,w,img/target_2.png
14,3,262,modular,7,u,img/target_7.png
14,3,263,modular,9,p,img/target_10.png
14,3,264,modular,0,v,img/target_5.png
14,3,265,modular,9,p,img/target_10.png
14,3,266,modular,8,q,img/target_1.png
14,3,267,modular,5,i,img/target_8.png
14,3,268,modular,6,w,img/target_2.png
14,3,269,modular,8,q,img/target_1.png
14,3,270,modular,6,w,img/target_2.png
14,3,271,modular,7,u,img/target_7.png
14,3,272,modular,5,i,img/target_8.png
14,3,273,modular,4,b,img/target_6.png
14,3,274,modular,5,i,img/target_8.png
14,3,275,modular,7,u,img/target_7.png
14,3,276,modular,9,p,img/target_10.png
14,3,277,modular,6,w,img/target_2.png
14,3,278,modular,9,p,img/target_10.png
14,3,279,modular,7,u,img/target_7.png
14,3,280,modular,5,i,img/target_8.png
14,3,281,modular,8,q,img/target_1.png
14,3,282,modular,7,u,img/target_7.png
14,3,283,modular,9,p,img/target_10.png
14,3,284,modular,7,u,img/target_7.png
14,3,285,modular,6,w,img/target_2.png
14,3,286,modular,7,u,img/target_7.png
14,3,287,modular,6,w,img/target_2.png
14,3,288,modular,7,u,img/target_7.png
14,3,289,modular,5,i,img/target_8.png
14,3,290,modular,6,w,img/target_2.png
14,3,291,modular,7,u,img/target_7.png
14,3,292,modular,6,w,img/target_2.png
14,3,293,modular,7,u,img/target_7.png
14,3,294,modular,8,q,img/target_1.png
14,3,295,modular,7,u,img/target_7.png
14,3,296,modular,9,p,img/target_10.png
14,3,297,modular,7,u,img/target_7.png
14,3,298,modular,8,q,img/target_1.png
14,3,299,modular,7,u,img/target_7.png
14,3,300,modular,8,q,img/target_1.png
14,3,301,modular,7,u,img/target_7.png
14,3,302,modular,8,q,img/target_1.png
14,3,303,modular,9,p,img/target_10.png
14,3,304,modular,8,q,img/target_1.png
14,3,305,modular,6,w,img/target_2.png
14,3,306,modular,5,i,img/target_8.png
14,3,307,modular,8,q,img/target_1.png
14,3,308,modular,6,w,img/target_2.png
14,3,309,modular,8,q,img/target_1.png
14,3,310,modular,9,p,img/target_10.png
14,3,311,modular,8,q,img/target_1.png
14,3,312,modular,7,u,img/target_7.png
14,3,313,modular,5,i,img/target_8.png
14,3,314,modular,6,w,img/target_2.png
14,3,315,modular,5,i,img/target_8.png
14,3,316,modular,8,q,img/target_1.png
14,3,317,modular,5,i,img/target_8.png
14,3,318,modular,7,u,img/target_7.png
14,3,319,modular,6,w,img/target_2.png
14,3,320,modular,7,u,img/target_7.png
14,3,321,modular,5,i,img/target_8.png
14,3,322,modular,4,b,img/target_6.png
14,3,323,modular,2,o,img/target_9.png
14,3,324,modular,3,r,img/target_4.png
14,3,325,modular,0,v,img/target_5.png
14,3,326,modular,9,p,img/target_10.png
14,3,327,modular,6,w,img/target_2.png
14,3,328,modular,5,i,img/target_8.png
14,3,329,modular,8,q,img/target_1.png
14,3,330,modular,7,u,img/target_7.png
14,3,331,modular,6,w,img/target_2.png
14,3,332,modular,8,q,img/target_1.png
14,3,333,modular,7,u,img/target_7.png
14,3,334,modular,8,q,img/target_1.png
14,3,335,modular,9,p,img/target_10.png
14,3,336,modular,0,v,img/target_5.png
14,3,337,modular,9,p,img/target_10.png
14,3,338,modular,7,u,img/target_7.png
14,3,339,modular,9,p,img/target_10.png
14,3,340,modular,6,w,img/target_2.png
14,3,341,modular,9,p,img/target_10.png
14,3,342,modular,0,v,img/target_5.png
14,3,343,modular,1,e,img/target_3.png
14,3,344,modular,0,v,img/target_5.png
14,3,345,modular,9,p,img/target_10.png
14,3,346,modular,8,q,img/target_1.png
14,3,347,modular,6,w,img/target_2.png
14,3,348,modular,5,i,img/target_8.png
14,3,349,modular,8,q,img/target_1.png
14,3,350,modular,7,u,img/target_7.png
14,3,351,modular,6,w,img/target_2.png
14,3,352,modular,5,i,img/target_8.png
14,3,353,modular,4,b,img/target_6.png
14,3,354,modular,3,r,img/target_4.png
14,3,355,modular,0,v,img/target_5.png
14,3,356,modular,9,p,img/target_10.png
14,3,357,modular,8,q,img/target_1.png
14,3,358,modular,6,w,img/target_2.png
14,3,359,modular,8,q,img/target_1.png
14,3,360,modular,7,u,img/target_7.png
14,3,361,modular,5,i,img/target_8.png
14,3,362,modular,6,w,img/target_2.png
14,3,363,modular,8,q,img/target_1.png
14,3,364,modular,5,i,img/target_8.png
14,3,365,modular,4,b,img/target_6.png
14,3,366,modular,1,e,img/target_3.png
14,3,367,modular,0,v,img/target_5.png
14,3,368,modular,9,p,img/target_10.png
14,3,369,modular,6,w,img/target_2.png
14,3,370,modular,5,i,img/target_8.png
14,3,371,modular,7,u,img/target_7.png
14,3,372,modular,5,i,img/target_8.png
14,3,373,modular,8,q,img/target_1.png
14,3,374,modular,7,u,img/target_7.png
14,3,375,modular,5,i,img/target_8.png
14,3,376,modular,8,q,img/target_1.png
14,3,377,modular,7,u,img/target_7.png
14,3,378,modular,5,i,img/target_8.png
14,3,379,modular,6,w,img/target_2.png
14,3,380,modular,8,q,img/target_1.png
14,3,381,modular,5,i,img/target_8.png
14,3,382,modular,4,b,img/target_6.png
14,3,383,modular,1,e,img/target_3.png
14,3,384,modular,4,b,img/target_6.png
14,3,385,modular,3,r,img/target_4.png
14,3,386,modular,2,o,img/target_9.png
14,3,387,modular,1,e,img/target_3.png
14,3,388,modular,3,r,img/target_4.png
14,3,389,modular,1,e,img/target_3.png
14,3,390,modular,4,b,img/target_6.png
14,3,391,modular,2,o,img/target_9.png
14,3,392,modular,1,e,img/target_3.png
14,3,393,modular,4,b,img/target_6.png
14,3,394,modular,2,o,img/target_9.png
14,3,395,modular,1,e,img/target_3.png
14,3,396,modular,3,r,img/target_4.png
14,3,397,modular,1,e,img/target_3.png
14,3,398,modular,0,v,img/target_5.png
14,3,399,modular,2,o,img/target_9.png
14,3,400,modular,1,e,img/target_3.png
14,3,401,modular,2,o,img/target_9.png
14,3,402,modular,4,b,img/target_6.png
14,3,403,modular,1,e,img/target_3.png
14,3,404,modular,2,o,img/target_9.png
14,3,405,modular,3,r,img/target_4.png
14,3,406,modular,4,b,img/target_6.png
14,3,407,modular,5,i,img/target_8.png
14,3,408,modular,7,u,img/target_7.png
14,3,409,modular,5,i,img/target_8.png
14,3,410,modular,4,b,img/target_6.png
14,3,411,modular,2,o,img/target_9.png
14,3,412,modular,0,v,img/target_5.png
14,3,413,modular,2,o,img/target_9.png
14,3,414,modular,0,v,img/target_5.png
14,3,415,modular,1,e,img/target_3.png
14,3,416,modular,0,v,img/target_5.png
14,3,417,modular,1,e,img/target_3.png
14,3,418,modular,0,v,img/target_5.png
14,3,419,modular,3,r,img/target_4.png
14,3,420,modular,0,v,img/target_5.png
14,3,421,modular,3,r,img/target_4.png
14,3,422,modular,0,v,img/target_5.png
14,3,423,modular,2,o,img/target_9.png
14,3,424,modular,3,r,img/target_4.png
14,3,425,modular,4,b,img/target_6.png
14,3,426,modular,5,i,img/target_8.png
14,3,427,modular,7,u,img/target_7.png
14,3,428,modular,8,q,img/target_1.png
14,3,429,modular,7,u,img/target_7.png
14,3,430,modular,6,w,img/target_2.png
14,3,431,modular,7,u,img/target_7.png
14,3,432,modular,8,q,img/target_1.png
14,3,433,modular,6,w,img/target_2.png
14,3,434,modular,5,i,img/target_8.png
14,3,435,modular,6,w,img/target_2.png
14,3,436,modular,5,i,img/target_8.png
14,3,437,modular,6,w,img/target_2.png
14,3,438,modular,7,u,img/target_7.png
14,3,439,modular,9,p,img/target_10.png
14,3,440,modular,0,v,img/target_5.png
14,3,441,modular,3,r,img/target_4.png
14,3,442,modular,2,o,img/target_9.png
14,3,443,modular,3,r,img/target_4.png
14,3,444,modular,2,o,img/target_9.png
14,3,445,modular,3,r,img/target_4.png
14,3,446,modular,4,b,img/target_6.png
14,3,447,modular,2,o,img/target_9.png
14,3,448,modular,0,v,img/target_5.png
14,3,449,modular,2,o,img/target_9.png
14,3,450,modular,4,b,img/target_6.png
14,3,451,modular,2,o,img/target_9.png
14,3,452,modular,0,v,img/target_5.png
14,3,453,modular,2,o,img/target_9.png
14,3,454,modular,3,r,img/target_4.png
14,3,455,modular,4,b,img/target_6.png
14,3,456,modular,1,e,img/target_3.png
14,3,457,modular,3,r,img/target_4.png
14,3,458,modular,4,b,img/target_6.png
14,3,459,modular,1,e,img/target_3.png
14,3,460,modular,3,r,img/target_4.png
14,3,461,modular,0,v,img/target_5.png
14,3,462,modular,1,e,img/target_3.png
14,3,463,modular,0,v,img/target_5.png
14,3,464,modular,9,p,img/target_10.png
14,3,465,modular,0,v,img/target_5.png
14,3,466,modular,3,r,img/target_4.png
14,3,467,modular,1,e,img/target_3.png
14,3,468,modular,3,r,img/target_4.png
14,3,469,modular,0,v,img/target_5.png
14,3,470,modular,3,r,img/target_4.png
14,3,471,modular,2,o,img/target_9.png
14,3,472,modular,1,e,img/target_3.png
14,3,473,modular,4,b,img/target_6.png
14,3,474,modular,3,r,img/target_4.png
14,3,475,modular,4,b,img/target_6.png
14,3,476,modular,5,i,img/target_8.png
14,3,477,modular,6,w,img/target_2.png
14,3,478,modular,8,q,img/target_1.png
14,3,479,modular,9,p,img/target_10.png
14,3,480,modular,8,q,img/target_1.png
14,3,481,modular,6,w,img/target_2.png
14,3,482,modular,8,q,img/target_1.png
14,3,483,modular,5,i,img/target_8.png
14,3,484,modular,4,b,img/target_6.png
14,3,485,modular,5,i,img/target_8.png
14,3,486,modular,7,u,img/target_7.png
14,3,487,modular,8,q,img/target_1.png
14,3,488,modular,9,p,img/target_10.png
14,3,489,modular,8,q,img/target_1.png
14,3,490,modular,7,u,img/target_7.png
14,3,491,modular,6,w,img/target_2.png
14,3,492,modular,9,p,img/target_10.png
14,3,493,modular,8,q,img/target_1.png
14,3,494,modular,6,w,img/target_2.png
14,3,495,modular,5,i,img/target_8.png
14,3,496,modular,6,w,img/target_2.png
14,3,497,modular,8,q,img/target_1.png
14,3,498,modular,9,p,img/target_10.png
14,3,499,modular,0,v,img/target_5.png
14,3,500,modular,3,r,img/target_4.png
14,3,501,modular,0,v,img/target_5.png
14,3,502,modular,9,p,img/target_10.png
14,3,503,modular,7,u,img/target_7.png
14,3,504,modular,8,q,img/target_1.png
14,3,505,modular,5,i,img/target_8.png
14,3,506,modular,7,u,img/target_7.png
14,3,507,modular,9,p,img/target_10.png
14,3,508,modular,7,u,img/target_7.png
14,3,509,modular,6,w,img/target_2.png
14,3,510,modular,7,u,img/target_7.png
14,3,511,modular,9,p,img/target_10.png
14,3,512,modular,7,u,img/target_7.png
14,3,513,modular,6,w,img/target_2.png
14,3,514,modular,8,q,img/target_1.png
14,3,515,modular,6,w,img/target_2.png
14,3,516,modular,5,i,img/target_8.png
14,3,517,modular,4,b,img/target_6.png
14,3,518,modular,1,e,img/target_3.png
14,3,519,modular,2,o,img/target_9.png
14,3,520,modular,0,v,img/target_5.png
14,3,521,modular,2,o,img/target_9.png
14,3,522,modular,0,v,img/target_5.png
14,3,523,modular,1,e,img/target_3.png
14,3,524,modular,0,v,img/target_5.png
14,3,525,modular,9,p,img/target_10.png
14,3,526,modular,0,v,img/target_5.png
14,3,527,modular,9,p,img/target_10.png
14,3,528,modular,8,q,img/target_1.png
14,3,529,modular,7,u,img/target_7.png
14,3,530,modular,8,q,img/target_1.png
14,3,531,modular,9,p,img/target_10.png
14,3,532,modular,0,v,img/target_5.png
14,3,533,modular,9,p,img/target_10.png
14,3,534,modular,8,q,img/target_1.png
14,3,535,modular,6,w,img/target_2.png
14,3,536,modular,5,i,img/target_8.png
14,3,537,modular,8,q,img/target_1.png
14,3,538,modular,7,u,img/target_7.png
14,3,539,modular,6,w,img/target_2.png
14,3,540,modular,7,u,img/target_7.png
14,3,541,modular,9,p,img/target_10.png
14,3,542,modular,8,q,img/target_1.png
14,3,543,modular,9,p,img/target_10.png
14,3,544,modular,6,w,img/target_2.png
14,3,545,modular,8,q,img/target_1.png
14,3,546,modular,5,i,img/target_8.png
14,3,547,modular,8,q,img/target_1.png
14,3,548,modular,9,p,img/target_10.png
14,3,549,modular,6,w,img/target_2.png
14,3,550,modular,9,p,img/target_10.png
14,3,551,modular,8,q,img/target_1.png
14,3,552,modular,6,w,img/target_2.png
14,3,553,modular,8,q,img/target_1.png
14,3,554,modular,5,i,img/target_8.png
14,3,555,modular,6,w,img/target_2.png
14,3,556,modular,5,i,img/target_8.png
14,3,557,modular,6,w,img/target_2.png
14,3,558,modular,5,i,img/target_8.png
14,3,559,modular,8,q,img/target_1.png
14,3,560,modular,7,u,img/target_7.png
14,3,561,modular,6,w,img/target_2.png
14,3,562,modular,7,u,img/target_7.png
14,3,563,modular,5,i,img/target_8.png
14,3,564,modular,7,u,img/target_7.png
14,3,565,modular,9,p,img/target_10.png
14,3,566,modular,0,v,img/target_5.png
14,3,567,modular,1,e,img/target_3.png
14,3,568,modular,0,v,img/target_5.png
14,3,569,modular,1,e,img/target_3.png
14,3,570,modular,3,r,img/target_4.png
14,3,571,modular,4,b,img/target_6.png
14,3,572,modular,5,i,img/target_8.png
14,3,573,modular,7,u,img/target_7.png
14,3,574,modular,5,i,img/target_8.png
14,3,575,modular,7,u,img/target_7.png
14,3,576,modular,5,i,img/target_8.png
14,3,577,modular,4,b,img/target_6.png
14,3,578,modular,5,i,img/target_8.png
14,3,579,modular,6,w,img/target_2.png
14,3,580,modular,8,q,img/target_1.png
14,3,581,modular,5,i,img/target_8.png
14,3,582,modular,6,w,img/target_2.png
14,3,583,modular,9,p,img/target_10.png
14,3,584,modular,8,q,img/target_1.png
14,3,585,modular,5,i,img/target_8.png
14,3,586,modular,8,q,img/target_1.png
14,3,587,modular,9,p,img/target_10.png
14,3,588,modular,0,v,img/target_5.png
14,3,589,modular,2,o,img/target_9.png
14,3,590,modular,3,r,img/target_4.png
14,3,591,modular,0,v,img/target_5.png
14,3,592,modular,1,e,img/target_3.png
14,3,593,modular,3,r,img/target_4.png
14,3,594,modular,2,o,img/target_9.png
14,3,595,modular,3,r,img/target_4.png
14,3,596,modular,2,o,img/target_9.png
14,3,597,modular,4,b,img/target_6.png
14,3,598,modular,2,o,img/target_9.png
14,3,599,modular,0,v,img/target_5.png
14,3,600,modular,2,o,img/target_9.png
14,3,601,modular,4,b,img/target_6.png
14,3,602,modular,3,r,img/target_4.png
14,3,603,modular,1,e,img/target_3.png
14,3,604,modular,2,o,img/target_9.png
14,3,605,modular,3,r,img/target_4.png
14,3,606,modular,4,b,img/target_6.png
14,3,607,modular,5,i,img/target_8.png
14,3,608,modular,7,u,img/target_7.png
14,3,609,modular,8,q,img/target_1.png
14,3,610,modular,5,i,img/target_8.png
14,3,611,modular,7,u,img/target_7.png
14,3,612,modular,9,p,img/target_10.png
14,3,613,modular,6,w,img/target_2.png
14,3,614,modular,5,i,img/target_8.png
14,3,615,modular,6,w,img/target_2.png
14,3,616,modular,8,q,img/target_1.png
14,3,617,modular,5,i,img/target_8.png
14,3,618,modular,7,u,img/target_7.png
14,3,619,modular,9,p,img/target_10.png
14,3,620,modular,0,v,img/target_5.png
14,3,621,modular,3,r,img/target_4.png
14,3,622,modular,4,b,img/target_6.png
14,3,623,modular,5,i,img/target_8.png
14,3,624,modular,4,b,img/target_6.png
14,3,625,modular,3,r,img/target_4.png
14,3,626,modular,1,e,img/target_3.png
14,3,627,modular,2,o,img/target_9.png
14,3,628,modular,0,v,img/target_5.png
14,3,629,modular,2,o,img/target_9.png
14,3,630,modular,0,v,img/target_5.png
14,3,631,modular,1,e,img/target_3.png
14,3,632,modular,2,o,img/target_9.png
14,3,633,modular,1,e,img/target_3.png
14,3,634,modular,2,o,img/target_9.png
14,3,635,modular,1,e,img/target_3.png
14,3,636,modular,3,r,img/target_4.png
14,3,637,modular,0,v,img/target_5.png
14,3,638,modular,1,e,img/target_3.png
14,3,639,modular,4,b,img/target_6.png
14,3,640,modular,1,e,img/target_3.png
14,3,641,modular,4,b,img/target_6.png
14,3,642,modular,2,o,img/target_9.png
14,3,643,modular,4,b,img/target_6.png
14,3,644,modular,2,o,img/target_9.png
14,3,645,modular,4,b,img/target_6.png
14,3,646,modular,1,e,img/target_3.png
14,3,647,modular,0,v,img/target_5.png
14,3,648,modular,3,r,img/target_4.png
14,3,649,modular,1,e,img/target_3.png
14,3,650,modular,3,r,img/target_4.png
14,3,651,modular,2,o,img/target_9.png
14,3,652,modular,0,v,img/target_5.png
14,3,653,modular,2,o,img/target_9.png
14,3,654,modular,1,e,img/target_3.png
14,3,655,modular,0,v,img/target_5.png
14,3,656,modular,9,p,img/target_10.png
14,3,657,modular,0,v,img/target_5.png
14,3,658,modular,2,o,img/target_9.png
14,3,659,modular,3,r,img/target_4.png
14,3,660,modular,2,o,img/target_9.png
14,3,661,modular,1,e,img/target_3.png
14,3,662,modular,3,r,img/target_4.png
14,3,663,modular,4,b,img/target_6.png
14,3,664,modular,2,o,img/target_9.png
14,3,665,modular,3,r,img/target_4.png
14,3,666,modular,4,b,img/target_6.png
14,3,667,modular,1,e,img/target_3.png
14,3,668,modular,2,o,img/target_9.png
14,3,669,modular,0,v,img/target_5.png
14,3,670,modular,2,o,img/target_9.png
14,3,671,modular,1,e,img/target_3.png
14,3,672,modular,4,b,img/target_6.png
14,3,673,modular,2,o,img/target_9.png
14,3,674,modular,1,e,img/target_3.png
14,3,675,modular,2,o,img/target_9.png
14,3,676,modular,1,e,img/target_3.png
14,3,677,modular,0,v,img/target_5.png
14,3,678,modular,3,r,img/target_4.png
14,3,679,modular,4,b,img/target_6.png
14,3,680,modular,1,e,img/target_3.png
14,3,681,modular,4,b,img/target_6.png
14,3,682,modular,2,o,img/target_9.png
14,3,683,modular,0,v,img/target_5.png
14,3,684,modular,2,o,img/target_9.png
14,3,685,modular,1,e,img/target_3.png
14,3,686,modular,4,b,img/target_6.png
14,3,687,modular,1,e,img/target_3.png
14,3,688,modular,2,o,img/target_9.png
14,3,689,modular,4,b,img/target_6.png
14,3,690,modular,2,o,img/target_9.png
14,3,691,modular,0,v,img/target_5.png
14,3,692,modular,2,o,img/target_9.png
14,3,693,modular,1,e,img/target_3.png
14,3,694,modular,0,v,img/target_5.png
14,3,695,modular,9,p,img/target_10.png
14,3,696,modular,7,u,img/target_7.png
14,3,697,modular,9,p,img/target_10.png
14,3,698,modular,8,q,img/target_1.png
14,3,699,modular,7,u,img/target_7.png
14,3,700,modular,9,p,img/target_10.png
14,3,701,modular,8,q,img/target_1.png
14,3,702,modular,6,w,img/target_2.png
14,3,703,modular,8,q,img/target_1.png
14,3,704,modular,5,i,img/target_8.png
14,3,705,modular,6,w,img/target_2.png
14,3,706,modular,5,i,img/target_8.png
14,3,707,modular,4,b,img/target_6.png
14,3,708,modular,1,e,img/target_3.png
14,3,709,modular,0,v,img/target_5.png
14,3,710,modular,9,p,img/target_10.png
14,3,711,modular,6,w,img/target_2.png
14,3,712,modular,5,i,img/target_8.png
14,3,713,modular,6,w,img/target_2.png
14,3,714,modular,8,q,img/target_1.png
14,3,715,modular,7,u,img/target_7.png
14,3,716,modular,9,p,img/target_10.png
14,3,717,modular,6,w,img/target_2.png
14,3,718,modular,8,q,img/target_1.png
14,3,719,modular,7,u,img/target_7.png
14,3,720,modular,5,i,img/target_8.png
14,3,721,modular,4,b,img/target_6.png
14,3,722,modular,5,i,img/target_8.png
14,3,723,modular,8,q,img/target_1.png
14,3,724,modular,9,p,img/target_10.png
14,3,725,modular,7,u,img/target_7.png
14,3,726,modular,8,q,img/target_1.png
14,3,727,modular,9,p,img/target_10.png
14,3,728,modular,0,v,img/target_5.png
14,3,729,modular,1,e,img/target_3.png
14,3,730,modular,2,o,img/target_9.png
14,3,731,modular,3,r,img/target_4.png
14,3,732,modular,1,e,img/target_3.png
14,3,733,modular,4,b,img/target_6.png
14,3,734,modular,2,o,img/target_9.png
14,3,735,modular,3,r,img/target_4.png
14,3,736,modular,1,e,img/target_3.png
14,3,737,modular,4,b,img/target_6.png
14,3,738,modular,2,o,img/target_9.png
14,3,739,modular,4,b,img/target_6.png
14,3,740,modular,1,e,img/target_3.png
14,3,741,modular,0,v,img/target_5.png
14,3,742,modular,9,p,img/target_10.png
14,3,743,modular,0,v,img/target_5.png
14,3,744,modular,3,r,img/target_4.png
14,3,745,modular,2,o,img/target_9.png
14,3,746,modular,1,e,img/target_3.png
14,3,747,modular,0,v,img/target_5.png
14,3,748,modular,9,p,img/target_10.png
14,3,749,modular,0,v,img/target_5.png
14,3,750,modular,2,o,img/target_9.png
14,3,751,modular,4,b,img/target_6.png
14,3,752,modular,1,e,img/target_3.png
14,3,753,modular,3,r,img/target_4.png
14,3,754,modular,4,b,img/target_6.png
14,3,755,modular,1,e,img/target_3.png
14,3,756,modular,2,o,img/target_9.png
14,3,757,modular,1,e,img/target_3.png
14,3,758,modular,2,o,img/target_9.png
14,3,759,modular,1,e,img/target_3.png
14,3,760,modular,0,v,img/target_5.png
14,3,761,modular,2,o,img/target_9.png
14,3,762,modular,3,r,img/target_4.png
14,3,763,modular,4,b,img/target_6.png
14,3,764,modular,1,e,img/target_3.png
14,3,765,modular,4,b,img/target_6.png
14,3,766,modular,1,e,img/target_3.png
14,3,767,modular,0,v,img/target_5.png
14,3,768,modular,9,p,img/target_10.png
14,3,769,modular,8,q,img/target_1.png
14,3,770,modular,6,w,img/target_2.png
14,3,771,modular,9,p,img/target_10.png
14,3,772,modular,7,u,img/target_7.png
14,3,773,modular,8,q,img/target_1.png
14,3,774,modular,9,p,img/target_10.png
14,3,775,modular,7,u,img/target_7.png
14,3,776,modular,9,p,img/target_10.png
14,3,777,modular,8,q,img/target_1.png
14,3,778,modular,6,w,img/target_2.png
14,3,779,modular,5,i,img/target_8.png
14,3,780,modular,6,w,img/target_2.png
14,3,781,modular,7,u,img/target_7.png
14,3,782,modular,5,i,img/target_8.png
14,3,783,modular,7,u,img/target_7.png
14,3,784,modular,9,p,img/target_10.png
14,3,785,modular,8,q,img/target_1.png
14,3,786,modular,9,p,img/target_10.png
14,3,787,modular,7,u,img/target_7.png
14,3,788,modular,8,q,img/target_1.png
14,3,789,modular,7,u,img/target_7.png
14,3,790,modular,6,w,img/target_2.png
14,3,791,modular,5,i,img/target_8.png
14,3,792,modular,7,u,img/target_7.png
14,3,793,modular,8,q,img/target_1.png
14,3,794,modular,6,w,img/target_2.png
14,3,795,modular,9,p,img/target_10.png
14,3,796,modular,0,v,img/target_5.png
14,3,797,modular,2,o,img/target_9.png
14,3,798,modular,1,e,img/target_3.png
14,3,799,modular,2,o,img/target_9.png
14,3,800,modular,0,v,img/target_5.png
14,3,801,modular,3,r,img/target_4.png
14,3,802,modular,0,v,img/target_5.png
14,3,803,modular,2,o,img/target_9.png
14,3,804,modular,1,e,img/target_3.png
14,3,805,modular,0,v,img/target_5.png
14,3,806,modular,2,o,img/target_9.png
14,3,807,modular,4,b,img/target_6.png
14,3,808,modular,5,i,img/target_8.png
14,3,809,modular,8,q,img/target_1.png
14,3,810,modular,9,p,img/target_10.png
14,3,811,modular,7,u,img/target_7.png
14,3,812,modular,6,w,img/target_2.png
14,3,813,modular,8,q,img/target_1.png
14,3,814,modular,5,i,img/target_8.png
14,3,815,modular,4,b,img/target_6.png
14,3,816,modular,3,r,img/target_4.png
14,3,817,modular,2,o,img/target_9.png
14,3,818,modular,0,v,img/target_5.png
14,3,819,modular,1,e,img/target_3.png
14,3,820,modular,2,o,img/target_9.png
14,3,821,modular,3,r,img/target_4.png
14,3,822,modular,4,b,img/target_6.png
14,3,823,modular,5,i,img/target_8.png
14,3,824,modular,8,q,img/target_1.png
14,3,825,modular,5,i,img/target_8.png
14,3,826,modular,7,u,img/target_7.png
14,3,827,modular,5,i,img/target_8.png
14,3,828,modular,7,u,img/target_7.png
14,3,829,modular,6,w,img/target_2.png
14,3,830,modular,9,p,img/target_10.png
14,3,831,modular,7,u,img/target_7.png
14,3,832,modular,8,q,img/target_1.png
14,3,833,modular,7,u,img/target_7.png
14,3,834,modular,9,p,img/target_10.png
14,3,835,modular,7,u,img/target_7.png
14,3,836,modular,5,i,img/target_8.png
14,3,837,modular,8,q,img/target_1.png
14,3,838,modular,7,u,img/target_7.png
14,3,839,modular,5,i,img/target_8.png
14,3,840,modular,6,w,img/target_2.png
14,3,841,modular,9,p,img/target_10.png
14,3,842,modular,6,w,img/target_2.png
14,3,843,modular,5,i,img/target_8.png
14,3,844,modular,8,q,img/target_1.png
14,3,845,modular,9,p,img/target_10.png
14,3,846,modular,8,q,img/target_1.png
14,3,847,modular,7,u,img/target_7.png
14,3,848,modular,5,i,img/target_8.png
14,3,849,modular,7,u,img/target_7.png
14,3,850,modular,9,p,img/target_10.png
14,3,851,modular,7,u,img/target_7.png
14,3,852,modular,6,w,img/target_2.png
14,3,853,modular,9,p,img/target_10.png
14,3,854,modular,8,q,img/target_1.png
14,3,855,modular,9,p,img/target_10.png
14,3,856,modular,7,u,img/target_7.png
14,3,857,modular,5,i,img/target_8.png
14,3,858,modular,8,q,img/target_1.png
14,3,859,modular,9,p,img/target_10.png
14,3,860,modular,6,w,img/target_2.png
14,3,861,modular,8,q,img/target_1.png
14,3,862,modular,9,p,img/target_10.png
14,3,863,modular,8,q,img/target_1.png
14,3,864,modular,9,p,img/target_10.png
14,3,865,modular,8,q,img/target_1.png
14,3,866,modular,7,u,img/target_7.png
14,3,867,modular,5,i,img/target_8.png
14,3,868,modular,8,q,img/target_1.png
14,3,869,modular,6,w,img/target_2.png
14,3,870,modular,5,i,img/target_8.png
14,3,871,modular,4,b,img/target_6.png
14,3,872,modular,2,o,img/target_9.png
14,3,873,modular,3,r,img/target_4.png
14,3,874,modular,1,e,img/target_3.png
14,3,875,modular,2,o,img/target_9.png
14,3,876,modular,3,r,img/target_4.png
14,3,877,modular,4,b,img/target_6.png
14,3,878,modular,1,e,img/target_3.png
14,3,879,modular,4,b,img/target_6.png
14,3,880,modular,2,o,img/target_9.png
14,3,881,modular,3,r,img/target_4.png
14,3,882,modular,4,b,img/target_6.png
14,3,883,modular,2,o,img/target_9.png
14,3,884,modular,4,b,img/target_6.png
14,3,885,modular,3,r,img/target_4.png
14,3,886,modular,2,o,img/target_9.png
14,3,887,modular,1,e,img/target_3.png
14,3,888,modular,2,o,img/target_9.png
14,3,889,modular,4,b,img/target_6.png
14,3,890,modular,2,o,img/target_9.png
14,3,891,modular,3,r,img/target_4.png
14,3,892,modular,0,v,img/target_5.png
14,3,893,modular,2,o,img/target_9.png
14,3,894,modular,0,v,img/target_5.png
14,3,895,modular,9,p,img/target_10.png
14,3,896,modular,7,u,img/target_7.png
14,3,897,modular,5,i,img/target_8.png
14,3,898,modular,7,u,img/target_7.png
14,3,899,modular,8,q,img/target_1.png
14,3,900,modular,6,w,img/target_2.png
14,3,901,modular,9,p,img/target_10.png
14,3,902,modular,0,v,img/target_5.png
14,3,903,modular,3,r,img/target_4.png
14,3,904,modular,2,o,img/target_9.png
14,3,905,modular,3,r,img/target_4.png
14,3,906,modular,2,o,img/target_9.png
14,3,907,modular,3,r,img/target_4.png
14,3,908,modular,0,v,img/target_5.png
14,3,909,modular,1,e,img/target_3.png
14,3,910,modular,4,b,img/target_6.png
14,3,911,modular,1,e,img/target_3.png
14,3,912,modular,2,o,img/target_9.png
14,3,913,modular,0,v,img/target_5.png
14,3,914,modular,3,r,img/target_4.png
14,3,915,modular,2,o,img/target_9.png
14,3,916,modular,3,r,img/target_4.png
14,3,917,modular,1,e,img/target_3.png
14,3,918,modular,4,b,img/target_6.png
14,3,919,modular,5,i,img/target_8.png
14,3,920,modular,8,q,img/target_1.png
14,3,921,modular,9,p,img/target_10.png
14,3,922,modular,8,q,img/target_1.png
14,3,923,modular,7,u,img/target_7.png
14,3,924,modular,5,i,img/target_8.png
14,3,925,modular,7,u,img/target_7.png
14,3,926,modular,6,w,img/target_2.png
14,3,927,modular,5,i,img/target_8.png
14,3,928,modular,7,u,img/target_7.png
14,3,929,modular,5,i,img/target_8.png
14,3,930,modular,8,q,img/target_1.png
14,3,931,modular,6,w,img/target_2.png
14,3,932,modular,7,u,img/target_7.png
14,3,933,modular,6,w,img/target_2.png
14,3,934,modular,7,u,img/target_7.png
14,3,935,modular,5,i,img/target_8.png
14,3,936,modular,8,q,img/target_1.png
14,3,937,modular,5,i,img/target_8.png
14,3,938,modular,7,u,img/target_7.png
14,3,939,modular,8,q,img/target_1.png
14,3,940,modular,7,u,img/target_7.png
14,3,941,modular,5,i,img/target_8.png
14,3,942,modular,7,u,img/target_7.png
14,3,943,modular,8,q,img/target_1.png
14,3,944,modular,9,p,img/target_10.png
14,3,945,modular,7,u,img/target_7.png
14,3,946,modular,6,w,img/target_2.png
14,3,947,modular,5,i,img/target_8.png
14,3,948,modular,7,u,img/target_7.png
14,3,949,modular,6,w,img/target_2.png
14,3,950,modular,7,u,img/target_7.png
14,3,951,modular,9,p,img/target_10.png
14,3,952,modular,8,q,img/target_1.png
14,3,953,modular,9,p,img/target_10.png
14,3,954,modular,6,w,img/target_2.png
14,3,955,modular,8,q,img/target_1.png
14,3,956,modular,5,i,img/target_8.png
14,3,957,modular,4,b,img/target_6.png
14,3,958,modular,3,r,img/target_4.png
14,3,959,modular,4,b,img/target_6.png
14,3,960,modular,3,r,img/target_4.png
14,3,961,modular,1,e,img/target_3.png
14,3,962,modular,4,b,img/target_6.png
14,3,963,modular,3,r,img/target_4.png
14,3,964,modular,0,v,img/target_5.png
14,3,965,modular,2,o,img/target_9.png
14,3,966,modular,1,e,img/target_3.png
14,3,967,modular,2,o,img/target_9.png
14,3,968,modular,0,v,img/target_5.png
14,3,969,modular,1,e,img/target_3.png
14,3,970,modular,4,b,img/target_6.png
14,3,971,modular,1,e,img/target_3.png
14,3,972,modular,4,b,img/target_6.png
14,3,973,modular,3,r,img/target_4.png
14,3,974,modular,0,v,img/target_5.png
14,3,975,modular,3,r,img/target_4.png
14,3,976,modular,0,v,img/target_5.png
14,3,977,modular,2,o,img/target_9.png
14,3,978,modular,3,r,img/target_4.png
14,3,979,modular,1,e,img/target_3.png
14,3,980,modular,2,o,img/target_9.png
14,3,981,modular,0,v,img/target_5.png
14,3,982,modular,3,r,img/target_4.png
14,3,983,modular,4,b,img/target_6.png
14,3,984,modular,1,e,img/target_3.png
14,3,985,modular,0,v,img/target_5.png
14,3,986,modular,3,r,img/target_4.png
14,3,987,modular,4,b,img/target_6.png
14,3,988,modular,3,r,img/target_4.png
14,3,989,modular,0,v,img/target_5.png
14,3,990,modular,1,e,img/target_3.png
14,3,991,modular,0,v,img/target_5.png
14,3,992,modular,1,e,img/target_3.png
14,3,993,modular,0,v,img/target_5.png
14,3,994,modular,1,e,img/target_3.png
14,3,995,modular,4,b,img/target_6.png
14,3,996,modular,1,e,img/target_3.png
14,3,997,modular,0,v,img/target_5.png
14,3,998,modular,1,e,img/target_3.png
14,3,999,modular,4,b,img/target_6.png
14,3,1000,modular,1,e,img/target_3.png
