pID,trialNum,graph,walk,resp,path
44,1,modular,3,b,img/target_6.png
44,2,modular,1,o,img/target_9.png
44,3,modular,3,b,img/target_6.png
44,4,modular,2,q,img/target_1.png
44,5,modular,3,b,img/target_6.png
44,6,modular,0,v,img/target_5.png
44,7,modular,2,q,img/target_1.png
44,8,modular,3,b,img/target_6.png
44,9,modular,0,v,img/target_5.png
44,10,modular,9,e,img/target_3.png
44,11,modular,0,v,img/target_5.png
44,12,modular,3,b,img/target_6.png
44,13,modular,2,q,img/target_1.png
44,14,modular,1,o,img/target_9.png
44,15,modular,4,w,img/target_2.png
44,16,modular,2,q,img/target_1.png
44,17,modular,0,v,img/target_5.png
44,18,modular,2,q,img/target_1.png
44,19,modular,3,b,img/target_6.png
44,20,modular,0,v,img/target_5.png
44,21,modular,3,b,img/target_6.png
44,22,modular,0,v,img/target_5.png
44,23,modular,9,e,img/target_3.png
44,24,modular,6,r,img/target_4.png
44,25,modular,8,u,img/target_7.png
44,26,modular,9,e,img/target_3.png
44,27,modular,0,v,img/target_5.png
44,28,modular,2,q,img/target_1.png
44,29,modular,3,b,img/target_6.png
44,30,modular,2,q,img/target_1.png
44,31,modular,0,v,img/target_5.png
44,32,modular,3,b,img/target_6.png
44,33,modular,0,v,img/target_5.png
44,34,modular,3,b,img/target_6.png
44,35,modular,4,w,img/target_2.png
44,36,modular,3,b,img/target_6.png
44,37,modular,2,q,img/target_1.png
44,38,modular,1,o,img/target_9.png
44,39,modular,4,w,img/target_2.png
44,40,modular,1,o,img/target_9.png
44,41,modular,2,q,img/target_1.png
44,42,modular,4,w,img/target_2.png
44,43,modular,2,q,img/target_1.png
44,44,modular,3,b,img/target_6.png
44,45,modular,1,o,img/target_9.png
44,46,modular,0,v,img/target_5.png
44,47,modular,3,b,img/target_6.png
44,48,modular,0,v,img/target_5.png
44,49,modular,2,q,img/target_1.png
44,50,modular,0,v,img/target_5.png
44,51,modular,2,q,img/target_1.png
44,52,modular,4,w,img/target_2.png
44,53,modular,2,q,img/target_1.png
44,54,modular,1,o,img/target_9.png
44,55,modular,0,v,img/target_5.png
44,56,modular,3,b,img/target_6.png
44,57,modular,4,w,img/target_2.png
44,58,modular,2,q,img/target_1.png
44,59,modular,0,v,img/target_5.png
44,60,modular,2,q,img/target_1.png
44,61,modular,3,b,img/target_6.png
44,62,modular,1,o,img/target_9.png
44,63,modular,4,w,img/target_2.png
44,64,modular,2,q,img/target_1.png
44,65,modular,3,b,img/target_6.png
44,66,modular,2,q,img/target_1.png
44,67,modular,3,b,img/target_6.png
44,68,modular,0,v,img/target_5.png
44,69,modular,3,b,img/target_6.png
44,70,modular,1,o,img/target_9.png
44,71,modular,4,w,img/target_2.png
44,72,modular,3,b,img/target_6.png
44,73,modular,4,w,img/target_2.png
44,74,modular,5,p,img/target_10.png
44,75,modular,8,u,img/target_7.png
44,76,modular,9,e,img/target_3.png
44,77,modular,0,v,img/target_5.png
44,78,modular,9,e,img/target_3.png
44,79,modular,7,i,img/target_8.png
44,80,modular,8,u,img/target_7.png
44,81,modular,6,r,img/target_4.png
44,82,modular,9,e,img/target_3.png
44,83,modular,8,u,img/target_7.png
44,84,modular,9,e,img/target_3.png
44,85,modular,0,v,img/target_5.png
44,86,modular,2,q,img/target_1.png
44,87,modular,1,o,img/target_9.png
44,88,modular,2,q,img/target_1.png
44,89,modular,1,o,img/target_9.png
44,90,modular,4,w,img/target_2.png
44,91,modular,1,o,img/target_9.png
44,92,modular,0,v,img/target_5.png
44,93,modular,9,e,img/target_3.png
44,94,modular,8,u,img/target_7.png
44,95,modular,7,i,img/target_8.png
44,96,modular,8,u,img/target_7.png
44,97,modular,6,r,img/target_4.png
44,98,modular,9,e,img/target_3.png
44,99,modular,8,u,img/target_7.png
44,100,modular,6,r,img/target_4.png
44,101,modular,9,e,img/target_3.png
44,102,modular,0,v,img/target_5.png
44,103,modular,9,e,img/target_3.png
44,104,modular,7,i,img/target_8.png
44,105,modular,8,u,img/target_7.png
44,106,modular,7,i,img/target_8.png
44,107,modular,6,r,img/target_4.png
44,108,modular,9,e,img/target_3.png
44,109,modular,0,v,img/target_5.png
44,110,modular,3,b,img/target_6.png
44,111,modular,2,q,img/target_1.png
44,112,modular,0,v,img/target_5.png
44,113,modular,2,q,img/target_1.png
44,114,modular,4,w,img/target_2.png
44,115,modular,2,q,img/target_1.png
44,116,modular,3,b,img/target_6.png
44,117,modular,2,q,img/target_1.png
44,118,modular,4,w,img/target_2.png
44,119,modular,2,q,img/target_1.png
44,120,modular,1,o,img/target_9.png
44,121,modular,3,b,img/target_6.png
44,122,modular,2,q,img/target_1.png
44,123,modular,3,b,img/target_6.png
44,124,modular,1,o,img/target_9.png
44,125,modular,2,q,img/target_1.png
44,126,modular,3,b,img/target_6.png
44,127,modular,0,v,img/target_5.png
44,128,modular,1,o,img/target_9.png
44,129,modular,3,b,img/target_6.png
44,130,modular,1,o,img/target_9.png
44,131,modular,3,b,img/target_6.png
44,132,modular,4,w,img/target_2.png
44,133,modular,3,b,img/target_6.png
44,134,modular,4,w,img/target_2.png
44,135,modular,1,o,img/target_9.png
44,136,modular,0,v,img/target_5.png
44,137,modular,3,b,img/target_6.png
44,138,modular,4,w,img/target_2.png
44,139,modular,5,p,img/target_10.png
44,140,modular,4,w,img/target_2.png
44,141,modular,3,b,img/target_6.png
44,142,modular,2,q,img/target_1.png
44,143,modular,4,w,img/target_2.png
44,144,modular,1,o,img/target_9.png
44,145,modular,2,q,img/target_1.png
44,146,modular,0,v,img/target_5.png
44,147,modular,9,e,img/target_3.png
44,148,modular,6,r,img/target_4.png
44,149,modular,5,p,img/target_10.png
44,150,modular,7,i,img/target_8.png
44,151,modular,5,p,img/target_10.png
44,152,modular,4,w,img/target_2.png
44,153,modular,3,b,img/target_6.png
44,154,modular,1,o,img/target_9.png
44,155,modular,3,b,img/target_6.png
44,156,modular,2,q,img/target_1.png
44,157,modular,3,b,img/target_6.png
44,158,modular,0,v,img/target_5.png
44,159,modular,9,e,img/target_3.png
44,160,modular,8,u,img/target_7.png
44,161,modular,7,i,img/target_8.png
44,162,modular,5,p,img/target_10.png
44,163,modular,7,i,img/target_8.png
44,164,modular,6,r,img/target_4.png
44,165,modular,9,e,img/target_3.png
44,166,modular,8,u,img/target_7.png
44,167,modular,5,p,img/target_10.png
44,168,modular,8,u,img/target_7.png
44,169,modular,5,p,img/target_10.png
44,170,modular,4,w,img/target_2.png
44,171,modular,3,b,img/target_6.png
44,172,modular,4,w,img/target_2.png
44,173,modular,5,p,img/target_10.png
44,174,modular,4,w,img/target_2.png
44,175,modular,1,o,img/target_9.png
44,176,modular,2,q,img/target_1.png
44,177,modular,4,w,img/target_2.png
44,178,modular,5,p,img/target_10.png
44,179,modular,4,w,img/target_2.png
44,180,modular,1,o,img/target_9.png
44,181,modular,2,q,img/target_1.png
44,182,modular,1,o,img/target_9.png
44,183,modular,2,q,img/target_1.png
44,184,modular,1,o,img/target_9.png
44,185,modular,4,w,img/target_2.png
44,186,modular,1,o,img/target_9.png
44,187,modular,3,b,img/target_6.png
44,188,modular,1,o,img/target_9.png
44,189,modular,4,w,img/target_2.png
44,190,modular,2,q,img/target_1.png
44,191,modular,1,o,img/target_9.png
44,192,modular,3,b,img/target_6.png
44,193,modular,0,v,img/target_5.png
44,194,modular,2,q,img/target_1.png
44,195,modular,1,o,img/target_9.png
44,196,modular,3,b,img/target_6.png
44,197,modular,0,v,img/target_5.png
44,198,modular,1,o,img/target_9.png
44,199,modular,3,b,img/target_6.png
44,200,modular,1,o,img/target_9.png
44,201,modular,2,q,img/target_1.png
44,202,modular,1,o,img/target_9.png
44,203,modular,4,w,img/target_2.png
44,204,modular,5,p,img/target_10.png
44,205,modular,7,i,img/target_8.png
44,206,modular,9,e,img/target_3.png
44,207,modular,0,v,img/target_5.png
44,208,modular,2,q,img/target_1.png
44,209,modular,0,v,img/target_5.png
44,210,modular,2,q,img/target_1.png
44,211,modular,1,o,img/target_9.png
44,212,modular,4,w,img/target_2.png
44,213,modular,5,p,img/target_10.png
44,214,modular,7,i,img/target_8.png
44,215,modular,9,e,img/target_3.png
44,216,modular,6,r,img/target_4.png
44,217,modular,7,i,img/target_8.png
44,218,modular,5,p,img/target_10.png
44,219,modular,8,u,img/target_7.png
44,220,modular,5,p,img/target_10.png
44,221,modular,8,u,img/target_7.png
44,222,modular,9,e,img/target_3.png
44,223,modular,6,r,img/target_4.png
44,224,modular,5,p,img/target_10.png
44,225,modular,7,i,img/target_8.png
44,226,modular,8,u,img/target_7.png
44,227,modular,9,e,img/target_3.png
44,228,modular,6,r,img/target_4.png
44,229,modular,9,e,img/target_3.png
44,230,modular,0,v,img/target_5.png
44,231,modular,9,e,img/target_3.png
44,232,modular,0,v,img/target_5.png
44,233,modular,1,o,img/target_9.png
44,234,modular,3,b,img/target_6.png
44,235,modular,4,w,img/target_2.png
44,236,modular,1,o,img/target_9.png
44,237,modular,3,b,img/target_6.png
44,238,modular,0,v,img/target_5.png
44,239,modular,9,e,img/target_3.png
44,240,modular,6,r,img/target_4.png
44,241,modular,8,u,img/target_7.png
44,242,modular,6,r,img/target_4.png
44,243,modular,5,p,img/target_10.png
44,244,modular,7,i,img/target_8.png
44,245,modular,8,u,img/target_7.png
44,246,modular,7,i,img/target_8.png
44,247,modular,9,e,img/target_3.png
44,248,modular,6,r,img/target_4.png
44,249,modular,7,i,img/target_8.png
44,250,modular,5,p,img/target_10.png
44,251,modular,8,u,img/target_7.png
44,252,modular,6,r,img/target_4.png
44,253,modular,9,e,img/target_3.png
44,254,modular,7,i,img/target_8.png
44,255,modular,9,e,img/target_3.png
44,256,modular,8,u,img/target_7.png
44,257,modular,6,r,img/target_4.png
44,258,modular,8,u,img/target_7.png
44,259,modular,9,e,img/target_3.png
44,260,modular,8,u,img/target_7.png
44,261,modular,6,r,img/target_4.png
44,262,modular,9,e,img/target_3.png
44,263,modular,6,r,img/target_4.png
44,264,modular,9,e,img/target_3.png
44,265,modular,8,u,img/target_7.png
44,266,modular,7,i,img/target_8.png
44,267,modular,8,u,img/target_7.png
44,268,modular,9,e,img/target_3.png
44,269,modular,0,v,img/target_5.png
44,270,modular,1,o,img/target_9.png
44,271,modular,2,q,img/target_1.png
44,272,modular,4,w,img/target_2.png
44,273,modular,3,b,img/target_6.png
44,274,modular,0,v,img/target_5.png
44,275,modular,1,o,img/target_9.png
44,276,modular,4,w,img/target_2.png
44,277,modular,2,q,img/target_1.png
44,278,modular,3,b,img/target_6.png
44,279,modular,1,o,img/target_9.png
44,280,modular,3,b,img/target_6.png
44,281,modular,2,q,img/target_1.png
44,282,modular,0,v,img/target_5.png
44,283,modular,2,q,img/target_1.png
44,284,modular,1,o,img/target_9.png
44,285,modular,4,w,img/target_2.png
44,286,modular,1,o,img/target_9.png
44,287,modular,3,b,img/target_6.png
44,288,modular,4,w,img/target_2.png
44,289,modular,5,p,img/target_10.png
44,290,modular,6,r,img/target_4.png
44,291,modular,7,i,img/target_8.png
44,292,modular,8,u,img/target_7.png
44,293,modular,9,e,img/target_3.png
44,294,modular,6,r,img/target_4.png
44,295,modular,8,u,img/target_7.png
44,296,modular,5,p,img/target_10.png
44,297,modular,8,u,img/target_7.png
44,298,modular,5,p,img/target_10.png
44,299,modular,4,w,img/target_2.png
44,300,modular,3,b,img/target_6.png
44,301,modular,4,w,img/target_2.png
44,302,modular,5,p,img/target_10.png
44,303,modular,8,u,img/target_7.png
44,304,modular,5,p,img/target_10.png
44,305,modular,8,u,img/target_7.png
44,306,modular,6,r,img/target_4.png
44,307,modular,8,u,img/target_7.png
44,308,modular,7,i,img/target_8.png
44,309,modular,5,p,img/target_10.png
44,310,modular,6,r,img/target_4.png
44,311,modular,5,p,img/target_10.png
44,312,modular,7,i,img/target_8.png
44,313,modular,5,p,img/target_10.png
44,314,modular,7,i,img/target_8.png
44,315,modular,9,e,img/target_3.png
44,316,modular,0,v,img/target_5.png
44,317,modular,9,e,img/target_3.png
44,318,modular,0,v,img/target_5.png
44,319,modular,9,e,img/target_3.png
44,320,modular,6,r,img/target_4.png
44,321,modular,5,p,img/target_10.png
44,322,modular,7,i,img/target_8.png
44,323,modular,8,u,img/target_7.png
44,324,modular,5,p,img/target_10.png
44,325,modular,7,i,img/target_8.png
44,326,modular,9,e,img/target_3.png
44,327,modular,7,i,img/target_8.png
44,328,modular,5,p,img/target_10.png
44,329,modular,6,r,img/target_4.png
44,330,modular,8,u,img/target_7.png
44,331,modular,7,i,img/target_8.png
44,332,modular,8,u,img/target_7.png
44,333,modular,9,e,img/target_3.png
44,334,modular,6,r,img/target_4.png
44,335,modular,8,u,img/target_7.png
44,336,modular,9,e,img/target_3.png
44,337,modular,8,u,img/target_7.png
44,338,modular,7,i,img/target_8.png
44,339,modular,9,e,img/target_3.png
44,340,modular,6,r,img/target_4.png
44,341,modular,7,i,img/target_8.png
44,342,modular,8,u,img/target_7.png
44,343,modular,7,i,img/target_8.png
44,344,modular,5,p,img/target_10.png
44,345,modular,4,w,img/target_2.png
44,346,modular,3,b,img/target_6.png
44,347,modular,0,v,img/target_5.png
44,348,modular,2,q,img/target_1.png
44,349,modular,4,w,img/target_2.png
44,350,modular,3,b,img/target_6.png
44,351,modular,1,o,img/target_9.png
44,352,modular,3,b,img/target_6.png
44,353,modular,1,o,img/target_9.png
44,354,modular,0,v,img/target_5.png
44,355,modular,3,b,img/target_6.png
44,356,modular,1,o,img/target_9.png
44,357,modular,4,w,img/target_2.png
44,358,modular,2,q,img/target_1.png
44,359,modular,1,o,img/target_9.png
44,360,modular,0,v,img/target_5.png
44,361,modular,3,b,img/target_6.png
44,362,modular,2,q,img/target_1.png
44,363,modular,4,w,img/target_2.png
44,364,modular,3,b,img/target_6.png
44,365,modular,4,w,img/target_2.png
44,366,modular,5,p,img/target_10.png
44,367,modular,4,w,img/target_2.png
44,368,modular,5,p,img/target_10.png
44,369,modular,4,w,img/target_2.png
44,370,modular,2,q,img/target_1.png
44,371,modular,4,w,img/target_2.png
44,372,modular,2,q,img/target_1.png
44,373,modular,0,v,img/target_5.png
44,374,modular,9,e,img/target_3.png
44,375,modular,6,r,img/target_4.png
44,376,modular,7,i,img/target_8.png
44,377,modular,9,e,img/target_3.png
44,378,modular,7,i,img/target_8.png
44,379,modular,5,p,img/target_10.png
44,380,modular,8,u,img/target_7.png
44,381,modular,9,e,img/target_3.png
44,382,modular,8,u,img/target_7.png
44,383,modular,6,r,img/target_4.png
44,384,modular,7,i,img/target_8.png
44,385,modular,5,p,img/target_10.png
44,386,modular,6,r,img/target_4.png
44,387,modular,9,e,img/target_3.png
44,388,modular,6,r,img/target_4.png
44,389,modular,7,i,img/target_8.png
44,390,modular,9,e,img/target_3.png
44,391,modular,0,v,img/target_5.png
44,392,modular,2,q,img/target_1.png
44,393,modular,3,b,img/target_6.png
44,394,modular,4,w,img/target_2.png
44,395,modular,3,b,img/target_6.png
44,396,modular,2,q,img/target_1.png
44,397,modular,3,b,img/target_6.png
44,398,modular,0,v,img/target_5.png
44,399,modular,2,q,img/target_1.png
44,400,modular,1,o,img/target_9.png
44,401,modular,3,b,img/target_6.png
44,402,modular,4,w,img/target_2.png
44,403,modular,3,b,img/target_6.png
44,404,modular,4,w,img/target_2.png
44,405,modular,1,o,img/target_9.png
44,406,modular,2,q,img/target_1.png
44,407,modular,0,v,img/target_5.png
44,408,modular,2,q,img/target_1.png
44,409,modular,4,w,img/target_2.png
44,410,modular,3,b,img/target_6.png
44,411,modular,0,v,img/target_5.png
44,412,modular,9,e,img/target_3.png
44,413,modular,8,u,img/target_7.png
44,414,modular,6,r,img/target_4.png
44,415,modular,7,i,img/target_8.png
44,416,modular,6,r,img/target_4.png
44,417,modular,9,e,img/target_3.png
44,418,modular,0,v,img/target_5.png
44,419,modular,9,e,img/target_3.png
44,420,modular,8,u,img/target_7.png
44,421,modular,6,r,img/target_4.png
44,422,modular,9,e,img/target_3.png
44,423,modular,7,i,img/target_8.png
44,424,modular,6,r,img/target_4.png
44,425,modular,7,i,img/target_8.png
44,426,modular,6,r,img/target_4.png
44,427,modular,5,p,img/target_10.png
44,428,modular,4,w,img/target_2.png
44,429,modular,5,p,img/target_10.png
44,430,modular,7,i,img/target_8.png
44,431,modular,6,r,img/target_4.png
44,432,modular,9,e,img/target_3.png
44,433,modular,7,i,img/target_8.png
44,434,modular,5,p,img/target_10.png
44,435,modular,7,i,img/target_8.png
44,436,modular,9,e,img/target_3.png
44,437,modular,7,i,img/target_8.png
44,438,modular,9,e,img/target_3.png
44,439,modular,0,v,img/target_5.png
44,440,modular,3,b,img/target_6.png
44,441,modular,4,w,img/target_2.png
44,442,modular,3,b,img/target_6.png
44,443,modular,1,o,img/target_9.png
44,444,modular,3,b,img/target_6.png
44,445,modular,2,q,img/target_1.png
44,446,modular,3,b,img/target_6.png
44,447,modular,1,o,img/target_9.png
44,448,modular,4,w,img/target_2.png
44,449,modular,5,p,img/target_10.png
44,450,modular,4,w,img/target_2.png
44,451,modular,5,p,img/target_10.png
44,452,modular,4,w,img/target_2.png
44,453,modular,2,q,img/target_1.png
44,454,modular,1,o,img/target_9.png
44,455,modular,2,q,img/target_1.png
44,456,modular,4,w,img/target_2.png
44,457,modular,3,b,img/target_6.png
44,458,modular,0,v,img/target_5.png
44,459,modular,2,q,img/target_1.png
44,460,modular,4,w,img/target_2.png
44,461,modular,5,p,img/target_10.png
44,462,modular,4,w,img/target_2.png
44,463,modular,3,b,img/target_6.png
44,464,modular,4,w,img/target_2.png
44,465,modular,1,o,img/target_9.png
44,466,modular,4,w,img/target_2.png
44,467,modular,2,q,img/target_1.png
44,468,modular,3,b,img/target_6.png
44,469,modular,4,w,img/target_2.png
44,470,modular,1,o,img/target_9.png
44,471,modular,4,w,img/target_2.png
44,472,modular,1,o,img/target_9.png
44,473,modular,4,w,img/target_2.png
44,474,modular,3,b,img/target_6.png
44,475,modular,2,q,img/target_1.png
44,476,modular,0,v,img/target_5.png
44,477,modular,2,q,img/target_1.png
44,478,modular,4,w,img/target_2.png
44,479,modular,1,o,img/target_9.png
44,480,modular,0,v,img/target_5.png
44,481,modular,2,q,img/target_1.png
44,482,modular,4,w,img/target_2.png
44,483,modular,5,p,img/target_10.png
44,484,modular,4,w,img/target_2.png
44,485,modular,1,o,img/target_9.png
44,486,modular,2,q,img/target_1.png
44,487,modular,3,b,img/target_6.png
44,488,modular,2,q,img/target_1.png
44,489,modular,4,w,img/target_2.png
44,490,modular,3,b,img/target_6.png
44,491,modular,2,q,img/target_1.png
44,492,modular,1,o,img/target_9.png
44,493,modular,2,q,img/target_1.png
44,494,modular,0,v,img/target_5.png
44,495,modular,3,b,img/target_6.png
44,496,modular,0,v,img/target_5.png
44,497,modular,1,o,img/target_9.png
44,498,modular,0,v,img/target_5.png
44,499,modular,1,o,img/target_9.png
44,500,modular,0,v,img/target_5.png
44,501,modular,3,b,img/target_6.png
44,502,modular,1,o,img/target_9.png
44,503,modular,2,q,img/target_1.png
44,504,modular,1,o,img/target_9.png
44,505,modular,0,v,img/target_5.png
44,506,modular,2,q,img/target_1.png
44,507,modular,3,b,img/target_6.png
44,508,modular,1,o,img/target_9.png
44,509,modular,4,w,img/target_2.png
44,510,modular,2,q,img/target_1.png
44,511,modular,0,v,img/target_5.png
44,512,modular,1,o,img/target_9.png
44,513,modular,4,w,img/target_2.png
44,514,modular,2,q,img/target_1.png
44,515,modular,0,v,img/target_5.png
44,516,modular,1,o,img/target_9.png
44,517,modular,2,q,img/target_1.png
44,518,modular,3,b,img/target_6.png
44,519,modular,0,v,img/target_5.png
44,520,modular,1,o,img/target_9.png
44,521,modular,0,v,img/target_5.png
44,522,modular,2,q,img/target_1.png
44,523,modular,3,b,img/target_6.png
44,524,modular,0,v,img/target_5.png
44,525,modular,3,b,img/target_6.png
44,526,modular,4,w,img/target_2.png
44,527,modular,3,b,img/target_6.png
44,528,modular,0,v,img/target_5.png
44,529,modular,2,q,img/target_1.png
44,530,modular,1,o,img/target_9.png
44,531,modular,4,w,img/target_2.png
44,532,modular,5,p,img/target_10.png
44,533,modular,6,r,img/target_4.png
44,534,modular,8,u,img/target_7.png
44,535,modular,9,e,img/target_3.png
44,536,modular,6,r,img/target_4.png
44,537,modular,9,e,img/target_3.png
44,538,modular,7,i,img/target_8.png
44,539,modular,8,u,img/target_7.png
44,540,modular,6,r,img/target_4.png
44,541,modular,5,p,img/target_10.png
44,542,modular,7,i,img/target_8.png
44,543,modular,6,r,img/target_4.png
44,544,modular,8,u,img/target_7.png
44,545,modular,9,e,img/target_3.png
44,546,modular,6,r,img/target_4.png
44,547,modular,7,i,img/target_8.png
44,548,modular,6,r,img/target_4.png
44,549,modular,5,p,img/target_10.png
44,550,modular,7,i,img/target_8.png
44,551,modular,5,p,img/target_10.png
44,552,modular,4,w,img/target_2.png
44,553,modular,3,b,img/target_6.png
44,554,modular,1,o,img/target_9.png
44,555,modular,0,v,img/target_5.png
44,556,modular,3,b,img/target_6.png
44,557,modular,4,w,img/target_2.png
44,558,modular,5,p,img/target_10.png
44,559,modular,6,r,img/target_4.png
44,560,modular,9,e,img/target_3.png
44,561,modular,7,i,img/target_8.png
44,562,modular,5,p,img/target_10.png
44,563,modular,4,w,img/target_2.png
44,564,modular,5,p,img/target_10.png
44,565,modular,8,u,img/target_7.png
44,566,modular,6,r,img/target_4.png
44,567,modular,5,p,img/target_10.png
44,568,modular,8,u,img/target_7.png
44,569,modular,6,r,img/target_4.png
44,570,modular,7,i,img/target_8.png
44,571,modular,6,r,img/target_4.png
44,572,modular,8,u,img/target_7.png
44,573,modular,5,p,img/target_10.png
44,574,modular,4,w,img/target_2.png
44,575,modular,2,q,img/target_1.png
44,576,modular,1,o,img/target_9.png
44,577,modular,2,q,img/target_1.png
44,578,modular,1,o,img/target_9.png
44,579,modular,2,q,img/target_1.png
44,580,modular,1,o,img/target_9.png
44,581,modular,0,v,img/target_5.png
44,582,modular,3,b,img/target_6.png
44,583,modular,2,q,img/target_1.png
44,584,modular,3,b,img/target_6.png
44,585,modular,1,o,img/target_9.png
44,586,modular,3,b,img/target_6.png
44,587,modular,0,v,img/target_5.png
44,588,modular,1,o,img/target_9.png
44,589,modular,3,b,img/target_6.png
44,590,modular,4,w,img/target_2.png
44,591,modular,2,q,img/target_1.png
44,592,modular,0,v,img/target_5.png
44,593,modular,3,b,img/target_6.png
44,594,modular,4,w,img/target_2.png
44,595,modular,2,q,img/target_1.png
44,596,modular,0,v,img/target_5.png
44,597,modular,3,b,img/target_6.png
44,598,modular,0,v,img/target_5.png
44,599,modular,3,b,img/target_6.png
44,600,modular,4,w,img/target_2.png
44,601,modular,3,b,img/target_6.png
44,602,modular,2,q,img/target_1.png
44,603,modular,1,o,img/target_9.png
44,604,modular,4,w,img/target_2.png
44,605,modular,3,b,img/target_6.png
44,606,modular,1,o,img/target_9.png
44,607,modular,0,v,img/target_5.png
44,608,modular,3,b,img/target_6.png
44,609,modular,0,v,img/target_5.png
44,610,modular,3,b,img/target_6.png
44,611,modular,2,q,img/target_1.png
44,612,modular,1,o,img/target_9.png
44,613,modular,3,b,img/target_6.png
44,614,modular,0,v,img/target_5.png
44,615,modular,2,q,img/target_1.png
44,616,modular,3,b,img/target_6.png
44,617,modular,1,o,img/target_9.png
44,618,modular,3,b,img/target_6.png
44,619,modular,2,q,img/target_1.png
44,620,modular,3,b,img/target_6.png
44,621,modular,4,w,img/target_2.png
44,622,modular,5,p,img/target_10.png
44,623,modular,7,i,img/target_8.png
44,624,modular,5,p,img/target_10.png
44,625,modular,4,w,img/target_2.png
44,626,modular,5,p,img/target_10.png
44,627,modular,7,i,img/target_8.png
44,628,modular,8,u,img/target_7.png
44,629,modular,7,i,img/target_8.png
44,630,modular,8,u,img/target_7.png
44,631,modular,9,e,img/target_3.png
44,632,modular,0,v,img/target_5.png
44,633,modular,1,o,img/target_9.png
44,634,modular,3,b,img/target_6.png
44,635,modular,2,q,img/target_1.png
44,636,modular,4,w,img/target_2.png
44,637,modular,1,o,img/target_9.png
44,638,modular,0,v,img/target_5.png
44,639,modular,2,q,img/target_1.png
44,640,modular,3,b,img/target_6.png
44,641,modular,4,w,img/target_2.png
44,642,modular,2,q,img/target_1.png
44,643,modular,4,w,img/target_2.png
44,644,modular,5,p,img/target_10.png
44,645,modular,8,u,img/target_7.png
44,646,modular,7,i,img/target_8.png
44,647,modular,8,u,img/target_7.png
44,648,modular,9,e,img/target_3.png
44,649,modular,6,r,img/target_4.png
44,650,modular,8,u,img/target_7.png
44,651,modular,6,r,img/target_4.png
44,652,modular,8,u,img/target_7.png
44,653,modular,7,i,img/target_8.png
44,654,modular,5,p,img/target_10.png
44,655,modular,6,r,img/target_4.png
44,656,modular,8,u,img/target_7.png
44,657,modular,5,p,img/target_10.png
44,658,modular,4,w,img/target_2.png
44,659,modular,1,o,img/target_9.png
44,660,modular,3,b,img/target_6.png
44,661,modular,0,v,img/target_5.png
44,662,modular,3,b,img/target_6.png
44,663,modular,4,w,img/target_2.png
44,664,modular,3,b,img/target_6.png
44,665,modular,0,v,img/target_5.png
44,666,modular,1,o,img/target_9.png
44,667,modular,3,b,img/target_6.png
44,668,modular,4,w,img/target_2.png
44,669,modular,5,p,img/target_10.png
44,670,modular,8,u,img/target_7.png
44,671,modular,6,r,img/target_4.png
44,672,modular,7,i,img/target_8.png
44,673,modular,5,p,img/target_10.png
44,674,modular,8,u,img/target_7.png
44,675,modular,9,e,img/target_3.png
44,676,modular,8,u,img/target_7.png
44,677,modular,5,p,img/target_10.png
44,678,modular,6,r,img/target_4.png
44,679,modular,5,p,img/target_10.png
44,680,modular,7,i,img/target_8.png
44,681,modular,8,u,img/target_7.png
44,682,modular,6,r,img/target_4.png
44,683,modular,7,i,img/target_8.png
44,684,modular,6,r,img/target_4.png
44,685,modular,9,e,img/target_3.png
44,686,modular,7,i,img/target_8.png
44,687,modular,6,r,img/target_4.png
44,688,modular,9,e,img/target_3.png
44,689,modular,7,i,img/target_8.png
44,690,modular,8,u,img/target_7.png
44,691,modular,7,i,img/target_8.png
44,692,modular,8,u,img/target_7.png
44,693,modular,9,e,img/target_3.png
44,694,modular,8,u,img/target_7.png
44,695,modular,5,p,img/target_10.png
44,696,modular,8,u,img/target_7.png
44,697,modular,7,i,img/target_8.png
44,698,modular,9,e,img/target_3.png
44,699,modular,7,i,img/target_8.png
44,700,modular,5,p,img/target_10.png
44,701,modular,8,u,img/target_7.png
44,702,modular,6,r,img/target_4.png
44,703,modular,5,p,img/target_10.png
44,704,modular,8,u,img/target_7.png
44,705,modular,7,i,img/target_8.png
44,706,modular,6,r,img/target_4.png
44,707,modular,5,p,img/target_10.png
44,708,modular,6,r,img/target_4.png
44,709,modular,5,p,img/target_10.png
44,710,modular,6,r,img/target_4.png
44,711,modular,8,u,img/target_7.png
44,712,modular,5,p,img/target_10.png
44,713,modular,6,r,img/target_4.png
44,714,modular,8,u,img/target_7.png
44,715,modular,9,e,img/target_3.png
44,716,modular,7,i,img/target_8.png
44,717,modular,9,e,img/target_3.png
44,718,modular,0,v,img/target_5.png
44,719,modular,3,b,img/target_6.png
44,720,modular,0,v,img/target_5.png
44,721,modular,2,q,img/target_1.png
44,722,modular,0,v,img/target_5.png
44,723,modular,2,q,img/target_1.png
44,724,modular,1,o,img/target_9.png
44,725,modular,3,b,img/target_6.png
44,726,modular,2,q,img/target_1.png
44,727,modular,1,o,img/target_9.png
44,728,modular,4,w,img/target_2.png
44,729,modular,2,q,img/target_1.png
44,730,modular,1,o,img/target_9.png
44,731,modular,4,w,img/target_2.png
44,732,modular,5,p,img/target_10.png
44,733,modular,4,w,img/target_2.png
44,734,modular,1,o,img/target_9.png
44,735,modular,4,w,img/target_2.png
44,736,modular,3,b,img/target_6.png
44,737,modular,0,v,img/target_5.png
44,738,modular,9,e,img/target_3.png
44,739,modular,8,u,img/target_7.png
44,740,modular,9,e,img/target_3.png
44,741,modular,7,i,img/target_8.png
44,742,modular,6,r,img/target_4.png
44,743,modular,8,u,img/target_7.png
44,744,modular,7,i,img/target_8.png
44,745,modular,8,u,img/target_7.png
44,746,modular,5,p,img/target_10.png
44,747,modular,4,w,img/target_2.png
44,748,modular,2,q,img/target_1.png
44,749,modular,4,w,img/target_2.png
44,750,modular,2,q,img/target_1.png
44,751,modular,1,o,img/target_9.png
44,752,modular,2,q,img/target_1.png
44,753,modular,4,w,img/target_2.png
44,754,modular,1,o,img/target_9.png
44,755,modular,0,v,img/target_5.png
44,756,modular,2,q,img/target_1.png
44,757,modular,4,w,img/target_2.png
44,758,modular,3,b,img/target_6.png
44,759,modular,2,q,img/target_1.png
44,760,modular,4,w,img/target_2.png
44,761,modular,3,b,img/target_6.png
44,762,modular,4,w,img/target_2.png
44,763,modular,1,o,img/target_9.png
44,764,modular,2,q,img/target_1.png
44,765,modular,3,b,img/target_6.png
44,766,modular,2,q,img/target_1.png
44,767,modular,3,b,img/target_6.png
44,768,modular,4,w,img/target_2.png
44,769,modular,2,q,img/target_1.png
44,770,modular,1,o,img/target_9.png
44,771,modular,3,b,img/target_6.png
44,772,modular,1,o,img/target_9.png
44,773,modular,4,w,img/target_2.png
44,774,modular,3,b,img/target_6.png
44,775,modular,4,w,img/target_2.png
44,776,modular,3,b,img/target_6.png
44,777,modular,0,v,img/target_5.png
44,778,modular,1,o,img/target_9.png
44,779,modular,2,q,img/target_1.png
44,780,modular,3,b,img/target_6.png
44,781,modular,0,v,img/target_5.png
44,782,modular,9,e,img/target_3.png
44,783,modular,7,i,img/target_8.png
44,784,modular,6,r,img/target_4.png
44,785,modular,5,p,img/target_10.png
44,786,modular,6,r,img/target_4.png
44,787,modular,8,u,img/target_7.png
44,788,modular,9,e,img/target_3.png
44,789,modular,8,u,img/target_7.png
44,790,modular,7,i,img/target_8.png
44,791,modular,5,p,img/target_10.png
44,792,modular,4,w,img/target_2.png
44,793,modular,5,p,img/target_10.png
44,794,modular,8,u,img/target_7.png
44,795,modular,5,p,img/target_10.png
44,796,modular,6,r,img/target_4.png
44,797,modular,7,i,img/target_8.png
44,798,modular,5,p,img/target_10.png
44,799,modular,4,w,img/target_2.png
44,800,modular,2,q,img/target_1.png
44,801,modular,3,b,img/target_6.png
44,802,modular,2,q,img/target_1.png
44,803,modular,4,w,img/target_2.png
44,804,modular,5,p,img/target_10.png
44,805,modular,6,r,img/target_4.png
44,806,modular,5,p,img/target_10.png
44,807,modular,7,i,img/target_8.png
44,808,modular,6,r,img/target_4.png
44,809,modular,8,u,img/target_7.png
44,810,modular,7,i,img/target_8.png
44,811,modular,9,e,img/target_3.png
44,812,modular,6,r,img/target_4.png
44,813,modular,5,p,img/target_10.png
44,814,modular,8,u,img/target_7.png
44,815,modular,9,e,img/target_3.png
44,816,modular,6,r,img/target_4.png
44,817,modular,9,e,img/target_3.png
44,818,modular,8,u,img/target_7.png
44,819,modular,9,e,img/target_3.png
44,820,modular,6,r,img/target_4.png
44,821,modular,5,p,img/target_10.png
44,822,modular,6,r,img/target_4.png
44,823,modular,8,u,img/target_7.png
44,824,modular,6,r,img/target_4.png
44,825,modular,5,p,img/target_10.png
44,826,modular,7,i,img/target_8.png
44,827,modular,6,r,img/target_4.png
44,828,modular,8,u,img/target_7.png
44,829,modular,6,r,img/target_4.png
44,830,modular,5,p,img/target_10.png
44,831,modular,7,i,img/target_8.png
44,832,modular,5,p,img/target_10.png
44,833,modular,8,u,img/target_7.png
44,834,modular,5,p,img/target_10.png
44,835,modular,7,i,img/target_8.png
44,836,modular,5,p,img/target_10.png
44,837,modular,6,r,img/target_4.png
44,838,modular,8,u,img/target_7.png
44,839,modular,9,e,img/target_3.png
44,840,modular,7,i,img/target_8.png
44,841,modular,6,r,img/target_4.png
44,842,modular,9,e,img/target_3.png
44,843,modular,6,r,img/target_4.png
44,844,modular,9,e,img/target_3.png
44,845,modular,6,r,img/target_4.png
44,846,modular,7,i,img/target_8.png
44,847,modular,9,e,img/target_3.png
44,848,modular,8,u,img/target_7.png
44,849,modular,5,p,img/target_10.png
44,850,modular,6,r,img/target_4.png
44,851,modular,7,i,img/target_8.png
44,852,modular,5,p,img/target_10.png
44,853,modular,6,r,img/target_4.png
44,854,modular,5,p,img/target_10.png
44,855,modular,7,i,img/target_8.png
44,856,modular,8,u,img/target_7.png
44,857,modular,7,i,img/target_8.png
44,858,modular,8,u,img/target_7.png
44,859,modular,7,i,img/target_8.png
44,860,modular,6,r,img/target_4.png
44,861,modular,7,i,img/target_8.png
44,862,modular,9,e,img/target_3.png
44,863,modular,0,v,img/target_5.png
44,864,modular,3,b,img/target_6.png
44,865,modular,1,o,img/target_9.png
44,866,modular,2,q,img/target_1.png
44,867,modular,0,v,img/target_5.png
44,868,modular,9,e,img/target_3.png
44,869,modular,6,r,img/target_4.png
44,870,modular,5,p,img/target_10.png
44,871,modular,8,u,img/target_7.png
44,872,modular,7,i,img/target_8.png
44,873,modular,5,p,img/target_10.png
44,874,modular,8,u,img/target_7.png
44,875,modular,5,p,img/target_10.png
44,876,modular,4,w,img/target_2.png
44,877,modular,5,p,img/target_10.png
44,878,modular,6,r,img/target_4.png
44,879,modular,9,e,img/target_3.png
44,880,modular,7,i,img/target_8.png
44,881,modular,9,e,img/target_3.png
44,882,modular,0,v,img/target_5.png
44,883,modular,3,b,img/target_6.png
44,884,modular,1,o,img/target_9.png
44,885,modular,4,w,img/target_2.png
44,886,modular,1,o,img/target_9.png
44,887,modular,4,w,img/target_2.png
44,888,modular,3,b,img/target_6.png
44,889,modular,1,o,img/target_9.png
44,890,modular,2,q,img/target_1.png
44,891,modular,3,b,img/target_6.png
44,892,modular,4,w,img/target_2.png
44,893,modular,1,o,img/target_9.png
44,894,modular,4,w,img/target_2.png
44,895,modular,2,q,img/target_1.png
44,896,modular,4,w,img/target_2.png
44,897,modular,5,p,img/target_10.png
44,898,modular,4,w,img/target_2.png
44,899,modular,1,o,img/target_9.png
44,900,modular,3,b,img/target_6.png
44,901,modular,2,q,img/target_1.png
44,902,modular,4,w,img/target_2.png
44,903,modular,2,q,img/target_1.png
44,904,modular,4,w,img/target_2.png
44,905,modular,5,p,img/target_10.png
44,906,modular,6,r,img/target_4.png
44,907,modular,8,u,img/target_7.png
44,908,modular,6,r,img/target_4.png
44,909,modular,9,e,img/target_3.png
44,910,modular,7,i,img/target_8.png
44,911,modular,5,p,img/target_10.png
44,912,modular,8,u,img/target_7.png
44,913,modular,9,e,img/target_3.png
44,914,modular,7,i,img/target_8.png
44,915,modular,8,u,img/target_7.png
44,916,modular,7,i,img/target_8.png
44,917,modular,6,r,img/target_4.png
44,918,modular,7,i,img/target_8.png
44,919,modular,5,p,img/target_10.png
44,920,modular,8,u,img/target_7.png
44,921,modular,5,p,img/target_10.png
44,922,modular,4,w,img/target_2.png
44,923,modular,3,b,img/target_6.png
44,924,modular,2,q,img/target_1.png
44,925,modular,0,v,img/target_5.png
44,926,modular,3,b,img/target_6.png
44,927,modular,1,o,img/target_9.png
44,928,modular,4,w,img/target_2.png
44,929,modular,3,b,img/target_6.png
44,930,modular,0,v,img/target_5.png
44,931,modular,2,q,img/target_1.png
44,932,modular,3,b,img/target_6.png
44,933,modular,1,o,img/target_9.png
44,934,modular,2,q,img/target_1.png
44,935,modular,4,w,img/target_2.png
44,936,modular,1,o,img/target_9.png
44,937,modular,4,w,img/target_2.png
44,938,modular,2,q,img/target_1.png
44,939,modular,0,v,img/target_5.png
44,940,modular,2,q,img/target_1.png
44,941,modular,3,b,img/target_6.png
44,942,modular,4,w,img/target_2.png
44,943,modular,5,p,img/target_10.png
44,944,modular,8,u,img/target_7.png
44,945,modular,9,e,img/target_3.png
44,946,modular,8,u,img/target_7.png
44,947,modular,7,i,img/target_8.png
44,948,modular,8,u,img/target_7.png
44,949,modular,6,r,img/target_4.png
44,950,modular,9,e,img/target_3.png
44,951,modular,8,u,img/target_7.png
44,952,modular,6,r,img/target_4.png
44,953,modular,7,i,img/target_8.png
44,954,modular,8,u,img/target_7.png
44,955,modular,5,p,img/target_10.png
44,956,modular,8,u,img/target_7.png
44,957,modular,7,i,img/target_8.png
44,958,modular,5,p,img/target_10.png
44,959,modular,4,w,img/target_2.png
44,960,modular,3,b,img/target_6.png
44,961,modular,0,v,img/target_5.png
44,962,modular,1,o,img/target_9.png
44,963,modular,2,q,img/target_1.png
44,964,modular,4,w,img/target_2.png
44,965,modular,2,q,img/target_1.png
44,966,modular,4,w,img/target_2.png
44,967,modular,3,b,img/target_6.png
44,968,modular,1,o,img/target_9.png
44,969,modular,3,b,img/target_6.png
44,970,modular,0,v,img/target_5.png
44,971,modular,1,o,img/target_9.png
44,972,modular,2,q,img/target_1.png
44,973,modular,0,v,img/target_5.png
44,974,modular,9,e,img/target_3.png
44,975,modular,0,v,img/target_5.png
44,976,modular,9,e,img/target_3.png
44,977,modular,8,u,img/target_7.png
44,978,modular,6,r,img/target_4.png
44,979,modular,5,p,img/target_10.png
44,980,modular,7,i,img/target_8.png
44,981,modular,5,p,img/target_10.png
44,982,modular,6,r,img/target_4.png
44,983,modular,9,e,img/target_3.png
44,984,modular,0,v,img/target_5.png
44,985,modular,2,q,img/target_1.png
44,986,modular,0,v,img/target_5.png
44,987,modular,3,b,img/target_6.png
44,988,modular,2,q,img/target_1.png
44,989,modular,0,v,img/target_5.png
44,990,modular,1,o,img/target_9.png
44,991,modular,0,v,img/target_5.png
44,992,modular,3,b,img/target_6.png
44,993,modular,2,q,img/target_1.png
44,994,modular,4,w,img/target_2.png
44,995,modular,5,p,img/target_10.png
44,996,modular,8,u,img/target_7.png
44,997,modular,5,p,img/target_10.png
44,998,modular,4,w,img/target_2.png
44,999,modular,1,o,img/target_9.png
44,1000,modular,2,q,img/target_1.png
