pID,sess,trialNum,graph,walk,resp,path
40,3,1,modular,0,o,img/target_9.png
40,3,2,modular,1,v,img/target_5.png
40,3,3,modular,3,e,img/target_3.png
40,3,4,modular,4,q,img/target_1.png
40,3,5,modular,5,u,img/target_7.png
40,3,6,modular,7,r,img/target_4.png
40,3,7,modular,6,w,img/target_2.png
40,3,8,modular,7,r,img/target_4.png
40,3,9,modular,6,w,img/target_2.png
40,3,10,modular,7,r,img/target_4.png
40,3,11,modular,5,u,img/target_7.png
40,3,12,modular,4,q,img/target_1.png
40,3,13,modular,2,b,img/target_6.png
40,3,14,modular,0,o,img/target_9.png
40,3,15,modular,9,p,img/target_10.png
40,3,16,modular,6,w,img/target_2.png
40,3,17,modular,5,u,img/target_7.png
40,3,18,modular,6,w,img/target_2.png
40,3,19,modular,8,i,img/target_8.png
40,3,20,modular,6,w,img/target_2.png
40,3,21,modular,7,r,img/target_4.png
40,3,22,modular,6,w,img/target_2.png
40,3,23,modular,8,i,img/target_8.png
40,3,24,modular,9,p,img/target_10.png
40,3,25,modular,8,i,img/target_8.png
40,3,26,modular,6,w,img/target_2.png
40,3,27,modular,5,u,img/target_7.png
40,3,28,modular,6,w,img/target_2.png
40,3,29,modular,7,r,img/target_4.png
40,3,30,modular,6,w,img/target_2.png
40,3,31,modular,9,p,img/target_10.png
40,3,32,modular,8,i,img/target_8.png
40,3,33,modular,5,u,img/target_7.png
40,3,34,modular,7,r,img/target_4.png
40,3,35,modular,5,u,img/target_7.png
40,3,36,modular,4,q,img/target_1.png
40,3,37,modular,1,v,img/target_5.png
40,3,38,modular,3,e,img/target_3.png
40,3,39,modular,0,o,img/target_9.png
40,3,40,modular,3,e,img/target_3.png
40,3,41,modular,2,b,img/target_6.png
40,3,42,modular,0,o,img/target_9.png
40,3,43,modular,2,b,img/target_6.png
40,3,44,modular,0,o,img/target_9.png
40,3,45,modular,3,e,img/target_3.png
40,3,46,modular,0,o,img/target_9.png
40,3,47,modular,9,p,img/target_10.png
40,3,48,modular,7,r,img/target_4.png
40,3,49,modular,9,p,img/target_10.png
40,3,50,modular,7,r,img/target_4.png
40,3,51,modular,5,u,img/target_7.png
40,3,52,modular,4,q,img/target_1.png
40,3,53,modular,3,e,img/target_3.png
40,3,54,modular,4,q,img/target_1.png
40,3,55,modular,2,b,img/target_6.png
40,3,56,modular,0,o,img/target_9.png
40,3,57,modular,3,e,img/target_3.png
40,3,58,modular,1,v,img/target_5.png
40,3,59,modular,3,e,img/target_3.png
40,3,60,modular,4,q,img/target_1.png
40,3,61,modular,5,u,img/target_7.png
40,3,62,modular,7,r,img/target_4.png
40,3,63,modular,8,i,img/target_8.png
40,3,64,modular,5,u,img/target_7.png
40,3,65,modular,7,r,img/target_4.png
40,3,66,modular,9,p,img/target_10.png
40,3,67,modular,7,r,img/target_4.png
40,3,68,modular,5,u,img/target_7.png
40,3,69,modular,8,i,img/target_8.png
40,3,70,modular,5,u,img/target_7.png
40,3,71,modular,8,i,img/target_8.png
40,3,72,modular,5,u,img/target_7.png
40,3,73,modular,7,r,img/target_4.png
40,3,74,modular,5,u,img/target_7.png
40,3,75,modular,7,r,img/target_4.png
40,3,76,modular,9,p,img/target_10.png
40,3,77,modular,6,w,img/target_2.png
40,3,78,modular,5,u,img/target_7.png
40,3,79,modular,6,w,img/target_2.png
40,3,80,modular,7,r,img/target_4.png
40,3,81,modular,5,u,img/target_7.png
40,3,82,modular,4,q,img/target_1.png
40,3,83,modular,3,e,img/target_3.png
40,3,84,modular,4,q,img/target_1.png
40,3,85,modular,3,e,img/target_3.png
40,3,86,modular,1,v,img/target_5.png
40,3,87,modular,3,e,img/target_3.png
40,3,88,modular,4,q,img/target_1.png
40,3,89,modular,5,u,img/target_7.png
40,3,90,modular,7,r,img/target_4.png
40,3,91,modular,6,w,img/target_2.png
40,3,92,modular,9,p,img/target_10.png
40,3,93,modular,0,o,img/target_9.png
40,3,94,modular,1,v,img/target_5.png
40,3,95,modular,2,b,img/target_6.png
40,3,96,modular,4,q,img/target_1.png
40,3,97,modular,1,v,img/target_5.png
40,3,98,modular,4,q,img/target_1.png
40,3,99,modular,3,e,img/target_3.png
40,3,100,modular,4,q,img/target_1.png
40,3,101,modular,3,e,img/target_3.png
40,3,102,modular,1,v,img/target_5.png
40,3,103,modular,4,q,img/target_1.png
40,3,104,modular,3,e,img/target_3.png
40,3,105,modular,1,v,img/target_5.png
40,3,106,modular,4,q,img/target_1.png
40,3,107,modular,3,e,img/target_3.png
40,3,108,modular,4,q,img/target_1.png
40,3,109,modular,1,v,img/target_5.png
40,3,110,modular,4,q,img/target_1.png
40,3,111,modular,3,e,img/target_3.png
40,3,112,modular,0,o,img/target_9.png
40,3,113,modular,1,v,img/target_5.png
40,3,114,modular,3,e,img/target_3.png
40,3,115,modular,1,v,img/target_5.png
40,3,116,modular,4,q,img/target_1.png
40,3,117,modular,5,u,img/target_7.png
40,3,118,modular,4,q,img/target_1.png
40,3,119,modular,5,u,img/target_7.png
40,3,120,modular,6,w,img/target_2.png
40,3,121,modular,5,u,img/target_7.png
40,3,122,modular,7,r,img/target_4.png
40,3,123,modular,5,u,img/target_7.png
40,3,124,modular,8,i,img/target_8.png
40,3,125,modular,5,u,img/target_7.png
40,3,126,modular,8,i,img/target_8.png
40,3,127,modular,5,u,img/target_7.png
40,3,128,modular,6,w,img/target_2.png
40,3,129,modular,8,i,img/target_8.png
40,3,130,modular,6,w,img/target_2.png
40,3,131,modular,5,u,img/target_7.png
40,3,132,modular,7,r,img/target_4.png
40,3,133,modular,6,w,img/target_2.png
40,3,134,modular,8,i,img/target_8.png
40,3,135,modular,7,r,img/target_4.png
40,3,136,modular,6,w,img/target_2.png
40,3,137,modular,5,u,img/target_7.png
40,3,138,modular,4,q,img/target_1.png
40,3,139,modular,5,u,img/target_7.png
40,3,140,modular,4,q,img/target_1.png
40,3,141,modular,5,u,img/target_7.png
40,3,142,modular,4,q,img/target_1.png
40,3,143,modular,5,u,img/target_7.png
40,3,144,modular,6,w,img/target_2.png
40,3,145,modular,7,r,img/target_4.png
40,3,146,modular,8,i,img/target_8.png
40,3,147,modular,9,p,img/target_10.png
40,3,148,modular,7,r,img/target_4.png
40,3,149,modular,8,i,img/target_8.png
40,3,150,modular,5,u,img/target_7.png
40,3,151,modular,8,i,img/target_8.png
40,3,152,modular,9,p,img/target_10.png
40,3,153,modular,6,w,img/target_2.png
40,3,154,modular,7,r,img/target_4.png
40,3,155,modular,9,p,img/target_10.png
40,3,156,modular,6,w,img/target_2.png
40,3,157,modular,9,p,img/target_10.png
40,3,158,modular,6,w,img/target_2.png
40,3,159,modular,8,i,img/target_8.png
40,3,160,modular,7,r,img/target_4.png
40,3,161,modular,5,u,img/target_7.png
40,3,162,modular,7,r,img/target_4.png
40,3,163,modular,5,u,img/target_7.png
40,3,164,modular,6,w,img/target_2.png
40,3,165,modular,5,u,img/target_7.png
40,3,166,modular,7,r,img/target_4.png
40,3,167,modular,6,w,img/target_2.png
40,3,168,modular,7,r,img/target_4.png
40,3,169,modular,6,w,img/target_2.png
40,3,170,modular,9,p,img/target_10.png
40,3,171,modular,0,o,img/target_9.png
40,3,172,modular,9,p,img/target_10.png
40,3,173,modular,7,r,img/target_4.png
40,3,174,modular,6,w,img/target_2.png
40,3,175,modular,8,i,img/target_8.png
40,3,176,modular,6,w,img/target_2.png
40,3,177,modular,7,r,img/target_4.png
40,3,178,modular,9,p,img/target_10.png
40,3,179,modular,6,w,img/target_2.png
40,3,180,modular,7,r,img/target_4.png
40,3,181,modular,8,i,img/target_8.png
40,3,182,modular,6,w,img/target_2.png
40,3,183,modular,7,r,img/target_4.png
40,3,184,modular,5,u,img/target_7.png
40,3,185,modular,4,q,img/target_1.png
40,3,186,modular,1,v,img/target_5.png
40,3,187,modular,3,e,img/target_3.png
40,3,188,modular,0,o,img/target_9.png
40,3,189,modular,1,v,img/target_5.png
40,3,190,modular,2,b,img/target_6.png
40,3,191,modular,1,v,img/target_5.png
40,3,192,modular,3,e,img/target_3.png
40,3,193,modular,1,v,img/target_5.png
40,3,194,modular,2,b,img/target_6.png
40,3,195,modular,0,o,img/target_9.png
40,3,196,modular,3,e,img/target_3.png
40,3,197,modular,2,b,img/target_6.png
40,3,198,modular,0,o,img/target_9.png
40,3,199,modular,3,e,img/target_3.png
40,3,200,modular,1,v,img/target_5.png
40,3,201,modular,4,q,img/target_1.png
40,3,202,modular,3,e,img/target_3.png
40,3,203,modular,2,b,img/target_6.png
40,3,204,modular,0,o,img/target_9.png
40,3,205,modular,1,v,img/target_5.png
40,3,206,modular,4,q,img/target_1.png
40,3,207,modular,1,v,img/target_5.png
40,3,208,modular,0,o,img/target_9.png
40,3,209,modular,3,e,img/target_3.png
40,3,210,modular,4,q,img/target_1.png
40,3,211,modular,3,e,img/target_3.png
40,3,212,modular,4,q,img/target_1.png
40,3,213,modular,1,v,img/target_5.png
40,3,214,modular,0,o,img/target_9.png
40,3,215,modular,3,e,img/target_3.png
40,3,216,modular,0,o,img/target_9.png
40,3,217,modular,1,v,img/target_5.png
40,3,218,modular,3,e,img/target_3.png
40,3,219,modular,2,b,img/target_6.png
40,3,220,modular,0,o,img/target_9.png
40,3,221,modular,9,p,img/target_10.png
40,3,222,modular,6,w,img/target_2.png
40,3,223,modular,8,i,img/target_8.png
40,3,224,modular,9,p,img/target_10.png
40,3,225,modular,8,i,img/target_8.png
40,3,226,modular,9,p,img/target_10.png
40,3,227,modular,6,w,img/target_2.png
40,3,228,modular,5,u,img/target_7.png
40,3,229,modular,8,i,img/target_8.png
40,3,230,modular,5,u,img/target_7.png
40,3,231,modular,7,r,img/target_4.png
40,3,232,modular,5,u,img/target_7.png
40,3,233,modular,4,q,img/target_1.png
40,3,234,modular,2,b,img/target_6.png
40,3,235,modular,4,q,img/target_1.png
40,3,236,modular,3,e,img/target_3.png
40,3,237,modular,4,q,img/target_1.png
40,3,238,modular,1,v,img/target_5.png
40,3,239,modular,0,o,img/target_9.png
40,3,240,modular,9,p,img/target_10.png
40,3,241,modular,0,o,img/target_9.png
40,3,242,modular,2,b,img/target_6.png
40,3,243,modular,0,o,img/target_9.png
40,3,244,modular,9,p,img/target_10.png
40,3,245,modular,7,r,img/target_4.png
40,3,246,modular,6,w,img/target_2.png
40,3,247,modular,7,r,img/target_4.png
40,3,248,modular,8,i,img/target_8.png
40,3,249,modular,7,r,img/target_4.png
40,3,250,modular,9,p,img/target_10.png
40,3,251,modular,8,i,img/target_8.png
40,3,252,modular,9,p,img/target_10.png
40,3,253,modular,0,o,img/target_9.png
40,3,254,modular,9,p,img/target_10.png
40,3,255,modular,0,o,img/target_9.png
40,3,256,modular,2,b,img/target_6.png
40,3,257,modular,1,v,img/target_5.png
40,3,258,modular,2,b,img/target_6.png
40,3,259,modular,3,e,img/target_3.png
40,3,260,modular,2,b,img/target_6.png
40,3,261,modular,3,e,img/target_3.png
40,3,262,modular,0,o,img/target_9.png
40,3,263,modular,1,v,img/target_5.png
40,3,264,modular,4,q,img/target_1.png
40,3,265,modular,2,b,img/target_6.png
40,3,266,modular,3,e,img/target_3.png
40,3,267,modular,1,v,img/target_5.png
40,3,268,modular,4,q,img/target_1.png
40,3,269,modular,5,u,img/target_7.png
40,3,270,modular,8,i,img/target_8.png
40,3,271,modular,6,w,img/target_2.png
40,3,272,modular,8,i,img/target_8.png
40,3,273,modular,9,p,img/target_10.png
40,3,274,modular,7,r,img/target_4.png
40,3,275,modular,8,i,img/target_8.png
40,3,276,modular,7,r,img/target_4.png
40,3,277,modular,6,w,img/target_2.png
40,3,278,modular,5,u,img/target_7.png
40,3,279,modular,8,i,img/target_8.png
40,3,280,modular,6,w,img/target_2.png
40,3,281,modular,9,p,img/target_10.png
40,3,282,modular,0,o,img/target_9.png
40,3,283,modular,2,b,img/target_6.png
40,3,284,modular,3,e,img/target_3.png
40,3,285,modular,4,q,img/target_1.png
40,3,286,modular,3,e,img/target_3.png
40,3,287,modular,1,v,img/target_5.png
40,3,288,modular,4,q,img/target_1.png
40,3,289,modular,5,u,img/target_7.png
40,3,290,modular,4,q,img/target_1.png
40,3,291,modular,1,v,img/target_5.png
40,3,292,modular,4,q,img/target_1.png
40,3,293,modular,1,v,img/target_5.png
40,3,294,modular,3,e,img/target_3.png
40,3,295,modular,4,q,img/target_1.png
40,3,296,modular,2,b,img/target_6.png
40,3,297,modular,4,q,img/target_1.png
40,3,298,modular,5,u,img/target_7.png
40,3,299,modular,7,r,img/target_4.png
40,3,300,modular,5,u,img/target_7.png
40,3,301,modular,6,w,img/target_2.png
40,3,302,modular,8,i,img/target_8.png
40,3,303,modular,7,r,img/target_4.png
40,3,304,modular,6,w,img/target_2.png
40,3,305,modular,5,u,img/target_7.png
40,3,306,modular,7,r,img/target_4.png
40,3,307,modular,6,w,img/target_2.png
40,3,308,modular,9,p,img/target_10.png
40,3,309,modular,6,w,img/target_2.png
40,3,310,modular,9,p,img/target_10.png
40,3,311,modular,8,i,img/target_8.png
40,3,312,modular,5,u,img/target_7.png
40,3,313,modular,4,q,img/target_1.png
40,3,314,modular,1,v,img/target_5.png
40,3,315,modular,4,q,img/target_1.png
40,3,316,modular,1,v,img/target_5.png
40,3,317,modular,2,b,img/target_6.png
40,3,318,modular,4,q,img/target_1.png
40,3,319,modular,2,b,img/target_6.png
40,3,320,modular,0,o,img/target_9.png
40,3,321,modular,2,b,img/target_6.png
40,3,322,modular,0,o,img/target_9.png
40,3,323,modular,2,b,img/target_6.png
40,3,324,modular,4,q,img/target_1.png
40,3,325,modular,2,b,img/target_6.png
40,3,326,modular,4,q,img/target_1.png
40,3,327,modular,2,b,img/target_6.png
40,3,328,modular,1,v,img/target_5.png
40,3,329,modular,2,b,img/target_6.png
40,3,330,modular,0,o,img/target_9.png
40,3,331,modular,1,v,img/target_5.png
40,3,332,modular,2,b,img/target_6.png
40,3,333,modular,0,o,img/target_9.png
40,3,334,modular,2,b,img/target_6.png
40,3,335,modular,0,o,img/target_9.png
40,3,336,modular,9,p,img/target_10.png
40,3,337,modular,7,r,img/target_4.png
40,3,338,modular,5,u,img/target_7.png
40,3,339,modular,8,i,img/target_8.png
40,3,340,modular,9,p,img/target_10.png
40,3,341,modular,7,r,img/target_4.png
40,3,342,modular,8,i,img/target_8.png
40,3,343,modular,7,r,img/target_4.png
40,3,344,modular,6,w,img/target_2.png
40,3,345,modular,7,r,img/target_4.png
40,3,346,modular,5,u,img/target_7.png
40,3,347,modular,8,i,img/target_8.png
40,3,348,modular,9,p,img/target_10.png
40,3,349,modular,0,o,img/target_9.png
40,3,350,modular,2,b,img/target_6.png
40,3,351,modular,1,v,img/target_5.png
40,3,352,modular,0,o,img/target_9.png
40,3,353,modular,1,v,img/target_5.png
40,3,354,modular,0,o,img/target_9.png
40,3,355,modular,3,e,img/target_3.png
40,3,356,modular,0,o,img/target_9.png
40,3,357,modular,3,e,img/target_3.png
40,3,358,modular,1,v,img/target_5.png
40,3,359,modular,3,e,img/target_3.png
40,3,360,modular,0,o,img/target_9.png
40,3,361,modular,1,v,img/target_5.png
40,3,362,modular,0,o,img/target_9.png
40,3,363,modular,2,b,img/target_6.png
40,3,364,modular,0,o,img/target_9.png
40,3,365,modular,3,e,img/target_3.png
40,3,366,modular,4,q,img/target_1.png
40,3,367,modular,1,v,img/target_5.png
40,3,368,modular,2,b,img/target_6.png
40,3,369,modular,4,q,img/target_1.png
40,3,370,modular,5,u,img/target_7.png
40,3,371,modular,6,w,img/target_2.png
40,3,372,modular,8,i,img/target_8.png
40,3,373,modular,5,u,img/target_7.png
40,3,374,modular,7,r,img/target_4.png
40,3,375,modular,9,p,img/target_10.png
40,3,376,modular,7,r,img/target_4.png
40,3,377,modular,5,u,img/target_7.png
40,3,378,modular,8,i,img/target_8.png
40,3,379,modular,5,u,img/target_7.png
40,3,380,modular,8,i,img/target_8.png
40,3,381,modular,9,p,img/target_10.png
40,3,382,modular,6,w,img/target_2.png
40,3,383,modular,8,i,img/target_8.png
40,3,384,modular,6,w,img/target_2.png
40,3,385,modular,7,r,img/target_4.png
40,3,386,modular,6,w,img/target_2.png
40,3,387,modular,7,r,img/target_4.png
40,3,388,modular,5,u,img/target_7.png
40,3,389,modular,4,q,img/target_1.png
40,3,390,modular,1,v,img/target_5.png
40,3,391,modular,3,e,img/target_3.png
40,3,392,modular,0,o,img/target_9.png
40,3,393,modular,3,e,img/target_3.png
40,3,394,modular,4,q,img/target_1.png
40,3,395,modular,5,u,img/target_7.png
40,3,396,modular,7,r,img/target_4.png
40,3,397,modular,8,i,img/target_8.png
40,3,398,modular,6,w,img/target_2.png
40,3,399,modular,9,p,img/target_10.png
40,3,400,modular,6,w,img/target_2.png
40,3,401,modular,8,i,img/target_8.png
40,3,402,modular,6,w,img/target_2.png
40,3,403,modular,9,p,img/target_10.png
40,3,404,modular,6,w,img/target_2.png
40,3,405,modular,7,r,img/target_4.png
40,3,406,modular,6,w,img/target_2.png
40,3,407,modular,9,p,img/target_10.png
40,3,408,modular,6,w,img/target_2.png
40,3,409,modular,5,u,img/target_7.png
40,3,410,modular,4,q,img/target_1.png
40,3,411,modular,1,v,img/target_5.png
40,3,412,modular,3,e,img/target_3.png
40,3,413,modular,2,b,img/target_6.png
40,3,414,modular,4,q,img/target_1.png
40,3,415,modular,3,e,img/target_3.png
40,3,416,modular,2,b,img/target_6.png
40,3,417,modular,0,o,img/target_9.png
40,3,418,modular,2,b,img/target_6.png
40,3,419,modular,4,q,img/target_1.png
40,3,420,modular,3,e,img/target_3.png
40,3,421,modular,0,o,img/target_9.png
40,3,422,modular,2,b,img/target_6.png
40,3,423,modular,0,o,img/target_9.png
40,3,424,modular,2,b,img/target_6.png
40,3,425,modular,4,q,img/target_1.png
40,3,426,modular,1,v,img/target_5.png
40,3,427,modular,3,e,img/target_3.png
40,3,428,modular,0,o,img/target_9.png
40,3,429,modular,1,v,img/target_5.png
40,3,430,modular,3,e,img/target_3.png
40,3,431,modular,4,q,img/target_1.png
40,3,432,modular,1,v,img/target_5.png
40,3,433,modular,3,e,img/target_3.png
40,3,434,modular,0,o,img/target_9.png
40,3,435,modular,9,p,img/target_10.png
40,3,436,modular,0,o,img/target_9.png
40,3,437,modular,2,b,img/target_6.png
40,3,438,modular,4,q,img/target_1.png
40,3,439,modular,3,e,img/target_3.png
40,3,440,modular,4,q,img/target_1.png
40,3,441,modular,5,u,img/target_7.png
40,3,442,modular,4,q,img/target_1.png
40,3,443,modular,3,e,img/target_3.png
40,3,444,modular,4,q,img/target_1.png
40,3,445,modular,5,u,img/target_7.png
40,3,446,modular,7,r,img/target_4.png
40,3,447,modular,5,u,img/target_7.png
40,3,448,modular,7,r,img/target_4.png
40,3,449,modular,8,i,img/target_8.png
40,3,450,modular,7,r,img/target_4.png
40,3,451,modular,5,u,img/target_7.png
40,3,452,modular,7,r,img/target_4.png
40,3,453,modular,6,w,img/target_2.png
40,3,454,modular,7,r,img/target_4.png
40,3,455,modular,9,p,img/target_10.png
40,3,456,modular,8,i,img/target_8.png
40,3,457,modular,6,w,img/target_2.png
40,3,458,modular,9,p,img/target_10.png
40,3,459,modular,8,i,img/target_8.png
40,3,460,modular,9,p,img/target_10.png
40,3,461,modular,8,i,img/target_8.png
40,3,462,modular,5,u,img/target_7.png
40,3,463,modular,8,i,img/target_8.png
40,3,464,modular,5,u,img/target_7.png
40,3,465,modular,7,r,img/target_4.png
40,3,466,modular,9,p,img/target_10.png
40,3,467,modular,7,r,img/target_4.png
40,3,468,modular,6,w,img/target_2.png
40,3,469,modular,5,u,img/target_7.png
40,3,470,modular,6,w,img/target_2.png
40,3,471,modular,5,u,img/target_7.png
40,3,472,modular,7,r,img/target_4.png
40,3,473,modular,5,u,img/target_7.png
40,3,474,modular,7,r,img/target_4.png
40,3,475,modular,6,w,img/target_2.png
40,3,476,modular,8,i,img/target_8.png
40,3,477,modular,6,w,img/target_2.png
40,3,478,modular,9,p,img/target_10.png
40,3,479,modular,6,w,img/target_2.png
40,3,480,modular,5,u,img/target_7.png
40,3,481,modular,4,q,img/target_1.png
40,3,482,modular,5,u,img/target_7.png
40,3,483,modular,6,w,img/target_2.png
40,3,484,modular,9,p,img/target_10.png
40,3,485,modular,6,w,img/target_2.png
40,3,486,modular,9,p,img/target_10.png
40,3,487,modular,6,w,img/target_2.png
40,3,488,modular,8,i,img/target_8.png
40,3,489,modular,5,u,img/target_7.png
40,3,490,modular,8,i,img/target_8.png
40,3,491,modular,6,w,img/target_2.png
40,3,492,modular,8,i,img/target_8.png
40,3,493,modular,9,p,img/target_10.png
40,3,494,modular,8,i,img/target_8.png
40,3,495,modular,7,r,img/target_4.png
40,3,496,modular,9,p,img/target_10.png
40,3,497,modular,6,w,img/target_2.png
40,3,498,modular,9,p,img/target_10.png
40,3,499,modular,6,w,img/target_2.png
40,3,500,modular,9,p,img/target_10.png
40,3,501,modular,0,o,img/target_9.png
40,3,502,modular,2,b,img/target_6.png
40,3,503,modular,0,o,img/target_9.png
40,3,504,modular,9,p,img/target_10.png
40,3,505,modular,6,w,img/target_2.png
40,3,506,modular,9,p,img/target_10.png
40,3,507,modular,6,w,img/target_2.png
40,3,508,modular,9,p,img/target_10.png
40,3,509,modular,0,o,img/target_9.png
40,3,510,modular,3,e,img/target_3.png
40,3,511,modular,1,v,img/target_5.png
40,3,512,modular,0,o,img/target_9.png
40,3,513,modular,9,p,img/target_10.png
40,3,514,modular,0,o,img/target_9.png
40,3,515,modular,1,v,img/target_5.png
40,3,516,modular,3,e,img/target_3.png
40,3,517,modular,2,b,img/target_6.png
40,3,518,modular,4,q,img/target_1.png
40,3,519,modular,5,u,img/target_7.png
40,3,520,modular,8,i,img/target_8.png
40,3,521,modular,5,u,img/target_7.png
40,3,522,modular,8,i,img/target_8.png
40,3,523,modular,9,p,img/target_10.png
40,3,524,modular,7,r,img/target_4.png
40,3,525,modular,8,i,img/target_8.png
40,3,526,modular,5,u,img/target_7.png
40,3,527,modular,4,q,img/target_1.png
40,3,528,modular,5,u,img/target_7.png
40,3,529,modular,6,w,img/target_2.png
40,3,530,modular,7,r,img/target_4.png
40,3,531,modular,9,p,img/target_10.png
40,3,532,modular,0,o,img/target_9.png
40,3,533,modular,9,p,img/target_10.png
40,3,534,modular,7,r,img/target_4.png
40,3,535,modular,6,w,img/target_2.png
40,3,536,modular,5,u,img/target_7.png
40,3,537,modular,8,i,img/target_8.png
40,3,538,modular,9,p,img/target_10.png
40,3,539,modular,8,i,img/target_8.png
40,3,540,modular,6,w,img/target_2.png
40,3,541,modular,8,i,img/target_8.png
40,3,542,modular,7,r,img/target_4.png
40,3,543,modular,9,p,img/target_10.png
40,3,544,modular,8,i,img/target_8.png
40,3,545,modular,5,u,img/target_7.png
40,3,546,modular,8,i,img/target_8.png
40,3,547,modular,9,p,img/target_10.png
40,3,548,modular,6,w,img/target_2.png
40,3,549,modular,8,i,img/target_8.png
40,3,550,modular,6,w,img/target_2.png
40,3,551,modular,7,r,img/target_4.png
40,3,552,modular,8,i,img/target_8.png
40,3,553,modular,6,w,img/target_2.png
40,3,554,modular,5,u,img/target_7.png
40,3,555,modular,6,w,img/target_2.png
40,3,556,modular,9,p,img/target_10.png
40,3,557,modular,6,w,img/target_2.png
40,3,558,modular,8,i,img/target_8.png
40,3,559,modular,5,u,img/target_7.png
40,3,560,modular,8,i,img/target_8.png
40,3,561,modular,5,u,img/target_7.png
40,3,562,modular,4,q,img/target_1.png
40,3,563,modular,5,u,img/target_7.png
40,3,564,modular,4,q,img/target_1.png
40,3,565,modular,3,e,img/target_3.png
40,3,566,modular,4,q,img/target_1.png
40,3,567,modular,5,u,img/target_7.png
40,3,568,modular,4,q,img/target_1.png
40,3,569,modular,3,e,img/target_3.png
40,3,570,modular,4,q,img/target_1.png
40,3,571,modular,1,v,img/target_5.png
40,3,572,modular,0,o,img/target_9.png
40,3,573,modular,3,e,img/target_3.png
40,3,574,modular,0,o,img/target_9.png
40,3,575,modular,9,p,img/target_10.png
40,3,576,modular,0,o,img/target_9.png
40,3,577,modular,3,e,img/target_3.png
40,3,578,modular,0,o,img/target_9.png
40,3,579,modular,9,p,img/target_10.png
40,3,580,modular,0,o,img/target_9.png
40,3,581,modular,3,e,img/target_3.png
40,3,582,modular,1,v,img/target_5.png
40,3,583,modular,2,b,img/target_6.png
40,3,584,modular,1,v,img/target_5.png
40,3,585,modular,3,e,img/target_3.png
40,3,586,modular,4,q,img/target_1.png
40,3,587,modular,2,b,img/target_6.png
40,3,588,modular,4,q,img/target_1.png
40,3,589,modular,1,v,img/target_5.png
40,3,590,modular,4,q,img/target_1.png
40,3,591,modular,3,e,img/target_3.png
40,3,592,modular,1,v,img/target_5.png
40,3,593,modular,2,b,img/target_6.png
40,3,594,modular,1,v,img/target_5.png
40,3,595,modular,2,b,img/target_6.png
40,3,596,modular,3,e,img/target_3.png
40,3,597,modular,2,b,img/target_6.png
40,3,598,modular,3,e,img/target_3.png
40,3,599,modular,0,o,img/target_9.png
40,3,600,modular,9,p,img/target_10.png
40,3,601,modular,7,r,img/target_4.png
40,3,602,modular,8,i,img/target_8.png
40,3,603,modular,6,w,img/target_2.png
40,3,604,modular,5,u,img/target_7.png
40,3,605,modular,7,r,img/target_4.png
40,3,606,modular,8,i,img/target_8.png
40,3,607,modular,7,r,img/target_4.png
40,3,608,modular,8,i,img/target_8.png
40,3,609,modular,6,w,img/target_2.png
40,3,610,modular,8,i,img/target_8.png
40,3,611,modular,7,r,img/target_4.png
40,3,612,modular,8,i,img/target_8.png
40,3,613,modular,5,u,img/target_7.png
40,3,614,modular,7,r,img/target_4.png
40,3,615,modular,5,u,img/target_7.png
40,3,616,modular,7,r,img/target_4.png
40,3,617,modular,6,w,img/target_2.png
40,3,618,modular,8,i,img/target_8.png
40,3,619,modular,9,p,img/target_10.png
40,3,620,modular,0,o,img/target_9.png
40,3,621,modular,2,b,img/target_6.png
40,3,622,modular,1,v,img/target_5.png
40,3,623,modular,4,q,img/target_1.png
40,3,624,modular,1,v,img/target_5.png
40,3,625,modular,4,q,img/target_1.png
40,3,626,modular,2,b,img/target_6.png
40,3,627,modular,1,v,img/target_5.png
40,3,628,modular,3,e,img/target_3.png
40,3,629,modular,0,o,img/target_9.png
40,3,630,modular,3,e,img/target_3.png
40,3,631,modular,1,v,img/target_5.png
40,3,632,modular,0,o,img/target_9.png
40,3,633,modular,1,v,img/target_5.png
40,3,634,modular,0,o,img/target_9.png
40,3,635,modular,3,e,img/target_3.png
40,3,636,modular,4,q,img/target_1.png
40,3,637,modular,1,v,img/target_5.png
40,3,638,modular,0,o,img/target_9.png
40,3,639,modular,2,b,img/target_6.png
40,3,640,modular,0,o,img/target_9.png
40,3,641,modular,3,e,img/target_3.png
40,3,642,modular,0,o,img/target_9.png
40,3,643,modular,1,v,img/target_5.png
40,3,644,modular,2,b,img/target_6.png
40,3,645,modular,1,v,img/target_5.png
40,3,646,modular,3,e,img/target_3.png
40,3,647,modular,0,o,img/target_9.png
40,3,648,modular,2,b,img/target_6.png
40,3,649,modular,0,o,img/target_9.png
40,3,650,modular,2,b,img/target_6.png
40,3,651,modular,4,q,img/target_1.png
40,3,652,modular,5,u,img/target_7.png
40,3,653,modular,4,q,img/target_1.png
40,3,654,modular,5,u,img/target_7.png
40,3,655,modular,6,w,img/target_2.png
40,3,656,modular,7,r,img/target_4.png
40,3,657,modular,8,i,img/target_8.png
40,3,658,modular,9,p,img/target_10.png
40,3,659,modular,7,r,img/target_4.png
40,3,660,modular,8,i,img/target_8.png
40,3,661,modular,6,w,img/target_2.png
40,3,662,modular,7,r,img/target_4.png
40,3,663,modular,9,p,img/target_10.png
40,3,664,modular,6,w,img/target_2.png
40,3,665,modular,8,i,img/target_8.png
40,3,666,modular,6,w,img/target_2.png
40,3,667,modular,8,i,img/target_8.png
40,3,668,modular,6,w,img/target_2.png
40,3,669,modular,5,u,img/target_7.png
40,3,670,modular,7,r,img/target_4.png
40,3,671,modular,9,p,img/target_10.png
40,3,672,modular,0,o,img/target_9.png
40,3,673,modular,1,v,img/target_5.png
40,3,674,modular,4,q,img/target_1.png
40,3,675,modular,2,b,img/target_6.png
40,3,676,modular,1,v,img/target_5.png
40,3,677,modular,2,b,img/target_6.png
40,3,678,modular,1,v,img/target_5.png
40,3,679,modular,0,o,img/target_9.png
40,3,680,modular,9,p,img/target_10.png
40,3,681,modular,0,o,img/target_9.png
40,3,682,modular,3,e,img/target_3.png
40,3,683,modular,0,o,img/target_9.png
40,3,684,modular,3,e,img/target_3.png
40,3,685,modular,4,q,img/target_1.png
40,3,686,modular,5,u,img/target_7.png
40,3,687,modular,4,q,img/target_1.png
40,3,688,modular,2,b,img/target_6.png
40,3,689,modular,4,q,img/target_1.png
40,3,690,modular,2,b,img/target_6.png
40,3,691,modular,4,q,img/target_1.png
40,3,692,modular,3,e,img/target_3.png
40,3,693,modular,1,v,img/target_5.png
40,3,694,modular,4,q,img/target_1.png
40,3,695,modular,1,v,img/target_5.png
40,3,696,modular,3,e,img/target_3.png
40,3,697,modular,2,b,img/target_6.png
40,3,698,modular,1,v,img/target_5.png
40,3,699,modular,4,q,img/target_1.png
40,3,700,modular,2,b,img/target_6.png
40,3,701,modular,4,q,img/target_1.png
40,3,702,modular,3,e,img/target_3.png
40,3,703,modular,1,v,img/target_5.png
40,3,704,modular,3,e,img/target_3.png
40,3,705,modular,1,v,img/target_5.png
40,3,706,modular,0,o,img/target_9.png
40,3,707,modular,1,v,img/target_5.png
40,3,708,modular,0,o,img/target_9.png
40,3,709,modular,2,b,img/target_6.png
40,3,710,modular,4,q,img/target_1.png
40,3,711,modular,1,v,img/target_5.png
40,3,712,modular,0,o,img/target_9.png
40,3,713,modular,1,v,img/target_5.png
40,3,714,modular,4,q,img/target_1.png
40,3,715,modular,1,v,img/target_5.png
40,3,716,modular,2,b,img/target_6.png
40,3,717,modular,0,o,img/target_9.png
40,3,718,modular,2,b,img/target_6.png
40,3,719,modular,0,o,img/target_9.png
40,3,720,modular,2,b,img/target_6.png
40,3,721,modular,3,e,img/target_3.png
40,3,722,modular,0,o,img/target_9.png
40,3,723,modular,3,e,img/target_3.png
40,3,724,modular,4,q,img/target_1.png
40,3,725,modular,5,u,img/target_7.png
40,3,726,modular,7,r,img/target_4.png
40,3,727,modular,8,i,img/target_8.png
40,3,728,modular,9,p,img/target_10.png
40,3,729,modular,8,i,img/target_8.png
40,3,730,modular,9,p,img/target_10.png
40,3,731,modular,7,r,img/target_4.png
40,3,732,modular,9,p,img/target_10.png
40,3,733,modular,6,w,img/target_2.png
40,3,734,modular,5,u,img/target_7.png
40,3,735,modular,7,r,img/target_4.png
40,3,736,modular,8,i,img/target_8.png
40,3,737,modular,5,u,img/target_7.png
40,3,738,modular,7,r,img/target_4.png
40,3,739,modular,6,w,img/target_2.png
40,3,740,modular,5,u,img/target_7.png
40,3,741,modular,6,w,img/target_2.png
40,3,742,modular,8,i,img/target_8.png
40,3,743,modular,5,u,img/target_7.png
40,3,744,modular,6,w,img/target_2.png
40,3,745,modular,9,p,img/target_10.png
40,3,746,modular,7,r,img/target_4.png
40,3,747,modular,5,u,img/target_7.png
40,3,748,modular,8,i,img/target_8.png
40,3,749,modular,5,u,img/target_7.png
40,3,750,modular,7,r,img/target_4.png
40,3,751,modular,5,u,img/target_7.png
40,3,752,modular,7,r,img/target_4.png
40,3,753,modular,8,i,img/target_8.png
40,3,754,modular,7,r,img/target_4.png
40,3,755,modular,8,i,img/target_8.png
40,3,756,modular,9,p,img/target_10.png
40,3,757,modular,0,o,img/target_9.png
40,3,758,modular,2,b,img/target_6.png
40,3,759,modular,4,q,img/target_1.png
40,3,760,modular,3,e,img/target_3.png
40,3,761,modular,4,q,img/target_1.png
40,3,762,modular,5,u,img/target_7.png
40,3,763,modular,4,q,img/target_1.png
40,3,764,modular,1,v,img/target_5.png
40,3,765,modular,0,o,img/target_9.png
40,3,766,modular,3,e,img/target_3.png
40,3,767,modular,2,b,img/target_6.png
40,3,768,modular,3,e,img/target_3.png
40,3,769,modular,4,q,img/target_1.png
40,3,770,modular,3,e,img/target_3.png
40,3,771,modular,1,v,img/target_5.png
40,3,772,modular,0,o,img/target_9.png
40,3,773,modular,1,v,img/target_5.png
40,3,774,modular,4,q,img/target_1.png
40,3,775,modular,5,u,img/target_7.png
40,3,776,modular,4,q,img/target_1.png
40,3,777,modular,1,v,img/target_5.png
40,3,778,modular,4,q,img/target_1.png
40,3,779,modular,5,u,img/target_7.png
40,3,780,modular,7,r,img/target_4.png
40,3,781,modular,8,i,img/target_8.png
40,3,782,modular,5,u,img/target_7.png
40,3,783,modular,6,w,img/target_2.png
40,3,784,modular,7,r,img/target_4.png
40,3,785,modular,5,u,img/target_7.png
40,3,786,modular,4,q,img/target_1.png
40,3,787,modular,5,u,img/target_7.png
40,3,788,modular,4,q,img/target_1.png
40,3,789,modular,1,v,img/target_5.png
40,3,790,modular,2,b,img/target_6.png
40,3,791,modular,3,e,img/target_3.png
40,3,792,modular,0,o,img/target_9.png
40,3,793,modular,3,e,img/target_3.png
40,3,794,modular,0,o,img/target_9.png
40,3,795,modular,2,b,img/target_6.png
40,3,796,modular,4,q,img/target_1.png
40,3,797,modular,2,b,img/target_6.png
40,3,798,modular,1,v,img/target_5.png
40,3,799,modular,2,b,img/target_6.png
40,3,800,modular,4,q,img/target_1.png
40,3,801,modular,3,e,img/target_3.png
40,3,802,modular,4,q,img/target_1.png
40,3,803,modular,3,e,img/target_3.png
40,3,804,modular,4,q,img/target_1.png
40,3,805,modular,2,b,img/target_6.png
40,3,806,modular,3,e,img/target_3.png
40,3,807,modular,2,b,img/target_6.png
40,3,808,modular,3,e,img/target_3.png
40,3,809,modular,2,b,img/target_6.png
40,3,810,modular,1,v,img/target_5.png
40,3,811,modular,4,q,img/target_1.png
40,3,812,modular,1,v,img/target_5.png
40,3,813,modular,3,e,img/target_3.png
40,3,814,modular,2,b,img/target_6.png
40,3,815,modular,1,v,img/target_5.png
40,3,816,modular,2,b,img/target_6.png
40,3,817,modular,4,q,img/target_1.png
40,3,818,modular,5,u,img/target_7.png
40,3,819,modular,6,w,img/target_2.png
40,3,820,modular,5,u,img/target_7.png
40,3,821,modular,8,i,img/target_8.png
40,3,822,modular,6,w,img/target_2.png
40,3,823,modular,5,u,img/target_7.png
40,3,824,modular,7,r,img/target_4.png
40,3,825,modular,8,i,img/target_8.png
40,3,826,modular,5,u,img/target_7.png
40,3,827,modular,7,r,img/target_4.png
40,3,828,modular,8,i,img/target_8.png
40,3,829,modular,9,p,img/target_10.png
40,3,830,modular,7,r,img/target_4.png
40,3,831,modular,9,p,img/target_10.png
40,3,832,modular,0,o,img/target_9.png
40,3,833,modular,9,p,img/target_10.png
40,3,834,modular,8,i,img/target_8.png
40,3,835,modular,5,u,img/target_7.png
40,3,836,modular,8,i,img/target_8.png
40,3,837,modular,7,r,img/target_4.png
40,3,838,modular,9,p,img/target_10.png
40,3,839,modular,0,o,img/target_9.png
40,3,840,modular,1,v,img/target_5.png
40,3,841,modular,2,b,img/target_6.png
40,3,842,modular,1,v,img/target_5.png
40,3,843,modular,3,e,img/target_3.png
40,3,844,modular,0,o,img/target_9.png
40,3,845,modular,2,b,img/target_6.png
40,3,846,modular,1,v,img/target_5.png
40,3,847,modular,4,q,img/target_1.png
40,3,848,modular,1,v,img/target_5.png
40,3,849,modular,2,b,img/target_6.png
40,3,850,modular,0,o,img/target_9.png
40,3,851,modular,9,p,img/target_10.png
40,3,852,modular,0,o,img/target_9.png
40,3,853,modular,9,p,img/target_10.png
40,3,854,modular,7,r,img/target_4.png
40,3,855,modular,9,p,img/target_10.png
40,3,856,modular,0,o,img/target_9.png
40,3,857,modular,3,e,img/target_3.png
40,3,858,modular,2,b,img/target_6.png
40,3,859,modular,1,v,img/target_5.png
40,3,860,modular,2,b,img/target_6.png
40,3,861,modular,1,v,img/target_5.png
40,3,862,modular,3,e,img/target_3.png
40,3,863,modular,1,v,img/target_5.png
40,3,864,modular,4,q,img/target_1.png
40,3,865,modular,2,b,img/target_6.png
40,3,866,modular,1,v,img/target_5.png
40,3,867,modular,2,b,img/target_6.png
40,3,868,modular,3,e,img/target_3.png
40,3,869,modular,1,v,img/target_5.png
40,3,870,modular,3,e,img/target_3.png
40,3,871,modular,2,b,img/target_6.png
40,3,872,modular,1,v,img/target_5.png
40,3,873,modular,2,b,img/target_6.png
40,3,874,modular,0,o,img/target_9.png
40,3,875,modular,9,p,img/target_10.png
40,3,876,modular,0,o,img/target_9.png
40,3,877,modular,2,b,img/target_6.png
40,3,878,modular,1,v,img/target_5.png
40,3,879,modular,2,b,img/target_6.png
40,3,880,modular,3,e,img/target_3.png
40,3,881,modular,1,v,img/target_5.png
40,3,882,modular,4,q,img/target_1.png
40,3,883,modular,2,b,img/target_6.png
40,3,884,modular,0,o,img/target_9.png
40,3,885,modular,9,p,img/target_10.png
40,3,886,modular,0,o,img/target_9.png
40,3,887,modular,2,b,img/target_6.png
40,3,888,modular,4,q,img/target_1.png
40,3,889,modular,5,u,img/target_7.png
40,3,890,modular,7,r,img/target_4.png
40,3,891,modular,6,w,img/target_2.png
40,3,892,modular,8,i,img/target_8.png
40,3,893,modular,5,u,img/target_7.png
40,3,894,modular,7,r,img/target_4.png
40,3,895,modular,8,i,img/target_8.png
40,3,896,modular,6,w,img/target_2.png
40,3,897,modular,9,p,img/target_10.png
40,3,898,modular,8,i,img/target_8.png
40,3,899,modular,7,r,img/target_4.png
40,3,900,modular,9,p,img/target_10.png
40,3,901,modular,8,i,img/target_8.png
40,3,902,modular,9,p,img/target_10.png
40,3,903,modular,0,o,img/target_9.png
40,3,904,modular,9,p,img/target_10.png
40,3,905,modular,0,o,img/target_9.png
40,3,906,modular,1,v,img/target_5.png
40,3,907,modular,4,q,img/target_1.png
40,3,908,modular,3,e,img/target_3.png
40,3,909,modular,0,o,img/target_9.png
40,3,910,modular,9,p,img/target_10.png
40,3,911,modular,0,o,img/target_9.png
40,3,912,modular,3,e,img/target_3.png
40,3,913,modular,1,v,img/target_5.png
40,3,914,modular,2,b,img/target_6.png
40,3,915,modular,3,e,img/target_3.png
40,3,916,modular,2,b,img/target_6.png
40,3,917,modular,0,o,img/target_9.png
40,3,918,modular,2,b,img/target_6.png
40,3,919,modular,0,o,img/target_9.png
40,3,920,modular,1,v,img/target_5.png
40,3,921,modular,2,b,img/target_6.png
40,3,922,modular,3,e,img/target_3.png
40,3,923,modular,1,v,img/target_5.png
40,3,924,modular,0,o,img/target_9.png
40,3,925,modular,3,e,img/target_3.png
40,3,926,modular,4,q,img/target_1.png
40,3,927,modular,3,e,img/target_3.png
40,3,928,modular,0,o,img/target_9.png
40,3,929,modular,9,p,img/target_10.png
40,3,930,modular,6,w,img/target_2.png
40,3,931,modular,8,i,img/target_8.png
40,3,932,modular,9,p,img/target_10.png
40,3,933,modular,8,i,img/target_8.png
40,3,934,modular,5,u,img/target_7.png
40,3,935,modular,6,w,img/target_2.png
40,3,936,modular,7,r,img/target_4.png
40,3,937,modular,9,p,img/target_10.png
40,3,938,modular,6,w,img/target_2.png
40,3,939,modular,7,r,img/target_4.png
40,3,940,modular,9,p,img/target_10.png
40,3,941,modular,0,o,img/target_9.png
40,3,942,modular,3,e,img/target_3.png
40,3,943,modular,0,o,img/target_9.png
40,3,944,modular,9,p,img/target_10.png
40,3,945,modular,6,w,img/target_2.png
40,3,946,modular,8,i,img/target_8.png
40,3,947,modular,6,w,img/target_2.png
40,3,948,modular,9,p,img/target_10.png
40,3,949,modular,7,r,img/target_4.png
40,3,950,modular,8,i,img/target_8.png
40,3,951,modular,7,r,img/target_4.png
40,3,952,modular,8,i,img/target_8.png
40,3,953,modular,9,p,img/target_10.png
40,3,954,modular,6,w,img/target_2.png
40,3,955,modular,7,r,img/target_4.png
40,3,956,modular,9,p,img/target_10.png
40,3,957,modular,8,i,img/target_8.png
40,3,958,modular,9,p,img/target_10.png
40,3,959,modular,7,r,img/target_4.png
40,3,960,modular,8,i,img/target_8.png
40,3,961,modular,6,w,img/target_2.png
40,3,962,modular,5,u,img/target_7.png
40,3,963,modular,4,q,img/target_1.png
40,3,964,modular,1,v,img/target_5.png
40,3,965,modular,3,e,img/target_3.png
40,3,966,modular,1,v,img/target_5.png
40,3,967,modular,3,e,img/target_3.png
40,3,968,modular,2,b,img/target_6.png
40,3,969,modular,4,q,img/target_1.png
40,3,970,modular,5,u,img/target_7.png
40,3,971,modular,8,i,img/target_8.png
40,3,972,modular,6,w,img/target_2.png
40,3,973,modular,7,r,img/target_4.png
40,3,974,modular,6,w,img/target_2.png
40,3,975,modular,7,r,img/target_4.png
40,3,976,modular,6,w,img/target_2.png
40,3,977,modular,5,u,img/target_7.png
40,3,978,modular,8,i,img/target_8.png
40,3,979,modular,7,r,img/target_4.png
40,3,980,modular,8,i,img/target_8.png
40,3,981,modular,5,u,img/target_7.png
40,3,982,modular,7,r,img/target_4.png
40,3,983,modular,5,u,img/target_7.png
40,3,984,modular,7,r,img/target_4.png
40,3,985,modular,8,i,img/target_8.png
40,3,986,modular,6,w,img/target_2.png
40,3,987,modular,5,u,img/target_7.png
40,3,988,modular,7,r,img/target_4.png
40,3,989,modular,8,i,img/target_8.png
40,3,990,modular,7,r,img/target_4.png
40,3,991,modular,6,w,img/target_2.png
40,3,992,modular,8,i,img/target_8.png
40,3,993,modular,5,u,img/target_7.png
40,3,994,modular,8,i,img/target_8.png
40,3,995,modular,5,u,img/target_7.png
40,3,996,modular,4,q,img/target_1.png
40,3,997,modular,1,v,img/target_5.png
40,3,998,modular,2,b,img/target_6.png
40,3,999,modular,0,o,img/target_9.png
40,3,1000,modular,2,b,img/target_6.png
