pID,sess,trialNum,graph,walk,resp,path
40,2,1,modular,3,e,img/target_3.png
40,2,2,modular,4,q,img/target_1.png
40,2,3,modular,2,b,img/target_6.png
40,2,4,modular,4,q,img/target_1.png
40,2,5,modular,3,e,img/target_3.png
40,2,6,modular,1,v,img/target_5.png
40,2,7,modular,4,q,img/target_1.png
40,2,8,modular,2,b,img/target_6.png
40,2,9,modular,4,q,img/target_1.png
40,2,10,modular,1,v,img/target_5.png
40,2,11,modular,4,q,img/target_1.png
40,2,12,modular,1,v,img/target_5.png
40,2,13,modular,2,b,img/target_6.png
40,2,14,modular,1,v,img/target_5.png
40,2,15,modular,2,b,img/target_6.png
40,2,16,modular,4,q,img/target_1.png
40,2,17,modular,1,v,img/target_5.png
40,2,18,modular,3,e,img/target_3.png
40,2,19,modular,0,o,img/target_9.png
40,2,20,modular,3,e,img/target_3.png
40,2,21,modular,0,o,img/target_9.png
40,2,22,modular,1,v,img/target_5.png
40,2,23,modular,2,b,img/target_6.png
40,2,24,modular,4,q,img/target_1.png
40,2,25,modular,5,u,img/target_7.png
40,2,26,modular,4,q,img/target_1.png
40,2,27,modular,3,e,img/target_3.png
40,2,28,modular,4,q,img/target_1.png
40,2,29,modular,3,e,img/target_3.png
40,2,30,modular,4,q,img/target_1.png
40,2,31,modular,2,b,img/target_6.png
40,2,32,modular,1,v,img/target_5.png
40,2,33,modular,2,b,img/target_6.png
40,2,34,modular,4,q,img/target_1.png
40,2,35,modular,5,u,img/target_7.png
40,2,36,modular,6,w,img/target_2.png
40,2,37,modular,9,p,img/target_10.png
40,2,38,modular,7,r,img/target_4.png
40,2,39,modular,8,i,img/target_8.png
40,2,40,modular,7,r,img/target_4.png
40,2,41,modular,6,w,img/target_2.png
40,2,42,modular,5,u,img/target_7.png
40,2,43,modular,4,q,img/target_1.png
40,2,44,modular,3,e,img/target_3.png
40,2,45,modular,0,o,img/target_9.png
40,2,46,modular,1,v,img/target_5.png
40,2,47,modular,0,o,img/target_9.png
40,2,48,modular,3,e,img/target_3.png
40,2,49,modular,0,o,img/target_9.png
40,2,50,modular,9,p,img/target_10.png
40,2,51,modular,0,o,img/target_9.png
40,2,52,modular,2,b,img/target_6.png
40,2,53,modular,4,q,img/target_1.png
40,2,54,modular,1,v,img/target_5.png
40,2,55,modular,0,o,img/target_9.png
40,2,56,modular,1,v,img/target_5.png
40,2,57,modular,2,b,img/target_6.png
40,2,58,modular,4,q,img/target_1.png
40,2,59,modular,2,b,img/target_6.png
40,2,60,modular,1,v,img/target_5.png
40,2,61,modular,0,o,img/target_9.png
40,2,62,modular,1,v,img/target_5.png
40,2,63,modular,3,e,img/target_3.png
40,2,64,modular,1,v,img/target_5.png
40,2,65,modular,0,o,img/target_9.png
40,2,66,modular,9,p,img/target_10.png
40,2,67,modular,0,o,img/target_9.png
40,2,68,modular,3,e,img/target_3.png
40,2,69,modular,4,q,img/target_1.png
40,2,70,modular,5,u,img/target_7.png
40,2,71,modular,7,r,img/target_4.png
40,2,72,modular,6,w,img/target_2.png
40,2,73,modular,8,i,img/target_8.png
40,2,74,modular,7,r,img/target_4.png
40,2,75,modular,5,u,img/target_7.png
40,2,76,modular,7,r,img/target_4.png
40,2,77,modular,5,u,img/target_7.png
40,2,78,modular,7,r,img/target_4.png
40,2,79,modular,9,p,img/target_10.png
40,2,80,modular,8,i,img/target_8.png
40,2,81,modular,5,u,img/target_7.png
40,2,82,modular,6,w,img/target_2.png
40,2,83,modular,9,p,img/target_10.png
40,2,84,modular,0,o,img/target_9.png
40,2,85,modular,2,b,img/target_6.png
40,2,86,modular,4,q,img/target_1.png
40,2,87,modular,1,v,img/target_5.png
40,2,88,modular,3,e,img/target_3.png
40,2,89,modular,2,b,img/target_6.png
40,2,90,modular,0,o,img/target_9.png
40,2,91,modular,1,v,img/target_5.png
40,2,92,modular,3,e,img/target_3.png
40,2,93,modular,2,b,img/target_6.png
40,2,94,modular,3,e,img/target_3.png
40,2,95,modular,4,q,img/target_1.png
40,2,96,modular,2,b,img/target_6.png
40,2,97,modular,0,o,img/target_9.png
40,2,98,modular,9,p,img/target_10.png
40,2,99,modular,0,o,img/target_9.png
40,2,100,modular,9,p,img/target_10.png
40,2,101,modular,0,o,img/target_9.png
40,2,102,modular,2,b,img/target_6.png
40,2,103,modular,3,e,img/target_3.png
40,2,104,modular,4,q,img/target_1.png
40,2,105,modular,2,b,img/target_6.png
40,2,106,modular,0,o,img/target_9.png
40,2,107,modular,1,v,img/target_5.png
40,2,108,modular,0,o,img/target_9.png
40,2,109,modular,1,v,img/target_5.png
40,2,110,modular,4,q,img/target_1.png
40,2,111,modular,3,e,img/target_3.png
40,2,112,modular,1,v,img/target_5.png
40,2,113,modular,2,b,img/target_6.png
40,2,114,modular,1,v,img/target_5.png
40,2,115,modular,0,o,img/target_9.png
40,2,116,modular,9,p,img/target_10.png
40,2,117,modular,8,i,img/target_8.png
40,2,118,modular,6,w,img/target_2.png
40,2,119,modular,9,p,img/target_10.png
40,2,120,modular,7,r,img/target_4.png
40,2,121,modular,9,p,img/target_10.png
40,2,122,modular,8,i,img/target_8.png
40,2,123,modular,6,w,img/target_2.png
40,2,124,modular,5,u,img/target_7.png
40,2,125,modular,4,q,img/target_1.png
40,2,126,modular,5,u,img/target_7.png
40,2,127,modular,8,i,img/target_8.png
40,2,128,modular,9,p,img/target_10.png
40,2,129,modular,8,i,img/target_8.png
40,2,130,modular,5,u,img/target_7.png
40,2,131,modular,6,w,img/target_2.png
40,2,132,modular,8,i,img/target_8.png
40,2,133,modular,6,w,img/target_2.png
40,2,134,modular,8,i,img/target_8.png
40,2,135,modular,7,r,img/target_4.png
40,2,136,modular,6,w,img/target_2.png
40,2,137,modular,9,p,img/target_10.png
40,2,138,modular,0,o,img/target_9.png
40,2,139,modular,1,v,img/target_5.png
40,2,140,modular,2,b,img/target_6.png
40,2,141,modular,3,e,img/target_3.png
40,2,142,modular,2,b,img/target_6.png
40,2,143,modular,3,e,img/target_3.png
40,2,144,modular,0,o,img/target_9.png
40,2,145,modular,2,b,img/target_6.png
40,2,146,modular,3,e,img/target_3.png
40,2,147,modular,4,q,img/target_1.png
40,2,148,modular,2,b,img/target_6.png
40,2,149,modular,1,v,img/target_5.png
40,2,150,modular,0,o,img/target_9.png
40,2,151,modular,3,e,img/target_3.png
40,2,152,modular,2,b,img/target_6.png
40,2,153,modular,3,e,img/target_3.png
40,2,154,modular,1,v,img/target_5.png
40,2,155,modular,0,o,img/target_9.png
40,2,156,modular,2,b,img/target_6.png
40,2,157,modular,4,q,img/target_1.png
40,2,158,modular,5,u,img/target_7.png
40,2,159,modular,4,q,img/target_1.png
40,2,160,modular,1,v,img/target_5.png
40,2,161,modular,4,q,img/target_1.png
40,2,162,modular,3,e,img/target_3.png
40,2,163,modular,4,q,img/target_1.png
40,2,164,modular,1,v,img/target_5.png
40,2,165,modular,3,e,img/target_3.png
40,2,166,modular,1,v,img/target_5.png
40,2,167,modular,3,e,img/target_3.png
40,2,168,modular,4,q,img/target_1.png
40,2,169,modular,2,b,img/target_6.png
40,2,170,modular,3,e,img/target_3.png
40,2,171,modular,0,o,img/target_9.png
40,2,172,modular,1,v,img/target_5.png
40,2,173,modular,2,b,img/target_6.png
40,2,174,modular,0,o,img/target_9.png
40,2,175,modular,3,e,img/target_3.png
40,2,176,modular,4,q,img/target_1.png
40,2,177,modular,5,u,img/target_7.png
40,2,178,modular,4,q,img/target_1.png
40,2,179,modular,3,e,img/target_3.png
40,2,180,modular,4,q,img/target_1.png
40,2,181,modular,1,v,img/target_5.png
40,2,182,modular,3,e,img/target_3.png
40,2,183,modular,1,v,img/target_5.png
40,2,184,modular,4,q,img/target_1.png
40,2,185,modular,1,v,img/target_5.png
40,2,186,modular,0,o,img/target_9.png
40,2,187,modular,9,p,img/target_10.png
40,2,188,modular,0,o,img/target_9.png
40,2,189,modular,3,e,img/target_3.png
40,2,190,modular,1,v,img/target_5.png
40,2,191,modular,4,q,img/target_1.png
40,2,192,modular,3,e,img/target_3.png
40,2,193,modular,0,o,img/target_9.png
40,2,194,modular,2,b,img/target_6.png
40,2,195,modular,4,q,img/target_1.png
40,2,196,modular,5,u,img/target_7.png
40,2,197,modular,6,w,img/target_2.png
40,2,198,modular,7,r,img/target_4.png
40,2,199,modular,5,u,img/target_7.png
40,2,200,modular,6,w,img/target_2.png
40,2,201,modular,5,u,img/target_7.png
40,2,202,modular,4,q,img/target_1.png
40,2,203,modular,3,e,img/target_3.png
40,2,204,modular,2,b,img/target_6.png
40,2,205,modular,4,q,img/target_1.png
40,2,206,modular,2,b,img/target_6.png
40,2,207,modular,4,q,img/target_1.png
40,2,208,modular,2,b,img/target_6.png
40,2,209,modular,0,o,img/target_9.png
40,2,210,modular,9,p,img/target_10.png
40,2,211,modular,6,w,img/target_2.png
40,2,212,modular,7,r,img/target_4.png
40,2,213,modular,9,p,img/target_10.png
40,2,214,modular,0,o,img/target_9.png
40,2,215,modular,9,p,img/target_10.png
40,2,216,modular,8,i,img/target_8.png
40,2,217,modular,5,u,img/target_7.png
40,2,218,modular,7,r,img/target_4.png
40,2,219,modular,9,p,img/target_10.png
40,2,220,modular,0,o,img/target_9.png
40,2,221,modular,1,v,img/target_5.png
40,2,222,modular,4,q,img/target_1.png
40,2,223,modular,1,v,img/target_5.png
40,2,224,modular,2,b,img/target_6.png
40,2,225,modular,0,o,img/target_9.png
40,2,226,modular,9,p,img/target_10.png
40,2,227,modular,6,w,img/target_2.png
40,2,228,modular,8,i,img/target_8.png
40,2,229,modular,7,r,img/target_4.png
40,2,230,modular,5,u,img/target_7.png
40,2,231,modular,7,r,img/target_4.png
40,2,232,modular,5,u,img/target_7.png
40,2,233,modular,4,q,img/target_1.png
40,2,234,modular,3,e,img/target_3.png
40,2,235,modular,0,o,img/target_9.png
40,2,236,modular,3,e,img/target_3.png
40,2,237,modular,2,b,img/target_6.png
40,2,238,modular,3,e,img/target_3.png
40,2,239,modular,1,v,img/target_5.png
40,2,240,modular,3,e,img/target_3.png
40,2,241,modular,0,o,img/target_9.png
40,2,242,modular,2,b,img/target_6.png
40,2,243,modular,4,q,img/target_1.png
40,2,244,modular,5,u,img/target_7.png
40,2,245,modular,8,i,img/target_8.png
40,2,246,modular,6,w,img/target_2.png
40,2,247,modular,8,i,img/target_8.png
40,2,248,modular,5,u,img/target_7.png
40,2,249,modular,6,w,img/target_2.png
40,2,250,modular,5,u,img/target_7.png
40,2,251,modular,8,i,img/target_8.png
40,2,252,modular,7,r,img/target_4.png
40,2,253,modular,5,u,img/target_7.png
40,2,254,modular,7,r,img/target_4.png
40,2,255,modular,6,w,img/target_2.png
40,2,256,modular,7,r,img/target_4.png
40,2,257,modular,5,u,img/target_7.png
40,2,258,modular,7,r,img/target_4.png
40,2,259,modular,8,i,img/target_8.png
40,2,260,modular,5,u,img/target_7.png
40,2,261,modular,8,i,img/target_8.png
40,2,262,modular,5,u,img/target_7.png
40,2,263,modular,8,i,img/target_8.png
40,2,264,modular,9,p,img/target_10.png
40,2,265,modular,0,o,img/target_9.png
40,2,266,modular,3,e,img/target_3.png
40,2,267,modular,4,q,img/target_1.png
40,2,268,modular,2,b,img/target_6.png
40,2,269,modular,1,v,img/target_5.png
40,2,270,modular,0,o,img/target_9.png
40,2,271,modular,1,v,img/target_5.png
40,2,272,modular,3,e,img/target_3.png
40,2,273,modular,1,v,img/target_5.png
40,2,274,modular,2,b,img/target_6.png
40,2,275,modular,1,v,img/target_5.png
40,2,276,modular,3,e,img/target_3.png
40,2,277,modular,1,v,img/target_5.png
40,2,278,modular,3,e,img/target_3.png
40,2,279,modular,4,q,img/target_1.png
40,2,280,modular,2,b,img/target_6.png
40,2,281,modular,1,v,img/target_5.png
40,2,282,modular,3,e,img/target_3.png
40,2,283,modular,1,v,img/target_5.png
40,2,284,modular,0,o,img/target_9.png
40,2,285,modular,1,v,img/target_5.png
40,2,286,modular,0,o,img/target_9.png
40,2,287,modular,9,p,img/target_10.png
40,2,288,modular,6,w,img/target_2.png
40,2,289,modular,8,i,img/target_8.png
40,2,290,modular,6,w,img/target_2.png
40,2,291,modular,8,i,img/target_8.png
40,2,292,modular,6,w,img/target_2.png
40,2,293,modular,8,i,img/target_8.png
40,2,294,modular,7,r,img/target_4.png
40,2,295,modular,8,i,img/target_8.png
40,2,296,modular,6,w,img/target_2.png
40,2,297,modular,5,u,img/target_7.png
40,2,298,modular,8,i,img/target_8.png
40,2,299,modular,5,u,img/target_7.png
40,2,300,modular,4,q,img/target_1.png
40,2,301,modular,5,u,img/target_7.png
40,2,302,modular,4,q,img/target_1.png
40,2,303,modular,2,b,img/target_6.png
40,2,304,modular,1,v,img/target_5.png
40,2,305,modular,3,e,img/target_3.png
40,2,306,modular,4,q,img/target_1.png
40,2,307,modular,5,u,img/target_7.png
40,2,308,modular,8,i,img/target_8.png
40,2,309,modular,6,w,img/target_2.png
40,2,310,modular,7,r,img/target_4.png
40,2,311,modular,6,w,img/target_2.png
40,2,312,modular,9,p,img/target_10.png
40,2,313,modular,0,o,img/target_9.png
40,2,314,modular,3,e,img/target_3.png
40,2,315,modular,0,o,img/target_9.png
40,2,316,modular,9,p,img/target_10.png
40,2,317,modular,6,w,img/target_2.png
40,2,318,modular,7,r,img/target_4.png
40,2,319,modular,5,u,img/target_7.png
40,2,320,modular,4,q,img/target_1.png
40,2,321,modular,1,v,img/target_5.png
40,2,322,modular,3,e,img/target_3.png
40,2,323,modular,4,q,img/target_1.png
40,2,324,modular,5,u,img/target_7.png
40,2,325,modular,6,w,img/target_2.png
40,2,326,modular,9,p,img/target_10.png
40,2,327,modular,0,o,img/target_9.png
40,2,328,modular,2,b,img/target_6.png
40,2,329,modular,3,e,img/target_3.png
40,2,330,modular,0,o,img/target_9.png
40,2,331,modular,3,e,img/target_3.png
40,2,332,modular,4,q,img/target_1.png
40,2,333,modular,3,e,img/target_3.png
40,2,334,modular,0,o,img/target_9.png
40,2,335,modular,3,e,img/target_3.png
40,2,336,modular,1,v,img/target_5.png
40,2,337,modular,0,o,img/target_9.png
40,2,338,modular,3,e,img/target_3.png
40,2,339,modular,0,o,img/target_9.png
40,2,340,modular,3,e,img/target_3.png
40,2,341,modular,1,v,img/target_5.png
40,2,342,modular,0,o,img/target_9.png
40,2,343,modular,3,e,img/target_3.png
40,2,344,modular,2,b,img/target_6.png
40,2,345,modular,4,q,img/target_1.png
40,2,346,modular,1,v,img/target_5.png
40,2,347,modular,4,q,img/target_1.png
40,2,348,modular,1,v,img/target_5.png
40,2,349,modular,0,o,img/target_9.png
40,2,350,modular,3,e,img/target_3.png
40,2,351,modular,2,b,img/target_6.png
40,2,352,modular,3,e,img/target_3.png
40,2,353,modular,0,o,img/target_9.png
40,2,354,modular,1,v,img/target_5.png
40,2,355,modular,4,q,img/target_1.png
40,2,356,modular,1,v,img/target_5.png
40,2,357,modular,2,b,img/target_6.png
40,2,358,modular,1,v,img/target_5.png
40,2,359,modular,3,e,img/target_3.png
40,2,360,modular,4,q,img/target_1.png
40,2,361,modular,2,b,img/target_6.png
40,2,362,modular,3,e,img/target_3.png
40,2,363,modular,1,v,img/target_5.png
40,2,364,modular,2,b,img/target_6.png
40,2,365,modular,1,v,img/target_5.png
40,2,366,modular,0,o,img/target_9.png
40,2,367,modular,2,b,img/target_6.png
40,2,368,modular,4,q,img/target_1.png
40,2,369,modular,2,b,img/target_6.png
40,2,370,modular,0,o,img/target_9.png
40,2,371,modular,1,v,img/target_5.png
40,2,372,modular,2,b,img/target_6.png
40,2,373,modular,4,q,img/target_1.png
40,2,374,modular,3,e,img/target_3.png
40,2,375,modular,0,o,img/target_9.png
40,2,376,modular,2,b,img/target_6.png
40,2,377,modular,1,v,img/target_5.png
40,2,378,modular,2,b,img/target_6.png
40,2,379,modular,3,e,img/target_3.png
40,2,380,modular,2,b,img/target_6.png
40,2,381,modular,1,v,img/target_5.png
40,2,382,modular,4,q,img/target_1.png
40,2,383,modular,2,b,img/target_6.png
40,2,384,modular,1,v,img/target_5.png
40,2,385,modular,3,e,img/target_3.png
40,2,386,modular,4,q,img/target_1.png
40,2,387,modular,3,e,img/target_3.png
40,2,388,modular,0,o,img/target_9.png
40,2,389,modular,2,b,img/target_6.png
40,2,390,modular,1,v,img/target_5.png
40,2,391,modular,2,b,img/target_6.png
40,2,392,modular,0,o,img/target_9.png
40,2,393,modular,9,p,img/target_10.png
40,2,394,modular,8,i,img/target_8.png
40,2,395,modular,6,w,img/target_2.png
40,2,396,modular,5,u,img/target_7.png
40,2,397,modular,4,q,img/target_1.png
40,2,398,modular,5,u,img/target_7.png
40,2,399,modular,6,w,img/target_2.png
40,2,400,modular,9,p,img/target_10.png
40,2,401,modular,0,o,img/target_9.png
40,2,402,modular,9,p,img/target_10.png
40,2,403,modular,0,o,img/target_9.png
40,2,404,modular,9,p,img/target_10.png
40,2,405,modular,8,i,img/target_8.png
40,2,406,modular,7,r,img/target_4.png
40,2,407,modular,5,u,img/target_7.png
40,2,408,modular,8,i,img/target_8.png
40,2,409,modular,5,u,img/target_7.png
40,2,410,modular,7,r,img/target_4.png
40,2,411,modular,5,u,img/target_7.png
40,2,412,modular,6,w,img/target_2.png
40,2,413,modular,8,i,img/target_8.png
40,2,414,modular,5,u,img/target_7.png
40,2,415,modular,7,r,img/target_4.png
40,2,416,modular,6,w,img/target_2.png
40,2,417,modular,5,u,img/target_7.png
40,2,418,modular,8,i,img/target_8.png
40,2,419,modular,6,w,img/target_2.png
40,2,420,modular,9,p,img/target_10.png
40,2,421,modular,0,o,img/target_9.png
40,2,422,modular,9,p,img/target_10.png
40,2,423,modular,7,r,img/target_4.png
40,2,424,modular,6,w,img/target_2.png
40,2,425,modular,9,p,img/target_10.png
40,2,426,modular,8,i,img/target_8.png
40,2,427,modular,5,u,img/target_7.png
40,2,428,modular,7,r,img/target_4.png
40,2,429,modular,8,i,img/target_8.png
40,2,430,modular,5,u,img/target_7.png
40,2,431,modular,6,w,img/target_2.png
40,2,432,modular,9,p,img/target_10.png
40,2,433,modular,8,i,img/target_8.png
40,2,434,modular,9,p,img/target_10.png
40,2,435,modular,0,o,img/target_9.png
40,2,436,modular,9,p,img/target_10.png
40,2,437,modular,6,w,img/target_2.png
40,2,438,modular,9,p,img/target_10.png
40,2,439,modular,0,o,img/target_9.png
40,2,440,modular,3,e,img/target_3.png
40,2,441,modular,0,o,img/target_9.png
40,2,442,modular,1,v,img/target_5.png
40,2,443,modular,4,q,img/target_1.png
40,2,444,modular,3,e,img/target_3.png
40,2,445,modular,2,b,img/target_6.png
40,2,446,modular,4,q,img/target_1.png
40,2,447,modular,2,b,img/target_6.png
40,2,448,modular,4,q,img/target_1.png
40,2,449,modular,2,b,img/target_6.png
40,2,450,modular,4,q,img/target_1.png
40,2,451,modular,2,b,img/target_6.png
40,2,452,modular,4,q,img/target_1.png
40,2,453,modular,1,v,img/target_5.png
40,2,454,modular,3,e,img/target_3.png
40,2,455,modular,4,q,img/target_1.png
40,2,456,modular,5,u,img/target_7.png
40,2,457,modular,4,q,img/target_1.png
40,2,458,modular,1,v,img/target_5.png
40,2,459,modular,4,q,img/target_1.png
40,2,460,modular,1,v,img/target_5.png
40,2,461,modular,3,e,img/target_3.png
40,2,462,modular,0,o,img/target_9.png
40,2,463,modular,9,p,img/target_10.png
40,2,464,modular,8,i,img/target_8.png
40,2,465,modular,6,w,img/target_2.png
40,2,466,modular,7,r,img/target_4.png
40,2,467,modular,8,i,img/target_8.png
40,2,468,modular,9,p,img/target_10.png
40,2,469,modular,8,i,img/target_8.png
40,2,470,modular,7,r,img/target_4.png
40,2,471,modular,5,u,img/target_7.png
40,2,472,modular,6,w,img/target_2.png
40,2,473,modular,5,u,img/target_7.png
40,2,474,modular,7,r,img/target_4.png
40,2,475,modular,9,p,img/target_10.png
40,2,476,modular,8,i,img/target_8.png
40,2,477,modular,7,r,img/target_4.png
40,2,478,modular,9,p,img/target_10.png
40,2,479,modular,6,w,img/target_2.png
40,2,480,modular,5,u,img/target_7.png
40,2,481,modular,7,r,img/target_4.png
40,2,482,modular,5,u,img/target_7.png
40,2,483,modular,8,i,img/target_8.png
40,2,484,modular,6,w,img/target_2.png
40,2,485,modular,9,p,img/target_10.png
40,2,486,modular,8,i,img/target_8.png
40,2,487,modular,7,r,img/target_4.png
40,2,488,modular,5,u,img/target_7.png
40,2,489,modular,8,i,img/target_8.png
40,2,490,modular,9,p,img/target_10.png
40,2,491,modular,0,o,img/target_9.png
40,2,492,modular,1,v,img/target_5.png
40,2,493,modular,4,q,img/target_1.png
40,2,494,modular,5,u,img/target_7.png
40,2,495,modular,6,w,img/target_2.png
40,2,496,modular,8,i,img/target_8.png
40,2,497,modular,6,w,img/target_2.png
40,2,498,modular,9,p,img/target_10.png
40,2,499,modular,6,w,img/target_2.png
40,2,500,modular,5,u,img/target_7.png
40,2,501,modular,8,i,img/target_8.png
40,2,502,modular,5,u,img/target_7.png
40,2,503,modular,7,r,img/target_4.png
40,2,504,modular,9,p,img/target_10.png
40,2,505,modular,7,r,img/target_4.png
40,2,506,modular,6,w,img/target_2.png
40,2,507,modular,8,i,img/target_8.png
40,2,508,modular,7,r,img/target_4.png
40,2,509,modular,6,w,img/target_2.png
40,2,510,modular,7,r,img/target_4.png
40,2,511,modular,6,w,img/target_2.png
40,2,512,modular,9,p,img/target_10.png
40,2,513,modular,7,r,img/target_4.png
40,2,514,modular,9,p,img/target_10.png
40,2,515,modular,7,r,img/target_4.png
40,2,516,modular,6,w,img/target_2.png
40,2,517,modular,5,u,img/target_7.png
40,2,518,modular,8,i,img/target_8.png
40,2,519,modular,7,r,img/target_4.png
40,2,520,modular,8,i,img/target_8.png
40,2,521,modular,9,p,img/target_10.png
40,2,522,modular,6,w,img/target_2.png
40,2,523,modular,5,u,img/target_7.png
40,2,524,modular,4,q,img/target_1.png
40,2,525,modular,2,b,img/target_6.png
40,2,526,modular,1,v,img/target_5.png
40,2,527,modular,4,q,img/target_1.png
40,2,528,modular,2,b,img/target_6.png
40,2,529,modular,3,e,img/target_3.png
40,2,530,modular,4,q,img/target_1.png
40,2,531,modular,5,u,img/target_7.png
40,2,532,modular,7,r,img/target_4.png
40,2,533,modular,5,u,img/target_7.png
40,2,534,modular,6,w,img/target_2.png
40,2,535,modular,8,i,img/target_8.png
40,2,536,modular,5,u,img/target_7.png
40,2,537,modular,4,q,img/target_1.png
40,2,538,modular,3,e,img/target_3.png
40,2,539,modular,0,o,img/target_9.png
40,2,540,modular,1,v,img/target_5.png
40,2,541,modular,4,q,img/target_1.png
40,2,542,modular,1,v,img/target_5.png
40,2,543,modular,0,o,img/target_9.png
40,2,544,modular,9,p,img/target_10.png
40,2,545,modular,6,w,img/target_2.png
40,2,546,modular,8,i,img/target_8.png
40,2,547,modular,5,u,img/target_7.png
40,2,548,modular,8,i,img/target_8.png
40,2,549,modular,7,r,img/target_4.png
40,2,550,modular,5,u,img/target_7.png
40,2,551,modular,4,q,img/target_1.png
40,2,552,modular,5,u,img/target_7.png
40,2,553,modular,6,w,img/target_2.png
40,2,554,modular,7,r,img/target_4.png
40,2,555,modular,5,u,img/target_7.png
40,2,556,modular,7,r,img/target_4.png
40,2,557,modular,8,i,img/target_8.png
40,2,558,modular,5,u,img/target_7.png
40,2,559,modular,7,r,img/target_4.png
40,2,560,modular,6,w,img/target_2.png
40,2,561,modular,9,p,img/target_10.png
40,2,562,modular,8,i,img/target_8.png
40,2,563,modular,5,u,img/target_7.png
40,2,564,modular,4,q,img/target_1.png
40,2,565,modular,5,u,img/target_7.png
40,2,566,modular,8,i,img/target_8.png
40,2,567,modular,9,p,img/target_10.png
40,2,568,modular,8,i,img/target_8.png
40,2,569,modular,6,w,img/target_2.png
40,2,570,modular,7,r,img/target_4.png
40,2,571,modular,9,p,img/target_10.png
40,2,572,modular,0,o,img/target_9.png
40,2,573,modular,3,e,img/target_3.png
40,2,574,modular,4,q,img/target_1.png
40,2,575,modular,5,u,img/target_7.png
40,2,576,modular,6,w,img/target_2.png
40,2,577,modular,7,r,img/target_4.png
40,2,578,modular,6,w,img/target_2.png
40,2,579,modular,5,u,img/target_7.png
40,2,580,modular,8,i,img/target_8.png
40,2,581,modular,7,r,img/target_4.png
40,2,582,modular,6,w,img/target_2.png
40,2,583,modular,9,p,img/target_10.png
40,2,584,modular,7,r,img/target_4.png
40,2,585,modular,8,i,img/target_8.png
40,2,586,modular,7,r,img/target_4.png
40,2,587,modular,8,i,img/target_8.png
40,2,588,modular,5,u,img/target_7.png
40,2,589,modular,8,i,img/target_8.png
40,2,590,modular,7,r,img/target_4.png
40,2,591,modular,8,i,img/target_8.png
40,2,592,modular,7,r,img/target_4.png
40,2,593,modular,9,p,img/target_10.png
40,2,594,modular,0,o,img/target_9.png
40,2,595,modular,1,v,img/target_5.png
40,2,596,modular,4,q,img/target_1.png
40,2,597,modular,1,v,img/target_5.png
40,2,598,modular,2,b,img/target_6.png
40,2,599,modular,4,q,img/target_1.png
40,2,600,modular,3,e,img/target_3.png
40,2,601,modular,1,v,img/target_5.png
40,2,602,modular,2,b,img/target_6.png
40,2,603,modular,1,v,img/target_5.png
40,2,604,modular,4,q,img/target_1.png
40,2,605,modular,5,u,img/target_7.png
40,2,606,modular,7,r,img/target_4.png
40,2,607,modular,5,u,img/target_7.png
40,2,608,modular,8,i,img/target_8.png
40,2,609,modular,7,r,img/target_4.png
40,2,610,modular,5,u,img/target_7.png
40,2,611,modular,4,q,img/target_1.png
40,2,612,modular,5,u,img/target_7.png
40,2,613,modular,8,i,img/target_8.png
40,2,614,modular,9,p,img/target_10.png
40,2,615,modular,8,i,img/target_8.png
40,2,616,modular,7,r,img/target_4.png
40,2,617,modular,9,p,img/target_10.png
40,2,618,modular,6,w,img/target_2.png
40,2,619,modular,7,r,img/target_4.png
40,2,620,modular,8,i,img/target_8.png
40,2,621,modular,9,p,img/target_10.png
40,2,622,modular,6,w,img/target_2.png
40,2,623,modular,7,r,img/target_4.png
40,2,624,modular,8,i,img/target_8.png
40,2,625,modular,5,u,img/target_7.png
40,2,626,modular,8,i,img/target_8.png
40,2,627,modular,6,w,img/target_2.png
40,2,628,modular,5,u,img/target_7.png
40,2,629,modular,6,w,img/target_2.png
40,2,630,modular,7,r,img/target_4.png
40,2,631,modular,8,i,img/target_8.png
40,2,632,modular,6,w,img/target_2.png
40,2,633,modular,5,u,img/target_7.png
40,2,634,modular,8,i,img/target_8.png
40,2,635,modular,6,w,img/target_2.png
40,2,636,modular,9,p,img/target_10.png
40,2,637,modular,0,o,img/target_9.png
40,2,638,modular,2,b,img/target_6.png
40,2,639,modular,0,o,img/target_9.png
40,2,640,modular,1,v,img/target_5.png
40,2,641,modular,2,b,img/target_6.png
40,2,642,modular,4,q,img/target_1.png
40,2,643,modular,3,e,img/target_3.png
40,2,644,modular,4,q,img/target_1.png
40,2,645,modular,1,v,img/target_5.png
40,2,646,modular,3,e,img/target_3.png
40,2,647,modular,1,v,img/target_5.png
40,2,648,modular,4,q,img/target_1.png
40,2,649,modular,5,u,img/target_7.png
40,2,650,modular,7,r,img/target_4.png
40,2,651,modular,6,w,img/target_2.png
40,2,652,modular,5,u,img/target_7.png
40,2,653,modular,4,q,img/target_1.png
40,2,654,modular,2,b,img/target_6.png
40,2,655,modular,1,v,img/target_5.png
40,2,656,modular,0,o,img/target_9.png
40,2,657,modular,9,p,img/target_10.png
40,2,658,modular,8,i,img/target_8.png
40,2,659,modular,5,u,img/target_7.png
40,2,660,modular,7,r,img/target_4.png
40,2,661,modular,6,w,img/target_2.png
40,2,662,modular,8,i,img/target_8.png
40,2,663,modular,9,p,img/target_10.png
40,2,664,modular,8,i,img/target_8.png
40,2,665,modular,9,p,img/target_10.png
40,2,666,modular,7,r,img/target_4.png
40,2,667,modular,5,u,img/target_7.png
40,2,668,modular,7,r,img/target_4.png
40,2,669,modular,6,w,img/target_2.png
40,2,670,modular,8,i,img/target_8.png
40,2,671,modular,5,u,img/target_7.png
40,2,672,modular,4,q,img/target_1.png
40,2,673,modular,3,e,img/target_3.png
40,2,674,modular,4,q,img/target_1.png
40,2,675,modular,3,e,img/target_3.png
40,2,676,modular,2,b,img/target_6.png
40,2,677,modular,1,v,img/target_5.png
40,2,678,modular,2,b,img/target_6.png
40,2,679,modular,0,o,img/target_9.png
40,2,680,modular,2,b,img/target_6.png
40,2,681,modular,3,e,img/target_3.png
40,2,682,modular,4,q,img/target_1.png
40,2,683,modular,5,u,img/target_7.png
40,2,684,modular,8,i,img/target_8.png
40,2,685,modular,7,r,img/target_4.png
40,2,686,modular,5,u,img/target_7.png
40,2,687,modular,4,q,img/target_1.png
40,2,688,modular,5,u,img/target_7.png
40,2,689,modular,7,r,img/target_4.png
40,2,690,modular,5,u,img/target_7.png
40,2,691,modular,6,w,img/target_2.png
40,2,692,modular,5,u,img/target_7.png
40,2,693,modular,4,q,img/target_1.png
40,2,694,modular,2,b,img/target_6.png
40,2,695,modular,0,o,img/target_9.png
40,2,696,modular,9,p,img/target_10.png
40,2,697,modular,6,w,img/target_2.png
40,2,698,modular,9,p,img/target_10.png
40,2,699,modular,0,o,img/target_9.png
40,2,700,modular,9,p,img/target_10.png
40,2,701,modular,7,r,img/target_4.png
40,2,702,modular,8,i,img/target_8.png
40,2,703,modular,9,p,img/target_10.png
40,2,704,modular,6,w,img/target_2.png
40,2,705,modular,5,u,img/target_7.png
40,2,706,modular,7,r,img/target_4.png
40,2,707,modular,5,u,img/target_7.png
40,2,708,modular,8,i,img/target_8.png
40,2,709,modular,6,w,img/target_2.png
40,2,710,modular,8,i,img/target_8.png
40,2,711,modular,9,p,img/target_10.png
40,2,712,modular,8,i,img/target_8.png
40,2,713,modular,6,w,img/target_2.png
40,2,714,modular,7,r,img/target_4.png
40,2,715,modular,5,u,img/target_7.png
40,2,716,modular,6,w,img/target_2.png
40,2,717,modular,5,u,img/target_7.png
40,2,718,modular,7,r,img/target_4.png
40,2,719,modular,9,p,img/target_10.png
40,2,720,modular,6,w,img/target_2.png
40,2,721,modular,9,p,img/target_10.png
40,2,722,modular,8,i,img/target_8.png
40,2,723,modular,5,u,img/target_7.png
40,2,724,modular,6,w,img/target_2.png
40,2,725,modular,7,r,img/target_4.png
40,2,726,modular,8,i,img/target_8.png
40,2,727,modular,6,w,img/target_2.png
40,2,728,modular,7,r,img/target_4.png
40,2,729,modular,9,p,img/target_10.png
40,2,730,modular,8,i,img/target_8.png
40,2,731,modular,5,u,img/target_7.png
40,2,732,modular,7,r,img/target_4.png
40,2,733,modular,8,i,img/target_8.png
40,2,734,modular,6,w,img/target_2.png
40,2,735,modular,9,p,img/target_10.png
40,2,736,modular,6,w,img/target_2.png
40,2,737,modular,9,p,img/target_10.png
40,2,738,modular,0,o,img/target_9.png
40,2,739,modular,3,e,img/target_3.png
40,2,740,modular,0,o,img/target_9.png
40,2,741,modular,2,b,img/target_6.png
40,2,742,modular,4,q,img/target_1.png
40,2,743,modular,1,v,img/target_5.png
40,2,744,modular,2,b,img/target_6.png
40,2,745,modular,3,e,img/target_3.png
40,2,746,modular,0,o,img/target_9.png
40,2,747,modular,9,p,img/target_10.png
40,2,748,modular,6,w,img/target_2.png
40,2,749,modular,7,r,img/target_4.png
40,2,750,modular,8,i,img/target_8.png
40,2,751,modular,7,r,img/target_4.png
40,2,752,modular,5,u,img/target_7.png
40,2,753,modular,4,q,img/target_1.png
40,2,754,modular,2,b,img/target_6.png
40,2,755,modular,0,o,img/target_9.png
40,2,756,modular,3,e,img/target_3.png
40,2,757,modular,4,q,img/target_1.png
40,2,758,modular,5,u,img/target_7.png
40,2,759,modular,6,w,img/target_2.png
40,2,760,modular,7,r,img/target_4.png
40,2,761,modular,8,i,img/target_8.png
40,2,762,modular,6,w,img/target_2.png
40,2,763,modular,8,i,img/target_8.png
40,2,764,modular,6,w,img/target_2.png
40,2,765,modular,7,r,img/target_4.png
40,2,766,modular,6,w,img/target_2.png
40,2,767,modular,5,u,img/target_7.png
40,2,768,modular,7,r,img/target_4.png
40,2,769,modular,6,w,img/target_2.png
40,2,770,modular,7,r,img/target_4.png
40,2,771,modular,5,u,img/target_7.png
40,2,772,modular,6,w,img/target_2.png
40,2,773,modular,5,u,img/target_7.png
40,2,774,modular,4,q,img/target_1.png
40,2,775,modular,2,b,img/target_6.png
40,2,776,modular,0,o,img/target_9.png
40,2,777,modular,3,e,img/target_3.png
40,2,778,modular,0,o,img/target_9.png
40,2,779,modular,2,b,img/target_6.png
40,2,780,modular,3,e,img/target_3.png
40,2,781,modular,1,v,img/target_5.png
40,2,782,modular,4,q,img/target_1.png
40,2,783,modular,3,e,img/target_3.png
40,2,784,modular,4,q,img/target_1.png
40,2,785,modular,2,b,img/target_6.png
40,2,786,modular,1,v,img/target_5.png
40,2,787,modular,0,o,img/target_9.png
40,2,788,modular,9,p,img/target_10.png
40,2,789,modular,6,w,img/target_2.png
40,2,790,modular,9,p,img/target_10.png
40,2,791,modular,6,w,img/target_2.png
40,2,792,modular,9,p,img/target_10.png
40,2,793,modular,7,r,img/target_4.png
40,2,794,modular,8,i,img/target_8.png
40,2,795,modular,5,u,img/target_7.png
40,2,796,modular,6,w,img/target_2.png
40,2,797,modular,5,u,img/target_7.png
40,2,798,modular,6,w,img/target_2.png
40,2,799,modular,5,u,img/target_7.png
40,2,800,modular,6,w,img/target_2.png
40,2,801,modular,7,r,img/target_4.png
40,2,802,modular,5,u,img/target_7.png
40,2,803,modular,7,r,img/target_4.png
40,2,804,modular,8,i,img/target_8.png
40,2,805,modular,7,r,img/target_4.png
40,2,806,modular,9,p,img/target_10.png
40,2,807,modular,8,i,img/target_8.png
40,2,808,modular,9,p,img/target_10.png
40,2,809,modular,7,r,img/target_4.png
40,2,810,modular,5,u,img/target_7.png
40,2,811,modular,6,w,img/target_2.png
40,2,812,modular,9,p,img/target_10.png
40,2,813,modular,7,r,img/target_4.png
40,2,814,modular,9,p,img/target_10.png
40,2,815,modular,6,w,img/target_2.png
40,2,816,modular,7,r,img/target_4.png
40,2,817,modular,5,u,img/target_7.png
40,2,818,modular,6,w,img/target_2.png
40,2,819,modular,8,i,img/target_8.png
40,2,820,modular,6,w,img/target_2.png
40,2,821,modular,7,r,img/target_4.png
40,2,822,modular,8,i,img/target_8.png
40,2,823,modular,9,p,img/target_10.png
40,2,824,modular,8,i,img/target_8.png
40,2,825,modular,9,p,img/target_10.png
40,2,826,modular,6,w,img/target_2.png
40,2,827,modular,7,r,img/target_4.png
40,2,828,modular,8,i,img/target_8.png
40,2,829,modular,7,r,img/target_4.png
40,2,830,modular,8,i,img/target_8.png
40,2,831,modular,5,u,img/target_7.png
40,2,832,modular,7,r,img/target_4.png
40,2,833,modular,6,w,img/target_2.png
40,2,834,modular,5,u,img/target_7.png
40,2,835,modular,6,w,img/target_2.png
40,2,836,modular,5,u,img/target_7.png
40,2,837,modular,6,w,img/target_2.png
40,2,838,modular,8,i,img/target_8.png
40,2,839,modular,6,w,img/target_2.png
40,2,840,modular,9,p,img/target_10.png
40,2,841,modular,0,o,img/target_9.png
40,2,842,modular,1,v,img/target_5.png
40,2,843,modular,3,e,img/target_3.png
40,2,844,modular,0,o,img/target_9.png
40,2,845,modular,9,p,img/target_10.png
40,2,846,modular,6,w,img/target_2.png
40,2,847,modular,8,i,img/target_8.png
40,2,848,modular,6,w,img/target_2.png
40,2,849,modular,7,r,img/target_4.png
40,2,850,modular,6,w,img/target_2.png
40,2,851,modular,8,i,img/target_8.png
40,2,852,modular,5,u,img/target_7.png
40,2,853,modular,4,q,img/target_1.png
40,2,854,modular,3,e,img/target_3.png
40,2,855,modular,4,q,img/target_1.png
40,2,856,modular,1,v,img/target_5.png
40,2,857,modular,4,q,img/target_1.png
40,2,858,modular,1,v,img/target_5.png
40,2,859,modular,4,q,img/target_1.png
40,2,860,modular,5,u,img/target_7.png
40,2,861,modular,7,r,img/target_4.png
40,2,862,modular,5,u,img/target_7.png
40,2,863,modular,8,i,img/target_8.png
40,2,864,modular,9,p,img/target_10.png
40,2,865,modular,0,o,img/target_9.png
40,2,866,modular,1,v,img/target_5.png
40,2,867,modular,2,b,img/target_6.png
40,2,868,modular,0,o,img/target_9.png
40,2,869,modular,1,v,img/target_5.png
40,2,870,modular,0,o,img/target_9.png
40,2,871,modular,1,v,img/target_5.png
40,2,872,modular,0,o,img/target_9.png
40,2,873,modular,2,b,img/target_6.png
40,2,874,modular,1,v,img/target_5.png
40,2,875,modular,2,b,img/target_6.png
40,2,876,modular,4,q,img/target_1.png
40,2,877,modular,5,u,img/target_7.png
40,2,878,modular,8,i,img/target_8.png
40,2,879,modular,6,w,img/target_2.png
40,2,880,modular,8,i,img/target_8.png
40,2,881,modular,6,w,img/target_2.png
40,2,882,modular,5,u,img/target_7.png
40,2,883,modular,8,i,img/target_8.png
40,2,884,modular,9,p,img/target_10.png
40,2,885,modular,6,w,img/target_2.png
40,2,886,modular,8,i,img/target_8.png
40,2,887,modular,9,p,img/target_10.png
40,2,888,modular,6,w,img/target_2.png
40,2,889,modular,8,i,img/target_8.png
40,2,890,modular,6,w,img/target_2.png
40,2,891,modular,7,r,img/target_4.png
40,2,892,modular,5,u,img/target_7.png
40,2,893,modular,8,i,img/target_8.png
40,2,894,modular,5,u,img/target_7.png
40,2,895,modular,6,w,img/target_2.png
40,2,896,modular,9,p,img/target_10.png
40,2,897,modular,7,r,img/target_4.png
40,2,898,modular,9,p,img/target_10.png
40,2,899,modular,0,o,img/target_9.png
40,2,900,modular,2,b,img/target_6.png
40,2,901,modular,1,v,img/target_5.png
40,2,902,modular,0,o,img/target_9.png
40,2,903,modular,1,v,img/target_5.png
40,2,904,modular,3,e,img/target_3.png
40,2,905,modular,0,o,img/target_9.png
40,2,906,modular,9,p,img/target_10.png
40,2,907,modular,7,r,img/target_4.png
40,2,908,modular,6,w,img/target_2.png
40,2,909,modular,9,p,img/target_10.png
40,2,910,modular,8,i,img/target_8.png
40,2,911,modular,9,p,img/target_10.png
40,2,912,modular,6,w,img/target_2.png
40,2,913,modular,8,i,img/target_8.png
40,2,914,modular,5,u,img/target_7.png
40,2,915,modular,8,i,img/target_8.png
40,2,916,modular,7,r,img/target_4.png
40,2,917,modular,5,u,img/target_7.png
40,2,918,modular,8,i,img/target_8.png
40,2,919,modular,9,p,img/target_10.png
40,2,920,modular,6,w,img/target_2.png
40,2,921,modular,8,i,img/target_8.png
40,2,922,modular,9,p,img/target_10.png
40,2,923,modular,0,o,img/target_9.png
40,2,924,modular,1,v,img/target_5.png
40,2,925,modular,4,q,img/target_1.png
40,2,926,modular,1,v,img/target_5.png
40,2,927,modular,4,q,img/target_1.png
40,2,928,modular,2,b,img/target_6.png
40,2,929,modular,0,o,img/target_9.png
40,2,930,modular,3,e,img/target_3.png
40,2,931,modular,2,b,img/target_6.png
40,2,932,modular,4,q,img/target_1.png
40,2,933,modular,2,b,img/target_6.png
40,2,934,modular,3,e,img/target_3.png
40,2,935,modular,4,q,img/target_1.png
40,2,936,modular,5,u,img/target_7.png
40,2,937,modular,4,q,img/target_1.png
40,2,938,modular,2,b,img/target_6.png
40,2,939,modular,4,q,img/target_1.png
40,2,940,modular,3,e,img/target_3.png
40,2,941,modular,0,o,img/target_9.png
40,2,942,modular,1,v,img/target_5.png
40,2,943,modular,3,e,img/target_3.png
40,2,944,modular,0,o,img/target_9.png
40,2,945,modular,1,v,img/target_5.png
40,2,946,modular,2,b,img/target_6.png
40,2,947,modular,3,e,img/target_3.png
40,2,948,modular,2,b,img/target_6.png
40,2,949,modular,4,q,img/target_1.png
40,2,950,modular,3,e,img/target_3.png
40,2,951,modular,0,o,img/target_9.png
40,2,952,modular,2,b,img/target_6.png
40,2,953,modular,0,o,img/target_9.png
40,2,954,modular,2,b,img/target_6.png
40,2,955,modular,4,q,img/target_1.png
40,2,956,modular,1,v,img/target_5.png
40,2,957,modular,4,q,img/target_1.png
40,2,958,modular,2,b,img/target_6.png
40,2,959,modular,4,q,img/target_1.png
40,2,960,modular,3,e,img/target_3.png
40,2,961,modular,1,v,img/target_5.png
40,2,962,modular,0,o,img/target_9.png
40,2,963,modular,9,p,img/target_10.png
40,2,964,modular,6,w,img/target_2.png
40,2,965,modular,5,u,img/target_7.png
40,2,966,modular,8,i,img/target_8.png
40,2,967,modular,9,p,img/target_10.png
40,2,968,modular,8,i,img/target_8.png
40,2,969,modular,6,w,img/target_2.png
40,2,970,modular,8,i,img/target_8.png
40,2,971,modular,7,r,img/target_4.png
40,2,972,modular,9,p,img/target_10.png
40,2,973,modular,8,i,img/target_8.png
40,2,974,modular,9,p,img/target_10.png
40,2,975,modular,8,i,img/target_8.png
40,2,976,modular,6,w,img/target_2.png
40,2,977,modular,8,i,img/target_8.png
40,2,978,modular,9,p,img/target_10.png
40,2,979,modular,0,o,img/target_9.png
40,2,980,modular,3,e,img/target_3.png
40,2,981,modular,0,o,img/target_9.png
40,2,982,modular,2,b,img/target_6.png
40,2,983,modular,0,o,img/target_9.png
40,2,984,modular,9,p,img/target_10.png
40,2,985,modular,0,o,img/target_9.png
40,2,986,modular,9,p,img/target_10.png
40,2,987,modular,8,i,img/target_8.png
40,2,988,modular,7,r,img/target_4.png
40,2,989,modular,8,i,img/target_8.png
40,2,990,modular,7,r,img/target_4.png
40,2,991,modular,8,i,img/target_8.png
40,2,992,modular,7,r,img/target_4.png
40,2,993,modular,8,i,img/target_8.png
40,2,994,modular,5,u,img/target_7.png
40,2,995,modular,4,q,img/target_1.png
40,2,996,modular,3,e,img/target_3.png
40,2,997,modular,2,b,img/target_6.png
40,2,998,modular,3,e,img/target_3.png
40,2,999,modular,4,q,img/target_1.png
40,2,1000,modular,2,b,img/target_6.png
