pID,sess,trialNum,graph,walk,resp,path
26,3,1,modular,8,e,img/target_3.png
26,3,2,modular,7,r,img/target_4.png
26,3,3,modular,5,p,img/target_10.png
26,3,4,modular,6,w,img/target_2.png
26,3,5,modular,9,u,img/target_7.png
26,3,6,modular,7,r,img/target_4.png
26,3,7,modular,9,u,img/target_7.png
26,3,8,modular,6,w,img/target_2.png
26,3,9,modular,5,p,img/target_10.png
26,3,10,modular,4,b,img/target_6.png
26,3,11,modular,5,p,img/target_10.png
26,3,12,modular,8,e,img/target_3.png
26,3,13,modular,9,u,img/target_7.png
26,3,14,modular,0,o,img/target_9.png
26,3,15,modular,1,q,img/target_1.png
26,3,16,modular,4,b,img/target_6.png
26,3,17,modular,5,p,img/target_10.png
26,3,18,modular,6,w,img/target_2.png
26,3,19,modular,8,e,img/target_3.png
26,3,20,modular,9,u,img/target_7.png
26,3,21,modular,8,e,img/target_3.png
26,3,22,modular,6,w,img/target_2.png
26,3,23,modular,9,u,img/target_7.png
26,3,24,modular,0,o,img/target_9.png
26,3,25,modular,1,q,img/target_1.png
26,3,26,modular,2,v,img/target_5.png
26,3,27,modular,0,o,img/target_9.png
26,3,28,modular,9,u,img/target_7.png
26,3,29,modular,0,o,img/target_9.png
26,3,30,modular,9,u,img/target_7.png
26,3,31,modular,0,o,img/target_9.png
26,3,32,modular,1,q,img/target_1.png
26,3,33,modular,3,i,img/target_8.png
26,3,34,modular,0,o,img/target_9.png
26,3,35,modular,1,q,img/target_1.png
26,3,36,modular,4,b,img/target_6.png
26,3,37,modular,5,p,img/target_10.png
26,3,38,modular,6,w,img/target_2.png
26,3,39,modular,5,p,img/target_10.png
26,3,40,modular,8,e,img/target_3.png
26,3,41,modular,5,p,img/target_10.png
26,3,42,modular,4,b,img/target_6.png
26,3,43,modular,2,v,img/target_5.png
26,3,44,modular,3,i,img/target_8.png
26,3,45,modular,1,q,img/target_1.png
26,3,46,modular,2,v,img/target_5.png
26,3,47,modular,0,o,img/target_9.png
26,3,48,modular,1,q,img/target_1.png
26,3,49,modular,2,v,img/target_5.png
26,3,50,modular,1,q,img/target_1.png
26,3,51,modular,4,b,img/target_6.png
26,3,52,modular,1,q,img/target_1.png
26,3,53,modular,2,v,img/target_5.png
26,3,54,modular,4,b,img/target_6.png
26,3,55,modular,5,p,img/target_10.png
26,3,56,modular,8,e,img/target_3.png
26,3,57,modular,7,r,img/target_4.png
26,3,58,modular,6,w,img/target_2.png
26,3,59,modular,9,u,img/target_7.png
26,3,60,modular,6,w,img/target_2.png
26,3,61,modular,9,u,img/target_7.png
26,3,62,modular,6,w,img/target_2.png
26,3,63,modular,9,u,img/target_7.png
26,3,64,modular,0,o,img/target_9.png
26,3,65,modular,2,v,img/target_5.png
26,3,66,modular,1,q,img/target_1.png
26,3,67,modular,2,v,img/target_5.png
26,3,68,modular,4,b,img/target_6.png
26,3,69,modular,1,q,img/target_1.png
26,3,70,modular,0,o,img/target_9.png
26,3,71,modular,2,v,img/target_5.png
26,3,72,modular,1,q,img/target_1.png
26,3,73,modular,2,v,img/target_5.png
26,3,74,modular,3,i,img/target_8.png
26,3,75,modular,4,b,img/target_6.png
26,3,76,modular,3,i,img/target_8.png
26,3,77,modular,4,b,img/target_6.png
26,3,78,modular,2,v,img/target_5.png
26,3,79,modular,1,q,img/target_1.png
26,3,80,modular,4,b,img/target_6.png
26,3,81,modular,5,p,img/target_10.png
26,3,82,modular,7,r,img/target_4.png
26,3,83,modular,8,e,img/target_3.png
26,3,84,modular,7,r,img/target_4.png
26,3,85,modular,9,u,img/target_7.png
26,3,86,modular,8,e,img/target_3.png
26,3,87,modular,5,p,img/target_10.png
26,3,88,modular,6,w,img/target_2.png
26,3,89,modular,5,p,img/target_10.png
26,3,90,modular,7,r,img/target_4.png
26,3,91,modular,6,w,img/target_2.png
26,3,92,modular,9,u,img/target_7.png
26,3,93,modular,8,e,img/target_3.png
26,3,94,modular,9,u,img/target_7.png
26,3,95,modular,7,r,img/target_4.png
26,3,96,modular,9,u,img/target_7.png
26,3,97,modular,7,r,img/target_4.png
26,3,98,modular,6,w,img/target_2.png
26,3,99,modular,5,p,img/target_10.png
26,3,100,modular,6,w,img/target_2.png
26,3,101,modular,5,p,img/target_10.png
26,3,102,modular,4,b,img/target_6.png
26,3,103,modular,1,q,img/target_1.png
26,3,104,modular,4,b,img/target_6.png
26,3,105,modular,2,v,img/target_5.png
26,3,106,modular,1,q,img/target_1.png
26,3,107,modular,2,v,img/target_5.png
26,3,108,modular,4,b,img/target_6.png
26,3,109,modular,1,q,img/target_1.png
26,3,110,modular,3,i,img/target_8.png
26,3,111,modular,2,v,img/target_5.png
26,3,112,modular,1,q,img/target_1.png
26,3,113,modular,0,o,img/target_9.png
26,3,114,modular,9,u,img/target_7.png
26,3,115,modular,8,e,img/target_3.png
26,3,116,modular,5,p,img/target_10.png
26,3,117,modular,6,w,img/target_2.png
26,3,118,modular,9,u,img/target_7.png
26,3,119,modular,7,r,img/target_4.png
26,3,120,modular,9,u,img/target_7.png
26,3,121,modular,0,o,img/target_9.png
26,3,122,modular,3,i,img/target_8.png
26,3,123,modular,4,b,img/target_6.png
26,3,124,modular,2,v,img/target_5.png
26,3,125,modular,4,b,img/target_6.png
26,3,126,modular,2,v,img/target_5.png
26,3,127,modular,0,o,img/target_9.png
26,3,128,modular,2,v,img/target_5.png
26,3,129,modular,3,i,img/target_8.png
26,3,130,modular,0,o,img/target_9.png
26,3,131,modular,3,i,img/target_8.png
26,3,132,modular,4,b,img/target_6.png
26,3,133,modular,3,i,img/target_8.png
26,3,134,modular,4,b,img/target_6.png
26,3,135,modular,1,q,img/target_1.png
26,3,136,modular,2,v,img/target_5.png
26,3,137,modular,4,b,img/target_6.png
26,3,138,modular,5,p,img/target_10.png
26,3,139,modular,6,w,img/target_2.png
26,3,140,modular,5,p,img/target_10.png
26,3,141,modular,7,r,img/target_4.png
26,3,142,modular,6,w,img/target_2.png
26,3,143,modular,8,e,img/target_3.png
26,3,144,modular,5,p,img/target_10.png
26,3,145,modular,6,w,img/target_2.png
26,3,146,modular,8,e,img/target_3.png
26,3,147,modular,9,u,img/target_7.png
26,3,148,modular,0,o,img/target_9.png
26,3,149,modular,9,u,img/target_7.png
26,3,150,modular,0,o,img/target_9.png
26,3,151,modular,3,i,img/target_8.png
26,3,152,modular,0,o,img/target_9.png
26,3,153,modular,3,i,img/target_8.png
26,3,154,modular,4,b,img/target_6.png
26,3,155,modular,5,p,img/target_10.png
26,3,156,modular,6,w,img/target_2.png
26,3,157,modular,5,p,img/target_10.png
26,3,158,modular,6,w,img/target_2.png
26,3,159,modular,9,u,img/target_7.png
26,3,160,modular,6,w,img/target_2.png
26,3,161,modular,7,r,img/target_4.png
26,3,162,modular,8,e,img/target_3.png
26,3,163,modular,6,w,img/target_2.png
26,3,164,modular,9,u,img/target_7.png
26,3,165,modular,6,w,img/target_2.png
26,3,166,modular,9,u,img/target_7.png
26,3,167,modular,8,e,img/target_3.png
26,3,168,modular,9,u,img/target_7.png
26,3,169,modular,6,w,img/target_2.png
26,3,170,modular,7,r,img/target_4.png
26,3,171,modular,9,u,img/target_7.png
26,3,172,modular,7,r,img/target_4.png
26,3,173,modular,6,w,img/target_2.png
26,3,174,modular,8,e,img/target_3.png
26,3,175,modular,5,p,img/target_10.png
26,3,176,modular,8,e,img/target_3.png
26,3,177,modular,5,p,img/target_10.png
26,3,178,modular,8,e,img/target_3.png
26,3,179,modular,9,u,img/target_7.png
26,3,180,modular,0,o,img/target_9.png
26,3,181,modular,2,v,img/target_5.png
26,3,182,modular,1,q,img/target_1.png
26,3,183,modular,3,i,img/target_8.png
26,3,184,modular,4,b,img/target_6.png
26,3,185,modular,2,v,img/target_5.png
26,3,186,modular,3,i,img/target_8.png
26,3,187,modular,0,o,img/target_9.png
26,3,188,modular,2,v,img/target_5.png
26,3,189,modular,0,o,img/target_9.png
26,3,190,modular,1,q,img/target_1.png
26,3,191,modular,0,o,img/target_9.png
26,3,192,modular,9,u,img/target_7.png
26,3,193,modular,6,w,img/target_2.png
26,3,194,modular,9,u,img/target_7.png
26,3,195,modular,8,e,img/target_3.png
26,3,196,modular,5,p,img/target_10.png
26,3,197,modular,8,e,img/target_3.png
26,3,198,modular,5,p,img/target_10.png
26,3,199,modular,6,w,img/target_2.png
26,3,200,modular,7,r,img/target_4.png
26,3,201,modular,5,p,img/target_10.png
26,3,202,modular,6,w,img/target_2.png
26,3,203,modular,8,e,img/target_3.png
26,3,204,modular,6,w,img/target_2.png
26,3,205,modular,7,r,img/target_4.png
26,3,206,modular,6,w,img/target_2.png
26,3,207,modular,5,p,img/target_10.png
26,3,208,modular,8,e,img/target_3.png
26,3,209,modular,6,w,img/target_2.png
26,3,210,modular,8,e,img/target_3.png
26,3,211,modular,6,w,img/target_2.png
26,3,212,modular,7,r,img/target_4.png
26,3,213,modular,5,p,img/target_10.png
26,3,214,modular,8,e,img/target_3.png
26,3,215,modular,7,r,img/target_4.png
26,3,216,modular,6,w,img/target_2.png
26,3,217,modular,7,r,img/target_4.png
26,3,218,modular,8,e,img/target_3.png
26,3,219,modular,5,p,img/target_10.png
26,3,220,modular,4,b,img/target_6.png
26,3,221,modular,5,p,img/target_10.png
26,3,222,modular,7,r,img/target_4.png
26,3,223,modular,5,p,img/target_10.png
26,3,224,modular,8,e,img/target_3.png
26,3,225,modular,9,u,img/target_7.png
26,3,226,modular,7,r,img/target_4.png
26,3,227,modular,8,e,img/target_3.png
26,3,228,modular,6,w,img/target_2.png
26,3,229,modular,7,r,img/target_4.png
26,3,230,modular,9,u,img/target_7.png
26,3,231,modular,7,r,img/target_4.png
26,3,232,modular,9,u,img/target_7.png
26,3,233,modular,7,r,img/target_4.png
26,3,234,modular,9,u,img/target_7.png
26,3,235,modular,8,e,img/target_3.png
26,3,236,modular,9,u,img/target_7.png
26,3,237,modular,7,r,img/target_4.png
26,3,238,modular,6,w,img/target_2.png
26,3,239,modular,7,r,img/target_4.png
26,3,240,modular,6,w,img/target_2.png
26,3,241,modular,5,p,img/target_10.png
26,3,242,modular,8,e,img/target_3.png
26,3,243,modular,7,r,img/target_4.png
26,3,244,modular,8,e,img/target_3.png
26,3,245,modular,6,w,img/target_2.png
26,3,246,modular,9,u,img/target_7.png
26,3,247,modular,8,e,img/target_3.png
26,3,248,modular,6,w,img/target_2.png
26,3,249,modular,9,u,img/target_7.png
26,3,250,modular,8,e,img/target_3.png
26,3,251,modular,6,w,img/target_2.png
26,3,252,modular,7,r,img/target_4.png
26,3,253,modular,5,p,img/target_10.png
26,3,254,modular,8,e,img/target_3.png
26,3,255,modular,9,u,img/target_7.png
26,3,256,modular,8,e,img/target_3.png
26,3,257,modular,6,w,img/target_2.png
26,3,258,modular,5,p,img/target_10.png
26,3,259,modular,7,r,img/target_4.png
26,3,260,modular,6,w,img/target_2.png
26,3,261,modular,8,e,img/target_3.png
26,3,262,modular,6,w,img/target_2.png
26,3,263,modular,5,p,img/target_10.png
26,3,264,modular,6,w,img/target_2.png
26,3,265,modular,8,e,img/target_3.png
26,3,266,modular,6,w,img/target_2.png
26,3,267,modular,7,r,img/target_4.png
26,3,268,modular,8,e,img/target_3.png
26,3,269,modular,6,w,img/target_2.png
26,3,270,modular,9,u,img/target_7.png
26,3,271,modular,6,w,img/target_2.png
26,3,272,modular,5,p,img/target_10.png
26,3,273,modular,8,e,img/target_3.png
26,3,274,modular,7,r,img/target_4.png
26,3,275,modular,9,u,img/target_7.png
26,3,276,modular,7,r,img/target_4.png
26,3,277,modular,5,p,img/target_10.png
26,3,278,modular,8,e,img/target_3.png
26,3,279,modular,5,p,img/target_10.png
26,3,280,modular,8,e,img/target_3.png
26,3,281,modular,5,p,img/target_10.png
26,3,282,modular,4,b,img/target_6.png
26,3,283,modular,1,q,img/target_1.png
26,3,284,modular,0,o,img/target_9.png
26,3,285,modular,1,q,img/target_1.png
26,3,286,modular,0,o,img/target_9.png
26,3,287,modular,1,q,img/target_1.png
26,3,288,modular,0,o,img/target_9.png
26,3,289,modular,2,v,img/target_5.png
26,3,290,modular,4,b,img/target_6.png
26,3,291,modular,2,v,img/target_5.png
26,3,292,modular,3,i,img/target_8.png
26,3,293,modular,1,q,img/target_1.png
26,3,294,modular,0,o,img/target_9.png
26,3,295,modular,1,q,img/target_1.png
26,3,296,modular,3,i,img/target_8.png
26,3,297,modular,0,o,img/target_9.png
26,3,298,modular,9,u,img/target_7.png
26,3,299,modular,8,e,img/target_3.png
26,3,300,modular,5,p,img/target_10.png
26,3,301,modular,8,e,img/target_3.png
26,3,302,modular,9,u,img/target_7.png
26,3,303,modular,8,e,img/target_3.png
26,3,304,modular,6,w,img/target_2.png
26,3,305,modular,9,u,img/target_7.png
26,3,306,modular,0,o,img/target_9.png
26,3,307,modular,9,u,img/target_7.png
26,3,308,modular,8,e,img/target_3.png
26,3,309,modular,9,u,img/target_7.png
26,3,310,modular,6,w,img/target_2.png
26,3,311,modular,8,e,img/target_3.png
26,3,312,modular,6,w,img/target_2.png
26,3,313,modular,5,p,img/target_10.png
26,3,314,modular,7,r,img/target_4.png
26,3,315,modular,6,w,img/target_2.png
26,3,316,modular,8,e,img/target_3.png
26,3,317,modular,9,u,img/target_7.png
26,3,318,modular,8,e,img/target_3.png
26,3,319,modular,5,p,img/target_10.png
26,3,320,modular,7,r,img/target_4.png
26,3,321,modular,9,u,img/target_7.png
26,3,322,modular,8,e,img/target_3.png
26,3,323,modular,6,w,img/target_2.png
26,3,324,modular,5,p,img/target_10.png
26,3,325,modular,8,e,img/target_3.png
26,3,326,modular,9,u,img/target_7.png
26,3,327,modular,0,o,img/target_9.png
26,3,328,modular,1,q,img/target_1.png
26,3,329,modular,0,o,img/target_9.png
26,3,330,modular,3,i,img/target_8.png
26,3,331,modular,2,v,img/target_5.png
26,3,332,modular,1,q,img/target_1.png
26,3,333,modular,3,i,img/target_8.png
26,3,334,modular,2,v,img/target_5.png
26,3,335,modular,3,i,img/target_8.png
26,3,336,modular,4,b,img/target_6.png
26,3,337,modular,2,v,img/target_5.png
26,3,338,modular,3,i,img/target_8.png
26,3,339,modular,0,o,img/target_9.png
26,3,340,modular,3,i,img/target_8.png
26,3,341,modular,0,o,img/target_9.png
26,3,342,modular,2,v,img/target_5.png
26,3,343,modular,4,b,img/target_6.png
26,3,344,modular,2,v,img/target_5.png
26,3,345,modular,3,i,img/target_8.png
26,3,346,modular,1,q,img/target_1.png
26,3,347,modular,2,v,img/target_5.png
26,3,348,modular,3,i,img/target_8.png
26,3,349,modular,1,q,img/target_1.png
26,3,350,modular,0,o,img/target_9.png
26,3,351,modular,1,q,img/target_1.png
26,3,352,modular,2,v,img/target_5.png
26,3,353,modular,3,i,img/target_8.png
26,3,354,modular,1,q,img/target_1.png
26,3,355,modular,0,o,img/target_9.png
26,3,356,modular,9,u,img/target_7.png
26,3,357,modular,0,o,img/target_9.png
26,3,358,modular,9,u,img/target_7.png
26,3,359,modular,8,e,img/target_3.png
26,3,360,modular,6,w,img/target_2.png
26,3,361,modular,7,r,img/target_4.png
26,3,362,modular,8,e,img/target_3.png
26,3,363,modular,9,u,img/target_7.png
26,3,364,modular,8,e,img/target_3.png
26,3,365,modular,6,w,img/target_2.png
26,3,366,modular,9,u,img/target_7.png
26,3,367,modular,0,o,img/target_9.png
26,3,368,modular,3,i,img/target_8.png
26,3,369,modular,2,v,img/target_5.png
26,3,370,modular,3,i,img/target_8.png
26,3,371,modular,4,b,img/target_6.png
26,3,372,modular,3,i,img/target_8.png
26,3,373,modular,0,o,img/target_9.png
26,3,374,modular,3,i,img/target_8.png
26,3,375,modular,2,v,img/target_5.png
26,3,376,modular,3,i,img/target_8.png
26,3,377,modular,4,b,img/target_6.png
26,3,378,modular,1,q,img/target_1.png
26,3,379,modular,4,b,img/target_6.png
26,3,380,modular,1,q,img/target_1.png
26,3,381,modular,0,o,img/target_9.png
26,3,382,modular,9,u,img/target_7.png
26,3,383,modular,8,e,img/target_3.png
26,3,384,modular,6,w,img/target_2.png
26,3,385,modular,9,u,img/target_7.png
26,3,386,modular,8,e,img/target_3.png
26,3,387,modular,5,p,img/target_10.png
26,3,388,modular,6,w,img/target_2.png
26,3,389,modular,8,e,img/target_3.png
26,3,390,modular,9,u,img/target_7.png
26,3,391,modular,7,r,img/target_4.png
26,3,392,modular,9,u,img/target_7.png
26,3,393,modular,8,e,img/target_3.png
26,3,394,modular,6,w,img/target_2.png
26,3,395,modular,8,e,img/target_3.png
26,3,396,modular,5,p,img/target_10.png
26,3,397,modular,8,e,img/target_3.png
26,3,398,modular,9,u,img/target_7.png
26,3,399,modular,8,e,img/target_3.png
26,3,400,modular,6,w,img/target_2.png
26,3,401,modular,7,r,img/target_4.png
26,3,402,modular,6,w,img/target_2.png
26,3,403,modular,8,e,img/target_3.png
26,3,404,modular,5,p,img/target_10.png
26,3,405,modular,6,w,img/target_2.png
26,3,406,modular,7,r,img/target_4.png
26,3,407,modular,9,u,img/target_7.png
26,3,408,modular,0,o,img/target_9.png
26,3,409,modular,3,i,img/target_8.png
26,3,410,modular,4,b,img/target_6.png
26,3,411,modular,3,i,img/target_8.png
26,3,412,modular,2,v,img/target_5.png
26,3,413,modular,3,i,img/target_8.png
26,3,414,modular,1,q,img/target_1.png
26,3,415,modular,3,i,img/target_8.png
26,3,416,modular,2,v,img/target_5.png
26,3,417,modular,3,i,img/target_8.png
26,3,418,modular,2,v,img/target_5.png
26,3,419,modular,0,o,img/target_9.png
26,3,420,modular,2,v,img/target_5.png
26,3,421,modular,0,o,img/target_9.png
26,3,422,modular,2,v,img/target_5.png
26,3,423,modular,4,b,img/target_6.png
26,3,424,modular,3,i,img/target_8.png
26,3,425,modular,0,o,img/target_9.png
26,3,426,modular,9,u,img/target_7.png
26,3,427,modular,7,r,img/target_4.png
26,3,428,modular,5,p,img/target_10.png
26,3,429,modular,6,w,img/target_2.png
26,3,430,modular,5,p,img/target_10.png
26,3,431,modular,6,w,img/target_2.png
26,3,432,modular,8,e,img/target_3.png
26,3,433,modular,6,w,img/target_2.png
26,3,434,modular,9,u,img/target_7.png
26,3,435,modular,7,r,img/target_4.png
26,3,436,modular,8,e,img/target_3.png
26,3,437,modular,7,r,img/target_4.png
26,3,438,modular,9,u,img/target_7.png
26,3,439,modular,6,w,img/target_2.png
26,3,440,modular,8,e,img/target_3.png
26,3,441,modular,7,r,img/target_4.png
26,3,442,modular,9,u,img/target_7.png
26,3,443,modular,0,o,img/target_9.png
26,3,444,modular,9,u,img/target_7.png
26,3,445,modular,8,e,img/target_3.png
26,3,446,modular,7,r,img/target_4.png
26,3,447,modular,5,p,img/target_10.png
26,3,448,modular,8,e,img/target_3.png
26,3,449,modular,9,u,img/target_7.png
26,3,450,modular,8,e,img/target_3.png
26,3,451,modular,9,u,img/target_7.png
26,3,452,modular,7,r,img/target_4.png
26,3,453,modular,6,w,img/target_2.png
26,3,454,modular,5,p,img/target_10.png
26,3,455,modular,8,e,img/target_3.png
26,3,456,modular,9,u,img/target_7.png
26,3,457,modular,8,e,img/target_3.png
26,3,458,modular,5,p,img/target_10.png
26,3,459,modular,6,w,img/target_2.png
26,3,460,modular,9,u,img/target_7.png
26,3,461,modular,0,o,img/target_9.png
26,3,462,modular,2,v,img/target_5.png
26,3,463,modular,4,b,img/target_6.png
26,3,464,modular,5,p,img/target_10.png
26,3,465,modular,8,e,img/target_3.png
26,3,466,modular,7,r,img/target_4.png
26,3,467,modular,9,u,img/target_7.png
26,3,468,modular,7,r,img/target_4.png
26,3,469,modular,8,e,img/target_3.png
26,3,470,modular,9,u,img/target_7.png
26,3,471,modular,7,r,img/target_4.png
26,3,472,modular,5,p,img/target_10.png
26,3,473,modular,4,b,img/target_6.png
26,3,474,modular,5,p,img/target_10.png
26,3,475,modular,4,b,img/target_6.png
26,3,476,modular,2,v,img/target_5.png
26,3,477,modular,3,i,img/target_8.png
26,3,478,modular,0,o,img/target_9.png
26,3,479,modular,3,i,img/target_8.png
26,3,480,modular,1,q,img/target_1.png
26,3,481,modular,2,v,img/target_5.png
26,3,482,modular,1,q,img/target_1.png
26,3,483,modular,4,b,img/target_6.png
26,3,484,modular,1,q,img/target_1.png
26,3,485,modular,2,v,img/target_5.png
26,3,486,modular,1,q,img/target_1.png
26,3,487,modular,2,v,img/target_5.png
26,3,488,modular,4,b,img/target_6.png
26,3,489,modular,3,i,img/target_8.png
26,3,490,modular,0,o,img/target_9.png
26,3,491,modular,9,u,img/target_7.png
26,3,492,modular,0,o,img/target_9.png
26,3,493,modular,2,v,img/target_5.png
26,3,494,modular,0,o,img/target_9.png
26,3,495,modular,1,q,img/target_1.png
26,3,496,modular,3,i,img/target_8.png
26,3,497,modular,0,o,img/target_9.png
26,3,498,modular,2,v,img/target_5.png
26,3,499,modular,3,i,img/target_8.png
26,3,500,modular,1,q,img/target_1.png
26,3,501,modular,3,i,img/target_8.png
26,3,502,modular,2,v,img/target_5.png
26,3,503,modular,0,o,img/target_9.png
26,3,504,modular,9,u,img/target_7.png
26,3,505,modular,7,r,img/target_4.png
26,3,506,modular,5,p,img/target_10.png
26,3,507,modular,8,e,img/target_3.png
26,3,508,modular,9,u,img/target_7.png
26,3,509,modular,6,w,img/target_2.png
26,3,510,modular,8,e,img/target_3.png
26,3,511,modular,6,w,img/target_2.png
26,3,512,modular,8,e,img/target_3.png
26,3,513,modular,5,p,img/target_10.png
26,3,514,modular,4,b,img/target_6.png
26,3,515,modular,3,i,img/target_8.png
26,3,516,modular,2,v,img/target_5.png
26,3,517,modular,0,o,img/target_9.png
26,3,518,modular,1,q,img/target_1.png
26,3,519,modular,3,i,img/target_8.png
26,3,520,modular,4,b,img/target_6.png
26,3,521,modular,2,v,img/target_5.png
26,3,522,modular,0,o,img/target_9.png
26,3,523,modular,2,v,img/target_5.png
26,3,524,modular,1,q,img/target_1.png
26,3,525,modular,2,v,img/target_5.png
26,3,526,modular,4,b,img/target_6.png
26,3,527,modular,5,p,img/target_10.png
26,3,528,modular,4,b,img/target_6.png
26,3,529,modular,3,i,img/target_8.png
26,3,530,modular,0,o,img/target_9.png
26,3,531,modular,3,i,img/target_8.png
26,3,532,modular,2,v,img/target_5.png
26,3,533,modular,0,o,img/target_9.png
26,3,534,modular,3,i,img/target_8.png
26,3,535,modular,4,b,img/target_6.png
26,3,536,modular,2,v,img/target_5.png
26,3,537,modular,3,i,img/target_8.png
26,3,538,modular,0,o,img/target_9.png
26,3,539,modular,2,v,img/target_5.png
26,3,540,modular,3,i,img/target_8.png
26,3,541,modular,2,v,img/target_5.png
26,3,542,modular,4,b,img/target_6.png
26,3,543,modular,1,q,img/target_1.png
26,3,544,modular,4,b,img/target_6.png
26,3,545,modular,1,q,img/target_1.png
26,3,546,modular,2,v,img/target_5.png
26,3,547,modular,0,o,img/target_9.png
26,3,548,modular,1,q,img/target_1.png
26,3,549,modular,3,i,img/target_8.png
26,3,550,modular,4,b,img/target_6.png
26,3,551,modular,2,v,img/target_5.png
26,3,552,modular,1,q,img/target_1.png
26,3,553,modular,3,i,img/target_8.png
26,3,554,modular,4,b,img/target_6.png
26,3,555,modular,2,v,img/target_5.png
26,3,556,modular,4,b,img/target_6.png
26,3,557,modular,1,q,img/target_1.png
26,3,558,modular,0,o,img/target_9.png
26,3,559,modular,9,u,img/target_7.png
26,3,560,modular,8,e,img/target_3.png
26,3,561,modular,5,p,img/target_10.png
26,3,562,modular,8,e,img/target_3.png
26,3,563,modular,7,r,img/target_4.png
26,3,564,modular,9,u,img/target_7.png
26,3,565,modular,7,r,img/target_4.png
26,3,566,modular,9,u,img/target_7.png
26,3,567,modular,7,r,img/target_4.png
26,3,568,modular,8,e,img/target_3.png
26,3,569,modular,7,r,img/target_4.png
26,3,570,modular,8,e,img/target_3.png
26,3,571,modular,6,w,img/target_2.png
26,3,572,modular,8,e,img/target_3.png
26,3,573,modular,7,r,img/target_4.png
26,3,574,modular,5,p,img/target_10.png
26,3,575,modular,6,w,img/target_2.png
26,3,576,modular,8,e,img/target_3.png
26,3,577,modular,7,r,img/target_4.png
26,3,578,modular,8,e,img/target_3.png
26,3,579,modular,9,u,img/target_7.png
26,3,580,modular,7,r,img/target_4.png
26,3,581,modular,5,p,img/target_10.png
26,3,582,modular,8,e,img/target_3.png
26,3,583,modular,5,p,img/target_10.png
26,3,584,modular,6,w,img/target_2.png
26,3,585,modular,8,e,img/target_3.png
26,3,586,modular,9,u,img/target_7.png
26,3,587,modular,0,o,img/target_9.png
26,3,588,modular,2,v,img/target_5.png
26,3,589,modular,4,b,img/target_6.png
26,3,590,modular,2,v,img/target_5.png
26,3,591,modular,3,i,img/target_8.png
26,3,592,modular,4,b,img/target_6.png
26,3,593,modular,5,p,img/target_10.png
26,3,594,modular,6,w,img/target_2.png
26,3,595,modular,9,u,img/target_7.png
26,3,596,modular,0,o,img/target_9.png
26,3,597,modular,9,u,img/target_7.png
26,3,598,modular,0,o,img/target_9.png
26,3,599,modular,3,i,img/target_8.png
26,3,600,modular,2,v,img/target_5.png
26,3,601,modular,0,o,img/target_9.png
26,3,602,modular,1,q,img/target_1.png
26,3,603,modular,2,v,img/target_5.png
26,3,604,modular,4,b,img/target_6.png
26,3,605,modular,3,i,img/target_8.png
26,3,606,modular,1,q,img/target_1.png
26,3,607,modular,2,v,img/target_5.png
26,3,608,modular,0,o,img/target_9.png
26,3,609,modular,9,u,img/target_7.png
26,3,610,modular,6,w,img/target_2.png
26,3,611,modular,9,u,img/target_7.png
26,3,612,modular,6,w,img/target_2.png
26,3,613,modular,8,e,img/target_3.png
26,3,614,modular,9,u,img/target_7.png
26,3,615,modular,7,r,img/target_4.png
26,3,616,modular,5,p,img/target_10.png
26,3,617,modular,6,w,img/target_2.png
26,3,618,modular,5,p,img/target_10.png
26,3,619,modular,6,w,img/target_2.png
26,3,620,modular,9,u,img/target_7.png
26,3,621,modular,8,e,img/target_3.png
26,3,622,modular,6,w,img/target_2.png
26,3,623,modular,9,u,img/target_7.png
26,3,624,modular,7,r,img/target_4.png
26,3,625,modular,5,p,img/target_10.png
26,3,626,modular,6,w,img/target_2.png
26,3,627,modular,5,p,img/target_10.png
26,3,628,modular,8,e,img/target_3.png
26,3,629,modular,9,u,img/target_7.png
26,3,630,modular,7,r,img/target_4.png
26,3,631,modular,5,p,img/target_10.png
26,3,632,modular,4,b,img/target_6.png
26,3,633,modular,5,p,img/target_10.png
26,3,634,modular,4,b,img/target_6.png
26,3,635,modular,2,v,img/target_5.png
26,3,636,modular,4,b,img/target_6.png
26,3,637,modular,3,i,img/target_8.png
26,3,638,modular,2,v,img/target_5.png
26,3,639,modular,0,o,img/target_9.png
26,3,640,modular,9,u,img/target_7.png
26,3,641,modular,0,o,img/target_9.png
26,3,642,modular,3,i,img/target_8.png
26,3,643,modular,4,b,img/target_6.png
26,3,644,modular,5,p,img/target_10.png
26,3,645,modular,8,e,img/target_3.png
26,3,646,modular,5,p,img/target_10.png
26,3,647,modular,4,b,img/target_6.png
26,3,648,modular,2,v,img/target_5.png
26,3,649,modular,3,i,img/target_8.png
26,3,650,modular,2,v,img/target_5.png
26,3,651,modular,3,i,img/target_8.png
26,3,652,modular,4,b,img/target_6.png
26,3,653,modular,1,q,img/target_1.png
26,3,654,modular,0,o,img/target_9.png
26,3,655,modular,2,v,img/target_5.png
26,3,656,modular,1,q,img/target_1.png
26,3,657,modular,0,o,img/target_9.png
26,3,658,modular,2,v,img/target_5.png
26,3,659,modular,4,b,img/target_6.png
26,3,660,modular,1,q,img/target_1.png
26,3,661,modular,3,i,img/target_8.png
26,3,662,modular,4,b,img/target_6.png
26,3,663,modular,1,q,img/target_1.png
26,3,664,modular,3,i,img/target_8.png
26,3,665,modular,1,q,img/target_1.png
26,3,666,modular,4,b,img/target_6.png
26,3,667,modular,3,i,img/target_8.png
26,3,668,modular,4,b,img/target_6.png
26,3,669,modular,5,p,img/target_10.png
26,3,670,modular,7,r,img/target_4.png
26,3,671,modular,5,p,img/target_10.png
26,3,672,modular,8,e,img/target_3.png
26,3,673,modular,7,r,img/target_4.png
26,3,674,modular,9,u,img/target_7.png
26,3,675,modular,8,e,img/target_3.png
26,3,676,modular,9,u,img/target_7.png
26,3,677,modular,7,r,img/target_4.png
26,3,678,modular,9,u,img/target_7.png
26,3,679,modular,0,o,img/target_9.png
26,3,680,modular,2,v,img/target_5.png
26,3,681,modular,3,i,img/target_8.png
26,3,682,modular,1,q,img/target_1.png
26,3,683,modular,0,o,img/target_9.png
26,3,684,modular,1,q,img/target_1.png
26,3,685,modular,0,o,img/target_9.png
26,3,686,modular,3,i,img/target_8.png
26,3,687,modular,0,o,img/target_9.png
26,3,688,modular,2,v,img/target_5.png
26,3,689,modular,4,b,img/target_6.png
26,3,690,modular,3,i,img/target_8.png
26,3,691,modular,4,b,img/target_6.png
26,3,692,modular,2,v,img/target_5.png
26,3,693,modular,1,q,img/target_1.png
26,3,694,modular,3,i,img/target_8.png
26,3,695,modular,0,o,img/target_9.png
26,3,696,modular,2,v,img/target_5.png
26,3,697,modular,4,b,img/target_6.png
26,3,698,modular,3,i,img/target_8.png
26,3,699,modular,4,b,img/target_6.png
26,3,700,modular,2,v,img/target_5.png
26,3,701,modular,4,b,img/target_6.png
26,3,702,modular,3,i,img/target_8.png
26,3,703,modular,2,v,img/target_5.png
26,3,704,modular,0,o,img/target_9.png
26,3,705,modular,3,i,img/target_8.png
26,3,706,modular,4,b,img/target_6.png
26,3,707,modular,3,i,img/target_8.png
26,3,708,modular,0,o,img/target_9.png
26,3,709,modular,3,i,img/target_8.png
26,3,710,modular,2,v,img/target_5.png
26,3,711,modular,4,b,img/target_6.png
26,3,712,modular,2,v,img/target_5.png
26,3,713,modular,4,b,img/target_6.png
26,3,714,modular,3,i,img/target_8.png
26,3,715,modular,4,b,img/target_6.png
26,3,716,modular,1,q,img/target_1.png
26,3,717,modular,3,i,img/target_8.png
26,3,718,modular,2,v,img/target_5.png
26,3,719,modular,4,b,img/target_6.png
26,3,720,modular,5,p,img/target_10.png
26,3,721,modular,6,w,img/target_2.png
26,3,722,modular,9,u,img/target_7.png
26,3,723,modular,7,r,img/target_4.png
26,3,724,modular,5,p,img/target_10.png
26,3,725,modular,8,e,img/target_3.png
26,3,726,modular,9,u,img/target_7.png
26,3,727,modular,8,e,img/target_3.png
26,3,728,modular,5,p,img/target_10.png
26,3,729,modular,4,b,img/target_6.png
26,3,730,modular,5,p,img/target_10.png
26,3,731,modular,7,r,img/target_4.png
26,3,732,modular,9,u,img/target_7.png
26,3,733,modular,8,e,img/target_3.png
26,3,734,modular,6,w,img/target_2.png
26,3,735,modular,9,u,img/target_7.png
26,3,736,modular,0,o,img/target_9.png
26,3,737,modular,1,q,img/target_1.png
26,3,738,modular,4,b,img/target_6.png
26,3,739,modular,2,v,img/target_5.png
26,3,740,modular,0,o,img/target_9.png
26,3,741,modular,9,u,img/target_7.png
26,3,742,modular,0,o,img/target_9.png
26,3,743,modular,1,q,img/target_1.png
26,3,744,modular,4,b,img/target_6.png
26,3,745,modular,3,i,img/target_8.png
26,3,746,modular,2,v,img/target_5.png
26,3,747,modular,0,o,img/target_9.png
26,3,748,modular,2,v,img/target_5.png
26,3,749,modular,4,b,img/target_6.png
26,3,750,modular,2,v,img/target_5.png
26,3,751,modular,3,i,img/target_8.png
26,3,752,modular,0,o,img/target_9.png
26,3,753,modular,9,u,img/target_7.png
26,3,754,modular,6,w,img/target_2.png
26,3,755,modular,5,p,img/target_10.png
26,3,756,modular,6,w,img/target_2.png
26,3,757,modular,5,p,img/target_10.png
26,3,758,modular,6,w,img/target_2.png
26,3,759,modular,7,r,img/target_4.png
26,3,760,modular,6,w,img/target_2.png
26,3,761,modular,5,p,img/target_10.png
26,3,762,modular,6,w,img/target_2.png
26,3,763,modular,8,e,img/target_3.png
26,3,764,modular,7,r,img/target_4.png
26,3,765,modular,5,p,img/target_10.png
26,3,766,modular,4,b,img/target_6.png
26,3,767,modular,2,v,img/target_5.png
26,3,768,modular,0,o,img/target_9.png
26,3,769,modular,2,v,img/target_5.png
26,3,770,modular,3,i,img/target_8.png
26,3,771,modular,4,b,img/target_6.png
26,3,772,modular,1,q,img/target_1.png
26,3,773,modular,2,v,img/target_5.png
26,3,774,modular,4,b,img/target_6.png
26,3,775,modular,3,i,img/target_8.png
26,3,776,modular,2,v,img/target_5.png
26,3,777,modular,1,q,img/target_1.png
26,3,778,modular,3,i,img/target_8.png
26,3,779,modular,4,b,img/target_6.png
26,3,780,modular,2,v,img/target_5.png
26,3,781,modular,1,q,img/target_1.png
26,3,782,modular,2,v,img/target_5.png
26,3,783,modular,4,b,img/target_6.png
26,3,784,modular,2,v,img/target_5.png
26,3,785,modular,4,b,img/target_6.png
26,3,786,modular,5,p,img/target_10.png
26,3,787,modular,8,e,img/target_3.png
26,3,788,modular,5,p,img/target_10.png
26,3,789,modular,4,b,img/target_6.png
26,3,790,modular,2,v,img/target_5.png
26,3,791,modular,0,o,img/target_9.png
26,3,792,modular,3,i,img/target_8.png
26,3,793,modular,4,b,img/target_6.png
26,3,794,modular,2,v,img/target_5.png
26,3,795,modular,4,b,img/target_6.png
26,3,796,modular,1,q,img/target_1.png
26,3,797,modular,4,b,img/target_6.png
26,3,798,modular,5,p,img/target_10.png
26,3,799,modular,6,w,img/target_2.png
26,3,800,modular,9,u,img/target_7.png
26,3,801,modular,0,o,img/target_9.png
26,3,802,modular,9,u,img/target_7.png
26,3,803,modular,0,o,img/target_9.png
26,3,804,modular,3,i,img/target_8.png
26,3,805,modular,0,o,img/target_9.png
26,3,806,modular,2,v,img/target_5.png
26,3,807,modular,0,o,img/target_9.png
26,3,808,modular,9,u,img/target_7.png
26,3,809,modular,0,o,img/target_9.png
26,3,810,modular,3,i,img/target_8.png
26,3,811,modular,0,o,img/target_9.png
26,3,812,modular,3,i,img/target_8.png
26,3,813,modular,1,q,img/target_1.png
26,3,814,modular,4,b,img/target_6.png
26,3,815,modular,3,i,img/target_8.png
26,3,816,modular,1,q,img/target_1.png
26,3,817,modular,2,v,img/target_5.png
26,3,818,modular,0,o,img/target_9.png
26,3,819,modular,3,i,img/target_8.png
26,3,820,modular,0,o,img/target_9.png
26,3,821,modular,3,i,img/target_8.png
26,3,822,modular,4,b,img/target_6.png
26,3,823,modular,5,p,img/target_10.png
26,3,824,modular,8,e,img/target_3.png
26,3,825,modular,5,p,img/target_10.png
26,3,826,modular,7,r,img/target_4.png
26,3,827,modular,6,w,img/target_2.png
26,3,828,modular,8,e,img/target_3.png
26,3,829,modular,7,r,img/target_4.png
26,3,830,modular,8,e,img/target_3.png
26,3,831,modular,7,r,img/target_4.png
26,3,832,modular,9,u,img/target_7.png
26,3,833,modular,0,o,img/target_9.png
26,3,834,modular,3,i,img/target_8.png
26,3,835,modular,1,q,img/target_1.png
26,3,836,modular,4,b,img/target_6.png
26,3,837,modular,5,p,img/target_10.png
26,3,838,modular,7,r,img/target_4.png
26,3,839,modular,9,u,img/target_7.png
26,3,840,modular,8,e,img/target_3.png
26,3,841,modular,7,r,img/target_4.png
26,3,842,modular,5,p,img/target_10.png
26,3,843,modular,7,r,img/target_4.png
26,3,844,modular,6,w,img/target_2.png
26,3,845,modular,5,p,img/target_10.png
26,3,846,modular,7,r,img/target_4.png
26,3,847,modular,5,p,img/target_10.png
26,3,848,modular,4,b,img/target_6.png
26,3,849,modular,5,p,img/target_10.png
26,3,850,modular,8,e,img/target_3.png
26,3,851,modular,7,r,img/target_4.png
26,3,852,modular,5,p,img/target_10.png
26,3,853,modular,8,e,img/target_3.png
26,3,854,modular,6,w,img/target_2.png
26,3,855,modular,5,p,img/target_10.png
26,3,856,modular,8,e,img/target_3.png
26,3,857,modular,7,r,img/target_4.png
26,3,858,modular,6,w,img/target_2.png
26,3,859,modular,5,p,img/target_10.png
26,3,860,modular,6,w,img/target_2.png
26,3,861,modular,7,r,img/target_4.png
26,3,862,modular,5,p,img/target_10.png
26,3,863,modular,4,b,img/target_6.png
26,3,864,modular,3,i,img/target_8.png
26,3,865,modular,1,q,img/target_1.png
26,3,866,modular,0,o,img/target_9.png
26,3,867,modular,2,v,img/target_5.png
26,3,868,modular,4,b,img/target_6.png
26,3,869,modular,3,i,img/target_8.png
26,3,870,modular,4,b,img/target_6.png
26,3,871,modular,2,v,img/target_5.png
26,3,872,modular,1,q,img/target_1.png
26,3,873,modular,0,o,img/target_9.png
26,3,874,modular,1,q,img/target_1.png
26,3,875,modular,4,b,img/target_6.png
26,3,876,modular,1,q,img/target_1.png
26,3,877,modular,4,b,img/target_6.png
26,3,878,modular,5,p,img/target_10.png
26,3,879,modular,4,b,img/target_6.png
26,3,880,modular,1,q,img/target_1.png
26,3,881,modular,0,o,img/target_9.png
26,3,882,modular,2,v,img/target_5.png
26,3,883,modular,4,b,img/target_6.png
26,3,884,modular,5,p,img/target_10.png
26,3,885,modular,4,b,img/target_6.png
26,3,886,modular,1,q,img/target_1.png
26,3,887,modular,0,o,img/target_9.png
26,3,888,modular,9,u,img/target_7.png
26,3,889,modular,6,w,img/target_2.png
26,3,890,modular,9,u,img/target_7.png
26,3,891,modular,6,w,img/target_2.png
26,3,892,modular,8,e,img/target_3.png
26,3,893,modular,6,w,img/target_2.png
26,3,894,modular,5,p,img/target_10.png
26,3,895,modular,4,b,img/target_6.png
26,3,896,modular,1,q,img/target_1.png
26,3,897,modular,2,v,img/target_5.png
26,3,898,modular,0,o,img/target_9.png
26,3,899,modular,2,v,img/target_5.png
26,3,900,modular,4,b,img/target_6.png
26,3,901,modular,1,q,img/target_1.png
26,3,902,modular,0,o,img/target_9.png
26,3,903,modular,3,i,img/target_8.png
26,3,904,modular,0,o,img/target_9.png
26,3,905,modular,3,i,img/target_8.png
26,3,906,modular,1,q,img/target_1.png
26,3,907,modular,3,i,img/target_8.png
26,3,908,modular,4,b,img/target_6.png
26,3,909,modular,3,i,img/target_8.png
26,3,910,modular,4,b,img/target_6.png
26,3,911,modular,2,v,img/target_5.png
26,3,912,modular,4,b,img/target_6.png
26,3,913,modular,2,v,img/target_5.png
26,3,914,modular,1,q,img/target_1.png
26,3,915,modular,2,v,img/target_5.png
26,3,916,modular,3,i,img/target_8.png
26,3,917,modular,0,o,img/target_9.png
26,3,918,modular,2,v,img/target_5.png
26,3,919,modular,4,b,img/target_6.png
26,3,920,modular,5,p,img/target_10.png
26,3,921,modular,6,w,img/target_2.png
26,3,922,modular,5,p,img/target_10.png
26,3,923,modular,7,r,img/target_4.png
26,3,924,modular,5,p,img/target_10.png
26,3,925,modular,4,b,img/target_6.png
26,3,926,modular,5,p,img/target_10.png
26,3,927,modular,6,w,img/target_2.png
26,3,928,modular,9,u,img/target_7.png
26,3,929,modular,6,w,img/target_2.png
26,3,930,modular,8,e,img/target_3.png
26,3,931,modular,9,u,img/target_7.png
26,3,932,modular,7,r,img/target_4.png
26,3,933,modular,6,w,img/target_2.png
26,3,934,modular,7,r,img/target_4.png
26,3,935,modular,5,p,img/target_10.png
26,3,936,modular,4,b,img/target_6.png
26,3,937,modular,5,p,img/target_10.png
26,3,938,modular,4,b,img/target_6.png
26,3,939,modular,5,p,img/target_10.png
26,3,940,modular,7,r,img/target_4.png
26,3,941,modular,5,p,img/target_10.png
26,3,942,modular,8,e,img/target_3.png
26,3,943,modular,7,r,img/target_4.png
26,3,944,modular,9,u,img/target_7.png
26,3,945,modular,8,e,img/target_3.png
26,3,946,modular,5,p,img/target_10.png
26,3,947,modular,6,w,img/target_2.png
26,3,948,modular,8,e,img/target_3.png
26,3,949,modular,9,u,img/target_7.png
26,3,950,modular,8,e,img/target_3.png
26,3,951,modular,5,p,img/target_10.png
26,3,952,modular,6,w,img/target_2.png
26,3,953,modular,9,u,img/target_7.png
26,3,954,modular,8,e,img/target_3.png
26,3,955,modular,9,u,img/target_7.png
26,3,956,modular,8,e,img/target_3.png
26,3,957,modular,7,r,img/target_4.png
26,3,958,modular,8,e,img/target_3.png
26,3,959,modular,7,r,img/target_4.png
26,3,960,modular,5,p,img/target_10.png
26,3,961,modular,6,w,img/target_2.png
26,3,962,modular,8,e,img/target_3.png
26,3,963,modular,7,r,img/target_4.png
26,3,964,modular,6,w,img/target_2.png
26,3,965,modular,9,u,img/target_7.png
26,3,966,modular,0,o,img/target_9.png
26,3,967,modular,2,v,img/target_5.png
26,3,968,modular,0,o,img/target_9.png
26,3,969,modular,9,u,img/target_7.png
26,3,970,modular,0,o,img/target_9.png
26,3,971,modular,1,q,img/target_1.png
26,3,972,modular,4,b,img/target_6.png
26,3,973,modular,5,p,img/target_10.png
26,3,974,modular,7,r,img/target_4.png
26,3,975,modular,6,w,img/target_2.png
26,3,976,modular,8,e,img/target_3.png
26,3,977,modular,5,p,img/target_10.png
26,3,978,modular,6,w,img/target_2.png
26,3,979,modular,8,e,img/target_3.png
26,3,980,modular,5,p,img/target_10.png
26,3,981,modular,7,r,img/target_4.png
26,3,982,modular,9,u,img/target_7.png
26,3,983,modular,6,w,img/target_2.png
26,3,984,modular,5,p,img/target_10.png
26,3,985,modular,8,e,img/target_3.png
26,3,986,modular,5,p,img/target_10.png
26,3,987,modular,4,b,img/target_6.png
26,3,988,modular,5,p,img/target_10.png
26,3,989,modular,4,b,img/target_6.png
26,3,990,modular,5,p,img/target_10.png
26,3,991,modular,7,r,img/target_4.png
26,3,992,modular,9,u,img/target_7.png
26,3,993,modular,7,r,img/target_4.png
26,3,994,modular,6,w,img/target_2.png
26,3,995,modular,5,p,img/target_10.png
26,3,996,modular,7,r,img/target_4.png
26,3,997,modular,8,e,img/target_3.png
26,3,998,modular,7,r,img/target_4.png
26,3,999,modular,9,u,img/target_7.png
26,3,1000,modular,6,w,img/target_2.png
