pID,sess,trialNum,graph,walk,resp,path
26,1,1,modular,8,e,img/target_3.png
26,1,2,modular,9,u,img/target_7.png
26,1,3,modular,7,r,img/target_4.png
26,1,4,modular,5,p,img/target_10.png
26,1,5,modular,6,w,img/target_2.png
26,1,6,modular,8,e,img/target_3.png
26,1,7,modular,6,w,img/target_2.png
26,1,8,modular,7,r,img/target_4.png
26,1,9,modular,9,u,img/target_7.png
26,1,10,modular,0,o,img/target_9.png
26,1,11,modular,2,v,img/target_5.png
26,1,12,modular,3,i,img/target_8.png
26,1,13,modular,2,v,img/target_5.png
26,1,14,modular,1,q,img/target_1.png
26,1,15,modular,4,b,img/target_6.png
26,1,16,modular,3,i,img/target_8.png
26,1,17,modular,1,q,img/target_1.png
26,1,18,modular,4,b,img/target_6.png
26,1,19,modular,2,v,img/target_5.png
26,1,20,modular,0,o,img/target_9.png
26,1,21,modular,1,q,img/target_1.png
26,1,22,modular,2,v,img/target_5.png
26,1,23,modular,3,i,img/target_8.png
26,1,24,modular,1,q,img/target_1.png
26,1,25,modular,3,i,img/target_8.png
26,1,26,modular,4,b,img/target_6.png
26,1,27,modular,2,v,img/target_5.png
26,1,28,modular,3,i,img/target_8.png
26,1,29,modular,0,o,img/target_9.png
26,1,30,modular,3,i,img/target_8.png
26,1,31,modular,1,q,img/target_1.png
26,1,32,modular,4,b,img/target_6.png
26,1,33,modular,3,i,img/target_8.png
26,1,34,modular,4,b,img/target_6.png
26,1,35,modular,3,i,img/target_8.png
26,1,36,modular,1,q,img/target_1.png
26,1,37,modular,2,v,img/target_5.png
26,1,38,modular,3,i,img/target_8.png
26,1,39,modular,2,v,img/target_5.png
26,1,40,modular,1,q,img/target_1.png
26,1,41,modular,0,o,img/target_9.png
26,1,42,modular,9,u,img/target_7.png
26,1,43,modular,6,w,img/target_2.png
26,1,44,modular,9,u,img/target_7.png
26,1,45,modular,6,w,img/target_2.png
26,1,46,modular,8,e,img/target_3.png
26,1,47,modular,9,u,img/target_7.png
26,1,48,modular,7,r,img/target_4.png
26,1,49,modular,8,e,img/target_3.png
26,1,50,modular,6,w,img/target_2.png
26,1,51,modular,5,p,img/target_10.png
26,1,52,modular,8,e,img/target_3.png
26,1,53,modular,6,w,img/target_2.png
26,1,54,modular,7,r,img/target_4.png
26,1,55,modular,9,u,img/target_7.png
26,1,56,modular,8,e,img/target_3.png
26,1,57,modular,9,u,img/target_7.png
26,1,58,modular,8,e,img/target_3.png
26,1,59,modular,7,r,img/target_4.png
26,1,60,modular,5,p,img/target_10.png
26,1,61,modular,6,w,img/target_2.png
26,1,62,modular,8,e,img/target_3.png
26,1,63,modular,5,p,img/target_10.png
26,1,64,modular,7,r,img/target_4.png
26,1,65,modular,5,p,img/target_10.png
26,1,66,modular,7,r,img/target_4.png
26,1,67,modular,9,u,img/target_7.png
26,1,68,modular,8,e,img/target_3.png
26,1,69,modular,5,p,img/target_10.png
26,1,70,modular,7,r,img/target_4.png
26,1,71,modular,5,p,img/target_10.png
26,1,72,modular,4,b,img/target_6.png
26,1,73,modular,3,i,img/target_8.png
26,1,74,modular,4,b,img/target_6.png
26,1,75,modular,3,i,img/target_8.png
26,1,76,modular,2,v,img/target_5.png
26,1,77,modular,0,o,img/target_9.png
26,1,78,modular,1,q,img/target_1.png
26,1,79,modular,3,i,img/target_8.png
26,1,80,modular,0,o,img/target_9.png
26,1,81,modular,3,i,img/target_8.png
26,1,82,modular,0,o,img/target_9.png
26,1,83,modular,1,q,img/target_1.png
26,1,84,modular,4,b,img/target_6.png
26,1,85,modular,3,i,img/target_8.png
26,1,86,modular,1,q,img/target_1.png
26,1,87,modular,3,i,img/target_8.png
26,1,88,modular,4,b,img/target_6.png
26,1,89,modular,5,p,img/target_10.png
26,1,90,modular,7,r,img/target_4.png
26,1,91,modular,8,e,img/target_3.png
26,1,92,modular,7,r,img/target_4.png
26,1,93,modular,8,e,img/target_3.png
26,1,94,modular,6,w,img/target_2.png
26,1,95,modular,7,r,img/target_4.png
26,1,96,modular,6,w,img/target_2.png
26,1,97,modular,8,e,img/target_3.png
26,1,98,modular,6,w,img/target_2.png
26,1,99,modular,5,p,img/target_10.png
26,1,100,modular,4,b,img/target_6.png
26,1,101,modular,5,p,img/target_10.png
26,1,102,modular,6,w,img/target_2.png
26,1,103,modular,9,u,img/target_7.png
26,1,104,modular,0,o,img/target_9.png
26,1,105,modular,9,u,img/target_7.png
26,1,106,modular,8,e,img/target_3.png
26,1,107,modular,6,w,img/target_2.png
26,1,108,modular,7,r,img/target_4.png
26,1,109,modular,8,e,img/target_3.png
26,1,110,modular,5,p,img/target_10.png
26,1,111,modular,4,b,img/target_6.png
26,1,112,modular,5,p,img/target_10.png
26,1,113,modular,7,r,img/target_4.png
26,1,114,modular,9,u,img/target_7.png
26,1,115,modular,6,w,img/target_2.png
26,1,116,modular,7,r,img/target_4.png
26,1,117,modular,5,p,img/target_10.png
26,1,118,modular,4,b,img/target_6.png
26,1,119,modular,2,v,img/target_5.png
26,1,120,modular,3,i,img/target_8.png
26,1,121,modular,0,o,img/target_9.png
26,1,122,modular,9,u,img/target_7.png
26,1,123,modular,0,o,img/target_9.png
26,1,124,modular,3,i,img/target_8.png
26,1,125,modular,1,q,img/target_1.png
26,1,126,modular,2,v,img/target_5.png
26,1,127,modular,1,q,img/target_1.png
26,1,128,modular,3,i,img/target_8.png
26,1,129,modular,0,o,img/target_9.png
26,1,130,modular,3,i,img/target_8.png
26,1,131,modular,2,v,img/target_5.png
26,1,132,modular,1,q,img/target_1.png
26,1,133,modular,2,v,img/target_5.png
26,1,134,modular,3,i,img/target_8.png
26,1,135,modular,0,o,img/target_9.png
26,1,136,modular,9,u,img/target_7.png
26,1,137,modular,8,e,img/target_3.png
26,1,138,modular,5,p,img/target_10.png
26,1,139,modular,8,e,img/target_3.png
26,1,140,modular,9,u,img/target_7.png
26,1,141,modular,6,w,img/target_2.png
26,1,142,modular,5,p,img/target_10.png
26,1,143,modular,7,r,img/target_4.png
26,1,144,modular,5,p,img/target_10.png
26,1,145,modular,7,r,img/target_4.png
26,1,146,modular,9,u,img/target_7.png
26,1,147,modular,8,e,img/target_3.png
26,1,148,modular,9,u,img/target_7.png
26,1,149,modular,0,o,img/target_9.png
26,1,150,modular,2,v,img/target_5.png
26,1,151,modular,1,q,img/target_1.png
26,1,152,modular,2,v,img/target_5.png
26,1,153,modular,4,b,img/target_6.png
26,1,154,modular,3,i,img/target_8.png
26,1,155,modular,0,o,img/target_9.png
26,1,156,modular,9,u,img/target_7.png
26,1,157,modular,8,e,img/target_3.png
26,1,158,modular,9,u,img/target_7.png
26,1,159,modular,8,e,img/target_3.png
26,1,160,modular,7,r,img/target_4.png
26,1,161,modular,9,u,img/target_7.png
26,1,162,modular,8,e,img/target_3.png
26,1,163,modular,6,w,img/target_2.png
26,1,164,modular,7,r,img/target_4.png
26,1,165,modular,5,p,img/target_10.png
26,1,166,modular,4,b,img/target_6.png
26,1,167,modular,5,p,img/target_10.png
26,1,168,modular,8,e,img/target_3.png
26,1,169,modular,9,u,img/target_7.png
26,1,170,modular,8,e,img/target_3.png
26,1,171,modular,9,u,img/target_7.png
26,1,172,modular,0,o,img/target_9.png
26,1,173,modular,3,i,img/target_8.png
26,1,174,modular,2,v,img/target_5.png
26,1,175,modular,0,o,img/target_9.png
26,1,176,modular,3,i,img/target_8.png
26,1,177,modular,1,q,img/target_1.png
26,1,178,modular,2,v,img/target_5.png
26,1,179,modular,4,b,img/target_6.png
26,1,180,modular,3,i,img/target_8.png
26,1,181,modular,0,o,img/target_9.png
26,1,182,modular,3,i,img/target_8.png
26,1,183,modular,1,q,img/target_1.png
26,1,184,modular,4,b,img/target_6.png
26,1,185,modular,3,i,img/target_8.png
26,1,186,modular,1,q,img/target_1.png
26,1,187,modular,0,o,img/target_9.png
26,1,188,modular,9,u,img/target_7.png
26,1,189,modular,7,r,img/target_4.png
26,1,190,modular,8,e,img/target_3.png
26,1,191,modular,6,w,img/target_2.png
26,1,192,modular,8,e,img/target_3.png
26,1,193,modular,9,u,img/target_7.png
26,1,194,modular,7,r,img/target_4.png
26,1,195,modular,5,p,img/target_10.png
26,1,196,modular,8,e,img/target_3.png
26,1,197,modular,5,p,img/target_10.png
26,1,198,modular,4,b,img/target_6.png
26,1,199,modular,5,p,img/target_10.png
26,1,200,modular,4,b,img/target_6.png
26,1,201,modular,1,q,img/target_1.png
26,1,202,modular,3,i,img/target_8.png
26,1,203,modular,2,v,img/target_5.png
26,1,204,modular,1,q,img/target_1.png
26,1,205,modular,2,v,img/target_5.png
26,1,206,modular,1,q,img/target_1.png
26,1,207,modular,3,i,img/target_8.png
26,1,208,modular,0,o,img/target_9.png
26,1,209,modular,2,v,img/target_5.png
26,1,210,modular,3,i,img/target_8.png
26,1,211,modular,2,v,img/target_5.png
26,1,212,modular,3,i,img/target_8.png
26,1,213,modular,2,v,img/target_5.png
26,1,214,modular,0,o,img/target_9.png
26,1,215,modular,3,i,img/target_8.png
26,1,216,modular,1,q,img/target_1.png
26,1,217,modular,0,o,img/target_9.png
26,1,218,modular,3,i,img/target_8.png
26,1,219,modular,2,v,img/target_5.png
26,1,220,modular,3,i,img/target_8.png
26,1,221,modular,2,v,img/target_5.png
26,1,222,modular,1,q,img/target_1.png
26,1,223,modular,4,b,img/target_6.png
26,1,224,modular,2,v,img/target_5.png
26,1,225,modular,3,i,img/target_8.png
26,1,226,modular,0,o,img/target_9.png
26,1,227,modular,9,u,img/target_7.png
26,1,228,modular,6,w,img/target_2.png
26,1,229,modular,7,r,img/target_4.png
26,1,230,modular,8,e,img/target_3.png
26,1,231,modular,5,p,img/target_10.png
26,1,232,modular,4,b,img/target_6.png
26,1,233,modular,3,i,img/target_8.png
26,1,234,modular,0,o,img/target_9.png
26,1,235,modular,1,q,img/target_1.png
26,1,236,modular,2,v,img/target_5.png
26,1,237,modular,4,b,img/target_6.png
26,1,238,modular,3,i,img/target_8.png
26,1,239,modular,0,o,img/target_9.png
26,1,240,modular,2,v,img/target_5.png
26,1,241,modular,3,i,img/target_8.png
26,1,242,modular,0,o,img/target_9.png
26,1,243,modular,3,i,img/target_8.png
26,1,244,modular,0,o,img/target_9.png
26,1,245,modular,2,v,img/target_5.png
26,1,246,modular,1,q,img/target_1.png
26,1,247,modular,3,i,img/target_8.png
26,1,248,modular,4,b,img/target_6.png
26,1,249,modular,1,q,img/target_1.png
26,1,250,modular,4,b,img/target_6.png
26,1,251,modular,2,v,img/target_5.png
26,1,252,modular,4,b,img/target_6.png
26,1,253,modular,3,i,img/target_8.png
26,1,254,modular,2,v,img/target_5.png
26,1,255,modular,3,i,img/target_8.png
26,1,256,modular,0,o,img/target_9.png
26,1,257,modular,9,u,img/target_7.png
26,1,258,modular,8,e,img/target_3.png
26,1,259,modular,6,w,img/target_2.png
26,1,260,modular,9,u,img/target_7.png
26,1,261,modular,6,w,img/target_2.png
26,1,262,modular,7,r,img/target_4.png
26,1,263,modular,6,w,img/target_2.png
26,1,264,modular,8,e,img/target_3.png
26,1,265,modular,5,p,img/target_10.png
26,1,266,modular,7,r,img/target_4.png
26,1,267,modular,9,u,img/target_7.png
26,1,268,modular,6,w,img/target_2.png
26,1,269,modular,8,e,img/target_3.png
26,1,270,modular,5,p,img/target_10.png
26,1,271,modular,6,w,img/target_2.png
26,1,272,modular,7,r,img/target_4.png
26,1,273,modular,6,w,img/target_2.png
26,1,274,modular,5,p,img/target_10.png
26,1,275,modular,6,w,img/target_2.png
26,1,276,modular,8,e,img/target_3.png
26,1,277,modular,7,r,img/target_4.png
26,1,278,modular,6,w,img/target_2.png
26,1,279,modular,8,e,img/target_3.png
26,1,280,modular,9,u,img/target_7.png
26,1,281,modular,6,w,img/target_2.png
26,1,282,modular,5,p,img/target_10.png
26,1,283,modular,7,r,img/target_4.png
26,1,284,modular,8,e,img/target_3.png
26,1,285,modular,9,u,img/target_7.png
26,1,286,modular,0,o,img/target_9.png
26,1,287,modular,3,i,img/target_8.png
26,1,288,modular,4,b,img/target_6.png
26,1,289,modular,3,i,img/target_8.png
26,1,290,modular,2,v,img/target_5.png
26,1,291,modular,0,o,img/target_9.png
26,1,292,modular,3,i,img/target_8.png
26,1,293,modular,4,b,img/target_6.png
26,1,294,modular,3,i,img/target_8.png
26,1,295,modular,1,q,img/target_1.png
26,1,296,modular,0,o,img/target_9.png
26,1,297,modular,3,i,img/target_8.png
26,1,298,modular,1,q,img/target_1.png
26,1,299,modular,3,i,img/target_8.png
26,1,300,modular,2,v,img/target_5.png
26,1,301,modular,1,q,img/target_1.png
26,1,302,modular,4,b,img/target_6.png
26,1,303,modular,2,v,img/target_5.png
26,1,304,modular,3,i,img/target_8.png
26,1,305,modular,2,v,img/target_5.png
26,1,306,modular,4,b,img/target_6.png
26,1,307,modular,1,q,img/target_1.png
26,1,308,modular,3,i,img/target_8.png
26,1,309,modular,4,b,img/target_6.png
26,1,310,modular,5,p,img/target_10.png
26,1,311,modular,4,b,img/target_6.png
26,1,312,modular,3,i,img/target_8.png
26,1,313,modular,2,v,img/target_5.png
26,1,314,modular,4,b,img/target_6.png
26,1,315,modular,3,i,img/target_8.png
26,1,316,modular,1,q,img/target_1.png
26,1,317,modular,2,v,img/target_5.png
26,1,318,modular,1,q,img/target_1.png
26,1,319,modular,2,v,img/target_5.png
26,1,320,modular,1,q,img/target_1.png
26,1,321,modular,0,o,img/target_9.png
26,1,322,modular,9,u,img/target_7.png
26,1,323,modular,8,e,img/target_3.png
26,1,324,modular,6,w,img/target_2.png
26,1,325,modular,7,r,img/target_4.png
26,1,326,modular,6,w,img/target_2.png
26,1,327,modular,9,u,img/target_7.png
26,1,328,modular,0,o,img/target_9.png
26,1,329,modular,1,q,img/target_1.png
26,1,330,modular,4,b,img/target_6.png
26,1,331,modular,5,p,img/target_10.png
26,1,332,modular,7,r,img/target_4.png
26,1,333,modular,6,w,img/target_2.png
26,1,334,modular,9,u,img/target_7.png
26,1,335,modular,0,o,img/target_9.png
26,1,336,modular,3,i,img/target_8.png
26,1,337,modular,1,q,img/target_1.png
26,1,338,modular,0,o,img/target_9.png
26,1,339,modular,9,u,img/target_7.png
26,1,340,modular,6,w,img/target_2.png
26,1,341,modular,9,u,img/target_7.png
26,1,342,modular,8,e,img/target_3.png
26,1,343,modular,7,r,img/target_4.png
26,1,344,modular,6,w,img/target_2.png
26,1,345,modular,8,e,img/target_3.png
26,1,346,modular,9,u,img/target_7.png
26,1,347,modular,8,e,img/target_3.png
26,1,348,modular,6,w,img/target_2.png
26,1,349,modular,8,e,img/target_3.png
26,1,350,modular,9,u,img/target_7.png
26,1,351,modular,0,o,img/target_9.png
26,1,352,modular,2,v,img/target_5.png
26,1,353,modular,0,o,img/target_9.png
26,1,354,modular,9,u,img/target_7.png
26,1,355,modular,6,w,img/target_2.png
26,1,356,modular,7,r,img/target_4.png
26,1,357,modular,5,p,img/target_10.png
26,1,358,modular,4,b,img/target_6.png
26,1,359,modular,5,p,img/target_10.png
26,1,360,modular,7,r,img/target_4.png
26,1,361,modular,6,w,img/target_2.png
26,1,362,modular,9,u,img/target_7.png
26,1,363,modular,8,e,img/target_3.png
26,1,364,modular,9,u,img/target_7.png
26,1,365,modular,8,e,img/target_3.png
26,1,366,modular,6,w,img/target_2.png
26,1,367,modular,8,e,img/target_3.png
26,1,368,modular,9,u,img/target_7.png
26,1,369,modular,7,r,img/target_4.png
26,1,370,modular,9,u,img/target_7.png
26,1,371,modular,6,w,img/target_2.png
26,1,372,modular,8,e,img/target_3.png
26,1,373,modular,6,w,img/target_2.png
26,1,374,modular,8,e,img/target_3.png
26,1,375,modular,6,w,img/target_2.png
26,1,376,modular,7,r,img/target_4.png
26,1,377,modular,6,w,img/target_2.png
26,1,378,modular,9,u,img/target_7.png
26,1,379,modular,0,o,img/target_9.png
26,1,380,modular,1,q,img/target_1.png
26,1,381,modular,0,o,img/target_9.png
26,1,382,modular,3,i,img/target_8.png
26,1,383,modular,1,q,img/target_1.png
26,1,384,modular,0,o,img/target_9.png
26,1,385,modular,3,i,img/target_8.png
26,1,386,modular,2,v,img/target_5.png
26,1,387,modular,1,q,img/target_1.png
26,1,388,modular,0,o,img/target_9.png
26,1,389,modular,1,q,img/target_1.png
26,1,390,modular,3,i,img/target_8.png
26,1,391,modular,2,v,img/target_5.png
26,1,392,modular,0,o,img/target_9.png
26,1,393,modular,1,q,img/target_1.png
26,1,394,modular,4,b,img/target_6.png
26,1,395,modular,3,i,img/target_8.png
26,1,396,modular,2,v,img/target_5.png
26,1,397,modular,1,q,img/target_1.png
26,1,398,modular,4,b,img/target_6.png
26,1,399,modular,2,v,img/target_5.png
26,1,400,modular,0,o,img/target_9.png
26,1,401,modular,2,v,img/target_5.png
26,1,402,modular,1,q,img/target_1.png
26,1,403,modular,3,i,img/target_8.png
26,1,404,modular,1,q,img/target_1.png
26,1,405,modular,2,v,img/target_5.png
26,1,406,modular,1,q,img/target_1.png
26,1,407,modular,4,b,img/target_6.png
26,1,408,modular,3,i,img/target_8.png
26,1,409,modular,1,q,img/target_1.png
26,1,410,modular,2,v,img/target_5.png
26,1,411,modular,3,i,img/target_8.png
26,1,412,modular,4,b,img/target_6.png
26,1,413,modular,2,v,img/target_5.png
26,1,414,modular,1,q,img/target_1.png
26,1,415,modular,4,b,img/target_6.png
26,1,416,modular,1,q,img/target_1.png
26,1,417,modular,3,i,img/target_8.png
26,1,418,modular,0,o,img/target_9.png
26,1,419,modular,1,q,img/target_1.png
26,1,420,modular,4,b,img/target_6.png
26,1,421,modular,1,q,img/target_1.png
26,1,422,modular,4,b,img/target_6.png
26,1,423,modular,5,p,img/target_10.png
26,1,424,modular,7,r,img/target_4.png
26,1,425,modular,9,u,img/target_7.png
26,1,426,modular,7,r,img/target_4.png
26,1,427,modular,5,p,img/target_10.png
26,1,428,modular,7,r,img/target_4.png
26,1,429,modular,8,e,img/target_3.png
26,1,430,modular,5,p,img/target_10.png
26,1,431,modular,7,r,img/target_4.png
26,1,432,modular,6,w,img/target_2.png
26,1,433,modular,9,u,img/target_7.png
26,1,434,modular,0,o,img/target_9.png
26,1,435,modular,9,u,img/target_7.png
26,1,436,modular,6,w,img/target_2.png
26,1,437,modular,7,r,img/target_4.png
26,1,438,modular,9,u,img/target_7.png
26,1,439,modular,7,r,img/target_4.png
26,1,440,modular,9,u,img/target_7.png
26,1,441,modular,7,r,img/target_4.png
26,1,442,modular,6,w,img/target_2.png
26,1,443,modular,5,p,img/target_10.png
26,1,444,modular,8,e,img/target_3.png
26,1,445,modular,6,w,img/target_2.png
26,1,446,modular,8,e,img/target_3.png
26,1,447,modular,6,w,img/target_2.png
26,1,448,modular,7,r,img/target_4.png
26,1,449,modular,9,u,img/target_7.png
26,1,450,modular,7,r,img/target_4.png
26,1,451,modular,8,e,img/target_3.png
26,1,452,modular,5,p,img/target_10.png
26,1,453,modular,4,b,img/target_6.png
26,1,454,modular,3,i,img/target_8.png
26,1,455,modular,2,v,img/target_5.png
26,1,456,modular,4,b,img/target_6.png
26,1,457,modular,5,p,img/target_10.png
26,1,458,modular,7,r,img/target_4.png
26,1,459,modular,8,e,img/target_3.png
26,1,460,modular,9,u,img/target_7.png
26,1,461,modular,8,e,img/target_3.png
26,1,462,modular,7,r,img/target_4.png
26,1,463,modular,8,e,img/target_3.png
26,1,464,modular,5,p,img/target_10.png
26,1,465,modular,4,b,img/target_6.png
26,1,466,modular,1,q,img/target_1.png
26,1,467,modular,4,b,img/target_6.png
26,1,468,modular,2,v,img/target_5.png
26,1,469,modular,1,q,img/target_1.png
26,1,470,modular,0,o,img/target_9.png
26,1,471,modular,9,u,img/target_7.png
26,1,472,modular,0,o,img/target_9.png
26,1,473,modular,1,q,img/target_1.png
26,1,474,modular,3,i,img/target_8.png
26,1,475,modular,2,v,img/target_5.png
26,1,476,modular,4,b,img/target_6.png
26,1,477,modular,1,q,img/target_1.png
26,1,478,modular,3,i,img/target_8.png
26,1,479,modular,1,q,img/target_1.png
26,1,480,modular,2,v,img/target_5.png
26,1,481,modular,4,b,img/target_6.png
26,1,482,modular,1,q,img/target_1.png
26,1,483,modular,4,b,img/target_6.png
26,1,484,modular,2,v,img/target_5.png
26,1,485,modular,4,b,img/target_6.png
26,1,486,modular,5,p,img/target_10.png
26,1,487,modular,6,w,img/target_2.png
26,1,488,modular,5,p,img/target_10.png
26,1,489,modular,8,e,img/target_3.png
26,1,490,modular,9,u,img/target_7.png
26,1,491,modular,7,r,img/target_4.png
26,1,492,modular,5,p,img/target_10.png
26,1,493,modular,6,w,img/target_2.png
26,1,494,modular,7,r,img/target_4.png
26,1,495,modular,6,w,img/target_2.png
26,1,496,modular,9,u,img/target_7.png
26,1,497,modular,7,r,img/target_4.png
26,1,498,modular,9,u,img/target_7.png
26,1,499,modular,8,e,img/target_3.png
26,1,500,modular,6,w,img/target_2.png
26,1,501,modular,7,r,img/target_4.png
26,1,502,modular,6,w,img/target_2.png
26,1,503,modular,8,e,img/target_3.png
26,1,504,modular,7,r,img/target_4.png
26,1,505,modular,6,w,img/target_2.png
26,1,506,modular,8,e,img/target_3.png
26,1,507,modular,9,u,img/target_7.png
26,1,508,modular,8,e,img/target_3.png
26,1,509,modular,6,w,img/target_2.png
26,1,510,modular,5,p,img/target_10.png
26,1,511,modular,4,b,img/target_6.png
26,1,512,modular,1,q,img/target_1.png
26,1,513,modular,4,b,img/target_6.png
26,1,514,modular,5,p,img/target_10.png
26,1,515,modular,8,e,img/target_3.png
26,1,516,modular,7,r,img/target_4.png
26,1,517,modular,6,w,img/target_2.png
26,1,518,modular,9,u,img/target_7.png
26,1,519,modular,0,o,img/target_9.png
26,1,520,modular,1,q,img/target_1.png
26,1,521,modular,3,i,img/target_8.png
26,1,522,modular,0,o,img/target_9.png
26,1,523,modular,9,u,img/target_7.png
26,1,524,modular,8,e,img/target_3.png
26,1,525,modular,5,p,img/target_10.png
26,1,526,modular,8,e,img/target_3.png
26,1,527,modular,9,u,img/target_7.png
26,1,528,modular,6,w,img/target_2.png
26,1,529,modular,8,e,img/target_3.png
26,1,530,modular,7,r,img/target_4.png
26,1,531,modular,8,e,img/target_3.png
26,1,532,modular,7,r,img/target_4.png
26,1,533,modular,9,u,img/target_7.png
26,1,534,modular,8,e,img/target_3.png
26,1,535,modular,5,p,img/target_10.png
26,1,536,modular,6,w,img/target_2.png
26,1,537,modular,8,e,img/target_3.png
26,1,538,modular,7,r,img/target_4.png
26,1,539,modular,9,u,img/target_7.png
26,1,540,modular,6,w,img/target_2.png
26,1,541,modular,9,u,img/target_7.png
26,1,542,modular,0,o,img/target_9.png
26,1,543,modular,3,i,img/target_8.png
26,1,544,modular,0,o,img/target_9.png
26,1,545,modular,9,u,img/target_7.png
26,1,546,modular,7,r,img/target_4.png
26,1,547,modular,8,e,img/target_3.png
26,1,548,modular,5,p,img/target_10.png
26,1,549,modular,4,b,img/target_6.png
26,1,550,modular,1,q,img/target_1.png
26,1,551,modular,3,i,img/target_8.png
26,1,552,modular,0,o,img/target_9.png
26,1,553,modular,3,i,img/target_8.png
26,1,554,modular,0,o,img/target_9.png
26,1,555,modular,9,u,img/target_7.png
26,1,556,modular,0,o,img/target_9.png
26,1,557,modular,9,u,img/target_7.png
26,1,558,modular,8,e,img/target_3.png
26,1,559,modular,5,p,img/target_10.png
26,1,560,modular,8,e,img/target_3.png
26,1,561,modular,7,r,img/target_4.png
26,1,562,modular,9,u,img/target_7.png
26,1,563,modular,6,w,img/target_2.png
26,1,564,modular,5,p,img/target_10.png
26,1,565,modular,6,w,img/target_2.png
26,1,566,modular,7,r,img/target_4.png
26,1,567,modular,8,e,img/target_3.png
26,1,568,modular,5,p,img/target_10.png
26,1,569,modular,8,e,img/target_3.png
26,1,570,modular,7,r,img/target_4.png
26,1,571,modular,9,u,img/target_7.png
26,1,572,modular,6,w,img/target_2.png
26,1,573,modular,8,e,img/target_3.png
26,1,574,modular,7,r,img/target_4.png
26,1,575,modular,9,u,img/target_7.png
26,1,576,modular,7,r,img/target_4.png
26,1,577,modular,8,e,img/target_3.png
26,1,578,modular,5,p,img/target_10.png
26,1,579,modular,7,r,img/target_4.png
26,1,580,modular,5,p,img/target_10.png
26,1,581,modular,8,e,img/target_3.png
26,1,582,modular,9,u,img/target_7.png
26,1,583,modular,7,r,img/target_4.png
26,1,584,modular,8,e,img/target_3.png
26,1,585,modular,7,r,img/target_4.png
26,1,586,modular,5,p,img/target_10.png
26,1,587,modular,8,e,img/target_3.png
26,1,588,modular,6,w,img/target_2.png
26,1,589,modular,8,e,img/target_3.png
26,1,590,modular,6,w,img/target_2.png
26,1,591,modular,9,u,img/target_7.png
26,1,592,modular,6,w,img/target_2.png
26,1,593,modular,9,u,img/target_7.png
26,1,594,modular,8,e,img/target_3.png
26,1,595,modular,7,r,img/target_4.png
26,1,596,modular,6,w,img/target_2.png
26,1,597,modular,9,u,img/target_7.png
26,1,598,modular,7,r,img/target_4.png
26,1,599,modular,6,w,img/target_2.png
26,1,600,modular,8,e,img/target_3.png
26,1,601,modular,5,p,img/target_10.png
26,1,602,modular,4,b,img/target_6.png
26,1,603,modular,2,v,img/target_5.png
26,1,604,modular,3,i,img/target_8.png
26,1,605,modular,2,v,img/target_5.png
26,1,606,modular,4,b,img/target_6.png
26,1,607,modular,3,i,img/target_8.png
26,1,608,modular,0,o,img/target_9.png
26,1,609,modular,2,v,img/target_5.png
26,1,610,modular,3,i,img/target_8.png
26,1,611,modular,0,o,img/target_9.png
26,1,612,modular,3,i,img/target_8.png
26,1,613,modular,0,o,img/target_9.png
26,1,614,modular,3,i,img/target_8.png
26,1,615,modular,4,b,img/target_6.png
26,1,616,modular,2,v,img/target_5.png
26,1,617,modular,3,i,img/target_8.png
26,1,618,modular,0,o,img/target_9.png
26,1,619,modular,9,u,img/target_7.png
26,1,620,modular,8,e,img/target_3.png
26,1,621,modular,9,u,img/target_7.png
26,1,622,modular,8,e,img/target_3.png
26,1,623,modular,7,r,img/target_4.png
26,1,624,modular,8,e,img/target_3.png
26,1,625,modular,9,u,img/target_7.png
26,1,626,modular,6,w,img/target_2.png
26,1,627,modular,9,u,img/target_7.png
26,1,628,modular,6,w,img/target_2.png
26,1,629,modular,7,r,img/target_4.png
26,1,630,modular,9,u,img/target_7.png
26,1,631,modular,7,r,img/target_4.png
26,1,632,modular,6,w,img/target_2.png
26,1,633,modular,7,r,img/target_4.png
26,1,634,modular,6,w,img/target_2.png
26,1,635,modular,9,u,img/target_7.png
26,1,636,modular,7,r,img/target_4.png
26,1,637,modular,6,w,img/target_2.png
26,1,638,modular,5,p,img/target_10.png
26,1,639,modular,6,w,img/target_2.png
26,1,640,modular,7,r,img/target_4.png
26,1,641,modular,5,p,img/target_10.png
26,1,642,modular,6,w,img/target_2.png
26,1,643,modular,9,u,img/target_7.png
26,1,644,modular,7,r,img/target_4.png
26,1,645,modular,6,w,img/target_2.png
26,1,646,modular,5,p,img/target_10.png
26,1,647,modular,8,e,img/target_3.png
26,1,648,modular,5,p,img/target_10.png
26,1,649,modular,7,r,img/target_4.png
26,1,650,modular,9,u,img/target_7.png
26,1,651,modular,7,r,img/target_4.png
26,1,652,modular,9,u,img/target_7.png
26,1,653,modular,0,o,img/target_9.png
26,1,654,modular,1,q,img/target_1.png
26,1,655,modular,4,b,img/target_6.png
26,1,656,modular,3,i,img/target_8.png
26,1,657,modular,0,o,img/target_9.png
26,1,658,modular,3,i,img/target_8.png
26,1,659,modular,4,b,img/target_6.png
26,1,660,modular,5,p,img/target_10.png
26,1,661,modular,8,e,img/target_3.png
26,1,662,modular,7,r,img/target_4.png
26,1,663,modular,8,e,img/target_3.png
26,1,664,modular,6,w,img/target_2.png
26,1,665,modular,9,u,img/target_7.png
26,1,666,modular,8,e,img/target_3.png
26,1,667,modular,7,r,img/target_4.png
26,1,668,modular,5,p,img/target_10.png
26,1,669,modular,4,b,img/target_6.png
26,1,670,modular,2,v,img/target_5.png
26,1,671,modular,4,b,img/target_6.png
26,1,672,modular,2,v,img/target_5.png
26,1,673,modular,0,o,img/target_9.png
26,1,674,modular,2,v,img/target_5.png
26,1,675,modular,3,i,img/target_8.png
26,1,676,modular,1,q,img/target_1.png
26,1,677,modular,3,i,img/target_8.png
26,1,678,modular,4,b,img/target_6.png
26,1,679,modular,3,i,img/target_8.png
26,1,680,modular,4,b,img/target_6.png
26,1,681,modular,3,i,img/target_8.png
26,1,682,modular,4,b,img/target_6.png
26,1,683,modular,3,i,img/target_8.png
26,1,684,modular,2,v,img/target_5.png
26,1,685,modular,3,i,img/target_8.png
26,1,686,modular,4,b,img/target_6.png
26,1,687,modular,5,p,img/target_10.png
26,1,688,modular,7,r,img/target_4.png
26,1,689,modular,5,p,img/target_10.png
26,1,690,modular,4,b,img/target_6.png
26,1,691,modular,5,p,img/target_10.png
26,1,692,modular,7,r,img/target_4.png
26,1,693,modular,9,u,img/target_7.png
26,1,694,modular,0,o,img/target_9.png
26,1,695,modular,3,i,img/target_8.png
26,1,696,modular,0,o,img/target_9.png
26,1,697,modular,1,q,img/target_1.png
26,1,698,modular,4,b,img/target_6.png
26,1,699,modular,2,v,img/target_5.png
26,1,700,modular,1,q,img/target_1.png
26,1,701,modular,0,o,img/target_9.png
26,1,702,modular,2,v,img/target_5.png
26,1,703,modular,0,o,img/target_9.png
26,1,704,modular,9,u,img/target_7.png
26,1,705,modular,8,e,img/target_3.png
26,1,706,modular,7,r,img/target_4.png
26,1,707,modular,8,e,img/target_3.png
26,1,708,modular,7,r,img/target_4.png
26,1,709,modular,6,w,img/target_2.png
26,1,710,modular,5,p,img/target_10.png
26,1,711,modular,7,r,img/target_4.png
26,1,712,modular,8,e,img/target_3.png
26,1,713,modular,6,w,img/target_2.png
26,1,714,modular,5,p,img/target_10.png
26,1,715,modular,8,e,img/target_3.png
26,1,716,modular,7,r,img/target_4.png
26,1,717,modular,5,p,img/target_10.png
26,1,718,modular,6,w,img/target_2.png
26,1,719,modular,7,r,img/target_4.png
26,1,720,modular,5,p,img/target_10.png
26,1,721,modular,8,e,img/target_3.png
26,1,722,modular,5,p,img/target_10.png
26,1,723,modular,6,w,img/target_2.png
26,1,724,modular,9,u,img/target_7.png
26,1,725,modular,6,w,img/target_2.png
26,1,726,modular,5,p,img/target_10.png
26,1,727,modular,7,r,img/target_4.png
26,1,728,modular,9,u,img/target_7.png
26,1,729,modular,8,e,img/target_3.png
26,1,730,modular,9,u,img/target_7.png
26,1,731,modular,0,o,img/target_9.png
26,1,732,modular,3,i,img/target_8.png
26,1,733,modular,4,b,img/target_6.png
26,1,734,modular,1,q,img/target_1.png
26,1,735,modular,3,i,img/target_8.png
26,1,736,modular,0,o,img/target_9.png
26,1,737,modular,3,i,img/target_8.png
26,1,738,modular,1,q,img/target_1.png
26,1,739,modular,2,v,img/target_5.png
26,1,740,modular,1,q,img/target_1.png
26,1,741,modular,3,i,img/target_8.png
26,1,742,modular,1,q,img/target_1.png
26,1,743,modular,2,v,img/target_5.png
26,1,744,modular,0,o,img/target_9.png
26,1,745,modular,3,i,img/target_8.png
26,1,746,modular,4,b,img/target_6.png
26,1,747,modular,1,q,img/target_1.png
26,1,748,modular,3,i,img/target_8.png
26,1,749,modular,2,v,img/target_5.png
26,1,750,modular,3,i,img/target_8.png
26,1,751,modular,2,v,img/target_5.png
26,1,752,modular,4,b,img/target_6.png
26,1,753,modular,1,q,img/target_1.png
26,1,754,modular,3,i,img/target_8.png
26,1,755,modular,4,b,img/target_6.png
26,1,756,modular,1,q,img/target_1.png
26,1,757,modular,3,i,img/target_8.png
26,1,758,modular,0,o,img/target_9.png
26,1,759,modular,3,i,img/target_8.png
26,1,760,modular,0,o,img/target_9.png
26,1,761,modular,3,i,img/target_8.png
26,1,762,modular,2,v,img/target_5.png
26,1,763,modular,3,i,img/target_8.png
26,1,764,modular,2,v,img/target_5.png
26,1,765,modular,1,q,img/target_1.png
26,1,766,modular,3,i,img/target_8.png
26,1,767,modular,1,q,img/target_1.png
26,1,768,modular,0,o,img/target_9.png
26,1,769,modular,9,u,img/target_7.png
26,1,770,modular,6,w,img/target_2.png
26,1,771,modular,9,u,img/target_7.png
26,1,772,modular,0,o,img/target_9.png
26,1,773,modular,1,q,img/target_1.png
26,1,774,modular,2,v,img/target_5.png
26,1,775,modular,1,q,img/target_1.png
26,1,776,modular,2,v,img/target_5.png
26,1,777,modular,1,q,img/target_1.png
26,1,778,modular,0,o,img/target_9.png
26,1,779,modular,1,q,img/target_1.png
26,1,780,modular,0,o,img/target_9.png
26,1,781,modular,2,v,img/target_5.png
26,1,782,modular,4,b,img/target_6.png
26,1,783,modular,5,p,img/target_10.png
26,1,784,modular,8,e,img/target_3.png
26,1,785,modular,7,r,img/target_4.png
26,1,786,modular,5,p,img/target_10.png
26,1,787,modular,4,b,img/target_6.png
26,1,788,modular,2,v,img/target_5.png
26,1,789,modular,3,i,img/target_8.png
26,1,790,modular,1,q,img/target_1.png
26,1,791,modular,0,o,img/target_9.png
26,1,792,modular,3,i,img/target_8.png
26,1,793,modular,0,o,img/target_9.png
26,1,794,modular,3,i,img/target_8.png
26,1,795,modular,4,b,img/target_6.png
26,1,796,modular,3,i,img/target_8.png
26,1,797,modular,4,b,img/target_6.png
26,1,798,modular,1,q,img/target_1.png
26,1,799,modular,0,o,img/target_9.png
26,1,800,modular,2,v,img/target_5.png
26,1,801,modular,0,o,img/target_9.png
26,1,802,modular,1,q,img/target_1.png
26,1,803,modular,3,i,img/target_8.png
26,1,804,modular,1,q,img/target_1.png
26,1,805,modular,2,v,img/target_5.png
26,1,806,modular,1,q,img/target_1.png
26,1,807,modular,3,i,img/target_8.png
26,1,808,modular,2,v,img/target_5.png
26,1,809,modular,0,o,img/target_9.png
26,1,810,modular,1,q,img/target_1.png
26,1,811,modular,0,o,img/target_9.png
26,1,812,modular,3,i,img/target_8.png
26,1,813,modular,1,q,img/target_1.png
26,1,814,modular,2,v,img/target_5.png
26,1,815,modular,1,q,img/target_1.png
26,1,816,modular,4,b,img/target_6.png
26,1,817,modular,3,i,img/target_8.png
26,1,818,modular,4,b,img/target_6.png
26,1,819,modular,1,q,img/target_1.png
26,1,820,modular,3,i,img/target_8.png
26,1,821,modular,0,o,img/target_9.png
26,1,822,modular,9,u,img/target_7.png
26,1,823,modular,8,e,img/target_3.png
26,1,824,modular,6,w,img/target_2.png
26,1,825,modular,8,e,img/target_3.png
26,1,826,modular,5,p,img/target_10.png
26,1,827,modular,6,w,img/target_2.png
26,1,828,modular,5,p,img/target_10.png
26,1,829,modular,7,r,img/target_4.png
26,1,830,modular,9,u,img/target_7.png
26,1,831,modular,6,w,img/target_2.png
26,1,832,modular,7,r,img/target_4.png
26,1,833,modular,8,e,img/target_3.png
26,1,834,modular,5,p,img/target_10.png
26,1,835,modular,6,w,img/target_2.png
26,1,836,modular,5,p,img/target_10.png
26,1,837,modular,6,w,img/target_2.png
26,1,838,modular,5,p,img/target_10.png
26,1,839,modular,8,e,img/target_3.png
26,1,840,modular,9,u,img/target_7.png
26,1,841,modular,6,w,img/target_2.png
26,1,842,modular,8,e,img/target_3.png
26,1,843,modular,9,u,img/target_7.png
26,1,844,modular,8,e,img/target_3.png
26,1,845,modular,6,w,img/target_2.png
26,1,846,modular,9,u,img/target_7.png
26,1,847,modular,0,o,img/target_9.png
26,1,848,modular,1,q,img/target_1.png
26,1,849,modular,3,i,img/target_8.png
26,1,850,modular,4,b,img/target_6.png
26,1,851,modular,5,p,img/target_10.png
26,1,852,modular,6,w,img/target_2.png
26,1,853,modular,7,r,img/target_4.png
26,1,854,modular,8,e,img/target_3.png
26,1,855,modular,7,r,img/target_4.png
26,1,856,modular,9,u,img/target_7.png
26,1,857,modular,7,r,img/target_4.png
26,1,858,modular,9,u,img/target_7.png
26,1,859,modular,6,w,img/target_2.png
26,1,860,modular,8,e,img/target_3.png
26,1,861,modular,5,p,img/target_10.png
26,1,862,modular,8,e,img/target_3.png
26,1,863,modular,6,w,img/target_2.png
26,1,864,modular,7,r,img/target_4.png
26,1,865,modular,9,u,img/target_7.png
26,1,866,modular,8,e,img/target_3.png
26,1,867,modular,5,p,img/target_10.png
26,1,868,modular,8,e,img/target_3.png
26,1,869,modular,7,r,img/target_4.png
26,1,870,modular,8,e,img/target_3.png
26,1,871,modular,5,p,img/target_10.png
26,1,872,modular,7,r,img/target_4.png
26,1,873,modular,6,w,img/target_2.png
26,1,874,modular,5,p,img/target_10.png
26,1,875,modular,7,r,img/target_4.png
26,1,876,modular,9,u,img/target_7.png
26,1,877,modular,7,r,img/target_4.png
26,1,878,modular,9,u,img/target_7.png
26,1,879,modular,6,w,img/target_2.png
26,1,880,modular,8,e,img/target_3.png
26,1,881,modular,7,r,img/target_4.png
26,1,882,modular,9,u,img/target_7.png
26,1,883,modular,8,e,img/target_3.png
26,1,884,modular,7,r,img/target_4.png
26,1,885,modular,5,p,img/target_10.png
26,1,886,modular,8,e,img/target_3.png
26,1,887,modular,5,p,img/target_10.png
26,1,888,modular,6,w,img/target_2.png
26,1,889,modular,7,r,img/target_4.png
26,1,890,modular,6,w,img/target_2.png
26,1,891,modular,5,p,img/target_10.png
26,1,892,modular,8,e,img/target_3.png
26,1,893,modular,5,p,img/target_10.png
26,1,894,modular,6,w,img/target_2.png
26,1,895,modular,8,e,img/target_3.png
26,1,896,modular,6,w,img/target_2.png
26,1,897,modular,5,p,img/target_10.png
26,1,898,modular,6,w,img/target_2.png
26,1,899,modular,5,p,img/target_10.png
26,1,900,modular,6,w,img/target_2.png
26,1,901,modular,9,u,img/target_7.png
26,1,902,modular,8,e,img/target_3.png
26,1,903,modular,6,w,img/target_2.png
26,1,904,modular,5,p,img/target_10.png
26,1,905,modular,8,e,img/target_3.png
26,1,906,modular,7,r,img/target_4.png
26,1,907,modular,6,w,img/target_2.png
26,1,908,modular,9,u,img/target_7.png
26,1,909,modular,8,e,img/target_3.png
26,1,910,modular,7,r,img/target_4.png
26,1,911,modular,9,u,img/target_7.png
26,1,912,modular,7,r,img/target_4.png
26,1,913,modular,9,u,img/target_7.png
26,1,914,modular,0,o,img/target_9.png
26,1,915,modular,1,q,img/target_1.png
26,1,916,modular,4,b,img/target_6.png
26,1,917,modular,2,v,img/target_5.png
26,1,918,modular,3,i,img/target_8.png
26,1,919,modular,0,o,img/target_9.png
26,1,920,modular,2,v,img/target_5.png
26,1,921,modular,3,i,img/target_8.png
26,1,922,modular,0,o,img/target_9.png
26,1,923,modular,1,q,img/target_1.png
26,1,924,modular,2,v,img/target_5.png
26,1,925,modular,3,i,img/target_8.png
26,1,926,modular,4,b,img/target_6.png
26,1,927,modular,3,i,img/target_8.png
26,1,928,modular,4,b,img/target_6.png
26,1,929,modular,5,p,img/target_10.png
26,1,930,modular,4,b,img/target_6.png
26,1,931,modular,5,p,img/target_10.png
26,1,932,modular,8,e,img/target_3.png
26,1,933,modular,5,p,img/target_10.png
26,1,934,modular,6,w,img/target_2.png
26,1,935,modular,7,r,img/target_4.png
26,1,936,modular,8,e,img/target_3.png
26,1,937,modular,7,r,img/target_4.png
26,1,938,modular,6,w,img/target_2.png
26,1,939,modular,8,e,img/target_3.png
26,1,940,modular,7,r,img/target_4.png
26,1,941,modular,6,w,img/target_2.png
26,1,942,modular,7,r,img/target_4.png
26,1,943,modular,9,u,img/target_7.png
26,1,944,modular,8,e,img/target_3.png
26,1,945,modular,6,w,img/target_2.png
26,1,946,modular,8,e,img/target_3.png
26,1,947,modular,6,w,img/target_2.png
26,1,948,modular,5,p,img/target_10.png
26,1,949,modular,4,b,img/target_6.png
26,1,950,modular,5,p,img/target_10.png
26,1,951,modular,8,e,img/target_3.png
26,1,952,modular,9,u,img/target_7.png
26,1,953,modular,7,r,img/target_4.png
26,1,954,modular,9,u,img/target_7.png
26,1,955,modular,0,o,img/target_9.png
26,1,956,modular,2,v,img/target_5.png
26,1,957,modular,4,b,img/target_6.png
26,1,958,modular,3,i,img/target_8.png
26,1,959,modular,4,b,img/target_6.png
26,1,960,modular,5,p,img/target_10.png
26,1,961,modular,7,r,img/target_4.png
26,1,962,modular,8,e,img/target_3.png
26,1,963,modular,7,r,img/target_4.png
26,1,964,modular,5,p,img/target_10.png
26,1,965,modular,4,b,img/target_6.png
26,1,966,modular,5,p,img/target_10.png
26,1,967,modular,7,r,img/target_4.png
26,1,968,modular,6,w,img/target_2.png
26,1,969,modular,8,e,img/target_3.png
26,1,970,modular,7,r,img/target_4.png
26,1,971,modular,8,e,img/target_3.png
26,1,972,modular,5,p,img/target_10.png
26,1,973,modular,4,b,img/target_6.png
26,1,974,modular,1,q,img/target_1.png
26,1,975,modular,3,i,img/target_8.png
26,1,976,modular,2,v,img/target_5.png
26,1,977,modular,1,q,img/target_1.png
26,1,978,modular,0,o,img/target_9.png
26,1,979,modular,3,i,img/target_8.png
26,1,980,modular,2,v,img/target_5.png
26,1,981,modular,4,b,img/target_6.png
26,1,982,modular,2,v,img/target_5.png
26,1,983,modular,3,i,img/target_8.png
26,1,984,modular,0,o,img/target_9.png
26,1,985,modular,9,u,img/target_7.png
26,1,986,modular,7,r,img/target_4.png
26,1,987,modular,6,w,img/target_2.png
26,1,988,modular,7,r,img/target_4.png
26,1,989,modular,8,e,img/target_3.png
26,1,990,modular,9,u,img/target_7.png
26,1,991,modular,0,o,img/target_9.png
26,1,992,modular,2,v,img/target_5.png
26,1,993,modular,0,o,img/target_9.png
26,1,994,modular,2,v,img/target_5.png
26,1,995,modular,1,q,img/target_1.png
26,1,996,modular,3,i,img/target_8.png
26,1,997,modular,0,o,img/target_9.png
26,1,998,modular,2,v,img/target_5.png
26,1,999,modular,1,q,img/target_1.png
26,1,1000,modular,3,i,img/target_8.png
