pID,sess,trialNum,graph,walk,resp,path
26,2,1,modular,4,b,img/target_6.png
26,2,2,modular,3,i,img/target_8.png
26,2,3,modular,2,v,img/target_5.png
26,2,4,modular,0,o,img/target_9.png
26,2,5,modular,3,i,img/target_8.png
26,2,6,modular,1,q,img/target_1.png
26,2,7,modular,0,o,img/target_9.png
26,2,8,modular,3,i,img/target_8.png
26,2,9,modular,4,b,img/target_6.png
26,2,10,modular,2,v,img/target_5.png
26,2,11,modular,0,o,img/target_9.png
26,2,12,modular,1,q,img/target_1.png
26,2,13,modular,0,o,img/target_9.png
26,2,14,modular,3,i,img/target_8.png
26,2,15,modular,0,o,img/target_9.png
26,2,16,modular,9,u,img/target_7.png
26,2,17,modular,6,w,img/target_2.png
26,2,18,modular,7,r,img/target_4.png
26,2,19,modular,6,w,img/target_2.png
26,2,20,modular,8,e,img/target_3.png
26,2,21,modular,6,w,img/target_2.png
26,2,22,modular,7,r,img/target_4.png
26,2,23,modular,9,u,img/target_7.png
26,2,24,modular,0,o,img/target_9.png
26,2,25,modular,3,i,img/target_8.png
26,2,26,modular,0,o,img/target_9.png
26,2,27,modular,1,q,img/target_1.png
26,2,28,modular,2,v,img/target_5.png
26,2,29,modular,1,q,img/target_1.png
26,2,30,modular,4,b,img/target_6.png
26,2,31,modular,5,p,img/target_10.png
26,2,32,modular,6,w,img/target_2.png
26,2,33,modular,7,r,img/target_4.png
26,2,34,modular,8,e,img/target_3.png
26,2,35,modular,9,u,img/target_7.png
26,2,36,modular,8,e,img/target_3.png
26,2,37,modular,6,w,img/target_2.png
26,2,38,modular,5,p,img/target_10.png
26,2,39,modular,6,w,img/target_2.png
26,2,40,modular,7,r,img/target_4.png
26,2,41,modular,6,w,img/target_2.png
26,2,42,modular,5,p,img/target_10.png
26,2,43,modular,7,r,img/target_4.png
26,2,44,modular,5,p,img/target_10.png
26,2,45,modular,8,e,img/target_3.png
26,2,46,modular,6,w,img/target_2.png
26,2,47,modular,9,u,img/target_7.png
26,2,48,modular,6,w,img/target_2.png
26,2,49,modular,5,p,img/target_10.png
26,2,50,modular,8,e,img/target_3.png
26,2,51,modular,6,w,img/target_2.png
26,2,52,modular,5,p,img/target_10.png
26,2,53,modular,6,w,img/target_2.png
26,2,54,modular,5,p,img/target_10.png
26,2,55,modular,8,e,img/target_3.png
26,2,56,modular,6,w,img/target_2.png
26,2,57,modular,9,u,img/target_7.png
26,2,58,modular,8,e,img/target_3.png
26,2,59,modular,9,u,img/target_7.png
26,2,60,modular,7,r,img/target_4.png
26,2,61,modular,5,p,img/target_10.png
26,2,62,modular,4,b,img/target_6.png
26,2,63,modular,2,v,img/target_5.png
26,2,64,modular,0,o,img/target_9.png
26,2,65,modular,3,i,img/target_8.png
26,2,66,modular,4,b,img/target_6.png
26,2,67,modular,3,i,img/target_8.png
26,2,68,modular,0,o,img/target_9.png
26,2,69,modular,2,v,img/target_5.png
26,2,70,modular,3,i,img/target_8.png
26,2,71,modular,2,v,img/target_5.png
26,2,72,modular,0,o,img/target_9.png
26,2,73,modular,3,i,img/target_8.png
26,2,74,modular,4,b,img/target_6.png
26,2,75,modular,3,i,img/target_8.png
26,2,76,modular,4,b,img/target_6.png
26,2,77,modular,2,v,img/target_5.png
26,2,78,modular,4,b,img/target_6.png
26,2,79,modular,2,v,img/target_5.png
26,2,80,modular,3,i,img/target_8.png
26,2,81,modular,1,q,img/target_1.png
26,2,82,modular,3,i,img/target_8.png
26,2,83,modular,1,q,img/target_1.png
26,2,84,modular,2,v,img/target_5.png
26,2,85,modular,0,o,img/target_9.png
26,2,86,modular,2,v,img/target_5.png
26,2,87,modular,0,o,img/target_9.png
26,2,88,modular,2,v,img/target_5.png
26,2,89,modular,1,q,img/target_1.png
26,2,90,modular,3,i,img/target_8.png
26,2,91,modular,1,q,img/target_1.png
26,2,92,modular,4,b,img/target_6.png
26,2,93,modular,2,v,img/target_5.png
26,2,94,modular,1,q,img/target_1.png
26,2,95,modular,4,b,img/target_6.png
26,2,96,modular,2,v,img/target_5.png
26,2,97,modular,3,i,img/target_8.png
26,2,98,modular,4,b,img/target_6.png
26,2,99,modular,1,q,img/target_1.png
26,2,100,modular,0,o,img/target_9.png
26,2,101,modular,9,u,img/target_7.png
26,2,102,modular,7,r,img/target_4.png
26,2,103,modular,9,u,img/target_7.png
26,2,104,modular,8,e,img/target_3.png
26,2,105,modular,5,p,img/target_10.png
26,2,106,modular,7,r,img/target_4.png
26,2,107,modular,6,w,img/target_2.png
26,2,108,modular,9,u,img/target_7.png
26,2,109,modular,6,w,img/target_2.png
26,2,110,modular,8,e,img/target_3.png
26,2,111,modular,7,r,img/target_4.png
26,2,112,modular,5,p,img/target_10.png
26,2,113,modular,7,r,img/target_4.png
26,2,114,modular,5,p,img/target_10.png
26,2,115,modular,4,b,img/target_6.png
26,2,116,modular,1,q,img/target_1.png
26,2,117,modular,0,o,img/target_9.png
26,2,118,modular,1,q,img/target_1.png
26,2,119,modular,4,b,img/target_6.png
26,2,120,modular,3,i,img/target_8.png
26,2,121,modular,2,v,img/target_5.png
26,2,122,modular,4,b,img/target_6.png
26,2,123,modular,5,p,img/target_10.png
26,2,124,modular,7,r,img/target_4.png
26,2,125,modular,8,e,img/target_3.png
26,2,126,modular,9,u,img/target_7.png
26,2,127,modular,6,w,img/target_2.png
26,2,128,modular,8,e,img/target_3.png
26,2,129,modular,6,w,img/target_2.png
26,2,130,modular,9,u,img/target_7.png
26,2,131,modular,8,e,img/target_3.png
26,2,132,modular,6,w,img/target_2.png
26,2,133,modular,7,r,img/target_4.png
26,2,134,modular,9,u,img/target_7.png
26,2,135,modular,8,e,img/target_3.png
26,2,136,modular,6,w,img/target_2.png
26,2,137,modular,8,e,img/target_3.png
26,2,138,modular,9,u,img/target_7.png
26,2,139,modular,7,r,img/target_4.png
26,2,140,modular,9,u,img/target_7.png
26,2,141,modular,8,e,img/target_3.png
26,2,142,modular,9,u,img/target_7.png
26,2,143,modular,8,e,img/target_3.png
26,2,144,modular,6,w,img/target_2.png
26,2,145,modular,9,u,img/target_7.png
26,2,146,modular,7,r,img/target_4.png
26,2,147,modular,6,w,img/target_2.png
26,2,148,modular,7,r,img/target_4.png
26,2,149,modular,5,p,img/target_10.png
26,2,150,modular,7,r,img/target_4.png
26,2,151,modular,5,p,img/target_10.png
26,2,152,modular,7,r,img/target_4.png
26,2,153,modular,5,p,img/target_10.png
26,2,154,modular,4,b,img/target_6.png
26,2,155,modular,2,v,img/target_5.png
26,2,156,modular,0,o,img/target_9.png
26,2,157,modular,3,i,img/target_8.png
26,2,158,modular,2,v,img/target_5.png
26,2,159,modular,4,b,img/target_6.png
26,2,160,modular,1,q,img/target_1.png
26,2,161,modular,4,b,img/target_6.png
26,2,162,modular,3,i,img/target_8.png
26,2,163,modular,0,o,img/target_9.png
26,2,164,modular,1,q,img/target_1.png
26,2,165,modular,3,i,img/target_8.png
26,2,166,modular,4,b,img/target_6.png
26,2,167,modular,3,i,img/target_8.png
26,2,168,modular,0,o,img/target_9.png
26,2,169,modular,1,q,img/target_1.png
26,2,170,modular,0,o,img/target_9.png
26,2,171,modular,2,v,img/target_5.png
26,2,172,modular,3,i,img/target_8.png
26,2,173,modular,1,q,img/target_1.png
26,2,174,modular,2,v,img/target_5.png
26,2,175,modular,4,b,img/target_6.png
26,2,176,modular,2,v,img/target_5.png
26,2,177,modular,1,q,img/target_1.png
26,2,178,modular,3,i,img/target_8.png
26,2,179,modular,0,o,img/target_9.png
26,2,180,modular,9,u,img/target_7.png
26,2,181,modular,7,r,img/target_4.png
26,2,182,modular,6,w,img/target_2.png
26,2,183,modular,7,r,img/target_4.png
26,2,184,modular,5,p,img/target_10.png
26,2,185,modular,8,e,img/target_3.png
26,2,186,modular,6,w,img/target_2.png
26,2,187,modular,9,u,img/target_7.png
26,2,188,modular,0,o,img/target_9.png
26,2,189,modular,9,u,img/target_7.png
26,2,190,modular,7,r,img/target_4.png
26,2,191,modular,5,p,img/target_10.png
26,2,192,modular,6,w,img/target_2.png
26,2,193,modular,9,u,img/target_7.png
26,2,194,modular,7,r,img/target_4.png
26,2,195,modular,9,u,img/target_7.png
26,2,196,modular,6,w,img/target_2.png
26,2,197,modular,7,r,img/target_4.png
26,2,198,modular,9,u,img/target_7.png
26,2,199,modular,7,r,img/target_4.png
26,2,200,modular,9,u,img/target_7.png
26,2,201,modular,6,w,img/target_2.png
26,2,202,modular,7,r,img/target_4.png
26,2,203,modular,9,u,img/target_7.png
26,2,204,modular,6,w,img/target_2.png
26,2,205,modular,5,p,img/target_10.png
26,2,206,modular,7,r,img/target_4.png
26,2,207,modular,5,p,img/target_10.png
26,2,208,modular,8,e,img/target_3.png
26,2,209,modular,5,p,img/target_10.png
26,2,210,modular,7,r,img/target_4.png
26,2,211,modular,8,e,img/target_3.png
26,2,212,modular,5,p,img/target_10.png
26,2,213,modular,4,b,img/target_6.png
26,2,214,modular,1,q,img/target_1.png
26,2,215,modular,0,o,img/target_9.png
26,2,216,modular,9,u,img/target_7.png
26,2,217,modular,8,e,img/target_3.png
26,2,218,modular,7,r,img/target_4.png
26,2,219,modular,6,w,img/target_2.png
26,2,220,modular,5,p,img/target_10.png
26,2,221,modular,7,r,img/target_4.png
26,2,222,modular,5,p,img/target_10.png
26,2,223,modular,7,r,img/target_4.png
26,2,224,modular,9,u,img/target_7.png
26,2,225,modular,7,r,img/target_4.png
26,2,226,modular,6,w,img/target_2.png
26,2,227,modular,5,p,img/target_10.png
26,2,228,modular,6,w,img/target_2.png
26,2,229,modular,8,e,img/target_3.png
26,2,230,modular,9,u,img/target_7.png
26,2,231,modular,7,r,img/target_4.png
26,2,232,modular,5,p,img/target_10.png
26,2,233,modular,8,e,img/target_3.png
26,2,234,modular,7,r,img/target_4.png
26,2,235,modular,8,e,img/target_3.png
26,2,236,modular,7,r,img/target_4.png
26,2,237,modular,9,u,img/target_7.png
26,2,238,modular,6,w,img/target_2.png
26,2,239,modular,7,r,img/target_4.png
26,2,240,modular,6,w,img/target_2.png
26,2,241,modular,9,u,img/target_7.png
26,2,242,modular,6,w,img/target_2.png
26,2,243,modular,5,p,img/target_10.png
26,2,244,modular,8,e,img/target_3.png
26,2,245,modular,7,r,img/target_4.png
26,2,246,modular,5,p,img/target_10.png
26,2,247,modular,4,b,img/target_6.png
26,2,248,modular,2,v,img/target_5.png
26,2,249,modular,4,b,img/target_6.png
26,2,250,modular,2,v,img/target_5.png
26,2,251,modular,3,i,img/target_8.png
26,2,252,modular,4,b,img/target_6.png
26,2,253,modular,5,p,img/target_10.png
26,2,254,modular,6,w,img/target_2.png
26,2,255,modular,9,u,img/target_7.png
26,2,256,modular,6,w,img/target_2.png
26,2,257,modular,5,p,img/target_10.png
26,2,258,modular,8,e,img/target_3.png
26,2,259,modular,5,p,img/target_10.png
26,2,260,modular,8,e,img/target_3.png
26,2,261,modular,6,w,img/target_2.png
26,2,262,modular,5,p,img/target_10.png
26,2,263,modular,4,b,img/target_6.png
26,2,264,modular,2,v,img/target_5.png
26,2,265,modular,4,b,img/target_6.png
26,2,266,modular,1,q,img/target_1.png
26,2,267,modular,0,o,img/target_9.png
26,2,268,modular,2,v,img/target_5.png
26,2,269,modular,3,i,img/target_8.png
26,2,270,modular,1,q,img/target_1.png
26,2,271,modular,3,i,img/target_8.png
26,2,272,modular,0,o,img/target_9.png
26,2,273,modular,2,v,img/target_5.png
26,2,274,modular,3,i,img/target_8.png
26,2,275,modular,0,o,img/target_9.png
26,2,276,modular,3,i,img/target_8.png
26,2,277,modular,1,q,img/target_1.png
26,2,278,modular,0,o,img/target_9.png
26,2,279,modular,9,u,img/target_7.png
26,2,280,modular,6,w,img/target_2.png
26,2,281,modular,9,u,img/target_7.png
26,2,282,modular,7,r,img/target_4.png
26,2,283,modular,8,e,img/target_3.png
26,2,284,modular,7,r,img/target_4.png
26,2,285,modular,6,w,img/target_2.png
26,2,286,modular,7,r,img/target_4.png
26,2,287,modular,8,e,img/target_3.png
26,2,288,modular,9,u,img/target_7.png
26,2,289,modular,7,r,img/target_4.png
26,2,290,modular,8,e,img/target_3.png
26,2,291,modular,5,p,img/target_10.png
26,2,292,modular,6,w,img/target_2.png
26,2,293,modular,9,u,img/target_7.png
26,2,294,modular,8,e,img/target_3.png
26,2,295,modular,7,r,img/target_4.png
26,2,296,modular,5,p,img/target_10.png
26,2,297,modular,7,r,img/target_4.png
26,2,298,modular,5,p,img/target_10.png
26,2,299,modular,8,e,img/target_3.png
26,2,300,modular,6,w,img/target_2.png
26,2,301,modular,5,p,img/target_10.png
26,2,302,modular,8,e,img/target_3.png
26,2,303,modular,9,u,img/target_7.png
26,2,304,modular,6,w,img/target_2.png
26,2,305,modular,8,e,img/target_3.png
26,2,306,modular,5,p,img/target_10.png
26,2,307,modular,4,b,img/target_6.png
26,2,308,modular,3,i,img/target_8.png
26,2,309,modular,2,v,img/target_5.png
26,2,310,modular,4,b,img/target_6.png
26,2,311,modular,2,v,img/target_5.png
26,2,312,modular,0,o,img/target_9.png
26,2,313,modular,1,q,img/target_1.png
26,2,314,modular,0,o,img/target_9.png
26,2,315,modular,2,v,img/target_5.png
26,2,316,modular,0,o,img/target_9.png
26,2,317,modular,3,i,img/target_8.png
26,2,318,modular,0,o,img/target_9.png
26,2,319,modular,1,q,img/target_1.png
26,2,320,modular,4,b,img/target_6.png
26,2,321,modular,5,p,img/target_10.png
26,2,322,modular,7,r,img/target_4.png
26,2,323,modular,5,p,img/target_10.png
26,2,324,modular,6,w,img/target_2.png
26,2,325,modular,5,p,img/target_10.png
26,2,326,modular,8,e,img/target_3.png
26,2,327,modular,9,u,img/target_7.png
26,2,328,modular,8,e,img/target_3.png
26,2,329,modular,5,p,img/target_10.png
26,2,330,modular,6,w,img/target_2.png
26,2,331,modular,9,u,img/target_7.png
26,2,332,modular,7,r,img/target_4.png
26,2,333,modular,8,e,img/target_3.png
26,2,334,modular,6,w,img/target_2.png
26,2,335,modular,9,u,img/target_7.png
26,2,336,modular,7,r,img/target_4.png
26,2,337,modular,9,u,img/target_7.png
26,2,338,modular,8,e,img/target_3.png
26,2,339,modular,6,w,img/target_2.png
26,2,340,modular,8,e,img/target_3.png
26,2,341,modular,5,p,img/target_10.png
26,2,342,modular,7,r,img/target_4.png
26,2,343,modular,6,w,img/target_2.png
26,2,344,modular,7,r,img/target_4.png
26,2,345,modular,5,p,img/target_10.png
26,2,346,modular,8,e,img/target_3.png
26,2,347,modular,6,w,img/target_2.png
26,2,348,modular,5,p,img/target_10.png
26,2,349,modular,7,r,img/target_4.png
26,2,350,modular,9,u,img/target_7.png
26,2,351,modular,8,e,img/target_3.png
26,2,352,modular,7,r,img/target_4.png
26,2,353,modular,9,u,img/target_7.png
26,2,354,modular,6,w,img/target_2.png
26,2,355,modular,7,r,img/target_4.png
26,2,356,modular,5,p,img/target_10.png
26,2,357,modular,6,w,img/target_2.png
26,2,358,modular,9,u,img/target_7.png
26,2,359,modular,7,r,img/target_4.png
26,2,360,modular,6,w,img/target_2.png
26,2,361,modular,5,p,img/target_10.png
26,2,362,modular,6,w,img/target_2.png
26,2,363,modular,7,r,img/target_4.png
26,2,364,modular,6,w,img/target_2.png
26,2,365,modular,7,r,img/target_4.png
26,2,366,modular,9,u,img/target_7.png
26,2,367,modular,7,r,img/target_4.png
26,2,368,modular,5,p,img/target_10.png
26,2,369,modular,7,r,img/target_4.png
26,2,370,modular,6,w,img/target_2.png
26,2,371,modular,7,r,img/target_4.png
26,2,372,modular,8,e,img/target_3.png
26,2,373,modular,5,p,img/target_10.png
26,2,374,modular,4,b,img/target_6.png
26,2,375,modular,2,v,img/target_5.png
26,2,376,modular,0,o,img/target_9.png
26,2,377,modular,1,q,img/target_1.png
26,2,378,modular,0,o,img/target_9.png
26,2,379,modular,2,v,img/target_5.png
26,2,380,modular,1,q,img/target_1.png
26,2,381,modular,0,o,img/target_9.png
26,2,382,modular,1,q,img/target_1.png
26,2,383,modular,3,i,img/target_8.png
26,2,384,modular,0,o,img/target_9.png
26,2,385,modular,2,v,img/target_5.png
26,2,386,modular,1,q,img/target_1.png
26,2,387,modular,3,i,img/target_8.png
26,2,388,modular,2,v,img/target_5.png
26,2,389,modular,1,q,img/target_1.png
26,2,390,modular,2,v,img/target_5.png
26,2,391,modular,1,q,img/target_1.png
26,2,392,modular,0,o,img/target_9.png
26,2,393,modular,1,q,img/target_1.png
26,2,394,modular,2,v,img/target_5.png
26,2,395,modular,4,b,img/target_6.png
26,2,396,modular,5,p,img/target_10.png
26,2,397,modular,8,e,img/target_3.png
26,2,398,modular,5,p,img/target_10.png
26,2,399,modular,4,b,img/target_6.png
26,2,400,modular,5,p,img/target_10.png
26,2,401,modular,6,w,img/target_2.png
26,2,402,modular,5,p,img/target_10.png
26,2,403,modular,4,b,img/target_6.png
26,2,404,modular,2,v,img/target_5.png
26,2,405,modular,0,o,img/target_9.png
26,2,406,modular,1,q,img/target_1.png
26,2,407,modular,3,i,img/target_8.png
26,2,408,modular,4,b,img/target_6.png
26,2,409,modular,3,i,img/target_8.png
26,2,410,modular,1,q,img/target_1.png
26,2,411,modular,3,i,img/target_8.png
26,2,412,modular,4,b,img/target_6.png
26,2,413,modular,1,q,img/target_1.png
26,2,414,modular,4,b,img/target_6.png
26,2,415,modular,1,q,img/target_1.png
26,2,416,modular,3,i,img/target_8.png
26,2,417,modular,1,q,img/target_1.png
26,2,418,modular,2,v,img/target_5.png
26,2,419,modular,4,b,img/target_6.png
26,2,420,modular,2,v,img/target_5.png
26,2,421,modular,3,i,img/target_8.png
26,2,422,modular,0,o,img/target_9.png
26,2,423,modular,1,q,img/target_1.png
26,2,424,modular,2,v,img/target_5.png
26,2,425,modular,1,q,img/target_1.png
26,2,426,modular,2,v,img/target_5.png
26,2,427,modular,0,o,img/target_9.png
26,2,428,modular,3,i,img/target_8.png
26,2,429,modular,4,b,img/target_6.png
26,2,430,modular,3,i,img/target_8.png
26,2,431,modular,2,v,img/target_5.png
26,2,432,modular,0,o,img/target_9.png
26,2,433,modular,1,q,img/target_1.png
26,2,434,modular,2,v,img/target_5.png
26,2,435,modular,3,i,img/target_8.png
26,2,436,modular,4,b,img/target_6.png
26,2,437,modular,1,q,img/target_1.png
26,2,438,modular,2,v,img/target_5.png
26,2,439,modular,1,q,img/target_1.png
26,2,440,modular,2,v,img/target_5.png
26,2,441,modular,4,b,img/target_6.png
26,2,442,modular,2,v,img/target_5.png
26,2,443,modular,4,b,img/target_6.png
26,2,444,modular,5,p,img/target_10.png
26,2,445,modular,6,w,img/target_2.png
26,2,446,modular,7,r,img/target_4.png
26,2,447,modular,8,e,img/target_3.png
26,2,448,modular,9,u,img/target_7.png
26,2,449,modular,6,w,img/target_2.png
26,2,450,modular,5,p,img/target_10.png
26,2,451,modular,4,b,img/target_6.png
26,2,452,modular,3,i,img/target_8.png
26,2,453,modular,2,v,img/target_5.png
26,2,454,modular,4,b,img/target_6.png
26,2,455,modular,3,i,img/target_8.png
26,2,456,modular,2,v,img/target_5.png
26,2,457,modular,3,i,img/target_8.png
26,2,458,modular,2,v,img/target_5.png
26,2,459,modular,4,b,img/target_6.png
26,2,460,modular,5,p,img/target_10.png
26,2,461,modular,6,w,img/target_2.png
26,2,462,modular,7,r,img/target_4.png
26,2,463,modular,9,u,img/target_7.png
26,2,464,modular,7,r,img/target_4.png
26,2,465,modular,8,e,img/target_3.png
26,2,466,modular,6,w,img/target_2.png
26,2,467,modular,8,e,img/target_3.png
26,2,468,modular,5,p,img/target_10.png
26,2,469,modular,6,w,img/target_2.png
26,2,470,modular,8,e,img/target_3.png
26,2,471,modular,7,r,img/target_4.png
26,2,472,modular,9,u,img/target_7.png
26,2,473,modular,8,e,img/target_3.png
26,2,474,modular,5,p,img/target_10.png
26,2,475,modular,8,e,img/target_3.png
26,2,476,modular,9,u,img/target_7.png
26,2,477,modular,8,e,img/target_3.png
26,2,478,modular,7,r,img/target_4.png
26,2,479,modular,9,u,img/target_7.png
26,2,480,modular,0,o,img/target_9.png
26,2,481,modular,1,q,img/target_1.png
26,2,482,modular,2,v,img/target_5.png
26,2,483,modular,1,q,img/target_1.png
26,2,484,modular,4,b,img/target_6.png
26,2,485,modular,5,p,img/target_10.png
26,2,486,modular,8,e,img/target_3.png
26,2,487,modular,9,u,img/target_7.png
26,2,488,modular,6,w,img/target_2.png
26,2,489,modular,5,p,img/target_10.png
26,2,490,modular,6,w,img/target_2.png
26,2,491,modular,8,e,img/target_3.png
26,2,492,modular,5,p,img/target_10.png
26,2,493,modular,6,w,img/target_2.png
26,2,494,modular,5,p,img/target_10.png
26,2,495,modular,8,e,img/target_3.png
26,2,496,modular,5,p,img/target_10.png
26,2,497,modular,8,e,img/target_3.png
26,2,498,modular,5,p,img/target_10.png
26,2,499,modular,7,r,img/target_4.png
26,2,500,modular,9,u,img/target_7.png
26,2,501,modular,0,o,img/target_9.png
26,2,502,modular,1,q,img/target_1.png
26,2,503,modular,4,b,img/target_6.png
26,2,504,modular,1,q,img/target_1.png
26,2,505,modular,3,i,img/target_8.png
26,2,506,modular,4,b,img/target_6.png
26,2,507,modular,5,p,img/target_10.png
26,2,508,modular,7,r,img/target_4.png
26,2,509,modular,6,w,img/target_2.png
26,2,510,modular,8,e,img/target_3.png
26,2,511,modular,6,w,img/target_2.png
26,2,512,modular,9,u,img/target_7.png
26,2,513,modular,8,e,img/target_3.png
26,2,514,modular,7,r,img/target_4.png
26,2,515,modular,8,e,img/target_3.png
26,2,516,modular,7,r,img/target_4.png
26,2,517,modular,8,e,img/target_3.png
26,2,518,modular,9,u,img/target_7.png
26,2,519,modular,6,w,img/target_2.png
26,2,520,modular,5,p,img/target_10.png
26,2,521,modular,4,b,img/target_6.png
26,2,522,modular,3,i,img/target_8.png
26,2,523,modular,1,q,img/target_1.png
26,2,524,modular,2,v,img/target_5.png
26,2,525,modular,3,i,img/target_8.png
26,2,526,modular,2,v,img/target_5.png
26,2,527,modular,3,i,img/target_8.png
26,2,528,modular,0,o,img/target_9.png
26,2,529,modular,9,u,img/target_7.png
26,2,530,modular,0,o,img/target_9.png
26,2,531,modular,9,u,img/target_7.png
26,2,532,modular,0,o,img/target_9.png
26,2,533,modular,1,q,img/target_1.png
26,2,534,modular,2,v,img/target_5.png
26,2,535,modular,1,q,img/target_1.png
26,2,536,modular,4,b,img/target_6.png
26,2,537,modular,2,v,img/target_5.png
26,2,538,modular,0,o,img/target_9.png
26,2,539,modular,2,v,img/target_5.png
26,2,540,modular,0,o,img/target_9.png
26,2,541,modular,9,u,img/target_7.png
26,2,542,modular,0,o,img/target_9.png
26,2,543,modular,9,u,img/target_7.png
26,2,544,modular,6,w,img/target_2.png
26,2,545,modular,9,u,img/target_7.png
26,2,546,modular,0,o,img/target_9.png
26,2,547,modular,2,v,img/target_5.png
26,2,548,modular,1,q,img/target_1.png
26,2,549,modular,3,i,img/target_8.png
26,2,550,modular,4,b,img/target_6.png
26,2,551,modular,2,v,img/target_5.png
26,2,552,modular,1,q,img/target_1.png
26,2,553,modular,2,v,img/target_5.png
26,2,554,modular,4,b,img/target_6.png
26,2,555,modular,1,q,img/target_1.png
26,2,556,modular,2,v,img/target_5.png
26,2,557,modular,3,i,img/target_8.png
26,2,558,modular,4,b,img/target_6.png
26,2,559,modular,2,v,img/target_5.png
26,2,560,modular,1,q,img/target_1.png
26,2,561,modular,3,i,img/target_8.png
26,2,562,modular,1,q,img/target_1.png
26,2,563,modular,2,v,img/target_5.png
26,2,564,modular,3,i,img/target_8.png
26,2,565,modular,1,q,img/target_1.png
26,2,566,modular,4,b,img/target_6.png
26,2,567,modular,3,i,img/target_8.png
26,2,568,modular,2,v,img/target_5.png
26,2,569,modular,4,b,img/target_6.png
26,2,570,modular,5,p,img/target_10.png
26,2,571,modular,8,e,img/target_3.png
26,2,572,modular,9,u,img/target_7.png
26,2,573,modular,7,r,img/target_4.png
26,2,574,modular,9,u,img/target_7.png
26,2,575,modular,6,w,img/target_2.png
26,2,576,modular,8,e,img/target_3.png
26,2,577,modular,7,r,img/target_4.png
26,2,578,modular,6,w,img/target_2.png
26,2,579,modular,5,p,img/target_10.png
26,2,580,modular,6,w,img/target_2.png
26,2,581,modular,7,r,img/target_4.png
26,2,582,modular,6,w,img/target_2.png
26,2,583,modular,9,u,img/target_7.png
26,2,584,modular,7,r,img/target_4.png
26,2,585,modular,9,u,img/target_7.png
26,2,586,modular,0,o,img/target_9.png
26,2,587,modular,1,q,img/target_1.png
26,2,588,modular,0,o,img/target_9.png
26,2,589,modular,3,i,img/target_8.png
26,2,590,modular,1,q,img/target_1.png
26,2,591,modular,4,b,img/target_6.png
26,2,592,modular,3,i,img/target_8.png
26,2,593,modular,4,b,img/target_6.png
26,2,594,modular,5,p,img/target_10.png
26,2,595,modular,4,b,img/target_6.png
26,2,596,modular,5,p,img/target_10.png
26,2,597,modular,4,b,img/target_6.png
26,2,598,modular,1,q,img/target_1.png
26,2,599,modular,0,o,img/target_9.png
26,2,600,modular,1,q,img/target_1.png
26,2,601,modular,0,o,img/target_9.png
26,2,602,modular,3,i,img/target_8.png
26,2,603,modular,4,b,img/target_6.png
26,2,604,modular,1,q,img/target_1.png
26,2,605,modular,0,o,img/target_9.png
26,2,606,modular,3,i,img/target_8.png
26,2,607,modular,1,q,img/target_1.png
26,2,608,modular,2,v,img/target_5.png
26,2,609,modular,1,q,img/target_1.png
26,2,610,modular,0,o,img/target_9.png
26,2,611,modular,1,q,img/target_1.png
26,2,612,modular,3,i,img/target_8.png
26,2,613,modular,1,q,img/target_1.png
26,2,614,modular,4,b,img/target_6.png
26,2,615,modular,2,v,img/target_5.png
26,2,616,modular,0,o,img/target_9.png
26,2,617,modular,9,u,img/target_7.png
26,2,618,modular,6,w,img/target_2.png
26,2,619,modular,9,u,img/target_7.png
26,2,620,modular,8,e,img/target_3.png
26,2,621,modular,6,w,img/target_2.png
26,2,622,modular,7,r,img/target_4.png
26,2,623,modular,8,e,img/target_3.png
26,2,624,modular,7,r,img/target_4.png
26,2,625,modular,6,w,img/target_2.png
26,2,626,modular,5,p,img/target_10.png
26,2,627,modular,6,w,img/target_2.png
26,2,628,modular,7,r,img/target_4.png
26,2,629,modular,5,p,img/target_10.png
26,2,630,modular,4,b,img/target_6.png
26,2,631,modular,2,v,img/target_5.png
26,2,632,modular,4,b,img/target_6.png
26,2,633,modular,1,q,img/target_1.png
26,2,634,modular,0,o,img/target_9.png
26,2,635,modular,3,i,img/target_8.png
26,2,636,modular,0,o,img/target_9.png
26,2,637,modular,1,q,img/target_1.png
26,2,638,modular,0,o,img/target_9.png
26,2,639,modular,9,u,img/target_7.png
26,2,640,modular,7,r,img/target_4.png
26,2,641,modular,8,e,img/target_3.png
26,2,642,modular,5,p,img/target_10.png
26,2,643,modular,4,b,img/target_6.png
26,2,644,modular,1,q,img/target_1.png
26,2,645,modular,0,o,img/target_9.png
26,2,646,modular,9,u,img/target_7.png
26,2,647,modular,6,w,img/target_2.png
26,2,648,modular,7,r,img/target_4.png
26,2,649,modular,9,u,img/target_7.png
26,2,650,modular,7,r,img/target_4.png
26,2,651,modular,9,u,img/target_7.png
26,2,652,modular,8,e,img/target_3.png
26,2,653,modular,9,u,img/target_7.png
26,2,654,modular,6,w,img/target_2.png
26,2,655,modular,8,e,img/target_3.png
26,2,656,modular,9,u,img/target_7.png
26,2,657,modular,6,w,img/target_2.png
26,2,658,modular,9,u,img/target_7.png
26,2,659,modular,6,w,img/target_2.png
26,2,660,modular,7,r,img/target_4.png
26,2,661,modular,5,p,img/target_10.png
26,2,662,modular,6,w,img/target_2.png
26,2,663,modular,9,u,img/target_7.png
26,2,664,modular,8,e,img/target_3.png
26,2,665,modular,6,w,img/target_2.png
26,2,666,modular,8,e,img/target_3.png
26,2,667,modular,6,w,img/target_2.png
26,2,668,modular,9,u,img/target_7.png
26,2,669,modular,7,r,img/target_4.png
26,2,670,modular,6,w,img/target_2.png
26,2,671,modular,8,e,img/target_3.png
26,2,672,modular,5,p,img/target_10.png
26,2,673,modular,4,b,img/target_6.png
26,2,674,modular,2,v,img/target_5.png
26,2,675,modular,4,b,img/target_6.png
26,2,676,modular,3,i,img/target_8.png
26,2,677,modular,4,b,img/target_6.png
26,2,678,modular,1,q,img/target_1.png
26,2,679,modular,3,i,img/target_8.png
26,2,680,modular,4,b,img/target_6.png
26,2,681,modular,2,v,img/target_5.png
26,2,682,modular,3,i,img/target_8.png
26,2,683,modular,0,o,img/target_9.png
26,2,684,modular,1,q,img/target_1.png
26,2,685,modular,3,i,img/target_8.png
26,2,686,modular,4,b,img/target_6.png
26,2,687,modular,2,v,img/target_5.png
26,2,688,modular,3,i,img/target_8.png
26,2,689,modular,1,q,img/target_1.png
26,2,690,modular,0,o,img/target_9.png
26,2,691,modular,1,q,img/target_1.png
26,2,692,modular,3,i,img/target_8.png
26,2,693,modular,4,b,img/target_6.png
26,2,694,modular,3,i,img/target_8.png
26,2,695,modular,2,v,img/target_5.png
26,2,696,modular,3,i,img/target_8.png
26,2,697,modular,4,b,img/target_6.png
26,2,698,modular,2,v,img/target_5.png
26,2,699,modular,1,q,img/target_1.png
26,2,700,modular,2,v,img/target_5.png
26,2,701,modular,1,q,img/target_1.png
26,2,702,modular,2,v,img/target_5.png
26,2,703,modular,0,o,img/target_9.png
26,2,704,modular,1,q,img/target_1.png
26,2,705,modular,4,b,img/target_6.png
26,2,706,modular,5,p,img/target_10.png
26,2,707,modular,6,w,img/target_2.png
26,2,708,modular,7,r,img/target_4.png
26,2,709,modular,8,e,img/target_3.png
26,2,710,modular,5,p,img/target_10.png
26,2,711,modular,4,b,img/target_6.png
26,2,712,modular,5,p,img/target_10.png
26,2,713,modular,6,w,img/target_2.png
26,2,714,modular,9,u,img/target_7.png
26,2,715,modular,0,o,img/target_9.png
26,2,716,modular,2,v,img/target_5.png
26,2,717,modular,0,o,img/target_9.png
26,2,718,modular,9,u,img/target_7.png
26,2,719,modular,8,e,img/target_3.png
26,2,720,modular,5,p,img/target_10.png
26,2,721,modular,6,w,img/target_2.png
26,2,722,modular,9,u,img/target_7.png
26,2,723,modular,7,r,img/target_4.png
26,2,724,modular,6,w,img/target_2.png
26,2,725,modular,7,r,img/target_4.png
26,2,726,modular,9,u,img/target_7.png
26,2,727,modular,8,e,img/target_3.png
26,2,728,modular,6,w,img/target_2.png
26,2,729,modular,9,u,img/target_7.png
26,2,730,modular,6,w,img/target_2.png
26,2,731,modular,8,e,img/target_3.png
26,2,732,modular,6,w,img/target_2.png
26,2,733,modular,9,u,img/target_7.png
26,2,734,modular,8,e,img/target_3.png
26,2,735,modular,9,u,img/target_7.png
26,2,736,modular,7,r,img/target_4.png
26,2,737,modular,9,u,img/target_7.png
26,2,738,modular,7,r,img/target_4.png
26,2,739,modular,5,p,img/target_10.png
26,2,740,modular,6,w,img/target_2.png
26,2,741,modular,9,u,img/target_7.png
26,2,742,modular,7,r,img/target_4.png
26,2,743,modular,9,u,img/target_7.png
26,2,744,modular,8,e,img/target_3.png
26,2,745,modular,7,r,img/target_4.png
26,2,746,modular,9,u,img/target_7.png
26,2,747,modular,6,w,img/target_2.png
26,2,748,modular,9,u,img/target_7.png
26,2,749,modular,6,w,img/target_2.png
26,2,750,modular,7,r,img/target_4.png
26,2,751,modular,8,e,img/target_3.png
26,2,752,modular,5,p,img/target_10.png
26,2,753,modular,6,w,img/target_2.png
26,2,754,modular,7,r,img/target_4.png
26,2,755,modular,8,e,img/target_3.png
26,2,756,modular,6,w,img/target_2.png
26,2,757,modular,5,p,img/target_10.png
26,2,758,modular,4,b,img/target_6.png
26,2,759,modular,3,i,img/target_8.png
26,2,760,modular,1,q,img/target_1.png
26,2,761,modular,2,v,img/target_5.png
26,2,762,modular,4,b,img/target_6.png
26,2,763,modular,2,v,img/target_5.png
26,2,764,modular,0,o,img/target_9.png
26,2,765,modular,1,q,img/target_1.png
26,2,766,modular,2,v,img/target_5.png
26,2,767,modular,0,o,img/target_9.png
26,2,768,modular,3,i,img/target_8.png
26,2,769,modular,1,q,img/target_1.png
26,2,770,modular,0,o,img/target_9.png
26,2,771,modular,1,q,img/target_1.png
26,2,772,modular,0,o,img/target_9.png
26,2,773,modular,1,q,img/target_1.png
26,2,774,modular,2,v,img/target_5.png
26,2,775,modular,1,q,img/target_1.png
26,2,776,modular,2,v,img/target_5.png
26,2,777,modular,4,b,img/target_6.png
26,2,778,modular,5,p,img/target_10.png
26,2,779,modular,8,e,img/target_3.png
26,2,780,modular,5,p,img/target_10.png
26,2,781,modular,8,e,img/target_3.png
26,2,782,modular,6,w,img/target_2.png
26,2,783,modular,8,e,img/target_3.png
26,2,784,modular,7,r,img/target_4.png
26,2,785,modular,6,w,img/target_2.png
26,2,786,modular,7,r,img/target_4.png
26,2,787,modular,9,u,img/target_7.png
26,2,788,modular,7,r,img/target_4.png
26,2,789,modular,9,u,img/target_7.png
26,2,790,modular,6,w,img/target_2.png
26,2,791,modular,9,u,img/target_7.png
26,2,792,modular,0,o,img/target_9.png
26,2,793,modular,1,q,img/target_1.png
26,2,794,modular,3,i,img/target_8.png
26,2,795,modular,2,v,img/target_5.png
26,2,796,modular,3,i,img/target_8.png
26,2,797,modular,1,q,img/target_1.png
26,2,798,modular,0,o,img/target_9.png
26,2,799,modular,3,i,img/target_8.png
26,2,800,modular,0,o,img/target_9.png
26,2,801,modular,3,i,img/target_8.png
26,2,802,modular,4,b,img/target_6.png
26,2,803,modular,3,i,img/target_8.png
26,2,804,modular,2,v,img/target_5.png
26,2,805,modular,4,b,img/target_6.png
26,2,806,modular,5,p,img/target_10.png
26,2,807,modular,4,b,img/target_6.png
26,2,808,modular,1,q,img/target_1.png
26,2,809,modular,3,i,img/target_8.png
26,2,810,modular,2,v,img/target_5.png
26,2,811,modular,4,b,img/target_6.png
26,2,812,modular,1,q,img/target_1.png
26,2,813,modular,0,o,img/target_9.png
26,2,814,modular,2,v,img/target_5.png
26,2,815,modular,3,i,img/target_8.png
26,2,816,modular,1,q,img/target_1.png
26,2,817,modular,2,v,img/target_5.png
26,2,818,modular,4,b,img/target_6.png
26,2,819,modular,3,i,img/target_8.png
26,2,820,modular,0,o,img/target_9.png
26,2,821,modular,9,u,img/target_7.png
26,2,822,modular,6,w,img/target_2.png
26,2,823,modular,9,u,img/target_7.png
26,2,824,modular,7,r,img/target_4.png
26,2,825,modular,6,w,img/target_2.png
26,2,826,modular,5,p,img/target_10.png
26,2,827,modular,6,w,img/target_2.png
26,2,828,modular,9,u,img/target_7.png
26,2,829,modular,6,w,img/target_2.png
26,2,830,modular,8,e,img/target_3.png
26,2,831,modular,9,u,img/target_7.png
26,2,832,modular,6,w,img/target_2.png
26,2,833,modular,9,u,img/target_7.png
26,2,834,modular,7,r,img/target_4.png
26,2,835,modular,5,p,img/target_10.png
26,2,836,modular,8,e,img/target_3.png
26,2,837,modular,5,p,img/target_10.png
26,2,838,modular,8,e,img/target_3.png
26,2,839,modular,7,r,img/target_4.png
26,2,840,modular,5,p,img/target_10.png
26,2,841,modular,8,e,img/target_3.png
26,2,842,modular,9,u,img/target_7.png
26,2,843,modular,8,e,img/target_3.png
26,2,844,modular,6,w,img/target_2.png
26,2,845,modular,5,p,img/target_10.png
26,2,846,modular,6,w,img/target_2.png
26,2,847,modular,7,r,img/target_4.png
26,2,848,modular,6,w,img/target_2.png
26,2,849,modular,8,e,img/target_3.png
26,2,850,modular,6,w,img/target_2.png
26,2,851,modular,9,u,img/target_7.png
26,2,852,modular,8,e,img/target_3.png
26,2,853,modular,7,r,img/target_4.png
26,2,854,modular,9,u,img/target_7.png
26,2,855,modular,8,e,img/target_3.png
26,2,856,modular,7,r,img/target_4.png
26,2,857,modular,6,w,img/target_2.png
26,2,858,modular,9,u,img/target_7.png
26,2,859,modular,7,r,img/target_4.png
26,2,860,modular,6,w,img/target_2.png
26,2,861,modular,5,p,img/target_10.png
26,2,862,modular,7,r,img/target_4.png
26,2,863,modular,6,w,img/target_2.png
26,2,864,modular,5,p,img/target_10.png
26,2,865,modular,8,e,img/target_3.png
26,2,866,modular,5,p,img/target_10.png
26,2,867,modular,6,w,img/target_2.png
26,2,868,modular,9,u,img/target_7.png
26,2,869,modular,7,r,img/target_4.png
26,2,870,modular,5,p,img/target_10.png
26,2,871,modular,8,e,img/target_3.png
26,2,872,modular,6,w,img/target_2.png
26,2,873,modular,5,p,img/target_10.png
26,2,874,modular,8,e,img/target_3.png
26,2,875,modular,9,u,img/target_7.png
26,2,876,modular,6,w,img/target_2.png
26,2,877,modular,9,u,img/target_7.png
26,2,878,modular,0,o,img/target_9.png
26,2,879,modular,1,q,img/target_1.png
26,2,880,modular,3,i,img/target_8.png
26,2,881,modular,2,v,img/target_5.png
26,2,882,modular,1,q,img/target_1.png
26,2,883,modular,0,o,img/target_9.png
26,2,884,modular,2,v,img/target_5.png
26,2,885,modular,4,b,img/target_6.png
26,2,886,modular,3,i,img/target_8.png
26,2,887,modular,1,q,img/target_1.png
26,2,888,modular,2,v,img/target_5.png
26,2,889,modular,3,i,img/target_8.png
26,2,890,modular,4,b,img/target_6.png
26,2,891,modular,1,q,img/target_1.png
26,2,892,modular,3,i,img/target_8.png
26,2,893,modular,2,v,img/target_5.png
26,2,894,modular,4,b,img/target_6.png
26,2,895,modular,1,q,img/target_1.png
26,2,896,modular,4,b,img/target_6.png
26,2,897,modular,2,v,img/target_5.png
26,2,898,modular,4,b,img/target_6.png
26,2,899,modular,2,v,img/target_5.png
26,2,900,modular,4,b,img/target_6.png
26,2,901,modular,1,q,img/target_1.png
26,2,902,modular,3,i,img/target_8.png
26,2,903,modular,4,b,img/target_6.png
26,2,904,modular,5,p,img/target_10.png
26,2,905,modular,7,r,img/target_4.png
26,2,906,modular,8,e,img/target_3.png
26,2,907,modular,9,u,img/target_7.png
26,2,908,modular,7,r,img/target_4.png
26,2,909,modular,5,p,img/target_10.png
26,2,910,modular,4,b,img/target_6.png
26,2,911,modular,5,p,img/target_10.png
26,2,912,modular,8,e,img/target_3.png
26,2,913,modular,9,u,img/target_7.png
26,2,914,modular,6,w,img/target_2.png
26,2,915,modular,9,u,img/target_7.png
26,2,916,modular,0,o,img/target_9.png
26,2,917,modular,2,v,img/target_5.png
26,2,918,modular,1,q,img/target_1.png
26,2,919,modular,2,v,img/target_5.png
26,2,920,modular,3,i,img/target_8.png
26,2,921,modular,1,q,img/target_1.png
26,2,922,modular,3,i,img/target_8.png
26,2,923,modular,1,q,img/target_1.png
26,2,924,modular,2,v,img/target_5.png
26,2,925,modular,4,b,img/target_6.png
26,2,926,modular,2,v,img/target_5.png
26,2,927,modular,4,b,img/target_6.png
26,2,928,modular,1,q,img/target_1.png
26,2,929,modular,3,i,img/target_8.png
26,2,930,modular,2,v,img/target_5.png
26,2,931,modular,1,q,img/target_1.png
26,2,932,modular,3,i,img/target_8.png
26,2,933,modular,4,b,img/target_6.png
26,2,934,modular,2,v,img/target_5.png
26,2,935,modular,1,q,img/target_1.png
26,2,936,modular,2,v,img/target_5.png
26,2,937,modular,4,b,img/target_6.png
26,2,938,modular,3,i,img/target_8.png
26,2,939,modular,4,b,img/target_6.png
26,2,940,modular,2,v,img/target_5.png
26,2,941,modular,1,q,img/target_1.png
26,2,942,modular,4,b,img/target_6.png
26,2,943,modular,2,v,img/target_5.png
26,2,944,modular,0,o,img/target_9.png
26,2,945,modular,1,q,img/target_1.png
26,2,946,modular,3,i,img/target_8.png
26,2,947,modular,2,v,img/target_5.png
26,2,948,modular,3,i,img/target_8.png
26,2,949,modular,0,o,img/target_9.png
26,2,950,modular,1,q,img/target_1.png
26,2,951,modular,0,o,img/target_9.png
26,2,952,modular,1,q,img/target_1.png
26,2,953,modular,3,i,img/target_8.png
26,2,954,modular,2,v,img/target_5.png
26,2,955,modular,3,i,img/target_8.png
26,2,956,modular,4,b,img/target_6.png
26,2,957,modular,1,q,img/target_1.png
26,2,958,modular,4,b,img/target_6.png
26,2,959,modular,5,p,img/target_10.png
26,2,960,modular,6,w,img/target_2.png
26,2,961,modular,7,r,img/target_4.png
26,2,962,modular,6,w,img/target_2.png
26,2,963,modular,9,u,img/target_7.png
26,2,964,modular,0,o,img/target_9.png
26,2,965,modular,9,u,img/target_7.png
26,2,966,modular,6,w,img/target_2.png
26,2,967,modular,8,e,img/target_3.png
26,2,968,modular,9,u,img/target_7.png
26,2,969,modular,7,r,img/target_4.png
26,2,970,modular,8,e,img/target_3.png
26,2,971,modular,9,u,img/target_7.png
26,2,972,modular,0,o,img/target_9.png
26,2,973,modular,2,v,img/target_5.png
26,2,974,modular,0,o,img/target_9.png
26,2,975,modular,9,u,img/target_7.png
26,2,976,modular,6,w,img/target_2.png
26,2,977,modular,9,u,img/target_7.png
26,2,978,modular,7,r,img/target_4.png
26,2,979,modular,9,u,img/target_7.png
26,2,980,modular,8,e,img/target_3.png
26,2,981,modular,6,w,img/target_2.png
26,2,982,modular,9,u,img/target_7.png
26,2,983,modular,0,o,img/target_9.png
26,2,984,modular,2,v,img/target_5.png
26,2,985,modular,3,i,img/target_8.png
26,2,986,modular,0,o,img/target_9.png
26,2,987,modular,9,u,img/target_7.png
26,2,988,modular,7,r,img/target_4.png
26,2,989,modular,8,e,img/target_3.png
26,2,990,modular,5,p,img/target_10.png
26,2,991,modular,8,e,img/target_3.png
26,2,992,modular,6,w,img/target_2.png
26,2,993,modular,5,p,img/target_10.png
26,2,994,modular,8,e,img/target_3.png
26,2,995,modular,9,u,img/target_7.png
26,2,996,modular,7,r,img/target_4.png
26,2,997,modular,8,e,img/target_3.png
26,2,998,modular,9,u,img/target_7.png
26,2,999,modular,7,r,img/target_4.png
26,2,1000,modular,5,p,img/target_10.png
