pID,trialNum,graph,walk,resp,path
18,1,modular,7,b,img/target_6.png
18,2,modular,5,i,img/target_8.png
18,3,modular,7,b,img/target_6.png
18,4,modular,8,q,img/target_1.png
18,5,modular,5,i,img/target_8.png
18,6,modular,4,e,img/target_3.png
18,7,modular,5,i,img/target_8.png
18,8,modular,7,b,img/target_6.png
18,9,modular,6,r,img/target_4.png
18,10,modular,8,q,img/target_1.png
18,11,modular,7,b,img/target_6.png
18,12,modular,8,q,img/target_1.png
18,13,modular,9,o,img/target_9.png
18,14,modular,6,r,img/target_4.png
18,15,modular,7,b,img/target_6.png
18,16,modular,5,i,img/target_8.png
18,17,modular,6,r,img/target_4.png
18,18,modular,8,q,img/target_1.png
18,19,modular,9,o,img/target_9.png
18,20,modular,8,q,img/target_1.png
18,21,modular,5,i,img/target_8.png
18,22,modular,7,b,img/target_6.png
18,23,modular,8,q,img/target_1.png
18,24,modular,6,r,img/target_4.png
18,25,modular,8,q,img/target_1.png
18,26,modular,6,r,img/target_4.png
18,27,modular,9,o,img/target_9.png
18,28,modular,6,r,img/target_4.png
18,29,modular,7,b,img/target_6.png
18,30,modular,6,r,img/target_4.png
18,31,modular,9,o,img/target_9.png
18,32,modular,6,r,img/target_4.png
18,33,modular,5,i,img/target_8.png
18,34,modular,8,q,img/target_1.png
18,35,modular,5,i,img/target_8.png
18,36,modular,8,q,img/target_1.png
18,37,modular,5,i,img/target_8.png
18,38,modular,7,b,img/target_6.png
18,39,modular,6,r,img/target_4.png
18,40,modular,7,b,img/target_6.png
18,41,modular,8,q,img/target_1.png
18,42,modular,6,r,img/target_4.png
18,43,modular,8,q,img/target_1.png
18,44,modular,5,i,img/target_8.png
18,45,modular,8,q,img/target_1.png
18,46,modular,9,o,img/target_9.png
18,47,modular,7,b,img/target_6.png
18,48,modular,6,r,img/target_4.png
18,49,modular,9,o,img/target_9.png
18,50,modular,8,q,img/target_1.png
18,51,modular,9,o,img/target_9.png
18,52,modular,0,v,img/target_5.png
18,53,modular,2,u,img/target_7.png
18,54,modular,4,e,img/target_3.png
18,55,modular,3,p,img/target_10.png
18,56,modular,0,v,img/target_5.png
18,57,modular,3,p,img/target_10.png
18,58,modular,1,w,img/target_2.png
18,59,modular,2,u,img/target_7.png
18,60,modular,1,w,img/target_2.png
18,61,modular,4,e,img/target_3.png
18,62,modular,2,u,img/target_7.png
18,63,modular,3,p,img/target_10.png
18,64,modular,1,w,img/target_2.png
18,65,modular,4,e,img/target_3.png
18,66,modular,2,u,img/target_7.png
18,67,modular,0,v,img/target_5.png
18,68,modular,9,o,img/target_9.png
18,69,modular,7,b,img/target_6.png
18,70,modular,9,o,img/target_9.png
18,71,modular,6,r,img/target_4.png
18,72,modular,9,o,img/target_9.png
18,73,modular,7,b,img/target_6.png
18,74,modular,5,i,img/target_8.png
18,75,modular,4,e,img/target_3.png
18,76,modular,1,w,img/target_2.png
18,77,modular,2,u,img/target_7.png
18,78,modular,0,v,img/target_5.png
18,79,modular,9,o,img/target_9.png
18,80,modular,7,b,img/target_6.png
18,81,modular,5,i,img/target_8.png
18,82,modular,8,q,img/target_1.png
18,83,modular,7,b,img/target_6.png
18,84,modular,5,i,img/target_8.png
18,85,modular,7,b,img/target_6.png
18,86,modular,5,i,img/target_8.png
18,87,modular,4,e,img/target_3.png
18,88,modular,3,p,img/target_10.png
18,89,modular,0,v,img/target_5.png
18,90,modular,9,o,img/target_9.png
18,91,modular,0,v,img/target_5.png
18,92,modular,3,p,img/target_10.png
18,93,modular,0,v,img/target_5.png
18,94,modular,2,u,img/target_7.png
18,95,modular,4,e,img/target_3.png
18,96,modular,1,w,img/target_2.png
18,97,modular,2,u,img/target_7.png
18,98,modular,1,w,img/target_2.png
18,99,modular,3,p,img/target_10.png
18,100,modular,2,u,img/target_7.png
18,101,modular,3,p,img/target_10.png
18,102,modular,2,u,img/target_7.png
18,103,modular,4,e,img/target_3.png
18,104,modular,5,i,img/target_8.png
18,105,modular,7,b,img/target_6.png
18,106,modular,8,q,img/target_1.png
18,107,modular,7,b,img/target_6.png
18,108,modular,9,o,img/target_9.png
18,109,modular,0,v,img/target_5.png
18,110,modular,9,o,img/target_9.png
18,111,modular,0,v,img/target_5.png
18,112,modular,3,p,img/target_10.png
18,113,modular,2,u,img/target_7.png
18,114,modular,3,p,img/target_10.png
18,115,modular,4,e,img/target_3.png
18,116,modular,3,p,img/target_10.png
18,117,modular,0,v,img/target_5.png
18,118,modular,2,u,img/target_7.png
18,119,modular,4,e,img/target_3.png
18,120,modular,1,w,img/target_2.png
18,121,modular,3,p,img/target_10.png
18,122,modular,2,u,img/target_7.png
18,123,modular,3,p,img/target_10.png
18,124,modular,2,u,img/target_7.png
18,125,modular,1,w,img/target_2.png
18,126,modular,4,e,img/target_3.png
18,127,modular,3,p,img/target_10.png
18,128,modular,4,e,img/target_3.png
18,129,modular,2,u,img/target_7.png
18,130,modular,1,w,img/target_2.png
18,131,modular,2,u,img/target_7.png
18,132,modular,0,v,img/target_5.png
18,133,modular,9,o,img/target_9.png
18,134,modular,7,b,img/target_6.png
18,135,modular,9,o,img/target_9.png
18,136,modular,0,v,img/target_5.png
18,137,modular,9,o,img/target_9.png
18,138,modular,7,b,img/target_6.png
18,139,modular,8,q,img/target_1.png
18,140,modular,5,i,img/target_8.png
18,141,modular,7,b,img/target_6.png
18,142,modular,8,q,img/target_1.png
18,143,modular,7,b,img/target_6.png
18,144,modular,8,q,img/target_1.png
18,145,modular,5,i,img/target_8.png
18,146,modular,4,e,img/target_3.png
18,147,modular,5,i,img/target_8.png
18,148,modular,4,e,img/target_3.png
18,149,modular,5,i,img/target_8.png
18,150,modular,6,r,img/target_4.png
18,151,modular,8,q,img/target_1.png
18,152,modular,6,r,img/target_4.png
18,153,modular,5,i,img/target_8.png
18,154,modular,7,b,img/target_6.png
18,155,modular,6,r,img/target_4.png
18,156,modular,9,o,img/target_9.png
18,157,modular,0,v,img/target_5.png
18,158,modular,1,w,img/target_2.png
18,159,modular,2,u,img/target_7.png
18,160,modular,4,e,img/target_3.png
18,161,modular,1,w,img/target_2.png
18,162,modular,4,e,img/target_3.png
18,163,modular,1,w,img/target_2.png
18,164,modular,3,p,img/target_10.png
18,165,modular,2,u,img/target_7.png
18,166,modular,4,e,img/target_3.png
18,167,modular,5,i,img/target_8.png
18,168,modular,4,e,img/target_3.png
18,169,modular,1,w,img/target_2.png
18,170,modular,0,v,img/target_5.png
18,171,modular,3,p,img/target_10.png
18,172,modular,1,w,img/target_2.png
18,173,modular,4,e,img/target_3.png
18,174,modular,1,w,img/target_2.png
18,175,modular,4,e,img/target_3.png
18,176,modular,5,i,img/target_8.png
18,177,modular,6,r,img/target_4.png
18,178,modular,8,q,img/target_1.png
18,179,modular,5,i,img/target_8.png
18,180,modular,6,r,img/target_4.png
18,181,modular,5,i,img/target_8.png
18,182,modular,7,b,img/target_6.png
18,183,modular,5,i,img/target_8.png
18,184,modular,8,q,img/target_1.png
18,185,modular,7,b,img/target_6.png
18,186,modular,5,i,img/target_8.png
18,187,modular,7,b,img/target_6.png
18,188,modular,9,o,img/target_9.png
18,189,modular,8,q,img/target_1.png
18,190,modular,9,o,img/target_9.png
18,191,modular,7,b,img/target_6.png
18,192,modular,8,q,img/target_1.png
18,193,modular,9,o,img/target_9.png
18,194,modular,0,v,img/target_5.png
18,195,modular,1,w,img/target_2.png
18,196,modular,4,e,img/target_3.png
18,197,modular,3,p,img/target_10.png
18,198,modular,2,u,img/target_7.png
18,199,modular,4,e,img/target_3.png
18,200,modular,1,w,img/target_2.png
18,201,modular,2,u,img/target_7.png
18,202,modular,0,v,img/target_5.png
18,203,modular,3,p,img/target_10.png
18,204,modular,0,v,img/target_5.png
18,205,modular,9,o,img/target_9.png
18,206,modular,8,q,img/target_1.png
18,207,modular,5,i,img/target_8.png
18,208,modular,4,e,img/target_3.png
18,209,modular,3,p,img/target_10.png
18,210,modular,1,w,img/target_2.png
18,211,modular,4,e,img/target_3.png
18,212,modular,3,p,img/target_10.png
18,213,modular,2,u,img/target_7.png
18,214,modular,3,p,img/target_10.png
18,215,modular,1,w,img/target_2.png
18,216,modular,2,u,img/target_7.png
18,217,modular,3,p,img/target_10.png
18,218,modular,0,v,img/target_5.png
18,219,modular,2,u,img/target_7.png
18,220,modular,1,w,img/target_2.png
18,221,modular,3,p,img/target_10.png
18,222,modular,1,w,img/target_2.png
18,223,modular,4,e,img/target_3.png
18,224,modular,2,u,img/target_7.png
18,225,modular,1,w,img/target_2.png
18,226,modular,0,v,img/target_5.png
18,227,modular,1,w,img/target_2.png
18,228,modular,3,p,img/target_10.png
18,229,modular,1,w,img/target_2.png
18,230,modular,4,e,img/target_3.png
18,231,modular,5,i,img/target_8.png
18,232,modular,4,e,img/target_3.png
18,233,modular,2,u,img/target_7.png
18,234,modular,0,v,img/target_5.png
18,235,modular,3,p,img/target_10.png
18,236,modular,1,w,img/target_2.png
18,237,modular,2,u,img/target_7.png
18,238,modular,1,w,img/target_2.png
18,239,modular,3,p,img/target_10.png
18,240,modular,0,v,img/target_5.png
18,241,modular,3,p,img/target_10.png
18,242,modular,2,u,img/target_7.png
18,243,modular,1,w,img/target_2.png
18,244,modular,3,p,img/target_10.png
18,245,modular,1,w,img/target_2.png
18,246,modular,2,u,img/target_7.png
18,247,modular,1,w,img/target_2.png
18,248,modular,3,p,img/target_10.png
18,249,modular,1,w,img/target_2.png
18,250,modular,2,u,img/target_7.png
18,251,modular,4,e,img/target_3.png
18,252,modular,5,i,img/target_8.png
18,253,modular,6,r,img/target_4.png
18,254,modular,8,q,img/target_1.png
18,255,modular,9,o,img/target_9.png
18,256,modular,0,v,img/target_5.png
18,257,modular,1,w,img/target_2.png
18,258,modular,3,p,img/target_10.png
18,259,modular,0,v,img/target_5.png
18,260,modular,1,w,img/target_2.png
18,261,modular,4,e,img/target_3.png
18,262,modular,1,w,img/target_2.png
18,263,modular,3,p,img/target_10.png
18,264,modular,0,v,img/target_5.png
18,265,modular,1,w,img/target_2.png
18,266,modular,4,e,img/target_3.png
18,267,modular,2,u,img/target_7.png
18,268,modular,1,w,img/target_2.png
18,269,modular,3,p,img/target_10.png
18,270,modular,2,u,img/target_7.png
18,271,modular,1,w,img/target_2.png
18,272,modular,0,v,img/target_5.png
18,273,modular,2,u,img/target_7.png
18,274,modular,4,e,img/target_3.png
18,275,modular,1,w,img/target_2.png
18,276,modular,4,e,img/target_3.png
18,277,modular,2,u,img/target_7.png
18,278,modular,4,e,img/target_3.png
18,279,modular,2,u,img/target_7.png
18,280,modular,4,e,img/target_3.png
18,281,modular,2,u,img/target_7.png
18,282,modular,4,e,img/target_3.png
18,283,modular,3,p,img/target_10.png
18,284,modular,4,e,img/target_3.png
18,285,modular,2,u,img/target_7.png
18,286,modular,1,w,img/target_2.png
18,287,modular,2,u,img/target_7.png
18,288,modular,1,w,img/target_2.png
18,289,modular,4,e,img/target_3.png
18,290,modular,1,w,img/target_2.png
18,291,modular,4,e,img/target_3.png
18,292,modular,5,i,img/target_8.png
18,293,modular,7,b,img/target_6.png
18,294,modular,5,i,img/target_8.png
18,295,modular,8,q,img/target_1.png
18,296,modular,7,b,img/target_6.png
18,297,modular,8,q,img/target_1.png
18,298,modular,5,i,img/target_8.png
18,299,modular,4,e,img/target_3.png
18,300,modular,5,i,img/target_8.png
18,301,modular,4,e,img/target_3.png
18,302,modular,1,w,img/target_2.png
18,303,modular,0,v,img/target_5.png
18,304,modular,9,o,img/target_9.png
18,305,modular,8,q,img/target_1.png
18,306,modular,5,i,img/target_8.png
18,307,modular,8,q,img/target_1.png
18,308,modular,9,o,img/target_9.png
18,309,modular,6,r,img/target_4.png
18,310,modular,9,o,img/target_9.png
18,311,modular,0,v,img/target_5.png
18,312,modular,2,u,img/target_7.png
18,313,modular,0,v,img/target_5.png
18,314,modular,3,p,img/target_10.png
18,315,modular,2,u,img/target_7.png
18,316,modular,0,v,img/target_5.png
18,317,modular,3,p,img/target_10.png
18,318,modular,0,v,img/target_5.png
18,319,modular,1,w,img/target_2.png
18,320,modular,0,v,img/target_5.png
18,321,modular,2,u,img/target_7.png
18,322,modular,4,e,img/target_3.png
18,323,modular,5,i,img/target_8.png
18,324,modular,8,q,img/target_1.png
18,325,modular,7,b,img/target_6.png
18,326,modular,6,r,img/target_4.png
18,327,modular,5,i,img/target_8.png
18,328,modular,7,b,img/target_6.png
18,329,modular,6,r,img/target_4.png
18,330,modular,5,i,img/target_8.png
18,331,modular,6,r,img/target_4.png
18,332,modular,5,i,img/target_8.png
18,333,modular,6,r,img/target_4.png
18,334,modular,5,i,img/target_8.png
18,335,modular,6,r,img/target_4.png
18,336,modular,8,q,img/target_1.png
18,337,modular,5,i,img/target_8.png
18,338,modular,7,b,img/target_6.png
18,339,modular,6,r,img/target_4.png
18,340,modular,5,i,img/target_8.png
18,341,modular,4,e,img/target_3.png
18,342,modular,2,u,img/target_7.png
18,343,modular,0,v,img/target_5.png
18,344,modular,2,u,img/target_7.png
18,345,modular,3,p,img/target_10.png
18,346,modular,0,v,img/target_5.png
18,347,modular,3,p,img/target_10.png
18,348,modular,4,e,img/target_3.png
18,349,modular,3,p,img/target_10.png
18,350,modular,1,w,img/target_2.png
18,351,modular,3,p,img/target_10.png
18,352,modular,1,w,img/target_2.png
18,353,modular,0,v,img/target_5.png
18,354,modular,2,u,img/target_7.png
18,355,modular,0,v,img/target_5.png
18,356,modular,1,w,img/target_2.png
18,357,modular,2,u,img/target_7.png
18,358,modular,4,e,img/target_3.png
18,359,modular,3,p,img/target_10.png
18,360,modular,2,u,img/target_7.png
18,361,modular,4,e,img/target_3.png
18,362,modular,5,i,img/target_8.png
18,363,modular,6,r,img/target_4.png
18,364,modular,7,b,img/target_6.png
18,365,modular,9,o,img/target_9.png
18,366,modular,6,r,img/target_4.png
18,367,modular,8,q,img/target_1.png
18,368,modular,5,i,img/target_8.png
18,369,modular,4,e,img/target_3.png
18,370,modular,2,u,img/target_7.png
18,371,modular,1,w,img/target_2.png
18,372,modular,3,p,img/target_10.png
18,373,modular,4,e,img/target_3.png
18,374,modular,3,p,img/target_10.png
18,375,modular,2,u,img/target_7.png
18,376,modular,4,e,img/target_3.png
18,377,modular,3,p,img/target_10.png
18,378,modular,1,w,img/target_2.png
18,379,modular,4,e,img/target_3.png
18,380,modular,2,u,img/target_7.png
18,381,modular,0,v,img/target_5.png
18,382,modular,1,w,img/target_2.png
18,383,modular,2,u,img/target_7.png
18,384,modular,3,p,img/target_10.png
18,385,modular,4,e,img/target_3.png
18,386,modular,1,w,img/target_2.png
18,387,modular,2,u,img/target_7.png
18,388,modular,1,w,img/target_2.png
18,389,modular,4,e,img/target_3.png
18,390,modular,1,w,img/target_2.png
18,391,modular,0,v,img/target_5.png
18,392,modular,1,w,img/target_2.png
18,393,modular,4,e,img/target_3.png
18,394,modular,1,w,img/target_2.png
18,395,modular,0,v,img/target_5.png
18,396,modular,1,w,img/target_2.png
18,397,modular,0,v,img/target_5.png
18,398,modular,1,w,img/target_2.png
18,399,modular,2,u,img/target_7.png
18,400,modular,3,p,img/target_10.png
18,401,modular,2,u,img/target_7.png
18,402,modular,1,w,img/target_2.png
18,403,modular,3,p,img/target_10.png
18,404,modular,4,e,img/target_3.png
18,405,modular,3,p,img/target_10.png
18,406,modular,0,v,img/target_5.png
18,407,modular,9,o,img/target_9.png
18,408,modular,7,b,img/target_6.png
18,409,modular,6,r,img/target_4.png
18,410,modular,9,o,img/target_9.png
18,411,modular,6,r,img/target_4.png
18,412,modular,7,b,img/target_6.png
18,413,modular,5,i,img/target_8.png
18,414,modular,8,q,img/target_1.png
18,415,modular,9,o,img/target_9.png
18,416,modular,6,r,img/target_4.png
18,417,modular,9,o,img/target_9.png
18,418,modular,8,q,img/target_1.png
18,419,modular,7,b,img/target_6.png
18,420,modular,8,q,img/target_1.png
18,421,modular,6,r,img/target_4.png
18,422,modular,5,i,img/target_8.png
18,423,modular,7,b,img/target_6.png
18,424,modular,8,q,img/target_1.png
18,425,modular,6,r,img/target_4.png
18,426,modular,8,q,img/target_1.png
18,427,modular,9,o,img/target_9.png
18,428,modular,7,b,img/target_6.png
18,429,modular,6,r,img/target_4.png
18,430,modular,9,o,img/target_9.png
18,431,modular,0,v,img/target_5.png
18,432,modular,1,w,img/target_2.png
18,433,modular,3,p,img/target_10.png
18,434,modular,2,u,img/target_7.png
18,435,modular,0,v,img/target_5.png
18,436,modular,9,o,img/target_9.png
18,437,modular,6,r,img/target_4.png
18,438,modular,7,b,img/target_6.png
18,439,modular,8,q,img/target_1.png
18,440,modular,5,i,img/target_8.png
18,441,modular,8,q,img/target_1.png
18,442,modular,6,r,img/target_4.png
18,443,modular,8,q,img/target_1.png
18,444,modular,7,b,img/target_6.png
18,445,modular,9,o,img/target_9.png
18,446,modular,8,q,img/target_1.png
18,447,modular,7,b,img/target_6.png
18,448,modular,8,q,img/target_1.png
18,449,modular,5,i,img/target_8.png
18,450,modular,4,e,img/target_3.png
18,451,modular,5,i,img/target_8.png
18,452,modular,8,q,img/target_1.png
18,453,modular,6,r,img/target_4.png
18,454,modular,5,i,img/target_8.png
18,455,modular,7,b,img/target_6.png
18,456,modular,6,r,img/target_4.png
18,457,modular,9,o,img/target_9.png
18,458,modular,8,q,img/target_1.png
18,459,modular,6,r,img/target_4.png
18,460,modular,8,q,img/target_1.png
18,461,modular,7,b,img/target_6.png
18,462,modular,5,i,img/target_8.png
18,463,modular,8,q,img/target_1.png
18,464,modular,5,i,img/target_8.png
18,465,modular,4,e,img/target_3.png
18,466,modular,3,p,img/target_10.png
18,467,modular,2,u,img/target_7.png
18,468,modular,1,w,img/target_2.png
18,469,modular,4,e,img/target_3.png
18,470,modular,1,w,img/target_2.png
18,471,modular,2,u,img/target_7.png
18,472,modular,0,v,img/target_5.png
18,473,modular,2,u,img/target_7.png
18,474,modular,0,v,img/target_5.png
18,475,modular,9,o,img/target_9.png
18,476,modular,0,v,img/target_5.png
18,477,modular,9,o,img/target_9.png
18,478,modular,8,q,img/target_1.png
18,479,modular,9,o,img/target_9.png
18,480,modular,8,q,img/target_1.png
18,481,modular,7,b,img/target_6.png
18,482,modular,6,r,img/target_4.png
18,483,modular,9,o,img/target_9.png
18,484,modular,6,r,img/target_4.png
18,485,modular,9,o,img/target_9.png
18,486,modular,6,r,img/target_4.png
18,487,modular,8,q,img/target_1.png
18,488,modular,5,i,img/target_8.png
18,489,modular,6,r,img/target_4.png
18,490,modular,8,q,img/target_1.png
18,491,modular,9,o,img/target_9.png
18,492,modular,8,q,img/target_1.png
18,493,modular,9,o,img/target_9.png
18,494,modular,8,q,img/target_1.png
18,495,modular,5,i,img/target_8.png
18,496,modular,7,b,img/target_6.png
18,497,modular,8,q,img/target_1.png
18,498,modular,9,o,img/target_9.png
18,499,modular,7,b,img/target_6.png
18,500,modular,6,r,img/target_4.png
18,501,modular,7,b,img/target_6.png
18,502,modular,5,i,img/target_8.png
18,503,modular,6,r,img/target_4.png
18,504,modular,7,b,img/target_6.png
18,505,modular,5,i,img/target_8.png
18,506,modular,7,b,img/target_6.png
18,507,modular,5,i,img/target_8.png
18,508,modular,7,b,img/target_6.png
18,509,modular,5,i,img/target_8.png
18,510,modular,4,e,img/target_3.png
18,511,modular,1,w,img/target_2.png
18,512,modular,4,e,img/target_3.png
18,513,modular,1,w,img/target_2.png
18,514,modular,0,v,img/target_5.png
18,515,modular,9,o,img/target_9.png
18,516,modular,6,r,img/target_4.png
18,517,modular,7,b,img/target_6.png
18,518,modular,6,r,img/target_4.png
18,519,modular,5,i,img/target_8.png
18,520,modular,6,r,img/target_4.png
18,521,modular,5,i,img/target_8.png
18,522,modular,7,b,img/target_6.png
18,523,modular,6,r,img/target_4.png
18,524,modular,5,i,img/target_8.png
18,525,modular,6,r,img/target_4.png
18,526,modular,8,q,img/target_1.png
18,527,modular,7,b,img/target_6.png
18,528,modular,5,i,img/target_8.png
18,529,modular,6,r,img/target_4.png
18,530,modular,7,b,img/target_6.png
18,531,modular,5,i,img/target_8.png
18,532,modular,6,r,img/target_4.png
18,533,modular,5,i,img/target_8.png
18,534,modular,4,e,img/target_3.png
18,535,modular,3,p,img/target_10.png
18,536,modular,1,w,img/target_2.png
18,537,modular,4,e,img/target_3.png
18,538,modular,5,i,img/target_8.png
18,539,modular,7,b,img/target_6.png
18,540,modular,8,q,img/target_1.png
18,541,modular,7,b,img/target_6.png
18,542,modular,8,q,img/target_1.png
18,543,modular,6,r,img/target_4.png
18,544,modular,7,b,img/target_6.png
18,545,modular,9,o,img/target_9.png
18,546,modular,6,r,img/target_4.png
18,547,modular,7,b,img/target_6.png
18,548,modular,8,q,img/target_1.png
18,549,modular,7,b,img/target_6.png
18,550,modular,9,o,img/target_9.png
18,551,modular,6,r,img/target_4.png
18,552,modular,7,b,img/target_6.png
18,553,modular,9,o,img/target_9.png
18,554,modular,6,r,img/target_4.png
18,555,modular,5,i,img/target_8.png
18,556,modular,6,r,img/target_4.png
18,557,modular,8,q,img/target_1.png
18,558,modular,9,o,img/target_9.png
18,559,modular,0,v,img/target_5.png
18,560,modular,2,u,img/target_7.png
18,561,modular,0,v,img/target_5.png
18,562,modular,2,u,img/target_7.png
18,563,modular,1,w,img/target_2.png
18,564,modular,0,v,img/target_5.png
18,565,modular,1,w,img/target_2.png
18,566,modular,2,u,img/target_7.png
18,567,modular,3,p,img/target_10.png
18,568,modular,2,u,img/target_7.png
18,569,modular,4,e,img/target_3.png
18,570,modular,5,i,img/target_8.png
18,571,modular,8,q,img/target_1.png
18,572,modular,9,o,img/target_9.png
18,573,modular,8,q,img/target_1.png
18,574,modular,5,i,img/target_8.png
18,575,modular,4,e,img/target_3.png
18,576,modular,1,w,img/target_2.png
18,577,modular,0,v,img/target_5.png
18,578,modular,2,u,img/target_7.png
18,579,modular,4,e,img/target_3.png
18,580,modular,5,i,img/target_8.png
18,581,modular,4,e,img/target_3.png
18,582,modular,5,i,img/target_8.png
18,583,modular,8,q,img/target_1.png
18,584,modular,5,i,img/target_8.png
18,585,modular,4,e,img/target_3.png
18,586,modular,5,i,img/target_8.png
18,587,modular,6,r,img/target_4.png
18,588,modular,5,i,img/target_8.png
18,589,modular,7,b,img/target_6.png
18,590,modular,8,q,img/target_1.png
18,591,modular,6,r,img/target_4.png
18,592,modular,9,o,img/target_9.png
18,593,modular,7,b,img/target_6.png
18,594,modular,8,q,img/target_1.png
18,595,modular,5,i,img/target_8.png
18,596,modular,4,e,img/target_3.png
18,597,modular,1,w,img/target_2.png
18,598,modular,3,p,img/target_10.png
18,599,modular,0,v,img/target_5.png
18,600,modular,2,u,img/target_7.png
18,601,modular,0,v,img/target_5.png
18,602,modular,3,p,img/target_10.png
18,603,modular,2,u,img/target_7.png
18,604,modular,3,p,img/target_10.png
18,605,modular,4,e,img/target_3.png
18,606,modular,2,u,img/target_7.png
18,607,modular,1,w,img/target_2.png
18,608,modular,3,p,img/target_10.png
18,609,modular,4,e,img/target_3.png
18,610,modular,2,u,img/target_7.png
18,611,modular,3,p,img/target_10.png
18,612,modular,4,e,img/target_3.png
18,613,modular,1,w,img/target_2.png
18,614,modular,0,v,img/target_5.png
18,615,modular,3,p,img/target_10.png
18,616,modular,4,e,img/target_3.png
18,617,modular,1,w,img/target_2.png
18,618,modular,2,u,img/target_7.png
18,619,modular,0,v,img/target_5.png
18,620,modular,2,u,img/target_7.png
18,621,modular,1,w,img/target_2.png
18,622,modular,3,p,img/target_10.png
18,623,modular,0,v,img/target_5.png
18,624,modular,9,o,img/target_9.png
18,625,modular,7,b,img/target_6.png
18,626,modular,6,r,img/target_4.png
18,627,modular,5,i,img/target_8.png
18,628,modular,7,b,img/target_6.png
18,629,modular,8,q,img/target_1.png
18,630,modular,7,b,img/target_6.png
18,631,modular,5,i,img/target_8.png
18,632,modular,8,q,img/target_1.png
18,633,modular,9,o,img/target_9.png
18,634,modular,6,r,img/target_4.png
18,635,modular,5,i,img/target_8.png
18,636,modular,8,q,img/target_1.png
18,637,modular,5,i,img/target_8.png
18,638,modular,7,b,img/target_6.png
18,639,modular,8,q,img/target_1.png
18,640,modular,6,r,img/target_4.png
18,641,modular,7,b,img/target_6.png
18,642,modular,6,r,img/target_4.png
18,643,modular,8,q,img/target_1.png
18,644,modular,6,r,img/target_4.png
18,645,modular,5,i,img/target_8.png
18,646,modular,7,b,img/target_6.png
18,647,modular,6,r,img/target_4.png
18,648,modular,8,q,img/target_1.png
18,649,modular,6,r,img/target_4.png
18,650,modular,8,q,img/target_1.png
18,651,modular,6,r,img/target_4.png
18,652,modular,8,q,img/target_1.png
18,653,modular,5,i,img/target_8.png
18,654,modular,6,r,img/target_4.png
18,655,modular,7,b,img/target_6.png
18,656,modular,9,o,img/target_9.png
18,657,modular,0,v,img/target_5.png
18,658,modular,3,p,img/target_10.png
18,659,modular,2,u,img/target_7.png
18,660,modular,4,e,img/target_3.png
18,661,modular,5,i,img/target_8.png
18,662,modular,7,b,img/target_6.png
18,663,modular,9,o,img/target_9.png
18,664,modular,0,v,img/target_5.png
18,665,modular,3,p,img/target_10.png
18,666,modular,4,e,img/target_3.png
18,667,modular,1,w,img/target_2.png
18,668,modular,4,e,img/target_3.png
18,669,modular,5,i,img/target_8.png
18,670,modular,8,q,img/target_1.png
18,671,modular,6,r,img/target_4.png
18,672,modular,7,b,img/target_6.png
18,673,modular,6,r,img/target_4.png
18,674,modular,7,b,img/target_6.png
18,675,modular,6,r,img/target_4.png
18,676,modular,8,q,img/target_1.png
18,677,modular,5,i,img/target_8.png
18,678,modular,8,q,img/target_1.png
18,679,modular,9,o,img/target_9.png
18,680,modular,0,v,img/target_5.png
18,681,modular,3,p,img/target_10.png
18,682,modular,0,v,img/target_5.png
18,683,modular,3,p,img/target_10.png
18,684,modular,2,u,img/target_7.png
18,685,modular,3,p,img/target_10.png
18,686,modular,1,w,img/target_2.png
18,687,modular,3,p,img/target_10.png
18,688,modular,0,v,img/target_5.png
18,689,modular,9,o,img/target_9.png
18,690,modular,0,v,img/target_5.png
18,691,modular,3,p,img/target_10.png
18,692,modular,0,v,img/target_5.png
18,693,modular,2,u,img/target_7.png
18,694,modular,0,v,img/target_5.png
18,695,modular,9,o,img/target_9.png
18,696,modular,7,b,img/target_6.png
18,697,modular,8,q,img/target_1.png
18,698,modular,5,i,img/target_8.png
18,699,modular,7,b,img/target_6.png
18,700,modular,8,q,img/target_1.png
18,701,modular,9,o,img/target_9.png
18,702,modular,7,b,img/target_6.png
18,703,modular,9,o,img/target_9.png
18,704,modular,6,r,img/target_4.png
18,705,modular,9,o,img/target_9.png
18,706,modular,8,q,img/target_1.png
18,707,modular,9,o,img/target_9.png
18,708,modular,0,v,img/target_5.png
18,709,modular,1,w,img/target_2.png
18,710,modular,2,u,img/target_7.png
18,711,modular,3,p,img/target_10.png
18,712,modular,1,w,img/target_2.png
18,713,modular,3,p,img/target_10.png
18,714,modular,0,v,img/target_5.png
18,715,modular,3,p,img/target_10.png
18,716,modular,4,e,img/target_3.png
18,717,modular,2,u,img/target_7.png
18,718,modular,0,v,img/target_5.png
18,719,modular,2,u,img/target_7.png
18,720,modular,1,w,img/target_2.png
18,721,modular,3,p,img/target_10.png
18,722,modular,1,w,img/target_2.png
18,723,modular,2,u,img/target_7.png
18,724,modular,3,p,img/target_10.png
18,725,modular,4,e,img/target_3.png
18,726,modular,5,i,img/target_8.png
18,727,modular,4,e,img/target_3.png
18,728,modular,2,u,img/target_7.png
18,729,modular,1,w,img/target_2.png
18,730,modular,3,p,img/target_10.png
18,731,modular,0,v,img/target_5.png
18,732,modular,9,o,img/target_9.png
18,733,modular,0,v,img/target_5.png
18,734,modular,3,p,img/target_10.png
18,735,modular,2,u,img/target_7.png
18,736,modular,1,w,img/target_2.png
18,737,modular,3,p,img/target_10.png
18,738,modular,2,u,img/target_7.png
18,739,modular,3,p,img/target_10.png
18,740,modular,2,u,img/target_7.png
18,741,modular,0,v,img/target_5.png
18,742,modular,1,w,img/target_2.png
18,743,modular,2,u,img/target_7.png
18,744,modular,0,v,img/target_5.png
18,745,modular,2,u,img/target_7.png
18,746,modular,3,p,img/target_10.png
18,747,modular,4,e,img/target_3.png
18,748,modular,5,i,img/target_8.png
18,749,modular,7,b,img/target_6.png
18,750,modular,6,r,img/target_4.png
18,751,modular,7,b,img/target_6.png
18,752,modular,9,o,img/target_9.png
18,753,modular,7,b,img/target_6.png
18,754,modular,9,o,img/target_9.png
18,755,modular,8,q,img/target_1.png
18,756,modular,9,o,img/target_9.png
18,757,modular,7,b,img/target_6.png
18,758,modular,5,i,img/target_8.png
18,759,modular,7,b,img/target_6.png
18,760,modular,8,q,img/target_1.png
18,761,modular,7,b,img/target_6.png
18,762,modular,6,r,img/target_4.png
18,763,modular,9,o,img/target_9.png
18,764,modular,7,b,img/target_6.png
18,765,modular,8,q,img/target_1.png
18,766,modular,9,o,img/target_9.png
18,767,modular,6,r,img/target_4.png
18,768,modular,7,b,img/target_6.png
18,769,modular,8,q,img/target_1.png
18,770,modular,5,i,img/target_8.png
18,771,modular,4,e,img/target_3.png
18,772,modular,2,u,img/target_7.png
18,773,modular,0,v,img/target_5.png
18,774,modular,3,p,img/target_10.png
18,775,modular,1,w,img/target_2.png
18,776,modular,4,e,img/target_3.png
18,777,modular,1,w,img/target_2.png
18,778,modular,2,u,img/target_7.png
18,779,modular,3,p,img/target_10.png
18,780,modular,2,u,img/target_7.png
18,781,modular,1,w,img/target_2.png
18,782,modular,4,e,img/target_3.png
18,783,modular,2,u,img/target_7.png
18,784,modular,0,v,img/target_5.png
18,785,modular,9,o,img/target_9.png
18,786,modular,8,q,img/target_1.png
18,787,modular,7,b,img/target_6.png
18,788,modular,6,r,img/target_4.png
18,789,modular,9,o,img/target_9.png
18,790,modular,6,r,img/target_4.png
18,791,modular,5,i,img/target_8.png
18,792,modular,8,q,img/target_1.png
18,793,modular,9,o,img/target_9.png
18,794,modular,8,q,img/target_1.png
18,795,modular,9,o,img/target_9.png
18,796,modular,8,q,img/target_1.png
18,797,modular,5,i,img/target_8.png
18,798,modular,6,r,img/target_4.png
18,799,modular,5,i,img/target_8.png
18,800,modular,6,r,img/target_4.png
18,801,modular,8,q,img/target_1.png
18,802,modular,5,i,img/target_8.png
18,803,modular,6,r,img/target_4.png
18,804,modular,9,o,img/target_9.png
18,805,modular,8,q,img/target_1.png
18,806,modular,5,i,img/target_8.png
18,807,modular,6,r,img/target_4.png
18,808,modular,7,b,img/target_6.png
18,809,modular,9,o,img/target_9.png
18,810,modular,6,r,img/target_4.png
18,811,modular,9,o,img/target_9.png
18,812,modular,8,q,img/target_1.png
18,813,modular,9,o,img/target_9.png
18,814,modular,6,r,img/target_4.png
18,815,modular,8,q,img/target_1.png
18,816,modular,5,i,img/target_8.png
18,817,modular,8,q,img/target_1.png
18,818,modular,6,r,img/target_4.png
18,819,modular,7,b,img/target_6.png
18,820,modular,9,o,img/target_9.png
18,821,modular,0,v,img/target_5.png
18,822,modular,9,o,img/target_9.png
18,823,modular,0,v,img/target_5.png
18,824,modular,1,w,img/target_2.png
18,825,modular,3,p,img/target_10.png
18,826,modular,0,v,img/target_5.png
18,827,modular,1,w,img/target_2.png
18,828,modular,4,e,img/target_3.png
18,829,modular,3,p,img/target_10.png
18,830,modular,4,e,img/target_3.png
18,831,modular,2,u,img/target_7.png
18,832,modular,1,w,img/target_2.png
18,833,modular,3,p,img/target_10.png
18,834,modular,0,v,img/target_5.png
18,835,modular,1,w,img/target_2.png
18,836,modular,3,p,img/target_10.png
18,837,modular,2,u,img/target_7.png
18,838,modular,1,w,img/target_2.png
18,839,modular,0,v,img/target_5.png
18,840,modular,1,w,img/target_2.png
18,841,modular,2,u,img/target_7.png
18,842,modular,0,v,img/target_5.png
18,843,modular,2,u,img/target_7.png
18,844,modular,1,w,img/target_2.png
18,845,modular,2,u,img/target_7.png
18,846,modular,4,e,img/target_3.png
18,847,modular,5,i,img/target_8.png
18,848,modular,8,q,img/target_1.png
18,849,modular,6,r,img/target_4.png
18,850,modular,5,i,img/target_8.png
18,851,modular,8,q,img/target_1.png
18,852,modular,7,b,img/target_6.png
18,853,modular,6,r,img/target_4.png
18,854,modular,7,b,img/target_6.png
18,855,modular,5,i,img/target_8.png
18,856,modular,8,q,img/target_1.png
18,857,modular,5,i,img/target_8.png
18,858,modular,8,q,img/target_1.png
18,859,modular,6,r,img/target_4.png
18,860,modular,9,o,img/target_9.png
18,861,modular,6,r,img/target_4.png
18,862,modular,7,b,img/target_6.png
18,863,modular,5,i,img/target_8.png
18,864,modular,7,b,img/target_6.png
18,865,modular,5,i,img/target_8.png
18,866,modular,8,q,img/target_1.png
18,867,modular,9,o,img/target_9.png
18,868,modular,8,q,img/target_1.png
18,869,modular,6,r,img/target_4.png
18,870,modular,9,o,img/target_9.png
18,871,modular,7,b,img/target_6.png
18,872,modular,5,i,img/target_8.png
18,873,modular,4,e,img/target_3.png
18,874,modular,2,u,img/target_7.png
18,875,modular,4,e,img/target_3.png
18,876,modular,3,p,img/target_10.png
18,877,modular,0,v,img/target_5.png
18,878,modular,1,w,img/target_2.png
18,879,modular,2,u,img/target_7.png
18,880,modular,4,e,img/target_3.png
18,881,modular,3,p,img/target_10.png
18,882,modular,1,w,img/target_2.png
18,883,modular,2,u,img/target_7.png
18,884,modular,1,w,img/target_2.png
18,885,modular,3,p,img/target_10.png
18,886,modular,0,v,img/target_5.png
18,887,modular,3,p,img/target_10.png
18,888,modular,4,e,img/target_3.png
18,889,modular,2,u,img/target_7.png
18,890,modular,3,p,img/target_10.png
18,891,modular,1,w,img/target_2.png
18,892,modular,0,v,img/target_5.png
18,893,modular,3,p,img/target_10.png
18,894,modular,4,e,img/target_3.png
18,895,modular,1,w,img/target_2.png
18,896,modular,2,u,img/target_7.png
18,897,modular,3,p,img/target_10.png
18,898,modular,4,e,img/target_3.png
18,899,modular,3,p,img/target_10.png
18,900,modular,2,u,img/target_7.png
18,901,modular,3,p,img/target_10.png
18,902,modular,4,e,img/target_3.png
18,903,modular,1,w,img/target_2.png
18,904,modular,3,p,img/target_10.png
18,905,modular,2,u,img/target_7.png
18,906,modular,0,v,img/target_5.png
18,907,modular,1,w,img/target_2.png
18,908,modular,4,e,img/target_3.png
18,909,modular,3,p,img/target_10.png
18,910,modular,0,v,img/target_5.png
18,911,modular,2,u,img/target_7.png
18,912,modular,4,e,img/target_3.png
18,913,modular,3,p,img/target_10.png
18,914,modular,4,e,img/target_3.png
18,915,modular,3,p,img/target_10.png
18,916,modular,2,u,img/target_7.png
18,917,modular,3,p,img/target_10.png
18,918,modular,1,w,img/target_2.png
18,919,modular,3,p,img/target_10.png
18,920,modular,1,w,img/target_2.png
18,921,modular,4,e,img/target_3.png
18,922,modular,2,u,img/target_7.png
18,923,modular,3,p,img/target_10.png
18,924,modular,0,v,img/target_5.png
18,925,modular,2,u,img/target_7.png
18,926,modular,3,p,img/target_10.png
18,927,modular,0,v,img/target_5.png
18,928,modular,9,o,img/target_9.png
18,929,modular,8,q,img/target_1.png
18,930,modular,6,r,img/target_4.png
18,931,modular,8,q,img/target_1.png
18,932,modular,5,i,img/target_8.png
18,933,modular,8,q,img/target_1.png
18,934,modular,7,b,img/target_6.png
18,935,modular,6,r,img/target_4.png
18,936,modular,8,q,img/target_1.png
18,937,modular,5,i,img/target_8.png
18,938,modular,6,r,img/target_4.png
18,939,modular,7,b,img/target_6.png
18,940,modular,6,r,img/target_4.png
18,941,modular,8,q,img/target_1.png
18,942,modular,7,b,img/target_6.png
18,943,modular,9,o,img/target_9.png
18,944,modular,7,b,img/target_6.png
18,945,modular,8,q,img/target_1.png
18,946,modular,6,r,img/target_4.png
18,947,modular,5,i,img/target_8.png
18,948,modular,4,e,img/target_3.png
18,949,modular,1,w,img/target_2.png
18,950,modular,2,u,img/target_7.png
18,951,modular,4,e,img/target_3.png
18,952,modular,2,u,img/target_7.png
18,953,modular,0,v,img/target_5.png
18,954,modular,9,o,img/target_9.png
18,955,modular,8,q,img/target_1.png
18,956,modular,5,i,img/target_8.png
18,957,modular,6,r,img/target_4.png
18,958,modular,7,b,img/target_6.png
18,959,modular,6,r,img/target_4.png
18,960,modular,8,q,img/target_1.png
18,961,modular,9,o,img/target_9.png
18,962,modular,7,b,img/target_6.png
18,963,modular,8,q,img/target_1.png
18,964,modular,5,i,img/target_8.png
18,965,modular,7,b,img/target_6.png
18,966,modular,6,r,img/target_4.png
18,967,modular,7,b,img/target_6.png
18,968,modular,8,q,img/target_1.png
18,969,modular,6,r,img/target_4.png
18,970,modular,9,o,img/target_9.png
18,971,modular,7,b,img/target_6.png
18,972,modular,8,q,img/target_1.png
18,973,modular,9,o,img/target_9.png
18,974,modular,8,q,img/target_1.png
18,975,modular,7,b,img/target_6.png
18,976,modular,6,r,img/target_4.png
18,977,modular,7,b,img/target_6.png
18,978,modular,6,r,img/target_4.png
18,979,modular,7,b,img/target_6.png
18,980,modular,9,o,img/target_9.png
18,981,modular,6,r,img/target_4.png
18,982,modular,8,q,img/target_1.png
18,983,modular,7,b,img/target_6.png
18,984,modular,5,i,img/target_8.png
18,985,modular,4,e,img/target_3.png
18,986,modular,1,w,img/target_2.png
18,987,modular,2,u,img/target_7.png
18,988,modular,0,v,img/target_5.png
18,989,modular,1,w,img/target_2.png
18,990,modular,4,e,img/target_3.png
18,991,modular,1,w,img/target_2.png
18,992,modular,0,v,img/target_5.png
18,993,modular,1,w,img/target_2.png
18,994,modular,3,p,img/target_10.png
18,995,modular,4,e,img/target_3.png
18,996,modular,5,i,img/target_8.png
18,997,modular,6,r,img/target_4.png
18,998,modular,8,q,img/target_1.png
18,999,modular,7,b,img/target_6.png
18,1000,modular,5,i,img/target_8.png
