pID,trialNum,graph,walk,resp,path
26,1,modular,7,i,img/target_8.png
26,2,modular,5,q,img/target_1.png
26,3,modular,4,o,img/target_9.png
26,4,modular,1,w,img/target_2.png
26,5,modular,3,p,img/target_10.png
26,6,modular,4,o,img/target_9.png
26,7,modular,5,q,img/target_1.png
26,8,modular,6,e,img/target_3.png
26,9,modular,9,v,img/target_5.png
26,10,modular,0,b,img/target_6.png
26,11,modular,2,r,img/target_4.png
26,12,modular,0,b,img/target_6.png
26,13,modular,9,v,img/target_5.png
26,14,modular,0,b,img/target_6.png
26,15,modular,1,w,img/target_2.png
26,16,modular,4,o,img/target_9.png
26,17,modular,2,r,img/target_4.png
26,18,modular,4,o,img/target_9.png
26,19,modular,3,p,img/target_10.png
26,20,modular,2,r,img/target_4.png
26,21,modular,3,p,img/target_10.png
26,22,modular,4,o,img/target_9.png
26,23,modular,2,r,img/target_4.png
26,24,modular,0,b,img/target_6.png
26,25,modular,1,w,img/target_2.png
26,26,modular,0,b,img/target_6.png
26,27,modular,9,v,img/target_5.png
26,28,modular,6,e,img/target_3.png
26,29,modular,8,u,img/target_7.png
26,30,modular,6,e,img/target_3.png
26,31,modular,7,i,img/target_8.png
26,32,modular,6,e,img/target_3.png
26,33,modular,7,i,img/target_8.png
26,34,modular,8,u,img/target_7.png
26,35,modular,7,i,img/target_8.png
26,36,modular,6,e,img/target_3.png
26,37,modular,9,v,img/target_5.png
26,38,modular,7,i,img/target_8.png
26,39,modular,9,v,img/target_5.png
26,40,modular,7,i,img/target_8.png
26,41,modular,5,q,img/target_1.png
26,42,modular,4,o,img/target_9.png
26,43,modular,3,p,img/target_10.png
26,44,modular,1,w,img/target_2.png
26,45,modular,3,p,img/target_10.png
26,46,modular,0,b,img/target_6.png
26,47,modular,9,v,img/target_5.png
26,48,modular,8,u,img/target_7.png
26,49,modular,6,e,img/target_3.png
26,50,modular,8,u,img/target_7.png
26,51,modular,7,i,img/target_8.png
26,52,modular,6,e,img/target_3.png
26,53,modular,5,q,img/target_1.png
26,54,modular,8,u,img/target_7.png
26,55,modular,7,i,img/target_8.png
26,56,modular,6,e,img/target_3.png
26,57,modular,9,v,img/target_5.png
26,58,modular,0,b,img/target_6.png
26,59,modular,2,r,img/target_4.png
26,60,modular,3,p,img/target_10.png
26,61,modular,2,r,img/target_4.png
26,62,modular,0,b,img/target_6.png
26,63,modular,2,r,img/target_4.png
26,64,modular,0,b,img/target_6.png
26,65,modular,3,p,img/target_10.png
26,66,modular,4,o,img/target_9.png
26,67,modular,2,r,img/target_4.png
26,68,modular,1,w,img/target_2.png
26,69,modular,4,o,img/target_9.png
26,70,modular,3,p,img/target_10.png
26,71,modular,2,r,img/target_4.png
26,72,modular,3,p,img/target_10.png
26,73,modular,4,o,img/target_9.png
26,74,modular,5,q,img/target_1.png
26,75,modular,6,e,img/target_3.png
26,76,modular,5,q,img/target_1.png
26,77,modular,6,e,img/target_3.png
26,78,modular,9,v,img/target_5.png
26,79,modular,7,i,img/target_8.png
26,80,modular,6,e,img/target_3.png
26,81,modular,9,v,img/target_5.png
26,82,modular,8,u,img/target_7.png
26,83,modular,7,i,img/target_8.png
26,84,modular,6,e,img/target_3.png
26,85,modular,9,v,img/target_5.png
26,86,modular,0,b,img/target_6.png
26,87,modular,9,v,img/target_5.png
26,88,modular,0,b,img/target_6.png
26,89,modular,1,w,img/target_2.png
26,90,modular,4,o,img/target_9.png
26,91,modular,3,p,img/target_10.png
26,92,modular,1,w,img/target_2.png
26,93,modular,2,r,img/target_4.png
26,94,modular,3,p,img/target_10.png
26,95,modular,2,r,img/target_4.png
26,96,modular,0,b,img/target_6.png
26,97,modular,9,v,img/target_5.png
26,98,modular,7,i,img/target_8.png
26,99,modular,6,e,img/target_3.png
26,100,modular,5,q,img/target_1.png
26,101,modular,8,u,img/target_7.png
26,102,modular,7,i,img/target_8.png
26,103,modular,5,q,img/target_1.png
26,104,modular,4,o,img/target_9.png
26,105,modular,1,w,img/target_2.png
26,106,modular,0,b,img/target_6.png
26,107,modular,9,v,img/target_5.png
26,108,modular,8,u,img/target_7.png
26,109,modular,7,i,img/target_8.png
26,110,modular,5,q,img/target_1.png
26,111,modular,4,o,img/target_9.png
26,112,modular,2,r,img/target_4.png
26,113,modular,0,b,img/target_6.png
26,114,modular,2,r,img/target_4.png
26,115,modular,4,o,img/target_9.png
26,116,modular,5,q,img/target_1.png
26,117,modular,8,u,img/target_7.png
26,118,modular,6,e,img/target_3.png
26,119,modular,5,q,img/target_1.png
26,120,modular,6,e,img/target_3.png
26,121,modular,8,u,img/target_7.png
26,122,modular,6,e,img/target_3.png
26,123,modular,9,v,img/target_5.png
26,124,modular,0,b,img/target_6.png
26,125,modular,9,v,img/target_5.png
26,126,modular,8,u,img/target_7.png
26,127,modular,5,q,img/target_1.png
26,128,modular,6,e,img/target_3.png
26,129,modular,9,v,img/target_5.png
26,130,modular,8,u,img/target_7.png
26,131,modular,6,e,img/target_3.png
26,132,modular,7,i,img/target_8.png
26,133,modular,5,q,img/target_1.png
26,134,modular,7,i,img/target_8.png
26,135,modular,9,v,img/target_5.png
26,136,modular,8,u,img/target_7.png
26,137,modular,5,q,img/target_1.png
26,138,modular,6,e,img/target_3.png
26,139,modular,5,q,img/target_1.png
26,140,modular,4,o,img/target_9.png
26,141,modular,3,p,img/target_10.png
26,142,modular,4,o,img/target_9.png
26,143,modular,3,p,img/target_10.png
26,144,modular,4,o,img/target_9.png
26,145,modular,3,p,img/target_10.png
26,146,modular,0,b,img/target_6.png
26,147,modular,1,w,img/target_2.png
26,148,modular,4,o,img/target_9.png
26,149,modular,5,q,img/target_1.png
26,150,modular,7,i,img/target_8.png
26,151,modular,6,e,img/target_3.png
26,152,modular,7,i,img/target_8.png
26,153,modular,9,v,img/target_5.png
26,154,modular,7,i,img/target_8.png
26,155,modular,9,v,img/target_5.png
26,156,modular,7,i,img/target_8.png
26,157,modular,6,e,img/target_3.png
26,158,modular,7,i,img/target_8.png
26,159,modular,8,u,img/target_7.png
26,160,modular,7,i,img/target_8.png
26,161,modular,9,v,img/target_5.png
26,162,modular,0,b,img/target_6.png
26,163,modular,1,w,img/target_2.png
26,164,modular,2,r,img/target_4.png
26,165,modular,3,p,img/target_10.png
26,166,modular,4,o,img/target_9.png
26,167,modular,1,w,img/target_2.png
26,168,modular,3,p,img/target_10.png
26,169,modular,1,w,img/target_2.png
26,170,modular,0,b,img/target_6.png
26,171,modular,2,r,img/target_4.png
26,172,modular,1,w,img/target_2.png
26,173,modular,4,o,img/target_9.png
26,174,modular,3,p,img/target_10.png
26,175,modular,4,o,img/target_9.png
26,176,modular,2,r,img/target_4.png
26,177,modular,0,b,img/target_6.png
26,178,modular,2,r,img/target_4.png
26,179,modular,4,o,img/target_9.png
26,180,modular,5,q,img/target_1.png
26,181,modular,7,i,img/target_8.png
26,182,modular,9,v,img/target_5.png
26,183,modular,7,i,img/target_8.png
26,184,modular,5,q,img/target_1.png
26,185,modular,6,e,img/target_3.png
26,186,modular,7,i,img/target_8.png
26,187,modular,6,e,img/target_3.png
26,188,modular,5,q,img/target_1.png
26,189,modular,8,u,img/target_7.png
26,190,modular,7,i,img/target_8.png
26,191,modular,8,u,img/target_7.png
26,192,modular,9,v,img/target_5.png
26,193,modular,8,u,img/target_7.png
26,194,modular,6,e,img/target_3.png
26,195,modular,7,i,img/target_8.png
26,196,modular,9,v,img/target_5.png
26,197,modular,7,i,img/target_8.png
26,198,modular,9,v,img/target_5.png
26,199,modular,6,e,img/target_3.png
26,200,modular,7,i,img/target_8.png
26,201,modular,6,e,img/target_3.png
26,202,modular,7,i,img/target_8.png
26,203,modular,8,u,img/target_7.png
26,204,modular,5,q,img/target_1.png
26,205,modular,4,o,img/target_9.png
26,206,modular,1,w,img/target_2.png
26,207,modular,0,b,img/target_6.png
26,208,modular,3,p,img/target_10.png
26,209,modular,2,r,img/target_4.png
26,210,modular,1,w,img/target_2.png
26,211,modular,4,o,img/target_9.png
26,212,modular,3,p,img/target_10.png
26,213,modular,2,r,img/target_4.png
26,214,modular,1,w,img/target_2.png
26,215,modular,2,r,img/target_4.png
26,216,modular,1,w,img/target_2.png
26,217,modular,4,o,img/target_9.png
26,218,modular,5,q,img/target_1.png
26,219,modular,7,i,img/target_8.png
26,220,modular,8,u,img/target_7.png
26,221,modular,5,q,img/target_1.png
26,222,modular,7,i,img/target_8.png
26,223,modular,6,e,img/target_3.png
26,224,modular,8,u,img/target_7.png
26,225,modular,7,i,img/target_8.png
26,226,modular,6,e,img/target_3.png
26,227,modular,8,u,img/target_7.png
26,228,modular,9,v,img/target_5.png
26,229,modular,6,e,img/target_3.png
26,230,modular,5,q,img/target_1.png
26,231,modular,6,e,img/target_3.png
26,232,modular,9,v,img/target_5.png
26,233,modular,0,b,img/target_6.png
26,234,modular,3,p,img/target_10.png
26,235,modular,4,o,img/target_9.png
26,236,modular,3,p,img/target_10.png
26,237,modular,2,r,img/target_4.png
26,238,modular,0,b,img/target_6.png
26,239,modular,1,w,img/target_2.png
26,240,modular,0,b,img/target_6.png
26,241,modular,9,v,img/target_5.png
26,242,modular,6,e,img/target_3.png
26,243,modular,5,q,img/target_1.png
26,244,modular,7,i,img/target_8.png
26,245,modular,8,u,img/target_7.png
26,246,modular,5,q,img/target_1.png
26,247,modular,4,o,img/target_9.png
26,248,modular,1,w,img/target_2.png
26,249,modular,4,o,img/target_9.png
26,250,modular,1,w,img/target_2.png
26,251,modular,3,p,img/target_10.png
26,252,modular,0,b,img/target_6.png
26,253,modular,9,v,img/target_5.png
26,254,modular,8,u,img/target_7.png
26,255,modular,6,e,img/target_3.png
26,256,modular,9,v,img/target_5.png
26,257,modular,7,i,img/target_8.png
26,258,modular,6,e,img/target_3.png
26,259,modular,7,i,img/target_8.png
26,260,modular,6,e,img/target_3.png
26,261,modular,8,u,img/target_7.png
26,262,modular,5,q,img/target_1.png
26,263,modular,4,o,img/target_9.png
26,264,modular,3,p,img/target_10.png
26,265,modular,1,w,img/target_2.png
26,266,modular,0,b,img/target_6.png
26,267,modular,2,r,img/target_4.png
26,268,modular,1,w,img/target_2.png
26,269,modular,4,o,img/target_9.png
26,270,modular,3,p,img/target_10.png
26,271,modular,2,r,img/target_4.png
26,272,modular,0,b,img/target_6.png
26,273,modular,2,r,img/target_4.png
26,274,modular,3,p,img/target_10.png
26,275,modular,1,w,img/target_2.png
26,276,modular,0,b,img/target_6.png
26,277,modular,2,r,img/target_4.png
26,278,modular,3,p,img/target_10.png
26,279,modular,4,o,img/target_9.png
26,280,modular,2,r,img/target_4.png
26,281,modular,1,w,img/target_2.png
26,282,modular,4,o,img/target_9.png
26,283,modular,2,r,img/target_4.png
26,284,modular,0,b,img/target_6.png
26,285,modular,1,w,img/target_2.png
26,286,modular,0,b,img/target_6.png
26,287,modular,3,p,img/target_10.png
26,288,modular,2,r,img/target_4.png
26,289,modular,3,p,img/target_10.png
26,290,modular,2,r,img/target_4.png
26,291,modular,3,p,img/target_10.png
26,292,modular,4,o,img/target_9.png
26,293,modular,1,w,img/target_2.png
26,294,modular,0,b,img/target_6.png
26,295,modular,1,w,img/target_2.png
26,296,modular,0,b,img/target_6.png
26,297,modular,1,w,img/target_2.png
26,298,modular,0,b,img/target_6.png
26,299,modular,9,v,img/target_5.png
26,300,modular,7,i,img/target_8.png
26,301,modular,9,v,img/target_5.png
26,302,modular,7,i,img/target_8.png
26,303,modular,9,v,img/target_5.png
26,304,modular,7,i,img/target_8.png
26,305,modular,5,q,img/target_1.png
26,306,modular,8,u,img/target_7.png
26,307,modular,7,i,img/target_8.png
26,308,modular,9,v,img/target_5.png
26,309,modular,6,e,img/target_3.png
26,310,modular,7,i,img/target_8.png
26,311,modular,6,e,img/target_3.png
26,312,modular,5,q,img/target_1.png
26,313,modular,6,e,img/target_3.png
26,314,modular,7,i,img/target_8.png
26,315,modular,5,q,img/target_1.png
26,316,modular,8,u,img/target_7.png
26,317,modular,6,e,img/target_3.png
26,318,modular,8,u,img/target_7.png
26,319,modular,9,v,img/target_5.png
26,320,modular,8,u,img/target_7.png
26,321,modular,5,q,img/target_1.png
26,322,modular,4,o,img/target_9.png
26,323,modular,5,q,img/target_1.png
26,324,modular,6,e,img/target_3.png
26,325,modular,8,u,img/target_7.png
26,326,modular,9,v,img/target_5.png
26,327,modular,7,i,img/target_8.png
26,328,modular,6,e,img/target_3.png
26,329,modular,5,q,img/target_1.png
26,330,modular,7,i,img/target_8.png
26,331,modular,8,u,img/target_7.png
26,332,modular,5,q,img/target_1.png
26,333,modular,4,o,img/target_9.png
26,334,modular,2,r,img/target_4.png
26,335,modular,0,b,img/target_6.png
26,336,modular,9,v,img/target_5.png
26,337,modular,7,i,img/target_8.png
26,338,modular,6,e,img/target_3.png
26,339,modular,8,u,img/target_7.png
26,340,modular,9,v,img/target_5.png
26,341,modular,8,u,img/target_7.png
26,342,modular,7,i,img/target_8.png
26,343,modular,9,v,img/target_5.png
26,344,modular,8,u,img/target_7.png
26,345,modular,5,q,img/target_1.png
26,346,modular,4,o,img/target_9.png
26,347,modular,2,r,img/target_4.png
26,348,modular,4,o,img/target_9.png
26,349,modular,1,w,img/target_2.png
26,350,modular,2,r,img/target_4.png
26,351,modular,1,w,img/target_2.png
26,352,modular,3,p,img/target_10.png
26,353,modular,1,w,img/target_2.png
26,354,modular,4,o,img/target_9.png
26,355,modular,1,w,img/target_2.png
26,356,modular,4,o,img/target_9.png
26,357,modular,1,w,img/target_2.png
26,358,modular,0,b,img/target_6.png
26,359,modular,9,v,img/target_5.png
26,360,modular,0,b,img/target_6.png
26,361,modular,3,p,img/target_10.png
26,362,modular,4,o,img/target_9.png
26,363,modular,2,r,img/target_4.png
26,364,modular,1,w,img/target_2.png
26,365,modular,2,r,img/target_4.png
26,366,modular,0,b,img/target_6.png
26,367,modular,2,r,img/target_4.png
26,368,modular,0,b,img/target_6.png
26,369,modular,1,w,img/target_2.png
26,370,modular,3,p,img/target_10.png
26,371,modular,0,b,img/target_6.png
26,372,modular,2,r,img/target_4.png
26,373,modular,3,p,img/target_10.png
26,374,modular,4,o,img/target_9.png
26,375,modular,2,r,img/target_4.png
26,376,modular,4,o,img/target_9.png
26,377,modular,5,q,img/target_1.png
26,378,modular,8,u,img/target_7.png
26,379,modular,9,v,img/target_5.png
26,380,modular,6,e,img/target_3.png
26,381,modular,7,i,img/target_8.png
26,382,modular,6,e,img/target_3.png
26,383,modular,5,q,img/target_1.png
26,384,modular,4,o,img/target_9.png
26,385,modular,2,r,img/target_4.png
26,386,modular,3,p,img/target_10.png
26,387,modular,0,b,img/target_6.png
26,388,modular,1,w,img/target_2.png
26,389,modular,0,b,img/target_6.png
26,390,modular,9,v,img/target_5.png
26,391,modular,6,e,img/target_3.png
26,392,modular,8,u,img/target_7.png
26,393,modular,7,i,img/target_8.png
26,394,modular,5,q,img/target_1.png
26,395,modular,4,o,img/target_9.png
26,396,modular,2,r,img/target_4.png
26,397,modular,4,o,img/target_9.png
26,398,modular,5,q,img/target_1.png
26,399,modular,7,i,img/target_8.png
26,400,modular,9,v,img/target_5.png
26,401,modular,7,i,img/target_8.png
26,402,modular,6,e,img/target_3.png
26,403,modular,9,v,img/target_5.png
26,404,modular,7,i,img/target_8.png
26,405,modular,5,q,img/target_1.png
26,406,modular,6,e,img/target_3.png
26,407,modular,5,q,img/target_1.png
26,408,modular,6,e,img/target_3.png
26,409,modular,5,q,img/target_1.png
26,410,modular,4,o,img/target_9.png
26,411,modular,5,q,img/target_1.png
26,412,modular,6,e,img/target_3.png
26,413,modular,5,q,img/target_1.png
26,414,modular,4,o,img/target_9.png
26,415,modular,2,r,img/target_4.png
26,416,modular,0,b,img/target_6.png
26,417,modular,3,p,img/target_10.png
26,418,modular,1,w,img/target_2.png
26,419,modular,3,p,img/target_10.png
26,420,modular,0,b,img/target_6.png
26,421,modular,9,v,img/target_5.png
26,422,modular,0,b,img/target_6.png
26,423,modular,2,r,img/target_4.png
26,424,modular,4,o,img/target_9.png
26,425,modular,5,q,img/target_1.png
26,426,modular,6,e,img/target_3.png
26,427,modular,5,q,img/target_1.png
26,428,modular,6,e,img/target_3.png
26,429,modular,8,u,img/target_7.png
26,430,modular,5,q,img/target_1.png
26,431,modular,8,u,img/target_7.png
26,432,modular,7,i,img/target_8.png
26,433,modular,9,v,img/target_5.png
26,434,modular,7,i,img/target_8.png
26,435,modular,6,e,img/target_3.png
26,436,modular,7,i,img/target_8.png
26,437,modular,8,u,img/target_7.png
26,438,modular,7,i,img/target_8.png
26,439,modular,6,e,img/target_3.png
26,440,modular,9,v,img/target_5.png
26,441,modular,8,u,img/target_7.png
26,442,modular,9,v,img/target_5.png
26,443,modular,6,e,img/target_3.png
26,444,modular,5,q,img/target_1.png
26,445,modular,7,i,img/target_8.png
26,446,modular,8,u,img/target_7.png
26,447,modular,7,i,img/target_8.png
26,448,modular,8,u,img/target_7.png
26,449,modular,7,i,img/target_8.png
26,450,modular,5,q,img/target_1.png
26,451,modular,4,o,img/target_9.png
26,452,modular,2,r,img/target_4.png
26,453,modular,3,p,img/target_10.png
26,454,modular,0,b,img/target_6.png
26,455,modular,9,v,img/target_5.png
26,456,modular,8,u,img/target_7.png
26,457,modular,5,q,img/target_1.png
26,458,modular,4,o,img/target_9.png
26,459,modular,1,w,img/target_2.png
26,460,modular,4,o,img/target_9.png
26,461,modular,1,w,img/target_2.png
26,462,modular,4,o,img/target_9.png
26,463,modular,5,q,img/target_1.png
26,464,modular,8,u,img/target_7.png
26,465,modular,5,q,img/target_1.png
26,466,modular,7,i,img/target_8.png
26,467,modular,6,e,img/target_3.png
26,468,modular,5,q,img/target_1.png
26,469,modular,4,o,img/target_9.png
26,470,modular,2,r,img/target_4.png
26,471,modular,4,o,img/target_9.png
26,472,modular,3,p,img/target_10.png
26,473,modular,2,r,img/target_4.png
26,474,modular,0,b,img/target_6.png
26,475,modular,9,v,img/target_5.png
26,476,modular,0,b,img/target_6.png
26,477,modular,1,w,img/target_2.png
26,478,modular,4,o,img/target_9.png
26,479,modular,5,q,img/target_1.png
26,480,modular,6,e,img/target_3.png
26,481,modular,7,i,img/target_8.png
26,482,modular,9,v,img/target_5.png
26,483,modular,8,u,img/target_7.png
26,484,modular,9,v,img/target_5.png
26,485,modular,7,i,img/target_8.png
26,486,modular,5,q,img/target_1.png
26,487,modular,8,u,img/target_7.png
26,488,modular,9,v,img/target_5.png
26,489,modular,8,u,img/target_7.png
26,490,modular,5,q,img/target_1.png
26,491,modular,4,o,img/target_9.png
26,492,modular,2,r,img/target_4.png
26,493,modular,1,w,img/target_2.png
26,494,modular,0,b,img/target_6.png
26,495,modular,3,p,img/target_10.png
26,496,modular,4,o,img/target_9.png
26,497,modular,5,q,img/target_1.png
26,498,modular,8,u,img/target_7.png
26,499,modular,7,i,img/target_8.png
26,500,modular,8,u,img/target_7.png
26,501,modular,6,e,img/target_3.png
26,502,modular,7,i,img/target_8.png
26,503,modular,8,u,img/target_7.png
26,504,modular,9,v,img/target_5.png
26,505,modular,7,i,img/target_8.png
26,506,modular,5,q,img/target_1.png
26,507,modular,4,o,img/target_9.png
26,508,modular,2,r,img/target_4.png
26,509,modular,4,o,img/target_9.png
26,510,modular,3,p,img/target_10.png
26,511,modular,1,w,img/target_2.png
26,512,modular,3,p,img/target_10.png
26,513,modular,4,o,img/target_9.png
26,514,modular,3,p,img/target_10.png
26,515,modular,1,w,img/target_2.png
26,516,modular,2,r,img/target_4.png
26,517,modular,3,p,img/target_10.png
26,518,modular,0,b,img/target_6.png
26,519,modular,1,w,img/target_2.png
26,520,modular,0,b,img/target_6.png
26,521,modular,1,w,img/target_2.png
26,522,modular,4,o,img/target_9.png
26,523,modular,1,w,img/target_2.png
26,524,modular,2,r,img/target_4.png
26,525,modular,4,o,img/target_9.png
26,526,modular,3,p,img/target_10.png
26,527,modular,2,r,img/target_4.png
26,528,modular,3,p,img/target_10.png
26,529,modular,0,b,img/target_6.png
26,530,modular,3,p,img/target_10.png
26,531,modular,0,b,img/target_6.png
26,532,modular,1,w,img/target_2.png
26,533,modular,0,b,img/target_6.png
26,534,modular,9,v,img/target_5.png
26,535,modular,6,e,img/target_3.png
26,536,modular,9,v,img/target_5.png
26,537,modular,0,b,img/target_6.png
26,538,modular,2,r,img/target_4.png
26,539,modular,1,w,img/target_2.png
26,540,modular,0,b,img/target_6.png
26,541,modular,2,r,img/target_4.png
26,542,modular,0,b,img/target_6.png
26,543,modular,3,p,img/target_10.png
26,544,modular,1,w,img/target_2.png
26,545,modular,3,p,img/target_10.png
26,546,modular,2,r,img/target_4.png
26,547,modular,1,w,img/target_2.png
26,548,modular,3,p,img/target_10.png
26,549,modular,0,b,img/target_6.png
26,550,modular,2,r,img/target_4.png
26,551,modular,3,p,img/target_10.png
26,552,modular,4,o,img/target_9.png
26,553,modular,5,q,img/target_1.png
26,554,modular,8,u,img/target_7.png
26,555,modular,7,i,img/target_8.png
26,556,modular,6,e,img/target_3.png
26,557,modular,7,i,img/target_8.png
26,558,modular,5,q,img/target_1.png
26,559,modular,4,o,img/target_9.png
26,560,modular,1,w,img/target_2.png
26,561,modular,2,r,img/target_4.png
26,562,modular,3,p,img/target_10.png
26,563,modular,0,b,img/target_6.png
26,564,modular,3,p,img/target_10.png
26,565,modular,0,b,img/target_6.png
26,566,modular,3,p,img/target_10.png
26,567,modular,1,w,img/target_2.png
26,568,modular,4,o,img/target_9.png
26,569,modular,5,q,img/target_1.png
26,570,modular,7,i,img/target_8.png
26,571,modular,9,v,img/target_5.png
26,572,modular,7,i,img/target_8.png
26,573,modular,8,u,img/target_7.png
26,574,modular,5,q,img/target_1.png
26,575,modular,6,e,img/target_3.png
26,576,modular,5,q,img/target_1.png
26,577,modular,4,o,img/target_9.png
26,578,modular,1,w,img/target_2.png
26,579,modular,4,o,img/target_9.png
26,580,modular,3,p,img/target_10.png
26,581,modular,1,w,img/target_2.png
26,582,modular,2,r,img/target_4.png
26,583,modular,4,o,img/target_9.png
26,584,modular,1,w,img/target_2.png
26,585,modular,4,o,img/target_9.png
26,586,modular,1,w,img/target_2.png
26,587,modular,0,b,img/target_6.png
26,588,modular,9,v,img/target_5.png
26,589,modular,0,b,img/target_6.png
26,590,modular,1,w,img/target_2.png
26,591,modular,0,b,img/target_6.png
26,592,modular,1,w,img/target_2.png
26,593,modular,2,r,img/target_4.png
26,594,modular,4,o,img/target_9.png
26,595,modular,1,w,img/target_2.png
26,596,modular,2,r,img/target_4.png
26,597,modular,1,w,img/target_2.png
26,598,modular,4,o,img/target_9.png
26,599,modular,5,q,img/target_1.png
26,600,modular,4,o,img/target_9.png
26,601,modular,1,w,img/target_2.png
26,602,modular,4,o,img/target_9.png
26,603,modular,3,p,img/target_10.png
26,604,modular,1,w,img/target_2.png
26,605,modular,0,b,img/target_6.png
26,606,modular,3,p,img/target_10.png
26,607,modular,2,r,img/target_4.png
26,608,modular,3,p,img/target_10.png
26,609,modular,4,o,img/target_9.png
26,610,modular,3,p,img/target_10.png
26,611,modular,4,o,img/target_9.png
26,612,modular,3,p,img/target_10.png
26,613,modular,4,o,img/target_9.png
26,614,modular,2,r,img/target_4.png
26,615,modular,1,w,img/target_2.png
26,616,modular,0,b,img/target_6.png
26,617,modular,3,p,img/target_10.png
26,618,modular,4,o,img/target_9.png
26,619,modular,2,r,img/target_4.png
26,620,modular,0,b,img/target_6.png
26,621,modular,9,v,img/target_5.png
26,622,modular,6,e,img/target_3.png
26,623,modular,5,q,img/target_1.png
26,624,modular,7,i,img/target_8.png
26,625,modular,6,e,img/target_3.png
26,626,modular,5,q,img/target_1.png
26,627,modular,8,u,img/target_7.png
26,628,modular,6,e,img/target_3.png
26,629,modular,9,v,img/target_5.png
26,630,modular,7,i,img/target_8.png
26,631,modular,6,e,img/target_3.png
26,632,modular,8,u,img/target_7.png
26,633,modular,5,q,img/target_1.png
26,634,modular,8,u,img/target_7.png
26,635,modular,5,q,img/target_1.png
26,636,modular,6,e,img/target_3.png
26,637,modular,5,q,img/target_1.png
26,638,modular,8,u,img/target_7.png
26,639,modular,5,q,img/target_1.png
26,640,modular,8,u,img/target_7.png
26,641,modular,6,e,img/target_3.png
26,642,modular,8,u,img/target_7.png
26,643,modular,6,e,img/target_3.png
26,644,modular,9,v,img/target_5.png
26,645,modular,8,u,img/target_7.png
26,646,modular,9,v,img/target_5.png
26,647,modular,8,u,img/target_7.png
26,648,modular,5,q,img/target_1.png
26,649,modular,8,u,img/target_7.png
26,650,modular,6,e,img/target_3.png
26,651,modular,8,u,img/target_7.png
26,652,modular,5,q,img/target_1.png
26,653,modular,7,i,img/target_8.png
26,654,modular,8,u,img/target_7.png
26,655,modular,6,e,img/target_3.png
26,656,modular,9,v,img/target_5.png
26,657,modular,8,u,img/target_7.png
26,658,modular,6,e,img/target_3.png
26,659,modular,7,i,img/target_8.png
26,660,modular,6,e,img/target_3.png
26,661,modular,8,u,img/target_7.png
26,662,modular,7,i,img/target_8.png
26,663,modular,8,u,img/target_7.png
26,664,modular,5,q,img/target_1.png
26,665,modular,8,u,img/target_7.png
26,666,modular,7,i,img/target_8.png
26,667,modular,9,v,img/target_5.png
26,668,modular,0,b,img/target_6.png
26,669,modular,1,w,img/target_2.png
26,670,modular,4,o,img/target_9.png
26,671,modular,3,p,img/target_10.png
26,672,modular,0,b,img/target_6.png
26,673,modular,3,p,img/target_10.png
26,674,modular,0,b,img/target_6.png
26,675,modular,3,p,img/target_10.png
26,676,modular,0,b,img/target_6.png
26,677,modular,1,w,img/target_2.png
26,678,modular,2,r,img/target_4.png
26,679,modular,0,b,img/target_6.png
26,680,modular,9,v,img/target_5.png
26,681,modular,0,b,img/target_6.png
26,682,modular,9,v,img/target_5.png
26,683,modular,6,e,img/target_3.png
26,684,modular,5,q,img/target_1.png
26,685,modular,6,e,img/target_3.png
26,686,modular,7,i,img/target_8.png
26,687,modular,6,e,img/target_3.png
26,688,modular,5,q,img/target_1.png
26,689,modular,8,u,img/target_7.png
26,690,modular,7,i,img/target_8.png
26,691,modular,5,q,img/target_1.png
26,692,modular,7,i,img/target_8.png
26,693,modular,6,e,img/target_3.png
26,694,modular,7,i,img/target_8.png
26,695,modular,9,v,img/target_5.png
26,696,modular,7,i,img/target_8.png
26,697,modular,5,q,img/target_1.png
26,698,modular,7,i,img/target_8.png
26,699,modular,6,e,img/target_3.png
26,700,modular,8,u,img/target_7.png
26,701,modular,6,e,img/target_3.png
26,702,modular,9,v,img/target_5.png
26,703,modular,0,b,img/target_6.png
26,704,modular,1,w,img/target_2.png
26,705,modular,2,r,img/target_4.png
26,706,modular,1,w,img/target_2.png
26,707,modular,0,b,img/target_6.png
26,708,modular,2,r,img/target_4.png
26,709,modular,4,o,img/target_9.png
26,710,modular,2,r,img/target_4.png
26,711,modular,3,p,img/target_10.png
26,712,modular,4,o,img/target_9.png
26,713,modular,1,w,img/target_2.png
26,714,modular,3,p,img/target_10.png
26,715,modular,1,w,img/target_2.png
26,716,modular,2,r,img/target_4.png
26,717,modular,1,w,img/target_2.png
26,718,modular,4,o,img/target_9.png
26,719,modular,1,w,img/target_2.png
26,720,modular,2,r,img/target_4.png
26,721,modular,3,p,img/target_10.png
26,722,modular,1,w,img/target_2.png
26,723,modular,4,o,img/target_9.png
26,724,modular,2,r,img/target_4.png
26,725,modular,3,p,img/target_10.png
26,726,modular,0,b,img/target_6.png
26,727,modular,2,r,img/target_4.png
26,728,modular,0,b,img/target_6.png
26,729,modular,1,w,img/target_2.png
26,730,modular,3,p,img/target_10.png
26,731,modular,4,o,img/target_9.png
26,732,modular,1,w,img/target_2.png
26,733,modular,0,b,img/target_6.png
26,734,modular,2,r,img/target_4.png
26,735,modular,1,w,img/target_2.png
26,736,modular,0,b,img/target_6.png
26,737,modular,3,p,img/target_10.png
26,738,modular,1,w,img/target_2.png
26,739,modular,4,o,img/target_9.png
26,740,modular,1,w,img/target_2.png
26,741,modular,2,r,img/target_4.png
26,742,modular,1,w,img/target_2.png
26,743,modular,2,r,img/target_4.png
26,744,modular,4,o,img/target_9.png
26,745,modular,1,w,img/target_2.png
26,746,modular,4,o,img/target_9.png
26,747,modular,3,p,img/target_10.png
26,748,modular,4,o,img/target_9.png
26,749,modular,3,p,img/target_10.png
26,750,modular,4,o,img/target_9.png
26,751,modular,1,w,img/target_2.png
26,752,modular,2,r,img/target_4.png
26,753,modular,1,w,img/target_2.png
26,754,modular,0,b,img/target_6.png
26,755,modular,3,p,img/target_10.png
26,756,modular,1,w,img/target_2.png
26,757,modular,2,r,img/target_4.png
26,758,modular,3,p,img/target_10.png
26,759,modular,0,b,img/target_6.png
26,760,modular,1,w,img/target_2.png
26,761,modular,2,r,img/target_4.png
26,762,modular,3,p,img/target_10.png
26,763,modular,2,r,img/target_4.png
26,764,modular,0,b,img/target_6.png
26,765,modular,1,w,img/target_2.png
26,766,modular,2,r,img/target_4.png
26,767,modular,3,p,img/target_10.png
26,768,modular,0,b,img/target_6.png
26,769,modular,1,w,img/target_2.png
26,770,modular,0,b,img/target_6.png
26,771,modular,1,w,img/target_2.png
26,772,modular,0,b,img/target_6.png
26,773,modular,3,p,img/target_10.png
26,774,modular,1,w,img/target_2.png
26,775,modular,4,o,img/target_9.png
26,776,modular,3,p,img/target_10.png
26,777,modular,2,r,img/target_4.png
26,778,modular,1,w,img/target_2.png
26,779,modular,3,p,img/target_10.png
26,780,modular,2,r,img/target_4.png
26,781,modular,1,w,img/target_2.png
26,782,modular,3,p,img/target_10.png
26,783,modular,1,w,img/target_2.png
26,784,modular,4,o,img/target_9.png
26,785,modular,1,w,img/target_2.png
26,786,modular,2,r,img/target_4.png
26,787,modular,0,b,img/target_6.png
26,788,modular,3,p,img/target_10.png
26,789,modular,4,o,img/target_9.png
26,790,modular,1,w,img/target_2.png
26,791,modular,4,o,img/target_9.png
26,792,modular,1,w,img/target_2.png
26,793,modular,4,o,img/target_9.png
26,794,modular,5,q,img/target_1.png
26,795,modular,8,u,img/target_7.png
26,796,modular,5,q,img/target_1.png
26,797,modular,4,o,img/target_9.png
26,798,modular,3,p,img/target_10.png
26,799,modular,0,b,img/target_6.png
26,800,modular,1,w,img/target_2.png
26,801,modular,4,o,img/target_9.png
26,802,modular,5,q,img/target_1.png
26,803,modular,6,e,img/target_3.png
26,804,modular,5,q,img/target_1.png
26,805,modular,8,u,img/target_7.png
26,806,modular,5,q,img/target_1.png
26,807,modular,6,e,img/target_3.png
26,808,modular,8,u,img/target_7.png
26,809,modular,5,q,img/target_1.png
26,810,modular,8,u,img/target_7.png
26,811,modular,5,q,img/target_1.png
26,812,modular,6,e,img/target_3.png
26,813,modular,5,q,img/target_1.png
26,814,modular,7,i,img/target_8.png
26,815,modular,6,e,img/target_3.png
26,816,modular,9,v,img/target_5.png
26,817,modular,6,e,img/target_3.png
26,818,modular,8,u,img/target_7.png
26,819,modular,6,e,img/target_3.png
26,820,modular,9,v,img/target_5.png
26,821,modular,0,b,img/target_6.png
26,822,modular,2,r,img/target_4.png
26,823,modular,3,p,img/target_10.png
26,824,modular,4,o,img/target_9.png
26,825,modular,2,r,img/target_4.png
26,826,modular,3,p,img/target_10.png
26,827,modular,2,r,img/target_4.png
26,828,modular,4,o,img/target_9.png
26,829,modular,5,q,img/target_1.png
26,830,modular,8,u,img/target_7.png
26,831,modular,7,i,img/target_8.png
26,832,modular,6,e,img/target_3.png
26,833,modular,5,q,img/target_1.png
26,834,modular,7,i,img/target_8.png
26,835,modular,9,v,img/target_5.png
26,836,modular,8,u,img/target_7.png
26,837,modular,6,e,img/target_3.png
26,838,modular,8,u,img/target_7.png
26,839,modular,6,e,img/target_3.png
26,840,modular,8,u,img/target_7.png
26,841,modular,6,e,img/target_3.png
26,842,modular,7,i,img/target_8.png
26,843,modular,5,q,img/target_1.png
26,844,modular,6,e,img/target_3.png
26,845,modular,8,u,img/target_7.png
26,846,modular,9,v,img/target_5.png
26,847,modular,0,b,img/target_6.png
26,848,modular,2,r,img/target_4.png
26,849,modular,0,b,img/target_6.png
26,850,modular,3,p,img/target_10.png
26,851,modular,0,b,img/target_6.png
26,852,modular,9,v,img/target_5.png
26,853,modular,8,u,img/target_7.png
26,854,modular,5,q,img/target_1.png
26,855,modular,7,i,img/target_8.png
26,856,modular,6,e,img/target_3.png
26,857,modular,7,i,img/target_8.png
26,858,modular,9,v,img/target_5.png
26,859,modular,8,u,img/target_7.png
26,860,modular,6,e,img/target_3.png
26,861,modular,5,q,img/target_1.png
26,862,modular,8,u,img/target_7.png
26,863,modular,9,v,img/target_5.png
26,864,modular,8,u,img/target_7.png
26,865,modular,9,v,img/target_5.png
26,866,modular,0,b,img/target_6.png
26,867,modular,1,w,img/target_2.png
26,868,modular,3,p,img/target_10.png
26,869,modular,2,r,img/target_4.png
26,870,modular,4,o,img/target_9.png
26,871,modular,5,q,img/target_1.png
26,872,modular,7,i,img/target_8.png
26,873,modular,8,u,img/target_7.png
26,874,modular,7,i,img/target_8.png
26,875,modular,8,u,img/target_7.png
26,876,modular,5,q,img/target_1.png
26,877,modular,8,u,img/target_7.png
26,878,modular,6,e,img/target_3.png
26,879,modular,9,v,img/target_5.png
26,880,modular,0,b,img/target_6.png
26,881,modular,1,w,img/target_2.png
26,882,modular,4,o,img/target_9.png
26,883,modular,2,r,img/target_4.png
26,884,modular,0,b,img/target_6.png
26,885,modular,9,v,img/target_5.png
26,886,modular,7,i,img/target_8.png
26,887,modular,6,e,img/target_3.png
26,888,modular,5,q,img/target_1.png
26,889,modular,6,e,img/target_3.png
26,890,modular,9,v,img/target_5.png
26,891,modular,0,b,img/target_6.png
26,892,modular,9,v,img/target_5.png
26,893,modular,6,e,img/target_3.png
26,894,modular,7,i,img/target_8.png
26,895,modular,9,v,img/target_5.png
26,896,modular,0,b,img/target_6.png
26,897,modular,9,v,img/target_5.png
26,898,modular,6,e,img/target_3.png
26,899,modular,9,v,img/target_5.png
26,900,modular,7,i,img/target_8.png
26,901,modular,5,q,img/target_1.png
26,902,modular,7,i,img/target_8.png
26,903,modular,9,v,img/target_5.png
26,904,modular,7,i,img/target_8.png
26,905,modular,9,v,img/target_5.png
26,906,modular,0,b,img/target_6.png
26,907,modular,2,r,img/target_4.png
26,908,modular,0,b,img/target_6.png
26,909,modular,2,r,img/target_4.png
26,910,modular,4,o,img/target_9.png
26,911,modular,3,p,img/target_10.png
26,912,modular,1,w,img/target_2.png
26,913,modular,4,o,img/target_9.png
26,914,modular,3,p,img/target_10.png
26,915,modular,0,b,img/target_6.png
26,916,modular,3,p,img/target_10.png
26,917,modular,4,o,img/target_9.png
26,918,modular,5,q,img/target_1.png
26,919,modular,4,o,img/target_9.png
26,920,modular,1,w,img/target_2.png
26,921,modular,3,p,img/target_10.png
26,922,modular,2,r,img/target_4.png
26,923,modular,1,w,img/target_2.png
26,924,modular,4,o,img/target_9.png
26,925,modular,5,q,img/target_1.png
26,926,modular,8,u,img/target_7.png
26,927,modular,5,q,img/target_1.png
26,928,modular,8,u,img/target_7.png
26,929,modular,9,v,img/target_5.png
26,930,modular,7,i,img/target_8.png
26,931,modular,6,e,img/target_3.png
26,932,modular,9,v,img/target_5.png
26,933,modular,6,e,img/target_3.png
26,934,modular,5,q,img/target_1.png
26,935,modular,7,i,img/target_8.png
26,936,modular,9,v,img/target_5.png
26,937,modular,7,i,img/target_8.png
26,938,modular,8,u,img/target_7.png
26,939,modular,9,v,img/target_5.png
26,940,modular,7,i,img/target_8.png
26,941,modular,9,v,img/target_5.png
26,942,modular,8,u,img/target_7.png
26,943,modular,6,e,img/target_3.png
26,944,modular,5,q,img/target_1.png
26,945,modular,4,o,img/target_9.png
26,946,modular,2,r,img/target_4.png
26,947,modular,3,p,img/target_10.png
26,948,modular,1,w,img/target_2.png
26,949,modular,4,o,img/target_9.png
26,950,modular,5,q,img/target_1.png
26,951,modular,7,i,img/target_8.png
26,952,modular,5,q,img/target_1.png
26,953,modular,4,o,img/target_9.png
26,954,modular,5,q,img/target_1.png
26,955,modular,6,e,img/target_3.png
26,956,modular,9,v,img/target_5.png
26,957,modular,6,e,img/target_3.png
26,958,modular,9,v,img/target_5.png
26,959,modular,0,b,img/target_6.png
26,960,modular,3,p,img/target_10.png
26,961,modular,1,w,img/target_2.png
26,962,modular,4,o,img/target_9.png
26,963,modular,5,q,img/target_1.png
26,964,modular,8,u,img/target_7.png
26,965,modular,9,v,img/target_5.png
26,966,modular,7,i,img/target_8.png
26,967,modular,9,v,img/target_5.png
26,968,modular,8,u,img/target_7.png
26,969,modular,7,i,img/target_8.png
26,970,modular,5,q,img/target_1.png
26,971,modular,7,i,img/target_8.png
26,972,modular,9,v,img/target_5.png
26,973,modular,6,e,img/target_3.png
26,974,modular,7,i,img/target_8.png
26,975,modular,5,q,img/target_1.png
26,976,modular,8,u,img/target_7.png
26,977,modular,5,q,img/target_1.png
26,978,modular,8,u,img/target_7.png
26,979,modular,5,q,img/target_1.png
26,980,modular,7,i,img/target_8.png
26,981,modular,5,q,img/target_1.png
26,982,modular,8,u,img/target_7.png
26,983,modular,6,e,img/target_3.png
26,984,modular,5,q,img/target_1.png
26,985,modular,8,u,img/target_7.png
26,986,modular,7,i,img/target_8.png
26,987,modular,5,q,img/target_1.png
26,988,modular,4,o,img/target_9.png
26,989,modular,3,p,img/target_10.png
26,990,modular,0,b,img/target_6.png
26,991,modular,1,w,img/target_2.png
26,992,modular,0,b,img/target_6.png
26,993,modular,9,v,img/target_5.png
26,994,modular,8,u,img/target_7.png
26,995,modular,7,i,img/target_8.png
26,996,modular,8,u,img/target_7.png
26,997,modular,7,i,img/target_8.png
26,998,modular,8,u,img/target_7.png
26,999,modular,7,i,img/target_8.png
26,1000,modular,5,q,img/target_1.png
