pID,sess,trialNum,graph,walk,resp,path
16,2,1,modular,8,v,img/target_5.png
16,2,2,modular,9,o,img/target_9.png
16,2,3,modular,0,p,img/target_10.png
16,2,4,modular,1,u,img/target_7.png
16,2,5,modular,4,i,img/target_8.png
16,2,6,modular,1,u,img/target_7.png
16,2,7,modular,2,r,img/target_4.png
16,2,8,modular,0,p,img/target_10.png
16,2,9,modular,2,r,img/target_4.png
16,2,10,modular,0,p,img/target_10.png
16,2,11,modular,3,q,img/target_1.png
16,2,12,modular,4,i,img/target_8.png
16,2,13,modular,2,r,img/target_4.png
16,2,14,modular,0,p,img/target_10.png
16,2,15,modular,9,o,img/target_9.png
16,2,16,modular,0,p,img/target_10.png
16,2,17,modular,2,r,img/target_4.png
16,2,18,modular,3,q,img/target_1.png
16,2,19,modular,1,u,img/target_7.png
16,2,20,modular,4,i,img/target_8.png
16,2,21,modular,5,b,img/target_6.png
16,2,22,modular,7,e,img/target_3.png
16,2,23,modular,9,o,img/target_9.png
16,2,24,modular,7,e,img/target_3.png
16,2,25,modular,6,w,img/target_2.png
16,2,26,modular,8,v,img/target_5.png
16,2,27,modular,5,b,img/target_6.png
16,2,28,modular,4,i,img/target_8.png
16,2,29,modular,1,u,img/target_7.png
16,2,30,modular,4,i,img/target_8.png
16,2,31,modular,3,q,img/target_1.png
16,2,32,modular,2,r,img/target_4.png
16,2,33,modular,1,u,img/target_7.png
16,2,34,modular,3,q,img/target_1.png
16,2,35,modular,4,i,img/target_8.png
16,2,36,modular,2,r,img/target_4.png
16,2,37,modular,3,q,img/target_1.png
16,2,38,modular,1,u,img/target_7.png
16,2,39,modular,0,p,img/target_10.png
16,2,40,modular,1,u,img/target_7.png
16,2,41,modular,0,p,img/target_10.png
16,2,42,modular,2,r,img/target_4.png
16,2,43,modular,3,q,img/target_1.png
16,2,44,modular,1,u,img/target_7.png
16,2,45,modular,2,r,img/target_4.png
16,2,46,modular,4,i,img/target_8.png
16,2,47,modular,2,r,img/target_4.png
16,2,48,modular,1,u,img/target_7.png
16,2,49,modular,3,q,img/target_1.png
16,2,50,modular,2,r,img/target_4.png
16,2,51,modular,1,u,img/target_7.png
16,2,52,modular,3,q,img/target_1.png
16,2,53,modular,2,r,img/target_4.png
16,2,54,modular,0,p,img/target_10.png
16,2,55,modular,9,o,img/target_9.png
16,2,56,modular,0,p,img/target_10.png
16,2,57,modular,9,o,img/target_9.png
16,2,58,modular,8,v,img/target_5.png
16,2,59,modular,9,o,img/target_9.png
16,2,60,modular,8,v,img/target_5.png
16,2,61,modular,5,b,img/target_6.png
16,2,62,modular,4,i,img/target_8.png
16,2,63,modular,3,q,img/target_1.png
16,2,64,modular,4,i,img/target_8.png
16,2,65,modular,2,r,img/target_4.png
16,2,66,modular,0,p,img/target_10.png
16,2,67,modular,3,q,img/target_1.png
16,2,68,modular,1,u,img/target_7.png
16,2,69,modular,4,i,img/target_8.png
16,2,70,modular,1,u,img/target_7.png
16,2,71,modular,4,i,img/target_8.png
16,2,72,modular,3,q,img/target_1.png
16,2,73,modular,1,u,img/target_7.png
16,2,74,modular,0,p,img/target_10.png
16,2,75,modular,9,o,img/target_9.png
16,2,76,modular,0,p,img/target_10.png
16,2,77,modular,3,q,img/target_1.png
16,2,78,modular,2,r,img/target_4.png
16,2,79,modular,3,q,img/target_1.png
16,2,80,modular,1,u,img/target_7.png
16,2,81,modular,0,p,img/target_10.png
16,2,82,modular,9,o,img/target_9.png
16,2,83,modular,6,w,img/target_2.png
16,2,84,modular,8,v,img/target_5.png
16,2,85,modular,6,w,img/target_2.png
16,2,86,modular,5,b,img/target_6.png
16,2,87,modular,7,e,img/target_3.png
16,2,88,modular,8,v,img/target_5.png
16,2,89,modular,5,b,img/target_6.png
16,2,90,modular,7,e,img/target_3.png
16,2,91,modular,8,v,img/target_5.png
16,2,92,modular,7,e,img/target_3.png
16,2,93,modular,8,v,img/target_5.png
16,2,94,modular,9,o,img/target_9.png
16,2,95,modular,7,e,img/target_3.png
16,2,96,modular,9,o,img/target_9.png
16,2,97,modular,7,e,img/target_3.png
16,2,98,modular,5,b,img/target_6.png
16,2,99,modular,7,e,img/target_3.png
16,2,100,modular,9,o,img/target_9.png
16,2,101,modular,6,w,img/target_2.png
16,2,102,modular,8,v,img/target_5.png
16,2,103,modular,9,o,img/target_9.png
16,2,104,modular,7,e,img/target_3.png
16,2,105,modular,8,v,img/target_5.png
16,2,106,modular,6,w,img/target_2.png
16,2,107,modular,5,b,img/target_6.png
16,2,108,modular,6,w,img/target_2.png
16,2,109,modular,5,b,img/target_6.png
16,2,110,modular,4,i,img/target_8.png
16,2,111,modular,1,u,img/target_7.png
16,2,112,modular,2,r,img/target_4.png
16,2,113,modular,0,p,img/target_10.png
16,2,114,modular,1,u,img/target_7.png
16,2,115,modular,3,q,img/target_1.png
16,2,116,modular,4,i,img/target_8.png
16,2,117,modular,1,u,img/target_7.png
16,2,118,modular,2,r,img/target_4.png
16,2,119,modular,4,i,img/target_8.png
16,2,120,modular,2,r,img/target_4.png
16,2,121,modular,3,q,img/target_1.png
16,2,122,modular,1,u,img/target_7.png
16,2,123,modular,3,q,img/target_1.png
16,2,124,modular,0,p,img/target_10.png
16,2,125,modular,3,q,img/target_1.png
16,2,126,modular,0,p,img/target_10.png
16,2,127,modular,2,r,img/target_4.png
16,2,128,modular,1,u,img/target_7.png
16,2,129,modular,2,r,img/target_4.png
16,2,130,modular,1,u,img/target_7.png
16,2,131,modular,3,q,img/target_1.png
16,2,132,modular,2,r,img/target_4.png
16,2,133,modular,4,i,img/target_8.png
16,2,134,modular,1,u,img/target_7.png
16,2,135,modular,2,r,img/target_4.png
16,2,136,modular,3,q,img/target_1.png
16,2,137,modular,0,p,img/target_10.png
16,2,138,modular,3,q,img/target_1.png
16,2,139,modular,4,i,img/target_8.png
16,2,140,modular,1,u,img/target_7.png
16,2,141,modular,4,i,img/target_8.png
16,2,142,modular,3,q,img/target_1.png
16,2,143,modular,1,u,img/target_7.png
16,2,144,modular,0,p,img/target_10.png
16,2,145,modular,1,u,img/target_7.png
16,2,146,modular,2,r,img/target_4.png
16,2,147,modular,0,p,img/target_10.png
16,2,148,modular,3,q,img/target_1.png
16,2,149,modular,4,i,img/target_8.png
16,2,150,modular,3,q,img/target_1.png
16,2,151,modular,4,i,img/target_8.png
16,2,152,modular,3,q,img/target_1.png
16,2,153,modular,4,i,img/target_8.png
16,2,154,modular,3,q,img/target_1.png
16,2,155,modular,2,r,img/target_4.png
16,2,156,modular,1,u,img/target_7.png
16,2,157,modular,2,r,img/target_4.png
16,2,158,modular,0,p,img/target_10.png
16,2,159,modular,2,r,img/target_4.png
16,2,160,modular,1,u,img/target_7.png
16,2,161,modular,4,i,img/target_8.png
16,2,162,modular,5,b,img/target_6.png
16,2,163,modular,6,w,img/target_2.png
16,2,164,modular,7,e,img/target_3.png
16,2,165,modular,5,b,img/target_6.png
16,2,166,modular,6,w,img/target_2.png
16,2,167,modular,5,b,img/target_6.png
16,2,168,modular,4,i,img/target_8.png
16,2,169,modular,1,u,img/target_7.png
16,2,170,modular,0,p,img/target_10.png
16,2,171,modular,3,q,img/target_1.png
16,2,172,modular,1,u,img/target_7.png
16,2,173,modular,4,i,img/target_8.png
16,2,174,modular,1,u,img/target_7.png
16,2,175,modular,3,q,img/target_1.png
16,2,176,modular,2,r,img/target_4.png
16,2,177,modular,0,p,img/target_10.png
16,2,178,modular,1,u,img/target_7.png
16,2,179,modular,0,p,img/target_10.png
16,2,180,modular,9,o,img/target_9.png
16,2,181,modular,6,w,img/target_2.png
16,2,182,modular,8,v,img/target_5.png
16,2,183,modular,6,w,img/target_2.png
16,2,184,modular,8,v,img/target_5.png
16,2,185,modular,6,w,img/target_2.png
16,2,186,modular,7,e,img/target_3.png
16,2,187,modular,8,v,img/target_5.png
16,2,188,modular,6,w,img/target_2.png
16,2,189,modular,9,o,img/target_9.png
16,2,190,modular,6,w,img/target_2.png
16,2,191,modular,8,v,img/target_5.png
16,2,192,modular,7,e,img/target_3.png
16,2,193,modular,5,b,img/target_6.png
16,2,194,modular,8,v,img/target_5.png
16,2,195,modular,9,o,img/target_9.png
16,2,196,modular,7,e,img/target_3.png
16,2,197,modular,9,o,img/target_9.png
16,2,198,modular,6,w,img/target_2.png
16,2,199,modular,5,b,img/target_6.png
16,2,200,modular,7,e,img/target_3.png
16,2,201,modular,6,w,img/target_2.png
16,2,202,modular,7,e,img/target_3.png
16,2,203,modular,5,b,img/target_6.png
16,2,204,modular,4,i,img/target_8.png
16,2,205,modular,2,r,img/target_4.png
16,2,206,modular,3,q,img/target_1.png
16,2,207,modular,2,r,img/target_4.png
16,2,208,modular,4,i,img/target_8.png
16,2,209,modular,5,b,img/target_6.png
16,2,210,modular,7,e,img/target_3.png
16,2,211,modular,9,o,img/target_9.png
16,2,212,modular,0,p,img/target_10.png
16,2,213,modular,2,r,img/target_4.png
16,2,214,modular,1,u,img/target_7.png
16,2,215,modular,2,r,img/target_4.png
16,2,216,modular,0,p,img/target_10.png
16,2,217,modular,9,o,img/target_9.png
16,2,218,modular,7,e,img/target_3.png
16,2,219,modular,5,b,img/target_6.png
16,2,220,modular,7,e,img/target_3.png
16,2,221,modular,5,b,img/target_6.png
16,2,222,modular,4,i,img/target_8.png
16,2,223,modular,1,u,img/target_7.png
16,2,224,modular,0,p,img/target_10.png
16,2,225,modular,2,r,img/target_4.png
16,2,226,modular,4,i,img/target_8.png
16,2,227,modular,1,u,img/target_7.png
16,2,228,modular,3,q,img/target_1.png
16,2,229,modular,2,r,img/target_4.png
16,2,230,modular,0,p,img/target_10.png
16,2,231,modular,1,u,img/target_7.png
16,2,232,modular,2,r,img/target_4.png
16,2,233,modular,3,q,img/target_1.png
16,2,234,modular,0,p,img/target_10.png
16,2,235,modular,3,q,img/target_1.png
16,2,236,modular,2,r,img/target_4.png
16,2,237,modular,0,p,img/target_10.png
16,2,238,modular,9,o,img/target_9.png
16,2,239,modular,6,w,img/target_2.png
16,2,240,modular,5,b,img/target_6.png
16,2,241,modular,4,i,img/target_8.png
16,2,242,modular,3,q,img/target_1.png
16,2,243,modular,2,r,img/target_4.png
16,2,244,modular,3,q,img/target_1.png
16,2,245,modular,0,p,img/target_10.png
16,2,246,modular,2,r,img/target_4.png
16,2,247,modular,3,q,img/target_1.png
16,2,248,modular,1,u,img/target_7.png
16,2,249,modular,0,p,img/target_10.png
16,2,250,modular,9,o,img/target_9.png
16,2,251,modular,6,w,img/target_2.png
16,2,252,modular,7,e,img/target_3.png
16,2,253,modular,9,o,img/target_9.png
16,2,254,modular,7,e,img/target_3.png
16,2,255,modular,5,b,img/target_6.png
16,2,256,modular,7,e,img/target_3.png
16,2,257,modular,8,v,img/target_5.png
16,2,258,modular,5,b,img/target_6.png
16,2,259,modular,6,w,img/target_2.png
16,2,260,modular,7,e,img/target_3.png
16,2,261,modular,5,b,img/target_6.png
16,2,262,modular,6,w,img/target_2.png
16,2,263,modular,9,o,img/target_9.png
16,2,264,modular,7,e,img/target_3.png
16,2,265,modular,5,b,img/target_6.png
16,2,266,modular,6,w,img/target_2.png
16,2,267,modular,5,b,img/target_6.png
16,2,268,modular,4,i,img/target_8.png
16,2,269,modular,3,q,img/target_1.png
16,2,270,modular,4,i,img/target_8.png
16,2,271,modular,3,q,img/target_1.png
16,2,272,modular,4,i,img/target_8.png
16,2,273,modular,3,q,img/target_1.png
16,2,274,modular,0,p,img/target_10.png
16,2,275,modular,9,o,img/target_9.png
16,2,276,modular,0,p,img/target_10.png
16,2,277,modular,1,u,img/target_7.png
16,2,278,modular,3,q,img/target_1.png
16,2,279,modular,4,i,img/target_8.png
16,2,280,modular,1,u,img/target_7.png
16,2,281,modular,3,q,img/target_1.png
16,2,282,modular,4,i,img/target_8.png
16,2,283,modular,2,r,img/target_4.png
16,2,284,modular,4,i,img/target_8.png
16,2,285,modular,1,u,img/target_7.png
16,2,286,modular,3,q,img/target_1.png
16,2,287,modular,0,p,img/target_10.png
16,2,288,modular,1,u,img/target_7.png
16,2,289,modular,4,i,img/target_8.png
16,2,290,modular,5,b,img/target_6.png
16,2,291,modular,7,e,img/target_3.png
16,2,292,modular,8,v,img/target_5.png
16,2,293,modular,7,e,img/target_3.png
16,2,294,modular,9,o,img/target_9.png
16,2,295,modular,0,p,img/target_10.png
16,2,296,modular,3,q,img/target_1.png
16,2,297,modular,4,i,img/target_8.png
16,2,298,modular,2,r,img/target_4.png
16,2,299,modular,4,i,img/target_8.png
16,2,300,modular,2,r,img/target_4.png
16,2,301,modular,4,i,img/target_8.png
16,2,302,modular,2,r,img/target_4.png
16,2,303,modular,0,p,img/target_10.png
16,2,304,modular,1,u,img/target_7.png
16,2,305,modular,3,q,img/target_1.png
16,2,306,modular,0,p,img/target_10.png
16,2,307,modular,9,o,img/target_9.png
16,2,308,modular,8,v,img/target_5.png
16,2,309,modular,9,o,img/target_9.png
16,2,310,modular,0,p,img/target_10.png
16,2,311,modular,1,u,img/target_7.png
16,2,312,modular,4,i,img/target_8.png
16,2,313,modular,5,b,img/target_6.png
16,2,314,modular,4,i,img/target_8.png
16,2,315,modular,3,q,img/target_1.png
16,2,316,modular,1,u,img/target_7.png
16,2,317,modular,0,p,img/target_10.png
16,2,318,modular,2,r,img/target_4.png
16,2,319,modular,3,q,img/target_1.png
16,2,320,modular,1,u,img/target_7.png
16,2,321,modular,2,r,img/target_4.png
16,2,322,modular,1,u,img/target_7.png
16,2,323,modular,3,q,img/target_1.png
16,2,324,modular,2,r,img/target_4.png
16,2,325,modular,4,i,img/target_8.png
16,2,326,modular,2,r,img/target_4.png
16,2,327,modular,0,p,img/target_10.png
16,2,328,modular,9,o,img/target_9.png
16,2,329,modular,0,p,img/target_10.png
16,2,330,modular,3,q,img/target_1.png
16,2,331,modular,0,p,img/target_10.png
16,2,332,modular,9,o,img/target_9.png
16,2,333,modular,8,v,img/target_5.png
16,2,334,modular,7,e,img/target_3.png
16,2,335,modular,5,b,img/target_6.png
16,2,336,modular,4,i,img/target_8.png
16,2,337,modular,1,u,img/target_7.png
16,2,338,modular,4,i,img/target_8.png
16,2,339,modular,1,u,img/target_7.png
16,2,340,modular,4,i,img/target_8.png
16,2,341,modular,3,q,img/target_1.png
16,2,342,modular,0,p,img/target_10.png
16,2,343,modular,1,u,img/target_7.png
16,2,344,modular,3,q,img/target_1.png
16,2,345,modular,0,p,img/target_10.png
16,2,346,modular,3,q,img/target_1.png
16,2,347,modular,0,p,img/target_10.png
16,2,348,modular,9,o,img/target_9.png
16,2,349,modular,0,p,img/target_10.png
16,2,350,modular,1,u,img/target_7.png
16,2,351,modular,0,p,img/target_10.png
16,2,352,modular,2,r,img/target_4.png
16,2,353,modular,3,q,img/target_1.png
16,2,354,modular,4,i,img/target_8.png
16,2,355,modular,3,q,img/target_1.png
16,2,356,modular,4,i,img/target_8.png
16,2,357,modular,2,r,img/target_4.png
16,2,358,modular,3,q,img/target_1.png
16,2,359,modular,1,u,img/target_7.png
16,2,360,modular,0,p,img/target_10.png
16,2,361,modular,1,u,img/target_7.png
16,2,362,modular,3,q,img/target_1.png
16,2,363,modular,2,r,img/target_4.png
16,2,364,modular,1,u,img/target_7.png
16,2,365,modular,4,i,img/target_8.png
16,2,366,modular,1,u,img/target_7.png
16,2,367,modular,3,q,img/target_1.png
16,2,368,modular,2,r,img/target_4.png
16,2,369,modular,3,q,img/target_1.png
16,2,370,modular,2,r,img/target_4.png
16,2,371,modular,0,p,img/target_10.png
16,2,372,modular,9,o,img/target_9.png
16,2,373,modular,7,e,img/target_3.png
16,2,374,modular,5,b,img/target_6.png
16,2,375,modular,7,e,img/target_3.png
16,2,376,modular,8,v,img/target_5.png
16,2,377,modular,6,w,img/target_2.png
16,2,378,modular,5,b,img/target_6.png
16,2,379,modular,8,v,img/target_5.png
16,2,380,modular,7,e,img/target_3.png
16,2,381,modular,8,v,img/target_5.png
16,2,382,modular,5,b,img/target_6.png
16,2,383,modular,8,v,img/target_5.png
16,2,384,modular,5,b,img/target_6.png
16,2,385,modular,8,v,img/target_5.png
16,2,386,modular,9,o,img/target_9.png
16,2,387,modular,8,v,img/target_5.png
16,2,388,modular,9,o,img/target_9.png
16,2,389,modular,6,w,img/target_2.png
16,2,390,modular,7,e,img/target_3.png
16,2,391,modular,5,b,img/target_6.png
16,2,392,modular,6,w,img/target_2.png
16,2,393,modular,7,e,img/target_3.png
16,2,394,modular,9,o,img/target_9.png
16,2,395,modular,8,v,img/target_5.png
16,2,396,modular,7,e,img/target_3.png
16,2,397,modular,8,v,img/target_5.png
16,2,398,modular,6,w,img/target_2.png
16,2,399,modular,8,v,img/target_5.png
16,2,400,modular,6,w,img/target_2.png
16,2,401,modular,9,o,img/target_9.png
16,2,402,modular,0,p,img/target_10.png
16,2,403,modular,3,q,img/target_1.png
16,2,404,modular,4,i,img/target_8.png
16,2,405,modular,1,u,img/target_7.png
16,2,406,modular,0,p,img/target_10.png
16,2,407,modular,1,u,img/target_7.png
16,2,408,modular,0,p,img/target_10.png
16,2,409,modular,2,r,img/target_4.png
16,2,410,modular,0,p,img/target_10.png
16,2,411,modular,1,u,img/target_7.png
16,2,412,modular,0,p,img/target_10.png
16,2,413,modular,3,q,img/target_1.png
16,2,414,modular,2,r,img/target_4.png
16,2,415,modular,0,p,img/target_10.png
16,2,416,modular,2,r,img/target_4.png
16,2,417,modular,4,i,img/target_8.png
16,2,418,modular,5,b,img/target_6.png
16,2,419,modular,8,v,img/target_5.png
16,2,420,modular,6,w,img/target_2.png
16,2,421,modular,9,o,img/target_9.png
16,2,422,modular,0,p,img/target_10.png
16,2,423,modular,2,r,img/target_4.png
16,2,424,modular,0,p,img/target_10.png
16,2,425,modular,9,o,img/target_9.png
16,2,426,modular,0,p,img/target_10.png
16,2,427,modular,3,q,img/target_1.png
16,2,428,modular,0,p,img/target_10.png
16,2,429,modular,9,o,img/target_9.png
16,2,430,modular,7,e,img/target_3.png
16,2,431,modular,9,o,img/target_9.png
16,2,432,modular,0,p,img/target_10.png
16,2,433,modular,2,r,img/target_4.png
16,2,434,modular,1,u,img/target_7.png
16,2,435,modular,3,q,img/target_1.png
16,2,436,modular,0,p,img/target_10.png
16,2,437,modular,2,r,img/target_4.png
16,2,438,modular,3,q,img/target_1.png
16,2,439,modular,2,r,img/target_4.png
16,2,440,modular,0,p,img/target_10.png
16,2,441,modular,1,u,img/target_7.png
16,2,442,modular,0,p,img/target_10.png
16,2,443,modular,9,o,img/target_9.png
16,2,444,modular,0,p,img/target_10.png
16,2,445,modular,9,o,img/target_9.png
16,2,446,modular,8,v,img/target_5.png
16,2,447,modular,9,o,img/target_9.png
16,2,448,modular,0,p,img/target_10.png
16,2,449,modular,9,o,img/target_9.png
16,2,450,modular,7,e,img/target_3.png
16,2,451,modular,8,v,img/target_5.png
16,2,452,modular,6,w,img/target_2.png
16,2,453,modular,7,e,img/target_3.png
16,2,454,modular,9,o,img/target_9.png
16,2,455,modular,7,e,img/target_3.png
16,2,456,modular,6,w,img/target_2.png
16,2,457,modular,5,b,img/target_6.png
16,2,458,modular,4,i,img/target_8.png
16,2,459,modular,1,u,img/target_7.png
16,2,460,modular,2,r,img/target_4.png
16,2,461,modular,1,u,img/target_7.png
16,2,462,modular,2,r,img/target_4.png
16,2,463,modular,3,q,img/target_1.png
16,2,464,modular,4,i,img/target_8.png
16,2,465,modular,1,u,img/target_7.png
16,2,466,modular,3,q,img/target_1.png
16,2,467,modular,4,i,img/target_8.png
16,2,468,modular,5,b,img/target_6.png
16,2,469,modular,7,e,img/target_3.png
16,2,470,modular,5,b,img/target_6.png
16,2,471,modular,6,w,img/target_2.png
16,2,472,modular,9,o,img/target_9.png
16,2,473,modular,0,p,img/target_10.png
16,2,474,modular,2,r,img/target_4.png
16,2,475,modular,4,i,img/target_8.png
16,2,476,modular,5,b,img/target_6.png
16,2,477,modular,6,w,img/target_2.png
16,2,478,modular,7,e,img/target_3.png
16,2,479,modular,9,o,img/target_9.png
16,2,480,modular,8,v,img/target_5.png
16,2,481,modular,6,w,img/target_2.png
16,2,482,modular,7,e,img/target_3.png
16,2,483,modular,9,o,img/target_9.png
16,2,484,modular,7,e,img/target_3.png
16,2,485,modular,5,b,img/target_6.png
16,2,486,modular,4,i,img/target_8.png
16,2,487,modular,5,b,img/target_6.png
16,2,488,modular,4,i,img/target_8.png
16,2,489,modular,1,u,img/target_7.png
16,2,490,modular,2,r,img/target_4.png
16,2,491,modular,3,q,img/target_1.png
16,2,492,modular,1,u,img/target_7.png
16,2,493,modular,3,q,img/target_1.png
16,2,494,modular,2,r,img/target_4.png
16,2,495,modular,1,u,img/target_7.png
16,2,496,modular,4,i,img/target_8.png
16,2,497,modular,3,q,img/target_1.png
16,2,498,modular,4,i,img/target_8.png
16,2,499,modular,3,q,img/target_1.png
16,2,500,modular,0,p,img/target_10.png
16,2,501,modular,2,r,img/target_4.png
16,2,502,modular,4,i,img/target_8.png
16,2,503,modular,2,r,img/target_4.png
16,2,504,modular,1,u,img/target_7.png
16,2,505,modular,2,r,img/target_4.png
16,2,506,modular,3,q,img/target_1.png
16,2,507,modular,1,u,img/target_7.png
16,2,508,modular,0,p,img/target_10.png
16,2,509,modular,2,r,img/target_4.png
16,2,510,modular,3,q,img/target_1.png
16,2,511,modular,0,p,img/target_10.png
16,2,512,modular,9,o,img/target_9.png
16,2,513,modular,7,e,img/target_3.png
16,2,514,modular,8,v,img/target_5.png
16,2,515,modular,7,e,img/target_3.png
16,2,516,modular,5,b,img/target_6.png
16,2,517,modular,7,e,img/target_3.png
16,2,518,modular,6,w,img/target_2.png
16,2,519,modular,9,o,img/target_9.png
16,2,520,modular,0,p,img/target_10.png
16,2,521,modular,2,r,img/target_4.png
16,2,522,modular,4,i,img/target_8.png
16,2,523,modular,3,q,img/target_1.png
16,2,524,modular,1,u,img/target_7.png
16,2,525,modular,0,p,img/target_10.png
16,2,526,modular,2,r,img/target_4.png
16,2,527,modular,3,q,img/target_1.png
16,2,528,modular,0,p,img/target_10.png
16,2,529,modular,1,u,img/target_7.png
16,2,530,modular,2,r,img/target_4.png
16,2,531,modular,1,u,img/target_7.png
16,2,532,modular,0,p,img/target_10.png
16,2,533,modular,3,q,img/target_1.png
16,2,534,modular,4,i,img/target_8.png
16,2,535,modular,2,r,img/target_4.png
16,2,536,modular,3,q,img/target_1.png
16,2,537,modular,0,p,img/target_10.png
16,2,538,modular,1,u,img/target_7.png
16,2,539,modular,0,p,img/target_10.png
16,2,540,modular,1,u,img/target_7.png
16,2,541,modular,4,i,img/target_8.png
16,2,542,modular,1,u,img/target_7.png
16,2,543,modular,3,q,img/target_1.png
16,2,544,modular,4,i,img/target_8.png
16,2,545,modular,2,r,img/target_4.png
16,2,546,modular,0,p,img/target_10.png
16,2,547,modular,3,q,img/target_1.png
16,2,548,modular,0,p,img/target_10.png
16,2,549,modular,3,q,img/target_1.png
16,2,550,modular,1,u,img/target_7.png
16,2,551,modular,4,i,img/target_8.png
16,2,552,modular,2,r,img/target_4.png
16,2,553,modular,3,q,img/target_1.png
16,2,554,modular,2,r,img/target_4.png
16,2,555,modular,4,i,img/target_8.png
16,2,556,modular,3,q,img/target_1.png
16,2,557,modular,2,r,img/target_4.png
16,2,558,modular,1,u,img/target_7.png
16,2,559,modular,0,p,img/target_10.png
16,2,560,modular,2,r,img/target_4.png
16,2,561,modular,4,i,img/target_8.png
16,2,562,modular,3,q,img/target_1.png
16,2,563,modular,0,p,img/target_10.png
16,2,564,modular,1,u,img/target_7.png
16,2,565,modular,2,r,img/target_4.png
16,2,566,modular,0,p,img/target_10.png
16,2,567,modular,9,o,img/target_9.png
16,2,568,modular,0,p,img/target_10.png
16,2,569,modular,3,q,img/target_1.png
16,2,570,modular,4,i,img/target_8.png
16,2,571,modular,5,b,img/target_6.png
16,2,572,modular,7,e,img/target_3.png
16,2,573,modular,6,w,img/target_2.png
16,2,574,modular,5,b,img/target_6.png
16,2,575,modular,7,e,img/target_3.png
16,2,576,modular,5,b,img/target_6.png
16,2,577,modular,7,e,img/target_3.png
16,2,578,modular,5,b,img/target_6.png
16,2,579,modular,8,v,img/target_5.png
16,2,580,modular,9,o,img/target_9.png
16,2,581,modular,6,w,img/target_2.png
16,2,582,modular,9,o,img/target_9.png
16,2,583,modular,0,p,img/target_10.png
16,2,584,modular,9,o,img/target_9.png
16,2,585,modular,7,e,img/target_3.png
16,2,586,modular,8,v,img/target_5.png
16,2,587,modular,7,e,img/target_3.png
16,2,588,modular,9,o,img/target_9.png
16,2,589,modular,0,p,img/target_10.png
16,2,590,modular,9,o,img/target_9.png
16,2,591,modular,0,p,img/target_10.png
16,2,592,modular,3,q,img/target_1.png
16,2,593,modular,0,p,img/target_10.png
16,2,594,modular,3,q,img/target_1.png
16,2,595,modular,4,i,img/target_8.png
16,2,596,modular,5,b,img/target_6.png
16,2,597,modular,6,w,img/target_2.png
16,2,598,modular,9,o,img/target_9.png
16,2,599,modular,0,p,img/target_10.png
16,2,600,modular,2,r,img/target_4.png
16,2,601,modular,1,u,img/target_7.png
16,2,602,modular,2,r,img/target_4.png
16,2,603,modular,4,i,img/target_8.png
16,2,604,modular,3,q,img/target_1.png
16,2,605,modular,4,i,img/target_8.png
16,2,606,modular,5,b,img/target_6.png
16,2,607,modular,4,i,img/target_8.png
16,2,608,modular,1,u,img/target_7.png
16,2,609,modular,0,p,img/target_10.png
16,2,610,modular,1,u,img/target_7.png
16,2,611,modular,4,i,img/target_8.png
16,2,612,modular,3,q,img/target_1.png
16,2,613,modular,1,u,img/target_7.png
16,2,614,modular,0,p,img/target_10.png
16,2,615,modular,3,q,img/target_1.png
16,2,616,modular,2,r,img/target_4.png
16,2,617,modular,4,i,img/target_8.png
16,2,618,modular,5,b,img/target_6.png
16,2,619,modular,4,i,img/target_8.png
16,2,620,modular,1,u,img/target_7.png
16,2,621,modular,3,q,img/target_1.png
16,2,622,modular,2,r,img/target_4.png
16,2,623,modular,4,i,img/target_8.png
16,2,624,modular,1,u,img/target_7.png
16,2,625,modular,0,p,img/target_10.png
16,2,626,modular,2,r,img/target_4.png
16,2,627,modular,1,u,img/target_7.png
16,2,628,modular,3,q,img/target_1.png
16,2,629,modular,4,i,img/target_8.png
16,2,630,modular,5,b,img/target_6.png
16,2,631,modular,4,i,img/target_8.png
16,2,632,modular,1,u,img/target_7.png
16,2,633,modular,2,r,img/target_4.png
16,2,634,modular,4,i,img/target_8.png
16,2,635,modular,2,r,img/target_4.png
16,2,636,modular,3,q,img/target_1.png
16,2,637,modular,0,p,img/target_10.png
16,2,638,modular,1,u,img/target_7.png
16,2,639,modular,3,q,img/target_1.png
16,2,640,modular,2,r,img/target_4.png
16,2,641,modular,3,q,img/target_1.png
16,2,642,modular,0,p,img/target_10.png
16,2,643,modular,1,u,img/target_7.png
16,2,644,modular,4,i,img/target_8.png
16,2,645,modular,1,u,img/target_7.png
16,2,646,modular,4,i,img/target_8.png
16,2,647,modular,5,b,img/target_6.png
16,2,648,modular,6,w,img/target_2.png
16,2,649,modular,5,b,img/target_6.png
16,2,650,modular,4,i,img/target_8.png
16,2,651,modular,1,u,img/target_7.png
16,2,652,modular,3,q,img/target_1.png
16,2,653,modular,1,u,img/target_7.png
16,2,654,modular,3,q,img/target_1.png
16,2,655,modular,1,u,img/target_7.png
16,2,656,modular,4,i,img/target_8.png
16,2,657,modular,3,q,img/target_1.png
16,2,658,modular,0,p,img/target_10.png
16,2,659,modular,3,q,img/target_1.png
16,2,660,modular,2,r,img/target_4.png
16,2,661,modular,1,u,img/target_7.png
16,2,662,modular,2,r,img/target_4.png
16,2,663,modular,1,u,img/target_7.png
16,2,664,modular,2,r,img/target_4.png
16,2,665,modular,3,q,img/target_1.png
16,2,666,modular,4,i,img/target_8.png
16,2,667,modular,2,r,img/target_4.png
16,2,668,modular,3,q,img/target_1.png
16,2,669,modular,1,u,img/target_7.png
16,2,670,modular,2,r,img/target_4.png
16,2,671,modular,3,q,img/target_1.png
16,2,672,modular,1,u,img/target_7.png
16,2,673,modular,4,i,img/target_8.png
16,2,674,modular,5,b,img/target_6.png
16,2,675,modular,4,i,img/target_8.png
16,2,676,modular,1,u,img/target_7.png
16,2,677,modular,4,i,img/target_8.png
16,2,678,modular,3,q,img/target_1.png
16,2,679,modular,0,p,img/target_10.png
16,2,680,modular,9,o,img/target_9.png
16,2,681,modular,8,v,img/target_5.png
16,2,682,modular,9,o,img/target_9.png
16,2,683,modular,8,v,img/target_5.png
16,2,684,modular,6,w,img/target_2.png
16,2,685,modular,8,v,img/target_5.png
16,2,686,modular,6,w,img/target_2.png
16,2,687,modular,7,e,img/target_3.png
16,2,688,modular,8,v,img/target_5.png
16,2,689,modular,7,e,img/target_3.png
16,2,690,modular,9,o,img/target_9.png
16,2,691,modular,0,p,img/target_10.png
16,2,692,modular,1,u,img/target_7.png
16,2,693,modular,2,r,img/target_4.png
16,2,694,modular,3,q,img/target_1.png
16,2,695,modular,4,i,img/target_8.png
16,2,696,modular,5,b,img/target_6.png
16,2,697,modular,6,w,img/target_2.png
16,2,698,modular,8,v,img/target_5.png
16,2,699,modular,6,w,img/target_2.png
16,2,700,modular,9,o,img/target_9.png
16,2,701,modular,6,w,img/target_2.png
16,2,702,modular,9,o,img/target_9.png
16,2,703,modular,8,v,img/target_5.png
16,2,704,modular,7,e,img/target_3.png
16,2,705,modular,8,v,img/target_5.png
16,2,706,modular,9,o,img/target_9.png
16,2,707,modular,8,v,img/target_5.png
16,2,708,modular,7,e,img/target_3.png
16,2,709,modular,5,b,img/target_6.png
16,2,710,modular,6,w,img/target_2.png
16,2,711,modular,9,o,img/target_9.png
16,2,712,modular,0,p,img/target_10.png
16,2,713,modular,1,u,img/target_7.png
16,2,714,modular,2,r,img/target_4.png
16,2,715,modular,1,u,img/target_7.png
16,2,716,modular,0,p,img/target_10.png
16,2,717,modular,9,o,img/target_9.png
16,2,718,modular,0,p,img/target_10.png
16,2,719,modular,3,q,img/target_1.png
16,2,720,modular,2,r,img/target_4.png
16,2,721,modular,0,p,img/target_10.png
16,2,722,modular,1,u,img/target_7.png
16,2,723,modular,2,r,img/target_4.png
16,2,724,modular,1,u,img/target_7.png
16,2,725,modular,0,p,img/target_10.png
16,2,726,modular,1,u,img/target_7.png
16,2,727,modular,2,r,img/target_4.png
16,2,728,modular,0,p,img/target_10.png
16,2,729,modular,3,q,img/target_1.png
16,2,730,modular,0,p,img/target_10.png
16,2,731,modular,1,u,img/target_7.png
16,2,732,modular,4,i,img/target_8.png
16,2,733,modular,2,r,img/target_4.png
16,2,734,modular,3,q,img/target_1.png
16,2,735,modular,1,u,img/target_7.png
16,2,736,modular,0,p,img/target_10.png
16,2,737,modular,2,r,img/target_4.png
16,2,738,modular,3,q,img/target_1.png
16,2,739,modular,0,p,img/target_10.png
16,2,740,modular,2,r,img/target_4.png
16,2,741,modular,4,i,img/target_8.png
16,2,742,modular,1,u,img/target_7.png
16,2,743,modular,4,i,img/target_8.png
16,2,744,modular,1,u,img/target_7.png
16,2,745,modular,0,p,img/target_10.png
16,2,746,modular,2,r,img/target_4.png
16,2,747,modular,0,p,img/target_10.png
16,2,748,modular,1,u,img/target_7.png
16,2,749,modular,2,r,img/target_4.png
16,2,750,modular,4,i,img/target_8.png
16,2,751,modular,5,b,img/target_6.png
16,2,752,modular,7,e,img/target_3.png
16,2,753,modular,9,o,img/target_9.png
16,2,754,modular,7,e,img/target_3.png
16,2,755,modular,5,b,img/target_6.png
16,2,756,modular,4,i,img/target_8.png
16,2,757,modular,2,r,img/target_4.png
16,2,758,modular,1,u,img/target_7.png
16,2,759,modular,3,q,img/target_1.png
16,2,760,modular,1,u,img/target_7.png
16,2,761,modular,4,i,img/target_8.png
16,2,762,modular,5,b,img/target_6.png
16,2,763,modular,7,e,img/target_3.png
16,2,764,modular,5,b,img/target_6.png
16,2,765,modular,8,v,img/target_5.png
16,2,766,modular,9,o,img/target_9.png
16,2,767,modular,7,e,img/target_3.png
16,2,768,modular,9,o,img/target_9.png
16,2,769,modular,0,p,img/target_10.png
16,2,770,modular,3,q,img/target_1.png
16,2,771,modular,0,p,img/target_10.png
16,2,772,modular,3,q,img/target_1.png
16,2,773,modular,0,p,img/target_10.png
16,2,774,modular,2,r,img/target_4.png
16,2,775,modular,1,u,img/target_7.png
16,2,776,modular,3,q,img/target_1.png
16,2,777,modular,0,p,img/target_10.png
16,2,778,modular,2,r,img/target_4.png
16,2,779,modular,0,p,img/target_10.png
16,2,780,modular,2,r,img/target_4.png
16,2,781,modular,1,u,img/target_7.png
16,2,782,modular,4,i,img/target_8.png
16,2,783,modular,2,r,img/target_4.png
16,2,784,modular,4,i,img/target_8.png
16,2,785,modular,2,r,img/target_4.png
16,2,786,modular,1,u,img/target_7.png
16,2,787,modular,0,p,img/target_10.png
16,2,788,modular,1,u,img/target_7.png
16,2,789,modular,3,q,img/target_1.png
16,2,790,modular,0,p,img/target_10.png
16,2,791,modular,3,q,img/target_1.png
16,2,792,modular,2,r,img/target_4.png
16,2,793,modular,3,q,img/target_1.png
16,2,794,modular,2,r,img/target_4.png
16,2,795,modular,1,u,img/target_7.png
16,2,796,modular,3,q,img/target_1.png
16,2,797,modular,0,p,img/target_10.png
16,2,798,modular,3,q,img/target_1.png
16,2,799,modular,1,u,img/target_7.png
16,2,800,modular,2,r,img/target_4.png
16,2,801,modular,0,p,img/target_10.png
16,2,802,modular,3,q,img/target_1.png
16,2,803,modular,1,u,img/target_7.png
16,2,804,modular,2,r,img/target_4.png
16,2,805,modular,3,q,img/target_1.png
16,2,806,modular,2,r,img/target_4.png
16,2,807,modular,0,p,img/target_10.png
16,2,808,modular,9,o,img/target_9.png
16,2,809,modular,8,v,img/target_5.png
16,2,810,modular,5,b,img/target_6.png
16,2,811,modular,8,v,img/target_5.png
16,2,812,modular,7,e,img/target_3.png
16,2,813,modular,9,o,img/target_9.png
16,2,814,modular,6,w,img/target_2.png
16,2,815,modular,8,v,img/target_5.png
16,2,816,modular,7,e,img/target_3.png
16,2,817,modular,8,v,img/target_5.png
16,2,818,modular,5,b,img/target_6.png
16,2,819,modular,6,w,img/target_2.png
16,2,820,modular,7,e,img/target_3.png
16,2,821,modular,8,v,img/target_5.png
16,2,822,modular,5,b,img/target_6.png
16,2,823,modular,7,e,img/target_3.png
16,2,824,modular,5,b,img/target_6.png
16,2,825,modular,6,w,img/target_2.png
16,2,826,modular,7,e,img/target_3.png
16,2,827,modular,6,w,img/target_2.png
16,2,828,modular,5,b,img/target_6.png
16,2,829,modular,8,v,img/target_5.png
16,2,830,modular,9,o,img/target_9.png
16,2,831,modular,0,p,img/target_10.png
16,2,832,modular,2,r,img/target_4.png
16,2,833,modular,3,q,img/target_1.png
16,2,834,modular,1,u,img/target_7.png
16,2,835,modular,0,p,img/target_10.png
16,2,836,modular,3,q,img/target_1.png
16,2,837,modular,2,r,img/target_4.png
16,2,838,modular,1,u,img/target_7.png
16,2,839,modular,4,i,img/target_8.png
16,2,840,modular,3,q,img/target_1.png
16,2,841,modular,1,u,img/target_7.png
16,2,842,modular,3,q,img/target_1.png
16,2,843,modular,2,r,img/target_4.png
16,2,844,modular,4,i,img/target_8.png
16,2,845,modular,3,q,img/target_1.png
16,2,846,modular,4,i,img/target_8.png
16,2,847,modular,3,q,img/target_1.png
16,2,848,modular,2,r,img/target_4.png
16,2,849,modular,4,i,img/target_8.png
16,2,850,modular,2,r,img/target_4.png
16,2,851,modular,1,u,img/target_7.png
16,2,852,modular,4,i,img/target_8.png
16,2,853,modular,3,q,img/target_1.png
16,2,854,modular,0,p,img/target_10.png
16,2,855,modular,1,u,img/target_7.png
16,2,856,modular,3,q,img/target_1.png
16,2,857,modular,1,u,img/target_7.png
16,2,858,modular,4,i,img/target_8.png
16,2,859,modular,1,u,img/target_7.png
16,2,860,modular,3,q,img/target_1.png
16,2,861,modular,2,r,img/target_4.png
16,2,862,modular,1,u,img/target_7.png
16,2,863,modular,0,p,img/target_10.png
16,2,864,modular,9,o,img/target_9.png
16,2,865,modular,0,p,img/target_10.png
16,2,866,modular,1,u,img/target_7.png
16,2,867,modular,0,p,img/target_10.png
16,2,868,modular,2,r,img/target_4.png
16,2,869,modular,3,q,img/target_1.png
16,2,870,modular,2,r,img/target_4.png
16,2,871,modular,0,p,img/target_10.png
16,2,872,modular,2,r,img/target_4.png
16,2,873,modular,0,p,img/target_10.png
16,2,874,modular,9,o,img/target_9.png
16,2,875,modular,7,e,img/target_3.png
16,2,876,modular,5,b,img/target_6.png
16,2,877,modular,6,w,img/target_2.png
16,2,878,modular,9,o,img/target_9.png
16,2,879,modular,0,p,img/target_10.png
16,2,880,modular,9,o,img/target_9.png
16,2,881,modular,6,w,img/target_2.png
16,2,882,modular,7,e,img/target_3.png
16,2,883,modular,8,v,img/target_5.png
16,2,884,modular,6,w,img/target_2.png
16,2,885,modular,7,e,img/target_3.png
16,2,886,modular,8,v,img/target_5.png
16,2,887,modular,5,b,img/target_6.png
16,2,888,modular,4,i,img/target_8.png
16,2,889,modular,2,r,img/target_4.png
16,2,890,modular,0,p,img/target_10.png
16,2,891,modular,1,u,img/target_7.png
16,2,892,modular,4,i,img/target_8.png
16,2,893,modular,3,q,img/target_1.png
16,2,894,modular,0,p,img/target_10.png
16,2,895,modular,3,q,img/target_1.png
16,2,896,modular,0,p,img/target_10.png
16,2,897,modular,2,r,img/target_4.png
16,2,898,modular,3,q,img/target_1.png
16,2,899,modular,0,p,img/target_10.png
16,2,900,modular,2,r,img/target_4.png
16,2,901,modular,4,i,img/target_8.png
16,2,902,modular,3,q,img/target_1.png
16,2,903,modular,1,u,img/target_7.png
16,2,904,modular,0,p,img/target_10.png
16,2,905,modular,9,o,img/target_9.png
16,2,906,modular,6,w,img/target_2.png
16,2,907,modular,8,v,img/target_5.png
16,2,908,modular,5,b,img/target_6.png
16,2,909,modular,8,v,img/target_5.png
16,2,910,modular,6,w,img/target_2.png
16,2,911,modular,7,e,img/target_3.png
16,2,912,modular,5,b,img/target_6.png
16,2,913,modular,8,v,img/target_5.png
16,2,914,modular,6,w,img/target_2.png
16,2,915,modular,5,b,img/target_6.png
16,2,916,modular,7,e,img/target_3.png
16,2,917,modular,5,b,img/target_6.png
16,2,918,modular,7,e,img/target_3.png
16,2,919,modular,5,b,img/target_6.png
16,2,920,modular,7,e,img/target_3.png
16,2,921,modular,5,b,img/target_6.png
16,2,922,modular,6,w,img/target_2.png
16,2,923,modular,8,v,img/target_5.png
16,2,924,modular,9,o,img/target_9.png
16,2,925,modular,7,e,img/target_3.png
16,2,926,modular,5,b,img/target_6.png
16,2,927,modular,8,v,img/target_5.png
16,2,928,modular,6,w,img/target_2.png
16,2,929,modular,8,v,img/target_5.png
16,2,930,modular,5,b,img/target_6.png
16,2,931,modular,7,e,img/target_3.png
16,2,932,modular,5,b,img/target_6.png
16,2,933,modular,7,e,img/target_3.png
16,2,934,modular,9,o,img/target_9.png
16,2,935,modular,8,v,img/target_5.png
16,2,936,modular,6,w,img/target_2.png
16,2,937,modular,7,e,img/target_3.png
16,2,938,modular,5,b,img/target_6.png
16,2,939,modular,4,i,img/target_8.png
16,2,940,modular,2,r,img/target_4.png
16,2,941,modular,0,p,img/target_10.png
16,2,942,modular,2,r,img/target_4.png
16,2,943,modular,3,q,img/target_1.png
16,2,944,modular,2,r,img/target_4.png
16,2,945,modular,4,i,img/target_8.png
16,2,946,modular,2,r,img/target_4.png
16,2,947,modular,3,q,img/target_1.png
16,2,948,modular,1,u,img/target_7.png
16,2,949,modular,0,p,img/target_10.png
16,2,950,modular,3,q,img/target_1.png
16,2,951,modular,1,u,img/target_7.png
16,2,952,modular,0,p,img/target_10.png
16,2,953,modular,2,r,img/target_4.png
16,2,954,modular,0,p,img/target_10.png
16,2,955,modular,2,r,img/target_4.png
16,2,956,modular,3,q,img/target_1.png
16,2,957,modular,0,p,img/target_10.png
16,2,958,modular,9,o,img/target_9.png
16,2,959,modular,7,e,img/target_3.png
16,2,960,modular,8,v,img/target_5.png
16,2,961,modular,6,w,img/target_2.png
16,2,962,modular,7,e,img/target_3.png
16,2,963,modular,9,o,img/target_9.png
16,2,964,modular,8,v,img/target_5.png
16,2,965,modular,9,o,img/target_9.png
16,2,966,modular,0,p,img/target_10.png
16,2,967,modular,1,u,img/target_7.png
16,2,968,modular,0,p,img/target_10.png
16,2,969,modular,2,r,img/target_4.png
16,2,970,modular,1,u,img/target_7.png
16,2,971,modular,2,r,img/target_4.png
16,2,972,modular,3,q,img/target_1.png
16,2,973,modular,1,u,img/target_7.png
16,2,974,modular,2,r,img/target_4.png
16,2,975,modular,0,p,img/target_10.png
16,2,976,modular,3,q,img/target_1.png
16,2,977,modular,1,u,img/target_7.png
16,2,978,modular,2,r,img/target_4.png
16,2,979,modular,3,q,img/target_1.png
16,2,980,modular,0,p,img/target_10.png
16,2,981,modular,2,r,img/target_4.png
16,2,982,modular,1,u,img/target_7.png
16,2,983,modular,0,p,img/target_10.png
16,2,984,modular,3,q,img/target_1.png
16,2,985,modular,2,r,img/target_4.png
16,2,986,modular,0,p,img/target_10.png
16,2,987,modular,3,q,img/target_1.png
16,2,988,modular,1,u,img/target_7.png
16,2,989,modular,0,p,img/target_10.png
16,2,990,modular,9,o,img/target_9.png
16,2,991,modular,8,v,img/target_5.png
16,2,992,modular,5,b,img/target_6.png
16,2,993,modular,8,v,img/target_5.png
16,2,994,modular,5,b,img/target_6.png
16,2,995,modular,6,w,img/target_2.png
16,2,996,modular,8,v,img/target_5.png
16,2,997,modular,9,o,img/target_9.png
16,2,998,modular,0,p,img/target_10.png
16,2,999,modular,3,q,img/target_1.png
16,2,1000,modular,1,u,img/target_7.png
