pID,sess,trialNum,graph,walk,resp,path
16,1,1,modular,5,b,img/target_6.png
16,1,2,modular,6,w,img/target_2.png
16,1,3,modular,7,e,img/target_3.png
16,1,4,modular,5,b,img/target_6.png
16,1,5,modular,7,e,img/target_3.png
16,1,6,modular,9,o,img/target_9.png
16,1,7,modular,7,e,img/target_3.png
16,1,8,modular,5,b,img/target_6.png
16,1,9,modular,7,e,img/target_3.png
16,1,10,modular,9,o,img/target_9.png
16,1,11,modular,0,p,img/target_10.png
16,1,12,modular,1,u,img/target_7.png
16,1,13,modular,4,i,img/target_8.png
16,1,14,modular,1,u,img/target_7.png
16,1,15,modular,3,q,img/target_1.png
16,1,16,modular,2,r,img/target_4.png
16,1,17,modular,1,u,img/target_7.png
16,1,18,modular,2,r,img/target_4.png
16,1,19,modular,0,p,img/target_10.png
16,1,20,modular,2,r,img/target_4.png
16,1,21,modular,1,u,img/target_7.png
16,1,22,modular,0,p,img/target_10.png
16,1,23,modular,1,u,img/target_7.png
16,1,24,modular,0,p,img/target_10.png
16,1,25,modular,1,u,img/target_7.png
16,1,26,modular,3,q,img/target_1.png
16,1,27,modular,1,u,img/target_7.png
16,1,28,modular,4,i,img/target_8.png
16,1,29,modular,3,q,img/target_1.png
16,1,30,modular,1,u,img/target_7.png
16,1,31,modular,0,p,img/target_10.png
16,1,32,modular,9,o,img/target_9.png
16,1,33,modular,6,w,img/target_2.png
16,1,34,modular,8,v,img/target_5.png
16,1,35,modular,9,o,img/target_9.png
16,1,36,modular,8,v,img/target_5.png
16,1,37,modular,6,w,img/target_2.png
16,1,38,modular,5,b,img/target_6.png
16,1,39,modular,6,w,img/target_2.png
16,1,40,modular,7,e,img/target_3.png
16,1,41,modular,9,o,img/target_9.png
16,1,42,modular,6,w,img/target_2.png
16,1,43,modular,5,b,img/target_6.png
16,1,44,modular,7,e,img/target_3.png
16,1,45,modular,6,w,img/target_2.png
16,1,46,modular,9,o,img/target_9.png
16,1,47,modular,7,e,img/target_3.png
16,1,48,modular,8,v,img/target_5.png
16,1,49,modular,6,w,img/target_2.png
16,1,50,modular,5,b,img/target_6.png
16,1,51,modular,7,e,img/target_3.png
16,1,52,modular,9,o,img/target_9.png
16,1,53,modular,7,e,img/target_3.png
16,1,54,modular,5,b,img/target_6.png
16,1,55,modular,6,w,img/target_2.png
16,1,56,modular,8,v,img/target_5.png
16,1,57,modular,9,o,img/target_9.png
16,1,58,modular,0,p,img/target_10.png
16,1,59,modular,3,q,img/target_1.png
16,1,60,modular,0,p,img/target_10.png
16,1,61,modular,9,o,img/target_9.png
16,1,62,modular,7,e,img/target_3.png
16,1,63,modular,6,w,img/target_2.png
16,1,64,modular,7,e,img/target_3.png
16,1,65,modular,9,o,img/target_9.png
16,1,66,modular,6,w,img/target_2.png
16,1,67,modular,5,b,img/target_6.png
16,1,68,modular,8,v,img/target_5.png
16,1,69,modular,6,w,img/target_2.png
16,1,70,modular,9,o,img/target_9.png
16,1,71,modular,8,v,img/target_5.png
16,1,72,modular,7,e,img/target_3.png
16,1,73,modular,6,w,img/target_2.png
16,1,74,modular,8,v,img/target_5.png
16,1,75,modular,5,b,img/target_6.png
16,1,76,modular,6,w,img/target_2.png
16,1,77,modular,8,v,img/target_5.png
16,1,78,modular,7,e,img/target_3.png
16,1,79,modular,6,w,img/target_2.png
16,1,80,modular,8,v,img/target_5.png
16,1,81,modular,7,e,img/target_3.png
16,1,82,modular,5,b,img/target_6.png
16,1,83,modular,4,i,img/target_8.png
16,1,84,modular,1,u,img/target_7.png
16,1,85,modular,0,p,img/target_10.png
16,1,86,modular,1,u,img/target_7.png
16,1,87,modular,3,q,img/target_1.png
16,1,88,modular,0,p,img/target_10.png
16,1,89,modular,1,u,img/target_7.png
16,1,90,modular,3,q,img/target_1.png
16,1,91,modular,1,u,img/target_7.png
16,1,92,modular,4,i,img/target_8.png
16,1,93,modular,3,q,img/target_1.png
16,1,94,modular,4,i,img/target_8.png
16,1,95,modular,5,b,img/target_6.png
16,1,96,modular,4,i,img/target_8.png
16,1,97,modular,3,q,img/target_1.png
16,1,98,modular,0,p,img/target_10.png
16,1,99,modular,9,o,img/target_9.png
16,1,100,modular,7,e,img/target_3.png
16,1,101,modular,5,b,img/target_6.png
16,1,102,modular,6,w,img/target_2.png
16,1,103,modular,7,e,img/target_3.png
16,1,104,modular,6,w,img/target_2.png
16,1,105,modular,7,e,img/target_3.png
16,1,106,modular,5,b,img/target_6.png
16,1,107,modular,4,i,img/target_8.png
16,1,108,modular,1,u,img/target_7.png
16,1,109,modular,4,i,img/target_8.png
16,1,110,modular,1,u,img/target_7.png
16,1,111,modular,0,p,img/target_10.png
16,1,112,modular,1,u,img/target_7.png
16,1,113,modular,2,r,img/target_4.png
16,1,114,modular,3,q,img/target_1.png
16,1,115,modular,1,u,img/target_7.png
16,1,116,modular,3,q,img/target_1.png
16,1,117,modular,1,u,img/target_7.png
16,1,118,modular,2,r,img/target_4.png
16,1,119,modular,4,i,img/target_8.png
16,1,120,modular,5,b,img/target_6.png
16,1,121,modular,7,e,img/target_3.png
16,1,122,modular,6,w,img/target_2.png
16,1,123,modular,9,o,img/target_9.png
16,1,124,modular,6,w,img/target_2.png
16,1,125,modular,9,o,img/target_9.png
16,1,126,modular,8,v,img/target_5.png
16,1,127,modular,6,w,img/target_2.png
16,1,128,modular,9,o,img/target_9.png
16,1,129,modular,8,v,img/target_5.png
16,1,130,modular,9,o,img/target_9.png
16,1,131,modular,0,p,img/target_10.png
16,1,132,modular,2,r,img/target_4.png
16,1,133,modular,0,p,img/target_10.png
16,1,134,modular,2,r,img/target_4.png
16,1,135,modular,3,q,img/target_1.png
16,1,136,modular,2,r,img/target_4.png
16,1,137,modular,0,p,img/target_10.png
16,1,138,modular,9,o,img/target_9.png
16,1,139,modular,7,e,img/target_3.png
16,1,140,modular,9,o,img/target_9.png
16,1,141,modular,0,p,img/target_10.png
16,1,142,modular,3,q,img/target_1.png
16,1,143,modular,2,r,img/target_4.png
16,1,144,modular,3,q,img/target_1.png
16,1,145,modular,2,r,img/target_4.png
16,1,146,modular,3,q,img/target_1.png
16,1,147,modular,0,p,img/target_10.png
16,1,148,modular,3,q,img/target_1.png
16,1,149,modular,1,u,img/target_7.png
16,1,150,modular,4,i,img/target_8.png
16,1,151,modular,5,b,img/target_6.png
16,1,152,modular,8,v,img/target_5.png
16,1,153,modular,7,e,img/target_3.png
16,1,154,modular,9,o,img/target_9.png
16,1,155,modular,7,e,img/target_3.png
16,1,156,modular,9,o,img/target_9.png
16,1,157,modular,8,v,img/target_5.png
16,1,158,modular,7,e,img/target_3.png
16,1,159,modular,8,v,img/target_5.png
16,1,160,modular,9,o,img/target_9.png
16,1,161,modular,0,p,img/target_10.png
16,1,162,modular,9,o,img/target_9.png
16,1,163,modular,6,w,img/target_2.png
16,1,164,modular,8,v,img/target_5.png
16,1,165,modular,6,w,img/target_2.png
16,1,166,modular,5,b,img/target_6.png
16,1,167,modular,7,e,img/target_3.png
16,1,168,modular,6,w,img/target_2.png
16,1,169,modular,8,v,img/target_5.png
16,1,170,modular,5,b,img/target_6.png
16,1,171,modular,6,w,img/target_2.png
16,1,172,modular,8,v,img/target_5.png
16,1,173,modular,6,w,img/target_2.png
16,1,174,modular,8,v,img/target_5.png
16,1,175,modular,6,w,img/target_2.png
16,1,176,modular,9,o,img/target_9.png
16,1,177,modular,8,v,img/target_5.png
16,1,178,modular,7,e,img/target_3.png
16,1,179,modular,9,o,img/target_9.png
16,1,180,modular,8,v,img/target_5.png
16,1,181,modular,7,e,img/target_3.png
16,1,182,modular,5,b,img/target_6.png
16,1,183,modular,8,v,img/target_5.png
16,1,184,modular,7,e,img/target_3.png
16,1,185,modular,8,v,img/target_5.png
16,1,186,modular,7,e,img/target_3.png
16,1,187,modular,9,o,img/target_9.png
16,1,188,modular,8,v,img/target_5.png
16,1,189,modular,9,o,img/target_9.png
16,1,190,modular,7,e,img/target_3.png
16,1,191,modular,6,w,img/target_2.png
16,1,192,modular,8,v,img/target_5.png
16,1,193,modular,9,o,img/target_9.png
16,1,194,modular,0,p,img/target_10.png
16,1,195,modular,1,u,img/target_7.png
16,1,196,modular,2,r,img/target_4.png
16,1,197,modular,0,p,img/target_10.png
16,1,198,modular,1,u,img/target_7.png
16,1,199,modular,0,p,img/target_10.png
16,1,200,modular,3,q,img/target_1.png
16,1,201,modular,1,u,img/target_7.png
16,1,202,modular,3,q,img/target_1.png
16,1,203,modular,1,u,img/target_7.png
16,1,204,modular,4,i,img/target_8.png
16,1,205,modular,1,u,img/target_7.png
16,1,206,modular,3,q,img/target_1.png
16,1,207,modular,0,p,img/target_10.png
16,1,208,modular,3,q,img/target_1.png
16,1,209,modular,1,u,img/target_7.png
16,1,210,modular,4,i,img/target_8.png
16,1,211,modular,3,q,img/target_1.png
16,1,212,modular,2,r,img/target_4.png
16,1,213,modular,0,p,img/target_10.png
16,1,214,modular,3,q,img/target_1.png
16,1,215,modular,4,i,img/target_8.png
16,1,216,modular,5,b,img/target_6.png
16,1,217,modular,7,e,img/target_3.png
16,1,218,modular,5,b,img/target_6.png
16,1,219,modular,7,e,img/target_3.png
16,1,220,modular,6,w,img/target_2.png
16,1,221,modular,8,v,img/target_5.png
16,1,222,modular,7,e,img/target_3.png
16,1,223,modular,6,w,img/target_2.png
16,1,224,modular,7,e,img/target_3.png
16,1,225,modular,9,o,img/target_9.png
16,1,226,modular,0,p,img/target_10.png
16,1,227,modular,1,u,img/target_7.png
16,1,228,modular,2,r,img/target_4.png
16,1,229,modular,4,i,img/target_8.png
16,1,230,modular,3,q,img/target_1.png
16,1,231,modular,4,i,img/target_8.png
16,1,232,modular,1,u,img/target_7.png
16,1,233,modular,3,q,img/target_1.png
16,1,234,modular,0,p,img/target_10.png
16,1,235,modular,1,u,img/target_7.png
16,1,236,modular,3,q,img/target_1.png
16,1,237,modular,1,u,img/target_7.png
16,1,238,modular,4,i,img/target_8.png
16,1,239,modular,2,r,img/target_4.png
16,1,240,modular,1,u,img/target_7.png
16,1,241,modular,3,q,img/target_1.png
16,1,242,modular,4,i,img/target_8.png
16,1,243,modular,3,q,img/target_1.png
16,1,244,modular,4,i,img/target_8.png
16,1,245,modular,5,b,img/target_6.png
16,1,246,modular,4,i,img/target_8.png
16,1,247,modular,1,u,img/target_7.png
16,1,248,modular,3,q,img/target_1.png
16,1,249,modular,4,i,img/target_8.png
16,1,250,modular,1,u,img/target_7.png
16,1,251,modular,2,r,img/target_4.png
16,1,252,modular,1,u,img/target_7.png
16,1,253,modular,4,i,img/target_8.png
16,1,254,modular,1,u,img/target_7.png
16,1,255,modular,3,q,img/target_1.png
16,1,256,modular,1,u,img/target_7.png
16,1,257,modular,4,i,img/target_8.png
16,1,258,modular,3,q,img/target_1.png
16,1,259,modular,4,i,img/target_8.png
16,1,260,modular,3,q,img/target_1.png
16,1,261,modular,1,u,img/target_7.png
16,1,262,modular,4,i,img/target_8.png
16,1,263,modular,1,u,img/target_7.png
16,1,264,modular,3,q,img/target_1.png
16,1,265,modular,0,p,img/target_10.png
16,1,266,modular,9,o,img/target_9.png
16,1,267,modular,8,v,img/target_5.png
16,1,268,modular,5,b,img/target_6.png
16,1,269,modular,8,v,img/target_5.png
16,1,270,modular,5,b,img/target_6.png
16,1,271,modular,6,w,img/target_2.png
16,1,272,modular,7,e,img/target_3.png
16,1,273,modular,6,w,img/target_2.png
16,1,274,modular,8,v,img/target_5.png
16,1,275,modular,7,e,img/target_3.png
16,1,276,modular,5,b,img/target_6.png
16,1,277,modular,4,i,img/target_8.png
16,1,278,modular,2,r,img/target_4.png
16,1,279,modular,4,i,img/target_8.png
16,1,280,modular,3,q,img/target_1.png
16,1,281,modular,4,i,img/target_8.png
16,1,282,modular,5,b,img/target_6.png
16,1,283,modular,6,w,img/target_2.png
16,1,284,modular,7,e,img/target_3.png
16,1,285,modular,6,w,img/target_2.png
16,1,286,modular,7,e,img/target_3.png
16,1,287,modular,6,w,img/target_2.png
16,1,288,modular,7,e,img/target_3.png
16,1,289,modular,6,w,img/target_2.png
16,1,290,modular,7,e,img/target_3.png
16,1,291,modular,6,w,img/target_2.png
16,1,292,modular,8,v,img/target_5.png
16,1,293,modular,6,w,img/target_2.png
16,1,294,modular,5,b,img/target_6.png
16,1,295,modular,8,v,img/target_5.png
16,1,296,modular,5,b,img/target_6.png
16,1,297,modular,4,i,img/target_8.png
16,1,298,modular,1,u,img/target_7.png
16,1,299,modular,4,i,img/target_8.png
16,1,300,modular,1,u,img/target_7.png
16,1,301,modular,2,r,img/target_4.png
16,1,302,modular,3,q,img/target_1.png
16,1,303,modular,1,u,img/target_7.png
16,1,304,modular,0,p,img/target_10.png
16,1,305,modular,2,r,img/target_4.png
16,1,306,modular,1,u,img/target_7.png
16,1,307,modular,3,q,img/target_1.png
16,1,308,modular,2,r,img/target_4.png
16,1,309,modular,4,i,img/target_8.png
16,1,310,modular,1,u,img/target_7.png
16,1,311,modular,2,r,img/target_4.png
16,1,312,modular,0,p,img/target_10.png
16,1,313,modular,2,r,img/target_4.png
16,1,314,modular,3,q,img/target_1.png
16,1,315,modular,2,r,img/target_4.png
16,1,316,modular,0,p,img/target_10.png
16,1,317,modular,3,q,img/target_1.png
16,1,318,modular,2,r,img/target_4.png
16,1,319,modular,3,q,img/target_1.png
16,1,320,modular,2,r,img/target_4.png
16,1,321,modular,4,i,img/target_8.png
16,1,322,modular,3,q,img/target_1.png
16,1,323,modular,4,i,img/target_8.png
16,1,324,modular,2,r,img/target_4.png
16,1,325,modular,1,u,img/target_7.png
16,1,326,modular,3,q,img/target_1.png
16,1,327,modular,1,u,img/target_7.png
16,1,328,modular,2,r,img/target_4.png
16,1,329,modular,1,u,img/target_7.png
16,1,330,modular,3,q,img/target_1.png
16,1,331,modular,0,p,img/target_10.png
16,1,332,modular,1,u,img/target_7.png
16,1,333,modular,4,i,img/target_8.png
16,1,334,modular,2,r,img/target_4.png
16,1,335,modular,1,u,img/target_7.png
16,1,336,modular,2,r,img/target_4.png
16,1,337,modular,4,i,img/target_8.png
16,1,338,modular,3,q,img/target_1.png
16,1,339,modular,0,p,img/target_10.png
16,1,340,modular,9,o,img/target_9.png
16,1,341,modular,8,v,img/target_5.png
16,1,342,modular,6,w,img/target_2.png
16,1,343,modular,7,e,img/target_3.png
16,1,344,modular,8,v,img/target_5.png
16,1,345,modular,9,o,img/target_9.png
16,1,346,modular,7,e,img/target_3.png
16,1,347,modular,9,o,img/target_9.png
16,1,348,modular,6,w,img/target_2.png
16,1,349,modular,5,b,img/target_6.png
16,1,350,modular,7,e,img/target_3.png
16,1,351,modular,5,b,img/target_6.png
16,1,352,modular,8,v,img/target_5.png
16,1,353,modular,9,o,img/target_9.png
16,1,354,modular,7,e,img/target_3.png
16,1,355,modular,8,v,img/target_5.png
16,1,356,modular,5,b,img/target_6.png
16,1,357,modular,6,w,img/target_2.png
16,1,358,modular,9,o,img/target_9.png
16,1,359,modular,7,e,img/target_3.png
16,1,360,modular,5,b,img/target_6.png
16,1,361,modular,7,e,img/target_3.png
16,1,362,modular,5,b,img/target_6.png
16,1,363,modular,4,i,img/target_8.png
16,1,364,modular,5,b,img/target_6.png
16,1,365,modular,4,i,img/target_8.png
16,1,366,modular,3,q,img/target_1.png
16,1,367,modular,0,p,img/target_10.png
16,1,368,modular,2,r,img/target_4.png
16,1,369,modular,4,i,img/target_8.png
16,1,370,modular,5,b,img/target_6.png
16,1,371,modular,4,i,img/target_8.png
16,1,372,modular,5,b,img/target_6.png
16,1,373,modular,6,w,img/target_2.png
16,1,374,modular,8,v,img/target_5.png
16,1,375,modular,5,b,img/target_6.png
16,1,376,modular,4,i,img/target_8.png
16,1,377,modular,2,r,img/target_4.png
16,1,378,modular,3,q,img/target_1.png
16,1,379,modular,1,u,img/target_7.png
16,1,380,modular,4,i,img/target_8.png
16,1,381,modular,3,q,img/target_1.png
16,1,382,modular,4,i,img/target_8.png
16,1,383,modular,2,r,img/target_4.png
16,1,384,modular,3,q,img/target_1.png
16,1,385,modular,2,r,img/target_4.png
16,1,386,modular,3,q,img/target_1.png
16,1,387,modular,1,u,img/target_7.png
16,1,388,modular,4,i,img/target_8.png
16,1,389,modular,1,u,img/target_7.png
16,1,390,modular,2,r,img/target_4.png
16,1,391,modular,4,i,img/target_8.png
16,1,392,modular,1,u,img/target_7.png
16,1,393,modular,0,p,img/target_10.png
16,1,394,modular,2,r,img/target_4.png
16,1,395,modular,1,u,img/target_7.png
16,1,396,modular,0,p,img/target_10.png
16,1,397,modular,3,q,img/target_1.png
16,1,398,modular,4,i,img/target_8.png
16,1,399,modular,2,r,img/target_4.png
16,1,400,modular,3,q,img/target_1.png
16,1,401,modular,1,u,img/target_7.png
16,1,402,modular,0,p,img/target_10.png
16,1,403,modular,1,u,img/target_7.png
16,1,404,modular,0,p,img/target_10.png
16,1,405,modular,2,r,img/target_4.png
16,1,406,modular,0,p,img/target_10.png
16,1,407,modular,9,o,img/target_9.png
16,1,408,modular,0,p,img/target_10.png
16,1,409,modular,2,r,img/target_4.png
16,1,410,modular,1,u,img/target_7.png
16,1,411,modular,4,i,img/target_8.png
16,1,412,modular,1,u,img/target_7.png
16,1,413,modular,4,i,img/target_8.png
16,1,414,modular,5,b,img/target_6.png
16,1,415,modular,6,w,img/target_2.png
16,1,416,modular,8,v,img/target_5.png
16,1,417,modular,7,e,img/target_3.png
16,1,418,modular,8,v,img/target_5.png
16,1,419,modular,7,e,img/target_3.png
16,1,420,modular,5,b,img/target_6.png
16,1,421,modular,6,w,img/target_2.png
16,1,422,modular,7,e,img/target_3.png
16,1,423,modular,5,b,img/target_6.png
16,1,424,modular,4,i,img/target_8.png
16,1,425,modular,3,q,img/target_1.png
16,1,426,modular,4,i,img/target_8.png
16,1,427,modular,2,r,img/target_4.png
16,1,428,modular,4,i,img/target_8.png
16,1,429,modular,5,b,img/target_6.png
16,1,430,modular,6,w,img/target_2.png
16,1,431,modular,8,v,img/target_5.png
16,1,432,modular,5,b,img/target_6.png
16,1,433,modular,8,v,img/target_5.png
16,1,434,modular,9,o,img/target_9.png
16,1,435,modular,8,v,img/target_5.png
16,1,436,modular,9,o,img/target_9.png
16,1,437,modular,6,w,img/target_2.png
16,1,438,modular,9,o,img/target_9.png
16,1,439,modular,6,w,img/target_2.png
16,1,440,modular,8,v,img/target_5.png
16,1,441,modular,7,e,img/target_3.png
16,1,442,modular,9,o,img/target_9.png
16,1,443,modular,6,w,img/target_2.png
16,1,444,modular,7,e,img/target_3.png
16,1,445,modular,9,o,img/target_9.png
16,1,446,modular,7,e,img/target_3.png
16,1,447,modular,9,o,img/target_9.png
16,1,448,modular,0,p,img/target_10.png
16,1,449,modular,2,r,img/target_4.png
16,1,450,modular,1,u,img/target_7.png
16,1,451,modular,3,q,img/target_1.png
16,1,452,modular,0,p,img/target_10.png
16,1,453,modular,9,o,img/target_9.png
16,1,454,modular,8,v,img/target_5.png
16,1,455,modular,9,o,img/target_9.png
16,1,456,modular,0,p,img/target_10.png
16,1,457,modular,2,r,img/target_4.png
16,1,458,modular,0,p,img/target_10.png
16,1,459,modular,9,o,img/target_9.png
16,1,460,modular,8,v,img/target_5.png
16,1,461,modular,7,e,img/target_3.png
16,1,462,modular,9,o,img/target_9.png
16,1,463,modular,6,w,img/target_2.png
16,1,464,modular,5,b,img/target_6.png
16,1,465,modular,7,e,img/target_3.png
16,1,466,modular,9,o,img/target_9.png
16,1,467,modular,6,w,img/target_2.png
16,1,468,modular,5,b,img/target_6.png
16,1,469,modular,4,i,img/target_8.png
16,1,470,modular,5,b,img/target_6.png
16,1,471,modular,7,e,img/target_3.png
16,1,472,modular,5,b,img/target_6.png
16,1,473,modular,4,i,img/target_8.png
16,1,474,modular,3,q,img/target_1.png
16,1,475,modular,1,u,img/target_7.png
16,1,476,modular,4,i,img/target_8.png
16,1,477,modular,2,r,img/target_4.png
16,1,478,modular,1,u,img/target_7.png
16,1,479,modular,3,q,img/target_1.png
16,1,480,modular,4,i,img/target_8.png
16,1,481,modular,3,q,img/target_1.png
16,1,482,modular,4,i,img/target_8.png
16,1,483,modular,1,u,img/target_7.png
16,1,484,modular,0,p,img/target_10.png
16,1,485,modular,1,u,img/target_7.png
16,1,486,modular,3,q,img/target_1.png
16,1,487,modular,1,u,img/target_7.png
16,1,488,modular,4,i,img/target_8.png
16,1,489,modular,5,b,img/target_6.png
16,1,490,modular,8,v,img/target_5.png
16,1,491,modular,6,w,img/target_2.png
16,1,492,modular,8,v,img/target_5.png
16,1,493,modular,7,e,img/target_3.png
16,1,494,modular,8,v,img/target_5.png
16,1,495,modular,5,b,img/target_6.png
16,1,496,modular,6,w,img/target_2.png
16,1,497,modular,7,e,img/target_3.png
16,1,498,modular,5,b,img/target_6.png
16,1,499,modular,7,e,img/target_3.png
16,1,500,modular,6,w,img/target_2.png
16,1,501,modular,5,b,img/target_6.png
16,1,502,modular,7,e,img/target_3.png
16,1,503,modular,5,b,img/target_6.png
16,1,504,modular,6,w,img/target_2.png
16,1,505,modular,7,e,img/target_3.png
16,1,506,modular,6,w,img/target_2.png
16,1,507,modular,9,o,img/target_9.png
16,1,508,modular,0,p,img/target_10.png
16,1,509,modular,2,r,img/target_4.png
16,1,510,modular,0,p,img/target_10.png
16,1,511,modular,3,q,img/target_1.png
16,1,512,modular,4,i,img/target_8.png
16,1,513,modular,5,b,img/target_6.png
16,1,514,modular,4,i,img/target_8.png
16,1,515,modular,2,r,img/target_4.png
16,1,516,modular,3,q,img/target_1.png
16,1,517,modular,0,p,img/target_10.png
16,1,518,modular,9,o,img/target_9.png
16,1,519,modular,6,w,img/target_2.png
16,1,520,modular,5,b,img/target_6.png
16,1,521,modular,7,e,img/target_3.png
16,1,522,modular,6,w,img/target_2.png
16,1,523,modular,5,b,img/target_6.png
16,1,524,modular,8,v,img/target_5.png
16,1,525,modular,5,b,img/target_6.png
16,1,526,modular,8,v,img/target_5.png
16,1,527,modular,6,w,img/target_2.png
16,1,528,modular,5,b,img/target_6.png
16,1,529,modular,8,v,img/target_5.png
16,1,530,modular,6,w,img/target_2.png
16,1,531,modular,8,v,img/target_5.png
16,1,532,modular,7,e,img/target_3.png
16,1,533,modular,6,w,img/target_2.png
16,1,534,modular,7,e,img/target_3.png
16,1,535,modular,9,o,img/target_9.png
16,1,536,modular,7,e,img/target_3.png
16,1,537,modular,6,w,img/target_2.png
16,1,538,modular,9,o,img/target_9.png
16,1,539,modular,7,e,img/target_3.png
16,1,540,modular,6,w,img/target_2.png
16,1,541,modular,5,b,img/target_6.png
16,1,542,modular,7,e,img/target_3.png
16,1,543,modular,5,b,img/target_6.png
16,1,544,modular,6,w,img/target_2.png
16,1,545,modular,9,o,img/target_9.png
16,1,546,modular,6,w,img/target_2.png
16,1,547,modular,8,v,img/target_5.png
16,1,548,modular,9,o,img/target_9.png
16,1,549,modular,8,v,img/target_5.png
16,1,550,modular,9,o,img/target_9.png
16,1,551,modular,0,p,img/target_10.png
16,1,552,modular,2,r,img/target_4.png
16,1,553,modular,4,i,img/target_8.png
16,1,554,modular,1,u,img/target_7.png
16,1,555,modular,2,r,img/target_4.png
16,1,556,modular,1,u,img/target_7.png
16,1,557,modular,3,q,img/target_1.png
16,1,558,modular,2,r,img/target_4.png
16,1,559,modular,1,u,img/target_7.png
16,1,560,modular,3,q,img/target_1.png
16,1,561,modular,1,u,img/target_7.png
16,1,562,modular,2,r,img/target_4.png
16,1,563,modular,0,p,img/target_10.png
16,1,564,modular,1,u,img/target_7.png
16,1,565,modular,3,q,img/target_1.png
16,1,566,modular,4,i,img/target_8.png
16,1,567,modular,3,q,img/target_1.png
16,1,568,modular,0,p,img/target_10.png
16,1,569,modular,3,q,img/target_1.png
16,1,570,modular,2,r,img/target_4.png
16,1,571,modular,4,i,img/target_8.png
16,1,572,modular,3,q,img/target_1.png
16,1,573,modular,4,i,img/target_8.png
16,1,574,modular,1,u,img/target_7.png
16,1,575,modular,0,p,img/target_10.png
16,1,576,modular,1,u,img/target_7.png
16,1,577,modular,2,r,img/target_4.png
16,1,578,modular,1,u,img/target_7.png
16,1,579,modular,2,r,img/target_4.png
16,1,580,modular,0,p,img/target_10.png
16,1,581,modular,3,q,img/target_1.png
16,1,582,modular,1,u,img/target_7.png
16,1,583,modular,3,q,img/target_1.png
16,1,584,modular,2,r,img/target_4.png
16,1,585,modular,1,u,img/target_7.png
16,1,586,modular,4,i,img/target_8.png
16,1,587,modular,5,b,img/target_6.png
16,1,588,modular,7,e,img/target_3.png
16,1,589,modular,6,w,img/target_2.png
16,1,590,modular,8,v,img/target_5.png
16,1,591,modular,6,w,img/target_2.png
16,1,592,modular,7,e,img/target_3.png
16,1,593,modular,6,w,img/target_2.png
16,1,594,modular,5,b,img/target_6.png
16,1,595,modular,8,v,img/target_5.png
16,1,596,modular,7,e,img/target_3.png
16,1,597,modular,9,o,img/target_9.png
16,1,598,modular,6,w,img/target_2.png
16,1,599,modular,7,e,img/target_3.png
16,1,600,modular,8,v,img/target_5.png
16,1,601,modular,9,o,img/target_9.png
16,1,602,modular,0,p,img/target_10.png
16,1,603,modular,2,r,img/target_4.png
16,1,604,modular,0,p,img/target_10.png
16,1,605,modular,2,r,img/target_4.png
16,1,606,modular,1,u,img/target_7.png
16,1,607,modular,0,p,img/target_10.png
16,1,608,modular,9,o,img/target_9.png
16,1,609,modular,6,w,img/target_2.png
16,1,610,modular,9,o,img/target_9.png
16,1,611,modular,8,v,img/target_5.png
16,1,612,modular,9,o,img/target_9.png
16,1,613,modular,6,w,img/target_2.png
16,1,614,modular,5,b,img/target_6.png
16,1,615,modular,7,e,img/target_3.png
16,1,616,modular,8,v,img/target_5.png
16,1,617,modular,5,b,img/target_6.png
16,1,618,modular,6,w,img/target_2.png
16,1,619,modular,8,v,img/target_5.png
16,1,620,modular,7,e,img/target_3.png
16,1,621,modular,8,v,img/target_5.png
16,1,622,modular,5,b,img/target_6.png
16,1,623,modular,8,v,img/target_5.png
16,1,624,modular,6,w,img/target_2.png
16,1,625,modular,8,v,img/target_5.png
16,1,626,modular,9,o,img/target_9.png
16,1,627,modular,6,w,img/target_2.png
16,1,628,modular,5,b,img/target_6.png
16,1,629,modular,8,v,img/target_5.png
16,1,630,modular,9,o,img/target_9.png
16,1,631,modular,6,w,img/target_2.png
16,1,632,modular,5,b,img/target_6.png
16,1,633,modular,6,w,img/target_2.png
16,1,634,modular,8,v,img/target_5.png
16,1,635,modular,7,e,img/target_3.png
16,1,636,modular,5,b,img/target_6.png
16,1,637,modular,6,w,img/target_2.png
16,1,638,modular,7,e,img/target_3.png
16,1,639,modular,6,w,img/target_2.png
16,1,640,modular,8,v,img/target_5.png
16,1,641,modular,7,e,img/target_3.png
16,1,642,modular,9,o,img/target_9.png
16,1,643,modular,8,v,img/target_5.png
16,1,644,modular,9,o,img/target_9.png
16,1,645,modular,8,v,img/target_5.png
16,1,646,modular,7,e,img/target_3.png
16,1,647,modular,6,w,img/target_2.png
16,1,648,modular,7,e,img/target_3.png
16,1,649,modular,9,o,img/target_9.png
16,1,650,modular,6,w,img/target_2.png
16,1,651,modular,8,v,img/target_5.png
16,1,652,modular,9,o,img/target_9.png
16,1,653,modular,6,w,img/target_2.png
16,1,654,modular,7,e,img/target_3.png
16,1,655,modular,6,w,img/target_2.png
16,1,656,modular,5,b,img/target_6.png
16,1,657,modular,4,i,img/target_8.png
16,1,658,modular,5,b,img/target_6.png
16,1,659,modular,8,v,img/target_5.png
16,1,660,modular,5,b,img/target_6.png
16,1,661,modular,4,i,img/target_8.png
16,1,662,modular,5,b,img/target_6.png
16,1,663,modular,4,i,img/target_8.png
16,1,664,modular,3,q,img/target_1.png
16,1,665,modular,2,r,img/target_4.png
16,1,666,modular,1,u,img/target_7.png
16,1,667,modular,0,p,img/target_10.png
16,1,668,modular,2,r,img/target_4.png
16,1,669,modular,4,i,img/target_8.png
16,1,670,modular,5,b,img/target_6.png
16,1,671,modular,8,v,img/target_5.png
16,1,672,modular,7,e,img/target_3.png
16,1,673,modular,5,b,img/target_6.png
16,1,674,modular,4,i,img/target_8.png
16,1,675,modular,5,b,img/target_6.png
16,1,676,modular,4,i,img/target_8.png
16,1,677,modular,5,b,img/target_6.png
16,1,678,modular,6,w,img/target_2.png
16,1,679,modular,7,e,img/target_3.png
16,1,680,modular,9,o,img/target_9.png
16,1,681,modular,7,e,img/target_3.png
16,1,682,modular,8,v,img/target_5.png
16,1,683,modular,7,e,img/target_3.png
16,1,684,modular,5,b,img/target_6.png
16,1,685,modular,8,v,img/target_5.png
16,1,686,modular,9,o,img/target_9.png
16,1,687,modular,0,p,img/target_10.png
16,1,688,modular,9,o,img/target_9.png
16,1,689,modular,8,v,img/target_5.png
16,1,690,modular,6,w,img/target_2.png
16,1,691,modular,8,v,img/target_5.png
16,1,692,modular,9,o,img/target_9.png
16,1,693,modular,6,w,img/target_2.png
16,1,694,modular,7,e,img/target_3.png
16,1,695,modular,5,b,img/target_6.png
16,1,696,modular,8,v,img/target_5.png
16,1,697,modular,5,b,img/target_6.png
16,1,698,modular,7,e,img/target_3.png
16,1,699,modular,8,v,img/target_5.png
16,1,700,modular,5,b,img/target_6.png
16,1,701,modular,8,v,img/target_5.png
16,1,702,modular,7,e,img/target_3.png
16,1,703,modular,9,o,img/target_9.png
16,1,704,modular,0,p,img/target_10.png
16,1,705,modular,3,q,img/target_1.png
16,1,706,modular,2,r,img/target_4.png
16,1,707,modular,4,i,img/target_8.png
16,1,708,modular,1,u,img/target_7.png
16,1,709,modular,2,r,img/target_4.png
16,1,710,modular,4,i,img/target_8.png
16,1,711,modular,5,b,img/target_6.png
16,1,712,modular,6,w,img/target_2.png
16,1,713,modular,8,v,img/target_5.png
16,1,714,modular,9,o,img/target_9.png
16,1,715,modular,7,e,img/target_3.png
16,1,716,modular,5,b,img/target_6.png
16,1,717,modular,6,w,img/target_2.png
16,1,718,modular,9,o,img/target_9.png
16,1,719,modular,6,w,img/target_2.png
16,1,720,modular,8,v,img/target_5.png
16,1,721,modular,7,e,img/target_3.png
16,1,722,modular,5,b,img/target_6.png
16,1,723,modular,8,v,img/target_5.png
16,1,724,modular,7,e,img/target_3.png
16,1,725,modular,5,b,img/target_6.png
16,1,726,modular,4,i,img/target_8.png
16,1,727,modular,5,b,img/target_6.png
16,1,728,modular,6,w,img/target_2.png
16,1,729,modular,9,o,img/target_9.png
16,1,730,modular,6,w,img/target_2.png
16,1,731,modular,5,b,img/target_6.png
16,1,732,modular,6,w,img/target_2.png
16,1,733,modular,5,b,img/target_6.png
16,1,734,modular,8,v,img/target_5.png
16,1,735,modular,6,w,img/target_2.png
16,1,736,modular,8,v,img/target_5.png
16,1,737,modular,6,w,img/target_2.png
16,1,738,modular,5,b,img/target_6.png
16,1,739,modular,7,e,img/target_3.png
16,1,740,modular,5,b,img/target_6.png
16,1,741,modular,4,i,img/target_8.png
16,1,742,modular,2,r,img/target_4.png
16,1,743,modular,1,u,img/target_7.png
16,1,744,modular,0,p,img/target_10.png
16,1,745,modular,3,q,img/target_1.png
16,1,746,modular,2,r,img/target_4.png
16,1,747,modular,4,i,img/target_8.png
16,1,748,modular,5,b,img/target_6.png
16,1,749,modular,6,w,img/target_2.png
16,1,750,modular,5,b,img/target_6.png
16,1,751,modular,6,w,img/target_2.png
16,1,752,modular,7,e,img/target_3.png
16,1,753,modular,9,o,img/target_9.png
16,1,754,modular,7,e,img/target_3.png
16,1,755,modular,5,b,img/target_6.png
16,1,756,modular,8,v,img/target_5.png
16,1,757,modular,9,o,img/target_9.png
16,1,758,modular,6,w,img/target_2.png
16,1,759,modular,7,e,img/target_3.png
16,1,760,modular,5,b,img/target_6.png
16,1,761,modular,8,v,img/target_5.png
16,1,762,modular,7,e,img/target_3.png
16,1,763,modular,9,o,img/target_9.png
16,1,764,modular,8,v,img/target_5.png
16,1,765,modular,7,e,img/target_3.png
16,1,766,modular,8,v,img/target_5.png
16,1,767,modular,5,b,img/target_6.png
16,1,768,modular,8,v,img/target_5.png
16,1,769,modular,9,o,img/target_9.png
16,1,770,modular,8,v,img/target_5.png
16,1,771,modular,9,o,img/target_9.png
16,1,772,modular,7,e,img/target_3.png
16,1,773,modular,9,o,img/target_9.png
16,1,774,modular,6,w,img/target_2.png
16,1,775,modular,5,b,img/target_6.png
16,1,776,modular,4,i,img/target_8.png
16,1,777,modular,5,b,img/target_6.png
16,1,778,modular,7,e,img/target_3.png
16,1,779,modular,9,o,img/target_9.png
16,1,780,modular,8,v,img/target_5.png
16,1,781,modular,9,o,img/target_9.png
16,1,782,modular,8,v,img/target_5.png
16,1,783,modular,6,w,img/target_2.png
16,1,784,modular,8,v,img/target_5.png
16,1,785,modular,7,e,img/target_3.png
16,1,786,modular,5,b,img/target_6.png
16,1,787,modular,7,e,img/target_3.png
16,1,788,modular,5,b,img/target_6.png
16,1,789,modular,6,w,img/target_2.png
16,1,790,modular,8,v,img/target_5.png
16,1,791,modular,7,e,img/target_3.png
16,1,792,modular,9,o,img/target_9.png
16,1,793,modular,6,w,img/target_2.png
16,1,794,modular,9,o,img/target_9.png
16,1,795,modular,6,w,img/target_2.png
16,1,796,modular,5,b,img/target_6.png
16,1,797,modular,7,e,img/target_3.png
16,1,798,modular,6,w,img/target_2.png
16,1,799,modular,7,e,img/target_3.png
16,1,800,modular,9,o,img/target_9.png
16,1,801,modular,0,p,img/target_10.png
16,1,802,modular,9,o,img/target_9.png
16,1,803,modular,0,p,img/target_10.png
16,1,804,modular,2,r,img/target_4.png
16,1,805,modular,4,i,img/target_8.png
16,1,806,modular,2,r,img/target_4.png
16,1,807,modular,3,q,img/target_1.png
16,1,808,modular,1,u,img/target_7.png
16,1,809,modular,2,r,img/target_4.png
16,1,810,modular,1,u,img/target_7.png
16,1,811,modular,3,q,img/target_1.png
16,1,812,modular,4,i,img/target_8.png
16,1,813,modular,5,b,img/target_6.png
16,1,814,modular,6,w,img/target_2.png
16,1,815,modular,7,e,img/target_3.png
16,1,816,modular,9,o,img/target_9.png
16,1,817,modular,6,w,img/target_2.png
16,1,818,modular,7,e,img/target_3.png
16,1,819,modular,8,v,img/target_5.png
16,1,820,modular,7,e,img/target_3.png
16,1,821,modular,5,b,img/target_6.png
16,1,822,modular,4,i,img/target_8.png
16,1,823,modular,3,q,img/target_1.png
16,1,824,modular,4,i,img/target_8.png
16,1,825,modular,5,b,img/target_6.png
16,1,826,modular,4,i,img/target_8.png
16,1,827,modular,2,r,img/target_4.png
16,1,828,modular,0,p,img/target_10.png
16,1,829,modular,3,q,img/target_1.png
16,1,830,modular,0,p,img/target_10.png
16,1,831,modular,9,o,img/target_9.png
16,1,832,modular,7,e,img/target_3.png
16,1,833,modular,6,w,img/target_2.png
16,1,834,modular,7,e,img/target_3.png
16,1,835,modular,5,b,img/target_6.png
16,1,836,modular,6,w,img/target_2.png
16,1,837,modular,8,v,img/target_5.png
16,1,838,modular,7,e,img/target_3.png
16,1,839,modular,6,w,img/target_2.png
16,1,840,modular,7,e,img/target_3.png
16,1,841,modular,6,w,img/target_2.png
16,1,842,modular,7,e,img/target_3.png
16,1,843,modular,9,o,img/target_9.png
16,1,844,modular,8,v,img/target_5.png
16,1,845,modular,5,b,img/target_6.png
16,1,846,modular,7,e,img/target_3.png
16,1,847,modular,8,v,img/target_5.png
16,1,848,modular,6,w,img/target_2.png
16,1,849,modular,8,v,img/target_5.png
16,1,850,modular,5,b,img/target_6.png
16,1,851,modular,7,e,img/target_3.png
16,1,852,modular,6,w,img/target_2.png
16,1,853,modular,8,v,img/target_5.png
16,1,854,modular,7,e,img/target_3.png
16,1,855,modular,8,v,img/target_5.png
16,1,856,modular,6,w,img/target_2.png
16,1,857,modular,5,b,img/target_6.png
16,1,858,modular,6,w,img/target_2.png
16,1,859,modular,8,v,img/target_5.png
16,1,860,modular,7,e,img/target_3.png
16,1,861,modular,8,v,img/target_5.png
16,1,862,modular,7,e,img/target_3.png
16,1,863,modular,6,w,img/target_2.png
16,1,864,modular,8,v,img/target_5.png
16,1,865,modular,7,e,img/target_3.png
16,1,866,modular,8,v,img/target_5.png
16,1,867,modular,7,e,img/target_3.png
16,1,868,modular,6,w,img/target_2.png
16,1,869,modular,7,e,img/target_3.png
16,1,870,modular,6,w,img/target_2.png
16,1,871,modular,7,e,img/target_3.png
16,1,872,modular,6,w,img/target_2.png
16,1,873,modular,7,e,img/target_3.png
16,1,874,modular,6,w,img/target_2.png
16,1,875,modular,7,e,img/target_3.png
16,1,876,modular,5,b,img/target_6.png
16,1,877,modular,4,i,img/target_8.png
16,1,878,modular,5,b,img/target_6.png
16,1,879,modular,4,i,img/target_8.png
16,1,880,modular,3,q,img/target_1.png
16,1,881,modular,4,i,img/target_8.png
16,1,882,modular,2,r,img/target_4.png
16,1,883,modular,1,u,img/target_7.png
16,1,884,modular,3,q,img/target_1.png
16,1,885,modular,0,p,img/target_10.png
16,1,886,modular,9,o,img/target_9.png
16,1,887,modular,6,w,img/target_2.png
16,1,888,modular,7,e,img/target_3.png
16,1,889,modular,6,w,img/target_2.png
16,1,890,modular,9,o,img/target_9.png
16,1,891,modular,0,p,img/target_10.png
16,1,892,modular,3,q,img/target_1.png
16,1,893,modular,4,i,img/target_8.png
16,1,894,modular,5,b,img/target_6.png
16,1,895,modular,7,e,img/target_3.png
16,1,896,modular,5,b,img/target_6.png
16,1,897,modular,6,w,img/target_2.png
16,1,898,modular,5,b,img/target_6.png
16,1,899,modular,7,e,img/target_3.png
16,1,900,modular,5,b,img/target_6.png
16,1,901,modular,7,e,img/target_3.png
16,1,902,modular,9,o,img/target_9.png
16,1,903,modular,8,v,img/target_5.png
16,1,904,modular,5,b,img/target_6.png
16,1,905,modular,7,e,img/target_3.png
16,1,906,modular,9,o,img/target_9.png
16,1,907,modular,0,p,img/target_10.png
16,1,908,modular,1,u,img/target_7.png
16,1,909,modular,0,p,img/target_10.png
16,1,910,modular,3,q,img/target_1.png
16,1,911,modular,4,i,img/target_8.png
16,1,912,modular,5,b,img/target_6.png
16,1,913,modular,7,e,img/target_3.png
16,1,914,modular,5,b,img/target_6.png
16,1,915,modular,7,e,img/target_3.png
16,1,916,modular,6,w,img/target_2.png
16,1,917,modular,5,b,img/target_6.png
16,1,918,modular,4,i,img/target_8.png
16,1,919,modular,5,b,img/target_6.png
16,1,920,modular,7,e,img/target_3.png
16,1,921,modular,6,w,img/target_2.png
16,1,922,modular,7,e,img/target_3.png
16,1,923,modular,6,w,img/target_2.png
16,1,924,modular,5,b,img/target_6.png
16,1,925,modular,8,v,img/target_5.png
16,1,926,modular,5,b,img/target_6.png
16,1,927,modular,4,i,img/target_8.png
16,1,928,modular,5,b,img/target_6.png
16,1,929,modular,7,e,img/target_3.png
16,1,930,modular,5,b,img/target_6.png
16,1,931,modular,8,v,img/target_5.png
16,1,932,modular,7,e,img/target_3.png
16,1,933,modular,5,b,img/target_6.png
16,1,934,modular,8,v,img/target_5.png
16,1,935,modular,5,b,img/target_6.png
16,1,936,modular,6,w,img/target_2.png
16,1,937,modular,7,e,img/target_3.png
16,1,938,modular,5,b,img/target_6.png
16,1,939,modular,8,v,img/target_5.png
16,1,940,modular,5,b,img/target_6.png
16,1,941,modular,6,w,img/target_2.png
16,1,942,modular,8,v,img/target_5.png
16,1,943,modular,5,b,img/target_6.png
16,1,944,modular,8,v,img/target_5.png
16,1,945,modular,5,b,img/target_6.png
16,1,946,modular,7,e,img/target_3.png
16,1,947,modular,8,v,img/target_5.png
16,1,948,modular,5,b,img/target_6.png
16,1,949,modular,6,w,img/target_2.png
16,1,950,modular,9,o,img/target_9.png
16,1,951,modular,8,v,img/target_5.png
16,1,952,modular,6,w,img/target_2.png
16,1,953,modular,9,o,img/target_9.png
16,1,954,modular,6,w,img/target_2.png
16,1,955,modular,9,o,img/target_9.png
16,1,956,modular,0,p,img/target_10.png
16,1,957,modular,2,r,img/target_4.png
16,1,958,modular,0,p,img/target_10.png
16,1,959,modular,1,u,img/target_7.png
16,1,960,modular,0,p,img/target_10.png
16,1,961,modular,2,r,img/target_4.png
16,1,962,modular,0,p,img/target_10.png
16,1,963,modular,1,u,img/target_7.png
16,1,964,modular,3,q,img/target_1.png
16,1,965,modular,1,u,img/target_7.png
16,1,966,modular,4,i,img/target_8.png
16,1,967,modular,2,r,img/target_4.png
16,1,968,modular,4,i,img/target_8.png
16,1,969,modular,3,q,img/target_1.png
16,1,970,modular,2,r,img/target_4.png
16,1,971,modular,4,i,img/target_8.png
16,1,972,modular,3,q,img/target_1.png
16,1,973,modular,4,i,img/target_8.png
16,1,974,modular,3,q,img/target_1.png
16,1,975,modular,0,p,img/target_10.png
16,1,976,modular,3,q,img/target_1.png
16,1,977,modular,1,u,img/target_7.png
16,1,978,modular,2,r,img/target_4.png
16,1,979,modular,1,u,img/target_7.png
16,1,980,modular,2,r,img/target_4.png
16,1,981,modular,0,p,img/target_10.png
16,1,982,modular,9,o,img/target_9.png
16,1,983,modular,8,v,img/target_5.png
16,1,984,modular,7,e,img/target_3.png
16,1,985,modular,9,o,img/target_9.png
16,1,986,modular,7,e,img/target_3.png
16,1,987,modular,9,o,img/target_9.png
16,1,988,modular,8,v,img/target_5.png
16,1,989,modular,7,e,img/target_3.png
16,1,990,modular,9,o,img/target_9.png
16,1,991,modular,7,e,img/target_3.png
16,1,992,modular,8,v,img/target_5.png
16,1,993,modular,9,o,img/target_9.png
16,1,994,modular,7,e,img/target_3.png
16,1,995,modular,6,w,img/target_2.png
16,1,996,modular,5,b,img/target_6.png
16,1,997,modular,4,i,img/target_8.png
16,1,998,modular,3,q,img/target_1.png
16,1,999,modular,4,i,img/target_8.png
16,1,1000,modular,5,b,img/target_6.png
