pID,sess,trialNum,graph,walk,resp,path
25,2,1,lattice,0,r,img/target_4.png
25,2,2,lattice,8,w,img/target_2.png
25,2,3,lattice,6,u,img/target_7.png
25,2,4,lattice,4,v,img/target_5.png
25,2,5,lattice,5,o,img/target_9.png
25,2,6,lattice,3,q,img/target_1.png
25,2,7,lattice,1,e,img/target_3.png
25,2,8,lattice,9,b,img/target_6.png
25,2,9,lattice,7,i,img/target_8.png
25,2,10,lattice,9,b,img/target_6.png
25,2,11,lattice,0,r,img/target_4.png
25,2,12,lattice,8,w,img/target_2.png
25,2,13,lattice,9,b,img/target_6.png
25,2,14,lattice,8,w,img/target_2.png
25,2,15,lattice,0,r,img/target_4.png
25,2,16,lattice,2,p,img/target_10.png
25,2,17,lattice,3,q,img/target_1.png
25,2,18,lattice,2,p,img/target_10.png
25,2,19,lattice,1,e,img/target_3.png
25,2,20,lattice,9,b,img/target_6.png
25,2,21,lattice,0,r,img/target_4.png
25,2,22,lattice,2,p,img/target_10.png
25,2,23,lattice,1,e,img/target_3.png
25,2,24,lattice,0,r,img/target_4.png
25,2,25,lattice,8,w,img/target_2.png
25,2,26,lattice,7,i,img/target_8.png
25,2,27,lattice,9,b,img/target_6.png
25,2,28,lattice,8,w,img/target_2.png
25,2,29,lattice,6,u,img/target_7.png
25,2,30,lattice,5,o,img/target_9.png
25,2,31,lattice,6,u,img/target_7.png
25,2,32,lattice,8,w,img/target_2.png
25,2,33,lattice,6,u,img/target_7.png
25,2,34,lattice,4,v,img/target_5.png
25,2,35,lattice,5,o,img/target_9.png
25,2,36,lattice,7,i,img/target_8.png
25,2,37,lattice,9,b,img/target_6.png
25,2,38,lattice,7,i,img/target_8.png
25,2,39,lattice,8,w,img/target_2.png
25,2,40,lattice,6,u,img/target_7.png
25,2,41,lattice,7,i,img/target_8.png
25,2,42,lattice,6,u,img/target_7.png
25,2,43,lattice,5,o,img/target_9.png
25,2,44,lattice,4,v,img/target_5.png
25,2,45,lattice,3,q,img/target_1.png
25,2,46,lattice,1,e,img/target_3.png
25,2,47,lattice,0,r,img/target_4.png
25,2,48,lattice,9,b,img/target_6.png
25,2,49,lattice,1,e,img/target_3.png
25,2,50,lattice,3,q,img/target_1.png
25,2,51,lattice,1,e,img/target_3.png
25,2,52,lattice,3,q,img/target_1.png
25,2,53,lattice,5,o,img/target_9.png
25,2,54,lattice,6,u,img/target_7.png
25,2,55,lattice,5,o,img/target_9.png
25,2,56,lattice,4,v,img/target_5.png
25,2,57,lattice,3,q,img/target_1.png
25,2,58,lattice,1,e,img/target_3.png
25,2,59,lattice,0,r,img/target_4.png
25,2,60,lattice,8,w,img/target_2.png
25,2,61,lattice,6,u,img/target_7.png
25,2,62,lattice,7,i,img/target_8.png
25,2,63,lattice,6,u,img/target_7.png
25,2,64,lattice,4,v,img/target_5.png
25,2,65,lattice,3,q,img/target_1.png
25,2,66,lattice,4,v,img/target_5.png
25,2,67,lattice,3,q,img/target_1.png
25,2,68,lattice,1,e,img/target_3.png
25,2,69,lattice,2,p,img/target_10.png
25,2,70,lattice,4,v,img/target_5.png
25,2,71,lattice,6,u,img/target_7.png
25,2,72,lattice,8,w,img/target_2.png
25,2,73,lattice,0,r,img/target_4.png
25,2,74,lattice,9,b,img/target_6.png
25,2,75,lattice,1,e,img/target_3.png
25,2,76,lattice,9,b,img/target_6.png
25,2,77,lattice,1,e,img/target_3.png
25,2,78,lattice,0,r,img/target_4.png
25,2,79,lattice,1,e,img/target_3.png
25,2,80,lattice,0,r,img/target_4.png
25,2,81,lattice,8,w,img/target_2.png
25,2,82,lattice,6,u,img/target_7.png
25,2,83,lattice,5,o,img/target_9.png
25,2,84,lattice,7,i,img/target_8.png
25,2,85,lattice,6,u,img/target_7.png
25,2,86,lattice,5,o,img/target_9.png
25,2,87,lattice,6,u,img/target_7.png
25,2,88,lattice,5,o,img/target_9.png
25,2,89,lattice,3,q,img/target_1.png
25,2,90,lattice,5,o,img/target_9.png
25,2,91,lattice,7,i,img/target_8.png
25,2,92,lattice,5,o,img/target_9.png
25,2,93,lattice,6,u,img/target_7.png
25,2,94,lattice,8,w,img/target_2.png
25,2,95,lattice,6,u,img/target_7.png
25,2,96,lattice,4,v,img/target_5.png
25,2,97,lattice,6,u,img/target_7.png
25,2,98,lattice,8,w,img/target_2.png
25,2,99,lattice,7,i,img/target_8.png
25,2,100,lattice,5,o,img/target_9.png
25,2,101,lattice,7,i,img/target_8.png
25,2,102,lattice,9,b,img/target_6.png
25,2,103,lattice,8,w,img/target_2.png
25,2,104,lattice,0,r,img/target_4.png
25,2,105,lattice,9,b,img/target_6.png
25,2,106,lattice,7,i,img/target_8.png
25,2,107,lattice,5,o,img/target_9.png
25,2,108,lattice,7,i,img/target_8.png
25,2,109,lattice,8,w,img/target_2.png
25,2,110,lattice,9,b,img/target_6.png
25,2,111,lattice,0,r,img/target_4.png
25,2,112,lattice,9,b,img/target_6.png
25,2,113,lattice,0,r,img/target_4.png
25,2,114,lattice,8,w,img/target_2.png
25,2,115,lattice,6,u,img/target_7.png
25,2,116,lattice,4,v,img/target_5.png
25,2,117,lattice,2,p,img/target_10.png
25,2,118,lattice,4,v,img/target_5.png
25,2,119,lattice,2,p,img/target_10.png
25,2,120,lattice,4,v,img/target_5.png
25,2,121,lattice,3,q,img/target_1.png
25,2,122,lattice,5,o,img/target_9.png
25,2,123,lattice,7,i,img/target_8.png
25,2,124,lattice,6,u,img/target_7.png
25,2,125,lattice,5,o,img/target_9.png
25,2,126,lattice,6,u,img/target_7.png
25,2,127,lattice,4,v,img/target_5.png
25,2,128,lattice,5,o,img/target_9.png
25,2,129,lattice,7,i,img/target_8.png
25,2,130,lattice,9,b,img/target_6.png
25,2,131,lattice,7,i,img/target_8.png
25,2,132,lattice,6,u,img/target_7.png
25,2,133,lattice,7,i,img/target_8.png
25,2,134,lattice,9,b,img/target_6.png
25,2,135,lattice,1,e,img/target_3.png
25,2,136,lattice,9,b,img/target_6.png
25,2,137,lattice,7,i,img/target_8.png
25,2,138,lattice,8,w,img/target_2.png
25,2,139,lattice,9,b,img/target_6.png
25,2,140,lattice,7,i,img/target_8.png
25,2,141,lattice,8,w,img/target_2.png
25,2,142,lattice,9,b,img/target_6.png
25,2,143,lattice,0,r,img/target_4.png
25,2,144,lattice,2,p,img/target_10.png
25,2,145,lattice,4,v,img/target_5.png
25,2,146,lattice,3,q,img/target_1.png
25,2,147,lattice,2,p,img/target_10.png
25,2,148,lattice,3,q,img/target_1.png
25,2,149,lattice,5,o,img/target_9.png
25,2,150,lattice,4,v,img/target_5.png
25,2,151,lattice,2,p,img/target_10.png
25,2,152,lattice,3,q,img/target_1.png
25,2,153,lattice,1,e,img/target_3.png
25,2,154,lattice,0,r,img/target_4.png
25,2,155,lattice,8,w,img/target_2.png
25,2,156,lattice,9,b,img/target_6.png
25,2,157,lattice,8,w,img/target_2.png
25,2,158,lattice,6,u,img/target_7.png
25,2,159,lattice,7,i,img/target_8.png
25,2,160,lattice,9,b,img/target_6.png
25,2,161,lattice,1,e,img/target_3.png
25,2,162,lattice,2,p,img/target_10.png
25,2,163,lattice,0,r,img/target_4.png
25,2,164,lattice,1,e,img/target_3.png
25,2,165,lattice,0,r,img/target_4.png
25,2,166,lattice,8,w,img/target_2.png
25,2,167,lattice,6,u,img/target_7.png
25,2,168,lattice,7,i,img/target_8.png
25,2,169,lattice,9,b,img/target_6.png
25,2,170,lattice,8,w,img/target_2.png
25,2,171,lattice,0,r,img/target_4.png
25,2,172,lattice,2,p,img/target_10.png
25,2,173,lattice,1,e,img/target_3.png
25,2,174,lattice,3,q,img/target_1.png
25,2,175,lattice,4,v,img/target_5.png
25,2,176,lattice,3,q,img/target_1.png
25,2,177,lattice,1,e,img/target_3.png
25,2,178,lattice,0,r,img/target_4.png
25,2,179,lattice,8,w,img/target_2.png
25,2,180,lattice,7,i,img/target_8.png
25,2,181,lattice,8,w,img/target_2.png
25,2,182,lattice,9,b,img/target_6.png
25,2,183,lattice,0,r,img/target_4.png
25,2,184,lattice,9,b,img/target_6.png
25,2,185,lattice,7,i,img/target_8.png
25,2,186,lattice,8,w,img/target_2.png
25,2,187,lattice,6,u,img/target_7.png
25,2,188,lattice,4,v,img/target_5.png
25,2,189,lattice,6,u,img/target_7.png
25,2,190,lattice,5,o,img/target_9.png
25,2,191,lattice,3,q,img/target_1.png
25,2,192,lattice,5,o,img/target_9.png
25,2,193,lattice,3,q,img/target_1.png
25,2,194,lattice,4,v,img/target_5.png
25,2,195,lattice,5,o,img/target_9.png
25,2,196,lattice,6,u,img/target_7.png
25,2,197,lattice,7,i,img/target_8.png
25,2,198,lattice,5,o,img/target_9.png
25,2,199,lattice,7,i,img/target_8.png
25,2,200,lattice,8,w,img/target_2.png
25,2,201,lattice,9,b,img/target_6.png
25,2,202,lattice,7,i,img/target_8.png
25,2,203,lattice,9,b,img/target_6.png
25,2,204,lattice,7,i,img/target_8.png
25,2,205,lattice,9,b,img/target_6.png
25,2,206,lattice,8,w,img/target_2.png
25,2,207,lattice,0,r,img/target_4.png
25,2,208,lattice,2,p,img/target_10.png
25,2,209,lattice,4,v,img/target_5.png
25,2,210,lattice,3,q,img/target_1.png
25,2,211,lattice,5,o,img/target_9.png
25,2,212,lattice,7,i,img/target_8.png
25,2,213,lattice,5,o,img/target_9.png
25,2,214,lattice,3,q,img/target_1.png
25,2,215,lattice,2,p,img/target_10.png
25,2,216,lattice,0,r,img/target_4.png
25,2,217,lattice,2,p,img/target_10.png
25,2,218,lattice,3,q,img/target_1.png
25,2,219,lattice,2,p,img/target_10.png
25,2,220,lattice,1,e,img/target_3.png
25,2,221,lattice,2,p,img/target_10.png
25,2,222,lattice,4,v,img/target_5.png
25,2,223,lattice,5,o,img/target_9.png
25,2,224,lattice,4,v,img/target_5.png
25,2,225,lattice,6,u,img/target_7.png
25,2,226,lattice,7,i,img/target_8.png
25,2,227,lattice,9,b,img/target_6.png
25,2,228,lattice,8,w,img/target_2.png
25,2,229,lattice,6,u,img/target_7.png
25,2,230,lattice,4,v,img/target_5.png
25,2,231,lattice,2,p,img/target_10.png
25,2,232,lattice,1,e,img/target_3.png
25,2,233,lattice,9,b,img/target_6.png
25,2,234,lattice,1,e,img/target_3.png
25,2,235,lattice,0,r,img/target_4.png
25,2,236,lattice,8,w,img/target_2.png
25,2,237,lattice,9,b,img/target_6.png
25,2,238,lattice,1,e,img/target_3.png
25,2,239,lattice,2,p,img/target_10.png
25,2,240,lattice,3,q,img/target_1.png
25,2,241,lattice,4,v,img/target_5.png
25,2,242,lattice,6,u,img/target_7.png
25,2,243,lattice,8,w,img/target_2.png
25,2,244,lattice,7,i,img/target_8.png
25,2,245,lattice,5,o,img/target_9.png
25,2,246,lattice,7,i,img/target_8.png
25,2,247,lattice,9,b,img/target_6.png
25,2,248,lattice,7,i,img/target_8.png
25,2,249,lattice,6,u,img/target_7.png
25,2,250,lattice,7,i,img/target_8.png
25,2,251,lattice,5,o,img/target_9.png
25,2,252,lattice,7,i,img/target_8.png
25,2,253,lattice,6,u,img/target_7.png
25,2,254,lattice,4,v,img/target_5.png
25,2,255,lattice,6,u,img/target_7.png
25,2,256,lattice,5,o,img/target_9.png
25,2,257,lattice,4,v,img/target_5.png
25,2,258,lattice,3,q,img/target_1.png
25,2,259,lattice,1,e,img/target_3.png
25,2,260,lattice,3,q,img/target_1.png
25,2,261,lattice,4,v,img/target_5.png
25,2,262,lattice,3,q,img/target_1.png
25,2,263,lattice,4,v,img/target_5.png
25,2,264,lattice,6,u,img/target_7.png
25,2,265,lattice,8,w,img/target_2.png
25,2,266,lattice,0,r,img/target_4.png
25,2,267,lattice,8,w,img/target_2.png
25,2,268,lattice,0,r,img/target_4.png
25,2,269,lattice,9,b,img/target_6.png
25,2,270,lattice,8,w,img/target_2.png
25,2,271,lattice,9,b,img/target_6.png
25,2,272,lattice,0,r,img/target_4.png
25,2,273,lattice,2,p,img/target_10.png
25,2,274,lattice,3,q,img/target_1.png
25,2,275,lattice,1,e,img/target_3.png
25,2,276,lattice,2,p,img/target_10.png
25,2,277,lattice,3,q,img/target_1.png
25,2,278,lattice,1,e,img/target_3.png
25,2,279,lattice,9,b,img/target_6.png
25,2,280,lattice,7,i,img/target_8.png
25,2,281,lattice,5,o,img/target_9.png
25,2,282,lattice,7,i,img/target_8.png
25,2,283,lattice,6,u,img/target_7.png
25,2,284,lattice,4,v,img/target_5.png
25,2,285,lattice,3,q,img/target_1.png
25,2,286,lattice,5,o,img/target_9.png
25,2,287,lattice,3,q,img/target_1.png
25,2,288,lattice,5,o,img/target_9.png
25,2,289,lattice,4,v,img/target_5.png
25,2,290,lattice,6,u,img/target_7.png
25,2,291,lattice,8,w,img/target_2.png
25,2,292,lattice,0,r,img/target_4.png
25,2,293,lattice,2,p,img/target_10.png
25,2,294,lattice,4,v,img/target_5.png
25,2,295,lattice,5,o,img/target_9.png
25,2,296,lattice,4,v,img/target_5.png
25,2,297,lattice,5,o,img/target_9.png
25,2,298,lattice,7,i,img/target_8.png
25,2,299,lattice,8,w,img/target_2.png
25,2,300,lattice,6,u,img/target_7.png
25,2,301,lattice,5,o,img/target_9.png
25,2,302,lattice,4,v,img/target_5.png
25,2,303,lattice,3,q,img/target_1.png
25,2,304,lattice,1,e,img/target_3.png
25,2,305,lattice,2,p,img/target_10.png
25,2,306,lattice,3,q,img/target_1.png
25,2,307,lattice,2,p,img/target_10.png
25,2,308,lattice,1,e,img/target_3.png
25,2,309,lattice,9,b,img/target_6.png
25,2,310,lattice,1,e,img/target_3.png
25,2,311,lattice,3,q,img/target_1.png
25,2,312,lattice,2,p,img/target_10.png
25,2,313,lattice,4,v,img/target_5.png
25,2,314,lattice,2,p,img/target_10.png
25,2,315,lattice,1,e,img/target_3.png
25,2,316,lattice,2,p,img/target_10.png
25,2,317,lattice,1,e,img/target_3.png
25,2,318,lattice,0,r,img/target_4.png
25,2,319,lattice,9,b,img/target_6.png
25,2,320,lattice,0,r,img/target_4.png
25,2,321,lattice,1,e,img/target_3.png
25,2,322,lattice,0,r,img/target_4.png
25,2,323,lattice,1,e,img/target_3.png
25,2,324,lattice,3,q,img/target_1.png
25,2,325,lattice,2,p,img/target_10.png
25,2,326,lattice,0,r,img/target_4.png
25,2,327,lattice,9,b,img/target_6.png
25,2,328,lattice,7,i,img/target_8.png
25,2,329,lattice,8,w,img/target_2.png
25,2,330,lattice,7,i,img/target_8.png
25,2,331,lattice,6,u,img/target_7.png
25,2,332,lattice,5,o,img/target_9.png
25,2,333,lattice,3,q,img/target_1.png
25,2,334,lattice,5,o,img/target_9.png
25,2,335,lattice,6,u,img/target_7.png
25,2,336,lattice,5,o,img/target_9.png
25,2,337,lattice,6,u,img/target_7.png
25,2,338,lattice,4,v,img/target_5.png
25,2,339,lattice,3,q,img/target_1.png
25,2,340,lattice,5,o,img/target_9.png
25,2,341,lattice,3,q,img/target_1.png
25,2,342,lattice,5,o,img/target_9.png
25,2,343,lattice,3,q,img/target_1.png
25,2,344,lattice,2,p,img/target_10.png
25,2,345,lattice,3,q,img/target_1.png
25,2,346,lattice,4,v,img/target_5.png
25,2,347,lattice,3,q,img/target_1.png
25,2,348,lattice,4,v,img/target_5.png
25,2,349,lattice,6,u,img/target_7.png
25,2,350,lattice,4,v,img/target_5.png
25,2,351,lattice,5,o,img/target_9.png
25,2,352,lattice,3,q,img/target_1.png
25,2,353,lattice,1,e,img/target_3.png
25,2,354,lattice,2,p,img/target_10.png
25,2,355,lattice,0,r,img/target_4.png
25,2,356,lattice,1,e,img/target_3.png
25,2,357,lattice,3,q,img/target_1.png
25,2,358,lattice,2,p,img/target_10.png
25,2,359,lattice,0,r,img/target_4.png
25,2,360,lattice,2,p,img/target_10.png
25,2,361,lattice,4,v,img/target_5.png
25,2,362,lattice,3,q,img/target_1.png
25,2,363,lattice,5,o,img/target_9.png
25,2,364,lattice,4,v,img/target_5.png
25,2,365,lattice,5,o,img/target_9.png
25,2,366,lattice,7,i,img/target_8.png
25,2,367,lattice,8,w,img/target_2.png
25,2,368,lattice,0,r,img/target_4.png
25,2,369,lattice,2,p,img/target_10.png
25,2,370,lattice,1,e,img/target_3.png
25,2,371,lattice,0,r,img/target_4.png
25,2,372,lattice,9,b,img/target_6.png
25,2,373,lattice,8,w,img/target_2.png
25,2,374,lattice,0,r,img/target_4.png
25,2,375,lattice,2,p,img/target_10.png
25,2,376,lattice,1,e,img/target_3.png
25,2,377,lattice,2,p,img/target_10.png
25,2,378,lattice,1,e,img/target_3.png
25,2,379,lattice,2,p,img/target_10.png
25,2,380,lattice,1,e,img/target_3.png
25,2,381,lattice,9,b,img/target_6.png
25,2,382,lattice,7,i,img/target_8.png
25,2,383,lattice,6,u,img/target_7.png
25,2,384,lattice,4,v,img/target_5.png
25,2,385,lattice,2,p,img/target_10.png
25,2,386,lattice,3,q,img/target_1.png
25,2,387,lattice,2,p,img/target_10.png
25,2,388,lattice,4,v,img/target_5.png
25,2,389,lattice,6,u,img/target_7.png
25,2,390,lattice,7,i,img/target_8.png
25,2,391,lattice,6,u,img/target_7.png
25,2,392,lattice,5,o,img/target_9.png
25,2,393,lattice,3,q,img/target_1.png
25,2,394,lattice,2,p,img/target_10.png
25,2,395,lattice,3,q,img/target_1.png
25,2,396,lattice,4,v,img/target_5.png
25,2,397,lattice,5,o,img/target_9.png
25,2,398,lattice,6,u,img/target_7.png
25,2,399,lattice,5,o,img/target_9.png
25,2,400,lattice,4,v,img/target_5.png
25,2,401,lattice,3,q,img/target_1.png
25,2,402,lattice,2,p,img/target_10.png
25,2,403,lattice,4,v,img/target_5.png
25,2,404,lattice,6,u,img/target_7.png
25,2,405,lattice,4,v,img/target_5.png
25,2,406,lattice,5,o,img/target_9.png
25,2,407,lattice,7,i,img/target_8.png
25,2,408,lattice,6,u,img/target_7.png
25,2,409,lattice,4,v,img/target_5.png
25,2,410,lattice,6,u,img/target_7.png
25,2,411,lattice,5,o,img/target_9.png
25,2,412,lattice,7,i,img/target_8.png
25,2,413,lattice,5,o,img/target_9.png
25,2,414,lattice,3,q,img/target_1.png
25,2,415,lattice,2,p,img/target_10.png
25,2,416,lattice,0,r,img/target_4.png
25,2,417,lattice,2,p,img/target_10.png
25,2,418,lattice,3,q,img/target_1.png
25,2,419,lattice,4,v,img/target_5.png
25,2,420,lattice,2,p,img/target_10.png
25,2,421,lattice,0,r,img/target_4.png
25,2,422,lattice,8,w,img/target_2.png
25,2,423,lattice,0,r,img/target_4.png
25,2,424,lattice,8,w,img/target_2.png
25,2,425,lattice,7,i,img/target_8.png
25,2,426,lattice,5,o,img/target_9.png
25,2,427,lattice,6,u,img/target_7.png
25,2,428,lattice,8,w,img/target_2.png
25,2,429,lattice,9,b,img/target_6.png
25,2,430,lattice,0,r,img/target_4.png
25,2,431,lattice,2,p,img/target_10.png
25,2,432,lattice,0,r,img/target_4.png
25,2,433,lattice,2,p,img/target_10.png
25,2,434,lattice,1,e,img/target_3.png
25,2,435,lattice,2,p,img/target_10.png
25,2,436,lattice,4,v,img/target_5.png
25,2,437,lattice,6,u,img/target_7.png
25,2,438,lattice,4,v,img/target_5.png
25,2,439,lattice,3,q,img/target_1.png
25,2,440,lattice,4,v,img/target_5.png
25,2,441,lattice,2,p,img/target_10.png
25,2,442,lattice,0,r,img/target_4.png
25,2,443,lattice,2,p,img/target_10.png
25,2,444,lattice,4,v,img/target_5.png
25,2,445,lattice,6,u,img/target_7.png
25,2,446,lattice,4,v,img/target_5.png
25,2,447,lattice,3,q,img/target_1.png
25,2,448,lattice,5,o,img/target_9.png
25,2,449,lattice,6,u,img/target_7.png
25,2,450,lattice,8,w,img/target_2.png
25,2,451,lattice,7,i,img/target_8.png
25,2,452,lattice,9,b,img/target_6.png
25,2,453,lattice,1,e,img/target_3.png
25,2,454,lattice,2,p,img/target_10.png
25,2,455,lattice,4,v,img/target_5.png
25,2,456,lattice,2,p,img/target_10.png
25,2,457,lattice,3,q,img/target_1.png
25,2,458,lattice,1,e,img/target_3.png
25,2,459,lattice,2,p,img/target_10.png
25,2,460,lattice,3,q,img/target_1.png
25,2,461,lattice,5,o,img/target_9.png
25,2,462,lattice,4,v,img/target_5.png
25,2,463,lattice,2,p,img/target_10.png
25,2,464,lattice,3,q,img/target_1.png
25,2,465,lattice,4,v,img/target_5.png
25,2,466,lattice,6,u,img/target_7.png
25,2,467,lattice,4,v,img/target_5.png
25,2,468,lattice,3,q,img/target_1.png
25,2,469,lattice,5,o,img/target_9.png
25,2,470,lattice,6,u,img/target_7.png
25,2,471,lattice,8,w,img/target_2.png
25,2,472,lattice,7,i,img/target_8.png
25,2,473,lattice,5,o,img/target_9.png
25,2,474,lattice,3,q,img/target_1.png
25,2,475,lattice,1,e,img/target_3.png
25,2,476,lattice,2,p,img/target_10.png
25,2,477,lattice,1,e,img/target_3.png
25,2,478,lattice,3,q,img/target_1.png
25,2,479,lattice,4,v,img/target_5.png
25,2,480,lattice,6,u,img/target_7.png
25,2,481,lattice,4,v,img/target_5.png
25,2,482,lattice,5,o,img/target_9.png
25,2,483,lattice,3,q,img/target_1.png
25,2,484,lattice,2,p,img/target_10.png
25,2,485,lattice,0,r,img/target_4.png
25,2,486,lattice,9,b,img/target_6.png
25,2,487,lattice,0,r,img/target_4.png
25,2,488,lattice,2,p,img/target_10.png
25,2,489,lattice,4,v,img/target_5.png
25,2,490,lattice,2,p,img/target_10.png
25,2,491,lattice,1,e,img/target_3.png
25,2,492,lattice,3,q,img/target_1.png
25,2,493,lattice,1,e,img/target_3.png
25,2,494,lattice,3,q,img/target_1.png
25,2,495,lattice,2,p,img/target_10.png
25,2,496,lattice,3,q,img/target_1.png
25,2,497,lattice,2,p,img/target_10.png
25,2,498,lattice,1,e,img/target_3.png
25,2,499,lattice,2,p,img/target_10.png
25,2,500,lattice,1,e,img/target_3.png
25,2,501,lattice,0,r,img/target_4.png
25,2,502,lattice,8,w,img/target_2.png
25,2,503,lattice,0,r,img/target_4.png
25,2,504,lattice,1,e,img/target_3.png
25,2,505,lattice,3,q,img/target_1.png
25,2,506,lattice,2,p,img/target_10.png
25,2,507,lattice,3,q,img/target_1.png
25,2,508,lattice,1,e,img/target_3.png
25,2,509,lattice,2,p,img/target_10.png
25,2,510,lattice,1,e,img/target_3.png
25,2,511,lattice,3,q,img/target_1.png
25,2,512,lattice,1,e,img/target_3.png
25,2,513,lattice,0,r,img/target_4.png
25,2,514,lattice,2,p,img/target_10.png
25,2,515,lattice,1,e,img/target_3.png
25,2,516,lattice,3,q,img/target_1.png
25,2,517,lattice,1,e,img/target_3.png
25,2,518,lattice,9,b,img/target_6.png
25,2,519,lattice,8,w,img/target_2.png
25,2,520,lattice,7,i,img/target_8.png
25,2,521,lattice,5,o,img/target_9.png
25,2,522,lattice,3,q,img/target_1.png
25,2,523,lattice,5,o,img/target_9.png
25,2,524,lattice,6,u,img/target_7.png
25,2,525,lattice,4,v,img/target_5.png
25,2,526,lattice,6,u,img/target_7.png
25,2,527,lattice,4,v,img/target_5.png
25,2,528,lattice,3,q,img/target_1.png
25,2,529,lattice,1,e,img/target_3.png
25,2,530,lattice,9,b,img/target_6.png
25,2,531,lattice,0,r,img/target_4.png
25,2,532,lattice,2,p,img/target_10.png
25,2,533,lattice,0,r,img/target_4.png
25,2,534,lattice,9,b,img/target_6.png
25,2,535,lattice,8,w,img/target_2.png
25,2,536,lattice,0,r,img/target_4.png
25,2,537,lattice,9,b,img/target_6.png
25,2,538,lattice,1,e,img/target_3.png
25,2,539,lattice,0,r,img/target_4.png
25,2,540,lattice,1,e,img/target_3.png
25,2,541,lattice,0,r,img/target_4.png
25,2,542,lattice,1,e,img/target_3.png
25,2,543,lattice,2,p,img/target_10.png
25,2,544,lattice,0,r,img/target_4.png
25,2,545,lattice,2,p,img/target_10.png
25,2,546,lattice,0,r,img/target_4.png
25,2,547,lattice,1,e,img/target_3.png
25,2,548,lattice,2,p,img/target_10.png
25,2,549,lattice,1,e,img/target_3.png
25,2,550,lattice,3,q,img/target_1.png
25,2,551,lattice,5,o,img/target_9.png
25,2,552,lattice,6,u,img/target_7.png
25,2,553,lattice,4,v,img/target_5.png
25,2,554,lattice,2,p,img/target_10.png
25,2,555,lattice,0,r,img/target_4.png
25,2,556,lattice,9,b,img/target_6.png
25,2,557,lattice,7,i,img/target_8.png
25,2,558,lattice,6,u,img/target_7.png
25,2,559,lattice,5,o,img/target_9.png
25,2,560,lattice,7,i,img/target_8.png
25,2,561,lattice,5,o,img/target_9.png
25,2,562,lattice,7,i,img/target_8.png
25,2,563,lattice,8,w,img/target_2.png
25,2,564,lattice,0,r,img/target_4.png
25,2,565,lattice,2,p,img/target_10.png
25,2,566,lattice,4,v,img/target_5.png
25,2,567,lattice,3,q,img/target_1.png
25,2,568,lattice,2,p,img/target_10.png
25,2,569,lattice,3,q,img/target_1.png
25,2,570,lattice,2,p,img/target_10.png
25,2,571,lattice,3,q,img/target_1.png
25,2,572,lattice,4,v,img/target_5.png
25,2,573,lattice,3,q,img/target_1.png
25,2,574,lattice,1,e,img/target_3.png
25,2,575,lattice,2,p,img/target_10.png
25,2,576,lattice,3,q,img/target_1.png
25,2,577,lattice,4,v,img/target_5.png
25,2,578,lattice,3,q,img/target_1.png
25,2,579,lattice,2,p,img/target_10.png
25,2,580,lattice,4,v,img/target_5.png
25,2,581,lattice,6,u,img/target_7.png
25,2,582,lattice,4,v,img/target_5.png
25,2,583,lattice,3,q,img/target_1.png
25,2,584,lattice,1,e,img/target_3.png
25,2,585,lattice,3,q,img/target_1.png
25,2,586,lattice,1,e,img/target_3.png
25,2,587,lattice,0,r,img/target_4.png
25,2,588,lattice,9,b,img/target_6.png
25,2,589,lattice,0,r,img/target_4.png
25,2,590,lattice,9,b,img/target_6.png
25,2,591,lattice,1,e,img/target_3.png
25,2,592,lattice,0,r,img/target_4.png
25,2,593,lattice,1,e,img/target_3.png
25,2,594,lattice,3,q,img/target_1.png
25,2,595,lattice,1,e,img/target_3.png
25,2,596,lattice,3,q,img/target_1.png
25,2,597,lattice,2,p,img/target_10.png
25,2,598,lattice,0,r,img/target_4.png
25,2,599,lattice,8,w,img/target_2.png
25,2,600,lattice,7,i,img/target_8.png
25,2,601,lattice,9,b,img/target_6.png
25,2,602,lattice,1,e,img/target_3.png
25,2,603,lattice,9,b,img/target_6.png
25,2,604,lattice,0,r,img/target_4.png
25,2,605,lattice,2,p,img/target_10.png
25,2,606,lattice,1,e,img/target_3.png
25,2,607,lattice,2,p,img/target_10.png
25,2,608,lattice,1,e,img/target_3.png
25,2,609,lattice,2,p,img/target_10.png
25,2,610,lattice,3,q,img/target_1.png
25,2,611,lattice,1,e,img/target_3.png
25,2,612,lattice,9,b,img/target_6.png
25,2,613,lattice,0,r,img/target_4.png
25,2,614,lattice,8,w,img/target_2.png
25,2,615,lattice,7,i,img/target_8.png
25,2,616,lattice,8,w,img/target_2.png
25,2,617,lattice,9,b,img/target_6.png
25,2,618,lattice,7,i,img/target_8.png
25,2,619,lattice,5,o,img/target_9.png
25,2,620,lattice,3,q,img/target_1.png
25,2,621,lattice,2,p,img/target_10.png
25,2,622,lattice,3,q,img/target_1.png
25,2,623,lattice,1,e,img/target_3.png
25,2,624,lattice,3,q,img/target_1.png
25,2,625,lattice,1,e,img/target_3.png
25,2,626,lattice,2,p,img/target_10.png
25,2,627,lattice,0,r,img/target_4.png
25,2,628,lattice,2,p,img/target_10.png
25,2,629,lattice,0,r,img/target_4.png
25,2,630,lattice,2,p,img/target_10.png
25,2,631,lattice,3,q,img/target_1.png
25,2,632,lattice,5,o,img/target_9.png
25,2,633,lattice,7,i,img/target_8.png
25,2,634,lattice,9,b,img/target_6.png
25,2,635,lattice,0,r,img/target_4.png
25,2,636,lattice,8,w,img/target_2.png
25,2,637,lattice,6,u,img/target_7.png
25,2,638,lattice,4,v,img/target_5.png
25,2,639,lattice,3,q,img/target_1.png
25,2,640,lattice,4,v,img/target_5.png
25,2,641,lattice,6,u,img/target_7.png
25,2,642,lattice,8,w,img/target_2.png
25,2,643,lattice,0,r,img/target_4.png
25,2,644,lattice,2,p,img/target_10.png
25,2,645,lattice,3,q,img/target_1.png
25,2,646,lattice,1,e,img/target_3.png
25,2,647,lattice,2,p,img/target_10.png
25,2,648,lattice,0,r,img/target_4.png
25,2,649,lattice,8,w,img/target_2.png
25,2,650,lattice,6,u,img/target_7.png
25,2,651,lattice,8,w,img/target_2.png
25,2,652,lattice,0,r,img/target_4.png
25,2,653,lattice,1,e,img/target_3.png
25,2,654,lattice,0,r,img/target_4.png
25,2,655,lattice,8,w,img/target_2.png
25,2,656,lattice,9,b,img/target_6.png
25,2,657,lattice,1,e,img/target_3.png
25,2,658,lattice,2,p,img/target_10.png
25,2,659,lattice,0,r,img/target_4.png
25,2,660,lattice,9,b,img/target_6.png
25,2,661,lattice,7,i,img/target_8.png
25,2,662,lattice,5,o,img/target_9.png
25,2,663,lattice,4,v,img/target_5.png
25,2,664,lattice,5,o,img/target_9.png
25,2,665,lattice,7,i,img/target_8.png
25,2,666,lattice,5,o,img/target_9.png
25,2,667,lattice,3,q,img/target_1.png
25,2,668,lattice,5,o,img/target_9.png
25,2,669,lattice,3,q,img/target_1.png
25,2,670,lattice,1,e,img/target_3.png
25,2,671,lattice,2,p,img/target_10.png
25,2,672,lattice,4,v,img/target_5.png
25,2,673,lattice,5,o,img/target_9.png
25,2,674,lattice,7,i,img/target_8.png
25,2,675,lattice,8,w,img/target_2.png
25,2,676,lattice,6,u,img/target_7.png
25,2,677,lattice,4,v,img/target_5.png
25,2,678,lattice,5,o,img/target_9.png
25,2,679,lattice,3,q,img/target_1.png
25,2,680,lattice,5,o,img/target_9.png
25,2,681,lattice,3,q,img/target_1.png
25,2,682,lattice,2,p,img/target_10.png
25,2,683,lattice,3,q,img/target_1.png
25,2,684,lattice,2,p,img/target_10.png
25,2,685,lattice,1,e,img/target_3.png
25,2,686,lattice,9,b,img/target_6.png
25,2,687,lattice,1,e,img/target_3.png
25,2,688,lattice,9,b,img/target_6.png
25,2,689,lattice,7,i,img/target_8.png
25,2,690,lattice,8,w,img/target_2.png
25,2,691,lattice,6,u,img/target_7.png
25,2,692,lattice,8,w,img/target_2.png
25,2,693,lattice,9,b,img/target_6.png
25,2,694,lattice,7,i,img/target_8.png
25,2,695,lattice,6,u,img/target_7.png
25,2,696,lattice,4,v,img/target_5.png
25,2,697,lattice,3,q,img/target_1.png
25,2,698,lattice,4,v,img/target_5.png
25,2,699,lattice,6,u,img/target_7.png
25,2,700,lattice,8,w,img/target_2.png
25,2,701,lattice,9,b,img/target_6.png
25,2,702,lattice,1,e,img/target_3.png
25,2,703,lattice,9,b,img/target_6.png
25,2,704,lattice,0,r,img/target_4.png
25,2,705,lattice,8,w,img/target_2.png
25,2,706,lattice,6,u,img/target_7.png
25,2,707,lattice,5,o,img/target_9.png
25,2,708,lattice,4,v,img/target_5.png
25,2,709,lattice,6,u,img/target_7.png
25,2,710,lattice,5,o,img/target_9.png
25,2,711,lattice,7,i,img/target_8.png
25,2,712,lattice,9,b,img/target_6.png
25,2,713,lattice,7,i,img/target_8.png
25,2,714,lattice,6,u,img/target_7.png
25,2,715,lattice,4,v,img/target_5.png
25,2,716,lattice,2,p,img/target_10.png
25,2,717,lattice,1,e,img/target_3.png
25,2,718,lattice,3,q,img/target_1.png
25,2,719,lattice,4,v,img/target_5.png
25,2,720,lattice,3,q,img/target_1.png
25,2,721,lattice,4,v,img/target_5.png
25,2,722,lattice,3,q,img/target_1.png
25,2,723,lattice,5,o,img/target_9.png
25,2,724,lattice,4,v,img/target_5.png
25,2,725,lattice,6,u,img/target_7.png
25,2,726,lattice,4,v,img/target_5.png
25,2,727,lattice,5,o,img/target_9.png
25,2,728,lattice,7,i,img/target_8.png
25,2,729,lattice,8,w,img/target_2.png
25,2,730,lattice,6,u,img/target_7.png
25,2,731,lattice,4,v,img/target_5.png
25,2,732,lattice,3,q,img/target_1.png
25,2,733,lattice,4,v,img/target_5.png
25,2,734,lattice,6,u,img/target_7.png
25,2,735,lattice,4,v,img/target_5.png
25,2,736,lattice,5,o,img/target_9.png
25,2,737,lattice,7,i,img/target_8.png
25,2,738,lattice,9,b,img/target_6.png
25,2,739,lattice,0,r,img/target_4.png
25,2,740,lattice,8,w,img/target_2.png
25,2,741,lattice,6,u,img/target_7.png
25,2,742,lattice,7,i,img/target_8.png
25,2,743,lattice,5,o,img/target_9.png
25,2,744,lattice,7,i,img/target_8.png
25,2,745,lattice,9,b,img/target_6.png
25,2,746,lattice,0,r,img/target_4.png
25,2,747,lattice,1,e,img/target_3.png
25,2,748,lattice,9,b,img/target_6.png
25,2,749,lattice,0,r,img/target_4.png
25,2,750,lattice,2,p,img/target_10.png
25,2,751,lattice,0,r,img/target_4.png
25,2,752,lattice,2,p,img/target_10.png
25,2,753,lattice,4,v,img/target_5.png
25,2,754,lattice,2,p,img/target_10.png
25,2,755,lattice,0,r,img/target_4.png
25,2,756,lattice,8,w,img/target_2.png
25,2,757,lattice,9,b,img/target_6.png
25,2,758,lattice,1,e,img/target_3.png
25,2,759,lattice,3,q,img/target_1.png
25,2,760,lattice,5,o,img/target_9.png
25,2,761,lattice,6,u,img/target_7.png
25,2,762,lattice,7,i,img/target_8.png
25,2,763,lattice,6,u,img/target_7.png
25,2,764,lattice,5,o,img/target_9.png
25,2,765,lattice,4,v,img/target_5.png
25,2,766,lattice,6,u,img/target_7.png
25,2,767,lattice,7,i,img/target_8.png
25,2,768,lattice,9,b,img/target_6.png
25,2,769,lattice,7,i,img/target_8.png
25,2,770,lattice,5,o,img/target_9.png
25,2,771,lattice,7,i,img/target_8.png
25,2,772,lattice,6,u,img/target_7.png
25,2,773,lattice,5,o,img/target_9.png
25,2,774,lattice,7,i,img/target_8.png
25,2,775,lattice,8,w,img/target_2.png
25,2,776,lattice,9,b,img/target_6.png
25,2,777,lattice,0,r,img/target_4.png
25,2,778,lattice,9,b,img/target_6.png
25,2,779,lattice,0,r,img/target_4.png
25,2,780,lattice,9,b,img/target_6.png
25,2,781,lattice,7,i,img/target_8.png
25,2,782,lattice,5,o,img/target_9.png
25,2,783,lattice,7,i,img/target_8.png
25,2,784,lattice,5,o,img/target_9.png
25,2,785,lattice,4,v,img/target_5.png
25,2,786,lattice,3,q,img/target_1.png
25,2,787,lattice,4,v,img/target_5.png
25,2,788,lattice,3,q,img/target_1.png
25,2,789,lattice,2,p,img/target_10.png
25,2,790,lattice,3,q,img/target_1.png
25,2,791,lattice,4,v,img/target_5.png
25,2,792,lattice,5,o,img/target_9.png
25,2,793,lattice,7,i,img/target_8.png
25,2,794,lattice,5,o,img/target_9.png
25,2,795,lattice,7,i,img/target_8.png
25,2,796,lattice,6,u,img/target_7.png
25,2,797,lattice,7,i,img/target_8.png
25,2,798,lattice,9,b,img/target_6.png
25,2,799,lattice,8,w,img/target_2.png
25,2,800,lattice,7,i,img/target_8.png
25,2,801,lattice,8,w,img/target_2.png
25,2,802,lattice,9,b,img/target_6.png
25,2,803,lattice,1,e,img/target_3.png
25,2,804,lattice,9,b,img/target_6.png
25,2,805,lattice,7,i,img/target_8.png
25,2,806,lattice,5,o,img/target_9.png
25,2,807,lattice,6,u,img/target_7.png
25,2,808,lattice,7,i,img/target_8.png
25,2,809,lattice,9,b,img/target_6.png
25,2,810,lattice,7,i,img/target_8.png
25,2,811,lattice,6,u,img/target_7.png
25,2,812,lattice,4,v,img/target_5.png
25,2,813,lattice,2,p,img/target_10.png
25,2,814,lattice,1,e,img/target_3.png
25,2,815,lattice,9,b,img/target_6.png
25,2,816,lattice,8,w,img/target_2.png
25,2,817,lattice,7,i,img/target_8.png
25,2,818,lattice,8,w,img/target_2.png
25,2,819,lattice,6,u,img/target_7.png
25,2,820,lattice,5,o,img/target_9.png
25,2,821,lattice,6,u,img/target_7.png
25,2,822,lattice,5,o,img/target_9.png
25,2,823,lattice,4,v,img/target_5.png
25,2,824,lattice,5,o,img/target_9.png
25,2,825,lattice,6,u,img/target_7.png
25,2,826,lattice,7,i,img/target_8.png
25,2,827,lattice,5,o,img/target_9.png
25,2,828,lattice,6,u,img/target_7.png
25,2,829,lattice,4,v,img/target_5.png
25,2,830,lattice,5,o,img/target_9.png
25,2,831,lattice,7,i,img/target_8.png
25,2,832,lattice,6,u,img/target_7.png
25,2,833,lattice,4,v,img/target_5.png
25,2,834,lattice,6,u,img/target_7.png
25,2,835,lattice,8,w,img/target_2.png
25,2,836,lattice,7,i,img/target_8.png
25,2,837,lattice,5,o,img/target_9.png
25,2,838,lattice,4,v,img/target_5.png
25,2,839,lattice,3,q,img/target_1.png
25,2,840,lattice,5,o,img/target_9.png
25,2,841,lattice,7,i,img/target_8.png
25,2,842,lattice,6,u,img/target_7.png
25,2,843,lattice,7,i,img/target_8.png
25,2,844,lattice,5,o,img/target_9.png
25,2,845,lattice,7,i,img/target_8.png
25,2,846,lattice,8,w,img/target_2.png
25,2,847,lattice,9,b,img/target_6.png
25,2,848,lattice,7,i,img/target_8.png
25,2,849,lattice,5,o,img/target_9.png
25,2,850,lattice,3,q,img/target_1.png
25,2,851,lattice,4,v,img/target_5.png
25,2,852,lattice,3,q,img/target_1.png
25,2,853,lattice,4,v,img/target_5.png
25,2,854,lattice,5,o,img/target_9.png
25,2,855,lattice,6,u,img/target_7.png
25,2,856,lattice,5,o,img/target_9.png
25,2,857,lattice,7,i,img/target_8.png
25,2,858,lattice,6,u,img/target_7.png
25,2,859,lattice,7,i,img/target_8.png
25,2,860,lattice,8,w,img/target_2.png
25,2,861,lattice,9,b,img/target_6.png
25,2,862,lattice,8,w,img/target_2.png
25,2,863,lattice,0,r,img/target_4.png
25,2,864,lattice,8,w,img/target_2.png
25,2,865,lattice,9,b,img/target_6.png
25,2,866,lattice,8,w,img/target_2.png
25,2,867,lattice,6,u,img/target_7.png
25,2,868,lattice,5,o,img/target_9.png
25,2,869,lattice,3,q,img/target_1.png
25,2,870,lattice,5,o,img/target_9.png
25,2,871,lattice,3,q,img/target_1.png
25,2,872,lattice,2,p,img/target_10.png
25,2,873,lattice,3,q,img/target_1.png
25,2,874,lattice,2,p,img/target_10.png
25,2,875,lattice,4,v,img/target_5.png
25,2,876,lattice,2,p,img/target_10.png
25,2,877,lattice,3,q,img/target_1.png
25,2,878,lattice,2,p,img/target_10.png
25,2,879,lattice,4,v,img/target_5.png
25,2,880,lattice,3,q,img/target_1.png
25,2,881,lattice,2,p,img/target_10.png
25,2,882,lattice,3,q,img/target_1.png
25,2,883,lattice,5,o,img/target_9.png
25,2,884,lattice,3,q,img/target_1.png
25,2,885,lattice,4,v,img/target_5.png
25,2,886,lattice,6,u,img/target_7.png
25,2,887,lattice,5,o,img/target_9.png
25,2,888,lattice,3,q,img/target_1.png
25,2,889,lattice,1,e,img/target_3.png
25,2,890,lattice,3,q,img/target_1.png
25,2,891,lattice,5,o,img/target_9.png
25,2,892,lattice,6,u,img/target_7.png
25,2,893,lattice,4,v,img/target_5.png
25,2,894,lattice,3,q,img/target_1.png
25,2,895,lattice,5,o,img/target_9.png
25,2,896,lattice,3,q,img/target_1.png
25,2,897,lattice,1,e,img/target_3.png
25,2,898,lattice,9,b,img/target_6.png
25,2,899,lattice,8,w,img/target_2.png
25,2,900,lattice,9,b,img/target_6.png
25,2,901,lattice,1,e,img/target_3.png
25,2,902,lattice,0,r,img/target_4.png
25,2,903,lattice,8,w,img/target_2.png
25,2,904,lattice,0,r,img/target_4.png
25,2,905,lattice,8,w,img/target_2.png
25,2,906,lattice,0,r,img/target_4.png
25,2,907,lattice,8,w,img/target_2.png
25,2,908,lattice,0,r,img/target_4.png
25,2,909,lattice,2,p,img/target_10.png
25,2,910,lattice,3,q,img/target_1.png
25,2,911,lattice,4,v,img/target_5.png
25,2,912,lattice,5,o,img/target_9.png
25,2,913,lattice,6,u,img/target_7.png
25,2,914,lattice,8,w,img/target_2.png
25,2,915,lattice,0,r,img/target_4.png
25,2,916,lattice,8,w,img/target_2.png
25,2,917,lattice,7,i,img/target_8.png
25,2,918,lattice,8,w,img/target_2.png
25,2,919,lattice,0,r,img/target_4.png
25,2,920,lattice,8,w,img/target_2.png
25,2,921,lattice,9,b,img/target_6.png
25,2,922,lattice,0,r,img/target_4.png
25,2,923,lattice,9,b,img/target_6.png
25,2,924,lattice,1,e,img/target_3.png
25,2,925,lattice,2,p,img/target_10.png
25,2,926,lattice,3,q,img/target_1.png
25,2,927,lattice,5,o,img/target_9.png
25,2,928,lattice,7,i,img/target_8.png
25,2,929,lattice,9,b,img/target_6.png
25,2,930,lattice,0,r,img/target_4.png
25,2,931,lattice,1,e,img/target_3.png
25,2,932,lattice,9,b,img/target_6.png
25,2,933,lattice,1,e,img/target_3.png
25,2,934,lattice,2,p,img/target_10.png
25,2,935,lattice,4,v,img/target_5.png
25,2,936,lattice,6,u,img/target_7.png
25,2,937,lattice,7,i,img/target_8.png
25,2,938,lattice,6,u,img/target_7.png
25,2,939,lattice,7,i,img/target_8.png
25,2,940,lattice,6,u,img/target_7.png
25,2,941,lattice,4,v,img/target_5.png
25,2,942,lattice,5,o,img/target_9.png
25,2,943,lattice,3,q,img/target_1.png
25,2,944,lattice,1,e,img/target_3.png
25,2,945,lattice,0,r,img/target_4.png
25,2,946,lattice,2,p,img/target_10.png
25,2,947,lattice,1,e,img/target_3.png
25,2,948,lattice,3,q,img/target_1.png
25,2,949,lattice,2,p,img/target_10.png
25,2,950,lattice,3,q,img/target_1.png
25,2,951,lattice,5,o,img/target_9.png
25,2,952,lattice,3,q,img/target_1.png
25,2,953,lattice,2,p,img/target_10.png
25,2,954,lattice,1,e,img/target_3.png
25,2,955,lattice,3,q,img/target_1.png
25,2,956,lattice,2,p,img/target_10.png
25,2,957,lattice,4,v,img/target_5.png
25,2,958,lattice,6,u,img/target_7.png
25,2,959,lattice,7,i,img/target_8.png
25,2,960,lattice,6,u,img/target_7.png
25,2,961,lattice,4,v,img/target_5.png
25,2,962,lattice,2,p,img/target_10.png
25,2,963,lattice,1,e,img/target_3.png
25,2,964,lattice,2,p,img/target_10.png
25,2,965,lattice,0,r,img/target_4.png
25,2,966,lattice,1,e,img/target_3.png
25,2,967,lattice,0,r,img/target_4.png
25,2,968,lattice,1,e,img/target_3.png
25,2,969,lattice,3,q,img/target_1.png
25,2,970,lattice,5,o,img/target_9.png
25,2,971,lattice,3,q,img/target_1.png
25,2,972,lattice,2,p,img/target_10.png
25,2,973,lattice,4,v,img/target_5.png
25,2,974,lattice,6,u,img/target_7.png
25,2,975,lattice,4,v,img/target_5.png
25,2,976,lattice,6,u,img/target_7.png
25,2,977,lattice,8,w,img/target_2.png
25,2,978,lattice,0,r,img/target_4.png
25,2,979,lattice,9,b,img/target_6.png
25,2,980,lattice,0,r,img/target_4.png
25,2,981,lattice,2,p,img/target_10.png
25,2,982,lattice,0,r,img/target_4.png
25,2,983,lattice,1,e,img/target_3.png
25,2,984,lattice,3,q,img/target_1.png
25,2,985,lattice,5,o,img/target_9.png
25,2,986,lattice,7,i,img/target_8.png
25,2,987,lattice,5,o,img/target_9.png
25,2,988,lattice,7,i,img/target_8.png
25,2,989,lattice,6,u,img/target_7.png
25,2,990,lattice,7,i,img/target_8.png
25,2,991,lattice,6,u,img/target_7.png
25,2,992,lattice,8,w,img/target_2.png
25,2,993,lattice,0,r,img/target_4.png
25,2,994,lattice,1,e,img/target_3.png
25,2,995,lattice,9,b,img/target_6.png
25,2,996,lattice,1,e,img/target_3.png
25,2,997,lattice,2,p,img/target_10.png
25,2,998,lattice,3,q,img/target_1.png
25,2,999,lattice,4,v,img/target_5.png
25,2,1000,lattice,6,u,img/target_7.png
