pID,sess,trialNum,graph,walk,resp,path
34,2,1,modular,7,i,img/target_8.png
34,2,2,modular,9,e,img/target_3.png
34,2,3,modular,0,u,img/target_7.png
34,2,4,modular,2,q,img/target_1.png
34,2,5,modular,1,w,img/target_2.png
34,2,6,modular,0,u,img/target_7.png
34,2,7,modular,9,e,img/target_3.png
34,2,8,modular,8,o,img/target_9.png
34,2,9,modular,5,b,img/target_6.png
34,2,10,modular,8,o,img/target_9.png
34,2,11,modular,6,r,img/target_4.png
34,2,12,modular,5,b,img/target_6.png
34,2,13,modular,7,i,img/target_8.png
34,2,14,modular,5,b,img/target_6.png
34,2,15,modular,6,r,img/target_4.png
34,2,16,modular,9,e,img/target_3.png
34,2,17,modular,7,i,img/target_8.png
34,2,18,modular,5,b,img/target_6.png
34,2,19,modular,7,i,img/target_8.png
34,2,20,modular,5,b,img/target_6.png
34,2,21,modular,7,i,img/target_8.png
34,2,22,modular,6,r,img/target_4.png
34,2,23,modular,9,e,img/target_3.png
34,2,24,modular,0,u,img/target_7.png
34,2,25,modular,1,w,img/target_2.png
34,2,26,modular,2,q,img/target_1.png
34,2,27,modular,0,u,img/target_7.png
34,2,28,modular,1,w,img/target_2.png
34,2,29,modular,3,p,img/target_10.png
34,2,30,modular,0,u,img/target_7.png
34,2,31,modular,2,q,img/target_1.png
34,2,32,modular,1,w,img/target_2.png
34,2,33,modular,4,v,img/target_5.png
34,2,34,modular,5,b,img/target_6.png
34,2,35,modular,7,i,img/target_8.png
34,2,36,modular,9,e,img/target_3.png
34,2,37,modular,6,r,img/target_4.png
34,2,38,modular,5,b,img/target_6.png
34,2,39,modular,8,o,img/target_9.png
34,2,40,modular,5,b,img/target_6.png
34,2,41,modular,8,o,img/target_9.png
34,2,42,modular,6,r,img/target_4.png
34,2,43,modular,5,b,img/target_6.png
34,2,44,modular,7,i,img/target_8.png
34,2,45,modular,5,b,img/target_6.png
34,2,46,modular,7,i,img/target_8.png
34,2,47,modular,6,r,img/target_4.png
34,2,48,modular,9,e,img/target_3.png
34,2,49,modular,6,r,img/target_4.png
34,2,50,modular,9,e,img/target_3.png
34,2,51,modular,8,o,img/target_9.png
34,2,52,modular,9,e,img/target_3.png
34,2,53,modular,6,r,img/target_4.png
34,2,54,modular,5,b,img/target_6.png
34,2,55,modular,6,r,img/target_4.png
34,2,56,modular,7,i,img/target_8.png
34,2,57,modular,8,o,img/target_9.png
34,2,58,modular,6,r,img/target_4.png
34,2,59,modular,5,b,img/target_6.png
34,2,60,modular,7,i,img/target_8.png
34,2,61,modular,5,b,img/target_6.png
34,2,62,modular,8,o,img/target_9.png
34,2,63,modular,9,e,img/target_3.png
34,2,64,modular,7,i,img/target_8.png
34,2,65,modular,8,o,img/target_9.png
34,2,66,modular,6,r,img/target_4.png
34,2,67,modular,5,b,img/target_6.png
34,2,68,modular,6,r,img/target_4.png
34,2,69,modular,9,e,img/target_3.png
34,2,70,modular,0,u,img/target_7.png
34,2,71,modular,9,e,img/target_3.png
34,2,72,modular,8,o,img/target_9.png
34,2,73,modular,5,b,img/target_6.png
34,2,74,modular,6,r,img/target_4.png
34,2,75,modular,8,o,img/target_9.png
34,2,76,modular,6,r,img/target_4.png
34,2,77,modular,7,i,img/target_8.png
34,2,78,modular,5,b,img/target_6.png
34,2,79,modular,4,v,img/target_5.png
34,2,80,modular,3,p,img/target_10.png
34,2,81,modular,1,w,img/target_2.png
34,2,82,modular,2,q,img/target_1.png
34,2,83,modular,3,p,img/target_10.png
34,2,84,modular,4,v,img/target_5.png
34,2,85,modular,3,p,img/target_10.png
34,2,86,modular,0,u,img/target_7.png
34,2,87,modular,1,w,img/target_2.png
34,2,88,modular,0,u,img/target_7.png
34,2,89,modular,2,q,img/target_1.png
34,2,90,modular,1,w,img/target_2.png
34,2,91,modular,2,q,img/target_1.png
34,2,92,modular,3,p,img/target_10.png
34,2,93,modular,4,v,img/target_5.png
34,2,94,modular,1,w,img/target_2.png
34,2,95,modular,0,u,img/target_7.png
34,2,96,modular,2,q,img/target_1.png
34,2,97,modular,1,w,img/target_2.png
34,2,98,modular,4,v,img/target_5.png
34,2,99,modular,3,p,img/target_10.png
34,2,100,modular,2,q,img/target_1.png
34,2,101,modular,0,u,img/target_7.png
34,2,102,modular,9,e,img/target_3.png
34,2,103,modular,7,i,img/target_8.png
34,2,104,modular,5,b,img/target_6.png
34,2,105,modular,4,v,img/target_5.png
34,2,106,modular,2,q,img/target_1.png
34,2,107,modular,4,v,img/target_5.png
34,2,108,modular,3,p,img/target_10.png
34,2,109,modular,0,u,img/target_7.png
34,2,110,modular,9,e,img/target_3.png
34,2,111,modular,0,u,img/target_7.png
34,2,112,modular,1,w,img/target_2.png
34,2,113,modular,2,q,img/target_1.png
34,2,114,modular,4,v,img/target_5.png
34,2,115,modular,1,w,img/target_2.png
34,2,116,modular,0,u,img/target_7.png
34,2,117,modular,3,p,img/target_10.png
34,2,118,modular,4,v,img/target_5.png
34,2,119,modular,1,w,img/target_2.png
34,2,120,modular,4,v,img/target_5.png
34,2,121,modular,5,b,img/target_6.png
34,2,122,modular,8,o,img/target_9.png
34,2,123,modular,7,i,img/target_8.png
34,2,124,modular,8,o,img/target_9.png
34,2,125,modular,7,i,img/target_8.png
34,2,126,modular,5,b,img/target_6.png
34,2,127,modular,6,r,img/target_4.png
34,2,128,modular,5,b,img/target_6.png
34,2,129,modular,7,i,img/target_8.png
34,2,130,modular,5,b,img/target_6.png
34,2,131,modular,6,r,img/target_4.png
34,2,132,modular,8,o,img/target_9.png
34,2,133,modular,7,i,img/target_8.png
34,2,134,modular,9,e,img/target_3.png
34,2,135,modular,7,i,img/target_8.png
34,2,136,modular,8,o,img/target_9.png
34,2,137,modular,5,b,img/target_6.png
34,2,138,modular,6,r,img/target_4.png
34,2,139,modular,5,b,img/target_6.png
34,2,140,modular,8,o,img/target_9.png
34,2,141,modular,5,b,img/target_6.png
34,2,142,modular,8,o,img/target_9.png
34,2,143,modular,7,i,img/target_8.png
34,2,144,modular,9,e,img/target_3.png
34,2,145,modular,7,i,img/target_8.png
34,2,146,modular,9,e,img/target_3.png
34,2,147,modular,0,u,img/target_7.png
34,2,148,modular,9,e,img/target_3.png
34,2,149,modular,7,i,img/target_8.png
34,2,150,modular,9,e,img/target_3.png
34,2,151,modular,6,r,img/target_4.png
34,2,152,modular,9,e,img/target_3.png
34,2,153,modular,6,r,img/target_4.png
34,2,154,modular,5,b,img/target_6.png
34,2,155,modular,7,i,img/target_8.png
34,2,156,modular,5,b,img/target_6.png
34,2,157,modular,6,r,img/target_4.png
34,2,158,modular,7,i,img/target_8.png
34,2,159,modular,8,o,img/target_9.png
34,2,160,modular,6,r,img/target_4.png
34,2,161,modular,5,b,img/target_6.png
34,2,162,modular,7,i,img/target_8.png
34,2,163,modular,8,o,img/target_9.png
34,2,164,modular,9,e,img/target_3.png
34,2,165,modular,7,i,img/target_8.png
34,2,166,modular,8,o,img/target_9.png
34,2,167,modular,9,e,img/target_3.png
34,2,168,modular,7,i,img/target_8.png
34,2,169,modular,8,o,img/target_9.png
34,2,170,modular,6,r,img/target_4.png
34,2,171,modular,7,i,img/target_8.png
34,2,172,modular,8,o,img/target_9.png
34,2,173,modular,9,e,img/target_3.png
34,2,174,modular,7,i,img/target_8.png
34,2,175,modular,9,e,img/target_3.png
34,2,176,modular,0,u,img/target_7.png
34,2,177,modular,3,p,img/target_10.png
34,2,178,modular,1,w,img/target_2.png
34,2,179,modular,4,v,img/target_5.png
34,2,180,modular,2,q,img/target_1.png
34,2,181,modular,0,u,img/target_7.png
34,2,182,modular,1,w,img/target_2.png
34,2,183,modular,2,q,img/target_1.png
34,2,184,modular,3,p,img/target_10.png
34,2,185,modular,2,q,img/target_1.png
34,2,186,modular,4,v,img/target_5.png
34,2,187,modular,1,w,img/target_2.png
34,2,188,modular,4,v,img/target_5.png
34,2,189,modular,3,p,img/target_10.png
34,2,190,modular,1,w,img/target_2.png
34,2,191,modular,4,v,img/target_5.png
34,2,192,modular,5,b,img/target_6.png
34,2,193,modular,8,o,img/target_9.png
34,2,194,modular,5,b,img/target_6.png
34,2,195,modular,8,o,img/target_9.png
34,2,196,modular,5,b,img/target_6.png
34,2,197,modular,8,o,img/target_9.png
34,2,198,modular,9,e,img/target_3.png
34,2,199,modular,7,i,img/target_8.png
34,2,200,modular,5,b,img/target_6.png
34,2,201,modular,6,r,img/target_4.png
34,2,202,modular,7,i,img/target_8.png
34,2,203,modular,6,r,img/target_4.png
34,2,204,modular,9,e,img/target_3.png
34,2,205,modular,0,u,img/target_7.png
34,2,206,modular,3,p,img/target_10.png
34,2,207,modular,1,w,img/target_2.png
34,2,208,modular,4,v,img/target_5.png
34,2,209,modular,1,w,img/target_2.png
34,2,210,modular,3,p,img/target_10.png
34,2,211,modular,4,v,img/target_5.png
34,2,212,modular,5,b,img/target_6.png
34,2,213,modular,6,r,img/target_4.png
34,2,214,modular,7,i,img/target_8.png
34,2,215,modular,9,e,img/target_3.png
34,2,216,modular,6,r,img/target_4.png
34,2,217,modular,8,o,img/target_9.png
34,2,218,modular,7,i,img/target_8.png
34,2,219,modular,8,o,img/target_9.png
34,2,220,modular,7,i,img/target_8.png
34,2,221,modular,9,e,img/target_3.png
34,2,222,modular,8,o,img/target_9.png
34,2,223,modular,9,e,img/target_3.png
34,2,224,modular,8,o,img/target_9.png
34,2,225,modular,5,b,img/target_6.png
34,2,226,modular,8,o,img/target_9.png
34,2,227,modular,9,e,img/target_3.png
34,2,228,modular,6,r,img/target_4.png
34,2,229,modular,9,e,img/target_3.png
34,2,230,modular,7,i,img/target_8.png
34,2,231,modular,6,r,img/target_4.png
34,2,232,modular,9,e,img/target_3.png
34,2,233,modular,8,o,img/target_9.png
34,2,234,modular,9,e,img/target_3.png
34,2,235,modular,6,r,img/target_4.png
34,2,236,modular,5,b,img/target_6.png
34,2,237,modular,7,i,img/target_8.png
34,2,238,modular,9,e,img/target_3.png
34,2,239,modular,0,u,img/target_7.png
34,2,240,modular,2,q,img/target_1.png
34,2,241,modular,0,u,img/target_7.png
34,2,242,modular,3,p,img/target_10.png
34,2,243,modular,2,q,img/target_1.png
34,2,244,modular,1,w,img/target_2.png
34,2,245,modular,4,v,img/target_5.png
34,2,246,modular,3,p,img/target_10.png
34,2,247,modular,0,u,img/target_7.png
34,2,248,modular,9,e,img/target_3.png
34,2,249,modular,0,u,img/target_7.png
34,2,250,modular,9,e,img/target_3.png
34,2,251,modular,8,o,img/target_9.png
34,2,252,modular,7,i,img/target_8.png
34,2,253,modular,9,e,img/target_3.png
34,2,254,modular,6,r,img/target_4.png
34,2,255,modular,8,o,img/target_9.png
34,2,256,modular,6,r,img/target_4.png
34,2,257,modular,9,e,img/target_3.png
34,2,258,modular,8,o,img/target_9.png
34,2,259,modular,6,r,img/target_4.png
34,2,260,modular,8,o,img/target_9.png
34,2,261,modular,6,r,img/target_4.png
34,2,262,modular,5,b,img/target_6.png
34,2,263,modular,4,v,img/target_5.png
34,2,264,modular,5,b,img/target_6.png
34,2,265,modular,4,v,img/target_5.png
34,2,266,modular,2,q,img/target_1.png
34,2,267,modular,1,w,img/target_2.png
34,2,268,modular,4,v,img/target_5.png
34,2,269,modular,5,b,img/target_6.png
34,2,270,modular,6,r,img/target_4.png
34,2,271,modular,8,o,img/target_9.png
34,2,272,modular,9,e,img/target_3.png
34,2,273,modular,0,u,img/target_7.png
34,2,274,modular,2,q,img/target_1.png
34,2,275,modular,0,u,img/target_7.png
34,2,276,modular,3,p,img/target_10.png
34,2,277,modular,2,q,img/target_1.png
34,2,278,modular,1,w,img/target_2.png
34,2,279,modular,4,v,img/target_5.png
34,2,280,modular,3,p,img/target_10.png
34,2,281,modular,1,w,img/target_2.png
34,2,282,modular,4,v,img/target_5.png
34,2,283,modular,2,q,img/target_1.png
34,2,284,modular,1,w,img/target_2.png
34,2,285,modular,3,p,img/target_10.png
34,2,286,modular,0,u,img/target_7.png
34,2,287,modular,9,e,img/target_3.png
34,2,288,modular,7,i,img/target_8.png
34,2,289,modular,8,o,img/target_9.png
34,2,290,modular,6,r,img/target_4.png
34,2,291,modular,7,i,img/target_8.png
34,2,292,modular,5,b,img/target_6.png
34,2,293,modular,7,i,img/target_8.png
34,2,294,modular,6,r,img/target_4.png
34,2,295,modular,9,e,img/target_3.png
34,2,296,modular,0,u,img/target_7.png
34,2,297,modular,1,w,img/target_2.png
34,2,298,modular,0,u,img/target_7.png
34,2,299,modular,2,q,img/target_1.png
34,2,300,modular,1,w,img/target_2.png
34,2,301,modular,4,v,img/target_5.png
34,2,302,modular,2,q,img/target_1.png
34,2,303,modular,1,w,img/target_2.png
34,2,304,modular,2,q,img/target_1.png
34,2,305,modular,4,v,img/target_5.png
34,2,306,modular,5,b,img/target_6.png
34,2,307,modular,8,o,img/target_9.png
34,2,308,modular,5,b,img/target_6.png
34,2,309,modular,8,o,img/target_9.png
34,2,310,modular,9,e,img/target_3.png
34,2,311,modular,7,i,img/target_8.png
34,2,312,modular,9,e,img/target_3.png
34,2,313,modular,0,u,img/target_7.png
34,2,314,modular,9,e,img/target_3.png
34,2,315,modular,7,i,img/target_8.png
34,2,316,modular,9,e,img/target_3.png
34,2,317,modular,6,r,img/target_4.png
34,2,318,modular,5,b,img/target_6.png
34,2,319,modular,4,v,img/target_5.png
34,2,320,modular,5,b,img/target_6.png
34,2,321,modular,8,o,img/target_9.png
34,2,322,modular,5,b,img/target_6.png
34,2,323,modular,6,r,img/target_4.png
34,2,324,modular,5,b,img/target_6.png
34,2,325,modular,6,r,img/target_4.png
34,2,326,modular,5,b,img/target_6.png
34,2,327,modular,7,i,img/target_8.png
34,2,328,modular,9,e,img/target_3.png
34,2,329,modular,8,o,img/target_9.png
34,2,330,modular,7,i,img/target_8.png
34,2,331,modular,5,b,img/target_6.png
34,2,332,modular,7,i,img/target_8.png
34,2,333,modular,6,r,img/target_4.png
34,2,334,modular,9,e,img/target_3.png
34,2,335,modular,6,r,img/target_4.png
34,2,336,modular,7,i,img/target_8.png
34,2,337,modular,8,o,img/target_9.png
34,2,338,modular,7,i,img/target_8.png
34,2,339,modular,9,e,img/target_3.png
34,2,340,modular,8,o,img/target_9.png
34,2,341,modular,7,i,img/target_8.png
34,2,342,modular,5,b,img/target_6.png
34,2,343,modular,6,r,img/target_4.png
34,2,344,modular,5,b,img/target_6.png
34,2,345,modular,4,v,img/target_5.png
34,2,346,modular,3,p,img/target_10.png
34,2,347,modular,1,w,img/target_2.png
34,2,348,modular,2,q,img/target_1.png
34,2,349,modular,4,v,img/target_5.png
34,2,350,modular,2,q,img/target_1.png
34,2,351,modular,4,v,img/target_5.png
34,2,352,modular,3,p,img/target_10.png
34,2,353,modular,4,v,img/target_5.png
34,2,354,modular,1,w,img/target_2.png
34,2,355,modular,4,v,img/target_5.png
34,2,356,modular,3,p,img/target_10.png
34,2,357,modular,1,w,img/target_2.png
34,2,358,modular,4,v,img/target_5.png
34,2,359,modular,2,q,img/target_1.png
34,2,360,modular,0,u,img/target_7.png
34,2,361,modular,3,p,img/target_10.png
34,2,362,modular,1,w,img/target_2.png
34,2,363,modular,2,q,img/target_1.png
34,2,364,modular,0,u,img/target_7.png
34,2,365,modular,9,e,img/target_3.png
34,2,366,modular,7,i,img/target_8.png
34,2,367,modular,5,b,img/target_6.png
34,2,368,modular,4,v,img/target_5.png
34,2,369,modular,3,p,img/target_10.png
34,2,370,modular,0,u,img/target_7.png
34,2,371,modular,1,w,img/target_2.png
34,2,372,modular,4,v,img/target_5.png
34,2,373,modular,3,p,img/target_10.png
34,2,374,modular,1,w,img/target_2.png
34,2,375,modular,4,v,img/target_5.png
34,2,376,modular,2,q,img/target_1.png
34,2,377,modular,3,p,img/target_10.png
34,2,378,modular,1,w,img/target_2.png
34,2,379,modular,0,u,img/target_7.png
34,2,380,modular,3,p,img/target_10.png
34,2,381,modular,4,v,img/target_5.png
34,2,382,modular,5,b,img/target_6.png
34,2,383,modular,6,r,img/target_4.png
34,2,384,modular,7,i,img/target_8.png
34,2,385,modular,9,e,img/target_3.png
34,2,386,modular,7,i,img/target_8.png
34,2,387,modular,5,b,img/target_6.png
34,2,388,modular,7,i,img/target_8.png
34,2,389,modular,5,b,img/target_6.png
34,2,390,modular,6,r,img/target_4.png
34,2,391,modular,8,o,img/target_9.png
34,2,392,modular,5,b,img/target_6.png
34,2,393,modular,4,v,img/target_5.png
34,2,394,modular,2,q,img/target_1.png
34,2,395,modular,0,u,img/target_7.png
34,2,396,modular,1,w,img/target_2.png
34,2,397,modular,2,q,img/target_1.png
34,2,398,modular,3,p,img/target_10.png
34,2,399,modular,2,q,img/target_1.png
34,2,400,modular,3,p,img/target_10.png
34,2,401,modular,1,w,img/target_2.png
34,2,402,modular,2,q,img/target_1.png
34,2,403,modular,4,v,img/target_5.png
34,2,404,modular,2,q,img/target_1.png
34,2,405,modular,1,w,img/target_2.png
34,2,406,modular,4,v,img/target_5.png
34,2,407,modular,2,q,img/target_1.png
34,2,408,modular,0,u,img/target_7.png
34,2,409,modular,3,p,img/target_10.png
34,2,410,modular,0,u,img/target_7.png
34,2,411,modular,9,e,img/target_3.png
34,2,412,modular,0,u,img/target_7.png
34,2,413,modular,1,w,img/target_2.png
34,2,414,modular,3,p,img/target_10.png
34,2,415,modular,0,u,img/target_7.png
34,2,416,modular,9,e,img/target_3.png
34,2,417,modular,6,r,img/target_4.png
34,2,418,modular,5,b,img/target_6.png
34,2,419,modular,8,o,img/target_9.png
34,2,420,modular,5,b,img/target_6.png
34,2,421,modular,7,i,img/target_8.png
34,2,422,modular,6,r,img/target_4.png
34,2,423,modular,7,i,img/target_8.png
34,2,424,modular,9,e,img/target_3.png
34,2,425,modular,0,u,img/target_7.png
34,2,426,modular,3,p,img/target_10.png
34,2,427,modular,0,u,img/target_7.png
34,2,428,modular,2,q,img/target_1.png
34,2,429,modular,1,w,img/target_2.png
34,2,430,modular,2,q,img/target_1.png
34,2,431,modular,3,p,img/target_10.png
34,2,432,modular,1,w,img/target_2.png
34,2,433,modular,3,p,img/target_10.png
34,2,434,modular,0,u,img/target_7.png
34,2,435,modular,3,p,img/target_10.png
34,2,436,modular,4,v,img/target_5.png
34,2,437,modular,1,w,img/target_2.png
34,2,438,modular,3,p,img/target_10.png
34,2,439,modular,2,q,img/target_1.png
34,2,440,modular,3,p,img/target_10.png
34,2,441,modular,1,w,img/target_2.png
34,2,442,modular,4,v,img/target_5.png
34,2,443,modular,2,q,img/target_1.png
34,2,444,modular,1,w,img/target_2.png
34,2,445,modular,2,q,img/target_1.png
34,2,446,modular,0,u,img/target_7.png
34,2,447,modular,2,q,img/target_1.png
34,2,448,modular,1,w,img/target_2.png
34,2,449,modular,3,p,img/target_10.png
34,2,450,modular,2,q,img/target_1.png
34,2,451,modular,1,w,img/target_2.png
34,2,452,modular,0,u,img/target_7.png
34,2,453,modular,9,e,img/target_3.png
34,2,454,modular,6,r,img/target_4.png
34,2,455,modular,5,b,img/target_6.png
34,2,456,modular,7,i,img/target_8.png
34,2,457,modular,5,b,img/target_6.png
34,2,458,modular,7,i,img/target_8.png
34,2,459,modular,8,o,img/target_9.png
34,2,460,modular,5,b,img/target_6.png
34,2,461,modular,7,i,img/target_8.png
34,2,462,modular,5,b,img/target_6.png
34,2,463,modular,7,i,img/target_8.png
34,2,464,modular,6,r,img/target_4.png
34,2,465,modular,5,b,img/target_6.png
34,2,466,modular,8,o,img/target_9.png
34,2,467,modular,5,b,img/target_6.png
34,2,468,modular,8,o,img/target_9.png
34,2,469,modular,9,e,img/target_3.png
34,2,470,modular,0,u,img/target_7.png
34,2,471,modular,2,q,img/target_1.png
34,2,472,modular,0,u,img/target_7.png
34,2,473,modular,3,p,img/target_10.png
34,2,474,modular,0,u,img/target_7.png
34,2,475,modular,9,e,img/target_3.png
34,2,476,modular,8,o,img/target_9.png
34,2,477,modular,9,e,img/target_3.png
34,2,478,modular,8,o,img/target_9.png
34,2,479,modular,5,b,img/target_6.png
34,2,480,modular,4,v,img/target_5.png
34,2,481,modular,5,b,img/target_6.png
34,2,482,modular,8,o,img/target_9.png
34,2,483,modular,7,i,img/target_8.png
34,2,484,modular,9,e,img/target_3.png
34,2,485,modular,6,r,img/target_4.png
34,2,486,modular,7,i,img/target_8.png
34,2,487,modular,5,b,img/target_6.png
34,2,488,modular,8,o,img/target_9.png
34,2,489,modular,5,b,img/target_6.png
34,2,490,modular,4,v,img/target_5.png
34,2,491,modular,1,w,img/target_2.png
34,2,492,modular,4,v,img/target_5.png
34,2,493,modular,5,b,img/target_6.png
34,2,494,modular,6,r,img/target_4.png
34,2,495,modular,8,o,img/target_9.png
34,2,496,modular,5,b,img/target_6.png
34,2,497,modular,6,r,img/target_4.png
34,2,498,modular,9,e,img/target_3.png
34,2,499,modular,8,o,img/target_9.png
34,2,500,modular,7,i,img/target_8.png
34,2,501,modular,8,o,img/target_9.png
34,2,502,modular,5,b,img/target_6.png
34,2,503,modular,7,i,img/target_8.png
34,2,504,modular,6,r,img/target_4.png
34,2,505,modular,9,e,img/target_3.png
34,2,506,modular,7,i,img/target_8.png
34,2,507,modular,6,r,img/target_4.png
34,2,508,modular,5,b,img/target_6.png
34,2,509,modular,4,v,img/target_5.png
34,2,510,modular,2,q,img/target_1.png
34,2,511,modular,1,w,img/target_2.png
34,2,512,modular,3,p,img/target_10.png
34,2,513,modular,2,q,img/target_1.png
34,2,514,modular,0,u,img/target_7.png
34,2,515,modular,2,q,img/target_1.png
34,2,516,modular,0,u,img/target_7.png
34,2,517,modular,3,p,img/target_10.png
34,2,518,modular,0,u,img/target_7.png
34,2,519,modular,3,p,img/target_10.png
34,2,520,modular,1,w,img/target_2.png
34,2,521,modular,0,u,img/target_7.png
34,2,522,modular,1,w,img/target_2.png
34,2,523,modular,4,v,img/target_5.png
34,2,524,modular,3,p,img/target_10.png
34,2,525,modular,4,v,img/target_5.png
34,2,526,modular,5,b,img/target_6.png
34,2,527,modular,6,r,img/target_4.png
34,2,528,modular,8,o,img/target_9.png
34,2,529,modular,5,b,img/target_6.png
34,2,530,modular,8,o,img/target_9.png
34,2,531,modular,5,b,img/target_6.png
34,2,532,modular,8,o,img/target_9.png
34,2,533,modular,9,e,img/target_3.png
34,2,534,modular,8,o,img/target_9.png
34,2,535,modular,5,b,img/target_6.png
34,2,536,modular,6,r,img/target_4.png
34,2,537,modular,7,i,img/target_8.png
34,2,538,modular,6,r,img/target_4.png
34,2,539,modular,7,i,img/target_8.png
34,2,540,modular,5,b,img/target_6.png
34,2,541,modular,4,v,img/target_5.png
34,2,542,modular,1,w,img/target_2.png
34,2,543,modular,4,v,img/target_5.png
34,2,544,modular,3,p,img/target_10.png
34,2,545,modular,4,v,img/target_5.png
34,2,546,modular,3,p,img/target_10.png
34,2,547,modular,1,w,img/target_2.png
34,2,548,modular,4,v,img/target_5.png
34,2,549,modular,1,w,img/target_2.png
34,2,550,modular,3,p,img/target_10.png
34,2,551,modular,1,w,img/target_2.png
34,2,552,modular,3,p,img/target_10.png
34,2,553,modular,4,v,img/target_5.png
34,2,554,modular,2,q,img/target_1.png
34,2,555,modular,3,p,img/target_10.png
34,2,556,modular,1,w,img/target_2.png
34,2,557,modular,0,u,img/target_7.png
34,2,558,modular,3,p,img/target_10.png
34,2,559,modular,4,v,img/target_5.png
34,2,560,modular,2,q,img/target_1.png
34,2,561,modular,1,w,img/target_2.png
34,2,562,modular,0,u,img/target_7.png
34,2,563,modular,2,q,img/target_1.png
34,2,564,modular,1,w,img/target_2.png
34,2,565,modular,3,p,img/target_10.png
34,2,566,modular,1,w,img/target_2.png
34,2,567,modular,2,q,img/target_1.png
34,2,568,modular,0,u,img/target_7.png
34,2,569,modular,1,w,img/target_2.png
34,2,570,modular,3,p,img/target_10.png
34,2,571,modular,1,w,img/target_2.png
34,2,572,modular,0,u,img/target_7.png
34,2,573,modular,2,q,img/target_1.png
34,2,574,modular,3,p,img/target_10.png
34,2,575,modular,4,v,img/target_5.png
34,2,576,modular,1,w,img/target_2.png
34,2,577,modular,2,q,img/target_1.png
34,2,578,modular,0,u,img/target_7.png
34,2,579,modular,1,w,img/target_2.png
34,2,580,modular,3,p,img/target_10.png
34,2,581,modular,1,w,img/target_2.png
34,2,582,modular,3,p,img/target_10.png
34,2,583,modular,1,w,img/target_2.png
34,2,584,modular,4,v,img/target_5.png
34,2,585,modular,1,w,img/target_2.png
34,2,586,modular,4,v,img/target_5.png
34,2,587,modular,1,w,img/target_2.png
34,2,588,modular,4,v,img/target_5.png
34,2,589,modular,3,p,img/target_10.png
34,2,590,modular,0,u,img/target_7.png
34,2,591,modular,3,p,img/target_10.png
34,2,592,modular,1,w,img/target_2.png
34,2,593,modular,0,u,img/target_7.png
34,2,594,modular,9,e,img/target_3.png
34,2,595,modular,8,o,img/target_9.png
34,2,596,modular,7,i,img/target_8.png
34,2,597,modular,8,o,img/target_9.png
34,2,598,modular,9,e,img/target_3.png
34,2,599,modular,0,u,img/target_7.png
34,2,600,modular,9,e,img/target_3.png
34,2,601,modular,7,i,img/target_8.png
34,2,602,modular,6,r,img/target_4.png
34,2,603,modular,8,o,img/target_9.png
34,2,604,modular,7,i,img/target_8.png
34,2,605,modular,5,b,img/target_6.png
34,2,606,modular,8,o,img/target_9.png
34,2,607,modular,6,r,img/target_4.png
34,2,608,modular,9,e,img/target_3.png
34,2,609,modular,8,o,img/target_9.png
34,2,610,modular,9,e,img/target_3.png
34,2,611,modular,0,u,img/target_7.png
34,2,612,modular,2,q,img/target_1.png
34,2,613,modular,4,v,img/target_5.png
34,2,614,modular,5,b,img/target_6.png
34,2,615,modular,6,r,img/target_4.png
34,2,616,modular,5,b,img/target_6.png
34,2,617,modular,7,i,img/target_8.png
34,2,618,modular,9,e,img/target_3.png
34,2,619,modular,6,r,img/target_4.png
34,2,620,modular,8,o,img/target_9.png
34,2,621,modular,6,r,img/target_4.png
34,2,622,modular,7,i,img/target_8.png
34,2,623,modular,9,e,img/target_3.png
34,2,624,modular,7,i,img/target_8.png
34,2,625,modular,8,o,img/target_9.png
34,2,626,modular,6,r,img/target_4.png
34,2,627,modular,5,b,img/target_6.png
34,2,628,modular,4,v,img/target_5.png
34,2,629,modular,2,q,img/target_1.png
34,2,630,modular,4,v,img/target_5.png
34,2,631,modular,5,b,img/target_6.png
34,2,632,modular,7,i,img/target_8.png
34,2,633,modular,5,b,img/target_6.png
34,2,634,modular,6,r,img/target_4.png
34,2,635,modular,5,b,img/target_6.png
34,2,636,modular,6,r,img/target_4.png
34,2,637,modular,7,i,img/target_8.png
34,2,638,modular,6,r,img/target_4.png
34,2,639,modular,8,o,img/target_9.png
34,2,640,modular,6,r,img/target_4.png
34,2,641,modular,5,b,img/target_6.png
34,2,642,modular,6,r,img/target_4.png
34,2,643,modular,7,i,img/target_8.png
34,2,644,modular,5,b,img/target_6.png
34,2,645,modular,4,v,img/target_5.png
34,2,646,modular,5,b,img/target_6.png
34,2,647,modular,6,r,img/target_4.png
34,2,648,modular,9,e,img/target_3.png
34,2,649,modular,7,i,img/target_8.png
34,2,650,modular,8,o,img/target_9.png
34,2,651,modular,5,b,img/target_6.png
34,2,652,modular,7,i,img/target_8.png
34,2,653,modular,6,r,img/target_4.png
34,2,654,modular,5,b,img/target_6.png
34,2,655,modular,7,i,img/target_8.png
34,2,656,modular,9,e,img/target_3.png
34,2,657,modular,0,u,img/target_7.png
34,2,658,modular,1,w,img/target_2.png
34,2,659,modular,3,p,img/target_10.png
34,2,660,modular,2,q,img/target_1.png
34,2,661,modular,3,p,img/target_10.png
34,2,662,modular,0,u,img/target_7.png
34,2,663,modular,2,q,img/target_1.png
34,2,664,modular,4,v,img/target_5.png
34,2,665,modular,3,p,img/target_10.png
34,2,666,modular,1,w,img/target_2.png
34,2,667,modular,3,p,img/target_10.png
34,2,668,modular,4,v,img/target_5.png
34,2,669,modular,1,w,img/target_2.png
34,2,670,modular,0,u,img/target_7.png
34,2,671,modular,1,w,img/target_2.png
34,2,672,modular,3,p,img/target_10.png
34,2,673,modular,4,v,img/target_5.png
34,2,674,modular,3,p,img/target_10.png
34,2,675,modular,1,w,img/target_2.png
34,2,676,modular,4,v,img/target_5.png
34,2,677,modular,1,w,img/target_2.png
34,2,678,modular,3,p,img/target_10.png
34,2,679,modular,4,v,img/target_5.png
34,2,680,modular,3,p,img/target_10.png
34,2,681,modular,0,u,img/target_7.png
34,2,682,modular,1,w,img/target_2.png
34,2,683,modular,4,v,img/target_5.png
34,2,684,modular,2,q,img/target_1.png
34,2,685,modular,1,w,img/target_2.png
34,2,686,modular,2,q,img/target_1.png
34,2,687,modular,3,p,img/target_10.png
34,2,688,modular,0,u,img/target_7.png
34,2,689,modular,2,q,img/target_1.png
34,2,690,modular,1,w,img/target_2.png
34,2,691,modular,2,q,img/target_1.png
34,2,692,modular,3,p,img/target_10.png
34,2,693,modular,1,w,img/target_2.png
34,2,694,modular,4,v,img/target_5.png
34,2,695,modular,5,b,img/target_6.png
34,2,696,modular,8,o,img/target_9.png
34,2,697,modular,9,e,img/target_3.png
34,2,698,modular,0,u,img/target_7.png
34,2,699,modular,1,w,img/target_2.png
34,2,700,modular,2,q,img/target_1.png
34,2,701,modular,4,v,img/target_5.png
34,2,702,modular,5,b,img/target_6.png
34,2,703,modular,8,o,img/target_9.png
34,2,704,modular,9,e,img/target_3.png
34,2,705,modular,6,r,img/target_4.png
34,2,706,modular,8,o,img/target_9.png
34,2,707,modular,9,e,img/target_3.png
34,2,708,modular,0,u,img/target_7.png
34,2,709,modular,1,w,img/target_2.png
34,2,710,modular,0,u,img/target_7.png
34,2,711,modular,1,w,img/target_2.png
34,2,712,modular,2,q,img/target_1.png
34,2,713,modular,4,v,img/target_5.png
34,2,714,modular,3,p,img/target_10.png
34,2,715,modular,2,q,img/target_1.png
34,2,716,modular,4,v,img/target_5.png
34,2,717,modular,1,w,img/target_2.png
34,2,718,modular,4,v,img/target_5.png
34,2,719,modular,2,q,img/target_1.png
34,2,720,modular,4,v,img/target_5.png
34,2,721,modular,5,b,img/target_6.png
34,2,722,modular,8,o,img/target_9.png
34,2,723,modular,5,b,img/target_6.png
34,2,724,modular,6,r,img/target_4.png
34,2,725,modular,5,b,img/target_6.png
34,2,726,modular,4,v,img/target_5.png
34,2,727,modular,5,b,img/target_6.png
34,2,728,modular,6,r,img/target_4.png
34,2,729,modular,9,e,img/target_3.png
34,2,730,modular,7,i,img/target_8.png
34,2,731,modular,5,b,img/target_6.png
34,2,732,modular,7,i,img/target_8.png
34,2,733,modular,8,o,img/target_9.png
34,2,734,modular,6,r,img/target_4.png
34,2,735,modular,9,e,img/target_3.png
34,2,736,modular,7,i,img/target_8.png
34,2,737,modular,5,b,img/target_6.png
34,2,738,modular,6,r,img/target_4.png
34,2,739,modular,5,b,img/target_6.png
34,2,740,modular,4,v,img/target_5.png
34,2,741,modular,1,w,img/target_2.png
34,2,742,modular,3,p,img/target_10.png
34,2,743,modular,1,w,img/target_2.png
34,2,744,modular,0,u,img/target_7.png
34,2,745,modular,2,q,img/target_1.png
34,2,746,modular,0,u,img/target_7.png
34,2,747,modular,3,p,img/target_10.png
34,2,748,modular,1,w,img/target_2.png
34,2,749,modular,2,q,img/target_1.png
34,2,750,modular,1,w,img/target_2.png
34,2,751,modular,3,p,img/target_10.png
34,2,752,modular,2,q,img/target_1.png
34,2,753,modular,3,p,img/target_10.png
34,2,754,modular,2,q,img/target_1.png
34,2,755,modular,3,p,img/target_10.png
34,2,756,modular,4,v,img/target_5.png
34,2,757,modular,2,q,img/target_1.png
34,2,758,modular,0,u,img/target_7.png
34,2,759,modular,3,p,img/target_10.png
34,2,760,modular,4,v,img/target_5.png
34,2,761,modular,2,q,img/target_1.png
34,2,762,modular,1,w,img/target_2.png
34,2,763,modular,0,u,img/target_7.png
34,2,764,modular,2,q,img/target_1.png
34,2,765,modular,1,w,img/target_2.png
34,2,766,modular,3,p,img/target_10.png
34,2,767,modular,0,u,img/target_7.png
34,2,768,modular,2,q,img/target_1.png
34,2,769,modular,1,w,img/target_2.png
34,2,770,modular,4,v,img/target_5.png
34,2,771,modular,5,b,img/target_6.png
34,2,772,modular,4,v,img/target_5.png
34,2,773,modular,3,p,img/target_10.png
34,2,774,modular,4,v,img/target_5.png
34,2,775,modular,1,w,img/target_2.png
34,2,776,modular,2,q,img/target_1.png
34,2,777,modular,3,p,img/target_10.png
34,2,778,modular,2,q,img/target_1.png
34,2,779,modular,1,w,img/target_2.png
34,2,780,modular,2,q,img/target_1.png
34,2,781,modular,0,u,img/target_7.png
34,2,782,modular,3,p,img/target_10.png
34,2,783,modular,0,u,img/target_7.png
34,2,784,modular,9,e,img/target_3.png
34,2,785,modular,6,r,img/target_4.png
34,2,786,modular,9,e,img/target_3.png
34,2,787,modular,6,r,img/target_4.png
34,2,788,modular,9,e,img/target_3.png
34,2,789,modular,0,u,img/target_7.png
34,2,790,modular,9,e,img/target_3.png
34,2,791,modular,6,r,img/target_4.png
34,2,792,modular,8,o,img/target_9.png
34,2,793,modular,5,b,img/target_6.png
34,2,794,modular,6,r,img/target_4.png
34,2,795,modular,8,o,img/target_9.png
34,2,796,modular,6,r,img/target_4.png
34,2,797,modular,7,i,img/target_8.png
34,2,798,modular,6,r,img/target_4.png
34,2,799,modular,5,b,img/target_6.png
34,2,800,modular,4,v,img/target_5.png
34,2,801,modular,3,p,img/target_10.png
34,2,802,modular,1,w,img/target_2.png
34,2,803,modular,2,q,img/target_1.png
34,2,804,modular,4,v,img/target_5.png
34,2,805,modular,3,p,img/target_10.png
34,2,806,modular,2,q,img/target_1.png
34,2,807,modular,4,v,img/target_5.png
34,2,808,modular,5,b,img/target_6.png
34,2,809,modular,6,r,img/target_4.png
34,2,810,modular,7,i,img/target_8.png
34,2,811,modular,5,b,img/target_6.png
34,2,812,modular,8,o,img/target_9.png
34,2,813,modular,7,i,img/target_8.png
34,2,814,modular,6,r,img/target_4.png
34,2,815,modular,8,o,img/target_9.png
34,2,816,modular,5,b,img/target_6.png
34,2,817,modular,6,r,img/target_4.png
34,2,818,modular,7,i,img/target_8.png
34,2,819,modular,6,r,img/target_4.png
34,2,820,modular,8,o,img/target_9.png
34,2,821,modular,6,r,img/target_4.png
34,2,822,modular,9,e,img/target_3.png
34,2,823,modular,7,i,img/target_8.png
34,2,824,modular,6,r,img/target_4.png
34,2,825,modular,5,b,img/target_6.png
34,2,826,modular,8,o,img/target_9.png
34,2,827,modular,9,e,img/target_3.png
34,2,828,modular,8,o,img/target_9.png
34,2,829,modular,6,r,img/target_4.png
34,2,830,modular,7,i,img/target_8.png
34,2,831,modular,6,r,img/target_4.png
34,2,832,modular,8,o,img/target_9.png
34,2,833,modular,6,r,img/target_4.png
34,2,834,modular,9,e,img/target_3.png
34,2,835,modular,0,u,img/target_7.png
34,2,836,modular,9,e,img/target_3.png
34,2,837,modular,8,o,img/target_9.png
34,2,838,modular,9,e,img/target_3.png
34,2,839,modular,8,o,img/target_9.png
34,2,840,modular,5,b,img/target_6.png
34,2,841,modular,6,r,img/target_4.png
34,2,842,modular,7,i,img/target_8.png
34,2,843,modular,8,o,img/target_9.png
34,2,844,modular,6,r,img/target_4.png
34,2,845,modular,5,b,img/target_6.png
34,2,846,modular,6,r,img/target_4.png
34,2,847,modular,9,e,img/target_3.png
34,2,848,modular,6,r,img/target_4.png
34,2,849,modular,7,i,img/target_8.png
34,2,850,modular,8,o,img/target_9.png
34,2,851,modular,5,b,img/target_6.png
34,2,852,modular,4,v,img/target_5.png
34,2,853,modular,3,p,img/target_10.png
34,2,854,modular,4,v,img/target_5.png
34,2,855,modular,3,p,img/target_10.png
34,2,856,modular,0,u,img/target_7.png
34,2,857,modular,9,e,img/target_3.png
34,2,858,modular,8,o,img/target_9.png
34,2,859,modular,5,b,img/target_6.png
34,2,860,modular,4,v,img/target_5.png
34,2,861,modular,3,p,img/target_10.png
34,2,862,modular,1,w,img/target_2.png
34,2,863,modular,3,p,img/target_10.png
34,2,864,modular,2,q,img/target_1.png
34,2,865,modular,4,v,img/target_5.png
34,2,866,modular,5,b,img/target_6.png
34,2,867,modular,8,o,img/target_9.png
34,2,868,modular,6,r,img/target_4.png
34,2,869,modular,5,b,img/target_6.png
34,2,870,modular,8,o,img/target_9.png
34,2,871,modular,7,i,img/target_8.png
34,2,872,modular,5,b,img/target_6.png
34,2,873,modular,7,i,img/target_8.png
34,2,874,modular,8,o,img/target_9.png
34,2,875,modular,9,e,img/target_3.png
34,2,876,modular,6,r,img/target_4.png
34,2,877,modular,8,o,img/target_9.png
34,2,878,modular,5,b,img/target_6.png
34,2,879,modular,7,i,img/target_8.png
34,2,880,modular,5,b,img/target_6.png
34,2,881,modular,7,i,img/target_8.png
34,2,882,modular,9,e,img/target_3.png
34,2,883,modular,6,r,img/target_4.png
34,2,884,modular,7,i,img/target_8.png
34,2,885,modular,8,o,img/target_9.png
34,2,886,modular,9,e,img/target_3.png
34,2,887,modular,6,r,img/target_4.png
34,2,888,modular,5,b,img/target_6.png
34,2,889,modular,4,v,img/target_5.png
34,2,890,modular,3,p,img/target_10.png
34,2,891,modular,4,v,img/target_5.png
34,2,892,modular,2,q,img/target_1.png
34,2,893,modular,1,w,img/target_2.png
34,2,894,modular,4,v,img/target_5.png
34,2,895,modular,1,w,img/target_2.png
34,2,896,modular,0,u,img/target_7.png
34,2,897,modular,3,p,img/target_10.png
34,2,898,modular,2,q,img/target_1.png
34,2,899,modular,3,p,img/target_10.png
34,2,900,modular,4,v,img/target_5.png
34,2,901,modular,3,p,img/target_10.png
34,2,902,modular,1,w,img/target_2.png
34,2,903,modular,0,u,img/target_7.png
34,2,904,modular,2,q,img/target_1.png
34,2,905,modular,0,u,img/target_7.png
34,2,906,modular,3,p,img/target_10.png
34,2,907,modular,4,v,img/target_5.png
34,2,908,modular,1,w,img/target_2.png
34,2,909,modular,4,v,img/target_5.png
34,2,910,modular,2,q,img/target_1.png
34,2,911,modular,0,u,img/target_7.png
34,2,912,modular,2,q,img/target_1.png
34,2,913,modular,0,u,img/target_7.png
34,2,914,modular,3,p,img/target_10.png
34,2,915,modular,2,q,img/target_1.png
34,2,916,modular,4,v,img/target_5.png
34,2,917,modular,5,b,img/target_6.png
34,2,918,modular,6,r,img/target_4.png
34,2,919,modular,5,b,img/target_6.png
34,2,920,modular,4,v,img/target_5.png
34,2,921,modular,3,p,img/target_10.png
34,2,922,modular,4,v,img/target_5.png
34,2,923,modular,2,q,img/target_1.png
34,2,924,modular,4,v,img/target_5.png
34,2,925,modular,1,w,img/target_2.png
34,2,926,modular,3,p,img/target_10.png
34,2,927,modular,2,q,img/target_1.png
34,2,928,modular,3,p,img/target_10.png
34,2,929,modular,4,v,img/target_5.png
34,2,930,modular,3,p,img/target_10.png
34,2,931,modular,2,q,img/target_1.png
34,2,932,modular,1,w,img/target_2.png
34,2,933,modular,2,q,img/target_1.png
34,2,934,modular,1,w,img/target_2.png
34,2,935,modular,2,q,img/target_1.png
34,2,936,modular,0,u,img/target_7.png
34,2,937,modular,3,p,img/target_10.png
34,2,938,modular,2,q,img/target_1.png
34,2,939,modular,3,p,img/target_10.png
34,2,940,modular,0,u,img/target_7.png
34,2,941,modular,1,w,img/target_2.png
34,2,942,modular,3,p,img/target_10.png
34,2,943,modular,1,w,img/target_2.png
34,2,944,modular,2,q,img/target_1.png
34,2,945,modular,3,p,img/target_10.png
34,2,946,modular,0,u,img/target_7.png
34,2,947,modular,1,w,img/target_2.png
34,2,948,modular,3,p,img/target_10.png
34,2,949,modular,0,u,img/target_7.png
34,2,950,modular,3,p,img/target_10.png
34,2,951,modular,1,w,img/target_2.png
34,2,952,modular,2,q,img/target_1.png
34,2,953,modular,4,v,img/target_5.png
34,2,954,modular,3,p,img/target_10.png
34,2,955,modular,4,v,img/target_5.png
34,2,956,modular,2,q,img/target_1.png
34,2,957,modular,4,v,img/target_5.png
34,2,958,modular,1,w,img/target_2.png
34,2,959,modular,4,v,img/target_5.png
34,2,960,modular,1,w,img/target_2.png
34,2,961,modular,0,u,img/target_7.png
34,2,962,modular,2,q,img/target_1.png
34,2,963,modular,4,v,img/target_5.png
34,2,964,modular,1,w,img/target_2.png
34,2,965,modular,3,p,img/target_10.png
34,2,966,modular,4,v,img/target_5.png
34,2,967,modular,5,b,img/target_6.png
34,2,968,modular,7,i,img/target_8.png
34,2,969,modular,5,b,img/target_6.png
34,2,970,modular,8,o,img/target_9.png
34,2,971,modular,7,i,img/target_8.png
34,2,972,modular,6,r,img/target_4.png
34,2,973,modular,7,i,img/target_8.png
34,2,974,modular,9,e,img/target_3.png
34,2,975,modular,8,o,img/target_9.png
34,2,976,modular,7,i,img/target_8.png
34,2,977,modular,9,e,img/target_3.png
34,2,978,modular,7,i,img/target_8.png
34,2,979,modular,6,r,img/target_4.png
34,2,980,modular,5,b,img/target_6.png
34,2,981,modular,6,r,img/target_4.png
34,2,982,modular,5,b,img/target_6.png
34,2,983,modular,4,v,img/target_5.png
34,2,984,modular,3,p,img/target_10.png
34,2,985,modular,1,w,img/target_2.png
34,2,986,modular,3,p,img/target_10.png
34,2,987,modular,0,u,img/target_7.png
34,2,988,modular,3,p,img/target_10.png
34,2,989,modular,4,v,img/target_5.png
34,2,990,modular,5,b,img/target_6.png
34,2,991,modular,6,r,img/target_4.png
34,2,992,modular,5,b,img/target_6.png
34,2,993,modular,4,v,img/target_5.png
34,2,994,modular,1,w,img/target_2.png
34,2,995,modular,3,p,img/target_10.png
34,2,996,modular,0,u,img/target_7.png
34,2,997,modular,9,e,img/target_3.png
34,2,998,modular,8,o,img/target_9.png
34,2,999,modular,9,e,img/target_3.png
34,2,1000,modular,0,u,img/target_7.png
