pID,trialNum,graph,walk,resp,path
45,1,lattice,1,u,img/target_7.png
45,2,lattice,9,b,img/target_6.png
45,3,lattice,0,q,img/target_1.png
45,4,lattice,8,w,img/target_2.png
45,5,lattice,6,r,img/target_4.png
45,6,lattice,7,v,img/target_5.png
45,7,lattice,9,b,img/target_6.png
45,8,lattice,1,u,img/target_7.png
45,9,lattice,3,e,img/target_3.png
45,10,lattice,4,o,img/target_9.png
45,11,lattice,5,i,img/target_8.png
45,12,lattice,6,r,img/target_4.png
45,13,lattice,8,w,img/target_2.png
45,14,lattice,6,r,img/target_4.png
45,15,lattice,5,i,img/target_8.png
45,16,lattice,6,r,img/target_4.png
45,17,lattice,4,o,img/target_9.png
45,18,lattice,3,e,img/target_3.png
45,19,lattice,4,o,img/target_9.png
45,20,lattice,5,i,img/target_8.png
45,21,lattice,6,r,img/target_4.png
45,22,lattice,5,i,img/target_8.png
45,23,lattice,6,r,img/target_4.png
45,24,lattice,4,o,img/target_9.png
45,25,lattice,3,e,img/target_3.png
45,26,lattice,5,i,img/target_8.png
45,27,lattice,7,v,img/target_5.png
45,28,lattice,6,r,img/target_4.png
45,29,lattice,5,i,img/target_8.png
45,30,lattice,6,r,img/target_4.png
45,31,lattice,4,o,img/target_9.png
45,32,lattice,3,e,img/target_3.png
45,33,lattice,2,p,img/target_10.png
45,34,lattice,4,o,img/target_9.png
45,35,lattice,6,r,img/target_4.png
45,36,lattice,5,i,img/target_8.png
45,37,lattice,6,r,img/target_4.png
45,38,lattice,5,i,img/target_8.png
45,39,lattice,6,r,img/target_4.png
45,40,lattice,8,w,img/target_2.png
45,41,lattice,7,v,img/target_5.png
45,42,lattice,6,r,img/target_4.png
45,43,lattice,8,w,img/target_2.png
45,44,lattice,7,v,img/target_5.png
45,45,lattice,9,b,img/target_6.png
45,46,lattice,0,q,img/target_1.png
45,47,lattice,1,u,img/target_7.png
45,48,lattice,2,p,img/target_10.png
45,49,lattice,4,o,img/target_9.png
45,50,lattice,3,e,img/target_3.png
45,51,lattice,1,u,img/target_7.png
45,52,lattice,9,b,img/target_6.png
45,53,lattice,8,w,img/target_2.png
45,54,lattice,0,q,img/target_1.png
45,55,lattice,2,p,img/target_10.png
45,56,lattice,3,e,img/target_3.png
45,57,lattice,4,o,img/target_9.png
45,58,lattice,2,p,img/target_10.png
45,59,lattice,0,q,img/target_1.png
45,60,lattice,8,w,img/target_2.png
45,61,lattice,0,q,img/target_1.png
45,62,lattice,1,u,img/target_7.png
45,63,lattice,0,q,img/target_1.png
45,64,lattice,1,u,img/target_7.png
45,65,lattice,0,q,img/target_1.png
45,66,lattice,2,p,img/target_10.png
45,67,lattice,0,q,img/target_1.png
45,68,lattice,2,p,img/target_10.png
45,69,lattice,3,e,img/target_3.png
45,70,lattice,1,u,img/target_7.png
45,71,lattice,3,e,img/target_3.png
45,72,lattice,1,u,img/target_7.png
45,73,lattice,3,e,img/target_3.png
45,74,lattice,4,o,img/target_9.png
45,75,lattice,6,r,img/target_4.png
45,76,lattice,8,w,img/target_2.png
45,77,lattice,6,r,img/target_4.png
45,78,lattice,8,w,img/target_2.png
45,79,lattice,6,r,img/target_4.png
45,80,lattice,5,i,img/target_8.png
45,81,lattice,3,e,img/target_3.png
45,82,lattice,5,i,img/target_8.png
45,83,lattice,3,e,img/target_3.png
45,84,lattice,4,o,img/target_9.png
45,85,lattice,5,i,img/target_8.png
45,86,lattice,4,o,img/target_9.png
45,87,lattice,3,e,img/target_3.png
45,88,lattice,2,p,img/target_10.png
45,89,lattice,0,q,img/target_1.png
45,90,lattice,9,b,img/target_6.png
45,91,lattice,0,q,img/target_1.png
45,92,lattice,1,u,img/target_7.png
45,93,lattice,9,b,img/target_6.png
45,94,lattice,8,w,img/target_2.png
45,95,lattice,9,b,img/target_6.png
45,96,lattice,1,u,img/target_7.png
45,97,lattice,3,e,img/target_3.png
45,98,lattice,2,p,img/target_10.png
45,99,lattice,4,o,img/target_9.png
45,100,lattice,3,e,img/target_3.png
45,101,lattice,4,o,img/target_9.png
45,102,lattice,6,r,img/target_4.png
45,103,lattice,5,i,img/target_8.png
45,104,lattice,7,v,img/target_5.png
45,105,lattice,5,i,img/target_8.png
45,106,lattice,7,v,img/target_5.png
45,107,lattice,5,i,img/target_8.png
45,108,lattice,3,e,img/target_3.png
45,109,lattice,5,i,img/target_8.png
45,110,lattice,4,o,img/target_9.png
45,111,lattice,2,p,img/target_10.png
45,112,lattice,4,o,img/target_9.png
45,113,lattice,2,p,img/target_10.png
45,114,lattice,1,u,img/target_7.png
45,115,lattice,0,q,img/target_1.png
45,116,lattice,9,b,img/target_6.png
45,117,lattice,0,q,img/target_1.png
45,118,lattice,2,p,img/target_10.png
45,119,lattice,4,o,img/target_9.png
45,120,lattice,2,p,img/target_10.png
45,121,lattice,3,e,img/target_3.png
45,122,lattice,5,i,img/target_8.png
45,123,lattice,6,r,img/target_4.png
45,124,lattice,5,i,img/target_8.png
45,125,lattice,6,r,img/target_4.png
45,126,lattice,8,w,img/target_2.png
45,127,lattice,7,v,img/target_5.png
45,128,lattice,8,w,img/target_2.png
45,129,lattice,9,b,img/target_6.png
45,130,lattice,8,w,img/target_2.png
45,131,lattice,0,q,img/target_1.png
45,132,lattice,9,b,img/target_6.png
45,133,lattice,8,w,img/target_2.png
45,134,lattice,7,v,img/target_5.png
45,135,lattice,6,r,img/target_4.png
45,136,lattice,7,v,img/target_5.png
45,137,lattice,8,w,img/target_2.png
45,138,lattice,9,b,img/target_6.png
45,139,lattice,1,u,img/target_7.png
45,140,lattice,9,b,img/target_6.png
45,141,lattice,0,q,img/target_1.png
45,142,lattice,2,p,img/target_10.png
45,143,lattice,4,o,img/target_9.png
45,144,lattice,3,e,img/target_3.png
45,145,lattice,1,u,img/target_7.png
45,146,lattice,2,p,img/target_10.png
45,147,lattice,0,q,img/target_1.png
45,148,lattice,8,w,img/target_2.png
45,149,lattice,6,r,img/target_4.png
45,150,lattice,7,v,img/target_5.png
45,151,lattice,5,i,img/target_8.png
45,152,lattice,3,e,img/target_3.png
45,153,lattice,1,u,img/target_7.png
45,154,lattice,3,e,img/target_3.png
45,155,lattice,5,i,img/target_8.png
45,156,lattice,6,r,img/target_4.png
45,157,lattice,4,o,img/target_9.png
45,158,lattice,6,r,img/target_4.png
45,159,lattice,7,v,img/target_5.png
45,160,lattice,6,r,img/target_4.png
45,161,lattice,5,i,img/target_8.png
45,162,lattice,7,v,img/target_5.png
45,163,lattice,9,b,img/target_6.png
45,164,lattice,8,w,img/target_2.png
45,165,lattice,0,q,img/target_1.png
45,166,lattice,2,p,img/target_10.png
45,167,lattice,1,u,img/target_7.png
45,168,lattice,2,p,img/target_10.png
45,169,lattice,1,u,img/target_7.png
45,170,lattice,2,p,img/target_10.png
45,171,lattice,3,e,img/target_3.png
45,172,lattice,5,i,img/target_8.png
45,173,lattice,7,v,img/target_5.png
45,174,lattice,9,b,img/target_6.png
45,175,lattice,0,q,img/target_1.png
45,176,lattice,8,w,img/target_2.png
45,177,lattice,0,q,img/target_1.png
45,178,lattice,8,w,img/target_2.png
45,179,lattice,0,q,img/target_1.png
45,180,lattice,8,w,img/target_2.png
45,181,lattice,7,v,img/target_5.png
45,182,lattice,9,b,img/target_6.png
45,183,lattice,0,q,img/target_1.png
45,184,lattice,8,w,img/target_2.png
45,185,lattice,7,v,img/target_5.png
45,186,lattice,6,r,img/target_4.png
45,187,lattice,8,w,img/target_2.png
45,188,lattice,9,b,img/target_6.png
45,189,lattice,1,u,img/target_7.png
45,190,lattice,9,b,img/target_6.png
45,191,lattice,0,q,img/target_1.png
45,192,lattice,8,w,img/target_2.png
45,193,lattice,9,b,img/target_6.png
45,194,lattice,8,w,img/target_2.png
45,195,lattice,0,q,img/target_1.png
45,196,lattice,2,p,img/target_10.png
45,197,lattice,4,o,img/target_9.png
45,198,lattice,2,p,img/target_10.png
45,199,lattice,3,e,img/target_3.png
45,200,lattice,4,o,img/target_9.png
45,201,lattice,2,p,img/target_10.png
45,202,lattice,4,o,img/target_9.png
45,203,lattice,2,p,img/target_10.png
45,204,lattice,1,u,img/target_7.png
45,205,lattice,0,q,img/target_1.png
45,206,lattice,2,p,img/target_10.png
45,207,lattice,0,q,img/target_1.png
45,208,lattice,9,b,img/target_6.png
45,209,lattice,8,w,img/target_2.png
45,210,lattice,6,r,img/target_4.png
45,211,lattice,8,w,img/target_2.png
45,212,lattice,0,q,img/target_1.png
45,213,lattice,8,w,img/target_2.png
45,214,lattice,7,v,img/target_5.png
45,215,lattice,9,b,img/target_6.png
45,216,lattice,1,u,img/target_7.png
45,217,lattice,3,e,img/target_3.png
45,218,lattice,5,i,img/target_8.png
45,219,lattice,7,v,img/target_5.png
45,220,lattice,8,w,img/target_2.png
45,221,lattice,0,q,img/target_1.png
45,222,lattice,1,u,img/target_7.png
45,223,lattice,9,b,img/target_6.png
45,224,lattice,1,u,img/target_7.png
45,225,lattice,9,b,img/target_6.png
45,226,lattice,8,w,img/target_2.png
45,227,lattice,0,q,img/target_1.png
45,228,lattice,9,b,img/target_6.png
45,229,lattice,8,w,img/target_2.png
45,230,lattice,6,r,img/target_4.png
45,231,lattice,5,i,img/target_8.png
45,232,lattice,6,r,img/target_4.png
45,233,lattice,4,o,img/target_9.png
45,234,lattice,5,i,img/target_8.png
45,235,lattice,7,v,img/target_5.png
45,236,lattice,6,r,img/target_4.png
45,237,lattice,8,w,img/target_2.png
45,238,lattice,6,r,img/target_4.png
45,239,lattice,5,i,img/target_8.png
45,240,lattice,6,r,img/target_4.png
45,241,lattice,5,i,img/target_8.png
45,242,lattice,3,e,img/target_3.png
45,243,lattice,4,o,img/target_9.png
45,244,lattice,5,i,img/target_8.png
45,245,lattice,3,e,img/target_3.png
45,246,lattice,4,o,img/target_9.png
45,247,lattice,2,p,img/target_10.png
45,248,lattice,3,e,img/target_3.png
45,249,lattice,5,i,img/target_8.png
45,250,lattice,3,e,img/target_3.png
45,251,lattice,1,u,img/target_7.png
45,252,lattice,2,p,img/target_10.png
45,253,lattice,0,q,img/target_1.png
45,254,lattice,1,u,img/target_7.png
45,255,lattice,0,q,img/target_1.png
45,256,lattice,2,p,img/target_10.png
45,257,lattice,4,o,img/target_9.png
45,258,lattice,2,p,img/target_10.png
45,259,lattice,0,q,img/target_1.png
45,260,lattice,1,u,img/target_7.png
45,261,lattice,2,p,img/target_10.png
45,262,lattice,3,e,img/target_3.png
45,263,lattice,4,o,img/target_9.png
45,264,lattice,2,p,img/target_10.png
45,265,lattice,3,e,img/target_3.png
45,266,lattice,4,o,img/target_9.png
45,267,lattice,5,i,img/target_8.png
45,268,lattice,6,r,img/target_4.png
45,269,lattice,5,i,img/target_8.png
45,270,lattice,3,e,img/target_3.png
45,271,lattice,4,o,img/target_9.png
45,272,lattice,2,p,img/target_10.png
45,273,lattice,0,q,img/target_1.png
45,274,lattice,9,b,img/target_6.png
45,275,lattice,0,q,img/target_1.png
45,276,lattice,9,b,img/target_6.png
45,277,lattice,0,q,img/target_1.png
45,278,lattice,1,u,img/target_7.png
45,279,lattice,9,b,img/target_6.png
45,280,lattice,7,v,img/target_5.png
45,281,lattice,9,b,img/target_6.png
45,282,lattice,8,w,img/target_2.png
45,283,lattice,9,b,img/target_6.png
45,284,lattice,8,w,img/target_2.png
45,285,lattice,0,q,img/target_1.png
45,286,lattice,2,p,img/target_10.png
45,287,lattice,4,o,img/target_9.png
45,288,lattice,5,i,img/target_8.png
45,289,lattice,7,v,img/target_5.png
45,290,lattice,9,b,img/target_6.png
45,291,lattice,8,w,img/target_2.png
45,292,lattice,7,v,img/target_5.png
45,293,lattice,8,w,img/target_2.png
45,294,lattice,7,v,img/target_5.png
45,295,lattice,8,w,img/target_2.png
45,296,lattice,0,q,img/target_1.png
45,297,lattice,8,w,img/target_2.png
45,298,lattice,9,b,img/target_6.png
45,299,lattice,1,u,img/target_7.png
45,300,lattice,2,p,img/target_10.png
45,301,lattice,0,q,img/target_1.png
45,302,lattice,9,b,img/target_6.png
45,303,lattice,7,v,img/target_5.png
45,304,lattice,8,w,img/target_2.png
45,305,lattice,9,b,img/target_6.png
45,306,lattice,1,u,img/target_7.png
45,307,lattice,0,q,img/target_1.png
45,308,lattice,1,u,img/target_7.png
45,309,lattice,3,e,img/target_3.png
45,310,lattice,1,u,img/target_7.png
45,311,lattice,2,p,img/target_10.png
45,312,lattice,4,o,img/target_9.png
45,313,lattice,2,p,img/target_10.png
45,314,lattice,3,e,img/target_3.png
45,315,lattice,1,u,img/target_7.png
45,316,lattice,0,q,img/target_1.png
45,317,lattice,1,u,img/target_7.png
45,318,lattice,9,b,img/target_6.png
45,319,lattice,8,w,img/target_2.png
45,320,lattice,7,v,img/target_5.png
45,321,lattice,5,i,img/target_8.png
45,322,lattice,7,v,img/target_5.png
45,323,lattice,8,w,img/target_2.png
45,324,lattice,9,b,img/target_6.png
45,325,lattice,7,v,img/target_5.png
45,326,lattice,5,i,img/target_8.png
45,327,lattice,6,r,img/target_4.png
45,328,lattice,5,i,img/target_8.png
45,329,lattice,4,o,img/target_9.png
45,330,lattice,2,p,img/target_10.png
45,331,lattice,3,e,img/target_3.png
45,332,lattice,5,i,img/target_8.png
45,333,lattice,4,o,img/target_9.png
45,334,lattice,2,p,img/target_10.png
45,335,lattice,3,e,img/target_3.png
45,336,lattice,2,p,img/target_10.png
45,337,lattice,3,e,img/target_3.png
45,338,lattice,5,i,img/target_8.png
45,339,lattice,4,o,img/target_9.png
45,340,lattice,6,r,img/target_4.png
45,341,lattice,7,v,img/target_5.png
45,342,lattice,6,r,img/target_4.png
45,343,lattice,7,v,img/target_5.png
45,344,lattice,6,r,img/target_4.png
45,345,lattice,4,o,img/target_9.png
45,346,lattice,3,e,img/target_3.png
45,347,lattice,4,o,img/target_9.png
45,348,lattice,3,e,img/target_3.png
45,349,lattice,1,u,img/target_7.png
45,350,lattice,0,q,img/target_1.png
45,351,lattice,1,u,img/target_7.png
45,352,lattice,3,e,img/target_3.png
45,353,lattice,5,i,img/target_8.png
45,354,lattice,7,v,img/target_5.png
45,355,lattice,6,r,img/target_4.png
45,356,lattice,4,o,img/target_9.png
45,357,lattice,6,r,img/target_4.png
45,358,lattice,5,i,img/target_8.png
45,359,lattice,6,r,img/target_4.png
45,360,lattice,8,w,img/target_2.png
45,361,lattice,9,b,img/target_6.png
45,362,lattice,8,w,img/target_2.png
45,363,lattice,9,b,img/target_6.png
45,364,lattice,7,v,img/target_5.png
45,365,lattice,5,i,img/target_8.png
45,366,lattice,3,e,img/target_3.png
45,367,lattice,1,u,img/target_7.png
45,368,lattice,2,p,img/target_10.png
45,369,lattice,4,o,img/target_9.png
45,370,lattice,6,r,img/target_4.png
45,371,lattice,5,i,img/target_8.png
45,372,lattice,6,r,img/target_4.png
45,373,lattice,5,i,img/target_8.png
45,374,lattice,3,e,img/target_3.png
45,375,lattice,2,p,img/target_10.png
45,376,lattice,3,e,img/target_3.png
45,377,lattice,1,u,img/target_7.png
45,378,lattice,9,b,img/target_6.png
45,379,lattice,0,q,img/target_1.png
45,380,lattice,1,u,img/target_7.png
45,381,lattice,3,e,img/target_3.png
45,382,lattice,2,p,img/target_10.png
45,383,lattice,4,o,img/target_9.png
45,384,lattice,2,p,img/target_10.png
45,385,lattice,4,o,img/target_9.png
45,386,lattice,3,e,img/target_3.png
45,387,lattice,1,u,img/target_7.png
45,388,lattice,3,e,img/target_3.png
45,389,lattice,1,u,img/target_7.png
45,390,lattice,0,q,img/target_1.png
45,391,lattice,8,w,img/target_2.png
45,392,lattice,0,q,img/target_1.png
45,393,lattice,2,p,img/target_10.png
45,394,lattice,0,q,img/target_1.png
45,395,lattice,1,u,img/target_7.png
45,396,lattice,9,b,img/target_6.png
45,397,lattice,1,u,img/target_7.png
45,398,lattice,9,b,img/target_6.png
45,399,lattice,8,w,img/target_2.png
45,400,lattice,7,v,img/target_5.png
45,401,lattice,6,r,img/target_4.png
45,402,lattice,5,i,img/target_8.png
45,403,lattice,3,e,img/target_3.png
45,404,lattice,2,p,img/target_10.png
45,405,lattice,1,u,img/target_7.png
45,406,lattice,3,e,img/target_3.png
45,407,lattice,4,o,img/target_9.png
45,408,lattice,5,i,img/target_8.png
45,409,lattice,7,v,img/target_5.png
45,410,lattice,8,w,img/target_2.png
45,411,lattice,6,r,img/target_4.png
45,412,lattice,8,w,img/target_2.png
45,413,lattice,0,q,img/target_1.png
45,414,lattice,8,w,img/target_2.png
45,415,lattice,7,v,img/target_5.png
45,416,lattice,6,r,img/target_4.png
45,417,lattice,7,v,img/target_5.png
45,418,lattice,6,r,img/target_4.png
45,419,lattice,5,i,img/target_8.png
45,420,lattice,7,v,img/target_5.png
45,421,lattice,8,w,img/target_2.png
45,422,lattice,9,b,img/target_6.png
45,423,lattice,1,u,img/target_7.png
45,424,lattice,0,q,img/target_1.png
45,425,lattice,1,u,img/target_7.png
45,426,lattice,0,q,img/target_1.png
45,427,lattice,2,p,img/target_10.png
45,428,lattice,4,o,img/target_9.png
45,429,lattice,2,p,img/target_10.png
45,430,lattice,4,o,img/target_9.png
45,431,lattice,6,r,img/target_4.png
45,432,lattice,7,v,img/target_5.png
45,433,lattice,8,w,img/target_2.png
45,434,lattice,6,r,img/target_4.png
45,435,lattice,8,w,img/target_2.png
45,436,lattice,9,b,img/target_6.png
45,437,lattice,8,w,img/target_2.png
45,438,lattice,0,q,img/target_1.png
45,439,lattice,2,p,img/target_10.png
45,440,lattice,0,q,img/target_1.png
45,441,lattice,1,u,img/target_7.png
45,442,lattice,0,q,img/target_1.png
45,443,lattice,2,p,img/target_10.png
45,444,lattice,3,e,img/target_3.png
45,445,lattice,5,i,img/target_8.png
45,446,lattice,4,o,img/target_9.png
45,447,lattice,3,e,img/target_3.png
45,448,lattice,1,u,img/target_7.png
45,449,lattice,0,q,img/target_1.png
45,450,lattice,1,u,img/target_7.png
45,451,lattice,0,q,img/target_1.png
45,452,lattice,8,w,img/target_2.png
45,453,lattice,9,b,img/target_6.png
45,454,lattice,7,v,img/target_5.png
45,455,lattice,5,i,img/target_8.png
45,456,lattice,6,r,img/target_4.png
45,457,lattice,5,i,img/target_8.png
45,458,lattice,7,v,img/target_5.png
45,459,lattice,6,r,img/target_4.png
45,460,lattice,7,v,img/target_5.png
45,461,lattice,8,w,img/target_2.png
45,462,lattice,6,r,img/target_4.png
45,463,lattice,7,v,img/target_5.png
45,464,lattice,6,r,img/target_4.png
45,465,lattice,4,o,img/target_9.png
45,466,lattice,5,i,img/target_8.png
45,467,lattice,6,r,img/target_4.png
45,468,lattice,7,v,img/target_5.png
45,469,lattice,8,w,img/target_2.png
45,470,lattice,7,v,img/target_5.png
45,471,lattice,5,i,img/target_8.png
45,472,lattice,6,r,img/target_4.png
45,473,lattice,5,i,img/target_8.png
45,474,lattice,6,r,img/target_4.png
45,475,lattice,7,v,img/target_5.png
45,476,lattice,8,w,img/target_2.png
45,477,lattice,0,q,img/target_1.png
45,478,lattice,8,w,img/target_2.png
45,479,lattice,6,r,img/target_4.png
45,480,lattice,4,o,img/target_9.png
45,481,lattice,6,r,img/target_4.png
45,482,lattice,4,o,img/target_9.png
45,483,lattice,2,p,img/target_10.png
45,484,lattice,0,q,img/target_1.png
45,485,lattice,8,w,img/target_2.png
45,486,lattice,0,q,img/target_1.png
45,487,lattice,9,b,img/target_6.png
45,488,lattice,7,v,img/target_5.png
45,489,lattice,5,i,img/target_8.png
45,490,lattice,7,v,img/target_5.png
45,491,lattice,5,i,img/target_8.png
45,492,lattice,4,o,img/target_9.png
45,493,lattice,6,r,img/target_4.png
45,494,lattice,7,v,img/target_5.png
45,495,lattice,5,i,img/target_8.png
45,496,lattice,7,v,img/target_5.png
45,497,lattice,6,r,img/target_4.png
45,498,lattice,5,i,img/target_8.png
45,499,lattice,6,r,img/target_4.png
45,500,lattice,5,i,img/target_8.png
45,501,lattice,4,o,img/target_9.png
45,502,lattice,2,p,img/target_10.png
45,503,lattice,1,u,img/target_7.png
45,504,lattice,3,e,img/target_3.png
45,505,lattice,1,u,img/target_7.png
45,506,lattice,3,e,img/target_3.png
45,507,lattice,4,o,img/target_9.png
45,508,lattice,3,e,img/target_3.png
45,509,lattice,2,p,img/target_10.png
45,510,lattice,0,q,img/target_1.png
45,511,lattice,9,b,img/target_6.png
45,512,lattice,7,v,img/target_5.png
45,513,lattice,6,r,img/target_4.png
45,514,lattice,5,i,img/target_8.png
45,515,lattice,3,e,img/target_3.png
45,516,lattice,4,o,img/target_9.png
45,517,lattice,6,r,img/target_4.png
45,518,lattice,4,o,img/target_9.png
45,519,lattice,2,p,img/target_10.png
45,520,lattice,4,o,img/target_9.png
45,521,lattice,3,e,img/target_3.png
45,522,lattice,4,o,img/target_9.png
45,523,lattice,3,e,img/target_3.png
45,524,lattice,4,o,img/target_9.png
45,525,lattice,2,p,img/target_10.png
45,526,lattice,0,q,img/target_1.png
45,527,lattice,2,p,img/target_10.png
45,528,lattice,4,o,img/target_9.png
45,529,lattice,5,i,img/target_8.png
45,530,lattice,7,v,img/target_5.png
45,531,lattice,8,w,img/target_2.png
45,532,lattice,9,b,img/target_6.png
45,533,lattice,8,w,img/target_2.png
45,534,lattice,6,r,img/target_4.png
45,535,lattice,8,w,img/target_2.png
45,536,lattice,0,q,img/target_1.png
45,537,lattice,2,p,img/target_10.png
45,538,lattice,0,q,img/target_1.png
45,539,lattice,2,p,img/target_10.png
45,540,lattice,4,o,img/target_9.png
45,541,lattice,6,r,img/target_4.png
45,542,lattice,5,i,img/target_8.png
45,543,lattice,4,o,img/target_9.png
45,544,lattice,6,r,img/target_4.png
45,545,lattice,7,v,img/target_5.png
45,546,lattice,5,i,img/target_8.png
45,547,lattice,4,o,img/target_9.png
45,548,lattice,2,p,img/target_10.png
45,549,lattice,0,q,img/target_1.png
45,550,lattice,8,w,img/target_2.png
45,551,lattice,7,v,img/target_5.png
45,552,lattice,5,i,img/target_8.png
45,553,lattice,3,e,img/target_3.png
45,554,lattice,1,u,img/target_7.png
45,555,lattice,2,p,img/target_10.png
45,556,lattice,0,q,img/target_1.png
45,557,lattice,2,p,img/target_10.png
45,558,lattice,3,e,img/target_3.png
45,559,lattice,4,o,img/target_9.png
45,560,lattice,2,p,img/target_10.png
45,561,lattice,1,u,img/target_7.png
45,562,lattice,0,q,img/target_1.png
45,563,lattice,2,p,img/target_10.png
45,564,lattice,4,o,img/target_9.png
45,565,lattice,2,p,img/target_10.png
45,566,lattice,3,e,img/target_3.png
45,567,lattice,4,o,img/target_9.png
45,568,lattice,2,p,img/target_10.png
45,569,lattice,1,u,img/target_7.png
45,570,lattice,3,e,img/target_3.png
45,571,lattice,2,p,img/target_10.png
45,572,lattice,0,q,img/target_1.png
45,573,lattice,9,b,img/target_6.png
45,574,lattice,0,q,img/target_1.png
45,575,lattice,9,b,img/target_6.png
45,576,lattice,8,w,img/target_2.png
45,577,lattice,6,r,img/target_4.png
45,578,lattice,5,i,img/target_8.png
45,579,lattice,7,v,img/target_5.png
45,580,lattice,6,r,img/target_4.png
45,581,lattice,5,i,img/target_8.png
45,582,lattice,3,e,img/target_3.png
45,583,lattice,4,o,img/target_9.png
45,584,lattice,6,r,img/target_4.png
45,585,lattice,8,w,img/target_2.png
45,586,lattice,0,q,img/target_1.png
45,587,lattice,1,u,img/target_7.png
45,588,lattice,9,b,img/target_6.png
45,589,lattice,1,u,img/target_7.png
45,590,lattice,2,p,img/target_10.png
45,591,lattice,0,q,img/target_1.png
45,592,lattice,1,u,img/target_7.png
45,593,lattice,2,p,img/target_10.png
45,594,lattice,3,e,img/target_3.png
45,595,lattice,4,o,img/target_9.png
45,596,lattice,5,i,img/target_8.png
45,597,lattice,3,e,img/target_3.png
45,598,lattice,4,o,img/target_9.png
45,599,lattice,3,e,img/target_3.png
45,600,lattice,1,u,img/target_7.png
45,601,lattice,9,b,img/target_6.png
45,602,lattice,0,q,img/target_1.png
45,603,lattice,9,b,img/target_6.png
45,604,lattice,0,q,img/target_1.png
45,605,lattice,1,u,img/target_7.png
45,606,lattice,9,b,img/target_6.png
45,607,lattice,7,v,img/target_5.png
45,608,lattice,9,b,img/target_6.png
45,609,lattice,0,q,img/target_1.png
45,610,lattice,2,p,img/target_10.png
45,611,lattice,3,e,img/target_3.png
45,612,lattice,4,o,img/target_9.png
45,613,lattice,3,e,img/target_3.png
45,614,lattice,1,u,img/target_7.png
45,615,lattice,3,e,img/target_3.png
45,616,lattice,2,p,img/target_10.png
45,617,lattice,1,u,img/target_7.png
45,618,lattice,9,b,img/target_6.png
45,619,lattice,7,v,img/target_5.png
45,620,lattice,9,b,img/target_6.png
45,621,lattice,8,w,img/target_2.png
45,622,lattice,7,v,img/target_5.png
45,623,lattice,8,w,img/target_2.png
45,624,lattice,7,v,img/target_5.png
45,625,lattice,8,w,img/target_2.png
45,626,lattice,9,b,img/target_6.png
45,627,lattice,1,u,img/target_7.png
45,628,lattice,9,b,img/target_6.png
45,629,lattice,8,w,img/target_2.png
45,630,lattice,6,r,img/target_4.png
45,631,lattice,8,w,img/target_2.png
45,632,lattice,7,v,img/target_5.png
45,633,lattice,9,b,img/target_6.png
45,634,lattice,8,w,img/target_2.png
45,635,lattice,9,b,img/target_6.png
45,636,lattice,7,v,img/target_5.png
45,637,lattice,8,w,img/target_2.png
45,638,lattice,0,q,img/target_1.png
45,639,lattice,2,p,img/target_10.png
45,640,lattice,0,q,img/target_1.png
45,641,lattice,9,b,img/target_6.png
45,642,lattice,8,w,img/target_2.png
45,643,lattice,6,r,img/target_4.png
45,644,lattice,8,w,img/target_2.png
45,645,lattice,0,q,img/target_1.png
45,646,lattice,8,w,img/target_2.png
45,647,lattice,6,r,img/target_4.png
45,648,lattice,7,v,img/target_5.png
45,649,lattice,9,b,img/target_6.png
45,650,lattice,7,v,img/target_5.png
45,651,lattice,6,r,img/target_4.png
45,652,lattice,8,w,img/target_2.png
45,653,lattice,0,q,img/target_1.png
45,654,lattice,2,p,img/target_10.png
45,655,lattice,4,o,img/target_9.png
45,656,lattice,6,r,img/target_4.png
45,657,lattice,7,v,img/target_5.png
45,658,lattice,6,r,img/target_4.png
45,659,lattice,8,w,img/target_2.png
45,660,lattice,0,q,img/target_1.png
45,661,lattice,9,b,img/target_6.png
45,662,lattice,1,u,img/target_7.png
45,663,lattice,9,b,img/target_6.png
45,664,lattice,7,v,img/target_5.png
45,665,lattice,5,i,img/target_8.png
45,666,lattice,6,r,img/target_4.png
45,667,lattice,5,i,img/target_8.png
45,668,lattice,4,o,img/target_9.png
45,669,lattice,3,e,img/target_3.png
45,670,lattice,5,i,img/target_8.png
45,671,lattice,7,v,img/target_5.png
45,672,lattice,5,i,img/target_8.png
45,673,lattice,3,e,img/target_3.png
45,674,lattice,4,o,img/target_9.png
45,675,lattice,6,r,img/target_4.png
45,676,lattice,8,w,img/target_2.png
45,677,lattice,6,r,img/target_4.png
45,678,lattice,4,o,img/target_9.png
45,679,lattice,2,p,img/target_10.png
45,680,lattice,4,o,img/target_9.png
45,681,lattice,6,r,img/target_4.png
45,682,lattice,7,v,img/target_5.png
45,683,lattice,8,w,img/target_2.png
45,684,lattice,7,v,img/target_5.png
45,685,lattice,8,w,img/target_2.png
45,686,lattice,9,b,img/target_6.png
45,687,lattice,1,u,img/target_7.png
45,688,lattice,3,e,img/target_3.png
45,689,lattice,5,i,img/target_8.png
45,690,lattice,4,o,img/target_9.png
45,691,lattice,3,e,img/target_3.png
45,692,lattice,1,u,img/target_7.png
45,693,lattice,2,p,img/target_10.png
45,694,lattice,1,u,img/target_7.png
45,695,lattice,3,e,img/target_3.png
45,696,lattice,1,u,img/target_7.png
45,697,lattice,2,p,img/target_10.png
45,698,lattice,0,q,img/target_1.png
45,699,lattice,1,u,img/target_7.png
45,700,lattice,2,p,img/target_10.png
45,701,lattice,1,u,img/target_7.png
45,702,lattice,2,p,img/target_10.png
45,703,lattice,3,e,img/target_3.png
45,704,lattice,1,u,img/target_7.png
45,705,lattice,9,b,img/target_6.png
45,706,lattice,1,u,img/target_7.png
45,707,lattice,3,e,img/target_3.png
45,708,lattice,1,u,img/target_7.png
45,709,lattice,2,p,img/target_10.png
45,710,lattice,1,u,img/target_7.png
45,711,lattice,0,q,img/target_1.png
45,712,lattice,2,p,img/target_10.png
45,713,lattice,4,o,img/target_9.png
45,714,lattice,5,i,img/target_8.png
45,715,lattice,7,v,img/target_5.png
45,716,lattice,6,r,img/target_4.png
45,717,lattice,8,w,img/target_2.png
45,718,lattice,7,v,img/target_5.png
45,719,lattice,6,r,img/target_4.png
45,720,lattice,8,w,img/target_2.png
45,721,lattice,6,r,img/target_4.png
45,722,lattice,7,v,img/target_5.png
45,723,lattice,6,r,img/target_4.png
45,724,lattice,7,v,img/target_5.png
45,725,lattice,9,b,img/target_6.png
45,726,lattice,0,q,img/target_1.png
45,727,lattice,8,w,img/target_2.png
45,728,lattice,9,b,img/target_6.png
45,729,lattice,0,q,img/target_1.png
45,730,lattice,2,p,img/target_10.png
45,731,lattice,1,u,img/target_7.png
45,732,lattice,2,p,img/target_10.png
45,733,lattice,4,o,img/target_9.png
45,734,lattice,2,p,img/target_10.png
45,735,lattice,3,e,img/target_3.png
45,736,lattice,1,u,img/target_7.png
45,737,lattice,9,b,img/target_6.png
45,738,lattice,0,q,img/target_1.png
45,739,lattice,8,w,img/target_2.png
45,740,lattice,7,v,img/target_5.png
45,741,lattice,6,r,img/target_4.png
45,742,lattice,4,o,img/target_9.png
45,743,lattice,5,i,img/target_8.png
45,744,lattice,7,v,img/target_5.png
45,745,lattice,8,w,img/target_2.png
45,746,lattice,9,b,img/target_6.png
45,747,lattice,0,q,img/target_1.png
45,748,lattice,2,p,img/target_10.png
45,749,lattice,3,e,img/target_3.png
45,750,lattice,1,u,img/target_7.png
45,751,lattice,0,q,img/target_1.png
45,752,lattice,8,w,img/target_2.png
45,753,lattice,0,q,img/target_1.png
45,754,lattice,8,w,img/target_2.png
45,755,lattice,6,r,img/target_4.png
45,756,lattice,7,v,img/target_5.png
45,757,lattice,5,i,img/target_8.png
45,758,lattice,7,v,img/target_5.png
45,759,lattice,6,r,img/target_4.png
45,760,lattice,7,v,img/target_5.png
45,761,lattice,8,w,img/target_2.png
45,762,lattice,6,r,img/target_4.png
45,763,lattice,5,i,img/target_8.png
45,764,lattice,3,e,img/target_3.png
45,765,lattice,5,i,img/target_8.png
45,766,lattice,3,e,img/target_3.png
45,767,lattice,1,u,img/target_7.png
45,768,lattice,9,b,img/target_6.png
45,769,lattice,1,u,img/target_7.png
45,770,lattice,3,e,img/target_3.png
45,771,lattice,4,o,img/target_9.png
45,772,lattice,6,r,img/target_4.png
45,773,lattice,5,i,img/target_8.png
45,774,lattice,3,e,img/target_3.png
45,775,lattice,4,o,img/target_9.png
45,776,lattice,2,p,img/target_10.png
45,777,lattice,1,u,img/target_7.png
45,778,lattice,0,q,img/target_1.png
45,779,lattice,8,w,img/target_2.png
45,780,lattice,7,v,img/target_5.png
45,781,lattice,8,w,img/target_2.png
45,782,lattice,9,b,img/target_6.png
45,783,lattice,7,v,img/target_5.png
45,784,lattice,9,b,img/target_6.png
45,785,lattice,1,u,img/target_7.png
45,786,lattice,3,e,img/target_3.png
45,787,lattice,1,u,img/target_7.png
45,788,lattice,3,e,img/target_3.png
45,789,lattice,1,u,img/target_7.png
45,790,lattice,9,b,img/target_6.png
45,791,lattice,0,q,img/target_1.png
45,792,lattice,8,w,img/target_2.png
45,793,lattice,0,q,img/target_1.png
45,794,lattice,1,u,img/target_7.png
45,795,lattice,9,b,img/target_6.png
45,796,lattice,1,u,img/target_7.png
45,797,lattice,9,b,img/target_6.png
45,798,lattice,1,u,img/target_7.png
45,799,lattice,0,q,img/target_1.png
45,800,lattice,9,b,img/target_6.png
45,801,lattice,1,u,img/target_7.png
45,802,lattice,0,q,img/target_1.png
45,803,lattice,8,w,img/target_2.png
45,804,lattice,0,q,img/target_1.png
45,805,lattice,2,p,img/target_10.png
45,806,lattice,1,u,img/target_7.png
45,807,lattice,3,e,img/target_3.png
45,808,lattice,4,o,img/target_9.png
45,809,lattice,3,e,img/target_3.png
45,810,lattice,1,u,img/target_7.png
45,811,lattice,9,b,img/target_6.png
45,812,lattice,7,v,img/target_5.png
45,813,lattice,9,b,img/target_6.png
45,814,lattice,0,q,img/target_1.png
45,815,lattice,8,w,img/target_2.png
45,816,lattice,9,b,img/target_6.png
45,817,lattice,0,q,img/target_1.png
45,818,lattice,1,u,img/target_7.png
45,819,lattice,3,e,img/target_3.png
45,820,lattice,4,o,img/target_9.png
45,821,lattice,3,e,img/target_3.png
45,822,lattice,5,i,img/target_8.png
45,823,lattice,3,e,img/target_3.png
45,824,lattice,5,i,img/target_8.png
45,825,lattice,3,e,img/target_3.png
45,826,lattice,1,u,img/target_7.png
45,827,lattice,0,q,img/target_1.png
45,828,lattice,8,w,img/target_2.png
45,829,lattice,6,r,img/target_4.png
45,830,lattice,4,o,img/target_9.png
45,831,lattice,5,i,img/target_8.png
45,832,lattice,7,v,img/target_5.png
45,833,lattice,6,r,img/target_4.png
45,834,lattice,7,v,img/target_5.png
45,835,lattice,6,r,img/target_4.png
45,836,lattice,7,v,img/target_5.png
45,837,lattice,9,b,img/target_6.png
45,838,lattice,8,w,img/target_2.png
45,839,lattice,6,r,img/target_4.png
45,840,lattice,8,w,img/target_2.png
45,841,lattice,9,b,img/target_6.png
45,842,lattice,1,u,img/target_7.png
45,843,lattice,3,e,img/target_3.png
45,844,lattice,2,p,img/target_10.png
45,845,lattice,4,o,img/target_9.png
45,846,lattice,3,e,img/target_3.png
45,847,lattice,1,u,img/target_7.png
45,848,lattice,0,q,img/target_1.png
45,849,lattice,8,w,img/target_2.png
45,850,lattice,9,b,img/target_6.png
45,851,lattice,8,w,img/target_2.png
45,852,lattice,0,q,img/target_1.png
45,853,lattice,9,b,img/target_6.png
45,854,lattice,1,u,img/target_7.png
45,855,lattice,9,b,img/target_6.png
45,856,lattice,8,w,img/target_2.png
45,857,lattice,7,v,img/target_5.png
45,858,lattice,8,w,img/target_2.png
45,859,lattice,7,v,img/target_5.png
45,860,lattice,9,b,img/target_6.png
45,861,lattice,0,q,img/target_1.png
45,862,lattice,1,u,img/target_7.png
45,863,lattice,2,p,img/target_10.png
45,864,lattice,3,e,img/target_3.png
45,865,lattice,4,o,img/target_9.png
45,866,lattice,2,p,img/target_10.png
45,867,lattice,3,e,img/target_3.png
45,868,lattice,5,i,img/target_8.png
45,869,lattice,6,r,img/target_4.png
45,870,lattice,7,v,img/target_5.png
45,871,lattice,6,r,img/target_4.png
45,872,lattice,8,w,img/target_2.png
45,873,lattice,0,q,img/target_1.png
45,874,lattice,1,u,img/target_7.png
45,875,lattice,2,p,img/target_10.png
45,876,lattice,4,o,img/target_9.png
45,877,lattice,5,i,img/target_8.png
45,878,lattice,7,v,img/target_5.png
45,879,lattice,5,i,img/target_8.png
45,880,lattice,3,e,img/target_3.png
45,881,lattice,5,i,img/target_8.png
45,882,lattice,6,r,img/target_4.png
45,883,lattice,7,v,img/target_5.png
45,884,lattice,9,b,img/target_6.png
45,885,lattice,8,w,img/target_2.png
45,886,lattice,9,b,img/target_6.png
45,887,lattice,7,v,img/target_5.png
45,888,lattice,8,w,img/target_2.png
45,889,lattice,7,v,img/target_5.png
45,890,lattice,9,b,img/target_6.png
45,891,lattice,0,q,img/target_1.png
45,892,lattice,1,u,img/target_7.png
45,893,lattice,3,e,img/target_3.png
45,894,lattice,5,i,img/target_8.png
45,895,lattice,7,v,img/target_5.png
45,896,lattice,6,r,img/target_4.png
45,897,lattice,8,w,img/target_2.png
45,898,lattice,7,v,img/target_5.png
45,899,lattice,9,b,img/target_6.png
45,900,lattice,7,v,img/target_5.png
45,901,lattice,9,b,img/target_6.png
45,902,lattice,7,v,img/target_5.png
45,903,lattice,8,w,img/target_2.png
45,904,lattice,6,r,img/target_4.png
45,905,lattice,4,o,img/target_9.png
45,906,lattice,5,i,img/target_8.png
45,907,lattice,7,v,img/target_5.png
45,908,lattice,8,w,img/target_2.png
45,909,lattice,0,q,img/target_1.png
45,910,lattice,8,w,img/target_2.png
45,911,lattice,7,v,img/target_5.png
45,912,lattice,5,i,img/target_8.png
45,913,lattice,3,e,img/target_3.png
45,914,lattice,1,u,img/target_7.png
45,915,lattice,3,e,img/target_3.png
45,916,lattice,5,i,img/target_8.png
45,917,lattice,6,r,img/target_4.png
45,918,lattice,4,o,img/target_9.png
45,919,lattice,6,r,img/target_4.png
45,920,lattice,4,o,img/target_9.png
45,921,lattice,6,r,img/target_4.png
45,922,lattice,4,o,img/target_9.png
45,923,lattice,5,i,img/target_8.png
45,924,lattice,4,o,img/target_9.png
45,925,lattice,5,i,img/target_8.png
45,926,lattice,6,r,img/target_4.png
45,927,lattice,4,o,img/target_9.png
45,928,lattice,6,r,img/target_4.png
45,929,lattice,4,o,img/target_9.png
45,930,lattice,2,p,img/target_10.png
45,931,lattice,1,u,img/target_7.png
45,932,lattice,0,q,img/target_1.png
45,933,lattice,2,p,img/target_10.png
45,934,lattice,0,q,img/target_1.png
45,935,lattice,9,b,img/target_6.png
45,936,lattice,0,q,img/target_1.png
45,937,lattice,8,w,img/target_2.png
45,938,lattice,6,r,img/target_4.png
45,939,lattice,5,i,img/target_8.png
45,940,lattice,3,e,img/target_3.png
45,941,lattice,1,u,img/target_7.png
45,942,lattice,3,e,img/target_3.png
45,943,lattice,1,u,img/target_7.png
45,944,lattice,0,q,img/target_1.png
45,945,lattice,2,p,img/target_10.png
45,946,lattice,3,e,img/target_3.png
45,947,lattice,1,u,img/target_7.png
45,948,lattice,9,b,img/target_6.png
45,949,lattice,8,w,img/target_2.png
45,950,lattice,0,q,img/target_1.png
45,951,lattice,8,w,img/target_2.png
45,952,lattice,6,r,img/target_4.png
45,953,lattice,7,v,img/target_5.png
45,954,lattice,9,b,img/target_6.png
45,955,lattice,0,q,img/target_1.png
45,956,lattice,8,w,img/target_2.png
45,957,lattice,6,r,img/target_4.png
45,958,lattice,5,i,img/target_8.png
45,959,lattice,7,v,img/target_5.png
45,960,lattice,5,i,img/target_8.png
45,961,lattice,4,o,img/target_9.png
45,962,lattice,5,i,img/target_8.png
45,963,lattice,4,o,img/target_9.png
45,964,lattice,2,p,img/target_10.png
45,965,lattice,4,o,img/target_9.png
45,966,lattice,2,p,img/target_10.png
45,967,lattice,0,q,img/target_1.png
45,968,lattice,2,p,img/target_10.png
45,969,lattice,1,u,img/target_7.png
45,970,lattice,9,b,img/target_6.png
45,971,lattice,8,w,img/target_2.png
45,972,lattice,6,r,img/target_4.png
45,973,lattice,5,i,img/target_8.png
45,974,lattice,6,r,img/target_4.png
45,975,lattice,4,o,img/target_9.png
45,976,lattice,2,p,img/target_10.png
45,977,lattice,4,o,img/target_9.png
45,978,lattice,5,i,img/target_8.png
45,979,lattice,6,r,img/target_4.png
45,980,lattice,8,w,img/target_2.png
45,981,lattice,9,b,img/target_6.png
45,982,lattice,0,q,img/target_1.png
45,983,lattice,2,p,img/target_10.png
45,984,lattice,3,e,img/target_3.png
45,985,lattice,4,o,img/target_9.png
45,986,lattice,3,e,img/target_3.png
45,987,lattice,2,p,img/target_10.png
45,988,lattice,1,u,img/target_7.png
45,989,lattice,3,e,img/target_3.png
45,990,lattice,5,i,img/target_8.png
45,991,lattice,3,e,img/target_3.png
45,992,lattice,5,i,img/target_8.png
45,993,lattice,6,r,img/target_4.png
45,994,lattice,4,o,img/target_9.png
45,995,lattice,3,e,img/target_3.png
45,996,lattice,4,o,img/target_9.png
45,997,lattice,2,p,img/target_10.png
45,998,lattice,4,o,img/target_9.png
45,999,lattice,6,r,img/target_4.png
45,1000,lattice,8,w,img/target_2.png
