pID,trialNum,graph,walk,resp,path
8,1,modular,9,b,img/target_6.png
8,2,modular,6,v,img/target_5.png
8,3,modular,7,o,img/target_9.png
8,4,modular,5,u,img/target_7.png
8,5,modular,6,v,img/target_5.png
8,6,modular,7,o,img/target_9.png
8,7,modular,8,q,img/target_1.png
8,8,modular,7,o,img/target_9.png
8,9,modular,9,b,img/target_6.png
8,10,modular,0,i,img/target_8.png
8,11,modular,1,r,img/target_4.png
8,12,modular,4,p,img/target_10.png
8,13,modular,5,u,img/target_7.png
8,14,modular,7,o,img/target_9.png
8,15,modular,5,u,img/target_7.png
8,16,modular,6,v,img/target_5.png
8,17,modular,8,q,img/target_1.png
8,18,modular,6,v,img/target_5.png
8,19,modular,9,b,img/target_6.png
8,20,modular,8,q,img/target_1.png
8,21,modular,9,b,img/target_6.png
8,22,modular,0,i,img/target_8.png
8,23,modular,1,r,img/target_4.png
8,24,modular,3,e,img/target_3.png
8,25,modular,2,w,img/target_2.png
8,26,modular,4,p,img/target_10.png
8,27,modular,3,e,img/target_3.png
8,28,modular,0,i,img/target_8.png
8,29,modular,1,r,img/target_4.png
8,30,modular,3,e,img/target_3.png
8,31,modular,2,w,img/target_2.png
8,32,modular,0,i,img/target_8.png
8,33,modular,2,w,img/target_2.png
8,34,modular,0,i,img/target_8.png
8,35,modular,2,w,img/target_2.png
8,36,modular,4,p,img/target_10.png
8,37,modular,5,u,img/target_7.png
8,38,modular,4,p,img/target_10.png
8,39,modular,5,u,img/target_7.png
8,40,modular,4,p,img/target_10.png
8,41,modular,2,w,img/target_2.png
8,42,modular,1,r,img/target_4.png
8,43,modular,3,e,img/target_3.png
8,44,modular,1,r,img/target_4.png
8,45,modular,3,e,img/target_3.png
8,46,modular,2,w,img/target_2.png
8,47,modular,3,e,img/target_3.png
8,48,modular,4,p,img/target_10.png
8,49,modular,5,u,img/target_7.png
8,50,modular,6,v,img/target_5.png
8,51,modular,5,u,img/target_7.png
8,52,modular,7,o,img/target_9.png
8,53,modular,8,q,img/target_1.png
8,54,modular,6,v,img/target_5.png
8,55,modular,8,q,img/target_1.png
8,56,modular,9,b,img/target_6.png
8,57,modular,0,i,img/target_8.png
8,58,modular,9,b,img/target_6.png
8,59,modular,7,o,img/target_9.png
8,60,modular,9,b,img/target_6.png
8,61,modular,0,i,img/target_8.png
8,62,modular,9,b,img/target_6.png
8,63,modular,7,o,img/target_9.png
8,64,modular,8,q,img/target_1.png
8,65,modular,5,u,img/target_7.png
8,66,modular,4,p,img/target_10.png
8,67,modular,3,e,img/target_3.png
8,68,modular,0,i,img/target_8.png
8,69,modular,9,b,img/target_6.png
8,70,modular,0,i,img/target_8.png
8,71,modular,1,r,img/target_4.png
8,72,modular,3,e,img/target_3.png
8,73,modular,2,w,img/target_2.png
8,74,modular,3,e,img/target_3.png
8,75,modular,4,p,img/target_10.png
8,76,modular,2,w,img/target_2.png
8,77,modular,0,i,img/target_8.png
8,78,modular,2,w,img/target_2.png
8,79,modular,1,r,img/target_4.png
8,80,modular,3,e,img/target_3.png
8,81,modular,1,r,img/target_4.png
8,82,modular,2,w,img/target_2.png
8,83,modular,1,r,img/target_4.png
8,84,modular,2,w,img/target_2.png
8,85,modular,0,i,img/target_8.png
8,86,modular,2,w,img/target_2.png
8,87,modular,1,r,img/target_4.png
8,88,modular,2,w,img/target_2.png
8,89,modular,1,r,img/target_4.png
8,90,modular,3,e,img/target_3.png
8,91,modular,2,w,img/target_2.png
8,92,modular,1,r,img/target_4.png
8,93,modular,4,p,img/target_10.png
8,94,modular,1,r,img/target_4.png
8,95,modular,3,e,img/target_3.png
8,96,modular,2,w,img/target_2.png
8,97,modular,3,e,img/target_3.png
8,98,modular,1,r,img/target_4.png
8,99,modular,4,p,img/target_10.png
8,100,modular,5,u,img/target_7.png
8,101,modular,7,o,img/target_9.png
8,102,modular,8,q,img/target_1.png
8,103,modular,9,b,img/target_6.png
8,104,modular,7,o,img/target_9.png
8,105,modular,5,u,img/target_7.png
8,106,modular,8,q,img/target_1.png
8,107,modular,7,o,img/target_9.png
8,108,modular,8,q,img/target_1.png
8,109,modular,7,o,img/target_9.png
8,110,modular,5,u,img/target_7.png
8,111,modular,7,o,img/target_9.png
8,112,modular,8,q,img/target_1.png
8,113,modular,7,o,img/target_9.png
8,114,modular,9,b,img/target_6.png
8,115,modular,7,o,img/target_9.png
8,116,modular,8,q,img/target_1.png
8,117,modular,6,v,img/target_5.png
8,118,modular,7,o,img/target_9.png
8,119,modular,8,q,img/target_1.png
8,120,modular,9,b,img/target_6.png
8,121,modular,8,q,img/target_1.png
8,122,modular,9,b,img/target_6.png
8,123,modular,0,i,img/target_8.png
8,124,modular,2,w,img/target_2.png
8,125,modular,3,e,img/target_3.png
8,126,modular,2,w,img/target_2.png
8,127,modular,0,i,img/target_8.png
8,128,modular,3,e,img/target_3.png
8,129,modular,4,p,img/target_10.png
8,130,modular,5,u,img/target_7.png
8,131,modular,6,v,img/target_5.png
8,132,modular,8,q,img/target_1.png
8,133,modular,5,u,img/target_7.png
8,134,modular,6,v,img/target_5.png
8,135,modular,5,u,img/target_7.png
8,136,modular,6,v,img/target_5.png
8,137,modular,7,o,img/target_9.png
8,138,modular,5,u,img/target_7.png
8,139,modular,8,q,img/target_1.png
8,140,modular,5,u,img/target_7.png
8,141,modular,4,p,img/target_10.png
8,142,modular,1,r,img/target_4.png
8,143,modular,0,i,img/target_8.png
8,144,modular,2,w,img/target_2.png
8,145,modular,3,e,img/target_3.png
8,146,modular,2,w,img/target_2.png
8,147,modular,1,r,img/target_4.png
8,148,modular,4,p,img/target_10.png
8,149,modular,2,w,img/target_2.png
8,150,modular,3,e,img/target_3.png
8,151,modular,4,p,img/target_10.png
8,152,modular,5,u,img/target_7.png
8,153,modular,7,o,img/target_9.png
8,154,modular,9,b,img/target_6.png
8,155,modular,7,o,img/target_9.png
8,156,modular,5,u,img/target_7.png
8,157,modular,7,o,img/target_9.png
8,158,modular,5,u,img/target_7.png
8,159,modular,8,q,img/target_1.png
8,160,modular,7,o,img/target_9.png
8,161,modular,6,v,img/target_5.png
8,162,modular,7,o,img/target_9.png
8,163,modular,5,u,img/target_7.png
8,164,modular,7,o,img/target_9.png
8,165,modular,6,v,img/target_5.png
8,166,modular,9,b,img/target_6.png
8,167,modular,7,o,img/target_9.png
8,168,modular,8,q,img/target_1.png
8,169,modular,7,o,img/target_9.png
8,170,modular,9,b,img/target_6.png
8,171,modular,7,o,img/target_9.png
8,172,modular,6,v,img/target_5.png
8,173,modular,7,o,img/target_9.png
8,174,modular,5,u,img/target_7.png
8,175,modular,6,v,img/target_5.png
8,176,modular,8,q,img/target_1.png
8,177,modular,7,o,img/target_9.png
8,178,modular,5,u,img/target_7.png
8,179,modular,4,p,img/target_10.png
8,180,modular,3,e,img/target_3.png
8,181,modular,2,w,img/target_2.png
8,182,modular,0,i,img/target_8.png
8,183,modular,2,w,img/target_2.png
8,184,modular,0,i,img/target_8.png
8,185,modular,9,b,img/target_6.png
8,186,modular,8,q,img/target_1.png
8,187,modular,9,b,img/target_6.png
8,188,modular,0,i,img/target_8.png
8,189,modular,9,b,img/target_6.png
8,190,modular,7,o,img/target_9.png
8,191,modular,8,q,img/target_1.png
8,192,modular,9,b,img/target_6.png
8,193,modular,8,q,img/target_1.png
8,194,modular,5,u,img/target_7.png
8,195,modular,7,o,img/target_9.png
8,196,modular,6,v,img/target_5.png
8,197,modular,5,u,img/target_7.png
8,198,modular,4,p,img/target_10.png
8,199,modular,2,w,img/target_2.png
8,200,modular,0,i,img/target_8.png
8,201,modular,3,e,img/target_3.png
8,202,modular,0,i,img/target_8.png
8,203,modular,1,r,img/target_4.png
8,204,modular,4,p,img/target_10.png
8,205,modular,3,e,img/target_3.png
8,206,modular,0,i,img/target_8.png
8,207,modular,2,w,img/target_2.png
8,208,modular,4,p,img/target_10.png
8,209,modular,3,e,img/target_3.png
8,210,modular,4,p,img/target_10.png
8,211,modular,1,r,img/target_4.png
8,212,modular,2,w,img/target_2.png
8,213,modular,0,i,img/target_8.png
8,214,modular,1,r,img/target_4.png
8,215,modular,4,p,img/target_10.png
8,216,modular,3,e,img/target_3.png
8,217,modular,1,r,img/target_4.png
8,218,modular,2,w,img/target_2.png
8,219,modular,0,i,img/target_8.png
8,220,modular,1,r,img/target_4.png
8,221,modular,0,i,img/target_8.png
8,222,modular,1,r,img/target_4.png
8,223,modular,0,i,img/target_8.png
8,224,modular,2,w,img/target_2.png
8,225,modular,1,r,img/target_4.png
8,226,modular,3,e,img/target_3.png
8,227,modular,4,p,img/target_10.png
8,228,modular,3,e,img/target_3.png
8,229,modular,0,i,img/target_8.png
8,230,modular,3,e,img/target_3.png
8,231,modular,4,p,img/target_10.png
8,232,modular,3,e,img/target_3.png
8,233,modular,1,r,img/target_4.png
8,234,modular,3,e,img/target_3.png
8,235,modular,4,p,img/target_10.png
8,236,modular,1,r,img/target_4.png
8,237,modular,0,i,img/target_8.png
8,238,modular,9,b,img/target_6.png
8,239,modular,8,q,img/target_1.png
8,240,modular,5,u,img/target_7.png
8,241,modular,6,v,img/target_5.png
8,242,modular,8,q,img/target_1.png
8,243,modular,7,o,img/target_9.png
8,244,modular,8,q,img/target_1.png
8,245,modular,5,u,img/target_7.png
8,246,modular,7,o,img/target_9.png
8,247,modular,5,u,img/target_7.png
8,248,modular,8,q,img/target_1.png
8,249,modular,5,u,img/target_7.png
8,250,modular,4,p,img/target_10.png
8,251,modular,5,u,img/target_7.png
8,252,modular,8,q,img/target_1.png
8,253,modular,5,u,img/target_7.png
8,254,modular,7,o,img/target_9.png
8,255,modular,6,v,img/target_5.png
8,256,modular,7,o,img/target_9.png
8,257,modular,5,u,img/target_7.png
8,258,modular,6,v,img/target_5.png
8,259,modular,9,b,img/target_6.png
8,260,modular,8,q,img/target_1.png
8,261,modular,9,b,img/target_6.png
8,262,modular,7,o,img/target_9.png
8,263,modular,8,q,img/target_1.png
8,264,modular,5,u,img/target_7.png
8,265,modular,4,p,img/target_10.png
8,266,modular,2,w,img/target_2.png
8,267,modular,1,r,img/target_4.png
8,268,modular,3,e,img/target_3.png
8,269,modular,4,p,img/target_10.png
8,270,modular,2,w,img/target_2.png
8,271,modular,0,i,img/target_8.png
8,272,modular,2,w,img/target_2.png
8,273,modular,4,p,img/target_10.png
8,274,modular,5,u,img/target_7.png
8,275,modular,8,q,img/target_1.png
8,276,modular,6,v,img/target_5.png
8,277,modular,7,o,img/target_9.png
8,278,modular,6,v,img/target_5.png
8,279,modular,7,o,img/target_9.png
8,280,modular,9,b,img/target_6.png
8,281,modular,7,o,img/target_9.png
8,282,modular,6,v,img/target_5.png
8,283,modular,5,u,img/target_7.png
8,284,modular,6,v,img/target_5.png
8,285,modular,9,b,img/target_6.png
8,286,modular,6,v,img/target_5.png
8,287,modular,8,q,img/target_1.png
8,288,modular,6,v,img/target_5.png
8,289,modular,7,o,img/target_9.png
8,290,modular,5,u,img/target_7.png
8,291,modular,8,q,img/target_1.png
8,292,modular,6,v,img/target_5.png
8,293,modular,5,u,img/target_7.png
8,294,modular,7,o,img/target_9.png
8,295,modular,8,q,img/target_1.png
8,296,modular,6,v,img/target_5.png
8,297,modular,5,u,img/target_7.png
8,298,modular,7,o,img/target_9.png
8,299,modular,8,q,img/target_1.png
8,300,modular,6,v,img/target_5.png
8,301,modular,5,u,img/target_7.png
8,302,modular,8,q,img/target_1.png
8,303,modular,6,v,img/target_5.png
8,304,modular,9,b,img/target_6.png
8,305,modular,7,o,img/target_9.png
8,306,modular,6,v,img/target_5.png
8,307,modular,8,q,img/target_1.png
8,308,modular,5,u,img/target_7.png
8,309,modular,7,o,img/target_9.png
8,310,modular,8,q,img/target_1.png
8,311,modular,6,v,img/target_5.png
8,312,modular,7,o,img/target_9.png
8,313,modular,8,q,img/target_1.png
8,314,modular,5,u,img/target_7.png
8,315,modular,6,v,img/target_5.png
8,316,modular,8,q,img/target_1.png
8,317,modular,5,u,img/target_7.png
8,318,modular,8,q,img/target_1.png
8,319,modular,6,v,img/target_5.png
8,320,modular,9,b,img/target_6.png
8,321,modular,0,i,img/target_8.png
8,322,modular,1,r,img/target_4.png
8,323,modular,4,p,img/target_10.png
8,324,modular,3,e,img/target_3.png
8,325,modular,4,p,img/target_10.png
8,326,modular,1,r,img/target_4.png
8,327,modular,0,i,img/target_8.png
8,328,modular,1,r,img/target_4.png
8,329,modular,3,e,img/target_3.png
8,330,modular,1,r,img/target_4.png
8,331,modular,3,e,img/target_3.png
8,332,modular,2,w,img/target_2.png
8,333,modular,3,e,img/target_3.png
8,334,modular,4,p,img/target_10.png
8,335,modular,1,r,img/target_4.png
8,336,modular,2,w,img/target_2.png
8,337,modular,3,e,img/target_3.png
8,338,modular,2,w,img/target_2.png
8,339,modular,4,p,img/target_10.png
8,340,modular,5,u,img/target_7.png
8,341,modular,7,o,img/target_9.png
8,342,modular,5,u,img/target_7.png
8,343,modular,6,v,img/target_5.png
8,344,modular,8,q,img/target_1.png
8,345,modular,7,o,img/target_9.png
8,346,modular,6,v,img/target_5.png
8,347,modular,8,q,img/target_1.png
8,348,modular,5,u,img/target_7.png
8,349,modular,7,o,img/target_9.png
8,350,modular,6,v,img/target_5.png
8,351,modular,7,o,img/target_9.png
8,352,modular,5,u,img/target_7.png
8,353,modular,6,v,img/target_5.png
8,354,modular,7,o,img/target_9.png
8,355,modular,6,v,img/target_5.png
8,356,modular,7,o,img/target_9.png
8,357,modular,6,v,img/target_5.png
8,358,modular,7,o,img/target_9.png
8,359,modular,6,v,img/target_5.png
8,360,modular,8,q,img/target_1.png
8,361,modular,5,u,img/target_7.png
8,362,modular,7,o,img/target_9.png
8,363,modular,9,b,img/target_6.png
8,364,modular,0,i,img/target_8.png
8,365,modular,2,w,img/target_2.png
8,366,modular,3,e,img/target_3.png
8,367,modular,4,p,img/target_10.png
8,368,modular,1,r,img/target_4.png
8,369,modular,4,p,img/target_10.png
8,370,modular,1,r,img/target_4.png
8,371,modular,4,p,img/target_10.png
8,372,modular,2,w,img/target_2.png
8,373,modular,3,e,img/target_3.png
8,374,modular,2,w,img/target_2.png
8,375,modular,3,e,img/target_3.png
8,376,modular,1,r,img/target_4.png
8,377,modular,0,i,img/target_8.png
8,378,modular,9,b,img/target_6.png
8,379,modular,8,q,img/target_1.png
8,380,modular,9,b,img/target_6.png
8,381,modular,8,q,img/target_1.png
8,382,modular,7,o,img/target_9.png
8,383,modular,9,b,img/target_6.png
8,384,modular,7,o,img/target_9.png
8,385,modular,8,q,img/target_1.png
8,386,modular,9,b,img/target_6.png
8,387,modular,0,i,img/target_8.png
8,388,modular,2,w,img/target_2.png
8,389,modular,3,e,img/target_3.png
8,390,modular,0,i,img/target_8.png
8,391,modular,9,b,img/target_6.png
8,392,modular,0,i,img/target_8.png
8,393,modular,2,w,img/target_2.png
8,394,modular,1,r,img/target_4.png
8,395,modular,0,i,img/target_8.png
8,396,modular,1,r,img/target_4.png
8,397,modular,3,e,img/target_3.png
8,398,modular,4,p,img/target_10.png
8,399,modular,1,r,img/target_4.png
8,400,modular,4,p,img/target_10.png
8,401,modular,1,r,img/target_4.png
8,402,modular,0,i,img/target_8.png
8,403,modular,2,w,img/target_2.png
8,404,modular,1,r,img/target_4.png
8,405,modular,4,p,img/target_10.png
8,406,modular,3,e,img/target_3.png
8,407,modular,2,w,img/target_2.png
8,408,modular,1,r,img/target_4.png
8,409,modular,2,w,img/target_2.png
8,410,modular,4,p,img/target_10.png
8,411,modular,5,u,img/target_7.png
8,412,modular,8,q,img/target_1.png
8,413,modular,9,b,img/target_6.png
8,414,modular,7,o,img/target_9.png
8,415,modular,8,q,img/target_1.png
8,416,modular,5,u,img/target_7.png
8,417,modular,4,p,img/target_10.png
8,418,modular,5,u,img/target_7.png
8,419,modular,8,q,img/target_1.png
8,420,modular,7,o,img/target_9.png
8,421,modular,8,q,img/target_1.png
8,422,modular,7,o,img/target_9.png
8,423,modular,6,v,img/target_5.png
8,424,modular,8,q,img/target_1.png
8,425,modular,7,o,img/target_9.png
8,426,modular,5,u,img/target_7.png
8,427,modular,8,q,img/target_1.png
8,428,modular,9,b,img/target_6.png
8,429,modular,8,q,img/target_1.png
8,430,modular,7,o,img/target_9.png
8,431,modular,8,q,img/target_1.png
8,432,modular,5,u,img/target_7.png
8,433,modular,6,v,img/target_5.png
8,434,modular,9,b,img/target_6.png
8,435,modular,8,q,img/target_1.png
8,436,modular,5,u,img/target_7.png
8,437,modular,8,q,img/target_1.png
8,438,modular,5,u,img/target_7.png
8,439,modular,8,q,img/target_1.png
8,440,modular,9,b,img/target_6.png
8,441,modular,8,q,img/target_1.png
8,442,modular,6,v,img/target_5.png
8,443,modular,9,b,img/target_6.png
8,444,modular,8,q,img/target_1.png
8,445,modular,5,u,img/target_7.png
8,446,modular,8,q,img/target_1.png
8,447,modular,6,v,img/target_5.png
8,448,modular,7,o,img/target_9.png
8,449,modular,8,q,img/target_1.png
8,450,modular,5,u,img/target_7.png
8,451,modular,7,o,img/target_9.png
8,452,modular,6,v,img/target_5.png
8,453,modular,8,q,img/target_1.png
8,454,modular,6,v,img/target_5.png
8,455,modular,7,o,img/target_9.png
8,456,modular,9,b,img/target_6.png
8,457,modular,7,o,img/target_9.png
8,458,modular,6,v,img/target_5.png
8,459,modular,8,q,img/target_1.png
8,460,modular,7,o,img/target_9.png
8,461,modular,9,b,img/target_6.png
8,462,modular,7,o,img/target_9.png
8,463,modular,5,u,img/target_7.png
8,464,modular,4,p,img/target_10.png
8,465,modular,2,w,img/target_2.png
8,466,modular,0,i,img/target_8.png
8,467,modular,1,r,img/target_4.png
8,468,modular,4,p,img/target_10.png
8,469,modular,3,e,img/target_3.png
8,470,modular,0,i,img/target_8.png
8,471,modular,2,w,img/target_2.png
8,472,modular,0,i,img/target_8.png
8,473,modular,2,w,img/target_2.png
8,474,modular,0,i,img/target_8.png
8,475,modular,9,b,img/target_6.png
8,476,modular,6,v,img/target_5.png
8,477,modular,7,o,img/target_9.png
8,478,modular,5,u,img/target_7.png
8,479,modular,7,o,img/target_9.png
8,480,modular,5,u,img/target_7.png
8,481,modular,4,p,img/target_10.png
8,482,modular,5,u,img/target_7.png
8,483,modular,6,v,img/target_5.png
8,484,modular,9,b,img/target_6.png
8,485,modular,6,v,img/target_5.png
8,486,modular,8,q,img/target_1.png
8,487,modular,7,o,img/target_9.png
8,488,modular,8,q,img/target_1.png
8,489,modular,9,b,img/target_6.png
8,490,modular,6,v,img/target_5.png
8,491,modular,8,q,img/target_1.png
8,492,modular,6,v,img/target_5.png
8,493,modular,9,b,img/target_6.png
8,494,modular,8,q,img/target_1.png
8,495,modular,9,b,img/target_6.png
8,496,modular,7,o,img/target_9.png
8,497,modular,8,q,img/target_1.png
8,498,modular,5,u,img/target_7.png
8,499,modular,8,q,img/target_1.png
8,500,modular,9,b,img/target_6.png
8,501,modular,8,q,img/target_1.png
8,502,modular,5,u,img/target_7.png
8,503,modular,8,q,img/target_1.png
8,504,modular,6,v,img/target_5.png
8,505,modular,7,o,img/target_9.png
8,506,modular,5,u,img/target_7.png
8,507,modular,7,o,img/target_9.png
8,508,modular,5,u,img/target_7.png
8,509,modular,8,q,img/target_1.png
8,510,modular,9,b,img/target_6.png
8,511,modular,6,v,img/target_5.png
8,512,modular,7,o,img/target_9.png
8,513,modular,8,q,img/target_1.png
8,514,modular,6,v,img/target_5.png
8,515,modular,7,o,img/target_9.png
8,516,modular,8,q,img/target_1.png
8,517,modular,6,v,img/target_5.png
8,518,modular,5,u,img/target_7.png
8,519,modular,8,q,img/target_1.png
8,520,modular,5,u,img/target_7.png
8,521,modular,6,v,img/target_5.png
8,522,modular,7,o,img/target_9.png
8,523,modular,9,b,img/target_6.png
8,524,modular,7,o,img/target_9.png
8,525,modular,5,u,img/target_7.png
8,526,modular,4,p,img/target_10.png
8,527,modular,5,u,img/target_7.png
8,528,modular,7,o,img/target_9.png
8,529,modular,6,v,img/target_5.png
8,530,modular,7,o,img/target_9.png
8,531,modular,6,v,img/target_5.png
8,532,modular,8,q,img/target_1.png
8,533,modular,6,v,img/target_5.png
8,534,modular,8,q,img/target_1.png
8,535,modular,5,u,img/target_7.png
8,536,modular,4,p,img/target_10.png
8,537,modular,5,u,img/target_7.png
8,538,modular,8,q,img/target_1.png
8,539,modular,7,o,img/target_9.png
8,540,modular,5,u,img/target_7.png
8,541,modular,7,o,img/target_9.png
8,542,modular,6,v,img/target_5.png
8,543,modular,8,q,img/target_1.png
8,544,modular,5,u,img/target_7.png
8,545,modular,7,o,img/target_9.png
8,546,modular,6,v,img/target_5.png
8,547,modular,7,o,img/target_9.png
8,548,modular,8,q,img/target_1.png
8,549,modular,6,v,img/target_5.png
8,550,modular,9,b,img/target_6.png
8,551,modular,8,q,img/target_1.png
8,552,modular,7,o,img/target_9.png
8,553,modular,8,q,img/target_1.png
8,554,modular,7,o,img/target_9.png
8,555,modular,9,b,img/target_6.png
8,556,modular,6,v,img/target_5.png
8,557,modular,7,o,img/target_9.png
8,558,modular,6,v,img/target_5.png
8,559,modular,5,u,img/target_7.png
8,560,modular,8,q,img/target_1.png
8,561,modular,9,b,img/target_6.png
8,562,modular,6,v,img/target_5.png
8,563,modular,5,u,img/target_7.png
8,564,modular,8,q,img/target_1.png
8,565,modular,9,b,img/target_6.png
8,566,modular,7,o,img/target_9.png
8,567,modular,6,v,img/target_5.png
8,568,modular,8,q,img/target_1.png
8,569,modular,7,o,img/target_9.png
8,570,modular,5,u,img/target_7.png
8,571,modular,4,p,img/target_10.png
8,572,modular,2,w,img/target_2.png
8,573,modular,1,r,img/target_4.png
8,574,modular,2,w,img/target_2.png
8,575,modular,0,i,img/target_8.png
8,576,modular,3,e,img/target_3.png
8,577,modular,4,p,img/target_10.png
8,578,modular,3,e,img/target_3.png
8,579,modular,4,p,img/target_10.png
8,580,modular,3,e,img/target_3.png
8,581,modular,2,w,img/target_2.png
8,582,modular,3,e,img/target_3.png
8,583,modular,1,r,img/target_4.png
8,584,modular,2,w,img/target_2.png
8,585,modular,1,r,img/target_4.png
8,586,modular,0,i,img/target_8.png
8,587,modular,3,e,img/target_3.png
8,588,modular,0,i,img/target_8.png
8,589,modular,3,e,img/target_3.png
8,590,modular,1,r,img/target_4.png
8,591,modular,3,e,img/target_3.png
8,592,modular,0,i,img/target_8.png
8,593,modular,1,r,img/target_4.png
8,594,modular,4,p,img/target_10.png
8,595,modular,1,r,img/target_4.png
8,596,modular,0,i,img/target_8.png
8,597,modular,2,w,img/target_2.png
8,598,modular,0,i,img/target_8.png
8,599,modular,3,e,img/target_3.png
8,600,modular,2,w,img/target_2.png
8,601,modular,3,e,img/target_3.png
8,602,modular,2,w,img/target_2.png
8,603,modular,1,r,img/target_4.png
8,604,modular,2,w,img/target_2.png
8,605,modular,4,p,img/target_10.png
8,606,modular,5,u,img/target_7.png
8,607,modular,8,q,img/target_1.png
8,608,modular,7,o,img/target_9.png
8,609,modular,6,v,img/target_5.png
8,610,modular,5,u,img/target_7.png
8,611,modular,8,q,img/target_1.png
8,612,modular,5,u,img/target_7.png
8,613,modular,8,q,img/target_1.png
8,614,modular,6,v,img/target_5.png
8,615,modular,7,o,img/target_9.png
8,616,modular,6,v,img/target_5.png
8,617,modular,8,q,img/target_1.png
8,618,modular,6,v,img/target_5.png
8,619,modular,8,q,img/target_1.png
8,620,modular,5,u,img/target_7.png
8,621,modular,4,p,img/target_10.png
8,622,modular,1,r,img/target_4.png
8,623,modular,0,i,img/target_8.png
8,624,modular,9,b,img/target_6.png
8,625,modular,6,v,img/target_5.png
8,626,modular,9,b,img/target_6.png
8,627,modular,7,o,img/target_9.png
8,628,modular,5,u,img/target_7.png
8,629,modular,7,o,img/target_9.png
8,630,modular,9,b,img/target_6.png
8,631,modular,7,o,img/target_9.png
8,632,modular,8,q,img/target_1.png
8,633,modular,5,u,img/target_7.png
8,634,modular,6,v,img/target_5.png
8,635,modular,7,o,img/target_9.png
8,636,modular,8,q,img/target_1.png
8,637,modular,9,b,img/target_6.png
8,638,modular,0,i,img/target_8.png
8,639,modular,9,b,img/target_6.png
8,640,modular,0,i,img/target_8.png
8,641,modular,3,e,img/target_3.png
8,642,modular,0,i,img/target_8.png
8,643,modular,1,r,img/target_4.png
8,644,modular,2,w,img/target_2.png
8,645,modular,3,e,img/target_3.png
8,646,modular,4,p,img/target_10.png
8,647,modular,5,u,img/target_7.png
8,648,modular,4,p,img/target_10.png
8,649,modular,1,r,img/target_4.png
8,650,modular,3,e,img/target_3.png
8,651,modular,4,p,img/target_10.png
8,652,modular,1,r,img/target_4.png
8,653,modular,2,w,img/target_2.png
8,654,modular,1,r,img/target_4.png
8,655,modular,0,i,img/target_8.png
8,656,modular,2,w,img/target_2.png
8,657,modular,1,r,img/target_4.png
8,658,modular,3,e,img/target_3.png
8,659,modular,1,r,img/target_4.png
8,660,modular,0,i,img/target_8.png
8,661,modular,9,b,img/target_6.png
8,662,modular,7,o,img/target_9.png
8,663,modular,8,q,img/target_1.png
8,664,modular,7,o,img/target_9.png
8,665,modular,6,v,img/target_5.png
8,666,modular,5,u,img/target_7.png
8,667,modular,6,v,img/target_5.png
8,668,modular,5,u,img/target_7.png
8,669,modular,7,o,img/target_9.png
8,670,modular,6,v,img/target_5.png
8,671,modular,8,q,img/target_1.png
8,672,modular,5,u,img/target_7.png
8,673,modular,7,o,img/target_9.png
8,674,modular,9,b,img/target_6.png
8,675,modular,7,o,img/target_9.png
8,676,modular,6,v,img/target_5.png
8,677,modular,5,u,img/target_7.png
8,678,modular,6,v,img/target_5.png
8,679,modular,8,q,img/target_1.png
8,680,modular,6,v,img/target_5.png
8,681,modular,5,u,img/target_7.png
8,682,modular,8,q,img/target_1.png
8,683,modular,9,b,img/target_6.png
8,684,modular,7,o,img/target_9.png
8,685,modular,6,v,img/target_5.png
8,686,modular,5,u,img/target_7.png
8,687,modular,6,v,img/target_5.png
8,688,modular,7,o,img/target_9.png
8,689,modular,5,u,img/target_7.png
8,690,modular,8,q,img/target_1.png
8,691,modular,5,u,img/target_7.png
8,692,modular,8,q,img/target_1.png
8,693,modular,9,b,img/target_6.png
8,694,modular,0,i,img/target_8.png
8,695,modular,3,e,img/target_3.png
8,696,modular,1,r,img/target_4.png
8,697,modular,0,i,img/target_8.png
8,698,modular,2,w,img/target_2.png
8,699,modular,3,e,img/target_3.png
8,700,modular,0,i,img/target_8.png
8,701,modular,1,r,img/target_4.png
8,702,modular,4,p,img/target_10.png
8,703,modular,1,r,img/target_4.png
8,704,modular,0,i,img/target_8.png
8,705,modular,1,r,img/target_4.png
8,706,modular,2,w,img/target_2.png
8,707,modular,0,i,img/target_8.png
8,708,modular,2,w,img/target_2.png
8,709,modular,0,i,img/target_8.png
8,710,modular,2,w,img/target_2.png
8,711,modular,4,p,img/target_10.png
8,712,modular,5,u,img/target_7.png
8,713,modular,7,o,img/target_9.png
8,714,modular,5,u,img/target_7.png
8,715,modular,8,q,img/target_1.png
8,716,modular,5,u,img/target_7.png
8,717,modular,7,o,img/target_9.png
8,718,modular,9,b,img/target_6.png
8,719,modular,7,o,img/target_9.png
8,720,modular,6,v,img/target_5.png
8,721,modular,9,b,img/target_6.png
8,722,modular,8,q,img/target_1.png
8,723,modular,5,u,img/target_7.png
8,724,modular,4,p,img/target_10.png
8,725,modular,5,u,img/target_7.png
8,726,modular,4,p,img/target_10.png
8,727,modular,3,e,img/target_3.png
8,728,modular,4,p,img/target_10.png
8,729,modular,1,r,img/target_4.png
8,730,modular,4,p,img/target_10.png
8,731,modular,1,r,img/target_4.png
8,732,modular,2,w,img/target_2.png
8,733,modular,4,p,img/target_10.png
8,734,modular,3,e,img/target_3.png
8,735,modular,0,i,img/target_8.png
8,736,modular,9,b,img/target_6.png
8,737,modular,8,q,img/target_1.png
8,738,modular,7,o,img/target_9.png
8,739,modular,6,v,img/target_5.png
8,740,modular,5,u,img/target_7.png
8,741,modular,8,q,img/target_1.png
8,742,modular,7,o,img/target_9.png
8,743,modular,5,u,img/target_7.png
8,744,modular,7,o,img/target_9.png
8,745,modular,9,b,img/target_6.png
8,746,modular,6,v,img/target_5.png
8,747,modular,8,q,img/target_1.png
8,748,modular,9,b,img/target_6.png
8,749,modular,8,q,img/target_1.png
8,750,modular,7,o,img/target_9.png
8,751,modular,6,v,img/target_5.png
8,752,modular,8,q,img/target_1.png
8,753,modular,9,b,img/target_6.png
8,754,modular,7,o,img/target_9.png
8,755,modular,8,q,img/target_1.png
8,756,modular,6,v,img/target_5.png
8,757,modular,5,u,img/target_7.png
8,758,modular,6,v,img/target_5.png
8,759,modular,7,o,img/target_9.png
8,760,modular,6,v,img/target_5.png
8,761,modular,7,o,img/target_9.png
8,762,modular,6,v,img/target_5.png
8,763,modular,8,q,img/target_1.png
8,764,modular,5,u,img/target_7.png
8,765,modular,6,v,img/target_5.png
8,766,modular,5,u,img/target_7.png
8,767,modular,4,p,img/target_10.png
8,768,modular,1,r,img/target_4.png
8,769,modular,3,e,img/target_3.png
8,770,modular,1,r,img/target_4.png
8,771,modular,3,e,img/target_3.png
8,772,modular,4,p,img/target_10.png
8,773,modular,3,e,img/target_3.png
8,774,modular,2,w,img/target_2.png
8,775,modular,4,p,img/target_10.png
8,776,modular,1,r,img/target_4.png
8,777,modular,2,w,img/target_2.png
8,778,modular,3,e,img/target_3.png
8,779,modular,4,p,img/target_10.png
8,780,modular,2,w,img/target_2.png
8,781,modular,0,i,img/target_8.png
8,782,modular,9,b,img/target_6.png
8,783,modular,7,o,img/target_9.png
8,784,modular,5,u,img/target_7.png
8,785,modular,7,o,img/target_9.png
8,786,modular,6,v,img/target_5.png
8,787,modular,5,u,img/target_7.png
8,788,modular,8,q,img/target_1.png
8,789,modular,5,u,img/target_7.png
8,790,modular,4,p,img/target_10.png
8,791,modular,2,w,img/target_2.png
8,792,modular,3,e,img/target_3.png
8,793,modular,2,w,img/target_2.png
8,794,modular,4,p,img/target_10.png
8,795,modular,3,e,img/target_3.png
8,796,modular,0,i,img/target_8.png
8,797,modular,3,e,img/target_3.png
8,798,modular,0,i,img/target_8.png
8,799,modular,3,e,img/target_3.png
8,800,modular,1,r,img/target_4.png
8,801,modular,4,p,img/target_10.png
8,802,modular,1,r,img/target_4.png
8,803,modular,0,i,img/target_8.png
8,804,modular,1,r,img/target_4.png
8,805,modular,2,w,img/target_2.png
8,806,modular,3,e,img/target_3.png
8,807,modular,0,i,img/target_8.png
8,808,modular,1,r,img/target_4.png
8,809,modular,3,e,img/target_3.png
8,810,modular,1,r,img/target_4.png
8,811,modular,2,w,img/target_2.png
8,812,modular,3,e,img/target_3.png
8,813,modular,0,i,img/target_8.png
8,814,modular,1,r,img/target_4.png
8,815,modular,4,p,img/target_10.png
8,816,modular,1,r,img/target_4.png
8,817,modular,2,w,img/target_2.png
8,818,modular,0,i,img/target_8.png
8,819,modular,1,r,img/target_4.png
8,820,modular,2,w,img/target_2.png
8,821,modular,3,e,img/target_3.png
8,822,modular,0,i,img/target_8.png
8,823,modular,9,b,img/target_6.png
8,824,modular,6,v,img/target_5.png
8,825,modular,5,u,img/target_7.png
8,826,modular,8,q,img/target_1.png
8,827,modular,5,u,img/target_7.png
8,828,modular,7,o,img/target_9.png
8,829,modular,8,q,img/target_1.png
8,830,modular,9,b,img/target_6.png
8,831,modular,6,v,img/target_5.png
8,832,modular,5,u,img/target_7.png
8,833,modular,4,p,img/target_10.png
8,834,modular,1,r,img/target_4.png
8,835,modular,2,w,img/target_2.png
8,836,modular,3,e,img/target_3.png
8,837,modular,4,p,img/target_10.png
8,838,modular,3,e,img/target_3.png
8,839,modular,4,p,img/target_10.png
8,840,modular,1,r,img/target_4.png
8,841,modular,4,p,img/target_10.png
8,842,modular,1,r,img/target_4.png
8,843,modular,4,p,img/target_10.png
8,844,modular,1,r,img/target_4.png
8,845,modular,0,i,img/target_8.png
8,846,modular,1,r,img/target_4.png
8,847,modular,2,w,img/target_2.png
8,848,modular,0,i,img/target_8.png
8,849,modular,1,r,img/target_4.png
8,850,modular,2,w,img/target_2.png
8,851,modular,3,e,img/target_3.png
8,852,modular,2,w,img/target_2.png
8,853,modular,1,r,img/target_4.png
8,854,modular,0,i,img/target_8.png
8,855,modular,1,r,img/target_4.png
8,856,modular,4,p,img/target_10.png
8,857,modular,5,u,img/target_7.png
8,858,modular,6,v,img/target_5.png
8,859,modular,5,u,img/target_7.png
8,860,modular,7,o,img/target_9.png
8,861,modular,5,u,img/target_7.png
8,862,modular,6,v,img/target_5.png
8,863,modular,7,o,img/target_9.png
8,864,modular,5,u,img/target_7.png
8,865,modular,6,v,img/target_5.png
8,866,modular,9,b,img/target_6.png
8,867,modular,7,o,img/target_9.png
8,868,modular,9,b,img/target_6.png
8,869,modular,6,v,img/target_5.png
8,870,modular,5,u,img/target_7.png
8,871,modular,8,q,img/target_1.png
8,872,modular,7,o,img/target_9.png
8,873,modular,9,b,img/target_6.png
8,874,modular,6,v,img/target_5.png
8,875,modular,8,q,img/target_1.png
8,876,modular,7,o,img/target_9.png
8,877,modular,6,v,img/target_5.png
8,878,modular,9,b,img/target_6.png
8,879,modular,6,v,img/target_5.png
8,880,modular,8,q,img/target_1.png
8,881,modular,6,v,img/target_5.png
8,882,modular,7,o,img/target_9.png
8,883,modular,8,q,img/target_1.png
8,884,modular,9,b,img/target_6.png
8,885,modular,6,v,img/target_5.png
8,886,modular,5,u,img/target_7.png
8,887,modular,7,o,img/target_9.png
8,888,modular,9,b,img/target_6.png
8,889,modular,8,q,img/target_1.png
8,890,modular,6,v,img/target_5.png
8,891,modular,9,b,img/target_6.png
8,892,modular,0,i,img/target_8.png
8,893,modular,1,r,img/target_4.png
8,894,modular,4,p,img/target_10.png
8,895,modular,1,r,img/target_4.png
8,896,modular,4,p,img/target_10.png
8,897,modular,2,w,img/target_2.png
8,898,modular,4,p,img/target_10.png
8,899,modular,2,w,img/target_2.png
8,900,modular,3,e,img/target_3.png
8,901,modular,0,i,img/target_8.png
8,902,modular,3,e,img/target_3.png
8,903,modular,0,i,img/target_8.png
8,904,modular,9,b,img/target_6.png
8,905,modular,8,q,img/target_1.png
8,906,modular,6,v,img/target_5.png
8,907,modular,5,u,img/target_7.png
8,908,modular,7,o,img/target_9.png
8,909,modular,6,v,img/target_5.png
8,910,modular,9,b,img/target_6.png
8,911,modular,0,i,img/target_8.png
8,912,modular,1,r,img/target_4.png
8,913,modular,0,i,img/target_8.png
8,914,modular,3,e,img/target_3.png
8,915,modular,1,r,img/target_4.png
8,916,modular,3,e,img/target_3.png
8,917,modular,4,p,img/target_10.png
8,918,modular,3,e,img/target_3.png
8,919,modular,4,p,img/target_10.png
8,920,modular,5,u,img/target_7.png
8,921,modular,4,p,img/target_10.png
8,922,modular,3,e,img/target_3.png
8,923,modular,4,p,img/target_10.png
8,924,modular,2,w,img/target_2.png
8,925,modular,4,p,img/target_10.png
8,926,modular,5,u,img/target_7.png
8,927,modular,6,v,img/target_5.png
8,928,modular,7,o,img/target_9.png
8,929,modular,5,u,img/target_7.png
8,930,modular,6,v,img/target_5.png
8,931,modular,8,q,img/target_1.png
8,932,modular,7,o,img/target_9.png
8,933,modular,9,b,img/target_6.png
8,934,modular,6,v,img/target_5.png
8,935,modular,5,u,img/target_7.png
8,936,modular,8,q,img/target_1.png
8,937,modular,6,v,img/target_5.png
8,938,modular,9,b,img/target_6.png
8,939,modular,6,v,img/target_5.png
8,940,modular,9,b,img/target_6.png
8,941,modular,7,o,img/target_9.png
8,942,modular,8,q,img/target_1.png
8,943,modular,6,v,img/target_5.png
8,944,modular,9,b,img/target_6.png
8,945,modular,6,v,img/target_5.png
8,946,modular,8,q,img/target_1.png
8,947,modular,7,o,img/target_9.png
8,948,modular,8,q,img/target_1.png
8,949,modular,5,u,img/target_7.png
8,950,modular,8,q,img/target_1.png
8,951,modular,9,b,img/target_6.png
8,952,modular,7,o,img/target_9.png
8,953,modular,8,q,img/target_1.png
8,954,modular,7,o,img/target_9.png
8,955,modular,6,v,img/target_5.png
8,956,modular,7,o,img/target_9.png
8,957,modular,8,q,img/target_1.png
8,958,modular,6,v,img/target_5.png
8,959,modular,8,q,img/target_1.png
8,960,modular,5,u,img/target_7.png
8,961,modular,8,q,img/target_1.png
8,962,modular,6,v,img/target_5.png
8,963,modular,7,o,img/target_9.png
8,964,modular,9,b,img/target_6.png
8,965,modular,0,i,img/target_8.png
8,966,modular,3,e,img/target_3.png
8,967,modular,4,p,img/target_10.png
8,968,modular,1,r,img/target_4.png
8,969,modular,0,i,img/target_8.png
8,970,modular,9,b,img/target_6.png
8,971,modular,8,q,img/target_1.png
8,972,modular,6,v,img/target_5.png
8,973,modular,7,o,img/target_9.png
8,974,modular,6,v,img/target_5.png
8,975,modular,9,b,img/target_6.png
8,976,modular,6,v,img/target_5.png
8,977,modular,7,o,img/target_9.png
8,978,modular,8,q,img/target_1.png
8,979,modular,5,u,img/target_7.png
8,980,modular,4,p,img/target_10.png
8,981,modular,2,w,img/target_2.png
8,982,modular,1,r,img/target_4.png
8,983,modular,3,e,img/target_3.png
8,984,modular,4,p,img/target_10.png
8,985,modular,1,r,img/target_4.png
8,986,modular,0,i,img/target_8.png
8,987,modular,9,b,img/target_6.png
8,988,modular,8,q,img/target_1.png
8,989,modular,5,u,img/target_7.png
8,990,modular,6,v,img/target_5.png
8,991,modular,9,b,img/target_6.png
8,992,modular,0,i,img/target_8.png
8,993,modular,2,w,img/target_2.png
8,994,modular,0,i,img/target_8.png
8,995,modular,9,b,img/target_6.png
8,996,modular,0,i,img/target_8.png
8,997,modular,9,b,img/target_6.png
8,998,modular,6,v,img/target_5.png
8,999,modular,9,b,img/target_6.png
8,1000,modular,7,o,img/target_9.png
