pID,trialNum,graph,walk,resp,path
7,1,lattice,2,q,img/target_1.png
7,2,lattice,4,p,img/target_10.png
7,3,lattice,2,q,img/target_1.png
7,4,lattice,3,w,img/target_2.png
7,5,lattice,5,r,img/target_4.png
7,6,lattice,6,v,img/target_5.png
7,7,lattice,7,i,img/target_8.png
7,8,lattice,6,v,img/target_5.png
7,9,lattice,5,r,img/target_4.png
7,10,lattice,3,w,img/target_2.png
7,11,lattice,5,r,img/target_4.png
7,12,lattice,7,i,img/target_8.png
7,13,lattice,8,u,img/target_7.png
7,14,lattice,9,e,img/target_3.png
7,15,lattice,8,u,img/target_7.png
7,16,lattice,7,i,img/target_8.png
7,17,lattice,8,u,img/target_7.png
7,18,lattice,9,e,img/target_3.png
7,19,lattice,1,b,img/target_6.png
7,20,lattice,0,o,img/target_9.png
7,21,lattice,8,u,img/target_7.png
7,22,lattice,9,e,img/target_3.png
7,23,lattice,7,i,img/target_8.png
7,24,lattice,9,e,img/target_3.png
7,25,lattice,0,o,img/target_9.png
7,26,lattice,8,u,img/target_7.png
7,27,lattice,0,o,img/target_9.png
7,28,lattice,1,b,img/target_6.png
7,29,lattice,9,e,img/target_3.png
7,30,lattice,8,u,img/target_7.png
7,31,lattice,9,e,img/target_3.png
7,32,lattice,1,b,img/target_6.png
7,33,lattice,3,w,img/target_2.png
7,34,lattice,5,r,img/target_4.png
7,35,lattice,7,i,img/target_8.png
7,36,lattice,9,e,img/target_3.png
7,37,lattice,8,u,img/target_7.png
7,38,lattice,7,i,img/target_8.png
7,39,lattice,6,v,img/target_5.png
7,40,lattice,4,p,img/target_10.png
7,41,lattice,5,r,img/target_4.png
7,42,lattice,7,i,img/target_8.png
7,43,lattice,8,u,img/target_7.png
7,44,lattice,0,o,img/target_9.png
7,45,lattice,9,e,img/target_3.png
7,46,lattice,7,i,img/target_8.png
7,47,lattice,8,u,img/target_7.png
7,48,lattice,9,e,img/target_3.png
7,49,lattice,8,u,img/target_7.png
7,50,lattice,6,v,img/target_5.png
7,51,lattice,8,u,img/target_7.png
7,52,lattice,7,i,img/target_8.png
7,53,lattice,6,v,img/target_5.png
7,54,lattice,8,u,img/target_7.png
7,55,lattice,9,e,img/target_3.png
7,56,lattice,0,o,img/target_9.png
7,57,lattice,2,q,img/target_1.png
7,58,lattice,1,b,img/target_6.png
7,59,lattice,9,e,img/target_3.png
7,60,lattice,7,i,img/target_8.png
7,61,lattice,9,e,img/target_3.png
7,62,lattice,0,o,img/target_9.png
7,63,lattice,1,b,img/target_6.png
7,64,lattice,0,o,img/target_9.png
7,65,lattice,1,b,img/target_6.png
7,66,lattice,9,e,img/target_3.png
7,67,lattice,8,u,img/target_7.png
7,68,lattice,6,v,img/target_5.png
7,69,lattice,5,r,img/target_4.png
7,70,lattice,3,w,img/target_2.png
7,71,lattice,4,p,img/target_10.png
7,72,lattice,3,w,img/target_2.png
7,73,lattice,5,r,img/target_4.png
7,74,lattice,3,w,img/target_2.png
7,75,lattice,5,r,img/target_4.png
7,76,lattice,7,i,img/target_8.png
7,77,lattice,6,v,img/target_5.png
7,78,lattice,7,i,img/target_8.png
7,79,lattice,8,u,img/target_7.png
7,80,lattice,6,v,img/target_5.png
7,81,lattice,4,p,img/target_10.png
7,82,lattice,2,q,img/target_1.png
7,83,lattice,4,p,img/target_10.png
7,84,lattice,2,q,img/target_1.png
7,85,lattice,3,w,img/target_2.png
7,86,lattice,5,r,img/target_4.png
7,87,lattice,4,p,img/target_10.png
7,88,lattice,3,w,img/target_2.png
7,89,lattice,1,b,img/target_6.png
7,90,lattice,0,o,img/target_9.png
7,91,lattice,9,e,img/target_3.png
7,92,lattice,8,u,img/target_7.png
7,93,lattice,9,e,img/target_3.png
7,94,lattice,0,o,img/target_9.png
7,95,lattice,2,q,img/target_1.png
7,96,lattice,3,w,img/target_2.png
7,97,lattice,5,r,img/target_4.png
7,98,lattice,7,i,img/target_8.png
7,99,lattice,5,r,img/target_4.png
7,100,lattice,7,i,img/target_8.png
7,101,lattice,5,r,img/target_4.png
7,102,lattice,6,v,img/target_5.png
7,103,lattice,7,i,img/target_8.png
7,104,lattice,5,r,img/target_4.png
7,105,lattice,6,v,img/target_5.png
7,106,lattice,4,p,img/target_10.png
7,107,lattice,5,r,img/target_4.png
7,108,lattice,6,v,img/target_5.png
7,109,lattice,8,u,img/target_7.png
7,110,lattice,7,i,img/target_8.png
7,111,lattice,8,u,img/target_7.png
7,112,lattice,6,v,img/target_5.png
7,113,lattice,7,i,img/target_8.png
7,114,lattice,5,r,img/target_4.png
7,115,lattice,7,i,img/target_8.png
7,116,lattice,8,u,img/target_7.png
7,117,lattice,7,i,img/target_8.png
7,118,lattice,9,e,img/target_3.png
7,119,lattice,7,i,img/target_8.png
7,120,lattice,6,v,img/target_5.png
7,121,lattice,4,p,img/target_10.png
7,122,lattice,3,w,img/target_2.png
7,123,lattice,2,q,img/target_1.png
7,124,lattice,4,p,img/target_10.png
7,125,lattice,6,v,img/target_5.png
7,126,lattice,4,p,img/target_10.png
7,127,lattice,3,w,img/target_2.png
7,128,lattice,5,r,img/target_4.png
7,129,lattice,7,i,img/target_8.png
7,130,lattice,8,u,img/target_7.png
7,131,lattice,9,e,img/target_3.png
7,132,lattice,0,o,img/target_9.png
7,133,lattice,2,q,img/target_1.png
7,134,lattice,3,w,img/target_2.png
7,135,lattice,1,b,img/target_6.png
7,136,lattice,3,w,img/target_2.png
7,137,lattice,4,p,img/target_10.png
7,138,lattice,6,v,img/target_5.png
7,139,lattice,5,r,img/target_4.png
7,140,lattice,4,p,img/target_10.png
7,141,lattice,5,r,img/target_4.png
7,142,lattice,7,i,img/target_8.png
7,143,lattice,5,r,img/target_4.png
7,144,lattice,3,w,img/target_2.png
7,145,lattice,5,r,img/target_4.png
7,146,lattice,7,i,img/target_8.png
7,147,lattice,5,r,img/target_4.png
7,148,lattice,6,v,img/target_5.png
7,149,lattice,8,u,img/target_7.png
7,150,lattice,6,v,img/target_5.png
7,151,lattice,7,i,img/target_8.png
7,152,lattice,8,u,img/target_7.png
7,153,lattice,6,v,img/target_5.png
7,154,lattice,4,p,img/target_10.png
7,155,lattice,3,w,img/target_2.png
7,156,lattice,2,q,img/target_1.png
7,157,lattice,4,p,img/target_10.png
7,158,lattice,3,w,img/target_2.png
7,159,lattice,5,r,img/target_4.png
7,160,lattice,6,v,img/target_5.png
7,161,lattice,7,i,img/target_8.png
7,162,lattice,8,u,img/target_7.png
7,163,lattice,6,v,img/target_5.png
7,164,lattice,4,p,img/target_10.png
7,165,lattice,6,v,img/target_5.png
7,166,lattice,5,r,img/target_4.png
7,167,lattice,3,w,img/target_2.png
7,168,lattice,4,p,img/target_10.png
7,169,lattice,2,q,img/target_1.png
7,170,lattice,3,w,img/target_2.png
7,171,lattice,5,r,img/target_4.png
7,172,lattice,7,i,img/target_8.png
7,173,lattice,9,e,img/target_3.png
7,174,lattice,1,b,img/target_6.png
7,175,lattice,9,e,img/target_3.png
7,176,lattice,7,i,img/target_8.png
7,177,lattice,5,r,img/target_4.png
7,178,lattice,3,w,img/target_2.png
7,179,lattice,5,r,img/target_4.png
7,180,lattice,6,v,img/target_5.png
7,181,lattice,7,i,img/target_8.png
7,182,lattice,8,u,img/target_7.png
7,183,lattice,6,v,img/target_5.png
7,184,lattice,4,p,img/target_10.png
7,185,lattice,2,q,img/target_1.png
7,186,lattice,1,b,img/target_6.png
7,187,lattice,2,q,img/target_1.png
7,188,lattice,0,o,img/target_9.png
7,189,lattice,8,u,img/target_7.png
7,190,lattice,9,e,img/target_3.png
7,191,lattice,8,u,img/target_7.png
7,192,lattice,9,e,img/target_3.png
7,193,lattice,7,i,img/target_8.png
7,194,lattice,8,u,img/target_7.png
7,195,lattice,9,e,img/target_3.png
7,196,lattice,1,b,img/target_6.png
7,197,lattice,0,o,img/target_9.png
7,198,lattice,9,e,img/target_3.png
7,199,lattice,1,b,img/target_6.png
7,200,lattice,9,e,img/target_3.png
7,201,lattice,8,u,img/target_7.png
7,202,lattice,6,v,img/target_5.png
7,203,lattice,8,u,img/target_7.png
7,204,lattice,7,i,img/target_8.png
7,205,lattice,9,e,img/target_3.png
7,206,lattice,1,b,img/target_6.png
7,207,lattice,9,e,img/target_3.png
7,208,lattice,1,b,img/target_6.png
7,209,lattice,9,e,img/target_3.png
7,210,lattice,8,u,img/target_7.png
7,211,lattice,6,v,img/target_5.png
7,212,lattice,4,p,img/target_10.png
7,213,lattice,5,r,img/target_4.png
7,214,lattice,6,v,img/target_5.png
7,215,lattice,8,u,img/target_7.png
7,216,lattice,0,o,img/target_9.png
7,217,lattice,8,u,img/target_7.png
7,218,lattice,0,o,img/target_9.png
7,219,lattice,2,q,img/target_1.png
7,220,lattice,4,p,img/target_10.png
7,221,lattice,6,v,img/target_5.png
7,222,lattice,5,r,img/target_4.png
7,223,lattice,7,i,img/target_8.png
7,224,lattice,9,e,img/target_3.png
7,225,lattice,1,b,img/target_6.png
7,226,lattice,0,o,img/target_9.png
7,227,lattice,1,b,img/target_6.png
7,228,lattice,0,o,img/target_9.png
7,229,lattice,9,e,img/target_3.png
7,230,lattice,8,u,img/target_7.png
7,231,lattice,9,e,img/target_3.png
7,232,lattice,1,b,img/target_6.png
7,233,lattice,3,w,img/target_2.png
7,234,lattice,2,q,img/target_1.png
7,235,lattice,1,b,img/target_6.png
7,236,lattice,9,e,img/target_3.png
7,237,lattice,1,b,img/target_6.png
7,238,lattice,0,o,img/target_9.png
7,239,lattice,8,u,img/target_7.png
7,240,lattice,9,e,img/target_3.png
7,241,lattice,8,u,img/target_7.png
7,242,lattice,7,i,img/target_8.png
7,243,lattice,5,r,img/target_4.png
7,244,lattice,4,p,img/target_10.png
7,245,lattice,2,q,img/target_1.png
7,246,lattice,3,w,img/target_2.png
7,247,lattice,1,b,img/target_6.png
7,248,lattice,3,w,img/target_2.png
7,249,lattice,4,p,img/target_10.png
7,250,lattice,2,q,img/target_1.png
7,251,lattice,3,w,img/target_2.png
7,252,lattice,2,q,img/target_1.png
7,253,lattice,4,p,img/target_10.png
7,254,lattice,3,w,img/target_2.png
7,255,lattice,4,p,img/target_10.png
7,256,lattice,3,w,img/target_2.png
7,257,lattice,2,q,img/target_1.png
7,258,lattice,3,w,img/target_2.png
7,259,lattice,2,q,img/target_1.png
7,260,lattice,0,o,img/target_9.png
7,261,lattice,1,b,img/target_6.png
7,262,lattice,0,o,img/target_9.png
7,263,lattice,1,b,img/target_6.png
7,264,lattice,2,q,img/target_1.png
7,265,lattice,4,p,img/target_10.png
7,266,lattice,6,v,img/target_5.png
7,267,lattice,7,i,img/target_8.png
7,268,lattice,5,r,img/target_4.png
7,269,lattice,6,v,img/target_5.png
7,270,lattice,7,i,img/target_8.png
7,271,lattice,9,e,img/target_3.png
7,272,lattice,1,b,img/target_6.png
7,273,lattice,0,o,img/target_9.png
7,274,lattice,1,b,img/target_6.png
7,275,lattice,9,e,img/target_3.png
7,276,lattice,7,i,img/target_8.png
7,277,lattice,9,e,img/target_3.png
7,278,lattice,0,o,img/target_9.png
7,279,lattice,9,e,img/target_3.png
7,280,lattice,0,o,img/target_9.png
7,281,lattice,9,e,img/target_3.png
7,282,lattice,0,o,img/target_9.png
7,283,lattice,1,b,img/target_6.png
7,284,lattice,3,w,img/target_2.png
7,285,lattice,4,p,img/target_10.png
7,286,lattice,6,v,img/target_5.png
7,287,lattice,5,r,img/target_4.png
7,288,lattice,7,i,img/target_8.png
7,289,lattice,5,r,img/target_4.png
7,290,lattice,4,p,img/target_10.png
7,291,lattice,6,v,img/target_5.png
7,292,lattice,8,u,img/target_7.png
7,293,lattice,0,o,img/target_9.png
7,294,lattice,1,b,img/target_6.png
7,295,lattice,0,o,img/target_9.png
7,296,lattice,1,b,img/target_6.png
7,297,lattice,2,q,img/target_1.png
7,298,lattice,1,b,img/target_6.png
7,299,lattice,9,e,img/target_3.png
7,300,lattice,1,b,img/target_6.png
7,301,lattice,0,o,img/target_9.png
7,302,lattice,2,q,img/target_1.png
7,303,lattice,4,p,img/target_10.png
7,304,lattice,6,v,img/target_5.png
7,305,lattice,5,r,img/target_4.png
7,306,lattice,3,w,img/target_2.png
7,307,lattice,1,b,img/target_6.png
7,308,lattice,0,o,img/target_9.png
7,309,lattice,1,b,img/target_6.png
7,310,lattice,0,o,img/target_9.png
7,311,lattice,2,q,img/target_1.png
7,312,lattice,1,b,img/target_6.png
7,313,lattice,3,w,img/target_2.png
7,314,lattice,5,r,img/target_4.png
7,315,lattice,6,v,img/target_5.png
7,316,lattice,5,r,img/target_4.png
7,317,lattice,7,i,img/target_8.png
7,318,lattice,8,u,img/target_7.png
7,319,lattice,7,i,img/target_8.png
7,320,lattice,6,v,img/target_5.png
7,321,lattice,7,i,img/target_8.png
7,322,lattice,5,r,img/target_4.png
7,323,lattice,6,v,img/target_5.png
7,324,lattice,7,i,img/target_8.png
7,325,lattice,9,e,img/target_3.png
7,326,lattice,1,b,img/target_6.png
7,327,lattice,3,w,img/target_2.png
7,328,lattice,5,r,img/target_4.png
7,329,lattice,4,p,img/target_10.png
7,330,lattice,3,w,img/target_2.png
7,331,lattice,5,r,img/target_4.png
7,332,lattice,4,p,img/target_10.png
7,333,lattice,2,q,img/target_1.png
7,334,lattice,4,p,img/target_10.png
7,335,lattice,5,r,img/target_4.png
7,336,lattice,4,p,img/target_10.png
7,337,lattice,6,v,img/target_5.png
7,338,lattice,8,u,img/target_7.png
7,339,lattice,9,e,img/target_3.png
7,340,lattice,1,b,img/target_6.png
7,341,lattice,3,w,img/target_2.png
7,342,lattice,4,p,img/target_10.png
7,343,lattice,6,v,img/target_5.png
7,344,lattice,5,r,img/target_4.png
7,345,lattice,4,p,img/target_10.png
7,346,lattice,5,r,img/target_4.png
7,347,lattice,6,v,img/target_5.png
7,348,lattice,8,u,img/target_7.png
7,349,lattice,7,i,img/target_8.png
7,350,lattice,6,v,img/target_5.png
7,351,lattice,5,r,img/target_4.png
7,352,lattice,6,v,img/target_5.png
7,353,lattice,4,p,img/target_10.png
7,354,lattice,5,r,img/target_4.png
7,355,lattice,6,v,img/target_5.png
7,356,lattice,8,u,img/target_7.png
7,357,lattice,6,v,img/target_5.png
7,358,lattice,7,i,img/target_8.png
7,359,lattice,8,u,img/target_7.png
7,360,lattice,7,i,img/target_8.png
7,361,lattice,5,r,img/target_4.png
7,362,lattice,6,v,img/target_5.png
7,363,lattice,7,i,img/target_8.png
7,364,lattice,6,v,img/target_5.png
7,365,lattice,8,u,img/target_7.png
7,366,lattice,9,e,img/target_3.png
7,367,lattice,0,o,img/target_9.png
7,368,lattice,8,u,img/target_7.png
7,369,lattice,7,i,img/target_8.png
7,370,lattice,6,v,img/target_5.png
7,371,lattice,8,u,img/target_7.png
7,372,lattice,9,e,img/target_3.png
7,373,lattice,1,b,img/target_6.png
7,374,lattice,3,w,img/target_2.png
7,375,lattice,4,p,img/target_10.png
7,376,lattice,5,r,img/target_4.png
7,377,lattice,6,v,img/target_5.png
7,378,lattice,7,i,img/target_8.png
7,379,lattice,5,r,img/target_4.png
7,380,lattice,4,p,img/target_10.png
7,381,lattice,3,w,img/target_2.png
7,382,lattice,4,p,img/target_10.png
7,383,lattice,3,w,img/target_2.png
7,384,lattice,4,p,img/target_10.png
7,385,lattice,3,w,img/target_2.png
7,386,lattice,5,r,img/target_4.png
7,387,lattice,7,i,img/target_8.png
7,388,lattice,9,e,img/target_3.png
7,389,lattice,8,u,img/target_7.png
7,390,lattice,6,v,img/target_5.png
7,391,lattice,5,r,img/target_4.png
7,392,lattice,7,i,img/target_8.png
7,393,lattice,8,u,img/target_7.png
7,394,lattice,9,e,img/target_3.png
7,395,lattice,1,b,img/target_6.png
7,396,lattice,2,q,img/target_1.png
7,397,lattice,3,w,img/target_2.png
7,398,lattice,2,q,img/target_1.png
7,399,lattice,3,w,img/target_2.png
7,400,lattice,2,q,img/target_1.png
7,401,lattice,3,w,img/target_2.png
7,402,lattice,4,p,img/target_10.png
7,403,lattice,3,w,img/target_2.png
7,404,lattice,5,r,img/target_4.png
7,405,lattice,4,p,img/target_10.png
7,406,lattice,6,v,img/target_5.png
7,407,lattice,5,r,img/target_4.png
7,408,lattice,3,w,img/target_2.png
7,409,lattice,5,r,img/target_4.png
7,410,lattice,4,p,img/target_10.png
7,411,lattice,6,v,img/target_5.png
7,412,lattice,5,r,img/target_4.png
7,413,lattice,4,p,img/target_10.png
7,414,lattice,5,r,img/target_4.png
7,415,lattice,7,i,img/target_8.png
7,416,lattice,5,r,img/target_4.png
7,417,lattice,3,w,img/target_2.png
7,418,lattice,2,q,img/target_1.png
7,419,lattice,1,b,img/target_6.png
7,420,lattice,2,q,img/target_1.png
7,421,lattice,0,o,img/target_9.png
7,422,lattice,1,b,img/target_6.png
7,423,lattice,3,w,img/target_2.png
7,424,lattice,1,b,img/target_6.png
7,425,lattice,2,q,img/target_1.png
7,426,lattice,1,b,img/target_6.png
7,427,lattice,9,e,img/target_3.png
7,428,lattice,8,u,img/target_7.png
7,429,lattice,6,v,img/target_5.png
7,430,lattice,4,p,img/target_10.png
7,431,lattice,5,r,img/target_4.png
7,432,lattice,3,w,img/target_2.png
7,433,lattice,4,p,img/target_10.png
7,434,lattice,5,r,img/target_4.png
7,435,lattice,7,i,img/target_8.png
7,436,lattice,8,u,img/target_7.png
7,437,lattice,9,e,img/target_3.png
7,438,lattice,1,b,img/target_6.png
7,439,lattice,3,w,img/target_2.png
7,440,lattice,1,b,img/target_6.png
7,441,lattice,9,e,img/target_3.png
7,442,lattice,7,i,img/target_8.png
7,443,lattice,9,e,img/target_3.png
7,444,lattice,8,u,img/target_7.png
7,445,lattice,9,e,img/target_3.png
7,446,lattice,1,b,img/target_6.png
7,447,lattice,0,o,img/target_9.png
7,448,lattice,8,u,img/target_7.png
7,449,lattice,7,i,img/target_8.png
7,450,lattice,8,u,img/target_7.png
7,451,lattice,9,e,img/target_3.png
7,452,lattice,0,o,img/target_9.png
7,453,lattice,2,q,img/target_1.png
7,454,lattice,3,w,img/target_2.png
7,455,lattice,2,q,img/target_1.png
7,456,lattice,0,o,img/target_9.png
7,457,lattice,2,q,img/target_1.png
7,458,lattice,0,o,img/target_9.png
7,459,lattice,8,u,img/target_7.png
7,460,lattice,7,i,img/target_8.png
7,461,lattice,9,e,img/target_3.png
7,462,lattice,7,i,img/target_8.png
7,463,lattice,9,e,img/target_3.png
7,464,lattice,7,i,img/target_8.png
7,465,lattice,8,u,img/target_7.png
7,466,lattice,7,i,img/target_8.png
7,467,lattice,9,e,img/target_3.png
7,468,lattice,1,b,img/target_6.png
7,469,lattice,0,o,img/target_9.png
7,470,lattice,9,e,img/target_3.png
7,471,lattice,8,u,img/target_7.png
7,472,lattice,9,e,img/target_3.png
7,473,lattice,1,b,img/target_6.png
7,474,lattice,3,w,img/target_2.png
7,475,lattice,2,q,img/target_1.png
7,476,lattice,1,b,img/target_6.png
7,477,lattice,0,o,img/target_9.png
7,478,lattice,2,q,img/target_1.png
7,479,lattice,0,o,img/target_9.png
7,480,lattice,2,q,img/target_1.png
7,481,lattice,1,b,img/target_6.png
7,482,lattice,2,q,img/target_1.png
7,483,lattice,4,p,img/target_10.png
7,484,lattice,2,q,img/target_1.png
7,485,lattice,4,p,img/target_10.png
7,486,lattice,3,w,img/target_2.png
7,487,lattice,1,b,img/target_6.png
7,488,lattice,3,w,img/target_2.png
7,489,lattice,4,p,img/target_10.png
7,490,lattice,2,q,img/target_1.png
7,491,lattice,4,p,img/target_10.png
7,492,lattice,3,w,img/target_2.png
7,493,lattice,2,q,img/target_1.png
7,494,lattice,0,o,img/target_9.png
7,495,lattice,8,u,img/target_7.png
7,496,lattice,0,o,img/target_9.png
7,497,lattice,9,e,img/target_3.png
7,498,lattice,0,o,img/target_9.png
7,499,lattice,1,b,img/target_6.png
7,500,lattice,0,o,img/target_9.png
7,501,lattice,2,q,img/target_1.png
7,502,lattice,3,w,img/target_2.png
7,503,lattice,5,r,img/target_4.png
7,504,lattice,6,v,img/target_5.png
7,505,lattice,5,r,img/target_4.png
7,506,lattice,7,i,img/target_8.png
7,507,lattice,9,e,img/target_3.png
7,508,lattice,0,o,img/target_9.png
7,509,lattice,2,q,img/target_1.png
7,510,lattice,4,p,img/target_10.png
7,511,lattice,2,q,img/target_1.png
7,512,lattice,1,b,img/target_6.png
7,513,lattice,9,e,img/target_3.png
7,514,lattice,7,i,img/target_8.png
7,515,lattice,8,u,img/target_7.png
7,516,lattice,9,e,img/target_3.png
7,517,lattice,7,i,img/target_8.png
7,518,lattice,9,e,img/target_3.png
7,519,lattice,1,b,img/target_6.png
7,520,lattice,9,e,img/target_3.png
7,521,lattice,8,u,img/target_7.png
7,522,lattice,7,i,img/target_8.png
7,523,lattice,6,v,img/target_5.png
7,524,lattice,5,r,img/target_4.png
7,525,lattice,6,v,img/target_5.png
7,526,lattice,8,u,img/target_7.png
7,527,lattice,6,v,img/target_5.png
7,528,lattice,4,p,img/target_10.png
7,529,lattice,3,w,img/target_2.png
7,530,lattice,5,r,img/target_4.png
7,531,lattice,7,i,img/target_8.png
7,532,lattice,8,u,img/target_7.png
7,533,lattice,0,o,img/target_9.png
7,534,lattice,9,e,img/target_3.png
7,535,lattice,0,o,img/target_9.png
7,536,lattice,9,e,img/target_3.png
7,537,lattice,8,u,img/target_7.png
7,538,lattice,6,v,img/target_5.png
7,539,lattice,4,p,img/target_10.png
7,540,lattice,6,v,img/target_5.png
7,541,lattice,7,i,img/target_8.png
7,542,lattice,9,e,img/target_3.png
7,543,lattice,1,b,img/target_6.png
7,544,lattice,0,o,img/target_9.png
7,545,lattice,1,b,img/target_6.png
7,546,lattice,2,q,img/target_1.png
7,547,lattice,3,w,img/target_2.png
7,548,lattice,4,p,img/target_10.png
7,549,lattice,2,q,img/target_1.png
7,550,lattice,0,o,img/target_9.png
7,551,lattice,2,q,img/target_1.png
7,552,lattice,0,o,img/target_9.png
7,553,lattice,8,u,img/target_7.png
7,554,lattice,0,o,img/target_9.png
7,555,lattice,8,u,img/target_7.png
7,556,lattice,9,e,img/target_3.png
7,557,lattice,7,i,img/target_8.png
7,558,lattice,6,v,img/target_5.png
7,559,lattice,5,r,img/target_4.png
7,560,lattice,7,i,img/target_8.png
7,561,lattice,9,e,img/target_3.png
7,562,lattice,8,u,img/target_7.png
7,563,lattice,9,e,img/target_3.png
7,564,lattice,8,u,img/target_7.png
7,565,lattice,0,o,img/target_9.png
7,566,lattice,8,u,img/target_7.png
7,567,lattice,0,o,img/target_9.png
7,568,lattice,8,u,img/target_7.png
7,569,lattice,7,i,img/target_8.png
7,570,lattice,6,v,img/target_5.png
7,571,lattice,5,r,img/target_4.png
7,572,lattice,7,i,img/target_8.png
7,573,lattice,8,u,img/target_7.png
7,574,lattice,9,e,img/target_3.png
7,575,lattice,8,u,img/target_7.png
7,576,lattice,0,o,img/target_9.png
7,577,lattice,1,b,img/target_6.png
7,578,lattice,2,q,img/target_1.png
7,579,lattice,1,b,img/target_6.png
7,580,lattice,2,q,img/target_1.png
7,581,lattice,3,w,img/target_2.png
7,582,lattice,2,q,img/target_1.png
7,583,lattice,1,b,img/target_6.png
7,584,lattice,0,o,img/target_9.png
7,585,lattice,8,u,img/target_7.png
7,586,lattice,7,i,img/target_8.png
7,587,lattice,6,v,img/target_5.png
7,588,lattice,5,r,img/target_4.png
7,589,lattice,3,w,img/target_2.png
7,590,lattice,5,r,img/target_4.png
7,591,lattice,7,i,img/target_8.png
7,592,lattice,5,r,img/target_4.png
7,593,lattice,3,w,img/target_2.png
7,594,lattice,1,b,img/target_6.png
7,595,lattice,9,e,img/target_3.png
7,596,lattice,7,i,img/target_8.png
7,597,lattice,9,e,img/target_3.png
7,598,lattice,0,o,img/target_9.png
7,599,lattice,9,e,img/target_3.png
7,600,lattice,0,o,img/target_9.png
7,601,lattice,9,e,img/target_3.png
7,602,lattice,1,b,img/target_6.png
7,603,lattice,3,w,img/target_2.png
7,604,lattice,1,b,img/target_6.png
7,605,lattice,9,e,img/target_3.png
7,606,lattice,1,b,img/target_6.png
7,607,lattice,0,o,img/target_9.png
7,608,lattice,2,q,img/target_1.png
7,609,lattice,0,o,img/target_9.png
7,610,lattice,1,b,img/target_6.png
7,611,lattice,3,w,img/target_2.png
7,612,lattice,5,r,img/target_4.png
7,613,lattice,4,p,img/target_10.png
7,614,lattice,5,r,img/target_4.png
7,615,lattice,7,i,img/target_8.png
7,616,lattice,6,v,img/target_5.png
7,617,lattice,5,r,img/target_4.png
7,618,lattice,6,v,img/target_5.png
7,619,lattice,8,u,img/target_7.png
7,620,lattice,6,v,img/target_5.png
7,621,lattice,8,u,img/target_7.png
7,622,lattice,0,o,img/target_9.png
7,623,lattice,1,b,img/target_6.png
7,624,lattice,2,q,img/target_1.png
7,625,lattice,1,b,img/target_6.png
7,626,lattice,2,q,img/target_1.png
7,627,lattice,4,p,img/target_10.png
7,628,lattice,5,r,img/target_4.png
7,629,lattice,4,p,img/target_10.png
7,630,lattice,5,r,img/target_4.png
7,631,lattice,7,i,img/target_8.png
7,632,lattice,6,v,img/target_5.png
7,633,lattice,8,u,img/target_7.png
7,634,lattice,0,o,img/target_9.png
7,635,lattice,9,e,img/target_3.png
7,636,lattice,7,i,img/target_8.png
7,637,lattice,6,v,img/target_5.png
7,638,lattice,7,i,img/target_8.png
7,639,lattice,6,v,img/target_5.png
7,640,lattice,4,p,img/target_10.png
7,641,lattice,2,q,img/target_1.png
7,642,lattice,0,o,img/target_9.png
7,643,lattice,8,u,img/target_7.png
7,644,lattice,9,e,img/target_3.png
7,645,lattice,8,u,img/target_7.png
7,646,lattice,6,v,img/target_5.png
7,647,lattice,4,p,img/target_10.png
7,648,lattice,3,w,img/target_2.png
7,649,lattice,1,b,img/target_6.png
7,650,lattice,3,w,img/target_2.png
7,651,lattice,4,p,img/target_10.png
7,652,lattice,2,q,img/target_1.png
7,653,lattice,0,o,img/target_9.png
7,654,lattice,1,b,img/target_6.png
7,655,lattice,2,q,img/target_1.png
7,656,lattice,0,o,img/target_9.png
7,657,lattice,2,q,img/target_1.png
7,658,lattice,3,w,img/target_2.png
7,659,lattice,1,b,img/target_6.png
7,660,lattice,0,o,img/target_9.png
7,661,lattice,2,q,img/target_1.png
7,662,lattice,0,o,img/target_9.png
7,663,lattice,8,u,img/target_7.png
7,664,lattice,9,e,img/target_3.png
7,665,lattice,8,u,img/target_7.png
7,666,lattice,9,e,img/target_3.png
7,667,lattice,0,o,img/target_9.png
7,668,lattice,9,e,img/target_3.png
7,669,lattice,8,u,img/target_7.png
7,670,lattice,9,e,img/target_3.png
7,671,lattice,7,i,img/target_8.png
7,672,lattice,9,e,img/target_3.png
7,673,lattice,7,i,img/target_8.png
7,674,lattice,6,v,img/target_5.png
7,675,lattice,8,u,img/target_7.png
7,676,lattice,7,i,img/target_8.png
7,677,lattice,6,v,img/target_5.png
7,678,lattice,7,i,img/target_8.png
7,679,lattice,9,e,img/target_3.png
7,680,lattice,1,b,img/target_6.png
7,681,lattice,3,w,img/target_2.png
7,682,lattice,4,p,img/target_10.png
7,683,lattice,3,w,img/target_2.png
7,684,lattice,1,b,img/target_6.png
7,685,lattice,2,q,img/target_1.png
7,686,lattice,4,p,img/target_10.png
7,687,lattice,5,r,img/target_4.png
7,688,lattice,4,p,img/target_10.png
7,689,lattice,2,q,img/target_1.png
7,690,lattice,1,b,img/target_6.png
7,691,lattice,9,e,img/target_3.png
7,692,lattice,0,o,img/target_9.png
7,693,lattice,8,u,img/target_7.png
7,694,lattice,6,v,img/target_5.png
7,695,lattice,7,i,img/target_8.png
7,696,lattice,5,r,img/target_4.png
7,697,lattice,6,v,img/target_5.png
7,698,lattice,7,i,img/target_8.png
7,699,lattice,9,e,img/target_3.png
7,700,lattice,0,o,img/target_9.png
7,701,lattice,2,q,img/target_1.png
7,702,lattice,3,w,img/target_2.png
7,703,lattice,2,q,img/target_1.png
7,704,lattice,1,b,img/target_6.png
7,705,lattice,9,e,img/target_3.png
7,706,lattice,7,i,img/target_8.png
7,707,lattice,5,r,img/target_4.png
7,708,lattice,3,w,img/target_2.png
7,709,lattice,4,p,img/target_10.png
7,710,lattice,2,q,img/target_1.png
7,711,lattice,3,w,img/target_2.png
7,712,lattice,5,r,img/target_4.png
7,713,lattice,7,i,img/target_8.png
7,714,lattice,5,r,img/target_4.png
7,715,lattice,6,v,img/target_5.png
7,716,lattice,5,r,img/target_4.png
7,717,lattice,6,v,img/target_5.png
7,718,lattice,5,r,img/target_4.png
7,719,lattice,6,v,img/target_5.png
7,720,lattice,4,p,img/target_10.png
7,721,lattice,5,r,img/target_4.png
7,722,lattice,4,p,img/target_10.png
7,723,lattice,2,q,img/target_1.png
7,724,lattice,1,b,img/target_6.png
7,725,lattice,3,w,img/target_2.png
7,726,lattice,2,q,img/target_1.png
7,727,lattice,0,o,img/target_9.png
7,728,lattice,9,e,img/target_3.png
7,729,lattice,7,i,img/target_8.png
7,730,lattice,5,r,img/target_4.png
7,731,lattice,6,v,img/target_5.png
7,732,lattice,4,p,img/target_10.png
7,733,lattice,6,v,img/target_5.png
7,734,lattice,4,p,img/target_10.png
7,735,lattice,2,q,img/target_1.png
7,736,lattice,4,p,img/target_10.png
7,737,lattice,6,v,img/target_5.png
7,738,lattice,4,p,img/target_10.png
7,739,lattice,6,v,img/target_5.png
7,740,lattice,7,i,img/target_8.png
7,741,lattice,8,u,img/target_7.png
7,742,lattice,9,e,img/target_3.png
7,743,lattice,1,b,img/target_6.png
7,744,lattice,9,e,img/target_3.png
7,745,lattice,0,o,img/target_9.png
7,746,lattice,8,u,img/target_7.png
7,747,lattice,0,o,img/target_9.png
7,748,lattice,1,b,img/target_6.png
7,749,lattice,0,o,img/target_9.png
7,750,lattice,8,u,img/target_7.png
7,751,lattice,9,e,img/target_3.png
7,752,lattice,0,o,img/target_9.png
7,753,lattice,2,q,img/target_1.png
7,754,lattice,3,w,img/target_2.png
7,755,lattice,2,q,img/target_1.png
7,756,lattice,1,b,img/target_6.png
7,757,lattice,2,q,img/target_1.png
7,758,lattice,4,p,img/target_10.png
7,759,lattice,6,v,img/target_5.png
7,760,lattice,7,i,img/target_8.png
7,761,lattice,5,r,img/target_4.png
7,762,lattice,6,v,img/target_5.png
7,763,lattice,7,i,img/target_8.png
7,764,lattice,9,e,img/target_3.png
7,765,lattice,0,o,img/target_9.png
7,766,lattice,2,q,img/target_1.png
7,767,lattice,1,b,img/target_6.png
7,768,lattice,2,q,img/target_1.png
7,769,lattice,0,o,img/target_9.png
7,770,lattice,2,q,img/target_1.png
7,771,lattice,4,p,img/target_10.png
7,772,lattice,2,q,img/target_1.png
7,773,lattice,0,o,img/target_9.png
7,774,lattice,9,e,img/target_3.png
7,775,lattice,0,o,img/target_9.png
7,776,lattice,1,b,img/target_6.png
7,777,lattice,3,w,img/target_2.png
7,778,lattice,5,r,img/target_4.png
7,779,lattice,4,p,img/target_10.png
7,780,lattice,5,r,img/target_4.png
7,781,lattice,3,w,img/target_2.png
7,782,lattice,5,r,img/target_4.png
7,783,lattice,3,w,img/target_2.png
7,784,lattice,1,b,img/target_6.png
7,785,lattice,2,q,img/target_1.png
7,786,lattice,0,o,img/target_9.png
7,787,lattice,9,e,img/target_3.png
7,788,lattice,7,i,img/target_8.png
7,789,lattice,9,e,img/target_3.png
7,790,lattice,8,u,img/target_7.png
7,791,lattice,7,i,img/target_8.png
7,792,lattice,9,e,img/target_3.png
7,793,lattice,7,i,img/target_8.png
7,794,lattice,8,u,img/target_7.png
7,795,lattice,7,i,img/target_8.png
7,796,lattice,6,v,img/target_5.png
7,797,lattice,4,p,img/target_10.png
7,798,lattice,2,q,img/target_1.png
7,799,lattice,3,w,img/target_2.png
7,800,lattice,1,b,img/target_6.png
7,801,lattice,0,o,img/target_9.png
7,802,lattice,1,b,img/target_6.png
7,803,lattice,0,o,img/target_9.png
7,804,lattice,1,b,img/target_6.png
7,805,lattice,2,q,img/target_1.png
7,806,lattice,3,w,img/target_2.png
7,807,lattice,2,q,img/target_1.png
7,808,lattice,0,o,img/target_9.png
7,809,lattice,2,q,img/target_1.png
7,810,lattice,3,w,img/target_2.png
7,811,lattice,5,r,img/target_4.png
7,812,lattice,4,p,img/target_10.png
7,813,lattice,6,v,img/target_5.png
7,814,lattice,4,p,img/target_10.png
7,815,lattice,5,r,img/target_4.png
7,816,lattice,3,w,img/target_2.png
7,817,lattice,4,p,img/target_10.png
7,818,lattice,3,w,img/target_2.png
7,819,lattice,2,q,img/target_1.png
7,820,lattice,4,p,img/target_10.png
7,821,lattice,3,w,img/target_2.png
7,822,lattice,1,b,img/target_6.png
7,823,lattice,0,o,img/target_9.png
7,824,lattice,2,q,img/target_1.png
7,825,lattice,1,b,img/target_6.png
7,826,lattice,3,w,img/target_2.png
7,827,lattice,5,r,img/target_4.png
7,828,lattice,6,v,img/target_5.png
7,829,lattice,4,p,img/target_10.png
7,830,lattice,2,q,img/target_1.png
7,831,lattice,4,p,img/target_10.png
7,832,lattice,6,v,img/target_5.png
7,833,lattice,4,p,img/target_10.png
7,834,lattice,6,v,img/target_5.png
7,835,lattice,4,p,img/target_10.png
7,836,lattice,2,q,img/target_1.png
7,837,lattice,0,o,img/target_9.png
7,838,lattice,9,e,img/target_3.png
7,839,lattice,7,i,img/target_8.png
7,840,lattice,5,r,img/target_4.png
7,841,lattice,4,p,img/target_10.png
7,842,lattice,2,q,img/target_1.png
7,843,lattice,0,o,img/target_9.png
7,844,lattice,2,q,img/target_1.png
7,845,lattice,3,w,img/target_2.png
7,846,lattice,4,p,img/target_10.png
7,847,lattice,3,w,img/target_2.png
7,848,lattice,2,q,img/target_1.png
7,849,lattice,1,b,img/target_6.png
7,850,lattice,3,w,img/target_2.png
7,851,lattice,1,b,img/target_6.png
7,852,lattice,2,q,img/target_1.png
7,853,lattice,3,w,img/target_2.png
7,854,lattice,2,q,img/target_1.png
7,855,lattice,0,o,img/target_9.png
7,856,lattice,9,e,img/target_3.png
7,857,lattice,1,b,img/target_6.png
7,858,lattice,9,e,img/target_3.png
7,859,lattice,1,b,img/target_6.png
7,860,lattice,3,w,img/target_2.png
7,861,lattice,1,b,img/target_6.png
7,862,lattice,3,w,img/target_2.png
7,863,lattice,5,r,img/target_4.png
7,864,lattice,3,w,img/target_2.png
7,865,lattice,5,r,img/target_4.png
7,866,lattice,3,w,img/target_2.png
7,867,lattice,1,b,img/target_6.png
7,868,lattice,3,w,img/target_2.png
7,869,lattice,1,b,img/target_6.png
7,870,lattice,2,q,img/target_1.png
7,871,lattice,1,b,img/target_6.png
7,872,lattice,0,o,img/target_9.png
7,873,lattice,9,e,img/target_3.png
7,874,lattice,8,u,img/target_7.png
7,875,lattice,7,i,img/target_8.png
7,876,lattice,8,u,img/target_7.png
7,877,lattice,9,e,img/target_3.png
7,878,lattice,0,o,img/target_9.png
7,879,lattice,2,q,img/target_1.png
7,880,lattice,3,w,img/target_2.png
7,881,lattice,1,b,img/target_6.png
7,882,lattice,3,w,img/target_2.png
7,883,lattice,2,q,img/target_1.png
7,884,lattice,3,w,img/target_2.png
7,885,lattice,1,b,img/target_6.png
7,886,lattice,9,e,img/target_3.png
7,887,lattice,8,u,img/target_7.png
7,888,lattice,0,o,img/target_9.png
7,889,lattice,1,b,img/target_6.png
7,890,lattice,9,e,img/target_3.png
7,891,lattice,1,b,img/target_6.png
7,892,lattice,9,e,img/target_3.png
7,893,lattice,1,b,img/target_6.png
7,894,lattice,0,o,img/target_9.png
7,895,lattice,1,b,img/target_6.png
7,896,lattice,3,w,img/target_2.png
7,897,lattice,4,p,img/target_10.png
7,898,lattice,3,w,img/target_2.png
7,899,lattice,2,q,img/target_1.png
7,900,lattice,3,w,img/target_2.png
7,901,lattice,5,r,img/target_4.png
7,902,lattice,7,i,img/target_8.png
7,903,lattice,8,u,img/target_7.png
7,904,lattice,9,e,img/target_3.png
7,905,lattice,7,i,img/target_8.png
7,906,lattice,8,u,img/target_7.png
7,907,lattice,9,e,img/target_3.png
7,908,lattice,7,i,img/target_8.png
7,909,lattice,6,v,img/target_5.png
7,910,lattice,5,r,img/target_4.png
7,911,lattice,3,w,img/target_2.png
7,912,lattice,4,p,img/target_10.png
7,913,lattice,5,r,img/target_4.png
7,914,lattice,6,v,img/target_5.png
7,915,lattice,8,u,img/target_7.png
7,916,lattice,9,e,img/target_3.png
7,917,lattice,7,i,img/target_8.png
7,918,lattice,8,u,img/target_7.png
7,919,lattice,6,v,img/target_5.png
7,920,lattice,7,i,img/target_8.png
7,921,lattice,6,v,img/target_5.png
7,922,lattice,4,p,img/target_10.png
7,923,lattice,6,v,img/target_5.png
7,924,lattice,8,u,img/target_7.png
7,925,lattice,0,o,img/target_9.png
7,926,lattice,8,u,img/target_7.png
7,927,lattice,9,e,img/target_3.png
7,928,lattice,8,u,img/target_7.png
7,929,lattice,9,e,img/target_3.png
7,930,lattice,8,u,img/target_7.png
7,931,lattice,7,i,img/target_8.png
7,932,lattice,6,v,img/target_5.png
7,933,lattice,7,i,img/target_8.png
7,934,lattice,6,v,img/target_5.png
7,935,lattice,7,i,img/target_8.png
7,936,lattice,5,r,img/target_4.png
7,937,lattice,7,i,img/target_8.png
7,938,lattice,5,r,img/target_4.png
7,939,lattice,4,p,img/target_10.png
7,940,lattice,3,w,img/target_2.png
7,941,lattice,5,r,img/target_4.png
7,942,lattice,7,i,img/target_8.png
7,943,lattice,5,r,img/target_4.png
7,944,lattice,3,w,img/target_2.png
7,945,lattice,1,b,img/target_6.png
7,946,lattice,0,o,img/target_9.png
7,947,lattice,8,u,img/target_7.png
7,948,lattice,0,o,img/target_9.png
7,949,lattice,8,u,img/target_7.png
7,950,lattice,9,e,img/target_3.png
7,951,lattice,8,u,img/target_7.png
7,952,lattice,0,o,img/target_9.png
7,953,lattice,1,b,img/target_6.png
7,954,lattice,3,w,img/target_2.png
7,955,lattice,2,q,img/target_1.png
7,956,lattice,3,w,img/target_2.png
7,957,lattice,5,r,img/target_4.png
7,958,lattice,7,i,img/target_8.png
7,959,lattice,6,v,img/target_5.png
7,960,lattice,5,r,img/target_4.png
7,961,lattice,4,p,img/target_10.png
7,962,lattice,3,w,img/target_2.png
7,963,lattice,1,b,img/target_6.png
7,964,lattice,0,o,img/target_9.png
7,965,lattice,9,e,img/target_3.png
7,966,lattice,0,o,img/target_9.png
7,967,lattice,2,q,img/target_1.png
7,968,lattice,3,w,img/target_2.png
7,969,lattice,2,q,img/target_1.png
7,970,lattice,4,p,img/target_10.png
7,971,lattice,5,r,img/target_4.png
7,972,lattice,7,i,img/target_8.png
7,973,lattice,9,e,img/target_3.png
7,974,lattice,0,o,img/target_9.png
7,975,lattice,8,u,img/target_7.png
7,976,lattice,7,i,img/target_8.png
7,977,lattice,9,e,img/target_3.png
7,978,lattice,7,i,img/target_8.png
7,979,lattice,9,e,img/target_3.png
7,980,lattice,0,o,img/target_9.png
7,981,lattice,8,u,img/target_7.png
7,982,lattice,7,i,img/target_8.png
7,983,lattice,5,r,img/target_4.png
7,984,lattice,6,v,img/target_5.png
7,985,lattice,5,r,img/target_4.png
7,986,lattice,4,p,img/target_10.png
7,987,lattice,2,q,img/target_1.png
7,988,lattice,0,o,img/target_9.png
7,989,lattice,9,e,img/target_3.png
7,990,lattice,8,u,img/target_7.png
7,991,lattice,0,o,img/target_9.png
7,992,lattice,9,e,img/target_3.png
7,993,lattice,0,o,img/target_9.png
7,994,lattice,9,e,img/target_3.png
7,995,lattice,1,b,img/target_6.png
7,996,lattice,3,w,img/target_2.png
7,997,lattice,1,b,img/target_6.png
7,998,lattice,0,o,img/target_9.png
7,999,lattice,9,e,img/target_3.png
7,1000,lattice,8,u,img/target_7.png
