pID,trialNum,graph,walk,resp,path
47,1,lattice,5,v,img/target_5.png
47,2,lattice,7,q,img/target_1.png
47,3,lattice,8,i,img/target_8.png
47,4,lattice,9,w,img/target_2.png
47,5,lattice,0,e,img/target_3.png
47,6,lattice,8,i,img/target_8.png
47,7,lattice,6,r,img/target_4.png
47,8,lattice,7,q,img/target_1.png
47,9,lattice,8,i,img/target_8.png
47,10,lattice,6,r,img/target_4.png
47,11,lattice,4,p,img/target_10.png
47,12,lattice,2,o,img/target_9.png
47,13,lattice,4,p,img/target_10.png
47,14,lattice,3,b,img/target_6.png
47,15,lattice,1,u,img/target_7.png
47,16,lattice,3,b,img/target_6.png
47,17,lattice,5,v,img/target_5.png
47,18,lattice,6,r,img/target_4.png
47,19,lattice,4,p,img/target_10.png
47,20,lattice,2,o,img/target_9.png
47,21,lattice,3,b,img/target_6.png
47,22,lattice,1,u,img/target_7.png
47,23,lattice,9,w,img/target_2.png
47,24,lattice,1,u,img/target_7.png
47,25,lattice,3,b,img/target_6.png
47,26,lattice,5,v,img/target_5.png
47,27,lattice,7,q,img/target_1.png
47,28,lattice,8,i,img/target_8.png
47,29,lattice,0,e,img/target_3.png
47,30,lattice,2,o,img/target_9.png
47,31,lattice,4,p,img/target_10.png
47,32,lattice,6,r,img/target_4.png
47,33,lattice,7,q,img/target_1.png
47,34,lattice,5,v,img/target_5.png
47,35,lattice,6,r,img/target_4.png
47,36,lattice,7,q,img/target_1.png
47,37,lattice,9,w,img/target_2.png
47,38,lattice,8,i,img/target_8.png
47,39,lattice,9,w,img/target_2.png
47,40,lattice,0,e,img/target_3.png
47,41,lattice,1,u,img/target_7.png
47,42,lattice,0,e,img/target_3.png
47,43,lattice,9,w,img/target_2.png
47,44,lattice,8,i,img/target_8.png
47,45,lattice,6,r,img/target_4.png
47,46,lattice,5,v,img/target_5.png
47,47,lattice,4,p,img/target_10.png
47,48,lattice,3,b,img/target_6.png
47,49,lattice,4,p,img/target_10.png
47,50,lattice,6,r,img/target_4.png
47,51,lattice,4,p,img/target_10.png
47,52,lattice,6,r,img/target_4.png
47,53,lattice,5,v,img/target_5.png
47,54,lattice,6,r,img/target_4.png
47,55,lattice,4,p,img/target_10.png
47,56,lattice,6,r,img/target_4.png
47,57,lattice,7,q,img/target_1.png
47,58,lattice,9,w,img/target_2.png
47,59,lattice,8,i,img/target_8.png
47,60,lattice,6,r,img/target_4.png
47,61,lattice,7,q,img/target_1.png
47,62,lattice,9,w,img/target_2.png
47,63,lattice,7,q,img/target_1.png
47,64,lattice,6,r,img/target_4.png
47,65,lattice,4,p,img/target_10.png
47,66,lattice,5,v,img/target_5.png
47,67,lattice,3,b,img/target_6.png
47,68,lattice,1,u,img/target_7.png
47,69,lattice,3,b,img/target_6.png
47,70,lattice,2,o,img/target_9.png
47,71,lattice,4,p,img/target_10.png
47,72,lattice,6,r,img/target_4.png
47,73,lattice,4,p,img/target_10.png
47,74,lattice,5,v,img/target_5.png
47,75,lattice,6,r,img/target_4.png
47,76,lattice,5,v,img/target_5.png
47,77,lattice,6,r,img/target_4.png
47,78,lattice,4,p,img/target_10.png
47,79,lattice,5,v,img/target_5.png
47,80,lattice,4,p,img/target_10.png
47,81,lattice,6,r,img/target_4.png
47,82,lattice,7,q,img/target_1.png
47,83,lattice,6,r,img/target_4.png
47,84,lattice,4,p,img/target_10.png
47,85,lattice,6,r,img/target_4.png
47,86,lattice,4,p,img/target_10.png
47,87,lattice,5,v,img/target_5.png
47,88,lattice,3,b,img/target_6.png
47,89,lattice,1,u,img/target_7.png
47,90,lattice,9,w,img/target_2.png
47,91,lattice,1,u,img/target_7.png
47,92,lattice,9,w,img/target_2.png
47,93,lattice,7,q,img/target_1.png
47,94,lattice,8,i,img/target_8.png
47,95,lattice,0,e,img/target_3.png
47,96,lattice,2,o,img/target_9.png
47,97,lattice,3,b,img/target_6.png
47,98,lattice,2,o,img/target_9.png
47,99,lattice,0,e,img/target_3.png
47,100,lattice,9,w,img/target_2.png
47,101,lattice,0,e,img/target_3.png
47,102,lattice,2,o,img/target_9.png
47,103,lattice,4,p,img/target_10.png
47,104,lattice,6,r,img/target_4.png
47,105,lattice,5,v,img/target_5.png
47,106,lattice,6,r,img/target_4.png
47,107,lattice,7,q,img/target_1.png
47,108,lattice,5,v,img/target_5.png
47,109,lattice,3,b,img/target_6.png
47,110,lattice,5,v,img/target_5.png
47,111,lattice,6,r,img/target_4.png
47,112,lattice,4,p,img/target_10.png
47,113,lattice,2,o,img/target_9.png
47,114,lattice,3,b,img/target_6.png
47,115,lattice,2,o,img/target_9.png
47,116,lattice,0,e,img/target_3.png
47,117,lattice,8,i,img/target_8.png
47,118,lattice,9,w,img/target_2.png
47,119,lattice,8,i,img/target_8.png
47,120,lattice,9,w,img/target_2.png
47,121,lattice,0,e,img/target_3.png
47,122,lattice,9,w,img/target_2.png
47,123,lattice,7,q,img/target_1.png
47,124,lattice,8,i,img/target_8.png
47,125,lattice,0,e,img/target_3.png
47,126,lattice,9,w,img/target_2.png
47,127,lattice,8,i,img/target_8.png
47,128,lattice,7,q,img/target_1.png
47,129,lattice,9,w,img/target_2.png
47,130,lattice,8,i,img/target_8.png
47,131,lattice,9,w,img/target_2.png
47,132,lattice,1,u,img/target_7.png
47,133,lattice,3,b,img/target_6.png
47,134,lattice,4,p,img/target_10.png
47,135,lattice,2,o,img/target_9.png
47,136,lattice,1,u,img/target_7.png
47,137,lattice,9,w,img/target_2.png
47,138,lattice,0,e,img/target_3.png
47,139,lattice,1,u,img/target_7.png
47,140,lattice,9,w,img/target_2.png
47,141,lattice,8,i,img/target_8.png
47,142,lattice,9,w,img/target_2.png
47,143,lattice,8,i,img/target_8.png
47,144,lattice,7,q,img/target_1.png
47,145,lattice,6,r,img/target_4.png
47,146,lattice,5,v,img/target_5.png
47,147,lattice,6,r,img/target_4.png
47,148,lattice,8,i,img/target_8.png
47,149,lattice,7,q,img/target_1.png
47,150,lattice,5,v,img/target_5.png
47,151,lattice,7,q,img/target_1.png
47,152,lattice,5,v,img/target_5.png
47,153,lattice,3,b,img/target_6.png
47,154,lattice,5,v,img/target_5.png
47,155,lattice,3,b,img/target_6.png
47,156,lattice,1,u,img/target_7.png
47,157,lattice,9,w,img/target_2.png
47,158,lattice,7,q,img/target_1.png
47,159,lattice,8,i,img/target_8.png
47,160,lattice,0,e,img/target_3.png
47,161,lattice,2,o,img/target_9.png
47,162,lattice,1,u,img/target_7.png
47,163,lattice,9,w,img/target_2.png
47,164,lattice,0,e,img/target_3.png
47,165,lattice,8,i,img/target_8.png
47,166,lattice,7,q,img/target_1.png
47,167,lattice,9,w,img/target_2.png
47,168,lattice,1,u,img/target_7.png
47,169,lattice,9,w,img/target_2.png
47,170,lattice,7,q,img/target_1.png
47,171,lattice,9,w,img/target_2.png
47,172,lattice,0,e,img/target_3.png
47,173,lattice,8,i,img/target_8.png
47,174,lattice,7,q,img/target_1.png
47,175,lattice,8,i,img/target_8.png
47,176,lattice,6,r,img/target_4.png
47,177,lattice,7,q,img/target_1.png
47,178,lattice,5,v,img/target_5.png
47,179,lattice,6,r,img/target_4.png
47,180,lattice,5,v,img/target_5.png
47,181,lattice,4,p,img/target_10.png
47,182,lattice,5,v,img/target_5.png
47,183,lattice,4,p,img/target_10.png
47,184,lattice,2,o,img/target_9.png
47,185,lattice,1,u,img/target_7.png
47,186,lattice,2,o,img/target_9.png
47,187,lattice,3,b,img/target_6.png
47,188,lattice,4,p,img/target_10.png
47,189,lattice,3,b,img/target_6.png
47,190,lattice,5,v,img/target_5.png
47,191,lattice,7,q,img/target_1.png
47,192,lattice,6,r,img/target_4.png
47,193,lattice,4,p,img/target_10.png
47,194,lattice,3,b,img/target_6.png
47,195,lattice,4,p,img/target_10.png
47,196,lattice,6,r,img/target_4.png
47,197,lattice,7,q,img/target_1.png
47,198,lattice,5,v,img/target_5.png
47,199,lattice,7,q,img/target_1.png
47,200,lattice,8,i,img/target_8.png
47,201,lattice,0,e,img/target_3.png
47,202,lattice,8,i,img/target_8.png
47,203,lattice,9,w,img/target_2.png
47,204,lattice,1,u,img/target_7.png
47,205,lattice,3,b,img/target_6.png
47,206,lattice,4,p,img/target_10.png
47,207,lattice,5,v,img/target_5.png
47,208,lattice,4,p,img/target_10.png
47,209,lattice,6,r,img/target_4.png
47,210,lattice,4,p,img/target_10.png
47,211,lattice,5,v,img/target_5.png
47,212,lattice,6,r,img/target_4.png
47,213,lattice,8,i,img/target_8.png
47,214,lattice,6,r,img/target_4.png
47,215,lattice,4,p,img/target_10.png
47,216,lattice,2,o,img/target_9.png
47,217,lattice,1,u,img/target_7.png
47,218,lattice,0,e,img/target_3.png
47,219,lattice,9,w,img/target_2.png
47,220,lattice,7,q,img/target_1.png
47,221,lattice,5,v,img/target_5.png
47,222,lattice,7,q,img/target_1.png
47,223,lattice,5,v,img/target_5.png
47,224,lattice,6,r,img/target_4.png
47,225,lattice,5,v,img/target_5.png
47,226,lattice,4,p,img/target_10.png
47,227,lattice,5,v,img/target_5.png
47,228,lattice,7,q,img/target_1.png
47,229,lattice,8,i,img/target_8.png
47,230,lattice,6,r,img/target_4.png
47,231,lattice,4,p,img/target_10.png
47,232,lattice,2,o,img/target_9.png
47,233,lattice,3,b,img/target_6.png
47,234,lattice,1,u,img/target_7.png
47,235,lattice,3,b,img/target_6.png
47,236,lattice,5,v,img/target_5.png
47,237,lattice,4,p,img/target_10.png
47,238,lattice,5,v,img/target_5.png
47,239,lattice,4,p,img/target_10.png
47,240,lattice,3,b,img/target_6.png
47,241,lattice,1,u,img/target_7.png
47,242,lattice,3,b,img/target_6.png
47,243,lattice,2,o,img/target_9.png
47,244,lattice,3,b,img/target_6.png
47,245,lattice,2,o,img/target_9.png
47,246,lattice,1,u,img/target_7.png
47,247,lattice,3,b,img/target_6.png
47,248,lattice,5,v,img/target_5.png
47,249,lattice,6,r,img/target_4.png
47,250,lattice,4,p,img/target_10.png
47,251,lattice,2,o,img/target_9.png
47,252,lattice,3,b,img/target_6.png
47,253,lattice,1,u,img/target_7.png
47,254,lattice,9,w,img/target_2.png
47,255,lattice,0,e,img/target_3.png
47,256,lattice,9,w,img/target_2.png
47,257,lattice,0,e,img/target_3.png
47,258,lattice,2,o,img/target_9.png
47,259,lattice,3,b,img/target_6.png
47,260,lattice,4,p,img/target_10.png
47,261,lattice,2,o,img/target_9.png
47,262,lattice,1,u,img/target_7.png
47,263,lattice,9,w,img/target_2.png
47,264,lattice,0,e,img/target_3.png
47,265,lattice,8,i,img/target_8.png
47,266,lattice,6,r,img/target_4.png
47,267,lattice,5,v,img/target_5.png
47,268,lattice,6,r,img/target_4.png
47,269,lattice,8,i,img/target_8.png
47,270,lattice,9,w,img/target_2.png
47,271,lattice,0,e,img/target_3.png
47,272,lattice,2,o,img/target_9.png
47,273,lattice,3,b,img/target_6.png
47,274,lattice,2,o,img/target_9.png
47,275,lattice,1,u,img/target_7.png
47,276,lattice,2,o,img/target_9.png
47,277,lattice,3,b,img/target_6.png
47,278,lattice,5,v,img/target_5.png
47,279,lattice,4,p,img/target_10.png
47,280,lattice,6,r,img/target_4.png
47,281,lattice,8,i,img/target_8.png
47,282,lattice,7,q,img/target_1.png
47,283,lattice,9,w,img/target_2.png
47,284,lattice,0,e,img/target_3.png
47,285,lattice,1,u,img/target_7.png
47,286,lattice,3,b,img/target_6.png
47,287,lattice,1,u,img/target_7.png
47,288,lattice,3,b,img/target_6.png
47,289,lattice,2,o,img/target_9.png
47,290,lattice,1,u,img/target_7.png
47,291,lattice,9,w,img/target_2.png
47,292,lattice,8,i,img/target_8.png
47,293,lattice,7,q,img/target_1.png
47,294,lattice,9,w,img/target_2.png
47,295,lattice,1,u,img/target_7.png
47,296,lattice,9,w,img/target_2.png
47,297,lattice,7,q,img/target_1.png
47,298,lattice,5,v,img/target_5.png
47,299,lattice,6,r,img/target_4.png
47,300,lattice,5,v,img/target_5.png
47,301,lattice,6,r,img/target_4.png
47,302,lattice,5,v,img/target_5.png
47,303,lattice,3,b,img/target_6.png
47,304,lattice,2,o,img/target_9.png
47,305,lattice,4,p,img/target_10.png
47,306,lattice,6,r,img/target_4.png
47,307,lattice,7,q,img/target_1.png
47,308,lattice,6,r,img/target_4.png
47,309,lattice,8,i,img/target_8.png
47,310,lattice,6,r,img/target_4.png
47,311,lattice,7,q,img/target_1.png
47,312,lattice,8,i,img/target_8.png
47,313,lattice,6,r,img/target_4.png
47,314,lattice,8,i,img/target_8.png
47,315,lattice,7,q,img/target_1.png
47,316,lattice,5,v,img/target_5.png
47,317,lattice,4,p,img/target_10.png
47,318,lattice,3,b,img/target_6.png
47,319,lattice,1,u,img/target_7.png
47,320,lattice,3,b,img/target_6.png
47,321,lattice,4,p,img/target_10.png
47,322,lattice,6,r,img/target_4.png
47,323,lattice,5,v,img/target_5.png
47,324,lattice,7,q,img/target_1.png
47,325,lattice,6,r,img/target_4.png
47,326,lattice,4,p,img/target_10.png
47,327,lattice,2,o,img/target_9.png
47,328,lattice,1,u,img/target_7.png
47,329,lattice,9,w,img/target_2.png
47,330,lattice,1,u,img/target_7.png
47,331,lattice,0,e,img/target_3.png
47,332,lattice,1,u,img/target_7.png
47,333,lattice,2,o,img/target_9.png
47,334,lattice,3,b,img/target_6.png
47,335,lattice,2,o,img/target_9.png
47,336,lattice,4,p,img/target_10.png
47,337,lattice,2,o,img/target_9.png
47,338,lattice,3,b,img/target_6.png
47,339,lattice,4,p,img/target_10.png
47,340,lattice,6,r,img/target_4.png
47,341,lattice,5,v,img/target_5.png
47,342,lattice,6,r,img/target_4.png
47,343,lattice,4,p,img/target_10.png
47,344,lattice,3,b,img/target_6.png
47,345,lattice,2,o,img/target_9.png
47,346,lattice,0,e,img/target_3.png
47,347,lattice,8,i,img/target_8.png
47,348,lattice,9,w,img/target_2.png
47,349,lattice,0,e,img/target_3.png
47,350,lattice,9,w,img/target_2.png
47,351,lattice,0,e,img/target_3.png
47,352,lattice,1,u,img/target_7.png
47,353,lattice,3,b,img/target_6.png
47,354,lattice,2,o,img/target_9.png
47,355,lattice,1,u,img/target_7.png
47,356,lattice,0,e,img/target_3.png
47,357,lattice,8,i,img/target_8.png
47,358,lattice,7,q,img/target_1.png
47,359,lattice,8,i,img/target_8.png
47,360,lattice,6,r,img/target_4.png
47,361,lattice,7,q,img/target_1.png
47,362,lattice,8,i,img/target_8.png
47,363,lattice,0,e,img/target_3.png
47,364,lattice,8,i,img/target_8.png
47,365,lattice,9,w,img/target_2.png
47,366,lattice,1,u,img/target_7.png
47,367,lattice,2,o,img/target_9.png
47,368,lattice,0,e,img/target_3.png
47,369,lattice,2,o,img/target_9.png
47,370,lattice,1,u,img/target_7.png
47,371,lattice,9,w,img/target_2.png
47,372,lattice,7,q,img/target_1.png
47,373,lattice,9,w,img/target_2.png
47,374,lattice,0,e,img/target_3.png
47,375,lattice,9,w,img/target_2.png
47,376,lattice,0,e,img/target_3.png
47,377,lattice,2,o,img/target_9.png
47,378,lattice,1,u,img/target_7.png
47,379,lattice,3,b,img/target_6.png
47,380,lattice,1,u,img/target_7.png
47,381,lattice,0,e,img/target_3.png
47,382,lattice,8,i,img/target_8.png
47,383,lattice,0,e,img/target_3.png
47,384,lattice,2,o,img/target_9.png
47,385,lattice,1,u,img/target_7.png
47,386,lattice,2,o,img/target_9.png
47,387,lattice,1,u,img/target_7.png
47,388,lattice,0,e,img/target_3.png
47,389,lattice,2,o,img/target_9.png
47,390,lattice,3,b,img/target_6.png
47,391,lattice,2,o,img/target_9.png
47,392,lattice,3,b,img/target_6.png
47,393,lattice,1,u,img/target_7.png
47,394,lattice,2,o,img/target_9.png
47,395,lattice,4,p,img/target_10.png
47,396,lattice,2,o,img/target_9.png
47,397,lattice,0,e,img/target_3.png
47,398,lattice,9,w,img/target_2.png
47,399,lattice,8,i,img/target_8.png
47,400,lattice,7,q,img/target_1.png
47,401,lattice,5,v,img/target_5.png
47,402,lattice,6,r,img/target_4.png
47,403,lattice,7,q,img/target_1.png
47,404,lattice,8,i,img/target_8.png
47,405,lattice,7,q,img/target_1.png
47,406,lattice,6,r,img/target_4.png
47,407,lattice,8,i,img/target_8.png
47,408,lattice,7,q,img/target_1.png
47,409,lattice,6,r,img/target_4.png
47,410,lattice,8,i,img/target_8.png
47,411,lattice,7,q,img/target_1.png
47,412,lattice,9,w,img/target_2.png
47,413,lattice,1,u,img/target_7.png
47,414,lattice,9,w,img/target_2.png
47,415,lattice,8,i,img/target_8.png
47,416,lattice,7,q,img/target_1.png
47,417,lattice,9,w,img/target_2.png
47,418,lattice,8,i,img/target_8.png
47,419,lattice,7,q,img/target_1.png
47,420,lattice,5,v,img/target_5.png
47,421,lattice,7,q,img/target_1.png
47,422,lattice,5,v,img/target_5.png
47,423,lattice,3,b,img/target_6.png
47,424,lattice,1,u,img/target_7.png
47,425,lattice,0,e,img/target_3.png
47,426,lattice,8,i,img/target_8.png
47,427,lattice,7,q,img/target_1.png
47,428,lattice,6,r,img/target_4.png
47,429,lattice,4,p,img/target_10.png
47,430,lattice,2,o,img/target_9.png
47,431,lattice,4,p,img/target_10.png
47,432,lattice,5,v,img/target_5.png
47,433,lattice,7,q,img/target_1.png
47,434,lattice,6,r,img/target_4.png
47,435,lattice,5,v,img/target_5.png
47,436,lattice,4,p,img/target_10.png
47,437,lattice,3,b,img/target_6.png
47,438,lattice,4,p,img/target_10.png
47,439,lattice,5,v,img/target_5.png
47,440,lattice,6,r,img/target_4.png
47,441,lattice,8,i,img/target_8.png
47,442,lattice,6,r,img/target_4.png
47,443,lattice,5,v,img/target_5.png
47,444,lattice,7,q,img/target_1.png
47,445,lattice,9,w,img/target_2.png
47,446,lattice,1,u,img/target_7.png
47,447,lattice,3,b,img/target_6.png
47,448,lattice,5,v,img/target_5.png
47,449,lattice,6,r,img/target_4.png
47,450,lattice,7,q,img/target_1.png
47,451,lattice,6,r,img/target_4.png
47,452,lattice,8,i,img/target_8.png
47,453,lattice,0,e,img/target_3.png
47,454,lattice,8,i,img/target_8.png
47,455,lattice,9,w,img/target_2.png
47,456,lattice,1,u,img/target_7.png
47,457,lattice,3,b,img/target_6.png
47,458,lattice,1,u,img/target_7.png
47,459,lattice,0,e,img/target_3.png
47,460,lattice,9,w,img/target_2.png
47,461,lattice,1,u,img/target_7.png
47,462,lattice,3,b,img/target_6.png
47,463,lattice,5,v,img/target_5.png
47,464,lattice,7,q,img/target_1.png
47,465,lattice,5,v,img/target_5.png
47,466,lattice,7,q,img/target_1.png
47,467,lattice,6,r,img/target_4.png
47,468,lattice,5,v,img/target_5.png
47,469,lattice,7,q,img/target_1.png
47,470,lattice,8,i,img/target_8.png
47,471,lattice,0,e,img/target_3.png
47,472,lattice,1,u,img/target_7.png
47,473,lattice,0,e,img/target_3.png
47,474,lattice,8,i,img/target_8.png
47,475,lattice,9,w,img/target_2.png
47,476,lattice,8,i,img/target_8.png
47,477,lattice,6,r,img/target_4.png
47,478,lattice,8,i,img/target_8.png
47,479,lattice,7,q,img/target_1.png
47,480,lattice,6,r,img/target_4.png
47,481,lattice,5,v,img/target_5.png
47,482,lattice,4,p,img/target_10.png
47,483,lattice,5,v,img/target_5.png
47,484,lattice,7,q,img/target_1.png
47,485,lattice,5,v,img/target_5.png
47,486,lattice,7,q,img/target_1.png
47,487,lattice,8,i,img/target_8.png
47,488,lattice,0,e,img/target_3.png
47,489,lattice,8,i,img/target_8.png
47,490,lattice,0,e,img/target_3.png
47,491,lattice,1,u,img/target_7.png
47,492,lattice,2,o,img/target_9.png
47,493,lattice,1,u,img/target_7.png
47,494,lattice,0,e,img/target_3.png
47,495,lattice,2,o,img/target_9.png
47,496,lattice,3,b,img/target_6.png
47,497,lattice,5,v,img/target_5.png
47,498,lattice,7,q,img/target_1.png
47,499,lattice,8,i,img/target_8.png
47,500,lattice,9,w,img/target_2.png
47,501,lattice,8,i,img/target_8.png
47,502,lattice,6,r,img/target_4.png
47,503,lattice,7,q,img/target_1.png
47,504,lattice,6,r,img/target_4.png
47,505,lattice,8,i,img/target_8.png
47,506,lattice,0,e,img/target_3.png
47,507,lattice,9,w,img/target_2.png
47,508,lattice,0,e,img/target_3.png
47,509,lattice,2,o,img/target_9.png
47,510,lattice,1,u,img/target_7.png
47,511,lattice,3,b,img/target_6.png
47,512,lattice,4,p,img/target_10.png
47,513,lattice,3,b,img/target_6.png
47,514,lattice,1,u,img/target_7.png
47,515,lattice,0,e,img/target_3.png
47,516,lattice,9,w,img/target_2.png
47,517,lattice,7,q,img/target_1.png
47,518,lattice,6,r,img/target_4.png
47,519,lattice,5,v,img/target_5.png
47,520,lattice,3,b,img/target_6.png
47,521,lattice,1,u,img/target_7.png
47,522,lattice,2,o,img/target_9.png
47,523,lattice,0,e,img/target_3.png
47,524,lattice,1,u,img/target_7.png
47,525,lattice,0,e,img/target_3.png
47,526,lattice,2,o,img/target_9.png
47,527,lattice,4,p,img/target_10.png
47,528,lattice,6,r,img/target_4.png
47,529,lattice,4,p,img/target_10.png
47,530,lattice,5,v,img/target_5.png
47,531,lattice,7,q,img/target_1.png
47,532,lattice,8,i,img/target_8.png
47,533,lattice,0,e,img/target_3.png
47,534,lattice,2,o,img/target_9.png
47,535,lattice,0,e,img/target_3.png
47,536,lattice,8,i,img/target_8.png
47,537,lattice,6,r,img/target_4.png
47,538,lattice,7,q,img/target_1.png
47,539,lattice,6,r,img/target_4.png
47,540,lattice,8,i,img/target_8.png
47,541,lattice,6,r,img/target_4.png
47,542,lattice,4,p,img/target_10.png
47,543,lattice,5,v,img/target_5.png
47,544,lattice,6,r,img/target_4.png
47,545,lattice,8,i,img/target_8.png
47,546,lattice,7,q,img/target_1.png
47,547,lattice,8,i,img/target_8.png
47,548,lattice,7,q,img/target_1.png
47,549,lattice,8,i,img/target_8.png
47,550,lattice,0,e,img/target_3.png
47,551,lattice,8,i,img/target_8.png
47,552,lattice,9,w,img/target_2.png
47,553,lattice,8,i,img/target_8.png
47,554,lattice,6,r,img/target_4.png
47,555,lattice,4,p,img/target_10.png
47,556,lattice,5,v,img/target_5.png
47,557,lattice,3,b,img/target_6.png
47,558,lattice,5,v,img/target_5.png
47,559,lattice,3,b,img/target_6.png
47,560,lattice,1,u,img/target_7.png
47,561,lattice,9,w,img/target_2.png
47,562,lattice,7,q,img/target_1.png
47,563,lattice,9,w,img/target_2.png
47,564,lattice,1,u,img/target_7.png
47,565,lattice,2,o,img/target_9.png
47,566,lattice,1,u,img/target_7.png
47,567,lattice,3,b,img/target_6.png
47,568,lattice,5,v,img/target_5.png
47,569,lattice,7,q,img/target_1.png
47,570,lattice,8,i,img/target_8.png
47,571,lattice,7,q,img/target_1.png
47,572,lattice,5,v,img/target_5.png
47,573,lattice,3,b,img/target_6.png
47,574,lattice,1,u,img/target_7.png
47,575,lattice,9,w,img/target_2.png
47,576,lattice,0,e,img/target_3.png
47,577,lattice,2,o,img/target_9.png
47,578,lattice,0,e,img/target_3.png
47,579,lattice,9,w,img/target_2.png
47,580,lattice,1,u,img/target_7.png
47,581,lattice,3,b,img/target_6.png
47,582,lattice,1,u,img/target_7.png
47,583,lattice,9,w,img/target_2.png
47,584,lattice,7,q,img/target_1.png
47,585,lattice,9,w,img/target_2.png
47,586,lattice,1,u,img/target_7.png
47,587,lattice,3,b,img/target_6.png
47,588,lattice,2,o,img/target_9.png
47,589,lattice,0,e,img/target_3.png
47,590,lattice,2,o,img/target_9.png
47,591,lattice,1,u,img/target_7.png
47,592,lattice,0,e,img/target_3.png
47,593,lattice,2,o,img/target_9.png
47,594,lattice,1,u,img/target_7.png
47,595,lattice,3,b,img/target_6.png
47,596,lattice,5,v,img/target_5.png
47,597,lattice,6,r,img/target_4.png
47,598,lattice,5,v,img/target_5.png
47,599,lattice,4,p,img/target_10.png
47,600,lattice,5,v,img/target_5.png
47,601,lattice,6,r,img/target_4.png
47,602,lattice,5,v,img/target_5.png
47,603,lattice,4,p,img/target_10.png
47,604,lattice,2,o,img/target_9.png
47,605,lattice,0,e,img/target_3.png
47,606,lattice,2,o,img/target_9.png
47,607,lattice,4,p,img/target_10.png
47,608,lattice,5,v,img/target_5.png
47,609,lattice,4,p,img/target_10.png
47,610,lattice,3,b,img/target_6.png
47,611,lattice,5,v,img/target_5.png
47,612,lattice,4,p,img/target_10.png
47,613,lattice,5,v,img/target_5.png
47,614,lattice,3,b,img/target_6.png
47,615,lattice,1,u,img/target_7.png
47,616,lattice,3,b,img/target_6.png
47,617,lattice,1,u,img/target_7.png
47,618,lattice,9,w,img/target_2.png
47,619,lattice,1,u,img/target_7.png
47,620,lattice,3,b,img/target_6.png
47,621,lattice,5,v,img/target_5.png
47,622,lattice,4,p,img/target_10.png
47,623,lattice,5,v,img/target_5.png
47,624,lattice,6,r,img/target_4.png
47,625,lattice,8,i,img/target_8.png
47,626,lattice,0,e,img/target_3.png
47,627,lattice,2,o,img/target_9.png
47,628,lattice,4,p,img/target_10.png
47,629,lattice,6,r,img/target_4.png
47,630,lattice,4,p,img/target_10.png
47,631,lattice,5,v,img/target_5.png
47,632,lattice,6,r,img/target_4.png
47,633,lattice,8,i,img/target_8.png
47,634,lattice,7,q,img/target_1.png
47,635,lattice,9,w,img/target_2.png
47,636,lattice,0,e,img/target_3.png
47,637,lattice,8,i,img/target_8.png
47,638,lattice,6,r,img/target_4.png
47,639,lattice,7,q,img/target_1.png
47,640,lattice,5,v,img/target_5.png
47,641,lattice,3,b,img/target_6.png
47,642,lattice,5,v,img/target_5.png
47,643,lattice,6,r,img/target_4.png
47,644,lattice,4,p,img/target_10.png
47,645,lattice,2,o,img/target_9.png
47,646,lattice,0,e,img/target_3.png
47,647,lattice,8,i,img/target_8.png
47,648,lattice,0,e,img/target_3.png
47,649,lattice,1,u,img/target_7.png
47,650,lattice,2,o,img/target_9.png
47,651,lattice,0,e,img/target_3.png
47,652,lattice,2,o,img/target_9.png
47,653,lattice,4,p,img/target_10.png
47,654,lattice,2,o,img/target_9.png
47,655,lattice,0,e,img/target_3.png
47,656,lattice,2,o,img/target_9.png
47,657,lattice,4,p,img/target_10.png
47,658,lattice,2,o,img/target_9.png
47,659,lattice,0,e,img/target_3.png
47,660,lattice,1,u,img/target_7.png
47,661,lattice,0,e,img/target_3.png
47,662,lattice,2,o,img/target_9.png
47,663,lattice,1,u,img/target_7.png
47,664,lattice,2,o,img/target_9.png
47,665,lattice,3,b,img/target_6.png
47,666,lattice,4,p,img/target_10.png
47,667,lattice,2,o,img/target_9.png
47,668,lattice,4,p,img/target_10.png
47,669,lattice,3,b,img/target_6.png
47,670,lattice,5,v,img/target_5.png
47,671,lattice,3,b,img/target_6.png
47,672,lattice,5,v,img/target_5.png
47,673,lattice,3,b,img/target_6.png
47,674,lattice,5,v,img/target_5.png
47,675,lattice,7,q,img/target_1.png
47,676,lattice,5,v,img/target_5.png
47,677,lattice,3,b,img/target_6.png
47,678,lattice,2,o,img/target_9.png
47,679,lattice,1,u,img/target_7.png
47,680,lattice,2,o,img/target_9.png
47,681,lattice,0,e,img/target_3.png
47,682,lattice,8,i,img/target_8.png
47,683,lattice,7,q,img/target_1.png
47,684,lattice,6,r,img/target_4.png
47,685,lattice,7,q,img/target_1.png
47,686,lattice,5,v,img/target_5.png
47,687,lattice,6,r,img/target_4.png
47,688,lattice,5,v,img/target_5.png
47,689,lattice,7,q,img/target_1.png
47,690,lattice,9,w,img/target_2.png
47,691,lattice,8,i,img/target_8.png
47,692,lattice,0,e,img/target_3.png
47,693,lattice,2,o,img/target_9.png
47,694,lattice,1,u,img/target_7.png
47,695,lattice,2,o,img/target_9.png
47,696,lattice,3,b,img/target_6.png
47,697,lattice,2,o,img/target_9.png
47,698,lattice,0,e,img/target_3.png
47,699,lattice,2,o,img/target_9.png
47,700,lattice,0,e,img/target_3.png
47,701,lattice,8,i,img/target_8.png
47,702,lattice,7,q,img/target_1.png
47,703,lattice,6,r,img/target_4.png
47,704,lattice,4,p,img/target_10.png
47,705,lattice,2,o,img/target_9.png
47,706,lattice,0,e,img/target_3.png
47,707,lattice,9,w,img/target_2.png
47,708,lattice,8,i,img/target_8.png
47,709,lattice,0,e,img/target_3.png
47,710,lattice,8,i,img/target_8.png
47,711,lattice,6,r,img/target_4.png
47,712,lattice,5,v,img/target_5.png
47,713,lattice,7,q,img/target_1.png
47,714,lattice,5,v,img/target_5.png
47,715,lattice,6,r,img/target_4.png
47,716,lattice,5,v,img/target_5.png
47,717,lattice,7,q,img/target_1.png
47,718,lattice,6,r,img/target_4.png
47,719,lattice,5,v,img/target_5.png
47,720,lattice,3,b,img/target_6.png
47,721,lattice,5,v,img/target_5.png
47,722,lattice,3,b,img/target_6.png
47,723,lattice,4,p,img/target_10.png
47,724,lattice,6,r,img/target_4.png
47,725,lattice,5,v,img/target_5.png
47,726,lattice,7,q,img/target_1.png
47,727,lattice,9,w,img/target_2.png
47,728,lattice,8,i,img/target_8.png
47,729,lattice,6,r,img/target_4.png
47,730,lattice,7,q,img/target_1.png
47,731,lattice,6,r,img/target_4.png
47,732,lattice,4,p,img/target_10.png
47,733,lattice,6,r,img/target_4.png
47,734,lattice,4,p,img/target_10.png
47,735,lattice,5,v,img/target_5.png
47,736,lattice,7,q,img/target_1.png
47,737,lattice,8,i,img/target_8.png
47,738,lattice,9,w,img/target_2.png
47,739,lattice,7,q,img/target_1.png
47,740,lattice,6,r,img/target_4.png
47,741,lattice,4,p,img/target_10.png
47,742,lattice,2,o,img/target_9.png
47,743,lattice,0,e,img/target_3.png
47,744,lattice,8,i,img/target_8.png
47,745,lattice,9,w,img/target_2.png
47,746,lattice,0,e,img/target_3.png
47,747,lattice,1,u,img/target_7.png
47,748,lattice,0,e,img/target_3.png
47,749,lattice,2,o,img/target_9.png
47,750,lattice,1,u,img/target_7.png
47,751,lattice,2,o,img/target_9.png
47,752,lattice,1,u,img/target_7.png
47,753,lattice,2,o,img/target_9.png
47,754,lattice,0,e,img/target_3.png
47,755,lattice,8,i,img/target_8.png
47,756,lattice,7,q,img/target_1.png
47,757,lattice,9,w,img/target_2.png
47,758,lattice,7,q,img/target_1.png
47,759,lattice,9,w,img/target_2.png
47,760,lattice,8,i,img/target_8.png
47,761,lattice,6,r,img/target_4.png
47,762,lattice,8,i,img/target_8.png
47,763,lattice,7,q,img/target_1.png
47,764,lattice,9,w,img/target_2.png
47,765,lattice,1,u,img/target_7.png
47,766,lattice,0,e,img/target_3.png
47,767,lattice,1,u,img/target_7.png
47,768,lattice,0,e,img/target_3.png
47,769,lattice,8,i,img/target_8.png
47,770,lattice,0,e,img/target_3.png
47,771,lattice,9,w,img/target_2.png
47,772,lattice,7,q,img/target_1.png
47,773,lattice,5,v,img/target_5.png
47,774,lattice,4,p,img/target_10.png
47,775,lattice,6,r,img/target_4.png
47,776,lattice,4,p,img/target_10.png
47,777,lattice,3,b,img/target_6.png
47,778,lattice,1,u,img/target_7.png
47,779,lattice,0,e,img/target_3.png
47,780,lattice,9,w,img/target_2.png
47,781,lattice,7,q,img/target_1.png
47,782,lattice,6,r,img/target_4.png
47,783,lattice,4,p,img/target_10.png
47,784,lattice,5,v,img/target_5.png
47,785,lattice,4,p,img/target_10.png
47,786,lattice,3,b,img/target_6.png
47,787,lattice,4,p,img/target_10.png
47,788,lattice,2,o,img/target_9.png
47,789,lattice,0,e,img/target_3.png
47,790,lattice,2,o,img/target_9.png
47,791,lattice,1,u,img/target_7.png
47,792,lattice,3,b,img/target_6.png
47,793,lattice,5,v,img/target_5.png
47,794,lattice,3,b,img/target_6.png
47,795,lattice,1,u,img/target_7.png
47,796,lattice,0,e,img/target_3.png
47,797,lattice,8,i,img/target_8.png
47,798,lattice,0,e,img/target_3.png
47,799,lattice,1,u,img/target_7.png
47,800,lattice,3,b,img/target_6.png
47,801,lattice,1,u,img/target_7.png
47,802,lattice,9,w,img/target_2.png
47,803,lattice,0,e,img/target_3.png
47,804,lattice,9,w,img/target_2.png
47,805,lattice,7,q,img/target_1.png
47,806,lattice,9,w,img/target_2.png
47,807,lattice,7,q,img/target_1.png
47,808,lattice,5,v,img/target_5.png
47,809,lattice,4,p,img/target_10.png
47,810,lattice,5,v,img/target_5.png
47,811,lattice,7,q,img/target_1.png
47,812,lattice,6,r,img/target_4.png
47,813,lattice,4,p,img/target_10.png
47,814,lattice,6,r,img/target_4.png
47,815,lattice,4,p,img/target_10.png
47,816,lattice,2,o,img/target_9.png
47,817,lattice,4,p,img/target_10.png
47,818,lattice,2,o,img/target_9.png
47,819,lattice,4,p,img/target_10.png
47,820,lattice,6,r,img/target_4.png
47,821,lattice,8,i,img/target_8.png
47,822,lattice,6,r,img/target_4.png
47,823,lattice,5,v,img/target_5.png
47,824,lattice,4,p,img/target_10.png
47,825,lattice,2,o,img/target_9.png
47,826,lattice,4,p,img/target_10.png
47,827,lattice,5,v,img/target_5.png
47,828,lattice,3,b,img/target_6.png
47,829,lattice,5,v,img/target_5.png
47,830,lattice,3,b,img/target_6.png
47,831,lattice,4,p,img/target_10.png
47,832,lattice,6,r,img/target_4.png
47,833,lattice,7,q,img/target_1.png
47,834,lattice,8,i,img/target_8.png
47,835,lattice,6,r,img/target_4.png
47,836,lattice,8,i,img/target_8.png
47,837,lattice,6,r,img/target_4.png
47,838,lattice,7,q,img/target_1.png
47,839,lattice,8,i,img/target_8.png
47,840,lattice,7,q,img/target_1.png
47,841,lattice,8,i,img/target_8.png
47,842,lattice,7,q,img/target_1.png
47,843,lattice,8,i,img/target_8.png
47,844,lattice,7,q,img/target_1.png
47,845,lattice,5,v,img/target_5.png
47,846,lattice,4,p,img/target_10.png
47,847,lattice,2,o,img/target_9.png
47,848,lattice,4,p,img/target_10.png
47,849,lattice,5,v,img/target_5.png
47,850,lattice,3,b,img/target_6.png
47,851,lattice,2,o,img/target_9.png
47,852,lattice,1,u,img/target_7.png
47,853,lattice,2,o,img/target_9.png
47,854,lattice,1,u,img/target_7.png
47,855,lattice,3,b,img/target_6.png
47,856,lattice,4,p,img/target_10.png
47,857,lattice,5,v,img/target_5.png
47,858,lattice,3,b,img/target_6.png
47,859,lattice,5,v,img/target_5.png
47,860,lattice,6,r,img/target_4.png
47,861,lattice,8,i,img/target_8.png
47,862,lattice,9,w,img/target_2.png
47,863,lattice,7,q,img/target_1.png
47,864,lattice,8,i,img/target_8.png
47,865,lattice,7,q,img/target_1.png
47,866,lattice,6,r,img/target_4.png
47,867,lattice,7,q,img/target_1.png
47,868,lattice,9,w,img/target_2.png
47,869,lattice,8,i,img/target_8.png
47,870,lattice,0,e,img/target_3.png
47,871,lattice,9,w,img/target_2.png
47,872,lattice,7,q,img/target_1.png
47,873,lattice,5,v,img/target_5.png
47,874,lattice,6,r,img/target_4.png
47,875,lattice,5,v,img/target_5.png
47,876,lattice,3,b,img/target_6.png
47,877,lattice,4,p,img/target_10.png
47,878,lattice,5,v,img/target_5.png
47,879,lattice,6,r,img/target_4.png
47,880,lattice,8,i,img/target_8.png
47,881,lattice,9,w,img/target_2.png
47,882,lattice,1,u,img/target_7.png
47,883,lattice,0,e,img/target_3.png
47,884,lattice,1,u,img/target_7.png
47,885,lattice,3,b,img/target_6.png
47,886,lattice,4,p,img/target_10.png
47,887,lattice,6,r,img/target_4.png
47,888,lattice,4,p,img/target_10.png
47,889,lattice,6,r,img/target_4.png
47,890,lattice,4,p,img/target_10.png
47,891,lattice,6,r,img/target_4.png
47,892,lattice,8,i,img/target_8.png
47,893,lattice,0,e,img/target_3.png
47,894,lattice,1,u,img/target_7.png
47,895,lattice,3,b,img/target_6.png
47,896,lattice,2,o,img/target_9.png
47,897,lattice,0,e,img/target_3.png
47,898,lattice,2,o,img/target_9.png
47,899,lattice,3,b,img/target_6.png
47,900,lattice,5,v,img/target_5.png
47,901,lattice,6,r,img/target_4.png
47,902,lattice,8,i,img/target_8.png
47,903,lattice,9,w,img/target_2.png
47,904,lattice,8,i,img/target_8.png
47,905,lattice,6,r,img/target_4.png
47,906,lattice,8,i,img/target_8.png
47,907,lattice,6,r,img/target_4.png
47,908,lattice,4,p,img/target_10.png
47,909,lattice,5,v,img/target_5.png
47,910,lattice,4,p,img/target_10.png
47,911,lattice,3,b,img/target_6.png
47,912,lattice,4,p,img/target_10.png
47,913,lattice,6,r,img/target_4.png
47,914,lattice,7,q,img/target_1.png
47,915,lattice,9,w,img/target_2.png
47,916,lattice,7,q,img/target_1.png
47,917,lattice,5,v,img/target_5.png
47,918,lattice,3,b,img/target_6.png
47,919,lattice,1,u,img/target_7.png
47,920,lattice,0,e,img/target_3.png
47,921,lattice,8,i,img/target_8.png
47,922,lattice,0,e,img/target_3.png
47,923,lattice,9,w,img/target_2.png
47,924,lattice,8,i,img/target_8.png
47,925,lattice,7,q,img/target_1.png
47,926,lattice,8,i,img/target_8.png
47,927,lattice,0,e,img/target_3.png
47,928,lattice,8,i,img/target_8.png
47,929,lattice,7,q,img/target_1.png
47,930,lattice,6,r,img/target_4.png
47,931,lattice,5,v,img/target_5.png
47,932,lattice,3,b,img/target_6.png
47,933,lattice,5,v,img/target_5.png
47,934,lattice,7,q,img/target_1.png
47,935,lattice,9,w,img/target_2.png
47,936,lattice,1,u,img/target_7.png
47,937,lattice,3,b,img/target_6.png
47,938,lattice,5,v,img/target_5.png
47,939,lattice,3,b,img/target_6.png
47,940,lattice,2,o,img/target_9.png
47,941,lattice,3,b,img/target_6.png
47,942,lattice,5,v,img/target_5.png
47,943,lattice,6,r,img/target_4.png
47,944,lattice,7,q,img/target_1.png
47,945,lattice,9,w,img/target_2.png
47,946,lattice,0,e,img/target_3.png
47,947,lattice,8,i,img/target_8.png
47,948,lattice,6,r,img/target_4.png
47,949,lattice,8,i,img/target_8.png
47,950,lattice,0,e,img/target_3.png
47,951,lattice,2,o,img/target_9.png
47,952,lattice,0,e,img/target_3.png
47,953,lattice,8,i,img/target_8.png
47,954,lattice,9,w,img/target_2.png
47,955,lattice,7,q,img/target_1.png
47,956,lattice,8,i,img/target_8.png
47,957,lattice,0,e,img/target_3.png
47,958,lattice,8,i,img/target_8.png
47,959,lattice,6,r,img/target_4.png
47,960,lattice,8,i,img/target_8.png
47,961,lattice,0,e,img/target_3.png
47,962,lattice,8,i,img/target_8.png
47,963,lattice,9,w,img/target_2.png
47,964,lattice,7,q,img/target_1.png
47,965,lattice,6,r,img/target_4.png
47,966,lattice,7,q,img/target_1.png
47,967,lattice,9,w,img/target_2.png
47,968,lattice,7,q,img/target_1.png
47,969,lattice,6,r,img/target_4.png
47,970,lattice,8,i,img/target_8.png
47,971,lattice,9,w,img/target_2.png
47,972,lattice,0,e,img/target_3.png
47,973,lattice,8,i,img/target_8.png
47,974,lattice,7,q,img/target_1.png
47,975,lattice,6,r,img/target_4.png
47,976,lattice,8,i,img/target_8.png
47,977,lattice,9,w,img/target_2.png
47,978,lattice,7,q,img/target_1.png
47,979,lattice,8,i,img/target_8.png
47,980,lattice,6,r,img/target_4.png
47,981,lattice,5,v,img/target_5.png
47,982,lattice,6,r,img/target_4.png
47,983,lattice,4,p,img/target_10.png
47,984,lattice,5,v,img/target_5.png
47,985,lattice,7,q,img/target_1.png
47,986,lattice,8,i,img/target_8.png
47,987,lattice,0,e,img/target_3.png
47,988,lattice,8,i,img/target_8.png
47,989,lattice,7,q,img/target_1.png
47,990,lattice,5,v,img/target_5.png
47,991,lattice,3,b,img/target_6.png
47,992,lattice,1,u,img/target_7.png
47,993,lattice,2,o,img/target_9.png
47,994,lattice,1,u,img/target_7.png
47,995,lattice,3,b,img/target_6.png
47,996,lattice,4,p,img/target_10.png
47,997,lattice,2,o,img/target_9.png
47,998,lattice,3,b,img/target_6.png
47,999,lattice,2,o,img/target_9.png
47,1000,lattice,0,e,img/target_3.png
