pID,sess,trialNum,graph,walk,resp,path
19,1,1,lattice,8,i,img/target_8.png
19,1,2,lattice,7,u,img/target_7.png
19,1,3,lattice,5,r,img/target_4.png
19,1,4,lattice,6,b,img/target_6.png
19,1,5,lattice,8,i,img/target_8.png
19,1,6,lattice,9,p,img/target_10.png
19,1,7,lattice,0,q,img/target_1.png
19,1,8,lattice,1,v,img/target_5.png
19,1,9,lattice,0,q,img/target_1.png
19,1,10,lattice,1,v,img/target_5.png
19,1,11,lattice,2,o,img/target_9.png
19,1,12,lattice,3,e,img/target_3.png
19,1,13,lattice,1,v,img/target_5.png
19,1,14,lattice,0,q,img/target_1.png
19,1,15,lattice,2,o,img/target_9.png
19,1,16,lattice,3,e,img/target_3.png
19,1,17,lattice,4,w,img/target_2.png
19,1,18,lattice,2,o,img/target_9.png
19,1,19,lattice,0,q,img/target_1.png
19,1,20,lattice,9,p,img/target_10.png
19,1,21,lattice,7,u,img/target_7.png
19,1,22,lattice,8,i,img/target_8.png
19,1,23,lattice,7,u,img/target_7.png
19,1,24,lattice,5,r,img/target_4.png
19,1,25,lattice,3,e,img/target_3.png
19,1,26,lattice,5,r,img/target_4.png
19,1,27,lattice,4,w,img/target_2.png
19,1,28,lattice,6,b,img/target_6.png
19,1,29,lattice,7,u,img/target_7.png
19,1,30,lattice,5,r,img/target_4.png
19,1,31,lattice,7,u,img/target_7.png
19,1,32,lattice,5,r,img/target_4.png
19,1,33,lattice,3,e,img/target_3.png
19,1,34,lattice,2,o,img/target_9.png
19,1,35,lattice,4,w,img/target_2.png
19,1,36,lattice,3,e,img/target_3.png
19,1,37,lattice,4,w,img/target_2.png
19,1,38,lattice,6,b,img/target_6.png
19,1,39,lattice,8,i,img/target_8.png
19,1,40,lattice,7,u,img/target_7.png
19,1,41,lattice,5,r,img/target_4.png
19,1,42,lattice,6,b,img/target_6.png
19,1,43,lattice,4,w,img/target_2.png
19,1,44,lattice,2,o,img/target_9.png
19,1,45,lattice,1,v,img/target_5.png
19,1,46,lattice,0,q,img/target_1.png
19,1,47,lattice,8,i,img/target_8.png
19,1,48,lattice,6,b,img/target_6.png
19,1,49,lattice,5,r,img/target_4.png
19,1,50,lattice,6,b,img/target_6.png
19,1,51,lattice,8,i,img/target_8.png
19,1,52,lattice,7,u,img/target_7.png
19,1,53,lattice,5,r,img/target_4.png
19,1,54,lattice,6,b,img/target_6.png
19,1,55,lattice,5,r,img/target_4.png
19,1,56,lattice,6,b,img/target_6.png
19,1,57,lattice,5,r,img/target_4.png
19,1,58,lattice,3,e,img/target_3.png
19,1,59,lattice,4,w,img/target_2.png
19,1,60,lattice,6,b,img/target_6.png
19,1,61,lattice,8,i,img/target_8.png
19,1,62,lattice,6,b,img/target_6.png
19,1,63,lattice,4,w,img/target_2.png
19,1,64,lattice,6,b,img/target_6.png
19,1,65,lattice,8,i,img/target_8.png
19,1,66,lattice,9,p,img/target_10.png
19,1,67,lattice,7,u,img/target_7.png
19,1,68,lattice,8,i,img/target_8.png
19,1,69,lattice,7,u,img/target_7.png
19,1,70,lattice,5,r,img/target_4.png
19,1,71,lattice,4,w,img/target_2.png
19,1,72,lattice,5,r,img/target_4.png
19,1,73,lattice,7,u,img/target_7.png
19,1,74,lattice,8,i,img/target_8.png
19,1,75,lattice,6,b,img/target_6.png
19,1,76,lattice,8,i,img/target_8.png
19,1,77,lattice,0,q,img/target_1.png
19,1,78,lattice,1,v,img/target_5.png
19,1,79,lattice,2,o,img/target_9.png
19,1,80,lattice,1,v,img/target_5.png
19,1,81,lattice,2,o,img/target_9.png
19,1,82,lattice,3,e,img/target_3.png
19,1,83,lattice,2,o,img/target_9.png
19,1,84,lattice,3,e,img/target_3.png
19,1,85,lattice,1,v,img/target_5.png
19,1,86,lattice,9,p,img/target_10.png
19,1,87,lattice,8,i,img/target_8.png
19,1,88,lattice,6,b,img/target_6.png
19,1,89,lattice,7,u,img/target_7.png
19,1,90,lattice,6,b,img/target_6.png
19,1,91,lattice,4,w,img/target_2.png
19,1,92,lattice,6,b,img/target_6.png
19,1,93,lattice,4,w,img/target_2.png
19,1,94,lattice,3,e,img/target_3.png
19,1,95,lattice,5,r,img/target_4.png
19,1,96,lattice,7,u,img/target_7.png
19,1,97,lattice,6,b,img/target_6.png
19,1,98,lattice,4,w,img/target_2.png
19,1,99,lattice,6,b,img/target_6.png
19,1,100,lattice,4,w,img/target_2.png
19,1,101,lattice,2,o,img/target_9.png
19,1,102,lattice,1,v,img/target_5.png
19,1,103,lattice,2,o,img/target_9.png
19,1,104,lattice,4,w,img/target_2.png
19,1,105,lattice,5,r,img/target_4.png
19,1,106,lattice,6,b,img/target_6.png
19,1,107,lattice,7,u,img/target_7.png
19,1,108,lattice,5,r,img/target_4.png
19,1,109,lattice,3,e,img/target_3.png
19,1,110,lattice,1,v,img/target_5.png
19,1,111,lattice,9,p,img/target_10.png
19,1,112,lattice,8,i,img/target_8.png
19,1,113,lattice,6,b,img/target_6.png
19,1,114,lattice,7,u,img/target_7.png
19,1,115,lattice,9,p,img/target_10.png
19,1,116,lattice,7,u,img/target_7.png
19,1,117,lattice,9,p,img/target_10.png
19,1,118,lattice,0,q,img/target_1.png
19,1,119,lattice,2,o,img/target_9.png
19,1,120,lattice,0,q,img/target_1.png
19,1,121,lattice,8,i,img/target_8.png
19,1,122,lattice,7,u,img/target_7.png
19,1,123,lattice,5,r,img/target_4.png
19,1,124,lattice,7,u,img/target_7.png
19,1,125,lattice,9,p,img/target_10.png
19,1,126,lattice,1,v,img/target_5.png
19,1,127,lattice,2,o,img/target_9.png
19,1,128,lattice,0,q,img/target_1.png
19,1,129,lattice,2,o,img/target_9.png
19,1,130,lattice,1,v,img/target_5.png
19,1,131,lattice,0,q,img/target_1.png
19,1,132,lattice,8,i,img/target_8.png
19,1,133,lattice,6,b,img/target_6.png
19,1,134,lattice,4,w,img/target_2.png
19,1,135,lattice,3,e,img/target_3.png
19,1,136,lattice,1,v,img/target_5.png
19,1,137,lattice,3,e,img/target_3.png
19,1,138,lattice,1,v,img/target_5.png
19,1,139,lattice,0,q,img/target_1.png
19,1,140,lattice,9,p,img/target_10.png
19,1,141,lattice,7,u,img/target_7.png
19,1,142,lattice,9,p,img/target_10.png
19,1,143,lattice,7,u,img/target_7.png
19,1,144,lattice,9,p,img/target_10.png
19,1,145,lattice,8,i,img/target_8.png
19,1,146,lattice,0,q,img/target_1.png
19,1,147,lattice,8,i,img/target_8.png
19,1,148,lattice,7,u,img/target_7.png
19,1,149,lattice,9,p,img/target_10.png
19,1,150,lattice,1,v,img/target_5.png
19,1,151,lattice,9,p,img/target_10.png
19,1,152,lattice,0,q,img/target_1.png
19,1,153,lattice,9,p,img/target_10.png
19,1,154,lattice,0,q,img/target_1.png
19,1,155,lattice,1,v,img/target_5.png
19,1,156,lattice,9,p,img/target_10.png
19,1,157,lattice,8,i,img/target_8.png
19,1,158,lattice,0,q,img/target_1.png
19,1,159,lattice,2,o,img/target_9.png
19,1,160,lattice,1,v,img/target_5.png
19,1,161,lattice,0,q,img/target_1.png
19,1,162,lattice,2,o,img/target_9.png
19,1,163,lattice,3,e,img/target_3.png
19,1,164,lattice,4,w,img/target_2.png
19,1,165,lattice,2,o,img/target_9.png
19,1,166,lattice,3,e,img/target_3.png
19,1,167,lattice,5,r,img/target_4.png
19,1,168,lattice,7,u,img/target_7.png
19,1,169,lattice,6,b,img/target_6.png
19,1,170,lattice,4,w,img/target_2.png
19,1,171,lattice,6,b,img/target_6.png
19,1,172,lattice,8,i,img/target_8.png
19,1,173,lattice,9,p,img/target_10.png
19,1,174,lattice,7,u,img/target_7.png
19,1,175,lattice,9,p,img/target_10.png
19,1,176,lattice,7,u,img/target_7.png
19,1,177,lattice,9,p,img/target_10.png
19,1,178,lattice,0,q,img/target_1.png
19,1,179,lattice,2,o,img/target_9.png
19,1,180,lattice,0,q,img/target_1.png
19,1,181,lattice,9,p,img/target_10.png
19,1,182,lattice,7,u,img/target_7.png
19,1,183,lattice,8,i,img/target_8.png
19,1,184,lattice,0,q,img/target_1.png
19,1,185,lattice,1,v,img/target_5.png
19,1,186,lattice,2,o,img/target_9.png
19,1,187,lattice,0,q,img/target_1.png
19,1,188,lattice,8,i,img/target_8.png
19,1,189,lattice,0,q,img/target_1.png
19,1,190,lattice,9,p,img/target_10.png
19,1,191,lattice,1,v,img/target_5.png
19,1,192,lattice,9,p,img/target_10.png
19,1,193,lattice,1,v,img/target_5.png
19,1,194,lattice,3,e,img/target_3.png
19,1,195,lattice,1,v,img/target_5.png
19,1,196,lattice,0,q,img/target_1.png
19,1,197,lattice,8,i,img/target_8.png
19,1,198,lattice,0,q,img/target_1.png
19,1,199,lattice,8,i,img/target_8.png
19,1,200,lattice,7,u,img/target_7.png
19,1,201,lattice,6,b,img/target_6.png
19,1,202,lattice,5,r,img/target_4.png
19,1,203,lattice,3,e,img/target_3.png
19,1,204,lattice,4,w,img/target_2.png
19,1,205,lattice,2,o,img/target_9.png
19,1,206,lattice,1,v,img/target_5.png
19,1,207,lattice,3,e,img/target_3.png
19,1,208,lattice,2,o,img/target_9.png
19,1,209,lattice,1,v,img/target_5.png
19,1,210,lattice,3,e,img/target_3.png
19,1,211,lattice,2,o,img/target_9.png
19,1,212,lattice,0,q,img/target_1.png
19,1,213,lattice,8,i,img/target_8.png
19,1,214,lattice,9,p,img/target_10.png
19,1,215,lattice,8,i,img/target_8.png
19,1,216,lattice,7,u,img/target_7.png
19,1,217,lattice,8,i,img/target_8.png
19,1,218,lattice,6,b,img/target_6.png
19,1,219,lattice,7,u,img/target_7.png
19,1,220,lattice,9,p,img/target_10.png
19,1,221,lattice,1,v,img/target_5.png
19,1,222,lattice,2,o,img/target_9.png
19,1,223,lattice,0,q,img/target_1.png
19,1,224,lattice,8,i,img/target_8.png
19,1,225,lattice,7,u,img/target_7.png
19,1,226,lattice,6,b,img/target_6.png
19,1,227,lattice,8,i,img/target_8.png
19,1,228,lattice,7,u,img/target_7.png
19,1,229,lattice,6,b,img/target_6.png
19,1,230,lattice,5,r,img/target_4.png
19,1,231,lattice,4,w,img/target_2.png
19,1,232,lattice,6,b,img/target_6.png
19,1,233,lattice,5,r,img/target_4.png
19,1,234,lattice,6,b,img/target_6.png
19,1,235,lattice,4,w,img/target_2.png
19,1,236,lattice,5,r,img/target_4.png
19,1,237,lattice,6,b,img/target_6.png
19,1,238,lattice,8,i,img/target_8.png
19,1,239,lattice,9,p,img/target_10.png
19,1,240,lattice,7,u,img/target_7.png
19,1,241,lattice,9,p,img/target_10.png
19,1,242,lattice,1,v,img/target_5.png
19,1,243,lattice,3,e,img/target_3.png
19,1,244,lattice,1,v,img/target_5.png
19,1,245,lattice,0,q,img/target_1.png
19,1,246,lattice,9,p,img/target_10.png
19,1,247,lattice,8,i,img/target_8.png
19,1,248,lattice,7,u,img/target_7.png
19,1,249,lattice,6,b,img/target_6.png
19,1,250,lattice,4,w,img/target_2.png
19,1,251,lattice,5,r,img/target_4.png
19,1,252,lattice,3,e,img/target_3.png
19,1,253,lattice,5,r,img/target_4.png
19,1,254,lattice,4,w,img/target_2.png
19,1,255,lattice,3,e,img/target_3.png
19,1,256,lattice,5,r,img/target_4.png
19,1,257,lattice,4,w,img/target_2.png
19,1,258,lattice,5,r,img/target_4.png
19,1,259,lattice,7,u,img/target_7.png
19,1,260,lattice,6,b,img/target_6.png
19,1,261,lattice,5,r,img/target_4.png
19,1,262,lattice,7,u,img/target_7.png
19,1,263,lattice,8,i,img/target_8.png
19,1,264,lattice,0,q,img/target_1.png
19,1,265,lattice,1,v,img/target_5.png
19,1,266,lattice,3,e,img/target_3.png
19,1,267,lattice,1,v,img/target_5.png
19,1,268,lattice,3,e,img/target_3.png
19,1,269,lattice,4,w,img/target_2.png
19,1,270,lattice,3,e,img/target_3.png
19,1,271,lattice,1,v,img/target_5.png
19,1,272,lattice,0,q,img/target_1.png
19,1,273,lattice,1,v,img/target_5.png
19,1,274,lattice,0,q,img/target_1.png
19,1,275,lattice,2,o,img/target_9.png
19,1,276,lattice,0,q,img/target_1.png
19,1,277,lattice,1,v,img/target_5.png
19,1,278,lattice,2,o,img/target_9.png
19,1,279,lattice,0,q,img/target_1.png
19,1,280,lattice,2,o,img/target_9.png
19,1,281,lattice,1,v,img/target_5.png
19,1,282,lattice,3,e,img/target_3.png
19,1,283,lattice,2,o,img/target_9.png
19,1,284,lattice,1,v,img/target_5.png
19,1,285,lattice,0,q,img/target_1.png
19,1,286,lattice,2,o,img/target_9.png
19,1,287,lattice,1,v,img/target_5.png
19,1,288,lattice,9,p,img/target_10.png
19,1,289,lattice,7,u,img/target_7.png
19,1,290,lattice,8,i,img/target_8.png
19,1,291,lattice,7,u,img/target_7.png
19,1,292,lattice,6,b,img/target_6.png
19,1,293,lattice,7,u,img/target_7.png
19,1,294,lattice,5,r,img/target_4.png
19,1,295,lattice,7,u,img/target_7.png
19,1,296,lattice,9,p,img/target_10.png
19,1,297,lattice,8,i,img/target_8.png
19,1,298,lattice,9,p,img/target_10.png
19,1,299,lattice,7,u,img/target_7.png
19,1,300,lattice,8,i,img/target_8.png
19,1,301,lattice,6,b,img/target_6.png
19,1,302,lattice,7,u,img/target_7.png
19,1,303,lattice,6,b,img/target_6.png
19,1,304,lattice,7,u,img/target_7.png
19,1,305,lattice,9,p,img/target_10.png
19,1,306,lattice,0,q,img/target_1.png
19,1,307,lattice,2,o,img/target_9.png
19,1,308,lattice,0,q,img/target_1.png
19,1,309,lattice,9,p,img/target_10.png
19,1,310,lattice,0,q,img/target_1.png
19,1,311,lattice,8,i,img/target_8.png
19,1,312,lattice,7,u,img/target_7.png
19,1,313,lattice,8,i,img/target_8.png
19,1,314,lattice,6,b,img/target_6.png
19,1,315,lattice,8,i,img/target_8.png
19,1,316,lattice,7,u,img/target_7.png
19,1,317,lattice,8,i,img/target_8.png
19,1,318,lattice,7,u,img/target_7.png
19,1,319,lattice,9,p,img/target_10.png
19,1,320,lattice,0,q,img/target_1.png
19,1,321,lattice,8,i,img/target_8.png
19,1,322,lattice,7,u,img/target_7.png
19,1,323,lattice,5,r,img/target_4.png
19,1,324,lattice,6,b,img/target_6.png
19,1,325,lattice,7,u,img/target_7.png
19,1,326,lattice,5,r,img/target_4.png
19,1,327,lattice,4,w,img/target_2.png
19,1,328,lattice,6,b,img/target_6.png
19,1,329,lattice,4,w,img/target_2.png
19,1,330,lattice,5,r,img/target_4.png
19,1,331,lattice,6,b,img/target_6.png
19,1,332,lattice,5,r,img/target_4.png
19,1,333,lattice,7,u,img/target_7.png
19,1,334,lattice,6,b,img/target_6.png
19,1,335,lattice,4,w,img/target_2.png
19,1,336,lattice,5,r,img/target_4.png
19,1,337,lattice,7,u,img/target_7.png
19,1,338,lattice,8,i,img/target_8.png
19,1,339,lattice,0,q,img/target_1.png
19,1,340,lattice,8,i,img/target_8.png
19,1,341,lattice,9,p,img/target_10.png
19,1,342,lattice,0,q,img/target_1.png
19,1,343,lattice,1,v,img/target_5.png
19,1,344,lattice,2,o,img/target_9.png
19,1,345,lattice,1,v,img/target_5.png
19,1,346,lattice,0,q,img/target_1.png
19,1,347,lattice,1,v,img/target_5.png
19,1,348,lattice,9,p,img/target_10.png
19,1,349,lattice,1,v,img/target_5.png
19,1,350,lattice,2,o,img/target_9.png
19,1,351,lattice,1,v,img/target_5.png
19,1,352,lattice,3,e,img/target_3.png
19,1,353,lattice,5,r,img/target_4.png
19,1,354,lattice,7,u,img/target_7.png
19,1,355,lattice,5,r,img/target_4.png
19,1,356,lattice,3,e,img/target_3.png
19,1,357,lattice,1,v,img/target_5.png
19,1,358,lattice,9,p,img/target_10.png
19,1,359,lattice,0,q,img/target_1.png
19,1,360,lattice,2,o,img/target_9.png
19,1,361,lattice,4,w,img/target_2.png
19,1,362,lattice,6,b,img/target_6.png
19,1,363,lattice,5,r,img/target_4.png
19,1,364,lattice,4,w,img/target_2.png
19,1,365,lattice,5,r,img/target_4.png
19,1,366,lattice,6,b,img/target_6.png
19,1,367,lattice,8,i,img/target_8.png
19,1,368,lattice,9,p,img/target_10.png
19,1,369,lattice,7,u,img/target_7.png
19,1,370,lattice,8,i,img/target_8.png
19,1,371,lattice,7,u,img/target_7.png
19,1,372,lattice,6,b,img/target_6.png
19,1,373,lattice,7,u,img/target_7.png
19,1,374,lattice,8,i,img/target_8.png
19,1,375,lattice,6,b,img/target_6.png
19,1,376,lattice,4,w,img/target_2.png
19,1,377,lattice,6,b,img/target_6.png
19,1,378,lattice,5,r,img/target_4.png
19,1,379,lattice,7,u,img/target_7.png
19,1,380,lattice,6,b,img/target_6.png
19,1,381,lattice,8,i,img/target_8.png
19,1,382,lattice,7,u,img/target_7.png
19,1,383,lattice,6,b,img/target_6.png
19,1,384,lattice,5,r,img/target_4.png
19,1,385,lattice,3,e,img/target_3.png
19,1,386,lattice,1,v,img/target_5.png
19,1,387,lattice,2,o,img/target_9.png
19,1,388,lattice,0,q,img/target_1.png
19,1,389,lattice,8,i,img/target_8.png
19,1,390,lattice,0,q,img/target_1.png
19,1,391,lattice,8,i,img/target_8.png
19,1,392,lattice,6,b,img/target_6.png
19,1,393,lattice,8,i,img/target_8.png
19,1,394,lattice,9,p,img/target_10.png
19,1,395,lattice,1,v,img/target_5.png
19,1,396,lattice,3,e,img/target_3.png
19,1,397,lattice,2,o,img/target_9.png
19,1,398,lattice,1,v,img/target_5.png
19,1,399,lattice,3,e,img/target_3.png
19,1,400,lattice,5,r,img/target_4.png
19,1,401,lattice,6,b,img/target_6.png
19,1,402,lattice,5,r,img/target_4.png
19,1,403,lattice,7,u,img/target_7.png
19,1,404,lattice,5,r,img/target_4.png
19,1,405,lattice,4,w,img/target_2.png
19,1,406,lattice,5,r,img/target_4.png
19,1,407,lattice,3,e,img/target_3.png
19,1,408,lattice,1,v,img/target_5.png
19,1,409,lattice,9,p,img/target_10.png
19,1,410,lattice,8,i,img/target_8.png
19,1,411,lattice,6,b,img/target_6.png
19,1,412,lattice,5,r,img/target_4.png
19,1,413,lattice,4,w,img/target_2.png
19,1,414,lattice,6,b,img/target_6.png
19,1,415,lattice,4,w,img/target_2.png
19,1,416,lattice,6,b,img/target_6.png
19,1,417,lattice,4,w,img/target_2.png
19,1,418,lattice,6,b,img/target_6.png
19,1,419,lattice,7,u,img/target_7.png
19,1,420,lattice,8,i,img/target_8.png
19,1,421,lattice,9,p,img/target_10.png
19,1,422,lattice,8,i,img/target_8.png
19,1,423,lattice,7,u,img/target_7.png
19,1,424,lattice,9,p,img/target_10.png
19,1,425,lattice,0,q,img/target_1.png
19,1,426,lattice,8,i,img/target_8.png
19,1,427,lattice,0,q,img/target_1.png
19,1,428,lattice,2,o,img/target_9.png
19,1,429,lattice,3,e,img/target_3.png
19,1,430,lattice,4,w,img/target_2.png
19,1,431,lattice,3,e,img/target_3.png
19,1,432,lattice,2,o,img/target_9.png
19,1,433,lattice,0,q,img/target_1.png
19,1,434,lattice,9,p,img/target_10.png
19,1,435,lattice,0,q,img/target_1.png
19,1,436,lattice,9,p,img/target_10.png
19,1,437,lattice,8,i,img/target_8.png
19,1,438,lattice,0,q,img/target_1.png
19,1,439,lattice,8,i,img/target_8.png
19,1,440,lattice,7,u,img/target_7.png
19,1,441,lattice,8,i,img/target_8.png
19,1,442,lattice,6,b,img/target_6.png
19,1,443,lattice,5,r,img/target_4.png
19,1,444,lattice,4,w,img/target_2.png
19,1,445,lattice,2,o,img/target_9.png
19,1,446,lattice,1,v,img/target_5.png
19,1,447,lattice,0,q,img/target_1.png
19,1,448,lattice,9,p,img/target_10.png
19,1,449,lattice,8,i,img/target_8.png
19,1,450,lattice,9,p,img/target_10.png
19,1,451,lattice,7,u,img/target_7.png
19,1,452,lattice,8,i,img/target_8.png
19,1,453,lattice,0,q,img/target_1.png
19,1,454,lattice,1,v,img/target_5.png
19,1,455,lattice,3,e,img/target_3.png
19,1,456,lattice,2,o,img/target_9.png
19,1,457,lattice,1,v,img/target_5.png
19,1,458,lattice,2,o,img/target_9.png
19,1,459,lattice,4,w,img/target_2.png
19,1,460,lattice,3,e,img/target_3.png
19,1,461,lattice,2,o,img/target_9.png
19,1,462,lattice,1,v,img/target_5.png
19,1,463,lattice,0,q,img/target_1.png
19,1,464,lattice,2,o,img/target_9.png
19,1,465,lattice,4,w,img/target_2.png
19,1,466,lattice,3,e,img/target_3.png
19,1,467,lattice,5,r,img/target_4.png
19,1,468,lattice,4,w,img/target_2.png
19,1,469,lattice,6,b,img/target_6.png
19,1,470,lattice,8,i,img/target_8.png
19,1,471,lattice,7,u,img/target_7.png
19,1,472,lattice,5,r,img/target_4.png
19,1,473,lattice,7,u,img/target_7.png
19,1,474,lattice,8,i,img/target_8.png
19,1,475,lattice,9,p,img/target_10.png
19,1,476,lattice,0,q,img/target_1.png
19,1,477,lattice,8,i,img/target_8.png
19,1,478,lattice,7,u,img/target_7.png
19,1,479,lattice,6,b,img/target_6.png
19,1,480,lattice,7,u,img/target_7.png
19,1,481,lattice,5,r,img/target_4.png
19,1,482,lattice,6,b,img/target_6.png
19,1,483,lattice,7,u,img/target_7.png
19,1,484,lattice,5,r,img/target_4.png
19,1,485,lattice,6,b,img/target_6.png
19,1,486,lattice,8,i,img/target_8.png
19,1,487,lattice,0,q,img/target_1.png
19,1,488,lattice,2,o,img/target_9.png
19,1,489,lattice,1,v,img/target_5.png
19,1,490,lattice,2,o,img/target_9.png
19,1,491,lattice,1,v,img/target_5.png
19,1,492,lattice,0,q,img/target_1.png
19,1,493,lattice,1,v,img/target_5.png
19,1,494,lattice,2,o,img/target_9.png
19,1,495,lattice,0,q,img/target_1.png
19,1,496,lattice,2,o,img/target_9.png
19,1,497,lattice,3,e,img/target_3.png
19,1,498,lattice,2,o,img/target_9.png
19,1,499,lattice,0,q,img/target_1.png
19,1,500,lattice,9,p,img/target_10.png
19,1,501,lattice,0,q,img/target_1.png
19,1,502,lattice,2,o,img/target_9.png
19,1,503,lattice,3,e,img/target_3.png
19,1,504,lattice,2,o,img/target_9.png
19,1,505,lattice,0,q,img/target_1.png
19,1,506,lattice,1,v,img/target_5.png
19,1,507,lattice,3,e,img/target_3.png
19,1,508,lattice,5,r,img/target_4.png
19,1,509,lattice,7,u,img/target_7.png
19,1,510,lattice,9,p,img/target_10.png
19,1,511,lattice,7,u,img/target_7.png
19,1,512,lattice,5,r,img/target_4.png
19,1,513,lattice,6,b,img/target_6.png
19,1,514,lattice,7,u,img/target_7.png
19,1,515,lattice,6,b,img/target_6.png
19,1,516,lattice,7,u,img/target_7.png
19,1,517,lattice,5,r,img/target_4.png
19,1,518,lattice,6,b,img/target_6.png
19,1,519,lattice,4,w,img/target_2.png
19,1,520,lattice,3,e,img/target_3.png
19,1,521,lattice,5,r,img/target_4.png
19,1,522,lattice,7,u,img/target_7.png
19,1,523,lattice,5,r,img/target_4.png
19,1,524,lattice,4,w,img/target_2.png
19,1,525,lattice,6,b,img/target_6.png
19,1,526,lattice,8,i,img/target_8.png
19,1,527,lattice,9,p,img/target_10.png
19,1,528,lattice,7,u,img/target_7.png
19,1,529,lattice,6,b,img/target_6.png
19,1,530,lattice,7,u,img/target_7.png
19,1,531,lattice,6,b,img/target_6.png
19,1,532,lattice,4,w,img/target_2.png
19,1,533,lattice,2,o,img/target_9.png
19,1,534,lattice,0,q,img/target_1.png
19,1,535,lattice,2,o,img/target_9.png
19,1,536,lattice,3,e,img/target_3.png
19,1,537,lattice,4,w,img/target_2.png
19,1,538,lattice,3,e,img/target_3.png
19,1,539,lattice,5,r,img/target_4.png
19,1,540,lattice,6,b,img/target_6.png
19,1,541,lattice,8,i,img/target_8.png
19,1,542,lattice,0,q,img/target_1.png
19,1,543,lattice,1,v,img/target_5.png
19,1,544,lattice,0,q,img/target_1.png
19,1,545,lattice,1,v,img/target_5.png
19,1,546,lattice,3,e,img/target_3.png
19,1,547,lattice,2,o,img/target_9.png
19,1,548,lattice,0,q,img/target_1.png
19,1,549,lattice,8,i,img/target_8.png
19,1,550,lattice,9,p,img/target_10.png
19,1,551,lattice,0,q,img/target_1.png
19,1,552,lattice,2,o,img/target_9.png
19,1,553,lattice,1,v,img/target_5.png
19,1,554,lattice,0,q,img/target_1.png
19,1,555,lattice,2,o,img/target_9.png
19,1,556,lattice,1,v,img/target_5.png
19,1,557,lattice,9,p,img/target_10.png
19,1,558,lattice,1,v,img/target_5.png
19,1,559,lattice,0,q,img/target_1.png
19,1,560,lattice,9,p,img/target_10.png
19,1,561,lattice,7,u,img/target_7.png
19,1,562,lattice,5,r,img/target_4.png
19,1,563,lattice,3,e,img/target_3.png
19,1,564,lattice,2,o,img/target_9.png
19,1,565,lattice,3,e,img/target_3.png
19,1,566,lattice,1,v,img/target_5.png
19,1,567,lattice,0,q,img/target_1.png
19,1,568,lattice,2,o,img/target_9.png
19,1,569,lattice,0,q,img/target_1.png
19,1,570,lattice,1,v,img/target_5.png
19,1,571,lattice,3,e,img/target_3.png
19,1,572,lattice,1,v,img/target_5.png
19,1,573,lattice,9,p,img/target_10.png
19,1,574,lattice,7,u,img/target_7.png
19,1,575,lattice,8,i,img/target_8.png
19,1,576,lattice,6,b,img/target_6.png
19,1,577,lattice,5,r,img/target_4.png
19,1,578,lattice,7,u,img/target_7.png
19,1,579,lattice,5,r,img/target_4.png
19,1,580,lattice,6,b,img/target_6.png
19,1,581,lattice,4,w,img/target_2.png
19,1,582,lattice,3,e,img/target_3.png
19,1,583,lattice,5,r,img/target_4.png
19,1,584,lattice,4,w,img/target_2.png
19,1,585,lattice,5,r,img/target_4.png
19,1,586,lattice,3,e,img/target_3.png
19,1,587,lattice,1,v,img/target_5.png
19,1,588,lattice,2,o,img/target_9.png
19,1,589,lattice,3,e,img/target_3.png
19,1,590,lattice,5,r,img/target_4.png
19,1,591,lattice,7,u,img/target_7.png
19,1,592,lattice,9,p,img/target_10.png
19,1,593,lattice,7,u,img/target_7.png
19,1,594,lattice,6,b,img/target_6.png
19,1,595,lattice,7,u,img/target_7.png
19,1,596,lattice,8,i,img/target_8.png
19,1,597,lattice,0,q,img/target_1.png
19,1,598,lattice,8,i,img/target_8.png
19,1,599,lattice,0,q,img/target_1.png
19,1,600,lattice,9,p,img/target_10.png
19,1,601,lattice,0,q,img/target_1.png
19,1,602,lattice,2,o,img/target_9.png
19,1,603,lattice,0,q,img/target_1.png
19,1,604,lattice,1,v,img/target_5.png
19,1,605,lattice,9,p,img/target_10.png
19,1,606,lattice,1,v,img/target_5.png
19,1,607,lattice,0,q,img/target_1.png
19,1,608,lattice,8,i,img/target_8.png
19,1,609,lattice,7,u,img/target_7.png
19,1,610,lattice,6,b,img/target_6.png
19,1,611,lattice,4,w,img/target_2.png
19,1,612,lattice,2,o,img/target_9.png
19,1,613,lattice,4,w,img/target_2.png
19,1,614,lattice,5,r,img/target_4.png
19,1,615,lattice,7,u,img/target_7.png
19,1,616,lattice,9,p,img/target_10.png
19,1,617,lattice,7,u,img/target_7.png
19,1,618,lattice,9,p,img/target_10.png
19,1,619,lattice,0,q,img/target_1.png
19,1,620,lattice,9,p,img/target_10.png
19,1,621,lattice,7,u,img/target_7.png
19,1,622,lattice,6,b,img/target_6.png
19,1,623,lattice,7,u,img/target_7.png
19,1,624,lattice,6,b,img/target_6.png
19,1,625,lattice,5,r,img/target_4.png
19,1,626,lattice,4,w,img/target_2.png
19,1,627,lattice,5,r,img/target_4.png
19,1,628,lattice,3,e,img/target_3.png
19,1,629,lattice,2,o,img/target_9.png
19,1,630,lattice,4,w,img/target_2.png
19,1,631,lattice,5,r,img/target_4.png
19,1,632,lattice,3,e,img/target_3.png
19,1,633,lattice,4,w,img/target_2.png
19,1,634,lattice,3,e,img/target_3.png
19,1,635,lattice,5,r,img/target_4.png
19,1,636,lattice,7,u,img/target_7.png
19,1,637,lattice,6,b,img/target_6.png
19,1,638,lattice,4,w,img/target_2.png
19,1,639,lattice,2,o,img/target_9.png
19,1,640,lattice,1,v,img/target_5.png
19,1,641,lattice,0,q,img/target_1.png
19,1,642,lattice,9,p,img/target_10.png
19,1,643,lattice,0,q,img/target_1.png
19,1,644,lattice,9,p,img/target_10.png
19,1,645,lattice,1,v,img/target_5.png
19,1,646,lattice,2,o,img/target_9.png
19,1,647,lattice,1,v,img/target_5.png
19,1,648,lattice,0,q,img/target_1.png
19,1,649,lattice,1,v,img/target_5.png
19,1,650,lattice,2,o,img/target_9.png
19,1,651,lattice,4,w,img/target_2.png
19,1,652,lattice,3,e,img/target_3.png
19,1,653,lattice,4,w,img/target_2.png
19,1,654,lattice,2,o,img/target_9.png
19,1,655,lattice,4,w,img/target_2.png
19,1,656,lattice,3,e,img/target_3.png
19,1,657,lattice,4,w,img/target_2.png
19,1,658,lattice,3,e,img/target_3.png
19,1,659,lattice,4,w,img/target_2.png
19,1,660,lattice,6,b,img/target_6.png
19,1,661,lattice,5,r,img/target_4.png
19,1,662,lattice,4,w,img/target_2.png
19,1,663,lattice,6,b,img/target_6.png
19,1,664,lattice,4,w,img/target_2.png
19,1,665,lattice,6,b,img/target_6.png
19,1,666,lattice,7,u,img/target_7.png
19,1,667,lattice,6,b,img/target_6.png
19,1,668,lattice,8,i,img/target_8.png
19,1,669,lattice,9,p,img/target_10.png
19,1,670,lattice,8,i,img/target_8.png
19,1,671,lattice,0,q,img/target_1.png
19,1,672,lattice,8,i,img/target_8.png
19,1,673,lattice,7,u,img/target_7.png
19,1,674,lattice,8,i,img/target_8.png
19,1,675,lattice,6,b,img/target_6.png
19,1,676,lattice,5,r,img/target_4.png
19,1,677,lattice,7,u,img/target_7.png
19,1,678,lattice,6,b,img/target_6.png
19,1,679,lattice,7,u,img/target_7.png
19,1,680,lattice,5,r,img/target_4.png
19,1,681,lattice,4,w,img/target_2.png
19,1,682,lattice,5,r,img/target_4.png
19,1,683,lattice,6,b,img/target_6.png
19,1,684,lattice,8,i,img/target_8.png
19,1,685,lattice,0,q,img/target_1.png
19,1,686,lattice,9,p,img/target_10.png
19,1,687,lattice,8,i,img/target_8.png
19,1,688,lattice,6,b,img/target_6.png
19,1,689,lattice,8,i,img/target_8.png
19,1,690,lattice,9,p,img/target_10.png
19,1,691,lattice,7,u,img/target_7.png
19,1,692,lattice,5,r,img/target_4.png
19,1,693,lattice,6,b,img/target_6.png
19,1,694,lattice,4,w,img/target_2.png
19,1,695,lattice,3,e,img/target_3.png
19,1,696,lattice,5,r,img/target_4.png
19,1,697,lattice,3,e,img/target_3.png
19,1,698,lattice,5,r,img/target_4.png
19,1,699,lattice,3,e,img/target_3.png
19,1,700,lattice,5,r,img/target_4.png
19,1,701,lattice,3,e,img/target_3.png
19,1,702,lattice,1,v,img/target_5.png
19,1,703,lattice,9,p,img/target_10.png
19,1,704,lattice,7,u,img/target_7.png
19,1,705,lattice,5,r,img/target_4.png
19,1,706,lattice,4,w,img/target_2.png
19,1,707,lattice,2,o,img/target_9.png
19,1,708,lattice,3,e,img/target_3.png
19,1,709,lattice,4,w,img/target_2.png
19,1,710,lattice,2,o,img/target_9.png
19,1,711,lattice,4,w,img/target_2.png
19,1,712,lattice,3,e,img/target_3.png
19,1,713,lattice,4,w,img/target_2.png
19,1,714,lattice,2,o,img/target_9.png
19,1,715,lattice,0,q,img/target_1.png
19,1,716,lattice,1,v,img/target_5.png
19,1,717,lattice,3,e,img/target_3.png
19,1,718,lattice,2,o,img/target_9.png
19,1,719,lattice,4,w,img/target_2.png
19,1,720,lattice,6,b,img/target_6.png
19,1,721,lattice,4,w,img/target_2.png
19,1,722,lattice,6,b,img/target_6.png
19,1,723,lattice,4,w,img/target_2.png
19,1,724,lattice,5,r,img/target_4.png
19,1,725,lattice,4,w,img/target_2.png
19,1,726,lattice,6,b,img/target_6.png
19,1,727,lattice,5,r,img/target_4.png
19,1,728,lattice,7,u,img/target_7.png
19,1,729,lattice,9,p,img/target_10.png
19,1,730,lattice,1,v,img/target_5.png
19,1,731,lattice,0,q,img/target_1.png
19,1,732,lattice,1,v,img/target_5.png
19,1,733,lattice,0,q,img/target_1.png
19,1,734,lattice,1,v,img/target_5.png
19,1,735,lattice,9,p,img/target_10.png
19,1,736,lattice,0,q,img/target_1.png
19,1,737,lattice,2,o,img/target_9.png
19,1,738,lattice,1,v,img/target_5.png
19,1,739,lattice,9,p,img/target_10.png
19,1,740,lattice,7,u,img/target_7.png
19,1,741,lattice,9,p,img/target_10.png
19,1,742,lattice,8,i,img/target_8.png
19,1,743,lattice,7,u,img/target_7.png
19,1,744,lattice,9,p,img/target_10.png
19,1,745,lattice,7,u,img/target_7.png
19,1,746,lattice,6,b,img/target_6.png
19,1,747,lattice,4,w,img/target_2.png
19,1,748,lattice,5,r,img/target_4.png
19,1,749,lattice,4,w,img/target_2.png
19,1,750,lattice,5,r,img/target_4.png
19,1,751,lattice,4,w,img/target_2.png
19,1,752,lattice,2,o,img/target_9.png
19,1,753,lattice,1,v,img/target_5.png
19,1,754,lattice,3,e,img/target_3.png
19,1,755,lattice,5,r,img/target_4.png
19,1,756,lattice,3,e,img/target_3.png
19,1,757,lattice,2,o,img/target_9.png
19,1,758,lattice,0,q,img/target_1.png
19,1,759,lattice,1,v,img/target_5.png
19,1,760,lattice,0,q,img/target_1.png
19,1,761,lattice,9,p,img/target_10.png
19,1,762,lattice,0,q,img/target_1.png
19,1,763,lattice,9,p,img/target_10.png
19,1,764,lattice,7,u,img/target_7.png
19,1,765,lattice,5,r,img/target_4.png
19,1,766,lattice,6,b,img/target_6.png
19,1,767,lattice,4,w,img/target_2.png
19,1,768,lattice,2,o,img/target_9.png
19,1,769,lattice,4,w,img/target_2.png
19,1,770,lattice,6,b,img/target_6.png
19,1,771,lattice,4,w,img/target_2.png
19,1,772,lattice,5,r,img/target_4.png
19,1,773,lattice,4,w,img/target_2.png
19,1,774,lattice,6,b,img/target_6.png
19,1,775,lattice,4,w,img/target_2.png
19,1,776,lattice,3,e,img/target_3.png
19,1,777,lattice,4,w,img/target_2.png
19,1,778,lattice,5,r,img/target_4.png
19,1,779,lattice,4,w,img/target_2.png
19,1,780,lattice,3,e,img/target_3.png
19,1,781,lattice,5,r,img/target_4.png
19,1,782,lattice,3,e,img/target_3.png
19,1,783,lattice,5,r,img/target_4.png
19,1,784,lattice,4,w,img/target_2.png
19,1,785,lattice,2,o,img/target_9.png
19,1,786,lattice,4,w,img/target_2.png
19,1,787,lattice,6,b,img/target_6.png
19,1,788,lattice,7,u,img/target_7.png
19,1,789,lattice,5,r,img/target_4.png
19,1,790,lattice,3,e,img/target_3.png
19,1,791,lattice,2,o,img/target_9.png
19,1,792,lattice,1,v,img/target_5.png
19,1,793,lattice,3,e,img/target_3.png
19,1,794,lattice,2,o,img/target_9.png
19,1,795,lattice,3,e,img/target_3.png
19,1,796,lattice,1,v,img/target_5.png
19,1,797,lattice,0,q,img/target_1.png
19,1,798,lattice,1,v,img/target_5.png
19,1,799,lattice,0,q,img/target_1.png
19,1,800,lattice,2,o,img/target_9.png
19,1,801,lattice,0,q,img/target_1.png
19,1,802,lattice,9,p,img/target_10.png
19,1,803,lattice,1,v,img/target_5.png
19,1,804,lattice,3,e,img/target_3.png
19,1,805,lattice,2,o,img/target_9.png
19,1,806,lattice,4,w,img/target_2.png
19,1,807,lattice,6,b,img/target_6.png
19,1,808,lattice,5,r,img/target_4.png
19,1,809,lattice,7,u,img/target_7.png
19,1,810,lattice,5,r,img/target_4.png
19,1,811,lattice,7,u,img/target_7.png
19,1,812,lattice,8,i,img/target_8.png
19,1,813,lattice,9,p,img/target_10.png
19,1,814,lattice,0,q,img/target_1.png
19,1,815,lattice,9,p,img/target_10.png
19,1,816,lattice,1,v,img/target_5.png
19,1,817,lattice,0,q,img/target_1.png
19,1,818,lattice,2,o,img/target_9.png
19,1,819,lattice,4,w,img/target_2.png
19,1,820,lattice,5,r,img/target_4.png
19,1,821,lattice,4,w,img/target_2.png
19,1,822,lattice,3,e,img/target_3.png
19,1,823,lattice,5,r,img/target_4.png
19,1,824,lattice,4,w,img/target_2.png
19,1,825,lattice,2,o,img/target_9.png
19,1,826,lattice,4,w,img/target_2.png
19,1,827,lattice,2,o,img/target_9.png
19,1,828,lattice,3,e,img/target_3.png
19,1,829,lattice,4,w,img/target_2.png
19,1,830,lattice,3,e,img/target_3.png
19,1,831,lattice,2,o,img/target_9.png
19,1,832,lattice,1,v,img/target_5.png
19,1,833,lattice,2,o,img/target_9.png
19,1,834,lattice,4,w,img/target_2.png
19,1,835,lattice,6,b,img/target_6.png
19,1,836,lattice,4,w,img/target_2.png
19,1,837,lattice,2,o,img/target_9.png
19,1,838,lattice,4,w,img/target_2.png
19,1,839,lattice,6,b,img/target_6.png
19,1,840,lattice,7,u,img/target_7.png
19,1,841,lattice,8,i,img/target_8.png
19,1,842,lattice,6,b,img/target_6.png
19,1,843,lattice,8,i,img/target_8.png
19,1,844,lattice,9,p,img/target_10.png
19,1,845,lattice,1,v,img/target_5.png
19,1,846,lattice,0,q,img/target_1.png
19,1,847,lattice,9,p,img/target_10.png
19,1,848,lattice,1,v,img/target_5.png
19,1,849,lattice,2,o,img/target_9.png
19,1,850,lattice,4,w,img/target_2.png
19,1,851,lattice,3,e,img/target_3.png
19,1,852,lattice,4,w,img/target_2.png
19,1,853,lattice,3,e,img/target_3.png
19,1,854,lattice,1,v,img/target_5.png
19,1,855,lattice,2,o,img/target_9.png
19,1,856,lattice,0,q,img/target_1.png
19,1,857,lattice,9,p,img/target_10.png
19,1,858,lattice,8,i,img/target_8.png
19,1,859,lattice,0,q,img/target_1.png
19,1,860,lattice,1,v,img/target_5.png
19,1,861,lattice,3,e,img/target_3.png
19,1,862,lattice,4,w,img/target_2.png
19,1,863,lattice,6,b,img/target_6.png
19,1,864,lattice,5,r,img/target_4.png
19,1,865,lattice,7,u,img/target_7.png
19,1,866,lattice,6,b,img/target_6.png
19,1,867,lattice,5,r,img/target_4.png
19,1,868,lattice,7,u,img/target_7.png
19,1,869,lattice,5,r,img/target_4.png
19,1,870,lattice,7,u,img/target_7.png
19,1,871,lattice,9,p,img/target_10.png
19,1,872,lattice,8,i,img/target_8.png
19,1,873,lattice,9,p,img/target_10.png
19,1,874,lattice,7,u,img/target_7.png
19,1,875,lattice,9,p,img/target_10.png
19,1,876,lattice,1,v,img/target_5.png
19,1,877,lattice,3,e,img/target_3.png
19,1,878,lattice,2,o,img/target_9.png
19,1,879,lattice,4,w,img/target_2.png
19,1,880,lattice,5,r,img/target_4.png
19,1,881,lattice,7,u,img/target_7.png
19,1,882,lattice,9,p,img/target_10.png
19,1,883,lattice,0,q,img/target_1.png
19,1,884,lattice,9,p,img/target_10.png
19,1,885,lattice,1,v,img/target_5.png
19,1,886,lattice,0,q,img/target_1.png
19,1,887,lattice,9,p,img/target_10.png
19,1,888,lattice,0,q,img/target_1.png
19,1,889,lattice,8,i,img/target_8.png
19,1,890,lattice,6,b,img/target_6.png
19,1,891,lattice,7,u,img/target_7.png
19,1,892,lattice,9,p,img/target_10.png
19,1,893,lattice,8,i,img/target_8.png
19,1,894,lattice,6,b,img/target_6.png
19,1,895,lattice,8,i,img/target_8.png
19,1,896,lattice,0,q,img/target_1.png
19,1,897,lattice,1,v,img/target_5.png
19,1,898,lattice,3,e,img/target_3.png
19,1,899,lattice,1,v,img/target_5.png
19,1,900,lattice,2,o,img/target_9.png
19,1,901,lattice,3,e,img/target_3.png
19,1,902,lattice,1,v,img/target_5.png
19,1,903,lattice,3,e,img/target_3.png
19,1,904,lattice,1,v,img/target_5.png
19,1,905,lattice,9,p,img/target_10.png
19,1,906,lattice,7,u,img/target_7.png
19,1,907,lattice,8,i,img/target_8.png
19,1,908,lattice,6,b,img/target_6.png
19,1,909,lattice,8,i,img/target_8.png
19,1,910,lattice,0,q,img/target_1.png
19,1,911,lattice,2,o,img/target_9.png
19,1,912,lattice,3,e,img/target_3.png
19,1,913,lattice,1,v,img/target_5.png
19,1,914,lattice,3,e,img/target_3.png
19,1,915,lattice,1,v,img/target_5.png
19,1,916,lattice,2,o,img/target_9.png
19,1,917,lattice,4,w,img/target_2.png
19,1,918,lattice,2,o,img/target_9.png
19,1,919,lattice,4,w,img/target_2.png
19,1,920,lattice,5,r,img/target_4.png
19,1,921,lattice,4,w,img/target_2.png
19,1,922,lattice,3,e,img/target_3.png
19,1,923,lattice,2,o,img/target_9.png
19,1,924,lattice,0,q,img/target_1.png
19,1,925,lattice,9,p,img/target_10.png
19,1,926,lattice,8,i,img/target_8.png
19,1,927,lattice,6,b,img/target_6.png
19,1,928,lattice,4,w,img/target_2.png
19,1,929,lattice,6,b,img/target_6.png
19,1,930,lattice,8,i,img/target_8.png
19,1,931,lattice,0,q,img/target_1.png
19,1,932,lattice,1,v,img/target_5.png
19,1,933,lattice,3,e,img/target_3.png
19,1,934,lattice,1,v,img/target_5.png
19,1,935,lattice,3,e,img/target_3.png
19,1,936,lattice,4,w,img/target_2.png
19,1,937,lattice,2,o,img/target_9.png
19,1,938,lattice,0,q,img/target_1.png
19,1,939,lattice,2,o,img/target_9.png
19,1,940,lattice,4,w,img/target_2.png
19,1,941,lattice,6,b,img/target_6.png
19,1,942,lattice,5,r,img/target_4.png
19,1,943,lattice,7,u,img/target_7.png
19,1,944,lattice,9,p,img/target_10.png
19,1,945,lattice,8,i,img/target_8.png
19,1,946,lattice,7,u,img/target_7.png
19,1,947,lattice,6,b,img/target_6.png
19,1,948,lattice,4,w,img/target_2.png
19,1,949,lattice,2,o,img/target_9.png
19,1,950,lattice,0,q,img/target_1.png
19,1,951,lattice,8,i,img/target_8.png
19,1,952,lattice,9,p,img/target_10.png
19,1,953,lattice,1,v,img/target_5.png
19,1,954,lattice,2,o,img/target_9.png
19,1,955,lattice,1,v,img/target_5.png
19,1,956,lattice,2,o,img/target_9.png
19,1,957,lattice,4,w,img/target_2.png
19,1,958,lattice,2,o,img/target_9.png
19,1,959,lattice,1,v,img/target_5.png
19,1,960,lattice,9,p,img/target_10.png
19,1,961,lattice,7,u,img/target_7.png
19,1,962,lattice,9,p,img/target_10.png
19,1,963,lattice,7,u,img/target_7.png
19,1,964,lattice,6,b,img/target_6.png
19,1,965,lattice,7,u,img/target_7.png
19,1,966,lattice,5,r,img/target_4.png
19,1,967,lattice,6,b,img/target_6.png
19,1,968,lattice,8,i,img/target_8.png
19,1,969,lattice,6,b,img/target_6.png
19,1,970,lattice,4,w,img/target_2.png
19,1,971,lattice,2,o,img/target_9.png
19,1,972,lattice,4,w,img/target_2.png
19,1,973,lattice,2,o,img/target_9.png
19,1,974,lattice,0,q,img/target_1.png
19,1,975,lattice,9,p,img/target_10.png
19,1,976,lattice,1,v,img/target_5.png
19,1,977,lattice,9,p,img/target_10.png
19,1,978,lattice,7,u,img/target_7.png
19,1,979,lattice,8,i,img/target_8.png
19,1,980,lattice,7,u,img/target_7.png
19,1,981,lattice,6,b,img/target_6.png
19,1,982,lattice,4,w,img/target_2.png
19,1,983,lattice,6,b,img/target_6.png
19,1,984,lattice,5,r,img/target_4.png
19,1,985,lattice,4,w,img/target_2.png
19,1,986,lattice,6,b,img/target_6.png
19,1,987,lattice,8,i,img/target_8.png
19,1,988,lattice,6,b,img/target_6.png
19,1,989,lattice,8,i,img/target_8.png
19,1,990,lattice,6,b,img/target_6.png
19,1,991,lattice,8,i,img/target_8.png
19,1,992,lattice,7,u,img/target_7.png
19,1,993,lattice,9,p,img/target_10.png
19,1,994,lattice,1,v,img/target_5.png
19,1,995,lattice,9,p,img/target_10.png
19,1,996,lattice,1,v,img/target_5.png
19,1,997,lattice,9,p,img/target_10.png
19,1,998,lattice,1,v,img/target_5.png
19,1,999,lattice,2,o,img/target_9.png
19,1,1000,lattice,0,q,img/target_1.png
