pID,sess,trialNum,graph,walk,resp,path
19,2,1,lattice,2,o,img/target_9.png
19,2,2,lattice,0,q,img/target_1.png
19,2,3,lattice,8,i,img/target_8.png
19,2,4,lattice,9,p,img/target_10.png
19,2,5,lattice,1,v,img/target_5.png
19,2,6,lattice,3,e,img/target_3.png
19,2,7,lattice,1,v,img/target_5.png
19,2,8,lattice,9,p,img/target_10.png
19,2,9,lattice,0,q,img/target_1.png
19,2,10,lattice,9,p,img/target_10.png
19,2,11,lattice,8,i,img/target_8.png
19,2,12,lattice,6,b,img/target_6.png
19,2,13,lattice,5,r,img/target_4.png
19,2,14,lattice,3,e,img/target_3.png
19,2,15,lattice,5,r,img/target_4.png
19,2,16,lattice,3,e,img/target_3.png
19,2,17,lattice,1,v,img/target_5.png
19,2,18,lattice,9,p,img/target_10.png
19,2,19,lattice,1,v,img/target_5.png
19,2,20,lattice,2,o,img/target_9.png
19,2,21,lattice,3,e,img/target_3.png
19,2,22,lattice,4,w,img/target_2.png
19,2,23,lattice,2,o,img/target_9.png
19,2,24,lattice,4,w,img/target_2.png
19,2,25,lattice,3,e,img/target_3.png
19,2,26,lattice,4,w,img/target_2.png
19,2,27,lattice,5,r,img/target_4.png
19,2,28,lattice,3,e,img/target_3.png
19,2,29,lattice,2,o,img/target_9.png
19,2,30,lattice,1,v,img/target_5.png
19,2,31,lattice,9,p,img/target_10.png
19,2,32,lattice,8,i,img/target_8.png
19,2,33,lattice,7,u,img/target_7.png
19,2,34,lattice,5,r,img/target_4.png
19,2,35,lattice,4,w,img/target_2.png
19,2,36,lattice,6,b,img/target_6.png
19,2,37,lattice,7,u,img/target_7.png
19,2,38,lattice,5,r,img/target_4.png
19,2,39,lattice,4,w,img/target_2.png
19,2,40,lattice,6,b,img/target_6.png
19,2,41,lattice,7,u,img/target_7.png
19,2,42,lattice,8,i,img/target_8.png
19,2,43,lattice,7,u,img/target_7.png
19,2,44,lattice,6,b,img/target_6.png
19,2,45,lattice,7,u,img/target_7.png
19,2,46,lattice,8,i,img/target_8.png
19,2,47,lattice,0,q,img/target_1.png
19,2,48,lattice,1,v,img/target_5.png
19,2,49,lattice,2,o,img/target_9.png
19,2,50,lattice,4,w,img/target_2.png
19,2,51,lattice,6,b,img/target_6.png
19,2,52,lattice,5,r,img/target_4.png
19,2,53,lattice,7,u,img/target_7.png
19,2,54,lattice,6,b,img/target_6.png
19,2,55,lattice,8,i,img/target_8.png
19,2,56,lattice,6,b,img/target_6.png
19,2,57,lattice,5,r,img/target_4.png
19,2,58,lattice,7,u,img/target_7.png
19,2,59,lattice,9,p,img/target_10.png
19,2,60,lattice,0,q,img/target_1.png
19,2,61,lattice,9,p,img/target_10.png
19,2,62,lattice,8,i,img/target_8.png
19,2,63,lattice,6,b,img/target_6.png
19,2,64,lattice,8,i,img/target_8.png
19,2,65,lattice,9,p,img/target_10.png
19,2,66,lattice,1,v,img/target_5.png
19,2,67,lattice,9,p,img/target_10.png
19,2,68,lattice,0,q,img/target_1.png
19,2,69,lattice,1,v,img/target_5.png
19,2,70,lattice,9,p,img/target_10.png
19,2,71,lattice,7,u,img/target_7.png
19,2,72,lattice,6,b,img/target_6.png
19,2,73,lattice,7,u,img/target_7.png
19,2,74,lattice,5,r,img/target_4.png
19,2,75,lattice,7,u,img/target_7.png
19,2,76,lattice,5,r,img/target_4.png
19,2,77,lattice,6,b,img/target_6.png
19,2,78,lattice,7,u,img/target_7.png
19,2,79,lattice,5,r,img/target_4.png
19,2,80,lattice,6,b,img/target_6.png
19,2,81,lattice,4,w,img/target_2.png
19,2,82,lattice,2,o,img/target_9.png
19,2,83,lattice,4,w,img/target_2.png
19,2,84,lattice,2,o,img/target_9.png
19,2,85,lattice,3,e,img/target_3.png
19,2,86,lattice,1,v,img/target_5.png
19,2,87,lattice,2,o,img/target_9.png
19,2,88,lattice,3,e,img/target_3.png
19,2,89,lattice,2,o,img/target_9.png
19,2,90,lattice,3,e,img/target_3.png
19,2,91,lattice,4,w,img/target_2.png
19,2,92,lattice,2,o,img/target_9.png
19,2,93,lattice,0,q,img/target_1.png
19,2,94,lattice,9,p,img/target_10.png
19,2,95,lattice,1,v,img/target_5.png
19,2,96,lattice,2,o,img/target_9.png
19,2,97,lattice,3,e,img/target_3.png
19,2,98,lattice,4,w,img/target_2.png
19,2,99,lattice,3,e,img/target_3.png
19,2,100,lattice,2,o,img/target_9.png
19,2,101,lattice,4,w,img/target_2.png
19,2,102,lattice,5,r,img/target_4.png
19,2,103,lattice,7,u,img/target_7.png
19,2,104,lattice,9,p,img/target_10.png
19,2,105,lattice,0,q,img/target_1.png
19,2,106,lattice,1,v,img/target_5.png
19,2,107,lattice,3,e,img/target_3.png
19,2,108,lattice,5,r,img/target_4.png
19,2,109,lattice,4,w,img/target_2.png
19,2,110,lattice,3,e,img/target_3.png
19,2,111,lattice,4,w,img/target_2.png
19,2,112,lattice,6,b,img/target_6.png
19,2,113,lattice,7,u,img/target_7.png
19,2,114,lattice,9,p,img/target_10.png
19,2,115,lattice,8,i,img/target_8.png
19,2,116,lattice,9,p,img/target_10.png
19,2,117,lattice,8,i,img/target_8.png
19,2,118,lattice,6,b,img/target_6.png
19,2,119,lattice,8,i,img/target_8.png
19,2,120,lattice,6,b,img/target_6.png
19,2,121,lattice,7,u,img/target_7.png
19,2,122,lattice,9,p,img/target_10.png
19,2,123,lattice,7,u,img/target_7.png
19,2,124,lattice,8,i,img/target_8.png
19,2,125,lattice,0,q,img/target_1.png
19,2,126,lattice,1,v,img/target_5.png
19,2,127,lattice,2,o,img/target_9.png
19,2,128,lattice,4,w,img/target_2.png
19,2,129,lattice,2,o,img/target_9.png
19,2,130,lattice,1,v,img/target_5.png
19,2,131,lattice,9,p,img/target_10.png
19,2,132,lattice,8,i,img/target_8.png
19,2,133,lattice,9,p,img/target_10.png
19,2,134,lattice,7,u,img/target_7.png
19,2,135,lattice,9,p,img/target_10.png
19,2,136,lattice,7,u,img/target_7.png
19,2,137,lattice,5,r,img/target_4.png
19,2,138,lattice,4,w,img/target_2.png
19,2,139,lattice,2,o,img/target_9.png
19,2,140,lattice,1,v,img/target_5.png
19,2,141,lattice,9,p,img/target_10.png
19,2,142,lattice,7,u,img/target_7.png
19,2,143,lattice,9,p,img/target_10.png
19,2,144,lattice,1,v,img/target_5.png
19,2,145,lattice,2,o,img/target_9.png
19,2,146,lattice,4,w,img/target_2.png
19,2,147,lattice,2,o,img/target_9.png
19,2,148,lattice,1,v,img/target_5.png
19,2,149,lattice,3,e,img/target_3.png
19,2,150,lattice,1,v,img/target_5.png
19,2,151,lattice,9,p,img/target_10.png
19,2,152,lattice,0,q,img/target_1.png
19,2,153,lattice,8,i,img/target_8.png
19,2,154,lattice,7,u,img/target_7.png
19,2,155,lattice,9,p,img/target_10.png
19,2,156,lattice,7,u,img/target_7.png
19,2,157,lattice,9,p,img/target_10.png
19,2,158,lattice,0,q,img/target_1.png
19,2,159,lattice,9,p,img/target_10.png
19,2,160,lattice,0,q,img/target_1.png
19,2,161,lattice,1,v,img/target_5.png
19,2,162,lattice,2,o,img/target_9.png
19,2,163,lattice,0,q,img/target_1.png
19,2,164,lattice,8,i,img/target_8.png
19,2,165,lattice,6,b,img/target_6.png
19,2,166,lattice,7,u,img/target_7.png
19,2,167,lattice,6,b,img/target_6.png
19,2,168,lattice,8,i,img/target_8.png
19,2,169,lattice,6,b,img/target_6.png
19,2,170,lattice,4,w,img/target_2.png
19,2,171,lattice,2,o,img/target_9.png
19,2,172,lattice,4,w,img/target_2.png
19,2,173,lattice,5,r,img/target_4.png
19,2,174,lattice,7,u,img/target_7.png
19,2,175,lattice,9,p,img/target_10.png
19,2,176,lattice,0,q,img/target_1.png
19,2,177,lattice,8,i,img/target_8.png
19,2,178,lattice,0,q,img/target_1.png
19,2,179,lattice,1,v,img/target_5.png
19,2,180,lattice,9,p,img/target_10.png
19,2,181,lattice,8,i,img/target_8.png
19,2,182,lattice,6,b,img/target_6.png
19,2,183,lattice,5,r,img/target_4.png
19,2,184,lattice,3,e,img/target_3.png
19,2,185,lattice,1,v,img/target_5.png
19,2,186,lattice,3,e,img/target_3.png
19,2,187,lattice,4,w,img/target_2.png
19,2,188,lattice,2,o,img/target_9.png
19,2,189,lattice,0,q,img/target_1.png
19,2,190,lattice,2,o,img/target_9.png
19,2,191,lattice,4,w,img/target_2.png
19,2,192,lattice,5,r,img/target_4.png
19,2,193,lattice,6,b,img/target_6.png
19,2,194,lattice,4,w,img/target_2.png
19,2,195,lattice,2,o,img/target_9.png
19,2,196,lattice,4,w,img/target_2.png
19,2,197,lattice,2,o,img/target_9.png
19,2,198,lattice,0,q,img/target_1.png
19,2,199,lattice,2,o,img/target_9.png
19,2,200,lattice,1,v,img/target_5.png
19,2,201,lattice,2,o,img/target_9.png
19,2,202,lattice,4,w,img/target_2.png
19,2,203,lattice,2,o,img/target_9.png
19,2,204,lattice,3,e,img/target_3.png
19,2,205,lattice,4,w,img/target_2.png
19,2,206,lattice,5,r,img/target_4.png
19,2,207,lattice,7,u,img/target_7.png
19,2,208,lattice,9,p,img/target_10.png
19,2,209,lattice,0,q,img/target_1.png
19,2,210,lattice,8,i,img/target_8.png
19,2,211,lattice,7,u,img/target_7.png
19,2,212,lattice,5,r,img/target_4.png
19,2,213,lattice,4,w,img/target_2.png
19,2,214,lattice,5,r,img/target_4.png
19,2,215,lattice,4,w,img/target_2.png
19,2,216,lattice,3,e,img/target_3.png
19,2,217,lattice,1,v,img/target_5.png
19,2,218,lattice,3,e,img/target_3.png
19,2,219,lattice,2,o,img/target_9.png
19,2,220,lattice,4,w,img/target_2.png
19,2,221,lattice,3,e,img/target_3.png
19,2,222,lattice,4,w,img/target_2.png
19,2,223,lattice,6,b,img/target_6.png
19,2,224,lattice,5,r,img/target_4.png
19,2,225,lattice,7,u,img/target_7.png
19,2,226,lattice,6,b,img/target_6.png
19,2,227,lattice,4,w,img/target_2.png
19,2,228,lattice,2,o,img/target_9.png
19,2,229,lattice,4,w,img/target_2.png
19,2,230,lattice,3,e,img/target_3.png
19,2,231,lattice,4,w,img/target_2.png
19,2,232,lattice,3,e,img/target_3.png
19,2,233,lattice,1,v,img/target_5.png
19,2,234,lattice,3,e,img/target_3.png
19,2,235,lattice,5,r,img/target_4.png
19,2,236,lattice,4,w,img/target_2.png
19,2,237,lattice,2,o,img/target_9.png
19,2,238,lattice,0,q,img/target_1.png
19,2,239,lattice,1,v,img/target_5.png
19,2,240,lattice,0,q,img/target_1.png
19,2,241,lattice,2,o,img/target_9.png
19,2,242,lattice,0,q,img/target_1.png
19,2,243,lattice,8,i,img/target_8.png
19,2,244,lattice,6,b,img/target_6.png
19,2,245,lattice,4,w,img/target_2.png
19,2,246,lattice,6,b,img/target_6.png
19,2,247,lattice,7,u,img/target_7.png
19,2,248,lattice,9,p,img/target_10.png
19,2,249,lattice,7,u,img/target_7.png
19,2,250,lattice,6,b,img/target_6.png
19,2,251,lattice,5,r,img/target_4.png
19,2,252,lattice,7,u,img/target_7.png
19,2,253,lattice,8,i,img/target_8.png
19,2,254,lattice,6,b,img/target_6.png
19,2,255,lattice,8,i,img/target_8.png
19,2,256,lattice,6,b,img/target_6.png
19,2,257,lattice,5,r,img/target_4.png
19,2,258,lattice,6,b,img/target_6.png
19,2,259,lattice,8,i,img/target_8.png
19,2,260,lattice,6,b,img/target_6.png
19,2,261,lattice,4,w,img/target_2.png
19,2,262,lattice,3,e,img/target_3.png
19,2,263,lattice,1,v,img/target_5.png
19,2,264,lattice,0,q,img/target_1.png
19,2,265,lattice,9,p,img/target_10.png
19,2,266,lattice,1,v,img/target_5.png
19,2,267,lattice,2,o,img/target_9.png
19,2,268,lattice,0,q,img/target_1.png
19,2,269,lattice,2,o,img/target_9.png
19,2,270,lattice,0,q,img/target_1.png
19,2,271,lattice,8,i,img/target_8.png
19,2,272,lattice,6,b,img/target_6.png
19,2,273,lattice,7,u,img/target_7.png
19,2,274,lattice,6,b,img/target_6.png
19,2,275,lattice,4,w,img/target_2.png
19,2,276,lattice,6,b,img/target_6.png
19,2,277,lattice,7,u,img/target_7.png
19,2,278,lattice,9,p,img/target_10.png
19,2,279,lattice,7,u,img/target_7.png
19,2,280,lattice,6,b,img/target_6.png
19,2,281,lattice,4,w,img/target_2.png
19,2,282,lattice,3,e,img/target_3.png
19,2,283,lattice,1,v,img/target_5.png
19,2,284,lattice,0,q,img/target_1.png
19,2,285,lattice,8,i,img/target_8.png
19,2,286,lattice,0,q,img/target_1.png
19,2,287,lattice,8,i,img/target_8.png
19,2,288,lattice,6,b,img/target_6.png
19,2,289,lattice,7,u,img/target_7.png
19,2,290,lattice,8,i,img/target_8.png
19,2,291,lattice,9,p,img/target_10.png
19,2,292,lattice,1,v,img/target_5.png
19,2,293,lattice,9,p,img/target_10.png
19,2,294,lattice,8,i,img/target_8.png
19,2,295,lattice,9,p,img/target_10.png
19,2,296,lattice,0,q,img/target_1.png
19,2,297,lattice,8,i,img/target_8.png
19,2,298,lattice,7,u,img/target_7.png
19,2,299,lattice,9,p,img/target_10.png
19,2,300,lattice,7,u,img/target_7.png
19,2,301,lattice,9,p,img/target_10.png
19,2,302,lattice,8,i,img/target_8.png
19,2,303,lattice,6,b,img/target_6.png
19,2,304,lattice,4,w,img/target_2.png
19,2,305,lattice,2,o,img/target_9.png
19,2,306,lattice,1,v,img/target_5.png
19,2,307,lattice,2,o,img/target_9.png
19,2,308,lattice,3,e,img/target_3.png
19,2,309,lattice,2,o,img/target_9.png
19,2,310,lattice,1,v,img/target_5.png
19,2,311,lattice,3,e,img/target_3.png
19,2,312,lattice,2,o,img/target_9.png
19,2,313,lattice,3,e,img/target_3.png
19,2,314,lattice,4,w,img/target_2.png
19,2,315,lattice,3,e,img/target_3.png
19,2,316,lattice,1,v,img/target_5.png
19,2,317,lattice,0,q,img/target_1.png
19,2,318,lattice,2,o,img/target_9.png
19,2,319,lattice,1,v,img/target_5.png
19,2,320,lattice,9,p,img/target_10.png
19,2,321,lattice,7,u,img/target_7.png
19,2,322,lattice,9,p,img/target_10.png
19,2,323,lattice,8,i,img/target_8.png
19,2,324,lattice,6,b,img/target_6.png
19,2,325,lattice,7,u,img/target_7.png
19,2,326,lattice,8,i,img/target_8.png
19,2,327,lattice,9,p,img/target_10.png
19,2,328,lattice,1,v,img/target_5.png
19,2,329,lattice,9,p,img/target_10.png
19,2,330,lattice,1,v,img/target_5.png
19,2,331,lattice,0,q,img/target_1.png
19,2,332,lattice,8,i,img/target_8.png
19,2,333,lattice,6,b,img/target_6.png
19,2,334,lattice,5,r,img/target_4.png
19,2,335,lattice,7,u,img/target_7.png
19,2,336,lattice,8,i,img/target_8.png
19,2,337,lattice,7,u,img/target_7.png
19,2,338,lattice,9,p,img/target_10.png
19,2,339,lattice,1,v,img/target_5.png
19,2,340,lattice,3,e,img/target_3.png
19,2,341,lattice,4,w,img/target_2.png
19,2,342,lattice,6,b,img/target_6.png
19,2,343,lattice,8,i,img/target_8.png
19,2,344,lattice,6,b,img/target_6.png
19,2,345,lattice,7,u,img/target_7.png
19,2,346,lattice,5,r,img/target_4.png
19,2,347,lattice,4,w,img/target_2.png
19,2,348,lattice,5,r,img/target_4.png
19,2,349,lattice,7,u,img/target_7.png
19,2,350,lattice,6,b,img/target_6.png
19,2,351,lattice,4,w,img/target_2.png
19,2,352,lattice,3,e,img/target_3.png
19,2,353,lattice,5,r,img/target_4.png
19,2,354,lattice,3,e,img/target_3.png
19,2,355,lattice,5,r,img/target_4.png
19,2,356,lattice,6,b,img/target_6.png
19,2,357,lattice,5,r,img/target_4.png
19,2,358,lattice,7,u,img/target_7.png
19,2,359,lattice,8,i,img/target_8.png
19,2,360,lattice,6,b,img/target_6.png
19,2,361,lattice,5,r,img/target_4.png
19,2,362,lattice,7,u,img/target_7.png
19,2,363,lattice,6,b,img/target_6.png
19,2,364,lattice,8,i,img/target_8.png
19,2,365,lattice,7,u,img/target_7.png
19,2,366,lattice,9,p,img/target_10.png
19,2,367,lattice,1,v,img/target_5.png
19,2,368,lattice,3,e,img/target_3.png
19,2,369,lattice,5,r,img/target_4.png
19,2,370,lattice,4,w,img/target_2.png
19,2,371,lattice,2,o,img/target_9.png
19,2,372,lattice,1,v,img/target_5.png
19,2,373,lattice,0,q,img/target_1.png
19,2,374,lattice,9,p,img/target_10.png
19,2,375,lattice,7,u,img/target_7.png
19,2,376,lattice,9,p,img/target_10.png
19,2,377,lattice,8,i,img/target_8.png
19,2,378,lattice,0,q,img/target_1.png
19,2,379,lattice,2,o,img/target_9.png
19,2,380,lattice,4,w,img/target_2.png
19,2,381,lattice,2,o,img/target_9.png
19,2,382,lattice,1,v,img/target_5.png
19,2,383,lattice,2,o,img/target_9.png
19,2,384,lattice,1,v,img/target_5.png
19,2,385,lattice,2,o,img/target_9.png
19,2,386,lattice,4,w,img/target_2.png
19,2,387,lattice,3,e,img/target_3.png
19,2,388,lattice,4,w,img/target_2.png
19,2,389,lattice,3,e,img/target_3.png
19,2,390,lattice,1,v,img/target_5.png
19,2,391,lattice,0,q,img/target_1.png
19,2,392,lattice,2,o,img/target_9.png
19,2,393,lattice,3,e,img/target_3.png
19,2,394,lattice,4,w,img/target_2.png
19,2,395,lattice,6,b,img/target_6.png
19,2,396,lattice,7,u,img/target_7.png
19,2,397,lattice,8,i,img/target_8.png
19,2,398,lattice,9,p,img/target_10.png
19,2,399,lattice,7,u,img/target_7.png
19,2,400,lattice,9,p,img/target_10.png
19,2,401,lattice,1,v,img/target_5.png
19,2,402,lattice,2,o,img/target_9.png
19,2,403,lattice,0,q,img/target_1.png
19,2,404,lattice,9,p,img/target_10.png
19,2,405,lattice,7,u,img/target_7.png
19,2,406,lattice,8,i,img/target_8.png
19,2,407,lattice,0,q,img/target_1.png
19,2,408,lattice,1,v,img/target_5.png
19,2,409,lattice,3,e,img/target_3.png
19,2,410,lattice,2,o,img/target_9.png
19,2,411,lattice,4,w,img/target_2.png
19,2,412,lattice,6,b,img/target_6.png
19,2,413,lattice,8,i,img/target_8.png
19,2,414,lattice,7,u,img/target_7.png
19,2,415,lattice,9,p,img/target_10.png
19,2,416,lattice,0,q,img/target_1.png
19,2,417,lattice,1,v,img/target_5.png
19,2,418,lattice,3,e,img/target_3.png
19,2,419,lattice,1,v,img/target_5.png
19,2,420,lattice,9,p,img/target_10.png
19,2,421,lattice,7,u,img/target_7.png
19,2,422,lattice,5,r,img/target_4.png
19,2,423,lattice,3,e,img/target_3.png
19,2,424,lattice,4,w,img/target_2.png
19,2,425,lattice,5,r,img/target_4.png
19,2,426,lattice,3,e,img/target_3.png
19,2,427,lattice,5,r,img/target_4.png
19,2,428,lattice,4,w,img/target_2.png
19,2,429,lattice,3,e,img/target_3.png
19,2,430,lattice,5,r,img/target_4.png
19,2,431,lattice,7,u,img/target_7.png
19,2,432,lattice,9,p,img/target_10.png
19,2,433,lattice,7,u,img/target_7.png
19,2,434,lattice,9,p,img/target_10.png
19,2,435,lattice,1,v,img/target_5.png
19,2,436,lattice,3,e,img/target_3.png
19,2,437,lattice,4,w,img/target_2.png
19,2,438,lattice,3,e,img/target_3.png
19,2,439,lattice,4,w,img/target_2.png
19,2,440,lattice,6,b,img/target_6.png
19,2,441,lattice,7,u,img/target_7.png
19,2,442,lattice,6,b,img/target_6.png
19,2,443,lattice,7,u,img/target_7.png
19,2,444,lattice,6,b,img/target_6.png
19,2,445,lattice,8,i,img/target_8.png
19,2,446,lattice,6,b,img/target_6.png
19,2,447,lattice,7,u,img/target_7.png
19,2,448,lattice,6,b,img/target_6.png
19,2,449,lattice,7,u,img/target_7.png
19,2,450,lattice,9,p,img/target_10.png
19,2,451,lattice,7,u,img/target_7.png
19,2,452,lattice,9,p,img/target_10.png
19,2,453,lattice,8,i,img/target_8.png
19,2,454,lattice,9,p,img/target_10.png
19,2,455,lattice,8,i,img/target_8.png
19,2,456,lattice,0,q,img/target_1.png
19,2,457,lattice,8,i,img/target_8.png
19,2,458,lattice,0,q,img/target_1.png
19,2,459,lattice,2,o,img/target_9.png
19,2,460,lattice,3,e,img/target_3.png
19,2,461,lattice,5,r,img/target_4.png
19,2,462,lattice,3,e,img/target_3.png
19,2,463,lattice,2,o,img/target_9.png
19,2,464,lattice,1,v,img/target_5.png
19,2,465,lattice,0,q,img/target_1.png
19,2,466,lattice,8,i,img/target_8.png
19,2,467,lattice,7,u,img/target_7.png
19,2,468,lattice,6,b,img/target_6.png
19,2,469,lattice,4,w,img/target_2.png
19,2,470,lattice,3,e,img/target_3.png
19,2,471,lattice,4,w,img/target_2.png
19,2,472,lattice,3,e,img/target_3.png
19,2,473,lattice,1,v,img/target_5.png
19,2,474,lattice,9,p,img/target_10.png
19,2,475,lattice,7,u,img/target_7.png
19,2,476,lattice,9,p,img/target_10.png
19,2,477,lattice,7,u,img/target_7.png
19,2,478,lattice,8,i,img/target_8.png
19,2,479,lattice,9,p,img/target_10.png
19,2,480,lattice,1,v,img/target_5.png
19,2,481,lattice,9,p,img/target_10.png
19,2,482,lattice,8,i,img/target_8.png
19,2,483,lattice,9,p,img/target_10.png
19,2,484,lattice,0,q,img/target_1.png
19,2,485,lattice,8,i,img/target_8.png
19,2,486,lattice,9,p,img/target_10.png
19,2,487,lattice,7,u,img/target_7.png
19,2,488,lattice,5,r,img/target_4.png
19,2,489,lattice,7,u,img/target_7.png
19,2,490,lattice,9,p,img/target_10.png
19,2,491,lattice,0,q,img/target_1.png
19,2,492,lattice,1,v,img/target_5.png
19,2,493,lattice,0,q,img/target_1.png
19,2,494,lattice,9,p,img/target_10.png
19,2,495,lattice,7,u,img/target_7.png
19,2,496,lattice,8,i,img/target_8.png
19,2,497,lattice,0,q,img/target_1.png
19,2,498,lattice,8,i,img/target_8.png
19,2,499,lattice,0,q,img/target_1.png
19,2,500,lattice,9,p,img/target_10.png
19,2,501,lattice,0,q,img/target_1.png
19,2,502,lattice,2,o,img/target_9.png
19,2,503,lattice,4,w,img/target_2.png
19,2,504,lattice,2,o,img/target_9.png
19,2,505,lattice,3,e,img/target_3.png
19,2,506,lattice,5,r,img/target_4.png
19,2,507,lattice,7,u,img/target_7.png
19,2,508,lattice,6,b,img/target_6.png
19,2,509,lattice,8,i,img/target_8.png
19,2,510,lattice,6,b,img/target_6.png
19,2,511,lattice,8,i,img/target_8.png
19,2,512,lattice,0,q,img/target_1.png
19,2,513,lattice,1,v,img/target_5.png
19,2,514,lattice,9,p,img/target_10.png
19,2,515,lattice,1,v,img/target_5.png
19,2,516,lattice,9,p,img/target_10.png
19,2,517,lattice,1,v,img/target_5.png
19,2,518,lattice,2,o,img/target_9.png
19,2,519,lattice,3,e,img/target_3.png
19,2,520,lattice,4,w,img/target_2.png
19,2,521,lattice,2,o,img/target_9.png
19,2,522,lattice,3,e,img/target_3.png
19,2,523,lattice,5,r,img/target_4.png
19,2,524,lattice,4,w,img/target_2.png
19,2,525,lattice,2,o,img/target_9.png
19,2,526,lattice,4,w,img/target_2.png
19,2,527,lattice,2,o,img/target_9.png
19,2,528,lattice,0,q,img/target_1.png
19,2,529,lattice,9,p,img/target_10.png
19,2,530,lattice,1,v,img/target_5.png
19,2,531,lattice,0,q,img/target_1.png
19,2,532,lattice,2,o,img/target_9.png
19,2,533,lattice,1,v,img/target_5.png
19,2,534,lattice,9,p,img/target_10.png
19,2,535,lattice,1,v,img/target_5.png
19,2,536,lattice,3,e,img/target_3.png
19,2,537,lattice,2,o,img/target_9.png
19,2,538,lattice,1,v,img/target_5.png
19,2,539,lattice,3,e,img/target_3.png
19,2,540,lattice,2,o,img/target_9.png
19,2,541,lattice,0,q,img/target_1.png
19,2,542,lattice,1,v,img/target_5.png
19,2,543,lattice,3,e,img/target_3.png
19,2,544,lattice,4,w,img/target_2.png
19,2,545,lattice,5,r,img/target_4.png
19,2,546,lattice,6,b,img/target_6.png
19,2,547,lattice,5,r,img/target_4.png
19,2,548,lattice,3,e,img/target_3.png
19,2,549,lattice,1,v,img/target_5.png
19,2,550,lattice,9,p,img/target_10.png
19,2,551,lattice,8,i,img/target_8.png
19,2,552,lattice,9,p,img/target_10.png
19,2,553,lattice,7,u,img/target_7.png
19,2,554,lattice,8,i,img/target_8.png
19,2,555,lattice,6,b,img/target_6.png
19,2,556,lattice,5,r,img/target_4.png
19,2,557,lattice,4,w,img/target_2.png
19,2,558,lattice,6,b,img/target_6.png
19,2,559,lattice,7,u,img/target_7.png
19,2,560,lattice,9,p,img/target_10.png
19,2,561,lattice,0,q,img/target_1.png
19,2,562,lattice,8,i,img/target_8.png
19,2,563,lattice,6,b,img/target_6.png
19,2,564,lattice,5,r,img/target_4.png
19,2,565,lattice,3,e,img/target_3.png
19,2,566,lattice,5,r,img/target_4.png
19,2,567,lattice,4,w,img/target_2.png
19,2,568,lattice,2,o,img/target_9.png
19,2,569,lattice,0,q,img/target_1.png
19,2,570,lattice,1,v,img/target_5.png
19,2,571,lattice,0,q,img/target_1.png
19,2,572,lattice,8,i,img/target_8.png
19,2,573,lattice,6,b,img/target_6.png
19,2,574,lattice,8,i,img/target_8.png
19,2,575,lattice,7,u,img/target_7.png
19,2,576,lattice,6,b,img/target_6.png
19,2,577,lattice,5,r,img/target_4.png
19,2,578,lattice,3,e,img/target_3.png
19,2,579,lattice,5,r,img/target_4.png
19,2,580,lattice,4,w,img/target_2.png
19,2,581,lattice,5,r,img/target_4.png
19,2,582,lattice,6,b,img/target_6.png
19,2,583,lattice,4,w,img/target_2.png
19,2,584,lattice,2,o,img/target_9.png
19,2,585,lattice,1,v,img/target_5.png
19,2,586,lattice,3,e,img/target_3.png
19,2,587,lattice,5,r,img/target_4.png
19,2,588,lattice,4,w,img/target_2.png
19,2,589,lattice,3,e,img/target_3.png
19,2,590,lattice,4,w,img/target_2.png
19,2,591,lattice,6,b,img/target_6.png
19,2,592,lattice,5,r,img/target_4.png
19,2,593,lattice,3,e,img/target_3.png
19,2,594,lattice,4,w,img/target_2.png
19,2,595,lattice,3,e,img/target_3.png
19,2,596,lattice,1,v,img/target_5.png
19,2,597,lattice,2,o,img/target_9.png
19,2,598,lattice,0,q,img/target_1.png
19,2,599,lattice,8,i,img/target_8.png
19,2,600,lattice,7,u,img/target_7.png
19,2,601,lattice,9,p,img/target_10.png
19,2,602,lattice,8,i,img/target_8.png
19,2,603,lattice,7,u,img/target_7.png
19,2,604,lattice,9,p,img/target_10.png
19,2,605,lattice,8,i,img/target_8.png
19,2,606,lattice,7,u,img/target_7.png
19,2,607,lattice,9,p,img/target_10.png
19,2,608,lattice,1,v,img/target_5.png
19,2,609,lattice,2,o,img/target_9.png
19,2,610,lattice,0,q,img/target_1.png
19,2,611,lattice,9,p,img/target_10.png
19,2,612,lattice,1,v,img/target_5.png
19,2,613,lattice,3,e,img/target_3.png
19,2,614,lattice,1,v,img/target_5.png
19,2,615,lattice,3,e,img/target_3.png
19,2,616,lattice,1,v,img/target_5.png
19,2,617,lattice,0,q,img/target_1.png
19,2,618,lattice,9,p,img/target_10.png
19,2,619,lattice,8,i,img/target_8.png
19,2,620,lattice,0,q,img/target_1.png
19,2,621,lattice,9,p,img/target_10.png
19,2,622,lattice,1,v,img/target_5.png
19,2,623,lattice,9,p,img/target_10.png
19,2,624,lattice,1,v,img/target_5.png
19,2,625,lattice,0,q,img/target_1.png
19,2,626,lattice,8,i,img/target_8.png
19,2,627,lattice,9,p,img/target_10.png
19,2,628,lattice,7,u,img/target_7.png
19,2,629,lattice,6,b,img/target_6.png
19,2,630,lattice,7,u,img/target_7.png
19,2,631,lattice,6,b,img/target_6.png
19,2,632,lattice,4,w,img/target_2.png
19,2,633,lattice,2,o,img/target_9.png
19,2,634,lattice,3,e,img/target_3.png
19,2,635,lattice,4,w,img/target_2.png
19,2,636,lattice,5,r,img/target_4.png
19,2,637,lattice,4,w,img/target_2.png
19,2,638,lattice,5,r,img/target_4.png
19,2,639,lattice,3,e,img/target_3.png
19,2,640,lattice,5,r,img/target_4.png
19,2,641,lattice,6,b,img/target_6.png
19,2,642,lattice,7,u,img/target_7.png
19,2,643,lattice,8,i,img/target_8.png
19,2,644,lattice,9,p,img/target_10.png
19,2,645,lattice,1,v,img/target_5.png
19,2,646,lattice,3,e,img/target_3.png
19,2,647,lattice,1,v,img/target_5.png
19,2,648,lattice,9,p,img/target_10.png
19,2,649,lattice,0,q,img/target_1.png
19,2,650,lattice,2,o,img/target_9.png
19,2,651,lattice,3,e,img/target_3.png
19,2,652,lattice,5,r,img/target_4.png
19,2,653,lattice,7,u,img/target_7.png
19,2,654,lattice,6,b,img/target_6.png
19,2,655,lattice,5,r,img/target_4.png
19,2,656,lattice,4,w,img/target_2.png
19,2,657,lattice,2,o,img/target_9.png
19,2,658,lattice,4,w,img/target_2.png
19,2,659,lattice,6,b,img/target_6.png
19,2,660,lattice,7,u,img/target_7.png
19,2,661,lattice,8,i,img/target_8.png
19,2,662,lattice,0,q,img/target_1.png
19,2,663,lattice,2,o,img/target_9.png
19,2,664,lattice,0,q,img/target_1.png
19,2,665,lattice,1,v,img/target_5.png
19,2,666,lattice,0,q,img/target_1.png
19,2,667,lattice,9,p,img/target_10.png
19,2,668,lattice,7,u,img/target_7.png
19,2,669,lattice,8,i,img/target_8.png
19,2,670,lattice,9,p,img/target_10.png
19,2,671,lattice,1,v,img/target_5.png
19,2,672,lattice,2,o,img/target_9.png
19,2,673,lattice,1,v,img/target_5.png
19,2,674,lattice,3,e,img/target_3.png
19,2,675,lattice,4,w,img/target_2.png
19,2,676,lattice,3,e,img/target_3.png
19,2,677,lattice,4,w,img/target_2.png
19,2,678,lattice,6,b,img/target_6.png
19,2,679,lattice,5,r,img/target_4.png
19,2,680,lattice,7,u,img/target_7.png
19,2,681,lattice,5,r,img/target_4.png
19,2,682,lattice,6,b,img/target_6.png
19,2,683,lattice,7,u,img/target_7.png
19,2,684,lattice,5,r,img/target_4.png
19,2,685,lattice,7,u,img/target_7.png
19,2,686,lattice,8,i,img/target_8.png
19,2,687,lattice,6,b,img/target_6.png
19,2,688,lattice,5,r,img/target_4.png
19,2,689,lattice,3,e,img/target_3.png
19,2,690,lattice,1,v,img/target_5.png
19,2,691,lattice,2,o,img/target_9.png
19,2,692,lattice,4,w,img/target_2.png
19,2,693,lattice,6,b,img/target_6.png
19,2,694,lattice,5,r,img/target_4.png
19,2,695,lattice,3,e,img/target_3.png
19,2,696,lattice,1,v,img/target_5.png
19,2,697,lattice,3,e,img/target_3.png
19,2,698,lattice,4,w,img/target_2.png
19,2,699,lattice,5,r,img/target_4.png
19,2,700,lattice,7,u,img/target_7.png
19,2,701,lattice,9,p,img/target_10.png
19,2,702,lattice,0,q,img/target_1.png
19,2,703,lattice,9,p,img/target_10.png
19,2,704,lattice,8,i,img/target_8.png
19,2,705,lattice,6,b,img/target_6.png
19,2,706,lattice,5,r,img/target_4.png
19,2,707,lattice,7,u,img/target_7.png
19,2,708,lattice,8,i,img/target_8.png
19,2,709,lattice,7,u,img/target_7.png
19,2,710,lattice,9,p,img/target_10.png
19,2,711,lattice,7,u,img/target_7.png
19,2,712,lattice,8,i,img/target_8.png
19,2,713,lattice,6,b,img/target_6.png
19,2,714,lattice,7,u,img/target_7.png
19,2,715,lattice,6,b,img/target_6.png
19,2,716,lattice,4,w,img/target_2.png
19,2,717,lattice,2,o,img/target_9.png
19,2,718,lattice,0,q,img/target_1.png
19,2,719,lattice,2,o,img/target_9.png
19,2,720,lattice,1,v,img/target_5.png
19,2,721,lattice,0,q,img/target_1.png
19,2,722,lattice,2,o,img/target_9.png
19,2,723,lattice,1,v,img/target_5.png
19,2,724,lattice,0,q,img/target_1.png
19,2,725,lattice,8,i,img/target_8.png
19,2,726,lattice,0,q,img/target_1.png
19,2,727,lattice,8,i,img/target_8.png
19,2,728,lattice,9,p,img/target_10.png
19,2,729,lattice,8,i,img/target_8.png
19,2,730,lattice,6,b,img/target_6.png
19,2,731,lattice,5,r,img/target_4.png
19,2,732,lattice,6,b,img/target_6.png
19,2,733,lattice,4,w,img/target_2.png
19,2,734,lattice,6,b,img/target_6.png
19,2,735,lattice,5,r,img/target_4.png
19,2,736,lattice,4,w,img/target_2.png
19,2,737,lattice,5,r,img/target_4.png
19,2,738,lattice,4,w,img/target_2.png
19,2,739,lattice,6,b,img/target_6.png
19,2,740,lattice,5,r,img/target_4.png
19,2,741,lattice,6,b,img/target_6.png
19,2,742,lattice,8,i,img/target_8.png
19,2,743,lattice,0,q,img/target_1.png
19,2,744,lattice,9,p,img/target_10.png
19,2,745,lattice,8,i,img/target_8.png
19,2,746,lattice,6,b,img/target_6.png
19,2,747,lattice,8,i,img/target_8.png
19,2,748,lattice,6,b,img/target_6.png
19,2,749,lattice,7,u,img/target_7.png
19,2,750,lattice,6,b,img/target_6.png
19,2,751,lattice,4,w,img/target_2.png
19,2,752,lattice,6,b,img/target_6.png
19,2,753,lattice,7,u,img/target_7.png
19,2,754,lattice,6,b,img/target_6.png
19,2,755,lattice,7,u,img/target_7.png
19,2,756,lattice,9,p,img/target_10.png
19,2,757,lattice,7,u,img/target_7.png
19,2,758,lattice,5,r,img/target_4.png
19,2,759,lattice,7,u,img/target_7.png
19,2,760,lattice,5,r,img/target_4.png
19,2,761,lattice,4,w,img/target_2.png
19,2,762,lattice,3,e,img/target_3.png
19,2,763,lattice,1,v,img/target_5.png
19,2,764,lattice,0,q,img/target_1.png
19,2,765,lattice,8,i,img/target_8.png
19,2,766,lattice,0,q,img/target_1.png
19,2,767,lattice,8,i,img/target_8.png
19,2,768,lattice,0,q,img/target_1.png
19,2,769,lattice,1,v,img/target_5.png
19,2,770,lattice,9,p,img/target_10.png
19,2,771,lattice,7,u,img/target_7.png
19,2,772,lattice,9,p,img/target_10.png
19,2,773,lattice,8,i,img/target_8.png
19,2,774,lattice,7,u,img/target_7.png
19,2,775,lattice,9,p,img/target_10.png
19,2,776,lattice,7,u,img/target_7.png
19,2,777,lattice,9,p,img/target_10.png
19,2,778,lattice,1,v,img/target_5.png
19,2,779,lattice,9,p,img/target_10.png
19,2,780,lattice,0,q,img/target_1.png
19,2,781,lattice,1,v,img/target_5.png
19,2,782,lattice,3,e,img/target_3.png
19,2,783,lattice,5,r,img/target_4.png
19,2,784,lattice,7,u,img/target_7.png
19,2,785,lattice,6,b,img/target_6.png
19,2,786,lattice,4,w,img/target_2.png
19,2,787,lattice,6,b,img/target_6.png
19,2,788,lattice,8,i,img/target_8.png
19,2,789,lattice,0,q,img/target_1.png
19,2,790,lattice,2,o,img/target_9.png
19,2,791,lattice,4,w,img/target_2.png
19,2,792,lattice,6,b,img/target_6.png
19,2,793,lattice,4,w,img/target_2.png
19,2,794,lattice,3,e,img/target_3.png
19,2,795,lattice,5,r,img/target_4.png
19,2,796,lattice,7,u,img/target_7.png
19,2,797,lattice,6,b,img/target_6.png
19,2,798,lattice,5,r,img/target_4.png
19,2,799,lattice,7,u,img/target_7.png
19,2,800,lattice,6,b,img/target_6.png
19,2,801,lattice,7,u,img/target_7.png
19,2,802,lattice,9,p,img/target_10.png
19,2,803,lattice,1,v,img/target_5.png
19,2,804,lattice,0,q,img/target_1.png
19,2,805,lattice,8,i,img/target_8.png
19,2,806,lattice,9,p,img/target_10.png
19,2,807,lattice,7,u,img/target_7.png
19,2,808,lattice,8,i,img/target_8.png
19,2,809,lattice,9,p,img/target_10.png
19,2,810,lattice,8,i,img/target_8.png
19,2,811,lattice,9,p,img/target_10.png
19,2,812,lattice,8,i,img/target_8.png
19,2,813,lattice,9,p,img/target_10.png
19,2,814,lattice,0,q,img/target_1.png
19,2,815,lattice,1,v,img/target_5.png
19,2,816,lattice,2,o,img/target_9.png
19,2,817,lattice,4,w,img/target_2.png
19,2,818,lattice,3,e,img/target_3.png
19,2,819,lattice,2,o,img/target_9.png
19,2,820,lattice,3,e,img/target_3.png
19,2,821,lattice,2,o,img/target_9.png
19,2,822,lattice,4,w,img/target_2.png
19,2,823,lattice,2,o,img/target_9.png
19,2,824,lattice,1,v,img/target_5.png
19,2,825,lattice,0,q,img/target_1.png
19,2,826,lattice,1,v,img/target_5.png
19,2,827,lattice,0,q,img/target_1.png
19,2,828,lattice,8,i,img/target_8.png
19,2,829,lattice,6,b,img/target_6.png
19,2,830,lattice,8,i,img/target_8.png
19,2,831,lattice,0,q,img/target_1.png
19,2,832,lattice,9,p,img/target_10.png
19,2,833,lattice,7,u,img/target_7.png
19,2,834,lattice,8,i,img/target_8.png
19,2,835,lattice,0,q,img/target_1.png
19,2,836,lattice,1,v,img/target_5.png
19,2,837,lattice,3,e,img/target_3.png
19,2,838,lattice,4,w,img/target_2.png
19,2,839,lattice,3,e,img/target_3.png
19,2,840,lattice,4,w,img/target_2.png
19,2,841,lattice,3,e,img/target_3.png
19,2,842,lattice,4,w,img/target_2.png
19,2,843,lattice,2,o,img/target_9.png
19,2,844,lattice,1,v,img/target_5.png
19,2,845,lattice,0,q,img/target_1.png
19,2,846,lattice,8,i,img/target_8.png
19,2,847,lattice,6,b,img/target_6.png
19,2,848,lattice,5,r,img/target_4.png
19,2,849,lattice,3,e,img/target_3.png
19,2,850,lattice,4,w,img/target_2.png
19,2,851,lattice,5,r,img/target_4.png
19,2,852,lattice,6,b,img/target_6.png
19,2,853,lattice,8,i,img/target_8.png
19,2,854,lattice,6,b,img/target_6.png
19,2,855,lattice,4,w,img/target_2.png
19,2,856,lattice,6,b,img/target_6.png
19,2,857,lattice,8,i,img/target_8.png
19,2,858,lattice,9,p,img/target_10.png
19,2,859,lattice,7,u,img/target_7.png
19,2,860,lattice,8,i,img/target_8.png
19,2,861,lattice,0,q,img/target_1.png
19,2,862,lattice,8,i,img/target_8.png
19,2,863,lattice,0,q,img/target_1.png
19,2,864,lattice,1,v,img/target_5.png
19,2,865,lattice,3,e,img/target_3.png
19,2,866,lattice,2,o,img/target_9.png
19,2,867,lattice,3,e,img/target_3.png
19,2,868,lattice,4,w,img/target_2.png
19,2,869,lattice,2,o,img/target_9.png
19,2,870,lattice,3,e,img/target_3.png
19,2,871,lattice,1,v,img/target_5.png
19,2,872,lattice,2,o,img/target_9.png
19,2,873,lattice,0,q,img/target_1.png
19,2,874,lattice,1,v,img/target_5.png
19,2,875,lattice,9,p,img/target_10.png
19,2,876,lattice,7,u,img/target_7.png
19,2,877,lattice,9,p,img/target_10.png
19,2,878,lattice,0,q,img/target_1.png
19,2,879,lattice,1,v,img/target_5.png
19,2,880,lattice,3,e,img/target_3.png
19,2,881,lattice,2,o,img/target_9.png
19,2,882,lattice,1,v,img/target_5.png
19,2,883,lattice,2,o,img/target_9.png
19,2,884,lattice,3,e,img/target_3.png
19,2,885,lattice,1,v,img/target_5.png
19,2,886,lattice,2,o,img/target_9.png
19,2,887,lattice,1,v,img/target_5.png
19,2,888,lattice,0,q,img/target_1.png
19,2,889,lattice,2,o,img/target_9.png
19,2,890,lattice,4,w,img/target_2.png
19,2,891,lattice,5,r,img/target_4.png
19,2,892,lattice,3,e,img/target_3.png
19,2,893,lattice,1,v,img/target_5.png
19,2,894,lattice,0,q,img/target_1.png
19,2,895,lattice,9,p,img/target_10.png
19,2,896,lattice,0,q,img/target_1.png
19,2,897,lattice,2,o,img/target_9.png
19,2,898,lattice,1,v,img/target_5.png
19,2,899,lattice,9,p,img/target_10.png
19,2,900,lattice,1,v,img/target_5.png
19,2,901,lattice,3,e,img/target_3.png
19,2,902,lattice,2,o,img/target_9.png
19,2,903,lattice,1,v,img/target_5.png
19,2,904,lattice,3,e,img/target_3.png
19,2,905,lattice,5,r,img/target_4.png
19,2,906,lattice,3,e,img/target_3.png
19,2,907,lattice,1,v,img/target_5.png
19,2,908,lattice,9,p,img/target_10.png
19,2,909,lattice,0,q,img/target_1.png
19,2,910,lattice,1,v,img/target_5.png
19,2,911,lattice,2,o,img/target_9.png
19,2,912,lattice,0,q,img/target_1.png
19,2,913,lattice,2,o,img/target_9.png
19,2,914,lattice,1,v,img/target_5.png
19,2,915,lattice,9,p,img/target_10.png
19,2,916,lattice,8,i,img/target_8.png
19,2,917,lattice,7,u,img/target_7.png
19,2,918,lattice,8,i,img/target_8.png
19,2,919,lattice,7,u,img/target_7.png
19,2,920,lattice,5,r,img/target_4.png
19,2,921,lattice,6,b,img/target_6.png
19,2,922,lattice,7,u,img/target_7.png
19,2,923,lattice,9,p,img/target_10.png
19,2,924,lattice,7,u,img/target_7.png
19,2,925,lattice,8,i,img/target_8.png
19,2,926,lattice,7,u,img/target_7.png
19,2,927,lattice,5,r,img/target_4.png
19,2,928,lattice,4,w,img/target_2.png
19,2,929,lattice,3,e,img/target_3.png
19,2,930,lattice,2,o,img/target_9.png
19,2,931,lattice,0,q,img/target_1.png
19,2,932,lattice,8,i,img/target_8.png
19,2,933,lattice,6,b,img/target_6.png
19,2,934,lattice,4,w,img/target_2.png
19,2,935,lattice,2,o,img/target_9.png
19,2,936,lattice,4,w,img/target_2.png
19,2,937,lattice,3,e,img/target_3.png
19,2,938,lattice,5,r,img/target_4.png
19,2,939,lattice,3,e,img/target_3.png
19,2,940,lattice,5,r,img/target_4.png
19,2,941,lattice,3,e,img/target_3.png
19,2,942,lattice,1,v,img/target_5.png
19,2,943,lattice,0,q,img/target_1.png
19,2,944,lattice,1,v,img/target_5.png
19,2,945,lattice,2,o,img/target_9.png
19,2,946,lattice,4,w,img/target_2.png
19,2,947,lattice,3,e,img/target_3.png
19,2,948,lattice,2,o,img/target_9.png
19,2,949,lattice,1,v,img/target_5.png
19,2,950,lattice,9,p,img/target_10.png
19,2,951,lattice,7,u,img/target_7.png
19,2,952,lattice,8,i,img/target_8.png
19,2,953,lattice,6,b,img/target_6.png
19,2,954,lattice,7,u,img/target_7.png
19,2,955,lattice,8,i,img/target_8.png
19,2,956,lattice,7,u,img/target_7.png
19,2,957,lattice,8,i,img/target_8.png
19,2,958,lattice,0,q,img/target_1.png
19,2,959,lattice,9,p,img/target_10.png
19,2,960,lattice,0,q,img/target_1.png
19,2,961,lattice,1,v,img/target_5.png
19,2,962,lattice,0,q,img/target_1.png
19,2,963,lattice,8,i,img/target_8.png
19,2,964,lattice,9,p,img/target_10.png
19,2,965,lattice,0,q,img/target_1.png
19,2,966,lattice,2,o,img/target_9.png
19,2,967,lattice,3,e,img/target_3.png
19,2,968,lattice,5,r,img/target_4.png
19,2,969,lattice,3,e,img/target_3.png
19,2,970,lattice,5,r,img/target_4.png
19,2,971,lattice,7,u,img/target_7.png
19,2,972,lattice,9,p,img/target_10.png
19,2,973,lattice,0,q,img/target_1.png
19,2,974,lattice,2,o,img/target_9.png
19,2,975,lattice,1,v,img/target_5.png
19,2,976,lattice,2,o,img/target_9.png
19,2,977,lattice,4,w,img/target_2.png
19,2,978,lattice,3,e,img/target_3.png
19,2,979,lattice,2,o,img/target_9.png
19,2,980,lattice,1,v,img/target_5.png
19,2,981,lattice,3,e,img/target_3.png
19,2,982,lattice,2,o,img/target_9.png
19,2,983,lattice,1,v,img/target_5.png
19,2,984,lattice,0,q,img/target_1.png
19,2,985,lattice,2,o,img/target_9.png
19,2,986,lattice,3,e,img/target_3.png
19,2,987,lattice,2,o,img/target_9.png
19,2,988,lattice,0,q,img/target_1.png
19,2,989,lattice,8,i,img/target_8.png
19,2,990,lattice,7,u,img/target_7.png
19,2,991,lattice,6,b,img/target_6.png
19,2,992,lattice,4,w,img/target_2.png
19,2,993,lattice,3,e,img/target_3.png
19,2,994,lattice,5,r,img/target_4.png
19,2,995,lattice,7,u,img/target_7.png
19,2,996,lattice,5,r,img/target_4.png
19,2,997,lattice,7,u,img/target_7.png
19,2,998,lattice,8,i,img/target_8.png
19,2,999,lattice,7,u,img/target_7.png
19,2,1000,lattice,6,b,img/target_6.png
