pID,trialNum,graph,walk,resp,path
29,1,lattice,4,q,img/target_1.png
29,2,lattice,5,v,img/target_5.png
29,3,lattice,4,q,img/target_1.png
29,4,lattice,2,i,img/target_8.png
29,5,lattice,0,e,img/target_3.png
29,6,lattice,2,i,img/target_8.png
29,7,lattice,0,e,img/target_3.png
29,8,lattice,8,r,img/target_4.png
29,9,lattice,6,o,img/target_9.png
29,10,lattice,8,r,img/target_4.png
29,11,lattice,7,p,img/target_10.png
29,12,lattice,6,o,img/target_9.png
29,13,lattice,4,q,img/target_1.png
29,14,lattice,6,o,img/target_9.png
29,15,lattice,8,r,img/target_4.png
29,16,lattice,9,u,img/target_7.png
29,17,lattice,0,e,img/target_3.png
29,18,lattice,8,r,img/target_4.png
29,19,lattice,6,o,img/target_9.png
29,20,lattice,7,p,img/target_10.png
29,21,lattice,8,r,img/target_4.png
29,22,lattice,0,e,img/target_3.png
29,23,lattice,1,b,img/target_6.png
29,24,lattice,2,i,img/target_8.png
29,25,lattice,0,e,img/target_3.png
29,26,lattice,2,i,img/target_8.png
29,27,lattice,0,e,img/target_3.png
29,28,lattice,1,b,img/target_6.png
29,29,lattice,0,e,img/target_3.png
29,30,lattice,9,u,img/target_7.png
29,31,lattice,8,r,img/target_4.png
29,32,lattice,7,p,img/target_10.png
29,33,lattice,9,u,img/target_7.png
29,34,lattice,7,p,img/target_10.png
29,35,lattice,8,r,img/target_4.png
29,36,lattice,7,p,img/target_10.png
29,37,lattice,9,u,img/target_7.png
29,38,lattice,7,p,img/target_10.png
29,39,lattice,8,r,img/target_4.png
29,40,lattice,6,o,img/target_9.png
29,41,lattice,5,v,img/target_5.png
29,42,lattice,6,o,img/target_9.png
29,43,lattice,5,v,img/target_5.png
29,44,lattice,4,q,img/target_1.png
29,45,lattice,2,i,img/target_8.png
29,46,lattice,0,e,img/target_3.png
29,47,lattice,9,u,img/target_7.png
29,48,lattice,0,e,img/target_3.png
29,49,lattice,1,b,img/target_6.png
29,50,lattice,0,e,img/target_3.png
29,51,lattice,8,r,img/target_4.png
29,52,lattice,6,o,img/target_9.png
29,53,lattice,5,v,img/target_5.png
29,54,lattice,3,w,img/target_2.png
29,55,lattice,1,b,img/target_6.png
29,56,lattice,2,i,img/target_8.png
29,57,lattice,1,b,img/target_6.png
29,58,lattice,0,e,img/target_3.png
29,59,lattice,1,b,img/target_6.png
29,60,lattice,9,u,img/target_7.png
29,61,lattice,0,e,img/target_3.png
29,62,lattice,8,r,img/target_4.png
29,63,lattice,0,e,img/target_3.png
29,64,lattice,8,r,img/target_4.png
29,65,lattice,7,p,img/target_10.png
29,66,lattice,8,r,img/target_4.png
29,67,lattice,7,p,img/target_10.png
29,68,lattice,9,u,img/target_7.png
29,69,lattice,1,b,img/target_6.png
29,70,lattice,0,e,img/target_3.png
29,71,lattice,8,r,img/target_4.png
29,72,lattice,0,e,img/target_3.png
29,73,lattice,2,i,img/target_8.png
29,74,lattice,4,q,img/target_1.png
29,75,lattice,6,o,img/target_9.png
29,76,lattice,7,p,img/target_10.png
29,77,lattice,8,r,img/target_4.png
29,78,lattice,6,o,img/target_9.png
29,79,lattice,4,q,img/target_1.png
29,80,lattice,3,w,img/target_2.png
29,81,lattice,2,i,img/target_8.png
29,82,lattice,4,q,img/target_1.png
29,83,lattice,2,i,img/target_8.png
29,84,lattice,4,q,img/target_1.png
29,85,lattice,3,w,img/target_2.png
29,86,lattice,4,q,img/target_1.png
29,87,lattice,6,o,img/target_9.png
29,88,lattice,5,v,img/target_5.png
29,89,lattice,4,q,img/target_1.png
29,90,lattice,3,w,img/target_2.png
29,91,lattice,1,b,img/target_6.png
29,92,lattice,9,u,img/target_7.png
29,93,lattice,1,b,img/target_6.png
29,94,lattice,3,w,img/target_2.png
29,95,lattice,4,q,img/target_1.png
29,96,lattice,3,w,img/target_2.png
29,97,lattice,1,b,img/target_6.png
29,98,lattice,3,w,img/target_2.png
29,99,lattice,4,q,img/target_1.png
29,100,lattice,5,v,img/target_5.png
29,101,lattice,3,w,img/target_2.png
29,102,lattice,2,i,img/target_8.png
29,103,lattice,3,w,img/target_2.png
29,104,lattice,4,q,img/target_1.png
29,105,lattice,6,o,img/target_9.png
29,106,lattice,5,v,img/target_5.png
29,107,lattice,4,q,img/target_1.png
29,108,lattice,2,i,img/target_8.png
29,109,lattice,1,b,img/target_6.png
29,110,lattice,0,e,img/target_3.png
29,111,lattice,2,i,img/target_8.png
29,112,lattice,0,e,img/target_3.png
29,113,lattice,2,i,img/target_8.png
29,114,lattice,1,b,img/target_6.png
29,115,lattice,0,e,img/target_3.png
29,116,lattice,2,i,img/target_8.png
29,117,lattice,3,w,img/target_2.png
29,118,lattice,4,q,img/target_1.png
29,119,lattice,5,v,img/target_5.png
29,120,lattice,4,q,img/target_1.png
29,121,lattice,3,w,img/target_2.png
29,122,lattice,1,b,img/target_6.png
29,123,lattice,2,i,img/target_8.png
29,124,lattice,1,b,img/target_6.png
29,125,lattice,0,e,img/target_3.png
29,126,lattice,2,i,img/target_8.png
29,127,lattice,4,q,img/target_1.png
29,128,lattice,2,i,img/target_8.png
29,129,lattice,3,w,img/target_2.png
29,130,lattice,5,v,img/target_5.png
29,131,lattice,6,o,img/target_9.png
29,132,lattice,8,r,img/target_4.png
29,133,lattice,6,o,img/target_9.png
29,134,lattice,5,v,img/target_5.png
29,135,lattice,3,w,img/target_2.png
29,136,lattice,1,b,img/target_6.png
29,137,lattice,2,i,img/target_8.png
29,138,lattice,4,q,img/target_1.png
29,139,lattice,5,v,img/target_5.png
29,140,lattice,3,w,img/target_2.png
29,141,lattice,4,q,img/target_1.png
29,142,lattice,5,v,img/target_5.png
29,143,lattice,6,o,img/target_9.png
29,144,lattice,4,q,img/target_1.png
29,145,lattice,3,w,img/target_2.png
29,146,lattice,2,i,img/target_8.png
29,147,lattice,0,e,img/target_3.png
29,148,lattice,2,i,img/target_8.png
29,149,lattice,0,e,img/target_3.png
29,150,lattice,1,b,img/target_6.png
29,151,lattice,0,e,img/target_3.png
29,152,lattice,9,u,img/target_7.png
29,153,lattice,8,r,img/target_4.png
29,154,lattice,9,u,img/target_7.png
29,155,lattice,1,b,img/target_6.png
29,156,lattice,9,u,img/target_7.png
29,157,lattice,8,r,img/target_4.png
29,158,lattice,6,o,img/target_9.png
29,159,lattice,8,r,img/target_4.png
29,160,lattice,0,e,img/target_3.png
29,161,lattice,2,i,img/target_8.png
29,162,lattice,4,q,img/target_1.png
29,163,lattice,2,i,img/target_8.png
29,164,lattice,3,w,img/target_2.png
29,165,lattice,2,i,img/target_8.png
29,166,lattice,0,e,img/target_3.png
29,167,lattice,9,u,img/target_7.png
29,168,lattice,0,e,img/target_3.png
29,169,lattice,2,i,img/target_8.png
29,170,lattice,0,e,img/target_3.png
29,171,lattice,2,i,img/target_8.png
29,172,lattice,3,w,img/target_2.png
29,173,lattice,1,b,img/target_6.png
29,174,lattice,2,i,img/target_8.png
29,175,lattice,3,w,img/target_2.png
29,176,lattice,2,i,img/target_8.png
29,177,lattice,0,e,img/target_3.png
29,178,lattice,2,i,img/target_8.png
29,179,lattice,3,w,img/target_2.png
29,180,lattice,2,i,img/target_8.png
29,181,lattice,1,b,img/target_6.png
29,182,lattice,2,i,img/target_8.png
29,183,lattice,3,w,img/target_2.png
29,184,lattice,1,b,img/target_6.png
29,185,lattice,9,u,img/target_7.png
29,186,lattice,7,p,img/target_10.png
29,187,lattice,9,u,img/target_7.png
29,188,lattice,0,e,img/target_3.png
29,189,lattice,8,r,img/target_4.png
29,190,lattice,0,e,img/target_3.png
29,191,lattice,8,r,img/target_4.png
29,192,lattice,6,o,img/target_9.png
29,193,lattice,5,v,img/target_5.png
29,194,lattice,7,p,img/target_10.png
29,195,lattice,8,r,img/target_4.png
29,196,lattice,0,e,img/target_3.png
29,197,lattice,9,u,img/target_7.png
29,198,lattice,7,p,img/target_10.png
29,199,lattice,6,o,img/target_9.png
29,200,lattice,8,r,img/target_4.png
29,201,lattice,7,p,img/target_10.png
29,202,lattice,6,o,img/target_9.png
29,203,lattice,8,r,img/target_4.png
29,204,lattice,9,u,img/target_7.png
29,205,lattice,8,r,img/target_4.png
29,206,lattice,7,p,img/target_10.png
29,207,lattice,8,r,img/target_4.png
29,208,lattice,7,p,img/target_10.png
29,209,lattice,9,u,img/target_7.png
29,210,lattice,0,e,img/target_3.png
29,211,lattice,1,b,img/target_6.png
29,212,lattice,0,e,img/target_3.png
29,213,lattice,9,u,img/target_7.png
29,214,lattice,1,b,img/target_6.png
29,215,lattice,0,e,img/target_3.png
29,216,lattice,1,b,img/target_6.png
29,217,lattice,9,u,img/target_7.png
29,218,lattice,0,e,img/target_3.png
29,219,lattice,8,r,img/target_4.png
29,220,lattice,9,u,img/target_7.png
29,221,lattice,0,e,img/target_3.png
29,222,lattice,2,i,img/target_8.png
29,223,lattice,1,b,img/target_6.png
29,224,lattice,3,w,img/target_2.png
29,225,lattice,1,b,img/target_6.png
29,226,lattice,2,i,img/target_8.png
29,227,lattice,4,q,img/target_1.png
29,228,lattice,6,o,img/target_9.png
29,229,lattice,8,r,img/target_4.png
29,230,lattice,9,u,img/target_7.png
29,231,lattice,0,e,img/target_3.png
29,232,lattice,2,i,img/target_8.png
29,233,lattice,1,b,img/target_6.png
29,234,lattice,2,i,img/target_8.png
29,235,lattice,3,w,img/target_2.png
29,236,lattice,4,q,img/target_1.png
29,237,lattice,6,o,img/target_9.png
29,238,lattice,7,p,img/target_10.png
29,239,lattice,9,u,img/target_7.png
29,240,lattice,8,r,img/target_4.png
29,241,lattice,0,e,img/target_3.png
29,242,lattice,9,u,img/target_7.png
29,243,lattice,1,b,img/target_6.png
29,244,lattice,3,w,img/target_2.png
29,245,lattice,5,v,img/target_5.png
29,246,lattice,6,o,img/target_9.png
29,247,lattice,4,q,img/target_1.png
29,248,lattice,2,i,img/target_8.png
29,249,lattice,4,q,img/target_1.png
29,250,lattice,2,i,img/target_8.png
29,251,lattice,4,q,img/target_1.png
29,252,lattice,3,w,img/target_2.png
29,253,lattice,5,v,img/target_5.png
29,254,lattice,6,o,img/target_9.png
29,255,lattice,4,q,img/target_1.png
29,256,lattice,6,o,img/target_9.png
29,257,lattice,5,v,img/target_5.png
29,258,lattice,4,q,img/target_1.png
29,259,lattice,5,v,img/target_5.png
29,260,lattice,7,p,img/target_10.png
29,261,lattice,8,r,img/target_4.png
29,262,lattice,6,o,img/target_9.png
29,263,lattice,8,r,img/target_4.png
29,264,lattice,9,u,img/target_7.png
29,265,lattice,1,b,img/target_6.png
29,266,lattice,2,i,img/target_8.png
29,267,lattice,3,w,img/target_2.png
29,268,lattice,5,v,img/target_5.png
29,269,lattice,4,q,img/target_1.png
29,270,lattice,6,o,img/target_9.png
29,271,lattice,5,v,img/target_5.png
29,272,lattice,6,o,img/target_9.png
29,273,lattice,5,v,img/target_5.png
29,274,lattice,3,w,img/target_2.png
29,275,lattice,1,b,img/target_6.png
29,276,lattice,3,w,img/target_2.png
29,277,lattice,4,q,img/target_1.png
29,278,lattice,2,i,img/target_8.png
29,279,lattice,3,w,img/target_2.png
29,280,lattice,4,q,img/target_1.png
29,281,lattice,6,o,img/target_9.png
29,282,lattice,8,r,img/target_4.png
29,283,lattice,9,u,img/target_7.png
29,284,lattice,1,b,img/target_6.png
29,285,lattice,3,w,img/target_2.png
29,286,lattice,5,v,img/target_5.png
29,287,lattice,3,w,img/target_2.png
29,288,lattice,1,b,img/target_6.png
29,289,lattice,9,u,img/target_7.png
29,290,lattice,8,r,img/target_4.png
29,291,lattice,6,o,img/target_9.png
29,292,lattice,7,p,img/target_10.png
29,293,lattice,6,o,img/target_9.png
29,294,lattice,4,q,img/target_1.png
29,295,lattice,3,w,img/target_2.png
29,296,lattice,1,b,img/target_6.png
29,297,lattice,0,e,img/target_3.png
29,298,lattice,8,r,img/target_4.png
29,299,lattice,6,o,img/target_9.png
29,300,lattice,4,q,img/target_1.png
29,301,lattice,6,o,img/target_9.png
29,302,lattice,4,q,img/target_1.png
29,303,lattice,5,v,img/target_5.png
29,304,lattice,4,q,img/target_1.png
29,305,lattice,5,v,img/target_5.png
29,306,lattice,3,w,img/target_2.png
29,307,lattice,1,b,img/target_6.png
29,308,lattice,9,u,img/target_7.png
29,309,lattice,7,p,img/target_10.png
29,310,lattice,5,v,img/target_5.png
29,311,lattice,4,q,img/target_1.png
29,312,lattice,5,v,img/target_5.png
29,313,lattice,3,w,img/target_2.png
29,314,lattice,5,v,img/target_5.png
29,315,lattice,7,p,img/target_10.png
29,316,lattice,8,r,img/target_4.png
29,317,lattice,7,p,img/target_10.png
29,318,lattice,8,r,img/target_4.png
29,319,lattice,0,e,img/target_3.png
29,320,lattice,1,b,img/target_6.png
29,321,lattice,0,e,img/target_3.png
29,322,lattice,9,u,img/target_7.png
29,323,lattice,1,b,img/target_6.png
29,324,lattice,9,u,img/target_7.png
29,325,lattice,8,r,img/target_4.png
29,326,lattice,7,p,img/target_10.png
29,327,lattice,8,r,img/target_4.png
29,328,lattice,6,o,img/target_9.png
29,329,lattice,7,p,img/target_10.png
29,330,lattice,6,o,img/target_9.png
29,331,lattice,4,q,img/target_1.png
29,332,lattice,6,o,img/target_9.png
29,333,lattice,5,v,img/target_5.png
29,334,lattice,4,q,img/target_1.png
29,335,lattice,3,w,img/target_2.png
29,336,lattice,4,q,img/target_1.png
29,337,lattice,6,o,img/target_9.png
29,338,lattice,7,p,img/target_10.png
29,339,lattice,5,v,img/target_5.png
29,340,lattice,6,o,img/target_9.png
29,341,lattice,7,p,img/target_10.png
29,342,lattice,8,r,img/target_4.png
29,343,lattice,0,e,img/target_3.png
29,344,lattice,1,b,img/target_6.png
29,345,lattice,0,e,img/target_3.png
29,346,lattice,8,r,img/target_4.png
29,347,lattice,9,u,img/target_7.png
29,348,lattice,0,e,img/target_3.png
29,349,lattice,9,u,img/target_7.png
29,350,lattice,7,p,img/target_10.png
29,351,lattice,5,v,img/target_5.png
29,352,lattice,7,p,img/target_10.png
29,353,lattice,5,v,img/target_5.png
29,354,lattice,3,w,img/target_2.png
29,355,lattice,2,i,img/target_8.png
29,356,lattice,0,e,img/target_3.png
29,357,lattice,2,i,img/target_8.png
29,358,lattice,0,e,img/target_3.png
29,359,lattice,9,u,img/target_7.png
29,360,lattice,7,p,img/target_10.png
29,361,lattice,8,r,img/target_4.png
29,362,lattice,7,p,img/target_10.png
29,363,lattice,6,o,img/target_9.png
29,364,lattice,5,v,img/target_5.png
29,365,lattice,6,o,img/target_9.png
29,366,lattice,8,r,img/target_4.png
29,367,lattice,6,o,img/target_9.png
29,368,lattice,8,r,img/target_4.png
29,369,lattice,7,p,img/target_10.png
29,370,lattice,5,v,img/target_5.png
29,371,lattice,7,p,img/target_10.png
29,372,lattice,9,u,img/target_7.png
29,373,lattice,0,e,img/target_3.png
29,374,lattice,8,r,img/target_4.png
29,375,lattice,7,p,img/target_10.png
29,376,lattice,5,v,img/target_5.png
29,377,lattice,7,p,img/target_10.png
29,378,lattice,8,r,img/target_4.png
29,379,lattice,7,p,img/target_10.png
29,380,lattice,5,v,img/target_5.png
29,381,lattice,3,w,img/target_2.png
29,382,lattice,5,v,img/target_5.png
29,383,lattice,4,q,img/target_1.png
29,384,lattice,6,o,img/target_9.png
29,385,lattice,5,v,img/target_5.png
29,386,lattice,3,w,img/target_2.png
29,387,lattice,4,q,img/target_1.png
29,388,lattice,5,v,img/target_5.png
29,389,lattice,3,w,img/target_2.png
29,390,lattice,5,v,img/target_5.png
29,391,lattice,4,q,img/target_1.png
29,392,lattice,3,w,img/target_2.png
29,393,lattice,4,q,img/target_1.png
29,394,lattice,3,w,img/target_2.png
29,395,lattice,5,v,img/target_5.png
29,396,lattice,4,q,img/target_1.png
29,397,lattice,5,v,img/target_5.png
29,398,lattice,4,q,img/target_1.png
29,399,lattice,5,v,img/target_5.png
29,400,lattice,7,p,img/target_10.png
29,401,lattice,6,o,img/target_9.png
29,402,lattice,5,v,img/target_5.png
29,403,lattice,4,q,img/target_1.png
29,404,lattice,5,v,img/target_5.png
29,405,lattice,3,w,img/target_2.png
29,406,lattice,4,q,img/target_1.png
29,407,lattice,3,w,img/target_2.png
29,408,lattice,2,i,img/target_8.png
29,409,lattice,3,w,img/target_2.png
29,410,lattice,2,i,img/target_8.png
29,411,lattice,0,e,img/target_3.png
29,412,lattice,1,b,img/target_6.png
29,413,lattice,0,e,img/target_3.png
29,414,lattice,2,i,img/target_8.png
29,415,lattice,0,e,img/target_3.png
29,416,lattice,9,u,img/target_7.png
29,417,lattice,0,e,img/target_3.png
29,418,lattice,9,u,img/target_7.png
29,419,lattice,1,b,img/target_6.png
29,420,lattice,2,i,img/target_8.png
29,421,lattice,4,q,img/target_1.png
29,422,lattice,2,i,img/target_8.png
29,423,lattice,4,q,img/target_1.png
29,424,lattice,6,o,img/target_9.png
29,425,lattice,8,r,img/target_4.png
29,426,lattice,6,o,img/target_9.png
29,427,lattice,8,r,img/target_4.png
29,428,lattice,7,p,img/target_10.png
29,429,lattice,8,r,img/target_4.png
29,430,lattice,9,u,img/target_7.png
29,431,lattice,1,b,img/target_6.png
29,432,lattice,3,w,img/target_2.png
29,433,lattice,1,b,img/target_6.png
29,434,lattice,2,i,img/target_8.png
29,435,lattice,0,e,img/target_3.png
29,436,lattice,8,r,img/target_4.png
29,437,lattice,9,u,img/target_7.png
29,438,lattice,1,b,img/target_6.png
29,439,lattice,2,i,img/target_8.png
29,440,lattice,0,e,img/target_3.png
29,441,lattice,9,u,img/target_7.png
29,442,lattice,1,b,img/target_6.png
29,443,lattice,0,e,img/target_3.png
29,444,lattice,1,b,img/target_6.png
29,445,lattice,0,e,img/target_3.png
29,446,lattice,1,b,img/target_6.png
29,447,lattice,2,i,img/target_8.png
29,448,lattice,3,w,img/target_2.png
29,449,lattice,5,v,img/target_5.png
29,450,lattice,6,o,img/target_9.png
29,451,lattice,5,v,img/target_5.png
29,452,lattice,3,w,img/target_2.png
29,453,lattice,4,q,img/target_1.png
29,454,lattice,2,i,img/target_8.png
29,455,lattice,3,w,img/target_2.png
29,456,lattice,1,b,img/target_6.png
29,457,lattice,9,u,img/target_7.png
29,458,lattice,0,e,img/target_3.png
29,459,lattice,9,u,img/target_7.png
29,460,lattice,0,e,img/target_3.png
29,461,lattice,9,u,img/target_7.png
29,462,lattice,1,b,img/target_6.png
29,463,lattice,0,e,img/target_3.png
29,464,lattice,9,u,img/target_7.png
29,465,lattice,8,r,img/target_4.png
29,466,lattice,9,u,img/target_7.png
29,467,lattice,7,p,img/target_10.png
29,468,lattice,8,r,img/target_4.png
29,469,lattice,9,u,img/target_7.png
29,470,lattice,1,b,img/target_6.png
29,471,lattice,2,i,img/target_8.png
29,472,lattice,1,b,img/target_6.png
29,473,lattice,3,w,img/target_2.png
29,474,lattice,4,q,img/target_1.png
29,475,lattice,3,w,img/target_2.png
29,476,lattice,5,v,img/target_5.png
29,477,lattice,4,q,img/target_1.png
29,478,lattice,3,w,img/target_2.png
29,479,lattice,5,v,img/target_5.png
29,480,lattice,6,o,img/target_9.png
29,481,lattice,8,r,img/target_4.png
29,482,lattice,0,e,img/target_3.png
29,483,lattice,9,u,img/target_7.png
29,484,lattice,8,r,img/target_4.png
29,485,lattice,9,u,img/target_7.png
29,486,lattice,8,r,img/target_4.png
29,487,lattice,7,p,img/target_10.png
29,488,lattice,8,r,img/target_4.png
29,489,lattice,7,p,img/target_10.png
29,490,lattice,9,u,img/target_7.png
29,491,lattice,8,r,img/target_4.png
29,492,lattice,0,e,img/target_3.png
29,493,lattice,1,b,img/target_6.png
29,494,lattice,9,u,img/target_7.png
29,495,lattice,1,b,img/target_6.png
29,496,lattice,0,e,img/target_3.png
29,497,lattice,2,i,img/target_8.png
29,498,lattice,4,q,img/target_1.png
29,499,lattice,5,v,img/target_5.png
29,500,lattice,3,w,img/target_2.png
29,501,lattice,5,v,img/target_5.png
29,502,lattice,6,o,img/target_9.png
29,503,lattice,7,p,img/target_10.png
29,504,lattice,5,v,img/target_5.png
29,505,lattice,4,q,img/target_1.png
29,506,lattice,3,w,img/target_2.png
29,507,lattice,1,b,img/target_6.png
29,508,lattice,2,i,img/target_8.png
29,509,lattice,3,w,img/target_2.png
29,510,lattice,5,v,img/target_5.png
29,511,lattice,4,q,img/target_1.png
29,512,lattice,6,o,img/target_9.png
29,513,lattice,5,v,img/target_5.png
29,514,lattice,3,w,img/target_2.png
29,515,lattice,4,q,img/target_1.png
29,516,lattice,6,o,img/target_9.png
29,517,lattice,7,p,img/target_10.png
29,518,lattice,8,r,img/target_4.png
29,519,lattice,0,e,img/target_3.png
29,520,lattice,2,i,img/target_8.png
29,521,lattice,1,b,img/target_6.png
29,522,lattice,3,w,img/target_2.png
29,523,lattice,4,q,img/target_1.png
29,524,lattice,6,o,img/target_9.png
29,525,lattice,5,v,img/target_5.png
29,526,lattice,4,q,img/target_1.png
29,527,lattice,3,w,img/target_2.png
29,528,lattice,1,b,img/target_6.png
29,529,lattice,2,i,img/target_8.png
29,530,lattice,1,b,img/target_6.png
29,531,lattice,2,i,img/target_8.png
29,532,lattice,1,b,img/target_6.png
29,533,lattice,2,i,img/target_8.png
29,534,lattice,4,q,img/target_1.png
29,535,lattice,3,w,img/target_2.png
29,536,lattice,1,b,img/target_6.png
29,537,lattice,0,e,img/target_3.png
29,538,lattice,2,i,img/target_8.png
29,539,lattice,4,q,img/target_1.png
29,540,lattice,3,w,img/target_2.png
29,541,lattice,1,b,img/target_6.png
29,542,lattice,3,w,img/target_2.png
29,543,lattice,1,b,img/target_6.png
29,544,lattice,0,e,img/target_3.png
29,545,lattice,2,i,img/target_8.png
29,546,lattice,0,e,img/target_3.png
29,547,lattice,1,b,img/target_6.png
29,548,lattice,9,u,img/target_7.png
29,549,lattice,1,b,img/target_6.png
29,550,lattice,3,w,img/target_2.png
29,551,lattice,2,i,img/target_8.png
29,552,lattice,1,b,img/target_6.png
29,553,lattice,3,w,img/target_2.png
29,554,lattice,2,i,img/target_8.png
29,555,lattice,0,e,img/target_3.png
29,556,lattice,9,u,img/target_7.png
29,557,lattice,1,b,img/target_6.png
29,558,lattice,2,i,img/target_8.png
29,559,lattice,0,e,img/target_3.png
29,560,lattice,1,b,img/target_6.png
29,561,lattice,0,e,img/target_3.png
29,562,lattice,1,b,img/target_6.png
29,563,lattice,9,u,img/target_7.png
29,564,lattice,7,p,img/target_10.png
29,565,lattice,6,o,img/target_9.png
29,566,lattice,8,r,img/target_4.png
29,567,lattice,0,e,img/target_3.png
29,568,lattice,9,u,img/target_7.png
29,569,lattice,0,e,img/target_3.png
29,570,lattice,2,i,img/target_8.png
29,571,lattice,0,e,img/target_3.png
29,572,lattice,2,i,img/target_8.png
29,573,lattice,1,b,img/target_6.png
29,574,lattice,2,i,img/target_8.png
29,575,lattice,3,w,img/target_2.png
29,576,lattice,4,q,img/target_1.png
29,577,lattice,2,i,img/target_8.png
29,578,lattice,1,b,img/target_6.png
29,579,lattice,0,e,img/target_3.png
29,580,lattice,8,r,img/target_4.png
29,581,lattice,0,e,img/target_3.png
29,582,lattice,8,r,img/target_4.png
29,583,lattice,7,p,img/target_10.png
29,584,lattice,6,o,img/target_9.png
29,585,lattice,8,r,img/target_4.png
29,586,lattice,6,o,img/target_9.png
29,587,lattice,7,p,img/target_10.png
29,588,lattice,9,u,img/target_7.png
29,589,lattice,8,r,img/target_4.png
29,590,lattice,9,u,img/target_7.png
29,591,lattice,7,p,img/target_10.png
29,592,lattice,9,u,img/target_7.png
29,593,lattice,7,p,img/target_10.png
29,594,lattice,9,u,img/target_7.png
29,595,lattice,0,e,img/target_3.png
29,596,lattice,9,u,img/target_7.png
29,597,lattice,7,p,img/target_10.png
29,598,lattice,6,o,img/target_9.png
29,599,lattice,5,v,img/target_5.png
29,600,lattice,7,p,img/target_10.png
29,601,lattice,5,v,img/target_5.png
29,602,lattice,6,o,img/target_9.png
29,603,lattice,7,p,img/target_10.png
29,604,lattice,5,v,img/target_5.png
29,605,lattice,6,o,img/target_9.png
29,606,lattice,7,p,img/target_10.png
29,607,lattice,5,v,img/target_5.png
29,608,lattice,6,o,img/target_9.png
29,609,lattice,8,r,img/target_4.png
29,610,lattice,0,e,img/target_3.png
29,611,lattice,1,b,img/target_6.png
29,612,lattice,9,u,img/target_7.png
29,613,lattice,7,p,img/target_10.png
29,614,lattice,9,u,img/target_7.png
29,615,lattice,0,e,img/target_3.png
29,616,lattice,2,i,img/target_8.png
29,617,lattice,3,w,img/target_2.png
29,618,lattice,5,v,img/target_5.png
29,619,lattice,4,q,img/target_1.png
29,620,lattice,5,v,img/target_5.png
29,621,lattice,6,o,img/target_9.png
29,622,lattice,7,p,img/target_10.png
29,623,lattice,6,o,img/target_9.png
29,624,lattice,8,r,img/target_4.png
29,625,lattice,9,u,img/target_7.png
29,626,lattice,7,p,img/target_10.png
29,627,lattice,8,r,img/target_4.png
29,628,lattice,7,p,img/target_10.png
29,629,lattice,9,u,img/target_7.png
29,630,lattice,7,p,img/target_10.png
29,631,lattice,9,u,img/target_7.png
29,632,lattice,8,r,img/target_4.png
29,633,lattice,6,o,img/target_9.png
29,634,lattice,4,q,img/target_1.png
29,635,lattice,6,o,img/target_9.png
29,636,lattice,5,v,img/target_5.png
29,637,lattice,4,q,img/target_1.png
29,638,lattice,5,v,img/target_5.png
29,639,lattice,6,o,img/target_9.png
29,640,lattice,8,r,img/target_4.png
29,641,lattice,9,u,img/target_7.png
29,642,lattice,8,r,img/target_4.png
29,643,lattice,0,e,img/target_3.png
29,644,lattice,8,r,img/target_4.png
29,645,lattice,9,u,img/target_7.png
29,646,lattice,8,r,img/target_4.png
29,647,lattice,0,e,img/target_3.png
29,648,lattice,1,b,img/target_6.png
29,649,lattice,0,e,img/target_3.png
29,650,lattice,2,i,img/target_8.png
29,651,lattice,0,e,img/target_3.png
29,652,lattice,9,u,img/target_7.png
29,653,lattice,7,p,img/target_10.png
29,654,lattice,9,u,img/target_7.png
29,655,lattice,7,p,img/target_10.png
29,656,lattice,8,r,img/target_4.png
29,657,lattice,7,p,img/target_10.png
29,658,lattice,6,o,img/target_9.png
29,659,lattice,8,r,img/target_4.png
29,660,lattice,7,p,img/target_10.png
29,661,lattice,5,v,img/target_5.png
29,662,lattice,7,p,img/target_10.png
29,663,lattice,6,o,img/target_9.png
29,664,lattice,5,v,img/target_5.png
29,665,lattice,4,q,img/target_1.png
29,666,lattice,5,v,img/target_5.png
29,667,lattice,4,q,img/target_1.png
29,668,lattice,6,o,img/target_9.png
29,669,lattice,8,r,img/target_4.png
29,670,lattice,9,u,img/target_7.png
29,671,lattice,7,p,img/target_10.png
29,672,lattice,8,r,img/target_4.png
29,673,lattice,9,u,img/target_7.png
29,674,lattice,1,b,img/target_6.png
29,675,lattice,9,u,img/target_7.png
29,676,lattice,1,b,img/target_6.png
29,677,lattice,3,w,img/target_2.png
29,678,lattice,5,v,img/target_5.png
29,679,lattice,4,q,img/target_1.png
29,680,lattice,2,i,img/target_8.png
29,681,lattice,0,e,img/target_3.png
29,682,lattice,9,u,img/target_7.png
29,683,lattice,0,e,img/target_3.png
29,684,lattice,9,u,img/target_7.png
29,685,lattice,0,e,img/target_3.png
29,686,lattice,2,i,img/target_8.png
29,687,lattice,4,q,img/target_1.png
29,688,lattice,3,w,img/target_2.png
29,689,lattice,4,q,img/target_1.png
29,690,lattice,6,o,img/target_9.png
29,691,lattice,4,q,img/target_1.png
29,692,lattice,6,o,img/target_9.png
29,693,lattice,7,p,img/target_10.png
29,694,lattice,8,r,img/target_4.png
29,695,lattice,7,p,img/target_10.png
29,696,lattice,8,r,img/target_4.png
29,697,lattice,9,u,img/target_7.png
29,698,lattice,8,r,img/target_4.png
29,699,lattice,9,u,img/target_7.png
29,700,lattice,0,e,img/target_3.png
29,701,lattice,8,r,img/target_4.png
29,702,lattice,0,e,img/target_3.png
29,703,lattice,2,i,img/target_8.png
29,704,lattice,4,q,img/target_1.png
29,705,lattice,2,i,img/target_8.png
29,706,lattice,0,e,img/target_3.png
29,707,lattice,8,r,img/target_4.png
29,708,lattice,0,e,img/target_3.png
29,709,lattice,9,u,img/target_7.png
29,710,lattice,1,b,img/target_6.png
29,711,lattice,0,e,img/target_3.png
29,712,lattice,9,u,img/target_7.png
29,713,lattice,7,p,img/target_10.png
29,714,lattice,6,o,img/target_9.png
29,715,lattice,5,v,img/target_5.png
29,716,lattice,4,q,img/target_1.png
29,717,lattice,2,i,img/target_8.png
29,718,lattice,1,b,img/target_6.png
29,719,lattice,2,i,img/target_8.png
29,720,lattice,1,b,img/target_6.png
29,721,lattice,3,w,img/target_2.png
29,722,lattice,2,i,img/target_8.png
29,723,lattice,1,b,img/target_6.png
29,724,lattice,2,i,img/target_8.png
29,725,lattice,4,q,img/target_1.png
29,726,lattice,6,o,img/target_9.png
29,727,lattice,4,q,img/target_1.png
29,728,lattice,3,w,img/target_2.png
29,729,lattice,1,b,img/target_6.png
29,730,lattice,0,e,img/target_3.png
29,731,lattice,8,r,img/target_4.png
29,732,lattice,6,o,img/target_9.png
29,733,lattice,7,p,img/target_10.png
29,734,lattice,5,v,img/target_5.png
29,735,lattice,7,p,img/target_10.png
29,736,lattice,9,u,img/target_7.png
29,737,lattice,0,e,img/target_3.png
29,738,lattice,8,r,img/target_4.png
29,739,lattice,0,e,img/target_3.png
29,740,lattice,1,b,img/target_6.png
29,741,lattice,0,e,img/target_3.png
29,742,lattice,9,u,img/target_7.png
29,743,lattice,8,r,img/target_4.png
29,744,lattice,0,e,img/target_3.png
29,745,lattice,2,i,img/target_8.png
29,746,lattice,4,q,img/target_1.png
29,747,lattice,2,i,img/target_8.png
29,748,lattice,3,w,img/target_2.png
29,749,lattice,4,q,img/target_1.png
29,750,lattice,6,o,img/target_9.png
29,751,lattice,4,q,img/target_1.png
29,752,lattice,5,v,img/target_5.png
29,753,lattice,7,p,img/target_10.png
29,754,lattice,8,r,img/target_4.png
29,755,lattice,7,p,img/target_10.png
29,756,lattice,9,u,img/target_7.png
29,757,lattice,0,e,img/target_3.png
29,758,lattice,1,b,img/target_6.png
29,759,lattice,2,i,img/target_8.png
29,760,lattice,0,e,img/target_3.png
29,761,lattice,8,r,img/target_4.png
29,762,lattice,6,o,img/target_9.png
29,763,lattice,4,q,img/target_1.png
29,764,lattice,2,i,img/target_8.png
29,765,lattice,3,w,img/target_2.png
29,766,lattice,5,v,img/target_5.png
29,767,lattice,6,o,img/target_9.png
29,768,lattice,7,p,img/target_10.png
29,769,lattice,8,r,img/target_4.png
29,770,lattice,9,u,img/target_7.png
29,771,lattice,1,b,img/target_6.png
29,772,lattice,9,u,img/target_7.png
29,773,lattice,1,b,img/target_6.png
29,774,lattice,3,w,img/target_2.png
29,775,lattice,2,i,img/target_8.png
29,776,lattice,3,w,img/target_2.png
29,777,lattice,5,v,img/target_5.png
29,778,lattice,6,o,img/target_9.png
29,779,lattice,8,r,img/target_4.png
29,780,lattice,7,p,img/target_10.png
29,781,lattice,8,r,img/target_4.png
29,782,lattice,9,u,img/target_7.png
29,783,lattice,1,b,img/target_6.png
29,784,lattice,3,w,img/target_2.png
29,785,lattice,4,q,img/target_1.png
29,786,lattice,2,i,img/target_8.png
29,787,lattice,3,w,img/target_2.png
29,788,lattice,1,b,img/target_6.png
29,789,lattice,2,i,img/target_8.png
29,790,lattice,4,q,img/target_1.png
29,791,lattice,3,w,img/target_2.png
29,792,lattice,5,v,img/target_5.png
29,793,lattice,6,o,img/target_9.png
29,794,lattice,4,q,img/target_1.png
29,795,lattice,2,i,img/target_8.png
29,796,lattice,4,q,img/target_1.png
29,797,lattice,6,o,img/target_9.png
29,798,lattice,5,v,img/target_5.png
29,799,lattice,7,p,img/target_10.png
29,800,lattice,6,o,img/target_9.png
29,801,lattice,8,r,img/target_4.png
29,802,lattice,0,e,img/target_3.png
29,803,lattice,9,u,img/target_7.png
29,804,lattice,8,r,img/target_4.png
29,805,lattice,9,u,img/target_7.png
29,806,lattice,8,r,img/target_4.png
29,807,lattice,7,p,img/target_10.png
29,808,lattice,8,r,img/target_4.png
29,809,lattice,9,u,img/target_7.png
29,810,lattice,1,b,img/target_6.png
29,811,lattice,0,e,img/target_3.png
29,812,lattice,9,u,img/target_7.png
29,813,lattice,7,p,img/target_10.png
29,814,lattice,6,o,img/target_9.png
29,815,lattice,8,r,img/target_4.png
29,816,lattice,9,u,img/target_7.png
29,817,lattice,1,b,img/target_6.png
29,818,lattice,0,e,img/target_3.png
29,819,lattice,9,u,img/target_7.png
29,820,lattice,8,r,img/target_4.png
29,821,lattice,7,p,img/target_10.png
29,822,lattice,9,u,img/target_7.png
29,823,lattice,8,r,img/target_4.png
29,824,lattice,6,o,img/target_9.png
29,825,lattice,4,q,img/target_1.png
29,826,lattice,6,o,img/target_9.png
29,827,lattice,7,p,img/target_10.png
29,828,lattice,6,o,img/target_9.png
29,829,lattice,5,v,img/target_5.png
29,830,lattice,7,p,img/target_10.png
29,831,lattice,6,o,img/target_9.png
29,832,lattice,7,p,img/target_10.png
29,833,lattice,5,v,img/target_5.png
29,834,lattice,3,w,img/target_2.png
29,835,lattice,4,q,img/target_1.png
29,836,lattice,6,o,img/target_9.png
29,837,lattice,4,q,img/target_1.png
29,838,lattice,3,w,img/target_2.png
29,839,lattice,5,v,img/target_5.png
29,840,lattice,7,p,img/target_10.png
29,841,lattice,9,u,img/target_7.png
29,842,lattice,8,r,img/target_4.png
29,843,lattice,0,e,img/target_3.png
29,844,lattice,8,r,img/target_4.png
29,845,lattice,7,p,img/target_10.png
29,846,lattice,8,r,img/target_4.png
29,847,lattice,6,o,img/target_9.png
29,848,lattice,5,v,img/target_5.png
29,849,lattice,3,w,img/target_2.png
29,850,lattice,1,b,img/target_6.png
29,851,lattice,9,u,img/target_7.png
29,852,lattice,8,r,img/target_4.png
29,853,lattice,6,o,img/target_9.png
29,854,lattice,5,v,img/target_5.png
29,855,lattice,4,q,img/target_1.png
29,856,lattice,6,o,img/target_9.png
29,857,lattice,5,v,img/target_5.png
29,858,lattice,4,q,img/target_1.png
29,859,lattice,5,v,img/target_5.png
29,860,lattice,7,p,img/target_10.png
29,861,lattice,6,o,img/target_9.png
29,862,lattice,5,v,img/target_5.png
29,863,lattice,3,w,img/target_2.png
29,864,lattice,4,q,img/target_1.png
29,865,lattice,3,w,img/target_2.png
29,866,lattice,5,v,img/target_5.png
29,867,lattice,7,p,img/target_10.png
29,868,lattice,9,u,img/target_7.png
29,869,lattice,1,b,img/target_6.png
29,870,lattice,2,i,img/target_8.png
29,871,lattice,3,w,img/target_2.png
29,872,lattice,2,i,img/target_8.png
29,873,lattice,4,q,img/target_1.png
29,874,lattice,5,v,img/target_5.png
29,875,lattice,4,q,img/target_1.png
29,876,lattice,5,v,img/target_5.png
29,877,lattice,6,o,img/target_9.png
29,878,lattice,7,p,img/target_10.png
29,879,lattice,6,o,img/target_9.png
29,880,lattice,5,v,img/target_5.png
29,881,lattice,6,o,img/target_9.png
29,882,lattice,7,p,img/target_10.png
29,883,lattice,9,u,img/target_7.png
29,884,lattice,1,b,img/target_6.png
29,885,lattice,9,u,img/target_7.png
29,886,lattice,1,b,img/target_6.png
29,887,lattice,3,w,img/target_2.png
29,888,lattice,5,v,img/target_5.png
29,889,lattice,3,w,img/target_2.png
29,890,lattice,5,v,img/target_5.png
29,891,lattice,3,w,img/target_2.png
29,892,lattice,5,v,img/target_5.png
29,893,lattice,6,o,img/target_9.png
29,894,lattice,5,v,img/target_5.png
29,895,lattice,3,w,img/target_2.png
29,896,lattice,5,v,img/target_5.png
29,897,lattice,4,q,img/target_1.png
29,898,lattice,3,w,img/target_2.png
29,899,lattice,2,i,img/target_8.png
29,900,lattice,0,e,img/target_3.png
29,901,lattice,1,b,img/target_6.png
29,902,lattice,2,i,img/target_8.png
29,903,lattice,0,e,img/target_3.png
29,904,lattice,1,b,img/target_6.png
29,905,lattice,9,u,img/target_7.png
29,906,lattice,1,b,img/target_6.png
29,907,lattice,9,u,img/target_7.png
29,908,lattice,0,e,img/target_3.png
29,909,lattice,9,u,img/target_7.png
29,910,lattice,8,r,img/target_4.png
29,911,lattice,6,o,img/target_9.png
29,912,lattice,4,q,img/target_1.png
29,913,lattice,3,w,img/target_2.png
29,914,lattice,2,i,img/target_8.png
29,915,lattice,0,e,img/target_3.png
29,916,lattice,1,b,img/target_6.png
29,917,lattice,9,u,img/target_7.png
29,918,lattice,7,p,img/target_10.png
29,919,lattice,8,r,img/target_4.png
29,920,lattice,0,e,img/target_3.png
29,921,lattice,1,b,img/target_6.png
29,922,lattice,3,w,img/target_2.png
29,923,lattice,4,q,img/target_1.png
29,924,lattice,3,w,img/target_2.png
29,925,lattice,5,v,img/target_5.png
29,926,lattice,7,p,img/target_10.png
29,927,lattice,8,r,img/target_4.png
29,928,lattice,7,p,img/target_10.png
29,929,lattice,6,o,img/target_9.png
29,930,lattice,7,p,img/target_10.png
29,931,lattice,8,r,img/target_4.png
29,932,lattice,9,u,img/target_7.png
29,933,lattice,1,b,img/target_6.png
29,934,lattice,2,i,img/target_8.png
29,935,lattice,3,w,img/target_2.png
29,936,lattice,2,i,img/target_8.png
29,937,lattice,0,e,img/target_3.png
29,938,lattice,8,r,img/target_4.png
29,939,lattice,6,o,img/target_9.png
29,940,lattice,7,p,img/target_10.png
29,941,lattice,5,v,img/target_5.png
29,942,lattice,6,o,img/target_9.png
29,943,lattice,4,q,img/target_1.png
29,944,lattice,6,o,img/target_9.png
29,945,lattice,5,v,img/target_5.png
29,946,lattice,7,p,img/target_10.png
29,947,lattice,5,v,img/target_5.png
29,948,lattice,3,w,img/target_2.png
29,949,lattice,5,v,img/target_5.png
29,950,lattice,4,q,img/target_1.png
29,951,lattice,2,i,img/target_8.png
29,952,lattice,3,w,img/target_2.png
29,953,lattice,4,q,img/target_1.png
29,954,lattice,3,w,img/target_2.png
29,955,lattice,5,v,img/target_5.png
29,956,lattice,4,q,img/target_1.png
29,957,lattice,5,v,img/target_5.png
29,958,lattice,7,p,img/target_10.png
29,959,lattice,8,r,img/target_4.png
29,960,lattice,9,u,img/target_7.png
29,961,lattice,7,p,img/target_10.png
29,962,lattice,9,u,img/target_7.png
29,963,lattice,1,b,img/target_6.png
29,964,lattice,2,i,img/target_8.png
29,965,lattice,1,b,img/target_6.png
29,966,lattice,9,u,img/target_7.png
29,967,lattice,7,p,img/target_10.png
29,968,lattice,9,u,img/target_7.png
29,969,lattice,1,b,img/target_6.png
29,970,lattice,3,w,img/target_2.png
29,971,lattice,2,i,img/target_8.png
29,972,lattice,1,b,img/target_6.png
29,973,lattice,3,w,img/target_2.png
29,974,lattice,4,q,img/target_1.png
29,975,lattice,3,w,img/target_2.png
29,976,lattice,2,i,img/target_8.png
29,977,lattice,0,e,img/target_3.png
29,978,lattice,2,i,img/target_8.png
29,979,lattice,4,q,img/target_1.png
29,980,lattice,6,o,img/target_9.png
29,981,lattice,8,r,img/target_4.png
29,982,lattice,0,e,img/target_3.png
29,983,lattice,2,i,img/target_8.png
29,984,lattice,1,b,img/target_6.png
29,985,lattice,3,w,img/target_2.png
29,986,lattice,4,q,img/target_1.png
29,987,lattice,2,i,img/target_8.png
29,988,lattice,1,b,img/target_6.png
29,989,lattice,2,i,img/target_8.png
29,990,lattice,4,q,img/target_1.png
29,991,lattice,5,v,img/target_5.png
29,992,lattice,3,w,img/target_2.png
29,993,lattice,5,v,img/target_5.png
29,994,lattice,3,w,img/target_2.png
29,995,lattice,1,b,img/target_6.png
29,996,lattice,0,e,img/target_3.png
29,997,lattice,2,i,img/target_8.png
29,998,lattice,0,e,img/target_3.png
29,999,lattice,2,i,img/target_8.png
29,1000,lattice,1,b,img/target_6.png
