pID,trialNum,graph,walk,resp,path
31,1,lattice,6,v,img/target_5.png
31,2,lattice,8,p,img/target_10.png
31,3,lattice,6,v,img/target_5.png
31,4,lattice,7,e,img/target_3.png
31,5,lattice,9,i,img/target_8.png
31,6,lattice,7,e,img/target_3.png
31,7,lattice,9,i,img/target_8.png
31,8,lattice,0,u,img/target_7.png
31,9,lattice,2,r,img/target_4.png
31,10,lattice,4,q,img/target_1.png
31,11,lattice,2,r,img/target_4.png
31,12,lattice,0,u,img/target_7.png
31,13,lattice,9,i,img/target_8.png
31,14,lattice,1,o,img/target_9.png
31,15,lattice,3,w,img/target_2.png
31,16,lattice,2,r,img/target_4.png
31,17,lattice,4,q,img/target_1.png
31,18,lattice,6,v,img/target_5.png
31,19,lattice,5,b,img/target_6.png
31,20,lattice,7,e,img/target_3.png
31,21,lattice,9,i,img/target_8.png
31,22,lattice,1,o,img/target_9.png
31,23,lattice,2,r,img/target_4.png
31,24,lattice,1,o,img/target_9.png
31,25,lattice,0,u,img/target_7.png
31,26,lattice,9,i,img/target_8.png
31,27,lattice,0,u,img/target_7.png
31,28,lattice,8,p,img/target_10.png
31,29,lattice,0,u,img/target_7.png
31,30,lattice,1,o,img/target_9.png
31,31,lattice,0,u,img/target_7.png
31,32,lattice,2,r,img/target_4.png
31,33,lattice,4,q,img/target_1.png
31,34,lattice,2,r,img/target_4.png
31,35,lattice,4,q,img/target_1.png
31,36,lattice,3,w,img/target_2.png
31,37,lattice,2,r,img/target_4.png
31,38,lattice,3,w,img/target_2.png
31,39,lattice,4,q,img/target_1.png
31,40,lattice,6,v,img/target_5.png
31,41,lattice,4,q,img/target_1.png
31,42,lattice,2,r,img/target_4.png
31,43,lattice,3,w,img/target_2.png
31,44,lattice,1,o,img/target_9.png
31,45,lattice,3,w,img/target_2.png
31,46,lattice,1,o,img/target_9.png
31,47,lattice,0,u,img/target_7.png
31,48,lattice,8,p,img/target_10.png
31,49,lattice,0,u,img/target_7.png
31,50,lattice,9,i,img/target_8.png
31,51,lattice,1,o,img/target_9.png
31,52,lattice,2,r,img/target_4.png
31,53,lattice,3,w,img/target_2.png
31,54,lattice,2,r,img/target_4.png
31,55,lattice,0,u,img/target_7.png
31,56,lattice,9,i,img/target_8.png
31,57,lattice,7,e,img/target_3.png
31,58,lattice,9,i,img/target_8.png
31,59,lattice,7,e,img/target_3.png
31,60,lattice,9,i,img/target_8.png
31,61,lattice,1,o,img/target_9.png
31,62,lattice,2,r,img/target_4.png
31,63,lattice,4,q,img/target_1.png
31,64,lattice,3,w,img/target_2.png
31,65,lattice,2,r,img/target_4.png
31,66,lattice,0,u,img/target_7.png
31,67,lattice,8,p,img/target_10.png
31,68,lattice,0,u,img/target_7.png
31,69,lattice,9,i,img/target_8.png
31,70,lattice,8,p,img/target_10.png
31,71,lattice,7,e,img/target_3.png
31,72,lattice,6,v,img/target_5.png
31,73,lattice,8,p,img/target_10.png
31,74,lattice,6,v,img/target_5.png
31,75,lattice,4,q,img/target_1.png
31,76,lattice,3,w,img/target_2.png
31,77,lattice,2,r,img/target_4.png
31,78,lattice,4,q,img/target_1.png
31,79,lattice,5,b,img/target_6.png
31,80,lattice,3,w,img/target_2.png
31,81,lattice,5,b,img/target_6.png
31,82,lattice,7,e,img/target_3.png
31,83,lattice,6,v,img/target_5.png
31,84,lattice,5,b,img/target_6.png
31,85,lattice,6,v,img/target_5.png
31,86,lattice,4,q,img/target_1.png
31,87,lattice,6,v,img/target_5.png
31,88,lattice,4,q,img/target_1.png
31,89,lattice,2,r,img/target_4.png
31,90,lattice,0,u,img/target_7.png
31,91,lattice,1,o,img/target_9.png
31,92,lattice,2,r,img/target_4.png
31,93,lattice,0,u,img/target_7.png
31,94,lattice,8,p,img/target_10.png
31,95,lattice,9,i,img/target_8.png
31,96,lattice,1,o,img/target_9.png
31,97,lattice,3,w,img/target_2.png
31,98,lattice,4,q,img/target_1.png
31,99,lattice,2,r,img/target_4.png
31,100,lattice,0,u,img/target_7.png
31,101,lattice,8,p,img/target_10.png
31,102,lattice,0,u,img/target_7.png
31,103,lattice,1,o,img/target_9.png
31,104,lattice,9,i,img/target_8.png
31,105,lattice,0,u,img/target_7.png
31,106,lattice,2,r,img/target_4.png
31,107,lattice,4,q,img/target_1.png
31,108,lattice,3,w,img/target_2.png
31,109,lattice,2,r,img/target_4.png
31,110,lattice,4,q,img/target_1.png
31,111,lattice,5,b,img/target_6.png
31,112,lattice,7,e,img/target_3.png
31,113,lattice,9,i,img/target_8.png
31,114,lattice,0,u,img/target_7.png
31,115,lattice,9,i,img/target_8.png
31,116,lattice,0,u,img/target_7.png
31,117,lattice,2,r,img/target_4.png
31,118,lattice,4,q,img/target_1.png
31,119,lattice,6,v,img/target_5.png
31,120,lattice,5,b,img/target_6.png
31,121,lattice,4,q,img/target_1.png
31,122,lattice,2,r,img/target_4.png
31,123,lattice,1,o,img/target_9.png
31,124,lattice,9,i,img/target_8.png
31,125,lattice,7,e,img/target_3.png
31,126,lattice,6,v,img/target_5.png
31,127,lattice,7,e,img/target_3.png
31,128,lattice,8,p,img/target_10.png
31,129,lattice,6,v,img/target_5.png
31,130,lattice,5,b,img/target_6.png
31,131,lattice,3,w,img/target_2.png
31,132,lattice,2,r,img/target_4.png
31,133,lattice,3,w,img/target_2.png
31,134,lattice,4,q,img/target_1.png
31,135,lattice,6,v,img/target_5.png
31,136,lattice,4,q,img/target_1.png
31,137,lattice,6,v,img/target_5.png
31,138,lattice,8,p,img/target_10.png
31,139,lattice,9,i,img/target_8.png
31,140,lattice,0,u,img/target_7.png
31,141,lattice,1,o,img/target_9.png
31,142,lattice,3,w,img/target_2.png
31,143,lattice,5,b,img/target_6.png
31,144,lattice,4,q,img/target_1.png
31,145,lattice,6,v,img/target_5.png
31,146,lattice,8,p,img/target_10.png
31,147,lattice,7,e,img/target_3.png
31,148,lattice,8,p,img/target_10.png
31,149,lattice,7,e,img/target_3.png
31,150,lattice,9,i,img/target_8.png
31,151,lattice,1,o,img/target_9.png
31,152,lattice,2,r,img/target_4.png
31,153,lattice,1,o,img/target_9.png
31,154,lattice,9,i,img/target_8.png
31,155,lattice,7,e,img/target_3.png
31,156,lattice,9,i,img/target_8.png
31,157,lattice,1,o,img/target_9.png
31,158,lattice,0,u,img/target_7.png
31,159,lattice,1,o,img/target_9.png
31,160,lattice,3,w,img/target_2.png
31,161,lattice,2,r,img/target_4.png
31,162,lattice,4,q,img/target_1.png
31,163,lattice,6,v,img/target_5.png
31,164,lattice,7,e,img/target_3.png
31,165,lattice,6,v,img/target_5.png
31,166,lattice,5,b,img/target_6.png
31,167,lattice,4,q,img/target_1.png
31,168,lattice,5,b,img/target_6.png
31,169,lattice,3,w,img/target_2.png
31,170,lattice,1,o,img/target_9.png
31,171,lattice,9,i,img/target_8.png
31,172,lattice,8,p,img/target_10.png
31,173,lattice,9,i,img/target_8.png
31,174,lattice,0,u,img/target_7.png
31,175,lattice,2,r,img/target_4.png
31,176,lattice,0,u,img/target_7.png
31,177,lattice,1,o,img/target_9.png
31,178,lattice,9,i,img/target_8.png
31,179,lattice,8,p,img/target_10.png
31,180,lattice,6,v,img/target_5.png
31,181,lattice,7,e,img/target_3.png
31,182,lattice,9,i,img/target_8.png
31,183,lattice,8,p,img/target_10.png
31,184,lattice,0,u,img/target_7.png
31,185,lattice,8,p,img/target_10.png
31,186,lattice,7,e,img/target_3.png
31,187,lattice,6,v,img/target_5.png
31,188,lattice,7,e,img/target_3.png
31,189,lattice,5,b,img/target_6.png
31,190,lattice,4,q,img/target_1.png
31,191,lattice,3,w,img/target_2.png
31,192,lattice,1,o,img/target_9.png
31,193,lattice,3,w,img/target_2.png
31,194,lattice,1,o,img/target_9.png
31,195,lattice,0,u,img/target_7.png
31,196,lattice,2,r,img/target_4.png
31,197,lattice,1,o,img/target_9.png
31,198,lattice,0,u,img/target_7.png
31,199,lattice,8,p,img/target_10.png
31,200,lattice,0,u,img/target_7.png
31,201,lattice,2,r,img/target_4.png
31,202,lattice,1,o,img/target_9.png
31,203,lattice,2,r,img/target_4.png
31,204,lattice,4,q,img/target_1.png
31,205,lattice,3,w,img/target_2.png
31,206,lattice,5,b,img/target_6.png
31,207,lattice,7,e,img/target_3.png
31,208,lattice,9,i,img/target_8.png
31,209,lattice,7,e,img/target_3.png
31,210,lattice,9,i,img/target_8.png
31,211,lattice,7,e,img/target_3.png
31,212,lattice,6,v,img/target_5.png
31,213,lattice,5,b,img/target_6.png
31,214,lattice,3,w,img/target_2.png
31,215,lattice,1,o,img/target_9.png
31,216,lattice,9,i,img/target_8.png
31,217,lattice,1,o,img/target_9.png
31,218,lattice,9,i,img/target_8.png
31,219,lattice,8,p,img/target_10.png
31,220,lattice,9,i,img/target_8.png
31,221,lattice,1,o,img/target_9.png
31,222,lattice,3,w,img/target_2.png
31,223,lattice,4,q,img/target_1.png
31,224,lattice,3,w,img/target_2.png
31,225,lattice,1,o,img/target_9.png
31,226,lattice,9,i,img/target_8.png
31,227,lattice,7,e,img/target_3.png
31,228,lattice,9,i,img/target_8.png
31,229,lattice,0,u,img/target_7.png
31,230,lattice,1,o,img/target_9.png
31,231,lattice,3,w,img/target_2.png
31,232,lattice,5,b,img/target_6.png
31,233,lattice,7,e,img/target_3.png
31,234,lattice,9,i,img/target_8.png
31,235,lattice,1,o,img/target_9.png
31,236,lattice,9,i,img/target_8.png
31,237,lattice,8,p,img/target_10.png
31,238,lattice,7,e,img/target_3.png
31,239,lattice,8,p,img/target_10.png
31,240,lattice,6,v,img/target_5.png
31,241,lattice,4,q,img/target_1.png
31,242,lattice,5,b,img/target_6.png
31,243,lattice,3,w,img/target_2.png
31,244,lattice,4,q,img/target_1.png
31,245,lattice,5,b,img/target_6.png
31,246,lattice,4,q,img/target_1.png
31,247,lattice,2,r,img/target_4.png
31,248,lattice,1,o,img/target_9.png
31,249,lattice,3,w,img/target_2.png
31,250,lattice,4,q,img/target_1.png
31,251,lattice,5,b,img/target_6.png
31,252,lattice,7,e,img/target_3.png
31,253,lattice,9,i,img/target_8.png
31,254,lattice,0,u,img/target_7.png
31,255,lattice,8,p,img/target_10.png
31,256,lattice,7,e,img/target_3.png
31,257,lattice,5,b,img/target_6.png
31,258,lattice,3,w,img/target_2.png
31,259,lattice,2,r,img/target_4.png
31,260,lattice,1,o,img/target_9.png
31,261,lattice,3,w,img/target_2.png
31,262,lattice,1,o,img/target_9.png
31,263,lattice,0,u,img/target_7.png
31,264,lattice,1,o,img/target_9.png
31,265,lattice,0,u,img/target_7.png
31,266,lattice,1,o,img/target_9.png
31,267,lattice,3,w,img/target_2.png
31,268,lattice,4,q,img/target_1.png
31,269,lattice,5,b,img/target_6.png
31,270,lattice,4,q,img/target_1.png
31,271,lattice,6,v,img/target_5.png
31,272,lattice,8,p,img/target_10.png
31,273,lattice,0,u,img/target_7.png
31,274,lattice,8,p,img/target_10.png
31,275,lattice,0,u,img/target_7.png
31,276,lattice,8,p,img/target_10.png
31,277,lattice,9,i,img/target_8.png
31,278,lattice,8,p,img/target_10.png
31,279,lattice,7,e,img/target_3.png
31,280,lattice,8,p,img/target_10.png
31,281,lattice,9,i,img/target_8.png
31,282,lattice,1,o,img/target_9.png
31,283,lattice,2,r,img/target_4.png
31,284,lattice,0,u,img/target_7.png
31,285,lattice,8,p,img/target_10.png
31,286,lattice,9,i,img/target_8.png
31,287,lattice,8,p,img/target_10.png
31,288,lattice,0,u,img/target_7.png
31,289,lattice,1,o,img/target_9.png
31,290,lattice,3,w,img/target_2.png
31,291,lattice,4,q,img/target_1.png
31,292,lattice,5,b,img/target_6.png
31,293,lattice,7,e,img/target_3.png
31,294,lattice,8,p,img/target_10.png
31,295,lattice,0,u,img/target_7.png
31,296,lattice,1,o,img/target_9.png
31,297,lattice,3,w,img/target_2.png
31,298,lattice,2,r,img/target_4.png
31,299,lattice,0,u,img/target_7.png
31,300,lattice,8,p,img/target_10.png
31,301,lattice,0,u,img/target_7.png
31,302,lattice,8,p,img/target_10.png
31,303,lattice,9,i,img/target_8.png
31,304,lattice,0,u,img/target_7.png
31,305,lattice,8,p,img/target_10.png
31,306,lattice,7,e,img/target_3.png
31,307,lattice,9,i,img/target_8.png
31,308,lattice,7,e,img/target_3.png
31,309,lattice,5,b,img/target_6.png
31,310,lattice,3,w,img/target_2.png
31,311,lattice,1,o,img/target_9.png
31,312,lattice,3,w,img/target_2.png
31,313,lattice,5,b,img/target_6.png
31,314,lattice,7,e,img/target_3.png
31,315,lattice,9,i,img/target_8.png
31,316,lattice,1,o,img/target_9.png
31,317,lattice,3,w,img/target_2.png
31,318,lattice,2,r,img/target_4.png
31,319,lattice,4,q,img/target_1.png
31,320,lattice,3,w,img/target_2.png
31,321,lattice,4,q,img/target_1.png
31,322,lattice,3,w,img/target_2.png
31,323,lattice,2,r,img/target_4.png
31,324,lattice,4,q,img/target_1.png
31,325,lattice,2,r,img/target_4.png
31,326,lattice,0,u,img/target_7.png
31,327,lattice,9,i,img/target_8.png
31,328,lattice,8,p,img/target_10.png
31,329,lattice,7,e,img/target_3.png
31,330,lattice,5,b,img/target_6.png
31,331,lattice,7,e,img/target_3.png
31,332,lattice,5,b,img/target_6.png
31,333,lattice,7,e,img/target_3.png
31,334,lattice,5,b,img/target_6.png
31,335,lattice,6,v,img/target_5.png
31,336,lattice,7,e,img/target_3.png
31,337,lattice,5,b,img/target_6.png
31,338,lattice,3,w,img/target_2.png
31,339,lattice,2,r,img/target_4.png
31,340,lattice,4,q,img/target_1.png
31,341,lattice,2,r,img/target_4.png
31,342,lattice,1,o,img/target_9.png
31,343,lattice,0,u,img/target_7.png
31,344,lattice,1,o,img/target_9.png
31,345,lattice,3,w,img/target_2.png
31,346,lattice,2,r,img/target_4.png
31,347,lattice,1,o,img/target_9.png
31,348,lattice,0,u,img/target_7.png
31,349,lattice,8,p,img/target_10.png
31,350,lattice,9,i,img/target_8.png
31,351,lattice,8,p,img/target_10.png
31,352,lattice,9,i,img/target_8.png
31,353,lattice,0,u,img/target_7.png
31,354,lattice,2,r,img/target_4.png
31,355,lattice,0,u,img/target_7.png
31,356,lattice,8,p,img/target_10.png
31,357,lattice,7,e,img/target_3.png
31,358,lattice,6,v,img/target_5.png
31,359,lattice,5,b,img/target_6.png
31,360,lattice,3,w,img/target_2.png
31,361,lattice,4,q,img/target_1.png
31,362,lattice,2,r,img/target_4.png
31,363,lattice,4,q,img/target_1.png
31,364,lattice,6,v,img/target_5.png
31,365,lattice,8,p,img/target_10.png
31,366,lattice,9,i,img/target_8.png
31,367,lattice,0,u,img/target_7.png
31,368,lattice,2,r,img/target_4.png
31,369,lattice,0,u,img/target_7.png
31,370,lattice,9,i,img/target_8.png
31,371,lattice,1,o,img/target_9.png
31,372,lattice,3,w,img/target_2.png
31,373,lattice,4,q,img/target_1.png
31,374,lattice,5,b,img/target_6.png
31,375,lattice,7,e,img/target_3.png
31,376,lattice,8,p,img/target_10.png
31,377,lattice,6,v,img/target_5.png
31,378,lattice,8,p,img/target_10.png
31,379,lattice,0,u,img/target_7.png
31,380,lattice,1,o,img/target_9.png
31,381,lattice,0,u,img/target_7.png
31,382,lattice,8,p,img/target_10.png
31,383,lattice,0,u,img/target_7.png
31,384,lattice,9,i,img/target_8.png
31,385,lattice,7,e,img/target_3.png
31,386,lattice,5,b,img/target_6.png
31,387,lattice,4,q,img/target_1.png
31,388,lattice,3,w,img/target_2.png
31,389,lattice,4,q,img/target_1.png
31,390,lattice,5,b,img/target_6.png
31,391,lattice,6,v,img/target_5.png
31,392,lattice,4,q,img/target_1.png
31,393,lattice,3,w,img/target_2.png
31,394,lattice,4,q,img/target_1.png
31,395,lattice,6,v,img/target_5.png
31,396,lattice,5,b,img/target_6.png
31,397,lattice,6,v,img/target_5.png
31,398,lattice,5,b,img/target_6.png
31,399,lattice,6,v,img/target_5.png
31,400,lattice,4,q,img/target_1.png
31,401,lattice,2,r,img/target_4.png
31,402,lattice,0,u,img/target_7.png
31,403,lattice,8,p,img/target_10.png
31,404,lattice,7,e,img/target_3.png
31,405,lattice,9,i,img/target_8.png
31,406,lattice,8,p,img/target_10.png
31,407,lattice,0,u,img/target_7.png
31,408,lattice,1,o,img/target_9.png
31,409,lattice,0,u,img/target_7.png
31,410,lattice,9,i,img/target_8.png
31,411,lattice,7,e,img/target_3.png
31,412,lattice,9,i,img/target_8.png
31,413,lattice,7,e,img/target_3.png
31,414,lattice,5,b,img/target_6.png
31,415,lattice,3,w,img/target_2.png
31,416,lattice,4,q,img/target_1.png
31,417,lattice,5,b,img/target_6.png
31,418,lattice,6,v,img/target_5.png
31,419,lattice,4,q,img/target_1.png
31,420,lattice,3,w,img/target_2.png
31,421,lattice,5,b,img/target_6.png
31,422,lattice,7,e,img/target_3.png
31,423,lattice,6,v,img/target_5.png
31,424,lattice,7,e,img/target_3.png
31,425,lattice,5,b,img/target_6.png
31,426,lattice,7,e,img/target_3.png
31,427,lattice,8,p,img/target_10.png
31,428,lattice,0,u,img/target_7.png
31,429,lattice,9,i,img/target_8.png
31,430,lattice,8,p,img/target_10.png
31,431,lattice,6,v,img/target_5.png
31,432,lattice,7,e,img/target_3.png
31,433,lattice,5,b,img/target_6.png
31,434,lattice,4,q,img/target_1.png
31,435,lattice,6,v,img/target_5.png
31,436,lattice,4,q,img/target_1.png
31,437,lattice,2,r,img/target_4.png
31,438,lattice,1,o,img/target_9.png
31,439,lattice,0,u,img/target_7.png
31,440,lattice,1,o,img/target_9.png
31,441,lattice,3,w,img/target_2.png
31,442,lattice,2,r,img/target_4.png
31,443,lattice,0,u,img/target_7.png
31,444,lattice,9,i,img/target_8.png
31,445,lattice,8,p,img/target_10.png
31,446,lattice,6,v,img/target_5.png
31,447,lattice,5,b,img/target_6.png
31,448,lattice,4,q,img/target_1.png
31,449,lattice,2,r,img/target_4.png
31,450,lattice,1,o,img/target_9.png
31,451,lattice,2,r,img/target_4.png
31,452,lattice,4,q,img/target_1.png
31,453,lattice,2,r,img/target_4.png
31,454,lattice,0,u,img/target_7.png
31,455,lattice,9,i,img/target_8.png
31,456,lattice,0,u,img/target_7.png
31,457,lattice,9,i,img/target_8.png
31,458,lattice,7,e,img/target_3.png
31,459,lattice,6,v,img/target_5.png
31,460,lattice,4,q,img/target_1.png
31,461,lattice,3,w,img/target_2.png
31,462,lattice,4,q,img/target_1.png
31,463,lattice,6,v,img/target_5.png
31,464,lattice,8,p,img/target_10.png
31,465,lattice,7,e,img/target_3.png
31,466,lattice,8,p,img/target_10.png
31,467,lattice,7,e,img/target_3.png
31,468,lattice,8,p,img/target_10.png
31,469,lattice,6,v,img/target_5.png
31,470,lattice,4,q,img/target_1.png
31,471,lattice,2,r,img/target_4.png
31,472,lattice,3,w,img/target_2.png
31,473,lattice,1,o,img/target_9.png
31,474,lattice,9,i,img/target_8.png
31,475,lattice,0,u,img/target_7.png
31,476,lattice,8,p,img/target_10.png
31,477,lattice,0,u,img/target_7.png
31,478,lattice,1,o,img/target_9.png
31,479,lattice,9,i,img/target_8.png
31,480,lattice,8,p,img/target_10.png
31,481,lattice,7,e,img/target_3.png
31,482,lattice,5,b,img/target_6.png
31,483,lattice,7,e,img/target_3.png
31,484,lattice,8,p,img/target_10.png
31,485,lattice,6,v,img/target_5.png
31,486,lattice,7,e,img/target_3.png
31,487,lattice,5,b,img/target_6.png
31,488,lattice,6,v,img/target_5.png
31,489,lattice,8,p,img/target_10.png
31,490,lattice,6,v,img/target_5.png
31,491,lattice,7,e,img/target_3.png
31,492,lattice,5,b,img/target_6.png
31,493,lattice,3,w,img/target_2.png
31,494,lattice,4,q,img/target_1.png
31,495,lattice,3,w,img/target_2.png
31,496,lattice,2,r,img/target_4.png
31,497,lattice,4,q,img/target_1.png
31,498,lattice,6,v,img/target_5.png
31,499,lattice,4,q,img/target_1.png
31,500,lattice,3,w,img/target_2.png
31,501,lattice,5,b,img/target_6.png
31,502,lattice,4,q,img/target_1.png
31,503,lattice,2,r,img/target_4.png
31,504,lattice,1,o,img/target_9.png
31,505,lattice,0,u,img/target_7.png
31,506,lattice,8,p,img/target_10.png
31,507,lattice,6,v,img/target_5.png
31,508,lattice,7,e,img/target_3.png
31,509,lattice,8,p,img/target_10.png
31,510,lattice,6,v,img/target_5.png
31,511,lattice,8,p,img/target_10.png
31,512,lattice,9,i,img/target_8.png
31,513,lattice,7,e,img/target_3.png
31,514,lattice,8,p,img/target_10.png
31,515,lattice,7,e,img/target_3.png
31,516,lattice,9,i,img/target_8.png
31,517,lattice,7,e,img/target_3.png
31,518,lattice,5,b,img/target_6.png
31,519,lattice,7,e,img/target_3.png
31,520,lattice,6,v,img/target_5.png
31,521,lattice,7,e,img/target_3.png
31,522,lattice,8,p,img/target_10.png
31,523,lattice,0,u,img/target_7.png
31,524,lattice,9,i,img/target_8.png
31,525,lattice,8,p,img/target_10.png
31,526,lattice,9,i,img/target_8.png
31,527,lattice,1,o,img/target_9.png
31,528,lattice,0,u,img/target_7.png
31,529,lattice,2,r,img/target_4.png
31,530,lattice,0,u,img/target_7.png
31,531,lattice,2,r,img/target_4.png
31,532,lattice,0,u,img/target_7.png
31,533,lattice,2,r,img/target_4.png
31,534,lattice,4,q,img/target_1.png
31,535,lattice,6,v,img/target_5.png
31,536,lattice,4,q,img/target_1.png
31,537,lattice,6,v,img/target_5.png
31,538,lattice,5,b,img/target_6.png
31,539,lattice,7,e,img/target_3.png
31,540,lattice,9,i,img/target_8.png
31,541,lattice,1,o,img/target_9.png
31,542,lattice,9,i,img/target_8.png
31,543,lattice,8,p,img/target_10.png
31,544,lattice,0,u,img/target_7.png
31,545,lattice,8,p,img/target_10.png
31,546,lattice,7,e,img/target_3.png
31,547,lattice,6,v,img/target_5.png
31,548,lattice,4,q,img/target_1.png
31,549,lattice,3,w,img/target_2.png
31,550,lattice,4,q,img/target_1.png
31,551,lattice,6,v,img/target_5.png
31,552,lattice,7,e,img/target_3.png
31,553,lattice,9,i,img/target_8.png
31,554,lattice,7,e,img/target_3.png
31,555,lattice,9,i,img/target_8.png
31,556,lattice,7,e,img/target_3.png
31,557,lattice,9,i,img/target_8.png
31,558,lattice,1,o,img/target_9.png
31,559,lattice,9,i,img/target_8.png
31,560,lattice,0,u,img/target_7.png
31,561,lattice,2,r,img/target_4.png
31,562,lattice,1,o,img/target_9.png
31,563,lattice,9,i,img/target_8.png
31,564,lattice,8,p,img/target_10.png
31,565,lattice,9,i,img/target_8.png
31,566,lattice,1,o,img/target_9.png
31,567,lattice,3,w,img/target_2.png
31,568,lattice,1,o,img/target_9.png
31,569,lattice,0,u,img/target_7.png
31,570,lattice,9,i,img/target_8.png
31,571,lattice,1,o,img/target_9.png
31,572,lattice,3,w,img/target_2.png
31,573,lattice,4,q,img/target_1.png
31,574,lattice,2,r,img/target_4.png
31,575,lattice,0,u,img/target_7.png
31,576,lattice,8,p,img/target_10.png
31,577,lattice,9,i,img/target_8.png
31,578,lattice,7,e,img/target_3.png
31,579,lattice,9,i,img/target_8.png
31,580,lattice,8,p,img/target_10.png
31,581,lattice,6,v,img/target_5.png
31,582,lattice,7,e,img/target_3.png
31,583,lattice,6,v,img/target_5.png
31,584,lattice,4,q,img/target_1.png
31,585,lattice,3,w,img/target_2.png
31,586,lattice,1,o,img/target_9.png
31,587,lattice,3,w,img/target_2.png
31,588,lattice,1,o,img/target_9.png
31,589,lattice,3,w,img/target_2.png
31,590,lattice,2,r,img/target_4.png
31,591,lattice,3,w,img/target_2.png
31,592,lattice,1,o,img/target_9.png
31,593,lattice,9,i,img/target_8.png
31,594,lattice,7,e,img/target_3.png
31,595,lattice,9,i,img/target_8.png
31,596,lattice,7,e,img/target_3.png
31,597,lattice,9,i,img/target_8.png
31,598,lattice,7,e,img/target_3.png
31,599,lattice,8,p,img/target_10.png
31,600,lattice,9,i,img/target_8.png
31,601,lattice,1,o,img/target_9.png
31,602,lattice,0,u,img/target_7.png
31,603,lattice,9,i,img/target_8.png
31,604,lattice,1,o,img/target_9.png
31,605,lattice,0,u,img/target_7.png
31,606,lattice,1,o,img/target_9.png
31,607,lattice,2,r,img/target_4.png
31,608,lattice,0,u,img/target_7.png
31,609,lattice,8,p,img/target_10.png
31,610,lattice,6,v,img/target_5.png
31,611,lattice,7,e,img/target_3.png
31,612,lattice,6,v,img/target_5.png
31,613,lattice,5,b,img/target_6.png
31,614,lattice,6,v,img/target_5.png
31,615,lattice,5,b,img/target_6.png
31,616,lattice,6,v,img/target_5.png
31,617,lattice,4,q,img/target_1.png
31,618,lattice,5,b,img/target_6.png
31,619,lattice,6,v,img/target_5.png
31,620,lattice,8,p,img/target_10.png
31,621,lattice,6,v,img/target_5.png
31,622,lattice,4,q,img/target_1.png
31,623,lattice,5,b,img/target_6.png
31,624,lattice,4,q,img/target_1.png
31,625,lattice,2,r,img/target_4.png
31,626,lattice,1,o,img/target_9.png
31,627,lattice,9,i,img/target_8.png
31,628,lattice,7,e,img/target_3.png
31,629,lattice,9,i,img/target_8.png
31,630,lattice,0,u,img/target_7.png
31,631,lattice,8,p,img/target_10.png
31,632,lattice,7,e,img/target_3.png
31,633,lattice,5,b,img/target_6.png
31,634,lattice,4,q,img/target_1.png
31,635,lattice,3,w,img/target_2.png
31,636,lattice,5,b,img/target_6.png
31,637,lattice,7,e,img/target_3.png
31,638,lattice,8,p,img/target_10.png
31,639,lattice,0,u,img/target_7.png
31,640,lattice,2,r,img/target_4.png
31,641,lattice,0,u,img/target_7.png
31,642,lattice,8,p,img/target_10.png
31,643,lattice,6,v,img/target_5.png
31,644,lattice,8,p,img/target_10.png
31,645,lattice,9,i,img/target_8.png
31,646,lattice,0,u,img/target_7.png
31,647,lattice,2,r,img/target_4.png
31,648,lattice,0,u,img/target_7.png
31,649,lattice,1,o,img/target_9.png
31,650,lattice,0,u,img/target_7.png
31,651,lattice,8,p,img/target_10.png
31,652,lattice,0,u,img/target_7.png
31,653,lattice,8,p,img/target_10.png
31,654,lattice,9,i,img/target_8.png
31,655,lattice,8,p,img/target_10.png
31,656,lattice,0,u,img/target_7.png
31,657,lattice,8,p,img/target_10.png
31,658,lattice,9,i,img/target_8.png
31,659,lattice,0,u,img/target_7.png
31,660,lattice,1,o,img/target_9.png
31,661,lattice,3,w,img/target_2.png
31,662,lattice,5,b,img/target_6.png
31,663,lattice,6,v,img/target_5.png
31,664,lattice,4,q,img/target_1.png
31,665,lattice,2,r,img/target_4.png
31,666,lattice,3,w,img/target_2.png
31,667,lattice,2,r,img/target_4.png
31,668,lattice,1,o,img/target_9.png
31,669,lattice,3,w,img/target_2.png
31,670,lattice,1,o,img/target_9.png
31,671,lattice,2,r,img/target_4.png
31,672,lattice,4,q,img/target_1.png
31,673,lattice,3,w,img/target_2.png
31,674,lattice,5,b,img/target_6.png
31,675,lattice,3,w,img/target_2.png
31,676,lattice,2,r,img/target_4.png
31,677,lattice,3,w,img/target_2.png
31,678,lattice,2,r,img/target_4.png
31,679,lattice,1,o,img/target_9.png
31,680,lattice,0,u,img/target_7.png
31,681,lattice,2,r,img/target_4.png
31,682,lattice,4,q,img/target_1.png
31,683,lattice,6,v,img/target_5.png
31,684,lattice,5,b,img/target_6.png
31,685,lattice,6,v,img/target_5.png
31,686,lattice,7,e,img/target_3.png
31,687,lattice,6,v,img/target_5.png
31,688,lattice,8,p,img/target_10.png
31,689,lattice,0,u,img/target_7.png
31,690,lattice,1,o,img/target_9.png
31,691,lattice,0,u,img/target_7.png
31,692,lattice,2,r,img/target_4.png
31,693,lattice,1,o,img/target_9.png
31,694,lattice,0,u,img/target_7.png
31,695,lattice,8,p,img/target_10.png
31,696,lattice,7,e,img/target_3.png
31,697,lattice,9,i,img/target_8.png
31,698,lattice,1,o,img/target_9.png
31,699,lattice,2,r,img/target_4.png
31,700,lattice,1,o,img/target_9.png
31,701,lattice,2,r,img/target_4.png
31,702,lattice,1,o,img/target_9.png
31,703,lattice,9,i,img/target_8.png
31,704,lattice,1,o,img/target_9.png
31,705,lattice,0,u,img/target_7.png
31,706,lattice,1,o,img/target_9.png
31,707,lattice,2,r,img/target_4.png
31,708,lattice,3,w,img/target_2.png
31,709,lattice,4,q,img/target_1.png
31,710,lattice,2,r,img/target_4.png
31,711,lattice,4,q,img/target_1.png
31,712,lattice,2,r,img/target_4.png
31,713,lattice,0,u,img/target_7.png
31,714,lattice,8,p,img/target_10.png
31,715,lattice,0,u,img/target_7.png
31,716,lattice,8,p,img/target_10.png
31,717,lattice,6,v,img/target_5.png
31,718,lattice,5,b,img/target_6.png
31,719,lattice,3,w,img/target_2.png
31,720,lattice,4,q,img/target_1.png
31,721,lattice,5,b,img/target_6.png
31,722,lattice,6,v,img/target_5.png
31,723,lattice,4,q,img/target_1.png
31,724,lattice,3,w,img/target_2.png
31,725,lattice,5,b,img/target_6.png
31,726,lattice,4,q,img/target_1.png
31,727,lattice,5,b,img/target_6.png
31,728,lattice,4,q,img/target_1.png
31,729,lattice,3,w,img/target_2.png
31,730,lattice,4,q,img/target_1.png
31,731,lattice,3,w,img/target_2.png
31,732,lattice,4,q,img/target_1.png
31,733,lattice,5,b,img/target_6.png
31,734,lattice,4,q,img/target_1.png
31,735,lattice,2,r,img/target_4.png
31,736,lattice,0,u,img/target_7.png
31,737,lattice,9,i,img/target_8.png
31,738,lattice,8,p,img/target_10.png
31,739,lattice,6,v,img/target_5.png
31,740,lattice,8,p,img/target_10.png
31,741,lattice,0,u,img/target_7.png
31,742,lattice,9,i,img/target_8.png
31,743,lattice,7,e,img/target_3.png
31,744,lattice,5,b,img/target_6.png
31,745,lattice,6,v,img/target_5.png
31,746,lattice,4,q,img/target_1.png
31,747,lattice,2,r,img/target_4.png
31,748,lattice,4,q,img/target_1.png
31,749,lattice,5,b,img/target_6.png
31,750,lattice,7,e,img/target_3.png
31,751,lattice,8,p,img/target_10.png
31,752,lattice,9,i,img/target_8.png
31,753,lattice,7,e,img/target_3.png
31,754,lattice,9,i,img/target_8.png
31,755,lattice,8,p,img/target_10.png
31,756,lattice,9,i,img/target_8.png
31,757,lattice,1,o,img/target_9.png
31,758,lattice,9,i,img/target_8.png
31,759,lattice,8,p,img/target_10.png
31,760,lattice,7,e,img/target_3.png
31,761,lattice,9,i,img/target_8.png
31,762,lattice,7,e,img/target_3.png
31,763,lattice,6,v,img/target_5.png
31,764,lattice,4,q,img/target_1.png
31,765,lattice,6,v,img/target_5.png
31,766,lattice,7,e,img/target_3.png
31,767,lattice,9,i,img/target_8.png
31,768,lattice,1,o,img/target_9.png
31,769,lattice,0,u,img/target_7.png
31,770,lattice,8,p,img/target_10.png
31,771,lattice,6,v,img/target_5.png
31,772,lattice,4,q,img/target_1.png
31,773,lattice,6,v,img/target_5.png
31,774,lattice,4,q,img/target_1.png
31,775,lattice,3,w,img/target_2.png
31,776,lattice,5,b,img/target_6.png
31,777,lattice,7,e,img/target_3.png
31,778,lattice,9,i,img/target_8.png
31,779,lattice,1,o,img/target_9.png
31,780,lattice,0,u,img/target_7.png
31,781,lattice,2,r,img/target_4.png
31,782,lattice,3,w,img/target_2.png
31,783,lattice,1,o,img/target_9.png
31,784,lattice,3,w,img/target_2.png
31,785,lattice,2,r,img/target_4.png
31,786,lattice,4,q,img/target_1.png
31,787,lattice,5,b,img/target_6.png
31,788,lattice,7,e,img/target_3.png
31,789,lattice,8,p,img/target_10.png
31,790,lattice,6,v,img/target_5.png
31,791,lattice,7,e,img/target_3.png
31,792,lattice,9,i,img/target_8.png
31,793,lattice,0,u,img/target_7.png
31,794,lattice,8,p,img/target_10.png
31,795,lattice,0,u,img/target_7.png
31,796,lattice,9,i,img/target_8.png
31,797,lattice,0,u,img/target_7.png
31,798,lattice,9,i,img/target_8.png
31,799,lattice,7,e,img/target_3.png
31,800,lattice,9,i,img/target_8.png
31,801,lattice,1,o,img/target_9.png
31,802,lattice,0,u,img/target_7.png
31,803,lattice,8,p,img/target_10.png
31,804,lattice,6,v,img/target_5.png
31,805,lattice,5,b,img/target_6.png
31,806,lattice,3,w,img/target_2.png
31,807,lattice,1,o,img/target_9.png
31,808,lattice,2,r,img/target_4.png
31,809,lattice,3,w,img/target_2.png
31,810,lattice,2,r,img/target_4.png
31,811,lattice,1,o,img/target_9.png
31,812,lattice,3,w,img/target_2.png
31,813,lattice,2,r,img/target_4.png
31,814,lattice,4,q,img/target_1.png
31,815,lattice,6,v,img/target_5.png
31,816,lattice,7,e,img/target_3.png
31,817,lattice,8,p,img/target_10.png
31,818,lattice,9,i,img/target_8.png
31,819,lattice,8,p,img/target_10.png
31,820,lattice,7,e,img/target_3.png
31,821,lattice,6,v,img/target_5.png
31,822,lattice,8,p,img/target_10.png
31,823,lattice,9,i,img/target_8.png
31,824,lattice,1,o,img/target_9.png
31,825,lattice,0,u,img/target_7.png
31,826,lattice,8,p,img/target_10.png
31,827,lattice,7,e,img/target_3.png
31,828,lattice,5,b,img/target_6.png
31,829,lattice,7,e,img/target_3.png
31,830,lattice,6,v,img/target_5.png
31,831,lattice,7,e,img/target_3.png
31,832,lattice,6,v,img/target_5.png
31,833,lattice,4,q,img/target_1.png
31,834,lattice,3,w,img/target_2.png
31,835,lattice,1,o,img/target_9.png
31,836,lattice,2,r,img/target_4.png
31,837,lattice,1,o,img/target_9.png
31,838,lattice,3,w,img/target_2.png
31,839,lattice,5,b,img/target_6.png
31,840,lattice,7,e,img/target_3.png
31,841,lattice,9,i,img/target_8.png
31,842,lattice,8,p,img/target_10.png
31,843,lattice,6,v,img/target_5.png
31,844,lattice,4,q,img/target_1.png
31,845,lattice,6,v,img/target_5.png
31,846,lattice,7,e,img/target_3.png
31,847,lattice,8,p,img/target_10.png
31,848,lattice,6,v,img/target_5.png
31,849,lattice,7,e,img/target_3.png
31,850,lattice,8,p,img/target_10.png
31,851,lattice,0,u,img/target_7.png
31,852,lattice,9,i,img/target_8.png
31,853,lattice,1,o,img/target_9.png
31,854,lattice,3,w,img/target_2.png
31,855,lattice,2,r,img/target_4.png
31,856,lattice,1,o,img/target_9.png
31,857,lattice,2,r,img/target_4.png
31,858,lattice,3,w,img/target_2.png
31,859,lattice,2,r,img/target_4.png
31,860,lattice,3,w,img/target_2.png
31,861,lattice,2,r,img/target_4.png
31,862,lattice,0,u,img/target_7.png
31,863,lattice,8,p,img/target_10.png
31,864,lattice,0,u,img/target_7.png
31,865,lattice,9,i,img/target_8.png
31,866,lattice,7,e,img/target_3.png
31,867,lattice,6,v,img/target_5.png
31,868,lattice,5,b,img/target_6.png
31,869,lattice,3,w,img/target_2.png
31,870,lattice,5,b,img/target_6.png
31,871,lattice,4,q,img/target_1.png
31,872,lattice,5,b,img/target_6.png
31,873,lattice,3,w,img/target_2.png
31,874,lattice,1,o,img/target_9.png
31,875,lattice,3,w,img/target_2.png
31,876,lattice,5,b,img/target_6.png
31,877,lattice,6,v,img/target_5.png
31,878,lattice,4,q,img/target_1.png
31,879,lattice,5,b,img/target_6.png
31,880,lattice,7,e,img/target_3.png
31,881,lattice,8,p,img/target_10.png
31,882,lattice,6,v,img/target_5.png
31,883,lattice,8,p,img/target_10.png
31,884,lattice,7,e,img/target_3.png
31,885,lattice,8,p,img/target_10.png
31,886,lattice,9,i,img/target_8.png
31,887,lattice,0,u,img/target_7.png
31,888,lattice,9,i,img/target_8.png
31,889,lattice,7,e,img/target_3.png
31,890,lattice,5,b,img/target_6.png
31,891,lattice,3,w,img/target_2.png
31,892,lattice,4,q,img/target_1.png
31,893,lattice,2,r,img/target_4.png
31,894,lattice,3,w,img/target_2.png
31,895,lattice,1,o,img/target_9.png
31,896,lattice,9,i,img/target_8.png
31,897,lattice,7,e,img/target_3.png
31,898,lattice,8,p,img/target_10.png
31,899,lattice,6,v,img/target_5.png
31,900,lattice,5,b,img/target_6.png
31,901,lattice,6,v,img/target_5.png
31,902,lattice,7,e,img/target_3.png
31,903,lattice,8,p,img/target_10.png
31,904,lattice,6,v,img/target_5.png
31,905,lattice,7,e,img/target_3.png
31,906,lattice,9,i,img/target_8.png
31,907,lattice,7,e,img/target_3.png
31,908,lattice,5,b,img/target_6.png
31,909,lattice,3,w,img/target_2.png
31,910,lattice,2,r,img/target_4.png
31,911,lattice,0,u,img/target_7.png
31,912,lattice,9,i,img/target_8.png
31,913,lattice,0,u,img/target_7.png
31,914,lattice,8,p,img/target_10.png
31,915,lattice,7,e,img/target_3.png
31,916,lattice,8,p,img/target_10.png
31,917,lattice,6,v,img/target_5.png
31,918,lattice,8,p,img/target_10.png
31,919,lattice,0,u,img/target_7.png
31,920,lattice,2,r,img/target_4.png
31,921,lattice,1,o,img/target_9.png
31,922,lattice,2,r,img/target_4.png
31,923,lattice,3,w,img/target_2.png
31,924,lattice,4,q,img/target_1.png
31,925,lattice,5,b,img/target_6.png
31,926,lattice,3,w,img/target_2.png
31,927,lattice,2,r,img/target_4.png
31,928,lattice,3,w,img/target_2.png
31,929,lattice,2,r,img/target_4.png
31,930,lattice,3,w,img/target_2.png
31,931,lattice,5,b,img/target_6.png
31,932,lattice,4,q,img/target_1.png
31,933,lattice,6,v,img/target_5.png
31,934,lattice,8,p,img/target_10.png
31,935,lattice,9,i,img/target_8.png
31,936,lattice,7,e,img/target_3.png
31,937,lattice,6,v,img/target_5.png
31,938,lattice,7,e,img/target_3.png
31,939,lattice,6,v,img/target_5.png
31,940,lattice,4,q,img/target_1.png
31,941,lattice,3,w,img/target_2.png
31,942,lattice,2,r,img/target_4.png
31,943,lattice,4,q,img/target_1.png
31,944,lattice,2,r,img/target_4.png
31,945,lattice,4,q,img/target_1.png
31,946,lattice,6,v,img/target_5.png
31,947,lattice,4,q,img/target_1.png
31,948,lattice,3,w,img/target_2.png
31,949,lattice,4,q,img/target_1.png
31,950,lattice,3,w,img/target_2.png
31,951,lattice,4,q,img/target_1.png
31,952,lattice,2,r,img/target_4.png
31,953,lattice,1,o,img/target_9.png
31,954,lattice,3,w,img/target_2.png
31,955,lattice,4,q,img/target_1.png
31,956,lattice,3,w,img/target_2.png
31,957,lattice,5,b,img/target_6.png
31,958,lattice,4,q,img/target_1.png
31,959,lattice,2,r,img/target_4.png
31,960,lattice,0,u,img/target_7.png
31,961,lattice,9,i,img/target_8.png
31,962,lattice,1,o,img/target_9.png
31,963,lattice,0,u,img/target_7.png
31,964,lattice,9,i,img/target_8.png
31,965,lattice,8,p,img/target_10.png
31,966,lattice,0,u,img/target_7.png
31,967,lattice,2,r,img/target_4.png
31,968,lattice,4,q,img/target_1.png
31,969,lattice,3,w,img/target_2.png
31,970,lattice,4,q,img/target_1.png
31,971,lattice,3,w,img/target_2.png
31,972,lattice,2,r,img/target_4.png
31,973,lattice,4,q,img/target_1.png
31,974,lattice,6,v,img/target_5.png
31,975,lattice,8,p,img/target_10.png
31,976,lattice,7,e,img/target_3.png
31,977,lattice,6,v,img/target_5.png
31,978,lattice,8,p,img/target_10.png
31,979,lattice,6,v,img/target_5.png
31,980,lattice,8,p,img/target_10.png
31,981,lattice,0,u,img/target_7.png
31,982,lattice,9,i,img/target_8.png
31,983,lattice,1,o,img/target_9.png
31,984,lattice,3,w,img/target_2.png
31,985,lattice,2,r,img/target_4.png
31,986,lattice,1,o,img/target_9.png
31,987,lattice,0,u,img/target_7.png
31,988,lattice,1,o,img/target_9.png
31,989,lattice,2,r,img/target_4.png
31,990,lattice,3,w,img/target_2.png
31,991,lattice,1,o,img/target_9.png
31,992,lattice,9,i,img/target_8.png
31,993,lattice,7,e,img/target_3.png
31,994,lattice,6,v,img/target_5.png
31,995,lattice,4,q,img/target_1.png
31,996,lattice,6,v,img/target_5.png
31,997,lattice,8,p,img/target_10.png
31,998,lattice,0,u,img/target_7.png
31,999,lattice,9,i,img/target_8.png
31,1000,lattice,1,o,img/target_9.png
