pID,trialNum,graph,walk,resp,path
9,1,lattice,0,q,img/target_1.png
9,2,lattice,1,b,img/target_6.png
9,3,lattice,0,q,img/target_1.png
9,4,lattice,1,b,img/target_6.png
9,5,lattice,3,p,img/target_10.png
9,6,lattice,5,e,img/target_3.png
9,7,lattice,4,v,img/target_5.png
9,8,lattice,3,p,img/target_10.png
9,9,lattice,5,e,img/target_3.png
9,10,lattice,6,i,img/target_8.png
9,11,lattice,4,v,img/target_5.png
9,12,lattice,6,i,img/target_8.png
9,13,lattice,8,u,img/target_7.png
9,14,lattice,7,o,img/target_9.png
9,15,lattice,6,i,img/target_8.png
9,16,lattice,7,o,img/target_9.png
9,17,lattice,6,i,img/target_8.png
9,18,lattice,5,e,img/target_3.png
9,19,lattice,7,o,img/target_9.png
9,20,lattice,8,u,img/target_7.png
9,21,lattice,9,w,img/target_2.png
9,22,lattice,7,o,img/target_9.png
9,23,lattice,8,u,img/target_7.png
9,24,lattice,0,q,img/target_1.png
9,25,lattice,8,u,img/target_7.png
9,26,lattice,7,o,img/target_9.png
9,27,lattice,8,u,img/target_7.png
9,28,lattice,6,i,img/target_8.png
9,29,lattice,7,o,img/target_9.png
9,30,lattice,8,u,img/target_7.png
9,31,lattice,0,q,img/target_1.png
9,32,lattice,1,b,img/target_6.png
9,33,lattice,9,w,img/target_2.png
9,34,lattice,1,b,img/target_6.png
9,35,lattice,2,r,img/target_4.png
9,36,lattice,4,v,img/target_5.png
9,37,lattice,3,p,img/target_10.png
9,38,lattice,2,r,img/target_4.png
9,39,lattice,1,b,img/target_6.png
9,40,lattice,3,p,img/target_10.png
9,41,lattice,5,e,img/target_3.png
9,42,lattice,4,v,img/target_5.png
9,43,lattice,2,r,img/target_4.png
9,44,lattice,0,q,img/target_1.png
9,45,lattice,8,u,img/target_7.png
9,46,lattice,7,o,img/target_9.png
9,47,lattice,5,e,img/target_3.png
9,48,lattice,7,o,img/target_9.png
9,49,lattice,6,i,img/target_8.png
9,50,lattice,5,e,img/target_3.png
9,51,lattice,4,v,img/target_5.png
9,52,lattice,5,e,img/target_3.png
9,53,lattice,4,v,img/target_5.png
9,54,lattice,3,p,img/target_10.png
9,55,lattice,2,r,img/target_4.png
9,56,lattice,0,q,img/target_1.png
9,57,lattice,9,w,img/target_2.png
9,58,lattice,0,q,img/target_1.png
9,59,lattice,2,r,img/target_4.png
9,60,lattice,4,v,img/target_5.png
9,61,lattice,3,p,img/target_10.png
9,62,lattice,1,b,img/target_6.png
9,63,lattice,0,q,img/target_1.png
9,64,lattice,9,w,img/target_2.png
9,65,lattice,1,b,img/target_6.png
9,66,lattice,0,q,img/target_1.png
9,67,lattice,1,b,img/target_6.png
9,68,lattice,2,r,img/target_4.png
9,69,lattice,1,b,img/target_6.png
9,70,lattice,3,p,img/target_10.png
9,71,lattice,5,e,img/target_3.png
9,72,lattice,4,v,img/target_5.png
9,73,lattice,5,e,img/target_3.png
9,74,lattice,7,o,img/target_9.png
9,75,lattice,8,u,img/target_7.png
9,76,lattice,6,i,img/target_8.png
9,77,lattice,7,o,img/target_9.png
9,78,lattice,5,e,img/target_3.png
9,79,lattice,4,v,img/target_5.png
9,80,lattice,3,p,img/target_10.png
9,81,lattice,2,r,img/target_4.png
9,82,lattice,4,v,img/target_5.png
9,83,lattice,5,e,img/target_3.png
9,84,lattice,4,v,img/target_5.png
9,85,lattice,3,p,img/target_10.png
9,86,lattice,5,e,img/target_3.png
9,87,lattice,4,v,img/target_5.png
9,88,lattice,3,p,img/target_10.png
9,89,lattice,1,b,img/target_6.png
9,90,lattice,2,r,img/target_4.png
9,91,lattice,4,v,img/target_5.png
9,92,lattice,6,i,img/target_8.png
9,93,lattice,7,o,img/target_9.png
9,94,lattice,9,w,img/target_2.png
9,95,lattice,0,q,img/target_1.png
9,96,lattice,9,w,img/target_2.png
9,97,lattice,0,q,img/target_1.png
9,98,lattice,8,u,img/target_7.png
9,99,lattice,6,i,img/target_8.png
9,100,lattice,5,e,img/target_3.png
9,101,lattice,3,p,img/target_10.png
9,102,lattice,2,r,img/target_4.png
9,103,lattice,1,b,img/target_6.png
9,104,lattice,9,w,img/target_2.png
9,105,lattice,0,q,img/target_1.png
9,106,lattice,9,w,img/target_2.png
9,107,lattice,7,o,img/target_9.png
9,108,lattice,9,w,img/target_2.png
9,109,lattice,1,b,img/target_6.png
9,110,lattice,3,p,img/target_10.png
9,111,lattice,4,v,img/target_5.png
9,112,lattice,5,e,img/target_3.png
9,113,lattice,3,p,img/target_10.png
9,114,lattice,1,b,img/target_6.png
9,115,lattice,3,p,img/target_10.png
9,116,lattice,2,r,img/target_4.png
9,117,lattice,3,p,img/target_10.png
9,118,lattice,2,r,img/target_4.png
9,119,lattice,0,q,img/target_1.png
9,120,lattice,9,w,img/target_2.png
9,121,lattice,1,b,img/target_6.png
9,122,lattice,0,q,img/target_1.png
9,123,lattice,1,b,img/target_6.png
9,124,lattice,3,p,img/target_10.png
9,125,lattice,1,b,img/target_6.png
9,126,lattice,9,w,img/target_2.png
9,127,lattice,7,o,img/target_9.png
9,128,lattice,6,i,img/target_8.png
9,129,lattice,5,e,img/target_3.png
9,130,lattice,3,p,img/target_10.png
9,131,lattice,2,r,img/target_4.png
9,132,lattice,3,p,img/target_10.png
9,133,lattice,2,r,img/target_4.png
9,134,lattice,1,b,img/target_6.png
9,135,lattice,3,p,img/target_10.png
9,136,lattice,5,e,img/target_3.png
9,137,lattice,4,v,img/target_5.png
9,138,lattice,5,e,img/target_3.png
9,139,lattice,3,p,img/target_10.png
9,140,lattice,1,b,img/target_6.png
9,141,lattice,9,w,img/target_2.png
9,142,lattice,7,o,img/target_9.png
9,143,lattice,6,i,img/target_8.png
9,144,lattice,7,o,img/target_9.png
9,145,lattice,6,i,img/target_8.png
9,146,lattice,5,e,img/target_3.png
9,147,lattice,4,v,img/target_5.png
9,148,lattice,2,r,img/target_4.png
9,149,lattice,0,q,img/target_1.png
9,150,lattice,1,b,img/target_6.png
9,151,lattice,0,q,img/target_1.png
9,152,lattice,9,w,img/target_2.png
9,153,lattice,1,b,img/target_6.png
9,154,lattice,3,p,img/target_10.png
9,155,lattice,1,b,img/target_6.png
9,156,lattice,9,w,img/target_2.png
9,157,lattice,1,b,img/target_6.png
9,158,lattice,9,w,img/target_2.png
9,159,lattice,7,o,img/target_9.png
9,160,lattice,8,u,img/target_7.png
9,161,lattice,7,o,img/target_9.png
9,162,lattice,8,u,img/target_7.png
9,163,lattice,7,o,img/target_9.png
9,164,lattice,9,w,img/target_2.png
9,165,lattice,0,q,img/target_1.png
9,166,lattice,2,r,img/target_4.png
9,167,lattice,4,v,img/target_5.png
9,168,lattice,3,p,img/target_10.png
9,169,lattice,2,r,img/target_4.png
9,170,lattice,0,q,img/target_1.png
9,171,lattice,2,r,img/target_4.png
9,172,lattice,1,b,img/target_6.png
9,173,lattice,3,p,img/target_10.png
9,174,lattice,5,e,img/target_3.png
9,175,lattice,3,p,img/target_10.png
9,176,lattice,5,e,img/target_3.png
9,177,lattice,3,p,img/target_10.png
9,178,lattice,4,v,img/target_5.png
9,179,lattice,2,r,img/target_4.png
9,180,lattice,4,v,img/target_5.png
9,181,lattice,2,r,img/target_4.png
9,182,lattice,1,b,img/target_6.png
9,183,lattice,0,q,img/target_1.png
9,184,lattice,9,w,img/target_2.png
9,185,lattice,7,o,img/target_9.png
9,186,lattice,9,w,img/target_2.png
9,187,lattice,8,u,img/target_7.png
9,188,lattice,6,i,img/target_8.png
9,189,lattice,5,e,img/target_3.png
9,190,lattice,3,p,img/target_10.png
9,191,lattice,1,b,img/target_6.png
9,192,lattice,9,w,img/target_2.png
9,193,lattice,0,q,img/target_1.png
9,194,lattice,8,u,img/target_7.png
9,195,lattice,9,w,img/target_2.png
9,196,lattice,1,b,img/target_6.png
9,197,lattice,9,w,img/target_2.png
9,198,lattice,7,o,img/target_9.png
9,199,lattice,6,i,img/target_8.png
9,200,lattice,7,o,img/target_9.png
9,201,lattice,8,u,img/target_7.png
9,202,lattice,0,q,img/target_1.png
9,203,lattice,9,w,img/target_2.png
9,204,lattice,1,b,img/target_6.png
9,205,lattice,0,q,img/target_1.png
9,206,lattice,9,w,img/target_2.png
9,207,lattice,1,b,img/target_6.png
9,208,lattice,0,q,img/target_1.png
9,209,lattice,2,r,img/target_4.png
9,210,lattice,1,b,img/target_6.png
9,211,lattice,2,r,img/target_4.png
9,212,lattice,1,b,img/target_6.png
9,213,lattice,2,r,img/target_4.png
9,214,lattice,1,b,img/target_6.png
9,215,lattice,0,q,img/target_1.png
9,216,lattice,9,w,img/target_2.png
9,217,lattice,7,o,img/target_9.png
9,218,lattice,8,u,img/target_7.png
9,219,lattice,0,q,img/target_1.png
9,220,lattice,1,b,img/target_6.png
9,221,lattice,3,p,img/target_10.png
9,222,lattice,5,e,img/target_3.png
9,223,lattice,3,p,img/target_10.png
9,224,lattice,5,e,img/target_3.png
9,225,lattice,7,o,img/target_9.png
9,226,lattice,5,e,img/target_3.png
9,227,lattice,4,v,img/target_5.png
9,228,lattice,2,r,img/target_4.png
9,229,lattice,3,p,img/target_10.png
9,230,lattice,2,r,img/target_4.png
9,231,lattice,0,q,img/target_1.png
9,232,lattice,1,b,img/target_6.png
9,233,lattice,0,q,img/target_1.png
9,234,lattice,1,b,img/target_6.png
9,235,lattice,0,q,img/target_1.png
9,236,lattice,8,u,img/target_7.png
9,237,lattice,0,q,img/target_1.png
9,238,lattice,2,r,img/target_4.png
9,239,lattice,4,v,img/target_5.png
9,240,lattice,3,p,img/target_10.png
9,241,lattice,4,v,img/target_5.png
9,242,lattice,2,r,img/target_4.png
9,243,lattice,4,v,img/target_5.png
9,244,lattice,3,p,img/target_10.png
9,245,lattice,2,r,img/target_4.png
9,246,lattice,4,v,img/target_5.png
9,247,lattice,6,i,img/target_8.png
9,248,lattice,7,o,img/target_9.png
9,249,lattice,9,w,img/target_2.png
9,250,lattice,0,q,img/target_1.png
9,251,lattice,1,b,img/target_6.png
9,252,lattice,9,w,img/target_2.png
9,253,lattice,1,b,img/target_6.png
9,254,lattice,9,w,img/target_2.png
9,255,lattice,0,q,img/target_1.png
9,256,lattice,8,u,img/target_7.png
9,257,lattice,9,w,img/target_2.png
9,258,lattice,0,q,img/target_1.png
9,259,lattice,1,b,img/target_6.png
9,260,lattice,3,p,img/target_10.png
9,261,lattice,4,v,img/target_5.png
9,262,lattice,5,e,img/target_3.png
9,263,lattice,6,i,img/target_8.png
9,264,lattice,4,v,img/target_5.png
9,265,lattice,6,i,img/target_8.png
9,266,lattice,4,v,img/target_5.png
9,267,lattice,2,r,img/target_4.png
9,268,lattice,0,q,img/target_1.png
9,269,lattice,1,b,img/target_6.png
9,270,lattice,2,r,img/target_4.png
9,271,lattice,0,q,img/target_1.png
9,272,lattice,1,b,img/target_6.png
9,273,lattice,0,q,img/target_1.png
9,274,lattice,9,w,img/target_2.png
9,275,lattice,8,u,img/target_7.png
9,276,lattice,7,o,img/target_9.png
9,277,lattice,8,u,img/target_7.png
9,278,lattice,9,w,img/target_2.png
9,279,lattice,7,o,img/target_9.png
9,280,lattice,8,u,img/target_7.png
9,281,lattice,9,w,img/target_2.png
9,282,lattice,0,q,img/target_1.png
9,283,lattice,2,r,img/target_4.png
9,284,lattice,4,v,img/target_5.png
9,285,lattice,6,i,img/target_8.png
9,286,lattice,7,o,img/target_9.png
9,287,lattice,8,u,img/target_7.png
9,288,lattice,9,w,img/target_2.png
9,289,lattice,0,q,img/target_1.png
9,290,lattice,2,r,img/target_4.png
9,291,lattice,1,b,img/target_6.png
9,292,lattice,9,w,img/target_2.png
9,293,lattice,7,o,img/target_9.png
9,294,lattice,5,e,img/target_3.png
9,295,lattice,7,o,img/target_9.png
9,296,lattice,9,w,img/target_2.png
9,297,lattice,8,u,img/target_7.png
9,298,lattice,7,o,img/target_9.png
9,299,lattice,6,i,img/target_8.png
9,300,lattice,7,o,img/target_9.png
9,301,lattice,8,u,img/target_7.png
9,302,lattice,7,o,img/target_9.png
9,303,lattice,8,u,img/target_7.png
9,304,lattice,0,q,img/target_1.png
9,305,lattice,1,b,img/target_6.png
9,306,lattice,2,r,img/target_4.png
9,307,lattice,0,q,img/target_1.png
9,308,lattice,9,w,img/target_2.png
9,309,lattice,8,u,img/target_7.png
9,310,lattice,9,w,img/target_2.png
9,311,lattice,1,b,img/target_6.png
9,312,lattice,3,p,img/target_10.png
9,313,lattice,5,e,img/target_3.png
9,314,lattice,4,v,img/target_5.png
9,315,lattice,3,p,img/target_10.png
9,316,lattice,5,e,img/target_3.png
9,317,lattice,6,i,img/target_8.png
9,318,lattice,7,o,img/target_9.png
9,319,lattice,9,w,img/target_2.png
9,320,lattice,7,o,img/target_9.png
9,321,lattice,9,w,img/target_2.png
9,322,lattice,1,b,img/target_6.png
9,323,lattice,3,p,img/target_10.png
9,324,lattice,4,v,img/target_5.png
9,325,lattice,6,i,img/target_8.png
9,326,lattice,7,o,img/target_9.png
9,327,lattice,9,w,img/target_2.png
9,328,lattice,0,q,img/target_1.png
9,329,lattice,9,w,img/target_2.png
9,330,lattice,7,o,img/target_9.png
9,331,lattice,8,u,img/target_7.png
9,332,lattice,9,w,img/target_2.png
9,333,lattice,7,o,img/target_9.png
9,334,lattice,8,u,img/target_7.png
9,335,lattice,9,w,img/target_2.png
9,336,lattice,7,o,img/target_9.png
9,337,lattice,9,w,img/target_2.png
9,338,lattice,1,b,img/target_6.png
9,339,lattice,0,q,img/target_1.png
9,340,lattice,2,r,img/target_4.png
9,341,lattice,3,p,img/target_10.png
9,342,lattice,4,v,img/target_5.png
9,343,lattice,5,e,img/target_3.png
9,344,lattice,3,p,img/target_10.png
9,345,lattice,5,e,img/target_3.png
9,346,lattice,3,p,img/target_10.png
9,347,lattice,1,b,img/target_6.png
9,348,lattice,2,r,img/target_4.png
9,349,lattice,4,v,img/target_5.png
9,350,lattice,3,p,img/target_10.png
9,351,lattice,1,b,img/target_6.png
9,352,lattice,0,q,img/target_1.png
9,353,lattice,9,w,img/target_2.png
9,354,lattice,8,u,img/target_7.png
9,355,lattice,0,q,img/target_1.png
9,356,lattice,1,b,img/target_6.png
9,357,lattice,9,w,img/target_2.png
9,358,lattice,7,o,img/target_9.png
9,359,lattice,6,i,img/target_8.png
9,360,lattice,7,o,img/target_9.png
9,361,lattice,8,u,img/target_7.png
9,362,lattice,9,w,img/target_2.png
9,363,lattice,8,u,img/target_7.png
9,364,lattice,6,i,img/target_8.png
9,365,lattice,8,u,img/target_7.png
9,366,lattice,9,w,img/target_2.png
9,367,lattice,1,b,img/target_6.png
9,368,lattice,2,r,img/target_4.png
9,369,lattice,3,p,img/target_10.png
9,370,lattice,2,r,img/target_4.png
9,371,lattice,0,q,img/target_1.png
9,372,lattice,8,u,img/target_7.png
9,373,lattice,9,w,img/target_2.png
9,374,lattice,1,b,img/target_6.png
9,375,lattice,0,q,img/target_1.png
9,376,lattice,8,u,img/target_7.png
9,377,lattice,6,i,img/target_8.png
9,378,lattice,7,o,img/target_9.png
9,379,lattice,5,e,img/target_3.png
9,380,lattice,3,p,img/target_10.png
9,381,lattice,2,r,img/target_4.png
9,382,lattice,4,v,img/target_5.png
9,383,lattice,2,r,img/target_4.png
9,384,lattice,0,q,img/target_1.png
9,385,lattice,2,r,img/target_4.png
9,386,lattice,3,p,img/target_10.png
9,387,lattice,4,v,img/target_5.png
9,388,lattice,2,r,img/target_4.png
9,389,lattice,4,v,img/target_5.png
9,390,lattice,3,p,img/target_10.png
9,391,lattice,5,e,img/target_3.png
9,392,lattice,3,p,img/target_10.png
9,393,lattice,2,r,img/target_4.png
9,394,lattice,4,v,img/target_5.png
9,395,lattice,5,e,img/target_3.png
9,396,lattice,7,o,img/target_9.png
9,397,lattice,8,u,img/target_7.png
9,398,lattice,7,o,img/target_9.png
9,399,lattice,8,u,img/target_7.png
9,400,lattice,9,w,img/target_2.png
9,401,lattice,7,o,img/target_9.png
9,402,lattice,8,u,img/target_7.png
9,403,lattice,9,w,img/target_2.png
9,404,lattice,7,o,img/target_9.png
9,405,lattice,6,i,img/target_8.png
9,406,lattice,5,e,img/target_3.png
9,407,lattice,6,i,img/target_8.png
9,408,lattice,8,u,img/target_7.png
9,409,lattice,0,q,img/target_1.png
9,410,lattice,9,w,img/target_2.png
9,411,lattice,7,o,img/target_9.png
9,412,lattice,5,e,img/target_3.png
9,413,lattice,4,v,img/target_5.png
9,414,lattice,2,r,img/target_4.png
9,415,lattice,1,b,img/target_6.png
9,416,lattice,0,q,img/target_1.png
9,417,lattice,8,u,img/target_7.png
9,418,lattice,9,w,img/target_2.png
9,419,lattice,8,u,img/target_7.png
9,420,lattice,9,w,img/target_2.png
9,421,lattice,0,q,img/target_1.png
9,422,lattice,2,r,img/target_4.png
9,423,lattice,3,p,img/target_10.png
9,424,lattice,4,v,img/target_5.png
9,425,lattice,2,r,img/target_4.png
9,426,lattice,1,b,img/target_6.png
9,427,lattice,9,w,img/target_2.png
9,428,lattice,7,o,img/target_9.png
9,429,lattice,9,w,img/target_2.png
9,430,lattice,1,b,img/target_6.png
9,431,lattice,3,p,img/target_10.png
9,432,lattice,4,v,img/target_5.png
9,433,lattice,3,p,img/target_10.png
9,434,lattice,5,e,img/target_3.png
9,435,lattice,3,p,img/target_10.png
9,436,lattice,4,v,img/target_5.png
9,437,lattice,3,p,img/target_10.png
9,438,lattice,5,e,img/target_3.png
9,439,lattice,7,o,img/target_9.png
9,440,lattice,6,i,img/target_8.png
9,441,lattice,5,e,img/target_3.png
9,442,lattice,7,o,img/target_9.png
9,443,lattice,5,e,img/target_3.png
9,444,lattice,7,o,img/target_9.png
9,445,lattice,8,u,img/target_7.png
9,446,lattice,0,q,img/target_1.png
9,447,lattice,1,b,img/target_6.png
9,448,lattice,0,q,img/target_1.png
9,449,lattice,9,w,img/target_2.png
9,450,lattice,0,q,img/target_1.png
9,451,lattice,2,r,img/target_4.png
9,452,lattice,1,b,img/target_6.png
9,453,lattice,9,w,img/target_2.png
9,454,lattice,8,u,img/target_7.png
9,455,lattice,7,o,img/target_9.png
9,456,lattice,6,i,img/target_8.png
9,457,lattice,8,u,img/target_7.png
9,458,lattice,9,w,img/target_2.png
9,459,lattice,0,q,img/target_1.png
9,460,lattice,8,u,img/target_7.png
9,461,lattice,6,i,img/target_8.png
9,462,lattice,7,o,img/target_9.png
9,463,lattice,8,u,img/target_7.png
9,464,lattice,0,q,img/target_1.png
9,465,lattice,9,w,img/target_2.png
9,466,lattice,0,q,img/target_1.png
9,467,lattice,8,u,img/target_7.png
9,468,lattice,0,q,img/target_1.png
9,469,lattice,1,b,img/target_6.png
9,470,lattice,9,w,img/target_2.png
9,471,lattice,1,b,img/target_6.png
9,472,lattice,0,q,img/target_1.png
9,473,lattice,9,w,img/target_2.png
9,474,lattice,0,q,img/target_1.png
9,475,lattice,9,w,img/target_2.png
9,476,lattice,1,b,img/target_6.png
9,477,lattice,3,p,img/target_10.png
9,478,lattice,1,b,img/target_6.png
9,479,lattice,3,p,img/target_10.png
9,480,lattice,2,r,img/target_4.png
9,481,lattice,1,b,img/target_6.png
9,482,lattice,0,q,img/target_1.png
9,483,lattice,8,u,img/target_7.png
9,484,lattice,7,o,img/target_9.png
9,485,lattice,9,w,img/target_2.png
9,486,lattice,0,q,img/target_1.png
9,487,lattice,2,r,img/target_4.png
9,488,lattice,1,b,img/target_6.png
9,489,lattice,2,r,img/target_4.png
9,490,lattice,4,v,img/target_5.png
9,491,lattice,3,p,img/target_10.png
9,492,lattice,5,e,img/target_3.png
9,493,lattice,3,p,img/target_10.png
9,494,lattice,4,v,img/target_5.png
9,495,lattice,5,e,img/target_3.png
9,496,lattice,7,o,img/target_9.png
9,497,lattice,5,e,img/target_3.png
9,498,lattice,3,p,img/target_10.png
9,499,lattice,4,v,img/target_5.png
9,500,lattice,3,p,img/target_10.png
9,501,lattice,2,r,img/target_4.png
9,502,lattice,4,v,img/target_5.png
9,503,lattice,6,i,img/target_8.png
9,504,lattice,4,v,img/target_5.png
9,505,lattice,3,p,img/target_10.png
9,506,lattice,5,e,img/target_3.png
9,507,lattice,3,p,img/target_10.png
9,508,lattice,2,r,img/target_4.png
9,509,lattice,4,v,img/target_5.png
9,510,lattice,6,i,img/target_8.png
9,511,lattice,5,e,img/target_3.png
9,512,lattice,7,o,img/target_9.png
9,513,lattice,8,u,img/target_7.png
9,514,lattice,0,q,img/target_1.png
9,515,lattice,9,w,img/target_2.png
9,516,lattice,7,o,img/target_9.png
9,517,lattice,5,e,img/target_3.png
9,518,lattice,4,v,img/target_5.png
9,519,lattice,5,e,img/target_3.png
9,520,lattice,7,o,img/target_9.png
9,521,lattice,5,e,img/target_3.png
9,522,lattice,4,v,img/target_5.png
9,523,lattice,2,r,img/target_4.png
9,524,lattice,3,p,img/target_10.png
9,525,lattice,4,v,img/target_5.png
9,526,lattice,6,i,img/target_8.png
9,527,lattice,8,u,img/target_7.png
9,528,lattice,7,o,img/target_9.png
9,529,lattice,8,u,img/target_7.png
9,530,lattice,0,q,img/target_1.png
9,531,lattice,2,r,img/target_4.png
9,532,lattice,3,p,img/target_10.png
9,533,lattice,2,r,img/target_4.png
9,534,lattice,0,q,img/target_1.png
9,535,lattice,2,r,img/target_4.png
9,536,lattice,0,q,img/target_1.png
9,537,lattice,2,r,img/target_4.png
9,538,lattice,4,v,img/target_5.png
9,539,lattice,5,e,img/target_3.png
9,540,lattice,6,i,img/target_8.png
9,541,lattice,5,e,img/target_3.png
9,542,lattice,3,p,img/target_10.png
9,543,lattice,4,v,img/target_5.png
9,544,lattice,6,i,img/target_8.png
9,545,lattice,7,o,img/target_9.png
9,546,lattice,8,u,img/target_7.png
9,547,lattice,9,w,img/target_2.png
9,548,lattice,7,o,img/target_9.png
9,549,lattice,9,w,img/target_2.png
9,550,lattice,1,b,img/target_6.png
9,551,lattice,9,w,img/target_2.png
9,552,lattice,0,q,img/target_1.png
9,553,lattice,2,r,img/target_4.png
9,554,lattice,3,p,img/target_10.png
9,555,lattice,2,r,img/target_4.png
9,556,lattice,4,v,img/target_5.png
9,557,lattice,5,e,img/target_3.png
9,558,lattice,4,v,img/target_5.png
9,559,lattice,5,e,img/target_3.png
9,560,lattice,3,p,img/target_10.png
9,561,lattice,4,v,img/target_5.png
9,562,lattice,5,e,img/target_3.png
9,563,lattice,4,v,img/target_5.png
9,564,lattice,3,p,img/target_10.png
9,565,lattice,1,b,img/target_6.png
9,566,lattice,0,q,img/target_1.png
9,567,lattice,1,b,img/target_6.png
9,568,lattice,2,r,img/target_4.png
9,569,lattice,3,p,img/target_10.png
9,570,lattice,2,r,img/target_4.png
9,571,lattice,3,p,img/target_10.png
9,572,lattice,1,b,img/target_6.png
9,573,lattice,3,p,img/target_10.png
9,574,lattice,1,b,img/target_6.png
9,575,lattice,3,p,img/target_10.png
9,576,lattice,5,e,img/target_3.png
9,577,lattice,3,p,img/target_10.png
9,578,lattice,1,b,img/target_6.png
9,579,lattice,2,r,img/target_4.png
9,580,lattice,3,p,img/target_10.png
9,581,lattice,1,b,img/target_6.png
9,582,lattice,3,p,img/target_10.png
9,583,lattice,5,e,img/target_3.png
9,584,lattice,3,p,img/target_10.png
9,585,lattice,4,v,img/target_5.png
9,586,lattice,6,i,img/target_8.png
9,587,lattice,8,u,img/target_7.png
9,588,lattice,9,w,img/target_2.png
9,589,lattice,1,b,img/target_6.png
9,590,lattice,0,q,img/target_1.png
9,591,lattice,2,r,img/target_4.png
9,592,lattice,3,p,img/target_10.png
9,593,lattice,2,r,img/target_4.png
9,594,lattice,0,q,img/target_1.png
9,595,lattice,1,b,img/target_6.png
9,596,lattice,0,q,img/target_1.png
9,597,lattice,2,r,img/target_4.png
9,598,lattice,1,b,img/target_6.png
9,599,lattice,9,w,img/target_2.png
9,600,lattice,0,q,img/target_1.png
9,601,lattice,1,b,img/target_6.png
9,602,lattice,3,p,img/target_10.png
9,603,lattice,4,v,img/target_5.png
9,604,lattice,3,p,img/target_10.png
9,605,lattice,1,b,img/target_6.png
9,606,lattice,3,p,img/target_10.png
9,607,lattice,5,e,img/target_3.png
9,608,lattice,4,v,img/target_5.png
9,609,lattice,5,e,img/target_3.png
9,610,lattice,3,p,img/target_10.png
9,611,lattice,5,e,img/target_3.png
9,612,lattice,6,i,img/target_8.png
9,613,lattice,5,e,img/target_3.png
9,614,lattice,3,p,img/target_10.png
9,615,lattice,4,v,img/target_5.png
9,616,lattice,5,e,img/target_3.png
9,617,lattice,4,v,img/target_5.png
9,618,lattice,2,r,img/target_4.png
9,619,lattice,4,v,img/target_5.png
9,620,lattice,6,i,img/target_8.png
9,621,lattice,5,e,img/target_3.png
9,622,lattice,4,v,img/target_5.png
9,623,lattice,3,p,img/target_10.png
9,624,lattice,1,b,img/target_6.png
9,625,lattice,2,r,img/target_4.png
9,626,lattice,1,b,img/target_6.png
9,627,lattice,2,r,img/target_4.png
9,628,lattice,3,p,img/target_10.png
9,629,lattice,2,r,img/target_4.png
9,630,lattice,0,q,img/target_1.png
9,631,lattice,1,b,img/target_6.png
9,632,lattice,3,p,img/target_10.png
9,633,lattice,2,r,img/target_4.png
9,634,lattice,0,q,img/target_1.png
9,635,lattice,8,u,img/target_7.png
9,636,lattice,6,i,img/target_8.png
9,637,lattice,4,v,img/target_5.png
9,638,lattice,5,e,img/target_3.png
9,639,lattice,3,p,img/target_10.png
9,640,lattice,5,e,img/target_3.png
9,641,lattice,3,p,img/target_10.png
9,642,lattice,5,e,img/target_3.png
9,643,lattice,4,v,img/target_5.png
9,644,lattice,2,r,img/target_4.png
9,645,lattice,4,v,img/target_5.png
9,646,lattice,3,p,img/target_10.png
9,647,lattice,5,e,img/target_3.png
9,648,lattice,7,o,img/target_9.png
9,649,lattice,5,e,img/target_3.png
9,650,lattice,7,o,img/target_9.png
9,651,lattice,6,i,img/target_8.png
9,652,lattice,5,e,img/target_3.png
9,653,lattice,7,o,img/target_9.png
9,654,lattice,6,i,img/target_8.png
9,655,lattice,7,o,img/target_9.png
9,656,lattice,5,e,img/target_3.png
9,657,lattice,4,v,img/target_5.png
9,658,lattice,6,i,img/target_8.png
9,659,lattice,7,o,img/target_9.png
9,660,lattice,6,i,img/target_8.png
9,661,lattice,4,v,img/target_5.png
9,662,lattice,2,r,img/target_4.png
9,663,lattice,0,q,img/target_1.png
9,664,lattice,9,w,img/target_2.png
9,665,lattice,7,o,img/target_9.png
9,666,lattice,9,w,img/target_2.png
9,667,lattice,0,q,img/target_1.png
9,668,lattice,1,b,img/target_6.png
9,669,lattice,0,q,img/target_1.png
9,670,lattice,8,u,img/target_7.png
9,671,lattice,6,i,img/target_8.png
9,672,lattice,4,v,img/target_5.png
9,673,lattice,2,r,img/target_4.png
9,674,lattice,3,p,img/target_10.png
9,675,lattice,2,r,img/target_4.png
9,676,lattice,1,b,img/target_6.png
9,677,lattice,3,p,img/target_10.png
9,678,lattice,5,e,img/target_3.png
9,679,lattice,6,i,img/target_8.png
9,680,lattice,5,e,img/target_3.png
9,681,lattice,4,v,img/target_5.png
9,682,lattice,5,e,img/target_3.png
9,683,lattice,4,v,img/target_5.png
9,684,lattice,6,i,img/target_8.png
9,685,lattice,4,v,img/target_5.png
9,686,lattice,2,r,img/target_4.png
9,687,lattice,0,q,img/target_1.png
9,688,lattice,2,r,img/target_4.png
9,689,lattice,0,q,img/target_1.png
9,690,lattice,2,r,img/target_4.png
9,691,lattice,4,v,img/target_5.png
9,692,lattice,2,r,img/target_4.png
9,693,lattice,0,q,img/target_1.png
9,694,lattice,2,r,img/target_4.png
9,695,lattice,4,v,img/target_5.png
9,696,lattice,6,i,img/target_8.png
9,697,lattice,5,e,img/target_3.png
9,698,lattice,6,i,img/target_8.png
9,699,lattice,7,o,img/target_9.png
9,700,lattice,9,w,img/target_2.png
9,701,lattice,1,b,img/target_6.png
9,702,lattice,3,p,img/target_10.png
9,703,lattice,2,r,img/target_4.png
9,704,lattice,3,p,img/target_10.png
9,705,lattice,5,e,img/target_3.png
9,706,lattice,3,p,img/target_10.png
9,707,lattice,1,b,img/target_6.png
9,708,lattice,2,r,img/target_4.png
9,709,lattice,1,b,img/target_6.png
9,710,lattice,3,p,img/target_10.png
9,711,lattice,4,v,img/target_5.png
9,712,lattice,2,r,img/target_4.png
9,713,lattice,4,v,img/target_5.png
9,714,lattice,3,p,img/target_10.png
9,715,lattice,4,v,img/target_5.png
9,716,lattice,2,r,img/target_4.png
9,717,lattice,4,v,img/target_5.png
9,718,lattice,5,e,img/target_3.png
9,719,lattice,7,o,img/target_9.png
9,720,lattice,8,u,img/target_7.png
9,721,lattice,9,w,img/target_2.png
9,722,lattice,7,o,img/target_9.png
9,723,lattice,8,u,img/target_7.png
9,724,lattice,7,o,img/target_9.png
9,725,lattice,6,i,img/target_8.png
9,726,lattice,5,e,img/target_3.png
9,727,lattice,3,p,img/target_10.png
9,728,lattice,4,v,img/target_5.png
9,729,lattice,2,r,img/target_4.png
9,730,lattice,3,p,img/target_10.png
9,731,lattice,4,v,img/target_5.png
9,732,lattice,5,e,img/target_3.png
9,733,lattice,6,i,img/target_8.png
9,734,lattice,5,e,img/target_3.png
9,735,lattice,3,p,img/target_10.png
9,736,lattice,4,v,img/target_5.png
9,737,lattice,6,i,img/target_8.png
9,738,lattice,7,o,img/target_9.png
9,739,lattice,9,w,img/target_2.png
9,740,lattice,0,q,img/target_1.png
9,741,lattice,8,u,img/target_7.png
9,742,lattice,6,i,img/target_8.png
9,743,lattice,8,u,img/target_7.png
9,744,lattice,7,o,img/target_9.png
9,745,lattice,9,w,img/target_2.png
9,746,lattice,7,o,img/target_9.png
9,747,lattice,6,i,img/target_8.png
9,748,lattice,4,v,img/target_5.png
9,749,lattice,2,r,img/target_4.png
9,750,lattice,1,b,img/target_6.png
9,751,lattice,9,w,img/target_2.png
9,752,lattice,8,u,img/target_7.png
9,753,lattice,9,w,img/target_2.png
9,754,lattice,0,q,img/target_1.png
9,755,lattice,9,w,img/target_2.png
9,756,lattice,7,o,img/target_9.png
9,757,lattice,8,u,img/target_7.png
9,758,lattice,7,o,img/target_9.png
9,759,lattice,8,u,img/target_7.png
9,760,lattice,6,i,img/target_8.png
9,761,lattice,8,u,img/target_7.png
9,762,lattice,9,w,img/target_2.png
9,763,lattice,1,b,img/target_6.png
9,764,lattice,9,w,img/target_2.png
9,765,lattice,1,b,img/target_6.png
9,766,lattice,0,q,img/target_1.png
9,767,lattice,8,u,img/target_7.png
9,768,lattice,6,i,img/target_8.png
9,769,lattice,4,v,img/target_5.png
9,770,lattice,5,e,img/target_3.png
9,771,lattice,4,v,img/target_5.png
9,772,lattice,2,r,img/target_4.png
9,773,lattice,0,q,img/target_1.png
9,774,lattice,8,u,img/target_7.png
9,775,lattice,7,o,img/target_9.png
9,776,lattice,5,e,img/target_3.png
9,777,lattice,4,v,img/target_5.png
9,778,lattice,2,r,img/target_4.png
9,779,lattice,4,v,img/target_5.png
9,780,lattice,6,i,img/target_8.png
9,781,lattice,4,v,img/target_5.png
9,782,lattice,6,i,img/target_8.png
9,783,lattice,8,u,img/target_7.png
9,784,lattice,0,q,img/target_1.png
9,785,lattice,9,w,img/target_2.png
9,786,lattice,8,u,img/target_7.png
9,787,lattice,9,w,img/target_2.png
9,788,lattice,8,u,img/target_7.png
9,789,lattice,0,q,img/target_1.png
9,790,lattice,2,r,img/target_4.png
9,791,lattice,1,b,img/target_6.png
9,792,lattice,0,q,img/target_1.png
9,793,lattice,1,b,img/target_6.png
9,794,lattice,2,r,img/target_4.png
9,795,lattice,0,q,img/target_1.png
9,796,lattice,2,r,img/target_4.png
9,797,lattice,1,b,img/target_6.png
9,798,lattice,0,q,img/target_1.png
9,799,lattice,8,u,img/target_7.png
9,800,lattice,6,i,img/target_8.png
9,801,lattice,7,o,img/target_9.png
9,802,lattice,9,w,img/target_2.png
9,803,lattice,7,o,img/target_9.png
9,804,lattice,6,i,img/target_8.png
9,805,lattice,5,e,img/target_3.png
9,806,lattice,7,o,img/target_9.png
9,807,lattice,9,w,img/target_2.png
9,808,lattice,1,b,img/target_6.png
9,809,lattice,3,p,img/target_10.png
9,810,lattice,5,e,img/target_3.png
9,811,lattice,6,i,img/target_8.png
9,812,lattice,8,u,img/target_7.png
9,813,lattice,0,q,img/target_1.png
9,814,lattice,9,w,img/target_2.png
9,815,lattice,0,q,img/target_1.png
9,816,lattice,1,b,img/target_6.png
9,817,lattice,0,q,img/target_1.png
9,818,lattice,1,b,img/target_6.png
9,819,lattice,0,q,img/target_1.png
9,820,lattice,8,u,img/target_7.png
9,821,lattice,7,o,img/target_9.png
9,822,lattice,8,u,img/target_7.png
9,823,lattice,7,o,img/target_9.png
9,824,lattice,5,e,img/target_3.png
9,825,lattice,7,o,img/target_9.png
9,826,lattice,5,e,img/target_3.png
9,827,lattice,3,p,img/target_10.png
9,828,lattice,1,b,img/target_6.png
9,829,lattice,3,p,img/target_10.png
9,830,lattice,2,r,img/target_4.png
9,831,lattice,0,q,img/target_1.png
9,832,lattice,9,w,img/target_2.png
9,833,lattice,1,b,img/target_6.png
9,834,lattice,9,w,img/target_2.png
9,835,lattice,1,b,img/target_6.png
9,836,lattice,0,q,img/target_1.png
9,837,lattice,2,r,img/target_4.png
9,838,lattice,4,v,img/target_5.png
9,839,lattice,5,e,img/target_3.png
9,840,lattice,4,v,img/target_5.png
9,841,lattice,6,i,img/target_8.png
9,842,lattice,7,o,img/target_9.png
9,843,lattice,5,e,img/target_3.png
9,844,lattice,4,v,img/target_5.png
9,845,lattice,5,e,img/target_3.png
9,846,lattice,6,i,img/target_8.png
9,847,lattice,8,u,img/target_7.png
9,848,lattice,9,w,img/target_2.png
9,849,lattice,7,o,img/target_9.png
9,850,lattice,9,w,img/target_2.png
9,851,lattice,0,q,img/target_1.png
9,852,lattice,8,u,img/target_7.png
9,853,lattice,9,w,img/target_2.png
9,854,lattice,8,u,img/target_7.png
9,855,lattice,7,o,img/target_9.png
9,856,lattice,5,e,img/target_3.png
9,857,lattice,3,p,img/target_10.png
9,858,lattice,5,e,img/target_3.png
9,859,lattice,7,o,img/target_9.png
9,860,lattice,6,i,img/target_8.png
9,861,lattice,5,e,img/target_3.png
9,862,lattice,4,v,img/target_5.png
9,863,lattice,2,r,img/target_4.png
9,864,lattice,3,p,img/target_10.png
9,865,lattice,2,r,img/target_4.png
9,866,lattice,1,b,img/target_6.png
9,867,lattice,0,q,img/target_1.png
9,868,lattice,8,u,img/target_7.png
9,869,lattice,7,o,img/target_9.png
9,870,lattice,9,w,img/target_2.png
9,871,lattice,1,b,img/target_6.png
9,872,lattice,2,r,img/target_4.png
9,873,lattice,3,p,img/target_10.png
9,874,lattice,2,r,img/target_4.png
9,875,lattice,1,b,img/target_6.png
9,876,lattice,9,w,img/target_2.png
9,877,lattice,1,b,img/target_6.png
9,878,lattice,9,w,img/target_2.png
9,879,lattice,0,q,img/target_1.png
9,880,lattice,8,u,img/target_7.png
9,881,lattice,0,q,img/target_1.png
9,882,lattice,8,u,img/target_7.png
9,883,lattice,0,q,img/target_1.png
9,884,lattice,8,u,img/target_7.png
9,885,lattice,6,i,img/target_8.png
9,886,lattice,5,e,img/target_3.png
9,887,lattice,6,i,img/target_8.png
9,888,lattice,5,e,img/target_3.png
9,889,lattice,4,v,img/target_5.png
9,890,lattice,6,i,img/target_8.png
9,891,lattice,7,o,img/target_9.png
9,892,lattice,8,u,img/target_7.png
9,893,lattice,0,q,img/target_1.png
9,894,lattice,2,r,img/target_4.png
9,895,lattice,0,q,img/target_1.png
9,896,lattice,8,u,img/target_7.png
9,897,lattice,6,i,img/target_8.png
9,898,lattice,4,v,img/target_5.png
9,899,lattice,5,e,img/target_3.png
9,900,lattice,7,o,img/target_9.png
9,901,lattice,8,u,img/target_7.png
9,902,lattice,6,i,img/target_8.png
9,903,lattice,8,u,img/target_7.png
9,904,lattice,0,q,img/target_1.png
9,905,lattice,1,b,img/target_6.png
9,906,lattice,0,q,img/target_1.png
9,907,lattice,1,b,img/target_6.png
9,908,lattice,9,w,img/target_2.png
9,909,lattice,1,b,img/target_6.png
9,910,lattice,2,r,img/target_4.png
9,911,lattice,3,p,img/target_10.png
9,912,lattice,4,v,img/target_5.png
9,913,lattice,3,p,img/target_10.png
9,914,lattice,1,b,img/target_6.png
9,915,lattice,0,q,img/target_1.png
9,916,lattice,1,b,img/target_6.png
9,917,lattice,3,p,img/target_10.png
9,918,lattice,2,r,img/target_4.png
9,919,lattice,0,q,img/target_1.png
9,920,lattice,8,u,img/target_7.png
9,921,lattice,0,q,img/target_1.png
9,922,lattice,2,r,img/target_4.png
9,923,lattice,4,v,img/target_5.png
9,924,lattice,5,e,img/target_3.png
9,925,lattice,4,v,img/target_5.png
9,926,lattice,3,p,img/target_10.png
9,927,lattice,2,r,img/target_4.png
9,928,lattice,1,b,img/target_6.png
9,929,lattice,3,p,img/target_10.png
9,930,lattice,5,e,img/target_3.png
9,931,lattice,3,p,img/target_10.png
9,932,lattice,2,r,img/target_4.png
9,933,lattice,1,b,img/target_6.png
9,934,lattice,0,q,img/target_1.png
9,935,lattice,8,u,img/target_7.png
9,936,lattice,6,i,img/target_8.png
9,937,lattice,8,u,img/target_7.png
9,938,lattice,7,o,img/target_9.png
9,939,lattice,8,u,img/target_7.png
9,940,lattice,0,q,img/target_1.png
9,941,lattice,8,u,img/target_7.png
9,942,lattice,6,i,img/target_8.png
9,943,lattice,5,e,img/target_3.png
9,944,lattice,6,i,img/target_8.png
9,945,lattice,5,e,img/target_3.png
9,946,lattice,7,o,img/target_9.png
9,947,lattice,6,i,img/target_8.png
9,948,lattice,4,v,img/target_5.png
9,949,lattice,6,i,img/target_8.png
9,950,lattice,8,u,img/target_7.png
9,951,lattice,6,i,img/target_8.png
9,952,lattice,7,o,img/target_9.png
9,953,lattice,6,i,img/target_8.png
9,954,lattice,4,v,img/target_5.png
9,955,lattice,5,e,img/target_3.png
9,956,lattice,7,o,img/target_9.png
9,957,lattice,5,e,img/target_3.png
9,958,lattice,6,i,img/target_8.png
9,959,lattice,7,o,img/target_9.png
9,960,lattice,9,w,img/target_2.png
9,961,lattice,0,q,img/target_1.png
9,962,lattice,2,r,img/target_4.png
9,963,lattice,0,q,img/target_1.png
9,964,lattice,2,r,img/target_4.png
9,965,lattice,1,b,img/target_6.png
9,966,lattice,3,p,img/target_10.png
9,967,lattice,4,v,img/target_5.png
9,968,lattice,3,p,img/target_10.png
9,969,lattice,4,v,img/target_5.png
9,970,lattice,2,r,img/target_4.png
9,971,lattice,0,q,img/target_1.png
9,972,lattice,1,b,img/target_6.png
9,973,lattice,9,w,img/target_2.png
9,974,lattice,0,q,img/target_1.png
9,975,lattice,2,r,img/target_4.png
9,976,lattice,4,v,img/target_5.png
9,977,lattice,3,p,img/target_10.png
9,978,lattice,4,v,img/target_5.png
9,979,lattice,3,p,img/target_10.png
9,980,lattice,4,v,img/target_5.png
9,981,lattice,5,e,img/target_3.png
9,982,lattice,3,p,img/target_10.png
9,983,lattice,5,e,img/target_3.png
9,984,lattice,6,i,img/target_8.png
9,985,lattice,4,v,img/target_5.png
9,986,lattice,3,p,img/target_10.png
9,987,lattice,1,b,img/target_6.png
9,988,lattice,0,q,img/target_1.png
9,989,lattice,9,w,img/target_2.png
9,990,lattice,8,u,img/target_7.png
9,991,lattice,7,o,img/target_9.png
9,992,lattice,5,e,img/target_3.png
9,993,lattice,7,o,img/target_9.png
9,994,lattice,5,e,img/target_3.png
9,995,lattice,4,v,img/target_5.png
9,996,lattice,2,r,img/target_4.png
9,997,lattice,3,p,img/target_10.png
9,998,lattice,1,b,img/target_6.png
9,999,lattice,9,w,img/target_2.png
9,1000,lattice,0,q,img/target_1.png
