pID,trialNum,graph,walk,resp,path
36,1,modular,8,o,img/target_9.png
36,2,modular,7,p,img/target_10.png
36,3,modular,8,o,img/target_9.png
36,4,modular,9,u,img/target_7.png
36,5,modular,8,o,img/target_9.png
36,6,modular,7,p,img/target_10.png
36,7,modular,8,o,img/target_9.png
36,8,modular,9,u,img/target_7.png
36,9,modular,8,o,img/target_9.png
36,10,modular,5,q,img/target_1.png
36,11,modular,7,p,img/target_10.png
36,12,modular,5,q,img/target_1.png
36,13,modular,7,p,img/target_10.png
36,14,modular,9,u,img/target_7.png
36,15,modular,6,w,img/target_2.png
36,16,modular,9,u,img/target_7.png
36,17,modular,0,b,img/target_6.png
36,18,modular,9,u,img/target_7.png
36,19,modular,7,p,img/target_10.png
36,20,modular,9,u,img/target_7.png
36,21,modular,0,b,img/target_6.png
36,22,modular,9,u,img/target_7.png
36,23,modular,8,o,img/target_9.png
36,24,modular,6,w,img/target_2.png
36,25,modular,5,q,img/target_1.png
36,26,modular,4,v,img/target_5.png
36,27,modular,3,e,img/target_3.png
36,28,modular,0,b,img/target_6.png
36,29,modular,9,u,img/target_7.png
36,30,modular,6,w,img/target_2.png
36,31,modular,9,u,img/target_7.png
36,32,modular,6,w,img/target_2.png
36,33,modular,9,u,img/target_7.png
36,34,modular,8,o,img/target_9.png
36,35,modular,7,p,img/target_10.png
36,36,modular,5,q,img/target_1.png
36,37,modular,6,w,img/target_2.png
36,38,modular,9,u,img/target_7.png
36,39,modular,8,o,img/target_9.png
36,40,modular,6,w,img/target_2.png
36,41,modular,7,p,img/target_10.png
36,42,modular,9,u,img/target_7.png
36,43,modular,8,o,img/target_9.png
36,44,modular,7,p,img/target_10.png
36,45,modular,9,u,img/target_7.png
36,46,modular,0,b,img/target_6.png
36,47,modular,3,e,img/target_3.png
36,48,modular,0,b,img/target_6.png
36,49,modular,3,e,img/target_3.png
36,50,modular,0,b,img/target_6.png
36,51,modular,2,r,img/target_4.png
36,52,modular,3,e,img/target_3.png
36,53,modular,1,i,img/target_8.png
36,54,modular,4,v,img/target_5.png
36,55,modular,2,r,img/target_4.png
36,56,modular,0,b,img/target_6.png
36,57,modular,3,e,img/target_3.png
36,58,modular,0,b,img/target_6.png
36,59,modular,9,u,img/target_7.png
36,60,modular,7,p,img/target_10.png
36,61,modular,8,o,img/target_9.png
36,62,modular,6,w,img/target_2.png
36,63,modular,7,p,img/target_10.png
36,64,modular,9,u,img/target_7.png
36,65,modular,8,o,img/target_9.png
36,66,modular,7,p,img/target_10.png
36,67,modular,9,u,img/target_7.png
36,68,modular,8,o,img/target_9.png
36,69,modular,5,q,img/target_1.png
36,70,modular,8,o,img/target_9.png
36,71,modular,6,w,img/target_2.png
36,72,modular,9,u,img/target_7.png
36,73,modular,8,o,img/target_9.png
36,74,modular,9,u,img/target_7.png
36,75,modular,6,w,img/target_2.png
36,76,modular,9,u,img/target_7.png
36,77,modular,6,w,img/target_2.png
36,78,modular,7,p,img/target_10.png
36,79,modular,9,u,img/target_7.png
36,80,modular,7,p,img/target_10.png
36,81,modular,5,q,img/target_1.png
36,82,modular,4,v,img/target_5.png
36,83,modular,2,r,img/target_4.png
36,84,modular,3,e,img/target_3.png
36,85,modular,4,v,img/target_5.png
36,86,modular,1,i,img/target_8.png
36,87,modular,3,e,img/target_3.png
36,88,modular,2,r,img/target_4.png
36,89,modular,0,b,img/target_6.png
36,90,modular,1,i,img/target_8.png
36,91,modular,2,r,img/target_4.png
36,92,modular,4,v,img/target_5.png
36,93,modular,3,e,img/target_3.png
36,94,modular,1,i,img/target_8.png
36,95,modular,3,e,img/target_3.png
36,96,modular,0,b,img/target_6.png
36,97,modular,1,i,img/target_8.png
36,98,modular,4,v,img/target_5.png
36,99,modular,1,i,img/target_8.png
36,100,modular,0,b,img/target_6.png
36,101,modular,9,u,img/target_7.png
36,102,modular,0,b,img/target_6.png
36,103,modular,9,u,img/target_7.png
36,104,modular,6,w,img/target_2.png
36,105,modular,5,q,img/target_1.png
36,106,modular,4,v,img/target_5.png
36,107,modular,3,e,img/target_3.png
36,108,modular,0,b,img/target_6.png
36,109,modular,2,r,img/target_4.png
36,110,modular,3,e,img/target_3.png
36,111,modular,0,b,img/target_6.png
36,112,modular,1,i,img/target_8.png
36,113,modular,4,v,img/target_5.png
36,114,modular,1,i,img/target_8.png
36,115,modular,4,v,img/target_5.png
36,116,modular,2,r,img/target_4.png
36,117,modular,4,v,img/target_5.png
36,118,modular,2,r,img/target_4.png
36,119,modular,0,b,img/target_6.png
36,120,modular,3,e,img/target_3.png
36,121,modular,1,i,img/target_8.png
36,122,modular,4,v,img/target_5.png
36,123,modular,1,i,img/target_8.png
36,124,modular,0,b,img/target_6.png
36,125,modular,1,i,img/target_8.png
36,126,modular,3,e,img/target_3.png
36,127,modular,4,v,img/target_5.png
36,128,modular,1,i,img/target_8.png
36,129,modular,4,v,img/target_5.png
36,130,modular,5,q,img/target_1.png
36,131,modular,7,p,img/target_10.png
36,132,modular,8,o,img/target_9.png
36,133,modular,9,u,img/target_7.png
36,134,modular,7,p,img/target_10.png
36,135,modular,9,u,img/target_7.png
36,136,modular,6,w,img/target_2.png
36,137,modular,7,p,img/target_10.png
36,138,modular,8,o,img/target_9.png
36,139,modular,9,u,img/target_7.png
36,140,modular,6,w,img/target_2.png
36,141,modular,5,q,img/target_1.png
36,142,modular,6,w,img/target_2.png
36,143,modular,5,q,img/target_1.png
36,144,modular,8,o,img/target_9.png
36,145,modular,5,q,img/target_1.png
36,146,modular,7,p,img/target_10.png
36,147,modular,9,u,img/target_7.png
36,148,modular,6,w,img/target_2.png
36,149,modular,9,u,img/target_7.png
36,150,modular,0,b,img/target_6.png
36,151,modular,3,e,img/target_3.png
36,152,modular,1,i,img/target_8.png
36,153,modular,2,r,img/target_4.png
36,154,modular,4,v,img/target_5.png
36,155,modular,2,r,img/target_4.png
36,156,modular,1,i,img/target_8.png
36,157,modular,2,r,img/target_4.png
36,158,modular,4,v,img/target_5.png
36,159,modular,5,q,img/target_1.png
36,160,modular,8,o,img/target_9.png
36,161,modular,5,q,img/target_1.png
36,162,modular,6,w,img/target_2.png
36,163,modular,5,q,img/target_1.png
36,164,modular,6,w,img/target_2.png
36,165,modular,7,p,img/target_10.png
36,166,modular,8,o,img/target_9.png
36,167,modular,5,q,img/target_1.png
36,168,modular,8,o,img/target_9.png
36,169,modular,5,q,img/target_1.png
36,170,modular,7,p,img/target_10.png
36,171,modular,9,u,img/target_7.png
36,172,modular,7,p,img/target_10.png
36,173,modular,6,w,img/target_2.png
36,174,modular,7,p,img/target_10.png
36,175,modular,5,q,img/target_1.png
36,176,modular,7,p,img/target_10.png
36,177,modular,9,u,img/target_7.png
36,178,modular,8,o,img/target_9.png
36,179,modular,9,u,img/target_7.png
36,180,modular,0,b,img/target_6.png
36,181,modular,2,r,img/target_4.png
36,182,modular,0,b,img/target_6.png
36,183,modular,9,u,img/target_7.png
36,184,modular,6,w,img/target_2.png
36,185,modular,5,q,img/target_1.png
36,186,modular,8,o,img/target_9.png
36,187,modular,7,p,img/target_10.png
36,188,modular,5,q,img/target_1.png
36,189,modular,8,o,img/target_9.png
36,190,modular,6,w,img/target_2.png
36,191,modular,8,o,img/target_9.png
36,192,modular,5,q,img/target_1.png
36,193,modular,8,o,img/target_9.png
36,194,modular,7,p,img/target_10.png
36,195,modular,6,w,img/target_2.png
36,196,modular,9,u,img/target_7.png
36,197,modular,0,b,img/target_6.png
36,198,modular,1,i,img/target_8.png
36,199,modular,0,b,img/target_6.png
36,200,modular,1,i,img/target_8.png
36,201,modular,4,v,img/target_5.png
36,202,modular,2,r,img/target_4.png
36,203,modular,4,v,img/target_5.png
36,204,modular,5,q,img/target_1.png
36,205,modular,8,o,img/target_9.png
36,206,modular,6,w,img/target_2.png
36,207,modular,9,u,img/target_7.png
36,208,modular,8,o,img/target_9.png
36,209,modular,7,p,img/target_10.png
36,210,modular,9,u,img/target_7.png
36,211,modular,7,p,img/target_10.png
36,212,modular,6,w,img/target_2.png
36,213,modular,8,o,img/target_9.png
36,214,modular,5,q,img/target_1.png
36,215,modular,8,o,img/target_9.png
36,216,modular,6,w,img/target_2.png
36,217,modular,5,q,img/target_1.png
36,218,modular,7,p,img/target_10.png
36,219,modular,6,w,img/target_2.png
36,220,modular,8,o,img/target_9.png
36,221,modular,5,q,img/target_1.png
36,222,modular,6,w,img/target_2.png
36,223,modular,7,p,img/target_10.png
36,224,modular,9,u,img/target_7.png
36,225,modular,8,o,img/target_9.png
36,226,modular,7,p,img/target_10.png
36,227,modular,5,q,img/target_1.png
36,228,modular,4,v,img/target_5.png
36,229,modular,1,i,img/target_8.png
36,230,modular,4,v,img/target_5.png
36,231,modular,3,e,img/target_3.png
36,232,modular,1,i,img/target_8.png
36,233,modular,2,r,img/target_4.png
36,234,modular,1,i,img/target_8.png
36,235,modular,4,v,img/target_5.png
36,236,modular,1,i,img/target_8.png
36,237,modular,3,e,img/target_3.png
36,238,modular,2,r,img/target_4.png
36,239,modular,0,b,img/target_6.png
36,240,modular,9,u,img/target_7.png
36,241,modular,0,b,img/target_6.png
36,242,modular,1,i,img/target_8.png
36,243,modular,0,b,img/target_6.png
36,244,modular,2,r,img/target_4.png
36,245,modular,3,e,img/target_3.png
36,246,modular,4,v,img/target_5.png
36,247,modular,1,i,img/target_8.png
36,248,modular,4,v,img/target_5.png
36,249,modular,5,q,img/target_1.png
36,250,modular,8,o,img/target_9.png
36,251,modular,7,p,img/target_10.png
36,252,modular,8,o,img/target_9.png
36,253,modular,5,q,img/target_1.png
36,254,modular,7,p,img/target_10.png
36,255,modular,9,u,img/target_7.png
36,256,modular,0,b,img/target_6.png
36,257,modular,1,i,img/target_8.png
36,258,modular,4,v,img/target_5.png
36,259,modular,1,i,img/target_8.png
36,260,modular,2,r,img/target_4.png
36,261,modular,4,v,img/target_5.png
36,262,modular,2,r,img/target_4.png
36,263,modular,3,e,img/target_3.png
36,264,modular,4,v,img/target_5.png
36,265,modular,5,q,img/target_1.png
36,266,modular,7,p,img/target_10.png
36,267,modular,5,q,img/target_1.png
36,268,modular,8,o,img/target_9.png
36,269,modular,9,u,img/target_7.png
36,270,modular,7,p,img/target_10.png
36,271,modular,9,u,img/target_7.png
36,272,modular,7,p,img/target_10.png
36,273,modular,6,w,img/target_2.png
36,274,modular,9,u,img/target_7.png
36,275,modular,6,w,img/target_2.png
36,276,modular,8,o,img/target_9.png
36,277,modular,9,u,img/target_7.png
36,278,modular,6,w,img/target_2.png
36,279,modular,8,o,img/target_9.png
36,280,modular,9,u,img/target_7.png
36,281,modular,8,o,img/target_9.png
36,282,modular,5,q,img/target_1.png
36,283,modular,4,v,img/target_5.png
36,284,modular,3,e,img/target_3.png
36,285,modular,4,v,img/target_5.png
36,286,modular,3,e,img/target_3.png
36,287,modular,2,r,img/target_4.png
36,288,modular,4,v,img/target_5.png
36,289,modular,2,r,img/target_4.png
36,290,modular,3,e,img/target_3.png
36,291,modular,2,r,img/target_4.png
36,292,modular,3,e,img/target_3.png
36,293,modular,4,v,img/target_5.png
36,294,modular,3,e,img/target_3.png
36,295,modular,2,r,img/target_4.png
36,296,modular,1,i,img/target_8.png
36,297,modular,2,r,img/target_4.png
36,298,modular,0,b,img/target_6.png
36,299,modular,2,r,img/target_4.png
36,300,modular,3,e,img/target_3.png
36,301,modular,2,r,img/target_4.png
36,302,modular,0,b,img/target_6.png
36,303,modular,3,e,img/target_3.png
36,304,modular,2,r,img/target_4.png
36,305,modular,1,i,img/target_8.png
36,306,modular,4,v,img/target_5.png
36,307,modular,2,r,img/target_4.png
36,308,modular,3,e,img/target_3.png
36,309,modular,4,v,img/target_5.png
36,310,modular,2,r,img/target_4.png
36,311,modular,3,e,img/target_3.png
36,312,modular,2,r,img/target_4.png
36,313,modular,3,e,img/target_3.png
36,314,modular,1,i,img/target_8.png
36,315,modular,0,b,img/target_6.png
36,316,modular,3,e,img/target_3.png
36,317,modular,2,r,img/target_4.png
36,318,modular,4,v,img/target_5.png
36,319,modular,5,q,img/target_1.png
36,320,modular,4,v,img/target_5.png
36,321,modular,5,q,img/target_1.png
36,322,modular,6,w,img/target_2.png
36,323,modular,9,u,img/target_7.png
36,324,modular,6,w,img/target_2.png
36,325,modular,5,q,img/target_1.png
36,326,modular,4,v,img/target_5.png
36,327,modular,5,q,img/target_1.png
36,328,modular,8,o,img/target_9.png
36,329,modular,9,u,img/target_7.png
36,330,modular,0,b,img/target_6.png
36,331,modular,9,u,img/target_7.png
36,332,modular,6,w,img/target_2.png
36,333,modular,5,q,img/target_1.png
36,334,modular,8,o,img/target_9.png
36,335,modular,5,q,img/target_1.png
36,336,modular,4,v,img/target_5.png
36,337,modular,3,e,img/target_3.png
36,338,modular,2,r,img/target_4.png
36,339,modular,1,i,img/target_8.png
36,340,modular,4,v,img/target_5.png
36,341,modular,3,e,img/target_3.png
36,342,modular,4,v,img/target_5.png
36,343,modular,5,q,img/target_1.png
36,344,modular,6,w,img/target_2.png
36,345,modular,5,q,img/target_1.png
36,346,modular,4,v,img/target_5.png
36,347,modular,5,q,img/target_1.png
36,348,modular,8,o,img/target_9.png
36,349,modular,9,u,img/target_7.png
36,350,modular,7,p,img/target_10.png
36,351,modular,8,o,img/target_9.png
36,352,modular,6,w,img/target_2.png
36,353,modular,8,o,img/target_9.png
36,354,modular,5,q,img/target_1.png
36,355,modular,4,v,img/target_5.png
36,356,modular,5,q,img/target_1.png
36,357,modular,4,v,img/target_5.png
36,358,modular,3,e,img/target_3.png
36,359,modular,1,i,img/target_8.png
36,360,modular,3,e,img/target_3.png
36,361,modular,4,v,img/target_5.png
36,362,modular,2,r,img/target_4.png
36,363,modular,3,e,img/target_3.png
36,364,modular,4,v,img/target_5.png
36,365,modular,3,e,img/target_3.png
36,366,modular,0,b,img/target_6.png
36,367,modular,9,u,img/target_7.png
36,368,modular,0,b,img/target_6.png
36,369,modular,2,r,img/target_4.png
36,370,modular,3,e,img/target_3.png
36,371,modular,0,b,img/target_6.png
36,372,modular,9,u,img/target_7.png
36,373,modular,0,b,img/target_6.png
36,374,modular,1,i,img/target_8.png
36,375,modular,2,r,img/target_4.png
36,376,modular,3,e,img/target_3.png
36,377,modular,4,v,img/target_5.png
36,378,modular,5,q,img/target_1.png
36,379,modular,7,p,img/target_10.png
36,380,modular,5,q,img/target_1.png
36,381,modular,7,p,img/target_10.png
36,382,modular,8,o,img/target_9.png
36,383,modular,9,u,img/target_7.png
36,384,modular,6,w,img/target_2.png
36,385,modular,7,p,img/target_10.png
36,386,modular,9,u,img/target_7.png
36,387,modular,0,b,img/target_6.png
36,388,modular,3,e,img/target_3.png
36,389,modular,1,i,img/target_8.png
36,390,modular,4,v,img/target_5.png
36,391,modular,2,r,img/target_4.png
36,392,modular,4,v,img/target_5.png
36,393,modular,2,r,img/target_4.png
36,394,modular,3,e,img/target_3.png
36,395,modular,2,r,img/target_4.png
36,396,modular,4,v,img/target_5.png
36,397,modular,1,i,img/target_8.png
36,398,modular,3,e,img/target_3.png
36,399,modular,4,v,img/target_5.png
36,400,modular,5,q,img/target_1.png
36,401,modular,4,v,img/target_5.png
36,402,modular,1,i,img/target_8.png
36,403,modular,3,e,img/target_3.png
36,404,modular,1,i,img/target_8.png
36,405,modular,3,e,img/target_3.png
36,406,modular,1,i,img/target_8.png
36,407,modular,0,b,img/target_6.png
36,408,modular,1,i,img/target_8.png
36,409,modular,4,v,img/target_5.png
36,410,modular,1,i,img/target_8.png
36,411,modular,3,e,img/target_3.png
36,412,modular,0,b,img/target_6.png
36,413,modular,3,e,img/target_3.png
36,414,modular,0,b,img/target_6.png
36,415,modular,2,r,img/target_4.png
36,416,modular,4,v,img/target_5.png
36,417,modular,3,e,img/target_3.png
36,418,modular,4,v,img/target_5.png
36,419,modular,2,r,img/target_4.png
36,420,modular,3,e,img/target_3.png
36,421,modular,2,r,img/target_4.png
36,422,modular,0,b,img/target_6.png
36,423,modular,2,r,img/target_4.png
36,424,modular,1,i,img/target_8.png
36,425,modular,0,b,img/target_6.png
36,426,modular,1,i,img/target_8.png
36,427,modular,0,b,img/target_6.png
36,428,modular,2,r,img/target_4.png
36,429,modular,1,i,img/target_8.png
36,430,modular,4,v,img/target_5.png
36,431,modular,1,i,img/target_8.png
36,432,modular,2,r,img/target_4.png
36,433,modular,4,v,img/target_5.png
36,434,modular,1,i,img/target_8.png
36,435,modular,0,b,img/target_6.png
36,436,modular,3,e,img/target_3.png
36,437,modular,2,r,img/target_4.png
36,438,modular,1,i,img/target_8.png
36,439,modular,0,b,img/target_6.png
36,440,modular,2,r,img/target_4.png
36,441,modular,4,v,img/target_5.png
36,442,modular,2,r,img/target_4.png
36,443,modular,3,e,img/target_3.png
36,444,modular,4,v,img/target_5.png
36,445,modular,3,e,img/target_3.png
36,446,modular,1,i,img/target_8.png
36,447,modular,0,b,img/target_6.png
36,448,modular,2,r,img/target_4.png
36,449,modular,4,v,img/target_5.png
36,450,modular,1,i,img/target_8.png
36,451,modular,4,v,img/target_5.png
36,452,modular,5,q,img/target_1.png
36,453,modular,7,p,img/target_10.png
36,454,modular,9,u,img/target_7.png
36,455,modular,7,p,img/target_10.png
36,456,modular,5,q,img/target_1.png
36,457,modular,8,o,img/target_9.png
36,458,modular,6,w,img/target_2.png
36,459,modular,7,p,img/target_10.png
36,460,modular,5,q,img/target_1.png
36,461,modular,8,o,img/target_9.png
36,462,modular,7,p,img/target_10.png
36,463,modular,9,u,img/target_7.png
36,464,modular,8,o,img/target_9.png
36,465,modular,7,p,img/target_10.png
36,466,modular,8,o,img/target_9.png
36,467,modular,6,w,img/target_2.png
36,468,modular,8,o,img/target_9.png
36,469,modular,5,q,img/target_1.png
36,470,modular,8,o,img/target_9.png
36,471,modular,5,q,img/target_1.png
36,472,modular,4,v,img/target_5.png
36,473,modular,3,e,img/target_3.png
36,474,modular,4,v,img/target_5.png
36,475,modular,5,q,img/target_1.png
36,476,modular,8,o,img/target_9.png
36,477,modular,7,p,img/target_10.png
36,478,modular,5,q,img/target_1.png
36,479,modular,4,v,img/target_5.png
36,480,modular,3,e,img/target_3.png
36,481,modular,0,b,img/target_6.png
36,482,modular,1,i,img/target_8.png
36,483,modular,2,r,img/target_4.png
36,484,modular,1,i,img/target_8.png
36,485,modular,3,e,img/target_3.png
36,486,modular,2,r,img/target_4.png
36,487,modular,3,e,img/target_3.png
36,488,modular,4,v,img/target_5.png
36,489,modular,2,r,img/target_4.png
36,490,modular,4,v,img/target_5.png
36,491,modular,5,q,img/target_1.png
36,492,modular,8,o,img/target_9.png
36,493,modular,5,q,img/target_1.png
36,494,modular,7,p,img/target_10.png
36,495,modular,6,w,img/target_2.png
36,496,modular,7,p,img/target_10.png
36,497,modular,9,u,img/target_7.png
36,498,modular,0,b,img/target_6.png
36,499,modular,2,r,img/target_4.png
36,500,modular,0,b,img/target_6.png
36,501,modular,3,e,img/target_3.png
36,502,modular,4,v,img/target_5.png
36,503,modular,3,e,img/target_3.png
36,504,modular,2,r,img/target_4.png
36,505,modular,4,v,img/target_5.png
36,506,modular,5,q,img/target_1.png
36,507,modular,4,v,img/target_5.png
36,508,modular,5,q,img/target_1.png
36,509,modular,7,p,img/target_10.png
36,510,modular,5,q,img/target_1.png
36,511,modular,8,o,img/target_9.png
36,512,modular,5,q,img/target_1.png
36,513,modular,6,w,img/target_2.png
36,514,modular,7,p,img/target_10.png
36,515,modular,9,u,img/target_7.png
36,516,modular,0,b,img/target_6.png
36,517,modular,9,u,img/target_7.png
36,518,modular,0,b,img/target_6.png
36,519,modular,3,e,img/target_3.png
36,520,modular,2,r,img/target_4.png
36,521,modular,3,e,img/target_3.png
36,522,modular,4,v,img/target_5.png
36,523,modular,1,i,img/target_8.png
36,524,modular,4,v,img/target_5.png
36,525,modular,2,r,img/target_4.png
36,526,modular,1,i,img/target_8.png
36,527,modular,4,v,img/target_5.png
36,528,modular,3,e,img/target_3.png
36,529,modular,2,r,img/target_4.png
36,530,modular,4,v,img/target_5.png
36,531,modular,3,e,img/target_3.png
36,532,modular,2,r,img/target_4.png
36,533,modular,3,e,img/target_3.png
36,534,modular,4,v,img/target_5.png
36,535,modular,2,r,img/target_4.png
36,536,modular,3,e,img/target_3.png
36,537,modular,0,b,img/target_6.png
36,538,modular,1,i,img/target_8.png
36,539,modular,4,v,img/target_5.png
36,540,modular,1,i,img/target_8.png
36,541,modular,0,b,img/target_6.png
36,542,modular,9,u,img/target_7.png
36,543,modular,0,b,img/target_6.png
36,544,modular,9,u,img/target_7.png
36,545,modular,6,w,img/target_2.png
36,546,modular,8,o,img/target_9.png
36,547,modular,5,q,img/target_1.png
36,548,modular,6,w,img/target_2.png
36,549,modular,8,o,img/target_9.png
36,550,modular,6,w,img/target_2.png
36,551,modular,5,q,img/target_1.png
36,552,modular,8,o,img/target_9.png
36,553,modular,7,p,img/target_10.png
36,554,modular,5,q,img/target_1.png
36,555,modular,4,v,img/target_5.png
36,556,modular,3,e,img/target_3.png
36,557,modular,4,v,img/target_5.png
36,558,modular,3,e,img/target_3.png
36,559,modular,1,i,img/target_8.png
36,560,modular,4,v,img/target_5.png
36,561,modular,5,q,img/target_1.png
36,562,modular,6,w,img/target_2.png
36,563,modular,9,u,img/target_7.png
36,564,modular,6,w,img/target_2.png
36,565,modular,7,p,img/target_10.png
36,566,modular,5,q,img/target_1.png
36,567,modular,7,p,img/target_10.png
36,568,modular,9,u,img/target_7.png
36,569,modular,8,o,img/target_9.png
36,570,modular,7,p,img/target_10.png
36,571,modular,8,o,img/target_9.png
36,572,modular,7,p,img/target_10.png
36,573,modular,8,o,img/target_9.png
36,574,modular,9,u,img/target_7.png
36,575,modular,8,o,img/target_9.png
36,576,modular,6,w,img/target_2.png
36,577,modular,8,o,img/target_9.png
36,578,modular,5,q,img/target_1.png
36,579,modular,8,o,img/target_9.png
36,580,modular,6,w,img/target_2.png
36,581,modular,8,o,img/target_9.png
36,582,modular,5,q,img/target_1.png
36,583,modular,7,p,img/target_10.png
36,584,modular,6,w,img/target_2.png
36,585,modular,7,p,img/target_10.png
36,586,modular,6,w,img/target_2.png
36,587,modular,7,p,img/target_10.png
36,588,modular,5,q,img/target_1.png
36,589,modular,7,p,img/target_10.png
36,590,modular,9,u,img/target_7.png
36,591,modular,0,b,img/target_6.png
36,592,modular,3,e,img/target_3.png
36,593,modular,2,r,img/target_4.png
36,594,modular,4,v,img/target_5.png
36,595,modular,3,e,img/target_3.png
36,596,modular,4,v,img/target_5.png
36,597,modular,3,e,img/target_3.png
36,598,modular,0,b,img/target_6.png
36,599,modular,3,e,img/target_3.png
36,600,modular,2,r,img/target_4.png
36,601,modular,3,e,img/target_3.png
36,602,modular,1,i,img/target_8.png
36,603,modular,4,v,img/target_5.png
36,604,modular,5,q,img/target_1.png
36,605,modular,4,v,img/target_5.png
36,606,modular,2,r,img/target_4.png
36,607,modular,1,i,img/target_8.png
36,608,modular,4,v,img/target_5.png
36,609,modular,3,e,img/target_3.png
36,610,modular,2,r,img/target_4.png
36,611,modular,1,i,img/target_8.png
36,612,modular,4,v,img/target_5.png
36,613,modular,1,i,img/target_8.png
36,614,modular,0,b,img/target_6.png
36,615,modular,3,e,img/target_3.png
36,616,modular,2,r,img/target_4.png
36,617,modular,1,i,img/target_8.png
36,618,modular,0,b,img/target_6.png
36,619,modular,1,i,img/target_8.png
36,620,modular,3,e,img/target_3.png
36,621,modular,1,i,img/target_8.png
36,622,modular,4,v,img/target_5.png
36,623,modular,3,e,img/target_3.png
36,624,modular,4,v,img/target_5.png
36,625,modular,1,i,img/target_8.png
36,626,modular,2,r,img/target_4.png
36,627,modular,3,e,img/target_3.png
36,628,modular,4,v,img/target_5.png
36,629,modular,5,q,img/target_1.png
36,630,modular,8,o,img/target_9.png
36,631,modular,6,w,img/target_2.png
36,632,modular,8,o,img/target_9.png
36,633,modular,5,q,img/target_1.png
36,634,modular,7,p,img/target_10.png
36,635,modular,9,u,img/target_7.png
36,636,modular,8,o,img/target_9.png
36,637,modular,5,q,img/target_1.png
36,638,modular,4,v,img/target_5.png
36,639,modular,1,i,img/target_8.png
36,640,modular,0,b,img/target_6.png
36,641,modular,9,u,img/target_7.png
36,642,modular,6,w,img/target_2.png
36,643,modular,9,u,img/target_7.png
36,644,modular,6,w,img/target_2.png
36,645,modular,9,u,img/target_7.png
36,646,modular,0,b,img/target_6.png
36,647,modular,9,u,img/target_7.png
36,648,modular,7,p,img/target_10.png
36,649,modular,5,q,img/target_1.png
36,650,modular,7,p,img/target_10.png
36,651,modular,9,u,img/target_7.png
36,652,modular,8,o,img/target_9.png
36,653,modular,9,u,img/target_7.png
36,654,modular,6,w,img/target_2.png
36,655,modular,5,q,img/target_1.png
36,656,modular,6,w,img/target_2.png
36,657,modular,5,q,img/target_1.png
36,658,modular,8,o,img/target_9.png
36,659,modular,6,w,img/target_2.png
36,660,modular,5,q,img/target_1.png
36,661,modular,6,w,img/target_2.png
36,662,modular,8,o,img/target_9.png
36,663,modular,9,u,img/target_7.png
36,664,modular,8,o,img/target_9.png
36,665,modular,6,w,img/target_2.png
36,666,modular,9,u,img/target_7.png
36,667,modular,6,w,img/target_2.png
36,668,modular,9,u,img/target_7.png
36,669,modular,6,w,img/target_2.png
36,670,modular,8,o,img/target_9.png
36,671,modular,6,w,img/target_2.png
36,672,modular,5,q,img/target_1.png
36,673,modular,7,p,img/target_10.png
36,674,modular,5,q,img/target_1.png
36,675,modular,4,v,img/target_5.png
36,676,modular,1,i,img/target_8.png
36,677,modular,3,e,img/target_3.png
36,678,modular,1,i,img/target_8.png
36,679,modular,4,v,img/target_5.png
36,680,modular,3,e,img/target_3.png
36,681,modular,4,v,img/target_5.png
36,682,modular,2,r,img/target_4.png
36,683,modular,1,i,img/target_8.png
36,684,modular,4,v,img/target_5.png
36,685,modular,2,r,img/target_4.png
36,686,modular,1,i,img/target_8.png
36,687,modular,0,b,img/target_6.png
36,688,modular,9,u,img/target_7.png
36,689,modular,6,w,img/target_2.png
36,690,modular,7,p,img/target_10.png
36,691,modular,6,w,img/target_2.png
36,692,modular,7,p,img/target_10.png
36,693,modular,6,w,img/target_2.png
36,694,modular,5,q,img/target_1.png
36,695,modular,7,p,img/target_10.png
36,696,modular,5,q,img/target_1.png
36,697,modular,4,v,img/target_5.png
36,698,modular,2,r,img/target_4.png
36,699,modular,1,i,img/target_8.png
36,700,modular,0,b,img/target_6.png
36,701,modular,3,e,img/target_3.png
36,702,modular,4,v,img/target_5.png
36,703,modular,5,q,img/target_1.png
36,704,modular,8,o,img/target_9.png
36,705,modular,5,q,img/target_1.png
36,706,modular,6,w,img/target_2.png
36,707,modular,7,p,img/target_10.png
36,708,modular,6,w,img/target_2.png
36,709,modular,9,u,img/target_7.png
36,710,modular,7,p,img/target_10.png
36,711,modular,5,q,img/target_1.png
36,712,modular,4,v,img/target_5.png
36,713,modular,1,i,img/target_8.png
36,714,modular,2,r,img/target_4.png
36,715,modular,4,v,img/target_5.png
36,716,modular,3,e,img/target_3.png
36,717,modular,2,r,img/target_4.png
36,718,modular,3,e,img/target_3.png
36,719,modular,0,b,img/target_6.png
36,720,modular,1,i,img/target_8.png
36,721,modular,4,v,img/target_5.png
36,722,modular,2,r,img/target_4.png
36,723,modular,1,i,img/target_8.png
36,724,modular,4,v,img/target_5.png
36,725,modular,1,i,img/target_8.png
36,726,modular,0,b,img/target_6.png
36,727,modular,1,i,img/target_8.png
36,728,modular,3,e,img/target_3.png
36,729,modular,4,v,img/target_5.png
36,730,modular,2,r,img/target_4.png
36,731,modular,0,b,img/target_6.png
36,732,modular,3,e,img/target_3.png
36,733,modular,4,v,img/target_5.png
36,734,modular,3,e,img/target_3.png
36,735,modular,2,r,img/target_4.png
36,736,modular,0,b,img/target_6.png
36,737,modular,9,u,img/target_7.png
36,738,modular,0,b,img/target_6.png
36,739,modular,1,i,img/target_8.png
36,740,modular,0,b,img/target_6.png
36,741,modular,1,i,img/target_8.png
36,742,modular,3,e,img/target_3.png
36,743,modular,1,i,img/target_8.png
36,744,modular,4,v,img/target_5.png
36,745,modular,1,i,img/target_8.png
36,746,modular,3,e,img/target_3.png
36,747,modular,2,r,img/target_4.png
36,748,modular,1,i,img/target_8.png
36,749,modular,3,e,img/target_3.png
36,750,modular,0,b,img/target_6.png
36,751,modular,3,e,img/target_3.png
36,752,modular,0,b,img/target_6.png
36,753,modular,2,r,img/target_4.png
36,754,modular,3,e,img/target_3.png
36,755,modular,2,r,img/target_4.png
36,756,modular,4,v,img/target_5.png
36,757,modular,1,i,img/target_8.png
36,758,modular,2,r,img/target_4.png
36,759,modular,1,i,img/target_8.png
36,760,modular,3,e,img/target_3.png
36,761,modular,4,v,img/target_5.png
36,762,modular,1,i,img/target_8.png
36,763,modular,0,b,img/target_6.png
36,764,modular,1,i,img/target_8.png
36,765,modular,0,b,img/target_6.png
36,766,modular,2,r,img/target_4.png
36,767,modular,1,i,img/target_8.png
36,768,modular,4,v,img/target_5.png
36,769,modular,1,i,img/target_8.png
36,770,modular,4,v,img/target_5.png
36,771,modular,5,q,img/target_1.png
36,772,modular,4,v,img/target_5.png
36,773,modular,3,e,img/target_3.png
36,774,modular,2,r,img/target_4.png
36,775,modular,1,i,img/target_8.png
36,776,modular,4,v,img/target_5.png
36,777,modular,1,i,img/target_8.png
36,778,modular,3,e,img/target_3.png
36,779,modular,0,b,img/target_6.png
36,780,modular,2,r,img/target_4.png
36,781,modular,0,b,img/target_6.png
36,782,modular,3,e,img/target_3.png
36,783,modular,2,r,img/target_4.png
36,784,modular,0,b,img/target_6.png
36,785,modular,9,u,img/target_7.png
36,786,modular,7,p,img/target_10.png
36,787,modular,8,o,img/target_9.png
36,788,modular,9,u,img/target_7.png
36,789,modular,0,b,img/target_6.png
36,790,modular,2,r,img/target_4.png
36,791,modular,3,e,img/target_3.png
36,792,modular,2,r,img/target_4.png
36,793,modular,0,b,img/target_6.png
36,794,modular,3,e,img/target_3.png
36,795,modular,4,v,img/target_5.png
36,796,modular,1,i,img/target_8.png
36,797,modular,0,b,img/target_6.png
36,798,modular,3,e,img/target_3.png
36,799,modular,0,b,img/target_6.png
36,800,modular,9,u,img/target_7.png
36,801,modular,6,w,img/target_2.png
36,802,modular,8,o,img/target_9.png
36,803,modular,9,u,img/target_7.png
36,804,modular,0,b,img/target_6.png
36,805,modular,3,e,img/target_3.png
36,806,modular,2,r,img/target_4.png
36,807,modular,1,i,img/target_8.png
36,808,modular,2,r,img/target_4.png
36,809,modular,3,e,img/target_3.png
36,810,modular,2,r,img/target_4.png
36,811,modular,1,i,img/target_8.png
36,812,modular,3,e,img/target_3.png
36,813,modular,2,r,img/target_4.png
36,814,modular,1,i,img/target_8.png
36,815,modular,0,b,img/target_6.png
36,816,modular,9,u,img/target_7.png
36,817,modular,7,p,img/target_10.png
36,818,modular,6,w,img/target_2.png
36,819,modular,5,q,img/target_1.png
36,820,modular,4,v,img/target_5.png
36,821,modular,2,r,img/target_4.png
36,822,modular,1,i,img/target_8.png
36,823,modular,0,b,img/target_6.png
36,824,modular,2,r,img/target_4.png
36,825,modular,1,i,img/target_8.png
36,826,modular,2,r,img/target_4.png
36,827,modular,0,b,img/target_6.png
36,828,modular,2,r,img/target_4.png
36,829,modular,1,i,img/target_8.png
36,830,modular,2,r,img/target_4.png
36,831,modular,3,e,img/target_3.png
36,832,modular,1,i,img/target_8.png
36,833,modular,4,v,img/target_5.png
36,834,modular,2,r,img/target_4.png
36,835,modular,0,b,img/target_6.png
36,836,modular,3,e,img/target_3.png
36,837,modular,1,i,img/target_8.png
36,838,modular,3,e,img/target_3.png
36,839,modular,0,b,img/target_6.png
36,840,modular,2,r,img/target_4.png
36,841,modular,0,b,img/target_6.png
36,842,modular,1,i,img/target_8.png
36,843,modular,2,r,img/target_4.png
36,844,modular,4,v,img/target_5.png
36,845,modular,1,i,img/target_8.png
36,846,modular,2,r,img/target_4.png
36,847,modular,3,e,img/target_3.png
36,848,modular,1,i,img/target_8.png
36,849,modular,3,e,img/target_3.png
36,850,modular,4,v,img/target_5.png
36,851,modular,5,q,img/target_1.png
36,852,modular,4,v,img/target_5.png
36,853,modular,2,r,img/target_4.png
36,854,modular,1,i,img/target_8.png
36,855,modular,4,v,img/target_5.png
36,856,modular,1,i,img/target_8.png
36,857,modular,0,b,img/target_6.png
36,858,modular,3,e,img/target_3.png
36,859,modular,2,r,img/target_4.png
36,860,modular,3,e,img/target_3.png
36,861,modular,2,r,img/target_4.png
36,862,modular,3,e,img/target_3.png
36,863,modular,0,b,img/target_6.png
36,864,modular,1,i,img/target_8.png
36,865,modular,3,e,img/target_3.png
36,866,modular,2,r,img/target_4.png
36,867,modular,4,v,img/target_5.png
36,868,modular,2,r,img/target_4.png
36,869,modular,0,b,img/target_6.png
36,870,modular,9,u,img/target_7.png
36,871,modular,8,o,img/target_9.png
36,872,modular,6,w,img/target_2.png
36,873,modular,5,q,img/target_1.png
36,874,modular,4,v,img/target_5.png
36,875,modular,2,r,img/target_4.png
36,876,modular,4,v,img/target_5.png
36,877,modular,3,e,img/target_3.png
36,878,modular,4,v,img/target_5.png
36,879,modular,2,r,img/target_4.png
36,880,modular,1,i,img/target_8.png
36,881,modular,0,b,img/target_6.png
36,882,modular,3,e,img/target_3.png
36,883,modular,0,b,img/target_6.png
36,884,modular,2,r,img/target_4.png
36,885,modular,1,i,img/target_8.png
36,886,modular,3,e,img/target_3.png
36,887,modular,4,v,img/target_5.png
36,888,modular,1,i,img/target_8.png
36,889,modular,0,b,img/target_6.png
36,890,modular,9,u,img/target_7.png
36,891,modular,7,p,img/target_10.png
36,892,modular,6,w,img/target_2.png
36,893,modular,7,p,img/target_10.png
36,894,modular,6,w,img/target_2.png
36,895,modular,8,o,img/target_9.png
36,896,modular,9,u,img/target_7.png
36,897,modular,8,o,img/target_9.png
36,898,modular,5,q,img/target_1.png
36,899,modular,6,w,img/target_2.png
36,900,modular,9,u,img/target_7.png
36,901,modular,0,b,img/target_6.png
36,902,modular,9,u,img/target_7.png
36,903,modular,0,b,img/target_6.png
36,904,modular,3,e,img/target_3.png
36,905,modular,1,i,img/target_8.png
36,906,modular,3,e,img/target_3.png
36,907,modular,1,i,img/target_8.png
36,908,modular,0,b,img/target_6.png
36,909,modular,2,r,img/target_4.png
36,910,modular,0,b,img/target_6.png
36,911,modular,9,u,img/target_7.png
36,912,modular,0,b,img/target_6.png
36,913,modular,9,u,img/target_7.png
36,914,modular,8,o,img/target_9.png
36,915,modular,9,u,img/target_7.png
36,916,modular,0,b,img/target_6.png
36,917,modular,9,u,img/target_7.png
36,918,modular,0,b,img/target_6.png
36,919,modular,3,e,img/target_3.png
36,920,modular,4,v,img/target_5.png
36,921,modular,1,i,img/target_8.png
36,922,modular,0,b,img/target_6.png
36,923,modular,9,u,img/target_7.png
36,924,modular,7,p,img/target_10.png
36,925,modular,8,o,img/target_9.png
36,926,modular,7,p,img/target_10.png
36,927,modular,6,w,img/target_2.png
36,928,modular,9,u,img/target_7.png
36,929,modular,7,p,img/target_10.png
36,930,modular,6,w,img/target_2.png
36,931,modular,5,q,img/target_1.png
36,932,modular,6,w,img/target_2.png
36,933,modular,8,o,img/target_9.png
36,934,modular,5,q,img/target_1.png
36,935,modular,4,v,img/target_5.png
36,936,modular,3,e,img/target_3.png
36,937,modular,1,i,img/target_8.png
36,938,modular,2,r,img/target_4.png
36,939,modular,3,e,img/target_3.png
36,940,modular,2,r,img/target_4.png
36,941,modular,3,e,img/target_3.png
36,942,modular,4,v,img/target_5.png
36,943,modular,2,r,img/target_4.png
36,944,modular,3,e,img/target_3.png
36,945,modular,0,b,img/target_6.png
36,946,modular,2,r,img/target_4.png
36,947,modular,1,i,img/target_8.png
36,948,modular,2,r,img/target_4.png
36,949,modular,1,i,img/target_8.png
36,950,modular,3,e,img/target_3.png
36,951,modular,1,i,img/target_8.png
36,952,modular,0,b,img/target_6.png
36,953,modular,9,u,img/target_7.png
36,954,modular,7,p,img/target_10.png
36,955,modular,8,o,img/target_9.png
36,956,modular,6,w,img/target_2.png
36,957,modular,9,u,img/target_7.png
36,958,modular,0,b,img/target_6.png
36,959,modular,9,u,img/target_7.png
36,960,modular,7,p,img/target_10.png
36,961,modular,8,o,img/target_9.png
36,962,modular,6,w,img/target_2.png
36,963,modular,7,p,img/target_10.png
36,964,modular,5,q,img/target_1.png
36,965,modular,6,w,img/target_2.png
36,966,modular,8,o,img/target_9.png
36,967,modular,5,q,img/target_1.png
36,968,modular,4,v,img/target_5.png
36,969,modular,5,q,img/target_1.png
36,970,modular,8,o,img/target_9.png
36,971,modular,6,w,img/target_2.png
36,972,modular,7,p,img/target_10.png
36,973,modular,8,o,img/target_9.png
36,974,modular,7,p,img/target_10.png
36,975,modular,6,w,img/target_2.png
36,976,modular,9,u,img/target_7.png
36,977,modular,8,o,img/target_9.png
36,978,modular,6,w,img/target_2.png
36,979,modular,5,q,img/target_1.png
36,980,modular,7,p,img/target_10.png
36,981,modular,6,w,img/target_2.png
36,982,modular,7,p,img/target_10.png
36,983,modular,8,o,img/target_9.png
36,984,modular,9,u,img/target_7.png
36,985,modular,8,o,img/target_9.png
36,986,modular,6,w,img/target_2.png
36,987,modular,8,o,img/target_9.png
36,988,modular,7,p,img/target_10.png
36,989,modular,6,w,img/target_2.png
36,990,modular,9,u,img/target_7.png
36,991,modular,0,b,img/target_6.png
36,992,modular,1,i,img/target_8.png
36,993,modular,3,e,img/target_3.png
36,994,modular,2,r,img/target_4.png
36,995,modular,0,b,img/target_6.png
36,996,modular,9,u,img/target_7.png
36,997,modular,7,p,img/target_10.png
36,998,modular,9,u,img/target_7.png
36,999,modular,7,p,img/target_10.png
36,1000,modular,5,q,img/target_1.png
