pID,trialNum,graph,walk,resp,path
40,1,modular,6,b,img/target_6.png
40,2,modular,9,u,img/target_7.png
40,3,modular,6,b,img/target_6.png
40,4,modular,9,u,img/target_7.png
40,5,modular,6,b,img/target_6.png
40,6,modular,9,u,img/target_7.png
40,7,modular,8,v,img/target_5.png
40,8,modular,6,b,img/target_6.png
40,9,modular,9,u,img/target_7.png
40,10,modular,7,w,img/target_2.png
40,11,modular,5,e,img/target_3.png
40,12,modular,7,w,img/target_2.png
40,13,modular,8,v,img/target_5.png
40,14,modular,7,w,img/target_2.png
40,15,modular,6,b,img/target_6.png
40,16,modular,8,v,img/target_5.png
40,17,modular,5,e,img/target_3.png
40,18,modular,6,b,img/target_6.png
40,19,modular,5,e,img/target_3.png
40,20,modular,7,w,img/target_2.png
40,21,modular,6,b,img/target_6.png
40,22,modular,9,u,img/target_7.png
40,23,modular,8,v,img/target_5.png
40,24,modular,5,e,img/target_3.png
40,25,modular,6,b,img/target_6.png
40,26,modular,5,e,img/target_3.png
40,27,modular,6,b,img/target_6.png
40,28,modular,7,w,img/target_2.png
40,29,modular,6,b,img/target_6.png
40,30,modular,9,u,img/target_7.png
40,31,modular,0,o,img/target_9.png
40,32,modular,2,i,img/target_8.png
40,33,modular,1,r,img/target_4.png
40,34,modular,0,o,img/target_9.png
40,35,modular,2,i,img/target_8.png
40,36,modular,1,r,img/target_4.png
40,37,modular,2,i,img/target_8.png
40,38,modular,3,p,img/target_10.png
40,39,modular,4,q,img/target_1.png
40,40,modular,2,i,img/target_8.png
40,41,modular,3,p,img/target_10.png
40,42,modular,2,i,img/target_8.png
40,43,modular,3,p,img/target_10.png
40,44,modular,1,r,img/target_4.png
40,45,modular,2,i,img/target_8.png
40,46,modular,4,q,img/target_1.png
40,47,modular,5,e,img/target_3.png
40,48,modular,7,w,img/target_2.png
40,49,modular,6,b,img/target_6.png
40,50,modular,7,w,img/target_2.png
40,51,modular,6,b,img/target_6.png
40,52,modular,7,w,img/target_2.png
40,53,modular,6,b,img/target_6.png
40,54,modular,8,v,img/target_5.png
40,55,modular,6,b,img/target_6.png
40,56,modular,9,u,img/target_7.png
40,57,modular,7,w,img/target_2.png
40,58,modular,9,u,img/target_7.png
40,59,modular,8,v,img/target_5.png
40,60,modular,5,e,img/target_3.png
40,61,modular,4,q,img/target_1.png
40,62,modular,1,r,img/target_4.png
40,63,modular,4,q,img/target_1.png
40,64,modular,2,i,img/target_8.png
40,65,modular,0,o,img/target_9.png
40,66,modular,2,i,img/target_8.png
40,67,modular,1,r,img/target_4.png
40,68,modular,2,i,img/target_8.png
40,69,modular,0,o,img/target_9.png
40,70,modular,9,u,img/target_7.png
40,71,modular,0,o,img/target_9.png
40,72,modular,1,r,img/target_4.png
40,73,modular,4,q,img/target_1.png
40,74,modular,3,p,img/target_10.png
40,75,modular,4,q,img/target_1.png
40,76,modular,1,r,img/target_4.png
40,77,modular,4,q,img/target_1.png
40,78,modular,1,r,img/target_4.png
40,79,modular,3,p,img/target_10.png
40,80,modular,0,o,img/target_9.png
40,81,modular,1,r,img/target_4.png
40,82,modular,0,o,img/target_9.png
40,83,modular,3,p,img/target_10.png
40,84,modular,1,r,img/target_4.png
40,85,modular,0,o,img/target_9.png
40,86,modular,9,u,img/target_7.png
40,87,modular,6,b,img/target_6.png
40,88,modular,8,v,img/target_5.png
40,89,modular,5,e,img/target_3.png
40,90,modular,4,q,img/target_1.png
40,91,modular,1,r,img/target_4.png
40,92,modular,3,p,img/target_10.png
40,93,modular,4,q,img/target_1.png
40,94,modular,3,p,img/target_10.png
40,95,modular,1,r,img/target_4.png
40,96,modular,4,q,img/target_1.png
40,97,modular,5,e,img/target_3.png
40,98,modular,6,b,img/target_6.png
40,99,modular,8,v,img/target_5.png
40,100,modular,6,b,img/target_6.png
40,101,modular,7,w,img/target_2.png
40,102,modular,6,b,img/target_6.png
40,103,modular,7,w,img/target_2.png
40,104,modular,5,e,img/target_3.png
40,105,modular,7,w,img/target_2.png
40,106,modular,5,e,img/target_3.png
40,107,modular,7,w,img/target_2.png
40,108,modular,9,u,img/target_7.png
40,109,modular,0,o,img/target_9.png
40,110,modular,1,r,img/target_4.png
40,111,modular,3,p,img/target_10.png
40,112,modular,2,i,img/target_8.png
40,113,modular,3,p,img/target_10.png
40,114,modular,1,r,img/target_4.png
40,115,modular,2,i,img/target_8.png
40,116,modular,3,p,img/target_10.png
40,117,modular,0,o,img/target_9.png
40,118,modular,2,i,img/target_8.png
40,119,modular,3,p,img/target_10.png
40,120,modular,2,i,img/target_8.png
40,121,modular,1,r,img/target_4.png
40,122,modular,3,p,img/target_10.png
40,123,modular,4,q,img/target_1.png
40,124,modular,2,i,img/target_8.png
40,125,modular,4,q,img/target_1.png
40,126,modular,3,p,img/target_10.png
40,127,modular,2,i,img/target_8.png
40,128,modular,1,r,img/target_4.png
40,129,modular,3,p,img/target_10.png
40,130,modular,0,o,img/target_9.png
40,131,modular,2,i,img/target_8.png
40,132,modular,4,q,img/target_1.png
40,133,modular,1,r,img/target_4.png
40,134,modular,3,p,img/target_10.png
40,135,modular,0,o,img/target_9.png
40,136,modular,9,u,img/target_7.png
40,137,modular,8,v,img/target_5.png
40,138,modular,7,w,img/target_2.png
40,139,modular,8,v,img/target_5.png
40,140,modular,6,b,img/target_6.png
40,141,modular,7,w,img/target_2.png
40,142,modular,9,u,img/target_7.png
40,143,modular,7,w,img/target_2.png
40,144,modular,5,e,img/target_3.png
40,145,modular,4,q,img/target_1.png
40,146,modular,3,p,img/target_10.png
40,147,modular,2,i,img/target_8.png
40,148,modular,4,q,img/target_1.png
40,149,modular,1,r,img/target_4.png
40,150,modular,4,q,img/target_1.png
40,151,modular,1,r,img/target_4.png
40,152,modular,2,i,img/target_8.png
40,153,modular,3,p,img/target_10.png
40,154,modular,1,r,img/target_4.png
40,155,modular,2,i,img/target_8.png
40,156,modular,0,o,img/target_9.png
40,157,modular,3,p,img/target_10.png
40,158,modular,4,q,img/target_1.png
40,159,modular,1,r,img/target_4.png
40,160,modular,4,q,img/target_1.png
40,161,modular,1,r,img/target_4.png
40,162,modular,0,o,img/target_9.png
40,163,modular,3,p,img/target_10.png
40,164,modular,0,o,img/target_9.png
40,165,modular,1,r,img/target_4.png
40,166,modular,3,p,img/target_10.png
40,167,modular,0,o,img/target_9.png
40,168,modular,1,r,img/target_4.png
40,169,modular,4,q,img/target_1.png
40,170,modular,5,e,img/target_3.png
40,171,modular,4,q,img/target_1.png
40,172,modular,1,r,img/target_4.png
40,173,modular,0,o,img/target_9.png
40,174,modular,1,r,img/target_4.png
40,175,modular,4,q,img/target_1.png
40,176,modular,5,e,img/target_3.png
40,177,modular,4,q,img/target_1.png
40,178,modular,2,i,img/target_8.png
40,179,modular,1,r,img/target_4.png
40,180,modular,0,o,img/target_9.png
40,181,modular,3,p,img/target_10.png
40,182,modular,0,o,img/target_9.png
40,183,modular,3,p,img/target_10.png
40,184,modular,1,r,img/target_4.png
40,185,modular,4,q,img/target_1.png
40,186,modular,3,p,img/target_10.png
40,187,modular,1,r,img/target_4.png
40,188,modular,0,o,img/target_9.png
40,189,modular,2,i,img/target_8.png
40,190,modular,4,q,img/target_1.png
40,191,modular,3,p,img/target_10.png
40,192,modular,2,i,img/target_8.png
40,193,modular,3,p,img/target_10.png
40,194,modular,1,r,img/target_4.png
40,195,modular,3,p,img/target_10.png
40,196,modular,0,o,img/target_9.png
40,197,modular,1,r,img/target_4.png
40,198,modular,0,o,img/target_9.png
40,199,modular,2,i,img/target_8.png
40,200,modular,1,r,img/target_4.png
40,201,modular,3,p,img/target_10.png
40,202,modular,2,i,img/target_8.png
40,203,modular,1,r,img/target_4.png
40,204,modular,4,q,img/target_1.png
40,205,modular,2,i,img/target_8.png
40,206,modular,3,p,img/target_10.png
40,207,modular,1,r,img/target_4.png
40,208,modular,4,q,img/target_1.png
40,209,modular,2,i,img/target_8.png
40,210,modular,0,o,img/target_9.png
40,211,modular,2,i,img/target_8.png
40,212,modular,1,r,img/target_4.png
40,213,modular,2,i,img/target_8.png
40,214,modular,0,o,img/target_9.png
40,215,modular,1,r,img/target_4.png
40,216,modular,4,q,img/target_1.png
40,217,modular,5,e,img/target_3.png
40,218,modular,7,w,img/target_2.png
40,219,modular,6,b,img/target_6.png
40,220,modular,8,v,img/target_5.png
40,221,modular,7,w,img/target_2.png
40,222,modular,9,u,img/target_7.png
40,223,modular,0,o,img/target_9.png
40,224,modular,9,u,img/target_7.png
40,225,modular,7,w,img/target_2.png
40,226,modular,5,e,img/target_3.png
40,227,modular,7,w,img/target_2.png
40,228,modular,5,e,img/target_3.png
40,229,modular,8,v,img/target_5.png
40,230,modular,9,u,img/target_7.png
40,231,modular,6,b,img/target_6.png
40,232,modular,8,v,img/target_5.png
40,233,modular,6,b,img/target_6.png
40,234,modular,5,e,img/target_3.png
40,235,modular,6,b,img/target_6.png
40,236,modular,7,w,img/target_2.png
40,237,modular,8,v,img/target_5.png
40,238,modular,9,u,img/target_7.png
40,239,modular,8,v,img/target_5.png
40,240,modular,9,u,img/target_7.png
40,241,modular,7,w,img/target_2.png
40,242,modular,8,v,img/target_5.png
40,243,modular,5,e,img/target_3.png
40,244,modular,7,w,img/target_2.png
40,245,modular,5,e,img/target_3.png
40,246,modular,7,w,img/target_2.png
40,247,modular,9,u,img/target_7.png
40,248,modular,0,o,img/target_9.png
40,249,modular,9,u,img/target_7.png
40,250,modular,0,o,img/target_9.png
40,251,modular,3,p,img/target_10.png
40,252,modular,0,o,img/target_9.png
40,253,modular,3,p,img/target_10.png
40,254,modular,4,q,img/target_1.png
40,255,modular,3,p,img/target_10.png
40,256,modular,2,i,img/target_8.png
40,257,modular,4,q,img/target_1.png
40,258,modular,3,p,img/target_10.png
40,259,modular,1,r,img/target_4.png
40,260,modular,4,q,img/target_1.png
40,261,modular,1,r,img/target_4.png
40,262,modular,4,q,img/target_1.png
40,263,modular,2,i,img/target_8.png
40,264,modular,1,r,img/target_4.png
40,265,modular,2,i,img/target_8.png
40,266,modular,0,o,img/target_9.png
40,267,modular,9,u,img/target_7.png
40,268,modular,0,o,img/target_9.png
40,269,modular,2,i,img/target_8.png
40,270,modular,3,p,img/target_10.png
40,271,modular,1,r,img/target_4.png
40,272,modular,0,o,img/target_9.png
40,273,modular,3,p,img/target_10.png
40,274,modular,1,r,img/target_4.png
40,275,modular,4,q,img/target_1.png
40,276,modular,2,i,img/target_8.png
40,277,modular,4,q,img/target_1.png
40,278,modular,1,r,img/target_4.png
40,279,modular,0,o,img/target_9.png
40,280,modular,9,u,img/target_7.png
40,281,modular,8,v,img/target_5.png
40,282,modular,9,u,img/target_7.png
40,283,modular,6,b,img/target_6.png
40,284,modular,5,e,img/target_3.png
40,285,modular,4,q,img/target_1.png
40,286,modular,5,e,img/target_3.png
40,287,modular,8,v,img/target_5.png
40,288,modular,9,u,img/target_7.png
40,289,modular,6,b,img/target_6.png
40,290,modular,7,w,img/target_2.png
40,291,modular,5,e,img/target_3.png
40,292,modular,6,b,img/target_6.png
40,293,modular,5,e,img/target_3.png
40,294,modular,8,v,img/target_5.png
40,295,modular,7,w,img/target_2.png
40,296,modular,8,v,img/target_5.png
40,297,modular,5,e,img/target_3.png
40,298,modular,7,w,img/target_2.png
40,299,modular,6,b,img/target_6.png
40,300,modular,9,u,img/target_7.png
40,301,modular,6,b,img/target_6.png
40,302,modular,8,v,img/target_5.png
40,303,modular,5,e,img/target_3.png
40,304,modular,8,v,img/target_5.png
40,305,modular,7,w,img/target_2.png
40,306,modular,5,e,img/target_3.png
40,307,modular,6,b,img/target_6.png
40,308,modular,7,w,img/target_2.png
40,309,modular,5,e,img/target_3.png
40,310,modular,7,w,img/target_2.png
40,311,modular,6,b,img/target_6.png
40,312,modular,9,u,img/target_7.png
40,313,modular,7,w,img/target_2.png
40,314,modular,6,b,img/target_6.png
40,315,modular,9,u,img/target_7.png
40,316,modular,7,w,img/target_2.png
40,317,modular,6,b,img/target_6.png
40,318,modular,8,v,img/target_5.png
40,319,modular,5,e,img/target_3.png
40,320,modular,6,b,img/target_6.png
40,321,modular,7,w,img/target_2.png
40,322,modular,9,u,img/target_7.png
40,323,modular,7,w,img/target_2.png
40,324,modular,9,u,img/target_7.png
40,325,modular,8,v,img/target_5.png
40,326,modular,5,e,img/target_3.png
40,327,modular,6,b,img/target_6.png
40,328,modular,7,w,img/target_2.png
40,329,modular,5,e,img/target_3.png
40,330,modular,8,v,img/target_5.png
40,331,modular,7,w,img/target_2.png
40,332,modular,9,u,img/target_7.png
40,333,modular,7,w,img/target_2.png
40,334,modular,9,u,img/target_7.png
40,335,modular,7,w,img/target_2.png
40,336,modular,5,e,img/target_3.png
40,337,modular,8,v,img/target_5.png
40,338,modular,5,e,img/target_3.png
40,339,modular,4,q,img/target_1.png
40,340,modular,1,r,img/target_4.png
40,341,modular,4,q,img/target_1.png
40,342,modular,5,e,img/target_3.png
40,343,modular,7,w,img/target_2.png
40,344,modular,5,e,img/target_3.png
40,345,modular,8,v,img/target_5.png
40,346,modular,9,u,img/target_7.png
40,347,modular,7,w,img/target_2.png
40,348,modular,8,v,img/target_5.png
40,349,modular,6,b,img/target_6.png
40,350,modular,8,v,img/target_5.png
40,351,modular,6,b,img/target_6.png
40,352,modular,9,u,img/target_7.png
40,353,modular,7,w,img/target_2.png
40,354,modular,5,e,img/target_3.png
40,355,modular,6,b,img/target_6.png
40,356,modular,7,w,img/target_2.png
40,357,modular,8,v,img/target_5.png
40,358,modular,7,w,img/target_2.png
40,359,modular,5,e,img/target_3.png
40,360,modular,8,v,img/target_5.png
40,361,modular,9,u,img/target_7.png
40,362,modular,8,v,img/target_5.png
40,363,modular,6,b,img/target_6.png
40,364,modular,5,e,img/target_3.png
40,365,modular,8,v,img/target_5.png
40,366,modular,6,b,img/target_6.png
40,367,modular,8,v,img/target_5.png
40,368,modular,6,b,img/target_6.png
40,369,modular,5,e,img/target_3.png
40,370,modular,8,v,img/target_5.png
40,371,modular,9,u,img/target_7.png
40,372,modular,8,v,img/target_5.png
40,373,modular,6,b,img/target_6.png
40,374,modular,5,e,img/target_3.png
40,375,modular,7,w,img/target_2.png
40,376,modular,5,e,img/target_3.png
40,377,modular,4,q,img/target_1.png
40,378,modular,3,p,img/target_10.png
40,379,modular,0,o,img/target_9.png
40,380,modular,2,i,img/target_8.png
40,381,modular,3,p,img/target_10.png
40,382,modular,2,i,img/target_8.png
40,383,modular,4,q,img/target_1.png
40,384,modular,2,i,img/target_8.png
40,385,modular,0,o,img/target_9.png
40,386,modular,2,i,img/target_8.png
40,387,modular,0,o,img/target_9.png
40,388,modular,1,r,img/target_4.png
40,389,modular,0,o,img/target_9.png
40,390,modular,2,i,img/target_8.png
40,391,modular,4,q,img/target_1.png
40,392,modular,1,r,img/target_4.png
40,393,modular,0,o,img/target_9.png
40,394,modular,3,p,img/target_10.png
40,395,modular,0,o,img/target_9.png
40,396,modular,9,u,img/target_7.png
40,397,modular,0,o,img/target_9.png
40,398,modular,1,r,img/target_4.png
40,399,modular,3,p,img/target_10.png
40,400,modular,2,i,img/target_8.png
40,401,modular,3,p,img/target_10.png
40,402,modular,2,i,img/target_8.png
40,403,modular,1,r,img/target_4.png
40,404,modular,3,p,img/target_10.png
40,405,modular,2,i,img/target_8.png
40,406,modular,4,q,img/target_1.png
40,407,modular,1,r,img/target_4.png
40,408,modular,2,i,img/target_8.png
40,409,modular,4,q,img/target_1.png
40,410,modular,5,e,img/target_3.png
40,411,modular,4,q,img/target_1.png
40,412,modular,5,e,img/target_3.png
40,413,modular,6,b,img/target_6.png
40,414,modular,7,w,img/target_2.png
40,415,modular,9,u,img/target_7.png
40,416,modular,7,w,img/target_2.png
40,417,modular,8,v,img/target_5.png
40,418,modular,9,u,img/target_7.png
40,419,modular,0,o,img/target_9.png
40,420,modular,9,u,img/target_7.png
40,421,modular,7,w,img/target_2.png
40,422,modular,8,v,img/target_5.png
40,423,modular,9,u,img/target_7.png
40,424,modular,0,o,img/target_9.png
40,425,modular,2,i,img/target_8.png
40,426,modular,0,o,img/target_9.png
40,427,modular,1,r,img/target_4.png
40,428,modular,4,q,img/target_1.png
40,429,modular,5,e,img/target_3.png
40,430,modular,4,q,img/target_1.png
40,431,modular,2,i,img/target_8.png
40,432,modular,1,r,img/target_4.png
40,433,modular,4,q,img/target_1.png
40,434,modular,5,e,img/target_3.png
40,435,modular,6,b,img/target_6.png
40,436,modular,8,v,img/target_5.png
40,437,modular,5,e,img/target_3.png
40,438,modular,8,v,img/target_5.png
40,439,modular,5,e,img/target_3.png
40,440,modular,8,v,img/target_5.png
40,441,modular,9,u,img/target_7.png
40,442,modular,0,o,img/target_9.png
40,443,modular,1,r,img/target_4.png
40,444,modular,3,p,img/target_10.png
40,445,modular,1,r,img/target_4.png
40,446,modular,2,i,img/target_8.png
40,447,modular,3,p,img/target_10.png
40,448,modular,0,o,img/target_9.png
40,449,modular,9,u,img/target_7.png
40,450,modular,0,o,img/target_9.png
40,451,modular,9,u,img/target_7.png
40,452,modular,6,b,img/target_6.png
40,453,modular,9,u,img/target_7.png
40,454,modular,7,w,img/target_2.png
40,455,modular,9,u,img/target_7.png
40,456,modular,7,w,img/target_2.png
40,457,modular,5,e,img/target_3.png
40,458,modular,4,q,img/target_1.png
40,459,modular,1,r,img/target_4.png
40,460,modular,3,p,img/target_10.png
40,461,modular,1,r,img/target_4.png
40,462,modular,4,q,img/target_1.png
40,463,modular,1,r,img/target_4.png
40,464,modular,2,i,img/target_8.png
40,465,modular,4,q,img/target_1.png
40,466,modular,5,e,img/target_3.png
40,467,modular,6,b,img/target_6.png
40,468,modular,8,v,img/target_5.png
40,469,modular,9,u,img/target_7.png
40,470,modular,0,o,img/target_9.png
40,471,modular,2,i,img/target_8.png
40,472,modular,4,q,img/target_1.png
40,473,modular,1,r,img/target_4.png
40,474,modular,0,o,img/target_9.png
40,475,modular,1,r,img/target_4.png
40,476,modular,4,q,img/target_1.png
40,477,modular,3,p,img/target_10.png
40,478,modular,0,o,img/target_9.png
40,479,modular,9,u,img/target_7.png
40,480,modular,6,b,img/target_6.png
40,481,modular,8,v,img/target_5.png
40,482,modular,6,b,img/target_6.png
40,483,modular,9,u,img/target_7.png
40,484,modular,7,w,img/target_2.png
40,485,modular,9,u,img/target_7.png
40,486,modular,6,b,img/target_6.png
40,487,modular,8,v,img/target_5.png
40,488,modular,7,w,img/target_2.png
40,489,modular,8,v,img/target_5.png
40,490,modular,7,w,img/target_2.png
40,491,modular,9,u,img/target_7.png
40,492,modular,8,v,img/target_5.png
40,493,modular,9,u,img/target_7.png
40,494,modular,7,w,img/target_2.png
40,495,modular,9,u,img/target_7.png
40,496,modular,6,b,img/target_6.png
40,497,modular,8,v,img/target_5.png
40,498,modular,6,b,img/target_6.png
40,499,modular,7,w,img/target_2.png
40,500,modular,8,v,img/target_5.png
40,501,modular,5,e,img/target_3.png
40,502,modular,8,v,img/target_5.png
40,503,modular,9,u,img/target_7.png
40,504,modular,7,w,img/target_2.png
40,505,modular,6,b,img/target_6.png
40,506,modular,9,u,img/target_7.png
40,507,modular,6,b,img/target_6.png
40,508,modular,5,e,img/target_3.png
40,509,modular,4,q,img/target_1.png
40,510,modular,2,i,img/target_8.png
40,511,modular,4,q,img/target_1.png
40,512,modular,3,p,img/target_10.png
40,513,modular,4,q,img/target_1.png
40,514,modular,2,i,img/target_8.png
40,515,modular,1,r,img/target_4.png
40,516,modular,3,p,img/target_10.png
40,517,modular,1,r,img/target_4.png
40,518,modular,2,i,img/target_8.png
40,519,modular,0,o,img/target_9.png
40,520,modular,3,p,img/target_10.png
40,521,modular,4,q,img/target_1.png
40,522,modular,2,i,img/target_8.png
40,523,modular,0,o,img/target_9.png
40,524,modular,9,u,img/target_7.png
40,525,modular,8,v,img/target_5.png
40,526,modular,9,u,img/target_7.png
40,527,modular,8,v,img/target_5.png
40,528,modular,9,u,img/target_7.png
40,529,modular,0,o,img/target_9.png
40,530,modular,1,r,img/target_4.png
40,531,modular,0,o,img/target_9.png
40,532,modular,1,r,img/target_4.png
40,533,modular,3,p,img/target_10.png
40,534,modular,0,o,img/target_9.png
40,535,modular,9,u,img/target_7.png
40,536,modular,0,o,img/target_9.png
40,537,modular,1,r,img/target_4.png
40,538,modular,4,q,img/target_1.png
40,539,modular,1,r,img/target_4.png
40,540,modular,4,q,img/target_1.png
40,541,modular,3,p,img/target_10.png
40,542,modular,4,q,img/target_1.png
40,543,modular,1,r,img/target_4.png
40,544,modular,4,q,img/target_1.png
40,545,modular,1,r,img/target_4.png
40,546,modular,4,q,img/target_1.png
40,547,modular,1,r,img/target_4.png
40,548,modular,0,o,img/target_9.png
40,549,modular,9,u,img/target_7.png
40,550,modular,7,w,img/target_2.png
40,551,modular,9,u,img/target_7.png
40,552,modular,0,o,img/target_9.png
40,553,modular,9,u,img/target_7.png
40,554,modular,7,w,img/target_2.png
40,555,modular,5,e,img/target_3.png
40,556,modular,7,w,img/target_2.png
40,557,modular,8,v,img/target_5.png
40,558,modular,9,u,img/target_7.png
40,559,modular,7,w,img/target_2.png
40,560,modular,9,u,img/target_7.png
40,561,modular,7,w,img/target_2.png
40,562,modular,9,u,img/target_7.png
40,563,modular,8,v,img/target_5.png
40,564,modular,9,u,img/target_7.png
40,565,modular,7,w,img/target_2.png
40,566,modular,6,b,img/target_6.png
40,567,modular,5,e,img/target_3.png
40,568,modular,4,q,img/target_1.png
40,569,modular,2,i,img/target_8.png
40,570,modular,4,q,img/target_1.png
40,571,modular,5,e,img/target_3.png
40,572,modular,4,q,img/target_1.png
40,573,modular,5,e,img/target_3.png
40,574,modular,4,q,img/target_1.png
40,575,modular,5,e,img/target_3.png
40,576,modular,4,q,img/target_1.png
40,577,modular,5,e,img/target_3.png
40,578,modular,7,w,img/target_2.png
40,579,modular,5,e,img/target_3.png
40,580,modular,8,v,img/target_5.png
40,581,modular,7,w,img/target_2.png
40,582,modular,9,u,img/target_7.png
40,583,modular,6,b,img/target_6.png
40,584,modular,8,v,img/target_5.png
40,585,modular,6,b,img/target_6.png
40,586,modular,8,v,img/target_5.png
40,587,modular,5,e,img/target_3.png
40,588,modular,7,w,img/target_2.png
40,589,modular,9,u,img/target_7.png
40,590,modular,8,v,img/target_5.png
40,591,modular,5,e,img/target_3.png
40,592,modular,7,w,img/target_2.png
40,593,modular,8,v,img/target_5.png
40,594,modular,7,w,img/target_2.png
40,595,modular,9,u,img/target_7.png
40,596,modular,7,w,img/target_2.png
40,597,modular,5,e,img/target_3.png
40,598,modular,4,q,img/target_1.png
40,599,modular,3,p,img/target_10.png
40,600,modular,0,o,img/target_9.png
40,601,modular,9,u,img/target_7.png
40,602,modular,8,v,img/target_5.png
40,603,modular,6,b,img/target_6.png
40,604,modular,7,w,img/target_2.png
40,605,modular,9,u,img/target_7.png
40,606,modular,7,w,img/target_2.png
40,607,modular,5,e,img/target_3.png
40,608,modular,4,q,img/target_1.png
40,609,modular,1,r,img/target_4.png
40,610,modular,4,q,img/target_1.png
40,611,modular,5,e,img/target_3.png
40,612,modular,6,b,img/target_6.png
40,613,modular,5,e,img/target_3.png
40,614,modular,4,q,img/target_1.png
40,615,modular,2,i,img/target_8.png
40,616,modular,4,q,img/target_1.png
40,617,modular,5,e,img/target_3.png
40,618,modular,7,w,img/target_2.png
40,619,modular,6,b,img/target_6.png
40,620,modular,5,e,img/target_3.png
40,621,modular,6,b,img/target_6.png
40,622,modular,7,w,img/target_2.png
40,623,modular,9,u,img/target_7.png
40,624,modular,6,b,img/target_6.png
40,625,modular,5,e,img/target_3.png
40,626,modular,7,w,img/target_2.png
40,627,modular,5,e,img/target_3.png
40,628,modular,8,v,img/target_5.png
40,629,modular,5,e,img/target_3.png
40,630,modular,7,w,img/target_2.png
40,631,modular,9,u,img/target_7.png
40,632,modular,0,o,img/target_9.png
40,633,modular,1,r,img/target_4.png
40,634,modular,0,o,img/target_9.png
40,635,modular,2,i,img/target_8.png
40,636,modular,0,o,img/target_9.png
40,637,modular,9,u,img/target_7.png
40,638,modular,8,v,img/target_5.png
40,639,modular,6,b,img/target_6.png
40,640,modular,7,w,img/target_2.png
40,641,modular,9,u,img/target_7.png
40,642,modular,7,w,img/target_2.png
40,643,modular,6,b,img/target_6.png
40,644,modular,9,u,img/target_7.png
40,645,modular,0,o,img/target_9.png
40,646,modular,1,r,img/target_4.png
40,647,modular,3,p,img/target_10.png
40,648,modular,4,q,img/target_1.png
40,649,modular,3,p,img/target_10.png
40,650,modular,1,r,img/target_4.png
40,651,modular,2,i,img/target_8.png
40,652,modular,1,r,img/target_4.png
40,653,modular,0,o,img/target_9.png
40,654,modular,3,p,img/target_10.png
40,655,modular,2,i,img/target_8.png
40,656,modular,3,p,img/target_10.png
40,657,modular,4,q,img/target_1.png
40,658,modular,2,i,img/target_8.png
40,659,modular,1,r,img/target_4.png
40,660,modular,3,p,img/target_10.png
40,661,modular,4,q,img/target_1.png
40,662,modular,2,i,img/target_8.png
40,663,modular,1,r,img/target_4.png
40,664,modular,0,o,img/target_9.png
40,665,modular,3,p,img/target_10.png
40,666,modular,0,o,img/target_9.png
40,667,modular,1,r,img/target_4.png
40,668,modular,4,q,img/target_1.png
40,669,modular,2,i,img/target_8.png
40,670,modular,3,p,img/target_10.png
40,671,modular,0,o,img/target_9.png
40,672,modular,1,r,img/target_4.png
40,673,modular,0,o,img/target_9.png
40,674,modular,9,u,img/target_7.png
40,675,modular,7,w,img/target_2.png
40,676,modular,6,b,img/target_6.png
40,677,modular,9,u,img/target_7.png
40,678,modular,0,o,img/target_9.png
40,679,modular,1,r,img/target_4.png
40,680,modular,0,o,img/target_9.png
40,681,modular,2,i,img/target_8.png
40,682,modular,0,o,img/target_9.png
40,683,modular,3,p,img/target_10.png
40,684,modular,1,r,img/target_4.png
40,685,modular,3,p,img/target_10.png
40,686,modular,4,q,img/target_1.png
40,687,modular,3,p,img/target_10.png
40,688,modular,4,q,img/target_1.png
40,689,modular,1,r,img/target_4.png
40,690,modular,4,q,img/target_1.png
40,691,modular,5,e,img/target_3.png
40,692,modular,4,q,img/target_1.png
40,693,modular,2,i,img/target_8.png
40,694,modular,4,q,img/target_1.png
40,695,modular,1,r,img/target_4.png
40,696,modular,0,o,img/target_9.png
40,697,modular,3,p,img/target_10.png
40,698,modular,2,i,img/target_8.png
40,699,modular,1,r,img/target_4.png
40,700,modular,2,i,img/target_8.png
40,701,modular,4,q,img/target_1.png
40,702,modular,5,e,img/target_3.png
40,703,modular,8,v,img/target_5.png
40,704,modular,5,e,img/target_3.png
40,705,modular,6,b,img/target_6.png
40,706,modular,9,u,img/target_7.png
40,707,modular,8,v,img/target_5.png
40,708,modular,6,b,img/target_6.png
40,709,modular,8,v,img/target_5.png
40,710,modular,9,u,img/target_7.png
40,711,modular,8,v,img/target_5.png
40,712,modular,9,u,img/target_7.png
40,713,modular,6,b,img/target_6.png
40,714,modular,7,w,img/target_2.png
40,715,modular,8,v,img/target_5.png
40,716,modular,9,u,img/target_7.png
40,717,modular,8,v,img/target_5.png
40,718,modular,9,u,img/target_7.png
40,719,modular,8,v,img/target_5.png
40,720,modular,9,u,img/target_7.png
40,721,modular,0,o,img/target_9.png
40,722,modular,9,u,img/target_7.png
40,723,modular,6,b,img/target_6.png
40,724,modular,5,e,img/target_3.png
40,725,modular,8,v,img/target_5.png
40,726,modular,6,b,img/target_6.png
40,727,modular,8,v,img/target_5.png
40,728,modular,5,e,img/target_3.png
40,729,modular,4,q,img/target_1.png
40,730,modular,2,i,img/target_8.png
40,731,modular,3,p,img/target_10.png
40,732,modular,0,o,img/target_9.png
40,733,modular,2,i,img/target_8.png
40,734,modular,1,r,img/target_4.png
40,735,modular,4,q,img/target_1.png
40,736,modular,2,i,img/target_8.png
40,737,modular,4,q,img/target_1.png
40,738,modular,2,i,img/target_8.png
40,739,modular,0,o,img/target_9.png
40,740,modular,3,p,img/target_10.png
40,741,modular,1,r,img/target_4.png
40,742,modular,2,i,img/target_8.png
40,743,modular,3,p,img/target_10.png
40,744,modular,0,o,img/target_9.png
40,745,modular,1,r,img/target_4.png
40,746,modular,3,p,img/target_10.png
40,747,modular,1,r,img/target_4.png
40,748,modular,3,p,img/target_10.png
40,749,modular,2,i,img/target_8.png
40,750,modular,0,o,img/target_9.png
40,751,modular,1,r,img/target_4.png
40,752,modular,0,o,img/target_9.png
40,753,modular,1,r,img/target_4.png
40,754,modular,2,i,img/target_8.png
40,755,modular,0,o,img/target_9.png
40,756,modular,9,u,img/target_7.png
40,757,modular,6,b,img/target_6.png
40,758,modular,7,w,img/target_2.png
40,759,modular,6,b,img/target_6.png
40,760,modular,7,w,img/target_2.png
40,761,modular,6,b,img/target_6.png
40,762,modular,9,u,img/target_7.png
40,763,modular,0,o,img/target_9.png
40,764,modular,9,u,img/target_7.png
40,765,modular,0,o,img/target_9.png
40,766,modular,9,u,img/target_7.png
40,767,modular,0,o,img/target_9.png
40,768,modular,2,i,img/target_8.png
40,769,modular,4,q,img/target_1.png
40,770,modular,2,i,img/target_8.png
40,771,modular,4,q,img/target_1.png
40,772,modular,5,e,img/target_3.png
40,773,modular,6,b,img/target_6.png
40,774,modular,5,e,img/target_3.png
40,775,modular,7,w,img/target_2.png
40,776,modular,9,u,img/target_7.png
40,777,modular,6,b,img/target_6.png
40,778,modular,5,e,img/target_3.png
40,779,modular,6,b,img/target_6.png
40,780,modular,8,v,img/target_5.png
40,781,modular,5,e,img/target_3.png
40,782,modular,8,v,img/target_5.png
40,783,modular,5,e,img/target_3.png
40,784,modular,6,b,img/target_6.png
40,785,modular,8,v,img/target_5.png
40,786,modular,9,u,img/target_7.png
40,787,modular,0,o,img/target_9.png
40,788,modular,3,p,img/target_10.png
40,789,modular,4,q,img/target_1.png
40,790,modular,5,e,img/target_3.png
40,791,modular,7,w,img/target_2.png
40,792,modular,8,v,img/target_5.png
40,793,modular,6,b,img/target_6.png
40,794,modular,5,e,img/target_3.png
40,795,modular,6,b,img/target_6.png
40,796,modular,9,u,img/target_7.png
40,797,modular,7,w,img/target_2.png
40,798,modular,9,u,img/target_7.png
40,799,modular,8,v,img/target_5.png
40,800,modular,5,e,img/target_3.png
40,801,modular,6,b,img/target_6.png
40,802,modular,9,u,img/target_7.png
40,803,modular,0,o,img/target_9.png
40,804,modular,2,i,img/target_8.png
40,805,modular,1,r,img/target_4.png
40,806,modular,0,o,img/target_9.png
40,807,modular,9,u,img/target_7.png
40,808,modular,7,w,img/target_2.png
40,809,modular,6,b,img/target_6.png
40,810,modular,7,w,img/target_2.png
40,811,modular,6,b,img/target_6.png
40,812,modular,9,u,img/target_7.png
40,813,modular,7,w,img/target_2.png
40,814,modular,9,u,img/target_7.png
40,815,modular,6,b,img/target_6.png
40,816,modular,7,w,img/target_2.png
40,817,modular,6,b,img/target_6.png
40,818,modular,9,u,img/target_7.png
40,819,modular,6,b,img/target_6.png
40,820,modular,9,u,img/target_7.png
40,821,modular,6,b,img/target_6.png
40,822,modular,9,u,img/target_7.png
40,823,modular,6,b,img/target_6.png
40,824,modular,8,v,img/target_5.png
40,825,modular,7,w,img/target_2.png
40,826,modular,9,u,img/target_7.png
40,827,modular,0,o,img/target_9.png
40,828,modular,2,i,img/target_8.png
40,829,modular,0,o,img/target_9.png
40,830,modular,2,i,img/target_8.png
40,831,modular,4,q,img/target_1.png
40,832,modular,3,p,img/target_10.png
40,833,modular,1,r,img/target_4.png
40,834,modular,0,o,img/target_9.png
40,835,modular,3,p,img/target_10.png
40,836,modular,1,r,img/target_4.png
40,837,modular,4,q,img/target_1.png
40,838,modular,3,p,img/target_10.png
40,839,modular,0,o,img/target_9.png
40,840,modular,2,i,img/target_8.png
40,841,modular,4,q,img/target_1.png
40,842,modular,1,r,img/target_4.png
40,843,modular,2,i,img/target_8.png
40,844,modular,1,r,img/target_4.png
40,845,modular,0,o,img/target_9.png
40,846,modular,9,u,img/target_7.png
40,847,modular,0,o,img/target_9.png
40,848,modular,2,i,img/target_8.png
40,849,modular,3,p,img/target_10.png
40,850,modular,2,i,img/target_8.png
40,851,modular,3,p,img/target_10.png
40,852,modular,2,i,img/target_8.png
40,853,modular,3,p,img/target_10.png
40,854,modular,2,i,img/target_8.png
40,855,modular,1,r,img/target_4.png
40,856,modular,4,q,img/target_1.png
40,857,modular,5,e,img/target_3.png
40,858,modular,7,w,img/target_2.png
40,859,modular,8,v,img/target_5.png
40,860,modular,9,u,img/target_7.png
40,861,modular,0,o,img/target_9.png
40,862,modular,2,i,img/target_8.png
40,863,modular,0,o,img/target_9.png
40,864,modular,3,p,img/target_10.png
40,865,modular,1,r,img/target_4.png
40,866,modular,3,p,img/target_10.png
40,867,modular,0,o,img/target_9.png
40,868,modular,9,u,img/target_7.png
40,869,modular,8,v,img/target_5.png
40,870,modular,9,u,img/target_7.png
40,871,modular,0,o,img/target_9.png
40,872,modular,1,r,img/target_4.png
40,873,modular,0,o,img/target_9.png
40,874,modular,2,i,img/target_8.png
40,875,modular,4,q,img/target_1.png
40,876,modular,5,e,img/target_3.png
40,877,modular,4,q,img/target_1.png
40,878,modular,2,i,img/target_8.png
40,879,modular,1,r,img/target_4.png
40,880,modular,2,i,img/target_8.png
40,881,modular,4,q,img/target_1.png
40,882,modular,3,p,img/target_10.png
40,883,modular,2,i,img/target_8.png
40,884,modular,3,p,img/target_10.png
40,885,modular,1,r,img/target_4.png
40,886,modular,3,p,img/target_10.png
40,887,modular,0,o,img/target_9.png
40,888,modular,1,r,img/target_4.png
40,889,modular,2,i,img/target_8.png
40,890,modular,4,q,img/target_1.png
40,891,modular,2,i,img/target_8.png
40,892,modular,1,r,img/target_4.png
40,893,modular,2,i,img/target_8.png
40,894,modular,3,p,img/target_10.png
40,895,modular,4,q,img/target_1.png
40,896,modular,2,i,img/target_8.png
40,897,modular,0,o,img/target_9.png
40,898,modular,2,i,img/target_8.png
40,899,modular,0,o,img/target_9.png
40,900,modular,9,u,img/target_7.png
40,901,modular,8,v,img/target_5.png
40,902,modular,7,w,img/target_2.png
40,903,modular,9,u,img/target_7.png
40,904,modular,6,b,img/target_6.png
40,905,modular,9,u,img/target_7.png
40,906,modular,0,o,img/target_9.png
40,907,modular,9,u,img/target_7.png
40,908,modular,6,b,img/target_6.png
40,909,modular,7,w,img/target_2.png
40,910,modular,9,u,img/target_7.png
40,911,modular,8,v,img/target_5.png
40,912,modular,5,e,img/target_3.png
40,913,modular,8,v,img/target_5.png
40,914,modular,9,u,img/target_7.png
40,915,modular,8,v,img/target_5.png
40,916,modular,7,w,img/target_2.png
40,917,modular,8,v,img/target_5.png
40,918,modular,7,w,img/target_2.png
40,919,modular,8,v,img/target_5.png
40,920,modular,9,u,img/target_7.png
40,921,modular,0,o,img/target_9.png
40,922,modular,2,i,img/target_8.png
40,923,modular,1,r,img/target_4.png
40,924,modular,0,o,img/target_9.png
40,925,modular,1,r,img/target_4.png
40,926,modular,4,q,img/target_1.png
40,927,modular,3,p,img/target_10.png
40,928,modular,2,i,img/target_8.png
40,929,modular,0,o,img/target_9.png
40,930,modular,3,p,img/target_10.png
40,931,modular,4,q,img/target_1.png
40,932,modular,5,e,img/target_3.png
40,933,modular,4,q,img/target_1.png
40,934,modular,1,r,img/target_4.png
40,935,modular,4,q,img/target_1.png
40,936,modular,5,e,img/target_3.png
40,937,modular,7,w,img/target_2.png
40,938,modular,8,v,img/target_5.png
40,939,modular,9,u,img/target_7.png
40,940,modular,8,v,img/target_5.png
40,941,modular,5,e,img/target_3.png
40,942,modular,7,w,img/target_2.png
40,943,modular,8,v,img/target_5.png
40,944,modular,9,u,img/target_7.png
40,945,modular,6,b,img/target_6.png
40,946,modular,7,w,img/target_2.png
40,947,modular,5,e,img/target_3.png
40,948,modular,7,w,img/target_2.png
40,949,modular,6,b,img/target_6.png
40,950,modular,7,w,img/target_2.png
40,951,modular,6,b,img/target_6.png
40,952,modular,9,u,img/target_7.png
40,953,modular,0,o,img/target_9.png
40,954,modular,9,u,img/target_7.png
40,955,modular,7,w,img/target_2.png
40,956,modular,9,u,img/target_7.png
40,957,modular,0,o,img/target_9.png
40,958,modular,3,p,img/target_10.png
40,959,modular,2,i,img/target_8.png
40,960,modular,4,q,img/target_1.png
40,961,modular,1,r,img/target_4.png
40,962,modular,2,i,img/target_8.png
40,963,modular,1,r,img/target_4.png
40,964,modular,0,o,img/target_9.png
40,965,modular,9,u,img/target_7.png
40,966,modular,0,o,img/target_9.png
40,967,modular,9,u,img/target_7.png
40,968,modular,8,v,img/target_5.png
40,969,modular,6,b,img/target_6.png
40,970,modular,9,u,img/target_7.png
40,971,modular,8,v,img/target_5.png
40,972,modular,7,w,img/target_2.png
40,973,modular,8,v,img/target_5.png
40,974,modular,5,e,img/target_3.png
40,975,modular,7,w,img/target_2.png
40,976,modular,6,b,img/target_6.png
40,977,modular,5,e,img/target_3.png
40,978,modular,7,w,img/target_2.png
40,979,modular,5,e,img/target_3.png
40,980,modular,6,b,img/target_6.png
40,981,modular,5,e,img/target_3.png
40,982,modular,4,q,img/target_1.png
40,983,modular,2,i,img/target_8.png
40,984,modular,1,r,img/target_4.png
40,985,modular,0,o,img/target_9.png
40,986,modular,1,r,img/target_4.png
40,987,modular,0,o,img/target_9.png
40,988,modular,2,i,img/target_8.png
40,989,modular,1,r,img/target_4.png
40,990,modular,0,o,img/target_9.png
40,991,modular,3,p,img/target_10.png
40,992,modular,1,r,img/target_4.png
40,993,modular,4,q,img/target_1.png
40,994,modular,1,r,img/target_4.png
40,995,modular,3,p,img/target_10.png
40,996,modular,0,o,img/target_9.png
40,997,modular,9,u,img/target_7.png
40,998,modular,0,o,img/target_9.png
40,999,modular,2,i,img/target_8.png
40,1000,modular,0,o,img/target_9.png
