pID,trialNum,graph,walk,resp,path
19,1,lattice,3,v,img/target_5.png
19,2,lattice,5,e,img/target_3.png
19,3,lattice,3,v,img/target_5.png
19,4,lattice,5,e,img/target_3.png
19,5,lattice,6,i,img/target_8.png
19,6,lattice,7,q,img/target_1.png
19,7,lattice,8,p,img/target_10.png
19,8,lattice,9,u,img/target_7.png
19,9,lattice,7,q,img/target_1.png
19,10,lattice,8,p,img/target_10.png
19,11,lattice,6,i,img/target_8.png
19,12,lattice,5,e,img/target_3.png
19,13,lattice,4,b,img/target_6.png
19,14,lattice,5,e,img/target_3.png
19,15,lattice,6,i,img/target_8.png
19,16,lattice,7,q,img/target_1.png
19,17,lattice,6,i,img/target_8.png
19,18,lattice,7,q,img/target_1.png
19,19,lattice,5,e,img/target_3.png
19,20,lattice,3,v,img/target_5.png
19,21,lattice,4,b,img/target_6.png
19,22,lattice,3,v,img/target_5.png
19,23,lattice,4,b,img/target_6.png
19,24,lattice,5,e,img/target_3.png
19,25,lattice,6,i,img/target_8.png
19,26,lattice,8,p,img/target_10.png
19,27,lattice,7,q,img/target_1.png
19,28,lattice,5,e,img/target_3.png
19,29,lattice,7,q,img/target_1.png
19,30,lattice,9,u,img/target_7.png
19,31,lattice,7,q,img/target_1.png
19,32,lattice,9,u,img/target_7.png
19,33,lattice,0,o,img/target_9.png
19,34,lattice,2,r,img/target_4.png
19,35,lattice,0,o,img/target_9.png
19,36,lattice,8,p,img/target_10.png
19,37,lattice,9,u,img/target_7.png
19,38,lattice,7,q,img/target_1.png
19,39,lattice,5,e,img/target_3.png
19,40,lattice,7,q,img/target_1.png
19,41,lattice,6,i,img/target_8.png
19,42,lattice,4,b,img/target_6.png
19,43,lattice,5,e,img/target_3.png
19,44,lattice,3,v,img/target_5.png
19,45,lattice,1,w,img/target_2.png
19,46,lattice,0,o,img/target_9.png
19,47,lattice,1,w,img/target_2.png
19,48,lattice,9,u,img/target_7.png
19,49,lattice,1,w,img/target_2.png
19,50,lattice,2,r,img/target_4.png
19,51,lattice,3,v,img/target_5.png
19,52,lattice,5,e,img/target_3.png
19,53,lattice,7,q,img/target_1.png
19,54,lattice,5,e,img/target_3.png
19,55,lattice,4,b,img/target_6.png
19,56,lattice,2,r,img/target_4.png
19,57,lattice,0,o,img/target_9.png
19,58,lattice,1,w,img/target_2.png
19,59,lattice,0,o,img/target_9.png
19,60,lattice,1,w,img/target_2.png
19,61,lattice,3,v,img/target_5.png
19,62,lattice,4,b,img/target_6.png
19,63,lattice,6,i,img/target_8.png
19,64,lattice,5,e,img/target_3.png
19,65,lattice,7,q,img/target_1.png
19,66,lattice,8,p,img/target_10.png
19,67,lattice,9,u,img/target_7.png
19,68,lattice,0,o,img/target_9.png
19,69,lattice,1,w,img/target_2.png
19,70,lattice,9,u,img/target_7.png
19,71,lattice,8,p,img/target_10.png
19,72,lattice,9,u,img/target_7.png
19,73,lattice,8,p,img/target_10.png
19,74,lattice,0,o,img/target_9.png
19,75,lattice,8,p,img/target_10.png
19,76,lattice,9,u,img/target_7.png
19,77,lattice,0,o,img/target_9.png
19,78,lattice,8,p,img/target_10.png
19,79,lattice,6,i,img/target_8.png
19,80,lattice,7,q,img/target_1.png
19,81,lattice,5,e,img/target_3.png
19,82,lattice,3,v,img/target_5.png
19,83,lattice,2,r,img/target_4.png
19,84,lattice,4,b,img/target_6.png
19,85,lattice,5,e,img/target_3.png
19,86,lattice,7,q,img/target_1.png
19,87,lattice,8,p,img/target_10.png
19,88,lattice,6,i,img/target_8.png
19,89,lattice,7,q,img/target_1.png
19,90,lattice,5,e,img/target_3.png
19,91,lattice,6,i,img/target_8.png
19,92,lattice,4,b,img/target_6.png
19,93,lattice,3,v,img/target_5.png
19,94,lattice,2,r,img/target_4.png
19,95,lattice,4,b,img/target_6.png
19,96,lattice,6,i,img/target_8.png
19,97,lattice,5,e,img/target_3.png
19,98,lattice,3,v,img/target_5.png
19,99,lattice,2,r,img/target_4.png
19,100,lattice,1,w,img/target_2.png
19,101,lattice,2,r,img/target_4.png
19,102,lattice,3,v,img/target_5.png
19,103,lattice,2,r,img/target_4.png
19,104,lattice,1,w,img/target_2.png
19,105,lattice,9,u,img/target_7.png
19,106,lattice,8,p,img/target_10.png
19,107,lattice,0,o,img/target_9.png
19,108,lattice,8,p,img/target_10.png
19,109,lattice,7,q,img/target_1.png
19,110,lattice,6,i,img/target_8.png
19,111,lattice,5,e,img/target_3.png
19,112,lattice,7,q,img/target_1.png
19,113,lattice,5,e,img/target_3.png
19,114,lattice,7,q,img/target_1.png
19,115,lattice,6,i,img/target_8.png
19,116,lattice,5,e,img/target_3.png
19,117,lattice,6,i,img/target_8.png
19,118,lattice,4,b,img/target_6.png
19,119,lattice,5,e,img/target_3.png
19,120,lattice,4,b,img/target_6.png
19,121,lattice,3,v,img/target_5.png
19,122,lattice,1,w,img/target_2.png
19,123,lattice,0,o,img/target_9.png
19,124,lattice,9,u,img/target_7.png
19,125,lattice,1,w,img/target_2.png
19,126,lattice,9,u,img/target_7.png
19,127,lattice,7,q,img/target_1.png
19,128,lattice,8,p,img/target_10.png
19,129,lattice,7,q,img/target_1.png
19,130,lattice,6,i,img/target_8.png
19,131,lattice,5,e,img/target_3.png
19,132,lattice,4,b,img/target_6.png
19,133,lattice,5,e,img/target_3.png
19,134,lattice,6,i,img/target_8.png
19,135,lattice,7,q,img/target_1.png
19,136,lattice,8,p,img/target_10.png
19,137,lattice,9,u,img/target_7.png
19,138,lattice,1,w,img/target_2.png
19,139,lattice,0,o,img/target_9.png
19,140,lattice,2,r,img/target_4.png
19,141,lattice,4,b,img/target_6.png
19,142,lattice,2,r,img/target_4.png
19,143,lattice,1,w,img/target_2.png
19,144,lattice,3,v,img/target_5.png
19,145,lattice,1,w,img/target_2.png
19,146,lattice,2,r,img/target_4.png
19,147,lattice,4,b,img/target_6.png
19,148,lattice,5,e,img/target_3.png
19,149,lattice,6,i,img/target_8.png
19,150,lattice,4,b,img/target_6.png
19,151,lattice,6,i,img/target_8.png
19,152,lattice,7,q,img/target_1.png
19,153,lattice,8,p,img/target_10.png
19,154,lattice,6,i,img/target_8.png
19,155,lattice,4,b,img/target_6.png
19,156,lattice,3,v,img/target_5.png
19,157,lattice,1,w,img/target_2.png
19,158,lattice,2,r,img/target_4.png
19,159,lattice,0,o,img/target_9.png
19,160,lattice,2,r,img/target_4.png
19,161,lattice,3,v,img/target_5.png
19,162,lattice,1,w,img/target_2.png
19,163,lattice,0,o,img/target_9.png
19,164,lattice,8,p,img/target_10.png
19,165,lattice,0,o,img/target_9.png
19,166,lattice,2,r,img/target_4.png
19,167,lattice,0,o,img/target_9.png
19,168,lattice,2,r,img/target_4.png
19,169,lattice,3,v,img/target_5.png
19,170,lattice,4,b,img/target_6.png
19,171,lattice,5,e,img/target_3.png
19,172,lattice,4,b,img/target_6.png
19,173,lattice,6,i,img/target_8.png
19,174,lattice,4,b,img/target_6.png
19,175,lattice,2,r,img/target_4.png
19,176,lattice,3,v,img/target_5.png
19,177,lattice,2,r,img/target_4.png
19,178,lattice,0,o,img/target_9.png
19,179,lattice,2,r,img/target_4.png
19,180,lattice,0,o,img/target_9.png
19,181,lattice,8,p,img/target_10.png
19,182,lattice,7,q,img/target_1.png
19,183,lattice,9,u,img/target_7.png
19,184,lattice,8,p,img/target_10.png
19,185,lattice,0,o,img/target_9.png
19,186,lattice,9,u,img/target_7.png
19,187,lattice,1,w,img/target_2.png
19,188,lattice,9,u,img/target_7.png
19,189,lattice,1,w,img/target_2.png
19,190,lattice,0,o,img/target_9.png
19,191,lattice,8,p,img/target_10.png
19,192,lattice,7,q,img/target_1.png
19,193,lattice,9,u,img/target_7.png
19,194,lattice,1,w,img/target_2.png
19,195,lattice,2,r,img/target_4.png
19,196,lattice,4,b,img/target_6.png
19,197,lattice,3,v,img/target_5.png
19,198,lattice,4,b,img/target_6.png
19,199,lattice,3,v,img/target_5.png
19,200,lattice,4,b,img/target_6.png
19,201,lattice,6,i,img/target_8.png
19,202,lattice,8,p,img/target_10.png
19,203,lattice,9,u,img/target_7.png
19,204,lattice,0,o,img/target_9.png
19,205,lattice,1,w,img/target_2.png
19,206,lattice,3,v,img/target_5.png
19,207,lattice,5,e,img/target_3.png
19,208,lattice,4,b,img/target_6.png
19,209,lattice,6,i,img/target_8.png
19,210,lattice,8,p,img/target_10.png
19,211,lattice,7,q,img/target_1.png
19,212,lattice,8,p,img/target_10.png
19,213,lattice,0,o,img/target_9.png
19,214,lattice,8,p,img/target_10.png
19,215,lattice,7,q,img/target_1.png
19,216,lattice,8,p,img/target_10.png
19,217,lattice,0,o,img/target_9.png
19,218,lattice,2,r,img/target_4.png
19,219,lattice,1,w,img/target_2.png
19,220,lattice,0,o,img/target_9.png
19,221,lattice,1,w,img/target_2.png
19,222,lattice,0,o,img/target_9.png
19,223,lattice,8,p,img/target_10.png
19,224,lattice,9,u,img/target_7.png
19,225,lattice,8,p,img/target_10.png
19,226,lattice,9,u,img/target_7.png
19,227,lattice,0,o,img/target_9.png
19,228,lattice,2,r,img/target_4.png
19,229,lattice,0,o,img/target_9.png
19,230,lattice,8,p,img/target_10.png
19,231,lattice,6,i,img/target_8.png
19,232,lattice,7,q,img/target_1.png
19,233,lattice,9,u,img/target_7.png
19,234,lattice,1,w,img/target_2.png
19,235,lattice,2,r,img/target_4.png
19,236,lattice,0,o,img/target_9.png
19,237,lattice,9,u,img/target_7.png
19,238,lattice,8,p,img/target_10.png
19,239,lattice,0,o,img/target_9.png
19,240,lattice,9,u,img/target_7.png
19,241,lattice,0,o,img/target_9.png
19,242,lattice,9,u,img/target_7.png
19,243,lattice,7,q,img/target_1.png
19,244,lattice,6,i,img/target_8.png
19,245,lattice,8,p,img/target_10.png
19,246,lattice,7,q,img/target_1.png
19,247,lattice,6,i,img/target_8.png
19,248,lattice,8,p,img/target_10.png
19,249,lattice,9,u,img/target_7.png
19,250,lattice,8,p,img/target_10.png
19,251,lattice,0,o,img/target_9.png
19,252,lattice,9,u,img/target_7.png
19,253,lattice,1,w,img/target_2.png
19,254,lattice,0,o,img/target_9.png
19,255,lattice,9,u,img/target_7.png
19,256,lattice,1,w,img/target_2.png
19,257,lattice,9,u,img/target_7.png
19,258,lattice,1,w,img/target_2.png
19,259,lattice,0,o,img/target_9.png
19,260,lattice,1,w,img/target_2.png
19,261,lattice,9,u,img/target_7.png
19,262,lattice,7,q,img/target_1.png
19,263,lattice,8,p,img/target_10.png
19,264,lattice,6,i,img/target_8.png
19,265,lattice,5,e,img/target_3.png
19,266,lattice,7,q,img/target_1.png
19,267,lattice,8,p,img/target_10.png
19,268,lattice,0,o,img/target_9.png
19,269,lattice,8,p,img/target_10.png
19,270,lattice,9,u,img/target_7.png
19,271,lattice,1,w,img/target_2.png
19,272,lattice,2,r,img/target_4.png
19,273,lattice,3,v,img/target_5.png
19,274,lattice,2,r,img/target_4.png
19,275,lattice,0,o,img/target_9.png
19,276,lattice,9,u,img/target_7.png
19,277,lattice,0,o,img/target_9.png
19,278,lattice,9,u,img/target_7.png
19,279,lattice,7,q,img/target_1.png
19,280,lattice,8,p,img/target_10.png
19,281,lattice,0,o,img/target_9.png
19,282,lattice,9,u,img/target_7.png
19,283,lattice,7,q,img/target_1.png
19,284,lattice,5,e,img/target_3.png
19,285,lattice,3,v,img/target_5.png
19,286,lattice,4,b,img/target_6.png
19,287,lattice,6,i,img/target_8.png
19,288,lattice,7,q,img/target_1.png
19,289,lattice,6,i,img/target_8.png
19,290,lattice,5,e,img/target_3.png
19,291,lattice,6,i,img/target_8.png
19,292,lattice,4,b,img/target_6.png
19,293,lattice,5,e,img/target_3.png
19,294,lattice,4,b,img/target_6.png
19,295,lattice,2,r,img/target_4.png
19,296,lattice,3,v,img/target_5.png
19,297,lattice,2,r,img/target_4.png
19,298,lattice,4,b,img/target_6.png
19,299,lattice,6,i,img/target_8.png
19,300,lattice,4,b,img/target_6.png
19,301,lattice,3,v,img/target_5.png
19,302,lattice,4,b,img/target_6.png
19,303,lattice,6,i,img/target_8.png
19,304,lattice,4,b,img/target_6.png
19,305,lattice,6,i,img/target_8.png
19,306,lattice,5,e,img/target_3.png
19,307,lattice,7,q,img/target_1.png
19,308,lattice,8,p,img/target_10.png
19,309,lattice,9,u,img/target_7.png
19,310,lattice,1,w,img/target_2.png
19,311,lattice,0,o,img/target_9.png
19,312,lattice,9,u,img/target_7.png
19,313,lattice,1,w,img/target_2.png
19,314,lattice,9,u,img/target_7.png
19,315,lattice,8,p,img/target_10.png
19,316,lattice,6,i,img/target_8.png
19,317,lattice,7,q,img/target_1.png
19,318,lattice,5,e,img/target_3.png
19,319,lattice,7,q,img/target_1.png
19,320,lattice,6,i,img/target_8.png
19,321,lattice,7,q,img/target_1.png
19,322,lattice,6,i,img/target_8.png
19,323,lattice,7,q,img/target_1.png
19,324,lattice,6,i,img/target_8.png
19,325,lattice,4,b,img/target_6.png
19,326,lattice,3,v,img/target_5.png
19,327,lattice,2,r,img/target_4.png
19,328,lattice,0,o,img/target_9.png
19,329,lattice,9,u,img/target_7.png
19,330,lattice,0,o,img/target_9.png
19,331,lattice,2,r,img/target_4.png
19,332,lattice,0,o,img/target_9.png
19,333,lattice,2,r,img/target_4.png
19,334,lattice,4,b,img/target_6.png
19,335,lattice,3,v,img/target_5.png
19,336,lattice,1,w,img/target_2.png
19,337,lattice,0,o,img/target_9.png
19,338,lattice,1,w,img/target_2.png
19,339,lattice,0,o,img/target_9.png
19,340,lattice,9,u,img/target_7.png
19,341,lattice,8,p,img/target_10.png
19,342,lattice,7,q,img/target_1.png
19,343,lattice,8,p,img/target_10.png
19,344,lattice,6,i,img/target_8.png
19,345,lattice,8,p,img/target_10.png
19,346,lattice,9,u,img/target_7.png
19,347,lattice,0,o,img/target_9.png
19,348,lattice,1,w,img/target_2.png
19,349,lattice,2,r,img/target_4.png
19,350,lattice,0,o,img/target_9.png
19,351,lattice,1,w,img/target_2.png
19,352,lattice,3,v,img/target_5.png
19,353,lattice,4,b,img/target_6.png
19,354,lattice,3,v,img/target_5.png
19,355,lattice,1,w,img/target_2.png
19,356,lattice,0,o,img/target_9.png
19,357,lattice,9,u,img/target_7.png
19,358,lattice,7,q,img/target_1.png
19,359,lattice,5,e,img/target_3.png
19,360,lattice,6,i,img/target_8.png
19,361,lattice,8,p,img/target_10.png
19,362,lattice,6,i,img/target_8.png
19,363,lattice,7,q,img/target_1.png
19,364,lattice,6,i,img/target_8.png
19,365,lattice,8,p,img/target_10.png
19,366,lattice,0,o,img/target_9.png
19,367,lattice,1,w,img/target_2.png
19,368,lattice,9,u,img/target_7.png
19,369,lattice,0,o,img/target_9.png
19,370,lattice,2,r,img/target_4.png
19,371,lattice,4,b,img/target_6.png
19,372,lattice,5,e,img/target_3.png
19,373,lattice,4,b,img/target_6.png
19,374,lattice,2,r,img/target_4.png
19,375,lattice,3,v,img/target_5.png
19,376,lattice,2,r,img/target_4.png
19,377,lattice,4,b,img/target_6.png
19,378,lattice,5,e,img/target_3.png
19,379,lattice,4,b,img/target_6.png
19,380,lattice,5,e,img/target_3.png
19,381,lattice,4,b,img/target_6.png
19,382,lattice,5,e,img/target_3.png
19,383,lattice,3,v,img/target_5.png
19,384,lattice,2,r,img/target_4.png
19,385,lattice,1,w,img/target_2.png
19,386,lattice,2,r,img/target_4.png
19,387,lattice,3,v,img/target_5.png
19,388,lattice,1,w,img/target_2.png
19,389,lattice,3,v,img/target_5.png
19,390,lattice,4,b,img/target_6.png
19,391,lattice,3,v,img/target_5.png
19,392,lattice,2,r,img/target_4.png
19,393,lattice,3,v,img/target_5.png
19,394,lattice,2,r,img/target_4.png
19,395,lattice,4,b,img/target_6.png
19,396,lattice,5,e,img/target_3.png
19,397,lattice,6,i,img/target_8.png
19,398,lattice,4,b,img/target_6.png
19,399,lattice,2,r,img/target_4.png
19,400,lattice,4,b,img/target_6.png
19,401,lattice,3,v,img/target_5.png
19,402,lattice,1,w,img/target_2.png
19,403,lattice,3,v,img/target_5.png
19,404,lattice,1,w,img/target_2.png
19,405,lattice,9,u,img/target_7.png
19,406,lattice,0,o,img/target_9.png
19,407,lattice,1,w,img/target_2.png
19,408,lattice,0,o,img/target_9.png
19,409,lattice,1,w,img/target_2.png
19,410,lattice,9,u,img/target_7.png
19,411,lattice,7,q,img/target_1.png
19,412,lattice,6,i,img/target_8.png
19,413,lattice,4,b,img/target_6.png
19,414,lattice,3,v,img/target_5.png
19,415,lattice,4,b,img/target_6.png
19,416,lattice,2,r,img/target_4.png
19,417,lattice,1,w,img/target_2.png
19,418,lattice,9,u,img/target_7.png
19,419,lattice,8,p,img/target_10.png
19,420,lattice,7,q,img/target_1.png
19,421,lattice,8,p,img/target_10.png
19,422,lattice,0,o,img/target_9.png
19,423,lattice,2,r,img/target_4.png
19,424,lattice,0,o,img/target_9.png
19,425,lattice,9,u,img/target_7.png
19,426,lattice,1,w,img/target_2.png
19,427,lattice,3,v,img/target_5.png
19,428,lattice,1,w,img/target_2.png
19,429,lattice,0,o,img/target_9.png
19,430,lattice,8,p,img/target_10.png
19,431,lattice,0,o,img/target_9.png
19,432,lattice,8,p,img/target_10.png
19,433,lattice,9,u,img/target_7.png
19,434,lattice,8,p,img/target_10.png
19,435,lattice,0,o,img/target_9.png
19,436,lattice,8,p,img/target_10.png
19,437,lattice,0,o,img/target_9.png
19,438,lattice,8,p,img/target_10.png
19,439,lattice,7,q,img/target_1.png
19,440,lattice,5,e,img/target_3.png
19,441,lattice,7,q,img/target_1.png
19,442,lattice,6,i,img/target_8.png
19,443,lattice,7,q,img/target_1.png
19,444,lattice,6,i,img/target_8.png
19,445,lattice,8,p,img/target_10.png
19,446,lattice,6,i,img/target_8.png
19,447,lattice,7,q,img/target_1.png
19,448,lattice,6,i,img/target_8.png
19,449,lattice,4,b,img/target_6.png
19,450,lattice,2,r,img/target_4.png
19,451,lattice,0,o,img/target_9.png
19,452,lattice,9,u,img/target_7.png
19,453,lattice,0,o,img/target_9.png
19,454,lattice,8,p,img/target_10.png
19,455,lattice,6,i,img/target_8.png
19,456,lattice,4,b,img/target_6.png
19,457,lattice,5,e,img/target_3.png
19,458,lattice,6,i,img/target_8.png
19,459,lattice,4,b,img/target_6.png
19,460,lattice,6,i,img/target_8.png
19,461,lattice,7,q,img/target_1.png
19,462,lattice,6,i,img/target_8.png
19,463,lattice,7,q,img/target_1.png
19,464,lattice,9,u,img/target_7.png
19,465,lattice,7,q,img/target_1.png
19,466,lattice,9,u,img/target_7.png
19,467,lattice,0,o,img/target_9.png
19,468,lattice,8,p,img/target_10.png
19,469,lattice,0,o,img/target_9.png
19,470,lattice,2,r,img/target_4.png
19,471,lattice,0,o,img/target_9.png
19,472,lattice,8,p,img/target_10.png
19,473,lattice,7,q,img/target_1.png
19,474,lattice,6,i,img/target_8.png
19,475,lattice,5,e,img/target_3.png
19,476,lattice,7,q,img/target_1.png
19,477,lattice,8,p,img/target_10.png
19,478,lattice,9,u,img/target_7.png
19,479,lattice,7,q,img/target_1.png
19,480,lattice,9,u,img/target_7.png
19,481,lattice,0,o,img/target_9.png
19,482,lattice,9,u,img/target_7.png
19,483,lattice,1,w,img/target_2.png
19,484,lattice,2,r,img/target_4.png
19,485,lattice,4,b,img/target_6.png
19,486,lattice,3,v,img/target_5.png
19,487,lattice,4,b,img/target_6.png
19,488,lattice,5,e,img/target_3.png
19,489,lattice,7,q,img/target_1.png
19,490,lattice,5,e,img/target_3.png
19,491,lattice,4,b,img/target_6.png
19,492,lattice,2,r,img/target_4.png
19,493,lattice,3,v,img/target_5.png
19,494,lattice,1,w,img/target_2.png
19,495,lattice,9,u,img/target_7.png
19,496,lattice,1,w,img/target_2.png
19,497,lattice,0,o,img/target_9.png
19,498,lattice,8,p,img/target_10.png
19,499,lattice,6,i,img/target_8.png
19,500,lattice,8,p,img/target_10.png
19,501,lattice,7,q,img/target_1.png
19,502,lattice,6,i,img/target_8.png
19,503,lattice,7,q,img/target_1.png
19,504,lattice,6,i,img/target_8.png
19,505,lattice,7,q,img/target_1.png
19,506,lattice,9,u,img/target_7.png
19,507,lattice,8,p,img/target_10.png
19,508,lattice,7,q,img/target_1.png
19,509,lattice,6,i,img/target_8.png
19,510,lattice,4,b,img/target_6.png
19,511,lattice,5,e,img/target_3.png
19,512,lattice,4,b,img/target_6.png
19,513,lattice,6,i,img/target_8.png
19,514,lattice,4,b,img/target_6.png
19,515,lattice,5,e,img/target_3.png
19,516,lattice,4,b,img/target_6.png
19,517,lattice,2,r,img/target_4.png
19,518,lattice,1,w,img/target_2.png
19,519,lattice,0,o,img/target_9.png
19,520,lattice,9,u,img/target_7.png
19,521,lattice,0,o,img/target_9.png
19,522,lattice,1,w,img/target_2.png
19,523,lattice,2,r,img/target_4.png
19,524,lattice,4,b,img/target_6.png
19,525,lattice,2,r,img/target_4.png
19,526,lattice,4,b,img/target_6.png
19,527,lattice,2,r,img/target_4.png
19,528,lattice,1,w,img/target_2.png
19,529,lattice,2,r,img/target_4.png
19,530,lattice,0,o,img/target_9.png
19,531,lattice,1,w,img/target_2.png
19,532,lattice,9,u,img/target_7.png
19,533,lattice,1,w,img/target_2.png
19,534,lattice,2,r,img/target_4.png
19,535,lattice,4,b,img/target_6.png
19,536,lattice,3,v,img/target_5.png
19,537,lattice,2,r,img/target_4.png
19,538,lattice,3,v,img/target_5.png
19,539,lattice,5,e,img/target_3.png
19,540,lattice,3,v,img/target_5.png
19,541,lattice,2,r,img/target_4.png
19,542,lattice,4,b,img/target_6.png
19,543,lattice,3,v,img/target_5.png
19,544,lattice,2,r,img/target_4.png
19,545,lattice,1,w,img/target_2.png
19,546,lattice,9,u,img/target_7.png
19,547,lattice,8,p,img/target_10.png
19,548,lattice,7,q,img/target_1.png
19,549,lattice,8,p,img/target_10.png
19,550,lattice,7,q,img/target_1.png
19,551,lattice,9,u,img/target_7.png
19,552,lattice,8,p,img/target_10.png
19,553,lattice,0,o,img/target_9.png
19,554,lattice,8,p,img/target_10.png
19,555,lattice,9,u,img/target_7.png
19,556,lattice,1,w,img/target_2.png
19,557,lattice,0,o,img/target_9.png
19,558,lattice,8,p,img/target_10.png
19,559,lattice,6,i,img/target_8.png
19,560,lattice,8,p,img/target_10.png
19,561,lattice,0,o,img/target_9.png
19,562,lattice,2,r,img/target_4.png
19,563,lattice,4,b,img/target_6.png
19,564,lattice,6,i,img/target_8.png
19,565,lattice,8,p,img/target_10.png
19,566,lattice,6,i,img/target_8.png
19,567,lattice,4,b,img/target_6.png
19,568,lattice,5,e,img/target_3.png
19,569,lattice,6,i,img/target_8.png
19,570,lattice,5,e,img/target_3.png
19,571,lattice,6,i,img/target_8.png
19,572,lattice,4,b,img/target_6.png
19,573,lattice,6,i,img/target_8.png
19,574,lattice,5,e,img/target_3.png
19,575,lattice,7,q,img/target_1.png
19,576,lattice,9,u,img/target_7.png
19,577,lattice,0,o,img/target_9.png
19,578,lattice,8,p,img/target_10.png
19,579,lattice,0,o,img/target_9.png
19,580,lattice,2,r,img/target_4.png
19,581,lattice,0,o,img/target_9.png
19,582,lattice,2,r,img/target_4.png
19,583,lattice,0,o,img/target_9.png
19,584,lattice,1,w,img/target_2.png
19,585,lattice,9,u,img/target_7.png
19,586,lattice,7,q,img/target_1.png
19,587,lattice,5,e,img/target_3.png
19,588,lattice,6,i,img/target_8.png
19,589,lattice,5,e,img/target_3.png
19,590,lattice,4,b,img/target_6.png
19,591,lattice,2,r,img/target_4.png
19,592,lattice,4,b,img/target_6.png
19,593,lattice,5,e,img/target_3.png
19,594,lattice,7,q,img/target_1.png
19,595,lattice,6,i,img/target_8.png
19,596,lattice,5,e,img/target_3.png
19,597,lattice,4,b,img/target_6.png
19,598,lattice,6,i,img/target_8.png
19,599,lattice,4,b,img/target_6.png
19,600,lattice,5,e,img/target_3.png
19,601,lattice,7,q,img/target_1.png
19,602,lattice,6,i,img/target_8.png
19,603,lattice,7,q,img/target_1.png
19,604,lattice,5,e,img/target_3.png
19,605,lattice,4,b,img/target_6.png
19,606,lattice,3,v,img/target_5.png
19,607,lattice,1,w,img/target_2.png
19,608,lattice,0,o,img/target_9.png
19,609,lattice,2,r,img/target_4.png
19,610,lattice,3,v,img/target_5.png
19,611,lattice,5,e,img/target_3.png
19,612,lattice,6,i,img/target_8.png
19,613,lattice,8,p,img/target_10.png
19,614,lattice,9,u,img/target_7.png
19,615,lattice,7,q,img/target_1.png
19,616,lattice,8,p,img/target_10.png
19,617,lattice,6,i,img/target_8.png
19,618,lattice,5,e,img/target_3.png
19,619,lattice,6,i,img/target_8.png
19,620,lattice,5,e,img/target_3.png
19,621,lattice,3,v,img/target_5.png
19,622,lattice,5,e,img/target_3.png
19,623,lattice,4,b,img/target_6.png
19,624,lattice,5,e,img/target_3.png
19,625,lattice,6,i,img/target_8.png
19,626,lattice,4,b,img/target_6.png
19,627,lattice,5,e,img/target_3.png
19,628,lattice,6,i,img/target_8.png
19,629,lattice,8,p,img/target_10.png
19,630,lattice,0,o,img/target_9.png
19,631,lattice,9,u,img/target_7.png
19,632,lattice,0,o,img/target_9.png
19,633,lattice,1,w,img/target_2.png
19,634,lattice,0,o,img/target_9.png
19,635,lattice,9,u,img/target_7.png
19,636,lattice,7,q,img/target_1.png
19,637,lattice,6,i,img/target_8.png
19,638,lattice,4,b,img/target_6.png
19,639,lattice,5,e,img/target_3.png
19,640,lattice,4,b,img/target_6.png
19,641,lattice,3,v,img/target_5.png
19,642,lattice,4,b,img/target_6.png
19,643,lattice,2,r,img/target_4.png
19,644,lattice,1,w,img/target_2.png
19,645,lattice,3,v,img/target_5.png
19,646,lattice,2,r,img/target_4.png
19,647,lattice,3,v,img/target_5.png
19,648,lattice,1,w,img/target_2.png
19,649,lattice,3,v,img/target_5.png
19,650,lattice,4,b,img/target_6.png
19,651,lattice,2,r,img/target_4.png
19,652,lattice,3,v,img/target_5.png
19,653,lattice,4,b,img/target_6.png
19,654,lattice,2,r,img/target_4.png
19,655,lattice,3,v,img/target_5.png
19,656,lattice,1,w,img/target_2.png
19,657,lattice,3,v,img/target_5.png
19,658,lattice,4,b,img/target_6.png
19,659,lattice,2,r,img/target_4.png
19,660,lattice,3,v,img/target_5.png
19,661,lattice,2,r,img/target_4.png
19,662,lattice,1,w,img/target_2.png
19,663,lattice,0,o,img/target_9.png
19,664,lattice,8,p,img/target_10.png
19,665,lattice,9,u,img/target_7.png
19,666,lattice,0,o,img/target_9.png
19,667,lattice,9,u,img/target_7.png
19,668,lattice,0,o,img/target_9.png
19,669,lattice,8,p,img/target_10.png
19,670,lattice,6,i,img/target_8.png
19,671,lattice,5,e,img/target_3.png
19,672,lattice,7,q,img/target_1.png
19,673,lattice,6,i,img/target_8.png
19,674,lattice,5,e,img/target_3.png
19,675,lattice,7,q,img/target_1.png
19,676,lattice,6,i,img/target_8.png
19,677,lattice,7,q,img/target_1.png
19,678,lattice,5,e,img/target_3.png
19,679,lattice,6,i,img/target_8.png
19,680,lattice,8,p,img/target_10.png
19,681,lattice,7,q,img/target_1.png
19,682,lattice,8,p,img/target_10.png
19,683,lattice,6,i,img/target_8.png
19,684,lattice,7,q,img/target_1.png
19,685,lattice,9,u,img/target_7.png
19,686,lattice,8,p,img/target_10.png
19,687,lattice,6,i,img/target_8.png
19,688,lattice,5,e,img/target_3.png
19,689,lattice,7,q,img/target_1.png
19,690,lattice,5,e,img/target_3.png
19,691,lattice,6,i,img/target_8.png
19,692,lattice,8,p,img/target_10.png
19,693,lattice,7,q,img/target_1.png
19,694,lattice,6,i,img/target_8.png
19,695,lattice,7,q,img/target_1.png
19,696,lattice,6,i,img/target_8.png
19,697,lattice,5,e,img/target_3.png
19,698,lattice,4,b,img/target_6.png
19,699,lattice,5,e,img/target_3.png
19,700,lattice,4,b,img/target_6.png
19,701,lattice,3,v,img/target_5.png
19,702,lattice,2,r,img/target_4.png
19,703,lattice,4,b,img/target_6.png
19,704,lattice,2,r,img/target_4.png
19,705,lattice,4,b,img/target_6.png
19,706,lattice,2,r,img/target_4.png
19,707,lattice,4,b,img/target_6.png
19,708,lattice,6,i,img/target_8.png
19,709,lattice,5,e,img/target_3.png
19,710,lattice,6,i,img/target_8.png
19,711,lattice,8,p,img/target_10.png
19,712,lattice,7,q,img/target_1.png
19,713,lattice,9,u,img/target_7.png
19,714,lattice,0,o,img/target_9.png
19,715,lattice,2,r,img/target_4.png
19,716,lattice,1,w,img/target_2.png
19,717,lattice,9,u,img/target_7.png
19,718,lattice,8,p,img/target_10.png
19,719,lattice,7,q,img/target_1.png
19,720,lattice,9,u,img/target_7.png
19,721,lattice,0,o,img/target_9.png
19,722,lattice,8,p,img/target_10.png
19,723,lattice,9,u,img/target_7.png
19,724,lattice,7,q,img/target_1.png
19,725,lattice,5,e,img/target_3.png
19,726,lattice,4,b,img/target_6.png
19,727,lattice,3,v,img/target_5.png
19,728,lattice,4,b,img/target_6.png
19,729,lattice,3,v,img/target_5.png
19,730,lattice,1,w,img/target_2.png
19,731,lattice,0,o,img/target_9.png
19,732,lattice,9,u,img/target_7.png
19,733,lattice,1,w,img/target_2.png
19,734,lattice,3,v,img/target_5.png
19,735,lattice,1,w,img/target_2.png
19,736,lattice,0,o,img/target_9.png
19,737,lattice,8,p,img/target_10.png
19,738,lattice,9,u,img/target_7.png
19,739,lattice,1,w,img/target_2.png
19,740,lattice,2,r,img/target_4.png
19,741,lattice,4,b,img/target_6.png
19,742,lattice,3,v,img/target_5.png
19,743,lattice,2,r,img/target_4.png
19,744,lattice,3,v,img/target_5.png
19,745,lattice,4,b,img/target_6.png
19,746,lattice,5,e,img/target_3.png
19,747,lattice,4,b,img/target_6.png
19,748,lattice,5,e,img/target_3.png
19,749,lattice,7,q,img/target_1.png
19,750,lattice,9,u,img/target_7.png
19,751,lattice,7,q,img/target_1.png
19,752,lattice,5,e,img/target_3.png
19,753,lattice,6,i,img/target_8.png
19,754,lattice,4,b,img/target_6.png
19,755,lattice,6,i,img/target_8.png
19,756,lattice,5,e,img/target_3.png
19,757,lattice,4,b,img/target_6.png
19,758,lattice,3,v,img/target_5.png
19,759,lattice,2,r,img/target_4.png
19,760,lattice,1,w,img/target_2.png
19,761,lattice,3,v,img/target_5.png
19,762,lattice,4,b,img/target_6.png
19,763,lattice,6,i,img/target_8.png
19,764,lattice,7,q,img/target_1.png
19,765,lattice,9,u,img/target_7.png
19,766,lattice,7,q,img/target_1.png
19,767,lattice,6,i,img/target_8.png
19,768,lattice,8,p,img/target_10.png
19,769,lattice,0,o,img/target_9.png
19,770,lattice,9,u,img/target_7.png
19,771,lattice,7,q,img/target_1.png
19,772,lattice,5,e,img/target_3.png
19,773,lattice,4,b,img/target_6.png
19,774,lattice,2,r,img/target_4.png
19,775,lattice,1,w,img/target_2.png
19,776,lattice,9,u,img/target_7.png
19,777,lattice,8,p,img/target_10.png
19,778,lattice,0,o,img/target_9.png
19,779,lattice,2,r,img/target_4.png
19,780,lattice,1,w,img/target_2.png
19,781,lattice,2,r,img/target_4.png
19,782,lattice,4,b,img/target_6.png
19,783,lattice,2,r,img/target_4.png
19,784,lattice,3,v,img/target_5.png
19,785,lattice,5,e,img/target_3.png
19,786,lattice,6,i,img/target_8.png
19,787,lattice,4,b,img/target_6.png
19,788,lattice,5,e,img/target_3.png
19,789,lattice,3,v,img/target_5.png
19,790,lattice,5,e,img/target_3.png
19,791,lattice,3,v,img/target_5.png
19,792,lattice,4,b,img/target_6.png
19,793,lattice,3,v,img/target_5.png
19,794,lattice,5,e,img/target_3.png
19,795,lattice,7,q,img/target_1.png
19,796,lattice,6,i,img/target_8.png
19,797,lattice,4,b,img/target_6.png
19,798,lattice,3,v,img/target_5.png
19,799,lattice,1,w,img/target_2.png
19,800,lattice,9,u,img/target_7.png
19,801,lattice,7,q,img/target_1.png
19,802,lattice,6,i,img/target_8.png
19,803,lattice,5,e,img/target_3.png
19,804,lattice,7,q,img/target_1.png
19,805,lattice,6,i,img/target_8.png
19,806,lattice,8,p,img/target_10.png
19,807,lattice,6,i,img/target_8.png
19,808,lattice,4,b,img/target_6.png
19,809,lattice,3,v,img/target_5.png
19,810,lattice,5,e,img/target_3.png
19,811,lattice,7,q,img/target_1.png
19,812,lattice,6,i,img/target_8.png
19,813,lattice,4,b,img/target_6.png
19,814,lattice,6,i,img/target_8.png
19,815,lattice,8,p,img/target_10.png
19,816,lattice,7,q,img/target_1.png
19,817,lattice,6,i,img/target_8.png
19,818,lattice,7,q,img/target_1.png
19,819,lattice,8,p,img/target_10.png
19,820,lattice,6,i,img/target_8.png
19,821,lattice,5,e,img/target_3.png
19,822,lattice,6,i,img/target_8.png
19,823,lattice,7,q,img/target_1.png
19,824,lattice,8,p,img/target_10.png
19,825,lattice,7,q,img/target_1.png
19,826,lattice,9,u,img/target_7.png
19,827,lattice,8,p,img/target_10.png
19,828,lattice,6,i,img/target_8.png
19,829,lattice,5,e,img/target_3.png
19,830,lattice,3,v,img/target_5.png
19,831,lattice,1,w,img/target_2.png
19,832,lattice,9,u,img/target_7.png
19,833,lattice,8,p,img/target_10.png
19,834,lattice,0,o,img/target_9.png
19,835,lattice,2,r,img/target_4.png
19,836,lattice,3,v,img/target_5.png
19,837,lattice,1,w,img/target_2.png
19,838,lattice,2,r,img/target_4.png
19,839,lattice,4,b,img/target_6.png
19,840,lattice,2,r,img/target_4.png
19,841,lattice,4,b,img/target_6.png
19,842,lattice,2,r,img/target_4.png
19,843,lattice,1,w,img/target_2.png
19,844,lattice,0,o,img/target_9.png
19,845,lattice,1,w,img/target_2.png
19,846,lattice,0,o,img/target_9.png
19,847,lattice,2,r,img/target_4.png
19,848,lattice,0,o,img/target_9.png
19,849,lattice,2,r,img/target_4.png
19,850,lattice,3,v,img/target_5.png
19,851,lattice,5,e,img/target_3.png
19,852,lattice,7,q,img/target_1.png
19,853,lattice,5,e,img/target_3.png
19,854,lattice,3,v,img/target_5.png
19,855,lattice,4,b,img/target_6.png
19,856,lattice,2,r,img/target_4.png
19,857,lattice,0,o,img/target_9.png
19,858,lattice,8,p,img/target_10.png
19,859,lattice,6,i,img/target_8.png
19,860,lattice,7,q,img/target_1.png
19,861,lattice,5,e,img/target_3.png
19,862,lattice,7,q,img/target_1.png
19,863,lattice,6,i,img/target_8.png
19,864,lattice,8,p,img/target_10.png
19,865,lattice,9,u,img/target_7.png
19,866,lattice,1,w,img/target_2.png
19,867,lattice,9,u,img/target_7.png
19,868,lattice,0,o,img/target_9.png
19,869,lattice,8,p,img/target_10.png
19,870,lattice,9,u,img/target_7.png
19,871,lattice,7,q,img/target_1.png
19,872,lattice,9,u,img/target_7.png
19,873,lattice,8,p,img/target_10.png
19,874,lattice,0,o,img/target_9.png
19,875,lattice,2,r,img/target_4.png
19,876,lattice,3,v,img/target_5.png
19,877,lattice,1,w,img/target_2.png
19,878,lattice,0,o,img/target_9.png
19,879,lattice,2,r,img/target_4.png
19,880,lattice,0,o,img/target_9.png
19,881,lattice,9,u,img/target_7.png
19,882,lattice,8,p,img/target_10.png
19,883,lattice,9,u,img/target_7.png
19,884,lattice,7,q,img/target_1.png
19,885,lattice,6,i,img/target_8.png
19,886,lattice,4,b,img/target_6.png
19,887,lattice,5,e,img/target_3.png
19,888,lattice,4,b,img/target_6.png
19,889,lattice,6,i,img/target_8.png
19,890,lattice,4,b,img/target_6.png
19,891,lattice,6,i,img/target_8.png
19,892,lattice,5,e,img/target_3.png
19,893,lattice,6,i,img/target_8.png
19,894,lattice,8,p,img/target_10.png
19,895,lattice,7,q,img/target_1.png
19,896,lattice,6,i,img/target_8.png
19,897,lattice,5,e,img/target_3.png
19,898,lattice,6,i,img/target_8.png
19,899,lattice,5,e,img/target_3.png
19,900,lattice,3,v,img/target_5.png
19,901,lattice,4,b,img/target_6.png
19,902,lattice,6,i,img/target_8.png
19,903,lattice,7,q,img/target_1.png
19,904,lattice,5,e,img/target_3.png
19,905,lattice,7,q,img/target_1.png
19,906,lattice,6,i,img/target_8.png
19,907,lattice,5,e,img/target_3.png
19,908,lattice,6,i,img/target_8.png
19,909,lattice,4,b,img/target_6.png
19,910,lattice,5,e,img/target_3.png
19,911,lattice,6,i,img/target_8.png
19,912,lattice,4,b,img/target_6.png
19,913,lattice,2,r,img/target_4.png
19,914,lattice,4,b,img/target_6.png
19,915,lattice,2,r,img/target_4.png
19,916,lattice,3,v,img/target_5.png
19,917,lattice,1,w,img/target_2.png
19,918,lattice,9,u,img/target_7.png
19,919,lattice,0,o,img/target_9.png
19,920,lattice,9,u,img/target_7.png
19,921,lattice,8,p,img/target_10.png
19,922,lattice,9,u,img/target_7.png
19,923,lattice,8,p,img/target_10.png
19,924,lattice,9,u,img/target_7.png
19,925,lattice,7,q,img/target_1.png
19,926,lattice,5,e,img/target_3.png
19,927,lattice,3,v,img/target_5.png
19,928,lattice,5,e,img/target_3.png
19,929,lattice,6,i,img/target_8.png
19,930,lattice,4,b,img/target_6.png
19,931,lattice,6,i,img/target_8.png
19,932,lattice,7,q,img/target_1.png
19,933,lattice,9,u,img/target_7.png
19,934,lattice,1,w,img/target_2.png
19,935,lattice,2,r,img/target_4.png
19,936,lattice,4,b,img/target_6.png
19,937,lattice,5,e,img/target_3.png
19,938,lattice,6,i,img/target_8.png
19,939,lattice,4,b,img/target_6.png
19,940,lattice,6,i,img/target_8.png
19,941,lattice,8,p,img/target_10.png
19,942,lattice,6,i,img/target_8.png
19,943,lattice,5,e,img/target_3.png
19,944,lattice,7,q,img/target_1.png
19,945,lattice,5,e,img/target_3.png
19,946,lattice,3,v,img/target_5.png
19,947,lattice,1,w,img/target_2.png
19,948,lattice,2,r,img/target_4.png
19,949,lattice,4,b,img/target_6.png
19,950,lattice,2,r,img/target_4.png
19,951,lattice,4,b,img/target_6.png
19,952,lattice,3,v,img/target_5.png
19,953,lattice,2,r,img/target_4.png
19,954,lattice,0,o,img/target_9.png
19,955,lattice,1,w,img/target_2.png
19,956,lattice,3,v,img/target_5.png
19,957,lattice,2,r,img/target_4.png
19,958,lattice,4,b,img/target_6.png
19,959,lattice,6,i,img/target_8.png
19,960,lattice,5,e,img/target_3.png
19,961,lattice,7,q,img/target_1.png
19,962,lattice,5,e,img/target_3.png
19,963,lattice,4,b,img/target_6.png
19,964,lattice,2,r,img/target_4.png
19,965,lattice,3,v,img/target_5.png
19,966,lattice,5,e,img/target_3.png
19,967,lattice,6,i,img/target_8.png
19,968,lattice,5,e,img/target_3.png
19,969,lattice,3,v,img/target_5.png
19,970,lattice,1,w,img/target_2.png
19,971,lattice,0,o,img/target_9.png
19,972,lattice,9,u,img/target_7.png
19,973,lattice,1,w,img/target_2.png
19,974,lattice,0,o,img/target_9.png
19,975,lattice,2,r,img/target_4.png
19,976,lattice,3,v,img/target_5.png
19,977,lattice,5,e,img/target_3.png
19,978,lattice,3,v,img/target_5.png
19,979,lattice,1,w,img/target_2.png
19,980,lattice,3,v,img/target_5.png
19,981,lattice,2,r,img/target_4.png
19,982,lattice,3,v,img/target_5.png
19,983,lattice,2,r,img/target_4.png
19,984,lattice,4,b,img/target_6.png
19,985,lattice,3,v,img/target_5.png
19,986,lattice,5,e,img/target_3.png
19,987,lattice,4,b,img/target_6.png
19,988,lattice,3,v,img/target_5.png
19,989,lattice,4,b,img/target_6.png
19,990,lattice,3,v,img/target_5.png
19,991,lattice,4,b,img/target_6.png
19,992,lattice,6,i,img/target_8.png
19,993,lattice,5,e,img/target_3.png
19,994,lattice,7,q,img/target_1.png
19,995,lattice,6,i,img/target_8.png
19,996,lattice,4,b,img/target_6.png
19,997,lattice,6,i,img/target_8.png
19,998,lattice,5,e,img/target_3.png
19,999,lattice,3,v,img/target_5.png
19,1000,lattice,5,e,img/target_3.png
