pID,sess,trialNum,graph,walk,resp,path
60,3,1,modular,5,b,img/target_6.png
60,3,2,modular,8,p,img/target_10.png
60,3,3,modular,7,r,img/target_4.png
60,3,4,modular,8,p,img/target_10.png
60,3,5,modular,7,r,img/target_4.png
60,3,6,modular,8,p,img/target_10.png
60,3,7,modular,9,e,img/target_3.png
60,3,8,modular,6,o,img/target_9.png
60,3,9,modular,5,b,img/target_6.png
60,3,10,modular,7,r,img/target_4.png
60,3,11,modular,6,o,img/target_9.png
60,3,12,modular,7,r,img/target_4.png
60,3,13,modular,8,p,img/target_10.png
60,3,14,modular,9,e,img/target_3.png
60,3,15,modular,6,o,img/target_9.png
60,3,16,modular,8,p,img/target_10.png
60,3,17,modular,5,b,img/target_6.png
60,3,18,modular,6,o,img/target_9.png
60,3,19,modular,7,r,img/target_4.png
60,3,20,modular,5,b,img/target_6.png
60,3,21,modular,7,r,img/target_4.png
60,3,22,modular,6,o,img/target_9.png
60,3,23,modular,5,b,img/target_6.png
60,3,24,modular,4,q,img/target_1.png
60,3,25,modular,1,w,img/target_2.png
60,3,26,modular,2,v,img/target_5.png
60,3,27,modular,3,i,img/target_8.png
60,3,28,modular,2,v,img/target_5.png
60,3,29,modular,4,q,img/target_1.png
60,3,30,modular,2,v,img/target_5.png
60,3,31,modular,1,w,img/target_2.png
60,3,32,modular,0,u,img/target_7.png
60,3,33,modular,3,i,img/target_8.png
60,3,34,modular,2,v,img/target_5.png
60,3,35,modular,0,u,img/target_7.png
60,3,36,modular,2,v,img/target_5.png
60,3,37,modular,4,q,img/target_1.png
60,3,38,modular,2,v,img/target_5.png
60,3,39,modular,3,i,img/target_8.png
60,3,40,modular,4,q,img/target_1.png
60,3,41,modular,1,w,img/target_2.png
60,3,42,modular,2,v,img/target_5.png
60,3,43,modular,0,u,img/target_7.png
60,3,44,modular,9,e,img/target_3.png
60,3,45,modular,7,r,img/target_4.png
60,3,46,modular,8,p,img/target_10.png
60,3,47,modular,7,r,img/target_4.png
60,3,48,modular,8,p,img/target_10.png
60,3,49,modular,7,r,img/target_4.png
60,3,50,modular,5,b,img/target_6.png
60,3,51,modular,6,o,img/target_9.png
60,3,52,modular,9,e,img/target_3.png
60,3,53,modular,8,p,img/target_10.png
60,3,54,modular,6,o,img/target_9.png
60,3,55,modular,5,b,img/target_6.png
60,3,56,modular,8,p,img/target_10.png
60,3,57,modular,7,r,img/target_4.png
60,3,58,modular,9,e,img/target_3.png
60,3,59,modular,6,o,img/target_9.png
60,3,60,modular,8,p,img/target_10.png
60,3,61,modular,9,e,img/target_3.png
60,3,62,modular,7,r,img/target_4.png
60,3,63,modular,6,o,img/target_9.png
60,3,64,modular,8,p,img/target_10.png
60,3,65,modular,7,r,img/target_4.png
60,3,66,modular,9,e,img/target_3.png
60,3,67,modular,0,u,img/target_7.png
60,3,68,modular,1,w,img/target_2.png
60,3,69,modular,3,i,img/target_8.png
60,3,70,modular,4,q,img/target_1.png
60,3,71,modular,5,b,img/target_6.png
60,3,72,modular,8,p,img/target_10.png
60,3,73,modular,6,o,img/target_9.png
60,3,74,modular,7,r,img/target_4.png
60,3,75,modular,5,b,img/target_6.png
60,3,76,modular,4,q,img/target_1.png
60,3,77,modular,1,w,img/target_2.png
60,3,78,modular,4,q,img/target_1.png
60,3,79,modular,5,b,img/target_6.png
60,3,80,modular,6,o,img/target_9.png
60,3,81,modular,9,e,img/target_3.png
60,3,82,modular,6,o,img/target_9.png
60,3,83,modular,7,r,img/target_4.png
60,3,84,modular,6,o,img/target_9.png
60,3,85,modular,5,b,img/target_6.png
60,3,86,modular,8,p,img/target_10.png
60,3,87,modular,9,e,img/target_3.png
60,3,88,modular,7,r,img/target_4.png
60,3,89,modular,6,o,img/target_9.png
60,3,90,modular,9,e,img/target_3.png
60,3,91,modular,6,o,img/target_9.png
60,3,92,modular,8,p,img/target_10.png
60,3,93,modular,5,b,img/target_6.png
60,3,94,modular,6,o,img/target_9.png
60,3,95,modular,9,e,img/target_3.png
60,3,96,modular,7,r,img/target_4.png
60,3,97,modular,9,e,img/target_3.png
60,3,98,modular,0,u,img/target_7.png
60,3,99,modular,1,w,img/target_2.png
60,3,100,modular,4,q,img/target_1.png
60,3,101,modular,5,b,img/target_6.png
60,3,102,modular,4,q,img/target_1.png
60,3,103,modular,3,i,img/target_8.png
60,3,104,modular,4,q,img/target_1.png
60,3,105,modular,2,v,img/target_5.png
60,3,106,modular,0,u,img/target_7.png
60,3,107,modular,3,i,img/target_8.png
60,3,108,modular,1,w,img/target_2.png
60,3,109,modular,4,q,img/target_1.png
60,3,110,modular,3,i,img/target_8.png
60,3,111,modular,2,v,img/target_5.png
60,3,112,modular,0,u,img/target_7.png
60,3,113,modular,9,e,img/target_3.png
60,3,114,modular,7,r,img/target_4.png
60,3,115,modular,5,b,img/target_6.png
60,3,116,modular,6,o,img/target_9.png
60,3,117,modular,7,r,img/target_4.png
60,3,118,modular,6,o,img/target_9.png
60,3,119,modular,7,r,img/target_4.png
60,3,120,modular,5,b,img/target_6.png
60,3,121,modular,7,r,img/target_4.png
60,3,122,modular,5,b,img/target_6.png
60,3,123,modular,8,p,img/target_10.png
60,3,124,modular,6,o,img/target_9.png
60,3,125,modular,9,e,img/target_3.png
60,3,126,modular,0,u,img/target_7.png
60,3,127,modular,3,i,img/target_8.png
60,3,128,modular,2,v,img/target_5.png
60,3,129,modular,3,i,img/target_8.png
60,3,130,modular,1,w,img/target_2.png
60,3,131,modular,3,i,img/target_8.png
60,3,132,modular,4,q,img/target_1.png
60,3,133,modular,2,v,img/target_5.png
60,3,134,modular,4,q,img/target_1.png
60,3,135,modular,2,v,img/target_5.png
60,3,136,modular,0,u,img/target_7.png
60,3,137,modular,3,i,img/target_8.png
60,3,138,modular,1,w,img/target_2.png
60,3,139,modular,3,i,img/target_8.png
60,3,140,modular,4,q,img/target_1.png
60,3,141,modular,3,i,img/target_8.png
60,3,142,modular,0,u,img/target_7.png
60,3,143,modular,3,i,img/target_8.png
60,3,144,modular,4,q,img/target_1.png
60,3,145,modular,1,w,img/target_2.png
60,3,146,modular,0,u,img/target_7.png
60,3,147,modular,3,i,img/target_8.png
60,3,148,modular,1,w,img/target_2.png
60,3,149,modular,3,i,img/target_8.png
60,3,150,modular,2,v,img/target_5.png
60,3,151,modular,4,q,img/target_1.png
60,3,152,modular,1,w,img/target_2.png
60,3,153,modular,3,i,img/target_8.png
60,3,154,modular,4,q,img/target_1.png
60,3,155,modular,1,w,img/target_2.png
60,3,156,modular,2,v,img/target_5.png
60,3,157,modular,1,w,img/target_2.png
60,3,158,modular,0,u,img/target_7.png
60,3,159,modular,1,w,img/target_2.png
60,3,160,modular,2,v,img/target_5.png
60,3,161,modular,1,w,img/target_2.png
60,3,162,modular,0,u,img/target_7.png
60,3,163,modular,2,v,img/target_5.png
60,3,164,modular,1,w,img/target_2.png
60,3,165,modular,2,v,img/target_5.png
60,3,166,modular,3,i,img/target_8.png
60,3,167,modular,4,q,img/target_1.png
60,3,168,modular,3,i,img/target_8.png
60,3,169,modular,4,q,img/target_1.png
60,3,170,modular,2,v,img/target_5.png
60,3,171,modular,1,w,img/target_2.png
60,3,172,modular,4,q,img/target_1.png
60,3,173,modular,2,v,img/target_5.png
60,3,174,modular,1,w,img/target_2.png
60,3,175,modular,0,u,img/target_7.png
60,3,176,modular,2,v,img/target_5.png
60,3,177,modular,3,i,img/target_8.png
60,3,178,modular,1,w,img/target_2.png
60,3,179,modular,4,q,img/target_1.png
60,3,180,modular,2,v,img/target_5.png
60,3,181,modular,0,u,img/target_7.png
60,3,182,modular,2,v,img/target_5.png
60,3,183,modular,3,i,img/target_8.png
60,3,184,modular,4,q,img/target_1.png
60,3,185,modular,2,v,img/target_5.png
60,3,186,modular,4,q,img/target_1.png
60,3,187,modular,1,w,img/target_2.png
60,3,188,modular,2,v,img/target_5.png
60,3,189,modular,0,u,img/target_7.png
60,3,190,modular,9,e,img/target_3.png
60,3,191,modular,8,p,img/target_10.png
60,3,192,modular,9,e,img/target_3.png
60,3,193,modular,6,o,img/target_9.png
60,3,194,modular,7,r,img/target_4.png
60,3,195,modular,8,p,img/target_10.png
60,3,196,modular,7,r,img/target_4.png
60,3,197,modular,6,o,img/target_9.png
60,3,198,modular,7,r,img/target_4.png
60,3,199,modular,8,p,img/target_10.png
60,3,200,modular,5,b,img/target_6.png
60,3,201,modular,8,p,img/target_10.png
60,3,202,modular,9,e,img/target_3.png
60,3,203,modular,8,p,img/target_10.png
60,3,204,modular,7,r,img/target_4.png
60,3,205,modular,9,e,img/target_3.png
60,3,206,modular,7,r,img/target_4.png
60,3,207,modular,9,e,img/target_3.png
60,3,208,modular,8,p,img/target_10.png
60,3,209,modular,9,e,img/target_3.png
60,3,210,modular,7,r,img/target_4.png
60,3,211,modular,6,o,img/target_9.png
60,3,212,modular,8,p,img/target_10.png
60,3,213,modular,5,b,img/target_6.png
60,3,214,modular,7,r,img/target_4.png
60,3,215,modular,9,e,img/target_3.png
60,3,216,modular,6,o,img/target_9.png
60,3,217,modular,5,b,img/target_6.png
60,3,218,modular,8,p,img/target_10.png
60,3,219,modular,6,o,img/target_9.png
60,3,220,modular,8,p,img/target_10.png
60,3,221,modular,7,r,img/target_4.png
60,3,222,modular,6,o,img/target_9.png
60,3,223,modular,8,p,img/target_10.png
60,3,224,modular,9,e,img/target_3.png
60,3,225,modular,8,p,img/target_10.png
60,3,226,modular,7,r,img/target_4.png
60,3,227,modular,9,e,img/target_3.png
60,3,228,modular,0,u,img/target_7.png
60,3,229,modular,2,v,img/target_5.png
60,3,230,modular,1,w,img/target_2.png
60,3,231,modular,2,v,img/target_5.png
60,3,232,modular,3,i,img/target_8.png
60,3,233,modular,0,u,img/target_7.png
60,3,234,modular,9,e,img/target_3.png
60,3,235,modular,0,u,img/target_7.png
60,3,236,modular,3,i,img/target_8.png
60,3,237,modular,0,u,img/target_7.png
60,3,238,modular,2,v,img/target_5.png
60,3,239,modular,4,q,img/target_1.png
60,3,240,modular,5,b,img/target_6.png
60,3,241,modular,4,q,img/target_1.png
60,3,242,modular,3,i,img/target_8.png
60,3,243,modular,4,q,img/target_1.png
60,3,244,modular,2,v,img/target_5.png
60,3,245,modular,1,w,img/target_2.png
60,3,246,modular,2,v,img/target_5.png
60,3,247,modular,1,w,img/target_2.png
60,3,248,modular,2,v,img/target_5.png
60,3,249,modular,3,i,img/target_8.png
60,3,250,modular,4,q,img/target_1.png
60,3,251,modular,3,i,img/target_8.png
60,3,252,modular,4,q,img/target_1.png
60,3,253,modular,2,v,img/target_5.png
60,3,254,modular,0,u,img/target_7.png
60,3,255,modular,1,w,img/target_2.png
60,3,256,modular,0,u,img/target_7.png
60,3,257,modular,9,e,img/target_3.png
60,3,258,modular,0,u,img/target_7.png
60,3,259,modular,3,i,img/target_8.png
60,3,260,modular,1,w,img/target_2.png
60,3,261,modular,0,u,img/target_7.png
60,3,262,modular,1,w,img/target_2.png
60,3,263,modular,4,q,img/target_1.png
60,3,264,modular,2,v,img/target_5.png
60,3,265,modular,3,i,img/target_8.png
60,3,266,modular,1,w,img/target_2.png
60,3,267,modular,0,u,img/target_7.png
60,3,268,modular,2,v,img/target_5.png
60,3,269,modular,1,w,img/target_2.png
60,3,270,modular,3,i,img/target_8.png
60,3,271,modular,4,q,img/target_1.png
60,3,272,modular,3,i,img/target_8.png
60,3,273,modular,4,q,img/target_1.png
60,3,274,modular,2,v,img/target_5.png
60,3,275,modular,1,w,img/target_2.png
60,3,276,modular,0,u,img/target_7.png
60,3,277,modular,2,v,img/target_5.png
60,3,278,modular,4,q,img/target_1.png
60,3,279,modular,3,i,img/target_8.png
60,3,280,modular,0,u,img/target_7.png
60,3,281,modular,1,w,img/target_2.png
60,3,282,modular,0,u,img/target_7.png
60,3,283,modular,2,v,img/target_5.png
60,3,284,modular,0,u,img/target_7.png
60,3,285,modular,3,i,img/target_8.png
60,3,286,modular,2,v,img/target_5.png
60,3,287,modular,3,i,img/target_8.png
60,3,288,modular,1,w,img/target_2.png
60,3,289,modular,2,v,img/target_5.png
60,3,290,modular,0,u,img/target_7.png
60,3,291,modular,1,w,img/target_2.png
60,3,292,modular,2,v,img/target_5.png
60,3,293,modular,4,q,img/target_1.png
60,3,294,modular,1,w,img/target_2.png
60,3,295,modular,3,i,img/target_8.png
60,3,296,modular,2,v,img/target_5.png
60,3,297,modular,0,u,img/target_7.png
60,3,298,modular,1,w,img/target_2.png
60,3,299,modular,3,i,img/target_8.png
60,3,300,modular,4,q,img/target_1.png
60,3,301,modular,1,w,img/target_2.png
60,3,302,modular,0,u,img/target_7.png
60,3,303,modular,2,v,img/target_5.png
60,3,304,modular,3,i,img/target_8.png
60,3,305,modular,1,w,img/target_2.png
60,3,306,modular,3,i,img/target_8.png
60,3,307,modular,4,q,img/target_1.png
60,3,308,modular,3,i,img/target_8.png
60,3,309,modular,4,q,img/target_1.png
60,3,310,modular,3,i,img/target_8.png
60,3,311,modular,1,w,img/target_2.png
60,3,312,modular,2,v,img/target_5.png
60,3,313,modular,4,q,img/target_1.png
60,3,314,modular,5,b,img/target_6.png
60,3,315,modular,8,p,img/target_10.png
60,3,316,modular,9,e,img/target_3.png
60,3,317,modular,6,o,img/target_9.png
60,3,318,modular,7,r,img/target_4.png
60,3,319,modular,8,p,img/target_10.png
60,3,320,modular,9,e,img/target_3.png
60,3,321,modular,7,r,img/target_4.png
60,3,322,modular,6,o,img/target_9.png
60,3,323,modular,5,b,img/target_6.png
60,3,324,modular,7,r,img/target_4.png
60,3,325,modular,6,o,img/target_9.png
60,3,326,modular,9,e,img/target_3.png
60,3,327,modular,6,o,img/target_9.png
60,3,328,modular,8,p,img/target_10.png
60,3,329,modular,6,o,img/target_9.png
60,3,330,modular,9,e,img/target_3.png
60,3,331,modular,0,u,img/target_7.png
60,3,332,modular,2,v,img/target_5.png
60,3,333,modular,1,w,img/target_2.png
60,3,334,modular,3,i,img/target_8.png
60,3,335,modular,0,u,img/target_7.png
60,3,336,modular,1,w,img/target_2.png
60,3,337,modular,3,i,img/target_8.png
60,3,338,modular,0,u,img/target_7.png
60,3,339,modular,2,v,img/target_5.png
60,3,340,modular,0,u,img/target_7.png
60,3,341,modular,1,w,img/target_2.png
60,3,342,modular,3,i,img/target_8.png
60,3,343,modular,4,q,img/target_1.png
60,3,344,modular,2,v,img/target_5.png
60,3,345,modular,0,u,img/target_7.png
60,3,346,modular,9,e,img/target_3.png
60,3,347,modular,0,u,img/target_7.png
60,3,348,modular,2,v,img/target_5.png
60,3,349,modular,4,q,img/target_1.png
60,3,350,modular,1,w,img/target_2.png
60,3,351,modular,0,u,img/target_7.png
60,3,352,modular,9,e,img/target_3.png
60,3,353,modular,0,u,img/target_7.png
60,3,354,modular,1,w,img/target_2.png
60,3,355,modular,4,q,img/target_1.png
60,3,356,modular,5,b,img/target_6.png
60,3,357,modular,6,o,img/target_9.png
60,3,358,modular,8,p,img/target_10.png
60,3,359,modular,5,b,img/target_6.png
60,3,360,modular,8,p,img/target_10.png
60,3,361,modular,5,b,img/target_6.png
60,3,362,modular,8,p,img/target_10.png
60,3,363,modular,5,b,img/target_6.png
60,3,364,modular,4,q,img/target_1.png
60,3,365,modular,2,v,img/target_5.png
60,3,366,modular,4,q,img/target_1.png
60,3,367,modular,1,w,img/target_2.png
60,3,368,modular,4,q,img/target_1.png
60,3,369,modular,1,w,img/target_2.png
60,3,370,modular,4,q,img/target_1.png
60,3,371,modular,5,b,img/target_6.png
60,3,372,modular,6,o,img/target_9.png
60,3,373,modular,8,p,img/target_10.png
60,3,374,modular,5,b,img/target_6.png
60,3,375,modular,4,q,img/target_1.png
60,3,376,modular,5,b,img/target_6.png
60,3,377,modular,7,r,img/target_4.png
60,3,378,modular,5,b,img/target_6.png
60,3,379,modular,6,o,img/target_9.png
60,3,380,modular,7,r,img/target_4.png
60,3,381,modular,9,e,img/target_3.png
60,3,382,modular,8,p,img/target_10.png
60,3,383,modular,6,o,img/target_9.png
60,3,384,modular,9,e,img/target_3.png
60,3,385,modular,6,o,img/target_9.png
60,3,386,modular,9,e,img/target_3.png
60,3,387,modular,6,o,img/target_9.png
60,3,388,modular,7,r,img/target_4.png
60,3,389,modular,5,b,img/target_6.png
60,3,390,modular,7,r,img/target_4.png
60,3,391,modular,6,o,img/target_9.png
60,3,392,modular,9,e,img/target_3.png
60,3,393,modular,8,p,img/target_10.png
60,3,394,modular,6,o,img/target_9.png
60,3,395,modular,8,p,img/target_10.png
60,3,396,modular,7,r,img/target_4.png
60,3,397,modular,8,p,img/target_10.png
60,3,398,modular,6,o,img/target_9.png
60,3,399,modular,7,r,img/target_4.png
60,3,400,modular,9,e,img/target_3.png
60,3,401,modular,6,o,img/target_9.png
60,3,402,modular,8,p,img/target_10.png
60,3,403,modular,7,r,img/target_4.png
60,3,404,modular,8,p,img/target_10.png
60,3,405,modular,5,b,img/target_6.png
60,3,406,modular,7,r,img/target_4.png
60,3,407,modular,9,e,img/target_3.png
60,3,408,modular,7,r,img/target_4.png
60,3,409,modular,8,p,img/target_10.png
60,3,410,modular,6,o,img/target_9.png
60,3,411,modular,7,r,img/target_4.png
60,3,412,modular,8,p,img/target_10.png
60,3,413,modular,6,o,img/target_9.png
60,3,414,modular,7,r,img/target_4.png
60,3,415,modular,6,o,img/target_9.png
60,3,416,modular,7,r,img/target_4.png
60,3,417,modular,8,p,img/target_10.png
60,3,418,modular,7,r,img/target_4.png
60,3,419,modular,6,o,img/target_9.png
60,3,420,modular,7,r,img/target_4.png
60,3,421,modular,8,p,img/target_10.png
60,3,422,modular,7,r,img/target_4.png
60,3,423,modular,5,b,img/target_6.png
60,3,424,modular,4,q,img/target_1.png
60,3,425,modular,1,w,img/target_2.png
60,3,426,modular,4,q,img/target_1.png
60,3,427,modular,1,w,img/target_2.png
60,3,428,modular,3,i,img/target_8.png
60,3,429,modular,1,w,img/target_2.png
60,3,430,modular,4,q,img/target_1.png
60,3,431,modular,5,b,img/target_6.png
60,3,432,modular,6,o,img/target_9.png
60,3,433,modular,7,r,img/target_4.png
60,3,434,modular,5,b,img/target_6.png
60,3,435,modular,4,q,img/target_1.png
60,3,436,modular,5,b,img/target_6.png
60,3,437,modular,8,p,img/target_10.png
60,3,438,modular,6,o,img/target_9.png
60,3,439,modular,5,b,img/target_6.png
60,3,440,modular,8,p,img/target_10.png
60,3,441,modular,5,b,img/target_6.png
60,3,442,modular,8,p,img/target_10.png
60,3,443,modular,9,e,img/target_3.png
60,3,444,modular,7,r,img/target_4.png
60,3,445,modular,6,o,img/target_9.png
60,3,446,modular,9,e,img/target_3.png
60,3,447,modular,6,o,img/target_9.png
60,3,448,modular,9,e,img/target_3.png
60,3,449,modular,0,u,img/target_7.png
60,3,450,modular,1,w,img/target_2.png
60,3,451,modular,3,i,img/target_8.png
60,3,452,modular,2,v,img/target_5.png
60,3,453,modular,1,w,img/target_2.png
60,3,454,modular,4,q,img/target_1.png
60,3,455,modular,5,b,img/target_6.png
60,3,456,modular,8,p,img/target_10.png
60,3,457,modular,9,e,img/target_3.png
60,3,458,modular,8,p,img/target_10.png
60,3,459,modular,7,r,img/target_4.png
60,3,460,modular,5,b,img/target_6.png
60,3,461,modular,8,p,img/target_10.png
60,3,462,modular,9,e,img/target_3.png
60,3,463,modular,6,o,img/target_9.png
60,3,464,modular,8,p,img/target_10.png
60,3,465,modular,6,o,img/target_9.png
60,3,466,modular,7,r,img/target_4.png
60,3,467,modular,9,e,img/target_3.png
60,3,468,modular,6,o,img/target_9.png
60,3,469,modular,8,p,img/target_10.png
60,3,470,modular,5,b,img/target_6.png
60,3,471,modular,7,r,img/target_4.png
60,3,472,modular,8,p,img/target_10.png
60,3,473,modular,9,e,img/target_3.png
60,3,474,modular,8,p,img/target_10.png
60,3,475,modular,7,r,img/target_4.png
60,3,476,modular,6,o,img/target_9.png
60,3,477,modular,8,p,img/target_10.png
60,3,478,modular,5,b,img/target_6.png
60,3,479,modular,6,o,img/target_9.png
60,3,480,modular,8,p,img/target_10.png
60,3,481,modular,6,o,img/target_9.png
60,3,482,modular,5,b,img/target_6.png
60,3,483,modular,7,r,img/target_4.png
60,3,484,modular,5,b,img/target_6.png
60,3,485,modular,8,p,img/target_10.png
60,3,486,modular,5,b,img/target_6.png
60,3,487,modular,7,r,img/target_4.png
60,3,488,modular,5,b,img/target_6.png
60,3,489,modular,8,p,img/target_10.png
60,3,490,modular,7,r,img/target_4.png
60,3,491,modular,6,o,img/target_9.png
60,3,492,modular,9,e,img/target_3.png
60,3,493,modular,8,p,img/target_10.png
60,3,494,modular,7,r,img/target_4.png
60,3,495,modular,6,o,img/target_9.png
60,3,496,modular,9,e,img/target_3.png
60,3,497,modular,8,p,img/target_10.png
60,3,498,modular,9,e,img/target_3.png
60,3,499,modular,8,p,img/target_10.png
60,3,500,modular,9,e,img/target_3.png
60,3,501,modular,7,r,img/target_4.png
60,3,502,modular,5,b,img/target_6.png
60,3,503,modular,4,q,img/target_1.png
60,3,504,modular,2,v,img/target_5.png
60,3,505,modular,3,i,img/target_8.png
60,3,506,modular,2,v,img/target_5.png
60,3,507,modular,0,u,img/target_7.png
60,3,508,modular,3,i,img/target_8.png
60,3,509,modular,1,w,img/target_2.png
60,3,510,modular,3,i,img/target_8.png
60,3,511,modular,2,v,img/target_5.png
60,3,512,modular,0,u,img/target_7.png
60,3,513,modular,2,v,img/target_5.png
60,3,514,modular,1,w,img/target_2.png
60,3,515,modular,2,v,img/target_5.png
60,3,516,modular,0,u,img/target_7.png
60,3,517,modular,2,v,img/target_5.png
60,3,518,modular,0,u,img/target_7.png
60,3,519,modular,2,v,img/target_5.png
60,3,520,modular,0,u,img/target_7.png
60,3,521,modular,9,e,img/target_3.png
60,3,522,modular,0,u,img/target_7.png
60,3,523,modular,3,i,img/target_8.png
60,3,524,modular,0,u,img/target_7.png
60,3,525,modular,2,v,img/target_5.png
60,3,526,modular,0,u,img/target_7.png
60,3,527,modular,2,v,img/target_5.png
60,3,528,modular,4,q,img/target_1.png
60,3,529,modular,3,i,img/target_8.png
60,3,530,modular,4,q,img/target_1.png
60,3,531,modular,3,i,img/target_8.png
60,3,532,modular,0,u,img/target_7.png
60,3,533,modular,9,e,img/target_3.png
60,3,534,modular,8,p,img/target_10.png
60,3,535,modular,9,e,img/target_3.png
60,3,536,modular,8,p,img/target_10.png
60,3,537,modular,6,o,img/target_9.png
60,3,538,modular,9,e,img/target_3.png
60,3,539,modular,8,p,img/target_10.png
60,3,540,modular,5,b,img/target_6.png
60,3,541,modular,8,p,img/target_10.png
60,3,542,modular,7,r,img/target_4.png
60,3,543,modular,9,e,img/target_3.png
60,3,544,modular,6,o,img/target_9.png
60,3,545,modular,5,b,img/target_6.png
60,3,546,modular,8,p,img/target_10.png
60,3,547,modular,6,o,img/target_9.png
60,3,548,modular,5,b,img/target_6.png
60,3,549,modular,8,p,img/target_10.png
60,3,550,modular,7,r,img/target_4.png
60,3,551,modular,6,o,img/target_9.png
60,3,552,modular,5,b,img/target_6.png
60,3,553,modular,6,o,img/target_9.png
60,3,554,modular,8,p,img/target_10.png
60,3,555,modular,7,r,img/target_4.png
60,3,556,modular,5,b,img/target_6.png
60,3,557,modular,6,o,img/target_9.png
60,3,558,modular,7,r,img/target_4.png
60,3,559,modular,6,o,img/target_9.png
60,3,560,modular,8,p,img/target_10.png
60,3,561,modular,7,r,img/target_4.png
60,3,562,modular,8,p,img/target_10.png
60,3,563,modular,5,b,img/target_6.png
60,3,564,modular,8,p,img/target_10.png
60,3,565,modular,7,r,img/target_4.png
60,3,566,modular,9,e,img/target_3.png
60,3,567,modular,0,u,img/target_7.png
60,3,568,modular,1,w,img/target_2.png
60,3,569,modular,4,q,img/target_1.png
60,3,570,modular,1,w,img/target_2.png
60,3,571,modular,2,v,img/target_5.png
60,3,572,modular,1,w,img/target_2.png
60,3,573,modular,3,i,img/target_8.png
60,3,574,modular,1,w,img/target_2.png
60,3,575,modular,0,u,img/target_7.png
60,3,576,modular,9,e,img/target_3.png
60,3,577,modular,7,r,img/target_4.png
60,3,578,modular,5,b,img/target_6.png
60,3,579,modular,6,o,img/target_9.png
60,3,580,modular,7,r,img/target_4.png
60,3,581,modular,5,b,img/target_6.png
60,3,582,modular,4,q,img/target_1.png
60,3,583,modular,1,w,img/target_2.png
60,3,584,modular,0,u,img/target_7.png
60,3,585,modular,3,i,img/target_8.png
60,3,586,modular,4,q,img/target_1.png
60,3,587,modular,2,v,img/target_5.png
60,3,588,modular,0,u,img/target_7.png
60,3,589,modular,9,e,img/target_3.png
60,3,590,modular,7,r,img/target_4.png
60,3,591,modular,5,b,img/target_6.png
60,3,592,modular,6,o,img/target_9.png
60,3,593,modular,7,r,img/target_4.png
60,3,594,modular,9,e,img/target_3.png
60,3,595,modular,6,o,img/target_9.png
60,3,596,modular,5,b,img/target_6.png
60,3,597,modular,7,r,img/target_4.png
60,3,598,modular,8,p,img/target_10.png
60,3,599,modular,6,o,img/target_9.png
60,3,600,modular,7,r,img/target_4.png
60,3,601,modular,8,p,img/target_10.png
60,3,602,modular,7,r,img/target_4.png
60,3,603,modular,6,o,img/target_9.png
60,3,604,modular,8,p,img/target_10.png
60,3,605,modular,6,o,img/target_9.png
60,3,606,modular,9,e,img/target_3.png
60,3,607,modular,6,o,img/target_9.png
60,3,608,modular,9,e,img/target_3.png
60,3,609,modular,0,u,img/target_7.png
60,3,610,modular,2,v,img/target_5.png
60,3,611,modular,4,q,img/target_1.png
60,3,612,modular,1,w,img/target_2.png
60,3,613,modular,2,v,img/target_5.png
60,3,614,modular,3,i,img/target_8.png
60,3,615,modular,0,u,img/target_7.png
60,3,616,modular,2,v,img/target_5.png
60,3,617,modular,1,w,img/target_2.png
60,3,618,modular,2,v,img/target_5.png
60,3,619,modular,0,u,img/target_7.png
60,3,620,modular,9,e,img/target_3.png
60,3,621,modular,6,o,img/target_9.png
60,3,622,modular,5,b,img/target_6.png
60,3,623,modular,6,o,img/target_9.png
60,3,624,modular,7,r,img/target_4.png
60,3,625,modular,6,o,img/target_9.png
60,3,626,modular,8,p,img/target_10.png
60,3,627,modular,5,b,img/target_6.png
60,3,628,modular,4,q,img/target_1.png
60,3,629,modular,1,w,img/target_2.png
60,3,630,modular,4,q,img/target_1.png
60,3,631,modular,5,b,img/target_6.png
60,3,632,modular,8,p,img/target_10.png
60,3,633,modular,7,r,img/target_4.png
60,3,634,modular,6,o,img/target_9.png
60,3,635,modular,8,p,img/target_10.png
60,3,636,modular,5,b,img/target_6.png
60,3,637,modular,6,o,img/target_9.png
60,3,638,modular,8,p,img/target_10.png
60,3,639,modular,6,o,img/target_9.png
60,3,640,modular,8,p,img/target_10.png
60,3,641,modular,6,o,img/target_9.png
60,3,642,modular,5,b,img/target_6.png
60,3,643,modular,7,r,img/target_4.png
60,3,644,modular,5,b,img/target_6.png
60,3,645,modular,7,r,img/target_4.png
60,3,646,modular,9,e,img/target_3.png
60,3,647,modular,7,r,img/target_4.png
60,3,648,modular,5,b,img/target_6.png
60,3,649,modular,8,p,img/target_10.png
60,3,650,modular,5,b,img/target_6.png
60,3,651,modular,6,o,img/target_9.png
60,3,652,modular,8,p,img/target_10.png
60,3,653,modular,6,o,img/target_9.png
60,3,654,modular,5,b,img/target_6.png
60,3,655,modular,8,p,img/target_10.png
60,3,656,modular,6,o,img/target_9.png
60,3,657,modular,9,e,img/target_3.png
60,3,658,modular,8,p,img/target_10.png
60,3,659,modular,9,e,img/target_3.png
60,3,660,modular,0,u,img/target_7.png
60,3,661,modular,2,v,img/target_5.png
60,3,662,modular,0,u,img/target_7.png
60,3,663,modular,9,e,img/target_3.png
60,3,664,modular,0,u,img/target_7.png
60,3,665,modular,1,w,img/target_2.png
60,3,666,modular,4,q,img/target_1.png
60,3,667,modular,3,i,img/target_8.png
60,3,668,modular,4,q,img/target_1.png
60,3,669,modular,1,w,img/target_2.png
60,3,670,modular,4,q,img/target_1.png
60,3,671,modular,1,w,img/target_2.png
60,3,672,modular,0,u,img/target_7.png
60,3,673,modular,9,e,img/target_3.png
60,3,674,modular,7,r,img/target_4.png
60,3,675,modular,9,e,img/target_3.png
60,3,676,modular,7,r,img/target_4.png
60,3,677,modular,9,e,img/target_3.png
60,3,678,modular,0,u,img/target_7.png
60,3,679,modular,3,i,img/target_8.png
60,3,680,modular,0,u,img/target_7.png
60,3,681,modular,2,v,img/target_5.png
60,3,682,modular,1,w,img/target_2.png
60,3,683,modular,4,q,img/target_1.png
60,3,684,modular,2,v,img/target_5.png
60,3,685,modular,1,w,img/target_2.png
60,3,686,modular,2,v,img/target_5.png
60,3,687,modular,3,i,img/target_8.png
60,3,688,modular,1,w,img/target_2.png
60,3,689,modular,0,u,img/target_7.png
60,3,690,modular,2,v,img/target_5.png
60,3,691,modular,3,i,img/target_8.png
60,3,692,modular,1,w,img/target_2.png
60,3,693,modular,3,i,img/target_8.png
60,3,694,modular,2,v,img/target_5.png
60,3,695,modular,0,u,img/target_7.png
60,3,696,modular,3,i,img/target_8.png
60,3,697,modular,2,v,img/target_5.png
60,3,698,modular,1,w,img/target_2.png
60,3,699,modular,3,i,img/target_8.png
60,3,700,modular,0,u,img/target_7.png
60,3,701,modular,3,i,img/target_8.png
60,3,702,modular,1,w,img/target_2.png
60,3,703,modular,2,v,img/target_5.png
60,3,704,modular,1,w,img/target_2.png
60,3,705,modular,4,q,img/target_1.png
60,3,706,modular,3,i,img/target_8.png
60,3,707,modular,1,w,img/target_2.png
60,3,708,modular,4,q,img/target_1.png
60,3,709,modular,5,b,img/target_6.png
60,3,710,modular,6,o,img/target_9.png
60,3,711,modular,9,e,img/target_3.png
60,3,712,modular,8,p,img/target_10.png
60,3,713,modular,9,e,img/target_3.png
60,3,714,modular,8,p,img/target_10.png
60,3,715,modular,7,r,img/target_4.png
60,3,716,modular,6,o,img/target_9.png
60,3,717,modular,8,p,img/target_10.png
60,3,718,modular,7,r,img/target_4.png
60,3,719,modular,8,p,img/target_10.png
60,3,720,modular,9,e,img/target_3.png
60,3,721,modular,7,r,img/target_4.png
60,3,722,modular,5,b,img/target_6.png
60,3,723,modular,7,r,img/target_4.png
60,3,724,modular,6,o,img/target_9.png
60,3,725,modular,5,b,img/target_6.png
60,3,726,modular,8,p,img/target_10.png
60,3,727,modular,7,r,img/target_4.png
60,3,728,modular,8,p,img/target_10.png
60,3,729,modular,6,o,img/target_9.png
60,3,730,modular,7,r,img/target_4.png
60,3,731,modular,9,e,img/target_3.png
60,3,732,modular,7,r,img/target_4.png
60,3,733,modular,6,o,img/target_9.png
60,3,734,modular,5,b,img/target_6.png
60,3,735,modular,4,q,img/target_1.png
60,3,736,modular,1,w,img/target_2.png
60,3,737,modular,2,v,img/target_5.png
60,3,738,modular,1,w,img/target_2.png
60,3,739,modular,0,u,img/target_7.png
60,3,740,modular,1,w,img/target_2.png
60,3,741,modular,3,i,img/target_8.png
60,3,742,modular,0,u,img/target_7.png
60,3,743,modular,9,e,img/target_3.png
60,3,744,modular,7,r,img/target_4.png
60,3,745,modular,6,o,img/target_9.png
60,3,746,modular,9,e,img/target_3.png
60,3,747,modular,7,r,img/target_4.png
60,3,748,modular,9,e,img/target_3.png
60,3,749,modular,6,o,img/target_9.png
60,3,750,modular,7,r,img/target_4.png
60,3,751,modular,9,e,img/target_3.png
60,3,752,modular,7,r,img/target_4.png
60,3,753,modular,6,o,img/target_9.png
60,3,754,modular,9,e,img/target_3.png
60,3,755,modular,0,u,img/target_7.png
60,3,756,modular,3,i,img/target_8.png
60,3,757,modular,2,v,img/target_5.png
60,3,758,modular,3,i,img/target_8.png
60,3,759,modular,2,v,img/target_5.png
60,3,760,modular,4,q,img/target_1.png
60,3,761,modular,2,v,img/target_5.png
60,3,762,modular,4,q,img/target_1.png
60,3,763,modular,5,b,img/target_6.png
60,3,764,modular,4,q,img/target_1.png
60,3,765,modular,2,v,img/target_5.png
60,3,766,modular,0,u,img/target_7.png
60,3,767,modular,9,e,img/target_3.png
60,3,768,modular,7,r,img/target_4.png
60,3,769,modular,9,e,img/target_3.png
60,3,770,modular,8,p,img/target_10.png
60,3,771,modular,9,e,img/target_3.png
60,3,772,modular,0,u,img/target_7.png
60,3,773,modular,1,w,img/target_2.png
60,3,774,modular,4,q,img/target_1.png
60,3,775,modular,5,b,img/target_6.png
60,3,776,modular,8,p,img/target_10.png
60,3,777,modular,9,e,img/target_3.png
60,3,778,modular,8,p,img/target_10.png
60,3,779,modular,6,o,img/target_9.png
60,3,780,modular,7,r,img/target_4.png
60,3,781,modular,9,e,img/target_3.png
60,3,782,modular,0,u,img/target_7.png
60,3,783,modular,3,i,img/target_8.png
60,3,784,modular,1,w,img/target_2.png
60,3,785,modular,4,q,img/target_1.png
60,3,786,modular,5,b,img/target_6.png
60,3,787,modular,7,r,img/target_4.png
60,3,788,modular,9,e,img/target_3.png
60,3,789,modular,7,r,img/target_4.png
60,3,790,modular,9,e,img/target_3.png
60,3,791,modular,0,u,img/target_7.png
60,3,792,modular,9,e,img/target_3.png
60,3,793,modular,6,o,img/target_9.png
60,3,794,modular,8,p,img/target_10.png
60,3,795,modular,6,o,img/target_9.png
60,3,796,modular,5,b,img/target_6.png
60,3,797,modular,7,r,img/target_4.png
60,3,798,modular,5,b,img/target_6.png
60,3,799,modular,8,p,img/target_10.png
60,3,800,modular,7,r,img/target_4.png
60,3,801,modular,5,b,img/target_6.png
60,3,802,modular,8,p,img/target_10.png
60,3,803,modular,5,b,img/target_6.png
60,3,804,modular,4,q,img/target_1.png
60,3,805,modular,3,i,img/target_8.png
60,3,806,modular,4,q,img/target_1.png
60,3,807,modular,3,i,img/target_8.png
60,3,808,modular,1,w,img/target_2.png
60,3,809,modular,3,i,img/target_8.png
60,3,810,modular,0,u,img/target_7.png
60,3,811,modular,2,v,img/target_5.png
60,3,812,modular,4,q,img/target_1.png
60,3,813,modular,1,w,img/target_2.png
60,3,814,modular,2,v,img/target_5.png
60,3,815,modular,4,q,img/target_1.png
60,3,816,modular,3,i,img/target_8.png
60,3,817,modular,4,q,img/target_1.png
60,3,818,modular,3,i,img/target_8.png
60,3,819,modular,1,w,img/target_2.png
60,3,820,modular,2,v,img/target_5.png
60,3,821,modular,0,u,img/target_7.png
60,3,822,modular,1,w,img/target_2.png
60,3,823,modular,0,u,img/target_7.png
60,3,824,modular,9,e,img/target_3.png
60,3,825,modular,7,r,img/target_4.png
60,3,826,modular,6,o,img/target_9.png
60,3,827,modular,7,r,img/target_4.png
60,3,828,modular,6,o,img/target_9.png
60,3,829,modular,7,r,img/target_4.png
60,3,830,modular,6,o,img/target_9.png
60,3,831,modular,8,p,img/target_10.png
60,3,832,modular,9,e,img/target_3.png
60,3,833,modular,6,o,img/target_9.png
60,3,834,modular,8,p,img/target_10.png
60,3,835,modular,5,b,img/target_6.png
60,3,836,modular,6,o,img/target_9.png
60,3,837,modular,5,b,img/target_6.png
60,3,838,modular,4,q,img/target_1.png
60,3,839,modular,3,i,img/target_8.png
60,3,840,modular,4,q,img/target_1.png
60,3,841,modular,3,i,img/target_8.png
60,3,842,modular,0,u,img/target_7.png
60,3,843,modular,3,i,img/target_8.png
60,3,844,modular,1,w,img/target_2.png
60,3,845,modular,2,v,img/target_5.png
60,3,846,modular,0,u,img/target_7.png
60,3,847,modular,2,v,img/target_5.png
60,3,848,modular,0,u,img/target_7.png
60,3,849,modular,2,v,img/target_5.png
60,3,850,modular,3,i,img/target_8.png
60,3,851,modular,2,v,img/target_5.png
60,3,852,modular,0,u,img/target_7.png
60,3,853,modular,9,e,img/target_3.png
60,3,854,modular,7,r,img/target_4.png
60,3,855,modular,5,b,img/target_6.png
60,3,856,modular,4,q,img/target_1.png
60,3,857,modular,3,i,img/target_8.png
60,3,858,modular,4,q,img/target_1.png
60,3,859,modular,3,i,img/target_8.png
60,3,860,modular,4,q,img/target_1.png
60,3,861,modular,2,v,img/target_5.png
60,3,862,modular,4,q,img/target_1.png
60,3,863,modular,5,b,img/target_6.png
60,3,864,modular,8,p,img/target_10.png
60,3,865,modular,6,o,img/target_9.png
60,3,866,modular,9,e,img/target_3.png
60,3,867,modular,0,u,img/target_7.png
60,3,868,modular,9,e,img/target_3.png
60,3,869,modular,6,o,img/target_9.png
60,3,870,modular,7,r,img/target_4.png
60,3,871,modular,9,e,img/target_3.png
60,3,872,modular,0,u,img/target_7.png
60,3,873,modular,2,v,img/target_5.png
60,3,874,modular,1,w,img/target_2.png
60,3,875,modular,4,q,img/target_1.png
60,3,876,modular,1,w,img/target_2.png
60,3,877,modular,4,q,img/target_1.png
60,3,878,modular,5,b,img/target_6.png
60,3,879,modular,4,q,img/target_1.png
60,3,880,modular,5,b,img/target_6.png
60,3,881,modular,7,r,img/target_4.png
60,3,882,modular,8,p,img/target_10.png
60,3,883,modular,6,o,img/target_9.png
60,3,884,modular,9,e,img/target_3.png
60,3,885,modular,8,p,img/target_10.png
60,3,886,modular,7,r,img/target_4.png
60,3,887,modular,6,o,img/target_9.png
60,3,888,modular,9,e,img/target_3.png
60,3,889,modular,6,o,img/target_9.png
60,3,890,modular,9,e,img/target_3.png
60,3,891,modular,6,o,img/target_9.png
60,3,892,modular,8,p,img/target_10.png
60,3,893,modular,9,e,img/target_3.png
60,3,894,modular,6,o,img/target_9.png
60,3,895,modular,9,e,img/target_3.png
60,3,896,modular,7,r,img/target_4.png
60,3,897,modular,8,p,img/target_10.png
60,3,898,modular,6,o,img/target_9.png
60,3,899,modular,8,p,img/target_10.png
60,3,900,modular,9,e,img/target_3.png
60,3,901,modular,8,p,img/target_10.png
60,3,902,modular,5,b,img/target_6.png
60,3,903,modular,8,p,img/target_10.png
60,3,904,modular,9,e,img/target_3.png
60,3,905,modular,0,u,img/target_7.png
60,3,906,modular,9,e,img/target_3.png
60,3,907,modular,0,u,img/target_7.png
60,3,908,modular,2,v,img/target_5.png
60,3,909,modular,1,w,img/target_2.png
60,3,910,modular,4,q,img/target_1.png
60,3,911,modular,1,w,img/target_2.png
60,3,912,modular,2,v,img/target_5.png
60,3,913,modular,0,u,img/target_7.png
60,3,914,modular,9,e,img/target_3.png
60,3,915,modular,8,p,img/target_10.png
60,3,916,modular,6,o,img/target_9.png
60,3,917,modular,9,e,img/target_3.png
60,3,918,modular,7,r,img/target_4.png
60,3,919,modular,9,e,img/target_3.png
60,3,920,modular,0,u,img/target_7.png
60,3,921,modular,2,v,img/target_5.png
60,3,922,modular,1,w,img/target_2.png
60,3,923,modular,0,u,img/target_7.png
60,3,924,modular,9,e,img/target_3.png
60,3,925,modular,8,p,img/target_10.png
60,3,926,modular,7,r,img/target_4.png
60,3,927,modular,9,e,img/target_3.png
60,3,928,modular,6,o,img/target_9.png
60,3,929,modular,8,p,img/target_10.png
60,3,930,modular,6,o,img/target_9.png
60,3,931,modular,8,p,img/target_10.png
60,3,932,modular,6,o,img/target_9.png
60,3,933,modular,7,r,img/target_4.png
60,3,934,modular,6,o,img/target_9.png
60,3,935,modular,7,r,img/target_4.png
60,3,936,modular,9,e,img/target_3.png
60,3,937,modular,7,r,img/target_4.png
60,3,938,modular,9,e,img/target_3.png
60,3,939,modular,6,o,img/target_9.png
60,3,940,modular,5,b,img/target_6.png
60,3,941,modular,7,r,img/target_4.png
60,3,942,modular,9,e,img/target_3.png
60,3,943,modular,8,p,img/target_10.png
60,3,944,modular,6,o,img/target_9.png
60,3,945,modular,9,e,img/target_3.png
60,3,946,modular,0,u,img/target_7.png
60,3,947,modular,3,i,img/target_8.png
60,3,948,modular,4,q,img/target_1.png
60,3,949,modular,5,b,img/target_6.png
60,3,950,modular,8,p,img/target_10.png
60,3,951,modular,7,r,img/target_4.png
60,3,952,modular,6,o,img/target_9.png
60,3,953,modular,9,e,img/target_3.png
60,3,954,modular,7,r,img/target_4.png
60,3,955,modular,5,b,img/target_6.png
60,3,956,modular,4,q,img/target_1.png
60,3,957,modular,3,i,img/target_8.png
60,3,958,modular,4,q,img/target_1.png
60,3,959,modular,5,b,img/target_6.png
60,3,960,modular,7,r,img/target_4.png
60,3,961,modular,6,o,img/target_9.png
60,3,962,modular,5,b,img/target_6.png
60,3,963,modular,8,p,img/target_10.png
60,3,964,modular,5,b,img/target_6.png
60,3,965,modular,8,p,img/target_10.png
60,3,966,modular,5,b,img/target_6.png
60,3,967,modular,6,o,img/target_9.png
60,3,968,modular,9,e,img/target_3.png
60,3,969,modular,8,p,img/target_10.png
60,3,970,modular,6,o,img/target_9.png
60,3,971,modular,9,e,img/target_3.png
60,3,972,modular,8,p,img/target_10.png
60,3,973,modular,9,e,img/target_3.png
60,3,974,modular,8,p,img/target_10.png
60,3,975,modular,7,r,img/target_4.png
60,3,976,modular,6,o,img/target_9.png
60,3,977,modular,7,r,img/target_4.png
60,3,978,modular,6,o,img/target_9.png
60,3,979,modular,5,b,img/target_6.png
60,3,980,modular,7,r,img/target_4.png
60,3,981,modular,8,p,img/target_10.png
60,3,982,modular,6,o,img/target_9.png
60,3,983,modular,7,r,img/target_4.png
60,3,984,modular,6,o,img/target_9.png
60,3,985,modular,9,e,img/target_3.png
60,3,986,modular,6,o,img/target_9.png
60,3,987,modular,5,b,img/target_6.png
60,3,988,modular,4,q,img/target_1.png
60,3,989,modular,2,v,img/target_5.png
60,3,990,modular,3,i,img/target_8.png
60,3,991,modular,4,q,img/target_1.png
60,3,992,modular,2,v,img/target_5.png
60,3,993,modular,1,w,img/target_2.png
60,3,994,modular,0,u,img/target_7.png
60,3,995,modular,1,w,img/target_2.png
60,3,996,modular,2,v,img/target_5.png
60,3,997,modular,4,q,img/target_1.png
60,3,998,modular,2,v,img/target_5.png
60,3,999,modular,1,w,img/target_2.png
60,3,1000,modular,2,v,img/target_5.png
