pID,trialNum,graph,walk,resp,path
16,1,modular,1,v,img/target_5.png
16,2,modular,4,i,img/target_8.png
16,3,modular,1,v,img/target_5.png
16,4,modular,0,u,img/target_7.png
16,5,modular,1,v,img/target_5.png
16,6,modular,0,u,img/target_7.png
16,7,modular,1,v,img/target_5.png
16,8,modular,4,i,img/target_8.png
16,9,modular,3,b,img/target_6.png
16,10,modular,1,v,img/target_5.png
16,11,modular,3,b,img/target_6.png
16,12,modular,2,w,img/target_2.png
16,13,modular,1,v,img/target_5.png
16,14,modular,2,w,img/target_2.png
16,15,modular,4,i,img/target_8.png
16,16,modular,3,b,img/target_6.png
16,17,modular,0,u,img/target_7.png
16,18,modular,2,w,img/target_2.png
16,19,modular,1,v,img/target_5.png
16,20,modular,0,u,img/target_7.png
16,21,modular,2,w,img/target_2.png
16,22,modular,0,u,img/target_7.png
16,23,modular,3,b,img/target_6.png
16,24,modular,1,v,img/target_5.png
16,25,modular,2,w,img/target_2.png
16,26,modular,4,i,img/target_8.png
16,27,modular,2,w,img/target_2.png
16,28,modular,0,u,img/target_7.png
16,29,modular,2,w,img/target_2.png
16,30,modular,0,u,img/target_7.png
16,31,modular,9,q,img/target_1.png
16,32,modular,0,u,img/target_7.png
16,33,modular,3,b,img/target_6.png
16,34,modular,4,i,img/target_8.png
16,35,modular,3,b,img/target_6.png
16,36,modular,0,u,img/target_7.png
16,37,modular,1,v,img/target_5.png
16,38,modular,0,u,img/target_7.png
16,39,modular,2,w,img/target_2.png
16,40,modular,0,u,img/target_7.png
16,41,modular,1,v,img/target_5.png
16,42,modular,0,u,img/target_7.png
16,43,modular,1,v,img/target_5.png
16,44,modular,2,w,img/target_2.png
16,45,modular,4,i,img/target_8.png
16,46,modular,5,o,img/target_9.png
16,47,modular,8,p,img/target_10.png
16,48,modular,9,q,img/target_1.png
16,49,modular,7,e,img/target_3.png
16,50,modular,6,r,img/target_4.png
16,51,modular,8,p,img/target_10.png
16,52,modular,9,q,img/target_1.png
16,53,modular,7,e,img/target_3.png
16,54,modular,6,r,img/target_4.png
16,55,modular,9,q,img/target_1.png
16,56,modular,6,r,img/target_4.png
16,57,modular,7,e,img/target_3.png
16,58,modular,8,p,img/target_10.png
16,59,modular,9,q,img/target_1.png
16,60,modular,8,p,img/target_10.png
16,61,modular,9,q,img/target_1.png
16,62,modular,8,p,img/target_10.png
16,63,modular,9,q,img/target_1.png
16,64,modular,8,p,img/target_10.png
16,65,modular,6,r,img/target_4.png
16,66,modular,8,p,img/target_10.png
16,67,modular,9,q,img/target_1.png
16,68,modular,0,u,img/target_7.png
16,69,modular,2,w,img/target_2.png
16,70,modular,0,u,img/target_7.png
16,71,modular,3,b,img/target_6.png
16,72,modular,4,i,img/target_8.png
16,73,modular,5,o,img/target_9.png
16,74,modular,8,p,img/target_10.png
16,75,modular,7,e,img/target_3.png
16,76,modular,9,q,img/target_1.png
16,77,modular,6,r,img/target_4.png
16,78,modular,9,q,img/target_1.png
16,79,modular,6,r,img/target_4.png
16,80,modular,5,o,img/target_9.png
16,81,modular,4,i,img/target_8.png
16,82,modular,3,b,img/target_6.png
16,83,modular,1,v,img/target_5.png
16,84,modular,3,b,img/target_6.png
16,85,modular,2,w,img/target_2.png
16,86,modular,4,i,img/target_8.png
16,87,modular,3,b,img/target_6.png
16,88,modular,0,u,img/target_7.png
16,89,modular,2,w,img/target_2.png
16,90,modular,1,v,img/target_5.png
16,91,modular,3,b,img/target_6.png
16,92,modular,1,v,img/target_5.png
16,93,modular,3,b,img/target_6.png
16,94,modular,4,i,img/target_8.png
16,95,modular,3,b,img/target_6.png
16,96,modular,0,u,img/target_7.png
16,97,modular,9,q,img/target_1.png
16,98,modular,6,r,img/target_4.png
16,99,modular,8,p,img/target_10.png
16,100,modular,7,e,img/target_3.png
16,101,modular,9,q,img/target_1.png
16,102,modular,8,p,img/target_10.png
16,103,modular,6,r,img/target_4.png
16,104,modular,8,p,img/target_10.png
16,105,modular,5,o,img/target_9.png
16,106,modular,4,i,img/target_8.png
16,107,modular,2,w,img/target_2.png
16,108,modular,0,u,img/target_7.png
16,109,modular,1,v,img/target_5.png
16,110,modular,0,u,img/target_7.png
16,111,modular,9,q,img/target_1.png
16,112,modular,7,e,img/target_3.png
16,113,modular,8,p,img/target_10.png
16,114,modular,5,o,img/target_9.png
16,115,modular,4,i,img/target_8.png
16,116,modular,1,v,img/target_5.png
16,117,modular,0,u,img/target_7.png
16,118,modular,1,v,img/target_5.png
16,119,modular,2,w,img/target_2.png
16,120,modular,4,i,img/target_8.png
16,121,modular,1,v,img/target_5.png
16,122,modular,4,i,img/target_8.png
16,123,modular,1,v,img/target_5.png
16,124,modular,3,b,img/target_6.png
16,125,modular,2,w,img/target_2.png
16,126,modular,4,i,img/target_8.png
16,127,modular,3,b,img/target_6.png
16,128,modular,0,u,img/target_7.png
16,129,modular,9,q,img/target_1.png
16,130,modular,0,u,img/target_7.png
16,131,modular,1,v,img/target_5.png
16,132,modular,0,u,img/target_7.png
16,133,modular,1,v,img/target_5.png
16,134,modular,0,u,img/target_7.png
16,135,modular,9,q,img/target_1.png
16,136,modular,0,u,img/target_7.png
16,137,modular,3,b,img/target_6.png
16,138,modular,1,v,img/target_5.png
16,139,modular,2,w,img/target_2.png
16,140,modular,3,b,img/target_6.png
16,141,modular,1,v,img/target_5.png
16,142,modular,2,w,img/target_2.png
16,143,modular,3,b,img/target_6.png
16,144,modular,0,u,img/target_7.png
16,145,modular,2,w,img/target_2.png
16,146,modular,3,b,img/target_6.png
16,147,modular,1,v,img/target_5.png
16,148,modular,2,w,img/target_2.png
16,149,modular,4,i,img/target_8.png
16,150,modular,5,o,img/target_9.png
16,151,modular,7,e,img/target_3.png
16,152,modular,6,r,img/target_4.png
16,153,modular,7,e,img/target_3.png
16,154,modular,9,q,img/target_1.png
16,155,modular,7,e,img/target_3.png
16,156,modular,8,p,img/target_10.png
16,157,modular,6,r,img/target_4.png
16,158,modular,5,o,img/target_9.png
16,159,modular,6,r,img/target_4.png
16,160,modular,9,q,img/target_1.png
16,161,modular,8,p,img/target_10.png
16,162,modular,7,e,img/target_3.png
16,163,modular,8,p,img/target_10.png
16,164,modular,9,q,img/target_1.png
16,165,modular,8,p,img/target_10.png
16,166,modular,5,o,img/target_9.png
16,167,modular,8,p,img/target_10.png
16,168,modular,5,o,img/target_9.png
16,169,modular,7,e,img/target_3.png
16,170,modular,5,o,img/target_9.png
16,171,modular,6,r,img/target_4.png
16,172,modular,7,e,img/target_3.png
16,173,modular,9,q,img/target_1.png
16,174,modular,7,e,img/target_3.png
16,175,modular,5,o,img/target_9.png
16,176,modular,7,e,img/target_3.png
16,177,modular,5,o,img/target_9.png
16,178,modular,4,i,img/target_8.png
16,179,modular,1,v,img/target_5.png
16,180,modular,0,u,img/target_7.png
16,181,modular,9,q,img/target_1.png
16,182,modular,0,u,img/target_7.png
16,183,modular,3,b,img/target_6.png
16,184,modular,2,w,img/target_2.png
16,185,modular,1,v,img/target_5.png
16,186,modular,4,i,img/target_8.png
16,187,modular,3,b,img/target_6.png
16,188,modular,2,w,img/target_2.png
16,189,modular,4,i,img/target_8.png
16,190,modular,1,v,img/target_5.png
16,191,modular,2,w,img/target_2.png
16,192,modular,3,b,img/target_6.png
16,193,modular,1,v,img/target_5.png
16,194,modular,4,i,img/target_8.png
16,195,modular,5,o,img/target_9.png
16,196,modular,7,e,img/target_3.png
16,197,modular,5,o,img/target_9.png
16,198,modular,7,e,img/target_3.png
16,199,modular,9,q,img/target_1.png
16,200,modular,0,u,img/target_7.png
16,201,modular,2,w,img/target_2.png
16,202,modular,0,u,img/target_7.png
16,203,modular,9,q,img/target_1.png
16,204,modular,8,p,img/target_10.png
16,205,modular,7,e,img/target_3.png
16,206,modular,8,p,img/target_10.png
16,207,modular,9,q,img/target_1.png
16,208,modular,0,u,img/target_7.png
16,209,modular,3,b,img/target_6.png
16,210,modular,2,w,img/target_2.png
16,211,modular,3,b,img/target_6.png
16,212,modular,0,u,img/target_7.png
16,213,modular,1,v,img/target_5.png
16,214,modular,3,b,img/target_6.png
16,215,modular,0,u,img/target_7.png
16,216,modular,9,q,img/target_1.png
16,217,modular,6,r,img/target_4.png
16,218,modular,7,e,img/target_3.png
16,219,modular,8,p,img/target_10.png
16,220,modular,7,e,img/target_3.png
16,221,modular,8,p,img/target_10.png
16,222,modular,7,e,img/target_3.png
16,223,modular,6,r,img/target_4.png
16,224,modular,8,p,img/target_10.png
16,225,modular,5,o,img/target_9.png
16,226,modular,4,i,img/target_8.png
16,227,modular,5,o,img/target_9.png
16,228,modular,7,e,img/target_3.png
16,229,modular,9,q,img/target_1.png
16,230,modular,6,r,img/target_4.png
16,231,modular,5,o,img/target_9.png
16,232,modular,6,r,img/target_4.png
16,233,modular,8,p,img/target_10.png
16,234,modular,6,r,img/target_4.png
16,235,modular,8,p,img/target_10.png
16,236,modular,6,r,img/target_4.png
16,237,modular,8,p,img/target_10.png
16,238,modular,9,q,img/target_1.png
16,239,modular,8,p,img/target_10.png
16,240,modular,7,e,img/target_3.png
16,241,modular,9,q,img/target_1.png
16,242,modular,0,u,img/target_7.png
16,243,modular,1,v,img/target_5.png
16,244,modular,2,w,img/target_2.png
16,245,modular,0,u,img/target_7.png
16,246,modular,2,w,img/target_2.png
16,247,modular,4,i,img/target_8.png
16,248,modular,3,b,img/target_6.png
16,249,modular,2,w,img/target_2.png
16,250,modular,3,b,img/target_6.png
16,251,modular,1,v,img/target_5.png
16,252,modular,2,w,img/target_2.png
16,253,modular,0,u,img/target_7.png
16,254,modular,2,w,img/target_2.png
16,255,modular,0,u,img/target_7.png
16,256,modular,3,b,img/target_6.png
16,257,modular,2,w,img/target_2.png
16,258,modular,0,u,img/target_7.png
16,259,modular,3,b,img/target_6.png
16,260,modular,0,u,img/target_7.png
16,261,modular,2,w,img/target_2.png
16,262,modular,1,v,img/target_5.png
16,263,modular,2,w,img/target_2.png
16,264,modular,3,b,img/target_6.png
16,265,modular,4,i,img/target_8.png
16,266,modular,1,v,img/target_5.png
16,267,modular,0,u,img/target_7.png
16,268,modular,9,q,img/target_1.png
16,269,modular,7,e,img/target_3.png
16,270,modular,8,p,img/target_10.png
16,271,modular,5,o,img/target_9.png
16,272,modular,6,r,img/target_4.png
16,273,modular,9,q,img/target_1.png
16,274,modular,8,p,img/target_10.png
16,275,modular,7,e,img/target_3.png
16,276,modular,8,p,img/target_10.png
16,277,modular,7,e,img/target_3.png
16,278,modular,8,p,img/target_10.png
16,279,modular,6,r,img/target_4.png
16,280,modular,8,p,img/target_10.png
16,281,modular,6,r,img/target_4.png
16,282,modular,9,q,img/target_1.png
16,283,modular,7,e,img/target_3.png
16,284,modular,5,o,img/target_9.png
16,285,modular,4,i,img/target_8.png
16,286,modular,3,b,img/target_6.png
16,287,modular,2,w,img/target_2.png
16,288,modular,0,u,img/target_7.png
16,289,modular,2,w,img/target_2.png
16,290,modular,3,b,img/target_6.png
16,291,modular,2,w,img/target_2.png
16,292,modular,1,v,img/target_5.png
16,293,modular,0,u,img/target_7.png
16,294,modular,3,b,img/target_6.png
16,295,modular,1,v,img/target_5.png
16,296,modular,4,i,img/target_8.png
16,297,modular,1,v,img/target_5.png
16,298,modular,3,b,img/target_6.png
16,299,modular,0,u,img/target_7.png
16,300,modular,9,q,img/target_1.png
16,301,modular,7,e,img/target_3.png
16,302,modular,9,q,img/target_1.png
16,303,modular,7,e,img/target_3.png
16,304,modular,6,r,img/target_4.png
16,305,modular,5,o,img/target_9.png
16,306,modular,6,r,img/target_4.png
16,307,modular,8,p,img/target_10.png
16,308,modular,5,o,img/target_9.png
16,309,modular,7,e,img/target_3.png
16,310,modular,6,r,img/target_4.png
16,311,modular,7,e,img/target_3.png
16,312,modular,6,r,img/target_4.png
16,313,modular,9,q,img/target_1.png
16,314,modular,8,p,img/target_10.png
16,315,modular,9,q,img/target_1.png
16,316,modular,7,e,img/target_3.png
16,317,modular,6,r,img/target_4.png
16,318,modular,8,p,img/target_10.png
16,319,modular,7,e,img/target_3.png
16,320,modular,8,p,img/target_10.png
16,321,modular,7,e,img/target_3.png
16,322,modular,5,o,img/target_9.png
16,323,modular,8,p,img/target_10.png
16,324,modular,7,e,img/target_3.png
16,325,modular,5,o,img/target_9.png
16,326,modular,4,i,img/target_8.png
16,327,modular,1,v,img/target_5.png
16,328,modular,3,b,img/target_6.png
16,329,modular,2,w,img/target_2.png
16,330,modular,1,v,img/target_5.png
16,331,modular,4,i,img/target_8.png
16,332,modular,5,o,img/target_9.png
16,333,modular,7,e,img/target_3.png
16,334,modular,8,p,img/target_10.png
16,335,modular,7,e,img/target_3.png
16,336,modular,8,p,img/target_10.png
16,337,modular,9,q,img/target_1.png
16,338,modular,0,u,img/target_7.png
16,339,modular,3,b,img/target_6.png
16,340,modular,1,v,img/target_5.png
16,341,modular,2,w,img/target_2.png
16,342,modular,4,i,img/target_8.png
16,343,modular,3,b,img/target_6.png
16,344,modular,1,v,img/target_5.png
16,345,modular,0,u,img/target_7.png
16,346,modular,1,v,img/target_5.png
16,347,modular,2,w,img/target_2.png
16,348,modular,3,b,img/target_6.png
16,349,modular,2,w,img/target_2.png
16,350,modular,4,i,img/target_8.png
16,351,modular,5,o,img/target_9.png
16,352,modular,7,e,img/target_3.png
16,353,modular,9,q,img/target_1.png
16,354,modular,0,u,img/target_7.png
16,355,modular,1,v,img/target_5.png
16,356,modular,3,b,img/target_6.png
16,357,modular,0,u,img/target_7.png
16,358,modular,3,b,img/target_6.png
16,359,modular,2,w,img/target_2.png
16,360,modular,4,i,img/target_8.png
16,361,modular,5,o,img/target_9.png
16,362,modular,7,e,img/target_3.png
16,363,modular,6,r,img/target_4.png
16,364,modular,7,e,img/target_3.png
16,365,modular,6,r,img/target_4.png
16,366,modular,7,e,img/target_3.png
16,367,modular,5,o,img/target_9.png
16,368,modular,6,r,img/target_4.png
16,369,modular,9,q,img/target_1.png
16,370,modular,8,p,img/target_10.png
16,371,modular,9,q,img/target_1.png
16,372,modular,7,e,img/target_3.png
16,373,modular,5,o,img/target_9.png
16,374,modular,4,i,img/target_8.png
16,375,modular,5,o,img/target_9.png
16,376,modular,8,p,img/target_10.png
16,377,modular,9,q,img/target_1.png
16,378,modular,0,u,img/target_7.png
16,379,modular,2,w,img/target_2.png
16,380,modular,1,v,img/target_5.png
16,381,modular,2,w,img/target_2.png
16,382,modular,4,i,img/target_8.png
16,383,modular,2,w,img/target_2.png
16,384,modular,4,i,img/target_8.png
16,385,modular,2,w,img/target_2.png
16,386,modular,4,i,img/target_8.png
16,387,modular,1,v,img/target_5.png
16,388,modular,0,u,img/target_7.png
16,389,modular,9,q,img/target_1.png
16,390,modular,6,r,img/target_4.png
16,391,modular,9,q,img/target_1.png
16,392,modular,0,u,img/target_7.png
16,393,modular,3,b,img/target_6.png
16,394,modular,4,i,img/target_8.png
16,395,modular,3,b,img/target_6.png
16,396,modular,2,w,img/target_2.png
16,397,modular,3,b,img/target_6.png
16,398,modular,0,u,img/target_7.png
16,399,modular,2,w,img/target_2.png
16,400,modular,4,i,img/target_8.png
16,401,modular,1,v,img/target_5.png
16,402,modular,0,u,img/target_7.png
16,403,modular,3,b,img/target_6.png
16,404,modular,2,w,img/target_2.png
16,405,modular,4,i,img/target_8.png
16,406,modular,1,v,img/target_5.png
16,407,modular,4,i,img/target_8.png
16,408,modular,5,o,img/target_9.png
16,409,modular,8,p,img/target_10.png
16,410,modular,5,o,img/target_9.png
16,411,modular,4,i,img/target_8.png
16,412,modular,2,w,img/target_2.png
16,413,modular,0,u,img/target_7.png
16,414,modular,3,b,img/target_6.png
16,415,modular,0,u,img/target_7.png
16,416,modular,2,w,img/target_2.png
16,417,modular,0,u,img/target_7.png
16,418,modular,1,v,img/target_5.png
16,419,modular,2,w,img/target_2.png
16,420,modular,1,v,img/target_5.png
16,421,modular,4,i,img/target_8.png
16,422,modular,2,w,img/target_2.png
16,423,modular,3,b,img/target_6.png
16,424,modular,1,v,img/target_5.png
16,425,modular,3,b,img/target_6.png
16,426,modular,4,i,img/target_8.png
16,427,modular,3,b,img/target_6.png
16,428,modular,0,u,img/target_7.png
16,429,modular,9,q,img/target_1.png
16,430,modular,7,e,img/target_3.png
16,431,modular,5,o,img/target_9.png
16,432,modular,8,p,img/target_10.png
16,433,modular,6,r,img/target_4.png
16,434,modular,7,e,img/target_3.png
16,435,modular,5,o,img/target_9.png
16,436,modular,7,e,img/target_3.png
16,437,modular,6,r,img/target_4.png
16,438,modular,5,o,img/target_9.png
16,439,modular,7,e,img/target_3.png
16,440,modular,5,o,img/target_9.png
16,441,modular,6,r,img/target_4.png
16,442,modular,7,e,img/target_3.png
16,443,modular,9,q,img/target_1.png
16,444,modular,6,r,img/target_4.png
16,445,modular,8,p,img/target_10.png
16,446,modular,5,o,img/target_9.png
16,447,modular,8,p,img/target_10.png
16,448,modular,7,e,img/target_3.png
16,449,modular,9,q,img/target_1.png
16,450,modular,0,u,img/target_7.png
16,451,modular,3,b,img/target_6.png
16,452,modular,2,w,img/target_2.png
16,453,modular,3,b,img/target_6.png
16,454,modular,1,v,img/target_5.png
16,455,modular,2,w,img/target_2.png
16,456,modular,3,b,img/target_6.png
16,457,modular,2,w,img/target_2.png
16,458,modular,1,v,img/target_5.png
16,459,modular,2,w,img/target_2.png
16,460,modular,4,i,img/target_8.png
16,461,modular,1,v,img/target_5.png
16,462,modular,4,i,img/target_8.png
16,463,modular,2,w,img/target_2.png
16,464,modular,1,v,img/target_5.png
16,465,modular,4,i,img/target_8.png
16,466,modular,3,b,img/target_6.png
16,467,modular,1,v,img/target_5.png
16,468,modular,2,w,img/target_2.png
16,469,modular,4,i,img/target_8.png
16,470,modular,2,w,img/target_2.png
16,471,modular,1,v,img/target_5.png
16,472,modular,2,w,img/target_2.png
16,473,modular,1,v,img/target_5.png
16,474,modular,0,u,img/target_7.png
16,475,modular,3,b,img/target_6.png
16,476,modular,1,v,img/target_5.png
16,477,modular,3,b,img/target_6.png
16,478,modular,0,u,img/target_7.png
16,479,modular,9,q,img/target_1.png
16,480,modular,0,u,img/target_7.png
16,481,modular,3,b,img/target_6.png
16,482,modular,2,w,img/target_2.png
16,483,modular,4,i,img/target_8.png
16,484,modular,3,b,img/target_6.png
16,485,modular,4,i,img/target_8.png
16,486,modular,5,o,img/target_9.png
16,487,modular,8,p,img/target_10.png
16,488,modular,7,e,img/target_3.png
16,489,modular,5,o,img/target_9.png
16,490,modular,6,r,img/target_4.png
16,491,modular,8,p,img/target_10.png
16,492,modular,5,o,img/target_9.png
16,493,modular,6,r,img/target_4.png
16,494,modular,7,e,img/target_3.png
16,495,modular,6,r,img/target_4.png
16,496,modular,8,p,img/target_10.png
16,497,modular,6,r,img/target_4.png
16,498,modular,7,e,img/target_3.png
16,499,modular,9,q,img/target_1.png
16,500,modular,8,p,img/target_10.png
16,501,modular,7,e,img/target_3.png
16,502,modular,6,r,img/target_4.png
16,503,modular,8,p,img/target_10.png
16,504,modular,6,r,img/target_4.png
16,505,modular,7,e,img/target_3.png
16,506,modular,5,o,img/target_9.png
16,507,modular,8,p,img/target_10.png
16,508,modular,9,q,img/target_1.png
16,509,modular,8,p,img/target_10.png
16,510,modular,5,o,img/target_9.png
16,511,modular,7,e,img/target_3.png
16,512,modular,8,p,img/target_10.png
16,513,modular,7,e,img/target_3.png
16,514,modular,8,p,img/target_10.png
16,515,modular,9,q,img/target_1.png
16,516,modular,8,p,img/target_10.png
16,517,modular,7,e,img/target_3.png
16,518,modular,6,r,img/target_4.png
16,519,modular,7,e,img/target_3.png
16,520,modular,8,p,img/target_10.png
16,521,modular,7,e,img/target_3.png
16,522,modular,9,q,img/target_1.png
16,523,modular,6,r,img/target_4.png
16,524,modular,7,e,img/target_3.png
16,525,modular,9,q,img/target_1.png
16,526,modular,6,r,img/target_4.png
16,527,modular,9,q,img/target_1.png
16,528,modular,7,e,img/target_3.png
16,529,modular,8,p,img/target_10.png
16,530,modular,9,q,img/target_1.png
16,531,modular,6,r,img/target_4.png
16,532,modular,7,e,img/target_3.png
16,533,modular,8,p,img/target_10.png
16,534,modular,9,q,img/target_1.png
16,535,modular,7,e,img/target_3.png
16,536,modular,9,q,img/target_1.png
16,537,modular,8,p,img/target_10.png
16,538,modular,5,o,img/target_9.png
16,539,modular,4,i,img/target_8.png
16,540,modular,2,w,img/target_2.png
16,541,modular,4,i,img/target_8.png
16,542,modular,1,v,img/target_5.png
16,543,modular,2,w,img/target_2.png
16,544,modular,4,i,img/target_8.png
16,545,modular,1,v,img/target_5.png
16,546,modular,3,b,img/target_6.png
16,547,modular,4,i,img/target_8.png
16,548,modular,3,b,img/target_6.png
16,549,modular,1,v,img/target_5.png
16,550,modular,3,b,img/target_6.png
16,551,modular,2,w,img/target_2.png
16,552,modular,4,i,img/target_8.png
16,553,modular,3,b,img/target_6.png
16,554,modular,4,i,img/target_8.png
16,555,modular,5,o,img/target_9.png
16,556,modular,6,r,img/target_4.png
16,557,modular,7,e,img/target_3.png
16,558,modular,8,p,img/target_10.png
16,559,modular,7,e,img/target_3.png
16,560,modular,5,o,img/target_9.png
16,561,modular,8,p,img/target_10.png
16,562,modular,6,r,img/target_4.png
16,563,modular,8,p,img/target_10.png
16,564,modular,7,e,img/target_3.png
16,565,modular,6,r,img/target_4.png
16,566,modular,8,p,img/target_10.png
16,567,modular,6,r,img/target_4.png
16,568,modular,5,o,img/target_9.png
16,569,modular,6,r,img/target_4.png
16,570,modular,9,q,img/target_1.png
16,571,modular,8,p,img/target_10.png
16,572,modular,7,e,img/target_3.png
16,573,modular,9,q,img/target_1.png
16,574,modular,6,r,img/target_4.png
16,575,modular,5,o,img/target_9.png
16,576,modular,6,r,img/target_4.png
16,577,modular,5,o,img/target_9.png
16,578,modular,7,e,img/target_3.png
16,579,modular,9,q,img/target_1.png
16,580,modular,7,e,img/target_3.png
16,581,modular,8,p,img/target_10.png
16,582,modular,5,o,img/target_9.png
16,583,modular,6,r,img/target_4.png
16,584,modular,9,q,img/target_1.png
16,585,modular,7,e,img/target_3.png
16,586,modular,9,q,img/target_1.png
16,587,modular,7,e,img/target_3.png
16,588,modular,5,o,img/target_9.png
16,589,modular,7,e,img/target_3.png
16,590,modular,8,p,img/target_10.png
16,591,modular,6,r,img/target_4.png
16,592,modular,8,p,img/target_10.png
16,593,modular,6,r,img/target_4.png
16,594,modular,9,q,img/target_1.png
16,595,modular,0,u,img/target_7.png
16,596,modular,9,q,img/target_1.png
16,597,modular,0,u,img/target_7.png
16,598,modular,1,v,img/target_5.png
16,599,modular,4,i,img/target_8.png
16,600,modular,5,o,img/target_9.png
16,601,modular,6,r,img/target_4.png
16,602,modular,9,q,img/target_1.png
16,603,modular,0,u,img/target_7.png
16,604,modular,3,b,img/target_6.png
16,605,modular,2,w,img/target_2.png
16,606,modular,0,u,img/target_7.png
16,607,modular,1,v,img/target_5.png
16,608,modular,4,i,img/target_8.png
16,609,modular,5,o,img/target_9.png
16,610,modular,6,r,img/target_4.png
16,611,modular,5,o,img/target_9.png
16,612,modular,8,p,img/target_10.png
16,613,modular,7,e,img/target_3.png
16,614,modular,8,p,img/target_10.png
16,615,modular,7,e,img/target_3.png
16,616,modular,9,q,img/target_1.png
16,617,modular,8,p,img/target_10.png
16,618,modular,9,q,img/target_1.png
16,619,modular,8,p,img/target_10.png
16,620,modular,6,r,img/target_4.png
16,621,modular,8,p,img/target_10.png
16,622,modular,9,q,img/target_1.png
16,623,modular,8,p,img/target_10.png
16,624,modular,6,r,img/target_4.png
16,625,modular,9,q,img/target_1.png
16,626,modular,7,e,img/target_3.png
16,627,modular,9,q,img/target_1.png
16,628,modular,6,r,img/target_4.png
16,629,modular,9,q,img/target_1.png
16,630,modular,6,r,img/target_4.png
16,631,modular,7,e,img/target_3.png
16,632,modular,9,q,img/target_1.png
16,633,modular,7,e,img/target_3.png
16,634,modular,9,q,img/target_1.png
16,635,modular,7,e,img/target_3.png
16,636,modular,5,o,img/target_9.png
16,637,modular,7,e,img/target_3.png
16,638,modular,5,o,img/target_9.png
16,639,modular,7,e,img/target_3.png
16,640,modular,6,r,img/target_4.png
16,641,modular,8,p,img/target_10.png
16,642,modular,6,r,img/target_4.png
16,643,modular,5,o,img/target_9.png
16,644,modular,4,i,img/target_8.png
16,645,modular,5,o,img/target_9.png
16,646,modular,8,p,img/target_10.png
16,647,modular,9,q,img/target_1.png
16,648,modular,6,r,img/target_4.png
16,649,modular,9,q,img/target_1.png
16,650,modular,0,u,img/target_7.png
16,651,modular,2,w,img/target_2.png
16,652,modular,0,u,img/target_7.png
16,653,modular,1,v,img/target_5.png
16,654,modular,2,w,img/target_2.png
16,655,modular,0,u,img/target_7.png
16,656,modular,3,b,img/target_6.png
16,657,modular,1,v,img/target_5.png
16,658,modular,3,b,img/target_6.png
16,659,modular,4,i,img/target_8.png
16,660,modular,2,w,img/target_2.png
16,661,modular,0,u,img/target_7.png
16,662,modular,3,b,img/target_6.png
16,663,modular,4,i,img/target_8.png
16,664,modular,5,o,img/target_9.png
16,665,modular,8,p,img/target_10.png
16,666,modular,7,e,img/target_3.png
16,667,modular,8,p,img/target_10.png
16,668,modular,7,e,img/target_3.png
16,669,modular,8,p,img/target_10.png
16,670,modular,5,o,img/target_9.png
16,671,modular,4,i,img/target_8.png
16,672,modular,2,w,img/target_2.png
16,673,modular,0,u,img/target_7.png
16,674,modular,3,b,img/target_6.png
16,675,modular,1,v,img/target_5.png
16,676,modular,2,w,img/target_2.png
16,677,modular,0,u,img/target_7.png
16,678,modular,3,b,img/target_6.png
16,679,modular,2,w,img/target_2.png
16,680,modular,0,u,img/target_7.png
16,681,modular,9,q,img/target_1.png
16,682,modular,7,e,img/target_3.png
16,683,modular,9,q,img/target_1.png
16,684,modular,7,e,img/target_3.png
16,685,modular,9,q,img/target_1.png
16,686,modular,6,r,img/target_4.png
16,687,modular,8,p,img/target_10.png
16,688,modular,5,o,img/target_9.png
16,689,modular,8,p,img/target_10.png
16,690,modular,5,o,img/target_9.png
16,691,modular,7,e,img/target_3.png
16,692,modular,8,p,img/target_10.png
16,693,modular,5,o,img/target_9.png
16,694,modular,7,e,img/target_3.png
16,695,modular,9,q,img/target_1.png
16,696,modular,7,e,img/target_3.png
16,697,modular,9,q,img/target_1.png
16,698,modular,0,u,img/target_7.png
16,699,modular,3,b,img/target_6.png
16,700,modular,4,i,img/target_8.png
16,701,modular,5,o,img/target_9.png
16,702,modular,4,i,img/target_8.png
16,703,modular,3,b,img/target_6.png
16,704,modular,2,w,img/target_2.png
16,705,modular,4,i,img/target_8.png
16,706,modular,2,w,img/target_2.png
16,707,modular,3,b,img/target_6.png
16,708,modular,2,w,img/target_2.png
16,709,modular,3,b,img/target_6.png
16,710,modular,2,w,img/target_2.png
16,711,modular,3,b,img/target_6.png
16,712,modular,4,i,img/target_8.png
16,713,modular,3,b,img/target_6.png
16,714,modular,4,i,img/target_8.png
16,715,modular,5,o,img/target_9.png
16,716,modular,8,p,img/target_10.png
16,717,modular,7,e,img/target_3.png
16,718,modular,9,q,img/target_1.png
16,719,modular,7,e,img/target_3.png
16,720,modular,6,r,img/target_4.png
16,721,modular,9,q,img/target_1.png
16,722,modular,0,u,img/target_7.png
16,723,modular,2,w,img/target_2.png
16,724,modular,1,v,img/target_5.png
16,725,modular,3,b,img/target_6.png
16,726,modular,0,u,img/target_7.png
16,727,modular,3,b,img/target_6.png
16,728,modular,2,w,img/target_2.png
16,729,modular,0,u,img/target_7.png
16,730,modular,3,b,img/target_6.png
16,731,modular,1,v,img/target_5.png
16,732,modular,4,i,img/target_8.png
16,733,modular,1,v,img/target_5.png
16,734,modular,2,w,img/target_2.png
16,735,modular,4,i,img/target_8.png
16,736,modular,1,v,img/target_5.png
16,737,modular,3,b,img/target_6.png
16,738,modular,2,w,img/target_2.png
16,739,modular,0,u,img/target_7.png
16,740,modular,9,q,img/target_1.png
16,741,modular,7,e,img/target_3.png
16,742,modular,6,r,img/target_4.png
16,743,modular,9,q,img/target_1.png
16,744,modular,8,p,img/target_10.png
16,745,modular,7,e,img/target_3.png
16,746,modular,6,r,img/target_4.png
16,747,modular,9,q,img/target_1.png
16,748,modular,6,r,img/target_4.png
16,749,modular,5,o,img/target_9.png
16,750,modular,4,i,img/target_8.png
16,751,modular,5,o,img/target_9.png
16,752,modular,4,i,img/target_8.png
16,753,modular,3,b,img/target_6.png
16,754,modular,2,w,img/target_2.png
16,755,modular,4,i,img/target_8.png
16,756,modular,2,w,img/target_2.png
16,757,modular,0,u,img/target_7.png
16,758,modular,1,v,img/target_5.png
16,759,modular,4,i,img/target_8.png
16,760,modular,3,b,img/target_6.png
16,761,modular,0,u,img/target_7.png
16,762,modular,2,w,img/target_2.png
16,763,modular,3,b,img/target_6.png
16,764,modular,1,v,img/target_5.png
16,765,modular,2,w,img/target_2.png
16,766,modular,3,b,img/target_6.png
16,767,modular,0,u,img/target_7.png
16,768,modular,1,v,img/target_5.png
16,769,modular,2,w,img/target_2.png
16,770,modular,1,v,img/target_5.png
16,771,modular,2,w,img/target_2.png
16,772,modular,4,i,img/target_8.png
16,773,modular,1,v,img/target_5.png
16,774,modular,0,u,img/target_7.png
16,775,modular,3,b,img/target_6.png
16,776,modular,0,u,img/target_7.png
16,777,modular,3,b,img/target_6.png
16,778,modular,0,u,img/target_7.png
16,779,modular,9,q,img/target_1.png
16,780,modular,0,u,img/target_7.png
16,781,modular,1,v,img/target_5.png
16,782,modular,0,u,img/target_7.png
16,783,modular,3,b,img/target_6.png
16,784,modular,2,w,img/target_2.png
16,785,modular,0,u,img/target_7.png
16,786,modular,1,v,img/target_5.png
16,787,modular,3,b,img/target_6.png
16,788,modular,2,w,img/target_2.png
16,789,modular,0,u,img/target_7.png
16,790,modular,1,v,img/target_5.png
16,791,modular,2,w,img/target_2.png
16,792,modular,0,u,img/target_7.png
16,793,modular,9,q,img/target_1.png
16,794,modular,8,p,img/target_10.png
16,795,modular,9,q,img/target_1.png
16,796,modular,0,u,img/target_7.png
16,797,modular,9,q,img/target_1.png
16,798,modular,6,r,img/target_4.png
16,799,modular,5,o,img/target_9.png
16,800,modular,4,i,img/target_8.png
16,801,modular,5,o,img/target_9.png
16,802,modular,4,i,img/target_8.png
16,803,modular,2,w,img/target_2.png
16,804,modular,4,i,img/target_8.png
16,805,modular,1,v,img/target_5.png
16,806,modular,0,u,img/target_7.png
16,807,modular,2,w,img/target_2.png
16,808,modular,0,u,img/target_7.png
16,809,modular,2,w,img/target_2.png
16,810,modular,4,i,img/target_8.png
16,811,modular,3,b,img/target_6.png
16,812,modular,1,v,img/target_5.png
16,813,modular,3,b,img/target_6.png
16,814,modular,4,i,img/target_8.png
16,815,modular,1,v,img/target_5.png
16,816,modular,3,b,img/target_6.png
16,817,modular,1,v,img/target_5.png
16,818,modular,0,u,img/target_7.png
16,819,modular,9,q,img/target_1.png
16,820,modular,6,r,img/target_4.png
16,821,modular,9,q,img/target_1.png
16,822,modular,6,r,img/target_4.png
16,823,modular,5,o,img/target_9.png
16,824,modular,4,i,img/target_8.png
16,825,modular,5,o,img/target_9.png
16,826,modular,7,e,img/target_3.png
16,827,modular,9,q,img/target_1.png
16,828,modular,8,p,img/target_10.png
16,829,modular,9,q,img/target_1.png
16,830,modular,7,e,img/target_3.png
16,831,modular,5,o,img/target_9.png
16,832,modular,8,p,img/target_10.png
16,833,modular,7,e,img/target_3.png
16,834,modular,5,o,img/target_9.png
16,835,modular,7,e,img/target_3.png
16,836,modular,8,p,img/target_10.png
16,837,modular,7,e,img/target_3.png
16,838,modular,8,p,img/target_10.png
16,839,modular,5,o,img/target_9.png
16,840,modular,7,e,img/target_3.png
16,841,modular,9,q,img/target_1.png
16,842,modular,0,u,img/target_7.png
16,843,modular,3,b,img/target_6.png
16,844,modular,4,i,img/target_8.png
16,845,modular,1,v,img/target_5.png
16,846,modular,2,w,img/target_2.png
16,847,modular,1,v,img/target_5.png
16,848,modular,0,u,img/target_7.png
16,849,modular,2,w,img/target_2.png
16,850,modular,0,u,img/target_7.png
16,851,modular,2,w,img/target_2.png
16,852,modular,1,v,img/target_5.png
16,853,modular,4,i,img/target_8.png
16,854,modular,2,w,img/target_2.png
16,855,modular,4,i,img/target_8.png
16,856,modular,1,v,img/target_5.png
16,857,modular,2,w,img/target_2.png
16,858,modular,1,v,img/target_5.png
16,859,modular,4,i,img/target_8.png
16,860,modular,2,w,img/target_2.png
16,861,modular,3,b,img/target_6.png
16,862,modular,2,w,img/target_2.png
16,863,modular,1,v,img/target_5.png
16,864,modular,2,w,img/target_2.png
16,865,modular,4,i,img/target_8.png
16,866,modular,2,w,img/target_2.png
16,867,modular,3,b,img/target_6.png
16,868,modular,4,i,img/target_8.png
16,869,modular,3,b,img/target_6.png
16,870,modular,1,v,img/target_5.png
16,871,modular,2,w,img/target_2.png
16,872,modular,4,i,img/target_8.png
16,873,modular,3,b,img/target_6.png
16,874,modular,1,v,img/target_5.png
16,875,modular,4,i,img/target_8.png
16,876,modular,1,v,img/target_5.png
16,877,modular,4,i,img/target_8.png
16,878,modular,3,b,img/target_6.png
16,879,modular,2,w,img/target_2.png
16,880,modular,0,u,img/target_7.png
16,881,modular,1,v,img/target_5.png
16,882,modular,0,u,img/target_7.png
16,883,modular,9,q,img/target_1.png
16,884,modular,0,u,img/target_7.png
16,885,modular,1,v,img/target_5.png
16,886,modular,3,b,img/target_6.png
16,887,modular,4,i,img/target_8.png
16,888,modular,5,o,img/target_9.png
16,889,modular,7,e,img/target_3.png
16,890,modular,6,r,img/target_4.png
16,891,modular,9,q,img/target_1.png
16,892,modular,0,u,img/target_7.png
16,893,modular,3,b,img/target_6.png
16,894,modular,0,u,img/target_7.png
16,895,modular,3,b,img/target_6.png
16,896,modular,4,i,img/target_8.png
16,897,modular,1,v,img/target_5.png
16,898,modular,0,u,img/target_7.png
16,899,modular,1,v,img/target_5.png
16,900,modular,0,u,img/target_7.png
16,901,modular,1,v,img/target_5.png
16,902,modular,0,u,img/target_7.png
16,903,modular,3,b,img/target_6.png
16,904,modular,0,u,img/target_7.png
16,905,modular,9,q,img/target_1.png
16,906,modular,7,e,img/target_3.png
16,907,modular,9,q,img/target_1.png
16,908,modular,8,p,img/target_10.png
16,909,modular,7,e,img/target_3.png
16,910,modular,8,p,img/target_10.png
16,911,modular,9,q,img/target_1.png
16,912,modular,8,p,img/target_10.png
16,913,modular,5,o,img/target_9.png
16,914,modular,4,i,img/target_8.png
16,915,modular,3,b,img/target_6.png
16,916,modular,2,w,img/target_2.png
16,917,modular,0,u,img/target_7.png
16,918,modular,1,v,img/target_5.png
16,919,modular,0,u,img/target_7.png
16,920,modular,1,v,img/target_5.png
16,921,modular,3,b,img/target_6.png
16,922,modular,1,v,img/target_5.png
16,923,modular,4,i,img/target_8.png
16,924,modular,1,v,img/target_5.png
16,925,modular,4,i,img/target_8.png
16,926,modular,2,w,img/target_2.png
16,927,modular,0,u,img/target_7.png
16,928,modular,9,q,img/target_1.png
16,929,modular,0,u,img/target_7.png
16,930,modular,2,w,img/target_2.png
16,931,modular,1,v,img/target_5.png
16,932,modular,0,u,img/target_7.png
16,933,modular,9,q,img/target_1.png
16,934,modular,6,r,img/target_4.png
16,935,modular,9,q,img/target_1.png
16,936,modular,8,p,img/target_10.png
16,937,modular,5,o,img/target_9.png
16,938,modular,7,e,img/target_3.png
16,939,modular,5,o,img/target_9.png
16,940,modular,8,p,img/target_10.png
16,941,modular,6,r,img/target_4.png
16,942,modular,5,o,img/target_9.png
16,943,modular,4,i,img/target_8.png
16,944,modular,1,v,img/target_5.png
16,945,modular,2,w,img/target_2.png
16,946,modular,0,u,img/target_7.png
16,947,modular,3,b,img/target_6.png
16,948,modular,1,v,img/target_5.png
16,949,modular,3,b,img/target_6.png
16,950,modular,1,v,img/target_5.png
16,951,modular,2,w,img/target_2.png
16,952,modular,4,i,img/target_8.png
16,953,modular,3,b,img/target_6.png
16,954,modular,0,u,img/target_7.png
16,955,modular,3,b,img/target_6.png
16,956,modular,4,i,img/target_8.png
16,957,modular,5,o,img/target_9.png
16,958,modular,6,r,img/target_4.png
16,959,modular,8,p,img/target_10.png
16,960,modular,5,o,img/target_9.png
16,961,modular,8,p,img/target_10.png
16,962,modular,6,r,img/target_4.png
16,963,modular,7,e,img/target_3.png
16,964,modular,6,r,img/target_4.png
16,965,modular,8,p,img/target_10.png
16,966,modular,5,o,img/target_9.png
16,967,modular,6,r,img/target_4.png
16,968,modular,8,p,img/target_10.png
16,969,modular,6,r,img/target_4.png
16,970,modular,7,e,img/target_3.png
16,971,modular,6,r,img/target_4.png
16,972,modular,5,o,img/target_9.png
16,973,modular,4,i,img/target_8.png
16,974,modular,3,b,img/target_6.png
16,975,modular,4,i,img/target_8.png
16,976,modular,5,o,img/target_9.png
16,977,modular,8,p,img/target_10.png
16,978,modular,7,e,img/target_3.png
16,979,modular,6,r,img/target_4.png
16,980,modular,8,p,img/target_10.png
16,981,modular,9,q,img/target_1.png
16,982,modular,6,r,img/target_4.png
16,983,modular,5,o,img/target_9.png
16,984,modular,8,p,img/target_10.png
16,985,modular,9,q,img/target_1.png
16,986,modular,6,r,img/target_4.png
16,987,modular,8,p,img/target_10.png
16,988,modular,6,r,img/target_4.png
16,989,modular,5,o,img/target_9.png
16,990,modular,4,i,img/target_8.png
16,991,modular,3,b,img/target_6.png
16,992,modular,0,u,img/target_7.png
16,993,modular,9,q,img/target_1.png
16,994,modular,0,u,img/target_7.png
16,995,modular,9,q,img/target_1.png
16,996,modular,6,r,img/target_4.png
16,997,modular,5,o,img/target_9.png
16,998,modular,7,e,img/target_3.png
16,999,modular,9,q,img/target_1.png
16,1000,modular,8,p,img/target_10.png
