pID,sess,trialNum,graph,walk,resp,path
57,2,1,lattice,9,p,img/target_10.png
57,2,2,lattice,7,v,img/target_5.png
57,2,3,lattice,9,p,img/target_10.png
57,2,4,lattice,7,v,img/target_5.png
57,2,5,lattice,6,b,img/target_6.png
57,2,6,lattice,7,v,img/target_5.png
57,2,7,lattice,8,w,img/target_2.png
57,2,8,lattice,0,r,img/target_4.png
57,2,9,lattice,9,p,img/target_10.png
57,2,10,lattice,7,v,img/target_5.png
57,2,11,lattice,8,w,img/target_2.png
57,2,12,lattice,7,v,img/target_5.png
57,2,13,lattice,8,w,img/target_2.png
57,2,14,lattice,0,r,img/target_4.png
57,2,15,lattice,2,o,img/target_9.png
57,2,16,lattice,3,q,img/target_1.png
57,2,17,lattice,4,i,img/target_8.png
57,2,18,lattice,2,o,img/target_9.png
57,2,19,lattice,1,u,img/target_7.png
57,2,20,lattice,2,o,img/target_9.png
57,2,21,lattice,3,q,img/target_1.png
57,2,22,lattice,2,o,img/target_9.png
57,2,23,lattice,3,q,img/target_1.png
57,2,24,lattice,5,e,img/target_3.png
57,2,25,lattice,6,b,img/target_6.png
57,2,26,lattice,7,v,img/target_5.png
57,2,27,lattice,8,w,img/target_2.png
57,2,28,lattice,9,p,img/target_10.png
57,2,29,lattice,1,u,img/target_7.png
57,2,30,lattice,0,r,img/target_4.png
57,2,31,lattice,1,u,img/target_7.png
57,2,32,lattice,3,q,img/target_1.png
57,2,33,lattice,4,i,img/target_8.png
57,2,34,lattice,6,b,img/target_6.png
57,2,35,lattice,5,e,img/target_3.png
57,2,36,lattice,6,b,img/target_6.png
57,2,37,lattice,5,e,img/target_3.png
57,2,38,lattice,4,i,img/target_8.png
57,2,39,lattice,2,o,img/target_9.png
57,2,40,lattice,0,r,img/target_4.png
57,2,41,lattice,8,w,img/target_2.png
57,2,42,lattice,6,b,img/target_6.png
57,2,43,lattice,7,v,img/target_5.png
57,2,44,lattice,6,b,img/target_6.png
57,2,45,lattice,8,w,img/target_2.png
57,2,46,lattice,9,p,img/target_10.png
57,2,47,lattice,1,u,img/target_7.png
57,2,48,lattice,3,q,img/target_1.png
57,2,49,lattice,1,u,img/target_7.png
57,2,50,lattice,0,r,img/target_4.png
57,2,51,lattice,1,u,img/target_7.png
57,2,52,lattice,3,q,img/target_1.png
57,2,53,lattice,1,u,img/target_7.png
57,2,54,lattice,9,p,img/target_10.png
57,2,55,lattice,0,r,img/target_4.png
57,2,56,lattice,9,p,img/target_10.png
57,2,57,lattice,0,r,img/target_4.png
57,2,58,lattice,8,w,img/target_2.png
57,2,59,lattice,7,v,img/target_5.png
57,2,60,lattice,6,b,img/target_6.png
57,2,61,lattice,5,e,img/target_3.png
57,2,62,lattice,7,v,img/target_5.png
57,2,63,lattice,8,w,img/target_2.png
57,2,64,lattice,9,p,img/target_10.png
57,2,65,lattice,0,r,img/target_4.png
57,2,66,lattice,9,p,img/target_10.png
57,2,67,lattice,8,w,img/target_2.png
57,2,68,lattice,0,r,img/target_4.png
57,2,69,lattice,2,o,img/target_9.png
57,2,70,lattice,1,u,img/target_7.png
57,2,71,lattice,0,r,img/target_4.png
57,2,72,lattice,2,o,img/target_9.png
57,2,73,lattice,4,i,img/target_8.png
57,2,74,lattice,5,e,img/target_3.png
57,2,75,lattice,4,i,img/target_8.png
57,2,76,lattice,6,b,img/target_6.png
57,2,77,lattice,8,w,img/target_2.png
57,2,78,lattice,7,v,img/target_5.png
57,2,79,lattice,5,e,img/target_3.png
57,2,80,lattice,7,v,img/target_5.png
57,2,81,lattice,9,p,img/target_10.png
57,2,82,lattice,1,u,img/target_7.png
57,2,83,lattice,2,o,img/target_9.png
57,2,84,lattice,3,q,img/target_1.png
57,2,85,lattice,5,e,img/target_3.png
57,2,86,lattice,7,v,img/target_5.png
57,2,87,lattice,8,w,img/target_2.png
57,2,88,lattice,6,b,img/target_6.png
57,2,89,lattice,8,w,img/target_2.png
57,2,90,lattice,6,b,img/target_6.png
57,2,91,lattice,4,i,img/target_8.png
57,2,92,lattice,6,b,img/target_6.png
57,2,93,lattice,4,i,img/target_8.png
57,2,94,lattice,6,b,img/target_6.png
57,2,95,lattice,7,v,img/target_5.png
57,2,96,lattice,5,e,img/target_3.png
57,2,97,lattice,3,q,img/target_1.png
57,2,98,lattice,4,i,img/target_8.png
57,2,99,lattice,3,q,img/target_1.png
57,2,100,lattice,4,i,img/target_8.png
57,2,101,lattice,3,q,img/target_1.png
57,2,102,lattice,2,o,img/target_9.png
57,2,103,lattice,3,q,img/target_1.png
57,2,104,lattice,1,u,img/target_7.png
57,2,105,lattice,3,q,img/target_1.png
57,2,106,lattice,2,o,img/target_9.png
57,2,107,lattice,4,i,img/target_8.png
57,2,108,lattice,6,b,img/target_6.png
57,2,109,lattice,7,v,img/target_5.png
57,2,110,lattice,5,e,img/target_3.png
57,2,111,lattice,7,v,img/target_5.png
57,2,112,lattice,5,e,img/target_3.png
57,2,113,lattice,6,b,img/target_6.png
57,2,114,lattice,7,v,img/target_5.png
57,2,115,lattice,8,w,img/target_2.png
57,2,116,lattice,9,p,img/target_10.png
57,2,117,lattice,7,v,img/target_5.png
57,2,118,lattice,6,b,img/target_6.png
57,2,119,lattice,4,i,img/target_8.png
57,2,120,lattice,6,b,img/target_6.png
57,2,121,lattice,7,v,img/target_5.png
57,2,122,lattice,8,w,img/target_2.png
57,2,123,lattice,9,p,img/target_10.png
57,2,124,lattice,0,r,img/target_4.png
57,2,125,lattice,8,w,img/target_2.png
57,2,126,lattice,6,b,img/target_6.png
57,2,127,lattice,8,w,img/target_2.png
57,2,128,lattice,7,v,img/target_5.png
57,2,129,lattice,8,w,img/target_2.png
57,2,130,lattice,6,b,img/target_6.png
57,2,131,lattice,4,i,img/target_8.png
57,2,132,lattice,6,b,img/target_6.png
57,2,133,lattice,4,i,img/target_8.png
57,2,134,lattice,5,e,img/target_3.png
57,2,135,lattice,7,v,img/target_5.png
57,2,136,lattice,8,w,img/target_2.png
57,2,137,lattice,7,v,img/target_5.png
57,2,138,lattice,5,e,img/target_3.png
57,2,139,lattice,6,b,img/target_6.png
57,2,140,lattice,4,i,img/target_8.png
57,2,141,lattice,2,o,img/target_9.png
57,2,142,lattice,4,i,img/target_8.png
57,2,143,lattice,6,b,img/target_6.png
57,2,144,lattice,8,w,img/target_2.png
57,2,145,lattice,6,b,img/target_6.png
57,2,146,lattice,4,i,img/target_8.png
57,2,147,lattice,6,b,img/target_6.png
57,2,148,lattice,5,e,img/target_3.png
57,2,149,lattice,4,i,img/target_8.png
57,2,150,lattice,5,e,img/target_3.png
57,2,151,lattice,6,b,img/target_6.png
57,2,152,lattice,7,v,img/target_5.png
57,2,153,lattice,6,b,img/target_6.png
57,2,154,lattice,5,e,img/target_3.png
57,2,155,lattice,4,i,img/target_8.png
57,2,156,lattice,6,b,img/target_6.png
57,2,157,lattice,7,v,img/target_5.png
57,2,158,lattice,6,b,img/target_6.png
57,2,159,lattice,5,e,img/target_3.png
57,2,160,lattice,3,q,img/target_1.png
57,2,161,lattice,2,o,img/target_9.png
57,2,162,lattice,3,q,img/target_1.png
57,2,163,lattice,2,o,img/target_9.png
57,2,164,lattice,3,q,img/target_1.png
57,2,165,lattice,4,i,img/target_8.png
57,2,166,lattice,2,o,img/target_9.png
57,2,167,lattice,4,i,img/target_8.png
57,2,168,lattice,5,e,img/target_3.png
57,2,169,lattice,4,i,img/target_8.png
57,2,170,lattice,6,b,img/target_6.png
57,2,171,lattice,7,v,img/target_5.png
57,2,172,lattice,9,p,img/target_10.png
57,2,173,lattice,8,w,img/target_2.png
57,2,174,lattice,9,p,img/target_10.png
57,2,175,lattice,0,r,img/target_4.png
57,2,176,lattice,2,o,img/target_9.png
57,2,177,lattice,0,r,img/target_4.png
57,2,178,lattice,9,p,img/target_10.png
57,2,179,lattice,7,v,img/target_5.png
57,2,180,lattice,5,e,img/target_3.png
57,2,181,lattice,3,q,img/target_1.png
57,2,182,lattice,5,e,img/target_3.png
57,2,183,lattice,6,b,img/target_6.png
57,2,184,lattice,7,v,img/target_5.png
57,2,185,lattice,9,p,img/target_10.png
57,2,186,lattice,8,w,img/target_2.png
57,2,187,lattice,0,r,img/target_4.png
57,2,188,lattice,1,u,img/target_7.png
57,2,189,lattice,0,r,img/target_4.png
57,2,190,lattice,1,u,img/target_7.png
57,2,191,lattice,3,q,img/target_1.png
57,2,192,lattice,2,o,img/target_9.png
57,2,193,lattice,0,r,img/target_4.png
57,2,194,lattice,8,w,img/target_2.png
57,2,195,lattice,6,b,img/target_6.png
57,2,196,lattice,7,v,img/target_5.png
57,2,197,lattice,9,p,img/target_10.png
57,2,198,lattice,0,r,img/target_4.png
57,2,199,lattice,8,w,img/target_2.png
57,2,200,lattice,6,b,img/target_6.png
57,2,201,lattice,5,e,img/target_3.png
57,2,202,lattice,6,b,img/target_6.png
57,2,203,lattice,4,i,img/target_8.png
57,2,204,lattice,6,b,img/target_6.png
57,2,205,lattice,4,i,img/target_8.png
57,2,206,lattice,5,e,img/target_3.png
57,2,207,lattice,7,v,img/target_5.png
57,2,208,lattice,5,e,img/target_3.png
57,2,209,lattice,3,q,img/target_1.png
57,2,210,lattice,2,o,img/target_9.png
57,2,211,lattice,0,r,img/target_4.png
57,2,212,lattice,1,u,img/target_7.png
57,2,213,lattice,3,q,img/target_1.png
57,2,214,lattice,2,o,img/target_9.png
57,2,215,lattice,3,q,img/target_1.png
57,2,216,lattice,4,i,img/target_8.png
57,2,217,lattice,5,e,img/target_3.png
57,2,218,lattice,7,v,img/target_5.png
57,2,219,lattice,5,e,img/target_3.png
57,2,220,lattice,7,v,img/target_5.png
57,2,221,lattice,8,w,img/target_2.png
57,2,222,lattice,9,p,img/target_10.png
57,2,223,lattice,7,v,img/target_5.png
57,2,224,lattice,8,w,img/target_2.png
57,2,225,lattice,6,b,img/target_6.png
57,2,226,lattice,8,w,img/target_2.png
57,2,227,lattice,0,r,img/target_4.png
57,2,228,lattice,8,w,img/target_2.png
57,2,229,lattice,9,p,img/target_10.png
57,2,230,lattice,7,v,img/target_5.png
57,2,231,lattice,6,b,img/target_6.png
57,2,232,lattice,4,i,img/target_8.png
57,2,233,lattice,3,q,img/target_1.png
57,2,234,lattice,4,i,img/target_8.png
57,2,235,lattice,6,b,img/target_6.png
57,2,236,lattice,5,e,img/target_3.png
57,2,237,lattice,4,i,img/target_8.png
57,2,238,lattice,5,e,img/target_3.png
57,2,239,lattice,7,v,img/target_5.png
57,2,240,lattice,6,b,img/target_6.png
57,2,241,lattice,5,e,img/target_3.png
57,2,242,lattice,3,q,img/target_1.png
57,2,243,lattice,2,o,img/target_9.png
57,2,244,lattice,4,i,img/target_8.png
57,2,245,lattice,3,q,img/target_1.png
57,2,246,lattice,4,i,img/target_8.png
57,2,247,lattice,5,e,img/target_3.png
57,2,248,lattice,7,v,img/target_5.png
57,2,249,lattice,6,b,img/target_6.png
57,2,250,lattice,4,i,img/target_8.png
57,2,251,lattice,5,e,img/target_3.png
57,2,252,lattice,3,q,img/target_1.png
57,2,253,lattice,5,e,img/target_3.png
57,2,254,lattice,7,v,img/target_5.png
57,2,255,lattice,5,e,img/target_3.png
57,2,256,lattice,7,v,img/target_5.png
57,2,257,lattice,9,p,img/target_10.png
57,2,258,lattice,7,v,img/target_5.png
57,2,259,lattice,8,w,img/target_2.png
57,2,260,lattice,9,p,img/target_10.png
57,2,261,lattice,0,r,img/target_4.png
57,2,262,lattice,8,w,img/target_2.png
57,2,263,lattice,0,r,img/target_4.png
57,2,264,lattice,8,w,img/target_2.png
57,2,265,lattice,9,p,img/target_10.png
57,2,266,lattice,7,v,img/target_5.png
57,2,267,lattice,9,p,img/target_10.png
57,2,268,lattice,1,u,img/target_7.png
57,2,269,lattice,2,o,img/target_9.png
57,2,270,lattice,1,u,img/target_7.png
57,2,271,lattice,2,o,img/target_9.png
57,2,272,lattice,4,i,img/target_8.png
57,2,273,lattice,5,e,img/target_3.png
57,2,274,lattice,6,b,img/target_6.png
57,2,275,lattice,5,e,img/target_3.png
57,2,276,lattice,6,b,img/target_6.png
57,2,277,lattice,5,e,img/target_3.png
57,2,278,lattice,3,q,img/target_1.png
57,2,279,lattice,1,u,img/target_7.png
57,2,280,lattice,2,o,img/target_9.png
57,2,281,lattice,0,r,img/target_4.png
57,2,282,lattice,8,w,img/target_2.png
57,2,283,lattice,7,v,img/target_5.png
57,2,284,lattice,8,w,img/target_2.png
57,2,285,lattice,6,b,img/target_6.png
57,2,286,lattice,5,e,img/target_3.png
57,2,287,lattice,3,q,img/target_1.png
57,2,288,lattice,4,i,img/target_8.png
57,2,289,lattice,6,b,img/target_6.png
57,2,290,lattice,5,e,img/target_3.png
57,2,291,lattice,6,b,img/target_6.png
57,2,292,lattice,8,w,img/target_2.png
57,2,293,lattice,7,v,img/target_5.png
57,2,294,lattice,9,p,img/target_10.png
57,2,295,lattice,7,v,img/target_5.png
57,2,296,lattice,5,e,img/target_3.png
57,2,297,lattice,7,v,img/target_5.png
57,2,298,lattice,5,e,img/target_3.png
57,2,299,lattice,3,q,img/target_1.png
57,2,300,lattice,1,u,img/target_7.png
57,2,301,lattice,0,r,img/target_4.png
57,2,302,lattice,9,p,img/target_10.png
57,2,303,lattice,0,r,img/target_4.png
57,2,304,lattice,9,p,img/target_10.png
57,2,305,lattice,0,r,img/target_4.png
57,2,306,lattice,2,o,img/target_9.png
57,2,307,lattice,3,q,img/target_1.png
57,2,308,lattice,5,e,img/target_3.png
57,2,309,lattice,3,q,img/target_1.png
57,2,310,lattice,2,o,img/target_9.png
57,2,311,lattice,0,r,img/target_4.png
57,2,312,lattice,2,o,img/target_9.png
57,2,313,lattice,1,u,img/target_7.png
57,2,314,lattice,3,q,img/target_1.png
57,2,315,lattice,4,i,img/target_8.png
57,2,316,lattice,5,e,img/target_3.png
57,2,317,lattice,4,i,img/target_8.png
57,2,318,lattice,6,b,img/target_6.png
57,2,319,lattice,5,e,img/target_3.png
57,2,320,lattice,3,q,img/target_1.png
57,2,321,lattice,2,o,img/target_9.png
57,2,322,lattice,1,u,img/target_7.png
57,2,323,lattice,0,r,img/target_4.png
57,2,324,lattice,8,w,img/target_2.png
57,2,325,lattice,9,p,img/target_10.png
57,2,326,lattice,1,u,img/target_7.png
57,2,327,lattice,9,p,img/target_10.png
57,2,328,lattice,7,v,img/target_5.png
57,2,329,lattice,8,w,img/target_2.png
57,2,330,lattice,9,p,img/target_10.png
57,2,331,lattice,0,r,img/target_4.png
57,2,332,lattice,1,u,img/target_7.png
57,2,333,lattice,9,p,img/target_10.png
57,2,334,lattice,0,r,img/target_4.png
57,2,335,lattice,1,u,img/target_7.png
57,2,336,lattice,0,r,img/target_4.png
57,2,337,lattice,1,u,img/target_7.png
57,2,338,lattice,2,o,img/target_9.png
57,2,339,lattice,0,r,img/target_4.png
57,2,340,lattice,1,u,img/target_7.png
57,2,341,lattice,2,o,img/target_9.png
57,2,342,lattice,3,q,img/target_1.png
57,2,343,lattice,5,e,img/target_3.png
57,2,344,lattice,3,q,img/target_1.png
57,2,345,lattice,1,u,img/target_7.png
57,2,346,lattice,3,q,img/target_1.png
57,2,347,lattice,1,u,img/target_7.png
57,2,348,lattice,2,o,img/target_9.png
57,2,349,lattice,1,u,img/target_7.png
57,2,350,lattice,2,o,img/target_9.png
57,2,351,lattice,3,q,img/target_1.png
57,2,352,lattice,4,i,img/target_8.png
57,2,353,lattice,3,q,img/target_1.png
57,2,354,lattice,4,i,img/target_8.png
57,2,355,lattice,2,o,img/target_9.png
57,2,356,lattice,3,q,img/target_1.png
57,2,357,lattice,4,i,img/target_8.png
57,2,358,lattice,3,q,img/target_1.png
57,2,359,lattice,4,i,img/target_8.png
57,2,360,lattice,6,b,img/target_6.png
57,2,361,lattice,4,i,img/target_8.png
57,2,362,lattice,2,o,img/target_9.png
57,2,363,lattice,1,u,img/target_7.png
57,2,364,lattice,9,p,img/target_10.png
57,2,365,lattice,7,v,img/target_5.png
57,2,366,lattice,9,p,img/target_10.png
57,2,367,lattice,7,v,img/target_5.png
57,2,368,lattice,9,p,img/target_10.png
57,2,369,lattice,7,v,img/target_5.png
57,2,370,lattice,8,w,img/target_2.png
57,2,371,lattice,0,r,img/target_4.png
57,2,372,lattice,1,u,img/target_7.png
57,2,373,lattice,3,q,img/target_1.png
57,2,374,lattice,2,o,img/target_9.png
57,2,375,lattice,4,i,img/target_8.png
57,2,376,lattice,5,e,img/target_3.png
57,2,377,lattice,6,b,img/target_6.png
57,2,378,lattice,4,i,img/target_8.png
57,2,379,lattice,6,b,img/target_6.png
57,2,380,lattice,5,e,img/target_3.png
57,2,381,lattice,3,q,img/target_1.png
57,2,382,lattice,1,u,img/target_7.png
57,2,383,lattice,0,r,img/target_4.png
57,2,384,lattice,9,p,img/target_10.png
57,2,385,lattice,8,w,img/target_2.png
57,2,386,lattice,0,r,img/target_4.png
57,2,387,lattice,1,u,img/target_7.png
57,2,388,lattice,9,p,img/target_10.png
57,2,389,lattice,7,v,img/target_5.png
57,2,390,lattice,9,p,img/target_10.png
57,2,391,lattice,8,w,img/target_2.png
57,2,392,lattice,0,r,img/target_4.png
57,2,393,lattice,2,o,img/target_9.png
57,2,394,lattice,1,u,img/target_7.png
57,2,395,lattice,3,q,img/target_1.png
57,2,396,lattice,1,u,img/target_7.png
57,2,397,lattice,2,o,img/target_9.png
57,2,398,lattice,1,u,img/target_7.png
57,2,399,lattice,0,r,img/target_4.png
57,2,400,lattice,9,p,img/target_10.png
57,2,401,lattice,8,w,img/target_2.png
57,2,402,lattice,6,b,img/target_6.png
57,2,403,lattice,7,v,img/target_5.png
57,2,404,lattice,9,p,img/target_10.png
57,2,405,lattice,7,v,img/target_5.png
57,2,406,lattice,6,b,img/target_6.png
57,2,407,lattice,4,i,img/target_8.png
57,2,408,lattice,5,e,img/target_3.png
57,2,409,lattice,4,i,img/target_8.png
57,2,410,lattice,2,o,img/target_9.png
57,2,411,lattice,0,r,img/target_4.png
57,2,412,lattice,8,w,img/target_2.png
57,2,413,lattice,0,r,img/target_4.png
57,2,414,lattice,9,p,img/target_10.png
57,2,415,lattice,8,w,img/target_2.png
57,2,416,lattice,0,r,img/target_4.png
57,2,417,lattice,1,u,img/target_7.png
57,2,418,lattice,0,r,img/target_4.png
57,2,419,lattice,2,o,img/target_9.png
57,2,420,lattice,0,r,img/target_4.png
57,2,421,lattice,8,w,img/target_2.png
57,2,422,lattice,7,v,img/target_5.png
57,2,423,lattice,5,e,img/target_3.png
57,2,424,lattice,4,i,img/target_8.png
57,2,425,lattice,6,b,img/target_6.png
57,2,426,lattice,8,w,img/target_2.png
57,2,427,lattice,6,b,img/target_6.png
57,2,428,lattice,8,w,img/target_2.png
57,2,429,lattice,0,r,img/target_4.png
57,2,430,lattice,9,p,img/target_10.png
57,2,431,lattice,8,w,img/target_2.png
57,2,432,lattice,0,r,img/target_4.png
57,2,433,lattice,1,u,img/target_7.png
57,2,434,lattice,3,q,img/target_1.png
57,2,435,lattice,5,e,img/target_3.png
57,2,436,lattice,3,q,img/target_1.png
57,2,437,lattice,5,e,img/target_3.png
57,2,438,lattice,3,q,img/target_1.png
57,2,439,lattice,5,e,img/target_3.png
57,2,440,lattice,6,b,img/target_6.png
57,2,441,lattice,4,i,img/target_8.png
57,2,442,lattice,2,o,img/target_9.png
57,2,443,lattice,4,i,img/target_8.png
57,2,444,lattice,6,b,img/target_6.png
57,2,445,lattice,8,w,img/target_2.png
57,2,446,lattice,9,p,img/target_10.png
57,2,447,lattice,8,w,img/target_2.png
57,2,448,lattice,0,r,img/target_4.png
57,2,449,lattice,2,o,img/target_9.png
57,2,450,lattice,1,u,img/target_7.png
57,2,451,lattice,3,q,img/target_1.png
57,2,452,lattice,2,o,img/target_9.png
57,2,453,lattice,3,q,img/target_1.png
57,2,454,lattice,1,u,img/target_7.png
57,2,455,lattice,9,p,img/target_10.png
57,2,456,lattice,8,w,img/target_2.png
57,2,457,lattice,7,v,img/target_5.png
57,2,458,lattice,9,p,img/target_10.png
57,2,459,lattice,8,w,img/target_2.png
57,2,460,lattice,7,v,img/target_5.png
57,2,461,lattice,9,p,img/target_10.png
57,2,462,lattice,0,r,img/target_4.png
57,2,463,lattice,1,u,img/target_7.png
57,2,464,lattice,0,r,img/target_4.png
57,2,465,lattice,2,o,img/target_9.png
57,2,466,lattice,3,q,img/target_1.png
57,2,467,lattice,4,i,img/target_8.png
57,2,468,lattice,5,e,img/target_3.png
57,2,469,lattice,4,i,img/target_8.png
57,2,470,lattice,6,b,img/target_6.png
57,2,471,lattice,4,i,img/target_8.png
57,2,472,lattice,3,q,img/target_1.png
57,2,473,lattice,1,u,img/target_7.png
57,2,474,lattice,2,o,img/target_9.png
57,2,475,lattice,1,u,img/target_7.png
57,2,476,lattice,2,o,img/target_9.png
57,2,477,lattice,3,q,img/target_1.png
57,2,478,lattice,4,i,img/target_8.png
57,2,479,lattice,5,e,img/target_3.png
57,2,480,lattice,6,b,img/target_6.png
57,2,481,lattice,7,v,img/target_5.png
57,2,482,lattice,9,p,img/target_10.png
57,2,483,lattice,0,r,img/target_4.png
57,2,484,lattice,8,w,img/target_2.png
57,2,485,lattice,9,p,img/target_10.png
57,2,486,lattice,8,w,img/target_2.png
57,2,487,lattice,6,b,img/target_6.png
57,2,488,lattice,7,v,img/target_5.png
57,2,489,lattice,5,e,img/target_3.png
57,2,490,lattice,4,i,img/target_8.png
57,2,491,lattice,2,o,img/target_9.png
57,2,492,lattice,1,u,img/target_7.png
57,2,493,lattice,0,r,img/target_4.png
57,2,494,lattice,9,p,img/target_10.png
57,2,495,lattice,1,u,img/target_7.png
57,2,496,lattice,0,r,img/target_4.png
57,2,497,lattice,9,p,img/target_10.png
57,2,498,lattice,0,r,img/target_4.png
57,2,499,lattice,1,u,img/target_7.png
57,2,500,lattice,9,p,img/target_10.png
57,2,501,lattice,0,r,img/target_4.png
57,2,502,lattice,1,u,img/target_7.png
57,2,503,lattice,0,r,img/target_4.png
57,2,504,lattice,8,w,img/target_2.png
57,2,505,lattice,6,b,img/target_6.png
57,2,506,lattice,4,i,img/target_8.png
57,2,507,lattice,2,o,img/target_9.png
57,2,508,lattice,3,q,img/target_1.png
57,2,509,lattice,1,u,img/target_7.png
57,2,510,lattice,2,o,img/target_9.png
57,2,511,lattice,1,u,img/target_7.png
57,2,512,lattice,3,q,img/target_1.png
57,2,513,lattice,5,e,img/target_3.png
57,2,514,lattice,4,i,img/target_8.png
57,2,515,lattice,2,o,img/target_9.png
57,2,516,lattice,1,u,img/target_7.png
57,2,517,lattice,0,r,img/target_4.png
57,2,518,lattice,2,o,img/target_9.png
57,2,519,lattice,4,i,img/target_8.png
57,2,520,lattice,2,o,img/target_9.png
57,2,521,lattice,4,i,img/target_8.png
57,2,522,lattice,6,b,img/target_6.png
57,2,523,lattice,8,w,img/target_2.png
57,2,524,lattice,7,v,img/target_5.png
57,2,525,lattice,9,p,img/target_10.png
57,2,526,lattice,1,u,img/target_7.png
57,2,527,lattice,0,r,img/target_4.png
57,2,528,lattice,1,u,img/target_7.png
57,2,529,lattice,3,q,img/target_1.png
57,2,530,lattice,1,u,img/target_7.png
57,2,531,lattice,9,p,img/target_10.png
57,2,532,lattice,0,r,img/target_4.png
57,2,533,lattice,1,u,img/target_7.png
57,2,534,lattice,0,r,img/target_4.png
57,2,535,lattice,9,p,img/target_10.png
57,2,536,lattice,0,r,img/target_4.png
57,2,537,lattice,9,p,img/target_10.png
57,2,538,lattice,0,r,img/target_4.png
57,2,539,lattice,8,w,img/target_2.png
57,2,540,lattice,6,b,img/target_6.png
57,2,541,lattice,7,v,img/target_5.png
57,2,542,lattice,8,w,img/target_2.png
57,2,543,lattice,6,b,img/target_6.png
57,2,544,lattice,4,i,img/target_8.png
57,2,545,lattice,6,b,img/target_6.png
57,2,546,lattice,7,v,img/target_5.png
57,2,547,lattice,8,w,img/target_2.png
57,2,548,lattice,7,v,img/target_5.png
57,2,549,lattice,5,e,img/target_3.png
57,2,550,lattice,4,i,img/target_8.png
57,2,551,lattice,2,o,img/target_9.png
57,2,552,lattice,0,r,img/target_4.png
57,2,553,lattice,1,u,img/target_7.png
57,2,554,lattice,3,q,img/target_1.png
57,2,555,lattice,2,o,img/target_9.png
57,2,556,lattice,1,u,img/target_7.png
57,2,557,lattice,9,p,img/target_10.png
57,2,558,lattice,7,v,img/target_5.png
57,2,559,lattice,9,p,img/target_10.png
57,2,560,lattice,1,u,img/target_7.png
57,2,561,lattice,3,q,img/target_1.png
57,2,562,lattice,2,o,img/target_9.png
57,2,563,lattice,4,i,img/target_8.png
57,2,564,lattice,2,o,img/target_9.png
57,2,565,lattice,1,u,img/target_7.png
57,2,566,lattice,2,o,img/target_9.png
57,2,567,lattice,3,q,img/target_1.png
57,2,568,lattice,1,u,img/target_7.png
57,2,569,lattice,2,o,img/target_9.png
57,2,570,lattice,0,r,img/target_4.png
57,2,571,lattice,9,p,img/target_10.png
57,2,572,lattice,1,u,img/target_7.png
57,2,573,lattice,0,r,img/target_4.png
57,2,574,lattice,9,p,img/target_10.png
57,2,575,lattice,0,r,img/target_4.png
57,2,576,lattice,8,w,img/target_2.png
57,2,577,lattice,7,v,img/target_5.png
57,2,578,lattice,9,p,img/target_10.png
57,2,579,lattice,8,w,img/target_2.png
57,2,580,lattice,6,b,img/target_6.png
57,2,581,lattice,8,w,img/target_2.png
57,2,582,lattice,6,b,img/target_6.png
57,2,583,lattice,4,i,img/target_8.png
57,2,584,lattice,6,b,img/target_6.png
57,2,585,lattice,5,e,img/target_3.png
57,2,586,lattice,3,q,img/target_1.png
57,2,587,lattice,4,i,img/target_8.png
57,2,588,lattice,3,q,img/target_1.png
57,2,589,lattice,2,o,img/target_9.png
57,2,590,lattice,1,u,img/target_7.png
57,2,591,lattice,3,q,img/target_1.png
57,2,592,lattice,2,o,img/target_9.png
57,2,593,lattice,4,i,img/target_8.png
57,2,594,lattice,6,b,img/target_6.png
57,2,595,lattice,8,w,img/target_2.png
57,2,596,lattice,0,r,img/target_4.png
57,2,597,lattice,1,u,img/target_7.png
57,2,598,lattice,9,p,img/target_10.png
57,2,599,lattice,0,r,img/target_4.png
57,2,600,lattice,2,o,img/target_9.png
57,2,601,lattice,1,u,img/target_7.png
57,2,602,lattice,3,q,img/target_1.png
57,2,603,lattice,5,e,img/target_3.png
57,2,604,lattice,3,q,img/target_1.png
57,2,605,lattice,1,u,img/target_7.png
57,2,606,lattice,2,o,img/target_9.png
57,2,607,lattice,3,q,img/target_1.png
57,2,608,lattice,5,e,img/target_3.png
57,2,609,lattice,6,b,img/target_6.png
57,2,610,lattice,8,w,img/target_2.png
57,2,611,lattice,6,b,img/target_6.png
57,2,612,lattice,7,v,img/target_5.png
57,2,613,lattice,6,b,img/target_6.png
57,2,614,lattice,5,e,img/target_3.png
57,2,615,lattice,7,v,img/target_5.png
57,2,616,lattice,6,b,img/target_6.png
57,2,617,lattice,8,w,img/target_2.png
57,2,618,lattice,6,b,img/target_6.png
57,2,619,lattice,7,v,img/target_5.png
57,2,620,lattice,5,e,img/target_3.png
57,2,621,lattice,6,b,img/target_6.png
57,2,622,lattice,5,e,img/target_3.png
57,2,623,lattice,4,i,img/target_8.png
57,2,624,lattice,3,q,img/target_1.png
57,2,625,lattice,2,o,img/target_9.png
57,2,626,lattice,4,i,img/target_8.png
57,2,627,lattice,2,o,img/target_9.png
57,2,628,lattice,0,r,img/target_4.png
57,2,629,lattice,1,u,img/target_7.png
57,2,630,lattice,2,o,img/target_9.png
57,2,631,lattice,4,i,img/target_8.png
57,2,632,lattice,5,e,img/target_3.png
57,2,633,lattice,4,i,img/target_8.png
57,2,634,lattice,6,b,img/target_6.png
57,2,635,lattice,5,e,img/target_3.png
57,2,636,lattice,4,i,img/target_8.png
57,2,637,lattice,2,o,img/target_9.png
57,2,638,lattice,3,q,img/target_1.png
57,2,639,lattice,2,o,img/target_9.png
57,2,640,lattice,3,q,img/target_1.png
57,2,641,lattice,1,u,img/target_7.png
57,2,642,lattice,9,p,img/target_10.png
57,2,643,lattice,7,v,img/target_5.png
57,2,644,lattice,5,e,img/target_3.png
57,2,645,lattice,6,b,img/target_6.png
57,2,646,lattice,5,e,img/target_3.png
57,2,647,lattice,6,b,img/target_6.png
57,2,648,lattice,8,w,img/target_2.png
57,2,649,lattice,6,b,img/target_6.png
57,2,650,lattice,8,w,img/target_2.png
57,2,651,lattice,7,v,img/target_5.png
57,2,652,lattice,5,e,img/target_3.png
57,2,653,lattice,3,q,img/target_1.png
57,2,654,lattice,5,e,img/target_3.png
57,2,655,lattice,7,v,img/target_5.png
57,2,656,lattice,9,p,img/target_10.png
57,2,657,lattice,0,r,img/target_4.png
57,2,658,lattice,1,u,img/target_7.png
57,2,659,lattice,3,q,img/target_1.png
57,2,660,lattice,4,i,img/target_8.png
57,2,661,lattice,3,q,img/target_1.png
57,2,662,lattice,4,i,img/target_8.png
57,2,663,lattice,6,b,img/target_6.png
57,2,664,lattice,5,e,img/target_3.png
57,2,665,lattice,4,i,img/target_8.png
57,2,666,lattice,2,o,img/target_9.png
57,2,667,lattice,4,i,img/target_8.png
57,2,668,lattice,5,e,img/target_3.png
57,2,669,lattice,3,q,img/target_1.png
57,2,670,lattice,2,o,img/target_9.png
57,2,671,lattice,1,u,img/target_7.png
57,2,672,lattice,9,p,img/target_10.png
57,2,673,lattice,1,u,img/target_7.png
57,2,674,lattice,0,r,img/target_4.png
57,2,675,lattice,8,w,img/target_2.png
57,2,676,lattice,9,p,img/target_10.png
57,2,677,lattice,1,u,img/target_7.png
57,2,678,lattice,3,q,img/target_1.png
57,2,679,lattice,2,o,img/target_9.png
57,2,680,lattice,3,q,img/target_1.png
57,2,681,lattice,4,i,img/target_8.png
57,2,682,lattice,6,b,img/target_6.png
57,2,683,lattice,5,e,img/target_3.png
57,2,684,lattice,4,i,img/target_8.png
57,2,685,lattice,5,e,img/target_3.png
57,2,686,lattice,6,b,img/target_6.png
57,2,687,lattice,5,e,img/target_3.png
57,2,688,lattice,4,i,img/target_8.png
57,2,689,lattice,6,b,img/target_6.png
57,2,690,lattice,8,w,img/target_2.png
57,2,691,lattice,6,b,img/target_6.png
57,2,692,lattice,5,e,img/target_3.png
57,2,693,lattice,4,i,img/target_8.png
57,2,694,lattice,5,e,img/target_3.png
57,2,695,lattice,7,v,img/target_5.png
57,2,696,lattice,8,w,img/target_2.png
57,2,697,lattice,9,p,img/target_10.png
57,2,698,lattice,1,u,img/target_7.png
57,2,699,lattice,9,p,img/target_10.png
57,2,700,lattice,0,r,img/target_4.png
57,2,701,lattice,8,w,img/target_2.png
57,2,702,lattice,0,r,img/target_4.png
57,2,703,lattice,9,p,img/target_10.png
57,2,704,lattice,7,v,img/target_5.png
57,2,705,lattice,9,p,img/target_10.png
57,2,706,lattice,0,r,img/target_4.png
57,2,707,lattice,1,u,img/target_7.png
57,2,708,lattice,9,p,img/target_10.png
57,2,709,lattice,1,u,img/target_7.png
57,2,710,lattice,3,q,img/target_1.png
57,2,711,lattice,2,o,img/target_9.png
57,2,712,lattice,1,u,img/target_7.png
57,2,713,lattice,3,q,img/target_1.png
57,2,714,lattice,5,e,img/target_3.png
57,2,715,lattice,3,q,img/target_1.png
57,2,716,lattice,5,e,img/target_3.png
57,2,717,lattice,4,i,img/target_8.png
57,2,718,lattice,5,e,img/target_3.png
57,2,719,lattice,6,b,img/target_6.png
57,2,720,lattice,5,e,img/target_3.png
57,2,721,lattice,7,v,img/target_5.png
57,2,722,lattice,5,e,img/target_3.png
57,2,723,lattice,3,q,img/target_1.png
57,2,724,lattice,4,i,img/target_8.png
57,2,725,lattice,5,e,img/target_3.png
57,2,726,lattice,3,q,img/target_1.png
57,2,727,lattice,1,u,img/target_7.png
57,2,728,lattice,0,r,img/target_4.png
57,2,729,lattice,1,u,img/target_7.png
57,2,730,lattice,3,q,img/target_1.png
57,2,731,lattice,1,u,img/target_7.png
57,2,732,lattice,0,r,img/target_4.png
57,2,733,lattice,2,o,img/target_9.png
57,2,734,lattice,3,q,img/target_1.png
57,2,735,lattice,4,i,img/target_8.png
57,2,736,lattice,6,b,img/target_6.png
57,2,737,lattice,8,w,img/target_2.png
57,2,738,lattice,0,r,img/target_4.png
57,2,739,lattice,9,p,img/target_10.png
57,2,740,lattice,0,r,img/target_4.png
57,2,741,lattice,1,u,img/target_7.png
57,2,742,lattice,0,r,img/target_4.png
57,2,743,lattice,9,p,img/target_10.png
57,2,744,lattice,8,w,img/target_2.png
57,2,745,lattice,9,p,img/target_10.png
57,2,746,lattice,1,u,img/target_7.png
57,2,747,lattice,2,o,img/target_9.png
57,2,748,lattice,4,i,img/target_8.png
57,2,749,lattice,3,q,img/target_1.png
57,2,750,lattice,4,i,img/target_8.png
57,2,751,lattice,3,q,img/target_1.png
57,2,752,lattice,4,i,img/target_8.png
57,2,753,lattice,5,e,img/target_3.png
57,2,754,lattice,3,q,img/target_1.png
57,2,755,lattice,2,o,img/target_9.png
57,2,756,lattice,4,i,img/target_8.png
57,2,757,lattice,6,b,img/target_6.png
57,2,758,lattice,5,e,img/target_3.png
57,2,759,lattice,3,q,img/target_1.png
57,2,760,lattice,2,o,img/target_9.png
57,2,761,lattice,4,i,img/target_8.png
57,2,762,lattice,6,b,img/target_6.png
57,2,763,lattice,8,w,img/target_2.png
57,2,764,lattice,9,p,img/target_10.png
57,2,765,lattice,7,v,img/target_5.png
57,2,766,lattice,9,p,img/target_10.png
57,2,767,lattice,0,r,img/target_4.png
57,2,768,lattice,2,o,img/target_9.png
57,2,769,lattice,3,q,img/target_1.png
57,2,770,lattice,2,o,img/target_9.png
57,2,771,lattice,3,q,img/target_1.png
57,2,772,lattice,1,u,img/target_7.png
57,2,773,lattice,3,q,img/target_1.png
57,2,774,lattice,5,e,img/target_3.png
57,2,775,lattice,4,i,img/target_8.png
57,2,776,lattice,3,q,img/target_1.png
57,2,777,lattice,4,i,img/target_8.png
57,2,778,lattice,6,b,img/target_6.png
57,2,779,lattice,4,i,img/target_8.png
57,2,780,lattice,3,q,img/target_1.png
57,2,781,lattice,5,e,img/target_3.png
57,2,782,lattice,6,b,img/target_6.png
57,2,783,lattice,5,e,img/target_3.png
57,2,784,lattice,4,i,img/target_8.png
57,2,785,lattice,3,q,img/target_1.png
57,2,786,lattice,4,i,img/target_8.png
57,2,787,lattice,6,b,img/target_6.png
57,2,788,lattice,8,w,img/target_2.png
57,2,789,lattice,0,r,img/target_4.png
57,2,790,lattice,2,o,img/target_9.png
57,2,791,lattice,3,q,img/target_1.png
57,2,792,lattice,4,i,img/target_8.png
57,2,793,lattice,3,q,img/target_1.png
57,2,794,lattice,2,o,img/target_9.png
57,2,795,lattice,0,r,img/target_4.png
57,2,796,lattice,1,u,img/target_7.png
57,2,797,lattice,2,o,img/target_9.png
57,2,798,lattice,1,u,img/target_7.png
57,2,799,lattice,9,p,img/target_10.png
57,2,800,lattice,7,v,img/target_5.png
57,2,801,lattice,9,p,img/target_10.png
57,2,802,lattice,1,u,img/target_7.png
57,2,803,lattice,3,q,img/target_1.png
57,2,804,lattice,2,o,img/target_9.png
57,2,805,lattice,3,q,img/target_1.png
57,2,806,lattice,5,e,img/target_3.png
57,2,807,lattice,3,q,img/target_1.png
57,2,808,lattice,1,u,img/target_7.png
57,2,809,lattice,0,r,img/target_4.png
57,2,810,lattice,1,u,img/target_7.png
57,2,811,lattice,3,q,img/target_1.png
57,2,812,lattice,5,e,img/target_3.png
57,2,813,lattice,3,q,img/target_1.png
57,2,814,lattice,4,i,img/target_8.png
57,2,815,lattice,2,o,img/target_9.png
57,2,816,lattice,1,u,img/target_7.png
57,2,817,lattice,0,r,img/target_4.png
57,2,818,lattice,8,w,img/target_2.png
57,2,819,lattice,0,r,img/target_4.png
57,2,820,lattice,1,u,img/target_7.png
57,2,821,lattice,9,p,img/target_10.png
57,2,822,lattice,7,v,img/target_5.png
57,2,823,lattice,9,p,img/target_10.png
57,2,824,lattice,0,r,img/target_4.png
57,2,825,lattice,1,u,img/target_7.png
57,2,826,lattice,3,q,img/target_1.png
57,2,827,lattice,4,i,img/target_8.png
57,2,828,lattice,2,o,img/target_9.png
57,2,829,lattice,3,q,img/target_1.png
57,2,830,lattice,2,o,img/target_9.png
57,2,831,lattice,4,i,img/target_8.png
57,2,832,lattice,3,q,img/target_1.png
57,2,833,lattice,5,e,img/target_3.png
57,2,834,lattice,6,b,img/target_6.png
57,2,835,lattice,5,e,img/target_3.png
57,2,836,lattice,6,b,img/target_6.png
57,2,837,lattice,5,e,img/target_3.png
57,2,838,lattice,7,v,img/target_5.png
57,2,839,lattice,5,e,img/target_3.png
57,2,840,lattice,4,i,img/target_8.png
57,2,841,lattice,6,b,img/target_6.png
57,2,842,lattice,5,e,img/target_3.png
57,2,843,lattice,3,q,img/target_1.png
57,2,844,lattice,4,i,img/target_8.png
57,2,845,lattice,6,b,img/target_6.png
57,2,846,lattice,4,i,img/target_8.png
57,2,847,lattice,6,b,img/target_6.png
57,2,848,lattice,7,v,img/target_5.png
57,2,849,lattice,6,b,img/target_6.png
57,2,850,lattice,8,w,img/target_2.png
57,2,851,lattice,6,b,img/target_6.png
57,2,852,lattice,7,v,img/target_5.png
57,2,853,lattice,9,p,img/target_10.png
57,2,854,lattice,7,v,img/target_5.png
57,2,855,lattice,5,e,img/target_3.png
57,2,856,lattice,3,q,img/target_1.png
57,2,857,lattice,2,o,img/target_9.png
57,2,858,lattice,0,r,img/target_4.png
57,2,859,lattice,1,u,img/target_7.png
57,2,860,lattice,3,q,img/target_1.png
57,2,861,lattice,2,o,img/target_9.png
57,2,862,lattice,0,r,img/target_4.png
57,2,863,lattice,9,p,img/target_10.png
57,2,864,lattice,0,r,img/target_4.png
57,2,865,lattice,8,w,img/target_2.png
57,2,866,lattice,6,b,img/target_6.png
57,2,867,lattice,4,i,img/target_8.png
57,2,868,lattice,6,b,img/target_6.png
57,2,869,lattice,7,v,img/target_5.png
57,2,870,lattice,8,w,img/target_2.png
57,2,871,lattice,0,r,img/target_4.png
57,2,872,lattice,8,w,img/target_2.png
57,2,873,lattice,7,v,img/target_5.png
57,2,874,lattice,5,e,img/target_3.png
57,2,875,lattice,3,q,img/target_1.png
57,2,876,lattice,5,e,img/target_3.png
57,2,877,lattice,6,b,img/target_6.png
57,2,878,lattice,4,i,img/target_8.png
57,2,879,lattice,2,o,img/target_9.png
57,2,880,lattice,4,i,img/target_8.png
57,2,881,lattice,6,b,img/target_6.png
57,2,882,lattice,5,e,img/target_3.png
57,2,883,lattice,3,q,img/target_1.png
57,2,884,lattice,2,o,img/target_9.png
57,2,885,lattice,3,q,img/target_1.png
57,2,886,lattice,5,e,img/target_3.png
57,2,887,lattice,4,i,img/target_8.png
57,2,888,lattice,6,b,img/target_6.png
57,2,889,lattice,7,v,img/target_5.png
57,2,890,lattice,5,e,img/target_3.png
57,2,891,lattice,4,i,img/target_8.png
57,2,892,lattice,5,e,img/target_3.png
57,2,893,lattice,7,v,img/target_5.png
57,2,894,lattice,5,e,img/target_3.png
57,2,895,lattice,3,q,img/target_1.png
57,2,896,lattice,2,o,img/target_9.png
57,2,897,lattice,4,i,img/target_8.png
57,2,898,lattice,3,q,img/target_1.png
57,2,899,lattice,1,u,img/target_7.png
57,2,900,lattice,2,o,img/target_9.png
57,2,901,lattice,3,q,img/target_1.png
57,2,902,lattice,1,u,img/target_7.png
57,2,903,lattice,9,p,img/target_10.png
57,2,904,lattice,0,r,img/target_4.png
57,2,905,lattice,9,p,img/target_10.png
57,2,906,lattice,7,v,img/target_5.png
57,2,907,lattice,6,b,img/target_6.png
57,2,908,lattice,5,e,img/target_3.png
57,2,909,lattice,4,i,img/target_8.png
57,2,910,lattice,6,b,img/target_6.png
57,2,911,lattice,4,i,img/target_8.png
57,2,912,lattice,6,b,img/target_6.png
57,2,913,lattice,4,i,img/target_8.png
57,2,914,lattice,6,b,img/target_6.png
57,2,915,lattice,7,v,img/target_5.png
57,2,916,lattice,6,b,img/target_6.png
57,2,917,lattice,4,i,img/target_8.png
57,2,918,lattice,2,o,img/target_9.png
57,2,919,lattice,4,i,img/target_8.png
57,2,920,lattice,5,e,img/target_3.png
57,2,921,lattice,6,b,img/target_6.png
57,2,922,lattice,5,e,img/target_3.png
57,2,923,lattice,3,q,img/target_1.png
57,2,924,lattice,4,i,img/target_8.png
57,2,925,lattice,3,q,img/target_1.png
57,2,926,lattice,4,i,img/target_8.png
57,2,927,lattice,6,b,img/target_6.png
57,2,928,lattice,4,i,img/target_8.png
57,2,929,lattice,3,q,img/target_1.png
57,2,930,lattice,4,i,img/target_8.png
57,2,931,lattice,2,o,img/target_9.png
57,2,932,lattice,1,u,img/target_7.png
57,2,933,lattice,0,r,img/target_4.png
57,2,934,lattice,8,w,img/target_2.png
57,2,935,lattice,0,r,img/target_4.png
57,2,936,lattice,8,w,img/target_2.png
57,2,937,lattice,0,r,img/target_4.png
57,2,938,lattice,9,p,img/target_10.png
57,2,939,lattice,1,u,img/target_7.png
57,2,940,lattice,9,p,img/target_10.png
57,2,941,lattice,7,v,img/target_5.png
57,2,942,lattice,6,b,img/target_6.png
57,2,943,lattice,8,w,img/target_2.png
57,2,944,lattice,6,b,img/target_6.png
57,2,945,lattice,7,v,img/target_5.png
57,2,946,lattice,6,b,img/target_6.png
57,2,947,lattice,7,v,img/target_5.png
57,2,948,lattice,6,b,img/target_6.png
57,2,949,lattice,5,e,img/target_3.png
57,2,950,lattice,7,v,img/target_5.png
57,2,951,lattice,6,b,img/target_6.png
57,2,952,lattice,8,w,img/target_2.png
57,2,953,lattice,0,r,img/target_4.png
57,2,954,lattice,2,o,img/target_9.png
57,2,955,lattice,0,r,img/target_4.png
57,2,956,lattice,9,p,img/target_10.png
57,2,957,lattice,1,u,img/target_7.png
57,2,958,lattice,9,p,img/target_10.png
57,2,959,lattice,8,w,img/target_2.png
57,2,960,lattice,9,p,img/target_10.png
57,2,961,lattice,1,u,img/target_7.png
57,2,962,lattice,9,p,img/target_10.png
57,2,963,lattice,0,r,img/target_4.png
57,2,964,lattice,8,w,img/target_2.png
57,2,965,lattice,0,r,img/target_4.png
57,2,966,lattice,2,o,img/target_9.png
57,2,967,lattice,3,q,img/target_1.png
57,2,968,lattice,5,e,img/target_3.png
57,2,969,lattice,6,b,img/target_6.png
57,2,970,lattice,5,e,img/target_3.png
57,2,971,lattice,3,q,img/target_1.png
57,2,972,lattice,4,i,img/target_8.png
57,2,973,lattice,6,b,img/target_6.png
57,2,974,lattice,7,v,img/target_5.png
57,2,975,lattice,6,b,img/target_6.png
57,2,976,lattice,8,w,img/target_2.png
57,2,977,lattice,7,v,img/target_5.png
57,2,978,lattice,9,p,img/target_10.png
57,2,979,lattice,0,r,img/target_4.png
57,2,980,lattice,9,p,img/target_10.png
57,2,981,lattice,1,u,img/target_7.png
57,2,982,lattice,2,o,img/target_9.png
57,2,983,lattice,1,u,img/target_7.png
57,2,984,lattice,3,q,img/target_1.png
57,2,985,lattice,4,i,img/target_8.png
57,2,986,lattice,6,b,img/target_6.png
57,2,987,lattice,8,w,img/target_2.png
57,2,988,lattice,6,b,img/target_6.png
57,2,989,lattice,4,i,img/target_8.png
57,2,990,lattice,5,e,img/target_3.png
57,2,991,lattice,4,i,img/target_8.png
57,2,992,lattice,3,q,img/target_1.png
57,2,993,lattice,1,u,img/target_7.png
57,2,994,lattice,9,p,img/target_10.png
57,2,995,lattice,7,v,img/target_5.png
57,2,996,lattice,6,b,img/target_6.png
57,2,997,lattice,8,w,img/target_2.png
57,2,998,lattice,6,b,img/target_6.png
57,2,999,lattice,5,e,img/target_3.png
57,2,1000,lattice,7,v,img/target_5.png
