pID,sess,trialNum,graph,walk,resp,path
57,1,1,lattice,1,u,img/target_7.png
57,1,2,lattice,3,q,img/target_1.png
57,1,3,lattice,2,o,img/target_9.png
57,1,4,lattice,3,q,img/target_1.png
57,1,5,lattice,2,o,img/target_9.png
57,1,6,lattice,0,r,img/target_4.png
57,1,7,lattice,2,o,img/target_9.png
57,1,8,lattice,4,i,img/target_8.png
57,1,9,lattice,5,e,img/target_3.png
57,1,10,lattice,4,i,img/target_8.png
57,1,11,lattice,5,e,img/target_3.png
57,1,12,lattice,4,i,img/target_8.png
57,1,13,lattice,6,b,img/target_6.png
57,1,14,lattice,5,e,img/target_3.png
57,1,15,lattice,3,q,img/target_1.png
57,1,16,lattice,4,i,img/target_8.png
57,1,17,lattice,6,b,img/target_6.png
57,1,18,lattice,5,e,img/target_3.png
57,1,19,lattice,7,v,img/target_5.png
57,1,20,lattice,8,w,img/target_2.png
57,1,21,lattice,9,p,img/target_10.png
57,1,22,lattice,0,r,img/target_4.png
57,1,23,lattice,9,p,img/target_10.png
57,1,24,lattice,8,w,img/target_2.png
57,1,25,lattice,7,v,img/target_5.png
57,1,26,lattice,6,b,img/target_6.png
57,1,27,lattice,4,i,img/target_8.png
57,1,28,lattice,2,o,img/target_9.png
57,1,29,lattice,3,q,img/target_1.png
57,1,30,lattice,2,o,img/target_9.png
57,1,31,lattice,0,r,img/target_4.png
57,1,32,lattice,2,o,img/target_9.png
57,1,33,lattice,0,r,img/target_4.png
57,1,34,lattice,1,u,img/target_7.png
57,1,35,lattice,0,r,img/target_4.png
57,1,36,lattice,8,w,img/target_2.png
57,1,37,lattice,0,r,img/target_4.png
57,1,38,lattice,2,o,img/target_9.png
57,1,39,lattice,4,i,img/target_8.png
57,1,40,lattice,2,o,img/target_9.png
57,1,41,lattice,0,r,img/target_4.png
57,1,42,lattice,8,w,img/target_2.png
57,1,43,lattice,9,p,img/target_10.png
57,1,44,lattice,8,w,img/target_2.png
57,1,45,lattice,6,b,img/target_6.png
57,1,46,lattice,8,w,img/target_2.png
57,1,47,lattice,9,p,img/target_10.png
57,1,48,lattice,1,u,img/target_7.png
57,1,49,lattice,3,q,img/target_1.png
57,1,50,lattice,1,u,img/target_7.png
57,1,51,lattice,3,q,img/target_1.png
57,1,52,lattice,4,i,img/target_8.png
57,1,53,lattice,3,q,img/target_1.png
57,1,54,lattice,2,o,img/target_9.png
57,1,55,lattice,4,i,img/target_8.png
57,1,56,lattice,5,e,img/target_3.png
57,1,57,lattice,7,v,img/target_5.png
57,1,58,lattice,5,e,img/target_3.png
57,1,59,lattice,4,i,img/target_8.png
57,1,60,lattice,6,b,img/target_6.png
57,1,61,lattice,4,i,img/target_8.png
57,1,62,lattice,6,b,img/target_6.png
57,1,63,lattice,7,v,img/target_5.png
57,1,64,lattice,8,w,img/target_2.png
57,1,65,lattice,0,r,img/target_4.png
57,1,66,lattice,9,p,img/target_10.png
57,1,67,lattice,8,w,img/target_2.png
57,1,68,lattice,6,b,img/target_6.png
57,1,69,lattice,7,v,img/target_5.png
57,1,70,lattice,6,b,img/target_6.png
57,1,71,lattice,5,e,img/target_3.png
57,1,72,lattice,7,v,img/target_5.png
57,1,73,lattice,8,w,img/target_2.png
57,1,74,lattice,9,p,img/target_10.png
57,1,75,lattice,7,v,img/target_5.png
57,1,76,lattice,9,p,img/target_10.png
57,1,77,lattice,0,r,img/target_4.png
57,1,78,lattice,2,o,img/target_9.png
57,1,79,lattice,0,r,img/target_4.png
57,1,80,lattice,8,w,img/target_2.png
57,1,81,lattice,6,b,img/target_6.png
57,1,82,lattice,4,i,img/target_8.png
57,1,83,lattice,5,e,img/target_3.png
57,1,84,lattice,7,v,img/target_5.png
57,1,85,lattice,5,e,img/target_3.png
57,1,86,lattice,4,i,img/target_8.png
57,1,87,lattice,6,b,img/target_6.png
57,1,88,lattice,4,i,img/target_8.png
57,1,89,lattice,6,b,img/target_6.png
57,1,90,lattice,8,w,img/target_2.png
57,1,91,lattice,0,r,img/target_4.png
57,1,92,lattice,2,o,img/target_9.png
57,1,93,lattice,3,q,img/target_1.png
57,1,94,lattice,2,o,img/target_9.png
57,1,95,lattice,3,q,img/target_1.png
57,1,96,lattice,2,o,img/target_9.png
57,1,97,lattice,1,u,img/target_7.png
57,1,98,lattice,0,r,img/target_4.png
57,1,99,lattice,2,o,img/target_9.png
57,1,100,lattice,1,u,img/target_7.png
57,1,101,lattice,2,o,img/target_9.png
57,1,102,lattice,4,i,img/target_8.png
57,1,103,lattice,5,e,img/target_3.png
57,1,104,lattice,7,v,img/target_5.png
57,1,105,lattice,6,b,img/target_6.png
57,1,106,lattice,8,w,img/target_2.png
57,1,107,lattice,9,p,img/target_10.png
57,1,108,lattice,0,r,img/target_4.png
57,1,109,lattice,1,u,img/target_7.png
57,1,110,lattice,2,o,img/target_9.png
57,1,111,lattice,0,r,img/target_4.png
57,1,112,lattice,1,u,img/target_7.png
57,1,113,lattice,9,p,img/target_10.png
57,1,114,lattice,8,w,img/target_2.png
57,1,115,lattice,7,v,img/target_5.png
57,1,116,lattice,9,p,img/target_10.png
57,1,117,lattice,8,w,img/target_2.png
57,1,118,lattice,7,v,img/target_5.png
57,1,119,lattice,9,p,img/target_10.png
57,1,120,lattice,8,w,img/target_2.png
57,1,121,lattice,0,r,img/target_4.png
57,1,122,lattice,1,u,img/target_7.png
57,1,123,lattice,0,r,img/target_4.png
57,1,124,lattice,1,u,img/target_7.png
57,1,125,lattice,3,q,img/target_1.png
57,1,126,lattice,2,o,img/target_9.png
57,1,127,lattice,3,q,img/target_1.png
57,1,128,lattice,4,i,img/target_8.png
57,1,129,lattice,3,q,img/target_1.png
57,1,130,lattice,2,o,img/target_9.png
57,1,131,lattice,1,u,img/target_7.png
57,1,132,lattice,0,r,img/target_4.png
57,1,133,lattice,8,w,img/target_2.png
57,1,134,lattice,0,r,img/target_4.png
57,1,135,lattice,1,u,img/target_7.png
57,1,136,lattice,0,r,img/target_4.png
57,1,137,lattice,9,p,img/target_10.png
57,1,138,lattice,7,v,img/target_5.png
57,1,139,lattice,9,p,img/target_10.png
57,1,140,lattice,0,r,img/target_4.png
57,1,141,lattice,8,w,img/target_2.png
57,1,142,lattice,7,v,img/target_5.png
57,1,143,lattice,5,e,img/target_3.png
57,1,144,lattice,4,i,img/target_8.png
57,1,145,lattice,5,e,img/target_3.png
57,1,146,lattice,4,i,img/target_8.png
57,1,147,lattice,2,o,img/target_9.png
57,1,148,lattice,1,u,img/target_7.png
57,1,149,lattice,2,o,img/target_9.png
57,1,150,lattice,4,i,img/target_8.png
57,1,151,lattice,3,q,img/target_1.png
57,1,152,lattice,1,u,img/target_7.png
57,1,153,lattice,0,r,img/target_4.png
57,1,154,lattice,1,u,img/target_7.png
57,1,155,lattice,0,r,img/target_4.png
57,1,156,lattice,8,w,img/target_2.png
57,1,157,lattice,6,b,img/target_6.png
57,1,158,lattice,4,i,img/target_8.png
57,1,159,lattice,2,o,img/target_9.png
57,1,160,lattice,0,r,img/target_4.png
57,1,161,lattice,8,w,img/target_2.png
57,1,162,lattice,0,r,img/target_4.png
57,1,163,lattice,1,u,img/target_7.png
57,1,164,lattice,3,q,img/target_1.png
57,1,165,lattice,1,u,img/target_7.png
57,1,166,lattice,9,p,img/target_10.png
57,1,167,lattice,0,r,img/target_4.png
57,1,168,lattice,2,o,img/target_9.png
57,1,169,lattice,0,r,img/target_4.png
57,1,170,lattice,9,p,img/target_10.png
57,1,171,lattice,8,w,img/target_2.png
57,1,172,lattice,7,v,img/target_5.png
57,1,173,lattice,6,b,img/target_6.png
57,1,174,lattice,7,v,img/target_5.png
57,1,175,lattice,5,e,img/target_3.png
57,1,176,lattice,6,b,img/target_6.png
57,1,177,lattice,7,v,img/target_5.png
57,1,178,lattice,6,b,img/target_6.png
57,1,179,lattice,4,i,img/target_8.png
57,1,180,lattice,3,q,img/target_1.png
57,1,181,lattice,1,u,img/target_7.png
57,1,182,lattice,2,o,img/target_9.png
57,1,183,lattice,4,i,img/target_8.png
57,1,184,lattice,3,q,img/target_1.png
57,1,185,lattice,4,i,img/target_8.png
57,1,186,lattice,6,b,img/target_6.png
57,1,187,lattice,5,e,img/target_3.png
57,1,188,lattice,6,b,img/target_6.png
57,1,189,lattice,4,i,img/target_8.png
57,1,190,lattice,5,e,img/target_3.png
57,1,191,lattice,7,v,img/target_5.png
57,1,192,lattice,5,e,img/target_3.png
57,1,193,lattice,4,i,img/target_8.png
57,1,194,lattice,5,e,img/target_3.png
57,1,195,lattice,4,i,img/target_8.png
57,1,196,lattice,5,e,img/target_3.png
57,1,197,lattice,4,i,img/target_8.png
57,1,198,lattice,5,e,img/target_3.png
57,1,199,lattice,6,b,img/target_6.png
57,1,200,lattice,8,w,img/target_2.png
57,1,201,lattice,7,v,img/target_5.png
57,1,202,lattice,6,b,img/target_6.png
57,1,203,lattice,5,e,img/target_3.png
57,1,204,lattice,7,v,img/target_5.png
57,1,205,lattice,6,b,img/target_6.png
57,1,206,lattice,8,w,img/target_2.png
57,1,207,lattice,9,p,img/target_10.png
57,1,208,lattice,0,r,img/target_4.png
57,1,209,lattice,9,p,img/target_10.png
57,1,210,lattice,1,u,img/target_7.png
57,1,211,lattice,9,p,img/target_10.png
57,1,212,lattice,0,r,img/target_4.png
57,1,213,lattice,9,p,img/target_10.png
57,1,214,lattice,7,v,img/target_5.png
57,1,215,lattice,9,p,img/target_10.png
57,1,216,lattice,0,r,img/target_4.png
57,1,217,lattice,8,w,img/target_2.png
57,1,218,lattice,6,b,img/target_6.png
57,1,219,lattice,8,w,img/target_2.png
57,1,220,lattice,0,r,img/target_4.png
57,1,221,lattice,9,p,img/target_10.png
57,1,222,lattice,1,u,img/target_7.png
57,1,223,lattice,0,r,img/target_4.png
57,1,224,lattice,1,u,img/target_7.png
57,1,225,lattice,2,o,img/target_9.png
57,1,226,lattice,3,q,img/target_1.png
57,1,227,lattice,5,e,img/target_3.png
57,1,228,lattice,6,b,img/target_6.png
57,1,229,lattice,5,e,img/target_3.png
57,1,230,lattice,3,q,img/target_1.png
57,1,231,lattice,5,e,img/target_3.png
57,1,232,lattice,6,b,img/target_6.png
57,1,233,lattice,7,v,img/target_5.png
57,1,234,lattice,9,p,img/target_10.png
57,1,235,lattice,7,v,img/target_5.png
57,1,236,lattice,6,b,img/target_6.png
57,1,237,lattice,5,e,img/target_3.png
57,1,238,lattice,4,i,img/target_8.png
57,1,239,lattice,3,q,img/target_1.png
57,1,240,lattice,4,i,img/target_8.png
57,1,241,lattice,6,b,img/target_6.png
57,1,242,lattice,4,i,img/target_8.png
57,1,243,lattice,3,q,img/target_1.png
57,1,244,lattice,4,i,img/target_8.png
57,1,245,lattice,6,b,img/target_6.png
57,1,246,lattice,4,i,img/target_8.png
57,1,247,lattice,5,e,img/target_3.png
57,1,248,lattice,7,v,img/target_5.png
57,1,249,lattice,8,w,img/target_2.png
57,1,250,lattice,0,r,img/target_4.png
57,1,251,lattice,9,p,img/target_10.png
57,1,252,lattice,7,v,img/target_5.png
57,1,253,lattice,6,b,img/target_6.png
57,1,254,lattice,5,e,img/target_3.png
57,1,255,lattice,4,i,img/target_8.png
57,1,256,lattice,6,b,img/target_6.png
57,1,257,lattice,7,v,img/target_5.png
57,1,258,lattice,9,p,img/target_10.png
57,1,259,lattice,8,w,img/target_2.png
57,1,260,lattice,0,r,img/target_4.png
57,1,261,lattice,1,u,img/target_7.png
57,1,262,lattice,0,r,img/target_4.png
57,1,263,lattice,2,o,img/target_9.png
57,1,264,lattice,4,i,img/target_8.png
57,1,265,lattice,6,b,img/target_6.png
57,1,266,lattice,8,w,img/target_2.png
57,1,267,lattice,6,b,img/target_6.png
57,1,268,lattice,7,v,img/target_5.png
57,1,269,lattice,9,p,img/target_10.png
57,1,270,lattice,0,r,img/target_4.png
57,1,271,lattice,2,o,img/target_9.png
57,1,272,lattice,4,i,img/target_8.png
57,1,273,lattice,6,b,img/target_6.png
57,1,274,lattice,5,e,img/target_3.png
57,1,275,lattice,6,b,img/target_6.png
57,1,276,lattice,7,v,img/target_5.png
57,1,277,lattice,5,e,img/target_3.png
57,1,278,lattice,4,i,img/target_8.png
57,1,279,lattice,6,b,img/target_6.png
57,1,280,lattice,4,i,img/target_8.png
57,1,281,lattice,5,e,img/target_3.png
57,1,282,lattice,3,q,img/target_1.png
57,1,283,lattice,5,e,img/target_3.png
57,1,284,lattice,7,v,img/target_5.png
57,1,285,lattice,8,w,img/target_2.png
57,1,286,lattice,9,p,img/target_10.png
57,1,287,lattice,7,v,img/target_5.png
57,1,288,lattice,9,p,img/target_10.png
57,1,289,lattice,1,u,img/target_7.png
57,1,290,lattice,2,o,img/target_9.png
57,1,291,lattice,0,r,img/target_4.png
57,1,292,lattice,9,p,img/target_10.png
57,1,293,lattice,7,v,img/target_5.png
57,1,294,lattice,9,p,img/target_10.png
57,1,295,lattice,0,r,img/target_4.png
57,1,296,lattice,9,p,img/target_10.png
57,1,297,lattice,7,v,img/target_5.png
57,1,298,lattice,9,p,img/target_10.png
57,1,299,lattice,8,w,img/target_2.png
57,1,300,lattice,7,v,img/target_5.png
57,1,301,lattice,9,p,img/target_10.png
57,1,302,lattice,8,w,img/target_2.png
57,1,303,lattice,7,v,img/target_5.png
57,1,304,lattice,6,b,img/target_6.png
57,1,305,lattice,7,v,img/target_5.png
57,1,306,lattice,9,p,img/target_10.png
57,1,307,lattice,8,w,img/target_2.png
57,1,308,lattice,7,v,img/target_5.png
57,1,309,lattice,9,p,img/target_10.png
57,1,310,lattice,8,w,img/target_2.png
57,1,311,lattice,6,b,img/target_6.png
57,1,312,lattice,8,w,img/target_2.png
57,1,313,lattice,9,p,img/target_10.png
57,1,314,lattice,1,u,img/target_7.png
57,1,315,lattice,9,p,img/target_10.png
57,1,316,lattice,1,u,img/target_7.png
57,1,317,lattice,3,q,img/target_1.png
57,1,318,lattice,1,u,img/target_7.png
57,1,319,lattice,2,o,img/target_9.png
57,1,320,lattice,4,i,img/target_8.png
57,1,321,lattice,6,b,img/target_6.png
57,1,322,lattice,7,v,img/target_5.png
57,1,323,lattice,5,e,img/target_3.png
57,1,324,lattice,3,q,img/target_1.png
57,1,325,lattice,1,u,img/target_7.png
57,1,326,lattice,3,q,img/target_1.png
57,1,327,lattice,1,u,img/target_7.png
57,1,328,lattice,9,p,img/target_10.png
57,1,329,lattice,7,v,img/target_5.png
57,1,330,lattice,6,b,img/target_6.png
57,1,331,lattice,4,i,img/target_8.png
57,1,332,lattice,3,q,img/target_1.png
57,1,333,lattice,4,i,img/target_8.png
57,1,334,lattice,6,b,img/target_6.png
57,1,335,lattice,7,v,img/target_5.png
57,1,336,lattice,5,e,img/target_3.png
57,1,337,lattice,3,q,img/target_1.png
57,1,338,lattice,2,o,img/target_9.png
57,1,339,lattice,0,r,img/target_4.png
57,1,340,lattice,1,u,img/target_7.png
57,1,341,lattice,2,o,img/target_9.png
57,1,342,lattice,0,r,img/target_4.png
57,1,343,lattice,2,o,img/target_9.png
57,1,344,lattice,3,q,img/target_1.png
57,1,345,lattice,4,i,img/target_8.png
57,1,346,lattice,2,o,img/target_9.png
57,1,347,lattice,3,q,img/target_1.png
57,1,348,lattice,2,o,img/target_9.png
57,1,349,lattice,3,q,img/target_1.png
57,1,350,lattice,1,u,img/target_7.png
57,1,351,lattice,9,p,img/target_10.png
57,1,352,lattice,8,w,img/target_2.png
57,1,353,lattice,6,b,img/target_6.png
57,1,354,lattice,4,i,img/target_8.png
57,1,355,lattice,6,b,img/target_6.png
57,1,356,lattice,8,w,img/target_2.png
57,1,357,lattice,7,v,img/target_5.png
57,1,358,lattice,6,b,img/target_6.png
57,1,359,lattice,4,i,img/target_8.png
57,1,360,lattice,3,q,img/target_1.png
57,1,361,lattice,5,e,img/target_3.png
57,1,362,lattice,4,i,img/target_8.png
57,1,363,lattice,3,q,img/target_1.png
57,1,364,lattice,2,o,img/target_9.png
57,1,365,lattice,1,u,img/target_7.png
57,1,366,lattice,0,r,img/target_4.png
57,1,367,lattice,1,u,img/target_7.png
57,1,368,lattice,2,o,img/target_9.png
57,1,369,lattice,1,u,img/target_7.png
57,1,370,lattice,9,p,img/target_10.png
57,1,371,lattice,8,w,img/target_2.png
57,1,372,lattice,6,b,img/target_6.png
57,1,373,lattice,5,e,img/target_3.png
57,1,374,lattice,6,b,img/target_6.png
57,1,375,lattice,4,i,img/target_8.png
57,1,376,lattice,3,q,img/target_1.png
57,1,377,lattice,4,i,img/target_8.png
57,1,378,lattice,5,e,img/target_3.png
57,1,379,lattice,6,b,img/target_6.png
57,1,380,lattice,4,i,img/target_8.png
57,1,381,lattice,3,q,img/target_1.png
57,1,382,lattice,2,o,img/target_9.png
57,1,383,lattice,4,i,img/target_8.png
57,1,384,lattice,3,q,img/target_1.png
57,1,385,lattice,2,o,img/target_9.png
57,1,386,lattice,1,u,img/target_7.png
57,1,387,lattice,2,o,img/target_9.png
57,1,388,lattice,1,u,img/target_7.png
57,1,389,lattice,0,r,img/target_4.png
57,1,390,lattice,1,u,img/target_7.png
57,1,391,lattice,0,r,img/target_4.png
57,1,392,lattice,2,o,img/target_9.png
57,1,393,lattice,4,i,img/target_8.png
57,1,394,lattice,6,b,img/target_6.png
57,1,395,lattice,7,v,img/target_5.png
57,1,396,lattice,9,p,img/target_10.png
57,1,397,lattice,7,v,img/target_5.png
57,1,398,lattice,6,b,img/target_6.png
57,1,399,lattice,8,w,img/target_2.png
57,1,400,lattice,9,p,img/target_10.png
57,1,401,lattice,1,u,img/target_7.png
57,1,402,lattice,9,p,img/target_10.png
57,1,403,lattice,7,v,img/target_5.png
57,1,404,lattice,8,w,img/target_2.png
57,1,405,lattice,9,p,img/target_10.png
57,1,406,lattice,1,u,img/target_7.png
57,1,407,lattice,9,p,img/target_10.png
57,1,408,lattice,0,r,img/target_4.png
57,1,409,lattice,8,w,img/target_2.png
57,1,410,lattice,7,v,img/target_5.png
57,1,411,lattice,9,p,img/target_10.png
57,1,412,lattice,7,v,img/target_5.png
57,1,413,lattice,9,p,img/target_10.png
57,1,414,lattice,8,w,img/target_2.png
57,1,415,lattice,0,r,img/target_4.png
57,1,416,lattice,8,w,img/target_2.png
57,1,417,lattice,6,b,img/target_6.png
57,1,418,lattice,5,e,img/target_3.png
57,1,419,lattice,4,i,img/target_8.png
57,1,420,lattice,2,o,img/target_9.png
57,1,421,lattice,3,q,img/target_1.png
57,1,422,lattice,5,e,img/target_3.png
57,1,423,lattice,6,b,img/target_6.png
57,1,424,lattice,4,i,img/target_8.png
57,1,425,lattice,2,o,img/target_9.png
57,1,426,lattice,1,u,img/target_7.png
57,1,427,lattice,3,q,img/target_1.png
57,1,428,lattice,4,i,img/target_8.png
57,1,429,lattice,2,o,img/target_9.png
57,1,430,lattice,4,i,img/target_8.png
57,1,431,lattice,3,q,img/target_1.png
57,1,432,lattice,4,i,img/target_8.png
57,1,433,lattice,6,b,img/target_6.png
57,1,434,lattice,4,i,img/target_8.png
57,1,435,lattice,5,e,img/target_3.png
57,1,436,lattice,6,b,img/target_6.png
57,1,437,lattice,7,v,img/target_5.png
57,1,438,lattice,8,w,img/target_2.png
57,1,439,lattice,6,b,img/target_6.png
57,1,440,lattice,5,e,img/target_3.png
57,1,441,lattice,6,b,img/target_6.png
57,1,442,lattice,4,i,img/target_8.png
57,1,443,lattice,3,q,img/target_1.png
57,1,444,lattice,2,o,img/target_9.png
57,1,445,lattice,3,q,img/target_1.png
57,1,446,lattice,2,o,img/target_9.png
57,1,447,lattice,0,r,img/target_4.png
57,1,448,lattice,9,p,img/target_10.png
57,1,449,lattice,8,w,img/target_2.png
57,1,450,lattice,0,r,img/target_4.png
57,1,451,lattice,9,p,img/target_10.png
57,1,452,lattice,8,w,img/target_2.png
57,1,453,lattice,9,p,img/target_10.png
57,1,454,lattice,8,w,img/target_2.png
57,1,455,lattice,9,p,img/target_10.png
57,1,456,lattice,1,u,img/target_7.png
57,1,457,lattice,2,o,img/target_9.png
57,1,458,lattice,1,u,img/target_7.png
57,1,459,lattice,2,o,img/target_9.png
57,1,460,lattice,1,u,img/target_7.png
57,1,461,lattice,9,p,img/target_10.png
57,1,462,lattice,8,w,img/target_2.png
57,1,463,lattice,9,p,img/target_10.png
57,1,464,lattice,8,w,img/target_2.png
57,1,465,lattice,9,p,img/target_10.png
57,1,466,lattice,0,r,img/target_4.png
57,1,467,lattice,9,p,img/target_10.png
57,1,468,lattice,8,w,img/target_2.png
57,1,469,lattice,9,p,img/target_10.png
57,1,470,lattice,7,v,img/target_5.png
57,1,471,lattice,8,w,img/target_2.png
57,1,472,lattice,6,b,img/target_6.png
57,1,473,lattice,5,e,img/target_3.png
57,1,474,lattice,7,v,img/target_5.png
57,1,475,lattice,6,b,img/target_6.png
57,1,476,lattice,4,i,img/target_8.png
57,1,477,lattice,6,b,img/target_6.png
57,1,478,lattice,4,i,img/target_8.png
57,1,479,lattice,5,e,img/target_3.png
57,1,480,lattice,3,q,img/target_1.png
57,1,481,lattice,5,e,img/target_3.png
57,1,482,lattice,4,i,img/target_8.png
57,1,483,lattice,3,q,img/target_1.png
57,1,484,lattice,2,o,img/target_9.png
57,1,485,lattice,0,r,img/target_4.png
57,1,486,lattice,1,u,img/target_7.png
57,1,487,lattice,0,r,img/target_4.png
57,1,488,lattice,2,o,img/target_9.png
57,1,489,lattice,4,i,img/target_8.png
57,1,490,lattice,5,e,img/target_3.png
57,1,491,lattice,4,i,img/target_8.png
57,1,492,lattice,3,q,img/target_1.png
57,1,493,lattice,5,e,img/target_3.png
57,1,494,lattice,6,b,img/target_6.png
57,1,495,lattice,8,w,img/target_2.png
57,1,496,lattice,7,v,img/target_5.png
57,1,497,lattice,6,b,img/target_6.png
57,1,498,lattice,7,v,img/target_5.png
57,1,499,lattice,9,p,img/target_10.png
57,1,500,lattice,7,v,img/target_5.png
57,1,501,lattice,6,b,img/target_6.png
57,1,502,lattice,4,i,img/target_8.png
57,1,503,lattice,6,b,img/target_6.png
57,1,504,lattice,4,i,img/target_8.png
57,1,505,lattice,5,e,img/target_3.png
57,1,506,lattice,4,i,img/target_8.png
57,1,507,lattice,6,b,img/target_6.png
57,1,508,lattice,4,i,img/target_8.png
57,1,509,lattice,2,o,img/target_9.png
57,1,510,lattice,3,q,img/target_1.png
57,1,511,lattice,2,o,img/target_9.png
57,1,512,lattice,4,i,img/target_8.png
57,1,513,lattice,5,e,img/target_3.png
57,1,514,lattice,6,b,img/target_6.png
57,1,515,lattice,5,e,img/target_3.png
57,1,516,lattice,6,b,img/target_6.png
57,1,517,lattice,8,w,img/target_2.png
57,1,518,lattice,0,r,img/target_4.png
57,1,519,lattice,1,u,img/target_7.png
57,1,520,lattice,2,o,img/target_9.png
57,1,521,lattice,0,r,img/target_4.png
57,1,522,lattice,9,p,img/target_10.png
57,1,523,lattice,0,r,img/target_4.png
57,1,524,lattice,9,p,img/target_10.png
57,1,525,lattice,8,w,img/target_2.png
57,1,526,lattice,9,p,img/target_10.png
57,1,527,lattice,7,v,img/target_5.png
57,1,528,lattice,8,w,img/target_2.png
57,1,529,lattice,0,r,img/target_4.png
57,1,530,lattice,1,u,img/target_7.png
57,1,531,lattice,3,q,img/target_1.png
57,1,532,lattice,2,o,img/target_9.png
57,1,533,lattice,3,q,img/target_1.png
57,1,534,lattice,1,u,img/target_7.png
57,1,535,lattice,2,o,img/target_9.png
57,1,536,lattice,4,i,img/target_8.png
57,1,537,lattice,3,q,img/target_1.png
57,1,538,lattice,1,u,img/target_7.png
57,1,539,lattice,9,p,img/target_10.png
57,1,540,lattice,8,w,img/target_2.png
57,1,541,lattice,6,b,img/target_6.png
57,1,542,lattice,7,v,img/target_5.png
57,1,543,lattice,5,e,img/target_3.png
57,1,544,lattice,4,i,img/target_8.png
57,1,545,lattice,6,b,img/target_6.png
57,1,546,lattice,4,i,img/target_8.png
57,1,547,lattice,6,b,img/target_6.png
57,1,548,lattice,4,i,img/target_8.png
57,1,549,lattice,2,o,img/target_9.png
57,1,550,lattice,3,q,img/target_1.png
57,1,551,lattice,5,e,img/target_3.png
57,1,552,lattice,7,v,img/target_5.png
57,1,553,lattice,9,p,img/target_10.png
57,1,554,lattice,8,w,img/target_2.png
57,1,555,lattice,6,b,img/target_6.png
57,1,556,lattice,4,i,img/target_8.png
57,1,557,lattice,6,b,img/target_6.png
57,1,558,lattice,7,v,img/target_5.png
57,1,559,lattice,5,e,img/target_3.png
57,1,560,lattice,4,i,img/target_8.png
57,1,561,lattice,6,b,img/target_6.png
57,1,562,lattice,8,w,img/target_2.png
57,1,563,lattice,6,b,img/target_6.png
57,1,564,lattice,8,w,img/target_2.png
57,1,565,lattice,6,b,img/target_6.png
57,1,566,lattice,4,i,img/target_8.png
57,1,567,lattice,6,b,img/target_6.png
57,1,568,lattice,5,e,img/target_3.png
57,1,569,lattice,6,b,img/target_6.png
57,1,570,lattice,4,i,img/target_8.png
57,1,571,lattice,2,o,img/target_9.png
57,1,572,lattice,3,q,img/target_1.png
57,1,573,lattice,2,o,img/target_9.png
57,1,574,lattice,3,q,img/target_1.png
57,1,575,lattice,5,e,img/target_3.png
57,1,576,lattice,4,i,img/target_8.png
57,1,577,lattice,3,q,img/target_1.png
57,1,578,lattice,2,o,img/target_9.png
57,1,579,lattice,4,i,img/target_8.png
57,1,580,lattice,3,q,img/target_1.png
57,1,581,lattice,2,o,img/target_9.png
57,1,582,lattice,0,r,img/target_4.png
57,1,583,lattice,8,w,img/target_2.png
57,1,584,lattice,6,b,img/target_6.png
57,1,585,lattice,5,e,img/target_3.png
57,1,586,lattice,4,i,img/target_8.png
57,1,587,lattice,5,e,img/target_3.png
57,1,588,lattice,3,q,img/target_1.png
57,1,589,lattice,5,e,img/target_3.png
57,1,590,lattice,4,i,img/target_8.png
57,1,591,lattice,5,e,img/target_3.png
57,1,592,lattice,4,i,img/target_8.png
57,1,593,lattice,2,o,img/target_9.png
57,1,594,lattice,1,u,img/target_7.png
57,1,595,lattice,0,r,img/target_4.png
57,1,596,lattice,8,w,img/target_2.png
57,1,597,lattice,7,v,img/target_5.png
57,1,598,lattice,8,w,img/target_2.png
57,1,599,lattice,7,v,img/target_5.png
57,1,600,lattice,9,p,img/target_10.png
57,1,601,lattice,7,v,img/target_5.png
57,1,602,lattice,6,b,img/target_6.png
57,1,603,lattice,8,w,img/target_2.png
57,1,604,lattice,7,v,img/target_5.png
57,1,605,lattice,6,b,img/target_6.png
57,1,606,lattice,4,i,img/target_8.png
57,1,607,lattice,5,e,img/target_3.png
57,1,608,lattice,6,b,img/target_6.png
57,1,609,lattice,7,v,img/target_5.png
57,1,610,lattice,8,w,img/target_2.png
57,1,611,lattice,7,v,img/target_5.png
57,1,612,lattice,9,p,img/target_10.png
57,1,613,lattice,1,u,img/target_7.png
57,1,614,lattice,3,q,img/target_1.png
57,1,615,lattice,2,o,img/target_9.png
57,1,616,lattice,3,q,img/target_1.png
57,1,617,lattice,2,o,img/target_9.png
57,1,618,lattice,3,q,img/target_1.png
57,1,619,lattice,5,e,img/target_3.png
57,1,620,lattice,7,v,img/target_5.png
57,1,621,lattice,8,w,img/target_2.png
57,1,622,lattice,0,r,img/target_4.png
57,1,623,lattice,1,u,img/target_7.png
57,1,624,lattice,9,p,img/target_10.png
57,1,625,lattice,0,r,img/target_4.png
57,1,626,lattice,2,o,img/target_9.png
57,1,627,lattice,0,r,img/target_4.png
57,1,628,lattice,9,p,img/target_10.png
57,1,629,lattice,8,w,img/target_2.png
57,1,630,lattice,6,b,img/target_6.png
57,1,631,lattice,8,w,img/target_2.png
57,1,632,lattice,6,b,img/target_6.png
57,1,633,lattice,5,e,img/target_3.png
57,1,634,lattice,7,v,img/target_5.png
57,1,635,lattice,6,b,img/target_6.png
57,1,636,lattice,8,w,img/target_2.png
57,1,637,lattice,9,p,img/target_10.png
57,1,638,lattice,7,v,img/target_5.png
57,1,639,lattice,8,w,img/target_2.png
57,1,640,lattice,6,b,img/target_6.png
57,1,641,lattice,5,e,img/target_3.png
57,1,642,lattice,7,v,img/target_5.png
57,1,643,lattice,9,p,img/target_10.png
57,1,644,lattice,8,w,img/target_2.png
57,1,645,lattice,9,p,img/target_10.png
57,1,646,lattice,0,r,img/target_4.png
57,1,647,lattice,9,p,img/target_10.png
57,1,648,lattice,0,r,img/target_4.png
57,1,649,lattice,8,w,img/target_2.png
57,1,650,lattice,0,r,img/target_4.png
57,1,651,lattice,2,o,img/target_9.png
57,1,652,lattice,1,u,img/target_7.png
57,1,653,lattice,3,q,img/target_1.png
57,1,654,lattice,2,o,img/target_9.png
57,1,655,lattice,3,q,img/target_1.png
57,1,656,lattice,4,i,img/target_8.png
57,1,657,lattice,6,b,img/target_6.png
57,1,658,lattice,4,i,img/target_8.png
57,1,659,lattice,6,b,img/target_6.png
57,1,660,lattice,8,w,img/target_2.png
57,1,661,lattice,0,r,img/target_4.png
57,1,662,lattice,1,u,img/target_7.png
57,1,663,lattice,3,q,img/target_1.png
57,1,664,lattice,2,o,img/target_9.png
57,1,665,lattice,4,i,img/target_8.png
57,1,666,lattice,5,e,img/target_3.png
57,1,667,lattice,3,q,img/target_1.png
57,1,668,lattice,5,e,img/target_3.png
57,1,669,lattice,3,q,img/target_1.png
57,1,670,lattice,2,o,img/target_9.png
57,1,671,lattice,1,u,img/target_7.png
57,1,672,lattice,3,q,img/target_1.png
57,1,673,lattice,2,o,img/target_9.png
57,1,674,lattice,0,r,img/target_4.png
57,1,675,lattice,2,o,img/target_9.png
57,1,676,lattice,1,u,img/target_7.png
57,1,677,lattice,9,p,img/target_10.png
57,1,678,lattice,7,v,img/target_5.png
57,1,679,lattice,8,w,img/target_2.png
57,1,680,lattice,6,b,img/target_6.png
57,1,681,lattice,5,e,img/target_3.png
57,1,682,lattice,4,i,img/target_8.png
57,1,683,lattice,5,e,img/target_3.png
57,1,684,lattice,6,b,img/target_6.png
57,1,685,lattice,5,e,img/target_3.png
57,1,686,lattice,3,q,img/target_1.png
57,1,687,lattice,4,i,img/target_8.png
57,1,688,lattice,2,o,img/target_9.png
57,1,689,lattice,4,i,img/target_8.png
57,1,690,lattice,2,o,img/target_9.png
57,1,691,lattice,0,r,img/target_4.png
57,1,692,lattice,2,o,img/target_9.png
57,1,693,lattice,3,q,img/target_1.png
57,1,694,lattice,2,o,img/target_9.png
57,1,695,lattice,0,r,img/target_4.png
57,1,696,lattice,9,p,img/target_10.png
57,1,697,lattice,0,r,img/target_4.png
57,1,698,lattice,2,o,img/target_9.png
57,1,699,lattice,1,u,img/target_7.png
57,1,700,lattice,9,p,img/target_10.png
57,1,701,lattice,7,v,img/target_5.png
57,1,702,lattice,6,b,img/target_6.png
57,1,703,lattice,4,i,img/target_8.png
57,1,704,lattice,3,q,img/target_1.png
57,1,705,lattice,4,i,img/target_8.png
57,1,706,lattice,6,b,img/target_6.png
57,1,707,lattice,4,i,img/target_8.png
57,1,708,lattice,3,q,img/target_1.png
57,1,709,lattice,5,e,img/target_3.png
57,1,710,lattice,4,i,img/target_8.png
57,1,711,lattice,2,o,img/target_9.png
57,1,712,lattice,1,u,img/target_7.png
57,1,713,lattice,9,p,img/target_10.png
57,1,714,lattice,8,w,img/target_2.png
57,1,715,lattice,6,b,img/target_6.png
57,1,716,lattice,4,i,img/target_8.png
57,1,717,lattice,3,q,img/target_1.png
57,1,718,lattice,4,i,img/target_8.png
57,1,719,lattice,6,b,img/target_6.png
57,1,720,lattice,4,i,img/target_8.png
57,1,721,lattice,2,o,img/target_9.png
57,1,722,lattice,4,i,img/target_8.png
57,1,723,lattice,6,b,img/target_6.png
57,1,724,lattice,7,v,img/target_5.png
57,1,725,lattice,5,e,img/target_3.png
57,1,726,lattice,6,b,img/target_6.png
57,1,727,lattice,8,w,img/target_2.png
57,1,728,lattice,7,v,img/target_5.png
57,1,729,lattice,8,w,img/target_2.png
57,1,730,lattice,7,v,img/target_5.png
57,1,731,lattice,9,p,img/target_10.png
57,1,732,lattice,8,w,img/target_2.png
57,1,733,lattice,9,p,img/target_10.png
57,1,734,lattice,0,r,img/target_4.png
57,1,735,lattice,1,u,img/target_7.png
57,1,736,lattice,0,r,img/target_4.png
57,1,737,lattice,9,p,img/target_10.png
57,1,738,lattice,1,u,img/target_7.png
57,1,739,lattice,0,r,img/target_4.png
57,1,740,lattice,9,p,img/target_10.png
57,1,741,lattice,0,r,img/target_4.png
57,1,742,lattice,8,w,img/target_2.png
57,1,743,lattice,0,r,img/target_4.png
57,1,744,lattice,1,u,img/target_7.png
57,1,745,lattice,0,r,img/target_4.png
57,1,746,lattice,2,o,img/target_9.png
57,1,747,lattice,3,q,img/target_1.png
57,1,748,lattice,1,u,img/target_7.png
57,1,749,lattice,3,q,img/target_1.png
57,1,750,lattice,2,o,img/target_9.png
57,1,751,lattice,3,q,img/target_1.png
57,1,752,lattice,5,e,img/target_3.png
57,1,753,lattice,6,b,img/target_6.png
57,1,754,lattice,8,w,img/target_2.png
57,1,755,lattice,9,p,img/target_10.png
57,1,756,lattice,7,v,img/target_5.png
57,1,757,lattice,9,p,img/target_10.png
57,1,758,lattice,8,w,img/target_2.png
57,1,759,lattice,0,r,img/target_4.png
57,1,760,lattice,1,u,img/target_7.png
57,1,761,lattice,3,q,img/target_1.png
57,1,762,lattice,2,o,img/target_9.png
57,1,763,lattice,3,q,img/target_1.png
57,1,764,lattice,2,o,img/target_9.png
57,1,765,lattice,0,r,img/target_4.png
57,1,766,lattice,1,u,img/target_7.png
57,1,767,lattice,9,p,img/target_10.png
57,1,768,lattice,7,v,img/target_5.png
57,1,769,lattice,8,w,img/target_2.png
57,1,770,lattice,9,p,img/target_10.png
57,1,771,lattice,8,w,img/target_2.png
57,1,772,lattice,6,b,img/target_6.png
57,1,773,lattice,5,e,img/target_3.png
57,1,774,lattice,7,v,img/target_5.png
57,1,775,lattice,5,e,img/target_3.png
57,1,776,lattice,4,i,img/target_8.png
57,1,777,lattice,5,e,img/target_3.png
57,1,778,lattice,4,i,img/target_8.png
57,1,779,lattice,2,o,img/target_9.png
57,1,780,lattice,1,u,img/target_7.png
57,1,781,lattice,0,r,img/target_4.png
57,1,782,lattice,8,w,img/target_2.png
57,1,783,lattice,9,p,img/target_10.png
57,1,784,lattice,7,v,img/target_5.png
57,1,785,lattice,8,w,img/target_2.png
57,1,786,lattice,0,r,img/target_4.png
57,1,787,lattice,1,u,img/target_7.png
57,1,788,lattice,2,o,img/target_9.png
57,1,789,lattice,3,q,img/target_1.png
57,1,790,lattice,4,i,img/target_8.png
57,1,791,lattice,5,e,img/target_3.png
57,1,792,lattice,7,v,img/target_5.png
57,1,793,lattice,5,e,img/target_3.png
57,1,794,lattice,7,v,img/target_5.png
57,1,795,lattice,6,b,img/target_6.png
57,1,796,lattice,8,w,img/target_2.png
57,1,797,lattice,9,p,img/target_10.png
57,1,798,lattice,8,w,img/target_2.png
57,1,799,lattice,7,v,img/target_5.png
57,1,800,lattice,5,e,img/target_3.png
57,1,801,lattice,6,b,img/target_6.png
57,1,802,lattice,5,e,img/target_3.png
57,1,803,lattice,4,i,img/target_8.png
57,1,804,lattice,3,q,img/target_1.png
57,1,805,lattice,1,u,img/target_7.png
57,1,806,lattice,0,r,img/target_4.png
57,1,807,lattice,1,u,img/target_7.png
57,1,808,lattice,0,r,img/target_4.png
57,1,809,lattice,9,p,img/target_10.png
57,1,810,lattice,0,r,img/target_4.png
57,1,811,lattice,8,w,img/target_2.png
57,1,812,lattice,6,b,img/target_6.png
57,1,813,lattice,8,w,img/target_2.png
57,1,814,lattice,7,v,img/target_5.png
57,1,815,lattice,8,w,img/target_2.png
57,1,816,lattice,9,p,img/target_10.png
57,1,817,lattice,1,u,img/target_7.png
57,1,818,lattice,9,p,img/target_10.png
57,1,819,lattice,8,w,img/target_2.png
57,1,820,lattice,6,b,img/target_6.png
57,1,821,lattice,5,e,img/target_3.png
57,1,822,lattice,3,q,img/target_1.png
57,1,823,lattice,4,i,img/target_8.png
57,1,824,lattice,6,b,img/target_6.png
57,1,825,lattice,7,v,img/target_5.png
57,1,826,lattice,8,w,img/target_2.png
57,1,827,lattice,9,p,img/target_10.png
57,1,828,lattice,0,r,img/target_4.png
57,1,829,lattice,9,p,img/target_10.png
57,1,830,lattice,1,u,img/target_7.png
57,1,831,lattice,0,r,img/target_4.png
57,1,832,lattice,9,p,img/target_10.png
57,1,833,lattice,1,u,img/target_7.png
57,1,834,lattice,3,q,img/target_1.png
57,1,835,lattice,4,i,img/target_8.png
57,1,836,lattice,5,e,img/target_3.png
57,1,837,lattice,7,v,img/target_5.png
57,1,838,lattice,9,p,img/target_10.png
57,1,839,lattice,7,v,img/target_5.png
57,1,840,lattice,6,b,img/target_6.png
57,1,841,lattice,5,e,img/target_3.png
57,1,842,lattice,7,v,img/target_5.png
57,1,843,lattice,8,w,img/target_2.png
57,1,844,lattice,9,p,img/target_10.png
57,1,845,lattice,0,r,img/target_4.png
57,1,846,lattice,2,o,img/target_9.png
57,1,847,lattice,0,r,img/target_4.png
57,1,848,lattice,8,w,img/target_2.png
57,1,849,lattice,7,v,img/target_5.png
57,1,850,lattice,6,b,img/target_6.png
57,1,851,lattice,7,v,img/target_5.png
57,1,852,lattice,9,p,img/target_10.png
57,1,853,lattice,7,v,img/target_5.png
57,1,854,lattice,6,b,img/target_6.png
57,1,855,lattice,7,v,img/target_5.png
57,1,856,lattice,5,e,img/target_3.png
57,1,857,lattice,4,i,img/target_8.png
57,1,858,lattice,5,e,img/target_3.png
57,1,859,lattice,7,v,img/target_5.png
57,1,860,lattice,8,w,img/target_2.png
57,1,861,lattice,6,b,img/target_6.png
57,1,862,lattice,4,i,img/target_8.png
57,1,863,lattice,2,o,img/target_9.png
57,1,864,lattice,3,q,img/target_1.png
57,1,865,lattice,1,u,img/target_7.png
57,1,866,lattice,2,o,img/target_9.png
57,1,867,lattice,1,u,img/target_7.png
57,1,868,lattice,2,o,img/target_9.png
57,1,869,lattice,1,u,img/target_7.png
57,1,870,lattice,9,p,img/target_10.png
57,1,871,lattice,1,u,img/target_7.png
57,1,872,lattice,2,o,img/target_9.png
57,1,873,lattice,4,i,img/target_8.png
57,1,874,lattice,2,o,img/target_9.png
57,1,875,lattice,3,q,img/target_1.png
57,1,876,lattice,5,e,img/target_3.png
57,1,877,lattice,6,b,img/target_6.png
57,1,878,lattice,7,v,img/target_5.png
57,1,879,lattice,6,b,img/target_6.png
57,1,880,lattice,8,w,img/target_2.png
57,1,881,lattice,9,p,img/target_10.png
57,1,882,lattice,7,v,img/target_5.png
57,1,883,lattice,8,w,img/target_2.png
57,1,884,lattice,9,p,img/target_10.png
57,1,885,lattice,8,w,img/target_2.png
57,1,886,lattice,7,v,img/target_5.png
57,1,887,lattice,9,p,img/target_10.png
57,1,888,lattice,1,u,img/target_7.png
57,1,889,lattice,9,p,img/target_10.png
57,1,890,lattice,1,u,img/target_7.png
57,1,891,lattice,3,q,img/target_1.png
57,1,892,lattice,5,e,img/target_3.png
57,1,893,lattice,3,q,img/target_1.png
57,1,894,lattice,5,e,img/target_3.png
57,1,895,lattice,7,v,img/target_5.png
57,1,896,lattice,9,p,img/target_10.png
57,1,897,lattice,8,w,img/target_2.png
57,1,898,lattice,9,p,img/target_10.png
57,1,899,lattice,7,v,img/target_5.png
57,1,900,lattice,8,w,img/target_2.png
57,1,901,lattice,0,r,img/target_4.png
57,1,902,lattice,9,p,img/target_10.png
57,1,903,lattice,7,v,img/target_5.png
57,1,904,lattice,9,p,img/target_10.png
57,1,905,lattice,0,r,img/target_4.png
57,1,906,lattice,8,w,img/target_2.png
57,1,907,lattice,9,p,img/target_10.png
57,1,908,lattice,0,r,img/target_4.png
57,1,909,lattice,2,o,img/target_9.png
57,1,910,lattice,4,i,img/target_8.png
57,1,911,lattice,6,b,img/target_6.png
57,1,912,lattice,5,e,img/target_3.png
57,1,913,lattice,6,b,img/target_6.png
57,1,914,lattice,4,i,img/target_8.png
57,1,915,lattice,3,q,img/target_1.png
57,1,916,lattice,1,u,img/target_7.png
57,1,917,lattice,3,q,img/target_1.png
57,1,918,lattice,4,i,img/target_8.png
57,1,919,lattice,3,q,img/target_1.png
57,1,920,lattice,4,i,img/target_8.png
57,1,921,lattice,5,e,img/target_3.png
57,1,922,lattice,4,i,img/target_8.png
57,1,923,lattice,6,b,img/target_6.png
57,1,924,lattice,8,w,img/target_2.png
57,1,925,lattice,7,v,img/target_5.png
57,1,926,lattice,6,b,img/target_6.png
57,1,927,lattice,5,e,img/target_3.png
57,1,928,lattice,7,v,img/target_5.png
57,1,929,lattice,5,e,img/target_3.png
57,1,930,lattice,3,q,img/target_1.png
57,1,931,lattice,2,o,img/target_9.png
57,1,932,lattice,0,r,img/target_4.png
57,1,933,lattice,2,o,img/target_9.png
57,1,934,lattice,4,i,img/target_8.png
57,1,935,lattice,5,e,img/target_3.png
57,1,936,lattice,6,b,img/target_6.png
57,1,937,lattice,5,e,img/target_3.png
57,1,938,lattice,7,v,img/target_5.png
57,1,939,lattice,9,p,img/target_10.png
57,1,940,lattice,0,r,img/target_4.png
57,1,941,lattice,9,p,img/target_10.png
57,1,942,lattice,7,v,img/target_5.png
57,1,943,lattice,8,w,img/target_2.png
57,1,944,lattice,6,b,img/target_6.png
57,1,945,lattice,8,w,img/target_2.png
57,1,946,lattice,6,b,img/target_6.png
57,1,947,lattice,5,e,img/target_3.png
57,1,948,lattice,6,b,img/target_6.png
57,1,949,lattice,5,e,img/target_3.png
57,1,950,lattice,3,q,img/target_1.png
57,1,951,lattice,2,o,img/target_9.png
57,1,952,lattice,3,q,img/target_1.png
57,1,953,lattice,1,u,img/target_7.png
57,1,954,lattice,2,o,img/target_9.png
57,1,955,lattice,3,q,img/target_1.png
57,1,956,lattice,2,o,img/target_9.png
57,1,957,lattice,0,r,img/target_4.png
57,1,958,lattice,9,p,img/target_10.png
57,1,959,lattice,7,v,img/target_5.png
57,1,960,lattice,8,w,img/target_2.png
57,1,961,lattice,7,v,img/target_5.png
57,1,962,lattice,6,b,img/target_6.png
57,1,963,lattice,7,v,img/target_5.png
57,1,964,lattice,9,p,img/target_10.png
57,1,965,lattice,1,u,img/target_7.png
57,1,966,lattice,2,o,img/target_9.png
57,1,967,lattice,4,i,img/target_8.png
57,1,968,lattice,3,q,img/target_1.png
57,1,969,lattice,4,i,img/target_8.png
57,1,970,lattice,6,b,img/target_6.png
57,1,971,lattice,7,v,img/target_5.png
57,1,972,lattice,6,b,img/target_6.png
57,1,973,lattice,5,e,img/target_3.png
57,1,974,lattice,6,b,img/target_6.png
57,1,975,lattice,4,i,img/target_8.png
57,1,976,lattice,2,o,img/target_9.png
57,1,977,lattice,0,r,img/target_4.png
57,1,978,lattice,1,u,img/target_7.png
57,1,979,lattice,3,q,img/target_1.png
57,1,980,lattice,5,e,img/target_3.png
57,1,981,lattice,4,i,img/target_8.png
57,1,982,lattice,3,q,img/target_1.png
57,1,983,lattice,5,e,img/target_3.png
57,1,984,lattice,3,q,img/target_1.png
57,1,985,lattice,1,u,img/target_7.png
57,1,986,lattice,0,r,img/target_4.png
57,1,987,lattice,9,p,img/target_10.png
57,1,988,lattice,0,r,img/target_4.png
57,1,989,lattice,8,w,img/target_2.png
57,1,990,lattice,9,p,img/target_10.png
57,1,991,lattice,8,w,img/target_2.png
57,1,992,lattice,6,b,img/target_6.png
57,1,993,lattice,8,w,img/target_2.png
57,1,994,lattice,0,r,img/target_4.png
57,1,995,lattice,2,o,img/target_9.png
57,1,996,lattice,0,r,img/target_4.png
57,1,997,lattice,8,w,img/target_2.png
57,1,998,lattice,0,r,img/target_4.png
57,1,999,lattice,9,p,img/target_10.png
57,1,1000,lattice,7,v,img/target_5.png
