pID,sess,trialNum,graph,walk,resp,path
57,3,1,lattice,8,w,img/target_2.png
57,3,2,lattice,9,p,img/target_10.png
57,3,3,lattice,7,v,img/target_5.png
57,3,4,lattice,6,b,img/target_6.png
57,3,5,lattice,7,v,img/target_5.png
57,3,6,lattice,8,w,img/target_2.png
57,3,7,lattice,6,b,img/target_6.png
57,3,8,lattice,7,v,img/target_5.png
57,3,9,lattice,6,b,img/target_6.png
57,3,10,lattice,4,i,img/target_8.png
57,3,11,lattice,5,e,img/target_3.png
57,3,12,lattice,6,b,img/target_6.png
57,3,13,lattice,7,v,img/target_5.png
57,3,14,lattice,9,p,img/target_10.png
57,3,15,lattice,7,v,img/target_5.png
57,3,16,lattice,6,b,img/target_6.png
57,3,17,lattice,7,v,img/target_5.png
57,3,18,lattice,9,p,img/target_10.png
57,3,19,lattice,8,w,img/target_2.png
57,3,20,lattice,0,r,img/target_4.png
57,3,21,lattice,8,w,img/target_2.png
57,3,22,lattice,9,p,img/target_10.png
57,3,23,lattice,7,v,img/target_5.png
57,3,24,lattice,6,b,img/target_6.png
57,3,25,lattice,5,e,img/target_3.png
57,3,26,lattice,4,i,img/target_8.png
57,3,27,lattice,5,e,img/target_3.png
57,3,28,lattice,6,b,img/target_6.png
57,3,29,lattice,5,e,img/target_3.png
57,3,30,lattice,4,i,img/target_8.png
57,3,31,lattice,5,e,img/target_3.png
57,3,32,lattice,3,q,img/target_1.png
57,3,33,lattice,1,u,img/target_7.png
57,3,34,lattice,3,q,img/target_1.png
57,3,35,lattice,1,u,img/target_7.png
57,3,36,lattice,3,q,img/target_1.png
57,3,37,lattice,2,o,img/target_9.png
57,3,38,lattice,3,q,img/target_1.png
57,3,39,lattice,2,o,img/target_9.png
57,3,40,lattice,0,r,img/target_4.png
57,3,41,lattice,9,p,img/target_10.png
57,3,42,lattice,7,v,img/target_5.png
57,3,43,lattice,5,e,img/target_3.png
57,3,44,lattice,7,v,img/target_5.png
57,3,45,lattice,9,p,img/target_10.png
57,3,46,lattice,8,w,img/target_2.png
57,3,47,lattice,7,v,img/target_5.png
57,3,48,lattice,8,w,img/target_2.png
57,3,49,lattice,9,p,img/target_10.png
57,3,50,lattice,8,w,img/target_2.png
57,3,51,lattice,9,p,img/target_10.png
57,3,52,lattice,8,w,img/target_2.png
57,3,53,lattice,6,b,img/target_6.png
57,3,54,lattice,5,e,img/target_3.png
57,3,55,lattice,7,v,img/target_5.png
57,3,56,lattice,6,b,img/target_6.png
57,3,57,lattice,8,w,img/target_2.png
57,3,58,lattice,0,r,img/target_4.png
57,3,59,lattice,1,u,img/target_7.png
57,3,60,lattice,0,r,img/target_4.png
57,3,61,lattice,9,p,img/target_10.png
57,3,62,lattice,8,w,img/target_2.png
57,3,63,lattice,6,b,img/target_6.png
57,3,64,lattice,8,w,img/target_2.png
57,3,65,lattice,0,r,img/target_4.png
57,3,66,lattice,8,w,img/target_2.png
57,3,67,lattice,7,v,img/target_5.png
57,3,68,lattice,6,b,img/target_6.png
57,3,69,lattice,5,e,img/target_3.png
57,3,70,lattice,4,i,img/target_8.png
57,3,71,lattice,6,b,img/target_6.png
57,3,72,lattice,8,w,img/target_2.png
57,3,73,lattice,9,p,img/target_10.png
57,3,74,lattice,1,u,img/target_7.png
57,3,75,lattice,2,o,img/target_9.png
57,3,76,lattice,4,i,img/target_8.png
57,3,77,lattice,6,b,img/target_6.png
57,3,78,lattice,5,e,img/target_3.png
57,3,79,lattice,7,v,img/target_5.png
57,3,80,lattice,5,e,img/target_3.png
57,3,81,lattice,6,b,img/target_6.png
57,3,82,lattice,5,e,img/target_3.png
57,3,83,lattice,3,q,img/target_1.png
57,3,84,lattice,4,i,img/target_8.png
57,3,85,lattice,5,e,img/target_3.png
57,3,86,lattice,3,q,img/target_1.png
57,3,87,lattice,1,u,img/target_7.png
57,3,88,lattice,0,r,img/target_4.png
57,3,89,lattice,8,w,img/target_2.png
57,3,90,lattice,0,r,img/target_4.png
57,3,91,lattice,2,o,img/target_9.png
57,3,92,lattice,4,i,img/target_8.png
57,3,93,lattice,2,o,img/target_9.png
57,3,94,lattice,0,r,img/target_4.png
57,3,95,lattice,2,o,img/target_9.png
57,3,96,lattice,1,u,img/target_7.png
57,3,97,lattice,2,o,img/target_9.png
57,3,98,lattice,1,u,img/target_7.png
57,3,99,lattice,0,r,img/target_4.png
57,3,100,lattice,2,o,img/target_9.png
57,3,101,lattice,3,q,img/target_1.png
57,3,102,lattice,4,i,img/target_8.png
57,3,103,lattice,5,e,img/target_3.png
57,3,104,lattice,3,q,img/target_1.png
57,3,105,lattice,2,o,img/target_9.png
57,3,106,lattice,3,q,img/target_1.png
57,3,107,lattice,4,i,img/target_8.png
57,3,108,lattice,5,e,img/target_3.png
57,3,109,lattice,4,i,img/target_8.png
57,3,110,lattice,5,e,img/target_3.png
57,3,111,lattice,3,q,img/target_1.png
57,3,112,lattice,1,u,img/target_7.png
57,3,113,lattice,0,r,img/target_4.png
57,3,114,lattice,9,p,img/target_10.png
57,3,115,lattice,1,u,img/target_7.png
57,3,116,lattice,2,o,img/target_9.png
57,3,117,lattice,3,q,img/target_1.png
57,3,118,lattice,4,i,img/target_8.png
57,3,119,lattice,3,q,img/target_1.png
57,3,120,lattice,5,e,img/target_3.png
57,3,121,lattice,7,v,img/target_5.png
57,3,122,lattice,9,p,img/target_10.png
57,3,123,lattice,1,u,img/target_7.png
57,3,124,lattice,9,p,img/target_10.png
57,3,125,lattice,7,v,img/target_5.png
57,3,126,lattice,8,w,img/target_2.png
57,3,127,lattice,7,v,img/target_5.png
57,3,128,lattice,9,p,img/target_10.png
57,3,129,lattice,0,r,img/target_4.png
57,3,130,lattice,8,w,img/target_2.png
57,3,131,lattice,9,p,img/target_10.png
57,3,132,lattice,1,u,img/target_7.png
57,3,133,lattice,0,r,img/target_4.png
57,3,134,lattice,8,w,img/target_2.png
57,3,135,lattice,6,b,img/target_6.png
57,3,136,lattice,5,e,img/target_3.png
57,3,137,lattice,3,q,img/target_1.png
57,3,138,lattice,1,u,img/target_7.png
57,3,139,lattice,3,q,img/target_1.png
57,3,140,lattice,2,o,img/target_9.png
57,3,141,lattice,0,r,img/target_4.png
57,3,142,lattice,2,o,img/target_9.png
57,3,143,lattice,4,i,img/target_8.png
57,3,144,lattice,5,e,img/target_3.png
57,3,145,lattice,6,b,img/target_6.png
57,3,146,lattice,5,e,img/target_3.png
57,3,147,lattice,7,v,img/target_5.png
57,3,148,lattice,9,p,img/target_10.png
57,3,149,lattice,8,w,img/target_2.png
57,3,150,lattice,9,p,img/target_10.png
57,3,151,lattice,1,u,img/target_7.png
57,3,152,lattice,9,p,img/target_10.png
57,3,153,lattice,7,v,img/target_5.png
57,3,154,lattice,8,w,img/target_2.png
57,3,155,lattice,0,r,img/target_4.png
57,3,156,lattice,9,p,img/target_10.png
57,3,157,lattice,8,w,img/target_2.png
57,3,158,lattice,0,r,img/target_4.png
57,3,159,lattice,2,o,img/target_9.png
57,3,160,lattice,1,u,img/target_7.png
57,3,161,lattice,3,q,img/target_1.png
57,3,162,lattice,4,i,img/target_8.png
57,3,163,lattice,3,q,img/target_1.png
57,3,164,lattice,1,u,img/target_7.png
57,3,165,lattice,2,o,img/target_9.png
57,3,166,lattice,1,u,img/target_7.png
57,3,167,lattice,9,p,img/target_10.png
57,3,168,lattice,7,v,img/target_5.png
57,3,169,lattice,6,b,img/target_6.png
57,3,170,lattice,4,i,img/target_8.png
57,3,171,lattice,3,q,img/target_1.png
57,3,172,lattice,4,i,img/target_8.png
57,3,173,lattice,3,q,img/target_1.png
57,3,174,lattice,1,u,img/target_7.png
57,3,175,lattice,0,r,img/target_4.png
57,3,176,lattice,8,w,img/target_2.png
57,3,177,lattice,9,p,img/target_10.png
57,3,178,lattice,1,u,img/target_7.png
57,3,179,lattice,0,r,img/target_4.png
57,3,180,lattice,8,w,img/target_2.png
57,3,181,lattice,6,b,img/target_6.png
57,3,182,lattice,8,w,img/target_2.png
57,3,183,lattice,9,p,img/target_10.png
57,3,184,lattice,1,u,img/target_7.png
57,3,185,lattice,3,q,img/target_1.png
57,3,186,lattice,4,i,img/target_8.png
57,3,187,lattice,2,o,img/target_9.png
57,3,188,lattice,4,i,img/target_8.png
57,3,189,lattice,5,e,img/target_3.png
57,3,190,lattice,3,q,img/target_1.png
57,3,191,lattice,1,u,img/target_7.png
57,3,192,lattice,3,q,img/target_1.png
57,3,193,lattice,2,o,img/target_9.png
57,3,194,lattice,4,i,img/target_8.png
57,3,195,lattice,2,o,img/target_9.png
57,3,196,lattice,3,q,img/target_1.png
57,3,197,lattice,2,o,img/target_9.png
57,3,198,lattice,3,q,img/target_1.png
57,3,199,lattice,4,i,img/target_8.png
57,3,200,lattice,2,o,img/target_9.png
57,3,201,lattice,0,r,img/target_4.png
57,3,202,lattice,8,w,img/target_2.png
57,3,203,lattice,0,r,img/target_4.png
57,3,204,lattice,9,p,img/target_10.png
57,3,205,lattice,7,v,img/target_5.png
57,3,206,lattice,6,b,img/target_6.png
57,3,207,lattice,5,e,img/target_3.png
57,3,208,lattice,7,v,img/target_5.png
57,3,209,lattice,5,e,img/target_3.png
57,3,210,lattice,6,b,img/target_6.png
57,3,211,lattice,5,e,img/target_3.png
57,3,212,lattice,4,i,img/target_8.png
57,3,213,lattice,5,e,img/target_3.png
57,3,214,lattice,4,i,img/target_8.png
57,3,215,lattice,3,q,img/target_1.png
57,3,216,lattice,4,i,img/target_8.png
57,3,217,lattice,5,e,img/target_3.png
57,3,218,lattice,4,i,img/target_8.png
57,3,219,lattice,3,q,img/target_1.png
57,3,220,lattice,1,u,img/target_7.png
57,3,221,lattice,9,p,img/target_10.png
57,3,222,lattice,7,v,img/target_5.png
57,3,223,lattice,9,p,img/target_10.png
57,3,224,lattice,7,v,img/target_5.png
57,3,225,lattice,6,b,img/target_6.png
57,3,226,lattice,8,w,img/target_2.png
57,3,227,lattice,9,p,img/target_10.png
57,3,228,lattice,7,v,img/target_5.png
57,3,229,lattice,5,e,img/target_3.png
57,3,230,lattice,4,i,img/target_8.png
57,3,231,lattice,2,o,img/target_9.png
57,3,232,lattice,1,u,img/target_7.png
57,3,233,lattice,0,r,img/target_4.png
57,3,234,lattice,9,p,img/target_10.png
57,3,235,lattice,0,r,img/target_4.png
57,3,236,lattice,8,w,img/target_2.png
57,3,237,lattice,9,p,img/target_10.png
57,3,238,lattice,8,w,img/target_2.png
57,3,239,lattice,7,v,img/target_5.png
57,3,240,lattice,8,w,img/target_2.png
57,3,241,lattice,6,b,img/target_6.png
57,3,242,lattice,5,e,img/target_3.png
57,3,243,lattice,7,v,img/target_5.png
57,3,244,lattice,9,p,img/target_10.png
57,3,245,lattice,0,r,img/target_4.png
57,3,246,lattice,2,o,img/target_9.png
57,3,247,lattice,4,i,img/target_8.png
57,3,248,lattice,6,b,img/target_6.png
57,3,249,lattice,4,i,img/target_8.png
57,3,250,lattice,3,q,img/target_1.png
57,3,251,lattice,5,e,img/target_3.png
57,3,252,lattice,7,v,img/target_5.png
57,3,253,lattice,8,w,img/target_2.png
57,3,254,lattice,0,r,img/target_4.png
57,3,255,lattice,9,p,img/target_10.png
57,3,256,lattice,8,w,img/target_2.png
57,3,257,lattice,7,v,img/target_5.png
57,3,258,lattice,9,p,img/target_10.png
57,3,259,lattice,1,u,img/target_7.png
57,3,260,lattice,0,r,img/target_4.png
57,3,261,lattice,8,w,img/target_2.png
57,3,262,lattice,9,p,img/target_10.png
57,3,263,lattice,8,w,img/target_2.png
57,3,264,lattice,7,v,img/target_5.png
57,3,265,lattice,8,w,img/target_2.png
57,3,266,lattice,6,b,img/target_6.png
57,3,267,lattice,4,i,img/target_8.png
57,3,268,lattice,6,b,img/target_6.png
57,3,269,lattice,4,i,img/target_8.png
57,3,270,lattice,5,e,img/target_3.png
57,3,271,lattice,4,i,img/target_8.png
57,3,272,lattice,5,e,img/target_3.png
57,3,273,lattice,7,v,img/target_5.png
57,3,274,lattice,5,e,img/target_3.png
57,3,275,lattice,3,q,img/target_1.png
57,3,276,lattice,5,e,img/target_3.png
57,3,277,lattice,6,b,img/target_6.png
57,3,278,lattice,4,i,img/target_8.png
57,3,279,lattice,3,q,img/target_1.png
57,3,280,lattice,2,o,img/target_9.png
57,3,281,lattice,4,i,img/target_8.png
57,3,282,lattice,3,q,img/target_1.png
57,3,283,lattice,1,u,img/target_7.png
57,3,284,lattice,2,o,img/target_9.png
57,3,285,lattice,4,i,img/target_8.png
57,3,286,lattice,5,e,img/target_3.png
57,3,287,lattice,4,i,img/target_8.png
57,3,288,lattice,5,e,img/target_3.png
57,3,289,lattice,6,b,img/target_6.png
57,3,290,lattice,4,i,img/target_8.png
57,3,291,lattice,3,q,img/target_1.png
57,3,292,lattice,5,e,img/target_3.png
57,3,293,lattice,4,i,img/target_8.png
57,3,294,lattice,5,e,img/target_3.png
57,3,295,lattice,3,q,img/target_1.png
57,3,296,lattice,5,e,img/target_3.png
57,3,297,lattice,3,q,img/target_1.png
57,3,298,lattice,4,i,img/target_8.png
57,3,299,lattice,2,o,img/target_9.png
57,3,300,lattice,3,q,img/target_1.png
57,3,301,lattice,4,i,img/target_8.png
57,3,302,lattice,3,q,img/target_1.png
57,3,303,lattice,2,o,img/target_9.png
57,3,304,lattice,1,u,img/target_7.png
57,3,305,lattice,3,q,img/target_1.png
57,3,306,lattice,4,i,img/target_8.png
57,3,307,lattice,3,q,img/target_1.png
57,3,308,lattice,4,i,img/target_8.png
57,3,309,lattice,2,o,img/target_9.png
57,3,310,lattice,0,r,img/target_4.png
57,3,311,lattice,8,w,img/target_2.png
57,3,312,lattice,6,b,img/target_6.png
57,3,313,lattice,4,i,img/target_8.png
57,3,314,lattice,3,q,img/target_1.png
57,3,315,lattice,5,e,img/target_3.png
57,3,316,lattice,4,i,img/target_8.png
57,3,317,lattice,2,o,img/target_9.png
57,3,318,lattice,3,q,img/target_1.png
57,3,319,lattice,5,e,img/target_3.png
57,3,320,lattice,7,v,img/target_5.png
57,3,321,lattice,9,p,img/target_10.png
57,3,322,lattice,0,r,img/target_4.png
57,3,323,lattice,1,u,img/target_7.png
57,3,324,lattice,0,r,img/target_4.png
57,3,325,lattice,9,p,img/target_10.png
57,3,326,lattice,8,w,img/target_2.png
57,3,327,lattice,9,p,img/target_10.png
57,3,328,lattice,0,r,img/target_4.png
57,3,329,lattice,8,w,img/target_2.png
57,3,330,lattice,6,b,img/target_6.png
57,3,331,lattice,8,w,img/target_2.png
57,3,332,lattice,7,v,img/target_5.png
57,3,333,lattice,9,p,img/target_10.png
57,3,334,lattice,0,r,img/target_4.png
57,3,335,lattice,2,o,img/target_9.png
57,3,336,lattice,3,q,img/target_1.png
57,3,337,lattice,4,i,img/target_8.png
57,3,338,lattice,5,e,img/target_3.png
57,3,339,lattice,6,b,img/target_6.png
57,3,340,lattice,8,w,img/target_2.png
57,3,341,lattice,7,v,img/target_5.png
57,3,342,lattice,6,b,img/target_6.png
57,3,343,lattice,5,e,img/target_3.png
57,3,344,lattice,4,i,img/target_8.png
57,3,345,lattice,3,q,img/target_1.png
57,3,346,lattice,1,u,img/target_7.png
57,3,347,lattice,2,o,img/target_9.png
57,3,348,lattice,3,q,img/target_1.png
57,3,349,lattice,1,u,img/target_7.png
57,3,350,lattice,0,r,img/target_4.png
57,3,351,lattice,9,p,img/target_10.png
57,3,352,lattice,8,w,img/target_2.png
57,3,353,lattice,6,b,img/target_6.png
57,3,354,lattice,4,i,img/target_8.png
57,3,355,lattice,2,o,img/target_9.png
57,3,356,lattice,1,u,img/target_7.png
57,3,357,lattice,0,r,img/target_4.png
57,3,358,lattice,9,p,img/target_10.png
57,3,359,lattice,8,w,img/target_2.png
57,3,360,lattice,6,b,img/target_6.png
57,3,361,lattice,5,e,img/target_3.png
57,3,362,lattice,6,b,img/target_6.png
57,3,363,lattice,7,v,img/target_5.png
57,3,364,lattice,8,w,img/target_2.png
57,3,365,lattice,0,r,img/target_4.png
57,3,366,lattice,1,u,img/target_7.png
57,3,367,lattice,9,p,img/target_10.png
57,3,368,lattice,7,v,img/target_5.png
57,3,369,lattice,9,p,img/target_10.png
57,3,370,lattice,7,v,img/target_5.png
57,3,371,lattice,5,e,img/target_3.png
57,3,372,lattice,4,i,img/target_8.png
57,3,373,lattice,3,q,img/target_1.png
57,3,374,lattice,4,i,img/target_8.png
57,3,375,lattice,3,q,img/target_1.png
57,3,376,lattice,2,o,img/target_9.png
57,3,377,lattice,4,i,img/target_8.png
57,3,378,lattice,2,o,img/target_9.png
57,3,379,lattice,0,r,img/target_4.png
57,3,380,lattice,8,w,img/target_2.png
57,3,381,lattice,9,p,img/target_10.png
57,3,382,lattice,8,w,img/target_2.png
57,3,383,lattice,6,b,img/target_6.png
57,3,384,lattice,7,v,img/target_5.png
57,3,385,lattice,6,b,img/target_6.png
57,3,386,lattice,4,i,img/target_8.png
57,3,387,lattice,2,o,img/target_9.png
57,3,388,lattice,3,q,img/target_1.png
57,3,389,lattice,1,u,img/target_7.png
57,3,390,lattice,2,o,img/target_9.png
57,3,391,lattice,0,r,img/target_4.png
57,3,392,lattice,2,o,img/target_9.png
57,3,393,lattice,0,r,img/target_4.png
57,3,394,lattice,2,o,img/target_9.png
57,3,395,lattice,0,r,img/target_4.png
57,3,396,lattice,1,u,img/target_7.png
57,3,397,lattice,9,p,img/target_10.png
57,3,398,lattice,7,v,img/target_5.png
57,3,399,lattice,9,p,img/target_10.png
57,3,400,lattice,8,w,img/target_2.png
57,3,401,lattice,0,r,img/target_4.png
57,3,402,lattice,2,o,img/target_9.png
57,3,403,lattice,3,q,img/target_1.png
57,3,404,lattice,5,e,img/target_3.png
57,3,405,lattice,7,v,img/target_5.png
57,3,406,lattice,5,e,img/target_3.png
57,3,407,lattice,6,b,img/target_6.png
57,3,408,lattice,5,e,img/target_3.png
57,3,409,lattice,7,v,img/target_5.png
57,3,410,lattice,5,e,img/target_3.png
57,3,411,lattice,6,b,img/target_6.png
57,3,412,lattice,8,w,img/target_2.png
57,3,413,lattice,9,p,img/target_10.png
57,3,414,lattice,0,r,img/target_4.png
57,3,415,lattice,9,p,img/target_10.png
57,3,416,lattice,7,v,img/target_5.png
57,3,417,lattice,8,w,img/target_2.png
57,3,418,lattice,6,b,img/target_6.png
57,3,419,lattice,7,v,img/target_5.png
57,3,420,lattice,6,b,img/target_6.png
57,3,421,lattice,5,e,img/target_3.png
57,3,422,lattice,4,i,img/target_8.png
57,3,423,lattice,6,b,img/target_6.png
57,3,424,lattice,4,i,img/target_8.png
57,3,425,lattice,3,q,img/target_1.png
57,3,426,lattice,5,e,img/target_3.png
57,3,427,lattice,4,i,img/target_8.png
57,3,428,lattice,3,q,img/target_1.png
57,3,429,lattice,2,o,img/target_9.png
57,3,430,lattice,3,q,img/target_1.png
57,3,431,lattice,5,e,img/target_3.png
57,3,432,lattice,7,v,img/target_5.png
57,3,433,lattice,5,e,img/target_3.png
57,3,434,lattice,6,b,img/target_6.png
57,3,435,lattice,4,i,img/target_8.png
57,3,436,lattice,6,b,img/target_6.png
57,3,437,lattice,8,w,img/target_2.png
57,3,438,lattice,9,p,img/target_10.png
57,3,439,lattice,7,v,img/target_5.png
57,3,440,lattice,9,p,img/target_10.png
57,3,441,lattice,0,r,img/target_4.png
57,3,442,lattice,8,w,img/target_2.png
57,3,443,lattice,9,p,img/target_10.png
57,3,444,lattice,1,u,img/target_7.png
57,3,445,lattice,9,p,img/target_10.png
57,3,446,lattice,0,r,img/target_4.png
57,3,447,lattice,8,w,img/target_2.png
57,3,448,lattice,6,b,img/target_6.png
57,3,449,lattice,8,w,img/target_2.png
57,3,450,lattice,6,b,img/target_6.png
57,3,451,lattice,7,v,img/target_5.png
57,3,452,lattice,5,e,img/target_3.png
57,3,453,lattice,4,i,img/target_8.png
57,3,454,lattice,5,e,img/target_3.png
57,3,455,lattice,3,q,img/target_1.png
57,3,456,lattice,1,u,img/target_7.png
57,3,457,lattice,9,p,img/target_10.png
57,3,458,lattice,7,v,img/target_5.png
57,3,459,lattice,5,e,img/target_3.png
57,3,460,lattice,3,q,img/target_1.png
57,3,461,lattice,1,u,img/target_7.png
57,3,462,lattice,9,p,img/target_10.png
57,3,463,lattice,7,v,img/target_5.png
57,3,464,lattice,5,e,img/target_3.png
57,3,465,lattice,6,b,img/target_6.png
57,3,466,lattice,7,v,img/target_5.png
57,3,467,lattice,9,p,img/target_10.png
57,3,468,lattice,0,r,img/target_4.png
57,3,469,lattice,8,w,img/target_2.png
57,3,470,lattice,0,r,img/target_4.png
57,3,471,lattice,1,u,img/target_7.png
57,3,472,lattice,0,r,img/target_4.png
57,3,473,lattice,8,w,img/target_2.png
57,3,474,lattice,9,p,img/target_10.png
57,3,475,lattice,0,r,img/target_4.png
57,3,476,lattice,1,u,img/target_7.png
57,3,477,lattice,2,o,img/target_9.png
57,3,478,lattice,1,u,img/target_7.png
57,3,479,lattice,2,o,img/target_9.png
57,3,480,lattice,4,i,img/target_8.png
57,3,481,lattice,2,o,img/target_9.png
57,3,482,lattice,4,i,img/target_8.png
57,3,483,lattice,3,q,img/target_1.png
57,3,484,lattice,5,e,img/target_3.png
57,3,485,lattice,3,q,img/target_1.png
57,3,486,lattice,2,o,img/target_9.png
57,3,487,lattice,0,r,img/target_4.png
57,3,488,lattice,2,o,img/target_9.png
57,3,489,lattice,0,r,img/target_4.png
57,3,490,lattice,1,u,img/target_7.png
57,3,491,lattice,9,p,img/target_10.png
57,3,492,lattice,7,v,img/target_5.png
57,3,493,lattice,8,w,img/target_2.png
57,3,494,lattice,7,v,img/target_5.png
57,3,495,lattice,5,e,img/target_3.png
57,3,496,lattice,7,v,img/target_5.png
57,3,497,lattice,6,b,img/target_6.png
57,3,498,lattice,5,e,img/target_3.png
57,3,499,lattice,3,q,img/target_1.png
57,3,500,lattice,2,o,img/target_9.png
57,3,501,lattice,4,i,img/target_8.png
57,3,502,lattice,2,o,img/target_9.png
57,3,503,lattice,0,r,img/target_4.png
57,3,504,lattice,1,u,img/target_7.png
57,3,505,lattice,2,o,img/target_9.png
57,3,506,lattice,4,i,img/target_8.png
57,3,507,lattice,3,q,img/target_1.png
57,3,508,lattice,2,o,img/target_9.png
57,3,509,lattice,4,i,img/target_8.png
57,3,510,lattice,6,b,img/target_6.png
57,3,511,lattice,5,e,img/target_3.png
57,3,512,lattice,7,v,img/target_5.png
57,3,513,lattice,9,p,img/target_10.png
57,3,514,lattice,7,v,img/target_5.png
57,3,515,lattice,6,b,img/target_6.png
57,3,516,lattice,4,i,img/target_8.png
57,3,517,lattice,5,e,img/target_3.png
57,3,518,lattice,3,q,img/target_1.png
57,3,519,lattice,4,i,img/target_8.png
57,3,520,lattice,5,e,img/target_3.png
57,3,521,lattice,7,v,img/target_5.png
57,3,522,lattice,9,p,img/target_10.png
57,3,523,lattice,1,u,img/target_7.png
57,3,524,lattice,0,r,img/target_4.png
57,3,525,lattice,9,p,img/target_10.png
57,3,526,lattice,0,r,img/target_4.png
57,3,527,lattice,2,o,img/target_9.png
57,3,528,lattice,1,u,img/target_7.png
57,3,529,lattice,2,o,img/target_9.png
57,3,530,lattice,3,q,img/target_1.png
57,3,531,lattice,2,o,img/target_9.png
57,3,532,lattice,3,q,img/target_1.png
57,3,533,lattice,5,e,img/target_3.png
57,3,534,lattice,3,q,img/target_1.png
57,3,535,lattice,1,u,img/target_7.png
57,3,536,lattice,9,p,img/target_10.png
57,3,537,lattice,8,w,img/target_2.png
57,3,538,lattice,6,b,img/target_6.png
57,3,539,lattice,7,v,img/target_5.png
57,3,540,lattice,8,w,img/target_2.png
57,3,541,lattice,0,r,img/target_4.png
57,3,542,lattice,1,u,img/target_7.png
57,3,543,lattice,9,p,img/target_10.png
57,3,544,lattice,8,w,img/target_2.png
57,3,545,lattice,7,v,img/target_5.png
57,3,546,lattice,8,w,img/target_2.png
57,3,547,lattice,7,v,img/target_5.png
57,3,548,lattice,9,p,img/target_10.png
57,3,549,lattice,8,w,img/target_2.png
57,3,550,lattice,7,v,img/target_5.png
57,3,551,lattice,8,w,img/target_2.png
57,3,552,lattice,7,v,img/target_5.png
57,3,553,lattice,6,b,img/target_6.png
57,3,554,lattice,4,i,img/target_8.png
57,3,555,lattice,3,q,img/target_1.png
57,3,556,lattice,5,e,img/target_3.png
57,3,557,lattice,3,q,img/target_1.png
57,3,558,lattice,5,e,img/target_3.png
57,3,559,lattice,6,b,img/target_6.png
57,3,560,lattice,8,w,img/target_2.png
57,3,561,lattice,0,r,img/target_4.png
57,3,562,lattice,8,w,img/target_2.png
57,3,563,lattice,7,v,img/target_5.png
57,3,564,lattice,9,p,img/target_10.png
57,3,565,lattice,0,r,img/target_4.png
57,3,566,lattice,2,o,img/target_9.png
57,3,567,lattice,0,r,img/target_4.png
57,3,568,lattice,9,p,img/target_10.png
57,3,569,lattice,1,u,img/target_7.png
57,3,570,lattice,0,r,img/target_4.png
57,3,571,lattice,2,o,img/target_9.png
57,3,572,lattice,0,r,img/target_4.png
57,3,573,lattice,1,u,img/target_7.png
57,3,574,lattice,9,p,img/target_10.png
57,3,575,lattice,7,v,img/target_5.png
57,3,576,lattice,8,w,img/target_2.png
57,3,577,lattice,0,r,img/target_4.png
57,3,578,lattice,9,p,img/target_10.png
57,3,579,lattice,7,v,img/target_5.png
57,3,580,lattice,9,p,img/target_10.png
57,3,581,lattice,1,u,img/target_7.png
57,3,582,lattice,0,r,img/target_4.png
57,3,583,lattice,9,p,img/target_10.png
57,3,584,lattice,1,u,img/target_7.png
57,3,585,lattice,0,r,img/target_4.png
57,3,586,lattice,9,p,img/target_10.png
57,3,587,lattice,1,u,img/target_7.png
57,3,588,lattice,0,r,img/target_4.png
57,3,589,lattice,1,u,img/target_7.png
57,3,590,lattice,0,r,img/target_4.png
57,3,591,lattice,1,u,img/target_7.png
57,3,592,lattice,9,p,img/target_10.png
57,3,593,lattice,8,w,img/target_2.png
57,3,594,lattice,9,p,img/target_10.png
57,3,595,lattice,7,v,img/target_5.png
57,3,596,lattice,8,w,img/target_2.png
57,3,597,lattice,0,r,img/target_4.png
57,3,598,lattice,8,w,img/target_2.png
57,3,599,lattice,9,p,img/target_10.png
57,3,600,lattice,7,v,img/target_5.png
57,3,601,lattice,8,w,img/target_2.png
57,3,602,lattice,6,b,img/target_6.png
57,3,603,lattice,8,w,img/target_2.png
57,3,604,lattice,7,v,img/target_5.png
57,3,605,lattice,6,b,img/target_6.png
57,3,606,lattice,8,w,img/target_2.png
57,3,607,lattice,6,b,img/target_6.png
57,3,608,lattice,7,v,img/target_5.png
57,3,609,lattice,5,e,img/target_3.png
57,3,610,lattice,3,q,img/target_1.png
57,3,611,lattice,1,u,img/target_7.png
57,3,612,lattice,9,p,img/target_10.png
57,3,613,lattice,1,u,img/target_7.png
57,3,614,lattice,2,o,img/target_9.png
57,3,615,lattice,0,r,img/target_4.png
57,3,616,lattice,8,w,img/target_2.png
57,3,617,lattice,0,r,img/target_4.png
57,3,618,lattice,2,o,img/target_9.png
57,3,619,lattice,1,u,img/target_7.png
57,3,620,lattice,0,r,img/target_4.png
57,3,621,lattice,1,u,img/target_7.png
57,3,622,lattice,2,o,img/target_9.png
57,3,623,lattice,3,q,img/target_1.png
57,3,624,lattice,5,e,img/target_3.png
57,3,625,lattice,4,i,img/target_8.png
57,3,626,lattice,6,b,img/target_6.png
57,3,627,lattice,4,i,img/target_8.png
57,3,628,lattice,3,q,img/target_1.png
57,3,629,lattice,5,e,img/target_3.png
57,3,630,lattice,3,q,img/target_1.png
57,3,631,lattice,1,u,img/target_7.png
57,3,632,lattice,9,p,img/target_10.png
57,3,633,lattice,0,r,img/target_4.png
57,3,634,lattice,9,p,img/target_10.png
57,3,635,lattice,7,v,img/target_5.png
57,3,636,lattice,5,e,img/target_3.png
57,3,637,lattice,4,i,img/target_8.png
57,3,638,lattice,3,q,img/target_1.png
57,3,639,lattice,4,i,img/target_8.png
57,3,640,lattice,2,o,img/target_9.png
57,3,641,lattice,4,i,img/target_8.png
57,3,642,lattice,5,e,img/target_3.png
57,3,643,lattice,7,v,img/target_5.png
57,3,644,lattice,5,e,img/target_3.png
57,3,645,lattice,6,b,img/target_6.png
57,3,646,lattice,4,i,img/target_8.png
57,3,647,lattice,3,q,img/target_1.png
57,3,648,lattice,1,u,img/target_7.png
57,3,649,lattice,0,r,img/target_4.png
57,3,650,lattice,2,o,img/target_9.png
57,3,651,lattice,4,i,img/target_8.png
57,3,652,lattice,3,q,img/target_1.png
57,3,653,lattice,4,i,img/target_8.png
57,3,654,lattice,2,o,img/target_9.png
57,3,655,lattice,4,i,img/target_8.png
57,3,656,lattice,2,o,img/target_9.png
57,3,657,lattice,1,u,img/target_7.png
57,3,658,lattice,2,o,img/target_9.png
57,3,659,lattice,4,i,img/target_8.png
57,3,660,lattice,6,b,img/target_6.png
57,3,661,lattice,7,v,img/target_5.png
57,3,662,lattice,5,e,img/target_3.png
57,3,663,lattice,6,b,img/target_6.png
57,3,664,lattice,5,e,img/target_3.png
57,3,665,lattice,3,q,img/target_1.png
57,3,666,lattice,4,i,img/target_8.png
57,3,667,lattice,3,q,img/target_1.png
57,3,668,lattice,5,e,img/target_3.png
57,3,669,lattice,7,v,img/target_5.png
57,3,670,lattice,6,b,img/target_6.png
57,3,671,lattice,4,i,img/target_8.png
57,3,672,lattice,2,o,img/target_9.png
57,3,673,lattice,3,q,img/target_1.png
57,3,674,lattice,5,e,img/target_3.png
57,3,675,lattice,4,i,img/target_8.png
57,3,676,lattice,2,o,img/target_9.png
57,3,677,lattice,0,r,img/target_4.png
57,3,678,lattice,1,u,img/target_7.png
57,3,679,lattice,3,q,img/target_1.png
57,3,680,lattice,5,e,img/target_3.png
57,3,681,lattice,3,q,img/target_1.png
57,3,682,lattice,2,o,img/target_9.png
57,3,683,lattice,1,u,img/target_7.png
57,3,684,lattice,0,r,img/target_4.png
57,3,685,lattice,1,u,img/target_7.png
57,3,686,lattice,9,p,img/target_10.png
57,3,687,lattice,0,r,img/target_4.png
57,3,688,lattice,1,u,img/target_7.png
57,3,689,lattice,2,o,img/target_9.png
57,3,690,lattice,3,q,img/target_1.png
57,3,691,lattice,4,i,img/target_8.png
57,3,692,lattice,5,e,img/target_3.png
57,3,693,lattice,7,v,img/target_5.png
57,3,694,lattice,6,b,img/target_6.png
57,3,695,lattice,8,w,img/target_2.png
57,3,696,lattice,0,r,img/target_4.png
57,3,697,lattice,1,u,img/target_7.png
57,3,698,lattice,9,p,img/target_10.png
57,3,699,lattice,0,r,img/target_4.png
57,3,700,lattice,1,u,img/target_7.png
57,3,701,lattice,3,q,img/target_1.png
57,3,702,lattice,2,o,img/target_9.png
57,3,703,lattice,3,q,img/target_1.png
57,3,704,lattice,2,o,img/target_9.png
57,3,705,lattice,3,q,img/target_1.png
57,3,706,lattice,5,e,img/target_3.png
57,3,707,lattice,3,q,img/target_1.png
57,3,708,lattice,1,u,img/target_7.png
57,3,709,lattice,0,r,img/target_4.png
57,3,710,lattice,9,p,img/target_10.png
57,3,711,lattice,7,v,img/target_5.png
57,3,712,lattice,9,p,img/target_10.png
57,3,713,lattice,8,w,img/target_2.png
57,3,714,lattice,7,v,img/target_5.png
57,3,715,lattice,5,e,img/target_3.png
57,3,716,lattice,4,i,img/target_8.png
57,3,717,lattice,2,o,img/target_9.png
57,3,718,lattice,1,u,img/target_7.png
57,3,719,lattice,9,p,img/target_10.png
57,3,720,lattice,8,w,img/target_2.png
57,3,721,lattice,6,b,img/target_6.png
57,3,722,lattice,8,w,img/target_2.png
57,3,723,lattice,6,b,img/target_6.png
57,3,724,lattice,8,w,img/target_2.png
57,3,725,lattice,7,v,img/target_5.png
57,3,726,lattice,8,w,img/target_2.png
57,3,727,lattice,7,v,img/target_5.png
57,3,728,lattice,6,b,img/target_6.png
57,3,729,lattice,7,v,img/target_5.png
57,3,730,lattice,8,w,img/target_2.png
57,3,731,lattice,0,r,img/target_4.png
57,3,732,lattice,9,p,img/target_10.png
57,3,733,lattice,7,v,img/target_5.png
57,3,734,lattice,5,e,img/target_3.png
57,3,735,lattice,3,q,img/target_1.png
57,3,736,lattice,2,o,img/target_9.png
57,3,737,lattice,1,u,img/target_7.png
57,3,738,lattice,2,o,img/target_9.png
57,3,739,lattice,0,r,img/target_4.png
57,3,740,lattice,9,p,img/target_10.png
57,3,741,lattice,0,r,img/target_4.png
57,3,742,lattice,1,u,img/target_7.png
57,3,743,lattice,3,q,img/target_1.png
57,3,744,lattice,5,e,img/target_3.png
57,3,745,lattice,7,v,img/target_5.png
57,3,746,lattice,8,w,img/target_2.png
57,3,747,lattice,9,p,img/target_10.png
57,3,748,lattice,7,v,img/target_5.png
57,3,749,lattice,6,b,img/target_6.png
57,3,750,lattice,4,i,img/target_8.png
57,3,751,lattice,2,o,img/target_9.png
57,3,752,lattice,4,i,img/target_8.png
57,3,753,lattice,5,e,img/target_3.png
57,3,754,lattice,4,i,img/target_8.png
57,3,755,lattice,2,o,img/target_9.png
57,3,756,lattice,4,i,img/target_8.png
57,3,757,lattice,2,o,img/target_9.png
57,3,758,lattice,0,r,img/target_4.png
57,3,759,lattice,8,w,img/target_2.png
57,3,760,lattice,9,p,img/target_10.png
57,3,761,lattice,0,r,img/target_4.png
57,3,762,lattice,9,p,img/target_10.png
57,3,763,lattice,8,w,img/target_2.png
57,3,764,lattice,7,v,img/target_5.png
57,3,765,lattice,5,e,img/target_3.png
57,3,766,lattice,3,q,img/target_1.png
57,3,767,lattice,4,i,img/target_8.png
57,3,768,lattice,3,q,img/target_1.png
57,3,769,lattice,5,e,img/target_3.png
57,3,770,lattice,4,i,img/target_8.png
57,3,771,lattice,3,q,img/target_1.png
57,3,772,lattice,4,i,img/target_8.png
57,3,773,lattice,5,e,img/target_3.png
57,3,774,lattice,3,q,img/target_1.png
57,3,775,lattice,1,u,img/target_7.png
57,3,776,lattice,3,q,img/target_1.png
57,3,777,lattice,2,o,img/target_9.png
57,3,778,lattice,0,r,img/target_4.png
57,3,779,lattice,9,p,img/target_10.png
57,3,780,lattice,0,r,img/target_4.png
57,3,781,lattice,1,u,img/target_7.png
57,3,782,lattice,9,p,img/target_10.png
57,3,783,lattice,1,u,img/target_7.png
57,3,784,lattice,2,o,img/target_9.png
57,3,785,lattice,4,i,img/target_8.png
57,3,786,lattice,2,o,img/target_9.png
57,3,787,lattice,4,i,img/target_8.png
57,3,788,lattice,3,q,img/target_1.png
57,3,789,lattice,2,o,img/target_9.png
57,3,790,lattice,1,u,img/target_7.png
57,3,791,lattice,3,q,img/target_1.png
57,3,792,lattice,4,i,img/target_8.png
57,3,793,lattice,2,o,img/target_9.png
57,3,794,lattice,0,r,img/target_4.png
57,3,795,lattice,1,u,img/target_7.png
57,3,796,lattice,3,q,img/target_1.png
57,3,797,lattice,2,o,img/target_9.png
57,3,798,lattice,4,i,img/target_8.png
57,3,799,lattice,3,q,img/target_1.png
57,3,800,lattice,4,i,img/target_8.png
57,3,801,lattice,2,o,img/target_9.png
57,3,802,lattice,1,u,img/target_7.png
57,3,803,lattice,2,o,img/target_9.png
57,3,804,lattice,1,u,img/target_7.png
57,3,805,lattice,3,q,img/target_1.png
57,3,806,lattice,4,i,img/target_8.png
57,3,807,lattice,2,o,img/target_9.png
57,3,808,lattice,1,u,img/target_7.png
57,3,809,lattice,0,r,img/target_4.png
57,3,810,lattice,9,p,img/target_10.png
57,3,811,lattice,0,r,img/target_4.png
57,3,812,lattice,9,p,img/target_10.png
57,3,813,lattice,8,w,img/target_2.png
57,3,814,lattice,0,r,img/target_4.png
57,3,815,lattice,1,u,img/target_7.png
57,3,816,lattice,2,o,img/target_9.png
57,3,817,lattice,0,r,img/target_4.png
57,3,818,lattice,9,p,img/target_10.png
57,3,819,lattice,7,v,img/target_5.png
57,3,820,lattice,9,p,img/target_10.png
57,3,821,lattice,1,u,img/target_7.png
57,3,822,lattice,3,q,img/target_1.png
57,3,823,lattice,5,e,img/target_3.png
57,3,824,lattice,6,b,img/target_6.png
57,3,825,lattice,8,w,img/target_2.png
57,3,826,lattice,0,r,img/target_4.png
57,3,827,lattice,9,p,img/target_10.png
57,3,828,lattice,8,w,img/target_2.png
57,3,829,lattice,7,v,img/target_5.png
57,3,830,lattice,9,p,img/target_10.png
57,3,831,lattice,1,u,img/target_7.png
57,3,832,lattice,9,p,img/target_10.png
57,3,833,lattice,1,u,img/target_7.png
57,3,834,lattice,3,q,img/target_1.png
57,3,835,lattice,4,i,img/target_8.png
57,3,836,lattice,2,o,img/target_9.png
57,3,837,lattice,1,u,img/target_7.png
57,3,838,lattice,3,q,img/target_1.png
57,3,839,lattice,5,e,img/target_3.png
57,3,840,lattice,6,b,img/target_6.png
57,3,841,lattice,8,w,img/target_2.png
57,3,842,lattice,6,b,img/target_6.png
57,3,843,lattice,8,w,img/target_2.png
57,3,844,lattice,7,v,img/target_5.png
57,3,845,lattice,6,b,img/target_6.png
57,3,846,lattice,7,v,img/target_5.png
57,3,847,lattice,9,p,img/target_10.png
57,3,848,lattice,0,r,img/target_4.png
57,3,849,lattice,2,o,img/target_9.png
57,3,850,lattice,4,i,img/target_8.png
57,3,851,lattice,6,b,img/target_6.png
57,3,852,lattice,5,e,img/target_3.png
57,3,853,lattice,4,i,img/target_8.png
57,3,854,lattice,2,o,img/target_9.png
57,3,855,lattice,1,u,img/target_7.png
57,3,856,lattice,9,p,img/target_10.png
57,3,857,lattice,0,r,img/target_4.png
57,3,858,lattice,2,o,img/target_9.png
57,3,859,lattice,1,u,img/target_7.png
57,3,860,lattice,3,q,img/target_1.png
57,3,861,lattice,4,i,img/target_8.png
57,3,862,lattice,2,o,img/target_9.png
57,3,863,lattice,0,r,img/target_4.png
57,3,864,lattice,2,o,img/target_9.png
57,3,865,lattice,1,u,img/target_7.png
57,3,866,lattice,3,q,img/target_1.png
57,3,867,lattice,1,u,img/target_7.png
57,3,868,lattice,0,r,img/target_4.png
57,3,869,lattice,8,w,img/target_2.png
57,3,870,lattice,7,v,img/target_5.png
57,3,871,lattice,9,p,img/target_10.png
57,3,872,lattice,1,u,img/target_7.png
57,3,873,lattice,0,r,img/target_4.png
57,3,874,lattice,9,p,img/target_10.png
57,3,875,lattice,0,r,img/target_4.png
57,3,876,lattice,8,w,img/target_2.png
57,3,877,lattice,9,p,img/target_10.png
57,3,878,lattice,0,r,img/target_4.png
57,3,879,lattice,1,u,img/target_7.png
57,3,880,lattice,9,p,img/target_10.png
57,3,881,lattice,0,r,img/target_4.png
57,3,882,lattice,9,p,img/target_10.png
57,3,883,lattice,8,w,img/target_2.png
57,3,884,lattice,6,b,img/target_6.png
57,3,885,lattice,5,e,img/target_3.png
57,3,886,lattice,4,i,img/target_8.png
57,3,887,lattice,5,e,img/target_3.png
57,3,888,lattice,4,i,img/target_8.png
57,3,889,lattice,3,q,img/target_1.png
57,3,890,lattice,5,e,img/target_3.png
57,3,891,lattice,7,v,img/target_5.png
57,3,892,lattice,6,b,img/target_6.png
57,3,893,lattice,7,v,img/target_5.png
57,3,894,lattice,9,p,img/target_10.png
57,3,895,lattice,0,r,img/target_4.png
57,3,896,lattice,8,w,img/target_2.png
57,3,897,lattice,9,p,img/target_10.png
57,3,898,lattice,1,u,img/target_7.png
57,3,899,lattice,0,r,img/target_4.png
57,3,900,lattice,2,o,img/target_9.png
57,3,901,lattice,4,i,img/target_8.png
57,3,902,lattice,6,b,img/target_6.png
57,3,903,lattice,7,v,img/target_5.png
57,3,904,lattice,8,w,img/target_2.png
57,3,905,lattice,9,p,img/target_10.png
57,3,906,lattice,8,w,img/target_2.png
57,3,907,lattice,6,b,img/target_6.png
57,3,908,lattice,8,w,img/target_2.png
57,3,909,lattice,6,b,img/target_6.png
57,3,910,lattice,8,w,img/target_2.png
57,3,911,lattice,6,b,img/target_6.png
57,3,912,lattice,4,i,img/target_8.png
57,3,913,lattice,2,o,img/target_9.png
57,3,914,lattice,4,i,img/target_8.png
57,3,915,lattice,5,e,img/target_3.png
57,3,916,lattice,4,i,img/target_8.png
57,3,917,lattice,5,e,img/target_3.png
57,3,918,lattice,3,q,img/target_1.png
57,3,919,lattice,1,u,img/target_7.png
57,3,920,lattice,0,r,img/target_4.png
57,3,921,lattice,2,o,img/target_9.png
57,3,922,lattice,0,r,img/target_4.png
57,3,923,lattice,8,w,img/target_2.png
57,3,924,lattice,9,p,img/target_10.png
57,3,925,lattice,7,v,img/target_5.png
57,3,926,lattice,8,w,img/target_2.png
57,3,927,lattice,7,v,img/target_5.png
57,3,928,lattice,5,e,img/target_3.png
57,3,929,lattice,7,v,img/target_5.png
57,3,930,lattice,5,e,img/target_3.png
57,3,931,lattice,3,q,img/target_1.png
57,3,932,lattice,5,e,img/target_3.png
57,3,933,lattice,3,q,img/target_1.png
57,3,934,lattice,5,e,img/target_3.png
57,3,935,lattice,7,v,img/target_5.png
57,3,936,lattice,6,b,img/target_6.png
57,3,937,lattice,8,w,img/target_2.png
57,3,938,lattice,7,v,img/target_5.png
57,3,939,lattice,6,b,img/target_6.png
57,3,940,lattice,7,v,img/target_5.png
57,3,941,lattice,6,b,img/target_6.png
57,3,942,lattice,8,w,img/target_2.png
57,3,943,lattice,6,b,img/target_6.png
57,3,944,lattice,7,v,img/target_5.png
57,3,945,lattice,5,e,img/target_3.png
57,3,946,lattice,6,b,img/target_6.png
57,3,947,lattice,7,v,img/target_5.png
57,3,948,lattice,5,e,img/target_3.png
57,3,949,lattice,7,v,img/target_5.png
57,3,950,lattice,6,b,img/target_6.png
57,3,951,lattice,7,v,img/target_5.png
57,3,952,lattice,8,w,img/target_2.png
57,3,953,lattice,0,r,img/target_4.png
57,3,954,lattice,9,p,img/target_10.png
57,3,955,lattice,0,r,img/target_4.png
57,3,956,lattice,1,u,img/target_7.png
57,3,957,lattice,0,r,img/target_4.png
57,3,958,lattice,8,w,img/target_2.png
57,3,959,lattice,0,r,img/target_4.png
57,3,960,lattice,8,w,img/target_2.png
57,3,961,lattice,6,b,img/target_6.png
57,3,962,lattice,5,e,img/target_3.png
57,3,963,lattice,3,q,img/target_1.png
57,3,964,lattice,5,e,img/target_3.png
57,3,965,lattice,6,b,img/target_6.png
57,3,966,lattice,5,e,img/target_3.png
57,3,967,lattice,6,b,img/target_6.png
57,3,968,lattice,8,w,img/target_2.png
57,3,969,lattice,7,v,img/target_5.png
57,3,970,lattice,9,p,img/target_10.png
57,3,971,lattice,7,v,img/target_5.png
57,3,972,lattice,8,w,img/target_2.png
57,3,973,lattice,0,r,img/target_4.png
57,3,974,lattice,2,o,img/target_9.png
57,3,975,lattice,1,u,img/target_7.png
57,3,976,lattice,9,p,img/target_10.png
57,3,977,lattice,1,u,img/target_7.png
57,3,978,lattice,3,q,img/target_1.png
57,3,979,lattice,4,i,img/target_8.png
57,3,980,lattice,5,e,img/target_3.png
57,3,981,lattice,3,q,img/target_1.png
57,3,982,lattice,1,u,img/target_7.png
57,3,983,lattice,3,q,img/target_1.png
57,3,984,lattice,5,e,img/target_3.png
57,3,985,lattice,6,b,img/target_6.png
57,3,986,lattice,5,e,img/target_3.png
57,3,987,lattice,6,b,img/target_6.png
57,3,988,lattice,5,e,img/target_3.png
57,3,989,lattice,3,q,img/target_1.png
57,3,990,lattice,1,u,img/target_7.png
57,3,991,lattice,3,q,img/target_1.png
57,3,992,lattice,5,e,img/target_3.png
57,3,993,lattice,6,b,img/target_6.png
57,3,994,lattice,7,v,img/target_5.png
57,3,995,lattice,9,p,img/target_10.png
57,3,996,lattice,7,v,img/target_5.png
57,3,997,lattice,8,w,img/target_2.png
57,3,998,lattice,0,r,img/target_4.png
57,3,999,lattice,9,p,img/target_10.png
57,3,1000,lattice,8,w,img/target_2.png
