pID,trialNum,graph,walk,resp,path
42,1,modular,5,q,img/target_1.png
42,2,modular,7,v,img/target_5.png
42,3,modular,6,o,img/target_9.png
42,4,modular,7,v,img/target_5.png
42,5,modular,8,u,img/target_7.png
42,6,modular,9,r,img/target_4.png
42,7,modular,7,v,img/target_5.png
42,8,modular,5,q,img/target_1.png
42,9,modular,6,o,img/target_9.png
42,10,modular,9,r,img/target_4.png
42,11,modular,6,o,img/target_9.png
42,12,modular,7,v,img/target_5.png
42,13,modular,9,r,img/target_4.png
42,14,modular,6,o,img/target_9.png
42,15,modular,7,v,img/target_5.png
42,16,modular,9,r,img/target_4.png
42,17,modular,6,o,img/target_9.png
42,18,modular,9,r,img/target_4.png
42,19,modular,7,v,img/target_5.png
42,20,modular,9,r,img/target_4.png
42,21,modular,7,v,img/target_5.png
42,22,modular,6,o,img/target_9.png
42,23,modular,7,v,img/target_5.png
42,24,modular,8,u,img/target_7.png
42,25,modular,9,r,img/target_4.png
42,26,modular,8,u,img/target_7.png
42,27,modular,7,v,img/target_5.png
42,28,modular,8,u,img/target_7.png
42,29,modular,6,o,img/target_9.png
42,30,modular,8,u,img/target_7.png
42,31,modular,7,v,img/target_5.png
42,32,modular,9,r,img/target_4.png
42,33,modular,6,o,img/target_9.png
42,34,modular,9,r,img/target_4.png
42,35,modular,0,i,img/target_8.png
42,36,modular,1,e,img/target_3.png
42,37,modular,2,w,img/target_2.png
42,38,modular,0,i,img/target_8.png
42,39,modular,9,r,img/target_4.png
42,40,modular,0,i,img/target_8.png
42,41,modular,2,w,img/target_2.png
42,42,modular,0,i,img/target_8.png
42,43,modular,2,w,img/target_2.png
42,44,modular,4,b,img/target_6.png
42,45,modular,3,p,img/target_10.png
42,46,modular,0,i,img/target_8.png
42,47,modular,9,r,img/target_4.png
42,48,modular,6,o,img/target_9.png
42,49,modular,5,q,img/target_1.png
42,50,modular,8,u,img/target_7.png
42,51,modular,5,q,img/target_1.png
42,52,modular,4,b,img/target_6.png
42,53,modular,3,p,img/target_10.png
42,54,modular,2,w,img/target_2.png
42,55,modular,4,b,img/target_6.png
42,56,modular,1,e,img/target_3.png
42,57,modular,0,i,img/target_8.png
42,58,modular,1,e,img/target_3.png
42,59,modular,3,p,img/target_10.png
42,60,modular,2,w,img/target_2.png
42,61,modular,1,e,img/target_3.png
42,62,modular,4,b,img/target_6.png
42,63,modular,3,p,img/target_10.png
42,64,modular,1,e,img/target_3.png
42,65,modular,3,p,img/target_10.png
42,66,modular,4,b,img/target_6.png
42,67,modular,5,q,img/target_1.png
42,68,modular,4,b,img/target_6.png
42,69,modular,2,w,img/target_2.png
42,70,modular,1,e,img/target_3.png
42,71,modular,3,p,img/target_10.png
42,72,modular,2,w,img/target_2.png
42,73,modular,1,e,img/target_3.png
42,74,modular,3,p,img/target_10.png
42,75,modular,4,b,img/target_6.png
42,76,modular,2,w,img/target_2.png
42,77,modular,4,b,img/target_6.png
42,78,modular,3,p,img/target_10.png
42,79,modular,2,w,img/target_2.png
42,80,modular,1,e,img/target_3.png
42,81,modular,4,b,img/target_6.png
42,82,modular,5,q,img/target_1.png
42,83,modular,6,o,img/target_9.png
42,84,modular,8,u,img/target_7.png
42,85,modular,9,r,img/target_4.png
42,86,modular,6,o,img/target_9.png
42,87,modular,9,r,img/target_4.png
42,88,modular,6,o,img/target_9.png
42,89,modular,5,q,img/target_1.png
42,90,modular,8,u,img/target_7.png
42,91,modular,6,o,img/target_9.png
42,92,modular,8,u,img/target_7.png
42,93,modular,6,o,img/target_9.png
42,94,modular,5,q,img/target_1.png
42,95,modular,8,u,img/target_7.png
42,96,modular,7,v,img/target_5.png
42,97,modular,6,o,img/target_9.png
42,98,modular,7,v,img/target_5.png
42,99,modular,9,r,img/target_4.png
42,100,modular,0,i,img/target_8.png
42,101,modular,2,w,img/target_2.png
42,102,modular,3,p,img/target_10.png
42,103,modular,4,b,img/target_6.png
42,104,modular,1,e,img/target_3.png
42,105,modular,2,w,img/target_2.png
42,106,modular,4,b,img/target_6.png
42,107,modular,2,w,img/target_2.png
42,108,modular,0,i,img/target_8.png
42,109,modular,1,e,img/target_3.png
42,110,modular,3,p,img/target_10.png
42,111,modular,4,b,img/target_6.png
42,112,modular,5,q,img/target_1.png
42,113,modular,4,b,img/target_6.png
42,114,modular,3,p,img/target_10.png
42,115,modular,4,b,img/target_6.png
42,116,modular,5,q,img/target_1.png
42,117,modular,6,o,img/target_9.png
42,118,modular,7,v,img/target_5.png
42,119,modular,6,o,img/target_9.png
42,120,modular,9,r,img/target_4.png
42,121,modular,8,u,img/target_7.png
42,122,modular,5,q,img/target_1.png
42,123,modular,6,o,img/target_9.png
42,124,modular,8,u,img/target_7.png
42,125,modular,6,o,img/target_9.png
42,126,modular,7,v,img/target_5.png
42,127,modular,5,q,img/target_1.png
42,128,modular,8,u,img/target_7.png
42,129,modular,6,o,img/target_9.png
42,130,modular,8,u,img/target_7.png
42,131,modular,9,r,img/target_4.png
42,132,modular,6,o,img/target_9.png
42,133,modular,5,q,img/target_1.png
42,134,modular,8,u,img/target_7.png
42,135,modular,5,q,img/target_1.png
42,136,modular,6,o,img/target_9.png
42,137,modular,5,q,img/target_1.png
42,138,modular,4,b,img/target_6.png
42,139,modular,5,q,img/target_1.png
42,140,modular,7,v,img/target_5.png
42,141,modular,6,o,img/target_9.png
42,142,modular,5,q,img/target_1.png
42,143,modular,8,u,img/target_7.png
42,144,modular,9,r,img/target_4.png
42,145,modular,0,i,img/target_8.png
42,146,modular,2,w,img/target_2.png
42,147,modular,0,i,img/target_8.png
42,148,modular,3,p,img/target_10.png
42,149,modular,0,i,img/target_8.png
42,150,modular,2,w,img/target_2.png
42,151,modular,4,b,img/target_6.png
42,152,modular,5,q,img/target_1.png
42,153,modular,6,o,img/target_9.png
42,154,modular,9,r,img/target_4.png
42,155,modular,7,v,img/target_5.png
42,156,modular,9,r,img/target_4.png
42,157,modular,8,u,img/target_7.png
42,158,modular,7,v,img/target_5.png
42,159,modular,5,q,img/target_1.png
42,160,modular,4,b,img/target_6.png
42,161,modular,2,w,img/target_2.png
42,162,modular,0,i,img/target_8.png
42,163,modular,9,r,img/target_4.png
42,164,modular,0,i,img/target_8.png
42,165,modular,3,p,img/target_10.png
42,166,modular,1,e,img/target_3.png
42,167,modular,3,p,img/target_10.png
42,168,modular,2,w,img/target_2.png
42,169,modular,3,p,img/target_10.png
42,170,modular,4,b,img/target_6.png
42,171,modular,3,p,img/target_10.png
42,172,modular,2,w,img/target_2.png
42,173,modular,1,e,img/target_3.png
42,174,modular,4,b,img/target_6.png
42,175,modular,5,q,img/target_1.png
42,176,modular,6,o,img/target_9.png
42,177,modular,9,r,img/target_4.png
42,178,modular,6,o,img/target_9.png
42,179,modular,7,v,img/target_5.png
42,180,modular,5,q,img/target_1.png
42,181,modular,7,v,img/target_5.png
42,182,modular,5,q,img/target_1.png
42,183,modular,7,v,img/target_5.png
42,184,modular,8,u,img/target_7.png
42,185,modular,9,r,img/target_4.png
42,186,modular,0,i,img/target_8.png
42,187,modular,1,e,img/target_3.png
42,188,modular,3,p,img/target_10.png
42,189,modular,2,w,img/target_2.png
42,190,modular,0,i,img/target_8.png
42,191,modular,3,p,img/target_10.png
42,192,modular,1,e,img/target_3.png
42,193,modular,2,w,img/target_2.png
42,194,modular,0,i,img/target_8.png
42,195,modular,2,w,img/target_2.png
42,196,modular,3,p,img/target_10.png
42,197,modular,1,e,img/target_3.png
42,198,modular,4,b,img/target_6.png
42,199,modular,5,q,img/target_1.png
42,200,modular,8,u,img/target_7.png
42,201,modular,6,o,img/target_9.png
42,202,modular,9,r,img/target_4.png
42,203,modular,8,u,img/target_7.png
42,204,modular,5,q,img/target_1.png
42,205,modular,4,b,img/target_6.png
42,206,modular,5,q,img/target_1.png
42,207,modular,8,u,img/target_7.png
42,208,modular,5,q,img/target_1.png
42,209,modular,7,v,img/target_5.png
42,210,modular,8,u,img/target_7.png
42,211,modular,9,r,img/target_4.png
42,212,modular,6,o,img/target_9.png
42,213,modular,5,q,img/target_1.png
42,214,modular,8,u,img/target_7.png
42,215,modular,9,r,img/target_4.png
42,216,modular,7,v,img/target_5.png
42,217,modular,8,u,img/target_7.png
42,218,modular,5,q,img/target_1.png
42,219,modular,4,b,img/target_6.png
42,220,modular,3,p,img/target_10.png
42,221,modular,1,e,img/target_3.png
42,222,modular,4,b,img/target_6.png
42,223,modular,2,w,img/target_2.png
42,224,modular,0,i,img/target_8.png
42,225,modular,1,e,img/target_3.png
42,226,modular,0,i,img/target_8.png
42,227,modular,3,p,img/target_10.png
42,228,modular,2,w,img/target_2.png
42,229,modular,0,i,img/target_8.png
42,230,modular,3,p,img/target_10.png
42,231,modular,1,e,img/target_3.png
42,232,modular,0,i,img/target_8.png
42,233,modular,1,e,img/target_3.png
42,234,modular,4,b,img/target_6.png
42,235,modular,3,p,img/target_10.png
42,236,modular,0,i,img/target_8.png
42,237,modular,9,r,img/target_4.png
42,238,modular,0,i,img/target_8.png
42,239,modular,9,r,img/target_4.png
42,240,modular,8,u,img/target_7.png
42,241,modular,7,v,img/target_5.png
42,242,modular,6,o,img/target_9.png
42,243,modular,7,v,img/target_5.png
42,244,modular,5,q,img/target_1.png
42,245,modular,8,u,img/target_7.png
42,246,modular,9,r,img/target_4.png
42,247,modular,0,i,img/target_8.png
42,248,modular,9,r,img/target_4.png
42,249,modular,6,o,img/target_9.png
42,250,modular,5,q,img/target_1.png
42,251,modular,4,b,img/target_6.png
42,252,modular,1,e,img/target_3.png
42,253,modular,3,p,img/target_10.png
42,254,modular,4,b,img/target_6.png
42,255,modular,2,w,img/target_2.png
42,256,modular,4,b,img/target_6.png
42,257,modular,3,p,img/target_10.png
42,258,modular,1,e,img/target_3.png
42,259,modular,4,b,img/target_6.png
42,260,modular,3,p,img/target_10.png
42,261,modular,2,w,img/target_2.png
42,262,modular,4,b,img/target_6.png
42,263,modular,1,e,img/target_3.png
42,264,modular,3,p,img/target_10.png
42,265,modular,2,w,img/target_2.png
42,266,modular,1,e,img/target_3.png
42,267,modular,3,p,img/target_10.png
42,268,modular,0,i,img/target_8.png
42,269,modular,2,w,img/target_2.png
42,270,modular,4,b,img/target_6.png
42,271,modular,2,w,img/target_2.png
42,272,modular,0,i,img/target_8.png
42,273,modular,1,e,img/target_3.png
42,274,modular,0,i,img/target_8.png
42,275,modular,1,e,img/target_3.png
42,276,modular,3,p,img/target_10.png
42,277,modular,0,i,img/target_8.png
42,278,modular,1,e,img/target_3.png
42,279,modular,2,w,img/target_2.png
42,280,modular,1,e,img/target_3.png
42,281,modular,3,p,img/target_10.png
42,282,modular,4,b,img/target_6.png
42,283,modular,1,e,img/target_3.png
42,284,modular,3,p,img/target_10.png
42,285,modular,1,e,img/target_3.png
42,286,modular,4,b,img/target_6.png
42,287,modular,2,w,img/target_2.png
42,288,modular,4,b,img/target_6.png
42,289,modular,5,q,img/target_1.png
42,290,modular,7,v,img/target_5.png
42,291,modular,8,u,img/target_7.png
42,292,modular,5,q,img/target_1.png
42,293,modular,4,b,img/target_6.png
42,294,modular,1,e,img/target_3.png
42,295,modular,4,b,img/target_6.png
42,296,modular,2,w,img/target_2.png
42,297,modular,4,b,img/target_6.png
42,298,modular,2,w,img/target_2.png
42,299,modular,3,p,img/target_10.png
42,300,modular,0,i,img/target_8.png
42,301,modular,3,p,img/target_10.png
42,302,modular,0,i,img/target_8.png
42,303,modular,3,p,img/target_10.png
42,304,modular,2,w,img/target_2.png
42,305,modular,3,p,img/target_10.png
42,306,modular,4,b,img/target_6.png
42,307,modular,2,w,img/target_2.png
42,308,modular,4,b,img/target_6.png
42,309,modular,2,w,img/target_2.png
42,310,modular,1,e,img/target_3.png
42,311,modular,0,i,img/target_8.png
42,312,modular,2,w,img/target_2.png
42,313,modular,4,b,img/target_6.png
42,314,modular,3,p,img/target_10.png
42,315,modular,0,i,img/target_8.png
42,316,modular,1,e,img/target_3.png
42,317,modular,4,b,img/target_6.png
42,318,modular,2,w,img/target_2.png
42,319,modular,4,b,img/target_6.png
42,320,modular,3,p,img/target_10.png
42,321,modular,0,i,img/target_8.png
42,322,modular,9,r,img/target_4.png
42,323,modular,6,o,img/target_9.png
42,324,modular,7,v,img/target_5.png
42,325,modular,9,r,img/target_4.png
42,326,modular,0,i,img/target_8.png
42,327,modular,2,w,img/target_2.png
42,328,modular,0,i,img/target_8.png
42,329,modular,3,p,img/target_10.png
42,330,modular,4,b,img/target_6.png
42,331,modular,1,e,img/target_3.png
42,332,modular,3,p,img/target_10.png
42,333,modular,1,e,img/target_3.png
42,334,modular,3,p,img/target_10.png
42,335,modular,2,w,img/target_2.png
42,336,modular,4,b,img/target_6.png
42,337,modular,3,p,img/target_10.png
42,338,modular,0,i,img/target_8.png
42,339,modular,2,w,img/target_2.png
42,340,modular,0,i,img/target_8.png
42,341,modular,2,w,img/target_2.png
42,342,modular,4,b,img/target_6.png
42,343,modular,1,e,img/target_3.png
42,344,modular,2,w,img/target_2.png
42,345,modular,1,e,img/target_3.png
42,346,modular,4,b,img/target_6.png
42,347,modular,5,q,img/target_1.png
42,348,modular,8,u,img/target_7.png
42,349,modular,5,q,img/target_1.png
42,350,modular,4,b,img/target_6.png
42,351,modular,3,p,img/target_10.png
42,352,modular,1,e,img/target_3.png
42,353,modular,4,b,img/target_6.png
42,354,modular,5,q,img/target_1.png
42,355,modular,7,v,img/target_5.png
42,356,modular,6,o,img/target_9.png
42,357,modular,7,v,img/target_5.png
42,358,modular,6,o,img/target_9.png
42,359,modular,9,r,img/target_4.png
42,360,modular,8,u,img/target_7.png
42,361,modular,7,v,img/target_5.png
42,362,modular,8,u,img/target_7.png
42,363,modular,5,q,img/target_1.png
42,364,modular,4,b,img/target_6.png
42,365,modular,2,w,img/target_2.png
42,366,modular,4,b,img/target_6.png
42,367,modular,2,w,img/target_2.png
42,368,modular,0,i,img/target_8.png
42,369,modular,1,e,img/target_3.png
42,370,modular,2,w,img/target_2.png
42,371,modular,3,p,img/target_10.png
42,372,modular,0,i,img/target_8.png
42,373,modular,2,w,img/target_2.png
42,374,modular,4,b,img/target_6.png
42,375,modular,1,e,img/target_3.png
42,376,modular,0,i,img/target_8.png
42,377,modular,2,w,img/target_2.png
42,378,modular,1,e,img/target_3.png
42,379,modular,0,i,img/target_8.png
42,380,modular,1,e,img/target_3.png
42,381,modular,0,i,img/target_8.png
42,382,modular,9,r,img/target_4.png
42,383,modular,7,v,img/target_5.png
42,384,modular,9,r,img/target_4.png
42,385,modular,0,i,img/target_8.png
42,386,modular,1,e,img/target_3.png
42,387,modular,2,w,img/target_2.png
42,388,modular,1,e,img/target_3.png
42,389,modular,2,w,img/target_2.png
42,390,modular,0,i,img/target_8.png
42,391,modular,9,r,img/target_4.png
42,392,modular,6,o,img/target_9.png
42,393,modular,7,v,img/target_5.png
42,394,modular,6,o,img/target_9.png
42,395,modular,5,q,img/target_1.png
42,396,modular,8,u,img/target_7.png
42,397,modular,9,r,img/target_4.png
42,398,modular,6,o,img/target_9.png
42,399,modular,7,v,img/target_5.png
42,400,modular,5,q,img/target_1.png
42,401,modular,8,u,img/target_7.png
42,402,modular,5,q,img/target_1.png
42,403,modular,8,u,img/target_7.png
42,404,modular,9,r,img/target_4.png
42,405,modular,8,u,img/target_7.png
42,406,modular,9,r,img/target_4.png
42,407,modular,0,i,img/target_8.png
42,408,modular,3,p,img/target_10.png
42,409,modular,1,e,img/target_3.png
42,410,modular,0,i,img/target_8.png
42,411,modular,1,e,img/target_3.png
42,412,modular,2,w,img/target_2.png
42,413,modular,3,p,img/target_10.png
42,414,modular,2,w,img/target_2.png
42,415,modular,3,p,img/target_10.png
42,416,modular,0,i,img/target_8.png
42,417,modular,3,p,img/target_10.png
42,418,modular,1,e,img/target_3.png
42,419,modular,4,b,img/target_6.png
42,420,modular,3,p,img/target_10.png
42,421,modular,0,i,img/target_8.png
42,422,modular,2,w,img/target_2.png
42,423,modular,4,b,img/target_6.png
42,424,modular,3,p,img/target_10.png
42,425,modular,2,w,img/target_2.png
42,426,modular,3,p,img/target_10.png
42,427,modular,1,e,img/target_3.png
42,428,modular,3,p,img/target_10.png
42,429,modular,1,e,img/target_3.png
42,430,modular,3,p,img/target_10.png
42,431,modular,1,e,img/target_3.png
42,432,modular,2,w,img/target_2.png
42,433,modular,3,p,img/target_10.png
42,434,modular,1,e,img/target_3.png
42,435,modular,3,p,img/target_10.png
42,436,modular,4,b,img/target_6.png
42,437,modular,3,p,img/target_10.png
42,438,modular,4,b,img/target_6.png
42,439,modular,1,e,img/target_3.png
42,440,modular,4,b,img/target_6.png
42,441,modular,1,e,img/target_3.png
42,442,modular,3,p,img/target_10.png
42,443,modular,4,b,img/target_6.png
42,444,modular,1,e,img/target_3.png
42,445,modular,0,i,img/target_8.png
42,446,modular,1,e,img/target_3.png
42,447,modular,3,p,img/target_10.png
42,448,modular,4,b,img/target_6.png
42,449,modular,3,p,img/target_10.png
42,450,modular,0,i,img/target_8.png
42,451,modular,9,r,img/target_4.png
42,452,modular,8,u,img/target_7.png
42,453,modular,7,v,img/target_5.png
42,454,modular,8,u,img/target_7.png
42,455,modular,9,r,img/target_4.png
42,456,modular,7,v,img/target_5.png
42,457,modular,5,q,img/target_1.png
42,458,modular,4,b,img/target_6.png
42,459,modular,5,q,img/target_1.png
42,460,modular,4,b,img/target_6.png
42,461,modular,3,p,img/target_10.png
42,462,modular,2,w,img/target_2.png
42,463,modular,0,i,img/target_8.png
42,464,modular,1,e,img/target_3.png
42,465,modular,3,p,img/target_10.png
42,466,modular,4,b,img/target_6.png
42,467,modular,2,w,img/target_2.png
42,468,modular,0,i,img/target_8.png
42,469,modular,3,p,img/target_10.png
42,470,modular,0,i,img/target_8.png
42,471,modular,9,r,img/target_4.png
42,472,modular,7,v,img/target_5.png
42,473,modular,6,o,img/target_9.png
42,474,modular,7,v,img/target_5.png
42,475,modular,9,r,img/target_4.png
42,476,modular,6,o,img/target_9.png
42,477,modular,9,r,img/target_4.png
42,478,modular,7,v,img/target_5.png
42,479,modular,6,o,img/target_9.png
42,480,modular,5,q,img/target_1.png
42,481,modular,7,v,img/target_5.png
42,482,modular,5,q,img/target_1.png
42,483,modular,6,o,img/target_9.png
42,484,modular,9,r,img/target_4.png
42,485,modular,7,v,img/target_5.png
42,486,modular,6,o,img/target_9.png
42,487,modular,5,q,img/target_1.png
42,488,modular,4,b,img/target_6.png
42,489,modular,1,e,img/target_3.png
42,490,modular,2,w,img/target_2.png
42,491,modular,1,e,img/target_3.png
42,492,modular,0,i,img/target_8.png
42,493,modular,3,p,img/target_10.png
42,494,modular,2,w,img/target_2.png
42,495,modular,0,i,img/target_8.png
42,496,modular,3,p,img/target_10.png
42,497,modular,0,i,img/target_8.png
42,498,modular,1,e,img/target_3.png
42,499,modular,4,b,img/target_6.png
42,500,modular,5,q,img/target_1.png
42,501,modular,4,b,img/target_6.png
42,502,modular,5,q,img/target_1.png
42,503,modular,7,v,img/target_5.png
42,504,modular,9,r,img/target_4.png
42,505,modular,6,o,img/target_9.png
42,506,modular,7,v,img/target_5.png
42,507,modular,8,u,img/target_7.png
42,508,modular,5,q,img/target_1.png
42,509,modular,8,u,img/target_7.png
42,510,modular,7,v,img/target_5.png
42,511,modular,8,u,img/target_7.png
42,512,modular,5,q,img/target_1.png
42,513,modular,8,u,img/target_7.png
42,514,modular,5,q,img/target_1.png
42,515,modular,7,v,img/target_5.png
42,516,modular,8,u,img/target_7.png
42,517,modular,7,v,img/target_5.png
42,518,modular,5,q,img/target_1.png
42,519,modular,8,u,img/target_7.png
42,520,modular,9,r,img/target_4.png
42,521,modular,6,o,img/target_9.png
42,522,modular,7,v,img/target_5.png
42,523,modular,8,u,img/target_7.png
42,524,modular,5,q,img/target_1.png
42,525,modular,6,o,img/target_9.png
42,526,modular,7,v,img/target_5.png
42,527,modular,6,o,img/target_9.png
42,528,modular,8,u,img/target_7.png
42,529,modular,9,r,img/target_4.png
42,530,modular,8,u,img/target_7.png
42,531,modular,7,v,img/target_5.png
42,532,modular,8,u,img/target_7.png
42,533,modular,9,r,img/target_4.png
42,534,modular,6,o,img/target_9.png
42,535,modular,8,u,img/target_7.png
42,536,modular,6,o,img/target_9.png
42,537,modular,7,v,img/target_5.png
42,538,modular,9,r,img/target_4.png
42,539,modular,8,u,img/target_7.png
42,540,modular,5,q,img/target_1.png
42,541,modular,8,u,img/target_7.png
42,542,modular,7,v,img/target_5.png
42,543,modular,6,o,img/target_9.png
42,544,modular,9,r,img/target_4.png
42,545,modular,6,o,img/target_9.png
42,546,modular,7,v,img/target_5.png
42,547,modular,9,r,img/target_4.png
42,548,modular,7,v,img/target_5.png
42,549,modular,5,q,img/target_1.png
42,550,modular,4,b,img/target_6.png
42,551,modular,1,e,img/target_3.png
42,552,modular,2,w,img/target_2.png
42,553,modular,4,b,img/target_6.png
42,554,modular,3,p,img/target_10.png
42,555,modular,1,e,img/target_3.png
42,556,modular,4,b,img/target_6.png
42,557,modular,2,w,img/target_2.png
42,558,modular,4,b,img/target_6.png
42,559,modular,5,q,img/target_1.png
42,560,modular,8,u,img/target_7.png
42,561,modular,6,o,img/target_9.png
42,562,modular,9,r,img/target_4.png
42,563,modular,8,u,img/target_7.png
42,564,modular,6,o,img/target_9.png
42,565,modular,9,r,img/target_4.png
42,566,modular,8,u,img/target_7.png
42,567,modular,6,o,img/target_9.png
42,568,modular,5,q,img/target_1.png
42,569,modular,7,v,img/target_5.png
42,570,modular,5,q,img/target_1.png
42,571,modular,8,u,img/target_7.png
42,572,modular,7,v,img/target_5.png
42,573,modular,6,o,img/target_9.png
42,574,modular,5,q,img/target_1.png
42,575,modular,6,o,img/target_9.png
42,576,modular,5,q,img/target_1.png
42,577,modular,8,u,img/target_7.png
42,578,modular,5,q,img/target_1.png
42,579,modular,4,b,img/target_6.png
42,580,modular,3,p,img/target_10.png
42,581,modular,1,e,img/target_3.png
42,582,modular,2,w,img/target_2.png
42,583,modular,3,p,img/target_10.png
42,584,modular,4,b,img/target_6.png
42,585,modular,2,w,img/target_2.png
42,586,modular,4,b,img/target_6.png
42,587,modular,3,p,img/target_10.png
42,588,modular,0,i,img/target_8.png
42,589,modular,9,r,img/target_4.png
42,590,modular,8,u,img/target_7.png
42,591,modular,7,v,img/target_5.png
42,592,modular,6,o,img/target_9.png
42,593,modular,7,v,img/target_5.png
42,594,modular,6,o,img/target_9.png
42,595,modular,7,v,img/target_5.png
42,596,modular,5,q,img/target_1.png
42,597,modular,8,u,img/target_7.png
42,598,modular,9,r,img/target_4.png
42,599,modular,7,v,img/target_5.png
42,600,modular,8,u,img/target_7.png
42,601,modular,5,q,img/target_1.png
42,602,modular,7,v,img/target_5.png
42,603,modular,9,r,img/target_4.png
42,604,modular,7,v,img/target_5.png
42,605,modular,8,u,img/target_7.png
42,606,modular,9,r,img/target_4.png
42,607,modular,6,o,img/target_9.png
42,608,modular,5,q,img/target_1.png
42,609,modular,7,v,img/target_5.png
42,610,modular,8,u,img/target_7.png
42,611,modular,9,r,img/target_4.png
42,612,modular,6,o,img/target_9.png
42,613,modular,7,v,img/target_5.png
42,614,modular,8,u,img/target_7.png
42,615,modular,7,v,img/target_5.png
42,616,modular,8,u,img/target_7.png
42,617,modular,5,q,img/target_1.png
42,618,modular,4,b,img/target_6.png
42,619,modular,5,q,img/target_1.png
42,620,modular,4,b,img/target_6.png
42,621,modular,1,e,img/target_3.png
42,622,modular,0,i,img/target_8.png
42,623,modular,1,e,img/target_3.png
42,624,modular,3,p,img/target_10.png
42,625,modular,4,b,img/target_6.png
42,626,modular,5,q,img/target_1.png
42,627,modular,6,o,img/target_9.png
42,628,modular,8,u,img/target_7.png
42,629,modular,7,v,img/target_5.png
42,630,modular,5,q,img/target_1.png
42,631,modular,7,v,img/target_5.png
42,632,modular,6,o,img/target_9.png
42,633,modular,5,q,img/target_1.png
42,634,modular,7,v,img/target_5.png
42,635,modular,6,o,img/target_9.png
42,636,modular,9,r,img/target_4.png
42,637,modular,7,v,img/target_5.png
42,638,modular,6,o,img/target_9.png
42,639,modular,5,q,img/target_1.png
42,640,modular,4,b,img/target_6.png
42,641,modular,5,q,img/target_1.png
42,642,modular,8,u,img/target_7.png
42,643,modular,7,v,img/target_5.png
42,644,modular,5,q,img/target_1.png
42,645,modular,7,v,img/target_5.png
42,646,modular,6,o,img/target_9.png
42,647,modular,7,v,img/target_5.png
42,648,modular,8,u,img/target_7.png
42,649,modular,7,v,img/target_5.png
42,650,modular,8,u,img/target_7.png
42,651,modular,9,r,img/target_4.png
42,652,modular,8,u,img/target_7.png
42,653,modular,5,q,img/target_1.png
42,654,modular,8,u,img/target_7.png
42,655,modular,5,q,img/target_1.png
42,656,modular,4,b,img/target_6.png
42,657,modular,2,w,img/target_2.png
42,658,modular,3,p,img/target_10.png
42,659,modular,4,b,img/target_6.png
42,660,modular,5,q,img/target_1.png
42,661,modular,7,v,img/target_5.png
42,662,modular,6,o,img/target_9.png
42,663,modular,8,u,img/target_7.png
42,664,modular,6,o,img/target_9.png
42,665,modular,8,u,img/target_7.png
42,666,modular,9,r,img/target_4.png
42,667,modular,8,u,img/target_7.png
42,668,modular,7,v,img/target_5.png
42,669,modular,5,q,img/target_1.png
42,670,modular,6,o,img/target_9.png
42,671,modular,8,u,img/target_7.png
42,672,modular,7,v,img/target_5.png
42,673,modular,8,u,img/target_7.png
42,674,modular,5,q,img/target_1.png
42,675,modular,8,u,img/target_7.png
42,676,modular,7,v,img/target_5.png
42,677,modular,5,q,img/target_1.png
42,678,modular,8,u,img/target_7.png
42,679,modular,7,v,img/target_5.png
42,680,modular,5,q,img/target_1.png
42,681,modular,8,u,img/target_7.png
42,682,modular,5,q,img/target_1.png
42,683,modular,8,u,img/target_7.png
42,684,modular,6,o,img/target_9.png
42,685,modular,9,r,img/target_4.png
42,686,modular,6,o,img/target_9.png
42,687,modular,9,r,img/target_4.png
42,688,modular,6,o,img/target_9.png
42,689,modular,9,r,img/target_4.png
42,690,modular,0,i,img/target_8.png
42,691,modular,2,w,img/target_2.png
42,692,modular,0,i,img/target_8.png
42,693,modular,1,e,img/target_3.png
42,694,modular,3,p,img/target_10.png
42,695,modular,4,b,img/target_6.png
42,696,modular,5,q,img/target_1.png
42,697,modular,4,b,img/target_6.png
42,698,modular,2,w,img/target_2.png
42,699,modular,4,b,img/target_6.png
42,700,modular,3,p,img/target_10.png
42,701,modular,2,w,img/target_2.png
42,702,modular,1,e,img/target_3.png
42,703,modular,4,b,img/target_6.png
42,704,modular,3,p,img/target_10.png
42,705,modular,2,w,img/target_2.png
42,706,modular,4,b,img/target_6.png
42,707,modular,1,e,img/target_3.png
42,708,modular,4,b,img/target_6.png
42,709,modular,3,p,img/target_10.png
42,710,modular,2,w,img/target_2.png
42,711,modular,1,e,img/target_3.png
42,712,modular,0,i,img/target_8.png
42,713,modular,1,e,img/target_3.png
42,714,modular,2,w,img/target_2.png
42,715,modular,3,p,img/target_10.png
42,716,modular,2,w,img/target_2.png
42,717,modular,4,b,img/target_6.png
42,718,modular,5,q,img/target_1.png
42,719,modular,7,v,img/target_5.png
42,720,modular,8,u,img/target_7.png
42,721,modular,5,q,img/target_1.png
42,722,modular,8,u,img/target_7.png
42,723,modular,5,q,img/target_1.png
42,724,modular,7,v,img/target_5.png
42,725,modular,5,q,img/target_1.png
42,726,modular,4,b,img/target_6.png
42,727,modular,5,q,img/target_1.png
42,728,modular,7,v,img/target_5.png
42,729,modular,5,q,img/target_1.png
42,730,modular,6,o,img/target_9.png
42,731,modular,9,r,img/target_4.png
42,732,modular,0,i,img/target_8.png
42,733,modular,2,w,img/target_2.png
42,734,modular,0,i,img/target_8.png
42,735,modular,1,e,img/target_3.png
42,736,modular,2,w,img/target_2.png
42,737,modular,0,i,img/target_8.png
42,738,modular,9,r,img/target_4.png
42,739,modular,8,u,img/target_7.png
42,740,modular,7,v,img/target_5.png
42,741,modular,8,u,img/target_7.png
42,742,modular,7,v,img/target_5.png
42,743,modular,9,r,img/target_4.png
42,744,modular,7,v,img/target_5.png
42,745,modular,8,u,img/target_7.png
42,746,modular,6,o,img/target_9.png
42,747,modular,8,u,img/target_7.png
42,748,modular,5,q,img/target_1.png
42,749,modular,8,u,img/target_7.png
42,750,modular,5,q,img/target_1.png
42,751,modular,4,b,img/target_6.png
42,752,modular,1,e,img/target_3.png
42,753,modular,0,i,img/target_8.png
42,754,modular,1,e,img/target_3.png
42,755,modular,0,i,img/target_8.png
42,756,modular,9,r,img/target_4.png
42,757,modular,7,v,img/target_5.png
42,758,modular,9,r,img/target_4.png
42,759,modular,8,u,img/target_7.png
42,760,modular,7,v,img/target_5.png
42,761,modular,9,r,img/target_4.png
42,762,modular,7,v,img/target_5.png
42,763,modular,8,u,img/target_7.png
42,764,modular,7,v,img/target_5.png
42,765,modular,8,u,img/target_7.png
42,766,modular,7,v,img/target_5.png
42,767,modular,9,r,img/target_4.png
42,768,modular,0,i,img/target_8.png
42,769,modular,3,p,img/target_10.png
42,770,modular,1,e,img/target_3.png
42,771,modular,0,i,img/target_8.png
42,772,modular,3,p,img/target_10.png
42,773,modular,4,b,img/target_6.png
42,774,modular,2,w,img/target_2.png
42,775,modular,0,i,img/target_8.png
42,776,modular,3,p,img/target_10.png
42,777,modular,4,b,img/target_6.png
42,778,modular,3,p,img/target_10.png
42,779,modular,0,i,img/target_8.png
42,780,modular,1,e,img/target_3.png
42,781,modular,4,b,img/target_6.png
42,782,modular,2,w,img/target_2.png
42,783,modular,3,p,img/target_10.png
42,784,modular,0,i,img/target_8.png
42,785,modular,3,p,img/target_10.png
42,786,modular,0,i,img/target_8.png
42,787,modular,9,r,img/target_4.png
42,788,modular,7,v,img/target_5.png
42,789,modular,5,q,img/target_1.png
42,790,modular,4,b,img/target_6.png
42,791,modular,1,e,img/target_3.png
42,792,modular,4,b,img/target_6.png
42,793,modular,3,p,img/target_10.png
42,794,modular,4,b,img/target_6.png
42,795,modular,5,q,img/target_1.png
42,796,modular,6,o,img/target_9.png
42,797,modular,8,u,img/target_7.png
42,798,modular,6,o,img/target_9.png
42,799,modular,8,u,img/target_7.png
42,800,modular,5,q,img/target_1.png
42,801,modular,8,u,img/target_7.png
42,802,modular,5,q,img/target_1.png
42,803,modular,6,o,img/target_9.png
42,804,modular,9,r,img/target_4.png
42,805,modular,0,i,img/target_8.png
42,806,modular,1,e,img/target_3.png
42,807,modular,2,w,img/target_2.png
42,808,modular,4,b,img/target_6.png
42,809,modular,5,q,img/target_1.png
42,810,modular,8,u,img/target_7.png
42,811,modular,6,o,img/target_9.png
42,812,modular,7,v,img/target_5.png
42,813,modular,8,u,img/target_7.png
42,814,modular,7,v,img/target_5.png
42,815,modular,9,r,img/target_4.png
42,816,modular,0,i,img/target_8.png
42,817,modular,1,e,img/target_3.png
42,818,modular,4,b,img/target_6.png
42,819,modular,3,p,img/target_10.png
42,820,modular,4,b,img/target_6.png
42,821,modular,5,q,img/target_1.png
42,822,modular,8,u,img/target_7.png
42,823,modular,9,r,img/target_4.png
42,824,modular,7,v,img/target_5.png
42,825,modular,5,q,img/target_1.png
42,826,modular,7,v,img/target_5.png
42,827,modular,5,q,img/target_1.png
42,828,modular,8,u,img/target_7.png
42,829,modular,5,q,img/target_1.png
42,830,modular,7,v,img/target_5.png
42,831,modular,8,u,img/target_7.png
42,832,modular,6,o,img/target_9.png
42,833,modular,5,q,img/target_1.png
42,834,modular,7,v,img/target_5.png
42,835,modular,8,u,img/target_7.png
42,836,modular,6,o,img/target_9.png
42,837,modular,9,r,img/target_4.png
42,838,modular,0,i,img/target_8.png
42,839,modular,1,e,img/target_3.png
42,840,modular,4,b,img/target_6.png
42,841,modular,5,q,img/target_1.png
42,842,modular,4,b,img/target_6.png
42,843,modular,5,q,img/target_1.png
42,844,modular,6,o,img/target_9.png
42,845,modular,5,q,img/target_1.png
42,846,modular,8,u,img/target_7.png
42,847,modular,9,r,img/target_4.png
42,848,modular,8,u,img/target_7.png
42,849,modular,9,r,img/target_4.png
42,850,modular,0,i,img/target_8.png
42,851,modular,9,r,img/target_4.png
42,852,modular,0,i,img/target_8.png
42,853,modular,2,w,img/target_2.png
42,854,modular,1,e,img/target_3.png
42,855,modular,4,b,img/target_6.png
42,856,modular,2,w,img/target_2.png
42,857,modular,0,i,img/target_8.png
42,858,modular,1,e,img/target_3.png
42,859,modular,3,p,img/target_10.png
42,860,modular,0,i,img/target_8.png
42,861,modular,3,p,img/target_10.png
42,862,modular,0,i,img/target_8.png
42,863,modular,1,e,img/target_3.png
42,864,modular,4,b,img/target_6.png
42,865,modular,2,w,img/target_2.png
42,866,modular,1,e,img/target_3.png
42,867,modular,4,b,img/target_6.png
42,868,modular,1,e,img/target_3.png
42,869,modular,3,p,img/target_10.png
42,870,modular,1,e,img/target_3.png
42,871,modular,2,w,img/target_2.png
42,872,modular,3,p,img/target_10.png
42,873,modular,4,b,img/target_6.png
42,874,modular,3,p,img/target_10.png
42,875,modular,0,i,img/target_8.png
42,876,modular,1,e,img/target_3.png
42,877,modular,4,b,img/target_6.png
42,878,modular,5,q,img/target_1.png
42,879,modular,7,v,img/target_5.png
42,880,modular,9,r,img/target_4.png
42,881,modular,8,u,img/target_7.png
42,882,modular,6,o,img/target_9.png
42,883,modular,8,u,img/target_7.png
42,884,modular,7,v,img/target_5.png
42,885,modular,5,q,img/target_1.png
42,886,modular,4,b,img/target_6.png
42,887,modular,1,e,img/target_3.png
42,888,modular,4,b,img/target_6.png
42,889,modular,1,e,img/target_3.png
42,890,modular,2,w,img/target_2.png
42,891,modular,4,b,img/target_6.png
42,892,modular,1,e,img/target_3.png
42,893,modular,4,b,img/target_6.png
42,894,modular,5,q,img/target_1.png
42,895,modular,8,u,img/target_7.png
42,896,modular,7,v,img/target_5.png
42,897,modular,9,r,img/target_4.png
42,898,modular,8,u,img/target_7.png
42,899,modular,6,o,img/target_9.png
42,900,modular,9,r,img/target_4.png
42,901,modular,6,o,img/target_9.png
42,902,modular,8,u,img/target_7.png
42,903,modular,9,r,img/target_4.png
42,904,modular,6,o,img/target_9.png
42,905,modular,5,q,img/target_1.png
42,906,modular,7,v,img/target_5.png
42,907,modular,5,q,img/target_1.png
42,908,modular,8,u,img/target_7.png
42,909,modular,5,q,img/target_1.png
42,910,modular,8,u,img/target_7.png
42,911,modular,9,r,img/target_4.png
42,912,modular,8,u,img/target_7.png
42,913,modular,9,r,img/target_4.png
42,914,modular,0,i,img/target_8.png
42,915,modular,2,w,img/target_2.png
42,916,modular,1,e,img/target_3.png
42,917,modular,3,p,img/target_10.png
42,918,modular,1,e,img/target_3.png
42,919,modular,0,i,img/target_8.png
42,920,modular,2,w,img/target_2.png
42,921,modular,4,b,img/target_6.png
42,922,modular,1,e,img/target_3.png
42,923,modular,3,p,img/target_10.png
42,924,modular,4,b,img/target_6.png
42,925,modular,3,p,img/target_10.png
42,926,modular,2,w,img/target_2.png
42,927,modular,0,i,img/target_8.png
42,928,modular,3,p,img/target_10.png
42,929,modular,0,i,img/target_8.png
42,930,modular,1,e,img/target_3.png
42,931,modular,3,p,img/target_10.png
42,932,modular,4,b,img/target_6.png
42,933,modular,5,q,img/target_1.png
42,934,modular,8,u,img/target_7.png
42,935,modular,9,r,img/target_4.png
42,936,modular,7,v,img/target_5.png
42,937,modular,8,u,img/target_7.png
42,938,modular,6,o,img/target_9.png
42,939,modular,8,u,img/target_7.png
42,940,modular,7,v,img/target_5.png
42,941,modular,5,q,img/target_1.png
42,942,modular,4,b,img/target_6.png
42,943,modular,5,q,img/target_1.png
42,944,modular,7,v,img/target_5.png
42,945,modular,5,q,img/target_1.png
42,946,modular,6,o,img/target_9.png
42,947,modular,8,u,img/target_7.png
42,948,modular,9,r,img/target_4.png
42,949,modular,6,o,img/target_9.png
42,950,modular,5,q,img/target_1.png
42,951,modular,4,b,img/target_6.png
42,952,modular,2,w,img/target_2.png
42,953,modular,3,p,img/target_10.png
42,954,modular,2,w,img/target_2.png
42,955,modular,0,i,img/target_8.png
42,956,modular,9,r,img/target_4.png
42,957,modular,8,u,img/target_7.png
42,958,modular,6,o,img/target_9.png
42,959,modular,5,q,img/target_1.png
42,960,modular,6,o,img/target_9.png
42,961,modular,5,q,img/target_1.png
42,962,modular,4,b,img/target_6.png
42,963,modular,3,p,img/target_10.png
42,964,modular,2,w,img/target_2.png
42,965,modular,1,e,img/target_3.png
42,966,modular,3,p,img/target_10.png
42,967,modular,2,w,img/target_2.png
42,968,modular,0,i,img/target_8.png
42,969,modular,1,e,img/target_3.png
42,970,modular,4,b,img/target_6.png
42,971,modular,1,e,img/target_3.png
42,972,modular,0,i,img/target_8.png
42,973,modular,9,r,img/target_4.png
42,974,modular,7,v,img/target_5.png
42,975,modular,8,u,img/target_7.png
42,976,modular,7,v,img/target_5.png
42,977,modular,9,r,img/target_4.png
42,978,modular,7,v,img/target_5.png
42,979,modular,9,r,img/target_4.png
42,980,modular,0,i,img/target_8.png
42,981,modular,9,r,img/target_4.png
42,982,modular,6,o,img/target_9.png
42,983,modular,5,q,img/target_1.png
42,984,modular,8,u,img/target_7.png
42,985,modular,5,q,img/target_1.png
42,986,modular,4,b,img/target_6.png
42,987,modular,3,p,img/target_10.png
42,988,modular,1,e,img/target_3.png
42,989,modular,3,p,img/target_10.png
42,990,modular,1,e,img/target_3.png
42,991,modular,4,b,img/target_6.png
42,992,modular,1,e,img/target_3.png
42,993,modular,3,p,img/target_10.png
42,994,modular,4,b,img/target_6.png
42,995,modular,1,e,img/target_3.png
42,996,modular,2,w,img/target_2.png
42,997,modular,0,i,img/target_8.png
42,998,modular,9,r,img/target_4.png
42,999,modular,7,v,img/target_5.png
42,1000,modular,6,o,img/target_9.png
