pID,sess,trialNum,graph,walk,resp,path
28,3,1,modular,8,o,img/target_9.png
28,3,2,modular,5,b,img/target_6.png
28,3,3,modular,6,i,img/target_8.png
28,3,4,modular,9,p,img/target_10.png
28,3,5,modular,8,o,img/target_9.png
28,3,6,modular,9,p,img/target_10.png
28,3,7,modular,6,i,img/target_8.png
28,3,8,modular,9,p,img/target_10.png
28,3,9,modular,0,v,img/target_5.png
28,3,10,modular,3,r,img/target_4.png
28,3,11,modular,2,e,img/target_3.png
28,3,12,modular,1,w,img/target_2.png
28,3,13,modular,3,r,img/target_4.png
28,3,14,modular,4,q,img/target_1.png
28,3,15,modular,5,b,img/target_6.png
28,3,16,modular,7,u,img/target_7.png
28,3,17,modular,5,b,img/target_6.png
28,3,18,modular,6,i,img/target_8.png
28,3,19,modular,5,b,img/target_6.png
28,3,20,modular,7,u,img/target_7.png
28,3,21,modular,5,b,img/target_6.png
28,3,22,modular,4,q,img/target_1.png
28,3,23,modular,2,e,img/target_3.png
28,3,24,modular,3,r,img/target_4.png
28,3,25,modular,4,q,img/target_1.png
28,3,26,modular,2,e,img/target_3.png
28,3,27,modular,4,q,img/target_1.png
28,3,28,modular,3,r,img/target_4.png
28,3,29,modular,0,v,img/target_5.png
28,3,30,modular,1,w,img/target_2.png
28,3,31,modular,0,v,img/target_5.png
28,3,32,modular,3,r,img/target_4.png
28,3,33,modular,1,w,img/target_2.png
28,3,34,modular,4,q,img/target_1.png
28,3,35,modular,3,r,img/target_4.png
28,3,36,modular,2,e,img/target_3.png
28,3,37,modular,4,q,img/target_1.png
28,3,38,modular,1,w,img/target_2.png
28,3,39,modular,2,e,img/target_3.png
28,3,40,modular,3,r,img/target_4.png
28,3,41,modular,2,e,img/target_3.png
28,3,42,modular,1,w,img/target_2.png
28,3,43,modular,0,v,img/target_5.png
28,3,44,modular,9,p,img/target_10.png
28,3,45,modular,6,i,img/target_8.png
28,3,46,modular,9,p,img/target_10.png
28,3,47,modular,7,u,img/target_7.png
28,3,48,modular,6,i,img/target_8.png
28,3,49,modular,5,b,img/target_6.png
28,3,50,modular,6,i,img/target_8.png
28,3,51,modular,8,o,img/target_9.png
28,3,52,modular,7,u,img/target_7.png
28,3,53,modular,6,i,img/target_8.png
28,3,54,modular,8,o,img/target_9.png
28,3,55,modular,9,p,img/target_10.png
28,3,56,modular,8,o,img/target_9.png
28,3,57,modular,7,u,img/target_7.png
28,3,58,modular,5,b,img/target_6.png
28,3,59,modular,8,o,img/target_9.png
28,3,60,modular,6,i,img/target_8.png
28,3,61,modular,9,p,img/target_10.png
28,3,62,modular,6,i,img/target_8.png
28,3,63,modular,9,p,img/target_10.png
28,3,64,modular,7,u,img/target_7.png
28,3,65,modular,5,b,img/target_6.png
28,3,66,modular,8,o,img/target_9.png
28,3,67,modular,5,b,img/target_6.png
28,3,68,modular,6,i,img/target_8.png
28,3,69,modular,8,o,img/target_9.png
28,3,70,modular,9,p,img/target_10.png
28,3,71,modular,0,v,img/target_5.png
28,3,72,modular,3,r,img/target_4.png
28,3,73,modular,4,q,img/target_1.png
28,3,74,modular,3,r,img/target_4.png
28,3,75,modular,0,v,img/target_5.png
28,3,76,modular,2,e,img/target_3.png
28,3,77,modular,4,q,img/target_1.png
28,3,78,modular,3,r,img/target_4.png
28,3,79,modular,2,e,img/target_3.png
28,3,80,modular,3,r,img/target_4.png
28,3,81,modular,0,v,img/target_5.png
28,3,82,modular,9,p,img/target_10.png
28,3,83,modular,8,o,img/target_9.png
28,3,84,modular,9,p,img/target_10.png
28,3,85,modular,8,o,img/target_9.png
28,3,86,modular,6,i,img/target_8.png
28,3,87,modular,8,o,img/target_9.png
28,3,88,modular,5,b,img/target_6.png
28,3,89,modular,4,q,img/target_1.png
28,3,90,modular,1,w,img/target_2.png
28,3,91,modular,4,q,img/target_1.png
28,3,92,modular,3,r,img/target_4.png
28,3,93,modular,1,w,img/target_2.png
28,3,94,modular,0,v,img/target_5.png
28,3,95,modular,2,e,img/target_3.png
28,3,96,modular,4,q,img/target_1.png
28,3,97,modular,1,w,img/target_2.png
28,3,98,modular,4,q,img/target_1.png
28,3,99,modular,1,w,img/target_2.png
28,3,100,modular,3,r,img/target_4.png
28,3,101,modular,4,q,img/target_1.png
28,3,102,modular,3,r,img/target_4.png
28,3,103,modular,2,e,img/target_3.png
28,3,104,modular,1,w,img/target_2.png
28,3,105,modular,3,r,img/target_4.png
28,3,106,modular,1,w,img/target_2.png
28,3,107,modular,3,r,img/target_4.png
28,3,108,modular,4,q,img/target_1.png
28,3,109,modular,3,r,img/target_4.png
28,3,110,modular,1,w,img/target_2.png
28,3,111,modular,3,r,img/target_4.png
28,3,112,modular,1,w,img/target_2.png
28,3,113,modular,3,r,img/target_4.png
28,3,114,modular,1,w,img/target_2.png
28,3,115,modular,0,v,img/target_5.png
28,3,116,modular,9,p,img/target_10.png
28,3,117,modular,6,i,img/target_8.png
28,3,118,modular,5,b,img/target_6.png
28,3,119,modular,7,u,img/target_7.png
28,3,120,modular,9,p,img/target_10.png
28,3,121,modular,8,o,img/target_9.png
28,3,122,modular,5,b,img/target_6.png
28,3,123,modular,4,q,img/target_1.png
28,3,124,modular,2,e,img/target_3.png
28,3,125,modular,4,q,img/target_1.png
28,3,126,modular,1,w,img/target_2.png
28,3,127,modular,4,q,img/target_1.png
28,3,128,modular,5,b,img/target_6.png
28,3,129,modular,4,q,img/target_1.png
28,3,130,modular,5,b,img/target_6.png
28,3,131,modular,7,u,img/target_7.png
28,3,132,modular,8,o,img/target_9.png
28,3,133,modular,6,i,img/target_8.png
28,3,134,modular,9,p,img/target_10.png
28,3,135,modular,0,v,img/target_5.png
28,3,136,modular,2,e,img/target_3.png
28,3,137,modular,0,v,img/target_5.png
28,3,138,modular,2,e,img/target_3.png
28,3,139,modular,4,q,img/target_1.png
28,3,140,modular,3,r,img/target_4.png
28,3,141,modular,0,v,img/target_5.png
28,3,142,modular,1,w,img/target_2.png
28,3,143,modular,2,e,img/target_3.png
28,3,144,modular,1,w,img/target_2.png
28,3,145,modular,0,v,img/target_5.png
28,3,146,modular,2,e,img/target_3.png
28,3,147,modular,3,r,img/target_4.png
28,3,148,modular,1,w,img/target_2.png
28,3,149,modular,0,v,img/target_5.png
28,3,150,modular,1,w,img/target_2.png
28,3,151,modular,4,q,img/target_1.png
28,3,152,modular,3,r,img/target_4.png
28,3,153,modular,4,q,img/target_1.png
28,3,154,modular,1,w,img/target_2.png
28,3,155,modular,2,e,img/target_3.png
28,3,156,modular,0,v,img/target_5.png
28,3,157,modular,9,p,img/target_10.png
28,3,158,modular,8,o,img/target_9.png
28,3,159,modular,9,p,img/target_10.png
28,3,160,modular,7,u,img/target_7.png
28,3,161,modular,5,b,img/target_6.png
28,3,162,modular,7,u,img/target_7.png
28,3,163,modular,5,b,img/target_6.png
28,3,164,modular,6,i,img/target_8.png
28,3,165,modular,5,b,img/target_6.png
28,3,166,modular,4,q,img/target_1.png
28,3,167,modular,5,b,img/target_6.png
28,3,168,modular,6,i,img/target_8.png
28,3,169,modular,9,p,img/target_10.png
28,3,170,modular,6,i,img/target_8.png
28,3,171,modular,8,o,img/target_9.png
28,3,172,modular,7,u,img/target_7.png
28,3,173,modular,5,b,img/target_6.png
28,3,174,modular,6,i,img/target_8.png
28,3,175,modular,8,o,img/target_9.png
28,3,176,modular,9,p,img/target_10.png
28,3,177,modular,7,u,img/target_7.png
28,3,178,modular,6,i,img/target_8.png
28,3,179,modular,8,o,img/target_9.png
28,3,180,modular,9,p,img/target_10.png
28,3,181,modular,7,u,img/target_7.png
28,3,182,modular,8,o,img/target_9.png
28,3,183,modular,7,u,img/target_7.png
28,3,184,modular,8,o,img/target_9.png
28,3,185,modular,6,i,img/target_8.png
28,3,186,modular,8,o,img/target_9.png
28,3,187,modular,6,i,img/target_8.png
28,3,188,modular,9,p,img/target_10.png
28,3,189,modular,8,o,img/target_9.png
28,3,190,modular,5,b,img/target_6.png
28,3,191,modular,7,u,img/target_7.png
28,3,192,modular,6,i,img/target_8.png
28,3,193,modular,7,u,img/target_7.png
28,3,194,modular,8,o,img/target_9.png
28,3,195,modular,5,b,img/target_6.png
28,3,196,modular,7,u,img/target_7.png
28,3,197,modular,9,p,img/target_10.png
28,3,198,modular,6,i,img/target_8.png
28,3,199,modular,5,b,img/target_6.png
28,3,200,modular,8,o,img/target_9.png
28,3,201,modular,9,p,img/target_10.png
28,3,202,modular,6,i,img/target_8.png
28,3,203,modular,7,u,img/target_7.png
28,3,204,modular,8,o,img/target_9.png
28,3,205,modular,9,p,img/target_10.png
28,3,206,modular,8,o,img/target_9.png
28,3,207,modular,9,p,img/target_10.png
28,3,208,modular,6,i,img/target_8.png
28,3,209,modular,5,b,img/target_6.png
28,3,210,modular,7,u,img/target_7.png
28,3,211,modular,9,p,img/target_10.png
28,3,212,modular,6,i,img/target_8.png
28,3,213,modular,5,b,img/target_6.png
28,3,214,modular,7,u,img/target_7.png
28,3,215,modular,8,o,img/target_9.png
28,3,216,modular,6,i,img/target_8.png
28,3,217,modular,5,b,img/target_6.png
28,3,218,modular,4,q,img/target_1.png
28,3,219,modular,5,b,img/target_6.png
28,3,220,modular,8,o,img/target_9.png
28,3,221,modular,6,i,img/target_8.png
28,3,222,modular,5,b,img/target_6.png
28,3,223,modular,6,i,img/target_8.png
28,3,224,modular,9,p,img/target_10.png
28,3,225,modular,8,o,img/target_9.png
28,3,226,modular,5,b,img/target_6.png
28,3,227,modular,7,u,img/target_7.png
28,3,228,modular,9,p,img/target_10.png
28,3,229,modular,0,v,img/target_5.png
28,3,230,modular,3,r,img/target_4.png
28,3,231,modular,2,e,img/target_3.png
28,3,232,modular,3,r,img/target_4.png
28,3,233,modular,4,q,img/target_1.png
28,3,234,modular,1,w,img/target_2.png
28,3,235,modular,0,v,img/target_5.png
28,3,236,modular,2,e,img/target_3.png
28,3,237,modular,1,w,img/target_2.png
28,3,238,modular,2,e,img/target_3.png
28,3,239,modular,1,w,img/target_2.png
28,3,240,modular,4,q,img/target_1.png
28,3,241,modular,3,r,img/target_4.png
28,3,242,modular,4,q,img/target_1.png
28,3,243,modular,2,e,img/target_3.png
28,3,244,modular,1,w,img/target_2.png
28,3,245,modular,2,e,img/target_3.png
28,3,246,modular,0,v,img/target_5.png
28,3,247,modular,3,r,img/target_4.png
28,3,248,modular,1,w,img/target_2.png
28,3,249,modular,0,v,img/target_5.png
28,3,250,modular,2,e,img/target_3.png
28,3,251,modular,3,r,img/target_4.png
28,3,252,modular,1,w,img/target_2.png
28,3,253,modular,4,q,img/target_1.png
28,3,254,modular,5,b,img/target_6.png
28,3,255,modular,7,u,img/target_7.png
28,3,256,modular,5,b,img/target_6.png
28,3,257,modular,8,o,img/target_9.png
28,3,258,modular,9,p,img/target_10.png
28,3,259,modular,8,o,img/target_9.png
28,3,260,modular,7,u,img/target_7.png
28,3,261,modular,8,o,img/target_9.png
28,3,262,modular,9,p,img/target_10.png
28,3,263,modular,6,i,img/target_8.png
28,3,264,modular,7,u,img/target_7.png
28,3,265,modular,9,p,img/target_10.png
28,3,266,modular,6,i,img/target_8.png
28,3,267,modular,7,u,img/target_7.png
28,3,268,modular,9,p,img/target_10.png
28,3,269,modular,0,v,img/target_5.png
28,3,270,modular,2,e,img/target_3.png
28,3,271,modular,1,w,img/target_2.png
28,3,272,modular,4,q,img/target_1.png
28,3,273,modular,5,b,img/target_6.png
28,3,274,modular,6,i,img/target_8.png
28,3,275,modular,5,b,img/target_6.png
28,3,276,modular,6,i,img/target_8.png
28,3,277,modular,5,b,img/target_6.png
28,3,278,modular,4,q,img/target_1.png
28,3,279,modular,1,w,img/target_2.png
28,3,280,modular,3,r,img/target_4.png
28,3,281,modular,0,v,img/target_5.png
28,3,282,modular,1,w,img/target_2.png
28,3,283,modular,4,q,img/target_1.png
28,3,284,modular,2,e,img/target_3.png
28,3,285,modular,0,v,img/target_5.png
28,3,286,modular,1,w,img/target_2.png
28,3,287,modular,4,q,img/target_1.png
28,3,288,modular,2,e,img/target_3.png
28,3,289,modular,4,q,img/target_1.png
28,3,290,modular,3,r,img/target_4.png
28,3,291,modular,2,e,img/target_3.png
28,3,292,modular,3,r,img/target_4.png
28,3,293,modular,4,q,img/target_1.png
28,3,294,modular,2,e,img/target_3.png
28,3,295,modular,1,w,img/target_2.png
28,3,296,modular,3,r,img/target_4.png
28,3,297,modular,0,v,img/target_5.png
28,3,298,modular,2,e,img/target_3.png
28,3,299,modular,0,v,img/target_5.png
28,3,300,modular,3,r,img/target_4.png
28,3,301,modular,2,e,img/target_3.png
28,3,302,modular,1,w,img/target_2.png
28,3,303,modular,0,v,img/target_5.png
28,3,304,modular,1,w,img/target_2.png
28,3,305,modular,2,e,img/target_3.png
28,3,306,modular,1,w,img/target_2.png
28,3,307,modular,0,v,img/target_5.png
28,3,308,modular,1,w,img/target_2.png
28,3,309,modular,4,q,img/target_1.png
28,3,310,modular,5,b,img/target_6.png
28,3,311,modular,8,o,img/target_9.png
28,3,312,modular,6,i,img/target_8.png
28,3,313,modular,7,u,img/target_7.png
28,3,314,modular,6,i,img/target_8.png
28,3,315,modular,5,b,img/target_6.png
28,3,316,modular,7,u,img/target_7.png
28,3,317,modular,6,i,img/target_8.png
28,3,318,modular,5,b,img/target_6.png
28,3,319,modular,4,q,img/target_1.png
28,3,320,modular,5,b,img/target_6.png
28,3,321,modular,7,u,img/target_7.png
28,3,322,modular,9,p,img/target_10.png
28,3,323,modular,8,o,img/target_9.png
28,3,324,modular,7,u,img/target_7.png
28,3,325,modular,5,b,img/target_6.png
28,3,326,modular,6,i,img/target_8.png
28,3,327,modular,8,o,img/target_9.png
28,3,328,modular,9,p,img/target_10.png
28,3,329,modular,0,v,img/target_5.png
28,3,330,modular,3,r,img/target_4.png
28,3,331,modular,2,e,img/target_3.png
28,3,332,modular,4,q,img/target_1.png
28,3,333,modular,1,w,img/target_2.png
28,3,334,modular,3,r,img/target_4.png
28,3,335,modular,2,e,img/target_3.png
28,3,336,modular,3,r,img/target_4.png
28,3,337,modular,4,q,img/target_1.png
28,3,338,modular,3,r,img/target_4.png
28,3,339,modular,4,q,img/target_1.png
28,3,340,modular,2,e,img/target_3.png
28,3,341,modular,3,r,img/target_4.png
28,3,342,modular,1,w,img/target_2.png
28,3,343,modular,2,e,img/target_3.png
28,3,344,modular,0,v,img/target_5.png
28,3,345,modular,9,p,img/target_10.png
28,3,346,modular,0,v,img/target_5.png
28,3,347,modular,2,e,img/target_3.png
28,3,348,modular,1,w,img/target_2.png
28,3,349,modular,0,v,img/target_5.png
28,3,350,modular,1,w,img/target_2.png
28,3,351,modular,4,q,img/target_1.png
28,3,352,modular,3,r,img/target_4.png
28,3,353,modular,4,q,img/target_1.png
28,3,354,modular,3,r,img/target_4.png
28,3,355,modular,0,v,img/target_5.png
28,3,356,modular,3,r,img/target_4.png
28,3,357,modular,2,e,img/target_3.png
28,3,358,modular,0,v,img/target_5.png
28,3,359,modular,9,p,img/target_10.png
28,3,360,modular,0,v,img/target_5.png
28,3,361,modular,9,p,img/target_10.png
28,3,362,modular,7,u,img/target_7.png
28,3,363,modular,8,o,img/target_9.png
28,3,364,modular,6,i,img/target_8.png
28,3,365,modular,9,p,img/target_10.png
28,3,366,modular,7,u,img/target_7.png
28,3,367,modular,6,i,img/target_8.png
28,3,368,modular,7,u,img/target_7.png
28,3,369,modular,5,b,img/target_6.png
28,3,370,modular,4,q,img/target_1.png
28,3,371,modular,3,r,img/target_4.png
28,3,372,modular,4,q,img/target_1.png
28,3,373,modular,1,w,img/target_2.png
28,3,374,modular,0,v,img/target_5.png
28,3,375,modular,3,r,img/target_4.png
28,3,376,modular,1,w,img/target_2.png
28,3,377,modular,3,r,img/target_4.png
28,3,378,modular,0,v,img/target_5.png
28,3,379,modular,9,p,img/target_10.png
28,3,380,modular,8,o,img/target_9.png
28,3,381,modular,9,p,img/target_10.png
28,3,382,modular,8,o,img/target_9.png
28,3,383,modular,5,b,img/target_6.png
28,3,384,modular,6,i,img/target_8.png
28,3,385,modular,5,b,img/target_6.png
28,3,386,modular,8,o,img/target_9.png
28,3,387,modular,9,p,img/target_10.png
28,3,388,modular,6,i,img/target_8.png
28,3,389,modular,8,o,img/target_9.png
28,3,390,modular,7,u,img/target_7.png
28,3,391,modular,8,o,img/target_9.png
28,3,392,modular,5,b,img/target_6.png
28,3,393,modular,7,u,img/target_7.png
28,3,394,modular,6,i,img/target_8.png
28,3,395,modular,8,o,img/target_9.png
28,3,396,modular,9,p,img/target_10.png
28,3,397,modular,7,u,img/target_7.png
28,3,398,modular,6,i,img/target_8.png
28,3,399,modular,9,p,img/target_10.png
28,3,400,modular,8,o,img/target_9.png
28,3,401,modular,9,p,img/target_10.png
28,3,402,modular,8,o,img/target_9.png
28,3,403,modular,6,i,img/target_8.png
28,3,404,modular,8,o,img/target_9.png
28,3,405,modular,9,p,img/target_10.png
28,3,406,modular,0,v,img/target_5.png
28,3,407,modular,2,e,img/target_3.png
28,3,408,modular,0,v,img/target_5.png
28,3,409,modular,3,r,img/target_4.png
28,3,410,modular,0,v,img/target_5.png
28,3,411,modular,2,e,img/target_3.png
28,3,412,modular,0,v,img/target_5.png
28,3,413,modular,3,r,img/target_4.png
28,3,414,modular,0,v,img/target_5.png
28,3,415,modular,3,r,img/target_4.png
28,3,416,modular,0,v,img/target_5.png
28,3,417,modular,3,r,img/target_4.png
28,3,418,modular,0,v,img/target_5.png
28,3,419,modular,2,e,img/target_3.png
28,3,420,modular,4,q,img/target_1.png
28,3,421,modular,1,w,img/target_2.png
28,3,422,modular,0,v,img/target_5.png
28,3,423,modular,9,p,img/target_10.png
28,3,424,modular,8,o,img/target_9.png
28,3,425,modular,9,p,img/target_10.png
28,3,426,modular,8,o,img/target_9.png
28,3,427,modular,7,u,img/target_7.png
28,3,428,modular,6,i,img/target_8.png
28,3,429,modular,7,u,img/target_7.png
28,3,430,modular,5,b,img/target_6.png
28,3,431,modular,7,u,img/target_7.png
28,3,432,modular,8,o,img/target_9.png
28,3,433,modular,6,i,img/target_8.png
28,3,434,modular,8,o,img/target_9.png
28,3,435,modular,6,i,img/target_8.png
28,3,436,modular,7,u,img/target_7.png
28,3,437,modular,5,b,img/target_6.png
28,3,438,modular,6,i,img/target_8.png
28,3,439,modular,8,o,img/target_9.png
28,3,440,modular,7,u,img/target_7.png
28,3,441,modular,9,p,img/target_10.png
28,3,442,modular,0,v,img/target_5.png
28,3,443,modular,9,p,img/target_10.png
28,3,444,modular,7,u,img/target_7.png
28,3,445,modular,5,b,img/target_6.png
28,3,446,modular,6,i,img/target_8.png
28,3,447,modular,7,u,img/target_7.png
28,3,448,modular,9,p,img/target_10.png
28,3,449,modular,6,i,img/target_8.png
28,3,450,modular,9,p,img/target_10.png
28,3,451,modular,0,v,img/target_5.png
28,3,452,modular,9,p,img/target_10.png
28,3,453,modular,6,i,img/target_8.png
28,3,454,modular,5,b,img/target_6.png
28,3,455,modular,8,o,img/target_9.png
28,3,456,modular,7,u,img/target_7.png
28,3,457,modular,8,o,img/target_9.png
28,3,458,modular,6,i,img/target_8.png
28,3,459,modular,9,p,img/target_10.png
28,3,460,modular,6,i,img/target_8.png
28,3,461,modular,8,o,img/target_9.png
28,3,462,modular,9,p,img/target_10.png
28,3,463,modular,0,v,img/target_5.png
28,3,464,modular,3,r,img/target_4.png
28,3,465,modular,1,w,img/target_2.png
28,3,466,modular,2,e,img/target_3.png
28,3,467,modular,0,v,img/target_5.png
28,3,468,modular,9,p,img/target_10.png
28,3,469,modular,6,i,img/target_8.png
28,3,470,modular,7,u,img/target_7.png
28,3,471,modular,9,p,img/target_10.png
28,3,472,modular,8,o,img/target_9.png
28,3,473,modular,9,p,img/target_10.png
28,3,474,modular,6,i,img/target_8.png
28,3,475,modular,5,b,img/target_6.png
28,3,476,modular,7,u,img/target_7.png
28,3,477,modular,5,b,img/target_6.png
28,3,478,modular,8,o,img/target_9.png
28,3,479,modular,6,i,img/target_8.png
28,3,480,modular,8,o,img/target_9.png
28,3,481,modular,5,b,img/target_6.png
28,3,482,modular,8,o,img/target_9.png
28,3,483,modular,7,u,img/target_7.png
28,3,484,modular,9,p,img/target_10.png
28,3,485,modular,6,i,img/target_8.png
28,3,486,modular,7,u,img/target_7.png
28,3,487,modular,6,i,img/target_8.png
28,3,488,modular,5,b,img/target_6.png
28,3,489,modular,6,i,img/target_8.png
28,3,490,modular,8,o,img/target_9.png
28,3,491,modular,6,i,img/target_8.png
28,3,492,modular,8,o,img/target_9.png
28,3,493,modular,7,u,img/target_7.png
28,3,494,modular,6,i,img/target_8.png
28,3,495,modular,5,b,img/target_6.png
28,3,496,modular,6,i,img/target_8.png
28,3,497,modular,8,o,img/target_9.png
28,3,498,modular,5,b,img/target_6.png
28,3,499,modular,4,q,img/target_1.png
28,3,500,modular,1,w,img/target_2.png
28,3,501,modular,4,q,img/target_1.png
28,3,502,modular,5,b,img/target_6.png
28,3,503,modular,7,u,img/target_7.png
28,3,504,modular,6,i,img/target_8.png
28,3,505,modular,9,p,img/target_10.png
28,3,506,modular,7,u,img/target_7.png
28,3,507,modular,8,o,img/target_9.png
28,3,508,modular,6,i,img/target_8.png
28,3,509,modular,8,o,img/target_9.png
28,3,510,modular,9,p,img/target_10.png
28,3,511,modular,8,o,img/target_9.png
28,3,512,modular,9,p,img/target_10.png
28,3,513,modular,7,u,img/target_7.png
28,3,514,modular,6,i,img/target_8.png
28,3,515,modular,5,b,img/target_6.png
28,3,516,modular,7,u,img/target_7.png
28,3,517,modular,8,o,img/target_9.png
28,3,518,modular,7,u,img/target_7.png
28,3,519,modular,6,i,img/target_8.png
28,3,520,modular,5,b,img/target_6.png
28,3,521,modular,8,o,img/target_9.png
28,3,522,modular,5,b,img/target_6.png
28,3,523,modular,4,q,img/target_1.png
28,3,524,modular,5,b,img/target_6.png
28,3,525,modular,6,i,img/target_8.png
28,3,526,modular,8,o,img/target_9.png
28,3,527,modular,6,i,img/target_8.png
28,3,528,modular,7,u,img/target_7.png
28,3,529,modular,6,i,img/target_8.png
28,3,530,modular,9,p,img/target_10.png
28,3,531,modular,8,o,img/target_9.png
28,3,532,modular,7,u,img/target_7.png
28,3,533,modular,9,p,img/target_10.png
28,3,534,modular,6,i,img/target_8.png
28,3,535,modular,7,u,img/target_7.png
28,3,536,modular,9,p,img/target_10.png
28,3,537,modular,7,u,img/target_7.png
28,3,538,modular,6,i,img/target_8.png
28,3,539,modular,9,p,img/target_10.png
28,3,540,modular,8,o,img/target_9.png
28,3,541,modular,9,p,img/target_10.png
28,3,542,modular,6,i,img/target_8.png
28,3,543,modular,5,b,img/target_6.png
28,3,544,modular,6,i,img/target_8.png
28,3,545,modular,8,o,img/target_9.png
28,3,546,modular,5,b,img/target_6.png
28,3,547,modular,7,u,img/target_7.png
28,3,548,modular,9,p,img/target_10.png
28,3,549,modular,7,u,img/target_7.png
28,3,550,modular,9,p,img/target_10.png
28,3,551,modular,6,i,img/target_8.png
28,3,552,modular,9,p,img/target_10.png
28,3,553,modular,0,v,img/target_5.png
28,3,554,modular,3,r,img/target_4.png
28,3,555,modular,1,w,img/target_2.png
28,3,556,modular,0,v,img/target_5.png
28,3,557,modular,3,r,img/target_4.png
28,3,558,modular,2,e,img/target_3.png
28,3,559,modular,3,r,img/target_4.png
28,3,560,modular,0,v,img/target_5.png
28,3,561,modular,9,p,img/target_10.png
28,3,562,modular,0,v,img/target_5.png
28,3,563,modular,3,r,img/target_4.png
28,3,564,modular,0,v,img/target_5.png
28,3,565,modular,2,e,img/target_3.png
28,3,566,modular,1,w,img/target_2.png
28,3,567,modular,0,v,img/target_5.png
28,3,568,modular,3,r,img/target_4.png
28,3,569,modular,4,q,img/target_1.png
28,3,570,modular,3,r,img/target_4.png
28,3,571,modular,2,e,img/target_3.png
28,3,572,modular,4,q,img/target_1.png
28,3,573,modular,2,e,img/target_3.png
28,3,574,modular,1,w,img/target_2.png
28,3,575,modular,3,r,img/target_4.png
28,3,576,modular,1,w,img/target_2.png
28,3,577,modular,4,q,img/target_1.png
28,3,578,modular,2,e,img/target_3.png
28,3,579,modular,4,q,img/target_1.png
28,3,580,modular,1,w,img/target_2.png
28,3,581,modular,4,q,img/target_1.png
28,3,582,modular,3,r,img/target_4.png
28,3,583,modular,0,v,img/target_5.png
28,3,584,modular,1,w,img/target_2.png
28,3,585,modular,3,r,img/target_4.png
28,3,586,modular,4,q,img/target_1.png
28,3,587,modular,1,w,img/target_2.png
28,3,588,modular,4,q,img/target_1.png
28,3,589,modular,1,w,img/target_2.png
28,3,590,modular,3,r,img/target_4.png
28,3,591,modular,1,w,img/target_2.png
28,3,592,modular,4,q,img/target_1.png
28,3,593,modular,3,r,img/target_4.png
28,3,594,modular,4,q,img/target_1.png
28,3,595,modular,5,b,img/target_6.png
28,3,596,modular,4,q,img/target_1.png
28,3,597,modular,5,b,img/target_6.png
28,3,598,modular,6,i,img/target_8.png
28,3,599,modular,7,u,img/target_7.png
28,3,600,modular,8,o,img/target_9.png
28,3,601,modular,7,u,img/target_7.png
28,3,602,modular,5,b,img/target_6.png
28,3,603,modular,8,o,img/target_9.png
28,3,604,modular,7,u,img/target_7.png
28,3,605,modular,6,i,img/target_8.png
28,3,606,modular,7,u,img/target_7.png
28,3,607,modular,5,b,img/target_6.png
28,3,608,modular,7,u,img/target_7.png
28,3,609,modular,9,p,img/target_10.png
28,3,610,modular,7,u,img/target_7.png
28,3,611,modular,9,p,img/target_10.png
28,3,612,modular,0,v,img/target_5.png
28,3,613,modular,1,w,img/target_2.png
28,3,614,modular,4,q,img/target_1.png
28,3,615,modular,5,b,img/target_6.png
28,3,616,modular,8,o,img/target_9.png
28,3,617,modular,5,b,img/target_6.png
28,3,618,modular,4,q,img/target_1.png
28,3,619,modular,2,e,img/target_3.png
28,3,620,modular,4,q,img/target_1.png
28,3,621,modular,2,e,img/target_3.png
28,3,622,modular,0,v,img/target_5.png
28,3,623,modular,1,w,img/target_2.png
28,3,624,modular,0,v,img/target_5.png
28,3,625,modular,3,r,img/target_4.png
28,3,626,modular,4,q,img/target_1.png
28,3,627,modular,2,e,img/target_3.png
28,3,628,modular,4,q,img/target_1.png
28,3,629,modular,1,w,img/target_2.png
28,3,630,modular,2,e,img/target_3.png
28,3,631,modular,4,q,img/target_1.png
28,3,632,modular,1,w,img/target_2.png
28,3,633,modular,4,q,img/target_1.png
28,3,634,modular,2,e,img/target_3.png
28,3,635,modular,0,v,img/target_5.png
28,3,636,modular,2,e,img/target_3.png
28,3,637,modular,1,w,img/target_2.png
28,3,638,modular,3,r,img/target_4.png
28,3,639,modular,1,w,img/target_2.png
28,3,640,modular,3,r,img/target_4.png
28,3,641,modular,4,q,img/target_1.png
28,3,642,modular,2,e,img/target_3.png
28,3,643,modular,3,r,img/target_4.png
28,3,644,modular,2,e,img/target_3.png
28,3,645,modular,4,q,img/target_1.png
28,3,646,modular,1,w,img/target_2.png
28,3,647,modular,3,r,img/target_4.png
28,3,648,modular,0,v,img/target_5.png
28,3,649,modular,1,w,img/target_2.png
28,3,650,modular,3,r,img/target_4.png
28,3,651,modular,4,q,img/target_1.png
28,3,652,modular,3,r,img/target_4.png
28,3,653,modular,0,v,img/target_5.png
28,3,654,modular,9,p,img/target_10.png
28,3,655,modular,6,i,img/target_8.png
28,3,656,modular,5,b,img/target_6.png
28,3,657,modular,4,q,img/target_1.png
28,3,658,modular,1,w,img/target_2.png
28,3,659,modular,4,q,img/target_1.png
28,3,660,modular,3,r,img/target_4.png
28,3,661,modular,2,e,img/target_3.png
28,3,662,modular,0,v,img/target_5.png
28,3,663,modular,1,w,img/target_2.png
28,3,664,modular,0,v,img/target_5.png
28,3,665,modular,2,e,img/target_3.png
28,3,666,modular,4,q,img/target_1.png
28,3,667,modular,2,e,img/target_3.png
28,3,668,modular,4,q,img/target_1.png
28,3,669,modular,2,e,img/target_3.png
28,3,670,modular,4,q,img/target_1.png
28,3,671,modular,5,b,img/target_6.png
28,3,672,modular,6,i,img/target_8.png
28,3,673,modular,5,b,img/target_6.png
28,3,674,modular,4,q,img/target_1.png
28,3,675,modular,5,b,img/target_6.png
28,3,676,modular,8,o,img/target_9.png
28,3,677,modular,6,i,img/target_8.png
28,3,678,modular,8,o,img/target_9.png
28,3,679,modular,9,p,img/target_10.png
28,3,680,modular,0,v,img/target_5.png
28,3,681,modular,1,w,img/target_2.png
28,3,682,modular,4,q,img/target_1.png
28,3,683,modular,2,e,img/target_3.png
28,3,684,modular,1,w,img/target_2.png
28,3,685,modular,3,r,img/target_4.png
28,3,686,modular,1,w,img/target_2.png
28,3,687,modular,2,e,img/target_3.png
28,3,688,modular,3,r,img/target_4.png
28,3,689,modular,0,v,img/target_5.png
28,3,690,modular,2,e,img/target_3.png
28,3,691,modular,0,v,img/target_5.png
28,3,692,modular,2,e,img/target_3.png
28,3,693,modular,1,w,img/target_2.png
28,3,694,modular,4,q,img/target_1.png
28,3,695,modular,3,r,img/target_4.png
28,3,696,modular,2,e,img/target_3.png
28,3,697,modular,0,v,img/target_5.png
28,3,698,modular,3,r,img/target_4.png
28,3,699,modular,1,w,img/target_2.png
28,3,700,modular,3,r,img/target_4.png
28,3,701,modular,2,e,img/target_3.png
28,3,702,modular,3,r,img/target_4.png
28,3,703,modular,4,q,img/target_1.png
28,3,704,modular,1,w,img/target_2.png
28,3,705,modular,0,v,img/target_5.png
28,3,706,modular,9,p,img/target_10.png
28,3,707,modular,0,v,img/target_5.png
28,3,708,modular,2,e,img/target_3.png
28,3,709,modular,1,w,img/target_2.png
28,3,710,modular,3,r,img/target_4.png
28,3,711,modular,4,q,img/target_1.png
28,3,712,modular,3,r,img/target_4.png
28,3,713,modular,0,v,img/target_5.png
28,3,714,modular,2,e,img/target_3.png
28,3,715,modular,3,r,img/target_4.png
28,3,716,modular,4,q,img/target_1.png
28,3,717,modular,2,e,img/target_3.png
28,3,718,modular,4,q,img/target_1.png
28,3,719,modular,3,r,img/target_4.png
28,3,720,modular,4,q,img/target_1.png
28,3,721,modular,2,e,img/target_3.png
28,3,722,modular,3,r,img/target_4.png
28,3,723,modular,2,e,img/target_3.png
28,3,724,modular,0,v,img/target_5.png
28,3,725,modular,3,r,img/target_4.png
28,3,726,modular,1,w,img/target_2.png
28,3,727,modular,4,q,img/target_1.png
28,3,728,modular,3,r,img/target_4.png
28,3,729,modular,1,w,img/target_2.png
28,3,730,modular,0,v,img/target_5.png
28,3,731,modular,1,w,img/target_2.png
28,3,732,modular,4,q,img/target_1.png
28,3,733,modular,5,b,img/target_6.png
28,3,734,modular,4,q,img/target_1.png
28,3,735,modular,3,r,img/target_4.png
28,3,736,modular,0,v,img/target_5.png
28,3,737,modular,1,w,img/target_2.png
28,3,738,modular,2,e,img/target_3.png
28,3,739,modular,0,v,img/target_5.png
28,3,740,modular,2,e,img/target_3.png
28,3,741,modular,3,r,img/target_4.png
28,3,742,modular,1,w,img/target_2.png
28,3,743,modular,4,q,img/target_1.png
28,3,744,modular,3,r,img/target_4.png
28,3,745,modular,4,q,img/target_1.png
28,3,746,modular,1,w,img/target_2.png
28,3,747,modular,3,r,img/target_4.png
28,3,748,modular,4,q,img/target_1.png
28,3,749,modular,3,r,img/target_4.png
28,3,750,modular,4,q,img/target_1.png
28,3,751,modular,5,b,img/target_6.png
28,3,752,modular,8,o,img/target_9.png
28,3,753,modular,9,p,img/target_10.png
28,3,754,modular,7,u,img/target_7.png
28,3,755,modular,8,o,img/target_9.png
28,3,756,modular,5,b,img/target_6.png
28,3,757,modular,7,u,img/target_7.png
28,3,758,modular,5,b,img/target_6.png
28,3,759,modular,4,q,img/target_1.png
28,3,760,modular,1,w,img/target_2.png
28,3,761,modular,3,r,img/target_4.png
28,3,762,modular,2,e,img/target_3.png
28,3,763,modular,1,w,img/target_2.png
28,3,764,modular,4,q,img/target_1.png
28,3,765,modular,1,w,img/target_2.png
28,3,766,modular,4,q,img/target_1.png
28,3,767,modular,2,e,img/target_3.png
28,3,768,modular,1,w,img/target_2.png
28,3,769,modular,4,q,img/target_1.png
28,3,770,modular,1,w,img/target_2.png
28,3,771,modular,3,r,img/target_4.png
28,3,772,modular,1,w,img/target_2.png
28,3,773,modular,0,v,img/target_5.png
28,3,774,modular,1,w,img/target_2.png
28,3,775,modular,3,r,img/target_4.png
28,3,776,modular,2,e,img/target_3.png
28,3,777,modular,4,q,img/target_1.png
28,3,778,modular,5,b,img/target_6.png
28,3,779,modular,7,u,img/target_7.png
28,3,780,modular,6,i,img/target_8.png
28,3,781,modular,8,o,img/target_9.png
28,3,782,modular,5,b,img/target_6.png
28,3,783,modular,7,u,img/target_7.png
28,3,784,modular,6,i,img/target_8.png
28,3,785,modular,9,p,img/target_10.png
28,3,786,modular,7,u,img/target_7.png
28,3,787,modular,9,p,img/target_10.png
28,3,788,modular,7,u,img/target_7.png
28,3,789,modular,5,b,img/target_6.png
28,3,790,modular,7,u,img/target_7.png
28,3,791,modular,9,p,img/target_10.png
28,3,792,modular,8,o,img/target_9.png
28,3,793,modular,9,p,img/target_10.png
28,3,794,modular,8,o,img/target_9.png
28,3,795,modular,6,i,img/target_8.png
28,3,796,modular,7,u,img/target_7.png
28,3,797,modular,6,i,img/target_8.png
28,3,798,modular,9,p,img/target_10.png
28,3,799,modular,6,i,img/target_8.png
28,3,800,modular,5,b,img/target_6.png
28,3,801,modular,6,i,img/target_8.png
28,3,802,modular,5,b,img/target_6.png
28,3,803,modular,6,i,img/target_8.png
28,3,804,modular,8,o,img/target_9.png
28,3,805,modular,9,p,img/target_10.png
28,3,806,modular,7,u,img/target_7.png
28,3,807,modular,6,i,img/target_8.png
28,3,808,modular,9,p,img/target_10.png
28,3,809,modular,7,u,img/target_7.png
28,3,810,modular,5,b,img/target_6.png
28,3,811,modular,4,q,img/target_1.png
28,3,812,modular,5,b,img/target_6.png
28,3,813,modular,7,u,img/target_7.png
28,3,814,modular,6,i,img/target_8.png
28,3,815,modular,8,o,img/target_9.png
28,3,816,modular,5,b,img/target_6.png
28,3,817,modular,8,o,img/target_9.png
28,3,818,modular,9,p,img/target_10.png
28,3,819,modular,0,v,img/target_5.png
28,3,820,modular,9,p,img/target_10.png
28,3,821,modular,6,i,img/target_8.png
28,3,822,modular,8,o,img/target_9.png
28,3,823,modular,9,p,img/target_10.png
28,3,824,modular,7,u,img/target_7.png
28,3,825,modular,5,b,img/target_6.png
28,3,826,modular,8,o,img/target_9.png
28,3,827,modular,6,i,img/target_8.png
28,3,828,modular,8,o,img/target_9.png
28,3,829,modular,9,p,img/target_10.png
28,3,830,modular,8,o,img/target_9.png
28,3,831,modular,9,p,img/target_10.png
28,3,832,modular,8,o,img/target_9.png
28,3,833,modular,9,p,img/target_10.png
28,3,834,modular,0,v,img/target_5.png
28,3,835,modular,3,r,img/target_4.png
28,3,836,modular,2,e,img/target_3.png
28,3,837,modular,0,v,img/target_5.png
28,3,838,modular,3,r,img/target_4.png
28,3,839,modular,0,v,img/target_5.png
28,3,840,modular,1,w,img/target_2.png
28,3,841,modular,2,e,img/target_3.png
28,3,842,modular,1,w,img/target_2.png
28,3,843,modular,2,e,img/target_3.png
28,3,844,modular,1,w,img/target_2.png
28,3,845,modular,3,r,img/target_4.png
28,3,846,modular,1,w,img/target_2.png
28,3,847,modular,4,q,img/target_1.png
28,3,848,modular,2,e,img/target_3.png
28,3,849,modular,1,w,img/target_2.png
28,3,850,modular,0,v,img/target_5.png
28,3,851,modular,1,w,img/target_2.png
28,3,852,modular,3,r,img/target_4.png
28,3,853,modular,2,e,img/target_3.png
28,3,854,modular,4,q,img/target_1.png
28,3,855,modular,3,r,img/target_4.png
28,3,856,modular,2,e,img/target_3.png
28,3,857,modular,4,q,img/target_1.png
28,3,858,modular,3,r,img/target_4.png
28,3,859,modular,0,v,img/target_5.png
28,3,860,modular,2,e,img/target_3.png
28,3,861,modular,1,w,img/target_2.png
28,3,862,modular,3,r,img/target_4.png
28,3,863,modular,2,e,img/target_3.png
28,3,864,modular,3,r,img/target_4.png
28,3,865,modular,2,e,img/target_3.png
28,3,866,modular,1,w,img/target_2.png
28,3,867,modular,4,q,img/target_1.png
28,3,868,modular,1,w,img/target_2.png
28,3,869,modular,0,v,img/target_5.png
28,3,870,modular,9,p,img/target_10.png
28,3,871,modular,0,v,img/target_5.png
28,3,872,modular,9,p,img/target_10.png
28,3,873,modular,8,o,img/target_9.png
28,3,874,modular,6,i,img/target_8.png
28,3,875,modular,9,p,img/target_10.png
28,3,876,modular,6,i,img/target_8.png
28,3,877,modular,5,b,img/target_6.png
28,3,878,modular,6,i,img/target_8.png
28,3,879,modular,7,u,img/target_7.png
28,3,880,modular,8,o,img/target_9.png
28,3,881,modular,7,u,img/target_7.png
28,3,882,modular,6,i,img/target_8.png
28,3,883,modular,5,b,img/target_6.png
28,3,884,modular,8,o,img/target_9.png
28,3,885,modular,7,u,img/target_7.png
28,3,886,modular,5,b,img/target_6.png
28,3,887,modular,7,u,img/target_7.png
28,3,888,modular,9,p,img/target_10.png
28,3,889,modular,8,o,img/target_9.png
28,3,890,modular,7,u,img/target_7.png
28,3,891,modular,6,i,img/target_8.png
28,3,892,modular,9,p,img/target_10.png
28,3,893,modular,6,i,img/target_8.png
28,3,894,modular,9,p,img/target_10.png
28,3,895,modular,0,v,img/target_5.png
28,3,896,modular,9,p,img/target_10.png
28,3,897,modular,0,v,img/target_5.png
28,3,898,modular,3,r,img/target_4.png
28,3,899,modular,1,w,img/target_2.png
28,3,900,modular,0,v,img/target_5.png
28,3,901,modular,9,p,img/target_10.png
28,3,902,modular,7,u,img/target_7.png
28,3,903,modular,5,b,img/target_6.png
28,3,904,modular,6,i,img/target_8.png
28,3,905,modular,8,o,img/target_9.png
28,3,906,modular,7,u,img/target_7.png
28,3,907,modular,9,p,img/target_10.png
28,3,908,modular,6,i,img/target_8.png
28,3,909,modular,9,p,img/target_10.png
28,3,910,modular,7,u,img/target_7.png
28,3,911,modular,5,b,img/target_6.png
28,3,912,modular,7,u,img/target_7.png
28,3,913,modular,5,b,img/target_6.png
28,3,914,modular,8,o,img/target_9.png
28,3,915,modular,5,b,img/target_6.png
28,3,916,modular,8,o,img/target_9.png
28,3,917,modular,6,i,img/target_8.png
28,3,918,modular,7,u,img/target_7.png
28,3,919,modular,5,b,img/target_6.png
28,3,920,modular,6,i,img/target_8.png
28,3,921,modular,9,p,img/target_10.png
28,3,922,modular,8,o,img/target_9.png
28,3,923,modular,5,b,img/target_6.png
28,3,924,modular,4,q,img/target_1.png
28,3,925,modular,2,e,img/target_3.png
28,3,926,modular,1,w,img/target_2.png
28,3,927,modular,4,q,img/target_1.png
28,3,928,modular,5,b,img/target_6.png
28,3,929,modular,4,q,img/target_1.png
28,3,930,modular,1,w,img/target_2.png
28,3,931,modular,0,v,img/target_5.png
28,3,932,modular,9,p,img/target_10.png
28,3,933,modular,0,v,img/target_5.png
28,3,934,modular,2,e,img/target_3.png
28,3,935,modular,3,r,img/target_4.png
28,3,936,modular,0,v,img/target_5.png
28,3,937,modular,9,p,img/target_10.png
28,3,938,modular,6,i,img/target_8.png
28,3,939,modular,9,p,img/target_10.png
28,3,940,modular,0,v,img/target_5.png
28,3,941,modular,3,r,img/target_4.png
28,3,942,modular,0,v,img/target_5.png
28,3,943,modular,1,w,img/target_2.png
28,3,944,modular,0,v,img/target_5.png
28,3,945,modular,9,p,img/target_10.png
28,3,946,modular,8,o,img/target_9.png
28,3,947,modular,9,p,img/target_10.png
28,3,948,modular,8,o,img/target_9.png
28,3,949,modular,9,p,img/target_10.png
28,3,950,modular,7,u,img/target_7.png
28,3,951,modular,5,b,img/target_6.png
28,3,952,modular,4,q,img/target_1.png
28,3,953,modular,5,b,img/target_6.png
28,3,954,modular,8,o,img/target_9.png
28,3,955,modular,5,b,img/target_6.png
28,3,956,modular,4,q,img/target_1.png
28,3,957,modular,3,r,img/target_4.png
28,3,958,modular,4,q,img/target_1.png
28,3,959,modular,3,r,img/target_4.png
28,3,960,modular,4,q,img/target_1.png
28,3,961,modular,2,e,img/target_3.png
28,3,962,modular,3,r,img/target_4.png
28,3,963,modular,1,w,img/target_2.png
28,3,964,modular,2,e,img/target_3.png
28,3,965,modular,0,v,img/target_5.png
28,3,966,modular,2,e,img/target_3.png
28,3,967,modular,4,q,img/target_1.png
28,3,968,modular,3,r,img/target_4.png
28,3,969,modular,4,q,img/target_1.png
28,3,970,modular,3,r,img/target_4.png
28,3,971,modular,1,w,img/target_2.png
28,3,972,modular,4,q,img/target_1.png
28,3,973,modular,5,b,img/target_6.png
28,3,974,modular,4,q,img/target_1.png
28,3,975,modular,1,w,img/target_2.png
28,3,976,modular,3,r,img/target_4.png
28,3,977,modular,0,v,img/target_5.png
28,3,978,modular,3,r,img/target_4.png
28,3,979,modular,1,w,img/target_2.png
28,3,980,modular,4,q,img/target_1.png
28,3,981,modular,5,b,img/target_6.png
28,3,982,modular,7,u,img/target_7.png
28,3,983,modular,6,i,img/target_8.png
28,3,984,modular,8,o,img/target_9.png
28,3,985,modular,5,b,img/target_6.png
28,3,986,modular,7,u,img/target_7.png
28,3,987,modular,8,o,img/target_9.png
28,3,988,modular,6,i,img/target_8.png
28,3,989,modular,8,o,img/target_9.png
28,3,990,modular,5,b,img/target_6.png
28,3,991,modular,8,o,img/target_9.png
28,3,992,modular,5,b,img/target_6.png
28,3,993,modular,7,u,img/target_7.png
28,3,994,modular,9,p,img/target_10.png
28,3,995,modular,0,v,img/target_5.png
28,3,996,modular,2,e,img/target_3.png
28,3,997,modular,3,r,img/target_4.png
28,3,998,modular,0,v,img/target_5.png
28,3,999,modular,1,w,img/target_2.png
28,3,1000,modular,0,v,img/target_5.png
