pID,trialNum,graph,walk,resp,path
46,1,modular,3,p,img/target_10.png
46,2,modular,1,o,img/target_9.png
46,3,modular,0,u,img/target_7.png
46,4,modular,2,q,img/target_1.png
46,5,modular,1,o,img/target_9.png
46,6,modular,4,v,img/target_5.png
46,7,modular,1,o,img/target_9.png
46,8,modular,0,u,img/target_7.png
46,9,modular,2,q,img/target_1.png
46,10,modular,3,p,img/target_10.png
46,11,modular,0,u,img/target_7.png
46,12,modular,3,p,img/target_10.png
46,13,modular,0,u,img/target_7.png
46,14,modular,3,p,img/target_10.png
46,15,modular,0,u,img/target_7.png
46,16,modular,2,q,img/target_1.png
46,17,modular,4,v,img/target_5.png
46,18,modular,3,p,img/target_10.png
46,19,modular,1,o,img/target_9.png
46,20,modular,2,q,img/target_1.png
46,21,modular,3,p,img/target_10.png
46,22,modular,4,v,img/target_5.png
46,23,modular,2,q,img/target_1.png
46,24,modular,3,p,img/target_10.png
46,25,modular,0,u,img/target_7.png
46,26,modular,3,p,img/target_10.png
46,27,modular,4,v,img/target_5.png
46,28,modular,2,q,img/target_1.png
46,29,modular,3,p,img/target_10.png
46,30,modular,0,u,img/target_7.png
46,31,modular,3,p,img/target_10.png
46,32,modular,2,q,img/target_1.png
46,33,modular,1,o,img/target_9.png
46,34,modular,3,p,img/target_10.png
46,35,modular,4,v,img/target_5.png
46,36,modular,5,b,img/target_6.png
46,37,modular,4,v,img/target_5.png
46,38,modular,5,b,img/target_6.png
46,39,modular,8,e,img/target_3.png
46,40,modular,6,w,img/target_2.png
46,41,modular,5,b,img/target_6.png
46,42,modular,7,i,img/target_8.png
46,43,modular,6,w,img/target_2.png
46,44,modular,5,b,img/target_6.png
46,45,modular,7,i,img/target_8.png
46,46,modular,8,e,img/target_3.png
46,47,modular,9,r,img/target_4.png
46,48,modular,6,w,img/target_2.png
46,49,modular,7,i,img/target_8.png
46,50,modular,5,b,img/target_6.png
46,51,modular,6,w,img/target_2.png
46,52,modular,8,e,img/target_3.png
46,53,modular,6,w,img/target_2.png
46,54,modular,8,e,img/target_3.png
46,55,modular,7,i,img/target_8.png
46,56,modular,5,b,img/target_6.png
46,57,modular,7,i,img/target_8.png
46,58,modular,5,b,img/target_6.png
46,59,modular,7,i,img/target_8.png
46,60,modular,5,b,img/target_6.png
46,61,modular,7,i,img/target_8.png
46,62,modular,6,w,img/target_2.png
46,63,modular,9,r,img/target_4.png
46,64,modular,0,u,img/target_7.png
46,65,modular,9,r,img/target_4.png
46,66,modular,0,u,img/target_7.png
46,67,modular,3,p,img/target_10.png
46,68,modular,4,v,img/target_5.png
46,69,modular,1,o,img/target_9.png
46,70,modular,4,v,img/target_5.png
46,71,modular,5,b,img/target_6.png
46,72,modular,7,i,img/target_8.png
46,73,modular,8,e,img/target_3.png
46,74,modular,9,r,img/target_4.png
46,75,modular,7,i,img/target_8.png
46,76,modular,8,e,img/target_3.png
46,77,modular,5,b,img/target_6.png
46,78,modular,6,w,img/target_2.png
46,79,modular,9,r,img/target_4.png
46,80,modular,6,w,img/target_2.png
46,81,modular,9,r,img/target_4.png
46,82,modular,8,e,img/target_3.png
46,83,modular,6,w,img/target_2.png
46,84,modular,7,i,img/target_8.png
46,85,modular,8,e,img/target_3.png
46,86,modular,7,i,img/target_8.png
46,87,modular,8,e,img/target_3.png
46,88,modular,9,r,img/target_4.png
46,89,modular,0,u,img/target_7.png
46,90,modular,1,o,img/target_9.png
46,91,modular,4,v,img/target_5.png
46,92,modular,2,q,img/target_1.png
46,93,modular,4,v,img/target_5.png
46,94,modular,1,o,img/target_9.png
46,95,modular,3,p,img/target_10.png
46,96,modular,4,v,img/target_5.png
46,97,modular,1,o,img/target_9.png
46,98,modular,3,p,img/target_10.png
46,99,modular,1,o,img/target_9.png
46,100,modular,4,v,img/target_5.png
46,101,modular,1,o,img/target_9.png
46,102,modular,2,q,img/target_1.png
46,103,modular,0,u,img/target_7.png
46,104,modular,9,r,img/target_4.png
46,105,modular,7,i,img/target_8.png
46,106,modular,6,w,img/target_2.png
46,107,modular,8,e,img/target_3.png
46,108,modular,7,i,img/target_8.png
46,109,modular,9,r,img/target_4.png
46,110,modular,7,i,img/target_8.png
46,111,modular,6,w,img/target_2.png
46,112,modular,8,e,img/target_3.png
46,113,modular,6,w,img/target_2.png
46,114,modular,7,i,img/target_8.png
46,115,modular,5,b,img/target_6.png
46,116,modular,7,i,img/target_8.png
46,117,modular,5,b,img/target_6.png
46,118,modular,6,w,img/target_2.png
46,119,modular,7,i,img/target_8.png
46,120,modular,6,w,img/target_2.png
46,121,modular,9,r,img/target_4.png
46,122,modular,7,i,img/target_8.png
46,123,modular,5,b,img/target_6.png
46,124,modular,8,e,img/target_3.png
46,125,modular,6,w,img/target_2.png
46,126,modular,7,i,img/target_8.png
46,127,modular,5,b,img/target_6.png
46,128,modular,6,w,img/target_2.png
46,129,modular,5,b,img/target_6.png
46,130,modular,8,e,img/target_3.png
46,131,modular,6,w,img/target_2.png
46,132,modular,7,i,img/target_8.png
46,133,modular,5,b,img/target_6.png
46,134,modular,6,w,img/target_2.png
46,135,modular,9,r,img/target_4.png
46,136,modular,8,e,img/target_3.png
46,137,modular,7,i,img/target_8.png
46,138,modular,9,r,img/target_4.png
46,139,modular,0,u,img/target_7.png
46,140,modular,9,r,img/target_4.png
46,141,modular,0,u,img/target_7.png
46,142,modular,9,r,img/target_4.png
46,143,modular,0,u,img/target_7.png
46,144,modular,9,r,img/target_4.png
46,145,modular,7,i,img/target_8.png
46,146,modular,9,r,img/target_4.png
46,147,modular,6,w,img/target_2.png
46,148,modular,5,b,img/target_6.png
46,149,modular,7,i,img/target_8.png
46,150,modular,5,b,img/target_6.png
46,151,modular,6,w,img/target_2.png
46,152,modular,8,e,img/target_3.png
46,153,modular,6,w,img/target_2.png
46,154,modular,7,i,img/target_8.png
46,155,modular,9,r,img/target_4.png
46,156,modular,0,u,img/target_7.png
46,157,modular,2,q,img/target_1.png
46,158,modular,1,o,img/target_9.png
46,159,modular,3,p,img/target_10.png
46,160,modular,2,q,img/target_1.png
46,161,modular,1,o,img/target_9.png
46,162,modular,2,q,img/target_1.png
46,163,modular,3,p,img/target_10.png
46,164,modular,4,v,img/target_5.png
46,165,modular,3,p,img/target_10.png
46,166,modular,2,q,img/target_1.png
46,167,modular,1,o,img/target_9.png
46,168,modular,4,v,img/target_5.png
46,169,modular,1,o,img/target_9.png
46,170,modular,3,p,img/target_10.png
46,171,modular,1,o,img/target_9.png
46,172,modular,2,q,img/target_1.png
46,173,modular,0,u,img/target_7.png
46,174,modular,1,o,img/target_9.png
46,175,modular,0,u,img/target_7.png
46,176,modular,3,p,img/target_10.png
46,177,modular,1,o,img/target_9.png
46,178,modular,0,u,img/target_7.png
46,179,modular,3,p,img/target_10.png
46,180,modular,1,o,img/target_9.png
46,181,modular,3,p,img/target_10.png
46,182,modular,4,v,img/target_5.png
46,183,modular,3,p,img/target_10.png
46,184,modular,2,q,img/target_1.png
46,185,modular,0,u,img/target_7.png
46,186,modular,3,p,img/target_10.png
46,187,modular,4,v,img/target_5.png
46,188,modular,3,p,img/target_10.png
46,189,modular,4,v,img/target_5.png
46,190,modular,5,b,img/target_6.png
46,191,modular,6,w,img/target_2.png
46,192,modular,7,i,img/target_8.png
46,193,modular,6,w,img/target_2.png
46,194,modular,7,i,img/target_8.png
46,195,modular,6,w,img/target_2.png
46,196,modular,7,i,img/target_8.png
46,197,modular,5,b,img/target_6.png
46,198,modular,4,v,img/target_5.png
46,199,modular,3,p,img/target_10.png
46,200,modular,4,v,img/target_5.png
46,201,modular,5,b,img/target_6.png
46,202,modular,8,e,img/target_3.png
46,203,modular,9,r,img/target_4.png
46,204,modular,6,w,img/target_2.png
46,205,modular,5,b,img/target_6.png
46,206,modular,8,e,img/target_3.png
46,207,modular,9,r,img/target_4.png
46,208,modular,6,w,img/target_2.png
46,209,modular,5,b,img/target_6.png
46,210,modular,8,e,img/target_3.png
46,211,modular,5,b,img/target_6.png
46,212,modular,4,v,img/target_5.png
46,213,modular,2,q,img/target_1.png
46,214,modular,4,v,img/target_5.png
46,215,modular,2,q,img/target_1.png
46,216,modular,4,v,img/target_5.png
46,217,modular,1,o,img/target_9.png
46,218,modular,4,v,img/target_5.png
46,219,modular,5,b,img/target_6.png
46,220,modular,8,e,img/target_3.png
46,221,modular,7,i,img/target_8.png
46,222,modular,8,e,img/target_3.png
46,223,modular,9,r,img/target_4.png
46,224,modular,6,w,img/target_2.png
46,225,modular,7,i,img/target_8.png
46,226,modular,5,b,img/target_6.png
46,227,modular,8,e,img/target_3.png
46,228,modular,7,i,img/target_8.png
46,229,modular,9,r,img/target_4.png
46,230,modular,8,e,img/target_3.png
46,231,modular,9,r,img/target_4.png
46,232,modular,7,i,img/target_8.png
46,233,modular,8,e,img/target_3.png
46,234,modular,7,i,img/target_8.png
46,235,modular,6,w,img/target_2.png
46,236,modular,8,e,img/target_3.png
46,237,modular,9,r,img/target_4.png
46,238,modular,8,e,img/target_3.png
46,239,modular,5,b,img/target_6.png
46,240,modular,4,v,img/target_5.png
46,241,modular,1,o,img/target_9.png
46,242,modular,3,p,img/target_10.png
46,243,modular,2,q,img/target_1.png
46,244,modular,0,u,img/target_7.png
46,245,modular,9,r,img/target_4.png
46,246,modular,6,w,img/target_2.png
46,247,modular,5,b,img/target_6.png
46,248,modular,4,v,img/target_5.png
46,249,modular,1,o,img/target_9.png
46,250,modular,2,q,img/target_1.png
46,251,modular,4,v,img/target_5.png
46,252,modular,5,b,img/target_6.png
46,253,modular,8,e,img/target_3.png
46,254,modular,9,r,img/target_4.png
46,255,modular,6,w,img/target_2.png
46,256,modular,7,i,img/target_8.png
46,257,modular,9,r,img/target_4.png
46,258,modular,0,u,img/target_7.png
46,259,modular,9,r,img/target_4.png
46,260,modular,0,u,img/target_7.png
46,261,modular,2,q,img/target_1.png
46,262,modular,4,v,img/target_5.png
46,263,modular,5,b,img/target_6.png
46,264,modular,8,e,img/target_3.png
46,265,modular,5,b,img/target_6.png
46,266,modular,4,v,img/target_5.png
46,267,modular,2,q,img/target_1.png
46,268,modular,1,o,img/target_9.png
46,269,modular,0,u,img/target_7.png
46,270,modular,3,p,img/target_10.png
46,271,modular,2,q,img/target_1.png
46,272,modular,3,p,img/target_10.png
46,273,modular,2,q,img/target_1.png
46,274,modular,1,o,img/target_9.png
46,275,modular,4,v,img/target_5.png
46,276,modular,1,o,img/target_9.png
46,277,modular,3,p,img/target_10.png
46,278,modular,0,u,img/target_7.png
46,279,modular,2,q,img/target_1.png
46,280,modular,0,u,img/target_7.png
46,281,modular,9,r,img/target_4.png
46,282,modular,8,e,img/target_3.png
46,283,modular,6,w,img/target_2.png
46,284,modular,9,r,img/target_4.png
46,285,modular,0,u,img/target_7.png
46,286,modular,3,p,img/target_10.png
46,287,modular,2,q,img/target_1.png
46,288,modular,1,o,img/target_9.png
46,289,modular,4,v,img/target_5.png
46,290,modular,1,o,img/target_9.png
46,291,modular,0,u,img/target_7.png
46,292,modular,3,p,img/target_10.png
46,293,modular,2,q,img/target_1.png
46,294,modular,3,p,img/target_10.png
46,295,modular,4,v,img/target_5.png
46,296,modular,2,q,img/target_1.png
46,297,modular,3,p,img/target_10.png
46,298,modular,0,u,img/target_7.png
46,299,modular,3,p,img/target_10.png
46,300,modular,4,v,img/target_5.png
46,301,modular,5,b,img/target_6.png
46,302,modular,4,v,img/target_5.png
46,303,modular,1,o,img/target_9.png
46,304,modular,3,p,img/target_10.png
46,305,modular,2,q,img/target_1.png
46,306,modular,4,v,img/target_5.png
46,307,modular,5,b,img/target_6.png
46,308,modular,6,w,img/target_2.png
46,309,modular,9,r,img/target_4.png
46,310,modular,8,e,img/target_3.png
46,311,modular,6,w,img/target_2.png
46,312,modular,7,i,img/target_8.png
46,313,modular,5,b,img/target_6.png
46,314,modular,8,e,img/target_3.png
46,315,modular,6,w,img/target_2.png
46,316,modular,9,r,img/target_4.png
46,317,modular,0,u,img/target_7.png
46,318,modular,1,o,img/target_9.png
46,319,modular,2,q,img/target_1.png
46,320,modular,3,p,img/target_10.png
46,321,modular,0,u,img/target_7.png
46,322,modular,3,p,img/target_10.png
46,323,modular,0,u,img/target_7.png
46,324,modular,9,r,img/target_4.png
46,325,modular,8,e,img/target_3.png
46,326,modular,7,i,img/target_8.png
46,327,modular,8,e,img/target_3.png
46,328,modular,5,b,img/target_6.png
46,329,modular,8,e,img/target_3.png
46,330,modular,7,i,img/target_8.png
46,331,modular,6,w,img/target_2.png
46,332,modular,7,i,img/target_8.png
46,333,modular,8,e,img/target_3.png
46,334,modular,9,r,img/target_4.png
46,335,modular,7,i,img/target_8.png
46,336,modular,8,e,img/target_3.png
46,337,modular,7,i,img/target_8.png
46,338,modular,5,b,img/target_6.png
46,339,modular,7,i,img/target_8.png
46,340,modular,6,w,img/target_2.png
46,341,modular,5,b,img/target_6.png
46,342,modular,6,w,img/target_2.png
46,343,modular,5,b,img/target_6.png
46,344,modular,7,i,img/target_8.png
46,345,modular,8,e,img/target_3.png
46,346,modular,7,i,img/target_8.png
46,347,modular,8,e,img/target_3.png
46,348,modular,5,b,img/target_6.png
46,349,modular,4,v,img/target_5.png
46,350,modular,1,o,img/target_9.png
46,351,modular,3,p,img/target_10.png
46,352,modular,4,v,img/target_5.png
46,353,modular,1,o,img/target_9.png
46,354,modular,2,q,img/target_1.png
46,355,modular,0,u,img/target_7.png
46,356,modular,1,o,img/target_9.png
46,357,modular,0,u,img/target_7.png
46,358,modular,1,o,img/target_9.png
46,359,modular,0,u,img/target_7.png
46,360,modular,1,o,img/target_9.png
46,361,modular,3,p,img/target_10.png
46,362,modular,1,o,img/target_9.png
46,363,modular,2,q,img/target_1.png
46,364,modular,1,o,img/target_9.png
46,365,modular,4,v,img/target_5.png
46,366,modular,3,p,img/target_10.png
46,367,modular,4,v,img/target_5.png
46,368,modular,2,q,img/target_1.png
46,369,modular,0,u,img/target_7.png
46,370,modular,9,r,img/target_4.png
46,371,modular,6,w,img/target_2.png
46,372,modular,7,i,img/target_8.png
46,373,modular,9,r,img/target_4.png
46,374,modular,7,i,img/target_8.png
46,375,modular,9,r,img/target_4.png
46,376,modular,0,u,img/target_7.png
46,377,modular,1,o,img/target_9.png
46,378,modular,4,v,img/target_5.png
46,379,modular,1,o,img/target_9.png
46,380,modular,2,q,img/target_1.png
46,381,modular,3,p,img/target_10.png
46,382,modular,0,u,img/target_7.png
46,383,modular,3,p,img/target_10.png
46,384,modular,0,u,img/target_7.png
46,385,modular,2,q,img/target_1.png
46,386,modular,3,p,img/target_10.png
46,387,modular,2,q,img/target_1.png
46,388,modular,4,v,img/target_5.png
46,389,modular,5,b,img/target_6.png
46,390,modular,7,i,img/target_8.png
46,391,modular,8,e,img/target_3.png
46,392,modular,5,b,img/target_6.png
46,393,modular,6,w,img/target_2.png
46,394,modular,7,i,img/target_8.png
46,395,modular,9,r,img/target_4.png
46,396,modular,6,w,img/target_2.png
46,397,modular,7,i,img/target_8.png
46,398,modular,6,w,img/target_2.png
46,399,modular,5,b,img/target_6.png
46,400,modular,4,v,img/target_5.png
46,401,modular,3,p,img/target_10.png
46,402,modular,1,o,img/target_9.png
46,403,modular,0,u,img/target_7.png
46,404,modular,2,q,img/target_1.png
46,405,modular,4,v,img/target_5.png
46,406,modular,1,o,img/target_9.png
46,407,modular,0,u,img/target_7.png
46,408,modular,3,p,img/target_10.png
46,409,modular,2,q,img/target_1.png
46,410,modular,1,o,img/target_9.png
46,411,modular,0,u,img/target_7.png
46,412,modular,1,o,img/target_9.png
46,413,modular,0,u,img/target_7.png
46,414,modular,3,p,img/target_10.png
46,415,modular,4,v,img/target_5.png
46,416,modular,5,b,img/target_6.png
46,417,modular,6,w,img/target_2.png
46,418,modular,5,b,img/target_6.png
46,419,modular,8,e,img/target_3.png
46,420,modular,7,i,img/target_8.png
46,421,modular,5,b,img/target_6.png
46,422,modular,8,e,img/target_3.png
46,423,modular,9,r,img/target_4.png
46,424,modular,8,e,img/target_3.png
46,425,modular,6,w,img/target_2.png
46,426,modular,5,b,img/target_6.png
46,427,modular,7,i,img/target_8.png
46,428,modular,6,w,img/target_2.png
46,429,modular,8,e,img/target_3.png
46,430,modular,5,b,img/target_6.png
46,431,modular,8,e,img/target_3.png
46,432,modular,9,r,img/target_4.png
46,433,modular,6,w,img/target_2.png
46,434,modular,8,e,img/target_3.png
46,435,modular,5,b,img/target_6.png
46,436,modular,8,e,img/target_3.png
46,437,modular,6,w,img/target_2.png
46,438,modular,5,b,img/target_6.png
46,439,modular,4,v,img/target_5.png
46,440,modular,3,p,img/target_10.png
46,441,modular,2,q,img/target_1.png
46,442,modular,1,o,img/target_9.png
46,443,modular,2,q,img/target_1.png
46,444,modular,3,p,img/target_10.png
46,445,modular,4,v,img/target_5.png
46,446,modular,2,q,img/target_1.png
46,447,modular,4,v,img/target_5.png
46,448,modular,2,q,img/target_1.png
46,449,modular,1,o,img/target_9.png
46,450,modular,2,q,img/target_1.png
46,451,modular,0,u,img/target_7.png
46,452,modular,2,q,img/target_1.png
46,453,modular,1,o,img/target_9.png
46,454,modular,2,q,img/target_1.png
46,455,modular,1,o,img/target_9.png
46,456,modular,3,p,img/target_10.png
46,457,modular,2,q,img/target_1.png
46,458,modular,1,o,img/target_9.png
46,459,modular,2,q,img/target_1.png
46,460,modular,0,u,img/target_7.png
46,461,modular,3,p,img/target_10.png
46,462,modular,1,o,img/target_9.png
46,463,modular,3,p,img/target_10.png
46,464,modular,1,o,img/target_9.png
46,465,modular,4,v,img/target_5.png
46,466,modular,2,q,img/target_1.png
46,467,modular,0,u,img/target_7.png
46,468,modular,2,q,img/target_1.png
46,469,modular,4,v,img/target_5.png
46,470,modular,3,p,img/target_10.png
46,471,modular,2,q,img/target_1.png
46,472,modular,1,o,img/target_9.png
46,473,modular,4,v,img/target_5.png
46,474,modular,3,p,img/target_10.png
46,475,modular,4,v,img/target_5.png
46,476,modular,3,p,img/target_10.png
46,477,modular,0,u,img/target_7.png
46,478,modular,3,p,img/target_10.png
46,479,modular,4,v,img/target_5.png
46,480,modular,2,q,img/target_1.png
46,481,modular,4,v,img/target_5.png
46,482,modular,2,q,img/target_1.png
46,483,modular,0,u,img/target_7.png
46,484,modular,1,o,img/target_9.png
46,485,modular,0,u,img/target_7.png
46,486,modular,9,r,img/target_4.png
46,487,modular,0,u,img/target_7.png
46,488,modular,2,q,img/target_1.png
46,489,modular,4,v,img/target_5.png
46,490,modular,2,q,img/target_1.png
46,491,modular,3,p,img/target_10.png
46,492,modular,1,o,img/target_9.png
46,493,modular,4,v,img/target_5.png
46,494,modular,3,p,img/target_10.png
46,495,modular,0,u,img/target_7.png
46,496,modular,3,p,img/target_10.png
46,497,modular,0,u,img/target_7.png
46,498,modular,1,o,img/target_9.png
46,499,modular,3,p,img/target_10.png
46,500,modular,0,u,img/target_7.png
46,501,modular,3,p,img/target_10.png
46,502,modular,0,u,img/target_7.png
46,503,modular,9,r,img/target_4.png
46,504,modular,6,w,img/target_2.png
46,505,modular,5,b,img/target_6.png
46,506,modular,8,e,img/target_3.png
46,507,modular,7,i,img/target_8.png
46,508,modular,5,b,img/target_6.png
46,509,modular,8,e,img/target_3.png
46,510,modular,5,b,img/target_6.png
46,511,modular,7,i,img/target_8.png
46,512,modular,9,r,img/target_4.png
46,513,modular,8,e,img/target_3.png
46,514,modular,9,r,img/target_4.png
46,515,modular,7,i,img/target_8.png
46,516,modular,6,w,img/target_2.png
46,517,modular,7,i,img/target_8.png
46,518,modular,5,b,img/target_6.png
46,519,modular,7,i,img/target_8.png
46,520,modular,5,b,img/target_6.png
46,521,modular,4,v,img/target_5.png
46,522,modular,5,b,img/target_6.png
46,523,modular,6,w,img/target_2.png
46,524,modular,7,i,img/target_8.png
46,525,modular,8,e,img/target_3.png
46,526,modular,5,b,img/target_6.png
46,527,modular,8,e,img/target_3.png
46,528,modular,7,i,img/target_8.png
46,529,modular,6,w,img/target_2.png
46,530,modular,5,b,img/target_6.png
46,531,modular,7,i,img/target_8.png
46,532,modular,8,e,img/target_3.png
46,533,modular,6,w,img/target_2.png
46,534,modular,7,i,img/target_8.png
46,535,modular,6,w,img/target_2.png
46,536,modular,7,i,img/target_8.png
46,537,modular,5,b,img/target_6.png
46,538,modular,6,w,img/target_2.png
46,539,modular,5,b,img/target_6.png
46,540,modular,4,v,img/target_5.png
46,541,modular,2,q,img/target_1.png
46,542,modular,1,o,img/target_9.png
46,543,modular,0,u,img/target_7.png
46,544,modular,1,o,img/target_9.png
46,545,modular,0,u,img/target_7.png
46,546,modular,2,q,img/target_1.png
46,547,modular,1,o,img/target_9.png
46,548,modular,4,v,img/target_5.png
46,549,modular,1,o,img/target_9.png
46,550,modular,2,q,img/target_1.png
46,551,modular,4,v,img/target_5.png
46,552,modular,2,q,img/target_1.png
46,553,modular,3,p,img/target_10.png
46,554,modular,0,u,img/target_7.png
46,555,modular,9,r,img/target_4.png
46,556,modular,7,i,img/target_8.png
46,557,modular,8,e,img/target_3.png
46,558,modular,5,b,img/target_6.png
46,559,modular,6,w,img/target_2.png
46,560,modular,7,i,img/target_8.png
46,561,modular,5,b,img/target_6.png
46,562,modular,7,i,img/target_8.png
46,563,modular,5,b,img/target_6.png
46,564,modular,4,v,img/target_5.png
46,565,modular,2,q,img/target_1.png
46,566,modular,0,u,img/target_7.png
46,567,modular,1,o,img/target_9.png
46,568,modular,3,p,img/target_10.png
46,569,modular,0,u,img/target_7.png
46,570,modular,9,r,img/target_4.png
46,571,modular,7,i,img/target_8.png
46,572,modular,6,w,img/target_2.png
46,573,modular,8,e,img/target_3.png
46,574,modular,9,r,img/target_4.png
46,575,modular,7,i,img/target_8.png
46,576,modular,5,b,img/target_6.png
46,577,modular,6,w,img/target_2.png
46,578,modular,8,e,img/target_3.png
46,579,modular,6,w,img/target_2.png
46,580,modular,9,r,img/target_4.png
46,581,modular,0,u,img/target_7.png
46,582,modular,9,r,img/target_4.png
46,583,modular,8,e,img/target_3.png
46,584,modular,6,w,img/target_2.png
46,585,modular,5,b,img/target_6.png
46,586,modular,6,w,img/target_2.png
46,587,modular,9,r,img/target_4.png
46,588,modular,7,i,img/target_8.png
46,589,modular,8,e,img/target_3.png
46,590,modular,6,w,img/target_2.png
46,591,modular,5,b,img/target_6.png
46,592,modular,6,w,img/target_2.png
46,593,modular,5,b,img/target_6.png
46,594,modular,4,v,img/target_5.png
46,595,modular,5,b,img/target_6.png
46,596,modular,6,w,img/target_2.png
46,597,modular,9,r,img/target_4.png
46,598,modular,6,w,img/target_2.png
46,599,modular,5,b,img/target_6.png
46,600,modular,4,v,img/target_5.png
46,601,modular,2,q,img/target_1.png
46,602,modular,3,p,img/target_10.png
46,603,modular,0,u,img/target_7.png
46,604,modular,3,p,img/target_10.png
46,605,modular,0,u,img/target_7.png
46,606,modular,3,p,img/target_10.png
46,607,modular,4,v,img/target_5.png
46,608,modular,3,p,img/target_10.png
46,609,modular,2,q,img/target_1.png
46,610,modular,4,v,img/target_5.png
46,611,modular,5,b,img/target_6.png
46,612,modular,6,w,img/target_2.png
46,613,modular,5,b,img/target_6.png
46,614,modular,4,v,img/target_5.png
46,615,modular,3,p,img/target_10.png
46,616,modular,1,o,img/target_9.png
46,617,modular,0,u,img/target_7.png
46,618,modular,2,q,img/target_1.png
46,619,modular,3,p,img/target_10.png
46,620,modular,2,q,img/target_1.png
46,621,modular,3,p,img/target_10.png
46,622,modular,2,q,img/target_1.png
46,623,modular,0,u,img/target_7.png
46,624,modular,3,p,img/target_10.png
46,625,modular,1,o,img/target_9.png
46,626,modular,3,p,img/target_10.png
46,627,modular,1,o,img/target_9.png
46,628,modular,3,p,img/target_10.png
46,629,modular,0,u,img/target_7.png
46,630,modular,9,r,img/target_4.png
46,631,modular,0,u,img/target_7.png
46,632,modular,1,o,img/target_9.png
46,633,modular,3,p,img/target_10.png
46,634,modular,1,o,img/target_9.png
46,635,modular,3,p,img/target_10.png
46,636,modular,2,q,img/target_1.png
46,637,modular,1,o,img/target_9.png
46,638,modular,0,u,img/target_7.png
46,639,modular,3,p,img/target_10.png
46,640,modular,0,u,img/target_7.png
46,641,modular,9,r,img/target_4.png
46,642,modular,7,i,img/target_8.png
46,643,modular,9,r,img/target_4.png
46,644,modular,8,e,img/target_3.png
46,645,modular,9,r,img/target_4.png
46,646,modular,6,w,img/target_2.png
46,647,modular,9,r,img/target_4.png
46,648,modular,8,e,img/target_3.png
46,649,modular,5,b,img/target_6.png
46,650,modular,8,e,img/target_3.png
46,651,modular,7,i,img/target_8.png
46,652,modular,5,b,img/target_6.png
46,653,modular,8,e,img/target_3.png
46,654,modular,6,w,img/target_2.png
46,655,modular,8,e,img/target_3.png
46,656,modular,7,i,img/target_8.png
46,657,modular,6,w,img/target_2.png
46,658,modular,7,i,img/target_8.png
46,659,modular,8,e,img/target_3.png
46,660,modular,9,r,img/target_4.png
46,661,modular,8,e,img/target_3.png
46,662,modular,5,b,img/target_6.png
46,663,modular,8,e,img/target_3.png
46,664,modular,7,i,img/target_8.png
46,665,modular,9,r,img/target_4.png
46,666,modular,7,i,img/target_8.png
46,667,modular,6,w,img/target_2.png
46,668,modular,5,b,img/target_6.png
46,669,modular,6,w,img/target_2.png
46,670,modular,8,e,img/target_3.png
46,671,modular,5,b,img/target_6.png
46,672,modular,4,v,img/target_5.png
46,673,modular,2,q,img/target_1.png
46,674,modular,0,u,img/target_7.png
46,675,modular,2,q,img/target_1.png
46,676,modular,3,p,img/target_10.png
46,677,modular,0,u,img/target_7.png
46,678,modular,9,r,img/target_4.png
46,679,modular,0,u,img/target_7.png
46,680,modular,9,r,img/target_4.png
46,681,modular,7,i,img/target_8.png
46,682,modular,5,b,img/target_6.png
46,683,modular,4,v,img/target_5.png
46,684,modular,2,q,img/target_1.png
46,685,modular,4,v,img/target_5.png
46,686,modular,5,b,img/target_6.png
46,687,modular,8,e,img/target_3.png
46,688,modular,7,i,img/target_8.png
46,689,modular,5,b,img/target_6.png
46,690,modular,6,w,img/target_2.png
46,691,modular,7,i,img/target_8.png
46,692,modular,5,b,img/target_6.png
46,693,modular,4,v,img/target_5.png
46,694,modular,3,p,img/target_10.png
46,695,modular,0,u,img/target_7.png
46,696,modular,1,o,img/target_9.png
46,697,modular,2,q,img/target_1.png
46,698,modular,3,p,img/target_10.png
46,699,modular,1,o,img/target_9.png
46,700,modular,3,p,img/target_10.png
46,701,modular,2,q,img/target_1.png
46,702,modular,1,o,img/target_9.png
46,703,modular,4,v,img/target_5.png
46,704,modular,3,p,img/target_10.png
46,705,modular,1,o,img/target_9.png
46,706,modular,2,q,img/target_1.png
46,707,modular,3,p,img/target_10.png
46,708,modular,1,o,img/target_9.png
46,709,modular,2,q,img/target_1.png
46,710,modular,1,o,img/target_9.png
46,711,modular,3,p,img/target_10.png
46,712,modular,4,v,img/target_5.png
46,713,modular,2,q,img/target_1.png
46,714,modular,3,p,img/target_10.png
46,715,modular,1,o,img/target_9.png
46,716,modular,3,p,img/target_10.png
46,717,modular,0,u,img/target_7.png
46,718,modular,3,p,img/target_10.png
46,719,modular,2,q,img/target_1.png
46,720,modular,0,u,img/target_7.png
46,721,modular,1,o,img/target_9.png
46,722,modular,2,q,img/target_1.png
46,723,modular,0,u,img/target_7.png
46,724,modular,9,r,img/target_4.png
46,725,modular,7,i,img/target_8.png
46,726,modular,5,b,img/target_6.png
46,727,modular,4,v,img/target_5.png
46,728,modular,3,p,img/target_10.png
46,729,modular,2,q,img/target_1.png
46,730,modular,1,o,img/target_9.png
46,731,modular,2,q,img/target_1.png
46,732,modular,3,p,img/target_10.png
46,733,modular,2,q,img/target_1.png
46,734,modular,3,p,img/target_10.png
46,735,modular,4,v,img/target_5.png
46,736,modular,2,q,img/target_1.png
46,737,modular,1,o,img/target_9.png
46,738,modular,3,p,img/target_10.png
46,739,modular,1,o,img/target_9.png
46,740,modular,3,p,img/target_10.png
46,741,modular,0,u,img/target_7.png
46,742,modular,3,p,img/target_10.png
46,743,modular,1,o,img/target_9.png
46,744,modular,3,p,img/target_10.png
46,745,modular,0,u,img/target_7.png
46,746,modular,2,q,img/target_1.png
46,747,modular,0,u,img/target_7.png
46,748,modular,3,p,img/target_10.png
46,749,modular,0,u,img/target_7.png
46,750,modular,3,p,img/target_10.png
46,751,modular,0,u,img/target_7.png
46,752,modular,1,o,img/target_9.png
46,753,modular,3,p,img/target_10.png
46,754,modular,2,q,img/target_1.png
46,755,modular,0,u,img/target_7.png
46,756,modular,9,r,img/target_4.png
46,757,modular,6,w,img/target_2.png
46,758,modular,5,b,img/target_6.png
46,759,modular,8,e,img/target_3.png
46,760,modular,5,b,img/target_6.png
46,761,modular,7,i,img/target_8.png
46,762,modular,5,b,img/target_6.png
46,763,modular,6,w,img/target_2.png
46,764,modular,5,b,img/target_6.png
46,765,modular,8,e,img/target_3.png
46,766,modular,5,b,img/target_6.png
46,767,modular,7,i,img/target_8.png
46,768,modular,5,b,img/target_6.png
46,769,modular,6,w,img/target_2.png
46,770,modular,7,i,img/target_8.png
46,771,modular,9,r,img/target_4.png
46,772,modular,0,u,img/target_7.png
46,773,modular,2,q,img/target_1.png
46,774,modular,3,p,img/target_10.png
46,775,modular,1,o,img/target_9.png
46,776,modular,3,p,img/target_10.png
46,777,modular,2,q,img/target_1.png
46,778,modular,4,v,img/target_5.png
46,779,modular,3,p,img/target_10.png
46,780,modular,2,q,img/target_1.png
46,781,modular,1,o,img/target_9.png
46,782,modular,4,v,img/target_5.png
46,783,modular,2,q,img/target_1.png
46,784,modular,3,p,img/target_10.png
46,785,modular,4,v,img/target_5.png
46,786,modular,3,p,img/target_10.png
46,787,modular,4,v,img/target_5.png
46,788,modular,2,q,img/target_1.png
46,789,modular,0,u,img/target_7.png
46,790,modular,1,o,img/target_9.png
46,791,modular,4,v,img/target_5.png
46,792,modular,3,p,img/target_10.png
46,793,modular,4,v,img/target_5.png
46,794,modular,2,q,img/target_1.png
46,795,modular,3,p,img/target_10.png
46,796,modular,4,v,img/target_5.png
46,797,modular,1,o,img/target_9.png
46,798,modular,2,q,img/target_1.png
46,799,modular,1,o,img/target_9.png
46,800,modular,2,q,img/target_1.png
46,801,modular,0,u,img/target_7.png
46,802,modular,9,r,img/target_4.png
46,803,modular,8,e,img/target_3.png
46,804,modular,7,i,img/target_8.png
46,805,modular,9,r,img/target_4.png
46,806,modular,7,i,img/target_8.png
46,807,modular,5,b,img/target_6.png
46,808,modular,4,v,img/target_5.png
46,809,modular,3,p,img/target_10.png
46,810,modular,1,o,img/target_9.png
46,811,modular,2,q,img/target_1.png
46,812,modular,1,o,img/target_9.png
46,813,modular,4,v,img/target_5.png
46,814,modular,1,o,img/target_9.png
46,815,modular,3,p,img/target_10.png
46,816,modular,0,u,img/target_7.png
46,817,modular,2,q,img/target_1.png
46,818,modular,4,v,img/target_5.png
46,819,modular,2,q,img/target_1.png
46,820,modular,0,u,img/target_7.png
46,821,modular,9,r,img/target_4.png
46,822,modular,6,w,img/target_2.png
46,823,modular,5,b,img/target_6.png
46,824,modular,4,v,img/target_5.png
46,825,modular,5,b,img/target_6.png
46,826,modular,7,i,img/target_8.png
46,827,modular,8,e,img/target_3.png
46,828,modular,5,b,img/target_6.png
46,829,modular,4,v,img/target_5.png
46,830,modular,2,q,img/target_1.png
46,831,modular,1,o,img/target_9.png
46,832,modular,4,v,img/target_5.png
46,833,modular,3,p,img/target_10.png
46,834,modular,4,v,img/target_5.png
46,835,modular,1,o,img/target_9.png
46,836,modular,0,u,img/target_7.png
46,837,modular,2,q,img/target_1.png
46,838,modular,3,p,img/target_10.png
46,839,modular,4,v,img/target_5.png
46,840,modular,3,p,img/target_10.png
46,841,modular,2,q,img/target_1.png
46,842,modular,4,v,img/target_5.png
46,843,modular,2,q,img/target_1.png
46,844,modular,1,o,img/target_9.png
46,845,modular,2,q,img/target_1.png
46,846,modular,1,o,img/target_9.png
46,847,modular,3,p,img/target_10.png
46,848,modular,4,v,img/target_5.png
46,849,modular,2,q,img/target_1.png
46,850,modular,0,u,img/target_7.png
46,851,modular,9,r,img/target_4.png
46,852,modular,6,w,img/target_2.png
46,853,modular,7,i,img/target_8.png
46,854,modular,9,r,img/target_4.png
46,855,modular,8,e,img/target_3.png
46,856,modular,6,w,img/target_2.png
46,857,modular,5,b,img/target_6.png
46,858,modular,4,v,img/target_5.png
46,859,modular,5,b,img/target_6.png
46,860,modular,8,e,img/target_3.png
46,861,modular,9,r,img/target_4.png
46,862,modular,7,i,img/target_8.png
46,863,modular,5,b,img/target_6.png
46,864,modular,6,w,img/target_2.png
46,865,modular,7,i,img/target_8.png
46,866,modular,5,b,img/target_6.png
46,867,modular,6,w,img/target_2.png
46,868,modular,9,r,img/target_4.png
46,869,modular,8,e,img/target_3.png
46,870,modular,9,r,img/target_4.png
46,871,modular,7,i,img/target_8.png
46,872,modular,9,r,img/target_4.png
46,873,modular,7,i,img/target_8.png
46,874,modular,9,r,img/target_4.png
46,875,modular,6,w,img/target_2.png
46,876,modular,5,b,img/target_6.png
46,877,modular,8,e,img/target_3.png
46,878,modular,9,r,img/target_4.png
46,879,modular,8,e,img/target_3.png
46,880,modular,5,b,img/target_6.png
46,881,modular,7,i,img/target_8.png
46,882,modular,9,r,img/target_4.png
46,883,modular,8,e,img/target_3.png
46,884,modular,5,b,img/target_6.png
46,885,modular,4,v,img/target_5.png
46,886,modular,5,b,img/target_6.png
46,887,modular,7,i,img/target_8.png
46,888,modular,8,e,img/target_3.png
46,889,modular,6,w,img/target_2.png
46,890,modular,5,b,img/target_6.png
46,891,modular,6,w,img/target_2.png
46,892,modular,8,e,img/target_3.png
46,893,modular,6,w,img/target_2.png
46,894,modular,8,e,img/target_3.png
46,895,modular,5,b,img/target_6.png
46,896,modular,7,i,img/target_8.png
46,897,modular,8,e,img/target_3.png
46,898,modular,9,r,img/target_4.png
46,899,modular,0,u,img/target_7.png
46,900,modular,3,p,img/target_10.png
46,901,modular,2,q,img/target_1.png
46,902,modular,1,o,img/target_9.png
46,903,modular,4,v,img/target_5.png
46,904,modular,5,b,img/target_6.png
46,905,modular,8,e,img/target_3.png
46,906,modular,9,r,img/target_4.png
46,907,modular,7,i,img/target_8.png
46,908,modular,6,w,img/target_2.png
46,909,modular,7,i,img/target_8.png
46,910,modular,9,r,img/target_4.png
46,911,modular,6,w,img/target_2.png
46,912,modular,8,e,img/target_3.png
46,913,modular,5,b,img/target_6.png
46,914,modular,7,i,img/target_8.png
46,915,modular,6,w,img/target_2.png
46,916,modular,8,e,img/target_3.png
46,917,modular,5,b,img/target_6.png
46,918,modular,7,i,img/target_8.png
46,919,modular,6,w,img/target_2.png
46,920,modular,9,r,img/target_4.png
46,921,modular,7,i,img/target_8.png
46,922,modular,5,b,img/target_6.png
46,923,modular,4,v,img/target_5.png
46,924,modular,3,p,img/target_10.png
46,925,modular,0,u,img/target_7.png
46,926,modular,2,q,img/target_1.png
46,927,modular,4,v,img/target_5.png
46,928,modular,1,o,img/target_9.png
46,929,modular,2,q,img/target_1.png
46,930,modular,4,v,img/target_5.png
46,931,modular,2,q,img/target_1.png
46,932,modular,0,u,img/target_7.png
46,933,modular,3,p,img/target_10.png
46,934,modular,0,u,img/target_7.png
46,935,modular,2,q,img/target_1.png
46,936,modular,4,v,img/target_5.png
46,937,modular,1,o,img/target_9.png
46,938,modular,0,u,img/target_7.png
46,939,modular,3,p,img/target_10.png
46,940,modular,2,q,img/target_1.png
46,941,modular,3,p,img/target_10.png
46,942,modular,2,q,img/target_1.png
46,943,modular,3,p,img/target_10.png
46,944,modular,2,q,img/target_1.png
46,945,modular,4,v,img/target_5.png
46,946,modular,5,b,img/target_6.png
46,947,modular,8,e,img/target_3.png
46,948,modular,5,b,img/target_6.png
46,949,modular,7,i,img/target_8.png
46,950,modular,5,b,img/target_6.png
46,951,modular,8,e,img/target_3.png
46,952,modular,6,w,img/target_2.png
46,953,modular,5,b,img/target_6.png
46,954,modular,4,v,img/target_5.png
46,955,modular,5,b,img/target_6.png
46,956,modular,8,e,img/target_3.png
46,957,modular,7,i,img/target_8.png
46,958,modular,9,r,img/target_4.png
46,959,modular,8,e,img/target_3.png
46,960,modular,5,b,img/target_6.png
46,961,modular,7,i,img/target_8.png
46,962,modular,6,w,img/target_2.png
46,963,modular,9,r,img/target_4.png
46,964,modular,8,e,img/target_3.png
46,965,modular,7,i,img/target_8.png
46,966,modular,9,r,img/target_4.png
46,967,modular,6,w,img/target_2.png
46,968,modular,7,i,img/target_8.png
46,969,modular,6,w,img/target_2.png
46,970,modular,8,e,img/target_3.png
46,971,modular,9,r,img/target_4.png
46,972,modular,0,u,img/target_7.png
46,973,modular,1,o,img/target_9.png
46,974,modular,4,v,img/target_5.png
46,975,modular,1,o,img/target_9.png
46,976,modular,0,u,img/target_7.png
46,977,modular,3,p,img/target_10.png
46,978,modular,0,u,img/target_7.png
46,979,modular,2,q,img/target_1.png
46,980,modular,3,p,img/target_10.png
46,981,modular,4,v,img/target_5.png
46,982,modular,1,o,img/target_9.png
46,983,modular,2,q,img/target_1.png
46,984,modular,4,v,img/target_5.png
46,985,modular,5,b,img/target_6.png
46,986,modular,7,i,img/target_8.png
46,987,modular,5,b,img/target_6.png
46,988,modular,8,e,img/target_3.png
46,989,modular,7,i,img/target_8.png
46,990,modular,8,e,img/target_3.png
46,991,modular,5,b,img/target_6.png
46,992,modular,6,w,img/target_2.png
46,993,modular,8,e,img/target_3.png
46,994,modular,7,i,img/target_8.png
46,995,modular,9,r,img/target_4.png
46,996,modular,8,e,img/target_3.png
46,997,modular,6,w,img/target_2.png
46,998,modular,5,b,img/target_6.png
46,999,modular,6,w,img/target_2.png
46,1000,modular,8,e,img/target_3.png
