pID,sess,trialNum,graph,walk,resp,path
21,1,1,lattice,1,i,img/target_8.png
21,1,2,lattice,2,v,img/target_5.png
21,1,3,lattice,0,o,img/target_9.png
21,1,4,lattice,1,i,img/target_8.png
21,1,5,lattice,2,v,img/target_5.png
21,1,6,lattice,4,r,img/target_4.png
21,1,7,lattice,5,u,img/target_7.png
21,1,8,lattice,7,q,img/target_1.png
21,1,9,lattice,9,p,img/target_10.png
21,1,10,lattice,7,q,img/target_1.png
21,1,11,lattice,9,p,img/target_10.png
21,1,12,lattice,0,o,img/target_9.png
21,1,13,lattice,8,b,img/target_6.png
21,1,14,lattice,9,p,img/target_10.png
21,1,15,lattice,8,b,img/target_6.png
21,1,16,lattice,0,o,img/target_9.png
21,1,17,lattice,2,v,img/target_5.png
21,1,18,lattice,4,r,img/target_4.png
21,1,19,lattice,5,u,img/target_7.png
21,1,20,lattice,4,r,img/target_4.png
21,1,21,lattice,6,w,img/target_2.png
21,1,22,lattice,8,b,img/target_6.png
21,1,23,lattice,0,o,img/target_9.png
21,1,24,lattice,8,b,img/target_6.png
21,1,25,lattice,7,q,img/target_1.png
21,1,26,lattice,9,p,img/target_10.png
21,1,27,lattice,8,b,img/target_6.png
21,1,28,lattice,9,p,img/target_10.png
21,1,29,lattice,1,i,img/target_8.png
21,1,30,lattice,0,o,img/target_9.png
21,1,31,lattice,2,v,img/target_5.png
21,1,32,lattice,1,i,img/target_8.png
21,1,33,lattice,2,v,img/target_5.png
21,1,34,lattice,4,r,img/target_4.png
21,1,35,lattice,6,w,img/target_2.png
21,1,36,lattice,8,b,img/target_6.png
21,1,37,lattice,7,q,img/target_1.png
21,1,38,lattice,8,b,img/target_6.png
21,1,39,lattice,6,w,img/target_2.png
21,1,40,lattice,7,q,img/target_1.png
21,1,41,lattice,6,w,img/target_2.png
21,1,42,lattice,5,u,img/target_7.png
21,1,43,lattice,6,w,img/target_2.png
21,1,44,lattice,7,q,img/target_1.png
21,1,45,lattice,5,u,img/target_7.png
21,1,46,lattice,4,r,img/target_4.png
21,1,47,lattice,3,e,img/target_3.png
21,1,48,lattice,1,i,img/target_8.png
21,1,49,lattice,2,v,img/target_5.png
21,1,50,lattice,1,i,img/target_8.png
21,1,51,lattice,9,p,img/target_10.png
21,1,52,lattice,1,i,img/target_8.png
21,1,53,lattice,2,v,img/target_5.png
21,1,54,lattice,3,e,img/target_3.png
21,1,55,lattice,5,u,img/target_7.png
21,1,56,lattice,7,q,img/target_1.png
21,1,57,lattice,5,u,img/target_7.png
21,1,58,lattice,7,q,img/target_1.png
21,1,59,lattice,6,w,img/target_2.png
21,1,60,lattice,8,b,img/target_6.png
21,1,61,lattice,6,w,img/target_2.png
21,1,62,lattice,5,u,img/target_7.png
21,1,63,lattice,4,r,img/target_4.png
21,1,64,lattice,2,v,img/target_5.png
21,1,65,lattice,3,e,img/target_3.png
21,1,66,lattice,4,r,img/target_4.png
21,1,67,lattice,3,e,img/target_3.png
21,1,68,lattice,5,u,img/target_7.png
21,1,69,lattice,4,r,img/target_4.png
21,1,70,lattice,6,w,img/target_2.png
21,1,71,lattice,8,b,img/target_6.png
21,1,72,lattice,7,q,img/target_1.png
21,1,73,lattice,5,u,img/target_7.png
21,1,74,lattice,7,q,img/target_1.png
21,1,75,lattice,6,w,img/target_2.png
21,1,76,lattice,5,u,img/target_7.png
21,1,77,lattice,6,w,img/target_2.png
21,1,78,lattice,8,b,img/target_6.png
21,1,79,lattice,6,w,img/target_2.png
21,1,80,lattice,8,b,img/target_6.png
21,1,81,lattice,6,w,img/target_2.png
21,1,82,lattice,8,b,img/target_6.png
21,1,83,lattice,7,q,img/target_1.png
21,1,84,lattice,6,w,img/target_2.png
21,1,85,lattice,5,u,img/target_7.png
21,1,86,lattice,7,q,img/target_1.png
21,1,87,lattice,5,u,img/target_7.png
21,1,88,lattice,6,w,img/target_2.png
21,1,89,lattice,5,u,img/target_7.png
21,1,90,lattice,3,e,img/target_3.png
21,1,91,lattice,5,u,img/target_7.png
21,1,92,lattice,6,w,img/target_2.png
21,1,93,lattice,5,u,img/target_7.png
21,1,94,lattice,3,e,img/target_3.png
21,1,95,lattice,4,r,img/target_4.png
21,1,96,lattice,6,w,img/target_2.png
21,1,97,lattice,8,b,img/target_6.png
21,1,98,lattice,9,p,img/target_10.png
21,1,99,lattice,1,i,img/target_8.png
21,1,100,lattice,2,v,img/target_5.png
21,1,101,lattice,4,r,img/target_4.png
21,1,102,lattice,3,e,img/target_3.png
21,1,103,lattice,5,u,img/target_7.png
21,1,104,lattice,3,e,img/target_3.png
21,1,105,lattice,4,r,img/target_4.png
21,1,106,lattice,5,u,img/target_7.png
21,1,107,lattice,7,q,img/target_1.png
21,1,108,lattice,6,w,img/target_2.png
21,1,109,lattice,5,u,img/target_7.png
21,1,110,lattice,6,w,img/target_2.png
21,1,111,lattice,8,b,img/target_6.png
21,1,112,lattice,0,o,img/target_9.png
21,1,113,lattice,9,p,img/target_10.png
21,1,114,lattice,0,o,img/target_9.png
21,1,115,lattice,2,v,img/target_5.png
21,1,116,lattice,4,r,img/target_4.png
21,1,117,lattice,6,w,img/target_2.png
21,1,118,lattice,8,b,img/target_6.png
21,1,119,lattice,0,o,img/target_9.png
21,1,120,lattice,9,p,img/target_10.png
21,1,121,lattice,0,o,img/target_9.png
21,1,122,lattice,9,p,img/target_10.png
21,1,123,lattice,1,i,img/target_8.png
21,1,124,lattice,2,v,img/target_5.png
21,1,125,lattice,3,e,img/target_3.png
21,1,126,lattice,4,r,img/target_4.png
21,1,127,lattice,2,v,img/target_5.png
21,1,128,lattice,1,i,img/target_8.png
21,1,129,lattice,2,v,img/target_5.png
21,1,130,lattice,1,i,img/target_8.png
21,1,131,lattice,0,o,img/target_9.png
21,1,132,lattice,1,i,img/target_8.png
21,1,133,lattice,3,e,img/target_3.png
21,1,134,lattice,1,i,img/target_8.png
21,1,135,lattice,2,v,img/target_5.png
21,1,136,lattice,1,i,img/target_8.png
21,1,137,lattice,9,p,img/target_10.png
21,1,138,lattice,8,b,img/target_6.png
21,1,139,lattice,6,w,img/target_2.png
21,1,140,lattice,8,b,img/target_6.png
21,1,141,lattice,6,w,img/target_2.png
21,1,142,lattice,7,q,img/target_1.png
21,1,143,lattice,9,p,img/target_10.png
21,1,144,lattice,1,i,img/target_8.png
21,1,145,lattice,3,e,img/target_3.png
21,1,146,lattice,2,v,img/target_5.png
21,1,147,lattice,3,e,img/target_3.png
21,1,148,lattice,1,i,img/target_8.png
21,1,149,lattice,3,e,img/target_3.png
21,1,150,lattice,1,i,img/target_8.png
21,1,151,lattice,3,e,img/target_3.png
21,1,152,lattice,2,v,img/target_5.png
21,1,153,lattice,3,e,img/target_3.png
21,1,154,lattice,2,v,img/target_5.png
21,1,155,lattice,3,e,img/target_3.png
21,1,156,lattice,5,u,img/target_7.png
21,1,157,lattice,4,r,img/target_4.png
21,1,158,lattice,3,e,img/target_3.png
21,1,159,lattice,1,i,img/target_8.png
21,1,160,lattice,2,v,img/target_5.png
21,1,161,lattice,3,e,img/target_3.png
21,1,162,lattice,1,i,img/target_8.png
21,1,163,lattice,0,o,img/target_9.png
21,1,164,lattice,9,p,img/target_10.png
21,1,165,lattice,0,o,img/target_9.png
21,1,166,lattice,1,i,img/target_8.png
21,1,167,lattice,3,e,img/target_3.png
21,1,168,lattice,2,v,img/target_5.png
21,1,169,lattice,0,o,img/target_9.png
21,1,170,lattice,8,b,img/target_6.png
21,1,171,lattice,6,w,img/target_2.png
21,1,172,lattice,4,r,img/target_4.png
21,1,173,lattice,3,e,img/target_3.png
21,1,174,lattice,1,i,img/target_8.png
21,1,175,lattice,0,o,img/target_9.png
21,1,176,lattice,2,v,img/target_5.png
21,1,177,lattice,1,i,img/target_8.png
21,1,178,lattice,2,v,img/target_5.png
21,1,179,lattice,4,r,img/target_4.png
21,1,180,lattice,3,e,img/target_3.png
21,1,181,lattice,5,u,img/target_7.png
21,1,182,lattice,6,w,img/target_2.png
21,1,183,lattice,4,r,img/target_4.png
21,1,184,lattice,2,v,img/target_5.png
21,1,185,lattice,0,o,img/target_9.png
21,1,186,lattice,9,p,img/target_10.png
21,1,187,lattice,1,i,img/target_8.png
21,1,188,lattice,2,v,img/target_5.png
21,1,189,lattice,3,e,img/target_3.png
21,1,190,lattice,4,r,img/target_4.png
21,1,191,lattice,3,e,img/target_3.png
21,1,192,lattice,4,r,img/target_4.png
21,1,193,lattice,5,u,img/target_7.png
21,1,194,lattice,4,r,img/target_4.png
21,1,195,lattice,3,e,img/target_3.png
21,1,196,lattice,4,r,img/target_4.png
21,1,197,lattice,3,e,img/target_3.png
21,1,198,lattice,1,i,img/target_8.png
21,1,199,lattice,0,o,img/target_9.png
21,1,200,lattice,1,i,img/target_8.png
21,1,201,lattice,9,p,img/target_10.png
21,1,202,lattice,0,o,img/target_9.png
21,1,203,lattice,2,v,img/target_5.png
21,1,204,lattice,4,r,img/target_4.png
21,1,205,lattice,6,w,img/target_2.png
21,1,206,lattice,5,u,img/target_7.png
21,1,207,lattice,3,e,img/target_3.png
21,1,208,lattice,5,u,img/target_7.png
21,1,209,lattice,3,e,img/target_3.png
21,1,210,lattice,2,v,img/target_5.png
21,1,211,lattice,0,o,img/target_9.png
21,1,212,lattice,8,b,img/target_6.png
21,1,213,lattice,7,q,img/target_1.png
21,1,214,lattice,9,p,img/target_10.png
21,1,215,lattice,1,i,img/target_8.png
21,1,216,lattice,2,v,img/target_5.png
21,1,217,lattice,0,o,img/target_9.png
21,1,218,lattice,2,v,img/target_5.png
21,1,219,lattice,1,i,img/target_8.png
21,1,220,lattice,2,v,img/target_5.png
21,1,221,lattice,1,i,img/target_8.png
21,1,222,lattice,0,o,img/target_9.png
21,1,223,lattice,1,i,img/target_8.png
21,1,224,lattice,0,o,img/target_9.png
21,1,225,lattice,9,p,img/target_10.png
21,1,226,lattice,8,b,img/target_6.png
21,1,227,lattice,0,o,img/target_9.png
21,1,228,lattice,9,p,img/target_10.png
21,1,229,lattice,1,i,img/target_8.png
21,1,230,lattice,9,p,img/target_10.png
21,1,231,lattice,7,q,img/target_1.png
21,1,232,lattice,8,b,img/target_6.png
21,1,233,lattice,0,o,img/target_9.png
21,1,234,lattice,1,i,img/target_8.png
21,1,235,lattice,3,e,img/target_3.png
21,1,236,lattice,2,v,img/target_5.png
21,1,237,lattice,1,i,img/target_8.png
21,1,238,lattice,2,v,img/target_5.png
21,1,239,lattice,4,r,img/target_4.png
21,1,240,lattice,3,e,img/target_3.png
21,1,241,lattice,4,r,img/target_4.png
21,1,242,lattice,5,u,img/target_7.png
21,1,243,lattice,7,q,img/target_1.png
21,1,244,lattice,6,w,img/target_2.png
21,1,245,lattice,7,q,img/target_1.png
21,1,246,lattice,6,w,img/target_2.png
21,1,247,lattice,5,u,img/target_7.png
21,1,248,lattice,6,w,img/target_2.png
21,1,249,lattice,7,q,img/target_1.png
21,1,250,lattice,5,u,img/target_7.png
21,1,251,lattice,6,w,img/target_2.png
21,1,252,lattice,8,b,img/target_6.png
21,1,253,lattice,6,w,img/target_2.png
21,1,254,lattice,5,u,img/target_7.png
21,1,255,lattice,6,w,img/target_2.png
21,1,256,lattice,7,q,img/target_1.png
21,1,257,lattice,5,u,img/target_7.png
21,1,258,lattice,6,w,img/target_2.png
21,1,259,lattice,8,b,img/target_6.png
21,1,260,lattice,7,q,img/target_1.png
21,1,261,lattice,9,p,img/target_10.png
21,1,262,lattice,8,b,img/target_6.png
21,1,263,lattice,0,o,img/target_9.png
21,1,264,lattice,9,p,img/target_10.png
21,1,265,lattice,7,q,img/target_1.png
21,1,266,lattice,9,p,img/target_10.png
21,1,267,lattice,1,i,img/target_8.png
21,1,268,lattice,0,o,img/target_9.png
21,1,269,lattice,8,b,img/target_6.png
21,1,270,lattice,9,p,img/target_10.png
21,1,271,lattice,7,q,img/target_1.png
21,1,272,lattice,8,b,img/target_6.png
21,1,273,lattice,7,q,img/target_1.png
21,1,274,lattice,8,b,img/target_6.png
21,1,275,lattice,0,o,img/target_9.png
21,1,276,lattice,9,p,img/target_10.png
21,1,277,lattice,7,q,img/target_1.png
21,1,278,lattice,5,u,img/target_7.png
21,1,279,lattice,7,q,img/target_1.png
21,1,280,lattice,9,p,img/target_10.png
21,1,281,lattice,8,b,img/target_6.png
21,1,282,lattice,6,w,img/target_2.png
21,1,283,lattice,4,r,img/target_4.png
21,1,284,lattice,3,e,img/target_3.png
21,1,285,lattice,5,u,img/target_7.png
21,1,286,lattice,4,r,img/target_4.png
21,1,287,lattice,2,v,img/target_5.png
21,1,288,lattice,1,i,img/target_8.png
21,1,289,lattice,2,v,img/target_5.png
21,1,290,lattice,3,e,img/target_3.png
21,1,291,lattice,2,v,img/target_5.png
21,1,292,lattice,0,o,img/target_9.png
21,1,293,lattice,8,b,img/target_6.png
21,1,294,lattice,7,q,img/target_1.png
21,1,295,lattice,9,p,img/target_10.png
21,1,296,lattice,8,b,img/target_6.png
21,1,297,lattice,9,p,img/target_10.png
21,1,298,lattice,0,o,img/target_9.png
21,1,299,lattice,2,v,img/target_5.png
21,1,300,lattice,1,i,img/target_8.png
21,1,301,lattice,0,o,img/target_9.png
21,1,302,lattice,8,b,img/target_6.png
21,1,303,lattice,6,w,img/target_2.png
21,1,304,lattice,8,b,img/target_6.png
21,1,305,lattice,0,o,img/target_9.png
21,1,306,lattice,9,p,img/target_10.png
21,1,307,lattice,0,o,img/target_9.png
21,1,308,lattice,8,b,img/target_6.png
21,1,309,lattice,6,w,img/target_2.png
21,1,310,lattice,8,b,img/target_6.png
21,1,311,lattice,6,w,img/target_2.png
21,1,312,lattice,8,b,img/target_6.png
21,1,313,lattice,0,o,img/target_9.png
21,1,314,lattice,9,p,img/target_10.png
21,1,315,lattice,1,i,img/target_8.png
21,1,316,lattice,0,o,img/target_9.png
21,1,317,lattice,9,p,img/target_10.png
21,1,318,lattice,1,i,img/target_8.png
21,1,319,lattice,3,e,img/target_3.png
21,1,320,lattice,4,r,img/target_4.png
21,1,321,lattice,5,u,img/target_7.png
21,1,322,lattice,3,e,img/target_3.png
21,1,323,lattice,4,r,img/target_4.png
21,1,324,lattice,5,u,img/target_7.png
21,1,325,lattice,7,q,img/target_1.png
21,1,326,lattice,9,p,img/target_10.png
21,1,327,lattice,8,b,img/target_6.png
21,1,328,lattice,6,w,img/target_2.png
21,1,329,lattice,4,r,img/target_4.png
21,1,330,lattice,3,e,img/target_3.png
21,1,331,lattice,1,i,img/target_8.png
21,1,332,lattice,3,e,img/target_3.png
21,1,333,lattice,2,v,img/target_5.png
21,1,334,lattice,1,i,img/target_8.png
21,1,335,lattice,9,p,img/target_10.png
21,1,336,lattice,8,b,img/target_6.png
21,1,337,lattice,9,p,img/target_10.png
21,1,338,lattice,7,q,img/target_1.png
21,1,339,lattice,6,w,img/target_2.png
21,1,340,lattice,8,b,img/target_6.png
21,1,341,lattice,7,q,img/target_1.png
21,1,342,lattice,9,p,img/target_10.png
21,1,343,lattice,0,o,img/target_9.png
21,1,344,lattice,8,b,img/target_6.png
21,1,345,lattice,9,p,img/target_10.png
21,1,346,lattice,8,b,img/target_6.png
21,1,347,lattice,7,q,img/target_1.png
21,1,348,lattice,8,b,img/target_6.png
21,1,349,lattice,7,q,img/target_1.png
21,1,350,lattice,8,b,img/target_6.png
21,1,351,lattice,6,w,img/target_2.png
21,1,352,lattice,8,b,img/target_6.png
21,1,353,lattice,9,p,img/target_10.png
21,1,354,lattice,1,i,img/target_8.png
21,1,355,lattice,3,e,img/target_3.png
21,1,356,lattice,2,v,img/target_5.png
21,1,357,lattice,3,e,img/target_3.png
21,1,358,lattice,5,u,img/target_7.png
21,1,359,lattice,6,w,img/target_2.png
21,1,360,lattice,4,r,img/target_4.png
21,1,361,lattice,6,w,img/target_2.png
21,1,362,lattice,8,b,img/target_6.png
21,1,363,lattice,6,w,img/target_2.png
21,1,364,lattice,5,u,img/target_7.png
21,1,365,lattice,6,w,img/target_2.png
21,1,366,lattice,7,q,img/target_1.png
21,1,367,lattice,8,b,img/target_6.png
21,1,368,lattice,7,q,img/target_1.png
21,1,369,lattice,6,w,img/target_2.png
21,1,370,lattice,8,b,img/target_6.png
21,1,371,lattice,6,w,img/target_2.png
21,1,372,lattice,5,u,img/target_7.png
21,1,373,lattice,3,e,img/target_3.png
21,1,374,lattice,4,r,img/target_4.png
21,1,375,lattice,3,e,img/target_3.png
21,1,376,lattice,4,r,img/target_4.png
21,1,377,lattice,6,w,img/target_2.png
21,1,378,lattice,5,u,img/target_7.png
21,1,379,lattice,6,w,img/target_2.png
21,1,380,lattice,4,r,img/target_4.png
21,1,381,lattice,5,u,img/target_7.png
21,1,382,lattice,7,q,img/target_1.png
21,1,383,lattice,8,b,img/target_6.png
21,1,384,lattice,7,q,img/target_1.png
21,1,385,lattice,5,u,img/target_7.png
21,1,386,lattice,3,e,img/target_3.png
21,1,387,lattice,1,i,img/target_8.png
21,1,388,lattice,2,v,img/target_5.png
21,1,389,lattice,0,o,img/target_9.png
21,1,390,lattice,8,b,img/target_6.png
21,1,391,lattice,9,p,img/target_10.png
21,1,392,lattice,7,q,img/target_1.png
21,1,393,lattice,6,w,img/target_2.png
21,1,394,lattice,7,q,img/target_1.png
21,1,395,lattice,5,u,img/target_7.png
21,1,396,lattice,3,e,img/target_3.png
21,1,397,lattice,4,r,img/target_4.png
21,1,398,lattice,6,w,img/target_2.png
21,1,399,lattice,7,q,img/target_1.png
21,1,400,lattice,5,u,img/target_7.png
21,1,401,lattice,7,q,img/target_1.png
21,1,402,lattice,9,p,img/target_10.png
21,1,403,lattice,1,i,img/target_8.png
21,1,404,lattice,3,e,img/target_3.png
21,1,405,lattice,1,i,img/target_8.png
21,1,406,lattice,9,p,img/target_10.png
21,1,407,lattice,1,i,img/target_8.png
21,1,408,lattice,3,e,img/target_3.png
21,1,409,lattice,1,i,img/target_8.png
21,1,410,lattice,3,e,img/target_3.png
21,1,411,lattice,4,r,img/target_4.png
21,1,412,lattice,2,v,img/target_5.png
21,1,413,lattice,0,o,img/target_9.png
21,1,414,lattice,1,i,img/target_8.png
21,1,415,lattice,2,v,img/target_5.png
21,1,416,lattice,4,r,img/target_4.png
21,1,417,lattice,5,u,img/target_7.png
21,1,418,lattice,6,w,img/target_2.png
21,1,419,lattice,4,r,img/target_4.png
21,1,420,lattice,2,v,img/target_5.png
21,1,421,lattice,0,o,img/target_9.png
21,1,422,lattice,9,p,img/target_10.png
21,1,423,lattice,0,o,img/target_9.png
21,1,424,lattice,8,b,img/target_6.png
21,1,425,lattice,9,p,img/target_10.png
21,1,426,lattice,8,b,img/target_6.png
21,1,427,lattice,7,q,img/target_1.png
21,1,428,lattice,9,p,img/target_10.png
21,1,429,lattice,1,i,img/target_8.png
21,1,430,lattice,0,o,img/target_9.png
21,1,431,lattice,8,b,img/target_6.png
21,1,432,lattice,7,q,img/target_1.png
21,1,433,lattice,9,p,img/target_10.png
21,1,434,lattice,0,o,img/target_9.png
21,1,435,lattice,9,p,img/target_10.png
21,1,436,lattice,8,b,img/target_6.png
21,1,437,lattice,7,q,img/target_1.png
21,1,438,lattice,8,b,img/target_6.png
21,1,439,lattice,0,o,img/target_9.png
21,1,440,lattice,2,v,img/target_5.png
21,1,441,lattice,4,r,img/target_4.png
21,1,442,lattice,5,u,img/target_7.png
21,1,443,lattice,4,r,img/target_4.png
21,1,444,lattice,5,u,img/target_7.png
21,1,445,lattice,7,q,img/target_1.png
21,1,446,lattice,9,p,img/target_10.png
21,1,447,lattice,0,o,img/target_9.png
21,1,448,lattice,9,p,img/target_10.png
21,1,449,lattice,1,i,img/target_8.png
21,1,450,lattice,0,o,img/target_9.png
21,1,451,lattice,1,i,img/target_8.png
21,1,452,lattice,0,o,img/target_9.png
21,1,453,lattice,8,b,img/target_6.png
21,1,454,lattice,6,w,img/target_2.png
21,1,455,lattice,4,r,img/target_4.png
21,1,456,lattice,2,v,img/target_5.png
21,1,457,lattice,0,o,img/target_9.png
21,1,458,lattice,9,p,img/target_10.png
21,1,459,lattice,0,o,img/target_9.png
21,1,460,lattice,8,b,img/target_6.png
21,1,461,lattice,0,o,img/target_9.png
21,1,462,lattice,9,p,img/target_10.png
21,1,463,lattice,0,o,img/target_9.png
21,1,464,lattice,8,b,img/target_6.png
21,1,465,lattice,7,q,img/target_1.png
21,1,466,lattice,8,b,img/target_6.png
21,1,467,lattice,9,p,img/target_10.png
21,1,468,lattice,7,q,img/target_1.png
21,1,469,lattice,9,p,img/target_10.png
21,1,470,lattice,7,q,img/target_1.png
21,1,471,lattice,8,b,img/target_6.png
21,1,472,lattice,7,q,img/target_1.png
21,1,473,lattice,8,b,img/target_6.png
21,1,474,lattice,9,p,img/target_10.png
21,1,475,lattice,0,o,img/target_9.png
21,1,476,lattice,1,i,img/target_8.png
21,1,477,lattice,3,e,img/target_3.png
21,1,478,lattice,5,u,img/target_7.png
21,1,479,lattice,3,e,img/target_3.png
21,1,480,lattice,4,r,img/target_4.png
21,1,481,lattice,5,u,img/target_7.png
21,1,482,lattice,6,w,img/target_2.png
21,1,483,lattice,5,u,img/target_7.png
21,1,484,lattice,4,r,img/target_4.png
21,1,485,lattice,6,w,img/target_2.png
21,1,486,lattice,7,q,img/target_1.png
21,1,487,lattice,8,b,img/target_6.png
21,1,488,lattice,9,p,img/target_10.png
21,1,489,lattice,7,q,img/target_1.png
21,1,490,lattice,8,b,img/target_6.png
21,1,491,lattice,9,p,img/target_10.png
21,1,492,lattice,8,b,img/target_6.png
21,1,493,lattice,6,w,img/target_2.png
21,1,494,lattice,8,b,img/target_6.png
21,1,495,lattice,9,p,img/target_10.png
21,1,496,lattice,0,o,img/target_9.png
21,1,497,lattice,2,v,img/target_5.png
21,1,498,lattice,3,e,img/target_3.png
21,1,499,lattice,5,u,img/target_7.png
21,1,500,lattice,3,e,img/target_3.png
21,1,501,lattice,5,u,img/target_7.png
21,1,502,lattice,6,w,img/target_2.png
21,1,503,lattice,4,r,img/target_4.png
21,1,504,lattice,3,e,img/target_3.png
21,1,505,lattice,4,r,img/target_4.png
21,1,506,lattice,2,v,img/target_5.png
21,1,507,lattice,0,o,img/target_9.png
21,1,508,lattice,2,v,img/target_5.png
21,1,509,lattice,3,e,img/target_3.png
21,1,510,lattice,2,v,img/target_5.png
21,1,511,lattice,3,e,img/target_3.png
21,1,512,lattice,5,u,img/target_7.png
21,1,513,lattice,6,w,img/target_2.png
21,1,514,lattice,5,u,img/target_7.png
21,1,515,lattice,6,w,img/target_2.png
21,1,516,lattice,7,q,img/target_1.png
21,1,517,lattice,8,b,img/target_6.png
21,1,518,lattice,7,q,img/target_1.png
21,1,519,lattice,5,u,img/target_7.png
21,1,520,lattice,6,w,img/target_2.png
21,1,521,lattice,8,b,img/target_6.png
21,1,522,lattice,0,o,img/target_9.png
21,1,523,lattice,9,p,img/target_10.png
21,1,524,lattice,1,i,img/target_8.png
21,1,525,lattice,2,v,img/target_5.png
21,1,526,lattice,3,e,img/target_3.png
21,1,527,lattice,5,u,img/target_7.png
21,1,528,lattice,3,e,img/target_3.png
21,1,529,lattice,2,v,img/target_5.png
21,1,530,lattice,0,o,img/target_9.png
21,1,531,lattice,1,i,img/target_8.png
21,1,532,lattice,9,p,img/target_10.png
21,1,533,lattice,8,b,img/target_6.png
21,1,534,lattice,9,p,img/target_10.png
21,1,535,lattice,0,o,img/target_9.png
21,1,536,lattice,1,i,img/target_8.png
21,1,537,lattice,2,v,img/target_5.png
21,1,538,lattice,4,r,img/target_4.png
21,1,539,lattice,3,e,img/target_3.png
21,1,540,lattice,2,v,img/target_5.png
21,1,541,lattice,4,r,img/target_4.png
21,1,542,lattice,6,w,img/target_2.png
21,1,543,lattice,7,q,img/target_1.png
21,1,544,lattice,6,w,img/target_2.png
21,1,545,lattice,4,r,img/target_4.png
21,1,546,lattice,6,w,img/target_2.png
21,1,547,lattice,4,r,img/target_4.png
21,1,548,lattice,3,e,img/target_3.png
21,1,549,lattice,4,r,img/target_4.png
21,1,550,lattice,3,e,img/target_3.png
21,1,551,lattice,5,u,img/target_7.png
21,1,552,lattice,7,q,img/target_1.png
21,1,553,lattice,5,u,img/target_7.png
21,1,554,lattice,4,r,img/target_4.png
21,1,555,lattice,2,v,img/target_5.png
21,1,556,lattice,3,e,img/target_3.png
21,1,557,lattice,5,u,img/target_7.png
21,1,558,lattice,6,w,img/target_2.png
21,1,559,lattice,7,q,img/target_1.png
21,1,560,lattice,6,w,img/target_2.png
21,1,561,lattice,8,b,img/target_6.png
21,1,562,lattice,9,p,img/target_10.png
21,1,563,lattice,1,i,img/target_8.png
21,1,564,lattice,0,o,img/target_9.png
21,1,565,lattice,1,i,img/target_8.png
21,1,566,lattice,0,o,img/target_9.png
21,1,567,lattice,9,p,img/target_10.png
21,1,568,lattice,0,o,img/target_9.png
21,1,569,lattice,1,i,img/target_8.png
21,1,570,lattice,3,e,img/target_3.png
21,1,571,lattice,1,i,img/target_8.png
21,1,572,lattice,9,p,img/target_10.png
21,1,573,lattice,0,o,img/target_9.png
21,1,574,lattice,2,v,img/target_5.png
21,1,575,lattice,1,i,img/target_8.png
21,1,576,lattice,9,p,img/target_10.png
21,1,577,lattice,8,b,img/target_6.png
21,1,578,lattice,0,o,img/target_9.png
21,1,579,lattice,1,i,img/target_8.png
21,1,580,lattice,3,e,img/target_3.png
21,1,581,lattice,2,v,img/target_5.png
21,1,582,lattice,1,i,img/target_8.png
21,1,583,lattice,3,e,img/target_3.png
21,1,584,lattice,2,v,img/target_5.png
21,1,585,lattice,1,i,img/target_8.png
21,1,586,lattice,9,p,img/target_10.png
21,1,587,lattice,0,o,img/target_9.png
21,1,588,lattice,1,i,img/target_8.png
21,1,589,lattice,0,o,img/target_9.png
21,1,590,lattice,1,i,img/target_8.png
21,1,591,lattice,2,v,img/target_5.png
21,1,592,lattice,3,e,img/target_3.png
21,1,593,lattice,5,u,img/target_7.png
21,1,594,lattice,4,r,img/target_4.png
21,1,595,lattice,2,v,img/target_5.png
21,1,596,lattice,0,o,img/target_9.png
21,1,597,lattice,8,b,img/target_6.png
21,1,598,lattice,0,o,img/target_9.png
21,1,599,lattice,8,b,img/target_6.png
21,1,600,lattice,6,w,img/target_2.png
21,1,601,lattice,4,r,img/target_4.png
21,1,602,lattice,3,e,img/target_3.png
21,1,603,lattice,2,v,img/target_5.png
21,1,604,lattice,3,e,img/target_3.png
21,1,605,lattice,4,r,img/target_4.png
21,1,606,lattice,6,w,img/target_2.png
21,1,607,lattice,4,r,img/target_4.png
21,1,608,lattice,5,u,img/target_7.png
21,1,609,lattice,4,r,img/target_4.png
21,1,610,lattice,3,e,img/target_3.png
21,1,611,lattice,2,v,img/target_5.png
21,1,612,lattice,1,i,img/target_8.png
21,1,613,lattice,3,e,img/target_3.png
21,1,614,lattice,1,i,img/target_8.png
21,1,615,lattice,2,v,img/target_5.png
21,1,616,lattice,3,e,img/target_3.png
21,1,617,lattice,5,u,img/target_7.png
21,1,618,lattice,3,e,img/target_3.png
21,1,619,lattice,5,u,img/target_7.png
21,1,620,lattice,6,w,img/target_2.png
21,1,621,lattice,8,b,img/target_6.png
21,1,622,lattice,0,o,img/target_9.png
21,1,623,lattice,8,b,img/target_6.png
21,1,624,lattice,0,o,img/target_9.png
21,1,625,lattice,9,p,img/target_10.png
21,1,626,lattice,8,b,img/target_6.png
21,1,627,lattice,7,q,img/target_1.png
21,1,628,lattice,6,w,img/target_2.png
21,1,629,lattice,8,b,img/target_6.png
21,1,630,lattice,6,w,img/target_2.png
21,1,631,lattice,4,r,img/target_4.png
21,1,632,lattice,5,u,img/target_7.png
21,1,633,lattice,7,q,img/target_1.png
21,1,634,lattice,6,w,img/target_2.png
21,1,635,lattice,5,u,img/target_7.png
21,1,636,lattice,6,w,img/target_2.png
21,1,637,lattice,7,q,img/target_1.png
21,1,638,lattice,5,u,img/target_7.png
21,1,639,lattice,7,q,img/target_1.png
21,1,640,lattice,9,p,img/target_10.png
21,1,641,lattice,1,i,img/target_8.png
21,1,642,lattice,2,v,img/target_5.png
21,1,643,lattice,0,o,img/target_9.png
21,1,644,lattice,1,i,img/target_8.png
21,1,645,lattice,0,o,img/target_9.png
21,1,646,lattice,1,i,img/target_8.png
21,1,647,lattice,9,p,img/target_10.png
21,1,648,lattice,1,i,img/target_8.png
21,1,649,lattice,9,p,img/target_10.png
21,1,650,lattice,1,i,img/target_8.png
21,1,651,lattice,3,e,img/target_3.png
21,1,652,lattice,1,i,img/target_8.png
21,1,653,lattice,2,v,img/target_5.png
21,1,654,lattice,0,o,img/target_9.png
21,1,655,lattice,2,v,img/target_5.png
21,1,656,lattice,1,i,img/target_8.png
21,1,657,lattice,2,v,img/target_5.png
21,1,658,lattice,3,e,img/target_3.png
21,1,659,lattice,4,r,img/target_4.png
21,1,660,lattice,3,e,img/target_3.png
21,1,661,lattice,2,v,img/target_5.png
21,1,662,lattice,0,o,img/target_9.png
21,1,663,lattice,8,b,img/target_6.png
21,1,664,lattice,9,p,img/target_10.png
21,1,665,lattice,1,i,img/target_8.png
21,1,666,lattice,3,e,img/target_3.png
21,1,667,lattice,2,v,img/target_5.png
21,1,668,lattice,4,r,img/target_4.png
21,1,669,lattice,5,u,img/target_7.png
21,1,670,lattice,6,w,img/target_2.png
21,1,671,lattice,8,b,img/target_6.png
21,1,672,lattice,6,w,img/target_2.png
21,1,673,lattice,5,u,img/target_7.png
21,1,674,lattice,4,r,img/target_4.png
21,1,675,lattice,6,w,img/target_2.png
21,1,676,lattice,5,u,img/target_7.png
21,1,677,lattice,4,r,img/target_4.png
21,1,678,lattice,6,w,img/target_2.png
21,1,679,lattice,5,u,img/target_7.png
21,1,680,lattice,7,q,img/target_1.png
21,1,681,lattice,5,u,img/target_7.png
21,1,682,lattice,3,e,img/target_3.png
21,1,683,lattice,1,i,img/target_8.png
21,1,684,lattice,0,o,img/target_9.png
21,1,685,lattice,2,v,img/target_5.png
21,1,686,lattice,4,r,img/target_4.png
21,1,687,lattice,6,w,img/target_2.png
21,1,688,lattice,5,u,img/target_7.png
21,1,689,lattice,3,e,img/target_3.png
21,1,690,lattice,1,i,img/target_8.png
21,1,691,lattice,9,p,img/target_10.png
21,1,692,lattice,1,i,img/target_8.png
21,1,693,lattice,3,e,img/target_3.png
21,1,694,lattice,1,i,img/target_8.png
21,1,695,lattice,2,v,img/target_5.png
21,1,696,lattice,3,e,img/target_3.png
21,1,697,lattice,5,u,img/target_7.png
21,1,698,lattice,6,w,img/target_2.png
21,1,699,lattice,8,b,img/target_6.png
21,1,700,lattice,6,w,img/target_2.png
21,1,701,lattice,7,q,img/target_1.png
21,1,702,lattice,5,u,img/target_7.png
21,1,703,lattice,7,q,img/target_1.png
21,1,704,lattice,6,w,img/target_2.png
21,1,705,lattice,4,r,img/target_4.png
21,1,706,lattice,5,u,img/target_7.png
21,1,707,lattice,6,w,img/target_2.png
21,1,708,lattice,7,q,img/target_1.png
21,1,709,lattice,6,w,img/target_2.png
21,1,710,lattice,5,u,img/target_7.png
21,1,711,lattice,7,q,img/target_1.png
21,1,712,lattice,9,p,img/target_10.png
21,1,713,lattice,7,q,img/target_1.png
21,1,714,lattice,6,w,img/target_2.png
21,1,715,lattice,4,r,img/target_4.png
21,1,716,lattice,2,v,img/target_5.png
21,1,717,lattice,4,r,img/target_4.png
21,1,718,lattice,5,u,img/target_7.png
21,1,719,lattice,7,q,img/target_1.png
21,1,720,lattice,6,w,img/target_2.png
21,1,721,lattice,7,q,img/target_1.png
21,1,722,lattice,5,u,img/target_7.png
21,1,723,lattice,3,e,img/target_3.png
21,1,724,lattice,5,u,img/target_7.png
21,1,725,lattice,7,q,img/target_1.png
21,1,726,lattice,6,w,img/target_2.png
21,1,727,lattice,5,u,img/target_7.png
21,1,728,lattice,6,w,img/target_2.png
21,1,729,lattice,4,r,img/target_4.png
21,1,730,lattice,3,e,img/target_3.png
21,1,731,lattice,4,r,img/target_4.png
21,1,732,lattice,3,e,img/target_3.png
21,1,733,lattice,4,r,img/target_4.png
21,1,734,lattice,3,e,img/target_3.png
21,1,735,lattice,5,u,img/target_7.png
21,1,736,lattice,3,e,img/target_3.png
21,1,737,lattice,2,v,img/target_5.png
21,1,738,lattice,3,e,img/target_3.png
21,1,739,lattice,5,u,img/target_7.png
21,1,740,lattice,6,w,img/target_2.png
21,1,741,lattice,5,u,img/target_7.png
21,1,742,lattice,3,e,img/target_3.png
21,1,743,lattice,5,u,img/target_7.png
21,1,744,lattice,3,e,img/target_3.png
21,1,745,lattice,4,r,img/target_4.png
21,1,746,lattice,2,v,img/target_5.png
21,1,747,lattice,3,e,img/target_3.png
21,1,748,lattice,1,i,img/target_8.png
21,1,749,lattice,9,p,img/target_10.png
21,1,750,lattice,0,o,img/target_9.png
21,1,751,lattice,8,b,img/target_6.png
21,1,752,lattice,9,p,img/target_10.png
21,1,753,lattice,7,q,img/target_1.png
21,1,754,lattice,6,w,img/target_2.png
21,1,755,lattice,4,r,img/target_4.png
21,1,756,lattice,6,w,img/target_2.png
21,1,757,lattice,7,q,img/target_1.png
21,1,758,lattice,9,p,img/target_10.png
21,1,759,lattice,1,i,img/target_8.png
21,1,760,lattice,9,p,img/target_10.png
21,1,761,lattice,1,i,img/target_8.png
21,1,762,lattice,3,e,img/target_3.png
21,1,763,lattice,5,u,img/target_7.png
21,1,764,lattice,7,q,img/target_1.png
21,1,765,lattice,9,p,img/target_10.png
21,1,766,lattice,0,o,img/target_9.png
21,1,767,lattice,8,b,img/target_6.png
21,1,768,lattice,7,q,img/target_1.png
21,1,769,lattice,6,w,img/target_2.png
21,1,770,lattice,4,r,img/target_4.png
21,1,771,lattice,6,w,img/target_2.png
21,1,772,lattice,5,u,img/target_7.png
21,1,773,lattice,4,r,img/target_4.png
21,1,774,lattice,3,e,img/target_3.png
21,1,775,lattice,4,r,img/target_4.png
21,1,776,lattice,6,w,img/target_2.png
21,1,777,lattice,4,r,img/target_4.png
21,1,778,lattice,6,w,img/target_2.png
21,1,779,lattice,5,u,img/target_7.png
21,1,780,lattice,4,r,img/target_4.png
21,1,781,lattice,2,v,img/target_5.png
21,1,782,lattice,4,r,img/target_4.png
21,1,783,lattice,6,w,img/target_2.png
21,1,784,lattice,5,u,img/target_7.png
21,1,785,lattice,7,q,img/target_1.png
21,1,786,lattice,6,w,img/target_2.png
21,1,787,lattice,7,q,img/target_1.png
21,1,788,lattice,8,b,img/target_6.png
21,1,789,lattice,9,p,img/target_10.png
21,1,790,lattice,0,o,img/target_9.png
21,1,791,lattice,9,p,img/target_10.png
21,1,792,lattice,1,i,img/target_8.png
21,1,793,lattice,0,o,img/target_9.png
21,1,794,lattice,9,p,img/target_10.png
21,1,795,lattice,1,i,img/target_8.png
21,1,796,lattice,3,e,img/target_3.png
21,1,797,lattice,5,u,img/target_7.png
21,1,798,lattice,4,r,img/target_4.png
21,1,799,lattice,6,w,img/target_2.png
21,1,800,lattice,5,u,img/target_7.png
21,1,801,lattice,4,r,img/target_4.png
21,1,802,lattice,5,u,img/target_7.png
21,1,803,lattice,7,q,img/target_1.png
21,1,804,lattice,6,w,img/target_2.png
21,1,805,lattice,4,r,img/target_4.png
21,1,806,lattice,5,u,img/target_7.png
21,1,807,lattice,3,e,img/target_3.png
21,1,808,lattice,5,u,img/target_7.png
21,1,809,lattice,4,r,img/target_4.png
21,1,810,lattice,6,w,img/target_2.png
21,1,811,lattice,7,q,img/target_1.png
21,1,812,lattice,8,b,img/target_6.png
21,1,813,lattice,6,w,img/target_2.png
21,1,814,lattice,5,u,img/target_7.png
21,1,815,lattice,4,r,img/target_4.png
21,1,816,lattice,6,w,img/target_2.png
21,1,817,lattice,7,q,img/target_1.png
21,1,818,lattice,8,b,img/target_6.png
21,1,819,lattice,6,w,img/target_2.png
21,1,820,lattice,4,r,img/target_4.png
21,1,821,lattice,6,w,img/target_2.png
21,1,822,lattice,5,u,img/target_7.png
21,1,823,lattice,3,e,img/target_3.png
21,1,824,lattice,5,u,img/target_7.png
21,1,825,lattice,6,w,img/target_2.png
21,1,826,lattice,5,u,img/target_7.png
21,1,827,lattice,3,e,img/target_3.png
21,1,828,lattice,4,r,img/target_4.png
21,1,829,lattice,5,u,img/target_7.png
21,1,830,lattice,3,e,img/target_3.png
21,1,831,lattice,5,u,img/target_7.png
21,1,832,lattice,6,w,img/target_2.png
21,1,833,lattice,8,b,img/target_6.png
21,1,834,lattice,0,o,img/target_9.png
21,1,835,lattice,1,i,img/target_8.png
21,1,836,lattice,9,p,img/target_10.png
21,1,837,lattice,1,i,img/target_8.png
21,1,838,lattice,9,p,img/target_10.png
21,1,839,lattice,7,q,img/target_1.png
21,1,840,lattice,5,u,img/target_7.png
21,1,841,lattice,7,q,img/target_1.png
21,1,842,lattice,9,p,img/target_10.png
21,1,843,lattice,8,b,img/target_6.png
21,1,844,lattice,7,q,img/target_1.png
21,1,845,lattice,9,p,img/target_10.png
21,1,846,lattice,1,i,img/target_8.png
21,1,847,lattice,3,e,img/target_3.png
21,1,848,lattice,5,u,img/target_7.png
21,1,849,lattice,4,r,img/target_4.png
21,1,850,lattice,2,v,img/target_5.png
21,1,851,lattice,0,o,img/target_9.png
21,1,852,lattice,2,v,img/target_5.png
21,1,853,lattice,0,o,img/target_9.png
21,1,854,lattice,1,i,img/target_8.png
21,1,855,lattice,3,e,img/target_3.png
21,1,856,lattice,5,u,img/target_7.png
21,1,857,lattice,3,e,img/target_3.png
21,1,858,lattice,5,u,img/target_7.png
21,1,859,lattice,4,r,img/target_4.png
21,1,860,lattice,3,e,img/target_3.png
21,1,861,lattice,2,v,img/target_5.png
21,1,862,lattice,3,e,img/target_3.png
21,1,863,lattice,2,v,img/target_5.png
21,1,864,lattice,3,e,img/target_3.png
21,1,865,lattice,1,i,img/target_8.png
21,1,866,lattice,0,o,img/target_9.png
21,1,867,lattice,2,v,img/target_5.png
21,1,868,lattice,3,e,img/target_3.png
21,1,869,lattice,5,u,img/target_7.png
21,1,870,lattice,4,r,img/target_4.png
21,1,871,lattice,3,e,img/target_3.png
21,1,872,lattice,4,r,img/target_4.png
21,1,873,lattice,5,u,img/target_7.png
21,1,874,lattice,6,w,img/target_2.png
21,1,875,lattice,8,b,img/target_6.png
21,1,876,lattice,7,q,img/target_1.png
21,1,877,lattice,5,u,img/target_7.png
21,1,878,lattice,4,r,img/target_4.png
21,1,879,lattice,6,w,img/target_2.png
21,1,880,lattice,7,q,img/target_1.png
21,1,881,lattice,9,p,img/target_10.png
21,1,882,lattice,8,b,img/target_6.png
21,1,883,lattice,9,p,img/target_10.png
21,1,884,lattice,7,q,img/target_1.png
21,1,885,lattice,8,b,img/target_6.png
21,1,886,lattice,0,o,img/target_9.png
21,1,887,lattice,1,i,img/target_8.png
21,1,888,lattice,2,v,img/target_5.png
21,1,889,lattice,4,r,img/target_4.png
21,1,890,lattice,5,u,img/target_7.png
21,1,891,lattice,4,r,img/target_4.png
21,1,892,lattice,5,u,img/target_7.png
21,1,893,lattice,6,w,img/target_2.png
21,1,894,lattice,5,u,img/target_7.png
21,1,895,lattice,7,q,img/target_1.png
21,1,896,lattice,8,b,img/target_6.png
21,1,897,lattice,6,w,img/target_2.png
21,1,898,lattice,5,u,img/target_7.png
21,1,899,lattice,3,e,img/target_3.png
21,1,900,lattice,2,v,img/target_5.png
21,1,901,lattice,3,e,img/target_3.png
21,1,902,lattice,1,i,img/target_8.png
21,1,903,lattice,2,v,img/target_5.png
21,1,904,lattice,4,r,img/target_4.png
21,1,905,lattice,5,u,img/target_7.png
21,1,906,lattice,6,w,img/target_2.png
21,1,907,lattice,4,r,img/target_4.png
21,1,908,lattice,3,e,img/target_3.png
21,1,909,lattice,5,u,img/target_7.png
21,1,910,lattice,4,r,img/target_4.png
21,1,911,lattice,6,w,img/target_2.png
21,1,912,lattice,8,b,img/target_6.png
21,1,913,lattice,6,w,img/target_2.png
21,1,914,lattice,8,b,img/target_6.png
21,1,915,lattice,7,q,img/target_1.png
21,1,916,lattice,5,u,img/target_7.png
21,1,917,lattice,7,q,img/target_1.png
21,1,918,lattice,8,b,img/target_6.png
21,1,919,lattice,6,w,img/target_2.png
21,1,920,lattice,8,b,img/target_6.png
21,1,921,lattice,7,q,img/target_1.png
21,1,922,lattice,9,p,img/target_10.png
21,1,923,lattice,1,i,img/target_8.png
21,1,924,lattice,3,e,img/target_3.png
21,1,925,lattice,2,v,img/target_5.png
21,1,926,lattice,3,e,img/target_3.png
21,1,927,lattice,2,v,img/target_5.png
21,1,928,lattice,4,r,img/target_4.png
21,1,929,lattice,2,v,img/target_5.png
21,1,930,lattice,0,o,img/target_9.png
21,1,931,lattice,1,i,img/target_8.png
21,1,932,lattice,2,v,img/target_5.png
21,1,933,lattice,1,i,img/target_8.png
21,1,934,lattice,9,p,img/target_10.png
21,1,935,lattice,1,i,img/target_8.png
21,1,936,lattice,9,p,img/target_10.png
21,1,937,lattice,8,b,img/target_6.png
21,1,938,lattice,0,o,img/target_9.png
21,1,939,lattice,9,p,img/target_10.png
21,1,940,lattice,1,i,img/target_8.png
21,1,941,lattice,0,o,img/target_9.png
21,1,942,lattice,9,p,img/target_10.png
21,1,943,lattice,1,i,img/target_8.png
21,1,944,lattice,9,p,img/target_10.png
21,1,945,lattice,8,b,img/target_6.png
21,1,946,lattice,0,o,img/target_9.png
21,1,947,lattice,8,b,img/target_6.png
21,1,948,lattice,0,o,img/target_9.png
21,1,949,lattice,8,b,img/target_6.png
21,1,950,lattice,9,p,img/target_10.png
21,1,951,lattice,1,i,img/target_8.png
21,1,952,lattice,0,o,img/target_9.png
21,1,953,lattice,9,p,img/target_10.png
21,1,954,lattice,7,q,img/target_1.png
21,1,955,lattice,8,b,img/target_6.png
21,1,956,lattice,9,p,img/target_10.png
21,1,957,lattice,7,q,img/target_1.png
21,1,958,lattice,6,w,img/target_2.png
21,1,959,lattice,7,q,img/target_1.png
21,1,960,lattice,5,u,img/target_7.png
21,1,961,lattice,3,e,img/target_3.png
21,1,962,lattice,2,v,img/target_5.png
21,1,963,lattice,3,e,img/target_3.png
21,1,964,lattice,5,u,img/target_7.png
21,1,965,lattice,7,q,img/target_1.png
21,1,966,lattice,8,b,img/target_6.png
21,1,967,lattice,7,q,img/target_1.png
21,1,968,lattice,5,u,img/target_7.png
21,1,969,lattice,3,e,img/target_3.png
21,1,970,lattice,4,r,img/target_4.png
21,1,971,lattice,6,w,img/target_2.png
21,1,972,lattice,4,r,img/target_4.png
21,1,973,lattice,6,w,img/target_2.png
21,1,974,lattice,4,r,img/target_4.png
21,1,975,lattice,5,u,img/target_7.png
21,1,976,lattice,3,e,img/target_3.png
21,1,977,lattice,2,v,img/target_5.png
21,1,978,lattice,3,e,img/target_3.png
21,1,979,lattice,1,i,img/target_8.png
21,1,980,lattice,0,o,img/target_9.png
21,1,981,lattice,2,v,img/target_5.png
21,1,982,lattice,0,o,img/target_9.png
21,1,983,lattice,8,b,img/target_6.png
21,1,984,lattice,7,q,img/target_1.png
21,1,985,lattice,6,w,img/target_2.png
21,1,986,lattice,7,q,img/target_1.png
21,1,987,lattice,8,b,img/target_6.png
21,1,988,lattice,6,w,img/target_2.png
21,1,989,lattice,8,b,img/target_6.png
21,1,990,lattice,6,w,img/target_2.png
21,1,991,lattice,7,q,img/target_1.png
21,1,992,lattice,8,b,img/target_6.png
21,1,993,lattice,9,p,img/target_10.png
21,1,994,lattice,1,i,img/target_8.png
21,1,995,lattice,2,v,img/target_5.png
21,1,996,lattice,3,e,img/target_3.png
21,1,997,lattice,1,i,img/target_8.png
21,1,998,lattice,0,o,img/target_9.png
21,1,999,lattice,9,p,img/target_10.png
21,1,1000,lattice,8,b,img/target_6.png
