pID,sess,trialNum,graph,walk,resp,path
21,2,1,lattice,7,q,img/target_1.png
21,2,2,lattice,6,w,img/target_2.png
21,2,3,lattice,7,q,img/target_1.png
21,2,4,lattice,9,p,img/target_10.png
21,2,5,lattice,1,i,img/target_8.png
21,2,6,lattice,0,o,img/target_9.png
21,2,7,lattice,9,p,img/target_10.png
21,2,8,lattice,0,o,img/target_9.png
21,2,9,lattice,8,b,img/target_6.png
21,2,10,lattice,9,p,img/target_10.png
21,2,11,lattice,7,q,img/target_1.png
21,2,12,lattice,5,u,img/target_7.png
21,2,13,lattice,4,r,img/target_4.png
21,2,14,lattice,5,u,img/target_7.png
21,2,15,lattice,4,r,img/target_4.png
21,2,16,lattice,6,w,img/target_2.png
21,2,17,lattice,4,r,img/target_4.png
21,2,18,lattice,6,w,img/target_2.png
21,2,19,lattice,8,b,img/target_6.png
21,2,20,lattice,0,o,img/target_9.png
21,2,21,lattice,1,i,img/target_8.png
21,2,22,lattice,2,v,img/target_5.png
21,2,23,lattice,4,r,img/target_4.png
21,2,24,lattice,2,v,img/target_5.png
21,2,25,lattice,0,o,img/target_9.png
21,2,26,lattice,1,i,img/target_8.png
21,2,27,lattice,3,e,img/target_3.png
21,2,28,lattice,4,r,img/target_4.png
21,2,29,lattice,5,u,img/target_7.png
21,2,30,lattice,7,q,img/target_1.png
21,2,31,lattice,5,u,img/target_7.png
21,2,32,lattice,3,e,img/target_3.png
21,2,33,lattice,4,r,img/target_4.png
21,2,34,lattice,6,w,img/target_2.png
21,2,35,lattice,5,u,img/target_7.png
21,2,36,lattice,6,w,img/target_2.png
21,2,37,lattice,5,u,img/target_7.png
21,2,38,lattice,4,r,img/target_4.png
21,2,39,lattice,2,v,img/target_5.png
21,2,40,lattice,0,o,img/target_9.png
21,2,41,lattice,2,v,img/target_5.png
21,2,42,lattice,3,e,img/target_3.png
21,2,43,lattice,1,i,img/target_8.png
21,2,44,lattice,3,e,img/target_3.png
21,2,45,lattice,2,v,img/target_5.png
21,2,46,lattice,3,e,img/target_3.png
21,2,47,lattice,1,i,img/target_8.png
21,2,48,lattice,9,p,img/target_10.png
21,2,49,lattice,7,q,img/target_1.png
21,2,50,lattice,6,w,img/target_2.png
21,2,51,lattice,4,r,img/target_4.png
21,2,52,lattice,5,u,img/target_7.png
21,2,53,lattice,4,r,img/target_4.png
21,2,54,lattice,6,w,img/target_2.png
21,2,55,lattice,7,q,img/target_1.png
21,2,56,lattice,9,p,img/target_10.png
21,2,57,lattice,7,q,img/target_1.png
21,2,58,lattice,6,w,img/target_2.png
21,2,59,lattice,5,u,img/target_7.png
21,2,60,lattice,7,q,img/target_1.png
21,2,61,lattice,5,u,img/target_7.png
21,2,62,lattice,3,e,img/target_3.png
21,2,63,lattice,2,v,img/target_5.png
21,2,64,lattice,0,o,img/target_9.png
21,2,65,lattice,2,v,img/target_5.png
21,2,66,lattice,4,r,img/target_4.png
21,2,67,lattice,3,e,img/target_3.png
21,2,68,lattice,2,v,img/target_5.png
21,2,69,lattice,4,r,img/target_4.png
21,2,70,lattice,2,v,img/target_5.png
21,2,71,lattice,4,r,img/target_4.png
21,2,72,lattice,2,v,img/target_5.png
21,2,73,lattice,4,r,img/target_4.png
21,2,74,lattice,6,w,img/target_2.png
21,2,75,lattice,8,b,img/target_6.png
21,2,76,lattice,6,w,img/target_2.png
21,2,77,lattice,5,u,img/target_7.png
21,2,78,lattice,3,e,img/target_3.png
21,2,79,lattice,1,i,img/target_8.png
21,2,80,lattice,9,p,img/target_10.png
21,2,81,lattice,1,i,img/target_8.png
21,2,82,lattice,9,p,img/target_10.png
21,2,83,lattice,1,i,img/target_8.png
21,2,84,lattice,9,p,img/target_10.png
21,2,85,lattice,1,i,img/target_8.png
21,2,86,lattice,9,p,img/target_10.png
21,2,87,lattice,1,i,img/target_8.png
21,2,88,lattice,2,v,img/target_5.png
21,2,89,lattice,4,r,img/target_4.png
21,2,90,lattice,2,v,img/target_5.png
21,2,91,lattice,1,i,img/target_8.png
21,2,92,lattice,2,v,img/target_5.png
21,2,93,lattice,0,o,img/target_9.png
21,2,94,lattice,8,b,img/target_6.png
21,2,95,lattice,6,w,img/target_2.png
21,2,96,lattice,5,u,img/target_7.png
21,2,97,lattice,6,w,img/target_2.png
21,2,98,lattice,7,q,img/target_1.png
21,2,99,lattice,6,w,img/target_2.png
21,2,100,lattice,8,b,img/target_6.png
21,2,101,lattice,6,w,img/target_2.png
21,2,102,lattice,5,u,img/target_7.png
21,2,103,lattice,3,e,img/target_3.png
21,2,104,lattice,1,i,img/target_8.png
21,2,105,lattice,3,e,img/target_3.png
21,2,106,lattice,2,v,img/target_5.png
21,2,107,lattice,1,i,img/target_8.png
21,2,108,lattice,0,o,img/target_9.png
21,2,109,lattice,2,v,img/target_5.png
21,2,110,lattice,1,i,img/target_8.png
21,2,111,lattice,2,v,img/target_5.png
21,2,112,lattice,4,r,img/target_4.png
21,2,113,lattice,2,v,img/target_5.png
21,2,114,lattice,0,o,img/target_9.png
21,2,115,lattice,2,v,img/target_5.png
21,2,116,lattice,1,i,img/target_8.png
21,2,117,lattice,9,p,img/target_10.png
21,2,118,lattice,7,q,img/target_1.png
21,2,119,lattice,5,u,img/target_7.png
21,2,120,lattice,7,q,img/target_1.png
21,2,121,lattice,5,u,img/target_7.png
21,2,122,lattice,6,w,img/target_2.png
21,2,123,lattice,7,q,img/target_1.png
21,2,124,lattice,6,w,img/target_2.png
21,2,125,lattice,8,b,img/target_6.png
21,2,126,lattice,6,w,img/target_2.png
21,2,127,lattice,4,r,img/target_4.png
21,2,128,lattice,6,w,img/target_2.png
21,2,129,lattice,4,r,img/target_4.png
21,2,130,lattice,3,e,img/target_3.png
21,2,131,lattice,4,r,img/target_4.png
21,2,132,lattice,3,e,img/target_3.png
21,2,133,lattice,5,u,img/target_7.png
21,2,134,lattice,4,r,img/target_4.png
21,2,135,lattice,5,u,img/target_7.png
21,2,136,lattice,6,w,img/target_2.png
21,2,137,lattice,7,q,img/target_1.png
21,2,138,lattice,8,b,img/target_6.png
21,2,139,lattice,0,o,img/target_9.png
21,2,140,lattice,1,i,img/target_8.png
21,2,141,lattice,3,e,img/target_3.png
21,2,142,lattice,2,v,img/target_5.png
21,2,143,lattice,3,e,img/target_3.png
21,2,144,lattice,1,i,img/target_8.png
21,2,145,lattice,0,o,img/target_9.png
21,2,146,lattice,2,v,img/target_5.png
21,2,147,lattice,1,i,img/target_8.png
21,2,148,lattice,9,p,img/target_10.png
21,2,149,lattice,7,q,img/target_1.png
21,2,150,lattice,6,w,img/target_2.png
21,2,151,lattice,4,r,img/target_4.png
21,2,152,lattice,2,v,img/target_5.png
21,2,153,lattice,4,r,img/target_4.png
21,2,154,lattice,6,w,img/target_2.png
21,2,155,lattice,4,r,img/target_4.png
21,2,156,lattice,5,u,img/target_7.png
21,2,157,lattice,6,w,img/target_2.png
21,2,158,lattice,8,b,img/target_6.png
21,2,159,lattice,6,w,img/target_2.png
21,2,160,lattice,4,r,img/target_4.png
21,2,161,lattice,3,e,img/target_3.png
21,2,162,lattice,5,u,img/target_7.png
21,2,163,lattice,6,w,img/target_2.png
21,2,164,lattice,5,u,img/target_7.png
21,2,165,lattice,7,q,img/target_1.png
21,2,166,lattice,5,u,img/target_7.png
21,2,167,lattice,4,r,img/target_4.png
21,2,168,lattice,3,e,img/target_3.png
21,2,169,lattice,2,v,img/target_5.png
21,2,170,lattice,4,r,img/target_4.png
21,2,171,lattice,6,w,img/target_2.png
21,2,172,lattice,5,u,img/target_7.png
21,2,173,lattice,7,q,img/target_1.png
21,2,174,lattice,8,b,img/target_6.png
21,2,175,lattice,6,w,img/target_2.png
21,2,176,lattice,8,b,img/target_6.png
21,2,177,lattice,9,p,img/target_10.png
21,2,178,lattice,1,i,img/target_8.png
21,2,179,lattice,2,v,img/target_5.png
21,2,180,lattice,1,i,img/target_8.png
21,2,181,lattice,3,e,img/target_3.png
21,2,182,lattice,2,v,img/target_5.png
21,2,183,lattice,4,r,img/target_4.png
21,2,184,lattice,3,e,img/target_3.png
21,2,185,lattice,5,u,img/target_7.png
21,2,186,lattice,6,w,img/target_2.png
21,2,187,lattice,7,q,img/target_1.png
21,2,188,lattice,6,w,img/target_2.png
21,2,189,lattice,4,r,img/target_4.png
21,2,190,lattice,6,w,img/target_2.png
21,2,191,lattice,8,b,img/target_6.png
21,2,192,lattice,7,q,img/target_1.png
21,2,193,lattice,8,b,img/target_6.png
21,2,194,lattice,9,p,img/target_10.png
21,2,195,lattice,8,b,img/target_6.png
21,2,196,lattice,0,o,img/target_9.png
21,2,197,lattice,8,b,img/target_6.png
21,2,198,lattice,0,o,img/target_9.png
21,2,199,lattice,8,b,img/target_6.png
21,2,200,lattice,9,p,img/target_10.png
21,2,201,lattice,8,b,img/target_6.png
21,2,202,lattice,0,o,img/target_9.png
21,2,203,lattice,9,p,img/target_10.png
21,2,204,lattice,7,q,img/target_1.png
21,2,205,lattice,5,u,img/target_7.png
21,2,206,lattice,3,e,img/target_3.png
21,2,207,lattice,2,v,img/target_5.png
21,2,208,lattice,3,e,img/target_3.png
21,2,209,lattice,4,r,img/target_4.png
21,2,210,lattice,3,e,img/target_3.png
21,2,211,lattice,2,v,img/target_5.png
21,2,212,lattice,0,o,img/target_9.png
21,2,213,lattice,8,b,img/target_6.png
21,2,214,lattice,7,q,img/target_1.png
21,2,215,lattice,6,w,img/target_2.png
21,2,216,lattice,5,u,img/target_7.png
21,2,217,lattice,3,e,img/target_3.png
21,2,218,lattice,1,i,img/target_8.png
21,2,219,lattice,2,v,img/target_5.png
21,2,220,lattice,0,o,img/target_9.png
21,2,221,lattice,9,p,img/target_10.png
21,2,222,lattice,7,q,img/target_1.png
21,2,223,lattice,6,w,img/target_2.png
21,2,224,lattice,5,u,img/target_7.png
21,2,225,lattice,4,r,img/target_4.png
21,2,226,lattice,5,u,img/target_7.png
21,2,227,lattice,7,q,img/target_1.png
21,2,228,lattice,8,b,img/target_6.png
21,2,229,lattice,7,q,img/target_1.png
21,2,230,lattice,9,p,img/target_10.png
21,2,231,lattice,8,b,img/target_6.png
21,2,232,lattice,9,p,img/target_10.png
21,2,233,lattice,0,o,img/target_9.png
21,2,234,lattice,8,b,img/target_6.png
21,2,235,lattice,0,o,img/target_9.png
21,2,236,lattice,9,p,img/target_10.png
21,2,237,lattice,7,q,img/target_1.png
21,2,238,lattice,6,w,img/target_2.png
21,2,239,lattice,5,u,img/target_7.png
21,2,240,lattice,6,w,img/target_2.png
21,2,241,lattice,5,u,img/target_7.png
21,2,242,lattice,4,r,img/target_4.png
21,2,243,lattice,2,v,img/target_5.png
21,2,244,lattice,0,o,img/target_9.png
21,2,245,lattice,8,b,img/target_6.png
21,2,246,lattice,9,p,img/target_10.png
21,2,247,lattice,1,i,img/target_8.png
21,2,248,lattice,0,o,img/target_9.png
21,2,249,lattice,8,b,img/target_6.png
21,2,250,lattice,0,o,img/target_9.png
21,2,251,lattice,2,v,img/target_5.png
21,2,252,lattice,1,i,img/target_8.png
21,2,253,lattice,3,e,img/target_3.png
21,2,254,lattice,4,r,img/target_4.png
21,2,255,lattice,5,u,img/target_7.png
21,2,256,lattice,7,q,img/target_1.png
21,2,257,lattice,8,b,img/target_6.png
21,2,258,lattice,6,w,img/target_2.png
21,2,259,lattice,5,u,img/target_7.png
21,2,260,lattice,4,r,img/target_4.png
21,2,261,lattice,6,w,img/target_2.png
21,2,262,lattice,7,q,img/target_1.png
21,2,263,lattice,8,b,img/target_6.png
21,2,264,lattice,0,o,img/target_9.png
21,2,265,lattice,9,p,img/target_10.png
21,2,266,lattice,0,o,img/target_9.png
21,2,267,lattice,2,v,img/target_5.png
21,2,268,lattice,0,o,img/target_9.png
21,2,269,lattice,9,p,img/target_10.png
21,2,270,lattice,8,b,img/target_6.png
21,2,271,lattice,9,p,img/target_10.png
21,2,272,lattice,0,o,img/target_9.png
21,2,273,lattice,9,p,img/target_10.png
21,2,274,lattice,0,o,img/target_9.png
21,2,275,lattice,9,p,img/target_10.png
21,2,276,lattice,1,i,img/target_8.png
21,2,277,lattice,3,e,img/target_3.png
21,2,278,lattice,1,i,img/target_8.png
21,2,279,lattice,0,o,img/target_9.png
21,2,280,lattice,9,p,img/target_10.png
21,2,281,lattice,8,b,img/target_6.png
21,2,282,lattice,7,q,img/target_1.png
21,2,283,lattice,9,p,img/target_10.png
21,2,284,lattice,0,o,img/target_9.png
21,2,285,lattice,1,i,img/target_8.png
21,2,286,lattice,0,o,img/target_9.png
21,2,287,lattice,2,v,img/target_5.png
21,2,288,lattice,1,i,img/target_8.png
21,2,289,lattice,3,e,img/target_3.png
21,2,290,lattice,5,u,img/target_7.png
21,2,291,lattice,3,e,img/target_3.png
21,2,292,lattice,4,r,img/target_4.png
21,2,293,lattice,6,w,img/target_2.png
21,2,294,lattice,7,q,img/target_1.png
21,2,295,lattice,8,b,img/target_6.png
21,2,296,lattice,9,p,img/target_10.png
21,2,297,lattice,0,o,img/target_9.png
21,2,298,lattice,2,v,img/target_5.png
21,2,299,lattice,1,i,img/target_8.png
21,2,300,lattice,9,p,img/target_10.png
21,2,301,lattice,0,o,img/target_9.png
21,2,302,lattice,1,i,img/target_8.png
21,2,303,lattice,3,e,img/target_3.png
21,2,304,lattice,5,u,img/target_7.png
21,2,305,lattice,7,q,img/target_1.png
21,2,306,lattice,8,b,img/target_6.png
21,2,307,lattice,9,p,img/target_10.png
21,2,308,lattice,0,o,img/target_9.png
21,2,309,lattice,9,p,img/target_10.png
21,2,310,lattice,1,i,img/target_8.png
21,2,311,lattice,2,v,img/target_5.png
21,2,312,lattice,4,r,img/target_4.png
21,2,313,lattice,6,w,img/target_2.png
21,2,314,lattice,8,b,img/target_6.png
21,2,315,lattice,6,w,img/target_2.png
21,2,316,lattice,5,u,img/target_7.png
21,2,317,lattice,6,w,img/target_2.png
21,2,318,lattice,8,b,img/target_6.png
21,2,319,lattice,7,q,img/target_1.png
21,2,320,lattice,8,b,img/target_6.png
21,2,321,lattice,7,q,img/target_1.png
21,2,322,lattice,6,w,img/target_2.png
21,2,323,lattice,8,b,img/target_6.png
21,2,324,lattice,0,o,img/target_9.png
21,2,325,lattice,8,b,img/target_6.png
21,2,326,lattice,9,p,img/target_10.png
21,2,327,lattice,1,i,img/target_8.png
21,2,328,lattice,0,o,img/target_9.png
21,2,329,lattice,2,v,img/target_5.png
21,2,330,lattice,1,i,img/target_8.png
21,2,331,lattice,2,v,img/target_5.png
21,2,332,lattice,3,e,img/target_3.png
21,2,333,lattice,5,u,img/target_7.png
21,2,334,lattice,3,e,img/target_3.png
21,2,335,lattice,1,i,img/target_8.png
21,2,336,lattice,3,e,img/target_3.png
21,2,337,lattice,1,i,img/target_8.png
21,2,338,lattice,3,e,img/target_3.png
21,2,339,lattice,2,v,img/target_5.png
21,2,340,lattice,0,o,img/target_9.png
21,2,341,lattice,9,p,img/target_10.png
21,2,342,lattice,7,q,img/target_1.png
21,2,343,lattice,6,w,img/target_2.png
21,2,344,lattice,5,u,img/target_7.png
21,2,345,lattice,6,w,img/target_2.png
21,2,346,lattice,7,q,img/target_1.png
21,2,347,lattice,6,w,img/target_2.png
21,2,348,lattice,7,q,img/target_1.png
21,2,349,lattice,5,u,img/target_7.png
21,2,350,lattice,3,e,img/target_3.png
21,2,351,lattice,5,u,img/target_7.png
21,2,352,lattice,7,q,img/target_1.png
21,2,353,lattice,6,w,img/target_2.png
21,2,354,lattice,5,u,img/target_7.png
21,2,355,lattice,7,q,img/target_1.png
21,2,356,lattice,6,w,img/target_2.png
21,2,357,lattice,5,u,img/target_7.png
21,2,358,lattice,7,q,img/target_1.png
21,2,359,lattice,8,b,img/target_6.png
21,2,360,lattice,0,o,img/target_9.png
21,2,361,lattice,8,b,img/target_6.png
21,2,362,lattice,9,p,img/target_10.png
21,2,363,lattice,8,b,img/target_6.png
21,2,364,lattice,7,q,img/target_1.png
21,2,365,lattice,6,w,img/target_2.png
21,2,366,lattice,4,r,img/target_4.png
21,2,367,lattice,2,v,img/target_5.png
21,2,368,lattice,1,i,img/target_8.png
21,2,369,lattice,3,e,img/target_3.png
21,2,370,lattice,2,v,img/target_5.png
21,2,371,lattice,4,r,img/target_4.png
21,2,372,lattice,5,u,img/target_7.png
21,2,373,lattice,3,e,img/target_3.png
21,2,374,lattice,1,i,img/target_8.png
21,2,375,lattice,3,e,img/target_3.png
21,2,376,lattice,4,r,img/target_4.png
21,2,377,lattice,2,v,img/target_5.png
21,2,378,lattice,1,i,img/target_8.png
21,2,379,lattice,2,v,img/target_5.png
21,2,380,lattice,4,r,img/target_4.png
21,2,381,lattice,5,u,img/target_7.png
21,2,382,lattice,4,r,img/target_4.png
21,2,383,lattice,2,v,img/target_5.png
21,2,384,lattice,0,o,img/target_9.png
21,2,385,lattice,8,b,img/target_6.png
21,2,386,lattice,7,q,img/target_1.png
21,2,387,lattice,5,u,img/target_7.png
21,2,388,lattice,7,q,img/target_1.png
21,2,389,lattice,9,p,img/target_10.png
21,2,390,lattice,0,o,img/target_9.png
21,2,391,lattice,2,v,img/target_5.png
21,2,392,lattice,1,i,img/target_8.png
21,2,393,lattice,9,p,img/target_10.png
21,2,394,lattice,8,b,img/target_6.png
21,2,395,lattice,0,o,img/target_9.png
21,2,396,lattice,1,i,img/target_8.png
21,2,397,lattice,2,v,img/target_5.png
21,2,398,lattice,3,e,img/target_3.png
21,2,399,lattice,4,r,img/target_4.png
21,2,400,lattice,5,u,img/target_7.png
21,2,401,lattice,4,r,img/target_4.png
21,2,402,lattice,3,e,img/target_3.png
21,2,403,lattice,5,u,img/target_7.png
21,2,404,lattice,3,e,img/target_3.png
21,2,405,lattice,1,i,img/target_8.png
21,2,406,lattice,3,e,img/target_3.png
21,2,407,lattice,2,v,img/target_5.png
21,2,408,lattice,3,e,img/target_3.png
21,2,409,lattice,4,r,img/target_4.png
21,2,410,lattice,3,e,img/target_3.png
21,2,411,lattice,4,r,img/target_4.png
21,2,412,lattice,2,v,img/target_5.png
21,2,413,lattice,4,r,img/target_4.png
21,2,414,lattice,6,w,img/target_2.png
21,2,415,lattice,7,q,img/target_1.png
21,2,416,lattice,5,u,img/target_7.png
21,2,417,lattice,3,e,img/target_3.png
21,2,418,lattice,2,v,img/target_5.png
21,2,419,lattice,0,o,img/target_9.png
21,2,420,lattice,2,v,img/target_5.png
21,2,421,lattice,4,r,img/target_4.png
21,2,422,lattice,5,u,img/target_7.png
21,2,423,lattice,7,q,img/target_1.png
21,2,424,lattice,8,b,img/target_6.png
21,2,425,lattice,6,w,img/target_2.png
21,2,426,lattice,7,q,img/target_1.png
21,2,427,lattice,6,w,img/target_2.png
21,2,428,lattice,4,r,img/target_4.png
21,2,429,lattice,6,w,img/target_2.png
21,2,430,lattice,7,q,img/target_1.png
21,2,431,lattice,8,b,img/target_6.png
21,2,432,lattice,7,q,img/target_1.png
21,2,433,lattice,5,u,img/target_7.png
21,2,434,lattice,4,r,img/target_4.png
21,2,435,lattice,3,e,img/target_3.png
21,2,436,lattice,2,v,img/target_5.png
21,2,437,lattice,1,i,img/target_8.png
21,2,438,lattice,2,v,img/target_5.png
21,2,439,lattice,1,i,img/target_8.png
21,2,440,lattice,0,o,img/target_9.png
21,2,441,lattice,8,b,img/target_6.png
21,2,442,lattice,6,w,img/target_2.png
21,2,443,lattice,7,q,img/target_1.png
21,2,444,lattice,5,u,img/target_7.png
21,2,445,lattice,6,w,img/target_2.png
21,2,446,lattice,4,r,img/target_4.png
21,2,447,lattice,2,v,img/target_5.png
21,2,448,lattice,4,r,img/target_4.png
21,2,449,lattice,2,v,img/target_5.png
21,2,450,lattice,3,e,img/target_3.png
21,2,451,lattice,5,u,img/target_7.png
21,2,452,lattice,6,w,img/target_2.png
21,2,453,lattice,8,b,img/target_6.png
21,2,454,lattice,9,p,img/target_10.png
21,2,455,lattice,1,i,img/target_8.png
21,2,456,lattice,0,o,img/target_9.png
21,2,457,lattice,2,v,img/target_5.png
21,2,458,lattice,4,r,img/target_4.png
21,2,459,lattice,3,e,img/target_3.png
21,2,460,lattice,5,u,img/target_7.png
21,2,461,lattice,3,e,img/target_3.png
21,2,462,lattice,5,u,img/target_7.png
21,2,463,lattice,7,q,img/target_1.png
21,2,464,lattice,6,w,img/target_2.png
21,2,465,lattice,8,b,img/target_6.png
21,2,466,lattice,7,q,img/target_1.png
21,2,467,lattice,6,w,img/target_2.png
21,2,468,lattice,4,r,img/target_4.png
21,2,469,lattice,6,w,img/target_2.png
21,2,470,lattice,5,u,img/target_7.png
21,2,471,lattice,4,r,img/target_4.png
21,2,472,lattice,2,v,img/target_5.png
21,2,473,lattice,4,r,img/target_4.png
21,2,474,lattice,6,w,img/target_2.png
21,2,475,lattice,7,q,img/target_1.png
21,2,476,lattice,8,b,img/target_6.png
21,2,477,lattice,9,p,img/target_10.png
21,2,478,lattice,1,i,img/target_8.png
21,2,479,lattice,0,o,img/target_9.png
21,2,480,lattice,2,v,img/target_5.png
21,2,481,lattice,4,r,img/target_4.png
21,2,482,lattice,6,w,img/target_2.png
21,2,483,lattice,4,r,img/target_4.png
21,2,484,lattice,2,v,img/target_5.png
21,2,485,lattice,0,o,img/target_9.png
21,2,486,lattice,8,b,img/target_6.png
21,2,487,lattice,7,q,img/target_1.png
21,2,488,lattice,6,w,img/target_2.png
21,2,489,lattice,7,q,img/target_1.png
21,2,490,lattice,6,w,img/target_2.png
21,2,491,lattice,7,q,img/target_1.png
21,2,492,lattice,8,b,img/target_6.png
21,2,493,lattice,6,w,img/target_2.png
21,2,494,lattice,4,r,img/target_4.png
21,2,495,lattice,2,v,img/target_5.png
21,2,496,lattice,0,o,img/target_9.png
21,2,497,lattice,2,v,img/target_5.png
21,2,498,lattice,3,e,img/target_3.png
21,2,499,lattice,1,i,img/target_8.png
21,2,500,lattice,9,p,img/target_10.png
21,2,501,lattice,0,o,img/target_9.png
21,2,502,lattice,2,v,img/target_5.png
21,2,503,lattice,1,i,img/target_8.png
21,2,504,lattice,3,e,img/target_3.png
21,2,505,lattice,5,u,img/target_7.png
21,2,506,lattice,6,w,img/target_2.png
21,2,507,lattice,4,r,img/target_4.png
21,2,508,lattice,3,e,img/target_3.png
21,2,509,lattice,4,r,img/target_4.png
21,2,510,lattice,5,u,img/target_7.png
21,2,511,lattice,3,e,img/target_3.png
21,2,512,lattice,4,r,img/target_4.png
21,2,513,lattice,5,u,img/target_7.png
21,2,514,lattice,7,q,img/target_1.png
21,2,515,lattice,9,p,img/target_10.png
21,2,516,lattice,8,b,img/target_6.png
21,2,517,lattice,9,p,img/target_10.png
21,2,518,lattice,8,b,img/target_6.png
21,2,519,lattice,6,w,img/target_2.png
21,2,520,lattice,4,r,img/target_4.png
21,2,521,lattice,6,w,img/target_2.png
21,2,522,lattice,7,q,img/target_1.png
21,2,523,lattice,8,b,img/target_6.png
21,2,524,lattice,6,w,img/target_2.png
21,2,525,lattice,5,u,img/target_7.png
21,2,526,lattice,7,q,img/target_1.png
21,2,527,lattice,8,b,img/target_6.png
21,2,528,lattice,0,o,img/target_9.png
21,2,529,lattice,8,b,img/target_6.png
21,2,530,lattice,7,q,img/target_1.png
21,2,531,lattice,9,p,img/target_10.png
21,2,532,lattice,8,b,img/target_6.png
21,2,533,lattice,7,q,img/target_1.png
21,2,534,lattice,6,w,img/target_2.png
21,2,535,lattice,4,r,img/target_4.png
21,2,536,lattice,2,v,img/target_5.png
21,2,537,lattice,4,r,img/target_4.png
21,2,538,lattice,3,e,img/target_3.png
21,2,539,lattice,4,r,img/target_4.png
21,2,540,lattice,3,e,img/target_3.png
21,2,541,lattice,1,i,img/target_8.png
21,2,542,lattice,3,e,img/target_3.png
21,2,543,lattice,2,v,img/target_5.png
21,2,544,lattice,3,e,img/target_3.png
21,2,545,lattice,2,v,img/target_5.png
21,2,546,lattice,0,o,img/target_9.png
21,2,547,lattice,2,v,img/target_5.png
21,2,548,lattice,1,i,img/target_8.png
21,2,549,lattice,9,p,img/target_10.png
21,2,550,lattice,0,o,img/target_9.png
21,2,551,lattice,9,p,img/target_10.png
21,2,552,lattice,7,q,img/target_1.png
21,2,553,lattice,5,u,img/target_7.png
21,2,554,lattice,3,e,img/target_3.png
21,2,555,lattice,5,u,img/target_7.png
21,2,556,lattice,6,w,img/target_2.png
21,2,557,lattice,8,b,img/target_6.png
21,2,558,lattice,7,q,img/target_1.png
21,2,559,lattice,8,b,img/target_6.png
21,2,560,lattice,7,q,img/target_1.png
21,2,561,lattice,8,b,img/target_6.png
21,2,562,lattice,0,o,img/target_9.png
21,2,563,lattice,9,p,img/target_10.png
21,2,564,lattice,0,o,img/target_9.png
21,2,565,lattice,2,v,img/target_5.png
21,2,566,lattice,1,i,img/target_8.png
21,2,567,lattice,9,p,img/target_10.png
21,2,568,lattice,0,o,img/target_9.png
21,2,569,lattice,2,v,img/target_5.png
21,2,570,lattice,4,r,img/target_4.png
21,2,571,lattice,6,w,img/target_2.png
21,2,572,lattice,5,u,img/target_7.png
21,2,573,lattice,4,r,img/target_4.png
21,2,574,lattice,5,u,img/target_7.png
21,2,575,lattice,7,q,img/target_1.png
21,2,576,lattice,9,p,img/target_10.png
21,2,577,lattice,8,b,img/target_6.png
21,2,578,lattice,0,o,img/target_9.png
21,2,579,lattice,2,v,img/target_5.png
21,2,580,lattice,4,r,img/target_4.png
21,2,581,lattice,6,w,img/target_2.png
21,2,582,lattice,4,r,img/target_4.png
21,2,583,lattice,6,w,img/target_2.png
21,2,584,lattice,4,r,img/target_4.png
21,2,585,lattice,5,u,img/target_7.png
21,2,586,lattice,7,q,img/target_1.png
21,2,587,lattice,9,p,img/target_10.png
21,2,588,lattice,7,q,img/target_1.png
21,2,589,lattice,8,b,img/target_6.png
21,2,590,lattice,7,q,img/target_1.png
21,2,591,lattice,6,w,img/target_2.png
21,2,592,lattice,8,b,img/target_6.png
21,2,593,lattice,6,w,img/target_2.png
21,2,594,lattice,5,u,img/target_7.png
21,2,595,lattice,7,q,img/target_1.png
21,2,596,lattice,8,b,img/target_6.png
21,2,597,lattice,0,o,img/target_9.png
21,2,598,lattice,2,v,img/target_5.png
21,2,599,lattice,4,r,img/target_4.png
21,2,600,lattice,5,u,img/target_7.png
21,2,601,lattice,4,r,img/target_4.png
21,2,602,lattice,3,e,img/target_3.png
21,2,603,lattice,1,i,img/target_8.png
21,2,604,lattice,0,o,img/target_9.png
21,2,605,lattice,8,b,img/target_6.png
21,2,606,lattice,9,p,img/target_10.png
21,2,607,lattice,7,q,img/target_1.png
21,2,608,lattice,9,p,img/target_10.png
21,2,609,lattice,1,i,img/target_8.png
21,2,610,lattice,2,v,img/target_5.png
21,2,611,lattice,4,r,img/target_4.png
21,2,612,lattice,3,e,img/target_3.png
21,2,613,lattice,5,u,img/target_7.png
21,2,614,lattice,4,r,img/target_4.png
21,2,615,lattice,6,w,img/target_2.png
21,2,616,lattice,8,b,img/target_6.png
21,2,617,lattice,9,p,img/target_10.png
21,2,618,lattice,7,q,img/target_1.png
21,2,619,lattice,8,b,img/target_6.png
21,2,620,lattice,0,o,img/target_9.png
21,2,621,lattice,2,v,img/target_5.png
21,2,622,lattice,3,e,img/target_3.png
21,2,623,lattice,4,r,img/target_4.png
21,2,624,lattice,2,v,img/target_5.png
21,2,625,lattice,3,e,img/target_3.png
21,2,626,lattice,4,r,img/target_4.png
21,2,627,lattice,2,v,img/target_5.png
21,2,628,lattice,1,i,img/target_8.png
21,2,629,lattice,3,e,img/target_3.png
21,2,630,lattice,2,v,img/target_5.png
21,2,631,lattice,3,e,img/target_3.png
21,2,632,lattice,2,v,img/target_5.png
21,2,633,lattice,1,i,img/target_8.png
21,2,634,lattice,3,e,img/target_3.png
21,2,635,lattice,5,u,img/target_7.png
21,2,636,lattice,3,e,img/target_3.png
21,2,637,lattice,2,v,img/target_5.png
21,2,638,lattice,4,r,img/target_4.png
21,2,639,lattice,6,w,img/target_2.png
21,2,640,lattice,5,u,img/target_7.png
21,2,641,lattice,3,e,img/target_3.png
21,2,642,lattice,1,i,img/target_8.png
21,2,643,lattice,9,p,img/target_10.png
21,2,644,lattice,8,b,img/target_6.png
21,2,645,lattice,0,o,img/target_9.png
21,2,646,lattice,9,p,img/target_10.png
21,2,647,lattice,0,o,img/target_9.png
21,2,648,lattice,9,p,img/target_10.png
21,2,649,lattice,7,q,img/target_1.png
21,2,650,lattice,5,u,img/target_7.png
21,2,651,lattice,4,r,img/target_4.png
21,2,652,lattice,6,w,img/target_2.png
21,2,653,lattice,4,r,img/target_4.png
21,2,654,lattice,5,u,img/target_7.png
21,2,655,lattice,4,r,img/target_4.png
21,2,656,lattice,2,v,img/target_5.png
21,2,657,lattice,3,e,img/target_3.png
21,2,658,lattice,5,u,img/target_7.png
21,2,659,lattice,3,e,img/target_3.png
21,2,660,lattice,1,i,img/target_8.png
21,2,661,lattice,9,p,img/target_10.png
21,2,662,lattice,7,q,img/target_1.png
21,2,663,lattice,5,u,img/target_7.png
21,2,664,lattice,4,r,img/target_4.png
21,2,665,lattice,5,u,img/target_7.png
21,2,666,lattice,4,r,img/target_4.png
21,2,667,lattice,6,w,img/target_2.png
21,2,668,lattice,8,b,img/target_6.png
21,2,669,lattice,9,p,img/target_10.png
21,2,670,lattice,8,b,img/target_6.png
21,2,671,lattice,7,q,img/target_1.png
21,2,672,lattice,5,u,img/target_7.png
21,2,673,lattice,3,e,img/target_3.png
21,2,674,lattice,5,u,img/target_7.png
21,2,675,lattice,6,w,img/target_2.png
21,2,676,lattice,4,r,img/target_4.png
21,2,677,lattice,6,w,img/target_2.png
21,2,678,lattice,4,r,img/target_4.png
21,2,679,lattice,5,u,img/target_7.png
21,2,680,lattice,4,r,img/target_4.png
21,2,681,lattice,5,u,img/target_7.png
21,2,682,lattice,3,e,img/target_3.png
21,2,683,lattice,5,u,img/target_7.png
21,2,684,lattice,6,w,img/target_2.png
21,2,685,lattice,7,q,img/target_1.png
21,2,686,lattice,8,b,img/target_6.png
21,2,687,lattice,7,q,img/target_1.png
21,2,688,lattice,8,b,img/target_6.png
21,2,689,lattice,0,o,img/target_9.png
21,2,690,lattice,2,v,img/target_5.png
21,2,691,lattice,1,i,img/target_8.png
21,2,692,lattice,2,v,img/target_5.png
21,2,693,lattice,4,r,img/target_4.png
21,2,694,lattice,2,v,img/target_5.png
21,2,695,lattice,3,e,img/target_3.png
21,2,696,lattice,1,i,img/target_8.png
21,2,697,lattice,2,v,img/target_5.png
21,2,698,lattice,4,r,img/target_4.png
21,2,699,lattice,2,v,img/target_5.png
21,2,700,lattice,3,e,img/target_3.png
21,2,701,lattice,2,v,img/target_5.png
21,2,702,lattice,0,o,img/target_9.png
21,2,703,lattice,9,p,img/target_10.png
21,2,704,lattice,7,q,img/target_1.png
21,2,705,lattice,8,b,img/target_6.png
21,2,706,lattice,6,w,img/target_2.png
21,2,707,lattice,7,q,img/target_1.png
21,2,708,lattice,5,u,img/target_7.png
21,2,709,lattice,3,e,img/target_3.png
21,2,710,lattice,1,i,img/target_8.png
21,2,711,lattice,0,o,img/target_9.png
21,2,712,lattice,9,p,img/target_10.png
21,2,713,lattice,0,o,img/target_9.png
21,2,714,lattice,2,v,img/target_5.png
21,2,715,lattice,3,e,img/target_3.png
21,2,716,lattice,1,i,img/target_8.png
21,2,717,lattice,0,o,img/target_9.png
21,2,718,lattice,8,b,img/target_6.png
21,2,719,lattice,6,w,img/target_2.png
21,2,720,lattice,5,u,img/target_7.png
21,2,721,lattice,6,w,img/target_2.png
21,2,722,lattice,8,b,img/target_6.png
21,2,723,lattice,9,p,img/target_10.png
21,2,724,lattice,0,o,img/target_9.png
21,2,725,lattice,9,p,img/target_10.png
21,2,726,lattice,8,b,img/target_6.png
21,2,727,lattice,6,w,img/target_2.png
21,2,728,lattice,4,r,img/target_4.png
21,2,729,lattice,6,w,img/target_2.png
21,2,730,lattice,4,r,img/target_4.png
21,2,731,lattice,5,u,img/target_7.png
21,2,732,lattice,6,w,img/target_2.png
21,2,733,lattice,7,q,img/target_1.png
21,2,734,lattice,8,b,img/target_6.png
21,2,735,lattice,7,q,img/target_1.png
21,2,736,lattice,5,u,img/target_7.png
21,2,737,lattice,7,q,img/target_1.png
21,2,738,lattice,9,p,img/target_10.png
21,2,739,lattice,1,i,img/target_8.png
21,2,740,lattice,3,e,img/target_3.png
21,2,741,lattice,5,u,img/target_7.png
21,2,742,lattice,4,r,img/target_4.png
21,2,743,lattice,2,v,img/target_5.png
21,2,744,lattice,4,r,img/target_4.png
21,2,745,lattice,5,u,img/target_7.png
21,2,746,lattice,3,e,img/target_3.png
21,2,747,lattice,4,r,img/target_4.png
21,2,748,lattice,6,w,img/target_2.png
21,2,749,lattice,7,q,img/target_1.png
21,2,750,lattice,6,w,img/target_2.png
21,2,751,lattice,5,u,img/target_7.png
21,2,752,lattice,4,r,img/target_4.png
21,2,753,lattice,3,e,img/target_3.png
21,2,754,lattice,4,r,img/target_4.png
21,2,755,lattice,2,v,img/target_5.png
21,2,756,lattice,1,i,img/target_8.png
21,2,757,lattice,2,v,img/target_5.png
21,2,758,lattice,1,i,img/target_8.png
21,2,759,lattice,9,p,img/target_10.png
21,2,760,lattice,0,o,img/target_9.png
21,2,761,lattice,9,p,img/target_10.png
21,2,762,lattice,1,i,img/target_8.png
21,2,763,lattice,9,p,img/target_10.png
21,2,764,lattice,1,i,img/target_8.png
21,2,765,lattice,0,o,img/target_9.png
21,2,766,lattice,1,i,img/target_8.png
21,2,767,lattice,9,p,img/target_10.png
21,2,768,lattice,0,o,img/target_9.png
21,2,769,lattice,8,b,img/target_6.png
21,2,770,lattice,9,p,img/target_10.png
21,2,771,lattice,1,i,img/target_8.png
21,2,772,lattice,0,o,img/target_9.png
21,2,773,lattice,9,p,img/target_10.png
21,2,774,lattice,7,q,img/target_1.png
21,2,775,lattice,6,w,img/target_2.png
21,2,776,lattice,7,q,img/target_1.png
21,2,777,lattice,6,w,img/target_2.png
21,2,778,lattice,7,q,img/target_1.png
21,2,779,lattice,9,p,img/target_10.png
21,2,780,lattice,0,o,img/target_9.png
21,2,781,lattice,9,p,img/target_10.png
21,2,782,lattice,7,q,img/target_1.png
21,2,783,lattice,8,b,img/target_6.png
21,2,784,lattice,7,q,img/target_1.png
21,2,785,lattice,9,p,img/target_10.png
21,2,786,lattice,8,b,img/target_6.png
21,2,787,lattice,0,o,img/target_9.png
21,2,788,lattice,2,v,img/target_5.png
21,2,789,lattice,1,i,img/target_8.png
21,2,790,lattice,3,e,img/target_3.png
21,2,791,lattice,5,u,img/target_7.png
21,2,792,lattice,4,r,img/target_4.png
21,2,793,lattice,5,u,img/target_7.png
21,2,794,lattice,6,w,img/target_2.png
21,2,795,lattice,8,b,img/target_6.png
21,2,796,lattice,9,p,img/target_10.png
21,2,797,lattice,8,b,img/target_6.png
21,2,798,lattice,0,o,img/target_9.png
21,2,799,lattice,9,p,img/target_10.png
21,2,800,lattice,0,o,img/target_9.png
21,2,801,lattice,1,i,img/target_8.png
21,2,802,lattice,0,o,img/target_9.png
21,2,803,lattice,8,b,img/target_6.png
21,2,804,lattice,9,p,img/target_10.png
21,2,805,lattice,7,q,img/target_1.png
21,2,806,lattice,9,p,img/target_10.png
21,2,807,lattice,7,q,img/target_1.png
21,2,808,lattice,6,w,img/target_2.png
21,2,809,lattice,5,u,img/target_7.png
21,2,810,lattice,6,w,img/target_2.png
21,2,811,lattice,7,q,img/target_1.png
21,2,812,lattice,9,p,img/target_10.png
21,2,813,lattice,7,q,img/target_1.png
21,2,814,lattice,5,u,img/target_7.png
21,2,815,lattice,4,r,img/target_4.png
21,2,816,lattice,3,e,img/target_3.png
21,2,817,lattice,5,u,img/target_7.png
21,2,818,lattice,3,e,img/target_3.png
21,2,819,lattice,5,u,img/target_7.png
21,2,820,lattice,3,e,img/target_3.png
21,2,821,lattice,4,r,img/target_4.png
21,2,822,lattice,2,v,img/target_5.png
21,2,823,lattice,0,o,img/target_9.png
21,2,824,lattice,8,b,img/target_6.png
21,2,825,lattice,9,p,img/target_10.png
21,2,826,lattice,0,o,img/target_9.png
21,2,827,lattice,9,p,img/target_10.png
21,2,828,lattice,1,i,img/target_8.png
21,2,829,lattice,9,p,img/target_10.png
21,2,830,lattice,7,q,img/target_1.png
21,2,831,lattice,5,u,img/target_7.png
21,2,832,lattice,3,e,img/target_3.png
21,2,833,lattice,5,u,img/target_7.png
21,2,834,lattice,4,r,img/target_4.png
21,2,835,lattice,3,e,img/target_3.png
21,2,836,lattice,2,v,img/target_5.png
21,2,837,lattice,0,o,img/target_9.png
21,2,838,lattice,9,p,img/target_10.png
21,2,839,lattice,8,b,img/target_6.png
21,2,840,lattice,7,q,img/target_1.png
21,2,841,lattice,9,p,img/target_10.png
21,2,842,lattice,8,b,img/target_6.png
21,2,843,lattice,9,p,img/target_10.png
21,2,844,lattice,8,b,img/target_6.png
21,2,845,lattice,0,o,img/target_9.png
21,2,846,lattice,9,p,img/target_10.png
21,2,847,lattice,8,b,img/target_6.png
21,2,848,lattice,6,w,img/target_2.png
21,2,849,lattice,7,q,img/target_1.png
21,2,850,lattice,9,p,img/target_10.png
21,2,851,lattice,1,i,img/target_8.png
21,2,852,lattice,3,e,img/target_3.png
21,2,853,lattice,5,u,img/target_7.png
21,2,854,lattice,7,q,img/target_1.png
21,2,855,lattice,6,w,img/target_2.png
21,2,856,lattice,4,r,img/target_4.png
21,2,857,lattice,6,w,img/target_2.png
21,2,858,lattice,7,q,img/target_1.png
21,2,859,lattice,9,p,img/target_10.png
21,2,860,lattice,8,b,img/target_6.png
21,2,861,lattice,7,q,img/target_1.png
21,2,862,lattice,9,p,img/target_10.png
21,2,863,lattice,1,i,img/target_8.png
21,2,864,lattice,0,o,img/target_9.png
21,2,865,lattice,8,b,img/target_6.png
21,2,866,lattice,0,o,img/target_9.png
21,2,867,lattice,2,v,img/target_5.png
21,2,868,lattice,4,r,img/target_4.png
21,2,869,lattice,5,u,img/target_7.png
21,2,870,lattice,3,e,img/target_3.png
21,2,871,lattice,1,i,img/target_8.png
21,2,872,lattice,3,e,img/target_3.png
21,2,873,lattice,1,i,img/target_8.png
21,2,874,lattice,0,o,img/target_9.png
21,2,875,lattice,9,p,img/target_10.png
21,2,876,lattice,0,o,img/target_9.png
21,2,877,lattice,2,v,img/target_5.png
21,2,878,lattice,0,o,img/target_9.png
21,2,879,lattice,9,p,img/target_10.png
21,2,880,lattice,1,i,img/target_8.png
21,2,881,lattice,3,e,img/target_3.png
21,2,882,lattice,1,i,img/target_8.png
21,2,883,lattice,3,e,img/target_3.png
21,2,884,lattice,1,i,img/target_8.png
21,2,885,lattice,9,p,img/target_10.png
21,2,886,lattice,7,q,img/target_1.png
21,2,887,lattice,6,w,img/target_2.png
21,2,888,lattice,8,b,img/target_6.png
21,2,889,lattice,6,w,img/target_2.png
21,2,890,lattice,5,u,img/target_7.png
21,2,891,lattice,3,e,img/target_3.png
21,2,892,lattice,2,v,img/target_5.png
21,2,893,lattice,0,o,img/target_9.png
21,2,894,lattice,8,b,img/target_6.png
21,2,895,lattice,7,q,img/target_1.png
21,2,896,lattice,8,b,img/target_6.png
21,2,897,lattice,9,p,img/target_10.png
21,2,898,lattice,7,q,img/target_1.png
21,2,899,lattice,9,p,img/target_10.png
21,2,900,lattice,0,o,img/target_9.png
21,2,901,lattice,9,p,img/target_10.png
21,2,902,lattice,7,q,img/target_1.png
21,2,903,lattice,5,u,img/target_7.png
21,2,904,lattice,4,r,img/target_4.png
21,2,905,lattice,2,v,img/target_5.png
21,2,906,lattice,4,r,img/target_4.png
21,2,907,lattice,2,v,img/target_5.png
21,2,908,lattice,3,e,img/target_3.png
21,2,909,lattice,1,i,img/target_8.png
21,2,910,lattice,0,o,img/target_9.png
21,2,911,lattice,8,b,img/target_6.png
21,2,912,lattice,9,p,img/target_10.png
21,2,913,lattice,8,b,img/target_6.png
21,2,914,lattice,0,o,img/target_9.png
21,2,915,lattice,1,i,img/target_8.png
21,2,916,lattice,9,p,img/target_10.png
21,2,917,lattice,0,o,img/target_9.png
21,2,918,lattice,8,b,img/target_6.png
21,2,919,lattice,6,w,img/target_2.png
21,2,920,lattice,4,r,img/target_4.png
21,2,921,lattice,3,e,img/target_3.png
21,2,922,lattice,5,u,img/target_7.png
21,2,923,lattice,3,e,img/target_3.png
21,2,924,lattice,1,i,img/target_8.png
21,2,925,lattice,3,e,img/target_3.png
21,2,926,lattice,1,i,img/target_8.png
21,2,927,lattice,3,e,img/target_3.png
21,2,928,lattice,1,i,img/target_8.png
21,2,929,lattice,2,v,img/target_5.png
21,2,930,lattice,4,r,img/target_4.png
21,2,931,lattice,2,v,img/target_5.png
21,2,932,lattice,1,i,img/target_8.png
21,2,933,lattice,9,p,img/target_10.png
21,2,934,lattice,0,o,img/target_9.png
21,2,935,lattice,2,v,img/target_5.png
21,2,936,lattice,4,r,img/target_4.png
21,2,937,lattice,5,u,img/target_7.png
21,2,938,lattice,4,r,img/target_4.png
21,2,939,lattice,6,w,img/target_2.png
21,2,940,lattice,5,u,img/target_7.png
21,2,941,lattice,4,r,img/target_4.png
21,2,942,lattice,6,w,img/target_2.png
21,2,943,lattice,5,u,img/target_7.png
21,2,944,lattice,3,e,img/target_3.png
21,2,945,lattice,2,v,img/target_5.png
21,2,946,lattice,4,r,img/target_4.png
21,2,947,lattice,6,w,img/target_2.png
21,2,948,lattice,7,q,img/target_1.png
21,2,949,lattice,9,p,img/target_10.png
21,2,950,lattice,7,q,img/target_1.png
21,2,951,lattice,6,w,img/target_2.png
21,2,952,lattice,5,u,img/target_7.png
21,2,953,lattice,4,r,img/target_4.png
21,2,954,lattice,6,w,img/target_2.png
21,2,955,lattice,7,q,img/target_1.png
21,2,956,lattice,8,b,img/target_6.png
21,2,957,lattice,9,p,img/target_10.png
21,2,958,lattice,1,i,img/target_8.png
21,2,959,lattice,9,p,img/target_10.png
21,2,960,lattice,7,q,img/target_1.png
21,2,961,lattice,8,b,img/target_6.png
21,2,962,lattice,7,q,img/target_1.png
21,2,963,lattice,8,b,img/target_6.png
21,2,964,lattice,0,o,img/target_9.png
21,2,965,lattice,1,i,img/target_8.png
21,2,966,lattice,2,v,img/target_5.png
21,2,967,lattice,0,o,img/target_9.png
21,2,968,lattice,1,i,img/target_8.png
21,2,969,lattice,9,p,img/target_10.png
21,2,970,lattice,1,i,img/target_8.png
21,2,971,lattice,2,v,img/target_5.png
21,2,972,lattice,1,i,img/target_8.png
21,2,973,lattice,9,p,img/target_10.png
21,2,974,lattice,1,i,img/target_8.png
21,2,975,lattice,3,e,img/target_3.png
21,2,976,lattice,4,r,img/target_4.png
21,2,977,lattice,2,v,img/target_5.png
21,2,978,lattice,3,e,img/target_3.png
21,2,979,lattice,5,u,img/target_7.png
21,2,980,lattice,7,q,img/target_1.png
21,2,981,lattice,8,b,img/target_6.png
21,2,982,lattice,0,o,img/target_9.png
21,2,983,lattice,1,i,img/target_8.png
21,2,984,lattice,2,v,img/target_5.png
21,2,985,lattice,1,i,img/target_8.png
21,2,986,lattice,3,e,img/target_3.png
21,2,987,lattice,2,v,img/target_5.png
21,2,988,lattice,1,i,img/target_8.png
21,2,989,lattice,2,v,img/target_5.png
21,2,990,lattice,4,r,img/target_4.png
21,2,991,lattice,6,w,img/target_2.png
21,2,992,lattice,4,r,img/target_4.png
21,2,993,lattice,5,u,img/target_7.png
21,2,994,lattice,4,r,img/target_4.png
21,2,995,lattice,5,u,img/target_7.png
21,2,996,lattice,7,q,img/target_1.png
21,2,997,lattice,5,u,img/target_7.png
21,2,998,lattice,4,r,img/target_4.png
21,2,999,lattice,3,e,img/target_3.png
21,2,1000,lattice,2,v,img/target_5.png
