pID,sess,trialNum,graph,walk,resp,path
21,3,1,lattice,3,e,img/target_3.png
21,3,2,lattice,2,v,img/target_5.png
21,3,3,lattice,1,i,img/target_8.png
21,3,4,lattice,9,p,img/target_10.png
21,3,5,lattice,0,o,img/target_9.png
21,3,6,lattice,2,v,img/target_5.png
21,3,7,lattice,0,o,img/target_9.png
21,3,8,lattice,9,p,img/target_10.png
21,3,9,lattice,0,o,img/target_9.png
21,3,10,lattice,1,i,img/target_8.png
21,3,11,lattice,3,e,img/target_3.png
21,3,12,lattice,4,r,img/target_4.png
21,3,13,lattice,3,e,img/target_3.png
21,3,14,lattice,2,v,img/target_5.png
21,3,15,lattice,0,o,img/target_9.png
21,3,16,lattice,1,i,img/target_8.png
21,3,17,lattice,9,p,img/target_10.png
21,3,18,lattice,1,i,img/target_8.png
21,3,19,lattice,9,p,img/target_10.png
21,3,20,lattice,7,q,img/target_1.png
21,3,21,lattice,6,w,img/target_2.png
21,3,22,lattice,4,r,img/target_4.png
21,3,23,lattice,6,w,img/target_2.png
21,3,24,lattice,5,u,img/target_7.png
21,3,25,lattice,6,w,img/target_2.png
21,3,26,lattice,8,b,img/target_6.png
21,3,27,lattice,0,o,img/target_9.png
21,3,28,lattice,8,b,img/target_6.png
21,3,29,lattice,7,q,img/target_1.png
21,3,30,lattice,8,b,img/target_6.png
21,3,31,lattice,9,p,img/target_10.png
21,3,32,lattice,0,o,img/target_9.png
21,3,33,lattice,8,b,img/target_6.png
21,3,34,lattice,9,p,img/target_10.png
21,3,35,lattice,1,i,img/target_8.png
21,3,36,lattice,2,v,img/target_5.png
21,3,37,lattice,4,r,img/target_4.png
21,3,38,lattice,6,w,img/target_2.png
21,3,39,lattice,4,r,img/target_4.png
21,3,40,lattice,2,v,img/target_5.png
21,3,41,lattice,3,e,img/target_3.png
21,3,42,lattice,2,v,img/target_5.png
21,3,43,lattice,3,e,img/target_3.png
21,3,44,lattice,4,r,img/target_4.png
21,3,45,lattice,6,w,img/target_2.png
21,3,46,lattice,7,q,img/target_1.png
21,3,47,lattice,6,w,img/target_2.png
21,3,48,lattice,8,b,img/target_6.png
21,3,49,lattice,6,w,img/target_2.png
21,3,50,lattice,4,r,img/target_4.png
21,3,51,lattice,5,u,img/target_7.png
21,3,52,lattice,4,r,img/target_4.png
21,3,53,lattice,5,u,img/target_7.png
21,3,54,lattice,6,w,img/target_2.png
21,3,55,lattice,8,b,img/target_6.png
21,3,56,lattice,0,o,img/target_9.png
21,3,57,lattice,8,b,img/target_6.png
21,3,58,lattice,0,o,img/target_9.png
21,3,59,lattice,1,i,img/target_8.png
21,3,60,lattice,0,o,img/target_9.png
21,3,61,lattice,8,b,img/target_6.png
21,3,62,lattice,6,w,img/target_2.png
21,3,63,lattice,7,q,img/target_1.png
21,3,64,lattice,5,u,img/target_7.png
21,3,65,lattice,3,e,img/target_3.png
21,3,66,lattice,5,u,img/target_7.png
21,3,67,lattice,3,e,img/target_3.png
21,3,68,lattice,5,u,img/target_7.png
21,3,69,lattice,3,e,img/target_3.png
21,3,70,lattice,1,i,img/target_8.png
21,3,71,lattice,0,o,img/target_9.png
21,3,72,lattice,8,b,img/target_6.png
21,3,73,lattice,7,q,img/target_1.png
21,3,74,lattice,5,u,img/target_7.png
21,3,75,lattice,4,r,img/target_4.png
21,3,76,lattice,6,w,img/target_2.png
21,3,77,lattice,4,r,img/target_4.png
21,3,78,lattice,6,w,img/target_2.png
21,3,79,lattice,5,u,img/target_7.png
21,3,80,lattice,7,q,img/target_1.png
21,3,81,lattice,5,u,img/target_7.png
21,3,82,lattice,3,e,img/target_3.png
21,3,83,lattice,5,u,img/target_7.png
21,3,84,lattice,7,q,img/target_1.png
21,3,85,lattice,9,p,img/target_10.png
21,3,86,lattice,1,i,img/target_8.png
21,3,87,lattice,0,o,img/target_9.png
21,3,88,lattice,9,p,img/target_10.png
21,3,89,lattice,8,b,img/target_6.png
21,3,90,lattice,9,p,img/target_10.png
21,3,91,lattice,0,o,img/target_9.png
21,3,92,lattice,1,i,img/target_8.png
21,3,93,lattice,2,v,img/target_5.png
21,3,94,lattice,1,i,img/target_8.png
21,3,95,lattice,3,e,img/target_3.png
21,3,96,lattice,4,r,img/target_4.png
21,3,97,lattice,6,w,img/target_2.png
21,3,98,lattice,4,r,img/target_4.png
21,3,99,lattice,3,e,img/target_3.png
21,3,100,lattice,1,i,img/target_8.png
21,3,101,lattice,9,p,img/target_10.png
21,3,102,lattice,1,i,img/target_8.png
21,3,103,lattice,0,o,img/target_9.png
21,3,104,lattice,1,i,img/target_8.png
21,3,105,lattice,0,o,img/target_9.png
21,3,106,lattice,1,i,img/target_8.png
21,3,107,lattice,9,p,img/target_10.png
21,3,108,lattice,0,o,img/target_9.png
21,3,109,lattice,2,v,img/target_5.png
21,3,110,lattice,1,i,img/target_8.png
21,3,111,lattice,3,e,img/target_3.png
21,3,112,lattice,5,u,img/target_7.png
21,3,113,lattice,4,r,img/target_4.png
21,3,114,lattice,2,v,img/target_5.png
21,3,115,lattice,1,i,img/target_8.png
21,3,116,lattice,9,p,img/target_10.png
21,3,117,lattice,8,b,img/target_6.png
21,3,118,lattice,7,q,img/target_1.png
21,3,119,lattice,9,p,img/target_10.png
21,3,120,lattice,1,i,img/target_8.png
21,3,121,lattice,0,o,img/target_9.png
21,3,122,lattice,9,p,img/target_10.png
21,3,123,lattice,1,i,img/target_8.png
21,3,124,lattice,0,o,img/target_9.png
21,3,125,lattice,8,b,img/target_6.png
21,3,126,lattice,6,w,img/target_2.png
21,3,127,lattice,5,u,img/target_7.png
21,3,128,lattice,7,q,img/target_1.png
21,3,129,lattice,9,p,img/target_10.png
21,3,130,lattice,1,i,img/target_8.png
21,3,131,lattice,3,e,img/target_3.png
21,3,132,lattice,1,i,img/target_8.png
21,3,133,lattice,2,v,img/target_5.png
21,3,134,lattice,4,r,img/target_4.png
21,3,135,lattice,6,w,img/target_2.png
21,3,136,lattice,7,q,img/target_1.png
21,3,137,lattice,8,b,img/target_6.png
21,3,138,lattice,6,w,img/target_2.png
21,3,139,lattice,7,q,img/target_1.png
21,3,140,lattice,9,p,img/target_10.png
21,3,141,lattice,0,o,img/target_9.png
21,3,142,lattice,2,v,img/target_5.png
21,3,143,lattice,0,o,img/target_9.png
21,3,144,lattice,8,b,img/target_6.png
21,3,145,lattice,7,q,img/target_1.png
21,3,146,lattice,9,p,img/target_10.png
21,3,147,lattice,0,o,img/target_9.png
21,3,148,lattice,9,p,img/target_10.png
21,3,149,lattice,7,q,img/target_1.png
21,3,150,lattice,5,u,img/target_7.png
21,3,151,lattice,6,w,img/target_2.png
21,3,152,lattice,5,u,img/target_7.png
21,3,153,lattice,6,w,img/target_2.png
21,3,154,lattice,5,u,img/target_7.png
21,3,155,lattice,7,q,img/target_1.png
21,3,156,lattice,5,u,img/target_7.png
21,3,157,lattice,4,r,img/target_4.png
21,3,158,lattice,3,e,img/target_3.png
21,3,159,lattice,5,u,img/target_7.png
21,3,160,lattice,3,e,img/target_3.png
21,3,161,lattice,4,r,img/target_4.png
21,3,162,lattice,2,v,img/target_5.png
21,3,163,lattice,3,e,img/target_3.png
21,3,164,lattice,2,v,img/target_5.png
21,3,165,lattice,3,e,img/target_3.png
21,3,166,lattice,4,r,img/target_4.png
21,3,167,lattice,5,u,img/target_7.png
21,3,168,lattice,3,e,img/target_3.png
21,3,169,lattice,2,v,img/target_5.png
21,3,170,lattice,4,r,img/target_4.png
21,3,171,lattice,2,v,img/target_5.png
21,3,172,lattice,3,e,img/target_3.png
21,3,173,lattice,4,r,img/target_4.png
21,3,174,lattice,2,v,img/target_5.png
21,3,175,lattice,4,r,img/target_4.png
21,3,176,lattice,5,u,img/target_7.png
21,3,177,lattice,6,w,img/target_2.png
21,3,178,lattice,7,q,img/target_1.png
21,3,179,lattice,8,b,img/target_6.png
21,3,180,lattice,7,q,img/target_1.png
21,3,181,lattice,8,b,img/target_6.png
21,3,182,lattice,9,p,img/target_10.png
21,3,183,lattice,8,b,img/target_6.png
21,3,184,lattice,0,o,img/target_9.png
21,3,185,lattice,2,v,img/target_5.png
21,3,186,lattice,4,r,img/target_4.png
21,3,187,lattice,2,v,img/target_5.png
21,3,188,lattice,1,i,img/target_8.png
21,3,189,lattice,9,p,img/target_10.png
21,3,190,lattice,8,b,img/target_6.png
21,3,191,lattice,0,o,img/target_9.png
21,3,192,lattice,1,i,img/target_8.png
21,3,193,lattice,9,p,img/target_10.png
21,3,194,lattice,7,q,img/target_1.png
21,3,195,lattice,5,u,img/target_7.png
21,3,196,lattice,3,e,img/target_3.png
21,3,197,lattice,4,r,img/target_4.png
21,3,198,lattice,6,w,img/target_2.png
21,3,199,lattice,8,b,img/target_6.png
21,3,200,lattice,0,o,img/target_9.png
21,3,201,lattice,8,b,img/target_6.png
21,3,202,lattice,0,o,img/target_9.png
21,3,203,lattice,1,i,img/target_8.png
21,3,204,lattice,3,e,img/target_3.png
21,3,205,lattice,4,r,img/target_4.png
21,3,206,lattice,6,w,img/target_2.png
21,3,207,lattice,7,q,img/target_1.png
21,3,208,lattice,6,w,img/target_2.png
21,3,209,lattice,5,u,img/target_7.png
21,3,210,lattice,4,r,img/target_4.png
21,3,211,lattice,5,u,img/target_7.png
21,3,212,lattice,3,e,img/target_3.png
21,3,213,lattice,2,v,img/target_5.png
21,3,214,lattice,3,e,img/target_3.png
21,3,215,lattice,1,i,img/target_8.png
21,3,216,lattice,2,v,img/target_5.png
21,3,217,lattice,0,o,img/target_9.png
21,3,218,lattice,1,i,img/target_8.png
21,3,219,lattice,3,e,img/target_3.png
21,3,220,lattice,5,u,img/target_7.png
21,3,221,lattice,4,r,img/target_4.png
21,3,222,lattice,6,w,img/target_2.png
21,3,223,lattice,5,u,img/target_7.png
21,3,224,lattice,4,r,img/target_4.png
21,3,225,lattice,5,u,img/target_7.png
21,3,226,lattice,4,r,img/target_4.png
21,3,227,lattice,2,v,img/target_5.png
21,3,228,lattice,1,i,img/target_8.png
21,3,229,lattice,0,o,img/target_9.png
21,3,230,lattice,2,v,img/target_5.png
21,3,231,lattice,4,r,img/target_4.png
21,3,232,lattice,6,w,img/target_2.png
21,3,233,lattice,8,b,img/target_6.png
21,3,234,lattice,6,w,img/target_2.png
21,3,235,lattice,7,q,img/target_1.png
21,3,236,lattice,8,b,img/target_6.png
21,3,237,lattice,9,p,img/target_10.png
21,3,238,lattice,1,i,img/target_8.png
21,3,239,lattice,3,e,img/target_3.png
21,3,240,lattice,1,i,img/target_8.png
21,3,241,lattice,2,v,img/target_5.png
21,3,242,lattice,3,e,img/target_3.png
21,3,243,lattice,1,i,img/target_8.png
21,3,244,lattice,0,o,img/target_9.png
21,3,245,lattice,8,b,img/target_6.png
21,3,246,lattice,9,p,img/target_10.png
21,3,247,lattice,1,i,img/target_8.png
21,3,248,lattice,9,p,img/target_10.png
21,3,249,lattice,8,b,img/target_6.png
21,3,250,lattice,7,q,img/target_1.png
21,3,251,lattice,8,b,img/target_6.png
21,3,252,lattice,9,p,img/target_10.png
21,3,253,lattice,1,i,img/target_8.png
21,3,254,lattice,0,o,img/target_9.png
21,3,255,lattice,8,b,img/target_6.png
21,3,256,lattice,0,o,img/target_9.png
21,3,257,lattice,8,b,img/target_6.png
21,3,258,lattice,0,o,img/target_9.png
21,3,259,lattice,2,v,img/target_5.png
21,3,260,lattice,0,o,img/target_9.png
21,3,261,lattice,2,v,img/target_5.png
21,3,262,lattice,1,i,img/target_8.png
21,3,263,lattice,0,o,img/target_9.png
21,3,264,lattice,2,v,img/target_5.png
21,3,265,lattice,1,i,img/target_8.png
21,3,266,lattice,2,v,img/target_5.png
21,3,267,lattice,0,o,img/target_9.png
21,3,268,lattice,2,v,img/target_5.png
21,3,269,lattice,3,e,img/target_3.png
21,3,270,lattice,2,v,img/target_5.png
21,3,271,lattice,3,e,img/target_3.png
21,3,272,lattice,4,r,img/target_4.png
21,3,273,lattice,2,v,img/target_5.png
21,3,274,lattice,0,o,img/target_9.png
21,3,275,lattice,1,i,img/target_8.png
21,3,276,lattice,2,v,img/target_5.png
21,3,277,lattice,4,r,img/target_4.png
21,3,278,lattice,6,w,img/target_2.png
21,3,279,lattice,4,r,img/target_4.png
21,3,280,lattice,6,w,img/target_2.png
21,3,281,lattice,5,u,img/target_7.png
21,3,282,lattice,4,r,img/target_4.png
21,3,283,lattice,6,w,img/target_2.png
21,3,284,lattice,5,u,img/target_7.png
21,3,285,lattice,7,q,img/target_1.png
21,3,286,lattice,8,b,img/target_6.png
21,3,287,lattice,0,o,img/target_9.png
21,3,288,lattice,1,i,img/target_8.png
21,3,289,lattice,3,e,img/target_3.png
21,3,290,lattice,4,r,img/target_4.png
21,3,291,lattice,5,u,img/target_7.png
21,3,292,lattice,3,e,img/target_3.png
21,3,293,lattice,2,v,img/target_5.png
21,3,294,lattice,3,e,img/target_3.png
21,3,295,lattice,1,i,img/target_8.png
21,3,296,lattice,3,e,img/target_3.png
21,3,297,lattice,1,i,img/target_8.png
21,3,298,lattice,9,p,img/target_10.png
21,3,299,lattice,0,o,img/target_9.png
21,3,300,lattice,9,p,img/target_10.png
21,3,301,lattice,1,i,img/target_8.png
21,3,302,lattice,3,e,img/target_3.png
21,3,303,lattice,2,v,img/target_5.png
21,3,304,lattice,4,r,img/target_4.png
21,3,305,lattice,5,u,img/target_7.png
21,3,306,lattice,6,w,img/target_2.png
21,3,307,lattice,8,b,img/target_6.png
21,3,308,lattice,6,w,img/target_2.png
21,3,309,lattice,8,b,img/target_6.png
21,3,310,lattice,7,q,img/target_1.png
21,3,311,lattice,5,u,img/target_7.png
21,3,312,lattice,3,e,img/target_3.png
21,3,313,lattice,4,r,img/target_4.png
21,3,314,lattice,3,e,img/target_3.png
21,3,315,lattice,4,r,img/target_4.png
21,3,316,lattice,2,v,img/target_5.png
21,3,317,lattice,4,r,img/target_4.png
21,3,318,lattice,5,u,img/target_7.png
21,3,319,lattice,7,q,img/target_1.png
21,3,320,lattice,5,u,img/target_7.png
21,3,321,lattice,4,r,img/target_4.png
21,3,322,lattice,3,e,img/target_3.png
21,3,323,lattice,2,v,img/target_5.png
21,3,324,lattice,3,e,img/target_3.png
21,3,325,lattice,2,v,img/target_5.png
21,3,326,lattice,0,o,img/target_9.png
21,3,327,lattice,8,b,img/target_6.png
21,3,328,lattice,7,q,img/target_1.png
21,3,329,lattice,5,u,img/target_7.png
21,3,330,lattice,4,r,img/target_4.png
21,3,331,lattice,6,w,img/target_2.png
21,3,332,lattice,4,r,img/target_4.png
21,3,333,lattice,6,w,img/target_2.png
21,3,334,lattice,4,r,img/target_4.png
21,3,335,lattice,6,w,img/target_2.png
21,3,336,lattice,8,b,img/target_6.png
21,3,337,lattice,6,w,img/target_2.png
21,3,338,lattice,8,b,img/target_6.png
21,3,339,lattice,7,q,img/target_1.png
21,3,340,lattice,6,w,img/target_2.png
21,3,341,lattice,4,r,img/target_4.png
21,3,342,lattice,6,w,img/target_2.png
21,3,343,lattice,8,b,img/target_6.png
21,3,344,lattice,0,o,img/target_9.png
21,3,345,lattice,2,v,img/target_5.png
21,3,346,lattice,3,e,img/target_3.png
21,3,347,lattice,1,i,img/target_8.png
21,3,348,lattice,3,e,img/target_3.png
21,3,349,lattice,1,i,img/target_8.png
21,3,350,lattice,3,e,img/target_3.png
21,3,351,lattice,4,r,img/target_4.png
21,3,352,lattice,6,w,img/target_2.png
21,3,353,lattice,8,b,img/target_6.png
21,3,354,lattice,6,w,img/target_2.png
21,3,355,lattice,4,r,img/target_4.png
21,3,356,lattice,2,v,img/target_5.png
21,3,357,lattice,3,e,img/target_3.png
21,3,358,lattice,1,i,img/target_8.png
21,3,359,lattice,2,v,img/target_5.png
21,3,360,lattice,0,o,img/target_9.png
21,3,361,lattice,1,i,img/target_8.png
21,3,362,lattice,2,v,img/target_5.png
21,3,363,lattice,3,e,img/target_3.png
21,3,364,lattice,2,v,img/target_5.png
21,3,365,lattice,3,e,img/target_3.png
21,3,366,lattice,4,r,img/target_4.png
21,3,367,lattice,5,u,img/target_7.png
21,3,368,lattice,4,r,img/target_4.png
21,3,369,lattice,2,v,img/target_5.png
21,3,370,lattice,4,r,img/target_4.png
21,3,371,lattice,2,v,img/target_5.png
21,3,372,lattice,0,o,img/target_9.png
21,3,373,lattice,8,b,img/target_6.png
21,3,374,lattice,7,q,img/target_1.png
21,3,375,lattice,5,u,img/target_7.png
21,3,376,lattice,4,r,img/target_4.png
21,3,377,lattice,5,u,img/target_7.png
21,3,378,lattice,7,q,img/target_1.png
21,3,379,lattice,6,w,img/target_2.png
21,3,380,lattice,8,b,img/target_6.png
21,3,381,lattice,0,o,img/target_9.png
21,3,382,lattice,1,i,img/target_8.png
21,3,383,lattice,0,o,img/target_9.png
21,3,384,lattice,1,i,img/target_8.png
21,3,385,lattice,2,v,img/target_5.png
21,3,386,lattice,1,i,img/target_8.png
21,3,387,lattice,0,o,img/target_9.png
21,3,388,lattice,2,v,img/target_5.png
21,3,389,lattice,4,r,img/target_4.png
21,3,390,lattice,5,u,img/target_7.png
21,3,391,lattice,4,r,img/target_4.png
21,3,392,lattice,5,u,img/target_7.png
21,3,393,lattice,7,q,img/target_1.png
21,3,394,lattice,8,b,img/target_6.png
21,3,395,lattice,9,p,img/target_10.png
21,3,396,lattice,0,o,img/target_9.png
21,3,397,lattice,1,i,img/target_8.png
21,3,398,lattice,0,o,img/target_9.png
21,3,399,lattice,9,p,img/target_10.png
21,3,400,lattice,8,b,img/target_6.png
21,3,401,lattice,9,p,img/target_10.png
21,3,402,lattice,1,i,img/target_8.png
21,3,403,lattice,3,e,img/target_3.png
21,3,404,lattice,1,i,img/target_8.png
21,3,405,lattice,3,e,img/target_3.png
21,3,406,lattice,2,v,img/target_5.png
21,3,407,lattice,4,r,img/target_4.png
21,3,408,lattice,5,u,img/target_7.png
21,3,409,lattice,3,e,img/target_3.png
21,3,410,lattice,2,v,img/target_5.png
21,3,411,lattice,1,i,img/target_8.png
21,3,412,lattice,9,p,img/target_10.png
21,3,413,lattice,0,o,img/target_9.png
21,3,414,lattice,8,b,img/target_6.png
21,3,415,lattice,7,q,img/target_1.png
21,3,416,lattice,5,u,img/target_7.png
21,3,417,lattice,3,e,img/target_3.png
21,3,418,lattice,5,u,img/target_7.png
21,3,419,lattice,4,r,img/target_4.png
21,3,420,lattice,3,e,img/target_3.png
21,3,421,lattice,4,r,img/target_4.png
21,3,422,lattice,3,e,img/target_3.png
21,3,423,lattice,4,r,img/target_4.png
21,3,424,lattice,2,v,img/target_5.png
21,3,425,lattice,3,e,img/target_3.png
21,3,426,lattice,2,v,img/target_5.png
21,3,427,lattice,3,e,img/target_3.png
21,3,428,lattice,4,r,img/target_4.png
21,3,429,lattice,3,e,img/target_3.png
21,3,430,lattice,2,v,img/target_5.png
21,3,431,lattice,3,e,img/target_3.png
21,3,432,lattice,4,r,img/target_4.png
21,3,433,lattice,2,v,img/target_5.png
21,3,434,lattice,4,r,img/target_4.png
21,3,435,lattice,6,w,img/target_2.png
21,3,436,lattice,7,q,img/target_1.png
21,3,437,lattice,9,p,img/target_10.png
21,3,438,lattice,8,b,img/target_6.png
21,3,439,lattice,0,o,img/target_9.png
21,3,440,lattice,2,v,img/target_5.png
21,3,441,lattice,0,o,img/target_9.png
21,3,442,lattice,9,p,img/target_10.png
21,3,443,lattice,8,b,img/target_6.png
21,3,444,lattice,9,p,img/target_10.png
21,3,445,lattice,7,q,img/target_1.png
21,3,446,lattice,5,u,img/target_7.png
21,3,447,lattice,7,q,img/target_1.png
21,3,448,lattice,5,u,img/target_7.png
21,3,449,lattice,3,e,img/target_3.png
21,3,450,lattice,5,u,img/target_7.png
21,3,451,lattice,7,q,img/target_1.png
21,3,452,lattice,8,b,img/target_6.png
21,3,453,lattice,7,q,img/target_1.png
21,3,454,lattice,6,w,img/target_2.png
21,3,455,lattice,4,r,img/target_4.png
21,3,456,lattice,5,u,img/target_7.png
21,3,457,lattice,7,q,img/target_1.png
21,3,458,lattice,6,w,img/target_2.png
21,3,459,lattice,7,q,img/target_1.png
21,3,460,lattice,6,w,img/target_2.png
21,3,461,lattice,8,b,img/target_6.png
21,3,462,lattice,7,q,img/target_1.png
21,3,463,lattice,8,b,img/target_6.png
21,3,464,lattice,7,q,img/target_1.png
21,3,465,lattice,8,b,img/target_6.png
21,3,466,lattice,9,p,img/target_10.png
21,3,467,lattice,7,q,img/target_1.png
21,3,468,lattice,8,b,img/target_6.png
21,3,469,lattice,9,p,img/target_10.png
21,3,470,lattice,0,o,img/target_9.png
21,3,471,lattice,1,i,img/target_8.png
21,3,472,lattice,2,v,img/target_5.png
21,3,473,lattice,4,r,img/target_4.png
21,3,474,lattice,5,u,img/target_7.png
21,3,475,lattice,6,w,img/target_2.png
21,3,476,lattice,5,u,img/target_7.png
21,3,477,lattice,7,q,img/target_1.png
21,3,478,lattice,9,p,img/target_10.png
21,3,479,lattice,8,b,img/target_6.png
21,3,480,lattice,0,o,img/target_9.png
21,3,481,lattice,2,v,img/target_5.png
21,3,482,lattice,0,o,img/target_9.png
21,3,483,lattice,1,i,img/target_8.png
21,3,484,lattice,2,v,img/target_5.png
21,3,485,lattice,1,i,img/target_8.png
21,3,486,lattice,9,p,img/target_10.png
21,3,487,lattice,0,o,img/target_9.png
21,3,488,lattice,1,i,img/target_8.png
21,3,489,lattice,2,v,img/target_5.png
21,3,490,lattice,4,r,img/target_4.png
21,3,491,lattice,6,w,img/target_2.png
21,3,492,lattice,5,u,img/target_7.png
21,3,493,lattice,3,e,img/target_3.png
21,3,494,lattice,1,i,img/target_8.png
21,3,495,lattice,9,p,img/target_10.png
21,3,496,lattice,7,q,img/target_1.png
21,3,497,lattice,8,b,img/target_6.png
21,3,498,lattice,7,q,img/target_1.png
21,3,499,lattice,6,w,img/target_2.png
21,3,500,lattice,5,u,img/target_7.png
21,3,501,lattice,3,e,img/target_3.png
21,3,502,lattice,2,v,img/target_5.png
21,3,503,lattice,1,i,img/target_8.png
21,3,504,lattice,9,p,img/target_10.png
21,3,505,lattice,1,i,img/target_8.png
21,3,506,lattice,2,v,img/target_5.png
21,3,507,lattice,0,o,img/target_9.png
21,3,508,lattice,1,i,img/target_8.png
21,3,509,lattice,2,v,img/target_5.png
21,3,510,lattice,3,e,img/target_3.png
21,3,511,lattice,1,i,img/target_8.png
21,3,512,lattice,9,p,img/target_10.png
21,3,513,lattice,7,q,img/target_1.png
21,3,514,lattice,9,p,img/target_10.png
21,3,515,lattice,1,i,img/target_8.png
21,3,516,lattice,2,v,img/target_5.png
21,3,517,lattice,1,i,img/target_8.png
21,3,518,lattice,2,v,img/target_5.png
21,3,519,lattice,0,o,img/target_9.png
21,3,520,lattice,9,p,img/target_10.png
21,3,521,lattice,0,o,img/target_9.png
21,3,522,lattice,8,b,img/target_6.png
21,3,523,lattice,6,w,img/target_2.png
21,3,524,lattice,7,q,img/target_1.png
21,3,525,lattice,8,b,img/target_6.png
21,3,526,lattice,7,q,img/target_1.png
21,3,527,lattice,6,w,img/target_2.png
21,3,528,lattice,7,q,img/target_1.png
21,3,529,lattice,8,b,img/target_6.png
21,3,530,lattice,0,o,img/target_9.png
21,3,531,lattice,9,p,img/target_10.png
21,3,532,lattice,8,b,img/target_6.png
21,3,533,lattice,0,o,img/target_9.png
21,3,534,lattice,1,i,img/target_8.png
21,3,535,lattice,9,p,img/target_10.png
21,3,536,lattice,8,b,img/target_6.png
21,3,537,lattice,6,w,img/target_2.png
21,3,538,lattice,4,r,img/target_4.png
21,3,539,lattice,2,v,img/target_5.png
21,3,540,lattice,1,i,img/target_8.png
21,3,541,lattice,0,o,img/target_9.png
21,3,542,lattice,8,b,img/target_6.png
21,3,543,lattice,6,w,img/target_2.png
21,3,544,lattice,8,b,img/target_6.png
21,3,545,lattice,6,w,img/target_2.png
21,3,546,lattice,5,u,img/target_7.png
21,3,547,lattice,7,q,img/target_1.png
21,3,548,lattice,8,b,img/target_6.png
21,3,549,lattice,7,q,img/target_1.png
21,3,550,lattice,5,u,img/target_7.png
21,3,551,lattice,7,q,img/target_1.png
21,3,552,lattice,6,w,img/target_2.png
21,3,553,lattice,7,q,img/target_1.png
21,3,554,lattice,5,u,img/target_7.png
21,3,555,lattice,6,w,img/target_2.png
21,3,556,lattice,5,u,img/target_7.png
21,3,557,lattice,3,e,img/target_3.png
21,3,558,lattice,1,i,img/target_8.png
21,3,559,lattice,3,e,img/target_3.png
21,3,560,lattice,1,i,img/target_8.png
21,3,561,lattice,9,p,img/target_10.png
21,3,562,lattice,1,i,img/target_8.png
21,3,563,lattice,0,o,img/target_9.png
21,3,564,lattice,2,v,img/target_5.png
21,3,565,lattice,1,i,img/target_8.png
21,3,566,lattice,9,p,img/target_10.png
21,3,567,lattice,7,q,img/target_1.png
21,3,568,lattice,8,b,img/target_6.png
21,3,569,lattice,7,q,img/target_1.png
21,3,570,lattice,5,u,img/target_7.png
21,3,571,lattice,7,q,img/target_1.png
21,3,572,lattice,6,w,img/target_2.png
21,3,573,lattice,4,r,img/target_4.png
21,3,574,lattice,2,v,img/target_5.png
21,3,575,lattice,0,o,img/target_9.png
21,3,576,lattice,2,v,img/target_5.png
21,3,577,lattice,0,o,img/target_9.png
21,3,578,lattice,8,b,img/target_6.png
21,3,579,lattice,7,q,img/target_1.png
21,3,580,lattice,5,u,img/target_7.png
21,3,581,lattice,7,q,img/target_1.png
21,3,582,lattice,8,b,img/target_6.png
21,3,583,lattice,0,o,img/target_9.png
21,3,584,lattice,1,i,img/target_8.png
21,3,585,lattice,0,o,img/target_9.png
21,3,586,lattice,9,p,img/target_10.png
21,3,587,lattice,8,b,img/target_6.png
21,3,588,lattice,6,w,img/target_2.png
21,3,589,lattice,4,r,img/target_4.png
21,3,590,lattice,6,w,img/target_2.png
21,3,591,lattice,4,r,img/target_4.png
21,3,592,lattice,5,u,img/target_7.png
21,3,593,lattice,3,e,img/target_3.png
21,3,594,lattice,4,r,img/target_4.png
21,3,595,lattice,3,e,img/target_3.png
21,3,596,lattice,4,r,img/target_4.png
21,3,597,lattice,2,v,img/target_5.png
21,3,598,lattice,3,e,img/target_3.png
21,3,599,lattice,1,i,img/target_8.png
21,3,600,lattice,9,p,img/target_10.png
21,3,601,lattice,0,o,img/target_9.png
21,3,602,lattice,2,v,img/target_5.png
21,3,603,lattice,4,r,img/target_4.png
21,3,604,lattice,6,w,img/target_2.png
21,3,605,lattice,4,r,img/target_4.png
21,3,606,lattice,5,u,img/target_7.png
21,3,607,lattice,7,q,img/target_1.png
21,3,608,lattice,9,p,img/target_10.png
21,3,609,lattice,1,i,img/target_8.png
21,3,610,lattice,2,v,img/target_5.png
21,3,611,lattice,4,r,img/target_4.png
21,3,612,lattice,2,v,img/target_5.png
21,3,613,lattice,4,r,img/target_4.png
21,3,614,lattice,6,w,img/target_2.png
21,3,615,lattice,7,q,img/target_1.png
21,3,616,lattice,5,u,img/target_7.png
21,3,617,lattice,6,w,img/target_2.png
21,3,618,lattice,8,b,img/target_6.png
21,3,619,lattice,9,p,img/target_10.png
21,3,620,lattice,7,q,img/target_1.png
21,3,621,lattice,5,u,img/target_7.png
21,3,622,lattice,4,r,img/target_4.png
21,3,623,lattice,2,v,img/target_5.png
21,3,624,lattice,0,o,img/target_9.png
21,3,625,lattice,2,v,img/target_5.png
21,3,626,lattice,0,o,img/target_9.png
21,3,627,lattice,9,p,img/target_10.png
21,3,628,lattice,8,b,img/target_6.png
21,3,629,lattice,7,q,img/target_1.png
21,3,630,lattice,6,w,img/target_2.png
21,3,631,lattice,5,u,img/target_7.png
21,3,632,lattice,3,e,img/target_3.png
21,3,633,lattice,1,i,img/target_8.png
21,3,634,lattice,0,o,img/target_9.png
21,3,635,lattice,8,b,img/target_6.png
21,3,636,lattice,9,p,img/target_10.png
21,3,637,lattice,0,o,img/target_9.png
21,3,638,lattice,2,v,img/target_5.png
21,3,639,lattice,0,o,img/target_9.png
21,3,640,lattice,2,v,img/target_5.png
21,3,641,lattice,1,i,img/target_8.png
21,3,642,lattice,2,v,img/target_5.png
21,3,643,lattice,1,i,img/target_8.png
21,3,644,lattice,2,v,img/target_5.png
21,3,645,lattice,4,r,img/target_4.png
21,3,646,lattice,2,v,img/target_5.png
21,3,647,lattice,3,e,img/target_3.png
21,3,648,lattice,1,i,img/target_8.png
21,3,649,lattice,3,e,img/target_3.png
21,3,650,lattice,5,u,img/target_7.png
21,3,651,lattice,3,e,img/target_3.png
21,3,652,lattice,2,v,img/target_5.png
21,3,653,lattice,3,e,img/target_3.png
21,3,654,lattice,1,i,img/target_8.png
21,3,655,lattice,2,v,img/target_5.png
21,3,656,lattice,1,i,img/target_8.png
21,3,657,lattice,2,v,img/target_5.png
21,3,658,lattice,4,r,img/target_4.png
21,3,659,lattice,3,e,img/target_3.png
21,3,660,lattice,2,v,img/target_5.png
21,3,661,lattice,4,r,img/target_4.png
21,3,662,lattice,5,u,img/target_7.png
21,3,663,lattice,3,e,img/target_3.png
21,3,664,lattice,1,i,img/target_8.png
21,3,665,lattice,9,p,img/target_10.png
21,3,666,lattice,7,q,img/target_1.png
21,3,667,lattice,5,u,img/target_7.png
21,3,668,lattice,4,r,img/target_4.png
21,3,669,lattice,6,w,img/target_2.png
21,3,670,lattice,4,r,img/target_4.png
21,3,671,lattice,2,v,img/target_5.png
21,3,672,lattice,4,r,img/target_4.png
21,3,673,lattice,5,u,img/target_7.png
21,3,674,lattice,6,w,img/target_2.png
21,3,675,lattice,7,q,img/target_1.png
21,3,676,lattice,5,u,img/target_7.png
21,3,677,lattice,3,e,img/target_3.png
21,3,678,lattice,4,r,img/target_4.png
21,3,679,lattice,6,w,img/target_2.png
21,3,680,lattice,4,r,img/target_4.png
21,3,681,lattice,6,w,img/target_2.png
21,3,682,lattice,5,u,img/target_7.png
21,3,683,lattice,4,r,img/target_4.png
21,3,684,lattice,5,u,img/target_7.png
21,3,685,lattice,7,q,img/target_1.png
21,3,686,lattice,6,w,img/target_2.png
21,3,687,lattice,4,r,img/target_4.png
21,3,688,lattice,5,u,img/target_7.png
21,3,689,lattice,7,q,img/target_1.png
21,3,690,lattice,6,w,img/target_2.png
21,3,691,lattice,8,b,img/target_6.png
21,3,692,lattice,9,p,img/target_10.png
21,3,693,lattice,0,o,img/target_9.png
21,3,694,lattice,2,v,img/target_5.png
21,3,695,lattice,0,o,img/target_9.png
21,3,696,lattice,9,p,img/target_10.png
21,3,697,lattice,1,i,img/target_8.png
21,3,698,lattice,2,v,img/target_5.png
21,3,699,lattice,4,r,img/target_4.png
21,3,700,lattice,3,e,img/target_3.png
21,3,701,lattice,4,r,img/target_4.png
21,3,702,lattice,5,u,img/target_7.png
21,3,703,lattice,4,r,img/target_4.png
21,3,704,lattice,5,u,img/target_7.png
21,3,705,lattice,6,w,img/target_2.png
21,3,706,lattice,5,u,img/target_7.png
21,3,707,lattice,4,r,img/target_4.png
21,3,708,lattice,3,e,img/target_3.png
21,3,709,lattice,2,v,img/target_5.png
21,3,710,lattice,4,r,img/target_4.png
21,3,711,lattice,2,v,img/target_5.png
21,3,712,lattice,4,r,img/target_4.png
21,3,713,lattice,3,e,img/target_3.png
21,3,714,lattice,2,v,img/target_5.png
21,3,715,lattice,0,o,img/target_9.png
21,3,716,lattice,8,b,img/target_6.png
21,3,717,lattice,0,o,img/target_9.png
21,3,718,lattice,8,b,img/target_6.png
21,3,719,lattice,0,o,img/target_9.png
21,3,720,lattice,2,v,img/target_5.png
21,3,721,lattice,1,i,img/target_8.png
21,3,722,lattice,3,e,img/target_3.png
21,3,723,lattice,2,v,img/target_5.png
21,3,724,lattice,1,i,img/target_8.png
21,3,725,lattice,9,p,img/target_10.png
21,3,726,lattice,7,q,img/target_1.png
21,3,727,lattice,6,w,img/target_2.png
21,3,728,lattice,4,r,img/target_4.png
21,3,729,lattice,6,w,img/target_2.png
21,3,730,lattice,7,q,img/target_1.png
21,3,731,lattice,9,p,img/target_10.png
21,3,732,lattice,8,b,img/target_6.png
21,3,733,lattice,9,p,img/target_10.png
21,3,734,lattice,8,b,img/target_6.png
21,3,735,lattice,7,q,img/target_1.png
21,3,736,lattice,9,p,img/target_10.png
21,3,737,lattice,1,i,img/target_8.png
21,3,738,lattice,2,v,img/target_5.png
21,3,739,lattice,4,r,img/target_4.png
21,3,740,lattice,2,v,img/target_5.png
21,3,741,lattice,3,e,img/target_3.png
21,3,742,lattice,2,v,img/target_5.png
21,3,743,lattice,3,e,img/target_3.png
21,3,744,lattice,1,i,img/target_8.png
21,3,745,lattice,2,v,img/target_5.png
21,3,746,lattice,4,r,img/target_4.png
21,3,747,lattice,2,v,img/target_5.png
21,3,748,lattice,4,r,img/target_4.png
21,3,749,lattice,3,e,img/target_3.png
21,3,750,lattice,1,i,img/target_8.png
21,3,751,lattice,2,v,img/target_5.png
21,3,752,lattice,1,i,img/target_8.png
21,3,753,lattice,9,p,img/target_10.png
21,3,754,lattice,8,b,img/target_6.png
21,3,755,lattice,6,w,img/target_2.png
21,3,756,lattice,8,b,img/target_6.png
21,3,757,lattice,7,q,img/target_1.png
21,3,758,lattice,5,u,img/target_7.png
21,3,759,lattice,7,q,img/target_1.png
21,3,760,lattice,9,p,img/target_10.png
21,3,761,lattice,1,i,img/target_8.png
21,3,762,lattice,9,p,img/target_10.png
21,3,763,lattice,8,b,img/target_6.png
21,3,764,lattice,9,p,img/target_10.png
21,3,765,lattice,8,b,img/target_6.png
21,3,766,lattice,7,q,img/target_1.png
21,3,767,lattice,6,w,img/target_2.png
21,3,768,lattice,5,u,img/target_7.png
21,3,769,lattice,7,q,img/target_1.png
21,3,770,lattice,9,p,img/target_10.png
21,3,771,lattice,0,o,img/target_9.png
21,3,772,lattice,9,p,img/target_10.png
21,3,773,lattice,1,i,img/target_8.png
21,3,774,lattice,9,p,img/target_10.png
21,3,775,lattice,7,q,img/target_1.png
21,3,776,lattice,9,p,img/target_10.png
21,3,777,lattice,1,i,img/target_8.png
21,3,778,lattice,3,e,img/target_3.png
21,3,779,lattice,1,i,img/target_8.png
21,3,780,lattice,3,e,img/target_3.png
21,3,781,lattice,4,r,img/target_4.png
21,3,782,lattice,3,e,img/target_3.png
21,3,783,lattice,1,i,img/target_8.png
21,3,784,lattice,9,p,img/target_10.png
21,3,785,lattice,1,i,img/target_8.png
21,3,786,lattice,0,o,img/target_9.png
21,3,787,lattice,8,b,img/target_6.png
21,3,788,lattice,0,o,img/target_9.png
21,3,789,lattice,2,v,img/target_5.png
21,3,790,lattice,4,r,img/target_4.png
21,3,791,lattice,2,v,img/target_5.png
21,3,792,lattice,4,r,img/target_4.png
21,3,793,lattice,2,v,img/target_5.png
21,3,794,lattice,4,r,img/target_4.png
21,3,795,lattice,5,u,img/target_7.png
21,3,796,lattice,3,e,img/target_3.png
21,3,797,lattice,4,r,img/target_4.png
21,3,798,lattice,5,u,img/target_7.png
21,3,799,lattice,4,r,img/target_4.png
21,3,800,lattice,2,v,img/target_5.png
21,3,801,lattice,3,e,img/target_3.png
21,3,802,lattice,5,u,img/target_7.png
21,3,803,lattice,7,q,img/target_1.png
21,3,804,lattice,8,b,img/target_6.png
21,3,805,lattice,7,q,img/target_1.png
21,3,806,lattice,6,w,img/target_2.png
21,3,807,lattice,5,u,img/target_7.png
21,3,808,lattice,3,e,img/target_3.png
21,3,809,lattice,4,r,img/target_4.png
21,3,810,lattice,3,e,img/target_3.png
21,3,811,lattice,4,r,img/target_4.png
21,3,812,lattice,5,u,img/target_7.png
21,3,813,lattice,7,q,img/target_1.png
21,3,814,lattice,6,w,img/target_2.png
21,3,815,lattice,5,u,img/target_7.png
21,3,816,lattice,4,r,img/target_4.png
21,3,817,lattice,6,w,img/target_2.png
21,3,818,lattice,7,q,img/target_1.png
21,3,819,lattice,5,u,img/target_7.png
21,3,820,lattice,6,w,img/target_2.png
21,3,821,lattice,4,r,img/target_4.png
21,3,822,lattice,2,v,img/target_5.png
21,3,823,lattice,1,i,img/target_8.png
21,3,824,lattice,0,o,img/target_9.png
21,3,825,lattice,9,p,img/target_10.png
21,3,826,lattice,7,q,img/target_1.png
21,3,827,lattice,9,p,img/target_10.png
21,3,828,lattice,1,i,img/target_8.png
21,3,829,lattice,9,p,img/target_10.png
21,3,830,lattice,1,i,img/target_8.png
21,3,831,lattice,0,o,img/target_9.png
21,3,832,lattice,1,i,img/target_8.png
21,3,833,lattice,0,o,img/target_9.png
21,3,834,lattice,9,p,img/target_10.png
21,3,835,lattice,8,b,img/target_6.png
21,3,836,lattice,7,q,img/target_1.png
21,3,837,lattice,9,p,img/target_10.png
21,3,838,lattice,1,i,img/target_8.png
21,3,839,lattice,3,e,img/target_3.png
21,3,840,lattice,2,v,img/target_5.png
21,3,841,lattice,4,r,img/target_4.png
21,3,842,lattice,5,u,img/target_7.png
21,3,843,lattice,4,r,img/target_4.png
21,3,844,lattice,2,v,img/target_5.png
21,3,845,lattice,0,o,img/target_9.png
21,3,846,lattice,2,v,img/target_5.png
21,3,847,lattice,3,e,img/target_3.png
21,3,848,lattice,1,i,img/target_8.png
21,3,849,lattice,0,o,img/target_9.png
21,3,850,lattice,2,v,img/target_5.png
21,3,851,lattice,4,r,img/target_4.png
21,3,852,lattice,5,u,img/target_7.png
21,3,853,lattice,4,r,img/target_4.png
21,3,854,lattice,5,u,img/target_7.png
21,3,855,lattice,4,r,img/target_4.png
21,3,856,lattice,6,w,img/target_2.png
21,3,857,lattice,5,u,img/target_7.png
21,3,858,lattice,4,r,img/target_4.png
21,3,859,lattice,6,w,img/target_2.png
21,3,860,lattice,4,r,img/target_4.png
21,3,861,lattice,6,w,img/target_2.png
21,3,862,lattice,5,u,img/target_7.png
21,3,863,lattice,3,e,img/target_3.png
21,3,864,lattice,5,u,img/target_7.png
21,3,865,lattice,3,e,img/target_3.png
21,3,866,lattice,4,r,img/target_4.png
21,3,867,lattice,3,e,img/target_3.png
21,3,868,lattice,5,u,img/target_7.png
21,3,869,lattice,6,w,img/target_2.png
21,3,870,lattice,4,r,img/target_4.png
21,3,871,lattice,2,v,img/target_5.png
21,3,872,lattice,3,e,img/target_3.png
21,3,873,lattice,1,i,img/target_8.png
21,3,874,lattice,3,e,img/target_3.png
21,3,875,lattice,1,i,img/target_8.png
21,3,876,lattice,9,p,img/target_10.png
21,3,877,lattice,8,b,img/target_6.png
21,3,878,lattice,0,o,img/target_9.png
21,3,879,lattice,2,v,img/target_5.png
21,3,880,lattice,3,e,img/target_3.png
21,3,881,lattice,2,v,img/target_5.png
21,3,882,lattice,0,o,img/target_9.png
21,3,883,lattice,1,i,img/target_8.png
21,3,884,lattice,3,e,img/target_3.png
21,3,885,lattice,5,u,img/target_7.png
21,3,886,lattice,4,r,img/target_4.png
21,3,887,lattice,6,w,img/target_2.png
21,3,888,lattice,5,u,img/target_7.png
21,3,889,lattice,4,r,img/target_4.png
21,3,890,lattice,2,v,img/target_5.png
21,3,891,lattice,3,e,img/target_3.png
21,3,892,lattice,4,r,img/target_4.png
21,3,893,lattice,2,v,img/target_5.png
21,3,894,lattice,4,r,img/target_4.png
21,3,895,lattice,6,w,img/target_2.png
21,3,896,lattice,7,q,img/target_1.png
21,3,897,lattice,9,p,img/target_10.png
21,3,898,lattice,1,i,img/target_8.png
21,3,899,lattice,9,p,img/target_10.png
21,3,900,lattice,8,b,img/target_6.png
21,3,901,lattice,7,q,img/target_1.png
21,3,902,lattice,8,b,img/target_6.png
21,3,903,lattice,9,p,img/target_10.png
21,3,904,lattice,8,b,img/target_6.png
21,3,905,lattice,9,p,img/target_10.png
21,3,906,lattice,7,q,img/target_1.png
21,3,907,lattice,8,b,img/target_6.png
21,3,908,lattice,9,p,img/target_10.png
21,3,909,lattice,0,o,img/target_9.png
21,3,910,lattice,9,p,img/target_10.png
21,3,911,lattice,7,q,img/target_1.png
21,3,912,lattice,8,b,img/target_6.png
21,3,913,lattice,9,p,img/target_10.png
21,3,914,lattice,1,i,img/target_8.png
21,3,915,lattice,0,o,img/target_9.png
21,3,916,lattice,1,i,img/target_8.png
21,3,917,lattice,9,p,img/target_10.png
21,3,918,lattice,0,o,img/target_9.png
21,3,919,lattice,8,b,img/target_6.png
21,3,920,lattice,7,q,img/target_1.png
21,3,921,lattice,9,p,img/target_10.png
21,3,922,lattice,7,q,img/target_1.png
21,3,923,lattice,5,u,img/target_7.png
21,3,924,lattice,3,e,img/target_3.png
21,3,925,lattice,1,i,img/target_8.png
21,3,926,lattice,9,p,img/target_10.png
21,3,927,lattice,7,q,img/target_1.png
21,3,928,lattice,5,u,img/target_7.png
21,3,929,lattice,3,e,img/target_3.png
21,3,930,lattice,5,u,img/target_7.png
21,3,931,lattice,6,w,img/target_2.png
21,3,932,lattice,8,b,img/target_6.png
21,3,933,lattice,6,w,img/target_2.png
21,3,934,lattice,5,u,img/target_7.png
21,3,935,lattice,6,w,img/target_2.png
21,3,936,lattice,8,b,img/target_6.png
21,3,937,lattice,7,q,img/target_1.png
21,3,938,lattice,5,u,img/target_7.png
21,3,939,lattice,3,e,img/target_3.png
21,3,940,lattice,5,u,img/target_7.png
21,3,941,lattice,6,w,img/target_2.png
21,3,942,lattice,8,b,img/target_6.png
21,3,943,lattice,9,p,img/target_10.png
21,3,944,lattice,8,b,img/target_6.png
21,3,945,lattice,0,o,img/target_9.png
21,3,946,lattice,1,i,img/target_8.png
21,3,947,lattice,0,o,img/target_9.png
21,3,948,lattice,9,p,img/target_10.png
21,3,949,lattice,8,b,img/target_6.png
21,3,950,lattice,0,o,img/target_9.png
21,3,951,lattice,2,v,img/target_5.png
21,3,952,lattice,1,i,img/target_8.png
21,3,953,lattice,0,o,img/target_9.png
21,3,954,lattice,8,b,img/target_6.png
21,3,955,lattice,7,q,img/target_1.png
21,3,956,lattice,9,p,img/target_10.png
21,3,957,lattice,0,o,img/target_9.png
21,3,958,lattice,1,i,img/target_8.png
21,3,959,lattice,2,v,img/target_5.png
21,3,960,lattice,4,r,img/target_4.png
21,3,961,lattice,5,u,img/target_7.png
21,3,962,lattice,4,r,img/target_4.png
21,3,963,lattice,3,e,img/target_3.png
21,3,964,lattice,1,i,img/target_8.png
21,3,965,lattice,3,e,img/target_3.png
21,3,966,lattice,4,r,img/target_4.png
21,3,967,lattice,3,e,img/target_3.png
21,3,968,lattice,2,v,img/target_5.png
21,3,969,lattice,0,o,img/target_9.png
21,3,970,lattice,1,i,img/target_8.png
21,3,971,lattice,9,p,img/target_10.png
21,3,972,lattice,1,i,img/target_8.png
21,3,973,lattice,2,v,img/target_5.png
21,3,974,lattice,4,r,img/target_4.png
21,3,975,lattice,3,e,img/target_3.png
21,3,976,lattice,4,r,img/target_4.png
21,3,977,lattice,6,w,img/target_2.png
21,3,978,lattice,8,b,img/target_6.png
21,3,979,lattice,6,w,img/target_2.png
21,3,980,lattice,4,r,img/target_4.png
21,3,981,lattice,5,u,img/target_7.png
21,3,982,lattice,4,r,img/target_4.png
21,3,983,lattice,6,w,img/target_2.png
21,3,984,lattice,5,u,img/target_7.png
21,3,985,lattice,4,r,img/target_4.png
21,3,986,lattice,5,u,img/target_7.png
21,3,987,lattice,3,e,img/target_3.png
21,3,988,lattice,2,v,img/target_5.png
21,3,989,lattice,4,r,img/target_4.png
21,3,990,lattice,3,e,img/target_3.png
21,3,991,lattice,4,r,img/target_4.png
21,3,992,lattice,2,v,img/target_5.png
21,3,993,lattice,3,e,img/target_3.png
21,3,994,lattice,1,i,img/target_8.png
21,3,995,lattice,0,o,img/target_9.png
21,3,996,lattice,8,b,img/target_6.png
21,3,997,lattice,6,w,img/target_2.png
21,3,998,lattice,5,u,img/target_7.png
21,3,999,lattice,3,e,img/target_3.png
21,3,1000,lattice,4,r,img/target_4.png
