pID,sess,trialNum,graph,walk,resp,path
22,3,1,modular,7,i,img/target_8.png
22,3,2,modular,6,b,img/target_6.png
22,3,3,modular,8,w,img/target_2.png
22,3,4,modular,5,q,img/target_1.png
22,3,5,modular,8,w,img/target_2.png
22,3,6,modular,7,i,img/target_8.png
22,3,7,modular,5,q,img/target_1.png
22,3,8,modular,7,i,img/target_8.png
22,3,9,modular,8,w,img/target_2.png
22,3,10,modular,5,q,img/target_1.png
22,3,11,modular,7,i,img/target_8.png
22,3,12,modular,5,q,img/target_1.png
22,3,13,modular,8,w,img/target_2.png
22,3,14,modular,9,r,img/target_4.png
22,3,15,modular,0,p,img/target_10.png
22,3,16,modular,2,e,img/target_3.png
22,3,17,modular,4,o,img/target_9.png
22,3,18,modular,5,q,img/target_1.png
22,3,19,modular,4,o,img/target_9.png
22,3,20,modular,5,q,img/target_1.png
22,3,21,modular,4,o,img/target_9.png
22,3,22,modular,3,u,img/target_7.png
22,3,23,modular,4,o,img/target_9.png
22,3,24,modular,3,u,img/target_7.png
22,3,25,modular,0,p,img/target_10.png
22,3,26,modular,9,r,img/target_4.png
22,3,27,modular,6,b,img/target_6.png
22,3,28,modular,8,w,img/target_2.png
22,3,29,modular,9,r,img/target_4.png
22,3,30,modular,8,w,img/target_2.png
22,3,31,modular,6,b,img/target_6.png
22,3,32,modular,9,r,img/target_4.png
22,3,33,modular,7,i,img/target_8.png
22,3,34,modular,6,b,img/target_6.png
22,3,35,modular,5,q,img/target_1.png
22,3,36,modular,6,b,img/target_6.png
22,3,37,modular,7,i,img/target_8.png
22,3,38,modular,9,r,img/target_4.png
22,3,39,modular,8,w,img/target_2.png
22,3,40,modular,7,i,img/target_8.png
22,3,41,modular,8,w,img/target_2.png
22,3,42,modular,6,b,img/target_6.png
22,3,43,modular,7,i,img/target_8.png
22,3,44,modular,8,w,img/target_2.png
22,3,45,modular,7,i,img/target_8.png
22,3,46,modular,8,w,img/target_2.png
22,3,47,modular,6,b,img/target_6.png
22,3,48,modular,5,q,img/target_1.png
22,3,49,modular,6,b,img/target_6.png
22,3,50,modular,5,q,img/target_1.png
22,3,51,modular,6,b,img/target_6.png
22,3,52,modular,9,r,img/target_4.png
22,3,53,modular,0,p,img/target_10.png
22,3,54,modular,3,u,img/target_7.png
22,3,55,modular,2,e,img/target_3.png
22,3,56,modular,4,o,img/target_9.png
22,3,57,modular,1,v,img/target_5.png
22,3,58,modular,2,e,img/target_3.png
22,3,59,modular,3,u,img/target_7.png
22,3,60,modular,2,e,img/target_3.png
22,3,61,modular,3,u,img/target_7.png
22,3,62,modular,0,p,img/target_10.png
22,3,63,modular,9,r,img/target_4.png
22,3,64,modular,8,w,img/target_2.png
22,3,65,modular,9,r,img/target_4.png
22,3,66,modular,6,b,img/target_6.png
22,3,67,modular,7,i,img/target_8.png
22,3,68,modular,9,r,img/target_4.png
22,3,69,modular,6,b,img/target_6.png
22,3,70,modular,7,i,img/target_8.png
22,3,71,modular,6,b,img/target_6.png
22,3,72,modular,9,r,img/target_4.png
22,3,73,modular,7,i,img/target_8.png
22,3,74,modular,5,q,img/target_1.png
22,3,75,modular,4,o,img/target_9.png
22,3,76,modular,2,e,img/target_3.png
22,3,77,modular,3,u,img/target_7.png
22,3,78,modular,2,e,img/target_3.png
22,3,79,modular,4,o,img/target_9.png
22,3,80,modular,1,v,img/target_5.png
22,3,81,modular,3,u,img/target_7.png
22,3,82,modular,4,o,img/target_9.png
22,3,83,modular,2,e,img/target_3.png
22,3,84,modular,0,p,img/target_10.png
22,3,85,modular,3,u,img/target_7.png
22,3,86,modular,1,v,img/target_5.png
22,3,87,modular,4,o,img/target_9.png
22,3,88,modular,2,e,img/target_3.png
22,3,89,modular,4,o,img/target_9.png
22,3,90,modular,2,e,img/target_3.png
22,3,91,modular,1,v,img/target_5.png
22,3,92,modular,0,p,img/target_10.png
22,3,93,modular,2,e,img/target_3.png
22,3,94,modular,3,u,img/target_7.png
22,3,95,modular,1,v,img/target_5.png
22,3,96,modular,2,e,img/target_3.png
22,3,97,modular,0,p,img/target_10.png
22,3,98,modular,2,e,img/target_3.png
22,3,99,modular,1,v,img/target_5.png
22,3,100,modular,3,u,img/target_7.png
22,3,101,modular,2,e,img/target_3.png
22,3,102,modular,3,u,img/target_7.png
22,3,103,modular,4,o,img/target_9.png
22,3,104,modular,5,q,img/target_1.png
22,3,105,modular,8,w,img/target_2.png
22,3,106,modular,5,q,img/target_1.png
22,3,107,modular,7,i,img/target_8.png
22,3,108,modular,8,w,img/target_2.png
22,3,109,modular,5,q,img/target_1.png
22,3,110,modular,6,b,img/target_6.png
22,3,111,modular,9,r,img/target_4.png
22,3,112,modular,8,w,img/target_2.png
22,3,113,modular,6,b,img/target_6.png
22,3,114,modular,7,i,img/target_8.png
22,3,115,modular,8,w,img/target_2.png
22,3,116,modular,7,i,img/target_8.png
22,3,117,modular,6,b,img/target_6.png
22,3,118,modular,8,w,img/target_2.png
22,3,119,modular,6,b,img/target_6.png
22,3,120,modular,8,w,img/target_2.png
22,3,121,modular,5,q,img/target_1.png
22,3,122,modular,6,b,img/target_6.png
22,3,123,modular,8,w,img/target_2.png
22,3,124,modular,9,r,img/target_4.png
22,3,125,modular,6,b,img/target_6.png
22,3,126,modular,7,i,img/target_8.png
22,3,127,modular,5,q,img/target_1.png
22,3,128,modular,4,o,img/target_9.png
22,3,129,modular,2,e,img/target_3.png
22,3,130,modular,0,p,img/target_10.png
22,3,131,modular,1,v,img/target_5.png
22,3,132,modular,3,u,img/target_7.png
22,3,133,modular,4,o,img/target_9.png
22,3,134,modular,5,q,img/target_1.png
22,3,135,modular,8,w,img/target_2.png
22,3,136,modular,7,i,img/target_8.png
22,3,137,modular,8,w,img/target_2.png
22,3,138,modular,6,b,img/target_6.png
22,3,139,modular,9,r,img/target_4.png
22,3,140,modular,7,i,img/target_8.png
22,3,141,modular,6,b,img/target_6.png
22,3,142,modular,5,q,img/target_1.png
22,3,143,modular,7,i,img/target_8.png
22,3,144,modular,8,w,img/target_2.png
22,3,145,modular,7,i,img/target_8.png
22,3,146,modular,5,q,img/target_1.png
22,3,147,modular,8,w,img/target_2.png
22,3,148,modular,5,q,img/target_1.png
22,3,149,modular,8,w,img/target_2.png
22,3,150,modular,7,i,img/target_8.png
22,3,151,modular,8,w,img/target_2.png
22,3,152,modular,5,q,img/target_1.png
22,3,153,modular,7,i,img/target_8.png
22,3,154,modular,9,r,img/target_4.png
22,3,155,modular,0,p,img/target_10.png
22,3,156,modular,3,u,img/target_7.png
22,3,157,modular,0,p,img/target_10.png
22,3,158,modular,1,v,img/target_5.png
22,3,159,modular,3,u,img/target_7.png
22,3,160,modular,1,v,img/target_5.png
22,3,161,modular,4,o,img/target_9.png
22,3,162,modular,1,v,img/target_5.png
22,3,163,modular,2,e,img/target_3.png
22,3,164,modular,4,o,img/target_9.png
22,3,165,modular,2,e,img/target_3.png
22,3,166,modular,3,u,img/target_7.png
22,3,167,modular,1,v,img/target_5.png
22,3,168,modular,4,o,img/target_9.png
22,3,169,modular,1,v,img/target_5.png
22,3,170,modular,4,o,img/target_9.png
22,3,171,modular,3,u,img/target_7.png
22,3,172,modular,2,e,img/target_3.png
22,3,173,modular,0,p,img/target_10.png
22,3,174,modular,1,v,img/target_5.png
22,3,175,modular,0,p,img/target_10.png
22,3,176,modular,3,u,img/target_7.png
22,3,177,modular,2,e,img/target_3.png
22,3,178,modular,0,p,img/target_10.png
22,3,179,modular,3,u,img/target_7.png
22,3,180,modular,1,v,img/target_5.png
22,3,181,modular,0,p,img/target_10.png
22,3,182,modular,2,e,img/target_3.png
22,3,183,modular,4,o,img/target_9.png
22,3,184,modular,3,u,img/target_7.png
22,3,185,modular,4,o,img/target_9.png
22,3,186,modular,2,e,img/target_3.png
22,3,187,modular,3,u,img/target_7.png
22,3,188,modular,0,p,img/target_10.png
22,3,189,modular,1,v,img/target_5.png
22,3,190,modular,2,e,img/target_3.png
22,3,191,modular,4,o,img/target_9.png
22,3,192,modular,3,u,img/target_7.png
22,3,193,modular,4,o,img/target_9.png
22,3,194,modular,3,u,img/target_7.png
22,3,195,modular,0,p,img/target_10.png
22,3,196,modular,9,r,img/target_4.png
22,3,197,modular,0,p,img/target_10.png
22,3,198,modular,1,v,img/target_5.png
22,3,199,modular,3,u,img/target_7.png
22,3,200,modular,0,p,img/target_10.png
22,3,201,modular,9,r,img/target_4.png
22,3,202,modular,7,i,img/target_8.png
22,3,203,modular,9,r,img/target_4.png
22,3,204,modular,6,b,img/target_6.png
22,3,205,modular,9,r,img/target_4.png
22,3,206,modular,7,i,img/target_8.png
22,3,207,modular,6,b,img/target_6.png
22,3,208,modular,9,r,img/target_4.png
22,3,209,modular,0,p,img/target_10.png
22,3,210,modular,3,u,img/target_7.png
22,3,211,modular,2,e,img/target_3.png
22,3,212,modular,3,u,img/target_7.png
22,3,213,modular,4,o,img/target_9.png
22,3,214,modular,2,e,img/target_3.png
22,3,215,modular,4,o,img/target_9.png
22,3,216,modular,3,u,img/target_7.png
22,3,217,modular,1,v,img/target_5.png
22,3,218,modular,4,o,img/target_9.png
22,3,219,modular,2,e,img/target_3.png
22,3,220,modular,1,v,img/target_5.png
22,3,221,modular,2,e,img/target_3.png
22,3,222,modular,1,v,img/target_5.png
22,3,223,modular,0,p,img/target_10.png
22,3,224,modular,3,u,img/target_7.png
22,3,225,modular,0,p,img/target_10.png
22,3,226,modular,9,r,img/target_4.png
22,3,227,modular,6,b,img/target_6.png
22,3,228,modular,8,w,img/target_2.png
22,3,229,modular,7,i,img/target_8.png
22,3,230,modular,9,r,img/target_4.png
22,3,231,modular,6,b,img/target_6.png
22,3,232,modular,7,i,img/target_8.png
22,3,233,modular,5,q,img/target_1.png
22,3,234,modular,4,o,img/target_9.png
22,3,235,modular,1,v,img/target_5.png
22,3,236,modular,2,e,img/target_3.png
22,3,237,modular,1,v,img/target_5.png
22,3,238,modular,4,o,img/target_9.png
22,3,239,modular,3,u,img/target_7.png
22,3,240,modular,1,v,img/target_5.png
22,3,241,modular,4,o,img/target_9.png
22,3,242,modular,3,u,img/target_7.png
22,3,243,modular,2,e,img/target_3.png
22,3,244,modular,0,p,img/target_10.png
22,3,245,modular,9,r,img/target_4.png
22,3,246,modular,0,p,img/target_10.png
22,3,247,modular,9,r,img/target_4.png
22,3,248,modular,0,p,img/target_10.png
22,3,249,modular,9,r,img/target_4.png
22,3,250,modular,7,i,img/target_8.png
22,3,251,modular,8,w,img/target_2.png
22,3,252,modular,6,b,img/target_6.png
22,3,253,modular,7,i,img/target_8.png
22,3,254,modular,8,w,img/target_2.png
22,3,255,modular,7,i,img/target_8.png
22,3,256,modular,5,q,img/target_1.png
22,3,257,modular,4,o,img/target_9.png
22,3,258,modular,2,e,img/target_3.png
22,3,259,modular,0,p,img/target_10.png
22,3,260,modular,1,v,img/target_5.png
22,3,261,modular,2,e,img/target_3.png
22,3,262,modular,0,p,img/target_10.png
22,3,263,modular,3,u,img/target_7.png
22,3,264,modular,4,o,img/target_9.png
22,3,265,modular,2,e,img/target_3.png
22,3,266,modular,0,p,img/target_10.png
22,3,267,modular,1,v,img/target_5.png
22,3,268,modular,3,u,img/target_7.png
22,3,269,modular,1,v,img/target_5.png
22,3,270,modular,3,u,img/target_7.png
22,3,271,modular,4,o,img/target_9.png
22,3,272,modular,3,u,img/target_7.png
22,3,273,modular,2,e,img/target_3.png
22,3,274,modular,3,u,img/target_7.png
22,3,275,modular,2,e,img/target_3.png
22,3,276,modular,3,u,img/target_7.png
22,3,277,modular,4,o,img/target_9.png
22,3,278,modular,2,e,img/target_3.png
22,3,279,modular,0,p,img/target_10.png
22,3,280,modular,1,v,img/target_5.png
22,3,281,modular,2,e,img/target_3.png
22,3,282,modular,1,v,img/target_5.png
22,3,283,modular,3,u,img/target_7.png
22,3,284,modular,2,e,img/target_3.png
22,3,285,modular,1,v,img/target_5.png
22,3,286,modular,4,o,img/target_9.png
22,3,287,modular,2,e,img/target_3.png
22,3,288,modular,4,o,img/target_9.png
22,3,289,modular,5,q,img/target_1.png
22,3,290,modular,4,o,img/target_9.png
22,3,291,modular,3,u,img/target_7.png
22,3,292,modular,4,o,img/target_9.png
22,3,293,modular,5,q,img/target_1.png
22,3,294,modular,6,b,img/target_6.png
22,3,295,modular,5,q,img/target_1.png
22,3,296,modular,6,b,img/target_6.png
22,3,297,modular,9,r,img/target_4.png
22,3,298,modular,0,p,img/target_10.png
22,3,299,modular,9,r,img/target_4.png
22,3,300,modular,0,p,img/target_10.png
22,3,301,modular,1,v,img/target_5.png
22,3,302,modular,2,e,img/target_3.png
22,3,303,modular,0,p,img/target_10.png
22,3,304,modular,2,e,img/target_3.png
22,3,305,modular,1,v,img/target_5.png
22,3,306,modular,0,p,img/target_10.png
22,3,307,modular,2,e,img/target_3.png
22,3,308,modular,1,v,img/target_5.png
22,3,309,modular,3,u,img/target_7.png
22,3,310,modular,2,e,img/target_3.png
22,3,311,modular,3,u,img/target_7.png
22,3,312,modular,0,p,img/target_10.png
22,3,313,modular,2,e,img/target_3.png
22,3,314,modular,3,u,img/target_7.png
22,3,315,modular,1,v,img/target_5.png
22,3,316,modular,0,p,img/target_10.png
22,3,317,modular,9,r,img/target_4.png
22,3,318,modular,7,i,img/target_8.png
22,3,319,modular,8,w,img/target_2.png
22,3,320,modular,5,q,img/target_1.png
22,3,321,modular,6,b,img/target_6.png
22,3,322,modular,5,q,img/target_1.png
22,3,323,modular,6,b,img/target_6.png
22,3,324,modular,8,w,img/target_2.png
22,3,325,modular,7,i,img/target_8.png
22,3,326,modular,5,q,img/target_1.png
22,3,327,modular,4,o,img/target_9.png
22,3,328,modular,1,v,img/target_5.png
22,3,329,modular,0,p,img/target_10.png
22,3,330,modular,1,v,img/target_5.png
22,3,331,modular,2,e,img/target_3.png
22,3,332,modular,3,u,img/target_7.png
22,3,333,modular,4,o,img/target_9.png
22,3,334,modular,3,u,img/target_7.png
22,3,335,modular,1,v,img/target_5.png
22,3,336,modular,3,u,img/target_7.png
22,3,337,modular,1,v,img/target_5.png
22,3,338,modular,3,u,img/target_7.png
22,3,339,modular,0,p,img/target_10.png
22,3,340,modular,1,v,img/target_5.png
22,3,341,modular,0,p,img/target_10.png
22,3,342,modular,9,r,img/target_4.png
22,3,343,modular,8,w,img/target_2.png
22,3,344,modular,5,q,img/target_1.png
22,3,345,modular,8,w,img/target_2.png
22,3,346,modular,5,q,img/target_1.png
22,3,347,modular,6,b,img/target_6.png
22,3,348,modular,8,w,img/target_2.png
22,3,349,modular,7,i,img/target_8.png
22,3,350,modular,6,b,img/target_6.png
22,3,351,modular,7,i,img/target_8.png
22,3,352,modular,5,q,img/target_1.png
22,3,353,modular,6,b,img/target_6.png
22,3,354,modular,9,r,img/target_4.png
22,3,355,modular,6,b,img/target_6.png
22,3,356,modular,5,q,img/target_1.png
22,3,357,modular,4,o,img/target_9.png
22,3,358,modular,1,v,img/target_5.png
22,3,359,modular,0,p,img/target_10.png
22,3,360,modular,1,v,img/target_5.png
22,3,361,modular,0,p,img/target_10.png
22,3,362,modular,1,v,img/target_5.png
22,3,363,modular,0,p,img/target_10.png
22,3,364,modular,1,v,img/target_5.png
22,3,365,modular,4,o,img/target_9.png
22,3,366,modular,1,v,img/target_5.png
22,3,367,modular,2,e,img/target_3.png
22,3,368,modular,3,u,img/target_7.png
22,3,369,modular,1,v,img/target_5.png
22,3,370,modular,4,o,img/target_9.png
22,3,371,modular,5,q,img/target_1.png
22,3,372,modular,6,b,img/target_6.png
22,3,373,modular,5,q,img/target_1.png
22,3,374,modular,4,o,img/target_9.png
22,3,375,modular,3,u,img/target_7.png
22,3,376,modular,0,p,img/target_10.png
22,3,377,modular,2,e,img/target_3.png
22,3,378,modular,0,p,img/target_10.png
22,3,379,modular,2,e,img/target_3.png
22,3,380,modular,4,o,img/target_9.png
22,3,381,modular,3,u,img/target_7.png
22,3,382,modular,1,v,img/target_5.png
22,3,383,modular,0,p,img/target_10.png
22,3,384,modular,9,r,img/target_4.png
22,3,385,modular,8,w,img/target_2.png
22,3,386,modular,9,r,img/target_4.png
22,3,387,modular,8,w,img/target_2.png
22,3,388,modular,9,r,img/target_4.png
22,3,389,modular,8,w,img/target_2.png
22,3,390,modular,7,i,img/target_8.png
22,3,391,modular,5,q,img/target_1.png
22,3,392,modular,6,b,img/target_6.png
22,3,393,modular,7,i,img/target_8.png
22,3,394,modular,9,r,img/target_4.png
22,3,395,modular,0,p,img/target_10.png
22,3,396,modular,2,e,img/target_3.png
22,3,397,modular,1,v,img/target_5.png
22,3,398,modular,4,o,img/target_9.png
22,3,399,modular,2,e,img/target_3.png
22,3,400,modular,4,o,img/target_9.png
22,3,401,modular,3,u,img/target_7.png
22,3,402,modular,4,o,img/target_9.png
22,3,403,modular,3,u,img/target_7.png
22,3,404,modular,4,o,img/target_9.png
22,3,405,modular,3,u,img/target_7.png
22,3,406,modular,4,o,img/target_9.png
22,3,407,modular,2,e,img/target_3.png
22,3,408,modular,0,p,img/target_10.png
22,3,409,modular,9,r,img/target_4.png
22,3,410,modular,7,i,img/target_8.png
22,3,411,modular,8,w,img/target_2.png
22,3,412,modular,6,b,img/target_6.png
22,3,413,modular,7,i,img/target_8.png
22,3,414,modular,8,w,img/target_2.png
22,3,415,modular,9,r,img/target_4.png
22,3,416,modular,0,p,img/target_10.png
22,3,417,modular,2,e,img/target_3.png
22,3,418,modular,3,u,img/target_7.png
22,3,419,modular,1,v,img/target_5.png
22,3,420,modular,3,u,img/target_7.png
22,3,421,modular,1,v,img/target_5.png
22,3,422,modular,4,o,img/target_9.png
22,3,423,modular,5,q,img/target_1.png
22,3,424,modular,4,o,img/target_9.png
22,3,425,modular,1,v,img/target_5.png
22,3,426,modular,4,o,img/target_9.png
22,3,427,modular,1,v,img/target_5.png
22,3,428,modular,0,p,img/target_10.png
22,3,429,modular,9,r,img/target_4.png
22,3,430,modular,8,w,img/target_2.png
22,3,431,modular,6,b,img/target_6.png
22,3,432,modular,9,r,img/target_4.png
22,3,433,modular,6,b,img/target_6.png
22,3,434,modular,5,q,img/target_1.png
22,3,435,modular,6,b,img/target_6.png
22,3,436,modular,9,r,img/target_4.png
22,3,437,modular,0,p,img/target_10.png
22,3,438,modular,2,e,img/target_3.png
22,3,439,modular,3,u,img/target_7.png
22,3,440,modular,2,e,img/target_3.png
22,3,441,modular,1,v,img/target_5.png
22,3,442,modular,4,o,img/target_9.png
22,3,443,modular,5,q,img/target_1.png
22,3,444,modular,7,i,img/target_8.png
22,3,445,modular,8,w,img/target_2.png
22,3,446,modular,7,i,img/target_8.png
22,3,447,modular,6,b,img/target_6.png
22,3,448,modular,8,w,img/target_2.png
22,3,449,modular,9,r,img/target_4.png
22,3,450,modular,6,b,img/target_6.png
22,3,451,modular,5,q,img/target_1.png
22,3,452,modular,4,o,img/target_9.png
22,3,453,modular,2,e,img/target_3.png
22,3,454,modular,4,o,img/target_9.png
22,3,455,modular,5,q,img/target_1.png
22,3,456,modular,7,i,img/target_8.png
22,3,457,modular,8,w,img/target_2.png
22,3,458,modular,7,i,img/target_8.png
22,3,459,modular,9,r,img/target_4.png
22,3,460,modular,8,w,img/target_2.png
22,3,461,modular,5,q,img/target_1.png
22,3,462,modular,7,i,img/target_8.png
22,3,463,modular,8,w,img/target_2.png
22,3,464,modular,5,q,img/target_1.png
22,3,465,modular,6,b,img/target_6.png
22,3,466,modular,7,i,img/target_8.png
22,3,467,modular,5,q,img/target_1.png
22,3,468,modular,4,o,img/target_9.png
22,3,469,modular,1,v,img/target_5.png
22,3,470,modular,0,p,img/target_10.png
22,3,471,modular,9,r,img/target_4.png
22,3,472,modular,8,w,img/target_2.png
22,3,473,modular,6,b,img/target_6.png
22,3,474,modular,5,q,img/target_1.png
22,3,475,modular,7,i,img/target_8.png
22,3,476,modular,9,r,img/target_4.png
22,3,477,modular,0,p,img/target_10.png
22,3,478,modular,2,e,img/target_3.png
22,3,479,modular,0,p,img/target_10.png
22,3,480,modular,3,u,img/target_7.png
22,3,481,modular,0,p,img/target_10.png
22,3,482,modular,2,e,img/target_3.png
22,3,483,modular,4,o,img/target_9.png
22,3,484,modular,2,e,img/target_3.png
22,3,485,modular,1,v,img/target_5.png
22,3,486,modular,3,u,img/target_7.png
22,3,487,modular,0,p,img/target_10.png
22,3,488,modular,3,u,img/target_7.png
22,3,489,modular,0,p,img/target_10.png
22,3,490,modular,9,r,img/target_4.png
22,3,491,modular,7,i,img/target_8.png
22,3,492,modular,6,b,img/target_6.png
22,3,493,modular,5,q,img/target_1.png
22,3,494,modular,7,i,img/target_8.png
22,3,495,modular,8,w,img/target_2.png
22,3,496,modular,6,b,img/target_6.png
22,3,497,modular,8,w,img/target_2.png
22,3,498,modular,9,r,img/target_4.png
22,3,499,modular,7,i,img/target_8.png
22,3,500,modular,8,w,img/target_2.png
22,3,501,modular,6,b,img/target_6.png
22,3,502,modular,5,q,img/target_1.png
22,3,503,modular,8,w,img/target_2.png
22,3,504,modular,6,b,img/target_6.png
22,3,505,modular,5,q,img/target_1.png
22,3,506,modular,6,b,img/target_6.png
22,3,507,modular,9,r,img/target_4.png
22,3,508,modular,7,i,img/target_8.png
22,3,509,modular,9,r,img/target_4.png
22,3,510,modular,8,w,img/target_2.png
22,3,511,modular,6,b,img/target_6.png
22,3,512,modular,8,w,img/target_2.png
22,3,513,modular,9,r,img/target_4.png
22,3,514,modular,6,b,img/target_6.png
22,3,515,modular,9,r,img/target_4.png
22,3,516,modular,7,i,img/target_8.png
22,3,517,modular,8,w,img/target_2.png
22,3,518,modular,5,q,img/target_1.png
22,3,519,modular,8,w,img/target_2.png
22,3,520,modular,5,q,img/target_1.png
22,3,521,modular,7,i,img/target_8.png
22,3,522,modular,9,r,img/target_4.png
22,3,523,modular,8,w,img/target_2.png
22,3,524,modular,5,q,img/target_1.png
22,3,525,modular,4,o,img/target_9.png
22,3,526,modular,5,q,img/target_1.png
22,3,527,modular,7,i,img/target_8.png
22,3,528,modular,8,w,img/target_2.png
22,3,529,modular,7,i,img/target_8.png
22,3,530,modular,9,r,img/target_4.png
22,3,531,modular,6,b,img/target_6.png
22,3,532,modular,9,r,img/target_4.png
22,3,533,modular,8,w,img/target_2.png
22,3,534,modular,6,b,img/target_6.png
22,3,535,modular,9,r,img/target_4.png
22,3,536,modular,6,b,img/target_6.png
22,3,537,modular,8,w,img/target_2.png
22,3,538,modular,9,r,img/target_4.png
22,3,539,modular,8,w,img/target_2.png
22,3,540,modular,5,q,img/target_1.png
22,3,541,modular,7,i,img/target_8.png
22,3,542,modular,5,q,img/target_1.png
22,3,543,modular,8,w,img/target_2.png
22,3,544,modular,7,i,img/target_8.png
22,3,545,modular,8,w,img/target_2.png
22,3,546,modular,5,q,img/target_1.png
22,3,547,modular,8,w,img/target_2.png
22,3,548,modular,5,q,img/target_1.png
22,3,549,modular,4,o,img/target_9.png
22,3,550,modular,1,v,img/target_5.png
22,3,551,modular,3,u,img/target_7.png
22,3,552,modular,1,v,img/target_5.png
22,3,553,modular,4,o,img/target_9.png
22,3,554,modular,5,q,img/target_1.png
22,3,555,modular,7,i,img/target_8.png
22,3,556,modular,5,q,img/target_1.png
22,3,557,modular,6,b,img/target_6.png
22,3,558,modular,8,w,img/target_2.png
22,3,559,modular,6,b,img/target_6.png
22,3,560,modular,8,w,img/target_2.png
22,3,561,modular,6,b,img/target_6.png
22,3,562,modular,8,w,img/target_2.png
22,3,563,modular,9,r,img/target_4.png
22,3,564,modular,6,b,img/target_6.png
22,3,565,modular,9,r,img/target_4.png
22,3,566,modular,6,b,img/target_6.png
22,3,567,modular,5,q,img/target_1.png
22,3,568,modular,6,b,img/target_6.png
22,3,569,modular,8,w,img/target_2.png
22,3,570,modular,9,r,img/target_4.png
22,3,571,modular,7,i,img/target_8.png
22,3,572,modular,8,w,img/target_2.png
22,3,573,modular,6,b,img/target_6.png
22,3,574,modular,7,i,img/target_8.png
22,3,575,modular,9,r,img/target_4.png
22,3,576,modular,8,w,img/target_2.png
22,3,577,modular,5,q,img/target_1.png
22,3,578,modular,7,i,img/target_8.png
22,3,579,modular,5,q,img/target_1.png
22,3,580,modular,4,o,img/target_9.png
22,3,581,modular,3,u,img/target_7.png
22,3,582,modular,1,v,img/target_5.png
22,3,583,modular,0,p,img/target_10.png
22,3,584,modular,1,v,img/target_5.png
22,3,585,modular,3,u,img/target_7.png
22,3,586,modular,2,e,img/target_3.png
22,3,587,modular,1,v,img/target_5.png
22,3,588,modular,2,e,img/target_3.png
22,3,589,modular,3,u,img/target_7.png
22,3,590,modular,2,e,img/target_3.png
22,3,591,modular,3,u,img/target_7.png
22,3,592,modular,1,v,img/target_5.png
22,3,593,modular,0,p,img/target_10.png
22,3,594,modular,3,u,img/target_7.png
22,3,595,modular,2,e,img/target_3.png
22,3,596,modular,3,u,img/target_7.png
22,3,597,modular,0,p,img/target_10.png
22,3,598,modular,9,r,img/target_4.png
22,3,599,modular,6,b,img/target_6.png
22,3,600,modular,8,w,img/target_2.png
22,3,601,modular,9,r,img/target_4.png
22,3,602,modular,7,i,img/target_8.png
22,3,603,modular,6,b,img/target_6.png
22,3,604,modular,5,q,img/target_1.png
22,3,605,modular,6,b,img/target_6.png
22,3,606,modular,9,r,img/target_4.png
22,3,607,modular,0,p,img/target_10.png
22,3,608,modular,1,v,img/target_5.png
22,3,609,modular,4,o,img/target_9.png
22,3,610,modular,5,q,img/target_1.png
22,3,611,modular,6,b,img/target_6.png
22,3,612,modular,9,r,img/target_4.png
22,3,613,modular,8,w,img/target_2.png
22,3,614,modular,6,b,img/target_6.png
22,3,615,modular,5,q,img/target_1.png
22,3,616,modular,4,o,img/target_9.png
22,3,617,modular,1,v,img/target_5.png
22,3,618,modular,4,o,img/target_9.png
22,3,619,modular,1,v,img/target_5.png
22,3,620,modular,2,e,img/target_3.png
22,3,621,modular,0,p,img/target_10.png
22,3,622,modular,2,e,img/target_3.png
22,3,623,modular,3,u,img/target_7.png
22,3,624,modular,0,p,img/target_10.png
22,3,625,modular,9,r,img/target_4.png
22,3,626,modular,0,p,img/target_10.png
22,3,627,modular,2,e,img/target_3.png
22,3,628,modular,0,p,img/target_10.png
22,3,629,modular,1,v,img/target_5.png
22,3,630,modular,0,p,img/target_10.png
22,3,631,modular,2,e,img/target_3.png
22,3,632,modular,1,v,img/target_5.png
22,3,633,modular,0,p,img/target_10.png
22,3,634,modular,1,v,img/target_5.png
22,3,635,modular,0,p,img/target_10.png
22,3,636,modular,2,e,img/target_3.png
22,3,637,modular,4,o,img/target_9.png
22,3,638,modular,2,e,img/target_3.png
22,3,639,modular,0,p,img/target_10.png
22,3,640,modular,3,u,img/target_7.png
22,3,641,modular,2,e,img/target_3.png
22,3,642,modular,1,v,img/target_5.png
22,3,643,modular,2,e,img/target_3.png
22,3,644,modular,4,o,img/target_9.png
22,3,645,modular,1,v,img/target_5.png
22,3,646,modular,3,u,img/target_7.png
22,3,647,modular,2,e,img/target_3.png
22,3,648,modular,0,p,img/target_10.png
22,3,649,modular,3,u,img/target_7.png
22,3,650,modular,4,o,img/target_9.png
22,3,651,modular,5,q,img/target_1.png
22,3,652,modular,8,w,img/target_2.png
22,3,653,modular,7,i,img/target_8.png
22,3,654,modular,5,q,img/target_1.png
22,3,655,modular,6,b,img/target_6.png
22,3,656,modular,9,r,img/target_4.png
22,3,657,modular,7,i,img/target_8.png
22,3,658,modular,5,q,img/target_1.png
22,3,659,modular,7,i,img/target_8.png
22,3,660,modular,9,r,img/target_4.png
22,3,661,modular,0,p,img/target_10.png
22,3,662,modular,9,r,img/target_4.png
22,3,663,modular,6,b,img/target_6.png
22,3,664,modular,9,r,img/target_4.png
22,3,665,modular,6,b,img/target_6.png
22,3,666,modular,9,r,img/target_4.png
22,3,667,modular,8,w,img/target_2.png
22,3,668,modular,9,r,img/target_4.png
22,3,669,modular,0,p,img/target_10.png
22,3,670,modular,2,e,img/target_3.png
22,3,671,modular,3,u,img/target_7.png
22,3,672,modular,1,v,img/target_5.png
22,3,673,modular,3,u,img/target_7.png
22,3,674,modular,4,o,img/target_9.png
22,3,675,modular,1,v,img/target_5.png
22,3,676,modular,3,u,img/target_7.png
22,3,677,modular,4,o,img/target_9.png
22,3,678,modular,3,u,img/target_7.png
22,3,679,modular,2,e,img/target_3.png
22,3,680,modular,0,p,img/target_10.png
22,3,681,modular,2,e,img/target_3.png
22,3,682,modular,3,u,img/target_7.png
22,3,683,modular,1,v,img/target_5.png
22,3,684,modular,0,p,img/target_10.png
22,3,685,modular,3,u,img/target_7.png
22,3,686,modular,1,v,img/target_5.png
22,3,687,modular,3,u,img/target_7.png
22,3,688,modular,0,p,img/target_10.png
22,3,689,modular,2,e,img/target_3.png
22,3,690,modular,0,p,img/target_10.png
22,3,691,modular,9,r,img/target_4.png
22,3,692,modular,0,p,img/target_10.png
22,3,693,modular,2,e,img/target_3.png
22,3,694,modular,4,o,img/target_9.png
22,3,695,modular,2,e,img/target_3.png
22,3,696,modular,3,u,img/target_7.png
22,3,697,modular,2,e,img/target_3.png
22,3,698,modular,4,o,img/target_9.png
22,3,699,modular,1,v,img/target_5.png
22,3,700,modular,3,u,img/target_7.png
22,3,701,modular,2,e,img/target_3.png
22,3,702,modular,1,v,img/target_5.png
22,3,703,modular,0,p,img/target_10.png
22,3,704,modular,2,e,img/target_3.png
22,3,705,modular,4,o,img/target_9.png
22,3,706,modular,3,u,img/target_7.png
22,3,707,modular,2,e,img/target_3.png
22,3,708,modular,1,v,img/target_5.png
22,3,709,modular,0,p,img/target_10.png
22,3,710,modular,1,v,img/target_5.png
22,3,711,modular,3,u,img/target_7.png
22,3,712,modular,4,o,img/target_9.png
22,3,713,modular,3,u,img/target_7.png
22,3,714,modular,2,e,img/target_3.png
22,3,715,modular,0,p,img/target_10.png
22,3,716,modular,1,v,img/target_5.png
22,3,717,modular,4,o,img/target_9.png
22,3,718,modular,5,q,img/target_1.png
22,3,719,modular,6,b,img/target_6.png
22,3,720,modular,9,r,img/target_4.png
22,3,721,modular,6,b,img/target_6.png
22,3,722,modular,8,w,img/target_2.png
22,3,723,modular,9,r,img/target_4.png
22,3,724,modular,8,w,img/target_2.png
22,3,725,modular,7,i,img/target_8.png
22,3,726,modular,9,r,img/target_4.png
22,3,727,modular,6,b,img/target_6.png
22,3,728,modular,7,i,img/target_8.png
22,3,729,modular,5,q,img/target_1.png
22,3,730,modular,4,o,img/target_9.png
22,3,731,modular,2,e,img/target_3.png
22,3,732,modular,3,u,img/target_7.png
22,3,733,modular,1,v,img/target_5.png
22,3,734,modular,3,u,img/target_7.png
22,3,735,modular,1,v,img/target_5.png
22,3,736,modular,3,u,img/target_7.png
22,3,737,modular,2,e,img/target_3.png
22,3,738,modular,0,p,img/target_10.png
22,3,739,modular,3,u,img/target_7.png
22,3,740,modular,0,p,img/target_10.png
22,3,741,modular,3,u,img/target_7.png
22,3,742,modular,1,v,img/target_5.png
22,3,743,modular,3,u,img/target_7.png
22,3,744,modular,4,o,img/target_9.png
22,3,745,modular,1,v,img/target_5.png
22,3,746,modular,4,o,img/target_9.png
22,3,747,modular,2,e,img/target_3.png
22,3,748,modular,1,v,img/target_5.png
22,3,749,modular,4,o,img/target_9.png
22,3,750,modular,3,u,img/target_7.png
22,3,751,modular,0,p,img/target_10.png
22,3,752,modular,1,v,img/target_5.png
22,3,753,modular,2,e,img/target_3.png
22,3,754,modular,1,v,img/target_5.png
22,3,755,modular,0,p,img/target_10.png
22,3,756,modular,3,u,img/target_7.png
22,3,757,modular,2,e,img/target_3.png
22,3,758,modular,0,p,img/target_10.png
22,3,759,modular,1,v,img/target_5.png
22,3,760,modular,4,o,img/target_9.png
22,3,761,modular,2,e,img/target_3.png
22,3,762,modular,4,o,img/target_9.png
22,3,763,modular,1,v,img/target_5.png
22,3,764,modular,2,e,img/target_3.png
22,3,765,modular,4,o,img/target_9.png
22,3,766,modular,2,e,img/target_3.png
22,3,767,modular,1,v,img/target_5.png
22,3,768,modular,3,u,img/target_7.png
22,3,769,modular,2,e,img/target_3.png
22,3,770,modular,0,p,img/target_10.png
22,3,771,modular,1,v,img/target_5.png
22,3,772,modular,2,e,img/target_3.png
22,3,773,modular,1,v,img/target_5.png
22,3,774,modular,2,e,img/target_3.png
22,3,775,modular,1,v,img/target_5.png
22,3,776,modular,2,e,img/target_3.png
22,3,777,modular,0,p,img/target_10.png
22,3,778,modular,2,e,img/target_3.png
22,3,779,modular,0,p,img/target_10.png
22,3,780,modular,2,e,img/target_3.png
22,3,781,modular,1,v,img/target_5.png
22,3,782,modular,3,u,img/target_7.png
22,3,783,modular,4,o,img/target_9.png
22,3,784,modular,1,v,img/target_5.png
22,3,785,modular,3,u,img/target_7.png
22,3,786,modular,2,e,img/target_3.png
22,3,787,modular,1,v,img/target_5.png
22,3,788,modular,4,o,img/target_9.png
22,3,789,modular,2,e,img/target_3.png
22,3,790,modular,0,p,img/target_10.png
22,3,791,modular,3,u,img/target_7.png
22,3,792,modular,4,o,img/target_9.png
22,3,793,modular,5,q,img/target_1.png
22,3,794,modular,6,b,img/target_6.png
22,3,795,modular,7,i,img/target_8.png
22,3,796,modular,5,q,img/target_1.png
22,3,797,modular,6,b,img/target_6.png
22,3,798,modular,9,r,img/target_4.png
22,3,799,modular,6,b,img/target_6.png
22,3,800,modular,5,q,img/target_1.png
22,3,801,modular,8,w,img/target_2.png
22,3,802,modular,5,q,img/target_1.png
22,3,803,modular,4,o,img/target_9.png
22,3,804,modular,1,v,img/target_5.png
22,3,805,modular,0,p,img/target_10.png
22,3,806,modular,2,e,img/target_3.png
22,3,807,modular,4,o,img/target_9.png
22,3,808,modular,3,u,img/target_7.png
22,3,809,modular,0,p,img/target_10.png
22,3,810,modular,9,r,img/target_4.png
22,3,811,modular,7,i,img/target_8.png
22,3,812,modular,6,b,img/target_6.png
22,3,813,modular,7,i,img/target_8.png
22,3,814,modular,8,w,img/target_2.png
22,3,815,modular,7,i,img/target_8.png
22,3,816,modular,5,q,img/target_1.png
22,3,817,modular,7,i,img/target_8.png
22,3,818,modular,9,r,img/target_4.png
22,3,819,modular,7,i,img/target_8.png
22,3,820,modular,8,w,img/target_2.png
22,3,821,modular,9,r,img/target_4.png
22,3,822,modular,8,w,img/target_2.png
22,3,823,modular,7,i,img/target_8.png
22,3,824,modular,8,w,img/target_2.png
22,3,825,modular,6,b,img/target_6.png
22,3,826,modular,8,w,img/target_2.png
22,3,827,modular,5,q,img/target_1.png
22,3,828,modular,7,i,img/target_8.png
22,3,829,modular,8,w,img/target_2.png
22,3,830,modular,9,r,img/target_4.png
22,3,831,modular,6,b,img/target_6.png
22,3,832,modular,9,r,img/target_4.png
22,3,833,modular,6,b,img/target_6.png
22,3,834,modular,9,r,img/target_4.png
22,3,835,modular,6,b,img/target_6.png
22,3,836,modular,7,i,img/target_8.png
22,3,837,modular,8,w,img/target_2.png
22,3,838,modular,7,i,img/target_8.png
22,3,839,modular,8,w,img/target_2.png
22,3,840,modular,9,r,img/target_4.png
22,3,841,modular,8,w,img/target_2.png
22,3,842,modular,9,r,img/target_4.png
22,3,843,modular,7,i,img/target_8.png
22,3,844,modular,5,q,img/target_1.png
22,3,845,modular,7,i,img/target_8.png
22,3,846,modular,9,r,img/target_4.png
22,3,847,modular,0,p,img/target_10.png
22,3,848,modular,9,r,img/target_4.png
22,3,849,modular,8,w,img/target_2.png
22,3,850,modular,5,q,img/target_1.png
22,3,851,modular,7,i,img/target_8.png
22,3,852,modular,9,r,img/target_4.png
22,3,853,modular,7,i,img/target_8.png
22,3,854,modular,9,r,img/target_4.png
22,3,855,modular,8,w,img/target_2.png
22,3,856,modular,6,b,img/target_6.png
22,3,857,modular,7,i,img/target_8.png
22,3,858,modular,8,w,img/target_2.png
22,3,859,modular,7,i,img/target_8.png
22,3,860,modular,9,r,img/target_4.png
22,3,861,modular,0,p,img/target_10.png
22,3,862,modular,9,r,img/target_4.png
22,3,863,modular,8,w,img/target_2.png
22,3,864,modular,9,r,img/target_4.png
22,3,865,modular,0,p,img/target_10.png
22,3,866,modular,9,r,img/target_4.png
22,3,867,modular,8,w,img/target_2.png
22,3,868,modular,5,q,img/target_1.png
22,3,869,modular,4,o,img/target_9.png
22,3,870,modular,1,v,img/target_5.png
22,3,871,modular,4,o,img/target_9.png
22,3,872,modular,5,q,img/target_1.png
22,3,873,modular,8,w,img/target_2.png
22,3,874,modular,5,q,img/target_1.png
22,3,875,modular,7,i,img/target_8.png
22,3,876,modular,5,q,img/target_1.png
22,3,877,modular,6,b,img/target_6.png
22,3,878,modular,8,w,img/target_2.png
22,3,879,modular,7,i,img/target_8.png
22,3,880,modular,5,q,img/target_1.png
22,3,881,modular,8,w,img/target_2.png
22,3,882,modular,5,q,img/target_1.png
22,3,883,modular,8,w,img/target_2.png
22,3,884,modular,9,r,img/target_4.png
22,3,885,modular,0,p,img/target_10.png
22,3,886,modular,3,u,img/target_7.png
22,3,887,modular,1,v,img/target_5.png
22,3,888,modular,2,e,img/target_3.png
22,3,889,modular,4,o,img/target_9.png
22,3,890,modular,2,e,img/target_3.png
22,3,891,modular,1,v,img/target_5.png
22,3,892,modular,2,e,img/target_3.png
22,3,893,modular,1,v,img/target_5.png
22,3,894,modular,4,o,img/target_9.png
22,3,895,modular,2,e,img/target_3.png
22,3,896,modular,1,v,img/target_5.png
22,3,897,modular,0,p,img/target_10.png
22,3,898,modular,3,u,img/target_7.png
22,3,899,modular,4,o,img/target_9.png
22,3,900,modular,2,e,img/target_3.png
22,3,901,modular,4,o,img/target_9.png
22,3,902,modular,5,q,img/target_1.png
22,3,903,modular,8,w,img/target_2.png
22,3,904,modular,6,b,img/target_6.png
22,3,905,modular,5,q,img/target_1.png
22,3,906,modular,8,w,img/target_2.png
22,3,907,modular,6,b,img/target_6.png
22,3,908,modular,9,r,img/target_4.png
22,3,909,modular,8,w,img/target_2.png
22,3,910,modular,7,i,img/target_8.png
22,3,911,modular,9,r,img/target_4.png
22,3,912,modular,0,p,img/target_10.png
22,3,913,modular,9,r,img/target_4.png
22,3,914,modular,7,i,img/target_8.png
22,3,915,modular,9,r,img/target_4.png
22,3,916,modular,7,i,img/target_8.png
22,3,917,modular,5,q,img/target_1.png
22,3,918,modular,7,i,img/target_8.png
22,3,919,modular,5,q,img/target_1.png
22,3,920,modular,6,b,img/target_6.png
22,3,921,modular,9,r,img/target_4.png
22,3,922,modular,6,b,img/target_6.png
22,3,923,modular,5,q,img/target_1.png
22,3,924,modular,6,b,img/target_6.png
22,3,925,modular,8,w,img/target_2.png
22,3,926,modular,9,r,img/target_4.png
22,3,927,modular,6,b,img/target_6.png
22,3,928,modular,9,r,img/target_4.png
22,3,929,modular,7,i,img/target_8.png
22,3,930,modular,9,r,img/target_4.png
22,3,931,modular,8,w,img/target_2.png
22,3,932,modular,9,r,img/target_4.png
22,3,933,modular,0,p,img/target_10.png
22,3,934,modular,9,r,img/target_4.png
22,3,935,modular,6,b,img/target_6.png
22,3,936,modular,7,i,img/target_8.png
22,3,937,modular,8,w,img/target_2.png
22,3,938,modular,6,b,img/target_6.png
22,3,939,modular,7,i,img/target_8.png
22,3,940,modular,6,b,img/target_6.png
22,3,941,modular,8,w,img/target_2.png
22,3,942,modular,9,r,img/target_4.png
22,3,943,modular,8,w,img/target_2.png
22,3,944,modular,7,i,img/target_8.png
22,3,945,modular,6,b,img/target_6.png
22,3,946,modular,9,r,img/target_4.png
22,3,947,modular,7,i,img/target_8.png
22,3,948,modular,9,r,img/target_4.png
22,3,949,modular,6,b,img/target_6.png
22,3,950,modular,7,i,img/target_8.png
22,3,951,modular,9,r,img/target_4.png
22,3,952,modular,0,p,img/target_10.png
22,3,953,modular,2,e,img/target_3.png
22,3,954,modular,1,v,img/target_5.png
22,3,955,modular,2,e,img/target_3.png
22,3,956,modular,1,v,img/target_5.png
22,3,957,modular,2,e,img/target_3.png
22,3,958,modular,1,v,img/target_5.png
22,3,959,modular,2,e,img/target_3.png
22,3,960,modular,3,u,img/target_7.png
22,3,961,modular,1,v,img/target_5.png
22,3,962,modular,0,p,img/target_10.png
22,3,963,modular,9,r,img/target_4.png
22,3,964,modular,0,p,img/target_10.png
22,3,965,modular,3,u,img/target_7.png
22,3,966,modular,4,o,img/target_9.png
22,3,967,modular,2,e,img/target_3.png
22,3,968,modular,3,u,img/target_7.png
22,3,969,modular,4,o,img/target_9.png
22,3,970,modular,3,u,img/target_7.png
22,3,971,modular,1,v,img/target_5.png
22,3,972,modular,0,p,img/target_10.png
22,3,973,modular,3,u,img/target_7.png
22,3,974,modular,2,e,img/target_3.png
22,3,975,modular,0,p,img/target_10.png
22,3,976,modular,9,r,img/target_4.png
22,3,977,modular,0,p,img/target_10.png
22,3,978,modular,1,v,img/target_5.png
22,3,979,modular,3,u,img/target_7.png
22,3,980,modular,0,p,img/target_10.png
22,3,981,modular,2,e,img/target_3.png
22,3,982,modular,4,o,img/target_9.png
22,3,983,modular,5,q,img/target_1.png
22,3,984,modular,6,b,img/target_6.png
22,3,985,modular,5,q,img/target_1.png
22,3,986,modular,8,w,img/target_2.png
22,3,987,modular,5,q,img/target_1.png
22,3,988,modular,8,w,img/target_2.png
22,3,989,modular,5,q,img/target_1.png
22,3,990,modular,4,o,img/target_9.png
22,3,991,modular,3,u,img/target_7.png
22,3,992,modular,0,p,img/target_10.png
22,3,993,modular,3,u,img/target_7.png
22,3,994,modular,2,e,img/target_3.png
22,3,995,modular,4,o,img/target_9.png
22,3,996,modular,2,e,img/target_3.png
22,3,997,modular,1,v,img/target_5.png
22,3,998,modular,3,u,img/target_7.png
22,3,999,modular,0,p,img/target_10.png
22,3,1000,modular,2,e,img/target_3.png
