pID,sess,trialNum,graph,walk,resp,path
22,1,1,modular,4,o,img/target_9.png
22,1,2,modular,3,u,img/target_7.png
22,1,3,modular,0,p,img/target_10.png
22,1,4,modular,9,r,img/target_4.png
22,1,5,modular,0,p,img/target_10.png
22,1,6,modular,2,e,img/target_3.png
22,1,7,modular,4,o,img/target_9.png
22,1,8,modular,2,e,img/target_3.png
22,1,9,modular,0,p,img/target_10.png
22,1,10,modular,2,e,img/target_3.png
22,1,11,modular,0,p,img/target_10.png
22,1,12,modular,1,v,img/target_5.png
22,1,13,modular,4,o,img/target_9.png
22,1,14,modular,5,q,img/target_1.png
22,1,15,modular,6,b,img/target_6.png
22,1,16,modular,5,q,img/target_1.png
22,1,17,modular,7,i,img/target_8.png
22,1,18,modular,8,w,img/target_2.png
22,1,19,modular,7,i,img/target_8.png
22,1,20,modular,6,b,img/target_6.png
22,1,21,modular,9,r,img/target_4.png
22,1,22,modular,0,p,img/target_10.png
22,1,23,modular,9,r,img/target_4.png
22,1,24,modular,0,p,img/target_10.png
22,1,25,modular,1,v,img/target_5.png
22,1,26,modular,4,o,img/target_9.png
22,1,27,modular,3,u,img/target_7.png
22,1,28,modular,4,o,img/target_9.png
22,1,29,modular,3,u,img/target_7.png
22,1,30,modular,2,e,img/target_3.png
22,1,31,modular,3,u,img/target_7.png
22,1,32,modular,4,o,img/target_9.png
22,1,33,modular,2,e,img/target_3.png
22,1,34,modular,1,v,img/target_5.png
22,1,35,modular,0,p,img/target_10.png
22,1,36,modular,9,r,img/target_4.png
22,1,37,modular,6,b,img/target_6.png
22,1,38,modular,9,r,img/target_4.png
22,1,39,modular,7,i,img/target_8.png
22,1,40,modular,6,b,img/target_6.png
22,1,41,modular,7,i,img/target_8.png
22,1,42,modular,8,w,img/target_2.png
22,1,43,modular,5,q,img/target_1.png
22,1,44,modular,6,b,img/target_6.png
22,1,45,modular,9,r,img/target_4.png
22,1,46,modular,8,w,img/target_2.png
22,1,47,modular,9,r,img/target_4.png
22,1,48,modular,8,w,img/target_2.png
22,1,49,modular,9,r,img/target_4.png
22,1,50,modular,7,i,img/target_8.png
22,1,51,modular,8,w,img/target_2.png
22,1,52,modular,6,b,img/target_6.png
22,1,53,modular,8,w,img/target_2.png
22,1,54,modular,9,r,img/target_4.png
22,1,55,modular,6,b,img/target_6.png
22,1,56,modular,7,i,img/target_8.png
22,1,57,modular,6,b,img/target_6.png
22,1,58,modular,8,w,img/target_2.png
22,1,59,modular,6,b,img/target_6.png
22,1,60,modular,5,q,img/target_1.png
22,1,61,modular,4,o,img/target_9.png
22,1,62,modular,2,e,img/target_3.png
22,1,63,modular,1,v,img/target_5.png
22,1,64,modular,2,e,img/target_3.png
22,1,65,modular,1,v,img/target_5.png
22,1,66,modular,2,e,img/target_3.png
22,1,67,modular,0,p,img/target_10.png
22,1,68,modular,2,e,img/target_3.png
22,1,69,modular,0,p,img/target_10.png
22,1,70,modular,3,u,img/target_7.png
22,1,71,modular,1,v,img/target_5.png
22,1,72,modular,4,o,img/target_9.png
22,1,73,modular,1,v,img/target_5.png
22,1,74,modular,4,o,img/target_9.png
22,1,75,modular,1,v,img/target_5.png
22,1,76,modular,2,e,img/target_3.png
22,1,77,modular,4,o,img/target_9.png
22,1,78,modular,1,v,img/target_5.png
22,1,79,modular,4,o,img/target_9.png
22,1,80,modular,1,v,img/target_5.png
22,1,81,modular,2,e,img/target_3.png
22,1,82,modular,0,p,img/target_10.png
22,1,83,modular,3,u,img/target_7.png
22,1,84,modular,2,e,img/target_3.png
22,1,85,modular,0,p,img/target_10.png
22,1,86,modular,3,u,img/target_7.png
22,1,87,modular,1,v,img/target_5.png
22,1,88,modular,2,e,img/target_3.png
22,1,89,modular,1,v,img/target_5.png
22,1,90,modular,0,p,img/target_10.png
22,1,91,modular,3,u,img/target_7.png
22,1,92,modular,1,v,img/target_5.png
22,1,93,modular,4,o,img/target_9.png
22,1,94,modular,3,u,img/target_7.png
22,1,95,modular,4,o,img/target_9.png
22,1,96,modular,2,e,img/target_3.png
22,1,97,modular,4,o,img/target_9.png
22,1,98,modular,3,u,img/target_7.png
22,1,99,modular,1,v,img/target_5.png
22,1,100,modular,3,u,img/target_7.png
22,1,101,modular,2,e,img/target_3.png
22,1,102,modular,0,p,img/target_10.png
22,1,103,modular,3,u,img/target_7.png
22,1,104,modular,1,v,img/target_5.png
22,1,105,modular,2,e,img/target_3.png
22,1,106,modular,1,v,img/target_5.png
22,1,107,modular,3,u,img/target_7.png
22,1,108,modular,4,o,img/target_9.png
22,1,109,modular,1,v,img/target_5.png
22,1,110,modular,3,u,img/target_7.png
22,1,111,modular,1,v,img/target_5.png
22,1,112,modular,0,p,img/target_10.png
22,1,113,modular,2,e,img/target_3.png
22,1,114,modular,4,o,img/target_9.png
22,1,115,modular,2,e,img/target_3.png
22,1,116,modular,1,v,img/target_5.png
22,1,117,modular,4,o,img/target_9.png
22,1,118,modular,1,v,img/target_5.png
22,1,119,modular,3,u,img/target_7.png
22,1,120,modular,1,v,img/target_5.png
22,1,121,modular,4,o,img/target_9.png
22,1,122,modular,1,v,img/target_5.png
22,1,123,modular,4,o,img/target_9.png
22,1,124,modular,5,q,img/target_1.png
22,1,125,modular,6,b,img/target_6.png
22,1,126,modular,9,r,img/target_4.png
22,1,127,modular,7,i,img/target_8.png
22,1,128,modular,8,w,img/target_2.png
22,1,129,modular,5,q,img/target_1.png
22,1,130,modular,7,i,img/target_8.png
22,1,131,modular,8,w,img/target_2.png
22,1,132,modular,9,r,img/target_4.png
22,1,133,modular,6,b,img/target_6.png
22,1,134,modular,9,r,img/target_4.png
22,1,135,modular,7,i,img/target_8.png
22,1,136,modular,8,w,img/target_2.png
22,1,137,modular,6,b,img/target_6.png
22,1,138,modular,5,q,img/target_1.png
22,1,139,modular,6,b,img/target_6.png
22,1,140,modular,8,w,img/target_2.png
22,1,141,modular,9,r,img/target_4.png
22,1,142,modular,7,i,img/target_8.png
22,1,143,modular,8,w,img/target_2.png
22,1,144,modular,7,i,img/target_8.png
22,1,145,modular,8,w,img/target_2.png
22,1,146,modular,6,b,img/target_6.png
22,1,147,modular,8,w,img/target_2.png
22,1,148,modular,9,r,img/target_4.png
22,1,149,modular,8,w,img/target_2.png
22,1,150,modular,7,i,img/target_8.png
22,1,151,modular,5,q,img/target_1.png
22,1,152,modular,8,w,img/target_2.png
22,1,153,modular,7,i,img/target_8.png
22,1,154,modular,6,b,img/target_6.png
22,1,155,modular,7,i,img/target_8.png
22,1,156,modular,6,b,img/target_6.png
22,1,157,modular,7,i,img/target_8.png
22,1,158,modular,8,w,img/target_2.png
22,1,159,modular,6,b,img/target_6.png
22,1,160,modular,7,i,img/target_8.png
22,1,161,modular,6,b,img/target_6.png
22,1,162,modular,7,i,img/target_8.png
22,1,163,modular,8,w,img/target_2.png
22,1,164,modular,6,b,img/target_6.png
22,1,165,modular,5,q,img/target_1.png
22,1,166,modular,7,i,img/target_8.png
22,1,167,modular,9,r,img/target_4.png
22,1,168,modular,0,p,img/target_10.png
22,1,169,modular,2,e,img/target_3.png
22,1,170,modular,4,o,img/target_9.png
22,1,171,modular,5,q,img/target_1.png
22,1,172,modular,8,w,img/target_2.png
22,1,173,modular,6,b,img/target_6.png
22,1,174,modular,5,q,img/target_1.png
22,1,175,modular,8,w,img/target_2.png
22,1,176,modular,9,r,img/target_4.png
22,1,177,modular,6,b,img/target_6.png
22,1,178,modular,9,r,img/target_4.png
22,1,179,modular,7,i,img/target_8.png
22,1,180,modular,9,r,img/target_4.png
22,1,181,modular,6,b,img/target_6.png
22,1,182,modular,5,q,img/target_1.png
22,1,183,modular,7,i,img/target_8.png
22,1,184,modular,5,q,img/target_1.png
22,1,185,modular,4,o,img/target_9.png
22,1,186,modular,2,e,img/target_3.png
22,1,187,modular,0,p,img/target_10.png
22,1,188,modular,1,v,img/target_5.png
22,1,189,modular,2,e,img/target_3.png
22,1,190,modular,0,p,img/target_10.png
22,1,191,modular,9,r,img/target_4.png
22,1,192,modular,0,p,img/target_10.png
22,1,193,modular,3,u,img/target_7.png
22,1,194,modular,1,v,img/target_5.png
22,1,195,modular,2,e,img/target_3.png
22,1,196,modular,0,p,img/target_10.png
22,1,197,modular,1,v,img/target_5.png
22,1,198,modular,0,p,img/target_10.png
22,1,199,modular,9,r,img/target_4.png
22,1,200,modular,8,w,img/target_2.png
22,1,201,modular,6,b,img/target_6.png
22,1,202,modular,9,r,img/target_4.png
22,1,203,modular,7,i,img/target_8.png
22,1,204,modular,9,r,img/target_4.png
22,1,205,modular,8,w,img/target_2.png
22,1,206,modular,5,q,img/target_1.png
22,1,207,modular,4,o,img/target_9.png
22,1,208,modular,5,q,img/target_1.png
22,1,209,modular,7,i,img/target_8.png
22,1,210,modular,6,b,img/target_6.png
22,1,211,modular,9,r,img/target_4.png
22,1,212,modular,0,p,img/target_10.png
22,1,213,modular,3,u,img/target_7.png
22,1,214,modular,0,p,img/target_10.png
22,1,215,modular,1,v,img/target_5.png
22,1,216,modular,4,o,img/target_9.png
22,1,217,modular,2,e,img/target_3.png
22,1,218,modular,1,v,img/target_5.png
22,1,219,modular,2,e,img/target_3.png
22,1,220,modular,3,u,img/target_7.png
22,1,221,modular,4,o,img/target_9.png
22,1,222,modular,1,v,img/target_5.png
22,1,223,modular,4,o,img/target_9.png
22,1,224,modular,2,e,img/target_3.png
22,1,225,modular,0,p,img/target_10.png
22,1,226,modular,2,e,img/target_3.png
22,1,227,modular,4,o,img/target_9.png
22,1,228,modular,5,q,img/target_1.png
22,1,229,modular,7,i,img/target_8.png
22,1,230,modular,6,b,img/target_6.png
22,1,231,modular,7,i,img/target_8.png
22,1,232,modular,8,w,img/target_2.png
22,1,233,modular,5,q,img/target_1.png
22,1,234,modular,6,b,img/target_6.png
22,1,235,modular,9,r,img/target_4.png
22,1,236,modular,8,w,img/target_2.png
22,1,237,modular,6,b,img/target_6.png
22,1,238,modular,8,w,img/target_2.png
22,1,239,modular,9,r,img/target_4.png
22,1,240,modular,8,w,img/target_2.png
22,1,241,modular,5,q,img/target_1.png
22,1,242,modular,6,b,img/target_6.png
22,1,243,modular,9,r,img/target_4.png
22,1,244,modular,6,b,img/target_6.png
22,1,245,modular,7,i,img/target_8.png
22,1,246,modular,5,q,img/target_1.png
22,1,247,modular,7,i,img/target_8.png
22,1,248,modular,9,r,img/target_4.png
22,1,249,modular,6,b,img/target_6.png
22,1,250,modular,5,q,img/target_1.png
22,1,251,modular,4,o,img/target_9.png
22,1,252,modular,1,v,img/target_5.png
22,1,253,modular,2,e,img/target_3.png
22,1,254,modular,4,o,img/target_9.png
22,1,255,modular,2,e,img/target_3.png
22,1,256,modular,4,o,img/target_9.png
22,1,257,modular,2,e,img/target_3.png
22,1,258,modular,0,p,img/target_10.png
22,1,259,modular,3,u,img/target_7.png
22,1,260,modular,1,v,img/target_5.png
22,1,261,modular,2,e,img/target_3.png
22,1,262,modular,0,p,img/target_10.png
22,1,263,modular,9,r,img/target_4.png
22,1,264,modular,7,i,img/target_8.png
22,1,265,modular,8,w,img/target_2.png
22,1,266,modular,7,i,img/target_8.png
22,1,267,modular,8,w,img/target_2.png
22,1,268,modular,6,b,img/target_6.png
22,1,269,modular,7,i,img/target_8.png
22,1,270,modular,6,b,img/target_6.png
22,1,271,modular,8,w,img/target_2.png
22,1,272,modular,6,b,img/target_6.png
22,1,273,modular,5,q,img/target_1.png
22,1,274,modular,6,b,img/target_6.png
22,1,275,modular,7,i,img/target_8.png
22,1,276,modular,8,w,img/target_2.png
22,1,277,modular,5,q,img/target_1.png
22,1,278,modular,7,i,img/target_8.png
22,1,279,modular,9,r,img/target_4.png
22,1,280,modular,7,i,img/target_8.png
22,1,281,modular,6,b,img/target_6.png
22,1,282,modular,8,w,img/target_2.png
22,1,283,modular,5,q,img/target_1.png
22,1,284,modular,7,i,img/target_8.png
22,1,285,modular,8,w,img/target_2.png
22,1,286,modular,9,r,img/target_4.png
22,1,287,modular,7,i,img/target_8.png
22,1,288,modular,8,w,img/target_2.png
22,1,289,modular,5,q,img/target_1.png
22,1,290,modular,6,b,img/target_6.png
22,1,291,modular,7,i,img/target_8.png
22,1,292,modular,9,r,img/target_4.png
22,1,293,modular,7,i,img/target_8.png
22,1,294,modular,8,w,img/target_2.png
22,1,295,modular,6,b,img/target_6.png
22,1,296,modular,8,w,img/target_2.png
22,1,297,modular,6,b,img/target_6.png
22,1,298,modular,9,r,img/target_4.png
22,1,299,modular,0,p,img/target_10.png
22,1,300,modular,9,r,img/target_4.png
22,1,301,modular,8,w,img/target_2.png
22,1,302,modular,6,b,img/target_6.png
22,1,303,modular,9,r,img/target_4.png
22,1,304,modular,7,i,img/target_8.png
22,1,305,modular,6,b,img/target_6.png
22,1,306,modular,5,q,img/target_1.png
22,1,307,modular,7,i,img/target_8.png
22,1,308,modular,5,q,img/target_1.png
22,1,309,modular,7,i,img/target_8.png
22,1,310,modular,5,q,img/target_1.png
22,1,311,modular,7,i,img/target_8.png
22,1,312,modular,5,q,img/target_1.png
22,1,313,modular,4,o,img/target_9.png
22,1,314,modular,1,v,img/target_5.png
22,1,315,modular,3,u,img/target_7.png
22,1,316,modular,1,v,img/target_5.png
22,1,317,modular,2,e,img/target_3.png
22,1,318,modular,3,u,img/target_7.png
22,1,319,modular,0,p,img/target_10.png
22,1,320,modular,9,r,img/target_4.png
22,1,321,modular,0,p,img/target_10.png
22,1,322,modular,9,r,img/target_4.png
22,1,323,modular,8,w,img/target_2.png
22,1,324,modular,6,b,img/target_6.png
22,1,325,modular,8,w,img/target_2.png
22,1,326,modular,7,i,img/target_8.png
22,1,327,modular,8,w,img/target_2.png
22,1,328,modular,6,b,img/target_6.png
22,1,329,modular,8,w,img/target_2.png
22,1,330,modular,5,q,img/target_1.png
22,1,331,modular,8,w,img/target_2.png
22,1,332,modular,7,i,img/target_8.png
22,1,333,modular,6,b,img/target_6.png
22,1,334,modular,5,q,img/target_1.png
22,1,335,modular,4,o,img/target_9.png
22,1,336,modular,3,u,img/target_7.png
22,1,337,modular,1,v,img/target_5.png
22,1,338,modular,4,o,img/target_9.png
22,1,339,modular,5,q,img/target_1.png
22,1,340,modular,8,w,img/target_2.png
22,1,341,modular,9,r,img/target_4.png
22,1,342,modular,8,w,img/target_2.png
22,1,343,modular,5,q,img/target_1.png
22,1,344,modular,7,i,img/target_8.png
22,1,345,modular,6,b,img/target_6.png
22,1,346,modular,9,r,img/target_4.png
22,1,347,modular,7,i,img/target_8.png
22,1,348,modular,5,q,img/target_1.png
22,1,349,modular,6,b,img/target_6.png
22,1,350,modular,9,r,img/target_4.png
22,1,351,modular,6,b,img/target_6.png
22,1,352,modular,9,r,img/target_4.png
22,1,353,modular,7,i,img/target_8.png
22,1,354,modular,9,r,img/target_4.png
22,1,355,modular,7,i,img/target_8.png
22,1,356,modular,5,q,img/target_1.png
22,1,357,modular,4,o,img/target_9.png
22,1,358,modular,1,v,img/target_5.png
22,1,359,modular,2,e,img/target_3.png
22,1,360,modular,0,p,img/target_10.png
22,1,361,modular,3,u,img/target_7.png
22,1,362,modular,4,o,img/target_9.png
22,1,363,modular,5,q,img/target_1.png
22,1,364,modular,8,w,img/target_2.png
22,1,365,modular,6,b,img/target_6.png
22,1,366,modular,5,q,img/target_1.png
22,1,367,modular,8,w,img/target_2.png
22,1,368,modular,5,q,img/target_1.png
22,1,369,modular,6,b,img/target_6.png
22,1,370,modular,8,w,img/target_2.png
22,1,371,modular,7,i,img/target_8.png
22,1,372,modular,9,r,img/target_4.png
22,1,373,modular,8,w,img/target_2.png
22,1,374,modular,6,b,img/target_6.png
22,1,375,modular,9,r,img/target_4.png
22,1,376,modular,0,p,img/target_10.png
22,1,377,modular,3,u,img/target_7.png
22,1,378,modular,1,v,img/target_5.png
22,1,379,modular,4,o,img/target_9.png
22,1,380,modular,1,v,img/target_5.png
22,1,381,modular,2,e,img/target_3.png
22,1,382,modular,3,u,img/target_7.png
22,1,383,modular,4,o,img/target_9.png
22,1,384,modular,2,e,img/target_3.png
22,1,385,modular,1,v,img/target_5.png
22,1,386,modular,4,o,img/target_9.png
22,1,387,modular,2,e,img/target_3.png
22,1,388,modular,3,u,img/target_7.png
22,1,389,modular,4,o,img/target_9.png
22,1,390,modular,2,e,img/target_3.png
22,1,391,modular,4,o,img/target_9.png
22,1,392,modular,1,v,img/target_5.png
22,1,393,modular,4,o,img/target_9.png
22,1,394,modular,5,q,img/target_1.png
22,1,395,modular,6,b,img/target_6.png
22,1,396,modular,7,i,img/target_8.png
22,1,397,modular,8,w,img/target_2.png
22,1,398,modular,7,i,img/target_8.png
22,1,399,modular,8,w,img/target_2.png
22,1,400,modular,5,q,img/target_1.png
22,1,401,modular,7,i,img/target_8.png
22,1,402,modular,8,w,img/target_2.png
22,1,403,modular,6,b,img/target_6.png
22,1,404,modular,9,r,img/target_4.png
22,1,405,modular,0,p,img/target_10.png
22,1,406,modular,2,e,img/target_3.png
22,1,407,modular,3,u,img/target_7.png
22,1,408,modular,4,o,img/target_9.png
22,1,409,modular,3,u,img/target_7.png
22,1,410,modular,0,p,img/target_10.png
22,1,411,modular,2,e,img/target_3.png
22,1,412,modular,3,u,img/target_7.png
22,1,413,modular,4,o,img/target_9.png
22,1,414,modular,5,q,img/target_1.png
22,1,415,modular,7,i,img/target_8.png
22,1,416,modular,8,w,img/target_2.png
22,1,417,modular,6,b,img/target_6.png
22,1,418,modular,9,r,img/target_4.png
22,1,419,modular,8,w,img/target_2.png
22,1,420,modular,6,b,img/target_6.png
22,1,421,modular,7,i,img/target_8.png
22,1,422,modular,5,q,img/target_1.png
22,1,423,modular,4,o,img/target_9.png
22,1,424,modular,2,e,img/target_3.png
22,1,425,modular,0,p,img/target_10.png
22,1,426,modular,1,v,img/target_5.png
22,1,427,modular,4,o,img/target_9.png
22,1,428,modular,1,v,img/target_5.png
22,1,429,modular,2,e,img/target_3.png
22,1,430,modular,3,u,img/target_7.png
22,1,431,modular,1,v,img/target_5.png
22,1,432,modular,3,u,img/target_7.png
22,1,433,modular,4,o,img/target_9.png
22,1,434,modular,3,u,img/target_7.png
22,1,435,modular,0,p,img/target_10.png
22,1,436,modular,2,e,img/target_3.png
22,1,437,modular,3,u,img/target_7.png
22,1,438,modular,0,p,img/target_10.png
22,1,439,modular,2,e,img/target_3.png
22,1,440,modular,4,o,img/target_9.png
22,1,441,modular,3,u,img/target_7.png
22,1,442,modular,2,e,img/target_3.png
22,1,443,modular,4,o,img/target_9.png
22,1,444,modular,2,e,img/target_3.png
22,1,445,modular,4,o,img/target_9.png
22,1,446,modular,3,u,img/target_7.png
22,1,447,modular,2,e,img/target_3.png
22,1,448,modular,4,o,img/target_9.png
22,1,449,modular,1,v,img/target_5.png
22,1,450,modular,0,p,img/target_10.png
22,1,451,modular,1,v,img/target_5.png
22,1,452,modular,3,u,img/target_7.png
22,1,453,modular,4,o,img/target_9.png
22,1,454,modular,1,v,img/target_5.png
22,1,455,modular,3,u,img/target_7.png
22,1,456,modular,2,e,img/target_3.png
22,1,457,modular,0,p,img/target_10.png
22,1,458,modular,3,u,img/target_7.png
22,1,459,modular,4,o,img/target_9.png
22,1,460,modular,3,u,img/target_7.png
22,1,461,modular,4,o,img/target_9.png
22,1,462,modular,2,e,img/target_3.png
22,1,463,modular,3,u,img/target_7.png
22,1,464,modular,0,p,img/target_10.png
22,1,465,modular,3,u,img/target_7.png
22,1,466,modular,2,e,img/target_3.png
22,1,467,modular,3,u,img/target_7.png
22,1,468,modular,4,o,img/target_9.png
22,1,469,modular,5,q,img/target_1.png
22,1,470,modular,7,i,img/target_8.png
22,1,471,modular,9,r,img/target_4.png
22,1,472,modular,8,w,img/target_2.png
22,1,473,modular,5,q,img/target_1.png
22,1,474,modular,8,w,img/target_2.png
22,1,475,modular,7,i,img/target_8.png
22,1,476,modular,6,b,img/target_6.png
22,1,477,modular,9,r,img/target_4.png
22,1,478,modular,7,i,img/target_8.png
22,1,479,modular,6,b,img/target_6.png
22,1,480,modular,7,i,img/target_8.png
22,1,481,modular,8,w,img/target_2.png
22,1,482,modular,9,r,img/target_4.png
22,1,483,modular,0,p,img/target_10.png
22,1,484,modular,2,e,img/target_3.png
22,1,485,modular,0,p,img/target_10.png
22,1,486,modular,2,e,img/target_3.png
22,1,487,modular,3,u,img/target_7.png
22,1,488,modular,2,e,img/target_3.png
22,1,489,modular,3,u,img/target_7.png
22,1,490,modular,1,v,img/target_5.png
22,1,491,modular,4,o,img/target_9.png
22,1,492,modular,3,u,img/target_7.png
22,1,493,modular,2,e,img/target_3.png
22,1,494,modular,0,p,img/target_10.png
22,1,495,modular,9,r,img/target_4.png
22,1,496,modular,0,p,img/target_10.png
22,1,497,modular,9,r,img/target_4.png
22,1,498,modular,6,b,img/target_6.png
22,1,499,modular,5,q,img/target_1.png
22,1,500,modular,8,w,img/target_2.png
22,1,501,modular,5,q,img/target_1.png
22,1,502,modular,8,w,img/target_2.png
22,1,503,modular,7,i,img/target_8.png
22,1,504,modular,5,q,img/target_1.png
22,1,505,modular,8,w,img/target_2.png
22,1,506,modular,6,b,img/target_6.png
22,1,507,modular,7,i,img/target_8.png
22,1,508,modular,9,r,img/target_4.png
22,1,509,modular,7,i,img/target_8.png
22,1,510,modular,8,w,img/target_2.png
22,1,511,modular,5,q,img/target_1.png
22,1,512,modular,7,i,img/target_8.png
22,1,513,modular,5,q,img/target_1.png
22,1,514,modular,7,i,img/target_8.png
22,1,515,modular,5,q,img/target_1.png
22,1,516,modular,6,b,img/target_6.png
22,1,517,modular,9,r,img/target_4.png
22,1,518,modular,0,p,img/target_10.png
22,1,519,modular,3,u,img/target_7.png
22,1,520,modular,2,e,img/target_3.png
22,1,521,modular,0,p,img/target_10.png
22,1,522,modular,2,e,img/target_3.png
22,1,523,modular,3,u,img/target_7.png
22,1,524,modular,4,o,img/target_9.png
22,1,525,modular,1,v,img/target_5.png
22,1,526,modular,3,u,img/target_7.png
22,1,527,modular,2,e,img/target_3.png
22,1,528,modular,4,o,img/target_9.png
22,1,529,modular,1,v,img/target_5.png
22,1,530,modular,3,u,img/target_7.png
22,1,531,modular,0,p,img/target_10.png
22,1,532,modular,3,u,img/target_7.png
22,1,533,modular,1,v,img/target_5.png
22,1,534,modular,2,e,img/target_3.png
22,1,535,modular,3,u,img/target_7.png
22,1,536,modular,2,e,img/target_3.png
22,1,537,modular,3,u,img/target_7.png
22,1,538,modular,1,v,img/target_5.png
22,1,539,modular,0,p,img/target_10.png
22,1,540,modular,3,u,img/target_7.png
22,1,541,modular,1,v,img/target_5.png
22,1,542,modular,3,u,img/target_7.png
22,1,543,modular,2,e,img/target_3.png
22,1,544,modular,3,u,img/target_7.png
22,1,545,modular,1,v,img/target_5.png
22,1,546,modular,4,o,img/target_9.png
22,1,547,modular,2,e,img/target_3.png
22,1,548,modular,4,o,img/target_9.png
22,1,549,modular,2,e,img/target_3.png
22,1,550,modular,1,v,img/target_5.png
22,1,551,modular,0,p,img/target_10.png
22,1,552,modular,1,v,img/target_5.png
22,1,553,modular,4,o,img/target_9.png
22,1,554,modular,5,q,img/target_1.png
22,1,555,modular,7,i,img/target_8.png
22,1,556,modular,6,b,img/target_6.png
22,1,557,modular,5,q,img/target_1.png
22,1,558,modular,8,w,img/target_2.png
22,1,559,modular,7,i,img/target_8.png
22,1,560,modular,6,b,img/target_6.png
22,1,561,modular,8,w,img/target_2.png
22,1,562,modular,6,b,img/target_6.png
22,1,563,modular,7,i,img/target_8.png
22,1,564,modular,6,b,img/target_6.png
22,1,565,modular,7,i,img/target_8.png
22,1,566,modular,6,b,img/target_6.png
22,1,567,modular,5,q,img/target_1.png
22,1,568,modular,6,b,img/target_6.png
22,1,569,modular,8,w,img/target_2.png
22,1,570,modular,5,q,img/target_1.png
22,1,571,modular,7,i,img/target_8.png
22,1,572,modular,9,r,img/target_4.png
22,1,573,modular,6,b,img/target_6.png
22,1,574,modular,8,w,img/target_2.png
22,1,575,modular,7,i,img/target_8.png
22,1,576,modular,9,r,img/target_4.png
22,1,577,modular,6,b,img/target_6.png
22,1,578,modular,7,i,img/target_8.png
22,1,579,modular,5,q,img/target_1.png
22,1,580,modular,7,i,img/target_8.png
22,1,581,modular,6,b,img/target_6.png
22,1,582,modular,5,q,img/target_1.png
22,1,583,modular,4,o,img/target_9.png
22,1,584,modular,2,e,img/target_3.png
22,1,585,modular,0,p,img/target_10.png
22,1,586,modular,3,u,img/target_7.png
22,1,587,modular,4,o,img/target_9.png
22,1,588,modular,1,v,img/target_5.png
22,1,589,modular,3,u,img/target_7.png
22,1,590,modular,1,v,img/target_5.png
22,1,591,modular,2,e,img/target_3.png
22,1,592,modular,0,p,img/target_10.png
22,1,593,modular,3,u,img/target_7.png
22,1,594,modular,2,e,img/target_3.png
22,1,595,modular,3,u,img/target_7.png
22,1,596,modular,4,o,img/target_9.png
22,1,597,modular,3,u,img/target_7.png
22,1,598,modular,0,p,img/target_10.png
22,1,599,modular,3,u,img/target_7.png
22,1,600,modular,4,o,img/target_9.png
22,1,601,modular,2,e,img/target_3.png
22,1,602,modular,1,v,img/target_5.png
22,1,603,modular,4,o,img/target_9.png
22,1,604,modular,5,q,img/target_1.png
22,1,605,modular,4,o,img/target_9.png
22,1,606,modular,3,u,img/target_7.png
22,1,607,modular,2,e,img/target_3.png
22,1,608,modular,0,p,img/target_10.png
22,1,609,modular,2,e,img/target_3.png
22,1,610,modular,1,v,img/target_5.png
22,1,611,modular,0,p,img/target_10.png
22,1,612,modular,3,u,img/target_7.png
22,1,613,modular,1,v,img/target_5.png
22,1,614,modular,2,e,img/target_3.png
22,1,615,modular,0,p,img/target_10.png
22,1,616,modular,3,u,img/target_7.png
22,1,617,modular,1,v,img/target_5.png
22,1,618,modular,4,o,img/target_9.png
22,1,619,modular,3,u,img/target_7.png
22,1,620,modular,2,e,img/target_3.png
22,1,621,modular,1,v,img/target_5.png
22,1,622,modular,0,p,img/target_10.png
22,1,623,modular,1,v,img/target_5.png
22,1,624,modular,3,u,img/target_7.png
22,1,625,modular,1,v,img/target_5.png
22,1,626,modular,3,u,img/target_7.png
22,1,627,modular,0,p,img/target_10.png
22,1,628,modular,3,u,img/target_7.png
22,1,629,modular,1,v,img/target_5.png
22,1,630,modular,3,u,img/target_7.png
22,1,631,modular,2,e,img/target_3.png
22,1,632,modular,4,o,img/target_9.png
22,1,633,modular,1,v,img/target_5.png
22,1,634,modular,4,o,img/target_9.png
22,1,635,modular,5,q,img/target_1.png
22,1,636,modular,4,o,img/target_9.png
22,1,637,modular,5,q,img/target_1.png
22,1,638,modular,7,i,img/target_8.png
22,1,639,modular,8,w,img/target_2.png
22,1,640,modular,6,b,img/target_6.png
22,1,641,modular,8,w,img/target_2.png
22,1,642,modular,5,q,img/target_1.png
22,1,643,modular,8,w,img/target_2.png
22,1,644,modular,6,b,img/target_6.png
22,1,645,modular,8,w,img/target_2.png
22,1,646,modular,9,r,img/target_4.png
22,1,647,modular,8,w,img/target_2.png
22,1,648,modular,5,q,img/target_1.png
22,1,649,modular,4,o,img/target_9.png
22,1,650,modular,3,u,img/target_7.png
22,1,651,modular,2,e,img/target_3.png
22,1,652,modular,1,v,img/target_5.png
22,1,653,modular,4,o,img/target_9.png
22,1,654,modular,5,q,img/target_1.png
22,1,655,modular,7,i,img/target_8.png
22,1,656,modular,6,b,img/target_6.png
22,1,657,modular,9,r,img/target_4.png
22,1,658,modular,7,i,img/target_8.png
22,1,659,modular,6,b,img/target_6.png
22,1,660,modular,5,q,img/target_1.png
22,1,661,modular,6,b,img/target_6.png
22,1,662,modular,5,q,img/target_1.png
22,1,663,modular,6,b,img/target_6.png
22,1,664,modular,7,i,img/target_8.png
22,1,665,modular,8,w,img/target_2.png
22,1,666,modular,6,b,img/target_6.png
22,1,667,modular,9,r,img/target_4.png
22,1,668,modular,6,b,img/target_6.png
22,1,669,modular,8,w,img/target_2.png
22,1,670,modular,6,b,img/target_6.png
22,1,671,modular,7,i,img/target_8.png
22,1,672,modular,5,q,img/target_1.png
22,1,673,modular,4,o,img/target_9.png
22,1,674,modular,5,q,img/target_1.png
22,1,675,modular,8,w,img/target_2.png
22,1,676,modular,9,r,img/target_4.png
22,1,677,modular,8,w,img/target_2.png
22,1,678,modular,9,r,img/target_4.png
22,1,679,modular,6,b,img/target_6.png
22,1,680,modular,8,w,img/target_2.png
22,1,681,modular,9,r,img/target_4.png
22,1,682,modular,6,b,img/target_6.png
22,1,683,modular,5,q,img/target_1.png
22,1,684,modular,7,i,img/target_8.png
22,1,685,modular,6,b,img/target_6.png
22,1,686,modular,5,q,img/target_1.png
22,1,687,modular,4,o,img/target_9.png
22,1,688,modular,1,v,img/target_5.png
22,1,689,modular,0,p,img/target_10.png
22,1,690,modular,1,v,img/target_5.png
22,1,691,modular,2,e,img/target_3.png
22,1,692,modular,0,p,img/target_10.png
22,1,693,modular,3,u,img/target_7.png
22,1,694,modular,4,o,img/target_9.png
22,1,695,modular,3,u,img/target_7.png
22,1,696,modular,0,p,img/target_10.png
22,1,697,modular,3,u,img/target_7.png
22,1,698,modular,1,v,img/target_5.png
22,1,699,modular,0,p,img/target_10.png
22,1,700,modular,1,v,img/target_5.png
22,1,701,modular,2,e,img/target_3.png
22,1,702,modular,3,u,img/target_7.png
22,1,703,modular,1,v,img/target_5.png
22,1,704,modular,4,o,img/target_9.png
22,1,705,modular,2,e,img/target_3.png
22,1,706,modular,4,o,img/target_9.png
22,1,707,modular,2,e,img/target_3.png
22,1,708,modular,3,u,img/target_7.png
22,1,709,modular,2,e,img/target_3.png
22,1,710,modular,1,v,img/target_5.png
22,1,711,modular,0,p,img/target_10.png
22,1,712,modular,9,r,img/target_4.png
22,1,713,modular,6,b,img/target_6.png
22,1,714,modular,7,i,img/target_8.png
22,1,715,modular,5,q,img/target_1.png
22,1,716,modular,8,w,img/target_2.png
22,1,717,modular,6,b,img/target_6.png
22,1,718,modular,9,r,img/target_4.png
22,1,719,modular,6,b,img/target_6.png
22,1,720,modular,9,r,img/target_4.png
22,1,721,modular,6,b,img/target_6.png
22,1,722,modular,5,q,img/target_1.png
22,1,723,modular,8,w,img/target_2.png
22,1,724,modular,6,b,img/target_6.png
22,1,725,modular,5,q,img/target_1.png
22,1,726,modular,6,b,img/target_6.png
22,1,727,modular,5,q,img/target_1.png
22,1,728,modular,7,i,img/target_8.png
22,1,729,modular,5,q,img/target_1.png
22,1,730,modular,6,b,img/target_6.png
22,1,731,modular,9,r,img/target_4.png
22,1,732,modular,0,p,img/target_10.png
22,1,733,modular,1,v,img/target_5.png
22,1,734,modular,2,e,img/target_3.png
22,1,735,modular,1,v,img/target_5.png
22,1,736,modular,2,e,img/target_3.png
22,1,737,modular,1,v,img/target_5.png
22,1,738,modular,4,o,img/target_9.png
22,1,739,modular,1,v,img/target_5.png
22,1,740,modular,0,p,img/target_10.png
22,1,741,modular,3,u,img/target_7.png
22,1,742,modular,1,v,img/target_5.png
22,1,743,modular,3,u,img/target_7.png
22,1,744,modular,1,v,img/target_5.png
22,1,745,modular,0,p,img/target_10.png
22,1,746,modular,2,e,img/target_3.png
22,1,747,modular,3,u,img/target_7.png
22,1,748,modular,1,v,img/target_5.png
22,1,749,modular,3,u,img/target_7.png
22,1,750,modular,4,o,img/target_9.png
22,1,751,modular,2,e,img/target_3.png
22,1,752,modular,4,o,img/target_9.png
22,1,753,modular,5,q,img/target_1.png
22,1,754,modular,4,o,img/target_9.png
22,1,755,modular,5,q,img/target_1.png
22,1,756,modular,6,b,img/target_6.png
22,1,757,modular,9,r,img/target_4.png
22,1,758,modular,8,w,img/target_2.png
22,1,759,modular,6,b,img/target_6.png
22,1,760,modular,9,r,img/target_4.png
22,1,761,modular,7,i,img/target_8.png
22,1,762,modular,9,r,img/target_4.png
22,1,763,modular,6,b,img/target_6.png
22,1,764,modular,8,w,img/target_2.png
22,1,765,modular,5,q,img/target_1.png
22,1,766,modular,6,b,img/target_6.png
22,1,767,modular,5,q,img/target_1.png
22,1,768,modular,7,i,img/target_8.png
22,1,769,modular,8,w,img/target_2.png
22,1,770,modular,7,i,img/target_8.png
22,1,771,modular,8,w,img/target_2.png
22,1,772,modular,9,r,img/target_4.png
22,1,773,modular,7,i,img/target_8.png
22,1,774,modular,6,b,img/target_6.png
22,1,775,modular,9,r,img/target_4.png
22,1,776,modular,8,w,img/target_2.png
22,1,777,modular,5,q,img/target_1.png
22,1,778,modular,7,i,img/target_8.png
22,1,779,modular,5,q,img/target_1.png
22,1,780,modular,8,w,img/target_2.png
22,1,781,modular,6,b,img/target_6.png
22,1,782,modular,5,q,img/target_1.png
22,1,783,modular,6,b,img/target_6.png
22,1,784,modular,8,w,img/target_2.png
22,1,785,modular,9,r,img/target_4.png
22,1,786,modular,8,w,img/target_2.png
22,1,787,modular,9,r,img/target_4.png
22,1,788,modular,6,b,img/target_6.png
22,1,789,modular,5,q,img/target_1.png
22,1,790,modular,7,i,img/target_8.png
22,1,791,modular,5,q,img/target_1.png
22,1,792,modular,7,i,img/target_8.png
22,1,793,modular,9,r,img/target_4.png
22,1,794,modular,8,w,img/target_2.png
22,1,795,modular,9,r,img/target_4.png
22,1,796,modular,7,i,img/target_8.png
22,1,797,modular,5,q,img/target_1.png
22,1,798,modular,8,w,img/target_2.png
22,1,799,modular,5,q,img/target_1.png
22,1,800,modular,4,o,img/target_9.png
22,1,801,modular,2,e,img/target_3.png
22,1,802,modular,3,u,img/target_7.png
22,1,803,modular,2,e,img/target_3.png
22,1,804,modular,3,u,img/target_7.png
22,1,805,modular,1,v,img/target_5.png
22,1,806,modular,0,p,img/target_10.png
22,1,807,modular,1,v,img/target_5.png
22,1,808,modular,4,o,img/target_9.png
22,1,809,modular,3,u,img/target_7.png
22,1,810,modular,4,o,img/target_9.png
22,1,811,modular,2,e,img/target_3.png
22,1,812,modular,1,v,img/target_5.png
22,1,813,modular,2,e,img/target_3.png
22,1,814,modular,4,o,img/target_9.png
22,1,815,modular,5,q,img/target_1.png
22,1,816,modular,7,i,img/target_8.png
22,1,817,modular,8,w,img/target_2.png
22,1,818,modular,7,i,img/target_8.png
22,1,819,modular,5,q,img/target_1.png
22,1,820,modular,4,o,img/target_9.png
22,1,821,modular,3,u,img/target_7.png
22,1,822,modular,0,p,img/target_10.png
22,1,823,modular,2,e,img/target_3.png
22,1,824,modular,0,p,img/target_10.png
22,1,825,modular,2,e,img/target_3.png
22,1,826,modular,0,p,img/target_10.png
22,1,827,modular,3,u,img/target_7.png
22,1,828,modular,2,e,img/target_3.png
22,1,829,modular,3,u,img/target_7.png
22,1,830,modular,1,v,img/target_5.png
22,1,831,modular,4,o,img/target_9.png
22,1,832,modular,5,q,img/target_1.png
22,1,833,modular,8,w,img/target_2.png
22,1,834,modular,9,r,img/target_4.png
22,1,835,modular,0,p,img/target_10.png
22,1,836,modular,1,v,img/target_5.png
22,1,837,modular,2,e,img/target_3.png
22,1,838,modular,1,v,img/target_5.png
22,1,839,modular,3,u,img/target_7.png
22,1,840,modular,4,o,img/target_9.png
22,1,841,modular,5,q,img/target_1.png
22,1,842,modular,4,o,img/target_9.png
22,1,843,modular,2,e,img/target_3.png
22,1,844,modular,3,u,img/target_7.png
22,1,845,modular,1,v,img/target_5.png
22,1,846,modular,2,e,img/target_3.png
22,1,847,modular,0,p,img/target_10.png
22,1,848,modular,9,r,img/target_4.png
22,1,849,modular,6,b,img/target_6.png
22,1,850,modular,8,w,img/target_2.png
22,1,851,modular,6,b,img/target_6.png
22,1,852,modular,7,i,img/target_8.png
22,1,853,modular,8,w,img/target_2.png
22,1,854,modular,5,q,img/target_1.png
22,1,855,modular,4,o,img/target_9.png
22,1,856,modular,3,u,img/target_7.png
22,1,857,modular,1,v,img/target_5.png
22,1,858,modular,0,p,img/target_10.png
22,1,859,modular,2,e,img/target_3.png
22,1,860,modular,4,o,img/target_9.png
22,1,861,modular,1,v,img/target_5.png
22,1,862,modular,4,o,img/target_9.png
22,1,863,modular,1,v,img/target_5.png
22,1,864,modular,4,o,img/target_9.png
22,1,865,modular,5,q,img/target_1.png
22,1,866,modular,8,w,img/target_2.png
22,1,867,modular,6,b,img/target_6.png
22,1,868,modular,8,w,img/target_2.png
22,1,869,modular,5,q,img/target_1.png
22,1,870,modular,6,b,img/target_6.png
22,1,871,modular,8,w,img/target_2.png
22,1,872,modular,5,q,img/target_1.png
22,1,873,modular,7,i,img/target_8.png
22,1,874,modular,9,r,img/target_4.png
22,1,875,modular,7,i,img/target_8.png
22,1,876,modular,6,b,img/target_6.png
22,1,877,modular,8,w,img/target_2.png
22,1,878,modular,7,i,img/target_8.png
22,1,879,modular,6,b,img/target_6.png
22,1,880,modular,8,w,img/target_2.png
22,1,881,modular,5,q,img/target_1.png
22,1,882,modular,6,b,img/target_6.png
22,1,883,modular,7,i,img/target_8.png
22,1,884,modular,5,q,img/target_1.png
22,1,885,modular,8,w,img/target_2.png
22,1,886,modular,6,b,img/target_6.png
22,1,887,modular,7,i,img/target_8.png
22,1,888,modular,6,b,img/target_6.png
22,1,889,modular,7,i,img/target_8.png
22,1,890,modular,5,q,img/target_1.png
22,1,891,modular,8,w,img/target_2.png
22,1,892,modular,6,b,img/target_6.png
22,1,893,modular,7,i,img/target_8.png
22,1,894,modular,9,r,img/target_4.png
22,1,895,modular,8,w,img/target_2.png
22,1,896,modular,9,r,img/target_4.png
22,1,897,modular,6,b,img/target_6.png
22,1,898,modular,5,q,img/target_1.png
22,1,899,modular,4,o,img/target_9.png
22,1,900,modular,2,e,img/target_3.png
22,1,901,modular,0,p,img/target_10.png
22,1,902,modular,3,u,img/target_7.png
22,1,903,modular,1,v,img/target_5.png
22,1,904,modular,0,p,img/target_10.png
22,1,905,modular,3,u,img/target_7.png
22,1,906,modular,4,o,img/target_9.png
22,1,907,modular,1,v,img/target_5.png
22,1,908,modular,4,o,img/target_9.png
22,1,909,modular,3,u,img/target_7.png
22,1,910,modular,0,p,img/target_10.png
22,1,911,modular,9,r,img/target_4.png
22,1,912,modular,8,w,img/target_2.png
22,1,913,modular,9,r,img/target_4.png
22,1,914,modular,7,i,img/target_8.png
22,1,915,modular,8,w,img/target_2.png
22,1,916,modular,6,b,img/target_6.png
22,1,917,modular,8,w,img/target_2.png
22,1,918,modular,6,b,img/target_6.png
22,1,919,modular,9,r,img/target_4.png
22,1,920,modular,7,i,img/target_8.png
22,1,921,modular,9,r,img/target_4.png
22,1,922,modular,0,p,img/target_10.png
22,1,923,modular,9,r,img/target_4.png
22,1,924,modular,8,w,img/target_2.png
22,1,925,modular,6,b,img/target_6.png
22,1,926,modular,7,i,img/target_8.png
22,1,927,modular,9,r,img/target_4.png
22,1,928,modular,0,p,img/target_10.png
22,1,929,modular,2,e,img/target_3.png
22,1,930,modular,4,o,img/target_9.png
22,1,931,modular,5,q,img/target_1.png
22,1,932,modular,4,o,img/target_9.png
22,1,933,modular,3,u,img/target_7.png
22,1,934,modular,2,e,img/target_3.png
22,1,935,modular,3,u,img/target_7.png
22,1,936,modular,1,v,img/target_5.png
22,1,937,modular,4,o,img/target_9.png
22,1,938,modular,3,u,img/target_7.png
22,1,939,modular,4,o,img/target_9.png
22,1,940,modular,3,u,img/target_7.png
22,1,941,modular,0,p,img/target_10.png
22,1,942,modular,9,r,img/target_4.png
22,1,943,modular,0,p,img/target_10.png
22,1,944,modular,3,u,img/target_7.png
22,1,945,modular,2,e,img/target_3.png
22,1,946,modular,3,u,img/target_7.png
22,1,947,modular,0,p,img/target_10.png
22,1,948,modular,9,r,img/target_4.png
22,1,949,modular,7,i,img/target_8.png
22,1,950,modular,6,b,img/target_6.png
22,1,951,modular,8,w,img/target_2.png
22,1,952,modular,9,r,img/target_4.png
22,1,953,modular,8,w,img/target_2.png
22,1,954,modular,7,i,img/target_8.png
22,1,955,modular,6,b,img/target_6.png
22,1,956,modular,7,i,img/target_8.png
22,1,957,modular,8,w,img/target_2.png
22,1,958,modular,9,r,img/target_4.png
22,1,959,modular,7,i,img/target_8.png
22,1,960,modular,9,r,img/target_4.png
22,1,961,modular,0,p,img/target_10.png
22,1,962,modular,9,r,img/target_4.png
22,1,963,modular,0,p,img/target_10.png
22,1,964,modular,3,u,img/target_7.png
22,1,965,modular,4,o,img/target_9.png
22,1,966,modular,1,v,img/target_5.png
22,1,967,modular,3,u,img/target_7.png
22,1,968,modular,2,e,img/target_3.png
22,1,969,modular,0,p,img/target_10.png
22,1,970,modular,3,u,img/target_7.png
22,1,971,modular,1,v,img/target_5.png
22,1,972,modular,2,e,img/target_3.png
22,1,973,modular,1,v,img/target_5.png
22,1,974,modular,0,p,img/target_10.png
22,1,975,modular,1,v,img/target_5.png
22,1,976,modular,2,e,img/target_3.png
22,1,977,modular,0,p,img/target_10.png
22,1,978,modular,3,u,img/target_7.png
22,1,979,modular,1,v,img/target_5.png
22,1,980,modular,3,u,img/target_7.png
22,1,981,modular,1,v,img/target_5.png
22,1,982,modular,3,u,img/target_7.png
22,1,983,modular,2,e,img/target_3.png
22,1,984,modular,3,u,img/target_7.png
22,1,985,modular,2,e,img/target_3.png
22,1,986,modular,1,v,img/target_5.png
22,1,987,modular,4,o,img/target_9.png
22,1,988,modular,3,u,img/target_7.png
22,1,989,modular,4,o,img/target_9.png
22,1,990,modular,2,e,img/target_3.png
22,1,991,modular,0,p,img/target_10.png
22,1,992,modular,1,v,img/target_5.png
22,1,993,modular,0,p,img/target_10.png
22,1,994,modular,2,e,img/target_3.png
22,1,995,modular,3,u,img/target_7.png
22,1,996,modular,4,o,img/target_9.png
22,1,997,modular,3,u,img/target_7.png
22,1,998,modular,0,p,img/target_10.png
22,1,999,modular,1,v,img/target_5.png
22,1,1000,modular,3,u,img/target_7.png
