pID,trialNum,graph,walk,resp,path
37,1,lattice,8,p,img/target_10.png
37,2,lattice,0,v,img/target_5.png
37,3,lattice,1,u,img/target_7.png
37,4,lattice,0,v,img/target_5.png
37,5,lattice,9,b,img/target_6.png
37,6,lattice,0,v,img/target_5.png
37,7,lattice,8,p,img/target_10.png
37,8,lattice,0,v,img/target_5.png
37,9,lattice,1,u,img/target_7.png
37,10,lattice,9,b,img/target_6.png
37,11,lattice,7,i,img/target_8.png
37,12,lattice,9,b,img/target_6.png
37,13,lattice,0,v,img/target_5.png
37,14,lattice,9,b,img/target_6.png
37,15,lattice,0,v,img/target_5.png
37,16,lattice,8,p,img/target_10.png
37,17,lattice,6,o,img/target_9.png
37,18,lattice,8,p,img/target_10.png
37,19,lattice,7,i,img/target_8.png
37,20,lattice,6,o,img/target_9.png
37,21,lattice,8,p,img/target_10.png
37,22,lattice,0,v,img/target_5.png
37,23,lattice,2,q,img/target_1.png
37,24,lattice,4,r,img/target_4.png
37,25,lattice,2,q,img/target_1.png
37,26,lattice,0,v,img/target_5.png
37,27,lattice,8,p,img/target_10.png
37,28,lattice,7,i,img/target_8.png
37,29,lattice,5,e,img/target_3.png
37,30,lattice,3,w,img/target_2.png
37,31,lattice,4,r,img/target_4.png
37,32,lattice,6,o,img/target_9.png
37,33,lattice,4,r,img/target_4.png
37,34,lattice,3,w,img/target_2.png
37,35,lattice,1,u,img/target_7.png
37,36,lattice,3,w,img/target_2.png
37,37,lattice,4,r,img/target_4.png
37,38,lattice,2,q,img/target_1.png
37,39,lattice,0,v,img/target_5.png
37,40,lattice,9,b,img/target_6.png
37,41,lattice,1,u,img/target_7.png
37,42,lattice,3,w,img/target_2.png
37,43,lattice,2,q,img/target_1.png
37,44,lattice,3,w,img/target_2.png
37,45,lattice,4,r,img/target_4.png
37,46,lattice,6,o,img/target_9.png
37,47,lattice,4,r,img/target_4.png
37,48,lattice,3,w,img/target_2.png
37,49,lattice,5,e,img/target_3.png
37,50,lattice,6,o,img/target_9.png
37,51,lattice,7,i,img/target_8.png
37,52,lattice,9,b,img/target_6.png
37,53,lattice,0,v,img/target_5.png
37,54,lattice,2,q,img/target_1.png
37,55,lattice,3,w,img/target_2.png
37,56,lattice,4,r,img/target_4.png
37,57,lattice,3,w,img/target_2.png
37,58,lattice,4,r,img/target_4.png
37,59,lattice,5,e,img/target_3.png
37,60,lattice,7,i,img/target_8.png
37,61,lattice,5,e,img/target_3.png
37,62,lattice,4,r,img/target_4.png
37,63,lattice,3,w,img/target_2.png
37,64,lattice,1,u,img/target_7.png
37,65,lattice,2,q,img/target_1.png
37,66,lattice,1,u,img/target_7.png
37,67,lattice,0,v,img/target_5.png
37,68,lattice,2,q,img/target_1.png
37,69,lattice,1,u,img/target_7.png
37,70,lattice,3,w,img/target_2.png
37,71,lattice,4,r,img/target_4.png
37,72,lattice,3,w,img/target_2.png
37,73,lattice,2,q,img/target_1.png
37,74,lattice,3,w,img/target_2.png
37,75,lattice,2,q,img/target_1.png
37,76,lattice,1,u,img/target_7.png
37,77,lattice,3,w,img/target_2.png
37,78,lattice,5,e,img/target_3.png
37,79,lattice,3,w,img/target_2.png
37,80,lattice,2,q,img/target_1.png
37,81,lattice,1,u,img/target_7.png
37,82,lattice,0,v,img/target_5.png
37,83,lattice,8,p,img/target_10.png
37,84,lattice,0,v,img/target_5.png
37,85,lattice,2,q,img/target_1.png
37,86,lattice,4,r,img/target_4.png
37,87,lattice,5,e,img/target_3.png
37,88,lattice,7,i,img/target_8.png
37,89,lattice,5,e,img/target_3.png
37,90,lattice,6,o,img/target_9.png
37,91,lattice,8,p,img/target_10.png
37,92,lattice,7,i,img/target_8.png
37,93,lattice,8,p,img/target_10.png
37,94,lattice,7,i,img/target_8.png
37,95,lattice,5,e,img/target_3.png
37,96,lattice,6,o,img/target_9.png
37,97,lattice,7,i,img/target_8.png
37,98,lattice,9,b,img/target_6.png
37,99,lattice,8,p,img/target_10.png
37,100,lattice,6,o,img/target_9.png
37,101,lattice,4,r,img/target_4.png
37,102,lattice,6,o,img/target_9.png
37,103,lattice,4,r,img/target_4.png
37,104,lattice,2,q,img/target_1.png
37,105,lattice,3,w,img/target_2.png
37,106,lattice,2,q,img/target_1.png
37,107,lattice,3,w,img/target_2.png
37,108,lattice,4,r,img/target_4.png
37,109,lattice,2,q,img/target_1.png
37,110,lattice,1,u,img/target_7.png
37,111,lattice,9,b,img/target_6.png
37,112,lattice,1,u,img/target_7.png
37,113,lattice,3,w,img/target_2.png
37,114,lattice,1,u,img/target_7.png
37,115,lattice,2,q,img/target_1.png
37,116,lattice,4,r,img/target_4.png
37,117,lattice,6,o,img/target_9.png
37,118,lattice,4,r,img/target_4.png
37,119,lattice,6,o,img/target_9.png
37,120,lattice,4,r,img/target_4.png
37,121,lattice,6,o,img/target_9.png
37,122,lattice,7,i,img/target_8.png
37,123,lattice,9,b,img/target_6.png
37,124,lattice,0,v,img/target_5.png
37,125,lattice,2,q,img/target_1.png
37,126,lattice,3,w,img/target_2.png
37,127,lattice,2,q,img/target_1.png
37,128,lattice,4,r,img/target_4.png
37,129,lattice,2,q,img/target_1.png
37,130,lattice,4,r,img/target_4.png
37,131,lattice,5,e,img/target_3.png
37,132,lattice,4,r,img/target_4.png
37,133,lattice,3,w,img/target_2.png
37,134,lattice,5,e,img/target_3.png
37,135,lattice,3,w,img/target_2.png
37,136,lattice,2,q,img/target_1.png
37,137,lattice,3,w,img/target_2.png
37,138,lattice,1,u,img/target_7.png
37,139,lattice,9,b,img/target_6.png
37,140,lattice,7,i,img/target_8.png
37,141,lattice,9,b,img/target_6.png
37,142,lattice,0,v,img/target_5.png
37,143,lattice,8,p,img/target_10.png
37,144,lattice,7,i,img/target_8.png
37,145,lattice,8,p,img/target_10.png
37,146,lattice,6,o,img/target_9.png
37,147,lattice,7,i,img/target_8.png
37,148,lattice,6,o,img/target_9.png
37,149,lattice,8,p,img/target_10.png
37,150,lattice,9,b,img/target_6.png
37,151,lattice,8,p,img/target_10.png
37,152,lattice,6,o,img/target_9.png
37,153,lattice,4,r,img/target_4.png
37,154,lattice,2,q,img/target_1.png
37,155,lattice,4,r,img/target_4.png
37,156,lattice,6,o,img/target_9.png
37,157,lattice,8,p,img/target_10.png
37,158,lattice,0,v,img/target_5.png
37,159,lattice,9,b,img/target_6.png
37,160,lattice,8,p,img/target_10.png
37,161,lattice,7,i,img/target_8.png
37,162,lattice,5,e,img/target_3.png
37,163,lattice,3,w,img/target_2.png
37,164,lattice,2,q,img/target_1.png
37,165,lattice,1,u,img/target_7.png
37,166,lattice,3,w,img/target_2.png
37,167,lattice,4,r,img/target_4.png
37,168,lattice,5,e,img/target_3.png
37,169,lattice,4,r,img/target_4.png
37,170,lattice,6,o,img/target_9.png
37,171,lattice,7,i,img/target_8.png
37,172,lattice,8,p,img/target_10.png
37,173,lattice,7,i,img/target_8.png
37,174,lattice,5,e,img/target_3.png
37,175,lattice,4,r,img/target_4.png
37,176,lattice,6,o,img/target_9.png
37,177,lattice,5,e,img/target_3.png
37,178,lattice,7,i,img/target_8.png
37,179,lattice,9,b,img/target_6.png
37,180,lattice,8,p,img/target_10.png
37,181,lattice,0,v,img/target_5.png
37,182,lattice,1,u,img/target_7.png
37,183,lattice,9,b,img/target_6.png
37,184,lattice,7,i,img/target_8.png
37,185,lattice,8,p,img/target_10.png
37,186,lattice,6,o,img/target_9.png
37,187,lattice,8,p,img/target_10.png
37,188,lattice,9,b,img/target_6.png
37,189,lattice,8,p,img/target_10.png
37,190,lattice,0,v,img/target_5.png
37,191,lattice,2,q,img/target_1.png
37,192,lattice,1,u,img/target_7.png
37,193,lattice,0,v,img/target_5.png
37,194,lattice,1,u,img/target_7.png
37,195,lattice,0,v,img/target_5.png
37,196,lattice,9,b,img/target_6.png
37,197,lattice,0,v,img/target_5.png
37,198,lattice,2,q,img/target_1.png
37,199,lattice,3,w,img/target_2.png
37,200,lattice,4,r,img/target_4.png
37,201,lattice,2,q,img/target_1.png
37,202,lattice,0,v,img/target_5.png
37,203,lattice,8,p,img/target_10.png
37,204,lattice,6,o,img/target_9.png
37,205,lattice,4,r,img/target_4.png
37,206,lattice,6,o,img/target_9.png
37,207,lattice,4,r,img/target_4.png
37,208,lattice,2,q,img/target_1.png
37,209,lattice,4,r,img/target_4.png
37,210,lattice,6,o,img/target_9.png
37,211,lattice,4,r,img/target_4.png
37,212,lattice,6,o,img/target_9.png
37,213,lattice,7,i,img/target_8.png
37,214,lattice,8,p,img/target_10.png
37,215,lattice,7,i,img/target_8.png
37,216,lattice,6,o,img/target_9.png
37,217,lattice,4,r,img/target_4.png
37,218,lattice,2,q,img/target_1.png
37,219,lattice,0,v,img/target_5.png
37,220,lattice,2,q,img/target_1.png
37,221,lattice,0,v,img/target_5.png
37,222,lattice,2,q,img/target_1.png
37,223,lattice,1,u,img/target_7.png
37,224,lattice,0,v,img/target_5.png
37,225,lattice,1,u,img/target_7.png
37,226,lattice,9,b,img/target_6.png
37,227,lattice,0,v,img/target_5.png
37,228,lattice,9,b,img/target_6.png
37,229,lattice,0,v,img/target_5.png
37,230,lattice,8,p,img/target_10.png
37,231,lattice,0,v,img/target_5.png
37,232,lattice,8,p,img/target_10.png
37,233,lattice,7,i,img/target_8.png
37,234,lattice,6,o,img/target_9.png
37,235,lattice,4,r,img/target_4.png
37,236,lattice,3,w,img/target_2.png
37,237,lattice,4,r,img/target_4.png
37,238,lattice,2,q,img/target_1.png
37,239,lattice,1,u,img/target_7.png
37,240,lattice,3,w,img/target_2.png
37,241,lattice,5,e,img/target_3.png
37,242,lattice,7,i,img/target_8.png
37,243,lattice,6,o,img/target_9.png
37,244,lattice,4,r,img/target_4.png
37,245,lattice,5,e,img/target_3.png
37,246,lattice,4,r,img/target_4.png
37,247,lattice,5,e,img/target_3.png
37,248,lattice,6,o,img/target_9.png
37,249,lattice,5,e,img/target_3.png
37,250,lattice,7,i,img/target_8.png
37,251,lattice,9,b,img/target_6.png
37,252,lattice,7,i,img/target_8.png
37,253,lattice,5,e,img/target_3.png
37,254,lattice,6,o,img/target_9.png
37,255,lattice,4,r,img/target_4.png
37,256,lattice,3,w,img/target_2.png
37,257,lattice,2,q,img/target_1.png
37,258,lattice,3,w,img/target_2.png
37,259,lattice,4,r,img/target_4.png
37,260,lattice,3,w,img/target_2.png
37,261,lattice,5,e,img/target_3.png
37,262,lattice,6,o,img/target_9.png
37,263,lattice,7,i,img/target_8.png
37,264,lattice,5,e,img/target_3.png
37,265,lattice,4,r,img/target_4.png
37,266,lattice,5,e,img/target_3.png
37,267,lattice,3,w,img/target_2.png
37,268,lattice,1,u,img/target_7.png
37,269,lattice,2,q,img/target_1.png
37,270,lattice,4,r,img/target_4.png
37,271,lattice,2,q,img/target_1.png
37,272,lattice,3,w,img/target_2.png
37,273,lattice,2,q,img/target_1.png
37,274,lattice,4,r,img/target_4.png
37,275,lattice,5,e,img/target_3.png
37,276,lattice,7,i,img/target_8.png
37,277,lattice,9,b,img/target_6.png
37,278,lattice,0,v,img/target_5.png
37,279,lattice,2,q,img/target_1.png
37,280,lattice,3,w,img/target_2.png
37,281,lattice,4,r,img/target_4.png
37,282,lattice,3,w,img/target_2.png
37,283,lattice,2,q,img/target_1.png
37,284,lattice,4,r,img/target_4.png
37,285,lattice,2,q,img/target_1.png
37,286,lattice,4,r,img/target_4.png
37,287,lattice,6,o,img/target_9.png
37,288,lattice,8,p,img/target_10.png
37,289,lattice,9,b,img/target_6.png
37,290,lattice,0,v,img/target_5.png
37,291,lattice,8,p,img/target_10.png
37,292,lattice,0,v,img/target_5.png
37,293,lattice,8,p,img/target_10.png
37,294,lattice,0,v,img/target_5.png
37,295,lattice,1,u,img/target_7.png
37,296,lattice,3,w,img/target_2.png
37,297,lattice,5,e,img/target_3.png
37,298,lattice,6,o,img/target_9.png
37,299,lattice,5,e,img/target_3.png
37,300,lattice,3,w,img/target_2.png
37,301,lattice,1,u,img/target_7.png
37,302,lattice,3,w,img/target_2.png
37,303,lattice,4,r,img/target_4.png
37,304,lattice,6,o,img/target_9.png
37,305,lattice,4,r,img/target_4.png
37,306,lattice,5,e,img/target_3.png
37,307,lattice,3,w,img/target_2.png
37,308,lattice,4,r,img/target_4.png
37,309,lattice,5,e,img/target_3.png
37,310,lattice,3,w,img/target_2.png
37,311,lattice,5,e,img/target_3.png
37,312,lattice,6,o,img/target_9.png
37,313,lattice,4,r,img/target_4.png
37,314,lattice,6,o,img/target_9.png
37,315,lattice,5,e,img/target_3.png
37,316,lattice,3,w,img/target_2.png
37,317,lattice,2,q,img/target_1.png
37,318,lattice,0,v,img/target_5.png
37,319,lattice,8,p,img/target_10.png
37,320,lattice,6,o,img/target_9.png
37,321,lattice,7,i,img/target_8.png
37,322,lattice,8,p,img/target_10.png
37,323,lattice,9,b,img/target_6.png
37,324,lattice,8,p,img/target_10.png
37,325,lattice,6,o,img/target_9.png
37,326,lattice,5,e,img/target_3.png
37,327,lattice,6,o,img/target_9.png
37,328,lattice,4,r,img/target_4.png
37,329,lattice,3,w,img/target_2.png
37,330,lattice,2,q,img/target_1.png
37,331,lattice,3,w,img/target_2.png
37,332,lattice,4,r,img/target_4.png
37,333,lattice,3,w,img/target_2.png
37,334,lattice,4,r,img/target_4.png
37,335,lattice,5,e,img/target_3.png
37,336,lattice,4,r,img/target_4.png
37,337,lattice,3,w,img/target_2.png
37,338,lattice,4,r,img/target_4.png
37,339,lattice,3,w,img/target_2.png
37,340,lattice,5,e,img/target_3.png
37,341,lattice,7,i,img/target_8.png
37,342,lattice,5,e,img/target_3.png
37,343,lattice,3,w,img/target_2.png
37,344,lattice,2,q,img/target_1.png
37,345,lattice,3,w,img/target_2.png
37,346,lattice,2,q,img/target_1.png
37,347,lattice,1,u,img/target_7.png
37,348,lattice,9,b,img/target_6.png
37,349,lattice,0,v,img/target_5.png
37,350,lattice,1,u,img/target_7.png
37,351,lattice,0,v,img/target_5.png
37,352,lattice,2,q,img/target_1.png
37,353,lattice,1,u,img/target_7.png
37,354,lattice,3,w,img/target_2.png
37,355,lattice,5,e,img/target_3.png
37,356,lattice,3,w,img/target_2.png
37,357,lattice,1,u,img/target_7.png
37,358,lattice,0,v,img/target_5.png
37,359,lattice,9,b,img/target_6.png
37,360,lattice,8,p,img/target_10.png
37,361,lattice,6,o,img/target_9.png
37,362,lattice,4,r,img/target_4.png
37,363,lattice,2,q,img/target_1.png
37,364,lattice,4,r,img/target_4.png
37,365,lattice,6,o,img/target_9.png
37,366,lattice,4,r,img/target_4.png
37,367,lattice,6,o,img/target_9.png
37,368,lattice,7,i,img/target_8.png
37,369,lattice,8,p,img/target_10.png
37,370,lattice,0,v,img/target_5.png
37,371,lattice,9,b,img/target_6.png
37,372,lattice,7,i,img/target_8.png
37,373,lattice,5,e,img/target_3.png
37,374,lattice,4,r,img/target_4.png
37,375,lattice,2,q,img/target_1.png
37,376,lattice,0,v,img/target_5.png
37,377,lattice,1,u,img/target_7.png
37,378,lattice,2,q,img/target_1.png
37,379,lattice,3,w,img/target_2.png
37,380,lattice,2,q,img/target_1.png
37,381,lattice,1,u,img/target_7.png
37,382,lattice,2,q,img/target_1.png
37,383,lattice,1,u,img/target_7.png
37,384,lattice,9,b,img/target_6.png
37,385,lattice,0,v,img/target_5.png
37,386,lattice,2,q,img/target_1.png
37,387,lattice,0,v,img/target_5.png
37,388,lattice,9,b,img/target_6.png
37,389,lattice,0,v,img/target_5.png
37,390,lattice,9,b,img/target_6.png
37,391,lattice,8,p,img/target_10.png
37,392,lattice,6,o,img/target_9.png
37,393,lattice,5,e,img/target_3.png
37,394,lattice,6,o,img/target_9.png
37,395,lattice,8,p,img/target_10.png
37,396,lattice,0,v,img/target_5.png
37,397,lattice,2,q,img/target_1.png
37,398,lattice,4,r,img/target_4.png
37,399,lattice,5,e,img/target_3.png
37,400,lattice,3,w,img/target_2.png
37,401,lattice,2,q,img/target_1.png
37,402,lattice,4,r,img/target_4.png
37,403,lattice,5,e,img/target_3.png
37,404,lattice,7,i,img/target_8.png
37,405,lattice,8,p,img/target_10.png
37,406,lattice,6,o,img/target_9.png
37,407,lattice,4,r,img/target_4.png
37,408,lattice,6,o,img/target_9.png
37,409,lattice,7,i,img/target_8.png
37,410,lattice,8,p,img/target_10.png
37,411,lattice,7,i,img/target_8.png
37,412,lattice,5,e,img/target_3.png
37,413,lattice,3,w,img/target_2.png
37,414,lattice,1,u,img/target_7.png
37,415,lattice,3,w,img/target_2.png
37,416,lattice,4,r,img/target_4.png
37,417,lattice,3,w,img/target_2.png
37,418,lattice,4,r,img/target_4.png
37,419,lattice,2,q,img/target_1.png
37,420,lattice,1,u,img/target_7.png
37,421,lattice,3,w,img/target_2.png
37,422,lattice,5,e,img/target_3.png
37,423,lattice,6,o,img/target_9.png
37,424,lattice,7,i,img/target_8.png
37,425,lattice,8,p,img/target_10.png
37,426,lattice,7,i,img/target_8.png
37,427,lattice,5,e,img/target_3.png
37,428,lattice,4,r,img/target_4.png
37,429,lattice,3,w,img/target_2.png
37,430,lattice,2,q,img/target_1.png
37,431,lattice,4,r,img/target_4.png
37,432,lattice,2,q,img/target_1.png
37,433,lattice,1,u,img/target_7.png
37,434,lattice,9,b,img/target_6.png
37,435,lattice,0,v,img/target_5.png
37,436,lattice,1,u,img/target_7.png
37,437,lattice,0,v,img/target_5.png
37,438,lattice,8,p,img/target_10.png
37,439,lattice,6,o,img/target_9.png
37,440,lattice,8,p,img/target_10.png
37,441,lattice,7,i,img/target_8.png
37,442,lattice,6,o,img/target_9.png
37,443,lattice,5,e,img/target_3.png
37,444,lattice,6,o,img/target_9.png
37,445,lattice,4,r,img/target_4.png
37,446,lattice,6,o,img/target_9.png
37,447,lattice,7,i,img/target_8.png
37,448,lattice,9,b,img/target_6.png
37,449,lattice,0,v,img/target_5.png
37,450,lattice,2,q,img/target_1.png
37,451,lattice,0,v,img/target_5.png
37,452,lattice,8,p,img/target_10.png
37,453,lattice,0,v,img/target_5.png
37,454,lattice,9,b,img/target_6.png
37,455,lattice,1,u,img/target_7.png
37,456,lattice,3,w,img/target_2.png
37,457,lattice,2,q,img/target_1.png
37,458,lattice,4,r,img/target_4.png
37,459,lattice,2,q,img/target_1.png
37,460,lattice,4,r,img/target_4.png
37,461,lattice,6,o,img/target_9.png
37,462,lattice,4,r,img/target_4.png
37,463,lattice,3,w,img/target_2.png
37,464,lattice,2,q,img/target_1.png
37,465,lattice,0,v,img/target_5.png
37,466,lattice,2,q,img/target_1.png
37,467,lattice,3,w,img/target_2.png
37,468,lattice,1,u,img/target_7.png
37,469,lattice,2,q,img/target_1.png
37,470,lattice,1,u,img/target_7.png
37,471,lattice,3,w,img/target_2.png
37,472,lattice,1,u,img/target_7.png
37,473,lattice,2,q,img/target_1.png
37,474,lattice,3,w,img/target_2.png
37,475,lattice,2,q,img/target_1.png
37,476,lattice,0,v,img/target_5.png
37,477,lattice,2,q,img/target_1.png
37,478,lattice,3,w,img/target_2.png
37,479,lattice,4,r,img/target_4.png
37,480,lattice,6,o,img/target_9.png
37,481,lattice,8,p,img/target_10.png
37,482,lattice,9,b,img/target_6.png
37,483,lattice,0,v,img/target_5.png
37,484,lattice,1,u,img/target_7.png
37,485,lattice,3,w,img/target_2.png
37,486,lattice,1,u,img/target_7.png
37,487,lattice,3,w,img/target_2.png
37,488,lattice,1,u,img/target_7.png
37,489,lattice,3,w,img/target_2.png
37,490,lattice,5,e,img/target_3.png
37,491,lattice,7,i,img/target_8.png
37,492,lattice,8,p,img/target_10.png
37,493,lattice,6,o,img/target_9.png
37,494,lattice,8,p,img/target_10.png
37,495,lattice,7,i,img/target_8.png
37,496,lattice,5,e,img/target_3.png
37,497,lattice,3,w,img/target_2.png
37,498,lattice,4,r,img/target_4.png
37,499,lattice,3,w,img/target_2.png
37,500,lattice,5,e,img/target_3.png
37,501,lattice,6,o,img/target_9.png
37,502,lattice,4,r,img/target_4.png
37,503,lattice,2,q,img/target_1.png
37,504,lattice,4,r,img/target_4.png
37,505,lattice,5,e,img/target_3.png
37,506,lattice,3,w,img/target_2.png
37,507,lattice,4,r,img/target_4.png
37,508,lattice,6,o,img/target_9.png
37,509,lattice,8,p,img/target_10.png
37,510,lattice,9,b,img/target_6.png
37,511,lattice,7,i,img/target_8.png
37,512,lattice,6,o,img/target_9.png
37,513,lattice,8,p,img/target_10.png
37,514,lattice,6,o,img/target_9.png
37,515,lattice,4,r,img/target_4.png
37,516,lattice,3,w,img/target_2.png
37,517,lattice,5,e,img/target_3.png
37,518,lattice,4,r,img/target_4.png
37,519,lattice,6,o,img/target_9.png
37,520,lattice,7,i,img/target_8.png
37,521,lattice,6,o,img/target_9.png
37,522,lattice,4,r,img/target_4.png
37,523,lattice,3,w,img/target_2.png
37,524,lattice,5,e,img/target_3.png
37,525,lattice,7,i,img/target_8.png
37,526,lattice,6,o,img/target_9.png
37,527,lattice,4,r,img/target_4.png
37,528,lattice,5,e,img/target_3.png
37,529,lattice,4,r,img/target_4.png
37,530,lattice,3,w,img/target_2.png
37,531,lattice,1,u,img/target_7.png
37,532,lattice,0,v,img/target_5.png
37,533,lattice,1,u,img/target_7.png
37,534,lattice,0,v,img/target_5.png
37,535,lattice,1,u,img/target_7.png
37,536,lattice,2,q,img/target_1.png
37,537,lattice,4,r,img/target_4.png
37,538,lattice,3,w,img/target_2.png
37,539,lattice,4,r,img/target_4.png
37,540,lattice,3,w,img/target_2.png
37,541,lattice,1,u,img/target_7.png
37,542,lattice,2,q,img/target_1.png
37,543,lattice,4,r,img/target_4.png
37,544,lattice,5,e,img/target_3.png
37,545,lattice,4,r,img/target_4.png
37,546,lattice,3,w,img/target_2.png
37,547,lattice,1,u,img/target_7.png
37,548,lattice,0,v,img/target_5.png
37,549,lattice,8,p,img/target_10.png
37,550,lattice,7,i,img/target_8.png
37,551,lattice,6,o,img/target_9.png
37,552,lattice,5,e,img/target_3.png
37,553,lattice,6,o,img/target_9.png
37,554,lattice,8,p,img/target_10.png
37,555,lattice,0,v,img/target_5.png
37,556,lattice,1,u,img/target_7.png
37,557,lattice,0,v,img/target_5.png
37,558,lattice,8,p,img/target_10.png
37,559,lattice,7,i,img/target_8.png
37,560,lattice,8,p,img/target_10.png
37,561,lattice,6,o,img/target_9.png
37,562,lattice,4,r,img/target_4.png
37,563,lattice,2,q,img/target_1.png
37,564,lattice,1,u,img/target_7.png
37,565,lattice,3,w,img/target_2.png
37,566,lattice,2,q,img/target_1.png
37,567,lattice,4,r,img/target_4.png
37,568,lattice,5,e,img/target_3.png
37,569,lattice,6,o,img/target_9.png
37,570,lattice,8,p,img/target_10.png
37,571,lattice,9,b,img/target_6.png
37,572,lattice,8,p,img/target_10.png
37,573,lattice,7,i,img/target_8.png
37,574,lattice,5,e,img/target_3.png
37,575,lattice,7,i,img/target_8.png
37,576,lattice,6,o,img/target_9.png
37,577,lattice,8,p,img/target_10.png
37,578,lattice,9,b,img/target_6.png
37,579,lattice,0,v,img/target_5.png
37,580,lattice,2,q,img/target_1.png
37,581,lattice,4,r,img/target_4.png
37,582,lattice,2,q,img/target_1.png
37,583,lattice,1,u,img/target_7.png
37,584,lattice,9,b,img/target_6.png
37,585,lattice,0,v,img/target_5.png
37,586,lattice,9,b,img/target_6.png
37,587,lattice,7,i,img/target_8.png
37,588,lattice,5,e,img/target_3.png
37,589,lattice,3,w,img/target_2.png
37,590,lattice,1,u,img/target_7.png
37,591,lattice,2,q,img/target_1.png
37,592,lattice,1,u,img/target_7.png
37,593,lattice,9,b,img/target_6.png
37,594,lattice,8,p,img/target_10.png
37,595,lattice,9,b,img/target_6.png
37,596,lattice,7,i,img/target_8.png
37,597,lattice,8,p,img/target_10.png
37,598,lattice,7,i,img/target_8.png
37,599,lattice,6,o,img/target_9.png
37,600,lattice,7,i,img/target_8.png
37,601,lattice,5,e,img/target_3.png
37,602,lattice,3,w,img/target_2.png
37,603,lattice,2,q,img/target_1.png
37,604,lattice,1,u,img/target_7.png
37,605,lattice,3,w,img/target_2.png
37,606,lattice,1,u,img/target_7.png
37,607,lattice,9,b,img/target_6.png
37,608,lattice,7,i,img/target_8.png
37,609,lattice,6,o,img/target_9.png
37,610,lattice,5,e,img/target_3.png
37,611,lattice,3,w,img/target_2.png
37,612,lattice,4,r,img/target_4.png
37,613,lattice,5,e,img/target_3.png
37,614,lattice,4,r,img/target_4.png
37,615,lattice,6,o,img/target_9.png
37,616,lattice,8,p,img/target_10.png
37,617,lattice,7,i,img/target_8.png
37,618,lattice,8,p,img/target_10.png
37,619,lattice,0,v,img/target_5.png
37,620,lattice,1,u,img/target_7.png
37,621,lattice,0,v,img/target_5.png
37,622,lattice,8,p,img/target_10.png
37,623,lattice,7,i,img/target_8.png
37,624,lattice,5,e,img/target_3.png
37,625,lattice,6,o,img/target_9.png
37,626,lattice,4,r,img/target_4.png
37,627,lattice,3,w,img/target_2.png
37,628,lattice,1,u,img/target_7.png
37,629,lattice,3,w,img/target_2.png
37,630,lattice,1,u,img/target_7.png
37,631,lattice,2,q,img/target_1.png
37,632,lattice,4,r,img/target_4.png
37,633,lattice,3,w,img/target_2.png
37,634,lattice,2,q,img/target_1.png
37,635,lattice,4,r,img/target_4.png
37,636,lattice,6,o,img/target_9.png
37,637,lattice,4,r,img/target_4.png
37,638,lattice,5,e,img/target_3.png
37,639,lattice,7,i,img/target_8.png
37,640,lattice,8,p,img/target_10.png
37,641,lattice,7,i,img/target_8.png
37,642,lattice,5,e,img/target_3.png
37,643,lattice,4,r,img/target_4.png
37,644,lattice,2,q,img/target_1.png
37,645,lattice,0,v,img/target_5.png
37,646,lattice,8,p,img/target_10.png
37,647,lattice,6,o,img/target_9.png
37,648,lattice,8,p,img/target_10.png
37,649,lattice,0,v,img/target_5.png
37,650,lattice,2,q,img/target_1.png
37,651,lattice,0,v,img/target_5.png
37,652,lattice,1,u,img/target_7.png
37,653,lattice,0,v,img/target_5.png
37,654,lattice,1,u,img/target_7.png
37,655,lattice,3,w,img/target_2.png
37,656,lattice,4,r,img/target_4.png
37,657,lattice,3,w,img/target_2.png
37,658,lattice,4,r,img/target_4.png
37,659,lattice,6,o,img/target_9.png
37,660,lattice,7,i,img/target_8.png
37,661,lattice,9,b,img/target_6.png
37,662,lattice,7,i,img/target_8.png
37,663,lattice,9,b,img/target_6.png
37,664,lattice,0,v,img/target_5.png
37,665,lattice,1,u,img/target_7.png
37,666,lattice,0,v,img/target_5.png
37,667,lattice,1,u,img/target_7.png
37,668,lattice,2,q,img/target_1.png
37,669,lattice,0,v,img/target_5.png
37,670,lattice,1,u,img/target_7.png
37,671,lattice,0,v,img/target_5.png
37,672,lattice,1,u,img/target_7.png
37,673,lattice,3,w,img/target_2.png
37,674,lattice,1,u,img/target_7.png
37,675,lattice,3,w,img/target_2.png
37,676,lattice,5,e,img/target_3.png
37,677,lattice,7,i,img/target_8.png
37,678,lattice,6,o,img/target_9.png
37,679,lattice,4,r,img/target_4.png
37,680,lattice,5,e,img/target_3.png
37,681,lattice,7,i,img/target_8.png
37,682,lattice,6,o,img/target_9.png
37,683,lattice,4,r,img/target_4.png
37,684,lattice,6,o,img/target_9.png
37,685,lattice,4,r,img/target_4.png
37,686,lattice,6,o,img/target_9.png
37,687,lattice,7,i,img/target_8.png
37,688,lattice,9,b,img/target_6.png
37,689,lattice,1,u,img/target_7.png
37,690,lattice,9,b,img/target_6.png
37,691,lattice,0,v,img/target_5.png
37,692,lattice,2,q,img/target_1.png
37,693,lattice,1,u,img/target_7.png
37,694,lattice,2,q,img/target_1.png
37,695,lattice,3,w,img/target_2.png
37,696,lattice,1,u,img/target_7.png
37,697,lattice,3,w,img/target_2.png
37,698,lattice,4,r,img/target_4.png
37,699,lattice,2,q,img/target_1.png
37,700,lattice,1,u,img/target_7.png
37,701,lattice,2,q,img/target_1.png
37,702,lattice,4,r,img/target_4.png
37,703,lattice,6,o,img/target_9.png
37,704,lattice,7,i,img/target_8.png
37,705,lattice,8,p,img/target_10.png
37,706,lattice,7,i,img/target_8.png
37,707,lattice,8,p,img/target_10.png
37,708,lattice,6,o,img/target_9.png
37,709,lattice,7,i,img/target_8.png
37,710,lattice,8,p,img/target_10.png
37,711,lattice,7,i,img/target_8.png
37,712,lattice,9,b,img/target_6.png
37,713,lattice,7,i,img/target_8.png
37,714,lattice,5,e,img/target_3.png
37,715,lattice,4,r,img/target_4.png
37,716,lattice,3,w,img/target_2.png
37,717,lattice,1,u,img/target_7.png
37,718,lattice,9,b,img/target_6.png
37,719,lattice,0,v,img/target_5.png
37,720,lattice,2,q,img/target_1.png
37,721,lattice,4,r,img/target_4.png
37,722,lattice,2,q,img/target_1.png
37,723,lattice,4,r,img/target_4.png
37,724,lattice,6,o,img/target_9.png
37,725,lattice,7,i,img/target_8.png
37,726,lattice,8,p,img/target_10.png
37,727,lattice,7,i,img/target_8.png
37,728,lattice,5,e,img/target_3.png
37,729,lattice,7,i,img/target_8.png
37,730,lattice,6,o,img/target_9.png
37,731,lattice,8,p,img/target_10.png
37,732,lattice,9,b,img/target_6.png
37,733,lattice,0,v,img/target_5.png
37,734,lattice,8,p,img/target_10.png
37,735,lattice,9,b,img/target_6.png
37,736,lattice,8,p,img/target_10.png
37,737,lattice,6,o,img/target_9.png
37,738,lattice,7,i,img/target_8.png
37,739,lattice,9,b,img/target_6.png
37,740,lattice,8,p,img/target_10.png
37,741,lattice,7,i,img/target_8.png
37,742,lattice,9,b,img/target_6.png
37,743,lattice,8,p,img/target_10.png
37,744,lattice,9,b,img/target_6.png
37,745,lattice,8,p,img/target_10.png
37,746,lattice,7,i,img/target_8.png
37,747,lattice,6,o,img/target_9.png
37,748,lattice,4,r,img/target_4.png
37,749,lattice,6,o,img/target_9.png
37,750,lattice,4,r,img/target_4.png
37,751,lattice,3,w,img/target_2.png
37,752,lattice,2,q,img/target_1.png
37,753,lattice,3,w,img/target_2.png
37,754,lattice,5,e,img/target_3.png
37,755,lattice,3,w,img/target_2.png
37,756,lattice,5,e,img/target_3.png
37,757,lattice,6,o,img/target_9.png
37,758,lattice,5,e,img/target_3.png
37,759,lattice,6,o,img/target_9.png
37,760,lattice,8,p,img/target_10.png
37,761,lattice,9,b,img/target_6.png
37,762,lattice,1,u,img/target_7.png
37,763,lattice,0,v,img/target_5.png
37,764,lattice,9,b,img/target_6.png
37,765,lattice,1,u,img/target_7.png
37,766,lattice,3,w,img/target_2.png
37,767,lattice,4,r,img/target_4.png
37,768,lattice,2,q,img/target_1.png
37,769,lattice,0,v,img/target_5.png
37,770,lattice,9,b,img/target_6.png
37,771,lattice,8,p,img/target_10.png
37,772,lattice,7,i,img/target_8.png
37,773,lattice,6,o,img/target_9.png
37,774,lattice,5,e,img/target_3.png
37,775,lattice,6,o,img/target_9.png
37,776,lattice,5,e,img/target_3.png
37,777,lattice,3,w,img/target_2.png
37,778,lattice,2,q,img/target_1.png
37,779,lattice,3,w,img/target_2.png
37,780,lattice,2,q,img/target_1.png
37,781,lattice,0,v,img/target_5.png
37,782,lattice,2,q,img/target_1.png
37,783,lattice,4,r,img/target_4.png
37,784,lattice,5,e,img/target_3.png
37,785,lattice,6,o,img/target_9.png
37,786,lattice,7,i,img/target_8.png
37,787,lattice,6,o,img/target_9.png
37,788,lattice,5,e,img/target_3.png
37,789,lattice,7,i,img/target_8.png
37,790,lattice,8,p,img/target_10.png
37,791,lattice,7,i,img/target_8.png
37,792,lattice,5,e,img/target_3.png
37,793,lattice,4,r,img/target_4.png
37,794,lattice,5,e,img/target_3.png
37,795,lattice,4,r,img/target_4.png
37,796,lattice,3,w,img/target_2.png
37,797,lattice,2,q,img/target_1.png
37,798,lattice,4,r,img/target_4.png
37,799,lattice,2,q,img/target_1.png
37,800,lattice,0,v,img/target_5.png
37,801,lattice,1,u,img/target_7.png
37,802,lattice,9,b,img/target_6.png
37,803,lattice,8,p,img/target_10.png
37,804,lattice,6,o,img/target_9.png
37,805,lattice,8,p,img/target_10.png
37,806,lattice,0,v,img/target_5.png
37,807,lattice,2,q,img/target_1.png
37,808,lattice,3,w,img/target_2.png
37,809,lattice,4,r,img/target_4.png
37,810,lattice,6,o,img/target_9.png
37,811,lattice,5,e,img/target_3.png
37,812,lattice,6,o,img/target_9.png
37,813,lattice,7,i,img/target_8.png
37,814,lattice,5,e,img/target_3.png
37,815,lattice,7,i,img/target_8.png
37,816,lattice,9,b,img/target_6.png
37,817,lattice,7,i,img/target_8.png
37,818,lattice,5,e,img/target_3.png
37,819,lattice,6,o,img/target_9.png
37,820,lattice,7,i,img/target_8.png
37,821,lattice,5,e,img/target_3.png
37,822,lattice,3,w,img/target_2.png
37,823,lattice,4,r,img/target_4.png
37,824,lattice,3,w,img/target_2.png
37,825,lattice,4,r,img/target_4.png
37,826,lattice,2,q,img/target_1.png
37,827,lattice,1,u,img/target_7.png
37,828,lattice,3,w,img/target_2.png
37,829,lattice,5,e,img/target_3.png
37,830,lattice,4,r,img/target_4.png
37,831,lattice,2,q,img/target_1.png
37,832,lattice,3,w,img/target_2.png
37,833,lattice,2,q,img/target_1.png
37,834,lattice,4,r,img/target_4.png
37,835,lattice,2,q,img/target_1.png
37,836,lattice,3,w,img/target_2.png
37,837,lattice,1,u,img/target_7.png
37,838,lattice,0,v,img/target_5.png
37,839,lattice,9,b,img/target_6.png
37,840,lattice,0,v,img/target_5.png
37,841,lattice,8,p,img/target_10.png
37,842,lattice,9,b,img/target_6.png
37,843,lattice,0,v,img/target_5.png
37,844,lattice,1,u,img/target_7.png
37,845,lattice,9,b,img/target_6.png
37,846,lattice,7,i,img/target_8.png
37,847,lattice,6,o,img/target_9.png
37,848,lattice,7,i,img/target_8.png
37,849,lattice,5,e,img/target_3.png
37,850,lattice,4,r,img/target_4.png
37,851,lattice,6,o,img/target_9.png
37,852,lattice,4,r,img/target_4.png
37,853,lattice,2,q,img/target_1.png
37,854,lattice,1,u,img/target_7.png
37,855,lattice,2,q,img/target_1.png
37,856,lattice,0,v,img/target_5.png
37,857,lattice,8,p,img/target_10.png
37,858,lattice,9,b,img/target_6.png
37,859,lattice,0,v,img/target_5.png
37,860,lattice,1,u,img/target_7.png
37,861,lattice,3,w,img/target_2.png
37,862,lattice,2,q,img/target_1.png
37,863,lattice,0,v,img/target_5.png
37,864,lattice,8,p,img/target_10.png
37,865,lattice,9,b,img/target_6.png
37,866,lattice,1,u,img/target_7.png
37,867,lattice,2,q,img/target_1.png
37,868,lattice,0,v,img/target_5.png
37,869,lattice,9,b,img/target_6.png
37,870,lattice,8,p,img/target_10.png
37,871,lattice,9,b,img/target_6.png
37,872,lattice,1,u,img/target_7.png
37,873,lattice,2,q,img/target_1.png
37,874,lattice,4,r,img/target_4.png
37,875,lattice,3,w,img/target_2.png
37,876,lattice,1,u,img/target_7.png
37,877,lattice,0,v,img/target_5.png
37,878,lattice,9,b,img/target_6.png
37,879,lattice,0,v,img/target_5.png
37,880,lattice,1,u,img/target_7.png
37,881,lattice,0,v,img/target_5.png
37,882,lattice,9,b,img/target_6.png
37,883,lattice,0,v,img/target_5.png
37,884,lattice,1,u,img/target_7.png
37,885,lattice,2,q,img/target_1.png
37,886,lattice,4,r,img/target_4.png
37,887,lattice,3,w,img/target_2.png
37,888,lattice,1,u,img/target_7.png
37,889,lattice,2,q,img/target_1.png
37,890,lattice,4,r,img/target_4.png
37,891,lattice,5,e,img/target_3.png
37,892,lattice,3,w,img/target_2.png
37,893,lattice,5,e,img/target_3.png
37,894,lattice,6,o,img/target_9.png
37,895,lattice,7,i,img/target_8.png
37,896,lattice,5,e,img/target_3.png
37,897,lattice,6,o,img/target_9.png
37,898,lattice,4,r,img/target_4.png
37,899,lattice,2,q,img/target_1.png
37,900,lattice,4,r,img/target_4.png
37,901,lattice,3,w,img/target_2.png
37,902,lattice,5,e,img/target_3.png
37,903,lattice,7,i,img/target_8.png
37,904,lattice,6,o,img/target_9.png
37,905,lattice,5,e,img/target_3.png
37,906,lattice,3,w,img/target_2.png
37,907,lattice,5,e,img/target_3.png
37,908,lattice,6,o,img/target_9.png
37,909,lattice,8,p,img/target_10.png
37,910,lattice,7,i,img/target_8.png
37,911,lattice,5,e,img/target_3.png
37,912,lattice,3,w,img/target_2.png
37,913,lattice,1,u,img/target_7.png
37,914,lattice,9,b,img/target_6.png
37,915,lattice,8,p,img/target_10.png
37,916,lattice,9,b,img/target_6.png
37,917,lattice,7,i,img/target_8.png
37,918,lattice,5,e,img/target_3.png
37,919,lattice,3,w,img/target_2.png
37,920,lattice,4,r,img/target_4.png
37,921,lattice,3,w,img/target_2.png
37,922,lattice,2,q,img/target_1.png
37,923,lattice,4,r,img/target_4.png
37,924,lattice,6,o,img/target_9.png
37,925,lattice,7,i,img/target_8.png
37,926,lattice,9,b,img/target_6.png
37,927,lattice,7,i,img/target_8.png
37,928,lattice,6,o,img/target_9.png
37,929,lattice,4,r,img/target_4.png
37,930,lattice,2,q,img/target_1.png
37,931,lattice,3,w,img/target_2.png
37,932,lattice,1,u,img/target_7.png
37,933,lattice,2,q,img/target_1.png
37,934,lattice,1,u,img/target_7.png
37,935,lattice,2,q,img/target_1.png
37,936,lattice,1,u,img/target_7.png
37,937,lattice,0,v,img/target_5.png
37,938,lattice,9,b,img/target_6.png
37,939,lattice,1,u,img/target_7.png
37,940,lattice,9,b,img/target_6.png
37,941,lattice,7,i,img/target_8.png
37,942,lattice,5,e,img/target_3.png
37,943,lattice,6,o,img/target_9.png
37,944,lattice,4,r,img/target_4.png
37,945,lattice,6,o,img/target_9.png
37,946,lattice,8,p,img/target_10.png
37,947,lattice,9,b,img/target_6.png
37,948,lattice,0,v,img/target_5.png
37,949,lattice,8,p,img/target_10.png
37,950,lattice,6,o,img/target_9.png
37,951,lattice,4,r,img/target_4.png
37,952,lattice,2,q,img/target_1.png
37,953,lattice,1,u,img/target_7.png
37,954,lattice,9,b,img/target_6.png
37,955,lattice,7,i,img/target_8.png
37,956,lattice,9,b,img/target_6.png
37,957,lattice,8,p,img/target_10.png
37,958,lattice,7,i,img/target_8.png
37,959,lattice,9,b,img/target_6.png
37,960,lattice,0,v,img/target_5.png
37,961,lattice,9,b,img/target_6.png
37,962,lattice,1,u,img/target_7.png
37,963,lattice,2,q,img/target_1.png
37,964,lattice,3,w,img/target_2.png
37,965,lattice,4,r,img/target_4.png
37,966,lattice,3,w,img/target_2.png
37,967,lattice,1,u,img/target_7.png
37,968,lattice,3,w,img/target_2.png
37,969,lattice,2,q,img/target_1.png
37,970,lattice,1,u,img/target_7.png
37,971,lattice,2,q,img/target_1.png
37,972,lattice,0,v,img/target_5.png
37,973,lattice,1,u,img/target_7.png
37,974,lattice,0,v,img/target_5.png
37,975,lattice,2,q,img/target_1.png
37,976,lattice,1,u,img/target_7.png
37,977,lattice,9,b,img/target_6.png
37,978,lattice,0,v,img/target_5.png
37,979,lattice,2,q,img/target_1.png
37,980,lattice,4,r,img/target_4.png
37,981,lattice,3,w,img/target_2.png
37,982,lattice,2,q,img/target_1.png
37,983,lattice,0,v,img/target_5.png
37,984,lattice,2,q,img/target_1.png
37,985,lattice,0,v,img/target_5.png
37,986,lattice,2,q,img/target_1.png
37,987,lattice,1,u,img/target_7.png
37,988,lattice,0,v,img/target_5.png
37,989,lattice,9,b,img/target_6.png
37,990,lattice,1,u,img/target_7.png
37,991,lattice,9,b,img/target_6.png
37,992,lattice,1,u,img/target_7.png
37,993,lattice,0,v,img/target_5.png
37,994,lattice,2,q,img/target_1.png
37,995,lattice,1,u,img/target_7.png
37,996,lattice,9,b,img/target_6.png
37,997,lattice,8,p,img/target_10.png
37,998,lattice,9,b,img/target_6.png
37,999,lattice,7,i,img/target_8.png
37,1000,lattice,8,p,img/target_10.png
