pID,sess,trialNum,graph,walk,resp,path
6,3,1,modular,4,b,img/target_6.png
6,3,2,modular,1,p,img/target_10.png
6,3,3,modular,3,u,img/target_7.png
6,3,4,modular,1,p,img/target_10.png
6,3,5,modular,3,u,img/target_7.png
6,3,6,modular,2,r,img/target_4.png
6,3,7,modular,0,q,img/target_1.png
6,3,8,modular,1,p,img/target_10.png
6,3,9,modular,0,q,img/target_1.png
6,3,10,modular,2,r,img/target_4.png
6,3,11,modular,3,u,img/target_7.png
6,3,12,modular,4,b,img/target_6.png
6,3,13,modular,2,r,img/target_4.png
6,3,14,modular,0,q,img/target_1.png
6,3,15,modular,9,w,img/target_2.png
6,3,16,modular,7,o,img/target_9.png
6,3,17,modular,9,w,img/target_2.png
6,3,18,modular,6,e,img/target_3.png
6,3,19,modular,5,i,img/target_8.png
6,3,20,modular,7,o,img/target_9.png
6,3,21,modular,6,e,img/target_3.png
6,3,22,modular,9,w,img/target_2.png
6,3,23,modular,7,o,img/target_9.png
6,3,24,modular,5,i,img/target_8.png
6,3,25,modular,4,b,img/target_6.png
6,3,26,modular,1,p,img/target_10.png
6,3,27,modular,2,r,img/target_4.png
6,3,28,modular,1,p,img/target_10.png
6,3,29,modular,4,b,img/target_6.png
6,3,30,modular,1,p,img/target_10.png
6,3,31,modular,0,q,img/target_1.png
6,3,32,modular,3,u,img/target_7.png
6,3,33,modular,4,b,img/target_6.png
6,3,34,modular,3,u,img/target_7.png
6,3,35,modular,0,q,img/target_1.png
6,3,36,modular,1,p,img/target_10.png
6,3,37,modular,4,b,img/target_6.png
6,3,38,modular,2,r,img/target_4.png
6,3,39,modular,1,p,img/target_10.png
6,3,40,modular,4,b,img/target_6.png
6,3,41,modular,1,p,img/target_10.png
6,3,42,modular,4,b,img/target_6.png
6,3,43,modular,5,i,img/target_8.png
6,3,44,modular,4,b,img/target_6.png
6,3,45,modular,2,r,img/target_4.png
6,3,46,modular,4,b,img/target_6.png
6,3,47,modular,2,r,img/target_4.png
6,3,48,modular,1,p,img/target_10.png
6,3,49,modular,4,b,img/target_6.png
6,3,50,modular,3,u,img/target_7.png
6,3,51,modular,1,p,img/target_10.png
6,3,52,modular,3,u,img/target_7.png
6,3,53,modular,1,p,img/target_10.png
6,3,54,modular,2,r,img/target_4.png
6,3,55,modular,3,u,img/target_7.png
6,3,56,modular,0,q,img/target_1.png
6,3,57,modular,1,p,img/target_10.png
6,3,58,modular,2,r,img/target_4.png
6,3,59,modular,3,u,img/target_7.png
6,3,60,modular,4,b,img/target_6.png
6,3,61,modular,1,p,img/target_10.png
6,3,62,modular,3,u,img/target_7.png
6,3,63,modular,1,p,img/target_10.png
6,3,64,modular,3,u,img/target_7.png
6,3,65,modular,4,b,img/target_6.png
6,3,66,modular,5,i,img/target_8.png
6,3,67,modular,4,b,img/target_6.png
6,3,68,modular,1,p,img/target_10.png
6,3,69,modular,4,b,img/target_6.png
6,3,70,modular,5,i,img/target_8.png
6,3,71,modular,4,b,img/target_6.png
6,3,72,modular,2,r,img/target_4.png
6,3,73,modular,3,u,img/target_7.png
6,3,74,modular,4,b,img/target_6.png
6,3,75,modular,1,p,img/target_10.png
6,3,76,modular,0,q,img/target_1.png
6,3,77,modular,1,p,img/target_10.png
6,3,78,modular,0,q,img/target_1.png
6,3,79,modular,1,p,img/target_10.png
6,3,80,modular,3,u,img/target_7.png
6,3,81,modular,1,p,img/target_10.png
6,3,82,modular,3,u,img/target_7.png
6,3,83,modular,2,r,img/target_4.png
6,3,84,modular,4,b,img/target_6.png
6,3,85,modular,5,i,img/target_8.png
6,3,86,modular,7,o,img/target_9.png
6,3,87,modular,8,v,img/target_5.png
6,3,88,modular,9,w,img/target_2.png
6,3,89,modular,8,v,img/target_5.png
6,3,90,modular,5,i,img/target_8.png
6,3,91,modular,4,b,img/target_6.png
6,3,92,modular,3,u,img/target_7.png
6,3,93,modular,1,p,img/target_10.png
6,3,94,modular,3,u,img/target_7.png
6,3,95,modular,4,b,img/target_6.png
6,3,96,modular,5,i,img/target_8.png
6,3,97,modular,4,b,img/target_6.png
6,3,98,modular,1,p,img/target_10.png
6,3,99,modular,0,q,img/target_1.png
6,3,100,modular,9,w,img/target_2.png
6,3,101,modular,6,e,img/target_3.png
6,3,102,modular,9,w,img/target_2.png
6,3,103,modular,6,e,img/target_3.png
6,3,104,modular,8,v,img/target_5.png
6,3,105,modular,9,w,img/target_2.png
6,3,106,modular,0,q,img/target_1.png
6,3,107,modular,2,r,img/target_4.png
6,3,108,modular,0,q,img/target_1.png
6,3,109,modular,3,u,img/target_7.png
6,3,110,modular,1,p,img/target_10.png
6,3,111,modular,3,u,img/target_7.png
6,3,112,modular,4,b,img/target_6.png
6,3,113,modular,5,i,img/target_8.png
6,3,114,modular,4,b,img/target_6.png
6,3,115,modular,2,r,img/target_4.png
6,3,116,modular,1,p,img/target_10.png
6,3,117,modular,2,r,img/target_4.png
6,3,118,modular,3,u,img/target_7.png
6,3,119,modular,1,p,img/target_10.png
6,3,120,modular,2,r,img/target_4.png
6,3,121,modular,0,q,img/target_1.png
6,3,122,modular,1,p,img/target_10.png
6,3,123,modular,2,r,img/target_4.png
6,3,124,modular,4,b,img/target_6.png
6,3,125,modular,2,r,img/target_4.png
6,3,126,modular,0,q,img/target_1.png
6,3,127,modular,2,r,img/target_4.png
6,3,128,modular,4,b,img/target_6.png
6,3,129,modular,5,i,img/target_8.png
6,3,130,modular,7,o,img/target_9.png
6,3,131,modular,8,v,img/target_5.png
6,3,132,modular,9,w,img/target_2.png
6,3,133,modular,7,o,img/target_9.png
6,3,134,modular,5,i,img/target_8.png
6,3,135,modular,4,b,img/target_6.png
6,3,136,modular,2,r,img/target_4.png
6,3,137,modular,0,q,img/target_1.png
6,3,138,modular,9,w,img/target_2.png
6,3,139,modular,7,o,img/target_9.png
6,3,140,modular,6,e,img/target_3.png
6,3,141,modular,8,v,img/target_5.png
6,3,142,modular,5,i,img/target_8.png
6,3,143,modular,8,v,img/target_5.png
6,3,144,modular,7,o,img/target_9.png
6,3,145,modular,6,e,img/target_3.png
6,3,146,modular,7,o,img/target_9.png
6,3,147,modular,8,v,img/target_5.png
6,3,148,modular,7,o,img/target_9.png
6,3,149,modular,8,v,img/target_5.png
6,3,150,modular,9,w,img/target_2.png
6,3,151,modular,7,o,img/target_9.png
6,3,152,modular,8,v,img/target_5.png
6,3,153,modular,6,e,img/target_3.png
6,3,154,modular,5,i,img/target_8.png
6,3,155,modular,6,e,img/target_3.png
6,3,156,modular,9,w,img/target_2.png
6,3,157,modular,6,e,img/target_3.png
6,3,158,modular,5,i,img/target_8.png
6,3,159,modular,6,e,img/target_3.png
6,3,160,modular,5,i,img/target_8.png
6,3,161,modular,7,o,img/target_9.png
6,3,162,modular,5,i,img/target_8.png
6,3,163,modular,8,v,img/target_5.png
6,3,164,modular,7,o,img/target_9.png
6,3,165,modular,6,e,img/target_3.png
6,3,166,modular,7,o,img/target_9.png
6,3,167,modular,6,e,img/target_3.png
6,3,168,modular,5,i,img/target_8.png
6,3,169,modular,4,b,img/target_6.png
6,3,170,modular,2,r,img/target_4.png
6,3,171,modular,1,p,img/target_10.png
6,3,172,modular,0,q,img/target_1.png
6,3,173,modular,1,p,img/target_10.png
6,3,174,modular,4,b,img/target_6.png
6,3,175,modular,1,p,img/target_10.png
6,3,176,modular,4,b,img/target_6.png
6,3,177,modular,5,i,img/target_8.png
6,3,178,modular,7,o,img/target_9.png
6,3,179,modular,9,w,img/target_2.png
6,3,180,modular,0,q,img/target_1.png
6,3,181,modular,9,w,img/target_2.png
6,3,182,modular,0,q,img/target_1.png
6,3,183,modular,1,p,img/target_10.png
6,3,184,modular,2,r,img/target_4.png
6,3,185,modular,1,p,img/target_10.png
6,3,186,modular,2,r,img/target_4.png
6,3,187,modular,3,u,img/target_7.png
6,3,188,modular,4,b,img/target_6.png
6,3,189,modular,5,i,img/target_8.png
6,3,190,modular,4,b,img/target_6.png
6,3,191,modular,5,i,img/target_8.png
6,3,192,modular,4,b,img/target_6.png
6,3,193,modular,5,i,img/target_8.png
6,3,194,modular,4,b,img/target_6.png
6,3,195,modular,2,r,img/target_4.png
6,3,196,modular,1,p,img/target_10.png
6,3,197,modular,3,u,img/target_7.png
6,3,198,modular,2,r,img/target_4.png
6,3,199,modular,4,b,img/target_6.png
6,3,200,modular,1,p,img/target_10.png
6,3,201,modular,2,r,img/target_4.png
6,3,202,modular,3,u,img/target_7.png
6,3,203,modular,4,b,img/target_6.png
6,3,204,modular,3,u,img/target_7.png
6,3,205,modular,2,r,img/target_4.png
6,3,206,modular,1,p,img/target_10.png
6,3,207,modular,0,q,img/target_1.png
6,3,208,modular,9,w,img/target_2.png
6,3,209,modular,8,v,img/target_5.png
6,3,210,modular,5,i,img/target_8.png
6,3,211,modular,4,b,img/target_6.png
6,3,212,modular,5,i,img/target_8.png
6,3,213,modular,8,v,img/target_5.png
6,3,214,modular,5,i,img/target_8.png
6,3,215,modular,8,v,img/target_5.png
6,3,216,modular,6,e,img/target_3.png
6,3,217,modular,8,v,img/target_5.png
6,3,218,modular,6,e,img/target_3.png
6,3,219,modular,8,v,img/target_5.png
6,3,220,modular,9,w,img/target_2.png
6,3,221,modular,8,v,img/target_5.png
6,3,222,modular,7,o,img/target_9.png
6,3,223,modular,5,i,img/target_8.png
6,3,224,modular,4,b,img/target_6.png
6,3,225,modular,5,i,img/target_8.png
6,3,226,modular,7,o,img/target_9.png
6,3,227,modular,8,v,img/target_5.png
6,3,228,modular,7,o,img/target_9.png
6,3,229,modular,5,i,img/target_8.png
6,3,230,modular,7,o,img/target_9.png
6,3,231,modular,5,i,img/target_8.png
6,3,232,modular,8,v,img/target_5.png
6,3,233,modular,9,w,img/target_2.png
6,3,234,modular,8,v,img/target_5.png
6,3,235,modular,9,w,img/target_2.png
6,3,236,modular,0,q,img/target_1.png
6,3,237,modular,3,u,img/target_7.png
6,3,238,modular,1,p,img/target_10.png
6,3,239,modular,0,q,img/target_1.png
6,3,240,modular,9,w,img/target_2.png
6,3,241,modular,7,o,img/target_9.png
6,3,242,modular,6,e,img/target_3.png
6,3,243,modular,5,i,img/target_8.png
6,3,244,modular,6,e,img/target_3.png
6,3,245,modular,8,v,img/target_5.png
6,3,246,modular,5,i,img/target_8.png
6,3,247,modular,6,e,img/target_3.png
6,3,248,modular,8,v,img/target_5.png
6,3,249,modular,9,w,img/target_2.png
6,3,250,modular,6,e,img/target_3.png
6,3,251,modular,5,i,img/target_8.png
6,3,252,modular,6,e,img/target_3.png
6,3,253,modular,7,o,img/target_9.png
6,3,254,modular,8,v,img/target_5.png
6,3,255,modular,5,i,img/target_8.png
6,3,256,modular,8,v,img/target_5.png
6,3,257,modular,7,o,img/target_9.png
6,3,258,modular,9,w,img/target_2.png
6,3,259,modular,6,e,img/target_3.png
6,3,260,modular,7,o,img/target_9.png
6,3,261,modular,5,i,img/target_8.png
6,3,262,modular,6,e,img/target_3.png
6,3,263,modular,8,v,img/target_5.png
6,3,264,modular,6,e,img/target_3.png
6,3,265,modular,8,v,img/target_5.png
6,3,266,modular,9,w,img/target_2.png
6,3,267,modular,6,e,img/target_3.png
6,3,268,modular,9,w,img/target_2.png
6,3,269,modular,6,e,img/target_3.png
6,3,270,modular,8,v,img/target_5.png
6,3,271,modular,7,o,img/target_9.png
6,3,272,modular,8,v,img/target_5.png
6,3,273,modular,5,i,img/target_8.png
6,3,274,modular,7,o,img/target_9.png
6,3,275,modular,5,i,img/target_8.png
6,3,276,modular,7,o,img/target_9.png
6,3,277,modular,6,e,img/target_3.png
6,3,278,modular,5,i,img/target_8.png
6,3,279,modular,7,o,img/target_9.png
6,3,280,modular,9,w,img/target_2.png
6,3,281,modular,0,q,img/target_1.png
6,3,282,modular,9,w,img/target_2.png
6,3,283,modular,8,v,img/target_5.png
6,3,284,modular,5,i,img/target_8.png
6,3,285,modular,6,e,img/target_3.png
6,3,286,modular,9,w,img/target_2.png
6,3,287,modular,7,o,img/target_9.png
6,3,288,modular,5,i,img/target_8.png
6,3,289,modular,4,b,img/target_6.png
6,3,290,modular,3,u,img/target_7.png
6,3,291,modular,1,p,img/target_10.png
6,3,292,modular,4,b,img/target_6.png
6,3,293,modular,5,i,img/target_8.png
6,3,294,modular,7,o,img/target_9.png
6,3,295,modular,6,e,img/target_3.png
6,3,296,modular,8,v,img/target_5.png
6,3,297,modular,5,i,img/target_8.png
6,3,298,modular,7,o,img/target_9.png
6,3,299,modular,5,i,img/target_8.png
6,3,300,modular,6,e,img/target_3.png
6,3,301,modular,9,w,img/target_2.png
6,3,302,modular,8,v,img/target_5.png
6,3,303,modular,7,o,img/target_9.png
6,3,304,modular,5,i,img/target_8.png
6,3,305,modular,7,o,img/target_9.png
6,3,306,modular,9,w,img/target_2.png
6,3,307,modular,0,q,img/target_1.png
6,3,308,modular,2,r,img/target_4.png
6,3,309,modular,3,u,img/target_7.png
6,3,310,modular,1,p,img/target_10.png
6,3,311,modular,4,b,img/target_6.png
6,3,312,modular,1,p,img/target_10.png
6,3,313,modular,3,u,img/target_7.png
6,3,314,modular,1,p,img/target_10.png
6,3,315,modular,0,q,img/target_1.png
6,3,316,modular,9,w,img/target_2.png
6,3,317,modular,8,v,img/target_5.png
6,3,318,modular,6,e,img/target_3.png
6,3,319,modular,7,o,img/target_9.png
6,3,320,modular,5,i,img/target_8.png
6,3,321,modular,6,e,img/target_3.png
6,3,322,modular,7,o,img/target_9.png
6,3,323,modular,5,i,img/target_8.png
6,3,324,modular,6,e,img/target_3.png
6,3,325,modular,9,w,img/target_2.png
6,3,326,modular,6,e,img/target_3.png
6,3,327,modular,9,w,img/target_2.png
6,3,328,modular,0,q,img/target_1.png
6,3,329,modular,1,p,img/target_10.png
6,3,330,modular,2,r,img/target_4.png
6,3,331,modular,3,u,img/target_7.png
6,3,332,modular,4,b,img/target_6.png
6,3,333,modular,2,r,img/target_4.png
6,3,334,modular,1,p,img/target_10.png
6,3,335,modular,0,q,img/target_1.png
6,3,336,modular,1,p,img/target_10.png
6,3,337,modular,4,b,img/target_6.png
6,3,338,modular,3,u,img/target_7.png
6,3,339,modular,0,q,img/target_1.png
6,3,340,modular,3,u,img/target_7.png
6,3,341,modular,1,p,img/target_10.png
6,3,342,modular,4,b,img/target_6.png
6,3,343,modular,5,i,img/target_8.png
6,3,344,modular,4,b,img/target_6.png
6,3,345,modular,2,r,img/target_4.png
6,3,346,modular,1,p,img/target_10.png
6,3,347,modular,0,q,img/target_1.png
6,3,348,modular,1,p,img/target_10.png
6,3,349,modular,3,u,img/target_7.png
6,3,350,modular,2,r,img/target_4.png
6,3,351,modular,4,b,img/target_6.png
6,3,352,modular,1,p,img/target_10.png
6,3,353,modular,3,u,img/target_7.png
6,3,354,modular,1,p,img/target_10.png
6,3,355,modular,4,b,img/target_6.png
6,3,356,modular,3,u,img/target_7.png
6,3,357,modular,2,r,img/target_4.png
6,3,358,modular,3,u,img/target_7.png
6,3,359,modular,1,p,img/target_10.png
6,3,360,modular,2,r,img/target_4.png
6,3,361,modular,3,u,img/target_7.png
6,3,362,modular,1,p,img/target_10.png
6,3,363,modular,0,q,img/target_1.png
6,3,364,modular,2,r,img/target_4.png
6,3,365,modular,1,p,img/target_10.png
6,3,366,modular,4,b,img/target_6.png
6,3,367,modular,2,r,img/target_4.png
6,3,368,modular,1,p,img/target_10.png
6,3,369,modular,3,u,img/target_7.png
6,3,370,modular,4,b,img/target_6.png
6,3,371,modular,2,r,img/target_4.png
6,3,372,modular,1,p,img/target_10.png
6,3,373,modular,4,b,img/target_6.png
6,3,374,modular,5,i,img/target_8.png
6,3,375,modular,8,v,img/target_5.png
6,3,376,modular,5,i,img/target_8.png
6,3,377,modular,7,o,img/target_9.png
6,3,378,modular,8,v,img/target_5.png
6,3,379,modular,6,e,img/target_3.png
6,3,380,modular,9,w,img/target_2.png
6,3,381,modular,0,q,img/target_1.png
6,3,382,modular,1,p,img/target_10.png
6,3,383,modular,3,u,img/target_7.png
6,3,384,modular,0,q,img/target_1.png
6,3,385,modular,1,p,img/target_10.png
6,3,386,modular,3,u,img/target_7.png
6,3,387,modular,1,p,img/target_10.png
6,3,388,modular,2,r,img/target_4.png
6,3,389,modular,4,b,img/target_6.png
6,3,390,modular,5,i,img/target_8.png
6,3,391,modular,8,v,img/target_5.png
6,3,392,modular,9,w,img/target_2.png
6,3,393,modular,6,e,img/target_3.png
6,3,394,modular,9,w,img/target_2.png
6,3,395,modular,6,e,img/target_3.png
6,3,396,modular,7,o,img/target_9.png
6,3,397,modular,8,v,img/target_5.png
6,3,398,modular,6,e,img/target_3.png
6,3,399,modular,5,i,img/target_8.png
6,3,400,modular,7,o,img/target_9.png
6,3,401,modular,9,w,img/target_2.png
6,3,402,modular,8,v,img/target_5.png
6,3,403,modular,6,e,img/target_3.png
6,3,404,modular,7,o,img/target_9.png
6,3,405,modular,8,v,img/target_5.png
6,3,406,modular,9,w,img/target_2.png
6,3,407,modular,8,v,img/target_5.png
6,3,408,modular,9,w,img/target_2.png
6,3,409,modular,8,v,img/target_5.png
6,3,410,modular,5,i,img/target_8.png
6,3,411,modular,8,v,img/target_5.png
6,3,412,modular,7,o,img/target_9.png
6,3,413,modular,9,w,img/target_2.png
6,3,414,modular,6,e,img/target_3.png
6,3,415,modular,5,i,img/target_8.png
6,3,416,modular,7,o,img/target_9.png
6,3,417,modular,9,w,img/target_2.png
6,3,418,modular,0,q,img/target_1.png
6,3,419,modular,9,w,img/target_2.png
6,3,420,modular,6,e,img/target_3.png
6,3,421,modular,9,w,img/target_2.png
6,3,422,modular,0,q,img/target_1.png
6,3,423,modular,2,r,img/target_4.png
6,3,424,modular,1,p,img/target_10.png
6,3,425,modular,2,r,img/target_4.png
6,3,426,modular,0,q,img/target_1.png
6,3,427,modular,1,p,img/target_10.png
6,3,428,modular,3,u,img/target_7.png
6,3,429,modular,2,r,img/target_4.png
6,3,430,modular,0,q,img/target_1.png
6,3,431,modular,2,r,img/target_4.png
6,3,432,modular,3,u,img/target_7.png
6,3,433,modular,1,p,img/target_10.png
6,3,434,modular,4,b,img/target_6.png
6,3,435,modular,2,r,img/target_4.png
6,3,436,modular,3,u,img/target_7.png
6,3,437,modular,4,b,img/target_6.png
6,3,438,modular,3,u,img/target_7.png
6,3,439,modular,0,q,img/target_1.png
6,3,440,modular,1,p,img/target_10.png
6,3,441,modular,0,q,img/target_1.png
6,3,442,modular,9,w,img/target_2.png
6,3,443,modular,7,o,img/target_9.png
6,3,444,modular,9,w,img/target_2.png
6,3,445,modular,8,v,img/target_5.png
6,3,446,modular,5,i,img/target_8.png
6,3,447,modular,8,v,img/target_5.png
6,3,448,modular,9,w,img/target_2.png
6,3,449,modular,7,o,img/target_9.png
6,3,450,modular,5,i,img/target_8.png
6,3,451,modular,7,o,img/target_9.png
6,3,452,modular,6,e,img/target_3.png
6,3,453,modular,5,i,img/target_8.png
6,3,454,modular,8,v,img/target_5.png
6,3,455,modular,5,i,img/target_8.png
6,3,456,modular,7,o,img/target_9.png
6,3,457,modular,5,i,img/target_8.png
6,3,458,modular,4,b,img/target_6.png
6,3,459,modular,1,p,img/target_10.png
6,3,460,modular,0,q,img/target_1.png
6,3,461,modular,3,u,img/target_7.png
6,3,462,modular,0,q,img/target_1.png
6,3,463,modular,9,w,img/target_2.png
6,3,464,modular,6,e,img/target_3.png
6,3,465,modular,8,v,img/target_5.png
6,3,466,modular,9,w,img/target_2.png
6,3,467,modular,6,e,img/target_3.png
6,3,468,modular,9,w,img/target_2.png
6,3,469,modular,6,e,img/target_3.png
6,3,470,modular,9,w,img/target_2.png
6,3,471,modular,8,v,img/target_5.png
6,3,472,modular,9,w,img/target_2.png
6,3,473,modular,6,e,img/target_3.png
6,3,474,modular,9,w,img/target_2.png
6,3,475,modular,8,v,img/target_5.png
6,3,476,modular,7,o,img/target_9.png
6,3,477,modular,8,v,img/target_5.png
6,3,478,modular,7,o,img/target_9.png
6,3,479,modular,9,w,img/target_2.png
6,3,480,modular,0,q,img/target_1.png
6,3,481,modular,1,p,img/target_10.png
6,3,482,modular,0,q,img/target_1.png
6,3,483,modular,2,r,img/target_4.png
6,3,484,modular,4,b,img/target_6.png
6,3,485,modular,1,p,img/target_10.png
6,3,486,modular,2,r,img/target_4.png
6,3,487,modular,4,b,img/target_6.png
6,3,488,modular,1,p,img/target_10.png
6,3,489,modular,0,q,img/target_1.png
6,3,490,modular,9,w,img/target_2.png
6,3,491,modular,8,v,img/target_5.png
6,3,492,modular,6,e,img/target_3.png
6,3,493,modular,9,w,img/target_2.png
6,3,494,modular,8,v,img/target_5.png
6,3,495,modular,7,o,img/target_9.png
6,3,496,modular,6,e,img/target_3.png
6,3,497,modular,8,v,img/target_5.png
6,3,498,modular,6,e,img/target_3.png
6,3,499,modular,9,w,img/target_2.png
6,3,500,modular,8,v,img/target_5.png
6,3,501,modular,6,e,img/target_3.png
6,3,502,modular,7,o,img/target_9.png
6,3,503,modular,6,e,img/target_3.png
6,3,504,modular,8,v,img/target_5.png
6,3,505,modular,5,i,img/target_8.png
6,3,506,modular,6,e,img/target_3.png
6,3,507,modular,8,v,img/target_5.png
6,3,508,modular,6,e,img/target_3.png
6,3,509,modular,7,o,img/target_9.png
6,3,510,modular,6,e,img/target_3.png
6,3,511,modular,9,w,img/target_2.png
6,3,512,modular,7,o,img/target_9.png
6,3,513,modular,6,e,img/target_3.png
6,3,514,modular,5,i,img/target_8.png
6,3,515,modular,7,o,img/target_9.png
6,3,516,modular,6,e,img/target_3.png
6,3,517,modular,8,v,img/target_5.png
6,3,518,modular,5,i,img/target_8.png
6,3,519,modular,6,e,img/target_3.png
6,3,520,modular,7,o,img/target_9.png
6,3,521,modular,9,w,img/target_2.png
6,3,522,modular,7,o,img/target_9.png
6,3,523,modular,8,v,img/target_5.png
6,3,524,modular,5,i,img/target_8.png
6,3,525,modular,8,v,img/target_5.png
6,3,526,modular,9,w,img/target_2.png
6,3,527,modular,0,q,img/target_1.png
6,3,528,modular,2,r,img/target_4.png
6,3,529,modular,0,q,img/target_1.png
6,3,530,modular,1,p,img/target_10.png
6,3,531,modular,0,q,img/target_1.png
6,3,532,modular,3,u,img/target_7.png
6,3,533,modular,0,q,img/target_1.png
6,3,534,modular,9,w,img/target_2.png
6,3,535,modular,8,v,img/target_5.png
6,3,536,modular,6,e,img/target_3.png
6,3,537,modular,7,o,img/target_9.png
6,3,538,modular,9,w,img/target_2.png
6,3,539,modular,6,e,img/target_3.png
6,3,540,modular,7,o,img/target_9.png
6,3,541,modular,6,e,img/target_3.png
6,3,542,modular,5,i,img/target_8.png
6,3,543,modular,4,b,img/target_6.png
6,3,544,modular,1,p,img/target_10.png
6,3,545,modular,4,b,img/target_6.png
6,3,546,modular,5,i,img/target_8.png
6,3,547,modular,8,v,img/target_5.png
6,3,548,modular,9,w,img/target_2.png
6,3,549,modular,0,q,img/target_1.png
6,3,550,modular,1,p,img/target_10.png
6,3,551,modular,2,r,img/target_4.png
6,3,552,modular,4,b,img/target_6.png
6,3,553,modular,1,p,img/target_10.png
6,3,554,modular,4,b,img/target_6.png
6,3,555,modular,3,u,img/target_7.png
6,3,556,modular,4,b,img/target_6.png
6,3,557,modular,1,p,img/target_10.png
6,3,558,modular,2,r,img/target_4.png
6,3,559,modular,3,u,img/target_7.png
6,3,560,modular,0,q,img/target_1.png
6,3,561,modular,9,w,img/target_2.png
6,3,562,modular,6,e,img/target_3.png
6,3,563,modular,5,i,img/target_8.png
6,3,564,modular,4,b,img/target_6.png
6,3,565,modular,3,u,img/target_7.png
6,3,566,modular,4,b,img/target_6.png
6,3,567,modular,3,u,img/target_7.png
6,3,568,modular,4,b,img/target_6.png
6,3,569,modular,2,r,img/target_4.png
6,3,570,modular,0,q,img/target_1.png
6,3,571,modular,3,u,img/target_7.png
6,3,572,modular,2,r,img/target_4.png
6,3,573,modular,3,u,img/target_7.png
6,3,574,modular,4,b,img/target_6.png
6,3,575,modular,3,u,img/target_7.png
6,3,576,modular,1,p,img/target_10.png
6,3,577,modular,3,u,img/target_7.png
6,3,578,modular,0,q,img/target_1.png
6,3,579,modular,2,r,img/target_4.png
6,3,580,modular,1,p,img/target_10.png
6,3,581,modular,2,r,img/target_4.png
6,3,582,modular,1,p,img/target_10.png
6,3,583,modular,4,b,img/target_6.png
6,3,584,modular,5,i,img/target_8.png
6,3,585,modular,7,o,img/target_9.png
6,3,586,modular,8,v,img/target_5.png
6,3,587,modular,9,w,img/target_2.png
6,3,588,modular,6,e,img/target_3.png
6,3,589,modular,5,i,img/target_8.png
6,3,590,modular,8,v,img/target_5.png
6,3,591,modular,5,i,img/target_8.png
6,3,592,modular,6,e,img/target_3.png
6,3,593,modular,7,o,img/target_9.png
6,3,594,modular,9,w,img/target_2.png
6,3,595,modular,7,o,img/target_9.png
6,3,596,modular,5,i,img/target_8.png
6,3,597,modular,7,o,img/target_9.png
6,3,598,modular,5,i,img/target_8.png
6,3,599,modular,4,b,img/target_6.png
6,3,600,modular,5,i,img/target_8.png
6,3,601,modular,8,v,img/target_5.png
6,3,602,modular,5,i,img/target_8.png
6,3,603,modular,7,o,img/target_9.png
6,3,604,modular,6,e,img/target_3.png
6,3,605,modular,7,o,img/target_9.png
6,3,606,modular,8,v,img/target_5.png
6,3,607,modular,6,e,img/target_3.png
6,3,608,modular,7,o,img/target_9.png
6,3,609,modular,6,e,img/target_3.png
6,3,610,modular,9,w,img/target_2.png
6,3,611,modular,8,v,img/target_5.png
6,3,612,modular,7,o,img/target_9.png
6,3,613,modular,8,v,img/target_5.png
6,3,614,modular,5,i,img/target_8.png
6,3,615,modular,7,o,img/target_9.png
6,3,616,modular,6,e,img/target_3.png
6,3,617,modular,8,v,img/target_5.png
6,3,618,modular,6,e,img/target_3.png
6,3,619,modular,5,i,img/target_8.png
6,3,620,modular,7,o,img/target_9.png
6,3,621,modular,6,e,img/target_3.png
6,3,622,modular,5,i,img/target_8.png
6,3,623,modular,7,o,img/target_9.png
6,3,624,modular,6,e,img/target_3.png
6,3,625,modular,7,o,img/target_9.png
6,3,626,modular,8,v,img/target_5.png
6,3,627,modular,7,o,img/target_9.png
6,3,628,modular,5,i,img/target_8.png
6,3,629,modular,8,v,img/target_5.png
6,3,630,modular,9,w,img/target_2.png
6,3,631,modular,6,e,img/target_3.png
6,3,632,modular,7,o,img/target_9.png
6,3,633,modular,6,e,img/target_3.png
6,3,634,modular,7,o,img/target_9.png
6,3,635,modular,6,e,img/target_3.png
6,3,636,modular,7,o,img/target_9.png
6,3,637,modular,8,v,img/target_5.png
6,3,638,modular,7,o,img/target_9.png
6,3,639,modular,9,w,img/target_2.png
6,3,640,modular,8,v,img/target_5.png
6,3,641,modular,9,w,img/target_2.png
6,3,642,modular,7,o,img/target_9.png
6,3,643,modular,6,e,img/target_3.png
6,3,644,modular,8,v,img/target_5.png
6,3,645,modular,9,w,img/target_2.png
6,3,646,modular,0,q,img/target_1.png
6,3,647,modular,9,w,img/target_2.png
6,3,648,modular,0,q,img/target_1.png
6,3,649,modular,9,w,img/target_2.png
6,3,650,modular,0,q,img/target_1.png
6,3,651,modular,9,w,img/target_2.png
6,3,652,modular,0,q,img/target_1.png
6,3,653,modular,2,r,img/target_4.png
6,3,654,modular,4,b,img/target_6.png
6,3,655,modular,3,u,img/target_7.png
6,3,656,modular,4,b,img/target_6.png
6,3,657,modular,1,p,img/target_10.png
6,3,658,modular,4,b,img/target_6.png
6,3,659,modular,5,i,img/target_8.png
6,3,660,modular,4,b,img/target_6.png
6,3,661,modular,1,p,img/target_10.png
6,3,662,modular,2,r,img/target_4.png
6,3,663,modular,4,b,img/target_6.png
6,3,664,modular,1,p,img/target_10.png
6,3,665,modular,2,r,img/target_4.png
6,3,666,modular,0,q,img/target_1.png
6,3,667,modular,2,r,img/target_4.png
6,3,668,modular,4,b,img/target_6.png
6,3,669,modular,5,i,img/target_8.png
6,3,670,modular,4,b,img/target_6.png
6,3,671,modular,1,p,img/target_10.png
6,3,672,modular,0,q,img/target_1.png
6,3,673,modular,1,p,img/target_10.png
6,3,674,modular,2,r,img/target_4.png
6,3,675,modular,4,b,img/target_6.png
6,3,676,modular,3,u,img/target_7.png
6,3,677,modular,4,b,img/target_6.png
6,3,678,modular,2,r,img/target_4.png
6,3,679,modular,4,b,img/target_6.png
6,3,680,modular,2,r,img/target_4.png
6,3,681,modular,0,q,img/target_1.png
6,3,682,modular,9,w,img/target_2.png
6,3,683,modular,6,e,img/target_3.png
6,3,684,modular,8,v,img/target_5.png
6,3,685,modular,5,i,img/target_8.png
6,3,686,modular,7,o,img/target_9.png
6,3,687,modular,8,v,img/target_5.png
6,3,688,modular,5,i,img/target_8.png
6,3,689,modular,7,o,img/target_9.png
6,3,690,modular,5,i,img/target_8.png
6,3,691,modular,7,o,img/target_9.png
6,3,692,modular,5,i,img/target_8.png
6,3,693,modular,7,o,img/target_9.png
6,3,694,modular,6,e,img/target_3.png
6,3,695,modular,7,o,img/target_9.png
6,3,696,modular,5,i,img/target_8.png
6,3,697,modular,6,e,img/target_3.png
6,3,698,modular,7,o,img/target_9.png
6,3,699,modular,8,v,img/target_5.png
6,3,700,modular,6,e,img/target_3.png
6,3,701,modular,9,w,img/target_2.png
6,3,702,modular,6,e,img/target_3.png
6,3,703,modular,7,o,img/target_9.png
6,3,704,modular,8,v,img/target_5.png
6,3,705,modular,5,i,img/target_8.png
6,3,706,modular,7,o,img/target_9.png
6,3,707,modular,8,v,img/target_5.png
6,3,708,modular,7,o,img/target_9.png
6,3,709,modular,8,v,img/target_5.png
6,3,710,modular,7,o,img/target_9.png
6,3,711,modular,5,i,img/target_8.png
6,3,712,modular,4,b,img/target_6.png
6,3,713,modular,5,i,img/target_8.png
6,3,714,modular,4,b,img/target_6.png
6,3,715,modular,1,p,img/target_10.png
6,3,716,modular,3,u,img/target_7.png
6,3,717,modular,1,p,img/target_10.png
6,3,718,modular,0,q,img/target_1.png
6,3,719,modular,3,u,img/target_7.png
6,3,720,modular,0,q,img/target_1.png
6,3,721,modular,2,r,img/target_4.png
6,3,722,modular,3,u,img/target_7.png
6,3,723,modular,2,r,img/target_4.png
6,3,724,modular,0,q,img/target_1.png
6,3,725,modular,9,w,img/target_2.png
6,3,726,modular,0,q,img/target_1.png
6,3,727,modular,3,u,img/target_7.png
6,3,728,modular,0,q,img/target_1.png
6,3,729,modular,1,p,img/target_10.png
6,3,730,modular,3,u,img/target_7.png
6,3,731,modular,4,b,img/target_6.png
6,3,732,modular,1,p,img/target_10.png
6,3,733,modular,3,u,img/target_7.png
6,3,734,modular,1,p,img/target_10.png
6,3,735,modular,3,u,img/target_7.png
6,3,736,modular,0,q,img/target_1.png
6,3,737,modular,1,p,img/target_10.png
6,3,738,modular,0,q,img/target_1.png
6,3,739,modular,3,u,img/target_7.png
6,3,740,modular,1,p,img/target_10.png
6,3,741,modular,0,q,img/target_1.png
6,3,742,modular,1,p,img/target_10.png
6,3,743,modular,4,b,img/target_6.png
6,3,744,modular,3,u,img/target_7.png
6,3,745,modular,0,q,img/target_1.png
6,3,746,modular,2,r,img/target_4.png
6,3,747,modular,3,u,img/target_7.png
6,3,748,modular,1,p,img/target_10.png
6,3,749,modular,0,q,img/target_1.png
6,3,750,modular,9,w,img/target_2.png
6,3,751,modular,8,v,img/target_5.png
6,3,752,modular,6,e,img/target_3.png
6,3,753,modular,8,v,img/target_5.png
6,3,754,modular,6,e,img/target_3.png
6,3,755,modular,8,v,img/target_5.png
6,3,756,modular,6,e,img/target_3.png
6,3,757,modular,8,v,img/target_5.png
6,3,758,modular,7,o,img/target_9.png
6,3,759,modular,5,i,img/target_8.png
6,3,760,modular,4,b,img/target_6.png
6,3,761,modular,1,p,img/target_10.png
6,3,762,modular,3,u,img/target_7.png
6,3,763,modular,0,q,img/target_1.png
6,3,764,modular,3,u,img/target_7.png
6,3,765,modular,1,p,img/target_10.png
6,3,766,modular,0,q,img/target_1.png
6,3,767,modular,9,w,img/target_2.png
6,3,768,modular,6,e,img/target_3.png
6,3,769,modular,7,o,img/target_9.png
6,3,770,modular,6,e,img/target_3.png
6,3,771,modular,5,i,img/target_8.png
6,3,772,modular,6,e,img/target_3.png
6,3,773,modular,5,i,img/target_8.png
6,3,774,modular,4,b,img/target_6.png
6,3,775,modular,2,r,img/target_4.png
6,3,776,modular,4,b,img/target_6.png
6,3,777,modular,3,u,img/target_7.png
6,3,778,modular,4,b,img/target_6.png
6,3,779,modular,2,r,img/target_4.png
6,3,780,modular,1,p,img/target_10.png
6,3,781,modular,2,r,img/target_4.png
6,3,782,modular,4,b,img/target_6.png
6,3,783,modular,2,r,img/target_4.png
6,3,784,modular,1,p,img/target_10.png
6,3,785,modular,0,q,img/target_1.png
6,3,786,modular,3,u,img/target_7.png
6,3,787,modular,4,b,img/target_6.png
6,3,788,modular,3,u,img/target_7.png
6,3,789,modular,2,r,img/target_4.png
6,3,790,modular,4,b,img/target_6.png
6,3,791,modular,1,p,img/target_10.png
6,3,792,modular,2,r,img/target_4.png
6,3,793,modular,1,p,img/target_10.png
6,3,794,modular,2,r,img/target_4.png
6,3,795,modular,0,q,img/target_1.png
6,3,796,modular,2,r,img/target_4.png
6,3,797,modular,3,u,img/target_7.png
6,3,798,modular,2,r,img/target_4.png
6,3,799,modular,0,q,img/target_1.png
6,3,800,modular,9,w,img/target_2.png
6,3,801,modular,6,e,img/target_3.png
6,3,802,modular,7,o,img/target_9.png
6,3,803,modular,5,i,img/target_8.png
6,3,804,modular,6,e,img/target_3.png
6,3,805,modular,7,o,img/target_9.png
6,3,806,modular,5,i,img/target_8.png
6,3,807,modular,4,b,img/target_6.png
6,3,808,modular,5,i,img/target_8.png
6,3,809,modular,8,v,img/target_5.png
6,3,810,modular,6,e,img/target_3.png
6,3,811,modular,8,v,img/target_5.png
6,3,812,modular,6,e,img/target_3.png
6,3,813,modular,8,v,img/target_5.png
6,3,814,modular,6,e,img/target_3.png
6,3,815,modular,8,v,img/target_5.png
6,3,816,modular,7,o,img/target_9.png
6,3,817,modular,5,i,img/target_8.png
6,3,818,modular,4,b,img/target_6.png
6,3,819,modular,2,r,img/target_4.png
6,3,820,modular,4,b,img/target_6.png
6,3,821,modular,3,u,img/target_7.png
6,3,822,modular,0,q,img/target_1.png
6,3,823,modular,2,r,img/target_4.png
6,3,824,modular,3,u,img/target_7.png
6,3,825,modular,4,b,img/target_6.png
6,3,826,modular,5,i,img/target_8.png
6,3,827,modular,7,o,img/target_9.png
6,3,828,modular,6,e,img/target_3.png
6,3,829,modular,8,v,img/target_5.png
6,3,830,modular,9,w,img/target_2.png
6,3,831,modular,0,q,img/target_1.png
6,3,832,modular,1,p,img/target_10.png
6,3,833,modular,3,u,img/target_7.png
6,3,834,modular,2,r,img/target_4.png
6,3,835,modular,3,u,img/target_7.png
6,3,836,modular,1,p,img/target_10.png
6,3,837,modular,3,u,img/target_7.png
6,3,838,modular,2,r,img/target_4.png
6,3,839,modular,3,u,img/target_7.png
6,3,840,modular,4,b,img/target_6.png
6,3,841,modular,3,u,img/target_7.png
6,3,842,modular,0,q,img/target_1.png
6,3,843,modular,1,p,img/target_10.png
6,3,844,modular,0,q,img/target_1.png
6,3,845,modular,2,r,img/target_4.png
6,3,846,modular,1,p,img/target_10.png
6,3,847,modular,4,b,img/target_6.png
6,3,848,modular,1,p,img/target_10.png
6,3,849,modular,3,u,img/target_7.png
6,3,850,modular,0,q,img/target_1.png
6,3,851,modular,3,u,img/target_7.png
6,3,852,modular,1,p,img/target_10.png
6,3,853,modular,2,r,img/target_4.png
6,3,854,modular,3,u,img/target_7.png
6,3,855,modular,1,p,img/target_10.png
6,3,856,modular,0,q,img/target_1.png
6,3,857,modular,3,u,img/target_7.png
6,3,858,modular,2,r,img/target_4.png
6,3,859,modular,1,p,img/target_10.png
6,3,860,modular,4,b,img/target_6.png
6,3,861,modular,1,p,img/target_10.png
6,3,862,modular,0,q,img/target_1.png
6,3,863,modular,1,p,img/target_10.png
6,3,864,modular,3,u,img/target_7.png
6,3,865,modular,1,p,img/target_10.png
6,3,866,modular,2,r,img/target_4.png
6,3,867,modular,1,p,img/target_10.png
6,3,868,modular,0,q,img/target_1.png
6,3,869,modular,3,u,img/target_7.png
6,3,870,modular,2,r,img/target_4.png
6,3,871,modular,1,p,img/target_10.png
6,3,872,modular,2,r,img/target_4.png
6,3,873,modular,4,b,img/target_6.png
6,3,874,modular,2,r,img/target_4.png
6,3,875,modular,1,p,img/target_10.png
6,3,876,modular,0,q,img/target_1.png
6,3,877,modular,9,w,img/target_2.png
6,3,878,modular,6,e,img/target_3.png
6,3,879,modular,8,v,img/target_5.png
6,3,880,modular,5,i,img/target_8.png
6,3,881,modular,7,o,img/target_9.png
6,3,882,modular,6,e,img/target_3.png
6,3,883,modular,9,w,img/target_2.png
6,3,884,modular,8,v,img/target_5.png
6,3,885,modular,7,o,img/target_9.png
6,3,886,modular,9,w,img/target_2.png
6,3,887,modular,8,v,img/target_5.png
6,3,888,modular,6,e,img/target_3.png
6,3,889,modular,9,w,img/target_2.png
6,3,890,modular,7,o,img/target_9.png
6,3,891,modular,9,w,img/target_2.png
6,3,892,modular,7,o,img/target_9.png
6,3,893,modular,6,e,img/target_3.png
6,3,894,modular,8,v,img/target_5.png
6,3,895,modular,9,w,img/target_2.png
6,3,896,modular,6,e,img/target_3.png
6,3,897,modular,7,o,img/target_9.png
6,3,898,modular,9,w,img/target_2.png
6,3,899,modular,8,v,img/target_5.png
6,3,900,modular,5,i,img/target_8.png
6,3,901,modular,8,v,img/target_5.png
6,3,902,modular,6,e,img/target_3.png
6,3,903,modular,7,o,img/target_9.png
6,3,904,modular,6,e,img/target_3.png
6,3,905,modular,5,i,img/target_8.png
6,3,906,modular,4,b,img/target_6.png
6,3,907,modular,5,i,img/target_8.png
6,3,908,modular,7,o,img/target_9.png
6,3,909,modular,5,i,img/target_8.png
6,3,910,modular,7,o,img/target_9.png
6,3,911,modular,8,v,img/target_5.png
6,3,912,modular,7,o,img/target_9.png
6,3,913,modular,9,w,img/target_2.png
6,3,914,modular,8,v,img/target_5.png
6,3,915,modular,7,o,img/target_9.png
6,3,916,modular,8,v,img/target_5.png
6,3,917,modular,5,i,img/target_8.png
6,3,918,modular,4,b,img/target_6.png
6,3,919,modular,1,p,img/target_10.png
6,3,920,modular,4,b,img/target_6.png
6,3,921,modular,2,r,img/target_4.png
6,3,922,modular,4,b,img/target_6.png
6,3,923,modular,1,p,img/target_10.png
6,3,924,modular,4,b,img/target_6.png
6,3,925,modular,5,i,img/target_8.png
6,3,926,modular,8,v,img/target_5.png
6,3,927,modular,6,e,img/target_3.png
6,3,928,modular,5,i,img/target_8.png
6,3,929,modular,4,b,img/target_6.png
6,3,930,modular,5,i,img/target_8.png
6,3,931,modular,7,o,img/target_9.png
6,3,932,modular,9,w,img/target_2.png
6,3,933,modular,8,v,img/target_5.png
6,3,934,modular,6,e,img/target_3.png
6,3,935,modular,5,i,img/target_8.png
6,3,936,modular,6,e,img/target_3.png
6,3,937,modular,9,w,img/target_2.png
6,3,938,modular,8,v,img/target_5.png
6,3,939,modular,9,w,img/target_2.png
6,3,940,modular,0,q,img/target_1.png
6,3,941,modular,1,p,img/target_10.png
6,3,942,modular,4,b,img/target_6.png
6,3,943,modular,2,r,img/target_4.png
6,3,944,modular,4,b,img/target_6.png
6,3,945,modular,1,p,img/target_10.png
6,3,946,modular,4,b,img/target_6.png
6,3,947,modular,2,r,img/target_4.png
6,3,948,modular,0,q,img/target_1.png
6,3,949,modular,3,u,img/target_7.png
6,3,950,modular,4,b,img/target_6.png
6,3,951,modular,1,p,img/target_10.png
6,3,952,modular,2,r,img/target_4.png
6,3,953,modular,0,q,img/target_1.png
6,3,954,modular,9,w,img/target_2.png
6,3,955,modular,0,q,img/target_1.png
6,3,956,modular,3,u,img/target_7.png
6,3,957,modular,0,q,img/target_1.png
6,3,958,modular,1,p,img/target_10.png
6,3,959,modular,4,b,img/target_6.png
6,3,960,modular,1,p,img/target_10.png
6,3,961,modular,0,q,img/target_1.png
6,3,962,modular,2,r,img/target_4.png
6,3,963,modular,1,p,img/target_10.png
6,3,964,modular,3,u,img/target_7.png
6,3,965,modular,1,p,img/target_10.png
6,3,966,modular,4,b,img/target_6.png
6,3,967,modular,5,i,img/target_8.png
6,3,968,modular,4,b,img/target_6.png
6,3,969,modular,2,r,img/target_4.png
6,3,970,modular,1,p,img/target_10.png
6,3,971,modular,3,u,img/target_7.png
6,3,972,modular,1,p,img/target_10.png
6,3,973,modular,0,q,img/target_1.png
6,3,974,modular,2,r,img/target_4.png
6,3,975,modular,4,b,img/target_6.png
6,3,976,modular,5,i,img/target_8.png
6,3,977,modular,7,o,img/target_9.png
6,3,978,modular,8,v,img/target_5.png
6,3,979,modular,6,e,img/target_3.png
6,3,980,modular,7,o,img/target_9.png
6,3,981,modular,6,e,img/target_3.png
6,3,982,modular,5,i,img/target_8.png
6,3,983,modular,6,e,img/target_3.png
6,3,984,modular,9,w,img/target_2.png
6,3,985,modular,6,e,img/target_3.png
6,3,986,modular,8,v,img/target_5.png
6,3,987,modular,7,o,img/target_9.png
6,3,988,modular,8,v,img/target_5.png
6,3,989,modular,5,i,img/target_8.png
6,3,990,modular,4,b,img/target_6.png
6,3,991,modular,1,p,img/target_10.png
6,3,992,modular,0,q,img/target_1.png
6,3,993,modular,3,u,img/target_7.png
6,3,994,modular,2,r,img/target_4.png
6,3,995,modular,0,q,img/target_1.png
6,3,996,modular,3,u,img/target_7.png
6,3,997,modular,0,q,img/target_1.png
6,3,998,modular,9,w,img/target_2.png
6,3,999,modular,7,o,img/target_9.png
6,3,1000,modular,6,e,img/target_3.png
