pID,sess,trialNum,graph,walk,resp,path
6,1,1,modular,0,q,img/target_1.png
6,1,2,modular,3,u,img/target_7.png
6,1,3,modular,1,p,img/target_10.png
6,1,4,modular,2,r,img/target_4.png
6,1,5,modular,4,b,img/target_6.png
6,1,6,modular,1,p,img/target_10.png
6,1,7,modular,3,u,img/target_7.png
6,1,8,modular,2,r,img/target_4.png
6,1,9,modular,3,u,img/target_7.png
6,1,10,modular,4,b,img/target_6.png
6,1,11,modular,1,p,img/target_10.png
6,1,12,modular,3,u,img/target_7.png
6,1,13,modular,2,r,img/target_4.png
6,1,14,modular,1,p,img/target_10.png
6,1,15,modular,2,r,img/target_4.png
6,1,16,modular,4,b,img/target_6.png
6,1,17,modular,5,i,img/target_8.png
6,1,18,modular,4,b,img/target_6.png
6,1,19,modular,1,p,img/target_10.png
6,1,20,modular,2,r,img/target_4.png
6,1,21,modular,0,q,img/target_1.png
6,1,22,modular,3,u,img/target_7.png
6,1,23,modular,0,q,img/target_1.png
6,1,24,modular,9,w,img/target_2.png
6,1,25,modular,0,q,img/target_1.png
6,1,26,modular,9,w,img/target_2.png
6,1,27,modular,6,e,img/target_3.png
6,1,28,modular,9,w,img/target_2.png
6,1,29,modular,8,v,img/target_5.png
6,1,30,modular,7,o,img/target_9.png
6,1,31,modular,6,e,img/target_3.png
6,1,32,modular,5,i,img/target_8.png
6,1,33,modular,4,b,img/target_6.png
6,1,34,modular,1,p,img/target_10.png
6,1,35,modular,0,q,img/target_1.png
6,1,36,modular,9,w,img/target_2.png
6,1,37,modular,8,v,img/target_5.png
6,1,38,modular,7,o,img/target_9.png
6,1,39,modular,6,e,img/target_3.png
6,1,40,modular,5,i,img/target_8.png
6,1,41,modular,7,o,img/target_9.png
6,1,42,modular,5,i,img/target_8.png
6,1,43,modular,6,e,img/target_3.png
6,1,44,modular,5,i,img/target_8.png
6,1,45,modular,8,v,img/target_5.png
6,1,46,modular,5,i,img/target_8.png
6,1,47,modular,7,o,img/target_9.png
6,1,48,modular,6,e,img/target_3.png
6,1,49,modular,9,w,img/target_2.png
6,1,50,modular,6,e,img/target_3.png
6,1,51,modular,9,w,img/target_2.png
6,1,52,modular,0,q,img/target_1.png
6,1,53,modular,2,r,img/target_4.png
6,1,54,modular,4,b,img/target_6.png
6,1,55,modular,1,p,img/target_10.png
6,1,56,modular,0,q,img/target_1.png
6,1,57,modular,1,p,img/target_10.png
6,1,58,modular,2,r,img/target_4.png
6,1,59,modular,1,p,img/target_10.png
6,1,60,modular,3,u,img/target_7.png
6,1,61,modular,2,r,img/target_4.png
6,1,62,modular,0,q,img/target_1.png
6,1,63,modular,9,w,img/target_2.png
6,1,64,modular,6,e,img/target_3.png
6,1,65,modular,8,v,img/target_5.png
6,1,66,modular,9,w,img/target_2.png
6,1,67,modular,8,v,img/target_5.png
6,1,68,modular,7,o,img/target_9.png
6,1,69,modular,5,i,img/target_8.png
6,1,70,modular,8,v,img/target_5.png
6,1,71,modular,6,e,img/target_3.png
6,1,72,modular,8,v,img/target_5.png
6,1,73,modular,9,w,img/target_2.png
6,1,74,modular,8,v,img/target_5.png
6,1,75,modular,6,e,img/target_3.png
6,1,76,modular,7,o,img/target_9.png
6,1,77,modular,9,w,img/target_2.png
6,1,78,modular,0,q,img/target_1.png
6,1,79,modular,1,p,img/target_10.png
6,1,80,modular,2,r,img/target_4.png
6,1,81,modular,0,q,img/target_1.png
6,1,82,modular,9,w,img/target_2.png
6,1,83,modular,6,e,img/target_3.png
6,1,84,modular,7,o,img/target_9.png
6,1,85,modular,6,e,img/target_3.png
6,1,86,modular,8,v,img/target_5.png
6,1,87,modular,9,w,img/target_2.png
6,1,88,modular,7,o,img/target_9.png
6,1,89,modular,8,v,img/target_5.png
6,1,90,modular,5,i,img/target_8.png
6,1,91,modular,4,b,img/target_6.png
6,1,92,modular,5,i,img/target_8.png
6,1,93,modular,7,o,img/target_9.png
6,1,94,modular,5,i,img/target_8.png
6,1,95,modular,4,b,img/target_6.png
6,1,96,modular,3,u,img/target_7.png
6,1,97,modular,4,b,img/target_6.png
6,1,98,modular,3,u,img/target_7.png
6,1,99,modular,4,b,img/target_6.png
6,1,100,modular,1,p,img/target_10.png
6,1,101,modular,3,u,img/target_7.png
6,1,102,modular,2,r,img/target_4.png
6,1,103,modular,1,p,img/target_10.png
6,1,104,modular,0,q,img/target_1.png
6,1,105,modular,1,p,img/target_10.png
6,1,106,modular,3,u,img/target_7.png
6,1,107,modular,2,r,img/target_4.png
6,1,108,modular,3,u,img/target_7.png
6,1,109,modular,0,q,img/target_1.png
6,1,110,modular,3,u,img/target_7.png
6,1,111,modular,4,b,img/target_6.png
6,1,112,modular,2,r,img/target_4.png
6,1,113,modular,4,b,img/target_6.png
6,1,114,modular,1,p,img/target_10.png
6,1,115,modular,2,r,img/target_4.png
6,1,116,modular,1,p,img/target_10.png
6,1,117,modular,0,q,img/target_1.png
6,1,118,modular,9,w,img/target_2.png
6,1,119,modular,0,q,img/target_1.png
6,1,120,modular,9,w,img/target_2.png
6,1,121,modular,6,e,img/target_3.png
6,1,122,modular,9,w,img/target_2.png
6,1,123,modular,8,v,img/target_5.png
6,1,124,modular,7,o,img/target_9.png
6,1,125,modular,8,v,img/target_5.png
6,1,126,modular,9,w,img/target_2.png
6,1,127,modular,7,o,img/target_9.png
6,1,128,modular,8,v,img/target_5.png
6,1,129,modular,5,i,img/target_8.png
6,1,130,modular,7,o,img/target_9.png
6,1,131,modular,8,v,img/target_5.png
6,1,132,modular,9,w,img/target_2.png
6,1,133,modular,0,q,img/target_1.png
6,1,134,modular,3,u,img/target_7.png
6,1,135,modular,2,r,img/target_4.png
6,1,136,modular,4,b,img/target_6.png
6,1,137,modular,5,i,img/target_8.png
6,1,138,modular,7,o,img/target_9.png
6,1,139,modular,6,e,img/target_3.png
6,1,140,modular,9,w,img/target_2.png
6,1,141,modular,6,e,img/target_3.png
6,1,142,modular,7,o,img/target_9.png
6,1,143,modular,5,i,img/target_8.png
6,1,144,modular,7,o,img/target_9.png
6,1,145,modular,9,w,img/target_2.png
6,1,146,modular,7,o,img/target_9.png
6,1,147,modular,9,w,img/target_2.png
6,1,148,modular,0,q,img/target_1.png
6,1,149,modular,1,p,img/target_10.png
6,1,150,modular,3,u,img/target_7.png
6,1,151,modular,4,b,img/target_6.png
6,1,152,modular,2,r,img/target_4.png
6,1,153,modular,1,p,img/target_10.png
6,1,154,modular,0,q,img/target_1.png
6,1,155,modular,3,u,img/target_7.png
6,1,156,modular,2,r,img/target_4.png
6,1,157,modular,3,u,img/target_7.png
6,1,158,modular,2,r,img/target_4.png
6,1,159,modular,0,q,img/target_1.png
6,1,160,modular,1,p,img/target_10.png
6,1,161,modular,3,u,img/target_7.png
6,1,162,modular,0,q,img/target_1.png
6,1,163,modular,1,p,img/target_10.png
6,1,164,modular,4,b,img/target_6.png
6,1,165,modular,2,r,img/target_4.png
6,1,166,modular,3,u,img/target_7.png
6,1,167,modular,2,r,img/target_4.png
6,1,168,modular,1,p,img/target_10.png
6,1,169,modular,0,q,img/target_1.png
6,1,170,modular,2,r,img/target_4.png
6,1,171,modular,0,q,img/target_1.png
6,1,172,modular,3,u,img/target_7.png
6,1,173,modular,1,p,img/target_10.png
6,1,174,modular,3,u,img/target_7.png
6,1,175,modular,4,b,img/target_6.png
6,1,176,modular,5,i,img/target_8.png
6,1,177,modular,6,e,img/target_3.png
6,1,178,modular,8,v,img/target_5.png
6,1,179,modular,9,w,img/target_2.png
6,1,180,modular,0,q,img/target_1.png
6,1,181,modular,3,u,img/target_7.png
6,1,182,modular,0,q,img/target_1.png
6,1,183,modular,9,w,img/target_2.png
6,1,184,modular,8,v,img/target_5.png
6,1,185,modular,7,o,img/target_9.png
6,1,186,modular,6,e,img/target_3.png
6,1,187,modular,8,v,img/target_5.png
6,1,188,modular,7,o,img/target_9.png
6,1,189,modular,5,i,img/target_8.png
6,1,190,modular,4,b,img/target_6.png
6,1,191,modular,3,u,img/target_7.png
6,1,192,modular,4,b,img/target_6.png
6,1,193,modular,1,p,img/target_10.png
6,1,194,modular,3,u,img/target_7.png
6,1,195,modular,4,b,img/target_6.png
6,1,196,modular,1,p,img/target_10.png
6,1,197,modular,2,r,img/target_4.png
6,1,198,modular,1,p,img/target_10.png
6,1,199,modular,4,b,img/target_6.png
6,1,200,modular,2,r,img/target_4.png
6,1,201,modular,4,b,img/target_6.png
6,1,202,modular,5,i,img/target_8.png
6,1,203,modular,6,e,img/target_3.png
6,1,204,modular,5,i,img/target_8.png
6,1,205,modular,6,e,img/target_3.png
6,1,206,modular,8,v,img/target_5.png
6,1,207,modular,9,w,img/target_2.png
6,1,208,modular,0,q,img/target_1.png
6,1,209,modular,1,p,img/target_10.png
6,1,210,modular,0,q,img/target_1.png
6,1,211,modular,2,r,img/target_4.png
6,1,212,modular,1,p,img/target_10.png
6,1,213,modular,0,q,img/target_1.png
6,1,214,modular,1,p,img/target_10.png
6,1,215,modular,4,b,img/target_6.png
6,1,216,modular,5,i,img/target_8.png
6,1,217,modular,8,v,img/target_5.png
6,1,218,modular,5,i,img/target_8.png
6,1,219,modular,6,e,img/target_3.png
6,1,220,modular,5,i,img/target_8.png
6,1,221,modular,6,e,img/target_3.png
6,1,222,modular,7,o,img/target_9.png
6,1,223,modular,5,i,img/target_8.png
6,1,224,modular,4,b,img/target_6.png
6,1,225,modular,3,u,img/target_7.png
6,1,226,modular,2,r,img/target_4.png
6,1,227,modular,0,q,img/target_1.png
6,1,228,modular,1,p,img/target_10.png
6,1,229,modular,3,u,img/target_7.png
6,1,230,modular,4,b,img/target_6.png
6,1,231,modular,2,r,img/target_4.png
6,1,232,modular,4,b,img/target_6.png
6,1,233,modular,2,r,img/target_4.png
6,1,234,modular,1,p,img/target_10.png
6,1,235,modular,4,b,img/target_6.png
6,1,236,modular,1,p,img/target_10.png
6,1,237,modular,4,b,img/target_6.png
6,1,238,modular,2,r,img/target_4.png
6,1,239,modular,1,p,img/target_10.png
6,1,240,modular,2,r,img/target_4.png
6,1,241,modular,1,p,img/target_10.png
6,1,242,modular,3,u,img/target_7.png
6,1,243,modular,0,q,img/target_1.png
6,1,244,modular,9,w,img/target_2.png
6,1,245,modular,0,q,img/target_1.png
6,1,246,modular,1,p,img/target_10.png
6,1,247,modular,4,b,img/target_6.png
6,1,248,modular,1,p,img/target_10.png
6,1,249,modular,3,u,img/target_7.png
6,1,250,modular,2,r,img/target_4.png
6,1,251,modular,4,b,img/target_6.png
6,1,252,modular,3,u,img/target_7.png
6,1,253,modular,1,p,img/target_10.png
6,1,254,modular,2,r,img/target_4.png
6,1,255,modular,4,b,img/target_6.png
6,1,256,modular,1,p,img/target_10.png
6,1,257,modular,2,r,img/target_4.png
6,1,258,modular,0,q,img/target_1.png
6,1,259,modular,2,r,img/target_4.png
6,1,260,modular,0,q,img/target_1.png
6,1,261,modular,1,p,img/target_10.png
6,1,262,modular,4,b,img/target_6.png
6,1,263,modular,2,r,img/target_4.png
6,1,264,modular,0,q,img/target_1.png
6,1,265,modular,2,r,img/target_4.png
6,1,266,modular,0,q,img/target_1.png
6,1,267,modular,3,u,img/target_7.png
6,1,268,modular,4,b,img/target_6.png
6,1,269,modular,3,u,img/target_7.png
6,1,270,modular,4,b,img/target_6.png
6,1,271,modular,3,u,img/target_7.png
6,1,272,modular,0,q,img/target_1.png
6,1,273,modular,2,r,img/target_4.png
6,1,274,modular,1,p,img/target_10.png
6,1,275,modular,3,u,img/target_7.png
6,1,276,modular,4,b,img/target_6.png
6,1,277,modular,5,i,img/target_8.png
6,1,278,modular,8,v,img/target_5.png
6,1,279,modular,5,i,img/target_8.png
6,1,280,modular,6,e,img/target_3.png
6,1,281,modular,5,i,img/target_8.png
6,1,282,modular,8,v,img/target_5.png
6,1,283,modular,7,o,img/target_9.png
6,1,284,modular,9,w,img/target_2.png
6,1,285,modular,0,q,img/target_1.png
6,1,286,modular,2,r,img/target_4.png
6,1,287,modular,4,b,img/target_6.png
6,1,288,modular,3,u,img/target_7.png
6,1,289,modular,2,r,img/target_4.png
6,1,290,modular,1,p,img/target_10.png
6,1,291,modular,4,b,img/target_6.png
6,1,292,modular,5,i,img/target_8.png
6,1,293,modular,6,e,img/target_3.png
6,1,294,modular,9,w,img/target_2.png
6,1,295,modular,6,e,img/target_3.png
6,1,296,modular,8,v,img/target_5.png
6,1,297,modular,6,e,img/target_3.png
6,1,298,modular,5,i,img/target_8.png
6,1,299,modular,4,b,img/target_6.png
6,1,300,modular,3,u,img/target_7.png
6,1,301,modular,0,q,img/target_1.png
6,1,302,modular,2,r,img/target_4.png
6,1,303,modular,4,b,img/target_6.png
6,1,304,modular,3,u,img/target_7.png
6,1,305,modular,2,r,img/target_4.png
6,1,306,modular,1,p,img/target_10.png
6,1,307,modular,3,u,img/target_7.png
6,1,308,modular,1,p,img/target_10.png
6,1,309,modular,2,r,img/target_4.png
6,1,310,modular,4,b,img/target_6.png
6,1,311,modular,3,u,img/target_7.png
6,1,312,modular,2,r,img/target_4.png
6,1,313,modular,1,p,img/target_10.png
6,1,314,modular,4,b,img/target_6.png
6,1,315,modular,1,p,img/target_10.png
6,1,316,modular,0,q,img/target_1.png
6,1,317,modular,9,w,img/target_2.png
6,1,318,modular,6,e,img/target_3.png
6,1,319,modular,9,w,img/target_2.png
6,1,320,modular,6,e,img/target_3.png
6,1,321,modular,7,o,img/target_9.png
6,1,322,modular,8,v,img/target_5.png
6,1,323,modular,6,e,img/target_3.png
6,1,324,modular,9,w,img/target_2.png
6,1,325,modular,0,q,img/target_1.png
6,1,326,modular,2,r,img/target_4.png
6,1,327,modular,3,u,img/target_7.png
6,1,328,modular,4,b,img/target_6.png
6,1,329,modular,2,r,img/target_4.png
6,1,330,modular,3,u,img/target_7.png
6,1,331,modular,4,b,img/target_6.png
6,1,332,modular,5,i,img/target_8.png
6,1,333,modular,4,b,img/target_6.png
6,1,334,modular,2,r,img/target_4.png
6,1,335,modular,1,p,img/target_10.png
6,1,336,modular,2,r,img/target_4.png
6,1,337,modular,1,p,img/target_10.png
6,1,338,modular,4,b,img/target_6.png
6,1,339,modular,1,p,img/target_10.png
6,1,340,modular,3,u,img/target_7.png
6,1,341,modular,1,p,img/target_10.png
6,1,342,modular,4,b,img/target_6.png
6,1,343,modular,5,i,img/target_8.png
6,1,344,modular,6,e,img/target_3.png
6,1,345,modular,9,w,img/target_2.png
6,1,346,modular,0,q,img/target_1.png
6,1,347,modular,1,p,img/target_10.png
6,1,348,modular,0,q,img/target_1.png
6,1,349,modular,2,r,img/target_4.png
6,1,350,modular,1,p,img/target_10.png
6,1,351,modular,0,q,img/target_1.png
6,1,352,modular,9,w,img/target_2.png
6,1,353,modular,0,q,img/target_1.png
6,1,354,modular,2,r,img/target_4.png
6,1,355,modular,3,u,img/target_7.png
6,1,356,modular,4,b,img/target_6.png
6,1,357,modular,2,r,img/target_4.png
6,1,358,modular,4,b,img/target_6.png
6,1,359,modular,2,r,img/target_4.png
6,1,360,modular,3,u,img/target_7.png
6,1,361,modular,1,p,img/target_10.png
6,1,362,modular,2,r,img/target_4.png
6,1,363,modular,4,b,img/target_6.png
6,1,364,modular,1,p,img/target_10.png
6,1,365,modular,0,q,img/target_1.png
6,1,366,modular,9,w,img/target_2.png
6,1,367,modular,6,e,img/target_3.png
6,1,368,modular,9,w,img/target_2.png
6,1,369,modular,8,v,img/target_5.png
6,1,370,modular,5,i,img/target_8.png
6,1,371,modular,8,v,img/target_5.png
6,1,372,modular,7,o,img/target_9.png
6,1,373,modular,8,v,img/target_5.png
6,1,374,modular,9,w,img/target_2.png
6,1,375,modular,6,e,img/target_3.png
6,1,376,modular,8,v,img/target_5.png
6,1,377,modular,6,e,img/target_3.png
6,1,378,modular,9,w,img/target_2.png
6,1,379,modular,6,e,img/target_3.png
6,1,380,modular,7,o,img/target_9.png
6,1,381,modular,5,i,img/target_8.png
6,1,382,modular,6,e,img/target_3.png
6,1,383,modular,7,o,img/target_9.png
6,1,384,modular,5,i,img/target_8.png
6,1,385,modular,6,e,img/target_3.png
6,1,386,modular,7,o,img/target_9.png
6,1,387,modular,5,i,img/target_8.png
6,1,388,modular,7,o,img/target_9.png
6,1,389,modular,6,e,img/target_3.png
6,1,390,modular,9,w,img/target_2.png
6,1,391,modular,8,v,img/target_5.png
6,1,392,modular,7,o,img/target_9.png
6,1,393,modular,6,e,img/target_3.png
6,1,394,modular,5,i,img/target_8.png
6,1,395,modular,8,v,img/target_5.png
6,1,396,modular,9,w,img/target_2.png
6,1,397,modular,0,q,img/target_1.png
6,1,398,modular,3,u,img/target_7.png
6,1,399,modular,1,p,img/target_10.png
6,1,400,modular,2,r,img/target_4.png
6,1,401,modular,3,u,img/target_7.png
6,1,402,modular,4,b,img/target_6.png
6,1,403,modular,2,r,img/target_4.png
6,1,404,modular,4,b,img/target_6.png
6,1,405,modular,5,i,img/target_8.png
6,1,406,modular,6,e,img/target_3.png
6,1,407,modular,5,i,img/target_8.png
6,1,408,modular,8,v,img/target_5.png
6,1,409,modular,9,w,img/target_2.png
6,1,410,modular,0,q,img/target_1.png
6,1,411,modular,1,p,img/target_10.png
6,1,412,modular,2,r,img/target_4.png
6,1,413,modular,4,b,img/target_6.png
6,1,414,modular,1,p,img/target_10.png
6,1,415,modular,3,u,img/target_7.png
6,1,416,modular,0,q,img/target_1.png
6,1,417,modular,9,w,img/target_2.png
6,1,418,modular,7,o,img/target_9.png
6,1,419,modular,9,w,img/target_2.png
6,1,420,modular,7,o,img/target_9.png
6,1,421,modular,5,i,img/target_8.png
6,1,422,modular,7,o,img/target_9.png
6,1,423,modular,5,i,img/target_8.png
6,1,424,modular,4,b,img/target_6.png
6,1,425,modular,1,p,img/target_10.png
6,1,426,modular,2,r,img/target_4.png
6,1,427,modular,1,p,img/target_10.png
6,1,428,modular,3,u,img/target_7.png
6,1,429,modular,0,q,img/target_1.png
6,1,430,modular,1,p,img/target_10.png
6,1,431,modular,4,b,img/target_6.png
6,1,432,modular,2,r,img/target_4.png
6,1,433,modular,1,p,img/target_10.png
6,1,434,modular,2,r,img/target_4.png
6,1,435,modular,1,p,img/target_10.png
6,1,436,modular,4,b,img/target_6.png
6,1,437,modular,2,r,img/target_4.png
6,1,438,modular,3,u,img/target_7.png
6,1,439,modular,4,b,img/target_6.png
6,1,440,modular,3,u,img/target_7.png
6,1,441,modular,2,r,img/target_4.png
6,1,442,modular,1,p,img/target_10.png
6,1,443,modular,4,b,img/target_6.png
6,1,444,modular,2,r,img/target_4.png
6,1,445,modular,4,b,img/target_6.png
6,1,446,modular,3,u,img/target_7.png
6,1,447,modular,4,b,img/target_6.png
6,1,448,modular,3,u,img/target_7.png
6,1,449,modular,0,q,img/target_1.png
6,1,450,modular,3,u,img/target_7.png
6,1,451,modular,2,r,img/target_4.png
6,1,452,modular,4,b,img/target_6.png
6,1,453,modular,2,r,img/target_4.png
6,1,454,modular,0,q,img/target_1.png
6,1,455,modular,3,u,img/target_7.png
6,1,456,modular,0,q,img/target_1.png
6,1,457,modular,1,p,img/target_10.png
6,1,458,modular,4,b,img/target_6.png
6,1,459,modular,3,u,img/target_7.png
6,1,460,modular,4,b,img/target_6.png
6,1,461,modular,1,p,img/target_10.png
6,1,462,modular,0,q,img/target_1.png
6,1,463,modular,9,w,img/target_2.png
6,1,464,modular,7,o,img/target_9.png
6,1,465,modular,9,w,img/target_2.png
6,1,466,modular,8,v,img/target_5.png
6,1,467,modular,7,o,img/target_9.png
6,1,468,modular,5,i,img/target_8.png
6,1,469,modular,6,e,img/target_3.png
6,1,470,modular,9,w,img/target_2.png
6,1,471,modular,6,e,img/target_3.png
6,1,472,modular,8,v,img/target_5.png
6,1,473,modular,7,o,img/target_9.png
6,1,474,modular,9,w,img/target_2.png
6,1,475,modular,6,e,img/target_3.png
6,1,476,modular,8,v,img/target_5.png
6,1,477,modular,5,i,img/target_8.png
6,1,478,modular,6,e,img/target_3.png
6,1,479,modular,9,w,img/target_2.png
6,1,480,modular,0,q,img/target_1.png
6,1,481,modular,1,p,img/target_10.png
6,1,482,modular,4,b,img/target_6.png
6,1,483,modular,5,i,img/target_8.png
6,1,484,modular,7,o,img/target_9.png
6,1,485,modular,9,w,img/target_2.png
6,1,486,modular,7,o,img/target_9.png
6,1,487,modular,9,w,img/target_2.png
6,1,488,modular,0,q,img/target_1.png
6,1,489,modular,3,u,img/target_7.png
6,1,490,modular,0,q,img/target_1.png
6,1,491,modular,1,p,img/target_10.png
6,1,492,modular,0,q,img/target_1.png
6,1,493,modular,3,u,img/target_7.png
6,1,494,modular,2,r,img/target_4.png
6,1,495,modular,3,u,img/target_7.png
6,1,496,modular,4,b,img/target_6.png
6,1,497,modular,1,p,img/target_10.png
6,1,498,modular,4,b,img/target_6.png
6,1,499,modular,1,p,img/target_10.png
6,1,500,modular,0,q,img/target_1.png
6,1,501,modular,9,w,img/target_2.png
6,1,502,modular,6,e,img/target_3.png
6,1,503,modular,5,i,img/target_8.png
6,1,504,modular,6,e,img/target_3.png
6,1,505,modular,9,w,img/target_2.png
6,1,506,modular,6,e,img/target_3.png
6,1,507,modular,5,i,img/target_8.png
6,1,508,modular,4,b,img/target_6.png
6,1,509,modular,2,r,img/target_4.png
6,1,510,modular,3,u,img/target_7.png
6,1,511,modular,2,r,img/target_4.png
6,1,512,modular,0,q,img/target_1.png
6,1,513,modular,9,w,img/target_2.png
6,1,514,modular,7,o,img/target_9.png
6,1,515,modular,9,w,img/target_2.png
6,1,516,modular,8,v,img/target_5.png
6,1,517,modular,6,e,img/target_3.png
6,1,518,modular,9,w,img/target_2.png
6,1,519,modular,0,q,img/target_1.png
6,1,520,modular,1,p,img/target_10.png
6,1,521,modular,4,b,img/target_6.png
6,1,522,modular,2,r,img/target_4.png
6,1,523,modular,4,b,img/target_6.png
6,1,524,modular,1,p,img/target_10.png
6,1,525,modular,4,b,img/target_6.png
6,1,526,modular,1,p,img/target_10.png
6,1,527,modular,0,q,img/target_1.png
6,1,528,modular,1,p,img/target_10.png
6,1,529,modular,0,q,img/target_1.png
6,1,530,modular,3,u,img/target_7.png
6,1,531,modular,4,b,img/target_6.png
6,1,532,modular,2,r,img/target_4.png
6,1,533,modular,0,q,img/target_1.png
6,1,534,modular,9,w,img/target_2.png
6,1,535,modular,8,v,img/target_5.png
6,1,536,modular,5,i,img/target_8.png
6,1,537,modular,6,e,img/target_3.png
6,1,538,modular,8,v,img/target_5.png
6,1,539,modular,5,i,img/target_8.png
6,1,540,modular,7,o,img/target_9.png
6,1,541,modular,5,i,img/target_8.png
6,1,542,modular,6,e,img/target_3.png
6,1,543,modular,8,v,img/target_5.png
6,1,544,modular,9,w,img/target_2.png
6,1,545,modular,6,e,img/target_3.png
6,1,546,modular,9,w,img/target_2.png
6,1,547,modular,6,e,img/target_3.png
6,1,548,modular,7,o,img/target_9.png
6,1,549,modular,6,e,img/target_3.png
6,1,550,modular,9,w,img/target_2.png
6,1,551,modular,7,o,img/target_9.png
6,1,552,modular,5,i,img/target_8.png
6,1,553,modular,4,b,img/target_6.png
6,1,554,modular,2,r,img/target_4.png
6,1,555,modular,0,q,img/target_1.png
6,1,556,modular,9,w,img/target_2.png
6,1,557,modular,0,q,img/target_1.png
6,1,558,modular,9,w,img/target_2.png
6,1,559,modular,7,o,img/target_9.png
6,1,560,modular,8,v,img/target_5.png
6,1,561,modular,7,o,img/target_9.png
6,1,562,modular,5,i,img/target_8.png
6,1,563,modular,4,b,img/target_6.png
6,1,564,modular,2,r,img/target_4.png
6,1,565,modular,3,u,img/target_7.png
6,1,566,modular,0,q,img/target_1.png
6,1,567,modular,1,p,img/target_10.png
6,1,568,modular,3,u,img/target_7.png
6,1,569,modular,1,p,img/target_10.png
6,1,570,modular,3,u,img/target_7.png
6,1,571,modular,0,q,img/target_1.png
6,1,572,modular,3,u,img/target_7.png
6,1,573,modular,4,b,img/target_6.png
6,1,574,modular,1,p,img/target_10.png
6,1,575,modular,4,b,img/target_6.png
6,1,576,modular,2,r,img/target_4.png
6,1,577,modular,3,u,img/target_7.png
6,1,578,modular,1,p,img/target_10.png
6,1,579,modular,3,u,img/target_7.png
6,1,580,modular,4,b,img/target_6.png
6,1,581,modular,2,r,img/target_4.png
6,1,582,modular,3,u,img/target_7.png
6,1,583,modular,2,r,img/target_4.png
6,1,584,modular,4,b,img/target_6.png
6,1,585,modular,3,u,img/target_7.png
6,1,586,modular,1,p,img/target_10.png
6,1,587,modular,4,b,img/target_6.png
6,1,588,modular,5,i,img/target_8.png
6,1,589,modular,4,b,img/target_6.png
6,1,590,modular,1,p,img/target_10.png
6,1,591,modular,3,u,img/target_7.png
6,1,592,modular,0,q,img/target_1.png
6,1,593,modular,3,u,img/target_7.png
6,1,594,modular,2,r,img/target_4.png
6,1,595,modular,1,p,img/target_10.png
6,1,596,modular,0,q,img/target_1.png
6,1,597,modular,9,w,img/target_2.png
6,1,598,modular,8,v,img/target_5.png
6,1,599,modular,7,o,img/target_9.png
6,1,600,modular,5,i,img/target_8.png
6,1,601,modular,7,o,img/target_9.png
6,1,602,modular,8,v,img/target_5.png
6,1,603,modular,7,o,img/target_9.png
6,1,604,modular,5,i,img/target_8.png
6,1,605,modular,4,b,img/target_6.png
6,1,606,modular,1,p,img/target_10.png
6,1,607,modular,4,b,img/target_6.png
6,1,608,modular,3,u,img/target_7.png
6,1,609,modular,2,r,img/target_4.png
6,1,610,modular,4,b,img/target_6.png
6,1,611,modular,2,r,img/target_4.png
6,1,612,modular,4,b,img/target_6.png
6,1,613,modular,1,p,img/target_10.png
6,1,614,modular,2,r,img/target_4.png
6,1,615,modular,0,q,img/target_1.png
6,1,616,modular,2,r,img/target_4.png
6,1,617,modular,0,q,img/target_1.png
6,1,618,modular,1,p,img/target_10.png
6,1,619,modular,4,b,img/target_6.png
6,1,620,modular,5,i,img/target_8.png
6,1,621,modular,7,o,img/target_9.png
6,1,622,modular,8,v,img/target_5.png
6,1,623,modular,7,o,img/target_9.png
6,1,624,modular,6,e,img/target_3.png
6,1,625,modular,9,w,img/target_2.png
6,1,626,modular,6,e,img/target_3.png
6,1,627,modular,8,v,img/target_5.png
6,1,628,modular,7,o,img/target_9.png
6,1,629,modular,5,i,img/target_8.png
6,1,630,modular,4,b,img/target_6.png
6,1,631,modular,2,r,img/target_4.png
6,1,632,modular,4,b,img/target_6.png
6,1,633,modular,1,p,img/target_10.png
6,1,634,modular,4,b,img/target_6.png
6,1,635,modular,2,r,img/target_4.png
6,1,636,modular,4,b,img/target_6.png
6,1,637,modular,5,i,img/target_8.png
6,1,638,modular,6,e,img/target_3.png
6,1,639,modular,9,w,img/target_2.png
6,1,640,modular,0,q,img/target_1.png
6,1,641,modular,9,w,img/target_2.png
6,1,642,modular,6,e,img/target_3.png
6,1,643,modular,5,i,img/target_8.png
6,1,644,modular,8,v,img/target_5.png
6,1,645,modular,5,i,img/target_8.png
6,1,646,modular,8,v,img/target_5.png
6,1,647,modular,6,e,img/target_3.png
6,1,648,modular,7,o,img/target_9.png
6,1,649,modular,5,i,img/target_8.png
6,1,650,modular,8,v,img/target_5.png
6,1,651,modular,6,e,img/target_3.png
6,1,652,modular,9,w,img/target_2.png
6,1,653,modular,0,q,img/target_1.png
6,1,654,modular,9,w,img/target_2.png
6,1,655,modular,7,o,img/target_9.png
6,1,656,modular,8,v,img/target_5.png
6,1,657,modular,7,o,img/target_9.png
6,1,658,modular,6,e,img/target_3.png
6,1,659,modular,7,o,img/target_9.png
6,1,660,modular,8,v,img/target_5.png
6,1,661,modular,9,w,img/target_2.png
6,1,662,modular,7,o,img/target_9.png
6,1,663,modular,8,v,img/target_5.png
6,1,664,modular,6,e,img/target_3.png
6,1,665,modular,8,v,img/target_5.png
6,1,666,modular,5,i,img/target_8.png
6,1,667,modular,7,o,img/target_9.png
6,1,668,modular,5,i,img/target_8.png
6,1,669,modular,8,v,img/target_5.png
6,1,670,modular,9,w,img/target_2.png
6,1,671,modular,6,e,img/target_3.png
6,1,672,modular,9,w,img/target_2.png
6,1,673,modular,8,v,img/target_5.png
6,1,674,modular,7,o,img/target_9.png
6,1,675,modular,5,i,img/target_8.png
6,1,676,modular,8,v,img/target_5.png
6,1,677,modular,6,e,img/target_3.png
6,1,678,modular,8,v,img/target_5.png
6,1,679,modular,5,i,img/target_8.png
6,1,680,modular,8,v,img/target_5.png
6,1,681,modular,7,o,img/target_9.png
6,1,682,modular,6,e,img/target_3.png
6,1,683,modular,7,o,img/target_9.png
6,1,684,modular,5,i,img/target_8.png
6,1,685,modular,6,e,img/target_3.png
6,1,686,modular,8,v,img/target_5.png
6,1,687,modular,6,e,img/target_3.png
6,1,688,modular,9,w,img/target_2.png
6,1,689,modular,7,o,img/target_9.png
6,1,690,modular,9,w,img/target_2.png
6,1,691,modular,8,v,img/target_5.png
6,1,692,modular,5,i,img/target_8.png
6,1,693,modular,7,o,img/target_9.png
6,1,694,modular,5,i,img/target_8.png
6,1,695,modular,6,e,img/target_3.png
6,1,696,modular,8,v,img/target_5.png
6,1,697,modular,7,o,img/target_9.png
6,1,698,modular,5,i,img/target_8.png
6,1,699,modular,4,b,img/target_6.png
6,1,700,modular,1,p,img/target_10.png
6,1,701,modular,2,r,img/target_4.png
6,1,702,modular,3,u,img/target_7.png
6,1,703,modular,0,q,img/target_1.png
6,1,704,modular,2,r,img/target_4.png
6,1,705,modular,4,b,img/target_6.png
6,1,706,modular,3,u,img/target_7.png
6,1,707,modular,1,p,img/target_10.png
6,1,708,modular,3,u,img/target_7.png
6,1,709,modular,4,b,img/target_6.png
6,1,710,modular,5,i,img/target_8.png
6,1,711,modular,4,b,img/target_6.png
6,1,712,modular,5,i,img/target_8.png
6,1,713,modular,7,o,img/target_9.png
6,1,714,modular,6,e,img/target_3.png
6,1,715,modular,8,v,img/target_5.png
6,1,716,modular,9,w,img/target_2.png
6,1,717,modular,0,q,img/target_1.png
6,1,718,modular,2,r,img/target_4.png
6,1,719,modular,3,u,img/target_7.png
6,1,720,modular,1,p,img/target_10.png
6,1,721,modular,2,r,img/target_4.png
6,1,722,modular,0,q,img/target_1.png
6,1,723,modular,1,p,img/target_10.png
6,1,724,modular,0,q,img/target_1.png
6,1,725,modular,3,u,img/target_7.png
6,1,726,modular,2,r,img/target_4.png
6,1,727,modular,0,q,img/target_1.png
6,1,728,modular,2,r,img/target_4.png
6,1,729,modular,4,b,img/target_6.png
6,1,730,modular,2,r,img/target_4.png
6,1,731,modular,4,b,img/target_6.png
6,1,732,modular,3,u,img/target_7.png
6,1,733,modular,1,p,img/target_10.png
6,1,734,modular,2,r,img/target_4.png
6,1,735,modular,1,p,img/target_10.png
6,1,736,modular,2,r,img/target_4.png
6,1,737,modular,0,q,img/target_1.png
6,1,738,modular,9,w,img/target_2.png
6,1,739,modular,6,e,img/target_3.png
6,1,740,modular,7,o,img/target_9.png
6,1,741,modular,9,w,img/target_2.png
6,1,742,modular,0,q,img/target_1.png
6,1,743,modular,9,w,img/target_2.png
6,1,744,modular,0,q,img/target_1.png
6,1,745,modular,2,r,img/target_4.png
6,1,746,modular,0,q,img/target_1.png
6,1,747,modular,9,w,img/target_2.png
6,1,748,modular,8,v,img/target_5.png
6,1,749,modular,6,e,img/target_3.png
6,1,750,modular,7,o,img/target_9.png
6,1,751,modular,9,w,img/target_2.png
6,1,752,modular,0,q,img/target_1.png
6,1,753,modular,1,p,img/target_10.png
6,1,754,modular,4,b,img/target_6.png
6,1,755,modular,1,p,img/target_10.png
6,1,756,modular,0,q,img/target_1.png
6,1,757,modular,3,u,img/target_7.png
6,1,758,modular,4,b,img/target_6.png
6,1,759,modular,2,r,img/target_4.png
6,1,760,modular,1,p,img/target_10.png
6,1,761,modular,2,r,img/target_4.png
6,1,762,modular,4,b,img/target_6.png
6,1,763,modular,1,p,img/target_10.png
6,1,764,modular,0,q,img/target_1.png
6,1,765,modular,3,u,img/target_7.png
6,1,766,modular,4,b,img/target_6.png
6,1,767,modular,3,u,img/target_7.png
6,1,768,modular,0,q,img/target_1.png
6,1,769,modular,3,u,img/target_7.png
6,1,770,modular,0,q,img/target_1.png
6,1,771,modular,9,w,img/target_2.png
6,1,772,modular,0,q,img/target_1.png
6,1,773,modular,9,w,img/target_2.png
6,1,774,modular,0,q,img/target_1.png
6,1,775,modular,9,w,img/target_2.png
6,1,776,modular,0,q,img/target_1.png
6,1,777,modular,9,w,img/target_2.png
6,1,778,modular,6,e,img/target_3.png
6,1,779,modular,7,o,img/target_9.png
6,1,780,modular,5,i,img/target_8.png
6,1,781,modular,8,v,img/target_5.png
6,1,782,modular,6,e,img/target_3.png
6,1,783,modular,9,w,img/target_2.png
6,1,784,modular,0,q,img/target_1.png
6,1,785,modular,1,p,img/target_10.png
6,1,786,modular,3,u,img/target_7.png
6,1,787,modular,4,b,img/target_6.png
6,1,788,modular,2,r,img/target_4.png
6,1,789,modular,1,p,img/target_10.png
6,1,790,modular,4,b,img/target_6.png
6,1,791,modular,2,r,img/target_4.png
6,1,792,modular,3,u,img/target_7.png
6,1,793,modular,1,p,img/target_10.png
6,1,794,modular,0,q,img/target_1.png
6,1,795,modular,2,r,img/target_4.png
6,1,796,modular,3,u,img/target_7.png
6,1,797,modular,2,r,img/target_4.png
6,1,798,modular,1,p,img/target_10.png
6,1,799,modular,3,u,img/target_7.png
6,1,800,modular,4,b,img/target_6.png
6,1,801,modular,2,r,img/target_4.png
6,1,802,modular,3,u,img/target_7.png
6,1,803,modular,0,q,img/target_1.png
6,1,804,modular,1,p,img/target_10.png
6,1,805,modular,0,q,img/target_1.png
6,1,806,modular,3,u,img/target_7.png
6,1,807,modular,1,p,img/target_10.png
6,1,808,modular,0,q,img/target_1.png
6,1,809,modular,3,u,img/target_7.png
6,1,810,modular,0,q,img/target_1.png
6,1,811,modular,3,u,img/target_7.png
6,1,812,modular,1,p,img/target_10.png
6,1,813,modular,0,q,img/target_1.png
6,1,814,modular,1,p,img/target_10.png
6,1,815,modular,2,r,img/target_4.png
6,1,816,modular,1,p,img/target_10.png
6,1,817,modular,0,q,img/target_1.png
6,1,818,modular,9,w,img/target_2.png
6,1,819,modular,6,e,img/target_3.png
6,1,820,modular,9,w,img/target_2.png
6,1,821,modular,8,v,img/target_5.png
6,1,822,modular,5,i,img/target_8.png
6,1,823,modular,8,v,img/target_5.png
6,1,824,modular,5,i,img/target_8.png
6,1,825,modular,4,b,img/target_6.png
6,1,826,modular,3,u,img/target_7.png
6,1,827,modular,4,b,img/target_6.png
6,1,828,modular,5,i,img/target_8.png
6,1,829,modular,6,e,img/target_3.png
6,1,830,modular,8,v,img/target_5.png
6,1,831,modular,6,e,img/target_3.png
6,1,832,modular,9,w,img/target_2.png
6,1,833,modular,8,v,img/target_5.png
6,1,834,modular,7,o,img/target_9.png
6,1,835,modular,8,v,img/target_5.png
6,1,836,modular,7,o,img/target_9.png
6,1,837,modular,5,i,img/target_8.png
6,1,838,modular,4,b,img/target_6.png
6,1,839,modular,1,p,img/target_10.png
6,1,840,modular,4,b,img/target_6.png
6,1,841,modular,1,p,img/target_10.png
6,1,842,modular,0,q,img/target_1.png
6,1,843,modular,1,p,img/target_10.png
6,1,844,modular,2,r,img/target_4.png
6,1,845,modular,0,q,img/target_1.png
6,1,846,modular,3,u,img/target_7.png
6,1,847,modular,1,p,img/target_10.png
6,1,848,modular,2,r,img/target_4.png
6,1,849,modular,3,u,img/target_7.png
6,1,850,modular,0,q,img/target_1.png
6,1,851,modular,3,u,img/target_7.png
6,1,852,modular,4,b,img/target_6.png
6,1,853,modular,3,u,img/target_7.png
6,1,854,modular,4,b,img/target_6.png
6,1,855,modular,1,p,img/target_10.png
6,1,856,modular,4,b,img/target_6.png
6,1,857,modular,1,p,img/target_10.png
6,1,858,modular,3,u,img/target_7.png
6,1,859,modular,0,q,img/target_1.png
6,1,860,modular,2,r,img/target_4.png
6,1,861,modular,3,u,img/target_7.png
6,1,862,modular,2,r,img/target_4.png
6,1,863,modular,1,p,img/target_10.png
6,1,864,modular,2,r,img/target_4.png
6,1,865,modular,1,p,img/target_10.png
6,1,866,modular,2,r,img/target_4.png
6,1,867,modular,4,b,img/target_6.png
6,1,868,modular,2,r,img/target_4.png
6,1,869,modular,4,b,img/target_6.png
6,1,870,modular,3,u,img/target_7.png
6,1,871,modular,1,p,img/target_10.png
6,1,872,modular,4,b,img/target_6.png
6,1,873,modular,2,r,img/target_4.png
6,1,874,modular,3,u,img/target_7.png
6,1,875,modular,4,b,img/target_6.png
6,1,876,modular,2,r,img/target_4.png
6,1,877,modular,4,b,img/target_6.png
6,1,878,modular,3,u,img/target_7.png
6,1,879,modular,4,b,img/target_6.png
6,1,880,modular,1,p,img/target_10.png
6,1,881,modular,3,u,img/target_7.png
6,1,882,modular,2,r,img/target_4.png
6,1,883,modular,4,b,img/target_6.png
6,1,884,modular,2,r,img/target_4.png
6,1,885,modular,3,u,img/target_7.png
6,1,886,modular,1,p,img/target_10.png
6,1,887,modular,4,b,img/target_6.png
6,1,888,modular,5,i,img/target_8.png
6,1,889,modular,4,b,img/target_6.png
6,1,890,modular,5,i,img/target_8.png
6,1,891,modular,8,v,img/target_5.png
6,1,892,modular,5,i,img/target_8.png
6,1,893,modular,8,v,img/target_5.png
6,1,894,modular,6,e,img/target_3.png
6,1,895,modular,5,i,img/target_8.png
6,1,896,modular,6,e,img/target_3.png
6,1,897,modular,9,w,img/target_2.png
6,1,898,modular,6,e,img/target_3.png
6,1,899,modular,8,v,img/target_5.png
6,1,900,modular,9,w,img/target_2.png
6,1,901,modular,0,q,img/target_1.png
6,1,902,modular,3,u,img/target_7.png
6,1,903,modular,0,q,img/target_1.png
6,1,904,modular,9,w,img/target_2.png
6,1,905,modular,7,o,img/target_9.png
6,1,906,modular,6,e,img/target_3.png
6,1,907,modular,8,v,img/target_5.png
6,1,908,modular,9,w,img/target_2.png
6,1,909,modular,7,o,img/target_9.png
6,1,910,modular,9,w,img/target_2.png
6,1,911,modular,6,e,img/target_3.png
6,1,912,modular,5,i,img/target_8.png
6,1,913,modular,4,b,img/target_6.png
6,1,914,modular,5,i,img/target_8.png
6,1,915,modular,4,b,img/target_6.png
6,1,916,modular,5,i,img/target_8.png
6,1,917,modular,7,o,img/target_9.png
6,1,918,modular,6,e,img/target_3.png
6,1,919,modular,7,o,img/target_9.png
6,1,920,modular,9,w,img/target_2.png
6,1,921,modular,7,o,img/target_9.png
6,1,922,modular,9,w,img/target_2.png
6,1,923,modular,6,e,img/target_3.png
6,1,924,modular,7,o,img/target_9.png
6,1,925,modular,5,i,img/target_8.png
6,1,926,modular,6,e,img/target_3.png
6,1,927,modular,8,v,img/target_5.png
6,1,928,modular,9,w,img/target_2.png
6,1,929,modular,0,q,img/target_1.png
6,1,930,modular,2,r,img/target_4.png
6,1,931,modular,3,u,img/target_7.png
6,1,932,modular,2,r,img/target_4.png
6,1,933,modular,3,u,img/target_7.png
6,1,934,modular,0,q,img/target_1.png
6,1,935,modular,9,w,img/target_2.png
6,1,936,modular,0,q,img/target_1.png
6,1,937,modular,2,r,img/target_4.png
6,1,938,modular,1,p,img/target_10.png
6,1,939,modular,0,q,img/target_1.png
6,1,940,modular,1,p,img/target_10.png
6,1,941,modular,0,q,img/target_1.png
6,1,942,modular,1,p,img/target_10.png
6,1,943,modular,4,b,img/target_6.png
6,1,944,modular,2,r,img/target_4.png
6,1,945,modular,1,p,img/target_10.png
6,1,946,modular,0,q,img/target_1.png
6,1,947,modular,9,w,img/target_2.png
6,1,948,modular,6,e,img/target_3.png
6,1,949,modular,9,w,img/target_2.png
6,1,950,modular,7,o,img/target_9.png
6,1,951,modular,5,i,img/target_8.png
6,1,952,modular,4,b,img/target_6.png
6,1,953,modular,5,i,img/target_8.png
6,1,954,modular,6,e,img/target_3.png
6,1,955,modular,9,w,img/target_2.png
6,1,956,modular,7,o,img/target_9.png
6,1,957,modular,8,v,img/target_5.png
6,1,958,modular,7,o,img/target_9.png
6,1,959,modular,9,w,img/target_2.png
6,1,960,modular,8,v,img/target_5.png
6,1,961,modular,5,i,img/target_8.png
6,1,962,modular,8,v,img/target_5.png
6,1,963,modular,5,i,img/target_8.png
6,1,964,modular,4,b,img/target_6.png
6,1,965,modular,1,p,img/target_10.png
6,1,966,modular,2,r,img/target_4.png
6,1,967,modular,0,q,img/target_1.png
6,1,968,modular,3,u,img/target_7.png
6,1,969,modular,2,r,img/target_4.png
6,1,970,modular,3,u,img/target_7.png
6,1,971,modular,4,b,img/target_6.png
6,1,972,modular,3,u,img/target_7.png
6,1,973,modular,2,r,img/target_4.png
6,1,974,modular,3,u,img/target_7.png
6,1,975,modular,0,q,img/target_1.png
6,1,976,modular,1,p,img/target_10.png
6,1,977,modular,3,u,img/target_7.png
6,1,978,modular,0,q,img/target_1.png
6,1,979,modular,9,w,img/target_2.png
6,1,980,modular,7,o,img/target_9.png
6,1,981,modular,8,v,img/target_5.png
6,1,982,modular,5,i,img/target_8.png
6,1,983,modular,8,v,img/target_5.png
6,1,984,modular,6,e,img/target_3.png
6,1,985,modular,5,i,img/target_8.png
6,1,986,modular,6,e,img/target_3.png
6,1,987,modular,9,w,img/target_2.png
6,1,988,modular,6,e,img/target_3.png
6,1,989,modular,5,i,img/target_8.png
6,1,990,modular,6,e,img/target_3.png
6,1,991,modular,9,w,img/target_2.png
6,1,992,modular,6,e,img/target_3.png
6,1,993,modular,9,w,img/target_2.png
6,1,994,modular,6,e,img/target_3.png
6,1,995,modular,9,w,img/target_2.png
6,1,996,modular,0,q,img/target_1.png
6,1,997,modular,1,p,img/target_10.png
6,1,998,modular,4,b,img/target_6.png
6,1,999,modular,2,r,img/target_4.png
6,1,1000,modular,0,q,img/target_1.png
