pID,sess,trialNum,graph,walk,resp,path
6,2,1,modular,9,w,img/target_2.png
6,2,2,modular,7,o,img/target_9.png
6,2,3,modular,8,v,img/target_5.png
6,2,4,modular,7,o,img/target_9.png
6,2,5,modular,9,w,img/target_2.png
6,2,6,modular,0,q,img/target_1.png
6,2,7,modular,2,r,img/target_4.png
6,2,8,modular,4,b,img/target_6.png
6,2,9,modular,1,p,img/target_10.png
6,2,10,modular,2,r,img/target_4.png
6,2,11,modular,0,q,img/target_1.png
6,2,12,modular,3,u,img/target_7.png
6,2,13,modular,0,q,img/target_1.png
6,2,14,modular,9,w,img/target_2.png
6,2,15,modular,6,e,img/target_3.png
6,2,16,modular,5,i,img/target_8.png
6,2,17,modular,8,v,img/target_5.png
6,2,18,modular,7,o,img/target_9.png
6,2,19,modular,6,e,img/target_3.png
6,2,20,modular,9,w,img/target_2.png
6,2,21,modular,8,v,img/target_5.png
6,2,22,modular,7,o,img/target_9.png
6,2,23,modular,8,v,img/target_5.png
6,2,24,modular,6,e,img/target_3.png
6,2,25,modular,8,v,img/target_5.png
6,2,26,modular,9,w,img/target_2.png
6,2,27,modular,7,o,img/target_9.png
6,2,28,modular,8,v,img/target_5.png
6,2,29,modular,9,w,img/target_2.png
6,2,30,modular,0,q,img/target_1.png
6,2,31,modular,2,r,img/target_4.png
6,2,32,modular,0,q,img/target_1.png
6,2,33,modular,2,r,img/target_4.png
6,2,34,modular,4,b,img/target_6.png
6,2,35,modular,2,r,img/target_4.png
6,2,36,modular,0,q,img/target_1.png
6,2,37,modular,3,u,img/target_7.png
6,2,38,modular,4,b,img/target_6.png
6,2,39,modular,1,p,img/target_10.png
6,2,40,modular,2,r,img/target_4.png
6,2,41,modular,4,b,img/target_6.png
6,2,42,modular,3,u,img/target_7.png
6,2,43,modular,0,q,img/target_1.png
6,2,44,modular,3,u,img/target_7.png
6,2,45,modular,0,q,img/target_1.png
6,2,46,modular,9,w,img/target_2.png
6,2,47,modular,8,v,img/target_5.png
6,2,48,modular,9,w,img/target_2.png
6,2,49,modular,8,v,img/target_5.png
6,2,50,modular,5,i,img/target_8.png
6,2,51,modular,8,v,img/target_5.png
6,2,52,modular,9,w,img/target_2.png
6,2,53,modular,7,o,img/target_9.png
6,2,54,modular,8,v,img/target_5.png
6,2,55,modular,7,o,img/target_9.png
6,2,56,modular,6,e,img/target_3.png
6,2,57,modular,7,o,img/target_9.png
6,2,58,modular,8,v,img/target_5.png
6,2,59,modular,5,i,img/target_8.png
6,2,60,modular,4,b,img/target_6.png
6,2,61,modular,2,r,img/target_4.png
6,2,62,modular,1,p,img/target_10.png
6,2,63,modular,3,u,img/target_7.png
6,2,64,modular,1,p,img/target_10.png
6,2,65,modular,3,u,img/target_7.png
6,2,66,modular,1,p,img/target_10.png
6,2,67,modular,2,r,img/target_4.png
6,2,68,modular,4,b,img/target_6.png
6,2,69,modular,1,p,img/target_10.png
6,2,70,modular,4,b,img/target_6.png
6,2,71,modular,3,u,img/target_7.png
6,2,72,modular,2,r,img/target_4.png
6,2,73,modular,1,p,img/target_10.png
6,2,74,modular,0,q,img/target_1.png
6,2,75,modular,1,p,img/target_10.png
6,2,76,modular,4,b,img/target_6.png
6,2,77,modular,3,u,img/target_7.png
6,2,78,modular,4,b,img/target_6.png
6,2,79,modular,3,u,img/target_7.png
6,2,80,modular,2,r,img/target_4.png
6,2,81,modular,3,u,img/target_7.png
6,2,82,modular,2,r,img/target_4.png
6,2,83,modular,1,p,img/target_10.png
6,2,84,modular,4,b,img/target_6.png
6,2,85,modular,5,i,img/target_8.png
6,2,86,modular,6,e,img/target_3.png
6,2,87,modular,9,w,img/target_2.png
6,2,88,modular,0,q,img/target_1.png
6,2,89,modular,3,u,img/target_7.png
6,2,90,modular,0,q,img/target_1.png
6,2,91,modular,9,w,img/target_2.png
6,2,92,modular,0,q,img/target_1.png
6,2,93,modular,2,r,img/target_4.png
6,2,94,modular,0,q,img/target_1.png
6,2,95,modular,3,u,img/target_7.png
6,2,96,modular,2,r,img/target_4.png
6,2,97,modular,3,u,img/target_7.png
6,2,98,modular,0,q,img/target_1.png
6,2,99,modular,1,p,img/target_10.png
6,2,100,modular,2,r,img/target_4.png
6,2,101,modular,0,q,img/target_1.png
6,2,102,modular,2,r,img/target_4.png
6,2,103,modular,0,q,img/target_1.png
6,2,104,modular,9,w,img/target_2.png
6,2,105,modular,0,q,img/target_1.png
6,2,106,modular,9,w,img/target_2.png
6,2,107,modular,6,e,img/target_3.png
6,2,108,modular,8,v,img/target_5.png
6,2,109,modular,7,o,img/target_9.png
6,2,110,modular,6,e,img/target_3.png
6,2,111,modular,8,v,img/target_5.png
6,2,112,modular,5,i,img/target_8.png
6,2,113,modular,8,v,img/target_5.png
6,2,114,modular,5,i,img/target_8.png
6,2,115,modular,8,v,img/target_5.png
6,2,116,modular,9,w,img/target_2.png
6,2,117,modular,7,o,img/target_9.png
6,2,118,modular,6,e,img/target_3.png
6,2,119,modular,5,i,img/target_8.png
6,2,120,modular,7,o,img/target_9.png
6,2,121,modular,5,i,img/target_8.png
6,2,122,modular,4,b,img/target_6.png
6,2,123,modular,3,u,img/target_7.png
6,2,124,modular,2,r,img/target_4.png
6,2,125,modular,4,b,img/target_6.png
6,2,126,modular,1,p,img/target_10.png
6,2,127,modular,3,u,img/target_7.png
6,2,128,modular,0,q,img/target_1.png
6,2,129,modular,2,r,img/target_4.png
6,2,130,modular,1,p,img/target_10.png
6,2,131,modular,3,u,img/target_7.png
6,2,132,modular,2,r,img/target_4.png
6,2,133,modular,0,q,img/target_1.png
6,2,134,modular,9,w,img/target_2.png
6,2,135,modular,8,v,img/target_5.png
6,2,136,modular,9,w,img/target_2.png
6,2,137,modular,7,o,img/target_9.png
6,2,138,modular,5,i,img/target_8.png
6,2,139,modular,7,o,img/target_9.png
6,2,140,modular,6,e,img/target_3.png
6,2,141,modular,7,o,img/target_9.png
6,2,142,modular,8,v,img/target_5.png
6,2,143,modular,7,o,img/target_9.png
6,2,144,modular,9,w,img/target_2.png
6,2,145,modular,6,e,img/target_3.png
6,2,146,modular,9,w,img/target_2.png
6,2,147,modular,0,q,img/target_1.png
6,2,148,modular,9,w,img/target_2.png
6,2,149,modular,8,v,img/target_5.png
6,2,150,modular,6,e,img/target_3.png
6,2,151,modular,8,v,img/target_5.png
6,2,152,modular,6,e,img/target_3.png
6,2,153,modular,9,w,img/target_2.png
6,2,154,modular,6,e,img/target_3.png
6,2,155,modular,9,w,img/target_2.png
6,2,156,modular,6,e,img/target_3.png
6,2,157,modular,7,o,img/target_9.png
6,2,158,modular,5,i,img/target_8.png
6,2,159,modular,4,b,img/target_6.png
6,2,160,modular,1,p,img/target_10.png
6,2,161,modular,0,q,img/target_1.png
6,2,162,modular,9,w,img/target_2.png
6,2,163,modular,0,q,img/target_1.png
6,2,164,modular,2,r,img/target_4.png
6,2,165,modular,1,p,img/target_10.png
6,2,166,modular,2,r,img/target_4.png
6,2,167,modular,3,u,img/target_7.png
6,2,168,modular,4,b,img/target_6.png
6,2,169,modular,3,u,img/target_7.png
6,2,170,modular,4,b,img/target_6.png
6,2,171,modular,1,p,img/target_10.png
6,2,172,modular,2,r,img/target_4.png
6,2,173,modular,0,q,img/target_1.png
6,2,174,modular,9,w,img/target_2.png
6,2,175,modular,0,q,img/target_1.png
6,2,176,modular,3,u,img/target_7.png
6,2,177,modular,2,r,img/target_4.png
6,2,178,modular,4,b,img/target_6.png
6,2,179,modular,3,u,img/target_7.png
6,2,180,modular,4,b,img/target_6.png
6,2,181,modular,2,r,img/target_4.png
6,2,182,modular,4,b,img/target_6.png
6,2,183,modular,1,p,img/target_10.png
6,2,184,modular,3,u,img/target_7.png
6,2,185,modular,0,q,img/target_1.png
6,2,186,modular,1,p,img/target_10.png
6,2,187,modular,3,u,img/target_7.png
6,2,188,modular,0,q,img/target_1.png
6,2,189,modular,2,r,img/target_4.png
6,2,190,modular,4,b,img/target_6.png
6,2,191,modular,3,u,img/target_7.png
6,2,192,modular,2,r,img/target_4.png
6,2,193,modular,4,b,img/target_6.png
6,2,194,modular,2,r,img/target_4.png
6,2,195,modular,3,u,img/target_7.png
6,2,196,modular,2,r,img/target_4.png
6,2,197,modular,1,p,img/target_10.png
6,2,198,modular,0,q,img/target_1.png
6,2,199,modular,2,r,img/target_4.png
6,2,200,modular,4,b,img/target_6.png
6,2,201,modular,2,r,img/target_4.png
6,2,202,modular,1,p,img/target_10.png
6,2,203,modular,4,b,img/target_6.png
6,2,204,modular,1,p,img/target_10.png
6,2,205,modular,0,q,img/target_1.png
6,2,206,modular,3,u,img/target_7.png
6,2,207,modular,1,p,img/target_10.png
6,2,208,modular,0,q,img/target_1.png
6,2,209,modular,9,w,img/target_2.png
6,2,210,modular,6,e,img/target_3.png
6,2,211,modular,7,o,img/target_9.png
6,2,212,modular,9,w,img/target_2.png
6,2,213,modular,0,q,img/target_1.png
6,2,214,modular,2,r,img/target_4.png
6,2,215,modular,3,u,img/target_7.png
6,2,216,modular,1,p,img/target_10.png
6,2,217,modular,2,r,img/target_4.png
6,2,218,modular,0,q,img/target_1.png
6,2,219,modular,3,u,img/target_7.png
6,2,220,modular,0,q,img/target_1.png
6,2,221,modular,9,w,img/target_2.png
6,2,222,modular,8,v,img/target_5.png
6,2,223,modular,9,w,img/target_2.png
6,2,224,modular,0,q,img/target_1.png
6,2,225,modular,1,p,img/target_10.png
6,2,226,modular,3,u,img/target_7.png
6,2,227,modular,4,b,img/target_6.png
6,2,228,modular,2,r,img/target_4.png
6,2,229,modular,3,u,img/target_7.png
6,2,230,modular,4,b,img/target_6.png
6,2,231,modular,3,u,img/target_7.png
6,2,232,modular,0,q,img/target_1.png
6,2,233,modular,1,p,img/target_10.png
6,2,234,modular,3,u,img/target_7.png
6,2,235,modular,4,b,img/target_6.png
6,2,236,modular,5,i,img/target_8.png
6,2,237,modular,8,v,img/target_5.png
6,2,238,modular,7,o,img/target_9.png
6,2,239,modular,6,e,img/target_3.png
6,2,240,modular,8,v,img/target_5.png
6,2,241,modular,6,e,img/target_3.png
6,2,242,modular,8,v,img/target_5.png
6,2,243,modular,9,w,img/target_2.png
6,2,244,modular,7,o,img/target_9.png
6,2,245,modular,6,e,img/target_3.png
6,2,246,modular,8,v,img/target_5.png
6,2,247,modular,9,w,img/target_2.png
6,2,248,modular,8,v,img/target_5.png
6,2,249,modular,9,w,img/target_2.png
6,2,250,modular,6,e,img/target_3.png
6,2,251,modular,8,v,img/target_5.png
6,2,252,modular,9,w,img/target_2.png
6,2,253,modular,7,o,img/target_9.png
6,2,254,modular,9,w,img/target_2.png
6,2,255,modular,8,v,img/target_5.png
6,2,256,modular,6,e,img/target_3.png
6,2,257,modular,8,v,img/target_5.png
6,2,258,modular,9,w,img/target_2.png
6,2,259,modular,8,v,img/target_5.png
6,2,260,modular,5,i,img/target_8.png
6,2,261,modular,8,v,img/target_5.png
6,2,262,modular,5,i,img/target_8.png
6,2,263,modular,7,o,img/target_9.png
6,2,264,modular,9,w,img/target_2.png
6,2,265,modular,8,v,img/target_5.png
6,2,266,modular,6,e,img/target_3.png
6,2,267,modular,5,i,img/target_8.png
6,2,268,modular,8,v,img/target_5.png
6,2,269,modular,7,o,img/target_9.png
6,2,270,modular,6,e,img/target_3.png
6,2,271,modular,5,i,img/target_8.png
6,2,272,modular,4,b,img/target_6.png
6,2,273,modular,1,p,img/target_10.png
6,2,274,modular,4,b,img/target_6.png
6,2,275,modular,1,p,img/target_10.png
6,2,276,modular,2,r,img/target_4.png
6,2,277,modular,1,p,img/target_10.png
6,2,278,modular,0,q,img/target_1.png
6,2,279,modular,1,p,img/target_10.png
6,2,280,modular,2,r,img/target_4.png
6,2,281,modular,1,p,img/target_10.png
6,2,282,modular,3,u,img/target_7.png
6,2,283,modular,0,q,img/target_1.png
6,2,284,modular,1,p,img/target_10.png
6,2,285,modular,3,u,img/target_7.png
6,2,286,modular,0,q,img/target_1.png
6,2,287,modular,1,p,img/target_10.png
6,2,288,modular,3,u,img/target_7.png
6,2,289,modular,0,q,img/target_1.png
6,2,290,modular,1,p,img/target_10.png
6,2,291,modular,3,u,img/target_7.png
6,2,292,modular,0,q,img/target_1.png
6,2,293,modular,9,w,img/target_2.png
6,2,294,modular,7,o,img/target_9.png
6,2,295,modular,5,i,img/target_8.png
6,2,296,modular,4,b,img/target_6.png
6,2,297,modular,2,r,img/target_4.png
6,2,298,modular,4,b,img/target_6.png
6,2,299,modular,1,p,img/target_10.png
6,2,300,modular,3,u,img/target_7.png
6,2,301,modular,1,p,img/target_10.png
6,2,302,modular,2,r,img/target_4.png
6,2,303,modular,0,q,img/target_1.png
6,2,304,modular,3,u,img/target_7.png
6,2,305,modular,0,q,img/target_1.png
6,2,306,modular,9,w,img/target_2.png
6,2,307,modular,0,q,img/target_1.png
6,2,308,modular,2,r,img/target_4.png
6,2,309,modular,1,p,img/target_10.png
6,2,310,modular,0,q,img/target_1.png
6,2,311,modular,2,r,img/target_4.png
6,2,312,modular,0,q,img/target_1.png
6,2,313,modular,9,w,img/target_2.png
6,2,314,modular,7,o,img/target_9.png
6,2,315,modular,5,i,img/target_8.png
6,2,316,modular,8,v,img/target_5.png
6,2,317,modular,9,w,img/target_2.png
6,2,318,modular,7,o,img/target_9.png
6,2,319,modular,8,v,img/target_5.png
6,2,320,modular,6,e,img/target_3.png
6,2,321,modular,7,o,img/target_9.png
6,2,322,modular,8,v,img/target_5.png
6,2,323,modular,6,e,img/target_3.png
6,2,324,modular,5,i,img/target_8.png
6,2,325,modular,6,e,img/target_3.png
6,2,326,modular,8,v,img/target_5.png
6,2,327,modular,6,e,img/target_3.png
6,2,328,modular,7,o,img/target_9.png
6,2,329,modular,9,w,img/target_2.png
6,2,330,modular,8,v,img/target_5.png
6,2,331,modular,6,e,img/target_3.png
6,2,332,modular,8,v,img/target_5.png
6,2,333,modular,5,i,img/target_8.png
6,2,334,modular,8,v,img/target_5.png
6,2,335,modular,9,w,img/target_2.png
6,2,336,modular,7,o,img/target_9.png
6,2,337,modular,6,e,img/target_3.png
6,2,338,modular,9,w,img/target_2.png
6,2,339,modular,7,o,img/target_9.png
6,2,340,modular,5,i,img/target_8.png
6,2,341,modular,7,o,img/target_9.png
6,2,342,modular,8,v,img/target_5.png
6,2,343,modular,7,o,img/target_9.png
6,2,344,modular,9,w,img/target_2.png
6,2,345,modular,8,v,img/target_5.png
6,2,346,modular,5,i,img/target_8.png
6,2,347,modular,8,v,img/target_5.png
6,2,348,modular,7,o,img/target_9.png
6,2,349,modular,5,i,img/target_8.png
6,2,350,modular,4,b,img/target_6.png
6,2,351,modular,3,u,img/target_7.png
6,2,352,modular,4,b,img/target_6.png
6,2,353,modular,1,p,img/target_10.png
6,2,354,modular,3,u,img/target_7.png
6,2,355,modular,4,b,img/target_6.png
6,2,356,modular,5,i,img/target_8.png
6,2,357,modular,7,o,img/target_9.png
6,2,358,modular,6,e,img/target_3.png
6,2,359,modular,9,w,img/target_2.png
6,2,360,modular,8,v,img/target_5.png
6,2,361,modular,5,i,img/target_8.png
6,2,362,modular,7,o,img/target_9.png
6,2,363,modular,6,e,img/target_3.png
6,2,364,modular,9,w,img/target_2.png
6,2,365,modular,7,o,img/target_9.png
6,2,366,modular,8,v,img/target_5.png
6,2,367,modular,5,i,img/target_8.png
6,2,368,modular,4,b,img/target_6.png
6,2,369,modular,1,p,img/target_10.png
6,2,370,modular,4,b,img/target_6.png
6,2,371,modular,2,r,img/target_4.png
6,2,372,modular,0,q,img/target_1.png
6,2,373,modular,2,r,img/target_4.png
6,2,374,modular,0,q,img/target_1.png
6,2,375,modular,3,u,img/target_7.png
6,2,376,modular,4,b,img/target_6.png
6,2,377,modular,2,r,img/target_4.png
6,2,378,modular,1,p,img/target_10.png
6,2,379,modular,0,q,img/target_1.png
6,2,380,modular,1,p,img/target_10.png
6,2,381,modular,0,q,img/target_1.png
6,2,382,modular,3,u,img/target_7.png
6,2,383,modular,0,q,img/target_1.png
6,2,384,modular,9,w,img/target_2.png
6,2,385,modular,6,e,img/target_3.png
6,2,386,modular,9,w,img/target_2.png
6,2,387,modular,8,v,img/target_5.png
6,2,388,modular,9,w,img/target_2.png
6,2,389,modular,0,q,img/target_1.png
6,2,390,modular,2,r,img/target_4.png
6,2,391,modular,3,u,img/target_7.png
6,2,392,modular,1,p,img/target_10.png
6,2,393,modular,0,q,img/target_1.png
6,2,394,modular,1,p,img/target_10.png
6,2,395,modular,2,r,img/target_4.png
6,2,396,modular,4,b,img/target_6.png
6,2,397,modular,3,u,img/target_7.png
6,2,398,modular,1,p,img/target_10.png
6,2,399,modular,3,u,img/target_7.png
6,2,400,modular,1,p,img/target_10.png
6,2,401,modular,0,q,img/target_1.png
6,2,402,modular,9,w,img/target_2.png
6,2,403,modular,0,q,img/target_1.png
6,2,404,modular,1,p,img/target_10.png
6,2,405,modular,3,u,img/target_7.png
6,2,406,modular,2,r,img/target_4.png
6,2,407,modular,4,b,img/target_6.png
6,2,408,modular,2,r,img/target_4.png
6,2,409,modular,0,q,img/target_1.png
6,2,410,modular,1,p,img/target_10.png
6,2,411,modular,0,q,img/target_1.png
6,2,412,modular,1,p,img/target_10.png
6,2,413,modular,4,b,img/target_6.png
6,2,414,modular,1,p,img/target_10.png
6,2,415,modular,3,u,img/target_7.png
6,2,416,modular,0,q,img/target_1.png
6,2,417,modular,2,r,img/target_4.png
6,2,418,modular,4,b,img/target_6.png
6,2,419,modular,3,u,img/target_7.png
6,2,420,modular,2,r,img/target_4.png
6,2,421,modular,4,b,img/target_6.png
6,2,422,modular,2,r,img/target_4.png
6,2,423,modular,4,b,img/target_6.png
6,2,424,modular,5,i,img/target_8.png
6,2,425,modular,7,o,img/target_9.png
6,2,426,modular,6,e,img/target_3.png
6,2,427,modular,8,v,img/target_5.png
6,2,428,modular,7,o,img/target_9.png
6,2,429,modular,5,i,img/target_8.png
6,2,430,modular,6,e,img/target_3.png
6,2,431,modular,8,v,img/target_5.png
6,2,432,modular,6,e,img/target_3.png
6,2,433,modular,7,o,img/target_9.png
6,2,434,modular,8,v,img/target_5.png
6,2,435,modular,5,i,img/target_8.png
6,2,436,modular,6,e,img/target_3.png
6,2,437,modular,9,w,img/target_2.png
6,2,438,modular,0,q,img/target_1.png
6,2,439,modular,9,w,img/target_2.png
6,2,440,modular,8,v,img/target_5.png
6,2,441,modular,9,w,img/target_2.png
6,2,442,modular,7,o,img/target_9.png
6,2,443,modular,5,i,img/target_8.png
6,2,444,modular,6,e,img/target_3.png
6,2,445,modular,9,w,img/target_2.png
6,2,446,modular,6,e,img/target_3.png
6,2,447,modular,5,i,img/target_8.png
6,2,448,modular,4,b,img/target_6.png
6,2,449,modular,2,r,img/target_4.png
6,2,450,modular,4,b,img/target_6.png
6,2,451,modular,5,i,img/target_8.png
6,2,452,modular,6,e,img/target_3.png
6,2,453,modular,5,i,img/target_8.png
6,2,454,modular,7,o,img/target_9.png
6,2,455,modular,6,e,img/target_3.png
6,2,456,modular,5,i,img/target_8.png
6,2,457,modular,6,e,img/target_3.png
6,2,458,modular,8,v,img/target_5.png
6,2,459,modular,7,o,img/target_9.png
6,2,460,modular,9,w,img/target_2.png
6,2,461,modular,8,v,img/target_5.png
6,2,462,modular,7,o,img/target_9.png
6,2,463,modular,5,i,img/target_8.png
6,2,464,modular,4,b,img/target_6.png
6,2,465,modular,2,r,img/target_4.png
6,2,466,modular,4,b,img/target_6.png
6,2,467,modular,1,p,img/target_10.png
6,2,468,modular,4,b,img/target_6.png
6,2,469,modular,2,r,img/target_4.png
6,2,470,modular,1,p,img/target_10.png
6,2,471,modular,4,b,img/target_6.png
6,2,472,modular,1,p,img/target_10.png
6,2,473,modular,3,u,img/target_7.png
6,2,474,modular,0,q,img/target_1.png
6,2,475,modular,1,p,img/target_10.png
6,2,476,modular,0,q,img/target_1.png
6,2,477,modular,2,r,img/target_4.png
6,2,478,modular,4,b,img/target_6.png
6,2,479,modular,3,u,img/target_7.png
6,2,480,modular,4,b,img/target_6.png
6,2,481,modular,5,i,img/target_8.png
6,2,482,modular,6,e,img/target_3.png
6,2,483,modular,7,o,img/target_9.png
6,2,484,modular,9,w,img/target_2.png
6,2,485,modular,6,e,img/target_3.png
6,2,486,modular,9,w,img/target_2.png
6,2,487,modular,8,v,img/target_5.png
6,2,488,modular,5,i,img/target_8.png
6,2,489,modular,8,v,img/target_5.png
6,2,490,modular,5,i,img/target_8.png
6,2,491,modular,4,b,img/target_6.png
6,2,492,modular,3,u,img/target_7.png
6,2,493,modular,0,q,img/target_1.png
6,2,494,modular,3,u,img/target_7.png
6,2,495,modular,0,q,img/target_1.png
6,2,496,modular,3,u,img/target_7.png
6,2,497,modular,2,r,img/target_4.png
6,2,498,modular,0,q,img/target_1.png
6,2,499,modular,2,r,img/target_4.png
6,2,500,modular,3,u,img/target_7.png
6,2,501,modular,4,b,img/target_6.png
6,2,502,modular,1,p,img/target_10.png
6,2,503,modular,3,u,img/target_7.png
6,2,504,modular,0,q,img/target_1.png
6,2,505,modular,3,u,img/target_7.png
6,2,506,modular,4,b,img/target_6.png
6,2,507,modular,5,i,img/target_8.png
6,2,508,modular,4,b,img/target_6.png
6,2,509,modular,1,p,img/target_10.png
6,2,510,modular,2,r,img/target_4.png
6,2,511,modular,0,q,img/target_1.png
6,2,512,modular,2,r,img/target_4.png
6,2,513,modular,4,b,img/target_6.png
6,2,514,modular,1,p,img/target_10.png
6,2,515,modular,0,q,img/target_1.png
6,2,516,modular,3,u,img/target_7.png
6,2,517,modular,4,b,img/target_6.png
6,2,518,modular,2,r,img/target_4.png
6,2,519,modular,3,u,img/target_7.png
6,2,520,modular,2,r,img/target_4.png
6,2,521,modular,1,p,img/target_10.png
6,2,522,modular,3,u,img/target_7.png
6,2,523,modular,4,b,img/target_6.png
6,2,524,modular,5,i,img/target_8.png
6,2,525,modular,7,o,img/target_9.png
6,2,526,modular,9,w,img/target_2.png
6,2,527,modular,8,v,img/target_5.png
6,2,528,modular,9,w,img/target_2.png
6,2,529,modular,6,e,img/target_3.png
6,2,530,modular,5,i,img/target_8.png
6,2,531,modular,8,v,img/target_5.png
6,2,532,modular,9,w,img/target_2.png
6,2,533,modular,0,q,img/target_1.png
6,2,534,modular,1,p,img/target_10.png
6,2,535,modular,2,r,img/target_4.png
6,2,536,modular,4,b,img/target_6.png
6,2,537,modular,2,r,img/target_4.png
6,2,538,modular,0,q,img/target_1.png
6,2,539,modular,2,r,img/target_4.png
6,2,540,modular,1,p,img/target_10.png
6,2,541,modular,3,u,img/target_7.png
6,2,542,modular,2,r,img/target_4.png
6,2,543,modular,4,b,img/target_6.png
6,2,544,modular,3,u,img/target_7.png
6,2,545,modular,0,q,img/target_1.png
6,2,546,modular,3,u,img/target_7.png
6,2,547,modular,1,p,img/target_10.png
6,2,548,modular,4,b,img/target_6.png
6,2,549,modular,3,u,img/target_7.png
6,2,550,modular,2,r,img/target_4.png
6,2,551,modular,4,b,img/target_6.png
6,2,552,modular,2,r,img/target_4.png
6,2,553,modular,1,p,img/target_10.png
6,2,554,modular,3,u,img/target_7.png
6,2,555,modular,1,p,img/target_10.png
6,2,556,modular,0,q,img/target_1.png
6,2,557,modular,1,p,img/target_10.png
6,2,558,modular,4,b,img/target_6.png
6,2,559,modular,5,i,img/target_8.png
6,2,560,modular,4,b,img/target_6.png
6,2,561,modular,5,i,img/target_8.png
6,2,562,modular,8,v,img/target_5.png
6,2,563,modular,9,w,img/target_2.png
6,2,564,modular,6,e,img/target_3.png
6,2,565,modular,8,v,img/target_5.png
6,2,566,modular,9,w,img/target_2.png
6,2,567,modular,8,v,img/target_5.png
6,2,568,modular,7,o,img/target_9.png
6,2,569,modular,6,e,img/target_3.png
6,2,570,modular,8,v,img/target_5.png
6,2,571,modular,6,e,img/target_3.png
6,2,572,modular,8,v,img/target_5.png
6,2,573,modular,9,w,img/target_2.png
6,2,574,modular,8,v,img/target_5.png
6,2,575,modular,9,w,img/target_2.png
6,2,576,modular,8,v,img/target_5.png
6,2,577,modular,7,o,img/target_9.png
6,2,578,modular,9,w,img/target_2.png
6,2,579,modular,7,o,img/target_9.png
6,2,580,modular,9,w,img/target_2.png
6,2,581,modular,6,e,img/target_3.png
6,2,582,modular,7,o,img/target_9.png
6,2,583,modular,8,v,img/target_5.png
6,2,584,modular,5,i,img/target_8.png
6,2,585,modular,7,o,img/target_9.png
6,2,586,modular,6,e,img/target_3.png
6,2,587,modular,8,v,img/target_5.png
6,2,588,modular,9,w,img/target_2.png
6,2,589,modular,0,q,img/target_1.png
6,2,590,modular,1,p,img/target_10.png
6,2,591,modular,0,q,img/target_1.png
6,2,592,modular,9,w,img/target_2.png
6,2,593,modular,6,e,img/target_3.png
6,2,594,modular,9,w,img/target_2.png
6,2,595,modular,7,o,img/target_9.png
6,2,596,modular,5,i,img/target_8.png
6,2,597,modular,8,v,img/target_5.png
6,2,598,modular,7,o,img/target_9.png
6,2,599,modular,9,w,img/target_2.png
6,2,600,modular,6,e,img/target_3.png
6,2,601,modular,7,o,img/target_9.png
6,2,602,modular,5,i,img/target_8.png
6,2,603,modular,8,v,img/target_5.png
6,2,604,modular,7,o,img/target_9.png
6,2,605,modular,9,w,img/target_2.png
6,2,606,modular,8,v,img/target_5.png
6,2,607,modular,7,o,img/target_9.png
6,2,608,modular,9,w,img/target_2.png
6,2,609,modular,7,o,img/target_9.png
6,2,610,modular,5,i,img/target_8.png
6,2,611,modular,8,v,img/target_5.png
6,2,612,modular,5,i,img/target_8.png
6,2,613,modular,6,e,img/target_3.png
6,2,614,modular,8,v,img/target_5.png
6,2,615,modular,5,i,img/target_8.png
6,2,616,modular,7,o,img/target_9.png
6,2,617,modular,9,w,img/target_2.png
6,2,618,modular,8,v,img/target_5.png
6,2,619,modular,6,e,img/target_3.png
6,2,620,modular,9,w,img/target_2.png
6,2,621,modular,8,v,img/target_5.png
6,2,622,modular,6,e,img/target_3.png
6,2,623,modular,8,v,img/target_5.png
6,2,624,modular,9,w,img/target_2.png
6,2,625,modular,8,v,img/target_5.png
6,2,626,modular,6,e,img/target_3.png
6,2,627,modular,5,i,img/target_8.png
6,2,628,modular,6,e,img/target_3.png
6,2,629,modular,7,o,img/target_9.png
6,2,630,modular,5,i,img/target_8.png
6,2,631,modular,6,e,img/target_3.png
6,2,632,modular,5,i,img/target_8.png
6,2,633,modular,6,e,img/target_3.png
6,2,634,modular,7,o,img/target_9.png
6,2,635,modular,9,w,img/target_2.png
6,2,636,modular,6,e,img/target_3.png
6,2,637,modular,9,w,img/target_2.png
6,2,638,modular,8,v,img/target_5.png
6,2,639,modular,9,w,img/target_2.png
6,2,640,modular,7,o,img/target_9.png
6,2,641,modular,9,w,img/target_2.png
6,2,642,modular,7,o,img/target_9.png
6,2,643,modular,8,v,img/target_5.png
6,2,644,modular,9,w,img/target_2.png
6,2,645,modular,0,q,img/target_1.png
6,2,646,modular,9,w,img/target_2.png
6,2,647,modular,6,e,img/target_3.png
6,2,648,modular,9,w,img/target_2.png
6,2,649,modular,7,o,img/target_9.png
6,2,650,modular,8,v,img/target_5.png
6,2,651,modular,5,i,img/target_8.png
6,2,652,modular,7,o,img/target_9.png
6,2,653,modular,5,i,img/target_8.png
6,2,654,modular,6,e,img/target_3.png
6,2,655,modular,5,i,img/target_8.png
6,2,656,modular,8,v,img/target_5.png
6,2,657,modular,9,w,img/target_2.png
6,2,658,modular,6,e,img/target_3.png
6,2,659,modular,8,v,img/target_5.png
6,2,660,modular,7,o,img/target_9.png
6,2,661,modular,9,w,img/target_2.png
6,2,662,modular,7,o,img/target_9.png
6,2,663,modular,8,v,img/target_5.png
6,2,664,modular,6,e,img/target_3.png
6,2,665,modular,9,w,img/target_2.png
6,2,666,modular,6,e,img/target_3.png
6,2,667,modular,7,o,img/target_9.png
6,2,668,modular,8,v,img/target_5.png
6,2,669,modular,5,i,img/target_8.png
6,2,670,modular,6,e,img/target_3.png
6,2,671,modular,9,w,img/target_2.png
6,2,672,modular,0,q,img/target_1.png
6,2,673,modular,1,p,img/target_10.png
6,2,674,modular,4,b,img/target_6.png
6,2,675,modular,3,u,img/target_7.png
6,2,676,modular,1,p,img/target_10.png
6,2,677,modular,0,q,img/target_1.png
6,2,678,modular,2,r,img/target_4.png
6,2,679,modular,1,p,img/target_10.png
6,2,680,modular,2,r,img/target_4.png
6,2,681,modular,0,q,img/target_1.png
6,2,682,modular,3,u,img/target_7.png
6,2,683,modular,1,p,img/target_10.png
6,2,684,modular,3,u,img/target_7.png
6,2,685,modular,0,q,img/target_1.png
6,2,686,modular,2,r,img/target_4.png
6,2,687,modular,1,p,img/target_10.png
6,2,688,modular,2,r,img/target_4.png
6,2,689,modular,3,u,img/target_7.png
6,2,690,modular,0,q,img/target_1.png
6,2,691,modular,1,p,img/target_10.png
6,2,692,modular,0,q,img/target_1.png
6,2,693,modular,1,p,img/target_10.png
6,2,694,modular,4,b,img/target_6.png
6,2,695,modular,1,p,img/target_10.png
6,2,696,modular,2,r,img/target_4.png
6,2,697,modular,0,q,img/target_1.png
6,2,698,modular,9,w,img/target_2.png
6,2,699,modular,0,q,img/target_1.png
6,2,700,modular,2,r,img/target_4.png
6,2,701,modular,4,b,img/target_6.png
6,2,702,modular,2,r,img/target_4.png
6,2,703,modular,4,b,img/target_6.png
6,2,704,modular,3,u,img/target_7.png
6,2,705,modular,4,b,img/target_6.png
6,2,706,modular,3,u,img/target_7.png
6,2,707,modular,0,q,img/target_1.png
6,2,708,modular,2,r,img/target_4.png
6,2,709,modular,3,u,img/target_7.png
6,2,710,modular,2,r,img/target_4.png
6,2,711,modular,4,b,img/target_6.png
6,2,712,modular,2,r,img/target_4.png
6,2,713,modular,4,b,img/target_6.png
6,2,714,modular,5,i,img/target_8.png
6,2,715,modular,6,e,img/target_3.png
6,2,716,modular,5,i,img/target_8.png
6,2,717,modular,6,e,img/target_3.png
6,2,718,modular,9,w,img/target_2.png
6,2,719,modular,8,v,img/target_5.png
6,2,720,modular,9,w,img/target_2.png
6,2,721,modular,0,q,img/target_1.png
6,2,722,modular,9,w,img/target_2.png
6,2,723,modular,6,e,img/target_3.png
6,2,724,modular,8,v,img/target_5.png
6,2,725,modular,7,o,img/target_9.png
6,2,726,modular,9,w,img/target_2.png
6,2,727,modular,0,q,img/target_1.png
6,2,728,modular,3,u,img/target_7.png
6,2,729,modular,1,p,img/target_10.png
6,2,730,modular,0,q,img/target_1.png
6,2,731,modular,1,p,img/target_10.png
6,2,732,modular,2,r,img/target_4.png
6,2,733,modular,4,b,img/target_6.png
6,2,734,modular,2,r,img/target_4.png
6,2,735,modular,1,p,img/target_10.png
6,2,736,modular,3,u,img/target_7.png
6,2,737,modular,0,q,img/target_1.png
6,2,738,modular,9,w,img/target_2.png
6,2,739,modular,6,e,img/target_3.png
6,2,740,modular,9,w,img/target_2.png
6,2,741,modular,0,q,img/target_1.png
6,2,742,modular,1,p,img/target_10.png
6,2,743,modular,0,q,img/target_1.png
6,2,744,modular,3,u,img/target_7.png
6,2,745,modular,4,b,img/target_6.png
6,2,746,modular,5,i,img/target_8.png
6,2,747,modular,4,b,img/target_6.png
6,2,748,modular,5,i,img/target_8.png
6,2,749,modular,4,b,img/target_6.png
6,2,750,modular,3,u,img/target_7.png
6,2,751,modular,4,b,img/target_6.png
6,2,752,modular,3,u,img/target_7.png
6,2,753,modular,0,q,img/target_1.png
6,2,754,modular,3,u,img/target_7.png
6,2,755,modular,0,q,img/target_1.png
6,2,756,modular,3,u,img/target_7.png
6,2,757,modular,4,b,img/target_6.png
6,2,758,modular,1,p,img/target_10.png
6,2,759,modular,2,r,img/target_4.png
6,2,760,modular,0,q,img/target_1.png
6,2,761,modular,3,u,img/target_7.png
6,2,762,modular,4,b,img/target_6.png
6,2,763,modular,5,i,img/target_8.png
6,2,764,modular,6,e,img/target_3.png
6,2,765,modular,7,o,img/target_9.png
6,2,766,modular,5,i,img/target_8.png
6,2,767,modular,4,b,img/target_6.png
6,2,768,modular,1,p,img/target_10.png
6,2,769,modular,2,r,img/target_4.png
6,2,770,modular,4,b,img/target_6.png
6,2,771,modular,5,i,img/target_8.png
6,2,772,modular,8,v,img/target_5.png
6,2,773,modular,9,w,img/target_2.png
6,2,774,modular,8,v,img/target_5.png
6,2,775,modular,9,w,img/target_2.png
6,2,776,modular,7,o,img/target_9.png
6,2,777,modular,8,v,img/target_5.png
6,2,778,modular,6,e,img/target_3.png
6,2,779,modular,5,i,img/target_8.png
6,2,780,modular,4,b,img/target_6.png
6,2,781,modular,5,i,img/target_8.png
6,2,782,modular,8,v,img/target_5.png
6,2,783,modular,9,w,img/target_2.png
6,2,784,modular,7,o,img/target_9.png
6,2,785,modular,6,e,img/target_3.png
6,2,786,modular,8,v,img/target_5.png
6,2,787,modular,7,o,img/target_9.png
6,2,788,modular,5,i,img/target_8.png
6,2,789,modular,6,e,img/target_3.png
6,2,790,modular,5,i,img/target_8.png
6,2,791,modular,8,v,img/target_5.png
6,2,792,modular,5,i,img/target_8.png
6,2,793,modular,6,e,img/target_3.png
6,2,794,modular,7,o,img/target_9.png
6,2,795,modular,9,w,img/target_2.png
6,2,796,modular,8,v,img/target_5.png
6,2,797,modular,9,w,img/target_2.png
6,2,798,modular,7,o,img/target_9.png
6,2,799,modular,6,e,img/target_3.png
6,2,800,modular,8,v,img/target_5.png
6,2,801,modular,5,i,img/target_8.png
6,2,802,modular,6,e,img/target_3.png
6,2,803,modular,9,w,img/target_2.png
6,2,804,modular,6,e,img/target_3.png
6,2,805,modular,5,i,img/target_8.png
6,2,806,modular,8,v,img/target_5.png
6,2,807,modular,7,o,img/target_9.png
6,2,808,modular,9,w,img/target_2.png
6,2,809,modular,8,v,img/target_5.png
6,2,810,modular,6,e,img/target_3.png
6,2,811,modular,8,v,img/target_5.png
6,2,812,modular,7,o,img/target_9.png
6,2,813,modular,8,v,img/target_5.png
6,2,814,modular,6,e,img/target_3.png
6,2,815,modular,5,i,img/target_8.png
6,2,816,modular,4,b,img/target_6.png
6,2,817,modular,1,p,img/target_10.png
6,2,818,modular,3,u,img/target_7.png
6,2,819,modular,1,p,img/target_10.png
6,2,820,modular,2,r,img/target_4.png
6,2,821,modular,0,q,img/target_1.png
6,2,822,modular,1,p,img/target_10.png
6,2,823,modular,4,b,img/target_6.png
6,2,824,modular,1,p,img/target_10.png
6,2,825,modular,2,r,img/target_4.png
6,2,826,modular,0,q,img/target_1.png
6,2,827,modular,3,u,img/target_7.png
6,2,828,modular,0,q,img/target_1.png
6,2,829,modular,3,u,img/target_7.png
6,2,830,modular,4,b,img/target_6.png
6,2,831,modular,1,p,img/target_10.png
6,2,832,modular,2,r,img/target_4.png
6,2,833,modular,4,b,img/target_6.png
6,2,834,modular,5,i,img/target_8.png
6,2,835,modular,4,b,img/target_6.png
6,2,836,modular,3,u,img/target_7.png
6,2,837,modular,4,b,img/target_6.png
6,2,838,modular,3,u,img/target_7.png
6,2,839,modular,2,r,img/target_4.png
6,2,840,modular,1,p,img/target_10.png
6,2,841,modular,4,b,img/target_6.png
6,2,842,modular,3,u,img/target_7.png
6,2,843,modular,0,q,img/target_1.png
6,2,844,modular,2,r,img/target_4.png
6,2,845,modular,4,b,img/target_6.png
6,2,846,modular,1,p,img/target_10.png
6,2,847,modular,2,r,img/target_4.png
6,2,848,modular,0,q,img/target_1.png
6,2,849,modular,3,u,img/target_7.png
6,2,850,modular,0,q,img/target_1.png
6,2,851,modular,1,p,img/target_10.png
6,2,852,modular,0,q,img/target_1.png
6,2,853,modular,2,r,img/target_4.png
6,2,854,modular,0,q,img/target_1.png
6,2,855,modular,2,r,img/target_4.png
6,2,856,modular,3,u,img/target_7.png
6,2,857,modular,0,q,img/target_1.png
6,2,858,modular,1,p,img/target_10.png
6,2,859,modular,3,u,img/target_7.png
6,2,860,modular,1,p,img/target_10.png
6,2,861,modular,3,u,img/target_7.png
6,2,862,modular,1,p,img/target_10.png
6,2,863,modular,0,q,img/target_1.png
6,2,864,modular,2,r,img/target_4.png
6,2,865,modular,1,p,img/target_10.png
6,2,866,modular,0,q,img/target_1.png
6,2,867,modular,3,u,img/target_7.png
6,2,868,modular,4,b,img/target_6.png
6,2,869,modular,5,i,img/target_8.png
6,2,870,modular,8,v,img/target_5.png
6,2,871,modular,5,i,img/target_8.png
6,2,872,modular,4,b,img/target_6.png
6,2,873,modular,5,i,img/target_8.png
6,2,874,modular,6,e,img/target_3.png
6,2,875,modular,7,o,img/target_9.png
6,2,876,modular,6,e,img/target_3.png
6,2,877,modular,5,i,img/target_8.png
6,2,878,modular,8,v,img/target_5.png
6,2,879,modular,5,i,img/target_8.png
6,2,880,modular,6,e,img/target_3.png
6,2,881,modular,9,w,img/target_2.png
6,2,882,modular,8,v,img/target_5.png
6,2,883,modular,7,o,img/target_9.png
6,2,884,modular,9,w,img/target_2.png
6,2,885,modular,6,e,img/target_3.png
6,2,886,modular,8,v,img/target_5.png
6,2,887,modular,5,i,img/target_8.png
6,2,888,modular,4,b,img/target_6.png
6,2,889,modular,5,i,img/target_8.png
6,2,890,modular,7,o,img/target_9.png
6,2,891,modular,5,i,img/target_8.png
6,2,892,modular,4,b,img/target_6.png
6,2,893,modular,3,u,img/target_7.png
6,2,894,modular,4,b,img/target_6.png
6,2,895,modular,5,i,img/target_8.png
6,2,896,modular,7,o,img/target_9.png
6,2,897,modular,9,w,img/target_2.png
6,2,898,modular,0,q,img/target_1.png
6,2,899,modular,2,r,img/target_4.png
6,2,900,modular,4,b,img/target_6.png
6,2,901,modular,1,p,img/target_10.png
6,2,902,modular,0,q,img/target_1.png
6,2,903,modular,9,w,img/target_2.png
6,2,904,modular,8,v,img/target_5.png
6,2,905,modular,9,w,img/target_2.png
6,2,906,modular,6,e,img/target_3.png
6,2,907,modular,9,w,img/target_2.png
6,2,908,modular,6,e,img/target_3.png
6,2,909,modular,5,i,img/target_8.png
6,2,910,modular,6,e,img/target_3.png
6,2,911,modular,8,v,img/target_5.png
6,2,912,modular,9,w,img/target_2.png
6,2,913,modular,8,v,img/target_5.png
6,2,914,modular,6,e,img/target_3.png
6,2,915,modular,8,v,img/target_5.png
6,2,916,modular,6,e,img/target_3.png
6,2,917,modular,5,i,img/target_8.png
6,2,918,modular,7,o,img/target_9.png
6,2,919,modular,5,i,img/target_8.png
6,2,920,modular,7,o,img/target_9.png
6,2,921,modular,5,i,img/target_8.png
6,2,922,modular,4,b,img/target_6.png
6,2,923,modular,5,i,img/target_8.png
6,2,924,modular,8,v,img/target_5.png
6,2,925,modular,9,w,img/target_2.png
6,2,926,modular,7,o,img/target_9.png
6,2,927,modular,8,v,img/target_5.png
6,2,928,modular,5,i,img/target_8.png
6,2,929,modular,8,v,img/target_5.png
6,2,930,modular,9,w,img/target_2.png
6,2,931,modular,8,v,img/target_5.png
6,2,932,modular,7,o,img/target_9.png
6,2,933,modular,8,v,img/target_5.png
6,2,934,modular,9,w,img/target_2.png
6,2,935,modular,6,e,img/target_3.png
6,2,936,modular,5,i,img/target_8.png
6,2,937,modular,6,e,img/target_3.png
6,2,938,modular,9,w,img/target_2.png
6,2,939,modular,7,o,img/target_9.png
6,2,940,modular,5,i,img/target_8.png
6,2,941,modular,8,v,img/target_5.png
6,2,942,modular,6,e,img/target_3.png
6,2,943,modular,5,i,img/target_8.png
6,2,944,modular,6,e,img/target_3.png
6,2,945,modular,7,o,img/target_9.png
6,2,946,modular,8,v,img/target_5.png
6,2,947,modular,9,w,img/target_2.png
6,2,948,modular,7,o,img/target_9.png
6,2,949,modular,9,w,img/target_2.png
6,2,950,modular,0,q,img/target_1.png
6,2,951,modular,2,r,img/target_4.png
6,2,952,modular,1,p,img/target_10.png
6,2,953,modular,2,r,img/target_4.png
6,2,954,modular,4,b,img/target_6.png
6,2,955,modular,5,i,img/target_8.png
6,2,956,modular,4,b,img/target_6.png
6,2,957,modular,2,r,img/target_4.png
6,2,958,modular,4,b,img/target_6.png
6,2,959,modular,3,u,img/target_7.png
6,2,960,modular,4,b,img/target_6.png
6,2,961,modular,2,r,img/target_4.png
6,2,962,modular,3,u,img/target_7.png
6,2,963,modular,0,q,img/target_1.png
6,2,964,modular,3,u,img/target_7.png
6,2,965,modular,4,b,img/target_6.png
6,2,966,modular,3,u,img/target_7.png
6,2,967,modular,4,b,img/target_6.png
6,2,968,modular,1,p,img/target_10.png
6,2,969,modular,3,u,img/target_7.png
6,2,970,modular,2,r,img/target_4.png
6,2,971,modular,3,u,img/target_7.png
6,2,972,modular,0,q,img/target_1.png
6,2,973,modular,1,p,img/target_10.png
6,2,974,modular,0,q,img/target_1.png
6,2,975,modular,1,p,img/target_10.png
6,2,976,modular,4,b,img/target_6.png
6,2,977,modular,3,u,img/target_7.png
6,2,978,modular,4,b,img/target_6.png
6,2,979,modular,1,p,img/target_10.png
6,2,980,modular,3,u,img/target_7.png
6,2,981,modular,4,b,img/target_6.png
6,2,982,modular,2,r,img/target_4.png
6,2,983,modular,0,q,img/target_1.png
6,2,984,modular,9,w,img/target_2.png
6,2,985,modular,0,q,img/target_1.png
6,2,986,modular,2,r,img/target_4.png
6,2,987,modular,1,p,img/target_10.png
6,2,988,modular,0,q,img/target_1.png
6,2,989,modular,9,w,img/target_2.png
6,2,990,modular,7,o,img/target_9.png
6,2,991,modular,5,i,img/target_8.png
6,2,992,modular,8,v,img/target_5.png
6,2,993,modular,5,i,img/target_8.png
6,2,994,modular,6,e,img/target_3.png
6,2,995,modular,8,v,img/target_5.png
6,2,996,modular,9,w,img/target_2.png
6,2,997,modular,6,e,img/target_3.png
6,2,998,modular,9,w,img/target_2.png
6,2,999,modular,0,q,img/target_1.png
6,2,1000,modular,3,u,img/target_7.png
