pID,sess,trialNum,graph,walk,resp,path
56,2,1,modular,6,p,img/target_10.png
56,2,2,modular,8,w,img/target_2.png
56,2,3,modular,6,p,img/target_10.png
56,2,4,modular,8,w,img/target_2.png
56,2,5,modular,6,p,img/target_10.png
56,2,6,modular,9,o,img/target_9.png
56,2,7,modular,7,i,img/target_8.png
56,2,8,modular,6,p,img/target_10.png
56,2,9,modular,5,r,img/target_4.png
56,2,10,modular,8,w,img/target_2.png
56,2,11,modular,9,o,img/target_9.png
56,2,12,modular,8,w,img/target_2.png
56,2,13,modular,5,r,img/target_4.png
56,2,14,modular,7,i,img/target_8.png
56,2,15,modular,8,w,img/target_2.png
56,2,16,modular,6,p,img/target_10.png
56,2,17,modular,5,r,img/target_4.png
56,2,18,modular,7,i,img/target_8.png
56,2,19,modular,5,r,img/target_4.png
56,2,20,modular,6,p,img/target_10.png
56,2,21,modular,8,w,img/target_2.png
56,2,22,modular,5,r,img/target_4.png
56,2,23,modular,7,i,img/target_8.png
56,2,24,modular,8,w,img/target_2.png
56,2,25,modular,5,r,img/target_4.png
56,2,26,modular,7,i,img/target_8.png
56,2,27,modular,6,p,img/target_10.png
56,2,28,modular,9,o,img/target_9.png
56,2,29,modular,8,w,img/target_2.png
56,2,30,modular,5,r,img/target_4.png
56,2,31,modular,6,p,img/target_10.png
56,2,32,modular,8,w,img/target_2.png
56,2,33,modular,5,r,img/target_4.png
56,2,34,modular,4,u,img/target_7.png
56,2,35,modular,5,r,img/target_4.png
56,2,36,modular,8,w,img/target_2.png
56,2,37,modular,7,i,img/target_8.png
56,2,38,modular,8,w,img/target_2.png
56,2,39,modular,5,r,img/target_4.png
56,2,40,modular,8,w,img/target_2.png
56,2,41,modular,9,o,img/target_9.png
56,2,42,modular,0,q,img/target_1.png
56,2,43,modular,9,o,img/target_9.png
56,2,44,modular,7,i,img/target_8.png
56,2,45,modular,6,p,img/target_10.png
56,2,46,modular,7,i,img/target_8.png
56,2,47,modular,5,r,img/target_4.png
56,2,48,modular,4,u,img/target_7.png
56,2,49,modular,1,b,img/target_6.png
56,2,50,modular,2,e,img/target_3.png
56,2,51,modular,0,q,img/target_1.png
56,2,52,modular,3,v,img/target_5.png
56,2,53,modular,0,q,img/target_1.png
56,2,54,modular,2,e,img/target_3.png
56,2,55,modular,1,b,img/target_6.png
56,2,56,modular,4,u,img/target_7.png
56,2,57,modular,5,r,img/target_4.png
56,2,58,modular,6,p,img/target_10.png
56,2,59,modular,9,o,img/target_9.png
56,2,60,modular,8,w,img/target_2.png
56,2,61,modular,5,r,img/target_4.png
56,2,62,modular,4,u,img/target_7.png
56,2,63,modular,5,r,img/target_4.png
56,2,64,modular,6,p,img/target_10.png
56,2,65,modular,8,w,img/target_2.png
56,2,66,modular,5,r,img/target_4.png
56,2,67,modular,7,i,img/target_8.png
56,2,68,modular,5,r,img/target_4.png
56,2,69,modular,8,w,img/target_2.png
56,2,70,modular,7,i,img/target_8.png
56,2,71,modular,8,w,img/target_2.png
56,2,72,modular,5,r,img/target_4.png
56,2,73,modular,6,p,img/target_10.png
56,2,74,modular,8,w,img/target_2.png
56,2,75,modular,5,r,img/target_4.png
56,2,76,modular,6,p,img/target_10.png
56,2,77,modular,8,w,img/target_2.png
56,2,78,modular,6,p,img/target_10.png
56,2,79,modular,9,o,img/target_9.png
56,2,80,modular,7,i,img/target_8.png
56,2,81,modular,5,r,img/target_4.png
56,2,82,modular,4,u,img/target_7.png
56,2,83,modular,3,v,img/target_5.png
56,2,84,modular,2,e,img/target_3.png
56,2,85,modular,1,b,img/target_6.png
56,2,86,modular,3,v,img/target_5.png
56,2,87,modular,0,q,img/target_1.png
56,2,88,modular,9,o,img/target_9.png
56,2,89,modular,0,q,img/target_1.png
56,2,90,modular,9,o,img/target_9.png
56,2,91,modular,7,i,img/target_8.png
56,2,92,modular,5,r,img/target_4.png
56,2,93,modular,7,i,img/target_8.png
56,2,94,modular,5,r,img/target_4.png
56,2,95,modular,8,w,img/target_2.png
56,2,96,modular,5,r,img/target_4.png
56,2,97,modular,7,i,img/target_8.png
56,2,98,modular,9,o,img/target_9.png
56,2,99,modular,7,i,img/target_8.png
56,2,100,modular,9,o,img/target_9.png
56,2,101,modular,8,w,img/target_2.png
56,2,102,modular,6,p,img/target_10.png
56,2,103,modular,7,i,img/target_8.png
56,2,104,modular,9,o,img/target_9.png
56,2,105,modular,8,w,img/target_2.png
56,2,106,modular,6,p,img/target_10.png
56,2,107,modular,5,r,img/target_4.png
56,2,108,modular,8,w,img/target_2.png
56,2,109,modular,7,i,img/target_8.png
56,2,110,modular,5,r,img/target_4.png
56,2,111,modular,6,p,img/target_10.png
56,2,112,modular,7,i,img/target_8.png
56,2,113,modular,6,p,img/target_10.png
56,2,114,modular,9,o,img/target_9.png
56,2,115,modular,6,p,img/target_10.png
56,2,116,modular,7,i,img/target_8.png
56,2,117,modular,5,r,img/target_4.png
56,2,118,modular,6,p,img/target_10.png
56,2,119,modular,5,r,img/target_4.png
56,2,120,modular,6,p,img/target_10.png
56,2,121,modular,5,r,img/target_4.png
56,2,122,modular,4,u,img/target_7.png
56,2,123,modular,2,e,img/target_3.png
56,2,124,modular,0,q,img/target_1.png
56,2,125,modular,2,e,img/target_3.png
56,2,126,modular,3,v,img/target_5.png
56,2,127,modular,0,q,img/target_1.png
56,2,128,modular,3,v,img/target_5.png
56,2,129,modular,4,u,img/target_7.png
56,2,130,modular,5,r,img/target_4.png
56,2,131,modular,6,p,img/target_10.png
56,2,132,modular,8,w,img/target_2.png
56,2,133,modular,6,p,img/target_10.png
56,2,134,modular,7,i,img/target_8.png
56,2,135,modular,6,p,img/target_10.png
56,2,136,modular,8,w,img/target_2.png
56,2,137,modular,9,o,img/target_9.png
56,2,138,modular,0,q,img/target_1.png
56,2,139,modular,9,o,img/target_9.png
56,2,140,modular,6,p,img/target_10.png
56,2,141,modular,7,i,img/target_8.png
56,2,142,modular,5,r,img/target_4.png
56,2,143,modular,7,i,img/target_8.png
56,2,144,modular,6,p,img/target_10.png
56,2,145,modular,5,r,img/target_4.png
56,2,146,modular,8,w,img/target_2.png
56,2,147,modular,6,p,img/target_10.png
56,2,148,modular,9,o,img/target_9.png
56,2,149,modular,6,p,img/target_10.png
56,2,150,modular,5,r,img/target_4.png
56,2,151,modular,6,p,img/target_10.png
56,2,152,modular,9,o,img/target_9.png
56,2,153,modular,8,w,img/target_2.png
56,2,154,modular,7,i,img/target_8.png
56,2,155,modular,6,p,img/target_10.png
56,2,156,modular,5,r,img/target_4.png
56,2,157,modular,6,p,img/target_10.png
56,2,158,modular,9,o,img/target_9.png
56,2,159,modular,0,q,img/target_1.png
56,2,160,modular,9,o,img/target_9.png
56,2,161,modular,6,p,img/target_10.png
56,2,162,modular,8,w,img/target_2.png
56,2,163,modular,6,p,img/target_10.png
56,2,164,modular,8,w,img/target_2.png
56,2,165,modular,6,p,img/target_10.png
56,2,166,modular,8,w,img/target_2.png
56,2,167,modular,5,r,img/target_4.png
56,2,168,modular,8,w,img/target_2.png
56,2,169,modular,5,r,img/target_4.png
56,2,170,modular,7,i,img/target_8.png
56,2,171,modular,8,w,img/target_2.png
56,2,172,modular,7,i,img/target_8.png
56,2,173,modular,9,o,img/target_9.png
56,2,174,modular,6,p,img/target_10.png
56,2,175,modular,5,r,img/target_4.png
56,2,176,modular,6,p,img/target_10.png
56,2,177,modular,5,r,img/target_4.png
56,2,178,modular,6,p,img/target_10.png
56,2,179,modular,5,r,img/target_4.png
56,2,180,modular,8,w,img/target_2.png
56,2,181,modular,6,p,img/target_10.png
56,2,182,modular,5,r,img/target_4.png
56,2,183,modular,4,u,img/target_7.png
56,2,184,modular,1,b,img/target_6.png
56,2,185,modular,0,q,img/target_1.png
56,2,186,modular,1,b,img/target_6.png
56,2,187,modular,0,q,img/target_1.png
56,2,188,modular,9,o,img/target_9.png
56,2,189,modular,8,w,img/target_2.png
56,2,190,modular,6,p,img/target_10.png
56,2,191,modular,9,o,img/target_9.png
56,2,192,modular,6,p,img/target_10.png
56,2,193,modular,8,w,img/target_2.png
56,2,194,modular,7,i,img/target_8.png
56,2,195,modular,5,r,img/target_4.png
56,2,196,modular,7,i,img/target_8.png
56,2,197,modular,9,o,img/target_9.png
56,2,198,modular,8,w,img/target_2.png
56,2,199,modular,9,o,img/target_9.png
56,2,200,modular,7,i,img/target_8.png
56,2,201,modular,6,p,img/target_10.png
56,2,202,modular,5,r,img/target_4.png
56,2,203,modular,7,i,img/target_8.png
56,2,204,modular,5,r,img/target_4.png
56,2,205,modular,6,p,img/target_10.png
56,2,206,modular,9,o,img/target_9.png
56,2,207,modular,0,q,img/target_1.png
56,2,208,modular,9,o,img/target_9.png
56,2,209,modular,6,p,img/target_10.png
56,2,210,modular,9,o,img/target_9.png
56,2,211,modular,6,p,img/target_10.png
56,2,212,modular,5,r,img/target_4.png
56,2,213,modular,7,i,img/target_8.png
56,2,214,modular,5,r,img/target_4.png
56,2,215,modular,6,p,img/target_10.png
56,2,216,modular,9,o,img/target_9.png
56,2,217,modular,6,p,img/target_10.png
56,2,218,modular,5,r,img/target_4.png
56,2,219,modular,8,w,img/target_2.png
56,2,220,modular,7,i,img/target_8.png
56,2,221,modular,5,r,img/target_4.png
56,2,222,modular,6,p,img/target_10.png
56,2,223,modular,5,r,img/target_4.png
56,2,224,modular,6,p,img/target_10.png
56,2,225,modular,8,w,img/target_2.png
56,2,226,modular,9,o,img/target_9.png
56,2,227,modular,8,w,img/target_2.png
56,2,228,modular,7,i,img/target_8.png
56,2,229,modular,6,p,img/target_10.png
56,2,230,modular,7,i,img/target_8.png
56,2,231,modular,6,p,img/target_10.png
56,2,232,modular,8,w,img/target_2.png
56,2,233,modular,6,p,img/target_10.png
56,2,234,modular,7,i,img/target_8.png
56,2,235,modular,8,w,img/target_2.png
56,2,236,modular,9,o,img/target_9.png
56,2,237,modular,8,w,img/target_2.png
56,2,238,modular,5,r,img/target_4.png
56,2,239,modular,4,u,img/target_7.png
56,2,240,modular,5,r,img/target_4.png
56,2,241,modular,7,i,img/target_8.png
56,2,242,modular,8,w,img/target_2.png
56,2,243,modular,6,p,img/target_10.png
56,2,244,modular,8,w,img/target_2.png
56,2,245,modular,6,p,img/target_10.png
56,2,246,modular,8,w,img/target_2.png
56,2,247,modular,9,o,img/target_9.png
56,2,248,modular,7,i,img/target_8.png
56,2,249,modular,5,r,img/target_4.png
56,2,250,modular,8,w,img/target_2.png
56,2,251,modular,7,i,img/target_8.png
56,2,252,modular,6,p,img/target_10.png
56,2,253,modular,9,o,img/target_9.png
56,2,254,modular,8,w,img/target_2.png
56,2,255,modular,7,i,img/target_8.png
56,2,256,modular,5,r,img/target_4.png
56,2,257,modular,6,p,img/target_10.png
56,2,258,modular,9,o,img/target_9.png
56,2,259,modular,8,w,img/target_2.png
56,2,260,modular,7,i,img/target_8.png
56,2,261,modular,9,o,img/target_9.png
56,2,262,modular,6,p,img/target_10.png
56,2,263,modular,5,r,img/target_4.png
56,2,264,modular,4,u,img/target_7.png
56,2,265,modular,5,r,img/target_4.png
56,2,266,modular,7,i,img/target_8.png
56,2,267,modular,6,p,img/target_10.png
56,2,268,modular,8,w,img/target_2.png
56,2,269,modular,5,r,img/target_4.png
56,2,270,modular,8,w,img/target_2.png
56,2,271,modular,7,i,img/target_8.png
56,2,272,modular,6,p,img/target_10.png
56,2,273,modular,7,i,img/target_8.png
56,2,274,modular,8,w,img/target_2.png
56,2,275,modular,9,o,img/target_9.png
56,2,276,modular,7,i,img/target_8.png
56,2,277,modular,6,p,img/target_10.png
56,2,278,modular,9,o,img/target_9.png
56,2,279,modular,7,i,img/target_8.png
56,2,280,modular,9,o,img/target_9.png
56,2,281,modular,0,q,img/target_1.png
56,2,282,modular,3,v,img/target_5.png
56,2,283,modular,0,q,img/target_1.png
56,2,284,modular,2,e,img/target_3.png
56,2,285,modular,0,q,img/target_1.png
56,2,286,modular,3,v,img/target_5.png
56,2,287,modular,2,e,img/target_3.png
56,2,288,modular,4,u,img/target_7.png
56,2,289,modular,1,b,img/target_6.png
56,2,290,modular,3,v,img/target_5.png
56,2,291,modular,2,e,img/target_3.png
56,2,292,modular,0,q,img/target_1.png
56,2,293,modular,2,e,img/target_3.png
56,2,294,modular,3,v,img/target_5.png
56,2,295,modular,1,b,img/target_6.png
56,2,296,modular,2,e,img/target_3.png
56,2,297,modular,1,b,img/target_6.png
56,2,298,modular,0,q,img/target_1.png
56,2,299,modular,1,b,img/target_6.png
56,2,300,modular,0,q,img/target_1.png
56,2,301,modular,3,v,img/target_5.png
56,2,302,modular,2,e,img/target_3.png
56,2,303,modular,3,v,img/target_5.png
56,2,304,modular,4,u,img/target_7.png
56,2,305,modular,2,e,img/target_3.png
56,2,306,modular,3,v,img/target_5.png
56,2,307,modular,2,e,img/target_3.png
56,2,308,modular,4,u,img/target_7.png
56,2,309,modular,2,e,img/target_3.png
56,2,310,modular,1,b,img/target_6.png
56,2,311,modular,0,q,img/target_1.png
56,2,312,modular,2,e,img/target_3.png
56,2,313,modular,4,u,img/target_7.png
56,2,314,modular,5,r,img/target_4.png
56,2,315,modular,4,u,img/target_7.png
56,2,316,modular,3,v,img/target_5.png
56,2,317,modular,2,e,img/target_3.png
56,2,318,modular,0,q,img/target_1.png
56,2,319,modular,2,e,img/target_3.png
56,2,320,modular,1,b,img/target_6.png
56,2,321,modular,4,u,img/target_7.png
56,2,322,modular,5,r,img/target_4.png
56,2,323,modular,6,p,img/target_10.png
56,2,324,modular,7,i,img/target_8.png
56,2,325,modular,5,r,img/target_4.png
56,2,326,modular,7,i,img/target_8.png
56,2,327,modular,9,o,img/target_9.png
56,2,328,modular,8,w,img/target_2.png
56,2,329,modular,7,i,img/target_8.png
56,2,330,modular,5,r,img/target_4.png
56,2,331,modular,6,p,img/target_10.png
56,2,332,modular,7,i,img/target_8.png
56,2,333,modular,8,w,img/target_2.png
56,2,334,modular,7,i,img/target_8.png
56,2,335,modular,5,r,img/target_4.png
56,2,336,modular,8,w,img/target_2.png
56,2,337,modular,6,p,img/target_10.png
56,2,338,modular,8,w,img/target_2.png
56,2,339,modular,7,i,img/target_8.png
56,2,340,modular,8,w,img/target_2.png
56,2,341,modular,6,p,img/target_10.png
56,2,342,modular,5,r,img/target_4.png
56,2,343,modular,6,p,img/target_10.png
56,2,344,modular,5,r,img/target_4.png
56,2,345,modular,7,i,img/target_8.png
56,2,346,modular,9,o,img/target_9.png
56,2,347,modular,7,i,img/target_8.png
56,2,348,modular,6,p,img/target_10.png
56,2,349,modular,7,i,img/target_8.png
56,2,350,modular,6,p,img/target_10.png
56,2,351,modular,7,i,img/target_8.png
56,2,352,modular,8,w,img/target_2.png
56,2,353,modular,5,r,img/target_4.png
56,2,354,modular,8,w,img/target_2.png
56,2,355,modular,6,p,img/target_10.png
56,2,356,modular,7,i,img/target_8.png
56,2,357,modular,5,r,img/target_4.png
56,2,358,modular,8,w,img/target_2.png
56,2,359,modular,9,o,img/target_9.png
56,2,360,modular,6,p,img/target_10.png
56,2,361,modular,9,o,img/target_9.png
56,2,362,modular,6,p,img/target_10.png
56,2,363,modular,9,o,img/target_9.png
56,2,364,modular,8,w,img/target_2.png
56,2,365,modular,5,r,img/target_4.png
56,2,366,modular,7,i,img/target_8.png
56,2,367,modular,8,w,img/target_2.png
56,2,368,modular,6,p,img/target_10.png
56,2,369,modular,7,i,img/target_8.png
56,2,370,modular,6,p,img/target_10.png
56,2,371,modular,5,r,img/target_4.png
56,2,372,modular,6,p,img/target_10.png
56,2,373,modular,5,r,img/target_4.png
56,2,374,modular,6,p,img/target_10.png
56,2,375,modular,9,o,img/target_9.png
56,2,376,modular,8,w,img/target_2.png
56,2,377,modular,7,i,img/target_8.png
56,2,378,modular,5,r,img/target_4.png
56,2,379,modular,6,p,img/target_10.png
56,2,380,modular,9,o,img/target_9.png
56,2,381,modular,8,w,img/target_2.png
56,2,382,modular,9,o,img/target_9.png
56,2,383,modular,7,i,img/target_8.png
56,2,384,modular,9,o,img/target_9.png
56,2,385,modular,0,q,img/target_1.png
56,2,386,modular,1,b,img/target_6.png
56,2,387,modular,4,u,img/target_7.png
56,2,388,modular,3,v,img/target_5.png
56,2,389,modular,4,u,img/target_7.png
56,2,390,modular,1,b,img/target_6.png
56,2,391,modular,0,q,img/target_1.png
56,2,392,modular,9,o,img/target_9.png
56,2,393,modular,8,w,img/target_2.png
56,2,394,modular,7,i,img/target_8.png
56,2,395,modular,5,r,img/target_4.png
56,2,396,modular,6,p,img/target_10.png
56,2,397,modular,8,w,img/target_2.png
56,2,398,modular,7,i,img/target_8.png
56,2,399,modular,5,r,img/target_4.png
56,2,400,modular,6,p,img/target_10.png
56,2,401,modular,5,r,img/target_4.png
56,2,402,modular,4,u,img/target_7.png
56,2,403,modular,2,e,img/target_3.png
56,2,404,modular,4,u,img/target_7.png
56,2,405,modular,5,r,img/target_4.png
56,2,406,modular,8,w,img/target_2.png
56,2,407,modular,6,p,img/target_10.png
56,2,408,modular,8,w,img/target_2.png
56,2,409,modular,9,o,img/target_9.png
56,2,410,modular,7,i,img/target_8.png
56,2,411,modular,9,o,img/target_9.png
56,2,412,modular,7,i,img/target_8.png
56,2,413,modular,9,o,img/target_9.png
56,2,414,modular,0,q,img/target_1.png
56,2,415,modular,1,b,img/target_6.png
56,2,416,modular,0,q,img/target_1.png
56,2,417,modular,3,v,img/target_5.png
56,2,418,modular,1,b,img/target_6.png
56,2,419,modular,3,v,img/target_5.png
56,2,420,modular,0,q,img/target_1.png
56,2,421,modular,3,v,img/target_5.png
56,2,422,modular,4,u,img/target_7.png
56,2,423,modular,3,v,img/target_5.png
56,2,424,modular,1,b,img/target_6.png
56,2,425,modular,4,u,img/target_7.png
56,2,426,modular,5,r,img/target_4.png
56,2,427,modular,6,p,img/target_10.png
56,2,428,modular,7,i,img/target_8.png
56,2,429,modular,5,r,img/target_4.png
56,2,430,modular,4,u,img/target_7.png
56,2,431,modular,3,v,img/target_5.png
56,2,432,modular,4,u,img/target_7.png
56,2,433,modular,5,r,img/target_4.png
56,2,434,modular,6,p,img/target_10.png
56,2,435,modular,9,o,img/target_9.png
56,2,436,modular,7,i,img/target_8.png
56,2,437,modular,9,o,img/target_9.png
56,2,438,modular,8,w,img/target_2.png
56,2,439,modular,6,p,img/target_10.png
56,2,440,modular,8,w,img/target_2.png
56,2,441,modular,9,o,img/target_9.png
56,2,442,modular,6,p,img/target_10.png
56,2,443,modular,8,w,img/target_2.png
56,2,444,modular,5,r,img/target_4.png
56,2,445,modular,7,i,img/target_8.png
56,2,446,modular,5,r,img/target_4.png
56,2,447,modular,7,i,img/target_8.png
56,2,448,modular,5,r,img/target_4.png
56,2,449,modular,8,w,img/target_2.png
56,2,450,modular,9,o,img/target_9.png
56,2,451,modular,7,i,img/target_8.png
56,2,452,modular,5,r,img/target_4.png
56,2,453,modular,8,w,img/target_2.png
56,2,454,modular,9,o,img/target_9.png
56,2,455,modular,6,p,img/target_10.png
56,2,456,modular,5,r,img/target_4.png
56,2,457,modular,4,u,img/target_7.png
56,2,458,modular,5,r,img/target_4.png
56,2,459,modular,4,u,img/target_7.png
56,2,460,modular,3,v,img/target_5.png
56,2,461,modular,1,b,img/target_6.png
56,2,462,modular,3,v,img/target_5.png
56,2,463,modular,0,q,img/target_1.png
56,2,464,modular,2,e,img/target_3.png
56,2,465,modular,1,b,img/target_6.png
56,2,466,modular,2,e,img/target_3.png
56,2,467,modular,4,u,img/target_7.png
56,2,468,modular,1,b,img/target_6.png
56,2,469,modular,0,q,img/target_1.png
56,2,470,modular,3,v,img/target_5.png
56,2,471,modular,2,e,img/target_3.png
56,2,472,modular,4,u,img/target_7.png
56,2,473,modular,1,b,img/target_6.png
56,2,474,modular,4,u,img/target_7.png
56,2,475,modular,1,b,img/target_6.png
56,2,476,modular,0,q,img/target_1.png
56,2,477,modular,9,o,img/target_9.png
56,2,478,modular,0,q,img/target_1.png
56,2,479,modular,9,o,img/target_9.png
56,2,480,modular,8,w,img/target_2.png
56,2,481,modular,7,i,img/target_8.png
56,2,482,modular,8,w,img/target_2.png
56,2,483,modular,5,r,img/target_4.png
56,2,484,modular,4,u,img/target_7.png
56,2,485,modular,1,b,img/target_6.png
56,2,486,modular,0,q,img/target_1.png
56,2,487,modular,1,b,img/target_6.png
56,2,488,modular,4,u,img/target_7.png
56,2,489,modular,3,v,img/target_5.png
56,2,490,modular,0,q,img/target_1.png
56,2,491,modular,3,v,img/target_5.png
56,2,492,modular,0,q,img/target_1.png
56,2,493,modular,3,v,img/target_5.png
56,2,494,modular,2,e,img/target_3.png
56,2,495,modular,3,v,img/target_5.png
56,2,496,modular,2,e,img/target_3.png
56,2,497,modular,4,u,img/target_7.png
56,2,498,modular,2,e,img/target_3.png
56,2,499,modular,4,u,img/target_7.png
56,2,500,modular,5,r,img/target_4.png
56,2,501,modular,4,u,img/target_7.png
56,2,502,modular,3,v,img/target_5.png
56,2,503,modular,4,u,img/target_7.png
56,2,504,modular,1,b,img/target_6.png
56,2,505,modular,3,v,img/target_5.png
56,2,506,modular,1,b,img/target_6.png
56,2,507,modular,4,u,img/target_7.png
56,2,508,modular,5,r,img/target_4.png
56,2,509,modular,8,w,img/target_2.png
56,2,510,modular,6,p,img/target_10.png
56,2,511,modular,5,r,img/target_4.png
56,2,512,modular,7,i,img/target_8.png
56,2,513,modular,9,o,img/target_9.png
56,2,514,modular,6,p,img/target_10.png
56,2,515,modular,8,w,img/target_2.png
56,2,516,modular,9,o,img/target_9.png
56,2,517,modular,6,p,img/target_10.png
56,2,518,modular,8,w,img/target_2.png
56,2,519,modular,7,i,img/target_8.png
56,2,520,modular,6,p,img/target_10.png
56,2,521,modular,9,o,img/target_9.png
56,2,522,modular,7,i,img/target_8.png
56,2,523,modular,9,o,img/target_9.png
56,2,524,modular,6,p,img/target_10.png
56,2,525,modular,7,i,img/target_8.png
56,2,526,modular,5,r,img/target_4.png
56,2,527,modular,6,p,img/target_10.png
56,2,528,modular,8,w,img/target_2.png
56,2,529,modular,9,o,img/target_9.png
56,2,530,modular,8,w,img/target_2.png
56,2,531,modular,9,o,img/target_9.png
56,2,532,modular,6,p,img/target_10.png
56,2,533,modular,9,o,img/target_9.png
56,2,534,modular,8,w,img/target_2.png
56,2,535,modular,7,i,img/target_8.png
56,2,536,modular,9,o,img/target_9.png
56,2,537,modular,6,p,img/target_10.png
56,2,538,modular,5,r,img/target_4.png
56,2,539,modular,6,p,img/target_10.png
56,2,540,modular,8,w,img/target_2.png
56,2,541,modular,5,r,img/target_4.png
56,2,542,modular,8,w,img/target_2.png
56,2,543,modular,5,r,img/target_4.png
56,2,544,modular,7,i,img/target_8.png
56,2,545,modular,8,w,img/target_2.png
56,2,546,modular,6,p,img/target_10.png
56,2,547,modular,5,r,img/target_4.png
56,2,548,modular,7,i,img/target_8.png
56,2,549,modular,9,o,img/target_9.png
56,2,550,modular,7,i,img/target_8.png
56,2,551,modular,6,p,img/target_10.png
56,2,552,modular,9,o,img/target_9.png
56,2,553,modular,7,i,img/target_8.png
56,2,554,modular,8,w,img/target_2.png
56,2,555,modular,5,r,img/target_4.png
56,2,556,modular,7,i,img/target_8.png
56,2,557,modular,5,r,img/target_4.png
56,2,558,modular,4,u,img/target_7.png
56,2,559,modular,1,b,img/target_6.png
56,2,560,modular,3,v,img/target_5.png
56,2,561,modular,4,u,img/target_7.png
56,2,562,modular,1,b,img/target_6.png
56,2,563,modular,0,q,img/target_1.png
56,2,564,modular,9,o,img/target_9.png
56,2,565,modular,6,p,img/target_10.png
56,2,566,modular,9,o,img/target_9.png
56,2,567,modular,6,p,img/target_10.png
56,2,568,modular,9,o,img/target_9.png
56,2,569,modular,0,q,img/target_1.png
56,2,570,modular,9,o,img/target_9.png
56,2,571,modular,8,w,img/target_2.png
56,2,572,modular,5,r,img/target_4.png
56,2,573,modular,7,i,img/target_8.png
56,2,574,modular,9,o,img/target_9.png
56,2,575,modular,8,w,img/target_2.png
56,2,576,modular,5,r,img/target_4.png
56,2,577,modular,4,u,img/target_7.png
56,2,578,modular,3,v,img/target_5.png
56,2,579,modular,2,e,img/target_3.png
56,2,580,modular,0,q,img/target_1.png
56,2,581,modular,2,e,img/target_3.png
56,2,582,modular,3,v,img/target_5.png
56,2,583,modular,4,u,img/target_7.png
56,2,584,modular,2,e,img/target_3.png
56,2,585,modular,4,u,img/target_7.png
56,2,586,modular,1,b,img/target_6.png
56,2,587,modular,3,v,img/target_5.png
56,2,588,modular,0,q,img/target_1.png
56,2,589,modular,2,e,img/target_3.png
56,2,590,modular,1,b,img/target_6.png
56,2,591,modular,2,e,img/target_3.png
56,2,592,modular,1,b,img/target_6.png
56,2,593,modular,4,u,img/target_7.png
56,2,594,modular,5,r,img/target_4.png
56,2,595,modular,4,u,img/target_7.png
56,2,596,modular,1,b,img/target_6.png
56,2,597,modular,3,v,img/target_5.png
56,2,598,modular,2,e,img/target_3.png
56,2,599,modular,3,v,img/target_5.png
56,2,600,modular,0,q,img/target_1.png
56,2,601,modular,1,b,img/target_6.png
56,2,602,modular,2,e,img/target_3.png
56,2,603,modular,1,b,img/target_6.png
56,2,604,modular,4,u,img/target_7.png
56,2,605,modular,1,b,img/target_6.png
56,2,606,modular,0,q,img/target_1.png
56,2,607,modular,3,v,img/target_5.png
56,2,608,modular,1,b,img/target_6.png
56,2,609,modular,2,e,img/target_3.png
56,2,610,modular,1,b,img/target_6.png
56,2,611,modular,3,v,img/target_5.png
56,2,612,modular,0,q,img/target_1.png
56,2,613,modular,2,e,img/target_3.png
56,2,614,modular,3,v,img/target_5.png
56,2,615,modular,2,e,img/target_3.png
56,2,616,modular,3,v,img/target_5.png
56,2,617,modular,0,q,img/target_1.png
56,2,618,modular,2,e,img/target_3.png
56,2,619,modular,1,b,img/target_6.png
56,2,620,modular,2,e,img/target_3.png
56,2,621,modular,4,u,img/target_7.png
56,2,622,modular,3,v,img/target_5.png
56,2,623,modular,1,b,img/target_6.png
56,2,624,modular,2,e,img/target_3.png
56,2,625,modular,1,b,img/target_6.png
56,2,626,modular,2,e,img/target_3.png
56,2,627,modular,4,u,img/target_7.png
56,2,628,modular,2,e,img/target_3.png
56,2,629,modular,1,b,img/target_6.png
56,2,630,modular,2,e,img/target_3.png
56,2,631,modular,3,v,img/target_5.png
56,2,632,modular,1,b,img/target_6.png
56,2,633,modular,3,v,img/target_5.png
56,2,634,modular,2,e,img/target_3.png
56,2,635,modular,0,q,img/target_1.png
56,2,636,modular,3,v,img/target_5.png
56,2,637,modular,0,q,img/target_1.png
56,2,638,modular,2,e,img/target_3.png
56,2,639,modular,0,q,img/target_1.png
56,2,640,modular,3,v,img/target_5.png
56,2,641,modular,0,q,img/target_1.png
56,2,642,modular,1,b,img/target_6.png
56,2,643,modular,3,v,img/target_5.png
56,2,644,modular,1,b,img/target_6.png
56,2,645,modular,3,v,img/target_5.png
56,2,646,modular,0,q,img/target_1.png
56,2,647,modular,2,e,img/target_3.png
56,2,648,modular,1,b,img/target_6.png
56,2,649,modular,2,e,img/target_3.png
56,2,650,modular,3,v,img/target_5.png
56,2,651,modular,0,q,img/target_1.png
56,2,652,modular,9,o,img/target_9.png
56,2,653,modular,8,w,img/target_2.png
56,2,654,modular,5,r,img/target_4.png
56,2,655,modular,8,w,img/target_2.png
56,2,656,modular,5,r,img/target_4.png
56,2,657,modular,7,i,img/target_8.png
56,2,658,modular,5,r,img/target_4.png
56,2,659,modular,4,u,img/target_7.png
56,2,660,modular,1,b,img/target_6.png
56,2,661,modular,0,q,img/target_1.png
56,2,662,modular,1,b,img/target_6.png
56,2,663,modular,2,e,img/target_3.png
56,2,664,modular,0,q,img/target_1.png
56,2,665,modular,2,e,img/target_3.png
56,2,666,modular,3,v,img/target_5.png
56,2,667,modular,1,b,img/target_6.png
56,2,668,modular,3,v,img/target_5.png
56,2,669,modular,4,u,img/target_7.png
56,2,670,modular,3,v,img/target_5.png
56,2,671,modular,4,u,img/target_7.png
56,2,672,modular,5,r,img/target_4.png
56,2,673,modular,7,i,img/target_8.png
56,2,674,modular,9,o,img/target_9.png
56,2,675,modular,8,w,img/target_2.png
56,2,676,modular,9,o,img/target_9.png
56,2,677,modular,0,q,img/target_1.png
56,2,678,modular,3,v,img/target_5.png
56,2,679,modular,1,b,img/target_6.png
56,2,680,modular,0,q,img/target_1.png
56,2,681,modular,1,b,img/target_6.png
56,2,682,modular,2,e,img/target_3.png
56,2,683,modular,0,q,img/target_1.png
56,2,684,modular,3,v,img/target_5.png
56,2,685,modular,2,e,img/target_3.png
56,2,686,modular,1,b,img/target_6.png
56,2,687,modular,0,q,img/target_1.png
56,2,688,modular,2,e,img/target_3.png
56,2,689,modular,3,v,img/target_5.png
56,2,690,modular,4,u,img/target_7.png
56,2,691,modular,1,b,img/target_6.png
56,2,692,modular,3,v,img/target_5.png
56,2,693,modular,1,b,img/target_6.png
56,2,694,modular,4,u,img/target_7.png
56,2,695,modular,5,r,img/target_4.png
56,2,696,modular,4,u,img/target_7.png
56,2,697,modular,5,r,img/target_4.png
56,2,698,modular,8,w,img/target_2.png
56,2,699,modular,6,p,img/target_10.png
56,2,700,modular,9,o,img/target_9.png
56,2,701,modular,6,p,img/target_10.png
56,2,702,modular,5,r,img/target_4.png
56,2,703,modular,6,p,img/target_10.png
56,2,704,modular,8,w,img/target_2.png
56,2,705,modular,9,o,img/target_9.png
56,2,706,modular,8,w,img/target_2.png
56,2,707,modular,9,o,img/target_9.png
56,2,708,modular,8,w,img/target_2.png
56,2,709,modular,6,p,img/target_10.png
56,2,710,modular,9,o,img/target_9.png
56,2,711,modular,6,p,img/target_10.png
56,2,712,modular,9,o,img/target_9.png
56,2,713,modular,6,p,img/target_10.png
56,2,714,modular,7,i,img/target_8.png
56,2,715,modular,6,p,img/target_10.png
56,2,716,modular,9,o,img/target_9.png
56,2,717,modular,8,w,img/target_2.png
56,2,718,modular,7,i,img/target_8.png
56,2,719,modular,8,w,img/target_2.png
56,2,720,modular,7,i,img/target_8.png
56,2,721,modular,8,w,img/target_2.png
56,2,722,modular,6,p,img/target_10.png
56,2,723,modular,5,r,img/target_4.png
56,2,724,modular,7,i,img/target_8.png
56,2,725,modular,9,o,img/target_9.png
56,2,726,modular,8,w,img/target_2.png
56,2,727,modular,7,i,img/target_8.png
56,2,728,modular,5,r,img/target_4.png
56,2,729,modular,8,w,img/target_2.png
56,2,730,modular,5,r,img/target_4.png
56,2,731,modular,7,i,img/target_8.png
56,2,732,modular,6,p,img/target_10.png
56,2,733,modular,8,w,img/target_2.png
56,2,734,modular,5,r,img/target_4.png
56,2,735,modular,6,p,img/target_10.png
56,2,736,modular,9,o,img/target_9.png
56,2,737,modular,8,w,img/target_2.png
56,2,738,modular,9,o,img/target_9.png
56,2,739,modular,6,p,img/target_10.png
56,2,740,modular,9,o,img/target_9.png
56,2,741,modular,8,w,img/target_2.png
56,2,742,modular,5,r,img/target_4.png
56,2,743,modular,6,p,img/target_10.png
56,2,744,modular,8,w,img/target_2.png
56,2,745,modular,9,o,img/target_9.png
56,2,746,modular,7,i,img/target_8.png
56,2,747,modular,5,r,img/target_4.png
56,2,748,modular,8,w,img/target_2.png
56,2,749,modular,5,r,img/target_4.png
56,2,750,modular,7,i,img/target_8.png
56,2,751,modular,8,w,img/target_2.png
56,2,752,modular,9,o,img/target_9.png
56,2,753,modular,7,i,img/target_8.png
56,2,754,modular,8,w,img/target_2.png
56,2,755,modular,5,r,img/target_4.png
56,2,756,modular,8,w,img/target_2.png
56,2,757,modular,7,i,img/target_8.png
56,2,758,modular,5,r,img/target_4.png
56,2,759,modular,7,i,img/target_8.png
56,2,760,modular,8,w,img/target_2.png
56,2,761,modular,5,r,img/target_4.png
56,2,762,modular,4,u,img/target_7.png
56,2,763,modular,5,r,img/target_4.png
56,2,764,modular,7,i,img/target_8.png
56,2,765,modular,9,o,img/target_9.png
56,2,766,modular,8,w,img/target_2.png
56,2,767,modular,9,o,img/target_9.png
56,2,768,modular,8,w,img/target_2.png
56,2,769,modular,5,r,img/target_4.png
56,2,770,modular,4,u,img/target_7.png
56,2,771,modular,1,b,img/target_6.png
56,2,772,modular,0,q,img/target_1.png
56,2,773,modular,1,b,img/target_6.png
56,2,774,modular,4,u,img/target_7.png
56,2,775,modular,3,v,img/target_5.png
56,2,776,modular,4,u,img/target_7.png
56,2,777,modular,1,b,img/target_6.png
56,2,778,modular,2,e,img/target_3.png
56,2,779,modular,1,b,img/target_6.png
56,2,780,modular,4,u,img/target_7.png
56,2,781,modular,3,v,img/target_5.png
56,2,782,modular,1,b,img/target_6.png
56,2,783,modular,3,v,img/target_5.png
56,2,784,modular,2,e,img/target_3.png
56,2,785,modular,3,v,img/target_5.png
56,2,786,modular,0,q,img/target_1.png
56,2,787,modular,1,b,img/target_6.png
56,2,788,modular,2,e,img/target_3.png
56,2,789,modular,4,u,img/target_7.png
56,2,790,modular,2,e,img/target_3.png
56,2,791,modular,1,b,img/target_6.png
56,2,792,modular,4,u,img/target_7.png
56,2,793,modular,3,v,img/target_5.png
56,2,794,modular,0,q,img/target_1.png
56,2,795,modular,2,e,img/target_3.png
56,2,796,modular,0,q,img/target_1.png
56,2,797,modular,9,o,img/target_9.png
56,2,798,modular,0,q,img/target_1.png
56,2,799,modular,3,v,img/target_5.png
56,2,800,modular,2,e,img/target_3.png
56,2,801,modular,0,q,img/target_1.png
56,2,802,modular,1,b,img/target_6.png
56,2,803,modular,4,u,img/target_7.png
56,2,804,modular,2,e,img/target_3.png
56,2,805,modular,3,v,img/target_5.png
56,2,806,modular,4,u,img/target_7.png
56,2,807,modular,5,r,img/target_4.png
56,2,808,modular,8,w,img/target_2.png
56,2,809,modular,9,o,img/target_9.png
56,2,810,modular,6,p,img/target_10.png
56,2,811,modular,5,r,img/target_4.png
56,2,812,modular,7,i,img/target_8.png
56,2,813,modular,6,p,img/target_10.png
56,2,814,modular,9,o,img/target_9.png
56,2,815,modular,8,w,img/target_2.png
56,2,816,modular,6,p,img/target_10.png
56,2,817,modular,9,o,img/target_9.png
56,2,818,modular,0,q,img/target_1.png
56,2,819,modular,9,o,img/target_9.png
56,2,820,modular,7,i,img/target_8.png
56,2,821,modular,5,r,img/target_4.png
56,2,822,modular,4,u,img/target_7.png
56,2,823,modular,1,b,img/target_6.png
56,2,824,modular,0,q,img/target_1.png
56,2,825,modular,2,e,img/target_3.png
56,2,826,modular,3,v,img/target_5.png
56,2,827,modular,2,e,img/target_3.png
56,2,828,modular,3,v,img/target_5.png
56,2,829,modular,0,q,img/target_1.png
56,2,830,modular,1,b,img/target_6.png
56,2,831,modular,4,u,img/target_7.png
56,2,832,modular,1,b,img/target_6.png
56,2,833,modular,3,v,img/target_5.png
56,2,834,modular,1,b,img/target_6.png
56,2,835,modular,0,q,img/target_1.png
56,2,836,modular,1,b,img/target_6.png
56,2,837,modular,3,v,img/target_5.png
56,2,838,modular,4,u,img/target_7.png
56,2,839,modular,2,e,img/target_3.png
56,2,840,modular,0,q,img/target_1.png
56,2,841,modular,2,e,img/target_3.png
56,2,842,modular,0,q,img/target_1.png
56,2,843,modular,9,o,img/target_9.png
56,2,844,modular,6,p,img/target_10.png
56,2,845,modular,8,w,img/target_2.png
56,2,846,modular,9,o,img/target_9.png
56,2,847,modular,0,q,img/target_1.png
56,2,848,modular,1,b,img/target_6.png
56,2,849,modular,4,u,img/target_7.png
56,2,850,modular,2,e,img/target_3.png
56,2,851,modular,3,v,img/target_5.png
56,2,852,modular,1,b,img/target_6.png
56,2,853,modular,4,u,img/target_7.png
56,2,854,modular,2,e,img/target_3.png
56,2,855,modular,1,b,img/target_6.png
56,2,856,modular,4,u,img/target_7.png
56,2,857,modular,1,b,img/target_6.png
56,2,858,modular,4,u,img/target_7.png
56,2,859,modular,3,v,img/target_5.png
56,2,860,modular,2,e,img/target_3.png
56,2,861,modular,3,v,img/target_5.png
56,2,862,modular,0,q,img/target_1.png
56,2,863,modular,3,v,img/target_5.png
56,2,864,modular,1,b,img/target_6.png
56,2,865,modular,0,q,img/target_1.png
56,2,866,modular,2,e,img/target_3.png
56,2,867,modular,4,u,img/target_7.png
56,2,868,modular,5,r,img/target_4.png
56,2,869,modular,8,w,img/target_2.png
56,2,870,modular,6,p,img/target_10.png
56,2,871,modular,5,r,img/target_4.png
56,2,872,modular,4,u,img/target_7.png
56,2,873,modular,1,b,img/target_6.png
56,2,874,modular,4,u,img/target_7.png
56,2,875,modular,3,v,img/target_5.png
56,2,876,modular,0,q,img/target_1.png
56,2,877,modular,2,e,img/target_3.png
56,2,878,modular,1,b,img/target_6.png
56,2,879,modular,3,v,img/target_5.png
56,2,880,modular,1,b,img/target_6.png
56,2,881,modular,2,e,img/target_3.png
56,2,882,modular,4,u,img/target_7.png
56,2,883,modular,2,e,img/target_3.png
56,2,884,modular,0,q,img/target_1.png
56,2,885,modular,9,o,img/target_9.png
56,2,886,modular,7,i,img/target_8.png
56,2,887,modular,9,o,img/target_9.png
56,2,888,modular,7,i,img/target_8.png
56,2,889,modular,8,w,img/target_2.png
56,2,890,modular,5,r,img/target_4.png
56,2,891,modular,4,u,img/target_7.png
56,2,892,modular,3,v,img/target_5.png
56,2,893,modular,4,u,img/target_7.png
56,2,894,modular,3,v,img/target_5.png
56,2,895,modular,2,e,img/target_3.png
56,2,896,modular,3,v,img/target_5.png
56,2,897,modular,2,e,img/target_3.png
56,2,898,modular,4,u,img/target_7.png
56,2,899,modular,2,e,img/target_3.png
56,2,900,modular,0,q,img/target_1.png
56,2,901,modular,3,v,img/target_5.png
56,2,902,modular,2,e,img/target_3.png
56,2,903,modular,1,b,img/target_6.png
56,2,904,modular,4,u,img/target_7.png
56,2,905,modular,1,b,img/target_6.png
56,2,906,modular,3,v,img/target_5.png
56,2,907,modular,1,b,img/target_6.png
56,2,908,modular,0,q,img/target_1.png
56,2,909,modular,3,v,img/target_5.png
56,2,910,modular,0,q,img/target_1.png
56,2,911,modular,9,o,img/target_9.png
56,2,912,modular,0,q,img/target_1.png
56,2,913,modular,3,v,img/target_5.png
56,2,914,modular,4,u,img/target_7.png
56,2,915,modular,3,v,img/target_5.png
56,2,916,modular,0,q,img/target_1.png
56,2,917,modular,2,e,img/target_3.png
56,2,918,modular,1,b,img/target_6.png
56,2,919,modular,2,e,img/target_3.png
56,2,920,modular,1,b,img/target_6.png
56,2,921,modular,4,u,img/target_7.png
56,2,922,modular,5,r,img/target_4.png
56,2,923,modular,6,p,img/target_10.png
56,2,924,modular,8,w,img/target_2.png
56,2,925,modular,5,r,img/target_4.png
56,2,926,modular,6,p,img/target_10.png
56,2,927,modular,9,o,img/target_9.png
56,2,928,modular,0,q,img/target_1.png
56,2,929,modular,2,e,img/target_3.png
56,2,930,modular,3,v,img/target_5.png
56,2,931,modular,2,e,img/target_3.png
56,2,932,modular,4,u,img/target_7.png
56,2,933,modular,2,e,img/target_3.png
56,2,934,modular,4,u,img/target_7.png
56,2,935,modular,2,e,img/target_3.png
56,2,936,modular,0,q,img/target_1.png
56,2,937,modular,1,b,img/target_6.png
56,2,938,modular,4,u,img/target_7.png
56,2,939,modular,2,e,img/target_3.png
56,2,940,modular,0,q,img/target_1.png
56,2,941,modular,1,b,img/target_6.png
56,2,942,modular,3,v,img/target_5.png
56,2,943,modular,4,u,img/target_7.png
56,2,944,modular,3,v,img/target_5.png
56,2,945,modular,2,e,img/target_3.png
56,2,946,modular,3,v,img/target_5.png
56,2,947,modular,1,b,img/target_6.png
56,2,948,modular,0,q,img/target_1.png
56,2,949,modular,3,v,img/target_5.png
56,2,950,modular,0,q,img/target_1.png
56,2,951,modular,2,e,img/target_3.png
56,2,952,modular,1,b,img/target_6.png
56,2,953,modular,3,v,img/target_5.png
56,2,954,modular,0,q,img/target_1.png
56,2,955,modular,2,e,img/target_3.png
56,2,956,modular,3,v,img/target_5.png
56,2,957,modular,4,u,img/target_7.png
56,2,958,modular,2,e,img/target_3.png
56,2,959,modular,0,q,img/target_1.png
56,2,960,modular,1,b,img/target_6.png
56,2,961,modular,3,v,img/target_5.png
56,2,962,modular,2,e,img/target_3.png
56,2,963,modular,0,q,img/target_1.png
56,2,964,modular,2,e,img/target_3.png
56,2,965,modular,4,u,img/target_7.png
56,2,966,modular,1,b,img/target_6.png
56,2,967,modular,0,q,img/target_1.png
56,2,968,modular,1,b,img/target_6.png
56,2,969,modular,0,q,img/target_1.png
56,2,970,modular,3,v,img/target_5.png
56,2,971,modular,0,q,img/target_1.png
56,2,972,modular,2,e,img/target_3.png
56,2,973,modular,4,u,img/target_7.png
56,2,974,modular,3,v,img/target_5.png
56,2,975,modular,0,q,img/target_1.png
56,2,976,modular,1,b,img/target_6.png
56,2,977,modular,2,e,img/target_3.png
56,2,978,modular,1,b,img/target_6.png
56,2,979,modular,4,u,img/target_7.png
56,2,980,modular,1,b,img/target_6.png
56,2,981,modular,2,e,img/target_3.png
56,2,982,modular,4,u,img/target_7.png
56,2,983,modular,1,b,img/target_6.png
56,2,984,modular,3,v,img/target_5.png
56,2,985,modular,4,u,img/target_7.png
56,2,986,modular,2,e,img/target_3.png
56,2,987,modular,4,u,img/target_7.png
56,2,988,modular,1,b,img/target_6.png
56,2,989,modular,3,v,img/target_5.png
56,2,990,modular,2,e,img/target_3.png
56,2,991,modular,4,u,img/target_7.png
56,2,992,modular,2,e,img/target_3.png
56,2,993,modular,0,q,img/target_1.png
56,2,994,modular,1,b,img/target_6.png
56,2,995,modular,0,q,img/target_1.png
56,2,996,modular,2,e,img/target_3.png
56,2,997,modular,4,u,img/target_7.png
56,2,998,modular,1,b,img/target_6.png
56,2,999,modular,3,v,img/target_5.png
56,2,1000,modular,4,u,img/target_7.png
