pID,trialNum,graph,walk,resp,path
15,1,lattice,8,e,img/target_3.png
15,2,lattice,6,v,img/target_5.png
15,3,lattice,4,p,img/target_10.png
15,4,lattice,5,w,img/target_2.png
15,5,lattice,7,r,img/target_4.png
15,6,lattice,6,v,img/target_5.png
15,7,lattice,4,p,img/target_10.png
15,8,lattice,6,v,img/target_5.png
15,9,lattice,8,e,img/target_3.png
15,10,lattice,0,b,img/target_6.png
15,11,lattice,2,q,img/target_1.png
15,12,lattice,0,b,img/target_6.png
15,13,lattice,9,i,img/target_8.png
15,14,lattice,1,o,img/target_9.png
15,15,lattice,2,q,img/target_1.png
15,16,lattice,4,p,img/target_10.png
15,17,lattice,3,u,img/target_7.png
15,18,lattice,5,w,img/target_2.png
15,19,lattice,7,r,img/target_4.png
15,20,lattice,9,i,img/target_8.png
15,21,lattice,7,r,img/target_4.png
15,22,lattice,9,i,img/target_8.png
15,23,lattice,8,e,img/target_3.png
15,24,lattice,0,b,img/target_6.png
15,25,lattice,2,q,img/target_1.png
15,26,lattice,1,o,img/target_9.png
15,27,lattice,0,b,img/target_6.png
15,28,lattice,1,o,img/target_9.png
15,29,lattice,0,b,img/target_6.png
15,30,lattice,2,q,img/target_1.png
15,31,lattice,1,o,img/target_9.png
15,32,lattice,0,b,img/target_6.png
15,33,lattice,8,e,img/target_3.png
15,34,lattice,0,b,img/target_6.png
15,35,lattice,9,i,img/target_8.png
15,36,lattice,7,r,img/target_4.png
15,37,lattice,8,e,img/target_3.png
15,38,lattice,9,i,img/target_8.png
15,39,lattice,8,e,img/target_3.png
15,40,lattice,7,r,img/target_4.png
15,41,lattice,6,v,img/target_5.png
15,42,lattice,5,w,img/target_2.png
15,43,lattice,6,v,img/target_5.png
15,44,lattice,4,p,img/target_10.png
15,45,lattice,5,w,img/target_2.png
15,46,lattice,6,v,img/target_5.png
15,47,lattice,8,e,img/target_3.png
15,48,lattice,0,b,img/target_6.png
15,49,lattice,1,o,img/target_9.png
15,50,lattice,0,b,img/target_6.png
15,51,lattice,1,o,img/target_9.png
15,52,lattice,9,i,img/target_8.png
15,53,lattice,8,e,img/target_3.png
15,54,lattice,9,i,img/target_8.png
15,55,lattice,1,o,img/target_9.png
15,56,lattice,9,i,img/target_8.png
15,57,lattice,8,e,img/target_3.png
15,58,lattice,7,r,img/target_4.png
15,59,lattice,6,v,img/target_5.png
15,60,lattice,8,e,img/target_3.png
15,61,lattice,9,i,img/target_8.png
15,62,lattice,8,e,img/target_3.png
15,63,lattice,7,r,img/target_4.png
15,64,lattice,5,w,img/target_2.png
15,65,lattice,6,v,img/target_5.png
15,66,lattice,4,p,img/target_10.png
15,67,lattice,3,u,img/target_7.png
15,68,lattice,5,w,img/target_2.png
15,69,lattice,4,p,img/target_10.png
15,70,lattice,6,v,img/target_5.png
15,71,lattice,4,p,img/target_10.png
15,72,lattice,3,u,img/target_7.png
15,73,lattice,5,w,img/target_2.png
15,74,lattice,3,u,img/target_7.png
15,75,lattice,4,p,img/target_10.png
15,76,lattice,3,u,img/target_7.png
15,77,lattice,5,w,img/target_2.png
15,78,lattice,6,v,img/target_5.png
15,79,lattice,5,w,img/target_2.png
15,80,lattice,4,p,img/target_10.png
15,81,lattice,3,u,img/target_7.png
15,82,lattice,2,q,img/target_1.png
15,83,lattice,0,b,img/target_6.png
15,84,lattice,2,q,img/target_1.png
15,85,lattice,4,p,img/target_10.png
15,86,lattice,6,v,img/target_5.png
15,87,lattice,8,e,img/target_3.png
15,88,lattice,7,r,img/target_4.png
15,89,lattice,9,i,img/target_8.png
15,90,lattice,1,o,img/target_9.png
15,91,lattice,9,i,img/target_8.png
15,92,lattice,7,r,img/target_4.png
15,93,lattice,5,w,img/target_2.png
15,94,lattice,6,v,img/target_5.png
15,95,lattice,7,r,img/target_4.png
15,96,lattice,5,w,img/target_2.png
15,97,lattice,3,u,img/target_7.png
15,98,lattice,5,w,img/target_2.png
15,99,lattice,3,u,img/target_7.png
15,100,lattice,1,o,img/target_9.png
15,101,lattice,9,i,img/target_8.png
15,102,lattice,7,r,img/target_4.png
15,103,lattice,9,i,img/target_8.png
15,104,lattice,1,o,img/target_9.png
15,105,lattice,2,q,img/target_1.png
15,106,lattice,0,b,img/target_6.png
15,107,lattice,8,e,img/target_3.png
15,108,lattice,9,i,img/target_8.png
15,109,lattice,7,r,img/target_4.png
15,110,lattice,8,e,img/target_3.png
15,111,lattice,7,r,img/target_4.png
15,112,lattice,6,v,img/target_5.png
15,113,lattice,5,w,img/target_2.png
15,114,lattice,4,p,img/target_10.png
15,115,lattice,5,w,img/target_2.png
15,116,lattice,7,r,img/target_4.png
15,117,lattice,6,v,img/target_5.png
15,118,lattice,4,p,img/target_10.png
15,119,lattice,6,v,img/target_5.png
15,120,lattice,4,p,img/target_10.png
15,121,lattice,2,q,img/target_1.png
15,122,lattice,0,b,img/target_6.png
15,123,lattice,2,q,img/target_1.png
15,124,lattice,4,p,img/target_10.png
15,125,lattice,3,u,img/target_7.png
15,126,lattice,4,p,img/target_10.png
15,127,lattice,6,v,img/target_5.png
15,128,lattice,8,e,img/target_3.png
15,129,lattice,0,b,img/target_6.png
15,130,lattice,9,i,img/target_8.png
15,131,lattice,7,r,img/target_4.png
15,132,lattice,9,i,img/target_8.png
15,133,lattice,1,o,img/target_9.png
15,134,lattice,3,u,img/target_7.png
15,135,lattice,2,q,img/target_1.png
15,136,lattice,3,u,img/target_7.png
15,137,lattice,4,p,img/target_10.png
15,138,lattice,3,u,img/target_7.png
15,139,lattice,1,o,img/target_9.png
15,140,lattice,0,b,img/target_6.png
15,141,lattice,2,q,img/target_1.png
15,142,lattice,0,b,img/target_6.png
15,143,lattice,8,e,img/target_3.png
15,144,lattice,6,v,img/target_5.png
15,145,lattice,4,p,img/target_10.png
15,146,lattice,2,q,img/target_1.png
15,147,lattice,3,u,img/target_7.png
15,148,lattice,4,p,img/target_10.png
15,149,lattice,5,w,img/target_2.png
15,150,lattice,7,r,img/target_4.png
15,151,lattice,9,i,img/target_8.png
15,152,lattice,1,o,img/target_9.png
15,153,lattice,2,q,img/target_1.png
15,154,lattice,4,p,img/target_10.png
15,155,lattice,5,w,img/target_2.png
15,156,lattice,6,v,img/target_5.png
15,157,lattice,4,p,img/target_10.png
15,158,lattice,6,v,img/target_5.png
15,159,lattice,4,p,img/target_10.png
15,160,lattice,3,u,img/target_7.png
15,161,lattice,5,w,img/target_2.png
15,162,lattice,6,v,img/target_5.png
15,163,lattice,7,r,img/target_4.png
15,164,lattice,8,e,img/target_3.png
15,165,lattice,7,r,img/target_4.png
15,166,lattice,6,v,img/target_5.png
15,167,lattice,4,p,img/target_10.png
15,168,lattice,5,w,img/target_2.png
15,169,lattice,3,u,img/target_7.png
15,170,lattice,2,q,img/target_1.png
15,171,lattice,1,o,img/target_9.png
15,172,lattice,3,u,img/target_7.png
15,173,lattice,4,p,img/target_10.png
15,174,lattice,6,v,img/target_5.png
15,175,lattice,8,e,img/target_3.png
15,176,lattice,9,i,img/target_8.png
15,177,lattice,0,b,img/target_6.png
15,178,lattice,1,o,img/target_9.png
15,179,lattice,9,i,img/target_8.png
15,180,lattice,7,r,img/target_4.png
15,181,lattice,8,e,img/target_3.png
15,182,lattice,0,b,img/target_6.png
15,183,lattice,2,q,img/target_1.png
15,184,lattice,1,o,img/target_9.png
15,185,lattice,3,u,img/target_7.png
15,186,lattice,1,o,img/target_9.png
15,187,lattice,2,q,img/target_1.png
15,188,lattice,3,u,img/target_7.png
15,189,lattice,4,p,img/target_10.png
15,190,lattice,6,v,img/target_5.png
15,191,lattice,4,p,img/target_10.png
15,192,lattice,6,v,img/target_5.png
15,193,lattice,8,e,img/target_3.png
15,194,lattice,6,v,img/target_5.png
15,195,lattice,8,e,img/target_3.png
15,196,lattice,0,b,img/target_6.png
15,197,lattice,9,i,img/target_8.png
15,198,lattice,0,b,img/target_6.png
15,199,lattice,9,i,img/target_8.png
15,200,lattice,8,e,img/target_3.png
15,201,lattice,6,v,img/target_5.png
15,202,lattice,8,e,img/target_3.png
15,203,lattice,9,i,img/target_8.png
15,204,lattice,1,o,img/target_9.png
15,205,lattice,3,u,img/target_7.png
15,206,lattice,1,o,img/target_9.png
15,207,lattice,0,b,img/target_6.png
15,208,lattice,9,i,img/target_8.png
15,209,lattice,8,e,img/target_3.png
15,210,lattice,6,v,img/target_5.png
15,211,lattice,8,e,img/target_3.png
15,212,lattice,6,v,img/target_5.png
15,213,lattice,8,e,img/target_3.png
15,214,lattice,7,r,img/target_4.png
15,215,lattice,6,v,img/target_5.png
15,216,lattice,4,p,img/target_10.png
15,217,lattice,6,v,img/target_5.png
15,218,lattice,7,r,img/target_4.png
15,219,lattice,8,e,img/target_3.png
15,220,lattice,9,i,img/target_8.png
15,221,lattice,0,b,img/target_6.png
15,222,lattice,1,o,img/target_9.png
15,223,lattice,3,u,img/target_7.png
15,224,lattice,1,o,img/target_9.png
15,225,lattice,3,u,img/target_7.png
15,226,lattice,1,o,img/target_9.png
15,227,lattice,0,b,img/target_6.png
15,228,lattice,1,o,img/target_9.png
15,229,lattice,0,b,img/target_6.png
15,230,lattice,9,i,img/target_8.png
15,231,lattice,8,e,img/target_3.png
15,232,lattice,7,r,img/target_4.png
15,233,lattice,9,i,img/target_8.png
15,234,lattice,1,o,img/target_9.png
15,235,lattice,3,u,img/target_7.png
15,236,lattice,5,w,img/target_2.png
15,237,lattice,4,p,img/target_10.png
15,238,lattice,3,u,img/target_7.png
15,239,lattice,2,q,img/target_1.png
15,240,lattice,3,u,img/target_7.png
15,241,lattice,2,q,img/target_1.png
15,242,lattice,3,u,img/target_7.png
15,243,lattice,4,p,img/target_10.png
15,244,lattice,6,v,img/target_5.png
15,245,lattice,4,p,img/target_10.png
15,246,lattice,6,v,img/target_5.png
15,247,lattice,4,p,img/target_10.png
15,248,lattice,6,v,img/target_5.png
15,249,lattice,7,r,img/target_4.png
15,250,lattice,8,e,img/target_3.png
15,251,lattice,9,i,img/target_8.png
15,252,lattice,0,b,img/target_6.png
15,253,lattice,2,q,img/target_1.png
15,254,lattice,3,u,img/target_7.png
15,255,lattice,1,o,img/target_9.png
15,256,lattice,9,i,img/target_8.png
15,257,lattice,7,r,img/target_4.png
15,258,lattice,5,w,img/target_2.png
15,259,lattice,4,p,img/target_10.png
15,260,lattice,3,u,img/target_7.png
15,261,lattice,4,p,img/target_10.png
15,262,lattice,6,v,img/target_5.png
15,263,lattice,5,w,img/target_2.png
15,264,lattice,3,u,img/target_7.png
15,265,lattice,1,o,img/target_9.png
15,266,lattice,2,q,img/target_1.png
15,267,lattice,3,u,img/target_7.png
15,268,lattice,1,o,img/target_9.png
15,269,lattice,3,u,img/target_7.png
15,270,lattice,5,w,img/target_2.png
15,271,lattice,7,r,img/target_4.png
15,272,lattice,9,i,img/target_8.png
15,273,lattice,8,e,img/target_3.png
15,274,lattice,7,r,img/target_4.png
15,275,lattice,5,w,img/target_2.png
15,276,lattice,7,r,img/target_4.png
15,277,lattice,9,i,img/target_8.png
15,278,lattice,8,e,img/target_3.png
15,279,lattice,6,v,img/target_5.png
15,280,lattice,7,r,img/target_4.png
15,281,lattice,6,v,img/target_5.png
15,282,lattice,4,p,img/target_10.png
15,283,lattice,3,u,img/target_7.png
15,284,lattice,4,p,img/target_10.png
15,285,lattice,6,v,img/target_5.png
15,286,lattice,4,p,img/target_10.png
15,287,lattice,2,q,img/target_1.png
15,288,lattice,3,u,img/target_7.png
15,289,lattice,4,p,img/target_10.png
15,290,lattice,3,u,img/target_7.png
15,291,lattice,1,o,img/target_9.png
15,292,lattice,9,i,img/target_8.png
15,293,lattice,7,r,img/target_4.png
15,294,lattice,6,v,img/target_5.png
15,295,lattice,7,r,img/target_4.png
15,296,lattice,6,v,img/target_5.png
15,297,lattice,7,r,img/target_4.png
15,298,lattice,9,i,img/target_8.png
15,299,lattice,7,r,img/target_4.png
15,300,lattice,6,v,img/target_5.png
15,301,lattice,4,p,img/target_10.png
15,302,lattice,2,q,img/target_1.png
15,303,lattice,3,u,img/target_7.png
15,304,lattice,1,o,img/target_9.png
15,305,lattice,3,u,img/target_7.png
15,306,lattice,1,o,img/target_9.png
15,307,lattice,9,i,img/target_8.png
15,308,lattice,7,r,img/target_4.png
15,309,lattice,5,w,img/target_2.png
15,310,lattice,3,u,img/target_7.png
15,311,lattice,4,p,img/target_10.png
15,312,lattice,2,q,img/target_1.png
15,313,lattice,4,p,img/target_10.png
15,314,lattice,6,v,img/target_5.png
15,315,lattice,8,e,img/target_3.png
15,316,lattice,9,i,img/target_8.png
15,317,lattice,7,r,img/target_4.png
15,318,lattice,8,e,img/target_3.png
15,319,lattice,0,b,img/target_6.png
15,320,lattice,2,q,img/target_1.png
15,321,lattice,4,p,img/target_10.png
15,322,lattice,5,w,img/target_2.png
15,323,lattice,6,v,img/target_5.png
15,324,lattice,5,w,img/target_2.png
15,325,lattice,4,p,img/target_10.png
15,326,lattice,5,w,img/target_2.png
15,327,lattice,7,r,img/target_4.png
15,328,lattice,9,i,img/target_8.png
15,329,lattice,0,b,img/target_6.png
15,330,lattice,2,q,img/target_1.png
15,331,lattice,1,o,img/target_9.png
15,332,lattice,9,i,img/target_8.png
15,333,lattice,0,b,img/target_6.png
15,334,lattice,2,q,img/target_1.png
15,335,lattice,4,p,img/target_10.png
15,336,lattice,3,u,img/target_7.png
15,337,lattice,5,w,img/target_2.png
15,338,lattice,6,v,img/target_5.png
15,339,lattice,5,w,img/target_2.png
15,340,lattice,3,u,img/target_7.png
15,341,lattice,2,q,img/target_1.png
15,342,lattice,0,b,img/target_6.png
15,343,lattice,1,o,img/target_9.png
15,344,lattice,2,q,img/target_1.png
15,345,lattice,3,u,img/target_7.png
15,346,lattice,2,q,img/target_1.png
15,347,lattice,4,p,img/target_10.png
15,348,lattice,5,w,img/target_2.png
15,349,lattice,7,r,img/target_4.png
15,350,lattice,5,w,img/target_2.png
15,351,lattice,7,r,img/target_4.png
15,352,lattice,9,i,img/target_8.png
15,353,lattice,8,e,img/target_3.png
15,354,lattice,7,r,img/target_4.png
15,355,lattice,5,w,img/target_2.png
15,356,lattice,7,r,img/target_4.png
15,357,lattice,6,v,img/target_5.png
15,358,lattice,4,p,img/target_10.png
15,359,lattice,2,q,img/target_1.png
15,360,lattice,1,o,img/target_9.png
15,361,lattice,9,i,img/target_8.png
15,362,lattice,7,r,img/target_4.png
15,363,lattice,5,w,img/target_2.png
15,364,lattice,6,v,img/target_5.png
15,365,lattice,5,w,img/target_2.png
15,366,lattice,4,p,img/target_10.png
15,367,lattice,6,v,img/target_5.png
15,368,lattice,4,p,img/target_10.png
15,369,lattice,5,w,img/target_2.png
15,370,lattice,3,u,img/target_7.png
15,371,lattice,5,w,img/target_2.png
15,372,lattice,6,v,img/target_5.png
15,373,lattice,4,p,img/target_10.png
15,374,lattice,3,u,img/target_7.png
15,375,lattice,4,p,img/target_10.png
15,376,lattice,3,u,img/target_7.png
15,377,lattice,5,w,img/target_2.png
15,378,lattice,6,v,img/target_5.png
15,379,lattice,5,w,img/target_2.png
15,380,lattice,4,p,img/target_10.png
15,381,lattice,6,v,img/target_5.png
15,382,lattice,8,e,img/target_3.png
15,383,lattice,7,r,img/target_4.png
15,384,lattice,6,v,img/target_5.png
15,385,lattice,5,w,img/target_2.png
15,386,lattice,6,v,img/target_5.png
15,387,lattice,5,w,img/target_2.png
15,388,lattice,4,p,img/target_10.png
15,389,lattice,6,v,img/target_5.png
15,390,lattice,8,e,img/target_3.png
15,391,lattice,7,r,img/target_4.png
15,392,lattice,8,e,img/target_3.png
15,393,lattice,9,i,img/target_8.png
15,394,lattice,1,o,img/target_9.png
15,395,lattice,9,i,img/target_8.png
15,396,lattice,7,r,img/target_4.png
15,397,lattice,6,v,img/target_5.png
15,398,lattice,5,w,img/target_2.png
15,399,lattice,6,v,img/target_5.png
15,400,lattice,5,w,img/target_2.png
15,401,lattice,4,p,img/target_10.png
15,402,lattice,2,q,img/target_1.png
15,403,lattice,4,p,img/target_10.png
15,404,lattice,3,u,img/target_7.png
15,405,lattice,4,p,img/target_10.png
15,406,lattice,5,w,img/target_2.png
15,407,lattice,4,p,img/target_10.png
15,408,lattice,6,v,img/target_5.png
15,409,lattice,8,e,img/target_3.png
15,410,lattice,6,v,img/target_5.png
15,411,lattice,7,r,img/target_4.png
15,412,lattice,8,e,img/target_3.png
15,413,lattice,7,r,img/target_4.png
15,414,lattice,9,i,img/target_8.png
15,415,lattice,7,r,img/target_4.png
15,416,lattice,5,w,img/target_2.png
15,417,lattice,7,r,img/target_4.png
15,418,lattice,9,i,img/target_8.png
15,419,lattice,1,o,img/target_9.png
15,420,lattice,2,q,img/target_1.png
15,421,lattice,4,p,img/target_10.png
15,422,lattice,5,w,img/target_2.png
15,423,lattice,7,r,img/target_4.png
15,424,lattice,9,i,img/target_8.png
15,425,lattice,7,r,img/target_4.png
15,426,lattice,6,v,img/target_5.png
15,427,lattice,8,e,img/target_3.png
15,428,lattice,7,r,img/target_4.png
15,429,lattice,8,e,img/target_3.png
15,430,lattice,9,i,img/target_8.png
15,431,lattice,1,o,img/target_9.png
15,432,lattice,0,b,img/target_6.png
15,433,lattice,1,o,img/target_9.png
15,434,lattice,9,i,img/target_8.png
15,435,lattice,8,e,img/target_3.png
15,436,lattice,7,r,img/target_4.png
15,437,lattice,5,w,img/target_2.png
15,438,lattice,3,u,img/target_7.png
15,439,lattice,4,p,img/target_10.png
15,440,lattice,5,w,img/target_2.png
15,441,lattice,7,r,img/target_4.png
15,442,lattice,8,e,img/target_3.png
15,443,lattice,7,r,img/target_4.png
15,444,lattice,9,i,img/target_8.png
15,445,lattice,1,o,img/target_9.png
15,446,lattice,2,q,img/target_1.png
15,447,lattice,0,b,img/target_6.png
15,448,lattice,2,q,img/target_1.png
15,449,lattice,3,u,img/target_7.png
15,450,lattice,4,p,img/target_10.png
15,451,lattice,5,w,img/target_2.png
15,452,lattice,3,u,img/target_7.png
15,453,lattice,4,p,img/target_10.png
15,454,lattice,5,w,img/target_2.png
15,455,lattice,4,p,img/target_10.png
15,456,lattice,6,v,img/target_5.png
15,457,lattice,4,p,img/target_10.png
15,458,lattice,2,q,img/target_1.png
15,459,lattice,4,p,img/target_10.png
15,460,lattice,2,q,img/target_1.png
15,461,lattice,1,o,img/target_9.png
15,462,lattice,2,q,img/target_1.png
15,463,lattice,3,u,img/target_7.png
15,464,lattice,5,w,img/target_2.png
15,465,lattice,3,u,img/target_7.png
15,466,lattice,2,q,img/target_1.png
15,467,lattice,1,o,img/target_9.png
15,468,lattice,0,b,img/target_6.png
15,469,lattice,8,e,img/target_3.png
15,470,lattice,0,b,img/target_6.png
15,471,lattice,8,e,img/target_3.png
15,472,lattice,9,i,img/target_8.png
15,473,lattice,8,e,img/target_3.png
15,474,lattice,7,r,img/target_4.png
15,475,lattice,8,e,img/target_3.png
15,476,lattice,7,r,img/target_4.png
15,477,lattice,9,i,img/target_8.png
15,478,lattice,7,r,img/target_4.png
15,479,lattice,9,i,img/target_8.png
15,480,lattice,1,o,img/target_9.png
15,481,lattice,2,q,img/target_1.png
15,482,lattice,0,b,img/target_6.png
15,483,lattice,2,q,img/target_1.png
15,484,lattice,0,b,img/target_6.png
15,485,lattice,9,i,img/target_8.png
15,486,lattice,1,o,img/target_9.png
15,487,lattice,3,u,img/target_7.png
15,488,lattice,5,w,img/target_2.png
15,489,lattice,4,p,img/target_10.png
15,490,lattice,6,v,img/target_5.png
15,491,lattice,8,e,img/target_3.png
15,492,lattice,0,b,img/target_6.png
15,493,lattice,1,o,img/target_9.png
15,494,lattice,0,b,img/target_6.png
15,495,lattice,8,e,img/target_3.png
15,496,lattice,7,r,img/target_4.png
15,497,lattice,5,w,img/target_2.png
15,498,lattice,3,u,img/target_7.png
15,499,lattice,4,p,img/target_10.png
15,500,lattice,3,u,img/target_7.png
15,501,lattice,1,o,img/target_9.png
15,502,lattice,9,i,img/target_8.png
15,503,lattice,8,e,img/target_3.png
15,504,lattice,9,i,img/target_8.png
15,505,lattice,7,r,img/target_4.png
15,506,lattice,9,i,img/target_8.png
15,507,lattice,8,e,img/target_3.png
15,508,lattice,0,b,img/target_6.png
15,509,lattice,2,q,img/target_1.png
15,510,lattice,0,b,img/target_6.png
15,511,lattice,9,i,img/target_8.png
15,512,lattice,8,e,img/target_3.png
15,513,lattice,9,i,img/target_8.png
15,514,lattice,8,e,img/target_3.png
15,515,lattice,0,b,img/target_6.png
15,516,lattice,9,i,img/target_8.png
15,517,lattice,1,o,img/target_9.png
15,518,lattice,0,b,img/target_6.png
15,519,lattice,8,e,img/target_3.png
15,520,lattice,9,i,img/target_8.png
15,521,lattice,1,o,img/target_9.png
15,522,lattice,0,b,img/target_6.png
15,523,lattice,1,o,img/target_9.png
15,524,lattice,3,u,img/target_7.png
15,525,lattice,4,p,img/target_10.png
15,526,lattice,3,u,img/target_7.png
15,527,lattice,1,o,img/target_9.png
15,528,lattice,9,i,img/target_8.png
15,529,lattice,7,r,img/target_4.png
15,530,lattice,6,v,img/target_5.png
15,531,lattice,7,r,img/target_4.png
15,532,lattice,8,e,img/target_3.png
15,533,lattice,6,v,img/target_5.png
15,534,lattice,7,r,img/target_4.png
15,535,lattice,6,v,img/target_5.png
15,536,lattice,7,r,img/target_4.png
15,537,lattice,8,e,img/target_3.png
15,538,lattice,6,v,img/target_5.png
15,539,lattice,4,p,img/target_10.png
15,540,lattice,2,q,img/target_1.png
15,541,lattice,0,b,img/target_6.png
15,542,lattice,1,o,img/target_9.png
15,543,lattice,3,u,img/target_7.png
15,544,lattice,4,p,img/target_10.png
15,545,lattice,6,v,img/target_5.png
15,546,lattice,8,e,img/target_3.png
15,547,lattice,9,i,img/target_8.png
15,548,lattice,1,o,img/target_9.png
15,549,lattice,9,i,img/target_8.png
15,550,lattice,7,r,img/target_4.png
15,551,lattice,6,v,img/target_5.png
15,552,lattice,5,w,img/target_2.png
15,553,lattice,3,u,img/target_7.png
15,554,lattice,2,q,img/target_1.png
15,555,lattice,4,p,img/target_10.png
15,556,lattice,2,q,img/target_1.png
15,557,lattice,4,p,img/target_10.png
15,558,lattice,6,v,img/target_5.png
15,559,lattice,7,r,img/target_4.png
15,560,lattice,8,e,img/target_3.png
15,561,lattice,7,r,img/target_4.png
15,562,lattice,8,e,img/target_3.png
15,563,lattice,0,b,img/target_6.png
15,564,lattice,8,e,img/target_3.png
15,565,lattice,7,r,img/target_4.png
15,566,lattice,6,v,img/target_5.png
15,567,lattice,5,w,img/target_2.png
15,568,lattice,4,p,img/target_10.png
15,569,lattice,6,v,img/target_5.png
15,570,lattice,4,p,img/target_10.png
15,571,lattice,2,q,img/target_1.png
15,572,lattice,1,o,img/target_9.png
15,573,lattice,9,i,img/target_8.png
15,574,lattice,8,e,img/target_3.png
15,575,lattice,6,v,img/target_5.png
15,576,lattice,5,w,img/target_2.png
15,577,lattice,7,r,img/target_4.png
15,578,lattice,9,i,img/target_8.png
15,579,lattice,0,b,img/target_6.png
15,580,lattice,9,i,img/target_8.png
15,581,lattice,1,o,img/target_9.png
15,582,lattice,2,q,img/target_1.png
15,583,lattice,4,p,img/target_10.png
15,584,lattice,2,q,img/target_1.png
15,585,lattice,4,p,img/target_10.png
15,586,lattice,6,v,img/target_5.png
15,587,lattice,5,w,img/target_2.png
15,588,lattice,4,p,img/target_10.png
15,589,lattice,3,u,img/target_7.png
15,590,lattice,1,o,img/target_9.png
15,591,lattice,2,q,img/target_1.png
15,592,lattice,4,p,img/target_10.png
15,593,lattice,6,v,img/target_5.png
15,594,lattice,7,r,img/target_4.png
15,595,lattice,9,i,img/target_8.png
15,596,lattice,7,r,img/target_4.png
15,597,lattice,6,v,img/target_5.png
15,598,lattice,7,r,img/target_4.png
15,599,lattice,6,v,img/target_5.png
15,600,lattice,7,r,img/target_4.png
15,601,lattice,8,e,img/target_3.png
15,602,lattice,0,b,img/target_6.png
15,603,lattice,9,i,img/target_8.png
15,604,lattice,7,r,img/target_4.png
15,605,lattice,8,e,img/target_3.png
15,606,lattice,7,r,img/target_4.png
15,607,lattice,5,w,img/target_2.png
15,608,lattice,3,u,img/target_7.png
15,609,lattice,2,q,img/target_1.png
15,610,lattice,3,u,img/target_7.png
15,611,lattice,2,q,img/target_1.png
15,612,lattice,4,p,img/target_10.png
15,613,lattice,5,w,img/target_2.png
15,614,lattice,3,u,img/target_7.png
15,615,lattice,5,w,img/target_2.png
15,616,lattice,3,u,img/target_7.png
15,617,lattice,1,o,img/target_9.png
15,618,lattice,3,u,img/target_7.png
15,619,lattice,2,q,img/target_1.png
15,620,lattice,4,p,img/target_10.png
15,621,lattice,6,v,img/target_5.png
15,622,lattice,4,p,img/target_10.png
15,623,lattice,5,w,img/target_2.png
15,624,lattice,3,u,img/target_7.png
15,625,lattice,2,q,img/target_1.png
15,626,lattice,0,b,img/target_6.png
15,627,lattice,1,o,img/target_9.png
15,628,lattice,2,q,img/target_1.png
15,629,lattice,4,p,img/target_10.png
15,630,lattice,3,u,img/target_7.png
15,631,lattice,2,q,img/target_1.png
15,632,lattice,0,b,img/target_6.png
15,633,lattice,2,q,img/target_1.png
15,634,lattice,0,b,img/target_6.png
15,635,lattice,8,e,img/target_3.png
15,636,lattice,9,i,img/target_8.png
15,637,lattice,7,r,img/target_4.png
15,638,lattice,5,w,img/target_2.png
15,639,lattice,4,p,img/target_10.png
15,640,lattice,5,w,img/target_2.png
15,641,lattice,7,r,img/target_4.png
15,642,lattice,8,e,img/target_3.png
15,643,lattice,6,v,img/target_5.png
15,644,lattice,4,p,img/target_10.png
15,645,lattice,5,w,img/target_2.png
15,646,lattice,7,r,img/target_4.png
15,647,lattice,8,e,img/target_3.png
15,648,lattice,0,b,img/target_6.png
15,649,lattice,2,q,img/target_1.png
15,650,lattice,3,u,img/target_7.png
15,651,lattice,2,q,img/target_1.png
15,652,lattice,1,o,img/target_9.png
15,653,lattice,0,b,img/target_6.png
15,654,lattice,8,e,img/target_3.png
15,655,lattice,9,i,img/target_8.png
15,656,lattice,0,b,img/target_6.png
15,657,lattice,2,q,img/target_1.png
15,658,lattice,0,b,img/target_6.png
15,659,lattice,8,e,img/target_3.png
15,660,lattice,9,i,img/target_8.png
15,661,lattice,7,r,img/target_4.png
15,662,lattice,8,e,img/target_3.png
15,663,lattice,9,i,img/target_8.png
15,664,lattice,0,b,img/target_6.png
15,665,lattice,2,q,img/target_1.png
15,666,lattice,0,b,img/target_6.png
15,667,lattice,1,o,img/target_9.png
15,668,lattice,0,b,img/target_6.png
15,669,lattice,9,i,img/target_8.png
15,670,lattice,8,e,img/target_3.png
15,671,lattice,7,r,img/target_4.png
15,672,lattice,8,e,img/target_3.png
15,673,lattice,9,i,img/target_8.png
15,674,lattice,7,r,img/target_4.png
15,675,lattice,8,e,img/target_3.png
15,676,lattice,6,v,img/target_5.png
15,677,lattice,7,r,img/target_4.png
15,678,lattice,6,v,img/target_5.png
15,679,lattice,4,p,img/target_10.png
15,680,lattice,3,u,img/target_7.png
15,681,lattice,1,o,img/target_9.png
15,682,lattice,3,u,img/target_7.png
15,683,lattice,2,q,img/target_1.png
15,684,lattice,4,p,img/target_10.png
15,685,lattice,3,u,img/target_7.png
15,686,lattice,4,p,img/target_10.png
15,687,lattice,5,w,img/target_2.png
15,688,lattice,3,u,img/target_7.png
15,689,lattice,1,o,img/target_9.png
15,690,lattice,2,q,img/target_1.png
15,691,lattice,4,p,img/target_10.png
15,692,lattice,3,u,img/target_7.png
15,693,lattice,2,q,img/target_1.png
15,694,lattice,1,o,img/target_9.png
15,695,lattice,0,b,img/target_6.png
15,696,lattice,1,o,img/target_9.png
15,697,lattice,9,i,img/target_8.png
15,698,lattice,0,b,img/target_6.png
15,699,lattice,8,e,img/target_3.png
15,700,lattice,9,i,img/target_8.png
15,701,lattice,8,e,img/target_3.png
15,702,lattice,6,v,img/target_5.png
15,703,lattice,7,r,img/target_4.png
15,704,lattice,5,w,img/target_2.png
15,705,lattice,7,r,img/target_4.png
15,706,lattice,9,i,img/target_8.png
15,707,lattice,7,r,img/target_4.png
15,708,lattice,5,w,img/target_2.png
15,709,lattice,7,r,img/target_4.png
15,710,lattice,6,v,img/target_5.png
15,711,lattice,5,w,img/target_2.png
15,712,lattice,7,r,img/target_4.png
15,713,lattice,9,i,img/target_8.png
15,714,lattice,1,o,img/target_9.png
15,715,lattice,9,i,img/target_8.png
15,716,lattice,0,b,img/target_6.png
15,717,lattice,8,e,img/target_3.png
15,718,lattice,7,r,img/target_4.png
15,719,lattice,8,e,img/target_3.png
15,720,lattice,6,v,img/target_5.png
15,721,lattice,8,e,img/target_3.png
15,722,lattice,0,b,img/target_6.png
15,723,lattice,1,o,img/target_9.png
15,724,lattice,9,i,img/target_8.png
15,725,lattice,0,b,img/target_6.png
15,726,lattice,1,o,img/target_9.png
15,727,lattice,9,i,img/target_8.png
15,728,lattice,1,o,img/target_9.png
15,729,lattice,2,q,img/target_1.png
15,730,lattice,4,p,img/target_10.png
15,731,lattice,2,q,img/target_1.png
15,732,lattice,3,u,img/target_7.png
15,733,lattice,2,q,img/target_1.png
15,734,lattice,4,p,img/target_10.png
15,735,lattice,6,v,img/target_5.png
15,736,lattice,5,w,img/target_2.png
15,737,lattice,7,r,img/target_4.png
15,738,lattice,5,w,img/target_2.png
15,739,lattice,6,v,img/target_5.png
15,740,lattice,4,p,img/target_10.png
15,741,lattice,6,v,img/target_5.png
15,742,lattice,7,r,img/target_4.png
15,743,lattice,5,w,img/target_2.png
15,744,lattice,6,v,img/target_5.png
15,745,lattice,7,r,img/target_4.png
15,746,lattice,5,w,img/target_2.png
15,747,lattice,4,p,img/target_10.png
15,748,lattice,2,q,img/target_1.png
15,749,lattice,0,b,img/target_6.png
15,750,lattice,8,e,img/target_3.png
15,751,lattice,0,b,img/target_6.png
15,752,lattice,8,e,img/target_3.png
15,753,lattice,0,b,img/target_6.png
15,754,lattice,9,i,img/target_8.png
15,755,lattice,7,r,img/target_4.png
15,756,lattice,9,i,img/target_8.png
15,757,lattice,0,b,img/target_6.png
15,758,lattice,1,o,img/target_9.png
15,759,lattice,0,b,img/target_6.png
15,760,lattice,9,i,img/target_8.png
15,761,lattice,7,r,img/target_4.png
15,762,lattice,8,e,img/target_3.png
15,763,lattice,0,b,img/target_6.png
15,764,lattice,1,o,img/target_9.png
15,765,lattice,9,i,img/target_8.png
15,766,lattice,1,o,img/target_9.png
15,767,lattice,3,u,img/target_7.png
15,768,lattice,5,w,img/target_2.png
15,769,lattice,3,u,img/target_7.png
15,770,lattice,1,o,img/target_9.png
15,771,lattice,3,u,img/target_7.png
15,772,lattice,2,q,img/target_1.png
15,773,lattice,0,b,img/target_6.png
15,774,lattice,2,q,img/target_1.png
15,775,lattice,0,b,img/target_6.png
15,776,lattice,2,q,img/target_1.png
15,777,lattice,0,b,img/target_6.png
15,778,lattice,8,e,img/target_3.png
15,779,lattice,7,r,img/target_4.png
15,780,lattice,8,e,img/target_3.png
15,781,lattice,7,r,img/target_4.png
15,782,lattice,8,e,img/target_3.png
15,783,lattice,9,i,img/target_8.png
15,784,lattice,1,o,img/target_9.png
15,785,lattice,3,u,img/target_7.png
15,786,lattice,4,p,img/target_10.png
15,787,lattice,6,v,img/target_5.png
15,788,lattice,7,r,img/target_4.png
15,789,lattice,9,i,img/target_8.png
15,790,lattice,7,r,img/target_4.png
15,791,lattice,9,i,img/target_8.png
15,792,lattice,7,r,img/target_4.png
15,793,lattice,8,e,img/target_3.png
15,794,lattice,7,r,img/target_4.png
15,795,lattice,8,e,img/target_3.png
15,796,lattice,7,r,img/target_4.png
15,797,lattice,5,w,img/target_2.png
15,798,lattice,3,u,img/target_7.png
15,799,lattice,2,q,img/target_1.png
15,800,lattice,4,p,img/target_10.png
15,801,lattice,6,v,img/target_5.png
15,802,lattice,7,r,img/target_4.png
15,803,lattice,9,i,img/target_8.png
15,804,lattice,1,o,img/target_9.png
15,805,lattice,9,i,img/target_8.png
15,806,lattice,0,b,img/target_6.png
15,807,lattice,1,o,img/target_9.png
15,808,lattice,9,i,img/target_8.png
15,809,lattice,0,b,img/target_6.png
15,810,lattice,2,q,img/target_1.png
15,811,lattice,4,p,img/target_10.png
15,812,lattice,2,q,img/target_1.png
15,813,lattice,3,u,img/target_7.png
15,814,lattice,2,q,img/target_1.png
15,815,lattice,4,p,img/target_10.png
15,816,lattice,5,w,img/target_2.png
15,817,lattice,3,u,img/target_7.png
15,818,lattice,2,q,img/target_1.png
15,819,lattice,3,u,img/target_7.png
15,820,lattice,5,w,img/target_2.png
15,821,lattice,7,r,img/target_4.png
15,822,lattice,5,w,img/target_2.png
15,823,lattice,3,u,img/target_7.png
15,824,lattice,4,p,img/target_10.png
15,825,lattice,2,q,img/target_1.png
15,826,lattice,0,b,img/target_6.png
15,827,lattice,9,i,img/target_8.png
15,828,lattice,7,r,img/target_4.png
15,829,lattice,6,v,img/target_5.png
15,830,lattice,4,p,img/target_10.png
15,831,lattice,6,v,img/target_5.png
15,832,lattice,4,p,img/target_10.png
15,833,lattice,3,u,img/target_7.png
15,834,lattice,5,w,img/target_2.png
15,835,lattice,3,u,img/target_7.png
15,836,lattice,5,w,img/target_2.png
15,837,lattice,3,u,img/target_7.png
15,838,lattice,5,w,img/target_2.png
15,839,lattice,6,v,img/target_5.png
15,840,lattice,8,e,img/target_3.png
15,841,lattice,7,r,img/target_4.png
15,842,lattice,9,i,img/target_8.png
15,843,lattice,0,b,img/target_6.png
15,844,lattice,8,e,img/target_3.png
15,845,lattice,9,i,img/target_8.png
15,846,lattice,0,b,img/target_6.png
15,847,lattice,8,e,img/target_3.png
15,848,lattice,7,r,img/target_4.png
15,849,lattice,9,i,img/target_8.png
15,850,lattice,8,e,img/target_3.png
15,851,lattice,9,i,img/target_8.png
15,852,lattice,0,b,img/target_6.png
15,853,lattice,2,q,img/target_1.png
15,854,lattice,4,p,img/target_10.png
15,855,lattice,2,q,img/target_1.png
15,856,lattice,1,o,img/target_9.png
15,857,lattice,3,u,img/target_7.png
15,858,lattice,2,q,img/target_1.png
15,859,lattice,0,b,img/target_6.png
15,860,lattice,1,o,img/target_9.png
15,861,lattice,0,b,img/target_6.png
15,862,lattice,2,q,img/target_1.png
15,863,lattice,0,b,img/target_6.png
15,864,lattice,8,e,img/target_3.png
15,865,lattice,6,v,img/target_5.png
15,866,lattice,4,p,img/target_10.png
15,867,lattice,2,q,img/target_1.png
15,868,lattice,3,u,img/target_7.png
15,869,lattice,1,o,img/target_9.png
15,870,lattice,0,b,img/target_6.png
15,871,lattice,2,q,img/target_1.png
15,872,lattice,4,p,img/target_10.png
15,873,lattice,6,v,img/target_5.png
15,874,lattice,7,r,img/target_4.png
15,875,lattice,6,v,img/target_5.png
15,876,lattice,8,e,img/target_3.png
15,877,lattice,9,i,img/target_8.png
15,878,lattice,0,b,img/target_6.png
15,879,lattice,9,i,img/target_8.png
15,880,lattice,7,r,img/target_4.png
15,881,lattice,8,e,img/target_3.png
15,882,lattice,7,r,img/target_4.png
15,883,lattice,6,v,img/target_5.png
15,884,lattice,5,w,img/target_2.png
15,885,lattice,3,u,img/target_7.png
15,886,lattice,5,w,img/target_2.png
15,887,lattice,4,p,img/target_10.png
15,888,lattice,3,u,img/target_7.png
15,889,lattice,4,p,img/target_10.png
15,890,lattice,2,q,img/target_1.png
15,891,lattice,1,o,img/target_9.png
15,892,lattice,2,q,img/target_1.png
15,893,lattice,1,o,img/target_9.png
15,894,lattice,3,u,img/target_7.png
15,895,lattice,2,q,img/target_1.png
15,896,lattice,3,u,img/target_7.png
15,897,lattice,2,q,img/target_1.png
15,898,lattice,4,p,img/target_10.png
15,899,lattice,2,q,img/target_1.png
15,900,lattice,3,u,img/target_7.png
15,901,lattice,1,o,img/target_9.png
15,902,lattice,2,q,img/target_1.png
15,903,lattice,0,b,img/target_6.png
15,904,lattice,2,q,img/target_1.png
15,905,lattice,0,b,img/target_6.png
15,906,lattice,8,e,img/target_3.png
15,907,lattice,9,i,img/target_8.png
15,908,lattice,0,b,img/target_6.png
15,909,lattice,9,i,img/target_8.png
15,910,lattice,8,e,img/target_3.png
15,911,lattice,0,b,img/target_6.png
15,912,lattice,1,o,img/target_9.png
15,913,lattice,0,b,img/target_6.png
15,914,lattice,9,i,img/target_8.png
15,915,lattice,8,e,img/target_3.png
15,916,lattice,9,i,img/target_8.png
15,917,lattice,8,e,img/target_3.png
15,918,lattice,7,r,img/target_4.png
15,919,lattice,5,w,img/target_2.png
15,920,lattice,7,r,img/target_4.png
15,921,lattice,5,w,img/target_2.png
15,922,lattice,7,r,img/target_4.png
15,923,lattice,5,w,img/target_2.png
15,924,lattice,7,r,img/target_4.png
15,925,lattice,6,v,img/target_5.png
15,926,lattice,4,p,img/target_10.png
15,927,lattice,5,w,img/target_2.png
15,928,lattice,3,u,img/target_7.png
15,929,lattice,4,p,img/target_10.png
15,930,lattice,6,v,img/target_5.png
15,931,lattice,5,w,img/target_2.png
15,932,lattice,7,r,img/target_4.png
15,933,lattice,5,w,img/target_2.png
15,934,lattice,4,p,img/target_10.png
15,935,lattice,6,v,img/target_5.png
15,936,lattice,5,w,img/target_2.png
15,937,lattice,3,u,img/target_7.png
15,938,lattice,4,p,img/target_10.png
15,939,lattice,5,w,img/target_2.png
15,940,lattice,7,r,img/target_4.png
15,941,lattice,9,i,img/target_8.png
15,942,lattice,1,o,img/target_9.png
15,943,lattice,3,u,img/target_7.png
15,944,lattice,1,o,img/target_9.png
15,945,lattice,0,b,img/target_6.png
15,946,lattice,2,q,img/target_1.png
15,947,lattice,3,u,img/target_7.png
15,948,lattice,4,p,img/target_10.png
15,949,lattice,3,u,img/target_7.png
15,950,lattice,4,p,img/target_10.png
15,951,lattice,6,v,img/target_5.png
15,952,lattice,5,w,img/target_2.png
15,953,lattice,7,r,img/target_4.png
15,954,lattice,8,e,img/target_3.png
15,955,lattice,0,b,img/target_6.png
15,956,lattice,9,i,img/target_8.png
15,957,lattice,0,b,img/target_6.png
15,958,lattice,9,i,img/target_8.png
15,959,lattice,7,r,img/target_4.png
15,960,lattice,6,v,img/target_5.png
15,961,lattice,7,r,img/target_4.png
15,962,lattice,6,v,img/target_5.png
15,963,lattice,5,w,img/target_2.png
15,964,lattice,7,r,img/target_4.png
15,965,lattice,8,e,img/target_3.png
15,966,lattice,7,r,img/target_4.png
15,967,lattice,8,e,img/target_3.png
15,968,lattice,6,v,img/target_5.png
15,969,lattice,4,p,img/target_10.png
15,970,lattice,3,u,img/target_7.png
15,971,lattice,2,q,img/target_1.png
15,972,lattice,4,p,img/target_10.png
15,973,lattice,6,v,img/target_5.png
15,974,lattice,5,w,img/target_2.png
15,975,lattice,3,u,img/target_7.png
15,976,lattice,5,w,img/target_2.png
15,977,lattice,7,r,img/target_4.png
15,978,lattice,9,i,img/target_8.png
15,979,lattice,1,o,img/target_9.png
15,980,lattice,3,u,img/target_7.png
15,981,lattice,1,o,img/target_9.png
15,982,lattice,9,i,img/target_8.png
15,983,lattice,0,b,img/target_6.png
15,984,lattice,1,o,img/target_9.png
15,985,lattice,3,u,img/target_7.png
15,986,lattice,5,w,img/target_2.png
15,987,lattice,4,p,img/target_10.png
15,988,lattice,6,v,img/target_5.png
15,989,lattice,4,p,img/target_10.png
15,990,lattice,6,v,img/target_5.png
15,991,lattice,4,p,img/target_10.png
15,992,lattice,6,v,img/target_5.png
15,993,lattice,8,e,img/target_3.png
15,994,lattice,6,v,img/target_5.png
15,995,lattice,8,e,img/target_3.png
15,996,lattice,6,v,img/target_5.png
15,997,lattice,4,p,img/target_10.png
15,998,lattice,2,q,img/target_1.png
15,999,lattice,0,b,img/target_6.png
15,1000,lattice,1,o,img/target_9.png
