pID,trialNum,graph,walk,resp,path
13,1,lattice,8,q,img/target_1.png
13,2,lattice,7,v,img/target_5.png
13,3,lattice,8,q,img/target_1.png
13,4,lattice,7,v,img/target_5.png
13,5,lattice,6,o,img/target_9.png
13,6,lattice,7,v,img/target_5.png
13,7,lattice,5,b,img/target_6.png
13,8,lattice,7,v,img/target_5.png
13,9,lattice,5,b,img/target_6.png
13,10,lattice,6,o,img/target_9.png
13,11,lattice,8,q,img/target_1.png
13,12,lattice,6,o,img/target_9.png
13,13,lattice,7,v,img/target_5.png
13,14,lattice,8,q,img/target_1.png
13,15,lattice,7,v,img/target_5.png
13,16,lattice,6,o,img/target_9.png
13,17,lattice,7,v,img/target_5.png
13,18,lattice,5,b,img/target_6.png
13,19,lattice,6,o,img/target_9.png
13,20,lattice,4,r,img/target_4.png
13,21,lattice,5,b,img/target_6.png
13,22,lattice,4,r,img/target_4.png
13,23,lattice,2,u,img/target_7.png
13,24,lattice,1,p,img/target_10.png
13,25,lattice,3,w,img/target_2.png
13,26,lattice,4,r,img/target_4.png
13,27,lattice,5,b,img/target_6.png
13,28,lattice,4,r,img/target_4.png
13,29,lattice,6,o,img/target_9.png
13,30,lattice,8,q,img/target_1.png
13,31,lattice,9,i,img/target_8.png
13,32,lattice,8,q,img/target_1.png
13,33,lattice,0,e,img/target_3.png
13,34,lattice,1,p,img/target_10.png
13,35,lattice,2,u,img/target_7.png
13,36,lattice,0,e,img/target_3.png
13,37,lattice,9,i,img/target_8.png
13,38,lattice,8,q,img/target_1.png
13,39,lattice,6,o,img/target_9.png
13,40,lattice,7,v,img/target_5.png
13,41,lattice,5,b,img/target_6.png
13,42,lattice,7,v,img/target_5.png
13,43,lattice,8,q,img/target_1.png
13,44,lattice,6,o,img/target_9.png
13,45,lattice,7,v,img/target_5.png
13,46,lattice,9,i,img/target_8.png
13,47,lattice,0,e,img/target_3.png
13,48,lattice,1,p,img/target_10.png
13,49,lattice,2,u,img/target_7.png
13,50,lattice,3,w,img/target_2.png
13,51,lattice,2,u,img/target_7.png
13,52,lattice,1,p,img/target_10.png
13,53,lattice,2,u,img/target_7.png
13,54,lattice,1,p,img/target_10.png
13,55,lattice,0,e,img/target_3.png
13,56,lattice,2,u,img/target_7.png
13,57,lattice,0,e,img/target_3.png
13,58,lattice,9,i,img/target_8.png
13,59,lattice,0,e,img/target_3.png
13,60,lattice,1,p,img/target_10.png
13,61,lattice,9,i,img/target_8.png
13,62,lattice,8,q,img/target_1.png
13,63,lattice,7,v,img/target_5.png
13,64,lattice,6,o,img/target_9.png
13,65,lattice,5,b,img/target_6.png
13,66,lattice,6,o,img/target_9.png
13,67,lattice,7,v,img/target_5.png
13,68,lattice,6,o,img/target_9.png
13,69,lattice,4,r,img/target_4.png
13,70,lattice,5,b,img/target_6.png
13,71,lattice,3,w,img/target_2.png
13,72,lattice,2,u,img/target_7.png
13,73,lattice,0,e,img/target_3.png
13,74,lattice,9,i,img/target_8.png
13,75,lattice,0,e,img/target_3.png
13,76,lattice,2,u,img/target_7.png
13,77,lattice,3,w,img/target_2.png
13,78,lattice,2,u,img/target_7.png
13,79,lattice,4,r,img/target_4.png
13,80,lattice,5,b,img/target_6.png
13,81,lattice,7,v,img/target_5.png
13,82,lattice,6,o,img/target_9.png
13,83,lattice,4,r,img/target_4.png
13,84,lattice,5,b,img/target_6.png
13,85,lattice,6,o,img/target_9.png
13,86,lattice,8,q,img/target_1.png
13,87,lattice,0,e,img/target_3.png
13,88,lattice,1,p,img/target_10.png
13,89,lattice,2,u,img/target_7.png
13,90,lattice,3,w,img/target_2.png
13,91,lattice,2,u,img/target_7.png
13,92,lattice,0,e,img/target_3.png
13,93,lattice,8,q,img/target_1.png
13,94,lattice,7,v,img/target_5.png
13,95,lattice,6,o,img/target_9.png
13,96,lattice,5,b,img/target_6.png
13,97,lattice,4,r,img/target_4.png
13,98,lattice,2,u,img/target_7.png
13,99,lattice,3,w,img/target_2.png
13,100,lattice,5,b,img/target_6.png
13,101,lattice,6,o,img/target_9.png
13,102,lattice,4,r,img/target_4.png
13,103,lattice,2,u,img/target_7.png
13,104,lattice,4,r,img/target_4.png
13,105,lattice,5,b,img/target_6.png
13,106,lattice,3,w,img/target_2.png
13,107,lattice,5,b,img/target_6.png
13,108,lattice,7,v,img/target_5.png
13,109,lattice,8,q,img/target_1.png
13,110,lattice,7,v,img/target_5.png
13,111,lattice,9,i,img/target_8.png
13,112,lattice,0,e,img/target_3.png
13,113,lattice,9,i,img/target_8.png
13,114,lattice,7,v,img/target_5.png
13,115,lattice,6,o,img/target_9.png
13,116,lattice,5,b,img/target_6.png
13,117,lattice,3,w,img/target_2.png
13,118,lattice,4,r,img/target_4.png
13,119,lattice,3,w,img/target_2.png
13,120,lattice,4,r,img/target_4.png
13,121,lattice,3,w,img/target_2.png
13,122,lattice,2,u,img/target_7.png
13,123,lattice,0,e,img/target_3.png
13,124,lattice,1,p,img/target_10.png
13,125,lattice,0,e,img/target_3.png
13,126,lattice,2,u,img/target_7.png
13,127,lattice,1,p,img/target_10.png
13,128,lattice,2,u,img/target_7.png
13,129,lattice,0,e,img/target_3.png
13,130,lattice,9,i,img/target_8.png
13,131,lattice,7,v,img/target_5.png
13,132,lattice,9,i,img/target_8.png
13,133,lattice,0,e,img/target_3.png
13,134,lattice,9,i,img/target_8.png
13,135,lattice,0,e,img/target_3.png
13,136,lattice,8,q,img/target_1.png
13,137,lattice,9,i,img/target_8.png
13,138,lattice,7,v,img/target_5.png
13,139,lattice,6,o,img/target_9.png
13,140,lattice,4,r,img/target_4.png
13,141,lattice,5,b,img/target_6.png
13,142,lattice,6,o,img/target_9.png
13,143,lattice,4,r,img/target_4.png
13,144,lattice,3,w,img/target_2.png
13,145,lattice,1,p,img/target_10.png
13,146,lattice,9,i,img/target_8.png
13,147,lattice,0,e,img/target_3.png
13,148,lattice,9,i,img/target_8.png
13,149,lattice,8,q,img/target_1.png
13,150,lattice,9,i,img/target_8.png
13,151,lattice,1,p,img/target_10.png
13,152,lattice,3,w,img/target_2.png
13,153,lattice,4,r,img/target_4.png
13,154,lattice,3,w,img/target_2.png
13,155,lattice,2,u,img/target_7.png
13,156,lattice,3,w,img/target_2.png
13,157,lattice,5,b,img/target_6.png
13,158,lattice,3,w,img/target_2.png
13,159,lattice,4,r,img/target_4.png
13,160,lattice,3,w,img/target_2.png
13,161,lattice,4,r,img/target_4.png
13,162,lattice,2,u,img/target_7.png
13,163,lattice,4,r,img/target_4.png
13,164,lattice,3,w,img/target_2.png
13,165,lattice,5,b,img/target_6.png
13,166,lattice,4,r,img/target_4.png
13,167,lattice,3,w,img/target_2.png
13,168,lattice,2,u,img/target_7.png
13,169,lattice,3,w,img/target_2.png
13,170,lattice,5,b,img/target_6.png
13,171,lattice,6,o,img/target_9.png
13,172,lattice,8,q,img/target_1.png
13,173,lattice,7,v,img/target_5.png
13,174,lattice,6,o,img/target_9.png
13,175,lattice,5,b,img/target_6.png
13,176,lattice,7,v,img/target_5.png
13,177,lattice,6,o,img/target_9.png
13,178,lattice,5,b,img/target_6.png
13,179,lattice,4,r,img/target_4.png
13,180,lattice,3,w,img/target_2.png
13,181,lattice,5,b,img/target_6.png
13,182,lattice,3,w,img/target_2.png
13,183,lattice,4,r,img/target_4.png
13,184,lattice,6,o,img/target_9.png
13,185,lattice,5,b,img/target_6.png
13,186,lattice,3,w,img/target_2.png
13,187,lattice,5,b,img/target_6.png
13,188,lattice,4,r,img/target_4.png
13,189,lattice,2,u,img/target_7.png
13,190,lattice,0,e,img/target_3.png
13,191,lattice,9,i,img/target_8.png
13,192,lattice,0,e,img/target_3.png
13,193,lattice,1,p,img/target_10.png
13,194,lattice,0,e,img/target_3.png
13,195,lattice,9,i,img/target_8.png
13,196,lattice,7,v,img/target_5.png
13,197,lattice,9,i,img/target_8.png
13,198,lattice,0,e,img/target_3.png
13,199,lattice,8,q,img/target_1.png
13,200,lattice,6,o,img/target_9.png
13,201,lattice,8,q,img/target_1.png
13,202,lattice,7,v,img/target_5.png
13,203,lattice,6,o,img/target_9.png
13,204,lattice,5,b,img/target_6.png
13,205,lattice,7,v,img/target_5.png
13,206,lattice,5,b,img/target_6.png
13,207,lattice,3,w,img/target_2.png
13,208,lattice,2,u,img/target_7.png
13,209,lattice,0,e,img/target_3.png
13,210,lattice,8,q,img/target_1.png
13,211,lattice,9,i,img/target_8.png
13,212,lattice,1,p,img/target_10.png
13,213,lattice,0,e,img/target_3.png
13,214,lattice,8,q,img/target_1.png
13,215,lattice,6,o,img/target_9.png
13,216,lattice,5,b,img/target_6.png
13,217,lattice,3,w,img/target_2.png
13,218,lattice,2,u,img/target_7.png
13,219,lattice,1,p,img/target_10.png
13,220,lattice,0,e,img/target_3.png
13,221,lattice,9,i,img/target_8.png
13,222,lattice,1,p,img/target_10.png
13,223,lattice,3,w,img/target_2.png
13,224,lattice,2,u,img/target_7.png
13,225,lattice,0,e,img/target_3.png
13,226,lattice,2,u,img/target_7.png
13,227,lattice,3,w,img/target_2.png
13,228,lattice,4,r,img/target_4.png
13,229,lattice,5,b,img/target_6.png
13,230,lattice,3,w,img/target_2.png
13,231,lattice,2,u,img/target_7.png
13,232,lattice,3,w,img/target_2.png
13,233,lattice,1,p,img/target_10.png
13,234,lattice,9,i,img/target_8.png
13,235,lattice,7,v,img/target_5.png
13,236,lattice,5,b,img/target_6.png
13,237,lattice,6,o,img/target_9.png
13,238,lattice,8,q,img/target_1.png
13,239,lattice,0,e,img/target_3.png
13,240,lattice,8,q,img/target_1.png
13,241,lattice,9,i,img/target_8.png
13,242,lattice,7,v,img/target_5.png
13,243,lattice,5,b,img/target_6.png
13,244,lattice,7,v,img/target_5.png
13,245,lattice,5,b,img/target_6.png
13,246,lattice,4,r,img/target_4.png
13,247,lattice,6,o,img/target_9.png
13,248,lattice,8,q,img/target_1.png
13,249,lattice,9,i,img/target_8.png
13,250,lattice,1,p,img/target_10.png
13,251,lattice,9,i,img/target_8.png
13,252,lattice,1,p,img/target_10.png
13,253,lattice,2,u,img/target_7.png
13,254,lattice,1,p,img/target_10.png
13,255,lattice,2,u,img/target_7.png
13,256,lattice,0,e,img/target_3.png
13,257,lattice,1,p,img/target_10.png
13,258,lattice,3,w,img/target_2.png
13,259,lattice,1,p,img/target_10.png
13,260,lattice,2,u,img/target_7.png
13,261,lattice,4,r,img/target_4.png
13,262,lattice,2,u,img/target_7.png
13,263,lattice,0,e,img/target_3.png
13,264,lattice,1,p,img/target_10.png
13,265,lattice,0,e,img/target_3.png
13,266,lattice,2,u,img/target_7.png
13,267,lattice,1,p,img/target_10.png
13,268,lattice,2,u,img/target_7.png
13,269,lattice,0,e,img/target_3.png
13,270,lattice,9,i,img/target_8.png
13,271,lattice,8,q,img/target_1.png
13,272,lattice,0,e,img/target_3.png
13,273,lattice,2,u,img/target_7.png
13,274,lattice,4,r,img/target_4.png
13,275,lattice,2,u,img/target_7.png
13,276,lattice,0,e,img/target_3.png
13,277,lattice,9,i,img/target_8.png
13,278,lattice,8,q,img/target_1.png
13,279,lattice,0,e,img/target_3.png
13,280,lattice,2,u,img/target_7.png
13,281,lattice,0,e,img/target_3.png
13,282,lattice,2,u,img/target_7.png
13,283,lattice,3,w,img/target_2.png
13,284,lattice,5,b,img/target_6.png
13,285,lattice,6,o,img/target_9.png
13,286,lattice,7,v,img/target_5.png
13,287,lattice,8,q,img/target_1.png
13,288,lattice,9,i,img/target_8.png
13,289,lattice,8,q,img/target_1.png
13,290,lattice,0,e,img/target_3.png
13,291,lattice,8,q,img/target_1.png
13,292,lattice,6,o,img/target_9.png
13,293,lattice,7,v,img/target_5.png
13,294,lattice,9,i,img/target_8.png
13,295,lattice,7,v,img/target_5.png
13,296,lattice,9,i,img/target_8.png
13,297,lattice,8,q,img/target_1.png
13,298,lattice,0,e,img/target_3.png
13,299,lattice,9,i,img/target_8.png
13,300,lattice,1,p,img/target_10.png
13,301,lattice,3,w,img/target_2.png
13,302,lattice,1,p,img/target_10.png
13,303,lattice,2,u,img/target_7.png
13,304,lattice,3,w,img/target_2.png
13,305,lattice,5,b,img/target_6.png
13,306,lattice,7,v,img/target_5.png
13,307,lattice,8,q,img/target_1.png
13,308,lattice,6,o,img/target_9.png
13,309,lattice,8,q,img/target_1.png
13,310,lattice,0,e,img/target_3.png
13,311,lattice,1,p,img/target_10.png
13,312,lattice,0,e,img/target_3.png
13,313,lattice,9,i,img/target_8.png
13,314,lattice,7,v,img/target_5.png
13,315,lattice,5,b,img/target_6.png
13,316,lattice,3,w,img/target_2.png
13,317,lattice,2,u,img/target_7.png
13,318,lattice,4,r,img/target_4.png
13,319,lattice,5,b,img/target_6.png
13,320,lattice,7,v,img/target_5.png
13,321,lattice,5,b,img/target_6.png
13,322,lattice,6,o,img/target_9.png
13,323,lattice,5,b,img/target_6.png
13,324,lattice,7,v,img/target_5.png
13,325,lattice,8,q,img/target_1.png
13,326,lattice,7,v,img/target_5.png
13,327,lattice,6,o,img/target_9.png
13,328,lattice,7,v,img/target_5.png
13,329,lattice,5,b,img/target_6.png
13,330,lattice,4,r,img/target_4.png
13,331,lattice,6,o,img/target_9.png
13,332,lattice,7,v,img/target_5.png
13,333,lattice,6,o,img/target_9.png
13,334,lattice,5,b,img/target_6.png
13,335,lattice,6,o,img/target_9.png
13,336,lattice,7,v,img/target_5.png
13,337,lattice,5,b,img/target_6.png
13,338,lattice,4,r,img/target_4.png
13,339,lattice,3,w,img/target_2.png
13,340,lattice,4,r,img/target_4.png
13,341,lattice,5,b,img/target_6.png
13,342,lattice,6,o,img/target_9.png
13,343,lattice,5,b,img/target_6.png
13,344,lattice,6,o,img/target_9.png
13,345,lattice,8,q,img/target_1.png
13,346,lattice,0,e,img/target_3.png
13,347,lattice,1,p,img/target_10.png
13,348,lattice,3,w,img/target_2.png
13,349,lattice,2,u,img/target_7.png
13,350,lattice,4,r,img/target_4.png
13,351,lattice,5,b,img/target_6.png
13,352,lattice,4,r,img/target_4.png
13,353,lattice,2,u,img/target_7.png
13,354,lattice,0,e,img/target_3.png
13,355,lattice,2,u,img/target_7.png
13,356,lattice,3,w,img/target_2.png
13,357,lattice,2,u,img/target_7.png
13,358,lattice,4,r,img/target_4.png
13,359,lattice,3,w,img/target_2.png
13,360,lattice,2,u,img/target_7.png
13,361,lattice,0,e,img/target_3.png
13,362,lattice,8,q,img/target_1.png
13,363,lattice,9,i,img/target_8.png
13,364,lattice,8,q,img/target_1.png
13,365,lattice,9,i,img/target_8.png
13,366,lattice,7,v,img/target_5.png
13,367,lattice,5,b,img/target_6.png
13,368,lattice,3,w,img/target_2.png
13,369,lattice,4,r,img/target_4.png
13,370,lattice,5,b,img/target_6.png
13,371,lattice,7,v,img/target_5.png
13,372,lattice,5,b,img/target_6.png
13,373,lattice,4,r,img/target_4.png
13,374,lattice,3,w,img/target_2.png
13,375,lattice,1,p,img/target_10.png
13,376,lattice,2,u,img/target_7.png
13,377,lattice,3,w,img/target_2.png
13,378,lattice,2,u,img/target_7.png
13,379,lattice,0,e,img/target_3.png
13,380,lattice,2,u,img/target_7.png
13,381,lattice,0,e,img/target_3.png
13,382,lattice,1,p,img/target_10.png
13,383,lattice,3,w,img/target_2.png
13,384,lattice,2,u,img/target_7.png
13,385,lattice,4,r,img/target_4.png
13,386,lattice,2,u,img/target_7.png
13,387,lattice,4,r,img/target_4.png
13,388,lattice,6,o,img/target_9.png
13,389,lattice,5,b,img/target_6.png
13,390,lattice,3,w,img/target_2.png
13,391,lattice,4,r,img/target_4.png
13,392,lattice,3,w,img/target_2.png
13,393,lattice,4,r,img/target_4.png
13,394,lattice,3,w,img/target_2.png
13,395,lattice,2,u,img/target_7.png
13,396,lattice,3,w,img/target_2.png
13,397,lattice,4,r,img/target_4.png
13,398,lattice,6,o,img/target_9.png
13,399,lattice,4,r,img/target_4.png
13,400,lattice,5,b,img/target_6.png
13,401,lattice,4,r,img/target_4.png
13,402,lattice,3,w,img/target_2.png
13,403,lattice,4,r,img/target_4.png
13,404,lattice,5,b,img/target_6.png
13,405,lattice,6,o,img/target_9.png
13,406,lattice,5,b,img/target_6.png
13,407,lattice,6,o,img/target_9.png
13,408,lattice,4,r,img/target_4.png
13,409,lattice,5,b,img/target_6.png
13,410,lattice,3,w,img/target_2.png
13,411,lattice,1,p,img/target_10.png
13,412,lattice,0,e,img/target_3.png
13,413,lattice,1,p,img/target_10.png
13,414,lattice,9,i,img/target_8.png
13,415,lattice,1,p,img/target_10.png
13,416,lattice,3,w,img/target_2.png
13,417,lattice,1,p,img/target_10.png
13,418,lattice,3,w,img/target_2.png
13,419,lattice,1,p,img/target_10.png
13,420,lattice,3,w,img/target_2.png
13,421,lattice,5,b,img/target_6.png
13,422,lattice,3,w,img/target_2.png
13,423,lattice,5,b,img/target_6.png
13,424,lattice,7,v,img/target_5.png
13,425,lattice,5,b,img/target_6.png
13,426,lattice,4,r,img/target_4.png
13,427,lattice,6,o,img/target_9.png
13,428,lattice,4,r,img/target_4.png
13,429,lattice,2,u,img/target_7.png
13,430,lattice,4,r,img/target_4.png
13,431,lattice,2,u,img/target_7.png
13,432,lattice,0,e,img/target_3.png
13,433,lattice,2,u,img/target_7.png
13,434,lattice,4,r,img/target_4.png
13,435,lattice,6,o,img/target_9.png
13,436,lattice,8,q,img/target_1.png
13,437,lattice,7,v,img/target_5.png
13,438,lattice,6,o,img/target_9.png
13,439,lattice,4,r,img/target_4.png
13,440,lattice,2,u,img/target_7.png
13,441,lattice,4,r,img/target_4.png
13,442,lattice,6,o,img/target_9.png
13,443,lattice,7,v,img/target_5.png
13,444,lattice,6,o,img/target_9.png
13,445,lattice,7,v,img/target_5.png
13,446,lattice,8,q,img/target_1.png
13,447,lattice,6,o,img/target_9.png
13,448,lattice,4,r,img/target_4.png
13,449,lattice,5,b,img/target_6.png
13,450,lattice,4,r,img/target_4.png
13,451,lattice,2,u,img/target_7.png
13,452,lattice,4,r,img/target_4.png
13,453,lattice,6,o,img/target_9.png
13,454,lattice,5,b,img/target_6.png
13,455,lattice,7,v,img/target_5.png
13,456,lattice,5,b,img/target_6.png
13,457,lattice,6,o,img/target_9.png
13,458,lattice,5,b,img/target_6.png
13,459,lattice,6,o,img/target_9.png
13,460,lattice,4,r,img/target_4.png
13,461,lattice,5,b,img/target_6.png
13,462,lattice,3,w,img/target_2.png
13,463,lattice,5,b,img/target_6.png
13,464,lattice,3,w,img/target_2.png
13,465,lattice,5,b,img/target_6.png
13,466,lattice,6,o,img/target_9.png
13,467,lattice,7,v,img/target_5.png
13,468,lattice,5,b,img/target_6.png
13,469,lattice,6,o,img/target_9.png
13,470,lattice,7,v,img/target_5.png
13,471,lattice,8,q,img/target_1.png
13,472,lattice,9,i,img/target_8.png
13,473,lattice,1,p,img/target_10.png
13,474,lattice,9,i,img/target_8.png
13,475,lattice,8,q,img/target_1.png
13,476,lattice,7,v,img/target_5.png
13,477,lattice,8,q,img/target_1.png
13,478,lattice,9,i,img/target_8.png
13,479,lattice,0,e,img/target_3.png
13,480,lattice,1,p,img/target_10.png
13,481,lattice,2,u,img/target_7.png
13,482,lattice,0,e,img/target_3.png
13,483,lattice,8,q,img/target_1.png
13,484,lattice,0,e,img/target_3.png
13,485,lattice,8,q,img/target_1.png
13,486,lattice,0,e,img/target_3.png
13,487,lattice,1,p,img/target_10.png
13,488,lattice,9,i,img/target_8.png
13,489,lattice,7,v,img/target_5.png
13,490,lattice,8,q,img/target_1.png
13,491,lattice,9,i,img/target_8.png
13,492,lattice,8,q,img/target_1.png
13,493,lattice,6,o,img/target_9.png
13,494,lattice,5,b,img/target_6.png
13,495,lattice,6,o,img/target_9.png
13,496,lattice,4,r,img/target_4.png
13,497,lattice,5,b,img/target_6.png
13,498,lattice,7,v,img/target_5.png
13,499,lattice,5,b,img/target_6.png
13,500,lattice,6,o,img/target_9.png
13,501,lattice,8,q,img/target_1.png
13,502,lattice,6,o,img/target_9.png
13,503,lattice,5,b,img/target_6.png
13,504,lattice,3,w,img/target_2.png
13,505,lattice,4,r,img/target_4.png
13,506,lattice,5,b,img/target_6.png
13,507,lattice,7,v,img/target_5.png
13,508,lattice,6,o,img/target_9.png
13,509,lattice,5,b,img/target_6.png
13,510,lattice,3,w,img/target_2.png
13,511,lattice,1,p,img/target_10.png
13,512,lattice,3,w,img/target_2.png
13,513,lattice,1,p,img/target_10.png
13,514,lattice,0,e,img/target_3.png
13,515,lattice,9,i,img/target_8.png
13,516,lattice,7,v,img/target_5.png
13,517,lattice,5,b,img/target_6.png
13,518,lattice,6,o,img/target_9.png
13,519,lattice,5,b,img/target_6.png
13,520,lattice,6,o,img/target_9.png
13,521,lattice,7,v,img/target_5.png
13,522,lattice,6,o,img/target_9.png
13,523,lattice,4,r,img/target_4.png
13,524,lattice,3,w,img/target_2.png
13,525,lattice,1,p,img/target_10.png
13,526,lattice,0,e,img/target_3.png
13,527,lattice,2,u,img/target_7.png
13,528,lattice,0,e,img/target_3.png
13,529,lattice,9,i,img/target_8.png
13,530,lattice,0,e,img/target_3.png
13,531,lattice,9,i,img/target_8.png
13,532,lattice,7,v,img/target_5.png
13,533,lattice,5,b,img/target_6.png
13,534,lattice,6,o,img/target_9.png
13,535,lattice,5,b,img/target_6.png
13,536,lattice,4,r,img/target_4.png
13,537,lattice,5,b,img/target_6.png
13,538,lattice,3,w,img/target_2.png
13,539,lattice,4,r,img/target_4.png
13,540,lattice,3,w,img/target_2.png
13,541,lattice,4,r,img/target_4.png
13,542,lattice,5,b,img/target_6.png
13,543,lattice,6,o,img/target_9.png
13,544,lattice,5,b,img/target_6.png
13,545,lattice,4,r,img/target_4.png
13,546,lattice,6,o,img/target_9.png
13,547,lattice,5,b,img/target_6.png
13,548,lattice,7,v,img/target_5.png
13,549,lattice,5,b,img/target_6.png
13,550,lattice,6,o,img/target_9.png
13,551,lattice,5,b,img/target_6.png
13,552,lattice,6,o,img/target_9.png
13,553,lattice,7,v,img/target_5.png
13,554,lattice,6,o,img/target_9.png
13,555,lattice,8,q,img/target_1.png
13,556,lattice,9,i,img/target_8.png
13,557,lattice,0,e,img/target_3.png
13,558,lattice,8,q,img/target_1.png
13,559,lattice,9,i,img/target_8.png
13,560,lattice,1,p,img/target_10.png
13,561,lattice,9,i,img/target_8.png
13,562,lattice,7,v,img/target_5.png
13,563,lattice,5,b,img/target_6.png
13,564,lattice,3,w,img/target_2.png
13,565,lattice,2,u,img/target_7.png
13,566,lattice,4,r,img/target_4.png
13,567,lattice,2,u,img/target_7.png
13,568,lattice,3,w,img/target_2.png
13,569,lattice,2,u,img/target_7.png
13,570,lattice,0,e,img/target_3.png
13,571,lattice,2,u,img/target_7.png
13,572,lattice,0,e,img/target_3.png
13,573,lattice,2,u,img/target_7.png
13,574,lattice,3,w,img/target_2.png
13,575,lattice,2,u,img/target_7.png
13,576,lattice,4,r,img/target_4.png
13,577,lattice,5,b,img/target_6.png
13,578,lattice,4,r,img/target_4.png
13,579,lattice,5,b,img/target_6.png
13,580,lattice,7,v,img/target_5.png
13,581,lattice,9,i,img/target_8.png
13,582,lattice,7,v,img/target_5.png
13,583,lattice,6,o,img/target_9.png
13,584,lattice,4,r,img/target_4.png
13,585,lattice,5,b,img/target_6.png
13,586,lattice,6,o,img/target_9.png
13,587,lattice,7,v,img/target_5.png
13,588,lattice,9,i,img/target_8.png
13,589,lattice,8,q,img/target_1.png
13,590,lattice,6,o,img/target_9.png
13,591,lattice,8,q,img/target_1.png
13,592,lattice,9,i,img/target_8.png
13,593,lattice,0,e,img/target_3.png
13,594,lattice,1,p,img/target_10.png
13,595,lattice,3,w,img/target_2.png
13,596,lattice,5,b,img/target_6.png
13,597,lattice,4,r,img/target_4.png
13,598,lattice,3,w,img/target_2.png
13,599,lattice,5,b,img/target_6.png
13,600,lattice,7,v,img/target_5.png
13,601,lattice,8,q,img/target_1.png
13,602,lattice,9,i,img/target_8.png
13,603,lattice,7,v,img/target_5.png
13,604,lattice,6,o,img/target_9.png
13,605,lattice,5,b,img/target_6.png
13,606,lattice,3,w,img/target_2.png
13,607,lattice,2,u,img/target_7.png
13,608,lattice,1,p,img/target_10.png
13,609,lattice,0,e,img/target_3.png
13,610,lattice,2,u,img/target_7.png
13,611,lattice,0,e,img/target_3.png
13,612,lattice,2,u,img/target_7.png
13,613,lattice,3,w,img/target_2.png
13,614,lattice,1,p,img/target_10.png
13,615,lattice,3,w,img/target_2.png
13,616,lattice,4,r,img/target_4.png
13,617,lattice,5,b,img/target_6.png
13,618,lattice,3,w,img/target_2.png
13,619,lattice,5,b,img/target_6.png
13,620,lattice,6,o,img/target_9.png
13,621,lattice,7,v,img/target_5.png
13,622,lattice,6,o,img/target_9.png
13,623,lattice,5,b,img/target_6.png
13,624,lattice,7,v,img/target_5.png
13,625,lattice,5,b,img/target_6.png
13,626,lattice,3,w,img/target_2.png
13,627,lattice,5,b,img/target_6.png
13,628,lattice,3,w,img/target_2.png
13,629,lattice,4,r,img/target_4.png
13,630,lattice,3,w,img/target_2.png
13,631,lattice,5,b,img/target_6.png
13,632,lattice,6,o,img/target_9.png
13,633,lattice,4,r,img/target_4.png
13,634,lattice,5,b,img/target_6.png
13,635,lattice,7,v,img/target_5.png
13,636,lattice,6,o,img/target_9.png
13,637,lattice,5,b,img/target_6.png
13,638,lattice,6,o,img/target_9.png
13,639,lattice,7,v,img/target_5.png
13,640,lattice,9,i,img/target_8.png
13,641,lattice,1,p,img/target_10.png
13,642,lattice,0,e,img/target_3.png
13,643,lattice,2,u,img/target_7.png
13,644,lattice,0,e,img/target_3.png
13,645,lattice,9,i,img/target_8.png
13,646,lattice,1,p,img/target_10.png
13,647,lattice,0,e,img/target_3.png
13,648,lattice,1,p,img/target_10.png
13,649,lattice,3,w,img/target_2.png
13,650,lattice,2,u,img/target_7.png
13,651,lattice,4,r,img/target_4.png
13,652,lattice,5,b,img/target_6.png
13,653,lattice,7,v,img/target_5.png
13,654,lattice,9,i,img/target_8.png
13,655,lattice,7,v,img/target_5.png
13,656,lattice,5,b,img/target_6.png
13,657,lattice,7,v,img/target_5.png
13,658,lattice,9,i,img/target_8.png
13,659,lattice,1,p,img/target_10.png
13,660,lattice,9,i,img/target_8.png
13,661,lattice,7,v,img/target_5.png
13,662,lattice,9,i,img/target_8.png
13,663,lattice,8,q,img/target_1.png
13,664,lattice,7,v,img/target_5.png
13,665,lattice,8,q,img/target_1.png
13,666,lattice,6,o,img/target_9.png
13,667,lattice,5,b,img/target_6.png
13,668,lattice,7,v,img/target_5.png
13,669,lattice,6,o,img/target_9.png
13,670,lattice,8,q,img/target_1.png
13,671,lattice,9,i,img/target_8.png
13,672,lattice,8,q,img/target_1.png
13,673,lattice,9,i,img/target_8.png
13,674,lattice,7,v,img/target_5.png
13,675,lattice,6,o,img/target_9.png
13,676,lattice,5,b,img/target_6.png
13,677,lattice,6,o,img/target_9.png
13,678,lattice,8,q,img/target_1.png
13,679,lattice,9,i,img/target_8.png
13,680,lattice,8,q,img/target_1.png
13,681,lattice,0,e,img/target_3.png
13,682,lattice,8,q,img/target_1.png
13,683,lattice,7,v,img/target_5.png
13,684,lattice,6,o,img/target_9.png
13,685,lattice,8,q,img/target_1.png
13,686,lattice,6,o,img/target_9.png
13,687,lattice,7,v,img/target_5.png
13,688,lattice,9,i,img/target_8.png
13,689,lattice,0,e,img/target_3.png
13,690,lattice,2,u,img/target_7.png
13,691,lattice,3,w,img/target_2.png
13,692,lattice,2,u,img/target_7.png
13,693,lattice,1,p,img/target_10.png
13,694,lattice,9,i,img/target_8.png
13,695,lattice,0,e,img/target_3.png
13,696,lattice,2,u,img/target_7.png
13,697,lattice,3,w,img/target_2.png
13,698,lattice,2,u,img/target_7.png
13,699,lattice,0,e,img/target_3.png
13,700,lattice,8,q,img/target_1.png
13,701,lattice,7,v,img/target_5.png
13,702,lattice,8,q,img/target_1.png
13,703,lattice,0,e,img/target_3.png
13,704,lattice,9,i,img/target_8.png
13,705,lattice,0,e,img/target_3.png
13,706,lattice,9,i,img/target_8.png
13,707,lattice,0,e,img/target_3.png
13,708,lattice,9,i,img/target_8.png
13,709,lattice,1,p,img/target_10.png
13,710,lattice,0,e,img/target_3.png
13,711,lattice,8,q,img/target_1.png
13,712,lattice,9,i,img/target_8.png
13,713,lattice,1,p,img/target_10.png
13,714,lattice,9,i,img/target_8.png
13,715,lattice,8,q,img/target_1.png
13,716,lattice,9,i,img/target_8.png
13,717,lattice,7,v,img/target_5.png
13,718,lattice,5,b,img/target_6.png
13,719,lattice,3,w,img/target_2.png
13,720,lattice,4,r,img/target_4.png
13,721,lattice,2,u,img/target_7.png
13,722,lattice,4,r,img/target_4.png
13,723,lattice,6,o,img/target_9.png
13,724,lattice,4,r,img/target_4.png
13,725,lattice,2,u,img/target_7.png
13,726,lattice,0,e,img/target_3.png
13,727,lattice,9,i,img/target_8.png
13,728,lattice,7,v,img/target_5.png
13,729,lattice,8,q,img/target_1.png
13,730,lattice,6,o,img/target_9.png
13,731,lattice,7,v,img/target_5.png
13,732,lattice,8,q,img/target_1.png
13,733,lattice,0,e,img/target_3.png
13,734,lattice,9,i,img/target_8.png
13,735,lattice,8,q,img/target_1.png
13,736,lattice,7,v,img/target_5.png
13,737,lattice,6,o,img/target_9.png
13,738,lattice,5,b,img/target_6.png
13,739,lattice,6,o,img/target_9.png
13,740,lattice,7,v,img/target_5.png
13,741,lattice,5,b,img/target_6.png
13,742,lattice,6,o,img/target_9.png
13,743,lattice,5,b,img/target_6.png
13,744,lattice,3,w,img/target_2.png
13,745,lattice,2,u,img/target_7.png
13,746,lattice,0,e,img/target_3.png
13,747,lattice,9,i,img/target_8.png
13,748,lattice,1,p,img/target_10.png
13,749,lattice,9,i,img/target_8.png
13,750,lattice,0,e,img/target_3.png
13,751,lattice,9,i,img/target_8.png
13,752,lattice,0,e,img/target_3.png
13,753,lattice,9,i,img/target_8.png
13,754,lattice,0,e,img/target_3.png
13,755,lattice,9,i,img/target_8.png
13,756,lattice,1,p,img/target_10.png
13,757,lattice,0,e,img/target_3.png
13,758,lattice,1,p,img/target_10.png
13,759,lattice,0,e,img/target_3.png
13,760,lattice,9,i,img/target_8.png
13,761,lattice,8,q,img/target_1.png
13,762,lattice,0,e,img/target_3.png
13,763,lattice,1,p,img/target_10.png
13,764,lattice,3,w,img/target_2.png
13,765,lattice,1,p,img/target_10.png
13,766,lattice,3,w,img/target_2.png
13,767,lattice,4,r,img/target_4.png
13,768,lattice,6,o,img/target_9.png
13,769,lattice,7,v,img/target_5.png
13,770,lattice,9,i,img/target_8.png
13,771,lattice,0,e,img/target_3.png
13,772,lattice,2,u,img/target_7.png
13,773,lattice,4,r,img/target_4.png
13,774,lattice,6,o,img/target_9.png
13,775,lattice,4,r,img/target_4.png
13,776,lattice,3,w,img/target_2.png
13,777,lattice,5,b,img/target_6.png
13,778,lattice,3,w,img/target_2.png
13,779,lattice,1,p,img/target_10.png
13,780,lattice,9,i,img/target_8.png
13,781,lattice,7,v,img/target_5.png
13,782,lattice,5,b,img/target_6.png
13,783,lattice,6,o,img/target_9.png
13,784,lattice,8,q,img/target_1.png
13,785,lattice,6,o,img/target_9.png
13,786,lattice,5,b,img/target_6.png
13,787,lattice,4,r,img/target_4.png
13,788,lattice,5,b,img/target_6.png
13,789,lattice,3,w,img/target_2.png
13,790,lattice,2,u,img/target_7.png
13,791,lattice,1,p,img/target_10.png
13,792,lattice,3,w,img/target_2.png
13,793,lattice,1,p,img/target_10.png
13,794,lattice,2,u,img/target_7.png
13,795,lattice,3,w,img/target_2.png
13,796,lattice,5,b,img/target_6.png
13,797,lattice,6,o,img/target_9.png
13,798,lattice,4,r,img/target_4.png
13,799,lattice,5,b,img/target_6.png
13,800,lattice,7,v,img/target_5.png
13,801,lattice,5,b,img/target_6.png
13,802,lattice,6,o,img/target_9.png
13,803,lattice,7,v,img/target_5.png
13,804,lattice,9,i,img/target_8.png
13,805,lattice,7,v,img/target_5.png
13,806,lattice,5,b,img/target_6.png
13,807,lattice,7,v,img/target_5.png
13,808,lattice,5,b,img/target_6.png
13,809,lattice,6,o,img/target_9.png
13,810,lattice,7,v,img/target_5.png
13,811,lattice,8,q,img/target_1.png
13,812,lattice,0,e,img/target_3.png
13,813,lattice,2,u,img/target_7.png
13,814,lattice,4,r,img/target_4.png
13,815,lattice,2,u,img/target_7.png
13,816,lattice,3,w,img/target_2.png
13,817,lattice,4,r,img/target_4.png
13,818,lattice,5,b,img/target_6.png
13,819,lattice,6,o,img/target_9.png
13,820,lattice,7,v,img/target_5.png
13,821,lattice,9,i,img/target_8.png
13,822,lattice,7,v,img/target_5.png
13,823,lattice,6,o,img/target_9.png
13,824,lattice,8,q,img/target_1.png
13,825,lattice,7,v,img/target_5.png
13,826,lattice,9,i,img/target_8.png
13,827,lattice,7,v,img/target_5.png
13,828,lattice,6,o,img/target_9.png
13,829,lattice,5,b,img/target_6.png
13,830,lattice,3,w,img/target_2.png
13,831,lattice,4,r,img/target_4.png
13,832,lattice,5,b,img/target_6.png
13,833,lattice,7,v,img/target_5.png
13,834,lattice,9,i,img/target_8.png
13,835,lattice,8,q,img/target_1.png
13,836,lattice,6,o,img/target_9.png
13,837,lattice,7,v,img/target_5.png
13,838,lattice,9,i,img/target_8.png
13,839,lattice,1,p,img/target_10.png
13,840,lattice,0,e,img/target_3.png
13,841,lattice,2,u,img/target_7.png
13,842,lattice,0,e,img/target_3.png
13,843,lattice,9,i,img/target_8.png
13,844,lattice,0,e,img/target_3.png
13,845,lattice,2,u,img/target_7.png
13,846,lattice,4,r,img/target_4.png
13,847,lattice,3,w,img/target_2.png
13,848,lattice,1,p,img/target_10.png
13,849,lattice,3,w,img/target_2.png
13,850,lattice,4,r,img/target_4.png
13,851,lattice,5,b,img/target_6.png
13,852,lattice,3,w,img/target_2.png
13,853,lattice,5,b,img/target_6.png
13,854,lattice,6,o,img/target_9.png
13,855,lattice,5,b,img/target_6.png
13,856,lattice,7,v,img/target_5.png
13,857,lattice,6,o,img/target_9.png
13,858,lattice,7,v,img/target_5.png
13,859,lattice,6,o,img/target_9.png
13,860,lattice,5,b,img/target_6.png
13,861,lattice,3,w,img/target_2.png
13,862,lattice,4,r,img/target_4.png
13,863,lattice,6,o,img/target_9.png
13,864,lattice,5,b,img/target_6.png
13,865,lattice,7,v,img/target_5.png
13,866,lattice,6,o,img/target_9.png
13,867,lattice,7,v,img/target_5.png
13,868,lattice,6,o,img/target_9.png
13,869,lattice,8,q,img/target_1.png
13,870,lattice,9,i,img/target_8.png
13,871,lattice,1,p,img/target_10.png
13,872,lattice,3,w,img/target_2.png
13,873,lattice,2,u,img/target_7.png
13,874,lattice,3,w,img/target_2.png
13,875,lattice,2,u,img/target_7.png
13,876,lattice,1,p,img/target_10.png
13,877,lattice,2,u,img/target_7.png
13,878,lattice,1,p,img/target_10.png
13,879,lattice,9,i,img/target_8.png
13,880,lattice,8,q,img/target_1.png
13,881,lattice,9,i,img/target_8.png
13,882,lattice,8,q,img/target_1.png
13,883,lattice,6,o,img/target_9.png
13,884,lattice,7,v,img/target_5.png
13,885,lattice,9,i,img/target_8.png
13,886,lattice,1,p,img/target_10.png
13,887,lattice,3,w,img/target_2.png
13,888,lattice,1,p,img/target_10.png
13,889,lattice,0,e,img/target_3.png
13,890,lattice,2,u,img/target_7.png
13,891,lattice,4,r,img/target_4.png
13,892,lattice,6,o,img/target_9.png
13,893,lattice,5,b,img/target_6.png
13,894,lattice,3,w,img/target_2.png
13,895,lattice,1,p,img/target_10.png
13,896,lattice,0,e,img/target_3.png
13,897,lattice,8,q,img/target_1.png
13,898,lattice,9,i,img/target_8.png
13,899,lattice,0,e,img/target_3.png
13,900,lattice,8,q,img/target_1.png
13,901,lattice,6,o,img/target_9.png
13,902,lattice,8,q,img/target_1.png
13,903,lattice,9,i,img/target_8.png
13,904,lattice,1,p,img/target_10.png
13,905,lattice,9,i,img/target_8.png
13,906,lattice,7,v,img/target_5.png
13,907,lattice,8,q,img/target_1.png
13,908,lattice,9,i,img/target_8.png
13,909,lattice,0,e,img/target_3.png
13,910,lattice,9,i,img/target_8.png
13,911,lattice,8,q,img/target_1.png
13,912,lattice,6,o,img/target_9.png
13,913,lattice,8,q,img/target_1.png
13,914,lattice,7,v,img/target_5.png
13,915,lattice,8,q,img/target_1.png
13,916,lattice,9,i,img/target_8.png
13,917,lattice,0,e,img/target_3.png
13,918,lattice,1,p,img/target_10.png
13,919,lattice,2,u,img/target_7.png
13,920,lattice,1,p,img/target_10.png
13,921,lattice,2,u,img/target_7.png
13,922,lattice,0,e,img/target_3.png
13,923,lattice,1,p,img/target_10.png
13,924,lattice,3,w,img/target_2.png
13,925,lattice,2,u,img/target_7.png
13,926,lattice,0,e,img/target_3.png
13,927,lattice,1,p,img/target_10.png
13,928,lattice,0,e,img/target_3.png
13,929,lattice,8,q,img/target_1.png
13,930,lattice,0,e,img/target_3.png
13,931,lattice,8,q,img/target_1.png
13,932,lattice,9,i,img/target_8.png
13,933,lattice,0,e,img/target_3.png
13,934,lattice,8,q,img/target_1.png
13,935,lattice,7,v,img/target_5.png
13,936,lattice,5,b,img/target_6.png
13,937,lattice,3,w,img/target_2.png
13,938,lattice,1,p,img/target_10.png
13,939,lattice,3,w,img/target_2.png
13,940,lattice,1,p,img/target_10.png
13,941,lattice,9,i,img/target_8.png
13,942,lattice,1,p,img/target_10.png
13,943,lattice,0,e,img/target_3.png
13,944,lattice,2,u,img/target_7.png
13,945,lattice,0,e,img/target_3.png
13,946,lattice,2,u,img/target_7.png
13,947,lattice,1,p,img/target_10.png
13,948,lattice,9,i,img/target_8.png
13,949,lattice,8,q,img/target_1.png
13,950,lattice,9,i,img/target_8.png
13,951,lattice,0,e,img/target_3.png
13,952,lattice,2,u,img/target_7.png
13,953,lattice,3,w,img/target_2.png
13,954,lattice,2,u,img/target_7.png
13,955,lattice,4,r,img/target_4.png
13,956,lattice,3,w,img/target_2.png
13,957,lattice,2,u,img/target_7.png
13,958,lattice,1,p,img/target_10.png
13,959,lattice,2,u,img/target_7.png
13,960,lattice,1,p,img/target_10.png
13,961,lattice,9,i,img/target_8.png
13,962,lattice,8,q,img/target_1.png
13,963,lattice,6,o,img/target_9.png
13,964,lattice,4,r,img/target_4.png
13,965,lattice,6,o,img/target_9.png
13,966,lattice,8,q,img/target_1.png
13,967,lattice,7,v,img/target_5.png
13,968,lattice,8,q,img/target_1.png
13,969,lattice,9,i,img/target_8.png
13,970,lattice,1,p,img/target_10.png
13,971,lattice,9,i,img/target_8.png
13,972,lattice,1,p,img/target_10.png
13,973,lattice,3,w,img/target_2.png
13,974,lattice,4,r,img/target_4.png
13,975,lattice,3,w,img/target_2.png
13,976,lattice,2,u,img/target_7.png
13,977,lattice,4,r,img/target_4.png
13,978,lattice,5,b,img/target_6.png
13,979,lattice,4,r,img/target_4.png
13,980,lattice,5,b,img/target_6.png
13,981,lattice,6,o,img/target_9.png
13,982,lattice,7,v,img/target_5.png
13,983,lattice,8,q,img/target_1.png
13,984,lattice,9,i,img/target_8.png
13,985,lattice,7,v,img/target_5.png
13,986,lattice,8,q,img/target_1.png
13,987,lattice,7,v,img/target_5.png
13,988,lattice,5,b,img/target_6.png
13,989,lattice,6,o,img/target_9.png
13,990,lattice,4,r,img/target_4.png
13,991,lattice,6,o,img/target_9.png
13,992,lattice,5,b,img/target_6.png
13,993,lattice,3,w,img/target_2.png
13,994,lattice,2,u,img/target_7.png
13,995,lattice,3,w,img/target_2.png
13,996,lattice,4,r,img/target_4.png
13,997,lattice,3,w,img/target_2.png
13,998,lattice,1,p,img/target_10.png
13,999,lattice,9,i,img/target_8.png
13,1000,lattice,8,q,img/target_1.png
