pID,trialNum,graph,walk,resp,path
33,1,lattice,0,i,img/target_8.png
33,2,lattice,1,w,img/target_2.png
33,3,lattice,9,p,img/target_10.png
33,4,lattice,7,r,img/target_4.png
33,5,lattice,6,b,img/target_6.png
33,6,lattice,8,o,img/target_9.png
33,7,lattice,0,i,img/target_8.png
33,8,lattice,9,p,img/target_10.png
33,9,lattice,7,r,img/target_4.png
33,10,lattice,6,b,img/target_6.png
33,11,lattice,5,u,img/target_7.png
33,12,lattice,7,r,img/target_4.png
33,13,lattice,6,b,img/target_6.png
33,14,lattice,5,u,img/target_7.png
33,15,lattice,3,e,img/target_3.png
33,16,lattice,4,q,img/target_1.png
33,17,lattice,5,u,img/target_7.png
33,18,lattice,7,r,img/target_4.png
33,19,lattice,5,u,img/target_7.png
33,20,lattice,3,e,img/target_3.png
33,21,lattice,2,v,img/target_5.png
33,22,lattice,0,i,img/target_8.png
33,23,lattice,9,p,img/target_10.png
33,24,lattice,1,w,img/target_2.png
33,25,lattice,2,v,img/target_5.png
33,26,lattice,0,i,img/target_8.png
33,27,lattice,8,o,img/target_9.png
33,28,lattice,7,r,img/target_4.png
33,29,lattice,9,p,img/target_10.png
33,30,lattice,8,o,img/target_9.png
33,31,lattice,7,r,img/target_4.png
33,32,lattice,5,u,img/target_7.png
33,33,lattice,3,e,img/target_3.png
33,34,lattice,5,u,img/target_7.png
33,35,lattice,6,b,img/target_6.png
33,36,lattice,5,u,img/target_7.png
33,37,lattice,4,q,img/target_1.png
33,38,lattice,3,e,img/target_3.png
33,39,lattice,5,u,img/target_7.png
33,40,lattice,6,b,img/target_6.png
33,41,lattice,5,u,img/target_7.png
33,42,lattice,7,r,img/target_4.png
33,43,lattice,6,b,img/target_6.png
33,44,lattice,8,o,img/target_9.png
33,45,lattice,6,b,img/target_6.png
33,46,lattice,7,r,img/target_4.png
33,47,lattice,5,u,img/target_7.png
33,48,lattice,4,q,img/target_1.png
33,49,lattice,6,b,img/target_6.png
33,50,lattice,8,o,img/target_9.png
33,51,lattice,6,b,img/target_6.png
33,52,lattice,4,q,img/target_1.png
33,53,lattice,5,u,img/target_7.png
33,54,lattice,4,q,img/target_1.png
33,55,lattice,6,b,img/target_6.png
33,56,lattice,5,u,img/target_7.png
33,57,lattice,3,e,img/target_3.png
33,58,lattice,5,u,img/target_7.png
33,59,lattice,7,r,img/target_4.png
33,60,lattice,6,b,img/target_6.png
33,61,lattice,8,o,img/target_9.png
33,62,lattice,7,r,img/target_4.png
33,63,lattice,5,u,img/target_7.png
33,64,lattice,4,q,img/target_1.png
33,65,lattice,3,e,img/target_3.png
33,66,lattice,2,v,img/target_5.png
33,67,lattice,0,i,img/target_8.png
33,68,lattice,2,v,img/target_5.png
33,69,lattice,3,e,img/target_3.png
33,70,lattice,1,w,img/target_2.png
33,71,lattice,0,i,img/target_8.png
33,72,lattice,9,p,img/target_10.png
33,73,lattice,8,o,img/target_9.png
33,74,lattice,6,b,img/target_6.png
33,75,lattice,4,q,img/target_1.png
33,76,lattice,5,u,img/target_7.png
33,77,lattice,7,r,img/target_4.png
33,78,lattice,8,o,img/target_9.png
33,79,lattice,7,r,img/target_4.png
33,80,lattice,5,u,img/target_7.png
33,81,lattice,4,q,img/target_1.png
33,82,lattice,5,u,img/target_7.png
33,83,lattice,6,b,img/target_6.png
33,84,lattice,4,q,img/target_1.png
33,85,lattice,6,b,img/target_6.png
33,86,lattice,7,r,img/target_4.png
33,87,lattice,5,u,img/target_7.png
33,88,lattice,6,b,img/target_6.png
33,89,lattice,8,o,img/target_9.png
33,90,lattice,6,b,img/target_6.png
33,91,lattice,4,q,img/target_1.png
33,92,lattice,6,b,img/target_6.png
33,93,lattice,8,o,img/target_9.png
33,94,lattice,7,r,img/target_4.png
33,95,lattice,9,p,img/target_10.png
33,96,lattice,7,r,img/target_4.png
33,97,lattice,5,u,img/target_7.png
33,98,lattice,3,e,img/target_3.png
33,99,lattice,1,w,img/target_2.png
33,100,lattice,9,p,img/target_10.png
33,101,lattice,7,r,img/target_4.png
33,102,lattice,8,o,img/target_9.png
33,103,lattice,9,p,img/target_10.png
33,104,lattice,7,r,img/target_4.png
33,105,lattice,9,p,img/target_10.png
33,106,lattice,7,r,img/target_4.png
33,107,lattice,6,b,img/target_6.png
33,108,lattice,4,q,img/target_1.png
33,109,lattice,2,v,img/target_5.png
33,110,lattice,1,w,img/target_2.png
33,111,lattice,0,i,img/target_8.png
33,112,lattice,8,o,img/target_9.png
33,113,lattice,6,b,img/target_6.png
33,114,lattice,4,q,img/target_1.png
33,115,lattice,5,u,img/target_7.png
33,116,lattice,3,e,img/target_3.png
33,117,lattice,1,w,img/target_2.png
33,118,lattice,9,p,img/target_10.png
33,119,lattice,0,i,img/target_8.png
33,120,lattice,2,v,img/target_5.png
33,121,lattice,1,w,img/target_2.png
33,122,lattice,0,i,img/target_8.png
33,123,lattice,8,o,img/target_9.png
33,124,lattice,6,b,img/target_6.png
33,125,lattice,4,q,img/target_1.png
33,126,lattice,2,v,img/target_5.png
33,127,lattice,1,w,img/target_2.png
33,128,lattice,3,e,img/target_3.png
33,129,lattice,2,v,img/target_5.png
33,130,lattice,4,q,img/target_1.png
33,131,lattice,6,b,img/target_6.png
33,132,lattice,8,o,img/target_9.png
33,133,lattice,0,i,img/target_8.png
33,134,lattice,1,w,img/target_2.png
33,135,lattice,0,i,img/target_8.png
33,136,lattice,9,p,img/target_10.png
33,137,lattice,8,o,img/target_9.png
33,138,lattice,7,r,img/target_4.png
33,139,lattice,6,b,img/target_6.png
33,140,lattice,7,r,img/target_4.png
33,141,lattice,5,u,img/target_7.png
33,142,lattice,6,b,img/target_6.png
33,143,lattice,7,r,img/target_4.png
33,144,lattice,5,u,img/target_7.png
33,145,lattice,6,b,img/target_6.png
33,146,lattice,7,r,img/target_4.png
33,147,lattice,9,p,img/target_10.png
33,148,lattice,8,o,img/target_9.png
33,149,lattice,6,b,img/target_6.png
33,150,lattice,5,u,img/target_7.png
33,151,lattice,4,q,img/target_1.png
33,152,lattice,2,v,img/target_5.png
33,153,lattice,1,w,img/target_2.png
33,154,lattice,3,e,img/target_3.png
33,155,lattice,5,u,img/target_7.png
33,156,lattice,3,e,img/target_3.png
33,157,lattice,2,v,img/target_5.png
33,158,lattice,0,i,img/target_8.png
33,159,lattice,2,v,img/target_5.png
33,160,lattice,1,w,img/target_2.png
33,161,lattice,3,e,img/target_3.png
33,162,lattice,4,q,img/target_1.png
33,163,lattice,5,u,img/target_7.png
33,164,lattice,3,e,img/target_3.png
33,165,lattice,5,u,img/target_7.png
33,166,lattice,7,r,img/target_4.png
33,167,lattice,8,o,img/target_9.png
33,168,lattice,0,i,img/target_8.png
33,169,lattice,1,w,img/target_2.png
33,170,lattice,3,e,img/target_3.png
33,171,lattice,4,q,img/target_1.png
33,172,lattice,3,e,img/target_3.png
33,173,lattice,4,q,img/target_1.png
33,174,lattice,3,e,img/target_3.png
33,175,lattice,2,v,img/target_5.png
33,176,lattice,3,e,img/target_3.png
33,177,lattice,2,v,img/target_5.png
33,178,lattice,3,e,img/target_3.png
33,179,lattice,4,q,img/target_1.png
33,180,lattice,3,e,img/target_3.png
33,181,lattice,2,v,img/target_5.png
33,182,lattice,3,e,img/target_3.png
33,183,lattice,2,v,img/target_5.png
33,184,lattice,4,q,img/target_1.png
33,185,lattice,5,u,img/target_7.png
33,186,lattice,7,r,img/target_4.png
33,187,lattice,8,o,img/target_9.png
33,188,lattice,9,p,img/target_10.png
33,189,lattice,8,o,img/target_9.png
33,190,lattice,9,p,img/target_10.png
33,191,lattice,7,r,img/target_4.png
33,192,lattice,9,p,img/target_10.png
33,193,lattice,0,i,img/target_8.png
33,194,lattice,2,v,img/target_5.png
33,195,lattice,0,i,img/target_8.png
33,196,lattice,2,v,img/target_5.png
33,197,lattice,0,i,img/target_8.png
33,198,lattice,2,v,img/target_5.png
33,199,lattice,0,i,img/target_8.png
33,200,lattice,1,w,img/target_2.png
33,201,lattice,0,i,img/target_8.png
33,202,lattice,9,p,img/target_10.png
33,203,lattice,1,w,img/target_2.png
33,204,lattice,0,i,img/target_8.png
33,205,lattice,9,p,img/target_10.png
33,206,lattice,8,o,img/target_9.png
33,207,lattice,9,p,img/target_10.png
33,208,lattice,1,w,img/target_2.png
33,209,lattice,3,e,img/target_3.png
33,210,lattice,1,w,img/target_2.png
33,211,lattice,0,i,img/target_8.png
33,212,lattice,1,w,img/target_2.png
33,213,lattice,0,i,img/target_8.png
33,214,lattice,2,v,img/target_5.png
33,215,lattice,4,q,img/target_1.png
33,216,lattice,2,v,img/target_5.png
33,217,lattice,3,e,img/target_3.png
33,218,lattice,2,v,img/target_5.png
33,219,lattice,4,q,img/target_1.png
33,220,lattice,5,u,img/target_7.png
33,221,lattice,3,e,img/target_3.png
33,222,lattice,4,q,img/target_1.png
33,223,lattice,5,u,img/target_7.png
33,224,lattice,4,q,img/target_1.png
33,225,lattice,2,v,img/target_5.png
33,226,lattice,4,q,img/target_1.png
33,227,lattice,6,b,img/target_6.png
33,228,lattice,5,u,img/target_7.png
33,229,lattice,7,r,img/target_4.png
33,230,lattice,5,u,img/target_7.png
33,231,lattice,6,b,img/target_6.png
33,232,lattice,5,u,img/target_7.png
33,233,lattice,4,q,img/target_1.png
33,234,lattice,6,b,img/target_6.png
33,235,lattice,8,o,img/target_9.png
33,236,lattice,0,i,img/target_8.png
33,237,lattice,2,v,img/target_5.png
33,238,lattice,1,w,img/target_2.png
33,239,lattice,0,i,img/target_8.png
33,240,lattice,8,o,img/target_9.png
33,241,lattice,7,r,img/target_4.png
33,242,lattice,8,o,img/target_9.png
33,243,lattice,7,r,img/target_4.png
33,244,lattice,8,o,img/target_9.png
33,245,lattice,9,p,img/target_10.png
33,246,lattice,8,o,img/target_9.png
33,247,lattice,6,b,img/target_6.png
33,248,lattice,7,r,img/target_4.png
33,249,lattice,5,u,img/target_7.png
33,250,lattice,7,r,img/target_4.png
33,251,lattice,8,o,img/target_9.png
33,252,lattice,6,b,img/target_6.png
33,253,lattice,7,r,img/target_4.png
33,254,lattice,5,u,img/target_7.png
33,255,lattice,4,q,img/target_1.png
33,256,lattice,6,b,img/target_6.png
33,257,lattice,8,o,img/target_9.png
33,258,lattice,9,p,img/target_10.png
33,259,lattice,0,i,img/target_8.png
33,260,lattice,1,w,img/target_2.png
33,261,lattice,3,e,img/target_3.png
33,262,lattice,1,w,img/target_2.png
33,263,lattice,2,v,img/target_5.png
33,264,lattice,1,w,img/target_2.png
33,265,lattice,2,v,img/target_5.png
33,266,lattice,3,e,img/target_3.png
33,267,lattice,4,q,img/target_1.png
33,268,lattice,5,u,img/target_7.png
33,269,lattice,4,q,img/target_1.png
33,270,lattice,3,e,img/target_3.png
33,271,lattice,5,u,img/target_7.png
33,272,lattice,6,b,img/target_6.png
33,273,lattice,4,q,img/target_1.png
33,274,lattice,3,e,img/target_3.png
33,275,lattice,1,w,img/target_2.png
33,276,lattice,2,v,img/target_5.png
33,277,lattice,1,w,img/target_2.png
33,278,lattice,0,i,img/target_8.png
33,279,lattice,1,w,img/target_2.png
33,280,lattice,2,v,img/target_5.png
33,281,lattice,0,i,img/target_8.png
33,282,lattice,1,w,img/target_2.png
33,283,lattice,3,e,img/target_3.png
33,284,lattice,1,w,img/target_2.png
33,285,lattice,9,p,img/target_10.png
33,286,lattice,0,i,img/target_8.png
33,287,lattice,1,w,img/target_2.png
33,288,lattice,3,e,img/target_3.png
33,289,lattice,4,q,img/target_1.png
33,290,lattice,6,b,img/target_6.png
33,291,lattice,4,q,img/target_1.png
33,292,lattice,6,b,img/target_6.png
33,293,lattice,7,r,img/target_4.png
33,294,lattice,5,u,img/target_7.png
33,295,lattice,4,q,img/target_1.png
33,296,lattice,5,u,img/target_7.png
33,297,lattice,3,e,img/target_3.png
33,298,lattice,4,q,img/target_1.png
33,299,lattice,6,b,img/target_6.png
33,300,lattice,8,o,img/target_9.png
33,301,lattice,9,p,img/target_10.png
33,302,lattice,7,r,img/target_4.png
33,303,lattice,6,b,img/target_6.png
33,304,lattice,5,u,img/target_7.png
33,305,lattice,7,r,img/target_4.png
33,306,lattice,8,o,img/target_9.png
33,307,lattice,7,r,img/target_4.png
33,308,lattice,6,b,img/target_6.png
33,309,lattice,5,u,img/target_7.png
33,310,lattice,6,b,img/target_6.png
33,311,lattice,4,q,img/target_1.png
33,312,lattice,2,v,img/target_5.png
33,313,lattice,4,q,img/target_1.png
33,314,lattice,6,b,img/target_6.png
33,315,lattice,7,r,img/target_4.png
33,316,lattice,6,b,img/target_6.png
33,317,lattice,5,u,img/target_7.png
33,318,lattice,3,e,img/target_3.png
33,319,lattice,4,q,img/target_1.png
33,320,lattice,3,e,img/target_3.png
33,321,lattice,1,w,img/target_2.png
33,322,lattice,9,p,img/target_10.png
33,323,lattice,1,w,img/target_2.png
33,324,lattice,3,e,img/target_3.png
33,325,lattice,5,u,img/target_7.png
33,326,lattice,7,r,img/target_4.png
33,327,lattice,5,u,img/target_7.png
33,328,lattice,3,e,img/target_3.png
33,329,lattice,4,q,img/target_1.png
33,330,lattice,2,v,img/target_5.png
33,331,lattice,4,q,img/target_1.png
33,332,lattice,6,b,img/target_6.png
33,333,lattice,4,q,img/target_1.png
33,334,lattice,5,u,img/target_7.png
33,335,lattice,3,e,img/target_3.png
33,336,lattice,2,v,img/target_5.png
33,337,lattice,0,i,img/target_8.png
33,338,lattice,8,o,img/target_9.png
33,339,lattice,7,r,img/target_4.png
33,340,lattice,9,p,img/target_10.png
33,341,lattice,7,r,img/target_4.png
33,342,lattice,6,b,img/target_6.png
33,343,lattice,4,q,img/target_1.png
33,344,lattice,3,e,img/target_3.png
33,345,lattice,5,u,img/target_7.png
33,346,lattice,6,b,img/target_6.png
33,347,lattice,5,u,img/target_7.png
33,348,lattice,4,q,img/target_1.png
33,349,lattice,3,e,img/target_3.png
33,350,lattice,5,u,img/target_7.png
33,351,lattice,6,b,img/target_6.png
33,352,lattice,4,q,img/target_1.png
33,353,lattice,5,u,img/target_7.png
33,354,lattice,4,q,img/target_1.png
33,355,lattice,2,v,img/target_5.png
33,356,lattice,4,q,img/target_1.png
33,357,lattice,3,e,img/target_3.png
33,358,lattice,4,q,img/target_1.png
33,359,lattice,6,b,img/target_6.png
33,360,lattice,7,r,img/target_4.png
33,361,lattice,5,u,img/target_7.png
33,362,lattice,4,q,img/target_1.png
33,363,lattice,6,b,img/target_6.png
33,364,lattice,8,o,img/target_9.png
33,365,lattice,9,p,img/target_10.png
33,366,lattice,0,i,img/target_8.png
33,367,lattice,1,w,img/target_2.png
33,368,lattice,2,v,img/target_5.png
33,369,lattice,3,e,img/target_3.png
33,370,lattice,4,q,img/target_1.png
33,371,lattice,3,e,img/target_3.png
33,372,lattice,4,q,img/target_1.png
33,373,lattice,3,e,img/target_3.png
33,374,lattice,1,w,img/target_2.png
33,375,lattice,9,p,img/target_10.png
33,376,lattice,7,r,img/target_4.png
33,377,lattice,6,b,img/target_6.png
33,378,lattice,8,o,img/target_9.png
33,379,lattice,6,b,img/target_6.png
33,380,lattice,7,r,img/target_4.png
33,381,lattice,5,u,img/target_7.png
33,382,lattice,6,b,img/target_6.png
33,383,lattice,4,q,img/target_1.png
33,384,lattice,2,v,img/target_5.png
33,385,lattice,3,e,img/target_3.png
33,386,lattice,1,w,img/target_2.png
33,387,lattice,3,e,img/target_3.png
33,388,lattice,1,w,img/target_2.png
33,389,lattice,9,p,img/target_10.png
33,390,lattice,7,r,img/target_4.png
33,391,lattice,9,p,img/target_10.png
33,392,lattice,7,r,img/target_4.png
33,393,lattice,8,o,img/target_9.png
33,394,lattice,7,r,img/target_4.png
33,395,lattice,6,b,img/target_6.png
33,396,lattice,8,o,img/target_9.png
33,397,lattice,9,p,img/target_10.png
33,398,lattice,8,o,img/target_9.png
33,399,lattice,7,r,img/target_4.png
33,400,lattice,6,b,img/target_6.png
33,401,lattice,5,u,img/target_7.png
33,402,lattice,3,e,img/target_3.png
33,403,lattice,5,u,img/target_7.png
33,404,lattice,7,r,img/target_4.png
33,405,lattice,9,p,img/target_10.png
33,406,lattice,0,i,img/target_8.png
33,407,lattice,1,w,img/target_2.png
33,408,lattice,2,v,img/target_5.png
33,409,lattice,1,w,img/target_2.png
33,410,lattice,2,v,img/target_5.png
33,411,lattice,0,i,img/target_8.png
33,412,lattice,9,p,img/target_10.png
33,413,lattice,1,w,img/target_2.png
33,414,lattice,3,e,img/target_3.png
33,415,lattice,5,u,img/target_7.png
33,416,lattice,6,b,img/target_6.png
33,417,lattice,7,r,img/target_4.png
33,418,lattice,5,u,img/target_7.png
33,419,lattice,4,q,img/target_1.png
33,420,lattice,6,b,img/target_6.png
33,421,lattice,5,u,img/target_7.png
33,422,lattice,7,r,img/target_4.png
33,423,lattice,9,p,img/target_10.png
33,424,lattice,7,r,img/target_4.png
33,425,lattice,6,b,img/target_6.png
33,426,lattice,5,u,img/target_7.png
33,427,lattice,4,q,img/target_1.png
33,428,lattice,2,v,img/target_5.png
33,429,lattice,0,i,img/target_8.png
33,430,lattice,9,p,img/target_10.png
33,431,lattice,8,o,img/target_9.png
33,432,lattice,7,r,img/target_4.png
33,433,lattice,5,u,img/target_7.png
33,434,lattice,6,b,img/target_6.png
33,435,lattice,4,q,img/target_1.png
33,436,lattice,6,b,img/target_6.png
33,437,lattice,8,o,img/target_9.png
33,438,lattice,6,b,img/target_6.png
33,439,lattice,5,u,img/target_7.png
33,440,lattice,4,q,img/target_1.png
33,441,lattice,5,u,img/target_7.png
33,442,lattice,7,r,img/target_4.png
33,443,lattice,8,o,img/target_9.png
33,444,lattice,6,b,img/target_6.png
33,445,lattice,5,u,img/target_7.png
33,446,lattice,4,q,img/target_1.png
33,447,lattice,5,u,img/target_7.png
33,448,lattice,3,e,img/target_3.png
33,449,lattice,1,w,img/target_2.png
33,450,lattice,3,e,img/target_3.png
33,451,lattice,5,u,img/target_7.png
33,452,lattice,4,q,img/target_1.png
33,453,lattice,2,v,img/target_5.png
33,454,lattice,3,e,img/target_3.png
33,455,lattice,1,w,img/target_2.png
33,456,lattice,2,v,img/target_5.png
33,457,lattice,3,e,img/target_3.png
33,458,lattice,4,q,img/target_1.png
33,459,lattice,2,v,img/target_5.png
33,460,lattice,3,e,img/target_3.png
33,461,lattice,2,v,img/target_5.png
33,462,lattice,3,e,img/target_3.png
33,463,lattice,1,w,img/target_2.png
33,464,lattice,9,p,img/target_10.png
33,465,lattice,0,i,img/target_8.png
33,466,lattice,8,o,img/target_9.png
33,467,lattice,7,r,img/target_4.png
33,468,lattice,6,b,img/target_6.png
33,469,lattice,5,u,img/target_7.png
33,470,lattice,3,e,img/target_3.png
33,471,lattice,5,u,img/target_7.png
33,472,lattice,4,q,img/target_1.png
33,473,lattice,3,e,img/target_3.png
33,474,lattice,4,q,img/target_1.png
33,475,lattice,6,b,img/target_6.png
33,476,lattice,7,r,img/target_4.png
33,477,lattice,8,o,img/target_9.png
33,478,lattice,9,p,img/target_10.png
33,479,lattice,1,w,img/target_2.png
33,480,lattice,9,p,img/target_10.png
33,481,lattice,1,w,img/target_2.png
33,482,lattice,2,v,img/target_5.png
33,483,lattice,4,q,img/target_1.png
33,484,lattice,2,v,img/target_5.png
33,485,lattice,4,q,img/target_1.png
33,486,lattice,3,e,img/target_3.png
33,487,lattice,1,w,img/target_2.png
33,488,lattice,9,p,img/target_10.png
33,489,lattice,8,o,img/target_9.png
33,490,lattice,6,b,img/target_6.png
33,491,lattice,4,q,img/target_1.png
33,492,lattice,5,u,img/target_7.png
33,493,lattice,6,b,img/target_6.png
33,494,lattice,5,u,img/target_7.png
33,495,lattice,6,b,img/target_6.png
33,496,lattice,4,q,img/target_1.png
33,497,lattice,5,u,img/target_7.png
33,498,lattice,7,r,img/target_4.png
33,499,lattice,6,b,img/target_6.png
33,500,lattice,5,u,img/target_7.png
33,501,lattice,6,b,img/target_6.png
33,502,lattice,4,q,img/target_1.png
33,503,lattice,3,e,img/target_3.png
33,504,lattice,4,q,img/target_1.png
33,505,lattice,6,b,img/target_6.png
33,506,lattice,8,o,img/target_9.png
33,507,lattice,0,i,img/target_8.png
33,508,lattice,2,v,img/target_5.png
33,509,lattice,3,e,img/target_3.png
33,510,lattice,2,v,img/target_5.png
33,511,lattice,4,q,img/target_1.png
33,512,lattice,3,e,img/target_3.png
33,513,lattice,4,q,img/target_1.png
33,514,lattice,6,b,img/target_6.png
33,515,lattice,4,q,img/target_1.png
33,516,lattice,3,e,img/target_3.png
33,517,lattice,5,u,img/target_7.png
33,518,lattice,7,r,img/target_4.png
33,519,lattice,9,p,img/target_10.png
33,520,lattice,8,o,img/target_9.png
33,521,lattice,6,b,img/target_6.png
33,522,lattice,8,o,img/target_9.png
33,523,lattice,6,b,img/target_6.png
33,524,lattice,4,q,img/target_1.png
33,525,lattice,6,b,img/target_6.png
33,526,lattice,5,u,img/target_7.png
33,527,lattice,7,r,img/target_4.png
33,528,lattice,8,o,img/target_9.png
33,529,lattice,9,p,img/target_10.png
33,530,lattice,7,r,img/target_4.png
33,531,lattice,5,u,img/target_7.png
33,532,lattice,4,q,img/target_1.png
33,533,lattice,5,u,img/target_7.png
33,534,lattice,3,e,img/target_3.png
33,535,lattice,2,v,img/target_5.png
33,536,lattice,0,i,img/target_8.png
33,537,lattice,2,v,img/target_5.png
33,538,lattice,0,i,img/target_8.png
33,539,lattice,9,p,img/target_10.png
33,540,lattice,1,w,img/target_2.png
33,541,lattice,3,e,img/target_3.png
33,542,lattice,1,w,img/target_2.png
33,543,lattice,0,i,img/target_8.png
33,544,lattice,9,p,img/target_10.png
33,545,lattice,8,o,img/target_9.png
33,546,lattice,7,r,img/target_4.png
33,547,lattice,9,p,img/target_10.png
33,548,lattice,8,o,img/target_9.png
33,549,lattice,6,b,img/target_6.png
33,550,lattice,8,o,img/target_9.png
33,551,lattice,0,i,img/target_8.png
33,552,lattice,9,p,img/target_10.png
33,553,lattice,8,o,img/target_9.png
33,554,lattice,7,r,img/target_4.png
33,555,lattice,5,u,img/target_7.png
33,556,lattice,4,q,img/target_1.png
33,557,lattice,5,u,img/target_7.png
33,558,lattice,4,q,img/target_1.png
33,559,lattice,3,e,img/target_3.png
33,560,lattice,1,w,img/target_2.png
33,561,lattice,9,p,img/target_10.png
33,562,lattice,0,i,img/target_8.png
33,563,lattice,9,p,img/target_10.png
33,564,lattice,7,r,img/target_4.png
33,565,lattice,8,o,img/target_9.png
33,566,lattice,0,i,img/target_8.png
33,567,lattice,1,w,img/target_2.png
33,568,lattice,3,e,img/target_3.png
33,569,lattice,4,q,img/target_1.png
33,570,lattice,2,v,img/target_5.png
33,571,lattice,3,e,img/target_3.png
33,572,lattice,5,u,img/target_7.png
33,573,lattice,3,e,img/target_3.png
33,574,lattice,5,u,img/target_7.png
33,575,lattice,7,r,img/target_4.png
33,576,lattice,5,u,img/target_7.png
33,577,lattice,3,e,img/target_3.png
33,578,lattice,5,u,img/target_7.png
33,579,lattice,7,r,img/target_4.png
33,580,lattice,8,o,img/target_9.png
33,581,lattice,9,p,img/target_10.png
33,582,lattice,8,o,img/target_9.png
33,583,lattice,7,r,img/target_4.png
33,584,lattice,9,p,img/target_10.png
33,585,lattice,8,o,img/target_9.png
33,586,lattice,9,p,img/target_10.png
33,587,lattice,8,o,img/target_9.png
33,588,lattice,9,p,img/target_10.png
33,589,lattice,8,o,img/target_9.png
33,590,lattice,7,r,img/target_4.png
33,591,lattice,9,p,img/target_10.png
33,592,lattice,0,i,img/target_8.png
33,593,lattice,2,v,img/target_5.png
33,594,lattice,1,w,img/target_2.png
33,595,lattice,3,e,img/target_3.png
33,596,lattice,4,q,img/target_1.png
33,597,lattice,2,v,img/target_5.png
33,598,lattice,0,i,img/target_8.png
33,599,lattice,1,w,img/target_2.png
33,600,lattice,9,p,img/target_10.png
33,601,lattice,0,i,img/target_8.png
33,602,lattice,2,v,img/target_5.png
33,603,lattice,1,w,img/target_2.png
33,604,lattice,3,e,img/target_3.png
33,605,lattice,1,w,img/target_2.png
33,606,lattice,2,v,img/target_5.png
33,607,lattice,4,q,img/target_1.png
33,608,lattice,3,e,img/target_3.png
33,609,lattice,4,q,img/target_1.png
33,610,lattice,2,v,img/target_5.png
33,611,lattice,3,e,img/target_3.png
33,612,lattice,4,q,img/target_1.png
33,613,lattice,3,e,img/target_3.png
33,614,lattice,2,v,img/target_5.png
33,615,lattice,0,i,img/target_8.png
33,616,lattice,2,v,img/target_5.png
33,617,lattice,0,i,img/target_8.png
33,618,lattice,8,o,img/target_9.png
33,619,lattice,9,p,img/target_10.png
33,620,lattice,7,r,img/target_4.png
33,621,lattice,8,o,img/target_9.png
33,622,lattice,6,b,img/target_6.png
33,623,lattice,8,o,img/target_9.png
33,624,lattice,7,r,img/target_4.png
33,625,lattice,8,o,img/target_9.png
33,626,lattice,7,r,img/target_4.png
33,627,lattice,8,o,img/target_9.png
33,628,lattice,0,i,img/target_8.png
33,629,lattice,8,o,img/target_9.png
33,630,lattice,0,i,img/target_8.png
33,631,lattice,8,o,img/target_9.png
33,632,lattice,6,b,img/target_6.png
33,633,lattice,7,r,img/target_4.png
33,634,lattice,9,p,img/target_10.png
33,635,lattice,8,o,img/target_9.png
33,636,lattice,6,b,img/target_6.png
33,637,lattice,4,q,img/target_1.png
33,638,lattice,5,u,img/target_7.png
33,639,lattice,4,q,img/target_1.png
33,640,lattice,3,e,img/target_3.png
33,641,lattice,1,w,img/target_2.png
33,642,lattice,0,i,img/target_8.png
33,643,lattice,8,o,img/target_9.png
33,644,lattice,9,p,img/target_10.png
33,645,lattice,8,o,img/target_9.png
33,646,lattice,7,r,img/target_4.png
33,647,lattice,5,u,img/target_7.png
33,648,lattice,6,b,img/target_6.png
33,649,lattice,5,u,img/target_7.png
33,650,lattice,7,r,img/target_4.png
33,651,lattice,6,b,img/target_6.png
33,652,lattice,7,r,img/target_4.png
33,653,lattice,5,u,img/target_7.png
33,654,lattice,6,b,img/target_6.png
33,655,lattice,8,o,img/target_9.png
33,656,lattice,7,r,img/target_4.png
33,657,lattice,8,o,img/target_9.png
33,658,lattice,6,b,img/target_6.png
33,659,lattice,5,u,img/target_7.png
33,660,lattice,3,e,img/target_3.png
33,661,lattice,2,v,img/target_5.png
33,662,lattice,0,i,img/target_8.png
33,663,lattice,2,v,img/target_5.png
33,664,lattice,3,e,img/target_3.png
33,665,lattice,1,w,img/target_2.png
33,666,lattice,2,v,img/target_5.png
33,667,lattice,0,i,img/target_8.png
33,668,lattice,1,w,img/target_2.png
33,669,lattice,0,i,img/target_8.png
33,670,lattice,2,v,img/target_5.png
33,671,lattice,1,w,img/target_2.png
33,672,lattice,0,i,img/target_8.png
33,673,lattice,9,p,img/target_10.png
33,674,lattice,7,r,img/target_4.png
33,675,lattice,8,o,img/target_9.png
33,676,lattice,7,r,img/target_4.png
33,677,lattice,6,b,img/target_6.png
33,678,lattice,5,u,img/target_7.png
33,679,lattice,3,e,img/target_3.png
33,680,lattice,5,u,img/target_7.png
33,681,lattice,6,b,img/target_6.png
33,682,lattice,4,q,img/target_1.png
33,683,lattice,5,u,img/target_7.png
33,684,lattice,6,b,img/target_6.png
33,685,lattice,4,q,img/target_1.png
33,686,lattice,5,u,img/target_7.png
33,687,lattice,4,q,img/target_1.png
33,688,lattice,6,b,img/target_6.png
33,689,lattice,8,o,img/target_9.png
33,690,lattice,7,r,img/target_4.png
33,691,lattice,5,u,img/target_7.png
33,692,lattice,6,b,img/target_6.png
33,693,lattice,7,r,img/target_4.png
33,694,lattice,8,o,img/target_9.png
33,695,lattice,7,r,img/target_4.png
33,696,lattice,8,o,img/target_9.png
33,697,lattice,6,b,img/target_6.png
33,698,lattice,5,u,img/target_7.png
33,699,lattice,6,b,img/target_6.png
33,700,lattice,5,u,img/target_7.png
33,701,lattice,6,b,img/target_6.png
33,702,lattice,4,q,img/target_1.png
33,703,lattice,5,u,img/target_7.png
33,704,lattice,7,r,img/target_4.png
33,705,lattice,8,o,img/target_9.png
33,706,lattice,9,p,img/target_10.png
33,707,lattice,0,i,img/target_8.png
33,708,lattice,2,v,img/target_5.png
33,709,lattice,3,e,img/target_3.png
33,710,lattice,5,u,img/target_7.png
33,711,lattice,6,b,img/target_6.png
33,712,lattice,5,u,img/target_7.png
33,713,lattice,4,q,img/target_1.png
33,714,lattice,6,b,img/target_6.png
33,715,lattice,7,r,img/target_4.png
33,716,lattice,9,p,img/target_10.png
33,717,lattice,0,i,img/target_8.png
33,718,lattice,9,p,img/target_10.png
33,719,lattice,8,o,img/target_9.png
33,720,lattice,0,i,img/target_8.png
33,721,lattice,2,v,img/target_5.png
33,722,lattice,3,e,img/target_3.png
33,723,lattice,2,v,img/target_5.png
33,724,lattice,1,w,img/target_2.png
33,725,lattice,3,e,img/target_3.png
33,726,lattice,1,w,img/target_2.png
33,727,lattice,9,p,img/target_10.png
33,728,lattice,7,r,img/target_4.png
33,729,lattice,9,p,img/target_10.png
33,730,lattice,8,o,img/target_9.png
33,731,lattice,7,r,img/target_4.png
33,732,lattice,8,o,img/target_9.png
33,733,lattice,0,i,img/target_8.png
33,734,lattice,9,p,img/target_10.png
33,735,lattice,1,w,img/target_2.png
33,736,lattice,3,e,img/target_3.png
33,737,lattice,1,w,img/target_2.png
33,738,lattice,3,e,img/target_3.png
33,739,lattice,2,v,img/target_5.png
33,740,lattice,4,q,img/target_1.png
33,741,lattice,5,u,img/target_7.png
33,742,lattice,6,b,img/target_6.png
33,743,lattice,4,q,img/target_1.png
33,744,lattice,2,v,img/target_5.png
33,745,lattice,0,i,img/target_8.png
33,746,lattice,8,o,img/target_9.png
33,747,lattice,0,i,img/target_8.png
33,748,lattice,9,p,img/target_10.png
33,749,lattice,1,w,img/target_2.png
33,750,lattice,2,v,img/target_5.png
33,751,lattice,1,w,img/target_2.png
33,752,lattice,3,e,img/target_3.png
33,753,lattice,2,v,img/target_5.png
33,754,lattice,0,i,img/target_8.png
33,755,lattice,2,v,img/target_5.png
33,756,lattice,1,w,img/target_2.png
33,757,lattice,9,p,img/target_10.png
33,758,lattice,8,o,img/target_9.png
33,759,lattice,0,i,img/target_8.png
33,760,lattice,1,w,img/target_2.png
33,761,lattice,3,e,img/target_3.png
33,762,lattice,5,u,img/target_7.png
33,763,lattice,6,b,img/target_6.png
33,764,lattice,8,o,img/target_9.png
33,765,lattice,6,b,img/target_6.png
33,766,lattice,8,o,img/target_9.png
33,767,lattice,6,b,img/target_6.png
33,768,lattice,4,q,img/target_1.png
33,769,lattice,2,v,img/target_5.png
33,770,lattice,3,e,img/target_3.png
33,771,lattice,4,q,img/target_1.png
33,772,lattice,6,b,img/target_6.png
33,773,lattice,4,q,img/target_1.png
33,774,lattice,6,b,img/target_6.png
33,775,lattice,4,q,img/target_1.png
33,776,lattice,5,u,img/target_7.png
33,777,lattice,6,b,img/target_6.png
33,778,lattice,4,q,img/target_1.png
33,779,lattice,5,u,img/target_7.png
33,780,lattice,7,r,img/target_4.png
33,781,lattice,5,u,img/target_7.png
33,782,lattice,3,e,img/target_3.png
33,783,lattice,1,w,img/target_2.png
33,784,lattice,3,e,img/target_3.png
33,785,lattice,4,q,img/target_1.png
33,786,lattice,6,b,img/target_6.png
33,787,lattice,5,u,img/target_7.png
33,788,lattice,4,q,img/target_1.png
33,789,lattice,5,u,img/target_7.png
33,790,lattice,4,q,img/target_1.png
33,791,lattice,3,e,img/target_3.png
33,792,lattice,1,w,img/target_2.png
33,793,lattice,3,e,img/target_3.png
33,794,lattice,4,q,img/target_1.png
33,795,lattice,6,b,img/target_6.png
33,796,lattice,4,q,img/target_1.png
33,797,lattice,2,v,img/target_5.png
33,798,lattice,0,i,img/target_8.png
33,799,lattice,9,p,img/target_10.png
33,800,lattice,0,i,img/target_8.png
33,801,lattice,8,o,img/target_9.png
33,802,lattice,9,p,img/target_10.png
33,803,lattice,0,i,img/target_8.png
33,804,lattice,2,v,img/target_5.png
33,805,lattice,3,e,img/target_3.png
33,806,lattice,4,q,img/target_1.png
33,807,lattice,2,v,img/target_5.png
33,808,lattice,4,q,img/target_1.png
33,809,lattice,5,u,img/target_7.png
33,810,lattice,7,r,img/target_4.png
33,811,lattice,9,p,img/target_10.png
33,812,lattice,8,o,img/target_9.png
33,813,lattice,6,b,img/target_6.png
33,814,lattice,8,o,img/target_9.png
33,815,lattice,9,p,img/target_10.png
33,816,lattice,0,i,img/target_8.png
33,817,lattice,1,w,img/target_2.png
33,818,lattice,0,i,img/target_8.png
33,819,lattice,2,v,img/target_5.png
33,820,lattice,1,w,img/target_2.png
33,821,lattice,3,e,img/target_3.png
33,822,lattice,4,q,img/target_1.png
33,823,lattice,2,v,img/target_5.png
33,824,lattice,3,e,img/target_3.png
33,825,lattice,5,u,img/target_7.png
33,826,lattice,4,q,img/target_1.png
33,827,lattice,5,u,img/target_7.png
33,828,lattice,4,q,img/target_1.png
33,829,lattice,3,e,img/target_3.png
33,830,lattice,2,v,img/target_5.png
33,831,lattice,1,w,img/target_2.png
33,832,lattice,9,p,img/target_10.png
33,833,lattice,1,w,img/target_2.png
33,834,lattice,2,v,img/target_5.png
33,835,lattice,3,e,img/target_3.png
33,836,lattice,1,w,img/target_2.png
33,837,lattice,9,p,img/target_10.png
33,838,lattice,1,w,img/target_2.png
33,839,lattice,0,i,img/target_8.png
33,840,lattice,9,p,img/target_10.png
33,841,lattice,1,w,img/target_2.png
33,842,lattice,2,v,img/target_5.png
33,843,lattice,0,i,img/target_8.png
33,844,lattice,8,o,img/target_9.png
33,845,lattice,7,r,img/target_4.png
33,846,lattice,6,b,img/target_6.png
33,847,lattice,4,q,img/target_1.png
33,848,lattice,2,v,img/target_5.png
33,849,lattice,3,e,img/target_3.png
33,850,lattice,5,u,img/target_7.png
33,851,lattice,7,r,img/target_4.png
33,852,lattice,8,o,img/target_9.png
33,853,lattice,0,i,img/target_8.png
33,854,lattice,8,o,img/target_9.png
33,855,lattice,6,b,img/target_6.png
33,856,lattice,4,q,img/target_1.png
33,857,lattice,3,e,img/target_3.png
33,858,lattice,5,u,img/target_7.png
33,859,lattice,6,b,img/target_6.png
33,860,lattice,4,q,img/target_1.png
33,861,lattice,2,v,img/target_5.png
33,862,lattice,3,e,img/target_3.png
33,863,lattice,1,w,img/target_2.png
33,864,lattice,2,v,img/target_5.png
33,865,lattice,1,w,img/target_2.png
33,866,lattice,9,p,img/target_10.png
33,867,lattice,1,w,img/target_2.png
33,868,lattice,0,i,img/target_8.png
33,869,lattice,8,o,img/target_9.png
33,870,lattice,9,p,img/target_10.png
33,871,lattice,7,r,img/target_4.png
33,872,lattice,9,p,img/target_10.png
33,873,lattice,8,o,img/target_9.png
33,874,lattice,7,r,img/target_4.png
33,875,lattice,5,u,img/target_7.png
33,876,lattice,4,q,img/target_1.png
33,877,lattice,2,v,img/target_5.png
33,878,lattice,4,q,img/target_1.png
33,879,lattice,2,v,img/target_5.png
33,880,lattice,4,q,img/target_1.png
33,881,lattice,2,v,img/target_5.png
33,882,lattice,4,q,img/target_1.png
33,883,lattice,3,e,img/target_3.png
33,884,lattice,5,u,img/target_7.png
33,885,lattice,4,q,img/target_1.png
33,886,lattice,5,u,img/target_7.png
33,887,lattice,3,e,img/target_3.png
33,888,lattice,4,q,img/target_1.png
33,889,lattice,2,v,img/target_5.png
33,890,lattice,3,e,img/target_3.png
33,891,lattice,4,q,img/target_1.png
33,892,lattice,2,v,img/target_5.png
33,893,lattice,0,i,img/target_8.png
33,894,lattice,2,v,img/target_5.png
33,895,lattice,4,q,img/target_1.png
33,896,lattice,3,e,img/target_3.png
33,897,lattice,4,q,img/target_1.png
33,898,lattice,2,v,img/target_5.png
33,899,lattice,0,i,img/target_8.png
33,900,lattice,2,v,img/target_5.png
33,901,lattice,0,i,img/target_8.png
33,902,lattice,9,p,img/target_10.png
33,903,lattice,1,w,img/target_2.png
33,904,lattice,0,i,img/target_8.png
33,905,lattice,9,p,img/target_10.png
33,906,lattice,7,r,img/target_4.png
33,907,lattice,8,o,img/target_9.png
33,908,lattice,9,p,img/target_10.png
33,909,lattice,8,o,img/target_9.png
33,910,lattice,6,b,img/target_6.png
33,911,lattice,8,o,img/target_9.png
33,912,lattice,7,r,img/target_4.png
33,913,lattice,5,u,img/target_7.png
33,914,lattice,4,q,img/target_1.png
33,915,lattice,2,v,img/target_5.png
33,916,lattice,0,i,img/target_8.png
33,917,lattice,9,p,img/target_10.png
33,918,lattice,7,r,img/target_4.png
33,919,lattice,5,u,img/target_7.png
33,920,lattice,4,q,img/target_1.png
33,921,lattice,2,v,img/target_5.png
33,922,lattice,0,i,img/target_8.png
33,923,lattice,1,w,img/target_2.png
33,924,lattice,2,v,img/target_5.png
33,925,lattice,4,q,img/target_1.png
33,926,lattice,3,e,img/target_3.png
33,927,lattice,1,w,img/target_2.png
33,928,lattice,2,v,img/target_5.png
33,929,lattice,4,q,img/target_1.png
33,930,lattice,3,e,img/target_3.png
33,931,lattice,4,q,img/target_1.png
33,932,lattice,2,v,img/target_5.png
33,933,lattice,3,e,img/target_3.png
33,934,lattice,1,w,img/target_2.png
33,935,lattice,2,v,img/target_5.png
33,936,lattice,1,w,img/target_2.png
33,937,lattice,0,i,img/target_8.png
33,938,lattice,9,p,img/target_10.png
33,939,lattice,8,o,img/target_9.png
33,940,lattice,9,p,img/target_10.png
33,941,lattice,1,w,img/target_2.png
33,942,lattice,9,p,img/target_10.png
33,943,lattice,8,o,img/target_9.png
33,944,lattice,0,i,img/target_8.png
33,945,lattice,1,w,img/target_2.png
33,946,lattice,3,e,img/target_3.png
33,947,lattice,2,v,img/target_5.png
33,948,lattice,1,w,img/target_2.png
33,949,lattice,0,i,img/target_8.png
33,950,lattice,8,o,img/target_9.png
33,951,lattice,9,p,img/target_10.png
33,952,lattice,8,o,img/target_9.png
33,953,lattice,7,r,img/target_4.png
33,954,lattice,6,b,img/target_6.png
33,955,lattice,5,u,img/target_7.png
33,956,lattice,7,r,img/target_4.png
33,957,lattice,8,o,img/target_9.png
33,958,lattice,7,r,img/target_4.png
33,959,lattice,9,p,img/target_10.png
33,960,lattice,8,o,img/target_9.png
33,961,lattice,9,p,img/target_10.png
33,962,lattice,0,i,img/target_8.png
33,963,lattice,8,o,img/target_9.png
33,964,lattice,7,r,img/target_4.png
33,965,lattice,8,o,img/target_9.png
33,966,lattice,0,i,img/target_8.png
33,967,lattice,1,w,img/target_2.png
33,968,lattice,9,p,img/target_10.png
33,969,lattice,8,o,img/target_9.png
33,970,lattice,7,r,img/target_4.png
33,971,lattice,6,b,img/target_6.png
33,972,lattice,5,u,img/target_7.png
33,973,lattice,7,r,img/target_4.png
33,974,lattice,6,b,img/target_6.png
33,975,lattice,4,q,img/target_1.png
33,976,lattice,5,u,img/target_7.png
33,977,lattice,4,q,img/target_1.png
33,978,lattice,5,u,img/target_7.png
33,979,lattice,6,b,img/target_6.png
33,980,lattice,5,u,img/target_7.png
33,981,lattice,7,r,img/target_4.png
33,982,lattice,5,u,img/target_7.png
33,983,lattice,7,r,img/target_4.png
33,984,lattice,9,p,img/target_10.png
33,985,lattice,8,o,img/target_9.png
33,986,lattice,7,r,img/target_4.png
33,987,lattice,5,u,img/target_7.png
33,988,lattice,6,b,img/target_6.png
33,989,lattice,7,r,img/target_4.png
33,990,lattice,8,o,img/target_9.png
33,991,lattice,0,i,img/target_8.png
33,992,lattice,2,v,img/target_5.png
33,993,lattice,3,e,img/target_3.png
33,994,lattice,2,v,img/target_5.png
33,995,lattice,3,e,img/target_3.png
33,996,lattice,4,q,img/target_1.png
33,997,lattice,3,e,img/target_3.png
33,998,lattice,5,u,img/target_7.png
33,999,lattice,6,b,img/target_6.png
33,1000,lattice,5,u,img/target_7.png
