pID,sess,trialNum,graph,walk,resp,path
5,3,1,lattice,8,v,img/target_5.png
5,3,2,lattice,0,q,img/target_1.png
5,3,3,lattice,1,r,img/target_4.png
5,3,4,lattice,2,b,img/target_6.png
5,3,5,lattice,3,i,img/target_8.png
5,3,6,lattice,4,w,img/target_2.png
5,3,7,lattice,2,b,img/target_6.png
5,3,8,lattice,4,w,img/target_2.png
5,3,9,lattice,3,i,img/target_8.png
5,3,10,lattice,5,p,img/target_10.png
5,3,11,lattice,6,e,img/target_3.png
5,3,12,lattice,7,u,img/target_7.png
5,3,13,lattice,9,o,img/target_9.png
5,3,14,lattice,0,q,img/target_1.png
5,3,15,lattice,1,r,img/target_4.png
5,3,16,lattice,2,b,img/target_6.png
5,3,17,lattice,3,i,img/target_8.png
5,3,18,lattice,2,b,img/target_6.png
5,3,19,lattice,0,q,img/target_1.png
5,3,20,lattice,1,r,img/target_4.png
5,3,21,lattice,3,i,img/target_8.png
5,3,22,lattice,4,w,img/target_2.png
5,3,23,lattice,2,b,img/target_6.png
5,3,24,lattice,0,q,img/target_1.png
5,3,25,lattice,9,o,img/target_9.png
5,3,26,lattice,0,q,img/target_1.png
5,3,27,lattice,9,o,img/target_9.png
5,3,28,lattice,1,r,img/target_4.png
5,3,29,lattice,9,o,img/target_9.png
5,3,30,lattice,0,q,img/target_1.png
5,3,31,lattice,9,o,img/target_9.png
5,3,32,lattice,1,r,img/target_4.png
5,3,33,lattice,9,o,img/target_9.png
5,3,34,lattice,0,q,img/target_1.png
5,3,35,lattice,9,o,img/target_9.png
5,3,36,lattice,7,u,img/target_7.png
5,3,37,lattice,8,v,img/target_5.png
5,3,38,lattice,7,u,img/target_7.png
5,3,39,lattice,8,v,img/target_5.png
5,3,40,lattice,6,e,img/target_3.png
5,3,41,lattice,5,p,img/target_10.png
5,3,42,lattice,6,e,img/target_3.png
5,3,43,lattice,5,p,img/target_10.png
5,3,44,lattice,6,e,img/target_3.png
5,3,45,lattice,8,v,img/target_5.png
5,3,46,lattice,9,o,img/target_9.png
5,3,47,lattice,8,v,img/target_5.png
5,3,48,lattice,7,u,img/target_7.png
5,3,49,lattice,5,p,img/target_10.png
5,3,50,lattice,4,w,img/target_2.png
5,3,51,lattice,2,b,img/target_6.png
5,3,52,lattice,0,q,img/target_1.png
5,3,53,lattice,2,b,img/target_6.png
5,3,54,lattice,1,r,img/target_4.png
5,3,55,lattice,3,i,img/target_8.png
5,3,56,lattice,4,w,img/target_2.png
5,3,57,lattice,6,e,img/target_3.png
5,3,58,lattice,5,p,img/target_10.png
5,3,59,lattice,7,u,img/target_7.png
5,3,60,lattice,8,v,img/target_5.png
5,3,61,lattice,6,e,img/target_3.png
5,3,62,lattice,7,u,img/target_7.png
5,3,63,lattice,5,p,img/target_10.png
5,3,64,lattice,7,u,img/target_7.png
5,3,65,lattice,9,o,img/target_9.png
5,3,66,lattice,7,u,img/target_7.png
5,3,67,lattice,8,v,img/target_5.png
5,3,68,lattice,9,o,img/target_9.png
5,3,69,lattice,0,q,img/target_1.png
5,3,70,lattice,2,b,img/target_6.png
5,3,71,lattice,0,q,img/target_1.png
5,3,72,lattice,8,v,img/target_5.png
5,3,73,lattice,6,e,img/target_3.png
5,3,74,lattice,5,p,img/target_10.png
5,3,75,lattice,6,e,img/target_3.png
5,3,76,lattice,5,p,img/target_10.png
5,3,77,lattice,6,e,img/target_3.png
5,3,78,lattice,5,p,img/target_10.png
5,3,79,lattice,4,w,img/target_2.png
5,3,80,lattice,3,i,img/target_8.png
5,3,81,lattice,5,p,img/target_10.png
5,3,82,lattice,7,u,img/target_7.png
5,3,83,lattice,9,o,img/target_9.png
5,3,84,lattice,0,q,img/target_1.png
5,3,85,lattice,1,r,img/target_4.png
5,3,86,lattice,2,b,img/target_6.png
5,3,87,lattice,4,w,img/target_2.png
5,3,88,lattice,5,p,img/target_10.png
5,3,89,lattice,6,e,img/target_3.png
5,3,90,lattice,4,w,img/target_2.png
5,3,91,lattice,5,p,img/target_10.png
5,3,92,lattice,6,e,img/target_3.png
5,3,93,lattice,4,w,img/target_2.png
5,3,94,lattice,6,e,img/target_3.png
5,3,95,lattice,5,p,img/target_10.png
5,3,96,lattice,7,u,img/target_7.png
5,3,97,lattice,8,v,img/target_5.png
5,3,98,lattice,7,u,img/target_7.png
5,3,99,lattice,9,o,img/target_9.png
5,3,100,lattice,8,v,img/target_5.png
5,3,101,lattice,7,u,img/target_7.png
5,3,102,lattice,8,v,img/target_5.png
5,3,103,lattice,9,o,img/target_9.png
5,3,104,lattice,8,v,img/target_5.png
5,3,105,lattice,9,o,img/target_9.png
5,3,106,lattice,7,u,img/target_7.png
5,3,107,lattice,8,v,img/target_5.png
5,3,108,lattice,6,e,img/target_3.png
5,3,109,lattice,8,v,img/target_5.png
5,3,110,lattice,6,e,img/target_3.png
5,3,111,lattice,7,u,img/target_7.png
5,3,112,lattice,8,v,img/target_5.png
5,3,113,lattice,0,q,img/target_1.png
5,3,114,lattice,9,o,img/target_9.png
5,3,115,lattice,0,q,img/target_1.png
5,3,116,lattice,1,r,img/target_4.png
5,3,117,lattice,3,i,img/target_8.png
5,3,118,lattice,4,w,img/target_2.png
5,3,119,lattice,2,b,img/target_6.png
5,3,120,lattice,4,w,img/target_2.png
5,3,121,lattice,2,b,img/target_6.png
5,3,122,lattice,3,i,img/target_8.png
5,3,123,lattice,5,p,img/target_10.png
5,3,124,lattice,3,i,img/target_8.png
5,3,125,lattice,5,p,img/target_10.png
5,3,126,lattice,3,i,img/target_8.png
5,3,127,lattice,5,p,img/target_10.png
5,3,128,lattice,4,w,img/target_2.png
5,3,129,lattice,3,i,img/target_8.png
5,3,130,lattice,4,w,img/target_2.png
5,3,131,lattice,6,e,img/target_3.png
5,3,132,lattice,4,w,img/target_2.png
5,3,133,lattice,6,e,img/target_3.png
5,3,134,lattice,7,u,img/target_7.png
5,3,135,lattice,5,p,img/target_10.png
5,3,136,lattice,6,e,img/target_3.png
5,3,137,lattice,8,v,img/target_5.png
5,3,138,lattice,0,q,img/target_1.png
5,3,139,lattice,9,o,img/target_9.png
5,3,140,lattice,8,v,img/target_5.png
5,3,141,lattice,7,u,img/target_7.png
5,3,142,lattice,8,v,img/target_5.png
5,3,143,lattice,0,q,img/target_1.png
5,3,144,lattice,1,r,img/target_4.png
5,3,145,lattice,9,o,img/target_9.png
5,3,146,lattice,7,u,img/target_7.png
5,3,147,lattice,5,p,img/target_10.png
5,3,148,lattice,6,e,img/target_3.png
5,3,149,lattice,4,w,img/target_2.png
5,3,150,lattice,2,b,img/target_6.png
5,3,151,lattice,1,r,img/target_4.png
5,3,152,lattice,2,b,img/target_6.png
5,3,153,lattice,0,q,img/target_1.png
5,3,154,lattice,1,r,img/target_4.png
5,3,155,lattice,2,b,img/target_6.png
5,3,156,lattice,1,r,img/target_4.png
5,3,157,lattice,3,i,img/target_8.png
5,3,158,lattice,5,p,img/target_10.png
5,3,159,lattice,7,u,img/target_7.png
5,3,160,lattice,5,p,img/target_10.png
5,3,161,lattice,6,e,img/target_3.png
5,3,162,lattice,4,w,img/target_2.png
5,3,163,lattice,6,e,img/target_3.png
5,3,164,lattice,4,w,img/target_2.png
5,3,165,lattice,2,b,img/target_6.png
5,3,166,lattice,4,w,img/target_2.png
5,3,167,lattice,6,e,img/target_3.png
5,3,168,lattice,5,p,img/target_10.png
5,3,169,lattice,6,e,img/target_3.png
5,3,170,lattice,4,w,img/target_2.png
5,3,171,lattice,5,p,img/target_10.png
5,3,172,lattice,6,e,img/target_3.png
5,3,173,lattice,4,w,img/target_2.png
5,3,174,lattice,6,e,img/target_3.png
5,3,175,lattice,7,u,img/target_7.png
5,3,176,lattice,6,e,img/target_3.png
5,3,177,lattice,5,p,img/target_10.png
5,3,178,lattice,7,u,img/target_7.png
5,3,179,lattice,9,o,img/target_9.png
5,3,180,lattice,8,v,img/target_5.png
5,3,181,lattice,6,e,img/target_3.png
5,3,182,lattice,7,u,img/target_7.png
5,3,183,lattice,8,v,img/target_5.png
5,3,184,lattice,7,u,img/target_7.png
5,3,185,lattice,5,p,img/target_10.png
5,3,186,lattice,3,i,img/target_8.png
5,3,187,lattice,1,r,img/target_4.png
5,3,188,lattice,2,b,img/target_6.png
5,3,189,lattice,4,w,img/target_2.png
5,3,190,lattice,3,i,img/target_8.png
5,3,191,lattice,2,b,img/target_6.png
5,3,192,lattice,1,r,img/target_4.png
5,3,193,lattice,9,o,img/target_9.png
5,3,194,lattice,0,q,img/target_1.png
5,3,195,lattice,1,r,img/target_4.png
5,3,196,lattice,2,b,img/target_6.png
5,3,197,lattice,0,q,img/target_1.png
5,3,198,lattice,9,o,img/target_9.png
5,3,199,lattice,8,v,img/target_5.png
5,3,200,lattice,9,o,img/target_9.png
5,3,201,lattice,7,u,img/target_7.png
5,3,202,lattice,8,v,img/target_5.png
5,3,203,lattice,0,q,img/target_1.png
5,3,204,lattice,9,o,img/target_9.png
5,3,205,lattice,0,q,img/target_1.png
5,3,206,lattice,1,r,img/target_4.png
5,3,207,lattice,2,b,img/target_6.png
5,3,208,lattice,1,r,img/target_4.png
5,3,209,lattice,0,q,img/target_1.png
5,3,210,lattice,9,o,img/target_9.png
5,3,211,lattice,7,u,img/target_7.png
5,3,212,lattice,9,o,img/target_9.png
5,3,213,lattice,8,v,img/target_5.png
5,3,214,lattice,9,o,img/target_9.png
5,3,215,lattice,0,q,img/target_1.png
5,3,216,lattice,1,r,img/target_4.png
5,3,217,lattice,0,q,img/target_1.png
5,3,218,lattice,2,b,img/target_6.png
5,3,219,lattice,4,w,img/target_2.png
5,3,220,lattice,5,p,img/target_10.png
5,3,221,lattice,6,e,img/target_3.png
5,3,222,lattice,4,w,img/target_2.png
5,3,223,lattice,2,b,img/target_6.png
5,3,224,lattice,4,w,img/target_2.png
5,3,225,lattice,5,p,img/target_10.png
5,3,226,lattice,7,u,img/target_7.png
5,3,227,lattice,5,p,img/target_10.png
5,3,228,lattice,3,i,img/target_8.png
5,3,229,lattice,4,w,img/target_2.png
5,3,230,lattice,6,e,img/target_3.png
5,3,231,lattice,8,v,img/target_5.png
5,3,232,lattice,9,o,img/target_9.png
5,3,233,lattice,1,r,img/target_4.png
5,3,234,lattice,9,o,img/target_9.png
5,3,235,lattice,8,v,img/target_5.png
5,3,236,lattice,7,u,img/target_7.png
5,3,237,lattice,9,o,img/target_9.png
5,3,238,lattice,7,u,img/target_7.png
5,3,239,lattice,9,o,img/target_9.png
5,3,240,lattice,0,q,img/target_1.png
5,3,241,lattice,2,b,img/target_6.png
5,3,242,lattice,3,i,img/target_8.png
5,3,243,lattice,2,b,img/target_6.png
5,3,244,lattice,4,w,img/target_2.png
5,3,245,lattice,6,e,img/target_3.png
5,3,246,lattice,5,p,img/target_10.png
5,3,247,lattice,4,w,img/target_2.png
5,3,248,lattice,3,i,img/target_8.png
5,3,249,lattice,1,r,img/target_4.png
5,3,250,lattice,2,b,img/target_6.png
5,3,251,lattice,4,w,img/target_2.png
5,3,252,lattice,6,e,img/target_3.png
5,3,253,lattice,8,v,img/target_5.png
5,3,254,lattice,9,o,img/target_9.png
5,3,255,lattice,0,q,img/target_1.png
5,3,256,lattice,8,v,img/target_5.png
5,3,257,lattice,9,o,img/target_9.png
5,3,258,lattice,8,v,img/target_5.png
5,3,259,lattice,9,o,img/target_9.png
5,3,260,lattice,7,u,img/target_7.png
5,3,261,lattice,6,e,img/target_3.png
5,3,262,lattice,4,w,img/target_2.png
5,3,263,lattice,3,i,img/target_8.png
5,3,264,lattice,1,r,img/target_4.png
5,3,265,lattice,0,q,img/target_1.png
5,3,266,lattice,9,o,img/target_9.png
5,3,267,lattice,7,u,img/target_7.png
5,3,268,lattice,5,p,img/target_10.png
5,3,269,lattice,6,e,img/target_3.png
5,3,270,lattice,7,u,img/target_7.png
5,3,271,lattice,5,p,img/target_10.png
5,3,272,lattice,3,i,img/target_8.png
5,3,273,lattice,5,p,img/target_10.png
5,3,274,lattice,7,u,img/target_7.png
5,3,275,lattice,5,p,img/target_10.png
5,3,276,lattice,3,i,img/target_8.png
5,3,277,lattice,5,p,img/target_10.png
5,3,278,lattice,4,w,img/target_2.png
5,3,279,lattice,3,i,img/target_8.png
5,3,280,lattice,2,b,img/target_6.png
5,3,281,lattice,3,i,img/target_8.png
5,3,282,lattice,4,w,img/target_2.png
5,3,283,lattice,6,e,img/target_3.png
5,3,284,lattice,5,p,img/target_10.png
5,3,285,lattice,3,i,img/target_8.png
5,3,286,lattice,4,w,img/target_2.png
5,3,287,lattice,3,i,img/target_8.png
5,3,288,lattice,2,b,img/target_6.png
5,3,289,lattice,1,r,img/target_4.png
5,3,290,lattice,3,i,img/target_8.png
5,3,291,lattice,2,b,img/target_6.png
5,3,292,lattice,4,w,img/target_2.png
5,3,293,lattice,3,i,img/target_8.png
5,3,294,lattice,1,r,img/target_4.png
5,3,295,lattice,2,b,img/target_6.png
5,3,296,lattice,4,w,img/target_2.png
5,3,297,lattice,6,e,img/target_3.png
5,3,298,lattice,4,w,img/target_2.png
5,3,299,lattice,2,b,img/target_6.png
5,3,300,lattice,4,w,img/target_2.png
5,3,301,lattice,5,p,img/target_10.png
5,3,302,lattice,6,e,img/target_3.png
5,3,303,lattice,7,u,img/target_7.png
5,3,304,lattice,6,e,img/target_3.png
5,3,305,lattice,7,u,img/target_7.png
5,3,306,lattice,9,o,img/target_9.png
5,3,307,lattice,8,v,img/target_5.png
5,3,308,lattice,7,u,img/target_7.png
5,3,309,lattice,9,o,img/target_9.png
5,3,310,lattice,1,r,img/target_4.png
5,3,311,lattice,9,o,img/target_9.png
5,3,312,lattice,7,u,img/target_7.png
5,3,313,lattice,6,e,img/target_3.png
5,3,314,lattice,7,u,img/target_7.png
5,3,315,lattice,5,p,img/target_10.png
5,3,316,lattice,3,i,img/target_8.png
5,3,317,lattice,4,w,img/target_2.png
5,3,318,lattice,2,b,img/target_6.png
5,3,319,lattice,4,w,img/target_2.png
5,3,320,lattice,3,i,img/target_8.png
5,3,321,lattice,2,b,img/target_6.png
5,3,322,lattice,4,w,img/target_2.png
5,3,323,lattice,5,p,img/target_10.png
5,3,324,lattice,3,i,img/target_8.png
5,3,325,lattice,2,b,img/target_6.png
5,3,326,lattice,4,w,img/target_2.png
5,3,327,lattice,5,p,img/target_10.png
5,3,328,lattice,3,i,img/target_8.png
5,3,329,lattice,2,b,img/target_6.png
5,3,330,lattice,4,w,img/target_2.png
5,3,331,lattice,2,b,img/target_6.png
5,3,332,lattice,1,r,img/target_4.png
5,3,333,lattice,0,q,img/target_1.png
5,3,334,lattice,2,b,img/target_6.png
5,3,335,lattice,4,w,img/target_2.png
5,3,336,lattice,2,b,img/target_6.png
5,3,337,lattice,3,i,img/target_8.png
5,3,338,lattice,5,p,img/target_10.png
5,3,339,lattice,4,w,img/target_2.png
5,3,340,lattice,6,e,img/target_3.png
5,3,341,lattice,5,p,img/target_10.png
5,3,342,lattice,6,e,img/target_3.png
5,3,343,lattice,4,w,img/target_2.png
5,3,344,lattice,2,b,img/target_6.png
5,3,345,lattice,3,i,img/target_8.png
5,3,346,lattice,5,p,img/target_10.png
5,3,347,lattice,7,u,img/target_7.png
5,3,348,lattice,6,e,img/target_3.png
5,3,349,lattice,8,v,img/target_5.png
5,3,350,lattice,6,e,img/target_3.png
5,3,351,lattice,5,p,img/target_10.png
5,3,352,lattice,4,w,img/target_2.png
5,3,353,lattice,5,p,img/target_10.png
5,3,354,lattice,3,i,img/target_8.png
5,3,355,lattice,1,r,img/target_4.png
5,3,356,lattice,3,i,img/target_8.png
5,3,357,lattice,5,p,img/target_10.png
5,3,358,lattice,7,u,img/target_7.png
5,3,359,lattice,6,e,img/target_3.png
5,3,360,lattice,4,w,img/target_2.png
5,3,361,lattice,5,p,img/target_10.png
5,3,362,lattice,6,e,img/target_3.png
5,3,363,lattice,5,p,img/target_10.png
5,3,364,lattice,4,w,img/target_2.png
5,3,365,lattice,2,b,img/target_6.png
5,3,366,lattice,0,q,img/target_1.png
5,3,367,lattice,9,o,img/target_9.png
5,3,368,lattice,7,u,img/target_7.png
5,3,369,lattice,8,v,img/target_5.png
5,3,370,lattice,0,q,img/target_1.png
5,3,371,lattice,9,o,img/target_9.png
5,3,372,lattice,7,u,img/target_7.png
5,3,373,lattice,8,v,img/target_5.png
5,3,374,lattice,7,u,img/target_7.png
5,3,375,lattice,5,p,img/target_10.png
5,3,376,lattice,6,e,img/target_3.png
5,3,377,lattice,8,v,img/target_5.png
5,3,378,lattice,7,u,img/target_7.png
5,3,379,lattice,9,o,img/target_9.png
5,3,380,lattice,0,q,img/target_1.png
5,3,381,lattice,2,b,img/target_6.png
5,3,382,lattice,3,i,img/target_8.png
5,3,383,lattice,5,p,img/target_10.png
5,3,384,lattice,6,e,img/target_3.png
5,3,385,lattice,5,p,img/target_10.png
5,3,386,lattice,4,w,img/target_2.png
5,3,387,lattice,3,i,img/target_8.png
5,3,388,lattice,2,b,img/target_6.png
5,3,389,lattice,4,w,img/target_2.png
5,3,390,lattice,3,i,img/target_8.png
5,3,391,lattice,4,w,img/target_2.png
5,3,392,lattice,5,p,img/target_10.png
5,3,393,lattice,7,u,img/target_7.png
5,3,394,lattice,9,o,img/target_9.png
5,3,395,lattice,8,v,img/target_5.png
5,3,396,lattice,9,o,img/target_9.png
5,3,397,lattice,0,q,img/target_1.png
5,3,398,lattice,2,b,img/target_6.png
5,3,399,lattice,1,r,img/target_4.png
5,3,400,lattice,2,b,img/target_6.png
5,3,401,lattice,1,r,img/target_4.png
5,3,402,lattice,3,i,img/target_8.png
5,3,403,lattice,1,r,img/target_4.png
5,3,404,lattice,0,q,img/target_1.png
5,3,405,lattice,2,b,img/target_6.png
5,3,406,lattice,1,r,img/target_4.png
5,3,407,lattice,3,i,img/target_8.png
5,3,408,lattice,2,b,img/target_6.png
5,3,409,lattice,1,r,img/target_4.png
5,3,410,lattice,2,b,img/target_6.png
5,3,411,lattice,1,r,img/target_4.png
5,3,412,lattice,9,o,img/target_9.png
5,3,413,lattice,8,v,img/target_5.png
5,3,414,lattice,6,e,img/target_3.png
5,3,415,lattice,4,w,img/target_2.png
5,3,416,lattice,2,b,img/target_6.png
5,3,417,lattice,1,r,img/target_4.png
5,3,418,lattice,9,o,img/target_9.png
5,3,419,lattice,8,v,img/target_5.png
5,3,420,lattice,9,o,img/target_9.png
5,3,421,lattice,7,u,img/target_7.png
5,3,422,lattice,8,v,img/target_5.png
5,3,423,lattice,6,e,img/target_3.png
5,3,424,lattice,8,v,img/target_5.png
5,3,425,lattice,0,q,img/target_1.png
5,3,426,lattice,1,r,img/target_4.png
5,3,427,lattice,2,b,img/target_6.png
5,3,428,lattice,3,i,img/target_8.png
5,3,429,lattice,2,b,img/target_6.png
5,3,430,lattice,3,i,img/target_8.png
5,3,431,lattice,1,r,img/target_4.png
5,3,432,lattice,0,q,img/target_1.png
5,3,433,lattice,9,o,img/target_9.png
5,3,434,lattice,7,u,img/target_7.png
5,3,435,lattice,8,v,img/target_5.png
5,3,436,lattice,7,u,img/target_7.png
5,3,437,lattice,6,e,img/target_3.png
5,3,438,lattice,5,p,img/target_10.png
5,3,439,lattice,6,e,img/target_3.png
5,3,440,lattice,5,p,img/target_10.png
5,3,441,lattice,6,e,img/target_3.png
5,3,442,lattice,7,u,img/target_7.png
5,3,443,lattice,9,o,img/target_9.png
5,3,444,lattice,7,u,img/target_7.png
5,3,445,lattice,6,e,img/target_3.png
5,3,446,lattice,7,u,img/target_7.png
5,3,447,lattice,6,e,img/target_3.png
5,3,448,lattice,5,p,img/target_10.png
5,3,449,lattice,3,i,img/target_8.png
5,3,450,lattice,2,b,img/target_6.png
5,3,451,lattice,3,i,img/target_8.png
5,3,452,lattice,1,r,img/target_4.png
5,3,453,lattice,9,o,img/target_9.png
5,3,454,lattice,0,q,img/target_1.png
5,3,455,lattice,9,o,img/target_9.png
5,3,456,lattice,1,r,img/target_4.png
5,3,457,lattice,9,o,img/target_9.png
5,3,458,lattice,8,v,img/target_5.png
5,3,459,lattice,0,q,img/target_1.png
5,3,460,lattice,1,r,img/target_4.png
5,3,461,lattice,3,i,img/target_8.png
5,3,462,lattice,5,p,img/target_10.png
5,3,463,lattice,7,u,img/target_7.png
5,3,464,lattice,8,v,img/target_5.png
5,3,465,lattice,6,e,img/target_3.png
5,3,466,lattice,5,p,img/target_10.png
5,3,467,lattice,4,w,img/target_2.png
5,3,468,lattice,5,p,img/target_10.png
5,3,469,lattice,7,u,img/target_7.png
5,3,470,lattice,8,v,img/target_5.png
5,3,471,lattice,7,u,img/target_7.png
5,3,472,lattice,9,o,img/target_9.png
5,3,473,lattice,7,u,img/target_7.png
5,3,474,lattice,6,e,img/target_3.png
5,3,475,lattice,5,p,img/target_10.png
5,3,476,lattice,4,w,img/target_2.png
5,3,477,lattice,2,b,img/target_6.png
5,3,478,lattice,0,q,img/target_1.png
5,3,479,lattice,8,v,img/target_5.png
5,3,480,lattice,9,o,img/target_9.png
5,3,481,lattice,8,v,img/target_5.png
5,3,482,lattice,6,e,img/target_3.png
5,3,483,lattice,7,u,img/target_7.png
5,3,484,lattice,9,o,img/target_9.png
5,3,485,lattice,0,q,img/target_1.png
5,3,486,lattice,9,o,img/target_9.png
5,3,487,lattice,8,v,img/target_5.png
5,3,488,lattice,0,q,img/target_1.png
5,3,489,lattice,9,o,img/target_9.png
5,3,490,lattice,7,u,img/target_7.png
5,3,491,lattice,6,e,img/target_3.png
5,3,492,lattice,8,v,img/target_5.png
5,3,493,lattice,0,q,img/target_1.png
5,3,494,lattice,1,r,img/target_4.png
5,3,495,lattice,3,i,img/target_8.png
5,3,496,lattice,4,w,img/target_2.png
5,3,497,lattice,5,p,img/target_10.png
5,3,498,lattice,3,i,img/target_8.png
5,3,499,lattice,1,r,img/target_4.png
5,3,500,lattice,9,o,img/target_9.png
5,3,501,lattice,8,v,img/target_5.png
5,3,502,lattice,6,e,img/target_3.png
5,3,503,lattice,7,u,img/target_7.png
5,3,504,lattice,8,v,img/target_5.png
5,3,505,lattice,7,u,img/target_7.png
5,3,506,lattice,8,v,img/target_5.png
5,3,507,lattice,0,q,img/target_1.png
5,3,508,lattice,2,b,img/target_6.png
5,3,509,lattice,0,q,img/target_1.png
5,3,510,lattice,9,o,img/target_9.png
5,3,511,lattice,0,q,img/target_1.png
5,3,512,lattice,9,o,img/target_9.png
5,3,513,lattice,8,v,img/target_5.png
5,3,514,lattice,0,q,img/target_1.png
5,3,515,lattice,8,v,img/target_5.png
5,3,516,lattice,0,q,img/target_1.png
5,3,517,lattice,8,v,img/target_5.png
5,3,518,lattice,7,u,img/target_7.png
5,3,519,lattice,5,p,img/target_10.png
5,3,520,lattice,4,w,img/target_2.png
5,3,521,lattice,6,e,img/target_3.png
5,3,522,lattice,8,v,img/target_5.png
5,3,523,lattice,9,o,img/target_9.png
5,3,524,lattice,7,u,img/target_7.png
5,3,525,lattice,5,p,img/target_10.png
5,3,526,lattice,6,e,img/target_3.png
5,3,527,lattice,4,w,img/target_2.png
5,3,528,lattice,2,b,img/target_6.png
5,3,529,lattice,4,w,img/target_2.png
5,3,530,lattice,5,p,img/target_10.png
5,3,531,lattice,3,i,img/target_8.png
5,3,532,lattice,4,w,img/target_2.png
5,3,533,lattice,6,e,img/target_3.png
5,3,534,lattice,4,w,img/target_2.png
5,3,535,lattice,2,b,img/target_6.png
5,3,536,lattice,1,r,img/target_4.png
5,3,537,lattice,3,i,img/target_8.png
5,3,538,lattice,2,b,img/target_6.png
5,3,539,lattice,1,r,img/target_4.png
5,3,540,lattice,0,q,img/target_1.png
5,3,541,lattice,1,r,img/target_4.png
5,3,542,lattice,0,q,img/target_1.png
5,3,543,lattice,1,r,img/target_4.png
5,3,544,lattice,3,i,img/target_8.png
5,3,545,lattice,5,p,img/target_10.png
5,3,546,lattice,4,w,img/target_2.png
5,3,547,lattice,2,b,img/target_6.png
5,3,548,lattice,0,q,img/target_1.png
5,3,549,lattice,2,b,img/target_6.png
5,3,550,lattice,1,r,img/target_4.png
5,3,551,lattice,3,i,img/target_8.png
5,3,552,lattice,5,p,img/target_10.png
5,3,553,lattice,7,u,img/target_7.png
5,3,554,lattice,6,e,img/target_3.png
5,3,555,lattice,4,w,img/target_2.png
5,3,556,lattice,5,p,img/target_10.png
5,3,557,lattice,6,e,img/target_3.png
5,3,558,lattice,7,u,img/target_7.png
5,3,559,lattice,8,v,img/target_5.png
5,3,560,lattice,0,q,img/target_1.png
5,3,561,lattice,9,o,img/target_9.png
5,3,562,lattice,1,r,img/target_4.png
5,3,563,lattice,3,i,img/target_8.png
5,3,564,lattice,4,w,img/target_2.png
5,3,565,lattice,6,e,img/target_3.png
5,3,566,lattice,4,w,img/target_2.png
5,3,567,lattice,3,i,img/target_8.png
5,3,568,lattice,4,w,img/target_2.png
5,3,569,lattice,2,b,img/target_6.png
5,3,570,lattice,3,i,img/target_8.png
5,3,571,lattice,5,p,img/target_10.png
5,3,572,lattice,3,i,img/target_8.png
5,3,573,lattice,5,p,img/target_10.png
5,3,574,lattice,3,i,img/target_8.png
5,3,575,lattice,5,p,img/target_10.png
5,3,576,lattice,4,w,img/target_2.png
5,3,577,lattice,2,b,img/target_6.png
5,3,578,lattice,1,r,img/target_4.png
5,3,579,lattice,2,b,img/target_6.png
5,3,580,lattice,1,r,img/target_4.png
5,3,581,lattice,3,i,img/target_8.png
5,3,582,lattice,5,p,img/target_10.png
5,3,583,lattice,3,i,img/target_8.png
5,3,584,lattice,4,w,img/target_2.png
5,3,585,lattice,5,p,img/target_10.png
5,3,586,lattice,7,u,img/target_7.png
5,3,587,lattice,8,v,img/target_5.png
5,3,588,lattice,9,o,img/target_9.png
5,3,589,lattice,1,r,img/target_4.png
5,3,590,lattice,3,i,img/target_8.png
5,3,591,lattice,1,r,img/target_4.png
5,3,592,lattice,0,q,img/target_1.png
5,3,593,lattice,2,b,img/target_6.png
5,3,594,lattice,0,q,img/target_1.png
5,3,595,lattice,1,r,img/target_4.png
5,3,596,lattice,3,i,img/target_8.png
5,3,597,lattice,4,w,img/target_2.png
5,3,598,lattice,2,b,img/target_6.png
5,3,599,lattice,0,q,img/target_1.png
5,3,600,lattice,1,r,img/target_4.png
5,3,601,lattice,3,i,img/target_8.png
5,3,602,lattice,5,p,img/target_10.png
5,3,603,lattice,7,u,img/target_7.png
5,3,604,lattice,9,o,img/target_9.png
5,3,605,lattice,8,v,img/target_5.png
5,3,606,lattice,7,u,img/target_7.png
5,3,607,lattice,8,v,img/target_5.png
5,3,608,lattice,0,q,img/target_1.png
5,3,609,lattice,9,o,img/target_9.png
5,3,610,lattice,0,q,img/target_1.png
5,3,611,lattice,8,v,img/target_5.png
5,3,612,lattice,9,o,img/target_9.png
5,3,613,lattice,8,v,img/target_5.png
5,3,614,lattice,9,o,img/target_9.png
5,3,615,lattice,8,v,img/target_5.png
5,3,616,lattice,6,e,img/target_3.png
5,3,617,lattice,8,v,img/target_5.png
5,3,618,lattice,0,q,img/target_1.png
5,3,619,lattice,2,b,img/target_6.png
5,3,620,lattice,1,r,img/target_4.png
5,3,621,lattice,9,o,img/target_9.png
5,3,622,lattice,1,r,img/target_4.png
5,3,623,lattice,0,q,img/target_1.png
5,3,624,lattice,9,o,img/target_9.png
5,3,625,lattice,8,v,img/target_5.png
5,3,626,lattice,6,e,img/target_3.png
5,3,627,lattice,5,p,img/target_10.png
5,3,628,lattice,3,i,img/target_8.png
5,3,629,lattice,5,p,img/target_10.png
5,3,630,lattice,3,i,img/target_8.png
5,3,631,lattice,5,p,img/target_10.png
5,3,632,lattice,3,i,img/target_8.png
5,3,633,lattice,1,r,img/target_4.png
5,3,634,lattice,9,o,img/target_9.png
5,3,635,lattice,0,q,img/target_1.png
5,3,636,lattice,2,b,img/target_6.png
5,3,637,lattice,4,w,img/target_2.png
5,3,638,lattice,5,p,img/target_10.png
5,3,639,lattice,7,u,img/target_7.png
5,3,640,lattice,6,e,img/target_3.png
5,3,641,lattice,5,p,img/target_10.png
5,3,642,lattice,4,w,img/target_2.png
5,3,643,lattice,5,p,img/target_10.png
5,3,644,lattice,7,u,img/target_7.png
5,3,645,lattice,8,v,img/target_5.png
5,3,646,lattice,7,u,img/target_7.png
5,3,647,lattice,8,v,img/target_5.png
5,3,648,lattice,0,q,img/target_1.png
5,3,649,lattice,1,r,img/target_4.png
5,3,650,lattice,9,o,img/target_9.png
5,3,651,lattice,1,r,img/target_4.png
5,3,652,lattice,2,b,img/target_6.png
5,3,653,lattice,4,w,img/target_2.png
5,3,654,lattice,3,i,img/target_8.png
5,3,655,lattice,5,p,img/target_10.png
5,3,656,lattice,7,u,img/target_7.png
5,3,657,lattice,8,v,img/target_5.png
5,3,658,lattice,9,o,img/target_9.png
5,3,659,lattice,0,q,img/target_1.png
5,3,660,lattice,9,o,img/target_9.png
5,3,661,lattice,8,v,img/target_5.png
5,3,662,lattice,9,o,img/target_9.png
5,3,663,lattice,0,q,img/target_1.png
5,3,664,lattice,1,r,img/target_4.png
5,3,665,lattice,3,i,img/target_8.png
5,3,666,lattice,4,w,img/target_2.png
5,3,667,lattice,2,b,img/target_6.png
5,3,668,lattice,3,i,img/target_8.png
5,3,669,lattice,1,r,img/target_4.png
5,3,670,lattice,9,o,img/target_9.png
5,3,671,lattice,1,r,img/target_4.png
5,3,672,lattice,2,b,img/target_6.png
5,3,673,lattice,3,i,img/target_8.png
5,3,674,lattice,4,w,img/target_2.png
5,3,675,lattice,2,b,img/target_6.png
5,3,676,lattice,0,q,img/target_1.png
5,3,677,lattice,2,b,img/target_6.png
5,3,678,lattice,4,w,img/target_2.png
5,3,679,lattice,5,p,img/target_10.png
5,3,680,lattice,4,w,img/target_2.png
5,3,681,lattice,6,e,img/target_3.png
5,3,682,lattice,8,v,img/target_5.png
5,3,683,lattice,0,q,img/target_1.png
5,3,684,lattice,8,v,img/target_5.png
5,3,685,lattice,7,u,img/target_7.png
5,3,686,lattice,8,v,img/target_5.png
5,3,687,lattice,0,q,img/target_1.png
5,3,688,lattice,8,v,img/target_5.png
5,3,689,lattice,9,o,img/target_9.png
5,3,690,lattice,8,v,img/target_5.png
5,3,691,lattice,0,q,img/target_1.png
5,3,692,lattice,1,r,img/target_4.png
5,3,693,lattice,3,i,img/target_8.png
5,3,694,lattice,2,b,img/target_6.png
5,3,695,lattice,4,w,img/target_2.png
5,3,696,lattice,6,e,img/target_3.png
5,3,697,lattice,5,p,img/target_10.png
5,3,698,lattice,4,w,img/target_2.png
5,3,699,lattice,5,p,img/target_10.png
5,3,700,lattice,6,e,img/target_3.png
5,3,701,lattice,8,v,img/target_5.png
5,3,702,lattice,7,u,img/target_7.png
5,3,703,lattice,6,e,img/target_3.png
5,3,704,lattice,7,u,img/target_7.png
5,3,705,lattice,6,e,img/target_3.png
5,3,706,lattice,4,w,img/target_2.png
5,3,707,lattice,2,b,img/target_6.png
5,3,708,lattice,3,i,img/target_8.png
5,3,709,lattice,4,w,img/target_2.png
5,3,710,lattice,2,b,img/target_6.png
5,3,711,lattice,4,w,img/target_2.png
5,3,712,lattice,6,e,img/target_3.png
5,3,713,lattice,7,u,img/target_7.png
5,3,714,lattice,6,e,img/target_3.png
5,3,715,lattice,5,p,img/target_10.png
5,3,716,lattice,6,e,img/target_3.png
5,3,717,lattice,8,v,img/target_5.png
5,3,718,lattice,7,u,img/target_7.png
5,3,719,lattice,5,p,img/target_10.png
5,3,720,lattice,6,e,img/target_3.png
5,3,721,lattice,7,u,img/target_7.png
5,3,722,lattice,6,e,img/target_3.png
5,3,723,lattice,4,w,img/target_2.png
5,3,724,lattice,5,p,img/target_10.png
5,3,725,lattice,3,i,img/target_8.png
5,3,726,lattice,1,r,img/target_4.png
5,3,727,lattice,2,b,img/target_6.png
5,3,728,lattice,1,r,img/target_4.png
5,3,729,lattice,9,o,img/target_9.png
5,3,730,lattice,8,v,img/target_5.png
5,3,731,lattice,9,o,img/target_9.png
5,3,732,lattice,8,v,img/target_5.png
5,3,733,lattice,6,e,img/target_3.png
5,3,734,lattice,7,u,img/target_7.png
5,3,735,lattice,6,e,img/target_3.png
5,3,736,lattice,7,u,img/target_7.png
5,3,737,lattice,6,e,img/target_3.png
5,3,738,lattice,8,v,img/target_5.png
5,3,739,lattice,7,u,img/target_7.png
5,3,740,lattice,9,o,img/target_9.png
5,3,741,lattice,0,q,img/target_1.png
5,3,742,lattice,2,b,img/target_6.png
5,3,743,lattice,0,q,img/target_1.png
5,3,744,lattice,8,v,img/target_5.png
5,3,745,lattice,9,o,img/target_9.png
5,3,746,lattice,8,v,img/target_5.png
5,3,747,lattice,7,u,img/target_7.png
5,3,748,lattice,5,p,img/target_10.png
5,3,749,lattice,4,w,img/target_2.png
5,3,750,lattice,5,p,img/target_10.png
5,3,751,lattice,6,e,img/target_3.png
5,3,752,lattice,4,w,img/target_2.png
5,3,753,lattice,6,e,img/target_3.png
5,3,754,lattice,8,v,img/target_5.png
5,3,755,lattice,6,e,img/target_3.png
5,3,756,lattice,7,u,img/target_7.png
5,3,757,lattice,9,o,img/target_9.png
5,3,758,lattice,0,q,img/target_1.png
5,3,759,lattice,1,r,img/target_4.png
5,3,760,lattice,2,b,img/target_6.png
5,3,761,lattice,0,q,img/target_1.png
5,3,762,lattice,8,v,img/target_5.png
5,3,763,lattice,9,o,img/target_9.png
5,3,764,lattice,8,v,img/target_5.png
5,3,765,lattice,6,e,img/target_3.png
5,3,766,lattice,4,w,img/target_2.png
5,3,767,lattice,6,e,img/target_3.png
5,3,768,lattice,4,w,img/target_2.png
5,3,769,lattice,2,b,img/target_6.png
5,3,770,lattice,4,w,img/target_2.png
5,3,771,lattice,3,i,img/target_8.png
5,3,772,lattice,2,b,img/target_6.png
5,3,773,lattice,3,i,img/target_8.png
5,3,774,lattice,1,r,img/target_4.png
5,3,775,lattice,2,b,img/target_6.png
5,3,776,lattice,4,w,img/target_2.png
5,3,777,lattice,3,i,img/target_8.png
5,3,778,lattice,1,r,img/target_4.png
5,3,779,lattice,2,b,img/target_6.png
5,3,780,lattice,1,r,img/target_4.png
5,3,781,lattice,3,i,img/target_8.png
5,3,782,lattice,2,b,img/target_6.png
5,3,783,lattice,1,r,img/target_4.png
5,3,784,lattice,3,i,img/target_8.png
5,3,785,lattice,1,r,img/target_4.png
5,3,786,lattice,9,o,img/target_9.png
5,3,787,lattice,8,v,img/target_5.png
5,3,788,lattice,6,e,img/target_3.png
5,3,789,lattice,8,v,img/target_5.png
5,3,790,lattice,0,q,img/target_1.png
5,3,791,lattice,9,o,img/target_9.png
5,3,792,lattice,0,q,img/target_1.png
5,3,793,lattice,1,r,img/target_4.png
5,3,794,lattice,0,q,img/target_1.png
5,3,795,lattice,9,o,img/target_9.png
5,3,796,lattice,1,r,img/target_4.png
5,3,797,lattice,0,q,img/target_1.png
5,3,798,lattice,1,r,img/target_4.png
5,3,799,lattice,9,o,img/target_9.png
5,3,800,lattice,1,r,img/target_4.png
5,3,801,lattice,0,q,img/target_1.png
5,3,802,lattice,2,b,img/target_6.png
5,3,803,lattice,0,q,img/target_1.png
5,3,804,lattice,1,r,img/target_4.png
5,3,805,lattice,9,o,img/target_9.png
5,3,806,lattice,7,u,img/target_7.png
5,3,807,lattice,9,o,img/target_9.png
5,3,808,lattice,0,q,img/target_1.png
5,3,809,lattice,9,o,img/target_9.png
5,3,810,lattice,7,u,img/target_7.png
5,3,811,lattice,9,o,img/target_9.png
5,3,812,lattice,1,r,img/target_4.png
5,3,813,lattice,0,q,img/target_1.png
5,3,814,lattice,9,o,img/target_9.png
5,3,815,lattice,0,q,img/target_1.png
5,3,816,lattice,8,v,img/target_5.png
5,3,817,lattice,7,u,img/target_7.png
5,3,818,lattice,6,e,img/target_3.png
5,3,819,lattice,7,u,img/target_7.png
5,3,820,lattice,6,e,img/target_3.png
5,3,821,lattice,4,w,img/target_2.png
5,3,822,lattice,6,e,img/target_3.png
5,3,823,lattice,5,p,img/target_10.png
5,3,824,lattice,6,e,img/target_3.png
5,3,825,lattice,4,w,img/target_2.png
5,3,826,lattice,5,p,img/target_10.png
5,3,827,lattice,7,u,img/target_7.png
5,3,828,lattice,9,o,img/target_9.png
5,3,829,lattice,7,u,img/target_7.png
5,3,830,lattice,6,e,img/target_3.png
5,3,831,lattice,5,p,img/target_10.png
5,3,832,lattice,6,e,img/target_3.png
5,3,833,lattice,4,w,img/target_2.png
5,3,834,lattice,3,i,img/target_8.png
5,3,835,lattice,5,p,img/target_10.png
5,3,836,lattice,3,i,img/target_8.png
5,3,837,lattice,5,p,img/target_10.png
5,3,838,lattice,3,i,img/target_8.png
5,3,839,lattice,4,w,img/target_2.png
5,3,840,lattice,5,p,img/target_10.png
5,3,841,lattice,3,i,img/target_8.png
5,3,842,lattice,2,b,img/target_6.png
5,3,843,lattice,4,w,img/target_2.png
5,3,844,lattice,5,p,img/target_10.png
5,3,845,lattice,7,u,img/target_7.png
5,3,846,lattice,9,o,img/target_9.png
5,3,847,lattice,7,u,img/target_7.png
5,3,848,lattice,9,o,img/target_9.png
5,3,849,lattice,0,q,img/target_1.png
5,3,850,lattice,1,r,img/target_4.png
5,3,851,lattice,9,o,img/target_9.png
5,3,852,lattice,7,u,img/target_7.png
5,3,853,lattice,8,v,img/target_5.png
5,3,854,lattice,9,o,img/target_9.png
5,3,855,lattice,0,q,img/target_1.png
5,3,856,lattice,1,r,img/target_4.png
5,3,857,lattice,3,i,img/target_8.png
5,3,858,lattice,5,p,img/target_10.png
5,3,859,lattice,3,i,img/target_8.png
5,3,860,lattice,5,p,img/target_10.png
5,3,861,lattice,4,w,img/target_2.png
5,3,862,lattice,3,i,img/target_8.png
5,3,863,lattice,2,b,img/target_6.png
5,3,864,lattice,0,q,img/target_1.png
5,3,865,lattice,8,v,img/target_5.png
5,3,866,lattice,6,e,img/target_3.png
5,3,867,lattice,4,w,img/target_2.png
5,3,868,lattice,6,e,img/target_3.png
5,3,869,lattice,8,v,img/target_5.png
5,3,870,lattice,0,q,img/target_1.png
5,3,871,lattice,1,r,img/target_4.png
5,3,872,lattice,3,i,img/target_8.png
5,3,873,lattice,5,p,img/target_10.png
5,3,874,lattice,3,i,img/target_8.png
5,3,875,lattice,4,w,img/target_2.png
5,3,876,lattice,5,p,img/target_10.png
5,3,877,lattice,7,u,img/target_7.png
5,3,878,lattice,9,o,img/target_9.png
5,3,879,lattice,8,v,img/target_5.png
5,3,880,lattice,7,u,img/target_7.png
5,3,881,lattice,8,v,img/target_5.png
5,3,882,lattice,0,q,img/target_1.png
5,3,883,lattice,2,b,img/target_6.png
5,3,884,lattice,1,r,img/target_4.png
5,3,885,lattice,3,i,img/target_8.png
5,3,886,lattice,5,p,img/target_10.png
5,3,887,lattice,3,i,img/target_8.png
5,3,888,lattice,2,b,img/target_6.png
5,3,889,lattice,4,w,img/target_2.png
5,3,890,lattice,5,p,img/target_10.png
5,3,891,lattice,6,e,img/target_3.png
5,3,892,lattice,7,u,img/target_7.png
5,3,893,lattice,9,o,img/target_9.png
5,3,894,lattice,0,q,img/target_1.png
5,3,895,lattice,1,r,img/target_4.png
5,3,896,lattice,9,o,img/target_9.png
5,3,897,lattice,0,q,img/target_1.png
5,3,898,lattice,8,v,img/target_5.png
5,3,899,lattice,6,e,img/target_3.png
5,3,900,lattice,5,p,img/target_10.png
5,3,901,lattice,7,u,img/target_7.png
5,3,902,lattice,8,v,img/target_5.png
5,3,903,lattice,0,q,img/target_1.png
5,3,904,lattice,8,v,img/target_5.png
5,3,905,lattice,0,q,img/target_1.png
5,3,906,lattice,9,o,img/target_9.png
5,3,907,lattice,7,u,img/target_7.png
5,3,908,lattice,8,v,img/target_5.png
5,3,909,lattice,9,o,img/target_9.png
5,3,910,lattice,8,v,img/target_5.png
5,3,911,lattice,7,u,img/target_7.png
5,3,912,lattice,8,v,img/target_5.png
5,3,913,lattice,6,e,img/target_3.png
5,3,914,lattice,4,w,img/target_2.png
5,3,915,lattice,6,e,img/target_3.png
5,3,916,lattice,8,v,img/target_5.png
5,3,917,lattice,0,q,img/target_1.png
5,3,918,lattice,9,o,img/target_9.png
5,3,919,lattice,1,r,img/target_4.png
5,3,920,lattice,3,i,img/target_8.png
5,3,921,lattice,1,r,img/target_4.png
5,3,922,lattice,3,i,img/target_8.png
5,3,923,lattice,2,b,img/target_6.png
5,3,924,lattice,0,q,img/target_1.png
5,3,925,lattice,9,o,img/target_9.png
5,3,926,lattice,1,r,img/target_4.png
5,3,927,lattice,3,i,img/target_8.png
5,3,928,lattice,1,r,img/target_4.png
5,3,929,lattice,3,i,img/target_8.png
5,3,930,lattice,1,r,img/target_4.png
5,3,931,lattice,2,b,img/target_6.png
5,3,932,lattice,4,w,img/target_2.png
5,3,933,lattice,3,i,img/target_8.png
5,3,934,lattice,2,b,img/target_6.png
5,3,935,lattice,0,q,img/target_1.png
5,3,936,lattice,2,b,img/target_6.png
5,3,937,lattice,1,r,img/target_4.png
5,3,938,lattice,0,q,img/target_1.png
5,3,939,lattice,2,b,img/target_6.png
5,3,940,lattice,0,q,img/target_1.png
5,3,941,lattice,1,r,img/target_4.png
5,3,942,lattice,0,q,img/target_1.png
5,3,943,lattice,9,o,img/target_9.png
5,3,944,lattice,0,q,img/target_1.png
5,3,945,lattice,1,r,img/target_4.png
5,3,946,lattice,0,q,img/target_1.png
5,3,947,lattice,1,r,img/target_4.png
5,3,948,lattice,2,b,img/target_6.png
5,3,949,lattice,3,i,img/target_8.png
5,3,950,lattice,4,w,img/target_2.png
5,3,951,lattice,2,b,img/target_6.png
5,3,952,lattice,1,r,img/target_4.png
5,3,953,lattice,0,q,img/target_1.png
5,3,954,lattice,8,v,img/target_5.png
5,3,955,lattice,9,o,img/target_9.png
5,3,956,lattice,0,q,img/target_1.png
5,3,957,lattice,2,b,img/target_6.png
5,3,958,lattice,4,w,img/target_2.png
5,3,959,lattice,3,i,img/target_8.png
5,3,960,lattice,1,r,img/target_4.png
5,3,961,lattice,9,o,img/target_9.png
5,3,962,lattice,0,q,img/target_1.png
5,3,963,lattice,1,r,img/target_4.png
5,3,964,lattice,2,b,img/target_6.png
5,3,965,lattice,4,w,img/target_2.png
5,3,966,lattice,3,i,img/target_8.png
5,3,967,lattice,5,p,img/target_10.png
5,3,968,lattice,6,e,img/target_3.png
5,3,969,lattice,8,v,img/target_5.png
5,3,970,lattice,6,e,img/target_3.png
5,3,971,lattice,4,w,img/target_2.png
5,3,972,lattice,5,p,img/target_10.png
5,3,973,lattice,4,w,img/target_2.png
5,3,974,lattice,6,e,img/target_3.png
5,3,975,lattice,4,w,img/target_2.png
5,3,976,lattice,6,e,img/target_3.png
5,3,977,lattice,8,v,img/target_5.png
5,3,978,lattice,6,e,img/target_3.png
5,3,979,lattice,4,w,img/target_2.png
5,3,980,lattice,6,e,img/target_3.png
5,3,981,lattice,7,u,img/target_7.png
5,3,982,lattice,8,v,img/target_5.png
5,3,983,lattice,9,o,img/target_9.png
5,3,984,lattice,0,q,img/target_1.png
5,3,985,lattice,9,o,img/target_9.png
5,3,986,lattice,1,r,img/target_4.png
5,3,987,lattice,3,i,img/target_8.png
5,3,988,lattice,2,b,img/target_6.png
5,3,989,lattice,4,w,img/target_2.png
5,3,990,lattice,5,p,img/target_10.png
5,3,991,lattice,7,u,img/target_7.png
5,3,992,lattice,9,o,img/target_9.png
5,3,993,lattice,0,q,img/target_1.png
5,3,994,lattice,9,o,img/target_9.png
5,3,995,lattice,0,q,img/target_1.png
5,3,996,lattice,8,v,img/target_5.png
5,3,997,lattice,0,q,img/target_1.png
5,3,998,lattice,8,v,img/target_5.png
5,3,999,lattice,0,q,img/target_1.png
5,3,1000,lattice,1,r,img/target_4.png
