pID,sess,trialNum,graph,walk,resp,path
5,2,1,lattice,4,w,img/target_2.png
5,2,2,lattice,2,b,img/target_6.png
5,2,3,lattice,4,w,img/target_2.png
5,2,4,lattice,3,i,img/target_8.png
5,2,5,lattice,4,w,img/target_2.png
5,2,6,lattice,5,p,img/target_10.png
5,2,7,lattice,6,e,img/target_3.png
5,2,8,lattice,5,p,img/target_10.png
5,2,9,lattice,4,w,img/target_2.png
5,2,10,lattice,3,i,img/target_8.png
5,2,11,lattice,5,p,img/target_10.png
5,2,12,lattice,7,u,img/target_7.png
5,2,13,lattice,9,o,img/target_9.png
5,2,14,lattice,8,v,img/target_5.png
5,2,15,lattice,0,q,img/target_1.png
5,2,16,lattice,8,v,img/target_5.png
5,2,17,lattice,9,o,img/target_9.png
5,2,18,lattice,7,u,img/target_7.png
5,2,19,lattice,8,v,img/target_5.png
5,2,20,lattice,0,q,img/target_1.png
5,2,21,lattice,9,o,img/target_9.png
5,2,22,lattice,7,u,img/target_7.png
5,2,23,lattice,8,v,img/target_5.png
5,2,24,lattice,9,o,img/target_9.png
5,2,25,lattice,8,v,img/target_5.png
5,2,26,lattice,7,u,img/target_7.png
5,2,27,lattice,5,p,img/target_10.png
5,2,28,lattice,7,u,img/target_7.png
5,2,29,lattice,8,v,img/target_5.png
5,2,30,lattice,9,o,img/target_9.png
5,2,31,lattice,8,v,img/target_5.png
5,2,32,lattice,6,e,img/target_3.png
5,2,33,lattice,7,u,img/target_7.png
5,2,34,lattice,8,v,img/target_5.png
5,2,35,lattice,9,o,img/target_9.png
5,2,36,lattice,0,q,img/target_1.png
5,2,37,lattice,2,b,img/target_6.png
5,2,38,lattice,1,r,img/target_4.png
5,2,39,lattice,0,q,img/target_1.png
5,2,40,lattice,8,v,img/target_5.png
5,2,41,lattice,9,o,img/target_9.png
5,2,42,lattice,7,u,img/target_7.png
5,2,43,lattice,5,p,img/target_10.png
5,2,44,lattice,6,e,img/target_3.png
5,2,45,lattice,5,p,img/target_10.png
5,2,46,lattice,3,i,img/target_8.png
5,2,47,lattice,4,w,img/target_2.png
5,2,48,lattice,6,e,img/target_3.png
5,2,49,lattice,5,p,img/target_10.png
5,2,50,lattice,4,w,img/target_2.png
5,2,51,lattice,6,e,img/target_3.png
5,2,52,lattice,4,w,img/target_2.png
5,2,53,lattice,6,e,img/target_3.png
5,2,54,lattice,5,p,img/target_10.png
5,2,55,lattice,7,u,img/target_7.png
5,2,56,lattice,8,v,img/target_5.png
5,2,57,lattice,0,q,img/target_1.png
5,2,58,lattice,2,b,img/target_6.png
5,2,59,lattice,1,r,img/target_4.png
5,2,60,lattice,2,b,img/target_6.png
5,2,61,lattice,1,r,img/target_4.png
5,2,62,lattice,2,b,img/target_6.png
5,2,63,lattice,3,i,img/target_8.png
5,2,64,lattice,4,w,img/target_2.png
5,2,65,lattice,2,b,img/target_6.png
5,2,66,lattice,3,i,img/target_8.png
5,2,67,lattice,4,w,img/target_2.png
5,2,68,lattice,6,e,img/target_3.png
5,2,69,lattice,4,w,img/target_2.png
5,2,70,lattice,5,p,img/target_10.png
5,2,71,lattice,6,e,img/target_3.png
5,2,72,lattice,8,v,img/target_5.png
5,2,73,lattice,0,q,img/target_1.png
5,2,74,lattice,8,v,img/target_5.png
5,2,75,lattice,0,q,img/target_1.png
5,2,76,lattice,2,b,img/target_6.png
5,2,77,lattice,1,r,img/target_4.png
5,2,78,lattice,2,b,img/target_6.png
5,2,79,lattice,4,w,img/target_2.png
5,2,80,lattice,5,p,img/target_10.png
5,2,81,lattice,6,e,img/target_3.png
5,2,82,lattice,7,u,img/target_7.png
5,2,83,lattice,6,e,img/target_3.png
5,2,84,lattice,8,v,img/target_5.png
5,2,85,lattice,0,q,img/target_1.png
5,2,86,lattice,9,o,img/target_9.png
5,2,87,lattice,7,u,img/target_7.png
5,2,88,lattice,8,v,img/target_5.png
5,2,89,lattice,7,u,img/target_7.png
5,2,90,lattice,6,e,img/target_3.png
5,2,91,lattice,7,u,img/target_7.png
5,2,92,lattice,5,p,img/target_10.png
5,2,93,lattice,4,w,img/target_2.png
5,2,94,lattice,5,p,img/target_10.png
5,2,95,lattice,7,u,img/target_7.png
5,2,96,lattice,8,v,img/target_5.png
5,2,97,lattice,6,e,img/target_3.png
5,2,98,lattice,4,w,img/target_2.png
5,2,99,lattice,2,b,img/target_6.png
5,2,100,lattice,1,r,img/target_4.png
5,2,101,lattice,9,o,img/target_9.png
5,2,102,lattice,0,q,img/target_1.png
5,2,103,lattice,1,r,img/target_4.png
5,2,104,lattice,3,i,img/target_8.png
5,2,105,lattice,5,p,img/target_10.png
5,2,106,lattice,4,w,img/target_2.png
5,2,107,lattice,2,b,img/target_6.png
5,2,108,lattice,4,w,img/target_2.png
5,2,109,lattice,3,i,img/target_8.png
5,2,110,lattice,1,r,img/target_4.png
5,2,111,lattice,2,b,img/target_6.png
5,2,112,lattice,1,r,img/target_4.png
5,2,113,lattice,9,o,img/target_9.png
5,2,114,lattice,8,v,img/target_5.png
5,2,115,lattice,6,e,img/target_3.png
5,2,116,lattice,4,w,img/target_2.png
5,2,117,lattice,2,b,img/target_6.png
5,2,118,lattice,0,q,img/target_1.png
5,2,119,lattice,9,o,img/target_9.png
5,2,120,lattice,0,q,img/target_1.png
5,2,121,lattice,9,o,img/target_9.png
5,2,122,lattice,0,q,img/target_1.png
5,2,123,lattice,9,o,img/target_9.png
5,2,124,lattice,0,q,img/target_1.png
5,2,125,lattice,8,v,img/target_5.png
5,2,126,lattice,9,o,img/target_9.png
5,2,127,lattice,0,q,img/target_1.png
5,2,128,lattice,2,b,img/target_6.png
5,2,129,lattice,3,i,img/target_8.png
5,2,130,lattice,4,w,img/target_2.png
5,2,131,lattice,6,e,img/target_3.png
5,2,132,lattice,4,w,img/target_2.png
5,2,133,lattice,6,e,img/target_3.png
5,2,134,lattice,4,w,img/target_2.png
5,2,135,lattice,6,e,img/target_3.png
5,2,136,lattice,8,v,img/target_5.png
5,2,137,lattice,0,q,img/target_1.png
5,2,138,lattice,2,b,img/target_6.png
5,2,139,lattice,1,r,img/target_4.png
5,2,140,lattice,2,b,img/target_6.png
5,2,141,lattice,3,i,img/target_8.png
5,2,142,lattice,5,p,img/target_10.png
5,2,143,lattice,3,i,img/target_8.png
5,2,144,lattice,2,b,img/target_6.png
5,2,145,lattice,1,r,img/target_4.png
5,2,146,lattice,9,o,img/target_9.png
5,2,147,lattice,8,v,img/target_5.png
5,2,148,lattice,0,q,img/target_1.png
5,2,149,lattice,1,r,img/target_4.png
5,2,150,lattice,9,o,img/target_9.png
5,2,151,lattice,7,u,img/target_7.png
5,2,152,lattice,9,o,img/target_9.png
5,2,153,lattice,8,v,img/target_5.png
5,2,154,lattice,7,u,img/target_7.png
5,2,155,lattice,6,e,img/target_3.png
5,2,156,lattice,5,p,img/target_10.png
5,2,157,lattice,4,w,img/target_2.png
5,2,158,lattice,2,b,img/target_6.png
5,2,159,lattice,4,w,img/target_2.png
5,2,160,lattice,3,i,img/target_8.png
5,2,161,lattice,1,r,img/target_4.png
5,2,162,lattice,2,b,img/target_6.png
5,2,163,lattice,0,q,img/target_1.png
5,2,164,lattice,1,r,img/target_4.png
5,2,165,lattice,0,q,img/target_1.png
5,2,166,lattice,2,b,img/target_6.png
5,2,167,lattice,0,q,img/target_1.png
5,2,168,lattice,1,r,img/target_4.png
5,2,169,lattice,2,b,img/target_6.png
5,2,170,lattice,0,q,img/target_1.png
5,2,171,lattice,1,r,img/target_4.png
5,2,172,lattice,3,i,img/target_8.png
5,2,173,lattice,2,b,img/target_6.png
5,2,174,lattice,0,q,img/target_1.png
5,2,175,lattice,9,o,img/target_9.png
5,2,176,lattice,8,v,img/target_5.png
5,2,177,lattice,0,q,img/target_1.png
5,2,178,lattice,9,o,img/target_9.png
5,2,179,lattice,0,q,img/target_1.png
5,2,180,lattice,8,v,img/target_5.png
5,2,181,lattice,9,o,img/target_9.png
5,2,182,lattice,0,q,img/target_1.png
5,2,183,lattice,8,v,img/target_5.png
5,2,184,lattice,6,e,img/target_3.png
5,2,185,lattice,8,v,img/target_5.png
5,2,186,lattice,6,e,img/target_3.png
5,2,187,lattice,8,v,img/target_5.png
5,2,188,lattice,0,q,img/target_1.png
5,2,189,lattice,1,r,img/target_4.png
5,2,190,lattice,3,i,img/target_8.png
5,2,191,lattice,2,b,img/target_6.png
5,2,192,lattice,0,q,img/target_1.png
5,2,193,lattice,9,o,img/target_9.png
5,2,194,lattice,7,u,img/target_7.png
5,2,195,lattice,5,p,img/target_10.png
5,2,196,lattice,7,u,img/target_7.png
5,2,197,lattice,9,o,img/target_9.png
5,2,198,lattice,7,u,img/target_7.png
5,2,199,lattice,6,e,img/target_3.png
5,2,200,lattice,4,w,img/target_2.png
5,2,201,lattice,2,b,img/target_6.png
5,2,202,lattice,3,i,img/target_8.png
5,2,203,lattice,2,b,img/target_6.png
5,2,204,lattice,1,r,img/target_4.png
5,2,205,lattice,2,b,img/target_6.png
5,2,206,lattice,1,r,img/target_4.png
5,2,207,lattice,3,i,img/target_8.png
5,2,208,lattice,1,r,img/target_4.png
5,2,209,lattice,3,i,img/target_8.png
5,2,210,lattice,4,w,img/target_2.png
5,2,211,lattice,3,i,img/target_8.png
5,2,212,lattice,5,p,img/target_10.png
5,2,213,lattice,6,e,img/target_3.png
5,2,214,lattice,4,w,img/target_2.png
5,2,215,lattice,3,i,img/target_8.png
5,2,216,lattice,2,b,img/target_6.png
5,2,217,lattice,4,w,img/target_2.png
5,2,218,lattice,3,i,img/target_8.png
5,2,219,lattice,4,w,img/target_2.png
5,2,220,lattice,2,b,img/target_6.png
5,2,221,lattice,0,q,img/target_1.png
5,2,222,lattice,8,v,img/target_5.png
5,2,223,lattice,9,o,img/target_9.png
5,2,224,lattice,7,u,img/target_7.png
5,2,225,lattice,8,v,img/target_5.png
5,2,226,lattice,6,e,img/target_3.png
5,2,227,lattice,4,w,img/target_2.png
5,2,228,lattice,2,b,img/target_6.png
5,2,229,lattice,1,r,img/target_4.png
5,2,230,lattice,0,q,img/target_1.png
5,2,231,lattice,9,o,img/target_9.png
5,2,232,lattice,7,u,img/target_7.png
5,2,233,lattice,5,p,img/target_10.png
5,2,234,lattice,4,w,img/target_2.png
5,2,235,lattice,6,e,img/target_3.png
5,2,236,lattice,5,p,img/target_10.png
5,2,237,lattice,7,u,img/target_7.png
5,2,238,lattice,6,e,img/target_3.png
5,2,239,lattice,5,p,img/target_10.png
5,2,240,lattice,4,w,img/target_2.png
5,2,241,lattice,2,b,img/target_6.png
5,2,242,lattice,4,w,img/target_2.png
5,2,243,lattice,3,i,img/target_8.png
5,2,244,lattice,1,r,img/target_4.png
5,2,245,lattice,0,q,img/target_1.png
5,2,246,lattice,2,b,img/target_6.png
5,2,247,lattice,4,w,img/target_2.png
5,2,248,lattice,2,b,img/target_6.png
5,2,249,lattice,4,w,img/target_2.png
5,2,250,lattice,3,i,img/target_8.png
5,2,251,lattice,2,b,img/target_6.png
5,2,252,lattice,4,w,img/target_2.png
5,2,253,lattice,5,p,img/target_10.png
5,2,254,lattice,7,u,img/target_7.png
5,2,255,lattice,9,o,img/target_9.png
5,2,256,lattice,0,q,img/target_1.png
5,2,257,lattice,9,o,img/target_9.png
5,2,258,lattice,7,u,img/target_7.png
5,2,259,lattice,6,e,img/target_3.png
5,2,260,lattice,4,w,img/target_2.png
5,2,261,lattice,2,b,img/target_6.png
5,2,262,lattice,3,i,img/target_8.png
5,2,263,lattice,1,r,img/target_4.png
5,2,264,lattice,2,b,img/target_6.png
5,2,265,lattice,4,w,img/target_2.png
5,2,266,lattice,2,b,img/target_6.png
5,2,267,lattice,0,q,img/target_1.png
5,2,268,lattice,1,r,img/target_4.png
5,2,269,lattice,3,i,img/target_8.png
5,2,270,lattice,5,p,img/target_10.png
5,2,271,lattice,6,e,img/target_3.png
5,2,272,lattice,4,w,img/target_2.png
5,2,273,lattice,2,b,img/target_6.png
5,2,274,lattice,3,i,img/target_8.png
5,2,275,lattice,1,r,img/target_4.png
5,2,276,lattice,3,i,img/target_8.png
5,2,277,lattice,4,w,img/target_2.png
5,2,278,lattice,3,i,img/target_8.png
5,2,279,lattice,5,p,img/target_10.png
5,2,280,lattice,4,w,img/target_2.png
5,2,281,lattice,3,i,img/target_8.png
5,2,282,lattice,4,w,img/target_2.png
5,2,283,lattice,5,p,img/target_10.png
5,2,284,lattice,6,e,img/target_3.png
5,2,285,lattice,4,w,img/target_2.png
5,2,286,lattice,6,e,img/target_3.png
5,2,287,lattice,7,u,img/target_7.png
5,2,288,lattice,9,o,img/target_9.png
5,2,289,lattice,0,q,img/target_1.png
5,2,290,lattice,9,o,img/target_9.png
5,2,291,lattice,8,v,img/target_5.png
5,2,292,lattice,0,q,img/target_1.png
5,2,293,lattice,1,r,img/target_4.png
5,2,294,lattice,2,b,img/target_6.png
5,2,295,lattice,4,w,img/target_2.png
5,2,296,lattice,3,i,img/target_8.png
5,2,297,lattice,4,w,img/target_2.png
5,2,298,lattice,3,i,img/target_8.png
5,2,299,lattice,4,w,img/target_2.png
5,2,300,lattice,2,b,img/target_6.png
5,2,301,lattice,4,w,img/target_2.png
5,2,302,lattice,3,i,img/target_8.png
5,2,303,lattice,2,b,img/target_6.png
5,2,304,lattice,3,i,img/target_8.png
5,2,305,lattice,2,b,img/target_6.png
5,2,306,lattice,4,w,img/target_2.png
5,2,307,lattice,2,b,img/target_6.png
5,2,308,lattice,4,w,img/target_2.png
5,2,309,lattice,3,i,img/target_8.png
5,2,310,lattice,4,w,img/target_2.png
5,2,311,lattice,5,p,img/target_10.png
5,2,312,lattice,3,i,img/target_8.png
5,2,313,lattice,5,p,img/target_10.png
5,2,314,lattice,6,e,img/target_3.png
5,2,315,lattice,4,w,img/target_2.png
5,2,316,lattice,6,e,img/target_3.png
5,2,317,lattice,8,v,img/target_5.png
5,2,318,lattice,0,q,img/target_1.png
5,2,319,lattice,1,r,img/target_4.png
5,2,320,lattice,3,i,img/target_8.png
5,2,321,lattice,5,p,img/target_10.png
5,2,322,lattice,7,u,img/target_7.png
5,2,323,lattice,8,v,img/target_5.png
5,2,324,lattice,9,o,img/target_9.png
5,2,325,lattice,8,v,img/target_5.png
5,2,326,lattice,7,u,img/target_7.png
5,2,327,lattice,5,p,img/target_10.png
5,2,328,lattice,6,e,img/target_3.png
5,2,329,lattice,4,w,img/target_2.png
5,2,330,lattice,5,p,img/target_10.png
5,2,331,lattice,3,i,img/target_8.png
5,2,332,lattice,5,p,img/target_10.png
5,2,333,lattice,4,w,img/target_2.png
5,2,334,lattice,6,e,img/target_3.png
5,2,335,lattice,8,v,img/target_5.png
5,2,336,lattice,6,e,img/target_3.png
5,2,337,lattice,5,p,img/target_10.png
5,2,338,lattice,6,e,img/target_3.png
5,2,339,lattice,7,u,img/target_7.png
5,2,340,lattice,9,o,img/target_9.png
5,2,341,lattice,0,q,img/target_1.png
5,2,342,lattice,9,o,img/target_9.png
5,2,343,lattice,0,q,img/target_1.png
5,2,344,lattice,2,b,img/target_6.png
5,2,345,lattice,0,q,img/target_1.png
5,2,346,lattice,1,r,img/target_4.png
5,2,347,lattice,0,q,img/target_1.png
5,2,348,lattice,8,v,img/target_5.png
5,2,349,lattice,9,o,img/target_9.png
5,2,350,lattice,8,v,img/target_5.png
5,2,351,lattice,9,o,img/target_9.png
5,2,352,lattice,1,r,img/target_4.png
5,2,353,lattice,0,q,img/target_1.png
5,2,354,lattice,1,r,img/target_4.png
5,2,355,lattice,9,o,img/target_9.png
5,2,356,lattice,7,u,img/target_7.png
5,2,357,lattice,5,p,img/target_10.png
5,2,358,lattice,4,w,img/target_2.png
5,2,359,lattice,3,i,img/target_8.png
5,2,360,lattice,5,p,img/target_10.png
5,2,361,lattice,4,w,img/target_2.png
5,2,362,lattice,5,p,img/target_10.png
5,2,363,lattice,3,i,img/target_8.png
5,2,364,lattice,1,r,img/target_4.png
5,2,365,lattice,2,b,img/target_6.png
5,2,366,lattice,1,r,img/target_4.png
5,2,367,lattice,0,q,img/target_1.png
5,2,368,lattice,2,b,img/target_6.png
5,2,369,lattice,4,w,img/target_2.png
5,2,370,lattice,3,i,img/target_8.png
5,2,371,lattice,2,b,img/target_6.png
5,2,372,lattice,0,q,img/target_1.png
5,2,373,lattice,2,b,img/target_6.png
5,2,374,lattice,3,i,img/target_8.png
5,2,375,lattice,4,w,img/target_2.png
5,2,376,lattice,6,e,img/target_3.png
5,2,377,lattice,4,w,img/target_2.png
5,2,378,lattice,2,b,img/target_6.png
5,2,379,lattice,0,q,img/target_1.png
5,2,380,lattice,8,v,img/target_5.png
5,2,381,lattice,9,o,img/target_9.png
5,2,382,lattice,1,r,img/target_4.png
5,2,383,lattice,3,i,img/target_8.png
5,2,384,lattice,5,p,img/target_10.png
5,2,385,lattice,3,i,img/target_8.png
5,2,386,lattice,2,b,img/target_6.png
5,2,387,lattice,0,q,img/target_1.png
5,2,388,lattice,1,r,img/target_4.png
5,2,389,lattice,9,o,img/target_9.png
5,2,390,lattice,1,r,img/target_4.png
5,2,391,lattice,9,o,img/target_9.png
5,2,392,lattice,1,r,img/target_4.png
5,2,393,lattice,0,q,img/target_1.png
5,2,394,lattice,9,o,img/target_9.png
5,2,395,lattice,0,q,img/target_1.png
5,2,396,lattice,8,v,img/target_5.png
5,2,397,lattice,0,q,img/target_1.png
5,2,398,lattice,2,b,img/target_6.png
5,2,399,lattice,0,q,img/target_1.png
5,2,400,lattice,1,r,img/target_4.png
5,2,401,lattice,2,b,img/target_6.png
5,2,402,lattice,3,i,img/target_8.png
5,2,403,lattice,1,r,img/target_4.png
5,2,404,lattice,0,q,img/target_1.png
5,2,405,lattice,9,o,img/target_9.png
5,2,406,lattice,7,u,img/target_7.png
5,2,407,lattice,6,e,img/target_3.png
5,2,408,lattice,5,p,img/target_10.png
5,2,409,lattice,6,e,img/target_3.png
5,2,410,lattice,7,u,img/target_7.png
5,2,411,lattice,5,p,img/target_10.png
5,2,412,lattice,3,i,img/target_8.png
5,2,413,lattice,1,r,img/target_4.png
5,2,414,lattice,9,o,img/target_9.png
5,2,415,lattice,0,q,img/target_1.png
5,2,416,lattice,8,v,img/target_5.png
5,2,417,lattice,9,o,img/target_9.png
5,2,418,lattice,0,q,img/target_1.png
5,2,419,lattice,9,o,img/target_9.png
5,2,420,lattice,1,r,img/target_4.png
5,2,421,lattice,0,q,img/target_1.png
5,2,422,lattice,1,r,img/target_4.png
5,2,423,lattice,0,q,img/target_1.png
5,2,424,lattice,8,v,img/target_5.png
5,2,425,lattice,7,u,img/target_7.png
5,2,426,lattice,6,e,img/target_3.png
5,2,427,lattice,5,p,img/target_10.png
5,2,428,lattice,6,e,img/target_3.png
5,2,429,lattice,7,u,img/target_7.png
5,2,430,lattice,9,o,img/target_9.png
5,2,431,lattice,1,r,img/target_4.png
5,2,432,lattice,0,q,img/target_1.png
5,2,433,lattice,2,b,img/target_6.png
5,2,434,lattice,4,w,img/target_2.png
5,2,435,lattice,3,i,img/target_8.png
5,2,436,lattice,1,r,img/target_4.png
5,2,437,lattice,0,q,img/target_1.png
5,2,438,lattice,9,o,img/target_9.png
5,2,439,lattice,7,u,img/target_7.png
5,2,440,lattice,6,e,img/target_3.png
5,2,441,lattice,7,u,img/target_7.png
5,2,442,lattice,8,v,img/target_5.png
5,2,443,lattice,7,u,img/target_7.png
5,2,444,lattice,5,p,img/target_10.png
5,2,445,lattice,7,u,img/target_7.png
5,2,446,lattice,5,p,img/target_10.png
5,2,447,lattice,4,w,img/target_2.png
5,2,448,lattice,6,e,img/target_3.png
5,2,449,lattice,5,p,img/target_10.png
5,2,450,lattice,7,u,img/target_7.png
5,2,451,lattice,9,o,img/target_9.png
5,2,452,lattice,8,v,img/target_5.png
5,2,453,lattice,0,q,img/target_1.png
5,2,454,lattice,1,r,img/target_4.png
5,2,455,lattice,0,q,img/target_1.png
5,2,456,lattice,2,b,img/target_6.png
5,2,457,lattice,3,i,img/target_8.png
5,2,458,lattice,1,r,img/target_4.png
5,2,459,lattice,2,b,img/target_6.png
5,2,460,lattice,1,r,img/target_4.png
5,2,461,lattice,2,b,img/target_6.png
5,2,462,lattice,1,r,img/target_4.png
5,2,463,lattice,2,b,img/target_6.png
5,2,464,lattice,3,i,img/target_8.png
5,2,465,lattice,4,w,img/target_2.png
5,2,466,lattice,3,i,img/target_8.png
5,2,467,lattice,1,r,img/target_4.png
5,2,468,lattice,9,o,img/target_9.png
5,2,469,lattice,1,r,img/target_4.png
5,2,470,lattice,9,o,img/target_9.png
5,2,471,lattice,0,q,img/target_1.png
5,2,472,lattice,8,v,img/target_5.png
5,2,473,lattice,6,e,img/target_3.png
5,2,474,lattice,8,v,img/target_5.png
5,2,475,lattice,7,u,img/target_7.png
5,2,476,lattice,9,o,img/target_9.png
5,2,477,lattice,1,r,img/target_4.png
5,2,478,lattice,2,b,img/target_6.png
5,2,479,lattice,3,i,img/target_8.png
5,2,480,lattice,5,p,img/target_10.png
5,2,481,lattice,6,e,img/target_3.png
5,2,482,lattice,5,p,img/target_10.png
5,2,483,lattice,6,e,img/target_3.png
5,2,484,lattice,7,u,img/target_7.png
5,2,485,lattice,6,e,img/target_3.png
5,2,486,lattice,5,p,img/target_10.png
5,2,487,lattice,7,u,img/target_7.png
5,2,488,lattice,6,e,img/target_3.png
5,2,489,lattice,5,p,img/target_10.png
5,2,490,lattice,7,u,img/target_7.png
5,2,491,lattice,8,v,img/target_5.png
5,2,492,lattice,9,o,img/target_9.png
5,2,493,lattice,7,u,img/target_7.png
5,2,494,lattice,8,v,img/target_5.png
5,2,495,lattice,6,e,img/target_3.png
5,2,496,lattice,7,u,img/target_7.png
5,2,497,lattice,8,v,img/target_5.png
5,2,498,lattice,6,e,img/target_3.png
5,2,499,lattice,7,u,img/target_7.png
5,2,500,lattice,6,e,img/target_3.png
5,2,501,lattice,4,w,img/target_2.png
5,2,502,lattice,2,b,img/target_6.png
5,2,503,lattice,4,w,img/target_2.png
5,2,504,lattice,6,e,img/target_3.png
5,2,505,lattice,7,u,img/target_7.png
5,2,506,lattice,5,p,img/target_10.png
5,2,507,lattice,6,e,img/target_3.png
5,2,508,lattice,5,p,img/target_10.png
5,2,509,lattice,7,u,img/target_7.png
5,2,510,lattice,9,o,img/target_9.png
5,2,511,lattice,0,q,img/target_1.png
5,2,512,lattice,1,r,img/target_4.png
5,2,513,lattice,2,b,img/target_6.png
5,2,514,lattice,1,r,img/target_4.png
5,2,515,lattice,3,i,img/target_8.png
5,2,516,lattice,5,p,img/target_10.png
5,2,517,lattice,3,i,img/target_8.png
5,2,518,lattice,5,p,img/target_10.png
5,2,519,lattice,3,i,img/target_8.png
5,2,520,lattice,5,p,img/target_10.png
5,2,521,lattice,4,w,img/target_2.png
5,2,522,lattice,6,e,img/target_3.png
5,2,523,lattice,4,w,img/target_2.png
5,2,524,lattice,2,b,img/target_6.png
5,2,525,lattice,1,r,img/target_4.png
5,2,526,lattice,3,i,img/target_8.png
5,2,527,lattice,2,b,img/target_6.png
5,2,528,lattice,3,i,img/target_8.png
5,2,529,lattice,5,p,img/target_10.png
5,2,530,lattice,6,e,img/target_3.png
5,2,531,lattice,8,v,img/target_5.png
5,2,532,lattice,7,u,img/target_7.png
5,2,533,lattice,5,p,img/target_10.png
5,2,534,lattice,7,u,img/target_7.png
5,2,535,lattice,5,p,img/target_10.png
5,2,536,lattice,7,u,img/target_7.png
5,2,537,lattice,6,e,img/target_3.png
5,2,538,lattice,8,v,img/target_5.png
5,2,539,lattice,0,q,img/target_1.png
5,2,540,lattice,8,v,img/target_5.png
5,2,541,lattice,9,o,img/target_9.png
5,2,542,lattice,7,u,img/target_7.png
5,2,543,lattice,5,p,img/target_10.png
5,2,544,lattice,7,u,img/target_7.png
5,2,545,lattice,6,e,img/target_3.png
5,2,546,lattice,4,w,img/target_2.png
5,2,547,lattice,5,p,img/target_10.png
5,2,548,lattice,4,w,img/target_2.png
5,2,549,lattice,2,b,img/target_6.png
5,2,550,lattice,0,q,img/target_1.png
5,2,551,lattice,1,r,img/target_4.png
5,2,552,lattice,2,b,img/target_6.png
5,2,553,lattice,1,r,img/target_4.png
5,2,554,lattice,3,i,img/target_8.png
5,2,555,lattice,1,r,img/target_4.png
5,2,556,lattice,2,b,img/target_6.png
5,2,557,lattice,3,i,img/target_8.png
5,2,558,lattice,2,b,img/target_6.png
5,2,559,lattice,0,q,img/target_1.png
5,2,560,lattice,9,o,img/target_9.png
5,2,561,lattice,1,r,img/target_4.png
5,2,562,lattice,0,q,img/target_1.png
5,2,563,lattice,9,o,img/target_9.png
5,2,564,lattice,1,r,img/target_4.png
5,2,565,lattice,0,q,img/target_1.png
5,2,566,lattice,2,b,img/target_6.png
5,2,567,lattice,1,r,img/target_4.png
5,2,568,lattice,3,i,img/target_8.png
5,2,569,lattice,4,w,img/target_2.png
5,2,570,lattice,5,p,img/target_10.png
5,2,571,lattice,6,e,img/target_3.png
5,2,572,lattice,4,w,img/target_2.png
5,2,573,lattice,6,e,img/target_3.png
5,2,574,lattice,7,u,img/target_7.png
5,2,575,lattice,6,e,img/target_3.png
5,2,576,lattice,8,v,img/target_5.png
5,2,577,lattice,7,u,img/target_7.png
5,2,578,lattice,8,v,img/target_5.png
5,2,579,lattice,6,e,img/target_3.png
5,2,580,lattice,4,w,img/target_2.png
5,2,581,lattice,5,p,img/target_10.png
5,2,582,lattice,4,w,img/target_2.png
5,2,583,lattice,3,i,img/target_8.png
5,2,584,lattice,4,w,img/target_2.png
5,2,585,lattice,5,p,img/target_10.png
5,2,586,lattice,4,w,img/target_2.png
5,2,587,lattice,6,e,img/target_3.png
5,2,588,lattice,8,v,img/target_5.png
5,2,589,lattice,6,e,img/target_3.png
5,2,590,lattice,4,w,img/target_2.png
5,2,591,lattice,2,b,img/target_6.png
5,2,592,lattice,1,r,img/target_4.png
5,2,593,lattice,2,b,img/target_6.png
5,2,594,lattice,0,q,img/target_1.png
5,2,595,lattice,2,b,img/target_6.png
5,2,596,lattice,1,r,img/target_4.png
5,2,597,lattice,9,o,img/target_9.png
5,2,598,lattice,7,u,img/target_7.png
5,2,599,lattice,9,o,img/target_9.png
5,2,600,lattice,7,u,img/target_7.png
5,2,601,lattice,8,v,img/target_5.png
5,2,602,lattice,9,o,img/target_9.png
5,2,603,lattice,1,r,img/target_4.png
5,2,604,lattice,3,i,img/target_8.png
5,2,605,lattice,2,b,img/target_6.png
5,2,606,lattice,4,w,img/target_2.png
5,2,607,lattice,5,p,img/target_10.png
5,2,608,lattice,6,e,img/target_3.png
5,2,609,lattice,7,u,img/target_7.png
5,2,610,lattice,6,e,img/target_3.png
5,2,611,lattice,4,w,img/target_2.png
5,2,612,lattice,3,i,img/target_8.png
5,2,613,lattice,5,p,img/target_10.png
5,2,614,lattice,6,e,img/target_3.png
5,2,615,lattice,5,p,img/target_10.png
5,2,616,lattice,4,w,img/target_2.png
5,2,617,lattice,3,i,img/target_8.png
5,2,618,lattice,2,b,img/target_6.png
5,2,619,lattice,1,r,img/target_4.png
5,2,620,lattice,9,o,img/target_9.png
5,2,621,lattice,8,v,img/target_5.png
5,2,622,lattice,0,q,img/target_1.png
5,2,623,lattice,9,o,img/target_9.png
5,2,624,lattice,7,u,img/target_7.png
5,2,625,lattice,8,v,img/target_5.png
5,2,626,lattice,9,o,img/target_9.png
5,2,627,lattice,7,u,img/target_7.png
5,2,628,lattice,8,v,img/target_5.png
5,2,629,lattice,9,o,img/target_9.png
5,2,630,lattice,1,r,img/target_4.png
5,2,631,lattice,3,i,img/target_8.png
5,2,632,lattice,4,w,img/target_2.png
5,2,633,lattice,3,i,img/target_8.png
5,2,634,lattice,1,r,img/target_4.png
5,2,635,lattice,2,b,img/target_6.png
5,2,636,lattice,4,w,img/target_2.png
5,2,637,lattice,6,e,img/target_3.png
5,2,638,lattice,7,u,img/target_7.png
5,2,639,lattice,6,e,img/target_3.png
5,2,640,lattice,8,v,img/target_5.png
5,2,641,lattice,0,q,img/target_1.png
5,2,642,lattice,8,v,img/target_5.png
5,2,643,lattice,0,q,img/target_1.png
5,2,644,lattice,8,v,img/target_5.png
5,2,645,lattice,6,e,img/target_3.png
5,2,646,lattice,4,w,img/target_2.png
5,2,647,lattice,6,e,img/target_3.png
5,2,648,lattice,7,u,img/target_7.png
5,2,649,lattice,8,v,img/target_5.png
5,2,650,lattice,6,e,img/target_3.png
5,2,651,lattice,8,v,img/target_5.png
5,2,652,lattice,7,u,img/target_7.png
5,2,653,lattice,5,p,img/target_10.png
5,2,654,lattice,6,e,img/target_3.png
5,2,655,lattice,8,v,img/target_5.png
5,2,656,lattice,7,u,img/target_7.png
5,2,657,lattice,9,o,img/target_9.png
5,2,658,lattice,8,v,img/target_5.png
5,2,659,lattice,0,q,img/target_1.png
5,2,660,lattice,2,b,img/target_6.png
5,2,661,lattice,1,r,img/target_4.png
5,2,662,lattice,9,o,img/target_9.png
5,2,663,lattice,8,v,img/target_5.png
5,2,664,lattice,6,e,img/target_3.png
5,2,665,lattice,4,w,img/target_2.png
5,2,666,lattice,3,i,img/target_8.png
5,2,667,lattice,1,r,img/target_4.png
5,2,668,lattice,2,b,img/target_6.png
5,2,669,lattice,0,q,img/target_1.png
5,2,670,lattice,8,v,img/target_5.png
5,2,671,lattice,6,e,img/target_3.png
5,2,672,lattice,5,p,img/target_10.png
5,2,673,lattice,4,w,img/target_2.png
5,2,674,lattice,3,i,img/target_8.png
5,2,675,lattice,2,b,img/target_6.png
5,2,676,lattice,1,r,img/target_4.png
5,2,677,lattice,2,b,img/target_6.png
5,2,678,lattice,1,r,img/target_4.png
5,2,679,lattice,0,q,img/target_1.png
5,2,680,lattice,8,v,img/target_5.png
5,2,681,lattice,0,q,img/target_1.png
5,2,682,lattice,9,o,img/target_9.png
5,2,683,lattice,7,u,img/target_7.png
5,2,684,lattice,8,v,img/target_5.png
5,2,685,lattice,9,o,img/target_9.png
5,2,686,lattice,8,v,img/target_5.png
5,2,687,lattice,0,q,img/target_1.png
5,2,688,lattice,1,r,img/target_4.png
5,2,689,lattice,2,b,img/target_6.png
5,2,690,lattice,1,r,img/target_4.png
5,2,691,lattice,0,q,img/target_1.png
5,2,692,lattice,1,r,img/target_4.png
5,2,693,lattice,9,o,img/target_9.png
5,2,694,lattice,1,r,img/target_4.png
5,2,695,lattice,0,q,img/target_1.png
5,2,696,lattice,2,b,img/target_6.png
5,2,697,lattice,4,w,img/target_2.png
5,2,698,lattice,3,i,img/target_8.png
5,2,699,lattice,2,b,img/target_6.png
5,2,700,lattice,4,w,img/target_2.png
5,2,701,lattice,6,e,img/target_3.png
5,2,702,lattice,5,p,img/target_10.png
5,2,703,lattice,6,e,img/target_3.png
5,2,704,lattice,4,w,img/target_2.png
5,2,705,lattice,2,b,img/target_6.png
5,2,706,lattice,4,w,img/target_2.png
5,2,707,lattice,5,p,img/target_10.png
5,2,708,lattice,4,w,img/target_2.png
5,2,709,lattice,5,p,img/target_10.png
5,2,710,lattice,4,w,img/target_2.png
5,2,711,lattice,5,p,img/target_10.png
5,2,712,lattice,7,u,img/target_7.png
5,2,713,lattice,9,o,img/target_9.png
5,2,714,lattice,0,q,img/target_1.png
5,2,715,lattice,9,o,img/target_9.png
5,2,716,lattice,1,r,img/target_4.png
5,2,717,lattice,0,q,img/target_1.png
5,2,718,lattice,9,o,img/target_9.png
5,2,719,lattice,0,q,img/target_1.png
5,2,720,lattice,9,o,img/target_9.png
5,2,721,lattice,8,v,img/target_5.png
5,2,722,lattice,6,e,img/target_3.png
5,2,723,lattice,7,u,img/target_7.png
5,2,724,lattice,5,p,img/target_10.png
5,2,725,lattice,4,w,img/target_2.png
5,2,726,lattice,3,i,img/target_8.png
5,2,727,lattice,2,b,img/target_6.png
5,2,728,lattice,1,r,img/target_4.png
5,2,729,lattice,0,q,img/target_1.png
5,2,730,lattice,9,o,img/target_9.png
5,2,731,lattice,7,u,img/target_7.png
5,2,732,lattice,6,e,img/target_3.png
5,2,733,lattice,4,w,img/target_2.png
5,2,734,lattice,2,b,img/target_6.png
5,2,735,lattice,3,i,img/target_8.png
5,2,736,lattice,1,r,img/target_4.png
5,2,737,lattice,0,q,img/target_1.png
5,2,738,lattice,9,o,img/target_9.png
5,2,739,lattice,7,u,img/target_7.png
5,2,740,lattice,8,v,img/target_5.png
5,2,741,lattice,9,o,img/target_9.png
5,2,742,lattice,7,u,img/target_7.png
5,2,743,lattice,8,v,img/target_5.png
5,2,744,lattice,9,o,img/target_9.png
5,2,745,lattice,0,q,img/target_1.png
5,2,746,lattice,8,v,img/target_5.png
5,2,747,lattice,0,q,img/target_1.png
5,2,748,lattice,1,r,img/target_4.png
5,2,749,lattice,0,q,img/target_1.png
5,2,750,lattice,2,b,img/target_6.png
5,2,751,lattice,3,i,img/target_8.png
5,2,752,lattice,2,b,img/target_6.png
5,2,753,lattice,1,r,img/target_4.png
5,2,754,lattice,3,i,img/target_8.png
5,2,755,lattice,5,p,img/target_10.png
5,2,756,lattice,4,w,img/target_2.png
5,2,757,lattice,6,e,img/target_3.png
5,2,758,lattice,7,u,img/target_7.png
5,2,759,lattice,8,v,img/target_5.png
5,2,760,lattice,9,o,img/target_9.png
5,2,761,lattice,1,r,img/target_4.png
5,2,762,lattice,9,o,img/target_9.png
5,2,763,lattice,1,r,img/target_4.png
5,2,764,lattice,0,q,img/target_1.png
5,2,765,lattice,2,b,img/target_6.png
5,2,766,lattice,1,r,img/target_4.png
5,2,767,lattice,9,o,img/target_9.png
5,2,768,lattice,7,u,img/target_7.png
5,2,769,lattice,5,p,img/target_10.png
5,2,770,lattice,6,e,img/target_3.png
5,2,771,lattice,7,u,img/target_7.png
5,2,772,lattice,9,o,img/target_9.png
5,2,773,lattice,7,u,img/target_7.png
5,2,774,lattice,6,e,img/target_3.png
5,2,775,lattice,7,u,img/target_7.png
5,2,776,lattice,8,v,img/target_5.png
5,2,777,lattice,6,e,img/target_3.png
5,2,778,lattice,8,v,img/target_5.png
5,2,779,lattice,7,u,img/target_7.png
5,2,780,lattice,6,e,img/target_3.png
5,2,781,lattice,7,u,img/target_7.png
5,2,782,lattice,6,e,img/target_3.png
5,2,783,lattice,4,w,img/target_2.png
5,2,784,lattice,2,b,img/target_6.png
5,2,785,lattice,0,q,img/target_1.png
5,2,786,lattice,8,v,img/target_5.png
5,2,787,lattice,7,u,img/target_7.png
5,2,788,lattice,6,e,img/target_3.png
5,2,789,lattice,7,u,img/target_7.png
5,2,790,lattice,6,e,img/target_3.png
5,2,791,lattice,8,v,img/target_5.png
5,2,792,lattice,9,o,img/target_9.png
5,2,793,lattice,7,u,img/target_7.png
5,2,794,lattice,9,o,img/target_9.png
5,2,795,lattice,7,u,img/target_7.png
5,2,796,lattice,6,e,img/target_3.png
5,2,797,lattice,8,v,img/target_5.png
5,2,798,lattice,9,o,img/target_9.png
5,2,799,lattice,7,u,img/target_7.png
5,2,800,lattice,8,v,img/target_5.png
5,2,801,lattice,0,q,img/target_1.png
5,2,802,lattice,9,o,img/target_9.png
5,2,803,lattice,1,r,img/target_4.png
5,2,804,lattice,9,o,img/target_9.png
5,2,805,lattice,0,q,img/target_1.png
5,2,806,lattice,8,v,img/target_5.png
5,2,807,lattice,0,q,img/target_1.png
5,2,808,lattice,9,o,img/target_9.png
5,2,809,lattice,8,v,img/target_5.png
5,2,810,lattice,9,o,img/target_9.png
5,2,811,lattice,0,q,img/target_1.png
5,2,812,lattice,2,b,img/target_6.png
5,2,813,lattice,3,i,img/target_8.png
5,2,814,lattice,5,p,img/target_10.png
5,2,815,lattice,4,w,img/target_2.png
5,2,816,lattice,6,e,img/target_3.png
5,2,817,lattice,4,w,img/target_2.png
5,2,818,lattice,6,e,img/target_3.png
5,2,819,lattice,4,w,img/target_2.png
5,2,820,lattice,5,p,img/target_10.png
5,2,821,lattice,7,u,img/target_7.png
5,2,822,lattice,5,p,img/target_10.png
5,2,823,lattice,6,e,img/target_3.png
5,2,824,lattice,8,v,img/target_5.png
5,2,825,lattice,9,o,img/target_9.png
5,2,826,lattice,1,r,img/target_4.png
5,2,827,lattice,3,i,img/target_8.png
5,2,828,lattice,4,w,img/target_2.png
5,2,829,lattice,2,b,img/target_6.png
5,2,830,lattice,1,r,img/target_4.png
5,2,831,lattice,3,i,img/target_8.png
5,2,832,lattice,5,p,img/target_10.png
5,2,833,lattice,7,u,img/target_7.png
5,2,834,lattice,9,o,img/target_9.png
5,2,835,lattice,0,q,img/target_1.png
5,2,836,lattice,2,b,img/target_6.png
5,2,837,lattice,4,w,img/target_2.png
5,2,838,lattice,2,b,img/target_6.png
5,2,839,lattice,0,q,img/target_1.png
5,2,840,lattice,1,r,img/target_4.png
5,2,841,lattice,2,b,img/target_6.png
5,2,842,lattice,1,r,img/target_4.png
5,2,843,lattice,2,b,img/target_6.png
5,2,844,lattice,1,r,img/target_4.png
5,2,845,lattice,0,q,img/target_1.png
5,2,846,lattice,8,v,img/target_5.png
5,2,847,lattice,0,q,img/target_1.png
5,2,848,lattice,8,v,img/target_5.png
5,2,849,lattice,9,o,img/target_9.png
5,2,850,lattice,0,q,img/target_1.png
5,2,851,lattice,1,r,img/target_4.png
5,2,852,lattice,9,o,img/target_9.png
5,2,853,lattice,1,r,img/target_4.png
5,2,854,lattice,0,q,img/target_1.png
5,2,855,lattice,8,v,img/target_5.png
5,2,856,lattice,0,q,img/target_1.png
5,2,857,lattice,1,r,img/target_4.png
5,2,858,lattice,3,i,img/target_8.png
5,2,859,lattice,4,w,img/target_2.png
5,2,860,lattice,5,p,img/target_10.png
5,2,861,lattice,6,e,img/target_3.png
5,2,862,lattice,8,v,img/target_5.png
5,2,863,lattice,7,u,img/target_7.png
5,2,864,lattice,9,o,img/target_9.png
5,2,865,lattice,7,u,img/target_7.png
5,2,866,lattice,6,e,img/target_3.png
5,2,867,lattice,8,v,img/target_5.png
5,2,868,lattice,7,u,img/target_7.png
5,2,869,lattice,5,p,img/target_10.png
5,2,870,lattice,3,i,img/target_8.png
5,2,871,lattice,1,r,img/target_4.png
5,2,872,lattice,0,q,img/target_1.png
5,2,873,lattice,9,o,img/target_9.png
5,2,874,lattice,8,v,img/target_5.png
5,2,875,lattice,7,u,img/target_7.png
5,2,876,lattice,6,e,img/target_3.png
5,2,877,lattice,5,p,img/target_10.png
5,2,878,lattice,3,i,img/target_8.png
5,2,879,lattice,2,b,img/target_6.png
5,2,880,lattice,4,w,img/target_2.png
5,2,881,lattice,2,b,img/target_6.png
5,2,882,lattice,0,q,img/target_1.png
5,2,883,lattice,8,v,img/target_5.png
5,2,884,lattice,7,u,img/target_7.png
5,2,885,lattice,6,e,img/target_3.png
5,2,886,lattice,7,u,img/target_7.png
5,2,887,lattice,5,p,img/target_10.png
5,2,888,lattice,3,i,img/target_8.png
5,2,889,lattice,2,b,img/target_6.png
5,2,890,lattice,3,i,img/target_8.png
5,2,891,lattice,5,p,img/target_10.png
5,2,892,lattice,6,e,img/target_3.png
5,2,893,lattice,4,w,img/target_2.png
5,2,894,lattice,2,b,img/target_6.png
5,2,895,lattice,1,r,img/target_4.png
5,2,896,lattice,3,i,img/target_8.png
5,2,897,lattice,1,r,img/target_4.png
5,2,898,lattice,0,q,img/target_1.png
5,2,899,lattice,2,b,img/target_6.png
5,2,900,lattice,1,r,img/target_4.png
5,2,901,lattice,2,b,img/target_6.png
5,2,902,lattice,3,i,img/target_8.png
5,2,903,lattice,5,p,img/target_10.png
5,2,904,lattice,7,u,img/target_7.png
5,2,905,lattice,5,p,img/target_10.png
5,2,906,lattice,4,w,img/target_2.png
5,2,907,lattice,6,e,img/target_3.png
5,2,908,lattice,7,u,img/target_7.png
5,2,909,lattice,8,v,img/target_5.png
5,2,910,lattice,6,e,img/target_3.png
5,2,911,lattice,8,v,img/target_5.png
5,2,912,lattice,0,q,img/target_1.png
5,2,913,lattice,2,b,img/target_6.png
5,2,914,lattice,3,i,img/target_8.png
5,2,915,lattice,4,w,img/target_2.png
5,2,916,lattice,6,e,img/target_3.png
5,2,917,lattice,5,p,img/target_10.png
5,2,918,lattice,3,i,img/target_8.png
5,2,919,lattice,4,w,img/target_2.png
5,2,920,lattice,5,p,img/target_10.png
5,2,921,lattice,7,u,img/target_7.png
5,2,922,lattice,5,p,img/target_10.png
5,2,923,lattice,3,i,img/target_8.png
5,2,924,lattice,2,b,img/target_6.png
5,2,925,lattice,4,w,img/target_2.png
5,2,926,lattice,2,b,img/target_6.png
5,2,927,lattice,3,i,img/target_8.png
5,2,928,lattice,4,w,img/target_2.png
5,2,929,lattice,2,b,img/target_6.png
5,2,930,lattice,4,w,img/target_2.png
5,2,931,lattice,3,i,img/target_8.png
5,2,932,lattice,1,r,img/target_4.png
5,2,933,lattice,2,b,img/target_6.png
5,2,934,lattice,0,q,img/target_1.png
5,2,935,lattice,9,o,img/target_9.png
5,2,936,lattice,8,v,img/target_5.png
5,2,937,lattice,7,u,img/target_7.png
5,2,938,lattice,5,p,img/target_10.png
5,2,939,lattice,6,e,img/target_3.png
5,2,940,lattice,8,v,img/target_5.png
5,2,941,lattice,0,q,img/target_1.png
5,2,942,lattice,1,r,img/target_4.png
5,2,943,lattice,9,o,img/target_9.png
5,2,944,lattice,7,u,img/target_7.png
5,2,945,lattice,5,p,img/target_10.png
5,2,946,lattice,6,e,img/target_3.png
5,2,947,lattice,7,u,img/target_7.png
5,2,948,lattice,5,p,img/target_10.png
5,2,949,lattice,4,w,img/target_2.png
5,2,950,lattice,3,i,img/target_8.png
5,2,951,lattice,2,b,img/target_6.png
5,2,952,lattice,0,q,img/target_1.png
5,2,953,lattice,8,v,img/target_5.png
5,2,954,lattice,6,e,img/target_3.png
5,2,955,lattice,5,p,img/target_10.png
5,2,956,lattice,7,u,img/target_7.png
5,2,957,lattice,6,e,img/target_3.png
5,2,958,lattice,7,u,img/target_7.png
5,2,959,lattice,5,p,img/target_10.png
5,2,960,lattice,4,w,img/target_2.png
5,2,961,lattice,3,i,img/target_8.png
5,2,962,lattice,5,p,img/target_10.png
5,2,963,lattice,3,i,img/target_8.png
5,2,964,lattice,2,b,img/target_6.png
5,2,965,lattice,0,q,img/target_1.png
5,2,966,lattice,9,o,img/target_9.png
5,2,967,lattice,1,r,img/target_4.png
5,2,968,lattice,0,q,img/target_1.png
5,2,969,lattice,2,b,img/target_6.png
5,2,970,lattice,1,r,img/target_4.png
5,2,971,lattice,0,q,img/target_1.png
5,2,972,lattice,8,v,img/target_5.png
5,2,973,lattice,0,q,img/target_1.png
5,2,974,lattice,8,v,img/target_5.png
5,2,975,lattice,0,q,img/target_1.png
5,2,976,lattice,2,b,img/target_6.png
5,2,977,lattice,3,i,img/target_8.png
5,2,978,lattice,2,b,img/target_6.png
5,2,979,lattice,3,i,img/target_8.png
5,2,980,lattice,1,r,img/target_4.png
5,2,981,lattice,0,q,img/target_1.png
5,2,982,lattice,9,o,img/target_9.png
5,2,983,lattice,1,r,img/target_4.png
5,2,984,lattice,0,q,img/target_1.png
5,2,985,lattice,2,b,img/target_6.png
5,2,986,lattice,0,q,img/target_1.png
5,2,987,lattice,1,r,img/target_4.png
5,2,988,lattice,0,q,img/target_1.png
5,2,989,lattice,9,o,img/target_9.png
5,2,990,lattice,8,v,img/target_5.png
5,2,991,lattice,9,o,img/target_9.png
5,2,992,lattice,0,q,img/target_1.png
5,2,993,lattice,9,o,img/target_9.png
5,2,994,lattice,1,r,img/target_4.png
5,2,995,lattice,2,b,img/target_6.png
5,2,996,lattice,3,i,img/target_8.png
5,2,997,lattice,1,r,img/target_4.png
5,2,998,lattice,0,q,img/target_1.png
5,2,999,lattice,8,v,img/target_5.png
5,2,1000,lattice,9,o,img/target_9.png
