pID,trialNum,graph,walk,resp,path
6,1,modular,0,q,img/target_1.png
6,2,modular,1,i,img/target_8.png
6,3,modular,0,q,img/target_1.png
6,4,modular,2,p,img/target_10.png
6,5,modular,1,i,img/target_8.png
6,6,modular,3,e,img/target_3.png
6,7,modular,4,r,img/target_4.png
6,8,modular,5,b,img/target_6.png
6,9,modular,4,r,img/target_4.png
6,10,modular,2,p,img/target_10.png
6,11,modular,4,r,img/target_4.png
6,12,modular,3,e,img/target_3.png
6,13,modular,0,q,img/target_1.png
6,14,modular,1,i,img/target_8.png
6,15,modular,4,r,img/target_4.png
6,16,modular,3,e,img/target_3.png
6,17,modular,1,i,img/target_8.png
6,18,modular,0,q,img/target_1.png
6,19,modular,9,v,img/target_5.png
6,20,modular,0,q,img/target_1.png
6,21,modular,2,p,img/target_10.png
6,22,modular,1,i,img/target_8.png
6,23,modular,3,e,img/target_3.png
6,24,modular,4,r,img/target_4.png
6,25,modular,1,i,img/target_8.png
6,26,modular,0,q,img/target_1.png
6,27,modular,3,e,img/target_3.png
6,28,modular,0,q,img/target_1.png
6,29,modular,3,e,img/target_3.png
6,30,modular,0,q,img/target_1.png
6,31,modular,3,e,img/target_3.png
6,32,modular,1,i,img/target_8.png
6,33,modular,3,e,img/target_3.png
6,34,modular,4,r,img/target_4.png
6,35,modular,2,p,img/target_10.png
6,36,modular,0,q,img/target_1.png
6,37,modular,1,i,img/target_8.png
6,38,modular,4,r,img/target_4.png
6,39,modular,2,p,img/target_10.png
6,40,modular,1,i,img/target_8.png
6,41,modular,2,p,img/target_10.png
6,42,modular,4,r,img/target_4.png
6,43,modular,2,p,img/target_10.png
6,44,modular,0,q,img/target_1.png
6,45,modular,1,i,img/target_8.png
6,46,modular,3,e,img/target_3.png
6,47,modular,2,p,img/target_10.png
6,48,modular,4,r,img/target_4.png
6,49,modular,2,p,img/target_10.png
6,50,modular,4,r,img/target_4.png
6,51,modular,3,e,img/target_3.png
6,52,modular,4,r,img/target_4.png
6,53,modular,2,p,img/target_10.png
6,54,modular,1,i,img/target_8.png
6,55,modular,2,p,img/target_10.png
6,56,modular,3,e,img/target_3.png
6,57,modular,4,r,img/target_4.png
6,58,modular,1,i,img/target_8.png
6,59,modular,3,e,img/target_3.png
6,60,modular,2,p,img/target_10.png
6,61,modular,0,q,img/target_1.png
6,62,modular,3,e,img/target_3.png
6,63,modular,1,i,img/target_8.png
6,64,modular,3,e,img/target_3.png
6,65,modular,2,p,img/target_10.png
6,66,modular,1,i,img/target_8.png
6,67,modular,0,q,img/target_1.png
6,68,modular,2,p,img/target_10.png
6,69,modular,1,i,img/target_8.png
6,70,modular,2,p,img/target_10.png
6,71,modular,4,r,img/target_4.png
6,72,modular,1,i,img/target_8.png
6,73,modular,3,e,img/target_3.png
6,74,modular,2,p,img/target_10.png
6,75,modular,1,i,img/target_8.png
6,76,modular,4,r,img/target_4.png
6,77,modular,1,i,img/target_8.png
6,78,modular,3,e,img/target_3.png
6,79,modular,0,q,img/target_1.png
6,80,modular,2,p,img/target_10.png
6,81,modular,3,e,img/target_3.png
6,82,modular,2,p,img/target_10.png
6,83,modular,4,r,img/target_4.png
6,84,modular,3,e,img/target_3.png
6,85,modular,2,p,img/target_10.png
6,86,modular,0,q,img/target_1.png
6,87,modular,1,i,img/target_8.png
6,88,modular,2,p,img/target_10.png
6,89,modular,3,e,img/target_3.png
6,90,modular,0,q,img/target_1.png
6,91,modular,2,p,img/target_10.png
6,92,modular,3,e,img/target_3.png
6,93,modular,0,q,img/target_1.png
6,94,modular,2,p,img/target_10.png
6,95,modular,0,q,img/target_1.png
6,96,modular,2,p,img/target_10.png
6,97,modular,3,e,img/target_3.png
6,98,modular,2,p,img/target_10.png
6,99,modular,0,q,img/target_1.png
6,100,modular,9,v,img/target_5.png
6,101,modular,0,q,img/target_1.png
6,102,modular,3,e,img/target_3.png
6,103,modular,2,p,img/target_10.png
6,104,modular,3,e,img/target_3.png
6,105,modular,4,r,img/target_4.png
6,106,modular,1,i,img/target_8.png
6,107,modular,2,p,img/target_10.png
6,108,modular,4,r,img/target_4.png
6,109,modular,1,i,img/target_8.png
6,110,modular,2,p,img/target_10.png
6,111,modular,3,e,img/target_3.png
6,112,modular,2,p,img/target_10.png
6,113,modular,3,e,img/target_3.png
6,114,modular,0,q,img/target_1.png
6,115,modular,2,p,img/target_10.png
6,116,modular,0,q,img/target_1.png
6,117,modular,9,v,img/target_5.png
6,118,modular,0,q,img/target_1.png
6,119,modular,1,i,img/target_8.png
6,120,modular,4,r,img/target_4.png
6,121,modular,5,b,img/target_6.png
6,122,modular,8,o,img/target_9.png
6,123,modular,5,b,img/target_6.png
6,124,modular,6,w,img/target_2.png
6,125,modular,5,b,img/target_6.png
6,126,modular,7,u,img/target_7.png
6,127,modular,5,b,img/target_6.png
6,128,modular,4,r,img/target_4.png
6,129,modular,3,e,img/target_3.png
6,130,modular,1,i,img/target_8.png
6,131,modular,2,p,img/target_10.png
6,132,modular,4,r,img/target_4.png
6,133,modular,3,e,img/target_3.png
6,134,modular,2,p,img/target_10.png
6,135,modular,1,i,img/target_8.png
6,136,modular,3,e,img/target_3.png
6,137,modular,2,p,img/target_10.png
6,138,modular,4,r,img/target_4.png
6,139,modular,1,i,img/target_8.png
6,140,modular,2,p,img/target_10.png
6,141,modular,1,i,img/target_8.png
6,142,modular,4,r,img/target_4.png
6,143,modular,5,b,img/target_6.png
6,144,modular,6,w,img/target_2.png
6,145,modular,5,b,img/target_6.png
6,146,modular,8,o,img/target_9.png
6,147,modular,6,w,img/target_2.png
6,148,modular,5,b,img/target_6.png
6,149,modular,7,u,img/target_7.png
6,150,modular,6,w,img/target_2.png
6,151,modular,5,b,img/target_6.png
6,152,modular,6,w,img/target_2.png
6,153,modular,9,v,img/target_5.png
6,154,modular,6,w,img/target_2.png
6,155,modular,8,o,img/target_9.png
6,156,modular,6,w,img/target_2.png
6,157,modular,5,b,img/target_6.png
6,158,modular,8,o,img/target_9.png
6,159,modular,6,w,img/target_2.png
6,160,modular,7,u,img/target_7.png
6,161,modular,8,o,img/target_9.png
6,162,modular,6,w,img/target_2.png
6,163,modular,5,b,img/target_6.png
6,164,modular,8,o,img/target_9.png
6,165,modular,9,v,img/target_5.png
6,166,modular,6,w,img/target_2.png
6,167,modular,9,v,img/target_5.png
6,168,modular,7,u,img/target_7.png
6,169,modular,5,b,img/target_6.png
6,170,modular,8,o,img/target_9.png
6,171,modular,9,v,img/target_5.png
6,172,modular,6,w,img/target_2.png
6,173,modular,8,o,img/target_9.png
6,174,modular,9,v,img/target_5.png
6,175,modular,7,u,img/target_7.png
6,176,modular,8,o,img/target_9.png
6,177,modular,5,b,img/target_6.png
6,178,modular,6,w,img/target_2.png
6,179,modular,9,v,img/target_5.png
6,180,modular,7,u,img/target_7.png
6,181,modular,8,o,img/target_9.png
6,182,modular,7,u,img/target_7.png
6,183,modular,6,w,img/target_2.png
6,184,modular,5,b,img/target_6.png
6,185,modular,8,o,img/target_9.png
6,186,modular,7,u,img/target_7.png
6,187,modular,9,v,img/target_5.png
6,188,modular,8,o,img/target_9.png
6,189,modular,6,w,img/target_2.png
6,190,modular,9,v,img/target_5.png
6,191,modular,8,o,img/target_9.png
6,192,modular,6,w,img/target_2.png
6,193,modular,8,o,img/target_9.png
6,194,modular,6,w,img/target_2.png
6,195,modular,7,u,img/target_7.png
6,196,modular,6,w,img/target_2.png
6,197,modular,9,v,img/target_5.png
6,198,modular,0,q,img/target_1.png
6,199,modular,3,e,img/target_3.png
6,200,modular,2,p,img/target_10.png
6,201,modular,4,r,img/target_4.png
6,202,modular,3,e,img/target_3.png
6,203,modular,4,r,img/target_4.png
6,204,modular,3,e,img/target_3.png
6,205,modular,0,q,img/target_1.png
6,206,modular,2,p,img/target_10.png
6,207,modular,3,e,img/target_3.png
6,208,modular,4,r,img/target_4.png
6,209,modular,5,b,img/target_6.png
6,210,modular,7,u,img/target_7.png
6,211,modular,6,w,img/target_2.png
6,212,modular,9,v,img/target_5.png
6,213,modular,0,q,img/target_1.png
6,214,modular,2,p,img/target_10.png
6,215,modular,0,q,img/target_1.png
6,216,modular,2,p,img/target_10.png
6,217,modular,1,i,img/target_8.png
6,218,modular,4,r,img/target_4.png
6,219,modular,3,e,img/target_3.png
6,220,modular,1,i,img/target_8.png
6,221,modular,3,e,img/target_3.png
6,222,modular,4,r,img/target_4.png
6,223,modular,2,p,img/target_10.png
6,224,modular,4,r,img/target_4.png
6,225,modular,5,b,img/target_6.png
6,226,modular,4,r,img/target_4.png
6,227,modular,1,i,img/target_8.png
6,228,modular,0,q,img/target_1.png
6,229,modular,3,e,img/target_3.png
6,230,modular,1,i,img/target_8.png
6,231,modular,3,e,img/target_3.png
6,232,modular,0,q,img/target_1.png
6,233,modular,1,i,img/target_8.png
6,234,modular,0,q,img/target_1.png
6,235,modular,9,v,img/target_5.png
6,236,modular,8,o,img/target_9.png
6,237,modular,9,v,img/target_5.png
6,238,modular,6,w,img/target_2.png
6,239,modular,9,v,img/target_5.png
6,240,modular,7,u,img/target_7.png
6,241,modular,8,o,img/target_9.png
6,242,modular,9,v,img/target_5.png
6,243,modular,8,o,img/target_9.png
6,244,modular,7,u,img/target_7.png
6,245,modular,8,o,img/target_9.png
6,246,modular,7,u,img/target_7.png
6,247,modular,5,b,img/target_6.png
6,248,modular,7,u,img/target_7.png
6,249,modular,8,o,img/target_9.png
6,250,modular,9,v,img/target_5.png
6,251,modular,8,o,img/target_9.png
6,252,modular,7,u,img/target_7.png
6,253,modular,6,w,img/target_2.png
6,254,modular,9,v,img/target_5.png
6,255,modular,7,u,img/target_7.png
6,256,modular,9,v,img/target_5.png
6,257,modular,7,u,img/target_7.png
6,258,modular,5,b,img/target_6.png
6,259,modular,6,w,img/target_2.png
6,260,modular,9,v,img/target_5.png
6,261,modular,6,w,img/target_2.png
6,262,modular,9,v,img/target_5.png
6,263,modular,8,o,img/target_9.png
6,264,modular,7,u,img/target_7.png
6,265,modular,8,o,img/target_9.png
6,266,modular,7,u,img/target_7.png
6,267,modular,8,o,img/target_9.png
6,268,modular,5,b,img/target_6.png
6,269,modular,6,w,img/target_2.png
6,270,modular,5,b,img/target_6.png
6,271,modular,8,o,img/target_9.png
6,272,modular,7,u,img/target_7.png
6,273,modular,9,v,img/target_5.png
6,274,modular,8,o,img/target_9.png
6,275,modular,5,b,img/target_6.png
6,276,modular,6,w,img/target_2.png
6,277,modular,9,v,img/target_5.png
6,278,modular,7,u,img/target_7.png
6,279,modular,8,o,img/target_9.png
6,280,modular,6,w,img/target_2.png
6,281,modular,8,o,img/target_9.png
6,282,modular,7,u,img/target_7.png
6,283,modular,8,o,img/target_9.png
6,284,modular,5,b,img/target_6.png
6,285,modular,8,o,img/target_9.png
6,286,modular,6,w,img/target_2.png
6,287,modular,8,o,img/target_9.png
6,288,modular,6,w,img/target_2.png
6,289,modular,7,u,img/target_7.png
6,290,modular,9,v,img/target_5.png
6,291,modular,6,w,img/target_2.png
6,292,modular,9,v,img/target_5.png
6,293,modular,7,u,img/target_7.png
6,294,modular,8,o,img/target_9.png
6,295,modular,7,u,img/target_7.png
6,296,modular,9,v,img/target_5.png
6,297,modular,0,q,img/target_1.png
6,298,modular,9,v,img/target_5.png
6,299,modular,8,o,img/target_9.png
6,300,modular,5,b,img/target_6.png
6,301,modular,8,o,img/target_9.png
6,302,modular,7,u,img/target_7.png
6,303,modular,9,v,img/target_5.png
6,304,modular,8,o,img/target_9.png
6,305,modular,6,w,img/target_2.png
6,306,modular,5,b,img/target_6.png
6,307,modular,4,r,img/target_4.png
6,308,modular,5,b,img/target_6.png
6,309,modular,8,o,img/target_9.png
6,310,modular,7,u,img/target_7.png
6,311,modular,6,w,img/target_2.png
6,312,modular,8,o,img/target_9.png
6,313,modular,5,b,img/target_6.png
6,314,modular,8,o,img/target_9.png
6,315,modular,7,u,img/target_7.png
6,316,modular,6,w,img/target_2.png
6,317,modular,7,u,img/target_7.png
6,318,modular,9,v,img/target_5.png
6,319,modular,8,o,img/target_9.png
6,320,modular,7,u,img/target_7.png
6,321,modular,5,b,img/target_6.png
6,322,modular,6,w,img/target_2.png
6,323,modular,9,v,img/target_5.png
6,324,modular,8,o,img/target_9.png
6,325,modular,6,w,img/target_2.png
6,326,modular,5,b,img/target_6.png
6,327,modular,7,u,img/target_7.png
6,328,modular,8,o,img/target_9.png
6,329,modular,7,u,img/target_7.png
6,330,modular,6,w,img/target_2.png
6,331,modular,9,v,img/target_5.png
6,332,modular,6,w,img/target_2.png
6,333,modular,7,u,img/target_7.png
6,334,modular,9,v,img/target_5.png
6,335,modular,6,w,img/target_2.png
6,336,modular,8,o,img/target_9.png
6,337,modular,6,w,img/target_2.png
6,338,modular,8,o,img/target_9.png
6,339,modular,6,w,img/target_2.png
6,340,modular,5,b,img/target_6.png
6,341,modular,8,o,img/target_9.png
6,342,modular,5,b,img/target_6.png
6,343,modular,7,u,img/target_7.png
6,344,modular,5,b,img/target_6.png
6,345,modular,8,o,img/target_9.png
6,346,modular,6,w,img/target_2.png
6,347,modular,7,u,img/target_7.png
6,348,modular,9,v,img/target_5.png
6,349,modular,0,q,img/target_1.png
6,350,modular,2,p,img/target_10.png
6,351,modular,4,r,img/target_4.png
6,352,modular,5,b,img/target_6.png
6,353,modular,8,o,img/target_9.png
6,354,modular,9,v,img/target_5.png
6,355,modular,8,o,img/target_9.png
6,356,modular,6,w,img/target_2.png
6,357,modular,8,o,img/target_9.png
6,358,modular,7,u,img/target_7.png
6,359,modular,9,v,img/target_5.png
6,360,modular,0,q,img/target_1.png
6,361,modular,2,p,img/target_10.png
6,362,modular,4,r,img/target_4.png
6,363,modular,1,i,img/target_8.png
6,364,modular,3,e,img/target_3.png
6,365,modular,2,p,img/target_10.png
6,366,modular,0,q,img/target_1.png
6,367,modular,3,e,img/target_3.png
6,368,modular,1,i,img/target_8.png
6,369,modular,3,e,img/target_3.png
6,370,modular,0,q,img/target_1.png
6,371,modular,3,e,img/target_3.png
6,372,modular,4,r,img/target_4.png
6,373,modular,2,p,img/target_10.png
6,374,modular,1,i,img/target_8.png
6,375,modular,3,e,img/target_3.png
6,376,modular,4,r,img/target_4.png
6,377,modular,1,i,img/target_8.png
6,378,modular,3,e,img/target_3.png
6,379,modular,1,i,img/target_8.png
6,380,modular,3,e,img/target_3.png
6,381,modular,4,r,img/target_4.png
6,382,modular,1,i,img/target_8.png
6,383,modular,2,p,img/target_10.png
6,384,modular,1,i,img/target_8.png
6,385,modular,0,q,img/target_1.png
6,386,modular,3,e,img/target_3.png
6,387,modular,2,p,img/target_10.png
6,388,modular,0,q,img/target_1.png
6,389,modular,2,p,img/target_10.png
6,390,modular,3,e,img/target_3.png
6,391,modular,4,r,img/target_4.png
6,392,modular,1,i,img/target_8.png
6,393,modular,4,r,img/target_4.png
6,394,modular,2,p,img/target_10.png
6,395,modular,4,r,img/target_4.png
6,396,modular,5,b,img/target_6.png
6,397,modular,4,r,img/target_4.png
6,398,modular,2,p,img/target_10.png
6,399,modular,3,e,img/target_3.png
6,400,modular,2,p,img/target_10.png
6,401,modular,3,e,img/target_3.png
6,402,modular,1,i,img/target_8.png
6,403,modular,2,p,img/target_10.png
6,404,modular,3,e,img/target_3.png
6,405,modular,1,i,img/target_8.png
6,406,modular,4,r,img/target_4.png
6,407,modular,5,b,img/target_6.png
6,408,modular,7,u,img/target_7.png
6,409,modular,8,o,img/target_9.png
6,410,modular,6,w,img/target_2.png
6,411,modular,9,v,img/target_5.png
6,412,modular,0,q,img/target_1.png
6,413,modular,2,p,img/target_10.png
6,414,modular,3,e,img/target_3.png
6,415,modular,2,p,img/target_10.png
6,416,modular,4,r,img/target_4.png
6,417,modular,1,i,img/target_8.png
6,418,modular,4,r,img/target_4.png
6,419,modular,1,i,img/target_8.png
6,420,modular,3,e,img/target_3.png
6,421,modular,4,r,img/target_4.png
6,422,modular,2,p,img/target_10.png
6,423,modular,0,q,img/target_1.png
6,424,modular,3,e,img/target_3.png
6,425,modular,0,q,img/target_1.png
6,426,modular,9,v,img/target_5.png
6,427,modular,7,u,img/target_7.png
6,428,modular,9,v,img/target_5.png
6,429,modular,6,w,img/target_2.png
6,430,modular,9,v,img/target_5.png
6,431,modular,0,q,img/target_1.png
6,432,modular,3,e,img/target_3.png
6,433,modular,1,i,img/target_8.png
6,434,modular,2,p,img/target_10.png
6,435,modular,1,i,img/target_8.png
6,436,modular,4,r,img/target_4.png
6,437,modular,3,e,img/target_3.png
6,438,modular,1,i,img/target_8.png
6,439,modular,3,e,img/target_3.png
6,440,modular,2,p,img/target_10.png
6,441,modular,0,q,img/target_1.png
6,442,modular,2,p,img/target_10.png
6,443,modular,0,q,img/target_1.png
6,444,modular,3,e,img/target_3.png
6,445,modular,0,q,img/target_1.png
6,446,modular,2,p,img/target_10.png
6,447,modular,4,r,img/target_4.png
6,448,modular,1,i,img/target_8.png
6,449,modular,2,p,img/target_10.png
6,450,modular,0,q,img/target_1.png
6,451,modular,9,v,img/target_5.png
6,452,modular,7,u,img/target_7.png
6,453,modular,8,o,img/target_9.png
6,454,modular,9,v,img/target_5.png
6,455,modular,0,q,img/target_1.png
6,456,modular,1,i,img/target_8.png
6,457,modular,4,r,img/target_4.png
6,458,modular,1,i,img/target_8.png
6,459,modular,2,p,img/target_10.png
6,460,modular,4,r,img/target_4.png
6,461,modular,1,i,img/target_8.png
6,462,modular,0,q,img/target_1.png
6,463,modular,2,p,img/target_10.png
6,464,modular,4,r,img/target_4.png
6,465,modular,3,e,img/target_3.png
6,466,modular,2,p,img/target_10.png
6,467,modular,1,i,img/target_8.png
6,468,modular,0,q,img/target_1.png
6,469,modular,2,p,img/target_10.png
6,470,modular,3,e,img/target_3.png
6,471,modular,4,r,img/target_4.png
6,472,modular,5,b,img/target_6.png
6,473,modular,6,w,img/target_2.png
6,474,modular,8,o,img/target_9.png
6,475,modular,7,u,img/target_7.png
6,476,modular,8,o,img/target_9.png
6,477,modular,9,v,img/target_5.png
6,478,modular,0,q,img/target_1.png
6,479,modular,2,p,img/target_10.png
6,480,modular,0,q,img/target_1.png
6,481,modular,9,v,img/target_5.png
6,482,modular,0,q,img/target_1.png
6,483,modular,9,v,img/target_5.png
6,484,modular,0,q,img/target_1.png
6,485,modular,1,i,img/target_8.png
6,486,modular,2,p,img/target_10.png
6,487,modular,3,e,img/target_3.png
6,488,modular,0,q,img/target_1.png
6,489,modular,3,e,img/target_3.png
6,490,modular,0,q,img/target_1.png
6,491,modular,3,e,img/target_3.png
6,492,modular,0,q,img/target_1.png
6,493,modular,9,v,img/target_5.png
6,494,modular,6,w,img/target_2.png
6,495,modular,9,v,img/target_5.png
6,496,modular,0,q,img/target_1.png
6,497,modular,2,p,img/target_10.png
6,498,modular,0,q,img/target_1.png
6,499,modular,3,e,img/target_3.png
6,500,modular,0,q,img/target_1.png
6,501,modular,1,i,img/target_8.png
6,502,modular,4,r,img/target_4.png
6,503,modular,3,e,img/target_3.png
6,504,modular,4,r,img/target_4.png
6,505,modular,5,b,img/target_6.png
6,506,modular,7,u,img/target_7.png
6,507,modular,8,o,img/target_9.png
6,508,modular,6,w,img/target_2.png
6,509,modular,5,b,img/target_6.png
6,510,modular,6,w,img/target_2.png
6,511,modular,7,u,img/target_7.png
6,512,modular,8,o,img/target_9.png
6,513,modular,9,v,img/target_5.png
6,514,modular,6,w,img/target_2.png
6,515,modular,5,b,img/target_6.png
6,516,modular,7,u,img/target_7.png
6,517,modular,9,v,img/target_5.png
6,518,modular,6,w,img/target_2.png
6,519,modular,9,v,img/target_5.png
6,520,modular,6,w,img/target_2.png
6,521,modular,8,o,img/target_9.png
6,522,modular,6,w,img/target_2.png
6,523,modular,5,b,img/target_6.png
6,524,modular,4,r,img/target_4.png
6,525,modular,2,p,img/target_10.png
6,526,modular,0,q,img/target_1.png
6,527,modular,9,v,img/target_5.png
6,528,modular,7,u,img/target_7.png
6,529,modular,9,v,img/target_5.png
6,530,modular,0,q,img/target_1.png
6,531,modular,9,v,img/target_5.png
6,532,modular,8,o,img/target_9.png
6,533,modular,7,u,img/target_7.png
6,534,modular,9,v,img/target_5.png
6,535,modular,8,o,img/target_9.png
6,536,modular,7,u,img/target_7.png
6,537,modular,5,b,img/target_6.png
6,538,modular,6,w,img/target_2.png
6,539,modular,7,u,img/target_7.png
6,540,modular,5,b,img/target_6.png
6,541,modular,8,o,img/target_9.png
6,542,modular,7,u,img/target_7.png
6,543,modular,5,b,img/target_6.png
6,544,modular,7,u,img/target_7.png
6,545,modular,6,w,img/target_2.png
6,546,modular,8,o,img/target_9.png
6,547,modular,5,b,img/target_6.png
6,548,modular,8,o,img/target_9.png
6,549,modular,7,u,img/target_7.png
6,550,modular,8,o,img/target_9.png
6,551,modular,7,u,img/target_7.png
6,552,modular,5,b,img/target_6.png
6,553,modular,7,u,img/target_7.png
6,554,modular,8,o,img/target_9.png
6,555,modular,5,b,img/target_6.png
6,556,modular,6,w,img/target_2.png
6,557,modular,7,u,img/target_7.png
6,558,modular,5,b,img/target_6.png
6,559,modular,4,r,img/target_4.png
6,560,modular,2,p,img/target_10.png
6,561,modular,3,e,img/target_3.png
6,562,modular,0,q,img/target_1.png
6,563,modular,1,i,img/target_8.png
6,564,modular,2,p,img/target_10.png
6,565,modular,0,q,img/target_1.png
6,566,modular,1,i,img/target_8.png
6,567,modular,3,e,img/target_3.png
6,568,modular,4,r,img/target_4.png
6,569,modular,5,b,img/target_6.png
6,570,modular,6,w,img/target_2.png
6,571,modular,8,o,img/target_9.png
6,572,modular,5,b,img/target_6.png
6,573,modular,8,o,img/target_9.png
6,574,modular,7,u,img/target_7.png
6,575,modular,9,v,img/target_5.png
6,576,modular,0,q,img/target_1.png
6,577,modular,9,v,img/target_5.png
6,578,modular,0,q,img/target_1.png
6,579,modular,3,e,img/target_3.png
6,580,modular,1,i,img/target_8.png
6,581,modular,3,e,img/target_3.png
6,582,modular,2,p,img/target_10.png
6,583,modular,0,q,img/target_1.png
6,584,modular,1,i,img/target_8.png
6,585,modular,3,e,img/target_3.png
6,586,modular,0,q,img/target_1.png
6,587,modular,1,i,img/target_8.png
6,588,modular,2,p,img/target_10.png
6,589,modular,1,i,img/target_8.png
6,590,modular,4,r,img/target_4.png
6,591,modular,1,i,img/target_8.png
6,592,modular,4,r,img/target_4.png
6,593,modular,3,e,img/target_3.png
6,594,modular,1,i,img/target_8.png
6,595,modular,4,r,img/target_4.png
6,596,modular,5,b,img/target_6.png
6,597,modular,7,u,img/target_7.png
6,598,modular,9,v,img/target_5.png
6,599,modular,6,w,img/target_2.png
6,600,modular,5,b,img/target_6.png
6,601,modular,8,o,img/target_9.png
6,602,modular,7,u,img/target_7.png
6,603,modular,8,o,img/target_9.png
6,604,modular,7,u,img/target_7.png
6,605,modular,9,v,img/target_5.png
6,606,modular,6,w,img/target_2.png
6,607,modular,8,o,img/target_9.png
6,608,modular,6,w,img/target_2.png
6,609,modular,7,u,img/target_7.png
6,610,modular,6,w,img/target_2.png
6,611,modular,8,o,img/target_9.png
6,612,modular,5,b,img/target_6.png
6,613,modular,8,o,img/target_9.png
6,614,modular,9,v,img/target_5.png
6,615,modular,6,w,img/target_2.png
6,616,modular,9,v,img/target_5.png
6,617,modular,8,o,img/target_9.png
6,618,modular,6,w,img/target_2.png
6,619,modular,8,o,img/target_9.png
6,620,modular,9,v,img/target_5.png
6,621,modular,0,q,img/target_1.png
6,622,modular,3,e,img/target_3.png
6,623,modular,2,p,img/target_10.png
6,624,modular,3,e,img/target_3.png
6,625,modular,1,i,img/target_8.png
6,626,modular,4,r,img/target_4.png
6,627,modular,2,p,img/target_10.png
6,628,modular,0,q,img/target_1.png
6,629,modular,3,e,img/target_3.png
6,630,modular,1,i,img/target_8.png
6,631,modular,3,e,img/target_3.png
6,632,modular,2,p,img/target_10.png
6,633,modular,4,r,img/target_4.png
6,634,modular,1,i,img/target_8.png
6,635,modular,4,r,img/target_4.png
6,636,modular,1,i,img/target_8.png
6,637,modular,2,p,img/target_10.png
6,638,modular,1,i,img/target_8.png
6,639,modular,0,q,img/target_1.png
6,640,modular,2,p,img/target_10.png
6,641,modular,4,r,img/target_4.png
6,642,modular,3,e,img/target_3.png
6,643,modular,2,p,img/target_10.png
6,644,modular,4,r,img/target_4.png
6,645,modular,3,e,img/target_3.png
6,646,modular,0,q,img/target_1.png
6,647,modular,2,p,img/target_10.png
6,648,modular,0,q,img/target_1.png
6,649,modular,2,p,img/target_10.png
6,650,modular,3,e,img/target_3.png
6,651,modular,4,r,img/target_4.png
6,652,modular,1,i,img/target_8.png
6,653,modular,3,e,img/target_3.png
6,654,modular,0,q,img/target_1.png
6,655,modular,1,i,img/target_8.png
6,656,modular,2,p,img/target_10.png
6,657,modular,0,q,img/target_1.png
6,658,modular,9,v,img/target_5.png
6,659,modular,0,q,img/target_1.png
6,660,modular,1,i,img/target_8.png
6,661,modular,3,e,img/target_3.png
6,662,modular,0,q,img/target_1.png
6,663,modular,3,e,img/target_3.png
6,664,modular,4,r,img/target_4.png
6,665,modular,1,i,img/target_8.png
6,666,modular,0,q,img/target_1.png
6,667,modular,9,v,img/target_5.png
6,668,modular,0,q,img/target_1.png
6,669,modular,1,i,img/target_8.png
6,670,modular,4,r,img/target_4.png
6,671,modular,3,e,img/target_3.png
6,672,modular,1,i,img/target_8.png
6,673,modular,2,p,img/target_10.png
6,674,modular,4,r,img/target_4.png
6,675,modular,1,i,img/target_8.png
6,676,modular,4,r,img/target_4.png
6,677,modular,1,i,img/target_8.png
6,678,modular,4,r,img/target_4.png
6,679,modular,5,b,img/target_6.png
6,680,modular,4,r,img/target_4.png
6,681,modular,2,p,img/target_10.png
6,682,modular,4,r,img/target_4.png
6,683,modular,3,e,img/target_3.png
6,684,modular,4,r,img/target_4.png
6,685,modular,2,p,img/target_10.png
6,686,modular,3,e,img/target_3.png
6,687,modular,4,r,img/target_4.png
6,688,modular,5,b,img/target_6.png
6,689,modular,6,w,img/target_2.png
6,690,modular,8,o,img/target_9.png
6,691,modular,5,b,img/target_6.png
6,692,modular,4,r,img/target_4.png
6,693,modular,1,i,img/target_8.png
6,694,modular,3,e,img/target_3.png
6,695,modular,2,p,img/target_10.png
6,696,modular,0,q,img/target_1.png
6,697,modular,1,i,img/target_8.png
6,698,modular,2,p,img/target_10.png
6,699,modular,1,i,img/target_8.png
6,700,modular,3,e,img/target_3.png
6,701,modular,1,i,img/target_8.png
6,702,modular,0,q,img/target_1.png
6,703,modular,9,v,img/target_5.png
6,704,modular,7,u,img/target_7.png
6,705,modular,5,b,img/target_6.png
6,706,modular,6,w,img/target_2.png
6,707,modular,7,u,img/target_7.png
6,708,modular,6,w,img/target_2.png
6,709,modular,5,b,img/target_6.png
6,710,modular,7,u,img/target_7.png
6,711,modular,6,w,img/target_2.png
6,712,modular,8,o,img/target_9.png
6,713,modular,5,b,img/target_6.png
6,714,modular,8,o,img/target_9.png
6,715,modular,6,w,img/target_2.png
6,716,modular,7,u,img/target_7.png
6,717,modular,6,w,img/target_2.png
6,718,modular,8,o,img/target_9.png
6,719,modular,9,v,img/target_5.png
6,720,modular,6,w,img/target_2.png
6,721,modular,9,v,img/target_5.png
6,722,modular,8,o,img/target_9.png
6,723,modular,5,b,img/target_6.png
6,724,modular,4,r,img/target_4.png
6,725,modular,3,e,img/target_3.png
6,726,modular,0,q,img/target_1.png
6,727,modular,2,p,img/target_10.png
6,728,modular,1,i,img/target_8.png
6,729,modular,3,e,img/target_3.png
6,730,modular,4,r,img/target_4.png
6,731,modular,3,e,img/target_3.png
6,732,modular,4,r,img/target_4.png
6,733,modular,3,e,img/target_3.png
6,734,modular,2,p,img/target_10.png
6,735,modular,1,i,img/target_8.png
6,736,modular,0,q,img/target_1.png
6,737,modular,2,p,img/target_10.png
6,738,modular,0,q,img/target_1.png
6,739,modular,1,i,img/target_8.png
6,740,modular,2,p,img/target_10.png
6,741,modular,4,r,img/target_4.png
6,742,modular,2,p,img/target_10.png
6,743,modular,3,e,img/target_3.png
6,744,modular,0,q,img/target_1.png
6,745,modular,2,p,img/target_10.png
6,746,modular,3,e,img/target_3.png
6,747,modular,1,i,img/target_8.png
6,748,modular,2,p,img/target_10.png
6,749,modular,1,i,img/target_8.png
6,750,modular,0,q,img/target_1.png
6,751,modular,1,i,img/target_8.png
6,752,modular,0,q,img/target_1.png
6,753,modular,9,v,img/target_5.png
6,754,modular,6,w,img/target_2.png
6,755,modular,8,o,img/target_9.png
6,756,modular,9,v,img/target_5.png
6,757,modular,0,q,img/target_1.png
6,758,modular,9,v,img/target_5.png
6,759,modular,8,o,img/target_9.png
6,760,modular,9,v,img/target_5.png
6,761,modular,6,w,img/target_2.png
6,762,modular,5,b,img/target_6.png
6,763,modular,4,r,img/target_4.png
6,764,modular,3,e,img/target_3.png
6,765,modular,1,i,img/target_8.png
6,766,modular,2,p,img/target_10.png
6,767,modular,0,q,img/target_1.png
6,768,modular,2,p,img/target_10.png
6,769,modular,1,i,img/target_8.png
6,770,modular,4,r,img/target_4.png
6,771,modular,2,p,img/target_10.png
6,772,modular,1,i,img/target_8.png
6,773,modular,0,q,img/target_1.png
6,774,modular,1,i,img/target_8.png
6,775,modular,2,p,img/target_10.png
6,776,modular,4,r,img/target_4.png
6,777,modular,3,e,img/target_3.png
6,778,modular,0,q,img/target_1.png
6,779,modular,9,v,img/target_5.png
6,780,modular,7,u,img/target_7.png
6,781,modular,8,o,img/target_9.png
6,782,modular,5,b,img/target_6.png
6,783,modular,7,u,img/target_7.png
6,784,modular,6,w,img/target_2.png
6,785,modular,5,b,img/target_6.png
6,786,modular,8,o,img/target_9.png
6,787,modular,6,w,img/target_2.png
6,788,modular,5,b,img/target_6.png
6,789,modular,6,w,img/target_2.png
6,790,modular,7,u,img/target_7.png
6,791,modular,6,w,img/target_2.png
6,792,modular,8,o,img/target_9.png
6,793,modular,5,b,img/target_6.png
6,794,modular,7,u,img/target_7.png
6,795,modular,8,o,img/target_9.png
6,796,modular,5,b,img/target_6.png
6,797,modular,4,r,img/target_4.png
6,798,modular,5,b,img/target_6.png
6,799,modular,6,w,img/target_2.png
6,800,modular,8,o,img/target_9.png
6,801,modular,5,b,img/target_6.png
6,802,modular,7,u,img/target_7.png
6,803,modular,6,w,img/target_2.png
6,804,modular,7,u,img/target_7.png
6,805,modular,5,b,img/target_6.png
6,806,modular,7,u,img/target_7.png
6,807,modular,9,v,img/target_5.png
6,808,modular,6,w,img/target_2.png
6,809,modular,8,o,img/target_9.png
6,810,modular,5,b,img/target_6.png
6,811,modular,8,o,img/target_9.png
6,812,modular,5,b,img/target_6.png
6,813,modular,7,u,img/target_7.png
6,814,modular,6,w,img/target_2.png
6,815,modular,5,b,img/target_6.png
6,816,modular,8,o,img/target_9.png
6,817,modular,9,v,img/target_5.png
6,818,modular,6,w,img/target_2.png
6,819,modular,7,u,img/target_7.png
6,820,modular,9,v,img/target_5.png
6,821,modular,0,q,img/target_1.png
6,822,modular,3,e,img/target_3.png
6,823,modular,1,i,img/target_8.png
6,824,modular,0,q,img/target_1.png
6,825,modular,9,v,img/target_5.png
6,826,modular,0,q,img/target_1.png
6,827,modular,9,v,img/target_5.png
6,828,modular,7,u,img/target_7.png
6,829,modular,5,b,img/target_6.png
6,830,modular,7,u,img/target_7.png
6,831,modular,8,o,img/target_9.png
6,832,modular,6,w,img/target_2.png
6,833,modular,8,o,img/target_9.png
6,834,modular,5,b,img/target_6.png
6,835,modular,6,w,img/target_2.png
6,836,modular,5,b,img/target_6.png
6,837,modular,4,r,img/target_4.png
6,838,modular,3,e,img/target_3.png
6,839,modular,0,q,img/target_1.png
6,840,modular,2,p,img/target_10.png
6,841,modular,0,q,img/target_1.png
6,842,modular,9,v,img/target_5.png
6,843,modular,7,u,img/target_7.png
6,844,modular,6,w,img/target_2.png
6,845,modular,5,b,img/target_6.png
6,846,modular,8,o,img/target_9.png
6,847,modular,5,b,img/target_6.png
6,848,modular,4,r,img/target_4.png
6,849,modular,5,b,img/target_6.png
6,850,modular,7,u,img/target_7.png
6,851,modular,5,b,img/target_6.png
6,852,modular,4,r,img/target_4.png
6,853,modular,2,p,img/target_10.png
6,854,modular,3,e,img/target_3.png
6,855,modular,0,q,img/target_1.png
6,856,modular,9,v,img/target_5.png
6,857,modular,7,u,img/target_7.png
6,858,modular,8,o,img/target_9.png
6,859,modular,6,w,img/target_2.png
6,860,modular,9,v,img/target_5.png
6,861,modular,6,w,img/target_2.png
6,862,modular,7,u,img/target_7.png
6,863,modular,8,o,img/target_9.png
6,864,modular,9,v,img/target_5.png
6,865,modular,0,q,img/target_1.png
6,866,modular,1,i,img/target_8.png
6,867,modular,4,r,img/target_4.png
6,868,modular,2,p,img/target_10.png
6,869,modular,1,i,img/target_8.png
6,870,modular,3,e,img/target_3.png
6,871,modular,4,r,img/target_4.png
6,872,modular,5,b,img/target_6.png
6,873,modular,7,u,img/target_7.png
6,874,modular,8,o,img/target_9.png
6,875,modular,5,b,img/target_6.png
6,876,modular,8,o,img/target_9.png
6,877,modular,7,u,img/target_7.png
6,878,modular,9,v,img/target_5.png
6,879,modular,8,o,img/target_9.png
6,880,modular,9,v,img/target_5.png
6,881,modular,7,u,img/target_7.png
6,882,modular,5,b,img/target_6.png
6,883,modular,6,w,img/target_2.png
6,884,modular,5,b,img/target_6.png
6,885,modular,8,o,img/target_9.png
6,886,modular,5,b,img/target_6.png
6,887,modular,4,r,img/target_4.png
6,888,modular,2,p,img/target_10.png
6,889,modular,3,e,img/target_3.png
6,890,modular,4,r,img/target_4.png
6,891,modular,2,p,img/target_10.png
6,892,modular,1,i,img/target_8.png
6,893,modular,4,r,img/target_4.png
6,894,modular,3,e,img/target_3.png
6,895,modular,2,p,img/target_10.png
6,896,modular,0,q,img/target_1.png
6,897,modular,2,p,img/target_10.png
6,898,modular,0,q,img/target_1.png
6,899,modular,9,v,img/target_5.png
6,900,modular,7,u,img/target_7.png
6,901,modular,6,w,img/target_2.png
6,902,modular,7,u,img/target_7.png
6,903,modular,8,o,img/target_9.png
6,904,modular,6,w,img/target_2.png
6,905,modular,7,u,img/target_7.png
6,906,modular,5,b,img/target_6.png
6,907,modular,4,r,img/target_4.png
6,908,modular,2,p,img/target_10.png
6,909,modular,3,e,img/target_3.png
6,910,modular,1,i,img/target_8.png
6,911,modular,4,r,img/target_4.png
6,912,modular,2,p,img/target_10.png
6,913,modular,1,i,img/target_8.png
6,914,modular,3,e,img/target_3.png
6,915,modular,2,p,img/target_10.png
6,916,modular,4,r,img/target_4.png
6,917,modular,1,i,img/target_8.png
6,918,modular,4,r,img/target_4.png
6,919,modular,2,p,img/target_10.png
6,920,modular,1,i,img/target_8.png
6,921,modular,0,q,img/target_1.png
6,922,modular,1,i,img/target_8.png
6,923,modular,3,e,img/target_3.png
6,924,modular,4,r,img/target_4.png
6,925,modular,2,p,img/target_10.png
6,926,modular,4,r,img/target_4.png
6,927,modular,5,b,img/target_6.png
6,928,modular,7,u,img/target_7.png
6,929,modular,5,b,img/target_6.png
6,930,modular,8,o,img/target_9.png
6,931,modular,9,v,img/target_5.png
6,932,modular,0,q,img/target_1.png
6,933,modular,2,p,img/target_10.png
6,934,modular,1,i,img/target_8.png
6,935,modular,2,p,img/target_10.png
6,936,modular,3,e,img/target_3.png
6,937,modular,4,r,img/target_4.png
6,938,modular,2,p,img/target_10.png
6,939,modular,4,r,img/target_4.png
6,940,modular,1,i,img/target_8.png
6,941,modular,2,p,img/target_10.png
6,942,modular,3,e,img/target_3.png
6,943,modular,1,i,img/target_8.png
6,944,modular,2,p,img/target_10.png
6,945,modular,1,i,img/target_8.png
6,946,modular,2,p,img/target_10.png
6,947,modular,1,i,img/target_8.png
6,948,modular,4,r,img/target_4.png
6,949,modular,1,i,img/target_8.png
6,950,modular,4,r,img/target_4.png
6,951,modular,3,e,img/target_3.png
6,952,modular,2,p,img/target_10.png
6,953,modular,1,i,img/target_8.png
6,954,modular,0,q,img/target_1.png
6,955,modular,3,e,img/target_3.png
6,956,modular,1,i,img/target_8.png
6,957,modular,3,e,img/target_3.png
6,958,modular,1,i,img/target_8.png
6,959,modular,0,q,img/target_1.png
6,960,modular,3,e,img/target_3.png
6,961,modular,2,p,img/target_10.png
6,962,modular,0,q,img/target_1.png
6,963,modular,2,p,img/target_10.png
6,964,modular,0,q,img/target_1.png
6,965,modular,3,e,img/target_3.png
6,966,modular,0,q,img/target_1.png
6,967,modular,9,v,img/target_5.png
6,968,modular,8,o,img/target_9.png
6,969,modular,7,u,img/target_7.png
6,970,modular,9,v,img/target_5.png
6,971,modular,0,q,img/target_1.png
6,972,modular,2,p,img/target_10.png
6,973,modular,0,q,img/target_1.png
6,974,modular,1,i,img/target_8.png
6,975,modular,2,p,img/target_10.png
6,976,modular,3,e,img/target_3.png
6,977,modular,1,i,img/target_8.png
6,978,modular,4,r,img/target_4.png
6,979,modular,3,e,img/target_3.png
6,980,modular,2,p,img/target_10.png
6,981,modular,3,e,img/target_3.png
6,982,modular,1,i,img/target_8.png
6,983,modular,0,q,img/target_1.png
6,984,modular,2,p,img/target_10.png
6,985,modular,0,q,img/target_1.png
6,986,modular,9,v,img/target_5.png
6,987,modular,8,o,img/target_9.png
6,988,modular,6,w,img/target_2.png
6,989,modular,5,b,img/target_6.png
6,990,modular,7,u,img/target_7.png
6,991,modular,5,b,img/target_6.png
6,992,modular,8,o,img/target_9.png
6,993,modular,5,b,img/target_6.png
6,994,modular,7,u,img/target_7.png
6,995,modular,8,o,img/target_9.png
6,996,modular,5,b,img/target_6.png
6,997,modular,7,u,img/target_7.png
6,998,modular,8,o,img/target_9.png
6,999,modular,9,v,img/target_5.png
6,1000,modular,6,w,img/target_2.png
