pID,sess,trialNum,graph,walk,resp,path
33,1,1,lattice,5,w,img/target_2.png
33,1,2,lattice,3,e,img/target_3.png
33,1,3,lattice,5,w,img/target_2.png
33,1,4,lattice,4,p,img/target_10.png
33,1,5,lattice,6,b,img/target_6.png
33,1,6,lattice,5,w,img/target_2.png
33,1,7,lattice,3,e,img/target_3.png
33,1,8,lattice,2,q,img/target_1.png
33,1,9,lattice,0,r,img/target_4.png
33,1,10,lattice,2,q,img/target_1.png
33,1,11,lattice,4,p,img/target_10.png
33,1,12,lattice,6,b,img/target_6.png
33,1,13,lattice,5,w,img/target_2.png
33,1,14,lattice,7,i,img/target_8.png
33,1,15,lattice,9,o,img/target_9.png
33,1,16,lattice,7,i,img/target_8.png
33,1,17,lattice,9,o,img/target_9.png
33,1,18,lattice,0,r,img/target_4.png
33,1,19,lattice,9,o,img/target_9.png
33,1,20,lattice,8,v,img/target_5.png
33,1,21,lattice,7,i,img/target_8.png
33,1,22,lattice,9,o,img/target_9.png
33,1,23,lattice,8,v,img/target_5.png
33,1,24,lattice,7,i,img/target_8.png
33,1,25,lattice,8,v,img/target_5.png
33,1,26,lattice,0,r,img/target_4.png
33,1,27,lattice,8,v,img/target_5.png
33,1,28,lattice,6,b,img/target_6.png
33,1,29,lattice,5,w,img/target_2.png
33,1,30,lattice,6,b,img/target_6.png
33,1,31,lattice,5,w,img/target_2.png
33,1,32,lattice,7,i,img/target_8.png
33,1,33,lattice,9,o,img/target_9.png
33,1,34,lattice,8,v,img/target_5.png
33,1,35,lattice,9,o,img/target_9.png
33,1,36,lattice,7,i,img/target_8.png
33,1,37,lattice,9,o,img/target_9.png
33,1,38,lattice,0,r,img/target_4.png
33,1,39,lattice,8,v,img/target_5.png
33,1,40,lattice,7,i,img/target_8.png
33,1,41,lattice,5,w,img/target_2.png
33,1,42,lattice,3,e,img/target_3.png
33,1,43,lattice,4,p,img/target_10.png
33,1,44,lattice,2,q,img/target_1.png
33,1,45,lattice,3,e,img/target_3.png
33,1,46,lattice,2,q,img/target_1.png
33,1,47,lattice,3,e,img/target_3.png
33,1,48,lattice,4,p,img/target_10.png
33,1,49,lattice,2,q,img/target_1.png
33,1,50,lattice,4,p,img/target_10.png
33,1,51,lattice,5,w,img/target_2.png
33,1,52,lattice,7,i,img/target_8.png
33,1,53,lattice,5,w,img/target_2.png
33,1,54,lattice,6,b,img/target_6.png
33,1,55,lattice,4,p,img/target_10.png
33,1,56,lattice,5,w,img/target_2.png
33,1,57,lattice,4,p,img/target_10.png
33,1,58,lattice,5,w,img/target_2.png
33,1,59,lattice,7,i,img/target_8.png
33,1,60,lattice,9,o,img/target_9.png
33,1,61,lattice,1,u,img/target_7.png
33,1,62,lattice,9,o,img/target_9.png
33,1,63,lattice,1,u,img/target_7.png
33,1,64,lattice,0,r,img/target_4.png
33,1,65,lattice,2,q,img/target_1.png
33,1,66,lattice,4,p,img/target_10.png
33,1,67,lattice,5,w,img/target_2.png
33,1,68,lattice,3,e,img/target_3.png
33,1,69,lattice,1,u,img/target_7.png
33,1,70,lattice,0,r,img/target_4.png
33,1,71,lattice,8,v,img/target_5.png
33,1,72,lattice,7,i,img/target_8.png
33,1,73,lattice,5,w,img/target_2.png
33,1,74,lattice,7,i,img/target_8.png
33,1,75,lattice,6,b,img/target_6.png
33,1,76,lattice,5,w,img/target_2.png
33,1,77,lattice,4,p,img/target_10.png
33,1,78,lattice,2,q,img/target_1.png
33,1,79,lattice,1,u,img/target_7.png
33,1,80,lattice,0,r,img/target_4.png
33,1,81,lattice,9,o,img/target_9.png
33,1,82,lattice,8,v,img/target_5.png
33,1,83,lattice,0,r,img/target_4.png
33,1,84,lattice,1,u,img/target_7.png
33,1,85,lattice,2,q,img/target_1.png
33,1,86,lattice,3,e,img/target_3.png
33,1,87,lattice,4,p,img/target_10.png
33,1,88,lattice,3,e,img/target_3.png
33,1,89,lattice,1,u,img/target_7.png
33,1,90,lattice,3,e,img/target_3.png
33,1,91,lattice,2,q,img/target_1.png
33,1,92,lattice,3,e,img/target_3.png
33,1,93,lattice,4,p,img/target_10.png
33,1,94,lattice,5,w,img/target_2.png
33,1,95,lattice,3,e,img/target_3.png
33,1,96,lattice,5,w,img/target_2.png
33,1,97,lattice,7,i,img/target_8.png
33,1,98,lattice,6,b,img/target_6.png
33,1,99,lattice,7,i,img/target_8.png
33,1,100,lattice,6,b,img/target_6.png
33,1,101,lattice,4,p,img/target_10.png
33,1,102,lattice,3,e,img/target_3.png
33,1,103,lattice,2,q,img/target_1.png
33,1,104,lattice,4,p,img/target_10.png
33,1,105,lattice,3,e,img/target_3.png
33,1,106,lattice,2,q,img/target_1.png
33,1,107,lattice,0,r,img/target_4.png
33,1,108,lattice,1,u,img/target_7.png
33,1,109,lattice,0,r,img/target_4.png
33,1,110,lattice,1,u,img/target_7.png
33,1,111,lattice,9,o,img/target_9.png
33,1,112,lattice,7,i,img/target_8.png
33,1,113,lattice,9,o,img/target_9.png
33,1,114,lattice,7,i,img/target_8.png
33,1,115,lattice,9,o,img/target_9.png
33,1,116,lattice,7,i,img/target_8.png
33,1,117,lattice,9,o,img/target_9.png
33,1,118,lattice,8,v,img/target_5.png
33,1,119,lattice,7,i,img/target_8.png
33,1,120,lattice,9,o,img/target_9.png
33,1,121,lattice,1,u,img/target_7.png
33,1,122,lattice,0,r,img/target_4.png
33,1,123,lattice,9,o,img/target_9.png
33,1,124,lattice,1,u,img/target_7.png
33,1,125,lattice,9,o,img/target_9.png
33,1,126,lattice,0,r,img/target_4.png
33,1,127,lattice,9,o,img/target_9.png
33,1,128,lattice,0,r,img/target_4.png
33,1,129,lattice,8,v,img/target_5.png
33,1,130,lattice,7,i,img/target_8.png
33,1,131,lattice,5,w,img/target_2.png
33,1,132,lattice,7,i,img/target_8.png
33,1,133,lattice,9,o,img/target_9.png
33,1,134,lattice,7,i,img/target_8.png
33,1,135,lattice,8,v,img/target_5.png
33,1,136,lattice,0,r,img/target_4.png
33,1,137,lattice,1,u,img/target_7.png
33,1,138,lattice,0,r,img/target_4.png
33,1,139,lattice,9,o,img/target_9.png
33,1,140,lattice,7,i,img/target_8.png
33,1,141,lattice,8,v,img/target_5.png
33,1,142,lattice,0,r,img/target_4.png
33,1,143,lattice,9,o,img/target_9.png
33,1,144,lattice,0,r,img/target_4.png
33,1,145,lattice,8,v,img/target_5.png
33,1,146,lattice,7,i,img/target_8.png
33,1,147,lattice,6,b,img/target_6.png
33,1,148,lattice,7,i,img/target_8.png
33,1,149,lattice,9,o,img/target_9.png
33,1,150,lattice,7,i,img/target_8.png
33,1,151,lattice,8,v,img/target_5.png
33,1,152,lattice,0,r,img/target_4.png
33,1,153,lattice,1,u,img/target_7.png
33,1,154,lattice,0,r,img/target_4.png
33,1,155,lattice,2,q,img/target_1.png
33,1,156,lattice,3,e,img/target_3.png
33,1,157,lattice,1,u,img/target_7.png
33,1,158,lattice,0,r,img/target_4.png
33,1,159,lattice,2,q,img/target_1.png
33,1,160,lattice,3,e,img/target_3.png
33,1,161,lattice,1,u,img/target_7.png
33,1,162,lattice,9,o,img/target_9.png
33,1,163,lattice,7,i,img/target_8.png
33,1,164,lattice,6,b,img/target_6.png
33,1,165,lattice,7,i,img/target_8.png
33,1,166,lattice,6,b,img/target_6.png
33,1,167,lattice,7,i,img/target_8.png
33,1,168,lattice,8,v,img/target_5.png
33,1,169,lattice,9,o,img/target_9.png
33,1,170,lattice,7,i,img/target_8.png
33,1,171,lattice,6,b,img/target_6.png
33,1,172,lattice,7,i,img/target_8.png
33,1,173,lattice,8,v,img/target_5.png
33,1,174,lattice,7,i,img/target_8.png
33,1,175,lattice,5,w,img/target_2.png
33,1,176,lattice,6,b,img/target_6.png
33,1,177,lattice,7,i,img/target_8.png
33,1,178,lattice,6,b,img/target_6.png
33,1,179,lattice,5,w,img/target_2.png
33,1,180,lattice,7,i,img/target_8.png
33,1,181,lattice,8,v,img/target_5.png
33,1,182,lattice,0,r,img/target_4.png
33,1,183,lattice,2,q,img/target_1.png
33,1,184,lattice,1,u,img/target_7.png
33,1,185,lattice,9,o,img/target_9.png
33,1,186,lattice,7,i,img/target_8.png
33,1,187,lattice,6,b,img/target_6.png
33,1,188,lattice,7,i,img/target_8.png
33,1,189,lattice,6,b,img/target_6.png
33,1,190,lattice,5,w,img/target_2.png
33,1,191,lattice,3,e,img/target_3.png
33,1,192,lattice,4,p,img/target_10.png
33,1,193,lattice,3,e,img/target_3.png
33,1,194,lattice,1,u,img/target_7.png
33,1,195,lattice,9,o,img/target_9.png
33,1,196,lattice,8,v,img/target_5.png
33,1,197,lattice,7,i,img/target_8.png
33,1,198,lattice,9,o,img/target_9.png
33,1,199,lattice,7,i,img/target_8.png
33,1,200,lattice,6,b,img/target_6.png
33,1,201,lattice,4,p,img/target_10.png
33,1,202,lattice,6,b,img/target_6.png
33,1,203,lattice,5,w,img/target_2.png
33,1,204,lattice,7,i,img/target_8.png
33,1,205,lattice,8,v,img/target_5.png
33,1,206,lattice,0,r,img/target_4.png
33,1,207,lattice,9,o,img/target_9.png
33,1,208,lattice,8,v,img/target_5.png
33,1,209,lattice,9,o,img/target_9.png
33,1,210,lattice,0,r,img/target_4.png
33,1,211,lattice,1,u,img/target_7.png
33,1,212,lattice,2,q,img/target_1.png
33,1,213,lattice,0,r,img/target_4.png
33,1,214,lattice,9,o,img/target_9.png
33,1,215,lattice,1,u,img/target_7.png
33,1,216,lattice,2,q,img/target_1.png
33,1,217,lattice,3,e,img/target_3.png
33,1,218,lattice,1,u,img/target_7.png
33,1,219,lattice,3,e,img/target_3.png
33,1,220,lattice,1,u,img/target_7.png
33,1,221,lattice,0,r,img/target_4.png
33,1,222,lattice,8,v,img/target_5.png
33,1,223,lattice,6,b,img/target_6.png
33,1,224,lattice,8,v,img/target_5.png
33,1,225,lattice,6,b,img/target_6.png
33,1,226,lattice,8,v,img/target_5.png
33,1,227,lattice,6,b,img/target_6.png
33,1,228,lattice,5,w,img/target_2.png
33,1,229,lattice,7,i,img/target_8.png
33,1,230,lattice,6,b,img/target_6.png
33,1,231,lattice,5,w,img/target_2.png
33,1,232,lattice,7,i,img/target_8.png
33,1,233,lattice,8,v,img/target_5.png
33,1,234,lattice,0,r,img/target_4.png
33,1,235,lattice,9,o,img/target_9.png
33,1,236,lattice,1,u,img/target_7.png
33,1,237,lattice,0,r,img/target_4.png
33,1,238,lattice,9,o,img/target_9.png
33,1,239,lattice,7,i,img/target_8.png
33,1,240,lattice,9,o,img/target_9.png
33,1,241,lattice,7,i,img/target_8.png
33,1,242,lattice,8,v,img/target_5.png
33,1,243,lattice,0,r,img/target_4.png
33,1,244,lattice,2,q,img/target_1.png
33,1,245,lattice,0,r,img/target_4.png
33,1,246,lattice,8,v,img/target_5.png
33,1,247,lattice,6,b,img/target_6.png
33,1,248,lattice,5,w,img/target_2.png
33,1,249,lattice,7,i,img/target_8.png
33,1,250,lattice,9,o,img/target_9.png
33,1,251,lattice,7,i,img/target_8.png
33,1,252,lattice,9,o,img/target_9.png
33,1,253,lattice,1,u,img/target_7.png
33,1,254,lattice,0,r,img/target_4.png
33,1,255,lattice,1,u,img/target_7.png
33,1,256,lattice,9,o,img/target_9.png
33,1,257,lattice,0,r,img/target_4.png
33,1,258,lattice,2,q,img/target_1.png
33,1,259,lattice,1,u,img/target_7.png
33,1,260,lattice,3,e,img/target_3.png
33,1,261,lattice,1,u,img/target_7.png
33,1,262,lattice,0,r,img/target_4.png
33,1,263,lattice,8,v,img/target_5.png
33,1,264,lattice,9,o,img/target_9.png
33,1,265,lattice,1,u,img/target_7.png
33,1,266,lattice,9,o,img/target_9.png
33,1,267,lattice,7,i,img/target_8.png
33,1,268,lattice,6,b,img/target_6.png
33,1,269,lattice,5,w,img/target_2.png
33,1,270,lattice,4,p,img/target_10.png
33,1,271,lattice,5,w,img/target_2.png
33,1,272,lattice,6,b,img/target_6.png
33,1,273,lattice,5,w,img/target_2.png
33,1,274,lattice,4,p,img/target_10.png
33,1,275,lattice,5,w,img/target_2.png
33,1,276,lattice,7,i,img/target_8.png
33,1,277,lattice,5,w,img/target_2.png
33,1,278,lattice,7,i,img/target_8.png
33,1,279,lattice,5,w,img/target_2.png
33,1,280,lattice,3,e,img/target_3.png
33,1,281,lattice,5,w,img/target_2.png
33,1,282,lattice,4,p,img/target_10.png
33,1,283,lattice,2,q,img/target_1.png
33,1,284,lattice,3,e,img/target_3.png
33,1,285,lattice,5,w,img/target_2.png
33,1,286,lattice,3,e,img/target_3.png
33,1,287,lattice,1,u,img/target_7.png
33,1,288,lattice,0,r,img/target_4.png
33,1,289,lattice,2,q,img/target_1.png
33,1,290,lattice,4,p,img/target_10.png
33,1,291,lattice,6,b,img/target_6.png
33,1,292,lattice,7,i,img/target_8.png
33,1,293,lattice,5,w,img/target_2.png
33,1,294,lattice,7,i,img/target_8.png
33,1,295,lattice,8,v,img/target_5.png
33,1,296,lattice,9,o,img/target_9.png
33,1,297,lattice,7,i,img/target_8.png
33,1,298,lattice,9,o,img/target_9.png
33,1,299,lattice,8,v,img/target_5.png
33,1,300,lattice,9,o,img/target_9.png
33,1,301,lattice,1,u,img/target_7.png
33,1,302,lattice,9,o,img/target_9.png
33,1,303,lattice,7,i,img/target_8.png
33,1,304,lattice,9,o,img/target_9.png
33,1,305,lattice,0,r,img/target_4.png
33,1,306,lattice,2,q,img/target_1.png
33,1,307,lattice,4,p,img/target_10.png
33,1,308,lattice,6,b,img/target_6.png
33,1,309,lattice,8,v,img/target_5.png
33,1,310,lattice,7,i,img/target_8.png
33,1,311,lattice,9,o,img/target_9.png
33,1,312,lattice,0,r,img/target_4.png
33,1,313,lattice,8,v,img/target_5.png
33,1,314,lattice,6,b,img/target_6.png
33,1,315,lattice,5,w,img/target_2.png
33,1,316,lattice,3,e,img/target_3.png
33,1,317,lattice,1,u,img/target_7.png
33,1,318,lattice,2,q,img/target_1.png
33,1,319,lattice,0,r,img/target_4.png
33,1,320,lattice,8,v,img/target_5.png
33,1,321,lattice,7,i,img/target_8.png
33,1,322,lattice,9,o,img/target_9.png
33,1,323,lattice,7,i,img/target_8.png
33,1,324,lattice,9,o,img/target_9.png
33,1,325,lattice,8,v,img/target_5.png
33,1,326,lattice,6,b,img/target_6.png
33,1,327,lattice,7,i,img/target_8.png
33,1,328,lattice,8,v,img/target_5.png
33,1,329,lattice,9,o,img/target_9.png
33,1,330,lattice,8,v,img/target_5.png
33,1,331,lattice,6,b,img/target_6.png
33,1,332,lattice,8,v,img/target_5.png
33,1,333,lattice,9,o,img/target_9.png
33,1,334,lattice,7,i,img/target_8.png
33,1,335,lattice,8,v,img/target_5.png
33,1,336,lattice,6,b,img/target_6.png
33,1,337,lattice,7,i,img/target_8.png
33,1,338,lattice,8,v,img/target_5.png
33,1,339,lattice,7,i,img/target_8.png
33,1,340,lattice,6,b,img/target_6.png
33,1,341,lattice,4,p,img/target_10.png
33,1,342,lattice,6,b,img/target_6.png
33,1,343,lattice,8,v,img/target_5.png
33,1,344,lattice,9,o,img/target_9.png
33,1,345,lattice,0,r,img/target_4.png
33,1,346,lattice,1,u,img/target_7.png
33,1,347,lattice,3,e,img/target_3.png
33,1,348,lattice,5,w,img/target_2.png
33,1,349,lattice,6,b,img/target_6.png
33,1,350,lattice,5,w,img/target_2.png
33,1,351,lattice,3,e,img/target_3.png
33,1,352,lattice,4,p,img/target_10.png
33,1,353,lattice,5,w,img/target_2.png
33,1,354,lattice,4,p,img/target_10.png
33,1,355,lattice,5,w,img/target_2.png
33,1,356,lattice,6,b,img/target_6.png
33,1,357,lattice,7,i,img/target_8.png
33,1,358,lattice,8,v,img/target_5.png
33,1,359,lattice,6,b,img/target_6.png
33,1,360,lattice,4,p,img/target_10.png
33,1,361,lattice,2,q,img/target_1.png
33,1,362,lattice,1,u,img/target_7.png
33,1,363,lattice,3,e,img/target_3.png
33,1,364,lattice,2,q,img/target_1.png
33,1,365,lattice,4,p,img/target_10.png
33,1,366,lattice,2,q,img/target_1.png
33,1,367,lattice,1,u,img/target_7.png
33,1,368,lattice,3,e,img/target_3.png
33,1,369,lattice,2,q,img/target_1.png
33,1,370,lattice,1,u,img/target_7.png
33,1,371,lattice,2,q,img/target_1.png
33,1,372,lattice,3,e,img/target_3.png
33,1,373,lattice,1,u,img/target_7.png
33,1,374,lattice,0,r,img/target_4.png
33,1,375,lattice,9,o,img/target_9.png
33,1,376,lattice,8,v,img/target_5.png
33,1,377,lattice,7,i,img/target_8.png
33,1,378,lattice,8,v,img/target_5.png
33,1,379,lattice,9,o,img/target_9.png
33,1,380,lattice,0,r,img/target_4.png
33,1,381,lattice,9,o,img/target_9.png
33,1,382,lattice,8,v,img/target_5.png
33,1,383,lattice,6,b,img/target_6.png
33,1,384,lattice,8,v,img/target_5.png
33,1,385,lattice,0,r,img/target_4.png
33,1,386,lattice,2,q,img/target_1.png
33,1,387,lattice,4,p,img/target_10.png
33,1,388,lattice,5,w,img/target_2.png
33,1,389,lattice,6,b,img/target_6.png
33,1,390,lattice,5,w,img/target_2.png
33,1,391,lattice,7,i,img/target_8.png
33,1,392,lattice,5,w,img/target_2.png
33,1,393,lattice,3,e,img/target_3.png
33,1,394,lattice,4,p,img/target_10.png
33,1,395,lattice,6,b,img/target_6.png
33,1,396,lattice,4,p,img/target_10.png
33,1,397,lattice,3,e,img/target_3.png
33,1,398,lattice,5,w,img/target_2.png
33,1,399,lattice,7,i,img/target_8.png
33,1,400,lattice,5,w,img/target_2.png
33,1,401,lattice,3,e,img/target_3.png
33,1,402,lattice,4,p,img/target_10.png
33,1,403,lattice,3,e,img/target_3.png
33,1,404,lattice,1,u,img/target_7.png
33,1,405,lattice,0,r,img/target_4.png
33,1,406,lattice,2,q,img/target_1.png
33,1,407,lattice,3,e,img/target_3.png
33,1,408,lattice,1,u,img/target_7.png
33,1,409,lattice,0,r,img/target_4.png
33,1,410,lattice,1,u,img/target_7.png
33,1,411,lattice,2,q,img/target_1.png
33,1,412,lattice,1,u,img/target_7.png
33,1,413,lattice,2,q,img/target_1.png
33,1,414,lattice,4,p,img/target_10.png
33,1,415,lattice,2,q,img/target_1.png
33,1,416,lattice,1,u,img/target_7.png
33,1,417,lattice,0,r,img/target_4.png
33,1,418,lattice,1,u,img/target_7.png
33,1,419,lattice,2,q,img/target_1.png
33,1,420,lattice,0,r,img/target_4.png
33,1,421,lattice,8,v,img/target_5.png
33,1,422,lattice,6,b,img/target_6.png
33,1,423,lattice,5,w,img/target_2.png
33,1,424,lattice,3,e,img/target_3.png
33,1,425,lattice,4,p,img/target_10.png
33,1,426,lattice,3,e,img/target_3.png
33,1,427,lattice,1,u,img/target_7.png
33,1,428,lattice,3,e,img/target_3.png
33,1,429,lattice,4,p,img/target_10.png
33,1,430,lattice,3,e,img/target_3.png
33,1,431,lattice,1,u,img/target_7.png
33,1,432,lattice,9,o,img/target_9.png
33,1,433,lattice,8,v,img/target_5.png
33,1,434,lattice,7,i,img/target_8.png
33,1,435,lattice,8,v,img/target_5.png
33,1,436,lattice,0,r,img/target_4.png
33,1,437,lattice,9,o,img/target_9.png
33,1,438,lattice,0,r,img/target_4.png
33,1,439,lattice,9,o,img/target_9.png
33,1,440,lattice,0,r,img/target_4.png
33,1,441,lattice,1,u,img/target_7.png
33,1,442,lattice,2,q,img/target_1.png
33,1,443,lattice,0,r,img/target_4.png
33,1,444,lattice,9,o,img/target_9.png
33,1,445,lattice,7,i,img/target_8.png
33,1,446,lattice,9,o,img/target_9.png
33,1,447,lattice,8,v,img/target_5.png
33,1,448,lattice,7,i,img/target_8.png
33,1,449,lattice,8,v,img/target_5.png
33,1,450,lattice,9,o,img/target_9.png
33,1,451,lattice,1,u,img/target_7.png
33,1,452,lattice,2,q,img/target_1.png
33,1,453,lattice,1,u,img/target_7.png
33,1,454,lattice,9,o,img/target_9.png
33,1,455,lattice,0,r,img/target_4.png
33,1,456,lattice,2,q,img/target_1.png
33,1,457,lattice,1,u,img/target_7.png
33,1,458,lattice,0,r,img/target_4.png
33,1,459,lattice,9,o,img/target_9.png
33,1,460,lattice,1,u,img/target_7.png
33,1,461,lattice,2,q,img/target_1.png
33,1,462,lattice,1,u,img/target_7.png
33,1,463,lattice,0,r,img/target_4.png
33,1,464,lattice,2,q,img/target_1.png
33,1,465,lattice,0,r,img/target_4.png
33,1,466,lattice,1,u,img/target_7.png
33,1,467,lattice,0,r,img/target_4.png
33,1,468,lattice,8,v,img/target_5.png
33,1,469,lattice,7,i,img/target_8.png
33,1,470,lattice,8,v,img/target_5.png
33,1,471,lattice,7,i,img/target_8.png
33,1,472,lattice,5,w,img/target_2.png
33,1,473,lattice,3,e,img/target_3.png
33,1,474,lattice,2,q,img/target_1.png
33,1,475,lattice,3,e,img/target_3.png
33,1,476,lattice,4,p,img/target_10.png
33,1,477,lattice,6,b,img/target_6.png
33,1,478,lattice,8,v,img/target_5.png
33,1,479,lattice,9,o,img/target_9.png
33,1,480,lattice,1,u,img/target_7.png
33,1,481,lattice,3,e,img/target_3.png
33,1,482,lattice,1,u,img/target_7.png
33,1,483,lattice,0,r,img/target_4.png
33,1,484,lattice,2,q,img/target_1.png
33,1,485,lattice,3,e,img/target_3.png
33,1,486,lattice,4,p,img/target_10.png
33,1,487,lattice,2,q,img/target_1.png
33,1,488,lattice,3,e,img/target_3.png
33,1,489,lattice,5,w,img/target_2.png
33,1,490,lattice,6,b,img/target_6.png
33,1,491,lattice,8,v,img/target_5.png
33,1,492,lattice,7,i,img/target_8.png
33,1,493,lattice,6,b,img/target_6.png
33,1,494,lattice,5,w,img/target_2.png
33,1,495,lattice,3,e,img/target_3.png
33,1,496,lattice,5,w,img/target_2.png
33,1,497,lattice,6,b,img/target_6.png
33,1,498,lattice,5,w,img/target_2.png
33,1,499,lattice,3,e,img/target_3.png
33,1,500,lattice,2,q,img/target_1.png
33,1,501,lattice,4,p,img/target_10.png
33,1,502,lattice,6,b,img/target_6.png
33,1,503,lattice,4,p,img/target_10.png
33,1,504,lattice,6,b,img/target_6.png
33,1,505,lattice,8,v,img/target_5.png
33,1,506,lattice,6,b,img/target_6.png
33,1,507,lattice,5,w,img/target_2.png
33,1,508,lattice,3,e,img/target_3.png
33,1,509,lattice,2,q,img/target_1.png
33,1,510,lattice,1,u,img/target_7.png
33,1,511,lattice,0,r,img/target_4.png
33,1,512,lattice,1,u,img/target_7.png
33,1,513,lattice,9,o,img/target_9.png
33,1,514,lattice,0,r,img/target_4.png
33,1,515,lattice,8,v,img/target_5.png
33,1,516,lattice,9,o,img/target_9.png
33,1,517,lattice,1,u,img/target_7.png
33,1,518,lattice,0,r,img/target_4.png
33,1,519,lattice,1,u,img/target_7.png
33,1,520,lattice,2,q,img/target_1.png
33,1,521,lattice,0,r,img/target_4.png
33,1,522,lattice,1,u,img/target_7.png
33,1,523,lattice,3,e,img/target_3.png
33,1,524,lattice,2,q,img/target_1.png
33,1,525,lattice,0,r,img/target_4.png
33,1,526,lattice,2,q,img/target_1.png
33,1,527,lattice,1,u,img/target_7.png
33,1,528,lattice,0,r,img/target_4.png
33,1,529,lattice,8,v,img/target_5.png
33,1,530,lattice,7,i,img/target_8.png
33,1,531,lattice,6,b,img/target_6.png
33,1,532,lattice,4,p,img/target_10.png
33,1,533,lattice,3,e,img/target_3.png
33,1,534,lattice,5,w,img/target_2.png
33,1,535,lattice,4,p,img/target_10.png
33,1,536,lattice,5,w,img/target_2.png
33,1,537,lattice,7,i,img/target_8.png
33,1,538,lattice,6,b,img/target_6.png
33,1,539,lattice,7,i,img/target_8.png
33,1,540,lattice,9,o,img/target_9.png
33,1,541,lattice,8,v,img/target_5.png
33,1,542,lattice,0,r,img/target_4.png
33,1,543,lattice,2,q,img/target_1.png
33,1,544,lattice,1,u,img/target_7.png
33,1,545,lattice,3,e,img/target_3.png
33,1,546,lattice,4,p,img/target_10.png
33,1,547,lattice,3,e,img/target_3.png
33,1,548,lattice,2,q,img/target_1.png
33,1,549,lattice,1,u,img/target_7.png
33,1,550,lattice,3,e,img/target_3.png
33,1,551,lattice,5,w,img/target_2.png
33,1,552,lattice,7,i,img/target_8.png
33,1,553,lattice,8,v,img/target_5.png
33,1,554,lattice,9,o,img/target_9.png
33,1,555,lattice,1,u,img/target_7.png
33,1,556,lattice,9,o,img/target_9.png
33,1,557,lattice,0,r,img/target_4.png
33,1,558,lattice,1,u,img/target_7.png
33,1,559,lattice,0,r,img/target_4.png
33,1,560,lattice,2,q,img/target_1.png
33,1,561,lattice,3,e,img/target_3.png
33,1,562,lattice,5,w,img/target_2.png
33,1,563,lattice,6,b,img/target_6.png
33,1,564,lattice,4,p,img/target_10.png
33,1,565,lattice,2,q,img/target_1.png
33,1,566,lattice,1,u,img/target_7.png
33,1,567,lattice,2,q,img/target_1.png
33,1,568,lattice,1,u,img/target_7.png
33,1,569,lattice,2,q,img/target_1.png
33,1,570,lattice,1,u,img/target_7.png
33,1,571,lattice,0,r,img/target_4.png
33,1,572,lattice,8,v,img/target_5.png
33,1,573,lattice,0,r,img/target_4.png
33,1,574,lattice,1,u,img/target_7.png
33,1,575,lattice,9,o,img/target_9.png
33,1,576,lattice,0,r,img/target_4.png
33,1,577,lattice,1,u,img/target_7.png
33,1,578,lattice,2,q,img/target_1.png
33,1,579,lattice,4,p,img/target_10.png
33,1,580,lattice,5,w,img/target_2.png
33,1,581,lattice,7,i,img/target_8.png
33,1,582,lattice,5,w,img/target_2.png
33,1,583,lattice,7,i,img/target_8.png
33,1,584,lattice,6,b,img/target_6.png
33,1,585,lattice,4,p,img/target_10.png
33,1,586,lattice,2,q,img/target_1.png
33,1,587,lattice,4,p,img/target_10.png
33,1,588,lattice,6,b,img/target_6.png
33,1,589,lattice,4,p,img/target_10.png
33,1,590,lattice,2,q,img/target_1.png
33,1,591,lattice,0,r,img/target_4.png
33,1,592,lattice,9,o,img/target_9.png
33,1,593,lattice,0,r,img/target_4.png
33,1,594,lattice,1,u,img/target_7.png
33,1,595,lattice,9,o,img/target_9.png
33,1,596,lattice,0,r,img/target_4.png
33,1,597,lattice,8,v,img/target_5.png
33,1,598,lattice,9,o,img/target_9.png
33,1,599,lattice,8,v,img/target_5.png
33,1,600,lattice,6,b,img/target_6.png
33,1,601,lattice,5,w,img/target_2.png
33,1,602,lattice,7,i,img/target_8.png
33,1,603,lattice,9,o,img/target_9.png
33,1,604,lattice,0,r,img/target_4.png
33,1,605,lattice,2,q,img/target_1.png
33,1,606,lattice,4,p,img/target_10.png
33,1,607,lattice,6,b,img/target_6.png
33,1,608,lattice,5,w,img/target_2.png
33,1,609,lattice,3,e,img/target_3.png
33,1,610,lattice,4,p,img/target_10.png
33,1,611,lattice,6,b,img/target_6.png
33,1,612,lattice,4,p,img/target_10.png
33,1,613,lattice,2,q,img/target_1.png
33,1,614,lattice,1,u,img/target_7.png
33,1,615,lattice,0,r,img/target_4.png
33,1,616,lattice,9,o,img/target_9.png
33,1,617,lattice,7,i,img/target_8.png
33,1,618,lattice,5,w,img/target_2.png
33,1,619,lattice,6,b,img/target_6.png
33,1,620,lattice,4,p,img/target_10.png
33,1,621,lattice,2,q,img/target_1.png
33,1,622,lattice,3,e,img/target_3.png
33,1,623,lattice,4,p,img/target_10.png
33,1,624,lattice,5,w,img/target_2.png
33,1,625,lattice,3,e,img/target_3.png
33,1,626,lattice,5,w,img/target_2.png
33,1,627,lattice,6,b,img/target_6.png
33,1,628,lattice,7,i,img/target_8.png
33,1,629,lattice,9,o,img/target_9.png
33,1,630,lattice,7,i,img/target_8.png
33,1,631,lattice,9,o,img/target_9.png
33,1,632,lattice,8,v,img/target_5.png
33,1,633,lattice,9,o,img/target_9.png
33,1,634,lattice,7,i,img/target_8.png
33,1,635,lattice,8,v,img/target_5.png
33,1,636,lattice,9,o,img/target_9.png
33,1,637,lattice,1,u,img/target_7.png
33,1,638,lattice,9,o,img/target_9.png
33,1,639,lattice,0,r,img/target_4.png
33,1,640,lattice,9,o,img/target_9.png
33,1,641,lattice,0,r,img/target_4.png
33,1,642,lattice,2,q,img/target_1.png
33,1,643,lattice,1,u,img/target_7.png
33,1,644,lattice,3,e,img/target_3.png
33,1,645,lattice,5,w,img/target_2.png
33,1,646,lattice,7,i,img/target_8.png
33,1,647,lattice,5,w,img/target_2.png
33,1,648,lattice,7,i,img/target_8.png
33,1,649,lattice,9,o,img/target_9.png
33,1,650,lattice,0,r,img/target_4.png
33,1,651,lattice,1,u,img/target_7.png
33,1,652,lattice,0,r,img/target_4.png
33,1,653,lattice,8,v,img/target_5.png
33,1,654,lattice,0,r,img/target_4.png
33,1,655,lattice,2,q,img/target_1.png
33,1,656,lattice,3,e,img/target_3.png
33,1,657,lattice,4,p,img/target_10.png
33,1,658,lattice,3,e,img/target_3.png
33,1,659,lattice,4,p,img/target_10.png
33,1,660,lattice,3,e,img/target_3.png
33,1,661,lattice,2,q,img/target_1.png
33,1,662,lattice,0,r,img/target_4.png
33,1,663,lattice,2,q,img/target_1.png
33,1,664,lattice,1,u,img/target_7.png
33,1,665,lattice,9,o,img/target_9.png
33,1,666,lattice,0,r,img/target_4.png
33,1,667,lattice,2,q,img/target_1.png
33,1,668,lattice,3,e,img/target_3.png
33,1,669,lattice,1,u,img/target_7.png
33,1,670,lattice,3,e,img/target_3.png
33,1,671,lattice,2,q,img/target_1.png
33,1,672,lattice,1,u,img/target_7.png
33,1,673,lattice,3,e,img/target_3.png
33,1,674,lattice,2,q,img/target_1.png
33,1,675,lattice,3,e,img/target_3.png
33,1,676,lattice,2,q,img/target_1.png
33,1,677,lattice,3,e,img/target_3.png
33,1,678,lattice,4,p,img/target_10.png
33,1,679,lattice,3,e,img/target_3.png
33,1,680,lattice,1,u,img/target_7.png
33,1,681,lattice,3,e,img/target_3.png
33,1,682,lattice,5,w,img/target_2.png
33,1,683,lattice,6,b,img/target_6.png
33,1,684,lattice,4,p,img/target_10.png
33,1,685,lattice,5,w,img/target_2.png
33,1,686,lattice,4,p,img/target_10.png
33,1,687,lattice,3,e,img/target_3.png
33,1,688,lattice,2,q,img/target_1.png
33,1,689,lattice,0,r,img/target_4.png
33,1,690,lattice,2,q,img/target_1.png
33,1,691,lattice,3,e,img/target_3.png
33,1,692,lattice,5,w,img/target_2.png
33,1,693,lattice,3,e,img/target_3.png
33,1,694,lattice,4,p,img/target_10.png
33,1,695,lattice,6,b,img/target_6.png
33,1,696,lattice,4,p,img/target_10.png
33,1,697,lattice,2,q,img/target_1.png
33,1,698,lattice,4,p,img/target_10.png
33,1,699,lattice,3,e,img/target_3.png
33,1,700,lattice,5,w,img/target_2.png
33,1,701,lattice,3,e,img/target_3.png
33,1,702,lattice,1,u,img/target_7.png
33,1,703,lattice,0,r,img/target_4.png
33,1,704,lattice,8,v,img/target_5.png
33,1,705,lattice,7,i,img/target_8.png
33,1,706,lattice,9,o,img/target_9.png
33,1,707,lattice,1,u,img/target_7.png
33,1,708,lattice,9,o,img/target_9.png
33,1,709,lattice,1,u,img/target_7.png
33,1,710,lattice,0,r,img/target_4.png
33,1,711,lattice,1,u,img/target_7.png
33,1,712,lattice,2,q,img/target_1.png
33,1,713,lattice,0,r,img/target_4.png
33,1,714,lattice,2,q,img/target_1.png
33,1,715,lattice,4,p,img/target_10.png
33,1,716,lattice,5,w,img/target_2.png
33,1,717,lattice,3,e,img/target_3.png
33,1,718,lattice,2,q,img/target_1.png
33,1,719,lattice,3,e,img/target_3.png
33,1,720,lattice,5,w,img/target_2.png
33,1,721,lattice,4,p,img/target_10.png
33,1,722,lattice,2,q,img/target_1.png
33,1,723,lattice,0,r,img/target_4.png
33,1,724,lattice,9,o,img/target_9.png
33,1,725,lattice,7,i,img/target_8.png
33,1,726,lattice,8,v,img/target_5.png
33,1,727,lattice,6,b,img/target_6.png
33,1,728,lattice,8,v,img/target_5.png
33,1,729,lattice,6,b,img/target_6.png
33,1,730,lattice,5,w,img/target_2.png
33,1,731,lattice,3,e,img/target_3.png
33,1,732,lattice,1,u,img/target_7.png
33,1,733,lattice,9,o,img/target_9.png
33,1,734,lattice,1,u,img/target_7.png
33,1,735,lattice,0,r,img/target_4.png
33,1,736,lattice,2,q,img/target_1.png
33,1,737,lattice,3,e,img/target_3.png
33,1,738,lattice,5,w,img/target_2.png
33,1,739,lattice,3,e,img/target_3.png
33,1,740,lattice,5,w,img/target_2.png
33,1,741,lattice,4,p,img/target_10.png
33,1,742,lattice,3,e,img/target_3.png
33,1,743,lattice,2,q,img/target_1.png
33,1,744,lattice,3,e,img/target_3.png
33,1,745,lattice,5,w,img/target_2.png
33,1,746,lattice,6,b,img/target_6.png
33,1,747,lattice,5,w,img/target_2.png
33,1,748,lattice,6,b,img/target_6.png
33,1,749,lattice,4,p,img/target_10.png
33,1,750,lattice,2,q,img/target_1.png
33,1,751,lattice,3,e,img/target_3.png
33,1,752,lattice,1,u,img/target_7.png
33,1,753,lattice,0,r,img/target_4.png
33,1,754,lattice,2,q,img/target_1.png
33,1,755,lattice,1,u,img/target_7.png
33,1,756,lattice,9,o,img/target_9.png
33,1,757,lattice,0,r,img/target_4.png
33,1,758,lattice,9,o,img/target_9.png
33,1,759,lattice,8,v,img/target_5.png
33,1,760,lattice,6,b,img/target_6.png
33,1,761,lattice,8,v,img/target_5.png
33,1,762,lattice,6,b,img/target_6.png
33,1,763,lattice,8,v,img/target_5.png
33,1,764,lattice,0,r,img/target_4.png
33,1,765,lattice,2,q,img/target_1.png
33,1,766,lattice,3,e,img/target_3.png
33,1,767,lattice,2,q,img/target_1.png
33,1,768,lattice,4,p,img/target_10.png
33,1,769,lattice,6,b,img/target_6.png
33,1,770,lattice,7,i,img/target_8.png
33,1,771,lattice,9,o,img/target_9.png
33,1,772,lattice,8,v,img/target_5.png
33,1,773,lattice,7,i,img/target_8.png
33,1,774,lattice,5,w,img/target_2.png
33,1,775,lattice,7,i,img/target_8.png
33,1,776,lattice,5,w,img/target_2.png
33,1,777,lattice,3,e,img/target_3.png
33,1,778,lattice,5,w,img/target_2.png
33,1,779,lattice,4,p,img/target_10.png
33,1,780,lattice,3,e,img/target_3.png
33,1,781,lattice,2,q,img/target_1.png
33,1,782,lattice,4,p,img/target_10.png
33,1,783,lattice,6,b,img/target_6.png
33,1,784,lattice,8,v,img/target_5.png
33,1,785,lattice,7,i,img/target_8.png
33,1,786,lattice,5,w,img/target_2.png
33,1,787,lattice,3,e,img/target_3.png
33,1,788,lattice,5,w,img/target_2.png
33,1,789,lattice,3,e,img/target_3.png
33,1,790,lattice,1,u,img/target_7.png
33,1,791,lattice,2,q,img/target_1.png
33,1,792,lattice,0,r,img/target_4.png
33,1,793,lattice,9,o,img/target_9.png
33,1,794,lattice,8,v,img/target_5.png
33,1,795,lattice,6,b,img/target_6.png
33,1,796,lattice,8,v,img/target_5.png
33,1,797,lattice,9,o,img/target_9.png
33,1,798,lattice,8,v,img/target_5.png
33,1,799,lattice,0,r,img/target_4.png
33,1,800,lattice,9,o,img/target_9.png
33,1,801,lattice,1,u,img/target_7.png
33,1,802,lattice,9,o,img/target_9.png
33,1,803,lattice,1,u,img/target_7.png
33,1,804,lattice,0,r,img/target_4.png
33,1,805,lattice,9,o,img/target_9.png
33,1,806,lattice,7,i,img/target_8.png
33,1,807,lattice,9,o,img/target_9.png
33,1,808,lattice,8,v,img/target_5.png
33,1,809,lattice,0,r,img/target_4.png
33,1,810,lattice,1,u,img/target_7.png
33,1,811,lattice,9,o,img/target_9.png
33,1,812,lattice,8,v,img/target_5.png
33,1,813,lattice,0,r,img/target_4.png
33,1,814,lattice,1,u,img/target_7.png
33,1,815,lattice,3,e,img/target_3.png
33,1,816,lattice,4,p,img/target_10.png
33,1,817,lattice,6,b,img/target_6.png
33,1,818,lattice,7,i,img/target_8.png
33,1,819,lattice,9,o,img/target_9.png
33,1,820,lattice,1,u,img/target_7.png
33,1,821,lattice,3,e,img/target_3.png
33,1,822,lattice,2,q,img/target_1.png
33,1,823,lattice,1,u,img/target_7.png
33,1,824,lattice,3,e,img/target_3.png
33,1,825,lattice,4,p,img/target_10.png
33,1,826,lattice,3,e,img/target_3.png
33,1,827,lattice,1,u,img/target_7.png
33,1,828,lattice,3,e,img/target_3.png
33,1,829,lattice,5,w,img/target_2.png
33,1,830,lattice,3,e,img/target_3.png
33,1,831,lattice,2,q,img/target_1.png
33,1,832,lattice,4,p,img/target_10.png
33,1,833,lattice,6,b,img/target_6.png
33,1,834,lattice,8,v,img/target_5.png
33,1,835,lattice,9,o,img/target_9.png
33,1,836,lattice,0,r,img/target_4.png
33,1,837,lattice,9,o,img/target_9.png
33,1,838,lattice,1,u,img/target_7.png
33,1,839,lattice,9,o,img/target_9.png
33,1,840,lattice,8,v,img/target_5.png
33,1,841,lattice,6,b,img/target_6.png
33,1,842,lattice,7,i,img/target_8.png
33,1,843,lattice,8,v,img/target_5.png
33,1,844,lattice,0,r,img/target_4.png
33,1,845,lattice,8,v,img/target_5.png
33,1,846,lattice,7,i,img/target_8.png
33,1,847,lattice,8,v,img/target_5.png
33,1,848,lattice,9,o,img/target_9.png
33,1,849,lattice,8,v,img/target_5.png
33,1,850,lattice,0,r,img/target_4.png
33,1,851,lattice,1,u,img/target_7.png
33,1,852,lattice,2,q,img/target_1.png
33,1,853,lattice,4,p,img/target_10.png
33,1,854,lattice,6,b,img/target_6.png
33,1,855,lattice,7,i,img/target_8.png
33,1,856,lattice,5,w,img/target_2.png
33,1,857,lattice,6,b,img/target_6.png
33,1,858,lattice,8,v,img/target_5.png
33,1,859,lattice,9,o,img/target_9.png
33,1,860,lattice,8,v,img/target_5.png
33,1,861,lattice,7,i,img/target_8.png
33,1,862,lattice,9,o,img/target_9.png
33,1,863,lattice,0,r,img/target_4.png
33,1,864,lattice,9,o,img/target_9.png
33,1,865,lattice,7,i,img/target_8.png
33,1,866,lattice,9,o,img/target_9.png
33,1,867,lattice,0,r,img/target_4.png
33,1,868,lattice,8,v,img/target_5.png
33,1,869,lattice,0,r,img/target_4.png
33,1,870,lattice,9,o,img/target_9.png
33,1,871,lattice,8,v,img/target_5.png
33,1,872,lattice,7,i,img/target_8.png
33,1,873,lattice,9,o,img/target_9.png
33,1,874,lattice,0,r,img/target_4.png
33,1,875,lattice,8,v,img/target_5.png
33,1,876,lattice,6,b,img/target_6.png
33,1,877,lattice,8,v,img/target_5.png
33,1,878,lattice,7,i,img/target_8.png
33,1,879,lattice,9,o,img/target_9.png
33,1,880,lattice,0,r,img/target_4.png
33,1,881,lattice,8,v,img/target_5.png
33,1,882,lattice,9,o,img/target_9.png
33,1,883,lattice,7,i,img/target_8.png
33,1,884,lattice,9,o,img/target_9.png
33,1,885,lattice,0,r,img/target_4.png
33,1,886,lattice,2,q,img/target_1.png
33,1,887,lattice,0,r,img/target_4.png
33,1,888,lattice,9,o,img/target_9.png
33,1,889,lattice,0,r,img/target_4.png
33,1,890,lattice,2,q,img/target_1.png
33,1,891,lattice,4,p,img/target_10.png
33,1,892,lattice,2,q,img/target_1.png
33,1,893,lattice,4,p,img/target_10.png
33,1,894,lattice,3,e,img/target_3.png
33,1,895,lattice,2,q,img/target_1.png
33,1,896,lattice,0,r,img/target_4.png
33,1,897,lattice,9,o,img/target_9.png
33,1,898,lattice,7,i,img/target_8.png
33,1,899,lattice,5,w,img/target_2.png
33,1,900,lattice,7,i,img/target_8.png
33,1,901,lattice,8,v,img/target_5.png
33,1,902,lattice,0,r,img/target_4.png
33,1,903,lattice,8,v,img/target_5.png
33,1,904,lattice,6,b,img/target_6.png
33,1,905,lattice,7,i,img/target_8.png
33,1,906,lattice,8,v,img/target_5.png
33,1,907,lattice,7,i,img/target_8.png
33,1,908,lattice,5,w,img/target_2.png
33,1,909,lattice,7,i,img/target_8.png
33,1,910,lattice,6,b,img/target_6.png
33,1,911,lattice,8,v,img/target_5.png
33,1,912,lattice,7,i,img/target_8.png
33,1,913,lattice,5,w,img/target_2.png
33,1,914,lattice,4,p,img/target_10.png
33,1,915,lattice,3,e,img/target_3.png
33,1,916,lattice,4,p,img/target_10.png
33,1,917,lattice,5,w,img/target_2.png
33,1,918,lattice,3,e,img/target_3.png
33,1,919,lattice,1,u,img/target_7.png
33,1,920,lattice,9,o,img/target_9.png
33,1,921,lattice,7,i,img/target_8.png
33,1,922,lattice,5,w,img/target_2.png
33,1,923,lattice,4,p,img/target_10.png
33,1,924,lattice,5,w,img/target_2.png
33,1,925,lattice,3,e,img/target_3.png
33,1,926,lattice,1,u,img/target_7.png
33,1,927,lattice,0,r,img/target_4.png
33,1,928,lattice,2,q,img/target_1.png
33,1,929,lattice,0,r,img/target_4.png
33,1,930,lattice,2,q,img/target_1.png
33,1,931,lattice,4,p,img/target_10.png
33,1,932,lattice,2,q,img/target_1.png
33,1,933,lattice,1,u,img/target_7.png
33,1,934,lattice,2,q,img/target_1.png
33,1,935,lattice,0,r,img/target_4.png
33,1,936,lattice,1,u,img/target_7.png
33,1,937,lattice,9,o,img/target_9.png
33,1,938,lattice,8,v,img/target_5.png
33,1,939,lattice,9,o,img/target_9.png
33,1,940,lattice,0,r,img/target_4.png
33,1,941,lattice,2,q,img/target_1.png
33,1,942,lattice,0,r,img/target_4.png
33,1,943,lattice,8,v,img/target_5.png
33,1,944,lattice,0,r,img/target_4.png
33,1,945,lattice,1,u,img/target_7.png
33,1,946,lattice,9,o,img/target_9.png
33,1,947,lattice,7,i,img/target_8.png
33,1,948,lattice,6,b,img/target_6.png
33,1,949,lattice,4,p,img/target_10.png
33,1,950,lattice,6,b,img/target_6.png
33,1,951,lattice,4,p,img/target_10.png
33,1,952,lattice,5,w,img/target_2.png
33,1,953,lattice,7,i,img/target_8.png
33,1,954,lattice,6,b,img/target_6.png
33,1,955,lattice,4,p,img/target_10.png
33,1,956,lattice,6,b,img/target_6.png
33,1,957,lattice,4,p,img/target_10.png
33,1,958,lattice,2,q,img/target_1.png
33,1,959,lattice,1,u,img/target_7.png
33,1,960,lattice,3,e,img/target_3.png
33,1,961,lattice,2,q,img/target_1.png
33,1,962,lattice,1,u,img/target_7.png
33,1,963,lattice,2,q,img/target_1.png
33,1,964,lattice,3,e,img/target_3.png
33,1,965,lattice,5,w,img/target_2.png
33,1,966,lattice,6,b,img/target_6.png
33,1,967,lattice,7,i,img/target_8.png
33,1,968,lattice,8,v,img/target_5.png
33,1,969,lattice,7,i,img/target_8.png
33,1,970,lattice,5,w,img/target_2.png
33,1,971,lattice,6,b,img/target_6.png
33,1,972,lattice,5,w,img/target_2.png
33,1,973,lattice,7,i,img/target_8.png
33,1,974,lattice,6,b,img/target_6.png
33,1,975,lattice,7,i,img/target_8.png
33,1,976,lattice,5,w,img/target_2.png
33,1,977,lattice,6,b,img/target_6.png
33,1,978,lattice,8,v,img/target_5.png
33,1,979,lattice,0,r,img/target_4.png
33,1,980,lattice,9,o,img/target_9.png
33,1,981,lattice,7,i,img/target_8.png
33,1,982,lattice,6,b,img/target_6.png
33,1,983,lattice,8,v,img/target_5.png
33,1,984,lattice,6,b,img/target_6.png
33,1,985,lattice,8,v,img/target_5.png
33,1,986,lattice,6,b,img/target_6.png
33,1,987,lattice,5,w,img/target_2.png
33,1,988,lattice,6,b,img/target_6.png
33,1,989,lattice,5,w,img/target_2.png
33,1,990,lattice,3,e,img/target_3.png
33,1,991,lattice,5,w,img/target_2.png
33,1,992,lattice,7,i,img/target_8.png
33,1,993,lattice,8,v,img/target_5.png
33,1,994,lattice,6,b,img/target_6.png
33,1,995,lattice,7,i,img/target_8.png
33,1,996,lattice,5,w,img/target_2.png
33,1,997,lattice,4,p,img/target_10.png
33,1,998,lattice,5,w,img/target_2.png
33,1,999,lattice,7,i,img/target_8.png
33,1,1000,lattice,5,w,img/target_2.png
