pID,sess,trialNum,graph,walk,resp,path
33,2,1,lattice,6,b,img/target_6.png
33,2,2,lattice,5,w,img/target_2.png
33,2,3,lattice,7,i,img/target_8.png
33,2,4,lattice,8,v,img/target_5.png
33,2,5,lattice,0,r,img/target_4.png
33,2,6,lattice,9,o,img/target_9.png
33,2,7,lattice,8,v,img/target_5.png
33,2,8,lattice,0,r,img/target_4.png
33,2,9,lattice,2,q,img/target_1.png
33,2,10,lattice,1,u,img/target_7.png
33,2,11,lattice,2,q,img/target_1.png
33,2,12,lattice,3,e,img/target_3.png
33,2,13,lattice,1,u,img/target_7.png
33,2,14,lattice,9,o,img/target_9.png
33,2,15,lattice,1,u,img/target_7.png
33,2,16,lattice,0,r,img/target_4.png
33,2,17,lattice,1,u,img/target_7.png
33,2,18,lattice,9,o,img/target_9.png
33,2,19,lattice,7,i,img/target_8.png
33,2,20,lattice,6,b,img/target_6.png
33,2,21,lattice,5,w,img/target_2.png
33,2,22,lattice,3,e,img/target_3.png
33,2,23,lattice,4,p,img/target_10.png
33,2,24,lattice,3,e,img/target_3.png
33,2,25,lattice,2,q,img/target_1.png
33,2,26,lattice,0,r,img/target_4.png
33,2,27,lattice,1,u,img/target_7.png
33,2,28,lattice,9,o,img/target_9.png
33,2,29,lattice,0,r,img/target_4.png
33,2,30,lattice,8,v,img/target_5.png
33,2,31,lattice,6,b,img/target_6.png
33,2,32,lattice,4,p,img/target_10.png
33,2,33,lattice,3,e,img/target_3.png
33,2,34,lattice,5,w,img/target_2.png
33,2,35,lattice,6,b,img/target_6.png
33,2,36,lattice,7,i,img/target_8.png
33,2,37,lattice,9,o,img/target_9.png
33,2,38,lattice,7,i,img/target_8.png
33,2,39,lattice,8,v,img/target_5.png
33,2,40,lattice,0,r,img/target_4.png
33,2,41,lattice,8,v,img/target_5.png
33,2,42,lattice,9,o,img/target_9.png
33,2,43,lattice,1,u,img/target_7.png
33,2,44,lattice,0,r,img/target_4.png
33,2,45,lattice,1,u,img/target_7.png
33,2,46,lattice,3,e,img/target_3.png
33,2,47,lattice,5,w,img/target_2.png
33,2,48,lattice,4,p,img/target_10.png
33,2,49,lattice,3,e,img/target_3.png
33,2,50,lattice,4,p,img/target_10.png
33,2,51,lattice,6,b,img/target_6.png
33,2,52,lattice,4,p,img/target_10.png
33,2,53,lattice,2,q,img/target_1.png
33,2,54,lattice,1,u,img/target_7.png
33,2,55,lattice,9,o,img/target_9.png
33,2,56,lattice,0,r,img/target_4.png
33,2,57,lattice,1,u,img/target_7.png
33,2,58,lattice,9,o,img/target_9.png
33,2,59,lattice,0,r,img/target_4.png
33,2,60,lattice,1,u,img/target_7.png
33,2,61,lattice,9,o,img/target_9.png
33,2,62,lattice,7,i,img/target_8.png
33,2,63,lattice,5,w,img/target_2.png
33,2,64,lattice,6,b,img/target_6.png
33,2,65,lattice,7,i,img/target_8.png
33,2,66,lattice,9,o,img/target_9.png
33,2,67,lattice,1,u,img/target_7.png
33,2,68,lattice,0,r,img/target_4.png
33,2,69,lattice,2,q,img/target_1.png
33,2,70,lattice,0,r,img/target_4.png
33,2,71,lattice,9,o,img/target_9.png
33,2,72,lattice,7,i,img/target_8.png
33,2,73,lattice,9,o,img/target_9.png
33,2,74,lattice,7,i,img/target_8.png
33,2,75,lattice,5,w,img/target_2.png
33,2,76,lattice,6,b,img/target_6.png
33,2,77,lattice,7,i,img/target_8.png
33,2,78,lattice,8,v,img/target_5.png
33,2,79,lattice,9,o,img/target_9.png
33,2,80,lattice,0,r,img/target_4.png
33,2,81,lattice,2,q,img/target_1.png
33,2,82,lattice,0,r,img/target_4.png
33,2,83,lattice,9,o,img/target_9.png
33,2,84,lattice,0,r,img/target_4.png
33,2,85,lattice,1,u,img/target_7.png
33,2,86,lattice,3,e,img/target_3.png
33,2,87,lattice,2,q,img/target_1.png
33,2,88,lattice,0,r,img/target_4.png
33,2,89,lattice,8,v,img/target_5.png
33,2,90,lattice,0,r,img/target_4.png
33,2,91,lattice,8,v,img/target_5.png
33,2,92,lattice,7,i,img/target_8.png
33,2,93,lattice,5,w,img/target_2.png
33,2,94,lattice,6,b,img/target_6.png
33,2,95,lattice,8,v,img/target_5.png
33,2,96,lattice,0,r,img/target_4.png
33,2,97,lattice,2,q,img/target_1.png
33,2,98,lattice,1,u,img/target_7.png
33,2,99,lattice,2,q,img/target_1.png
33,2,100,lattice,1,u,img/target_7.png
33,2,101,lattice,0,r,img/target_4.png
33,2,102,lattice,8,v,img/target_5.png
33,2,103,lattice,7,i,img/target_8.png
33,2,104,lattice,9,o,img/target_9.png
33,2,105,lattice,8,v,img/target_5.png
33,2,106,lattice,0,r,img/target_4.png
33,2,107,lattice,2,q,img/target_1.png
33,2,108,lattice,1,u,img/target_7.png
33,2,109,lattice,2,q,img/target_1.png
33,2,110,lattice,4,p,img/target_10.png
33,2,111,lattice,3,e,img/target_3.png
33,2,112,lattice,2,q,img/target_1.png
33,2,113,lattice,1,u,img/target_7.png
33,2,114,lattice,9,o,img/target_9.png
33,2,115,lattice,7,i,img/target_8.png
33,2,116,lattice,5,w,img/target_2.png
33,2,117,lattice,6,b,img/target_6.png
33,2,118,lattice,5,w,img/target_2.png
33,2,119,lattice,7,i,img/target_8.png
33,2,120,lattice,8,v,img/target_5.png
33,2,121,lattice,0,r,img/target_4.png
33,2,122,lattice,8,v,img/target_5.png
33,2,123,lattice,6,b,img/target_6.png
33,2,124,lattice,4,p,img/target_10.png
33,2,125,lattice,2,q,img/target_1.png
33,2,126,lattice,3,e,img/target_3.png
33,2,127,lattice,1,u,img/target_7.png
33,2,128,lattice,3,e,img/target_3.png
33,2,129,lattice,4,p,img/target_10.png
33,2,130,lattice,5,w,img/target_2.png
33,2,131,lattice,7,i,img/target_8.png
33,2,132,lattice,5,w,img/target_2.png
33,2,133,lattice,7,i,img/target_8.png
33,2,134,lattice,9,o,img/target_9.png
33,2,135,lattice,1,u,img/target_7.png
33,2,136,lattice,2,q,img/target_1.png
33,2,137,lattice,1,u,img/target_7.png
33,2,138,lattice,0,r,img/target_4.png
33,2,139,lattice,9,o,img/target_9.png
33,2,140,lattice,0,r,img/target_4.png
33,2,141,lattice,8,v,img/target_5.png
33,2,142,lattice,9,o,img/target_9.png
33,2,143,lattice,8,v,img/target_5.png
33,2,144,lattice,7,i,img/target_8.png
33,2,145,lattice,6,b,img/target_6.png
33,2,146,lattice,4,p,img/target_10.png
33,2,147,lattice,3,e,img/target_3.png
33,2,148,lattice,5,w,img/target_2.png
33,2,149,lattice,7,i,img/target_8.png
33,2,150,lattice,5,w,img/target_2.png
33,2,151,lattice,3,e,img/target_3.png
33,2,152,lattice,1,u,img/target_7.png
33,2,153,lattice,0,r,img/target_4.png
33,2,154,lattice,9,o,img/target_9.png
33,2,155,lattice,1,u,img/target_7.png
33,2,156,lattice,3,e,img/target_3.png
33,2,157,lattice,5,w,img/target_2.png
33,2,158,lattice,6,b,img/target_6.png
33,2,159,lattice,4,p,img/target_10.png
33,2,160,lattice,3,e,img/target_3.png
33,2,161,lattice,5,w,img/target_2.png
33,2,162,lattice,3,e,img/target_3.png
33,2,163,lattice,1,u,img/target_7.png
33,2,164,lattice,0,r,img/target_4.png
33,2,165,lattice,9,o,img/target_9.png
33,2,166,lattice,0,r,img/target_4.png
33,2,167,lattice,9,o,img/target_9.png
33,2,168,lattice,1,u,img/target_7.png
33,2,169,lattice,9,o,img/target_9.png
33,2,170,lattice,8,v,img/target_5.png
33,2,171,lattice,6,b,img/target_6.png
33,2,172,lattice,7,i,img/target_8.png
33,2,173,lattice,8,v,img/target_5.png
33,2,174,lattice,6,b,img/target_6.png
33,2,175,lattice,5,w,img/target_2.png
33,2,176,lattice,4,p,img/target_10.png
33,2,177,lattice,6,b,img/target_6.png
33,2,178,lattice,4,p,img/target_10.png
33,2,179,lattice,2,q,img/target_1.png
33,2,180,lattice,4,p,img/target_10.png
33,2,181,lattice,2,q,img/target_1.png
33,2,182,lattice,3,e,img/target_3.png
33,2,183,lattice,1,u,img/target_7.png
33,2,184,lattice,9,o,img/target_9.png
33,2,185,lattice,8,v,img/target_5.png
33,2,186,lattice,7,i,img/target_8.png
33,2,187,lattice,6,b,img/target_6.png
33,2,188,lattice,5,w,img/target_2.png
33,2,189,lattice,4,p,img/target_10.png
33,2,190,lattice,2,q,img/target_1.png
33,2,191,lattice,0,r,img/target_4.png
33,2,192,lattice,2,q,img/target_1.png
33,2,193,lattice,0,r,img/target_4.png
33,2,194,lattice,1,u,img/target_7.png
33,2,195,lattice,3,e,img/target_3.png
33,2,196,lattice,1,u,img/target_7.png
33,2,197,lattice,3,e,img/target_3.png
33,2,198,lattice,4,p,img/target_10.png
33,2,199,lattice,5,w,img/target_2.png
33,2,200,lattice,3,e,img/target_3.png
33,2,201,lattice,5,w,img/target_2.png
33,2,202,lattice,3,e,img/target_3.png
33,2,203,lattice,2,q,img/target_1.png
33,2,204,lattice,4,p,img/target_10.png
33,2,205,lattice,3,e,img/target_3.png
33,2,206,lattice,2,q,img/target_1.png
33,2,207,lattice,3,e,img/target_3.png
33,2,208,lattice,4,p,img/target_10.png
33,2,209,lattice,2,q,img/target_1.png
33,2,210,lattice,3,e,img/target_3.png
33,2,211,lattice,5,w,img/target_2.png
33,2,212,lattice,6,b,img/target_6.png
33,2,213,lattice,5,w,img/target_2.png
33,2,214,lattice,4,p,img/target_10.png
33,2,215,lattice,3,e,img/target_3.png
33,2,216,lattice,5,w,img/target_2.png
33,2,217,lattice,6,b,img/target_6.png
33,2,218,lattice,4,p,img/target_10.png
33,2,219,lattice,2,q,img/target_1.png
33,2,220,lattice,1,u,img/target_7.png
33,2,221,lattice,3,e,img/target_3.png
33,2,222,lattice,1,u,img/target_7.png
33,2,223,lattice,0,r,img/target_4.png
33,2,224,lattice,9,o,img/target_9.png
33,2,225,lattice,1,u,img/target_7.png
33,2,226,lattice,2,q,img/target_1.png
33,2,227,lattice,4,p,img/target_10.png
33,2,228,lattice,6,b,img/target_6.png
33,2,229,lattice,7,i,img/target_8.png
33,2,230,lattice,8,v,img/target_5.png
33,2,231,lattice,0,r,img/target_4.png
33,2,232,lattice,9,o,img/target_9.png
33,2,233,lattice,7,i,img/target_8.png
33,2,234,lattice,6,b,img/target_6.png
33,2,235,lattice,8,v,img/target_5.png
33,2,236,lattice,7,i,img/target_8.png
33,2,237,lattice,9,o,img/target_9.png
33,2,238,lattice,0,r,img/target_4.png
33,2,239,lattice,1,u,img/target_7.png
33,2,240,lattice,3,e,img/target_3.png
33,2,241,lattice,1,u,img/target_7.png
33,2,242,lattice,0,r,img/target_4.png
33,2,243,lattice,9,o,img/target_9.png
33,2,244,lattice,7,i,img/target_8.png
33,2,245,lattice,6,b,img/target_6.png
33,2,246,lattice,8,v,img/target_5.png
33,2,247,lattice,9,o,img/target_9.png
33,2,248,lattice,8,v,img/target_5.png
33,2,249,lattice,6,b,img/target_6.png
33,2,250,lattice,7,i,img/target_8.png
33,2,251,lattice,6,b,img/target_6.png
33,2,252,lattice,5,w,img/target_2.png
33,2,253,lattice,7,i,img/target_8.png
33,2,254,lattice,9,o,img/target_9.png
33,2,255,lattice,7,i,img/target_8.png
33,2,256,lattice,9,o,img/target_9.png
33,2,257,lattice,7,i,img/target_8.png
33,2,258,lattice,9,o,img/target_9.png
33,2,259,lattice,7,i,img/target_8.png
33,2,260,lattice,9,o,img/target_9.png
33,2,261,lattice,7,i,img/target_8.png
33,2,262,lattice,9,o,img/target_9.png
33,2,263,lattice,1,u,img/target_7.png
33,2,264,lattice,9,o,img/target_9.png
33,2,265,lattice,8,v,img/target_5.png
33,2,266,lattice,0,r,img/target_4.png
33,2,267,lattice,9,o,img/target_9.png
33,2,268,lattice,0,r,img/target_4.png
33,2,269,lattice,9,o,img/target_9.png
33,2,270,lattice,7,i,img/target_8.png
33,2,271,lattice,9,o,img/target_9.png
33,2,272,lattice,1,u,img/target_7.png
33,2,273,lattice,0,r,img/target_4.png
33,2,274,lattice,2,q,img/target_1.png
33,2,275,lattice,4,p,img/target_10.png
33,2,276,lattice,2,q,img/target_1.png
33,2,277,lattice,0,r,img/target_4.png
33,2,278,lattice,2,q,img/target_1.png
33,2,279,lattice,0,r,img/target_4.png
33,2,280,lattice,2,q,img/target_1.png
33,2,281,lattice,1,u,img/target_7.png
33,2,282,lattice,2,q,img/target_1.png
33,2,283,lattice,4,p,img/target_10.png
33,2,284,lattice,6,b,img/target_6.png
33,2,285,lattice,8,v,img/target_5.png
33,2,286,lattice,6,b,img/target_6.png
33,2,287,lattice,4,p,img/target_10.png
33,2,288,lattice,5,w,img/target_2.png
33,2,289,lattice,7,i,img/target_8.png
33,2,290,lattice,5,w,img/target_2.png
33,2,291,lattice,7,i,img/target_8.png
33,2,292,lattice,5,w,img/target_2.png
33,2,293,lattice,3,e,img/target_3.png
33,2,294,lattice,4,p,img/target_10.png
33,2,295,lattice,6,b,img/target_6.png
33,2,296,lattice,5,w,img/target_2.png
33,2,297,lattice,7,i,img/target_8.png
33,2,298,lattice,6,b,img/target_6.png
33,2,299,lattice,5,w,img/target_2.png
33,2,300,lattice,6,b,img/target_6.png
33,2,301,lattice,5,w,img/target_2.png
33,2,302,lattice,3,e,img/target_3.png
33,2,303,lattice,5,w,img/target_2.png
33,2,304,lattice,3,e,img/target_3.png
33,2,305,lattice,4,p,img/target_10.png
33,2,306,lattice,2,q,img/target_1.png
33,2,307,lattice,0,r,img/target_4.png
33,2,308,lattice,8,v,img/target_5.png
33,2,309,lattice,0,r,img/target_4.png
33,2,310,lattice,8,v,img/target_5.png
33,2,311,lattice,0,r,img/target_4.png
33,2,312,lattice,8,v,img/target_5.png
33,2,313,lattice,9,o,img/target_9.png
33,2,314,lattice,0,r,img/target_4.png
33,2,315,lattice,8,v,img/target_5.png
33,2,316,lattice,0,r,img/target_4.png
33,2,317,lattice,8,v,img/target_5.png
33,2,318,lattice,6,b,img/target_6.png
33,2,319,lattice,4,p,img/target_10.png
33,2,320,lattice,3,e,img/target_3.png
33,2,321,lattice,1,u,img/target_7.png
33,2,322,lattice,3,e,img/target_3.png
33,2,323,lattice,2,q,img/target_1.png
33,2,324,lattice,4,p,img/target_10.png
33,2,325,lattice,5,w,img/target_2.png
33,2,326,lattice,4,p,img/target_10.png
33,2,327,lattice,6,b,img/target_6.png
33,2,328,lattice,4,p,img/target_10.png
33,2,329,lattice,2,q,img/target_1.png
33,2,330,lattice,1,u,img/target_7.png
33,2,331,lattice,3,e,img/target_3.png
33,2,332,lattice,2,q,img/target_1.png
33,2,333,lattice,3,e,img/target_3.png
33,2,334,lattice,5,w,img/target_2.png
33,2,335,lattice,4,p,img/target_10.png
33,2,336,lattice,2,q,img/target_1.png
33,2,337,lattice,1,u,img/target_7.png
33,2,338,lattice,3,e,img/target_3.png
33,2,339,lattice,5,w,img/target_2.png
33,2,340,lattice,7,i,img/target_8.png
33,2,341,lattice,6,b,img/target_6.png
33,2,342,lattice,4,p,img/target_10.png
33,2,343,lattice,5,w,img/target_2.png
33,2,344,lattice,4,p,img/target_10.png
33,2,345,lattice,6,b,img/target_6.png
33,2,346,lattice,5,w,img/target_2.png
33,2,347,lattice,7,i,img/target_8.png
33,2,348,lattice,9,o,img/target_9.png
33,2,349,lattice,1,u,img/target_7.png
33,2,350,lattice,0,r,img/target_4.png
33,2,351,lattice,1,u,img/target_7.png
33,2,352,lattice,3,e,img/target_3.png
33,2,353,lattice,2,q,img/target_1.png
33,2,354,lattice,1,u,img/target_7.png
33,2,355,lattice,2,q,img/target_1.png
33,2,356,lattice,0,r,img/target_4.png
33,2,357,lattice,9,o,img/target_9.png
33,2,358,lattice,7,i,img/target_8.png
33,2,359,lattice,8,v,img/target_5.png
33,2,360,lattice,0,r,img/target_4.png
33,2,361,lattice,9,o,img/target_9.png
33,2,362,lattice,0,r,img/target_4.png
33,2,363,lattice,8,v,img/target_5.png
33,2,364,lattice,7,i,img/target_8.png
33,2,365,lattice,8,v,img/target_5.png
33,2,366,lattice,9,o,img/target_9.png
33,2,367,lattice,8,v,img/target_5.png
33,2,368,lattice,0,r,img/target_4.png
33,2,369,lattice,8,v,img/target_5.png
33,2,370,lattice,7,i,img/target_8.png
33,2,371,lattice,6,b,img/target_6.png
33,2,372,lattice,8,v,img/target_5.png
33,2,373,lattice,9,o,img/target_9.png
33,2,374,lattice,1,u,img/target_7.png
33,2,375,lattice,0,r,img/target_4.png
33,2,376,lattice,1,u,img/target_7.png
33,2,377,lattice,9,o,img/target_9.png
33,2,378,lattice,0,r,img/target_4.png
33,2,379,lattice,8,v,img/target_5.png
33,2,380,lattice,9,o,img/target_9.png
33,2,381,lattice,1,u,img/target_7.png
33,2,382,lattice,2,q,img/target_1.png
33,2,383,lattice,3,e,img/target_3.png
33,2,384,lattice,5,w,img/target_2.png
33,2,385,lattice,3,e,img/target_3.png
33,2,386,lattice,4,p,img/target_10.png
33,2,387,lattice,6,b,img/target_6.png
33,2,388,lattice,5,w,img/target_2.png
33,2,389,lattice,4,p,img/target_10.png
33,2,390,lattice,6,b,img/target_6.png
33,2,391,lattice,8,v,img/target_5.png
33,2,392,lattice,0,r,img/target_4.png
33,2,393,lattice,9,o,img/target_9.png
33,2,394,lattice,7,i,img/target_8.png
33,2,395,lattice,9,o,img/target_9.png
33,2,396,lattice,1,u,img/target_7.png
33,2,397,lattice,3,e,img/target_3.png
33,2,398,lattice,5,w,img/target_2.png
33,2,399,lattice,4,p,img/target_10.png
33,2,400,lattice,3,e,img/target_3.png
33,2,401,lattice,2,q,img/target_1.png
33,2,402,lattice,4,p,img/target_10.png
33,2,403,lattice,3,e,img/target_3.png
33,2,404,lattice,2,q,img/target_1.png
33,2,405,lattice,1,u,img/target_7.png
33,2,406,lattice,0,r,img/target_4.png
33,2,407,lattice,2,q,img/target_1.png
33,2,408,lattice,3,e,img/target_3.png
33,2,409,lattice,5,w,img/target_2.png
33,2,410,lattice,7,i,img/target_8.png
33,2,411,lattice,9,o,img/target_9.png
33,2,412,lattice,7,i,img/target_8.png
33,2,413,lattice,6,b,img/target_6.png
33,2,414,lattice,4,p,img/target_10.png
33,2,415,lattice,2,q,img/target_1.png
33,2,416,lattice,4,p,img/target_10.png
33,2,417,lattice,5,w,img/target_2.png
33,2,418,lattice,6,b,img/target_6.png
33,2,419,lattice,5,w,img/target_2.png
33,2,420,lattice,7,i,img/target_8.png
33,2,421,lattice,5,w,img/target_2.png
33,2,422,lattice,3,e,img/target_3.png
33,2,423,lattice,5,w,img/target_2.png
33,2,424,lattice,4,p,img/target_10.png
33,2,425,lattice,2,q,img/target_1.png
33,2,426,lattice,4,p,img/target_10.png
33,2,427,lattice,5,w,img/target_2.png
33,2,428,lattice,6,b,img/target_6.png
33,2,429,lattice,7,i,img/target_8.png
33,2,430,lattice,9,o,img/target_9.png
33,2,431,lattice,8,v,img/target_5.png
33,2,432,lattice,0,r,img/target_4.png
33,2,433,lattice,2,q,img/target_1.png
33,2,434,lattice,1,u,img/target_7.png
33,2,435,lattice,3,e,img/target_3.png
33,2,436,lattice,1,u,img/target_7.png
33,2,437,lattice,2,q,img/target_1.png
33,2,438,lattice,3,e,img/target_3.png
33,2,439,lattice,5,w,img/target_2.png
33,2,440,lattice,4,p,img/target_10.png
33,2,441,lattice,6,b,img/target_6.png
33,2,442,lattice,8,v,img/target_5.png
33,2,443,lattice,0,r,img/target_4.png
33,2,444,lattice,8,v,img/target_5.png
33,2,445,lattice,6,b,img/target_6.png
33,2,446,lattice,7,i,img/target_8.png
33,2,447,lattice,9,o,img/target_9.png
33,2,448,lattice,8,v,img/target_5.png
33,2,449,lattice,0,r,img/target_4.png
33,2,450,lattice,1,u,img/target_7.png
33,2,451,lattice,9,o,img/target_9.png
33,2,452,lattice,1,u,img/target_7.png
33,2,453,lattice,0,r,img/target_4.png
33,2,454,lattice,9,o,img/target_9.png
33,2,455,lattice,8,v,img/target_5.png
33,2,456,lattice,7,i,img/target_8.png
33,2,457,lattice,9,o,img/target_9.png
33,2,458,lattice,7,i,img/target_8.png
33,2,459,lattice,6,b,img/target_6.png
33,2,460,lattice,8,v,img/target_5.png
33,2,461,lattice,9,o,img/target_9.png
33,2,462,lattice,1,u,img/target_7.png
33,2,463,lattice,2,q,img/target_1.png
33,2,464,lattice,1,u,img/target_7.png
33,2,465,lattice,9,o,img/target_9.png
33,2,466,lattice,1,u,img/target_7.png
33,2,467,lattice,0,r,img/target_4.png
33,2,468,lattice,9,o,img/target_9.png
33,2,469,lattice,1,u,img/target_7.png
33,2,470,lattice,2,q,img/target_1.png
33,2,471,lattice,4,p,img/target_10.png
33,2,472,lattice,6,b,img/target_6.png
33,2,473,lattice,4,p,img/target_10.png
33,2,474,lattice,2,q,img/target_1.png
33,2,475,lattice,4,p,img/target_10.png
33,2,476,lattice,6,b,img/target_6.png
33,2,477,lattice,5,w,img/target_2.png
33,2,478,lattice,7,i,img/target_8.png
33,2,479,lattice,6,b,img/target_6.png
33,2,480,lattice,4,p,img/target_10.png
33,2,481,lattice,5,w,img/target_2.png
33,2,482,lattice,4,p,img/target_10.png
33,2,483,lattice,5,w,img/target_2.png
33,2,484,lattice,7,i,img/target_8.png
33,2,485,lattice,6,b,img/target_6.png
33,2,486,lattice,8,v,img/target_5.png
33,2,487,lattice,6,b,img/target_6.png
33,2,488,lattice,8,v,img/target_5.png
33,2,489,lattice,7,i,img/target_8.png
33,2,490,lattice,5,w,img/target_2.png
33,2,491,lattice,3,e,img/target_3.png
33,2,492,lattice,1,u,img/target_7.png
33,2,493,lattice,2,q,img/target_1.png
33,2,494,lattice,3,e,img/target_3.png
33,2,495,lattice,5,w,img/target_2.png
33,2,496,lattice,7,i,img/target_8.png
33,2,497,lattice,8,v,img/target_5.png
33,2,498,lattice,7,i,img/target_8.png
33,2,499,lattice,8,v,img/target_5.png
33,2,500,lattice,9,o,img/target_9.png
33,2,501,lattice,8,v,img/target_5.png
33,2,502,lattice,6,b,img/target_6.png
33,2,503,lattice,5,w,img/target_2.png
33,2,504,lattice,3,e,img/target_3.png
33,2,505,lattice,5,w,img/target_2.png
33,2,506,lattice,6,b,img/target_6.png
33,2,507,lattice,5,w,img/target_2.png
33,2,508,lattice,3,e,img/target_3.png
33,2,509,lattice,1,u,img/target_7.png
33,2,510,lattice,3,e,img/target_3.png
33,2,511,lattice,2,q,img/target_1.png
33,2,512,lattice,0,r,img/target_4.png
33,2,513,lattice,9,o,img/target_9.png
33,2,514,lattice,1,u,img/target_7.png
33,2,515,lattice,9,o,img/target_9.png
33,2,516,lattice,7,i,img/target_8.png
33,2,517,lattice,5,w,img/target_2.png
33,2,518,lattice,4,p,img/target_10.png
33,2,519,lattice,5,w,img/target_2.png
33,2,520,lattice,3,e,img/target_3.png
33,2,521,lattice,1,u,img/target_7.png
33,2,522,lattice,9,o,img/target_9.png
33,2,523,lattice,8,v,img/target_5.png
33,2,524,lattice,9,o,img/target_9.png
33,2,525,lattice,8,v,img/target_5.png
33,2,526,lattice,9,o,img/target_9.png
33,2,527,lattice,8,v,img/target_5.png
33,2,528,lattice,9,o,img/target_9.png
33,2,529,lattice,1,u,img/target_7.png
33,2,530,lattice,9,o,img/target_9.png
33,2,531,lattice,7,i,img/target_8.png
33,2,532,lattice,9,o,img/target_9.png
33,2,533,lattice,7,i,img/target_8.png
33,2,534,lattice,5,w,img/target_2.png
33,2,535,lattice,7,i,img/target_8.png
33,2,536,lattice,8,v,img/target_5.png
33,2,537,lattice,7,i,img/target_8.png
33,2,538,lattice,5,w,img/target_2.png
33,2,539,lattice,4,p,img/target_10.png
33,2,540,lattice,5,w,img/target_2.png
33,2,541,lattice,3,e,img/target_3.png
33,2,542,lattice,2,q,img/target_1.png
33,2,543,lattice,4,p,img/target_10.png
33,2,544,lattice,3,e,img/target_3.png
33,2,545,lattice,5,w,img/target_2.png
33,2,546,lattice,4,p,img/target_10.png
33,2,547,lattice,3,e,img/target_3.png
33,2,548,lattice,2,q,img/target_1.png
33,2,549,lattice,4,p,img/target_10.png
33,2,550,lattice,6,b,img/target_6.png
33,2,551,lattice,5,w,img/target_2.png
33,2,552,lattice,3,e,img/target_3.png
33,2,553,lattice,5,w,img/target_2.png
33,2,554,lattice,6,b,img/target_6.png
33,2,555,lattice,4,p,img/target_10.png
33,2,556,lattice,6,b,img/target_6.png
33,2,557,lattice,5,w,img/target_2.png
33,2,558,lattice,4,p,img/target_10.png
33,2,559,lattice,3,e,img/target_3.png
33,2,560,lattice,1,u,img/target_7.png
33,2,561,lattice,0,r,img/target_4.png
33,2,562,lattice,2,q,img/target_1.png
33,2,563,lattice,4,p,img/target_10.png
33,2,564,lattice,2,q,img/target_1.png
33,2,565,lattice,1,u,img/target_7.png
33,2,566,lattice,3,e,img/target_3.png
33,2,567,lattice,4,p,img/target_10.png
33,2,568,lattice,5,w,img/target_2.png
33,2,569,lattice,4,p,img/target_10.png
33,2,570,lattice,6,b,img/target_6.png
33,2,571,lattice,7,i,img/target_8.png
33,2,572,lattice,8,v,img/target_5.png
33,2,573,lattice,7,i,img/target_8.png
33,2,574,lattice,5,w,img/target_2.png
33,2,575,lattice,6,b,img/target_6.png
33,2,576,lattice,7,i,img/target_8.png
33,2,577,lattice,5,w,img/target_2.png
33,2,578,lattice,6,b,img/target_6.png
33,2,579,lattice,4,p,img/target_10.png
33,2,580,lattice,5,w,img/target_2.png
33,2,581,lattice,6,b,img/target_6.png
33,2,582,lattice,4,p,img/target_10.png
33,2,583,lattice,6,b,img/target_6.png
33,2,584,lattice,4,p,img/target_10.png
33,2,585,lattice,5,w,img/target_2.png
33,2,586,lattice,3,e,img/target_3.png
33,2,587,lattice,2,q,img/target_1.png
33,2,588,lattice,3,e,img/target_3.png
33,2,589,lattice,1,u,img/target_7.png
33,2,590,lattice,2,q,img/target_1.png
33,2,591,lattice,3,e,img/target_3.png
33,2,592,lattice,5,w,img/target_2.png
33,2,593,lattice,3,e,img/target_3.png
33,2,594,lattice,4,p,img/target_10.png
33,2,595,lattice,5,w,img/target_2.png
33,2,596,lattice,7,i,img/target_8.png
33,2,597,lattice,6,b,img/target_6.png
33,2,598,lattice,5,w,img/target_2.png
33,2,599,lattice,4,p,img/target_10.png
33,2,600,lattice,6,b,img/target_6.png
33,2,601,lattice,7,i,img/target_8.png
33,2,602,lattice,9,o,img/target_9.png
33,2,603,lattice,8,v,img/target_5.png
33,2,604,lattice,0,r,img/target_4.png
33,2,605,lattice,8,v,img/target_5.png
33,2,606,lattice,0,r,img/target_4.png
33,2,607,lattice,2,q,img/target_1.png
33,2,608,lattice,0,r,img/target_4.png
33,2,609,lattice,1,u,img/target_7.png
33,2,610,lattice,9,o,img/target_9.png
33,2,611,lattice,1,u,img/target_7.png
33,2,612,lattice,2,q,img/target_1.png
33,2,613,lattice,0,r,img/target_4.png
33,2,614,lattice,9,o,img/target_9.png
33,2,615,lattice,0,r,img/target_4.png
33,2,616,lattice,1,u,img/target_7.png
33,2,617,lattice,3,e,img/target_3.png
33,2,618,lattice,5,w,img/target_2.png
33,2,619,lattice,3,e,img/target_3.png
33,2,620,lattice,1,u,img/target_7.png
33,2,621,lattice,3,e,img/target_3.png
33,2,622,lattice,5,w,img/target_2.png
33,2,623,lattice,3,e,img/target_3.png
33,2,624,lattice,4,p,img/target_10.png
33,2,625,lattice,5,w,img/target_2.png
33,2,626,lattice,3,e,img/target_3.png
33,2,627,lattice,4,p,img/target_10.png
33,2,628,lattice,5,w,img/target_2.png
33,2,629,lattice,6,b,img/target_6.png
33,2,630,lattice,4,p,img/target_10.png
33,2,631,lattice,3,e,img/target_3.png
33,2,632,lattice,4,p,img/target_10.png
33,2,633,lattice,5,w,img/target_2.png
33,2,634,lattice,3,e,img/target_3.png
33,2,635,lattice,5,w,img/target_2.png
33,2,636,lattice,3,e,img/target_3.png
33,2,637,lattice,4,p,img/target_10.png
33,2,638,lattice,3,e,img/target_3.png
33,2,639,lattice,4,p,img/target_10.png
33,2,640,lattice,5,w,img/target_2.png
33,2,641,lattice,3,e,img/target_3.png
33,2,642,lattice,5,w,img/target_2.png
33,2,643,lattice,7,i,img/target_8.png
33,2,644,lattice,6,b,img/target_6.png
33,2,645,lattice,7,i,img/target_8.png
33,2,646,lattice,9,o,img/target_9.png
33,2,647,lattice,0,r,img/target_4.png
33,2,648,lattice,9,o,img/target_9.png
33,2,649,lattice,1,u,img/target_7.png
33,2,650,lattice,3,e,img/target_3.png
33,2,651,lattice,5,w,img/target_2.png
33,2,652,lattice,7,i,img/target_8.png
33,2,653,lattice,5,w,img/target_2.png
33,2,654,lattice,4,p,img/target_10.png
33,2,655,lattice,5,w,img/target_2.png
33,2,656,lattice,6,b,img/target_6.png
33,2,657,lattice,4,p,img/target_10.png
33,2,658,lattice,3,e,img/target_3.png
33,2,659,lattice,1,u,img/target_7.png
33,2,660,lattice,0,r,img/target_4.png
33,2,661,lattice,8,v,img/target_5.png
33,2,662,lattice,7,i,img/target_8.png
33,2,663,lattice,6,b,img/target_6.png
33,2,664,lattice,8,v,img/target_5.png
33,2,665,lattice,0,r,img/target_4.png
33,2,666,lattice,1,u,img/target_7.png
33,2,667,lattice,9,o,img/target_9.png
33,2,668,lattice,8,v,img/target_5.png
33,2,669,lattice,7,i,img/target_8.png
33,2,670,lattice,6,b,img/target_6.png
33,2,671,lattice,4,p,img/target_10.png
33,2,672,lattice,6,b,img/target_6.png
33,2,673,lattice,4,p,img/target_10.png
33,2,674,lattice,3,e,img/target_3.png
33,2,675,lattice,1,u,img/target_7.png
33,2,676,lattice,0,r,img/target_4.png
33,2,677,lattice,2,q,img/target_1.png
33,2,678,lattice,1,u,img/target_7.png
33,2,679,lattice,2,q,img/target_1.png
33,2,680,lattice,4,p,img/target_10.png
33,2,681,lattice,2,q,img/target_1.png
33,2,682,lattice,0,r,img/target_4.png
33,2,683,lattice,9,o,img/target_9.png
33,2,684,lattice,1,u,img/target_7.png
33,2,685,lattice,3,e,img/target_3.png
33,2,686,lattice,5,w,img/target_2.png
33,2,687,lattice,3,e,img/target_3.png
33,2,688,lattice,1,u,img/target_7.png
33,2,689,lattice,0,r,img/target_4.png
33,2,690,lattice,2,q,img/target_1.png
33,2,691,lattice,1,u,img/target_7.png
33,2,692,lattice,3,e,img/target_3.png
33,2,693,lattice,1,u,img/target_7.png
33,2,694,lattice,0,r,img/target_4.png
33,2,695,lattice,8,v,img/target_5.png
33,2,696,lattice,9,o,img/target_9.png
33,2,697,lattice,1,u,img/target_7.png
33,2,698,lattice,2,q,img/target_1.png
33,2,699,lattice,0,r,img/target_4.png
33,2,700,lattice,2,q,img/target_1.png
33,2,701,lattice,0,r,img/target_4.png
33,2,702,lattice,8,v,img/target_5.png
33,2,703,lattice,0,r,img/target_4.png
33,2,704,lattice,1,u,img/target_7.png
33,2,705,lattice,2,q,img/target_1.png
33,2,706,lattice,1,u,img/target_7.png
33,2,707,lattice,0,r,img/target_4.png
33,2,708,lattice,8,v,img/target_5.png
33,2,709,lattice,6,b,img/target_6.png
33,2,710,lattice,7,i,img/target_8.png
33,2,711,lattice,9,o,img/target_9.png
33,2,712,lattice,1,u,img/target_7.png
33,2,713,lattice,2,q,img/target_1.png
33,2,714,lattice,3,e,img/target_3.png
33,2,715,lattice,1,u,img/target_7.png
33,2,716,lattice,2,q,img/target_1.png
33,2,717,lattice,1,u,img/target_7.png
33,2,718,lattice,0,r,img/target_4.png
33,2,719,lattice,1,u,img/target_7.png
33,2,720,lattice,2,q,img/target_1.png
33,2,721,lattice,0,r,img/target_4.png
33,2,722,lattice,1,u,img/target_7.png
33,2,723,lattice,9,o,img/target_9.png
33,2,724,lattice,8,v,img/target_5.png
33,2,725,lattice,9,o,img/target_9.png
33,2,726,lattice,1,u,img/target_7.png
33,2,727,lattice,9,o,img/target_9.png
33,2,728,lattice,0,r,img/target_4.png
33,2,729,lattice,9,o,img/target_9.png
33,2,730,lattice,0,r,img/target_4.png
33,2,731,lattice,2,q,img/target_1.png
33,2,732,lattice,3,e,img/target_3.png
33,2,733,lattice,2,q,img/target_1.png
33,2,734,lattice,4,p,img/target_10.png
33,2,735,lattice,3,e,img/target_3.png
33,2,736,lattice,2,q,img/target_1.png
33,2,737,lattice,3,e,img/target_3.png
33,2,738,lattice,1,u,img/target_7.png
33,2,739,lattice,2,q,img/target_1.png
33,2,740,lattice,3,e,img/target_3.png
33,2,741,lattice,5,w,img/target_2.png
33,2,742,lattice,3,e,img/target_3.png
33,2,743,lattice,2,q,img/target_1.png
33,2,744,lattice,4,p,img/target_10.png
33,2,745,lattice,5,w,img/target_2.png
33,2,746,lattice,6,b,img/target_6.png
33,2,747,lattice,7,i,img/target_8.png
33,2,748,lattice,5,w,img/target_2.png
33,2,749,lattice,7,i,img/target_8.png
33,2,750,lattice,8,v,img/target_5.png
33,2,751,lattice,0,r,img/target_4.png
33,2,752,lattice,8,v,img/target_5.png
33,2,753,lattice,7,i,img/target_8.png
33,2,754,lattice,9,o,img/target_9.png
33,2,755,lattice,1,u,img/target_7.png
33,2,756,lattice,9,o,img/target_9.png
33,2,757,lattice,0,r,img/target_4.png
33,2,758,lattice,9,o,img/target_9.png
33,2,759,lattice,0,r,img/target_4.png
33,2,760,lattice,2,q,img/target_1.png
33,2,761,lattice,1,u,img/target_7.png
33,2,762,lattice,3,e,img/target_3.png
33,2,763,lattice,4,p,img/target_10.png
33,2,764,lattice,6,b,img/target_6.png
33,2,765,lattice,8,v,img/target_5.png
33,2,766,lattice,6,b,img/target_6.png
33,2,767,lattice,5,w,img/target_2.png
33,2,768,lattice,3,e,img/target_3.png
33,2,769,lattice,5,w,img/target_2.png
33,2,770,lattice,3,e,img/target_3.png
33,2,771,lattice,4,p,img/target_10.png
33,2,772,lattice,5,w,img/target_2.png
33,2,773,lattice,4,p,img/target_10.png
33,2,774,lattice,6,b,img/target_6.png
33,2,775,lattice,8,v,img/target_5.png
33,2,776,lattice,9,o,img/target_9.png
33,2,777,lattice,7,i,img/target_8.png
33,2,778,lattice,5,w,img/target_2.png
33,2,779,lattice,4,p,img/target_10.png
33,2,780,lattice,3,e,img/target_3.png
33,2,781,lattice,5,w,img/target_2.png
33,2,782,lattice,6,b,img/target_6.png
33,2,783,lattice,4,p,img/target_10.png
33,2,784,lattice,6,b,img/target_6.png
33,2,785,lattice,8,v,img/target_5.png
33,2,786,lattice,6,b,img/target_6.png
33,2,787,lattice,5,w,img/target_2.png
33,2,788,lattice,7,i,img/target_8.png
33,2,789,lattice,6,b,img/target_6.png
33,2,790,lattice,4,p,img/target_10.png
33,2,791,lattice,5,w,img/target_2.png
33,2,792,lattice,7,i,img/target_8.png
33,2,793,lattice,8,v,img/target_5.png
33,2,794,lattice,9,o,img/target_9.png
33,2,795,lattice,8,v,img/target_5.png
33,2,796,lattice,0,r,img/target_4.png
33,2,797,lattice,9,o,img/target_9.png
33,2,798,lattice,0,r,img/target_4.png
33,2,799,lattice,1,u,img/target_7.png
33,2,800,lattice,0,r,img/target_4.png
33,2,801,lattice,8,v,img/target_5.png
33,2,802,lattice,6,b,img/target_6.png
33,2,803,lattice,5,w,img/target_2.png
33,2,804,lattice,4,p,img/target_10.png
33,2,805,lattice,3,e,img/target_3.png
33,2,806,lattice,4,p,img/target_10.png
33,2,807,lattice,6,b,img/target_6.png
33,2,808,lattice,4,p,img/target_10.png
33,2,809,lattice,5,w,img/target_2.png
33,2,810,lattice,4,p,img/target_10.png
33,2,811,lattice,2,q,img/target_1.png
33,2,812,lattice,0,r,img/target_4.png
33,2,813,lattice,1,u,img/target_7.png
33,2,814,lattice,9,o,img/target_9.png
33,2,815,lattice,8,v,img/target_5.png
33,2,816,lattice,0,r,img/target_4.png
33,2,817,lattice,9,o,img/target_9.png
33,2,818,lattice,0,r,img/target_4.png
33,2,819,lattice,2,q,img/target_1.png
33,2,820,lattice,1,u,img/target_7.png
33,2,821,lattice,3,e,img/target_3.png
33,2,822,lattice,5,w,img/target_2.png
33,2,823,lattice,3,e,img/target_3.png
33,2,824,lattice,5,w,img/target_2.png
33,2,825,lattice,4,p,img/target_10.png
33,2,826,lattice,2,q,img/target_1.png
33,2,827,lattice,4,p,img/target_10.png
33,2,828,lattice,5,w,img/target_2.png
33,2,829,lattice,4,p,img/target_10.png
33,2,830,lattice,5,w,img/target_2.png
33,2,831,lattice,4,p,img/target_10.png
33,2,832,lattice,2,q,img/target_1.png
33,2,833,lattice,4,p,img/target_10.png
33,2,834,lattice,2,q,img/target_1.png
33,2,835,lattice,4,p,img/target_10.png
33,2,836,lattice,2,q,img/target_1.png
33,2,837,lattice,0,r,img/target_4.png
33,2,838,lattice,8,v,img/target_5.png
33,2,839,lattice,9,o,img/target_9.png
33,2,840,lattice,7,i,img/target_8.png
33,2,841,lattice,9,o,img/target_9.png
33,2,842,lattice,0,r,img/target_4.png
33,2,843,lattice,1,u,img/target_7.png
33,2,844,lattice,2,q,img/target_1.png
33,2,845,lattice,1,u,img/target_7.png
33,2,846,lattice,0,r,img/target_4.png
33,2,847,lattice,9,o,img/target_9.png
33,2,848,lattice,8,v,img/target_5.png
33,2,849,lattice,9,o,img/target_9.png
33,2,850,lattice,8,v,img/target_5.png
33,2,851,lattice,9,o,img/target_9.png
33,2,852,lattice,7,i,img/target_8.png
33,2,853,lattice,5,w,img/target_2.png
33,2,854,lattice,3,e,img/target_3.png
33,2,855,lattice,2,q,img/target_1.png
33,2,856,lattice,1,u,img/target_7.png
33,2,857,lattice,3,e,img/target_3.png
33,2,858,lattice,5,w,img/target_2.png
33,2,859,lattice,4,p,img/target_10.png
33,2,860,lattice,3,e,img/target_3.png
33,2,861,lattice,1,u,img/target_7.png
33,2,862,lattice,0,r,img/target_4.png
33,2,863,lattice,9,o,img/target_9.png
33,2,864,lattice,1,u,img/target_7.png
33,2,865,lattice,2,q,img/target_1.png
33,2,866,lattice,1,u,img/target_7.png
33,2,867,lattice,3,e,img/target_3.png
33,2,868,lattice,2,q,img/target_1.png
33,2,869,lattice,0,r,img/target_4.png
33,2,870,lattice,9,o,img/target_9.png
33,2,871,lattice,0,r,img/target_4.png
33,2,872,lattice,2,q,img/target_1.png
33,2,873,lattice,4,p,img/target_10.png
33,2,874,lattice,6,b,img/target_6.png
33,2,875,lattice,4,p,img/target_10.png
33,2,876,lattice,3,e,img/target_3.png
33,2,877,lattice,4,p,img/target_10.png
33,2,878,lattice,3,e,img/target_3.png
33,2,879,lattice,2,q,img/target_1.png
33,2,880,lattice,0,r,img/target_4.png
33,2,881,lattice,8,v,img/target_5.png
33,2,882,lattice,0,r,img/target_4.png
33,2,883,lattice,9,o,img/target_9.png
33,2,884,lattice,7,i,img/target_8.png
33,2,885,lattice,5,w,img/target_2.png
33,2,886,lattice,6,b,img/target_6.png
33,2,887,lattice,4,p,img/target_10.png
33,2,888,lattice,5,w,img/target_2.png
33,2,889,lattice,4,p,img/target_10.png
33,2,890,lattice,6,b,img/target_6.png
33,2,891,lattice,8,v,img/target_5.png
33,2,892,lattice,7,i,img/target_8.png
33,2,893,lattice,8,v,img/target_5.png
33,2,894,lattice,6,b,img/target_6.png
33,2,895,lattice,8,v,img/target_5.png
33,2,896,lattice,7,i,img/target_8.png
33,2,897,lattice,8,v,img/target_5.png
33,2,898,lattice,7,i,img/target_8.png
33,2,899,lattice,6,b,img/target_6.png
33,2,900,lattice,5,w,img/target_2.png
33,2,901,lattice,4,p,img/target_10.png
33,2,902,lattice,6,b,img/target_6.png
33,2,903,lattice,8,v,img/target_5.png
33,2,904,lattice,0,r,img/target_4.png
33,2,905,lattice,8,v,img/target_5.png
33,2,906,lattice,9,o,img/target_9.png
33,2,907,lattice,7,i,img/target_8.png
33,2,908,lattice,9,o,img/target_9.png
33,2,909,lattice,8,v,img/target_5.png
33,2,910,lattice,9,o,img/target_9.png
33,2,911,lattice,7,i,img/target_8.png
33,2,912,lattice,5,w,img/target_2.png
33,2,913,lattice,6,b,img/target_6.png
33,2,914,lattice,5,w,img/target_2.png
33,2,915,lattice,6,b,img/target_6.png
33,2,916,lattice,4,p,img/target_10.png
33,2,917,lattice,6,b,img/target_6.png
33,2,918,lattice,4,p,img/target_10.png
33,2,919,lattice,5,w,img/target_2.png
33,2,920,lattice,6,b,img/target_6.png
33,2,921,lattice,5,w,img/target_2.png
33,2,922,lattice,4,p,img/target_10.png
33,2,923,lattice,6,b,img/target_6.png
33,2,924,lattice,5,w,img/target_2.png
33,2,925,lattice,4,p,img/target_10.png
33,2,926,lattice,6,b,img/target_6.png
33,2,927,lattice,4,p,img/target_10.png
33,2,928,lattice,2,q,img/target_1.png
33,2,929,lattice,1,u,img/target_7.png
33,2,930,lattice,9,o,img/target_9.png
33,2,931,lattice,8,v,img/target_5.png
33,2,932,lattice,7,i,img/target_8.png
33,2,933,lattice,8,v,img/target_5.png
33,2,934,lattice,0,r,img/target_4.png
33,2,935,lattice,9,o,img/target_9.png
33,2,936,lattice,7,i,img/target_8.png
33,2,937,lattice,5,w,img/target_2.png
33,2,938,lattice,7,i,img/target_8.png
33,2,939,lattice,8,v,img/target_5.png
33,2,940,lattice,0,r,img/target_4.png
33,2,941,lattice,2,q,img/target_1.png
33,2,942,lattice,3,e,img/target_3.png
33,2,943,lattice,2,q,img/target_1.png
33,2,944,lattice,3,e,img/target_3.png
33,2,945,lattice,4,p,img/target_10.png
33,2,946,lattice,5,w,img/target_2.png
33,2,947,lattice,6,b,img/target_6.png
33,2,948,lattice,4,p,img/target_10.png
33,2,949,lattice,6,b,img/target_6.png
33,2,950,lattice,5,w,img/target_2.png
33,2,951,lattice,6,b,img/target_6.png
33,2,952,lattice,7,i,img/target_8.png
33,2,953,lattice,8,v,img/target_5.png
33,2,954,lattice,7,i,img/target_8.png
33,2,955,lattice,8,v,img/target_5.png
33,2,956,lattice,7,i,img/target_8.png
33,2,957,lattice,5,w,img/target_2.png
33,2,958,lattice,4,p,img/target_10.png
33,2,959,lattice,2,q,img/target_1.png
33,2,960,lattice,3,e,img/target_3.png
33,2,961,lattice,4,p,img/target_10.png
33,2,962,lattice,3,e,img/target_3.png
33,2,963,lattice,4,p,img/target_10.png
33,2,964,lattice,3,e,img/target_3.png
33,2,965,lattice,1,u,img/target_7.png
33,2,966,lattice,2,q,img/target_1.png
33,2,967,lattice,0,r,img/target_4.png
33,2,968,lattice,1,u,img/target_7.png
33,2,969,lattice,0,r,img/target_4.png
33,2,970,lattice,2,q,img/target_1.png
33,2,971,lattice,4,p,img/target_10.png
33,2,972,lattice,5,w,img/target_2.png
33,2,973,lattice,3,e,img/target_3.png
33,2,974,lattice,4,p,img/target_10.png
33,2,975,lattice,6,b,img/target_6.png
33,2,976,lattice,4,p,img/target_10.png
33,2,977,lattice,6,b,img/target_6.png
33,2,978,lattice,4,p,img/target_10.png
33,2,979,lattice,3,e,img/target_3.png
33,2,980,lattice,1,u,img/target_7.png
33,2,981,lattice,0,r,img/target_4.png
33,2,982,lattice,9,o,img/target_9.png
33,2,983,lattice,7,i,img/target_8.png
33,2,984,lattice,5,w,img/target_2.png
33,2,985,lattice,3,e,img/target_3.png
33,2,986,lattice,5,w,img/target_2.png
33,2,987,lattice,3,e,img/target_3.png
33,2,988,lattice,4,p,img/target_10.png
33,2,989,lattice,2,q,img/target_1.png
33,2,990,lattice,4,p,img/target_10.png
33,2,991,lattice,6,b,img/target_6.png
33,2,992,lattice,5,w,img/target_2.png
33,2,993,lattice,7,i,img/target_8.png
33,2,994,lattice,8,v,img/target_5.png
33,2,995,lattice,7,i,img/target_8.png
33,2,996,lattice,8,v,img/target_5.png
33,2,997,lattice,0,r,img/target_4.png
33,2,998,lattice,1,u,img/target_7.png
33,2,999,lattice,9,o,img/target_9.png
33,2,1000,lattice,0,r,img/target_4.png
