pID,sess,trialNum,graph,walk,resp,path
30,1,1,modular,8,o,img/target_9.png
30,1,2,modular,5,r,img/target_4.png
30,1,3,modular,8,o,img/target_9.png
30,1,4,modular,7,q,img/target_1.png
30,1,5,modular,8,o,img/target_9.png
30,1,6,modular,9,b,img/target_6.png
30,1,7,modular,7,q,img/target_1.png
30,1,8,modular,9,b,img/target_6.png
30,1,9,modular,7,q,img/target_1.png
30,1,10,modular,8,o,img/target_9.png
30,1,11,modular,7,q,img/target_1.png
30,1,12,modular,5,r,img/target_4.png
30,1,13,modular,6,v,img/target_5.png
30,1,14,modular,9,b,img/target_6.png
30,1,15,modular,8,o,img/target_9.png
30,1,16,modular,7,q,img/target_1.png
30,1,17,modular,6,v,img/target_5.png
30,1,18,modular,7,q,img/target_1.png
30,1,19,modular,6,v,img/target_5.png
30,1,20,modular,7,q,img/target_1.png
30,1,21,modular,5,r,img/target_4.png
30,1,22,modular,4,e,img/target_3.png
30,1,23,modular,3,p,img/target_10.png
30,1,24,modular,2,i,img/target_8.png
30,1,25,modular,1,u,img/target_7.png
30,1,26,modular,3,p,img/target_10.png
30,1,27,modular,0,w,img/target_2.png
30,1,28,modular,3,p,img/target_10.png
30,1,29,modular,2,i,img/target_8.png
30,1,30,modular,0,w,img/target_2.png
30,1,31,modular,2,i,img/target_8.png
30,1,32,modular,3,p,img/target_10.png
30,1,33,modular,2,i,img/target_8.png
30,1,34,modular,4,e,img/target_3.png
30,1,35,modular,2,i,img/target_8.png
30,1,36,modular,4,e,img/target_3.png
30,1,37,modular,2,i,img/target_8.png
30,1,38,modular,3,p,img/target_10.png
30,1,39,modular,2,i,img/target_8.png
30,1,40,modular,3,p,img/target_10.png
30,1,41,modular,4,e,img/target_3.png
30,1,42,modular,5,r,img/target_4.png
30,1,43,modular,8,o,img/target_9.png
30,1,44,modular,6,v,img/target_5.png
30,1,45,modular,7,q,img/target_1.png
30,1,46,modular,9,b,img/target_6.png
30,1,47,modular,6,v,img/target_5.png
30,1,48,modular,9,b,img/target_6.png
30,1,49,modular,7,q,img/target_1.png
30,1,50,modular,9,b,img/target_6.png
30,1,51,modular,0,w,img/target_2.png
30,1,52,modular,9,b,img/target_6.png
30,1,53,modular,0,w,img/target_2.png
30,1,54,modular,2,i,img/target_8.png
30,1,55,modular,1,u,img/target_7.png
30,1,56,modular,0,w,img/target_2.png
30,1,57,modular,3,p,img/target_10.png
30,1,58,modular,2,i,img/target_8.png
30,1,59,modular,1,u,img/target_7.png
30,1,60,modular,0,w,img/target_2.png
30,1,61,modular,9,b,img/target_6.png
30,1,62,modular,8,o,img/target_9.png
30,1,63,modular,5,r,img/target_4.png
30,1,64,modular,4,e,img/target_3.png
30,1,65,modular,2,i,img/target_8.png
30,1,66,modular,4,e,img/target_3.png
30,1,67,modular,3,p,img/target_10.png
30,1,68,modular,4,e,img/target_3.png
30,1,69,modular,3,p,img/target_10.png
30,1,70,modular,1,u,img/target_7.png
30,1,71,modular,3,p,img/target_10.png
30,1,72,modular,0,w,img/target_2.png
30,1,73,modular,3,p,img/target_10.png
30,1,74,modular,4,e,img/target_3.png
30,1,75,modular,1,u,img/target_7.png
30,1,76,modular,0,w,img/target_2.png
30,1,77,modular,9,b,img/target_6.png
30,1,78,modular,7,q,img/target_1.png
30,1,79,modular,5,r,img/target_4.png
30,1,80,modular,7,q,img/target_1.png
30,1,81,modular,6,v,img/target_5.png
30,1,82,modular,9,b,img/target_6.png
30,1,83,modular,6,v,img/target_5.png
30,1,84,modular,9,b,img/target_6.png
30,1,85,modular,8,o,img/target_9.png
30,1,86,modular,5,r,img/target_4.png
30,1,87,modular,8,o,img/target_9.png
30,1,88,modular,7,q,img/target_1.png
30,1,89,modular,6,v,img/target_5.png
30,1,90,modular,7,q,img/target_1.png
30,1,91,modular,9,b,img/target_6.png
30,1,92,modular,0,w,img/target_2.png
30,1,93,modular,2,i,img/target_8.png
30,1,94,modular,1,u,img/target_7.png
30,1,95,modular,0,w,img/target_2.png
30,1,96,modular,1,u,img/target_7.png
30,1,97,modular,3,p,img/target_10.png
30,1,98,modular,4,e,img/target_3.png
30,1,99,modular,2,i,img/target_8.png
30,1,100,modular,0,w,img/target_2.png
30,1,101,modular,9,b,img/target_6.png
30,1,102,modular,8,o,img/target_9.png
30,1,103,modular,5,r,img/target_4.png
30,1,104,modular,7,q,img/target_1.png
30,1,105,modular,6,v,img/target_5.png
30,1,106,modular,8,o,img/target_9.png
30,1,107,modular,9,b,img/target_6.png
30,1,108,modular,0,w,img/target_2.png
30,1,109,modular,9,b,img/target_6.png
30,1,110,modular,6,v,img/target_5.png
30,1,111,modular,7,q,img/target_1.png
30,1,112,modular,6,v,img/target_5.png
30,1,113,modular,7,q,img/target_1.png
30,1,114,modular,8,o,img/target_9.png
30,1,115,modular,6,v,img/target_5.png
30,1,116,modular,5,r,img/target_4.png
30,1,117,modular,4,e,img/target_3.png
30,1,118,modular,2,i,img/target_8.png
30,1,119,modular,1,u,img/target_7.png
30,1,120,modular,2,i,img/target_8.png
30,1,121,modular,3,p,img/target_10.png
30,1,122,modular,2,i,img/target_8.png
30,1,123,modular,4,e,img/target_3.png
30,1,124,modular,2,i,img/target_8.png
30,1,125,modular,4,e,img/target_3.png
30,1,126,modular,2,i,img/target_8.png
30,1,127,modular,4,e,img/target_3.png
30,1,128,modular,5,r,img/target_4.png
30,1,129,modular,4,e,img/target_3.png
30,1,130,modular,5,r,img/target_4.png
30,1,131,modular,4,e,img/target_3.png
30,1,132,modular,5,r,img/target_4.png
30,1,133,modular,4,e,img/target_3.png
30,1,134,modular,1,u,img/target_7.png
30,1,135,modular,2,i,img/target_8.png
30,1,136,modular,0,w,img/target_2.png
30,1,137,modular,1,u,img/target_7.png
30,1,138,modular,0,w,img/target_2.png
30,1,139,modular,9,b,img/target_6.png
30,1,140,modular,6,v,img/target_5.png
30,1,141,modular,5,r,img/target_4.png
30,1,142,modular,6,v,img/target_5.png
30,1,143,modular,8,o,img/target_9.png
30,1,144,modular,7,q,img/target_1.png
30,1,145,modular,5,r,img/target_4.png
30,1,146,modular,7,q,img/target_1.png
30,1,147,modular,5,r,img/target_4.png
30,1,148,modular,7,q,img/target_1.png
30,1,149,modular,5,r,img/target_4.png
30,1,150,modular,4,e,img/target_3.png
30,1,151,modular,5,r,img/target_4.png
30,1,152,modular,8,o,img/target_9.png
30,1,153,modular,5,r,img/target_4.png
30,1,154,modular,6,v,img/target_5.png
30,1,155,modular,7,q,img/target_1.png
30,1,156,modular,9,b,img/target_6.png
30,1,157,modular,6,v,img/target_5.png
30,1,158,modular,8,o,img/target_9.png
30,1,159,modular,5,r,img/target_4.png
30,1,160,modular,7,q,img/target_1.png
30,1,161,modular,8,o,img/target_9.png
30,1,162,modular,7,q,img/target_1.png
30,1,163,modular,6,v,img/target_5.png
30,1,164,modular,8,o,img/target_9.png
30,1,165,modular,5,r,img/target_4.png
30,1,166,modular,6,v,img/target_5.png
30,1,167,modular,9,b,img/target_6.png
30,1,168,modular,0,w,img/target_2.png
30,1,169,modular,1,u,img/target_7.png
30,1,170,modular,2,i,img/target_8.png
30,1,171,modular,1,u,img/target_7.png
30,1,172,modular,4,e,img/target_3.png
30,1,173,modular,2,i,img/target_8.png
30,1,174,modular,3,p,img/target_10.png
30,1,175,modular,4,e,img/target_3.png
30,1,176,modular,3,p,img/target_10.png
30,1,177,modular,2,i,img/target_8.png
30,1,178,modular,4,e,img/target_3.png
30,1,179,modular,1,u,img/target_7.png
30,1,180,modular,2,i,img/target_8.png
30,1,181,modular,0,w,img/target_2.png
30,1,182,modular,3,p,img/target_10.png
30,1,183,modular,4,e,img/target_3.png
30,1,184,modular,2,i,img/target_8.png
30,1,185,modular,1,u,img/target_7.png
30,1,186,modular,4,e,img/target_3.png
30,1,187,modular,1,u,img/target_7.png
30,1,188,modular,4,e,img/target_3.png
30,1,189,modular,5,r,img/target_4.png
30,1,190,modular,7,q,img/target_1.png
30,1,191,modular,8,o,img/target_9.png
30,1,192,modular,5,r,img/target_4.png
30,1,193,modular,4,e,img/target_3.png
30,1,194,modular,1,u,img/target_7.png
30,1,195,modular,2,i,img/target_8.png
30,1,196,modular,1,u,img/target_7.png
30,1,197,modular,2,i,img/target_8.png
30,1,198,modular,3,p,img/target_10.png
30,1,199,modular,4,e,img/target_3.png
30,1,200,modular,1,u,img/target_7.png
30,1,201,modular,3,p,img/target_10.png
30,1,202,modular,4,e,img/target_3.png
30,1,203,modular,5,r,img/target_4.png
30,1,204,modular,7,q,img/target_1.png
30,1,205,modular,5,r,img/target_4.png
30,1,206,modular,6,v,img/target_5.png
30,1,207,modular,8,o,img/target_9.png
30,1,208,modular,5,r,img/target_4.png
30,1,209,modular,7,q,img/target_1.png
30,1,210,modular,6,v,img/target_5.png
30,1,211,modular,5,r,img/target_4.png
30,1,212,modular,4,e,img/target_3.png
30,1,213,modular,5,r,img/target_4.png
30,1,214,modular,6,v,img/target_5.png
30,1,215,modular,7,q,img/target_1.png
30,1,216,modular,5,r,img/target_4.png
30,1,217,modular,4,e,img/target_3.png
30,1,218,modular,2,i,img/target_8.png
30,1,219,modular,0,w,img/target_2.png
30,1,220,modular,9,b,img/target_6.png
30,1,221,modular,6,v,img/target_5.png
30,1,222,modular,9,b,img/target_6.png
30,1,223,modular,8,o,img/target_9.png
30,1,224,modular,7,q,img/target_1.png
30,1,225,modular,6,v,img/target_5.png
30,1,226,modular,5,r,img/target_4.png
30,1,227,modular,6,v,img/target_5.png
30,1,228,modular,5,r,img/target_4.png
30,1,229,modular,4,e,img/target_3.png
30,1,230,modular,5,r,img/target_4.png
30,1,231,modular,8,o,img/target_9.png
30,1,232,modular,5,r,img/target_4.png
30,1,233,modular,8,o,img/target_9.png
30,1,234,modular,5,r,img/target_4.png
30,1,235,modular,8,o,img/target_9.png
30,1,236,modular,6,v,img/target_5.png
30,1,237,modular,8,o,img/target_9.png
30,1,238,modular,5,r,img/target_4.png
30,1,239,modular,8,o,img/target_9.png
30,1,240,modular,7,q,img/target_1.png
30,1,241,modular,6,v,img/target_5.png
30,1,242,modular,5,r,img/target_4.png
30,1,243,modular,7,q,img/target_1.png
30,1,244,modular,5,r,img/target_4.png
30,1,245,modular,7,q,img/target_1.png
30,1,246,modular,5,r,img/target_4.png
30,1,247,modular,6,v,img/target_5.png
30,1,248,modular,9,b,img/target_6.png
30,1,249,modular,7,q,img/target_1.png
30,1,250,modular,5,r,img/target_4.png
30,1,251,modular,7,q,img/target_1.png
30,1,252,modular,9,b,img/target_6.png
30,1,253,modular,8,o,img/target_9.png
30,1,254,modular,9,b,img/target_6.png
30,1,255,modular,8,o,img/target_9.png
30,1,256,modular,6,v,img/target_5.png
30,1,257,modular,8,o,img/target_9.png
30,1,258,modular,5,r,img/target_4.png
30,1,259,modular,8,o,img/target_9.png
30,1,260,modular,5,r,img/target_4.png
30,1,261,modular,8,o,img/target_9.png
30,1,262,modular,7,q,img/target_1.png
30,1,263,modular,6,v,img/target_5.png
30,1,264,modular,9,b,img/target_6.png
30,1,265,modular,6,v,img/target_5.png
30,1,266,modular,7,q,img/target_1.png
30,1,267,modular,6,v,img/target_5.png
30,1,268,modular,7,q,img/target_1.png
30,1,269,modular,9,b,img/target_6.png
30,1,270,modular,7,q,img/target_1.png
30,1,271,modular,5,r,img/target_4.png
30,1,272,modular,6,v,img/target_5.png
30,1,273,modular,8,o,img/target_9.png
30,1,274,modular,5,r,img/target_4.png
30,1,275,modular,7,q,img/target_1.png
30,1,276,modular,8,o,img/target_9.png
30,1,277,modular,5,r,img/target_4.png
30,1,278,modular,4,e,img/target_3.png
30,1,279,modular,2,i,img/target_8.png
30,1,280,modular,0,w,img/target_2.png
30,1,281,modular,2,i,img/target_8.png
30,1,282,modular,4,e,img/target_3.png
30,1,283,modular,2,i,img/target_8.png
30,1,284,modular,3,p,img/target_10.png
30,1,285,modular,2,i,img/target_8.png
30,1,286,modular,0,w,img/target_2.png
30,1,287,modular,3,p,img/target_10.png
30,1,288,modular,1,u,img/target_7.png
30,1,289,modular,3,p,img/target_10.png
30,1,290,modular,2,i,img/target_8.png
30,1,291,modular,0,w,img/target_2.png
30,1,292,modular,3,p,img/target_10.png
30,1,293,modular,1,u,img/target_7.png
30,1,294,modular,4,e,img/target_3.png
30,1,295,modular,2,i,img/target_8.png
30,1,296,modular,3,p,img/target_10.png
30,1,297,modular,4,e,img/target_3.png
30,1,298,modular,3,p,img/target_10.png
30,1,299,modular,0,w,img/target_2.png
30,1,300,modular,3,p,img/target_10.png
30,1,301,modular,2,i,img/target_8.png
30,1,302,modular,0,w,img/target_2.png
30,1,303,modular,2,i,img/target_8.png
30,1,304,modular,3,p,img/target_10.png
30,1,305,modular,4,e,img/target_3.png
30,1,306,modular,5,r,img/target_4.png
30,1,307,modular,8,o,img/target_9.png
30,1,308,modular,9,b,img/target_6.png
30,1,309,modular,7,q,img/target_1.png
30,1,310,modular,5,r,img/target_4.png
30,1,311,modular,4,e,img/target_3.png
30,1,312,modular,1,u,img/target_7.png
30,1,313,modular,2,i,img/target_8.png
30,1,314,modular,1,u,img/target_7.png
30,1,315,modular,0,w,img/target_2.png
30,1,316,modular,3,p,img/target_10.png
30,1,317,modular,0,w,img/target_2.png
30,1,318,modular,1,u,img/target_7.png
30,1,319,modular,2,i,img/target_8.png
30,1,320,modular,0,w,img/target_2.png
30,1,321,modular,2,i,img/target_8.png
30,1,322,modular,0,w,img/target_2.png
30,1,323,modular,2,i,img/target_8.png
30,1,324,modular,1,u,img/target_7.png
30,1,325,modular,0,w,img/target_2.png
30,1,326,modular,1,u,img/target_7.png
30,1,327,modular,4,e,img/target_3.png
30,1,328,modular,3,p,img/target_10.png
30,1,329,modular,4,e,img/target_3.png
30,1,330,modular,5,r,img/target_4.png
30,1,331,modular,4,e,img/target_3.png
30,1,332,modular,1,u,img/target_7.png
30,1,333,modular,4,e,img/target_3.png
30,1,334,modular,3,p,img/target_10.png
30,1,335,modular,0,w,img/target_2.png
30,1,336,modular,2,i,img/target_8.png
30,1,337,modular,4,e,img/target_3.png
30,1,338,modular,2,i,img/target_8.png
30,1,339,modular,1,u,img/target_7.png
30,1,340,modular,2,i,img/target_8.png
30,1,341,modular,3,p,img/target_10.png
30,1,342,modular,2,i,img/target_8.png
30,1,343,modular,4,e,img/target_3.png
30,1,344,modular,2,i,img/target_8.png
30,1,345,modular,4,e,img/target_3.png
30,1,346,modular,2,i,img/target_8.png
30,1,347,modular,4,e,img/target_3.png
30,1,348,modular,1,u,img/target_7.png
30,1,349,modular,3,p,img/target_10.png
30,1,350,modular,4,e,img/target_3.png
30,1,351,modular,1,u,img/target_7.png
30,1,352,modular,4,e,img/target_3.png
30,1,353,modular,1,u,img/target_7.png
30,1,354,modular,0,w,img/target_2.png
30,1,355,modular,3,p,img/target_10.png
30,1,356,modular,4,e,img/target_3.png
30,1,357,modular,1,u,img/target_7.png
30,1,358,modular,3,p,img/target_10.png
30,1,359,modular,4,e,img/target_3.png
30,1,360,modular,2,i,img/target_8.png
30,1,361,modular,1,u,img/target_7.png
30,1,362,modular,3,p,img/target_10.png
30,1,363,modular,2,i,img/target_8.png
30,1,364,modular,4,e,img/target_3.png
30,1,365,modular,2,i,img/target_8.png
30,1,366,modular,3,p,img/target_10.png
30,1,367,modular,0,w,img/target_2.png
30,1,368,modular,9,b,img/target_6.png
30,1,369,modular,7,q,img/target_1.png
30,1,370,modular,5,r,img/target_4.png
30,1,371,modular,6,v,img/target_5.png
30,1,372,modular,7,q,img/target_1.png
30,1,373,modular,5,r,img/target_4.png
30,1,374,modular,7,q,img/target_1.png
30,1,375,modular,9,b,img/target_6.png
30,1,376,modular,7,q,img/target_1.png
30,1,377,modular,8,o,img/target_9.png
30,1,378,modular,9,b,img/target_6.png
30,1,379,modular,8,o,img/target_9.png
30,1,380,modular,9,b,img/target_6.png
30,1,381,modular,0,w,img/target_2.png
30,1,382,modular,1,u,img/target_7.png
30,1,383,modular,3,p,img/target_10.png
30,1,384,modular,2,i,img/target_8.png
30,1,385,modular,1,u,img/target_7.png
30,1,386,modular,4,e,img/target_3.png
30,1,387,modular,5,r,img/target_4.png
30,1,388,modular,6,v,img/target_5.png
30,1,389,modular,5,r,img/target_4.png
30,1,390,modular,4,e,img/target_3.png
30,1,391,modular,1,u,img/target_7.png
30,1,392,modular,3,p,img/target_10.png
30,1,393,modular,2,i,img/target_8.png
30,1,394,modular,3,p,img/target_10.png
30,1,395,modular,1,u,img/target_7.png
30,1,396,modular,3,p,img/target_10.png
30,1,397,modular,1,u,img/target_7.png
30,1,398,modular,4,e,img/target_3.png
30,1,399,modular,5,r,img/target_4.png
30,1,400,modular,8,o,img/target_9.png
30,1,401,modular,6,v,img/target_5.png
30,1,402,modular,7,q,img/target_1.png
30,1,403,modular,8,o,img/target_9.png
30,1,404,modular,5,r,img/target_4.png
30,1,405,modular,7,q,img/target_1.png
30,1,406,modular,8,o,img/target_9.png
30,1,407,modular,6,v,img/target_5.png
30,1,408,modular,8,o,img/target_9.png
30,1,409,modular,6,v,img/target_5.png
30,1,410,modular,9,b,img/target_6.png
30,1,411,modular,7,q,img/target_1.png
30,1,412,modular,6,v,img/target_5.png
30,1,413,modular,9,b,img/target_6.png
30,1,414,modular,0,w,img/target_2.png
30,1,415,modular,9,b,img/target_6.png
30,1,416,modular,6,v,img/target_5.png
30,1,417,modular,8,o,img/target_9.png
30,1,418,modular,5,r,img/target_4.png
30,1,419,modular,7,q,img/target_1.png
30,1,420,modular,8,o,img/target_9.png
30,1,421,modular,9,b,img/target_6.png
30,1,422,modular,6,v,img/target_5.png
30,1,423,modular,5,r,img/target_4.png
30,1,424,modular,6,v,img/target_5.png
30,1,425,modular,7,q,img/target_1.png
30,1,426,modular,8,o,img/target_9.png
30,1,427,modular,9,b,img/target_6.png
30,1,428,modular,6,v,img/target_5.png
30,1,429,modular,9,b,img/target_6.png
30,1,430,modular,0,w,img/target_2.png
30,1,431,modular,9,b,img/target_6.png
30,1,432,modular,6,v,img/target_5.png
30,1,433,modular,5,r,img/target_4.png
30,1,434,modular,6,v,img/target_5.png
30,1,435,modular,8,o,img/target_9.png
30,1,436,modular,5,r,img/target_4.png
30,1,437,modular,4,e,img/target_3.png
30,1,438,modular,5,r,img/target_4.png
30,1,439,modular,7,q,img/target_1.png
30,1,440,modular,8,o,img/target_9.png
30,1,441,modular,7,q,img/target_1.png
30,1,442,modular,9,b,img/target_6.png
30,1,443,modular,0,w,img/target_2.png
30,1,444,modular,9,b,img/target_6.png
30,1,445,modular,0,w,img/target_2.png
30,1,446,modular,2,i,img/target_8.png
30,1,447,modular,1,u,img/target_7.png
30,1,448,modular,3,p,img/target_10.png
30,1,449,modular,1,u,img/target_7.png
30,1,450,modular,3,p,img/target_10.png
30,1,451,modular,2,i,img/target_8.png
30,1,452,modular,0,w,img/target_2.png
30,1,453,modular,2,i,img/target_8.png
30,1,454,modular,0,w,img/target_2.png
30,1,455,modular,1,u,img/target_7.png
30,1,456,modular,0,w,img/target_2.png
30,1,457,modular,9,b,img/target_6.png
30,1,458,modular,6,v,img/target_5.png
30,1,459,modular,7,q,img/target_1.png
30,1,460,modular,9,b,img/target_6.png
30,1,461,modular,0,w,img/target_2.png
30,1,462,modular,9,b,img/target_6.png
30,1,463,modular,0,w,img/target_2.png
30,1,464,modular,3,p,img/target_10.png
30,1,465,modular,2,i,img/target_8.png
30,1,466,modular,4,e,img/target_3.png
30,1,467,modular,1,u,img/target_7.png
30,1,468,modular,3,p,img/target_10.png
30,1,469,modular,2,i,img/target_8.png
30,1,470,modular,1,u,img/target_7.png
30,1,471,modular,4,e,img/target_3.png
30,1,472,modular,3,p,img/target_10.png
30,1,473,modular,0,w,img/target_2.png
30,1,474,modular,2,i,img/target_8.png
30,1,475,modular,1,u,img/target_7.png
30,1,476,modular,0,w,img/target_2.png
30,1,477,modular,9,b,img/target_6.png
30,1,478,modular,8,o,img/target_9.png
30,1,479,modular,6,v,img/target_5.png
30,1,480,modular,8,o,img/target_9.png
30,1,481,modular,6,v,img/target_5.png
30,1,482,modular,7,q,img/target_1.png
30,1,483,modular,5,r,img/target_4.png
30,1,484,modular,4,e,img/target_3.png
30,1,485,modular,3,p,img/target_10.png
30,1,486,modular,4,e,img/target_3.png
30,1,487,modular,1,u,img/target_7.png
30,1,488,modular,3,p,img/target_10.png
30,1,489,modular,0,w,img/target_2.png
30,1,490,modular,1,u,img/target_7.png
30,1,491,modular,2,i,img/target_8.png
30,1,492,modular,1,u,img/target_7.png
30,1,493,modular,2,i,img/target_8.png
30,1,494,modular,3,p,img/target_10.png
30,1,495,modular,1,u,img/target_7.png
30,1,496,modular,3,p,img/target_10.png
30,1,497,modular,1,u,img/target_7.png
30,1,498,modular,2,i,img/target_8.png
30,1,499,modular,1,u,img/target_7.png
30,1,500,modular,2,i,img/target_8.png
30,1,501,modular,0,w,img/target_2.png
30,1,502,modular,9,b,img/target_6.png
30,1,503,modular,7,q,img/target_1.png
30,1,504,modular,8,o,img/target_9.png
30,1,505,modular,5,r,img/target_4.png
30,1,506,modular,7,q,img/target_1.png
30,1,507,modular,6,v,img/target_5.png
30,1,508,modular,5,r,img/target_4.png
30,1,509,modular,4,e,img/target_3.png
30,1,510,modular,1,u,img/target_7.png
30,1,511,modular,4,e,img/target_3.png
30,1,512,modular,3,p,img/target_10.png
30,1,513,modular,1,u,img/target_7.png
30,1,514,modular,2,i,img/target_8.png
30,1,515,modular,3,p,img/target_10.png
30,1,516,modular,4,e,img/target_3.png
30,1,517,modular,2,i,img/target_8.png
30,1,518,modular,0,w,img/target_2.png
30,1,519,modular,1,u,img/target_7.png
30,1,520,modular,4,e,img/target_3.png
30,1,521,modular,3,p,img/target_10.png
30,1,522,modular,4,e,img/target_3.png
30,1,523,modular,5,r,img/target_4.png
30,1,524,modular,8,o,img/target_9.png
30,1,525,modular,9,b,img/target_6.png
30,1,526,modular,6,v,img/target_5.png
30,1,527,modular,9,b,img/target_6.png
30,1,528,modular,6,v,img/target_5.png
30,1,529,modular,7,q,img/target_1.png
30,1,530,modular,5,r,img/target_4.png
30,1,531,modular,7,q,img/target_1.png
30,1,532,modular,9,b,img/target_6.png
30,1,533,modular,8,o,img/target_9.png
30,1,534,modular,6,v,img/target_5.png
30,1,535,modular,5,r,img/target_4.png
30,1,536,modular,4,e,img/target_3.png
30,1,537,modular,1,u,img/target_7.png
30,1,538,modular,2,i,img/target_8.png
30,1,539,modular,1,u,img/target_7.png
30,1,540,modular,2,i,img/target_8.png
30,1,541,modular,0,w,img/target_2.png
30,1,542,modular,3,p,img/target_10.png
30,1,543,modular,2,i,img/target_8.png
30,1,544,modular,4,e,img/target_3.png
30,1,545,modular,1,u,img/target_7.png
30,1,546,modular,4,e,img/target_3.png
30,1,547,modular,2,i,img/target_8.png
30,1,548,modular,1,u,img/target_7.png
30,1,549,modular,0,w,img/target_2.png
30,1,550,modular,2,i,img/target_8.png
30,1,551,modular,3,p,img/target_10.png
30,1,552,modular,0,w,img/target_2.png
30,1,553,modular,1,u,img/target_7.png
30,1,554,modular,4,e,img/target_3.png
30,1,555,modular,2,i,img/target_8.png
30,1,556,modular,4,e,img/target_3.png
30,1,557,modular,5,r,img/target_4.png
30,1,558,modular,7,q,img/target_1.png
30,1,559,modular,5,r,img/target_4.png
30,1,560,modular,6,v,img/target_5.png
30,1,561,modular,5,r,img/target_4.png
30,1,562,modular,7,q,img/target_1.png
30,1,563,modular,8,o,img/target_9.png
30,1,564,modular,6,v,img/target_5.png
30,1,565,modular,8,o,img/target_9.png
30,1,566,modular,9,b,img/target_6.png
30,1,567,modular,6,v,img/target_5.png
30,1,568,modular,9,b,img/target_6.png
30,1,569,modular,7,q,img/target_1.png
30,1,570,modular,5,r,img/target_4.png
30,1,571,modular,4,e,img/target_3.png
30,1,572,modular,2,i,img/target_8.png
30,1,573,modular,1,u,img/target_7.png
30,1,574,modular,3,p,img/target_10.png
30,1,575,modular,2,i,img/target_8.png
30,1,576,modular,0,w,img/target_2.png
30,1,577,modular,2,i,img/target_8.png
30,1,578,modular,1,u,img/target_7.png
30,1,579,modular,3,p,img/target_10.png
30,1,580,modular,0,w,img/target_2.png
30,1,581,modular,9,b,img/target_6.png
30,1,582,modular,6,v,img/target_5.png
30,1,583,modular,8,o,img/target_9.png
30,1,584,modular,9,b,img/target_6.png
30,1,585,modular,0,w,img/target_2.png
30,1,586,modular,2,i,img/target_8.png
30,1,587,modular,3,p,img/target_10.png
30,1,588,modular,0,w,img/target_2.png
30,1,589,modular,3,p,img/target_10.png
30,1,590,modular,0,w,img/target_2.png
30,1,591,modular,9,b,img/target_6.png
30,1,592,modular,6,v,img/target_5.png
30,1,593,modular,8,o,img/target_9.png
30,1,594,modular,6,v,img/target_5.png
30,1,595,modular,8,o,img/target_9.png
30,1,596,modular,6,v,img/target_5.png
30,1,597,modular,8,o,img/target_9.png
30,1,598,modular,7,q,img/target_1.png
30,1,599,modular,8,o,img/target_9.png
30,1,600,modular,9,b,img/target_6.png
30,1,601,modular,7,q,img/target_1.png
30,1,602,modular,6,v,img/target_5.png
30,1,603,modular,9,b,img/target_6.png
30,1,604,modular,6,v,img/target_5.png
30,1,605,modular,5,r,img/target_4.png
30,1,606,modular,6,v,img/target_5.png
30,1,607,modular,8,o,img/target_9.png
30,1,608,modular,7,q,img/target_1.png
30,1,609,modular,9,b,img/target_6.png
30,1,610,modular,8,o,img/target_9.png
30,1,611,modular,7,q,img/target_1.png
30,1,612,modular,6,v,img/target_5.png
30,1,613,modular,5,r,img/target_4.png
30,1,614,modular,8,o,img/target_9.png
30,1,615,modular,6,v,img/target_5.png
30,1,616,modular,5,r,img/target_4.png
30,1,617,modular,4,e,img/target_3.png
30,1,618,modular,2,i,img/target_8.png
30,1,619,modular,3,p,img/target_10.png
30,1,620,modular,1,u,img/target_7.png
30,1,621,modular,2,i,img/target_8.png
30,1,622,modular,3,p,img/target_10.png
30,1,623,modular,1,u,img/target_7.png
30,1,624,modular,0,w,img/target_2.png
30,1,625,modular,2,i,img/target_8.png
30,1,626,modular,4,e,img/target_3.png
30,1,627,modular,5,r,img/target_4.png
30,1,628,modular,8,o,img/target_9.png
30,1,629,modular,9,b,img/target_6.png
30,1,630,modular,7,q,img/target_1.png
30,1,631,modular,9,b,img/target_6.png
30,1,632,modular,8,o,img/target_9.png
30,1,633,modular,6,v,img/target_5.png
30,1,634,modular,5,r,img/target_4.png
30,1,635,modular,4,e,img/target_3.png
30,1,636,modular,5,r,img/target_4.png
30,1,637,modular,4,e,img/target_3.png
30,1,638,modular,5,r,img/target_4.png
30,1,639,modular,4,e,img/target_3.png
30,1,640,modular,1,u,img/target_7.png
30,1,641,modular,3,p,img/target_10.png
30,1,642,modular,0,w,img/target_2.png
30,1,643,modular,2,i,img/target_8.png
30,1,644,modular,3,p,img/target_10.png
30,1,645,modular,1,u,img/target_7.png
30,1,646,modular,2,i,img/target_8.png
30,1,647,modular,1,u,img/target_7.png
30,1,648,modular,0,w,img/target_2.png
30,1,649,modular,2,i,img/target_8.png
30,1,650,modular,4,e,img/target_3.png
30,1,651,modular,3,p,img/target_10.png
30,1,652,modular,0,w,img/target_2.png
30,1,653,modular,2,i,img/target_8.png
30,1,654,modular,0,w,img/target_2.png
30,1,655,modular,1,u,img/target_7.png
30,1,656,modular,0,w,img/target_2.png
30,1,657,modular,9,b,img/target_6.png
30,1,658,modular,8,o,img/target_9.png
30,1,659,modular,5,r,img/target_4.png
30,1,660,modular,7,q,img/target_1.png
30,1,661,modular,9,b,img/target_6.png
30,1,662,modular,6,v,img/target_5.png
30,1,663,modular,9,b,img/target_6.png
30,1,664,modular,8,o,img/target_9.png
30,1,665,modular,9,b,img/target_6.png
30,1,666,modular,8,o,img/target_9.png
30,1,667,modular,5,r,img/target_4.png
30,1,668,modular,4,e,img/target_3.png
30,1,669,modular,5,r,img/target_4.png
30,1,670,modular,6,v,img/target_5.png
30,1,671,modular,5,r,img/target_4.png
30,1,672,modular,6,v,img/target_5.png
30,1,673,modular,8,o,img/target_9.png
30,1,674,modular,6,v,img/target_5.png
30,1,675,modular,5,r,img/target_4.png
30,1,676,modular,4,e,img/target_3.png
30,1,677,modular,3,p,img/target_10.png
30,1,678,modular,0,w,img/target_2.png
30,1,679,modular,3,p,img/target_10.png
30,1,680,modular,1,u,img/target_7.png
30,1,681,modular,3,p,img/target_10.png
30,1,682,modular,4,e,img/target_3.png
30,1,683,modular,1,u,img/target_7.png
30,1,684,modular,4,e,img/target_3.png
30,1,685,modular,3,p,img/target_10.png
30,1,686,modular,0,w,img/target_2.png
30,1,687,modular,9,b,img/target_6.png
30,1,688,modular,7,q,img/target_1.png
30,1,689,modular,5,r,img/target_4.png
30,1,690,modular,8,o,img/target_9.png
30,1,691,modular,6,v,img/target_5.png
30,1,692,modular,9,b,img/target_6.png
30,1,693,modular,7,q,img/target_1.png
30,1,694,modular,5,r,img/target_4.png
30,1,695,modular,6,v,img/target_5.png
30,1,696,modular,5,r,img/target_4.png
30,1,697,modular,7,q,img/target_1.png
30,1,698,modular,9,b,img/target_6.png
30,1,699,modular,0,w,img/target_2.png
30,1,700,modular,2,i,img/target_8.png
30,1,701,modular,3,p,img/target_10.png
30,1,702,modular,2,i,img/target_8.png
30,1,703,modular,1,u,img/target_7.png
30,1,704,modular,0,w,img/target_2.png
30,1,705,modular,3,p,img/target_10.png
30,1,706,modular,1,u,img/target_7.png
30,1,707,modular,4,e,img/target_3.png
30,1,708,modular,2,i,img/target_8.png
30,1,709,modular,3,p,img/target_10.png
30,1,710,modular,4,e,img/target_3.png
30,1,711,modular,5,r,img/target_4.png
30,1,712,modular,6,v,img/target_5.png
30,1,713,modular,5,r,img/target_4.png
30,1,714,modular,7,q,img/target_1.png
30,1,715,modular,9,b,img/target_6.png
30,1,716,modular,7,q,img/target_1.png
30,1,717,modular,8,o,img/target_9.png
30,1,718,modular,9,b,img/target_6.png
30,1,719,modular,0,w,img/target_2.png
30,1,720,modular,9,b,img/target_6.png
30,1,721,modular,7,q,img/target_1.png
30,1,722,modular,5,r,img/target_4.png
30,1,723,modular,4,e,img/target_3.png
30,1,724,modular,5,r,img/target_4.png
30,1,725,modular,7,q,img/target_1.png
30,1,726,modular,8,o,img/target_9.png
30,1,727,modular,5,r,img/target_4.png
30,1,728,modular,7,q,img/target_1.png
30,1,729,modular,6,v,img/target_5.png
30,1,730,modular,7,q,img/target_1.png
30,1,731,modular,6,v,img/target_5.png
30,1,732,modular,5,r,img/target_4.png
30,1,733,modular,8,o,img/target_9.png
30,1,734,modular,7,q,img/target_1.png
30,1,735,modular,5,r,img/target_4.png
30,1,736,modular,8,o,img/target_9.png
30,1,737,modular,6,v,img/target_5.png
30,1,738,modular,7,q,img/target_1.png
30,1,739,modular,6,v,img/target_5.png
30,1,740,modular,8,o,img/target_9.png
30,1,741,modular,9,b,img/target_6.png
30,1,742,modular,0,w,img/target_2.png
30,1,743,modular,1,u,img/target_7.png
30,1,744,modular,3,p,img/target_10.png
30,1,745,modular,1,u,img/target_7.png
30,1,746,modular,3,p,img/target_10.png
30,1,747,modular,1,u,img/target_7.png
30,1,748,modular,4,e,img/target_3.png
30,1,749,modular,1,u,img/target_7.png
30,1,750,modular,4,e,img/target_3.png
30,1,751,modular,3,p,img/target_10.png
30,1,752,modular,1,u,img/target_7.png
30,1,753,modular,4,e,img/target_3.png
30,1,754,modular,1,u,img/target_7.png
30,1,755,modular,0,w,img/target_2.png
30,1,756,modular,9,b,img/target_6.png
30,1,757,modular,7,q,img/target_1.png
30,1,758,modular,9,b,img/target_6.png
30,1,759,modular,6,v,img/target_5.png
30,1,760,modular,8,o,img/target_9.png
30,1,761,modular,6,v,img/target_5.png
30,1,762,modular,5,r,img/target_4.png
30,1,763,modular,7,q,img/target_1.png
30,1,764,modular,6,v,img/target_5.png
30,1,765,modular,5,r,img/target_4.png
30,1,766,modular,4,e,img/target_3.png
30,1,767,modular,1,u,img/target_7.png
30,1,768,modular,3,p,img/target_10.png
30,1,769,modular,0,w,img/target_2.png
30,1,770,modular,9,b,img/target_6.png
30,1,771,modular,8,o,img/target_9.png
30,1,772,modular,6,v,img/target_5.png
30,1,773,modular,9,b,img/target_6.png
30,1,774,modular,6,v,img/target_5.png
30,1,775,modular,9,b,img/target_6.png
30,1,776,modular,0,w,img/target_2.png
30,1,777,modular,3,p,img/target_10.png
30,1,778,modular,1,u,img/target_7.png
30,1,779,modular,0,w,img/target_2.png
30,1,780,modular,1,u,img/target_7.png
30,1,781,modular,0,w,img/target_2.png
30,1,782,modular,1,u,img/target_7.png
30,1,783,modular,2,i,img/target_8.png
30,1,784,modular,3,p,img/target_10.png
30,1,785,modular,4,e,img/target_3.png
30,1,786,modular,2,i,img/target_8.png
30,1,787,modular,3,p,img/target_10.png
30,1,788,modular,4,e,img/target_3.png
30,1,789,modular,5,r,img/target_4.png
30,1,790,modular,4,e,img/target_3.png
30,1,791,modular,1,u,img/target_7.png
30,1,792,modular,3,p,img/target_10.png
30,1,793,modular,4,e,img/target_3.png
30,1,794,modular,5,r,img/target_4.png
30,1,795,modular,7,q,img/target_1.png
30,1,796,modular,8,o,img/target_9.png
30,1,797,modular,7,q,img/target_1.png
30,1,798,modular,6,v,img/target_5.png
30,1,799,modular,7,q,img/target_1.png
30,1,800,modular,8,o,img/target_9.png
30,1,801,modular,5,r,img/target_4.png
30,1,802,modular,8,o,img/target_9.png
30,1,803,modular,9,b,img/target_6.png
30,1,804,modular,6,v,img/target_5.png
30,1,805,modular,8,o,img/target_9.png
30,1,806,modular,9,b,img/target_6.png
30,1,807,modular,8,o,img/target_9.png
30,1,808,modular,9,b,img/target_6.png
30,1,809,modular,8,o,img/target_9.png
30,1,810,modular,6,v,img/target_5.png
30,1,811,modular,9,b,img/target_6.png
30,1,812,modular,0,w,img/target_2.png
30,1,813,modular,9,b,img/target_6.png
30,1,814,modular,0,w,img/target_2.png
30,1,815,modular,3,p,img/target_10.png
30,1,816,modular,2,i,img/target_8.png
30,1,817,modular,0,w,img/target_2.png
30,1,818,modular,9,b,img/target_6.png
30,1,819,modular,7,q,img/target_1.png
30,1,820,modular,6,v,img/target_5.png
30,1,821,modular,5,r,img/target_4.png
30,1,822,modular,8,o,img/target_9.png
30,1,823,modular,5,r,img/target_4.png
30,1,824,modular,4,e,img/target_3.png
30,1,825,modular,3,p,img/target_10.png
30,1,826,modular,4,e,img/target_3.png
30,1,827,modular,3,p,img/target_10.png
30,1,828,modular,2,i,img/target_8.png
30,1,829,modular,0,w,img/target_2.png
30,1,830,modular,2,i,img/target_8.png
30,1,831,modular,1,u,img/target_7.png
30,1,832,modular,2,i,img/target_8.png
30,1,833,modular,1,u,img/target_7.png
30,1,834,modular,4,e,img/target_3.png
30,1,835,modular,2,i,img/target_8.png
30,1,836,modular,4,e,img/target_3.png
30,1,837,modular,5,r,img/target_4.png
30,1,838,modular,7,q,img/target_1.png
30,1,839,modular,5,r,img/target_4.png
30,1,840,modular,8,o,img/target_9.png
30,1,841,modular,7,q,img/target_1.png
30,1,842,modular,6,v,img/target_5.png
30,1,843,modular,7,q,img/target_1.png
30,1,844,modular,5,r,img/target_4.png
30,1,845,modular,7,q,img/target_1.png
30,1,846,modular,5,r,img/target_4.png
30,1,847,modular,6,v,img/target_5.png
30,1,848,modular,7,q,img/target_1.png
30,1,849,modular,9,b,img/target_6.png
30,1,850,modular,8,o,img/target_9.png
30,1,851,modular,7,q,img/target_1.png
30,1,852,modular,6,v,img/target_5.png
30,1,853,modular,8,o,img/target_9.png
30,1,854,modular,9,b,img/target_6.png
30,1,855,modular,8,o,img/target_9.png
30,1,856,modular,9,b,img/target_6.png
30,1,857,modular,6,v,img/target_5.png
30,1,858,modular,9,b,img/target_6.png
30,1,859,modular,0,w,img/target_2.png
30,1,860,modular,2,i,img/target_8.png
30,1,861,modular,0,w,img/target_2.png
30,1,862,modular,9,b,img/target_6.png
30,1,863,modular,8,o,img/target_9.png
30,1,864,modular,7,q,img/target_1.png
30,1,865,modular,9,b,img/target_6.png
30,1,866,modular,0,w,img/target_2.png
30,1,867,modular,2,i,img/target_8.png
30,1,868,modular,1,u,img/target_7.png
30,1,869,modular,2,i,img/target_8.png
30,1,870,modular,0,w,img/target_2.png
30,1,871,modular,3,p,img/target_10.png
30,1,872,modular,4,e,img/target_3.png
30,1,873,modular,5,r,img/target_4.png
30,1,874,modular,7,q,img/target_1.png
30,1,875,modular,6,v,img/target_5.png
30,1,876,modular,9,b,img/target_6.png
30,1,877,modular,7,q,img/target_1.png
30,1,878,modular,9,b,img/target_6.png
30,1,879,modular,7,q,img/target_1.png
30,1,880,modular,5,r,img/target_4.png
30,1,881,modular,7,q,img/target_1.png
30,1,882,modular,9,b,img/target_6.png
30,1,883,modular,0,w,img/target_2.png
30,1,884,modular,3,p,img/target_10.png
30,1,885,modular,1,u,img/target_7.png
30,1,886,modular,3,p,img/target_10.png
30,1,887,modular,2,i,img/target_8.png
30,1,888,modular,3,p,img/target_10.png
30,1,889,modular,4,e,img/target_3.png
30,1,890,modular,3,p,img/target_10.png
30,1,891,modular,2,i,img/target_8.png
30,1,892,modular,3,p,img/target_10.png
30,1,893,modular,1,u,img/target_7.png
30,1,894,modular,2,i,img/target_8.png
30,1,895,modular,4,e,img/target_3.png
30,1,896,modular,1,u,img/target_7.png
30,1,897,modular,0,w,img/target_2.png
30,1,898,modular,3,p,img/target_10.png
30,1,899,modular,4,e,img/target_3.png
30,1,900,modular,3,p,img/target_10.png
30,1,901,modular,0,w,img/target_2.png
30,1,902,modular,1,u,img/target_7.png
30,1,903,modular,2,i,img/target_8.png
30,1,904,modular,4,e,img/target_3.png
30,1,905,modular,5,r,img/target_4.png
30,1,906,modular,8,o,img/target_9.png
30,1,907,modular,5,r,img/target_4.png
30,1,908,modular,7,q,img/target_1.png
30,1,909,modular,5,r,img/target_4.png
30,1,910,modular,6,v,img/target_5.png
30,1,911,modular,7,q,img/target_1.png
30,1,912,modular,5,r,img/target_4.png
30,1,913,modular,4,e,img/target_3.png
30,1,914,modular,3,p,img/target_10.png
30,1,915,modular,0,w,img/target_2.png
30,1,916,modular,2,i,img/target_8.png
30,1,917,modular,1,u,img/target_7.png
30,1,918,modular,3,p,img/target_10.png
30,1,919,modular,4,e,img/target_3.png
30,1,920,modular,2,i,img/target_8.png
30,1,921,modular,4,e,img/target_3.png
30,1,922,modular,2,i,img/target_8.png
30,1,923,modular,3,p,img/target_10.png
30,1,924,modular,0,w,img/target_2.png
30,1,925,modular,1,u,img/target_7.png
30,1,926,modular,3,p,img/target_10.png
30,1,927,modular,4,e,img/target_3.png
30,1,928,modular,5,r,img/target_4.png
30,1,929,modular,7,q,img/target_1.png
30,1,930,modular,9,b,img/target_6.png
30,1,931,modular,6,v,img/target_5.png
30,1,932,modular,8,o,img/target_9.png
30,1,933,modular,7,q,img/target_1.png
30,1,934,modular,6,v,img/target_5.png
30,1,935,modular,9,b,img/target_6.png
30,1,936,modular,8,o,img/target_9.png
30,1,937,modular,9,b,img/target_6.png
30,1,938,modular,0,w,img/target_2.png
30,1,939,modular,1,u,img/target_7.png
30,1,940,modular,0,w,img/target_2.png
30,1,941,modular,1,u,img/target_7.png
30,1,942,modular,4,e,img/target_3.png
30,1,943,modular,3,p,img/target_10.png
30,1,944,modular,2,i,img/target_8.png
30,1,945,modular,3,p,img/target_10.png
30,1,946,modular,2,i,img/target_8.png
30,1,947,modular,0,w,img/target_2.png
30,1,948,modular,9,b,img/target_6.png
30,1,949,modular,0,w,img/target_2.png
30,1,950,modular,9,b,img/target_6.png
30,1,951,modular,8,o,img/target_9.png
30,1,952,modular,7,q,img/target_1.png
30,1,953,modular,5,r,img/target_4.png
30,1,954,modular,8,o,img/target_9.png
30,1,955,modular,6,v,img/target_5.png
30,1,956,modular,7,q,img/target_1.png
30,1,957,modular,6,v,img/target_5.png
30,1,958,modular,7,q,img/target_1.png
30,1,959,modular,6,v,img/target_5.png
30,1,960,modular,9,b,img/target_6.png
30,1,961,modular,6,v,img/target_5.png
30,1,962,modular,9,b,img/target_6.png
30,1,963,modular,0,w,img/target_2.png
30,1,964,modular,3,p,img/target_10.png
30,1,965,modular,2,i,img/target_8.png
30,1,966,modular,3,p,img/target_10.png
30,1,967,modular,1,u,img/target_7.png
30,1,968,modular,4,e,img/target_3.png
30,1,969,modular,1,u,img/target_7.png
30,1,970,modular,4,e,img/target_3.png
30,1,971,modular,2,i,img/target_8.png
30,1,972,modular,1,u,img/target_7.png
30,1,973,modular,3,p,img/target_10.png
30,1,974,modular,1,u,img/target_7.png
30,1,975,modular,4,e,img/target_3.png
30,1,976,modular,2,i,img/target_8.png
30,1,977,modular,0,w,img/target_2.png
30,1,978,modular,3,p,img/target_10.png
30,1,979,modular,0,w,img/target_2.png
30,1,980,modular,9,b,img/target_6.png
30,1,981,modular,0,w,img/target_2.png
30,1,982,modular,1,u,img/target_7.png
30,1,983,modular,2,i,img/target_8.png
30,1,984,modular,4,e,img/target_3.png
30,1,985,modular,2,i,img/target_8.png
30,1,986,modular,4,e,img/target_3.png
30,1,987,modular,1,u,img/target_7.png
30,1,988,modular,2,i,img/target_8.png
30,1,989,modular,4,e,img/target_3.png
30,1,990,modular,5,r,img/target_4.png
30,1,991,modular,7,q,img/target_1.png
30,1,992,modular,6,v,img/target_5.png
30,1,993,modular,7,q,img/target_1.png
30,1,994,modular,9,b,img/target_6.png
30,1,995,modular,0,w,img/target_2.png
30,1,996,modular,1,u,img/target_7.png
30,1,997,modular,0,w,img/target_2.png
30,1,998,modular,2,i,img/target_8.png
30,1,999,modular,3,p,img/target_10.png
30,1,1000,modular,2,i,img/target_8.png
