pID,sess,trialNum,graph,walk,resp,path
30,3,1,modular,2,i,img/target_8.png
30,3,2,modular,1,u,img/target_7.png
30,3,3,modular,3,p,img/target_10.png
30,3,4,modular,4,e,img/target_3.png
30,3,5,modular,2,i,img/target_8.png
30,3,6,modular,1,u,img/target_7.png
30,3,7,modular,0,w,img/target_2.png
30,3,8,modular,3,p,img/target_10.png
30,3,9,modular,4,e,img/target_3.png
30,3,10,modular,5,r,img/target_4.png
30,3,11,modular,8,o,img/target_9.png
30,3,12,modular,6,v,img/target_5.png
30,3,13,modular,9,b,img/target_6.png
30,3,14,modular,7,q,img/target_1.png
30,3,15,modular,9,b,img/target_6.png
30,3,16,modular,6,v,img/target_5.png
30,3,17,modular,9,b,img/target_6.png
30,3,18,modular,7,q,img/target_1.png
30,3,19,modular,6,v,img/target_5.png
30,3,20,modular,7,q,img/target_1.png
30,3,21,modular,5,r,img/target_4.png
30,3,22,modular,4,e,img/target_3.png
30,3,23,modular,1,u,img/target_7.png
30,3,24,modular,3,p,img/target_10.png
30,3,25,modular,2,i,img/target_8.png
30,3,26,modular,4,e,img/target_3.png
30,3,27,modular,3,p,img/target_10.png
30,3,28,modular,0,w,img/target_2.png
30,3,29,modular,9,b,img/target_6.png
30,3,30,modular,0,w,img/target_2.png
30,3,31,modular,3,p,img/target_10.png
30,3,32,modular,4,e,img/target_3.png
30,3,33,modular,5,r,img/target_4.png
30,3,34,modular,4,e,img/target_3.png
30,3,35,modular,1,u,img/target_7.png
30,3,36,modular,2,i,img/target_8.png
30,3,37,modular,4,e,img/target_3.png
30,3,38,modular,1,u,img/target_7.png
30,3,39,modular,2,i,img/target_8.png
30,3,40,modular,4,e,img/target_3.png
30,3,41,modular,3,p,img/target_10.png
30,3,42,modular,1,u,img/target_7.png
30,3,43,modular,0,w,img/target_2.png
30,3,44,modular,1,u,img/target_7.png
30,3,45,modular,0,w,img/target_2.png
30,3,46,modular,9,b,img/target_6.png
30,3,47,modular,0,w,img/target_2.png
30,3,48,modular,1,u,img/target_7.png
30,3,49,modular,3,p,img/target_10.png
30,3,50,modular,2,i,img/target_8.png
30,3,51,modular,4,e,img/target_3.png
30,3,52,modular,5,r,img/target_4.png
30,3,53,modular,7,q,img/target_1.png
30,3,54,modular,5,r,img/target_4.png
30,3,55,modular,6,v,img/target_5.png
30,3,56,modular,7,q,img/target_1.png
30,3,57,modular,8,o,img/target_9.png
30,3,58,modular,6,v,img/target_5.png
30,3,59,modular,9,b,img/target_6.png
30,3,60,modular,6,v,img/target_5.png
30,3,61,modular,8,o,img/target_9.png
30,3,62,modular,5,r,img/target_4.png
30,3,63,modular,6,v,img/target_5.png
30,3,64,modular,9,b,img/target_6.png
30,3,65,modular,7,q,img/target_1.png
30,3,66,modular,5,r,img/target_4.png
30,3,67,modular,4,e,img/target_3.png
30,3,68,modular,1,u,img/target_7.png
30,3,69,modular,3,p,img/target_10.png
30,3,70,modular,2,i,img/target_8.png
30,3,71,modular,4,e,img/target_3.png
30,3,72,modular,2,i,img/target_8.png
30,3,73,modular,1,u,img/target_7.png
30,3,74,modular,4,e,img/target_3.png
30,3,75,modular,5,r,img/target_4.png
30,3,76,modular,6,v,img/target_5.png
30,3,77,modular,5,r,img/target_4.png
30,3,78,modular,4,e,img/target_3.png
30,3,79,modular,1,u,img/target_7.png
30,3,80,modular,4,e,img/target_3.png
30,3,81,modular,3,p,img/target_10.png
30,3,82,modular,2,i,img/target_8.png
30,3,83,modular,0,w,img/target_2.png
30,3,84,modular,2,i,img/target_8.png
30,3,85,modular,4,e,img/target_3.png
30,3,86,modular,3,p,img/target_10.png
30,3,87,modular,0,w,img/target_2.png
30,3,88,modular,1,u,img/target_7.png
30,3,89,modular,3,p,img/target_10.png
30,3,90,modular,1,u,img/target_7.png
30,3,91,modular,0,w,img/target_2.png
30,3,92,modular,3,p,img/target_10.png
30,3,93,modular,1,u,img/target_7.png
30,3,94,modular,0,w,img/target_2.png
30,3,95,modular,1,u,img/target_7.png
30,3,96,modular,2,i,img/target_8.png
30,3,97,modular,0,w,img/target_2.png
30,3,98,modular,3,p,img/target_10.png
30,3,99,modular,0,w,img/target_2.png
30,3,100,modular,1,u,img/target_7.png
30,3,101,modular,2,i,img/target_8.png
30,3,102,modular,4,e,img/target_3.png
30,3,103,modular,1,u,img/target_7.png
30,3,104,modular,0,w,img/target_2.png
30,3,105,modular,3,p,img/target_10.png
30,3,106,modular,4,e,img/target_3.png
30,3,107,modular,5,r,img/target_4.png
30,3,108,modular,4,e,img/target_3.png
30,3,109,modular,2,i,img/target_8.png
30,3,110,modular,0,w,img/target_2.png
30,3,111,modular,3,p,img/target_10.png
30,3,112,modular,2,i,img/target_8.png
30,3,113,modular,3,p,img/target_10.png
30,3,114,modular,0,w,img/target_2.png
30,3,115,modular,9,b,img/target_6.png
30,3,116,modular,8,o,img/target_9.png
30,3,117,modular,9,b,img/target_6.png
30,3,118,modular,7,q,img/target_1.png
30,3,119,modular,6,v,img/target_5.png
30,3,120,modular,5,r,img/target_4.png
30,3,121,modular,7,q,img/target_1.png
30,3,122,modular,8,o,img/target_9.png
30,3,123,modular,6,v,img/target_5.png
30,3,124,modular,8,o,img/target_9.png
30,3,125,modular,9,b,img/target_6.png
30,3,126,modular,6,v,img/target_5.png
30,3,127,modular,7,q,img/target_1.png
30,3,128,modular,6,v,img/target_5.png
30,3,129,modular,5,r,img/target_4.png
30,3,130,modular,6,v,img/target_5.png
30,3,131,modular,7,q,img/target_1.png
30,3,132,modular,6,v,img/target_5.png
30,3,133,modular,7,q,img/target_1.png
30,3,134,modular,5,r,img/target_4.png
30,3,135,modular,7,q,img/target_1.png
30,3,136,modular,8,o,img/target_9.png
30,3,137,modular,9,b,img/target_6.png
30,3,138,modular,0,w,img/target_2.png
30,3,139,modular,9,b,img/target_6.png
30,3,140,modular,7,q,img/target_1.png
30,3,141,modular,6,v,img/target_5.png
30,3,142,modular,8,o,img/target_9.png
30,3,143,modular,6,v,img/target_5.png
30,3,144,modular,7,q,img/target_1.png
30,3,145,modular,6,v,img/target_5.png
30,3,146,modular,5,r,img/target_4.png
30,3,147,modular,7,q,img/target_1.png
30,3,148,modular,9,b,img/target_6.png
30,3,149,modular,7,q,img/target_1.png
30,3,150,modular,8,o,img/target_9.png
30,3,151,modular,9,b,img/target_6.png
30,3,152,modular,8,o,img/target_9.png
30,3,153,modular,9,b,img/target_6.png
30,3,154,modular,6,v,img/target_5.png
30,3,155,modular,5,r,img/target_4.png
30,3,156,modular,4,e,img/target_3.png
30,3,157,modular,5,r,img/target_4.png
30,3,158,modular,7,q,img/target_1.png
30,3,159,modular,5,r,img/target_4.png
30,3,160,modular,4,e,img/target_3.png
30,3,161,modular,2,i,img/target_8.png
30,3,162,modular,3,p,img/target_10.png
30,3,163,modular,1,u,img/target_7.png
30,3,164,modular,4,e,img/target_3.png
30,3,165,modular,3,p,img/target_10.png
30,3,166,modular,1,u,img/target_7.png
30,3,167,modular,3,p,img/target_10.png
30,3,168,modular,2,i,img/target_8.png
30,3,169,modular,3,p,img/target_10.png
30,3,170,modular,1,u,img/target_7.png
30,3,171,modular,3,p,img/target_10.png
30,3,172,modular,1,u,img/target_7.png
30,3,173,modular,3,p,img/target_10.png
30,3,174,modular,2,i,img/target_8.png
30,3,175,modular,4,e,img/target_3.png
30,3,176,modular,3,p,img/target_10.png
30,3,177,modular,0,w,img/target_2.png
30,3,178,modular,9,b,img/target_6.png
30,3,179,modular,8,o,img/target_9.png
30,3,180,modular,6,v,img/target_5.png
30,3,181,modular,9,b,img/target_6.png
30,3,182,modular,0,w,img/target_2.png
30,3,183,modular,9,b,img/target_6.png
30,3,184,modular,8,o,img/target_9.png
30,3,185,modular,9,b,img/target_6.png
30,3,186,modular,8,o,img/target_9.png
30,3,187,modular,9,b,img/target_6.png
30,3,188,modular,8,o,img/target_9.png
30,3,189,modular,6,v,img/target_5.png
30,3,190,modular,9,b,img/target_6.png
30,3,191,modular,6,v,img/target_5.png
30,3,192,modular,7,q,img/target_1.png
30,3,193,modular,9,b,img/target_6.png
30,3,194,modular,6,v,img/target_5.png
30,3,195,modular,8,o,img/target_9.png
30,3,196,modular,9,b,img/target_6.png
30,3,197,modular,8,o,img/target_9.png
30,3,198,modular,9,b,img/target_6.png
30,3,199,modular,6,v,img/target_5.png
30,3,200,modular,8,o,img/target_9.png
30,3,201,modular,5,r,img/target_4.png
30,3,202,modular,8,o,img/target_9.png
30,3,203,modular,5,r,img/target_4.png
30,3,204,modular,4,e,img/target_3.png
30,3,205,modular,2,i,img/target_8.png
30,3,206,modular,3,p,img/target_10.png
30,3,207,modular,2,i,img/target_8.png
30,3,208,modular,0,w,img/target_2.png
30,3,209,modular,9,b,img/target_6.png
30,3,210,modular,6,v,img/target_5.png
30,3,211,modular,5,r,img/target_4.png
30,3,212,modular,4,e,img/target_3.png
30,3,213,modular,1,u,img/target_7.png
30,3,214,modular,2,i,img/target_8.png
30,3,215,modular,4,e,img/target_3.png
30,3,216,modular,5,r,img/target_4.png
30,3,217,modular,6,v,img/target_5.png
30,3,218,modular,8,o,img/target_9.png
30,3,219,modular,9,b,img/target_6.png
30,3,220,modular,0,w,img/target_2.png
30,3,221,modular,2,i,img/target_8.png
30,3,222,modular,4,e,img/target_3.png
30,3,223,modular,2,i,img/target_8.png
30,3,224,modular,3,p,img/target_10.png
30,3,225,modular,1,u,img/target_7.png
30,3,226,modular,0,w,img/target_2.png
30,3,227,modular,3,p,img/target_10.png
30,3,228,modular,2,i,img/target_8.png
30,3,229,modular,4,e,img/target_3.png
30,3,230,modular,3,p,img/target_10.png
30,3,231,modular,4,e,img/target_3.png
30,3,232,modular,1,u,img/target_7.png
30,3,233,modular,2,i,img/target_8.png
30,3,234,modular,3,p,img/target_10.png
30,3,235,modular,1,u,img/target_7.png
30,3,236,modular,0,w,img/target_2.png
30,3,237,modular,2,i,img/target_8.png
30,3,238,modular,4,e,img/target_3.png
30,3,239,modular,1,u,img/target_7.png
30,3,240,modular,0,w,img/target_2.png
30,3,241,modular,1,u,img/target_7.png
30,3,242,modular,4,e,img/target_3.png
30,3,243,modular,5,r,img/target_4.png
30,3,244,modular,7,q,img/target_1.png
30,3,245,modular,5,r,img/target_4.png
30,3,246,modular,6,v,img/target_5.png
30,3,247,modular,7,q,img/target_1.png
30,3,248,modular,6,v,img/target_5.png
30,3,249,modular,7,q,img/target_1.png
30,3,250,modular,6,v,img/target_5.png
30,3,251,modular,7,q,img/target_1.png
30,3,252,modular,9,b,img/target_6.png
30,3,253,modular,0,w,img/target_2.png
30,3,254,modular,1,u,img/target_7.png
30,3,255,modular,3,p,img/target_10.png
30,3,256,modular,1,u,img/target_7.png
30,3,257,modular,3,p,img/target_10.png
30,3,258,modular,1,u,img/target_7.png
30,3,259,modular,2,i,img/target_8.png
30,3,260,modular,4,e,img/target_3.png
30,3,261,modular,1,u,img/target_7.png
30,3,262,modular,0,w,img/target_2.png
30,3,263,modular,2,i,img/target_8.png
30,3,264,modular,0,w,img/target_2.png
30,3,265,modular,2,i,img/target_8.png
30,3,266,modular,1,u,img/target_7.png
30,3,267,modular,2,i,img/target_8.png
30,3,268,modular,1,u,img/target_7.png
30,3,269,modular,0,w,img/target_2.png
30,3,270,modular,1,u,img/target_7.png
30,3,271,modular,2,i,img/target_8.png
30,3,272,modular,4,e,img/target_3.png
30,3,273,modular,2,i,img/target_8.png
30,3,274,modular,4,e,img/target_3.png
30,3,275,modular,2,i,img/target_8.png
30,3,276,modular,0,w,img/target_2.png
30,3,277,modular,2,i,img/target_8.png
30,3,278,modular,4,e,img/target_3.png
30,3,279,modular,5,r,img/target_4.png
30,3,280,modular,6,v,img/target_5.png
30,3,281,modular,9,b,img/target_6.png
30,3,282,modular,8,o,img/target_9.png
30,3,283,modular,7,q,img/target_1.png
30,3,284,modular,5,r,img/target_4.png
30,3,285,modular,6,v,img/target_5.png
30,3,286,modular,7,q,img/target_1.png
30,3,287,modular,6,v,img/target_5.png
30,3,288,modular,9,b,img/target_6.png
30,3,289,modular,8,o,img/target_9.png
30,3,290,modular,7,q,img/target_1.png
30,3,291,modular,9,b,img/target_6.png
30,3,292,modular,8,o,img/target_9.png
30,3,293,modular,9,b,img/target_6.png
30,3,294,modular,8,o,img/target_9.png
30,3,295,modular,9,b,img/target_6.png
30,3,296,modular,0,w,img/target_2.png
30,3,297,modular,2,i,img/target_8.png
30,3,298,modular,3,p,img/target_10.png
30,3,299,modular,4,e,img/target_3.png
30,3,300,modular,2,i,img/target_8.png
30,3,301,modular,3,p,img/target_10.png
30,3,302,modular,2,i,img/target_8.png
30,3,303,modular,0,w,img/target_2.png
30,3,304,modular,3,p,img/target_10.png
30,3,305,modular,1,u,img/target_7.png
30,3,306,modular,4,e,img/target_3.png
30,3,307,modular,3,p,img/target_10.png
30,3,308,modular,1,u,img/target_7.png
30,3,309,modular,4,e,img/target_3.png
30,3,310,modular,3,p,img/target_10.png
30,3,311,modular,2,i,img/target_8.png
30,3,312,modular,4,e,img/target_3.png
30,3,313,modular,1,u,img/target_7.png
30,3,314,modular,2,i,img/target_8.png
30,3,315,modular,0,w,img/target_2.png
30,3,316,modular,9,b,img/target_6.png
30,3,317,modular,7,q,img/target_1.png
30,3,318,modular,9,b,img/target_6.png
30,3,319,modular,6,v,img/target_5.png
30,3,320,modular,5,r,img/target_4.png
30,3,321,modular,4,e,img/target_3.png
30,3,322,modular,1,u,img/target_7.png
30,3,323,modular,3,p,img/target_10.png
30,3,324,modular,2,i,img/target_8.png
30,3,325,modular,3,p,img/target_10.png
30,3,326,modular,0,w,img/target_2.png
30,3,327,modular,3,p,img/target_10.png
30,3,328,modular,2,i,img/target_8.png
30,3,329,modular,1,u,img/target_7.png
30,3,330,modular,3,p,img/target_10.png
30,3,331,modular,4,e,img/target_3.png
30,3,332,modular,1,u,img/target_7.png
30,3,333,modular,4,e,img/target_3.png
30,3,334,modular,2,i,img/target_8.png
30,3,335,modular,3,p,img/target_10.png
30,3,336,modular,2,i,img/target_8.png
30,3,337,modular,3,p,img/target_10.png
30,3,338,modular,2,i,img/target_8.png
30,3,339,modular,1,u,img/target_7.png
30,3,340,modular,4,e,img/target_3.png
30,3,341,modular,3,p,img/target_10.png
30,3,342,modular,1,u,img/target_7.png
30,3,343,modular,4,e,img/target_3.png
30,3,344,modular,2,i,img/target_8.png
30,3,345,modular,1,u,img/target_7.png
30,3,346,modular,4,e,img/target_3.png
30,3,347,modular,1,u,img/target_7.png
30,3,348,modular,4,e,img/target_3.png
30,3,349,modular,1,u,img/target_7.png
30,3,350,modular,2,i,img/target_8.png
30,3,351,modular,0,w,img/target_2.png
30,3,352,modular,3,p,img/target_10.png
30,3,353,modular,2,i,img/target_8.png
30,3,354,modular,3,p,img/target_10.png
30,3,355,modular,2,i,img/target_8.png
30,3,356,modular,0,w,img/target_2.png
30,3,357,modular,9,b,img/target_6.png
30,3,358,modular,8,o,img/target_9.png
30,3,359,modular,9,b,img/target_6.png
30,3,360,modular,7,q,img/target_1.png
30,3,361,modular,8,o,img/target_9.png
30,3,362,modular,6,v,img/target_5.png
30,3,363,modular,8,o,img/target_9.png
30,3,364,modular,5,r,img/target_4.png
30,3,365,modular,8,o,img/target_9.png
30,3,366,modular,5,r,img/target_4.png
30,3,367,modular,4,e,img/target_3.png
30,3,368,modular,3,p,img/target_10.png
30,3,369,modular,2,i,img/target_8.png
30,3,370,modular,0,w,img/target_2.png
30,3,371,modular,2,i,img/target_8.png
30,3,372,modular,1,u,img/target_7.png
30,3,373,modular,2,i,img/target_8.png
30,3,374,modular,0,w,img/target_2.png
30,3,375,modular,9,b,img/target_6.png
30,3,376,modular,0,w,img/target_2.png
30,3,377,modular,3,p,img/target_10.png
30,3,378,modular,1,u,img/target_7.png
30,3,379,modular,2,i,img/target_8.png
30,3,380,modular,4,e,img/target_3.png
30,3,381,modular,1,u,img/target_7.png
30,3,382,modular,0,w,img/target_2.png
30,3,383,modular,2,i,img/target_8.png
30,3,384,modular,3,p,img/target_10.png
30,3,385,modular,4,e,img/target_3.png
30,3,386,modular,3,p,img/target_10.png
30,3,387,modular,2,i,img/target_8.png
30,3,388,modular,0,w,img/target_2.png
30,3,389,modular,3,p,img/target_10.png
30,3,390,modular,1,u,img/target_7.png
30,3,391,modular,2,i,img/target_8.png
30,3,392,modular,1,u,img/target_7.png
30,3,393,modular,0,w,img/target_2.png
30,3,394,modular,3,p,img/target_10.png
30,3,395,modular,4,e,img/target_3.png
30,3,396,modular,1,u,img/target_7.png
30,3,397,modular,0,w,img/target_2.png
30,3,398,modular,9,b,img/target_6.png
30,3,399,modular,0,w,img/target_2.png
30,3,400,modular,2,i,img/target_8.png
30,3,401,modular,1,u,img/target_7.png
30,3,402,modular,2,i,img/target_8.png
30,3,403,modular,0,w,img/target_2.png
30,3,404,modular,9,b,img/target_6.png
30,3,405,modular,8,o,img/target_9.png
30,3,406,modular,7,q,img/target_1.png
30,3,407,modular,5,r,img/target_4.png
30,3,408,modular,8,o,img/target_9.png
30,3,409,modular,5,r,img/target_4.png
30,3,410,modular,4,e,img/target_3.png
30,3,411,modular,5,r,img/target_4.png
30,3,412,modular,8,o,img/target_9.png
30,3,413,modular,6,v,img/target_5.png
30,3,414,modular,7,q,img/target_1.png
30,3,415,modular,6,v,img/target_5.png
30,3,416,modular,8,o,img/target_9.png
30,3,417,modular,7,q,img/target_1.png
30,3,418,modular,9,b,img/target_6.png
30,3,419,modular,6,v,img/target_5.png
30,3,420,modular,7,q,img/target_1.png
30,3,421,modular,8,o,img/target_9.png
30,3,422,modular,6,v,img/target_5.png
30,3,423,modular,9,b,img/target_6.png
30,3,424,modular,7,q,img/target_1.png
30,3,425,modular,6,v,img/target_5.png
30,3,426,modular,7,q,img/target_1.png
30,3,427,modular,5,r,img/target_4.png
30,3,428,modular,6,v,img/target_5.png
30,3,429,modular,9,b,img/target_6.png
30,3,430,modular,6,v,img/target_5.png
30,3,431,modular,8,o,img/target_9.png
30,3,432,modular,5,r,img/target_4.png
30,3,433,modular,7,q,img/target_1.png
30,3,434,modular,5,r,img/target_4.png
30,3,435,modular,6,v,img/target_5.png
30,3,436,modular,7,q,img/target_1.png
30,3,437,modular,8,o,img/target_9.png
30,3,438,modular,5,r,img/target_4.png
30,3,439,modular,4,e,img/target_3.png
30,3,440,modular,3,p,img/target_10.png
30,3,441,modular,4,e,img/target_3.png
30,3,442,modular,1,u,img/target_7.png
30,3,443,modular,3,p,img/target_10.png
30,3,444,modular,4,e,img/target_3.png
30,3,445,modular,3,p,img/target_10.png
30,3,446,modular,0,w,img/target_2.png
30,3,447,modular,3,p,img/target_10.png
30,3,448,modular,0,w,img/target_2.png
30,3,449,modular,1,u,img/target_7.png
30,3,450,modular,2,i,img/target_8.png
30,3,451,modular,0,w,img/target_2.png
30,3,452,modular,9,b,img/target_6.png
30,3,453,modular,0,w,img/target_2.png
30,3,454,modular,2,i,img/target_8.png
30,3,455,modular,1,u,img/target_7.png
30,3,456,modular,4,e,img/target_3.png
30,3,457,modular,1,u,img/target_7.png
30,3,458,modular,2,i,img/target_8.png
30,3,459,modular,4,e,img/target_3.png
30,3,460,modular,3,p,img/target_10.png
30,3,461,modular,4,e,img/target_3.png
30,3,462,modular,2,i,img/target_8.png
30,3,463,modular,0,w,img/target_2.png
30,3,464,modular,9,b,img/target_6.png
30,3,465,modular,8,o,img/target_9.png
30,3,466,modular,5,r,img/target_4.png
30,3,467,modular,4,e,img/target_3.png
30,3,468,modular,1,u,img/target_7.png
30,3,469,modular,4,e,img/target_3.png
30,3,470,modular,1,u,img/target_7.png
30,3,471,modular,2,i,img/target_8.png
30,3,472,modular,0,w,img/target_2.png
30,3,473,modular,2,i,img/target_8.png
30,3,474,modular,4,e,img/target_3.png
30,3,475,modular,2,i,img/target_8.png
30,3,476,modular,1,u,img/target_7.png
30,3,477,modular,4,e,img/target_3.png
30,3,478,modular,1,u,img/target_7.png
30,3,479,modular,4,e,img/target_3.png
30,3,480,modular,3,p,img/target_10.png
30,3,481,modular,2,i,img/target_8.png
30,3,482,modular,1,u,img/target_7.png
30,3,483,modular,0,w,img/target_2.png
30,3,484,modular,2,i,img/target_8.png
30,3,485,modular,1,u,img/target_7.png
30,3,486,modular,3,p,img/target_10.png
30,3,487,modular,4,e,img/target_3.png
30,3,488,modular,1,u,img/target_7.png
30,3,489,modular,0,w,img/target_2.png
30,3,490,modular,3,p,img/target_10.png
30,3,491,modular,1,u,img/target_7.png
30,3,492,modular,3,p,img/target_10.png
30,3,493,modular,4,e,img/target_3.png
30,3,494,modular,3,p,img/target_10.png
30,3,495,modular,1,u,img/target_7.png
30,3,496,modular,2,i,img/target_8.png
30,3,497,modular,4,e,img/target_3.png
30,3,498,modular,5,r,img/target_4.png
30,3,499,modular,6,v,img/target_5.png
30,3,500,modular,9,b,img/target_6.png
30,3,501,modular,0,w,img/target_2.png
30,3,502,modular,9,b,img/target_6.png
30,3,503,modular,7,q,img/target_1.png
30,3,504,modular,8,o,img/target_9.png
30,3,505,modular,9,b,img/target_6.png
30,3,506,modular,0,w,img/target_2.png
30,3,507,modular,3,p,img/target_10.png
30,3,508,modular,1,u,img/target_7.png
30,3,509,modular,2,i,img/target_8.png
30,3,510,modular,4,e,img/target_3.png
30,3,511,modular,3,p,img/target_10.png
30,3,512,modular,2,i,img/target_8.png
30,3,513,modular,3,p,img/target_10.png
30,3,514,modular,2,i,img/target_8.png
30,3,515,modular,3,p,img/target_10.png
30,3,516,modular,1,u,img/target_7.png
30,3,517,modular,2,i,img/target_8.png
30,3,518,modular,0,w,img/target_2.png
30,3,519,modular,9,b,img/target_6.png
30,3,520,modular,0,w,img/target_2.png
30,3,521,modular,2,i,img/target_8.png
30,3,522,modular,4,e,img/target_3.png
30,3,523,modular,5,r,img/target_4.png
30,3,524,modular,7,q,img/target_1.png
30,3,525,modular,5,r,img/target_4.png
30,3,526,modular,7,q,img/target_1.png
30,3,527,modular,8,o,img/target_9.png
30,3,528,modular,9,b,img/target_6.png
30,3,529,modular,0,w,img/target_2.png
30,3,530,modular,1,u,img/target_7.png
30,3,531,modular,3,p,img/target_10.png
30,3,532,modular,4,e,img/target_3.png
30,3,533,modular,5,r,img/target_4.png
30,3,534,modular,7,q,img/target_1.png
30,3,535,modular,8,o,img/target_9.png
30,3,536,modular,9,b,img/target_6.png
30,3,537,modular,6,v,img/target_5.png
30,3,538,modular,8,o,img/target_9.png
30,3,539,modular,7,q,img/target_1.png
30,3,540,modular,8,o,img/target_9.png
30,3,541,modular,9,b,img/target_6.png
30,3,542,modular,8,o,img/target_9.png
30,3,543,modular,9,b,img/target_6.png
30,3,544,modular,7,q,img/target_1.png
30,3,545,modular,5,r,img/target_4.png
30,3,546,modular,6,v,img/target_5.png
30,3,547,modular,5,r,img/target_4.png
30,3,548,modular,4,e,img/target_3.png
30,3,549,modular,2,i,img/target_8.png
30,3,550,modular,4,e,img/target_3.png
30,3,551,modular,2,i,img/target_8.png
30,3,552,modular,0,w,img/target_2.png
30,3,553,modular,9,b,img/target_6.png
30,3,554,modular,7,q,img/target_1.png
30,3,555,modular,8,o,img/target_9.png
30,3,556,modular,5,r,img/target_4.png
30,3,557,modular,7,q,img/target_1.png
30,3,558,modular,6,v,img/target_5.png
30,3,559,modular,9,b,img/target_6.png
30,3,560,modular,7,q,img/target_1.png
30,3,561,modular,8,o,img/target_9.png
30,3,562,modular,9,b,img/target_6.png
30,3,563,modular,6,v,img/target_5.png
30,3,564,modular,9,b,img/target_6.png
30,3,565,modular,8,o,img/target_9.png
30,3,566,modular,6,v,img/target_5.png
30,3,567,modular,9,b,img/target_6.png
30,3,568,modular,8,o,img/target_9.png
30,3,569,modular,6,v,img/target_5.png
30,3,570,modular,9,b,img/target_6.png
30,3,571,modular,0,w,img/target_2.png
30,3,572,modular,9,b,img/target_6.png
30,3,573,modular,0,w,img/target_2.png
30,3,574,modular,2,i,img/target_8.png
30,3,575,modular,0,w,img/target_2.png
30,3,576,modular,9,b,img/target_6.png
30,3,577,modular,8,o,img/target_9.png
30,3,578,modular,5,r,img/target_4.png
30,3,579,modular,7,q,img/target_1.png
30,3,580,modular,8,o,img/target_9.png
30,3,581,modular,7,q,img/target_1.png
30,3,582,modular,8,o,img/target_9.png
30,3,583,modular,5,r,img/target_4.png
30,3,584,modular,8,o,img/target_9.png
30,3,585,modular,9,b,img/target_6.png
30,3,586,modular,6,v,img/target_5.png
30,3,587,modular,5,r,img/target_4.png
30,3,588,modular,4,e,img/target_3.png
30,3,589,modular,2,i,img/target_8.png
30,3,590,modular,1,u,img/target_7.png
30,3,591,modular,4,e,img/target_3.png
30,3,592,modular,5,r,img/target_4.png
30,3,593,modular,8,o,img/target_9.png
30,3,594,modular,6,v,img/target_5.png
30,3,595,modular,7,q,img/target_1.png
30,3,596,modular,5,r,img/target_4.png
30,3,597,modular,6,v,img/target_5.png
30,3,598,modular,7,q,img/target_1.png
30,3,599,modular,9,b,img/target_6.png
30,3,600,modular,7,q,img/target_1.png
30,3,601,modular,8,o,img/target_9.png
30,3,602,modular,7,q,img/target_1.png
30,3,603,modular,9,b,img/target_6.png
30,3,604,modular,0,w,img/target_2.png
30,3,605,modular,2,i,img/target_8.png
30,3,606,modular,4,e,img/target_3.png
30,3,607,modular,5,r,img/target_4.png
30,3,608,modular,6,v,img/target_5.png
30,3,609,modular,8,o,img/target_9.png
30,3,610,modular,7,q,img/target_1.png
30,3,611,modular,9,b,img/target_6.png
30,3,612,modular,8,o,img/target_9.png
30,3,613,modular,6,v,img/target_5.png
30,3,614,modular,5,r,img/target_4.png
30,3,615,modular,8,o,img/target_9.png
30,3,616,modular,9,b,img/target_6.png
30,3,617,modular,8,o,img/target_9.png
30,3,618,modular,6,v,img/target_5.png
30,3,619,modular,5,r,img/target_4.png
30,3,620,modular,6,v,img/target_5.png
30,3,621,modular,9,b,img/target_6.png
30,3,622,modular,8,o,img/target_9.png
30,3,623,modular,9,b,img/target_6.png
30,3,624,modular,7,q,img/target_1.png
30,3,625,modular,6,v,img/target_5.png
30,3,626,modular,5,r,img/target_4.png
30,3,627,modular,7,q,img/target_1.png
30,3,628,modular,6,v,img/target_5.png
30,3,629,modular,7,q,img/target_1.png
30,3,630,modular,6,v,img/target_5.png
30,3,631,modular,8,o,img/target_9.png
30,3,632,modular,7,q,img/target_1.png
30,3,633,modular,6,v,img/target_5.png
30,3,634,modular,7,q,img/target_1.png
30,3,635,modular,9,b,img/target_6.png
30,3,636,modular,6,v,img/target_5.png
30,3,637,modular,9,b,img/target_6.png
30,3,638,modular,7,q,img/target_1.png
30,3,639,modular,8,o,img/target_9.png
30,3,640,modular,9,b,img/target_6.png
30,3,641,modular,0,w,img/target_2.png
30,3,642,modular,9,b,img/target_6.png
30,3,643,modular,7,q,img/target_1.png
30,3,644,modular,5,r,img/target_4.png
30,3,645,modular,4,e,img/target_3.png
30,3,646,modular,2,i,img/target_8.png
30,3,647,modular,1,u,img/target_7.png
30,3,648,modular,3,p,img/target_10.png
30,3,649,modular,2,i,img/target_8.png
30,3,650,modular,3,p,img/target_10.png
30,3,651,modular,0,w,img/target_2.png
30,3,652,modular,1,u,img/target_7.png
30,3,653,modular,4,e,img/target_3.png
30,3,654,modular,3,p,img/target_10.png
30,3,655,modular,4,e,img/target_3.png
30,3,656,modular,5,r,img/target_4.png
30,3,657,modular,7,q,img/target_1.png
30,3,658,modular,6,v,img/target_5.png
30,3,659,modular,9,b,img/target_6.png
30,3,660,modular,8,o,img/target_9.png
30,3,661,modular,7,q,img/target_1.png
30,3,662,modular,8,o,img/target_9.png
30,3,663,modular,5,r,img/target_4.png
30,3,664,modular,7,q,img/target_1.png
30,3,665,modular,9,b,img/target_6.png
30,3,666,modular,6,v,img/target_5.png
30,3,667,modular,8,o,img/target_9.png
30,3,668,modular,5,r,img/target_4.png
30,3,669,modular,6,v,img/target_5.png
30,3,670,modular,9,b,img/target_6.png
30,3,671,modular,7,q,img/target_1.png
30,3,672,modular,5,r,img/target_4.png
30,3,673,modular,8,o,img/target_9.png
30,3,674,modular,6,v,img/target_5.png
30,3,675,modular,9,b,img/target_6.png
30,3,676,modular,8,o,img/target_9.png
30,3,677,modular,9,b,img/target_6.png
30,3,678,modular,0,w,img/target_2.png
30,3,679,modular,1,u,img/target_7.png
30,3,680,modular,4,e,img/target_3.png
30,3,681,modular,5,r,img/target_4.png
30,3,682,modular,6,v,img/target_5.png
30,3,683,modular,8,o,img/target_9.png
30,3,684,modular,6,v,img/target_5.png
30,3,685,modular,7,q,img/target_1.png
30,3,686,modular,6,v,img/target_5.png
30,3,687,modular,5,r,img/target_4.png
30,3,688,modular,6,v,img/target_5.png
30,3,689,modular,8,o,img/target_9.png
30,3,690,modular,7,q,img/target_1.png
30,3,691,modular,8,o,img/target_9.png
30,3,692,modular,7,q,img/target_1.png
30,3,693,modular,5,r,img/target_4.png
30,3,694,modular,8,o,img/target_9.png
30,3,695,modular,6,v,img/target_5.png
30,3,696,modular,8,o,img/target_9.png
30,3,697,modular,5,r,img/target_4.png
30,3,698,modular,7,q,img/target_1.png
30,3,699,modular,9,b,img/target_6.png
30,3,700,modular,7,q,img/target_1.png
30,3,701,modular,8,o,img/target_9.png
30,3,702,modular,7,q,img/target_1.png
30,3,703,modular,5,r,img/target_4.png
30,3,704,modular,8,o,img/target_9.png
30,3,705,modular,6,v,img/target_5.png
30,3,706,modular,7,q,img/target_1.png
30,3,707,modular,5,r,img/target_4.png
30,3,708,modular,4,e,img/target_3.png
30,3,709,modular,2,i,img/target_8.png
30,3,710,modular,4,e,img/target_3.png
30,3,711,modular,2,i,img/target_8.png
30,3,712,modular,0,w,img/target_2.png
30,3,713,modular,3,p,img/target_10.png
30,3,714,modular,4,e,img/target_3.png
30,3,715,modular,3,p,img/target_10.png
30,3,716,modular,0,w,img/target_2.png
30,3,717,modular,9,b,img/target_6.png
30,3,718,modular,0,w,img/target_2.png
30,3,719,modular,2,i,img/target_8.png
30,3,720,modular,3,p,img/target_10.png
30,3,721,modular,1,u,img/target_7.png
30,3,722,modular,4,e,img/target_3.png
30,3,723,modular,2,i,img/target_8.png
30,3,724,modular,1,u,img/target_7.png
30,3,725,modular,0,w,img/target_2.png
30,3,726,modular,9,b,img/target_6.png
30,3,727,modular,6,v,img/target_5.png
30,3,728,modular,9,b,img/target_6.png
30,3,729,modular,7,q,img/target_1.png
30,3,730,modular,8,o,img/target_9.png
30,3,731,modular,9,b,img/target_6.png
30,3,732,modular,6,v,img/target_5.png
30,3,733,modular,5,r,img/target_4.png
30,3,734,modular,6,v,img/target_5.png
30,3,735,modular,5,r,img/target_4.png
30,3,736,modular,6,v,img/target_5.png
30,3,737,modular,8,o,img/target_9.png
30,3,738,modular,5,r,img/target_4.png
30,3,739,modular,7,q,img/target_1.png
30,3,740,modular,8,o,img/target_9.png
30,3,741,modular,5,r,img/target_4.png
30,3,742,modular,6,v,img/target_5.png
30,3,743,modular,7,q,img/target_1.png
30,3,744,modular,5,r,img/target_4.png
30,3,745,modular,8,o,img/target_9.png
30,3,746,modular,9,b,img/target_6.png
30,3,747,modular,0,w,img/target_2.png
30,3,748,modular,2,i,img/target_8.png
30,3,749,modular,1,u,img/target_7.png
30,3,750,modular,3,p,img/target_10.png
30,3,751,modular,4,e,img/target_3.png
30,3,752,modular,3,p,img/target_10.png
30,3,753,modular,1,u,img/target_7.png
30,3,754,modular,0,w,img/target_2.png
30,3,755,modular,3,p,img/target_10.png
30,3,756,modular,0,w,img/target_2.png
30,3,757,modular,3,p,img/target_10.png
30,3,758,modular,4,e,img/target_3.png
30,3,759,modular,2,i,img/target_8.png
30,3,760,modular,4,e,img/target_3.png
30,3,761,modular,3,p,img/target_10.png
30,3,762,modular,2,i,img/target_8.png
30,3,763,modular,3,p,img/target_10.png
30,3,764,modular,1,u,img/target_7.png
30,3,765,modular,2,i,img/target_8.png
30,3,766,modular,4,e,img/target_3.png
30,3,767,modular,1,u,img/target_7.png
30,3,768,modular,2,i,img/target_8.png
30,3,769,modular,4,e,img/target_3.png
30,3,770,modular,2,i,img/target_8.png
30,3,771,modular,4,e,img/target_3.png
30,3,772,modular,5,r,img/target_4.png
30,3,773,modular,6,v,img/target_5.png
30,3,774,modular,8,o,img/target_9.png
30,3,775,modular,7,q,img/target_1.png
30,3,776,modular,5,r,img/target_4.png
30,3,777,modular,6,v,img/target_5.png
30,3,778,modular,8,o,img/target_9.png
30,3,779,modular,9,b,img/target_6.png
30,3,780,modular,0,w,img/target_2.png
30,3,781,modular,3,p,img/target_10.png
30,3,782,modular,0,w,img/target_2.png
30,3,783,modular,1,u,img/target_7.png
30,3,784,modular,3,p,img/target_10.png
30,3,785,modular,0,w,img/target_2.png
30,3,786,modular,3,p,img/target_10.png
30,3,787,modular,4,e,img/target_3.png
30,3,788,modular,2,i,img/target_8.png
30,3,789,modular,4,e,img/target_3.png
30,3,790,modular,3,p,img/target_10.png
30,3,791,modular,2,i,img/target_8.png
30,3,792,modular,4,e,img/target_3.png
30,3,793,modular,3,p,img/target_10.png
30,3,794,modular,1,u,img/target_7.png
30,3,795,modular,0,w,img/target_2.png
30,3,796,modular,1,u,img/target_7.png
30,3,797,modular,3,p,img/target_10.png
30,3,798,modular,0,w,img/target_2.png
30,3,799,modular,1,u,img/target_7.png
30,3,800,modular,2,i,img/target_8.png
30,3,801,modular,4,e,img/target_3.png
30,3,802,modular,1,u,img/target_7.png
30,3,803,modular,4,e,img/target_3.png
30,3,804,modular,3,p,img/target_10.png
30,3,805,modular,1,u,img/target_7.png
30,3,806,modular,3,p,img/target_10.png
30,3,807,modular,0,w,img/target_2.png
30,3,808,modular,1,u,img/target_7.png
30,3,809,modular,0,w,img/target_2.png
30,3,810,modular,3,p,img/target_10.png
30,3,811,modular,1,u,img/target_7.png
30,3,812,modular,4,e,img/target_3.png
30,3,813,modular,5,r,img/target_4.png
30,3,814,modular,7,q,img/target_1.png
30,3,815,modular,6,v,img/target_5.png
30,3,816,modular,8,o,img/target_9.png
30,3,817,modular,5,r,img/target_4.png
30,3,818,modular,8,o,img/target_9.png
30,3,819,modular,9,b,img/target_6.png
30,3,820,modular,0,w,img/target_2.png
30,3,821,modular,9,b,img/target_6.png
30,3,822,modular,0,w,img/target_2.png
30,3,823,modular,1,u,img/target_7.png
30,3,824,modular,0,w,img/target_2.png
30,3,825,modular,1,u,img/target_7.png
30,3,826,modular,0,w,img/target_2.png
30,3,827,modular,3,p,img/target_10.png
30,3,828,modular,4,e,img/target_3.png
30,3,829,modular,2,i,img/target_8.png
30,3,830,modular,0,w,img/target_2.png
30,3,831,modular,2,i,img/target_8.png
30,3,832,modular,1,u,img/target_7.png
30,3,833,modular,0,w,img/target_2.png
30,3,834,modular,9,b,img/target_6.png
30,3,835,modular,7,q,img/target_1.png
30,3,836,modular,6,v,img/target_5.png
30,3,837,modular,9,b,img/target_6.png
30,3,838,modular,6,v,img/target_5.png
30,3,839,modular,8,o,img/target_9.png
30,3,840,modular,7,q,img/target_1.png
30,3,841,modular,5,r,img/target_4.png
30,3,842,modular,6,v,img/target_5.png
30,3,843,modular,5,r,img/target_4.png
30,3,844,modular,6,v,img/target_5.png
30,3,845,modular,5,r,img/target_4.png
30,3,846,modular,4,e,img/target_3.png
30,3,847,modular,3,p,img/target_10.png
30,3,848,modular,0,w,img/target_2.png
30,3,849,modular,1,u,img/target_7.png
30,3,850,modular,3,p,img/target_10.png
30,3,851,modular,1,u,img/target_7.png
30,3,852,modular,2,i,img/target_8.png
30,3,853,modular,0,w,img/target_2.png
30,3,854,modular,2,i,img/target_8.png
30,3,855,modular,4,e,img/target_3.png
30,3,856,modular,3,p,img/target_10.png
30,3,857,modular,0,w,img/target_2.png
30,3,858,modular,9,b,img/target_6.png
30,3,859,modular,7,q,img/target_1.png
30,3,860,modular,6,v,img/target_5.png
30,3,861,modular,5,r,img/target_4.png
30,3,862,modular,8,o,img/target_9.png
30,3,863,modular,7,q,img/target_1.png
30,3,864,modular,5,r,img/target_4.png
30,3,865,modular,7,q,img/target_1.png
30,3,866,modular,9,b,img/target_6.png
30,3,867,modular,7,q,img/target_1.png
30,3,868,modular,8,o,img/target_9.png
30,3,869,modular,7,q,img/target_1.png
30,3,870,modular,9,b,img/target_6.png
30,3,871,modular,8,o,img/target_9.png
30,3,872,modular,7,q,img/target_1.png
30,3,873,modular,9,b,img/target_6.png
30,3,874,modular,0,w,img/target_2.png
30,3,875,modular,9,b,img/target_6.png
30,3,876,modular,8,o,img/target_9.png
30,3,877,modular,5,r,img/target_4.png
30,3,878,modular,8,o,img/target_9.png
30,3,879,modular,7,q,img/target_1.png
30,3,880,modular,8,o,img/target_9.png
30,3,881,modular,5,r,img/target_4.png
30,3,882,modular,7,q,img/target_1.png
30,3,883,modular,5,r,img/target_4.png
30,3,884,modular,4,e,img/target_3.png
30,3,885,modular,5,r,img/target_4.png
30,3,886,modular,8,o,img/target_9.png
30,3,887,modular,5,r,img/target_4.png
30,3,888,modular,6,v,img/target_5.png
30,3,889,modular,5,r,img/target_4.png
30,3,890,modular,6,v,img/target_5.png
30,3,891,modular,7,q,img/target_1.png
30,3,892,modular,8,o,img/target_9.png
30,3,893,modular,5,r,img/target_4.png
30,3,894,modular,7,q,img/target_1.png
30,3,895,modular,5,r,img/target_4.png
30,3,896,modular,6,v,img/target_5.png
30,3,897,modular,5,r,img/target_4.png
30,3,898,modular,4,e,img/target_3.png
30,3,899,modular,2,i,img/target_8.png
30,3,900,modular,0,w,img/target_2.png
30,3,901,modular,2,i,img/target_8.png
30,3,902,modular,4,e,img/target_3.png
30,3,903,modular,5,r,img/target_4.png
30,3,904,modular,4,e,img/target_3.png
30,3,905,modular,2,i,img/target_8.png
30,3,906,modular,0,w,img/target_2.png
30,3,907,modular,2,i,img/target_8.png
30,3,908,modular,4,e,img/target_3.png
30,3,909,modular,1,u,img/target_7.png
30,3,910,modular,4,e,img/target_3.png
30,3,911,modular,1,u,img/target_7.png
30,3,912,modular,4,e,img/target_3.png
30,3,913,modular,3,p,img/target_10.png
30,3,914,modular,1,u,img/target_7.png
30,3,915,modular,2,i,img/target_8.png
30,3,916,modular,4,e,img/target_3.png
30,3,917,modular,3,p,img/target_10.png
30,3,918,modular,1,u,img/target_7.png
30,3,919,modular,3,p,img/target_10.png
30,3,920,modular,2,i,img/target_8.png
30,3,921,modular,4,e,img/target_3.png
30,3,922,modular,3,p,img/target_10.png
30,3,923,modular,1,u,img/target_7.png
30,3,924,modular,2,i,img/target_8.png
30,3,925,modular,3,p,img/target_10.png
30,3,926,modular,2,i,img/target_8.png
30,3,927,modular,3,p,img/target_10.png
30,3,928,modular,4,e,img/target_3.png
30,3,929,modular,2,i,img/target_8.png
30,3,930,modular,0,w,img/target_2.png
30,3,931,modular,2,i,img/target_8.png
30,3,932,modular,0,w,img/target_2.png
30,3,933,modular,9,b,img/target_6.png
30,3,934,modular,8,o,img/target_9.png
30,3,935,modular,7,q,img/target_1.png
30,3,936,modular,6,v,img/target_5.png
30,3,937,modular,5,r,img/target_4.png
30,3,938,modular,8,o,img/target_9.png
30,3,939,modular,7,q,img/target_1.png
30,3,940,modular,9,b,img/target_6.png
30,3,941,modular,0,w,img/target_2.png
30,3,942,modular,2,i,img/target_8.png
30,3,943,modular,0,w,img/target_2.png
30,3,944,modular,9,b,img/target_6.png
30,3,945,modular,0,w,img/target_2.png
30,3,946,modular,2,i,img/target_8.png
30,3,947,modular,0,w,img/target_2.png
30,3,948,modular,3,p,img/target_10.png
30,3,949,modular,0,w,img/target_2.png
30,3,950,modular,1,u,img/target_7.png
30,3,951,modular,2,i,img/target_8.png
30,3,952,modular,4,e,img/target_3.png
30,3,953,modular,3,p,img/target_10.png
30,3,954,modular,0,w,img/target_2.png
30,3,955,modular,2,i,img/target_8.png
30,3,956,modular,4,e,img/target_3.png
30,3,957,modular,1,u,img/target_7.png
30,3,958,modular,3,p,img/target_10.png
30,3,959,modular,4,e,img/target_3.png
30,3,960,modular,1,u,img/target_7.png
30,3,961,modular,2,i,img/target_8.png
30,3,962,modular,0,w,img/target_2.png
30,3,963,modular,1,u,img/target_7.png
30,3,964,modular,3,p,img/target_10.png
30,3,965,modular,2,i,img/target_8.png
30,3,966,modular,4,e,img/target_3.png
30,3,967,modular,3,p,img/target_10.png
30,3,968,modular,2,i,img/target_8.png
30,3,969,modular,0,w,img/target_2.png
30,3,970,modular,2,i,img/target_8.png
30,3,971,modular,0,w,img/target_2.png
30,3,972,modular,3,p,img/target_10.png
30,3,973,modular,4,e,img/target_3.png
30,3,974,modular,5,r,img/target_4.png
30,3,975,modular,8,o,img/target_9.png
30,3,976,modular,7,q,img/target_1.png
30,3,977,modular,6,v,img/target_5.png
30,3,978,modular,5,r,img/target_4.png
30,3,979,modular,6,v,img/target_5.png
30,3,980,modular,9,b,img/target_6.png
30,3,981,modular,0,w,img/target_2.png
30,3,982,modular,1,u,img/target_7.png
30,3,983,modular,3,p,img/target_10.png
30,3,984,modular,4,e,img/target_3.png
30,3,985,modular,3,p,img/target_10.png
30,3,986,modular,4,e,img/target_3.png
30,3,987,modular,1,u,img/target_7.png
30,3,988,modular,2,i,img/target_8.png
30,3,989,modular,1,u,img/target_7.png
30,3,990,modular,4,e,img/target_3.png
30,3,991,modular,1,u,img/target_7.png
30,3,992,modular,3,p,img/target_10.png
30,3,993,modular,2,i,img/target_8.png
30,3,994,modular,3,p,img/target_10.png
30,3,995,modular,1,u,img/target_7.png
30,3,996,modular,2,i,img/target_8.png
30,3,997,modular,3,p,img/target_10.png
30,3,998,modular,4,e,img/target_3.png
30,3,999,modular,3,p,img/target_10.png
30,3,1000,modular,1,u,img/target_7.png
