pID,sess,trialNum,graph,walk,resp,path
30,2,1,modular,3,p,img/target_10.png
30,2,2,modular,4,e,img/target_3.png
30,2,3,modular,3,p,img/target_10.png
30,2,4,modular,2,i,img/target_8.png
30,2,5,modular,4,e,img/target_3.png
30,2,6,modular,3,p,img/target_10.png
30,2,7,modular,1,u,img/target_7.png
30,2,8,modular,2,i,img/target_8.png
30,2,9,modular,4,e,img/target_3.png
30,2,10,modular,5,r,img/target_4.png
30,2,11,modular,8,o,img/target_9.png
30,2,12,modular,7,q,img/target_1.png
30,2,13,modular,9,b,img/target_6.png
30,2,14,modular,8,o,img/target_9.png
30,2,15,modular,7,q,img/target_1.png
30,2,16,modular,8,o,img/target_9.png
30,2,17,modular,9,b,img/target_6.png
30,2,18,modular,7,q,img/target_1.png
30,2,19,modular,9,b,img/target_6.png
30,2,20,modular,6,v,img/target_5.png
30,2,21,modular,8,o,img/target_9.png
30,2,22,modular,5,r,img/target_4.png
30,2,23,modular,4,e,img/target_3.png
30,2,24,modular,2,i,img/target_8.png
30,2,25,modular,3,p,img/target_10.png
30,2,26,modular,0,w,img/target_2.png
30,2,27,modular,3,p,img/target_10.png
30,2,28,modular,2,i,img/target_8.png
30,2,29,modular,3,p,img/target_10.png
30,2,30,modular,4,e,img/target_3.png
30,2,31,modular,5,r,img/target_4.png
30,2,32,modular,7,q,img/target_1.png
30,2,33,modular,9,b,img/target_6.png
30,2,34,modular,0,w,img/target_2.png
30,2,35,modular,3,p,img/target_10.png
30,2,36,modular,2,i,img/target_8.png
30,2,37,modular,3,p,img/target_10.png
30,2,38,modular,1,u,img/target_7.png
30,2,39,modular,4,e,img/target_3.png
30,2,40,modular,2,i,img/target_8.png
30,2,41,modular,4,e,img/target_3.png
30,2,42,modular,1,u,img/target_7.png
30,2,43,modular,2,i,img/target_8.png
30,2,44,modular,4,e,img/target_3.png
30,2,45,modular,1,u,img/target_7.png
30,2,46,modular,4,e,img/target_3.png
30,2,47,modular,5,r,img/target_4.png
30,2,48,modular,4,e,img/target_3.png
30,2,49,modular,5,r,img/target_4.png
30,2,50,modular,8,o,img/target_9.png
30,2,51,modular,6,v,img/target_5.png
30,2,52,modular,7,q,img/target_1.png
30,2,53,modular,8,o,img/target_9.png
30,2,54,modular,5,r,img/target_4.png
30,2,55,modular,4,e,img/target_3.png
30,2,56,modular,5,r,img/target_4.png
30,2,57,modular,7,q,img/target_1.png
30,2,58,modular,6,v,img/target_5.png
30,2,59,modular,5,r,img/target_4.png
30,2,60,modular,7,q,img/target_1.png
30,2,61,modular,8,o,img/target_9.png
30,2,62,modular,7,q,img/target_1.png
30,2,63,modular,5,r,img/target_4.png
30,2,64,modular,8,o,img/target_9.png
30,2,65,modular,5,r,img/target_4.png
30,2,66,modular,4,e,img/target_3.png
30,2,67,modular,2,i,img/target_8.png
30,2,68,modular,3,p,img/target_10.png
30,2,69,modular,2,i,img/target_8.png
30,2,70,modular,0,w,img/target_2.png
30,2,71,modular,2,i,img/target_8.png
30,2,72,modular,4,e,img/target_3.png
30,2,73,modular,2,i,img/target_8.png
30,2,74,modular,1,u,img/target_7.png
30,2,75,modular,0,w,img/target_2.png
30,2,76,modular,3,p,img/target_10.png
30,2,77,modular,2,i,img/target_8.png
30,2,78,modular,0,w,img/target_2.png
30,2,79,modular,3,p,img/target_10.png
30,2,80,modular,1,u,img/target_7.png
30,2,81,modular,3,p,img/target_10.png
30,2,82,modular,2,i,img/target_8.png
30,2,83,modular,0,w,img/target_2.png
30,2,84,modular,9,b,img/target_6.png
30,2,85,modular,0,w,img/target_2.png
30,2,86,modular,2,i,img/target_8.png
30,2,87,modular,0,w,img/target_2.png
30,2,88,modular,1,u,img/target_7.png
30,2,89,modular,3,p,img/target_10.png
30,2,90,modular,1,u,img/target_7.png
30,2,91,modular,0,w,img/target_2.png
30,2,92,modular,9,b,img/target_6.png
30,2,93,modular,6,v,img/target_5.png
30,2,94,modular,9,b,img/target_6.png
30,2,95,modular,0,w,img/target_2.png
30,2,96,modular,1,u,img/target_7.png
30,2,97,modular,2,i,img/target_8.png
30,2,98,modular,3,p,img/target_10.png
30,2,99,modular,0,w,img/target_2.png
30,2,100,modular,2,i,img/target_8.png
30,2,101,modular,3,p,img/target_10.png
30,2,102,modular,0,w,img/target_2.png
30,2,103,modular,2,i,img/target_8.png
30,2,104,modular,0,w,img/target_2.png
30,2,105,modular,1,u,img/target_7.png
30,2,106,modular,4,e,img/target_3.png
30,2,107,modular,5,r,img/target_4.png
30,2,108,modular,7,q,img/target_1.png
30,2,109,modular,5,r,img/target_4.png
30,2,110,modular,7,q,img/target_1.png
30,2,111,modular,6,v,img/target_5.png
30,2,112,modular,8,o,img/target_9.png
30,2,113,modular,5,r,img/target_4.png
30,2,114,modular,4,e,img/target_3.png
30,2,115,modular,1,u,img/target_7.png
30,2,116,modular,0,w,img/target_2.png
30,2,117,modular,1,u,img/target_7.png
30,2,118,modular,2,i,img/target_8.png
30,2,119,modular,3,p,img/target_10.png
30,2,120,modular,4,e,img/target_3.png
30,2,121,modular,5,r,img/target_4.png
30,2,122,modular,8,o,img/target_9.png
30,2,123,modular,7,q,img/target_1.png
30,2,124,modular,8,o,img/target_9.png
30,2,125,modular,7,q,img/target_1.png
30,2,126,modular,9,b,img/target_6.png
30,2,127,modular,8,o,img/target_9.png
30,2,128,modular,5,r,img/target_4.png
30,2,129,modular,6,v,img/target_5.png
30,2,130,modular,9,b,img/target_6.png
30,2,131,modular,0,w,img/target_2.png
30,2,132,modular,3,p,img/target_10.png
30,2,133,modular,1,u,img/target_7.png
30,2,134,modular,3,p,img/target_10.png
30,2,135,modular,1,u,img/target_7.png
30,2,136,modular,4,e,img/target_3.png
30,2,137,modular,2,i,img/target_8.png
30,2,138,modular,0,w,img/target_2.png
30,2,139,modular,2,i,img/target_8.png
30,2,140,modular,3,p,img/target_10.png
30,2,141,modular,0,w,img/target_2.png
30,2,142,modular,1,u,img/target_7.png
30,2,143,modular,2,i,img/target_8.png
30,2,144,modular,1,u,img/target_7.png
30,2,145,modular,4,e,img/target_3.png
30,2,146,modular,1,u,img/target_7.png
30,2,147,modular,0,w,img/target_2.png
30,2,148,modular,9,b,img/target_6.png
30,2,149,modular,0,w,img/target_2.png
30,2,150,modular,2,i,img/target_8.png
30,2,151,modular,1,u,img/target_7.png
30,2,152,modular,4,e,img/target_3.png
30,2,153,modular,1,u,img/target_7.png
30,2,154,modular,3,p,img/target_10.png
30,2,155,modular,4,e,img/target_3.png
30,2,156,modular,5,r,img/target_4.png
30,2,157,modular,6,v,img/target_5.png
30,2,158,modular,8,o,img/target_9.png
30,2,159,modular,9,b,img/target_6.png
30,2,160,modular,8,o,img/target_9.png
30,2,161,modular,9,b,img/target_6.png
30,2,162,modular,7,q,img/target_1.png
30,2,163,modular,8,o,img/target_9.png
30,2,164,modular,9,b,img/target_6.png
30,2,165,modular,8,o,img/target_9.png
30,2,166,modular,7,q,img/target_1.png
30,2,167,modular,9,b,img/target_6.png
30,2,168,modular,8,o,img/target_9.png
30,2,169,modular,7,q,img/target_1.png
30,2,170,modular,8,o,img/target_9.png
30,2,171,modular,5,r,img/target_4.png
30,2,172,modular,6,v,img/target_5.png
30,2,173,modular,8,o,img/target_9.png
30,2,174,modular,5,r,img/target_4.png
30,2,175,modular,4,e,img/target_3.png
30,2,176,modular,5,r,img/target_4.png
30,2,177,modular,6,v,img/target_5.png
30,2,178,modular,8,o,img/target_9.png
30,2,179,modular,9,b,img/target_6.png
30,2,180,modular,6,v,img/target_5.png
30,2,181,modular,5,r,img/target_4.png
30,2,182,modular,7,q,img/target_1.png
30,2,183,modular,8,o,img/target_9.png
30,2,184,modular,7,q,img/target_1.png
30,2,185,modular,5,r,img/target_4.png
30,2,186,modular,7,q,img/target_1.png
30,2,187,modular,6,v,img/target_5.png
30,2,188,modular,9,b,img/target_6.png
30,2,189,modular,6,v,img/target_5.png
30,2,190,modular,5,r,img/target_4.png
30,2,191,modular,8,o,img/target_9.png
30,2,192,modular,6,v,img/target_5.png
30,2,193,modular,9,b,img/target_6.png
30,2,194,modular,7,q,img/target_1.png
30,2,195,modular,8,o,img/target_9.png
30,2,196,modular,6,v,img/target_5.png
30,2,197,modular,7,q,img/target_1.png
30,2,198,modular,8,o,img/target_9.png
30,2,199,modular,5,r,img/target_4.png
30,2,200,modular,8,o,img/target_9.png
30,2,201,modular,7,q,img/target_1.png
30,2,202,modular,5,r,img/target_4.png
30,2,203,modular,7,q,img/target_1.png
30,2,204,modular,6,v,img/target_5.png
30,2,205,modular,8,o,img/target_9.png
30,2,206,modular,7,q,img/target_1.png
30,2,207,modular,8,o,img/target_9.png
30,2,208,modular,9,b,img/target_6.png
30,2,209,modular,8,o,img/target_9.png
30,2,210,modular,6,v,img/target_5.png
30,2,211,modular,5,r,img/target_4.png
30,2,212,modular,7,q,img/target_1.png
30,2,213,modular,8,o,img/target_9.png
30,2,214,modular,6,v,img/target_5.png
30,2,215,modular,8,o,img/target_9.png
30,2,216,modular,9,b,img/target_6.png
30,2,217,modular,8,o,img/target_9.png
30,2,218,modular,9,b,img/target_6.png
30,2,219,modular,6,v,img/target_5.png
30,2,220,modular,5,r,img/target_4.png
30,2,221,modular,4,e,img/target_3.png
30,2,222,modular,3,p,img/target_10.png
30,2,223,modular,0,w,img/target_2.png
30,2,224,modular,3,p,img/target_10.png
30,2,225,modular,1,u,img/target_7.png
30,2,226,modular,2,i,img/target_8.png
30,2,227,modular,4,e,img/target_3.png
30,2,228,modular,5,r,img/target_4.png
30,2,229,modular,8,o,img/target_9.png
30,2,230,modular,6,v,img/target_5.png
30,2,231,modular,9,b,img/target_6.png
30,2,232,modular,7,q,img/target_1.png
30,2,233,modular,8,o,img/target_9.png
30,2,234,modular,6,v,img/target_5.png
30,2,235,modular,9,b,img/target_6.png
30,2,236,modular,0,w,img/target_2.png
30,2,237,modular,1,u,img/target_7.png
30,2,238,modular,3,p,img/target_10.png
30,2,239,modular,4,e,img/target_3.png
30,2,240,modular,3,p,img/target_10.png
30,2,241,modular,1,u,img/target_7.png
30,2,242,modular,3,p,img/target_10.png
30,2,243,modular,0,w,img/target_2.png
30,2,244,modular,2,i,img/target_8.png
30,2,245,modular,3,p,img/target_10.png
30,2,246,modular,1,u,img/target_7.png
30,2,247,modular,2,i,img/target_8.png
30,2,248,modular,1,u,img/target_7.png
30,2,249,modular,4,e,img/target_3.png
30,2,250,modular,3,p,img/target_10.png
30,2,251,modular,2,i,img/target_8.png
30,2,252,modular,4,e,img/target_3.png
30,2,253,modular,1,u,img/target_7.png
30,2,254,modular,3,p,img/target_10.png
30,2,255,modular,0,w,img/target_2.png
30,2,256,modular,2,i,img/target_8.png
30,2,257,modular,0,w,img/target_2.png
30,2,258,modular,1,u,img/target_7.png
30,2,259,modular,2,i,img/target_8.png
30,2,260,modular,0,w,img/target_2.png
30,2,261,modular,9,b,img/target_6.png
30,2,262,modular,6,v,img/target_5.png
30,2,263,modular,7,q,img/target_1.png
30,2,264,modular,5,r,img/target_4.png
30,2,265,modular,8,o,img/target_9.png
30,2,266,modular,5,r,img/target_4.png
30,2,267,modular,4,e,img/target_3.png
30,2,268,modular,3,p,img/target_10.png
30,2,269,modular,4,e,img/target_3.png
30,2,270,modular,5,r,img/target_4.png
30,2,271,modular,6,v,img/target_5.png
30,2,272,modular,5,r,img/target_4.png
30,2,273,modular,6,v,img/target_5.png
30,2,274,modular,7,q,img/target_1.png
30,2,275,modular,8,o,img/target_9.png
30,2,276,modular,9,b,img/target_6.png
30,2,277,modular,8,o,img/target_9.png
30,2,278,modular,9,b,img/target_6.png
30,2,279,modular,0,w,img/target_2.png
30,2,280,modular,2,i,img/target_8.png
30,2,281,modular,4,e,img/target_3.png
30,2,282,modular,1,u,img/target_7.png
30,2,283,modular,3,p,img/target_10.png
30,2,284,modular,4,e,img/target_3.png
30,2,285,modular,5,r,img/target_4.png
30,2,286,modular,6,v,img/target_5.png
30,2,287,modular,8,o,img/target_9.png
30,2,288,modular,9,b,img/target_6.png
30,2,289,modular,7,q,img/target_1.png
30,2,290,modular,6,v,img/target_5.png
30,2,291,modular,8,o,img/target_9.png
30,2,292,modular,9,b,img/target_6.png
30,2,293,modular,7,q,img/target_1.png
30,2,294,modular,9,b,img/target_6.png
30,2,295,modular,6,v,img/target_5.png
30,2,296,modular,5,r,img/target_4.png
30,2,297,modular,7,q,img/target_1.png
30,2,298,modular,8,o,img/target_9.png
30,2,299,modular,5,r,img/target_4.png
30,2,300,modular,4,e,img/target_3.png
30,2,301,modular,5,r,img/target_4.png
30,2,302,modular,4,e,img/target_3.png
30,2,303,modular,2,i,img/target_8.png
30,2,304,modular,4,e,img/target_3.png
30,2,305,modular,5,r,img/target_4.png
30,2,306,modular,8,o,img/target_9.png
30,2,307,modular,6,v,img/target_5.png
30,2,308,modular,5,r,img/target_4.png
30,2,309,modular,4,e,img/target_3.png
30,2,310,modular,5,r,img/target_4.png
30,2,311,modular,8,o,img/target_9.png
30,2,312,modular,5,r,img/target_4.png
30,2,313,modular,8,o,img/target_9.png
30,2,314,modular,6,v,img/target_5.png
30,2,315,modular,7,q,img/target_1.png
30,2,316,modular,9,b,img/target_6.png
30,2,317,modular,0,w,img/target_2.png
30,2,318,modular,3,p,img/target_10.png
30,2,319,modular,0,w,img/target_2.png
30,2,320,modular,9,b,img/target_6.png
30,2,321,modular,7,q,img/target_1.png
30,2,322,modular,8,o,img/target_9.png
30,2,323,modular,9,b,img/target_6.png
30,2,324,modular,0,w,img/target_2.png
30,2,325,modular,3,p,img/target_10.png
30,2,326,modular,0,w,img/target_2.png
30,2,327,modular,3,p,img/target_10.png
30,2,328,modular,2,i,img/target_8.png
30,2,329,modular,0,w,img/target_2.png
30,2,330,modular,2,i,img/target_8.png
30,2,331,modular,3,p,img/target_10.png
30,2,332,modular,0,w,img/target_2.png
30,2,333,modular,1,u,img/target_7.png
30,2,334,modular,2,i,img/target_8.png
30,2,335,modular,0,w,img/target_2.png
30,2,336,modular,9,b,img/target_6.png
30,2,337,modular,8,o,img/target_9.png
30,2,338,modular,7,q,img/target_1.png
30,2,339,modular,6,v,img/target_5.png
30,2,340,modular,9,b,img/target_6.png
30,2,341,modular,7,q,img/target_1.png
30,2,342,modular,9,b,img/target_6.png
30,2,343,modular,8,o,img/target_9.png
30,2,344,modular,5,r,img/target_4.png
30,2,345,modular,8,o,img/target_9.png
30,2,346,modular,7,q,img/target_1.png
30,2,347,modular,5,r,img/target_4.png
30,2,348,modular,7,q,img/target_1.png
30,2,349,modular,8,o,img/target_9.png
30,2,350,modular,7,q,img/target_1.png
30,2,351,modular,8,o,img/target_9.png
30,2,352,modular,6,v,img/target_5.png
30,2,353,modular,5,r,img/target_4.png
30,2,354,modular,7,q,img/target_1.png
30,2,355,modular,6,v,img/target_5.png
30,2,356,modular,9,b,img/target_6.png
30,2,357,modular,7,q,img/target_1.png
30,2,358,modular,5,r,img/target_4.png
30,2,359,modular,6,v,img/target_5.png
30,2,360,modular,9,b,img/target_6.png
30,2,361,modular,6,v,img/target_5.png
30,2,362,modular,9,b,img/target_6.png
30,2,363,modular,7,q,img/target_1.png
30,2,364,modular,5,r,img/target_4.png
30,2,365,modular,6,v,img/target_5.png
30,2,366,modular,5,r,img/target_4.png
30,2,367,modular,4,e,img/target_3.png
30,2,368,modular,5,r,img/target_4.png
30,2,369,modular,7,q,img/target_1.png
30,2,370,modular,5,r,img/target_4.png
30,2,371,modular,6,v,img/target_5.png
30,2,372,modular,7,q,img/target_1.png
30,2,373,modular,5,r,img/target_4.png
30,2,374,modular,7,q,img/target_1.png
30,2,375,modular,5,r,img/target_4.png
30,2,376,modular,4,e,img/target_3.png
30,2,377,modular,5,r,img/target_4.png
30,2,378,modular,8,o,img/target_9.png
30,2,379,modular,6,v,img/target_5.png
30,2,380,modular,7,q,img/target_1.png
30,2,381,modular,5,r,img/target_4.png
30,2,382,modular,4,e,img/target_3.png
30,2,383,modular,2,i,img/target_8.png
30,2,384,modular,3,p,img/target_10.png
30,2,385,modular,2,i,img/target_8.png
30,2,386,modular,4,e,img/target_3.png
30,2,387,modular,1,u,img/target_7.png
30,2,388,modular,3,p,img/target_10.png
30,2,389,modular,2,i,img/target_8.png
30,2,390,modular,4,e,img/target_3.png
30,2,391,modular,1,u,img/target_7.png
30,2,392,modular,3,p,img/target_10.png
30,2,393,modular,4,e,img/target_3.png
30,2,394,modular,3,p,img/target_10.png
30,2,395,modular,2,i,img/target_8.png
30,2,396,modular,1,u,img/target_7.png
30,2,397,modular,0,w,img/target_2.png
30,2,398,modular,9,b,img/target_6.png
30,2,399,modular,0,w,img/target_2.png
30,2,400,modular,9,b,img/target_6.png
30,2,401,modular,8,o,img/target_9.png
30,2,402,modular,9,b,img/target_6.png
30,2,403,modular,8,o,img/target_9.png
30,2,404,modular,5,r,img/target_4.png
30,2,405,modular,4,e,img/target_3.png
30,2,406,modular,2,i,img/target_8.png
30,2,407,modular,4,e,img/target_3.png
30,2,408,modular,1,u,img/target_7.png
30,2,409,modular,0,w,img/target_2.png
30,2,410,modular,9,b,img/target_6.png
30,2,411,modular,6,v,img/target_5.png
30,2,412,modular,5,r,img/target_4.png
30,2,413,modular,8,o,img/target_9.png
30,2,414,modular,6,v,img/target_5.png
30,2,415,modular,5,r,img/target_4.png
30,2,416,modular,7,q,img/target_1.png
30,2,417,modular,8,o,img/target_9.png
30,2,418,modular,6,v,img/target_5.png
30,2,419,modular,8,o,img/target_9.png
30,2,420,modular,6,v,img/target_5.png
30,2,421,modular,9,b,img/target_6.png
30,2,422,modular,7,q,img/target_1.png
30,2,423,modular,8,o,img/target_9.png
30,2,424,modular,9,b,img/target_6.png
30,2,425,modular,6,v,img/target_5.png
30,2,426,modular,7,q,img/target_1.png
30,2,427,modular,5,r,img/target_4.png
30,2,428,modular,6,v,img/target_5.png
30,2,429,modular,5,r,img/target_4.png
30,2,430,modular,6,v,img/target_5.png
30,2,431,modular,5,r,img/target_4.png
30,2,432,modular,4,e,img/target_3.png
30,2,433,modular,2,i,img/target_8.png
30,2,434,modular,4,e,img/target_3.png
30,2,435,modular,1,u,img/target_7.png
30,2,436,modular,4,e,img/target_3.png
30,2,437,modular,3,p,img/target_10.png
30,2,438,modular,0,w,img/target_2.png
30,2,439,modular,1,u,img/target_7.png
30,2,440,modular,0,w,img/target_2.png
30,2,441,modular,9,b,img/target_6.png
30,2,442,modular,7,q,img/target_1.png
30,2,443,modular,9,b,img/target_6.png
30,2,444,modular,7,q,img/target_1.png
30,2,445,modular,8,o,img/target_9.png
30,2,446,modular,7,q,img/target_1.png
30,2,447,modular,8,o,img/target_9.png
30,2,448,modular,7,q,img/target_1.png
30,2,449,modular,5,r,img/target_4.png
30,2,450,modular,8,o,img/target_9.png
30,2,451,modular,5,r,img/target_4.png
30,2,452,modular,6,v,img/target_5.png
30,2,453,modular,5,r,img/target_4.png
30,2,454,modular,7,q,img/target_1.png
30,2,455,modular,6,v,img/target_5.png
30,2,456,modular,5,r,img/target_4.png
30,2,457,modular,4,e,img/target_3.png
30,2,458,modular,1,u,img/target_7.png
30,2,459,modular,3,p,img/target_10.png
30,2,460,modular,1,u,img/target_7.png
30,2,461,modular,4,e,img/target_3.png
30,2,462,modular,5,r,img/target_4.png
30,2,463,modular,6,v,img/target_5.png
30,2,464,modular,5,r,img/target_4.png
30,2,465,modular,6,v,img/target_5.png
30,2,466,modular,7,q,img/target_1.png
30,2,467,modular,9,b,img/target_6.png
30,2,468,modular,0,w,img/target_2.png
30,2,469,modular,2,i,img/target_8.png
30,2,470,modular,3,p,img/target_10.png
30,2,471,modular,2,i,img/target_8.png
30,2,472,modular,4,e,img/target_3.png
30,2,473,modular,5,r,img/target_4.png
30,2,474,modular,7,q,img/target_1.png
30,2,475,modular,5,r,img/target_4.png
30,2,476,modular,6,v,img/target_5.png
30,2,477,modular,9,b,img/target_6.png
30,2,478,modular,7,q,img/target_1.png
30,2,479,modular,9,b,img/target_6.png
30,2,480,modular,6,v,img/target_5.png
30,2,481,modular,8,o,img/target_9.png
30,2,482,modular,5,r,img/target_4.png
30,2,483,modular,7,q,img/target_1.png
30,2,484,modular,8,o,img/target_9.png
30,2,485,modular,9,b,img/target_6.png
30,2,486,modular,6,v,img/target_5.png
30,2,487,modular,5,r,img/target_4.png
30,2,488,modular,8,o,img/target_9.png
30,2,489,modular,9,b,img/target_6.png
30,2,490,modular,7,q,img/target_1.png
30,2,491,modular,8,o,img/target_9.png
30,2,492,modular,6,v,img/target_5.png
30,2,493,modular,5,r,img/target_4.png
30,2,494,modular,4,e,img/target_3.png
30,2,495,modular,1,u,img/target_7.png
30,2,496,modular,0,w,img/target_2.png
30,2,497,modular,2,i,img/target_8.png
30,2,498,modular,3,p,img/target_10.png
30,2,499,modular,4,e,img/target_3.png
30,2,500,modular,3,p,img/target_10.png
30,2,501,modular,2,i,img/target_8.png
30,2,502,modular,0,w,img/target_2.png
30,2,503,modular,2,i,img/target_8.png
30,2,504,modular,4,e,img/target_3.png
30,2,505,modular,5,r,img/target_4.png
30,2,506,modular,4,e,img/target_3.png
30,2,507,modular,3,p,img/target_10.png
30,2,508,modular,2,i,img/target_8.png
30,2,509,modular,4,e,img/target_3.png
30,2,510,modular,3,p,img/target_10.png
30,2,511,modular,0,w,img/target_2.png
30,2,512,modular,9,b,img/target_6.png
30,2,513,modular,7,q,img/target_1.png
30,2,514,modular,6,v,img/target_5.png
30,2,515,modular,9,b,img/target_6.png
30,2,516,modular,8,o,img/target_9.png
30,2,517,modular,7,q,img/target_1.png
30,2,518,modular,5,r,img/target_4.png
30,2,519,modular,4,e,img/target_3.png
30,2,520,modular,2,i,img/target_8.png
30,2,521,modular,1,u,img/target_7.png
30,2,522,modular,2,i,img/target_8.png
30,2,523,modular,1,u,img/target_7.png
30,2,524,modular,2,i,img/target_8.png
30,2,525,modular,3,p,img/target_10.png
30,2,526,modular,2,i,img/target_8.png
30,2,527,modular,3,p,img/target_10.png
30,2,528,modular,2,i,img/target_8.png
30,2,529,modular,1,u,img/target_7.png
30,2,530,modular,2,i,img/target_8.png
30,2,531,modular,4,e,img/target_3.png
30,2,532,modular,1,u,img/target_7.png
30,2,533,modular,4,e,img/target_3.png
30,2,534,modular,2,i,img/target_8.png
30,2,535,modular,3,p,img/target_10.png
30,2,536,modular,0,w,img/target_2.png
30,2,537,modular,1,u,img/target_7.png
30,2,538,modular,0,w,img/target_2.png
30,2,539,modular,9,b,img/target_6.png
30,2,540,modular,6,v,img/target_5.png
30,2,541,modular,5,r,img/target_4.png
30,2,542,modular,7,q,img/target_1.png
30,2,543,modular,5,r,img/target_4.png
30,2,544,modular,4,e,img/target_3.png
30,2,545,modular,5,r,img/target_4.png
30,2,546,modular,7,q,img/target_1.png
30,2,547,modular,9,b,img/target_6.png
30,2,548,modular,0,w,img/target_2.png
30,2,549,modular,2,i,img/target_8.png
30,2,550,modular,0,w,img/target_2.png
30,2,551,modular,1,u,img/target_7.png
30,2,552,modular,2,i,img/target_8.png
30,2,553,modular,4,e,img/target_3.png
30,2,554,modular,1,u,img/target_7.png
30,2,555,modular,0,w,img/target_2.png
30,2,556,modular,3,p,img/target_10.png
30,2,557,modular,1,u,img/target_7.png
30,2,558,modular,3,p,img/target_10.png
30,2,559,modular,0,w,img/target_2.png
30,2,560,modular,2,i,img/target_8.png
30,2,561,modular,4,e,img/target_3.png
30,2,562,modular,2,i,img/target_8.png
30,2,563,modular,1,u,img/target_7.png
30,2,564,modular,0,w,img/target_2.png
30,2,565,modular,2,i,img/target_8.png
30,2,566,modular,3,p,img/target_10.png
30,2,567,modular,0,w,img/target_2.png
30,2,568,modular,2,i,img/target_8.png
30,2,569,modular,3,p,img/target_10.png
30,2,570,modular,1,u,img/target_7.png
30,2,571,modular,3,p,img/target_10.png
30,2,572,modular,0,w,img/target_2.png
30,2,573,modular,3,p,img/target_10.png
30,2,574,modular,0,w,img/target_2.png
30,2,575,modular,9,b,img/target_6.png
30,2,576,modular,7,q,img/target_1.png
30,2,577,modular,5,r,img/target_4.png
30,2,578,modular,6,v,img/target_5.png
30,2,579,modular,8,o,img/target_9.png
30,2,580,modular,9,b,img/target_6.png
30,2,581,modular,6,v,img/target_5.png
30,2,582,modular,8,o,img/target_9.png
30,2,583,modular,6,v,img/target_5.png
30,2,584,modular,7,q,img/target_1.png
30,2,585,modular,6,v,img/target_5.png
30,2,586,modular,7,q,img/target_1.png
30,2,587,modular,6,v,img/target_5.png
30,2,588,modular,8,o,img/target_9.png
30,2,589,modular,7,q,img/target_1.png
30,2,590,modular,5,r,img/target_4.png
30,2,591,modular,7,q,img/target_1.png
30,2,592,modular,9,b,img/target_6.png
30,2,593,modular,7,q,img/target_1.png
30,2,594,modular,9,b,img/target_6.png
30,2,595,modular,8,o,img/target_9.png
30,2,596,modular,6,v,img/target_5.png
30,2,597,modular,7,q,img/target_1.png
30,2,598,modular,5,r,img/target_4.png
30,2,599,modular,4,e,img/target_3.png
30,2,600,modular,5,r,img/target_4.png
30,2,601,modular,8,o,img/target_9.png
30,2,602,modular,6,v,img/target_5.png
30,2,603,modular,5,r,img/target_4.png
30,2,604,modular,6,v,img/target_5.png
30,2,605,modular,5,r,img/target_4.png
30,2,606,modular,8,o,img/target_9.png
30,2,607,modular,7,q,img/target_1.png
30,2,608,modular,8,o,img/target_9.png
30,2,609,modular,7,q,img/target_1.png
30,2,610,modular,6,v,img/target_5.png
30,2,611,modular,8,o,img/target_9.png
30,2,612,modular,7,q,img/target_1.png
30,2,613,modular,8,o,img/target_9.png
30,2,614,modular,7,q,img/target_1.png
30,2,615,modular,5,r,img/target_4.png
30,2,616,modular,4,e,img/target_3.png
30,2,617,modular,2,i,img/target_8.png
30,2,618,modular,0,w,img/target_2.png
30,2,619,modular,9,b,img/target_6.png
30,2,620,modular,0,w,img/target_2.png
30,2,621,modular,3,p,img/target_10.png
30,2,622,modular,0,w,img/target_2.png
30,2,623,modular,1,u,img/target_7.png
30,2,624,modular,2,i,img/target_8.png
30,2,625,modular,1,u,img/target_7.png
30,2,626,modular,4,e,img/target_3.png
30,2,627,modular,5,r,img/target_4.png
30,2,628,modular,7,q,img/target_1.png
30,2,629,modular,8,o,img/target_9.png
30,2,630,modular,6,v,img/target_5.png
30,2,631,modular,7,q,img/target_1.png
30,2,632,modular,8,o,img/target_9.png
30,2,633,modular,9,b,img/target_6.png
30,2,634,modular,8,o,img/target_9.png
30,2,635,modular,9,b,img/target_6.png
30,2,636,modular,7,q,img/target_1.png
30,2,637,modular,6,v,img/target_5.png
30,2,638,modular,8,o,img/target_9.png
30,2,639,modular,7,q,img/target_1.png
30,2,640,modular,5,r,img/target_4.png
30,2,641,modular,7,q,img/target_1.png
30,2,642,modular,6,v,img/target_5.png
30,2,643,modular,7,q,img/target_1.png
30,2,644,modular,5,r,img/target_4.png
30,2,645,modular,4,e,img/target_3.png
30,2,646,modular,2,i,img/target_8.png
30,2,647,modular,1,u,img/target_7.png
30,2,648,modular,3,p,img/target_10.png
30,2,649,modular,2,i,img/target_8.png
30,2,650,modular,1,u,img/target_7.png
30,2,651,modular,0,w,img/target_2.png
30,2,652,modular,2,i,img/target_8.png
30,2,653,modular,0,w,img/target_2.png
30,2,654,modular,9,b,img/target_6.png
30,2,655,modular,0,w,img/target_2.png
30,2,656,modular,2,i,img/target_8.png
30,2,657,modular,0,w,img/target_2.png
30,2,658,modular,3,p,img/target_10.png
30,2,659,modular,0,w,img/target_2.png
30,2,660,modular,9,b,img/target_6.png
30,2,661,modular,6,v,img/target_5.png
30,2,662,modular,5,r,img/target_4.png
30,2,663,modular,8,o,img/target_9.png
30,2,664,modular,7,q,img/target_1.png
30,2,665,modular,5,r,img/target_4.png
30,2,666,modular,8,o,img/target_9.png
30,2,667,modular,9,b,img/target_6.png
30,2,668,modular,7,q,img/target_1.png
30,2,669,modular,5,r,img/target_4.png
30,2,670,modular,6,v,img/target_5.png
30,2,671,modular,9,b,img/target_6.png
30,2,672,modular,8,o,img/target_9.png
30,2,673,modular,5,r,img/target_4.png
30,2,674,modular,6,v,img/target_5.png
30,2,675,modular,9,b,img/target_6.png
30,2,676,modular,7,q,img/target_1.png
30,2,677,modular,6,v,img/target_5.png
30,2,678,modular,7,q,img/target_1.png
30,2,679,modular,8,o,img/target_9.png
30,2,680,modular,6,v,img/target_5.png
30,2,681,modular,9,b,img/target_6.png
30,2,682,modular,8,o,img/target_9.png
30,2,683,modular,6,v,img/target_5.png
30,2,684,modular,8,o,img/target_9.png
30,2,685,modular,5,r,img/target_4.png
30,2,686,modular,6,v,img/target_5.png
30,2,687,modular,5,r,img/target_4.png
30,2,688,modular,6,v,img/target_5.png
30,2,689,modular,5,r,img/target_4.png
30,2,690,modular,7,q,img/target_1.png
30,2,691,modular,6,v,img/target_5.png
30,2,692,modular,5,r,img/target_4.png
30,2,693,modular,4,e,img/target_3.png
30,2,694,modular,3,p,img/target_10.png
30,2,695,modular,1,u,img/target_7.png
30,2,696,modular,0,w,img/target_2.png
30,2,697,modular,3,p,img/target_10.png
30,2,698,modular,0,w,img/target_2.png
30,2,699,modular,3,p,img/target_10.png
30,2,700,modular,4,e,img/target_3.png
30,2,701,modular,2,i,img/target_8.png
30,2,702,modular,4,e,img/target_3.png
30,2,703,modular,3,p,img/target_10.png
30,2,704,modular,1,u,img/target_7.png
30,2,705,modular,0,w,img/target_2.png
30,2,706,modular,9,b,img/target_6.png
30,2,707,modular,6,v,img/target_5.png
30,2,708,modular,8,o,img/target_9.png
30,2,709,modular,7,q,img/target_1.png
30,2,710,modular,5,r,img/target_4.png
30,2,711,modular,4,e,img/target_3.png
30,2,712,modular,2,i,img/target_8.png
30,2,713,modular,3,p,img/target_10.png
30,2,714,modular,4,e,img/target_3.png
30,2,715,modular,3,p,img/target_10.png
30,2,716,modular,0,w,img/target_2.png
30,2,717,modular,3,p,img/target_10.png
30,2,718,modular,0,w,img/target_2.png
30,2,719,modular,1,u,img/target_7.png
30,2,720,modular,4,e,img/target_3.png
30,2,721,modular,1,u,img/target_7.png
30,2,722,modular,0,w,img/target_2.png
30,2,723,modular,3,p,img/target_10.png
30,2,724,modular,0,w,img/target_2.png
30,2,725,modular,3,p,img/target_10.png
30,2,726,modular,0,w,img/target_2.png
30,2,727,modular,3,p,img/target_10.png
30,2,728,modular,2,i,img/target_8.png
30,2,729,modular,0,w,img/target_2.png
30,2,730,modular,9,b,img/target_6.png
30,2,731,modular,0,w,img/target_2.png
30,2,732,modular,9,b,img/target_6.png
30,2,733,modular,6,v,img/target_5.png
30,2,734,modular,8,o,img/target_9.png
30,2,735,modular,6,v,img/target_5.png
30,2,736,modular,8,o,img/target_9.png
30,2,737,modular,5,r,img/target_4.png
30,2,738,modular,6,v,img/target_5.png
30,2,739,modular,9,b,img/target_6.png
30,2,740,modular,8,o,img/target_9.png
30,2,741,modular,6,v,img/target_5.png
30,2,742,modular,7,q,img/target_1.png
30,2,743,modular,6,v,img/target_5.png
30,2,744,modular,8,o,img/target_9.png
30,2,745,modular,5,r,img/target_4.png
30,2,746,modular,4,e,img/target_3.png
30,2,747,modular,2,i,img/target_8.png
30,2,748,modular,0,w,img/target_2.png
30,2,749,modular,1,u,img/target_7.png
30,2,750,modular,2,i,img/target_8.png
30,2,751,modular,1,u,img/target_7.png
30,2,752,modular,0,w,img/target_2.png
30,2,753,modular,3,p,img/target_10.png
30,2,754,modular,4,e,img/target_3.png
30,2,755,modular,3,p,img/target_10.png
30,2,756,modular,1,u,img/target_7.png
30,2,757,modular,2,i,img/target_8.png
30,2,758,modular,0,w,img/target_2.png
30,2,759,modular,3,p,img/target_10.png
30,2,760,modular,4,e,img/target_3.png
30,2,761,modular,3,p,img/target_10.png
30,2,762,modular,4,e,img/target_3.png
30,2,763,modular,3,p,img/target_10.png
30,2,764,modular,0,w,img/target_2.png
30,2,765,modular,9,b,img/target_6.png
30,2,766,modular,8,o,img/target_9.png
30,2,767,modular,5,r,img/target_4.png
30,2,768,modular,7,q,img/target_1.png
30,2,769,modular,8,o,img/target_9.png
30,2,770,modular,6,v,img/target_5.png
30,2,771,modular,9,b,img/target_6.png
30,2,772,modular,6,v,img/target_5.png
30,2,773,modular,7,q,img/target_1.png
30,2,774,modular,9,b,img/target_6.png
30,2,775,modular,6,v,img/target_5.png
30,2,776,modular,9,b,img/target_6.png
30,2,777,modular,7,q,img/target_1.png
30,2,778,modular,6,v,img/target_5.png
30,2,779,modular,8,o,img/target_9.png
30,2,780,modular,5,r,img/target_4.png
30,2,781,modular,6,v,img/target_5.png
30,2,782,modular,5,r,img/target_4.png
30,2,783,modular,7,q,img/target_1.png
30,2,784,modular,6,v,img/target_5.png
30,2,785,modular,8,o,img/target_9.png
30,2,786,modular,5,r,img/target_4.png
30,2,787,modular,4,e,img/target_3.png
30,2,788,modular,5,r,img/target_4.png
30,2,789,modular,6,v,img/target_5.png
30,2,790,modular,7,q,img/target_1.png
30,2,791,modular,9,b,img/target_6.png
30,2,792,modular,0,w,img/target_2.png
30,2,793,modular,2,i,img/target_8.png
30,2,794,modular,4,e,img/target_3.png
30,2,795,modular,1,u,img/target_7.png
30,2,796,modular,3,p,img/target_10.png
30,2,797,modular,4,e,img/target_3.png
30,2,798,modular,2,i,img/target_8.png
30,2,799,modular,4,e,img/target_3.png
30,2,800,modular,3,p,img/target_10.png
30,2,801,modular,4,e,img/target_3.png
30,2,802,modular,2,i,img/target_8.png
30,2,803,modular,0,w,img/target_2.png
30,2,804,modular,3,p,img/target_10.png
30,2,805,modular,4,e,img/target_3.png
30,2,806,modular,3,p,img/target_10.png
30,2,807,modular,0,w,img/target_2.png
30,2,808,modular,2,i,img/target_8.png
30,2,809,modular,0,w,img/target_2.png
30,2,810,modular,2,i,img/target_8.png
30,2,811,modular,4,e,img/target_3.png
30,2,812,modular,1,u,img/target_7.png
30,2,813,modular,0,w,img/target_2.png
30,2,814,modular,1,u,img/target_7.png
30,2,815,modular,3,p,img/target_10.png
30,2,816,modular,4,e,img/target_3.png
30,2,817,modular,2,i,img/target_8.png
30,2,818,modular,3,p,img/target_10.png
30,2,819,modular,1,u,img/target_7.png
30,2,820,modular,3,p,img/target_10.png
30,2,821,modular,0,w,img/target_2.png
30,2,822,modular,1,u,img/target_7.png
30,2,823,modular,4,e,img/target_3.png
30,2,824,modular,1,u,img/target_7.png
30,2,825,modular,4,e,img/target_3.png
30,2,826,modular,2,i,img/target_8.png
30,2,827,modular,3,p,img/target_10.png
30,2,828,modular,1,u,img/target_7.png
30,2,829,modular,2,i,img/target_8.png
30,2,830,modular,0,w,img/target_2.png
30,2,831,modular,1,u,img/target_7.png
30,2,832,modular,2,i,img/target_8.png
30,2,833,modular,4,e,img/target_3.png
30,2,834,modular,2,i,img/target_8.png
30,2,835,modular,4,e,img/target_3.png
30,2,836,modular,5,r,img/target_4.png
30,2,837,modular,4,e,img/target_3.png
30,2,838,modular,1,u,img/target_7.png
30,2,839,modular,3,p,img/target_10.png
30,2,840,modular,2,i,img/target_8.png
30,2,841,modular,3,p,img/target_10.png
30,2,842,modular,4,e,img/target_3.png
30,2,843,modular,1,u,img/target_7.png
30,2,844,modular,2,i,img/target_8.png
30,2,845,modular,0,w,img/target_2.png
30,2,846,modular,2,i,img/target_8.png
30,2,847,modular,1,u,img/target_7.png
30,2,848,modular,4,e,img/target_3.png
30,2,849,modular,1,u,img/target_7.png
30,2,850,modular,3,p,img/target_10.png
30,2,851,modular,0,w,img/target_2.png
30,2,852,modular,2,i,img/target_8.png
30,2,853,modular,4,e,img/target_3.png
30,2,854,modular,2,i,img/target_8.png
30,2,855,modular,0,w,img/target_2.png
30,2,856,modular,3,p,img/target_10.png
30,2,857,modular,1,u,img/target_7.png
30,2,858,modular,2,i,img/target_8.png
30,2,859,modular,0,w,img/target_2.png
30,2,860,modular,3,p,img/target_10.png
30,2,861,modular,0,w,img/target_2.png
30,2,862,modular,3,p,img/target_10.png
30,2,863,modular,0,w,img/target_2.png
30,2,864,modular,3,p,img/target_10.png
30,2,865,modular,4,e,img/target_3.png
30,2,866,modular,2,i,img/target_8.png
30,2,867,modular,3,p,img/target_10.png
30,2,868,modular,1,u,img/target_7.png
30,2,869,modular,2,i,img/target_8.png
30,2,870,modular,1,u,img/target_7.png
30,2,871,modular,0,w,img/target_2.png
30,2,872,modular,9,b,img/target_6.png
30,2,873,modular,7,q,img/target_1.png
30,2,874,modular,9,b,img/target_6.png
30,2,875,modular,6,v,img/target_5.png
30,2,876,modular,5,r,img/target_4.png
30,2,877,modular,6,v,img/target_5.png
30,2,878,modular,9,b,img/target_6.png
30,2,879,modular,8,o,img/target_9.png
30,2,880,modular,6,v,img/target_5.png
30,2,881,modular,9,b,img/target_6.png
30,2,882,modular,8,o,img/target_9.png
30,2,883,modular,6,v,img/target_5.png
30,2,884,modular,7,q,img/target_1.png
30,2,885,modular,5,r,img/target_4.png
30,2,886,modular,4,e,img/target_3.png
30,2,887,modular,3,p,img/target_10.png
30,2,888,modular,0,w,img/target_2.png
30,2,889,modular,9,b,img/target_6.png
30,2,890,modular,0,w,img/target_2.png
30,2,891,modular,1,u,img/target_7.png
30,2,892,modular,4,e,img/target_3.png
30,2,893,modular,1,u,img/target_7.png
30,2,894,modular,0,w,img/target_2.png
30,2,895,modular,9,b,img/target_6.png
30,2,896,modular,8,o,img/target_9.png
30,2,897,modular,7,q,img/target_1.png
30,2,898,modular,9,b,img/target_6.png
30,2,899,modular,7,q,img/target_1.png
30,2,900,modular,6,v,img/target_5.png
30,2,901,modular,7,q,img/target_1.png
30,2,902,modular,8,o,img/target_9.png
30,2,903,modular,5,r,img/target_4.png
30,2,904,modular,4,e,img/target_3.png
30,2,905,modular,1,u,img/target_7.png
30,2,906,modular,2,i,img/target_8.png
30,2,907,modular,0,w,img/target_2.png
30,2,908,modular,9,b,img/target_6.png
30,2,909,modular,6,v,img/target_5.png
30,2,910,modular,8,o,img/target_9.png
30,2,911,modular,7,q,img/target_1.png
30,2,912,modular,5,r,img/target_4.png
30,2,913,modular,6,v,img/target_5.png
30,2,914,modular,8,o,img/target_9.png
30,2,915,modular,6,v,img/target_5.png
30,2,916,modular,8,o,img/target_9.png
30,2,917,modular,5,r,img/target_4.png
30,2,918,modular,6,v,img/target_5.png
30,2,919,modular,8,o,img/target_9.png
30,2,920,modular,5,r,img/target_4.png
30,2,921,modular,8,o,img/target_9.png
30,2,922,modular,6,v,img/target_5.png
30,2,923,modular,8,o,img/target_9.png
30,2,924,modular,5,r,img/target_4.png
30,2,925,modular,4,e,img/target_3.png
30,2,926,modular,5,r,img/target_4.png
30,2,927,modular,7,q,img/target_1.png
30,2,928,modular,9,b,img/target_6.png
30,2,929,modular,7,q,img/target_1.png
30,2,930,modular,9,b,img/target_6.png
30,2,931,modular,7,q,img/target_1.png
30,2,932,modular,8,o,img/target_9.png
30,2,933,modular,6,v,img/target_5.png
30,2,934,modular,8,o,img/target_9.png
30,2,935,modular,7,q,img/target_1.png
30,2,936,modular,8,o,img/target_9.png
30,2,937,modular,7,q,img/target_1.png
30,2,938,modular,8,o,img/target_9.png
30,2,939,modular,5,r,img/target_4.png
30,2,940,modular,6,v,img/target_5.png
30,2,941,modular,9,b,img/target_6.png
30,2,942,modular,7,q,img/target_1.png
30,2,943,modular,6,v,img/target_5.png
30,2,944,modular,9,b,img/target_6.png
30,2,945,modular,7,q,img/target_1.png
30,2,946,modular,5,r,img/target_4.png
30,2,947,modular,6,v,img/target_5.png
30,2,948,modular,9,b,img/target_6.png
30,2,949,modular,6,v,img/target_5.png
30,2,950,modular,7,q,img/target_1.png
30,2,951,modular,6,v,img/target_5.png
30,2,952,modular,8,o,img/target_9.png
30,2,953,modular,6,v,img/target_5.png
30,2,954,modular,7,q,img/target_1.png
30,2,955,modular,9,b,img/target_6.png
30,2,956,modular,8,o,img/target_9.png
30,2,957,modular,7,q,img/target_1.png
30,2,958,modular,9,b,img/target_6.png
30,2,959,modular,6,v,img/target_5.png
30,2,960,modular,5,r,img/target_4.png
30,2,961,modular,4,e,img/target_3.png
30,2,962,modular,2,i,img/target_8.png
30,2,963,modular,1,u,img/target_7.png
30,2,964,modular,2,i,img/target_8.png
30,2,965,modular,3,p,img/target_10.png
30,2,966,modular,0,w,img/target_2.png
30,2,967,modular,1,u,img/target_7.png
30,2,968,modular,2,i,img/target_8.png
30,2,969,modular,0,w,img/target_2.png
30,2,970,modular,1,u,img/target_7.png
30,2,971,modular,2,i,img/target_8.png
30,2,972,modular,1,u,img/target_7.png
30,2,973,modular,2,i,img/target_8.png
30,2,974,modular,4,e,img/target_3.png
30,2,975,modular,1,u,img/target_7.png
30,2,976,modular,2,i,img/target_8.png
30,2,977,modular,4,e,img/target_3.png
30,2,978,modular,1,u,img/target_7.png
30,2,979,modular,4,e,img/target_3.png
30,2,980,modular,1,u,img/target_7.png
30,2,981,modular,4,e,img/target_3.png
30,2,982,modular,5,r,img/target_4.png
30,2,983,modular,4,e,img/target_3.png
30,2,984,modular,1,u,img/target_7.png
30,2,985,modular,2,i,img/target_8.png
30,2,986,modular,0,w,img/target_2.png
30,2,987,modular,1,u,img/target_7.png
30,2,988,modular,4,e,img/target_3.png
30,2,989,modular,2,i,img/target_8.png
30,2,990,modular,1,u,img/target_7.png
30,2,991,modular,4,e,img/target_3.png
30,2,992,modular,2,i,img/target_8.png
30,2,993,modular,3,p,img/target_10.png
30,2,994,modular,2,i,img/target_8.png
30,2,995,modular,1,u,img/target_7.png
30,2,996,modular,0,w,img/target_2.png
30,2,997,modular,2,i,img/target_8.png
30,2,998,modular,4,e,img/target_3.png
30,2,999,modular,2,i,img/target_8.png
30,2,1000,modular,1,u,img/target_7.png
