pID,sess,trialNum,graph,walk,resp,path
31,1,1,lattice,6,e,img/target_3.png
31,1,2,lattice,7,v,img/target_5.png
31,1,3,lattice,5,p,img/target_10.png
31,1,4,lattice,4,u,img/target_7.png
31,1,5,lattice,2,b,img/target_6.png
31,1,6,lattice,0,i,img/target_8.png
31,1,7,lattice,8,w,img/target_2.png
31,1,8,lattice,6,e,img/target_3.png
31,1,9,lattice,4,u,img/target_7.png
31,1,10,lattice,2,b,img/target_6.png
31,1,11,lattice,0,i,img/target_8.png
31,1,12,lattice,9,o,img/target_9.png
31,1,13,lattice,7,v,img/target_5.png
31,1,14,lattice,6,e,img/target_3.png
31,1,15,lattice,5,p,img/target_10.png
31,1,16,lattice,4,u,img/target_7.png
31,1,17,lattice,2,b,img/target_6.png
31,1,18,lattice,3,r,img/target_4.png
31,1,19,lattice,1,q,img/target_1.png
31,1,20,lattice,3,r,img/target_4.png
31,1,21,lattice,2,b,img/target_6.png
31,1,22,lattice,3,r,img/target_4.png
31,1,23,lattice,2,b,img/target_6.png
31,1,24,lattice,0,i,img/target_8.png
31,1,25,lattice,8,w,img/target_2.png
31,1,26,lattice,0,i,img/target_8.png
31,1,27,lattice,9,o,img/target_9.png
31,1,28,lattice,0,i,img/target_8.png
31,1,29,lattice,9,o,img/target_9.png
31,1,30,lattice,0,i,img/target_8.png
31,1,31,lattice,1,q,img/target_1.png
31,1,32,lattice,0,i,img/target_8.png
31,1,33,lattice,8,w,img/target_2.png
31,1,34,lattice,9,o,img/target_9.png
31,1,35,lattice,0,i,img/target_8.png
31,1,36,lattice,2,b,img/target_6.png
31,1,37,lattice,3,r,img/target_4.png
31,1,38,lattice,1,q,img/target_1.png
31,1,39,lattice,0,i,img/target_8.png
31,1,40,lattice,1,q,img/target_1.png
31,1,41,lattice,2,b,img/target_6.png
31,1,42,lattice,0,i,img/target_8.png
31,1,43,lattice,9,o,img/target_9.png
31,1,44,lattice,7,v,img/target_5.png
31,1,45,lattice,9,o,img/target_9.png
31,1,46,lattice,8,w,img/target_2.png
31,1,47,lattice,6,e,img/target_3.png
31,1,48,lattice,5,p,img/target_10.png
31,1,49,lattice,7,v,img/target_5.png
31,1,50,lattice,8,w,img/target_2.png
31,1,51,lattice,0,i,img/target_8.png
31,1,52,lattice,8,w,img/target_2.png
31,1,53,lattice,9,o,img/target_9.png
31,1,54,lattice,8,w,img/target_2.png
31,1,55,lattice,9,o,img/target_9.png
31,1,56,lattice,7,v,img/target_5.png
31,1,57,lattice,8,w,img/target_2.png
31,1,58,lattice,6,e,img/target_3.png
31,1,59,lattice,7,v,img/target_5.png
31,1,60,lattice,5,p,img/target_10.png
31,1,61,lattice,3,r,img/target_4.png
31,1,62,lattice,2,b,img/target_6.png
31,1,63,lattice,3,r,img/target_4.png
31,1,64,lattice,2,b,img/target_6.png
31,1,65,lattice,1,q,img/target_1.png
31,1,66,lattice,0,i,img/target_8.png
31,1,67,lattice,1,q,img/target_1.png
31,1,68,lattice,3,r,img/target_4.png
31,1,69,lattice,5,p,img/target_10.png
31,1,70,lattice,3,r,img/target_4.png
31,1,71,lattice,2,b,img/target_6.png
31,1,72,lattice,4,u,img/target_7.png
31,1,73,lattice,2,b,img/target_6.png
31,1,74,lattice,0,i,img/target_8.png
31,1,75,lattice,2,b,img/target_6.png
31,1,76,lattice,0,i,img/target_8.png
31,1,77,lattice,8,w,img/target_2.png
31,1,78,lattice,9,o,img/target_9.png
31,1,79,lattice,7,v,img/target_5.png
31,1,80,lattice,6,e,img/target_3.png
31,1,81,lattice,7,v,img/target_5.png
31,1,82,lattice,5,p,img/target_10.png
31,1,83,lattice,7,v,img/target_5.png
31,1,84,lattice,8,w,img/target_2.png
31,1,85,lattice,9,o,img/target_9.png
31,1,86,lattice,0,i,img/target_8.png
31,1,87,lattice,8,w,img/target_2.png
31,1,88,lattice,0,i,img/target_8.png
31,1,89,lattice,8,w,img/target_2.png
31,1,90,lattice,6,e,img/target_3.png
31,1,91,lattice,5,p,img/target_10.png
31,1,92,lattice,3,r,img/target_4.png
31,1,93,lattice,4,u,img/target_7.png
31,1,94,lattice,2,b,img/target_6.png
31,1,95,lattice,4,u,img/target_7.png
31,1,96,lattice,6,e,img/target_3.png
31,1,97,lattice,5,p,img/target_10.png
31,1,98,lattice,3,r,img/target_4.png
31,1,99,lattice,1,q,img/target_1.png
31,1,100,lattice,3,r,img/target_4.png
31,1,101,lattice,4,u,img/target_7.png
31,1,102,lattice,3,r,img/target_4.png
31,1,103,lattice,4,u,img/target_7.png
31,1,104,lattice,3,r,img/target_4.png
31,1,105,lattice,1,q,img/target_1.png
31,1,106,lattice,2,b,img/target_6.png
31,1,107,lattice,0,i,img/target_8.png
31,1,108,lattice,2,b,img/target_6.png
31,1,109,lattice,1,q,img/target_1.png
31,1,110,lattice,0,i,img/target_8.png
31,1,111,lattice,9,o,img/target_9.png
31,1,112,lattice,8,w,img/target_2.png
31,1,113,lattice,6,e,img/target_3.png
31,1,114,lattice,8,w,img/target_2.png
31,1,115,lattice,0,i,img/target_8.png
31,1,116,lattice,1,q,img/target_1.png
31,1,117,lattice,2,b,img/target_6.png
31,1,118,lattice,3,r,img/target_4.png
31,1,119,lattice,2,b,img/target_6.png
31,1,120,lattice,1,q,img/target_1.png
31,1,121,lattice,3,r,img/target_4.png
31,1,122,lattice,1,q,img/target_1.png
31,1,123,lattice,0,i,img/target_8.png
31,1,124,lattice,9,o,img/target_9.png
31,1,125,lattice,0,i,img/target_8.png
31,1,126,lattice,8,w,img/target_2.png
31,1,127,lattice,7,v,img/target_5.png
31,1,128,lattice,8,w,img/target_2.png
31,1,129,lattice,0,i,img/target_8.png
31,1,130,lattice,1,q,img/target_1.png
31,1,131,lattice,2,b,img/target_6.png
31,1,132,lattice,0,i,img/target_8.png
31,1,133,lattice,1,q,img/target_1.png
31,1,134,lattice,0,i,img/target_8.png
31,1,135,lattice,1,q,img/target_1.png
31,1,136,lattice,0,i,img/target_8.png
31,1,137,lattice,9,o,img/target_9.png
31,1,138,lattice,1,q,img/target_1.png
31,1,139,lattice,2,b,img/target_6.png
31,1,140,lattice,0,i,img/target_8.png
31,1,141,lattice,9,o,img/target_9.png
31,1,142,lattice,1,q,img/target_1.png
31,1,143,lattice,2,b,img/target_6.png
31,1,144,lattice,3,r,img/target_4.png
31,1,145,lattice,4,u,img/target_7.png
31,1,146,lattice,2,b,img/target_6.png
31,1,147,lattice,0,i,img/target_8.png
31,1,148,lattice,8,w,img/target_2.png
31,1,149,lattice,7,v,img/target_5.png
31,1,150,lattice,5,p,img/target_10.png
31,1,151,lattice,7,v,img/target_5.png
31,1,152,lattice,9,o,img/target_9.png
31,1,153,lattice,1,q,img/target_1.png
31,1,154,lattice,9,o,img/target_9.png
31,1,155,lattice,7,v,img/target_5.png
31,1,156,lattice,6,e,img/target_3.png
31,1,157,lattice,4,u,img/target_7.png
31,1,158,lattice,2,b,img/target_6.png
31,1,159,lattice,1,q,img/target_1.png
31,1,160,lattice,9,o,img/target_9.png
31,1,161,lattice,1,q,img/target_1.png
31,1,162,lattice,9,o,img/target_9.png
31,1,163,lattice,1,q,img/target_1.png
31,1,164,lattice,0,i,img/target_8.png
31,1,165,lattice,1,q,img/target_1.png
31,1,166,lattice,2,b,img/target_6.png
31,1,167,lattice,3,r,img/target_4.png
31,1,168,lattice,1,q,img/target_1.png
31,1,169,lattice,0,i,img/target_8.png
31,1,170,lattice,2,b,img/target_6.png
31,1,171,lattice,4,u,img/target_7.png
31,1,172,lattice,5,p,img/target_10.png
31,1,173,lattice,4,u,img/target_7.png
31,1,174,lattice,5,p,img/target_10.png
31,1,175,lattice,3,r,img/target_4.png
31,1,176,lattice,2,b,img/target_6.png
31,1,177,lattice,1,q,img/target_1.png
31,1,178,lattice,2,b,img/target_6.png
31,1,179,lattice,3,r,img/target_4.png
31,1,180,lattice,4,u,img/target_7.png
31,1,181,lattice,5,p,img/target_10.png
31,1,182,lattice,7,v,img/target_5.png
31,1,183,lattice,5,p,img/target_10.png
31,1,184,lattice,7,v,img/target_5.png
31,1,185,lattice,5,p,img/target_10.png
31,1,186,lattice,4,u,img/target_7.png
31,1,187,lattice,3,r,img/target_4.png
31,1,188,lattice,2,b,img/target_6.png
31,1,189,lattice,0,i,img/target_8.png
31,1,190,lattice,2,b,img/target_6.png
31,1,191,lattice,0,i,img/target_8.png
31,1,192,lattice,8,w,img/target_2.png
31,1,193,lattice,9,o,img/target_9.png
31,1,194,lattice,1,q,img/target_1.png
31,1,195,lattice,2,b,img/target_6.png
31,1,196,lattice,3,r,img/target_4.png
31,1,197,lattice,4,u,img/target_7.png
31,1,198,lattice,2,b,img/target_6.png
31,1,199,lattice,1,q,img/target_1.png
31,1,200,lattice,2,b,img/target_6.png
31,1,201,lattice,3,r,img/target_4.png
31,1,202,lattice,4,u,img/target_7.png
31,1,203,lattice,3,r,img/target_4.png
31,1,204,lattice,4,u,img/target_7.png
31,1,205,lattice,3,r,img/target_4.png
31,1,206,lattice,2,b,img/target_6.png
31,1,207,lattice,3,r,img/target_4.png
31,1,208,lattice,1,q,img/target_1.png
31,1,209,lattice,0,i,img/target_8.png
31,1,210,lattice,9,o,img/target_9.png
31,1,211,lattice,7,v,img/target_5.png
31,1,212,lattice,8,w,img/target_2.png
31,1,213,lattice,7,v,img/target_5.png
31,1,214,lattice,9,o,img/target_9.png
31,1,215,lattice,7,v,img/target_5.png
31,1,216,lattice,5,p,img/target_10.png
31,1,217,lattice,6,e,img/target_3.png
31,1,218,lattice,7,v,img/target_5.png
31,1,219,lattice,6,e,img/target_3.png
31,1,220,lattice,8,w,img/target_2.png
31,1,221,lattice,7,v,img/target_5.png
31,1,222,lattice,9,o,img/target_9.png
31,1,223,lattice,1,q,img/target_1.png
31,1,224,lattice,0,i,img/target_8.png
31,1,225,lattice,2,b,img/target_6.png
31,1,226,lattice,0,i,img/target_8.png
31,1,227,lattice,8,w,img/target_2.png
31,1,228,lattice,7,v,img/target_5.png
31,1,229,lattice,6,e,img/target_3.png
31,1,230,lattice,8,w,img/target_2.png
31,1,231,lattice,0,i,img/target_8.png
31,1,232,lattice,2,b,img/target_6.png
31,1,233,lattice,0,i,img/target_8.png
31,1,234,lattice,9,o,img/target_9.png
31,1,235,lattice,1,q,img/target_1.png
31,1,236,lattice,0,i,img/target_8.png
31,1,237,lattice,1,q,img/target_1.png
31,1,238,lattice,3,r,img/target_4.png
31,1,239,lattice,5,p,img/target_10.png
31,1,240,lattice,3,r,img/target_4.png
31,1,241,lattice,1,q,img/target_1.png
31,1,242,lattice,3,r,img/target_4.png
31,1,243,lattice,1,q,img/target_1.png
31,1,244,lattice,3,r,img/target_4.png
31,1,245,lattice,1,q,img/target_1.png
31,1,246,lattice,9,o,img/target_9.png
31,1,247,lattice,7,v,img/target_5.png
31,1,248,lattice,6,e,img/target_3.png
31,1,249,lattice,4,u,img/target_7.png
31,1,250,lattice,2,b,img/target_6.png
31,1,251,lattice,1,q,img/target_1.png
31,1,252,lattice,0,i,img/target_8.png
31,1,253,lattice,1,q,img/target_1.png
31,1,254,lattice,9,o,img/target_9.png
31,1,255,lattice,1,q,img/target_1.png
31,1,256,lattice,9,o,img/target_9.png
31,1,257,lattice,1,q,img/target_1.png
31,1,258,lattice,3,r,img/target_4.png
31,1,259,lattice,2,b,img/target_6.png
31,1,260,lattice,1,q,img/target_1.png
31,1,261,lattice,9,o,img/target_9.png
31,1,262,lattice,7,v,img/target_5.png
31,1,263,lattice,6,e,img/target_3.png
31,1,264,lattice,7,v,img/target_5.png
31,1,265,lattice,5,p,img/target_10.png
31,1,266,lattice,3,r,img/target_4.png
31,1,267,lattice,2,b,img/target_6.png
31,1,268,lattice,1,q,img/target_1.png
31,1,269,lattice,9,o,img/target_9.png
31,1,270,lattice,0,i,img/target_8.png
31,1,271,lattice,2,b,img/target_6.png
31,1,272,lattice,0,i,img/target_8.png
31,1,273,lattice,2,b,img/target_6.png
31,1,274,lattice,3,r,img/target_4.png
31,1,275,lattice,1,q,img/target_1.png
31,1,276,lattice,9,o,img/target_9.png
31,1,277,lattice,7,v,img/target_5.png
31,1,278,lattice,6,e,img/target_3.png
31,1,279,lattice,7,v,img/target_5.png
31,1,280,lattice,8,w,img/target_2.png
31,1,281,lattice,6,e,img/target_3.png
31,1,282,lattice,7,v,img/target_5.png
31,1,283,lattice,5,p,img/target_10.png
31,1,284,lattice,6,e,img/target_3.png
31,1,285,lattice,5,p,img/target_10.png
31,1,286,lattice,3,r,img/target_4.png
31,1,287,lattice,4,u,img/target_7.png
31,1,288,lattice,6,e,img/target_3.png
31,1,289,lattice,4,u,img/target_7.png
31,1,290,lattice,5,p,img/target_10.png
31,1,291,lattice,6,e,img/target_3.png
31,1,292,lattice,7,v,img/target_5.png
31,1,293,lattice,5,p,img/target_10.png
31,1,294,lattice,4,u,img/target_7.png
31,1,295,lattice,6,e,img/target_3.png
31,1,296,lattice,7,v,img/target_5.png
31,1,297,lattice,6,e,img/target_3.png
31,1,298,lattice,8,w,img/target_2.png
31,1,299,lattice,0,i,img/target_8.png
31,1,300,lattice,1,q,img/target_1.png
31,1,301,lattice,3,r,img/target_4.png
31,1,302,lattice,4,u,img/target_7.png
31,1,303,lattice,3,r,img/target_4.png
31,1,304,lattice,4,u,img/target_7.png
31,1,305,lattice,3,r,img/target_4.png
31,1,306,lattice,2,b,img/target_6.png
31,1,307,lattice,3,r,img/target_4.png
31,1,308,lattice,2,b,img/target_6.png
31,1,309,lattice,3,r,img/target_4.png
31,1,310,lattice,5,p,img/target_10.png
31,1,311,lattice,3,r,img/target_4.png
31,1,312,lattice,5,p,img/target_10.png
31,1,313,lattice,4,u,img/target_7.png
31,1,314,lattice,5,p,img/target_10.png
31,1,315,lattice,7,v,img/target_5.png
31,1,316,lattice,5,p,img/target_10.png
31,1,317,lattice,4,u,img/target_7.png
31,1,318,lattice,6,e,img/target_3.png
31,1,319,lattice,8,w,img/target_2.png
31,1,320,lattice,6,e,img/target_3.png
31,1,321,lattice,7,v,img/target_5.png
31,1,322,lattice,9,o,img/target_9.png
31,1,323,lattice,8,w,img/target_2.png
31,1,324,lattice,7,v,img/target_5.png
31,1,325,lattice,6,e,img/target_3.png
31,1,326,lattice,8,w,img/target_2.png
31,1,327,lattice,7,v,img/target_5.png
31,1,328,lattice,9,o,img/target_9.png
31,1,329,lattice,1,q,img/target_1.png
31,1,330,lattice,9,o,img/target_9.png
31,1,331,lattice,0,i,img/target_8.png
31,1,332,lattice,9,o,img/target_9.png
31,1,333,lattice,8,w,img/target_2.png
31,1,334,lattice,0,i,img/target_8.png
31,1,335,lattice,2,b,img/target_6.png
31,1,336,lattice,3,r,img/target_4.png
31,1,337,lattice,1,q,img/target_1.png
31,1,338,lattice,9,o,img/target_9.png
31,1,339,lattice,8,w,img/target_2.png
31,1,340,lattice,9,o,img/target_9.png
31,1,341,lattice,1,q,img/target_1.png
31,1,342,lattice,9,o,img/target_9.png
31,1,343,lattice,8,w,img/target_2.png
31,1,344,lattice,0,i,img/target_8.png
31,1,345,lattice,2,b,img/target_6.png
31,1,346,lattice,1,q,img/target_1.png
31,1,347,lattice,0,i,img/target_8.png
31,1,348,lattice,1,q,img/target_1.png
31,1,349,lattice,0,i,img/target_8.png
31,1,350,lattice,8,w,img/target_2.png
31,1,351,lattice,9,o,img/target_9.png
31,1,352,lattice,0,i,img/target_8.png
31,1,353,lattice,2,b,img/target_6.png
31,1,354,lattice,0,i,img/target_8.png
31,1,355,lattice,2,b,img/target_6.png
31,1,356,lattice,4,u,img/target_7.png
31,1,357,lattice,2,b,img/target_6.png
31,1,358,lattice,3,r,img/target_4.png
31,1,359,lattice,2,b,img/target_6.png
31,1,360,lattice,1,q,img/target_1.png
31,1,361,lattice,0,i,img/target_8.png
31,1,362,lattice,1,q,img/target_1.png
31,1,363,lattice,3,r,img/target_4.png
31,1,364,lattice,1,q,img/target_1.png
31,1,365,lattice,2,b,img/target_6.png
31,1,366,lattice,0,i,img/target_8.png
31,1,367,lattice,8,w,img/target_2.png
31,1,368,lattice,0,i,img/target_8.png
31,1,369,lattice,9,o,img/target_9.png
31,1,370,lattice,0,i,img/target_8.png
31,1,371,lattice,9,o,img/target_9.png
31,1,372,lattice,7,v,img/target_5.png
31,1,373,lattice,8,w,img/target_2.png
31,1,374,lattice,7,v,img/target_5.png
31,1,375,lattice,9,o,img/target_9.png
31,1,376,lattice,7,v,img/target_5.png
31,1,377,lattice,6,e,img/target_3.png
31,1,378,lattice,4,u,img/target_7.png
31,1,379,lattice,3,r,img/target_4.png
31,1,380,lattice,1,q,img/target_1.png
31,1,381,lattice,0,i,img/target_8.png
31,1,382,lattice,9,o,img/target_9.png
31,1,383,lattice,1,q,img/target_1.png
31,1,384,lattice,9,o,img/target_9.png
31,1,385,lattice,0,i,img/target_8.png
31,1,386,lattice,9,o,img/target_9.png
31,1,387,lattice,0,i,img/target_8.png
31,1,388,lattice,8,w,img/target_2.png
31,1,389,lattice,9,o,img/target_9.png
31,1,390,lattice,1,q,img/target_1.png
31,1,391,lattice,2,b,img/target_6.png
31,1,392,lattice,4,u,img/target_7.png
31,1,393,lattice,5,p,img/target_10.png
31,1,394,lattice,3,r,img/target_4.png
31,1,395,lattice,1,q,img/target_1.png
31,1,396,lattice,0,i,img/target_8.png
31,1,397,lattice,1,q,img/target_1.png
31,1,398,lattice,3,r,img/target_4.png
31,1,399,lattice,5,p,img/target_10.png
31,1,400,lattice,3,r,img/target_4.png
31,1,401,lattice,2,b,img/target_6.png
31,1,402,lattice,0,i,img/target_8.png
31,1,403,lattice,9,o,img/target_9.png
31,1,404,lattice,8,w,img/target_2.png
31,1,405,lattice,6,e,img/target_3.png
31,1,406,lattice,8,w,img/target_2.png
31,1,407,lattice,6,e,img/target_3.png
31,1,408,lattice,5,p,img/target_10.png
31,1,409,lattice,3,r,img/target_4.png
31,1,410,lattice,5,p,img/target_10.png
31,1,411,lattice,4,u,img/target_7.png
31,1,412,lattice,6,e,img/target_3.png
31,1,413,lattice,8,w,img/target_2.png
31,1,414,lattice,6,e,img/target_3.png
31,1,415,lattice,5,p,img/target_10.png
31,1,416,lattice,7,v,img/target_5.png
31,1,417,lattice,6,e,img/target_3.png
31,1,418,lattice,5,p,img/target_10.png
31,1,419,lattice,6,e,img/target_3.png
31,1,420,lattice,5,p,img/target_10.png
31,1,421,lattice,3,r,img/target_4.png
31,1,422,lattice,4,u,img/target_7.png
31,1,423,lattice,6,e,img/target_3.png
31,1,424,lattice,8,w,img/target_2.png
31,1,425,lattice,6,e,img/target_3.png
31,1,426,lattice,7,v,img/target_5.png
31,1,427,lattice,5,p,img/target_10.png
31,1,428,lattice,3,r,img/target_4.png
31,1,429,lattice,2,b,img/target_6.png
31,1,430,lattice,3,r,img/target_4.png
31,1,431,lattice,1,q,img/target_1.png
31,1,432,lattice,3,r,img/target_4.png
31,1,433,lattice,1,q,img/target_1.png
31,1,434,lattice,3,r,img/target_4.png
31,1,435,lattice,5,p,img/target_10.png
31,1,436,lattice,7,v,img/target_5.png
31,1,437,lattice,9,o,img/target_9.png
31,1,438,lattice,0,i,img/target_8.png
31,1,439,lattice,1,q,img/target_1.png
31,1,440,lattice,3,r,img/target_4.png
31,1,441,lattice,5,p,img/target_10.png
31,1,442,lattice,3,r,img/target_4.png
31,1,443,lattice,1,q,img/target_1.png
31,1,444,lattice,3,r,img/target_4.png
31,1,445,lattice,5,p,img/target_10.png
31,1,446,lattice,4,u,img/target_7.png
31,1,447,lattice,3,r,img/target_4.png
31,1,448,lattice,4,u,img/target_7.png
31,1,449,lattice,3,r,img/target_4.png
31,1,450,lattice,2,b,img/target_6.png
31,1,451,lattice,4,u,img/target_7.png
31,1,452,lattice,6,e,img/target_3.png
31,1,453,lattice,5,p,img/target_10.png
31,1,454,lattice,7,v,img/target_5.png
31,1,455,lattice,6,e,img/target_3.png
31,1,456,lattice,7,v,img/target_5.png
31,1,457,lattice,6,e,img/target_3.png
31,1,458,lattice,4,u,img/target_7.png
31,1,459,lattice,5,p,img/target_10.png
31,1,460,lattice,6,e,img/target_3.png
31,1,461,lattice,4,u,img/target_7.png
31,1,462,lattice,2,b,img/target_6.png
31,1,463,lattice,3,r,img/target_4.png
31,1,464,lattice,5,p,img/target_10.png
31,1,465,lattice,7,v,img/target_5.png
31,1,466,lattice,5,p,img/target_10.png
31,1,467,lattice,4,u,img/target_7.png
31,1,468,lattice,2,b,img/target_6.png
31,1,469,lattice,1,q,img/target_1.png
31,1,470,lattice,2,b,img/target_6.png
31,1,471,lattice,0,i,img/target_8.png
31,1,472,lattice,8,w,img/target_2.png
31,1,473,lattice,6,e,img/target_3.png
31,1,474,lattice,4,u,img/target_7.png
31,1,475,lattice,2,b,img/target_6.png
31,1,476,lattice,3,r,img/target_4.png
31,1,477,lattice,5,p,img/target_10.png
31,1,478,lattice,3,r,img/target_4.png
31,1,479,lattice,1,q,img/target_1.png
31,1,480,lattice,9,o,img/target_9.png
31,1,481,lattice,7,v,img/target_5.png
31,1,482,lattice,9,o,img/target_9.png
31,1,483,lattice,0,i,img/target_8.png
31,1,484,lattice,2,b,img/target_6.png
31,1,485,lattice,4,u,img/target_7.png
31,1,486,lattice,6,e,img/target_3.png
31,1,487,lattice,8,w,img/target_2.png
31,1,488,lattice,0,i,img/target_8.png
31,1,489,lattice,9,o,img/target_9.png
31,1,490,lattice,7,v,img/target_5.png
31,1,491,lattice,9,o,img/target_9.png
31,1,492,lattice,8,w,img/target_2.png
31,1,493,lattice,6,e,img/target_3.png
31,1,494,lattice,7,v,img/target_5.png
31,1,495,lattice,9,o,img/target_9.png
31,1,496,lattice,1,q,img/target_1.png
31,1,497,lattice,9,o,img/target_9.png
31,1,498,lattice,1,q,img/target_1.png
31,1,499,lattice,0,i,img/target_8.png
31,1,500,lattice,2,b,img/target_6.png
31,1,501,lattice,0,i,img/target_8.png
31,1,502,lattice,9,o,img/target_9.png
31,1,503,lattice,0,i,img/target_8.png
31,1,504,lattice,9,o,img/target_9.png
31,1,505,lattice,0,i,img/target_8.png
31,1,506,lattice,8,w,img/target_2.png
31,1,507,lattice,9,o,img/target_9.png
31,1,508,lattice,7,v,img/target_5.png
31,1,509,lattice,9,o,img/target_9.png
31,1,510,lattice,7,v,img/target_5.png
31,1,511,lattice,9,o,img/target_9.png
31,1,512,lattice,7,v,img/target_5.png
31,1,513,lattice,5,p,img/target_10.png
31,1,514,lattice,3,r,img/target_4.png
31,1,515,lattice,1,q,img/target_1.png
31,1,516,lattice,3,r,img/target_4.png
31,1,517,lattice,1,q,img/target_1.png
31,1,518,lattice,3,r,img/target_4.png
31,1,519,lattice,4,u,img/target_7.png
31,1,520,lattice,6,e,img/target_3.png
31,1,521,lattice,5,p,img/target_10.png
31,1,522,lattice,3,r,img/target_4.png
31,1,523,lattice,1,q,img/target_1.png
31,1,524,lattice,0,i,img/target_8.png
31,1,525,lattice,9,o,img/target_9.png
31,1,526,lattice,1,q,img/target_1.png
31,1,527,lattice,3,r,img/target_4.png
31,1,528,lattice,4,u,img/target_7.png
31,1,529,lattice,5,p,img/target_10.png
31,1,530,lattice,3,r,img/target_4.png
31,1,531,lattice,2,b,img/target_6.png
31,1,532,lattice,4,u,img/target_7.png
31,1,533,lattice,2,b,img/target_6.png
31,1,534,lattice,0,i,img/target_8.png
31,1,535,lattice,8,w,img/target_2.png
31,1,536,lattice,0,i,img/target_8.png
31,1,537,lattice,1,q,img/target_1.png
31,1,538,lattice,9,o,img/target_9.png
31,1,539,lattice,7,v,img/target_5.png
31,1,540,lattice,6,e,img/target_3.png
31,1,541,lattice,8,w,img/target_2.png
31,1,542,lattice,0,i,img/target_8.png
31,1,543,lattice,9,o,img/target_9.png
31,1,544,lattice,1,q,img/target_1.png
31,1,545,lattice,0,i,img/target_8.png
31,1,546,lattice,8,w,img/target_2.png
31,1,547,lattice,7,v,img/target_5.png
31,1,548,lattice,5,p,img/target_10.png
31,1,549,lattice,6,e,img/target_3.png
31,1,550,lattice,5,p,img/target_10.png
31,1,551,lattice,4,u,img/target_7.png
31,1,552,lattice,3,r,img/target_4.png
31,1,553,lattice,4,u,img/target_7.png
31,1,554,lattice,6,e,img/target_3.png
31,1,555,lattice,8,w,img/target_2.png
31,1,556,lattice,0,i,img/target_8.png
31,1,557,lattice,9,o,img/target_9.png
31,1,558,lattice,7,v,img/target_5.png
31,1,559,lattice,8,w,img/target_2.png
31,1,560,lattice,6,e,img/target_3.png
31,1,561,lattice,4,u,img/target_7.png
31,1,562,lattice,5,p,img/target_10.png
31,1,563,lattice,3,r,img/target_4.png
31,1,564,lattice,4,u,img/target_7.png
31,1,565,lattice,2,b,img/target_6.png
31,1,566,lattice,1,q,img/target_1.png
31,1,567,lattice,9,o,img/target_9.png
31,1,568,lattice,8,w,img/target_2.png
31,1,569,lattice,9,o,img/target_9.png
31,1,570,lattice,8,w,img/target_2.png
31,1,571,lattice,9,o,img/target_9.png
31,1,572,lattice,8,w,img/target_2.png
31,1,573,lattice,6,e,img/target_3.png
31,1,574,lattice,4,u,img/target_7.png
31,1,575,lattice,6,e,img/target_3.png
31,1,576,lattice,8,w,img/target_2.png
31,1,577,lattice,0,i,img/target_8.png
31,1,578,lattice,1,q,img/target_1.png
31,1,579,lattice,9,o,img/target_9.png
31,1,580,lattice,0,i,img/target_8.png
31,1,581,lattice,2,b,img/target_6.png
31,1,582,lattice,0,i,img/target_8.png
31,1,583,lattice,9,o,img/target_9.png
31,1,584,lattice,1,q,img/target_1.png
31,1,585,lattice,2,b,img/target_6.png
31,1,586,lattice,1,q,img/target_1.png
31,1,587,lattice,2,b,img/target_6.png
31,1,588,lattice,3,r,img/target_4.png
31,1,589,lattice,5,p,img/target_10.png
31,1,590,lattice,3,r,img/target_4.png
31,1,591,lattice,2,b,img/target_6.png
31,1,592,lattice,3,r,img/target_4.png
31,1,593,lattice,4,u,img/target_7.png
31,1,594,lattice,3,r,img/target_4.png
31,1,595,lattice,1,q,img/target_1.png
31,1,596,lattice,2,b,img/target_6.png
31,1,597,lattice,4,u,img/target_7.png
31,1,598,lattice,6,e,img/target_3.png
31,1,599,lattice,5,p,img/target_10.png
31,1,600,lattice,6,e,img/target_3.png
31,1,601,lattice,8,w,img/target_2.png
31,1,602,lattice,7,v,img/target_5.png
31,1,603,lattice,8,w,img/target_2.png
31,1,604,lattice,9,o,img/target_9.png
31,1,605,lattice,8,w,img/target_2.png
31,1,606,lattice,0,i,img/target_8.png
31,1,607,lattice,1,q,img/target_1.png
31,1,608,lattice,9,o,img/target_9.png
31,1,609,lattice,8,w,img/target_2.png
31,1,610,lattice,7,v,img/target_5.png
31,1,611,lattice,9,o,img/target_9.png
31,1,612,lattice,7,v,img/target_5.png
31,1,613,lattice,9,o,img/target_9.png
31,1,614,lattice,8,w,img/target_2.png
31,1,615,lattice,9,o,img/target_9.png
31,1,616,lattice,1,q,img/target_1.png
31,1,617,lattice,2,b,img/target_6.png
31,1,618,lattice,4,u,img/target_7.png
31,1,619,lattice,5,p,img/target_10.png
31,1,620,lattice,7,v,img/target_5.png
31,1,621,lattice,6,e,img/target_3.png
31,1,622,lattice,4,u,img/target_7.png
31,1,623,lattice,6,e,img/target_3.png
31,1,624,lattice,8,w,img/target_2.png
31,1,625,lattice,7,v,img/target_5.png
31,1,626,lattice,9,o,img/target_9.png
31,1,627,lattice,1,q,img/target_1.png
31,1,628,lattice,0,i,img/target_8.png
31,1,629,lattice,8,w,img/target_2.png
31,1,630,lattice,0,i,img/target_8.png
31,1,631,lattice,8,w,img/target_2.png
31,1,632,lattice,9,o,img/target_9.png
31,1,633,lattice,0,i,img/target_8.png
31,1,634,lattice,2,b,img/target_6.png
31,1,635,lattice,3,r,img/target_4.png
31,1,636,lattice,2,b,img/target_6.png
31,1,637,lattice,3,r,img/target_4.png
31,1,638,lattice,4,u,img/target_7.png
31,1,639,lattice,3,r,img/target_4.png
31,1,640,lattice,1,q,img/target_1.png
31,1,641,lattice,3,r,img/target_4.png
31,1,642,lattice,5,p,img/target_10.png
31,1,643,lattice,4,u,img/target_7.png
31,1,644,lattice,3,r,img/target_4.png
31,1,645,lattice,4,u,img/target_7.png
31,1,646,lattice,3,r,img/target_4.png
31,1,647,lattice,1,q,img/target_1.png
31,1,648,lattice,3,r,img/target_4.png
31,1,649,lattice,5,p,img/target_10.png
31,1,650,lattice,3,r,img/target_4.png
31,1,651,lattice,1,q,img/target_1.png
31,1,652,lattice,2,b,img/target_6.png
31,1,653,lattice,3,r,img/target_4.png
31,1,654,lattice,5,p,img/target_10.png
31,1,655,lattice,6,e,img/target_3.png
31,1,656,lattice,7,v,img/target_5.png
31,1,657,lattice,8,w,img/target_2.png
31,1,658,lattice,6,e,img/target_3.png
31,1,659,lattice,5,p,img/target_10.png
31,1,660,lattice,3,r,img/target_4.png
31,1,661,lattice,4,u,img/target_7.png
31,1,662,lattice,6,e,img/target_3.png
31,1,663,lattice,5,p,img/target_10.png
31,1,664,lattice,3,r,img/target_4.png
31,1,665,lattice,4,u,img/target_7.png
31,1,666,lattice,5,p,img/target_10.png
31,1,667,lattice,3,r,img/target_4.png
31,1,668,lattice,2,b,img/target_6.png
31,1,669,lattice,3,r,img/target_4.png
31,1,670,lattice,4,u,img/target_7.png
31,1,671,lattice,6,e,img/target_3.png
31,1,672,lattice,4,u,img/target_7.png
31,1,673,lattice,5,p,img/target_10.png
31,1,674,lattice,7,v,img/target_5.png
31,1,675,lattice,5,p,img/target_10.png
31,1,676,lattice,4,u,img/target_7.png
31,1,677,lattice,6,e,img/target_3.png
31,1,678,lattice,5,p,img/target_10.png
31,1,679,lattice,7,v,img/target_5.png
31,1,680,lattice,9,o,img/target_9.png
31,1,681,lattice,8,w,img/target_2.png
31,1,682,lattice,6,e,img/target_3.png
31,1,683,lattice,8,w,img/target_2.png
31,1,684,lattice,7,v,img/target_5.png
31,1,685,lattice,5,p,img/target_10.png
31,1,686,lattice,3,r,img/target_4.png
31,1,687,lattice,1,q,img/target_1.png
31,1,688,lattice,3,r,img/target_4.png
31,1,689,lattice,2,b,img/target_6.png
31,1,690,lattice,1,q,img/target_1.png
31,1,691,lattice,2,b,img/target_6.png
31,1,692,lattice,3,r,img/target_4.png
31,1,693,lattice,5,p,img/target_10.png
31,1,694,lattice,3,r,img/target_4.png
31,1,695,lattice,4,u,img/target_7.png
31,1,696,lattice,2,b,img/target_6.png
31,1,697,lattice,1,q,img/target_1.png
31,1,698,lattice,3,r,img/target_4.png
31,1,699,lattice,4,u,img/target_7.png
31,1,700,lattice,6,e,img/target_3.png
31,1,701,lattice,4,u,img/target_7.png
31,1,702,lattice,2,b,img/target_6.png
31,1,703,lattice,0,i,img/target_8.png
31,1,704,lattice,1,q,img/target_1.png
31,1,705,lattice,0,i,img/target_8.png
31,1,706,lattice,8,w,img/target_2.png
31,1,707,lattice,0,i,img/target_8.png
31,1,708,lattice,8,w,img/target_2.png
31,1,709,lattice,6,e,img/target_3.png
31,1,710,lattice,4,u,img/target_7.png
31,1,711,lattice,3,r,img/target_4.png
31,1,712,lattice,2,b,img/target_6.png
31,1,713,lattice,0,i,img/target_8.png
31,1,714,lattice,2,b,img/target_6.png
31,1,715,lattice,0,i,img/target_8.png
31,1,716,lattice,8,w,img/target_2.png
31,1,717,lattice,6,e,img/target_3.png
31,1,718,lattice,7,v,img/target_5.png
31,1,719,lattice,5,p,img/target_10.png
31,1,720,lattice,4,u,img/target_7.png
31,1,721,lattice,5,p,img/target_10.png
31,1,722,lattice,3,r,img/target_4.png
31,1,723,lattice,1,q,img/target_1.png
31,1,724,lattice,9,o,img/target_9.png
31,1,725,lattice,7,v,img/target_5.png
31,1,726,lattice,5,p,img/target_10.png
31,1,727,lattice,7,v,img/target_5.png
31,1,728,lattice,6,e,img/target_3.png
31,1,729,lattice,4,u,img/target_7.png
31,1,730,lattice,5,p,img/target_10.png
31,1,731,lattice,7,v,img/target_5.png
31,1,732,lattice,5,p,img/target_10.png
31,1,733,lattice,3,r,img/target_4.png
31,1,734,lattice,4,u,img/target_7.png
31,1,735,lattice,6,e,img/target_3.png
31,1,736,lattice,4,u,img/target_7.png
31,1,737,lattice,2,b,img/target_6.png
31,1,738,lattice,0,i,img/target_8.png
31,1,739,lattice,2,b,img/target_6.png
31,1,740,lattice,4,u,img/target_7.png
31,1,741,lattice,3,r,img/target_4.png
31,1,742,lattice,5,p,img/target_10.png
31,1,743,lattice,7,v,img/target_5.png
31,1,744,lattice,5,p,img/target_10.png
31,1,745,lattice,3,r,img/target_4.png
31,1,746,lattice,4,u,img/target_7.png
31,1,747,lattice,3,r,img/target_4.png
31,1,748,lattice,4,u,img/target_7.png
31,1,749,lattice,5,p,img/target_10.png
31,1,750,lattice,3,r,img/target_4.png
31,1,751,lattice,4,u,img/target_7.png
31,1,752,lattice,6,e,img/target_3.png
31,1,753,lattice,8,w,img/target_2.png
31,1,754,lattice,9,o,img/target_9.png
31,1,755,lattice,7,v,img/target_5.png
31,1,756,lattice,6,e,img/target_3.png
31,1,757,lattice,5,p,img/target_10.png
31,1,758,lattice,6,e,img/target_3.png
31,1,759,lattice,7,v,img/target_5.png
31,1,760,lattice,9,o,img/target_9.png
31,1,761,lattice,8,w,img/target_2.png
31,1,762,lattice,9,o,img/target_9.png
31,1,763,lattice,7,v,img/target_5.png
31,1,764,lattice,6,e,img/target_3.png
31,1,765,lattice,7,v,img/target_5.png
31,1,766,lattice,8,w,img/target_2.png
31,1,767,lattice,9,o,img/target_9.png
31,1,768,lattice,1,q,img/target_1.png
31,1,769,lattice,0,i,img/target_8.png
31,1,770,lattice,1,q,img/target_1.png
31,1,771,lattice,3,r,img/target_4.png
31,1,772,lattice,2,b,img/target_6.png
31,1,773,lattice,0,i,img/target_8.png
31,1,774,lattice,9,o,img/target_9.png
31,1,775,lattice,7,v,img/target_5.png
31,1,776,lattice,5,p,img/target_10.png
31,1,777,lattice,7,v,img/target_5.png
31,1,778,lattice,9,o,img/target_9.png
31,1,779,lattice,7,v,img/target_5.png
31,1,780,lattice,5,p,img/target_10.png
31,1,781,lattice,6,e,img/target_3.png
31,1,782,lattice,4,u,img/target_7.png
31,1,783,lattice,5,p,img/target_10.png
31,1,784,lattice,6,e,img/target_3.png
31,1,785,lattice,7,v,img/target_5.png
31,1,786,lattice,6,e,img/target_3.png
31,1,787,lattice,4,u,img/target_7.png
31,1,788,lattice,5,p,img/target_10.png
31,1,789,lattice,6,e,img/target_3.png
31,1,790,lattice,4,u,img/target_7.png
31,1,791,lattice,2,b,img/target_6.png
31,1,792,lattice,1,q,img/target_1.png
31,1,793,lattice,9,o,img/target_9.png
31,1,794,lattice,8,w,img/target_2.png
31,1,795,lattice,6,e,img/target_3.png
31,1,796,lattice,7,v,img/target_5.png
31,1,797,lattice,8,w,img/target_2.png
31,1,798,lattice,6,e,img/target_3.png
31,1,799,lattice,4,u,img/target_7.png
31,1,800,lattice,5,p,img/target_10.png
31,1,801,lattice,4,u,img/target_7.png
31,1,802,lattice,5,p,img/target_10.png
31,1,803,lattice,4,u,img/target_7.png
31,1,804,lattice,2,b,img/target_6.png
31,1,805,lattice,4,u,img/target_7.png
31,1,806,lattice,6,e,img/target_3.png
31,1,807,lattice,4,u,img/target_7.png
31,1,808,lattice,6,e,img/target_3.png
31,1,809,lattice,8,w,img/target_2.png
31,1,810,lattice,6,e,img/target_3.png
31,1,811,lattice,7,v,img/target_5.png
31,1,812,lattice,5,p,img/target_10.png
31,1,813,lattice,3,r,img/target_4.png
31,1,814,lattice,4,u,img/target_7.png
31,1,815,lattice,3,r,img/target_4.png
31,1,816,lattice,1,q,img/target_1.png
31,1,817,lattice,9,o,img/target_9.png
31,1,818,lattice,8,w,img/target_2.png
31,1,819,lattice,0,i,img/target_8.png
31,1,820,lattice,9,o,img/target_9.png
31,1,821,lattice,1,q,img/target_1.png
31,1,822,lattice,9,o,img/target_9.png
31,1,823,lattice,0,i,img/target_8.png
31,1,824,lattice,9,o,img/target_9.png
31,1,825,lattice,7,v,img/target_5.png
31,1,826,lattice,5,p,img/target_10.png
31,1,827,lattice,3,r,img/target_4.png
31,1,828,lattice,4,u,img/target_7.png
31,1,829,lattice,3,r,img/target_4.png
31,1,830,lattice,4,u,img/target_7.png
31,1,831,lattice,2,b,img/target_6.png
31,1,832,lattice,3,r,img/target_4.png
31,1,833,lattice,2,b,img/target_6.png
31,1,834,lattice,4,u,img/target_7.png
31,1,835,lattice,3,r,img/target_4.png
31,1,836,lattice,5,p,img/target_10.png
31,1,837,lattice,6,e,img/target_3.png
31,1,838,lattice,4,u,img/target_7.png
31,1,839,lattice,3,r,img/target_4.png
31,1,840,lattice,1,q,img/target_1.png
31,1,841,lattice,2,b,img/target_6.png
31,1,842,lattice,1,q,img/target_1.png
31,1,843,lattice,3,r,img/target_4.png
31,1,844,lattice,5,p,img/target_10.png
31,1,845,lattice,4,u,img/target_7.png
31,1,846,lattice,5,p,img/target_10.png
31,1,847,lattice,3,r,img/target_4.png
31,1,848,lattice,4,u,img/target_7.png
31,1,849,lattice,6,e,img/target_3.png
31,1,850,lattice,4,u,img/target_7.png
31,1,851,lattice,3,r,img/target_4.png
31,1,852,lattice,1,q,img/target_1.png
31,1,853,lattice,0,i,img/target_8.png
31,1,854,lattice,9,o,img/target_9.png
31,1,855,lattice,7,v,img/target_5.png
31,1,856,lattice,6,e,img/target_3.png
31,1,857,lattice,7,v,img/target_5.png
31,1,858,lattice,5,p,img/target_10.png
31,1,859,lattice,6,e,img/target_3.png
31,1,860,lattice,7,v,img/target_5.png
31,1,861,lattice,9,o,img/target_9.png
31,1,862,lattice,1,q,img/target_1.png
31,1,863,lattice,0,i,img/target_8.png
31,1,864,lattice,1,q,img/target_1.png
31,1,865,lattice,9,o,img/target_9.png
31,1,866,lattice,0,i,img/target_8.png
31,1,867,lattice,2,b,img/target_6.png
31,1,868,lattice,4,u,img/target_7.png
31,1,869,lattice,2,b,img/target_6.png
31,1,870,lattice,0,i,img/target_8.png
31,1,871,lattice,9,o,img/target_9.png
31,1,872,lattice,8,w,img/target_2.png
31,1,873,lattice,6,e,img/target_3.png
31,1,874,lattice,4,u,img/target_7.png
31,1,875,lattice,2,b,img/target_6.png
31,1,876,lattice,0,i,img/target_8.png
31,1,877,lattice,9,o,img/target_9.png
31,1,878,lattice,7,v,img/target_5.png
31,1,879,lattice,9,o,img/target_9.png
31,1,880,lattice,7,v,img/target_5.png
31,1,881,lattice,5,p,img/target_10.png
31,1,882,lattice,3,r,img/target_4.png
31,1,883,lattice,5,p,img/target_10.png
31,1,884,lattice,7,v,img/target_5.png
31,1,885,lattice,5,p,img/target_10.png
31,1,886,lattice,6,e,img/target_3.png
31,1,887,lattice,7,v,img/target_5.png
31,1,888,lattice,8,w,img/target_2.png
31,1,889,lattice,9,o,img/target_9.png
31,1,890,lattice,1,q,img/target_1.png
31,1,891,lattice,2,b,img/target_6.png
31,1,892,lattice,4,u,img/target_7.png
31,1,893,lattice,6,e,img/target_3.png
31,1,894,lattice,7,v,img/target_5.png
31,1,895,lattice,9,o,img/target_9.png
31,1,896,lattice,8,w,img/target_2.png
31,1,897,lattice,7,v,img/target_5.png
31,1,898,lattice,9,o,img/target_9.png
31,1,899,lattice,0,i,img/target_8.png
31,1,900,lattice,2,b,img/target_6.png
31,1,901,lattice,3,r,img/target_4.png
31,1,902,lattice,4,u,img/target_7.png
31,1,903,lattice,5,p,img/target_10.png
31,1,904,lattice,6,e,img/target_3.png
31,1,905,lattice,5,p,img/target_10.png
31,1,906,lattice,7,v,img/target_5.png
31,1,907,lattice,9,o,img/target_9.png
31,1,908,lattice,1,q,img/target_1.png
31,1,909,lattice,3,r,img/target_4.png
31,1,910,lattice,4,u,img/target_7.png
31,1,911,lattice,5,p,img/target_10.png
31,1,912,lattice,4,u,img/target_7.png
31,1,913,lattice,5,p,img/target_10.png
31,1,914,lattice,7,v,img/target_5.png
31,1,915,lattice,5,p,img/target_10.png
31,1,916,lattice,7,v,img/target_5.png
31,1,917,lattice,9,o,img/target_9.png
31,1,918,lattice,1,q,img/target_1.png
31,1,919,lattice,3,r,img/target_4.png
31,1,920,lattice,1,q,img/target_1.png
31,1,921,lattice,2,b,img/target_6.png
31,1,922,lattice,4,u,img/target_7.png
31,1,923,lattice,6,e,img/target_3.png
31,1,924,lattice,7,v,img/target_5.png
31,1,925,lattice,5,p,img/target_10.png
31,1,926,lattice,6,e,img/target_3.png
31,1,927,lattice,4,u,img/target_7.png
31,1,928,lattice,3,r,img/target_4.png
31,1,929,lattice,5,p,img/target_10.png
31,1,930,lattice,7,v,img/target_5.png
31,1,931,lattice,5,p,img/target_10.png
31,1,932,lattice,7,v,img/target_5.png
31,1,933,lattice,5,p,img/target_10.png
31,1,934,lattice,4,u,img/target_7.png
31,1,935,lattice,2,b,img/target_6.png
31,1,936,lattice,3,r,img/target_4.png
31,1,937,lattice,5,p,img/target_10.png
31,1,938,lattice,3,r,img/target_4.png
31,1,939,lattice,4,u,img/target_7.png
31,1,940,lattice,3,r,img/target_4.png
31,1,941,lattice,5,p,img/target_10.png
31,1,942,lattice,6,e,img/target_3.png
31,1,943,lattice,8,w,img/target_2.png
31,1,944,lattice,7,v,img/target_5.png
31,1,945,lattice,6,e,img/target_3.png
31,1,946,lattice,8,w,img/target_2.png
31,1,947,lattice,7,v,img/target_5.png
31,1,948,lattice,9,o,img/target_9.png
31,1,949,lattice,0,i,img/target_8.png
31,1,950,lattice,2,b,img/target_6.png
31,1,951,lattice,1,q,img/target_1.png
31,1,952,lattice,9,o,img/target_9.png
31,1,953,lattice,7,v,img/target_5.png
31,1,954,lattice,8,w,img/target_2.png
31,1,955,lattice,9,o,img/target_9.png
31,1,956,lattice,8,w,img/target_2.png
31,1,957,lattice,6,e,img/target_3.png
31,1,958,lattice,7,v,img/target_5.png
31,1,959,lattice,5,p,img/target_10.png
31,1,960,lattice,3,r,img/target_4.png
31,1,961,lattice,4,u,img/target_7.png
31,1,962,lattice,3,r,img/target_4.png
31,1,963,lattice,5,p,img/target_10.png
31,1,964,lattice,4,u,img/target_7.png
31,1,965,lattice,2,b,img/target_6.png
31,1,966,lattice,0,i,img/target_8.png
31,1,967,lattice,1,q,img/target_1.png
31,1,968,lattice,9,o,img/target_9.png
31,1,969,lattice,0,i,img/target_8.png
31,1,970,lattice,8,w,img/target_2.png
31,1,971,lattice,6,e,img/target_3.png
31,1,972,lattice,5,p,img/target_10.png
31,1,973,lattice,7,v,img/target_5.png
31,1,974,lattice,8,w,img/target_2.png
31,1,975,lattice,0,i,img/target_8.png
31,1,976,lattice,2,b,img/target_6.png
31,1,977,lattice,3,r,img/target_4.png
31,1,978,lattice,2,b,img/target_6.png
31,1,979,lattice,3,r,img/target_4.png
31,1,980,lattice,1,q,img/target_1.png
31,1,981,lattice,3,r,img/target_4.png
31,1,982,lattice,4,u,img/target_7.png
31,1,983,lattice,3,r,img/target_4.png
31,1,984,lattice,4,u,img/target_7.png
31,1,985,lattice,6,e,img/target_3.png
31,1,986,lattice,4,u,img/target_7.png
31,1,987,lattice,2,b,img/target_6.png
31,1,988,lattice,4,u,img/target_7.png
31,1,989,lattice,2,b,img/target_6.png
31,1,990,lattice,1,q,img/target_1.png
31,1,991,lattice,3,r,img/target_4.png
31,1,992,lattice,4,u,img/target_7.png
31,1,993,lattice,2,b,img/target_6.png
31,1,994,lattice,4,u,img/target_7.png
31,1,995,lattice,3,r,img/target_4.png
31,1,996,lattice,5,p,img/target_10.png
31,1,997,lattice,3,r,img/target_4.png
31,1,998,lattice,2,b,img/target_6.png
31,1,999,lattice,1,q,img/target_1.png
31,1,1000,lattice,9,o,img/target_9.png
