pID,sess,trialNum,graph,walk,resp,path
13,2,1,lattice,2,r,img/target_4.png
13,2,2,lattice,4,v,img/target_5.png
13,2,3,lattice,5,o,img/target_9.png
13,2,4,lattice,7,w,img/target_2.png
13,2,5,lattice,8,b,img/target_6.png
13,2,6,lattice,0,i,img/target_8.png
13,2,7,lattice,1,u,img/target_7.png
13,2,8,lattice,0,i,img/target_8.png
13,2,9,lattice,8,b,img/target_6.png
13,2,10,lattice,6,e,img/target_3.png
13,2,11,lattice,4,v,img/target_5.png
13,2,12,lattice,3,p,img/target_10.png
13,2,13,lattice,5,o,img/target_9.png
13,2,14,lattice,7,w,img/target_2.png
13,2,15,lattice,8,b,img/target_6.png
13,2,16,lattice,7,w,img/target_2.png
13,2,17,lattice,9,q,img/target_1.png
13,2,18,lattice,8,b,img/target_6.png
13,2,19,lattice,6,e,img/target_3.png
13,2,20,lattice,7,w,img/target_2.png
13,2,21,lattice,8,b,img/target_6.png
13,2,22,lattice,9,q,img/target_1.png
13,2,23,lattice,1,u,img/target_7.png
13,2,24,lattice,0,i,img/target_8.png
13,2,25,lattice,9,q,img/target_1.png
13,2,26,lattice,8,b,img/target_6.png
13,2,27,lattice,9,q,img/target_1.png
13,2,28,lattice,0,i,img/target_8.png
13,2,29,lattice,1,u,img/target_7.png
13,2,30,lattice,2,r,img/target_4.png
13,2,31,lattice,0,i,img/target_8.png
13,2,32,lattice,2,r,img/target_4.png
13,2,33,lattice,0,i,img/target_8.png
13,2,34,lattice,1,u,img/target_7.png
13,2,35,lattice,3,p,img/target_10.png
13,2,36,lattice,5,o,img/target_9.png
13,2,37,lattice,6,e,img/target_3.png
13,2,38,lattice,5,o,img/target_9.png
13,2,39,lattice,6,e,img/target_3.png
13,2,40,lattice,8,b,img/target_6.png
13,2,41,lattice,6,e,img/target_3.png
13,2,42,lattice,4,v,img/target_5.png
13,2,43,lattice,6,e,img/target_3.png
13,2,44,lattice,5,o,img/target_9.png
13,2,45,lattice,4,v,img/target_5.png
13,2,46,lattice,6,e,img/target_3.png
13,2,47,lattice,8,b,img/target_6.png
13,2,48,lattice,9,q,img/target_1.png
13,2,49,lattice,0,i,img/target_8.png
13,2,50,lattice,2,r,img/target_4.png
13,2,51,lattice,4,v,img/target_5.png
13,2,52,lattice,5,o,img/target_9.png
13,2,53,lattice,3,p,img/target_10.png
13,2,54,lattice,1,u,img/target_7.png
13,2,55,lattice,3,p,img/target_10.png
13,2,56,lattice,4,v,img/target_5.png
13,2,57,lattice,6,e,img/target_3.png
13,2,58,lattice,8,b,img/target_6.png
13,2,59,lattice,7,w,img/target_2.png
13,2,60,lattice,9,q,img/target_1.png
13,2,61,lattice,1,u,img/target_7.png
13,2,62,lattice,3,p,img/target_10.png
13,2,63,lattice,1,u,img/target_7.png
13,2,64,lattice,0,i,img/target_8.png
13,2,65,lattice,8,b,img/target_6.png
13,2,66,lattice,9,q,img/target_1.png
13,2,67,lattice,0,i,img/target_8.png
13,2,68,lattice,1,u,img/target_7.png
13,2,69,lattice,0,i,img/target_8.png
13,2,70,lattice,2,r,img/target_4.png
13,2,71,lattice,1,u,img/target_7.png
13,2,72,lattice,2,r,img/target_4.png
13,2,73,lattice,3,p,img/target_10.png
13,2,74,lattice,1,u,img/target_7.png
13,2,75,lattice,3,p,img/target_10.png
13,2,76,lattice,2,r,img/target_4.png
13,2,77,lattice,1,u,img/target_7.png
13,2,78,lattice,0,i,img/target_8.png
13,2,79,lattice,9,q,img/target_1.png
13,2,80,lattice,7,w,img/target_2.png
13,2,81,lattice,9,q,img/target_1.png
13,2,82,lattice,0,i,img/target_8.png
13,2,83,lattice,8,b,img/target_6.png
13,2,84,lattice,6,e,img/target_3.png
13,2,85,lattice,5,o,img/target_9.png
13,2,86,lattice,7,w,img/target_2.png
13,2,87,lattice,6,e,img/target_3.png
13,2,88,lattice,4,v,img/target_5.png
13,2,89,lattice,5,o,img/target_9.png
13,2,90,lattice,6,e,img/target_3.png
13,2,91,lattice,7,w,img/target_2.png
13,2,92,lattice,5,o,img/target_9.png
13,2,93,lattice,3,p,img/target_10.png
13,2,94,lattice,4,v,img/target_5.png
13,2,95,lattice,2,r,img/target_4.png
13,2,96,lattice,4,v,img/target_5.png
13,2,97,lattice,6,e,img/target_3.png
13,2,98,lattice,5,o,img/target_9.png
13,2,99,lattice,6,e,img/target_3.png
13,2,100,lattice,7,w,img/target_2.png
13,2,101,lattice,9,q,img/target_1.png
13,2,102,lattice,0,i,img/target_8.png
13,2,103,lattice,1,u,img/target_7.png
13,2,104,lattice,9,q,img/target_1.png
13,2,105,lattice,8,b,img/target_6.png
13,2,106,lattice,9,q,img/target_1.png
13,2,107,lattice,8,b,img/target_6.png
13,2,108,lattice,7,w,img/target_2.png
13,2,109,lattice,9,q,img/target_1.png
13,2,110,lattice,8,b,img/target_6.png
13,2,111,lattice,9,q,img/target_1.png
13,2,112,lattice,7,w,img/target_2.png
13,2,113,lattice,6,e,img/target_3.png
13,2,114,lattice,8,b,img/target_6.png
13,2,115,lattice,0,i,img/target_8.png
13,2,116,lattice,9,q,img/target_1.png
13,2,117,lattice,1,u,img/target_7.png
13,2,118,lattice,9,q,img/target_1.png
13,2,119,lattice,8,b,img/target_6.png
13,2,120,lattice,6,e,img/target_3.png
13,2,121,lattice,5,o,img/target_9.png
13,2,122,lattice,6,e,img/target_3.png
13,2,123,lattice,8,b,img/target_6.png
13,2,124,lattice,0,i,img/target_8.png
13,2,125,lattice,9,q,img/target_1.png
13,2,126,lattice,8,b,img/target_6.png
13,2,127,lattice,9,q,img/target_1.png
13,2,128,lattice,8,b,img/target_6.png
13,2,129,lattice,9,q,img/target_1.png
13,2,130,lattice,1,u,img/target_7.png
13,2,131,lattice,0,i,img/target_8.png
13,2,132,lattice,1,u,img/target_7.png
13,2,133,lattice,2,r,img/target_4.png
13,2,134,lattice,0,i,img/target_8.png
13,2,135,lattice,2,r,img/target_4.png
13,2,136,lattice,3,p,img/target_10.png
13,2,137,lattice,4,v,img/target_5.png
13,2,138,lattice,5,o,img/target_9.png
13,2,139,lattice,6,e,img/target_3.png
13,2,140,lattice,7,w,img/target_2.png
13,2,141,lattice,8,b,img/target_6.png
13,2,142,lattice,9,q,img/target_1.png
13,2,143,lattice,7,w,img/target_2.png
13,2,144,lattice,8,b,img/target_6.png
13,2,145,lattice,7,w,img/target_2.png
13,2,146,lattice,8,b,img/target_6.png
13,2,147,lattice,0,i,img/target_8.png
13,2,148,lattice,1,u,img/target_7.png
13,2,149,lattice,9,q,img/target_1.png
13,2,150,lattice,1,u,img/target_7.png
13,2,151,lattice,0,i,img/target_8.png
13,2,152,lattice,9,q,img/target_1.png
13,2,153,lattice,0,i,img/target_8.png
13,2,154,lattice,9,q,img/target_1.png
13,2,155,lattice,8,b,img/target_6.png
13,2,156,lattice,9,q,img/target_1.png
13,2,157,lattice,8,b,img/target_6.png
13,2,158,lattice,0,i,img/target_8.png
13,2,159,lattice,1,u,img/target_7.png
13,2,160,lattice,9,q,img/target_1.png
13,2,161,lattice,7,w,img/target_2.png
13,2,162,lattice,9,q,img/target_1.png
13,2,163,lattice,7,w,img/target_2.png
13,2,164,lattice,5,o,img/target_9.png
13,2,165,lattice,3,p,img/target_10.png
13,2,166,lattice,4,v,img/target_5.png
13,2,167,lattice,6,e,img/target_3.png
13,2,168,lattice,8,b,img/target_6.png
13,2,169,lattice,0,i,img/target_8.png
13,2,170,lattice,8,b,img/target_6.png
13,2,171,lattice,0,i,img/target_8.png
13,2,172,lattice,1,u,img/target_7.png
13,2,173,lattice,9,q,img/target_1.png
13,2,174,lattice,8,b,img/target_6.png
13,2,175,lattice,9,q,img/target_1.png
13,2,176,lattice,0,i,img/target_8.png
13,2,177,lattice,8,b,img/target_6.png
13,2,178,lattice,9,q,img/target_1.png
13,2,179,lattice,8,b,img/target_6.png
13,2,180,lattice,6,e,img/target_3.png
13,2,181,lattice,7,w,img/target_2.png
13,2,182,lattice,9,q,img/target_1.png
13,2,183,lattice,1,u,img/target_7.png
13,2,184,lattice,3,p,img/target_10.png
13,2,185,lattice,1,u,img/target_7.png
13,2,186,lattice,9,q,img/target_1.png
13,2,187,lattice,8,b,img/target_6.png
13,2,188,lattice,6,e,img/target_3.png
13,2,189,lattice,5,o,img/target_9.png
13,2,190,lattice,3,p,img/target_10.png
13,2,191,lattice,1,u,img/target_7.png
13,2,192,lattice,2,r,img/target_4.png
13,2,193,lattice,1,u,img/target_7.png
13,2,194,lattice,3,p,img/target_10.png
13,2,195,lattice,4,v,img/target_5.png
13,2,196,lattice,5,o,img/target_9.png
13,2,197,lattice,3,p,img/target_10.png
13,2,198,lattice,1,u,img/target_7.png
13,2,199,lattice,3,p,img/target_10.png
13,2,200,lattice,4,v,img/target_5.png
13,2,201,lattice,5,o,img/target_9.png
13,2,202,lattice,7,w,img/target_2.png
13,2,203,lattice,8,b,img/target_6.png
13,2,204,lattice,7,w,img/target_2.png
13,2,205,lattice,6,e,img/target_3.png
13,2,206,lattice,7,w,img/target_2.png
13,2,207,lattice,5,o,img/target_9.png
13,2,208,lattice,3,p,img/target_10.png
13,2,209,lattice,4,v,img/target_5.png
13,2,210,lattice,3,p,img/target_10.png
13,2,211,lattice,4,v,img/target_5.png
13,2,212,lattice,3,p,img/target_10.png
13,2,213,lattice,1,u,img/target_7.png
13,2,214,lattice,2,r,img/target_4.png
13,2,215,lattice,0,i,img/target_8.png
13,2,216,lattice,2,r,img/target_4.png
13,2,217,lattice,3,p,img/target_10.png
13,2,218,lattice,1,u,img/target_7.png
13,2,219,lattice,0,i,img/target_8.png
13,2,220,lattice,1,u,img/target_7.png
13,2,221,lattice,3,p,img/target_10.png
13,2,222,lattice,2,r,img/target_4.png
13,2,223,lattice,1,u,img/target_7.png
13,2,224,lattice,9,q,img/target_1.png
13,2,225,lattice,8,b,img/target_6.png
13,2,226,lattice,9,q,img/target_1.png
13,2,227,lattice,7,w,img/target_2.png
13,2,228,lattice,5,o,img/target_9.png
13,2,229,lattice,3,p,img/target_10.png
13,2,230,lattice,5,o,img/target_9.png
13,2,231,lattice,6,e,img/target_3.png
13,2,232,lattice,4,v,img/target_5.png
13,2,233,lattice,3,p,img/target_10.png
13,2,234,lattice,1,u,img/target_7.png
13,2,235,lattice,9,q,img/target_1.png
13,2,236,lattice,7,w,img/target_2.png
13,2,237,lattice,8,b,img/target_6.png
13,2,238,lattice,6,e,img/target_3.png
13,2,239,lattice,5,o,img/target_9.png
13,2,240,lattice,4,v,img/target_5.png
13,2,241,lattice,6,e,img/target_3.png
13,2,242,lattice,8,b,img/target_6.png
13,2,243,lattice,7,w,img/target_2.png
13,2,244,lattice,8,b,img/target_6.png
13,2,245,lattice,7,w,img/target_2.png
13,2,246,lattice,8,b,img/target_6.png
13,2,247,lattice,6,e,img/target_3.png
13,2,248,lattice,8,b,img/target_6.png
13,2,249,lattice,0,i,img/target_8.png
13,2,250,lattice,2,r,img/target_4.png
13,2,251,lattice,4,v,img/target_5.png
13,2,252,lattice,2,r,img/target_4.png
13,2,253,lattice,0,i,img/target_8.png
13,2,254,lattice,1,u,img/target_7.png
13,2,255,lattice,0,i,img/target_8.png
13,2,256,lattice,9,q,img/target_1.png
13,2,257,lattice,0,i,img/target_8.png
13,2,258,lattice,2,r,img/target_4.png
13,2,259,lattice,1,u,img/target_7.png
13,2,260,lattice,0,i,img/target_8.png
13,2,261,lattice,9,q,img/target_1.png
13,2,262,lattice,8,b,img/target_6.png
13,2,263,lattice,6,e,img/target_3.png
13,2,264,lattice,5,o,img/target_9.png
13,2,265,lattice,4,v,img/target_5.png
13,2,266,lattice,6,e,img/target_3.png
13,2,267,lattice,4,v,img/target_5.png
13,2,268,lattice,3,p,img/target_10.png
13,2,269,lattice,4,v,img/target_5.png
13,2,270,lattice,6,e,img/target_3.png
13,2,271,lattice,8,b,img/target_6.png
13,2,272,lattice,7,w,img/target_2.png
13,2,273,lattice,5,o,img/target_9.png
13,2,274,lattice,3,p,img/target_10.png
13,2,275,lattice,2,r,img/target_4.png
13,2,276,lattice,1,u,img/target_7.png
13,2,277,lattice,9,q,img/target_1.png
13,2,278,lattice,7,w,img/target_2.png
13,2,279,lattice,5,o,img/target_9.png
13,2,280,lattice,4,v,img/target_5.png
13,2,281,lattice,6,e,img/target_3.png
13,2,282,lattice,5,o,img/target_9.png
13,2,283,lattice,3,p,img/target_10.png
13,2,284,lattice,1,u,img/target_7.png
13,2,285,lattice,9,q,img/target_1.png
13,2,286,lattice,7,w,img/target_2.png
13,2,287,lattice,5,o,img/target_9.png
13,2,288,lattice,3,p,img/target_10.png
13,2,289,lattice,1,u,img/target_7.png
13,2,290,lattice,9,q,img/target_1.png
13,2,291,lattice,7,w,img/target_2.png
13,2,292,lattice,9,q,img/target_1.png
13,2,293,lattice,0,i,img/target_8.png
13,2,294,lattice,2,r,img/target_4.png
13,2,295,lattice,3,p,img/target_10.png
13,2,296,lattice,5,o,img/target_9.png
13,2,297,lattice,4,v,img/target_5.png
13,2,298,lattice,3,p,img/target_10.png
13,2,299,lattice,5,o,img/target_9.png
13,2,300,lattice,6,e,img/target_3.png
13,2,301,lattice,4,v,img/target_5.png
13,2,302,lattice,5,o,img/target_9.png
13,2,303,lattice,6,e,img/target_3.png
13,2,304,lattice,7,w,img/target_2.png
13,2,305,lattice,8,b,img/target_6.png
13,2,306,lattice,7,w,img/target_2.png
13,2,307,lattice,9,q,img/target_1.png
13,2,308,lattice,1,u,img/target_7.png
13,2,309,lattice,9,q,img/target_1.png
13,2,310,lattice,1,u,img/target_7.png
13,2,311,lattice,2,r,img/target_4.png
13,2,312,lattice,3,p,img/target_10.png
13,2,313,lattice,1,u,img/target_7.png
13,2,314,lattice,0,i,img/target_8.png
13,2,315,lattice,2,r,img/target_4.png
13,2,316,lattice,4,v,img/target_5.png
13,2,317,lattice,5,o,img/target_9.png
13,2,318,lattice,3,p,img/target_10.png
13,2,319,lattice,1,u,img/target_7.png
13,2,320,lattice,3,p,img/target_10.png
13,2,321,lattice,2,r,img/target_4.png
13,2,322,lattice,4,v,img/target_5.png
13,2,323,lattice,6,e,img/target_3.png
13,2,324,lattice,4,v,img/target_5.png
13,2,325,lattice,3,p,img/target_10.png
13,2,326,lattice,1,u,img/target_7.png
13,2,327,lattice,0,i,img/target_8.png
13,2,328,lattice,9,q,img/target_1.png
13,2,329,lattice,1,u,img/target_7.png
13,2,330,lattice,0,i,img/target_8.png
13,2,331,lattice,9,q,img/target_1.png
13,2,332,lattice,7,w,img/target_2.png
13,2,333,lattice,6,e,img/target_3.png
13,2,334,lattice,8,b,img/target_6.png
13,2,335,lattice,6,e,img/target_3.png
13,2,336,lattice,5,o,img/target_9.png
13,2,337,lattice,7,w,img/target_2.png
13,2,338,lattice,6,e,img/target_3.png
13,2,339,lattice,7,w,img/target_2.png
13,2,340,lattice,9,q,img/target_1.png
13,2,341,lattice,7,w,img/target_2.png
13,2,342,lattice,5,o,img/target_9.png
13,2,343,lattice,3,p,img/target_10.png
13,2,344,lattice,1,u,img/target_7.png
13,2,345,lattice,3,p,img/target_10.png
13,2,346,lattice,2,r,img/target_4.png
13,2,347,lattice,0,i,img/target_8.png
13,2,348,lattice,1,u,img/target_7.png
13,2,349,lattice,2,r,img/target_4.png
13,2,350,lattice,3,p,img/target_10.png
13,2,351,lattice,1,u,img/target_7.png
13,2,352,lattice,3,p,img/target_10.png
13,2,353,lattice,4,v,img/target_5.png
13,2,354,lattice,6,e,img/target_3.png
13,2,355,lattice,5,o,img/target_9.png
13,2,356,lattice,3,p,img/target_10.png
13,2,357,lattice,5,o,img/target_9.png
13,2,358,lattice,7,w,img/target_2.png
13,2,359,lattice,8,b,img/target_6.png
13,2,360,lattice,9,q,img/target_1.png
13,2,361,lattice,1,u,img/target_7.png
13,2,362,lattice,0,i,img/target_8.png
13,2,363,lattice,9,q,img/target_1.png
13,2,364,lattice,7,w,img/target_2.png
13,2,365,lattice,6,e,img/target_3.png
13,2,366,lattice,4,v,img/target_5.png
13,2,367,lattice,3,p,img/target_10.png
13,2,368,lattice,5,o,img/target_9.png
13,2,369,lattice,3,p,img/target_10.png
13,2,370,lattice,4,v,img/target_5.png
13,2,371,lattice,5,o,img/target_9.png
13,2,372,lattice,7,w,img/target_2.png
13,2,373,lattice,9,q,img/target_1.png
13,2,374,lattice,8,b,img/target_6.png
13,2,375,lattice,0,i,img/target_8.png
13,2,376,lattice,8,b,img/target_6.png
13,2,377,lattice,6,e,img/target_3.png
13,2,378,lattice,4,v,img/target_5.png
13,2,379,lattice,3,p,img/target_10.png
13,2,380,lattice,2,r,img/target_4.png
13,2,381,lattice,4,v,img/target_5.png
13,2,382,lattice,2,r,img/target_4.png
13,2,383,lattice,3,p,img/target_10.png
13,2,384,lattice,1,u,img/target_7.png
13,2,385,lattice,0,i,img/target_8.png
13,2,386,lattice,8,b,img/target_6.png
13,2,387,lattice,7,w,img/target_2.png
13,2,388,lattice,6,e,img/target_3.png
13,2,389,lattice,5,o,img/target_9.png
13,2,390,lattice,3,p,img/target_10.png
13,2,391,lattice,2,r,img/target_4.png
13,2,392,lattice,4,v,img/target_5.png
13,2,393,lattice,6,e,img/target_3.png
13,2,394,lattice,7,w,img/target_2.png
13,2,395,lattice,8,b,img/target_6.png
13,2,396,lattice,0,i,img/target_8.png
13,2,397,lattice,2,r,img/target_4.png
13,2,398,lattice,3,p,img/target_10.png
13,2,399,lattice,1,u,img/target_7.png
13,2,400,lattice,3,p,img/target_10.png
13,2,401,lattice,2,r,img/target_4.png
13,2,402,lattice,1,u,img/target_7.png
13,2,403,lattice,3,p,img/target_10.png
13,2,404,lattice,4,v,img/target_5.png
13,2,405,lattice,5,o,img/target_9.png
13,2,406,lattice,4,v,img/target_5.png
13,2,407,lattice,2,r,img/target_4.png
13,2,408,lattice,0,i,img/target_8.png
13,2,409,lattice,1,u,img/target_7.png
13,2,410,lattice,2,r,img/target_4.png
13,2,411,lattice,3,p,img/target_10.png
13,2,412,lattice,1,u,img/target_7.png
13,2,413,lattice,0,i,img/target_8.png
13,2,414,lattice,8,b,img/target_6.png
13,2,415,lattice,6,e,img/target_3.png
13,2,416,lattice,7,w,img/target_2.png
13,2,417,lattice,8,b,img/target_6.png
13,2,418,lattice,6,e,img/target_3.png
13,2,419,lattice,4,v,img/target_5.png
13,2,420,lattice,2,r,img/target_4.png
13,2,421,lattice,1,u,img/target_7.png
13,2,422,lattice,9,q,img/target_1.png
13,2,423,lattice,0,i,img/target_8.png
13,2,424,lattice,9,q,img/target_1.png
13,2,425,lattice,7,w,img/target_2.png
13,2,426,lattice,5,o,img/target_9.png
13,2,427,lattice,4,v,img/target_5.png
13,2,428,lattice,5,o,img/target_9.png
13,2,429,lattice,3,p,img/target_10.png
13,2,430,lattice,1,u,img/target_7.png
13,2,431,lattice,2,r,img/target_4.png
13,2,432,lattice,1,u,img/target_7.png
13,2,433,lattice,2,r,img/target_4.png
13,2,434,lattice,0,i,img/target_8.png
13,2,435,lattice,2,r,img/target_4.png
13,2,436,lattice,3,p,img/target_10.png
13,2,437,lattice,5,o,img/target_9.png
13,2,438,lattice,4,v,img/target_5.png
13,2,439,lattice,2,r,img/target_4.png
13,2,440,lattice,0,i,img/target_8.png
13,2,441,lattice,1,u,img/target_7.png
13,2,442,lattice,2,r,img/target_4.png
13,2,443,lattice,0,i,img/target_8.png
13,2,444,lattice,2,r,img/target_4.png
13,2,445,lattice,3,p,img/target_10.png
13,2,446,lattice,2,r,img/target_4.png
13,2,447,lattice,3,p,img/target_10.png
13,2,448,lattice,4,v,img/target_5.png
13,2,449,lattice,3,p,img/target_10.png
13,2,450,lattice,4,v,img/target_5.png
13,2,451,lattice,2,r,img/target_4.png
13,2,452,lattice,4,v,img/target_5.png
13,2,453,lattice,5,o,img/target_9.png
13,2,454,lattice,4,v,img/target_5.png
13,2,455,lattice,2,r,img/target_4.png
13,2,456,lattice,0,i,img/target_8.png
13,2,457,lattice,9,q,img/target_1.png
13,2,458,lattice,0,i,img/target_8.png
13,2,459,lattice,2,r,img/target_4.png
13,2,460,lattice,4,v,img/target_5.png
13,2,461,lattice,6,e,img/target_3.png
13,2,462,lattice,8,b,img/target_6.png
13,2,463,lattice,7,w,img/target_2.png
13,2,464,lattice,6,e,img/target_3.png
13,2,465,lattice,7,w,img/target_2.png
13,2,466,lattice,9,q,img/target_1.png
13,2,467,lattice,0,i,img/target_8.png
13,2,468,lattice,1,u,img/target_7.png
13,2,469,lattice,9,q,img/target_1.png
13,2,470,lattice,7,w,img/target_2.png
13,2,471,lattice,5,o,img/target_9.png
13,2,472,lattice,3,p,img/target_10.png
13,2,473,lattice,2,r,img/target_4.png
13,2,474,lattice,0,i,img/target_8.png
13,2,475,lattice,8,b,img/target_6.png
13,2,476,lattice,9,q,img/target_1.png
13,2,477,lattice,8,b,img/target_6.png
13,2,478,lattice,9,q,img/target_1.png
13,2,479,lattice,0,i,img/target_8.png
13,2,480,lattice,2,r,img/target_4.png
13,2,481,lattice,3,p,img/target_10.png
13,2,482,lattice,4,v,img/target_5.png
13,2,483,lattice,2,r,img/target_4.png
13,2,484,lattice,1,u,img/target_7.png
13,2,485,lattice,2,r,img/target_4.png
13,2,486,lattice,1,u,img/target_7.png
13,2,487,lattice,2,r,img/target_4.png
13,2,488,lattice,0,i,img/target_8.png
13,2,489,lattice,1,u,img/target_7.png
13,2,490,lattice,0,i,img/target_8.png
13,2,491,lattice,9,q,img/target_1.png
13,2,492,lattice,7,w,img/target_2.png
13,2,493,lattice,5,o,img/target_9.png
13,2,494,lattice,3,p,img/target_10.png
13,2,495,lattice,5,o,img/target_9.png
13,2,496,lattice,6,e,img/target_3.png
13,2,497,lattice,8,b,img/target_6.png
13,2,498,lattice,6,e,img/target_3.png
13,2,499,lattice,8,b,img/target_6.png
13,2,500,lattice,6,e,img/target_3.png
13,2,501,lattice,4,v,img/target_5.png
13,2,502,lattice,5,o,img/target_9.png
13,2,503,lattice,6,e,img/target_3.png
13,2,504,lattice,5,o,img/target_9.png
13,2,505,lattice,4,v,img/target_5.png
13,2,506,lattice,6,e,img/target_3.png
13,2,507,lattice,4,v,img/target_5.png
13,2,508,lattice,2,r,img/target_4.png
13,2,509,lattice,4,v,img/target_5.png
13,2,510,lattice,2,r,img/target_4.png
13,2,511,lattice,0,i,img/target_8.png
13,2,512,lattice,8,b,img/target_6.png
13,2,513,lattice,0,i,img/target_8.png
13,2,514,lattice,9,q,img/target_1.png
13,2,515,lattice,1,u,img/target_7.png
13,2,516,lattice,2,r,img/target_4.png
13,2,517,lattice,1,u,img/target_7.png
13,2,518,lattice,2,r,img/target_4.png
13,2,519,lattice,1,u,img/target_7.png
13,2,520,lattice,3,p,img/target_10.png
13,2,521,lattice,4,v,img/target_5.png
13,2,522,lattice,6,e,img/target_3.png
13,2,523,lattice,5,o,img/target_9.png
13,2,524,lattice,7,w,img/target_2.png
13,2,525,lattice,6,e,img/target_3.png
13,2,526,lattice,8,b,img/target_6.png
13,2,527,lattice,7,w,img/target_2.png
13,2,528,lattice,8,b,img/target_6.png
13,2,529,lattice,9,q,img/target_1.png
13,2,530,lattice,8,b,img/target_6.png
13,2,531,lattice,9,q,img/target_1.png
13,2,532,lattice,8,b,img/target_6.png
13,2,533,lattice,7,w,img/target_2.png
13,2,534,lattice,6,e,img/target_3.png
13,2,535,lattice,8,b,img/target_6.png
13,2,536,lattice,7,w,img/target_2.png
13,2,537,lattice,6,e,img/target_3.png
13,2,538,lattice,8,b,img/target_6.png
13,2,539,lattice,6,e,img/target_3.png
13,2,540,lattice,5,o,img/target_9.png
13,2,541,lattice,4,v,img/target_5.png
13,2,542,lattice,3,p,img/target_10.png
13,2,543,lattice,4,v,img/target_5.png
13,2,544,lattice,3,p,img/target_10.png
13,2,545,lattice,4,v,img/target_5.png
13,2,546,lattice,6,e,img/target_3.png
13,2,547,lattice,8,b,img/target_6.png
13,2,548,lattice,7,w,img/target_2.png
13,2,549,lattice,5,o,img/target_9.png
13,2,550,lattice,7,w,img/target_2.png
13,2,551,lattice,8,b,img/target_6.png
13,2,552,lattice,9,q,img/target_1.png
13,2,553,lattice,1,u,img/target_7.png
13,2,554,lattice,9,q,img/target_1.png
13,2,555,lattice,8,b,img/target_6.png
13,2,556,lattice,0,i,img/target_8.png
13,2,557,lattice,2,r,img/target_4.png
13,2,558,lattice,4,v,img/target_5.png
13,2,559,lattice,6,e,img/target_3.png
13,2,560,lattice,8,b,img/target_6.png
13,2,561,lattice,6,e,img/target_3.png
13,2,562,lattice,4,v,img/target_5.png
13,2,563,lattice,2,r,img/target_4.png
13,2,564,lattice,4,v,img/target_5.png
13,2,565,lattice,2,r,img/target_4.png
13,2,566,lattice,1,u,img/target_7.png
13,2,567,lattice,2,r,img/target_4.png
13,2,568,lattice,1,u,img/target_7.png
13,2,569,lattice,2,r,img/target_4.png
13,2,570,lattice,4,v,img/target_5.png
13,2,571,lattice,5,o,img/target_9.png
13,2,572,lattice,4,v,img/target_5.png
13,2,573,lattice,3,p,img/target_10.png
13,2,574,lattice,1,u,img/target_7.png
13,2,575,lattice,0,i,img/target_8.png
13,2,576,lattice,8,b,img/target_6.png
13,2,577,lattice,9,q,img/target_1.png
13,2,578,lattice,1,u,img/target_7.png
13,2,579,lattice,0,i,img/target_8.png
13,2,580,lattice,1,u,img/target_7.png
13,2,581,lattice,2,r,img/target_4.png
13,2,582,lattice,1,u,img/target_7.png
13,2,583,lattice,0,i,img/target_8.png
13,2,584,lattice,1,u,img/target_7.png
13,2,585,lattice,3,p,img/target_10.png
13,2,586,lattice,5,o,img/target_9.png
13,2,587,lattice,6,e,img/target_3.png
13,2,588,lattice,8,b,img/target_6.png
13,2,589,lattice,7,w,img/target_2.png
13,2,590,lattice,5,o,img/target_9.png
13,2,591,lattice,3,p,img/target_10.png
13,2,592,lattice,1,u,img/target_7.png
13,2,593,lattice,3,p,img/target_10.png
13,2,594,lattice,2,r,img/target_4.png
13,2,595,lattice,3,p,img/target_10.png
13,2,596,lattice,4,v,img/target_5.png
13,2,597,lattice,3,p,img/target_10.png
13,2,598,lattice,5,o,img/target_9.png
13,2,599,lattice,4,v,img/target_5.png
13,2,600,lattice,6,e,img/target_3.png
13,2,601,lattice,8,b,img/target_6.png
13,2,602,lattice,7,w,img/target_2.png
13,2,603,lattice,9,q,img/target_1.png
13,2,604,lattice,1,u,img/target_7.png
13,2,605,lattice,2,r,img/target_4.png
13,2,606,lattice,3,p,img/target_10.png
13,2,607,lattice,2,r,img/target_4.png
13,2,608,lattice,3,p,img/target_10.png
13,2,609,lattice,4,v,img/target_5.png
13,2,610,lattice,2,r,img/target_4.png
13,2,611,lattice,0,i,img/target_8.png
13,2,612,lattice,2,r,img/target_4.png
13,2,613,lattice,4,v,img/target_5.png
13,2,614,lattice,6,e,img/target_3.png
13,2,615,lattice,5,o,img/target_9.png
13,2,616,lattice,3,p,img/target_10.png
13,2,617,lattice,2,r,img/target_4.png
13,2,618,lattice,0,i,img/target_8.png
13,2,619,lattice,2,r,img/target_4.png
13,2,620,lattice,3,p,img/target_10.png
13,2,621,lattice,5,o,img/target_9.png
13,2,622,lattice,4,v,img/target_5.png
13,2,623,lattice,6,e,img/target_3.png
13,2,624,lattice,5,o,img/target_9.png
13,2,625,lattice,4,v,img/target_5.png
13,2,626,lattice,3,p,img/target_10.png
13,2,627,lattice,1,u,img/target_7.png
13,2,628,lattice,0,i,img/target_8.png
13,2,629,lattice,9,q,img/target_1.png
13,2,630,lattice,0,i,img/target_8.png
13,2,631,lattice,1,u,img/target_7.png
13,2,632,lattice,0,i,img/target_8.png
13,2,633,lattice,8,b,img/target_6.png
13,2,634,lattice,7,w,img/target_2.png
13,2,635,lattice,9,q,img/target_1.png
13,2,636,lattice,8,b,img/target_6.png
13,2,637,lattice,6,e,img/target_3.png
13,2,638,lattice,5,o,img/target_9.png
13,2,639,lattice,6,e,img/target_3.png
13,2,640,lattice,4,v,img/target_5.png
13,2,641,lattice,6,e,img/target_3.png
13,2,642,lattice,5,o,img/target_9.png
13,2,643,lattice,7,w,img/target_2.png
13,2,644,lattice,9,q,img/target_1.png
13,2,645,lattice,8,b,img/target_6.png
13,2,646,lattice,0,i,img/target_8.png
13,2,647,lattice,8,b,img/target_6.png
13,2,648,lattice,9,q,img/target_1.png
13,2,649,lattice,8,b,img/target_6.png
13,2,650,lattice,0,i,img/target_8.png
13,2,651,lattice,2,r,img/target_4.png
13,2,652,lattice,4,v,img/target_5.png
13,2,653,lattice,3,p,img/target_10.png
13,2,654,lattice,4,v,img/target_5.png
13,2,655,lattice,6,e,img/target_3.png
13,2,656,lattice,7,w,img/target_2.png
13,2,657,lattice,8,b,img/target_6.png
13,2,658,lattice,7,w,img/target_2.png
13,2,659,lattice,5,o,img/target_9.png
13,2,660,lattice,6,e,img/target_3.png
13,2,661,lattice,8,b,img/target_6.png
13,2,662,lattice,9,q,img/target_1.png
13,2,663,lattice,8,b,img/target_6.png
13,2,664,lattice,6,e,img/target_3.png
13,2,665,lattice,4,v,img/target_5.png
13,2,666,lattice,3,p,img/target_10.png
13,2,667,lattice,1,u,img/target_7.png
13,2,668,lattice,0,i,img/target_8.png
13,2,669,lattice,1,u,img/target_7.png
13,2,670,lattice,2,r,img/target_4.png
13,2,671,lattice,3,p,img/target_10.png
13,2,672,lattice,1,u,img/target_7.png
13,2,673,lattice,9,q,img/target_1.png
13,2,674,lattice,1,u,img/target_7.png
13,2,675,lattice,9,q,img/target_1.png
13,2,676,lattice,7,w,img/target_2.png
13,2,677,lattice,8,b,img/target_6.png
13,2,678,lattice,0,i,img/target_8.png
13,2,679,lattice,2,r,img/target_4.png
13,2,680,lattice,4,v,img/target_5.png
13,2,681,lattice,3,p,img/target_10.png
13,2,682,lattice,1,u,img/target_7.png
13,2,683,lattice,9,q,img/target_1.png
13,2,684,lattice,0,i,img/target_8.png
13,2,685,lattice,1,u,img/target_7.png
13,2,686,lattice,2,r,img/target_4.png
13,2,687,lattice,0,i,img/target_8.png
13,2,688,lattice,2,r,img/target_4.png
13,2,689,lattice,3,p,img/target_10.png
13,2,690,lattice,2,r,img/target_4.png
13,2,691,lattice,3,p,img/target_10.png
13,2,692,lattice,4,v,img/target_5.png
13,2,693,lattice,3,p,img/target_10.png
13,2,694,lattice,2,r,img/target_4.png
13,2,695,lattice,1,u,img/target_7.png
13,2,696,lattice,3,p,img/target_10.png
13,2,697,lattice,2,r,img/target_4.png
13,2,698,lattice,1,u,img/target_7.png
13,2,699,lattice,3,p,img/target_10.png
13,2,700,lattice,4,v,img/target_5.png
13,2,701,lattice,2,r,img/target_4.png
13,2,702,lattice,1,u,img/target_7.png
13,2,703,lattice,9,q,img/target_1.png
13,2,704,lattice,8,b,img/target_6.png
13,2,705,lattice,9,q,img/target_1.png
13,2,706,lattice,7,w,img/target_2.png
13,2,707,lattice,5,o,img/target_9.png
13,2,708,lattice,7,w,img/target_2.png
13,2,709,lattice,8,b,img/target_6.png
13,2,710,lattice,0,i,img/target_8.png
13,2,711,lattice,1,u,img/target_7.png
13,2,712,lattice,0,i,img/target_8.png
13,2,713,lattice,1,u,img/target_7.png
13,2,714,lattice,0,i,img/target_8.png
13,2,715,lattice,9,q,img/target_1.png
13,2,716,lattice,1,u,img/target_7.png
13,2,717,lattice,9,q,img/target_1.png
13,2,718,lattice,1,u,img/target_7.png
13,2,719,lattice,9,q,img/target_1.png
13,2,720,lattice,7,w,img/target_2.png
13,2,721,lattice,8,b,img/target_6.png
13,2,722,lattice,0,i,img/target_8.png
13,2,723,lattice,8,b,img/target_6.png
13,2,724,lattice,0,i,img/target_8.png
13,2,725,lattice,9,q,img/target_1.png
13,2,726,lattice,7,w,img/target_2.png
13,2,727,lattice,8,b,img/target_6.png
13,2,728,lattice,6,e,img/target_3.png
13,2,729,lattice,7,w,img/target_2.png
13,2,730,lattice,8,b,img/target_6.png
13,2,731,lattice,9,q,img/target_1.png
13,2,732,lattice,1,u,img/target_7.png
13,2,733,lattice,9,q,img/target_1.png
13,2,734,lattice,8,b,img/target_6.png
13,2,735,lattice,9,q,img/target_1.png
13,2,736,lattice,8,b,img/target_6.png
13,2,737,lattice,7,w,img/target_2.png
13,2,738,lattice,8,b,img/target_6.png
13,2,739,lattice,7,w,img/target_2.png
13,2,740,lattice,5,o,img/target_9.png
13,2,741,lattice,7,w,img/target_2.png
13,2,742,lattice,5,o,img/target_9.png
13,2,743,lattice,4,v,img/target_5.png
13,2,744,lattice,6,e,img/target_3.png
13,2,745,lattice,7,w,img/target_2.png
13,2,746,lattice,9,q,img/target_1.png
13,2,747,lattice,0,i,img/target_8.png
13,2,748,lattice,1,u,img/target_7.png
13,2,749,lattice,3,p,img/target_10.png
13,2,750,lattice,4,v,img/target_5.png
13,2,751,lattice,5,o,img/target_9.png
13,2,752,lattice,4,v,img/target_5.png
13,2,753,lattice,6,e,img/target_3.png
13,2,754,lattice,5,o,img/target_9.png
13,2,755,lattice,6,e,img/target_3.png
13,2,756,lattice,7,w,img/target_2.png
13,2,757,lattice,5,o,img/target_9.png
13,2,758,lattice,4,v,img/target_5.png
13,2,759,lattice,6,e,img/target_3.png
13,2,760,lattice,7,w,img/target_2.png
13,2,761,lattice,6,e,img/target_3.png
13,2,762,lattice,7,w,img/target_2.png
13,2,763,lattice,5,o,img/target_9.png
13,2,764,lattice,7,w,img/target_2.png
13,2,765,lattice,9,q,img/target_1.png
13,2,766,lattice,1,u,img/target_7.png
13,2,767,lattice,0,i,img/target_8.png
13,2,768,lattice,2,r,img/target_4.png
13,2,769,lattice,0,i,img/target_8.png
13,2,770,lattice,2,r,img/target_4.png
13,2,771,lattice,4,v,img/target_5.png
13,2,772,lattice,2,r,img/target_4.png
13,2,773,lattice,3,p,img/target_10.png
13,2,774,lattice,2,r,img/target_4.png
13,2,775,lattice,4,v,img/target_5.png
13,2,776,lattice,6,e,img/target_3.png
13,2,777,lattice,5,o,img/target_9.png
13,2,778,lattice,6,e,img/target_3.png
13,2,779,lattice,8,b,img/target_6.png
13,2,780,lattice,7,w,img/target_2.png
13,2,781,lattice,6,e,img/target_3.png
13,2,782,lattice,4,v,img/target_5.png
13,2,783,lattice,6,e,img/target_3.png
13,2,784,lattice,4,v,img/target_5.png
13,2,785,lattice,6,e,img/target_3.png
13,2,786,lattice,5,o,img/target_9.png
13,2,787,lattice,7,w,img/target_2.png
13,2,788,lattice,5,o,img/target_9.png
13,2,789,lattice,7,w,img/target_2.png
13,2,790,lattice,5,o,img/target_9.png
13,2,791,lattice,4,v,img/target_5.png
13,2,792,lattice,3,p,img/target_10.png
13,2,793,lattice,5,o,img/target_9.png
13,2,794,lattice,7,w,img/target_2.png
13,2,795,lattice,6,e,img/target_3.png
13,2,796,lattice,5,o,img/target_9.png
13,2,797,lattice,7,w,img/target_2.png
13,2,798,lattice,9,q,img/target_1.png
13,2,799,lattice,8,b,img/target_6.png
13,2,800,lattice,9,q,img/target_1.png
13,2,801,lattice,8,b,img/target_6.png
13,2,802,lattice,6,e,img/target_3.png
13,2,803,lattice,8,b,img/target_6.png
13,2,804,lattice,7,w,img/target_2.png
13,2,805,lattice,9,q,img/target_1.png
13,2,806,lattice,1,u,img/target_7.png
13,2,807,lattice,2,r,img/target_4.png
13,2,808,lattice,3,p,img/target_10.png
13,2,809,lattice,4,v,img/target_5.png
13,2,810,lattice,3,p,img/target_10.png
13,2,811,lattice,5,o,img/target_9.png
13,2,812,lattice,7,w,img/target_2.png
13,2,813,lattice,6,e,img/target_3.png
13,2,814,lattice,8,b,img/target_6.png
13,2,815,lattice,9,q,img/target_1.png
13,2,816,lattice,7,w,img/target_2.png
13,2,817,lattice,6,e,img/target_3.png
13,2,818,lattice,5,o,img/target_9.png
13,2,819,lattice,6,e,img/target_3.png
13,2,820,lattice,4,v,img/target_5.png
13,2,821,lattice,3,p,img/target_10.png
13,2,822,lattice,1,u,img/target_7.png
13,2,823,lattice,2,r,img/target_4.png
13,2,824,lattice,1,u,img/target_7.png
13,2,825,lattice,0,i,img/target_8.png
13,2,826,lattice,1,u,img/target_7.png
13,2,827,lattice,2,r,img/target_4.png
13,2,828,lattice,3,p,img/target_10.png
13,2,829,lattice,5,o,img/target_9.png
13,2,830,lattice,6,e,img/target_3.png
13,2,831,lattice,5,o,img/target_9.png
13,2,832,lattice,3,p,img/target_10.png
13,2,833,lattice,4,v,img/target_5.png
13,2,834,lattice,2,r,img/target_4.png
13,2,835,lattice,0,i,img/target_8.png
13,2,836,lattice,1,u,img/target_7.png
13,2,837,lattice,3,p,img/target_10.png
13,2,838,lattice,5,o,img/target_9.png
13,2,839,lattice,7,w,img/target_2.png
13,2,840,lattice,8,b,img/target_6.png
13,2,841,lattice,6,e,img/target_3.png
13,2,842,lattice,8,b,img/target_6.png
13,2,843,lattice,9,q,img/target_1.png
13,2,844,lattice,7,w,img/target_2.png
13,2,845,lattice,8,b,img/target_6.png
13,2,846,lattice,7,w,img/target_2.png
13,2,847,lattice,9,q,img/target_1.png
13,2,848,lattice,8,b,img/target_6.png
13,2,849,lattice,0,i,img/target_8.png
13,2,850,lattice,9,q,img/target_1.png
13,2,851,lattice,8,b,img/target_6.png
13,2,852,lattice,0,i,img/target_8.png
13,2,853,lattice,9,q,img/target_1.png
13,2,854,lattice,0,i,img/target_8.png
13,2,855,lattice,8,b,img/target_6.png
13,2,856,lattice,6,e,img/target_3.png
13,2,857,lattice,8,b,img/target_6.png
13,2,858,lattice,9,q,img/target_1.png
13,2,859,lattice,7,w,img/target_2.png
13,2,860,lattice,8,b,img/target_6.png
13,2,861,lattice,6,e,img/target_3.png
13,2,862,lattice,7,w,img/target_2.png
13,2,863,lattice,9,q,img/target_1.png
13,2,864,lattice,7,w,img/target_2.png
13,2,865,lattice,9,q,img/target_1.png
13,2,866,lattice,7,w,img/target_2.png
13,2,867,lattice,5,o,img/target_9.png
13,2,868,lattice,7,w,img/target_2.png
13,2,869,lattice,8,b,img/target_6.png
13,2,870,lattice,6,e,img/target_3.png
13,2,871,lattice,7,w,img/target_2.png
13,2,872,lattice,5,o,img/target_9.png
13,2,873,lattice,3,p,img/target_10.png
13,2,874,lattice,2,r,img/target_4.png
13,2,875,lattice,4,v,img/target_5.png
13,2,876,lattice,3,p,img/target_10.png
13,2,877,lattice,5,o,img/target_9.png
13,2,878,lattice,7,w,img/target_2.png
13,2,879,lattice,9,q,img/target_1.png
13,2,880,lattice,8,b,img/target_6.png
13,2,881,lattice,9,q,img/target_1.png
13,2,882,lattice,8,b,img/target_6.png
13,2,883,lattice,7,w,img/target_2.png
13,2,884,lattice,8,b,img/target_6.png
13,2,885,lattice,0,i,img/target_8.png
13,2,886,lattice,9,q,img/target_1.png
13,2,887,lattice,7,w,img/target_2.png
13,2,888,lattice,9,q,img/target_1.png
13,2,889,lattice,1,u,img/target_7.png
13,2,890,lattice,3,p,img/target_10.png
13,2,891,lattice,5,o,img/target_9.png
13,2,892,lattice,4,v,img/target_5.png
13,2,893,lattice,3,p,img/target_10.png
13,2,894,lattice,1,u,img/target_7.png
13,2,895,lattice,0,i,img/target_8.png
13,2,896,lattice,2,r,img/target_4.png
13,2,897,lattice,4,v,img/target_5.png
13,2,898,lattice,3,p,img/target_10.png
13,2,899,lattice,4,v,img/target_5.png
13,2,900,lattice,3,p,img/target_10.png
13,2,901,lattice,5,o,img/target_9.png
13,2,902,lattice,6,e,img/target_3.png
13,2,903,lattice,7,w,img/target_2.png
13,2,904,lattice,5,o,img/target_9.png
13,2,905,lattice,7,w,img/target_2.png
13,2,906,lattice,8,b,img/target_6.png
13,2,907,lattice,7,w,img/target_2.png
13,2,908,lattice,5,o,img/target_9.png
13,2,909,lattice,4,v,img/target_5.png
13,2,910,lattice,6,e,img/target_3.png
13,2,911,lattice,5,o,img/target_9.png
13,2,912,lattice,4,v,img/target_5.png
13,2,913,lattice,3,p,img/target_10.png
13,2,914,lattice,1,u,img/target_7.png
13,2,915,lattice,3,p,img/target_10.png
13,2,916,lattice,4,v,img/target_5.png
13,2,917,lattice,6,e,img/target_3.png
13,2,918,lattice,4,v,img/target_5.png
13,2,919,lattice,5,o,img/target_9.png
13,2,920,lattice,6,e,img/target_3.png
13,2,921,lattice,8,b,img/target_6.png
13,2,922,lattice,9,q,img/target_1.png
13,2,923,lattice,1,u,img/target_7.png
13,2,924,lattice,2,r,img/target_4.png
13,2,925,lattice,4,v,img/target_5.png
13,2,926,lattice,6,e,img/target_3.png
13,2,927,lattice,5,o,img/target_9.png
13,2,928,lattice,4,v,img/target_5.png
13,2,929,lattice,2,r,img/target_4.png
13,2,930,lattice,3,p,img/target_10.png
13,2,931,lattice,1,u,img/target_7.png
13,2,932,lattice,2,r,img/target_4.png
13,2,933,lattice,4,v,img/target_5.png
13,2,934,lattice,3,p,img/target_10.png
13,2,935,lattice,2,r,img/target_4.png
13,2,936,lattice,1,u,img/target_7.png
13,2,937,lattice,0,i,img/target_8.png
13,2,938,lattice,1,u,img/target_7.png
13,2,939,lattice,0,i,img/target_8.png
13,2,940,lattice,9,q,img/target_1.png
13,2,941,lattice,7,w,img/target_2.png
13,2,942,lattice,9,q,img/target_1.png
13,2,943,lattice,7,w,img/target_2.png
13,2,944,lattice,6,e,img/target_3.png
13,2,945,lattice,4,v,img/target_5.png
13,2,946,lattice,6,e,img/target_3.png
13,2,947,lattice,7,w,img/target_2.png
13,2,948,lattice,8,b,img/target_6.png
13,2,949,lattice,6,e,img/target_3.png
13,2,950,lattice,8,b,img/target_6.png
13,2,951,lattice,7,w,img/target_2.png
13,2,952,lattice,9,q,img/target_1.png
13,2,953,lattice,8,b,img/target_6.png
13,2,954,lattice,0,i,img/target_8.png
13,2,955,lattice,1,u,img/target_7.png
13,2,956,lattice,3,p,img/target_10.png
13,2,957,lattice,2,r,img/target_4.png
13,2,958,lattice,3,p,img/target_10.png
13,2,959,lattice,5,o,img/target_9.png
13,2,960,lattice,6,e,img/target_3.png
13,2,961,lattice,8,b,img/target_6.png
13,2,962,lattice,7,w,img/target_2.png
13,2,963,lattice,5,o,img/target_9.png
13,2,964,lattice,4,v,img/target_5.png
13,2,965,lattice,5,o,img/target_9.png
13,2,966,lattice,4,v,img/target_5.png
13,2,967,lattice,2,r,img/target_4.png
13,2,968,lattice,3,p,img/target_10.png
13,2,969,lattice,5,o,img/target_9.png
13,2,970,lattice,3,p,img/target_10.png
13,2,971,lattice,5,o,img/target_9.png
13,2,972,lattice,4,v,img/target_5.png
13,2,973,lattice,2,r,img/target_4.png
13,2,974,lattice,3,p,img/target_10.png
13,2,975,lattice,4,v,img/target_5.png
13,2,976,lattice,6,e,img/target_3.png
13,2,977,lattice,8,b,img/target_6.png
13,2,978,lattice,7,w,img/target_2.png
13,2,979,lattice,6,e,img/target_3.png
13,2,980,lattice,4,v,img/target_5.png
13,2,981,lattice,5,o,img/target_9.png
13,2,982,lattice,4,v,img/target_5.png
13,2,983,lattice,6,e,img/target_3.png
13,2,984,lattice,8,b,img/target_6.png
13,2,985,lattice,7,w,img/target_2.png
13,2,986,lattice,8,b,img/target_6.png
13,2,987,lattice,9,q,img/target_1.png
13,2,988,lattice,1,u,img/target_7.png
13,2,989,lattice,2,r,img/target_4.png
13,2,990,lattice,1,u,img/target_7.png
13,2,991,lattice,2,r,img/target_4.png
13,2,992,lattice,1,u,img/target_7.png
13,2,993,lattice,3,p,img/target_10.png
13,2,994,lattice,5,o,img/target_9.png
13,2,995,lattice,6,e,img/target_3.png
13,2,996,lattice,7,w,img/target_2.png
13,2,997,lattice,6,e,img/target_3.png
13,2,998,lattice,5,o,img/target_9.png
13,2,999,lattice,7,w,img/target_2.png
13,2,1000,lattice,6,e,img/target_3.png
