pID,sess,trialNum,graph,walk,resp,path
13,1,1,lattice,1,u,img/target_7.png
13,1,2,lattice,3,p,img/target_10.png
13,1,3,lattice,4,v,img/target_5.png
13,1,4,lattice,6,e,img/target_3.png
13,1,5,lattice,8,b,img/target_6.png
13,1,6,lattice,7,w,img/target_2.png
13,1,7,lattice,8,b,img/target_6.png
13,1,8,lattice,9,q,img/target_1.png
13,1,9,lattice,7,w,img/target_2.png
13,1,10,lattice,6,e,img/target_3.png
13,1,11,lattice,4,v,img/target_5.png
13,1,12,lattice,3,p,img/target_10.png
13,1,13,lattice,4,v,img/target_5.png
13,1,14,lattice,6,e,img/target_3.png
13,1,15,lattice,7,w,img/target_2.png
13,1,16,lattice,6,e,img/target_3.png
13,1,17,lattice,4,v,img/target_5.png
13,1,18,lattice,6,e,img/target_3.png
13,1,19,lattice,4,v,img/target_5.png
13,1,20,lattice,5,o,img/target_9.png
13,1,21,lattice,4,v,img/target_5.png
13,1,22,lattice,6,e,img/target_3.png
13,1,23,lattice,4,v,img/target_5.png
13,1,24,lattice,6,e,img/target_3.png
13,1,25,lattice,4,v,img/target_5.png
13,1,26,lattice,5,o,img/target_9.png
13,1,27,lattice,4,v,img/target_5.png
13,1,28,lattice,3,p,img/target_10.png
13,1,29,lattice,5,o,img/target_9.png
13,1,30,lattice,3,p,img/target_10.png
13,1,31,lattice,1,u,img/target_7.png
13,1,32,lattice,9,q,img/target_1.png
13,1,33,lattice,1,u,img/target_7.png
13,1,34,lattice,3,p,img/target_10.png
13,1,35,lattice,1,u,img/target_7.png
13,1,36,lattice,3,p,img/target_10.png
13,1,37,lattice,2,r,img/target_4.png
13,1,38,lattice,4,v,img/target_5.png
13,1,39,lattice,3,p,img/target_10.png
13,1,40,lattice,5,o,img/target_9.png
13,1,41,lattice,6,e,img/target_3.png
13,1,42,lattice,7,w,img/target_2.png
13,1,43,lattice,5,o,img/target_9.png
13,1,44,lattice,7,w,img/target_2.png
13,1,45,lattice,5,o,img/target_9.png
13,1,46,lattice,7,w,img/target_2.png
13,1,47,lattice,8,b,img/target_6.png
13,1,48,lattice,0,i,img/target_8.png
13,1,49,lattice,8,b,img/target_6.png
13,1,50,lattice,6,e,img/target_3.png
13,1,51,lattice,7,w,img/target_2.png
13,1,52,lattice,5,o,img/target_9.png
13,1,53,lattice,3,p,img/target_10.png
13,1,54,lattice,4,v,img/target_5.png
13,1,55,lattice,5,o,img/target_9.png
13,1,56,lattice,4,v,img/target_5.png
13,1,57,lattice,5,o,img/target_9.png
13,1,58,lattice,4,v,img/target_5.png
13,1,59,lattice,6,e,img/target_3.png
13,1,60,lattice,7,w,img/target_2.png
13,1,61,lattice,6,e,img/target_3.png
13,1,62,lattice,4,v,img/target_5.png
13,1,63,lattice,5,o,img/target_9.png
13,1,64,lattice,4,v,img/target_5.png
13,1,65,lattice,5,o,img/target_9.png
13,1,66,lattice,6,e,img/target_3.png
13,1,67,lattice,5,o,img/target_9.png
13,1,68,lattice,7,w,img/target_2.png
13,1,69,lattice,6,e,img/target_3.png
13,1,70,lattice,8,b,img/target_6.png
13,1,71,lattice,7,w,img/target_2.png
13,1,72,lattice,9,q,img/target_1.png
13,1,73,lattice,1,u,img/target_7.png
13,1,74,lattice,9,q,img/target_1.png
13,1,75,lattice,1,u,img/target_7.png
13,1,76,lattice,2,r,img/target_4.png
13,1,77,lattice,3,p,img/target_10.png
13,1,78,lattice,1,u,img/target_7.png
13,1,79,lattice,3,p,img/target_10.png
13,1,80,lattice,2,r,img/target_4.png
13,1,81,lattice,0,i,img/target_8.png
13,1,82,lattice,9,q,img/target_1.png
13,1,83,lattice,8,b,img/target_6.png
13,1,84,lattice,7,w,img/target_2.png
13,1,85,lattice,8,b,img/target_6.png
13,1,86,lattice,6,e,img/target_3.png
13,1,87,lattice,8,b,img/target_6.png
13,1,88,lattice,6,e,img/target_3.png
13,1,89,lattice,4,v,img/target_5.png
13,1,90,lattice,6,e,img/target_3.png
13,1,91,lattice,5,o,img/target_9.png
13,1,92,lattice,6,e,img/target_3.png
13,1,93,lattice,8,b,img/target_6.png
13,1,94,lattice,6,e,img/target_3.png
13,1,95,lattice,8,b,img/target_6.png
13,1,96,lattice,9,q,img/target_1.png
13,1,97,lattice,7,w,img/target_2.png
13,1,98,lattice,8,b,img/target_6.png
13,1,99,lattice,7,w,img/target_2.png
13,1,100,lattice,9,q,img/target_1.png
13,1,101,lattice,7,w,img/target_2.png
13,1,102,lattice,9,q,img/target_1.png
13,1,103,lattice,8,b,img/target_6.png
13,1,104,lattice,6,e,img/target_3.png
13,1,105,lattice,4,v,img/target_5.png
13,1,106,lattice,3,p,img/target_10.png
13,1,107,lattice,4,v,img/target_5.png
13,1,108,lattice,6,e,img/target_3.png
13,1,109,lattice,5,o,img/target_9.png
13,1,110,lattice,6,e,img/target_3.png
13,1,111,lattice,8,b,img/target_6.png
13,1,112,lattice,0,i,img/target_8.png
13,1,113,lattice,2,r,img/target_4.png
13,1,114,lattice,0,i,img/target_8.png
13,1,115,lattice,9,q,img/target_1.png
13,1,116,lattice,8,b,img/target_6.png
13,1,117,lattice,6,e,img/target_3.png
13,1,118,lattice,7,w,img/target_2.png
13,1,119,lattice,8,b,img/target_6.png
13,1,120,lattice,6,e,img/target_3.png
13,1,121,lattice,5,o,img/target_9.png
13,1,122,lattice,6,e,img/target_3.png
13,1,123,lattice,8,b,img/target_6.png
13,1,124,lattice,0,i,img/target_8.png
13,1,125,lattice,1,u,img/target_7.png
13,1,126,lattice,3,p,img/target_10.png
13,1,127,lattice,1,u,img/target_7.png
13,1,128,lattice,9,q,img/target_1.png
13,1,129,lattice,0,i,img/target_8.png
13,1,130,lattice,8,b,img/target_6.png
13,1,131,lattice,6,e,img/target_3.png
13,1,132,lattice,7,w,img/target_2.png
13,1,133,lattice,9,q,img/target_1.png
13,1,134,lattice,0,i,img/target_8.png
13,1,135,lattice,2,r,img/target_4.png
13,1,136,lattice,0,i,img/target_8.png
13,1,137,lattice,9,q,img/target_1.png
13,1,138,lattice,8,b,img/target_6.png
13,1,139,lattice,6,e,img/target_3.png
13,1,140,lattice,4,v,img/target_5.png
13,1,141,lattice,5,o,img/target_9.png
13,1,142,lattice,4,v,img/target_5.png
13,1,143,lattice,5,o,img/target_9.png
13,1,144,lattice,7,w,img/target_2.png
13,1,145,lattice,8,b,img/target_6.png
13,1,146,lattice,7,w,img/target_2.png
13,1,147,lattice,8,b,img/target_6.png
13,1,148,lattice,0,i,img/target_8.png
13,1,149,lattice,9,q,img/target_1.png
13,1,150,lattice,0,i,img/target_8.png
13,1,151,lattice,1,u,img/target_7.png
13,1,152,lattice,0,i,img/target_8.png
13,1,153,lattice,9,q,img/target_1.png
13,1,154,lattice,8,b,img/target_6.png
13,1,155,lattice,6,e,img/target_3.png
13,1,156,lattice,5,o,img/target_9.png
13,1,157,lattice,7,w,img/target_2.png
13,1,158,lattice,8,b,img/target_6.png
13,1,159,lattice,0,i,img/target_8.png
13,1,160,lattice,9,q,img/target_1.png
13,1,161,lattice,1,u,img/target_7.png
13,1,162,lattice,2,r,img/target_4.png
13,1,163,lattice,3,p,img/target_10.png
13,1,164,lattice,1,u,img/target_7.png
13,1,165,lattice,2,r,img/target_4.png
13,1,166,lattice,1,u,img/target_7.png
13,1,167,lattice,3,p,img/target_10.png
13,1,168,lattice,5,o,img/target_9.png
13,1,169,lattice,7,w,img/target_2.png
13,1,170,lattice,9,q,img/target_1.png
13,1,171,lattice,0,i,img/target_8.png
13,1,172,lattice,2,r,img/target_4.png
13,1,173,lattice,1,u,img/target_7.png
13,1,174,lattice,0,i,img/target_8.png
13,1,175,lattice,9,q,img/target_1.png
13,1,176,lattice,0,i,img/target_8.png
13,1,177,lattice,9,q,img/target_1.png
13,1,178,lattice,7,w,img/target_2.png
13,1,179,lattice,8,b,img/target_6.png
13,1,180,lattice,7,w,img/target_2.png
13,1,181,lattice,6,e,img/target_3.png
13,1,182,lattice,7,w,img/target_2.png
13,1,183,lattice,6,e,img/target_3.png
13,1,184,lattice,8,b,img/target_6.png
13,1,185,lattice,7,w,img/target_2.png
13,1,186,lattice,9,q,img/target_1.png
13,1,187,lattice,7,w,img/target_2.png
13,1,188,lattice,8,b,img/target_6.png
13,1,189,lattice,0,i,img/target_8.png
13,1,190,lattice,9,q,img/target_1.png
13,1,191,lattice,8,b,img/target_6.png
13,1,192,lattice,7,w,img/target_2.png
13,1,193,lattice,9,q,img/target_1.png
13,1,194,lattice,8,b,img/target_6.png
13,1,195,lattice,9,q,img/target_1.png
13,1,196,lattice,0,i,img/target_8.png
13,1,197,lattice,1,u,img/target_7.png
13,1,198,lattice,2,r,img/target_4.png
13,1,199,lattice,1,u,img/target_7.png
13,1,200,lattice,2,r,img/target_4.png
13,1,201,lattice,4,v,img/target_5.png
13,1,202,lattice,3,p,img/target_10.png
13,1,203,lattice,4,v,img/target_5.png
13,1,204,lattice,6,e,img/target_3.png
13,1,205,lattice,8,b,img/target_6.png
13,1,206,lattice,7,w,img/target_2.png
13,1,207,lattice,5,o,img/target_9.png
13,1,208,lattice,7,w,img/target_2.png
13,1,209,lattice,8,b,img/target_6.png
13,1,210,lattice,6,e,img/target_3.png
13,1,211,lattice,7,w,img/target_2.png
13,1,212,lattice,6,e,img/target_3.png
13,1,213,lattice,8,b,img/target_6.png
13,1,214,lattice,6,e,img/target_3.png
13,1,215,lattice,7,w,img/target_2.png
13,1,216,lattice,5,o,img/target_9.png
13,1,217,lattice,3,p,img/target_10.png
13,1,218,lattice,1,u,img/target_7.png
13,1,219,lattice,2,r,img/target_4.png
13,1,220,lattice,1,u,img/target_7.png
13,1,221,lattice,0,i,img/target_8.png
13,1,222,lattice,2,r,img/target_4.png
13,1,223,lattice,4,v,img/target_5.png
13,1,224,lattice,6,e,img/target_3.png
13,1,225,lattice,8,b,img/target_6.png
13,1,226,lattice,7,w,img/target_2.png
13,1,227,lattice,8,b,img/target_6.png
13,1,228,lattice,7,w,img/target_2.png
13,1,229,lattice,9,q,img/target_1.png
13,1,230,lattice,0,i,img/target_8.png
13,1,231,lattice,9,q,img/target_1.png
13,1,232,lattice,0,i,img/target_8.png
13,1,233,lattice,1,u,img/target_7.png
13,1,234,lattice,0,i,img/target_8.png
13,1,235,lattice,1,u,img/target_7.png
13,1,236,lattice,2,r,img/target_4.png
13,1,237,lattice,4,v,img/target_5.png
13,1,238,lattice,3,p,img/target_10.png
13,1,239,lattice,5,o,img/target_9.png
13,1,240,lattice,3,p,img/target_10.png
13,1,241,lattice,2,r,img/target_4.png
13,1,242,lattice,0,i,img/target_8.png
13,1,243,lattice,1,u,img/target_7.png
13,1,244,lattice,3,p,img/target_10.png
13,1,245,lattice,1,u,img/target_7.png
13,1,246,lattice,0,i,img/target_8.png
13,1,247,lattice,8,b,img/target_6.png
13,1,248,lattice,9,q,img/target_1.png
13,1,249,lattice,7,w,img/target_2.png
13,1,250,lattice,9,q,img/target_1.png
13,1,251,lattice,7,w,img/target_2.png
13,1,252,lattice,9,q,img/target_1.png
13,1,253,lattice,7,w,img/target_2.png
13,1,254,lattice,5,o,img/target_9.png
13,1,255,lattice,4,v,img/target_5.png
13,1,256,lattice,2,r,img/target_4.png
13,1,257,lattice,4,v,img/target_5.png
13,1,258,lattice,2,r,img/target_4.png
13,1,259,lattice,1,u,img/target_7.png
13,1,260,lattice,9,q,img/target_1.png
13,1,261,lattice,0,i,img/target_8.png
13,1,262,lattice,2,r,img/target_4.png
13,1,263,lattice,0,i,img/target_8.png
13,1,264,lattice,9,q,img/target_1.png
13,1,265,lattice,0,i,img/target_8.png
13,1,266,lattice,8,b,img/target_6.png
13,1,267,lattice,6,e,img/target_3.png
13,1,268,lattice,5,o,img/target_9.png
13,1,269,lattice,3,p,img/target_10.png
13,1,270,lattice,2,r,img/target_4.png
13,1,271,lattice,4,v,img/target_5.png
13,1,272,lattice,5,o,img/target_9.png
13,1,273,lattice,7,w,img/target_2.png
13,1,274,lattice,9,q,img/target_1.png
13,1,275,lattice,8,b,img/target_6.png
13,1,276,lattice,7,w,img/target_2.png
13,1,277,lattice,6,e,img/target_3.png
13,1,278,lattice,8,b,img/target_6.png
13,1,279,lattice,7,w,img/target_2.png
13,1,280,lattice,9,q,img/target_1.png
13,1,281,lattice,1,u,img/target_7.png
13,1,282,lattice,0,i,img/target_8.png
13,1,283,lattice,9,q,img/target_1.png
13,1,284,lattice,8,b,img/target_6.png
13,1,285,lattice,9,q,img/target_1.png
13,1,286,lattice,7,w,img/target_2.png
13,1,287,lattice,9,q,img/target_1.png
13,1,288,lattice,7,w,img/target_2.png
13,1,289,lattice,5,o,img/target_9.png
13,1,290,lattice,3,p,img/target_10.png
13,1,291,lattice,2,r,img/target_4.png
13,1,292,lattice,1,u,img/target_7.png
13,1,293,lattice,0,i,img/target_8.png
13,1,294,lattice,9,q,img/target_1.png
13,1,295,lattice,1,u,img/target_7.png
13,1,296,lattice,3,p,img/target_10.png
13,1,297,lattice,4,v,img/target_5.png
13,1,298,lattice,2,r,img/target_4.png
13,1,299,lattice,3,p,img/target_10.png
13,1,300,lattice,5,o,img/target_9.png
13,1,301,lattice,7,w,img/target_2.png
13,1,302,lattice,5,o,img/target_9.png
13,1,303,lattice,7,w,img/target_2.png
13,1,304,lattice,8,b,img/target_6.png
13,1,305,lattice,0,i,img/target_8.png
13,1,306,lattice,2,r,img/target_4.png
13,1,307,lattice,3,p,img/target_10.png
13,1,308,lattice,5,o,img/target_9.png
13,1,309,lattice,4,v,img/target_5.png
13,1,310,lattice,6,e,img/target_3.png
13,1,311,lattice,7,w,img/target_2.png
13,1,312,lattice,6,e,img/target_3.png
13,1,313,lattice,4,v,img/target_5.png
13,1,314,lattice,3,p,img/target_10.png
13,1,315,lattice,4,v,img/target_5.png
13,1,316,lattice,6,e,img/target_3.png
13,1,317,lattice,4,v,img/target_5.png
13,1,318,lattice,3,p,img/target_10.png
13,1,319,lattice,2,r,img/target_4.png
13,1,320,lattice,4,v,img/target_5.png
13,1,321,lattice,3,p,img/target_10.png
13,1,322,lattice,4,v,img/target_5.png
13,1,323,lattice,3,p,img/target_10.png
13,1,324,lattice,5,o,img/target_9.png
13,1,325,lattice,3,p,img/target_10.png
13,1,326,lattice,5,o,img/target_9.png
13,1,327,lattice,6,e,img/target_3.png
13,1,328,lattice,5,o,img/target_9.png
13,1,329,lattice,4,v,img/target_5.png
13,1,330,lattice,2,r,img/target_4.png
13,1,331,lattice,4,v,img/target_5.png
13,1,332,lattice,6,e,img/target_3.png
13,1,333,lattice,7,w,img/target_2.png
13,1,334,lattice,5,o,img/target_9.png
13,1,335,lattice,4,v,img/target_5.png
13,1,336,lattice,5,o,img/target_9.png
13,1,337,lattice,3,p,img/target_10.png
13,1,338,lattice,2,r,img/target_4.png
13,1,339,lattice,4,v,img/target_5.png
13,1,340,lattice,3,p,img/target_10.png
13,1,341,lattice,5,o,img/target_9.png
13,1,342,lattice,6,e,img/target_3.png
13,1,343,lattice,5,o,img/target_9.png
13,1,344,lattice,4,v,img/target_5.png
13,1,345,lattice,5,o,img/target_9.png
13,1,346,lattice,4,v,img/target_5.png
13,1,347,lattice,2,r,img/target_4.png
13,1,348,lattice,4,v,img/target_5.png
13,1,349,lattice,6,e,img/target_3.png
13,1,350,lattice,7,w,img/target_2.png
13,1,351,lattice,9,q,img/target_1.png
13,1,352,lattice,0,i,img/target_8.png
13,1,353,lattice,2,r,img/target_4.png
13,1,354,lattice,4,v,img/target_5.png
13,1,355,lattice,2,r,img/target_4.png
13,1,356,lattice,4,v,img/target_5.png
13,1,357,lattice,2,r,img/target_4.png
13,1,358,lattice,0,i,img/target_8.png
13,1,359,lattice,2,r,img/target_4.png
13,1,360,lattice,4,v,img/target_5.png
13,1,361,lattice,5,o,img/target_9.png
13,1,362,lattice,3,p,img/target_10.png
13,1,363,lattice,1,u,img/target_7.png
13,1,364,lattice,3,p,img/target_10.png
13,1,365,lattice,5,o,img/target_9.png
13,1,366,lattice,3,p,img/target_10.png
13,1,367,lattice,4,v,img/target_5.png
13,1,368,lattice,2,r,img/target_4.png
13,1,369,lattice,4,v,img/target_5.png
13,1,370,lattice,3,p,img/target_10.png
13,1,371,lattice,1,u,img/target_7.png
13,1,372,lattice,9,q,img/target_1.png
13,1,373,lattice,7,w,img/target_2.png
13,1,374,lattice,9,q,img/target_1.png
13,1,375,lattice,8,b,img/target_6.png
13,1,376,lattice,7,w,img/target_2.png
13,1,377,lattice,9,q,img/target_1.png
13,1,378,lattice,0,i,img/target_8.png
13,1,379,lattice,2,r,img/target_4.png
13,1,380,lattice,1,u,img/target_7.png
13,1,381,lattice,3,p,img/target_10.png
13,1,382,lattice,2,r,img/target_4.png
13,1,383,lattice,0,i,img/target_8.png
13,1,384,lattice,8,b,img/target_6.png
13,1,385,lattice,0,i,img/target_8.png
13,1,386,lattice,9,q,img/target_1.png
13,1,387,lattice,8,b,img/target_6.png
13,1,388,lattice,0,i,img/target_8.png
13,1,389,lattice,2,r,img/target_4.png
13,1,390,lattice,4,v,img/target_5.png
13,1,391,lattice,2,r,img/target_4.png
13,1,392,lattice,3,p,img/target_10.png
13,1,393,lattice,5,o,img/target_9.png
13,1,394,lattice,7,w,img/target_2.png
13,1,395,lattice,5,o,img/target_9.png
13,1,396,lattice,3,p,img/target_10.png
13,1,397,lattice,1,u,img/target_7.png
13,1,398,lattice,9,q,img/target_1.png
13,1,399,lattice,7,w,img/target_2.png
13,1,400,lattice,6,e,img/target_3.png
13,1,401,lattice,8,b,img/target_6.png
13,1,402,lattice,7,w,img/target_2.png
13,1,403,lattice,8,b,img/target_6.png
13,1,404,lattice,6,e,img/target_3.png
13,1,405,lattice,8,b,img/target_6.png
13,1,406,lattice,9,q,img/target_1.png
13,1,407,lattice,0,i,img/target_8.png
13,1,408,lattice,9,q,img/target_1.png
13,1,409,lattice,7,w,img/target_2.png
13,1,410,lattice,5,o,img/target_9.png
13,1,411,lattice,3,p,img/target_10.png
13,1,412,lattice,2,r,img/target_4.png
13,1,413,lattice,0,i,img/target_8.png
13,1,414,lattice,2,r,img/target_4.png
13,1,415,lattice,0,i,img/target_8.png
13,1,416,lattice,8,b,img/target_6.png
13,1,417,lattice,7,w,img/target_2.png
13,1,418,lattice,8,b,img/target_6.png
13,1,419,lattice,6,e,img/target_3.png
13,1,420,lattice,8,b,img/target_6.png
13,1,421,lattice,7,w,img/target_2.png
13,1,422,lattice,8,b,img/target_6.png
13,1,423,lattice,0,i,img/target_8.png
13,1,424,lattice,1,u,img/target_7.png
13,1,425,lattice,2,r,img/target_4.png
13,1,426,lattice,1,u,img/target_7.png
13,1,427,lattice,9,q,img/target_1.png
13,1,428,lattice,1,u,img/target_7.png
13,1,429,lattice,3,p,img/target_10.png
13,1,430,lattice,5,o,img/target_9.png
13,1,431,lattice,6,e,img/target_3.png
13,1,432,lattice,5,o,img/target_9.png
13,1,433,lattice,7,w,img/target_2.png
13,1,434,lattice,8,b,img/target_6.png
13,1,435,lattice,9,q,img/target_1.png
13,1,436,lattice,1,u,img/target_7.png
13,1,437,lattice,9,q,img/target_1.png
13,1,438,lattice,7,w,img/target_2.png
13,1,439,lattice,6,e,img/target_3.png
13,1,440,lattice,5,o,img/target_9.png
13,1,441,lattice,7,w,img/target_2.png
13,1,442,lattice,6,e,img/target_3.png
13,1,443,lattice,5,o,img/target_9.png
13,1,444,lattice,3,p,img/target_10.png
13,1,445,lattice,2,r,img/target_4.png
13,1,446,lattice,3,p,img/target_10.png
13,1,447,lattice,4,v,img/target_5.png
13,1,448,lattice,6,e,img/target_3.png
13,1,449,lattice,8,b,img/target_6.png
13,1,450,lattice,9,q,img/target_1.png
13,1,451,lattice,7,w,img/target_2.png
13,1,452,lattice,5,o,img/target_9.png
13,1,453,lattice,4,v,img/target_5.png
13,1,454,lattice,5,o,img/target_9.png
13,1,455,lattice,6,e,img/target_3.png
13,1,456,lattice,7,w,img/target_2.png
13,1,457,lattice,6,e,img/target_3.png
13,1,458,lattice,5,o,img/target_9.png
13,1,459,lattice,4,v,img/target_5.png
13,1,460,lattice,6,e,img/target_3.png
13,1,461,lattice,4,v,img/target_5.png
13,1,462,lattice,3,p,img/target_10.png
13,1,463,lattice,1,u,img/target_7.png
13,1,464,lattice,2,r,img/target_4.png
13,1,465,lattice,4,v,img/target_5.png
13,1,466,lattice,6,e,img/target_3.png
13,1,467,lattice,8,b,img/target_6.png
13,1,468,lattice,6,e,img/target_3.png
13,1,469,lattice,8,b,img/target_6.png
13,1,470,lattice,0,i,img/target_8.png
13,1,471,lattice,1,u,img/target_7.png
13,1,472,lattice,3,p,img/target_10.png
13,1,473,lattice,2,r,img/target_4.png
13,1,474,lattice,3,p,img/target_10.png
13,1,475,lattice,4,v,img/target_5.png
13,1,476,lattice,5,o,img/target_9.png
13,1,477,lattice,6,e,img/target_3.png
13,1,478,lattice,4,v,img/target_5.png
13,1,479,lattice,3,p,img/target_10.png
13,1,480,lattice,5,o,img/target_9.png
13,1,481,lattice,6,e,img/target_3.png
13,1,482,lattice,4,v,img/target_5.png
13,1,483,lattice,6,e,img/target_3.png
13,1,484,lattice,7,w,img/target_2.png
13,1,485,lattice,5,o,img/target_9.png
13,1,486,lattice,4,v,img/target_5.png
13,1,487,lattice,5,o,img/target_9.png
13,1,488,lattice,4,v,img/target_5.png
13,1,489,lattice,2,r,img/target_4.png
13,1,490,lattice,3,p,img/target_10.png
13,1,491,lattice,2,r,img/target_4.png
13,1,492,lattice,3,p,img/target_10.png
13,1,493,lattice,1,u,img/target_7.png
13,1,494,lattice,9,q,img/target_1.png
13,1,495,lattice,1,u,img/target_7.png
13,1,496,lattice,9,q,img/target_1.png
13,1,497,lattice,7,w,img/target_2.png
13,1,498,lattice,9,q,img/target_1.png
13,1,499,lattice,1,u,img/target_7.png
13,1,500,lattice,3,p,img/target_10.png
13,1,501,lattice,5,o,img/target_9.png
13,1,502,lattice,7,w,img/target_2.png
13,1,503,lattice,6,e,img/target_3.png
13,1,504,lattice,4,v,img/target_5.png
13,1,505,lattice,3,p,img/target_10.png
13,1,506,lattice,2,r,img/target_4.png
13,1,507,lattice,1,u,img/target_7.png
13,1,508,lattice,0,i,img/target_8.png
13,1,509,lattice,8,b,img/target_6.png
13,1,510,lattice,6,e,img/target_3.png
13,1,511,lattice,7,w,img/target_2.png
13,1,512,lattice,9,q,img/target_1.png
13,1,513,lattice,1,u,img/target_7.png
13,1,514,lattice,2,r,img/target_4.png
13,1,515,lattice,4,v,img/target_5.png
13,1,516,lattice,5,o,img/target_9.png
13,1,517,lattice,7,w,img/target_2.png
13,1,518,lattice,9,q,img/target_1.png
13,1,519,lattice,7,w,img/target_2.png
13,1,520,lattice,9,q,img/target_1.png
13,1,521,lattice,7,w,img/target_2.png
13,1,522,lattice,6,e,img/target_3.png
13,1,523,lattice,7,w,img/target_2.png
13,1,524,lattice,5,o,img/target_9.png
13,1,525,lattice,6,e,img/target_3.png
13,1,526,lattice,8,b,img/target_6.png
13,1,527,lattice,6,e,img/target_3.png
13,1,528,lattice,4,v,img/target_5.png
13,1,529,lattice,3,p,img/target_10.png
13,1,530,lattice,1,u,img/target_7.png
13,1,531,lattice,3,p,img/target_10.png
13,1,532,lattice,2,r,img/target_4.png
13,1,533,lattice,0,i,img/target_8.png
13,1,534,lattice,9,q,img/target_1.png
13,1,535,lattice,1,u,img/target_7.png
13,1,536,lattice,0,i,img/target_8.png
13,1,537,lattice,2,r,img/target_4.png
13,1,538,lattice,3,p,img/target_10.png
13,1,539,lattice,2,r,img/target_4.png
13,1,540,lattice,3,p,img/target_10.png
13,1,541,lattice,2,r,img/target_4.png
13,1,542,lattice,4,v,img/target_5.png
13,1,543,lattice,2,r,img/target_4.png
13,1,544,lattice,1,u,img/target_7.png
13,1,545,lattice,3,p,img/target_10.png
13,1,546,lattice,5,o,img/target_9.png
13,1,547,lattice,7,w,img/target_2.png
13,1,548,lattice,8,b,img/target_6.png
13,1,549,lattice,7,w,img/target_2.png
13,1,550,lattice,8,b,img/target_6.png
13,1,551,lattice,7,w,img/target_2.png
13,1,552,lattice,6,e,img/target_3.png
13,1,553,lattice,4,v,img/target_5.png
13,1,554,lattice,6,e,img/target_3.png
13,1,555,lattice,4,v,img/target_5.png
13,1,556,lattice,5,o,img/target_9.png
13,1,557,lattice,4,v,img/target_5.png
13,1,558,lattice,2,r,img/target_4.png
13,1,559,lattice,0,i,img/target_8.png
13,1,560,lattice,2,r,img/target_4.png
13,1,561,lattice,0,i,img/target_8.png
13,1,562,lattice,2,r,img/target_4.png
13,1,563,lattice,1,u,img/target_7.png
13,1,564,lattice,2,r,img/target_4.png
13,1,565,lattice,0,i,img/target_8.png
13,1,566,lattice,1,u,img/target_7.png
13,1,567,lattice,9,q,img/target_1.png
13,1,568,lattice,1,u,img/target_7.png
13,1,569,lattice,0,i,img/target_8.png
13,1,570,lattice,8,b,img/target_6.png
13,1,571,lattice,6,e,img/target_3.png
13,1,572,lattice,7,w,img/target_2.png
13,1,573,lattice,5,o,img/target_9.png
13,1,574,lattice,3,p,img/target_10.png
13,1,575,lattice,4,v,img/target_5.png
13,1,576,lattice,2,r,img/target_4.png
13,1,577,lattice,4,v,img/target_5.png
13,1,578,lattice,3,p,img/target_10.png
13,1,579,lattice,5,o,img/target_9.png
13,1,580,lattice,7,w,img/target_2.png
13,1,581,lattice,8,b,img/target_6.png
13,1,582,lattice,9,q,img/target_1.png
13,1,583,lattice,1,u,img/target_7.png
13,1,584,lattice,0,i,img/target_8.png
13,1,585,lattice,9,q,img/target_1.png
13,1,586,lattice,0,i,img/target_8.png
13,1,587,lattice,8,b,img/target_6.png
13,1,588,lattice,0,i,img/target_8.png
13,1,589,lattice,1,u,img/target_7.png
13,1,590,lattice,9,q,img/target_1.png
13,1,591,lattice,1,u,img/target_7.png
13,1,592,lattice,9,q,img/target_1.png
13,1,593,lattice,1,u,img/target_7.png
13,1,594,lattice,9,q,img/target_1.png
13,1,595,lattice,1,u,img/target_7.png
13,1,596,lattice,2,r,img/target_4.png
13,1,597,lattice,4,v,img/target_5.png
13,1,598,lattice,3,p,img/target_10.png
13,1,599,lattice,1,u,img/target_7.png
13,1,600,lattice,9,q,img/target_1.png
13,1,601,lattice,7,w,img/target_2.png
13,1,602,lattice,8,b,img/target_6.png
13,1,603,lattice,7,w,img/target_2.png
13,1,604,lattice,6,e,img/target_3.png
13,1,605,lattice,4,v,img/target_5.png
13,1,606,lattice,5,o,img/target_9.png
13,1,607,lattice,6,e,img/target_3.png
13,1,608,lattice,7,w,img/target_2.png
13,1,609,lattice,6,e,img/target_3.png
13,1,610,lattice,8,b,img/target_6.png
13,1,611,lattice,6,e,img/target_3.png
13,1,612,lattice,7,w,img/target_2.png
13,1,613,lattice,6,e,img/target_3.png
13,1,614,lattice,4,v,img/target_5.png
13,1,615,lattice,2,r,img/target_4.png
13,1,616,lattice,1,u,img/target_7.png
13,1,617,lattice,0,i,img/target_8.png
13,1,618,lattice,2,r,img/target_4.png
13,1,619,lattice,0,i,img/target_8.png
13,1,620,lattice,9,q,img/target_1.png
13,1,621,lattice,8,b,img/target_6.png
13,1,622,lattice,0,i,img/target_8.png
13,1,623,lattice,9,q,img/target_1.png
13,1,624,lattice,0,i,img/target_8.png
13,1,625,lattice,2,r,img/target_4.png
13,1,626,lattice,4,v,img/target_5.png
13,1,627,lattice,6,e,img/target_3.png
13,1,628,lattice,5,o,img/target_9.png
13,1,629,lattice,6,e,img/target_3.png
13,1,630,lattice,5,o,img/target_9.png
13,1,631,lattice,7,w,img/target_2.png
13,1,632,lattice,6,e,img/target_3.png
13,1,633,lattice,5,o,img/target_9.png
13,1,634,lattice,3,p,img/target_10.png
13,1,635,lattice,1,u,img/target_7.png
13,1,636,lattice,3,p,img/target_10.png
13,1,637,lattice,5,o,img/target_9.png
13,1,638,lattice,6,e,img/target_3.png
13,1,639,lattice,8,b,img/target_6.png
13,1,640,lattice,0,i,img/target_8.png
13,1,641,lattice,2,r,img/target_4.png
13,1,642,lattice,3,p,img/target_10.png
13,1,643,lattice,5,o,img/target_9.png
13,1,644,lattice,4,v,img/target_5.png
13,1,645,lattice,3,p,img/target_10.png
13,1,646,lattice,4,v,img/target_5.png
13,1,647,lattice,6,e,img/target_3.png
13,1,648,lattice,5,o,img/target_9.png
13,1,649,lattice,3,p,img/target_10.png
13,1,650,lattice,5,o,img/target_9.png
13,1,651,lattice,7,w,img/target_2.png
13,1,652,lattice,5,o,img/target_9.png
13,1,653,lattice,3,p,img/target_10.png
13,1,654,lattice,1,u,img/target_7.png
13,1,655,lattice,2,r,img/target_4.png
13,1,656,lattice,0,i,img/target_8.png
13,1,657,lattice,2,r,img/target_4.png
13,1,658,lattice,1,u,img/target_7.png
13,1,659,lattice,9,q,img/target_1.png
13,1,660,lattice,1,u,img/target_7.png
13,1,661,lattice,9,q,img/target_1.png
13,1,662,lattice,8,b,img/target_6.png
13,1,663,lattice,6,e,img/target_3.png
13,1,664,lattice,7,w,img/target_2.png
13,1,665,lattice,8,b,img/target_6.png
13,1,666,lattice,9,q,img/target_1.png
13,1,667,lattice,8,b,img/target_6.png
13,1,668,lattice,9,q,img/target_1.png
13,1,669,lattice,7,w,img/target_2.png
13,1,670,lattice,6,e,img/target_3.png
13,1,671,lattice,8,b,img/target_6.png
13,1,672,lattice,0,i,img/target_8.png
13,1,673,lattice,8,b,img/target_6.png
13,1,674,lattice,7,w,img/target_2.png
13,1,675,lattice,8,b,img/target_6.png
13,1,676,lattice,0,i,img/target_8.png
13,1,677,lattice,8,b,img/target_6.png
13,1,678,lattice,0,i,img/target_8.png
13,1,679,lattice,9,q,img/target_1.png
13,1,680,lattice,1,u,img/target_7.png
13,1,681,lattice,2,r,img/target_4.png
13,1,682,lattice,3,p,img/target_10.png
13,1,683,lattice,4,v,img/target_5.png
13,1,684,lattice,6,e,img/target_3.png
13,1,685,lattice,4,v,img/target_5.png
13,1,686,lattice,3,p,img/target_10.png
13,1,687,lattice,2,r,img/target_4.png
13,1,688,lattice,0,i,img/target_8.png
13,1,689,lattice,9,q,img/target_1.png
13,1,690,lattice,8,b,img/target_6.png
13,1,691,lattice,9,q,img/target_1.png
13,1,692,lattice,7,w,img/target_2.png
13,1,693,lattice,8,b,img/target_6.png
13,1,694,lattice,9,q,img/target_1.png
13,1,695,lattice,8,b,img/target_6.png
13,1,696,lattice,6,e,img/target_3.png
13,1,697,lattice,5,o,img/target_9.png
13,1,698,lattice,6,e,img/target_3.png
13,1,699,lattice,4,v,img/target_5.png
13,1,700,lattice,6,e,img/target_3.png
13,1,701,lattice,5,o,img/target_9.png
13,1,702,lattice,3,p,img/target_10.png
13,1,703,lattice,5,o,img/target_9.png
13,1,704,lattice,7,w,img/target_2.png
13,1,705,lattice,9,q,img/target_1.png
13,1,706,lattice,0,i,img/target_8.png
13,1,707,lattice,1,u,img/target_7.png
13,1,708,lattice,3,p,img/target_10.png
13,1,709,lattice,2,r,img/target_4.png
13,1,710,lattice,0,i,img/target_8.png
13,1,711,lattice,2,r,img/target_4.png
13,1,712,lattice,3,p,img/target_10.png
13,1,713,lattice,5,o,img/target_9.png
13,1,714,lattice,6,e,img/target_3.png
13,1,715,lattice,8,b,img/target_6.png
13,1,716,lattice,0,i,img/target_8.png
13,1,717,lattice,2,r,img/target_4.png
13,1,718,lattice,1,u,img/target_7.png
13,1,719,lattice,9,q,img/target_1.png
13,1,720,lattice,8,b,img/target_6.png
13,1,721,lattice,6,e,img/target_3.png
13,1,722,lattice,4,v,img/target_5.png
13,1,723,lattice,6,e,img/target_3.png
13,1,724,lattice,5,o,img/target_9.png
13,1,725,lattice,6,e,img/target_3.png
13,1,726,lattice,4,v,img/target_5.png
13,1,727,lattice,2,r,img/target_4.png
13,1,728,lattice,0,i,img/target_8.png
13,1,729,lattice,1,u,img/target_7.png
13,1,730,lattice,9,q,img/target_1.png
13,1,731,lattice,1,u,img/target_7.png
13,1,732,lattice,3,p,img/target_10.png
13,1,733,lattice,5,o,img/target_9.png
13,1,734,lattice,3,p,img/target_10.png
13,1,735,lattice,1,u,img/target_7.png
13,1,736,lattice,3,p,img/target_10.png
13,1,737,lattice,2,r,img/target_4.png
13,1,738,lattice,1,u,img/target_7.png
13,1,739,lattice,3,p,img/target_10.png
13,1,740,lattice,2,r,img/target_4.png
13,1,741,lattice,3,p,img/target_10.png
13,1,742,lattice,4,v,img/target_5.png
13,1,743,lattice,2,r,img/target_4.png
13,1,744,lattice,4,v,img/target_5.png
13,1,745,lattice,3,p,img/target_10.png
13,1,746,lattice,1,u,img/target_7.png
13,1,747,lattice,3,p,img/target_10.png
13,1,748,lattice,5,o,img/target_9.png
13,1,749,lattice,6,e,img/target_3.png
13,1,750,lattice,4,v,img/target_5.png
13,1,751,lattice,3,p,img/target_10.png
13,1,752,lattice,2,r,img/target_4.png
13,1,753,lattice,3,p,img/target_10.png
13,1,754,lattice,1,u,img/target_7.png
13,1,755,lattice,2,r,img/target_4.png
13,1,756,lattice,1,u,img/target_7.png
13,1,757,lattice,9,q,img/target_1.png
13,1,758,lattice,1,u,img/target_7.png
13,1,759,lattice,3,p,img/target_10.png
13,1,760,lattice,2,r,img/target_4.png
13,1,761,lattice,3,p,img/target_10.png
13,1,762,lattice,2,r,img/target_4.png
13,1,763,lattice,4,v,img/target_5.png
13,1,764,lattice,2,r,img/target_4.png
13,1,765,lattice,4,v,img/target_5.png
13,1,766,lattice,6,e,img/target_3.png
13,1,767,lattice,7,w,img/target_2.png
13,1,768,lattice,8,b,img/target_6.png
13,1,769,lattice,7,w,img/target_2.png
13,1,770,lattice,5,o,img/target_9.png
13,1,771,lattice,4,v,img/target_5.png
13,1,772,lattice,3,p,img/target_10.png
13,1,773,lattice,1,u,img/target_7.png
13,1,774,lattice,0,i,img/target_8.png
13,1,775,lattice,9,q,img/target_1.png
13,1,776,lattice,1,u,img/target_7.png
13,1,777,lattice,0,i,img/target_8.png
13,1,778,lattice,1,u,img/target_7.png
13,1,779,lattice,2,r,img/target_4.png
13,1,780,lattice,0,i,img/target_8.png
13,1,781,lattice,1,u,img/target_7.png
13,1,782,lattice,9,q,img/target_1.png
13,1,783,lattice,0,i,img/target_8.png
13,1,784,lattice,8,b,img/target_6.png
13,1,785,lattice,7,w,img/target_2.png
13,1,786,lattice,5,o,img/target_9.png
13,1,787,lattice,4,v,img/target_5.png
13,1,788,lattice,5,o,img/target_9.png
13,1,789,lattice,4,v,img/target_5.png
13,1,790,lattice,6,e,img/target_3.png
13,1,791,lattice,4,v,img/target_5.png
13,1,792,lattice,6,e,img/target_3.png
13,1,793,lattice,7,w,img/target_2.png
13,1,794,lattice,6,e,img/target_3.png
13,1,795,lattice,8,b,img/target_6.png
13,1,796,lattice,9,q,img/target_1.png
13,1,797,lattice,0,i,img/target_8.png
13,1,798,lattice,8,b,img/target_6.png
13,1,799,lattice,6,e,img/target_3.png
13,1,800,lattice,4,v,img/target_5.png
13,1,801,lattice,2,r,img/target_4.png
13,1,802,lattice,4,v,img/target_5.png
13,1,803,lattice,2,r,img/target_4.png
13,1,804,lattice,0,i,img/target_8.png
13,1,805,lattice,2,r,img/target_4.png
13,1,806,lattice,0,i,img/target_8.png
13,1,807,lattice,9,q,img/target_1.png
13,1,808,lattice,0,i,img/target_8.png
13,1,809,lattice,2,r,img/target_4.png
13,1,810,lattice,0,i,img/target_8.png
13,1,811,lattice,2,r,img/target_4.png
13,1,812,lattice,0,i,img/target_8.png
13,1,813,lattice,8,b,img/target_6.png
13,1,814,lattice,0,i,img/target_8.png
13,1,815,lattice,8,b,img/target_6.png
13,1,816,lattice,7,w,img/target_2.png
13,1,817,lattice,5,o,img/target_9.png
13,1,818,lattice,6,e,img/target_3.png
13,1,819,lattice,5,o,img/target_9.png
13,1,820,lattice,7,w,img/target_2.png
13,1,821,lattice,6,e,img/target_3.png
13,1,822,lattice,7,w,img/target_2.png
13,1,823,lattice,6,e,img/target_3.png
13,1,824,lattice,8,b,img/target_6.png
13,1,825,lattice,0,i,img/target_8.png
13,1,826,lattice,1,u,img/target_7.png
13,1,827,lattice,0,i,img/target_8.png
13,1,828,lattice,1,u,img/target_7.png
13,1,829,lattice,0,i,img/target_8.png
13,1,830,lattice,1,u,img/target_7.png
13,1,831,lattice,2,r,img/target_4.png
13,1,832,lattice,0,i,img/target_8.png
13,1,833,lattice,8,b,img/target_6.png
13,1,834,lattice,6,e,img/target_3.png
13,1,835,lattice,4,v,img/target_5.png
13,1,836,lattice,3,p,img/target_10.png
13,1,837,lattice,4,v,img/target_5.png
13,1,838,lattice,2,r,img/target_4.png
13,1,839,lattice,4,v,img/target_5.png
13,1,840,lattice,5,o,img/target_9.png
13,1,841,lattice,6,e,img/target_3.png
13,1,842,lattice,7,w,img/target_2.png
13,1,843,lattice,5,o,img/target_9.png
13,1,844,lattice,4,v,img/target_5.png
13,1,845,lattice,2,r,img/target_4.png
13,1,846,lattice,0,i,img/target_8.png
13,1,847,lattice,9,q,img/target_1.png
13,1,848,lattice,0,i,img/target_8.png
13,1,849,lattice,2,r,img/target_4.png
13,1,850,lattice,0,i,img/target_8.png
13,1,851,lattice,9,q,img/target_1.png
13,1,852,lattice,0,i,img/target_8.png
13,1,853,lattice,1,u,img/target_7.png
13,1,854,lattice,9,q,img/target_1.png
13,1,855,lattice,7,w,img/target_2.png
13,1,856,lattice,8,b,img/target_6.png
13,1,857,lattice,0,i,img/target_8.png
13,1,858,lattice,8,b,img/target_6.png
13,1,859,lattice,9,q,img/target_1.png
13,1,860,lattice,0,i,img/target_8.png
13,1,861,lattice,1,u,img/target_7.png
13,1,862,lattice,2,r,img/target_4.png
13,1,863,lattice,3,p,img/target_10.png
13,1,864,lattice,4,v,img/target_5.png
13,1,865,lattice,5,o,img/target_9.png
13,1,866,lattice,4,v,img/target_5.png
13,1,867,lattice,6,e,img/target_3.png
13,1,868,lattice,8,b,img/target_6.png
13,1,869,lattice,9,q,img/target_1.png
13,1,870,lattice,0,i,img/target_8.png
13,1,871,lattice,9,q,img/target_1.png
13,1,872,lattice,8,b,img/target_6.png
13,1,873,lattice,0,i,img/target_8.png
13,1,874,lattice,9,q,img/target_1.png
13,1,875,lattice,8,b,img/target_6.png
13,1,876,lattice,7,w,img/target_2.png
13,1,877,lattice,8,b,img/target_6.png
13,1,878,lattice,0,i,img/target_8.png
13,1,879,lattice,1,u,img/target_7.png
13,1,880,lattice,2,r,img/target_4.png
13,1,881,lattice,3,p,img/target_10.png
13,1,882,lattice,4,v,img/target_5.png
13,1,883,lattice,6,e,img/target_3.png
13,1,884,lattice,7,w,img/target_2.png
13,1,885,lattice,8,b,img/target_6.png
13,1,886,lattice,6,e,img/target_3.png
13,1,887,lattice,4,v,img/target_5.png
13,1,888,lattice,3,p,img/target_10.png
13,1,889,lattice,4,v,img/target_5.png
13,1,890,lattice,2,r,img/target_4.png
13,1,891,lattice,0,i,img/target_8.png
13,1,892,lattice,9,q,img/target_1.png
13,1,893,lattice,8,b,img/target_6.png
13,1,894,lattice,9,q,img/target_1.png
13,1,895,lattice,1,u,img/target_7.png
13,1,896,lattice,2,r,img/target_4.png
13,1,897,lattice,0,i,img/target_8.png
13,1,898,lattice,8,b,img/target_6.png
13,1,899,lattice,6,e,img/target_3.png
13,1,900,lattice,5,o,img/target_9.png
13,1,901,lattice,4,v,img/target_5.png
13,1,902,lattice,2,r,img/target_4.png
13,1,903,lattice,3,p,img/target_10.png
13,1,904,lattice,4,v,img/target_5.png
13,1,905,lattice,6,e,img/target_3.png
13,1,906,lattice,7,w,img/target_2.png
13,1,907,lattice,8,b,img/target_6.png
13,1,908,lattice,7,w,img/target_2.png
13,1,909,lattice,6,e,img/target_3.png
13,1,910,lattice,5,o,img/target_9.png
13,1,911,lattice,4,v,img/target_5.png
13,1,912,lattice,5,o,img/target_9.png
13,1,913,lattice,7,w,img/target_2.png
13,1,914,lattice,9,q,img/target_1.png
13,1,915,lattice,7,w,img/target_2.png
13,1,916,lattice,8,b,img/target_6.png
13,1,917,lattice,0,i,img/target_8.png
13,1,918,lattice,9,q,img/target_1.png
13,1,919,lattice,1,u,img/target_7.png
13,1,920,lattice,3,p,img/target_10.png
13,1,921,lattice,4,v,img/target_5.png
13,1,922,lattice,6,e,img/target_3.png
13,1,923,lattice,4,v,img/target_5.png
13,1,924,lattice,2,r,img/target_4.png
13,1,925,lattice,0,i,img/target_8.png
13,1,926,lattice,9,q,img/target_1.png
13,1,927,lattice,7,w,img/target_2.png
13,1,928,lattice,9,q,img/target_1.png
13,1,929,lattice,7,w,img/target_2.png
13,1,930,lattice,9,q,img/target_1.png
13,1,931,lattice,0,i,img/target_8.png
13,1,932,lattice,8,b,img/target_6.png
13,1,933,lattice,0,i,img/target_8.png
13,1,934,lattice,8,b,img/target_6.png
13,1,935,lattice,9,q,img/target_1.png
13,1,936,lattice,0,i,img/target_8.png
13,1,937,lattice,9,q,img/target_1.png
13,1,938,lattice,8,b,img/target_6.png
13,1,939,lattice,9,q,img/target_1.png
13,1,940,lattice,7,w,img/target_2.png
13,1,941,lattice,6,e,img/target_3.png
13,1,942,lattice,4,v,img/target_5.png
13,1,943,lattice,3,p,img/target_10.png
13,1,944,lattice,4,v,img/target_5.png
13,1,945,lattice,2,r,img/target_4.png
13,1,946,lattice,3,p,img/target_10.png
13,1,947,lattice,4,v,img/target_5.png
13,1,948,lattice,6,e,img/target_3.png
13,1,949,lattice,4,v,img/target_5.png
13,1,950,lattice,3,p,img/target_10.png
13,1,951,lattice,2,r,img/target_4.png
13,1,952,lattice,1,u,img/target_7.png
13,1,953,lattice,0,i,img/target_8.png
13,1,954,lattice,2,r,img/target_4.png
13,1,955,lattice,0,i,img/target_8.png
13,1,956,lattice,1,u,img/target_7.png
13,1,957,lattice,3,p,img/target_10.png
13,1,958,lattice,5,o,img/target_9.png
13,1,959,lattice,4,v,img/target_5.png
13,1,960,lattice,6,e,img/target_3.png
13,1,961,lattice,5,o,img/target_9.png
13,1,962,lattice,4,v,img/target_5.png
13,1,963,lattice,6,e,img/target_3.png
13,1,964,lattice,5,o,img/target_9.png
13,1,965,lattice,6,e,img/target_3.png
13,1,966,lattice,7,w,img/target_2.png
13,1,967,lattice,5,o,img/target_9.png
13,1,968,lattice,4,v,img/target_5.png
13,1,969,lattice,6,e,img/target_3.png
13,1,970,lattice,4,v,img/target_5.png
13,1,971,lattice,5,o,img/target_9.png
13,1,972,lattice,4,v,img/target_5.png
13,1,973,lattice,6,e,img/target_3.png
13,1,974,lattice,4,v,img/target_5.png
13,1,975,lattice,6,e,img/target_3.png
13,1,976,lattice,7,w,img/target_2.png
13,1,977,lattice,5,o,img/target_9.png
13,1,978,lattice,6,e,img/target_3.png
13,1,979,lattice,7,w,img/target_2.png
13,1,980,lattice,9,q,img/target_1.png
13,1,981,lattice,1,u,img/target_7.png
13,1,982,lattice,3,p,img/target_10.png
13,1,983,lattice,4,v,img/target_5.png
13,1,984,lattice,2,r,img/target_4.png
13,1,985,lattice,3,p,img/target_10.png
13,1,986,lattice,2,r,img/target_4.png
13,1,987,lattice,0,i,img/target_8.png
13,1,988,lattice,1,u,img/target_7.png
13,1,989,lattice,0,i,img/target_8.png
13,1,990,lattice,1,u,img/target_7.png
13,1,991,lattice,0,i,img/target_8.png
13,1,992,lattice,9,q,img/target_1.png
13,1,993,lattice,8,b,img/target_6.png
13,1,994,lattice,7,w,img/target_2.png
13,1,995,lattice,8,b,img/target_6.png
13,1,996,lattice,9,q,img/target_1.png
13,1,997,lattice,1,u,img/target_7.png
13,1,998,lattice,2,r,img/target_4.png
13,1,999,lattice,3,p,img/target_10.png
13,1,1000,lattice,4,v,img/target_5.png
