pID,sess,trialNum,graph,walk,resp,path
15,3,1,lattice,3,p,img/target_10.png
15,3,2,lattice,4,u,img/target_7.png
15,3,3,lattice,6,v,img/target_5.png
15,3,4,lattice,7,b,img/target_6.png
15,3,5,lattice,5,i,img/target_8.png
15,3,6,lattice,3,p,img/target_10.png
15,3,7,lattice,1,w,img/target_2.png
15,3,8,lattice,2,q,img/target_1.png
15,3,9,lattice,0,e,img/target_3.png
15,3,10,lattice,1,w,img/target_2.png
15,3,11,lattice,2,q,img/target_1.png
15,3,12,lattice,4,u,img/target_7.png
15,3,13,lattice,6,v,img/target_5.png
15,3,14,lattice,4,u,img/target_7.png
15,3,15,lattice,6,v,img/target_5.png
15,3,16,lattice,4,u,img/target_7.png
15,3,17,lattice,6,v,img/target_5.png
15,3,18,lattice,4,u,img/target_7.png
15,3,19,lattice,3,p,img/target_10.png
15,3,20,lattice,5,i,img/target_8.png
15,3,21,lattice,4,u,img/target_7.png
15,3,22,lattice,2,q,img/target_1.png
15,3,23,lattice,3,p,img/target_10.png
15,3,24,lattice,2,q,img/target_1.png
15,3,25,lattice,1,w,img/target_2.png
15,3,26,lattice,9,o,img/target_9.png
15,3,27,lattice,0,e,img/target_3.png
15,3,28,lattice,2,q,img/target_1.png
15,3,29,lattice,1,w,img/target_2.png
15,3,30,lattice,3,p,img/target_10.png
15,3,31,lattice,5,i,img/target_8.png
15,3,32,lattice,6,v,img/target_5.png
15,3,33,lattice,7,b,img/target_6.png
15,3,34,lattice,8,r,img/target_4.png
15,3,35,lattice,9,o,img/target_9.png
15,3,36,lattice,8,r,img/target_4.png
15,3,37,lattice,6,v,img/target_5.png
15,3,38,lattice,8,r,img/target_4.png
15,3,39,lattice,7,b,img/target_6.png
15,3,40,lattice,6,v,img/target_5.png
15,3,41,lattice,5,i,img/target_8.png
15,3,42,lattice,6,v,img/target_5.png
15,3,43,lattice,5,i,img/target_8.png
15,3,44,lattice,3,p,img/target_10.png
15,3,45,lattice,1,w,img/target_2.png
15,3,46,lattice,9,o,img/target_9.png
15,3,47,lattice,8,r,img/target_4.png
15,3,48,lattice,9,o,img/target_9.png
15,3,49,lattice,7,b,img/target_6.png
15,3,50,lattice,8,r,img/target_4.png
15,3,51,lattice,6,v,img/target_5.png
15,3,52,lattice,7,b,img/target_6.png
15,3,53,lattice,8,r,img/target_4.png
15,3,54,lattice,9,o,img/target_9.png
15,3,55,lattice,7,b,img/target_6.png
15,3,56,lattice,6,v,img/target_5.png
15,3,57,lattice,4,u,img/target_7.png
15,3,58,lattice,3,p,img/target_10.png
15,3,59,lattice,1,w,img/target_2.png
15,3,60,lattice,9,o,img/target_9.png
15,3,61,lattice,7,b,img/target_6.png
15,3,62,lattice,8,r,img/target_4.png
15,3,63,lattice,7,b,img/target_6.png
15,3,64,lattice,5,i,img/target_8.png
15,3,65,lattice,4,u,img/target_7.png
15,3,66,lattice,5,i,img/target_8.png
15,3,67,lattice,4,u,img/target_7.png
15,3,68,lattice,5,i,img/target_8.png
15,3,69,lattice,4,u,img/target_7.png
15,3,70,lattice,2,q,img/target_1.png
15,3,71,lattice,3,p,img/target_10.png
15,3,72,lattice,5,i,img/target_8.png
15,3,73,lattice,7,b,img/target_6.png
15,3,74,lattice,5,i,img/target_8.png
15,3,75,lattice,6,v,img/target_5.png
15,3,76,lattice,8,r,img/target_4.png
15,3,77,lattice,9,o,img/target_9.png
15,3,78,lattice,7,b,img/target_6.png
15,3,79,lattice,8,r,img/target_4.png
15,3,80,lattice,7,b,img/target_6.png
15,3,81,lattice,6,v,img/target_5.png
15,3,82,lattice,4,u,img/target_7.png
15,3,83,lattice,5,i,img/target_8.png
15,3,84,lattice,3,p,img/target_10.png
15,3,85,lattice,5,i,img/target_8.png
15,3,86,lattice,6,v,img/target_5.png
15,3,87,lattice,4,u,img/target_7.png
15,3,88,lattice,3,p,img/target_10.png
15,3,89,lattice,1,w,img/target_2.png
15,3,90,lattice,2,q,img/target_1.png
15,3,91,lattice,0,e,img/target_3.png
15,3,92,lattice,8,r,img/target_4.png
15,3,93,lattice,6,v,img/target_5.png
15,3,94,lattice,4,u,img/target_7.png
15,3,95,lattice,6,v,img/target_5.png
15,3,96,lattice,4,u,img/target_7.png
15,3,97,lattice,3,p,img/target_10.png
15,3,98,lattice,2,q,img/target_1.png
15,3,99,lattice,1,w,img/target_2.png
15,3,100,lattice,2,q,img/target_1.png
15,3,101,lattice,4,u,img/target_7.png
15,3,102,lattice,6,v,img/target_5.png
15,3,103,lattice,8,r,img/target_4.png
15,3,104,lattice,7,b,img/target_6.png
15,3,105,lattice,8,r,img/target_4.png
15,3,106,lattice,9,o,img/target_9.png
15,3,107,lattice,1,w,img/target_2.png
15,3,108,lattice,3,p,img/target_10.png
15,3,109,lattice,5,i,img/target_8.png
15,3,110,lattice,3,p,img/target_10.png
15,3,111,lattice,1,w,img/target_2.png
15,3,112,lattice,9,o,img/target_9.png
15,3,113,lattice,1,w,img/target_2.png
15,3,114,lattice,0,e,img/target_3.png
15,3,115,lattice,9,o,img/target_9.png
15,3,116,lattice,1,w,img/target_2.png
15,3,117,lattice,2,q,img/target_1.png
15,3,118,lattice,3,p,img/target_10.png
15,3,119,lattice,4,u,img/target_7.png
15,3,120,lattice,2,q,img/target_1.png
15,3,121,lattice,1,w,img/target_2.png
15,3,122,lattice,3,p,img/target_10.png
15,3,123,lattice,1,w,img/target_2.png
15,3,124,lattice,2,q,img/target_1.png
15,3,125,lattice,1,w,img/target_2.png
15,3,126,lattice,3,p,img/target_10.png
15,3,127,lattice,4,u,img/target_7.png
15,3,128,lattice,2,q,img/target_1.png
15,3,129,lattice,4,u,img/target_7.png
15,3,130,lattice,2,q,img/target_1.png
15,3,131,lattice,1,w,img/target_2.png
15,3,132,lattice,0,e,img/target_3.png
15,3,133,lattice,1,w,img/target_2.png
15,3,134,lattice,3,p,img/target_10.png
15,3,135,lattice,5,i,img/target_8.png
15,3,136,lattice,3,p,img/target_10.png
15,3,137,lattice,1,w,img/target_2.png
15,3,138,lattice,2,q,img/target_1.png
15,3,139,lattice,1,w,img/target_2.png
15,3,140,lattice,3,p,img/target_10.png
15,3,141,lattice,5,i,img/target_8.png
15,3,142,lattice,7,b,img/target_6.png
15,3,143,lattice,5,i,img/target_8.png
15,3,144,lattice,6,v,img/target_5.png
15,3,145,lattice,4,u,img/target_7.png
15,3,146,lattice,3,p,img/target_10.png
15,3,147,lattice,1,w,img/target_2.png
15,3,148,lattice,0,e,img/target_3.png
15,3,149,lattice,2,q,img/target_1.png
15,3,150,lattice,0,e,img/target_3.png
15,3,151,lattice,2,q,img/target_1.png
15,3,152,lattice,4,u,img/target_7.png
15,3,153,lattice,5,i,img/target_8.png
15,3,154,lattice,6,v,img/target_5.png
15,3,155,lattice,5,i,img/target_8.png
15,3,156,lattice,6,v,img/target_5.png
15,3,157,lattice,5,i,img/target_8.png
15,3,158,lattice,6,v,img/target_5.png
15,3,159,lattice,8,r,img/target_4.png
15,3,160,lattice,7,b,img/target_6.png
15,3,161,lattice,5,i,img/target_8.png
15,3,162,lattice,3,p,img/target_10.png
15,3,163,lattice,1,w,img/target_2.png
15,3,164,lattice,2,q,img/target_1.png
15,3,165,lattice,4,u,img/target_7.png
15,3,166,lattice,3,p,img/target_10.png
15,3,167,lattice,4,u,img/target_7.png
15,3,168,lattice,3,p,img/target_10.png
15,3,169,lattice,2,q,img/target_1.png
15,3,170,lattice,3,p,img/target_10.png
15,3,171,lattice,1,w,img/target_2.png
15,3,172,lattice,3,p,img/target_10.png
15,3,173,lattice,4,u,img/target_7.png
15,3,174,lattice,2,q,img/target_1.png
15,3,175,lattice,0,e,img/target_3.png
15,3,176,lattice,8,r,img/target_4.png
15,3,177,lattice,7,b,img/target_6.png
15,3,178,lattice,6,v,img/target_5.png
15,3,179,lattice,5,i,img/target_8.png
15,3,180,lattice,3,p,img/target_10.png
15,3,181,lattice,2,q,img/target_1.png
15,3,182,lattice,4,u,img/target_7.png
15,3,183,lattice,6,v,img/target_5.png
15,3,184,lattice,7,b,img/target_6.png
15,3,185,lattice,6,v,img/target_5.png
15,3,186,lattice,5,i,img/target_8.png
15,3,187,lattice,4,u,img/target_7.png
15,3,188,lattice,5,i,img/target_8.png
15,3,189,lattice,6,v,img/target_5.png
15,3,190,lattice,7,b,img/target_6.png
15,3,191,lattice,5,i,img/target_8.png
15,3,192,lattice,7,b,img/target_6.png
15,3,193,lattice,6,v,img/target_5.png
15,3,194,lattice,4,u,img/target_7.png
15,3,195,lattice,3,p,img/target_10.png
15,3,196,lattice,4,u,img/target_7.png
15,3,197,lattice,5,i,img/target_8.png
15,3,198,lattice,4,u,img/target_7.png
15,3,199,lattice,3,p,img/target_10.png
15,3,200,lattice,2,q,img/target_1.png
15,3,201,lattice,0,e,img/target_3.png
15,3,202,lattice,2,q,img/target_1.png
15,3,203,lattice,1,w,img/target_2.png
15,3,204,lattice,9,o,img/target_9.png
15,3,205,lattice,0,e,img/target_3.png
15,3,206,lattice,9,o,img/target_9.png
15,3,207,lattice,7,b,img/target_6.png
15,3,208,lattice,5,i,img/target_8.png
15,3,209,lattice,3,p,img/target_10.png
15,3,210,lattice,4,u,img/target_7.png
15,3,211,lattice,6,v,img/target_5.png
15,3,212,lattice,7,b,img/target_6.png
15,3,213,lattice,8,r,img/target_4.png
15,3,214,lattice,9,o,img/target_9.png
15,3,215,lattice,7,b,img/target_6.png
15,3,216,lattice,5,i,img/target_8.png
15,3,217,lattice,7,b,img/target_6.png
15,3,218,lattice,5,i,img/target_8.png
15,3,219,lattice,6,v,img/target_5.png
15,3,220,lattice,5,i,img/target_8.png
15,3,221,lattice,7,b,img/target_6.png
15,3,222,lattice,6,v,img/target_5.png
15,3,223,lattice,5,i,img/target_8.png
15,3,224,lattice,7,b,img/target_6.png
15,3,225,lattice,5,i,img/target_8.png
15,3,226,lattice,3,p,img/target_10.png
15,3,227,lattice,1,w,img/target_2.png
15,3,228,lattice,3,p,img/target_10.png
15,3,229,lattice,4,u,img/target_7.png
15,3,230,lattice,5,i,img/target_8.png
15,3,231,lattice,7,b,img/target_6.png
15,3,232,lattice,8,r,img/target_4.png
15,3,233,lattice,7,b,img/target_6.png
15,3,234,lattice,5,i,img/target_8.png
15,3,235,lattice,7,b,img/target_6.png
15,3,236,lattice,9,o,img/target_9.png
15,3,237,lattice,7,b,img/target_6.png
15,3,238,lattice,5,i,img/target_8.png
15,3,239,lattice,3,p,img/target_10.png
15,3,240,lattice,4,u,img/target_7.png
15,3,241,lattice,2,q,img/target_1.png
15,3,242,lattice,0,e,img/target_3.png
15,3,243,lattice,9,o,img/target_9.png
15,3,244,lattice,7,b,img/target_6.png
15,3,245,lattice,5,i,img/target_8.png
15,3,246,lattice,6,v,img/target_5.png
15,3,247,lattice,4,u,img/target_7.png
15,3,248,lattice,2,q,img/target_1.png
15,3,249,lattice,3,p,img/target_10.png
15,3,250,lattice,4,u,img/target_7.png
15,3,251,lattice,6,v,img/target_5.png
15,3,252,lattice,4,u,img/target_7.png
15,3,253,lattice,5,i,img/target_8.png
15,3,254,lattice,4,u,img/target_7.png
15,3,255,lattice,2,q,img/target_1.png
15,3,256,lattice,1,w,img/target_2.png
15,3,257,lattice,3,p,img/target_10.png
15,3,258,lattice,4,u,img/target_7.png
15,3,259,lattice,5,i,img/target_8.png
15,3,260,lattice,6,v,img/target_5.png
15,3,261,lattice,8,r,img/target_4.png
15,3,262,lattice,0,e,img/target_3.png
15,3,263,lattice,1,w,img/target_2.png
15,3,264,lattice,2,q,img/target_1.png
15,3,265,lattice,3,p,img/target_10.png
15,3,266,lattice,4,u,img/target_7.png
15,3,267,lattice,3,p,img/target_10.png
15,3,268,lattice,2,q,img/target_1.png
15,3,269,lattice,4,u,img/target_7.png
15,3,270,lattice,2,q,img/target_1.png
15,3,271,lattice,4,u,img/target_7.png
15,3,272,lattice,6,v,img/target_5.png
15,3,273,lattice,4,u,img/target_7.png
15,3,274,lattice,2,q,img/target_1.png
15,3,275,lattice,0,e,img/target_3.png
15,3,276,lattice,1,w,img/target_2.png
15,3,277,lattice,2,q,img/target_1.png
15,3,278,lattice,1,w,img/target_2.png
15,3,279,lattice,0,e,img/target_3.png
15,3,280,lattice,1,w,img/target_2.png
15,3,281,lattice,0,e,img/target_3.png
15,3,282,lattice,9,o,img/target_9.png
15,3,283,lattice,1,w,img/target_2.png
15,3,284,lattice,9,o,img/target_9.png
15,3,285,lattice,0,e,img/target_3.png
15,3,286,lattice,2,q,img/target_1.png
15,3,287,lattice,0,e,img/target_3.png
15,3,288,lattice,1,w,img/target_2.png
15,3,289,lattice,9,o,img/target_9.png
15,3,290,lattice,1,w,img/target_2.png
15,3,291,lattice,3,p,img/target_10.png
15,3,292,lattice,4,u,img/target_7.png
15,3,293,lattice,6,v,img/target_5.png
15,3,294,lattice,4,u,img/target_7.png
15,3,295,lattice,5,i,img/target_8.png
15,3,296,lattice,4,u,img/target_7.png
15,3,297,lattice,3,p,img/target_10.png
15,3,298,lattice,4,u,img/target_7.png
15,3,299,lattice,3,p,img/target_10.png
15,3,300,lattice,1,w,img/target_2.png
15,3,301,lattice,0,e,img/target_3.png
15,3,302,lattice,9,o,img/target_9.png
15,3,303,lattice,1,w,img/target_2.png
15,3,304,lattice,0,e,img/target_3.png
15,3,305,lattice,1,w,img/target_2.png
15,3,306,lattice,9,o,img/target_9.png
15,3,307,lattice,1,w,img/target_2.png
15,3,308,lattice,3,p,img/target_10.png
15,3,309,lattice,1,w,img/target_2.png
15,3,310,lattice,0,e,img/target_3.png
15,3,311,lattice,1,w,img/target_2.png
15,3,312,lattice,3,p,img/target_10.png
15,3,313,lattice,1,w,img/target_2.png
15,3,314,lattice,0,e,img/target_3.png
15,3,315,lattice,1,w,img/target_2.png
15,3,316,lattice,2,q,img/target_1.png
15,3,317,lattice,0,e,img/target_3.png
15,3,318,lattice,2,q,img/target_1.png
15,3,319,lattice,4,u,img/target_7.png
15,3,320,lattice,2,q,img/target_1.png
15,3,321,lattice,1,w,img/target_2.png
15,3,322,lattice,9,o,img/target_9.png
15,3,323,lattice,8,r,img/target_4.png
15,3,324,lattice,6,v,img/target_5.png
15,3,325,lattice,4,u,img/target_7.png
15,3,326,lattice,2,q,img/target_1.png
15,3,327,lattice,0,e,img/target_3.png
15,3,328,lattice,2,q,img/target_1.png
15,3,329,lattice,4,u,img/target_7.png
15,3,330,lattice,2,q,img/target_1.png
15,3,331,lattice,4,u,img/target_7.png
15,3,332,lattice,3,p,img/target_10.png
15,3,333,lattice,1,w,img/target_2.png
15,3,334,lattice,0,e,img/target_3.png
15,3,335,lattice,9,o,img/target_9.png
15,3,336,lattice,0,e,img/target_3.png
15,3,337,lattice,8,r,img/target_4.png
15,3,338,lattice,6,v,img/target_5.png
15,3,339,lattice,8,r,img/target_4.png
15,3,340,lattice,7,b,img/target_6.png
15,3,341,lattice,9,o,img/target_9.png
15,3,342,lattice,7,b,img/target_6.png
15,3,343,lattice,5,i,img/target_8.png
15,3,344,lattice,3,p,img/target_10.png
15,3,345,lattice,1,w,img/target_2.png
15,3,346,lattice,0,e,img/target_3.png
15,3,347,lattice,8,r,img/target_4.png
15,3,348,lattice,0,e,img/target_3.png
15,3,349,lattice,8,r,img/target_4.png
15,3,350,lattice,7,b,img/target_6.png
15,3,351,lattice,6,v,img/target_5.png
15,3,352,lattice,5,i,img/target_8.png
15,3,353,lattice,7,b,img/target_6.png
15,3,354,lattice,9,o,img/target_9.png
15,3,355,lattice,7,b,img/target_6.png
15,3,356,lattice,9,o,img/target_9.png
15,3,357,lattice,0,e,img/target_3.png
15,3,358,lattice,1,w,img/target_2.png
15,3,359,lattice,2,q,img/target_1.png
15,3,360,lattice,0,e,img/target_3.png
15,3,361,lattice,1,w,img/target_2.png
15,3,362,lattice,3,p,img/target_10.png
15,3,363,lattice,5,i,img/target_8.png
15,3,364,lattice,6,v,img/target_5.png
15,3,365,lattice,5,i,img/target_8.png
15,3,366,lattice,4,u,img/target_7.png
15,3,367,lattice,2,q,img/target_1.png
15,3,368,lattice,0,e,img/target_3.png
15,3,369,lattice,2,q,img/target_1.png
15,3,370,lattice,1,w,img/target_2.png
15,3,371,lattice,0,e,img/target_3.png
15,3,372,lattice,9,o,img/target_9.png
15,3,373,lattice,8,r,img/target_4.png
15,3,374,lattice,0,e,img/target_3.png
15,3,375,lattice,8,r,img/target_4.png
15,3,376,lattice,9,o,img/target_9.png
15,3,377,lattice,8,r,img/target_4.png
15,3,378,lattice,9,o,img/target_9.png
15,3,379,lattice,8,r,img/target_4.png
15,3,380,lattice,0,e,img/target_3.png
15,3,381,lattice,9,o,img/target_9.png
15,3,382,lattice,0,e,img/target_3.png
15,3,383,lattice,1,w,img/target_2.png
15,3,384,lattice,3,p,img/target_10.png
15,3,385,lattice,5,i,img/target_8.png
15,3,386,lattice,7,b,img/target_6.png
15,3,387,lattice,6,v,img/target_5.png
15,3,388,lattice,7,b,img/target_6.png
15,3,389,lattice,9,o,img/target_9.png
15,3,390,lattice,8,r,img/target_4.png
15,3,391,lattice,9,o,img/target_9.png
15,3,392,lattice,8,r,img/target_4.png
15,3,393,lattice,0,e,img/target_3.png
15,3,394,lattice,8,r,img/target_4.png
15,3,395,lattice,6,v,img/target_5.png
15,3,396,lattice,4,u,img/target_7.png
15,3,397,lattice,5,i,img/target_8.png
15,3,398,lattice,4,u,img/target_7.png
15,3,399,lattice,3,p,img/target_10.png
15,3,400,lattice,5,i,img/target_8.png
15,3,401,lattice,4,u,img/target_7.png
15,3,402,lattice,6,v,img/target_5.png
15,3,403,lattice,8,r,img/target_4.png
15,3,404,lattice,9,o,img/target_9.png
15,3,405,lattice,0,e,img/target_3.png
15,3,406,lattice,2,q,img/target_1.png
15,3,407,lattice,3,p,img/target_10.png
15,3,408,lattice,4,u,img/target_7.png
15,3,409,lattice,5,i,img/target_8.png
15,3,410,lattice,3,p,img/target_10.png
15,3,411,lattice,2,q,img/target_1.png
15,3,412,lattice,3,p,img/target_10.png
15,3,413,lattice,2,q,img/target_1.png
15,3,414,lattice,1,w,img/target_2.png
15,3,415,lattice,9,o,img/target_9.png
15,3,416,lattice,8,r,img/target_4.png
15,3,417,lattice,9,o,img/target_9.png
15,3,418,lattice,0,e,img/target_3.png
15,3,419,lattice,9,o,img/target_9.png
15,3,420,lattice,1,w,img/target_2.png
15,3,421,lattice,9,o,img/target_9.png
15,3,422,lattice,0,e,img/target_3.png
15,3,423,lattice,1,w,img/target_2.png
15,3,424,lattice,3,p,img/target_10.png
15,3,425,lattice,5,i,img/target_8.png
15,3,426,lattice,7,b,img/target_6.png
15,3,427,lattice,6,v,img/target_5.png
15,3,428,lattice,5,i,img/target_8.png
15,3,429,lattice,3,p,img/target_10.png
15,3,430,lattice,5,i,img/target_8.png
15,3,431,lattice,6,v,img/target_5.png
15,3,432,lattice,8,r,img/target_4.png
15,3,433,lattice,6,v,img/target_5.png
15,3,434,lattice,7,b,img/target_6.png
15,3,435,lattice,8,r,img/target_4.png
15,3,436,lattice,6,v,img/target_5.png
15,3,437,lattice,7,b,img/target_6.png
15,3,438,lattice,8,r,img/target_4.png
15,3,439,lattice,9,o,img/target_9.png
15,3,440,lattice,0,e,img/target_3.png
15,3,441,lattice,2,q,img/target_1.png
15,3,442,lattice,0,e,img/target_3.png
15,3,443,lattice,1,w,img/target_2.png
15,3,444,lattice,2,q,img/target_1.png
15,3,445,lattice,3,p,img/target_10.png
15,3,446,lattice,1,w,img/target_2.png
15,3,447,lattice,2,q,img/target_1.png
15,3,448,lattice,4,u,img/target_7.png
15,3,449,lattice,6,v,img/target_5.png
15,3,450,lattice,5,i,img/target_8.png
15,3,451,lattice,3,p,img/target_10.png
15,3,452,lattice,4,u,img/target_7.png
15,3,453,lattice,3,p,img/target_10.png
15,3,454,lattice,4,u,img/target_7.png
15,3,455,lattice,6,v,img/target_5.png
15,3,456,lattice,5,i,img/target_8.png
15,3,457,lattice,6,v,img/target_5.png
15,3,458,lattice,4,u,img/target_7.png
15,3,459,lattice,2,q,img/target_1.png
15,3,460,lattice,4,u,img/target_7.png
15,3,461,lattice,2,q,img/target_1.png
15,3,462,lattice,4,u,img/target_7.png
15,3,463,lattice,6,v,img/target_5.png
15,3,464,lattice,5,i,img/target_8.png
15,3,465,lattice,3,p,img/target_10.png
15,3,466,lattice,5,i,img/target_8.png
15,3,467,lattice,6,v,img/target_5.png
15,3,468,lattice,7,b,img/target_6.png
15,3,469,lattice,8,r,img/target_4.png
15,3,470,lattice,7,b,img/target_6.png
15,3,471,lattice,6,v,img/target_5.png
15,3,472,lattice,4,u,img/target_7.png
15,3,473,lattice,5,i,img/target_8.png
15,3,474,lattice,4,u,img/target_7.png
15,3,475,lattice,5,i,img/target_8.png
15,3,476,lattice,7,b,img/target_6.png
15,3,477,lattice,5,i,img/target_8.png
15,3,478,lattice,4,u,img/target_7.png
15,3,479,lattice,6,v,img/target_5.png
15,3,480,lattice,4,u,img/target_7.png
15,3,481,lattice,3,p,img/target_10.png
15,3,482,lattice,1,w,img/target_2.png
15,3,483,lattice,0,e,img/target_3.png
15,3,484,lattice,1,w,img/target_2.png
15,3,485,lattice,2,q,img/target_1.png
15,3,486,lattice,0,e,img/target_3.png
15,3,487,lattice,1,w,img/target_2.png
15,3,488,lattice,2,q,img/target_1.png
15,3,489,lattice,4,u,img/target_7.png
15,3,490,lattice,6,v,img/target_5.png
15,3,491,lattice,7,b,img/target_6.png
15,3,492,lattice,9,o,img/target_9.png
15,3,493,lattice,0,e,img/target_3.png
15,3,494,lattice,8,r,img/target_4.png
15,3,495,lattice,7,b,img/target_6.png
15,3,496,lattice,9,o,img/target_9.png
15,3,497,lattice,0,e,img/target_3.png
15,3,498,lattice,1,w,img/target_2.png
15,3,499,lattice,9,o,img/target_9.png
15,3,500,lattice,8,r,img/target_4.png
15,3,501,lattice,7,b,img/target_6.png
15,3,502,lattice,6,v,img/target_5.png
15,3,503,lattice,4,u,img/target_7.png
15,3,504,lattice,5,i,img/target_8.png
15,3,505,lattice,3,p,img/target_10.png
15,3,506,lattice,5,i,img/target_8.png
15,3,507,lattice,6,v,img/target_5.png
15,3,508,lattice,8,r,img/target_4.png
15,3,509,lattice,6,v,img/target_5.png
15,3,510,lattice,4,u,img/target_7.png
15,3,511,lattice,2,q,img/target_1.png
15,3,512,lattice,4,u,img/target_7.png
15,3,513,lattice,2,q,img/target_1.png
15,3,514,lattice,3,p,img/target_10.png
15,3,515,lattice,4,u,img/target_7.png
15,3,516,lattice,2,q,img/target_1.png
15,3,517,lattice,1,w,img/target_2.png
15,3,518,lattice,0,e,img/target_3.png
15,3,519,lattice,1,w,img/target_2.png
15,3,520,lattice,2,q,img/target_1.png
15,3,521,lattice,0,e,img/target_3.png
15,3,522,lattice,2,q,img/target_1.png
15,3,523,lattice,1,w,img/target_2.png
15,3,524,lattice,0,e,img/target_3.png
15,3,525,lattice,1,w,img/target_2.png
15,3,526,lattice,3,p,img/target_10.png
15,3,527,lattice,1,w,img/target_2.png
15,3,528,lattice,2,q,img/target_1.png
15,3,529,lattice,3,p,img/target_10.png
15,3,530,lattice,1,w,img/target_2.png
15,3,531,lattice,2,q,img/target_1.png
15,3,532,lattice,3,p,img/target_10.png
15,3,533,lattice,2,q,img/target_1.png
15,3,534,lattice,1,w,img/target_2.png
15,3,535,lattice,0,e,img/target_3.png
15,3,536,lattice,8,r,img/target_4.png
15,3,537,lattice,0,e,img/target_3.png
15,3,538,lattice,9,o,img/target_9.png
15,3,539,lattice,8,r,img/target_4.png
15,3,540,lattice,9,o,img/target_9.png
15,3,541,lattice,0,e,img/target_3.png
15,3,542,lattice,9,o,img/target_9.png
15,3,543,lattice,8,r,img/target_4.png
15,3,544,lattice,6,v,img/target_5.png
15,3,545,lattice,4,u,img/target_7.png
15,3,546,lattice,3,p,img/target_10.png
15,3,547,lattice,4,u,img/target_7.png
15,3,548,lattice,5,i,img/target_8.png
15,3,549,lattice,4,u,img/target_7.png
15,3,550,lattice,5,i,img/target_8.png
15,3,551,lattice,3,p,img/target_10.png
15,3,552,lattice,2,q,img/target_1.png
15,3,553,lattice,0,e,img/target_3.png
15,3,554,lattice,2,q,img/target_1.png
15,3,555,lattice,3,p,img/target_10.png
15,3,556,lattice,1,w,img/target_2.png
15,3,557,lattice,0,e,img/target_3.png
15,3,558,lattice,2,q,img/target_1.png
15,3,559,lattice,1,w,img/target_2.png
15,3,560,lattice,2,q,img/target_1.png
15,3,561,lattice,0,e,img/target_3.png
15,3,562,lattice,2,q,img/target_1.png
15,3,563,lattice,4,u,img/target_7.png
15,3,564,lattice,6,v,img/target_5.png
15,3,565,lattice,8,r,img/target_4.png
15,3,566,lattice,7,b,img/target_6.png
15,3,567,lattice,8,r,img/target_4.png
15,3,568,lattice,6,v,img/target_5.png
15,3,569,lattice,5,i,img/target_8.png
15,3,570,lattice,3,p,img/target_10.png
15,3,571,lattice,2,q,img/target_1.png
15,3,572,lattice,0,e,img/target_3.png
15,3,573,lattice,1,w,img/target_2.png
15,3,574,lattice,2,q,img/target_1.png
15,3,575,lattice,4,u,img/target_7.png
15,3,576,lattice,5,i,img/target_8.png
15,3,577,lattice,7,b,img/target_6.png
15,3,578,lattice,5,i,img/target_8.png
15,3,579,lattice,6,v,img/target_5.png
15,3,580,lattice,5,i,img/target_8.png
15,3,581,lattice,7,b,img/target_6.png
15,3,582,lattice,8,r,img/target_4.png
15,3,583,lattice,0,e,img/target_3.png
15,3,584,lattice,8,r,img/target_4.png
15,3,585,lattice,7,b,img/target_6.png
15,3,586,lattice,5,i,img/target_8.png
15,3,587,lattice,6,v,img/target_5.png
15,3,588,lattice,4,u,img/target_7.png
15,3,589,lattice,2,q,img/target_1.png
15,3,590,lattice,4,u,img/target_7.png
15,3,591,lattice,5,i,img/target_8.png
15,3,592,lattice,3,p,img/target_10.png
15,3,593,lattice,1,w,img/target_2.png
15,3,594,lattice,3,p,img/target_10.png
15,3,595,lattice,1,w,img/target_2.png
15,3,596,lattice,0,e,img/target_3.png
15,3,597,lattice,2,q,img/target_1.png
15,3,598,lattice,3,p,img/target_10.png
15,3,599,lattice,2,q,img/target_1.png
15,3,600,lattice,1,w,img/target_2.png
15,3,601,lattice,0,e,img/target_3.png
15,3,602,lattice,2,q,img/target_1.png
15,3,603,lattice,4,u,img/target_7.png
15,3,604,lattice,3,p,img/target_10.png
15,3,605,lattice,4,u,img/target_7.png
15,3,606,lattice,3,p,img/target_10.png
15,3,607,lattice,5,i,img/target_8.png
15,3,608,lattice,6,v,img/target_5.png
15,3,609,lattice,5,i,img/target_8.png
15,3,610,lattice,7,b,img/target_6.png
15,3,611,lattice,5,i,img/target_8.png
15,3,612,lattice,6,v,img/target_5.png
15,3,613,lattice,5,i,img/target_8.png
15,3,614,lattice,7,b,img/target_6.png
15,3,615,lattice,8,r,img/target_4.png
15,3,616,lattice,7,b,img/target_6.png
15,3,617,lattice,9,o,img/target_9.png
15,3,618,lattice,1,w,img/target_2.png
15,3,619,lattice,2,q,img/target_1.png
15,3,620,lattice,1,w,img/target_2.png
15,3,621,lattice,9,o,img/target_9.png
15,3,622,lattice,1,w,img/target_2.png
15,3,623,lattice,2,q,img/target_1.png
15,3,624,lattice,0,e,img/target_3.png
15,3,625,lattice,1,w,img/target_2.png
15,3,626,lattice,0,e,img/target_3.png
15,3,627,lattice,1,w,img/target_2.png
15,3,628,lattice,0,e,img/target_3.png
15,3,629,lattice,1,w,img/target_2.png
15,3,630,lattice,2,q,img/target_1.png
15,3,631,lattice,3,p,img/target_10.png
15,3,632,lattice,4,u,img/target_7.png
15,3,633,lattice,6,v,img/target_5.png
15,3,634,lattice,8,r,img/target_4.png
15,3,635,lattice,9,o,img/target_9.png
15,3,636,lattice,1,w,img/target_2.png
15,3,637,lattice,9,o,img/target_9.png
15,3,638,lattice,7,b,img/target_6.png
15,3,639,lattice,9,o,img/target_9.png
15,3,640,lattice,0,e,img/target_3.png
15,3,641,lattice,9,o,img/target_9.png
15,3,642,lattice,0,e,img/target_3.png
15,3,643,lattice,9,o,img/target_9.png
15,3,644,lattice,8,r,img/target_4.png
15,3,645,lattice,9,o,img/target_9.png
15,3,646,lattice,7,b,img/target_6.png
15,3,647,lattice,5,i,img/target_8.png
15,3,648,lattice,4,u,img/target_7.png
15,3,649,lattice,6,v,img/target_5.png
15,3,650,lattice,4,u,img/target_7.png
15,3,651,lattice,3,p,img/target_10.png
15,3,652,lattice,2,q,img/target_1.png
15,3,653,lattice,4,u,img/target_7.png
15,3,654,lattice,6,v,img/target_5.png
15,3,655,lattice,4,u,img/target_7.png
15,3,656,lattice,2,q,img/target_1.png
15,3,657,lattice,4,u,img/target_7.png
15,3,658,lattice,2,q,img/target_1.png
15,3,659,lattice,1,w,img/target_2.png
15,3,660,lattice,2,q,img/target_1.png
15,3,661,lattice,4,u,img/target_7.png
15,3,662,lattice,2,q,img/target_1.png
15,3,663,lattice,1,w,img/target_2.png
15,3,664,lattice,2,q,img/target_1.png
15,3,665,lattice,0,e,img/target_3.png
15,3,666,lattice,1,w,img/target_2.png
15,3,667,lattice,3,p,img/target_10.png
15,3,668,lattice,5,i,img/target_8.png
15,3,669,lattice,6,v,img/target_5.png
15,3,670,lattice,4,u,img/target_7.png
15,3,671,lattice,3,p,img/target_10.png
15,3,672,lattice,2,q,img/target_1.png
15,3,673,lattice,4,u,img/target_7.png
15,3,674,lattice,6,v,img/target_5.png
15,3,675,lattice,7,b,img/target_6.png
15,3,676,lattice,6,v,img/target_5.png
15,3,677,lattice,5,i,img/target_8.png
15,3,678,lattice,3,p,img/target_10.png
15,3,679,lattice,4,u,img/target_7.png
15,3,680,lattice,3,p,img/target_10.png
15,3,681,lattice,5,i,img/target_8.png
15,3,682,lattice,6,v,img/target_5.png
15,3,683,lattice,8,r,img/target_4.png
15,3,684,lattice,7,b,img/target_6.png
15,3,685,lattice,5,i,img/target_8.png
15,3,686,lattice,4,u,img/target_7.png
15,3,687,lattice,2,q,img/target_1.png
15,3,688,lattice,1,w,img/target_2.png
15,3,689,lattice,0,e,img/target_3.png
15,3,690,lattice,8,r,img/target_4.png
15,3,691,lattice,0,e,img/target_3.png
15,3,692,lattice,9,o,img/target_9.png
15,3,693,lattice,7,b,img/target_6.png
15,3,694,lattice,9,o,img/target_9.png
15,3,695,lattice,0,e,img/target_3.png
15,3,696,lattice,9,o,img/target_9.png
15,3,697,lattice,0,e,img/target_3.png
15,3,698,lattice,2,q,img/target_1.png
15,3,699,lattice,1,w,img/target_2.png
15,3,700,lattice,2,q,img/target_1.png
15,3,701,lattice,4,u,img/target_7.png
15,3,702,lattice,2,q,img/target_1.png
15,3,703,lattice,4,u,img/target_7.png
15,3,704,lattice,2,q,img/target_1.png
15,3,705,lattice,1,w,img/target_2.png
15,3,706,lattice,9,o,img/target_9.png
15,3,707,lattice,8,r,img/target_4.png
15,3,708,lattice,0,e,img/target_3.png
15,3,709,lattice,9,o,img/target_9.png
15,3,710,lattice,8,r,img/target_4.png
15,3,711,lattice,6,v,img/target_5.png
15,3,712,lattice,8,r,img/target_4.png
15,3,713,lattice,0,e,img/target_3.png
15,3,714,lattice,9,o,img/target_9.png
15,3,715,lattice,1,w,img/target_2.png
15,3,716,lattice,0,e,img/target_3.png
15,3,717,lattice,9,o,img/target_9.png
15,3,718,lattice,0,e,img/target_3.png
15,3,719,lattice,1,w,img/target_2.png
15,3,720,lattice,3,p,img/target_10.png
15,3,721,lattice,2,q,img/target_1.png
15,3,722,lattice,1,w,img/target_2.png
15,3,723,lattice,3,p,img/target_10.png
15,3,724,lattice,1,w,img/target_2.png
15,3,725,lattice,9,o,img/target_9.png
15,3,726,lattice,0,e,img/target_3.png
15,3,727,lattice,8,r,img/target_4.png
15,3,728,lattice,7,b,img/target_6.png
15,3,729,lattice,6,v,img/target_5.png
15,3,730,lattice,7,b,img/target_6.png
15,3,731,lattice,9,o,img/target_9.png
15,3,732,lattice,1,w,img/target_2.png
15,3,733,lattice,3,p,img/target_10.png
15,3,734,lattice,5,i,img/target_8.png
15,3,735,lattice,3,p,img/target_10.png
15,3,736,lattice,1,w,img/target_2.png
15,3,737,lattice,2,q,img/target_1.png
15,3,738,lattice,3,p,img/target_10.png
15,3,739,lattice,1,w,img/target_2.png
15,3,740,lattice,3,p,img/target_10.png
15,3,741,lattice,2,q,img/target_1.png
15,3,742,lattice,0,e,img/target_3.png
15,3,743,lattice,2,q,img/target_1.png
15,3,744,lattice,3,p,img/target_10.png
15,3,745,lattice,2,q,img/target_1.png
15,3,746,lattice,4,u,img/target_7.png
15,3,747,lattice,3,p,img/target_10.png
15,3,748,lattice,1,w,img/target_2.png
15,3,749,lattice,2,q,img/target_1.png
15,3,750,lattice,4,u,img/target_7.png
15,3,751,lattice,2,q,img/target_1.png
15,3,752,lattice,4,u,img/target_7.png
15,3,753,lattice,6,v,img/target_5.png
15,3,754,lattice,5,i,img/target_8.png
15,3,755,lattice,6,v,img/target_5.png
15,3,756,lattice,5,i,img/target_8.png
15,3,757,lattice,6,v,img/target_5.png
15,3,758,lattice,7,b,img/target_6.png
15,3,759,lattice,5,i,img/target_8.png
15,3,760,lattice,6,v,img/target_5.png
15,3,761,lattice,5,i,img/target_8.png
15,3,762,lattice,4,u,img/target_7.png
15,3,763,lattice,6,v,img/target_5.png
15,3,764,lattice,8,r,img/target_4.png
15,3,765,lattice,9,o,img/target_9.png
15,3,766,lattice,8,r,img/target_4.png
15,3,767,lattice,0,e,img/target_3.png
15,3,768,lattice,9,o,img/target_9.png
15,3,769,lattice,0,e,img/target_3.png
15,3,770,lattice,8,r,img/target_4.png
15,3,771,lattice,6,v,img/target_5.png
15,3,772,lattice,4,u,img/target_7.png
15,3,773,lattice,6,v,img/target_5.png
15,3,774,lattice,4,u,img/target_7.png
15,3,775,lattice,3,p,img/target_10.png
15,3,776,lattice,4,u,img/target_7.png
15,3,777,lattice,2,q,img/target_1.png
15,3,778,lattice,3,p,img/target_10.png
15,3,779,lattice,1,w,img/target_2.png
15,3,780,lattice,9,o,img/target_9.png
15,3,781,lattice,8,r,img/target_4.png
15,3,782,lattice,9,o,img/target_9.png
15,3,783,lattice,8,r,img/target_4.png
15,3,784,lattice,0,e,img/target_3.png
15,3,785,lattice,8,r,img/target_4.png
15,3,786,lattice,7,b,img/target_6.png
15,3,787,lattice,5,i,img/target_8.png
15,3,788,lattice,4,u,img/target_7.png
15,3,789,lattice,5,i,img/target_8.png
15,3,790,lattice,6,v,img/target_5.png
15,3,791,lattice,5,i,img/target_8.png
15,3,792,lattice,3,p,img/target_10.png
15,3,793,lattice,2,q,img/target_1.png
15,3,794,lattice,3,p,img/target_10.png
15,3,795,lattice,4,u,img/target_7.png
15,3,796,lattice,2,q,img/target_1.png
15,3,797,lattice,3,p,img/target_10.png
15,3,798,lattice,2,q,img/target_1.png
15,3,799,lattice,1,w,img/target_2.png
15,3,800,lattice,3,p,img/target_10.png
15,3,801,lattice,2,q,img/target_1.png
15,3,802,lattice,0,e,img/target_3.png
15,3,803,lattice,1,w,img/target_2.png
15,3,804,lattice,0,e,img/target_3.png
15,3,805,lattice,8,r,img/target_4.png
15,3,806,lattice,0,e,img/target_3.png
15,3,807,lattice,9,o,img/target_9.png
15,3,808,lattice,8,r,img/target_4.png
15,3,809,lattice,6,v,img/target_5.png
15,3,810,lattice,8,r,img/target_4.png
15,3,811,lattice,7,b,img/target_6.png
15,3,812,lattice,9,o,img/target_9.png
15,3,813,lattice,8,r,img/target_4.png
15,3,814,lattice,0,e,img/target_3.png
15,3,815,lattice,9,o,img/target_9.png
15,3,816,lattice,7,b,img/target_6.png
15,3,817,lattice,9,o,img/target_9.png
15,3,818,lattice,7,b,img/target_6.png
15,3,819,lattice,5,i,img/target_8.png
15,3,820,lattice,4,u,img/target_7.png
15,3,821,lattice,6,v,img/target_5.png
15,3,822,lattice,5,i,img/target_8.png
15,3,823,lattice,3,p,img/target_10.png
15,3,824,lattice,4,u,img/target_7.png
15,3,825,lattice,6,v,img/target_5.png
15,3,826,lattice,5,i,img/target_8.png
15,3,827,lattice,6,v,img/target_5.png
15,3,828,lattice,4,u,img/target_7.png
15,3,829,lattice,2,q,img/target_1.png
15,3,830,lattice,0,e,img/target_3.png
15,3,831,lattice,8,r,img/target_4.png
15,3,832,lattice,7,b,img/target_6.png
15,3,833,lattice,8,r,img/target_4.png
15,3,834,lattice,7,b,img/target_6.png
15,3,835,lattice,5,i,img/target_8.png
15,3,836,lattice,3,p,img/target_10.png
15,3,837,lattice,4,u,img/target_7.png
15,3,838,lattice,2,q,img/target_1.png
15,3,839,lattice,0,e,img/target_3.png
15,3,840,lattice,8,r,img/target_4.png
15,3,841,lattice,0,e,img/target_3.png
15,3,842,lattice,2,q,img/target_1.png
15,3,843,lattice,3,p,img/target_10.png
15,3,844,lattice,4,u,img/target_7.png
15,3,845,lattice,5,i,img/target_8.png
15,3,846,lattice,4,u,img/target_7.png
15,3,847,lattice,2,q,img/target_1.png
15,3,848,lattice,3,p,img/target_10.png
15,3,849,lattice,2,q,img/target_1.png
15,3,850,lattice,4,u,img/target_7.png
15,3,851,lattice,5,i,img/target_8.png
15,3,852,lattice,6,v,img/target_5.png
15,3,853,lattice,5,i,img/target_8.png
15,3,854,lattice,4,u,img/target_7.png
15,3,855,lattice,5,i,img/target_8.png
15,3,856,lattice,7,b,img/target_6.png
15,3,857,lattice,6,v,img/target_5.png
15,3,858,lattice,4,u,img/target_7.png
15,3,859,lattice,6,v,img/target_5.png
15,3,860,lattice,7,b,img/target_6.png
15,3,861,lattice,8,r,img/target_4.png
15,3,862,lattice,6,v,img/target_5.png
15,3,863,lattice,4,u,img/target_7.png
15,3,864,lattice,6,v,img/target_5.png
15,3,865,lattice,4,u,img/target_7.png
15,3,866,lattice,6,v,img/target_5.png
15,3,867,lattice,7,b,img/target_6.png
15,3,868,lattice,6,v,img/target_5.png
15,3,869,lattice,4,u,img/target_7.png
15,3,870,lattice,3,p,img/target_10.png
15,3,871,lattice,2,q,img/target_1.png
15,3,872,lattice,0,e,img/target_3.png
15,3,873,lattice,1,w,img/target_2.png
15,3,874,lattice,2,q,img/target_1.png
15,3,875,lattice,4,u,img/target_7.png
15,3,876,lattice,2,q,img/target_1.png
15,3,877,lattice,3,p,img/target_10.png
15,3,878,lattice,5,i,img/target_8.png
15,3,879,lattice,6,v,img/target_5.png
15,3,880,lattice,5,i,img/target_8.png
15,3,881,lattice,7,b,img/target_6.png
15,3,882,lattice,8,r,img/target_4.png
15,3,883,lattice,7,b,img/target_6.png
15,3,884,lattice,8,r,img/target_4.png
15,3,885,lattice,9,o,img/target_9.png
15,3,886,lattice,7,b,img/target_6.png
15,3,887,lattice,6,v,img/target_5.png
15,3,888,lattice,7,b,img/target_6.png
15,3,889,lattice,6,v,img/target_5.png
15,3,890,lattice,7,b,img/target_6.png
15,3,891,lattice,9,o,img/target_9.png
15,3,892,lattice,7,b,img/target_6.png
15,3,893,lattice,8,r,img/target_4.png
15,3,894,lattice,0,e,img/target_3.png
15,3,895,lattice,9,o,img/target_9.png
15,3,896,lattice,8,r,img/target_4.png
15,3,897,lattice,9,o,img/target_9.png
15,3,898,lattice,0,e,img/target_3.png
15,3,899,lattice,2,q,img/target_1.png
15,3,900,lattice,0,e,img/target_3.png
15,3,901,lattice,2,q,img/target_1.png
15,3,902,lattice,4,u,img/target_7.png
15,3,903,lattice,6,v,img/target_5.png
15,3,904,lattice,7,b,img/target_6.png
15,3,905,lattice,8,r,img/target_4.png
15,3,906,lattice,7,b,img/target_6.png
15,3,907,lattice,9,o,img/target_9.png
15,3,908,lattice,1,w,img/target_2.png
15,3,909,lattice,3,p,img/target_10.png
15,3,910,lattice,2,q,img/target_1.png
15,3,911,lattice,4,u,img/target_7.png
15,3,912,lattice,5,i,img/target_8.png
15,3,913,lattice,4,u,img/target_7.png
15,3,914,lattice,5,i,img/target_8.png
15,3,915,lattice,7,b,img/target_6.png
15,3,916,lattice,8,r,img/target_4.png
15,3,917,lattice,9,o,img/target_9.png
15,3,918,lattice,8,r,img/target_4.png
15,3,919,lattice,7,b,img/target_6.png
15,3,920,lattice,5,i,img/target_8.png
15,3,921,lattice,4,u,img/target_7.png
15,3,922,lattice,6,v,img/target_5.png
15,3,923,lattice,8,r,img/target_4.png
15,3,924,lattice,6,v,img/target_5.png
15,3,925,lattice,7,b,img/target_6.png
15,3,926,lattice,9,o,img/target_9.png
15,3,927,lattice,0,e,img/target_3.png
15,3,928,lattice,2,q,img/target_1.png
15,3,929,lattice,1,w,img/target_2.png
15,3,930,lattice,3,p,img/target_10.png
15,3,931,lattice,5,i,img/target_8.png
15,3,932,lattice,7,b,img/target_6.png
15,3,933,lattice,5,i,img/target_8.png
15,3,934,lattice,3,p,img/target_10.png
15,3,935,lattice,1,w,img/target_2.png
15,3,936,lattice,3,p,img/target_10.png
15,3,937,lattice,4,u,img/target_7.png
15,3,938,lattice,2,q,img/target_1.png
15,3,939,lattice,0,e,img/target_3.png
15,3,940,lattice,9,o,img/target_9.png
15,3,941,lattice,1,w,img/target_2.png
15,3,942,lattice,2,q,img/target_1.png
15,3,943,lattice,0,e,img/target_3.png
15,3,944,lattice,9,o,img/target_9.png
15,3,945,lattice,8,r,img/target_4.png
15,3,946,lattice,7,b,img/target_6.png
15,3,947,lattice,6,v,img/target_5.png
15,3,948,lattice,8,r,img/target_4.png
15,3,949,lattice,7,b,img/target_6.png
15,3,950,lattice,9,o,img/target_9.png
15,3,951,lattice,0,e,img/target_3.png
15,3,952,lattice,9,o,img/target_9.png
15,3,953,lattice,7,b,img/target_6.png
15,3,954,lattice,9,o,img/target_9.png
15,3,955,lattice,0,e,img/target_3.png
15,3,956,lattice,8,r,img/target_4.png
15,3,957,lattice,9,o,img/target_9.png
15,3,958,lattice,7,b,img/target_6.png
15,3,959,lattice,6,v,img/target_5.png
15,3,960,lattice,4,u,img/target_7.png
15,3,961,lattice,6,v,img/target_5.png
15,3,962,lattice,4,u,img/target_7.png
15,3,963,lattice,3,p,img/target_10.png
15,3,964,lattice,4,u,img/target_7.png
15,3,965,lattice,3,p,img/target_10.png
15,3,966,lattice,5,i,img/target_8.png
15,3,967,lattice,3,p,img/target_10.png
15,3,968,lattice,2,q,img/target_1.png
15,3,969,lattice,0,e,img/target_3.png
15,3,970,lattice,1,w,img/target_2.png
15,3,971,lattice,3,p,img/target_10.png
15,3,972,lattice,2,q,img/target_1.png
15,3,973,lattice,4,u,img/target_7.png
15,3,974,lattice,2,q,img/target_1.png
15,3,975,lattice,1,w,img/target_2.png
15,3,976,lattice,0,e,img/target_3.png
15,3,977,lattice,2,q,img/target_1.png
15,3,978,lattice,3,p,img/target_10.png
15,3,979,lattice,4,u,img/target_7.png
15,3,980,lattice,5,i,img/target_8.png
15,3,981,lattice,4,u,img/target_7.png
15,3,982,lattice,2,q,img/target_1.png
15,3,983,lattice,1,w,img/target_2.png
15,3,984,lattice,2,q,img/target_1.png
15,3,985,lattice,4,u,img/target_7.png
15,3,986,lattice,5,i,img/target_8.png
15,3,987,lattice,6,v,img/target_5.png
15,3,988,lattice,8,r,img/target_4.png
15,3,989,lattice,0,e,img/target_3.png
15,3,990,lattice,9,o,img/target_9.png
15,3,991,lattice,0,e,img/target_3.png
15,3,992,lattice,9,o,img/target_9.png
15,3,993,lattice,0,e,img/target_3.png
15,3,994,lattice,9,o,img/target_9.png
15,3,995,lattice,8,r,img/target_4.png
15,3,996,lattice,6,v,img/target_5.png
15,3,997,lattice,5,i,img/target_8.png
15,3,998,lattice,7,b,img/target_6.png
15,3,999,lattice,9,o,img/target_9.png
15,3,1000,lattice,0,e,img/target_3.png
