pID,trialNum,graph,walk,resp,path
20,1,modular,4,r,img/target_4.png
20,2,modular,1,q,img/target_1.png
20,3,modular,0,b,img/target_6.png
20,4,modular,3,v,img/target_5.png
20,5,modular,0,b,img/target_6.png
20,6,modular,2,u,img/target_7.png
20,7,modular,4,r,img/target_4.png
20,8,modular,2,u,img/target_7.png
20,9,modular,1,q,img/target_1.png
20,10,modular,2,u,img/target_7.png
20,11,modular,1,q,img/target_1.png
20,12,modular,2,u,img/target_7.png
20,13,modular,4,r,img/target_4.png
20,14,modular,3,v,img/target_5.png
20,15,modular,0,b,img/target_6.png
20,16,modular,9,i,img/target_8.png
20,17,modular,6,p,img/target_10.png
20,18,modular,5,e,img/target_3.png
20,19,modular,6,p,img/target_10.png
20,20,modular,5,e,img/target_3.png
20,21,modular,4,r,img/target_4.png
20,22,modular,5,e,img/target_3.png
20,23,modular,6,p,img/target_10.png
20,24,modular,7,w,img/target_2.png
20,25,modular,5,e,img/target_3.png
20,26,modular,7,w,img/target_2.png
20,27,modular,6,p,img/target_10.png
20,28,modular,5,e,img/target_3.png
20,29,modular,4,r,img/target_4.png
20,30,modular,5,e,img/target_3.png
20,31,modular,4,r,img/target_4.png
20,32,modular,1,q,img/target_1.png
20,33,modular,0,b,img/target_6.png
20,34,modular,1,q,img/target_1.png
20,35,modular,4,r,img/target_4.png
20,36,modular,2,u,img/target_7.png
20,37,modular,0,b,img/target_6.png
20,38,modular,1,q,img/target_1.png
20,39,modular,0,b,img/target_6.png
20,40,modular,3,v,img/target_5.png
20,41,modular,2,u,img/target_7.png
20,42,modular,0,b,img/target_6.png
20,43,modular,1,q,img/target_1.png
20,44,modular,4,r,img/target_4.png
20,45,modular,3,v,img/target_5.png
20,46,modular,2,u,img/target_7.png
20,47,modular,1,q,img/target_1.png
20,48,modular,3,v,img/target_5.png
20,49,modular,1,q,img/target_1.png
20,50,modular,2,u,img/target_7.png
20,51,modular,3,v,img/target_5.png
20,52,modular,4,r,img/target_4.png
20,53,modular,2,u,img/target_7.png
20,54,modular,3,v,img/target_5.png
20,55,modular,0,b,img/target_6.png
20,56,modular,3,v,img/target_5.png
20,57,modular,2,u,img/target_7.png
20,58,modular,0,b,img/target_6.png
20,59,modular,2,u,img/target_7.png
20,60,modular,4,r,img/target_4.png
20,61,modular,5,e,img/target_3.png
20,62,modular,6,p,img/target_10.png
20,63,modular,7,w,img/target_2.png
20,64,modular,5,e,img/target_3.png
20,65,modular,6,p,img/target_10.png
20,66,modular,8,o,img/target_9.png
20,67,modular,5,e,img/target_3.png
20,68,modular,4,r,img/target_4.png
20,69,modular,3,v,img/target_5.png
20,70,modular,2,u,img/target_7.png
20,71,modular,3,v,img/target_5.png
20,72,modular,0,b,img/target_6.png
20,73,modular,2,u,img/target_7.png
20,74,modular,0,b,img/target_6.png
20,75,modular,9,i,img/target_8.png
20,76,modular,6,p,img/target_10.png
20,77,modular,7,w,img/target_2.png
20,78,modular,6,p,img/target_10.png
20,79,modular,7,w,img/target_2.png
20,80,modular,8,o,img/target_9.png
20,81,modular,7,w,img/target_2.png
20,82,modular,8,o,img/target_9.png
20,83,modular,6,p,img/target_10.png
20,84,modular,8,o,img/target_9.png
20,85,modular,9,i,img/target_8.png
20,86,modular,8,o,img/target_9.png
20,87,modular,7,w,img/target_2.png
20,88,modular,9,i,img/target_8.png
20,89,modular,6,p,img/target_10.png
20,90,modular,5,e,img/target_3.png
20,91,modular,7,w,img/target_2.png
20,92,modular,6,p,img/target_10.png
20,93,modular,5,e,img/target_3.png
20,94,modular,8,o,img/target_9.png
20,95,modular,6,p,img/target_10.png
20,96,modular,7,w,img/target_2.png
20,97,modular,8,o,img/target_9.png
20,98,modular,9,i,img/target_8.png
20,99,modular,6,p,img/target_10.png
20,100,modular,9,i,img/target_8.png
20,101,modular,6,p,img/target_10.png
20,102,modular,8,o,img/target_9.png
20,103,modular,5,e,img/target_3.png
20,104,modular,8,o,img/target_9.png
20,105,modular,9,i,img/target_8.png
20,106,modular,7,w,img/target_2.png
20,107,modular,6,p,img/target_10.png
20,108,modular,5,e,img/target_3.png
20,109,modular,4,r,img/target_4.png
20,110,modular,3,v,img/target_5.png
20,111,modular,0,b,img/target_6.png
20,112,modular,1,q,img/target_1.png
20,113,modular,0,b,img/target_6.png
20,114,modular,9,i,img/target_8.png
20,115,modular,6,p,img/target_10.png
20,116,modular,7,w,img/target_2.png
20,117,modular,5,e,img/target_3.png
20,118,modular,6,p,img/target_10.png
20,119,modular,5,e,img/target_3.png
20,120,modular,6,p,img/target_10.png
20,121,modular,8,o,img/target_9.png
20,122,modular,5,e,img/target_3.png
20,123,modular,7,w,img/target_2.png
20,124,modular,9,i,img/target_8.png
20,125,modular,8,o,img/target_9.png
20,126,modular,6,p,img/target_10.png
20,127,modular,7,w,img/target_2.png
20,128,modular,5,e,img/target_3.png
20,129,modular,7,w,img/target_2.png
20,130,modular,8,o,img/target_9.png
20,131,modular,6,p,img/target_10.png
20,132,modular,7,w,img/target_2.png
20,133,modular,9,i,img/target_8.png
20,134,modular,7,w,img/target_2.png
20,135,modular,8,o,img/target_9.png
20,136,modular,7,w,img/target_2.png
20,137,modular,5,e,img/target_3.png
20,138,modular,6,p,img/target_10.png
20,139,modular,5,e,img/target_3.png
20,140,modular,6,p,img/target_10.png
20,141,modular,9,i,img/target_8.png
20,142,modular,6,p,img/target_10.png
20,143,modular,7,w,img/target_2.png
20,144,modular,8,o,img/target_9.png
20,145,modular,6,p,img/target_10.png
20,146,modular,8,o,img/target_9.png
20,147,modular,9,i,img/target_8.png
20,148,modular,6,p,img/target_10.png
20,149,modular,7,w,img/target_2.png
20,150,modular,6,p,img/target_10.png
20,151,modular,7,w,img/target_2.png
20,152,modular,5,e,img/target_3.png
20,153,modular,6,p,img/target_10.png
20,154,modular,7,w,img/target_2.png
20,155,modular,9,i,img/target_8.png
20,156,modular,7,w,img/target_2.png
20,157,modular,8,o,img/target_9.png
20,158,modular,6,p,img/target_10.png
20,159,modular,8,o,img/target_9.png
20,160,modular,6,p,img/target_10.png
20,161,modular,5,e,img/target_3.png
20,162,modular,8,o,img/target_9.png
20,163,modular,7,w,img/target_2.png
20,164,modular,8,o,img/target_9.png
20,165,modular,6,p,img/target_10.png
20,166,modular,8,o,img/target_9.png
20,167,modular,6,p,img/target_10.png
20,168,modular,8,o,img/target_9.png
20,169,modular,6,p,img/target_10.png
20,170,modular,9,i,img/target_8.png
20,171,modular,6,p,img/target_10.png
20,172,modular,7,w,img/target_2.png
20,173,modular,9,i,img/target_8.png
20,174,modular,7,w,img/target_2.png
20,175,modular,8,o,img/target_9.png
20,176,modular,7,w,img/target_2.png
20,177,modular,6,p,img/target_10.png
20,178,modular,5,e,img/target_3.png
20,179,modular,8,o,img/target_9.png
20,180,modular,9,i,img/target_8.png
20,181,modular,8,o,img/target_9.png
20,182,modular,7,w,img/target_2.png
20,183,modular,5,e,img/target_3.png
20,184,modular,7,w,img/target_2.png
20,185,modular,5,e,img/target_3.png
20,186,modular,6,p,img/target_10.png
20,187,modular,7,w,img/target_2.png
20,188,modular,6,p,img/target_10.png
20,189,modular,5,e,img/target_3.png
20,190,modular,6,p,img/target_10.png
20,191,modular,9,i,img/target_8.png
20,192,modular,8,o,img/target_9.png
20,193,modular,5,e,img/target_3.png
20,194,modular,6,p,img/target_10.png
20,195,modular,8,o,img/target_9.png
20,196,modular,5,e,img/target_3.png
20,197,modular,8,o,img/target_9.png
20,198,modular,7,w,img/target_2.png
20,199,modular,9,i,img/target_8.png
20,200,modular,0,b,img/target_6.png
20,201,modular,9,i,img/target_8.png
20,202,modular,6,p,img/target_10.png
20,203,modular,9,i,img/target_8.png
20,204,modular,7,w,img/target_2.png
20,205,modular,9,i,img/target_8.png
20,206,modular,7,w,img/target_2.png
20,207,modular,5,e,img/target_3.png
20,208,modular,4,r,img/target_4.png
20,209,modular,3,v,img/target_5.png
20,210,modular,2,u,img/target_7.png
20,211,modular,4,r,img/target_4.png
20,212,modular,1,q,img/target_1.png
20,213,modular,2,u,img/target_7.png
20,214,modular,3,v,img/target_5.png
20,215,modular,0,b,img/target_6.png
20,216,modular,9,i,img/target_8.png
20,217,modular,6,p,img/target_10.png
20,218,modular,9,i,img/target_8.png
20,219,modular,7,w,img/target_2.png
20,220,modular,9,i,img/target_8.png
20,221,modular,7,w,img/target_2.png
20,222,modular,5,e,img/target_3.png
20,223,modular,4,r,img/target_4.png
20,224,modular,5,e,img/target_3.png
20,225,modular,7,w,img/target_2.png
20,226,modular,5,e,img/target_3.png
20,227,modular,6,p,img/target_10.png
20,228,modular,8,o,img/target_9.png
20,229,modular,5,e,img/target_3.png
20,230,modular,7,w,img/target_2.png
20,231,modular,5,e,img/target_3.png
20,232,modular,7,w,img/target_2.png
20,233,modular,6,p,img/target_10.png
20,234,modular,5,e,img/target_3.png
20,235,modular,4,r,img/target_4.png
20,236,modular,1,q,img/target_1.png
20,237,modular,2,u,img/target_7.png
20,238,modular,0,b,img/target_6.png
20,239,modular,1,q,img/target_1.png
20,240,modular,4,r,img/target_4.png
20,241,modular,5,e,img/target_3.png
20,242,modular,7,w,img/target_2.png
20,243,modular,5,e,img/target_3.png
20,244,modular,7,w,img/target_2.png
20,245,modular,9,i,img/target_8.png
20,246,modular,6,p,img/target_10.png
20,247,modular,5,e,img/target_3.png
20,248,modular,4,r,img/target_4.png
20,249,modular,5,e,img/target_3.png
20,250,modular,4,r,img/target_4.png
20,251,modular,2,u,img/target_7.png
20,252,modular,4,r,img/target_4.png
20,253,modular,1,q,img/target_1.png
20,254,modular,0,b,img/target_6.png
20,255,modular,9,i,img/target_8.png
20,256,modular,7,w,img/target_2.png
20,257,modular,8,o,img/target_9.png
20,258,modular,5,e,img/target_3.png
20,259,modular,4,r,img/target_4.png
20,260,modular,1,q,img/target_1.png
20,261,modular,0,b,img/target_6.png
20,262,modular,9,i,img/target_8.png
20,263,modular,7,w,img/target_2.png
20,264,modular,6,p,img/target_10.png
20,265,modular,8,o,img/target_9.png
20,266,modular,9,i,img/target_8.png
20,267,modular,0,b,img/target_6.png
20,268,modular,2,u,img/target_7.png
20,269,modular,3,v,img/target_5.png
20,270,modular,0,b,img/target_6.png
20,271,modular,9,i,img/target_8.png
20,272,modular,6,p,img/target_10.png
20,273,modular,9,i,img/target_8.png
20,274,modular,6,p,img/target_10.png
20,275,modular,9,i,img/target_8.png
20,276,modular,7,w,img/target_2.png
20,277,modular,6,p,img/target_10.png
20,278,modular,8,o,img/target_9.png
20,279,modular,5,e,img/target_3.png
20,280,modular,6,p,img/target_10.png
20,281,modular,9,i,img/target_8.png
20,282,modular,8,o,img/target_9.png
20,283,modular,9,i,img/target_8.png
20,284,modular,7,w,img/target_2.png
20,285,modular,8,o,img/target_9.png
20,286,modular,7,w,img/target_2.png
20,287,modular,8,o,img/target_9.png
20,288,modular,9,i,img/target_8.png
20,289,modular,6,p,img/target_10.png
20,290,modular,7,w,img/target_2.png
20,291,modular,8,o,img/target_9.png
20,292,modular,9,i,img/target_8.png
20,293,modular,7,w,img/target_2.png
20,294,modular,9,i,img/target_8.png
20,295,modular,8,o,img/target_9.png
20,296,modular,5,e,img/target_3.png
20,297,modular,7,w,img/target_2.png
20,298,modular,6,p,img/target_10.png
20,299,modular,9,i,img/target_8.png
20,300,modular,6,p,img/target_10.png
20,301,modular,5,e,img/target_3.png
20,302,modular,4,r,img/target_4.png
20,303,modular,2,u,img/target_7.png
20,304,modular,4,r,img/target_4.png
20,305,modular,2,u,img/target_7.png
20,306,modular,3,v,img/target_5.png
20,307,modular,4,r,img/target_4.png
20,308,modular,1,q,img/target_1.png
20,309,modular,2,u,img/target_7.png
20,310,modular,4,r,img/target_4.png
20,311,modular,3,v,img/target_5.png
20,312,modular,2,u,img/target_7.png
20,313,modular,0,b,img/target_6.png
20,314,modular,1,q,img/target_1.png
20,315,modular,2,u,img/target_7.png
20,316,modular,1,q,img/target_1.png
20,317,modular,2,u,img/target_7.png
20,318,modular,4,r,img/target_4.png
20,319,modular,2,u,img/target_7.png
20,320,modular,3,v,img/target_5.png
20,321,modular,1,q,img/target_1.png
20,322,modular,4,r,img/target_4.png
20,323,modular,3,v,img/target_5.png
20,324,modular,4,r,img/target_4.png
20,325,modular,5,e,img/target_3.png
20,326,modular,7,w,img/target_2.png
20,327,modular,9,i,img/target_8.png
20,328,modular,7,w,img/target_2.png
20,329,modular,5,e,img/target_3.png
20,330,modular,8,o,img/target_9.png
20,331,modular,9,i,img/target_8.png
20,332,modular,6,p,img/target_10.png
20,333,modular,7,w,img/target_2.png
20,334,modular,6,p,img/target_10.png
20,335,modular,9,i,img/target_8.png
20,336,modular,8,o,img/target_9.png
20,337,modular,7,w,img/target_2.png
20,338,modular,9,i,img/target_8.png
20,339,modular,7,w,img/target_2.png
20,340,modular,8,o,img/target_9.png
20,341,modular,7,w,img/target_2.png
20,342,modular,6,p,img/target_10.png
20,343,modular,8,o,img/target_9.png
20,344,modular,9,i,img/target_8.png
20,345,modular,8,o,img/target_9.png
20,346,modular,6,p,img/target_10.png
20,347,modular,9,i,img/target_8.png
20,348,modular,6,p,img/target_10.png
20,349,modular,5,e,img/target_3.png
20,350,modular,8,o,img/target_9.png
20,351,modular,7,w,img/target_2.png
20,352,modular,9,i,img/target_8.png
20,353,modular,8,o,img/target_9.png
20,354,modular,5,e,img/target_3.png
20,355,modular,8,o,img/target_9.png
20,356,modular,9,i,img/target_8.png
20,357,modular,7,w,img/target_2.png
20,358,modular,9,i,img/target_8.png
20,359,modular,7,w,img/target_2.png
20,360,modular,8,o,img/target_9.png
20,361,modular,7,w,img/target_2.png
20,362,modular,5,e,img/target_3.png
20,363,modular,6,p,img/target_10.png
20,364,modular,7,w,img/target_2.png
20,365,modular,8,o,img/target_9.png
20,366,modular,7,w,img/target_2.png
20,367,modular,8,o,img/target_9.png
20,368,modular,5,e,img/target_3.png
20,369,modular,8,o,img/target_9.png
20,370,modular,6,p,img/target_10.png
20,371,modular,8,o,img/target_9.png
20,372,modular,9,i,img/target_8.png
20,373,modular,6,p,img/target_10.png
20,374,modular,5,e,img/target_3.png
20,375,modular,8,o,img/target_9.png
20,376,modular,9,i,img/target_8.png
20,377,modular,0,b,img/target_6.png
20,378,modular,9,i,img/target_8.png
20,379,modular,7,w,img/target_2.png
20,380,modular,5,e,img/target_3.png
20,381,modular,8,o,img/target_9.png
20,382,modular,6,p,img/target_10.png
20,383,modular,5,e,img/target_3.png
20,384,modular,6,p,img/target_10.png
20,385,modular,8,o,img/target_9.png
20,386,modular,5,e,img/target_3.png
20,387,modular,8,o,img/target_9.png
20,388,modular,5,e,img/target_3.png
20,389,modular,4,r,img/target_4.png
20,390,modular,3,v,img/target_5.png
20,391,modular,1,q,img/target_1.png
20,392,modular,0,b,img/target_6.png
20,393,modular,9,i,img/target_8.png
20,394,modular,7,w,img/target_2.png
20,395,modular,8,o,img/target_9.png
20,396,modular,9,i,img/target_8.png
20,397,modular,6,p,img/target_10.png
20,398,modular,8,o,img/target_9.png
20,399,modular,5,e,img/target_3.png
20,400,modular,8,o,img/target_9.png
20,401,modular,6,p,img/target_10.png
20,402,modular,7,w,img/target_2.png
20,403,modular,5,e,img/target_3.png
20,404,modular,6,p,img/target_10.png
20,405,modular,5,e,img/target_3.png
20,406,modular,6,p,img/target_10.png
20,407,modular,8,o,img/target_9.png
20,408,modular,5,e,img/target_3.png
20,409,modular,4,r,img/target_4.png
20,410,modular,1,q,img/target_1.png
20,411,modular,4,r,img/target_4.png
20,412,modular,2,u,img/target_7.png
20,413,modular,0,b,img/target_6.png
20,414,modular,1,q,img/target_1.png
20,415,modular,4,r,img/target_4.png
20,416,modular,3,v,img/target_5.png
20,417,modular,4,r,img/target_4.png
20,418,modular,3,v,img/target_5.png
20,419,modular,4,r,img/target_4.png
20,420,modular,2,u,img/target_7.png
20,421,modular,4,r,img/target_4.png
20,422,modular,2,u,img/target_7.png
20,423,modular,1,q,img/target_1.png
20,424,modular,2,u,img/target_7.png
20,425,modular,4,r,img/target_4.png
20,426,modular,2,u,img/target_7.png
20,427,modular,4,r,img/target_4.png
20,428,modular,3,v,img/target_5.png
20,429,modular,2,u,img/target_7.png
20,430,modular,4,r,img/target_4.png
20,431,modular,2,u,img/target_7.png
20,432,modular,4,r,img/target_4.png
20,433,modular,3,v,img/target_5.png
20,434,modular,4,r,img/target_4.png
20,435,modular,1,q,img/target_1.png
20,436,modular,0,b,img/target_6.png
20,437,modular,1,q,img/target_1.png
20,438,modular,4,r,img/target_4.png
20,439,modular,1,q,img/target_1.png
20,440,modular,0,b,img/target_6.png
20,441,modular,1,q,img/target_1.png
20,442,modular,3,v,img/target_5.png
20,443,modular,1,q,img/target_1.png
20,444,modular,4,r,img/target_4.png
20,445,modular,5,e,img/target_3.png
20,446,modular,4,r,img/target_4.png
20,447,modular,2,u,img/target_7.png
20,448,modular,3,v,img/target_5.png
20,449,modular,4,r,img/target_4.png
20,450,modular,3,v,img/target_5.png
20,451,modular,2,u,img/target_7.png
20,452,modular,1,q,img/target_1.png
20,453,modular,4,r,img/target_4.png
20,454,modular,5,e,img/target_3.png
20,455,modular,4,r,img/target_4.png
20,456,modular,1,q,img/target_1.png
20,457,modular,3,v,img/target_5.png
20,458,modular,1,q,img/target_1.png
20,459,modular,0,b,img/target_6.png
20,460,modular,9,i,img/target_8.png
20,461,modular,6,p,img/target_10.png
20,462,modular,7,w,img/target_2.png
20,463,modular,9,i,img/target_8.png
20,464,modular,8,o,img/target_9.png
20,465,modular,9,i,img/target_8.png
20,466,modular,8,o,img/target_9.png
20,467,modular,6,p,img/target_10.png
20,468,modular,8,o,img/target_9.png
20,469,modular,6,p,img/target_10.png
20,470,modular,5,e,img/target_3.png
20,471,modular,7,w,img/target_2.png
20,472,modular,6,p,img/target_10.png
20,473,modular,7,w,img/target_2.png
20,474,modular,9,i,img/target_8.png
20,475,modular,6,p,img/target_10.png
20,476,modular,9,i,img/target_8.png
20,477,modular,6,p,img/target_10.png
20,478,modular,8,o,img/target_9.png
20,479,modular,5,e,img/target_3.png
20,480,modular,7,w,img/target_2.png
20,481,modular,5,e,img/target_3.png
20,482,modular,4,r,img/target_4.png
20,483,modular,3,v,img/target_5.png
20,484,modular,0,b,img/target_6.png
20,485,modular,1,q,img/target_1.png
20,486,modular,3,v,img/target_5.png
20,487,modular,1,q,img/target_1.png
20,488,modular,4,r,img/target_4.png
20,489,modular,5,e,img/target_3.png
20,490,modular,8,o,img/target_9.png
20,491,modular,6,p,img/target_10.png
20,492,modular,7,w,img/target_2.png
20,493,modular,5,e,img/target_3.png
20,494,modular,6,p,img/target_10.png
20,495,modular,9,i,img/target_8.png
20,496,modular,6,p,img/target_10.png
20,497,modular,7,w,img/target_2.png
20,498,modular,9,i,img/target_8.png
20,499,modular,7,w,img/target_2.png
20,500,modular,9,i,img/target_8.png
20,501,modular,7,w,img/target_2.png
20,502,modular,9,i,img/target_8.png
20,503,modular,0,b,img/target_6.png
20,504,modular,2,u,img/target_7.png
20,505,modular,3,v,img/target_5.png
20,506,modular,2,u,img/target_7.png
20,507,modular,4,r,img/target_4.png
20,508,modular,1,q,img/target_1.png
20,509,modular,2,u,img/target_7.png
20,510,modular,1,q,img/target_1.png
20,511,modular,4,r,img/target_4.png
20,512,modular,2,u,img/target_7.png
20,513,modular,0,b,img/target_6.png
20,514,modular,9,i,img/target_8.png
20,515,modular,0,b,img/target_6.png
20,516,modular,2,u,img/target_7.png
20,517,modular,0,b,img/target_6.png
20,518,modular,3,v,img/target_5.png
20,519,modular,2,u,img/target_7.png
20,520,modular,0,b,img/target_6.png
20,521,modular,3,v,img/target_5.png
20,522,modular,4,r,img/target_4.png
20,523,modular,3,v,img/target_5.png
20,524,modular,0,b,img/target_6.png
20,525,modular,2,u,img/target_7.png
20,526,modular,0,b,img/target_6.png
20,527,modular,9,i,img/target_8.png
20,528,modular,0,b,img/target_6.png
20,529,modular,3,v,img/target_5.png
20,530,modular,1,q,img/target_1.png
20,531,modular,3,v,img/target_5.png
20,532,modular,1,q,img/target_1.png
20,533,modular,3,v,img/target_5.png
20,534,modular,1,q,img/target_1.png
20,535,modular,2,u,img/target_7.png
20,536,modular,0,b,img/target_6.png
20,537,modular,2,u,img/target_7.png
20,538,modular,3,v,img/target_5.png
20,539,modular,4,r,img/target_4.png
20,540,modular,1,q,img/target_1.png
20,541,modular,2,u,img/target_7.png
20,542,modular,3,v,img/target_5.png
20,543,modular,4,r,img/target_4.png
20,544,modular,3,v,img/target_5.png
20,545,modular,2,u,img/target_7.png
20,546,modular,0,b,img/target_6.png
20,547,modular,3,v,img/target_5.png
20,548,modular,1,q,img/target_1.png
20,549,modular,0,b,img/target_6.png
20,550,modular,9,i,img/target_8.png
20,551,modular,6,p,img/target_10.png
20,552,modular,7,w,img/target_2.png
20,553,modular,9,i,img/target_8.png
20,554,modular,7,w,img/target_2.png
20,555,modular,8,o,img/target_9.png
20,556,modular,5,e,img/target_3.png
20,557,modular,4,r,img/target_4.png
20,558,modular,5,e,img/target_3.png
20,559,modular,7,w,img/target_2.png
20,560,modular,6,p,img/target_10.png
20,561,modular,9,i,img/target_8.png
20,562,modular,0,b,img/target_6.png
20,563,modular,3,v,img/target_5.png
20,564,modular,1,q,img/target_1.png
20,565,modular,2,u,img/target_7.png
20,566,modular,3,v,img/target_5.png
20,567,modular,0,b,img/target_6.png
20,568,modular,1,q,img/target_1.png
20,569,modular,2,u,img/target_7.png
20,570,modular,3,v,img/target_5.png
20,571,modular,4,r,img/target_4.png
20,572,modular,2,u,img/target_7.png
20,573,modular,3,v,img/target_5.png
20,574,modular,1,q,img/target_1.png
20,575,modular,4,r,img/target_4.png
20,576,modular,5,e,img/target_3.png
20,577,modular,6,p,img/target_10.png
20,578,modular,7,w,img/target_2.png
20,579,modular,9,i,img/target_8.png
20,580,modular,6,p,img/target_10.png
20,581,modular,9,i,img/target_8.png
20,582,modular,7,w,img/target_2.png
20,583,modular,8,o,img/target_9.png
20,584,modular,7,w,img/target_2.png
20,585,modular,9,i,img/target_8.png
20,586,modular,6,p,img/target_10.png
20,587,modular,8,o,img/target_9.png
20,588,modular,7,w,img/target_2.png
20,589,modular,8,o,img/target_9.png
20,590,modular,5,e,img/target_3.png
20,591,modular,6,p,img/target_10.png
20,592,modular,7,w,img/target_2.png
20,593,modular,9,i,img/target_8.png
20,594,modular,8,o,img/target_9.png
20,595,modular,7,w,img/target_2.png
20,596,modular,6,p,img/target_10.png
20,597,modular,8,o,img/target_9.png
20,598,modular,7,w,img/target_2.png
20,599,modular,8,o,img/target_9.png
20,600,modular,6,p,img/target_10.png
20,601,modular,9,i,img/target_8.png
20,602,modular,6,p,img/target_10.png
20,603,modular,5,e,img/target_3.png
20,604,modular,7,w,img/target_2.png
20,605,modular,5,e,img/target_3.png
20,606,modular,7,w,img/target_2.png
20,607,modular,9,i,img/target_8.png
20,608,modular,6,p,img/target_10.png
20,609,modular,5,e,img/target_3.png
20,610,modular,7,w,img/target_2.png
20,611,modular,8,o,img/target_9.png
20,612,modular,5,e,img/target_3.png
20,613,modular,7,w,img/target_2.png
20,614,modular,9,i,img/target_8.png
20,615,modular,7,w,img/target_2.png
20,616,modular,8,o,img/target_9.png
20,617,modular,6,p,img/target_10.png
20,618,modular,5,e,img/target_3.png
20,619,modular,6,p,img/target_10.png
20,620,modular,5,e,img/target_3.png
20,621,modular,6,p,img/target_10.png
20,622,modular,9,i,img/target_8.png
20,623,modular,8,o,img/target_9.png
20,624,modular,9,i,img/target_8.png
20,625,modular,8,o,img/target_9.png
20,626,modular,6,p,img/target_10.png
20,627,modular,9,i,img/target_8.png
20,628,modular,6,p,img/target_10.png
20,629,modular,7,w,img/target_2.png
20,630,modular,8,o,img/target_9.png
20,631,modular,6,p,img/target_10.png
20,632,modular,5,e,img/target_3.png
20,633,modular,7,w,img/target_2.png
20,634,modular,6,p,img/target_10.png
20,635,modular,8,o,img/target_9.png
20,636,modular,6,p,img/target_10.png
20,637,modular,8,o,img/target_9.png
20,638,modular,7,w,img/target_2.png
20,639,modular,6,p,img/target_10.png
20,640,modular,5,e,img/target_3.png
20,641,modular,6,p,img/target_10.png
20,642,modular,7,w,img/target_2.png
20,643,modular,5,e,img/target_3.png
20,644,modular,7,w,img/target_2.png
20,645,modular,9,i,img/target_8.png
20,646,modular,6,p,img/target_10.png
20,647,modular,5,e,img/target_3.png
20,648,modular,8,o,img/target_9.png
20,649,modular,7,w,img/target_2.png
20,650,modular,8,o,img/target_9.png
20,651,modular,9,i,img/target_8.png
20,652,modular,0,b,img/target_6.png
20,653,modular,1,q,img/target_1.png
20,654,modular,0,b,img/target_6.png
20,655,modular,3,v,img/target_5.png
20,656,modular,0,b,img/target_6.png
20,657,modular,2,u,img/target_7.png
20,658,modular,1,q,img/target_1.png
20,659,modular,0,b,img/target_6.png
20,660,modular,3,v,img/target_5.png
20,661,modular,2,u,img/target_7.png
20,662,modular,0,b,img/target_6.png
20,663,modular,3,v,img/target_5.png
20,664,modular,0,b,img/target_6.png
20,665,modular,1,q,img/target_1.png
20,666,modular,2,u,img/target_7.png
20,667,modular,1,q,img/target_1.png
20,668,modular,3,v,img/target_5.png
20,669,modular,0,b,img/target_6.png
20,670,modular,3,v,img/target_5.png
20,671,modular,1,q,img/target_1.png
20,672,modular,0,b,img/target_6.png
20,673,modular,1,q,img/target_1.png
20,674,modular,0,b,img/target_6.png
20,675,modular,3,v,img/target_5.png
20,676,modular,2,u,img/target_7.png
20,677,modular,1,q,img/target_1.png
20,678,modular,0,b,img/target_6.png
20,679,modular,1,q,img/target_1.png
20,680,modular,4,r,img/target_4.png
20,681,modular,3,v,img/target_5.png
20,682,modular,1,q,img/target_1.png
20,683,modular,4,r,img/target_4.png
20,684,modular,3,v,img/target_5.png
20,685,modular,0,b,img/target_6.png
20,686,modular,2,u,img/target_7.png
20,687,modular,4,r,img/target_4.png
20,688,modular,5,e,img/target_3.png
20,689,modular,4,r,img/target_4.png
20,690,modular,5,e,img/target_3.png
20,691,modular,4,r,img/target_4.png
20,692,modular,3,v,img/target_5.png
20,693,modular,4,r,img/target_4.png
20,694,modular,2,u,img/target_7.png
20,695,modular,0,b,img/target_6.png
20,696,modular,3,v,img/target_5.png
20,697,modular,4,r,img/target_4.png
20,698,modular,1,q,img/target_1.png
20,699,modular,0,b,img/target_6.png
20,700,modular,1,q,img/target_1.png
20,701,modular,4,r,img/target_4.png
20,702,modular,3,v,img/target_5.png
20,703,modular,0,b,img/target_6.png
20,704,modular,9,i,img/target_8.png
20,705,modular,6,p,img/target_10.png
20,706,modular,7,w,img/target_2.png
20,707,modular,9,i,img/target_8.png
20,708,modular,7,w,img/target_2.png
20,709,modular,8,o,img/target_9.png
20,710,modular,7,w,img/target_2.png
20,711,modular,9,i,img/target_8.png
20,712,modular,0,b,img/target_6.png
20,713,modular,9,i,img/target_8.png
20,714,modular,8,o,img/target_9.png
20,715,modular,7,w,img/target_2.png
20,716,modular,6,p,img/target_10.png
20,717,modular,8,o,img/target_9.png
20,718,modular,5,e,img/target_3.png
20,719,modular,4,r,img/target_4.png
20,720,modular,3,v,img/target_5.png
20,721,modular,1,q,img/target_1.png
20,722,modular,0,b,img/target_6.png
20,723,modular,1,q,img/target_1.png
20,724,modular,0,b,img/target_6.png
20,725,modular,9,i,img/target_8.png
20,726,modular,8,o,img/target_9.png
20,727,modular,9,i,img/target_8.png
20,728,modular,8,o,img/target_9.png
20,729,modular,9,i,img/target_8.png
20,730,modular,0,b,img/target_6.png
20,731,modular,3,v,img/target_5.png
20,732,modular,1,q,img/target_1.png
20,733,modular,0,b,img/target_6.png
20,734,modular,3,v,img/target_5.png
20,735,modular,1,q,img/target_1.png
20,736,modular,3,v,img/target_5.png
20,737,modular,4,r,img/target_4.png
20,738,modular,3,v,img/target_5.png
20,739,modular,4,r,img/target_4.png
20,740,modular,1,q,img/target_1.png
20,741,modular,3,v,img/target_5.png
20,742,modular,2,u,img/target_7.png
20,743,modular,3,v,img/target_5.png
20,744,modular,1,q,img/target_1.png
20,745,modular,0,b,img/target_6.png
20,746,modular,9,i,img/target_8.png
20,747,modular,0,b,img/target_6.png
20,748,modular,3,v,img/target_5.png
20,749,modular,0,b,img/target_6.png
20,750,modular,2,u,img/target_7.png
20,751,modular,4,r,img/target_4.png
20,752,modular,1,q,img/target_1.png
20,753,modular,0,b,img/target_6.png
20,754,modular,9,i,img/target_8.png
20,755,modular,7,w,img/target_2.png
20,756,modular,6,p,img/target_10.png
20,757,modular,8,o,img/target_9.png
20,758,modular,9,i,img/target_8.png
20,759,modular,7,w,img/target_2.png
20,760,modular,6,p,img/target_10.png
20,761,modular,8,o,img/target_9.png
20,762,modular,6,p,img/target_10.png
20,763,modular,9,i,img/target_8.png
20,764,modular,8,o,img/target_9.png
20,765,modular,5,e,img/target_3.png
20,766,modular,6,p,img/target_10.png
20,767,modular,5,e,img/target_3.png
20,768,modular,7,w,img/target_2.png
20,769,modular,8,o,img/target_9.png
20,770,modular,7,w,img/target_2.png
20,771,modular,9,i,img/target_8.png
20,772,modular,7,w,img/target_2.png
20,773,modular,8,o,img/target_9.png
20,774,modular,6,p,img/target_10.png
20,775,modular,7,w,img/target_2.png
20,776,modular,5,e,img/target_3.png
20,777,modular,4,r,img/target_4.png
20,778,modular,5,e,img/target_3.png
20,779,modular,4,r,img/target_4.png
20,780,modular,3,v,img/target_5.png
20,781,modular,2,u,img/target_7.png
20,782,modular,4,r,img/target_4.png
20,783,modular,5,e,img/target_3.png
20,784,modular,6,p,img/target_10.png
20,785,modular,9,i,img/target_8.png
20,786,modular,7,w,img/target_2.png
20,787,modular,5,e,img/target_3.png
20,788,modular,6,p,img/target_10.png
20,789,modular,7,w,img/target_2.png
20,790,modular,9,i,img/target_8.png
20,791,modular,6,p,img/target_10.png
20,792,modular,8,o,img/target_9.png
20,793,modular,7,w,img/target_2.png
20,794,modular,5,e,img/target_3.png
20,795,modular,6,p,img/target_10.png
20,796,modular,7,w,img/target_2.png
20,797,modular,9,i,img/target_8.png
20,798,modular,6,p,img/target_10.png
20,799,modular,8,o,img/target_9.png
20,800,modular,5,e,img/target_3.png
20,801,modular,8,o,img/target_9.png
20,802,modular,6,p,img/target_10.png
20,803,modular,5,e,img/target_3.png
20,804,modular,8,o,img/target_9.png
20,805,modular,7,w,img/target_2.png
20,806,modular,5,e,img/target_3.png
20,807,modular,4,r,img/target_4.png
20,808,modular,1,q,img/target_1.png
20,809,modular,2,u,img/target_7.png
20,810,modular,1,q,img/target_1.png
20,811,modular,3,v,img/target_5.png
20,812,modular,0,b,img/target_6.png
20,813,modular,1,q,img/target_1.png
20,814,modular,2,u,img/target_7.png
20,815,modular,0,b,img/target_6.png
20,816,modular,1,q,img/target_1.png
20,817,modular,4,r,img/target_4.png
20,818,modular,5,e,img/target_3.png
20,819,modular,4,r,img/target_4.png
20,820,modular,3,v,img/target_5.png
20,821,modular,1,q,img/target_1.png
20,822,modular,0,b,img/target_6.png
20,823,modular,1,q,img/target_1.png
20,824,modular,0,b,img/target_6.png
20,825,modular,9,i,img/target_8.png
20,826,modular,8,o,img/target_9.png
20,827,modular,9,i,img/target_8.png
20,828,modular,8,o,img/target_9.png
20,829,modular,9,i,img/target_8.png
20,830,modular,7,w,img/target_2.png
20,831,modular,5,e,img/target_3.png
20,832,modular,4,r,img/target_4.png
20,833,modular,3,v,img/target_5.png
20,834,modular,2,u,img/target_7.png
20,835,modular,0,b,img/target_6.png
20,836,modular,1,q,img/target_1.png
20,837,modular,0,b,img/target_6.png
20,838,modular,3,v,img/target_5.png
20,839,modular,4,r,img/target_4.png
20,840,modular,2,u,img/target_7.png
20,841,modular,3,v,img/target_5.png
20,842,modular,4,r,img/target_4.png
20,843,modular,2,u,img/target_7.png
20,844,modular,1,q,img/target_1.png
20,845,modular,0,b,img/target_6.png
20,846,modular,9,i,img/target_8.png
20,847,modular,6,p,img/target_10.png
20,848,modular,9,i,img/target_8.png
20,849,modular,8,o,img/target_9.png
20,850,modular,6,p,img/target_10.png
20,851,modular,5,e,img/target_3.png
20,852,modular,8,o,img/target_9.png
20,853,modular,6,p,img/target_10.png
20,854,modular,8,o,img/target_9.png
20,855,modular,5,e,img/target_3.png
20,856,modular,4,r,img/target_4.png
20,857,modular,3,v,img/target_5.png
20,858,modular,0,b,img/target_6.png
20,859,modular,1,q,img/target_1.png
20,860,modular,0,b,img/target_6.png
20,861,modular,9,i,img/target_8.png
20,862,modular,7,w,img/target_2.png
20,863,modular,6,p,img/target_10.png
20,864,modular,9,i,img/target_8.png
20,865,modular,0,b,img/target_6.png
20,866,modular,9,i,img/target_8.png
20,867,modular,7,w,img/target_2.png
20,868,modular,9,i,img/target_8.png
20,869,modular,8,o,img/target_9.png
20,870,modular,5,e,img/target_3.png
20,871,modular,4,r,img/target_4.png
20,872,modular,3,v,img/target_5.png
20,873,modular,4,r,img/target_4.png
20,874,modular,5,e,img/target_3.png
20,875,modular,6,p,img/target_10.png
20,876,modular,8,o,img/target_9.png
20,877,modular,6,p,img/target_10.png
20,878,modular,5,e,img/target_3.png
20,879,modular,7,w,img/target_2.png
20,880,modular,8,o,img/target_9.png
20,881,modular,7,w,img/target_2.png
20,882,modular,8,o,img/target_9.png
20,883,modular,7,w,img/target_2.png
20,884,modular,8,o,img/target_9.png
20,885,modular,5,e,img/target_3.png
20,886,modular,7,w,img/target_2.png
20,887,modular,5,e,img/target_3.png
20,888,modular,7,w,img/target_2.png
20,889,modular,8,o,img/target_9.png
20,890,modular,7,w,img/target_2.png
20,891,modular,5,e,img/target_3.png
20,892,modular,4,r,img/target_4.png
20,893,modular,3,v,img/target_5.png
20,894,modular,2,u,img/target_7.png
20,895,modular,4,r,img/target_4.png
20,896,modular,3,v,img/target_5.png
20,897,modular,4,r,img/target_4.png
20,898,modular,1,q,img/target_1.png
20,899,modular,3,v,img/target_5.png
20,900,modular,0,b,img/target_6.png
20,901,modular,1,q,img/target_1.png
20,902,modular,3,v,img/target_5.png
20,903,modular,4,r,img/target_4.png
20,904,modular,2,u,img/target_7.png
20,905,modular,1,q,img/target_1.png
20,906,modular,4,r,img/target_4.png
20,907,modular,2,u,img/target_7.png
20,908,modular,1,q,img/target_1.png
20,909,modular,0,b,img/target_6.png
20,910,modular,1,q,img/target_1.png
20,911,modular,0,b,img/target_6.png
20,912,modular,2,u,img/target_7.png
20,913,modular,0,b,img/target_6.png
20,914,modular,3,v,img/target_5.png
20,915,modular,4,r,img/target_4.png
20,916,modular,2,u,img/target_7.png
20,917,modular,4,r,img/target_4.png
20,918,modular,3,v,img/target_5.png
20,919,modular,0,b,img/target_6.png
20,920,modular,3,v,img/target_5.png
20,921,modular,2,u,img/target_7.png
20,922,modular,3,v,img/target_5.png
20,923,modular,4,r,img/target_4.png
20,924,modular,1,q,img/target_1.png
20,925,modular,3,v,img/target_5.png
20,926,modular,2,u,img/target_7.png
20,927,modular,3,v,img/target_5.png
20,928,modular,1,q,img/target_1.png
20,929,modular,0,b,img/target_6.png
20,930,modular,9,i,img/target_8.png
20,931,modular,0,b,img/target_6.png
20,932,modular,3,v,img/target_5.png
20,933,modular,1,q,img/target_1.png
20,934,modular,0,b,img/target_6.png
20,935,modular,9,i,img/target_8.png
20,936,modular,6,p,img/target_10.png
20,937,modular,7,w,img/target_2.png
20,938,modular,6,p,img/target_10.png
20,939,modular,7,w,img/target_2.png
20,940,modular,9,i,img/target_8.png
20,941,modular,0,b,img/target_6.png
20,942,modular,3,v,img/target_5.png
20,943,modular,1,q,img/target_1.png
20,944,modular,4,r,img/target_4.png
20,945,modular,1,q,img/target_1.png
20,946,modular,4,r,img/target_4.png
20,947,modular,1,q,img/target_1.png
20,948,modular,2,u,img/target_7.png
20,949,modular,3,v,img/target_5.png
20,950,modular,1,q,img/target_1.png
20,951,modular,4,r,img/target_4.png
20,952,modular,1,q,img/target_1.png
20,953,modular,2,u,img/target_7.png
20,954,modular,4,r,img/target_4.png
20,955,modular,1,q,img/target_1.png
20,956,modular,3,v,img/target_5.png
20,957,modular,0,b,img/target_6.png
20,958,modular,1,q,img/target_1.png
20,959,modular,2,u,img/target_7.png
20,960,modular,3,v,img/target_5.png
20,961,modular,1,q,img/target_1.png
20,962,modular,2,u,img/target_7.png
20,963,modular,1,q,img/target_1.png
20,964,modular,3,v,img/target_5.png
20,965,modular,2,u,img/target_7.png
20,966,modular,4,r,img/target_4.png
20,967,modular,1,q,img/target_1.png
20,968,modular,4,r,img/target_4.png
20,969,modular,5,e,img/target_3.png
20,970,modular,4,r,img/target_4.png
20,971,modular,3,v,img/target_5.png
20,972,modular,4,r,img/target_4.png
20,973,modular,1,q,img/target_1.png
20,974,modular,0,b,img/target_6.png
20,975,modular,1,q,img/target_1.png
20,976,modular,2,u,img/target_7.png
20,977,modular,3,v,img/target_5.png
20,978,modular,4,r,img/target_4.png
20,979,modular,3,v,img/target_5.png
20,980,modular,2,u,img/target_7.png
20,981,modular,1,q,img/target_1.png
20,982,modular,2,u,img/target_7.png
20,983,modular,0,b,img/target_6.png
20,984,modular,3,v,img/target_5.png
20,985,modular,0,b,img/target_6.png
20,986,modular,2,u,img/target_7.png
20,987,modular,1,q,img/target_1.png
20,988,modular,3,v,img/target_5.png
20,989,modular,1,q,img/target_1.png
20,990,modular,4,r,img/target_4.png
20,991,modular,2,u,img/target_7.png
20,992,modular,3,v,img/target_5.png
20,993,modular,0,b,img/target_6.png
20,994,modular,1,q,img/target_1.png
20,995,modular,3,v,img/target_5.png
20,996,modular,4,r,img/target_4.png
20,997,modular,2,u,img/target_7.png
20,998,modular,0,b,img/target_6.png
20,999,modular,1,q,img/target_1.png
20,1000,modular,3,v,img/target_5.png
