pID,trialNum,graph,walk,resp,path
4,1,modular,6,u,img/target_7.png
4,2,modular,7,r,img/target_4.png
4,3,modular,5,v,img/target_5.png
4,4,modular,7,r,img/target_4.png
4,5,modular,5,v,img/target_5.png
4,6,modular,8,i,img/target_8.png
4,7,modular,9,q,img/target_1.png
4,8,modular,8,i,img/target_8.png
4,9,modular,6,u,img/target_7.png
4,10,modular,5,v,img/target_5.png
4,11,modular,4,p,img/target_10.png
4,12,modular,3,e,img/target_3.png
4,13,modular,0,o,img/target_9.png
4,14,modular,1,w,img/target_2.png
4,15,modular,3,e,img/target_3.png
4,16,modular,1,w,img/target_2.png
4,17,modular,2,b,img/target_6.png
4,18,modular,1,w,img/target_2.png
4,19,modular,4,p,img/target_10.png
4,20,modular,5,v,img/target_5.png
4,21,modular,4,p,img/target_10.png
4,22,modular,5,v,img/target_5.png
4,23,modular,4,p,img/target_10.png
4,24,modular,1,w,img/target_2.png
4,25,modular,2,b,img/target_6.png
4,26,modular,3,e,img/target_3.png
4,27,modular,2,b,img/target_6.png
4,28,modular,0,o,img/target_9.png
4,29,modular,9,q,img/target_1.png
4,30,modular,8,i,img/target_8.png
4,31,modular,7,r,img/target_4.png
4,32,modular,9,q,img/target_1.png
4,33,modular,8,i,img/target_8.png
4,34,modular,6,u,img/target_7.png
4,35,modular,8,i,img/target_8.png
4,36,modular,5,v,img/target_5.png
4,37,modular,6,u,img/target_7.png
4,38,modular,8,i,img/target_8.png
4,39,modular,6,u,img/target_7.png
4,40,modular,5,v,img/target_5.png
4,41,modular,7,r,img/target_4.png
4,42,modular,9,q,img/target_1.png
4,43,modular,8,i,img/target_8.png
4,44,modular,9,q,img/target_1.png
4,45,modular,6,u,img/target_7.png
4,46,modular,8,i,img/target_8.png
4,47,modular,5,v,img/target_5.png
4,48,modular,4,p,img/target_10.png
4,49,modular,5,v,img/target_5.png
4,50,modular,4,p,img/target_10.png
4,51,modular,1,w,img/target_2.png
4,52,modular,0,o,img/target_9.png
4,53,modular,2,b,img/target_6.png
4,54,modular,0,o,img/target_9.png
4,55,modular,2,b,img/target_6.png
4,56,modular,1,w,img/target_2.png
4,57,modular,0,o,img/target_9.png
4,58,modular,1,w,img/target_2.png
4,59,modular,4,p,img/target_10.png
4,60,modular,3,e,img/target_3.png
4,61,modular,2,b,img/target_6.png
4,62,modular,3,e,img/target_3.png
4,63,modular,0,o,img/target_9.png
4,64,modular,2,b,img/target_6.png
4,65,modular,4,p,img/target_10.png
4,66,modular,5,v,img/target_5.png
4,67,modular,8,i,img/target_8.png
4,68,modular,7,r,img/target_4.png
4,69,modular,8,i,img/target_8.png
4,70,modular,6,u,img/target_7.png
4,71,modular,5,v,img/target_5.png
4,72,modular,8,i,img/target_8.png
4,73,modular,9,q,img/target_1.png
4,74,modular,7,r,img/target_4.png
4,75,modular,8,i,img/target_8.png
4,76,modular,7,r,img/target_4.png
4,77,modular,9,q,img/target_1.png
4,78,modular,0,o,img/target_9.png
4,79,modular,2,b,img/target_6.png
4,80,modular,4,p,img/target_10.png
4,81,modular,5,v,img/target_5.png
4,82,modular,6,u,img/target_7.png
4,83,modular,5,v,img/target_5.png
4,84,modular,7,r,img/target_4.png
4,85,modular,6,u,img/target_7.png
4,86,modular,8,i,img/target_8.png
4,87,modular,9,q,img/target_1.png
4,88,modular,6,u,img/target_7.png
4,89,modular,5,v,img/target_5.png
4,90,modular,8,i,img/target_8.png
4,91,modular,5,v,img/target_5.png
4,92,modular,8,i,img/target_8.png
4,93,modular,6,u,img/target_7.png
4,94,modular,8,i,img/target_8.png
4,95,modular,9,q,img/target_1.png
4,96,modular,0,o,img/target_9.png
4,97,modular,3,e,img/target_3.png
4,98,modular,2,b,img/target_6.png
4,99,modular,3,e,img/target_3.png
4,100,modular,4,p,img/target_10.png
4,101,modular,3,e,img/target_3.png
4,102,modular,4,p,img/target_10.png
4,103,modular,2,b,img/target_6.png
4,104,modular,3,e,img/target_3.png
4,105,modular,0,o,img/target_9.png
4,106,modular,1,w,img/target_2.png
4,107,modular,3,e,img/target_3.png
4,108,modular,1,w,img/target_2.png
4,109,modular,4,p,img/target_10.png
4,110,modular,5,v,img/target_5.png
4,111,modular,8,i,img/target_8.png
4,112,modular,7,r,img/target_4.png
4,113,modular,9,q,img/target_1.png
4,114,modular,6,u,img/target_7.png
4,115,modular,9,q,img/target_1.png
4,116,modular,6,u,img/target_7.png
4,117,modular,8,i,img/target_8.png
4,118,modular,7,r,img/target_4.png
4,119,modular,6,u,img/target_7.png
4,120,modular,5,v,img/target_5.png
4,121,modular,4,p,img/target_10.png
4,122,modular,3,e,img/target_3.png
4,123,modular,2,b,img/target_6.png
4,124,modular,3,e,img/target_3.png
4,125,modular,4,p,img/target_10.png
4,126,modular,1,w,img/target_2.png
4,127,modular,3,e,img/target_3.png
4,128,modular,1,w,img/target_2.png
4,129,modular,2,b,img/target_6.png
4,130,modular,0,o,img/target_9.png
4,131,modular,2,b,img/target_6.png
4,132,modular,4,p,img/target_10.png
4,133,modular,5,v,img/target_5.png
4,134,modular,4,p,img/target_10.png
4,135,modular,5,v,img/target_5.png
4,136,modular,4,p,img/target_10.png
4,137,modular,1,w,img/target_2.png
4,138,modular,0,o,img/target_9.png
4,139,modular,9,q,img/target_1.png
4,140,modular,6,u,img/target_7.png
4,141,modular,8,i,img/target_8.png
4,142,modular,5,v,img/target_5.png
4,143,modular,8,i,img/target_8.png
4,144,modular,9,q,img/target_1.png
4,145,modular,7,r,img/target_4.png
4,146,modular,9,q,img/target_1.png
4,147,modular,0,o,img/target_9.png
4,148,modular,9,q,img/target_1.png
4,149,modular,0,o,img/target_9.png
4,150,modular,2,b,img/target_6.png
4,151,modular,1,w,img/target_2.png
4,152,modular,0,o,img/target_9.png
4,153,modular,2,b,img/target_6.png
4,154,modular,4,p,img/target_10.png
4,155,modular,1,w,img/target_2.png
4,156,modular,3,e,img/target_3.png
4,157,modular,1,w,img/target_2.png
4,158,modular,3,e,img/target_3.png
4,159,modular,1,w,img/target_2.png
4,160,modular,4,p,img/target_10.png
4,161,modular,3,e,img/target_3.png
4,162,modular,1,w,img/target_2.png
4,163,modular,4,p,img/target_10.png
4,164,modular,5,v,img/target_5.png
4,165,modular,7,r,img/target_4.png
4,166,modular,8,i,img/target_8.png
4,167,modular,5,v,img/target_5.png
4,168,modular,7,r,img/target_4.png
4,169,modular,5,v,img/target_5.png
4,170,modular,7,r,img/target_4.png
4,171,modular,8,i,img/target_8.png
4,172,modular,6,u,img/target_7.png
4,173,modular,9,q,img/target_1.png
4,174,modular,7,r,img/target_4.png
4,175,modular,5,v,img/target_5.png
4,176,modular,7,r,img/target_4.png
4,177,modular,6,u,img/target_7.png
4,178,modular,5,v,img/target_5.png
4,179,modular,4,p,img/target_10.png
4,180,modular,5,v,img/target_5.png
4,181,modular,6,u,img/target_7.png
4,182,modular,5,v,img/target_5.png
4,183,modular,4,p,img/target_10.png
4,184,modular,1,w,img/target_2.png
4,185,modular,0,o,img/target_9.png
4,186,modular,2,b,img/target_6.png
4,187,modular,4,p,img/target_10.png
4,188,modular,2,b,img/target_6.png
4,189,modular,1,w,img/target_2.png
4,190,modular,3,e,img/target_3.png
4,191,modular,2,b,img/target_6.png
4,192,modular,1,w,img/target_2.png
4,193,modular,4,p,img/target_10.png
4,194,modular,3,e,img/target_3.png
4,195,modular,2,b,img/target_6.png
4,196,modular,4,p,img/target_10.png
4,197,modular,1,w,img/target_2.png
4,198,modular,2,b,img/target_6.png
4,199,modular,4,p,img/target_10.png
4,200,modular,5,v,img/target_5.png
4,201,modular,6,u,img/target_7.png
4,202,modular,9,q,img/target_1.png
4,203,modular,6,u,img/target_7.png
4,204,modular,7,r,img/target_4.png
4,205,modular,5,v,img/target_5.png
4,206,modular,7,r,img/target_4.png
4,207,modular,8,i,img/target_8.png
4,208,modular,9,q,img/target_1.png
4,209,modular,0,o,img/target_9.png
4,210,modular,2,b,img/target_6.png
4,211,modular,3,e,img/target_3.png
4,212,modular,0,o,img/target_9.png
4,213,modular,3,e,img/target_3.png
4,214,modular,2,b,img/target_6.png
4,215,modular,1,w,img/target_2.png
4,216,modular,2,b,img/target_6.png
4,217,modular,4,p,img/target_10.png
4,218,modular,2,b,img/target_6.png
4,219,modular,3,e,img/target_3.png
4,220,modular,4,p,img/target_10.png
4,221,modular,5,v,img/target_5.png
4,222,modular,4,p,img/target_10.png
4,223,modular,1,w,img/target_2.png
4,224,modular,3,e,img/target_3.png
4,225,modular,1,w,img/target_2.png
4,226,modular,2,b,img/target_6.png
4,227,modular,4,p,img/target_10.png
4,228,modular,5,v,img/target_5.png
4,229,modular,4,p,img/target_10.png
4,230,modular,1,w,img/target_2.png
4,231,modular,0,o,img/target_9.png
4,232,modular,9,q,img/target_1.png
4,233,modular,7,r,img/target_4.png
4,234,modular,9,q,img/target_1.png
4,235,modular,0,o,img/target_9.png
4,236,modular,2,b,img/target_6.png
4,237,modular,0,o,img/target_9.png
4,238,modular,2,b,img/target_6.png
4,239,modular,3,e,img/target_3.png
4,240,modular,4,p,img/target_10.png
4,241,modular,3,e,img/target_3.png
4,242,modular,0,o,img/target_9.png
4,243,modular,1,w,img/target_2.png
4,244,modular,4,p,img/target_10.png
4,245,modular,3,e,img/target_3.png
4,246,modular,4,p,img/target_10.png
4,247,modular,5,v,img/target_5.png
4,248,modular,7,r,img/target_4.png
4,249,modular,9,q,img/target_1.png
4,250,modular,6,u,img/target_7.png
4,251,modular,5,v,img/target_5.png
4,252,modular,7,r,img/target_4.png
4,253,modular,5,v,img/target_5.png
4,254,modular,6,u,img/target_7.png
4,255,modular,7,r,img/target_4.png
4,256,modular,5,v,img/target_5.png
4,257,modular,4,p,img/target_10.png
4,258,modular,1,w,img/target_2.png
4,259,modular,4,p,img/target_10.png
4,260,modular,2,b,img/target_6.png
4,261,modular,0,o,img/target_9.png
4,262,modular,2,b,img/target_6.png
4,263,modular,3,e,img/target_3.png
4,264,modular,0,o,img/target_9.png
4,265,modular,3,e,img/target_3.png
4,266,modular,1,w,img/target_2.png
4,267,modular,4,p,img/target_10.png
4,268,modular,3,e,img/target_3.png
4,269,modular,4,p,img/target_10.png
4,270,modular,2,b,img/target_6.png
4,271,modular,1,w,img/target_2.png
4,272,modular,3,e,img/target_3.png
4,273,modular,2,b,img/target_6.png
4,274,modular,1,w,img/target_2.png
4,275,modular,4,p,img/target_10.png
4,276,modular,1,w,img/target_2.png
4,277,modular,3,e,img/target_3.png
4,278,modular,0,o,img/target_9.png
4,279,modular,1,w,img/target_2.png
4,280,modular,2,b,img/target_6.png
4,281,modular,3,e,img/target_3.png
4,282,modular,1,w,img/target_2.png
4,283,modular,2,b,img/target_6.png
4,284,modular,3,e,img/target_3.png
4,285,modular,2,b,img/target_6.png
4,286,modular,3,e,img/target_3.png
4,287,modular,0,o,img/target_9.png
4,288,modular,1,w,img/target_2.png
4,289,modular,4,p,img/target_10.png
4,290,modular,2,b,img/target_6.png
4,291,modular,4,p,img/target_10.png
4,292,modular,1,w,img/target_2.png
4,293,modular,3,e,img/target_3.png
4,294,modular,0,o,img/target_9.png
4,295,modular,1,w,img/target_2.png
4,296,modular,0,o,img/target_9.png
4,297,modular,3,e,img/target_3.png
4,298,modular,2,b,img/target_6.png
4,299,modular,3,e,img/target_3.png
4,300,modular,0,o,img/target_9.png
4,301,modular,1,w,img/target_2.png
4,302,modular,4,p,img/target_10.png
4,303,modular,1,w,img/target_2.png
4,304,modular,3,e,img/target_3.png
4,305,modular,0,o,img/target_9.png
4,306,modular,1,w,img/target_2.png
4,307,modular,4,p,img/target_10.png
4,308,modular,5,v,img/target_5.png
4,309,modular,7,r,img/target_4.png
4,310,modular,6,u,img/target_7.png
4,311,modular,7,r,img/target_4.png
4,312,modular,8,i,img/target_8.png
4,313,modular,6,u,img/target_7.png
4,314,modular,7,r,img/target_4.png
4,315,modular,8,i,img/target_8.png
4,316,modular,6,u,img/target_7.png
4,317,modular,8,i,img/target_8.png
4,318,modular,7,r,img/target_4.png
4,319,modular,8,i,img/target_8.png
4,320,modular,6,u,img/target_7.png
4,321,modular,8,i,img/target_8.png
4,322,modular,7,r,img/target_4.png
4,323,modular,5,v,img/target_5.png
4,324,modular,8,i,img/target_8.png
4,325,modular,9,q,img/target_1.png
4,326,modular,8,i,img/target_8.png
4,327,modular,7,r,img/target_4.png
4,328,modular,8,i,img/target_8.png
4,329,modular,7,r,img/target_4.png
4,330,modular,9,q,img/target_1.png
4,331,modular,8,i,img/target_8.png
4,332,modular,5,v,img/target_5.png
4,333,modular,7,r,img/target_4.png
4,334,modular,5,v,img/target_5.png
4,335,modular,8,i,img/target_8.png
4,336,modular,9,q,img/target_1.png
4,337,modular,8,i,img/target_8.png
4,338,modular,7,r,img/target_4.png
4,339,modular,9,q,img/target_1.png
4,340,modular,8,i,img/target_8.png
4,341,modular,6,u,img/target_7.png
4,342,modular,9,q,img/target_1.png
4,343,modular,6,u,img/target_7.png
4,344,modular,9,q,img/target_1.png
4,345,modular,7,r,img/target_4.png
4,346,modular,8,i,img/target_8.png
4,347,modular,7,r,img/target_4.png
4,348,modular,8,i,img/target_8.png
4,349,modular,7,r,img/target_4.png
4,350,modular,5,v,img/target_5.png
4,351,modular,7,r,img/target_4.png
4,352,modular,5,v,img/target_5.png
4,353,modular,7,r,img/target_4.png
4,354,modular,8,i,img/target_8.png
4,355,modular,9,q,img/target_1.png
4,356,modular,7,r,img/target_4.png
4,357,modular,6,u,img/target_7.png
4,358,modular,7,r,img/target_4.png
4,359,modular,5,v,img/target_5.png
4,360,modular,8,i,img/target_8.png
4,361,modular,5,v,img/target_5.png
4,362,modular,8,i,img/target_8.png
4,363,modular,6,u,img/target_7.png
4,364,modular,9,q,img/target_1.png
4,365,modular,8,i,img/target_8.png
4,366,modular,6,u,img/target_7.png
4,367,modular,5,v,img/target_5.png
4,368,modular,4,p,img/target_10.png
4,369,modular,5,v,img/target_5.png
4,370,modular,4,p,img/target_10.png
4,371,modular,5,v,img/target_5.png
4,372,modular,4,p,img/target_10.png
4,373,modular,3,e,img/target_3.png
4,374,modular,0,o,img/target_9.png
4,375,modular,2,b,img/target_6.png
4,376,modular,1,w,img/target_2.png
4,377,modular,3,e,img/target_3.png
4,378,modular,2,b,img/target_6.png
4,379,modular,1,w,img/target_2.png
4,380,modular,4,p,img/target_10.png
4,381,modular,2,b,img/target_6.png
4,382,modular,4,p,img/target_10.png
4,383,modular,5,v,img/target_5.png
4,384,modular,7,r,img/target_4.png
4,385,modular,5,v,img/target_5.png
4,386,modular,4,p,img/target_10.png
4,387,modular,3,e,img/target_3.png
4,388,modular,0,o,img/target_9.png
4,389,modular,3,e,img/target_3.png
4,390,modular,2,b,img/target_6.png
4,391,modular,3,e,img/target_3.png
4,392,modular,1,w,img/target_2.png
4,393,modular,4,p,img/target_10.png
4,394,modular,2,b,img/target_6.png
4,395,modular,4,p,img/target_10.png
4,396,modular,2,b,img/target_6.png
4,397,modular,4,p,img/target_10.png
4,398,modular,5,v,img/target_5.png
4,399,modular,4,p,img/target_10.png
4,400,modular,5,v,img/target_5.png
4,401,modular,8,i,img/target_8.png
4,402,modular,5,v,img/target_5.png
4,403,modular,8,i,img/target_8.png
4,404,modular,6,u,img/target_7.png
4,405,modular,9,q,img/target_1.png
4,406,modular,7,r,img/target_4.png
4,407,modular,9,q,img/target_1.png
4,408,modular,7,r,img/target_4.png
4,409,modular,9,q,img/target_1.png
4,410,modular,6,u,img/target_7.png
4,411,modular,9,q,img/target_1.png
4,412,modular,8,i,img/target_8.png
4,413,modular,6,u,img/target_7.png
4,414,modular,9,q,img/target_1.png
4,415,modular,0,o,img/target_9.png
4,416,modular,9,q,img/target_1.png
4,417,modular,0,o,img/target_9.png
4,418,modular,9,q,img/target_1.png
4,419,modular,6,u,img/target_7.png
4,420,modular,7,r,img/target_4.png
4,421,modular,6,u,img/target_7.png
4,422,modular,9,q,img/target_1.png
4,423,modular,7,r,img/target_4.png
4,424,modular,8,i,img/target_8.png
4,425,modular,5,v,img/target_5.png
4,426,modular,7,r,img/target_4.png
4,427,modular,5,v,img/target_5.png
4,428,modular,8,i,img/target_8.png
4,429,modular,6,u,img/target_7.png
4,430,modular,5,v,img/target_5.png
4,431,modular,4,p,img/target_10.png
4,432,modular,2,b,img/target_6.png
4,433,modular,3,e,img/target_3.png
4,434,modular,0,o,img/target_9.png
4,435,modular,2,b,img/target_6.png
4,436,modular,0,o,img/target_9.png
4,437,modular,2,b,img/target_6.png
4,438,modular,3,e,img/target_3.png
4,439,modular,1,w,img/target_2.png
4,440,modular,4,p,img/target_10.png
4,441,modular,1,w,img/target_2.png
4,442,modular,2,b,img/target_6.png
4,443,modular,3,e,img/target_3.png
4,444,modular,4,p,img/target_10.png
4,445,modular,1,w,img/target_2.png
4,446,modular,4,p,img/target_10.png
4,447,modular,5,v,img/target_5.png
4,448,modular,6,u,img/target_7.png
4,449,modular,5,v,img/target_5.png
4,450,modular,7,r,img/target_4.png
4,451,modular,6,u,img/target_7.png
4,452,modular,9,q,img/target_1.png
4,453,modular,6,u,img/target_7.png
4,454,modular,9,q,img/target_1.png
4,455,modular,7,r,img/target_4.png
4,456,modular,9,q,img/target_1.png
4,457,modular,6,u,img/target_7.png
4,458,modular,5,v,img/target_5.png
4,459,modular,7,r,img/target_4.png
4,460,modular,9,q,img/target_1.png
4,461,modular,0,o,img/target_9.png
4,462,modular,2,b,img/target_6.png
4,463,modular,3,e,img/target_3.png
4,464,modular,2,b,img/target_6.png
4,465,modular,3,e,img/target_3.png
4,466,modular,1,w,img/target_2.png
4,467,modular,2,b,img/target_6.png
4,468,modular,3,e,img/target_3.png
4,469,modular,0,o,img/target_9.png
4,470,modular,9,q,img/target_1.png
4,471,modular,6,u,img/target_7.png
4,472,modular,5,v,img/target_5.png
4,473,modular,6,u,img/target_7.png
4,474,modular,8,i,img/target_8.png
4,475,modular,5,v,img/target_5.png
4,476,modular,4,p,img/target_10.png
4,477,modular,2,b,img/target_6.png
4,478,modular,1,w,img/target_2.png
4,479,modular,0,o,img/target_9.png
4,480,modular,3,e,img/target_3.png
4,481,modular,2,b,img/target_6.png
4,482,modular,0,o,img/target_9.png
4,483,modular,9,q,img/target_1.png
4,484,modular,7,r,img/target_4.png
4,485,modular,8,i,img/target_8.png
4,486,modular,9,q,img/target_1.png
4,487,modular,0,o,img/target_9.png
4,488,modular,2,b,img/target_6.png
4,489,modular,3,e,img/target_3.png
4,490,modular,4,p,img/target_10.png
4,491,modular,5,v,img/target_5.png
4,492,modular,6,u,img/target_7.png
4,493,modular,5,v,img/target_5.png
4,494,modular,6,u,img/target_7.png
4,495,modular,8,i,img/target_8.png
4,496,modular,6,u,img/target_7.png
4,497,modular,9,q,img/target_1.png
4,498,modular,6,u,img/target_7.png
4,499,modular,8,i,img/target_8.png
4,500,modular,9,q,img/target_1.png
4,501,modular,7,r,img/target_4.png
4,502,modular,8,i,img/target_8.png
4,503,modular,5,v,img/target_5.png
4,504,modular,4,p,img/target_10.png
4,505,modular,5,v,img/target_5.png
4,506,modular,8,i,img/target_8.png
4,507,modular,7,r,img/target_4.png
4,508,modular,9,q,img/target_1.png
4,509,modular,7,r,img/target_4.png
4,510,modular,5,v,img/target_5.png
4,511,modular,8,i,img/target_8.png
4,512,modular,7,r,img/target_4.png
4,513,modular,8,i,img/target_8.png
4,514,modular,7,r,img/target_4.png
4,515,modular,9,q,img/target_1.png
4,516,modular,6,u,img/target_7.png
4,517,modular,7,r,img/target_4.png
4,518,modular,8,i,img/target_8.png
4,519,modular,6,u,img/target_7.png
4,520,modular,7,r,img/target_4.png
4,521,modular,6,u,img/target_7.png
4,522,modular,9,q,img/target_1.png
4,523,modular,8,i,img/target_8.png
4,524,modular,9,q,img/target_1.png
4,525,modular,0,o,img/target_9.png
4,526,modular,9,q,img/target_1.png
4,527,modular,0,o,img/target_9.png
4,528,modular,3,e,img/target_3.png
4,529,modular,0,o,img/target_9.png
4,530,modular,1,w,img/target_2.png
4,531,modular,0,o,img/target_9.png
4,532,modular,3,e,img/target_3.png
4,533,modular,2,b,img/target_6.png
4,534,modular,3,e,img/target_3.png
4,535,modular,1,w,img/target_2.png
4,536,modular,0,o,img/target_9.png
4,537,modular,2,b,img/target_6.png
4,538,modular,1,w,img/target_2.png
4,539,modular,2,b,img/target_6.png
4,540,modular,4,p,img/target_10.png
4,541,modular,1,w,img/target_2.png
4,542,modular,4,p,img/target_10.png
4,543,modular,5,v,img/target_5.png
4,544,modular,4,p,img/target_10.png
4,545,modular,2,b,img/target_6.png
4,546,modular,1,w,img/target_2.png
4,547,modular,2,b,img/target_6.png
4,548,modular,1,w,img/target_2.png
4,549,modular,0,o,img/target_9.png
4,550,modular,3,e,img/target_3.png
4,551,modular,0,o,img/target_9.png
4,552,modular,3,e,img/target_3.png
4,553,modular,1,w,img/target_2.png
4,554,modular,3,e,img/target_3.png
4,555,modular,0,o,img/target_9.png
4,556,modular,3,e,img/target_3.png
4,557,modular,4,p,img/target_10.png
4,558,modular,5,v,img/target_5.png
4,559,modular,7,r,img/target_4.png
4,560,modular,8,i,img/target_8.png
4,561,modular,6,u,img/target_7.png
4,562,modular,5,v,img/target_5.png
4,563,modular,7,r,img/target_4.png
4,564,modular,5,v,img/target_5.png
4,565,modular,6,u,img/target_7.png
4,566,modular,9,q,img/target_1.png
4,567,modular,8,i,img/target_8.png
4,568,modular,7,r,img/target_4.png
4,569,modular,8,i,img/target_8.png
4,570,modular,5,v,img/target_5.png
4,571,modular,7,r,img/target_4.png
4,572,modular,6,u,img/target_7.png
4,573,modular,5,v,img/target_5.png
4,574,modular,7,r,img/target_4.png
4,575,modular,8,i,img/target_8.png
4,576,modular,5,v,img/target_5.png
4,577,modular,4,p,img/target_10.png
4,578,modular,5,v,img/target_5.png
4,579,modular,8,i,img/target_8.png
4,580,modular,7,r,img/target_4.png
4,581,modular,6,u,img/target_7.png
4,582,modular,7,r,img/target_4.png
4,583,modular,9,q,img/target_1.png
4,584,modular,6,u,img/target_7.png
4,585,modular,7,r,img/target_4.png
4,586,modular,8,i,img/target_8.png
4,587,modular,7,r,img/target_4.png
4,588,modular,6,u,img/target_7.png
4,589,modular,7,r,img/target_4.png
4,590,modular,6,u,img/target_7.png
4,591,modular,9,q,img/target_1.png
4,592,modular,0,o,img/target_9.png
4,593,modular,9,q,img/target_1.png
4,594,modular,7,r,img/target_4.png
4,595,modular,6,u,img/target_7.png
4,596,modular,7,r,img/target_4.png
4,597,modular,6,u,img/target_7.png
4,598,modular,9,q,img/target_1.png
4,599,modular,7,r,img/target_4.png
4,600,modular,8,i,img/target_8.png
4,601,modular,9,q,img/target_1.png
4,602,modular,0,o,img/target_9.png
4,603,modular,2,b,img/target_6.png
4,604,modular,0,o,img/target_9.png
4,605,modular,3,e,img/target_3.png
4,606,modular,2,b,img/target_6.png
4,607,modular,3,e,img/target_3.png
4,608,modular,0,o,img/target_9.png
4,609,modular,9,q,img/target_1.png
4,610,modular,6,u,img/target_7.png
4,611,modular,8,i,img/target_8.png
4,612,modular,7,r,img/target_4.png
4,613,modular,8,i,img/target_8.png
4,614,modular,9,q,img/target_1.png
4,615,modular,0,o,img/target_9.png
4,616,modular,2,b,img/target_6.png
4,617,modular,0,o,img/target_9.png
4,618,modular,1,w,img/target_2.png
4,619,modular,4,p,img/target_10.png
4,620,modular,2,b,img/target_6.png
4,621,modular,0,o,img/target_9.png
4,622,modular,2,b,img/target_6.png
4,623,modular,3,e,img/target_3.png
4,624,modular,1,w,img/target_2.png
4,625,modular,4,p,img/target_10.png
4,626,modular,5,v,img/target_5.png
4,627,modular,7,r,img/target_4.png
4,628,modular,6,u,img/target_7.png
4,629,modular,5,v,img/target_5.png
4,630,modular,6,u,img/target_7.png
4,631,modular,5,v,img/target_5.png
4,632,modular,6,u,img/target_7.png
4,633,modular,7,r,img/target_4.png
4,634,modular,8,i,img/target_8.png
4,635,modular,9,q,img/target_1.png
4,636,modular,6,u,img/target_7.png
4,637,modular,8,i,img/target_8.png
4,638,modular,6,u,img/target_7.png
4,639,modular,9,q,img/target_1.png
4,640,modular,8,i,img/target_8.png
4,641,modular,7,r,img/target_4.png
4,642,modular,6,u,img/target_7.png
4,643,modular,8,i,img/target_8.png
4,644,modular,9,q,img/target_1.png
4,645,modular,7,r,img/target_4.png
4,646,modular,8,i,img/target_8.png
4,647,modular,6,u,img/target_7.png
4,648,modular,7,r,img/target_4.png
4,649,modular,6,u,img/target_7.png
4,650,modular,9,q,img/target_1.png
4,651,modular,6,u,img/target_7.png
4,652,modular,7,r,img/target_4.png
4,653,modular,8,i,img/target_8.png
4,654,modular,6,u,img/target_7.png
4,655,modular,9,q,img/target_1.png
4,656,modular,6,u,img/target_7.png
4,657,modular,5,v,img/target_5.png
4,658,modular,6,u,img/target_7.png
4,659,modular,9,q,img/target_1.png
4,660,modular,8,i,img/target_8.png
4,661,modular,9,q,img/target_1.png
4,662,modular,6,u,img/target_7.png
4,663,modular,5,v,img/target_5.png
4,664,modular,4,p,img/target_10.png
4,665,modular,2,b,img/target_6.png
4,666,modular,1,w,img/target_2.png
4,667,modular,3,e,img/target_3.png
4,668,modular,2,b,img/target_6.png
4,669,modular,1,w,img/target_2.png
4,670,modular,4,p,img/target_10.png
4,671,modular,1,w,img/target_2.png
4,672,modular,0,o,img/target_9.png
4,673,modular,2,b,img/target_6.png
4,674,modular,1,w,img/target_2.png
4,675,modular,3,e,img/target_3.png
4,676,modular,0,o,img/target_9.png
4,677,modular,1,w,img/target_2.png
4,678,modular,3,e,img/target_3.png
4,679,modular,1,w,img/target_2.png
4,680,modular,3,e,img/target_3.png
4,681,modular,0,o,img/target_9.png
4,682,modular,2,b,img/target_6.png
4,683,modular,3,e,img/target_3.png
4,684,modular,4,p,img/target_10.png
4,685,modular,1,w,img/target_2.png
4,686,modular,0,o,img/target_9.png
4,687,modular,3,e,img/target_3.png
4,688,modular,4,p,img/target_10.png
4,689,modular,2,b,img/target_6.png
4,690,modular,0,o,img/target_9.png
4,691,modular,1,w,img/target_2.png
4,692,modular,0,o,img/target_9.png
4,693,modular,1,w,img/target_2.png
4,694,modular,2,b,img/target_6.png
4,695,modular,4,p,img/target_10.png
4,696,modular,2,b,img/target_6.png
4,697,modular,0,o,img/target_9.png
4,698,modular,3,e,img/target_3.png
4,699,modular,0,o,img/target_9.png
4,700,modular,1,w,img/target_2.png
4,701,modular,0,o,img/target_9.png
4,702,modular,3,e,img/target_3.png
4,703,modular,0,o,img/target_9.png
4,704,modular,9,q,img/target_1.png
4,705,modular,7,r,img/target_4.png
4,706,modular,5,v,img/target_5.png
4,707,modular,7,r,img/target_4.png
4,708,modular,9,q,img/target_1.png
4,709,modular,7,r,img/target_4.png
4,710,modular,6,u,img/target_7.png
4,711,modular,5,v,img/target_5.png
4,712,modular,8,i,img/target_8.png
4,713,modular,9,q,img/target_1.png
4,714,modular,0,o,img/target_9.png
4,715,modular,3,e,img/target_3.png
4,716,modular,0,o,img/target_9.png
4,717,modular,3,e,img/target_3.png
4,718,modular,4,p,img/target_10.png
4,719,modular,2,b,img/target_6.png
4,720,modular,4,p,img/target_10.png
4,721,modular,2,b,img/target_6.png
4,722,modular,1,w,img/target_2.png
4,723,modular,4,p,img/target_10.png
4,724,modular,1,w,img/target_2.png
4,725,modular,4,p,img/target_10.png
4,726,modular,3,e,img/target_3.png
4,727,modular,0,o,img/target_9.png
4,728,modular,2,b,img/target_6.png
4,729,modular,1,w,img/target_2.png
4,730,modular,3,e,img/target_3.png
4,731,modular,1,w,img/target_2.png
4,732,modular,3,e,img/target_3.png
4,733,modular,4,p,img/target_10.png
4,734,modular,2,b,img/target_6.png
4,735,modular,4,p,img/target_10.png
4,736,modular,1,w,img/target_2.png
4,737,modular,0,o,img/target_9.png
4,738,modular,3,e,img/target_3.png
4,739,modular,1,w,img/target_2.png
4,740,modular,4,p,img/target_10.png
4,741,modular,1,w,img/target_2.png
4,742,modular,0,o,img/target_9.png
4,743,modular,3,e,img/target_3.png
4,744,modular,1,w,img/target_2.png
4,745,modular,2,b,img/target_6.png
4,746,modular,1,w,img/target_2.png
4,747,modular,0,o,img/target_9.png
4,748,modular,9,q,img/target_1.png
4,749,modular,8,i,img/target_8.png
4,750,modular,5,v,img/target_5.png
4,751,modular,7,r,img/target_4.png
4,752,modular,5,v,img/target_5.png
4,753,modular,4,p,img/target_10.png
4,754,modular,2,b,img/target_6.png
4,755,modular,3,e,img/target_3.png
4,756,modular,4,p,img/target_10.png
4,757,modular,2,b,img/target_6.png
4,758,modular,0,o,img/target_9.png
4,759,modular,9,q,img/target_1.png
4,760,modular,6,u,img/target_7.png
4,761,modular,5,v,img/target_5.png
4,762,modular,8,i,img/target_8.png
4,763,modular,9,q,img/target_1.png
4,764,modular,7,r,img/target_4.png
4,765,modular,6,u,img/target_7.png
4,766,modular,7,r,img/target_4.png
4,767,modular,8,i,img/target_8.png
4,768,modular,5,v,img/target_5.png
4,769,modular,7,r,img/target_4.png
4,770,modular,8,i,img/target_8.png
4,771,modular,5,v,img/target_5.png
4,772,modular,8,i,img/target_8.png
4,773,modular,6,u,img/target_7.png
4,774,modular,9,q,img/target_1.png
4,775,modular,8,i,img/target_8.png
4,776,modular,5,v,img/target_5.png
4,777,modular,6,u,img/target_7.png
4,778,modular,5,v,img/target_5.png
4,779,modular,8,i,img/target_8.png
4,780,modular,5,v,img/target_5.png
4,781,modular,7,r,img/target_4.png
4,782,modular,5,v,img/target_5.png
4,783,modular,8,i,img/target_8.png
4,784,modular,9,q,img/target_1.png
4,785,modular,6,u,img/target_7.png
4,786,modular,8,i,img/target_8.png
4,787,modular,5,v,img/target_5.png
4,788,modular,4,p,img/target_10.png
4,789,modular,3,e,img/target_3.png
4,790,modular,1,w,img/target_2.png
4,791,modular,3,e,img/target_3.png
4,792,modular,0,o,img/target_9.png
4,793,modular,2,b,img/target_6.png
4,794,modular,1,w,img/target_2.png
4,795,modular,2,b,img/target_6.png
4,796,modular,1,w,img/target_2.png
4,797,modular,0,o,img/target_9.png
4,798,modular,2,b,img/target_6.png
4,799,modular,0,o,img/target_9.png
4,800,modular,2,b,img/target_6.png
4,801,modular,1,w,img/target_2.png
4,802,modular,2,b,img/target_6.png
4,803,modular,3,e,img/target_3.png
4,804,modular,4,p,img/target_10.png
4,805,modular,2,b,img/target_6.png
4,806,modular,3,e,img/target_3.png
4,807,modular,1,w,img/target_2.png
4,808,modular,3,e,img/target_3.png
4,809,modular,1,w,img/target_2.png
4,810,modular,0,o,img/target_9.png
4,811,modular,3,e,img/target_3.png
4,812,modular,2,b,img/target_6.png
4,813,modular,1,w,img/target_2.png
4,814,modular,4,p,img/target_10.png
4,815,modular,3,e,img/target_3.png
4,816,modular,4,p,img/target_10.png
4,817,modular,3,e,img/target_3.png
4,818,modular,1,w,img/target_2.png
4,819,modular,2,b,img/target_6.png
4,820,modular,1,w,img/target_2.png
4,821,modular,2,b,img/target_6.png
4,822,modular,4,p,img/target_10.png
4,823,modular,1,w,img/target_2.png
4,824,modular,3,e,img/target_3.png
4,825,modular,2,b,img/target_6.png
4,826,modular,1,w,img/target_2.png
4,827,modular,2,b,img/target_6.png
4,828,modular,4,p,img/target_10.png
4,829,modular,5,v,img/target_5.png
4,830,modular,6,u,img/target_7.png
4,831,modular,5,v,img/target_5.png
4,832,modular,8,i,img/target_8.png
4,833,modular,6,u,img/target_7.png
4,834,modular,9,q,img/target_1.png
4,835,modular,6,u,img/target_7.png
4,836,modular,8,i,img/target_8.png
4,837,modular,7,r,img/target_4.png
4,838,modular,9,q,img/target_1.png
4,839,modular,7,r,img/target_4.png
4,840,modular,9,q,img/target_1.png
4,841,modular,6,u,img/target_7.png
4,842,modular,7,r,img/target_4.png
4,843,modular,8,i,img/target_8.png
4,844,modular,9,q,img/target_1.png
4,845,modular,6,u,img/target_7.png
4,846,modular,7,r,img/target_4.png
4,847,modular,6,u,img/target_7.png
4,848,modular,8,i,img/target_8.png
4,849,modular,6,u,img/target_7.png
4,850,modular,8,i,img/target_8.png
4,851,modular,5,v,img/target_5.png
4,852,modular,8,i,img/target_8.png
4,853,modular,5,v,img/target_5.png
4,854,modular,4,p,img/target_10.png
4,855,modular,5,v,img/target_5.png
4,856,modular,8,i,img/target_8.png
4,857,modular,6,u,img/target_7.png
4,858,modular,8,i,img/target_8.png
4,859,modular,9,q,img/target_1.png
4,860,modular,0,o,img/target_9.png
4,861,modular,2,b,img/target_6.png
4,862,modular,1,w,img/target_2.png
4,863,modular,4,p,img/target_10.png
4,864,modular,5,v,img/target_5.png
4,865,modular,6,u,img/target_7.png
4,866,modular,9,q,img/target_1.png
4,867,modular,7,r,img/target_4.png
4,868,modular,5,v,img/target_5.png
4,869,modular,6,u,img/target_7.png
4,870,modular,9,q,img/target_1.png
4,871,modular,0,o,img/target_9.png
4,872,modular,9,q,img/target_1.png
4,873,modular,7,r,img/target_4.png
4,874,modular,9,q,img/target_1.png
4,875,modular,7,r,img/target_4.png
4,876,modular,5,v,img/target_5.png
4,877,modular,4,p,img/target_10.png
4,878,modular,5,v,img/target_5.png
4,879,modular,7,r,img/target_4.png
4,880,modular,8,i,img/target_8.png
4,881,modular,6,u,img/target_7.png
4,882,modular,5,v,img/target_5.png
4,883,modular,7,r,img/target_4.png
4,884,modular,8,i,img/target_8.png
4,885,modular,9,q,img/target_1.png
4,886,modular,7,r,img/target_4.png
4,887,modular,5,v,img/target_5.png
4,888,modular,6,u,img/target_7.png
4,889,modular,9,q,img/target_1.png
4,890,modular,6,u,img/target_7.png
4,891,modular,5,v,img/target_5.png
4,892,modular,7,r,img/target_4.png
4,893,modular,5,v,img/target_5.png
4,894,modular,4,p,img/target_10.png
4,895,modular,1,w,img/target_2.png
4,896,modular,2,b,img/target_6.png
4,897,modular,3,e,img/target_3.png
4,898,modular,2,b,img/target_6.png
4,899,modular,3,e,img/target_3.png
4,900,modular,0,o,img/target_9.png
4,901,modular,1,w,img/target_2.png
4,902,modular,2,b,img/target_6.png
4,903,modular,0,o,img/target_9.png
4,904,modular,1,w,img/target_2.png
4,905,modular,3,e,img/target_3.png
4,906,modular,0,o,img/target_9.png
4,907,modular,2,b,img/target_6.png
4,908,modular,0,o,img/target_9.png
4,909,modular,3,e,img/target_3.png
4,910,modular,1,w,img/target_2.png
4,911,modular,3,e,img/target_3.png
4,912,modular,2,b,img/target_6.png
4,913,modular,4,p,img/target_10.png
4,914,modular,3,e,img/target_3.png
4,915,modular,0,o,img/target_9.png
4,916,modular,9,q,img/target_1.png
4,917,modular,8,i,img/target_8.png
4,918,modular,5,v,img/target_5.png
4,919,modular,4,p,img/target_10.png
4,920,modular,5,v,img/target_5.png
4,921,modular,7,r,img/target_4.png
4,922,modular,5,v,img/target_5.png
4,923,modular,4,p,img/target_10.png
4,924,modular,2,b,img/target_6.png
4,925,modular,3,e,img/target_3.png
4,926,modular,2,b,img/target_6.png
4,927,modular,4,p,img/target_10.png
4,928,modular,2,b,img/target_6.png
4,929,modular,4,p,img/target_10.png
4,930,modular,3,e,img/target_3.png
4,931,modular,1,w,img/target_2.png
4,932,modular,4,p,img/target_10.png
4,933,modular,2,b,img/target_6.png
4,934,modular,3,e,img/target_3.png
4,935,modular,2,b,img/target_6.png
4,936,modular,1,w,img/target_2.png
4,937,modular,0,o,img/target_9.png
4,938,modular,1,w,img/target_2.png
4,939,modular,0,o,img/target_9.png
4,940,modular,2,b,img/target_6.png
4,941,modular,4,p,img/target_10.png
4,942,modular,2,b,img/target_6.png
4,943,modular,3,e,img/target_3.png
4,944,modular,2,b,img/target_6.png
4,945,modular,0,o,img/target_9.png
4,946,modular,1,w,img/target_2.png
4,947,modular,2,b,img/target_6.png
4,948,modular,3,e,img/target_3.png
4,949,modular,0,o,img/target_9.png
4,950,modular,1,w,img/target_2.png
4,951,modular,0,o,img/target_9.png
4,952,modular,9,q,img/target_1.png
4,953,modular,7,r,img/target_4.png
4,954,modular,9,q,img/target_1.png
4,955,modular,7,r,img/target_4.png
4,956,modular,8,i,img/target_8.png
4,957,modular,9,q,img/target_1.png
4,958,modular,7,r,img/target_4.png
4,959,modular,8,i,img/target_8.png
4,960,modular,7,r,img/target_4.png
4,961,modular,9,q,img/target_1.png
4,962,modular,0,o,img/target_9.png
4,963,modular,2,b,img/target_6.png
4,964,modular,3,e,img/target_3.png
4,965,modular,4,p,img/target_10.png
4,966,modular,2,b,img/target_6.png
4,967,modular,3,e,img/target_3.png
4,968,modular,1,w,img/target_2.png
4,969,modular,0,o,img/target_9.png
4,970,modular,3,e,img/target_3.png
4,971,modular,2,b,img/target_6.png
4,972,modular,4,p,img/target_10.png
4,973,modular,5,v,img/target_5.png
4,974,modular,4,p,img/target_10.png
4,975,modular,1,w,img/target_2.png
4,976,modular,2,b,img/target_6.png
4,977,modular,3,e,img/target_3.png
4,978,modular,0,o,img/target_9.png
4,979,modular,9,q,img/target_1.png
4,980,modular,8,i,img/target_8.png
4,981,modular,6,u,img/target_7.png
4,982,modular,8,i,img/target_8.png
4,983,modular,9,q,img/target_1.png
4,984,modular,8,i,img/target_8.png
4,985,modular,6,u,img/target_7.png
4,986,modular,5,v,img/target_5.png
4,987,modular,8,i,img/target_8.png
4,988,modular,5,v,img/target_5.png
4,989,modular,6,u,img/target_7.png
4,990,modular,7,r,img/target_4.png
4,991,modular,6,u,img/target_7.png
4,992,modular,8,i,img/target_8.png
4,993,modular,9,q,img/target_1.png
4,994,modular,7,r,img/target_4.png
4,995,modular,5,v,img/target_5.png
4,996,modular,8,i,img/target_8.png
4,997,modular,5,v,img/target_5.png
4,998,modular,7,r,img/target_4.png
4,999,modular,8,i,img/target_8.png
4,1000,modular,9,q,img/target_1.png
