pID,trialNum,graph,walk,resp,path
38,1,modular,0,e,img/target_3.png
38,2,modular,9,p,img/target_10.png
38,3,modular,0,e,img/target_3.png
38,4,modular,3,q,img/target_1.png
38,5,modular,2,u,img/target_7.png
38,6,modular,3,q,img/target_1.png
38,7,modular,0,e,img/target_3.png
38,8,modular,3,q,img/target_1.png
38,9,modular,1,i,img/target_8.png
38,10,modular,0,e,img/target_3.png
38,11,modular,9,p,img/target_10.png
38,12,modular,6,v,img/target_5.png
38,13,modular,9,p,img/target_10.png
38,14,modular,6,v,img/target_5.png
38,15,modular,7,r,img/target_4.png
38,16,modular,5,w,img/target_2.png
38,17,modular,6,v,img/target_5.png
38,18,modular,8,o,img/target_9.png
38,19,modular,5,w,img/target_2.png
38,20,modular,8,o,img/target_9.png
38,21,modular,7,r,img/target_4.png
38,22,modular,9,p,img/target_10.png
38,23,modular,8,o,img/target_9.png
38,24,modular,7,r,img/target_4.png
38,25,modular,8,o,img/target_9.png
38,26,modular,6,v,img/target_5.png
38,27,modular,7,r,img/target_4.png
38,28,modular,9,p,img/target_10.png
38,29,modular,0,e,img/target_3.png
38,30,modular,1,i,img/target_8.png
38,31,modular,0,e,img/target_3.png
38,32,modular,1,i,img/target_8.png
38,33,modular,4,b,img/target_6.png
38,34,modular,3,q,img/target_1.png
38,35,modular,4,b,img/target_6.png
38,36,modular,2,u,img/target_7.png
38,37,modular,1,i,img/target_8.png
38,38,modular,0,e,img/target_3.png
38,39,modular,1,i,img/target_8.png
38,40,modular,0,e,img/target_3.png
38,41,modular,2,u,img/target_7.png
38,42,modular,0,e,img/target_3.png
38,43,modular,9,p,img/target_10.png
38,44,modular,0,e,img/target_3.png
38,45,modular,9,p,img/target_10.png
38,46,modular,8,o,img/target_9.png
38,47,modular,7,r,img/target_4.png
38,48,modular,8,o,img/target_9.png
38,49,modular,6,v,img/target_5.png
38,50,modular,9,p,img/target_10.png
38,51,modular,8,o,img/target_9.png
38,52,modular,9,p,img/target_10.png
38,53,modular,7,r,img/target_4.png
38,54,modular,5,w,img/target_2.png
38,55,modular,8,o,img/target_9.png
38,56,modular,9,p,img/target_10.png
38,57,modular,8,o,img/target_9.png
38,58,modular,5,w,img/target_2.png
38,59,modular,8,o,img/target_9.png
38,60,modular,6,v,img/target_5.png
38,61,modular,5,w,img/target_2.png
38,62,modular,8,o,img/target_9.png
38,63,modular,5,w,img/target_2.png
38,64,modular,6,v,img/target_5.png
38,65,modular,5,w,img/target_2.png
38,66,modular,6,v,img/target_5.png
38,67,modular,9,p,img/target_10.png
38,68,modular,0,e,img/target_3.png
38,69,modular,3,q,img/target_1.png
38,70,modular,0,e,img/target_3.png
38,71,modular,2,u,img/target_7.png
38,72,modular,1,i,img/target_8.png
38,73,modular,2,u,img/target_7.png
38,74,modular,0,e,img/target_3.png
38,75,modular,2,u,img/target_7.png
38,76,modular,4,b,img/target_6.png
38,77,modular,1,i,img/target_8.png
38,78,modular,4,b,img/target_6.png
38,79,modular,1,i,img/target_8.png
38,80,modular,0,e,img/target_3.png
38,81,modular,3,q,img/target_1.png
38,82,modular,4,b,img/target_6.png
38,83,modular,3,q,img/target_1.png
38,84,modular,0,e,img/target_3.png
38,85,modular,3,q,img/target_1.png
38,86,modular,0,e,img/target_3.png
38,87,modular,3,q,img/target_1.png
38,88,modular,1,i,img/target_8.png
38,89,modular,0,e,img/target_3.png
38,90,modular,2,u,img/target_7.png
38,91,modular,0,e,img/target_3.png
38,92,modular,1,i,img/target_8.png
38,93,modular,3,q,img/target_1.png
38,94,modular,2,u,img/target_7.png
38,95,modular,1,i,img/target_8.png
38,96,modular,2,u,img/target_7.png
38,97,modular,0,e,img/target_3.png
38,98,modular,2,u,img/target_7.png
38,99,modular,3,q,img/target_1.png
38,100,modular,0,e,img/target_3.png
38,101,modular,3,q,img/target_1.png
38,102,modular,2,u,img/target_7.png
38,103,modular,3,q,img/target_1.png
38,104,modular,0,e,img/target_3.png
38,105,modular,2,u,img/target_7.png
38,106,modular,4,b,img/target_6.png
38,107,modular,2,u,img/target_7.png
38,108,modular,3,q,img/target_1.png
38,109,modular,0,e,img/target_3.png
38,110,modular,1,i,img/target_8.png
38,111,modular,2,u,img/target_7.png
38,112,modular,3,q,img/target_1.png
38,113,modular,4,b,img/target_6.png
38,114,modular,3,q,img/target_1.png
38,115,modular,0,e,img/target_3.png
38,116,modular,1,i,img/target_8.png
38,117,modular,0,e,img/target_3.png
38,118,modular,1,i,img/target_8.png
38,119,modular,2,u,img/target_7.png
38,120,modular,3,q,img/target_1.png
38,121,modular,4,b,img/target_6.png
38,122,modular,1,i,img/target_8.png
38,123,modular,4,b,img/target_6.png
38,124,modular,1,i,img/target_8.png
38,125,modular,2,u,img/target_7.png
38,126,modular,3,q,img/target_1.png
38,127,modular,0,e,img/target_3.png
38,128,modular,2,u,img/target_7.png
38,129,modular,1,i,img/target_8.png
38,130,modular,4,b,img/target_6.png
38,131,modular,2,u,img/target_7.png
38,132,modular,3,q,img/target_1.png
38,133,modular,0,e,img/target_3.png
38,134,modular,2,u,img/target_7.png
38,135,modular,4,b,img/target_6.png
38,136,modular,3,q,img/target_1.png
38,137,modular,0,e,img/target_3.png
38,138,modular,2,u,img/target_7.png
38,139,modular,4,b,img/target_6.png
38,140,modular,3,q,img/target_1.png
38,141,modular,1,i,img/target_8.png
38,142,modular,0,e,img/target_3.png
38,143,modular,3,q,img/target_1.png
38,144,modular,4,b,img/target_6.png
38,145,modular,1,i,img/target_8.png
38,146,modular,0,e,img/target_3.png
38,147,modular,1,i,img/target_8.png
38,148,modular,4,b,img/target_6.png
38,149,modular,5,w,img/target_2.png
38,150,modular,6,v,img/target_5.png
38,151,modular,7,r,img/target_4.png
38,152,modular,8,o,img/target_9.png
38,153,modular,9,p,img/target_10.png
38,154,modular,8,o,img/target_9.png
38,155,modular,9,p,img/target_10.png
38,156,modular,0,e,img/target_3.png
38,157,modular,9,p,img/target_10.png
38,158,modular,7,r,img/target_4.png
38,159,modular,6,v,img/target_5.png
38,160,modular,5,w,img/target_2.png
38,161,modular,7,r,img/target_4.png
38,162,modular,6,v,img/target_5.png
38,163,modular,5,w,img/target_2.png
38,164,modular,7,r,img/target_4.png
38,165,modular,5,w,img/target_2.png
38,166,modular,8,o,img/target_9.png
38,167,modular,9,p,img/target_10.png
38,168,modular,8,o,img/target_9.png
38,169,modular,7,r,img/target_4.png
38,170,modular,5,w,img/target_2.png
38,171,modular,6,v,img/target_5.png
38,172,modular,8,o,img/target_9.png
38,173,modular,7,r,img/target_4.png
38,174,modular,9,p,img/target_10.png
38,175,modular,8,o,img/target_9.png
38,176,modular,6,v,img/target_5.png
38,177,modular,9,p,img/target_10.png
38,178,modular,8,o,img/target_9.png
38,179,modular,5,w,img/target_2.png
38,180,modular,8,o,img/target_9.png
38,181,modular,9,p,img/target_10.png
38,182,modular,6,v,img/target_5.png
38,183,modular,5,w,img/target_2.png
38,184,modular,7,r,img/target_4.png
38,185,modular,8,o,img/target_9.png
38,186,modular,7,r,img/target_4.png
38,187,modular,6,v,img/target_5.png
38,188,modular,7,r,img/target_4.png
38,189,modular,6,v,img/target_5.png
38,190,modular,8,o,img/target_9.png
38,191,modular,9,p,img/target_10.png
38,192,modular,7,r,img/target_4.png
38,193,modular,9,p,img/target_10.png
38,194,modular,8,o,img/target_9.png
38,195,modular,7,r,img/target_4.png
38,196,modular,5,w,img/target_2.png
38,197,modular,8,o,img/target_9.png
38,198,modular,7,r,img/target_4.png
38,199,modular,6,v,img/target_5.png
38,200,modular,7,r,img/target_4.png
38,201,modular,9,p,img/target_10.png
38,202,modular,8,o,img/target_9.png
38,203,modular,5,w,img/target_2.png
38,204,modular,6,v,img/target_5.png
38,205,modular,9,p,img/target_10.png
38,206,modular,8,o,img/target_9.png
38,207,modular,7,r,img/target_4.png
38,208,modular,6,v,img/target_5.png
38,209,modular,7,r,img/target_4.png
38,210,modular,8,o,img/target_9.png
38,211,modular,9,p,img/target_10.png
38,212,modular,6,v,img/target_5.png
38,213,modular,5,w,img/target_2.png
38,214,modular,7,r,img/target_4.png
38,215,modular,9,p,img/target_10.png
38,216,modular,8,o,img/target_9.png
38,217,modular,9,p,img/target_10.png
38,218,modular,0,e,img/target_3.png
38,219,modular,2,u,img/target_7.png
38,220,modular,0,e,img/target_3.png
38,221,modular,1,i,img/target_8.png
38,222,modular,3,q,img/target_1.png
38,223,modular,0,e,img/target_3.png
38,224,modular,3,q,img/target_1.png
38,225,modular,4,b,img/target_6.png
38,226,modular,3,q,img/target_1.png
38,227,modular,0,e,img/target_3.png
38,228,modular,9,p,img/target_10.png
38,229,modular,6,v,img/target_5.png
38,230,modular,5,w,img/target_2.png
38,231,modular,6,v,img/target_5.png
38,232,modular,9,p,img/target_10.png
38,233,modular,0,e,img/target_3.png
38,234,modular,9,p,img/target_10.png
38,235,modular,8,o,img/target_9.png
38,236,modular,6,v,img/target_5.png
38,237,modular,7,r,img/target_4.png
38,238,modular,5,w,img/target_2.png
38,239,modular,6,v,img/target_5.png
38,240,modular,8,o,img/target_9.png
38,241,modular,7,r,img/target_4.png
38,242,modular,8,o,img/target_9.png
38,243,modular,7,r,img/target_4.png
38,244,modular,9,p,img/target_10.png
38,245,modular,6,v,img/target_5.png
38,246,modular,8,o,img/target_9.png
38,247,modular,5,w,img/target_2.png
38,248,modular,8,o,img/target_9.png
38,249,modular,9,p,img/target_10.png
38,250,modular,6,v,img/target_5.png
38,251,modular,7,r,img/target_4.png
38,252,modular,9,p,img/target_10.png
38,253,modular,6,v,img/target_5.png
38,254,modular,5,w,img/target_2.png
38,255,modular,6,v,img/target_5.png
38,256,modular,8,o,img/target_9.png
38,257,modular,6,v,img/target_5.png
38,258,modular,5,w,img/target_2.png
38,259,modular,8,o,img/target_9.png
38,260,modular,5,w,img/target_2.png
38,261,modular,4,b,img/target_6.png
38,262,modular,3,q,img/target_1.png
38,263,modular,2,u,img/target_7.png
38,264,modular,3,q,img/target_1.png
38,265,modular,0,e,img/target_3.png
38,266,modular,2,u,img/target_7.png
38,267,modular,1,i,img/target_8.png
38,268,modular,3,q,img/target_1.png
38,269,modular,1,i,img/target_8.png
38,270,modular,4,b,img/target_6.png
38,271,modular,1,i,img/target_8.png
38,272,modular,2,u,img/target_7.png
38,273,modular,1,i,img/target_8.png
38,274,modular,3,q,img/target_1.png
38,275,modular,1,i,img/target_8.png
38,276,modular,0,e,img/target_3.png
38,277,modular,3,q,img/target_1.png
38,278,modular,1,i,img/target_8.png
38,279,modular,2,u,img/target_7.png
38,280,modular,0,e,img/target_3.png
38,281,modular,3,q,img/target_1.png
38,282,modular,0,e,img/target_3.png
38,283,modular,9,p,img/target_10.png
38,284,modular,6,v,img/target_5.png
38,285,modular,5,w,img/target_2.png
38,286,modular,6,v,img/target_5.png
38,287,modular,5,w,img/target_2.png
38,288,modular,8,o,img/target_9.png
38,289,modular,5,w,img/target_2.png
38,290,modular,8,o,img/target_9.png
38,291,modular,6,v,img/target_5.png
38,292,modular,5,w,img/target_2.png
38,293,modular,7,r,img/target_4.png
38,294,modular,9,p,img/target_10.png
38,295,modular,6,v,img/target_5.png
38,296,modular,7,r,img/target_4.png
38,297,modular,9,p,img/target_10.png
38,298,modular,6,v,img/target_5.png
38,299,modular,5,w,img/target_2.png
38,300,modular,8,o,img/target_9.png
38,301,modular,7,r,img/target_4.png
38,302,modular,6,v,img/target_5.png
38,303,modular,8,o,img/target_9.png
38,304,modular,7,r,img/target_4.png
38,305,modular,8,o,img/target_9.png
38,306,modular,7,r,img/target_4.png
38,307,modular,8,o,img/target_9.png
38,308,modular,5,w,img/target_2.png
38,309,modular,6,v,img/target_5.png
38,310,modular,8,o,img/target_9.png
38,311,modular,7,r,img/target_4.png
38,312,modular,6,v,img/target_5.png
38,313,modular,9,p,img/target_10.png
38,314,modular,8,o,img/target_9.png
38,315,modular,7,r,img/target_4.png
38,316,modular,6,v,img/target_5.png
38,317,modular,7,r,img/target_4.png
38,318,modular,5,w,img/target_2.png
38,319,modular,6,v,img/target_5.png
38,320,modular,7,r,img/target_4.png
38,321,modular,8,o,img/target_9.png
38,322,modular,7,r,img/target_4.png
38,323,modular,5,w,img/target_2.png
38,324,modular,8,o,img/target_9.png
38,325,modular,7,r,img/target_4.png
38,326,modular,9,p,img/target_10.png
38,327,modular,6,v,img/target_5.png
38,328,modular,9,p,img/target_10.png
38,329,modular,7,r,img/target_4.png
38,330,modular,5,w,img/target_2.png
38,331,modular,7,r,img/target_4.png
38,332,modular,6,v,img/target_5.png
38,333,modular,7,r,img/target_4.png
38,334,modular,9,p,img/target_10.png
38,335,modular,7,r,img/target_4.png
38,336,modular,6,v,img/target_5.png
38,337,modular,7,r,img/target_4.png
38,338,modular,9,p,img/target_10.png
38,339,modular,8,o,img/target_9.png
38,340,modular,5,w,img/target_2.png
38,341,modular,8,o,img/target_9.png
38,342,modular,7,r,img/target_4.png
38,343,modular,8,o,img/target_9.png
38,344,modular,7,r,img/target_4.png
38,345,modular,5,w,img/target_2.png
38,346,modular,6,v,img/target_5.png
38,347,modular,7,r,img/target_4.png
38,348,modular,9,p,img/target_10.png
38,349,modular,7,r,img/target_4.png
38,350,modular,8,o,img/target_9.png
38,351,modular,6,v,img/target_5.png
38,352,modular,7,r,img/target_4.png
38,353,modular,9,p,img/target_10.png
38,354,modular,6,v,img/target_5.png
38,355,modular,8,o,img/target_9.png
38,356,modular,6,v,img/target_5.png
38,357,modular,9,p,img/target_10.png
38,358,modular,6,v,img/target_5.png
38,359,modular,7,r,img/target_4.png
38,360,modular,6,v,img/target_5.png
38,361,modular,5,w,img/target_2.png
38,362,modular,8,o,img/target_9.png
38,363,modular,6,v,img/target_5.png
38,364,modular,8,o,img/target_9.png
38,365,modular,9,p,img/target_10.png
38,366,modular,6,v,img/target_5.png
38,367,modular,8,o,img/target_9.png
38,368,modular,9,p,img/target_10.png
38,369,modular,8,o,img/target_9.png
38,370,modular,7,r,img/target_4.png
38,371,modular,6,v,img/target_5.png
38,372,modular,8,o,img/target_9.png
38,373,modular,6,v,img/target_5.png
38,374,modular,5,w,img/target_2.png
38,375,modular,7,r,img/target_4.png
38,376,modular,8,o,img/target_9.png
38,377,modular,9,p,img/target_10.png
38,378,modular,8,o,img/target_9.png
38,379,modular,9,p,img/target_10.png
38,380,modular,8,o,img/target_9.png
38,381,modular,6,v,img/target_5.png
38,382,modular,5,w,img/target_2.png
38,383,modular,4,b,img/target_6.png
38,384,modular,3,q,img/target_1.png
38,385,modular,4,b,img/target_6.png
38,386,modular,5,w,img/target_2.png
38,387,modular,7,r,img/target_4.png
38,388,modular,6,v,img/target_5.png
38,389,modular,8,o,img/target_9.png
38,390,modular,5,w,img/target_2.png
38,391,modular,6,v,img/target_5.png
38,392,modular,5,w,img/target_2.png
38,393,modular,6,v,img/target_5.png
38,394,modular,5,w,img/target_2.png
38,395,modular,7,r,img/target_4.png
38,396,modular,5,w,img/target_2.png
38,397,modular,7,r,img/target_4.png
38,398,modular,6,v,img/target_5.png
38,399,modular,7,r,img/target_4.png
38,400,modular,6,v,img/target_5.png
38,401,modular,5,w,img/target_2.png
38,402,modular,6,v,img/target_5.png
38,403,modular,8,o,img/target_9.png
38,404,modular,7,r,img/target_4.png
38,405,modular,6,v,img/target_5.png
38,406,modular,5,w,img/target_2.png
38,407,modular,8,o,img/target_9.png
38,408,modular,5,w,img/target_2.png
38,409,modular,8,o,img/target_9.png
38,410,modular,7,r,img/target_4.png
38,411,modular,9,p,img/target_10.png
38,412,modular,7,r,img/target_4.png
38,413,modular,5,w,img/target_2.png
38,414,modular,6,v,img/target_5.png
38,415,modular,9,p,img/target_10.png
38,416,modular,6,v,img/target_5.png
38,417,modular,7,r,img/target_4.png
38,418,modular,6,v,img/target_5.png
38,419,modular,8,o,img/target_9.png
38,420,modular,7,r,img/target_4.png
38,421,modular,6,v,img/target_5.png
38,422,modular,5,w,img/target_2.png
38,423,modular,7,r,img/target_4.png
38,424,modular,8,o,img/target_9.png
38,425,modular,5,w,img/target_2.png
38,426,modular,4,b,img/target_6.png
38,427,modular,3,q,img/target_1.png
38,428,modular,0,e,img/target_3.png
38,429,modular,9,p,img/target_10.png
38,430,modular,0,e,img/target_3.png
38,431,modular,9,p,img/target_10.png
38,432,modular,7,r,img/target_4.png
38,433,modular,6,v,img/target_5.png
38,434,modular,8,o,img/target_9.png
38,435,modular,9,p,img/target_10.png
38,436,modular,7,r,img/target_4.png
38,437,modular,8,o,img/target_9.png
38,438,modular,9,p,img/target_10.png
38,439,modular,7,r,img/target_4.png
38,440,modular,6,v,img/target_5.png
38,441,modular,5,w,img/target_2.png
38,442,modular,8,o,img/target_9.png
38,443,modular,5,w,img/target_2.png
38,444,modular,4,b,img/target_6.png
38,445,modular,5,w,img/target_2.png
38,446,modular,7,r,img/target_4.png
38,447,modular,5,w,img/target_2.png
38,448,modular,6,v,img/target_5.png
38,449,modular,9,p,img/target_10.png
38,450,modular,7,r,img/target_4.png
38,451,modular,9,p,img/target_10.png
38,452,modular,7,r,img/target_4.png
38,453,modular,5,w,img/target_2.png
38,454,modular,4,b,img/target_6.png
38,455,modular,5,w,img/target_2.png
38,456,modular,6,v,img/target_5.png
38,457,modular,5,w,img/target_2.png
38,458,modular,8,o,img/target_9.png
38,459,modular,7,r,img/target_4.png
38,460,modular,8,o,img/target_9.png
38,461,modular,6,v,img/target_5.png
38,462,modular,9,p,img/target_10.png
38,463,modular,0,e,img/target_3.png
38,464,modular,2,u,img/target_7.png
38,465,modular,4,b,img/target_6.png
38,466,modular,3,q,img/target_1.png
38,467,modular,2,u,img/target_7.png
38,468,modular,0,e,img/target_3.png
38,469,modular,2,u,img/target_7.png
38,470,modular,1,i,img/target_8.png
38,471,modular,3,q,img/target_1.png
38,472,modular,1,i,img/target_8.png
38,473,modular,0,e,img/target_3.png
38,474,modular,2,u,img/target_7.png
38,475,modular,0,e,img/target_3.png
38,476,modular,9,p,img/target_10.png
38,477,modular,8,o,img/target_9.png
38,478,modular,9,p,img/target_10.png
38,479,modular,6,v,img/target_5.png
38,480,modular,9,p,img/target_10.png
38,481,modular,7,r,img/target_4.png
38,482,modular,5,w,img/target_2.png
38,483,modular,8,o,img/target_9.png
38,484,modular,9,p,img/target_10.png
38,485,modular,0,e,img/target_3.png
38,486,modular,3,q,img/target_1.png
38,487,modular,0,e,img/target_3.png
38,488,modular,2,u,img/target_7.png
38,489,modular,3,q,img/target_1.png
38,490,modular,4,b,img/target_6.png
38,491,modular,1,i,img/target_8.png
38,492,modular,0,e,img/target_3.png
38,493,modular,3,q,img/target_1.png
38,494,modular,2,u,img/target_7.png
38,495,modular,1,i,img/target_8.png
38,496,modular,2,u,img/target_7.png
38,497,modular,0,e,img/target_3.png
38,498,modular,1,i,img/target_8.png
38,499,modular,0,e,img/target_3.png
38,500,modular,2,u,img/target_7.png
38,501,modular,3,q,img/target_1.png
38,502,modular,2,u,img/target_7.png
38,503,modular,4,b,img/target_6.png
38,504,modular,5,w,img/target_2.png
38,505,modular,6,v,img/target_5.png
38,506,modular,8,o,img/target_9.png
38,507,modular,7,r,img/target_4.png
38,508,modular,6,v,img/target_5.png
38,509,modular,9,p,img/target_10.png
38,510,modular,6,v,img/target_5.png
38,511,modular,8,o,img/target_9.png
38,512,modular,9,p,img/target_10.png
38,513,modular,8,o,img/target_9.png
38,514,modular,9,p,img/target_10.png
38,515,modular,7,r,img/target_4.png
38,516,modular,9,p,img/target_10.png
38,517,modular,8,o,img/target_9.png
38,518,modular,9,p,img/target_10.png
38,519,modular,7,r,img/target_4.png
38,520,modular,6,v,img/target_5.png
38,521,modular,5,w,img/target_2.png
38,522,modular,6,v,img/target_5.png
38,523,modular,7,r,img/target_4.png
38,524,modular,5,w,img/target_2.png
38,525,modular,8,o,img/target_9.png
38,526,modular,9,p,img/target_10.png
38,527,modular,0,e,img/target_3.png
38,528,modular,9,p,img/target_10.png
38,529,modular,7,r,img/target_4.png
38,530,modular,6,v,img/target_5.png
38,531,modular,9,p,img/target_10.png
38,532,modular,8,o,img/target_9.png
38,533,modular,9,p,img/target_10.png
38,534,modular,8,o,img/target_9.png
38,535,modular,6,v,img/target_5.png
38,536,modular,9,p,img/target_10.png
38,537,modular,0,e,img/target_3.png
38,538,modular,9,p,img/target_10.png
38,539,modular,0,e,img/target_3.png
38,540,modular,2,u,img/target_7.png
38,541,modular,4,b,img/target_6.png
38,542,modular,3,q,img/target_1.png
38,543,modular,1,i,img/target_8.png
38,544,modular,0,e,img/target_3.png
38,545,modular,9,p,img/target_10.png
38,546,modular,6,v,img/target_5.png
38,547,modular,7,r,img/target_4.png
38,548,modular,9,p,img/target_10.png
38,549,modular,6,v,img/target_5.png
38,550,modular,9,p,img/target_10.png
38,551,modular,6,v,img/target_5.png
38,552,modular,8,o,img/target_9.png
38,553,modular,6,v,img/target_5.png
38,554,modular,8,o,img/target_9.png
38,555,modular,9,p,img/target_10.png
38,556,modular,7,r,img/target_4.png
38,557,modular,6,v,img/target_5.png
38,558,modular,7,r,img/target_4.png
38,559,modular,9,p,img/target_10.png
38,560,modular,8,o,img/target_9.png
38,561,modular,7,r,img/target_4.png
38,562,modular,9,p,img/target_10.png
38,563,modular,7,r,img/target_4.png
38,564,modular,9,p,img/target_10.png
38,565,modular,7,r,img/target_4.png
38,566,modular,9,p,img/target_10.png
38,567,modular,0,e,img/target_3.png
38,568,modular,1,i,img/target_8.png
38,569,modular,0,e,img/target_3.png
38,570,modular,2,u,img/target_7.png
38,571,modular,0,e,img/target_3.png
38,572,modular,1,i,img/target_8.png
38,573,modular,2,u,img/target_7.png
38,574,modular,1,i,img/target_8.png
38,575,modular,3,q,img/target_1.png
38,576,modular,1,i,img/target_8.png
38,577,modular,2,u,img/target_7.png
38,578,modular,1,i,img/target_8.png
38,579,modular,2,u,img/target_7.png
38,580,modular,0,e,img/target_3.png
38,581,modular,9,p,img/target_10.png
38,582,modular,6,v,img/target_5.png
38,583,modular,8,o,img/target_9.png
38,584,modular,5,w,img/target_2.png
38,585,modular,4,b,img/target_6.png
38,586,modular,1,i,img/target_8.png
38,587,modular,0,e,img/target_3.png
38,588,modular,9,p,img/target_10.png
38,589,modular,6,v,img/target_5.png
38,590,modular,8,o,img/target_9.png
38,591,modular,9,p,img/target_10.png
38,592,modular,0,e,img/target_3.png
38,593,modular,3,q,img/target_1.png
38,594,modular,1,i,img/target_8.png
38,595,modular,3,q,img/target_1.png
38,596,modular,1,i,img/target_8.png
38,597,modular,3,q,img/target_1.png
38,598,modular,0,e,img/target_3.png
38,599,modular,1,i,img/target_8.png
38,600,modular,3,q,img/target_1.png
38,601,modular,0,e,img/target_3.png
38,602,modular,1,i,img/target_8.png
38,603,modular,3,q,img/target_1.png
38,604,modular,2,u,img/target_7.png
38,605,modular,3,q,img/target_1.png
38,606,modular,4,b,img/target_6.png
38,607,modular,3,q,img/target_1.png
38,608,modular,0,e,img/target_3.png
38,609,modular,1,i,img/target_8.png
38,610,modular,3,q,img/target_1.png
38,611,modular,2,u,img/target_7.png
38,612,modular,4,b,img/target_6.png
38,613,modular,3,q,img/target_1.png
38,614,modular,0,e,img/target_3.png
38,615,modular,9,p,img/target_10.png
38,616,modular,0,e,img/target_3.png
38,617,modular,9,p,img/target_10.png
38,618,modular,7,r,img/target_4.png
38,619,modular,9,p,img/target_10.png
38,620,modular,8,o,img/target_9.png
38,621,modular,7,r,img/target_4.png
38,622,modular,9,p,img/target_10.png
38,623,modular,8,o,img/target_9.png
38,624,modular,7,r,img/target_4.png
38,625,modular,6,v,img/target_5.png
38,626,modular,7,r,img/target_4.png
38,627,modular,6,v,img/target_5.png
38,628,modular,7,r,img/target_4.png
38,629,modular,5,w,img/target_2.png
38,630,modular,8,o,img/target_9.png
38,631,modular,7,r,img/target_4.png
38,632,modular,8,o,img/target_9.png
38,633,modular,9,p,img/target_10.png
38,634,modular,0,e,img/target_3.png
38,635,modular,1,i,img/target_8.png
38,636,modular,0,e,img/target_3.png
38,637,modular,2,u,img/target_7.png
38,638,modular,4,b,img/target_6.png
38,639,modular,3,q,img/target_1.png
38,640,modular,2,u,img/target_7.png
38,641,modular,0,e,img/target_3.png
38,642,modular,9,p,img/target_10.png
38,643,modular,7,r,img/target_4.png
38,644,modular,8,o,img/target_9.png
38,645,modular,5,w,img/target_2.png
38,646,modular,6,v,img/target_5.png
38,647,modular,7,r,img/target_4.png
38,648,modular,9,p,img/target_10.png
38,649,modular,0,e,img/target_3.png
38,650,modular,1,i,img/target_8.png
38,651,modular,4,b,img/target_6.png
38,652,modular,1,i,img/target_8.png
38,653,modular,2,u,img/target_7.png
38,654,modular,3,q,img/target_1.png
38,655,modular,2,u,img/target_7.png
38,656,modular,4,b,img/target_6.png
38,657,modular,2,u,img/target_7.png
38,658,modular,4,b,img/target_6.png
38,659,modular,2,u,img/target_7.png
38,660,modular,4,b,img/target_6.png
38,661,modular,5,w,img/target_2.png
38,662,modular,4,b,img/target_6.png
38,663,modular,1,i,img/target_8.png
38,664,modular,0,e,img/target_3.png
38,665,modular,2,u,img/target_7.png
38,666,modular,4,b,img/target_6.png
38,667,modular,2,u,img/target_7.png
38,668,modular,0,e,img/target_3.png
38,669,modular,2,u,img/target_7.png
38,670,modular,0,e,img/target_3.png
38,671,modular,9,p,img/target_10.png
38,672,modular,6,v,img/target_5.png
38,673,modular,5,w,img/target_2.png
38,674,modular,7,r,img/target_4.png
38,675,modular,5,w,img/target_2.png
38,676,modular,8,o,img/target_9.png
38,677,modular,9,p,img/target_10.png
38,678,modular,8,o,img/target_9.png
38,679,modular,5,w,img/target_2.png
38,680,modular,4,b,img/target_6.png
38,681,modular,1,i,img/target_8.png
38,682,modular,3,q,img/target_1.png
38,683,modular,4,b,img/target_6.png
38,684,modular,2,u,img/target_7.png
38,685,modular,0,e,img/target_3.png
38,686,modular,9,p,img/target_10.png
38,687,modular,8,o,img/target_9.png
38,688,modular,9,p,img/target_10.png
38,689,modular,7,r,img/target_4.png
38,690,modular,6,v,img/target_5.png
38,691,modular,5,w,img/target_2.png
38,692,modular,4,b,img/target_6.png
38,693,modular,1,i,img/target_8.png
38,694,modular,2,u,img/target_7.png
38,695,modular,0,e,img/target_3.png
38,696,modular,1,i,img/target_8.png
38,697,modular,3,q,img/target_1.png
38,698,modular,0,e,img/target_3.png
38,699,modular,2,u,img/target_7.png
38,700,modular,3,q,img/target_1.png
38,701,modular,4,b,img/target_6.png
38,702,modular,3,q,img/target_1.png
38,703,modular,4,b,img/target_6.png
38,704,modular,2,u,img/target_7.png
38,705,modular,0,e,img/target_3.png
38,706,modular,3,q,img/target_1.png
38,707,modular,1,i,img/target_8.png
38,708,modular,2,u,img/target_7.png
38,709,modular,1,i,img/target_8.png
38,710,modular,4,b,img/target_6.png
38,711,modular,3,q,img/target_1.png
38,712,modular,2,u,img/target_7.png
38,713,modular,0,e,img/target_3.png
38,714,modular,2,u,img/target_7.png
38,715,modular,0,e,img/target_3.png
38,716,modular,1,i,img/target_8.png
38,717,modular,4,b,img/target_6.png
38,718,modular,2,u,img/target_7.png
38,719,modular,0,e,img/target_3.png
38,720,modular,9,p,img/target_10.png
38,721,modular,0,e,img/target_3.png
38,722,modular,1,i,img/target_8.png
38,723,modular,3,q,img/target_1.png
38,724,modular,2,u,img/target_7.png
38,725,modular,0,e,img/target_3.png
38,726,modular,9,p,img/target_10.png
38,727,modular,7,r,img/target_4.png
38,728,modular,9,p,img/target_10.png
38,729,modular,8,o,img/target_9.png
38,730,modular,6,v,img/target_5.png
38,731,modular,7,r,img/target_4.png
38,732,modular,8,o,img/target_9.png
38,733,modular,5,w,img/target_2.png
38,734,modular,4,b,img/target_6.png
38,735,modular,1,i,img/target_8.png
38,736,modular,2,u,img/target_7.png
38,737,modular,4,b,img/target_6.png
38,738,modular,3,q,img/target_1.png
38,739,modular,1,i,img/target_8.png
38,740,modular,4,b,img/target_6.png
38,741,modular,3,q,img/target_1.png
38,742,modular,1,i,img/target_8.png
38,743,modular,0,e,img/target_3.png
38,744,modular,3,q,img/target_1.png
38,745,modular,4,b,img/target_6.png
38,746,modular,5,w,img/target_2.png
38,747,modular,8,o,img/target_9.png
38,748,modular,5,w,img/target_2.png
38,749,modular,8,o,img/target_9.png
38,750,modular,5,w,img/target_2.png
38,751,modular,8,o,img/target_9.png
38,752,modular,5,w,img/target_2.png
38,753,modular,6,v,img/target_5.png
38,754,modular,9,p,img/target_10.png
38,755,modular,7,r,img/target_4.png
38,756,modular,5,w,img/target_2.png
38,757,modular,8,o,img/target_9.png
38,758,modular,5,w,img/target_2.png
38,759,modular,4,b,img/target_6.png
38,760,modular,5,w,img/target_2.png
38,761,modular,7,r,img/target_4.png
38,762,modular,9,p,img/target_10.png
38,763,modular,7,r,img/target_4.png
38,764,modular,5,w,img/target_2.png
38,765,modular,6,v,img/target_5.png
38,766,modular,8,o,img/target_9.png
38,767,modular,7,r,img/target_4.png
38,768,modular,8,o,img/target_9.png
38,769,modular,5,w,img/target_2.png
38,770,modular,4,b,img/target_6.png
38,771,modular,5,w,img/target_2.png
38,772,modular,7,r,img/target_4.png
38,773,modular,8,o,img/target_9.png
38,774,modular,6,v,img/target_5.png
38,775,modular,9,p,img/target_10.png
38,776,modular,7,r,img/target_4.png
38,777,modular,6,v,img/target_5.png
38,778,modular,9,p,img/target_10.png
38,779,modular,7,r,img/target_4.png
38,780,modular,8,o,img/target_9.png
38,781,modular,9,p,img/target_10.png
38,782,modular,8,o,img/target_9.png
38,783,modular,6,v,img/target_5.png
38,784,modular,5,w,img/target_2.png
38,785,modular,6,v,img/target_5.png
38,786,modular,8,o,img/target_9.png
38,787,modular,6,v,img/target_5.png
38,788,modular,8,o,img/target_9.png
38,789,modular,9,p,img/target_10.png
38,790,modular,7,r,img/target_4.png
38,791,modular,5,w,img/target_2.png
38,792,modular,8,o,img/target_9.png
38,793,modular,9,p,img/target_10.png
38,794,modular,8,o,img/target_9.png
38,795,modular,7,r,img/target_4.png
38,796,modular,9,p,img/target_10.png
38,797,modular,8,o,img/target_9.png
38,798,modular,6,v,img/target_5.png
38,799,modular,7,r,img/target_4.png
38,800,modular,9,p,img/target_10.png
38,801,modular,6,v,img/target_5.png
38,802,modular,8,o,img/target_9.png
38,803,modular,9,p,img/target_10.png
38,804,modular,7,r,img/target_4.png
38,805,modular,8,o,img/target_9.png
38,806,modular,6,v,img/target_5.png
38,807,modular,9,p,img/target_10.png
38,808,modular,6,v,img/target_5.png
38,809,modular,8,o,img/target_9.png
38,810,modular,7,r,img/target_4.png
38,811,modular,6,v,img/target_5.png
38,812,modular,7,r,img/target_4.png
38,813,modular,5,w,img/target_2.png
38,814,modular,4,b,img/target_6.png
38,815,modular,2,u,img/target_7.png
38,816,modular,0,e,img/target_3.png
38,817,modular,3,q,img/target_1.png
38,818,modular,0,e,img/target_3.png
38,819,modular,3,q,img/target_1.png
38,820,modular,4,b,img/target_6.png
38,821,modular,5,w,img/target_2.png
38,822,modular,7,r,img/target_4.png
38,823,modular,5,w,img/target_2.png
38,824,modular,7,r,img/target_4.png
38,825,modular,8,o,img/target_9.png
38,826,modular,7,r,img/target_4.png
38,827,modular,8,o,img/target_9.png
38,828,modular,5,w,img/target_2.png
38,829,modular,6,v,img/target_5.png
38,830,modular,8,o,img/target_9.png
38,831,modular,5,w,img/target_2.png
38,832,modular,6,v,img/target_5.png
38,833,modular,7,r,img/target_4.png
38,834,modular,8,o,img/target_9.png
38,835,modular,5,w,img/target_2.png
38,836,modular,6,v,img/target_5.png
38,837,modular,5,w,img/target_2.png
38,838,modular,4,b,img/target_6.png
38,839,modular,5,w,img/target_2.png
38,840,modular,6,v,img/target_5.png
38,841,modular,8,o,img/target_9.png
38,842,modular,7,r,img/target_4.png
38,843,modular,6,v,img/target_5.png
38,844,modular,8,o,img/target_9.png
38,845,modular,7,r,img/target_4.png
38,846,modular,6,v,img/target_5.png
38,847,modular,7,r,img/target_4.png
38,848,modular,8,o,img/target_9.png
38,849,modular,9,p,img/target_10.png
38,850,modular,0,e,img/target_3.png
38,851,modular,1,i,img/target_8.png
38,852,modular,0,e,img/target_3.png
38,853,modular,9,p,img/target_10.png
38,854,modular,0,e,img/target_3.png
38,855,modular,9,p,img/target_10.png
38,856,modular,6,v,img/target_5.png
38,857,modular,9,p,img/target_10.png
38,858,modular,8,o,img/target_9.png
38,859,modular,9,p,img/target_10.png
38,860,modular,0,e,img/target_3.png
38,861,modular,3,q,img/target_1.png
38,862,modular,0,e,img/target_3.png
38,863,modular,3,q,img/target_1.png
38,864,modular,0,e,img/target_3.png
38,865,modular,3,q,img/target_1.png
38,866,modular,0,e,img/target_3.png
38,867,modular,9,p,img/target_10.png
38,868,modular,0,e,img/target_3.png
38,869,modular,3,q,img/target_1.png
38,870,modular,1,i,img/target_8.png
38,871,modular,4,b,img/target_6.png
38,872,modular,5,w,img/target_2.png
38,873,modular,8,o,img/target_9.png
38,874,modular,5,w,img/target_2.png
38,875,modular,6,v,img/target_5.png
38,876,modular,9,p,img/target_10.png
38,877,modular,0,e,img/target_3.png
38,878,modular,9,p,img/target_10.png
38,879,modular,8,o,img/target_9.png
38,880,modular,6,v,img/target_5.png
38,881,modular,9,p,img/target_10.png
38,882,modular,6,v,img/target_5.png
38,883,modular,7,r,img/target_4.png
38,884,modular,5,w,img/target_2.png
38,885,modular,8,o,img/target_9.png
38,886,modular,7,r,img/target_4.png
38,887,modular,9,p,img/target_10.png
38,888,modular,8,o,img/target_9.png
38,889,modular,9,p,img/target_10.png
38,890,modular,6,v,img/target_5.png
38,891,modular,8,o,img/target_9.png
38,892,modular,7,r,img/target_4.png
38,893,modular,8,o,img/target_9.png
38,894,modular,7,r,img/target_4.png
38,895,modular,6,v,img/target_5.png
38,896,modular,5,w,img/target_2.png
38,897,modular,8,o,img/target_9.png
38,898,modular,5,w,img/target_2.png
38,899,modular,8,o,img/target_9.png
38,900,modular,6,v,img/target_5.png
38,901,modular,8,o,img/target_9.png
38,902,modular,7,r,img/target_4.png
38,903,modular,8,o,img/target_9.png
38,904,modular,6,v,img/target_5.png
38,905,modular,7,r,img/target_4.png
38,906,modular,8,o,img/target_9.png
38,907,modular,6,v,img/target_5.png
38,908,modular,7,r,img/target_4.png
38,909,modular,6,v,img/target_5.png
38,910,modular,5,w,img/target_2.png
38,911,modular,4,b,img/target_6.png
38,912,modular,5,w,img/target_2.png
38,913,modular,8,o,img/target_9.png
38,914,modular,7,r,img/target_4.png
38,915,modular,5,w,img/target_2.png
38,916,modular,7,r,img/target_4.png
38,917,modular,8,o,img/target_9.png
38,918,modular,9,p,img/target_10.png
38,919,modular,0,e,img/target_3.png
38,920,modular,9,p,img/target_10.png
38,921,modular,6,v,img/target_5.png
38,922,modular,9,p,img/target_10.png
38,923,modular,8,o,img/target_9.png
38,924,modular,9,p,img/target_10.png
38,925,modular,0,e,img/target_3.png
38,926,modular,3,q,img/target_1.png
38,927,modular,0,e,img/target_3.png
38,928,modular,9,p,img/target_10.png
38,929,modular,8,o,img/target_9.png
38,930,modular,7,r,img/target_4.png
38,931,modular,9,p,img/target_10.png
38,932,modular,7,r,img/target_4.png
38,933,modular,5,w,img/target_2.png
38,934,modular,6,v,img/target_5.png
38,935,modular,5,w,img/target_2.png
38,936,modular,7,r,img/target_4.png
38,937,modular,5,w,img/target_2.png
38,938,modular,6,v,img/target_5.png
38,939,modular,8,o,img/target_9.png
38,940,modular,5,w,img/target_2.png
38,941,modular,6,v,img/target_5.png
38,942,modular,8,o,img/target_9.png
38,943,modular,6,v,img/target_5.png
38,944,modular,8,o,img/target_9.png
38,945,modular,9,p,img/target_10.png
38,946,modular,0,e,img/target_3.png
38,947,modular,3,q,img/target_1.png
38,948,modular,2,u,img/target_7.png
38,949,modular,1,i,img/target_8.png
38,950,modular,4,b,img/target_6.png
38,951,modular,1,i,img/target_8.png
38,952,modular,2,u,img/target_7.png
38,953,modular,1,i,img/target_8.png
38,954,modular,4,b,img/target_6.png
38,955,modular,3,q,img/target_1.png
38,956,modular,0,e,img/target_3.png
38,957,modular,3,q,img/target_1.png
38,958,modular,0,e,img/target_3.png
38,959,modular,2,u,img/target_7.png
38,960,modular,1,i,img/target_8.png
38,961,modular,4,b,img/target_6.png
38,962,modular,5,w,img/target_2.png
38,963,modular,4,b,img/target_6.png
38,964,modular,1,i,img/target_8.png
38,965,modular,2,u,img/target_7.png
38,966,modular,3,q,img/target_1.png
38,967,modular,2,u,img/target_7.png
38,968,modular,0,e,img/target_3.png
38,969,modular,2,u,img/target_7.png
38,970,modular,1,i,img/target_8.png
38,971,modular,3,q,img/target_1.png
38,972,modular,2,u,img/target_7.png
38,973,modular,4,b,img/target_6.png
38,974,modular,1,i,img/target_8.png
38,975,modular,3,q,img/target_1.png
38,976,modular,2,u,img/target_7.png
38,977,modular,3,q,img/target_1.png
38,978,modular,2,u,img/target_7.png
38,979,modular,1,i,img/target_8.png
38,980,modular,2,u,img/target_7.png
38,981,modular,4,b,img/target_6.png
38,982,modular,5,w,img/target_2.png
38,983,modular,4,b,img/target_6.png
38,984,modular,1,i,img/target_8.png
38,985,modular,0,e,img/target_3.png
38,986,modular,3,q,img/target_1.png
38,987,modular,4,b,img/target_6.png
38,988,modular,5,w,img/target_2.png
38,989,modular,4,b,img/target_6.png
38,990,modular,3,q,img/target_1.png
38,991,modular,1,i,img/target_8.png
38,992,modular,2,u,img/target_7.png
38,993,modular,4,b,img/target_6.png
38,994,modular,1,i,img/target_8.png
38,995,modular,0,e,img/target_3.png
38,996,modular,9,p,img/target_10.png
38,997,modular,6,v,img/target_5.png
38,998,modular,9,p,img/target_10.png
38,999,modular,7,r,img/target_4.png
38,1000,modular,5,w,img/target_2.png
