pID,sess,trialNum,graph,walk,resp,path
24,2,1,modular,8,o,img/target_9.png
24,2,2,modular,7,e,img/target_3.png
24,2,3,modular,9,w,img/target_2.png
24,2,4,modular,7,e,img/target_3.png
24,2,5,modular,6,v,img/target_5.png
24,2,6,modular,9,w,img/target_2.png
24,2,7,modular,8,o,img/target_9.png
24,2,8,modular,5,r,img/target_4.png
24,2,9,modular,6,v,img/target_5.png
24,2,10,modular,7,e,img/target_3.png
24,2,11,modular,6,v,img/target_5.png
24,2,12,modular,8,o,img/target_9.png
24,2,13,modular,6,v,img/target_5.png
24,2,14,modular,5,r,img/target_4.png
24,2,15,modular,8,o,img/target_9.png
24,2,16,modular,9,w,img/target_2.png
24,2,17,modular,6,v,img/target_5.png
24,2,18,modular,9,w,img/target_2.png
24,2,19,modular,0,p,img/target_10.png
24,2,20,modular,2,b,img/target_6.png
24,2,21,modular,3,q,img/target_1.png
24,2,22,modular,2,b,img/target_6.png
24,2,23,modular,0,p,img/target_10.png
24,2,24,modular,3,q,img/target_1.png
24,2,25,modular,1,i,img/target_8.png
24,2,26,modular,4,u,img/target_7.png
24,2,27,modular,2,b,img/target_6.png
24,2,28,modular,3,q,img/target_1.png
24,2,29,modular,0,p,img/target_10.png
24,2,30,modular,1,i,img/target_8.png
24,2,31,modular,3,q,img/target_1.png
24,2,32,modular,0,p,img/target_10.png
24,2,33,modular,2,b,img/target_6.png
24,2,34,modular,3,q,img/target_1.png
24,2,35,modular,1,i,img/target_8.png
24,2,36,modular,3,q,img/target_1.png
24,2,37,modular,4,u,img/target_7.png
24,2,38,modular,5,r,img/target_4.png
24,2,39,modular,7,e,img/target_3.png
24,2,40,modular,5,r,img/target_4.png
24,2,41,modular,7,e,img/target_3.png
24,2,42,modular,9,w,img/target_2.png
24,2,43,modular,6,v,img/target_5.png
24,2,44,modular,8,o,img/target_9.png
24,2,45,modular,6,v,img/target_5.png
24,2,46,modular,5,r,img/target_4.png
24,2,47,modular,7,e,img/target_3.png
24,2,48,modular,8,o,img/target_9.png
24,2,49,modular,6,v,img/target_5.png
24,2,50,modular,9,w,img/target_2.png
24,2,51,modular,6,v,img/target_5.png
24,2,52,modular,5,r,img/target_4.png
24,2,53,modular,7,e,img/target_3.png
24,2,54,modular,6,v,img/target_5.png
24,2,55,modular,7,e,img/target_3.png
24,2,56,modular,6,v,img/target_5.png
24,2,57,modular,5,r,img/target_4.png
24,2,58,modular,4,u,img/target_7.png
24,2,59,modular,5,r,img/target_4.png
24,2,60,modular,8,o,img/target_9.png
24,2,61,modular,6,v,img/target_5.png
24,2,62,modular,9,w,img/target_2.png
24,2,63,modular,7,e,img/target_3.png
24,2,64,modular,8,o,img/target_9.png
24,2,65,modular,7,e,img/target_3.png
24,2,66,modular,5,r,img/target_4.png
24,2,67,modular,4,u,img/target_7.png
24,2,68,modular,2,b,img/target_6.png
24,2,69,modular,1,i,img/target_8.png
24,2,70,modular,0,p,img/target_10.png
24,2,71,modular,1,i,img/target_8.png
24,2,72,modular,3,q,img/target_1.png
24,2,73,modular,2,b,img/target_6.png
24,2,74,modular,0,p,img/target_10.png
24,2,75,modular,3,q,img/target_1.png
24,2,76,modular,1,i,img/target_8.png
24,2,77,modular,2,b,img/target_6.png
24,2,78,modular,3,q,img/target_1.png
24,2,79,modular,4,u,img/target_7.png
24,2,80,modular,2,b,img/target_6.png
24,2,81,modular,1,i,img/target_8.png
24,2,82,modular,0,p,img/target_10.png
24,2,83,modular,9,w,img/target_2.png
24,2,84,modular,6,v,img/target_5.png
24,2,85,modular,7,e,img/target_3.png
24,2,86,modular,9,w,img/target_2.png
24,2,87,modular,7,e,img/target_3.png
24,2,88,modular,9,w,img/target_2.png
24,2,89,modular,0,p,img/target_10.png
24,2,90,modular,1,i,img/target_8.png
24,2,91,modular,3,q,img/target_1.png
24,2,92,modular,0,p,img/target_10.png
24,2,93,modular,2,b,img/target_6.png
24,2,94,modular,1,i,img/target_8.png
24,2,95,modular,3,q,img/target_1.png
24,2,96,modular,1,i,img/target_8.png
24,2,97,modular,4,u,img/target_7.png
24,2,98,modular,2,b,img/target_6.png
24,2,99,modular,1,i,img/target_8.png
24,2,100,modular,2,b,img/target_6.png
24,2,101,modular,0,p,img/target_10.png
24,2,102,modular,1,i,img/target_8.png
24,2,103,modular,2,b,img/target_6.png
24,2,104,modular,1,i,img/target_8.png
24,2,105,modular,0,p,img/target_10.png
24,2,106,modular,3,q,img/target_1.png
24,2,107,modular,1,i,img/target_8.png
24,2,108,modular,3,q,img/target_1.png
24,2,109,modular,4,u,img/target_7.png
24,2,110,modular,3,q,img/target_1.png
24,2,111,modular,4,u,img/target_7.png
24,2,112,modular,3,q,img/target_1.png
24,2,113,modular,1,i,img/target_8.png
24,2,114,modular,4,u,img/target_7.png
24,2,115,modular,2,b,img/target_6.png
24,2,116,modular,1,i,img/target_8.png
24,2,117,modular,0,p,img/target_10.png
24,2,118,modular,1,i,img/target_8.png
24,2,119,modular,0,p,img/target_10.png
24,2,120,modular,9,w,img/target_2.png
24,2,121,modular,7,e,img/target_3.png
24,2,122,modular,8,o,img/target_9.png
24,2,123,modular,7,e,img/target_3.png
24,2,124,modular,8,o,img/target_9.png
24,2,125,modular,5,r,img/target_4.png
24,2,126,modular,8,o,img/target_9.png
24,2,127,modular,6,v,img/target_5.png
24,2,128,modular,7,e,img/target_3.png
24,2,129,modular,5,r,img/target_4.png
24,2,130,modular,7,e,img/target_3.png
24,2,131,modular,6,v,img/target_5.png
24,2,132,modular,7,e,img/target_3.png
24,2,133,modular,9,w,img/target_2.png
24,2,134,modular,7,e,img/target_3.png
24,2,135,modular,6,v,img/target_5.png
24,2,136,modular,9,w,img/target_2.png
24,2,137,modular,8,o,img/target_9.png
24,2,138,modular,7,e,img/target_3.png
24,2,139,modular,8,o,img/target_9.png
24,2,140,modular,5,r,img/target_4.png
24,2,141,modular,4,u,img/target_7.png
24,2,142,modular,3,q,img/target_1.png
24,2,143,modular,0,p,img/target_10.png
24,2,144,modular,3,q,img/target_1.png
24,2,145,modular,2,b,img/target_6.png
24,2,146,modular,0,p,img/target_10.png
24,2,147,modular,1,i,img/target_8.png
24,2,148,modular,4,u,img/target_7.png
24,2,149,modular,3,q,img/target_1.png
24,2,150,modular,1,i,img/target_8.png
24,2,151,modular,3,q,img/target_1.png
24,2,152,modular,0,p,img/target_10.png
24,2,153,modular,1,i,img/target_8.png
24,2,154,modular,2,b,img/target_6.png
24,2,155,modular,4,u,img/target_7.png
24,2,156,modular,5,r,img/target_4.png
24,2,157,modular,7,e,img/target_3.png
24,2,158,modular,9,w,img/target_2.png
24,2,159,modular,6,v,img/target_5.png
24,2,160,modular,9,w,img/target_2.png
24,2,161,modular,7,e,img/target_3.png
24,2,162,modular,5,r,img/target_4.png
24,2,163,modular,7,e,img/target_3.png
24,2,164,modular,6,v,img/target_5.png
24,2,165,modular,7,e,img/target_3.png
24,2,166,modular,8,o,img/target_9.png
24,2,167,modular,6,v,img/target_5.png
24,2,168,modular,5,r,img/target_4.png
24,2,169,modular,6,v,img/target_5.png
24,2,170,modular,9,w,img/target_2.png
24,2,171,modular,8,o,img/target_9.png
24,2,172,modular,5,r,img/target_4.png
24,2,173,modular,7,e,img/target_3.png
24,2,174,modular,5,r,img/target_4.png
24,2,175,modular,8,o,img/target_9.png
24,2,176,modular,5,r,img/target_4.png
24,2,177,modular,8,o,img/target_9.png
24,2,178,modular,9,w,img/target_2.png
24,2,179,modular,0,p,img/target_10.png
24,2,180,modular,9,w,img/target_2.png
24,2,181,modular,6,v,img/target_5.png
24,2,182,modular,7,e,img/target_3.png
24,2,183,modular,6,v,img/target_5.png
24,2,184,modular,7,e,img/target_3.png
24,2,185,modular,8,o,img/target_9.png
24,2,186,modular,9,w,img/target_2.png
24,2,187,modular,0,p,img/target_10.png
24,2,188,modular,1,i,img/target_8.png
24,2,189,modular,0,p,img/target_10.png
24,2,190,modular,9,w,img/target_2.png
24,2,191,modular,0,p,img/target_10.png
24,2,192,modular,9,w,img/target_2.png
24,2,193,modular,0,p,img/target_10.png
24,2,194,modular,2,b,img/target_6.png
24,2,195,modular,3,q,img/target_1.png
24,2,196,modular,0,p,img/target_10.png
24,2,197,modular,1,i,img/target_8.png
24,2,198,modular,3,q,img/target_1.png
24,2,199,modular,4,u,img/target_7.png
24,2,200,modular,2,b,img/target_6.png
24,2,201,modular,4,u,img/target_7.png
24,2,202,modular,5,r,img/target_4.png
24,2,203,modular,4,u,img/target_7.png
24,2,204,modular,3,q,img/target_1.png
24,2,205,modular,0,p,img/target_10.png
24,2,206,modular,2,b,img/target_6.png
24,2,207,modular,1,i,img/target_8.png
24,2,208,modular,3,q,img/target_1.png
24,2,209,modular,2,b,img/target_6.png
24,2,210,modular,1,i,img/target_8.png
24,2,211,modular,0,p,img/target_10.png
24,2,212,modular,2,b,img/target_6.png
24,2,213,modular,0,p,img/target_10.png
24,2,214,modular,3,q,img/target_1.png
24,2,215,modular,1,i,img/target_8.png
24,2,216,modular,3,q,img/target_1.png
24,2,217,modular,2,b,img/target_6.png
24,2,218,modular,1,i,img/target_8.png
24,2,219,modular,0,p,img/target_10.png
24,2,220,modular,2,b,img/target_6.png
24,2,221,modular,0,p,img/target_10.png
24,2,222,modular,9,w,img/target_2.png
24,2,223,modular,7,e,img/target_3.png
24,2,224,modular,9,w,img/target_2.png
24,2,225,modular,7,e,img/target_3.png
24,2,226,modular,5,r,img/target_4.png
24,2,227,modular,6,v,img/target_5.png
24,2,228,modular,8,o,img/target_9.png
24,2,229,modular,6,v,img/target_5.png
24,2,230,modular,9,w,img/target_2.png
24,2,231,modular,6,v,img/target_5.png
24,2,232,modular,7,e,img/target_3.png
24,2,233,modular,9,w,img/target_2.png
24,2,234,modular,0,p,img/target_10.png
24,2,235,modular,9,w,img/target_2.png
24,2,236,modular,8,o,img/target_9.png
24,2,237,modular,5,r,img/target_4.png
24,2,238,modular,8,o,img/target_9.png
24,2,239,modular,9,w,img/target_2.png
24,2,240,modular,7,e,img/target_3.png
24,2,241,modular,8,o,img/target_9.png
24,2,242,modular,7,e,img/target_3.png
24,2,243,modular,8,o,img/target_9.png
24,2,244,modular,9,w,img/target_2.png
24,2,245,modular,8,o,img/target_9.png
24,2,246,modular,5,r,img/target_4.png
24,2,247,modular,8,o,img/target_9.png
24,2,248,modular,7,e,img/target_3.png
24,2,249,modular,5,r,img/target_4.png
24,2,250,modular,6,v,img/target_5.png
24,2,251,modular,5,r,img/target_4.png
24,2,252,modular,8,o,img/target_9.png
24,2,253,modular,7,e,img/target_3.png
24,2,254,modular,6,v,img/target_5.png
24,2,255,modular,8,o,img/target_9.png
24,2,256,modular,9,w,img/target_2.png
24,2,257,modular,6,v,img/target_5.png
24,2,258,modular,8,o,img/target_9.png
24,2,259,modular,6,v,img/target_5.png
24,2,260,modular,9,w,img/target_2.png
24,2,261,modular,6,v,img/target_5.png
24,2,262,modular,5,r,img/target_4.png
24,2,263,modular,4,u,img/target_7.png
24,2,264,modular,1,i,img/target_8.png
24,2,265,modular,2,b,img/target_6.png
24,2,266,modular,3,q,img/target_1.png
24,2,267,modular,0,p,img/target_10.png
24,2,268,modular,2,b,img/target_6.png
24,2,269,modular,0,p,img/target_10.png
24,2,270,modular,9,w,img/target_2.png
24,2,271,modular,6,v,img/target_5.png
24,2,272,modular,8,o,img/target_9.png
24,2,273,modular,6,v,img/target_5.png
24,2,274,modular,7,e,img/target_3.png
24,2,275,modular,8,o,img/target_9.png
24,2,276,modular,7,e,img/target_3.png
24,2,277,modular,5,r,img/target_4.png
24,2,278,modular,8,o,img/target_9.png
24,2,279,modular,5,r,img/target_4.png
24,2,280,modular,4,u,img/target_7.png
24,2,281,modular,1,i,img/target_8.png
24,2,282,modular,0,p,img/target_10.png
24,2,283,modular,2,b,img/target_6.png
24,2,284,modular,1,i,img/target_8.png
24,2,285,modular,3,q,img/target_1.png
24,2,286,modular,4,u,img/target_7.png
24,2,287,modular,5,r,img/target_4.png
24,2,288,modular,6,v,img/target_5.png
24,2,289,modular,8,o,img/target_9.png
24,2,290,modular,9,w,img/target_2.png
24,2,291,modular,0,p,img/target_10.png
24,2,292,modular,3,q,img/target_1.png
24,2,293,modular,1,i,img/target_8.png
24,2,294,modular,0,p,img/target_10.png
24,2,295,modular,9,w,img/target_2.png
24,2,296,modular,8,o,img/target_9.png
24,2,297,modular,7,e,img/target_3.png
24,2,298,modular,8,o,img/target_9.png
24,2,299,modular,9,w,img/target_2.png
24,2,300,modular,8,o,img/target_9.png
24,2,301,modular,9,w,img/target_2.png
24,2,302,modular,0,p,img/target_10.png
24,2,303,modular,1,i,img/target_8.png
24,2,304,modular,4,u,img/target_7.png
24,2,305,modular,2,b,img/target_6.png
24,2,306,modular,3,q,img/target_1.png
24,2,307,modular,2,b,img/target_6.png
24,2,308,modular,0,p,img/target_10.png
24,2,309,modular,1,i,img/target_8.png
24,2,310,modular,3,q,img/target_1.png
24,2,311,modular,4,u,img/target_7.png
24,2,312,modular,2,b,img/target_6.png
24,2,313,modular,0,p,img/target_10.png
24,2,314,modular,1,i,img/target_8.png
24,2,315,modular,3,q,img/target_1.png
24,2,316,modular,1,i,img/target_8.png
24,2,317,modular,4,u,img/target_7.png
24,2,318,modular,2,b,img/target_6.png
24,2,319,modular,0,p,img/target_10.png
24,2,320,modular,3,q,img/target_1.png
24,2,321,modular,1,i,img/target_8.png
24,2,322,modular,3,q,img/target_1.png
24,2,323,modular,0,p,img/target_10.png
24,2,324,modular,1,i,img/target_8.png
24,2,325,modular,4,u,img/target_7.png
24,2,326,modular,1,i,img/target_8.png
24,2,327,modular,0,p,img/target_10.png
24,2,328,modular,1,i,img/target_8.png
24,2,329,modular,2,b,img/target_6.png
24,2,330,modular,4,u,img/target_7.png
24,2,331,modular,1,i,img/target_8.png
24,2,332,modular,2,b,img/target_6.png
24,2,333,modular,3,q,img/target_1.png
24,2,334,modular,0,p,img/target_10.png
24,2,335,modular,1,i,img/target_8.png
24,2,336,modular,3,q,img/target_1.png
24,2,337,modular,2,b,img/target_6.png
24,2,338,modular,4,u,img/target_7.png
24,2,339,modular,1,i,img/target_8.png
24,2,340,modular,4,u,img/target_7.png
24,2,341,modular,1,i,img/target_8.png
24,2,342,modular,4,u,img/target_7.png
24,2,343,modular,5,r,img/target_4.png
24,2,344,modular,7,e,img/target_3.png
24,2,345,modular,9,w,img/target_2.png
24,2,346,modular,7,e,img/target_3.png
24,2,347,modular,5,r,img/target_4.png
24,2,348,modular,6,v,img/target_5.png
24,2,349,modular,7,e,img/target_3.png
24,2,350,modular,6,v,img/target_5.png
24,2,351,modular,9,w,img/target_2.png
24,2,352,modular,6,v,img/target_5.png
24,2,353,modular,5,r,img/target_4.png
24,2,354,modular,4,u,img/target_7.png
24,2,355,modular,3,q,img/target_1.png
24,2,356,modular,4,u,img/target_7.png
24,2,357,modular,2,b,img/target_6.png
24,2,358,modular,4,u,img/target_7.png
24,2,359,modular,2,b,img/target_6.png
24,2,360,modular,1,i,img/target_8.png
24,2,361,modular,0,p,img/target_10.png
24,2,362,modular,9,w,img/target_2.png
24,2,363,modular,6,v,img/target_5.png
24,2,364,modular,5,r,img/target_4.png
24,2,365,modular,7,e,img/target_3.png
24,2,366,modular,9,w,img/target_2.png
24,2,367,modular,7,e,img/target_3.png
24,2,368,modular,5,r,img/target_4.png
24,2,369,modular,7,e,img/target_3.png
24,2,370,modular,9,w,img/target_2.png
24,2,371,modular,6,v,img/target_5.png
24,2,372,modular,8,o,img/target_9.png
24,2,373,modular,7,e,img/target_3.png
24,2,374,modular,9,w,img/target_2.png
24,2,375,modular,8,o,img/target_9.png
24,2,376,modular,5,r,img/target_4.png
24,2,377,modular,6,v,img/target_5.png
24,2,378,modular,7,e,img/target_3.png
24,2,379,modular,9,w,img/target_2.png
24,2,380,modular,6,v,img/target_5.png
24,2,381,modular,5,r,img/target_4.png
24,2,382,modular,6,v,img/target_5.png
24,2,383,modular,5,r,img/target_4.png
24,2,384,modular,4,u,img/target_7.png
24,2,385,modular,3,q,img/target_1.png
24,2,386,modular,1,i,img/target_8.png
24,2,387,modular,2,b,img/target_6.png
24,2,388,modular,1,i,img/target_8.png
24,2,389,modular,0,p,img/target_10.png
24,2,390,modular,2,b,img/target_6.png
24,2,391,modular,3,q,img/target_1.png
24,2,392,modular,4,u,img/target_7.png
24,2,393,modular,2,b,img/target_6.png
24,2,394,modular,0,p,img/target_10.png
24,2,395,modular,1,i,img/target_8.png
24,2,396,modular,2,b,img/target_6.png
24,2,397,modular,0,p,img/target_10.png
24,2,398,modular,9,w,img/target_2.png
24,2,399,modular,0,p,img/target_10.png
24,2,400,modular,3,q,img/target_1.png
24,2,401,modular,2,b,img/target_6.png
24,2,402,modular,4,u,img/target_7.png
24,2,403,modular,2,b,img/target_6.png
24,2,404,modular,0,p,img/target_10.png
24,2,405,modular,2,b,img/target_6.png
24,2,406,modular,0,p,img/target_10.png
24,2,407,modular,3,q,img/target_1.png
24,2,408,modular,1,i,img/target_8.png
24,2,409,modular,0,p,img/target_10.png
24,2,410,modular,1,i,img/target_8.png
24,2,411,modular,4,u,img/target_7.png
24,2,412,modular,1,i,img/target_8.png
24,2,413,modular,4,u,img/target_7.png
24,2,414,modular,5,r,img/target_4.png
24,2,415,modular,6,v,img/target_5.png
24,2,416,modular,5,r,img/target_4.png
24,2,417,modular,7,e,img/target_3.png
24,2,418,modular,6,v,img/target_5.png
24,2,419,modular,5,r,img/target_4.png
24,2,420,modular,7,e,img/target_3.png
24,2,421,modular,9,w,img/target_2.png
24,2,422,modular,7,e,img/target_3.png
24,2,423,modular,8,o,img/target_9.png
24,2,424,modular,6,v,img/target_5.png
24,2,425,modular,8,o,img/target_9.png
24,2,426,modular,7,e,img/target_3.png
24,2,427,modular,8,o,img/target_9.png
24,2,428,modular,9,w,img/target_2.png
24,2,429,modular,7,e,img/target_3.png
24,2,430,modular,5,r,img/target_4.png
24,2,431,modular,7,e,img/target_3.png
24,2,432,modular,8,o,img/target_9.png
24,2,433,modular,9,w,img/target_2.png
24,2,434,modular,7,e,img/target_3.png
24,2,435,modular,8,o,img/target_9.png
24,2,436,modular,6,v,img/target_5.png
24,2,437,modular,7,e,img/target_3.png
24,2,438,modular,8,o,img/target_9.png
24,2,439,modular,9,w,img/target_2.png
24,2,440,modular,0,p,img/target_10.png
24,2,441,modular,1,i,img/target_8.png
24,2,442,modular,3,q,img/target_1.png
24,2,443,modular,0,p,img/target_10.png
24,2,444,modular,9,w,img/target_2.png
24,2,445,modular,8,o,img/target_9.png
24,2,446,modular,7,e,img/target_3.png
24,2,447,modular,8,o,img/target_9.png
24,2,448,modular,5,r,img/target_4.png
24,2,449,modular,7,e,img/target_3.png
24,2,450,modular,9,w,img/target_2.png
24,2,451,modular,6,v,img/target_5.png
24,2,452,modular,8,o,img/target_9.png
24,2,453,modular,7,e,img/target_3.png
24,2,454,modular,6,v,img/target_5.png
24,2,455,modular,9,w,img/target_2.png
24,2,456,modular,8,o,img/target_9.png
24,2,457,modular,6,v,img/target_5.png
24,2,458,modular,9,w,img/target_2.png
24,2,459,modular,0,p,img/target_10.png
24,2,460,modular,3,q,img/target_1.png
24,2,461,modular,1,i,img/target_8.png
24,2,462,modular,0,p,img/target_10.png
24,2,463,modular,1,i,img/target_8.png
24,2,464,modular,0,p,img/target_10.png
24,2,465,modular,2,b,img/target_6.png
24,2,466,modular,4,u,img/target_7.png
24,2,467,modular,1,i,img/target_8.png
24,2,468,modular,2,b,img/target_6.png
24,2,469,modular,4,u,img/target_7.png
24,2,470,modular,5,r,img/target_4.png
24,2,471,modular,8,o,img/target_9.png
24,2,472,modular,7,e,img/target_3.png
24,2,473,modular,9,w,img/target_2.png
24,2,474,modular,0,p,img/target_10.png
24,2,475,modular,3,q,img/target_1.png
24,2,476,modular,2,b,img/target_6.png
24,2,477,modular,1,i,img/target_8.png
24,2,478,modular,3,q,img/target_1.png
24,2,479,modular,4,u,img/target_7.png
24,2,480,modular,1,i,img/target_8.png
24,2,481,modular,3,q,img/target_1.png
24,2,482,modular,0,p,img/target_10.png
24,2,483,modular,9,w,img/target_2.png
24,2,484,modular,6,v,img/target_5.png
24,2,485,modular,8,o,img/target_9.png
24,2,486,modular,7,e,img/target_3.png
24,2,487,modular,6,v,img/target_5.png
24,2,488,modular,8,o,img/target_9.png
24,2,489,modular,7,e,img/target_3.png
24,2,490,modular,8,o,img/target_9.png
24,2,491,modular,6,v,img/target_5.png
24,2,492,modular,5,r,img/target_4.png
24,2,493,modular,4,u,img/target_7.png
24,2,494,modular,3,q,img/target_1.png
24,2,495,modular,4,u,img/target_7.png
24,2,496,modular,2,b,img/target_6.png
24,2,497,modular,3,q,img/target_1.png
24,2,498,modular,0,p,img/target_10.png
24,2,499,modular,1,i,img/target_8.png
24,2,500,modular,4,u,img/target_7.png
24,2,501,modular,3,q,img/target_1.png
24,2,502,modular,4,u,img/target_7.png
24,2,503,modular,3,q,img/target_1.png
24,2,504,modular,4,u,img/target_7.png
24,2,505,modular,2,b,img/target_6.png
24,2,506,modular,1,i,img/target_8.png
24,2,507,modular,4,u,img/target_7.png
24,2,508,modular,5,r,img/target_4.png
24,2,509,modular,6,v,img/target_5.png
24,2,510,modular,7,e,img/target_3.png
24,2,511,modular,6,v,img/target_5.png
24,2,512,modular,9,w,img/target_2.png
24,2,513,modular,6,v,img/target_5.png
24,2,514,modular,8,o,img/target_9.png
24,2,515,modular,6,v,img/target_5.png
24,2,516,modular,7,e,img/target_3.png
24,2,517,modular,9,w,img/target_2.png
24,2,518,modular,8,o,img/target_9.png
24,2,519,modular,6,v,img/target_5.png
24,2,520,modular,7,e,img/target_3.png
24,2,521,modular,5,r,img/target_4.png
24,2,522,modular,4,u,img/target_7.png
24,2,523,modular,3,q,img/target_1.png
24,2,524,modular,0,p,img/target_10.png
24,2,525,modular,3,q,img/target_1.png
24,2,526,modular,2,b,img/target_6.png
24,2,527,modular,3,q,img/target_1.png
24,2,528,modular,4,u,img/target_7.png
24,2,529,modular,2,b,img/target_6.png
24,2,530,modular,1,i,img/target_8.png
24,2,531,modular,3,q,img/target_1.png
24,2,532,modular,0,p,img/target_10.png
24,2,533,modular,9,w,img/target_2.png
24,2,534,modular,8,o,img/target_9.png
24,2,535,modular,9,w,img/target_2.png
24,2,536,modular,8,o,img/target_9.png
24,2,537,modular,5,r,img/target_4.png
24,2,538,modular,7,e,img/target_3.png
24,2,539,modular,6,v,img/target_5.png
24,2,540,modular,8,o,img/target_9.png
24,2,541,modular,7,e,img/target_3.png
24,2,542,modular,5,r,img/target_4.png
24,2,543,modular,4,u,img/target_7.png
24,2,544,modular,1,i,img/target_8.png
24,2,545,modular,4,u,img/target_7.png
24,2,546,modular,2,b,img/target_6.png
24,2,547,modular,1,i,img/target_8.png
24,2,548,modular,4,u,img/target_7.png
24,2,549,modular,5,r,img/target_4.png
24,2,550,modular,8,o,img/target_9.png
24,2,551,modular,9,w,img/target_2.png
24,2,552,modular,8,o,img/target_9.png
24,2,553,modular,5,r,img/target_4.png
24,2,554,modular,4,u,img/target_7.png
24,2,555,modular,3,q,img/target_1.png
24,2,556,modular,2,b,img/target_6.png
24,2,557,modular,3,q,img/target_1.png
24,2,558,modular,2,b,img/target_6.png
24,2,559,modular,1,i,img/target_8.png
24,2,560,modular,3,q,img/target_1.png
24,2,561,modular,0,p,img/target_10.png
24,2,562,modular,1,i,img/target_8.png
24,2,563,modular,3,q,img/target_1.png
24,2,564,modular,0,p,img/target_10.png
24,2,565,modular,3,q,img/target_1.png
24,2,566,modular,0,p,img/target_10.png
24,2,567,modular,9,w,img/target_2.png
24,2,568,modular,6,v,img/target_5.png
24,2,569,modular,7,e,img/target_3.png
24,2,570,modular,5,r,img/target_4.png
24,2,571,modular,6,v,img/target_5.png
24,2,572,modular,8,o,img/target_9.png
24,2,573,modular,5,r,img/target_4.png
24,2,574,modular,7,e,img/target_3.png
24,2,575,modular,6,v,img/target_5.png
24,2,576,modular,5,r,img/target_4.png
24,2,577,modular,8,o,img/target_9.png
24,2,578,modular,7,e,img/target_3.png
24,2,579,modular,5,r,img/target_4.png
24,2,580,modular,7,e,img/target_3.png
24,2,581,modular,6,v,img/target_5.png
24,2,582,modular,7,e,img/target_3.png
24,2,583,modular,5,r,img/target_4.png
24,2,584,modular,7,e,img/target_3.png
24,2,585,modular,8,o,img/target_9.png
24,2,586,modular,5,r,img/target_4.png
24,2,587,modular,4,u,img/target_7.png
24,2,588,modular,5,r,img/target_4.png
24,2,589,modular,6,v,img/target_5.png
24,2,590,modular,7,e,img/target_3.png
24,2,591,modular,9,w,img/target_2.png
24,2,592,modular,8,o,img/target_9.png
24,2,593,modular,6,v,img/target_5.png
24,2,594,modular,9,w,img/target_2.png
24,2,595,modular,7,e,img/target_3.png
24,2,596,modular,5,r,img/target_4.png
24,2,597,modular,6,v,img/target_5.png
24,2,598,modular,8,o,img/target_9.png
24,2,599,modular,7,e,img/target_3.png
24,2,600,modular,9,w,img/target_2.png
24,2,601,modular,8,o,img/target_9.png
24,2,602,modular,5,r,img/target_4.png
24,2,603,modular,7,e,img/target_3.png
24,2,604,modular,5,r,img/target_4.png
24,2,605,modular,6,v,img/target_5.png
24,2,606,modular,9,w,img/target_2.png
24,2,607,modular,8,o,img/target_9.png
24,2,608,modular,9,w,img/target_2.png
24,2,609,modular,6,v,img/target_5.png
24,2,610,modular,8,o,img/target_9.png
24,2,611,modular,7,e,img/target_3.png
24,2,612,modular,9,w,img/target_2.png
24,2,613,modular,0,p,img/target_10.png
24,2,614,modular,1,i,img/target_8.png
24,2,615,modular,0,p,img/target_10.png
24,2,616,modular,1,i,img/target_8.png
24,2,617,modular,3,q,img/target_1.png
24,2,618,modular,4,u,img/target_7.png
24,2,619,modular,2,b,img/target_6.png
24,2,620,modular,3,q,img/target_1.png
24,2,621,modular,2,b,img/target_6.png
24,2,622,modular,1,i,img/target_8.png
24,2,623,modular,3,q,img/target_1.png
24,2,624,modular,0,p,img/target_10.png
24,2,625,modular,1,i,img/target_8.png
24,2,626,modular,4,u,img/target_7.png
24,2,627,modular,1,i,img/target_8.png
24,2,628,modular,0,p,img/target_10.png
24,2,629,modular,9,w,img/target_2.png
24,2,630,modular,0,p,img/target_10.png
24,2,631,modular,2,b,img/target_6.png
24,2,632,modular,1,i,img/target_8.png
24,2,633,modular,2,b,img/target_6.png
24,2,634,modular,4,u,img/target_7.png
24,2,635,modular,5,r,img/target_4.png
24,2,636,modular,7,e,img/target_3.png
24,2,637,modular,5,r,img/target_4.png
24,2,638,modular,7,e,img/target_3.png
24,2,639,modular,6,v,img/target_5.png
24,2,640,modular,7,e,img/target_3.png
24,2,641,modular,6,v,img/target_5.png
24,2,642,modular,5,r,img/target_4.png
24,2,643,modular,4,u,img/target_7.png
24,2,644,modular,1,i,img/target_8.png
24,2,645,modular,3,q,img/target_1.png
24,2,646,modular,4,u,img/target_7.png
24,2,647,modular,2,b,img/target_6.png
24,2,648,modular,1,i,img/target_8.png
24,2,649,modular,3,q,img/target_1.png
24,2,650,modular,4,u,img/target_7.png
24,2,651,modular,3,q,img/target_1.png
24,2,652,modular,0,p,img/target_10.png
24,2,653,modular,3,q,img/target_1.png
24,2,654,modular,1,i,img/target_8.png
24,2,655,modular,4,u,img/target_7.png
24,2,656,modular,1,i,img/target_8.png
24,2,657,modular,3,q,img/target_1.png
24,2,658,modular,0,p,img/target_10.png
24,2,659,modular,2,b,img/target_6.png
24,2,660,modular,0,p,img/target_10.png
24,2,661,modular,9,w,img/target_2.png
24,2,662,modular,7,e,img/target_3.png
24,2,663,modular,8,o,img/target_9.png
24,2,664,modular,7,e,img/target_3.png
24,2,665,modular,6,v,img/target_5.png
24,2,666,modular,8,o,img/target_9.png
24,2,667,modular,5,r,img/target_4.png
24,2,668,modular,4,u,img/target_7.png
24,2,669,modular,2,b,img/target_6.png
24,2,670,modular,1,i,img/target_8.png
24,2,671,modular,0,p,img/target_10.png
24,2,672,modular,3,q,img/target_1.png
24,2,673,modular,2,b,img/target_6.png
24,2,674,modular,0,p,img/target_10.png
24,2,675,modular,1,i,img/target_8.png
24,2,676,modular,2,b,img/target_6.png
24,2,677,modular,1,i,img/target_8.png
24,2,678,modular,4,u,img/target_7.png
24,2,679,modular,2,b,img/target_6.png
24,2,680,modular,0,p,img/target_10.png
24,2,681,modular,3,q,img/target_1.png
24,2,682,modular,2,b,img/target_6.png
24,2,683,modular,4,u,img/target_7.png
24,2,684,modular,5,r,img/target_4.png
24,2,685,modular,7,e,img/target_3.png
24,2,686,modular,8,o,img/target_9.png
24,2,687,modular,9,w,img/target_2.png
24,2,688,modular,8,o,img/target_9.png
24,2,689,modular,6,v,img/target_5.png
24,2,690,modular,5,r,img/target_4.png
24,2,691,modular,7,e,img/target_3.png
24,2,692,modular,9,w,img/target_2.png
24,2,693,modular,8,o,img/target_9.png
24,2,694,modular,7,e,img/target_3.png
24,2,695,modular,9,w,img/target_2.png
24,2,696,modular,6,v,img/target_5.png
24,2,697,modular,5,r,img/target_4.png
24,2,698,modular,7,e,img/target_3.png
24,2,699,modular,5,r,img/target_4.png
24,2,700,modular,7,e,img/target_3.png
24,2,701,modular,6,v,img/target_5.png
24,2,702,modular,8,o,img/target_9.png
24,2,703,modular,6,v,img/target_5.png
24,2,704,modular,5,r,img/target_4.png
24,2,705,modular,4,u,img/target_7.png
24,2,706,modular,1,i,img/target_8.png
24,2,707,modular,2,b,img/target_6.png
24,2,708,modular,0,p,img/target_10.png
24,2,709,modular,3,q,img/target_1.png
24,2,710,modular,4,u,img/target_7.png
24,2,711,modular,1,i,img/target_8.png
24,2,712,modular,3,q,img/target_1.png
24,2,713,modular,2,b,img/target_6.png
24,2,714,modular,4,u,img/target_7.png
24,2,715,modular,5,r,img/target_4.png
24,2,716,modular,6,v,img/target_5.png
24,2,717,modular,7,e,img/target_3.png
24,2,718,modular,8,o,img/target_9.png
24,2,719,modular,6,v,img/target_5.png
24,2,720,modular,5,r,img/target_4.png
24,2,721,modular,6,v,img/target_5.png
24,2,722,modular,7,e,img/target_3.png
24,2,723,modular,8,o,img/target_9.png
24,2,724,modular,7,e,img/target_3.png
24,2,725,modular,8,o,img/target_9.png
24,2,726,modular,9,w,img/target_2.png
24,2,727,modular,6,v,img/target_5.png
24,2,728,modular,7,e,img/target_3.png
24,2,729,modular,9,w,img/target_2.png
24,2,730,modular,7,e,img/target_3.png
24,2,731,modular,6,v,img/target_5.png
24,2,732,modular,5,r,img/target_4.png
24,2,733,modular,7,e,img/target_3.png
24,2,734,modular,9,w,img/target_2.png
24,2,735,modular,7,e,img/target_3.png
24,2,736,modular,8,o,img/target_9.png
24,2,737,modular,7,e,img/target_3.png
24,2,738,modular,8,o,img/target_9.png
24,2,739,modular,5,r,img/target_4.png
24,2,740,modular,4,u,img/target_7.png
24,2,741,modular,2,b,img/target_6.png
24,2,742,modular,4,u,img/target_7.png
24,2,743,modular,2,b,img/target_6.png
24,2,744,modular,4,u,img/target_7.png
24,2,745,modular,1,i,img/target_8.png
24,2,746,modular,2,b,img/target_6.png
24,2,747,modular,0,p,img/target_10.png
24,2,748,modular,1,i,img/target_8.png
24,2,749,modular,2,b,img/target_6.png
24,2,750,modular,4,u,img/target_7.png
24,2,751,modular,1,i,img/target_8.png
24,2,752,modular,2,b,img/target_6.png
24,2,753,modular,4,u,img/target_7.png
24,2,754,modular,3,q,img/target_1.png
24,2,755,modular,1,i,img/target_8.png
24,2,756,modular,3,q,img/target_1.png
24,2,757,modular,2,b,img/target_6.png
24,2,758,modular,1,i,img/target_8.png
24,2,759,modular,4,u,img/target_7.png
24,2,760,modular,3,q,img/target_1.png
24,2,761,modular,1,i,img/target_8.png
24,2,762,modular,4,u,img/target_7.png
24,2,763,modular,5,r,img/target_4.png
24,2,764,modular,6,v,img/target_5.png
24,2,765,modular,9,w,img/target_2.png
24,2,766,modular,6,v,img/target_5.png
24,2,767,modular,8,o,img/target_9.png
24,2,768,modular,6,v,img/target_5.png
24,2,769,modular,8,o,img/target_9.png
24,2,770,modular,6,v,img/target_5.png
24,2,771,modular,7,e,img/target_3.png
24,2,772,modular,9,w,img/target_2.png
24,2,773,modular,7,e,img/target_3.png
24,2,774,modular,5,r,img/target_4.png
24,2,775,modular,6,v,img/target_5.png
24,2,776,modular,7,e,img/target_3.png
24,2,777,modular,9,w,img/target_2.png
24,2,778,modular,0,p,img/target_10.png
24,2,779,modular,2,b,img/target_6.png
24,2,780,modular,1,i,img/target_8.png
24,2,781,modular,3,q,img/target_1.png
24,2,782,modular,4,u,img/target_7.png
24,2,783,modular,3,q,img/target_1.png
24,2,784,modular,1,i,img/target_8.png
24,2,785,modular,3,q,img/target_1.png
24,2,786,modular,0,p,img/target_10.png
24,2,787,modular,2,b,img/target_6.png
24,2,788,modular,3,q,img/target_1.png
24,2,789,modular,4,u,img/target_7.png
24,2,790,modular,5,r,img/target_4.png
24,2,791,modular,6,v,img/target_5.png
24,2,792,modular,7,e,img/target_3.png
24,2,793,modular,6,v,img/target_5.png
24,2,794,modular,5,r,img/target_4.png
24,2,795,modular,6,v,img/target_5.png
24,2,796,modular,5,r,img/target_4.png
24,2,797,modular,7,e,img/target_3.png
24,2,798,modular,9,w,img/target_2.png
24,2,799,modular,6,v,img/target_5.png
24,2,800,modular,8,o,img/target_9.png
24,2,801,modular,7,e,img/target_3.png
24,2,802,modular,9,w,img/target_2.png
24,2,803,modular,7,e,img/target_3.png
24,2,804,modular,5,r,img/target_4.png
24,2,805,modular,6,v,img/target_5.png
24,2,806,modular,7,e,img/target_3.png
24,2,807,modular,6,v,img/target_5.png
24,2,808,modular,8,o,img/target_9.png
24,2,809,modular,9,w,img/target_2.png
24,2,810,modular,8,o,img/target_9.png
24,2,811,modular,7,e,img/target_3.png
24,2,812,modular,5,r,img/target_4.png
24,2,813,modular,8,o,img/target_9.png
24,2,814,modular,5,r,img/target_4.png
24,2,815,modular,8,o,img/target_9.png
24,2,816,modular,5,r,img/target_4.png
24,2,817,modular,7,e,img/target_3.png
24,2,818,modular,8,o,img/target_9.png
24,2,819,modular,6,v,img/target_5.png
24,2,820,modular,8,o,img/target_9.png
24,2,821,modular,7,e,img/target_3.png
24,2,822,modular,6,v,img/target_5.png
24,2,823,modular,5,r,img/target_4.png
24,2,824,modular,8,o,img/target_9.png
24,2,825,modular,9,w,img/target_2.png
24,2,826,modular,6,v,img/target_5.png
24,2,827,modular,9,w,img/target_2.png
24,2,828,modular,6,v,img/target_5.png
24,2,829,modular,9,w,img/target_2.png
24,2,830,modular,6,v,img/target_5.png
24,2,831,modular,8,o,img/target_9.png
24,2,832,modular,9,w,img/target_2.png
24,2,833,modular,0,p,img/target_10.png
24,2,834,modular,9,w,img/target_2.png
24,2,835,modular,7,e,img/target_3.png
24,2,836,modular,6,v,img/target_5.png
24,2,837,modular,8,o,img/target_9.png
24,2,838,modular,6,v,img/target_5.png
24,2,839,modular,7,e,img/target_3.png
24,2,840,modular,8,o,img/target_9.png
24,2,841,modular,6,v,img/target_5.png
24,2,842,modular,9,w,img/target_2.png
24,2,843,modular,6,v,img/target_5.png
24,2,844,modular,5,r,img/target_4.png
24,2,845,modular,4,u,img/target_7.png
24,2,846,modular,5,r,img/target_4.png
24,2,847,modular,7,e,img/target_3.png
24,2,848,modular,5,r,img/target_4.png
24,2,849,modular,8,o,img/target_9.png
24,2,850,modular,5,r,img/target_4.png
24,2,851,modular,8,o,img/target_9.png
24,2,852,modular,9,w,img/target_2.png
24,2,853,modular,6,v,img/target_5.png
24,2,854,modular,7,e,img/target_3.png
24,2,855,modular,8,o,img/target_9.png
24,2,856,modular,7,e,img/target_3.png
24,2,857,modular,9,w,img/target_2.png
24,2,858,modular,0,p,img/target_10.png
24,2,859,modular,9,w,img/target_2.png
24,2,860,modular,0,p,img/target_10.png
24,2,861,modular,1,i,img/target_8.png
24,2,862,modular,4,u,img/target_7.png
24,2,863,modular,5,r,img/target_4.png
24,2,864,modular,6,v,img/target_5.png
24,2,865,modular,5,r,img/target_4.png
24,2,866,modular,8,o,img/target_9.png
24,2,867,modular,7,e,img/target_3.png
24,2,868,modular,9,w,img/target_2.png
24,2,869,modular,7,e,img/target_3.png
24,2,870,modular,9,w,img/target_2.png
24,2,871,modular,8,o,img/target_9.png
24,2,872,modular,5,r,img/target_4.png
24,2,873,modular,7,e,img/target_3.png
24,2,874,modular,6,v,img/target_5.png
24,2,875,modular,8,o,img/target_9.png
24,2,876,modular,7,e,img/target_3.png
24,2,877,modular,9,w,img/target_2.png
24,2,878,modular,7,e,img/target_3.png
24,2,879,modular,5,r,img/target_4.png
24,2,880,modular,4,u,img/target_7.png
24,2,881,modular,2,b,img/target_6.png
24,2,882,modular,1,i,img/target_8.png
24,2,883,modular,2,b,img/target_6.png
24,2,884,modular,3,q,img/target_1.png
24,2,885,modular,2,b,img/target_6.png
24,2,886,modular,1,i,img/target_8.png
24,2,887,modular,3,q,img/target_1.png
24,2,888,modular,1,i,img/target_8.png
24,2,889,modular,3,q,img/target_1.png
24,2,890,modular,2,b,img/target_6.png
24,2,891,modular,0,p,img/target_10.png
24,2,892,modular,9,w,img/target_2.png
24,2,893,modular,7,e,img/target_3.png
24,2,894,modular,6,v,img/target_5.png
24,2,895,modular,9,w,img/target_2.png
24,2,896,modular,0,p,img/target_10.png
24,2,897,modular,3,q,img/target_1.png
24,2,898,modular,1,i,img/target_8.png
24,2,899,modular,0,p,img/target_10.png
24,2,900,modular,2,b,img/target_6.png
24,2,901,modular,4,u,img/target_7.png
24,2,902,modular,2,b,img/target_6.png
24,2,903,modular,0,p,img/target_10.png
24,2,904,modular,2,b,img/target_6.png
24,2,905,modular,4,u,img/target_7.png
24,2,906,modular,3,q,img/target_1.png
24,2,907,modular,1,i,img/target_8.png
24,2,908,modular,2,b,img/target_6.png
24,2,909,modular,3,q,img/target_1.png
24,2,910,modular,1,i,img/target_8.png
24,2,911,modular,0,p,img/target_10.png
24,2,912,modular,9,w,img/target_2.png
24,2,913,modular,7,e,img/target_3.png
24,2,914,modular,6,v,img/target_5.png
24,2,915,modular,8,o,img/target_9.png
24,2,916,modular,9,w,img/target_2.png
24,2,917,modular,0,p,img/target_10.png
24,2,918,modular,2,b,img/target_6.png
24,2,919,modular,1,i,img/target_8.png
24,2,920,modular,0,p,img/target_10.png
24,2,921,modular,2,b,img/target_6.png
24,2,922,modular,3,q,img/target_1.png
24,2,923,modular,1,i,img/target_8.png
24,2,924,modular,4,u,img/target_7.png
24,2,925,modular,3,q,img/target_1.png
24,2,926,modular,4,u,img/target_7.png
24,2,927,modular,2,b,img/target_6.png
24,2,928,modular,3,q,img/target_1.png
24,2,929,modular,2,b,img/target_6.png
24,2,930,modular,4,u,img/target_7.png
24,2,931,modular,3,q,img/target_1.png
24,2,932,modular,1,i,img/target_8.png
24,2,933,modular,0,p,img/target_10.png
24,2,934,modular,2,b,img/target_6.png
24,2,935,modular,0,p,img/target_10.png
24,2,936,modular,3,q,img/target_1.png
24,2,937,modular,1,i,img/target_8.png
24,2,938,modular,3,q,img/target_1.png
24,2,939,modular,4,u,img/target_7.png
24,2,940,modular,2,b,img/target_6.png
24,2,941,modular,4,u,img/target_7.png
24,2,942,modular,5,r,img/target_4.png
24,2,943,modular,4,u,img/target_7.png
24,2,944,modular,5,r,img/target_4.png
24,2,945,modular,6,v,img/target_5.png
24,2,946,modular,8,o,img/target_9.png
24,2,947,modular,5,r,img/target_4.png
24,2,948,modular,8,o,img/target_9.png
24,2,949,modular,7,e,img/target_3.png
24,2,950,modular,5,r,img/target_4.png
24,2,951,modular,4,u,img/target_7.png
24,2,952,modular,3,q,img/target_1.png
24,2,953,modular,4,u,img/target_7.png
24,2,954,modular,1,i,img/target_8.png
24,2,955,modular,0,p,img/target_10.png
24,2,956,modular,1,i,img/target_8.png
24,2,957,modular,2,b,img/target_6.png
24,2,958,modular,0,p,img/target_10.png
24,2,959,modular,3,q,img/target_1.png
24,2,960,modular,2,b,img/target_6.png
24,2,961,modular,0,p,img/target_10.png
24,2,962,modular,3,q,img/target_1.png
24,2,963,modular,1,i,img/target_8.png
24,2,964,modular,4,u,img/target_7.png
24,2,965,modular,3,q,img/target_1.png
24,2,966,modular,2,b,img/target_6.png
24,2,967,modular,4,u,img/target_7.png
24,2,968,modular,5,r,img/target_4.png
24,2,969,modular,8,o,img/target_9.png
24,2,970,modular,7,e,img/target_3.png
24,2,971,modular,5,r,img/target_4.png
24,2,972,modular,6,v,img/target_5.png
24,2,973,modular,5,r,img/target_4.png
24,2,974,modular,4,u,img/target_7.png
24,2,975,modular,1,i,img/target_8.png
24,2,976,modular,0,p,img/target_10.png
24,2,977,modular,9,w,img/target_2.png
24,2,978,modular,7,e,img/target_3.png
24,2,979,modular,6,v,img/target_5.png
24,2,980,modular,8,o,img/target_9.png
24,2,981,modular,5,r,img/target_4.png
24,2,982,modular,6,v,img/target_5.png
24,2,983,modular,9,w,img/target_2.png
24,2,984,modular,0,p,img/target_10.png
24,2,985,modular,1,i,img/target_8.png
24,2,986,modular,3,q,img/target_1.png
24,2,987,modular,1,i,img/target_8.png
24,2,988,modular,0,p,img/target_10.png
24,2,989,modular,2,b,img/target_6.png
24,2,990,modular,1,i,img/target_8.png
24,2,991,modular,4,u,img/target_7.png
24,2,992,modular,2,b,img/target_6.png
24,2,993,modular,4,u,img/target_7.png
24,2,994,modular,3,q,img/target_1.png
24,2,995,modular,1,i,img/target_8.png
24,2,996,modular,3,q,img/target_1.png
24,2,997,modular,2,b,img/target_6.png
24,2,998,modular,3,q,img/target_1.png
24,2,999,modular,1,i,img/target_8.png
24,2,1000,modular,2,b,img/target_6.png
