pID,sess,trialNum,graph,walk,resp,path
11,2,1,lattice,9,v,img/target_5.png
11,2,2,lattice,8,i,img/target_8.png
11,2,3,lattice,7,r,img/target_4.png
11,2,4,lattice,9,v,img/target_5.png
11,2,5,lattice,7,r,img/target_4.png
11,2,6,lattice,9,v,img/target_5.png
11,2,7,lattice,7,r,img/target_4.png
11,2,8,lattice,6,b,img/target_6.png
11,2,9,lattice,8,i,img/target_8.png
11,2,10,lattice,6,b,img/target_6.png
11,2,11,lattice,7,r,img/target_4.png
11,2,12,lattice,6,b,img/target_6.png
11,2,13,lattice,8,i,img/target_8.png
11,2,14,lattice,7,r,img/target_4.png
11,2,15,lattice,8,i,img/target_8.png
11,2,16,lattice,0,e,img/target_3.png
11,2,17,lattice,8,i,img/target_8.png
11,2,18,lattice,0,e,img/target_3.png
11,2,19,lattice,9,v,img/target_5.png
11,2,20,lattice,8,i,img/target_8.png
11,2,21,lattice,0,e,img/target_3.png
11,2,22,lattice,8,i,img/target_8.png
11,2,23,lattice,9,v,img/target_5.png
11,2,24,lattice,0,e,img/target_3.png
11,2,25,lattice,2,o,img/target_9.png
11,2,26,lattice,4,p,img/target_10.png
11,2,27,lattice,5,u,img/target_7.png
11,2,28,lattice,7,r,img/target_4.png
11,2,29,lattice,8,i,img/target_8.png
11,2,30,lattice,9,v,img/target_5.png
11,2,31,lattice,1,q,img/target_1.png
11,2,32,lattice,2,o,img/target_9.png
11,2,33,lattice,1,q,img/target_1.png
11,2,34,lattice,3,w,img/target_2.png
11,2,35,lattice,5,u,img/target_7.png
11,2,36,lattice,4,p,img/target_10.png
11,2,37,lattice,2,o,img/target_9.png
11,2,38,lattice,4,p,img/target_10.png
11,2,39,lattice,3,w,img/target_2.png
11,2,40,lattice,4,p,img/target_10.png
11,2,41,lattice,6,b,img/target_6.png
11,2,42,lattice,4,p,img/target_10.png
11,2,43,lattice,2,o,img/target_9.png
11,2,44,lattice,1,q,img/target_1.png
11,2,45,lattice,9,v,img/target_5.png
11,2,46,lattice,1,q,img/target_1.png
11,2,47,lattice,3,w,img/target_2.png
11,2,48,lattice,4,p,img/target_10.png
11,2,49,lattice,3,w,img/target_2.png
11,2,50,lattice,2,o,img/target_9.png
11,2,51,lattice,1,q,img/target_1.png
11,2,52,lattice,9,v,img/target_5.png
11,2,53,lattice,1,q,img/target_1.png
11,2,54,lattice,9,v,img/target_5.png
11,2,55,lattice,8,i,img/target_8.png
11,2,56,lattice,0,e,img/target_3.png
11,2,57,lattice,9,v,img/target_5.png
11,2,58,lattice,7,r,img/target_4.png
11,2,59,lattice,8,i,img/target_8.png
11,2,60,lattice,9,v,img/target_5.png
11,2,61,lattice,7,r,img/target_4.png
11,2,62,lattice,9,v,img/target_5.png
11,2,63,lattice,0,e,img/target_3.png
11,2,64,lattice,8,i,img/target_8.png
11,2,65,lattice,6,b,img/target_6.png
11,2,66,lattice,4,p,img/target_10.png
11,2,67,lattice,6,b,img/target_6.png
11,2,68,lattice,4,p,img/target_10.png
11,2,69,lattice,3,w,img/target_2.png
11,2,70,lattice,2,o,img/target_9.png
11,2,71,lattice,4,p,img/target_10.png
11,2,72,lattice,2,o,img/target_9.png
11,2,73,lattice,3,w,img/target_2.png
11,2,74,lattice,2,o,img/target_9.png
11,2,75,lattice,4,p,img/target_10.png
11,2,76,lattice,6,b,img/target_6.png
11,2,77,lattice,4,p,img/target_10.png
11,2,78,lattice,2,o,img/target_9.png
11,2,79,lattice,3,w,img/target_2.png
11,2,80,lattice,5,u,img/target_7.png
11,2,81,lattice,6,b,img/target_6.png
11,2,82,lattice,8,i,img/target_8.png
11,2,83,lattice,7,r,img/target_4.png
11,2,84,lattice,9,v,img/target_5.png
11,2,85,lattice,8,i,img/target_8.png
11,2,86,lattice,9,v,img/target_5.png
11,2,87,lattice,8,i,img/target_8.png
11,2,88,lattice,0,e,img/target_3.png
11,2,89,lattice,2,o,img/target_9.png
11,2,90,lattice,1,q,img/target_1.png
11,2,91,lattice,9,v,img/target_5.png
11,2,92,lattice,0,e,img/target_3.png
11,2,93,lattice,1,q,img/target_1.png
11,2,94,lattice,9,v,img/target_5.png
11,2,95,lattice,1,q,img/target_1.png
11,2,96,lattice,3,w,img/target_2.png
11,2,97,lattice,1,q,img/target_1.png
11,2,98,lattice,0,e,img/target_3.png
11,2,99,lattice,2,o,img/target_9.png
11,2,100,lattice,3,w,img/target_2.png
11,2,101,lattice,4,p,img/target_10.png
11,2,102,lattice,6,b,img/target_6.png
11,2,103,lattice,8,i,img/target_8.png
11,2,104,lattice,9,v,img/target_5.png
11,2,105,lattice,1,q,img/target_1.png
11,2,106,lattice,3,w,img/target_2.png
11,2,107,lattice,5,u,img/target_7.png
11,2,108,lattice,3,w,img/target_2.png
11,2,109,lattice,2,o,img/target_9.png
11,2,110,lattice,4,p,img/target_10.png
11,2,111,lattice,6,b,img/target_6.png
11,2,112,lattice,5,u,img/target_7.png
11,2,113,lattice,4,p,img/target_10.png
11,2,114,lattice,3,w,img/target_2.png
11,2,115,lattice,2,o,img/target_9.png
11,2,116,lattice,0,e,img/target_3.png
11,2,117,lattice,8,i,img/target_8.png
11,2,118,lattice,6,b,img/target_6.png
11,2,119,lattice,4,p,img/target_10.png
11,2,120,lattice,2,o,img/target_9.png
11,2,121,lattice,1,q,img/target_1.png
11,2,122,lattice,2,o,img/target_9.png
11,2,123,lattice,1,q,img/target_1.png
11,2,124,lattice,0,e,img/target_3.png
11,2,125,lattice,8,i,img/target_8.png
11,2,126,lattice,9,v,img/target_5.png
11,2,127,lattice,1,q,img/target_1.png
11,2,128,lattice,2,o,img/target_9.png
11,2,129,lattice,0,e,img/target_3.png
11,2,130,lattice,1,q,img/target_1.png
11,2,131,lattice,0,e,img/target_3.png
11,2,132,lattice,8,i,img/target_8.png
11,2,133,lattice,7,r,img/target_4.png
11,2,134,lattice,9,v,img/target_5.png
11,2,135,lattice,0,e,img/target_3.png
11,2,136,lattice,2,o,img/target_9.png
11,2,137,lattice,1,q,img/target_1.png
11,2,138,lattice,0,e,img/target_3.png
11,2,139,lattice,9,v,img/target_5.png
11,2,140,lattice,8,i,img/target_8.png
11,2,141,lattice,6,b,img/target_6.png
11,2,142,lattice,5,u,img/target_7.png
11,2,143,lattice,3,w,img/target_2.png
11,2,144,lattice,5,u,img/target_7.png
11,2,145,lattice,7,r,img/target_4.png
11,2,146,lattice,9,v,img/target_5.png
11,2,147,lattice,8,i,img/target_8.png
11,2,148,lattice,9,v,img/target_5.png
11,2,149,lattice,7,r,img/target_4.png
11,2,150,lattice,9,v,img/target_5.png
11,2,151,lattice,7,r,img/target_4.png
11,2,152,lattice,5,u,img/target_7.png
11,2,153,lattice,4,p,img/target_10.png
11,2,154,lattice,5,u,img/target_7.png
11,2,155,lattice,3,w,img/target_2.png
11,2,156,lattice,4,p,img/target_10.png
11,2,157,lattice,2,o,img/target_9.png
11,2,158,lattice,4,p,img/target_10.png
11,2,159,lattice,5,u,img/target_7.png
11,2,160,lattice,6,b,img/target_6.png
11,2,161,lattice,7,r,img/target_4.png
11,2,162,lattice,5,u,img/target_7.png
11,2,163,lattice,7,r,img/target_4.png
11,2,164,lattice,8,i,img/target_8.png
11,2,165,lattice,0,e,img/target_3.png
11,2,166,lattice,9,v,img/target_5.png
11,2,167,lattice,0,e,img/target_3.png
11,2,168,lattice,8,i,img/target_8.png
11,2,169,lattice,7,r,img/target_4.png
11,2,170,lattice,9,v,img/target_5.png
11,2,171,lattice,0,e,img/target_3.png
11,2,172,lattice,9,v,img/target_5.png
11,2,173,lattice,1,q,img/target_1.png
11,2,174,lattice,3,w,img/target_2.png
11,2,175,lattice,5,u,img/target_7.png
11,2,176,lattice,4,p,img/target_10.png
11,2,177,lattice,6,b,img/target_6.png
11,2,178,lattice,7,r,img/target_4.png
11,2,179,lattice,8,i,img/target_8.png
11,2,180,lattice,9,v,img/target_5.png
11,2,181,lattice,8,i,img/target_8.png
11,2,182,lattice,7,r,img/target_4.png
11,2,183,lattice,8,i,img/target_8.png
11,2,184,lattice,9,v,img/target_5.png
11,2,185,lattice,0,e,img/target_3.png
11,2,186,lattice,8,i,img/target_8.png
11,2,187,lattice,0,e,img/target_3.png
11,2,188,lattice,2,o,img/target_9.png
11,2,189,lattice,1,q,img/target_1.png
11,2,190,lattice,3,w,img/target_2.png
11,2,191,lattice,2,o,img/target_9.png
11,2,192,lattice,1,q,img/target_1.png
11,2,193,lattice,0,e,img/target_3.png
11,2,194,lattice,1,q,img/target_1.png
11,2,195,lattice,9,v,img/target_5.png
11,2,196,lattice,1,q,img/target_1.png
11,2,197,lattice,2,o,img/target_9.png
11,2,198,lattice,3,w,img/target_2.png
11,2,199,lattice,4,p,img/target_10.png
11,2,200,lattice,3,w,img/target_2.png
11,2,201,lattice,2,o,img/target_9.png
11,2,202,lattice,4,p,img/target_10.png
11,2,203,lattice,6,b,img/target_6.png
11,2,204,lattice,4,p,img/target_10.png
11,2,205,lattice,2,o,img/target_9.png
11,2,206,lattice,0,e,img/target_3.png
11,2,207,lattice,2,o,img/target_9.png
11,2,208,lattice,0,e,img/target_3.png
11,2,209,lattice,1,q,img/target_1.png
11,2,210,lattice,3,w,img/target_2.png
11,2,211,lattice,1,q,img/target_1.png
11,2,212,lattice,3,w,img/target_2.png
11,2,213,lattice,2,o,img/target_9.png
11,2,214,lattice,1,q,img/target_1.png
11,2,215,lattice,3,w,img/target_2.png
11,2,216,lattice,2,o,img/target_9.png
11,2,217,lattice,1,q,img/target_1.png
11,2,218,lattice,2,o,img/target_9.png
11,2,219,lattice,4,p,img/target_10.png
11,2,220,lattice,3,w,img/target_2.png
11,2,221,lattice,1,q,img/target_1.png
11,2,222,lattice,0,e,img/target_3.png
11,2,223,lattice,8,i,img/target_8.png
11,2,224,lattice,0,e,img/target_3.png
11,2,225,lattice,9,v,img/target_5.png
11,2,226,lattice,7,r,img/target_4.png
11,2,227,lattice,5,u,img/target_7.png
11,2,228,lattice,7,r,img/target_4.png
11,2,229,lattice,9,v,img/target_5.png
11,2,230,lattice,1,q,img/target_1.png
11,2,231,lattice,9,v,img/target_5.png
11,2,232,lattice,7,r,img/target_4.png
11,2,233,lattice,6,b,img/target_6.png
11,2,234,lattice,8,i,img/target_8.png
11,2,235,lattice,0,e,img/target_3.png
11,2,236,lattice,8,i,img/target_8.png
11,2,237,lattice,9,v,img/target_5.png
11,2,238,lattice,7,r,img/target_4.png
11,2,239,lattice,6,b,img/target_6.png
11,2,240,lattice,7,r,img/target_4.png
11,2,241,lattice,5,u,img/target_7.png
11,2,242,lattice,7,r,img/target_4.png
11,2,243,lattice,8,i,img/target_8.png
11,2,244,lattice,7,r,img/target_4.png
11,2,245,lattice,6,b,img/target_6.png
11,2,246,lattice,8,i,img/target_8.png
11,2,247,lattice,9,v,img/target_5.png
11,2,248,lattice,8,i,img/target_8.png
11,2,249,lattice,9,v,img/target_5.png
11,2,250,lattice,1,q,img/target_1.png
11,2,251,lattice,2,o,img/target_9.png
11,2,252,lattice,3,w,img/target_2.png
11,2,253,lattice,1,q,img/target_1.png
11,2,254,lattice,2,o,img/target_9.png
11,2,255,lattice,1,q,img/target_1.png
11,2,256,lattice,9,v,img/target_5.png
11,2,257,lattice,0,e,img/target_3.png
11,2,258,lattice,2,o,img/target_9.png
11,2,259,lattice,4,p,img/target_10.png
11,2,260,lattice,5,u,img/target_7.png
11,2,261,lattice,3,w,img/target_2.png
11,2,262,lattice,4,p,img/target_10.png
11,2,263,lattice,2,o,img/target_9.png
11,2,264,lattice,4,p,img/target_10.png
11,2,265,lattice,6,b,img/target_6.png
11,2,266,lattice,5,u,img/target_7.png
11,2,267,lattice,6,b,img/target_6.png
11,2,268,lattice,7,r,img/target_4.png
11,2,269,lattice,9,v,img/target_5.png
11,2,270,lattice,7,r,img/target_4.png
11,2,271,lattice,5,u,img/target_7.png
11,2,272,lattice,7,r,img/target_4.png
11,2,273,lattice,6,b,img/target_6.png
11,2,274,lattice,8,i,img/target_8.png
11,2,275,lattice,7,r,img/target_4.png
11,2,276,lattice,6,b,img/target_6.png
11,2,277,lattice,5,u,img/target_7.png
11,2,278,lattice,7,r,img/target_4.png
11,2,279,lattice,9,v,img/target_5.png
11,2,280,lattice,1,q,img/target_1.png
11,2,281,lattice,9,v,img/target_5.png
11,2,282,lattice,0,e,img/target_3.png
11,2,283,lattice,2,o,img/target_9.png
11,2,284,lattice,0,e,img/target_3.png
11,2,285,lattice,9,v,img/target_5.png
11,2,286,lattice,7,r,img/target_4.png
11,2,287,lattice,8,i,img/target_8.png
11,2,288,lattice,0,e,img/target_3.png
11,2,289,lattice,9,v,img/target_5.png
11,2,290,lattice,7,r,img/target_4.png
11,2,291,lattice,6,b,img/target_6.png
11,2,292,lattice,8,i,img/target_8.png
11,2,293,lattice,0,e,img/target_3.png
11,2,294,lattice,2,o,img/target_9.png
11,2,295,lattice,0,e,img/target_3.png
11,2,296,lattice,9,v,img/target_5.png
11,2,297,lattice,7,r,img/target_4.png
11,2,298,lattice,9,v,img/target_5.png
11,2,299,lattice,0,e,img/target_3.png
11,2,300,lattice,2,o,img/target_9.png
11,2,301,lattice,3,w,img/target_2.png
11,2,302,lattice,4,p,img/target_10.png
11,2,303,lattice,3,w,img/target_2.png
11,2,304,lattice,5,u,img/target_7.png
11,2,305,lattice,4,p,img/target_10.png
11,2,306,lattice,3,w,img/target_2.png
11,2,307,lattice,2,o,img/target_9.png
11,2,308,lattice,4,p,img/target_10.png
11,2,309,lattice,3,w,img/target_2.png
11,2,310,lattice,2,o,img/target_9.png
11,2,311,lattice,3,w,img/target_2.png
11,2,312,lattice,5,u,img/target_7.png
11,2,313,lattice,7,r,img/target_4.png
11,2,314,lattice,9,v,img/target_5.png
11,2,315,lattice,1,q,img/target_1.png
11,2,316,lattice,0,e,img/target_3.png
11,2,317,lattice,1,q,img/target_1.png
11,2,318,lattice,9,v,img/target_5.png
11,2,319,lattice,8,i,img/target_8.png
11,2,320,lattice,7,r,img/target_4.png
11,2,321,lattice,5,u,img/target_7.png
11,2,322,lattice,6,b,img/target_6.png
11,2,323,lattice,4,p,img/target_10.png
11,2,324,lattice,6,b,img/target_6.png
11,2,325,lattice,5,u,img/target_7.png
11,2,326,lattice,3,w,img/target_2.png
11,2,327,lattice,2,o,img/target_9.png
11,2,328,lattice,3,w,img/target_2.png
11,2,329,lattice,4,p,img/target_10.png
11,2,330,lattice,5,u,img/target_7.png
11,2,331,lattice,6,b,img/target_6.png
11,2,332,lattice,8,i,img/target_8.png
11,2,333,lattice,7,r,img/target_4.png
11,2,334,lattice,9,v,img/target_5.png
11,2,335,lattice,7,r,img/target_4.png
11,2,336,lattice,5,u,img/target_7.png
11,2,337,lattice,3,w,img/target_2.png
11,2,338,lattice,4,p,img/target_10.png
11,2,339,lattice,5,u,img/target_7.png
11,2,340,lattice,6,b,img/target_6.png
11,2,341,lattice,5,u,img/target_7.png
11,2,342,lattice,3,w,img/target_2.png
11,2,343,lattice,1,q,img/target_1.png
11,2,344,lattice,0,e,img/target_3.png
11,2,345,lattice,2,o,img/target_9.png
11,2,346,lattice,1,q,img/target_1.png
11,2,347,lattice,3,w,img/target_2.png
11,2,348,lattice,1,q,img/target_1.png
11,2,349,lattice,2,o,img/target_9.png
11,2,350,lattice,0,e,img/target_3.png
11,2,351,lattice,1,q,img/target_1.png
11,2,352,lattice,3,w,img/target_2.png
11,2,353,lattice,2,o,img/target_9.png
11,2,354,lattice,3,w,img/target_2.png
11,2,355,lattice,1,q,img/target_1.png
11,2,356,lattice,2,o,img/target_9.png
11,2,357,lattice,1,q,img/target_1.png
11,2,358,lattice,2,o,img/target_9.png
11,2,359,lattice,4,p,img/target_10.png
11,2,360,lattice,2,o,img/target_9.png
11,2,361,lattice,3,w,img/target_2.png
11,2,362,lattice,5,u,img/target_7.png
11,2,363,lattice,3,w,img/target_2.png
11,2,364,lattice,2,o,img/target_9.png
11,2,365,lattice,1,q,img/target_1.png
11,2,366,lattice,2,o,img/target_9.png
11,2,367,lattice,0,e,img/target_3.png
11,2,368,lattice,1,q,img/target_1.png
11,2,369,lattice,0,e,img/target_3.png
11,2,370,lattice,8,i,img/target_8.png
11,2,371,lattice,0,e,img/target_3.png
11,2,372,lattice,2,o,img/target_9.png
11,2,373,lattice,1,q,img/target_1.png
11,2,374,lattice,0,e,img/target_3.png
11,2,375,lattice,2,o,img/target_9.png
11,2,376,lattice,1,q,img/target_1.png
11,2,377,lattice,9,v,img/target_5.png
11,2,378,lattice,1,q,img/target_1.png
11,2,379,lattice,3,w,img/target_2.png
11,2,380,lattice,4,p,img/target_10.png
11,2,381,lattice,5,u,img/target_7.png
11,2,382,lattice,6,b,img/target_6.png
11,2,383,lattice,7,r,img/target_4.png
11,2,384,lattice,6,b,img/target_6.png
11,2,385,lattice,8,i,img/target_8.png
11,2,386,lattice,6,b,img/target_6.png
11,2,387,lattice,7,r,img/target_4.png
11,2,388,lattice,5,u,img/target_7.png
11,2,389,lattice,3,w,img/target_2.png
11,2,390,lattice,4,p,img/target_10.png
11,2,391,lattice,6,b,img/target_6.png
11,2,392,lattice,5,u,img/target_7.png
11,2,393,lattice,3,w,img/target_2.png
11,2,394,lattice,4,p,img/target_10.png
11,2,395,lattice,2,o,img/target_9.png
11,2,396,lattice,1,q,img/target_1.png
11,2,397,lattice,9,v,img/target_5.png
11,2,398,lattice,7,r,img/target_4.png
11,2,399,lattice,8,i,img/target_8.png
11,2,400,lattice,0,e,img/target_3.png
11,2,401,lattice,9,v,img/target_5.png
11,2,402,lattice,0,e,img/target_3.png
11,2,403,lattice,1,q,img/target_1.png
11,2,404,lattice,3,w,img/target_2.png
11,2,405,lattice,2,o,img/target_9.png
11,2,406,lattice,3,w,img/target_2.png
11,2,407,lattice,2,o,img/target_9.png
11,2,408,lattice,0,e,img/target_3.png
11,2,409,lattice,9,v,img/target_5.png
11,2,410,lattice,7,r,img/target_4.png
11,2,411,lattice,8,i,img/target_8.png
11,2,412,lattice,7,r,img/target_4.png
11,2,413,lattice,9,v,img/target_5.png
11,2,414,lattice,1,q,img/target_1.png
11,2,415,lattice,3,w,img/target_2.png
11,2,416,lattice,4,p,img/target_10.png
11,2,417,lattice,2,o,img/target_9.png
11,2,418,lattice,1,q,img/target_1.png
11,2,419,lattice,2,o,img/target_9.png
11,2,420,lattice,0,e,img/target_3.png
11,2,421,lattice,1,q,img/target_1.png
11,2,422,lattice,9,v,img/target_5.png
11,2,423,lattice,0,e,img/target_3.png
11,2,424,lattice,2,o,img/target_9.png
11,2,425,lattice,0,e,img/target_3.png
11,2,426,lattice,9,v,img/target_5.png
11,2,427,lattice,7,r,img/target_4.png
11,2,428,lattice,9,v,img/target_5.png
11,2,429,lattice,8,i,img/target_8.png
11,2,430,lattice,6,b,img/target_6.png
11,2,431,lattice,7,r,img/target_4.png
11,2,432,lattice,5,u,img/target_7.png
11,2,433,lattice,3,w,img/target_2.png
11,2,434,lattice,4,p,img/target_10.png
11,2,435,lattice,6,b,img/target_6.png
11,2,436,lattice,4,p,img/target_10.png
11,2,437,lattice,3,w,img/target_2.png
11,2,438,lattice,2,o,img/target_9.png
11,2,439,lattice,3,w,img/target_2.png
11,2,440,lattice,4,p,img/target_10.png
11,2,441,lattice,2,o,img/target_9.png
11,2,442,lattice,4,p,img/target_10.png
11,2,443,lattice,2,o,img/target_9.png
11,2,444,lattice,4,p,img/target_10.png
11,2,445,lattice,6,b,img/target_6.png
11,2,446,lattice,4,p,img/target_10.png
11,2,447,lattice,6,b,img/target_6.png
11,2,448,lattice,7,r,img/target_4.png
11,2,449,lattice,6,b,img/target_6.png
11,2,450,lattice,4,p,img/target_10.png
11,2,451,lattice,5,u,img/target_7.png
11,2,452,lattice,3,w,img/target_2.png
11,2,453,lattice,1,q,img/target_1.png
11,2,454,lattice,2,o,img/target_9.png
11,2,455,lattice,3,w,img/target_2.png
11,2,456,lattice,5,u,img/target_7.png
11,2,457,lattice,7,r,img/target_4.png
11,2,458,lattice,9,v,img/target_5.png
11,2,459,lattice,8,i,img/target_8.png
11,2,460,lattice,6,b,img/target_6.png
11,2,461,lattice,7,r,img/target_4.png
11,2,462,lattice,8,i,img/target_8.png
11,2,463,lattice,7,r,img/target_4.png
11,2,464,lattice,6,b,img/target_6.png
11,2,465,lattice,7,r,img/target_4.png
11,2,466,lattice,8,i,img/target_8.png
11,2,467,lattice,6,b,img/target_6.png
11,2,468,lattice,5,u,img/target_7.png
11,2,469,lattice,3,w,img/target_2.png
11,2,470,lattice,1,q,img/target_1.png
11,2,471,lattice,9,v,img/target_5.png
11,2,472,lattice,8,i,img/target_8.png
11,2,473,lattice,9,v,img/target_5.png
11,2,474,lattice,1,q,img/target_1.png
11,2,475,lattice,2,o,img/target_9.png
11,2,476,lattice,1,q,img/target_1.png
11,2,477,lattice,3,w,img/target_2.png
11,2,478,lattice,4,p,img/target_10.png
11,2,479,lattice,5,u,img/target_7.png
11,2,480,lattice,3,w,img/target_2.png
11,2,481,lattice,4,p,img/target_10.png
11,2,482,lattice,6,b,img/target_6.png
11,2,483,lattice,4,p,img/target_10.png
11,2,484,lattice,5,u,img/target_7.png
11,2,485,lattice,3,w,img/target_2.png
11,2,486,lattice,4,p,img/target_10.png
11,2,487,lattice,2,o,img/target_9.png
11,2,488,lattice,4,p,img/target_10.png
11,2,489,lattice,3,w,img/target_2.png
11,2,490,lattice,1,q,img/target_1.png
11,2,491,lattice,0,e,img/target_3.png
11,2,492,lattice,2,o,img/target_9.png
11,2,493,lattice,0,e,img/target_3.png
11,2,494,lattice,8,i,img/target_8.png
11,2,495,lattice,0,e,img/target_3.png
11,2,496,lattice,1,q,img/target_1.png
11,2,497,lattice,0,e,img/target_3.png
11,2,498,lattice,1,q,img/target_1.png
11,2,499,lattice,0,e,img/target_3.png
11,2,500,lattice,2,o,img/target_9.png
11,2,501,lattice,1,q,img/target_1.png
11,2,502,lattice,9,v,img/target_5.png
11,2,503,lattice,1,q,img/target_1.png
11,2,504,lattice,0,e,img/target_3.png
11,2,505,lattice,9,v,img/target_5.png
11,2,506,lattice,1,q,img/target_1.png
11,2,507,lattice,9,v,img/target_5.png
11,2,508,lattice,0,e,img/target_3.png
11,2,509,lattice,2,o,img/target_9.png
11,2,510,lattice,1,q,img/target_1.png
11,2,511,lattice,2,o,img/target_9.png
11,2,512,lattice,1,q,img/target_1.png
11,2,513,lattice,3,w,img/target_2.png
11,2,514,lattice,4,p,img/target_10.png
11,2,515,lattice,5,u,img/target_7.png
11,2,516,lattice,6,b,img/target_6.png
11,2,517,lattice,5,u,img/target_7.png
11,2,518,lattice,7,r,img/target_4.png
11,2,519,lattice,9,v,img/target_5.png
11,2,520,lattice,7,r,img/target_4.png
11,2,521,lattice,5,u,img/target_7.png
11,2,522,lattice,4,p,img/target_10.png
11,2,523,lattice,3,w,img/target_2.png
11,2,524,lattice,2,o,img/target_9.png
11,2,525,lattice,0,e,img/target_3.png
11,2,526,lattice,9,v,img/target_5.png
11,2,527,lattice,8,i,img/target_8.png
11,2,528,lattice,9,v,img/target_5.png
11,2,529,lattice,8,i,img/target_8.png
11,2,530,lattice,7,r,img/target_4.png
11,2,531,lattice,5,u,img/target_7.png
11,2,532,lattice,7,r,img/target_4.png
11,2,533,lattice,6,b,img/target_6.png
11,2,534,lattice,4,p,img/target_10.png
11,2,535,lattice,6,b,img/target_6.png
11,2,536,lattice,5,u,img/target_7.png
11,2,537,lattice,7,r,img/target_4.png
11,2,538,lattice,8,i,img/target_8.png
11,2,539,lattice,0,e,img/target_3.png
11,2,540,lattice,8,i,img/target_8.png
11,2,541,lattice,9,v,img/target_5.png
11,2,542,lattice,7,r,img/target_4.png
11,2,543,lattice,5,u,img/target_7.png
11,2,544,lattice,3,w,img/target_2.png
11,2,545,lattice,2,o,img/target_9.png
11,2,546,lattice,0,e,img/target_3.png
11,2,547,lattice,9,v,img/target_5.png
11,2,548,lattice,7,r,img/target_4.png
11,2,549,lattice,9,v,img/target_5.png
11,2,550,lattice,7,r,img/target_4.png
11,2,551,lattice,5,u,img/target_7.png
11,2,552,lattice,6,b,img/target_6.png
11,2,553,lattice,7,r,img/target_4.png
11,2,554,lattice,9,v,img/target_5.png
11,2,555,lattice,7,r,img/target_4.png
11,2,556,lattice,5,u,img/target_7.png
11,2,557,lattice,4,p,img/target_10.png
11,2,558,lattice,5,u,img/target_7.png
11,2,559,lattice,4,p,img/target_10.png
11,2,560,lattice,5,u,img/target_7.png
11,2,561,lattice,4,p,img/target_10.png
11,2,562,lattice,6,b,img/target_6.png
11,2,563,lattice,5,u,img/target_7.png
11,2,564,lattice,4,p,img/target_10.png
11,2,565,lattice,3,w,img/target_2.png
11,2,566,lattice,4,p,img/target_10.png
11,2,567,lattice,3,w,img/target_2.png
11,2,568,lattice,2,o,img/target_9.png
11,2,569,lattice,1,q,img/target_1.png
11,2,570,lattice,9,v,img/target_5.png
11,2,571,lattice,7,r,img/target_4.png
11,2,572,lattice,5,u,img/target_7.png
11,2,573,lattice,7,r,img/target_4.png
11,2,574,lattice,5,u,img/target_7.png
11,2,575,lattice,4,p,img/target_10.png
11,2,576,lattice,6,b,img/target_6.png
11,2,577,lattice,5,u,img/target_7.png
11,2,578,lattice,4,p,img/target_10.png
11,2,579,lattice,5,u,img/target_7.png
11,2,580,lattice,7,r,img/target_4.png
11,2,581,lattice,6,b,img/target_6.png
11,2,582,lattice,5,u,img/target_7.png
11,2,583,lattice,7,r,img/target_4.png
11,2,584,lattice,5,u,img/target_7.png
11,2,585,lattice,4,p,img/target_10.png
11,2,586,lattice,5,u,img/target_7.png
11,2,587,lattice,6,b,img/target_6.png
11,2,588,lattice,4,p,img/target_10.png
11,2,589,lattice,3,w,img/target_2.png
11,2,590,lattice,2,o,img/target_9.png
11,2,591,lattice,3,w,img/target_2.png
11,2,592,lattice,4,p,img/target_10.png
11,2,593,lattice,6,b,img/target_6.png
11,2,594,lattice,5,u,img/target_7.png
11,2,595,lattice,3,w,img/target_2.png
11,2,596,lattice,2,o,img/target_9.png
11,2,597,lattice,4,p,img/target_10.png
11,2,598,lattice,5,u,img/target_7.png
11,2,599,lattice,6,b,img/target_6.png
11,2,600,lattice,5,u,img/target_7.png
11,2,601,lattice,6,b,img/target_6.png
11,2,602,lattice,4,p,img/target_10.png
11,2,603,lattice,6,b,img/target_6.png
11,2,604,lattice,8,i,img/target_8.png
11,2,605,lattice,7,r,img/target_4.png
11,2,606,lattice,6,b,img/target_6.png
11,2,607,lattice,8,i,img/target_8.png
11,2,608,lattice,7,r,img/target_4.png
11,2,609,lattice,5,u,img/target_7.png
11,2,610,lattice,4,p,img/target_10.png
11,2,611,lattice,6,b,img/target_6.png
11,2,612,lattice,8,i,img/target_8.png
11,2,613,lattice,6,b,img/target_6.png
11,2,614,lattice,5,u,img/target_7.png
11,2,615,lattice,6,b,img/target_6.png
11,2,616,lattice,4,p,img/target_10.png
11,2,617,lattice,2,o,img/target_9.png
11,2,618,lattice,1,q,img/target_1.png
11,2,619,lattice,3,w,img/target_2.png
11,2,620,lattice,1,q,img/target_1.png
11,2,621,lattice,3,w,img/target_2.png
11,2,622,lattice,2,o,img/target_9.png
11,2,623,lattice,4,p,img/target_10.png
11,2,624,lattice,2,o,img/target_9.png
11,2,625,lattice,0,e,img/target_3.png
11,2,626,lattice,9,v,img/target_5.png
11,2,627,lattice,7,r,img/target_4.png
11,2,628,lattice,5,u,img/target_7.png
11,2,629,lattice,7,r,img/target_4.png
11,2,630,lattice,8,i,img/target_8.png
11,2,631,lattice,7,r,img/target_4.png
11,2,632,lattice,9,v,img/target_5.png
11,2,633,lattice,8,i,img/target_8.png
11,2,634,lattice,7,r,img/target_4.png
11,2,635,lattice,5,u,img/target_7.png
11,2,636,lattice,3,w,img/target_2.png
11,2,637,lattice,2,o,img/target_9.png
11,2,638,lattice,3,w,img/target_2.png
11,2,639,lattice,2,o,img/target_9.png
11,2,640,lattice,1,q,img/target_1.png
11,2,641,lattice,3,w,img/target_2.png
11,2,642,lattice,2,o,img/target_9.png
11,2,643,lattice,0,e,img/target_3.png
11,2,644,lattice,1,q,img/target_1.png
11,2,645,lattice,9,v,img/target_5.png
11,2,646,lattice,7,r,img/target_4.png
11,2,647,lattice,5,u,img/target_7.png
11,2,648,lattice,7,r,img/target_4.png
11,2,649,lattice,9,v,img/target_5.png
11,2,650,lattice,0,e,img/target_3.png
11,2,651,lattice,2,o,img/target_9.png
11,2,652,lattice,0,e,img/target_3.png
11,2,653,lattice,8,i,img/target_8.png
11,2,654,lattice,6,b,img/target_6.png
11,2,655,lattice,4,p,img/target_10.png
11,2,656,lattice,3,w,img/target_2.png
11,2,657,lattice,2,o,img/target_9.png
11,2,658,lattice,3,w,img/target_2.png
11,2,659,lattice,2,o,img/target_9.png
11,2,660,lattice,1,q,img/target_1.png
11,2,661,lattice,2,o,img/target_9.png
11,2,662,lattice,0,e,img/target_3.png
11,2,663,lattice,8,i,img/target_8.png
11,2,664,lattice,6,b,img/target_6.png
11,2,665,lattice,5,u,img/target_7.png
11,2,666,lattice,7,r,img/target_4.png
11,2,667,lattice,8,i,img/target_8.png
11,2,668,lattice,7,r,img/target_4.png
11,2,669,lattice,9,v,img/target_5.png
11,2,670,lattice,1,q,img/target_1.png
11,2,671,lattice,0,e,img/target_3.png
11,2,672,lattice,8,i,img/target_8.png
11,2,673,lattice,9,v,img/target_5.png
11,2,674,lattice,1,q,img/target_1.png
11,2,675,lattice,3,w,img/target_2.png
11,2,676,lattice,1,q,img/target_1.png
11,2,677,lattice,0,e,img/target_3.png
11,2,678,lattice,9,v,img/target_5.png
11,2,679,lattice,8,i,img/target_8.png
11,2,680,lattice,9,v,img/target_5.png
11,2,681,lattice,0,e,img/target_3.png
11,2,682,lattice,8,i,img/target_8.png
11,2,683,lattice,9,v,img/target_5.png
11,2,684,lattice,8,i,img/target_8.png
11,2,685,lattice,7,r,img/target_4.png
11,2,686,lattice,8,i,img/target_8.png
11,2,687,lattice,6,b,img/target_6.png
11,2,688,lattice,4,p,img/target_10.png
11,2,689,lattice,5,u,img/target_7.png
11,2,690,lattice,6,b,img/target_6.png
11,2,691,lattice,4,p,img/target_10.png
11,2,692,lattice,5,u,img/target_7.png
11,2,693,lattice,3,w,img/target_2.png
11,2,694,lattice,5,u,img/target_7.png
11,2,695,lattice,7,r,img/target_4.png
11,2,696,lattice,5,u,img/target_7.png
11,2,697,lattice,4,p,img/target_10.png
11,2,698,lattice,5,u,img/target_7.png
11,2,699,lattice,7,r,img/target_4.png
11,2,700,lattice,6,b,img/target_6.png
11,2,701,lattice,7,r,img/target_4.png
11,2,702,lattice,8,i,img/target_8.png
11,2,703,lattice,7,r,img/target_4.png
11,2,704,lattice,9,v,img/target_5.png
11,2,705,lattice,7,r,img/target_4.png
11,2,706,lattice,9,v,img/target_5.png
11,2,707,lattice,8,i,img/target_8.png
11,2,708,lattice,0,e,img/target_3.png
11,2,709,lattice,1,q,img/target_1.png
11,2,710,lattice,9,v,img/target_5.png
11,2,711,lattice,7,r,img/target_4.png
11,2,712,lattice,6,b,img/target_6.png
11,2,713,lattice,4,p,img/target_10.png
11,2,714,lattice,5,u,img/target_7.png
11,2,715,lattice,3,w,img/target_2.png
11,2,716,lattice,4,p,img/target_10.png
11,2,717,lattice,6,b,img/target_6.png
11,2,718,lattice,4,p,img/target_10.png
11,2,719,lattice,3,w,img/target_2.png
11,2,720,lattice,5,u,img/target_7.png
11,2,721,lattice,7,r,img/target_4.png
11,2,722,lattice,8,i,img/target_8.png
11,2,723,lattice,0,e,img/target_3.png
11,2,724,lattice,8,i,img/target_8.png
11,2,725,lattice,0,e,img/target_3.png
11,2,726,lattice,2,o,img/target_9.png
11,2,727,lattice,1,q,img/target_1.png
11,2,728,lattice,9,v,img/target_5.png
11,2,729,lattice,8,i,img/target_8.png
11,2,730,lattice,6,b,img/target_6.png
11,2,731,lattice,4,p,img/target_10.png
11,2,732,lattice,5,u,img/target_7.png
11,2,733,lattice,3,w,img/target_2.png
11,2,734,lattice,5,u,img/target_7.png
11,2,735,lattice,4,p,img/target_10.png
11,2,736,lattice,5,u,img/target_7.png
11,2,737,lattice,6,b,img/target_6.png
11,2,738,lattice,4,p,img/target_10.png
11,2,739,lattice,3,w,img/target_2.png
11,2,740,lattice,1,q,img/target_1.png
11,2,741,lattice,9,v,img/target_5.png
11,2,742,lattice,1,q,img/target_1.png
11,2,743,lattice,3,w,img/target_2.png
11,2,744,lattice,1,q,img/target_1.png
11,2,745,lattice,0,e,img/target_3.png
11,2,746,lattice,1,q,img/target_1.png
11,2,747,lattice,2,o,img/target_9.png
11,2,748,lattice,4,p,img/target_10.png
11,2,749,lattice,2,o,img/target_9.png
11,2,750,lattice,4,p,img/target_10.png
11,2,751,lattice,2,o,img/target_9.png
11,2,752,lattice,3,w,img/target_2.png
11,2,753,lattice,1,q,img/target_1.png
11,2,754,lattice,0,e,img/target_3.png
11,2,755,lattice,8,i,img/target_8.png
11,2,756,lattice,6,b,img/target_6.png
11,2,757,lattice,8,i,img/target_8.png
11,2,758,lattice,9,v,img/target_5.png
11,2,759,lattice,8,i,img/target_8.png
11,2,760,lattice,6,b,img/target_6.png
11,2,761,lattice,8,i,img/target_8.png
11,2,762,lattice,9,v,img/target_5.png
11,2,763,lattice,8,i,img/target_8.png
11,2,764,lattice,6,b,img/target_6.png
11,2,765,lattice,8,i,img/target_8.png
11,2,766,lattice,7,r,img/target_4.png
11,2,767,lattice,8,i,img/target_8.png
11,2,768,lattice,0,e,img/target_3.png
11,2,769,lattice,9,v,img/target_5.png
11,2,770,lattice,0,e,img/target_3.png
11,2,771,lattice,2,o,img/target_9.png
11,2,772,lattice,1,q,img/target_1.png
11,2,773,lattice,3,w,img/target_2.png
11,2,774,lattice,5,u,img/target_7.png
11,2,775,lattice,6,b,img/target_6.png
11,2,776,lattice,5,u,img/target_7.png
11,2,777,lattice,6,b,img/target_6.png
11,2,778,lattice,7,r,img/target_4.png
11,2,779,lattice,9,v,img/target_5.png
11,2,780,lattice,8,i,img/target_8.png
11,2,781,lattice,7,r,img/target_4.png
11,2,782,lattice,5,u,img/target_7.png
11,2,783,lattice,4,p,img/target_10.png
11,2,784,lattice,5,u,img/target_7.png
11,2,785,lattice,3,w,img/target_2.png
11,2,786,lattice,1,q,img/target_1.png
11,2,787,lattice,3,w,img/target_2.png
11,2,788,lattice,2,o,img/target_9.png
11,2,789,lattice,4,p,img/target_10.png
11,2,790,lattice,2,o,img/target_9.png
11,2,791,lattice,0,e,img/target_3.png
11,2,792,lattice,1,q,img/target_1.png
11,2,793,lattice,2,o,img/target_9.png
11,2,794,lattice,3,w,img/target_2.png
11,2,795,lattice,5,u,img/target_7.png
11,2,796,lattice,7,r,img/target_4.png
11,2,797,lattice,6,b,img/target_6.png
11,2,798,lattice,5,u,img/target_7.png
11,2,799,lattice,7,r,img/target_4.png
11,2,800,lattice,6,b,img/target_6.png
11,2,801,lattice,7,r,img/target_4.png
11,2,802,lattice,9,v,img/target_5.png
11,2,803,lattice,8,i,img/target_8.png
11,2,804,lattice,6,b,img/target_6.png
11,2,805,lattice,8,i,img/target_8.png
11,2,806,lattice,9,v,img/target_5.png
11,2,807,lattice,8,i,img/target_8.png
11,2,808,lattice,0,e,img/target_3.png
11,2,809,lattice,2,o,img/target_9.png
11,2,810,lattice,3,w,img/target_2.png
11,2,811,lattice,5,u,img/target_7.png
11,2,812,lattice,6,b,img/target_6.png
11,2,813,lattice,7,r,img/target_4.png
11,2,814,lattice,5,u,img/target_7.png
11,2,815,lattice,7,r,img/target_4.png
11,2,816,lattice,8,i,img/target_8.png
11,2,817,lattice,6,b,img/target_6.png
11,2,818,lattice,5,u,img/target_7.png
11,2,819,lattice,4,p,img/target_10.png
11,2,820,lattice,6,b,img/target_6.png
11,2,821,lattice,4,p,img/target_10.png
11,2,822,lattice,5,u,img/target_7.png
11,2,823,lattice,6,b,img/target_6.png
11,2,824,lattice,5,u,img/target_7.png
11,2,825,lattice,3,w,img/target_2.png
11,2,826,lattice,2,o,img/target_9.png
11,2,827,lattice,1,q,img/target_1.png
11,2,828,lattice,0,e,img/target_3.png
11,2,829,lattice,2,o,img/target_9.png
11,2,830,lattice,4,p,img/target_10.png
11,2,831,lattice,2,o,img/target_9.png
11,2,832,lattice,0,e,img/target_3.png
11,2,833,lattice,2,o,img/target_9.png
11,2,834,lattice,1,q,img/target_1.png
11,2,835,lattice,2,o,img/target_9.png
11,2,836,lattice,3,w,img/target_2.png
11,2,837,lattice,5,u,img/target_7.png
11,2,838,lattice,4,p,img/target_10.png
11,2,839,lattice,2,o,img/target_9.png
11,2,840,lattice,0,e,img/target_3.png
11,2,841,lattice,1,q,img/target_1.png
11,2,842,lattice,3,w,img/target_2.png
11,2,843,lattice,1,q,img/target_1.png
11,2,844,lattice,3,w,img/target_2.png
11,2,845,lattice,5,u,img/target_7.png
11,2,846,lattice,7,r,img/target_4.png
11,2,847,lattice,9,v,img/target_5.png
11,2,848,lattice,0,e,img/target_3.png
11,2,849,lattice,9,v,img/target_5.png
11,2,850,lattice,1,q,img/target_1.png
11,2,851,lattice,3,w,img/target_2.png
11,2,852,lattice,4,p,img/target_10.png
11,2,853,lattice,5,u,img/target_7.png
11,2,854,lattice,3,w,img/target_2.png
11,2,855,lattice,1,q,img/target_1.png
11,2,856,lattice,3,w,img/target_2.png
11,2,857,lattice,2,o,img/target_9.png
11,2,858,lattice,4,p,img/target_10.png
11,2,859,lattice,5,u,img/target_7.png
11,2,860,lattice,3,w,img/target_2.png
11,2,861,lattice,5,u,img/target_7.png
11,2,862,lattice,6,b,img/target_6.png
11,2,863,lattice,4,p,img/target_10.png
11,2,864,lattice,5,u,img/target_7.png
11,2,865,lattice,4,p,img/target_10.png
11,2,866,lattice,3,w,img/target_2.png
11,2,867,lattice,2,o,img/target_9.png
11,2,868,lattice,3,w,img/target_2.png
11,2,869,lattice,2,o,img/target_9.png
11,2,870,lattice,1,q,img/target_1.png
11,2,871,lattice,0,e,img/target_3.png
11,2,872,lattice,1,q,img/target_1.png
11,2,873,lattice,2,o,img/target_9.png
11,2,874,lattice,4,p,img/target_10.png
11,2,875,lattice,5,u,img/target_7.png
11,2,876,lattice,6,b,img/target_6.png
11,2,877,lattice,8,i,img/target_8.png
11,2,878,lattice,9,v,img/target_5.png
11,2,879,lattice,8,i,img/target_8.png
11,2,880,lattice,6,b,img/target_6.png
11,2,881,lattice,7,r,img/target_4.png
11,2,882,lattice,8,i,img/target_8.png
11,2,883,lattice,0,e,img/target_3.png
11,2,884,lattice,1,q,img/target_1.png
11,2,885,lattice,3,w,img/target_2.png
11,2,886,lattice,2,o,img/target_9.png
11,2,887,lattice,3,w,img/target_2.png
11,2,888,lattice,4,p,img/target_10.png
11,2,889,lattice,2,o,img/target_9.png
11,2,890,lattice,0,e,img/target_3.png
11,2,891,lattice,2,o,img/target_9.png
11,2,892,lattice,4,p,img/target_10.png
11,2,893,lattice,6,b,img/target_6.png
11,2,894,lattice,8,i,img/target_8.png
11,2,895,lattice,9,v,img/target_5.png
11,2,896,lattice,1,q,img/target_1.png
11,2,897,lattice,2,o,img/target_9.png
11,2,898,lattice,0,e,img/target_3.png
11,2,899,lattice,1,q,img/target_1.png
11,2,900,lattice,2,o,img/target_9.png
11,2,901,lattice,1,q,img/target_1.png
11,2,902,lattice,9,v,img/target_5.png
11,2,903,lattice,8,i,img/target_8.png
11,2,904,lattice,6,b,img/target_6.png
11,2,905,lattice,7,r,img/target_4.png
11,2,906,lattice,9,v,img/target_5.png
11,2,907,lattice,7,r,img/target_4.png
11,2,908,lattice,6,b,img/target_6.png
11,2,909,lattice,8,i,img/target_8.png
11,2,910,lattice,9,v,img/target_5.png
11,2,911,lattice,1,q,img/target_1.png
11,2,912,lattice,2,o,img/target_9.png
11,2,913,lattice,0,e,img/target_3.png
11,2,914,lattice,1,q,img/target_1.png
11,2,915,lattice,9,v,img/target_5.png
11,2,916,lattice,0,e,img/target_3.png
11,2,917,lattice,8,i,img/target_8.png
11,2,918,lattice,7,r,img/target_4.png
11,2,919,lattice,9,v,img/target_5.png
11,2,920,lattice,8,i,img/target_8.png
11,2,921,lattice,6,b,img/target_6.png
11,2,922,lattice,5,u,img/target_7.png
11,2,923,lattice,6,b,img/target_6.png
11,2,924,lattice,7,r,img/target_4.png
11,2,925,lattice,8,i,img/target_8.png
11,2,926,lattice,6,b,img/target_6.png
11,2,927,lattice,7,r,img/target_4.png
11,2,928,lattice,5,u,img/target_7.png
11,2,929,lattice,7,r,img/target_4.png
11,2,930,lattice,6,b,img/target_6.png
11,2,931,lattice,8,i,img/target_8.png
11,2,932,lattice,0,e,img/target_3.png
11,2,933,lattice,2,o,img/target_9.png
11,2,934,lattice,4,p,img/target_10.png
11,2,935,lattice,6,b,img/target_6.png
11,2,936,lattice,4,p,img/target_10.png
11,2,937,lattice,3,w,img/target_2.png
11,2,938,lattice,2,o,img/target_9.png
11,2,939,lattice,3,w,img/target_2.png
11,2,940,lattice,5,u,img/target_7.png
11,2,941,lattice,7,r,img/target_4.png
11,2,942,lattice,5,u,img/target_7.png
11,2,943,lattice,4,p,img/target_10.png
11,2,944,lattice,3,w,img/target_2.png
11,2,945,lattice,4,p,img/target_10.png
11,2,946,lattice,6,b,img/target_6.png
11,2,947,lattice,8,i,img/target_8.png
11,2,948,lattice,6,b,img/target_6.png
11,2,949,lattice,8,i,img/target_8.png
11,2,950,lattice,7,r,img/target_4.png
11,2,951,lattice,8,i,img/target_8.png
11,2,952,lattice,0,e,img/target_3.png
11,2,953,lattice,9,v,img/target_5.png
11,2,954,lattice,7,r,img/target_4.png
11,2,955,lattice,9,v,img/target_5.png
11,2,956,lattice,0,e,img/target_3.png
11,2,957,lattice,1,q,img/target_1.png
11,2,958,lattice,9,v,img/target_5.png
11,2,959,lattice,1,q,img/target_1.png
11,2,960,lattice,2,o,img/target_9.png
11,2,961,lattice,4,p,img/target_10.png
11,2,962,lattice,2,o,img/target_9.png
11,2,963,lattice,4,p,img/target_10.png
11,2,964,lattice,6,b,img/target_6.png
11,2,965,lattice,8,i,img/target_8.png
11,2,966,lattice,0,e,img/target_3.png
11,2,967,lattice,8,i,img/target_8.png
11,2,968,lattice,0,e,img/target_3.png
11,2,969,lattice,1,q,img/target_1.png
11,2,970,lattice,9,v,img/target_5.png
11,2,971,lattice,8,i,img/target_8.png
11,2,972,lattice,9,v,img/target_5.png
11,2,973,lattice,7,r,img/target_4.png
11,2,974,lattice,8,i,img/target_8.png
11,2,975,lattice,6,b,img/target_6.png
11,2,976,lattice,8,i,img/target_8.png
11,2,977,lattice,0,e,img/target_3.png
11,2,978,lattice,8,i,img/target_8.png
11,2,979,lattice,7,r,img/target_4.png
11,2,980,lattice,9,v,img/target_5.png
11,2,981,lattice,7,r,img/target_4.png
11,2,982,lattice,8,i,img/target_8.png
11,2,983,lattice,0,e,img/target_3.png
11,2,984,lattice,8,i,img/target_8.png
11,2,985,lattice,0,e,img/target_3.png
11,2,986,lattice,8,i,img/target_8.png
11,2,987,lattice,7,r,img/target_4.png
11,2,988,lattice,9,v,img/target_5.png
11,2,989,lattice,1,q,img/target_1.png
11,2,990,lattice,3,w,img/target_2.png
11,2,991,lattice,5,u,img/target_7.png
11,2,992,lattice,7,r,img/target_4.png
11,2,993,lattice,6,b,img/target_6.png
11,2,994,lattice,7,r,img/target_4.png
11,2,995,lattice,6,b,img/target_6.png
11,2,996,lattice,7,r,img/target_4.png
11,2,997,lattice,8,i,img/target_8.png
11,2,998,lattice,9,v,img/target_5.png
11,2,999,lattice,8,i,img/target_8.png
11,2,1000,lattice,6,b,img/target_6.png
