pID,sess,trialNum,graph,walk,resp,path
11,3,1,lattice,4,p,img/target_10.png
11,3,2,lattice,2,o,img/target_9.png
11,3,3,lattice,0,e,img/target_3.png
11,3,4,lattice,1,q,img/target_1.png
11,3,5,lattice,9,v,img/target_5.png
11,3,6,lattice,1,q,img/target_1.png
11,3,7,lattice,9,v,img/target_5.png
11,3,8,lattice,0,e,img/target_3.png
11,3,9,lattice,1,q,img/target_1.png
11,3,10,lattice,0,e,img/target_3.png
11,3,11,lattice,8,i,img/target_8.png
11,3,12,lattice,9,v,img/target_5.png
11,3,13,lattice,7,r,img/target_4.png
11,3,14,lattice,8,i,img/target_8.png
11,3,15,lattice,9,v,img/target_5.png
11,3,16,lattice,8,i,img/target_8.png
11,3,17,lattice,7,r,img/target_4.png
11,3,18,lattice,9,v,img/target_5.png
11,3,19,lattice,8,i,img/target_8.png
11,3,20,lattice,7,r,img/target_4.png
11,3,21,lattice,5,u,img/target_7.png
11,3,22,lattice,4,p,img/target_10.png
11,3,23,lattice,6,b,img/target_6.png
11,3,24,lattice,5,u,img/target_7.png
11,3,25,lattice,6,b,img/target_6.png
11,3,26,lattice,4,p,img/target_10.png
11,3,27,lattice,2,o,img/target_9.png
11,3,28,lattice,3,w,img/target_2.png
11,3,29,lattice,4,p,img/target_10.png
11,3,30,lattice,2,o,img/target_9.png
11,3,31,lattice,4,p,img/target_10.png
11,3,32,lattice,3,w,img/target_2.png
11,3,33,lattice,4,p,img/target_10.png
11,3,34,lattice,2,o,img/target_9.png
11,3,35,lattice,1,q,img/target_1.png
11,3,36,lattice,9,v,img/target_5.png
11,3,37,lattice,1,q,img/target_1.png
11,3,38,lattice,2,o,img/target_9.png
11,3,39,lattice,3,w,img/target_2.png
11,3,40,lattice,4,p,img/target_10.png
11,3,41,lattice,3,w,img/target_2.png
11,3,42,lattice,5,u,img/target_7.png
11,3,43,lattice,3,w,img/target_2.png
11,3,44,lattice,1,q,img/target_1.png
11,3,45,lattice,9,v,img/target_5.png
11,3,46,lattice,1,q,img/target_1.png
11,3,47,lattice,3,w,img/target_2.png
11,3,48,lattice,4,p,img/target_10.png
11,3,49,lattice,3,w,img/target_2.png
11,3,50,lattice,2,o,img/target_9.png
11,3,51,lattice,3,w,img/target_2.png
11,3,52,lattice,2,o,img/target_9.png
11,3,53,lattice,3,w,img/target_2.png
11,3,54,lattice,4,p,img/target_10.png
11,3,55,lattice,6,b,img/target_6.png
11,3,56,lattice,4,p,img/target_10.png
11,3,57,lattice,2,o,img/target_9.png
11,3,58,lattice,3,w,img/target_2.png
11,3,59,lattice,4,p,img/target_10.png
11,3,60,lattice,5,u,img/target_7.png
11,3,61,lattice,3,w,img/target_2.png
11,3,62,lattice,2,o,img/target_9.png
11,3,63,lattice,4,p,img/target_10.png
11,3,64,lattice,2,o,img/target_9.png
11,3,65,lattice,1,q,img/target_1.png
11,3,66,lattice,0,e,img/target_3.png
11,3,67,lattice,1,q,img/target_1.png
11,3,68,lattice,9,v,img/target_5.png
11,3,69,lattice,0,e,img/target_3.png
11,3,70,lattice,1,q,img/target_1.png
11,3,71,lattice,9,v,img/target_5.png
11,3,72,lattice,1,q,img/target_1.png
11,3,73,lattice,3,w,img/target_2.png
11,3,74,lattice,2,o,img/target_9.png
11,3,75,lattice,4,p,img/target_10.png
11,3,76,lattice,6,b,img/target_6.png
11,3,77,lattice,5,u,img/target_7.png
11,3,78,lattice,4,p,img/target_10.png
11,3,79,lattice,5,u,img/target_7.png
11,3,80,lattice,4,p,img/target_10.png
11,3,81,lattice,3,w,img/target_2.png
11,3,82,lattice,5,u,img/target_7.png
11,3,83,lattice,7,r,img/target_4.png
11,3,84,lattice,6,b,img/target_6.png
11,3,85,lattice,4,p,img/target_10.png
11,3,86,lattice,6,b,img/target_6.png
11,3,87,lattice,8,i,img/target_8.png
11,3,88,lattice,0,e,img/target_3.png
11,3,89,lattice,1,q,img/target_1.png
11,3,90,lattice,2,o,img/target_9.png
11,3,91,lattice,3,w,img/target_2.png
11,3,92,lattice,4,p,img/target_10.png
11,3,93,lattice,6,b,img/target_6.png
11,3,94,lattice,7,r,img/target_4.png
11,3,95,lattice,9,v,img/target_5.png
11,3,96,lattice,8,i,img/target_8.png
11,3,97,lattice,7,r,img/target_4.png
11,3,98,lattice,6,b,img/target_6.png
11,3,99,lattice,7,r,img/target_4.png
11,3,100,lattice,6,b,img/target_6.png
11,3,101,lattice,5,u,img/target_7.png
11,3,102,lattice,3,w,img/target_2.png
11,3,103,lattice,4,p,img/target_10.png
11,3,104,lattice,3,w,img/target_2.png
11,3,105,lattice,1,q,img/target_1.png
11,3,106,lattice,3,w,img/target_2.png
11,3,107,lattice,5,u,img/target_7.png
11,3,108,lattice,4,p,img/target_10.png
11,3,109,lattice,5,u,img/target_7.png
11,3,110,lattice,4,p,img/target_10.png
11,3,111,lattice,6,b,img/target_6.png
11,3,112,lattice,5,u,img/target_7.png
11,3,113,lattice,7,r,img/target_4.png
11,3,114,lattice,6,b,img/target_6.png
11,3,115,lattice,8,i,img/target_8.png
11,3,116,lattice,7,r,img/target_4.png
11,3,117,lattice,9,v,img/target_5.png
11,3,118,lattice,7,r,img/target_4.png
11,3,119,lattice,9,v,img/target_5.png
11,3,120,lattice,8,i,img/target_8.png
11,3,121,lattice,9,v,img/target_5.png
11,3,122,lattice,7,r,img/target_4.png
11,3,123,lattice,6,b,img/target_6.png
11,3,124,lattice,4,p,img/target_10.png
11,3,125,lattice,2,o,img/target_9.png
11,3,126,lattice,3,w,img/target_2.png
11,3,127,lattice,5,u,img/target_7.png
11,3,128,lattice,3,w,img/target_2.png
11,3,129,lattice,4,p,img/target_10.png
11,3,130,lattice,5,u,img/target_7.png
11,3,131,lattice,4,p,img/target_10.png
11,3,132,lattice,3,w,img/target_2.png
11,3,133,lattice,5,u,img/target_7.png
11,3,134,lattice,6,b,img/target_6.png
11,3,135,lattice,4,p,img/target_10.png
11,3,136,lattice,3,w,img/target_2.png
11,3,137,lattice,1,q,img/target_1.png
11,3,138,lattice,0,e,img/target_3.png
11,3,139,lattice,2,o,img/target_9.png
11,3,140,lattice,0,e,img/target_3.png
11,3,141,lattice,2,o,img/target_9.png
11,3,142,lattice,1,q,img/target_1.png
11,3,143,lattice,0,e,img/target_3.png
11,3,144,lattice,8,i,img/target_8.png
11,3,145,lattice,0,e,img/target_3.png
11,3,146,lattice,8,i,img/target_8.png
11,3,147,lattice,6,b,img/target_6.png
11,3,148,lattice,5,u,img/target_7.png
11,3,149,lattice,4,p,img/target_10.png
11,3,150,lattice,3,w,img/target_2.png
11,3,151,lattice,4,p,img/target_10.png
11,3,152,lattice,2,o,img/target_9.png
11,3,153,lattice,3,w,img/target_2.png
11,3,154,lattice,4,p,img/target_10.png
11,3,155,lattice,6,b,img/target_6.png
11,3,156,lattice,8,i,img/target_8.png
11,3,157,lattice,9,v,img/target_5.png
11,3,158,lattice,1,q,img/target_1.png
11,3,159,lattice,9,v,img/target_5.png
11,3,160,lattice,7,r,img/target_4.png
11,3,161,lattice,6,b,img/target_6.png
11,3,162,lattice,4,p,img/target_10.png
11,3,163,lattice,6,b,img/target_6.png
11,3,164,lattice,8,i,img/target_8.png
11,3,165,lattice,9,v,img/target_5.png
11,3,166,lattice,0,e,img/target_3.png
11,3,167,lattice,2,o,img/target_9.png
11,3,168,lattice,3,w,img/target_2.png
11,3,169,lattice,2,o,img/target_9.png
11,3,170,lattice,1,q,img/target_1.png
11,3,171,lattice,3,w,img/target_2.png
11,3,172,lattice,1,q,img/target_1.png
11,3,173,lattice,3,w,img/target_2.png
11,3,174,lattice,2,o,img/target_9.png
11,3,175,lattice,3,w,img/target_2.png
11,3,176,lattice,5,u,img/target_7.png
11,3,177,lattice,4,p,img/target_10.png
11,3,178,lattice,3,w,img/target_2.png
11,3,179,lattice,2,o,img/target_9.png
11,3,180,lattice,1,q,img/target_1.png
11,3,181,lattice,9,v,img/target_5.png
11,3,182,lattice,7,r,img/target_4.png
11,3,183,lattice,9,v,img/target_5.png
11,3,184,lattice,0,e,img/target_3.png
11,3,185,lattice,9,v,img/target_5.png
11,3,186,lattice,0,e,img/target_3.png
11,3,187,lattice,8,i,img/target_8.png
11,3,188,lattice,7,r,img/target_4.png
11,3,189,lattice,5,u,img/target_7.png
11,3,190,lattice,4,p,img/target_10.png
11,3,191,lattice,2,o,img/target_9.png
11,3,192,lattice,4,p,img/target_10.png
11,3,193,lattice,3,w,img/target_2.png
11,3,194,lattice,1,q,img/target_1.png
11,3,195,lattice,0,e,img/target_3.png
11,3,196,lattice,8,i,img/target_8.png
11,3,197,lattice,7,r,img/target_4.png
11,3,198,lattice,6,b,img/target_6.png
11,3,199,lattice,8,i,img/target_8.png
11,3,200,lattice,9,v,img/target_5.png
11,3,201,lattice,8,i,img/target_8.png
11,3,202,lattice,7,r,img/target_4.png
11,3,203,lattice,8,i,img/target_8.png
11,3,204,lattice,0,e,img/target_3.png
11,3,205,lattice,9,v,img/target_5.png
11,3,206,lattice,7,r,img/target_4.png
11,3,207,lattice,8,i,img/target_8.png
11,3,208,lattice,6,b,img/target_6.png
11,3,209,lattice,7,r,img/target_4.png
11,3,210,lattice,9,v,img/target_5.png
11,3,211,lattice,8,i,img/target_8.png
11,3,212,lattice,6,b,img/target_6.png
11,3,213,lattice,7,r,img/target_4.png
11,3,214,lattice,6,b,img/target_6.png
11,3,215,lattice,8,i,img/target_8.png
11,3,216,lattice,7,r,img/target_4.png
11,3,217,lattice,6,b,img/target_6.png
11,3,218,lattice,7,r,img/target_4.png
11,3,219,lattice,9,v,img/target_5.png
11,3,220,lattice,1,q,img/target_1.png
11,3,221,lattice,0,e,img/target_3.png
11,3,222,lattice,8,i,img/target_8.png
11,3,223,lattice,6,b,img/target_6.png
11,3,224,lattice,4,p,img/target_10.png
11,3,225,lattice,3,w,img/target_2.png
11,3,226,lattice,2,o,img/target_9.png
11,3,227,lattice,3,w,img/target_2.png
11,3,228,lattice,2,o,img/target_9.png
11,3,229,lattice,4,p,img/target_10.png
11,3,230,lattice,6,b,img/target_6.png
11,3,231,lattice,8,i,img/target_8.png
11,3,232,lattice,9,v,img/target_5.png
11,3,233,lattice,0,e,img/target_3.png
11,3,234,lattice,1,q,img/target_1.png
11,3,235,lattice,9,v,img/target_5.png
11,3,236,lattice,7,r,img/target_4.png
11,3,237,lattice,6,b,img/target_6.png
11,3,238,lattice,4,p,img/target_10.png
11,3,239,lattice,6,b,img/target_6.png
11,3,240,lattice,5,u,img/target_7.png
11,3,241,lattice,4,p,img/target_10.png
11,3,242,lattice,3,w,img/target_2.png
11,3,243,lattice,4,p,img/target_10.png
11,3,244,lattice,3,w,img/target_2.png
11,3,245,lattice,2,o,img/target_9.png
11,3,246,lattice,0,e,img/target_3.png
11,3,247,lattice,2,o,img/target_9.png
11,3,248,lattice,1,q,img/target_1.png
11,3,249,lattice,0,e,img/target_3.png
11,3,250,lattice,9,v,img/target_5.png
11,3,251,lattice,8,i,img/target_8.png
11,3,252,lattice,7,r,img/target_4.png
11,3,253,lattice,5,u,img/target_7.png
11,3,254,lattice,7,r,img/target_4.png
11,3,255,lattice,9,v,img/target_5.png
11,3,256,lattice,8,i,img/target_8.png
11,3,257,lattice,9,v,img/target_5.png
11,3,258,lattice,1,q,img/target_1.png
11,3,259,lattice,3,w,img/target_2.png
11,3,260,lattice,2,o,img/target_9.png
11,3,261,lattice,4,p,img/target_10.png
11,3,262,lattice,3,w,img/target_2.png
11,3,263,lattice,1,q,img/target_1.png
11,3,264,lattice,9,v,img/target_5.png
11,3,265,lattice,7,r,img/target_4.png
11,3,266,lattice,6,b,img/target_6.png
11,3,267,lattice,7,r,img/target_4.png
11,3,268,lattice,5,u,img/target_7.png
11,3,269,lattice,6,b,img/target_6.png
11,3,270,lattice,4,p,img/target_10.png
11,3,271,lattice,5,u,img/target_7.png
11,3,272,lattice,6,b,img/target_6.png
11,3,273,lattice,7,r,img/target_4.png
11,3,274,lattice,9,v,img/target_5.png
11,3,275,lattice,1,q,img/target_1.png
11,3,276,lattice,0,e,img/target_3.png
11,3,277,lattice,9,v,img/target_5.png
11,3,278,lattice,7,r,img/target_4.png
11,3,279,lattice,6,b,img/target_6.png
11,3,280,lattice,7,r,img/target_4.png
11,3,281,lattice,9,v,img/target_5.png
11,3,282,lattice,0,e,img/target_3.png
11,3,283,lattice,2,o,img/target_9.png
11,3,284,lattice,1,q,img/target_1.png
11,3,285,lattice,9,v,img/target_5.png
11,3,286,lattice,1,q,img/target_1.png
11,3,287,lattice,9,v,img/target_5.png
11,3,288,lattice,1,q,img/target_1.png
11,3,289,lattice,3,w,img/target_2.png
11,3,290,lattice,2,o,img/target_9.png
11,3,291,lattice,0,e,img/target_3.png
11,3,292,lattice,1,q,img/target_1.png
11,3,293,lattice,2,o,img/target_9.png
11,3,294,lattice,1,q,img/target_1.png
11,3,295,lattice,2,o,img/target_9.png
11,3,296,lattice,1,q,img/target_1.png
11,3,297,lattice,9,v,img/target_5.png
11,3,298,lattice,8,i,img/target_8.png
11,3,299,lattice,7,r,img/target_4.png
11,3,300,lattice,8,i,img/target_8.png
11,3,301,lattice,6,b,img/target_6.png
11,3,302,lattice,7,r,img/target_4.png
11,3,303,lattice,6,b,img/target_6.png
11,3,304,lattice,4,p,img/target_10.png
11,3,305,lattice,5,u,img/target_7.png
11,3,306,lattice,6,b,img/target_6.png
11,3,307,lattice,8,i,img/target_8.png
11,3,308,lattice,9,v,img/target_5.png
11,3,309,lattice,0,e,img/target_3.png
11,3,310,lattice,2,o,img/target_9.png
11,3,311,lattice,1,q,img/target_1.png
11,3,312,lattice,9,v,img/target_5.png
11,3,313,lattice,8,i,img/target_8.png
11,3,314,lattice,9,v,img/target_5.png
11,3,315,lattice,7,r,img/target_4.png
11,3,316,lattice,9,v,img/target_5.png
11,3,317,lattice,0,e,img/target_3.png
11,3,318,lattice,8,i,img/target_8.png
11,3,319,lattice,6,b,img/target_6.png
11,3,320,lattice,5,u,img/target_7.png
11,3,321,lattice,6,b,img/target_6.png
11,3,322,lattice,7,r,img/target_4.png
11,3,323,lattice,8,i,img/target_8.png
11,3,324,lattice,7,r,img/target_4.png
11,3,325,lattice,5,u,img/target_7.png
11,3,326,lattice,7,r,img/target_4.png
11,3,327,lattice,6,b,img/target_6.png
11,3,328,lattice,4,p,img/target_10.png
11,3,329,lattice,5,u,img/target_7.png
11,3,330,lattice,7,r,img/target_4.png
11,3,331,lattice,9,v,img/target_5.png
11,3,332,lattice,1,q,img/target_1.png
11,3,333,lattice,9,v,img/target_5.png
11,3,334,lattice,7,r,img/target_4.png
11,3,335,lattice,9,v,img/target_5.png
11,3,336,lattice,0,e,img/target_3.png
11,3,337,lattice,9,v,img/target_5.png
11,3,338,lattice,1,q,img/target_1.png
11,3,339,lattice,3,w,img/target_2.png
11,3,340,lattice,4,p,img/target_10.png
11,3,341,lattice,2,o,img/target_9.png
11,3,342,lattice,1,q,img/target_1.png
11,3,343,lattice,0,e,img/target_3.png
11,3,344,lattice,8,i,img/target_8.png
11,3,345,lattice,6,b,img/target_6.png
11,3,346,lattice,4,p,img/target_10.png
11,3,347,lattice,5,u,img/target_7.png
11,3,348,lattice,6,b,img/target_6.png
11,3,349,lattice,8,i,img/target_8.png
11,3,350,lattice,0,e,img/target_3.png
11,3,351,lattice,9,v,img/target_5.png
11,3,352,lattice,0,e,img/target_3.png
11,3,353,lattice,2,o,img/target_9.png
11,3,354,lattice,3,w,img/target_2.png
11,3,355,lattice,1,q,img/target_1.png
11,3,356,lattice,0,e,img/target_3.png
11,3,357,lattice,1,q,img/target_1.png
11,3,358,lattice,3,w,img/target_2.png
11,3,359,lattice,1,q,img/target_1.png
11,3,360,lattice,0,e,img/target_3.png
11,3,361,lattice,1,q,img/target_1.png
11,3,362,lattice,9,v,img/target_5.png
11,3,363,lattice,8,i,img/target_8.png
11,3,364,lattice,7,r,img/target_4.png
11,3,365,lattice,6,b,img/target_6.png
11,3,366,lattice,5,u,img/target_7.png
11,3,367,lattice,4,p,img/target_10.png
11,3,368,lattice,5,u,img/target_7.png
11,3,369,lattice,7,r,img/target_4.png
11,3,370,lattice,8,i,img/target_8.png
11,3,371,lattice,6,b,img/target_6.png
11,3,372,lattice,4,p,img/target_10.png
11,3,373,lattice,6,b,img/target_6.png
11,3,374,lattice,8,i,img/target_8.png
11,3,375,lattice,6,b,img/target_6.png
11,3,376,lattice,8,i,img/target_8.png
11,3,377,lattice,9,v,img/target_5.png
11,3,378,lattice,1,q,img/target_1.png
11,3,379,lattice,9,v,img/target_5.png
11,3,380,lattice,7,r,img/target_4.png
11,3,381,lattice,8,i,img/target_8.png
11,3,382,lattice,0,e,img/target_3.png
11,3,383,lattice,8,i,img/target_8.png
11,3,384,lattice,9,v,img/target_5.png
11,3,385,lattice,1,q,img/target_1.png
11,3,386,lattice,2,o,img/target_9.png
11,3,387,lattice,3,w,img/target_2.png
11,3,388,lattice,5,u,img/target_7.png
11,3,389,lattice,6,b,img/target_6.png
11,3,390,lattice,8,i,img/target_8.png
11,3,391,lattice,7,r,img/target_4.png
11,3,392,lattice,5,u,img/target_7.png
11,3,393,lattice,3,w,img/target_2.png
11,3,394,lattice,1,q,img/target_1.png
11,3,395,lattice,9,v,img/target_5.png
11,3,396,lattice,1,q,img/target_1.png
11,3,397,lattice,0,e,img/target_3.png
11,3,398,lattice,2,o,img/target_9.png
11,3,399,lattice,0,e,img/target_3.png
11,3,400,lattice,2,o,img/target_9.png
11,3,401,lattice,0,e,img/target_3.png
11,3,402,lattice,9,v,img/target_5.png
11,3,403,lattice,0,e,img/target_3.png
11,3,404,lattice,8,i,img/target_8.png
11,3,405,lattice,6,b,img/target_6.png
11,3,406,lattice,7,r,img/target_4.png
11,3,407,lattice,8,i,img/target_8.png
11,3,408,lattice,9,v,img/target_5.png
11,3,409,lattice,0,e,img/target_3.png
11,3,410,lattice,2,o,img/target_9.png
11,3,411,lattice,4,p,img/target_10.png
11,3,412,lattice,3,w,img/target_2.png
11,3,413,lattice,5,u,img/target_7.png
11,3,414,lattice,4,p,img/target_10.png
11,3,415,lattice,3,w,img/target_2.png
11,3,416,lattice,5,u,img/target_7.png
11,3,417,lattice,6,b,img/target_6.png
11,3,418,lattice,4,p,img/target_10.png
11,3,419,lattice,6,b,img/target_6.png
11,3,420,lattice,4,p,img/target_10.png
11,3,421,lattice,5,u,img/target_7.png
11,3,422,lattice,3,w,img/target_2.png
11,3,423,lattice,4,p,img/target_10.png
11,3,424,lattice,6,b,img/target_6.png
11,3,425,lattice,7,r,img/target_4.png
11,3,426,lattice,5,u,img/target_7.png
11,3,427,lattice,3,w,img/target_2.png
11,3,428,lattice,2,o,img/target_9.png
11,3,429,lattice,0,e,img/target_3.png
11,3,430,lattice,1,q,img/target_1.png
11,3,431,lattice,9,v,img/target_5.png
11,3,432,lattice,8,i,img/target_8.png
11,3,433,lattice,6,b,img/target_6.png
11,3,434,lattice,7,r,img/target_4.png
11,3,435,lattice,6,b,img/target_6.png
11,3,436,lattice,7,r,img/target_4.png
11,3,437,lattice,6,b,img/target_6.png
11,3,438,lattice,7,r,img/target_4.png
11,3,439,lattice,5,u,img/target_7.png
11,3,440,lattice,7,r,img/target_4.png
11,3,441,lattice,9,v,img/target_5.png
11,3,442,lattice,8,i,img/target_8.png
11,3,443,lattice,9,v,img/target_5.png
11,3,444,lattice,1,q,img/target_1.png
11,3,445,lattice,2,o,img/target_9.png
11,3,446,lattice,1,q,img/target_1.png
11,3,447,lattice,3,w,img/target_2.png
11,3,448,lattice,2,o,img/target_9.png
11,3,449,lattice,1,q,img/target_1.png
11,3,450,lattice,3,w,img/target_2.png
11,3,451,lattice,5,u,img/target_7.png
11,3,452,lattice,7,r,img/target_4.png
11,3,453,lattice,9,v,img/target_5.png
11,3,454,lattice,7,r,img/target_4.png
11,3,455,lattice,9,v,img/target_5.png
11,3,456,lattice,7,r,img/target_4.png
11,3,457,lattice,5,u,img/target_7.png
11,3,458,lattice,4,p,img/target_10.png
11,3,459,lattice,2,o,img/target_9.png
11,3,460,lattice,4,p,img/target_10.png
11,3,461,lattice,2,o,img/target_9.png
11,3,462,lattice,3,w,img/target_2.png
11,3,463,lattice,2,o,img/target_9.png
11,3,464,lattice,3,w,img/target_2.png
11,3,465,lattice,5,u,img/target_7.png
11,3,466,lattice,4,p,img/target_10.png
11,3,467,lattice,2,o,img/target_9.png
11,3,468,lattice,3,w,img/target_2.png
11,3,469,lattice,5,u,img/target_7.png
11,3,470,lattice,3,w,img/target_2.png
11,3,471,lattice,1,q,img/target_1.png
11,3,472,lattice,2,o,img/target_9.png
11,3,473,lattice,4,p,img/target_10.png
11,3,474,lattice,5,u,img/target_7.png
11,3,475,lattice,4,p,img/target_10.png
11,3,476,lattice,5,u,img/target_7.png
11,3,477,lattice,3,w,img/target_2.png
11,3,478,lattice,1,q,img/target_1.png
11,3,479,lattice,2,o,img/target_9.png
11,3,480,lattice,4,p,img/target_10.png
11,3,481,lattice,2,o,img/target_9.png
11,3,482,lattice,3,w,img/target_2.png
11,3,483,lattice,5,u,img/target_7.png
11,3,484,lattice,6,b,img/target_6.png
11,3,485,lattice,7,r,img/target_4.png
11,3,486,lattice,6,b,img/target_6.png
11,3,487,lattice,7,r,img/target_4.png
11,3,488,lattice,8,i,img/target_8.png
11,3,489,lattice,7,r,img/target_4.png
11,3,490,lattice,5,u,img/target_7.png
11,3,491,lattice,6,b,img/target_6.png
11,3,492,lattice,7,r,img/target_4.png
11,3,493,lattice,8,i,img/target_8.png
11,3,494,lattice,0,e,img/target_3.png
11,3,495,lattice,9,v,img/target_5.png
11,3,496,lattice,8,i,img/target_8.png
11,3,497,lattice,9,v,img/target_5.png
11,3,498,lattice,1,q,img/target_1.png
11,3,499,lattice,0,e,img/target_3.png
11,3,500,lattice,9,v,img/target_5.png
11,3,501,lattice,7,r,img/target_4.png
11,3,502,lattice,9,v,img/target_5.png
11,3,503,lattice,8,i,img/target_8.png
11,3,504,lattice,0,e,img/target_3.png
11,3,505,lattice,8,i,img/target_8.png
11,3,506,lattice,6,b,img/target_6.png
11,3,507,lattice,5,u,img/target_7.png
11,3,508,lattice,4,p,img/target_10.png
11,3,509,lattice,3,w,img/target_2.png
11,3,510,lattice,1,q,img/target_1.png
11,3,511,lattice,9,v,img/target_5.png
11,3,512,lattice,8,i,img/target_8.png
11,3,513,lattice,0,e,img/target_3.png
11,3,514,lattice,2,o,img/target_9.png
11,3,515,lattice,0,e,img/target_3.png
11,3,516,lattice,1,q,img/target_1.png
11,3,517,lattice,2,o,img/target_9.png
11,3,518,lattice,3,w,img/target_2.png
11,3,519,lattice,2,o,img/target_9.png
11,3,520,lattice,0,e,img/target_3.png
11,3,521,lattice,2,o,img/target_9.png
11,3,522,lattice,0,e,img/target_3.png
11,3,523,lattice,8,i,img/target_8.png
11,3,524,lattice,9,v,img/target_5.png
11,3,525,lattice,0,e,img/target_3.png
11,3,526,lattice,9,v,img/target_5.png
11,3,527,lattice,7,r,img/target_4.png
11,3,528,lattice,6,b,img/target_6.png
11,3,529,lattice,4,p,img/target_10.png
11,3,530,lattice,6,b,img/target_6.png
11,3,531,lattice,5,u,img/target_7.png
11,3,532,lattice,4,p,img/target_10.png
11,3,533,lattice,6,b,img/target_6.png
11,3,534,lattice,5,u,img/target_7.png
11,3,535,lattice,6,b,img/target_6.png
11,3,536,lattice,7,r,img/target_4.png
11,3,537,lattice,8,i,img/target_8.png
11,3,538,lattice,9,v,img/target_5.png
11,3,539,lattice,7,r,img/target_4.png
11,3,540,lattice,5,u,img/target_7.png
11,3,541,lattice,3,w,img/target_2.png
11,3,542,lattice,5,u,img/target_7.png
11,3,543,lattice,6,b,img/target_6.png
11,3,544,lattice,7,r,img/target_4.png
11,3,545,lattice,6,b,img/target_6.png
11,3,546,lattice,5,u,img/target_7.png
11,3,547,lattice,7,r,img/target_4.png
11,3,548,lattice,5,u,img/target_7.png
11,3,549,lattice,4,p,img/target_10.png
11,3,550,lattice,6,b,img/target_6.png
11,3,551,lattice,5,u,img/target_7.png
11,3,552,lattice,4,p,img/target_10.png
11,3,553,lattice,2,o,img/target_9.png
11,3,554,lattice,0,e,img/target_3.png
11,3,555,lattice,2,o,img/target_9.png
11,3,556,lattice,0,e,img/target_3.png
11,3,557,lattice,1,q,img/target_1.png
11,3,558,lattice,3,w,img/target_2.png
11,3,559,lattice,5,u,img/target_7.png
11,3,560,lattice,7,r,img/target_4.png
11,3,561,lattice,6,b,img/target_6.png
11,3,562,lattice,5,u,img/target_7.png
11,3,563,lattice,6,b,img/target_6.png
11,3,564,lattice,4,p,img/target_10.png
11,3,565,lattice,3,w,img/target_2.png
11,3,566,lattice,5,u,img/target_7.png
11,3,567,lattice,7,r,img/target_4.png
11,3,568,lattice,6,b,img/target_6.png
11,3,569,lattice,7,r,img/target_4.png
11,3,570,lattice,5,u,img/target_7.png
11,3,571,lattice,7,r,img/target_4.png
11,3,572,lattice,6,b,img/target_6.png
11,3,573,lattice,8,i,img/target_8.png
11,3,574,lattice,0,e,img/target_3.png
11,3,575,lattice,8,i,img/target_8.png
11,3,576,lattice,0,e,img/target_3.png
11,3,577,lattice,2,o,img/target_9.png
11,3,578,lattice,4,p,img/target_10.png
11,3,579,lattice,2,o,img/target_9.png
11,3,580,lattice,1,q,img/target_1.png
11,3,581,lattice,3,w,img/target_2.png
11,3,582,lattice,4,p,img/target_10.png
11,3,583,lattice,5,u,img/target_7.png
11,3,584,lattice,4,p,img/target_10.png
11,3,585,lattice,5,u,img/target_7.png
11,3,586,lattice,7,r,img/target_4.png
11,3,587,lattice,9,v,img/target_5.png
11,3,588,lattice,7,r,img/target_4.png
11,3,589,lattice,5,u,img/target_7.png
11,3,590,lattice,4,p,img/target_10.png
11,3,591,lattice,3,w,img/target_2.png
11,3,592,lattice,2,o,img/target_9.png
11,3,593,lattice,4,p,img/target_10.png
11,3,594,lattice,6,b,img/target_6.png
11,3,595,lattice,4,p,img/target_10.png
11,3,596,lattice,5,u,img/target_7.png
11,3,597,lattice,3,w,img/target_2.png
11,3,598,lattice,4,p,img/target_10.png
11,3,599,lattice,6,b,img/target_6.png
11,3,600,lattice,5,u,img/target_7.png
11,3,601,lattice,3,w,img/target_2.png
11,3,602,lattice,5,u,img/target_7.png
11,3,603,lattice,7,r,img/target_4.png
11,3,604,lattice,9,v,img/target_5.png
11,3,605,lattice,8,i,img/target_8.png
11,3,606,lattice,7,r,img/target_4.png
11,3,607,lattice,5,u,img/target_7.png
11,3,608,lattice,4,p,img/target_10.png
11,3,609,lattice,3,w,img/target_2.png
11,3,610,lattice,5,u,img/target_7.png
11,3,611,lattice,7,r,img/target_4.png
11,3,612,lattice,8,i,img/target_8.png
11,3,613,lattice,6,b,img/target_6.png
11,3,614,lattice,8,i,img/target_8.png
11,3,615,lattice,0,e,img/target_3.png
11,3,616,lattice,8,i,img/target_8.png
11,3,617,lattice,6,b,img/target_6.png
11,3,618,lattice,8,i,img/target_8.png
11,3,619,lattice,7,r,img/target_4.png
11,3,620,lattice,5,u,img/target_7.png
11,3,621,lattice,3,w,img/target_2.png
11,3,622,lattice,1,q,img/target_1.png
11,3,623,lattice,9,v,img/target_5.png
11,3,624,lattice,8,i,img/target_8.png
11,3,625,lattice,0,e,img/target_3.png
11,3,626,lattice,1,q,img/target_1.png
11,3,627,lattice,3,w,img/target_2.png
11,3,628,lattice,2,o,img/target_9.png
11,3,629,lattice,4,p,img/target_10.png
11,3,630,lattice,3,w,img/target_2.png
11,3,631,lattice,5,u,img/target_7.png
11,3,632,lattice,4,p,img/target_10.png
11,3,633,lattice,5,u,img/target_7.png
11,3,634,lattice,7,r,img/target_4.png
11,3,635,lattice,8,i,img/target_8.png
11,3,636,lattice,6,b,img/target_6.png
11,3,637,lattice,8,i,img/target_8.png
11,3,638,lattice,6,b,img/target_6.png
11,3,639,lattice,8,i,img/target_8.png
11,3,640,lattice,7,r,img/target_4.png
11,3,641,lattice,6,b,img/target_6.png
11,3,642,lattice,7,r,img/target_4.png
11,3,643,lattice,8,i,img/target_8.png
11,3,644,lattice,7,r,img/target_4.png
11,3,645,lattice,9,v,img/target_5.png
11,3,646,lattice,7,r,img/target_4.png
11,3,647,lattice,5,u,img/target_7.png
11,3,648,lattice,6,b,img/target_6.png
11,3,649,lattice,4,p,img/target_10.png
11,3,650,lattice,5,u,img/target_7.png
11,3,651,lattice,7,r,img/target_4.png
11,3,652,lattice,8,i,img/target_8.png
11,3,653,lattice,9,v,img/target_5.png
11,3,654,lattice,7,r,img/target_4.png
11,3,655,lattice,6,b,img/target_6.png
11,3,656,lattice,5,u,img/target_7.png
11,3,657,lattice,4,p,img/target_10.png
11,3,658,lattice,3,w,img/target_2.png
11,3,659,lattice,1,q,img/target_1.png
11,3,660,lattice,2,o,img/target_9.png
11,3,661,lattice,3,w,img/target_2.png
11,3,662,lattice,5,u,img/target_7.png
11,3,663,lattice,6,b,img/target_6.png
11,3,664,lattice,4,p,img/target_10.png
11,3,665,lattice,6,b,img/target_6.png
11,3,666,lattice,5,u,img/target_7.png
11,3,667,lattice,6,b,img/target_6.png
11,3,668,lattice,7,r,img/target_4.png
11,3,669,lattice,6,b,img/target_6.png
11,3,670,lattice,7,r,img/target_4.png
11,3,671,lattice,6,b,img/target_6.png
11,3,672,lattice,5,u,img/target_7.png
11,3,673,lattice,4,p,img/target_10.png
11,3,674,lattice,5,u,img/target_7.png
11,3,675,lattice,7,r,img/target_4.png
11,3,676,lattice,6,b,img/target_6.png
11,3,677,lattice,4,p,img/target_10.png
11,3,678,lattice,6,b,img/target_6.png
11,3,679,lattice,4,p,img/target_10.png
11,3,680,lattice,5,u,img/target_7.png
11,3,681,lattice,4,p,img/target_10.png
11,3,682,lattice,5,u,img/target_7.png
11,3,683,lattice,4,p,img/target_10.png
11,3,684,lattice,5,u,img/target_7.png
11,3,685,lattice,7,r,img/target_4.png
11,3,686,lattice,8,i,img/target_8.png
11,3,687,lattice,6,b,img/target_6.png
11,3,688,lattice,5,u,img/target_7.png
11,3,689,lattice,3,w,img/target_2.png
11,3,690,lattice,2,o,img/target_9.png
11,3,691,lattice,1,q,img/target_1.png
11,3,692,lattice,2,o,img/target_9.png
11,3,693,lattice,3,w,img/target_2.png
11,3,694,lattice,1,q,img/target_1.png
11,3,695,lattice,2,o,img/target_9.png
11,3,696,lattice,1,q,img/target_1.png
11,3,697,lattice,3,w,img/target_2.png
11,3,698,lattice,4,p,img/target_10.png
11,3,699,lattice,5,u,img/target_7.png
11,3,700,lattice,4,p,img/target_10.png
11,3,701,lattice,3,w,img/target_2.png
11,3,702,lattice,1,q,img/target_1.png
11,3,703,lattice,3,w,img/target_2.png
11,3,704,lattice,5,u,img/target_7.png
11,3,705,lattice,7,r,img/target_4.png
11,3,706,lattice,9,v,img/target_5.png
11,3,707,lattice,7,r,img/target_4.png
11,3,708,lattice,9,v,img/target_5.png
11,3,709,lattice,8,i,img/target_8.png
11,3,710,lattice,7,r,img/target_4.png
11,3,711,lattice,9,v,img/target_5.png
11,3,712,lattice,8,i,img/target_8.png
11,3,713,lattice,6,b,img/target_6.png
11,3,714,lattice,5,u,img/target_7.png
11,3,715,lattice,3,w,img/target_2.png
11,3,716,lattice,4,p,img/target_10.png
11,3,717,lattice,6,b,img/target_6.png
11,3,718,lattice,7,r,img/target_4.png
11,3,719,lattice,6,b,img/target_6.png
11,3,720,lattice,4,p,img/target_10.png
11,3,721,lattice,6,b,img/target_6.png
11,3,722,lattice,8,i,img/target_8.png
11,3,723,lattice,0,e,img/target_3.png
11,3,724,lattice,2,o,img/target_9.png
11,3,725,lattice,0,e,img/target_3.png
11,3,726,lattice,8,i,img/target_8.png
11,3,727,lattice,9,v,img/target_5.png
11,3,728,lattice,7,r,img/target_4.png
11,3,729,lattice,6,b,img/target_6.png
11,3,730,lattice,5,u,img/target_7.png
11,3,731,lattice,6,b,img/target_6.png
11,3,732,lattice,5,u,img/target_7.png
11,3,733,lattice,3,w,img/target_2.png
11,3,734,lattice,4,p,img/target_10.png
11,3,735,lattice,6,b,img/target_6.png
11,3,736,lattice,7,r,img/target_4.png
11,3,737,lattice,6,b,img/target_6.png
11,3,738,lattice,7,r,img/target_4.png
11,3,739,lattice,8,i,img/target_8.png
11,3,740,lattice,7,r,img/target_4.png
11,3,741,lattice,5,u,img/target_7.png
11,3,742,lattice,3,w,img/target_2.png
11,3,743,lattice,1,q,img/target_1.png
11,3,744,lattice,0,e,img/target_3.png
11,3,745,lattice,9,v,img/target_5.png
11,3,746,lattice,8,i,img/target_8.png
11,3,747,lattice,0,e,img/target_3.png
11,3,748,lattice,1,q,img/target_1.png
11,3,749,lattice,2,o,img/target_9.png
11,3,750,lattice,0,e,img/target_3.png
11,3,751,lattice,1,q,img/target_1.png
11,3,752,lattice,2,o,img/target_9.png
11,3,753,lattice,1,q,img/target_1.png
11,3,754,lattice,3,w,img/target_2.png
11,3,755,lattice,5,u,img/target_7.png
11,3,756,lattice,7,r,img/target_4.png
11,3,757,lattice,8,i,img/target_8.png
11,3,758,lattice,9,v,img/target_5.png
11,3,759,lattice,8,i,img/target_8.png
11,3,760,lattice,0,e,img/target_3.png
11,3,761,lattice,1,q,img/target_1.png
11,3,762,lattice,2,o,img/target_9.png
11,3,763,lattice,0,e,img/target_3.png
11,3,764,lattice,2,o,img/target_9.png
11,3,765,lattice,4,p,img/target_10.png
11,3,766,lattice,5,u,img/target_7.png
11,3,767,lattice,4,p,img/target_10.png
11,3,768,lattice,3,w,img/target_2.png
11,3,769,lattice,5,u,img/target_7.png
11,3,770,lattice,4,p,img/target_10.png
11,3,771,lattice,2,o,img/target_9.png
11,3,772,lattice,1,q,img/target_1.png
11,3,773,lattice,0,e,img/target_3.png
11,3,774,lattice,1,q,img/target_1.png
11,3,775,lattice,2,o,img/target_9.png
11,3,776,lattice,3,w,img/target_2.png
11,3,777,lattice,1,q,img/target_1.png
11,3,778,lattice,3,w,img/target_2.png
11,3,779,lattice,1,q,img/target_1.png
11,3,780,lattice,9,v,img/target_5.png
11,3,781,lattice,7,r,img/target_4.png
11,3,782,lattice,8,i,img/target_8.png
11,3,783,lattice,6,b,img/target_6.png
11,3,784,lattice,5,u,img/target_7.png
11,3,785,lattice,3,w,img/target_2.png
11,3,786,lattice,2,o,img/target_9.png
11,3,787,lattice,0,e,img/target_3.png
11,3,788,lattice,9,v,img/target_5.png
11,3,789,lattice,1,q,img/target_1.png
11,3,790,lattice,9,v,img/target_5.png
11,3,791,lattice,7,r,img/target_4.png
11,3,792,lattice,6,b,img/target_6.png
11,3,793,lattice,5,u,img/target_7.png
11,3,794,lattice,4,p,img/target_10.png
11,3,795,lattice,6,b,img/target_6.png
11,3,796,lattice,5,u,img/target_7.png
11,3,797,lattice,3,w,img/target_2.png
11,3,798,lattice,2,o,img/target_9.png
11,3,799,lattice,0,e,img/target_3.png
11,3,800,lattice,1,q,img/target_1.png
11,3,801,lattice,3,w,img/target_2.png
11,3,802,lattice,2,o,img/target_9.png
11,3,803,lattice,3,w,img/target_2.png
11,3,804,lattice,2,o,img/target_9.png
11,3,805,lattice,3,w,img/target_2.png
11,3,806,lattice,5,u,img/target_7.png
11,3,807,lattice,3,w,img/target_2.png
11,3,808,lattice,5,u,img/target_7.png
11,3,809,lattice,6,b,img/target_6.png
11,3,810,lattice,5,u,img/target_7.png
11,3,811,lattice,6,b,img/target_6.png
11,3,812,lattice,8,i,img/target_8.png
11,3,813,lattice,6,b,img/target_6.png
11,3,814,lattice,8,i,img/target_8.png
11,3,815,lattice,7,r,img/target_4.png
11,3,816,lattice,6,b,img/target_6.png
11,3,817,lattice,8,i,img/target_8.png
11,3,818,lattice,0,e,img/target_3.png
11,3,819,lattice,2,o,img/target_9.png
11,3,820,lattice,1,q,img/target_1.png
11,3,821,lattice,9,v,img/target_5.png
11,3,822,lattice,8,i,img/target_8.png
11,3,823,lattice,9,v,img/target_5.png
11,3,824,lattice,0,e,img/target_3.png
11,3,825,lattice,1,q,img/target_1.png
11,3,826,lattice,2,o,img/target_9.png
11,3,827,lattice,3,w,img/target_2.png
11,3,828,lattice,5,u,img/target_7.png
11,3,829,lattice,6,b,img/target_6.png
11,3,830,lattice,5,u,img/target_7.png
11,3,831,lattice,4,p,img/target_10.png
11,3,832,lattice,3,w,img/target_2.png
11,3,833,lattice,4,p,img/target_10.png
11,3,834,lattice,3,w,img/target_2.png
11,3,835,lattice,2,o,img/target_9.png
11,3,836,lattice,4,p,img/target_10.png
11,3,837,lattice,2,o,img/target_9.png
11,3,838,lattice,4,p,img/target_10.png
11,3,839,lattice,2,o,img/target_9.png
11,3,840,lattice,1,q,img/target_1.png
11,3,841,lattice,0,e,img/target_3.png
11,3,842,lattice,8,i,img/target_8.png
11,3,843,lattice,6,b,img/target_6.png
11,3,844,lattice,7,r,img/target_4.png
11,3,845,lattice,6,b,img/target_6.png
11,3,846,lattice,4,p,img/target_10.png
11,3,847,lattice,5,u,img/target_7.png
11,3,848,lattice,7,r,img/target_4.png
11,3,849,lattice,6,b,img/target_6.png
11,3,850,lattice,4,p,img/target_10.png
11,3,851,lattice,2,o,img/target_9.png
11,3,852,lattice,0,e,img/target_3.png
11,3,853,lattice,8,i,img/target_8.png
11,3,854,lattice,9,v,img/target_5.png
11,3,855,lattice,1,q,img/target_1.png
11,3,856,lattice,3,w,img/target_2.png
11,3,857,lattice,1,q,img/target_1.png
11,3,858,lattice,2,o,img/target_9.png
11,3,859,lattice,1,q,img/target_1.png
11,3,860,lattice,0,e,img/target_3.png
11,3,861,lattice,2,o,img/target_9.png
11,3,862,lattice,4,p,img/target_10.png
11,3,863,lattice,3,w,img/target_2.png
11,3,864,lattice,5,u,img/target_7.png
11,3,865,lattice,7,r,img/target_4.png
11,3,866,lattice,5,u,img/target_7.png
11,3,867,lattice,4,p,img/target_10.png
11,3,868,lattice,2,o,img/target_9.png
11,3,869,lattice,1,q,img/target_1.png
11,3,870,lattice,2,o,img/target_9.png
11,3,871,lattice,3,w,img/target_2.png
11,3,872,lattice,5,u,img/target_7.png
11,3,873,lattice,6,b,img/target_6.png
11,3,874,lattice,8,i,img/target_8.png
11,3,875,lattice,9,v,img/target_5.png
11,3,876,lattice,7,r,img/target_4.png
11,3,877,lattice,6,b,img/target_6.png
11,3,878,lattice,5,u,img/target_7.png
11,3,879,lattice,3,w,img/target_2.png
11,3,880,lattice,5,u,img/target_7.png
11,3,881,lattice,3,w,img/target_2.png
11,3,882,lattice,1,q,img/target_1.png
11,3,883,lattice,3,w,img/target_2.png
11,3,884,lattice,4,p,img/target_10.png
11,3,885,lattice,2,o,img/target_9.png
11,3,886,lattice,1,q,img/target_1.png
11,3,887,lattice,9,v,img/target_5.png
11,3,888,lattice,1,q,img/target_1.png
11,3,889,lattice,2,o,img/target_9.png
11,3,890,lattice,4,p,img/target_10.png
11,3,891,lattice,2,o,img/target_9.png
11,3,892,lattice,1,q,img/target_1.png
11,3,893,lattice,9,v,img/target_5.png
11,3,894,lattice,1,q,img/target_1.png
11,3,895,lattice,3,w,img/target_2.png
11,3,896,lattice,2,o,img/target_9.png
11,3,897,lattice,3,w,img/target_2.png
11,3,898,lattice,1,q,img/target_1.png
11,3,899,lattice,0,e,img/target_3.png
11,3,900,lattice,2,o,img/target_9.png
11,3,901,lattice,1,q,img/target_1.png
11,3,902,lattice,9,v,img/target_5.png
11,3,903,lattice,7,r,img/target_4.png
11,3,904,lattice,6,b,img/target_6.png
11,3,905,lattice,5,u,img/target_7.png
11,3,906,lattice,7,r,img/target_4.png
11,3,907,lattice,9,v,img/target_5.png
11,3,908,lattice,8,i,img/target_8.png
11,3,909,lattice,6,b,img/target_6.png
11,3,910,lattice,5,u,img/target_7.png
11,3,911,lattice,3,w,img/target_2.png
11,3,912,lattice,4,p,img/target_10.png
11,3,913,lattice,3,w,img/target_2.png
11,3,914,lattice,4,p,img/target_10.png
11,3,915,lattice,2,o,img/target_9.png
11,3,916,lattice,3,w,img/target_2.png
11,3,917,lattice,1,q,img/target_1.png
11,3,918,lattice,2,o,img/target_9.png
11,3,919,lattice,4,p,img/target_10.png
11,3,920,lattice,6,b,img/target_6.png
11,3,921,lattice,7,r,img/target_4.png
11,3,922,lattice,9,v,img/target_5.png
11,3,923,lattice,0,e,img/target_3.png
11,3,924,lattice,8,i,img/target_8.png
11,3,925,lattice,9,v,img/target_5.png
11,3,926,lattice,7,r,img/target_4.png
11,3,927,lattice,8,i,img/target_8.png
11,3,928,lattice,0,e,img/target_3.png
11,3,929,lattice,2,o,img/target_9.png
11,3,930,lattice,4,p,img/target_10.png
11,3,931,lattice,3,w,img/target_2.png
11,3,932,lattice,1,q,img/target_1.png
11,3,933,lattice,9,v,img/target_5.png
11,3,934,lattice,8,i,img/target_8.png
11,3,935,lattice,7,r,img/target_4.png
11,3,936,lattice,5,u,img/target_7.png
11,3,937,lattice,4,p,img/target_10.png
11,3,938,lattice,6,b,img/target_6.png
11,3,939,lattice,5,u,img/target_7.png
11,3,940,lattice,7,r,img/target_4.png
11,3,941,lattice,5,u,img/target_7.png
11,3,942,lattice,6,b,img/target_6.png
11,3,943,lattice,7,r,img/target_4.png
11,3,944,lattice,8,i,img/target_8.png
11,3,945,lattice,9,v,img/target_5.png
11,3,946,lattice,1,q,img/target_1.png
11,3,947,lattice,2,o,img/target_9.png
11,3,948,lattice,0,e,img/target_3.png
11,3,949,lattice,9,v,img/target_5.png
11,3,950,lattice,7,r,img/target_4.png
11,3,951,lattice,5,u,img/target_7.png
11,3,952,lattice,4,p,img/target_10.png
11,3,953,lattice,2,o,img/target_9.png
11,3,954,lattice,0,e,img/target_3.png
11,3,955,lattice,2,o,img/target_9.png
11,3,956,lattice,3,w,img/target_2.png
11,3,957,lattice,1,q,img/target_1.png
11,3,958,lattice,9,v,img/target_5.png
11,3,959,lattice,0,e,img/target_3.png
11,3,960,lattice,2,o,img/target_9.png
11,3,961,lattice,1,q,img/target_1.png
11,3,962,lattice,2,o,img/target_9.png
11,3,963,lattice,1,q,img/target_1.png
11,3,964,lattice,2,o,img/target_9.png
11,3,965,lattice,1,q,img/target_1.png
11,3,966,lattice,3,w,img/target_2.png
11,3,967,lattice,1,q,img/target_1.png
11,3,968,lattice,2,o,img/target_9.png
11,3,969,lattice,0,e,img/target_3.png
11,3,970,lattice,2,o,img/target_9.png
11,3,971,lattice,1,q,img/target_1.png
11,3,972,lattice,0,e,img/target_3.png
11,3,973,lattice,1,q,img/target_1.png
11,3,974,lattice,9,v,img/target_5.png
11,3,975,lattice,8,i,img/target_8.png
11,3,976,lattice,0,e,img/target_3.png
11,3,977,lattice,2,o,img/target_9.png
11,3,978,lattice,0,e,img/target_3.png
11,3,979,lattice,2,o,img/target_9.png
11,3,980,lattice,0,e,img/target_3.png
11,3,981,lattice,2,o,img/target_9.png
11,3,982,lattice,0,e,img/target_3.png
11,3,983,lattice,2,o,img/target_9.png
11,3,984,lattice,0,e,img/target_3.png
11,3,985,lattice,2,o,img/target_9.png
11,3,986,lattice,0,e,img/target_3.png
11,3,987,lattice,9,v,img/target_5.png
11,3,988,lattice,7,r,img/target_4.png
11,3,989,lattice,9,v,img/target_5.png
11,3,990,lattice,1,q,img/target_1.png
11,3,991,lattice,9,v,img/target_5.png
11,3,992,lattice,7,r,img/target_4.png
11,3,993,lattice,9,v,img/target_5.png
11,3,994,lattice,1,q,img/target_1.png
11,3,995,lattice,0,e,img/target_3.png
11,3,996,lattice,8,i,img/target_8.png
11,3,997,lattice,7,r,img/target_4.png
11,3,998,lattice,6,b,img/target_6.png
11,3,999,lattice,4,p,img/target_10.png
11,3,1000,lattice,5,u,img/target_7.png
