pID,sess,trialNum,graph,walk,resp,path
11,1,1,lattice,1,q,img/target_1.png
11,1,2,lattice,2,o,img/target_9.png
11,1,3,lattice,4,p,img/target_10.png
11,1,4,lattice,2,o,img/target_9.png
11,1,5,lattice,0,e,img/target_3.png
11,1,6,lattice,2,o,img/target_9.png
11,1,7,lattice,3,w,img/target_2.png
11,1,8,lattice,4,p,img/target_10.png
11,1,9,lattice,3,w,img/target_2.png
11,1,10,lattice,2,o,img/target_9.png
11,1,11,lattice,0,e,img/target_3.png
11,1,12,lattice,8,i,img/target_8.png
11,1,13,lattice,7,r,img/target_4.png
11,1,14,lattice,6,b,img/target_6.png
11,1,15,lattice,5,u,img/target_7.png
11,1,16,lattice,3,w,img/target_2.png
11,1,17,lattice,5,u,img/target_7.png
11,1,18,lattice,4,p,img/target_10.png
11,1,19,lattice,3,w,img/target_2.png
11,1,20,lattice,4,p,img/target_10.png
11,1,21,lattice,6,b,img/target_6.png
11,1,22,lattice,7,r,img/target_4.png
11,1,23,lattice,5,u,img/target_7.png
11,1,24,lattice,4,p,img/target_10.png
11,1,25,lattice,2,o,img/target_9.png
11,1,26,lattice,4,p,img/target_10.png
11,1,27,lattice,5,u,img/target_7.png
11,1,28,lattice,6,b,img/target_6.png
11,1,29,lattice,5,u,img/target_7.png
11,1,30,lattice,3,w,img/target_2.png
11,1,31,lattice,1,q,img/target_1.png
11,1,32,lattice,2,o,img/target_9.png
11,1,33,lattice,4,p,img/target_10.png
11,1,34,lattice,6,b,img/target_6.png
11,1,35,lattice,4,p,img/target_10.png
11,1,36,lattice,5,u,img/target_7.png
11,1,37,lattice,4,p,img/target_10.png
11,1,38,lattice,6,b,img/target_6.png
11,1,39,lattice,7,r,img/target_4.png
11,1,40,lattice,5,u,img/target_7.png
11,1,41,lattice,4,p,img/target_10.png
11,1,42,lattice,2,o,img/target_9.png
11,1,43,lattice,3,w,img/target_2.png
11,1,44,lattice,5,u,img/target_7.png
11,1,45,lattice,3,w,img/target_2.png
11,1,46,lattice,1,q,img/target_1.png
11,1,47,lattice,0,e,img/target_3.png
11,1,48,lattice,9,v,img/target_5.png
11,1,49,lattice,7,r,img/target_4.png
11,1,50,lattice,8,i,img/target_8.png
11,1,51,lattice,0,e,img/target_3.png
11,1,52,lattice,8,i,img/target_8.png
11,1,53,lattice,7,r,img/target_4.png
11,1,54,lattice,8,i,img/target_8.png
11,1,55,lattice,7,r,img/target_4.png
11,1,56,lattice,5,u,img/target_7.png
11,1,57,lattice,6,b,img/target_6.png
11,1,58,lattice,8,i,img/target_8.png
11,1,59,lattice,6,b,img/target_6.png
11,1,60,lattice,5,u,img/target_7.png
11,1,61,lattice,6,b,img/target_6.png
11,1,62,lattice,4,p,img/target_10.png
11,1,63,lattice,6,b,img/target_6.png
11,1,64,lattice,4,p,img/target_10.png
11,1,65,lattice,6,b,img/target_6.png
11,1,66,lattice,7,r,img/target_4.png
11,1,67,lattice,9,v,img/target_5.png
11,1,68,lattice,1,q,img/target_1.png
11,1,69,lattice,3,w,img/target_2.png
11,1,70,lattice,5,u,img/target_7.png
11,1,71,lattice,7,r,img/target_4.png
11,1,72,lattice,9,v,img/target_5.png
11,1,73,lattice,7,r,img/target_4.png
11,1,74,lattice,6,b,img/target_6.png
11,1,75,lattice,7,r,img/target_4.png
11,1,76,lattice,6,b,img/target_6.png
11,1,77,lattice,5,u,img/target_7.png
11,1,78,lattice,6,b,img/target_6.png
11,1,79,lattice,4,p,img/target_10.png
11,1,80,lattice,5,u,img/target_7.png
11,1,81,lattice,4,p,img/target_10.png
11,1,82,lattice,5,u,img/target_7.png
11,1,83,lattice,7,r,img/target_4.png
11,1,84,lattice,5,u,img/target_7.png
11,1,85,lattice,4,p,img/target_10.png
11,1,86,lattice,6,b,img/target_6.png
11,1,87,lattice,4,p,img/target_10.png
11,1,88,lattice,6,b,img/target_6.png
11,1,89,lattice,8,i,img/target_8.png
11,1,90,lattice,7,r,img/target_4.png
11,1,91,lattice,6,b,img/target_6.png
11,1,92,lattice,7,r,img/target_4.png
11,1,93,lattice,8,i,img/target_8.png
11,1,94,lattice,0,e,img/target_3.png
11,1,95,lattice,8,i,img/target_8.png
11,1,96,lattice,0,e,img/target_3.png
11,1,97,lattice,1,q,img/target_1.png
11,1,98,lattice,9,v,img/target_5.png
11,1,99,lattice,0,e,img/target_3.png
11,1,100,lattice,9,v,img/target_5.png
11,1,101,lattice,8,i,img/target_8.png
11,1,102,lattice,0,e,img/target_3.png
11,1,103,lattice,1,q,img/target_1.png
11,1,104,lattice,0,e,img/target_3.png
11,1,105,lattice,2,o,img/target_9.png
11,1,106,lattice,3,w,img/target_2.png
11,1,107,lattice,2,o,img/target_9.png
11,1,108,lattice,3,w,img/target_2.png
11,1,109,lattice,1,q,img/target_1.png
11,1,110,lattice,0,e,img/target_3.png
11,1,111,lattice,2,o,img/target_9.png
11,1,112,lattice,1,q,img/target_1.png
11,1,113,lattice,0,e,img/target_3.png
11,1,114,lattice,8,i,img/target_8.png
11,1,115,lattice,6,b,img/target_6.png
11,1,116,lattice,8,i,img/target_8.png
11,1,117,lattice,6,b,img/target_6.png
11,1,118,lattice,7,r,img/target_4.png
11,1,119,lattice,5,u,img/target_7.png
11,1,120,lattice,7,r,img/target_4.png
11,1,121,lattice,6,b,img/target_6.png
11,1,122,lattice,4,p,img/target_10.png
11,1,123,lattice,5,u,img/target_7.png
11,1,124,lattice,3,w,img/target_2.png
11,1,125,lattice,1,q,img/target_1.png
11,1,126,lattice,0,e,img/target_3.png
11,1,127,lattice,8,i,img/target_8.png
11,1,128,lattice,9,v,img/target_5.png
11,1,129,lattice,7,r,img/target_4.png
11,1,130,lattice,9,v,img/target_5.png
11,1,131,lattice,8,i,img/target_8.png
11,1,132,lattice,7,r,img/target_4.png
11,1,133,lattice,8,i,img/target_8.png
11,1,134,lattice,7,r,img/target_4.png
11,1,135,lattice,5,u,img/target_7.png
11,1,136,lattice,6,b,img/target_6.png
11,1,137,lattice,8,i,img/target_8.png
11,1,138,lattice,7,r,img/target_4.png
11,1,139,lattice,9,v,img/target_5.png
11,1,140,lattice,1,q,img/target_1.png
11,1,141,lattice,2,o,img/target_9.png
11,1,142,lattice,0,e,img/target_3.png
11,1,143,lattice,1,q,img/target_1.png
11,1,144,lattice,3,w,img/target_2.png
11,1,145,lattice,2,o,img/target_9.png
11,1,146,lattice,3,w,img/target_2.png
11,1,147,lattice,1,q,img/target_1.png
11,1,148,lattice,2,o,img/target_9.png
11,1,149,lattice,1,q,img/target_1.png
11,1,150,lattice,3,w,img/target_2.png
11,1,151,lattice,2,o,img/target_9.png
11,1,152,lattice,1,q,img/target_1.png
11,1,153,lattice,0,e,img/target_3.png
11,1,154,lattice,8,i,img/target_8.png
11,1,155,lattice,9,v,img/target_5.png
11,1,156,lattice,0,e,img/target_3.png
11,1,157,lattice,9,v,img/target_5.png
11,1,158,lattice,0,e,img/target_3.png
11,1,159,lattice,1,q,img/target_1.png
11,1,160,lattice,0,e,img/target_3.png
11,1,161,lattice,2,o,img/target_9.png
11,1,162,lattice,4,p,img/target_10.png
11,1,163,lattice,6,b,img/target_6.png
11,1,164,lattice,5,u,img/target_7.png
11,1,165,lattice,4,p,img/target_10.png
11,1,166,lattice,2,o,img/target_9.png
11,1,167,lattice,1,q,img/target_1.png
11,1,168,lattice,3,w,img/target_2.png
11,1,169,lattice,1,q,img/target_1.png
11,1,170,lattice,3,w,img/target_2.png
11,1,171,lattice,1,q,img/target_1.png
11,1,172,lattice,9,v,img/target_5.png
11,1,173,lattice,1,q,img/target_1.png
11,1,174,lattice,2,o,img/target_9.png
11,1,175,lattice,3,w,img/target_2.png
11,1,176,lattice,2,o,img/target_9.png
11,1,177,lattice,4,p,img/target_10.png
11,1,178,lattice,6,b,img/target_6.png
11,1,179,lattice,4,p,img/target_10.png
11,1,180,lattice,2,o,img/target_9.png
11,1,181,lattice,3,w,img/target_2.png
11,1,182,lattice,2,o,img/target_9.png
11,1,183,lattice,4,p,img/target_10.png
11,1,184,lattice,2,o,img/target_9.png
11,1,185,lattice,1,q,img/target_1.png
11,1,186,lattice,2,o,img/target_9.png
11,1,187,lattice,1,q,img/target_1.png
11,1,188,lattice,2,o,img/target_9.png
11,1,189,lattice,3,w,img/target_2.png
11,1,190,lattice,2,o,img/target_9.png
11,1,191,lattice,0,e,img/target_3.png
11,1,192,lattice,8,i,img/target_8.png
11,1,193,lattice,0,e,img/target_3.png
11,1,194,lattice,8,i,img/target_8.png
11,1,195,lattice,9,v,img/target_5.png
11,1,196,lattice,0,e,img/target_3.png
11,1,197,lattice,1,q,img/target_1.png
11,1,198,lattice,9,v,img/target_5.png
11,1,199,lattice,7,r,img/target_4.png
11,1,200,lattice,6,b,img/target_6.png
11,1,201,lattice,7,r,img/target_4.png
11,1,202,lattice,5,u,img/target_7.png
11,1,203,lattice,3,w,img/target_2.png
11,1,204,lattice,1,q,img/target_1.png
11,1,205,lattice,2,o,img/target_9.png
11,1,206,lattice,4,p,img/target_10.png
11,1,207,lattice,6,b,img/target_6.png
11,1,208,lattice,5,u,img/target_7.png
11,1,209,lattice,3,w,img/target_2.png
11,1,210,lattice,2,o,img/target_9.png
11,1,211,lattice,0,e,img/target_3.png
11,1,212,lattice,1,q,img/target_1.png
11,1,213,lattice,3,w,img/target_2.png
11,1,214,lattice,1,q,img/target_1.png
11,1,215,lattice,0,e,img/target_3.png
11,1,216,lattice,2,o,img/target_9.png
11,1,217,lattice,1,q,img/target_1.png
11,1,218,lattice,9,v,img/target_5.png
11,1,219,lattice,7,r,img/target_4.png
11,1,220,lattice,9,v,img/target_5.png
11,1,221,lattice,7,r,img/target_4.png
11,1,222,lattice,5,u,img/target_7.png
11,1,223,lattice,7,r,img/target_4.png
11,1,224,lattice,8,i,img/target_8.png
11,1,225,lattice,7,r,img/target_4.png
11,1,226,lattice,9,v,img/target_5.png
11,1,227,lattice,1,q,img/target_1.png
11,1,228,lattice,0,e,img/target_3.png
11,1,229,lattice,9,v,img/target_5.png
11,1,230,lattice,8,i,img/target_8.png
11,1,231,lattice,9,v,img/target_5.png
11,1,232,lattice,0,e,img/target_3.png
11,1,233,lattice,1,q,img/target_1.png
11,1,234,lattice,0,e,img/target_3.png
11,1,235,lattice,1,q,img/target_1.png
11,1,236,lattice,2,o,img/target_9.png
11,1,237,lattice,4,p,img/target_10.png
11,1,238,lattice,3,w,img/target_2.png
11,1,239,lattice,5,u,img/target_7.png
11,1,240,lattice,3,w,img/target_2.png
11,1,241,lattice,1,q,img/target_1.png
11,1,242,lattice,9,v,img/target_5.png
11,1,243,lattice,8,i,img/target_8.png
11,1,244,lattice,9,v,img/target_5.png
11,1,245,lattice,7,r,img/target_4.png
11,1,246,lattice,9,v,img/target_5.png
11,1,247,lattice,7,r,img/target_4.png
11,1,248,lattice,9,v,img/target_5.png
11,1,249,lattice,1,q,img/target_1.png
11,1,250,lattice,0,e,img/target_3.png
11,1,251,lattice,9,v,img/target_5.png
11,1,252,lattice,0,e,img/target_3.png
11,1,253,lattice,2,o,img/target_9.png
11,1,254,lattice,0,e,img/target_3.png
11,1,255,lattice,1,q,img/target_1.png
11,1,256,lattice,2,o,img/target_9.png
11,1,257,lattice,4,p,img/target_10.png
11,1,258,lattice,3,w,img/target_2.png
11,1,259,lattice,5,u,img/target_7.png
11,1,260,lattice,7,r,img/target_4.png
11,1,261,lattice,9,v,img/target_5.png
11,1,262,lattice,1,q,img/target_1.png
11,1,263,lattice,9,v,img/target_5.png
11,1,264,lattice,0,e,img/target_3.png
11,1,265,lattice,9,v,img/target_5.png
11,1,266,lattice,0,e,img/target_3.png
11,1,267,lattice,8,i,img/target_8.png
11,1,268,lattice,9,v,img/target_5.png
11,1,269,lattice,0,e,img/target_3.png
11,1,270,lattice,1,q,img/target_1.png
11,1,271,lattice,2,o,img/target_9.png
11,1,272,lattice,4,p,img/target_10.png
11,1,273,lattice,2,o,img/target_9.png
11,1,274,lattice,0,e,img/target_3.png
11,1,275,lattice,9,v,img/target_5.png
11,1,276,lattice,7,r,img/target_4.png
11,1,277,lattice,9,v,img/target_5.png
11,1,278,lattice,0,e,img/target_3.png
11,1,279,lattice,9,v,img/target_5.png
11,1,280,lattice,7,r,img/target_4.png
11,1,281,lattice,5,u,img/target_7.png
11,1,282,lattice,7,r,img/target_4.png
11,1,283,lattice,5,u,img/target_7.png
11,1,284,lattice,7,r,img/target_4.png
11,1,285,lattice,6,b,img/target_6.png
11,1,286,lattice,5,u,img/target_7.png
11,1,287,lattice,7,r,img/target_4.png
11,1,288,lattice,5,u,img/target_7.png
11,1,289,lattice,6,b,img/target_6.png
11,1,290,lattice,8,i,img/target_8.png
11,1,291,lattice,9,v,img/target_5.png
11,1,292,lattice,1,q,img/target_1.png
11,1,293,lattice,2,o,img/target_9.png
11,1,294,lattice,4,p,img/target_10.png
11,1,295,lattice,2,o,img/target_9.png
11,1,296,lattice,4,p,img/target_10.png
11,1,297,lattice,2,o,img/target_9.png
11,1,298,lattice,0,e,img/target_3.png
11,1,299,lattice,2,o,img/target_9.png
11,1,300,lattice,4,p,img/target_10.png
11,1,301,lattice,2,o,img/target_9.png
11,1,302,lattice,1,q,img/target_1.png
11,1,303,lattice,3,w,img/target_2.png
11,1,304,lattice,1,q,img/target_1.png
11,1,305,lattice,9,v,img/target_5.png
11,1,306,lattice,7,r,img/target_4.png
11,1,307,lattice,8,i,img/target_8.png
11,1,308,lattice,6,b,img/target_6.png
11,1,309,lattice,5,u,img/target_7.png
11,1,310,lattice,4,p,img/target_10.png
11,1,311,lattice,3,w,img/target_2.png
11,1,312,lattice,5,u,img/target_7.png
11,1,313,lattice,4,p,img/target_10.png
11,1,314,lattice,3,w,img/target_2.png
11,1,315,lattice,5,u,img/target_7.png
11,1,316,lattice,4,p,img/target_10.png
11,1,317,lattice,3,w,img/target_2.png
11,1,318,lattice,2,o,img/target_9.png
11,1,319,lattice,3,w,img/target_2.png
11,1,320,lattice,4,p,img/target_10.png
11,1,321,lattice,6,b,img/target_6.png
11,1,322,lattice,5,u,img/target_7.png
11,1,323,lattice,3,w,img/target_2.png
11,1,324,lattice,2,o,img/target_9.png
11,1,325,lattice,1,q,img/target_1.png
11,1,326,lattice,2,o,img/target_9.png
11,1,327,lattice,0,e,img/target_3.png
11,1,328,lattice,8,i,img/target_8.png
11,1,329,lattice,9,v,img/target_5.png
11,1,330,lattice,1,q,img/target_1.png
11,1,331,lattice,0,e,img/target_3.png
11,1,332,lattice,1,q,img/target_1.png
11,1,333,lattice,9,v,img/target_5.png
11,1,334,lattice,1,q,img/target_1.png
11,1,335,lattice,3,w,img/target_2.png
11,1,336,lattice,2,o,img/target_9.png
11,1,337,lattice,3,w,img/target_2.png
11,1,338,lattice,4,p,img/target_10.png
11,1,339,lattice,3,w,img/target_2.png
11,1,340,lattice,2,o,img/target_9.png
11,1,341,lattice,4,p,img/target_10.png
11,1,342,lattice,2,o,img/target_9.png
11,1,343,lattice,4,p,img/target_10.png
11,1,344,lattice,5,u,img/target_7.png
11,1,345,lattice,4,p,img/target_10.png
11,1,346,lattice,5,u,img/target_7.png
11,1,347,lattice,6,b,img/target_6.png
11,1,348,lattice,5,u,img/target_7.png
11,1,349,lattice,6,b,img/target_6.png
11,1,350,lattice,7,r,img/target_4.png
11,1,351,lattice,5,u,img/target_7.png
11,1,352,lattice,4,p,img/target_10.png
11,1,353,lattice,3,w,img/target_2.png
11,1,354,lattice,4,p,img/target_10.png
11,1,355,lattice,5,u,img/target_7.png
11,1,356,lattice,7,r,img/target_4.png
11,1,357,lattice,8,i,img/target_8.png
11,1,358,lattice,7,r,img/target_4.png
11,1,359,lattice,5,u,img/target_7.png
11,1,360,lattice,7,r,img/target_4.png
11,1,361,lattice,6,b,img/target_6.png
11,1,362,lattice,8,i,img/target_8.png
11,1,363,lattice,9,v,img/target_5.png
11,1,364,lattice,8,i,img/target_8.png
11,1,365,lattice,6,b,img/target_6.png
11,1,366,lattice,5,u,img/target_7.png
11,1,367,lattice,4,p,img/target_10.png
11,1,368,lattice,5,u,img/target_7.png
11,1,369,lattice,7,r,img/target_4.png
11,1,370,lattice,8,i,img/target_8.png
11,1,371,lattice,0,e,img/target_3.png
11,1,372,lattice,2,o,img/target_9.png
11,1,373,lattice,0,e,img/target_3.png
11,1,374,lattice,9,v,img/target_5.png
11,1,375,lattice,1,q,img/target_1.png
11,1,376,lattice,0,e,img/target_3.png
11,1,377,lattice,2,o,img/target_9.png
11,1,378,lattice,1,q,img/target_1.png
11,1,379,lattice,9,v,img/target_5.png
11,1,380,lattice,1,q,img/target_1.png
11,1,381,lattice,2,o,img/target_9.png
11,1,382,lattice,3,w,img/target_2.png
11,1,383,lattice,5,u,img/target_7.png
11,1,384,lattice,7,r,img/target_4.png
11,1,385,lattice,8,i,img/target_8.png
11,1,386,lattice,0,e,img/target_3.png
11,1,387,lattice,9,v,img/target_5.png
11,1,388,lattice,8,i,img/target_8.png
11,1,389,lattice,7,r,img/target_4.png
11,1,390,lattice,8,i,img/target_8.png
11,1,391,lattice,7,r,img/target_4.png
11,1,392,lattice,9,v,img/target_5.png
11,1,393,lattice,7,r,img/target_4.png
11,1,394,lattice,9,v,img/target_5.png
11,1,395,lattice,0,e,img/target_3.png
11,1,396,lattice,1,q,img/target_1.png
11,1,397,lattice,0,e,img/target_3.png
11,1,398,lattice,2,o,img/target_9.png
11,1,399,lattice,0,e,img/target_3.png
11,1,400,lattice,1,q,img/target_1.png
11,1,401,lattice,0,e,img/target_3.png
11,1,402,lattice,9,v,img/target_5.png
11,1,403,lattice,7,r,img/target_4.png
11,1,404,lattice,6,b,img/target_6.png
11,1,405,lattice,5,u,img/target_7.png
11,1,406,lattice,3,w,img/target_2.png
11,1,407,lattice,1,q,img/target_1.png
11,1,408,lattice,3,w,img/target_2.png
11,1,409,lattice,1,q,img/target_1.png
11,1,410,lattice,3,w,img/target_2.png
11,1,411,lattice,5,u,img/target_7.png
11,1,412,lattice,3,w,img/target_2.png
11,1,413,lattice,4,p,img/target_10.png
11,1,414,lattice,6,b,img/target_6.png
11,1,415,lattice,4,p,img/target_10.png
11,1,416,lattice,5,u,img/target_7.png
11,1,417,lattice,4,p,img/target_10.png
11,1,418,lattice,5,u,img/target_7.png
11,1,419,lattice,6,b,img/target_6.png
11,1,420,lattice,8,i,img/target_8.png
11,1,421,lattice,0,e,img/target_3.png
11,1,422,lattice,1,q,img/target_1.png
11,1,423,lattice,2,o,img/target_9.png
11,1,424,lattice,4,p,img/target_10.png
11,1,425,lattice,2,o,img/target_9.png
11,1,426,lattice,3,w,img/target_2.png
11,1,427,lattice,2,o,img/target_9.png
11,1,428,lattice,3,w,img/target_2.png
11,1,429,lattice,5,u,img/target_7.png
11,1,430,lattice,3,w,img/target_2.png
11,1,431,lattice,4,p,img/target_10.png
11,1,432,lattice,3,w,img/target_2.png
11,1,433,lattice,4,p,img/target_10.png
11,1,434,lattice,5,u,img/target_7.png
11,1,435,lattice,6,b,img/target_6.png
11,1,436,lattice,8,i,img/target_8.png
11,1,437,lattice,0,e,img/target_3.png
11,1,438,lattice,2,o,img/target_9.png
11,1,439,lattice,0,e,img/target_3.png
11,1,440,lattice,8,i,img/target_8.png
11,1,441,lattice,7,r,img/target_4.png
11,1,442,lattice,8,i,img/target_8.png
11,1,443,lattice,7,r,img/target_4.png
11,1,444,lattice,9,v,img/target_5.png
11,1,445,lattice,0,e,img/target_3.png
11,1,446,lattice,8,i,img/target_8.png
11,1,447,lattice,9,v,img/target_5.png
11,1,448,lattice,7,r,img/target_4.png
11,1,449,lattice,8,i,img/target_8.png
11,1,450,lattice,7,r,img/target_4.png
11,1,451,lattice,9,v,img/target_5.png
11,1,452,lattice,8,i,img/target_8.png
11,1,453,lattice,0,e,img/target_3.png
11,1,454,lattice,9,v,img/target_5.png
11,1,455,lattice,1,q,img/target_1.png
11,1,456,lattice,9,v,img/target_5.png
11,1,457,lattice,1,q,img/target_1.png
11,1,458,lattice,3,w,img/target_2.png
11,1,459,lattice,2,o,img/target_9.png
11,1,460,lattice,0,e,img/target_3.png
11,1,461,lattice,8,i,img/target_8.png
11,1,462,lattice,9,v,img/target_5.png
11,1,463,lattice,0,e,img/target_3.png
11,1,464,lattice,2,o,img/target_9.png
11,1,465,lattice,4,p,img/target_10.png
11,1,466,lattice,3,w,img/target_2.png
11,1,467,lattice,1,q,img/target_1.png
11,1,468,lattice,9,v,img/target_5.png
11,1,469,lattice,1,q,img/target_1.png
11,1,470,lattice,3,w,img/target_2.png
11,1,471,lattice,1,q,img/target_1.png
11,1,472,lattice,2,o,img/target_9.png
11,1,473,lattice,0,e,img/target_3.png
11,1,474,lattice,1,q,img/target_1.png
11,1,475,lattice,3,w,img/target_2.png
11,1,476,lattice,5,u,img/target_7.png
11,1,477,lattice,7,r,img/target_4.png
11,1,478,lattice,5,u,img/target_7.png
11,1,479,lattice,4,p,img/target_10.png
11,1,480,lattice,6,b,img/target_6.png
11,1,481,lattice,7,r,img/target_4.png
11,1,482,lattice,5,u,img/target_7.png
11,1,483,lattice,3,w,img/target_2.png
11,1,484,lattice,5,u,img/target_7.png
11,1,485,lattice,4,p,img/target_10.png
11,1,486,lattice,5,u,img/target_7.png
11,1,487,lattice,6,b,img/target_6.png
11,1,488,lattice,8,i,img/target_8.png
11,1,489,lattice,9,v,img/target_5.png
11,1,490,lattice,7,r,img/target_4.png
11,1,491,lattice,6,b,img/target_6.png
11,1,492,lattice,8,i,img/target_8.png
11,1,493,lattice,0,e,img/target_3.png
11,1,494,lattice,2,o,img/target_9.png
11,1,495,lattice,4,p,img/target_10.png
11,1,496,lattice,2,o,img/target_9.png
11,1,497,lattice,1,q,img/target_1.png
11,1,498,lattice,2,o,img/target_9.png
11,1,499,lattice,3,w,img/target_2.png
11,1,500,lattice,5,u,img/target_7.png
11,1,501,lattice,3,w,img/target_2.png
11,1,502,lattice,4,p,img/target_10.png
11,1,503,lattice,5,u,img/target_7.png
11,1,504,lattice,3,w,img/target_2.png
11,1,505,lattice,5,u,img/target_7.png
11,1,506,lattice,7,r,img/target_4.png
11,1,507,lattice,5,u,img/target_7.png
11,1,508,lattice,4,p,img/target_10.png
11,1,509,lattice,3,w,img/target_2.png
11,1,510,lattice,2,o,img/target_9.png
11,1,511,lattice,4,p,img/target_10.png
11,1,512,lattice,6,b,img/target_6.png
11,1,513,lattice,7,r,img/target_4.png
11,1,514,lattice,8,i,img/target_8.png
11,1,515,lattice,7,r,img/target_4.png
11,1,516,lattice,5,u,img/target_7.png
11,1,517,lattice,3,w,img/target_2.png
11,1,518,lattice,2,o,img/target_9.png
11,1,519,lattice,3,w,img/target_2.png
11,1,520,lattice,4,p,img/target_10.png
11,1,521,lattice,6,b,img/target_6.png
11,1,522,lattice,8,i,img/target_8.png
11,1,523,lattice,7,r,img/target_4.png
11,1,524,lattice,5,u,img/target_7.png
11,1,525,lattice,7,r,img/target_4.png
11,1,526,lattice,8,i,img/target_8.png
11,1,527,lattice,6,b,img/target_6.png
11,1,528,lattice,8,i,img/target_8.png
11,1,529,lattice,6,b,img/target_6.png
11,1,530,lattice,8,i,img/target_8.png
11,1,531,lattice,6,b,img/target_6.png
11,1,532,lattice,4,p,img/target_10.png
11,1,533,lattice,2,o,img/target_9.png
11,1,534,lattice,0,e,img/target_3.png
11,1,535,lattice,9,v,img/target_5.png
11,1,536,lattice,7,r,img/target_4.png
11,1,537,lattice,6,b,img/target_6.png
11,1,538,lattice,7,r,img/target_4.png
11,1,539,lattice,5,u,img/target_7.png
11,1,540,lattice,6,b,img/target_6.png
11,1,541,lattice,8,i,img/target_8.png
11,1,542,lattice,0,e,img/target_3.png
11,1,543,lattice,1,q,img/target_1.png
11,1,544,lattice,3,w,img/target_2.png
11,1,545,lattice,5,u,img/target_7.png
11,1,546,lattice,6,b,img/target_6.png
11,1,547,lattice,7,r,img/target_4.png
11,1,548,lattice,5,u,img/target_7.png
11,1,549,lattice,6,b,img/target_6.png
11,1,550,lattice,5,u,img/target_7.png
11,1,551,lattice,6,b,img/target_6.png
11,1,552,lattice,4,p,img/target_10.png
11,1,553,lattice,2,o,img/target_9.png
11,1,554,lattice,1,q,img/target_1.png
11,1,555,lattice,9,v,img/target_5.png
11,1,556,lattice,0,e,img/target_3.png
11,1,557,lattice,2,o,img/target_9.png
11,1,558,lattice,0,e,img/target_3.png
11,1,559,lattice,9,v,img/target_5.png
11,1,560,lattice,8,i,img/target_8.png
11,1,561,lattice,6,b,img/target_6.png
11,1,562,lattice,8,i,img/target_8.png
11,1,563,lattice,7,r,img/target_4.png
11,1,564,lattice,8,i,img/target_8.png
11,1,565,lattice,7,r,img/target_4.png
11,1,566,lattice,9,v,img/target_5.png
11,1,567,lattice,7,r,img/target_4.png
11,1,568,lattice,9,v,img/target_5.png
11,1,569,lattice,8,i,img/target_8.png
11,1,570,lattice,7,r,img/target_4.png
11,1,571,lattice,6,b,img/target_6.png
11,1,572,lattice,7,r,img/target_4.png
11,1,573,lattice,8,i,img/target_8.png
11,1,574,lattice,7,r,img/target_4.png
11,1,575,lattice,8,i,img/target_8.png
11,1,576,lattice,0,e,img/target_3.png
11,1,577,lattice,2,o,img/target_9.png
11,1,578,lattice,0,e,img/target_3.png
11,1,579,lattice,1,q,img/target_1.png
11,1,580,lattice,0,e,img/target_3.png
11,1,581,lattice,8,i,img/target_8.png
11,1,582,lattice,9,v,img/target_5.png
11,1,583,lattice,7,r,img/target_4.png
11,1,584,lattice,5,u,img/target_7.png
11,1,585,lattice,4,p,img/target_10.png
11,1,586,lattice,5,u,img/target_7.png
11,1,587,lattice,7,r,img/target_4.png
11,1,588,lattice,9,v,img/target_5.png
11,1,589,lattice,0,e,img/target_3.png
11,1,590,lattice,1,q,img/target_1.png
11,1,591,lattice,0,e,img/target_3.png
11,1,592,lattice,2,o,img/target_9.png
11,1,593,lattice,3,w,img/target_2.png
11,1,594,lattice,4,p,img/target_10.png
11,1,595,lattice,2,o,img/target_9.png
11,1,596,lattice,0,e,img/target_3.png
11,1,597,lattice,8,i,img/target_8.png
11,1,598,lattice,6,b,img/target_6.png
11,1,599,lattice,8,i,img/target_8.png
11,1,600,lattice,6,b,img/target_6.png
11,1,601,lattice,8,i,img/target_8.png
11,1,602,lattice,6,b,img/target_6.png
11,1,603,lattice,4,p,img/target_10.png
11,1,604,lattice,5,u,img/target_7.png
11,1,605,lattice,3,w,img/target_2.png
11,1,606,lattice,5,u,img/target_7.png
11,1,607,lattice,6,b,img/target_6.png
11,1,608,lattice,7,r,img/target_4.png
11,1,609,lattice,9,v,img/target_5.png
11,1,610,lattice,0,e,img/target_3.png
11,1,611,lattice,8,i,img/target_8.png
11,1,612,lattice,9,v,img/target_5.png
11,1,613,lattice,7,r,img/target_4.png
11,1,614,lattice,9,v,img/target_5.png
11,1,615,lattice,0,e,img/target_3.png
11,1,616,lattice,8,i,img/target_8.png
11,1,617,lattice,0,e,img/target_3.png
11,1,618,lattice,2,o,img/target_9.png
11,1,619,lattice,4,p,img/target_10.png
11,1,620,lattice,2,o,img/target_9.png
11,1,621,lattice,0,e,img/target_3.png
11,1,622,lattice,2,o,img/target_9.png
11,1,623,lattice,4,p,img/target_10.png
11,1,624,lattice,6,b,img/target_6.png
11,1,625,lattice,4,p,img/target_10.png
11,1,626,lattice,2,o,img/target_9.png
11,1,627,lattice,0,e,img/target_3.png
11,1,628,lattice,2,o,img/target_9.png
11,1,629,lattice,4,p,img/target_10.png
11,1,630,lattice,6,b,img/target_6.png
11,1,631,lattice,5,u,img/target_7.png
11,1,632,lattice,4,p,img/target_10.png
11,1,633,lattice,2,o,img/target_9.png
11,1,634,lattice,3,w,img/target_2.png
11,1,635,lattice,1,q,img/target_1.png
11,1,636,lattice,0,e,img/target_3.png
11,1,637,lattice,9,v,img/target_5.png
11,1,638,lattice,1,q,img/target_1.png
11,1,639,lattice,0,e,img/target_3.png
11,1,640,lattice,8,i,img/target_8.png
11,1,641,lattice,9,v,img/target_5.png
11,1,642,lattice,7,r,img/target_4.png
11,1,643,lattice,8,i,img/target_8.png
11,1,644,lattice,7,r,img/target_4.png
11,1,645,lattice,8,i,img/target_8.png
11,1,646,lattice,7,r,img/target_4.png
11,1,647,lattice,9,v,img/target_5.png
11,1,648,lattice,0,e,img/target_3.png
11,1,649,lattice,2,o,img/target_9.png
11,1,650,lattice,1,q,img/target_1.png
11,1,651,lattice,3,w,img/target_2.png
11,1,652,lattice,4,p,img/target_10.png
11,1,653,lattice,6,b,img/target_6.png
11,1,654,lattice,4,p,img/target_10.png
11,1,655,lattice,2,o,img/target_9.png
11,1,656,lattice,4,p,img/target_10.png
11,1,657,lattice,2,o,img/target_9.png
11,1,658,lattice,1,q,img/target_1.png
11,1,659,lattice,2,o,img/target_9.png
11,1,660,lattice,3,w,img/target_2.png
11,1,661,lattice,1,q,img/target_1.png
11,1,662,lattice,0,e,img/target_3.png
11,1,663,lattice,1,q,img/target_1.png
11,1,664,lattice,9,v,img/target_5.png
11,1,665,lattice,1,q,img/target_1.png
11,1,666,lattice,0,e,img/target_3.png
11,1,667,lattice,1,q,img/target_1.png
11,1,668,lattice,9,v,img/target_5.png
11,1,669,lattice,0,e,img/target_3.png
11,1,670,lattice,8,i,img/target_8.png
11,1,671,lattice,0,e,img/target_3.png
11,1,672,lattice,8,i,img/target_8.png
11,1,673,lattice,7,r,img/target_4.png
11,1,674,lattice,8,i,img/target_8.png
11,1,675,lattice,0,e,img/target_3.png
11,1,676,lattice,9,v,img/target_5.png
11,1,677,lattice,1,q,img/target_1.png
11,1,678,lattice,9,v,img/target_5.png
11,1,679,lattice,8,i,img/target_8.png
11,1,680,lattice,9,v,img/target_5.png
11,1,681,lattice,7,r,img/target_4.png
11,1,682,lattice,5,u,img/target_7.png
11,1,683,lattice,7,r,img/target_4.png
11,1,684,lattice,9,v,img/target_5.png
11,1,685,lattice,0,e,img/target_3.png
11,1,686,lattice,8,i,img/target_8.png
11,1,687,lattice,9,v,img/target_5.png
11,1,688,lattice,7,r,img/target_4.png
11,1,689,lattice,6,b,img/target_6.png
11,1,690,lattice,5,u,img/target_7.png
11,1,691,lattice,4,p,img/target_10.png
11,1,692,lattice,5,u,img/target_7.png
11,1,693,lattice,3,w,img/target_2.png
11,1,694,lattice,1,q,img/target_1.png
11,1,695,lattice,9,v,img/target_5.png
11,1,696,lattice,7,r,img/target_4.png
11,1,697,lattice,5,u,img/target_7.png
11,1,698,lattice,7,r,img/target_4.png
11,1,699,lattice,5,u,img/target_7.png
11,1,700,lattice,3,w,img/target_2.png
11,1,701,lattice,5,u,img/target_7.png
11,1,702,lattice,4,p,img/target_10.png
11,1,703,lattice,3,w,img/target_2.png
11,1,704,lattice,4,p,img/target_10.png
11,1,705,lattice,6,b,img/target_6.png
11,1,706,lattice,7,r,img/target_4.png
11,1,707,lattice,9,v,img/target_5.png
11,1,708,lattice,8,i,img/target_8.png
11,1,709,lattice,6,b,img/target_6.png
11,1,710,lattice,5,u,img/target_7.png
11,1,711,lattice,4,p,img/target_10.png
11,1,712,lattice,6,b,img/target_6.png
11,1,713,lattice,4,p,img/target_10.png
11,1,714,lattice,2,o,img/target_9.png
11,1,715,lattice,1,q,img/target_1.png
11,1,716,lattice,3,w,img/target_2.png
11,1,717,lattice,5,u,img/target_7.png
11,1,718,lattice,6,b,img/target_6.png
11,1,719,lattice,8,i,img/target_8.png
11,1,720,lattice,7,r,img/target_4.png
11,1,721,lattice,6,b,img/target_6.png
11,1,722,lattice,5,u,img/target_7.png
11,1,723,lattice,3,w,img/target_2.png
11,1,724,lattice,4,p,img/target_10.png
11,1,725,lattice,3,w,img/target_2.png
11,1,726,lattice,5,u,img/target_7.png
11,1,727,lattice,6,b,img/target_6.png
11,1,728,lattice,8,i,img/target_8.png
11,1,729,lattice,0,e,img/target_3.png
11,1,730,lattice,1,q,img/target_1.png
11,1,731,lattice,2,o,img/target_9.png
11,1,732,lattice,3,w,img/target_2.png
11,1,733,lattice,1,q,img/target_1.png
11,1,734,lattice,9,v,img/target_5.png
11,1,735,lattice,1,q,img/target_1.png
11,1,736,lattice,3,w,img/target_2.png
11,1,737,lattice,1,q,img/target_1.png
11,1,738,lattice,3,w,img/target_2.png
11,1,739,lattice,1,q,img/target_1.png
11,1,740,lattice,2,o,img/target_9.png
11,1,741,lattice,1,q,img/target_1.png
11,1,742,lattice,0,e,img/target_3.png
11,1,743,lattice,8,i,img/target_8.png
11,1,744,lattice,7,r,img/target_4.png
11,1,745,lattice,5,u,img/target_7.png
11,1,746,lattice,3,w,img/target_2.png
11,1,747,lattice,4,p,img/target_10.png
11,1,748,lattice,5,u,img/target_7.png
11,1,749,lattice,6,b,img/target_6.png
11,1,750,lattice,4,p,img/target_10.png
11,1,751,lattice,5,u,img/target_7.png
11,1,752,lattice,6,b,img/target_6.png
11,1,753,lattice,8,i,img/target_8.png
11,1,754,lattice,0,e,img/target_3.png
11,1,755,lattice,8,i,img/target_8.png
11,1,756,lattice,6,b,img/target_6.png
11,1,757,lattice,4,p,img/target_10.png
11,1,758,lattice,6,b,img/target_6.png
11,1,759,lattice,8,i,img/target_8.png
11,1,760,lattice,7,r,img/target_4.png
11,1,761,lattice,8,i,img/target_8.png
11,1,762,lattice,9,v,img/target_5.png
11,1,763,lattice,8,i,img/target_8.png
11,1,764,lattice,6,b,img/target_6.png
11,1,765,lattice,5,u,img/target_7.png
11,1,766,lattice,6,b,img/target_6.png
11,1,767,lattice,7,r,img/target_4.png
11,1,768,lattice,8,i,img/target_8.png
11,1,769,lattice,6,b,img/target_6.png
11,1,770,lattice,5,u,img/target_7.png
11,1,771,lattice,3,w,img/target_2.png
11,1,772,lattice,4,p,img/target_10.png
11,1,773,lattice,6,b,img/target_6.png
11,1,774,lattice,7,r,img/target_4.png
11,1,775,lattice,6,b,img/target_6.png
11,1,776,lattice,7,r,img/target_4.png
11,1,777,lattice,9,v,img/target_5.png
11,1,778,lattice,1,q,img/target_1.png
11,1,779,lattice,3,w,img/target_2.png
11,1,780,lattice,5,u,img/target_7.png
11,1,781,lattice,6,b,img/target_6.png
11,1,782,lattice,5,u,img/target_7.png
11,1,783,lattice,3,w,img/target_2.png
11,1,784,lattice,4,p,img/target_10.png
11,1,785,lattice,2,o,img/target_9.png
11,1,786,lattice,1,q,img/target_1.png
11,1,787,lattice,0,e,img/target_3.png
11,1,788,lattice,2,o,img/target_9.png
11,1,789,lattice,0,e,img/target_3.png
11,1,790,lattice,9,v,img/target_5.png
11,1,791,lattice,8,i,img/target_8.png
11,1,792,lattice,7,r,img/target_4.png
11,1,793,lattice,9,v,img/target_5.png
11,1,794,lattice,7,r,img/target_4.png
11,1,795,lattice,9,v,img/target_5.png
11,1,796,lattice,1,q,img/target_1.png
11,1,797,lattice,3,w,img/target_2.png
11,1,798,lattice,1,q,img/target_1.png
11,1,799,lattice,3,w,img/target_2.png
11,1,800,lattice,2,o,img/target_9.png
11,1,801,lattice,4,p,img/target_10.png
11,1,802,lattice,6,b,img/target_6.png
11,1,803,lattice,8,i,img/target_8.png
11,1,804,lattice,6,b,img/target_6.png
11,1,805,lattice,8,i,img/target_8.png
11,1,806,lattice,9,v,img/target_5.png
11,1,807,lattice,1,q,img/target_1.png
11,1,808,lattice,2,o,img/target_9.png
11,1,809,lattice,4,p,img/target_10.png
11,1,810,lattice,6,b,img/target_6.png
11,1,811,lattice,7,r,img/target_4.png
11,1,812,lattice,9,v,img/target_5.png
11,1,813,lattice,7,r,img/target_4.png
11,1,814,lattice,6,b,img/target_6.png
11,1,815,lattice,8,i,img/target_8.png
11,1,816,lattice,6,b,img/target_6.png
11,1,817,lattice,8,i,img/target_8.png
11,1,818,lattice,7,r,img/target_4.png
11,1,819,lattice,9,v,img/target_5.png
11,1,820,lattice,7,r,img/target_4.png
11,1,821,lattice,6,b,img/target_6.png
11,1,822,lattice,4,p,img/target_10.png
11,1,823,lattice,2,o,img/target_9.png
11,1,824,lattice,0,e,img/target_3.png
11,1,825,lattice,2,o,img/target_9.png
11,1,826,lattice,1,q,img/target_1.png
11,1,827,lattice,2,o,img/target_9.png
11,1,828,lattice,0,e,img/target_3.png
11,1,829,lattice,9,v,img/target_5.png
11,1,830,lattice,7,r,img/target_4.png
11,1,831,lattice,8,i,img/target_8.png
11,1,832,lattice,9,v,img/target_5.png
11,1,833,lattice,7,r,img/target_4.png
11,1,834,lattice,5,u,img/target_7.png
11,1,835,lattice,7,r,img/target_4.png
11,1,836,lattice,8,i,img/target_8.png
11,1,837,lattice,6,b,img/target_6.png
11,1,838,lattice,8,i,img/target_8.png
11,1,839,lattice,6,b,img/target_6.png
11,1,840,lattice,7,r,img/target_4.png
11,1,841,lattice,6,b,img/target_6.png
11,1,842,lattice,4,p,img/target_10.png
11,1,843,lattice,3,w,img/target_2.png
11,1,844,lattice,5,u,img/target_7.png
11,1,845,lattice,6,b,img/target_6.png
11,1,846,lattice,5,u,img/target_7.png
11,1,847,lattice,3,w,img/target_2.png
11,1,848,lattice,4,p,img/target_10.png
11,1,849,lattice,6,b,img/target_6.png
11,1,850,lattice,8,i,img/target_8.png
11,1,851,lattice,9,v,img/target_5.png
11,1,852,lattice,8,i,img/target_8.png
11,1,853,lattice,6,b,img/target_6.png
11,1,854,lattice,7,r,img/target_4.png
11,1,855,lattice,8,i,img/target_8.png
11,1,856,lattice,6,b,img/target_6.png
11,1,857,lattice,4,p,img/target_10.png
11,1,858,lattice,5,u,img/target_7.png
11,1,859,lattice,3,w,img/target_2.png
11,1,860,lattice,5,u,img/target_7.png
11,1,861,lattice,7,r,img/target_4.png
11,1,862,lattice,8,i,img/target_8.png
11,1,863,lattice,7,r,img/target_4.png
11,1,864,lattice,9,v,img/target_5.png
11,1,865,lattice,7,r,img/target_4.png
11,1,866,lattice,9,v,img/target_5.png
11,1,867,lattice,7,r,img/target_4.png
11,1,868,lattice,9,v,img/target_5.png
11,1,869,lattice,0,e,img/target_3.png
11,1,870,lattice,1,q,img/target_1.png
11,1,871,lattice,3,w,img/target_2.png
11,1,872,lattice,4,p,img/target_10.png
11,1,873,lattice,2,o,img/target_9.png
11,1,874,lattice,4,p,img/target_10.png
11,1,875,lattice,3,w,img/target_2.png
11,1,876,lattice,4,p,img/target_10.png
11,1,877,lattice,3,w,img/target_2.png
11,1,878,lattice,2,o,img/target_9.png
11,1,879,lattice,1,q,img/target_1.png
11,1,880,lattice,2,o,img/target_9.png
11,1,881,lattice,0,e,img/target_3.png
11,1,882,lattice,1,q,img/target_1.png
11,1,883,lattice,2,o,img/target_9.png
11,1,884,lattice,0,e,img/target_3.png
11,1,885,lattice,9,v,img/target_5.png
11,1,886,lattice,7,r,img/target_4.png
11,1,887,lattice,6,b,img/target_6.png
11,1,888,lattice,4,p,img/target_10.png
11,1,889,lattice,5,u,img/target_7.png
11,1,890,lattice,4,p,img/target_10.png
11,1,891,lattice,6,b,img/target_6.png
11,1,892,lattice,8,i,img/target_8.png
11,1,893,lattice,7,r,img/target_4.png
11,1,894,lattice,8,i,img/target_8.png
11,1,895,lattice,7,r,img/target_4.png
11,1,896,lattice,8,i,img/target_8.png
11,1,897,lattice,7,r,img/target_4.png
11,1,898,lattice,8,i,img/target_8.png
11,1,899,lattice,7,r,img/target_4.png
11,1,900,lattice,6,b,img/target_6.png
11,1,901,lattice,7,r,img/target_4.png
11,1,902,lattice,6,b,img/target_6.png
11,1,903,lattice,4,p,img/target_10.png
11,1,904,lattice,3,w,img/target_2.png
11,1,905,lattice,1,q,img/target_1.png
11,1,906,lattice,0,e,img/target_3.png
11,1,907,lattice,8,i,img/target_8.png
11,1,908,lattice,9,v,img/target_5.png
11,1,909,lattice,0,e,img/target_3.png
11,1,910,lattice,8,i,img/target_8.png
11,1,911,lattice,6,b,img/target_6.png
11,1,912,lattice,8,i,img/target_8.png
11,1,913,lattice,9,v,img/target_5.png
11,1,914,lattice,7,r,img/target_4.png
11,1,915,lattice,6,b,img/target_6.png
11,1,916,lattice,4,p,img/target_10.png
11,1,917,lattice,2,o,img/target_9.png
11,1,918,lattice,1,q,img/target_1.png
11,1,919,lattice,2,o,img/target_9.png
11,1,920,lattice,4,p,img/target_10.png
11,1,921,lattice,5,u,img/target_7.png
11,1,922,lattice,6,b,img/target_6.png
11,1,923,lattice,4,p,img/target_10.png
11,1,924,lattice,5,u,img/target_7.png
11,1,925,lattice,7,r,img/target_4.png
11,1,926,lattice,8,i,img/target_8.png
11,1,927,lattice,6,b,img/target_6.png
11,1,928,lattice,8,i,img/target_8.png
11,1,929,lattice,9,v,img/target_5.png
11,1,930,lattice,1,q,img/target_1.png
11,1,931,lattice,0,e,img/target_3.png
11,1,932,lattice,2,o,img/target_9.png
11,1,933,lattice,3,w,img/target_2.png
11,1,934,lattice,2,o,img/target_9.png
11,1,935,lattice,0,e,img/target_3.png
11,1,936,lattice,1,q,img/target_1.png
11,1,937,lattice,3,w,img/target_2.png
11,1,938,lattice,1,q,img/target_1.png
11,1,939,lattice,9,v,img/target_5.png
11,1,940,lattice,1,q,img/target_1.png
11,1,941,lattice,2,o,img/target_9.png
11,1,942,lattice,3,w,img/target_2.png
11,1,943,lattice,5,u,img/target_7.png
11,1,944,lattice,7,r,img/target_4.png
11,1,945,lattice,9,v,img/target_5.png
11,1,946,lattice,1,q,img/target_1.png
11,1,947,lattice,2,o,img/target_9.png
11,1,948,lattice,1,q,img/target_1.png
11,1,949,lattice,3,w,img/target_2.png
11,1,950,lattice,2,o,img/target_9.png
11,1,951,lattice,4,p,img/target_10.png
11,1,952,lattice,5,u,img/target_7.png
11,1,953,lattice,3,w,img/target_2.png
11,1,954,lattice,5,u,img/target_7.png
11,1,955,lattice,4,p,img/target_10.png
11,1,956,lattice,6,b,img/target_6.png
11,1,957,lattice,5,u,img/target_7.png
11,1,958,lattice,4,p,img/target_10.png
11,1,959,lattice,2,o,img/target_9.png
11,1,960,lattice,4,p,img/target_10.png
11,1,961,lattice,3,w,img/target_2.png
11,1,962,lattice,2,o,img/target_9.png
11,1,963,lattice,4,p,img/target_10.png
11,1,964,lattice,2,o,img/target_9.png
11,1,965,lattice,1,q,img/target_1.png
11,1,966,lattice,9,v,img/target_5.png
11,1,967,lattice,1,q,img/target_1.png
11,1,968,lattice,3,w,img/target_2.png
11,1,969,lattice,5,u,img/target_7.png
11,1,970,lattice,7,r,img/target_4.png
11,1,971,lattice,6,b,img/target_6.png
11,1,972,lattice,7,r,img/target_4.png
11,1,973,lattice,6,b,img/target_6.png
11,1,974,lattice,5,u,img/target_7.png
11,1,975,lattice,3,w,img/target_2.png
11,1,976,lattice,5,u,img/target_7.png
11,1,977,lattice,3,w,img/target_2.png
11,1,978,lattice,4,p,img/target_10.png
11,1,979,lattice,6,b,img/target_6.png
11,1,980,lattice,7,r,img/target_4.png
11,1,981,lattice,9,v,img/target_5.png
11,1,982,lattice,7,r,img/target_4.png
11,1,983,lattice,9,v,img/target_5.png
11,1,984,lattice,1,q,img/target_1.png
11,1,985,lattice,0,e,img/target_3.png
11,1,986,lattice,9,v,img/target_5.png
11,1,987,lattice,1,q,img/target_1.png
11,1,988,lattice,9,v,img/target_5.png
11,1,989,lattice,1,q,img/target_1.png
11,1,990,lattice,9,v,img/target_5.png
11,1,991,lattice,8,i,img/target_8.png
11,1,992,lattice,0,e,img/target_3.png
11,1,993,lattice,8,i,img/target_8.png
11,1,994,lattice,0,e,img/target_3.png
11,1,995,lattice,2,o,img/target_9.png
11,1,996,lattice,0,e,img/target_3.png
11,1,997,lattice,9,v,img/target_5.png
11,1,998,lattice,7,r,img/target_4.png
11,1,999,lattice,9,v,img/target_5.png
11,1,1000,lattice,0,e,img/target_3.png
