pID,sess,trialNum,graph,walk,resp,path
20,2,1,modular,8,i,img/target_8.png
20,2,2,modular,9,o,img/target_9.png
20,2,3,modular,6,q,img/target_1.png
20,2,4,modular,8,i,img/target_8.png
20,2,5,modular,5,w,img/target_2.png
20,2,6,modular,7,b,img/target_6.png
20,2,7,modular,8,i,img/target_8.png
20,2,8,modular,5,w,img/target_2.png
20,2,9,modular,8,i,img/target_8.png
20,2,10,modular,7,b,img/target_6.png
20,2,11,modular,6,q,img/target_1.png
20,2,12,modular,5,w,img/target_2.png
20,2,13,modular,8,i,img/target_8.png
20,2,14,modular,9,o,img/target_9.png
20,2,15,modular,0,u,img/target_7.png
20,2,16,modular,2,v,img/target_5.png
20,2,17,modular,0,u,img/target_7.png
20,2,18,modular,2,v,img/target_5.png
20,2,19,modular,1,e,img/target_3.png
20,2,20,modular,2,v,img/target_5.png
20,2,21,modular,1,e,img/target_3.png
20,2,22,modular,4,p,img/target_10.png
20,2,23,modular,1,e,img/target_3.png
20,2,24,modular,4,p,img/target_10.png
20,2,25,modular,1,e,img/target_3.png
20,2,26,modular,2,v,img/target_5.png
20,2,27,modular,0,u,img/target_7.png
20,2,28,modular,9,o,img/target_9.png
20,2,29,modular,8,i,img/target_8.png
20,2,30,modular,6,q,img/target_1.png
20,2,31,modular,7,b,img/target_6.png
20,2,32,modular,6,q,img/target_1.png
20,2,33,modular,5,w,img/target_2.png
20,2,34,modular,6,q,img/target_1.png
20,2,35,modular,5,w,img/target_2.png
20,2,36,modular,8,i,img/target_8.png
20,2,37,modular,9,o,img/target_9.png
20,2,38,modular,0,u,img/target_7.png
20,2,39,modular,1,e,img/target_3.png
20,2,40,modular,3,r,img/target_4.png
20,2,41,modular,1,e,img/target_3.png
20,2,42,modular,3,r,img/target_4.png
20,2,43,modular,1,e,img/target_3.png
20,2,44,modular,0,u,img/target_7.png
20,2,45,modular,9,o,img/target_9.png
20,2,46,modular,6,q,img/target_1.png
20,2,47,modular,8,i,img/target_8.png
20,2,48,modular,5,w,img/target_2.png
20,2,49,modular,7,b,img/target_6.png
20,2,50,modular,9,o,img/target_9.png
20,2,51,modular,7,b,img/target_6.png
20,2,52,modular,8,i,img/target_8.png
20,2,53,modular,5,w,img/target_2.png
20,2,54,modular,7,b,img/target_6.png
20,2,55,modular,8,i,img/target_8.png
20,2,56,modular,5,w,img/target_2.png
20,2,57,modular,6,q,img/target_1.png
20,2,58,modular,8,i,img/target_8.png
20,2,59,modular,9,o,img/target_9.png
20,2,60,modular,8,i,img/target_8.png
20,2,61,modular,5,w,img/target_2.png
20,2,62,modular,4,p,img/target_10.png
20,2,63,modular,5,w,img/target_2.png
20,2,64,modular,7,b,img/target_6.png
20,2,65,modular,9,o,img/target_9.png
20,2,66,modular,8,i,img/target_8.png
20,2,67,modular,6,q,img/target_1.png
20,2,68,modular,7,b,img/target_6.png
20,2,69,modular,5,w,img/target_2.png
20,2,70,modular,7,b,img/target_6.png
20,2,71,modular,6,q,img/target_1.png
20,2,72,modular,7,b,img/target_6.png
20,2,73,modular,8,i,img/target_8.png
20,2,74,modular,6,q,img/target_1.png
20,2,75,modular,9,o,img/target_9.png
20,2,76,modular,0,u,img/target_7.png
20,2,77,modular,9,o,img/target_9.png
20,2,78,modular,7,b,img/target_6.png
20,2,79,modular,9,o,img/target_9.png
20,2,80,modular,8,i,img/target_8.png
20,2,81,modular,7,b,img/target_6.png
20,2,82,modular,5,w,img/target_2.png
20,2,83,modular,8,i,img/target_8.png
20,2,84,modular,6,q,img/target_1.png
20,2,85,modular,8,i,img/target_8.png
20,2,86,modular,5,w,img/target_2.png
20,2,87,modular,7,b,img/target_6.png
20,2,88,modular,8,i,img/target_8.png
20,2,89,modular,9,o,img/target_9.png
20,2,90,modular,8,i,img/target_8.png
20,2,91,modular,7,b,img/target_6.png
20,2,92,modular,9,o,img/target_9.png
20,2,93,modular,8,i,img/target_8.png
20,2,94,modular,6,q,img/target_1.png
20,2,95,modular,8,i,img/target_8.png
20,2,96,modular,7,b,img/target_6.png
20,2,97,modular,9,o,img/target_9.png
20,2,98,modular,7,b,img/target_6.png
20,2,99,modular,6,q,img/target_1.png
20,2,100,modular,7,b,img/target_6.png
20,2,101,modular,6,q,img/target_1.png
20,2,102,modular,7,b,img/target_6.png
20,2,103,modular,5,w,img/target_2.png
20,2,104,modular,8,i,img/target_8.png
20,2,105,modular,9,o,img/target_9.png
20,2,106,modular,0,u,img/target_7.png
20,2,107,modular,9,o,img/target_9.png
20,2,108,modular,8,i,img/target_8.png
20,2,109,modular,5,w,img/target_2.png
20,2,110,modular,4,p,img/target_10.png
20,2,111,modular,1,e,img/target_3.png
20,2,112,modular,0,u,img/target_7.png
20,2,113,modular,3,r,img/target_4.png
20,2,114,modular,1,e,img/target_3.png
20,2,115,modular,2,v,img/target_5.png
20,2,116,modular,4,p,img/target_10.png
20,2,117,modular,1,e,img/target_3.png
20,2,118,modular,3,r,img/target_4.png
20,2,119,modular,0,u,img/target_7.png
20,2,120,modular,1,e,img/target_3.png
20,2,121,modular,4,p,img/target_10.png
20,2,122,modular,2,v,img/target_5.png
20,2,123,modular,1,e,img/target_3.png
20,2,124,modular,3,r,img/target_4.png
20,2,125,modular,1,e,img/target_3.png
20,2,126,modular,4,p,img/target_10.png
20,2,127,modular,5,w,img/target_2.png
20,2,128,modular,6,q,img/target_1.png
20,2,129,modular,7,b,img/target_6.png
20,2,130,modular,6,q,img/target_1.png
20,2,131,modular,9,o,img/target_9.png
20,2,132,modular,7,b,img/target_6.png
20,2,133,modular,6,q,img/target_1.png
20,2,134,modular,8,i,img/target_8.png
20,2,135,modular,6,q,img/target_1.png
20,2,136,modular,5,w,img/target_2.png
20,2,137,modular,4,p,img/target_10.png
20,2,138,modular,3,r,img/target_4.png
20,2,139,modular,0,u,img/target_7.png
20,2,140,modular,2,v,img/target_5.png
20,2,141,modular,4,p,img/target_10.png
20,2,142,modular,5,w,img/target_2.png
20,2,143,modular,6,q,img/target_1.png
20,2,144,modular,5,w,img/target_2.png
20,2,145,modular,6,q,img/target_1.png
20,2,146,modular,7,b,img/target_6.png
20,2,147,modular,9,o,img/target_9.png
20,2,148,modular,7,b,img/target_6.png
20,2,149,modular,9,o,img/target_9.png
20,2,150,modular,0,u,img/target_7.png
20,2,151,modular,2,v,img/target_5.png
20,2,152,modular,0,u,img/target_7.png
20,2,153,modular,2,v,img/target_5.png
20,2,154,modular,0,u,img/target_7.png
20,2,155,modular,3,r,img/target_4.png
20,2,156,modular,4,p,img/target_10.png
20,2,157,modular,2,v,img/target_5.png
20,2,158,modular,1,e,img/target_3.png
20,2,159,modular,2,v,img/target_5.png
20,2,160,modular,0,u,img/target_7.png
20,2,161,modular,3,r,img/target_4.png
20,2,162,modular,1,e,img/target_3.png
20,2,163,modular,4,p,img/target_10.png
20,2,164,modular,5,w,img/target_2.png
20,2,165,modular,7,b,img/target_6.png
20,2,166,modular,9,o,img/target_9.png
20,2,167,modular,8,i,img/target_8.png
20,2,168,modular,5,w,img/target_2.png
20,2,169,modular,4,p,img/target_10.png
20,2,170,modular,1,e,img/target_3.png
20,2,171,modular,4,p,img/target_10.png
20,2,172,modular,3,r,img/target_4.png
20,2,173,modular,2,v,img/target_5.png
20,2,174,modular,4,p,img/target_10.png
20,2,175,modular,1,e,img/target_3.png
20,2,176,modular,3,r,img/target_4.png
20,2,177,modular,0,u,img/target_7.png
20,2,178,modular,2,v,img/target_5.png
20,2,179,modular,1,e,img/target_3.png
20,2,180,modular,0,u,img/target_7.png
20,2,181,modular,3,r,img/target_4.png
20,2,182,modular,0,u,img/target_7.png
20,2,183,modular,2,v,img/target_5.png
20,2,184,modular,1,e,img/target_3.png
20,2,185,modular,3,r,img/target_4.png
20,2,186,modular,1,e,img/target_3.png
20,2,187,modular,3,r,img/target_4.png
20,2,188,modular,2,v,img/target_5.png
20,2,189,modular,4,p,img/target_10.png
20,2,190,modular,3,r,img/target_4.png
20,2,191,modular,4,p,img/target_10.png
20,2,192,modular,5,w,img/target_2.png
20,2,193,modular,8,i,img/target_8.png
20,2,194,modular,7,b,img/target_6.png
20,2,195,modular,6,q,img/target_1.png
20,2,196,modular,5,w,img/target_2.png
20,2,197,modular,4,p,img/target_10.png
20,2,198,modular,5,w,img/target_2.png
20,2,199,modular,6,q,img/target_1.png
20,2,200,modular,5,w,img/target_2.png
20,2,201,modular,6,q,img/target_1.png
20,2,202,modular,8,i,img/target_8.png
20,2,203,modular,5,w,img/target_2.png
20,2,204,modular,8,i,img/target_8.png
20,2,205,modular,5,w,img/target_2.png
20,2,206,modular,6,q,img/target_1.png
20,2,207,modular,8,i,img/target_8.png
20,2,208,modular,9,o,img/target_9.png
20,2,209,modular,0,u,img/target_7.png
20,2,210,modular,2,v,img/target_5.png
20,2,211,modular,1,e,img/target_3.png
20,2,212,modular,0,u,img/target_7.png
20,2,213,modular,3,r,img/target_4.png
20,2,214,modular,1,e,img/target_3.png
20,2,215,modular,0,u,img/target_7.png
20,2,216,modular,1,e,img/target_3.png
20,2,217,modular,2,v,img/target_5.png
20,2,218,modular,0,u,img/target_7.png
20,2,219,modular,9,o,img/target_9.png
20,2,220,modular,7,b,img/target_6.png
20,2,221,modular,8,i,img/target_8.png
20,2,222,modular,9,o,img/target_9.png
20,2,223,modular,8,i,img/target_8.png
20,2,224,modular,7,b,img/target_6.png
20,2,225,modular,9,o,img/target_9.png
20,2,226,modular,8,i,img/target_8.png
20,2,227,modular,9,o,img/target_9.png
20,2,228,modular,0,u,img/target_7.png
20,2,229,modular,9,o,img/target_9.png
20,2,230,modular,7,b,img/target_6.png
20,2,231,modular,9,o,img/target_9.png
20,2,232,modular,6,q,img/target_1.png
20,2,233,modular,5,w,img/target_2.png
20,2,234,modular,7,b,img/target_6.png
20,2,235,modular,9,o,img/target_9.png
20,2,236,modular,8,i,img/target_8.png
20,2,237,modular,9,o,img/target_9.png
20,2,238,modular,7,b,img/target_6.png
20,2,239,modular,8,i,img/target_8.png
20,2,240,modular,6,q,img/target_1.png
20,2,241,modular,9,o,img/target_9.png
20,2,242,modular,6,q,img/target_1.png
20,2,243,modular,9,o,img/target_9.png
20,2,244,modular,7,b,img/target_6.png
20,2,245,modular,5,w,img/target_2.png
20,2,246,modular,6,q,img/target_1.png
20,2,247,modular,8,i,img/target_8.png
20,2,248,modular,6,q,img/target_1.png
20,2,249,modular,9,o,img/target_9.png
20,2,250,modular,7,b,img/target_6.png
20,2,251,modular,9,o,img/target_9.png
20,2,252,modular,6,q,img/target_1.png
20,2,253,modular,5,w,img/target_2.png
20,2,254,modular,6,q,img/target_1.png
20,2,255,modular,8,i,img/target_8.png
20,2,256,modular,7,b,img/target_6.png
20,2,257,modular,9,o,img/target_9.png
20,2,258,modular,0,u,img/target_7.png
20,2,259,modular,2,v,img/target_5.png
20,2,260,modular,3,r,img/target_4.png
20,2,261,modular,1,e,img/target_3.png
20,2,262,modular,3,r,img/target_4.png
20,2,263,modular,0,u,img/target_7.png
20,2,264,modular,3,r,img/target_4.png
20,2,265,modular,4,p,img/target_10.png
20,2,266,modular,2,v,img/target_5.png
20,2,267,modular,4,p,img/target_10.png
20,2,268,modular,5,w,img/target_2.png
20,2,269,modular,7,b,img/target_6.png
20,2,270,modular,5,w,img/target_2.png
20,2,271,modular,6,q,img/target_1.png
20,2,272,modular,5,w,img/target_2.png
20,2,273,modular,6,q,img/target_1.png
20,2,274,modular,8,i,img/target_8.png
20,2,275,modular,9,o,img/target_9.png
20,2,276,modular,7,b,img/target_6.png
20,2,277,modular,6,q,img/target_1.png
20,2,278,modular,5,w,img/target_2.png
20,2,279,modular,4,p,img/target_10.png
20,2,280,modular,1,e,img/target_3.png
20,2,281,modular,2,v,img/target_5.png
20,2,282,modular,0,u,img/target_7.png
20,2,283,modular,9,o,img/target_9.png
20,2,284,modular,6,q,img/target_1.png
20,2,285,modular,5,w,img/target_2.png
20,2,286,modular,8,i,img/target_8.png
20,2,287,modular,5,w,img/target_2.png
20,2,288,modular,6,q,img/target_1.png
20,2,289,modular,9,o,img/target_9.png
20,2,290,modular,0,u,img/target_7.png
20,2,291,modular,1,e,img/target_3.png
20,2,292,modular,4,p,img/target_10.png
20,2,293,modular,1,e,img/target_3.png
20,2,294,modular,0,u,img/target_7.png
20,2,295,modular,2,v,img/target_5.png
20,2,296,modular,1,e,img/target_3.png
20,2,297,modular,2,v,img/target_5.png
20,2,298,modular,1,e,img/target_3.png
20,2,299,modular,3,r,img/target_4.png
20,2,300,modular,1,e,img/target_3.png
20,2,301,modular,3,r,img/target_4.png
20,2,302,modular,1,e,img/target_3.png
20,2,303,modular,4,p,img/target_10.png
20,2,304,modular,5,w,img/target_2.png
20,2,305,modular,6,q,img/target_1.png
20,2,306,modular,7,b,img/target_6.png
20,2,307,modular,8,i,img/target_8.png
20,2,308,modular,9,o,img/target_9.png
20,2,309,modular,6,q,img/target_1.png
20,2,310,modular,9,o,img/target_9.png
20,2,311,modular,7,b,img/target_6.png
20,2,312,modular,9,o,img/target_9.png
20,2,313,modular,7,b,img/target_6.png
20,2,314,modular,6,q,img/target_1.png
20,2,315,modular,5,w,img/target_2.png
20,2,316,modular,8,i,img/target_8.png
20,2,317,modular,9,o,img/target_9.png
20,2,318,modular,0,u,img/target_7.png
20,2,319,modular,3,r,img/target_4.png
20,2,320,modular,1,e,img/target_3.png
20,2,321,modular,0,u,img/target_7.png
20,2,322,modular,3,r,img/target_4.png
20,2,323,modular,4,p,img/target_10.png
20,2,324,modular,1,e,img/target_3.png
20,2,325,modular,4,p,img/target_10.png
20,2,326,modular,3,r,img/target_4.png
20,2,327,modular,2,v,img/target_5.png
20,2,328,modular,1,e,img/target_3.png
20,2,329,modular,0,u,img/target_7.png
20,2,330,modular,2,v,img/target_5.png
20,2,331,modular,3,r,img/target_4.png
20,2,332,modular,4,p,img/target_10.png
20,2,333,modular,1,e,img/target_3.png
20,2,334,modular,4,p,img/target_10.png
20,2,335,modular,5,w,img/target_2.png
20,2,336,modular,7,b,img/target_6.png
20,2,337,modular,5,w,img/target_2.png
20,2,338,modular,7,b,img/target_6.png
20,2,339,modular,5,w,img/target_2.png
20,2,340,modular,4,p,img/target_10.png
20,2,341,modular,5,w,img/target_2.png
20,2,342,modular,7,b,img/target_6.png
20,2,343,modular,8,i,img/target_8.png
20,2,344,modular,7,b,img/target_6.png
20,2,345,modular,8,i,img/target_8.png
20,2,346,modular,5,w,img/target_2.png
20,2,347,modular,4,p,img/target_10.png
20,2,348,modular,5,w,img/target_2.png
20,2,349,modular,4,p,img/target_10.png
20,2,350,modular,2,v,img/target_5.png
20,2,351,modular,4,p,img/target_10.png
20,2,352,modular,5,w,img/target_2.png
20,2,353,modular,7,b,img/target_6.png
20,2,354,modular,5,w,img/target_2.png
20,2,355,modular,8,i,img/target_8.png
20,2,356,modular,6,q,img/target_1.png
20,2,357,modular,8,i,img/target_8.png
20,2,358,modular,7,b,img/target_6.png
20,2,359,modular,8,i,img/target_8.png
20,2,360,modular,6,q,img/target_1.png
20,2,361,modular,9,o,img/target_9.png
20,2,362,modular,0,u,img/target_7.png
20,2,363,modular,2,v,img/target_5.png
20,2,364,modular,4,p,img/target_10.png
20,2,365,modular,2,v,img/target_5.png
20,2,366,modular,1,e,img/target_3.png
20,2,367,modular,3,r,img/target_4.png
20,2,368,modular,2,v,img/target_5.png
20,2,369,modular,4,p,img/target_10.png
20,2,370,modular,3,r,img/target_4.png
20,2,371,modular,0,u,img/target_7.png
20,2,372,modular,2,v,img/target_5.png
20,2,373,modular,4,p,img/target_10.png
20,2,374,modular,2,v,img/target_5.png
20,2,375,modular,4,p,img/target_10.png
20,2,376,modular,3,r,img/target_4.png
20,2,377,modular,2,v,img/target_5.png
20,2,378,modular,4,p,img/target_10.png
20,2,379,modular,3,r,img/target_4.png
20,2,380,modular,1,e,img/target_3.png
20,2,381,modular,0,u,img/target_7.png
20,2,382,modular,3,r,img/target_4.png
20,2,383,modular,1,e,img/target_3.png
20,2,384,modular,0,u,img/target_7.png
20,2,385,modular,2,v,img/target_5.png
20,2,386,modular,4,p,img/target_10.png
20,2,387,modular,3,r,img/target_4.png
20,2,388,modular,0,u,img/target_7.png
20,2,389,modular,3,r,img/target_4.png
20,2,390,modular,0,u,img/target_7.png
20,2,391,modular,2,v,img/target_5.png
20,2,392,modular,3,r,img/target_4.png
20,2,393,modular,1,e,img/target_3.png
20,2,394,modular,2,v,img/target_5.png
20,2,395,modular,3,r,img/target_4.png
20,2,396,modular,2,v,img/target_5.png
20,2,397,modular,1,e,img/target_3.png
20,2,398,modular,4,p,img/target_10.png
20,2,399,modular,1,e,img/target_3.png
20,2,400,modular,0,u,img/target_7.png
20,2,401,modular,1,e,img/target_3.png
20,2,402,modular,3,r,img/target_4.png
20,2,403,modular,4,p,img/target_10.png
20,2,404,modular,2,v,img/target_5.png
20,2,405,modular,4,p,img/target_10.png
20,2,406,modular,5,w,img/target_2.png
20,2,407,modular,8,i,img/target_8.png
20,2,408,modular,5,w,img/target_2.png
20,2,409,modular,4,p,img/target_10.png
20,2,410,modular,5,w,img/target_2.png
20,2,411,modular,6,q,img/target_1.png
20,2,412,modular,7,b,img/target_6.png
20,2,413,modular,6,q,img/target_1.png
20,2,414,modular,9,o,img/target_9.png
20,2,415,modular,0,u,img/target_7.png
20,2,416,modular,1,e,img/target_3.png
20,2,417,modular,0,u,img/target_7.png
20,2,418,modular,2,v,img/target_5.png
20,2,419,modular,0,u,img/target_7.png
20,2,420,modular,2,v,img/target_5.png
20,2,421,modular,4,p,img/target_10.png
20,2,422,modular,1,e,img/target_3.png
20,2,423,modular,4,p,img/target_10.png
20,2,424,modular,2,v,img/target_5.png
20,2,425,modular,1,e,img/target_3.png
20,2,426,modular,3,r,img/target_4.png
20,2,427,modular,0,u,img/target_7.png
20,2,428,modular,9,o,img/target_9.png
20,2,429,modular,8,i,img/target_8.png
20,2,430,modular,6,q,img/target_1.png
20,2,431,modular,9,o,img/target_9.png
20,2,432,modular,6,q,img/target_1.png
20,2,433,modular,9,o,img/target_9.png
20,2,434,modular,7,b,img/target_6.png
20,2,435,modular,8,i,img/target_8.png
20,2,436,modular,7,b,img/target_6.png
20,2,437,modular,6,q,img/target_1.png
20,2,438,modular,8,i,img/target_8.png
20,2,439,modular,9,o,img/target_9.png
20,2,440,modular,8,i,img/target_8.png
20,2,441,modular,7,b,img/target_6.png
20,2,442,modular,5,w,img/target_2.png
20,2,443,modular,8,i,img/target_8.png
20,2,444,modular,7,b,img/target_6.png
20,2,445,modular,8,i,img/target_8.png
20,2,446,modular,6,q,img/target_1.png
20,2,447,modular,8,i,img/target_8.png
20,2,448,modular,9,o,img/target_9.png
20,2,449,modular,0,u,img/target_7.png
20,2,450,modular,3,r,img/target_4.png
20,2,451,modular,0,u,img/target_7.png
20,2,452,modular,1,e,img/target_3.png
20,2,453,modular,2,v,img/target_5.png
20,2,454,modular,4,p,img/target_10.png
20,2,455,modular,5,w,img/target_2.png
20,2,456,modular,8,i,img/target_8.png
20,2,457,modular,9,o,img/target_9.png
20,2,458,modular,6,q,img/target_1.png
20,2,459,modular,9,o,img/target_9.png
20,2,460,modular,6,q,img/target_1.png
20,2,461,modular,7,b,img/target_6.png
20,2,462,modular,8,i,img/target_8.png
20,2,463,modular,7,b,img/target_6.png
20,2,464,modular,6,q,img/target_1.png
20,2,465,modular,5,w,img/target_2.png
20,2,466,modular,4,p,img/target_10.png
20,2,467,modular,2,v,img/target_5.png
20,2,468,modular,1,e,img/target_3.png
20,2,469,modular,4,p,img/target_10.png
20,2,470,modular,2,v,img/target_5.png
20,2,471,modular,0,u,img/target_7.png
20,2,472,modular,9,o,img/target_9.png
20,2,473,modular,7,b,img/target_6.png
20,2,474,modular,8,i,img/target_8.png
20,2,475,modular,9,o,img/target_9.png
20,2,476,modular,7,b,img/target_6.png
20,2,477,modular,6,q,img/target_1.png
20,2,478,modular,8,i,img/target_8.png
20,2,479,modular,9,o,img/target_9.png
20,2,480,modular,7,b,img/target_6.png
20,2,481,modular,5,w,img/target_2.png
20,2,482,modular,8,i,img/target_8.png
20,2,483,modular,6,q,img/target_1.png
20,2,484,modular,9,o,img/target_9.png
20,2,485,modular,0,u,img/target_7.png
20,2,486,modular,2,v,img/target_5.png
20,2,487,modular,1,e,img/target_3.png
20,2,488,modular,3,r,img/target_4.png
20,2,489,modular,4,p,img/target_10.png
20,2,490,modular,2,v,img/target_5.png
20,2,491,modular,0,u,img/target_7.png
20,2,492,modular,1,e,img/target_3.png
20,2,493,modular,3,r,img/target_4.png
20,2,494,modular,4,p,img/target_10.png
20,2,495,modular,3,r,img/target_4.png
20,2,496,modular,4,p,img/target_10.png
20,2,497,modular,3,r,img/target_4.png
20,2,498,modular,1,e,img/target_3.png
20,2,499,modular,0,u,img/target_7.png
20,2,500,modular,2,v,img/target_5.png
20,2,501,modular,3,r,img/target_4.png
20,2,502,modular,1,e,img/target_3.png
20,2,503,modular,4,p,img/target_10.png
20,2,504,modular,3,r,img/target_4.png
20,2,505,modular,2,v,img/target_5.png
20,2,506,modular,4,p,img/target_10.png
20,2,507,modular,3,r,img/target_4.png
20,2,508,modular,1,e,img/target_3.png
20,2,509,modular,4,p,img/target_10.png
20,2,510,modular,1,e,img/target_3.png
20,2,511,modular,2,v,img/target_5.png
20,2,512,modular,1,e,img/target_3.png
20,2,513,modular,4,p,img/target_10.png
20,2,514,modular,3,r,img/target_4.png
20,2,515,modular,4,p,img/target_10.png
20,2,516,modular,1,e,img/target_3.png
20,2,517,modular,4,p,img/target_10.png
20,2,518,modular,2,v,img/target_5.png
20,2,519,modular,1,e,img/target_3.png
20,2,520,modular,2,v,img/target_5.png
20,2,521,modular,4,p,img/target_10.png
20,2,522,modular,1,e,img/target_3.png
20,2,523,modular,3,r,img/target_4.png
20,2,524,modular,1,e,img/target_3.png
20,2,525,modular,2,v,img/target_5.png
20,2,526,modular,1,e,img/target_3.png
20,2,527,modular,3,r,img/target_4.png
20,2,528,modular,4,p,img/target_10.png
20,2,529,modular,3,r,img/target_4.png
20,2,530,modular,4,p,img/target_10.png
20,2,531,modular,3,r,img/target_4.png
20,2,532,modular,2,v,img/target_5.png
20,2,533,modular,4,p,img/target_10.png
20,2,534,modular,2,v,img/target_5.png
20,2,535,modular,4,p,img/target_10.png
20,2,536,modular,2,v,img/target_5.png
20,2,537,modular,0,u,img/target_7.png
20,2,538,modular,3,r,img/target_4.png
20,2,539,modular,0,u,img/target_7.png
20,2,540,modular,9,o,img/target_9.png
20,2,541,modular,0,u,img/target_7.png
20,2,542,modular,9,o,img/target_9.png
20,2,543,modular,0,u,img/target_7.png
20,2,544,modular,1,e,img/target_3.png
20,2,545,modular,2,v,img/target_5.png
20,2,546,modular,0,u,img/target_7.png
20,2,547,modular,2,v,img/target_5.png
20,2,548,modular,0,u,img/target_7.png
20,2,549,modular,3,r,img/target_4.png
20,2,550,modular,1,e,img/target_3.png
20,2,551,modular,0,u,img/target_7.png
20,2,552,modular,1,e,img/target_3.png
20,2,553,modular,2,v,img/target_5.png
20,2,554,modular,3,r,img/target_4.png
20,2,555,modular,1,e,img/target_3.png
20,2,556,modular,4,p,img/target_10.png
20,2,557,modular,2,v,img/target_5.png
20,2,558,modular,3,r,img/target_4.png
20,2,559,modular,0,u,img/target_7.png
20,2,560,modular,1,e,img/target_3.png
20,2,561,modular,0,u,img/target_7.png
20,2,562,modular,1,e,img/target_3.png
20,2,563,modular,2,v,img/target_5.png
20,2,564,modular,1,e,img/target_3.png
20,2,565,modular,0,u,img/target_7.png
20,2,566,modular,2,v,img/target_5.png
20,2,567,modular,1,e,img/target_3.png
20,2,568,modular,2,v,img/target_5.png
20,2,569,modular,1,e,img/target_3.png
20,2,570,modular,2,v,img/target_5.png
20,2,571,modular,3,r,img/target_4.png
20,2,572,modular,2,v,img/target_5.png
20,2,573,modular,4,p,img/target_10.png
20,2,574,modular,1,e,img/target_3.png
20,2,575,modular,0,u,img/target_7.png
20,2,576,modular,2,v,img/target_5.png
20,2,577,modular,1,e,img/target_3.png
20,2,578,modular,3,r,img/target_4.png
20,2,579,modular,4,p,img/target_10.png
20,2,580,modular,1,e,img/target_3.png
20,2,581,modular,3,r,img/target_4.png
20,2,582,modular,2,v,img/target_5.png
20,2,583,modular,3,r,img/target_4.png
20,2,584,modular,4,p,img/target_10.png
20,2,585,modular,2,v,img/target_5.png
20,2,586,modular,4,p,img/target_10.png
20,2,587,modular,1,e,img/target_3.png
20,2,588,modular,0,u,img/target_7.png
20,2,589,modular,3,r,img/target_4.png
20,2,590,modular,0,u,img/target_7.png
20,2,591,modular,3,r,img/target_4.png
20,2,592,modular,2,v,img/target_5.png
20,2,593,modular,1,e,img/target_3.png
20,2,594,modular,0,u,img/target_7.png
20,2,595,modular,2,v,img/target_5.png
20,2,596,modular,3,r,img/target_4.png
20,2,597,modular,1,e,img/target_3.png
20,2,598,modular,4,p,img/target_10.png
20,2,599,modular,5,w,img/target_2.png
20,2,600,modular,6,q,img/target_1.png
20,2,601,modular,7,b,img/target_6.png
20,2,602,modular,5,w,img/target_2.png
20,2,603,modular,6,q,img/target_1.png
20,2,604,modular,8,i,img/target_8.png
20,2,605,modular,6,q,img/target_1.png
20,2,606,modular,9,o,img/target_9.png
20,2,607,modular,0,u,img/target_7.png
20,2,608,modular,9,o,img/target_9.png
20,2,609,modular,8,i,img/target_8.png
20,2,610,modular,5,w,img/target_2.png
20,2,611,modular,4,p,img/target_10.png
20,2,612,modular,2,v,img/target_5.png
20,2,613,modular,4,p,img/target_10.png
20,2,614,modular,2,v,img/target_5.png
20,2,615,modular,3,r,img/target_4.png
20,2,616,modular,0,u,img/target_7.png
20,2,617,modular,1,e,img/target_3.png
20,2,618,modular,3,r,img/target_4.png
20,2,619,modular,1,e,img/target_3.png
20,2,620,modular,2,v,img/target_5.png
20,2,621,modular,1,e,img/target_3.png
20,2,622,modular,4,p,img/target_10.png
20,2,623,modular,1,e,img/target_3.png
20,2,624,modular,2,v,img/target_5.png
20,2,625,modular,1,e,img/target_3.png
20,2,626,modular,4,p,img/target_10.png
20,2,627,modular,2,v,img/target_5.png
20,2,628,modular,4,p,img/target_10.png
20,2,629,modular,5,w,img/target_2.png
20,2,630,modular,7,b,img/target_6.png
20,2,631,modular,6,q,img/target_1.png
20,2,632,modular,5,w,img/target_2.png
20,2,633,modular,4,p,img/target_10.png
20,2,634,modular,3,r,img/target_4.png
20,2,635,modular,2,v,img/target_5.png
20,2,636,modular,3,r,img/target_4.png
20,2,637,modular,1,e,img/target_3.png
20,2,638,modular,2,v,img/target_5.png
20,2,639,modular,0,u,img/target_7.png
20,2,640,modular,2,v,img/target_5.png
20,2,641,modular,4,p,img/target_10.png
20,2,642,modular,5,w,img/target_2.png
20,2,643,modular,7,b,img/target_6.png
20,2,644,modular,5,w,img/target_2.png
20,2,645,modular,8,i,img/target_8.png
20,2,646,modular,9,o,img/target_9.png
20,2,647,modular,0,u,img/target_7.png
20,2,648,modular,1,e,img/target_3.png
20,2,649,modular,0,u,img/target_7.png
20,2,650,modular,3,r,img/target_4.png
20,2,651,modular,0,u,img/target_7.png
20,2,652,modular,9,o,img/target_9.png
20,2,653,modular,8,i,img/target_8.png
20,2,654,modular,7,b,img/target_6.png
20,2,655,modular,6,q,img/target_1.png
20,2,656,modular,8,i,img/target_8.png
20,2,657,modular,7,b,img/target_6.png
20,2,658,modular,6,q,img/target_1.png
20,2,659,modular,9,o,img/target_9.png
20,2,660,modular,8,i,img/target_8.png
20,2,661,modular,9,o,img/target_9.png
20,2,662,modular,7,b,img/target_6.png
20,2,663,modular,6,q,img/target_1.png
20,2,664,modular,8,i,img/target_8.png
20,2,665,modular,6,q,img/target_1.png
20,2,666,modular,5,w,img/target_2.png
20,2,667,modular,8,i,img/target_8.png
20,2,668,modular,9,o,img/target_9.png
20,2,669,modular,7,b,img/target_6.png
20,2,670,modular,5,w,img/target_2.png
20,2,671,modular,8,i,img/target_8.png
20,2,672,modular,6,q,img/target_1.png
20,2,673,modular,9,o,img/target_9.png
20,2,674,modular,7,b,img/target_6.png
20,2,675,modular,6,q,img/target_1.png
20,2,676,modular,7,b,img/target_6.png
20,2,677,modular,9,o,img/target_9.png
20,2,678,modular,8,i,img/target_8.png
20,2,679,modular,5,w,img/target_2.png
20,2,680,modular,6,q,img/target_1.png
20,2,681,modular,9,o,img/target_9.png
20,2,682,modular,6,q,img/target_1.png
20,2,683,modular,9,o,img/target_9.png
20,2,684,modular,7,b,img/target_6.png
20,2,685,modular,5,w,img/target_2.png
20,2,686,modular,4,p,img/target_10.png
20,2,687,modular,5,w,img/target_2.png
20,2,688,modular,6,q,img/target_1.png
20,2,689,modular,7,b,img/target_6.png
20,2,690,modular,8,i,img/target_8.png
20,2,691,modular,9,o,img/target_9.png
20,2,692,modular,7,b,img/target_6.png
20,2,693,modular,5,w,img/target_2.png
20,2,694,modular,6,q,img/target_1.png
20,2,695,modular,5,w,img/target_2.png
20,2,696,modular,7,b,img/target_6.png
20,2,697,modular,5,w,img/target_2.png
20,2,698,modular,4,p,img/target_10.png
20,2,699,modular,5,w,img/target_2.png
20,2,700,modular,7,b,img/target_6.png
20,2,701,modular,6,q,img/target_1.png
20,2,702,modular,9,o,img/target_9.png
20,2,703,modular,8,i,img/target_8.png
20,2,704,modular,5,w,img/target_2.png
20,2,705,modular,7,b,img/target_6.png
20,2,706,modular,6,q,img/target_1.png
20,2,707,modular,8,i,img/target_8.png
20,2,708,modular,6,q,img/target_1.png
20,2,709,modular,8,i,img/target_8.png
20,2,710,modular,7,b,img/target_6.png
20,2,711,modular,8,i,img/target_8.png
20,2,712,modular,7,b,img/target_6.png
20,2,713,modular,5,w,img/target_2.png
20,2,714,modular,4,p,img/target_10.png
20,2,715,modular,1,e,img/target_3.png
20,2,716,modular,3,r,img/target_4.png
20,2,717,modular,2,v,img/target_5.png
20,2,718,modular,0,u,img/target_7.png
20,2,719,modular,1,e,img/target_3.png
20,2,720,modular,0,u,img/target_7.png
20,2,721,modular,2,v,img/target_5.png
20,2,722,modular,1,e,img/target_3.png
20,2,723,modular,4,p,img/target_10.png
20,2,724,modular,5,w,img/target_2.png
20,2,725,modular,6,q,img/target_1.png
20,2,726,modular,5,w,img/target_2.png
20,2,727,modular,4,p,img/target_10.png
20,2,728,modular,3,r,img/target_4.png
20,2,729,modular,1,e,img/target_3.png
20,2,730,modular,0,u,img/target_7.png
20,2,731,modular,3,r,img/target_4.png
20,2,732,modular,4,p,img/target_10.png
20,2,733,modular,3,r,img/target_4.png
20,2,734,modular,0,u,img/target_7.png
20,2,735,modular,3,r,img/target_4.png
20,2,736,modular,4,p,img/target_10.png
20,2,737,modular,3,r,img/target_4.png
20,2,738,modular,4,p,img/target_10.png
20,2,739,modular,2,v,img/target_5.png
20,2,740,modular,0,u,img/target_7.png
20,2,741,modular,1,e,img/target_3.png
20,2,742,modular,0,u,img/target_7.png
20,2,743,modular,9,o,img/target_9.png
20,2,744,modular,0,u,img/target_7.png
20,2,745,modular,9,o,img/target_9.png
20,2,746,modular,0,u,img/target_7.png
20,2,747,modular,9,o,img/target_9.png
20,2,748,modular,7,b,img/target_6.png
20,2,749,modular,5,w,img/target_2.png
20,2,750,modular,4,p,img/target_10.png
20,2,751,modular,1,e,img/target_3.png
20,2,752,modular,4,p,img/target_10.png
20,2,753,modular,3,r,img/target_4.png
20,2,754,modular,0,u,img/target_7.png
20,2,755,modular,2,v,img/target_5.png
20,2,756,modular,4,p,img/target_10.png
20,2,757,modular,1,e,img/target_3.png
20,2,758,modular,3,r,img/target_4.png
20,2,759,modular,4,p,img/target_10.png
20,2,760,modular,3,r,img/target_4.png
20,2,761,modular,2,v,img/target_5.png
20,2,762,modular,3,r,img/target_4.png
20,2,763,modular,1,e,img/target_3.png
20,2,764,modular,2,v,img/target_5.png
20,2,765,modular,0,u,img/target_7.png
20,2,766,modular,9,o,img/target_9.png
20,2,767,modular,6,q,img/target_1.png
20,2,768,modular,9,o,img/target_9.png
20,2,769,modular,0,u,img/target_7.png
20,2,770,modular,2,v,img/target_5.png
20,2,771,modular,1,e,img/target_3.png
20,2,772,modular,0,u,img/target_7.png
20,2,773,modular,3,r,img/target_4.png
20,2,774,modular,1,e,img/target_3.png
20,2,775,modular,0,u,img/target_7.png
20,2,776,modular,1,e,img/target_3.png
20,2,777,modular,0,u,img/target_7.png
20,2,778,modular,9,o,img/target_9.png
20,2,779,modular,0,u,img/target_7.png
20,2,780,modular,3,r,img/target_4.png
20,2,781,modular,0,u,img/target_7.png
20,2,782,modular,3,r,img/target_4.png
20,2,783,modular,1,e,img/target_3.png
20,2,784,modular,4,p,img/target_10.png
20,2,785,modular,3,r,img/target_4.png
20,2,786,modular,1,e,img/target_3.png
20,2,787,modular,0,u,img/target_7.png
20,2,788,modular,9,o,img/target_9.png
20,2,789,modular,7,b,img/target_6.png
20,2,790,modular,8,i,img/target_8.png
20,2,791,modular,5,w,img/target_2.png
20,2,792,modular,6,q,img/target_1.png
20,2,793,modular,8,i,img/target_8.png
20,2,794,modular,7,b,img/target_6.png
20,2,795,modular,6,q,img/target_1.png
20,2,796,modular,7,b,img/target_6.png
20,2,797,modular,9,o,img/target_9.png
20,2,798,modular,0,u,img/target_7.png
20,2,799,modular,1,e,img/target_3.png
20,2,800,modular,2,v,img/target_5.png
20,2,801,modular,1,e,img/target_3.png
20,2,802,modular,3,r,img/target_4.png
20,2,803,modular,0,u,img/target_7.png
20,2,804,modular,9,o,img/target_9.png
20,2,805,modular,6,q,img/target_1.png
20,2,806,modular,9,o,img/target_9.png
20,2,807,modular,7,b,img/target_6.png
20,2,808,modular,9,o,img/target_9.png
20,2,809,modular,0,u,img/target_7.png
20,2,810,modular,3,r,img/target_4.png
20,2,811,modular,2,v,img/target_5.png
20,2,812,modular,4,p,img/target_10.png
20,2,813,modular,3,r,img/target_4.png
20,2,814,modular,4,p,img/target_10.png
20,2,815,modular,5,w,img/target_2.png
20,2,816,modular,4,p,img/target_10.png
20,2,817,modular,1,e,img/target_3.png
20,2,818,modular,2,v,img/target_5.png
20,2,819,modular,0,u,img/target_7.png
20,2,820,modular,9,o,img/target_9.png
20,2,821,modular,0,u,img/target_7.png
20,2,822,modular,2,v,img/target_5.png
20,2,823,modular,0,u,img/target_7.png
20,2,824,modular,2,v,img/target_5.png
20,2,825,modular,4,p,img/target_10.png
20,2,826,modular,1,e,img/target_3.png
20,2,827,modular,4,p,img/target_10.png
20,2,828,modular,1,e,img/target_3.png
20,2,829,modular,3,r,img/target_4.png
20,2,830,modular,0,u,img/target_7.png
20,2,831,modular,9,o,img/target_9.png
20,2,832,modular,0,u,img/target_7.png
20,2,833,modular,3,r,img/target_4.png
20,2,834,modular,0,u,img/target_7.png
20,2,835,modular,1,e,img/target_3.png
20,2,836,modular,0,u,img/target_7.png
20,2,837,modular,9,o,img/target_9.png
20,2,838,modular,6,q,img/target_1.png
20,2,839,modular,8,i,img/target_8.png
20,2,840,modular,7,b,img/target_6.png
20,2,841,modular,8,i,img/target_8.png
20,2,842,modular,6,q,img/target_1.png
20,2,843,modular,5,w,img/target_2.png
20,2,844,modular,6,q,img/target_1.png
20,2,845,modular,9,o,img/target_9.png
20,2,846,modular,0,u,img/target_7.png
20,2,847,modular,9,o,img/target_9.png
20,2,848,modular,0,u,img/target_7.png
20,2,849,modular,1,e,img/target_3.png
20,2,850,modular,0,u,img/target_7.png
20,2,851,modular,3,r,img/target_4.png
20,2,852,modular,2,v,img/target_5.png
20,2,853,modular,1,e,img/target_3.png
20,2,854,modular,4,p,img/target_10.png
20,2,855,modular,1,e,img/target_3.png
20,2,856,modular,3,r,img/target_4.png
20,2,857,modular,0,u,img/target_7.png
20,2,858,modular,1,e,img/target_3.png
20,2,859,modular,2,v,img/target_5.png
20,2,860,modular,4,p,img/target_10.png
20,2,861,modular,5,w,img/target_2.png
20,2,862,modular,7,b,img/target_6.png
20,2,863,modular,8,i,img/target_8.png
20,2,864,modular,5,w,img/target_2.png
20,2,865,modular,4,p,img/target_10.png
20,2,866,modular,2,v,img/target_5.png
20,2,867,modular,3,r,img/target_4.png
20,2,868,modular,2,v,img/target_5.png
20,2,869,modular,4,p,img/target_10.png
20,2,870,modular,3,r,img/target_4.png
20,2,871,modular,4,p,img/target_10.png
20,2,872,modular,3,r,img/target_4.png
20,2,873,modular,1,e,img/target_3.png
20,2,874,modular,0,u,img/target_7.png
20,2,875,modular,1,e,img/target_3.png
20,2,876,modular,0,u,img/target_7.png
20,2,877,modular,1,e,img/target_3.png
20,2,878,modular,3,r,img/target_4.png
20,2,879,modular,1,e,img/target_3.png
20,2,880,modular,4,p,img/target_10.png
20,2,881,modular,5,w,img/target_2.png
20,2,882,modular,7,b,img/target_6.png
20,2,883,modular,6,q,img/target_1.png
20,2,884,modular,9,o,img/target_9.png
20,2,885,modular,7,b,img/target_6.png
20,2,886,modular,5,w,img/target_2.png
20,2,887,modular,7,b,img/target_6.png
20,2,888,modular,6,q,img/target_1.png
20,2,889,modular,8,i,img/target_8.png
20,2,890,modular,7,b,img/target_6.png
20,2,891,modular,8,i,img/target_8.png
20,2,892,modular,5,w,img/target_2.png
20,2,893,modular,7,b,img/target_6.png
20,2,894,modular,5,w,img/target_2.png
20,2,895,modular,7,b,img/target_6.png
20,2,896,modular,9,o,img/target_9.png
20,2,897,modular,8,i,img/target_8.png
20,2,898,modular,9,o,img/target_9.png
20,2,899,modular,6,q,img/target_1.png
20,2,900,modular,9,o,img/target_9.png
20,2,901,modular,0,u,img/target_7.png
20,2,902,modular,2,v,img/target_5.png
20,2,903,modular,0,u,img/target_7.png
20,2,904,modular,3,r,img/target_4.png
20,2,905,modular,0,u,img/target_7.png
20,2,906,modular,2,v,img/target_5.png
20,2,907,modular,3,r,img/target_4.png
20,2,908,modular,2,v,img/target_5.png
20,2,909,modular,4,p,img/target_10.png
20,2,910,modular,3,r,img/target_4.png
20,2,911,modular,0,u,img/target_7.png
20,2,912,modular,9,o,img/target_9.png
20,2,913,modular,7,b,img/target_6.png
20,2,914,modular,9,o,img/target_9.png
20,2,915,modular,8,i,img/target_8.png
20,2,916,modular,6,q,img/target_1.png
20,2,917,modular,9,o,img/target_9.png
20,2,918,modular,8,i,img/target_8.png
20,2,919,modular,6,q,img/target_1.png
20,2,920,modular,5,w,img/target_2.png
20,2,921,modular,6,q,img/target_1.png
20,2,922,modular,7,b,img/target_6.png
20,2,923,modular,6,q,img/target_1.png
20,2,924,modular,8,i,img/target_8.png
20,2,925,modular,7,b,img/target_6.png
20,2,926,modular,9,o,img/target_9.png
20,2,927,modular,7,b,img/target_6.png
20,2,928,modular,9,o,img/target_9.png
20,2,929,modular,6,q,img/target_1.png
20,2,930,modular,7,b,img/target_6.png
20,2,931,modular,9,o,img/target_9.png
20,2,932,modular,7,b,img/target_6.png
20,2,933,modular,5,w,img/target_2.png
20,2,934,modular,4,p,img/target_10.png
20,2,935,modular,3,r,img/target_4.png
20,2,936,modular,1,e,img/target_3.png
20,2,937,modular,4,p,img/target_10.png
20,2,938,modular,2,v,img/target_5.png
20,2,939,modular,1,e,img/target_3.png
20,2,940,modular,2,v,img/target_5.png
20,2,941,modular,1,e,img/target_3.png
20,2,942,modular,3,r,img/target_4.png
20,2,943,modular,4,p,img/target_10.png
20,2,944,modular,5,w,img/target_2.png
20,2,945,modular,4,p,img/target_10.png
20,2,946,modular,5,w,img/target_2.png
20,2,947,modular,8,i,img/target_8.png
20,2,948,modular,7,b,img/target_6.png
20,2,949,modular,6,q,img/target_1.png
20,2,950,modular,5,w,img/target_2.png
20,2,951,modular,7,b,img/target_6.png
20,2,952,modular,9,o,img/target_9.png
20,2,953,modular,6,q,img/target_1.png
20,2,954,modular,9,o,img/target_9.png
20,2,955,modular,6,q,img/target_1.png
20,2,956,modular,7,b,img/target_6.png
20,2,957,modular,8,i,img/target_8.png
20,2,958,modular,9,o,img/target_9.png
20,2,959,modular,6,q,img/target_1.png
20,2,960,modular,9,o,img/target_9.png
20,2,961,modular,7,b,img/target_6.png
20,2,962,modular,8,i,img/target_8.png
20,2,963,modular,5,w,img/target_2.png
20,2,964,modular,4,p,img/target_10.png
20,2,965,modular,1,e,img/target_3.png
20,2,966,modular,4,p,img/target_10.png
20,2,967,modular,2,v,img/target_5.png
20,2,968,modular,4,p,img/target_10.png
20,2,969,modular,2,v,img/target_5.png
20,2,970,modular,1,e,img/target_3.png
20,2,971,modular,3,r,img/target_4.png
20,2,972,modular,1,e,img/target_3.png
20,2,973,modular,0,u,img/target_7.png
20,2,974,modular,2,v,img/target_5.png
20,2,975,modular,1,e,img/target_3.png
20,2,976,modular,4,p,img/target_10.png
20,2,977,modular,1,e,img/target_3.png
20,2,978,modular,3,r,img/target_4.png
20,2,979,modular,4,p,img/target_10.png
20,2,980,modular,1,e,img/target_3.png
20,2,981,modular,4,p,img/target_10.png
20,2,982,modular,2,v,img/target_5.png
20,2,983,modular,3,r,img/target_4.png
20,2,984,modular,2,v,img/target_5.png
20,2,985,modular,1,e,img/target_3.png
20,2,986,modular,3,r,img/target_4.png
20,2,987,modular,0,u,img/target_7.png
20,2,988,modular,9,o,img/target_9.png
20,2,989,modular,0,u,img/target_7.png
20,2,990,modular,2,v,img/target_5.png
20,2,991,modular,3,r,img/target_4.png
20,2,992,modular,4,p,img/target_10.png
20,2,993,modular,5,w,img/target_2.png
20,2,994,modular,6,q,img/target_1.png
20,2,995,modular,8,i,img/target_8.png
20,2,996,modular,9,o,img/target_9.png
20,2,997,modular,6,q,img/target_1.png
20,2,998,modular,7,b,img/target_6.png
20,2,999,modular,9,o,img/target_9.png
20,2,1000,modular,6,q,img/target_1.png
