pID,sess,trialNum,graph,walk,resp,path
20,1,1,modular,4,p,img/target_10.png
20,1,2,modular,1,e,img/target_3.png
20,1,3,modular,0,u,img/target_7.png
20,1,4,modular,2,v,img/target_5.png
20,1,5,modular,3,r,img/target_4.png
20,1,6,modular,1,e,img/target_3.png
20,1,7,modular,2,v,img/target_5.png
20,1,8,modular,4,p,img/target_10.png
20,1,9,modular,2,v,img/target_5.png
20,1,10,modular,4,p,img/target_10.png
20,1,11,modular,2,v,img/target_5.png
20,1,12,modular,0,u,img/target_7.png
20,1,13,modular,2,v,img/target_5.png
20,1,14,modular,0,u,img/target_7.png
20,1,15,modular,2,v,img/target_5.png
20,1,16,modular,4,p,img/target_10.png
20,1,17,modular,2,v,img/target_5.png
20,1,18,modular,4,p,img/target_10.png
20,1,19,modular,1,e,img/target_3.png
20,1,20,modular,3,r,img/target_4.png
20,1,21,modular,2,v,img/target_5.png
20,1,22,modular,4,p,img/target_10.png
20,1,23,modular,3,r,img/target_4.png
20,1,24,modular,2,v,img/target_5.png
20,1,25,modular,0,u,img/target_7.png
20,1,26,modular,1,e,img/target_3.png
20,1,27,modular,2,v,img/target_5.png
20,1,28,modular,0,u,img/target_7.png
20,1,29,modular,1,e,img/target_3.png
20,1,30,modular,4,p,img/target_10.png
20,1,31,modular,1,e,img/target_3.png
20,1,32,modular,3,r,img/target_4.png
20,1,33,modular,4,p,img/target_10.png
20,1,34,modular,5,w,img/target_2.png
20,1,35,modular,7,b,img/target_6.png
20,1,36,modular,6,q,img/target_1.png
20,1,37,modular,8,i,img/target_8.png
20,1,38,modular,6,q,img/target_1.png
20,1,39,modular,5,w,img/target_2.png
20,1,40,modular,4,p,img/target_10.png
20,1,41,modular,5,w,img/target_2.png
20,1,42,modular,4,p,img/target_10.png
20,1,43,modular,1,e,img/target_3.png
20,1,44,modular,4,p,img/target_10.png
20,1,45,modular,2,v,img/target_5.png
20,1,46,modular,3,r,img/target_4.png
20,1,47,modular,0,u,img/target_7.png
20,1,48,modular,1,e,img/target_3.png
20,1,49,modular,0,u,img/target_7.png
20,1,50,modular,2,v,img/target_5.png
20,1,51,modular,0,u,img/target_7.png
20,1,52,modular,2,v,img/target_5.png
20,1,53,modular,0,u,img/target_7.png
20,1,54,modular,2,v,img/target_5.png
20,1,55,modular,1,e,img/target_3.png
20,1,56,modular,3,r,img/target_4.png
20,1,57,modular,4,p,img/target_10.png
20,1,58,modular,2,v,img/target_5.png
20,1,59,modular,1,e,img/target_3.png
20,1,60,modular,2,v,img/target_5.png
20,1,61,modular,1,e,img/target_3.png
20,1,62,modular,4,p,img/target_10.png
20,1,63,modular,2,v,img/target_5.png
20,1,64,modular,1,e,img/target_3.png
20,1,65,modular,0,u,img/target_7.png
20,1,66,modular,3,r,img/target_4.png
20,1,67,modular,2,v,img/target_5.png
20,1,68,modular,4,p,img/target_10.png
20,1,69,modular,3,r,img/target_4.png
20,1,70,modular,2,v,img/target_5.png
20,1,71,modular,4,p,img/target_10.png
20,1,72,modular,3,r,img/target_4.png
20,1,73,modular,4,p,img/target_10.png
20,1,74,modular,1,e,img/target_3.png
20,1,75,modular,0,u,img/target_7.png
20,1,76,modular,2,v,img/target_5.png
20,1,77,modular,4,p,img/target_10.png
20,1,78,modular,5,w,img/target_2.png
20,1,79,modular,6,q,img/target_1.png
20,1,80,modular,8,i,img/target_8.png
20,1,81,modular,9,o,img/target_9.png
20,1,82,modular,6,q,img/target_1.png
20,1,83,modular,9,o,img/target_9.png
20,1,84,modular,6,q,img/target_1.png
20,1,85,modular,7,b,img/target_6.png
20,1,86,modular,9,o,img/target_9.png
20,1,87,modular,0,u,img/target_7.png
20,1,88,modular,1,e,img/target_3.png
20,1,89,modular,0,u,img/target_7.png
20,1,90,modular,3,r,img/target_4.png
20,1,91,modular,1,e,img/target_3.png
20,1,92,modular,3,r,img/target_4.png
20,1,93,modular,4,p,img/target_10.png
20,1,94,modular,3,r,img/target_4.png
20,1,95,modular,1,e,img/target_3.png
20,1,96,modular,0,u,img/target_7.png
20,1,97,modular,3,r,img/target_4.png
20,1,98,modular,0,u,img/target_7.png
20,1,99,modular,2,v,img/target_5.png
20,1,100,modular,4,p,img/target_10.png
20,1,101,modular,5,w,img/target_2.png
20,1,102,modular,4,p,img/target_10.png
20,1,103,modular,3,r,img/target_4.png
20,1,104,modular,1,e,img/target_3.png
20,1,105,modular,3,r,img/target_4.png
20,1,106,modular,1,e,img/target_3.png
20,1,107,modular,0,u,img/target_7.png
20,1,108,modular,1,e,img/target_3.png
20,1,109,modular,3,r,img/target_4.png
20,1,110,modular,0,u,img/target_7.png
20,1,111,modular,1,e,img/target_3.png
20,1,112,modular,4,p,img/target_10.png
20,1,113,modular,2,v,img/target_5.png
20,1,114,modular,3,r,img/target_4.png
20,1,115,modular,4,p,img/target_10.png
20,1,116,modular,5,w,img/target_2.png
20,1,117,modular,7,b,img/target_6.png
20,1,118,modular,6,q,img/target_1.png
20,1,119,modular,5,w,img/target_2.png
20,1,120,modular,6,q,img/target_1.png
20,1,121,modular,5,w,img/target_2.png
20,1,122,modular,7,b,img/target_6.png
20,1,123,modular,6,q,img/target_1.png
20,1,124,modular,7,b,img/target_6.png
20,1,125,modular,6,q,img/target_1.png
20,1,126,modular,7,b,img/target_6.png
20,1,127,modular,8,i,img/target_8.png
20,1,128,modular,9,o,img/target_9.png
20,1,129,modular,8,i,img/target_8.png
20,1,130,modular,9,o,img/target_9.png
20,1,131,modular,0,u,img/target_7.png
20,1,132,modular,2,v,img/target_5.png
20,1,133,modular,3,r,img/target_4.png
20,1,134,modular,4,p,img/target_10.png
20,1,135,modular,2,v,img/target_5.png
20,1,136,modular,0,u,img/target_7.png
20,1,137,modular,9,o,img/target_9.png
20,1,138,modular,6,q,img/target_1.png
20,1,139,modular,5,w,img/target_2.png
20,1,140,modular,8,i,img/target_8.png
20,1,141,modular,7,b,img/target_6.png
20,1,142,modular,5,w,img/target_2.png
20,1,143,modular,8,i,img/target_8.png
20,1,144,modular,9,o,img/target_9.png
20,1,145,modular,7,b,img/target_6.png
20,1,146,modular,6,q,img/target_1.png
20,1,147,modular,5,w,img/target_2.png
20,1,148,modular,8,i,img/target_8.png
20,1,149,modular,6,q,img/target_1.png
20,1,150,modular,8,i,img/target_8.png
20,1,151,modular,7,b,img/target_6.png
20,1,152,modular,6,q,img/target_1.png
20,1,153,modular,9,o,img/target_9.png
20,1,154,modular,7,b,img/target_6.png
20,1,155,modular,9,o,img/target_9.png
20,1,156,modular,0,u,img/target_7.png
20,1,157,modular,2,v,img/target_5.png
20,1,158,modular,3,r,img/target_4.png
20,1,159,modular,2,v,img/target_5.png
20,1,160,modular,3,r,img/target_4.png
20,1,161,modular,4,p,img/target_10.png
20,1,162,modular,1,e,img/target_3.png
20,1,163,modular,2,v,img/target_5.png
20,1,164,modular,4,p,img/target_10.png
20,1,165,modular,2,v,img/target_5.png
20,1,166,modular,3,r,img/target_4.png
20,1,167,modular,1,e,img/target_3.png
20,1,168,modular,3,r,img/target_4.png
20,1,169,modular,2,v,img/target_5.png
20,1,170,modular,4,p,img/target_10.png
20,1,171,modular,5,w,img/target_2.png
20,1,172,modular,4,p,img/target_10.png
20,1,173,modular,3,r,img/target_4.png
20,1,174,modular,4,p,img/target_10.png
20,1,175,modular,1,e,img/target_3.png
20,1,176,modular,0,u,img/target_7.png
20,1,177,modular,9,o,img/target_9.png
20,1,178,modular,6,q,img/target_1.png
20,1,179,modular,7,b,img/target_6.png
20,1,180,modular,8,i,img/target_8.png
20,1,181,modular,5,w,img/target_2.png
20,1,182,modular,8,i,img/target_8.png
20,1,183,modular,5,w,img/target_2.png
20,1,184,modular,6,q,img/target_1.png
20,1,185,modular,9,o,img/target_9.png
20,1,186,modular,6,q,img/target_1.png
20,1,187,modular,8,i,img/target_8.png
20,1,188,modular,6,q,img/target_1.png
20,1,189,modular,9,o,img/target_9.png
20,1,190,modular,8,i,img/target_8.png
20,1,191,modular,7,b,img/target_6.png
20,1,192,modular,5,w,img/target_2.png
20,1,193,modular,6,q,img/target_1.png
20,1,194,modular,7,b,img/target_6.png
20,1,195,modular,5,w,img/target_2.png
20,1,196,modular,4,p,img/target_10.png
20,1,197,modular,3,r,img/target_4.png
20,1,198,modular,1,e,img/target_3.png
20,1,199,modular,2,v,img/target_5.png
20,1,200,modular,4,p,img/target_10.png
20,1,201,modular,3,r,img/target_4.png
20,1,202,modular,2,v,img/target_5.png
20,1,203,modular,3,r,img/target_4.png
20,1,204,modular,2,v,img/target_5.png
20,1,205,modular,1,e,img/target_3.png
20,1,206,modular,0,u,img/target_7.png
20,1,207,modular,3,r,img/target_4.png
20,1,208,modular,4,p,img/target_10.png
20,1,209,modular,2,v,img/target_5.png
20,1,210,modular,0,u,img/target_7.png
20,1,211,modular,3,r,img/target_4.png
20,1,212,modular,2,v,img/target_5.png
20,1,213,modular,1,e,img/target_3.png
20,1,214,modular,4,p,img/target_10.png
20,1,215,modular,1,e,img/target_3.png
20,1,216,modular,0,u,img/target_7.png
20,1,217,modular,2,v,img/target_5.png
20,1,218,modular,3,r,img/target_4.png
20,1,219,modular,2,v,img/target_5.png
20,1,220,modular,1,e,img/target_3.png
20,1,221,modular,2,v,img/target_5.png
20,1,222,modular,0,u,img/target_7.png
20,1,223,modular,2,v,img/target_5.png
20,1,224,modular,4,p,img/target_10.png
20,1,225,modular,5,w,img/target_2.png
20,1,226,modular,7,b,img/target_6.png
20,1,227,modular,8,i,img/target_8.png
20,1,228,modular,9,o,img/target_9.png
20,1,229,modular,0,u,img/target_7.png
20,1,230,modular,3,r,img/target_4.png
20,1,231,modular,2,v,img/target_5.png
20,1,232,modular,4,p,img/target_10.png
20,1,233,modular,1,e,img/target_3.png
20,1,234,modular,3,r,img/target_4.png
20,1,235,modular,1,e,img/target_3.png
20,1,236,modular,2,v,img/target_5.png
20,1,237,modular,3,r,img/target_4.png
20,1,238,modular,2,v,img/target_5.png
20,1,239,modular,3,r,img/target_4.png
20,1,240,modular,1,e,img/target_3.png
20,1,241,modular,4,p,img/target_10.png
20,1,242,modular,5,w,img/target_2.png
20,1,243,modular,7,b,img/target_6.png
20,1,244,modular,6,q,img/target_1.png
20,1,245,modular,8,i,img/target_8.png
20,1,246,modular,7,b,img/target_6.png
20,1,247,modular,5,w,img/target_2.png
20,1,248,modular,7,b,img/target_6.png
20,1,249,modular,9,o,img/target_9.png
20,1,250,modular,0,u,img/target_7.png
20,1,251,modular,2,v,img/target_5.png
20,1,252,modular,1,e,img/target_3.png
20,1,253,modular,0,u,img/target_7.png
20,1,254,modular,2,v,img/target_5.png
20,1,255,modular,4,p,img/target_10.png
20,1,256,modular,5,w,img/target_2.png
20,1,257,modular,6,q,img/target_1.png
20,1,258,modular,8,i,img/target_8.png
20,1,259,modular,5,w,img/target_2.png
20,1,260,modular,6,q,img/target_1.png
20,1,261,modular,7,b,img/target_6.png
20,1,262,modular,8,i,img/target_8.png
20,1,263,modular,7,b,img/target_6.png
20,1,264,modular,5,w,img/target_2.png
20,1,265,modular,4,p,img/target_10.png
20,1,266,modular,5,w,img/target_2.png
20,1,267,modular,7,b,img/target_6.png
20,1,268,modular,6,q,img/target_1.png
20,1,269,modular,9,o,img/target_9.png
20,1,270,modular,8,i,img/target_8.png
20,1,271,modular,6,q,img/target_1.png
20,1,272,modular,8,i,img/target_8.png
20,1,273,modular,5,w,img/target_2.png
20,1,274,modular,8,i,img/target_8.png
20,1,275,modular,9,o,img/target_9.png
20,1,276,modular,7,b,img/target_6.png
20,1,277,modular,5,w,img/target_2.png
20,1,278,modular,7,b,img/target_6.png
20,1,279,modular,8,i,img/target_8.png
20,1,280,modular,7,b,img/target_6.png
20,1,281,modular,9,o,img/target_9.png
20,1,282,modular,6,q,img/target_1.png
20,1,283,modular,7,b,img/target_6.png
20,1,284,modular,6,q,img/target_1.png
20,1,285,modular,9,o,img/target_9.png
20,1,286,modular,0,u,img/target_7.png
20,1,287,modular,2,v,img/target_5.png
20,1,288,modular,0,u,img/target_7.png
20,1,289,modular,9,o,img/target_9.png
20,1,290,modular,8,i,img/target_8.png
20,1,291,modular,7,b,img/target_6.png
20,1,292,modular,9,o,img/target_9.png
20,1,293,modular,6,q,img/target_1.png
20,1,294,modular,9,o,img/target_9.png
20,1,295,modular,8,i,img/target_8.png
20,1,296,modular,6,q,img/target_1.png
20,1,297,modular,9,o,img/target_9.png
20,1,298,modular,8,i,img/target_8.png
20,1,299,modular,6,q,img/target_1.png
20,1,300,modular,8,i,img/target_8.png
20,1,301,modular,5,w,img/target_2.png
20,1,302,modular,6,q,img/target_1.png
20,1,303,modular,8,i,img/target_8.png
20,1,304,modular,9,o,img/target_9.png
20,1,305,modular,0,u,img/target_7.png
20,1,306,modular,1,e,img/target_3.png
20,1,307,modular,4,p,img/target_10.png
20,1,308,modular,3,r,img/target_4.png
20,1,309,modular,2,v,img/target_5.png
20,1,310,modular,4,p,img/target_10.png
20,1,311,modular,2,v,img/target_5.png
20,1,312,modular,3,r,img/target_4.png
20,1,313,modular,4,p,img/target_10.png
20,1,314,modular,3,r,img/target_4.png
20,1,315,modular,0,u,img/target_7.png
20,1,316,modular,9,o,img/target_9.png
20,1,317,modular,7,b,img/target_6.png
20,1,318,modular,6,q,img/target_1.png
20,1,319,modular,5,w,img/target_2.png
20,1,320,modular,8,i,img/target_8.png
20,1,321,modular,9,o,img/target_9.png
20,1,322,modular,7,b,img/target_6.png
20,1,323,modular,8,i,img/target_8.png
20,1,324,modular,7,b,img/target_6.png
20,1,325,modular,9,o,img/target_9.png
20,1,326,modular,8,i,img/target_8.png
20,1,327,modular,7,b,img/target_6.png
20,1,328,modular,8,i,img/target_8.png
20,1,329,modular,5,w,img/target_2.png
20,1,330,modular,4,p,img/target_10.png
20,1,331,modular,2,v,img/target_5.png
20,1,332,modular,4,p,img/target_10.png
20,1,333,modular,2,v,img/target_5.png
20,1,334,modular,4,p,img/target_10.png
20,1,335,modular,3,r,img/target_4.png
20,1,336,modular,0,u,img/target_7.png
20,1,337,modular,1,e,img/target_3.png
20,1,338,modular,2,v,img/target_5.png
20,1,339,modular,0,u,img/target_7.png
20,1,340,modular,9,o,img/target_9.png
20,1,341,modular,6,q,img/target_1.png
20,1,342,modular,8,i,img/target_8.png
20,1,343,modular,7,b,img/target_6.png
20,1,344,modular,9,o,img/target_9.png
20,1,345,modular,6,q,img/target_1.png
20,1,346,modular,9,o,img/target_9.png
20,1,347,modular,6,q,img/target_1.png
20,1,348,modular,7,b,img/target_6.png
20,1,349,modular,8,i,img/target_8.png
20,1,350,modular,9,o,img/target_9.png
20,1,351,modular,0,u,img/target_7.png
20,1,352,modular,3,r,img/target_4.png
20,1,353,modular,0,u,img/target_7.png
20,1,354,modular,9,o,img/target_9.png
20,1,355,modular,7,b,img/target_6.png
20,1,356,modular,5,w,img/target_2.png
20,1,357,modular,8,i,img/target_8.png
20,1,358,modular,9,o,img/target_9.png
20,1,359,modular,8,i,img/target_8.png
20,1,360,modular,7,b,img/target_6.png
20,1,361,modular,9,o,img/target_9.png
20,1,362,modular,0,u,img/target_7.png
20,1,363,modular,3,r,img/target_4.png
20,1,364,modular,1,e,img/target_3.png
20,1,365,modular,4,p,img/target_10.png
20,1,366,modular,3,r,img/target_4.png
20,1,367,modular,2,v,img/target_5.png
20,1,368,modular,1,e,img/target_3.png
20,1,369,modular,2,v,img/target_5.png
20,1,370,modular,3,r,img/target_4.png
20,1,371,modular,1,e,img/target_3.png
20,1,372,modular,4,p,img/target_10.png
20,1,373,modular,1,e,img/target_3.png
20,1,374,modular,2,v,img/target_5.png
20,1,375,modular,0,u,img/target_7.png
20,1,376,modular,1,e,img/target_3.png
20,1,377,modular,2,v,img/target_5.png
20,1,378,modular,3,r,img/target_4.png
20,1,379,modular,4,p,img/target_10.png
20,1,380,modular,1,e,img/target_3.png
20,1,381,modular,0,u,img/target_7.png
20,1,382,modular,2,v,img/target_5.png
20,1,383,modular,1,e,img/target_3.png
20,1,384,modular,4,p,img/target_10.png
20,1,385,modular,1,e,img/target_3.png
20,1,386,modular,2,v,img/target_5.png
20,1,387,modular,4,p,img/target_10.png
20,1,388,modular,3,r,img/target_4.png
20,1,389,modular,2,v,img/target_5.png
20,1,390,modular,1,e,img/target_3.png
20,1,391,modular,0,u,img/target_7.png
20,1,392,modular,1,e,img/target_3.png
20,1,393,modular,4,p,img/target_10.png
20,1,394,modular,1,e,img/target_3.png
20,1,395,modular,3,r,img/target_4.png
20,1,396,modular,2,v,img/target_5.png
20,1,397,modular,4,p,img/target_10.png
20,1,398,modular,1,e,img/target_3.png
20,1,399,modular,0,u,img/target_7.png
20,1,400,modular,1,e,img/target_3.png
20,1,401,modular,2,v,img/target_5.png
20,1,402,modular,3,r,img/target_4.png
20,1,403,modular,1,e,img/target_3.png
20,1,404,modular,4,p,img/target_10.png
20,1,405,modular,2,v,img/target_5.png
20,1,406,modular,4,p,img/target_10.png
20,1,407,modular,1,e,img/target_3.png
20,1,408,modular,3,r,img/target_4.png
20,1,409,modular,1,e,img/target_3.png
20,1,410,modular,3,r,img/target_4.png
20,1,411,modular,0,u,img/target_7.png
20,1,412,modular,1,e,img/target_3.png
20,1,413,modular,4,p,img/target_10.png
20,1,414,modular,1,e,img/target_3.png
20,1,415,modular,2,v,img/target_5.png
20,1,416,modular,3,r,img/target_4.png
20,1,417,modular,2,v,img/target_5.png
20,1,418,modular,1,e,img/target_3.png
20,1,419,modular,2,v,img/target_5.png
20,1,420,modular,0,u,img/target_7.png
20,1,421,modular,9,o,img/target_9.png
20,1,422,modular,8,i,img/target_8.png
20,1,423,modular,5,w,img/target_2.png
20,1,424,modular,8,i,img/target_8.png
20,1,425,modular,5,w,img/target_2.png
20,1,426,modular,6,q,img/target_1.png
20,1,427,modular,8,i,img/target_8.png
20,1,428,modular,6,q,img/target_1.png
20,1,429,modular,8,i,img/target_8.png
20,1,430,modular,7,b,img/target_6.png
20,1,431,modular,9,o,img/target_9.png
20,1,432,modular,6,q,img/target_1.png
20,1,433,modular,8,i,img/target_8.png
20,1,434,modular,9,o,img/target_9.png
20,1,435,modular,7,b,img/target_6.png
20,1,436,modular,6,q,img/target_1.png
20,1,437,modular,9,o,img/target_9.png
20,1,438,modular,0,u,img/target_7.png
20,1,439,modular,1,e,img/target_3.png
20,1,440,modular,4,p,img/target_10.png
20,1,441,modular,2,v,img/target_5.png
20,1,442,modular,0,u,img/target_7.png
20,1,443,modular,9,o,img/target_9.png
20,1,444,modular,6,q,img/target_1.png
20,1,445,modular,7,b,img/target_6.png
20,1,446,modular,6,q,img/target_1.png
20,1,447,modular,5,w,img/target_2.png
20,1,448,modular,6,q,img/target_1.png
20,1,449,modular,7,b,img/target_6.png
20,1,450,modular,5,w,img/target_2.png
20,1,451,modular,6,q,img/target_1.png
20,1,452,modular,9,o,img/target_9.png
20,1,453,modular,0,u,img/target_7.png
20,1,454,modular,1,e,img/target_3.png
20,1,455,modular,3,r,img/target_4.png
20,1,456,modular,4,p,img/target_10.png
20,1,457,modular,2,v,img/target_5.png
20,1,458,modular,3,r,img/target_4.png
20,1,459,modular,1,e,img/target_3.png
20,1,460,modular,2,v,img/target_5.png
20,1,461,modular,1,e,img/target_3.png
20,1,462,modular,0,u,img/target_7.png
20,1,463,modular,1,e,img/target_3.png
20,1,464,modular,3,r,img/target_4.png
20,1,465,modular,2,v,img/target_5.png
20,1,466,modular,3,r,img/target_4.png
20,1,467,modular,2,v,img/target_5.png
20,1,468,modular,1,e,img/target_3.png
20,1,469,modular,4,p,img/target_10.png
20,1,470,modular,1,e,img/target_3.png
20,1,471,modular,4,p,img/target_10.png
20,1,472,modular,1,e,img/target_3.png
20,1,473,modular,0,u,img/target_7.png
20,1,474,modular,1,e,img/target_3.png
20,1,475,modular,3,r,img/target_4.png
20,1,476,modular,1,e,img/target_3.png
20,1,477,modular,4,p,img/target_10.png
20,1,478,modular,1,e,img/target_3.png
20,1,479,modular,4,p,img/target_10.png
20,1,480,modular,1,e,img/target_3.png
20,1,481,modular,4,p,img/target_10.png
20,1,482,modular,1,e,img/target_3.png
20,1,483,modular,0,u,img/target_7.png
20,1,484,modular,1,e,img/target_3.png
20,1,485,modular,3,r,img/target_4.png
20,1,486,modular,4,p,img/target_10.png
20,1,487,modular,1,e,img/target_3.png
20,1,488,modular,2,v,img/target_5.png
20,1,489,modular,0,u,img/target_7.png
20,1,490,modular,1,e,img/target_3.png
20,1,491,modular,2,v,img/target_5.png
20,1,492,modular,0,u,img/target_7.png
20,1,493,modular,3,r,img/target_4.png
20,1,494,modular,2,v,img/target_5.png
20,1,495,modular,4,p,img/target_10.png
20,1,496,modular,5,w,img/target_2.png
20,1,497,modular,6,q,img/target_1.png
20,1,498,modular,7,b,img/target_6.png
20,1,499,modular,8,i,img/target_8.png
20,1,500,modular,9,o,img/target_9.png
20,1,501,modular,7,b,img/target_6.png
20,1,502,modular,6,q,img/target_1.png
20,1,503,modular,7,b,img/target_6.png
20,1,504,modular,9,o,img/target_9.png
20,1,505,modular,8,i,img/target_8.png
20,1,506,modular,7,b,img/target_6.png
20,1,507,modular,9,o,img/target_9.png
20,1,508,modular,0,u,img/target_7.png
20,1,509,modular,2,v,img/target_5.png
20,1,510,modular,1,e,img/target_3.png
20,1,511,modular,4,p,img/target_10.png
20,1,512,modular,2,v,img/target_5.png
20,1,513,modular,0,u,img/target_7.png
20,1,514,modular,9,o,img/target_9.png
20,1,515,modular,8,i,img/target_8.png
20,1,516,modular,5,w,img/target_2.png
20,1,517,modular,4,p,img/target_10.png
20,1,518,modular,1,e,img/target_3.png
20,1,519,modular,0,u,img/target_7.png
20,1,520,modular,2,v,img/target_5.png
20,1,521,modular,1,e,img/target_3.png
20,1,522,modular,3,r,img/target_4.png
20,1,523,modular,2,v,img/target_5.png
20,1,524,modular,0,u,img/target_7.png
20,1,525,modular,2,v,img/target_5.png
20,1,526,modular,3,r,img/target_4.png
20,1,527,modular,1,e,img/target_3.png
20,1,528,modular,2,v,img/target_5.png
20,1,529,modular,1,e,img/target_3.png
20,1,530,modular,4,p,img/target_10.png
20,1,531,modular,3,r,img/target_4.png
20,1,532,modular,2,v,img/target_5.png
20,1,533,modular,0,u,img/target_7.png
20,1,534,modular,3,r,img/target_4.png
20,1,535,modular,2,v,img/target_5.png
20,1,536,modular,1,e,img/target_3.png
20,1,537,modular,2,v,img/target_5.png
20,1,538,modular,1,e,img/target_3.png
20,1,539,modular,3,r,img/target_4.png
20,1,540,modular,2,v,img/target_5.png
20,1,541,modular,4,p,img/target_10.png
20,1,542,modular,1,e,img/target_3.png
20,1,543,modular,2,v,img/target_5.png
20,1,544,modular,4,p,img/target_10.png
20,1,545,modular,3,r,img/target_4.png
20,1,546,modular,4,p,img/target_10.png
20,1,547,modular,2,v,img/target_5.png
20,1,548,modular,3,r,img/target_4.png
20,1,549,modular,0,u,img/target_7.png
20,1,550,modular,1,e,img/target_3.png
20,1,551,modular,3,r,img/target_4.png
20,1,552,modular,1,e,img/target_3.png
20,1,553,modular,0,u,img/target_7.png
20,1,554,modular,9,o,img/target_9.png
20,1,555,modular,0,u,img/target_7.png
20,1,556,modular,9,o,img/target_9.png
20,1,557,modular,6,q,img/target_1.png
20,1,558,modular,8,i,img/target_8.png
20,1,559,modular,7,b,img/target_6.png
20,1,560,modular,9,o,img/target_9.png
20,1,561,modular,0,u,img/target_7.png
20,1,562,modular,1,e,img/target_3.png
20,1,563,modular,3,r,img/target_4.png
20,1,564,modular,4,p,img/target_10.png
20,1,565,modular,3,r,img/target_4.png
20,1,566,modular,1,e,img/target_3.png
20,1,567,modular,0,u,img/target_7.png
20,1,568,modular,2,v,img/target_5.png
20,1,569,modular,4,p,img/target_10.png
20,1,570,modular,1,e,img/target_3.png
20,1,571,modular,3,r,img/target_4.png
20,1,572,modular,1,e,img/target_3.png
20,1,573,modular,3,r,img/target_4.png
20,1,574,modular,1,e,img/target_3.png
20,1,575,modular,3,r,img/target_4.png
20,1,576,modular,1,e,img/target_3.png
20,1,577,modular,3,r,img/target_4.png
20,1,578,modular,0,u,img/target_7.png
20,1,579,modular,2,v,img/target_5.png
20,1,580,modular,0,u,img/target_7.png
20,1,581,modular,9,o,img/target_9.png
20,1,582,modular,6,q,img/target_1.png
20,1,583,modular,8,i,img/target_8.png
20,1,584,modular,9,o,img/target_9.png
20,1,585,modular,6,q,img/target_1.png
20,1,586,modular,5,w,img/target_2.png
20,1,587,modular,6,q,img/target_1.png
20,1,588,modular,8,i,img/target_8.png
20,1,589,modular,5,w,img/target_2.png
20,1,590,modular,6,q,img/target_1.png
20,1,591,modular,7,b,img/target_6.png
20,1,592,modular,8,i,img/target_8.png
20,1,593,modular,5,w,img/target_2.png
20,1,594,modular,4,p,img/target_10.png
20,1,595,modular,1,e,img/target_3.png
20,1,596,modular,3,r,img/target_4.png
20,1,597,modular,2,v,img/target_5.png
20,1,598,modular,1,e,img/target_3.png
20,1,599,modular,4,p,img/target_10.png
20,1,600,modular,3,r,img/target_4.png
20,1,601,modular,1,e,img/target_3.png
20,1,602,modular,4,p,img/target_10.png
20,1,603,modular,1,e,img/target_3.png
20,1,604,modular,2,v,img/target_5.png
20,1,605,modular,1,e,img/target_3.png
20,1,606,modular,0,u,img/target_7.png
20,1,607,modular,9,o,img/target_9.png
20,1,608,modular,8,i,img/target_8.png
20,1,609,modular,5,w,img/target_2.png
20,1,610,modular,6,q,img/target_1.png
20,1,611,modular,9,o,img/target_9.png
20,1,612,modular,7,b,img/target_6.png
20,1,613,modular,9,o,img/target_9.png
20,1,614,modular,8,i,img/target_8.png
20,1,615,modular,7,b,img/target_6.png
20,1,616,modular,5,w,img/target_2.png
20,1,617,modular,6,q,img/target_1.png
20,1,618,modular,7,b,img/target_6.png
20,1,619,modular,9,o,img/target_9.png
20,1,620,modular,6,q,img/target_1.png
20,1,621,modular,7,b,img/target_6.png
20,1,622,modular,6,q,img/target_1.png
20,1,623,modular,9,o,img/target_9.png
20,1,624,modular,6,q,img/target_1.png
20,1,625,modular,8,i,img/target_8.png
20,1,626,modular,9,o,img/target_9.png
20,1,627,modular,8,i,img/target_8.png
20,1,628,modular,5,w,img/target_2.png
20,1,629,modular,8,i,img/target_8.png
20,1,630,modular,9,o,img/target_9.png
20,1,631,modular,0,u,img/target_7.png
20,1,632,modular,9,o,img/target_9.png
20,1,633,modular,8,i,img/target_8.png
20,1,634,modular,7,b,img/target_6.png
20,1,635,modular,5,w,img/target_2.png
20,1,636,modular,8,i,img/target_8.png
20,1,637,modular,9,o,img/target_9.png
20,1,638,modular,8,i,img/target_8.png
20,1,639,modular,6,q,img/target_1.png
20,1,640,modular,5,w,img/target_2.png
20,1,641,modular,4,p,img/target_10.png
20,1,642,modular,3,r,img/target_4.png
20,1,643,modular,1,e,img/target_3.png
20,1,644,modular,4,p,img/target_10.png
20,1,645,modular,2,v,img/target_5.png
20,1,646,modular,3,r,img/target_4.png
20,1,647,modular,1,e,img/target_3.png
20,1,648,modular,4,p,img/target_10.png
20,1,649,modular,2,v,img/target_5.png
20,1,650,modular,1,e,img/target_3.png
20,1,651,modular,0,u,img/target_7.png
20,1,652,modular,9,o,img/target_9.png
20,1,653,modular,8,i,img/target_8.png
20,1,654,modular,9,o,img/target_9.png
20,1,655,modular,6,q,img/target_1.png
20,1,656,modular,8,i,img/target_8.png
20,1,657,modular,7,b,img/target_6.png
20,1,658,modular,9,o,img/target_9.png
20,1,659,modular,7,b,img/target_6.png
20,1,660,modular,9,o,img/target_9.png
20,1,661,modular,6,q,img/target_1.png
20,1,662,modular,7,b,img/target_6.png
20,1,663,modular,8,i,img/target_8.png
20,1,664,modular,9,o,img/target_9.png
20,1,665,modular,7,b,img/target_6.png
20,1,666,modular,9,o,img/target_9.png
20,1,667,modular,7,b,img/target_6.png
20,1,668,modular,5,w,img/target_2.png
20,1,669,modular,7,b,img/target_6.png
20,1,670,modular,5,w,img/target_2.png
20,1,671,modular,7,b,img/target_6.png
20,1,672,modular,9,o,img/target_9.png
20,1,673,modular,7,b,img/target_6.png
20,1,674,modular,8,i,img/target_8.png
20,1,675,modular,9,o,img/target_9.png
20,1,676,modular,0,u,img/target_7.png
20,1,677,modular,1,e,img/target_3.png
20,1,678,modular,3,r,img/target_4.png
20,1,679,modular,2,v,img/target_5.png
20,1,680,modular,1,e,img/target_3.png
20,1,681,modular,0,u,img/target_7.png
20,1,682,modular,1,e,img/target_3.png
20,1,683,modular,4,p,img/target_10.png
20,1,684,modular,1,e,img/target_3.png
20,1,685,modular,3,r,img/target_4.png
20,1,686,modular,4,p,img/target_10.png
20,1,687,modular,2,v,img/target_5.png
20,1,688,modular,3,r,img/target_4.png
20,1,689,modular,1,e,img/target_3.png
20,1,690,modular,4,p,img/target_10.png
20,1,691,modular,5,w,img/target_2.png
20,1,692,modular,4,p,img/target_10.png
20,1,693,modular,3,r,img/target_4.png
20,1,694,modular,1,e,img/target_3.png
20,1,695,modular,3,r,img/target_4.png
20,1,696,modular,1,e,img/target_3.png
20,1,697,modular,2,v,img/target_5.png
20,1,698,modular,0,u,img/target_7.png
20,1,699,modular,2,v,img/target_5.png
20,1,700,modular,3,r,img/target_4.png
20,1,701,modular,1,e,img/target_3.png
20,1,702,modular,0,u,img/target_7.png
20,1,703,modular,2,v,img/target_5.png
20,1,704,modular,0,u,img/target_7.png
20,1,705,modular,3,r,img/target_4.png
20,1,706,modular,2,v,img/target_5.png
20,1,707,modular,3,r,img/target_4.png
20,1,708,modular,4,p,img/target_10.png
20,1,709,modular,3,r,img/target_4.png
20,1,710,modular,4,p,img/target_10.png
20,1,711,modular,3,r,img/target_4.png
20,1,712,modular,4,p,img/target_10.png
20,1,713,modular,1,e,img/target_3.png
20,1,714,modular,3,r,img/target_4.png
20,1,715,modular,2,v,img/target_5.png
20,1,716,modular,4,p,img/target_10.png
20,1,717,modular,5,w,img/target_2.png
20,1,718,modular,8,i,img/target_8.png
20,1,719,modular,6,q,img/target_1.png
20,1,720,modular,7,b,img/target_6.png
20,1,721,modular,6,q,img/target_1.png
20,1,722,modular,9,o,img/target_9.png
20,1,723,modular,6,q,img/target_1.png
20,1,724,modular,5,w,img/target_2.png
20,1,725,modular,7,b,img/target_6.png
20,1,726,modular,9,o,img/target_9.png
20,1,727,modular,6,q,img/target_1.png
20,1,728,modular,8,i,img/target_8.png
20,1,729,modular,5,w,img/target_2.png
20,1,730,modular,8,i,img/target_8.png
20,1,731,modular,6,q,img/target_1.png
20,1,732,modular,7,b,img/target_6.png
20,1,733,modular,8,i,img/target_8.png
20,1,734,modular,5,w,img/target_2.png
20,1,735,modular,8,i,img/target_8.png
20,1,736,modular,6,q,img/target_1.png
20,1,737,modular,5,w,img/target_2.png
20,1,738,modular,4,p,img/target_10.png
20,1,739,modular,3,r,img/target_4.png
20,1,740,modular,2,v,img/target_5.png
20,1,741,modular,0,u,img/target_7.png
20,1,742,modular,9,o,img/target_9.png
20,1,743,modular,8,i,img/target_8.png
20,1,744,modular,7,b,img/target_6.png
20,1,745,modular,9,o,img/target_9.png
20,1,746,modular,8,i,img/target_8.png
20,1,747,modular,6,q,img/target_1.png
20,1,748,modular,9,o,img/target_9.png
20,1,749,modular,7,b,img/target_6.png
20,1,750,modular,9,o,img/target_9.png
20,1,751,modular,8,i,img/target_8.png
20,1,752,modular,6,q,img/target_1.png
20,1,753,modular,5,w,img/target_2.png
20,1,754,modular,7,b,img/target_6.png
20,1,755,modular,5,w,img/target_2.png
20,1,756,modular,6,q,img/target_1.png
20,1,757,modular,8,i,img/target_8.png
20,1,758,modular,7,b,img/target_6.png
20,1,759,modular,8,i,img/target_8.png
20,1,760,modular,7,b,img/target_6.png
20,1,761,modular,8,i,img/target_8.png
20,1,762,modular,6,q,img/target_1.png
20,1,763,modular,5,w,img/target_2.png
20,1,764,modular,7,b,img/target_6.png
20,1,765,modular,8,i,img/target_8.png
20,1,766,modular,5,w,img/target_2.png
20,1,767,modular,8,i,img/target_8.png
20,1,768,modular,7,b,img/target_6.png
20,1,769,modular,6,q,img/target_1.png
20,1,770,modular,8,i,img/target_8.png
20,1,771,modular,6,q,img/target_1.png
20,1,772,modular,7,b,img/target_6.png
20,1,773,modular,9,o,img/target_9.png
20,1,774,modular,7,b,img/target_6.png
20,1,775,modular,9,o,img/target_9.png
20,1,776,modular,0,u,img/target_7.png
20,1,777,modular,1,e,img/target_3.png
20,1,778,modular,4,p,img/target_10.png
20,1,779,modular,1,e,img/target_3.png
20,1,780,modular,4,p,img/target_10.png
20,1,781,modular,5,w,img/target_2.png
20,1,782,modular,7,b,img/target_6.png
20,1,783,modular,5,w,img/target_2.png
20,1,784,modular,8,i,img/target_8.png
20,1,785,modular,7,b,img/target_6.png
20,1,786,modular,6,q,img/target_1.png
20,1,787,modular,9,o,img/target_9.png
20,1,788,modular,6,q,img/target_1.png
20,1,789,modular,5,w,img/target_2.png
20,1,790,modular,6,q,img/target_1.png
20,1,791,modular,5,w,img/target_2.png
20,1,792,modular,6,q,img/target_1.png
20,1,793,modular,8,i,img/target_8.png
20,1,794,modular,9,o,img/target_9.png
20,1,795,modular,8,i,img/target_8.png
20,1,796,modular,9,o,img/target_9.png
20,1,797,modular,8,i,img/target_8.png
20,1,798,modular,6,q,img/target_1.png
20,1,799,modular,5,w,img/target_2.png
20,1,800,modular,8,i,img/target_8.png
20,1,801,modular,9,o,img/target_9.png
20,1,802,modular,6,q,img/target_1.png
20,1,803,modular,9,o,img/target_9.png
20,1,804,modular,0,u,img/target_7.png
20,1,805,modular,1,e,img/target_3.png
20,1,806,modular,2,v,img/target_5.png
20,1,807,modular,4,p,img/target_10.png
20,1,808,modular,1,e,img/target_3.png
20,1,809,modular,2,v,img/target_5.png
20,1,810,modular,1,e,img/target_3.png
20,1,811,modular,4,p,img/target_10.png
20,1,812,modular,1,e,img/target_3.png
20,1,813,modular,2,v,img/target_5.png
20,1,814,modular,1,e,img/target_3.png
20,1,815,modular,2,v,img/target_5.png
20,1,816,modular,4,p,img/target_10.png
20,1,817,modular,3,r,img/target_4.png
20,1,818,modular,0,u,img/target_7.png
20,1,819,modular,9,o,img/target_9.png
20,1,820,modular,6,q,img/target_1.png
20,1,821,modular,9,o,img/target_9.png
20,1,822,modular,0,u,img/target_7.png
20,1,823,modular,3,r,img/target_4.png
20,1,824,modular,0,u,img/target_7.png
20,1,825,modular,2,v,img/target_5.png
20,1,826,modular,0,u,img/target_7.png
20,1,827,modular,2,v,img/target_5.png
20,1,828,modular,1,e,img/target_3.png
20,1,829,modular,0,u,img/target_7.png
20,1,830,modular,9,o,img/target_9.png
20,1,831,modular,6,q,img/target_1.png
20,1,832,modular,7,b,img/target_6.png
20,1,833,modular,9,o,img/target_9.png
20,1,834,modular,8,i,img/target_8.png
20,1,835,modular,5,w,img/target_2.png
20,1,836,modular,4,p,img/target_10.png
20,1,837,modular,2,v,img/target_5.png
20,1,838,modular,0,u,img/target_7.png
20,1,839,modular,2,v,img/target_5.png
20,1,840,modular,0,u,img/target_7.png
20,1,841,modular,2,v,img/target_5.png
20,1,842,modular,4,p,img/target_10.png
20,1,843,modular,3,r,img/target_4.png
20,1,844,modular,0,u,img/target_7.png
20,1,845,modular,1,e,img/target_3.png
20,1,846,modular,4,p,img/target_10.png
20,1,847,modular,1,e,img/target_3.png
20,1,848,modular,2,v,img/target_5.png
20,1,849,modular,0,u,img/target_7.png
20,1,850,modular,3,r,img/target_4.png
20,1,851,modular,2,v,img/target_5.png
20,1,852,modular,1,e,img/target_3.png
20,1,853,modular,0,u,img/target_7.png
20,1,854,modular,1,e,img/target_3.png
20,1,855,modular,3,r,img/target_4.png
20,1,856,modular,4,p,img/target_10.png
20,1,857,modular,5,w,img/target_2.png
20,1,858,modular,4,p,img/target_10.png
20,1,859,modular,3,r,img/target_4.png
20,1,860,modular,1,e,img/target_3.png
20,1,861,modular,3,r,img/target_4.png
20,1,862,modular,1,e,img/target_3.png
20,1,863,modular,2,v,img/target_5.png
20,1,864,modular,3,r,img/target_4.png
20,1,865,modular,4,p,img/target_10.png
20,1,866,modular,2,v,img/target_5.png
20,1,867,modular,1,e,img/target_3.png
20,1,868,modular,3,r,img/target_4.png
20,1,869,modular,1,e,img/target_3.png
20,1,870,modular,4,p,img/target_10.png
20,1,871,modular,2,v,img/target_5.png
20,1,872,modular,3,r,img/target_4.png
20,1,873,modular,2,v,img/target_5.png
20,1,874,modular,0,u,img/target_7.png
20,1,875,modular,1,e,img/target_3.png
20,1,876,modular,4,p,img/target_10.png
20,1,877,modular,3,r,img/target_4.png
20,1,878,modular,0,u,img/target_7.png
20,1,879,modular,9,o,img/target_9.png
20,1,880,modular,0,u,img/target_7.png
20,1,881,modular,9,o,img/target_9.png
20,1,882,modular,6,q,img/target_1.png
20,1,883,modular,5,w,img/target_2.png
20,1,884,modular,4,p,img/target_10.png
20,1,885,modular,3,r,img/target_4.png
20,1,886,modular,0,u,img/target_7.png
20,1,887,modular,3,r,img/target_4.png
20,1,888,modular,4,p,img/target_10.png
20,1,889,modular,3,r,img/target_4.png
20,1,890,modular,2,v,img/target_5.png
20,1,891,modular,4,p,img/target_10.png
20,1,892,modular,2,v,img/target_5.png
20,1,893,modular,4,p,img/target_10.png
20,1,894,modular,3,r,img/target_4.png
20,1,895,modular,1,e,img/target_3.png
20,1,896,modular,0,u,img/target_7.png
20,1,897,modular,1,e,img/target_3.png
20,1,898,modular,3,r,img/target_4.png
20,1,899,modular,2,v,img/target_5.png
20,1,900,modular,3,r,img/target_4.png
20,1,901,modular,4,p,img/target_10.png
20,1,902,modular,2,v,img/target_5.png
20,1,903,modular,0,u,img/target_7.png
20,1,904,modular,3,r,img/target_4.png
20,1,905,modular,4,p,img/target_10.png
20,1,906,modular,5,w,img/target_2.png
20,1,907,modular,8,i,img/target_8.png
20,1,908,modular,9,o,img/target_9.png
20,1,909,modular,6,q,img/target_1.png
20,1,910,modular,7,b,img/target_6.png
20,1,911,modular,8,i,img/target_8.png
20,1,912,modular,7,b,img/target_6.png
20,1,913,modular,6,q,img/target_1.png
20,1,914,modular,5,w,img/target_2.png
20,1,915,modular,6,q,img/target_1.png
20,1,916,modular,9,o,img/target_9.png
20,1,917,modular,7,b,img/target_6.png
20,1,918,modular,5,w,img/target_2.png
20,1,919,modular,6,q,img/target_1.png
20,1,920,modular,5,w,img/target_2.png
20,1,921,modular,4,p,img/target_10.png
20,1,922,modular,5,w,img/target_2.png
20,1,923,modular,4,p,img/target_10.png
20,1,924,modular,2,v,img/target_5.png
20,1,925,modular,1,e,img/target_3.png
20,1,926,modular,3,r,img/target_4.png
20,1,927,modular,2,v,img/target_5.png
20,1,928,modular,3,r,img/target_4.png
20,1,929,modular,0,u,img/target_7.png
20,1,930,modular,2,v,img/target_5.png
20,1,931,modular,1,e,img/target_3.png
20,1,932,modular,3,r,img/target_4.png
20,1,933,modular,2,v,img/target_5.png
20,1,934,modular,0,u,img/target_7.png
20,1,935,modular,3,r,img/target_4.png
20,1,936,modular,4,p,img/target_10.png
20,1,937,modular,5,w,img/target_2.png
20,1,938,modular,4,p,img/target_10.png
20,1,939,modular,5,w,img/target_2.png
20,1,940,modular,6,q,img/target_1.png
20,1,941,modular,5,w,img/target_2.png
20,1,942,modular,4,p,img/target_10.png
20,1,943,modular,3,r,img/target_4.png
20,1,944,modular,0,u,img/target_7.png
20,1,945,modular,9,o,img/target_9.png
20,1,946,modular,8,i,img/target_8.png
20,1,947,modular,6,q,img/target_1.png
20,1,948,modular,5,w,img/target_2.png
20,1,949,modular,4,p,img/target_10.png
20,1,950,modular,5,w,img/target_2.png
20,1,951,modular,8,i,img/target_8.png
20,1,952,modular,9,o,img/target_9.png
20,1,953,modular,7,b,img/target_6.png
20,1,954,modular,5,w,img/target_2.png
20,1,955,modular,8,i,img/target_8.png
20,1,956,modular,7,b,img/target_6.png
20,1,957,modular,8,i,img/target_8.png
20,1,958,modular,9,o,img/target_9.png
20,1,959,modular,7,b,img/target_6.png
20,1,960,modular,8,i,img/target_8.png
20,1,961,modular,6,q,img/target_1.png
20,1,962,modular,8,i,img/target_8.png
20,1,963,modular,5,w,img/target_2.png
20,1,964,modular,8,i,img/target_8.png
20,1,965,modular,6,q,img/target_1.png
20,1,966,modular,8,i,img/target_8.png
20,1,967,modular,5,w,img/target_2.png
20,1,968,modular,4,p,img/target_10.png
20,1,969,modular,5,w,img/target_2.png
20,1,970,modular,7,b,img/target_6.png
20,1,971,modular,8,i,img/target_8.png
20,1,972,modular,6,q,img/target_1.png
20,1,973,modular,5,w,img/target_2.png
20,1,974,modular,4,p,img/target_10.png
20,1,975,modular,5,w,img/target_2.png
20,1,976,modular,7,b,img/target_6.png
20,1,977,modular,9,o,img/target_9.png
20,1,978,modular,6,q,img/target_1.png
20,1,979,modular,9,o,img/target_9.png
20,1,980,modular,0,u,img/target_7.png
20,1,981,modular,2,v,img/target_5.png
20,1,982,modular,4,p,img/target_10.png
20,1,983,modular,1,e,img/target_3.png
20,1,984,modular,0,u,img/target_7.png
20,1,985,modular,9,o,img/target_9.png
20,1,986,modular,6,q,img/target_1.png
20,1,987,modular,5,w,img/target_2.png
20,1,988,modular,8,i,img/target_8.png
20,1,989,modular,7,b,img/target_6.png
20,1,990,modular,5,w,img/target_2.png
20,1,991,modular,4,p,img/target_10.png
20,1,992,modular,2,v,img/target_5.png
20,1,993,modular,4,p,img/target_10.png
20,1,994,modular,3,r,img/target_4.png
20,1,995,modular,4,p,img/target_10.png
20,1,996,modular,5,w,img/target_2.png
20,1,997,modular,6,q,img/target_1.png
20,1,998,modular,9,o,img/target_9.png
20,1,999,modular,8,i,img/target_8.png
20,1,1000,modular,7,b,img/target_6.png
