pID,trialNum,graph,walk,resp,path
27,1,lattice,0,o,img/target_9.png
27,2,lattice,2,q,img/target_1.png
27,3,lattice,0,o,img/target_9.png
27,4,lattice,8,r,img/target_4.png
27,5,lattice,9,b,img/target_6.png
27,6,lattice,0,o,img/target_9.png
27,7,lattice,2,q,img/target_1.png
27,8,lattice,1,u,img/target_7.png
27,9,lattice,3,v,img/target_5.png
27,10,lattice,5,i,img/target_8.png
27,11,lattice,4,w,img/target_2.png
27,12,lattice,5,i,img/target_8.png
27,13,lattice,3,v,img/target_5.png
27,14,lattice,4,w,img/target_2.png
27,15,lattice,5,i,img/target_8.png
27,16,lattice,4,w,img/target_2.png
27,17,lattice,3,v,img/target_5.png
27,18,lattice,5,i,img/target_8.png
27,19,lattice,6,e,img/target_3.png
27,20,lattice,8,r,img/target_4.png
27,21,lattice,9,b,img/target_6.png
27,22,lattice,0,o,img/target_9.png
27,23,lattice,1,u,img/target_7.png
27,24,lattice,3,v,img/target_5.png
27,25,lattice,1,u,img/target_7.png
27,26,lattice,3,v,img/target_5.png
27,27,lattice,1,u,img/target_7.png
27,28,lattice,2,q,img/target_1.png
27,29,lattice,1,u,img/target_7.png
27,30,lattice,2,q,img/target_1.png
27,31,lattice,0,o,img/target_9.png
27,32,lattice,2,q,img/target_1.png
27,33,lattice,1,u,img/target_7.png
27,34,lattice,3,v,img/target_5.png
27,35,lattice,2,q,img/target_1.png
27,36,lattice,4,w,img/target_2.png
27,37,lattice,2,q,img/target_1.png
27,38,lattice,4,w,img/target_2.png
27,39,lattice,2,q,img/target_1.png
27,40,lattice,4,w,img/target_2.png
27,41,lattice,2,q,img/target_1.png
27,42,lattice,0,o,img/target_9.png
27,43,lattice,8,r,img/target_4.png
27,44,lattice,0,o,img/target_9.png
27,45,lattice,8,r,img/target_4.png
27,46,lattice,7,p,img/target_10.png
27,47,lattice,6,e,img/target_3.png
27,48,lattice,7,p,img/target_10.png
27,49,lattice,6,e,img/target_3.png
27,50,lattice,8,r,img/target_4.png
27,51,lattice,7,p,img/target_10.png
27,52,lattice,8,r,img/target_4.png
27,53,lattice,6,e,img/target_3.png
27,54,lattice,7,p,img/target_10.png
27,55,lattice,8,r,img/target_4.png
27,56,lattice,9,b,img/target_6.png
27,57,lattice,7,p,img/target_10.png
27,58,lattice,5,i,img/target_8.png
27,59,lattice,7,p,img/target_10.png
27,60,lattice,5,i,img/target_8.png
27,61,lattice,4,w,img/target_2.png
27,62,lattice,3,v,img/target_5.png
27,63,lattice,5,i,img/target_8.png
27,64,lattice,4,w,img/target_2.png
27,65,lattice,6,e,img/target_3.png
27,66,lattice,5,i,img/target_8.png
27,67,lattice,3,v,img/target_5.png
27,68,lattice,5,i,img/target_8.png
27,69,lattice,3,v,img/target_5.png
27,70,lattice,5,i,img/target_8.png
27,71,lattice,4,w,img/target_2.png
27,72,lattice,5,i,img/target_8.png
27,73,lattice,4,w,img/target_2.png
27,74,lattice,6,e,img/target_3.png
27,75,lattice,5,i,img/target_8.png
27,76,lattice,7,p,img/target_10.png
27,77,lattice,9,b,img/target_6.png
27,78,lattice,8,r,img/target_4.png
27,79,lattice,0,o,img/target_9.png
27,80,lattice,1,u,img/target_7.png
27,81,lattice,3,v,img/target_5.png
27,82,lattice,4,w,img/target_2.png
27,83,lattice,3,v,img/target_5.png
27,84,lattice,2,q,img/target_1.png
27,85,lattice,4,w,img/target_2.png
27,86,lattice,5,i,img/target_8.png
27,87,lattice,6,e,img/target_3.png
27,88,lattice,7,p,img/target_10.png
27,89,lattice,6,e,img/target_3.png
27,90,lattice,8,r,img/target_4.png
27,91,lattice,7,p,img/target_10.png
27,92,lattice,8,r,img/target_4.png
27,93,lattice,7,p,img/target_10.png
27,94,lattice,5,i,img/target_8.png
27,95,lattice,7,p,img/target_10.png
27,96,lattice,5,i,img/target_8.png
27,97,lattice,3,v,img/target_5.png
27,98,lattice,5,i,img/target_8.png
27,99,lattice,7,p,img/target_10.png
27,100,lattice,6,e,img/target_3.png
27,101,lattice,4,w,img/target_2.png
27,102,lattice,6,e,img/target_3.png
27,103,lattice,4,w,img/target_2.png
27,104,lattice,3,v,img/target_5.png
27,105,lattice,5,i,img/target_8.png
27,106,lattice,6,e,img/target_3.png
27,107,lattice,8,r,img/target_4.png
27,108,lattice,9,b,img/target_6.png
27,109,lattice,1,u,img/target_7.png
27,110,lattice,3,v,img/target_5.png
27,111,lattice,2,q,img/target_1.png
27,112,lattice,3,v,img/target_5.png
27,113,lattice,2,q,img/target_1.png
27,114,lattice,1,u,img/target_7.png
27,115,lattice,9,b,img/target_6.png
27,116,lattice,0,o,img/target_9.png
27,117,lattice,9,b,img/target_6.png
27,118,lattice,1,u,img/target_7.png
27,119,lattice,9,b,img/target_6.png
27,120,lattice,8,r,img/target_4.png
27,121,lattice,9,b,img/target_6.png
27,122,lattice,8,r,img/target_4.png
27,123,lattice,9,b,img/target_6.png
27,124,lattice,0,o,img/target_9.png
27,125,lattice,2,q,img/target_1.png
27,126,lattice,4,w,img/target_2.png
27,127,lattice,5,i,img/target_8.png
27,128,lattice,4,w,img/target_2.png
27,129,lattice,6,e,img/target_3.png
27,130,lattice,7,p,img/target_10.png
27,131,lattice,9,b,img/target_6.png
27,132,lattice,8,r,img/target_4.png
27,133,lattice,0,o,img/target_9.png
27,134,lattice,1,u,img/target_7.png
27,135,lattice,3,v,img/target_5.png
27,136,lattice,4,w,img/target_2.png
27,137,lattice,6,e,img/target_3.png
27,138,lattice,8,r,img/target_4.png
27,139,lattice,7,p,img/target_10.png
27,140,lattice,5,i,img/target_8.png
27,141,lattice,4,w,img/target_2.png
27,142,lattice,6,e,img/target_3.png
27,143,lattice,8,r,img/target_4.png
27,144,lattice,7,p,img/target_10.png
27,145,lattice,5,i,img/target_8.png
27,146,lattice,3,v,img/target_5.png
27,147,lattice,1,u,img/target_7.png
27,148,lattice,0,o,img/target_9.png
27,149,lattice,2,q,img/target_1.png
27,150,lattice,3,v,img/target_5.png
27,151,lattice,5,i,img/target_8.png
27,152,lattice,7,p,img/target_10.png
27,153,lattice,8,r,img/target_4.png
27,154,lattice,0,o,img/target_9.png
27,155,lattice,9,b,img/target_6.png
27,156,lattice,7,p,img/target_10.png
27,157,lattice,5,i,img/target_8.png
27,158,lattice,4,w,img/target_2.png
27,159,lattice,2,q,img/target_1.png
27,160,lattice,1,u,img/target_7.png
27,161,lattice,2,q,img/target_1.png
27,162,lattice,0,o,img/target_9.png
27,163,lattice,2,q,img/target_1.png
27,164,lattice,0,o,img/target_9.png
27,165,lattice,9,b,img/target_6.png
27,166,lattice,1,u,img/target_7.png
27,167,lattice,3,v,img/target_5.png
27,168,lattice,5,i,img/target_8.png
27,169,lattice,7,p,img/target_10.png
27,170,lattice,9,b,img/target_6.png
27,171,lattice,7,p,img/target_10.png
27,172,lattice,9,b,img/target_6.png
27,173,lattice,8,r,img/target_4.png
27,174,lattice,9,b,img/target_6.png
27,175,lattice,1,u,img/target_7.png
27,176,lattice,3,v,img/target_5.png
27,177,lattice,1,u,img/target_7.png
27,178,lattice,9,b,img/target_6.png
27,179,lattice,8,r,img/target_4.png
27,180,lattice,9,b,img/target_6.png
27,181,lattice,7,p,img/target_10.png
27,182,lattice,9,b,img/target_6.png
27,183,lattice,0,o,img/target_9.png
27,184,lattice,2,q,img/target_1.png
27,185,lattice,0,o,img/target_9.png
27,186,lattice,9,b,img/target_6.png
27,187,lattice,8,r,img/target_4.png
27,188,lattice,0,o,img/target_9.png
27,189,lattice,1,u,img/target_7.png
27,190,lattice,2,q,img/target_1.png
27,191,lattice,0,o,img/target_9.png
27,192,lattice,8,r,img/target_4.png
27,193,lattice,0,o,img/target_9.png
27,194,lattice,1,u,img/target_7.png
27,195,lattice,2,q,img/target_1.png
27,196,lattice,3,v,img/target_5.png
27,197,lattice,1,u,img/target_7.png
27,198,lattice,3,v,img/target_5.png
27,199,lattice,4,w,img/target_2.png
27,200,lattice,5,i,img/target_8.png
27,201,lattice,3,v,img/target_5.png
27,202,lattice,2,q,img/target_1.png
27,203,lattice,1,u,img/target_7.png
27,204,lattice,0,o,img/target_9.png
27,205,lattice,8,r,img/target_4.png
27,206,lattice,0,o,img/target_9.png
27,207,lattice,8,r,img/target_4.png
27,208,lattice,7,p,img/target_10.png
27,209,lattice,9,b,img/target_6.png
27,210,lattice,1,u,img/target_7.png
27,211,lattice,0,o,img/target_9.png
27,212,lattice,2,q,img/target_1.png
27,213,lattice,3,v,img/target_5.png
27,214,lattice,1,u,img/target_7.png
27,215,lattice,2,q,img/target_1.png
27,216,lattice,0,o,img/target_9.png
27,217,lattice,2,q,img/target_1.png
27,218,lattice,1,u,img/target_7.png
27,219,lattice,3,v,img/target_5.png
27,220,lattice,5,i,img/target_8.png
27,221,lattice,4,w,img/target_2.png
27,222,lattice,5,i,img/target_8.png
27,223,lattice,7,p,img/target_10.png
27,224,lattice,6,e,img/target_3.png
27,225,lattice,8,r,img/target_4.png
27,226,lattice,6,e,img/target_3.png
27,227,lattice,8,r,img/target_4.png
27,228,lattice,7,p,img/target_10.png
27,229,lattice,8,r,img/target_4.png
27,230,lattice,6,e,img/target_3.png
27,231,lattice,7,p,img/target_10.png
27,232,lattice,5,i,img/target_8.png
27,233,lattice,3,v,img/target_5.png
27,234,lattice,2,q,img/target_1.png
27,235,lattice,0,o,img/target_9.png
27,236,lattice,2,q,img/target_1.png
27,237,lattice,3,v,img/target_5.png
27,238,lattice,5,i,img/target_8.png
27,239,lattice,3,v,img/target_5.png
27,240,lattice,4,w,img/target_2.png
27,241,lattice,5,i,img/target_8.png
27,242,lattice,6,e,img/target_3.png
27,243,lattice,7,p,img/target_10.png
27,244,lattice,9,b,img/target_6.png
27,245,lattice,8,r,img/target_4.png
27,246,lattice,0,o,img/target_9.png
27,247,lattice,8,r,img/target_4.png
27,248,lattice,7,p,img/target_10.png
27,249,lattice,6,e,img/target_3.png
27,250,lattice,5,i,img/target_8.png
27,251,lattice,7,p,img/target_10.png
27,252,lattice,9,b,img/target_6.png
27,253,lattice,8,r,img/target_4.png
27,254,lattice,9,b,img/target_6.png
27,255,lattice,0,o,img/target_9.png
27,256,lattice,1,u,img/target_7.png
27,257,lattice,9,b,img/target_6.png
27,258,lattice,7,p,img/target_10.png
27,259,lattice,8,r,img/target_4.png
27,260,lattice,0,o,img/target_9.png
27,261,lattice,8,r,img/target_4.png
27,262,lattice,0,o,img/target_9.png
27,263,lattice,9,b,img/target_6.png
27,264,lattice,7,p,img/target_10.png
27,265,lattice,5,i,img/target_8.png
27,266,lattice,7,p,img/target_10.png
27,267,lattice,6,e,img/target_3.png
27,268,lattice,4,w,img/target_2.png
27,269,lattice,2,q,img/target_1.png
27,270,lattice,3,v,img/target_5.png
27,271,lattice,1,u,img/target_7.png
27,272,lattice,9,b,img/target_6.png
27,273,lattice,1,u,img/target_7.png
27,274,lattice,0,o,img/target_9.png
27,275,lattice,2,q,img/target_1.png
27,276,lattice,0,o,img/target_9.png
27,277,lattice,2,q,img/target_1.png
27,278,lattice,3,v,img/target_5.png
27,279,lattice,5,i,img/target_8.png
27,280,lattice,7,p,img/target_10.png
27,281,lattice,5,i,img/target_8.png
27,282,lattice,4,w,img/target_2.png
27,283,lattice,6,e,img/target_3.png
27,284,lattice,7,p,img/target_10.png
27,285,lattice,9,b,img/target_6.png
27,286,lattice,7,p,img/target_10.png
27,287,lattice,8,r,img/target_4.png
27,288,lattice,7,p,img/target_10.png
27,289,lattice,8,r,img/target_4.png
27,290,lattice,6,e,img/target_3.png
27,291,lattice,8,r,img/target_4.png
27,292,lattice,9,b,img/target_6.png
27,293,lattice,8,r,img/target_4.png
27,294,lattice,6,e,img/target_3.png
27,295,lattice,7,p,img/target_10.png
27,296,lattice,9,b,img/target_6.png
27,297,lattice,7,p,img/target_10.png
27,298,lattice,8,r,img/target_4.png
27,299,lattice,9,b,img/target_6.png
27,300,lattice,0,o,img/target_9.png
27,301,lattice,2,q,img/target_1.png
27,302,lattice,3,v,img/target_5.png
27,303,lattice,4,w,img/target_2.png
27,304,lattice,5,i,img/target_8.png
27,305,lattice,6,e,img/target_3.png
27,306,lattice,4,w,img/target_2.png
27,307,lattice,3,v,img/target_5.png
27,308,lattice,1,u,img/target_7.png
27,309,lattice,9,b,img/target_6.png
27,310,lattice,0,o,img/target_9.png
27,311,lattice,8,r,img/target_4.png
27,312,lattice,7,p,img/target_10.png
27,313,lattice,8,r,img/target_4.png
27,314,lattice,0,o,img/target_9.png
27,315,lattice,9,b,img/target_6.png
27,316,lattice,7,p,img/target_10.png
27,317,lattice,6,e,img/target_3.png
27,318,lattice,5,i,img/target_8.png
27,319,lattice,4,w,img/target_2.png
27,320,lattice,5,i,img/target_8.png
27,321,lattice,6,e,img/target_3.png
27,322,lattice,4,w,img/target_2.png
27,323,lattice,3,v,img/target_5.png
27,324,lattice,5,i,img/target_8.png
27,325,lattice,6,e,img/target_3.png
27,326,lattice,7,p,img/target_10.png
27,327,lattice,5,i,img/target_8.png
27,328,lattice,6,e,img/target_3.png
27,329,lattice,8,r,img/target_4.png
27,330,lattice,7,p,img/target_10.png
27,331,lattice,9,b,img/target_6.png
27,332,lattice,1,u,img/target_7.png
27,333,lattice,2,q,img/target_1.png
27,334,lattice,0,o,img/target_9.png
27,335,lattice,8,r,img/target_4.png
27,336,lattice,6,e,img/target_3.png
27,337,lattice,8,r,img/target_4.png
27,338,lattice,7,p,img/target_10.png
27,339,lattice,9,b,img/target_6.png
27,340,lattice,8,r,img/target_4.png
27,341,lattice,9,b,img/target_6.png
27,342,lattice,1,u,img/target_7.png
27,343,lattice,3,v,img/target_5.png
27,344,lattice,4,w,img/target_2.png
27,345,lattice,5,i,img/target_8.png
27,346,lattice,6,e,img/target_3.png
27,347,lattice,5,i,img/target_8.png
27,348,lattice,6,e,img/target_3.png
27,349,lattice,8,r,img/target_4.png
27,350,lattice,7,p,img/target_10.png
27,351,lattice,8,r,img/target_4.png
27,352,lattice,7,p,img/target_10.png
27,353,lattice,9,b,img/target_6.png
27,354,lattice,7,p,img/target_10.png
27,355,lattice,6,e,img/target_3.png
27,356,lattice,5,i,img/target_8.png
27,357,lattice,4,w,img/target_2.png
27,358,lattice,3,v,img/target_5.png
27,359,lattice,5,i,img/target_8.png
27,360,lattice,4,w,img/target_2.png
27,361,lattice,2,q,img/target_1.png
27,362,lattice,3,v,img/target_5.png
27,363,lattice,5,i,img/target_8.png
27,364,lattice,7,p,img/target_10.png
27,365,lattice,5,i,img/target_8.png
27,366,lattice,3,v,img/target_5.png
27,367,lattice,5,i,img/target_8.png
27,368,lattice,6,e,img/target_3.png
27,369,lattice,4,w,img/target_2.png
27,370,lattice,2,q,img/target_1.png
27,371,lattice,0,o,img/target_9.png
27,372,lattice,9,b,img/target_6.png
27,373,lattice,0,o,img/target_9.png
27,374,lattice,8,r,img/target_4.png
27,375,lattice,7,p,img/target_10.png
27,376,lattice,6,e,img/target_3.png
27,377,lattice,8,r,img/target_4.png
27,378,lattice,0,o,img/target_9.png
27,379,lattice,2,q,img/target_1.png
27,380,lattice,1,u,img/target_7.png
27,381,lattice,9,b,img/target_6.png
27,382,lattice,1,u,img/target_7.png
27,383,lattice,9,b,img/target_6.png
27,384,lattice,8,r,img/target_4.png
27,385,lattice,0,o,img/target_9.png
27,386,lattice,2,q,img/target_1.png
27,387,lattice,3,v,img/target_5.png
27,388,lattice,5,i,img/target_8.png
27,389,lattice,3,v,img/target_5.png
27,390,lattice,5,i,img/target_8.png
27,391,lattice,3,v,img/target_5.png
27,392,lattice,4,w,img/target_2.png
27,393,lattice,5,i,img/target_8.png
27,394,lattice,7,p,img/target_10.png
27,395,lattice,5,i,img/target_8.png
27,396,lattice,7,p,img/target_10.png
27,397,lattice,5,i,img/target_8.png
27,398,lattice,4,w,img/target_2.png
27,399,lattice,5,i,img/target_8.png
27,400,lattice,6,e,img/target_3.png
27,401,lattice,5,i,img/target_8.png
27,402,lattice,3,v,img/target_5.png
27,403,lattice,1,u,img/target_7.png
27,404,lattice,0,o,img/target_9.png
27,405,lattice,9,b,img/target_6.png
27,406,lattice,8,r,img/target_4.png
27,407,lattice,9,b,img/target_6.png
27,408,lattice,0,o,img/target_9.png
27,409,lattice,9,b,img/target_6.png
27,410,lattice,8,r,img/target_4.png
27,411,lattice,9,b,img/target_6.png
27,412,lattice,7,p,img/target_10.png
27,413,lattice,5,i,img/target_8.png
27,414,lattice,6,e,img/target_3.png
27,415,lattice,4,w,img/target_2.png
27,416,lattice,3,v,img/target_5.png
27,417,lattice,5,i,img/target_8.png
27,418,lattice,3,v,img/target_5.png
27,419,lattice,4,w,img/target_2.png
27,420,lattice,2,q,img/target_1.png
27,421,lattice,3,v,img/target_5.png
27,422,lattice,4,w,img/target_2.png
27,423,lattice,6,e,img/target_3.png
27,424,lattice,7,p,img/target_10.png
27,425,lattice,5,i,img/target_8.png
27,426,lattice,7,p,img/target_10.png
27,427,lattice,8,r,img/target_4.png
27,428,lattice,7,p,img/target_10.png
27,429,lattice,6,e,img/target_3.png
27,430,lattice,7,p,img/target_10.png
27,431,lattice,8,r,img/target_4.png
27,432,lattice,9,b,img/target_6.png
27,433,lattice,1,u,img/target_7.png
27,434,lattice,0,o,img/target_9.png
27,435,lattice,8,r,img/target_4.png
27,436,lattice,6,e,img/target_3.png
27,437,lattice,4,w,img/target_2.png
27,438,lattice,2,q,img/target_1.png
27,439,lattice,0,o,img/target_9.png
27,440,lattice,9,b,img/target_6.png
27,441,lattice,0,o,img/target_9.png
27,442,lattice,1,u,img/target_7.png
27,443,lattice,0,o,img/target_9.png
27,444,lattice,1,u,img/target_7.png
27,445,lattice,2,q,img/target_1.png
27,446,lattice,3,v,img/target_5.png
27,447,lattice,5,i,img/target_8.png
27,448,lattice,6,e,img/target_3.png
27,449,lattice,8,r,img/target_4.png
27,450,lattice,6,e,img/target_3.png
27,451,lattice,8,r,img/target_4.png
27,452,lattice,9,b,img/target_6.png
27,453,lattice,0,o,img/target_9.png
27,454,lattice,2,q,img/target_1.png
27,455,lattice,0,o,img/target_9.png
27,456,lattice,9,b,img/target_6.png
27,457,lattice,7,p,img/target_10.png
27,458,lattice,8,r,img/target_4.png
27,459,lattice,9,b,img/target_6.png
27,460,lattice,7,p,img/target_10.png
27,461,lattice,9,b,img/target_6.png
27,462,lattice,8,r,img/target_4.png
27,463,lattice,0,o,img/target_9.png
27,464,lattice,8,r,img/target_4.png
27,465,lattice,0,o,img/target_9.png
27,466,lattice,9,b,img/target_6.png
27,467,lattice,8,r,img/target_4.png
27,468,lattice,6,e,img/target_3.png
27,469,lattice,8,r,img/target_4.png
27,470,lattice,6,e,img/target_3.png
27,471,lattice,7,p,img/target_10.png
27,472,lattice,5,i,img/target_8.png
27,473,lattice,7,p,img/target_10.png
27,474,lattice,9,b,img/target_6.png
27,475,lattice,0,o,img/target_9.png
27,476,lattice,2,q,img/target_1.png
27,477,lattice,1,u,img/target_7.png
27,478,lattice,0,o,img/target_9.png
27,479,lattice,9,b,img/target_6.png
27,480,lattice,1,u,img/target_7.png
27,481,lattice,2,q,img/target_1.png
27,482,lattice,4,w,img/target_2.png
27,483,lattice,5,i,img/target_8.png
27,484,lattice,4,w,img/target_2.png
27,485,lattice,3,v,img/target_5.png
27,486,lattice,2,q,img/target_1.png
27,487,lattice,1,u,img/target_7.png
27,488,lattice,3,v,img/target_5.png
27,489,lattice,2,q,img/target_1.png
27,490,lattice,1,u,img/target_7.png
27,491,lattice,0,o,img/target_9.png
27,492,lattice,1,u,img/target_7.png
27,493,lattice,0,o,img/target_9.png
27,494,lattice,2,q,img/target_1.png
27,495,lattice,3,v,img/target_5.png
27,496,lattice,5,i,img/target_8.png
27,497,lattice,4,w,img/target_2.png
27,498,lattice,5,i,img/target_8.png
27,499,lattice,7,p,img/target_10.png
27,500,lattice,6,e,img/target_3.png
27,501,lattice,5,i,img/target_8.png
27,502,lattice,6,e,img/target_3.png
27,503,lattice,7,p,img/target_10.png
27,504,lattice,9,b,img/target_6.png
27,505,lattice,1,u,img/target_7.png
27,506,lattice,3,v,img/target_5.png
27,507,lattice,4,w,img/target_2.png
27,508,lattice,3,v,img/target_5.png
27,509,lattice,2,q,img/target_1.png
27,510,lattice,3,v,img/target_5.png
27,511,lattice,2,q,img/target_1.png
27,512,lattice,0,o,img/target_9.png
27,513,lattice,2,q,img/target_1.png
27,514,lattice,0,o,img/target_9.png
27,515,lattice,1,u,img/target_7.png
27,516,lattice,0,o,img/target_9.png
27,517,lattice,2,q,img/target_1.png
27,518,lattice,1,u,img/target_7.png
27,519,lattice,3,v,img/target_5.png
27,520,lattice,1,u,img/target_7.png
27,521,lattice,0,o,img/target_9.png
27,522,lattice,2,q,img/target_1.png
27,523,lattice,3,v,img/target_5.png
27,524,lattice,4,w,img/target_2.png
27,525,lattice,6,e,img/target_3.png
27,526,lattice,5,i,img/target_8.png
27,527,lattice,4,w,img/target_2.png
27,528,lattice,2,q,img/target_1.png
27,529,lattice,1,u,img/target_7.png
27,530,lattice,9,b,img/target_6.png
27,531,lattice,1,u,img/target_7.png
27,532,lattice,0,o,img/target_9.png
27,533,lattice,8,r,img/target_4.png
27,534,lattice,7,p,img/target_10.png
27,535,lattice,5,i,img/target_8.png
27,536,lattice,4,w,img/target_2.png
27,537,lattice,5,i,img/target_8.png
27,538,lattice,3,v,img/target_5.png
27,539,lattice,1,u,img/target_7.png
27,540,lattice,0,o,img/target_9.png
27,541,lattice,9,b,img/target_6.png
27,542,lattice,1,u,img/target_7.png
27,543,lattice,0,o,img/target_9.png
27,544,lattice,1,u,img/target_7.png
27,545,lattice,0,o,img/target_9.png
27,546,lattice,8,r,img/target_4.png
27,547,lattice,7,p,img/target_10.png
27,548,lattice,8,r,img/target_4.png
27,549,lattice,6,e,img/target_3.png
27,550,lattice,5,i,img/target_8.png
27,551,lattice,4,w,img/target_2.png
27,552,lattice,5,i,img/target_8.png
27,553,lattice,4,w,img/target_2.png
27,554,lattice,5,i,img/target_8.png
27,555,lattice,6,e,img/target_3.png
27,556,lattice,4,w,img/target_2.png
27,557,lattice,5,i,img/target_8.png
27,558,lattice,4,w,img/target_2.png
27,559,lattice,3,v,img/target_5.png
27,560,lattice,4,w,img/target_2.png
27,561,lattice,2,q,img/target_1.png
27,562,lattice,1,u,img/target_7.png
27,563,lattice,0,o,img/target_9.png
27,564,lattice,1,u,img/target_7.png
27,565,lattice,2,q,img/target_1.png
27,566,lattice,1,u,img/target_7.png
27,567,lattice,2,q,img/target_1.png
27,568,lattice,1,u,img/target_7.png
27,569,lattice,9,b,img/target_6.png
27,570,lattice,1,u,img/target_7.png
27,571,lattice,0,o,img/target_9.png
27,572,lattice,8,r,img/target_4.png
27,573,lattice,6,e,img/target_3.png
27,574,lattice,5,i,img/target_8.png
27,575,lattice,7,p,img/target_10.png
27,576,lattice,6,e,img/target_3.png
27,577,lattice,4,w,img/target_2.png
27,578,lattice,3,v,img/target_5.png
27,579,lattice,4,w,img/target_2.png
27,580,lattice,6,e,img/target_3.png
27,581,lattice,4,w,img/target_2.png
27,582,lattice,2,q,img/target_1.png
27,583,lattice,1,u,img/target_7.png
27,584,lattice,3,v,img/target_5.png
27,585,lattice,1,u,img/target_7.png
27,586,lattice,3,v,img/target_5.png
27,587,lattice,2,q,img/target_1.png
27,588,lattice,0,o,img/target_9.png
27,589,lattice,2,q,img/target_1.png
27,590,lattice,0,o,img/target_9.png
27,591,lattice,1,u,img/target_7.png
27,592,lattice,2,q,img/target_1.png
27,593,lattice,1,u,img/target_7.png
27,594,lattice,9,b,img/target_6.png
27,595,lattice,0,o,img/target_9.png
27,596,lattice,9,b,img/target_6.png
27,597,lattice,7,p,img/target_10.png
27,598,lattice,5,i,img/target_8.png
27,599,lattice,4,w,img/target_2.png
27,600,lattice,5,i,img/target_8.png
27,601,lattice,3,v,img/target_5.png
27,602,lattice,2,q,img/target_1.png
27,603,lattice,0,o,img/target_9.png
27,604,lattice,8,r,img/target_4.png
27,605,lattice,7,p,img/target_10.png
27,606,lattice,6,e,img/target_3.png
27,607,lattice,4,w,img/target_2.png
27,608,lattice,5,i,img/target_8.png
27,609,lattice,7,p,img/target_10.png
27,610,lattice,8,r,img/target_4.png
27,611,lattice,0,o,img/target_9.png
27,612,lattice,8,r,img/target_4.png
27,613,lattice,7,p,img/target_10.png
27,614,lattice,6,e,img/target_3.png
27,615,lattice,8,r,img/target_4.png
27,616,lattice,0,o,img/target_9.png
27,617,lattice,8,r,img/target_4.png
27,618,lattice,9,b,img/target_6.png
27,619,lattice,0,o,img/target_9.png
27,620,lattice,9,b,img/target_6.png
27,621,lattice,8,r,img/target_4.png
27,622,lattice,6,e,img/target_3.png
27,623,lattice,4,w,img/target_2.png
27,624,lattice,2,q,img/target_1.png
27,625,lattice,1,u,img/target_7.png
27,626,lattice,3,v,img/target_5.png
27,627,lattice,4,w,img/target_2.png
27,628,lattice,5,i,img/target_8.png
27,629,lattice,6,e,img/target_3.png
27,630,lattice,8,r,img/target_4.png
27,631,lattice,9,b,img/target_6.png
27,632,lattice,7,p,img/target_10.png
27,633,lattice,5,i,img/target_8.png
27,634,lattice,3,v,img/target_5.png
27,635,lattice,1,u,img/target_7.png
27,636,lattice,2,q,img/target_1.png
27,637,lattice,3,v,img/target_5.png
27,638,lattice,5,i,img/target_8.png
27,639,lattice,6,e,img/target_3.png
27,640,lattice,7,p,img/target_10.png
27,641,lattice,8,r,img/target_4.png
27,642,lattice,9,b,img/target_6.png
27,643,lattice,1,u,img/target_7.png
27,644,lattice,2,q,img/target_1.png
27,645,lattice,0,o,img/target_9.png
27,646,lattice,2,q,img/target_1.png
27,647,lattice,3,v,img/target_5.png
27,648,lattice,1,u,img/target_7.png
27,649,lattice,3,v,img/target_5.png
27,650,lattice,2,q,img/target_1.png
27,651,lattice,1,u,img/target_7.png
27,652,lattice,2,q,img/target_1.png
27,653,lattice,0,o,img/target_9.png
27,654,lattice,1,u,img/target_7.png
27,655,lattice,2,q,img/target_1.png
27,656,lattice,4,w,img/target_2.png
27,657,lattice,5,i,img/target_8.png
27,658,lattice,6,e,img/target_3.png
27,659,lattice,5,i,img/target_8.png
27,660,lattice,6,e,img/target_3.png
27,661,lattice,5,i,img/target_8.png
27,662,lattice,4,w,img/target_2.png
27,663,lattice,3,v,img/target_5.png
27,664,lattice,2,q,img/target_1.png
27,665,lattice,4,w,img/target_2.png
27,666,lattice,6,e,img/target_3.png
27,667,lattice,8,r,img/target_4.png
27,668,lattice,7,p,img/target_10.png
27,669,lattice,9,b,img/target_6.png
27,670,lattice,0,o,img/target_9.png
27,671,lattice,8,r,img/target_4.png
27,672,lattice,6,e,img/target_3.png
27,673,lattice,4,w,img/target_2.png
27,674,lattice,2,q,img/target_1.png
27,675,lattice,4,w,img/target_2.png
27,676,lattice,3,v,img/target_5.png
27,677,lattice,4,w,img/target_2.png
27,678,lattice,6,e,img/target_3.png
27,679,lattice,5,i,img/target_8.png
27,680,lattice,4,w,img/target_2.png
27,681,lattice,3,v,img/target_5.png
27,682,lattice,5,i,img/target_8.png
27,683,lattice,7,p,img/target_10.png
27,684,lattice,5,i,img/target_8.png
27,685,lattice,6,e,img/target_3.png
27,686,lattice,5,i,img/target_8.png
27,687,lattice,7,p,img/target_10.png
27,688,lattice,8,r,img/target_4.png
27,689,lattice,6,e,img/target_3.png
27,690,lattice,7,p,img/target_10.png
27,691,lattice,6,e,img/target_3.png
27,692,lattice,8,r,img/target_4.png
27,693,lattice,7,p,img/target_10.png
27,694,lattice,5,i,img/target_8.png
27,695,lattice,4,w,img/target_2.png
27,696,lattice,5,i,img/target_8.png
27,697,lattice,7,p,img/target_10.png
27,698,lattice,6,e,img/target_3.png
27,699,lattice,8,r,img/target_4.png
27,700,lattice,9,b,img/target_6.png
27,701,lattice,8,r,img/target_4.png
27,702,lattice,0,o,img/target_9.png
27,703,lattice,8,r,img/target_4.png
27,704,lattice,0,o,img/target_9.png
27,705,lattice,2,q,img/target_1.png
27,706,lattice,4,w,img/target_2.png
27,707,lattice,5,i,img/target_8.png
27,708,lattice,6,e,img/target_3.png
27,709,lattice,5,i,img/target_8.png
27,710,lattice,4,w,img/target_2.png
27,711,lattice,2,q,img/target_1.png
27,712,lattice,0,o,img/target_9.png
27,713,lattice,2,q,img/target_1.png
27,714,lattice,4,w,img/target_2.png
27,715,lattice,5,i,img/target_8.png
27,716,lattice,3,v,img/target_5.png
27,717,lattice,4,w,img/target_2.png
27,718,lattice,6,e,img/target_3.png
27,719,lattice,7,p,img/target_10.png
27,720,lattice,5,i,img/target_8.png
27,721,lattice,6,e,img/target_3.png
27,722,lattice,5,i,img/target_8.png
27,723,lattice,7,p,img/target_10.png
27,724,lattice,8,r,img/target_4.png
27,725,lattice,6,e,img/target_3.png
27,726,lattice,5,i,img/target_8.png
27,727,lattice,4,w,img/target_2.png
27,728,lattice,6,e,img/target_3.png
27,729,lattice,5,i,img/target_8.png
27,730,lattice,7,p,img/target_10.png
27,731,lattice,5,i,img/target_8.png
27,732,lattice,4,w,img/target_2.png
27,733,lattice,2,q,img/target_1.png
27,734,lattice,1,u,img/target_7.png
27,735,lattice,0,o,img/target_9.png
27,736,lattice,8,r,img/target_4.png
27,737,lattice,6,e,img/target_3.png
27,738,lattice,4,w,img/target_2.png
27,739,lattice,5,i,img/target_8.png
27,740,lattice,4,w,img/target_2.png
27,741,lattice,6,e,img/target_3.png
27,742,lattice,5,i,img/target_8.png
27,743,lattice,6,e,img/target_3.png
27,744,lattice,8,r,img/target_4.png
27,745,lattice,0,o,img/target_9.png
27,746,lattice,1,u,img/target_7.png
27,747,lattice,9,b,img/target_6.png
27,748,lattice,7,p,img/target_10.png
27,749,lattice,6,e,img/target_3.png
27,750,lattice,4,w,img/target_2.png
27,751,lattice,3,v,img/target_5.png
27,752,lattice,1,u,img/target_7.png
27,753,lattice,3,v,img/target_5.png
27,754,lattice,4,w,img/target_2.png
27,755,lattice,6,e,img/target_3.png
27,756,lattice,8,r,img/target_4.png
27,757,lattice,6,e,img/target_3.png
27,758,lattice,7,p,img/target_10.png
27,759,lattice,6,e,img/target_3.png
27,760,lattice,4,w,img/target_2.png
27,761,lattice,5,i,img/target_8.png
27,762,lattice,7,p,img/target_10.png
27,763,lattice,9,b,img/target_6.png
27,764,lattice,1,u,img/target_7.png
27,765,lattice,0,o,img/target_9.png
27,766,lattice,9,b,img/target_6.png
27,767,lattice,0,o,img/target_9.png
27,768,lattice,2,q,img/target_1.png
27,769,lattice,4,w,img/target_2.png
27,770,lattice,6,e,img/target_3.png
27,771,lattice,8,r,img/target_4.png
27,772,lattice,7,p,img/target_10.png
27,773,lattice,9,b,img/target_6.png
27,774,lattice,8,r,img/target_4.png
27,775,lattice,9,b,img/target_6.png
27,776,lattice,7,p,img/target_10.png
27,777,lattice,6,e,img/target_3.png
27,778,lattice,4,w,img/target_2.png
27,779,lattice,6,e,img/target_3.png
27,780,lattice,7,p,img/target_10.png
27,781,lattice,6,e,img/target_3.png
27,782,lattice,8,r,img/target_4.png
27,783,lattice,7,p,img/target_10.png
27,784,lattice,9,b,img/target_6.png
27,785,lattice,0,o,img/target_9.png
27,786,lattice,2,q,img/target_1.png
27,787,lattice,0,o,img/target_9.png
27,788,lattice,1,u,img/target_7.png
27,789,lattice,2,q,img/target_1.png
27,790,lattice,1,u,img/target_7.png
27,791,lattice,3,v,img/target_5.png
27,792,lattice,2,q,img/target_1.png
27,793,lattice,1,u,img/target_7.png
27,794,lattice,3,v,img/target_5.png
27,795,lattice,4,w,img/target_2.png
27,796,lattice,2,q,img/target_1.png
27,797,lattice,1,u,img/target_7.png
27,798,lattice,9,b,img/target_6.png
27,799,lattice,7,p,img/target_10.png
27,800,lattice,5,i,img/target_8.png
27,801,lattice,7,p,img/target_10.png
27,802,lattice,9,b,img/target_6.png
27,803,lattice,0,o,img/target_9.png
27,804,lattice,1,u,img/target_7.png
27,805,lattice,2,q,img/target_1.png
27,806,lattice,0,o,img/target_9.png
27,807,lattice,1,u,img/target_7.png
27,808,lattice,2,q,img/target_1.png
27,809,lattice,4,w,img/target_2.png
27,810,lattice,5,i,img/target_8.png
27,811,lattice,4,w,img/target_2.png
27,812,lattice,6,e,img/target_3.png
27,813,lattice,5,i,img/target_8.png
27,814,lattice,7,p,img/target_10.png
27,815,lattice,8,r,img/target_4.png
27,816,lattice,6,e,img/target_3.png
27,817,lattice,4,w,img/target_2.png
27,818,lattice,5,i,img/target_8.png
27,819,lattice,6,e,img/target_3.png
27,820,lattice,8,r,img/target_4.png
27,821,lattice,7,p,img/target_10.png
27,822,lattice,5,i,img/target_8.png
27,823,lattice,3,v,img/target_5.png
27,824,lattice,5,i,img/target_8.png
27,825,lattice,6,e,img/target_3.png
27,826,lattice,5,i,img/target_8.png
27,827,lattice,4,w,img/target_2.png
27,828,lattice,5,i,img/target_8.png
27,829,lattice,6,e,img/target_3.png
27,830,lattice,5,i,img/target_8.png
27,831,lattice,6,e,img/target_3.png
27,832,lattice,8,r,img/target_4.png
27,833,lattice,7,p,img/target_10.png
27,834,lattice,8,r,img/target_4.png
27,835,lattice,7,p,img/target_10.png
27,836,lattice,5,i,img/target_8.png
27,837,lattice,7,p,img/target_10.png
27,838,lattice,5,i,img/target_8.png
27,839,lattice,7,p,img/target_10.png
27,840,lattice,9,b,img/target_6.png
27,841,lattice,0,o,img/target_9.png
27,842,lattice,9,b,img/target_6.png
27,843,lattice,0,o,img/target_9.png
27,844,lattice,1,u,img/target_7.png
27,845,lattice,2,q,img/target_1.png
27,846,lattice,3,v,img/target_5.png
27,847,lattice,2,q,img/target_1.png
27,848,lattice,0,o,img/target_9.png
27,849,lattice,8,r,img/target_4.png
27,850,lattice,7,p,img/target_10.png
27,851,lattice,6,e,img/target_3.png
27,852,lattice,7,p,img/target_10.png
27,853,lattice,5,i,img/target_8.png
27,854,lattice,3,v,img/target_5.png
27,855,lattice,2,q,img/target_1.png
27,856,lattice,3,v,img/target_5.png
27,857,lattice,4,w,img/target_2.png
27,858,lattice,5,i,img/target_8.png
27,859,lattice,7,p,img/target_10.png
27,860,lattice,9,b,img/target_6.png
27,861,lattice,8,r,img/target_4.png
27,862,lattice,6,e,img/target_3.png
27,863,lattice,4,w,img/target_2.png
27,864,lattice,2,q,img/target_1.png
27,865,lattice,4,w,img/target_2.png
27,866,lattice,5,i,img/target_8.png
27,867,lattice,3,v,img/target_5.png
27,868,lattice,2,q,img/target_1.png
27,869,lattice,3,v,img/target_5.png
27,870,lattice,5,i,img/target_8.png
27,871,lattice,4,w,img/target_2.png
27,872,lattice,5,i,img/target_8.png
27,873,lattice,7,p,img/target_10.png
27,874,lattice,5,i,img/target_8.png
27,875,lattice,6,e,img/target_3.png
27,876,lattice,5,i,img/target_8.png
27,877,lattice,4,w,img/target_2.png
27,878,lattice,3,v,img/target_5.png
27,879,lattice,1,u,img/target_7.png
27,880,lattice,2,q,img/target_1.png
27,881,lattice,4,w,img/target_2.png
27,882,lattice,6,e,img/target_3.png
27,883,lattice,7,p,img/target_10.png
27,884,lattice,9,b,img/target_6.png
27,885,lattice,0,o,img/target_9.png
27,886,lattice,9,b,img/target_6.png
27,887,lattice,7,p,img/target_10.png
27,888,lattice,9,b,img/target_6.png
27,889,lattice,8,r,img/target_4.png
27,890,lattice,6,e,img/target_3.png
27,891,lattice,7,p,img/target_10.png
27,892,lattice,5,i,img/target_8.png
27,893,lattice,4,w,img/target_2.png
27,894,lattice,5,i,img/target_8.png
27,895,lattice,6,e,img/target_3.png
27,896,lattice,7,p,img/target_10.png
27,897,lattice,8,r,img/target_4.png
27,898,lattice,7,p,img/target_10.png
27,899,lattice,5,i,img/target_8.png
27,900,lattice,7,p,img/target_10.png
27,901,lattice,8,r,img/target_4.png
27,902,lattice,0,o,img/target_9.png
27,903,lattice,8,r,img/target_4.png
27,904,lattice,9,b,img/target_6.png
27,905,lattice,0,o,img/target_9.png
27,906,lattice,9,b,img/target_6.png
27,907,lattice,7,p,img/target_10.png
27,908,lattice,5,i,img/target_8.png
27,909,lattice,7,p,img/target_10.png
27,910,lattice,9,b,img/target_6.png
27,911,lattice,7,p,img/target_10.png
27,912,lattice,6,e,img/target_3.png
27,913,lattice,8,r,img/target_4.png
27,914,lattice,0,o,img/target_9.png
27,915,lattice,2,q,img/target_1.png
27,916,lattice,3,v,img/target_5.png
27,917,lattice,2,q,img/target_1.png
27,918,lattice,1,u,img/target_7.png
27,919,lattice,0,o,img/target_9.png
27,920,lattice,9,b,img/target_6.png
27,921,lattice,8,r,img/target_4.png
27,922,lattice,6,e,img/target_3.png
27,923,lattice,5,i,img/target_8.png
27,924,lattice,7,p,img/target_10.png
27,925,lattice,6,e,img/target_3.png
27,926,lattice,4,w,img/target_2.png
27,927,lattice,2,q,img/target_1.png
27,928,lattice,4,w,img/target_2.png
27,929,lattice,5,i,img/target_8.png
27,930,lattice,7,p,img/target_10.png
27,931,lattice,9,b,img/target_6.png
27,932,lattice,0,o,img/target_9.png
27,933,lattice,8,r,img/target_4.png
27,934,lattice,6,e,img/target_3.png
27,935,lattice,5,i,img/target_8.png
27,936,lattice,4,w,img/target_2.png
27,937,lattice,3,v,img/target_5.png
27,938,lattice,5,i,img/target_8.png
27,939,lattice,4,w,img/target_2.png
27,940,lattice,5,i,img/target_8.png
27,941,lattice,6,e,img/target_3.png
27,942,lattice,7,p,img/target_10.png
27,943,lattice,5,i,img/target_8.png
27,944,lattice,4,w,img/target_2.png
27,945,lattice,6,e,img/target_3.png
27,946,lattice,8,r,img/target_4.png
27,947,lattice,7,p,img/target_10.png
27,948,lattice,6,e,img/target_3.png
27,949,lattice,5,i,img/target_8.png
27,950,lattice,4,w,img/target_2.png
27,951,lattice,6,e,img/target_3.png
27,952,lattice,4,w,img/target_2.png
27,953,lattice,2,q,img/target_1.png
27,954,lattice,0,o,img/target_9.png
27,955,lattice,9,b,img/target_6.png
27,956,lattice,1,u,img/target_7.png
27,957,lattice,2,q,img/target_1.png
27,958,lattice,1,u,img/target_7.png
27,959,lattice,3,v,img/target_5.png
27,960,lattice,5,i,img/target_8.png
27,961,lattice,4,w,img/target_2.png
27,962,lattice,5,i,img/target_8.png
27,963,lattice,7,p,img/target_10.png
27,964,lattice,9,b,img/target_6.png
27,965,lattice,1,u,img/target_7.png
27,966,lattice,9,b,img/target_6.png
27,967,lattice,0,o,img/target_9.png
27,968,lattice,2,q,img/target_1.png
27,969,lattice,4,w,img/target_2.png
27,970,lattice,6,e,img/target_3.png
27,971,lattice,4,w,img/target_2.png
27,972,lattice,2,q,img/target_1.png
27,973,lattice,1,u,img/target_7.png
27,974,lattice,0,o,img/target_9.png
27,975,lattice,9,b,img/target_6.png
27,976,lattice,8,r,img/target_4.png
27,977,lattice,7,p,img/target_10.png
27,978,lattice,6,e,img/target_3.png
27,979,lattice,7,p,img/target_10.png
27,980,lattice,6,e,img/target_3.png
27,981,lattice,7,p,img/target_10.png
27,982,lattice,9,b,img/target_6.png
27,983,lattice,7,p,img/target_10.png
27,984,lattice,8,r,img/target_4.png
27,985,lattice,9,b,img/target_6.png
27,986,lattice,8,r,img/target_4.png
27,987,lattice,9,b,img/target_6.png
27,988,lattice,0,o,img/target_9.png
27,989,lattice,1,u,img/target_7.png
27,990,lattice,9,b,img/target_6.png
27,991,lattice,7,p,img/target_10.png
27,992,lattice,8,r,img/target_4.png
27,993,lattice,6,e,img/target_3.png
27,994,lattice,5,i,img/target_8.png
27,995,lattice,4,w,img/target_2.png
27,996,lattice,2,q,img/target_1.png
27,997,lattice,0,o,img/target_9.png
27,998,lattice,9,b,img/target_6.png
27,999,lattice,0,o,img/target_9.png
27,1000,lattice,9,b,img/target_6.png
