pID,sess,trialNum,graph,walk,resp,path
45,2,1,lattice,4,b,img/target_6.png
45,2,2,lattice,2,e,img/target_3.png
45,2,3,lattice,1,w,img/target_2.png
45,2,4,lattice,9,q,img/target_1.png
45,2,5,lattice,8,p,img/target_10.png
45,2,6,lattice,6,r,img/target_4.png
45,2,7,lattice,5,u,img/target_7.png
45,2,8,lattice,6,r,img/target_4.png
45,2,9,lattice,8,p,img/target_10.png
45,2,10,lattice,9,q,img/target_1.png
45,2,11,lattice,0,o,img/target_9.png
45,2,12,lattice,9,q,img/target_1.png
45,2,13,lattice,1,w,img/target_2.png
45,2,14,lattice,2,e,img/target_3.png
45,2,15,lattice,0,o,img/target_9.png
45,2,16,lattice,2,e,img/target_3.png
45,2,17,lattice,3,i,img/target_8.png
45,2,18,lattice,1,w,img/target_2.png
45,2,19,lattice,3,i,img/target_8.png
45,2,20,lattice,5,u,img/target_7.png
45,2,21,lattice,7,v,img/target_5.png
45,2,22,lattice,6,r,img/target_4.png
45,2,23,lattice,7,v,img/target_5.png
45,2,24,lattice,6,r,img/target_4.png
45,2,25,lattice,4,b,img/target_6.png
45,2,26,lattice,2,e,img/target_3.png
45,2,27,lattice,0,o,img/target_9.png
45,2,28,lattice,1,w,img/target_2.png
45,2,29,lattice,9,q,img/target_1.png
45,2,30,lattice,7,v,img/target_5.png
45,2,31,lattice,8,p,img/target_10.png
45,2,32,lattice,0,o,img/target_9.png
45,2,33,lattice,9,q,img/target_1.png
45,2,34,lattice,0,o,img/target_9.png
45,2,35,lattice,1,w,img/target_2.png
45,2,36,lattice,9,q,img/target_1.png
45,2,37,lattice,1,w,img/target_2.png
45,2,38,lattice,9,q,img/target_1.png
45,2,39,lattice,0,o,img/target_9.png
45,2,40,lattice,1,w,img/target_2.png
45,2,41,lattice,3,i,img/target_8.png
45,2,42,lattice,5,u,img/target_7.png
45,2,43,lattice,7,v,img/target_5.png
45,2,44,lattice,5,u,img/target_7.png
45,2,45,lattice,6,r,img/target_4.png
45,2,46,lattice,4,b,img/target_6.png
45,2,47,lattice,5,u,img/target_7.png
45,2,48,lattice,4,b,img/target_6.png
45,2,49,lattice,6,r,img/target_4.png
45,2,50,lattice,4,b,img/target_6.png
45,2,51,lattice,5,u,img/target_7.png
45,2,52,lattice,7,v,img/target_5.png
45,2,53,lattice,9,q,img/target_1.png
45,2,54,lattice,0,o,img/target_9.png
45,2,55,lattice,8,p,img/target_10.png
45,2,56,lattice,7,v,img/target_5.png
45,2,57,lattice,5,u,img/target_7.png
45,2,58,lattice,3,i,img/target_8.png
45,2,59,lattice,2,e,img/target_3.png
45,2,60,lattice,3,i,img/target_8.png
45,2,61,lattice,1,w,img/target_2.png
45,2,62,lattice,0,o,img/target_9.png
45,2,63,lattice,8,p,img/target_10.png
45,2,64,lattice,7,v,img/target_5.png
45,2,65,lattice,9,q,img/target_1.png
45,2,66,lattice,0,o,img/target_9.png
45,2,67,lattice,1,w,img/target_2.png
45,2,68,lattice,2,e,img/target_3.png
45,2,69,lattice,3,i,img/target_8.png
45,2,70,lattice,1,w,img/target_2.png
45,2,71,lattice,0,o,img/target_9.png
45,2,72,lattice,8,p,img/target_10.png
45,2,73,lattice,7,v,img/target_5.png
45,2,74,lattice,8,p,img/target_10.png
45,2,75,lattice,0,o,img/target_9.png
45,2,76,lattice,2,e,img/target_3.png
45,2,77,lattice,0,o,img/target_9.png
45,2,78,lattice,2,e,img/target_3.png
45,2,79,lattice,1,w,img/target_2.png
45,2,80,lattice,0,o,img/target_9.png
45,2,81,lattice,9,q,img/target_1.png
45,2,82,lattice,7,v,img/target_5.png
45,2,83,lattice,9,q,img/target_1.png
45,2,84,lattice,0,o,img/target_9.png
45,2,85,lattice,2,e,img/target_3.png
45,2,86,lattice,0,o,img/target_9.png
45,2,87,lattice,2,e,img/target_3.png
45,2,88,lattice,3,i,img/target_8.png
45,2,89,lattice,1,w,img/target_2.png
45,2,90,lattice,0,o,img/target_9.png
45,2,91,lattice,9,q,img/target_1.png
45,2,92,lattice,0,o,img/target_9.png
45,2,93,lattice,1,w,img/target_2.png
45,2,94,lattice,9,q,img/target_1.png
45,2,95,lattice,7,v,img/target_5.png
45,2,96,lattice,8,p,img/target_10.png
45,2,97,lattice,9,q,img/target_1.png
45,2,98,lattice,7,v,img/target_5.png
45,2,99,lattice,9,q,img/target_1.png
45,2,100,lattice,1,w,img/target_2.png
45,2,101,lattice,9,q,img/target_1.png
45,2,102,lattice,0,o,img/target_9.png
45,2,103,lattice,9,q,img/target_1.png
45,2,104,lattice,0,o,img/target_9.png
45,2,105,lattice,8,p,img/target_10.png
45,2,106,lattice,9,q,img/target_1.png
45,2,107,lattice,7,v,img/target_5.png
45,2,108,lattice,5,u,img/target_7.png
45,2,109,lattice,3,i,img/target_8.png
45,2,110,lattice,1,w,img/target_2.png
45,2,111,lattice,2,e,img/target_3.png
45,2,112,lattice,0,o,img/target_9.png
45,2,113,lattice,8,p,img/target_10.png
45,2,114,lattice,9,q,img/target_1.png
45,2,115,lattice,7,v,img/target_5.png
45,2,116,lattice,5,u,img/target_7.png
45,2,117,lattice,7,v,img/target_5.png
45,2,118,lattice,5,u,img/target_7.png
45,2,119,lattice,7,v,img/target_5.png
45,2,120,lattice,6,r,img/target_4.png
45,2,121,lattice,4,b,img/target_6.png
45,2,122,lattice,2,e,img/target_3.png
45,2,123,lattice,3,i,img/target_8.png
45,2,124,lattice,1,w,img/target_2.png
45,2,125,lattice,9,q,img/target_1.png
45,2,126,lattice,0,o,img/target_9.png
45,2,127,lattice,9,q,img/target_1.png
45,2,128,lattice,1,w,img/target_2.png
45,2,129,lattice,2,e,img/target_3.png
45,2,130,lattice,1,w,img/target_2.png
45,2,131,lattice,3,i,img/target_8.png
45,2,132,lattice,4,b,img/target_6.png
45,2,133,lattice,6,r,img/target_4.png
45,2,134,lattice,8,p,img/target_10.png
45,2,135,lattice,7,v,img/target_5.png
45,2,136,lattice,9,q,img/target_1.png
45,2,137,lattice,8,p,img/target_10.png
45,2,138,lattice,0,o,img/target_9.png
45,2,139,lattice,1,w,img/target_2.png
45,2,140,lattice,0,o,img/target_9.png
45,2,141,lattice,8,p,img/target_10.png
45,2,142,lattice,6,r,img/target_4.png
45,2,143,lattice,5,u,img/target_7.png
45,2,144,lattice,4,b,img/target_6.png
45,2,145,lattice,6,r,img/target_4.png
45,2,146,lattice,4,b,img/target_6.png
45,2,147,lattice,5,u,img/target_7.png
45,2,148,lattice,6,r,img/target_4.png
45,2,149,lattice,5,u,img/target_7.png
45,2,150,lattice,7,v,img/target_5.png
45,2,151,lattice,8,p,img/target_10.png
45,2,152,lattice,7,v,img/target_5.png
45,2,153,lattice,6,r,img/target_4.png
45,2,154,lattice,7,v,img/target_5.png
45,2,155,lattice,8,p,img/target_10.png
45,2,156,lattice,0,o,img/target_9.png
45,2,157,lattice,8,p,img/target_10.png
45,2,158,lattice,6,r,img/target_4.png
45,2,159,lattice,7,v,img/target_5.png
45,2,160,lattice,5,u,img/target_7.png
45,2,161,lattice,3,i,img/target_8.png
45,2,162,lattice,2,e,img/target_3.png
45,2,163,lattice,4,b,img/target_6.png
45,2,164,lattice,5,u,img/target_7.png
45,2,165,lattice,3,i,img/target_8.png
45,2,166,lattice,4,b,img/target_6.png
45,2,167,lattice,6,r,img/target_4.png
45,2,168,lattice,7,v,img/target_5.png
45,2,169,lattice,8,p,img/target_10.png
45,2,170,lattice,6,r,img/target_4.png
45,2,171,lattice,7,v,img/target_5.png
45,2,172,lattice,9,q,img/target_1.png
45,2,173,lattice,0,o,img/target_9.png
45,2,174,lattice,1,w,img/target_2.png
45,2,175,lattice,0,o,img/target_9.png
45,2,176,lattice,2,e,img/target_3.png
45,2,177,lattice,1,w,img/target_2.png
45,2,178,lattice,3,i,img/target_8.png
45,2,179,lattice,4,b,img/target_6.png
45,2,180,lattice,3,i,img/target_8.png
45,2,181,lattice,1,w,img/target_2.png
45,2,182,lattice,3,i,img/target_8.png
45,2,183,lattice,5,u,img/target_7.png
45,2,184,lattice,6,r,img/target_4.png
45,2,185,lattice,8,p,img/target_10.png
45,2,186,lattice,0,o,img/target_9.png
45,2,187,lattice,1,w,img/target_2.png
45,2,188,lattice,3,i,img/target_8.png
45,2,189,lattice,5,u,img/target_7.png
45,2,190,lattice,6,r,img/target_4.png
45,2,191,lattice,4,b,img/target_6.png
45,2,192,lattice,2,e,img/target_3.png
45,2,193,lattice,1,w,img/target_2.png
45,2,194,lattice,3,i,img/target_8.png
45,2,195,lattice,5,u,img/target_7.png
45,2,196,lattice,3,i,img/target_8.png
45,2,197,lattice,1,w,img/target_2.png
45,2,198,lattice,9,q,img/target_1.png
45,2,199,lattice,7,v,img/target_5.png
45,2,200,lattice,5,u,img/target_7.png
45,2,201,lattice,6,r,img/target_4.png
45,2,202,lattice,8,p,img/target_10.png
45,2,203,lattice,6,r,img/target_4.png
45,2,204,lattice,8,p,img/target_10.png
45,2,205,lattice,6,r,img/target_4.png
45,2,206,lattice,7,v,img/target_5.png
45,2,207,lattice,6,r,img/target_4.png
45,2,208,lattice,7,v,img/target_5.png
45,2,209,lattice,9,q,img/target_1.png
45,2,210,lattice,1,w,img/target_2.png
45,2,211,lattice,0,o,img/target_9.png
45,2,212,lattice,9,q,img/target_1.png
45,2,213,lattice,8,p,img/target_10.png
45,2,214,lattice,0,o,img/target_9.png
45,2,215,lattice,1,w,img/target_2.png
45,2,216,lattice,3,i,img/target_8.png
45,2,217,lattice,5,u,img/target_7.png
45,2,218,lattice,4,b,img/target_6.png
45,2,219,lattice,3,i,img/target_8.png
45,2,220,lattice,1,w,img/target_2.png
45,2,221,lattice,2,e,img/target_3.png
45,2,222,lattice,3,i,img/target_8.png
45,2,223,lattice,2,e,img/target_3.png
45,2,224,lattice,0,o,img/target_9.png
45,2,225,lattice,9,q,img/target_1.png
45,2,226,lattice,8,p,img/target_10.png
45,2,227,lattice,6,r,img/target_4.png
45,2,228,lattice,5,u,img/target_7.png
45,2,229,lattice,3,i,img/target_8.png
45,2,230,lattice,5,u,img/target_7.png
45,2,231,lattice,3,i,img/target_8.png
45,2,232,lattice,5,u,img/target_7.png
45,2,233,lattice,3,i,img/target_8.png
45,2,234,lattice,5,u,img/target_7.png
45,2,235,lattice,4,b,img/target_6.png
45,2,236,lattice,2,e,img/target_3.png
45,2,237,lattice,4,b,img/target_6.png
45,2,238,lattice,2,e,img/target_3.png
45,2,239,lattice,0,o,img/target_9.png
45,2,240,lattice,9,q,img/target_1.png
45,2,241,lattice,8,p,img/target_10.png
45,2,242,lattice,7,v,img/target_5.png
45,2,243,lattice,5,u,img/target_7.png
45,2,244,lattice,7,v,img/target_5.png
45,2,245,lattice,6,r,img/target_4.png
45,2,246,lattice,5,u,img/target_7.png
45,2,247,lattice,3,i,img/target_8.png
45,2,248,lattice,4,b,img/target_6.png
45,2,249,lattice,6,r,img/target_4.png
45,2,250,lattice,4,b,img/target_6.png
45,2,251,lattice,5,u,img/target_7.png
45,2,252,lattice,6,r,img/target_4.png
45,2,253,lattice,8,p,img/target_10.png
45,2,254,lattice,9,q,img/target_1.png
45,2,255,lattice,0,o,img/target_9.png
45,2,256,lattice,8,p,img/target_10.png
45,2,257,lattice,7,v,img/target_5.png
45,2,258,lattice,6,r,img/target_4.png
45,2,259,lattice,4,b,img/target_6.png
45,2,260,lattice,6,r,img/target_4.png
45,2,261,lattice,4,b,img/target_6.png
45,2,262,lattice,3,i,img/target_8.png
45,2,263,lattice,1,w,img/target_2.png
45,2,264,lattice,3,i,img/target_8.png
45,2,265,lattice,1,w,img/target_2.png
45,2,266,lattice,3,i,img/target_8.png
45,2,267,lattice,1,w,img/target_2.png
45,2,268,lattice,3,i,img/target_8.png
45,2,269,lattice,1,w,img/target_2.png
45,2,270,lattice,3,i,img/target_8.png
45,2,271,lattice,2,e,img/target_3.png
45,2,272,lattice,1,w,img/target_2.png
45,2,273,lattice,9,q,img/target_1.png
45,2,274,lattice,7,v,img/target_5.png
45,2,275,lattice,6,r,img/target_4.png
45,2,276,lattice,7,v,img/target_5.png
45,2,277,lattice,9,q,img/target_1.png
45,2,278,lattice,7,v,img/target_5.png
45,2,279,lattice,9,q,img/target_1.png
45,2,280,lattice,8,p,img/target_10.png
45,2,281,lattice,9,q,img/target_1.png
45,2,282,lattice,7,v,img/target_5.png
45,2,283,lattice,9,q,img/target_1.png
45,2,284,lattice,8,p,img/target_10.png
45,2,285,lattice,6,r,img/target_4.png
45,2,286,lattice,5,u,img/target_7.png
45,2,287,lattice,3,i,img/target_8.png
45,2,288,lattice,1,w,img/target_2.png
45,2,289,lattice,0,o,img/target_9.png
45,2,290,lattice,9,q,img/target_1.png
45,2,291,lattice,7,v,img/target_5.png
45,2,292,lattice,8,p,img/target_10.png
45,2,293,lattice,0,o,img/target_9.png
45,2,294,lattice,1,w,img/target_2.png
45,2,295,lattice,0,o,img/target_9.png
45,2,296,lattice,9,q,img/target_1.png
45,2,297,lattice,0,o,img/target_9.png
45,2,298,lattice,2,e,img/target_3.png
45,2,299,lattice,3,i,img/target_8.png
45,2,300,lattice,5,u,img/target_7.png
45,2,301,lattice,4,b,img/target_6.png
45,2,302,lattice,2,e,img/target_3.png
45,2,303,lattice,1,w,img/target_2.png
45,2,304,lattice,0,o,img/target_9.png
45,2,305,lattice,8,p,img/target_10.png
45,2,306,lattice,0,o,img/target_9.png
45,2,307,lattice,9,q,img/target_1.png
45,2,308,lattice,1,w,img/target_2.png
45,2,309,lattice,3,i,img/target_8.png
45,2,310,lattice,1,w,img/target_2.png
45,2,311,lattice,2,e,img/target_3.png
45,2,312,lattice,4,b,img/target_6.png
45,2,313,lattice,3,i,img/target_8.png
45,2,314,lattice,1,w,img/target_2.png
45,2,315,lattice,3,i,img/target_8.png
45,2,316,lattice,2,e,img/target_3.png
45,2,317,lattice,0,o,img/target_9.png
45,2,318,lattice,2,e,img/target_3.png
45,2,319,lattice,4,b,img/target_6.png
45,2,320,lattice,5,u,img/target_7.png
45,2,321,lattice,4,b,img/target_6.png
45,2,322,lattice,3,i,img/target_8.png
45,2,323,lattice,4,b,img/target_6.png
45,2,324,lattice,3,i,img/target_8.png
45,2,325,lattice,2,e,img/target_3.png
45,2,326,lattice,0,o,img/target_9.png
45,2,327,lattice,8,p,img/target_10.png
45,2,328,lattice,0,o,img/target_9.png
45,2,329,lattice,9,q,img/target_1.png
45,2,330,lattice,8,p,img/target_10.png
45,2,331,lattice,7,v,img/target_5.png
45,2,332,lattice,9,q,img/target_1.png
45,2,333,lattice,1,w,img/target_2.png
45,2,334,lattice,9,q,img/target_1.png
45,2,335,lattice,8,p,img/target_10.png
45,2,336,lattice,9,q,img/target_1.png
45,2,337,lattice,8,p,img/target_10.png
45,2,338,lattice,0,o,img/target_9.png
45,2,339,lattice,2,e,img/target_3.png
45,2,340,lattice,1,w,img/target_2.png
45,2,341,lattice,0,o,img/target_9.png
45,2,342,lattice,1,w,img/target_2.png
45,2,343,lattice,0,o,img/target_9.png
45,2,344,lattice,1,w,img/target_2.png
45,2,345,lattice,9,q,img/target_1.png
45,2,346,lattice,0,o,img/target_9.png
45,2,347,lattice,8,p,img/target_10.png
45,2,348,lattice,0,o,img/target_9.png
45,2,349,lattice,8,p,img/target_10.png
45,2,350,lattice,7,v,img/target_5.png
45,2,351,lattice,9,q,img/target_1.png
45,2,352,lattice,7,v,img/target_5.png
45,2,353,lattice,5,u,img/target_7.png
45,2,354,lattice,3,i,img/target_8.png
45,2,355,lattice,1,w,img/target_2.png
45,2,356,lattice,9,q,img/target_1.png
45,2,357,lattice,8,p,img/target_10.png
45,2,358,lattice,9,q,img/target_1.png
45,2,359,lattice,1,w,img/target_2.png
45,2,360,lattice,9,q,img/target_1.png
45,2,361,lattice,8,p,img/target_10.png
45,2,362,lattice,9,q,img/target_1.png
45,2,363,lattice,8,p,img/target_10.png
45,2,364,lattice,0,o,img/target_9.png
45,2,365,lattice,2,e,img/target_3.png
45,2,366,lattice,1,w,img/target_2.png
45,2,367,lattice,9,q,img/target_1.png
45,2,368,lattice,8,p,img/target_10.png
45,2,369,lattice,7,v,img/target_5.png
45,2,370,lattice,6,r,img/target_4.png
45,2,371,lattice,8,p,img/target_10.png
45,2,372,lattice,7,v,img/target_5.png
45,2,373,lattice,6,r,img/target_4.png
45,2,374,lattice,8,p,img/target_10.png
45,2,375,lattice,6,r,img/target_4.png
45,2,376,lattice,7,v,img/target_5.png
45,2,377,lattice,8,p,img/target_10.png
45,2,378,lattice,9,q,img/target_1.png
45,2,379,lattice,8,p,img/target_10.png
45,2,380,lattice,9,q,img/target_1.png
45,2,381,lattice,0,o,img/target_9.png
45,2,382,lattice,8,p,img/target_10.png
45,2,383,lattice,6,r,img/target_4.png
45,2,384,lattice,5,u,img/target_7.png
45,2,385,lattice,4,b,img/target_6.png
45,2,386,lattice,2,e,img/target_3.png
45,2,387,lattice,3,i,img/target_8.png
45,2,388,lattice,2,e,img/target_3.png
45,2,389,lattice,0,o,img/target_9.png
45,2,390,lattice,9,q,img/target_1.png
45,2,391,lattice,1,w,img/target_2.png
45,2,392,lattice,3,i,img/target_8.png
45,2,393,lattice,4,b,img/target_6.png
45,2,394,lattice,3,i,img/target_8.png
45,2,395,lattice,5,u,img/target_7.png
45,2,396,lattice,4,b,img/target_6.png
45,2,397,lattice,6,r,img/target_4.png
45,2,398,lattice,7,v,img/target_5.png
45,2,399,lattice,9,q,img/target_1.png
45,2,400,lattice,8,p,img/target_10.png
45,2,401,lattice,9,q,img/target_1.png
45,2,402,lattice,1,w,img/target_2.png
45,2,403,lattice,9,q,img/target_1.png
45,2,404,lattice,8,p,img/target_10.png
45,2,405,lattice,7,v,img/target_5.png
45,2,406,lattice,9,q,img/target_1.png
45,2,407,lattice,0,o,img/target_9.png
45,2,408,lattice,9,q,img/target_1.png
45,2,409,lattice,8,p,img/target_10.png
45,2,410,lattice,6,r,img/target_4.png
45,2,411,lattice,7,v,img/target_5.png
45,2,412,lattice,5,u,img/target_7.png
45,2,413,lattice,4,b,img/target_6.png
45,2,414,lattice,3,i,img/target_8.png
45,2,415,lattice,1,w,img/target_2.png
45,2,416,lattice,0,o,img/target_9.png
45,2,417,lattice,8,p,img/target_10.png
45,2,418,lattice,0,o,img/target_9.png
45,2,419,lattice,1,w,img/target_2.png
45,2,420,lattice,9,q,img/target_1.png
45,2,421,lattice,1,w,img/target_2.png
45,2,422,lattice,0,o,img/target_9.png
45,2,423,lattice,8,p,img/target_10.png
45,2,424,lattice,6,r,img/target_4.png
45,2,425,lattice,8,p,img/target_10.png
45,2,426,lattice,0,o,img/target_9.png
45,2,427,lattice,1,w,img/target_2.png
45,2,428,lattice,2,e,img/target_3.png
45,2,429,lattice,1,w,img/target_2.png
45,2,430,lattice,9,q,img/target_1.png
45,2,431,lattice,1,w,img/target_2.png
45,2,432,lattice,2,e,img/target_3.png
45,2,433,lattice,1,w,img/target_2.png
45,2,434,lattice,3,i,img/target_8.png
45,2,435,lattice,2,e,img/target_3.png
45,2,436,lattice,3,i,img/target_8.png
45,2,437,lattice,2,e,img/target_3.png
45,2,438,lattice,3,i,img/target_8.png
45,2,439,lattice,1,w,img/target_2.png
45,2,440,lattice,9,q,img/target_1.png
45,2,441,lattice,1,w,img/target_2.png
45,2,442,lattice,2,e,img/target_3.png
45,2,443,lattice,3,i,img/target_8.png
45,2,444,lattice,4,b,img/target_6.png
45,2,445,lattice,6,r,img/target_4.png
45,2,446,lattice,4,b,img/target_6.png
45,2,447,lattice,3,i,img/target_8.png
45,2,448,lattice,4,b,img/target_6.png
45,2,449,lattice,5,u,img/target_7.png
45,2,450,lattice,6,r,img/target_4.png
45,2,451,lattice,8,p,img/target_10.png
45,2,452,lattice,7,v,img/target_5.png
45,2,453,lattice,5,u,img/target_7.png
45,2,454,lattice,3,i,img/target_8.png
45,2,455,lattice,5,u,img/target_7.png
45,2,456,lattice,3,i,img/target_8.png
45,2,457,lattice,1,w,img/target_2.png
45,2,458,lattice,3,i,img/target_8.png
45,2,459,lattice,1,w,img/target_2.png
45,2,460,lattice,3,i,img/target_8.png
45,2,461,lattice,2,e,img/target_3.png
45,2,462,lattice,0,o,img/target_9.png
45,2,463,lattice,1,w,img/target_2.png
45,2,464,lattice,3,i,img/target_8.png
45,2,465,lattice,1,w,img/target_2.png
45,2,466,lattice,9,q,img/target_1.png
45,2,467,lattice,7,v,img/target_5.png
45,2,468,lattice,8,p,img/target_10.png
45,2,469,lattice,0,o,img/target_9.png
45,2,470,lattice,8,p,img/target_10.png
45,2,471,lattice,9,q,img/target_1.png
45,2,472,lattice,7,v,img/target_5.png
45,2,473,lattice,9,q,img/target_1.png
45,2,474,lattice,1,w,img/target_2.png
45,2,475,lattice,3,i,img/target_8.png
45,2,476,lattice,5,u,img/target_7.png
45,2,477,lattice,4,b,img/target_6.png
45,2,478,lattice,3,i,img/target_8.png
45,2,479,lattice,5,u,img/target_7.png
45,2,480,lattice,4,b,img/target_6.png
45,2,481,lattice,3,i,img/target_8.png
45,2,482,lattice,1,w,img/target_2.png
45,2,483,lattice,0,o,img/target_9.png
45,2,484,lattice,8,p,img/target_10.png
45,2,485,lattice,0,o,img/target_9.png
45,2,486,lattice,2,e,img/target_3.png
45,2,487,lattice,3,i,img/target_8.png
45,2,488,lattice,2,e,img/target_3.png
45,2,489,lattice,0,o,img/target_9.png
45,2,490,lattice,2,e,img/target_3.png
45,2,491,lattice,1,w,img/target_2.png
45,2,492,lattice,0,o,img/target_9.png
45,2,493,lattice,9,q,img/target_1.png
45,2,494,lattice,7,v,img/target_5.png
45,2,495,lattice,6,r,img/target_4.png
45,2,496,lattice,4,b,img/target_6.png
45,2,497,lattice,2,e,img/target_3.png
45,2,498,lattice,0,o,img/target_9.png
45,2,499,lattice,9,q,img/target_1.png
45,2,500,lattice,7,v,img/target_5.png
45,2,501,lattice,8,p,img/target_10.png
45,2,502,lattice,6,r,img/target_4.png
45,2,503,lattice,8,p,img/target_10.png
45,2,504,lattice,7,v,img/target_5.png
45,2,505,lattice,8,p,img/target_10.png
45,2,506,lattice,6,r,img/target_4.png
45,2,507,lattice,4,b,img/target_6.png
45,2,508,lattice,2,e,img/target_3.png
45,2,509,lattice,3,i,img/target_8.png
45,2,510,lattice,1,w,img/target_2.png
45,2,511,lattice,3,i,img/target_8.png
45,2,512,lattice,4,b,img/target_6.png
45,2,513,lattice,6,r,img/target_4.png
45,2,514,lattice,7,v,img/target_5.png
45,2,515,lattice,8,p,img/target_10.png
45,2,516,lattice,9,q,img/target_1.png
45,2,517,lattice,8,p,img/target_10.png
45,2,518,lattice,9,q,img/target_1.png
45,2,519,lattice,7,v,img/target_5.png
45,2,520,lattice,9,q,img/target_1.png
45,2,521,lattice,8,p,img/target_10.png
45,2,522,lattice,9,q,img/target_1.png
45,2,523,lattice,0,o,img/target_9.png
45,2,524,lattice,2,e,img/target_3.png
45,2,525,lattice,4,b,img/target_6.png
45,2,526,lattice,6,r,img/target_4.png
45,2,527,lattice,8,p,img/target_10.png
45,2,528,lattice,6,r,img/target_4.png
45,2,529,lattice,8,p,img/target_10.png
45,2,530,lattice,9,q,img/target_1.png
45,2,531,lattice,1,w,img/target_2.png
45,2,532,lattice,9,q,img/target_1.png
45,2,533,lattice,8,p,img/target_10.png
45,2,534,lattice,7,v,img/target_5.png
45,2,535,lattice,5,u,img/target_7.png
45,2,536,lattice,4,b,img/target_6.png
45,2,537,lattice,2,e,img/target_3.png
45,2,538,lattice,1,w,img/target_2.png
45,2,539,lattice,0,o,img/target_9.png
45,2,540,lattice,2,e,img/target_3.png
45,2,541,lattice,3,i,img/target_8.png
45,2,542,lattice,2,e,img/target_3.png
45,2,543,lattice,1,w,img/target_2.png
45,2,544,lattice,2,e,img/target_3.png
45,2,545,lattice,4,b,img/target_6.png
45,2,546,lattice,2,e,img/target_3.png
45,2,547,lattice,1,w,img/target_2.png
45,2,548,lattice,0,o,img/target_9.png
45,2,549,lattice,9,q,img/target_1.png
45,2,550,lattice,8,p,img/target_10.png
45,2,551,lattice,0,o,img/target_9.png
45,2,552,lattice,2,e,img/target_3.png
45,2,553,lattice,4,b,img/target_6.png
45,2,554,lattice,3,i,img/target_8.png
45,2,555,lattice,5,u,img/target_7.png
45,2,556,lattice,4,b,img/target_6.png
45,2,557,lattice,3,i,img/target_8.png
45,2,558,lattice,5,u,img/target_7.png
45,2,559,lattice,7,v,img/target_5.png
45,2,560,lattice,5,u,img/target_7.png
45,2,561,lattice,6,r,img/target_4.png
45,2,562,lattice,4,b,img/target_6.png
45,2,563,lattice,2,e,img/target_3.png
45,2,564,lattice,3,i,img/target_8.png
45,2,565,lattice,4,b,img/target_6.png
45,2,566,lattice,2,e,img/target_3.png
45,2,567,lattice,1,w,img/target_2.png
45,2,568,lattice,3,i,img/target_8.png
45,2,569,lattice,4,b,img/target_6.png
45,2,570,lattice,3,i,img/target_8.png
45,2,571,lattice,5,u,img/target_7.png
45,2,572,lattice,7,v,img/target_5.png
45,2,573,lattice,9,q,img/target_1.png
45,2,574,lattice,1,w,img/target_2.png
45,2,575,lattice,0,o,img/target_9.png
45,2,576,lattice,8,p,img/target_10.png
45,2,577,lattice,9,q,img/target_1.png
45,2,578,lattice,0,o,img/target_9.png
45,2,579,lattice,1,w,img/target_2.png
45,2,580,lattice,2,e,img/target_3.png
45,2,581,lattice,3,i,img/target_8.png
45,2,582,lattice,1,w,img/target_2.png
45,2,583,lattice,0,o,img/target_9.png
45,2,584,lattice,1,w,img/target_2.png
45,2,585,lattice,9,q,img/target_1.png
45,2,586,lattice,1,w,img/target_2.png
45,2,587,lattice,0,o,img/target_9.png
45,2,588,lattice,9,q,img/target_1.png
45,2,589,lattice,7,v,img/target_5.png
45,2,590,lattice,5,u,img/target_7.png
45,2,591,lattice,3,i,img/target_8.png
45,2,592,lattice,5,u,img/target_7.png
45,2,593,lattice,4,b,img/target_6.png
45,2,594,lattice,6,r,img/target_4.png
45,2,595,lattice,7,v,img/target_5.png
45,2,596,lattice,8,p,img/target_10.png
45,2,597,lattice,6,r,img/target_4.png
45,2,598,lattice,7,v,img/target_5.png
45,2,599,lattice,9,q,img/target_1.png
45,2,600,lattice,0,o,img/target_9.png
45,2,601,lattice,8,p,img/target_10.png
45,2,602,lattice,7,v,img/target_5.png
45,2,603,lattice,5,u,img/target_7.png
45,2,604,lattice,6,r,img/target_4.png
45,2,605,lattice,8,p,img/target_10.png
45,2,606,lattice,7,v,img/target_5.png
45,2,607,lattice,6,r,img/target_4.png
45,2,608,lattice,4,b,img/target_6.png
45,2,609,lattice,2,e,img/target_3.png
45,2,610,lattice,3,i,img/target_8.png
45,2,611,lattice,4,b,img/target_6.png
45,2,612,lattice,5,u,img/target_7.png
45,2,613,lattice,7,v,img/target_5.png
45,2,614,lattice,9,q,img/target_1.png
45,2,615,lattice,0,o,img/target_9.png
45,2,616,lattice,1,w,img/target_2.png
45,2,617,lattice,2,e,img/target_3.png
45,2,618,lattice,3,i,img/target_8.png
45,2,619,lattice,1,w,img/target_2.png
45,2,620,lattice,2,e,img/target_3.png
45,2,621,lattice,3,i,img/target_8.png
45,2,622,lattice,5,u,img/target_7.png
45,2,623,lattice,6,r,img/target_4.png
45,2,624,lattice,8,p,img/target_10.png
45,2,625,lattice,9,q,img/target_1.png
45,2,626,lattice,1,w,img/target_2.png
45,2,627,lattice,0,o,img/target_9.png
45,2,628,lattice,9,q,img/target_1.png
45,2,629,lattice,7,v,img/target_5.png
45,2,630,lattice,8,p,img/target_10.png
45,2,631,lattice,0,o,img/target_9.png
45,2,632,lattice,9,q,img/target_1.png
45,2,633,lattice,1,w,img/target_2.png
45,2,634,lattice,3,i,img/target_8.png
45,2,635,lattice,4,b,img/target_6.png
45,2,636,lattice,3,i,img/target_8.png
45,2,637,lattice,4,b,img/target_6.png
45,2,638,lattice,6,r,img/target_4.png
45,2,639,lattice,7,v,img/target_5.png
45,2,640,lattice,5,u,img/target_7.png
45,2,641,lattice,6,r,img/target_4.png
45,2,642,lattice,5,u,img/target_7.png
45,2,643,lattice,7,v,img/target_5.png
45,2,644,lattice,8,p,img/target_10.png
45,2,645,lattice,9,q,img/target_1.png
45,2,646,lattice,8,p,img/target_10.png
45,2,647,lattice,6,r,img/target_4.png
45,2,648,lattice,4,b,img/target_6.png
45,2,649,lattice,2,e,img/target_3.png
45,2,650,lattice,3,i,img/target_8.png
45,2,651,lattice,1,w,img/target_2.png
45,2,652,lattice,2,e,img/target_3.png
45,2,653,lattice,1,w,img/target_2.png
45,2,654,lattice,0,o,img/target_9.png
45,2,655,lattice,8,p,img/target_10.png
45,2,656,lattice,6,r,img/target_4.png
45,2,657,lattice,4,b,img/target_6.png
45,2,658,lattice,2,e,img/target_3.png
45,2,659,lattice,0,o,img/target_9.png
45,2,660,lattice,8,p,img/target_10.png
45,2,661,lattice,7,v,img/target_5.png
45,2,662,lattice,5,u,img/target_7.png
45,2,663,lattice,3,i,img/target_8.png
45,2,664,lattice,2,e,img/target_3.png
45,2,665,lattice,0,o,img/target_9.png
45,2,666,lattice,2,e,img/target_3.png
45,2,667,lattice,0,o,img/target_9.png
45,2,668,lattice,8,p,img/target_10.png
45,2,669,lattice,9,q,img/target_1.png
45,2,670,lattice,1,w,img/target_2.png
45,2,671,lattice,9,q,img/target_1.png
45,2,672,lattice,0,o,img/target_9.png
45,2,673,lattice,1,w,img/target_2.png
45,2,674,lattice,3,i,img/target_8.png
45,2,675,lattice,4,b,img/target_6.png
45,2,676,lattice,3,i,img/target_8.png
45,2,677,lattice,1,w,img/target_2.png
45,2,678,lattice,9,q,img/target_1.png
45,2,679,lattice,0,o,img/target_9.png
45,2,680,lattice,9,q,img/target_1.png
45,2,681,lattice,0,o,img/target_9.png
45,2,682,lattice,9,q,img/target_1.png
45,2,683,lattice,8,p,img/target_10.png
45,2,684,lattice,6,r,img/target_4.png
45,2,685,lattice,5,u,img/target_7.png
45,2,686,lattice,6,r,img/target_4.png
45,2,687,lattice,7,v,img/target_5.png
45,2,688,lattice,8,p,img/target_10.png
45,2,689,lattice,9,q,img/target_1.png
45,2,690,lattice,8,p,img/target_10.png
45,2,691,lattice,6,r,img/target_4.png
45,2,692,lattice,4,b,img/target_6.png
45,2,693,lattice,6,r,img/target_4.png
45,2,694,lattice,5,u,img/target_7.png
45,2,695,lattice,4,b,img/target_6.png
45,2,696,lattice,2,e,img/target_3.png
45,2,697,lattice,3,i,img/target_8.png
45,2,698,lattice,4,b,img/target_6.png
45,2,699,lattice,3,i,img/target_8.png
45,2,700,lattice,4,b,img/target_6.png
45,2,701,lattice,6,r,img/target_4.png
45,2,702,lattice,7,v,img/target_5.png
45,2,703,lattice,9,q,img/target_1.png
45,2,704,lattice,0,o,img/target_9.png
45,2,705,lattice,9,q,img/target_1.png
45,2,706,lattice,8,p,img/target_10.png
45,2,707,lattice,9,q,img/target_1.png
45,2,708,lattice,0,o,img/target_9.png
45,2,709,lattice,2,e,img/target_3.png
45,2,710,lattice,0,o,img/target_9.png
45,2,711,lattice,9,q,img/target_1.png
45,2,712,lattice,7,v,img/target_5.png
45,2,713,lattice,9,q,img/target_1.png
45,2,714,lattice,7,v,img/target_5.png
45,2,715,lattice,9,q,img/target_1.png
45,2,716,lattice,1,w,img/target_2.png
45,2,717,lattice,0,o,img/target_9.png
45,2,718,lattice,9,q,img/target_1.png
45,2,719,lattice,8,p,img/target_10.png
45,2,720,lattice,9,q,img/target_1.png
45,2,721,lattice,1,w,img/target_2.png
45,2,722,lattice,0,o,img/target_9.png
45,2,723,lattice,1,w,img/target_2.png
45,2,724,lattice,0,o,img/target_9.png
45,2,725,lattice,8,p,img/target_10.png
45,2,726,lattice,0,o,img/target_9.png
45,2,727,lattice,2,e,img/target_3.png
45,2,728,lattice,4,b,img/target_6.png
45,2,729,lattice,3,i,img/target_8.png
45,2,730,lattice,1,w,img/target_2.png
45,2,731,lattice,9,q,img/target_1.png
45,2,732,lattice,0,o,img/target_9.png
45,2,733,lattice,1,w,img/target_2.png
45,2,734,lattice,9,q,img/target_1.png
45,2,735,lattice,7,v,img/target_5.png
45,2,736,lattice,6,r,img/target_4.png
45,2,737,lattice,8,p,img/target_10.png
45,2,738,lattice,0,o,img/target_9.png
45,2,739,lattice,9,q,img/target_1.png
45,2,740,lattice,7,v,img/target_5.png
45,2,741,lattice,6,r,img/target_4.png
45,2,742,lattice,8,p,img/target_10.png
45,2,743,lattice,7,v,img/target_5.png
45,2,744,lattice,6,r,img/target_4.png
45,2,745,lattice,7,v,img/target_5.png
45,2,746,lattice,9,q,img/target_1.png
45,2,747,lattice,7,v,img/target_5.png
45,2,748,lattice,6,r,img/target_4.png
45,2,749,lattice,8,p,img/target_10.png
45,2,750,lattice,6,r,img/target_4.png
45,2,751,lattice,5,u,img/target_7.png
45,2,752,lattice,3,i,img/target_8.png
45,2,753,lattice,5,u,img/target_7.png
45,2,754,lattice,6,r,img/target_4.png
45,2,755,lattice,5,u,img/target_7.png
45,2,756,lattice,7,v,img/target_5.png
45,2,757,lattice,5,u,img/target_7.png
45,2,758,lattice,3,i,img/target_8.png
45,2,759,lattice,5,u,img/target_7.png
45,2,760,lattice,7,v,img/target_5.png
45,2,761,lattice,8,p,img/target_10.png
45,2,762,lattice,0,o,img/target_9.png
45,2,763,lattice,8,p,img/target_10.png
45,2,764,lattice,9,q,img/target_1.png
45,2,765,lattice,7,v,img/target_5.png
45,2,766,lattice,8,p,img/target_10.png
45,2,767,lattice,6,r,img/target_4.png
45,2,768,lattice,7,v,img/target_5.png
45,2,769,lattice,8,p,img/target_10.png
45,2,770,lattice,7,v,img/target_5.png
45,2,771,lattice,8,p,img/target_10.png
45,2,772,lattice,6,r,img/target_4.png
45,2,773,lattice,4,b,img/target_6.png
45,2,774,lattice,5,u,img/target_7.png
45,2,775,lattice,7,v,img/target_5.png
45,2,776,lattice,9,q,img/target_1.png
45,2,777,lattice,0,o,img/target_9.png
45,2,778,lattice,8,p,img/target_10.png
45,2,779,lattice,6,r,img/target_4.png
45,2,780,lattice,4,b,img/target_6.png
45,2,781,lattice,5,u,img/target_7.png
45,2,782,lattice,3,i,img/target_8.png
45,2,783,lattice,1,w,img/target_2.png
45,2,784,lattice,0,o,img/target_9.png
45,2,785,lattice,2,e,img/target_3.png
45,2,786,lattice,0,o,img/target_9.png
45,2,787,lattice,2,e,img/target_3.png
45,2,788,lattice,4,b,img/target_6.png
45,2,789,lattice,3,i,img/target_8.png
45,2,790,lattice,5,u,img/target_7.png
45,2,791,lattice,4,b,img/target_6.png
45,2,792,lattice,6,r,img/target_4.png
45,2,793,lattice,7,v,img/target_5.png
45,2,794,lattice,5,u,img/target_7.png
45,2,795,lattice,6,r,img/target_4.png
45,2,796,lattice,4,b,img/target_6.png
45,2,797,lattice,2,e,img/target_3.png
45,2,798,lattice,1,w,img/target_2.png
45,2,799,lattice,2,e,img/target_3.png
45,2,800,lattice,4,b,img/target_6.png
45,2,801,lattice,3,i,img/target_8.png
45,2,802,lattice,5,u,img/target_7.png
45,2,803,lattice,7,v,img/target_5.png
45,2,804,lattice,9,q,img/target_1.png
45,2,805,lattice,1,w,img/target_2.png
45,2,806,lattice,9,q,img/target_1.png
45,2,807,lattice,1,w,img/target_2.png
45,2,808,lattice,3,i,img/target_8.png
45,2,809,lattice,1,w,img/target_2.png
45,2,810,lattice,3,i,img/target_8.png
45,2,811,lattice,4,b,img/target_6.png
45,2,812,lattice,3,i,img/target_8.png
45,2,813,lattice,1,w,img/target_2.png
45,2,814,lattice,2,e,img/target_3.png
45,2,815,lattice,1,w,img/target_2.png
45,2,816,lattice,3,i,img/target_8.png
45,2,817,lattice,2,e,img/target_3.png
45,2,818,lattice,1,w,img/target_2.png
45,2,819,lattice,2,e,img/target_3.png
45,2,820,lattice,1,w,img/target_2.png
45,2,821,lattice,9,q,img/target_1.png
45,2,822,lattice,1,w,img/target_2.png
45,2,823,lattice,2,e,img/target_3.png
45,2,824,lattice,3,i,img/target_8.png
45,2,825,lattice,5,u,img/target_7.png
45,2,826,lattice,6,r,img/target_4.png
45,2,827,lattice,5,u,img/target_7.png
45,2,828,lattice,3,i,img/target_8.png
45,2,829,lattice,2,e,img/target_3.png
45,2,830,lattice,4,b,img/target_6.png
45,2,831,lattice,2,e,img/target_3.png
45,2,832,lattice,3,i,img/target_8.png
45,2,833,lattice,1,w,img/target_2.png
45,2,834,lattice,2,e,img/target_3.png
45,2,835,lattice,0,o,img/target_9.png
45,2,836,lattice,2,e,img/target_3.png
45,2,837,lattice,0,o,img/target_9.png
45,2,838,lattice,8,p,img/target_10.png
45,2,839,lattice,6,r,img/target_4.png
45,2,840,lattice,7,v,img/target_5.png
45,2,841,lattice,5,u,img/target_7.png
45,2,842,lattice,6,r,img/target_4.png
45,2,843,lattice,5,u,img/target_7.png
45,2,844,lattice,4,b,img/target_6.png
45,2,845,lattice,2,e,img/target_3.png
45,2,846,lattice,1,w,img/target_2.png
45,2,847,lattice,9,q,img/target_1.png
45,2,848,lattice,0,o,img/target_9.png
45,2,849,lattice,2,e,img/target_3.png
45,2,850,lattice,4,b,img/target_6.png
45,2,851,lattice,2,e,img/target_3.png
45,2,852,lattice,4,b,img/target_6.png
45,2,853,lattice,6,r,img/target_4.png
45,2,854,lattice,4,b,img/target_6.png
45,2,855,lattice,5,u,img/target_7.png
45,2,856,lattice,4,b,img/target_6.png
45,2,857,lattice,5,u,img/target_7.png
45,2,858,lattice,7,v,img/target_5.png
45,2,859,lattice,9,q,img/target_1.png
45,2,860,lattice,7,v,img/target_5.png
45,2,861,lattice,6,r,img/target_4.png
45,2,862,lattice,4,b,img/target_6.png
45,2,863,lattice,3,i,img/target_8.png
45,2,864,lattice,1,w,img/target_2.png
45,2,865,lattice,2,e,img/target_3.png
45,2,866,lattice,1,w,img/target_2.png
45,2,867,lattice,0,o,img/target_9.png
45,2,868,lattice,8,p,img/target_10.png
45,2,869,lattice,6,r,img/target_4.png
45,2,870,lattice,7,v,img/target_5.png
45,2,871,lattice,6,r,img/target_4.png
45,2,872,lattice,4,b,img/target_6.png
45,2,873,lattice,3,i,img/target_8.png
45,2,874,lattice,2,e,img/target_3.png
45,2,875,lattice,0,o,img/target_9.png
45,2,876,lattice,2,e,img/target_3.png
45,2,877,lattice,4,b,img/target_6.png
45,2,878,lattice,2,e,img/target_3.png
45,2,879,lattice,0,o,img/target_9.png
45,2,880,lattice,8,p,img/target_10.png
45,2,881,lattice,6,r,img/target_4.png
45,2,882,lattice,4,b,img/target_6.png
45,2,883,lattice,2,e,img/target_3.png
45,2,884,lattice,4,b,img/target_6.png
45,2,885,lattice,5,u,img/target_7.png
45,2,886,lattice,3,i,img/target_8.png
45,2,887,lattice,1,w,img/target_2.png
45,2,888,lattice,3,i,img/target_8.png
45,2,889,lattice,5,u,img/target_7.png
45,2,890,lattice,3,i,img/target_8.png
45,2,891,lattice,1,w,img/target_2.png
45,2,892,lattice,0,o,img/target_9.png
45,2,893,lattice,1,w,img/target_2.png
45,2,894,lattice,3,i,img/target_8.png
45,2,895,lattice,4,b,img/target_6.png
45,2,896,lattice,6,r,img/target_4.png
45,2,897,lattice,4,b,img/target_6.png
45,2,898,lattice,5,u,img/target_7.png
45,2,899,lattice,7,v,img/target_5.png
45,2,900,lattice,6,r,img/target_4.png
45,2,901,lattice,8,p,img/target_10.png
45,2,902,lattice,0,o,img/target_9.png
45,2,903,lattice,2,e,img/target_3.png
45,2,904,lattice,1,w,img/target_2.png
45,2,905,lattice,9,q,img/target_1.png
45,2,906,lattice,1,w,img/target_2.png
45,2,907,lattice,3,i,img/target_8.png
45,2,908,lattice,2,e,img/target_3.png
45,2,909,lattice,1,w,img/target_2.png
45,2,910,lattice,2,e,img/target_3.png
45,2,911,lattice,0,o,img/target_9.png
45,2,912,lattice,2,e,img/target_3.png
45,2,913,lattice,3,i,img/target_8.png
45,2,914,lattice,2,e,img/target_3.png
45,2,915,lattice,3,i,img/target_8.png
45,2,916,lattice,2,e,img/target_3.png
45,2,917,lattice,0,o,img/target_9.png
45,2,918,lattice,8,p,img/target_10.png
45,2,919,lattice,6,r,img/target_4.png
45,2,920,lattice,7,v,img/target_5.png
45,2,921,lattice,6,r,img/target_4.png
45,2,922,lattice,5,u,img/target_7.png
45,2,923,lattice,6,r,img/target_4.png
45,2,924,lattice,4,b,img/target_6.png
45,2,925,lattice,6,r,img/target_4.png
45,2,926,lattice,7,v,img/target_5.png
45,2,927,lattice,5,u,img/target_7.png
45,2,928,lattice,7,v,img/target_5.png
45,2,929,lattice,8,p,img/target_10.png
45,2,930,lattice,0,o,img/target_9.png
45,2,931,lattice,2,e,img/target_3.png
45,2,932,lattice,1,w,img/target_2.png
45,2,933,lattice,9,q,img/target_1.png
45,2,934,lattice,1,w,img/target_2.png
45,2,935,lattice,9,q,img/target_1.png
45,2,936,lattice,0,o,img/target_9.png
45,2,937,lattice,9,q,img/target_1.png
45,2,938,lattice,8,p,img/target_10.png
45,2,939,lattice,6,r,img/target_4.png
45,2,940,lattice,8,p,img/target_10.png
45,2,941,lattice,6,r,img/target_4.png
45,2,942,lattice,5,u,img/target_7.png
45,2,943,lattice,3,i,img/target_8.png
45,2,944,lattice,1,w,img/target_2.png
45,2,945,lattice,9,q,img/target_1.png
45,2,946,lattice,0,o,img/target_9.png
45,2,947,lattice,1,w,img/target_2.png
45,2,948,lattice,0,o,img/target_9.png
45,2,949,lattice,9,q,img/target_1.png
45,2,950,lattice,8,p,img/target_10.png
45,2,951,lattice,7,v,img/target_5.png
45,2,952,lattice,9,q,img/target_1.png
45,2,953,lattice,8,p,img/target_10.png
45,2,954,lattice,7,v,img/target_5.png
45,2,955,lattice,8,p,img/target_10.png
45,2,956,lattice,0,o,img/target_9.png
45,2,957,lattice,8,p,img/target_10.png
45,2,958,lattice,6,r,img/target_4.png
45,2,959,lattice,7,v,img/target_5.png
45,2,960,lattice,6,r,img/target_4.png
45,2,961,lattice,7,v,img/target_5.png
45,2,962,lattice,9,q,img/target_1.png
45,2,963,lattice,8,p,img/target_10.png
45,2,964,lattice,7,v,img/target_5.png
45,2,965,lattice,9,q,img/target_1.png
45,2,966,lattice,8,p,img/target_10.png
45,2,967,lattice,6,r,img/target_4.png
45,2,968,lattice,7,v,img/target_5.png
45,2,969,lattice,9,q,img/target_1.png
45,2,970,lattice,0,o,img/target_9.png
45,2,971,lattice,1,w,img/target_2.png
45,2,972,lattice,9,q,img/target_1.png
45,2,973,lattice,1,w,img/target_2.png
45,2,974,lattice,9,q,img/target_1.png
45,2,975,lattice,1,w,img/target_2.png
45,2,976,lattice,9,q,img/target_1.png
45,2,977,lattice,0,o,img/target_9.png
45,2,978,lattice,2,e,img/target_3.png
45,2,979,lattice,0,o,img/target_9.png
45,2,980,lattice,2,e,img/target_3.png
45,2,981,lattice,3,i,img/target_8.png
45,2,982,lattice,5,u,img/target_7.png
45,2,983,lattice,7,v,img/target_5.png
45,2,984,lattice,6,r,img/target_4.png
45,2,985,lattice,4,b,img/target_6.png
45,2,986,lattice,6,r,img/target_4.png
45,2,987,lattice,7,v,img/target_5.png
45,2,988,lattice,6,r,img/target_4.png
45,2,989,lattice,4,b,img/target_6.png
45,2,990,lattice,5,u,img/target_7.png
45,2,991,lattice,6,r,img/target_4.png
45,2,992,lattice,8,p,img/target_10.png
45,2,993,lattice,0,o,img/target_9.png
45,2,994,lattice,1,w,img/target_2.png
45,2,995,lattice,0,o,img/target_9.png
45,2,996,lattice,1,w,img/target_2.png
45,2,997,lattice,3,i,img/target_8.png
45,2,998,lattice,2,e,img/target_3.png
45,2,999,lattice,3,i,img/target_8.png
45,2,1000,lattice,2,e,img/target_3.png
