pID,sess,trialNum,graph,walk,resp,path
45,3,1,lattice,0,o,img/target_9.png
45,3,2,lattice,2,e,img/target_3.png
45,3,3,lattice,4,b,img/target_6.png
45,3,4,lattice,3,i,img/target_8.png
45,3,5,lattice,4,b,img/target_6.png
45,3,6,lattice,5,u,img/target_7.png
45,3,7,lattice,3,i,img/target_8.png
45,3,8,lattice,5,u,img/target_7.png
45,3,9,lattice,7,v,img/target_5.png
45,3,10,lattice,6,r,img/target_4.png
45,3,11,lattice,4,b,img/target_6.png
45,3,12,lattice,3,i,img/target_8.png
45,3,13,lattice,1,w,img/target_2.png
45,3,14,lattice,2,e,img/target_3.png
45,3,15,lattice,4,b,img/target_6.png
45,3,16,lattice,5,u,img/target_7.png
45,3,17,lattice,4,b,img/target_6.png
45,3,18,lattice,6,r,img/target_4.png
45,3,19,lattice,5,u,img/target_7.png
45,3,20,lattice,4,b,img/target_6.png
45,3,21,lattice,3,i,img/target_8.png
45,3,22,lattice,1,w,img/target_2.png
45,3,23,lattice,0,o,img/target_9.png
45,3,24,lattice,2,e,img/target_3.png
45,3,25,lattice,4,b,img/target_6.png
45,3,26,lattice,5,u,img/target_7.png
45,3,27,lattice,6,r,img/target_4.png
45,3,28,lattice,8,p,img/target_10.png
45,3,29,lattice,6,r,img/target_4.png
45,3,30,lattice,4,b,img/target_6.png
45,3,31,lattice,6,r,img/target_4.png
45,3,32,lattice,5,u,img/target_7.png
45,3,33,lattice,6,r,img/target_4.png
45,3,34,lattice,4,b,img/target_6.png
45,3,35,lattice,3,i,img/target_8.png
45,3,36,lattice,4,b,img/target_6.png
45,3,37,lattice,5,u,img/target_7.png
45,3,38,lattice,6,r,img/target_4.png
45,3,39,lattice,4,b,img/target_6.png
45,3,40,lattice,6,r,img/target_4.png
45,3,41,lattice,4,b,img/target_6.png
45,3,42,lattice,5,u,img/target_7.png
45,3,43,lattice,7,v,img/target_5.png
45,3,44,lattice,8,p,img/target_10.png
45,3,45,lattice,9,q,img/target_1.png
45,3,46,lattice,7,v,img/target_5.png
45,3,47,lattice,5,u,img/target_7.png
45,3,48,lattice,3,i,img/target_8.png
45,3,49,lattice,4,b,img/target_6.png
45,3,50,lattice,2,e,img/target_3.png
45,3,51,lattice,3,i,img/target_8.png
45,3,52,lattice,1,w,img/target_2.png
45,3,53,lattice,2,e,img/target_3.png
45,3,54,lattice,1,w,img/target_2.png
45,3,55,lattice,2,e,img/target_3.png
45,3,56,lattice,0,o,img/target_9.png
45,3,57,lattice,8,p,img/target_10.png
45,3,58,lattice,0,o,img/target_9.png
45,3,59,lattice,8,p,img/target_10.png
45,3,60,lattice,9,q,img/target_1.png
45,3,61,lattice,7,v,img/target_5.png
45,3,62,lattice,8,p,img/target_10.png
45,3,63,lattice,6,r,img/target_4.png
45,3,64,lattice,4,b,img/target_6.png
45,3,65,lattice,6,r,img/target_4.png
45,3,66,lattice,4,b,img/target_6.png
45,3,67,lattice,5,u,img/target_7.png
45,3,68,lattice,3,i,img/target_8.png
45,3,69,lattice,4,b,img/target_6.png
45,3,70,lattice,5,u,img/target_7.png
45,3,71,lattice,7,v,img/target_5.png
45,3,72,lattice,8,p,img/target_10.png
45,3,73,lattice,6,r,img/target_4.png
45,3,74,lattice,5,u,img/target_7.png
45,3,75,lattice,7,v,img/target_5.png
45,3,76,lattice,6,r,img/target_4.png
45,3,77,lattice,7,v,img/target_5.png
45,3,78,lattice,8,p,img/target_10.png
45,3,79,lattice,9,q,img/target_1.png
45,3,80,lattice,7,v,img/target_5.png
45,3,81,lattice,8,p,img/target_10.png
45,3,82,lattice,6,r,img/target_4.png
45,3,83,lattice,5,u,img/target_7.png
45,3,84,lattice,7,v,img/target_5.png
45,3,85,lattice,8,p,img/target_10.png
45,3,86,lattice,6,r,img/target_4.png
45,3,87,lattice,8,p,img/target_10.png
45,3,88,lattice,6,r,img/target_4.png
45,3,89,lattice,8,p,img/target_10.png
45,3,90,lattice,6,r,img/target_4.png
45,3,91,lattice,4,b,img/target_6.png
45,3,92,lattice,3,i,img/target_8.png
45,3,93,lattice,4,b,img/target_6.png
45,3,94,lattice,5,u,img/target_7.png
45,3,95,lattice,6,r,img/target_4.png
45,3,96,lattice,7,v,img/target_5.png
45,3,97,lattice,8,p,img/target_10.png
45,3,98,lattice,7,v,img/target_5.png
45,3,99,lattice,6,r,img/target_4.png
45,3,100,lattice,7,v,img/target_5.png
45,3,101,lattice,5,u,img/target_7.png
45,3,102,lattice,3,i,img/target_8.png
45,3,103,lattice,1,w,img/target_2.png
45,3,104,lattice,3,i,img/target_8.png
45,3,105,lattice,4,b,img/target_6.png
45,3,106,lattice,2,e,img/target_3.png
45,3,107,lattice,4,b,img/target_6.png
45,3,108,lattice,3,i,img/target_8.png
45,3,109,lattice,1,w,img/target_2.png
45,3,110,lattice,2,e,img/target_3.png
45,3,111,lattice,3,i,img/target_8.png
45,3,112,lattice,2,e,img/target_3.png
45,3,113,lattice,0,o,img/target_9.png
45,3,114,lattice,1,w,img/target_2.png
45,3,115,lattice,9,q,img/target_1.png
45,3,116,lattice,8,p,img/target_10.png
45,3,117,lattice,7,v,img/target_5.png
45,3,118,lattice,6,r,img/target_4.png
45,3,119,lattice,4,b,img/target_6.png
45,3,120,lattice,3,i,img/target_8.png
45,3,121,lattice,1,w,img/target_2.png
45,3,122,lattice,3,i,img/target_8.png
45,3,123,lattice,4,b,img/target_6.png
45,3,124,lattice,6,r,img/target_4.png
45,3,125,lattice,4,b,img/target_6.png
45,3,126,lattice,2,e,img/target_3.png
45,3,127,lattice,1,w,img/target_2.png
45,3,128,lattice,0,o,img/target_9.png
45,3,129,lattice,2,e,img/target_3.png
45,3,130,lattice,3,i,img/target_8.png
45,3,131,lattice,5,u,img/target_7.png
45,3,132,lattice,4,b,img/target_6.png
45,3,133,lattice,3,i,img/target_8.png
45,3,134,lattice,1,w,img/target_2.png
45,3,135,lattice,3,i,img/target_8.png
45,3,136,lattice,2,e,img/target_3.png
45,3,137,lattice,1,w,img/target_2.png
45,3,138,lattice,2,e,img/target_3.png
45,3,139,lattice,0,o,img/target_9.png
45,3,140,lattice,9,q,img/target_1.png
45,3,141,lattice,0,o,img/target_9.png
45,3,142,lattice,2,e,img/target_3.png
45,3,143,lattice,4,b,img/target_6.png
45,3,144,lattice,3,i,img/target_8.png
45,3,145,lattice,2,e,img/target_3.png
45,3,146,lattice,4,b,img/target_6.png
45,3,147,lattice,5,u,img/target_7.png
45,3,148,lattice,7,v,img/target_5.png
45,3,149,lattice,8,p,img/target_10.png
45,3,150,lattice,9,q,img/target_1.png
45,3,151,lattice,1,w,img/target_2.png
45,3,152,lattice,9,q,img/target_1.png
45,3,153,lattice,7,v,img/target_5.png
45,3,154,lattice,6,r,img/target_4.png
45,3,155,lattice,5,u,img/target_7.png
45,3,156,lattice,7,v,img/target_5.png
45,3,157,lattice,9,q,img/target_1.png
45,3,158,lattice,8,p,img/target_10.png
45,3,159,lattice,6,r,img/target_4.png
45,3,160,lattice,5,u,img/target_7.png
45,3,161,lattice,6,r,img/target_4.png
45,3,162,lattice,5,u,img/target_7.png
45,3,163,lattice,4,b,img/target_6.png
45,3,164,lattice,6,r,img/target_4.png
45,3,165,lattice,8,p,img/target_10.png
45,3,166,lattice,7,v,img/target_5.png
45,3,167,lattice,6,r,img/target_4.png
45,3,168,lattice,4,b,img/target_6.png
45,3,169,lattice,2,e,img/target_3.png
45,3,170,lattice,0,o,img/target_9.png
45,3,171,lattice,1,w,img/target_2.png
45,3,172,lattice,3,i,img/target_8.png
45,3,173,lattice,4,b,img/target_6.png
45,3,174,lattice,2,e,img/target_3.png
45,3,175,lattice,1,w,img/target_2.png
45,3,176,lattice,3,i,img/target_8.png
45,3,177,lattice,1,w,img/target_2.png
45,3,178,lattice,0,o,img/target_9.png
45,3,179,lattice,8,p,img/target_10.png
45,3,180,lattice,6,r,img/target_4.png
45,3,181,lattice,5,u,img/target_7.png
45,3,182,lattice,3,i,img/target_8.png
45,3,183,lattice,2,e,img/target_3.png
45,3,184,lattice,3,i,img/target_8.png
45,3,185,lattice,5,u,img/target_7.png
45,3,186,lattice,7,v,img/target_5.png
45,3,187,lattice,9,q,img/target_1.png
45,3,188,lattice,8,p,img/target_10.png
45,3,189,lattice,0,o,img/target_9.png
45,3,190,lattice,8,p,img/target_10.png
45,3,191,lattice,6,r,img/target_4.png
45,3,192,lattice,8,p,img/target_10.png
45,3,193,lattice,9,q,img/target_1.png
45,3,194,lattice,7,v,img/target_5.png
45,3,195,lattice,5,u,img/target_7.png
45,3,196,lattice,7,v,img/target_5.png
45,3,197,lattice,5,u,img/target_7.png
45,3,198,lattice,3,i,img/target_8.png
45,3,199,lattice,1,w,img/target_2.png
45,3,200,lattice,9,q,img/target_1.png
45,3,201,lattice,7,v,img/target_5.png
45,3,202,lattice,6,r,img/target_4.png
45,3,203,lattice,4,b,img/target_6.png
45,3,204,lattice,2,e,img/target_3.png
45,3,205,lattice,3,i,img/target_8.png
45,3,206,lattice,4,b,img/target_6.png
45,3,207,lattice,2,e,img/target_3.png
45,3,208,lattice,4,b,img/target_6.png
45,3,209,lattice,5,u,img/target_7.png
45,3,210,lattice,7,v,img/target_5.png
45,3,211,lattice,5,u,img/target_7.png
45,3,212,lattice,3,i,img/target_8.png
45,3,213,lattice,4,b,img/target_6.png
45,3,214,lattice,5,u,img/target_7.png
45,3,215,lattice,3,i,img/target_8.png
45,3,216,lattice,4,b,img/target_6.png
45,3,217,lattice,2,e,img/target_3.png
45,3,218,lattice,4,b,img/target_6.png
45,3,219,lattice,2,e,img/target_3.png
45,3,220,lattice,1,w,img/target_2.png
45,3,221,lattice,2,e,img/target_3.png
45,3,222,lattice,3,i,img/target_8.png
45,3,223,lattice,2,e,img/target_3.png
45,3,224,lattice,1,w,img/target_2.png
45,3,225,lattice,9,q,img/target_1.png
45,3,226,lattice,7,v,img/target_5.png
45,3,227,lattice,5,u,img/target_7.png
45,3,228,lattice,4,b,img/target_6.png
45,3,229,lattice,2,e,img/target_3.png
45,3,230,lattice,1,w,img/target_2.png
45,3,231,lattice,3,i,img/target_8.png
45,3,232,lattice,5,u,img/target_7.png
45,3,233,lattice,4,b,img/target_6.png
45,3,234,lattice,2,e,img/target_3.png
45,3,235,lattice,4,b,img/target_6.png
45,3,236,lattice,5,u,img/target_7.png
45,3,237,lattice,4,b,img/target_6.png
45,3,238,lattice,2,e,img/target_3.png
45,3,239,lattice,3,i,img/target_8.png
45,3,240,lattice,4,b,img/target_6.png
45,3,241,lattice,5,u,img/target_7.png
45,3,242,lattice,3,i,img/target_8.png
45,3,243,lattice,2,e,img/target_3.png
45,3,244,lattice,1,w,img/target_2.png
45,3,245,lattice,2,e,img/target_3.png
45,3,246,lattice,3,i,img/target_8.png
45,3,247,lattice,5,u,img/target_7.png
45,3,248,lattice,7,v,img/target_5.png
45,3,249,lattice,6,r,img/target_4.png
45,3,250,lattice,8,p,img/target_10.png
45,3,251,lattice,7,v,img/target_5.png
45,3,252,lattice,5,u,img/target_7.png
45,3,253,lattice,4,b,img/target_6.png
45,3,254,lattice,5,u,img/target_7.png
45,3,255,lattice,3,i,img/target_8.png
45,3,256,lattice,2,e,img/target_3.png
45,3,257,lattice,3,i,img/target_8.png
45,3,258,lattice,1,w,img/target_2.png
45,3,259,lattice,3,i,img/target_8.png
45,3,260,lattice,1,w,img/target_2.png
45,3,261,lattice,3,i,img/target_8.png
45,3,262,lattice,4,b,img/target_6.png
45,3,263,lattice,6,r,img/target_4.png
45,3,264,lattice,5,u,img/target_7.png
45,3,265,lattice,6,r,img/target_4.png
45,3,266,lattice,4,b,img/target_6.png
45,3,267,lattice,3,i,img/target_8.png
45,3,268,lattice,2,e,img/target_3.png
45,3,269,lattice,4,b,img/target_6.png
45,3,270,lattice,2,e,img/target_3.png
45,3,271,lattice,4,b,img/target_6.png
45,3,272,lattice,5,u,img/target_7.png
45,3,273,lattice,6,r,img/target_4.png
45,3,274,lattice,4,b,img/target_6.png
45,3,275,lattice,6,r,img/target_4.png
45,3,276,lattice,7,v,img/target_5.png
45,3,277,lattice,5,u,img/target_7.png
45,3,278,lattice,3,i,img/target_8.png
45,3,279,lattice,4,b,img/target_6.png
45,3,280,lattice,2,e,img/target_3.png
45,3,281,lattice,1,w,img/target_2.png
45,3,282,lattice,0,o,img/target_9.png
45,3,283,lattice,2,e,img/target_3.png
45,3,284,lattice,3,i,img/target_8.png
45,3,285,lattice,1,w,img/target_2.png
45,3,286,lattice,3,i,img/target_8.png
45,3,287,lattice,4,b,img/target_6.png
45,3,288,lattice,2,e,img/target_3.png
45,3,289,lattice,1,w,img/target_2.png
45,3,290,lattice,2,e,img/target_3.png
45,3,291,lattice,3,i,img/target_8.png
45,3,292,lattice,4,b,img/target_6.png
45,3,293,lattice,6,r,img/target_4.png
45,3,294,lattice,4,b,img/target_6.png
45,3,295,lattice,5,u,img/target_7.png
45,3,296,lattice,7,v,img/target_5.png
45,3,297,lattice,5,u,img/target_7.png
45,3,298,lattice,6,r,img/target_4.png
45,3,299,lattice,8,p,img/target_10.png
45,3,300,lattice,9,q,img/target_1.png
45,3,301,lattice,8,p,img/target_10.png
45,3,302,lattice,9,q,img/target_1.png
45,3,303,lattice,1,w,img/target_2.png
45,3,304,lattice,0,o,img/target_9.png
45,3,305,lattice,1,w,img/target_2.png
45,3,306,lattice,0,o,img/target_9.png
45,3,307,lattice,1,w,img/target_2.png
45,3,308,lattice,2,e,img/target_3.png
45,3,309,lattice,4,b,img/target_6.png
45,3,310,lattice,3,i,img/target_8.png
45,3,311,lattice,1,w,img/target_2.png
45,3,312,lattice,3,i,img/target_8.png
45,3,313,lattice,1,w,img/target_2.png
45,3,314,lattice,3,i,img/target_8.png
45,3,315,lattice,4,b,img/target_6.png
45,3,316,lattice,6,r,img/target_4.png
45,3,317,lattice,8,p,img/target_10.png
45,3,318,lattice,6,r,img/target_4.png
45,3,319,lattice,7,v,img/target_5.png
45,3,320,lattice,9,q,img/target_1.png
45,3,321,lattice,1,w,img/target_2.png
45,3,322,lattice,9,q,img/target_1.png
45,3,323,lattice,8,p,img/target_10.png
45,3,324,lattice,7,v,img/target_5.png
45,3,325,lattice,5,u,img/target_7.png
45,3,326,lattice,4,b,img/target_6.png
45,3,327,lattice,3,i,img/target_8.png
45,3,328,lattice,5,u,img/target_7.png
45,3,329,lattice,3,i,img/target_8.png
45,3,330,lattice,2,e,img/target_3.png
45,3,331,lattice,4,b,img/target_6.png
45,3,332,lattice,6,r,img/target_4.png
45,3,333,lattice,7,v,img/target_5.png
45,3,334,lattice,9,q,img/target_1.png
45,3,335,lattice,0,o,img/target_9.png
45,3,336,lattice,9,q,img/target_1.png
45,3,337,lattice,1,w,img/target_2.png
45,3,338,lattice,0,o,img/target_9.png
45,3,339,lattice,2,e,img/target_3.png
45,3,340,lattice,3,i,img/target_8.png
45,3,341,lattice,4,b,img/target_6.png
45,3,342,lattice,5,u,img/target_7.png
45,3,343,lattice,7,v,img/target_5.png
45,3,344,lattice,8,p,img/target_10.png
45,3,345,lattice,9,q,img/target_1.png
45,3,346,lattice,7,v,img/target_5.png
45,3,347,lattice,6,r,img/target_4.png
45,3,348,lattice,5,u,img/target_7.png
45,3,349,lattice,6,r,img/target_4.png
45,3,350,lattice,8,p,img/target_10.png
45,3,351,lattice,6,r,img/target_4.png
45,3,352,lattice,4,b,img/target_6.png
45,3,353,lattice,6,r,img/target_4.png
45,3,354,lattice,7,v,img/target_5.png
45,3,355,lattice,5,u,img/target_7.png
45,3,356,lattice,7,v,img/target_5.png
45,3,357,lattice,9,q,img/target_1.png
45,3,358,lattice,1,w,img/target_2.png
45,3,359,lattice,3,i,img/target_8.png
45,3,360,lattice,1,w,img/target_2.png
45,3,361,lattice,0,o,img/target_9.png
45,3,362,lattice,8,p,img/target_10.png
45,3,363,lattice,0,o,img/target_9.png
45,3,364,lattice,1,w,img/target_2.png
45,3,365,lattice,3,i,img/target_8.png
45,3,366,lattice,4,b,img/target_6.png
45,3,367,lattice,2,e,img/target_3.png
45,3,368,lattice,0,o,img/target_9.png
45,3,369,lattice,9,q,img/target_1.png
45,3,370,lattice,0,o,img/target_9.png
45,3,371,lattice,2,e,img/target_3.png
45,3,372,lattice,4,b,img/target_6.png
45,3,373,lattice,2,e,img/target_3.png
45,3,374,lattice,1,w,img/target_2.png
45,3,375,lattice,9,q,img/target_1.png
45,3,376,lattice,8,p,img/target_10.png
45,3,377,lattice,6,r,img/target_4.png
45,3,378,lattice,8,p,img/target_10.png
45,3,379,lattice,9,q,img/target_1.png
45,3,380,lattice,1,w,img/target_2.png
45,3,381,lattice,0,o,img/target_9.png
45,3,382,lattice,2,e,img/target_3.png
45,3,383,lattice,4,b,img/target_6.png
45,3,384,lattice,2,e,img/target_3.png
45,3,385,lattice,3,i,img/target_8.png
45,3,386,lattice,4,b,img/target_6.png
45,3,387,lattice,5,u,img/target_7.png
45,3,388,lattice,7,v,img/target_5.png
45,3,389,lattice,9,q,img/target_1.png
45,3,390,lattice,0,o,img/target_9.png
45,3,391,lattice,8,p,img/target_10.png
45,3,392,lattice,6,r,img/target_4.png
45,3,393,lattice,5,u,img/target_7.png
45,3,394,lattice,7,v,img/target_5.png
45,3,395,lattice,6,r,img/target_4.png
45,3,396,lattice,4,b,img/target_6.png
45,3,397,lattice,2,e,img/target_3.png
45,3,398,lattice,0,o,img/target_9.png
45,3,399,lattice,9,q,img/target_1.png
45,3,400,lattice,0,o,img/target_9.png
45,3,401,lattice,1,w,img/target_2.png
45,3,402,lattice,0,o,img/target_9.png
45,3,403,lattice,8,p,img/target_10.png
45,3,404,lattice,0,o,img/target_9.png
45,3,405,lattice,8,p,img/target_10.png
45,3,406,lattice,7,v,img/target_5.png
45,3,407,lattice,9,q,img/target_1.png
45,3,408,lattice,1,w,img/target_2.png
45,3,409,lattice,9,q,img/target_1.png
45,3,410,lattice,0,o,img/target_9.png
45,3,411,lattice,1,w,img/target_2.png
45,3,412,lattice,3,i,img/target_8.png
45,3,413,lattice,2,e,img/target_3.png
45,3,414,lattice,0,o,img/target_9.png
45,3,415,lattice,8,p,img/target_10.png
45,3,416,lattice,9,q,img/target_1.png
45,3,417,lattice,1,w,img/target_2.png
45,3,418,lattice,9,q,img/target_1.png
45,3,419,lattice,1,w,img/target_2.png
45,3,420,lattice,9,q,img/target_1.png
45,3,421,lattice,7,v,img/target_5.png
45,3,422,lattice,5,u,img/target_7.png
45,3,423,lattice,4,b,img/target_6.png
45,3,424,lattice,6,r,img/target_4.png
45,3,425,lattice,5,u,img/target_7.png
45,3,426,lattice,6,r,img/target_4.png
45,3,427,lattice,7,v,img/target_5.png
45,3,428,lattice,5,u,img/target_7.png
45,3,429,lattice,3,i,img/target_8.png
45,3,430,lattice,4,b,img/target_6.png
45,3,431,lattice,5,u,img/target_7.png
45,3,432,lattice,3,i,img/target_8.png
45,3,433,lattice,2,e,img/target_3.png
45,3,434,lattice,3,i,img/target_8.png
45,3,435,lattice,4,b,img/target_6.png
45,3,436,lattice,6,r,img/target_4.png
45,3,437,lattice,7,v,img/target_5.png
45,3,438,lattice,6,r,img/target_4.png
45,3,439,lattice,5,u,img/target_7.png
45,3,440,lattice,7,v,img/target_5.png
45,3,441,lattice,9,q,img/target_1.png
45,3,442,lattice,8,p,img/target_10.png
45,3,443,lattice,7,v,img/target_5.png
45,3,444,lattice,5,u,img/target_7.png
45,3,445,lattice,6,r,img/target_4.png
45,3,446,lattice,7,v,img/target_5.png
45,3,447,lattice,6,r,img/target_4.png
45,3,448,lattice,5,u,img/target_7.png
45,3,449,lattice,6,r,img/target_4.png
45,3,450,lattice,8,p,img/target_10.png
45,3,451,lattice,9,q,img/target_1.png
45,3,452,lattice,8,p,img/target_10.png
45,3,453,lattice,6,r,img/target_4.png
45,3,454,lattice,7,v,img/target_5.png
45,3,455,lattice,8,p,img/target_10.png
45,3,456,lattice,9,q,img/target_1.png
45,3,457,lattice,8,p,img/target_10.png
45,3,458,lattice,6,r,img/target_4.png
45,3,459,lattice,7,v,img/target_5.png
45,3,460,lattice,5,u,img/target_7.png
45,3,461,lattice,6,r,img/target_4.png
45,3,462,lattice,5,u,img/target_7.png
45,3,463,lattice,7,v,img/target_5.png
45,3,464,lattice,6,r,img/target_4.png
45,3,465,lattice,7,v,img/target_5.png
45,3,466,lattice,8,p,img/target_10.png
45,3,467,lattice,0,o,img/target_9.png
45,3,468,lattice,1,w,img/target_2.png
45,3,469,lattice,2,e,img/target_3.png
45,3,470,lattice,0,o,img/target_9.png
45,3,471,lattice,2,e,img/target_3.png
45,3,472,lattice,3,i,img/target_8.png
45,3,473,lattice,4,b,img/target_6.png
45,3,474,lattice,6,r,img/target_4.png
45,3,475,lattice,7,v,img/target_5.png
45,3,476,lattice,6,r,img/target_4.png
45,3,477,lattice,5,u,img/target_7.png
45,3,478,lattice,4,b,img/target_6.png
45,3,479,lattice,5,u,img/target_7.png
45,3,480,lattice,3,i,img/target_8.png
45,3,481,lattice,4,b,img/target_6.png
45,3,482,lattice,6,r,img/target_4.png
45,3,483,lattice,5,u,img/target_7.png
45,3,484,lattice,3,i,img/target_8.png
45,3,485,lattice,5,u,img/target_7.png
45,3,486,lattice,4,b,img/target_6.png
45,3,487,lattice,6,r,img/target_4.png
45,3,488,lattice,7,v,img/target_5.png
45,3,489,lattice,5,u,img/target_7.png
45,3,490,lattice,4,b,img/target_6.png
45,3,491,lattice,5,u,img/target_7.png
45,3,492,lattice,6,r,img/target_4.png
45,3,493,lattice,8,p,img/target_10.png
45,3,494,lattice,7,v,img/target_5.png
45,3,495,lattice,6,r,img/target_4.png
45,3,496,lattice,4,b,img/target_6.png
45,3,497,lattice,3,i,img/target_8.png
45,3,498,lattice,5,u,img/target_7.png
45,3,499,lattice,7,v,img/target_5.png
45,3,500,lattice,8,p,img/target_10.png
45,3,501,lattice,7,v,img/target_5.png
45,3,502,lattice,9,q,img/target_1.png
45,3,503,lattice,7,v,img/target_5.png
45,3,504,lattice,5,u,img/target_7.png
45,3,505,lattice,4,b,img/target_6.png
45,3,506,lattice,6,r,img/target_4.png
45,3,507,lattice,5,u,img/target_7.png
45,3,508,lattice,4,b,img/target_6.png
45,3,509,lattice,3,i,img/target_8.png
45,3,510,lattice,1,w,img/target_2.png
45,3,511,lattice,3,i,img/target_8.png
45,3,512,lattice,1,w,img/target_2.png
45,3,513,lattice,2,e,img/target_3.png
45,3,514,lattice,0,o,img/target_9.png
45,3,515,lattice,8,p,img/target_10.png
45,3,516,lattice,9,q,img/target_1.png
45,3,517,lattice,7,v,img/target_5.png
45,3,518,lattice,8,p,img/target_10.png
45,3,519,lattice,0,o,img/target_9.png
45,3,520,lattice,9,q,img/target_1.png
45,3,521,lattice,7,v,img/target_5.png
45,3,522,lattice,9,q,img/target_1.png
45,3,523,lattice,1,w,img/target_2.png
45,3,524,lattice,0,o,img/target_9.png
45,3,525,lattice,8,p,img/target_10.png
45,3,526,lattice,7,v,img/target_5.png
45,3,527,lattice,5,u,img/target_7.png
45,3,528,lattice,3,i,img/target_8.png
45,3,529,lattice,5,u,img/target_7.png
45,3,530,lattice,7,v,img/target_5.png
45,3,531,lattice,5,u,img/target_7.png
45,3,532,lattice,6,r,img/target_4.png
45,3,533,lattice,7,v,img/target_5.png
45,3,534,lattice,9,q,img/target_1.png
45,3,535,lattice,0,o,img/target_9.png
45,3,536,lattice,8,p,img/target_10.png
45,3,537,lattice,6,r,img/target_4.png
45,3,538,lattice,7,v,img/target_5.png
45,3,539,lattice,6,r,img/target_4.png
45,3,540,lattice,5,u,img/target_7.png
45,3,541,lattice,4,b,img/target_6.png
45,3,542,lattice,2,e,img/target_3.png
45,3,543,lattice,4,b,img/target_6.png
45,3,544,lattice,3,i,img/target_8.png
45,3,545,lattice,1,w,img/target_2.png
45,3,546,lattice,2,e,img/target_3.png
45,3,547,lattice,4,b,img/target_6.png
45,3,548,lattice,3,i,img/target_8.png
45,3,549,lattice,5,u,img/target_7.png
45,3,550,lattice,7,v,img/target_5.png
45,3,551,lattice,9,q,img/target_1.png
45,3,552,lattice,8,p,img/target_10.png
45,3,553,lattice,6,r,img/target_4.png
45,3,554,lattice,5,u,img/target_7.png
45,3,555,lattice,4,b,img/target_6.png
45,3,556,lattice,3,i,img/target_8.png
45,3,557,lattice,1,w,img/target_2.png
45,3,558,lattice,3,i,img/target_8.png
45,3,559,lattice,1,w,img/target_2.png
45,3,560,lattice,3,i,img/target_8.png
45,3,561,lattice,2,e,img/target_3.png
45,3,562,lattice,0,o,img/target_9.png
45,3,563,lattice,2,e,img/target_3.png
45,3,564,lattice,4,b,img/target_6.png
45,3,565,lattice,5,u,img/target_7.png
45,3,566,lattice,6,r,img/target_4.png
45,3,567,lattice,5,u,img/target_7.png
45,3,568,lattice,3,i,img/target_8.png
45,3,569,lattice,4,b,img/target_6.png
45,3,570,lattice,2,e,img/target_3.png
45,3,571,lattice,0,o,img/target_9.png
45,3,572,lattice,9,q,img/target_1.png
45,3,573,lattice,7,v,img/target_5.png
45,3,574,lattice,6,r,img/target_4.png
45,3,575,lattice,4,b,img/target_6.png
45,3,576,lattice,5,u,img/target_7.png
45,3,577,lattice,3,i,img/target_8.png
45,3,578,lattice,2,e,img/target_3.png
45,3,579,lattice,4,b,img/target_6.png
45,3,580,lattice,6,r,img/target_4.png
45,3,581,lattice,8,p,img/target_10.png
45,3,582,lattice,0,o,img/target_9.png
45,3,583,lattice,1,w,img/target_2.png
45,3,584,lattice,0,o,img/target_9.png
45,3,585,lattice,8,p,img/target_10.png
45,3,586,lattice,6,r,img/target_4.png
45,3,587,lattice,7,v,img/target_5.png
45,3,588,lattice,8,p,img/target_10.png
45,3,589,lattice,0,o,img/target_9.png
45,3,590,lattice,1,w,img/target_2.png
45,3,591,lattice,3,i,img/target_8.png
45,3,592,lattice,2,e,img/target_3.png
45,3,593,lattice,1,w,img/target_2.png
45,3,594,lattice,9,q,img/target_1.png
45,3,595,lattice,8,p,img/target_10.png
45,3,596,lattice,0,o,img/target_9.png
45,3,597,lattice,9,q,img/target_1.png
45,3,598,lattice,8,p,img/target_10.png
45,3,599,lattice,9,q,img/target_1.png
45,3,600,lattice,0,o,img/target_9.png
45,3,601,lattice,8,p,img/target_10.png
45,3,602,lattice,7,v,img/target_5.png
45,3,603,lattice,5,u,img/target_7.png
45,3,604,lattice,6,r,img/target_4.png
45,3,605,lattice,4,b,img/target_6.png
45,3,606,lattice,3,i,img/target_8.png
45,3,607,lattice,5,u,img/target_7.png
45,3,608,lattice,6,r,img/target_4.png
45,3,609,lattice,8,p,img/target_10.png
45,3,610,lattice,0,o,img/target_9.png
45,3,611,lattice,8,p,img/target_10.png
45,3,612,lattice,9,q,img/target_1.png
45,3,613,lattice,8,p,img/target_10.png
45,3,614,lattice,0,o,img/target_9.png
45,3,615,lattice,8,p,img/target_10.png
45,3,616,lattice,9,q,img/target_1.png
45,3,617,lattice,8,p,img/target_10.png
45,3,618,lattice,0,o,img/target_9.png
45,3,619,lattice,9,q,img/target_1.png
45,3,620,lattice,8,p,img/target_10.png
45,3,621,lattice,0,o,img/target_9.png
45,3,622,lattice,2,e,img/target_3.png
45,3,623,lattice,0,o,img/target_9.png
45,3,624,lattice,2,e,img/target_3.png
45,3,625,lattice,0,o,img/target_9.png
45,3,626,lattice,8,p,img/target_10.png
45,3,627,lattice,6,r,img/target_4.png
45,3,628,lattice,5,u,img/target_7.png
45,3,629,lattice,4,b,img/target_6.png
45,3,630,lattice,5,u,img/target_7.png
45,3,631,lattice,4,b,img/target_6.png
45,3,632,lattice,5,u,img/target_7.png
45,3,633,lattice,7,v,img/target_5.png
45,3,634,lattice,5,u,img/target_7.png
45,3,635,lattice,4,b,img/target_6.png
45,3,636,lattice,6,r,img/target_4.png
45,3,637,lattice,8,p,img/target_10.png
45,3,638,lattice,6,r,img/target_4.png
45,3,639,lattice,7,v,img/target_5.png
45,3,640,lattice,8,p,img/target_10.png
45,3,641,lattice,0,o,img/target_9.png
45,3,642,lattice,8,p,img/target_10.png
45,3,643,lattice,0,o,img/target_9.png
45,3,644,lattice,8,p,img/target_10.png
45,3,645,lattice,9,q,img/target_1.png
45,3,646,lattice,8,p,img/target_10.png
45,3,647,lattice,6,r,img/target_4.png
45,3,648,lattice,5,u,img/target_7.png
45,3,649,lattice,4,b,img/target_6.png
45,3,650,lattice,2,e,img/target_3.png
45,3,651,lattice,3,i,img/target_8.png
45,3,652,lattice,4,b,img/target_6.png
45,3,653,lattice,5,u,img/target_7.png
45,3,654,lattice,6,r,img/target_4.png
45,3,655,lattice,8,p,img/target_10.png
45,3,656,lattice,9,q,img/target_1.png
45,3,657,lattice,7,v,img/target_5.png
45,3,658,lattice,8,p,img/target_10.png
45,3,659,lattice,0,o,img/target_9.png
45,3,660,lattice,1,w,img/target_2.png
45,3,661,lattice,3,i,img/target_8.png
45,3,662,lattice,2,e,img/target_3.png
45,3,663,lattice,4,b,img/target_6.png
45,3,664,lattice,5,u,img/target_7.png
45,3,665,lattice,3,i,img/target_8.png
45,3,666,lattice,4,b,img/target_6.png
45,3,667,lattice,3,i,img/target_8.png
45,3,668,lattice,2,e,img/target_3.png
45,3,669,lattice,1,w,img/target_2.png
45,3,670,lattice,9,q,img/target_1.png
45,3,671,lattice,7,v,img/target_5.png
45,3,672,lattice,9,q,img/target_1.png
45,3,673,lattice,7,v,img/target_5.png
45,3,674,lattice,8,p,img/target_10.png
45,3,675,lattice,0,o,img/target_9.png
45,3,676,lattice,8,p,img/target_10.png
45,3,677,lattice,0,o,img/target_9.png
45,3,678,lattice,2,e,img/target_3.png
45,3,679,lattice,0,o,img/target_9.png
45,3,680,lattice,2,e,img/target_3.png
45,3,681,lattice,1,w,img/target_2.png
45,3,682,lattice,9,q,img/target_1.png
45,3,683,lattice,1,w,img/target_2.png
45,3,684,lattice,2,e,img/target_3.png
45,3,685,lattice,3,i,img/target_8.png
45,3,686,lattice,2,e,img/target_3.png
45,3,687,lattice,3,i,img/target_8.png
45,3,688,lattice,4,b,img/target_6.png
45,3,689,lattice,3,i,img/target_8.png
45,3,690,lattice,4,b,img/target_6.png
45,3,691,lattice,5,u,img/target_7.png
45,3,692,lattice,6,r,img/target_4.png
45,3,693,lattice,7,v,img/target_5.png
45,3,694,lattice,6,r,img/target_4.png
45,3,695,lattice,5,u,img/target_7.png
45,3,696,lattice,6,r,img/target_4.png
45,3,697,lattice,5,u,img/target_7.png
45,3,698,lattice,7,v,img/target_5.png
45,3,699,lattice,9,q,img/target_1.png
45,3,700,lattice,8,p,img/target_10.png
45,3,701,lattice,6,r,img/target_4.png
45,3,702,lattice,4,b,img/target_6.png
45,3,703,lattice,2,e,img/target_3.png
45,3,704,lattice,0,o,img/target_9.png
45,3,705,lattice,8,p,img/target_10.png
45,3,706,lattice,9,q,img/target_1.png
45,3,707,lattice,8,p,img/target_10.png
45,3,708,lattice,9,q,img/target_1.png
45,3,709,lattice,8,p,img/target_10.png
45,3,710,lattice,9,q,img/target_1.png
45,3,711,lattice,0,o,img/target_9.png
45,3,712,lattice,2,e,img/target_3.png
45,3,713,lattice,3,i,img/target_8.png
45,3,714,lattice,5,u,img/target_7.png
45,3,715,lattice,3,i,img/target_8.png
45,3,716,lattice,5,u,img/target_7.png
45,3,717,lattice,4,b,img/target_6.png
45,3,718,lattice,5,u,img/target_7.png
45,3,719,lattice,7,v,img/target_5.png
45,3,720,lattice,6,r,img/target_4.png
45,3,721,lattice,8,p,img/target_10.png
45,3,722,lattice,6,r,img/target_4.png
45,3,723,lattice,5,u,img/target_7.png
45,3,724,lattice,7,v,img/target_5.png
45,3,725,lattice,9,q,img/target_1.png
45,3,726,lattice,1,w,img/target_2.png
45,3,727,lattice,0,o,img/target_9.png
45,3,728,lattice,1,w,img/target_2.png
45,3,729,lattice,0,o,img/target_9.png
45,3,730,lattice,1,w,img/target_2.png
45,3,731,lattice,3,i,img/target_8.png
45,3,732,lattice,4,b,img/target_6.png
45,3,733,lattice,3,i,img/target_8.png
45,3,734,lattice,1,w,img/target_2.png
45,3,735,lattice,9,q,img/target_1.png
45,3,736,lattice,8,p,img/target_10.png
45,3,737,lattice,0,o,img/target_9.png
45,3,738,lattice,9,q,img/target_1.png
45,3,739,lattice,7,v,img/target_5.png
45,3,740,lattice,8,p,img/target_10.png
45,3,741,lattice,6,r,img/target_4.png
45,3,742,lattice,7,v,img/target_5.png
45,3,743,lattice,8,p,img/target_10.png
45,3,744,lattice,0,o,img/target_9.png
45,3,745,lattice,9,q,img/target_1.png
45,3,746,lattice,1,w,img/target_2.png
45,3,747,lattice,0,o,img/target_9.png
45,3,748,lattice,1,w,img/target_2.png
45,3,749,lattice,3,i,img/target_8.png
45,3,750,lattice,4,b,img/target_6.png
45,3,751,lattice,5,u,img/target_7.png
45,3,752,lattice,6,r,img/target_4.png
45,3,753,lattice,8,p,img/target_10.png
45,3,754,lattice,0,o,img/target_9.png
45,3,755,lattice,1,w,img/target_2.png
45,3,756,lattice,9,q,img/target_1.png
45,3,757,lattice,8,p,img/target_10.png
45,3,758,lattice,9,q,img/target_1.png
45,3,759,lattice,1,w,img/target_2.png
45,3,760,lattice,2,e,img/target_3.png
45,3,761,lattice,0,o,img/target_9.png
45,3,762,lattice,1,w,img/target_2.png
45,3,763,lattice,0,o,img/target_9.png
45,3,764,lattice,9,q,img/target_1.png
45,3,765,lattice,8,p,img/target_10.png
45,3,766,lattice,7,v,img/target_5.png
45,3,767,lattice,9,q,img/target_1.png
45,3,768,lattice,0,o,img/target_9.png
45,3,769,lattice,8,p,img/target_10.png
45,3,770,lattice,0,o,img/target_9.png
45,3,771,lattice,8,p,img/target_10.png
45,3,772,lattice,9,q,img/target_1.png
45,3,773,lattice,8,p,img/target_10.png
45,3,774,lattice,6,r,img/target_4.png
45,3,775,lattice,7,v,img/target_5.png
45,3,776,lattice,5,u,img/target_7.png
45,3,777,lattice,4,b,img/target_6.png
45,3,778,lattice,6,r,img/target_4.png
45,3,779,lattice,7,v,img/target_5.png
45,3,780,lattice,6,r,img/target_4.png
45,3,781,lattice,7,v,img/target_5.png
45,3,782,lattice,6,r,img/target_4.png
45,3,783,lattice,5,u,img/target_7.png
45,3,784,lattice,6,r,img/target_4.png
45,3,785,lattice,4,b,img/target_6.png
45,3,786,lattice,5,u,img/target_7.png
45,3,787,lattice,6,r,img/target_4.png
45,3,788,lattice,8,p,img/target_10.png
45,3,789,lattice,7,v,img/target_5.png
45,3,790,lattice,5,u,img/target_7.png
45,3,791,lattice,6,r,img/target_4.png
45,3,792,lattice,8,p,img/target_10.png
45,3,793,lattice,9,q,img/target_1.png
45,3,794,lattice,8,p,img/target_10.png
45,3,795,lattice,7,v,img/target_5.png
45,3,796,lattice,8,p,img/target_10.png
45,3,797,lattice,7,v,img/target_5.png
45,3,798,lattice,5,u,img/target_7.png
45,3,799,lattice,4,b,img/target_6.png
45,3,800,lattice,6,r,img/target_4.png
45,3,801,lattice,4,b,img/target_6.png
45,3,802,lattice,2,e,img/target_3.png
45,3,803,lattice,3,i,img/target_8.png
45,3,804,lattice,1,w,img/target_2.png
45,3,805,lattice,2,e,img/target_3.png
45,3,806,lattice,4,b,img/target_6.png
45,3,807,lattice,5,u,img/target_7.png
45,3,808,lattice,6,r,img/target_4.png
45,3,809,lattice,5,u,img/target_7.png
45,3,810,lattice,3,i,img/target_8.png
45,3,811,lattice,1,w,img/target_2.png
45,3,812,lattice,9,q,img/target_1.png
45,3,813,lattice,1,w,img/target_2.png
45,3,814,lattice,3,i,img/target_8.png
45,3,815,lattice,2,e,img/target_3.png
45,3,816,lattice,1,w,img/target_2.png
45,3,817,lattice,3,i,img/target_8.png
45,3,818,lattice,2,e,img/target_3.png
45,3,819,lattice,0,o,img/target_9.png
45,3,820,lattice,2,e,img/target_3.png
45,3,821,lattice,3,i,img/target_8.png
45,3,822,lattice,1,w,img/target_2.png
45,3,823,lattice,2,e,img/target_3.png
45,3,824,lattice,0,o,img/target_9.png
45,3,825,lattice,2,e,img/target_3.png
45,3,826,lattice,3,i,img/target_8.png
45,3,827,lattice,4,b,img/target_6.png
45,3,828,lattice,5,u,img/target_7.png
45,3,829,lattice,7,v,img/target_5.png
45,3,830,lattice,9,q,img/target_1.png
45,3,831,lattice,8,p,img/target_10.png
45,3,832,lattice,0,o,img/target_9.png
45,3,833,lattice,2,e,img/target_3.png
45,3,834,lattice,3,i,img/target_8.png
45,3,835,lattice,2,e,img/target_3.png
45,3,836,lattice,3,i,img/target_8.png
45,3,837,lattice,5,u,img/target_7.png
45,3,838,lattice,4,b,img/target_6.png
45,3,839,lattice,6,r,img/target_4.png
45,3,840,lattice,8,p,img/target_10.png
45,3,841,lattice,0,o,img/target_9.png
45,3,842,lattice,1,w,img/target_2.png
45,3,843,lattice,0,o,img/target_9.png
45,3,844,lattice,2,e,img/target_3.png
45,3,845,lattice,4,b,img/target_6.png
45,3,846,lattice,2,e,img/target_3.png
45,3,847,lattice,1,w,img/target_2.png
45,3,848,lattice,0,o,img/target_9.png
45,3,849,lattice,1,w,img/target_2.png
45,3,850,lattice,9,q,img/target_1.png
45,3,851,lattice,8,p,img/target_10.png
45,3,852,lattice,9,q,img/target_1.png
45,3,853,lattice,8,p,img/target_10.png
45,3,854,lattice,9,q,img/target_1.png
45,3,855,lattice,7,v,img/target_5.png
45,3,856,lattice,5,u,img/target_7.png
45,3,857,lattice,3,i,img/target_8.png
45,3,858,lattice,2,e,img/target_3.png
45,3,859,lattice,3,i,img/target_8.png
45,3,860,lattice,4,b,img/target_6.png
45,3,861,lattice,3,i,img/target_8.png
45,3,862,lattice,5,u,img/target_7.png
45,3,863,lattice,4,b,img/target_6.png
45,3,864,lattice,2,e,img/target_3.png
45,3,865,lattice,4,b,img/target_6.png
45,3,866,lattice,6,r,img/target_4.png
45,3,867,lattice,8,p,img/target_10.png
45,3,868,lattice,9,q,img/target_1.png
45,3,869,lattice,0,o,img/target_9.png
45,3,870,lattice,8,p,img/target_10.png
45,3,871,lattice,0,o,img/target_9.png
45,3,872,lattice,2,e,img/target_3.png
45,3,873,lattice,0,o,img/target_9.png
45,3,874,lattice,2,e,img/target_3.png
45,3,875,lattice,4,b,img/target_6.png
45,3,876,lattice,5,u,img/target_7.png
45,3,877,lattice,4,b,img/target_6.png
45,3,878,lattice,6,r,img/target_4.png
45,3,879,lattice,4,b,img/target_6.png
45,3,880,lattice,5,u,img/target_7.png
45,3,881,lattice,6,r,img/target_4.png
45,3,882,lattice,8,p,img/target_10.png
45,3,883,lattice,7,v,img/target_5.png
45,3,884,lattice,5,u,img/target_7.png
45,3,885,lattice,6,r,img/target_4.png
45,3,886,lattice,7,v,img/target_5.png
45,3,887,lattice,5,u,img/target_7.png
45,3,888,lattice,3,i,img/target_8.png
45,3,889,lattice,2,e,img/target_3.png
45,3,890,lattice,3,i,img/target_8.png
45,3,891,lattice,4,b,img/target_6.png
45,3,892,lattice,5,u,img/target_7.png
45,3,893,lattice,3,i,img/target_8.png
45,3,894,lattice,1,w,img/target_2.png
45,3,895,lattice,9,q,img/target_1.png
45,3,896,lattice,0,o,img/target_9.png
45,3,897,lattice,2,e,img/target_3.png
45,3,898,lattice,1,w,img/target_2.png
45,3,899,lattice,3,i,img/target_8.png
45,3,900,lattice,4,b,img/target_6.png
45,3,901,lattice,2,e,img/target_3.png
45,3,902,lattice,0,o,img/target_9.png
45,3,903,lattice,1,w,img/target_2.png
45,3,904,lattice,9,q,img/target_1.png
45,3,905,lattice,7,v,img/target_5.png
45,3,906,lattice,6,r,img/target_4.png
45,3,907,lattice,5,u,img/target_7.png
45,3,908,lattice,7,v,img/target_5.png
45,3,909,lattice,6,r,img/target_4.png
45,3,910,lattice,5,u,img/target_7.png
45,3,911,lattice,3,i,img/target_8.png
45,3,912,lattice,4,b,img/target_6.png
45,3,913,lattice,5,u,img/target_7.png
45,3,914,lattice,6,r,img/target_4.png
45,3,915,lattice,8,p,img/target_10.png
45,3,916,lattice,0,o,img/target_9.png
45,3,917,lattice,1,w,img/target_2.png
45,3,918,lattice,3,i,img/target_8.png
45,3,919,lattice,2,e,img/target_3.png
45,3,920,lattice,1,w,img/target_2.png
45,3,921,lattice,0,o,img/target_9.png
45,3,922,lattice,8,p,img/target_10.png
45,3,923,lattice,9,q,img/target_1.png
45,3,924,lattice,8,p,img/target_10.png
45,3,925,lattice,6,r,img/target_4.png
45,3,926,lattice,4,b,img/target_6.png
45,3,927,lattice,6,r,img/target_4.png
45,3,928,lattice,4,b,img/target_6.png
45,3,929,lattice,2,e,img/target_3.png
45,3,930,lattice,3,i,img/target_8.png
45,3,931,lattice,2,e,img/target_3.png
45,3,932,lattice,1,w,img/target_2.png
45,3,933,lattice,2,e,img/target_3.png
45,3,934,lattice,3,i,img/target_8.png
45,3,935,lattice,4,b,img/target_6.png
45,3,936,lattice,2,e,img/target_3.png
45,3,937,lattice,0,o,img/target_9.png
45,3,938,lattice,1,w,img/target_2.png
45,3,939,lattice,0,o,img/target_9.png
45,3,940,lattice,1,w,img/target_2.png
45,3,941,lattice,0,o,img/target_9.png
45,3,942,lattice,9,q,img/target_1.png
45,3,943,lattice,0,o,img/target_9.png
45,3,944,lattice,9,q,img/target_1.png
45,3,945,lattice,7,v,img/target_5.png
45,3,946,lattice,6,r,img/target_4.png
45,3,947,lattice,8,p,img/target_10.png
45,3,948,lattice,7,v,img/target_5.png
45,3,949,lattice,9,q,img/target_1.png
45,3,950,lattice,1,w,img/target_2.png
45,3,951,lattice,0,o,img/target_9.png
45,3,952,lattice,1,w,img/target_2.png
45,3,953,lattice,0,o,img/target_9.png
45,3,954,lattice,9,q,img/target_1.png
45,3,955,lattice,1,w,img/target_2.png
45,3,956,lattice,2,e,img/target_3.png
45,3,957,lattice,4,b,img/target_6.png
45,3,958,lattice,6,r,img/target_4.png
45,3,959,lattice,7,v,img/target_5.png
45,3,960,lattice,8,p,img/target_10.png
45,3,961,lattice,6,r,img/target_4.png
45,3,962,lattice,5,u,img/target_7.png
45,3,963,lattice,7,v,img/target_5.png
45,3,964,lattice,9,q,img/target_1.png
45,3,965,lattice,8,p,img/target_10.png
45,3,966,lattice,0,o,img/target_9.png
45,3,967,lattice,9,q,img/target_1.png
45,3,968,lattice,1,w,img/target_2.png
45,3,969,lattice,9,q,img/target_1.png
45,3,970,lattice,8,p,img/target_10.png
45,3,971,lattice,6,r,img/target_4.png
45,3,972,lattice,5,u,img/target_7.png
45,3,973,lattice,6,r,img/target_4.png
45,3,974,lattice,7,v,img/target_5.png
45,3,975,lattice,9,q,img/target_1.png
45,3,976,lattice,8,p,img/target_10.png
45,3,977,lattice,9,q,img/target_1.png
45,3,978,lattice,8,p,img/target_10.png
45,3,979,lattice,7,v,img/target_5.png
45,3,980,lattice,6,r,img/target_4.png
45,3,981,lattice,8,p,img/target_10.png
45,3,982,lattice,6,r,img/target_4.png
45,3,983,lattice,4,b,img/target_6.png
45,3,984,lattice,6,r,img/target_4.png
45,3,985,lattice,8,p,img/target_10.png
45,3,986,lattice,0,o,img/target_9.png
45,3,987,lattice,9,q,img/target_1.png
45,3,988,lattice,1,w,img/target_2.png
45,3,989,lattice,0,o,img/target_9.png
45,3,990,lattice,1,w,img/target_2.png
45,3,991,lattice,9,q,img/target_1.png
45,3,992,lattice,1,w,img/target_2.png
45,3,993,lattice,2,e,img/target_3.png
45,3,994,lattice,0,o,img/target_9.png
45,3,995,lattice,1,w,img/target_2.png
45,3,996,lattice,9,q,img/target_1.png
45,3,997,lattice,0,o,img/target_9.png
45,3,998,lattice,2,e,img/target_3.png
45,3,999,lattice,0,o,img/target_9.png
45,3,1000,lattice,9,q,img/target_1.png
