pID,sess,trialNum,graph,walk,resp,path
52,2,1,modular,3,o,img/target_9.png
52,2,2,modular,2,e,img/target_3.png
52,2,3,modular,4,v,img/target_5.png
52,2,4,modular,3,o,img/target_9.png
52,2,5,modular,0,w,img/target_2.png
52,2,6,modular,9,p,img/target_10.png
52,2,7,modular,0,w,img/target_2.png
52,2,8,modular,3,o,img/target_9.png
52,2,9,modular,4,v,img/target_5.png
52,2,10,modular,2,e,img/target_3.png
52,2,11,modular,4,v,img/target_5.png
52,2,12,modular,3,o,img/target_9.png
52,2,13,modular,1,u,img/target_7.png
52,2,14,modular,2,e,img/target_3.png
52,2,15,modular,4,v,img/target_5.png
52,2,16,modular,1,u,img/target_7.png
52,2,17,modular,0,w,img/target_2.png
52,2,18,modular,1,u,img/target_7.png
52,2,19,modular,3,o,img/target_9.png
52,2,20,modular,2,e,img/target_3.png
52,2,21,modular,1,u,img/target_7.png
52,2,22,modular,4,v,img/target_5.png
52,2,23,modular,5,i,img/target_8.png
52,2,24,modular,4,v,img/target_5.png
52,2,25,modular,1,u,img/target_7.png
52,2,26,modular,4,v,img/target_5.png
52,2,27,modular,2,e,img/target_3.png
52,2,28,modular,4,v,img/target_5.png
52,2,29,modular,5,i,img/target_8.png
52,2,30,modular,4,v,img/target_5.png
52,2,31,modular,5,i,img/target_8.png
52,2,32,modular,4,v,img/target_5.png
52,2,33,modular,5,i,img/target_8.png
52,2,34,modular,6,b,img/target_6.png
52,2,35,modular,9,p,img/target_10.png
52,2,36,modular,6,b,img/target_6.png
52,2,37,modular,7,q,img/target_1.png
52,2,38,modular,8,r,img/target_4.png
52,2,39,modular,9,p,img/target_10.png
52,2,40,modular,0,w,img/target_2.png
52,2,41,modular,3,o,img/target_9.png
52,2,42,modular,4,v,img/target_5.png
52,2,43,modular,3,o,img/target_9.png
52,2,44,modular,2,e,img/target_3.png
52,2,45,modular,0,w,img/target_2.png
52,2,46,modular,3,o,img/target_9.png
52,2,47,modular,0,w,img/target_2.png
52,2,48,modular,1,u,img/target_7.png
52,2,49,modular,2,e,img/target_3.png
52,2,50,modular,0,w,img/target_2.png
52,2,51,modular,1,u,img/target_7.png
52,2,52,modular,4,v,img/target_5.png
52,2,53,modular,5,i,img/target_8.png
52,2,54,modular,4,v,img/target_5.png
52,2,55,modular,2,e,img/target_3.png
52,2,56,modular,0,w,img/target_2.png
52,2,57,modular,1,u,img/target_7.png
52,2,58,modular,3,o,img/target_9.png
52,2,59,modular,4,v,img/target_5.png
52,2,60,modular,1,u,img/target_7.png
52,2,61,modular,3,o,img/target_9.png
52,2,62,modular,2,e,img/target_3.png
52,2,63,modular,4,v,img/target_5.png
52,2,64,modular,2,e,img/target_3.png
52,2,65,modular,4,v,img/target_5.png
52,2,66,modular,3,o,img/target_9.png
52,2,67,modular,2,e,img/target_3.png
52,2,68,modular,1,u,img/target_7.png
52,2,69,modular,2,e,img/target_3.png
52,2,70,modular,0,w,img/target_2.png
52,2,71,modular,3,o,img/target_9.png
52,2,72,modular,2,e,img/target_3.png
52,2,73,modular,4,v,img/target_5.png
52,2,74,modular,5,i,img/target_8.png
52,2,75,modular,4,v,img/target_5.png
52,2,76,modular,2,e,img/target_3.png
52,2,77,modular,0,w,img/target_2.png
52,2,78,modular,3,o,img/target_9.png
52,2,79,modular,0,w,img/target_2.png
52,2,80,modular,9,p,img/target_10.png
52,2,81,modular,8,r,img/target_4.png
52,2,82,modular,6,b,img/target_6.png
52,2,83,modular,7,q,img/target_1.png
52,2,84,modular,9,p,img/target_10.png
52,2,85,modular,7,q,img/target_1.png
52,2,86,modular,9,p,img/target_10.png
52,2,87,modular,0,w,img/target_2.png
52,2,88,modular,2,e,img/target_3.png
52,2,89,modular,0,w,img/target_2.png
52,2,90,modular,3,o,img/target_9.png
52,2,91,modular,4,v,img/target_5.png
52,2,92,modular,1,u,img/target_7.png
52,2,93,modular,0,w,img/target_2.png
52,2,94,modular,1,u,img/target_7.png
52,2,95,modular,2,e,img/target_3.png
52,2,96,modular,0,w,img/target_2.png
52,2,97,modular,9,p,img/target_10.png
52,2,98,modular,0,w,img/target_2.png
52,2,99,modular,9,p,img/target_10.png
52,2,100,modular,6,b,img/target_6.png
52,2,101,modular,8,r,img/target_4.png
52,2,102,modular,6,b,img/target_6.png
52,2,103,modular,5,i,img/target_8.png
52,2,104,modular,4,v,img/target_5.png
52,2,105,modular,2,e,img/target_3.png
52,2,106,modular,0,w,img/target_2.png
52,2,107,modular,1,u,img/target_7.png
52,2,108,modular,3,o,img/target_9.png
52,2,109,modular,1,u,img/target_7.png
52,2,110,modular,2,e,img/target_3.png
52,2,111,modular,4,v,img/target_5.png
52,2,112,modular,2,e,img/target_3.png
52,2,113,modular,0,w,img/target_2.png
52,2,114,modular,9,p,img/target_10.png
52,2,115,modular,7,q,img/target_1.png
52,2,116,modular,5,i,img/target_8.png
52,2,117,modular,8,r,img/target_4.png
52,2,118,modular,7,q,img/target_1.png
52,2,119,modular,8,r,img/target_4.png
52,2,120,modular,9,p,img/target_10.png
52,2,121,modular,6,b,img/target_6.png
52,2,122,modular,9,p,img/target_10.png
52,2,123,modular,7,q,img/target_1.png
52,2,124,modular,9,p,img/target_10.png
52,2,125,modular,6,b,img/target_6.png
52,2,126,modular,9,p,img/target_10.png
52,2,127,modular,0,w,img/target_2.png
52,2,128,modular,3,o,img/target_9.png
52,2,129,modular,4,v,img/target_5.png
52,2,130,modular,3,o,img/target_9.png
52,2,131,modular,1,u,img/target_7.png
52,2,132,modular,4,v,img/target_5.png
52,2,133,modular,1,u,img/target_7.png
52,2,134,modular,2,e,img/target_3.png
52,2,135,modular,1,u,img/target_7.png
52,2,136,modular,4,v,img/target_5.png
52,2,137,modular,1,u,img/target_7.png
52,2,138,modular,3,o,img/target_9.png
52,2,139,modular,2,e,img/target_3.png
52,2,140,modular,1,u,img/target_7.png
52,2,141,modular,0,w,img/target_2.png
52,2,142,modular,2,e,img/target_3.png
52,2,143,modular,1,u,img/target_7.png
52,2,144,modular,0,w,img/target_2.png
52,2,145,modular,1,u,img/target_7.png
52,2,146,modular,3,o,img/target_9.png
52,2,147,modular,0,w,img/target_2.png
52,2,148,modular,9,p,img/target_10.png
52,2,149,modular,7,q,img/target_1.png
52,2,150,modular,8,r,img/target_4.png
52,2,151,modular,6,b,img/target_6.png
52,2,152,modular,8,r,img/target_4.png
52,2,153,modular,6,b,img/target_6.png
52,2,154,modular,7,q,img/target_1.png
52,2,155,modular,6,b,img/target_6.png
52,2,156,modular,7,q,img/target_1.png
52,2,157,modular,8,r,img/target_4.png
52,2,158,modular,6,b,img/target_6.png
52,2,159,modular,5,i,img/target_8.png
52,2,160,modular,7,q,img/target_1.png
52,2,161,modular,6,b,img/target_6.png
52,2,162,modular,5,i,img/target_8.png
52,2,163,modular,7,q,img/target_1.png
52,2,164,modular,5,i,img/target_8.png
52,2,165,modular,4,v,img/target_5.png
52,2,166,modular,3,o,img/target_9.png
52,2,167,modular,1,u,img/target_7.png
52,2,168,modular,3,o,img/target_9.png
52,2,169,modular,2,e,img/target_3.png
52,2,170,modular,3,o,img/target_9.png
52,2,171,modular,0,w,img/target_2.png
52,2,172,modular,3,o,img/target_9.png
52,2,173,modular,0,w,img/target_2.png
52,2,174,modular,3,o,img/target_9.png
52,2,175,modular,2,e,img/target_3.png
52,2,176,modular,0,w,img/target_2.png
52,2,177,modular,2,e,img/target_3.png
52,2,178,modular,3,o,img/target_9.png
52,2,179,modular,4,v,img/target_5.png
52,2,180,modular,1,u,img/target_7.png
52,2,181,modular,3,o,img/target_9.png
52,2,182,modular,2,e,img/target_3.png
52,2,183,modular,1,u,img/target_7.png
52,2,184,modular,0,w,img/target_2.png
52,2,185,modular,2,e,img/target_3.png
52,2,186,modular,3,o,img/target_9.png
52,2,187,modular,2,e,img/target_3.png
52,2,188,modular,0,w,img/target_2.png
52,2,189,modular,1,u,img/target_7.png
52,2,190,modular,0,w,img/target_2.png
52,2,191,modular,1,u,img/target_7.png
52,2,192,modular,0,w,img/target_2.png
52,2,193,modular,3,o,img/target_9.png
52,2,194,modular,0,w,img/target_2.png
52,2,195,modular,9,p,img/target_10.png
52,2,196,modular,6,b,img/target_6.png
52,2,197,modular,5,i,img/target_8.png
52,2,198,modular,7,q,img/target_1.png
52,2,199,modular,9,p,img/target_10.png
52,2,200,modular,0,w,img/target_2.png
52,2,201,modular,2,e,img/target_3.png
52,2,202,modular,1,u,img/target_7.png
52,2,203,modular,0,w,img/target_2.png
52,2,204,modular,2,e,img/target_3.png
52,2,205,modular,1,u,img/target_7.png
52,2,206,modular,3,o,img/target_9.png
52,2,207,modular,0,w,img/target_2.png
52,2,208,modular,2,e,img/target_3.png
52,2,209,modular,4,v,img/target_5.png
52,2,210,modular,1,u,img/target_7.png
52,2,211,modular,0,w,img/target_2.png
52,2,212,modular,3,o,img/target_9.png
52,2,213,modular,4,v,img/target_5.png
52,2,214,modular,2,e,img/target_3.png
52,2,215,modular,1,u,img/target_7.png
52,2,216,modular,4,v,img/target_5.png
52,2,217,modular,1,u,img/target_7.png
52,2,218,modular,2,e,img/target_3.png
52,2,219,modular,1,u,img/target_7.png
52,2,220,modular,4,v,img/target_5.png
52,2,221,modular,1,u,img/target_7.png
52,2,222,modular,2,e,img/target_3.png
52,2,223,modular,4,v,img/target_5.png
52,2,224,modular,5,i,img/target_8.png
52,2,225,modular,6,b,img/target_6.png
52,2,226,modular,9,p,img/target_10.png
52,2,227,modular,8,r,img/target_4.png
52,2,228,modular,5,i,img/target_8.png
52,2,229,modular,7,q,img/target_1.png
52,2,230,modular,6,b,img/target_6.png
52,2,231,modular,7,q,img/target_1.png
52,2,232,modular,6,b,img/target_6.png
52,2,233,modular,9,p,img/target_10.png
52,2,234,modular,7,q,img/target_1.png
52,2,235,modular,8,r,img/target_4.png
52,2,236,modular,6,b,img/target_6.png
52,2,237,modular,8,r,img/target_4.png
52,2,238,modular,7,q,img/target_1.png
52,2,239,modular,8,r,img/target_4.png
52,2,240,modular,5,i,img/target_8.png
52,2,241,modular,4,v,img/target_5.png
52,2,242,modular,5,i,img/target_8.png
52,2,243,modular,7,q,img/target_1.png
52,2,244,modular,6,b,img/target_6.png
52,2,245,modular,8,r,img/target_4.png
52,2,246,modular,9,p,img/target_10.png
52,2,247,modular,7,q,img/target_1.png
52,2,248,modular,8,r,img/target_4.png
52,2,249,modular,7,q,img/target_1.png
52,2,250,modular,6,b,img/target_6.png
52,2,251,modular,7,q,img/target_1.png
52,2,252,modular,9,p,img/target_10.png
52,2,253,modular,0,w,img/target_2.png
52,2,254,modular,1,u,img/target_7.png
52,2,255,modular,3,o,img/target_9.png
52,2,256,modular,2,e,img/target_3.png
52,2,257,modular,0,w,img/target_2.png
52,2,258,modular,1,u,img/target_7.png
52,2,259,modular,0,w,img/target_2.png
52,2,260,modular,9,p,img/target_10.png
52,2,261,modular,0,w,img/target_2.png
52,2,262,modular,1,u,img/target_7.png
52,2,263,modular,0,w,img/target_2.png
52,2,264,modular,3,o,img/target_9.png
52,2,265,modular,0,w,img/target_2.png
52,2,266,modular,1,u,img/target_7.png
52,2,267,modular,0,w,img/target_2.png
52,2,268,modular,2,e,img/target_3.png
52,2,269,modular,0,w,img/target_2.png
52,2,270,modular,3,o,img/target_9.png
52,2,271,modular,1,u,img/target_7.png
52,2,272,modular,4,v,img/target_5.png
52,2,273,modular,3,o,img/target_9.png
52,2,274,modular,1,u,img/target_7.png
52,2,275,modular,3,o,img/target_9.png
52,2,276,modular,2,e,img/target_3.png
52,2,277,modular,1,u,img/target_7.png
52,2,278,modular,3,o,img/target_9.png
52,2,279,modular,2,e,img/target_3.png
52,2,280,modular,0,w,img/target_2.png
52,2,281,modular,3,o,img/target_9.png
52,2,282,modular,2,e,img/target_3.png
52,2,283,modular,3,o,img/target_9.png
52,2,284,modular,0,w,img/target_2.png
52,2,285,modular,3,o,img/target_9.png
52,2,286,modular,1,u,img/target_7.png
52,2,287,modular,0,w,img/target_2.png
52,2,288,modular,1,u,img/target_7.png
52,2,289,modular,0,w,img/target_2.png
52,2,290,modular,2,e,img/target_3.png
52,2,291,modular,0,w,img/target_2.png
52,2,292,modular,2,e,img/target_3.png
52,2,293,modular,0,w,img/target_2.png
52,2,294,modular,3,o,img/target_9.png
52,2,295,modular,4,v,img/target_5.png
52,2,296,modular,1,u,img/target_7.png
52,2,297,modular,0,w,img/target_2.png
52,2,298,modular,2,e,img/target_3.png
52,2,299,modular,1,u,img/target_7.png
52,2,300,modular,2,e,img/target_3.png
52,2,301,modular,4,v,img/target_5.png
52,2,302,modular,1,u,img/target_7.png
52,2,303,modular,2,e,img/target_3.png
52,2,304,modular,0,w,img/target_2.png
52,2,305,modular,2,e,img/target_3.png
52,2,306,modular,0,w,img/target_2.png
52,2,307,modular,1,u,img/target_7.png
52,2,308,modular,2,e,img/target_3.png
52,2,309,modular,0,w,img/target_2.png
52,2,310,modular,2,e,img/target_3.png
52,2,311,modular,0,w,img/target_2.png
52,2,312,modular,3,o,img/target_9.png
52,2,313,modular,2,e,img/target_3.png
52,2,314,modular,3,o,img/target_9.png
52,2,315,modular,1,u,img/target_7.png
52,2,316,modular,2,e,img/target_3.png
52,2,317,modular,1,u,img/target_7.png
52,2,318,modular,2,e,img/target_3.png
52,2,319,modular,1,u,img/target_7.png
52,2,320,modular,3,o,img/target_9.png
52,2,321,modular,1,u,img/target_7.png
52,2,322,modular,0,w,img/target_2.png
52,2,323,modular,9,p,img/target_10.png
52,2,324,modular,8,r,img/target_4.png
52,2,325,modular,7,q,img/target_1.png
52,2,326,modular,8,r,img/target_4.png
52,2,327,modular,6,b,img/target_6.png
52,2,328,modular,8,r,img/target_4.png
52,2,329,modular,6,b,img/target_6.png
52,2,330,modular,5,i,img/target_8.png
52,2,331,modular,6,b,img/target_6.png
52,2,332,modular,8,r,img/target_4.png
52,2,333,modular,9,p,img/target_10.png
52,2,334,modular,0,w,img/target_2.png
52,2,335,modular,3,o,img/target_9.png
52,2,336,modular,2,e,img/target_3.png
52,2,337,modular,0,w,img/target_2.png
52,2,338,modular,9,p,img/target_10.png
52,2,339,modular,8,r,img/target_4.png
52,2,340,modular,9,p,img/target_10.png
52,2,341,modular,7,q,img/target_1.png
52,2,342,modular,8,r,img/target_4.png
52,2,343,modular,9,p,img/target_10.png
52,2,344,modular,6,b,img/target_6.png
52,2,345,modular,8,r,img/target_4.png
52,2,346,modular,5,i,img/target_8.png
52,2,347,modular,8,r,img/target_4.png
52,2,348,modular,6,b,img/target_6.png
52,2,349,modular,9,p,img/target_10.png
52,2,350,modular,0,w,img/target_2.png
52,2,351,modular,9,p,img/target_10.png
52,2,352,modular,0,w,img/target_2.png
52,2,353,modular,9,p,img/target_10.png
52,2,354,modular,7,q,img/target_1.png
52,2,355,modular,6,b,img/target_6.png
52,2,356,modular,5,i,img/target_8.png
52,2,357,modular,8,r,img/target_4.png
52,2,358,modular,6,b,img/target_6.png
52,2,359,modular,8,r,img/target_4.png
52,2,360,modular,9,p,img/target_10.png
52,2,361,modular,6,b,img/target_6.png
52,2,362,modular,7,q,img/target_1.png
52,2,363,modular,9,p,img/target_10.png
52,2,364,modular,8,r,img/target_4.png
52,2,365,modular,7,q,img/target_1.png
52,2,366,modular,6,b,img/target_6.png
52,2,367,modular,7,q,img/target_1.png
52,2,368,modular,5,i,img/target_8.png
52,2,369,modular,7,q,img/target_1.png
52,2,370,modular,6,b,img/target_6.png
52,2,371,modular,9,p,img/target_10.png
52,2,372,modular,7,q,img/target_1.png
52,2,373,modular,6,b,img/target_6.png
52,2,374,modular,7,q,img/target_1.png
52,2,375,modular,6,b,img/target_6.png
52,2,376,modular,9,p,img/target_10.png
52,2,377,modular,7,q,img/target_1.png
52,2,378,modular,8,r,img/target_4.png
52,2,379,modular,6,b,img/target_6.png
52,2,380,modular,7,q,img/target_1.png
52,2,381,modular,6,b,img/target_6.png
52,2,382,modular,5,i,img/target_8.png
52,2,383,modular,6,b,img/target_6.png
52,2,384,modular,7,q,img/target_1.png
52,2,385,modular,9,p,img/target_10.png
52,2,386,modular,0,w,img/target_2.png
52,2,387,modular,1,u,img/target_7.png
52,2,388,modular,4,v,img/target_5.png
52,2,389,modular,5,i,img/target_8.png
52,2,390,modular,8,r,img/target_4.png
52,2,391,modular,6,b,img/target_6.png
52,2,392,modular,7,q,img/target_1.png
52,2,393,modular,6,b,img/target_6.png
52,2,394,modular,5,i,img/target_8.png
52,2,395,modular,6,b,img/target_6.png
52,2,396,modular,8,r,img/target_4.png
52,2,397,modular,7,q,img/target_1.png
52,2,398,modular,6,b,img/target_6.png
52,2,399,modular,8,r,img/target_4.png
52,2,400,modular,9,p,img/target_10.png
52,2,401,modular,7,q,img/target_1.png
52,2,402,modular,5,i,img/target_8.png
52,2,403,modular,8,r,img/target_4.png
52,2,404,modular,9,p,img/target_10.png
52,2,405,modular,8,r,img/target_4.png
52,2,406,modular,5,i,img/target_8.png
52,2,407,modular,4,v,img/target_5.png
52,2,408,modular,5,i,img/target_8.png
52,2,409,modular,7,q,img/target_1.png
52,2,410,modular,5,i,img/target_8.png
52,2,411,modular,8,r,img/target_4.png
52,2,412,modular,7,q,img/target_1.png
52,2,413,modular,8,r,img/target_4.png
52,2,414,modular,5,i,img/target_8.png
52,2,415,modular,6,b,img/target_6.png
52,2,416,modular,5,i,img/target_8.png
52,2,417,modular,6,b,img/target_6.png
52,2,418,modular,5,i,img/target_8.png
52,2,419,modular,8,r,img/target_4.png
52,2,420,modular,6,b,img/target_6.png
52,2,421,modular,7,q,img/target_1.png
52,2,422,modular,5,i,img/target_8.png
52,2,423,modular,6,b,img/target_6.png
52,2,424,modular,7,q,img/target_1.png
52,2,425,modular,9,p,img/target_10.png
52,2,426,modular,8,r,img/target_4.png
52,2,427,modular,5,i,img/target_8.png
52,2,428,modular,6,b,img/target_6.png
52,2,429,modular,9,p,img/target_10.png
52,2,430,modular,6,b,img/target_6.png
52,2,431,modular,5,i,img/target_8.png
52,2,432,modular,7,q,img/target_1.png
52,2,433,modular,8,r,img/target_4.png
52,2,434,modular,9,p,img/target_10.png
52,2,435,modular,0,w,img/target_2.png
52,2,436,modular,9,p,img/target_10.png
52,2,437,modular,7,q,img/target_1.png
52,2,438,modular,5,i,img/target_8.png
52,2,439,modular,8,r,img/target_4.png
52,2,440,modular,5,i,img/target_8.png
52,2,441,modular,6,b,img/target_6.png
52,2,442,modular,8,r,img/target_4.png
52,2,443,modular,5,i,img/target_8.png
52,2,444,modular,8,r,img/target_4.png
52,2,445,modular,7,q,img/target_1.png
52,2,446,modular,6,b,img/target_6.png
52,2,447,modular,7,q,img/target_1.png
52,2,448,modular,6,b,img/target_6.png
52,2,449,modular,8,r,img/target_4.png
52,2,450,modular,7,q,img/target_1.png
52,2,451,modular,8,r,img/target_4.png
52,2,452,modular,7,q,img/target_1.png
52,2,453,modular,5,i,img/target_8.png
52,2,454,modular,7,q,img/target_1.png
52,2,455,modular,8,r,img/target_4.png
52,2,456,modular,9,p,img/target_10.png
52,2,457,modular,8,r,img/target_4.png
52,2,458,modular,5,i,img/target_8.png
52,2,459,modular,8,r,img/target_4.png
52,2,460,modular,7,q,img/target_1.png
52,2,461,modular,5,i,img/target_8.png
52,2,462,modular,7,q,img/target_1.png
52,2,463,modular,9,p,img/target_10.png
52,2,464,modular,6,b,img/target_6.png
52,2,465,modular,7,q,img/target_1.png
52,2,466,modular,9,p,img/target_10.png
52,2,467,modular,0,w,img/target_2.png
52,2,468,modular,3,o,img/target_9.png
52,2,469,modular,0,w,img/target_2.png
52,2,470,modular,2,e,img/target_3.png
52,2,471,modular,0,w,img/target_2.png
52,2,472,modular,1,u,img/target_7.png
52,2,473,modular,2,e,img/target_3.png
52,2,474,modular,0,w,img/target_2.png
52,2,475,modular,9,p,img/target_10.png
52,2,476,modular,8,r,img/target_4.png
52,2,477,modular,5,i,img/target_8.png
52,2,478,modular,4,v,img/target_5.png
52,2,479,modular,5,i,img/target_8.png
52,2,480,modular,6,b,img/target_6.png
52,2,481,modular,8,r,img/target_4.png
52,2,482,modular,6,b,img/target_6.png
52,2,483,modular,9,p,img/target_10.png
52,2,484,modular,7,q,img/target_1.png
52,2,485,modular,5,i,img/target_8.png
52,2,486,modular,4,v,img/target_5.png
52,2,487,modular,1,u,img/target_7.png
52,2,488,modular,4,v,img/target_5.png
52,2,489,modular,1,u,img/target_7.png
52,2,490,modular,3,o,img/target_9.png
52,2,491,modular,0,w,img/target_2.png
52,2,492,modular,9,p,img/target_10.png
52,2,493,modular,6,b,img/target_6.png
52,2,494,modular,7,q,img/target_1.png
52,2,495,modular,5,i,img/target_8.png
52,2,496,modular,7,q,img/target_1.png
52,2,497,modular,9,p,img/target_10.png
52,2,498,modular,6,b,img/target_6.png
52,2,499,modular,5,i,img/target_8.png
52,2,500,modular,4,v,img/target_5.png
52,2,501,modular,2,e,img/target_3.png
52,2,502,modular,1,u,img/target_7.png
52,2,503,modular,2,e,img/target_3.png
52,2,504,modular,0,w,img/target_2.png
52,2,505,modular,2,e,img/target_3.png
52,2,506,modular,1,u,img/target_7.png
52,2,507,modular,2,e,img/target_3.png
52,2,508,modular,4,v,img/target_5.png
52,2,509,modular,1,u,img/target_7.png
52,2,510,modular,0,w,img/target_2.png
52,2,511,modular,3,o,img/target_9.png
52,2,512,modular,1,u,img/target_7.png
52,2,513,modular,2,e,img/target_3.png
52,2,514,modular,3,o,img/target_9.png
52,2,515,modular,0,w,img/target_2.png
52,2,516,modular,2,e,img/target_3.png
52,2,517,modular,1,u,img/target_7.png
52,2,518,modular,0,w,img/target_2.png
52,2,519,modular,9,p,img/target_10.png
52,2,520,modular,6,b,img/target_6.png
52,2,521,modular,8,r,img/target_4.png
52,2,522,modular,6,b,img/target_6.png
52,2,523,modular,9,p,img/target_10.png
52,2,524,modular,0,w,img/target_2.png
52,2,525,modular,2,e,img/target_3.png
52,2,526,modular,1,u,img/target_7.png
52,2,527,modular,4,v,img/target_5.png
52,2,528,modular,3,o,img/target_9.png
52,2,529,modular,0,w,img/target_2.png
52,2,530,modular,2,e,img/target_3.png
52,2,531,modular,4,v,img/target_5.png
52,2,532,modular,3,o,img/target_9.png
52,2,533,modular,0,w,img/target_2.png
52,2,534,modular,9,p,img/target_10.png
52,2,535,modular,8,r,img/target_4.png
52,2,536,modular,5,i,img/target_8.png
52,2,537,modular,6,b,img/target_6.png
52,2,538,modular,9,p,img/target_10.png
52,2,539,modular,8,r,img/target_4.png
52,2,540,modular,7,q,img/target_1.png
52,2,541,modular,5,i,img/target_8.png
52,2,542,modular,4,v,img/target_5.png
52,2,543,modular,5,i,img/target_8.png
52,2,544,modular,6,b,img/target_6.png
52,2,545,modular,9,p,img/target_10.png
52,2,546,modular,8,r,img/target_4.png
52,2,547,modular,9,p,img/target_10.png
52,2,548,modular,0,w,img/target_2.png
52,2,549,modular,3,o,img/target_9.png
52,2,550,modular,1,u,img/target_7.png
52,2,551,modular,3,o,img/target_9.png
52,2,552,modular,2,e,img/target_3.png
52,2,553,modular,3,o,img/target_9.png
52,2,554,modular,1,u,img/target_7.png
52,2,555,modular,2,e,img/target_3.png
52,2,556,modular,4,v,img/target_5.png
52,2,557,modular,2,e,img/target_3.png
52,2,558,modular,4,v,img/target_5.png
52,2,559,modular,2,e,img/target_3.png
52,2,560,modular,0,w,img/target_2.png
52,2,561,modular,1,u,img/target_7.png
52,2,562,modular,3,o,img/target_9.png
52,2,563,modular,4,v,img/target_5.png
52,2,564,modular,3,o,img/target_9.png
52,2,565,modular,2,e,img/target_3.png
52,2,566,modular,0,w,img/target_2.png
52,2,567,modular,3,o,img/target_9.png
52,2,568,modular,0,w,img/target_2.png
52,2,569,modular,9,p,img/target_10.png
52,2,570,modular,7,q,img/target_1.png
52,2,571,modular,9,p,img/target_10.png
52,2,572,modular,6,b,img/target_6.png
52,2,573,modular,7,q,img/target_1.png
52,2,574,modular,5,i,img/target_8.png
52,2,575,modular,4,v,img/target_5.png
52,2,576,modular,1,u,img/target_7.png
52,2,577,modular,4,v,img/target_5.png
52,2,578,modular,2,e,img/target_3.png
52,2,579,modular,3,o,img/target_9.png
52,2,580,modular,1,u,img/target_7.png
52,2,581,modular,3,o,img/target_9.png
52,2,582,modular,2,e,img/target_3.png
52,2,583,modular,1,u,img/target_7.png
52,2,584,modular,4,v,img/target_5.png
52,2,585,modular,3,o,img/target_9.png
52,2,586,modular,1,u,img/target_7.png
52,2,587,modular,4,v,img/target_5.png
52,2,588,modular,3,o,img/target_9.png
52,2,589,modular,1,u,img/target_7.png
52,2,590,modular,4,v,img/target_5.png
52,2,591,modular,2,e,img/target_3.png
52,2,592,modular,4,v,img/target_5.png
52,2,593,modular,2,e,img/target_3.png
52,2,594,modular,0,w,img/target_2.png
52,2,595,modular,3,o,img/target_9.png
52,2,596,modular,4,v,img/target_5.png
52,2,597,modular,2,e,img/target_3.png
52,2,598,modular,0,w,img/target_2.png
52,2,599,modular,3,o,img/target_9.png
52,2,600,modular,4,v,img/target_5.png
52,2,601,modular,3,o,img/target_9.png
52,2,602,modular,0,w,img/target_2.png
52,2,603,modular,1,u,img/target_7.png
52,2,604,modular,3,o,img/target_9.png
52,2,605,modular,0,w,img/target_2.png
52,2,606,modular,2,e,img/target_3.png
52,2,607,modular,0,w,img/target_2.png
52,2,608,modular,3,o,img/target_9.png
52,2,609,modular,0,w,img/target_2.png
52,2,610,modular,3,o,img/target_9.png
52,2,611,modular,0,w,img/target_2.png
52,2,612,modular,9,p,img/target_10.png
52,2,613,modular,6,b,img/target_6.png
52,2,614,modular,7,q,img/target_1.png
52,2,615,modular,6,b,img/target_6.png
52,2,616,modular,9,p,img/target_10.png
52,2,617,modular,6,b,img/target_6.png
52,2,618,modular,7,q,img/target_1.png
52,2,619,modular,8,r,img/target_4.png
52,2,620,modular,5,i,img/target_8.png
52,2,621,modular,6,b,img/target_6.png
52,2,622,modular,8,r,img/target_4.png
52,2,623,modular,7,q,img/target_1.png
52,2,624,modular,5,i,img/target_8.png
52,2,625,modular,4,v,img/target_5.png
52,2,626,modular,1,u,img/target_7.png
52,2,627,modular,4,v,img/target_5.png
52,2,628,modular,1,u,img/target_7.png
52,2,629,modular,0,w,img/target_2.png
52,2,630,modular,9,p,img/target_10.png
52,2,631,modular,6,b,img/target_6.png
52,2,632,modular,8,r,img/target_4.png
52,2,633,modular,9,p,img/target_10.png
52,2,634,modular,0,w,img/target_2.png
52,2,635,modular,3,o,img/target_9.png
52,2,636,modular,0,w,img/target_2.png
52,2,637,modular,3,o,img/target_9.png
52,2,638,modular,4,v,img/target_5.png
52,2,639,modular,1,u,img/target_7.png
52,2,640,modular,4,v,img/target_5.png
52,2,641,modular,1,u,img/target_7.png
52,2,642,modular,3,o,img/target_9.png
52,2,643,modular,4,v,img/target_5.png
52,2,644,modular,5,i,img/target_8.png
52,2,645,modular,4,v,img/target_5.png
52,2,646,modular,1,u,img/target_7.png
52,2,647,modular,2,e,img/target_3.png
52,2,648,modular,1,u,img/target_7.png
52,2,649,modular,2,e,img/target_3.png
52,2,650,modular,0,w,img/target_2.png
52,2,651,modular,1,u,img/target_7.png
52,2,652,modular,4,v,img/target_5.png
52,2,653,modular,5,i,img/target_8.png
52,2,654,modular,4,v,img/target_5.png
52,2,655,modular,1,u,img/target_7.png
52,2,656,modular,3,o,img/target_9.png
52,2,657,modular,2,e,img/target_3.png
52,2,658,modular,1,u,img/target_7.png
52,2,659,modular,0,w,img/target_2.png
52,2,660,modular,2,e,img/target_3.png
52,2,661,modular,0,w,img/target_2.png
52,2,662,modular,2,e,img/target_3.png
52,2,663,modular,3,o,img/target_9.png
52,2,664,modular,1,u,img/target_7.png
52,2,665,modular,2,e,img/target_3.png
52,2,666,modular,0,w,img/target_2.png
52,2,667,modular,9,p,img/target_10.png
52,2,668,modular,8,r,img/target_4.png
52,2,669,modular,9,p,img/target_10.png
52,2,670,modular,6,b,img/target_6.png
52,2,671,modular,5,i,img/target_8.png
52,2,672,modular,4,v,img/target_5.png
52,2,673,modular,1,u,img/target_7.png
52,2,674,modular,4,v,img/target_5.png
52,2,675,modular,2,e,img/target_3.png
52,2,676,modular,3,o,img/target_9.png
52,2,677,modular,2,e,img/target_3.png
52,2,678,modular,1,u,img/target_7.png
52,2,679,modular,4,v,img/target_5.png
52,2,680,modular,3,o,img/target_9.png
52,2,681,modular,1,u,img/target_7.png
52,2,682,modular,3,o,img/target_9.png
52,2,683,modular,2,e,img/target_3.png
52,2,684,modular,4,v,img/target_5.png
52,2,685,modular,5,i,img/target_8.png
52,2,686,modular,6,b,img/target_6.png
52,2,687,modular,7,q,img/target_1.png
52,2,688,modular,5,i,img/target_8.png
52,2,689,modular,6,b,img/target_6.png
52,2,690,modular,5,i,img/target_8.png
52,2,691,modular,7,q,img/target_1.png
52,2,692,modular,5,i,img/target_8.png
52,2,693,modular,6,b,img/target_6.png
52,2,694,modular,8,r,img/target_4.png
52,2,695,modular,7,q,img/target_1.png
52,2,696,modular,6,b,img/target_6.png
52,2,697,modular,5,i,img/target_8.png
52,2,698,modular,7,q,img/target_1.png
52,2,699,modular,6,b,img/target_6.png
52,2,700,modular,8,r,img/target_4.png
52,2,701,modular,7,q,img/target_1.png
52,2,702,modular,9,p,img/target_10.png
52,2,703,modular,8,r,img/target_4.png
52,2,704,modular,6,b,img/target_6.png
52,2,705,modular,9,p,img/target_10.png
52,2,706,modular,7,q,img/target_1.png
52,2,707,modular,6,b,img/target_6.png
52,2,708,modular,8,r,img/target_4.png
52,2,709,modular,7,q,img/target_1.png
52,2,710,modular,9,p,img/target_10.png
52,2,711,modular,0,w,img/target_2.png
52,2,712,modular,9,p,img/target_10.png
52,2,713,modular,6,b,img/target_6.png
52,2,714,modular,9,p,img/target_10.png
52,2,715,modular,7,q,img/target_1.png
52,2,716,modular,5,i,img/target_8.png
52,2,717,modular,6,b,img/target_6.png
52,2,718,modular,9,p,img/target_10.png
52,2,719,modular,0,w,img/target_2.png
52,2,720,modular,3,o,img/target_9.png
52,2,721,modular,0,w,img/target_2.png
52,2,722,modular,3,o,img/target_9.png
52,2,723,modular,4,v,img/target_5.png
52,2,724,modular,3,o,img/target_9.png
52,2,725,modular,2,e,img/target_3.png
52,2,726,modular,3,o,img/target_9.png
52,2,727,modular,4,v,img/target_5.png
52,2,728,modular,1,u,img/target_7.png
52,2,729,modular,4,v,img/target_5.png
52,2,730,modular,1,u,img/target_7.png
52,2,731,modular,3,o,img/target_9.png
52,2,732,modular,4,v,img/target_5.png
52,2,733,modular,3,o,img/target_9.png
52,2,734,modular,0,w,img/target_2.png
52,2,735,modular,9,p,img/target_10.png
52,2,736,modular,7,q,img/target_1.png
52,2,737,modular,9,p,img/target_10.png
52,2,738,modular,6,b,img/target_6.png
52,2,739,modular,9,p,img/target_10.png
52,2,740,modular,7,q,img/target_1.png
52,2,741,modular,8,r,img/target_4.png
52,2,742,modular,9,p,img/target_10.png
52,2,743,modular,8,r,img/target_4.png
52,2,744,modular,9,p,img/target_10.png
52,2,745,modular,6,b,img/target_6.png
52,2,746,modular,9,p,img/target_10.png
52,2,747,modular,7,q,img/target_1.png
52,2,748,modular,8,r,img/target_4.png
52,2,749,modular,6,b,img/target_6.png
52,2,750,modular,9,p,img/target_10.png
52,2,751,modular,6,b,img/target_6.png
52,2,752,modular,7,q,img/target_1.png
52,2,753,modular,5,i,img/target_8.png
52,2,754,modular,6,b,img/target_6.png
52,2,755,modular,8,r,img/target_4.png
52,2,756,modular,7,q,img/target_1.png
52,2,757,modular,5,i,img/target_8.png
52,2,758,modular,4,v,img/target_5.png
52,2,759,modular,2,e,img/target_3.png
52,2,760,modular,1,u,img/target_7.png
52,2,761,modular,4,v,img/target_5.png
52,2,762,modular,3,o,img/target_9.png
52,2,763,modular,0,w,img/target_2.png
52,2,764,modular,2,e,img/target_3.png
52,2,765,modular,0,w,img/target_2.png
52,2,766,modular,3,o,img/target_9.png
52,2,767,modular,4,v,img/target_5.png
52,2,768,modular,1,u,img/target_7.png
52,2,769,modular,2,e,img/target_3.png
52,2,770,modular,0,w,img/target_2.png
52,2,771,modular,2,e,img/target_3.png
52,2,772,modular,3,o,img/target_9.png
52,2,773,modular,2,e,img/target_3.png
52,2,774,modular,4,v,img/target_5.png
52,2,775,modular,5,i,img/target_8.png
52,2,776,modular,6,b,img/target_6.png
52,2,777,modular,9,p,img/target_10.png
52,2,778,modular,6,b,img/target_6.png
52,2,779,modular,7,q,img/target_1.png
52,2,780,modular,6,b,img/target_6.png
52,2,781,modular,5,i,img/target_8.png
52,2,782,modular,4,v,img/target_5.png
52,2,783,modular,1,u,img/target_7.png
52,2,784,modular,3,o,img/target_9.png
52,2,785,modular,2,e,img/target_3.png
52,2,786,modular,3,o,img/target_9.png
52,2,787,modular,0,w,img/target_2.png
52,2,788,modular,9,p,img/target_10.png
52,2,789,modular,8,r,img/target_4.png
52,2,790,modular,9,p,img/target_10.png
52,2,791,modular,8,r,img/target_4.png
52,2,792,modular,5,i,img/target_8.png
52,2,793,modular,6,b,img/target_6.png
52,2,794,modular,9,p,img/target_10.png
52,2,795,modular,8,r,img/target_4.png
52,2,796,modular,6,b,img/target_6.png
52,2,797,modular,5,i,img/target_8.png
52,2,798,modular,7,q,img/target_1.png
52,2,799,modular,9,p,img/target_10.png
52,2,800,modular,0,w,img/target_2.png
52,2,801,modular,2,e,img/target_3.png
52,2,802,modular,0,w,img/target_2.png
52,2,803,modular,9,p,img/target_10.png
52,2,804,modular,7,q,img/target_1.png
52,2,805,modular,5,i,img/target_8.png
52,2,806,modular,8,r,img/target_4.png
52,2,807,modular,5,i,img/target_8.png
52,2,808,modular,7,q,img/target_1.png
52,2,809,modular,8,r,img/target_4.png
52,2,810,modular,5,i,img/target_8.png
52,2,811,modular,8,r,img/target_4.png
52,2,812,modular,7,q,img/target_1.png
52,2,813,modular,5,i,img/target_8.png
52,2,814,modular,7,q,img/target_1.png
52,2,815,modular,6,b,img/target_6.png
52,2,816,modular,8,r,img/target_4.png
52,2,817,modular,9,p,img/target_10.png
52,2,818,modular,8,r,img/target_4.png
52,2,819,modular,9,p,img/target_10.png
52,2,820,modular,0,w,img/target_2.png
52,2,821,modular,3,o,img/target_9.png
52,2,822,modular,1,u,img/target_7.png
52,2,823,modular,4,v,img/target_5.png
52,2,824,modular,5,i,img/target_8.png
52,2,825,modular,6,b,img/target_6.png
52,2,826,modular,5,i,img/target_8.png
52,2,827,modular,4,v,img/target_5.png
52,2,828,modular,2,e,img/target_3.png
52,2,829,modular,1,u,img/target_7.png
52,2,830,modular,4,v,img/target_5.png
52,2,831,modular,2,e,img/target_3.png
52,2,832,modular,3,o,img/target_9.png
52,2,833,modular,0,w,img/target_2.png
52,2,834,modular,1,u,img/target_7.png
52,2,835,modular,2,e,img/target_3.png
52,2,836,modular,0,w,img/target_2.png
52,2,837,modular,9,p,img/target_10.png
52,2,838,modular,0,w,img/target_2.png
52,2,839,modular,1,u,img/target_7.png
52,2,840,modular,2,e,img/target_3.png
52,2,841,modular,1,u,img/target_7.png
52,2,842,modular,4,v,img/target_5.png
52,2,843,modular,3,o,img/target_9.png
52,2,844,modular,4,v,img/target_5.png
52,2,845,modular,2,e,img/target_3.png
52,2,846,modular,4,v,img/target_5.png
52,2,847,modular,1,u,img/target_7.png
52,2,848,modular,2,e,img/target_3.png
52,2,849,modular,1,u,img/target_7.png
52,2,850,modular,4,v,img/target_5.png
52,2,851,modular,1,u,img/target_7.png
52,2,852,modular,3,o,img/target_9.png
52,2,853,modular,0,w,img/target_2.png
52,2,854,modular,9,p,img/target_10.png
52,2,855,modular,8,r,img/target_4.png
52,2,856,modular,7,q,img/target_1.png
52,2,857,modular,9,p,img/target_10.png
52,2,858,modular,8,r,img/target_4.png
52,2,859,modular,5,i,img/target_8.png
52,2,860,modular,8,r,img/target_4.png
52,2,861,modular,9,p,img/target_10.png
52,2,862,modular,0,w,img/target_2.png
52,2,863,modular,3,o,img/target_9.png
52,2,864,modular,4,v,img/target_5.png
52,2,865,modular,3,o,img/target_9.png
52,2,866,modular,1,u,img/target_7.png
52,2,867,modular,4,v,img/target_5.png
52,2,868,modular,1,u,img/target_7.png
52,2,869,modular,0,w,img/target_2.png
52,2,870,modular,9,p,img/target_10.png
52,2,871,modular,8,r,img/target_4.png
52,2,872,modular,5,i,img/target_8.png
52,2,873,modular,8,r,img/target_4.png
52,2,874,modular,9,p,img/target_10.png
52,2,875,modular,8,r,img/target_4.png
52,2,876,modular,7,q,img/target_1.png
52,2,877,modular,5,i,img/target_8.png
52,2,878,modular,6,b,img/target_6.png
52,2,879,modular,8,r,img/target_4.png
52,2,880,modular,5,i,img/target_8.png
52,2,881,modular,7,q,img/target_1.png
52,2,882,modular,8,r,img/target_4.png
52,2,883,modular,6,b,img/target_6.png
52,2,884,modular,8,r,img/target_4.png
52,2,885,modular,5,i,img/target_8.png
52,2,886,modular,7,q,img/target_1.png
52,2,887,modular,9,p,img/target_10.png
52,2,888,modular,8,r,img/target_4.png
52,2,889,modular,9,p,img/target_10.png
52,2,890,modular,6,b,img/target_6.png
52,2,891,modular,9,p,img/target_10.png
52,2,892,modular,0,w,img/target_2.png
52,2,893,modular,1,u,img/target_7.png
52,2,894,modular,3,o,img/target_9.png
52,2,895,modular,0,w,img/target_2.png
52,2,896,modular,3,o,img/target_9.png
52,2,897,modular,1,u,img/target_7.png
52,2,898,modular,0,w,img/target_2.png
52,2,899,modular,9,p,img/target_10.png
52,2,900,modular,0,w,img/target_2.png
52,2,901,modular,2,e,img/target_3.png
52,2,902,modular,4,v,img/target_5.png
52,2,903,modular,3,o,img/target_9.png
52,2,904,modular,1,u,img/target_7.png
52,2,905,modular,2,e,img/target_3.png
52,2,906,modular,3,o,img/target_9.png
52,2,907,modular,0,w,img/target_2.png
52,2,908,modular,2,e,img/target_3.png
52,2,909,modular,0,w,img/target_2.png
52,2,910,modular,1,u,img/target_7.png
52,2,911,modular,3,o,img/target_9.png
52,2,912,modular,0,w,img/target_2.png
52,2,913,modular,9,p,img/target_10.png
52,2,914,modular,8,r,img/target_4.png
52,2,915,modular,6,b,img/target_6.png
52,2,916,modular,9,p,img/target_10.png
52,2,917,modular,7,q,img/target_1.png
52,2,918,modular,6,b,img/target_6.png
52,2,919,modular,5,i,img/target_8.png
52,2,920,modular,6,b,img/target_6.png
52,2,921,modular,7,q,img/target_1.png
52,2,922,modular,6,b,img/target_6.png
52,2,923,modular,7,q,img/target_1.png
52,2,924,modular,9,p,img/target_10.png
52,2,925,modular,7,q,img/target_1.png
52,2,926,modular,9,p,img/target_10.png
52,2,927,modular,7,q,img/target_1.png
52,2,928,modular,8,r,img/target_4.png
52,2,929,modular,5,i,img/target_8.png
52,2,930,modular,4,v,img/target_5.png
52,2,931,modular,5,i,img/target_8.png
52,2,932,modular,7,q,img/target_1.png
52,2,933,modular,8,r,img/target_4.png
52,2,934,modular,9,p,img/target_10.png
52,2,935,modular,6,b,img/target_6.png
52,2,936,modular,7,q,img/target_1.png
52,2,937,modular,9,p,img/target_10.png
52,2,938,modular,0,w,img/target_2.png
52,2,939,modular,3,o,img/target_9.png
52,2,940,modular,1,u,img/target_7.png
52,2,941,modular,0,w,img/target_2.png
52,2,942,modular,3,o,img/target_9.png
52,2,943,modular,2,e,img/target_3.png
52,2,944,modular,1,u,img/target_7.png
52,2,945,modular,4,v,img/target_5.png
52,2,946,modular,1,u,img/target_7.png
52,2,947,modular,0,w,img/target_2.png
52,2,948,modular,9,p,img/target_10.png
52,2,949,modular,8,r,img/target_4.png
52,2,950,modular,7,q,img/target_1.png
52,2,951,modular,8,r,img/target_4.png
52,2,952,modular,5,i,img/target_8.png
52,2,953,modular,4,v,img/target_5.png
52,2,954,modular,3,o,img/target_9.png
52,2,955,modular,0,w,img/target_2.png
52,2,956,modular,1,u,img/target_7.png
52,2,957,modular,3,o,img/target_9.png
52,2,958,modular,1,u,img/target_7.png
52,2,959,modular,2,e,img/target_3.png
52,2,960,modular,3,o,img/target_9.png
52,2,961,modular,0,w,img/target_2.png
52,2,962,modular,9,p,img/target_10.png
52,2,963,modular,6,b,img/target_6.png
52,2,964,modular,5,i,img/target_8.png
52,2,965,modular,6,b,img/target_6.png
52,2,966,modular,8,r,img/target_4.png
52,2,967,modular,9,p,img/target_10.png
52,2,968,modular,0,w,img/target_2.png
52,2,969,modular,3,o,img/target_9.png
52,2,970,modular,0,w,img/target_2.png
52,2,971,modular,9,p,img/target_10.png
52,2,972,modular,7,q,img/target_1.png
52,2,973,modular,6,b,img/target_6.png
52,2,974,modular,8,r,img/target_4.png
52,2,975,modular,5,i,img/target_8.png
52,2,976,modular,8,r,img/target_4.png
52,2,977,modular,7,q,img/target_1.png
52,2,978,modular,9,p,img/target_10.png
52,2,979,modular,6,b,img/target_6.png
52,2,980,modular,7,q,img/target_1.png
52,2,981,modular,9,p,img/target_10.png
52,2,982,modular,0,w,img/target_2.png
52,2,983,modular,2,e,img/target_3.png
52,2,984,modular,0,w,img/target_2.png
52,2,985,modular,9,p,img/target_10.png
52,2,986,modular,6,b,img/target_6.png
52,2,987,modular,7,q,img/target_1.png
52,2,988,modular,9,p,img/target_10.png
52,2,989,modular,8,r,img/target_4.png
52,2,990,modular,6,b,img/target_6.png
52,2,991,modular,9,p,img/target_10.png
52,2,992,modular,6,b,img/target_6.png
52,2,993,modular,8,r,img/target_4.png
52,2,994,modular,5,i,img/target_8.png
52,2,995,modular,6,b,img/target_6.png
52,2,996,modular,9,p,img/target_10.png
52,2,997,modular,7,q,img/target_1.png
52,2,998,modular,8,r,img/target_4.png
52,2,999,modular,9,p,img/target_10.png
52,2,1000,modular,7,q,img/target_1.png
