pID,sess,trialNum,graph,walk,resp,path
52,3,1,modular,5,i,img/target_8.png
52,3,2,modular,4,v,img/target_5.png
52,3,3,modular,5,i,img/target_8.png
52,3,4,modular,6,b,img/target_6.png
52,3,5,modular,5,i,img/target_8.png
52,3,6,modular,6,b,img/target_6.png
52,3,7,modular,9,p,img/target_10.png
52,3,8,modular,6,b,img/target_6.png
52,3,9,modular,9,p,img/target_10.png
52,3,10,modular,8,r,img/target_4.png
52,3,11,modular,6,b,img/target_6.png
52,3,12,modular,5,i,img/target_8.png
52,3,13,modular,6,b,img/target_6.png
52,3,14,modular,9,p,img/target_10.png
52,3,15,modular,0,w,img/target_2.png
52,3,16,modular,1,u,img/target_7.png
52,3,17,modular,2,e,img/target_3.png
52,3,18,modular,4,v,img/target_5.png
52,3,19,modular,5,i,img/target_8.png
52,3,20,modular,4,v,img/target_5.png
52,3,21,modular,3,o,img/target_9.png
52,3,22,modular,4,v,img/target_5.png
52,3,23,modular,5,i,img/target_8.png
52,3,24,modular,7,q,img/target_1.png
52,3,25,modular,5,i,img/target_8.png
52,3,26,modular,4,v,img/target_5.png
52,3,27,modular,3,o,img/target_9.png
52,3,28,modular,4,v,img/target_5.png
52,3,29,modular,1,u,img/target_7.png
52,3,30,modular,0,w,img/target_2.png
52,3,31,modular,2,e,img/target_3.png
52,3,32,modular,0,w,img/target_2.png
52,3,33,modular,3,o,img/target_9.png
52,3,34,modular,4,v,img/target_5.png
52,3,35,modular,2,e,img/target_3.png
52,3,36,modular,1,u,img/target_7.png
52,3,37,modular,3,o,img/target_9.png
52,3,38,modular,2,e,img/target_3.png
52,3,39,modular,1,u,img/target_7.png
52,3,40,modular,3,o,img/target_9.png
52,3,41,modular,0,w,img/target_2.png
52,3,42,modular,9,p,img/target_10.png
52,3,43,modular,8,r,img/target_4.png
52,3,44,modular,7,q,img/target_1.png
52,3,45,modular,8,r,img/target_4.png
52,3,46,modular,5,i,img/target_8.png
52,3,47,modular,6,b,img/target_6.png
52,3,48,modular,7,q,img/target_1.png
52,3,49,modular,6,b,img/target_6.png
52,3,50,modular,8,r,img/target_4.png
52,3,51,modular,5,i,img/target_8.png
52,3,52,modular,6,b,img/target_6.png
52,3,53,modular,5,i,img/target_8.png
52,3,54,modular,8,r,img/target_4.png
52,3,55,modular,7,q,img/target_1.png
52,3,56,modular,6,b,img/target_6.png
52,3,57,modular,8,r,img/target_4.png
52,3,58,modular,6,b,img/target_6.png
52,3,59,modular,5,i,img/target_8.png
52,3,60,modular,7,q,img/target_1.png
52,3,61,modular,5,i,img/target_8.png
52,3,62,modular,7,q,img/target_1.png
52,3,63,modular,6,b,img/target_6.png
52,3,64,modular,7,q,img/target_1.png
52,3,65,modular,8,r,img/target_4.png
52,3,66,modular,9,p,img/target_10.png
52,3,67,modular,6,b,img/target_6.png
52,3,68,modular,9,p,img/target_10.png
52,3,69,modular,7,q,img/target_1.png
52,3,70,modular,5,i,img/target_8.png
52,3,71,modular,6,b,img/target_6.png
52,3,72,modular,8,r,img/target_4.png
52,3,73,modular,9,p,img/target_10.png
52,3,74,modular,8,r,img/target_4.png
52,3,75,modular,7,q,img/target_1.png
52,3,76,modular,8,r,img/target_4.png
52,3,77,modular,6,b,img/target_6.png
52,3,78,modular,5,i,img/target_8.png
52,3,79,modular,8,r,img/target_4.png
52,3,80,modular,7,q,img/target_1.png
52,3,81,modular,9,p,img/target_10.png
52,3,82,modular,0,w,img/target_2.png
52,3,83,modular,2,e,img/target_3.png
52,3,84,modular,0,w,img/target_2.png
52,3,85,modular,2,e,img/target_3.png
52,3,86,modular,0,w,img/target_2.png
52,3,87,modular,9,p,img/target_10.png
52,3,88,modular,7,q,img/target_1.png
52,3,89,modular,6,b,img/target_6.png
52,3,90,modular,7,q,img/target_1.png
52,3,91,modular,9,p,img/target_10.png
52,3,92,modular,8,r,img/target_4.png
52,3,93,modular,7,q,img/target_1.png
52,3,94,modular,8,r,img/target_4.png
52,3,95,modular,6,b,img/target_6.png
52,3,96,modular,7,q,img/target_1.png
52,3,97,modular,9,p,img/target_10.png
52,3,98,modular,7,q,img/target_1.png
52,3,99,modular,8,r,img/target_4.png
52,3,100,modular,6,b,img/target_6.png
52,3,101,modular,7,q,img/target_1.png
52,3,102,modular,8,r,img/target_4.png
52,3,103,modular,5,i,img/target_8.png
52,3,104,modular,7,q,img/target_1.png
52,3,105,modular,5,i,img/target_8.png
52,3,106,modular,6,b,img/target_6.png
52,3,107,modular,7,q,img/target_1.png
52,3,108,modular,5,i,img/target_8.png
52,3,109,modular,6,b,img/target_6.png
52,3,110,modular,5,i,img/target_8.png
52,3,111,modular,6,b,img/target_6.png
52,3,112,modular,8,r,img/target_4.png
52,3,113,modular,7,q,img/target_1.png
52,3,114,modular,6,b,img/target_6.png
52,3,115,modular,8,r,img/target_4.png
52,3,116,modular,5,i,img/target_8.png
52,3,117,modular,7,q,img/target_1.png
52,3,118,modular,9,p,img/target_10.png
52,3,119,modular,6,b,img/target_6.png
52,3,120,modular,9,p,img/target_10.png
52,3,121,modular,8,r,img/target_4.png
52,3,122,modular,5,i,img/target_8.png
52,3,123,modular,7,q,img/target_1.png
52,3,124,modular,8,r,img/target_4.png
52,3,125,modular,9,p,img/target_10.png
52,3,126,modular,0,w,img/target_2.png
52,3,127,modular,1,u,img/target_7.png
52,3,128,modular,0,w,img/target_2.png
52,3,129,modular,1,u,img/target_7.png
52,3,130,modular,3,o,img/target_9.png
52,3,131,modular,4,v,img/target_5.png
52,3,132,modular,5,i,img/target_8.png
52,3,133,modular,4,v,img/target_5.png
52,3,134,modular,3,o,img/target_9.png
52,3,135,modular,4,v,img/target_5.png
52,3,136,modular,3,o,img/target_9.png
52,3,137,modular,0,w,img/target_2.png
52,3,138,modular,2,e,img/target_3.png
52,3,139,modular,0,w,img/target_2.png
52,3,140,modular,1,u,img/target_7.png
52,3,141,modular,2,e,img/target_3.png
52,3,142,modular,3,o,img/target_9.png
52,3,143,modular,0,w,img/target_2.png
52,3,144,modular,9,p,img/target_10.png
52,3,145,modular,7,q,img/target_1.png
52,3,146,modular,9,p,img/target_10.png
52,3,147,modular,6,b,img/target_6.png
52,3,148,modular,9,p,img/target_10.png
52,3,149,modular,8,r,img/target_4.png
52,3,150,modular,9,p,img/target_10.png
52,3,151,modular,0,w,img/target_2.png
52,3,152,modular,3,o,img/target_9.png
52,3,153,modular,2,e,img/target_3.png
52,3,154,modular,1,u,img/target_7.png
52,3,155,modular,3,o,img/target_9.png
52,3,156,modular,1,u,img/target_7.png
52,3,157,modular,3,o,img/target_9.png
52,3,158,modular,4,v,img/target_5.png
52,3,159,modular,1,u,img/target_7.png
52,3,160,modular,3,o,img/target_9.png
52,3,161,modular,1,u,img/target_7.png
52,3,162,modular,0,w,img/target_2.png
52,3,163,modular,9,p,img/target_10.png
52,3,164,modular,6,b,img/target_6.png
52,3,165,modular,9,p,img/target_10.png
52,3,166,modular,6,b,img/target_6.png
52,3,167,modular,8,r,img/target_4.png
52,3,168,modular,5,i,img/target_8.png
52,3,169,modular,7,q,img/target_1.png
52,3,170,modular,6,b,img/target_6.png
52,3,171,modular,9,p,img/target_10.png
52,3,172,modular,6,b,img/target_6.png
52,3,173,modular,9,p,img/target_10.png
52,3,174,modular,8,r,img/target_4.png
52,3,175,modular,9,p,img/target_10.png
52,3,176,modular,8,r,img/target_4.png
52,3,177,modular,6,b,img/target_6.png
52,3,178,modular,9,p,img/target_10.png
52,3,179,modular,7,q,img/target_1.png
52,3,180,modular,9,p,img/target_10.png
52,3,181,modular,8,r,img/target_4.png
52,3,182,modular,9,p,img/target_10.png
52,3,183,modular,8,r,img/target_4.png
52,3,184,modular,7,q,img/target_1.png
52,3,185,modular,8,r,img/target_4.png
52,3,186,modular,6,b,img/target_6.png
52,3,187,modular,9,p,img/target_10.png
52,3,188,modular,0,w,img/target_2.png
52,3,189,modular,1,u,img/target_7.png
52,3,190,modular,2,e,img/target_3.png
52,3,191,modular,4,v,img/target_5.png
52,3,192,modular,5,i,img/target_8.png
52,3,193,modular,6,b,img/target_6.png
52,3,194,modular,8,r,img/target_4.png
52,3,195,modular,5,i,img/target_8.png
52,3,196,modular,6,b,img/target_6.png
52,3,197,modular,9,p,img/target_10.png
52,3,198,modular,8,r,img/target_4.png
52,3,199,modular,6,b,img/target_6.png
52,3,200,modular,8,r,img/target_4.png
52,3,201,modular,6,b,img/target_6.png
52,3,202,modular,9,p,img/target_10.png
52,3,203,modular,6,b,img/target_6.png
52,3,204,modular,7,q,img/target_1.png
52,3,205,modular,9,p,img/target_10.png
52,3,206,modular,7,q,img/target_1.png
52,3,207,modular,9,p,img/target_10.png
52,3,208,modular,8,r,img/target_4.png
52,3,209,modular,6,b,img/target_6.png
52,3,210,modular,5,i,img/target_8.png
52,3,211,modular,7,q,img/target_1.png
52,3,212,modular,5,i,img/target_8.png
52,3,213,modular,4,v,img/target_5.png
52,3,214,modular,1,u,img/target_7.png
52,3,215,modular,4,v,img/target_5.png
52,3,216,modular,2,e,img/target_3.png
52,3,217,modular,0,w,img/target_2.png
52,3,218,modular,2,e,img/target_3.png
52,3,219,modular,3,o,img/target_9.png
52,3,220,modular,0,w,img/target_2.png
52,3,221,modular,2,e,img/target_3.png
52,3,222,modular,0,w,img/target_2.png
52,3,223,modular,9,p,img/target_10.png
52,3,224,modular,7,q,img/target_1.png
52,3,225,modular,9,p,img/target_10.png
52,3,226,modular,0,w,img/target_2.png
52,3,227,modular,2,e,img/target_3.png
52,3,228,modular,3,o,img/target_9.png
52,3,229,modular,1,u,img/target_7.png
52,3,230,modular,3,o,img/target_9.png
52,3,231,modular,0,w,img/target_2.png
52,3,232,modular,2,e,img/target_3.png
52,3,233,modular,0,w,img/target_2.png
52,3,234,modular,1,u,img/target_7.png
52,3,235,modular,4,v,img/target_5.png
52,3,236,modular,1,u,img/target_7.png
52,3,237,modular,0,w,img/target_2.png
52,3,238,modular,9,p,img/target_10.png
52,3,239,modular,6,b,img/target_6.png
52,3,240,modular,7,q,img/target_1.png
52,3,241,modular,9,p,img/target_10.png
52,3,242,modular,0,w,img/target_2.png
52,3,243,modular,3,o,img/target_9.png
52,3,244,modular,4,v,img/target_5.png
52,3,245,modular,3,o,img/target_9.png
52,3,246,modular,0,w,img/target_2.png
52,3,247,modular,2,e,img/target_3.png
52,3,248,modular,4,v,img/target_5.png
52,3,249,modular,5,i,img/target_8.png
52,3,250,modular,8,r,img/target_4.png
52,3,251,modular,5,i,img/target_8.png
52,3,252,modular,4,v,img/target_5.png
52,3,253,modular,5,i,img/target_8.png
52,3,254,modular,8,r,img/target_4.png
52,3,255,modular,5,i,img/target_8.png
52,3,256,modular,6,b,img/target_6.png
52,3,257,modular,5,i,img/target_8.png
52,3,258,modular,4,v,img/target_5.png
52,3,259,modular,1,u,img/target_7.png
52,3,260,modular,3,o,img/target_9.png
52,3,261,modular,1,u,img/target_7.png
52,3,262,modular,0,w,img/target_2.png
52,3,263,modular,9,p,img/target_10.png
52,3,264,modular,7,q,img/target_1.png
52,3,265,modular,8,r,img/target_4.png
52,3,266,modular,7,q,img/target_1.png
52,3,267,modular,5,i,img/target_8.png
52,3,268,modular,6,b,img/target_6.png
52,3,269,modular,8,r,img/target_4.png
52,3,270,modular,7,q,img/target_1.png
52,3,271,modular,5,i,img/target_8.png
52,3,272,modular,8,r,img/target_4.png
52,3,273,modular,7,q,img/target_1.png
52,3,274,modular,5,i,img/target_8.png
52,3,275,modular,7,q,img/target_1.png
52,3,276,modular,6,b,img/target_6.png
52,3,277,modular,5,i,img/target_8.png
52,3,278,modular,6,b,img/target_6.png
52,3,279,modular,9,p,img/target_10.png
52,3,280,modular,6,b,img/target_6.png
52,3,281,modular,7,q,img/target_1.png
52,3,282,modular,9,p,img/target_10.png
52,3,283,modular,0,w,img/target_2.png
52,3,284,modular,1,u,img/target_7.png
52,3,285,modular,0,w,img/target_2.png
52,3,286,modular,2,e,img/target_3.png
52,3,287,modular,4,v,img/target_5.png
52,3,288,modular,1,u,img/target_7.png
52,3,289,modular,4,v,img/target_5.png
52,3,290,modular,2,e,img/target_3.png
52,3,291,modular,4,v,img/target_5.png
52,3,292,modular,5,i,img/target_8.png
52,3,293,modular,8,r,img/target_4.png
52,3,294,modular,9,p,img/target_10.png
52,3,295,modular,6,b,img/target_6.png
52,3,296,modular,8,r,img/target_4.png
52,3,297,modular,7,q,img/target_1.png
52,3,298,modular,5,i,img/target_8.png
52,3,299,modular,4,v,img/target_5.png
52,3,300,modular,1,u,img/target_7.png
52,3,301,modular,3,o,img/target_9.png
52,3,302,modular,0,w,img/target_2.png
52,3,303,modular,1,u,img/target_7.png
52,3,304,modular,4,v,img/target_5.png
52,3,305,modular,3,o,img/target_9.png
52,3,306,modular,0,w,img/target_2.png
52,3,307,modular,3,o,img/target_9.png
52,3,308,modular,0,w,img/target_2.png
52,3,309,modular,9,p,img/target_10.png
52,3,310,modular,7,q,img/target_1.png
52,3,311,modular,9,p,img/target_10.png
52,3,312,modular,7,q,img/target_1.png
52,3,313,modular,5,i,img/target_8.png
52,3,314,modular,7,q,img/target_1.png
52,3,315,modular,5,i,img/target_8.png
52,3,316,modular,8,r,img/target_4.png
52,3,317,modular,5,i,img/target_8.png
52,3,318,modular,4,v,img/target_5.png
52,3,319,modular,2,e,img/target_3.png
52,3,320,modular,1,u,img/target_7.png
52,3,321,modular,3,o,img/target_9.png
52,3,322,modular,4,v,img/target_5.png
52,3,323,modular,2,e,img/target_3.png
52,3,324,modular,1,u,img/target_7.png
52,3,325,modular,2,e,img/target_3.png
52,3,326,modular,3,o,img/target_9.png
52,3,327,modular,0,w,img/target_2.png
52,3,328,modular,9,p,img/target_10.png
52,3,329,modular,7,q,img/target_1.png
52,3,330,modular,8,r,img/target_4.png
52,3,331,modular,9,p,img/target_10.png
52,3,332,modular,7,q,img/target_1.png
52,3,333,modular,5,i,img/target_8.png
52,3,334,modular,4,v,img/target_5.png
52,3,335,modular,5,i,img/target_8.png
52,3,336,modular,4,v,img/target_5.png
52,3,337,modular,1,u,img/target_7.png
52,3,338,modular,0,w,img/target_2.png
52,3,339,modular,3,o,img/target_9.png
52,3,340,modular,2,e,img/target_3.png
52,3,341,modular,3,o,img/target_9.png
52,3,342,modular,1,u,img/target_7.png
52,3,343,modular,4,v,img/target_5.png
52,3,344,modular,1,u,img/target_7.png
52,3,345,modular,0,w,img/target_2.png
52,3,346,modular,2,e,img/target_3.png
52,3,347,modular,0,w,img/target_2.png
52,3,348,modular,9,p,img/target_10.png
52,3,349,modular,0,w,img/target_2.png
52,3,350,modular,9,p,img/target_10.png
52,3,351,modular,7,q,img/target_1.png
52,3,352,modular,8,r,img/target_4.png
52,3,353,modular,9,p,img/target_10.png
52,3,354,modular,7,q,img/target_1.png
52,3,355,modular,6,b,img/target_6.png
52,3,356,modular,7,q,img/target_1.png
52,3,357,modular,9,p,img/target_10.png
52,3,358,modular,0,w,img/target_2.png
52,3,359,modular,1,u,img/target_7.png
52,3,360,modular,0,w,img/target_2.png
52,3,361,modular,2,e,img/target_3.png
52,3,362,modular,3,o,img/target_9.png
52,3,363,modular,4,v,img/target_5.png
52,3,364,modular,1,u,img/target_7.png
52,3,365,modular,3,o,img/target_9.png
52,3,366,modular,4,v,img/target_5.png
52,3,367,modular,3,o,img/target_9.png
52,3,368,modular,4,v,img/target_5.png
52,3,369,modular,3,o,img/target_9.png
52,3,370,modular,0,w,img/target_2.png
52,3,371,modular,9,p,img/target_10.png
52,3,372,modular,6,b,img/target_6.png
52,3,373,modular,9,p,img/target_10.png
52,3,374,modular,0,w,img/target_2.png
52,3,375,modular,1,u,img/target_7.png
52,3,376,modular,2,e,img/target_3.png
52,3,377,modular,0,w,img/target_2.png
52,3,378,modular,3,o,img/target_9.png
52,3,379,modular,0,w,img/target_2.png
52,3,380,modular,3,o,img/target_9.png
52,3,381,modular,1,u,img/target_7.png
52,3,382,modular,0,w,img/target_2.png
52,3,383,modular,9,p,img/target_10.png
52,3,384,modular,6,b,img/target_6.png
52,3,385,modular,9,p,img/target_10.png
52,3,386,modular,7,q,img/target_1.png
52,3,387,modular,5,i,img/target_8.png
52,3,388,modular,8,r,img/target_4.png
52,3,389,modular,9,p,img/target_10.png
52,3,390,modular,8,r,img/target_4.png
52,3,391,modular,7,q,img/target_1.png
52,3,392,modular,8,r,img/target_4.png
52,3,393,modular,9,p,img/target_10.png
52,3,394,modular,0,w,img/target_2.png
52,3,395,modular,2,e,img/target_3.png
52,3,396,modular,0,w,img/target_2.png
52,3,397,modular,9,p,img/target_10.png
52,3,398,modular,0,w,img/target_2.png
52,3,399,modular,3,o,img/target_9.png
52,3,400,modular,0,w,img/target_2.png
52,3,401,modular,3,o,img/target_9.png
52,3,402,modular,1,u,img/target_7.png
52,3,403,modular,0,w,img/target_2.png
52,3,404,modular,3,o,img/target_9.png
52,3,405,modular,2,e,img/target_3.png
52,3,406,modular,1,u,img/target_7.png
52,3,407,modular,0,w,img/target_2.png
52,3,408,modular,1,u,img/target_7.png
52,3,409,modular,3,o,img/target_9.png
52,3,410,modular,4,v,img/target_5.png
52,3,411,modular,3,o,img/target_9.png
52,3,412,modular,0,w,img/target_2.png
52,3,413,modular,3,o,img/target_9.png
52,3,414,modular,1,u,img/target_7.png
52,3,415,modular,0,w,img/target_2.png
52,3,416,modular,2,e,img/target_3.png
52,3,417,modular,4,v,img/target_5.png
52,3,418,modular,3,o,img/target_9.png
52,3,419,modular,4,v,img/target_5.png
52,3,420,modular,1,u,img/target_7.png
52,3,421,modular,4,v,img/target_5.png
52,3,422,modular,1,u,img/target_7.png
52,3,423,modular,0,w,img/target_2.png
52,3,424,modular,2,e,img/target_3.png
52,3,425,modular,0,w,img/target_2.png
52,3,426,modular,2,e,img/target_3.png
52,3,427,modular,0,w,img/target_2.png
52,3,428,modular,2,e,img/target_3.png
52,3,429,modular,1,u,img/target_7.png
52,3,430,modular,3,o,img/target_9.png
52,3,431,modular,2,e,img/target_3.png
52,3,432,modular,0,w,img/target_2.png
52,3,433,modular,1,u,img/target_7.png
52,3,434,modular,3,o,img/target_9.png
52,3,435,modular,0,w,img/target_2.png
52,3,436,modular,1,u,img/target_7.png
52,3,437,modular,3,o,img/target_9.png
52,3,438,modular,4,v,img/target_5.png
52,3,439,modular,5,i,img/target_8.png
52,3,440,modular,4,v,img/target_5.png
52,3,441,modular,2,e,img/target_3.png
52,3,442,modular,3,o,img/target_9.png
52,3,443,modular,4,v,img/target_5.png
52,3,444,modular,1,u,img/target_7.png
52,3,445,modular,2,e,img/target_3.png
52,3,446,modular,4,v,img/target_5.png
52,3,447,modular,3,o,img/target_9.png
52,3,448,modular,2,e,img/target_3.png
52,3,449,modular,3,o,img/target_9.png
52,3,450,modular,0,w,img/target_2.png
52,3,451,modular,3,o,img/target_9.png
52,3,452,modular,4,v,img/target_5.png
52,3,453,modular,5,i,img/target_8.png
52,3,454,modular,8,r,img/target_4.png
52,3,455,modular,9,p,img/target_10.png
52,3,456,modular,7,q,img/target_1.png
52,3,457,modular,9,p,img/target_10.png
52,3,458,modular,7,q,img/target_1.png
52,3,459,modular,6,b,img/target_6.png
52,3,460,modular,8,r,img/target_4.png
52,3,461,modular,9,p,img/target_10.png
52,3,462,modular,6,b,img/target_6.png
52,3,463,modular,7,q,img/target_1.png
52,3,464,modular,6,b,img/target_6.png
52,3,465,modular,5,i,img/target_8.png
52,3,466,modular,8,r,img/target_4.png
52,3,467,modular,6,b,img/target_6.png
52,3,468,modular,5,i,img/target_8.png
52,3,469,modular,4,v,img/target_5.png
52,3,470,modular,1,u,img/target_7.png
52,3,471,modular,4,v,img/target_5.png
52,3,472,modular,5,i,img/target_8.png
52,3,473,modular,8,r,img/target_4.png
52,3,474,modular,5,i,img/target_8.png
52,3,475,modular,6,b,img/target_6.png
52,3,476,modular,9,p,img/target_10.png
52,3,477,modular,7,q,img/target_1.png
52,3,478,modular,5,i,img/target_8.png
52,3,479,modular,4,v,img/target_5.png
52,3,480,modular,3,o,img/target_9.png
52,3,481,modular,4,v,img/target_5.png
52,3,482,modular,2,e,img/target_3.png
52,3,483,modular,1,u,img/target_7.png
52,3,484,modular,0,w,img/target_2.png
52,3,485,modular,9,p,img/target_10.png
52,3,486,modular,8,r,img/target_4.png
52,3,487,modular,9,p,img/target_10.png
52,3,488,modular,6,b,img/target_6.png
52,3,489,modular,9,p,img/target_10.png
52,3,490,modular,8,r,img/target_4.png
52,3,491,modular,6,b,img/target_6.png
52,3,492,modular,5,i,img/target_8.png
52,3,493,modular,4,v,img/target_5.png
52,3,494,modular,3,o,img/target_9.png
52,3,495,modular,1,u,img/target_7.png
52,3,496,modular,2,e,img/target_3.png
52,3,497,modular,1,u,img/target_7.png
52,3,498,modular,0,w,img/target_2.png
52,3,499,modular,9,p,img/target_10.png
52,3,500,modular,0,w,img/target_2.png
52,3,501,modular,2,e,img/target_3.png
52,3,502,modular,1,u,img/target_7.png
52,3,503,modular,4,v,img/target_5.png
52,3,504,modular,1,u,img/target_7.png
52,3,505,modular,2,e,img/target_3.png
52,3,506,modular,0,w,img/target_2.png
52,3,507,modular,9,p,img/target_10.png
52,3,508,modular,6,b,img/target_6.png
52,3,509,modular,5,i,img/target_8.png
52,3,510,modular,7,q,img/target_1.png
52,3,511,modular,8,r,img/target_4.png
52,3,512,modular,5,i,img/target_8.png
52,3,513,modular,8,r,img/target_4.png
52,3,514,modular,9,p,img/target_10.png
52,3,515,modular,7,q,img/target_1.png
52,3,516,modular,9,p,img/target_10.png
52,3,517,modular,0,w,img/target_2.png
52,3,518,modular,3,o,img/target_9.png
52,3,519,modular,0,w,img/target_2.png
52,3,520,modular,9,p,img/target_10.png
52,3,521,modular,0,w,img/target_2.png
52,3,522,modular,1,u,img/target_7.png
52,3,523,modular,4,v,img/target_5.png
52,3,524,modular,2,e,img/target_3.png
52,3,525,modular,0,w,img/target_2.png
52,3,526,modular,2,e,img/target_3.png
52,3,527,modular,4,v,img/target_5.png
52,3,528,modular,1,u,img/target_7.png
52,3,529,modular,4,v,img/target_5.png
52,3,530,modular,5,i,img/target_8.png
52,3,531,modular,8,r,img/target_4.png
52,3,532,modular,6,b,img/target_6.png
52,3,533,modular,8,r,img/target_4.png
52,3,534,modular,9,p,img/target_10.png
52,3,535,modular,0,w,img/target_2.png
52,3,536,modular,1,u,img/target_7.png
52,3,537,modular,4,v,img/target_5.png
52,3,538,modular,2,e,img/target_3.png
52,3,539,modular,4,v,img/target_5.png
52,3,540,modular,1,u,img/target_7.png
52,3,541,modular,3,o,img/target_9.png
52,3,542,modular,2,e,img/target_3.png
52,3,543,modular,1,u,img/target_7.png
52,3,544,modular,4,v,img/target_5.png
52,3,545,modular,1,u,img/target_7.png
52,3,546,modular,2,e,img/target_3.png
52,3,547,modular,4,v,img/target_5.png
52,3,548,modular,5,i,img/target_8.png
52,3,549,modular,6,b,img/target_6.png
52,3,550,modular,9,p,img/target_10.png
52,3,551,modular,7,q,img/target_1.png
52,3,552,modular,6,b,img/target_6.png
52,3,553,modular,9,p,img/target_10.png
52,3,554,modular,6,b,img/target_6.png
52,3,555,modular,7,q,img/target_1.png
52,3,556,modular,6,b,img/target_6.png
52,3,557,modular,7,q,img/target_1.png
52,3,558,modular,9,p,img/target_10.png
52,3,559,modular,7,q,img/target_1.png
52,3,560,modular,8,r,img/target_4.png
52,3,561,modular,5,i,img/target_8.png
52,3,562,modular,7,q,img/target_1.png
52,3,563,modular,8,r,img/target_4.png
52,3,564,modular,9,p,img/target_10.png
52,3,565,modular,6,b,img/target_6.png
52,3,566,modular,7,q,img/target_1.png
52,3,567,modular,6,b,img/target_6.png
52,3,568,modular,8,r,img/target_4.png
52,3,569,modular,7,q,img/target_1.png
52,3,570,modular,8,r,img/target_4.png
52,3,571,modular,9,p,img/target_10.png
52,3,572,modular,8,r,img/target_4.png
52,3,573,modular,5,i,img/target_8.png
52,3,574,modular,4,v,img/target_5.png
52,3,575,modular,1,u,img/target_7.png
52,3,576,modular,3,o,img/target_9.png
52,3,577,modular,0,w,img/target_2.png
52,3,578,modular,9,p,img/target_10.png
52,3,579,modular,7,q,img/target_1.png
52,3,580,modular,8,r,img/target_4.png
52,3,581,modular,5,i,img/target_8.png
52,3,582,modular,7,q,img/target_1.png
52,3,583,modular,9,p,img/target_10.png
52,3,584,modular,7,q,img/target_1.png
52,3,585,modular,6,b,img/target_6.png
52,3,586,modular,9,p,img/target_10.png
52,3,587,modular,0,w,img/target_2.png
52,3,588,modular,3,o,img/target_9.png
52,3,589,modular,2,e,img/target_3.png
52,3,590,modular,3,o,img/target_9.png
52,3,591,modular,2,e,img/target_3.png
52,3,592,modular,4,v,img/target_5.png
52,3,593,modular,3,o,img/target_9.png
52,3,594,modular,0,w,img/target_2.png
52,3,595,modular,1,u,img/target_7.png
52,3,596,modular,4,v,img/target_5.png
52,3,597,modular,5,i,img/target_8.png
52,3,598,modular,4,v,img/target_5.png
52,3,599,modular,2,e,img/target_3.png
52,3,600,modular,3,o,img/target_9.png
52,3,601,modular,0,w,img/target_2.png
52,3,602,modular,2,e,img/target_3.png
52,3,603,modular,4,v,img/target_5.png
52,3,604,modular,3,o,img/target_9.png
52,3,605,modular,0,w,img/target_2.png
52,3,606,modular,1,u,img/target_7.png
52,3,607,modular,0,w,img/target_2.png
52,3,608,modular,3,o,img/target_9.png
52,3,609,modular,4,v,img/target_5.png
52,3,610,modular,1,u,img/target_7.png
52,3,611,modular,3,o,img/target_9.png
52,3,612,modular,2,e,img/target_3.png
52,3,613,modular,0,w,img/target_2.png
52,3,614,modular,2,e,img/target_3.png
52,3,615,modular,1,u,img/target_7.png
52,3,616,modular,4,v,img/target_5.png
52,3,617,modular,3,o,img/target_9.png
52,3,618,modular,0,w,img/target_2.png
52,3,619,modular,2,e,img/target_3.png
52,3,620,modular,1,u,img/target_7.png
52,3,621,modular,2,e,img/target_3.png
52,3,622,modular,1,u,img/target_7.png
52,3,623,modular,3,o,img/target_9.png
52,3,624,modular,4,v,img/target_5.png
52,3,625,modular,1,u,img/target_7.png
52,3,626,modular,0,w,img/target_2.png
52,3,627,modular,9,p,img/target_10.png
52,3,628,modular,6,b,img/target_6.png
52,3,629,modular,8,r,img/target_4.png
52,3,630,modular,9,p,img/target_10.png
52,3,631,modular,7,q,img/target_1.png
52,3,632,modular,9,p,img/target_10.png
52,3,633,modular,0,w,img/target_2.png
52,3,634,modular,2,e,img/target_3.png
52,3,635,modular,0,w,img/target_2.png
52,3,636,modular,1,u,img/target_7.png
52,3,637,modular,3,o,img/target_9.png
52,3,638,modular,0,w,img/target_2.png
52,3,639,modular,9,p,img/target_10.png
52,3,640,modular,0,w,img/target_2.png
52,3,641,modular,2,e,img/target_3.png
52,3,642,modular,0,w,img/target_2.png
52,3,643,modular,3,o,img/target_9.png
52,3,644,modular,4,v,img/target_5.png
52,3,645,modular,3,o,img/target_9.png
52,3,646,modular,2,e,img/target_3.png
52,3,647,modular,0,w,img/target_2.png
52,3,648,modular,9,p,img/target_10.png
52,3,649,modular,6,b,img/target_6.png
52,3,650,modular,8,r,img/target_4.png
52,3,651,modular,5,i,img/target_8.png
52,3,652,modular,4,v,img/target_5.png
52,3,653,modular,3,o,img/target_9.png
52,3,654,modular,4,v,img/target_5.png
52,3,655,modular,1,u,img/target_7.png
52,3,656,modular,2,e,img/target_3.png
52,3,657,modular,4,v,img/target_5.png
52,3,658,modular,3,o,img/target_9.png
52,3,659,modular,4,v,img/target_5.png
52,3,660,modular,2,e,img/target_3.png
52,3,661,modular,0,w,img/target_2.png
52,3,662,modular,2,e,img/target_3.png
52,3,663,modular,0,w,img/target_2.png
52,3,664,modular,1,u,img/target_7.png
52,3,665,modular,3,o,img/target_9.png
52,3,666,modular,2,e,img/target_3.png
52,3,667,modular,1,u,img/target_7.png
52,3,668,modular,2,e,img/target_3.png
52,3,669,modular,0,w,img/target_2.png
52,3,670,modular,9,p,img/target_10.png
52,3,671,modular,6,b,img/target_6.png
52,3,672,modular,8,r,img/target_4.png
52,3,673,modular,9,p,img/target_10.png
52,3,674,modular,6,b,img/target_6.png
52,3,675,modular,9,p,img/target_10.png
52,3,676,modular,7,q,img/target_1.png
52,3,677,modular,9,p,img/target_10.png
52,3,678,modular,6,b,img/target_6.png
52,3,679,modular,8,r,img/target_4.png
52,3,680,modular,7,q,img/target_1.png
52,3,681,modular,8,r,img/target_4.png
52,3,682,modular,6,b,img/target_6.png
52,3,683,modular,9,p,img/target_10.png
52,3,684,modular,0,w,img/target_2.png
52,3,685,modular,3,o,img/target_9.png
52,3,686,modular,0,w,img/target_2.png
52,3,687,modular,3,o,img/target_9.png
52,3,688,modular,4,v,img/target_5.png
52,3,689,modular,3,o,img/target_9.png
52,3,690,modular,2,e,img/target_3.png
52,3,691,modular,1,u,img/target_7.png
52,3,692,modular,2,e,img/target_3.png
52,3,693,modular,3,o,img/target_9.png
52,3,694,modular,2,e,img/target_3.png
52,3,695,modular,4,v,img/target_5.png
52,3,696,modular,3,o,img/target_9.png
52,3,697,modular,2,e,img/target_3.png
52,3,698,modular,4,v,img/target_5.png
52,3,699,modular,1,u,img/target_7.png
52,3,700,modular,0,w,img/target_2.png
52,3,701,modular,2,e,img/target_3.png
52,3,702,modular,4,v,img/target_5.png
52,3,703,modular,1,u,img/target_7.png
52,3,704,modular,3,o,img/target_9.png
52,3,705,modular,0,w,img/target_2.png
52,3,706,modular,3,o,img/target_9.png
52,3,707,modular,4,v,img/target_5.png
52,3,708,modular,3,o,img/target_9.png
52,3,709,modular,2,e,img/target_3.png
52,3,710,modular,4,v,img/target_5.png
52,3,711,modular,3,o,img/target_9.png
52,3,712,modular,1,u,img/target_7.png
52,3,713,modular,3,o,img/target_9.png
52,3,714,modular,0,w,img/target_2.png
52,3,715,modular,1,u,img/target_7.png
52,3,716,modular,2,e,img/target_3.png
52,3,717,modular,0,w,img/target_2.png
52,3,718,modular,1,u,img/target_7.png
52,3,719,modular,4,v,img/target_5.png
52,3,720,modular,1,u,img/target_7.png
52,3,721,modular,2,e,img/target_3.png
52,3,722,modular,3,o,img/target_9.png
52,3,723,modular,2,e,img/target_3.png
52,3,724,modular,0,w,img/target_2.png
52,3,725,modular,2,e,img/target_3.png
52,3,726,modular,0,w,img/target_2.png
52,3,727,modular,9,p,img/target_10.png
52,3,728,modular,7,q,img/target_1.png
52,3,729,modular,5,i,img/target_8.png
52,3,730,modular,6,b,img/target_6.png
52,3,731,modular,8,r,img/target_4.png
52,3,732,modular,9,p,img/target_10.png
52,3,733,modular,0,w,img/target_2.png
52,3,734,modular,9,p,img/target_10.png
52,3,735,modular,8,r,img/target_4.png
52,3,736,modular,7,q,img/target_1.png
52,3,737,modular,9,p,img/target_10.png
52,3,738,modular,8,r,img/target_4.png
52,3,739,modular,5,i,img/target_8.png
52,3,740,modular,4,v,img/target_5.png
52,3,741,modular,5,i,img/target_8.png
52,3,742,modular,8,r,img/target_4.png
52,3,743,modular,9,p,img/target_10.png
52,3,744,modular,0,w,img/target_2.png
52,3,745,modular,1,u,img/target_7.png
52,3,746,modular,0,w,img/target_2.png
52,3,747,modular,2,e,img/target_3.png
52,3,748,modular,0,w,img/target_2.png
52,3,749,modular,2,e,img/target_3.png
52,3,750,modular,1,u,img/target_7.png
52,3,751,modular,0,w,img/target_2.png
52,3,752,modular,3,o,img/target_9.png
52,3,753,modular,2,e,img/target_3.png
52,3,754,modular,3,o,img/target_9.png
52,3,755,modular,4,v,img/target_5.png
52,3,756,modular,3,o,img/target_9.png
52,3,757,modular,2,e,img/target_3.png
52,3,758,modular,3,o,img/target_9.png
52,3,759,modular,0,w,img/target_2.png
52,3,760,modular,2,e,img/target_3.png
52,3,761,modular,4,v,img/target_5.png
52,3,762,modular,2,e,img/target_3.png
52,3,763,modular,3,o,img/target_9.png
52,3,764,modular,4,v,img/target_5.png
52,3,765,modular,2,e,img/target_3.png
52,3,766,modular,1,u,img/target_7.png
52,3,767,modular,2,e,img/target_3.png
52,3,768,modular,3,o,img/target_9.png
52,3,769,modular,1,u,img/target_7.png
52,3,770,modular,3,o,img/target_9.png
52,3,771,modular,2,e,img/target_3.png
52,3,772,modular,4,v,img/target_5.png
52,3,773,modular,5,i,img/target_8.png
52,3,774,modular,6,b,img/target_6.png
52,3,775,modular,5,i,img/target_8.png
52,3,776,modular,4,v,img/target_5.png
52,3,777,modular,3,o,img/target_9.png
52,3,778,modular,1,u,img/target_7.png
52,3,779,modular,3,o,img/target_9.png
52,3,780,modular,2,e,img/target_3.png
52,3,781,modular,3,o,img/target_9.png
52,3,782,modular,0,w,img/target_2.png
52,3,783,modular,2,e,img/target_3.png
52,3,784,modular,1,u,img/target_7.png
52,3,785,modular,3,o,img/target_9.png
52,3,786,modular,0,w,img/target_2.png
52,3,787,modular,3,o,img/target_9.png
52,3,788,modular,0,w,img/target_2.png
52,3,789,modular,3,o,img/target_9.png
52,3,790,modular,2,e,img/target_3.png
52,3,791,modular,4,v,img/target_5.png
52,3,792,modular,1,u,img/target_7.png
52,3,793,modular,0,w,img/target_2.png
52,3,794,modular,9,p,img/target_10.png
52,3,795,modular,6,b,img/target_6.png
52,3,796,modular,5,i,img/target_8.png
52,3,797,modular,8,r,img/target_4.png
52,3,798,modular,5,i,img/target_8.png
52,3,799,modular,4,v,img/target_5.png
52,3,800,modular,2,e,img/target_3.png
52,3,801,modular,4,v,img/target_5.png
52,3,802,modular,3,o,img/target_9.png
52,3,803,modular,1,u,img/target_7.png
52,3,804,modular,0,w,img/target_2.png
52,3,805,modular,1,u,img/target_7.png
52,3,806,modular,3,o,img/target_9.png
52,3,807,modular,2,e,img/target_3.png
52,3,808,modular,3,o,img/target_9.png
52,3,809,modular,0,w,img/target_2.png
52,3,810,modular,1,u,img/target_7.png
52,3,811,modular,4,v,img/target_5.png
52,3,812,modular,1,u,img/target_7.png
52,3,813,modular,2,e,img/target_3.png
52,3,814,modular,4,v,img/target_5.png
52,3,815,modular,5,i,img/target_8.png
52,3,816,modular,7,q,img/target_1.png
52,3,817,modular,8,r,img/target_4.png
52,3,818,modular,5,i,img/target_8.png
52,3,819,modular,6,b,img/target_6.png
52,3,820,modular,8,r,img/target_4.png
52,3,821,modular,6,b,img/target_6.png
52,3,822,modular,9,p,img/target_10.png
52,3,823,modular,6,b,img/target_6.png
52,3,824,modular,7,q,img/target_1.png
52,3,825,modular,6,b,img/target_6.png
52,3,826,modular,8,r,img/target_4.png
52,3,827,modular,6,b,img/target_6.png
52,3,828,modular,9,p,img/target_10.png
52,3,829,modular,8,r,img/target_4.png
52,3,830,modular,5,i,img/target_8.png
52,3,831,modular,8,r,img/target_4.png
52,3,832,modular,9,p,img/target_10.png
52,3,833,modular,7,q,img/target_1.png
52,3,834,modular,6,b,img/target_6.png
52,3,835,modular,7,q,img/target_1.png
52,3,836,modular,9,p,img/target_10.png
52,3,837,modular,6,b,img/target_6.png
52,3,838,modular,7,q,img/target_1.png
52,3,839,modular,8,r,img/target_4.png
52,3,840,modular,6,b,img/target_6.png
52,3,841,modular,8,r,img/target_4.png
52,3,842,modular,5,i,img/target_8.png
52,3,843,modular,4,v,img/target_5.png
52,3,844,modular,2,e,img/target_3.png
52,3,845,modular,4,v,img/target_5.png
52,3,846,modular,3,o,img/target_9.png
52,3,847,modular,0,w,img/target_2.png
52,3,848,modular,2,e,img/target_3.png
52,3,849,modular,0,w,img/target_2.png
52,3,850,modular,3,o,img/target_9.png
52,3,851,modular,0,w,img/target_2.png
52,3,852,modular,1,u,img/target_7.png
52,3,853,modular,3,o,img/target_9.png
52,3,854,modular,2,e,img/target_3.png
52,3,855,modular,3,o,img/target_9.png
52,3,856,modular,0,w,img/target_2.png
52,3,857,modular,2,e,img/target_3.png
52,3,858,modular,3,o,img/target_9.png
52,3,859,modular,1,u,img/target_7.png
52,3,860,modular,0,w,img/target_2.png
52,3,861,modular,1,u,img/target_7.png
52,3,862,modular,3,o,img/target_9.png
52,3,863,modular,2,e,img/target_3.png
52,3,864,modular,3,o,img/target_9.png
52,3,865,modular,0,w,img/target_2.png
52,3,866,modular,2,e,img/target_3.png
52,3,867,modular,3,o,img/target_9.png
52,3,868,modular,1,u,img/target_7.png
52,3,869,modular,2,e,img/target_3.png
52,3,870,modular,4,v,img/target_5.png
52,3,871,modular,3,o,img/target_9.png
52,3,872,modular,0,w,img/target_2.png
52,3,873,modular,2,e,img/target_3.png
52,3,874,modular,3,o,img/target_9.png
52,3,875,modular,0,w,img/target_2.png
52,3,876,modular,9,p,img/target_10.png
52,3,877,modular,6,b,img/target_6.png
52,3,878,modular,5,i,img/target_8.png
52,3,879,modular,8,r,img/target_4.png
52,3,880,modular,7,q,img/target_1.png
52,3,881,modular,5,i,img/target_8.png
52,3,882,modular,6,b,img/target_6.png
52,3,883,modular,9,p,img/target_10.png
52,3,884,modular,0,w,img/target_2.png
52,3,885,modular,3,o,img/target_9.png
52,3,886,modular,0,w,img/target_2.png
52,3,887,modular,3,o,img/target_9.png
52,3,888,modular,0,w,img/target_2.png
52,3,889,modular,3,o,img/target_9.png
52,3,890,modular,4,v,img/target_5.png
52,3,891,modular,3,o,img/target_9.png
52,3,892,modular,1,u,img/target_7.png
52,3,893,modular,2,e,img/target_3.png
52,3,894,modular,0,w,img/target_2.png
52,3,895,modular,9,p,img/target_10.png
52,3,896,modular,6,b,img/target_6.png
52,3,897,modular,5,i,img/target_8.png
52,3,898,modular,4,v,img/target_5.png
52,3,899,modular,3,o,img/target_9.png
52,3,900,modular,0,w,img/target_2.png
52,3,901,modular,1,u,img/target_7.png
52,3,902,modular,0,w,img/target_2.png
52,3,903,modular,3,o,img/target_9.png
52,3,904,modular,1,u,img/target_7.png
52,3,905,modular,0,w,img/target_2.png
52,3,906,modular,1,u,img/target_7.png
52,3,907,modular,2,e,img/target_3.png
52,3,908,modular,0,w,img/target_2.png
52,3,909,modular,1,u,img/target_7.png
52,3,910,modular,3,o,img/target_9.png
52,3,911,modular,0,w,img/target_2.png
52,3,912,modular,1,u,img/target_7.png
52,3,913,modular,3,o,img/target_9.png
52,3,914,modular,0,w,img/target_2.png
52,3,915,modular,2,e,img/target_3.png
52,3,916,modular,0,w,img/target_2.png
52,3,917,modular,2,e,img/target_3.png
52,3,918,modular,4,v,img/target_5.png
52,3,919,modular,5,i,img/target_8.png
52,3,920,modular,7,q,img/target_1.png
52,3,921,modular,9,p,img/target_10.png
52,3,922,modular,8,r,img/target_4.png
52,3,923,modular,7,q,img/target_1.png
52,3,924,modular,9,p,img/target_10.png
52,3,925,modular,0,w,img/target_2.png
52,3,926,modular,1,u,img/target_7.png
52,3,927,modular,4,v,img/target_5.png
52,3,928,modular,3,o,img/target_9.png
52,3,929,modular,2,e,img/target_3.png
52,3,930,modular,4,v,img/target_5.png
52,3,931,modular,3,o,img/target_9.png
52,3,932,modular,4,v,img/target_5.png
52,3,933,modular,5,i,img/target_8.png
52,3,934,modular,6,b,img/target_6.png
52,3,935,modular,9,p,img/target_10.png
52,3,936,modular,0,w,img/target_2.png
52,3,937,modular,1,u,img/target_7.png
52,3,938,modular,0,w,img/target_2.png
52,3,939,modular,2,e,img/target_3.png
52,3,940,modular,1,u,img/target_7.png
52,3,941,modular,3,o,img/target_9.png
52,3,942,modular,0,w,img/target_2.png
52,3,943,modular,3,o,img/target_9.png
52,3,944,modular,1,u,img/target_7.png
52,3,945,modular,3,o,img/target_9.png
52,3,946,modular,2,e,img/target_3.png
52,3,947,modular,4,v,img/target_5.png
52,3,948,modular,5,i,img/target_8.png
52,3,949,modular,6,b,img/target_6.png
52,3,950,modular,5,i,img/target_8.png
52,3,951,modular,4,v,img/target_5.png
52,3,952,modular,2,e,img/target_3.png
52,3,953,modular,4,v,img/target_5.png
52,3,954,modular,1,u,img/target_7.png
52,3,955,modular,3,o,img/target_9.png
52,3,956,modular,0,w,img/target_2.png
52,3,957,modular,3,o,img/target_9.png
52,3,958,modular,4,v,img/target_5.png
52,3,959,modular,5,i,img/target_8.png
52,3,960,modular,8,r,img/target_4.png
52,3,961,modular,5,i,img/target_8.png
52,3,962,modular,8,r,img/target_4.png
52,3,963,modular,9,p,img/target_10.png
52,3,964,modular,0,w,img/target_2.png
52,3,965,modular,3,o,img/target_9.png
52,3,966,modular,2,e,img/target_3.png
52,3,967,modular,1,u,img/target_7.png
52,3,968,modular,4,v,img/target_5.png
52,3,969,modular,5,i,img/target_8.png
52,3,970,modular,6,b,img/target_6.png
52,3,971,modular,5,i,img/target_8.png
52,3,972,modular,6,b,img/target_6.png
52,3,973,modular,8,r,img/target_4.png
52,3,974,modular,9,p,img/target_10.png
52,3,975,modular,7,q,img/target_1.png
52,3,976,modular,8,r,img/target_4.png
52,3,977,modular,6,b,img/target_6.png
52,3,978,modular,5,i,img/target_8.png
52,3,979,modular,7,q,img/target_1.png
52,3,980,modular,9,p,img/target_10.png
52,3,981,modular,8,r,img/target_4.png
52,3,982,modular,5,i,img/target_8.png
52,3,983,modular,8,r,img/target_4.png
52,3,984,modular,5,i,img/target_8.png
52,3,985,modular,8,r,img/target_4.png
52,3,986,modular,7,q,img/target_1.png
52,3,987,modular,5,i,img/target_8.png
52,3,988,modular,4,v,img/target_5.png
52,3,989,modular,1,u,img/target_7.png
52,3,990,modular,0,w,img/target_2.png
52,3,991,modular,1,u,img/target_7.png
52,3,992,modular,3,o,img/target_9.png
52,3,993,modular,4,v,img/target_5.png
52,3,994,modular,3,o,img/target_9.png
52,3,995,modular,1,u,img/target_7.png
52,3,996,modular,0,w,img/target_2.png
52,3,997,modular,9,p,img/target_10.png
52,3,998,modular,8,r,img/target_4.png
52,3,999,modular,7,q,img/target_1.png
52,3,1000,modular,5,i,img/target_8.png
