pID,sess,trialNum,graph,walk,resp,path
47,3,1,lattice,4,i,img/target_8.png
47,3,2,lattice,3,w,img/target_2.png
47,3,3,lattice,1,b,img/target_6.png
47,3,4,lattice,9,r,img/target_4.png
47,3,5,lattice,8,p,img/target_10.png
47,3,6,lattice,6,u,img/target_7.png
47,3,7,lattice,4,i,img/target_8.png
47,3,8,lattice,6,u,img/target_7.png
47,3,9,lattice,8,p,img/target_10.png
47,3,10,lattice,7,q,img/target_1.png
47,3,11,lattice,9,r,img/target_4.png
47,3,12,lattice,0,e,img/target_3.png
47,3,13,lattice,9,r,img/target_4.png
47,3,14,lattice,0,e,img/target_3.png
47,3,15,lattice,2,o,img/target_9.png
47,3,16,lattice,4,i,img/target_8.png
47,3,17,lattice,5,v,img/target_5.png
47,3,18,lattice,4,i,img/target_8.png
47,3,19,lattice,5,v,img/target_5.png
47,3,20,lattice,4,i,img/target_8.png
47,3,21,lattice,2,o,img/target_9.png
47,3,22,lattice,4,i,img/target_8.png
47,3,23,lattice,3,w,img/target_2.png
47,3,24,lattice,5,v,img/target_5.png
47,3,25,lattice,7,q,img/target_1.png
47,3,26,lattice,9,r,img/target_4.png
47,3,27,lattice,1,b,img/target_6.png
47,3,28,lattice,2,o,img/target_9.png
47,3,29,lattice,4,i,img/target_8.png
47,3,30,lattice,2,o,img/target_9.png
47,3,31,lattice,0,e,img/target_3.png
47,3,32,lattice,2,o,img/target_9.png
47,3,33,lattice,4,i,img/target_8.png
47,3,34,lattice,5,v,img/target_5.png
47,3,35,lattice,4,i,img/target_8.png
47,3,36,lattice,2,o,img/target_9.png
47,3,37,lattice,4,i,img/target_8.png
47,3,38,lattice,6,u,img/target_7.png
47,3,39,lattice,8,p,img/target_10.png
47,3,40,lattice,6,u,img/target_7.png
47,3,41,lattice,8,p,img/target_10.png
47,3,42,lattice,6,u,img/target_7.png
47,3,43,lattice,7,q,img/target_1.png
47,3,44,lattice,6,u,img/target_7.png
47,3,45,lattice,8,p,img/target_10.png
47,3,46,lattice,9,r,img/target_4.png
47,3,47,lattice,7,q,img/target_1.png
47,3,48,lattice,6,u,img/target_7.png
47,3,49,lattice,8,p,img/target_10.png
47,3,50,lattice,6,u,img/target_7.png
47,3,51,lattice,8,p,img/target_10.png
47,3,52,lattice,0,e,img/target_3.png
47,3,53,lattice,2,o,img/target_9.png
47,3,54,lattice,0,e,img/target_3.png
47,3,55,lattice,9,r,img/target_4.png
47,3,56,lattice,7,q,img/target_1.png
47,3,57,lattice,8,p,img/target_10.png
47,3,58,lattice,0,e,img/target_3.png
47,3,59,lattice,9,r,img/target_4.png
47,3,60,lattice,0,e,img/target_3.png
47,3,61,lattice,9,r,img/target_4.png
47,3,62,lattice,8,p,img/target_10.png
47,3,63,lattice,9,r,img/target_4.png
47,3,64,lattice,1,b,img/target_6.png
47,3,65,lattice,0,e,img/target_3.png
47,3,66,lattice,9,r,img/target_4.png
47,3,67,lattice,7,q,img/target_1.png
47,3,68,lattice,5,v,img/target_5.png
47,3,69,lattice,6,u,img/target_7.png
47,3,70,lattice,8,p,img/target_10.png
47,3,71,lattice,0,e,img/target_3.png
47,3,72,lattice,8,p,img/target_10.png
47,3,73,lattice,7,q,img/target_1.png
47,3,74,lattice,8,p,img/target_10.png
47,3,75,lattice,9,r,img/target_4.png
47,3,76,lattice,7,q,img/target_1.png
47,3,77,lattice,5,v,img/target_5.png
47,3,78,lattice,3,w,img/target_2.png
47,3,79,lattice,5,v,img/target_5.png
47,3,80,lattice,4,i,img/target_8.png
47,3,81,lattice,5,v,img/target_5.png
47,3,82,lattice,4,i,img/target_8.png
47,3,83,lattice,2,o,img/target_9.png
47,3,84,lattice,4,i,img/target_8.png
47,3,85,lattice,6,u,img/target_7.png
47,3,86,lattice,8,p,img/target_10.png
47,3,87,lattice,9,r,img/target_4.png
47,3,88,lattice,1,b,img/target_6.png
47,3,89,lattice,2,o,img/target_9.png
47,3,90,lattice,0,e,img/target_3.png
47,3,91,lattice,2,o,img/target_9.png
47,3,92,lattice,1,b,img/target_6.png
47,3,93,lattice,2,o,img/target_9.png
47,3,94,lattice,0,e,img/target_3.png
47,3,95,lattice,2,o,img/target_9.png
47,3,96,lattice,0,e,img/target_3.png
47,3,97,lattice,9,r,img/target_4.png
47,3,98,lattice,1,b,img/target_6.png
47,3,99,lattice,2,o,img/target_9.png
47,3,100,lattice,0,e,img/target_3.png
47,3,101,lattice,2,o,img/target_9.png
47,3,102,lattice,3,w,img/target_2.png
47,3,103,lattice,1,b,img/target_6.png
47,3,104,lattice,9,r,img/target_4.png
47,3,105,lattice,7,q,img/target_1.png
47,3,106,lattice,6,u,img/target_7.png
47,3,107,lattice,5,v,img/target_5.png
47,3,108,lattice,7,q,img/target_1.png
47,3,109,lattice,6,u,img/target_7.png
47,3,110,lattice,7,q,img/target_1.png
47,3,111,lattice,6,u,img/target_7.png
47,3,112,lattice,7,q,img/target_1.png
47,3,113,lattice,9,r,img/target_4.png
47,3,114,lattice,7,q,img/target_1.png
47,3,115,lattice,6,u,img/target_7.png
47,3,116,lattice,4,i,img/target_8.png
47,3,117,lattice,6,u,img/target_7.png
47,3,118,lattice,7,q,img/target_1.png
47,3,119,lattice,8,p,img/target_10.png
47,3,120,lattice,0,e,img/target_3.png
47,3,121,lattice,8,p,img/target_10.png
47,3,122,lattice,6,u,img/target_7.png
47,3,123,lattice,5,v,img/target_5.png
47,3,124,lattice,4,i,img/target_8.png
47,3,125,lattice,3,w,img/target_2.png
47,3,126,lattice,4,i,img/target_8.png
47,3,127,lattice,2,o,img/target_9.png
47,3,128,lattice,3,w,img/target_2.png
47,3,129,lattice,1,b,img/target_6.png
47,3,130,lattice,9,r,img/target_4.png
47,3,131,lattice,8,p,img/target_10.png
47,3,132,lattice,9,r,img/target_4.png
47,3,133,lattice,1,b,img/target_6.png
47,3,134,lattice,9,r,img/target_4.png
47,3,135,lattice,1,b,img/target_6.png
47,3,136,lattice,3,w,img/target_2.png
47,3,137,lattice,4,i,img/target_8.png
47,3,138,lattice,2,o,img/target_9.png
47,3,139,lattice,1,b,img/target_6.png
47,3,140,lattice,9,r,img/target_4.png
47,3,141,lattice,8,p,img/target_10.png
47,3,142,lattice,0,e,img/target_3.png
47,3,143,lattice,8,p,img/target_10.png
47,3,144,lattice,0,e,img/target_3.png
47,3,145,lattice,9,r,img/target_4.png
47,3,146,lattice,0,e,img/target_3.png
47,3,147,lattice,8,p,img/target_10.png
47,3,148,lattice,7,q,img/target_1.png
47,3,149,lattice,6,u,img/target_7.png
47,3,150,lattice,4,i,img/target_8.png
47,3,151,lattice,3,w,img/target_2.png
47,3,152,lattice,4,i,img/target_8.png
47,3,153,lattice,5,v,img/target_5.png
47,3,154,lattice,3,w,img/target_2.png
47,3,155,lattice,4,i,img/target_8.png
47,3,156,lattice,3,w,img/target_2.png
47,3,157,lattice,5,v,img/target_5.png
47,3,158,lattice,6,u,img/target_7.png
47,3,159,lattice,5,v,img/target_5.png
47,3,160,lattice,4,i,img/target_8.png
47,3,161,lattice,5,v,img/target_5.png
47,3,162,lattice,6,u,img/target_7.png
47,3,163,lattice,5,v,img/target_5.png
47,3,164,lattice,4,i,img/target_8.png
47,3,165,lattice,5,v,img/target_5.png
47,3,166,lattice,7,q,img/target_1.png
47,3,167,lattice,9,r,img/target_4.png
47,3,168,lattice,0,e,img/target_3.png
47,3,169,lattice,1,b,img/target_6.png
47,3,170,lattice,0,e,img/target_3.png
47,3,171,lattice,8,p,img/target_10.png
47,3,172,lattice,0,e,img/target_3.png
47,3,173,lattice,2,o,img/target_9.png
47,3,174,lattice,4,i,img/target_8.png
47,3,175,lattice,5,v,img/target_5.png
47,3,176,lattice,6,u,img/target_7.png
47,3,177,lattice,5,v,img/target_5.png
47,3,178,lattice,7,q,img/target_1.png
47,3,179,lattice,5,v,img/target_5.png
47,3,180,lattice,3,w,img/target_2.png
47,3,181,lattice,5,v,img/target_5.png
47,3,182,lattice,4,i,img/target_8.png
47,3,183,lattice,6,u,img/target_7.png
47,3,184,lattice,8,p,img/target_10.png
47,3,185,lattice,0,e,img/target_3.png
47,3,186,lattice,2,o,img/target_9.png
47,3,187,lattice,4,i,img/target_8.png
47,3,188,lattice,5,v,img/target_5.png
47,3,189,lattice,3,w,img/target_2.png
47,3,190,lattice,4,i,img/target_8.png
47,3,191,lattice,2,o,img/target_9.png
47,3,192,lattice,1,b,img/target_6.png
47,3,193,lattice,0,e,img/target_3.png
47,3,194,lattice,1,b,img/target_6.png
47,3,195,lattice,9,r,img/target_4.png
47,3,196,lattice,8,p,img/target_10.png
47,3,197,lattice,9,r,img/target_4.png
47,3,198,lattice,8,p,img/target_10.png
47,3,199,lattice,0,e,img/target_3.png
47,3,200,lattice,2,o,img/target_9.png
47,3,201,lattice,0,e,img/target_3.png
47,3,202,lattice,1,b,img/target_6.png
47,3,203,lattice,3,w,img/target_2.png
47,3,204,lattice,5,v,img/target_5.png
47,3,205,lattice,6,u,img/target_7.png
47,3,206,lattice,5,v,img/target_5.png
47,3,207,lattice,3,w,img/target_2.png
47,3,208,lattice,5,v,img/target_5.png
47,3,209,lattice,3,w,img/target_2.png
47,3,210,lattice,4,i,img/target_8.png
47,3,211,lattice,2,o,img/target_9.png
47,3,212,lattice,1,b,img/target_6.png
47,3,213,lattice,2,o,img/target_9.png
47,3,214,lattice,4,i,img/target_8.png
47,3,215,lattice,3,w,img/target_2.png
47,3,216,lattice,4,i,img/target_8.png
47,3,217,lattice,3,w,img/target_2.png
47,3,218,lattice,4,i,img/target_8.png
47,3,219,lattice,3,w,img/target_2.png
47,3,220,lattice,4,i,img/target_8.png
47,3,221,lattice,6,u,img/target_7.png
47,3,222,lattice,5,v,img/target_5.png
47,3,223,lattice,4,i,img/target_8.png
47,3,224,lattice,5,v,img/target_5.png
47,3,225,lattice,7,q,img/target_1.png
47,3,226,lattice,6,u,img/target_7.png
47,3,227,lattice,7,q,img/target_1.png
47,3,228,lattice,5,v,img/target_5.png
47,3,229,lattice,3,w,img/target_2.png
47,3,230,lattice,2,o,img/target_9.png
47,3,231,lattice,0,e,img/target_3.png
47,3,232,lattice,2,o,img/target_9.png
47,3,233,lattice,3,w,img/target_2.png
47,3,234,lattice,5,v,img/target_5.png
47,3,235,lattice,4,i,img/target_8.png
47,3,236,lattice,5,v,img/target_5.png
47,3,237,lattice,6,u,img/target_7.png
47,3,238,lattice,4,i,img/target_8.png
47,3,239,lattice,5,v,img/target_5.png
47,3,240,lattice,6,u,img/target_7.png
47,3,241,lattice,8,p,img/target_10.png
47,3,242,lattice,7,q,img/target_1.png
47,3,243,lattice,9,r,img/target_4.png
47,3,244,lattice,7,q,img/target_1.png
47,3,245,lattice,8,p,img/target_10.png
47,3,246,lattice,9,r,img/target_4.png
47,3,247,lattice,8,p,img/target_10.png
47,3,248,lattice,9,r,img/target_4.png
47,3,249,lattice,8,p,img/target_10.png
47,3,250,lattice,9,r,img/target_4.png
47,3,251,lattice,1,b,img/target_6.png
47,3,252,lattice,2,o,img/target_9.png
47,3,253,lattice,0,e,img/target_3.png
47,3,254,lattice,2,o,img/target_9.png
47,3,255,lattice,4,i,img/target_8.png
47,3,256,lattice,6,u,img/target_7.png
47,3,257,lattice,4,i,img/target_8.png
47,3,258,lattice,6,u,img/target_7.png
47,3,259,lattice,5,v,img/target_5.png
47,3,260,lattice,4,i,img/target_8.png
47,3,261,lattice,3,w,img/target_2.png
47,3,262,lattice,2,o,img/target_9.png
47,3,263,lattice,3,w,img/target_2.png
47,3,264,lattice,2,o,img/target_9.png
47,3,265,lattice,3,w,img/target_2.png
47,3,266,lattice,2,o,img/target_9.png
47,3,267,lattice,4,i,img/target_8.png
47,3,268,lattice,2,o,img/target_9.png
47,3,269,lattice,0,e,img/target_3.png
47,3,270,lattice,1,b,img/target_6.png
47,3,271,lattice,9,r,img/target_4.png
47,3,272,lattice,7,q,img/target_1.png
47,3,273,lattice,9,r,img/target_4.png
47,3,274,lattice,1,b,img/target_6.png
47,3,275,lattice,2,o,img/target_9.png
47,3,276,lattice,0,e,img/target_3.png
47,3,277,lattice,9,r,img/target_4.png
47,3,278,lattice,8,p,img/target_10.png
47,3,279,lattice,7,q,img/target_1.png
47,3,280,lattice,5,v,img/target_5.png
47,3,281,lattice,7,q,img/target_1.png
47,3,282,lattice,6,u,img/target_7.png
47,3,283,lattice,8,p,img/target_10.png
47,3,284,lattice,0,e,img/target_3.png
47,3,285,lattice,9,r,img/target_4.png
47,3,286,lattice,8,p,img/target_10.png
47,3,287,lattice,7,q,img/target_1.png
47,3,288,lattice,9,r,img/target_4.png
47,3,289,lattice,8,p,img/target_10.png
47,3,290,lattice,6,u,img/target_7.png
47,3,291,lattice,7,q,img/target_1.png
47,3,292,lattice,8,p,img/target_10.png
47,3,293,lattice,7,q,img/target_1.png
47,3,294,lattice,5,v,img/target_5.png
47,3,295,lattice,4,i,img/target_8.png
47,3,296,lattice,6,u,img/target_7.png
47,3,297,lattice,5,v,img/target_5.png
47,3,298,lattice,3,w,img/target_2.png
47,3,299,lattice,4,i,img/target_8.png
47,3,300,lattice,2,o,img/target_9.png
47,3,301,lattice,1,b,img/target_6.png
47,3,302,lattice,2,o,img/target_9.png
47,3,303,lattice,1,b,img/target_6.png
47,3,304,lattice,3,w,img/target_2.png
47,3,305,lattice,1,b,img/target_6.png
47,3,306,lattice,2,o,img/target_9.png
47,3,307,lattice,0,e,img/target_3.png
47,3,308,lattice,9,r,img/target_4.png
47,3,309,lattice,0,e,img/target_3.png
47,3,310,lattice,9,r,img/target_4.png
47,3,311,lattice,7,q,img/target_1.png
47,3,312,lattice,6,u,img/target_7.png
47,3,313,lattice,4,i,img/target_8.png
47,3,314,lattice,6,u,img/target_7.png
47,3,315,lattice,7,q,img/target_1.png
47,3,316,lattice,6,u,img/target_7.png
47,3,317,lattice,5,v,img/target_5.png
47,3,318,lattice,4,i,img/target_8.png
47,3,319,lattice,3,w,img/target_2.png
47,3,320,lattice,1,b,img/target_6.png
47,3,321,lattice,3,w,img/target_2.png
47,3,322,lattice,1,b,img/target_6.png
47,3,323,lattice,0,e,img/target_3.png
47,3,324,lattice,1,b,img/target_6.png
47,3,325,lattice,9,r,img/target_4.png
47,3,326,lattice,1,b,img/target_6.png
47,3,327,lattice,3,w,img/target_2.png
47,3,328,lattice,5,v,img/target_5.png
47,3,329,lattice,7,q,img/target_1.png
47,3,330,lattice,8,p,img/target_10.png
47,3,331,lattice,9,r,img/target_4.png
47,3,332,lattice,7,q,img/target_1.png
47,3,333,lattice,5,v,img/target_5.png
47,3,334,lattice,7,q,img/target_1.png
47,3,335,lattice,6,u,img/target_7.png
47,3,336,lattice,4,i,img/target_8.png
47,3,337,lattice,2,o,img/target_9.png
47,3,338,lattice,0,e,img/target_3.png
47,3,339,lattice,9,r,img/target_4.png
47,3,340,lattice,7,q,img/target_1.png
47,3,341,lattice,6,u,img/target_7.png
47,3,342,lattice,4,i,img/target_8.png
47,3,343,lattice,3,w,img/target_2.png
47,3,344,lattice,1,b,img/target_6.png
47,3,345,lattice,9,r,img/target_4.png
47,3,346,lattice,0,e,img/target_3.png
47,3,347,lattice,9,r,img/target_4.png
47,3,348,lattice,8,p,img/target_10.png
47,3,349,lattice,9,r,img/target_4.png
47,3,350,lattice,8,p,img/target_10.png
47,3,351,lattice,9,r,img/target_4.png
47,3,352,lattice,7,q,img/target_1.png
47,3,353,lattice,9,r,img/target_4.png
47,3,354,lattice,8,p,img/target_10.png
47,3,355,lattice,6,u,img/target_7.png
47,3,356,lattice,8,p,img/target_10.png
47,3,357,lattice,0,e,img/target_3.png
47,3,358,lattice,8,p,img/target_10.png
47,3,359,lattice,7,q,img/target_1.png
47,3,360,lattice,6,u,img/target_7.png
47,3,361,lattice,8,p,img/target_10.png
47,3,362,lattice,0,e,img/target_3.png
47,3,363,lattice,1,b,img/target_6.png
47,3,364,lattice,9,r,img/target_4.png
47,3,365,lattice,1,b,img/target_6.png
47,3,366,lattice,3,w,img/target_2.png
47,3,367,lattice,1,b,img/target_6.png
47,3,368,lattice,3,w,img/target_2.png
47,3,369,lattice,5,v,img/target_5.png
47,3,370,lattice,4,i,img/target_8.png
47,3,371,lattice,3,w,img/target_2.png
47,3,372,lattice,5,v,img/target_5.png
47,3,373,lattice,6,u,img/target_7.png
47,3,374,lattice,8,p,img/target_10.png
47,3,375,lattice,9,r,img/target_4.png
47,3,376,lattice,8,p,img/target_10.png
47,3,377,lattice,9,r,img/target_4.png
47,3,378,lattice,8,p,img/target_10.png
47,3,379,lattice,6,u,img/target_7.png
47,3,380,lattice,4,i,img/target_8.png
47,3,381,lattice,5,v,img/target_5.png
47,3,382,lattice,3,w,img/target_2.png
47,3,383,lattice,1,b,img/target_6.png
47,3,384,lattice,3,w,img/target_2.png
47,3,385,lattice,2,o,img/target_9.png
47,3,386,lattice,3,w,img/target_2.png
47,3,387,lattice,2,o,img/target_9.png
47,3,388,lattice,4,i,img/target_8.png
47,3,389,lattice,3,w,img/target_2.png
47,3,390,lattice,5,v,img/target_5.png
47,3,391,lattice,6,u,img/target_7.png
47,3,392,lattice,7,q,img/target_1.png
47,3,393,lattice,5,v,img/target_5.png
47,3,394,lattice,4,i,img/target_8.png
47,3,395,lattice,2,o,img/target_9.png
47,3,396,lattice,3,w,img/target_2.png
47,3,397,lattice,2,o,img/target_9.png
47,3,398,lattice,0,e,img/target_3.png
47,3,399,lattice,1,b,img/target_6.png
47,3,400,lattice,3,w,img/target_2.png
47,3,401,lattice,5,v,img/target_5.png
47,3,402,lattice,3,w,img/target_2.png
47,3,403,lattice,4,i,img/target_8.png
47,3,404,lattice,5,v,img/target_5.png
47,3,405,lattice,4,i,img/target_8.png
47,3,406,lattice,6,u,img/target_7.png
47,3,407,lattice,4,i,img/target_8.png
47,3,408,lattice,6,u,img/target_7.png
47,3,409,lattice,7,q,img/target_1.png
47,3,410,lattice,9,r,img/target_4.png
47,3,411,lattice,8,p,img/target_10.png
47,3,412,lattice,0,e,img/target_3.png
47,3,413,lattice,1,b,img/target_6.png
47,3,414,lattice,9,r,img/target_4.png
47,3,415,lattice,7,q,img/target_1.png
47,3,416,lattice,8,p,img/target_10.png
47,3,417,lattice,6,u,img/target_7.png
47,3,418,lattice,8,p,img/target_10.png
47,3,419,lattice,0,e,img/target_3.png
47,3,420,lattice,1,b,img/target_6.png
47,3,421,lattice,2,o,img/target_9.png
47,3,422,lattice,0,e,img/target_3.png
47,3,423,lattice,8,p,img/target_10.png
47,3,424,lattice,7,q,img/target_1.png
47,3,425,lattice,5,v,img/target_5.png
47,3,426,lattice,4,i,img/target_8.png
47,3,427,lattice,3,w,img/target_2.png
47,3,428,lattice,1,b,img/target_6.png
47,3,429,lattice,2,o,img/target_9.png
47,3,430,lattice,3,w,img/target_2.png
47,3,431,lattice,5,v,img/target_5.png
47,3,432,lattice,4,i,img/target_8.png
47,3,433,lattice,3,w,img/target_2.png
47,3,434,lattice,4,i,img/target_8.png
47,3,435,lattice,2,o,img/target_9.png
47,3,436,lattice,0,e,img/target_3.png
47,3,437,lattice,8,p,img/target_10.png
47,3,438,lattice,9,r,img/target_4.png
47,3,439,lattice,7,q,img/target_1.png
47,3,440,lattice,6,u,img/target_7.png
47,3,441,lattice,8,p,img/target_10.png
47,3,442,lattice,9,r,img/target_4.png
47,3,443,lattice,1,b,img/target_6.png
47,3,444,lattice,2,o,img/target_9.png
47,3,445,lattice,1,b,img/target_6.png
47,3,446,lattice,9,r,img/target_4.png
47,3,447,lattice,7,q,img/target_1.png
47,3,448,lattice,5,v,img/target_5.png
47,3,449,lattice,3,w,img/target_2.png
47,3,450,lattice,4,i,img/target_8.png
47,3,451,lattice,5,v,img/target_5.png
47,3,452,lattice,6,u,img/target_7.png
47,3,453,lattice,8,p,img/target_10.png
47,3,454,lattice,7,q,img/target_1.png
47,3,455,lattice,5,v,img/target_5.png
47,3,456,lattice,7,q,img/target_1.png
47,3,457,lattice,9,r,img/target_4.png
47,3,458,lattice,8,p,img/target_10.png
47,3,459,lattice,0,e,img/target_3.png
47,3,460,lattice,1,b,img/target_6.png
47,3,461,lattice,3,w,img/target_2.png
47,3,462,lattice,2,o,img/target_9.png
47,3,463,lattice,4,i,img/target_8.png
47,3,464,lattice,3,w,img/target_2.png
47,3,465,lattice,4,i,img/target_8.png
47,3,466,lattice,6,u,img/target_7.png
47,3,467,lattice,7,q,img/target_1.png
47,3,468,lattice,9,r,img/target_4.png
47,3,469,lattice,1,b,img/target_6.png
47,3,470,lattice,9,r,img/target_4.png
47,3,471,lattice,7,q,img/target_1.png
47,3,472,lattice,5,v,img/target_5.png
47,3,473,lattice,4,i,img/target_8.png
47,3,474,lattice,5,v,img/target_5.png
47,3,475,lattice,6,u,img/target_7.png
47,3,476,lattice,7,q,img/target_1.png
47,3,477,lattice,9,r,img/target_4.png
47,3,478,lattice,1,b,img/target_6.png
47,3,479,lattice,9,r,img/target_4.png
47,3,480,lattice,7,q,img/target_1.png
47,3,481,lattice,5,v,img/target_5.png
47,3,482,lattice,6,u,img/target_7.png
47,3,483,lattice,8,p,img/target_10.png
47,3,484,lattice,9,r,img/target_4.png
47,3,485,lattice,7,q,img/target_1.png
47,3,486,lattice,8,p,img/target_10.png
47,3,487,lattice,7,q,img/target_1.png
47,3,488,lattice,5,v,img/target_5.png
47,3,489,lattice,4,i,img/target_8.png
47,3,490,lattice,5,v,img/target_5.png
47,3,491,lattice,3,w,img/target_2.png
47,3,492,lattice,5,v,img/target_5.png
47,3,493,lattice,4,i,img/target_8.png
47,3,494,lattice,5,v,img/target_5.png
47,3,495,lattice,4,i,img/target_8.png
47,3,496,lattice,5,v,img/target_5.png
47,3,497,lattice,4,i,img/target_8.png
47,3,498,lattice,2,o,img/target_9.png
47,3,499,lattice,3,w,img/target_2.png
47,3,500,lattice,2,o,img/target_9.png
47,3,501,lattice,4,i,img/target_8.png
47,3,502,lattice,6,u,img/target_7.png
47,3,503,lattice,5,v,img/target_5.png
47,3,504,lattice,4,i,img/target_8.png
47,3,505,lattice,6,u,img/target_7.png
47,3,506,lattice,8,p,img/target_10.png
47,3,507,lattice,9,r,img/target_4.png
47,3,508,lattice,0,e,img/target_3.png
47,3,509,lattice,9,r,img/target_4.png
47,3,510,lattice,1,b,img/target_6.png
47,3,511,lattice,0,e,img/target_3.png
47,3,512,lattice,1,b,img/target_6.png
47,3,513,lattice,2,o,img/target_9.png
47,3,514,lattice,0,e,img/target_3.png
47,3,515,lattice,9,r,img/target_4.png
47,3,516,lattice,7,q,img/target_1.png
47,3,517,lattice,8,p,img/target_10.png
47,3,518,lattice,6,u,img/target_7.png
47,3,519,lattice,4,i,img/target_8.png
47,3,520,lattice,6,u,img/target_7.png
47,3,521,lattice,8,p,img/target_10.png
47,3,522,lattice,9,r,img/target_4.png
47,3,523,lattice,8,p,img/target_10.png
47,3,524,lattice,9,r,img/target_4.png
47,3,525,lattice,8,p,img/target_10.png
47,3,526,lattice,0,e,img/target_3.png
47,3,527,lattice,9,r,img/target_4.png
47,3,528,lattice,7,q,img/target_1.png
47,3,529,lattice,5,v,img/target_5.png
47,3,530,lattice,4,i,img/target_8.png
47,3,531,lattice,3,w,img/target_2.png
47,3,532,lattice,4,i,img/target_8.png
47,3,533,lattice,3,w,img/target_2.png
47,3,534,lattice,4,i,img/target_8.png
47,3,535,lattice,3,w,img/target_2.png
47,3,536,lattice,2,o,img/target_9.png
47,3,537,lattice,0,e,img/target_3.png
47,3,538,lattice,1,b,img/target_6.png
47,3,539,lattice,3,w,img/target_2.png
47,3,540,lattice,5,v,img/target_5.png
47,3,541,lattice,4,i,img/target_8.png
47,3,542,lattice,5,v,img/target_5.png
47,3,543,lattice,7,q,img/target_1.png
47,3,544,lattice,5,v,img/target_5.png
47,3,545,lattice,4,i,img/target_8.png
47,3,546,lattice,2,o,img/target_9.png
47,3,547,lattice,3,w,img/target_2.png
47,3,548,lattice,4,i,img/target_8.png
47,3,549,lattice,2,o,img/target_9.png
47,3,550,lattice,0,e,img/target_3.png
47,3,551,lattice,8,p,img/target_10.png
47,3,552,lattice,0,e,img/target_3.png
47,3,553,lattice,1,b,img/target_6.png
47,3,554,lattice,3,w,img/target_2.png
47,3,555,lattice,1,b,img/target_6.png
47,3,556,lattice,3,w,img/target_2.png
47,3,557,lattice,5,v,img/target_5.png
47,3,558,lattice,4,i,img/target_8.png
47,3,559,lattice,2,o,img/target_9.png
47,3,560,lattice,3,w,img/target_2.png
47,3,561,lattice,2,o,img/target_9.png
47,3,562,lattice,0,e,img/target_3.png
47,3,563,lattice,1,b,img/target_6.png
47,3,564,lattice,0,e,img/target_3.png
47,3,565,lattice,9,r,img/target_4.png
47,3,566,lattice,7,q,img/target_1.png
47,3,567,lattice,5,v,img/target_5.png
47,3,568,lattice,7,q,img/target_1.png
47,3,569,lattice,9,r,img/target_4.png
47,3,570,lattice,0,e,img/target_3.png
47,3,571,lattice,9,r,img/target_4.png
47,3,572,lattice,1,b,img/target_6.png
47,3,573,lattice,2,o,img/target_9.png
47,3,574,lattice,1,b,img/target_6.png
47,3,575,lattice,9,r,img/target_4.png
47,3,576,lattice,1,b,img/target_6.png
47,3,577,lattice,0,e,img/target_3.png
47,3,578,lattice,9,r,img/target_4.png
47,3,579,lattice,7,q,img/target_1.png
47,3,580,lattice,5,v,img/target_5.png
47,3,581,lattice,4,i,img/target_8.png
47,3,582,lattice,3,w,img/target_2.png
47,3,583,lattice,4,i,img/target_8.png
47,3,584,lattice,6,u,img/target_7.png
47,3,585,lattice,5,v,img/target_5.png
47,3,586,lattice,7,q,img/target_1.png
47,3,587,lattice,9,r,img/target_4.png
47,3,588,lattice,1,b,img/target_6.png
47,3,589,lattice,2,o,img/target_9.png
47,3,590,lattice,0,e,img/target_3.png
47,3,591,lattice,1,b,img/target_6.png
47,3,592,lattice,9,r,img/target_4.png
47,3,593,lattice,0,e,img/target_3.png
47,3,594,lattice,2,o,img/target_9.png
47,3,595,lattice,1,b,img/target_6.png
47,3,596,lattice,2,o,img/target_9.png
47,3,597,lattice,1,b,img/target_6.png
47,3,598,lattice,2,o,img/target_9.png
47,3,599,lattice,4,i,img/target_8.png
47,3,600,lattice,2,o,img/target_9.png
47,3,601,lattice,0,e,img/target_3.png
47,3,602,lattice,8,p,img/target_10.png
47,3,603,lattice,7,q,img/target_1.png
47,3,604,lattice,8,p,img/target_10.png
47,3,605,lattice,9,r,img/target_4.png
47,3,606,lattice,8,p,img/target_10.png
47,3,607,lattice,6,u,img/target_7.png
47,3,608,lattice,5,v,img/target_5.png
47,3,609,lattice,4,i,img/target_8.png
47,3,610,lattice,5,v,img/target_5.png
47,3,611,lattice,4,i,img/target_8.png
47,3,612,lattice,2,o,img/target_9.png
47,3,613,lattice,3,w,img/target_2.png
47,3,614,lattice,4,i,img/target_8.png
47,3,615,lattice,3,w,img/target_2.png
47,3,616,lattice,1,b,img/target_6.png
47,3,617,lattice,0,e,img/target_3.png
47,3,618,lattice,9,r,img/target_4.png
47,3,619,lattice,8,p,img/target_10.png
47,3,620,lattice,6,u,img/target_7.png
47,3,621,lattice,4,i,img/target_8.png
47,3,622,lattice,5,v,img/target_5.png
47,3,623,lattice,3,w,img/target_2.png
47,3,624,lattice,1,b,img/target_6.png
47,3,625,lattice,9,r,img/target_4.png
47,3,626,lattice,1,b,img/target_6.png
47,3,627,lattice,0,e,img/target_3.png
47,3,628,lattice,8,p,img/target_10.png
47,3,629,lattice,7,q,img/target_1.png
47,3,630,lattice,9,r,img/target_4.png
47,3,631,lattice,0,e,img/target_3.png
47,3,632,lattice,8,p,img/target_10.png
47,3,633,lattice,6,u,img/target_7.png
47,3,634,lattice,7,q,img/target_1.png
47,3,635,lattice,8,p,img/target_10.png
47,3,636,lattice,7,q,img/target_1.png
47,3,637,lattice,5,v,img/target_5.png
47,3,638,lattice,6,u,img/target_7.png
47,3,639,lattice,5,v,img/target_5.png
47,3,640,lattice,7,q,img/target_1.png
47,3,641,lattice,9,r,img/target_4.png
47,3,642,lattice,1,b,img/target_6.png
47,3,643,lattice,2,o,img/target_9.png
47,3,644,lattice,4,i,img/target_8.png
47,3,645,lattice,6,u,img/target_7.png
47,3,646,lattice,4,i,img/target_8.png
47,3,647,lattice,2,o,img/target_9.png
47,3,648,lattice,0,e,img/target_3.png
47,3,649,lattice,9,r,img/target_4.png
47,3,650,lattice,8,p,img/target_10.png
47,3,651,lattice,0,e,img/target_3.png
47,3,652,lattice,9,r,img/target_4.png
47,3,653,lattice,0,e,img/target_3.png
47,3,654,lattice,2,o,img/target_9.png
47,3,655,lattice,3,w,img/target_2.png
47,3,656,lattice,4,i,img/target_8.png
47,3,657,lattice,6,u,img/target_7.png
47,3,658,lattice,8,p,img/target_10.png
47,3,659,lattice,9,r,img/target_4.png
47,3,660,lattice,8,p,img/target_10.png
47,3,661,lattice,7,q,img/target_1.png
47,3,662,lattice,9,r,img/target_4.png
47,3,663,lattice,0,e,img/target_3.png
47,3,664,lattice,8,p,img/target_10.png
47,3,665,lattice,9,r,img/target_4.png
47,3,666,lattice,1,b,img/target_6.png
47,3,667,lattice,3,w,img/target_2.png
47,3,668,lattice,4,i,img/target_8.png
47,3,669,lattice,2,o,img/target_9.png
47,3,670,lattice,4,i,img/target_8.png
47,3,671,lattice,2,o,img/target_9.png
47,3,672,lattice,0,e,img/target_3.png
47,3,673,lattice,8,p,img/target_10.png
47,3,674,lattice,6,u,img/target_7.png
47,3,675,lattice,5,v,img/target_5.png
47,3,676,lattice,4,i,img/target_8.png
47,3,677,lattice,6,u,img/target_7.png
47,3,678,lattice,7,q,img/target_1.png
47,3,679,lattice,8,p,img/target_10.png
47,3,680,lattice,7,q,img/target_1.png
47,3,681,lattice,5,v,img/target_5.png
47,3,682,lattice,3,w,img/target_2.png
47,3,683,lattice,2,o,img/target_9.png
47,3,684,lattice,1,b,img/target_6.png
47,3,685,lattice,0,e,img/target_3.png
47,3,686,lattice,2,o,img/target_9.png
47,3,687,lattice,3,w,img/target_2.png
47,3,688,lattice,5,v,img/target_5.png
47,3,689,lattice,4,i,img/target_8.png
47,3,690,lattice,5,v,img/target_5.png
47,3,691,lattice,7,q,img/target_1.png
47,3,692,lattice,8,p,img/target_10.png
47,3,693,lattice,7,q,img/target_1.png
47,3,694,lattice,8,p,img/target_10.png
47,3,695,lattice,0,e,img/target_3.png
47,3,696,lattice,8,p,img/target_10.png
47,3,697,lattice,7,q,img/target_1.png
47,3,698,lattice,5,v,img/target_5.png
47,3,699,lattice,3,w,img/target_2.png
47,3,700,lattice,5,v,img/target_5.png
47,3,701,lattice,7,q,img/target_1.png
47,3,702,lattice,6,u,img/target_7.png
47,3,703,lattice,4,i,img/target_8.png
47,3,704,lattice,6,u,img/target_7.png
47,3,705,lattice,4,i,img/target_8.png
47,3,706,lattice,3,w,img/target_2.png
47,3,707,lattice,4,i,img/target_8.png
47,3,708,lattice,6,u,img/target_7.png
47,3,709,lattice,5,v,img/target_5.png
47,3,710,lattice,7,q,img/target_1.png
47,3,711,lattice,9,r,img/target_4.png
47,3,712,lattice,7,q,img/target_1.png
47,3,713,lattice,5,v,img/target_5.png
47,3,714,lattice,4,i,img/target_8.png
47,3,715,lattice,3,w,img/target_2.png
47,3,716,lattice,2,o,img/target_9.png
47,3,717,lattice,0,e,img/target_3.png
47,3,718,lattice,9,r,img/target_4.png
47,3,719,lattice,1,b,img/target_6.png
47,3,720,lattice,0,e,img/target_3.png
47,3,721,lattice,1,b,img/target_6.png
47,3,722,lattice,2,o,img/target_9.png
47,3,723,lattice,4,i,img/target_8.png
47,3,724,lattice,2,o,img/target_9.png
47,3,725,lattice,0,e,img/target_3.png
47,3,726,lattice,8,p,img/target_10.png
47,3,727,lattice,6,u,img/target_7.png
47,3,728,lattice,5,v,img/target_5.png
47,3,729,lattice,3,w,img/target_2.png
47,3,730,lattice,2,o,img/target_9.png
47,3,731,lattice,0,e,img/target_3.png
47,3,732,lattice,1,b,img/target_6.png
47,3,733,lattice,9,r,img/target_4.png
47,3,734,lattice,7,q,img/target_1.png
47,3,735,lattice,6,u,img/target_7.png
47,3,736,lattice,7,q,img/target_1.png
47,3,737,lattice,6,u,img/target_7.png
47,3,738,lattice,4,i,img/target_8.png
47,3,739,lattice,3,w,img/target_2.png
47,3,740,lattice,5,v,img/target_5.png
47,3,741,lattice,4,i,img/target_8.png
47,3,742,lattice,3,w,img/target_2.png
47,3,743,lattice,4,i,img/target_8.png
47,3,744,lattice,2,o,img/target_9.png
47,3,745,lattice,0,e,img/target_3.png
47,3,746,lattice,1,b,img/target_6.png
47,3,747,lattice,2,o,img/target_9.png
47,3,748,lattice,1,b,img/target_6.png
47,3,749,lattice,9,r,img/target_4.png
47,3,750,lattice,1,b,img/target_6.png
47,3,751,lattice,3,w,img/target_2.png
47,3,752,lattice,2,o,img/target_9.png
47,3,753,lattice,3,w,img/target_2.png
47,3,754,lattice,1,b,img/target_6.png
47,3,755,lattice,2,o,img/target_9.png
47,3,756,lattice,1,b,img/target_6.png
47,3,757,lattice,3,w,img/target_2.png
47,3,758,lattice,2,o,img/target_9.png
47,3,759,lattice,4,i,img/target_8.png
47,3,760,lattice,3,w,img/target_2.png
47,3,761,lattice,5,v,img/target_5.png
47,3,762,lattice,6,u,img/target_7.png
47,3,763,lattice,7,q,img/target_1.png
47,3,764,lattice,5,v,img/target_5.png
47,3,765,lattice,4,i,img/target_8.png
47,3,766,lattice,2,o,img/target_9.png
47,3,767,lattice,4,i,img/target_8.png
47,3,768,lattice,2,o,img/target_9.png
47,3,769,lattice,0,e,img/target_3.png
47,3,770,lattice,9,r,img/target_4.png
47,3,771,lattice,1,b,img/target_6.png
47,3,772,lattice,0,e,img/target_3.png
47,3,773,lattice,2,o,img/target_9.png
47,3,774,lattice,0,e,img/target_3.png
47,3,775,lattice,8,p,img/target_10.png
47,3,776,lattice,6,u,img/target_7.png
47,3,777,lattice,5,v,img/target_5.png
47,3,778,lattice,7,q,img/target_1.png
47,3,779,lattice,5,v,img/target_5.png
47,3,780,lattice,7,q,img/target_1.png
47,3,781,lattice,9,r,img/target_4.png
47,3,782,lattice,1,b,img/target_6.png
47,3,783,lattice,3,w,img/target_2.png
47,3,784,lattice,1,b,img/target_6.png
47,3,785,lattice,2,o,img/target_9.png
47,3,786,lattice,1,b,img/target_6.png
47,3,787,lattice,0,e,img/target_3.png
47,3,788,lattice,2,o,img/target_9.png
47,3,789,lattice,0,e,img/target_3.png
47,3,790,lattice,2,o,img/target_9.png
47,3,791,lattice,1,b,img/target_6.png
47,3,792,lattice,3,w,img/target_2.png
47,3,793,lattice,2,o,img/target_9.png
47,3,794,lattice,3,w,img/target_2.png
47,3,795,lattice,4,i,img/target_8.png
47,3,796,lattice,5,v,img/target_5.png
47,3,797,lattice,6,u,img/target_7.png
47,3,798,lattice,7,q,img/target_1.png
47,3,799,lattice,8,p,img/target_10.png
47,3,800,lattice,9,r,img/target_4.png
47,3,801,lattice,0,e,img/target_3.png
47,3,802,lattice,2,o,img/target_9.png
47,3,803,lattice,4,i,img/target_8.png
47,3,804,lattice,2,o,img/target_9.png
47,3,805,lattice,0,e,img/target_3.png
47,3,806,lattice,8,p,img/target_10.png
47,3,807,lattice,0,e,img/target_3.png
47,3,808,lattice,2,o,img/target_9.png
47,3,809,lattice,4,i,img/target_8.png
47,3,810,lattice,5,v,img/target_5.png
47,3,811,lattice,3,w,img/target_2.png
47,3,812,lattice,5,v,img/target_5.png
47,3,813,lattice,3,w,img/target_2.png
47,3,814,lattice,1,b,img/target_6.png
47,3,815,lattice,2,o,img/target_9.png
47,3,816,lattice,0,e,img/target_3.png
47,3,817,lattice,8,p,img/target_10.png
47,3,818,lattice,9,r,img/target_4.png
47,3,819,lattice,0,e,img/target_3.png
47,3,820,lattice,1,b,img/target_6.png
47,3,821,lattice,9,r,img/target_4.png
47,3,822,lattice,8,p,img/target_10.png
47,3,823,lattice,6,u,img/target_7.png
47,3,824,lattice,7,q,img/target_1.png
47,3,825,lattice,9,r,img/target_4.png
47,3,826,lattice,1,b,img/target_6.png
47,3,827,lattice,3,w,img/target_2.png
47,3,828,lattice,2,o,img/target_9.png
47,3,829,lattice,4,i,img/target_8.png
47,3,830,lattice,5,v,img/target_5.png
47,3,831,lattice,3,w,img/target_2.png
47,3,832,lattice,1,b,img/target_6.png
47,3,833,lattice,3,w,img/target_2.png
47,3,834,lattice,1,b,img/target_6.png
47,3,835,lattice,3,w,img/target_2.png
47,3,836,lattice,4,i,img/target_8.png
47,3,837,lattice,3,w,img/target_2.png
47,3,838,lattice,4,i,img/target_8.png
47,3,839,lattice,3,w,img/target_2.png
47,3,840,lattice,4,i,img/target_8.png
47,3,841,lattice,2,o,img/target_9.png
47,3,842,lattice,1,b,img/target_6.png
47,3,843,lattice,9,r,img/target_4.png
47,3,844,lattice,8,p,img/target_10.png
47,3,845,lattice,6,u,img/target_7.png
47,3,846,lattice,5,v,img/target_5.png
47,3,847,lattice,3,w,img/target_2.png
47,3,848,lattice,4,i,img/target_8.png
47,3,849,lattice,5,v,img/target_5.png
47,3,850,lattice,4,i,img/target_8.png
47,3,851,lattice,6,u,img/target_7.png
47,3,852,lattice,8,p,img/target_10.png
47,3,853,lattice,6,u,img/target_7.png
47,3,854,lattice,4,i,img/target_8.png
47,3,855,lattice,6,u,img/target_7.png
47,3,856,lattice,4,i,img/target_8.png
47,3,857,lattice,5,v,img/target_5.png
47,3,858,lattice,7,q,img/target_1.png
47,3,859,lattice,6,u,img/target_7.png
47,3,860,lattice,4,i,img/target_8.png
47,3,861,lattice,5,v,img/target_5.png
47,3,862,lattice,6,u,img/target_7.png
47,3,863,lattice,4,i,img/target_8.png
47,3,864,lattice,3,w,img/target_2.png
47,3,865,lattice,1,b,img/target_6.png
47,3,866,lattice,0,e,img/target_3.png
47,3,867,lattice,1,b,img/target_6.png
47,3,868,lattice,0,e,img/target_3.png
47,3,869,lattice,9,r,img/target_4.png
47,3,870,lattice,1,b,img/target_6.png
47,3,871,lattice,9,r,img/target_4.png
47,3,872,lattice,8,p,img/target_10.png
47,3,873,lattice,7,q,img/target_1.png
47,3,874,lattice,8,p,img/target_10.png
47,3,875,lattice,6,u,img/target_7.png
47,3,876,lattice,7,q,img/target_1.png
47,3,877,lattice,6,u,img/target_7.png
47,3,878,lattice,8,p,img/target_10.png
47,3,879,lattice,6,u,img/target_7.png
47,3,880,lattice,7,q,img/target_1.png
47,3,881,lattice,5,v,img/target_5.png
47,3,882,lattice,7,q,img/target_1.png
47,3,883,lattice,6,u,img/target_7.png
47,3,884,lattice,4,i,img/target_8.png
47,3,885,lattice,3,w,img/target_2.png
47,3,886,lattice,4,i,img/target_8.png
47,3,887,lattice,5,v,img/target_5.png
47,3,888,lattice,7,q,img/target_1.png
47,3,889,lattice,6,u,img/target_7.png
47,3,890,lattice,7,q,img/target_1.png
47,3,891,lattice,6,u,img/target_7.png
47,3,892,lattice,5,v,img/target_5.png
47,3,893,lattice,6,u,img/target_7.png
47,3,894,lattice,8,p,img/target_10.png
47,3,895,lattice,7,q,img/target_1.png
47,3,896,lattice,8,p,img/target_10.png
47,3,897,lattice,7,q,img/target_1.png
47,3,898,lattice,5,v,img/target_5.png
47,3,899,lattice,7,q,img/target_1.png
47,3,900,lattice,5,v,img/target_5.png
47,3,901,lattice,7,q,img/target_1.png
47,3,902,lattice,5,v,img/target_5.png
47,3,903,lattice,3,w,img/target_2.png
47,3,904,lattice,5,v,img/target_5.png
47,3,905,lattice,4,i,img/target_8.png
47,3,906,lattice,5,v,img/target_5.png
47,3,907,lattice,7,q,img/target_1.png
47,3,908,lattice,5,v,img/target_5.png
47,3,909,lattice,3,w,img/target_2.png
47,3,910,lattice,2,o,img/target_9.png
47,3,911,lattice,3,w,img/target_2.png
47,3,912,lattice,4,i,img/target_8.png
47,3,913,lattice,5,v,img/target_5.png
47,3,914,lattice,3,w,img/target_2.png
47,3,915,lattice,4,i,img/target_8.png
47,3,916,lattice,3,w,img/target_2.png
47,3,917,lattice,5,v,img/target_5.png
47,3,918,lattice,3,w,img/target_2.png
47,3,919,lattice,2,o,img/target_9.png
47,3,920,lattice,1,b,img/target_6.png
47,3,921,lattice,2,o,img/target_9.png
47,3,922,lattice,3,w,img/target_2.png
47,3,923,lattice,5,v,img/target_5.png
47,3,924,lattice,7,q,img/target_1.png
47,3,925,lattice,8,p,img/target_10.png
47,3,926,lattice,0,e,img/target_3.png
47,3,927,lattice,9,r,img/target_4.png
47,3,928,lattice,1,b,img/target_6.png
47,3,929,lattice,0,e,img/target_3.png
47,3,930,lattice,1,b,img/target_6.png
47,3,931,lattice,9,r,img/target_4.png
47,3,932,lattice,8,p,img/target_10.png
47,3,933,lattice,9,r,img/target_4.png
47,3,934,lattice,0,e,img/target_3.png
47,3,935,lattice,1,b,img/target_6.png
47,3,936,lattice,3,w,img/target_2.png
47,3,937,lattice,5,v,img/target_5.png
47,3,938,lattice,7,q,img/target_1.png
47,3,939,lattice,8,p,img/target_10.png
47,3,940,lattice,9,r,img/target_4.png
47,3,941,lattice,0,e,img/target_3.png
47,3,942,lattice,1,b,img/target_6.png
47,3,943,lattice,0,e,img/target_3.png
47,3,944,lattice,1,b,img/target_6.png
47,3,945,lattice,0,e,img/target_3.png
47,3,946,lattice,8,p,img/target_10.png
47,3,947,lattice,6,u,img/target_7.png
47,3,948,lattice,4,i,img/target_8.png
47,3,949,lattice,2,o,img/target_9.png
47,3,950,lattice,3,w,img/target_2.png
47,3,951,lattice,1,b,img/target_6.png
47,3,952,lattice,0,e,img/target_3.png
47,3,953,lattice,8,p,img/target_10.png
47,3,954,lattice,0,e,img/target_3.png
47,3,955,lattice,1,b,img/target_6.png
47,3,956,lattice,3,w,img/target_2.png
47,3,957,lattice,4,i,img/target_8.png
47,3,958,lattice,3,w,img/target_2.png
47,3,959,lattice,5,v,img/target_5.png
47,3,960,lattice,6,u,img/target_7.png
47,3,961,lattice,5,v,img/target_5.png
47,3,962,lattice,6,u,img/target_7.png
47,3,963,lattice,8,p,img/target_10.png
47,3,964,lattice,0,e,img/target_3.png
47,3,965,lattice,1,b,img/target_6.png
47,3,966,lattice,0,e,img/target_3.png
47,3,967,lattice,2,o,img/target_9.png
47,3,968,lattice,3,w,img/target_2.png
47,3,969,lattice,4,i,img/target_8.png
47,3,970,lattice,6,u,img/target_7.png
47,3,971,lattice,5,v,img/target_5.png
47,3,972,lattice,7,q,img/target_1.png
47,3,973,lattice,5,v,img/target_5.png
47,3,974,lattice,3,w,img/target_2.png
47,3,975,lattice,5,v,img/target_5.png
47,3,976,lattice,7,q,img/target_1.png
47,3,977,lattice,5,v,img/target_5.png
47,3,978,lattice,7,q,img/target_1.png
47,3,979,lattice,8,p,img/target_10.png
47,3,980,lattice,7,q,img/target_1.png
47,3,981,lattice,8,p,img/target_10.png
47,3,982,lattice,0,e,img/target_3.png
47,3,983,lattice,8,p,img/target_10.png
47,3,984,lattice,6,u,img/target_7.png
47,3,985,lattice,5,v,img/target_5.png
47,3,986,lattice,6,u,img/target_7.png
47,3,987,lattice,4,i,img/target_8.png
47,3,988,lattice,6,u,img/target_7.png
47,3,989,lattice,5,v,img/target_5.png
47,3,990,lattice,3,w,img/target_2.png
47,3,991,lattice,2,o,img/target_9.png
47,3,992,lattice,0,e,img/target_3.png
47,3,993,lattice,9,r,img/target_4.png
47,3,994,lattice,0,e,img/target_3.png
47,3,995,lattice,1,b,img/target_6.png
47,3,996,lattice,9,r,img/target_4.png
47,3,997,lattice,7,q,img/target_1.png
47,3,998,lattice,8,p,img/target_10.png
47,3,999,lattice,0,e,img/target_3.png
47,3,1000,lattice,8,p,img/target_10.png
