pID,sess,trialNum,graph,walk,resp,path
47,2,1,lattice,3,w,img/target_2.png
47,2,2,lattice,5,v,img/target_5.png
47,2,3,lattice,6,u,img/target_7.png
47,2,4,lattice,4,i,img/target_8.png
47,2,5,lattice,6,u,img/target_7.png
47,2,6,lattice,4,i,img/target_8.png
47,2,7,lattice,5,v,img/target_5.png
47,2,8,lattice,4,i,img/target_8.png
47,2,9,lattice,2,o,img/target_9.png
47,2,10,lattice,3,w,img/target_2.png
47,2,11,lattice,1,b,img/target_6.png
47,2,12,lattice,2,o,img/target_9.png
47,2,13,lattice,1,b,img/target_6.png
47,2,14,lattice,0,e,img/target_3.png
47,2,15,lattice,9,r,img/target_4.png
47,2,16,lattice,7,q,img/target_1.png
47,2,17,lattice,6,u,img/target_7.png
47,2,18,lattice,4,i,img/target_8.png
47,2,19,lattice,2,o,img/target_9.png
47,2,20,lattice,3,w,img/target_2.png
47,2,21,lattice,1,b,img/target_6.png
47,2,22,lattice,3,w,img/target_2.png
47,2,23,lattice,4,i,img/target_8.png
47,2,24,lattice,5,v,img/target_5.png
47,2,25,lattice,7,q,img/target_1.png
47,2,26,lattice,6,u,img/target_7.png
47,2,27,lattice,5,v,img/target_5.png
47,2,28,lattice,6,u,img/target_7.png
47,2,29,lattice,8,p,img/target_10.png
47,2,30,lattice,6,u,img/target_7.png
47,2,31,lattice,4,i,img/target_8.png
47,2,32,lattice,2,o,img/target_9.png
47,2,33,lattice,0,e,img/target_3.png
47,2,34,lattice,8,p,img/target_10.png
47,2,35,lattice,7,q,img/target_1.png
47,2,36,lattice,5,v,img/target_5.png
47,2,37,lattice,3,w,img/target_2.png
47,2,38,lattice,5,v,img/target_5.png
47,2,39,lattice,6,u,img/target_7.png
47,2,40,lattice,8,p,img/target_10.png
47,2,41,lattice,0,e,img/target_3.png
47,2,42,lattice,9,r,img/target_4.png
47,2,43,lattice,7,q,img/target_1.png
47,2,44,lattice,8,p,img/target_10.png
47,2,45,lattice,0,e,img/target_3.png
47,2,46,lattice,9,r,img/target_4.png
47,2,47,lattice,8,p,img/target_10.png
47,2,48,lattice,7,q,img/target_1.png
47,2,49,lattice,8,p,img/target_10.png
47,2,50,lattice,0,e,img/target_3.png
47,2,51,lattice,2,o,img/target_9.png
47,2,52,lattice,4,i,img/target_8.png
47,2,53,lattice,3,w,img/target_2.png
47,2,54,lattice,2,o,img/target_9.png
47,2,55,lattice,3,w,img/target_2.png
47,2,56,lattice,5,v,img/target_5.png
47,2,57,lattice,3,w,img/target_2.png
47,2,58,lattice,1,b,img/target_6.png
47,2,59,lattice,2,o,img/target_9.png
47,2,60,lattice,4,i,img/target_8.png
47,2,61,lattice,2,o,img/target_9.png
47,2,62,lattice,0,e,img/target_3.png
47,2,63,lattice,8,p,img/target_10.png
47,2,64,lattice,9,r,img/target_4.png
47,2,65,lattice,8,p,img/target_10.png
47,2,66,lattice,9,r,img/target_4.png
47,2,67,lattice,1,b,img/target_6.png
47,2,68,lattice,0,e,img/target_3.png
47,2,69,lattice,9,r,img/target_4.png
47,2,70,lattice,1,b,img/target_6.png
47,2,71,lattice,9,r,img/target_4.png
47,2,72,lattice,7,q,img/target_1.png
47,2,73,lattice,8,p,img/target_10.png
47,2,74,lattice,6,u,img/target_7.png
47,2,75,lattice,8,p,img/target_10.png
47,2,76,lattice,0,e,img/target_3.png
47,2,77,lattice,9,r,img/target_4.png
47,2,78,lattice,1,b,img/target_6.png
47,2,79,lattice,2,o,img/target_9.png
47,2,80,lattice,3,w,img/target_2.png
47,2,81,lattice,5,v,img/target_5.png
47,2,82,lattice,4,i,img/target_8.png
47,2,83,lattice,3,w,img/target_2.png
47,2,84,lattice,1,b,img/target_6.png
47,2,85,lattice,2,o,img/target_9.png
47,2,86,lattice,4,i,img/target_8.png
47,2,87,lattice,6,u,img/target_7.png
47,2,88,lattice,4,i,img/target_8.png
47,2,89,lattice,2,o,img/target_9.png
47,2,90,lattice,3,w,img/target_2.png
47,2,91,lattice,2,o,img/target_9.png
47,2,92,lattice,3,w,img/target_2.png
47,2,93,lattice,2,o,img/target_9.png
47,2,94,lattice,1,b,img/target_6.png
47,2,95,lattice,9,r,img/target_4.png
47,2,96,lattice,1,b,img/target_6.png
47,2,97,lattice,9,r,img/target_4.png
47,2,98,lattice,7,q,img/target_1.png
47,2,99,lattice,9,r,img/target_4.png
47,2,100,lattice,0,e,img/target_3.png
47,2,101,lattice,2,o,img/target_9.png
47,2,102,lattice,1,b,img/target_6.png
47,2,103,lattice,9,r,img/target_4.png
47,2,104,lattice,8,p,img/target_10.png
47,2,105,lattice,9,r,img/target_4.png
47,2,106,lattice,1,b,img/target_6.png
47,2,107,lattice,2,o,img/target_9.png
47,2,108,lattice,3,w,img/target_2.png
47,2,109,lattice,1,b,img/target_6.png
47,2,110,lattice,0,e,img/target_3.png
47,2,111,lattice,9,r,img/target_4.png
47,2,112,lattice,0,e,img/target_3.png
47,2,113,lattice,8,p,img/target_10.png
47,2,114,lattice,0,e,img/target_3.png
47,2,115,lattice,2,o,img/target_9.png
47,2,116,lattice,4,i,img/target_8.png
47,2,117,lattice,2,o,img/target_9.png
47,2,118,lattice,3,w,img/target_2.png
47,2,119,lattice,1,b,img/target_6.png
47,2,120,lattice,9,r,img/target_4.png
47,2,121,lattice,8,p,img/target_10.png
47,2,122,lattice,0,e,img/target_3.png
47,2,123,lattice,8,p,img/target_10.png
47,2,124,lattice,7,q,img/target_1.png
47,2,125,lattice,5,v,img/target_5.png
47,2,126,lattice,4,i,img/target_8.png
47,2,127,lattice,5,v,img/target_5.png
47,2,128,lattice,4,i,img/target_8.png
47,2,129,lattice,3,w,img/target_2.png
47,2,130,lattice,2,o,img/target_9.png
47,2,131,lattice,1,b,img/target_6.png
47,2,132,lattice,9,r,img/target_4.png
47,2,133,lattice,8,p,img/target_10.png
47,2,134,lattice,0,e,img/target_3.png
47,2,135,lattice,9,r,img/target_4.png
47,2,136,lattice,0,e,img/target_3.png
47,2,137,lattice,1,b,img/target_6.png
47,2,138,lattice,0,e,img/target_3.png
47,2,139,lattice,8,p,img/target_10.png
47,2,140,lattice,6,u,img/target_7.png
47,2,141,lattice,7,q,img/target_1.png
47,2,142,lattice,8,p,img/target_10.png
47,2,143,lattice,7,q,img/target_1.png
47,2,144,lattice,8,p,img/target_10.png
47,2,145,lattice,0,e,img/target_3.png
47,2,146,lattice,8,p,img/target_10.png
47,2,147,lattice,6,u,img/target_7.png
47,2,148,lattice,7,q,img/target_1.png
47,2,149,lattice,9,r,img/target_4.png
47,2,150,lattice,7,q,img/target_1.png
47,2,151,lattice,9,r,img/target_4.png
47,2,152,lattice,0,e,img/target_3.png
47,2,153,lattice,1,b,img/target_6.png
47,2,154,lattice,2,o,img/target_9.png
47,2,155,lattice,0,e,img/target_3.png
47,2,156,lattice,2,o,img/target_9.png
47,2,157,lattice,0,e,img/target_3.png
47,2,158,lattice,2,o,img/target_9.png
47,2,159,lattice,1,b,img/target_6.png
47,2,160,lattice,0,e,img/target_3.png
47,2,161,lattice,1,b,img/target_6.png
47,2,162,lattice,0,e,img/target_3.png
47,2,163,lattice,1,b,img/target_6.png
47,2,164,lattice,9,r,img/target_4.png
47,2,165,lattice,8,p,img/target_10.png
47,2,166,lattice,6,u,img/target_7.png
47,2,167,lattice,7,q,img/target_1.png
47,2,168,lattice,8,p,img/target_10.png
47,2,169,lattice,6,u,img/target_7.png
47,2,170,lattice,4,i,img/target_8.png
47,2,171,lattice,6,u,img/target_7.png
47,2,172,lattice,8,p,img/target_10.png
47,2,173,lattice,9,r,img/target_4.png
47,2,174,lattice,1,b,img/target_6.png
47,2,175,lattice,3,w,img/target_2.png
47,2,176,lattice,5,v,img/target_5.png
47,2,177,lattice,4,i,img/target_8.png
47,2,178,lattice,5,v,img/target_5.png
47,2,179,lattice,4,i,img/target_8.png
47,2,180,lattice,5,v,img/target_5.png
47,2,181,lattice,6,u,img/target_7.png
47,2,182,lattice,7,q,img/target_1.png
47,2,183,lattice,8,p,img/target_10.png
47,2,184,lattice,9,r,img/target_4.png
47,2,185,lattice,1,b,img/target_6.png
47,2,186,lattice,0,e,img/target_3.png
47,2,187,lattice,9,r,img/target_4.png
47,2,188,lattice,1,b,img/target_6.png
47,2,189,lattice,0,e,img/target_3.png
47,2,190,lattice,2,o,img/target_9.png
47,2,191,lattice,3,w,img/target_2.png
47,2,192,lattice,2,o,img/target_9.png
47,2,193,lattice,1,b,img/target_6.png
47,2,194,lattice,9,r,img/target_4.png
47,2,195,lattice,7,q,img/target_1.png
47,2,196,lattice,5,v,img/target_5.png
47,2,197,lattice,6,u,img/target_7.png
47,2,198,lattice,5,v,img/target_5.png
47,2,199,lattice,3,w,img/target_2.png
47,2,200,lattice,1,b,img/target_6.png
47,2,201,lattice,2,o,img/target_9.png
47,2,202,lattice,3,w,img/target_2.png
47,2,203,lattice,1,b,img/target_6.png
47,2,204,lattice,2,o,img/target_9.png
47,2,205,lattice,3,w,img/target_2.png
47,2,206,lattice,4,i,img/target_8.png
47,2,207,lattice,6,u,img/target_7.png
47,2,208,lattice,5,v,img/target_5.png
47,2,209,lattice,4,i,img/target_8.png
47,2,210,lattice,2,o,img/target_9.png
47,2,211,lattice,4,i,img/target_8.png
47,2,212,lattice,6,u,img/target_7.png
47,2,213,lattice,8,p,img/target_10.png
47,2,214,lattice,7,q,img/target_1.png
47,2,215,lattice,9,r,img/target_4.png
47,2,216,lattice,8,p,img/target_10.png
47,2,217,lattice,9,r,img/target_4.png
47,2,218,lattice,7,q,img/target_1.png
47,2,219,lattice,6,u,img/target_7.png
47,2,220,lattice,8,p,img/target_10.png
47,2,221,lattice,7,q,img/target_1.png
47,2,222,lattice,8,p,img/target_10.png
47,2,223,lattice,6,u,img/target_7.png
47,2,224,lattice,7,q,img/target_1.png
47,2,225,lattice,5,v,img/target_5.png
47,2,226,lattice,6,u,img/target_7.png
47,2,227,lattice,7,q,img/target_1.png
47,2,228,lattice,8,p,img/target_10.png
47,2,229,lattice,6,u,img/target_7.png
47,2,230,lattice,7,q,img/target_1.png
47,2,231,lattice,6,u,img/target_7.png
47,2,232,lattice,5,v,img/target_5.png
47,2,233,lattice,4,i,img/target_8.png
47,2,234,lattice,6,u,img/target_7.png
47,2,235,lattice,7,q,img/target_1.png
47,2,236,lattice,9,r,img/target_4.png
47,2,237,lattice,1,b,img/target_6.png
47,2,238,lattice,2,o,img/target_9.png
47,2,239,lattice,0,e,img/target_3.png
47,2,240,lattice,2,o,img/target_9.png
47,2,241,lattice,0,e,img/target_3.png
47,2,242,lattice,9,r,img/target_4.png
47,2,243,lattice,0,e,img/target_3.png
47,2,244,lattice,2,o,img/target_9.png
47,2,245,lattice,1,b,img/target_6.png
47,2,246,lattice,2,o,img/target_9.png
47,2,247,lattice,3,w,img/target_2.png
47,2,248,lattice,1,b,img/target_6.png
47,2,249,lattice,9,r,img/target_4.png
47,2,250,lattice,0,e,img/target_3.png
47,2,251,lattice,2,o,img/target_9.png
47,2,252,lattice,1,b,img/target_6.png
47,2,253,lattice,0,e,img/target_3.png
47,2,254,lattice,2,o,img/target_9.png
47,2,255,lattice,3,w,img/target_2.png
47,2,256,lattice,2,o,img/target_9.png
47,2,257,lattice,1,b,img/target_6.png
47,2,258,lattice,2,o,img/target_9.png
47,2,259,lattice,4,i,img/target_8.png
47,2,260,lattice,3,w,img/target_2.png
47,2,261,lattice,4,i,img/target_8.png
47,2,262,lattice,5,v,img/target_5.png
47,2,263,lattice,6,u,img/target_7.png
47,2,264,lattice,8,p,img/target_10.png
47,2,265,lattice,0,e,img/target_3.png
47,2,266,lattice,2,o,img/target_9.png
47,2,267,lattice,0,e,img/target_3.png
47,2,268,lattice,9,r,img/target_4.png
47,2,269,lattice,7,q,img/target_1.png
47,2,270,lattice,5,v,img/target_5.png
47,2,271,lattice,7,q,img/target_1.png
47,2,272,lattice,5,v,img/target_5.png
47,2,273,lattice,6,u,img/target_7.png
47,2,274,lattice,8,p,img/target_10.png
47,2,275,lattice,9,r,img/target_4.png
47,2,276,lattice,7,q,img/target_1.png
47,2,277,lattice,8,p,img/target_10.png
47,2,278,lattice,6,u,img/target_7.png
47,2,279,lattice,7,q,img/target_1.png
47,2,280,lattice,8,p,img/target_10.png
47,2,281,lattice,0,e,img/target_3.png
47,2,282,lattice,8,p,img/target_10.png
47,2,283,lattice,0,e,img/target_3.png
47,2,284,lattice,8,p,img/target_10.png
47,2,285,lattice,9,r,img/target_4.png
47,2,286,lattice,1,b,img/target_6.png
47,2,287,lattice,2,o,img/target_9.png
47,2,288,lattice,1,b,img/target_6.png
47,2,289,lattice,9,r,img/target_4.png
47,2,290,lattice,8,p,img/target_10.png
47,2,291,lattice,7,q,img/target_1.png
47,2,292,lattice,9,r,img/target_4.png
47,2,293,lattice,1,b,img/target_6.png
47,2,294,lattice,9,r,img/target_4.png
47,2,295,lattice,1,b,img/target_6.png
47,2,296,lattice,3,w,img/target_2.png
47,2,297,lattice,4,i,img/target_8.png
47,2,298,lattice,5,v,img/target_5.png
47,2,299,lattice,3,w,img/target_2.png
47,2,300,lattice,5,v,img/target_5.png
47,2,301,lattice,4,i,img/target_8.png
47,2,302,lattice,2,o,img/target_9.png
47,2,303,lattice,3,w,img/target_2.png
47,2,304,lattice,2,o,img/target_9.png
47,2,305,lattice,0,e,img/target_3.png
47,2,306,lattice,1,b,img/target_6.png
47,2,307,lattice,0,e,img/target_3.png
47,2,308,lattice,9,r,img/target_4.png
47,2,309,lattice,1,b,img/target_6.png
47,2,310,lattice,9,r,img/target_4.png
47,2,311,lattice,0,e,img/target_3.png
47,2,312,lattice,2,o,img/target_9.png
47,2,313,lattice,4,i,img/target_8.png
47,2,314,lattice,6,u,img/target_7.png
47,2,315,lattice,7,q,img/target_1.png
47,2,316,lattice,5,v,img/target_5.png
47,2,317,lattice,6,u,img/target_7.png
47,2,318,lattice,4,i,img/target_8.png
47,2,319,lattice,6,u,img/target_7.png
47,2,320,lattice,7,q,img/target_1.png
47,2,321,lattice,5,v,img/target_5.png
47,2,322,lattice,7,q,img/target_1.png
47,2,323,lattice,8,p,img/target_10.png
47,2,324,lattice,7,q,img/target_1.png
47,2,325,lattice,8,p,img/target_10.png
47,2,326,lattice,6,u,img/target_7.png
47,2,327,lattice,7,q,img/target_1.png
47,2,328,lattice,9,r,img/target_4.png
47,2,329,lattice,0,e,img/target_3.png
47,2,330,lattice,8,p,img/target_10.png
47,2,331,lattice,6,u,img/target_7.png
47,2,332,lattice,4,i,img/target_8.png
47,2,333,lattice,5,v,img/target_5.png
47,2,334,lattice,4,i,img/target_8.png
47,2,335,lattice,6,u,img/target_7.png
47,2,336,lattice,7,q,img/target_1.png
47,2,337,lattice,9,r,img/target_4.png
47,2,338,lattice,8,p,img/target_10.png
47,2,339,lattice,6,u,img/target_7.png
47,2,340,lattice,7,q,img/target_1.png
47,2,341,lattice,5,v,img/target_5.png
47,2,342,lattice,7,q,img/target_1.png
47,2,343,lattice,6,u,img/target_7.png
47,2,344,lattice,5,v,img/target_5.png
47,2,345,lattice,7,q,img/target_1.png
47,2,346,lattice,8,p,img/target_10.png
47,2,347,lattice,9,r,img/target_4.png
47,2,348,lattice,0,e,img/target_3.png
47,2,349,lattice,2,o,img/target_9.png
47,2,350,lattice,3,w,img/target_2.png
47,2,351,lattice,1,b,img/target_6.png
47,2,352,lattice,9,r,img/target_4.png
47,2,353,lattice,1,b,img/target_6.png
47,2,354,lattice,2,o,img/target_9.png
47,2,355,lattice,4,i,img/target_8.png
47,2,356,lattice,2,o,img/target_9.png
47,2,357,lattice,1,b,img/target_6.png
47,2,358,lattice,0,e,img/target_3.png
47,2,359,lattice,1,b,img/target_6.png
47,2,360,lattice,3,w,img/target_2.png
47,2,361,lattice,5,v,img/target_5.png
47,2,362,lattice,6,u,img/target_7.png
47,2,363,lattice,4,i,img/target_8.png
47,2,364,lattice,6,u,img/target_7.png
47,2,365,lattice,7,q,img/target_1.png
47,2,366,lattice,5,v,img/target_5.png
47,2,367,lattice,4,i,img/target_8.png
47,2,368,lattice,5,v,img/target_5.png
47,2,369,lattice,7,q,img/target_1.png
47,2,370,lattice,5,v,img/target_5.png
47,2,371,lattice,7,q,img/target_1.png
47,2,372,lattice,8,p,img/target_10.png
47,2,373,lattice,9,r,img/target_4.png
47,2,374,lattice,8,p,img/target_10.png
47,2,375,lattice,6,u,img/target_7.png
47,2,376,lattice,5,v,img/target_5.png
47,2,377,lattice,3,w,img/target_2.png
47,2,378,lattice,4,i,img/target_8.png
47,2,379,lattice,3,w,img/target_2.png
47,2,380,lattice,4,i,img/target_8.png
47,2,381,lattice,6,u,img/target_7.png
47,2,382,lattice,5,v,img/target_5.png
47,2,383,lattice,6,u,img/target_7.png
47,2,384,lattice,7,q,img/target_1.png
47,2,385,lattice,5,v,img/target_5.png
47,2,386,lattice,4,i,img/target_8.png
47,2,387,lattice,5,v,img/target_5.png
47,2,388,lattice,7,q,img/target_1.png
47,2,389,lattice,8,p,img/target_10.png
47,2,390,lattice,9,r,img/target_4.png
47,2,391,lattice,8,p,img/target_10.png
47,2,392,lattice,6,u,img/target_7.png
47,2,393,lattice,4,i,img/target_8.png
47,2,394,lattice,5,v,img/target_5.png
47,2,395,lattice,6,u,img/target_7.png
47,2,396,lattice,7,q,img/target_1.png
47,2,397,lattice,9,r,img/target_4.png
47,2,398,lattice,1,b,img/target_6.png
47,2,399,lattice,2,o,img/target_9.png
47,2,400,lattice,3,w,img/target_2.png
47,2,401,lattice,5,v,img/target_5.png
47,2,402,lattice,3,w,img/target_2.png
47,2,403,lattice,5,v,img/target_5.png
47,2,404,lattice,3,w,img/target_2.png
47,2,405,lattice,1,b,img/target_6.png
47,2,406,lattice,2,o,img/target_9.png
47,2,407,lattice,0,e,img/target_3.png
47,2,408,lattice,8,p,img/target_10.png
47,2,409,lattice,7,q,img/target_1.png
47,2,410,lattice,8,p,img/target_10.png
47,2,411,lattice,9,r,img/target_4.png
47,2,412,lattice,0,e,img/target_3.png
47,2,413,lattice,9,r,img/target_4.png
47,2,414,lattice,1,b,img/target_6.png
47,2,415,lattice,9,r,img/target_4.png
47,2,416,lattice,1,b,img/target_6.png
47,2,417,lattice,2,o,img/target_9.png
47,2,418,lattice,0,e,img/target_3.png
47,2,419,lattice,1,b,img/target_6.png
47,2,420,lattice,3,w,img/target_2.png
47,2,421,lattice,4,i,img/target_8.png
47,2,422,lattice,5,v,img/target_5.png
47,2,423,lattice,4,i,img/target_8.png
47,2,424,lattice,6,u,img/target_7.png
47,2,425,lattice,4,i,img/target_8.png
47,2,426,lattice,2,o,img/target_9.png
47,2,427,lattice,4,i,img/target_8.png
47,2,428,lattice,2,o,img/target_9.png
47,2,429,lattice,3,w,img/target_2.png
47,2,430,lattice,1,b,img/target_6.png
47,2,431,lattice,2,o,img/target_9.png
47,2,432,lattice,1,b,img/target_6.png
47,2,433,lattice,2,o,img/target_9.png
47,2,434,lattice,0,e,img/target_3.png
47,2,435,lattice,1,b,img/target_6.png
47,2,436,lattice,9,r,img/target_4.png
47,2,437,lattice,7,q,img/target_1.png
47,2,438,lattice,5,v,img/target_5.png
47,2,439,lattice,4,i,img/target_8.png
47,2,440,lattice,6,u,img/target_7.png
47,2,441,lattice,4,i,img/target_8.png
47,2,442,lattice,2,o,img/target_9.png
47,2,443,lattice,0,e,img/target_3.png
47,2,444,lattice,8,p,img/target_10.png
47,2,445,lattice,0,e,img/target_3.png
47,2,446,lattice,2,o,img/target_9.png
47,2,447,lattice,1,b,img/target_6.png
47,2,448,lattice,3,w,img/target_2.png
47,2,449,lattice,2,o,img/target_9.png
47,2,450,lattice,4,i,img/target_8.png
47,2,451,lattice,2,o,img/target_9.png
47,2,452,lattice,1,b,img/target_6.png
47,2,453,lattice,3,w,img/target_2.png
47,2,454,lattice,1,b,img/target_6.png
47,2,455,lattice,9,r,img/target_4.png
47,2,456,lattice,8,p,img/target_10.png
47,2,457,lattice,7,q,img/target_1.png
47,2,458,lattice,9,r,img/target_4.png
47,2,459,lattice,1,b,img/target_6.png
47,2,460,lattice,3,w,img/target_2.png
47,2,461,lattice,5,v,img/target_5.png
47,2,462,lattice,6,u,img/target_7.png
47,2,463,lattice,5,v,img/target_5.png
47,2,464,lattice,4,i,img/target_8.png
47,2,465,lattice,2,o,img/target_9.png
47,2,466,lattice,3,w,img/target_2.png
47,2,467,lattice,2,o,img/target_9.png
47,2,468,lattice,3,w,img/target_2.png
47,2,469,lattice,4,i,img/target_8.png
47,2,470,lattice,6,u,img/target_7.png
47,2,471,lattice,5,v,img/target_5.png
47,2,472,lattice,6,u,img/target_7.png
47,2,473,lattice,5,v,img/target_5.png
47,2,474,lattice,4,i,img/target_8.png
47,2,475,lattice,2,o,img/target_9.png
47,2,476,lattice,1,b,img/target_6.png
47,2,477,lattice,2,o,img/target_9.png
47,2,478,lattice,4,i,img/target_8.png
47,2,479,lattice,5,v,img/target_5.png
47,2,480,lattice,7,q,img/target_1.png
47,2,481,lattice,5,v,img/target_5.png
47,2,482,lattice,4,i,img/target_8.png
47,2,483,lattice,5,v,img/target_5.png
47,2,484,lattice,7,q,img/target_1.png
47,2,485,lattice,9,r,img/target_4.png
47,2,486,lattice,0,e,img/target_3.png
47,2,487,lattice,2,o,img/target_9.png
47,2,488,lattice,0,e,img/target_3.png
47,2,489,lattice,1,b,img/target_6.png
47,2,490,lattice,3,w,img/target_2.png
47,2,491,lattice,2,o,img/target_9.png
47,2,492,lattice,3,w,img/target_2.png
47,2,493,lattice,4,i,img/target_8.png
47,2,494,lattice,5,v,img/target_5.png
47,2,495,lattice,7,q,img/target_1.png
47,2,496,lattice,9,r,img/target_4.png
47,2,497,lattice,0,e,img/target_3.png
47,2,498,lattice,2,o,img/target_9.png
47,2,499,lattice,1,b,img/target_6.png
47,2,500,lattice,2,o,img/target_9.png
47,2,501,lattice,1,b,img/target_6.png
47,2,502,lattice,0,e,img/target_3.png
47,2,503,lattice,1,b,img/target_6.png
47,2,504,lattice,2,o,img/target_9.png
47,2,505,lattice,4,i,img/target_8.png
47,2,506,lattice,3,w,img/target_2.png
47,2,507,lattice,4,i,img/target_8.png
47,2,508,lattice,5,v,img/target_5.png
47,2,509,lattice,4,i,img/target_8.png
47,2,510,lattice,3,w,img/target_2.png
47,2,511,lattice,2,o,img/target_9.png
47,2,512,lattice,1,b,img/target_6.png
47,2,513,lattice,3,w,img/target_2.png
47,2,514,lattice,4,i,img/target_8.png
47,2,515,lattice,6,u,img/target_7.png
47,2,516,lattice,5,v,img/target_5.png
47,2,517,lattice,4,i,img/target_8.png
47,2,518,lattice,3,w,img/target_2.png
47,2,519,lattice,5,v,img/target_5.png
47,2,520,lattice,6,u,img/target_7.png
47,2,521,lattice,5,v,img/target_5.png
47,2,522,lattice,6,u,img/target_7.png
47,2,523,lattice,4,i,img/target_8.png
47,2,524,lattice,3,w,img/target_2.png
47,2,525,lattice,4,i,img/target_8.png
47,2,526,lattice,6,u,img/target_7.png
47,2,527,lattice,4,i,img/target_8.png
47,2,528,lattice,3,w,img/target_2.png
47,2,529,lattice,4,i,img/target_8.png
47,2,530,lattice,6,u,img/target_7.png
47,2,531,lattice,5,v,img/target_5.png
47,2,532,lattice,3,w,img/target_2.png
47,2,533,lattice,1,b,img/target_6.png
47,2,534,lattice,3,w,img/target_2.png
47,2,535,lattice,4,i,img/target_8.png
47,2,536,lattice,6,u,img/target_7.png
47,2,537,lattice,7,q,img/target_1.png
47,2,538,lattice,8,p,img/target_10.png
47,2,539,lattice,6,u,img/target_7.png
47,2,540,lattice,4,i,img/target_8.png
47,2,541,lattice,2,o,img/target_9.png
47,2,542,lattice,1,b,img/target_6.png
47,2,543,lattice,0,e,img/target_3.png
47,2,544,lattice,1,b,img/target_6.png
47,2,545,lattice,3,w,img/target_2.png
47,2,546,lattice,1,b,img/target_6.png
47,2,547,lattice,0,e,img/target_3.png
47,2,548,lattice,1,b,img/target_6.png
47,2,549,lattice,3,w,img/target_2.png
47,2,550,lattice,1,b,img/target_6.png
47,2,551,lattice,2,o,img/target_9.png
47,2,552,lattice,3,w,img/target_2.png
47,2,553,lattice,1,b,img/target_6.png
47,2,554,lattice,9,r,img/target_4.png
47,2,555,lattice,1,b,img/target_6.png
47,2,556,lattice,9,r,img/target_4.png
47,2,557,lattice,1,b,img/target_6.png
47,2,558,lattice,3,w,img/target_2.png
47,2,559,lattice,2,o,img/target_9.png
47,2,560,lattice,0,e,img/target_3.png
47,2,561,lattice,1,b,img/target_6.png
47,2,562,lattice,2,o,img/target_9.png
47,2,563,lattice,0,e,img/target_3.png
47,2,564,lattice,2,o,img/target_9.png
47,2,565,lattice,1,b,img/target_6.png
47,2,566,lattice,2,o,img/target_9.png
47,2,567,lattice,3,w,img/target_2.png
47,2,568,lattice,1,b,img/target_6.png
47,2,569,lattice,3,w,img/target_2.png
47,2,570,lattice,4,i,img/target_8.png
47,2,571,lattice,6,u,img/target_7.png
47,2,572,lattice,7,q,img/target_1.png
47,2,573,lattice,8,p,img/target_10.png
47,2,574,lattice,0,e,img/target_3.png
47,2,575,lattice,9,r,img/target_4.png
47,2,576,lattice,0,e,img/target_3.png
47,2,577,lattice,2,o,img/target_9.png
47,2,578,lattice,1,b,img/target_6.png
47,2,579,lattice,3,w,img/target_2.png
47,2,580,lattice,1,b,img/target_6.png
47,2,581,lattice,9,r,img/target_4.png
47,2,582,lattice,8,p,img/target_10.png
47,2,583,lattice,7,q,img/target_1.png
47,2,584,lattice,8,p,img/target_10.png
47,2,585,lattice,9,r,img/target_4.png
47,2,586,lattice,7,q,img/target_1.png
47,2,587,lattice,9,r,img/target_4.png
47,2,588,lattice,8,p,img/target_10.png
47,2,589,lattice,9,r,img/target_4.png
47,2,590,lattice,8,p,img/target_10.png
47,2,591,lattice,0,e,img/target_3.png
47,2,592,lattice,9,r,img/target_4.png
47,2,593,lattice,1,b,img/target_6.png
47,2,594,lattice,9,r,img/target_4.png
47,2,595,lattice,7,q,img/target_1.png
47,2,596,lattice,5,v,img/target_5.png
47,2,597,lattice,6,u,img/target_7.png
47,2,598,lattice,5,v,img/target_5.png
47,2,599,lattice,4,i,img/target_8.png
47,2,600,lattice,6,u,img/target_7.png
47,2,601,lattice,8,p,img/target_10.png
47,2,602,lattice,7,q,img/target_1.png
47,2,603,lattice,9,r,img/target_4.png
47,2,604,lattice,1,b,img/target_6.png
47,2,605,lattice,0,e,img/target_3.png
47,2,606,lattice,1,b,img/target_6.png
47,2,607,lattice,9,r,img/target_4.png
47,2,608,lattice,8,p,img/target_10.png
47,2,609,lattice,6,u,img/target_7.png
47,2,610,lattice,5,v,img/target_5.png
47,2,611,lattice,7,q,img/target_1.png
47,2,612,lattice,9,r,img/target_4.png
47,2,613,lattice,8,p,img/target_10.png
47,2,614,lattice,0,e,img/target_3.png
47,2,615,lattice,8,p,img/target_10.png
47,2,616,lattice,9,r,img/target_4.png
47,2,617,lattice,0,e,img/target_3.png
47,2,618,lattice,8,p,img/target_10.png
47,2,619,lattice,7,q,img/target_1.png
47,2,620,lattice,6,u,img/target_7.png
47,2,621,lattice,7,q,img/target_1.png
47,2,622,lattice,9,r,img/target_4.png
47,2,623,lattice,1,b,img/target_6.png
47,2,624,lattice,9,r,img/target_4.png
47,2,625,lattice,7,q,img/target_1.png
47,2,626,lattice,9,r,img/target_4.png
47,2,627,lattice,1,b,img/target_6.png
47,2,628,lattice,0,e,img/target_3.png
47,2,629,lattice,9,r,img/target_4.png
47,2,630,lattice,7,q,img/target_1.png
47,2,631,lattice,6,u,img/target_7.png
47,2,632,lattice,5,v,img/target_5.png
47,2,633,lattice,6,u,img/target_7.png
47,2,634,lattice,7,q,img/target_1.png
47,2,635,lattice,9,r,img/target_4.png
47,2,636,lattice,0,e,img/target_3.png
47,2,637,lattice,8,p,img/target_10.png
47,2,638,lattice,6,u,img/target_7.png
47,2,639,lattice,8,p,img/target_10.png
47,2,640,lattice,6,u,img/target_7.png
47,2,641,lattice,8,p,img/target_10.png
47,2,642,lattice,6,u,img/target_7.png
47,2,643,lattice,5,v,img/target_5.png
47,2,644,lattice,6,u,img/target_7.png
47,2,645,lattice,7,q,img/target_1.png
47,2,646,lattice,5,v,img/target_5.png
47,2,647,lattice,3,w,img/target_2.png
47,2,648,lattice,1,b,img/target_6.png
47,2,649,lattice,3,w,img/target_2.png
47,2,650,lattice,1,b,img/target_6.png
47,2,651,lattice,2,o,img/target_9.png
47,2,652,lattice,4,i,img/target_8.png
47,2,653,lattice,3,w,img/target_2.png
47,2,654,lattice,2,o,img/target_9.png
47,2,655,lattice,4,i,img/target_8.png
47,2,656,lattice,5,v,img/target_5.png
47,2,657,lattice,3,w,img/target_2.png
47,2,658,lattice,5,v,img/target_5.png
47,2,659,lattice,4,i,img/target_8.png
47,2,660,lattice,6,u,img/target_7.png
47,2,661,lattice,8,p,img/target_10.png
47,2,662,lattice,9,r,img/target_4.png
47,2,663,lattice,7,q,img/target_1.png
47,2,664,lattice,6,u,img/target_7.png
47,2,665,lattice,4,i,img/target_8.png
47,2,666,lattice,2,o,img/target_9.png
47,2,667,lattice,0,e,img/target_3.png
47,2,668,lattice,1,b,img/target_6.png
47,2,669,lattice,9,r,img/target_4.png
47,2,670,lattice,7,q,img/target_1.png
47,2,671,lattice,6,u,img/target_7.png
47,2,672,lattice,4,i,img/target_8.png
47,2,673,lattice,5,v,img/target_5.png
47,2,674,lattice,4,i,img/target_8.png
47,2,675,lattice,3,w,img/target_2.png
47,2,676,lattice,2,o,img/target_9.png
47,2,677,lattice,0,e,img/target_3.png
47,2,678,lattice,8,p,img/target_10.png
47,2,679,lattice,9,r,img/target_4.png
47,2,680,lattice,7,q,img/target_1.png
47,2,681,lattice,5,v,img/target_5.png
47,2,682,lattice,3,w,img/target_2.png
47,2,683,lattice,1,b,img/target_6.png
47,2,684,lattice,0,e,img/target_3.png
47,2,685,lattice,9,r,img/target_4.png
47,2,686,lattice,1,b,img/target_6.png
47,2,687,lattice,0,e,img/target_3.png
47,2,688,lattice,9,r,img/target_4.png
47,2,689,lattice,0,e,img/target_3.png
47,2,690,lattice,1,b,img/target_6.png
47,2,691,lattice,2,o,img/target_9.png
47,2,692,lattice,3,w,img/target_2.png
47,2,693,lattice,2,o,img/target_9.png
47,2,694,lattice,1,b,img/target_6.png
47,2,695,lattice,9,r,img/target_4.png
47,2,696,lattice,1,b,img/target_6.png
47,2,697,lattice,9,r,img/target_4.png
47,2,698,lattice,8,p,img/target_10.png
47,2,699,lattice,9,r,img/target_4.png
47,2,700,lattice,7,q,img/target_1.png
47,2,701,lattice,5,v,img/target_5.png
47,2,702,lattice,7,q,img/target_1.png
47,2,703,lattice,5,v,img/target_5.png
47,2,704,lattice,6,u,img/target_7.png
47,2,705,lattice,5,v,img/target_5.png
47,2,706,lattice,3,w,img/target_2.png
47,2,707,lattice,5,v,img/target_5.png
47,2,708,lattice,7,q,img/target_1.png
47,2,709,lattice,5,v,img/target_5.png
47,2,710,lattice,6,u,img/target_7.png
47,2,711,lattice,4,i,img/target_8.png
47,2,712,lattice,2,o,img/target_9.png
47,2,713,lattice,3,w,img/target_2.png
47,2,714,lattice,4,i,img/target_8.png
47,2,715,lattice,3,w,img/target_2.png
47,2,716,lattice,1,b,img/target_6.png
47,2,717,lattice,2,o,img/target_9.png
47,2,718,lattice,4,i,img/target_8.png
47,2,719,lattice,5,v,img/target_5.png
47,2,720,lattice,6,u,img/target_7.png
47,2,721,lattice,4,i,img/target_8.png
47,2,722,lattice,5,v,img/target_5.png
47,2,723,lattice,6,u,img/target_7.png
47,2,724,lattice,5,v,img/target_5.png
47,2,725,lattice,6,u,img/target_7.png
47,2,726,lattice,5,v,img/target_5.png
47,2,727,lattice,4,i,img/target_8.png
47,2,728,lattice,2,o,img/target_9.png
47,2,729,lattice,0,e,img/target_3.png
47,2,730,lattice,9,r,img/target_4.png
47,2,731,lattice,0,e,img/target_3.png
47,2,732,lattice,9,r,img/target_4.png
47,2,733,lattice,7,q,img/target_1.png
47,2,734,lattice,9,r,img/target_4.png
47,2,735,lattice,8,p,img/target_10.png
47,2,736,lattice,7,q,img/target_1.png
47,2,737,lattice,6,u,img/target_7.png
47,2,738,lattice,7,q,img/target_1.png
47,2,739,lattice,8,p,img/target_10.png
47,2,740,lattice,9,r,img/target_4.png
47,2,741,lattice,8,p,img/target_10.png
47,2,742,lattice,0,e,img/target_3.png
47,2,743,lattice,9,r,img/target_4.png
47,2,744,lattice,7,q,img/target_1.png
47,2,745,lattice,8,p,img/target_10.png
47,2,746,lattice,0,e,img/target_3.png
47,2,747,lattice,2,o,img/target_9.png
47,2,748,lattice,0,e,img/target_3.png
47,2,749,lattice,2,o,img/target_9.png
47,2,750,lattice,3,w,img/target_2.png
47,2,751,lattice,4,i,img/target_8.png
47,2,752,lattice,5,v,img/target_5.png
47,2,753,lattice,6,u,img/target_7.png
47,2,754,lattice,8,p,img/target_10.png
47,2,755,lattice,0,e,img/target_3.png
47,2,756,lattice,9,r,img/target_4.png
47,2,757,lattice,0,e,img/target_3.png
47,2,758,lattice,2,o,img/target_9.png
47,2,759,lattice,0,e,img/target_3.png
47,2,760,lattice,1,b,img/target_6.png
47,2,761,lattice,2,o,img/target_9.png
47,2,762,lattice,3,w,img/target_2.png
47,2,763,lattice,5,v,img/target_5.png
47,2,764,lattice,7,q,img/target_1.png
47,2,765,lattice,8,p,img/target_10.png
47,2,766,lattice,0,e,img/target_3.png
47,2,767,lattice,2,o,img/target_9.png
47,2,768,lattice,4,i,img/target_8.png
47,2,769,lattice,6,u,img/target_7.png
47,2,770,lattice,4,i,img/target_8.png
47,2,771,lattice,3,w,img/target_2.png
47,2,772,lattice,4,i,img/target_8.png
47,2,773,lattice,2,o,img/target_9.png
47,2,774,lattice,4,i,img/target_8.png
47,2,775,lattice,3,w,img/target_2.png
47,2,776,lattice,1,b,img/target_6.png
47,2,777,lattice,0,e,img/target_3.png
47,2,778,lattice,8,p,img/target_10.png
47,2,779,lattice,0,e,img/target_3.png
47,2,780,lattice,1,b,img/target_6.png
47,2,781,lattice,2,o,img/target_9.png
47,2,782,lattice,3,w,img/target_2.png
47,2,783,lattice,2,o,img/target_9.png
47,2,784,lattice,4,i,img/target_8.png
47,2,785,lattice,3,w,img/target_2.png
47,2,786,lattice,5,v,img/target_5.png
47,2,787,lattice,6,u,img/target_7.png
47,2,788,lattice,8,p,img/target_10.png
47,2,789,lattice,9,r,img/target_4.png
47,2,790,lattice,7,q,img/target_1.png
47,2,791,lattice,6,u,img/target_7.png
47,2,792,lattice,7,q,img/target_1.png
47,2,793,lattice,8,p,img/target_10.png
47,2,794,lattice,7,q,img/target_1.png
47,2,795,lattice,9,r,img/target_4.png
47,2,796,lattice,0,e,img/target_3.png
47,2,797,lattice,9,r,img/target_4.png
47,2,798,lattice,7,q,img/target_1.png
47,2,799,lattice,6,u,img/target_7.png
47,2,800,lattice,8,p,img/target_10.png
47,2,801,lattice,9,r,img/target_4.png
47,2,802,lattice,0,e,img/target_3.png
47,2,803,lattice,2,o,img/target_9.png
47,2,804,lattice,4,i,img/target_8.png
47,2,805,lattice,3,w,img/target_2.png
47,2,806,lattice,5,v,img/target_5.png
47,2,807,lattice,6,u,img/target_7.png
47,2,808,lattice,5,v,img/target_5.png
47,2,809,lattice,7,q,img/target_1.png
47,2,810,lattice,8,p,img/target_10.png
47,2,811,lattice,0,e,img/target_3.png
47,2,812,lattice,2,o,img/target_9.png
47,2,813,lattice,3,w,img/target_2.png
47,2,814,lattice,4,i,img/target_8.png
47,2,815,lattice,6,u,img/target_7.png
47,2,816,lattice,7,q,img/target_1.png
47,2,817,lattice,6,u,img/target_7.png
47,2,818,lattice,7,q,img/target_1.png
47,2,819,lattice,9,r,img/target_4.png
47,2,820,lattice,0,e,img/target_3.png
47,2,821,lattice,9,r,img/target_4.png
47,2,822,lattice,1,b,img/target_6.png
47,2,823,lattice,0,e,img/target_3.png
47,2,824,lattice,9,r,img/target_4.png
47,2,825,lattice,0,e,img/target_3.png
47,2,826,lattice,8,p,img/target_10.png
47,2,827,lattice,9,r,img/target_4.png
47,2,828,lattice,8,p,img/target_10.png
47,2,829,lattice,0,e,img/target_3.png
47,2,830,lattice,9,r,img/target_4.png
47,2,831,lattice,0,e,img/target_3.png
47,2,832,lattice,8,p,img/target_10.png
47,2,833,lattice,6,u,img/target_7.png
47,2,834,lattice,5,v,img/target_5.png
47,2,835,lattice,6,u,img/target_7.png
47,2,836,lattice,8,p,img/target_10.png
47,2,837,lattice,6,u,img/target_7.png
47,2,838,lattice,5,v,img/target_5.png
47,2,839,lattice,6,u,img/target_7.png
47,2,840,lattice,5,v,img/target_5.png
47,2,841,lattice,7,q,img/target_1.png
47,2,842,lattice,5,v,img/target_5.png
47,2,843,lattice,4,i,img/target_8.png
47,2,844,lattice,2,o,img/target_9.png
47,2,845,lattice,3,w,img/target_2.png
47,2,846,lattice,4,i,img/target_8.png
47,2,847,lattice,5,v,img/target_5.png
47,2,848,lattice,6,u,img/target_7.png
47,2,849,lattice,7,q,img/target_1.png
47,2,850,lattice,5,v,img/target_5.png
47,2,851,lattice,7,q,img/target_1.png
47,2,852,lattice,8,p,img/target_10.png
47,2,853,lattice,7,q,img/target_1.png
47,2,854,lattice,5,v,img/target_5.png
47,2,855,lattice,7,q,img/target_1.png
47,2,856,lattice,5,v,img/target_5.png
47,2,857,lattice,4,i,img/target_8.png
47,2,858,lattice,5,v,img/target_5.png
47,2,859,lattice,3,w,img/target_2.png
47,2,860,lattice,5,v,img/target_5.png
47,2,861,lattice,7,q,img/target_1.png
47,2,862,lattice,5,v,img/target_5.png
47,2,863,lattice,7,q,img/target_1.png
47,2,864,lattice,8,p,img/target_10.png
47,2,865,lattice,6,u,img/target_7.png
47,2,866,lattice,4,i,img/target_8.png
47,2,867,lattice,3,w,img/target_2.png
47,2,868,lattice,4,i,img/target_8.png
47,2,869,lattice,2,o,img/target_9.png
47,2,870,lattice,4,i,img/target_8.png
47,2,871,lattice,6,u,img/target_7.png
47,2,872,lattice,4,i,img/target_8.png
47,2,873,lattice,2,o,img/target_9.png
47,2,874,lattice,4,i,img/target_8.png
47,2,875,lattice,6,u,img/target_7.png
47,2,876,lattice,4,i,img/target_8.png
47,2,877,lattice,6,u,img/target_7.png
47,2,878,lattice,8,p,img/target_10.png
47,2,879,lattice,7,q,img/target_1.png
47,2,880,lattice,9,r,img/target_4.png
47,2,881,lattice,1,b,img/target_6.png
47,2,882,lattice,9,r,img/target_4.png
47,2,883,lattice,1,b,img/target_6.png
47,2,884,lattice,9,r,img/target_4.png
47,2,885,lattice,8,p,img/target_10.png
47,2,886,lattice,7,q,img/target_1.png
47,2,887,lattice,5,v,img/target_5.png
47,2,888,lattice,4,i,img/target_8.png
47,2,889,lattice,2,o,img/target_9.png
47,2,890,lattice,3,w,img/target_2.png
47,2,891,lattice,1,b,img/target_6.png
47,2,892,lattice,3,w,img/target_2.png
47,2,893,lattice,1,b,img/target_6.png
47,2,894,lattice,2,o,img/target_9.png
47,2,895,lattice,4,i,img/target_8.png
47,2,896,lattice,5,v,img/target_5.png
47,2,897,lattice,6,u,img/target_7.png
47,2,898,lattice,4,i,img/target_8.png
47,2,899,lattice,2,o,img/target_9.png
47,2,900,lattice,4,i,img/target_8.png
47,2,901,lattice,3,w,img/target_2.png
47,2,902,lattice,4,i,img/target_8.png
47,2,903,lattice,6,u,img/target_7.png
47,2,904,lattice,4,i,img/target_8.png
47,2,905,lattice,5,v,img/target_5.png
47,2,906,lattice,6,u,img/target_7.png
47,2,907,lattice,4,i,img/target_8.png
47,2,908,lattice,3,w,img/target_2.png
47,2,909,lattice,1,b,img/target_6.png
47,2,910,lattice,3,w,img/target_2.png
47,2,911,lattice,2,o,img/target_9.png
47,2,912,lattice,4,i,img/target_8.png
47,2,913,lattice,6,u,img/target_7.png
47,2,914,lattice,4,i,img/target_8.png
47,2,915,lattice,6,u,img/target_7.png
47,2,916,lattice,7,q,img/target_1.png
47,2,917,lattice,6,u,img/target_7.png
47,2,918,lattice,7,q,img/target_1.png
47,2,919,lattice,6,u,img/target_7.png
47,2,920,lattice,5,v,img/target_5.png
47,2,921,lattice,7,q,img/target_1.png
47,2,922,lattice,5,v,img/target_5.png
47,2,923,lattice,6,u,img/target_7.png
47,2,924,lattice,4,i,img/target_8.png
47,2,925,lattice,2,o,img/target_9.png
47,2,926,lattice,3,w,img/target_2.png
47,2,927,lattice,4,i,img/target_8.png
47,2,928,lattice,6,u,img/target_7.png
47,2,929,lattice,4,i,img/target_8.png
47,2,930,lattice,5,v,img/target_5.png
47,2,931,lattice,6,u,img/target_7.png
47,2,932,lattice,5,v,img/target_5.png
47,2,933,lattice,7,q,img/target_1.png
47,2,934,lattice,5,v,img/target_5.png
47,2,935,lattice,6,u,img/target_7.png
47,2,936,lattice,5,v,img/target_5.png
47,2,937,lattice,4,i,img/target_8.png
47,2,938,lattice,3,w,img/target_2.png
47,2,939,lattice,1,b,img/target_6.png
47,2,940,lattice,9,r,img/target_4.png
47,2,941,lattice,1,b,img/target_6.png
47,2,942,lattice,9,r,img/target_4.png
47,2,943,lattice,1,b,img/target_6.png
47,2,944,lattice,9,r,img/target_4.png
47,2,945,lattice,0,e,img/target_3.png
47,2,946,lattice,1,b,img/target_6.png
47,2,947,lattice,0,e,img/target_3.png
47,2,948,lattice,9,r,img/target_4.png
47,2,949,lattice,1,b,img/target_6.png
47,2,950,lattice,0,e,img/target_3.png
47,2,951,lattice,8,p,img/target_10.png
47,2,952,lattice,7,q,img/target_1.png
47,2,953,lattice,8,p,img/target_10.png
47,2,954,lattice,9,r,img/target_4.png
47,2,955,lattice,8,p,img/target_10.png
47,2,956,lattice,9,r,img/target_4.png
47,2,957,lattice,8,p,img/target_10.png
47,2,958,lattice,0,e,img/target_3.png
47,2,959,lattice,2,o,img/target_9.png
47,2,960,lattice,3,w,img/target_2.png
47,2,961,lattice,2,o,img/target_9.png
47,2,962,lattice,3,w,img/target_2.png
47,2,963,lattice,4,i,img/target_8.png
47,2,964,lattice,5,v,img/target_5.png
47,2,965,lattice,4,i,img/target_8.png
47,2,966,lattice,3,w,img/target_2.png
47,2,967,lattice,5,v,img/target_5.png
47,2,968,lattice,3,w,img/target_2.png
47,2,969,lattice,4,i,img/target_8.png
47,2,970,lattice,5,v,img/target_5.png
47,2,971,lattice,4,i,img/target_8.png
47,2,972,lattice,5,v,img/target_5.png
47,2,973,lattice,3,w,img/target_2.png
47,2,974,lattice,2,o,img/target_9.png
47,2,975,lattice,0,e,img/target_3.png
47,2,976,lattice,8,p,img/target_10.png
47,2,977,lattice,9,r,img/target_4.png
47,2,978,lattice,8,p,img/target_10.png
47,2,979,lattice,0,e,img/target_3.png
47,2,980,lattice,1,b,img/target_6.png
47,2,981,lattice,3,w,img/target_2.png
47,2,982,lattice,4,i,img/target_8.png
47,2,983,lattice,5,v,img/target_5.png
47,2,984,lattice,3,w,img/target_2.png
47,2,985,lattice,5,v,img/target_5.png
47,2,986,lattice,4,i,img/target_8.png
47,2,987,lattice,5,v,img/target_5.png
47,2,988,lattice,3,w,img/target_2.png
47,2,989,lattice,4,i,img/target_8.png
47,2,990,lattice,3,w,img/target_2.png
47,2,991,lattice,1,b,img/target_6.png
47,2,992,lattice,2,o,img/target_9.png
47,2,993,lattice,1,b,img/target_6.png
47,2,994,lattice,0,e,img/target_3.png
47,2,995,lattice,9,r,img/target_4.png
47,2,996,lattice,7,q,img/target_1.png
47,2,997,lattice,8,p,img/target_10.png
47,2,998,lattice,6,u,img/target_7.png
47,2,999,lattice,4,i,img/target_8.png
47,2,1000,lattice,3,w,img/target_2.png
