pID,sess,trialNum,graph,walk,resp,path
47,1,1,lattice,3,w,img/target_2.png
47,1,2,lattice,5,v,img/target_5.png
47,1,3,lattice,4,i,img/target_8.png
47,1,4,lattice,3,w,img/target_2.png
47,1,5,lattice,1,b,img/target_6.png
47,1,6,lattice,0,e,img/target_3.png
47,1,7,lattice,2,o,img/target_9.png
47,1,8,lattice,0,e,img/target_3.png
47,1,9,lattice,2,o,img/target_9.png
47,1,10,lattice,4,i,img/target_8.png
47,1,11,lattice,2,o,img/target_9.png
47,1,12,lattice,3,w,img/target_2.png
47,1,13,lattice,2,o,img/target_9.png
47,1,14,lattice,4,i,img/target_8.png
47,1,15,lattice,6,u,img/target_7.png
47,1,16,lattice,5,v,img/target_5.png
47,1,17,lattice,3,w,img/target_2.png
47,1,18,lattice,2,o,img/target_9.png
47,1,19,lattice,1,b,img/target_6.png
47,1,20,lattice,2,o,img/target_9.png
47,1,21,lattice,1,b,img/target_6.png
47,1,22,lattice,3,w,img/target_2.png
47,1,23,lattice,4,i,img/target_8.png
47,1,24,lattice,2,o,img/target_9.png
47,1,25,lattice,3,w,img/target_2.png
47,1,26,lattice,5,v,img/target_5.png
47,1,27,lattice,3,w,img/target_2.png
47,1,28,lattice,5,v,img/target_5.png
47,1,29,lattice,4,i,img/target_8.png
47,1,30,lattice,3,w,img/target_2.png
47,1,31,lattice,1,b,img/target_6.png
47,1,32,lattice,0,e,img/target_3.png
47,1,33,lattice,1,b,img/target_6.png
47,1,34,lattice,3,w,img/target_2.png
47,1,35,lattice,5,v,img/target_5.png
47,1,36,lattice,7,q,img/target_1.png
47,1,37,lattice,8,p,img/target_10.png
47,1,38,lattice,0,e,img/target_3.png
47,1,39,lattice,9,r,img/target_4.png
47,1,40,lattice,0,e,img/target_3.png
47,1,41,lattice,9,r,img/target_4.png
47,1,42,lattice,7,q,img/target_1.png
47,1,43,lattice,9,r,img/target_4.png
47,1,44,lattice,7,q,img/target_1.png
47,1,45,lattice,9,r,img/target_4.png
47,1,46,lattice,7,q,img/target_1.png
47,1,47,lattice,5,v,img/target_5.png
47,1,48,lattice,3,w,img/target_2.png
47,1,49,lattice,2,o,img/target_9.png
47,1,50,lattice,1,b,img/target_6.png
47,1,51,lattice,9,r,img/target_4.png
47,1,52,lattice,1,b,img/target_6.png
47,1,53,lattice,3,w,img/target_2.png
47,1,54,lattice,4,i,img/target_8.png
47,1,55,lattice,2,o,img/target_9.png
47,1,56,lattice,0,e,img/target_3.png
47,1,57,lattice,9,r,img/target_4.png
47,1,58,lattice,1,b,img/target_6.png
47,1,59,lattice,0,e,img/target_3.png
47,1,60,lattice,9,r,img/target_4.png
47,1,61,lattice,8,p,img/target_10.png
47,1,62,lattice,9,r,img/target_4.png
47,1,63,lattice,1,b,img/target_6.png
47,1,64,lattice,9,r,img/target_4.png
47,1,65,lattice,8,p,img/target_10.png
47,1,66,lattice,7,q,img/target_1.png
47,1,67,lattice,8,p,img/target_10.png
47,1,68,lattice,9,r,img/target_4.png
47,1,69,lattice,0,e,img/target_3.png
47,1,70,lattice,1,b,img/target_6.png
47,1,71,lattice,0,e,img/target_3.png
47,1,72,lattice,9,r,img/target_4.png
47,1,73,lattice,8,p,img/target_10.png
47,1,74,lattice,7,q,img/target_1.png
47,1,75,lattice,5,v,img/target_5.png
47,1,76,lattice,6,u,img/target_7.png
47,1,77,lattice,4,i,img/target_8.png
47,1,78,lattice,3,w,img/target_2.png
47,1,79,lattice,4,i,img/target_8.png
47,1,80,lattice,2,o,img/target_9.png
47,1,81,lattice,0,e,img/target_3.png
47,1,82,lattice,9,r,img/target_4.png
47,1,83,lattice,8,p,img/target_10.png
47,1,84,lattice,6,u,img/target_7.png
47,1,85,lattice,7,q,img/target_1.png
47,1,86,lattice,9,r,img/target_4.png
47,1,87,lattice,7,q,img/target_1.png
47,1,88,lattice,6,u,img/target_7.png
47,1,89,lattice,4,i,img/target_8.png
47,1,90,lattice,5,v,img/target_5.png
47,1,91,lattice,7,q,img/target_1.png
47,1,92,lattice,6,u,img/target_7.png
47,1,93,lattice,7,q,img/target_1.png
47,1,94,lattice,5,v,img/target_5.png
47,1,95,lattice,3,w,img/target_2.png
47,1,96,lattice,2,o,img/target_9.png
47,1,97,lattice,4,i,img/target_8.png
47,1,98,lattice,5,v,img/target_5.png
47,1,99,lattice,4,i,img/target_8.png
47,1,100,lattice,3,w,img/target_2.png
47,1,101,lattice,5,v,img/target_5.png
47,1,102,lattice,7,q,img/target_1.png
47,1,103,lattice,5,v,img/target_5.png
47,1,104,lattice,7,q,img/target_1.png
47,1,105,lattice,5,v,img/target_5.png
47,1,106,lattice,6,u,img/target_7.png
47,1,107,lattice,5,v,img/target_5.png
47,1,108,lattice,6,u,img/target_7.png
47,1,109,lattice,8,p,img/target_10.png
47,1,110,lattice,9,r,img/target_4.png
47,1,111,lattice,0,e,img/target_3.png
47,1,112,lattice,2,o,img/target_9.png
47,1,113,lattice,0,e,img/target_3.png
47,1,114,lattice,9,r,img/target_4.png
47,1,115,lattice,7,q,img/target_1.png
47,1,116,lattice,8,p,img/target_10.png
47,1,117,lattice,0,e,img/target_3.png
47,1,118,lattice,1,b,img/target_6.png
47,1,119,lattice,2,o,img/target_9.png
47,1,120,lattice,3,w,img/target_2.png
47,1,121,lattice,4,i,img/target_8.png
47,1,122,lattice,5,v,img/target_5.png
47,1,123,lattice,7,q,img/target_1.png
47,1,124,lattice,6,u,img/target_7.png
47,1,125,lattice,8,p,img/target_10.png
47,1,126,lattice,6,u,img/target_7.png
47,1,127,lattice,4,i,img/target_8.png
47,1,128,lattice,5,v,img/target_5.png
47,1,129,lattice,7,q,img/target_1.png
47,1,130,lattice,8,p,img/target_10.png
47,1,131,lattice,7,q,img/target_1.png
47,1,132,lattice,6,u,img/target_7.png
47,1,133,lattice,5,v,img/target_5.png
47,1,134,lattice,4,i,img/target_8.png
47,1,135,lattice,6,u,img/target_7.png
47,1,136,lattice,4,i,img/target_8.png
47,1,137,lattice,6,u,img/target_7.png
47,1,138,lattice,7,q,img/target_1.png
47,1,139,lattice,9,r,img/target_4.png
47,1,140,lattice,8,p,img/target_10.png
47,1,141,lattice,0,e,img/target_3.png
47,1,142,lattice,8,p,img/target_10.png
47,1,143,lattice,9,r,img/target_4.png
47,1,144,lattice,8,p,img/target_10.png
47,1,145,lattice,6,u,img/target_7.png
47,1,146,lattice,4,i,img/target_8.png
47,1,147,lattice,5,v,img/target_5.png
47,1,148,lattice,7,q,img/target_1.png
47,1,149,lattice,8,p,img/target_10.png
47,1,150,lattice,0,e,img/target_3.png
47,1,151,lattice,1,b,img/target_6.png
47,1,152,lattice,2,o,img/target_9.png
47,1,153,lattice,3,w,img/target_2.png
47,1,154,lattice,4,i,img/target_8.png
47,1,155,lattice,6,u,img/target_7.png
47,1,156,lattice,7,q,img/target_1.png
47,1,157,lattice,8,p,img/target_10.png
47,1,158,lattice,9,r,img/target_4.png
47,1,159,lattice,7,q,img/target_1.png
47,1,160,lattice,8,p,img/target_10.png
47,1,161,lattice,9,r,img/target_4.png
47,1,162,lattice,7,q,img/target_1.png
47,1,163,lattice,8,p,img/target_10.png
47,1,164,lattice,9,r,img/target_4.png
47,1,165,lattice,0,e,img/target_3.png
47,1,166,lattice,9,r,img/target_4.png
47,1,167,lattice,0,e,img/target_3.png
47,1,168,lattice,8,p,img/target_10.png
47,1,169,lattice,7,q,img/target_1.png
47,1,170,lattice,6,u,img/target_7.png
47,1,171,lattice,8,p,img/target_10.png
47,1,172,lattice,7,q,img/target_1.png
47,1,173,lattice,5,v,img/target_5.png
47,1,174,lattice,6,u,img/target_7.png
47,1,175,lattice,7,q,img/target_1.png
47,1,176,lattice,9,r,img/target_4.png
47,1,177,lattice,1,b,img/target_6.png
47,1,178,lattice,3,w,img/target_2.png
47,1,179,lattice,1,b,img/target_6.png
47,1,180,lattice,9,r,img/target_4.png
47,1,181,lattice,0,e,img/target_3.png
47,1,182,lattice,9,r,img/target_4.png
47,1,183,lattice,7,q,img/target_1.png
47,1,184,lattice,8,p,img/target_10.png
47,1,185,lattice,6,u,img/target_7.png
47,1,186,lattice,7,q,img/target_1.png
47,1,187,lattice,9,r,img/target_4.png
47,1,188,lattice,1,b,img/target_6.png
47,1,189,lattice,2,o,img/target_9.png
47,1,190,lattice,4,i,img/target_8.png
47,1,191,lattice,2,o,img/target_9.png
47,1,192,lattice,1,b,img/target_6.png
47,1,193,lattice,9,r,img/target_4.png
47,1,194,lattice,8,p,img/target_10.png
47,1,195,lattice,0,e,img/target_3.png
47,1,196,lattice,9,r,img/target_4.png
47,1,197,lattice,1,b,img/target_6.png
47,1,198,lattice,3,w,img/target_2.png
47,1,199,lattice,5,v,img/target_5.png
47,1,200,lattice,4,i,img/target_8.png
47,1,201,lattice,5,v,img/target_5.png
47,1,202,lattice,3,w,img/target_2.png
47,1,203,lattice,4,i,img/target_8.png
47,1,204,lattice,6,u,img/target_7.png
47,1,205,lattice,4,i,img/target_8.png
47,1,206,lattice,3,w,img/target_2.png
47,1,207,lattice,1,b,img/target_6.png
47,1,208,lattice,3,w,img/target_2.png
47,1,209,lattice,4,i,img/target_8.png
47,1,210,lattice,2,o,img/target_9.png
47,1,211,lattice,1,b,img/target_6.png
47,1,212,lattice,0,e,img/target_3.png
47,1,213,lattice,9,r,img/target_4.png
47,1,214,lattice,8,p,img/target_10.png
47,1,215,lattice,6,u,img/target_7.png
47,1,216,lattice,4,i,img/target_8.png
47,1,217,lattice,5,v,img/target_5.png
47,1,218,lattice,4,i,img/target_8.png
47,1,219,lattice,2,o,img/target_9.png
47,1,220,lattice,4,i,img/target_8.png
47,1,221,lattice,6,u,img/target_7.png
47,1,222,lattice,8,p,img/target_10.png
47,1,223,lattice,0,e,img/target_3.png
47,1,224,lattice,2,o,img/target_9.png
47,1,225,lattice,1,b,img/target_6.png
47,1,226,lattice,3,w,img/target_2.png
47,1,227,lattice,1,b,img/target_6.png
47,1,228,lattice,2,o,img/target_9.png
47,1,229,lattice,4,i,img/target_8.png
47,1,230,lattice,3,w,img/target_2.png
47,1,231,lattice,2,o,img/target_9.png
47,1,232,lattice,3,w,img/target_2.png
47,1,233,lattice,5,v,img/target_5.png
47,1,234,lattice,7,q,img/target_1.png
47,1,235,lattice,9,r,img/target_4.png
47,1,236,lattice,8,p,img/target_10.png
47,1,237,lattice,6,u,img/target_7.png
47,1,238,lattice,4,i,img/target_8.png
47,1,239,lattice,2,o,img/target_9.png
47,1,240,lattice,3,w,img/target_2.png
47,1,241,lattice,5,v,img/target_5.png
47,1,242,lattice,3,w,img/target_2.png
47,1,243,lattice,5,v,img/target_5.png
47,1,244,lattice,6,u,img/target_7.png
47,1,245,lattice,5,v,img/target_5.png
47,1,246,lattice,4,i,img/target_8.png
47,1,247,lattice,5,v,img/target_5.png
47,1,248,lattice,4,i,img/target_8.png
47,1,249,lattice,2,o,img/target_9.png
47,1,250,lattice,1,b,img/target_6.png
47,1,251,lattice,9,r,img/target_4.png
47,1,252,lattice,7,q,img/target_1.png
47,1,253,lattice,9,r,img/target_4.png
47,1,254,lattice,8,p,img/target_10.png
47,1,255,lattice,7,q,img/target_1.png
47,1,256,lattice,6,u,img/target_7.png
47,1,257,lattice,7,q,img/target_1.png
47,1,258,lattice,8,p,img/target_10.png
47,1,259,lattice,0,e,img/target_3.png
47,1,260,lattice,1,b,img/target_6.png
47,1,261,lattice,9,r,img/target_4.png
47,1,262,lattice,7,q,img/target_1.png
47,1,263,lattice,8,p,img/target_10.png
47,1,264,lattice,0,e,img/target_3.png
47,1,265,lattice,1,b,img/target_6.png
47,1,266,lattice,2,o,img/target_9.png
47,1,267,lattice,3,w,img/target_2.png
47,1,268,lattice,4,i,img/target_8.png
47,1,269,lattice,6,u,img/target_7.png
47,1,270,lattice,8,p,img/target_10.png
47,1,271,lattice,9,r,img/target_4.png
47,1,272,lattice,0,e,img/target_3.png
47,1,273,lattice,2,o,img/target_9.png
47,1,274,lattice,4,i,img/target_8.png
47,1,275,lattice,3,w,img/target_2.png
47,1,276,lattice,1,b,img/target_6.png
47,1,277,lattice,3,w,img/target_2.png
47,1,278,lattice,4,i,img/target_8.png
47,1,279,lattice,5,v,img/target_5.png
47,1,280,lattice,3,w,img/target_2.png
47,1,281,lattice,1,b,img/target_6.png
47,1,282,lattice,9,r,img/target_4.png
47,1,283,lattice,0,e,img/target_3.png
47,1,284,lattice,1,b,img/target_6.png
47,1,285,lattice,9,r,img/target_4.png
47,1,286,lattice,8,p,img/target_10.png
47,1,287,lattice,7,q,img/target_1.png
47,1,288,lattice,8,p,img/target_10.png
47,1,289,lattice,7,q,img/target_1.png
47,1,290,lattice,9,r,img/target_4.png
47,1,291,lattice,8,p,img/target_10.png
47,1,292,lattice,0,e,img/target_3.png
47,1,293,lattice,8,p,img/target_10.png
47,1,294,lattice,6,u,img/target_7.png
47,1,295,lattice,7,q,img/target_1.png
47,1,296,lattice,6,u,img/target_7.png
47,1,297,lattice,7,q,img/target_1.png
47,1,298,lattice,6,u,img/target_7.png
47,1,299,lattice,7,q,img/target_1.png
47,1,300,lattice,6,u,img/target_7.png
47,1,301,lattice,5,v,img/target_5.png
47,1,302,lattice,7,q,img/target_1.png
47,1,303,lattice,5,v,img/target_5.png
47,1,304,lattice,6,u,img/target_7.png
47,1,305,lattice,7,q,img/target_1.png
47,1,306,lattice,8,p,img/target_10.png
47,1,307,lattice,6,u,img/target_7.png
47,1,308,lattice,7,q,img/target_1.png
47,1,309,lattice,8,p,img/target_10.png
47,1,310,lattice,9,r,img/target_4.png
47,1,311,lattice,1,b,img/target_6.png
47,1,312,lattice,9,r,img/target_4.png
47,1,313,lattice,7,q,img/target_1.png
47,1,314,lattice,9,r,img/target_4.png
47,1,315,lattice,7,q,img/target_1.png
47,1,316,lattice,9,r,img/target_4.png
47,1,317,lattice,8,p,img/target_10.png
47,1,318,lattice,0,e,img/target_3.png
47,1,319,lattice,9,r,img/target_4.png
47,1,320,lattice,0,e,img/target_3.png
47,1,321,lattice,1,b,img/target_6.png
47,1,322,lattice,9,r,img/target_4.png
47,1,323,lattice,7,q,img/target_1.png
47,1,324,lattice,5,v,img/target_5.png
47,1,325,lattice,7,q,img/target_1.png
47,1,326,lattice,6,u,img/target_7.png
47,1,327,lattice,4,i,img/target_8.png
47,1,328,lattice,3,w,img/target_2.png
47,1,329,lattice,2,o,img/target_9.png
47,1,330,lattice,4,i,img/target_8.png
47,1,331,lattice,6,u,img/target_7.png
47,1,332,lattice,4,i,img/target_8.png
47,1,333,lattice,6,u,img/target_7.png
47,1,334,lattice,7,q,img/target_1.png
47,1,335,lattice,8,p,img/target_10.png
47,1,336,lattice,0,e,img/target_3.png
47,1,337,lattice,2,o,img/target_9.png
47,1,338,lattice,0,e,img/target_3.png
47,1,339,lattice,8,p,img/target_10.png
47,1,340,lattice,6,u,img/target_7.png
47,1,341,lattice,5,v,img/target_5.png
47,1,342,lattice,4,i,img/target_8.png
47,1,343,lattice,2,o,img/target_9.png
47,1,344,lattice,3,w,img/target_2.png
47,1,345,lattice,5,v,img/target_5.png
47,1,346,lattice,4,i,img/target_8.png
47,1,347,lattice,6,u,img/target_7.png
47,1,348,lattice,4,i,img/target_8.png
47,1,349,lattice,3,w,img/target_2.png
47,1,350,lattice,2,o,img/target_9.png
47,1,351,lattice,3,w,img/target_2.png
47,1,352,lattice,4,i,img/target_8.png
47,1,353,lattice,2,o,img/target_9.png
47,1,354,lattice,0,e,img/target_3.png
47,1,355,lattice,1,b,img/target_6.png
47,1,356,lattice,3,w,img/target_2.png
47,1,357,lattice,4,i,img/target_8.png
47,1,358,lattice,3,w,img/target_2.png
47,1,359,lattice,5,v,img/target_5.png
47,1,360,lattice,3,w,img/target_2.png
47,1,361,lattice,2,o,img/target_9.png
47,1,362,lattice,4,i,img/target_8.png
47,1,363,lattice,2,o,img/target_9.png
47,1,364,lattice,0,e,img/target_3.png
47,1,365,lattice,8,p,img/target_10.png
47,1,366,lattice,0,e,img/target_3.png
47,1,367,lattice,1,b,img/target_6.png
47,1,368,lattice,3,w,img/target_2.png
47,1,369,lattice,5,v,img/target_5.png
47,1,370,lattice,3,w,img/target_2.png
47,1,371,lattice,4,i,img/target_8.png
47,1,372,lattice,2,o,img/target_9.png
47,1,373,lattice,3,w,img/target_2.png
47,1,374,lattice,5,v,img/target_5.png
47,1,375,lattice,6,u,img/target_7.png
47,1,376,lattice,5,v,img/target_5.png
47,1,377,lattice,6,u,img/target_7.png
47,1,378,lattice,7,q,img/target_1.png
47,1,379,lattice,9,r,img/target_4.png
47,1,380,lattice,1,b,img/target_6.png
47,1,381,lattice,9,r,img/target_4.png
47,1,382,lattice,8,p,img/target_10.png
47,1,383,lattice,6,u,img/target_7.png
47,1,384,lattice,4,i,img/target_8.png
47,1,385,lattice,3,w,img/target_2.png
47,1,386,lattice,4,i,img/target_8.png
47,1,387,lattice,5,v,img/target_5.png
47,1,388,lattice,6,u,img/target_7.png
47,1,389,lattice,5,v,img/target_5.png
47,1,390,lattice,3,w,img/target_2.png
47,1,391,lattice,5,v,img/target_5.png
47,1,392,lattice,4,i,img/target_8.png
47,1,393,lattice,5,v,img/target_5.png
47,1,394,lattice,4,i,img/target_8.png
47,1,395,lattice,2,o,img/target_9.png
47,1,396,lattice,0,e,img/target_3.png
47,1,397,lattice,8,p,img/target_10.png
47,1,398,lattice,0,e,img/target_3.png
47,1,399,lattice,1,b,img/target_6.png
47,1,400,lattice,0,e,img/target_3.png
47,1,401,lattice,9,r,img/target_4.png
47,1,402,lattice,0,e,img/target_3.png
47,1,403,lattice,1,b,img/target_6.png
47,1,404,lattice,2,o,img/target_9.png
47,1,405,lattice,0,e,img/target_3.png
47,1,406,lattice,1,b,img/target_6.png
47,1,407,lattice,2,o,img/target_9.png
47,1,408,lattice,3,w,img/target_2.png
47,1,409,lattice,5,v,img/target_5.png
47,1,410,lattice,4,i,img/target_8.png
47,1,411,lattice,5,v,img/target_5.png
47,1,412,lattice,6,u,img/target_7.png
47,1,413,lattice,5,v,img/target_5.png
47,1,414,lattice,7,q,img/target_1.png
47,1,415,lattice,8,p,img/target_10.png
47,1,416,lattice,9,r,img/target_4.png
47,1,417,lattice,8,p,img/target_10.png
47,1,418,lattice,0,e,img/target_3.png
47,1,419,lattice,9,r,img/target_4.png
47,1,420,lattice,1,b,img/target_6.png
47,1,421,lattice,0,e,img/target_3.png
47,1,422,lattice,1,b,img/target_6.png
47,1,423,lattice,9,r,img/target_4.png
47,1,424,lattice,7,q,img/target_1.png
47,1,425,lattice,8,p,img/target_10.png
47,1,426,lattice,9,r,img/target_4.png
47,1,427,lattice,0,e,img/target_3.png
47,1,428,lattice,8,p,img/target_10.png
47,1,429,lattice,0,e,img/target_3.png
47,1,430,lattice,8,p,img/target_10.png
47,1,431,lattice,0,e,img/target_3.png
47,1,432,lattice,9,r,img/target_4.png
47,1,433,lattice,0,e,img/target_3.png
47,1,434,lattice,2,o,img/target_9.png
47,1,435,lattice,3,w,img/target_2.png
47,1,436,lattice,2,o,img/target_9.png
47,1,437,lattice,4,i,img/target_8.png
47,1,438,lattice,3,w,img/target_2.png
47,1,439,lattice,2,o,img/target_9.png
47,1,440,lattice,4,i,img/target_8.png
47,1,441,lattice,5,v,img/target_5.png
47,1,442,lattice,6,u,img/target_7.png
47,1,443,lattice,5,v,img/target_5.png
47,1,444,lattice,6,u,img/target_7.png
47,1,445,lattice,4,i,img/target_8.png
47,1,446,lattice,5,v,img/target_5.png
47,1,447,lattice,6,u,img/target_7.png
47,1,448,lattice,4,i,img/target_8.png
47,1,449,lattice,2,o,img/target_9.png
47,1,450,lattice,0,e,img/target_3.png
47,1,451,lattice,2,o,img/target_9.png
47,1,452,lattice,0,e,img/target_3.png
47,1,453,lattice,1,b,img/target_6.png
47,1,454,lattice,9,r,img/target_4.png
47,1,455,lattice,8,p,img/target_10.png
47,1,456,lattice,0,e,img/target_3.png
47,1,457,lattice,8,p,img/target_10.png
47,1,458,lattice,6,u,img/target_7.png
47,1,459,lattice,5,v,img/target_5.png
47,1,460,lattice,3,w,img/target_2.png
47,1,461,lattice,4,i,img/target_8.png
47,1,462,lattice,3,w,img/target_2.png
47,1,463,lattice,1,b,img/target_6.png
47,1,464,lattice,2,o,img/target_9.png
47,1,465,lattice,1,b,img/target_6.png
47,1,466,lattice,2,o,img/target_9.png
47,1,467,lattice,0,e,img/target_3.png
47,1,468,lattice,8,p,img/target_10.png
47,1,469,lattice,9,r,img/target_4.png
47,1,470,lattice,8,p,img/target_10.png
47,1,471,lattice,0,e,img/target_3.png
47,1,472,lattice,8,p,img/target_10.png
47,1,473,lattice,7,q,img/target_1.png
47,1,474,lattice,5,v,img/target_5.png
47,1,475,lattice,4,i,img/target_8.png
47,1,476,lattice,5,v,img/target_5.png
47,1,477,lattice,3,w,img/target_2.png
47,1,478,lattice,1,b,img/target_6.png
47,1,479,lattice,9,r,img/target_4.png
47,1,480,lattice,1,b,img/target_6.png
47,1,481,lattice,9,r,img/target_4.png
47,1,482,lattice,8,p,img/target_10.png
47,1,483,lattice,0,e,img/target_3.png
47,1,484,lattice,1,b,img/target_6.png
47,1,485,lattice,3,w,img/target_2.png
47,1,486,lattice,4,i,img/target_8.png
47,1,487,lattice,3,w,img/target_2.png
47,1,488,lattice,1,b,img/target_6.png
47,1,489,lattice,3,w,img/target_2.png
47,1,490,lattice,1,b,img/target_6.png
47,1,491,lattice,0,e,img/target_3.png
47,1,492,lattice,1,b,img/target_6.png
47,1,493,lattice,3,w,img/target_2.png
47,1,494,lattice,2,o,img/target_9.png
47,1,495,lattice,3,w,img/target_2.png
47,1,496,lattice,2,o,img/target_9.png
47,1,497,lattice,4,i,img/target_8.png
47,1,498,lattice,6,u,img/target_7.png
47,1,499,lattice,7,q,img/target_1.png
47,1,500,lattice,6,u,img/target_7.png
47,1,501,lattice,4,i,img/target_8.png
47,1,502,lattice,3,w,img/target_2.png
47,1,503,lattice,1,b,img/target_6.png
47,1,504,lattice,9,r,img/target_4.png
47,1,505,lattice,8,p,img/target_10.png
47,1,506,lattice,6,u,img/target_7.png
47,1,507,lattice,4,i,img/target_8.png
47,1,508,lattice,5,v,img/target_5.png
47,1,509,lattice,7,q,img/target_1.png
47,1,510,lattice,9,r,img/target_4.png
47,1,511,lattice,7,q,img/target_1.png
47,1,512,lattice,5,v,img/target_5.png
47,1,513,lattice,4,i,img/target_8.png
47,1,514,lattice,5,v,img/target_5.png
47,1,515,lattice,7,q,img/target_1.png
47,1,516,lattice,5,v,img/target_5.png
47,1,517,lattice,6,u,img/target_7.png
47,1,518,lattice,8,p,img/target_10.png
47,1,519,lattice,9,r,img/target_4.png
47,1,520,lattice,0,e,img/target_3.png
47,1,521,lattice,2,o,img/target_9.png
47,1,522,lattice,4,i,img/target_8.png
47,1,523,lattice,6,u,img/target_7.png
47,1,524,lattice,8,p,img/target_10.png
47,1,525,lattice,7,q,img/target_1.png
47,1,526,lattice,8,p,img/target_10.png
47,1,527,lattice,6,u,img/target_7.png
47,1,528,lattice,5,v,img/target_5.png
47,1,529,lattice,4,i,img/target_8.png
47,1,530,lattice,3,w,img/target_2.png
47,1,531,lattice,5,v,img/target_5.png
47,1,532,lattice,6,u,img/target_7.png
47,1,533,lattice,5,v,img/target_5.png
47,1,534,lattice,6,u,img/target_7.png
47,1,535,lattice,4,i,img/target_8.png
47,1,536,lattice,5,v,img/target_5.png
47,1,537,lattice,7,q,img/target_1.png
47,1,538,lattice,6,u,img/target_7.png
47,1,539,lattice,7,q,img/target_1.png
47,1,540,lattice,9,r,img/target_4.png
47,1,541,lattice,8,p,img/target_10.png
47,1,542,lattice,7,q,img/target_1.png
47,1,543,lattice,6,u,img/target_7.png
47,1,544,lattice,5,v,img/target_5.png
47,1,545,lattice,6,u,img/target_7.png
47,1,546,lattice,8,p,img/target_10.png
47,1,547,lattice,9,r,img/target_4.png
47,1,548,lattice,8,p,img/target_10.png
47,1,549,lattice,0,e,img/target_3.png
47,1,550,lattice,1,b,img/target_6.png
47,1,551,lattice,9,r,img/target_4.png
47,1,552,lattice,7,q,img/target_1.png
47,1,553,lattice,8,p,img/target_10.png
47,1,554,lattice,0,e,img/target_3.png
47,1,555,lattice,8,p,img/target_10.png
47,1,556,lattice,9,r,img/target_4.png
47,1,557,lattice,0,e,img/target_3.png
47,1,558,lattice,8,p,img/target_10.png
47,1,559,lattice,9,r,img/target_4.png
47,1,560,lattice,7,q,img/target_1.png
47,1,561,lattice,8,p,img/target_10.png
47,1,562,lattice,7,q,img/target_1.png
47,1,563,lattice,8,p,img/target_10.png
47,1,564,lattice,6,u,img/target_7.png
47,1,565,lattice,8,p,img/target_10.png
47,1,566,lattice,0,e,img/target_3.png
47,1,567,lattice,2,o,img/target_9.png
47,1,568,lattice,1,b,img/target_6.png
47,1,569,lattice,2,o,img/target_9.png
47,1,570,lattice,3,w,img/target_2.png
47,1,571,lattice,5,v,img/target_5.png
47,1,572,lattice,7,q,img/target_1.png
47,1,573,lattice,5,v,img/target_5.png
47,1,574,lattice,3,w,img/target_2.png
47,1,575,lattice,4,i,img/target_8.png
47,1,576,lattice,2,o,img/target_9.png
47,1,577,lattice,3,w,img/target_2.png
47,1,578,lattice,2,o,img/target_9.png
47,1,579,lattice,0,e,img/target_3.png
47,1,580,lattice,8,p,img/target_10.png
47,1,581,lattice,0,e,img/target_3.png
47,1,582,lattice,9,r,img/target_4.png
47,1,583,lattice,7,q,img/target_1.png
47,1,584,lattice,6,u,img/target_7.png
47,1,585,lattice,4,i,img/target_8.png
47,1,586,lattice,3,w,img/target_2.png
47,1,587,lattice,2,o,img/target_9.png
47,1,588,lattice,3,w,img/target_2.png
47,1,589,lattice,4,i,img/target_8.png
47,1,590,lattice,2,o,img/target_9.png
47,1,591,lattice,4,i,img/target_8.png
47,1,592,lattice,6,u,img/target_7.png
47,1,593,lattice,7,q,img/target_1.png
47,1,594,lattice,9,r,img/target_4.png
47,1,595,lattice,8,p,img/target_10.png
47,1,596,lattice,9,r,img/target_4.png
47,1,597,lattice,1,b,img/target_6.png
47,1,598,lattice,0,e,img/target_3.png
47,1,599,lattice,2,o,img/target_9.png
47,1,600,lattice,4,i,img/target_8.png
47,1,601,lattice,6,u,img/target_7.png
47,1,602,lattice,7,q,img/target_1.png
47,1,603,lattice,5,v,img/target_5.png
47,1,604,lattice,4,i,img/target_8.png
47,1,605,lattice,3,w,img/target_2.png
47,1,606,lattice,1,b,img/target_6.png
47,1,607,lattice,3,w,img/target_2.png
47,1,608,lattice,5,v,img/target_5.png
47,1,609,lattice,7,q,img/target_1.png
47,1,610,lattice,9,r,img/target_4.png
47,1,611,lattice,1,b,img/target_6.png
47,1,612,lattice,3,w,img/target_2.png
47,1,613,lattice,1,b,img/target_6.png
47,1,614,lattice,3,w,img/target_2.png
47,1,615,lattice,1,b,img/target_6.png
47,1,616,lattice,0,e,img/target_3.png
47,1,617,lattice,2,o,img/target_9.png
47,1,618,lattice,4,i,img/target_8.png
47,1,619,lattice,2,o,img/target_9.png
47,1,620,lattice,0,e,img/target_3.png
47,1,621,lattice,2,o,img/target_9.png
47,1,622,lattice,4,i,img/target_8.png
47,1,623,lattice,3,w,img/target_2.png
47,1,624,lattice,4,i,img/target_8.png
47,1,625,lattice,2,o,img/target_9.png
47,1,626,lattice,3,w,img/target_2.png
47,1,627,lattice,5,v,img/target_5.png
47,1,628,lattice,4,i,img/target_8.png
47,1,629,lattice,3,w,img/target_2.png
47,1,630,lattice,5,v,img/target_5.png
47,1,631,lattice,4,i,img/target_8.png
47,1,632,lattice,6,u,img/target_7.png
47,1,633,lattice,5,v,img/target_5.png
47,1,634,lattice,4,i,img/target_8.png
47,1,635,lattice,6,u,img/target_7.png
47,1,636,lattice,5,v,img/target_5.png
47,1,637,lattice,6,u,img/target_7.png
47,1,638,lattice,4,i,img/target_8.png
47,1,639,lattice,2,o,img/target_9.png
47,1,640,lattice,4,i,img/target_8.png
47,1,641,lattice,5,v,img/target_5.png
47,1,642,lattice,7,q,img/target_1.png
47,1,643,lattice,6,u,img/target_7.png
47,1,644,lattice,5,v,img/target_5.png
47,1,645,lattice,4,i,img/target_8.png
47,1,646,lattice,3,w,img/target_2.png
47,1,647,lattice,2,o,img/target_9.png
47,1,648,lattice,3,w,img/target_2.png
47,1,649,lattice,1,b,img/target_6.png
47,1,650,lattice,9,r,img/target_4.png
47,1,651,lattice,0,e,img/target_3.png
47,1,652,lattice,2,o,img/target_9.png
47,1,653,lattice,1,b,img/target_6.png
47,1,654,lattice,0,e,img/target_3.png
47,1,655,lattice,2,o,img/target_9.png
47,1,656,lattice,0,e,img/target_3.png
47,1,657,lattice,2,o,img/target_9.png
47,1,658,lattice,4,i,img/target_8.png
47,1,659,lattice,3,w,img/target_2.png
47,1,660,lattice,1,b,img/target_6.png
47,1,661,lattice,9,r,img/target_4.png
47,1,662,lattice,0,e,img/target_3.png
47,1,663,lattice,8,p,img/target_10.png
47,1,664,lattice,7,q,img/target_1.png
47,1,665,lattice,6,u,img/target_7.png
47,1,666,lattice,7,q,img/target_1.png
47,1,667,lattice,5,v,img/target_5.png
47,1,668,lattice,6,u,img/target_7.png
47,1,669,lattice,8,p,img/target_10.png
47,1,670,lattice,6,u,img/target_7.png
47,1,671,lattice,8,p,img/target_10.png
47,1,672,lattice,7,q,img/target_1.png
47,1,673,lattice,8,p,img/target_10.png
47,1,674,lattice,7,q,img/target_1.png
47,1,675,lattice,8,p,img/target_10.png
47,1,676,lattice,9,r,img/target_4.png
47,1,677,lattice,7,q,img/target_1.png
47,1,678,lattice,8,p,img/target_10.png
47,1,679,lattice,0,e,img/target_3.png
47,1,680,lattice,2,o,img/target_9.png
47,1,681,lattice,1,b,img/target_6.png
47,1,682,lattice,2,o,img/target_9.png
47,1,683,lattice,3,w,img/target_2.png
47,1,684,lattice,2,o,img/target_9.png
47,1,685,lattice,0,e,img/target_3.png
47,1,686,lattice,1,b,img/target_6.png
47,1,687,lattice,3,w,img/target_2.png
47,1,688,lattice,4,i,img/target_8.png
47,1,689,lattice,5,v,img/target_5.png
47,1,690,lattice,7,q,img/target_1.png
47,1,691,lattice,8,p,img/target_10.png
47,1,692,lattice,0,e,img/target_3.png
47,1,693,lattice,2,o,img/target_9.png
47,1,694,lattice,1,b,img/target_6.png
47,1,695,lattice,2,o,img/target_9.png
47,1,696,lattice,3,w,img/target_2.png
47,1,697,lattice,2,o,img/target_9.png
47,1,698,lattice,4,i,img/target_8.png
47,1,699,lattice,3,w,img/target_2.png
47,1,700,lattice,2,o,img/target_9.png
47,1,701,lattice,3,w,img/target_2.png
47,1,702,lattice,5,v,img/target_5.png
47,1,703,lattice,6,u,img/target_7.png
47,1,704,lattice,4,i,img/target_8.png
47,1,705,lattice,5,v,img/target_5.png
47,1,706,lattice,7,q,img/target_1.png
47,1,707,lattice,6,u,img/target_7.png
47,1,708,lattice,7,q,img/target_1.png
47,1,709,lattice,6,u,img/target_7.png
47,1,710,lattice,7,q,img/target_1.png
47,1,711,lattice,6,u,img/target_7.png
47,1,712,lattice,4,i,img/target_8.png
47,1,713,lattice,5,v,img/target_5.png
47,1,714,lattice,3,w,img/target_2.png
47,1,715,lattice,1,b,img/target_6.png
47,1,716,lattice,3,w,img/target_2.png
47,1,717,lattice,2,o,img/target_9.png
47,1,718,lattice,0,e,img/target_3.png
47,1,719,lattice,2,o,img/target_9.png
47,1,720,lattice,1,b,img/target_6.png
47,1,721,lattice,9,r,img/target_4.png
47,1,722,lattice,1,b,img/target_6.png
47,1,723,lattice,3,w,img/target_2.png
47,1,724,lattice,4,i,img/target_8.png
47,1,725,lattice,6,u,img/target_7.png
47,1,726,lattice,8,p,img/target_10.png
47,1,727,lattice,7,q,img/target_1.png
47,1,728,lattice,5,v,img/target_5.png
47,1,729,lattice,3,w,img/target_2.png
47,1,730,lattice,1,b,img/target_6.png
47,1,731,lattice,9,r,img/target_4.png
47,1,732,lattice,7,q,img/target_1.png
47,1,733,lattice,5,v,img/target_5.png
47,1,734,lattice,3,w,img/target_2.png
47,1,735,lattice,1,b,img/target_6.png
47,1,736,lattice,3,w,img/target_2.png
47,1,737,lattice,5,v,img/target_5.png
47,1,738,lattice,3,w,img/target_2.png
47,1,739,lattice,4,i,img/target_8.png
47,1,740,lattice,5,v,img/target_5.png
47,1,741,lattice,6,u,img/target_7.png
47,1,742,lattice,5,v,img/target_5.png
47,1,743,lattice,7,q,img/target_1.png
47,1,744,lattice,8,p,img/target_10.png
47,1,745,lattice,0,e,img/target_3.png
47,1,746,lattice,8,p,img/target_10.png
47,1,747,lattice,6,u,img/target_7.png
47,1,748,lattice,7,q,img/target_1.png
47,1,749,lattice,5,v,img/target_5.png
47,1,750,lattice,6,u,img/target_7.png
47,1,751,lattice,4,i,img/target_8.png
47,1,752,lattice,3,w,img/target_2.png
47,1,753,lattice,5,v,img/target_5.png
47,1,754,lattice,3,w,img/target_2.png
47,1,755,lattice,4,i,img/target_8.png
47,1,756,lattice,5,v,img/target_5.png
47,1,757,lattice,7,q,img/target_1.png
47,1,758,lattice,9,r,img/target_4.png
47,1,759,lattice,8,p,img/target_10.png
47,1,760,lattice,9,r,img/target_4.png
47,1,761,lattice,0,e,img/target_3.png
47,1,762,lattice,1,b,img/target_6.png
47,1,763,lattice,0,e,img/target_3.png
47,1,764,lattice,1,b,img/target_6.png
47,1,765,lattice,0,e,img/target_3.png
47,1,766,lattice,2,o,img/target_9.png
47,1,767,lattice,1,b,img/target_6.png
47,1,768,lattice,3,w,img/target_2.png
47,1,769,lattice,2,o,img/target_9.png
47,1,770,lattice,3,w,img/target_2.png
47,1,771,lattice,1,b,img/target_6.png
47,1,772,lattice,3,w,img/target_2.png
47,1,773,lattice,1,b,img/target_6.png
47,1,774,lattice,2,o,img/target_9.png
47,1,775,lattice,1,b,img/target_6.png
47,1,776,lattice,9,r,img/target_4.png
47,1,777,lattice,8,p,img/target_10.png
47,1,778,lattice,0,e,img/target_3.png
47,1,779,lattice,9,r,img/target_4.png
47,1,780,lattice,8,p,img/target_10.png
47,1,781,lattice,7,q,img/target_1.png
47,1,782,lattice,8,p,img/target_10.png
47,1,783,lattice,6,u,img/target_7.png
47,1,784,lattice,7,q,img/target_1.png
47,1,785,lattice,6,u,img/target_7.png
47,1,786,lattice,4,i,img/target_8.png
47,1,787,lattice,3,w,img/target_2.png
47,1,788,lattice,2,o,img/target_9.png
47,1,789,lattice,1,b,img/target_6.png
47,1,790,lattice,3,w,img/target_2.png
47,1,791,lattice,4,i,img/target_8.png
47,1,792,lattice,6,u,img/target_7.png
47,1,793,lattice,5,v,img/target_5.png
47,1,794,lattice,7,q,img/target_1.png
47,1,795,lattice,8,p,img/target_10.png
47,1,796,lattice,9,r,img/target_4.png
47,1,797,lattice,1,b,img/target_6.png
47,1,798,lattice,2,o,img/target_9.png
47,1,799,lattice,4,i,img/target_8.png
47,1,800,lattice,2,o,img/target_9.png
47,1,801,lattice,0,e,img/target_3.png
47,1,802,lattice,9,r,img/target_4.png
47,1,803,lattice,8,p,img/target_10.png
47,1,804,lattice,9,r,img/target_4.png
47,1,805,lattice,7,q,img/target_1.png
47,1,806,lattice,9,r,img/target_4.png
47,1,807,lattice,0,e,img/target_3.png
47,1,808,lattice,8,p,img/target_10.png
47,1,809,lattice,9,r,img/target_4.png
47,1,810,lattice,8,p,img/target_10.png
47,1,811,lattice,6,u,img/target_7.png
47,1,812,lattice,4,i,img/target_8.png
47,1,813,lattice,2,o,img/target_9.png
47,1,814,lattice,4,i,img/target_8.png
47,1,815,lattice,3,w,img/target_2.png
47,1,816,lattice,1,b,img/target_6.png
47,1,817,lattice,3,w,img/target_2.png
47,1,818,lattice,5,v,img/target_5.png
47,1,819,lattice,7,q,img/target_1.png
47,1,820,lattice,8,p,img/target_10.png
47,1,821,lattice,7,q,img/target_1.png
47,1,822,lattice,5,v,img/target_5.png
47,1,823,lattice,3,w,img/target_2.png
47,1,824,lattice,1,b,img/target_6.png
47,1,825,lattice,2,o,img/target_9.png
47,1,826,lattice,0,e,img/target_3.png
47,1,827,lattice,8,p,img/target_10.png
47,1,828,lattice,7,q,img/target_1.png
47,1,829,lattice,8,p,img/target_10.png
47,1,830,lattice,0,e,img/target_3.png
47,1,831,lattice,8,p,img/target_10.png
47,1,832,lattice,9,r,img/target_4.png
47,1,833,lattice,7,q,img/target_1.png
47,1,834,lattice,8,p,img/target_10.png
47,1,835,lattice,7,q,img/target_1.png
47,1,836,lattice,8,p,img/target_10.png
47,1,837,lattice,6,u,img/target_7.png
47,1,838,lattice,4,i,img/target_8.png
47,1,839,lattice,3,w,img/target_2.png
47,1,840,lattice,4,i,img/target_8.png
47,1,841,lattice,6,u,img/target_7.png
47,1,842,lattice,5,v,img/target_5.png
47,1,843,lattice,3,w,img/target_2.png
47,1,844,lattice,2,o,img/target_9.png
47,1,845,lattice,0,e,img/target_3.png
47,1,846,lattice,2,o,img/target_9.png
47,1,847,lattice,1,b,img/target_6.png
47,1,848,lattice,3,w,img/target_2.png
47,1,849,lattice,4,i,img/target_8.png
47,1,850,lattice,5,v,img/target_5.png
47,1,851,lattice,7,q,img/target_1.png
47,1,852,lattice,5,v,img/target_5.png
47,1,853,lattice,6,u,img/target_7.png
47,1,854,lattice,5,v,img/target_5.png
47,1,855,lattice,7,q,img/target_1.png
47,1,856,lattice,9,r,img/target_4.png
47,1,857,lattice,0,e,img/target_3.png
47,1,858,lattice,1,b,img/target_6.png
47,1,859,lattice,9,r,img/target_4.png
47,1,860,lattice,7,q,img/target_1.png
47,1,861,lattice,8,p,img/target_10.png
47,1,862,lattice,9,r,img/target_4.png
47,1,863,lattice,1,b,img/target_6.png
47,1,864,lattice,3,w,img/target_2.png
47,1,865,lattice,2,o,img/target_9.png
47,1,866,lattice,4,i,img/target_8.png
47,1,867,lattice,5,v,img/target_5.png
47,1,868,lattice,3,w,img/target_2.png
47,1,869,lattice,4,i,img/target_8.png
47,1,870,lattice,5,v,img/target_5.png
47,1,871,lattice,4,i,img/target_8.png
47,1,872,lattice,3,w,img/target_2.png
47,1,873,lattice,4,i,img/target_8.png
47,1,874,lattice,3,w,img/target_2.png
47,1,875,lattice,2,o,img/target_9.png
47,1,876,lattice,0,e,img/target_3.png
47,1,877,lattice,2,o,img/target_9.png
47,1,878,lattice,4,i,img/target_8.png
47,1,879,lattice,5,v,img/target_5.png
47,1,880,lattice,6,u,img/target_7.png
47,1,881,lattice,7,q,img/target_1.png
47,1,882,lattice,6,u,img/target_7.png
47,1,883,lattice,8,p,img/target_10.png
47,1,884,lattice,6,u,img/target_7.png
47,1,885,lattice,4,i,img/target_8.png
47,1,886,lattice,5,v,img/target_5.png
47,1,887,lattice,6,u,img/target_7.png
47,1,888,lattice,7,q,img/target_1.png
47,1,889,lattice,8,p,img/target_10.png
47,1,890,lattice,6,u,img/target_7.png
47,1,891,lattice,4,i,img/target_8.png
47,1,892,lattice,6,u,img/target_7.png
47,1,893,lattice,4,i,img/target_8.png
47,1,894,lattice,5,v,img/target_5.png
47,1,895,lattice,3,w,img/target_2.png
47,1,896,lattice,2,o,img/target_9.png
47,1,897,lattice,4,i,img/target_8.png
47,1,898,lattice,3,w,img/target_2.png
47,1,899,lattice,1,b,img/target_6.png
47,1,900,lattice,2,o,img/target_9.png
47,1,901,lattice,0,e,img/target_3.png
47,1,902,lattice,8,p,img/target_10.png
47,1,903,lattice,7,q,img/target_1.png
47,1,904,lattice,8,p,img/target_10.png
47,1,905,lattice,7,q,img/target_1.png
47,1,906,lattice,5,v,img/target_5.png
47,1,907,lattice,6,u,img/target_7.png
47,1,908,lattice,5,v,img/target_5.png
47,1,909,lattice,4,i,img/target_8.png
47,1,910,lattice,6,u,img/target_7.png
47,1,911,lattice,5,v,img/target_5.png
47,1,912,lattice,7,q,img/target_1.png
47,1,913,lattice,9,r,img/target_4.png
47,1,914,lattice,8,p,img/target_10.png
47,1,915,lattice,7,q,img/target_1.png
47,1,916,lattice,5,v,img/target_5.png
47,1,917,lattice,3,w,img/target_2.png
47,1,918,lattice,2,o,img/target_9.png
47,1,919,lattice,3,w,img/target_2.png
47,1,920,lattice,1,b,img/target_6.png
47,1,921,lattice,2,o,img/target_9.png
47,1,922,lattice,1,b,img/target_6.png
47,1,923,lattice,9,r,img/target_4.png
47,1,924,lattice,0,e,img/target_3.png
47,1,925,lattice,8,p,img/target_10.png
47,1,926,lattice,0,e,img/target_3.png
47,1,927,lattice,1,b,img/target_6.png
47,1,928,lattice,3,w,img/target_2.png
47,1,929,lattice,2,o,img/target_9.png
47,1,930,lattice,1,b,img/target_6.png
47,1,931,lattice,9,r,img/target_4.png
47,1,932,lattice,7,q,img/target_1.png
47,1,933,lattice,5,v,img/target_5.png
47,1,934,lattice,3,w,img/target_2.png
47,1,935,lattice,2,o,img/target_9.png
47,1,936,lattice,0,e,img/target_3.png
47,1,937,lattice,2,o,img/target_9.png
47,1,938,lattice,1,b,img/target_6.png
47,1,939,lattice,2,o,img/target_9.png
47,1,940,lattice,0,e,img/target_3.png
47,1,941,lattice,9,r,img/target_4.png
47,1,942,lattice,7,q,img/target_1.png
47,1,943,lattice,5,v,img/target_5.png
47,1,944,lattice,4,i,img/target_8.png
47,1,945,lattice,2,o,img/target_9.png
47,1,946,lattice,3,w,img/target_2.png
47,1,947,lattice,5,v,img/target_5.png
47,1,948,lattice,3,w,img/target_2.png
47,1,949,lattice,4,i,img/target_8.png
47,1,950,lattice,3,w,img/target_2.png
47,1,951,lattice,4,i,img/target_8.png
47,1,952,lattice,5,v,img/target_5.png
47,1,953,lattice,6,u,img/target_7.png
47,1,954,lattice,7,q,img/target_1.png
47,1,955,lattice,9,r,img/target_4.png
47,1,956,lattice,8,p,img/target_10.png
47,1,957,lattice,7,q,img/target_1.png
47,1,958,lattice,6,u,img/target_7.png
47,1,959,lattice,5,v,img/target_5.png
47,1,960,lattice,3,w,img/target_2.png
47,1,961,lattice,1,b,img/target_6.png
47,1,962,lattice,0,e,img/target_3.png
47,1,963,lattice,2,o,img/target_9.png
47,1,964,lattice,0,e,img/target_3.png
47,1,965,lattice,1,b,img/target_6.png
47,1,966,lattice,3,w,img/target_2.png
47,1,967,lattice,2,o,img/target_9.png
47,1,968,lattice,4,i,img/target_8.png
47,1,969,lattice,3,w,img/target_2.png
47,1,970,lattice,5,v,img/target_5.png
47,1,971,lattice,7,q,img/target_1.png
47,1,972,lattice,6,u,img/target_7.png
47,1,973,lattice,7,q,img/target_1.png
47,1,974,lattice,8,p,img/target_10.png
47,1,975,lattice,6,u,img/target_7.png
47,1,976,lattice,4,i,img/target_8.png
47,1,977,lattice,5,v,img/target_5.png
47,1,978,lattice,7,q,img/target_1.png
47,1,979,lattice,6,u,img/target_7.png
47,1,980,lattice,8,p,img/target_10.png
47,1,981,lattice,9,r,img/target_4.png
47,1,982,lattice,7,q,img/target_1.png
47,1,983,lattice,9,r,img/target_4.png
47,1,984,lattice,8,p,img/target_10.png
47,1,985,lattice,6,u,img/target_7.png
47,1,986,lattice,5,v,img/target_5.png
47,1,987,lattice,7,q,img/target_1.png
47,1,988,lattice,8,p,img/target_10.png
47,1,989,lattice,9,r,img/target_4.png
47,1,990,lattice,7,q,img/target_1.png
47,1,991,lattice,5,v,img/target_5.png
47,1,992,lattice,7,q,img/target_1.png
47,1,993,lattice,8,p,img/target_10.png
47,1,994,lattice,0,e,img/target_3.png
47,1,995,lattice,1,b,img/target_6.png
47,1,996,lattice,0,e,img/target_3.png
47,1,997,lattice,1,b,img/target_6.png
47,1,998,lattice,2,o,img/target_9.png
47,1,999,lattice,3,w,img/target_2.png
47,1,1000,lattice,5,v,img/target_5.png
