pID,sess,trialNum,graph,walk,resp,path
50,1,1,modular,5,r,img/target_4.png
50,1,2,modular,8,v,img/target_5.png
50,1,3,modular,7,o,img/target_9.png
50,1,4,modular,9,w,img/target_2.png
50,1,5,modular,8,v,img/target_5.png
50,1,6,modular,7,o,img/target_9.png
50,1,7,modular,8,v,img/target_5.png
50,1,8,modular,7,o,img/target_9.png
50,1,9,modular,6,p,img/target_10.png
50,1,10,modular,8,v,img/target_5.png
50,1,11,modular,6,p,img/target_10.png
50,1,12,modular,7,o,img/target_9.png
50,1,13,modular,8,v,img/target_5.png
50,1,14,modular,5,r,img/target_4.png
50,1,15,modular,8,v,img/target_5.png
50,1,16,modular,5,r,img/target_4.png
50,1,17,modular,7,o,img/target_9.png
50,1,18,modular,9,w,img/target_2.png
50,1,19,modular,6,p,img/target_10.png
50,1,20,modular,7,o,img/target_9.png
50,1,21,modular,9,w,img/target_2.png
50,1,22,modular,7,o,img/target_9.png
50,1,23,modular,5,r,img/target_4.png
50,1,24,modular,8,v,img/target_5.png
50,1,25,modular,9,w,img/target_2.png
50,1,26,modular,8,v,img/target_5.png
50,1,27,modular,6,p,img/target_10.png
50,1,28,modular,8,v,img/target_5.png
50,1,29,modular,6,p,img/target_10.png
50,1,30,modular,8,v,img/target_5.png
50,1,31,modular,9,w,img/target_2.png
50,1,32,modular,6,p,img/target_10.png
50,1,33,modular,8,v,img/target_5.png
50,1,34,modular,7,o,img/target_9.png
50,1,35,modular,8,v,img/target_5.png
50,1,36,modular,9,w,img/target_2.png
50,1,37,modular,7,o,img/target_9.png
50,1,38,modular,6,p,img/target_10.png
50,1,39,modular,5,r,img/target_4.png
50,1,40,modular,7,o,img/target_9.png
50,1,41,modular,6,p,img/target_10.png
50,1,42,modular,8,v,img/target_5.png
50,1,43,modular,7,o,img/target_9.png
50,1,44,modular,8,v,img/target_5.png
50,1,45,modular,6,p,img/target_10.png
50,1,46,modular,5,r,img/target_4.png
50,1,47,modular,7,o,img/target_9.png
50,1,48,modular,9,w,img/target_2.png
50,1,49,modular,0,u,img/target_7.png
50,1,50,modular,2,i,img/target_8.png
50,1,51,modular,3,q,img/target_1.png
50,1,52,modular,4,e,img/target_3.png
50,1,53,modular,1,b,img/target_6.png
50,1,54,modular,3,q,img/target_1.png
50,1,55,modular,0,u,img/target_7.png
50,1,56,modular,3,q,img/target_1.png
50,1,57,modular,1,b,img/target_6.png
50,1,58,modular,0,u,img/target_7.png
50,1,59,modular,9,w,img/target_2.png
50,1,60,modular,7,o,img/target_9.png
50,1,61,modular,6,p,img/target_10.png
50,1,62,modular,5,r,img/target_4.png
50,1,63,modular,4,e,img/target_3.png
50,1,64,modular,5,r,img/target_4.png
50,1,65,modular,8,v,img/target_5.png
50,1,66,modular,7,o,img/target_9.png
50,1,67,modular,6,p,img/target_10.png
50,1,68,modular,5,r,img/target_4.png
50,1,69,modular,4,e,img/target_3.png
50,1,70,modular,3,q,img/target_1.png
50,1,71,modular,0,u,img/target_7.png
50,1,72,modular,3,q,img/target_1.png
50,1,73,modular,0,u,img/target_7.png
50,1,74,modular,3,q,img/target_1.png
50,1,75,modular,4,e,img/target_3.png
50,1,76,modular,1,b,img/target_6.png
50,1,77,modular,2,i,img/target_8.png
50,1,78,modular,0,u,img/target_7.png
50,1,79,modular,9,w,img/target_2.png
50,1,80,modular,8,v,img/target_5.png
50,1,81,modular,7,o,img/target_9.png
50,1,82,modular,5,r,img/target_4.png
50,1,83,modular,7,o,img/target_9.png
50,1,84,modular,6,p,img/target_10.png
50,1,85,modular,7,o,img/target_9.png
50,1,86,modular,8,v,img/target_5.png
50,1,87,modular,7,o,img/target_9.png
50,1,88,modular,9,w,img/target_2.png
50,1,89,modular,6,p,img/target_10.png
50,1,90,modular,5,r,img/target_4.png
50,1,91,modular,8,v,img/target_5.png
50,1,92,modular,5,r,img/target_4.png
50,1,93,modular,7,o,img/target_9.png
50,1,94,modular,5,r,img/target_4.png
50,1,95,modular,7,o,img/target_9.png
50,1,96,modular,9,w,img/target_2.png
50,1,97,modular,0,u,img/target_7.png
50,1,98,modular,9,w,img/target_2.png
50,1,99,modular,8,v,img/target_5.png
50,1,100,modular,7,o,img/target_9.png
50,1,101,modular,5,r,img/target_4.png
50,1,102,modular,8,v,img/target_5.png
50,1,103,modular,9,w,img/target_2.png
50,1,104,modular,8,v,img/target_5.png
50,1,105,modular,5,r,img/target_4.png
50,1,106,modular,4,e,img/target_3.png
50,1,107,modular,5,r,img/target_4.png
50,1,108,modular,7,o,img/target_9.png
50,1,109,modular,8,v,img/target_5.png
50,1,110,modular,7,o,img/target_9.png
50,1,111,modular,8,v,img/target_5.png
50,1,112,modular,6,p,img/target_10.png
50,1,113,modular,8,v,img/target_5.png
50,1,114,modular,7,o,img/target_9.png
50,1,115,modular,8,v,img/target_5.png
50,1,116,modular,5,r,img/target_4.png
50,1,117,modular,6,p,img/target_10.png
50,1,118,modular,5,r,img/target_4.png
50,1,119,modular,6,p,img/target_10.png
50,1,120,modular,7,o,img/target_9.png
50,1,121,modular,8,v,img/target_5.png
50,1,122,modular,5,r,img/target_4.png
50,1,123,modular,4,e,img/target_3.png
50,1,124,modular,2,i,img/target_8.png
50,1,125,modular,4,e,img/target_3.png
50,1,126,modular,2,i,img/target_8.png
50,1,127,modular,3,q,img/target_1.png
50,1,128,modular,1,b,img/target_6.png
50,1,129,modular,0,u,img/target_7.png
50,1,130,modular,9,w,img/target_2.png
50,1,131,modular,6,p,img/target_10.png
50,1,132,modular,8,v,img/target_5.png
50,1,133,modular,6,p,img/target_10.png
50,1,134,modular,8,v,img/target_5.png
50,1,135,modular,5,r,img/target_4.png
50,1,136,modular,7,o,img/target_9.png
50,1,137,modular,6,p,img/target_10.png
50,1,138,modular,8,v,img/target_5.png
50,1,139,modular,5,r,img/target_4.png
50,1,140,modular,7,o,img/target_9.png
50,1,141,modular,6,p,img/target_10.png
50,1,142,modular,5,r,img/target_4.png
50,1,143,modular,8,v,img/target_5.png
50,1,144,modular,7,o,img/target_9.png
50,1,145,modular,5,r,img/target_4.png
50,1,146,modular,8,v,img/target_5.png
50,1,147,modular,6,p,img/target_10.png
50,1,148,modular,7,o,img/target_9.png
50,1,149,modular,6,p,img/target_10.png
50,1,150,modular,9,w,img/target_2.png
50,1,151,modular,8,v,img/target_5.png
50,1,152,modular,9,w,img/target_2.png
50,1,153,modular,6,p,img/target_10.png
50,1,154,modular,5,r,img/target_4.png
50,1,155,modular,6,p,img/target_10.png
50,1,156,modular,9,w,img/target_2.png
50,1,157,modular,0,u,img/target_7.png
50,1,158,modular,3,q,img/target_1.png
50,1,159,modular,4,e,img/target_3.png
50,1,160,modular,1,b,img/target_6.png
50,1,161,modular,0,u,img/target_7.png
50,1,162,modular,9,w,img/target_2.png
50,1,163,modular,0,u,img/target_7.png
50,1,164,modular,2,i,img/target_8.png
50,1,165,modular,1,b,img/target_6.png
50,1,166,modular,3,q,img/target_1.png
50,1,167,modular,2,i,img/target_8.png
50,1,168,modular,0,u,img/target_7.png
50,1,169,modular,1,b,img/target_6.png
50,1,170,modular,0,u,img/target_7.png
50,1,171,modular,3,q,img/target_1.png
50,1,172,modular,0,u,img/target_7.png
50,1,173,modular,1,b,img/target_6.png
50,1,174,modular,0,u,img/target_7.png
50,1,175,modular,3,q,img/target_1.png
50,1,176,modular,1,b,img/target_6.png
50,1,177,modular,4,e,img/target_3.png
50,1,178,modular,3,q,img/target_1.png
50,1,179,modular,4,e,img/target_3.png
50,1,180,modular,1,b,img/target_6.png
50,1,181,modular,3,q,img/target_1.png
50,1,182,modular,4,e,img/target_3.png
50,1,183,modular,1,b,img/target_6.png
50,1,184,modular,4,e,img/target_3.png
50,1,185,modular,2,i,img/target_8.png
50,1,186,modular,4,e,img/target_3.png
50,1,187,modular,3,q,img/target_1.png
50,1,188,modular,2,i,img/target_8.png
50,1,189,modular,4,e,img/target_3.png
50,1,190,modular,5,r,img/target_4.png
50,1,191,modular,4,e,img/target_3.png
50,1,192,modular,2,i,img/target_8.png
50,1,193,modular,4,e,img/target_3.png
50,1,194,modular,3,q,img/target_1.png
50,1,195,modular,2,i,img/target_8.png
50,1,196,modular,4,e,img/target_3.png
50,1,197,modular,2,i,img/target_8.png
50,1,198,modular,3,q,img/target_1.png
50,1,199,modular,0,u,img/target_7.png
50,1,200,modular,2,i,img/target_8.png
50,1,201,modular,4,e,img/target_3.png
50,1,202,modular,2,i,img/target_8.png
50,1,203,modular,1,b,img/target_6.png
50,1,204,modular,4,e,img/target_3.png
50,1,205,modular,2,i,img/target_8.png
50,1,206,modular,3,q,img/target_1.png
50,1,207,modular,4,e,img/target_3.png
50,1,208,modular,2,i,img/target_8.png
50,1,209,modular,4,e,img/target_3.png
50,1,210,modular,2,i,img/target_8.png
50,1,211,modular,4,e,img/target_3.png
50,1,212,modular,2,i,img/target_8.png
50,1,213,modular,4,e,img/target_3.png
50,1,214,modular,3,q,img/target_1.png
50,1,215,modular,0,u,img/target_7.png
50,1,216,modular,9,w,img/target_2.png
50,1,217,modular,6,p,img/target_10.png
50,1,218,modular,9,w,img/target_2.png
50,1,219,modular,7,o,img/target_9.png
50,1,220,modular,5,r,img/target_4.png
50,1,221,modular,7,o,img/target_9.png
50,1,222,modular,8,v,img/target_5.png
50,1,223,modular,9,w,img/target_2.png
50,1,224,modular,0,u,img/target_7.png
50,1,225,modular,2,i,img/target_8.png
50,1,226,modular,1,b,img/target_6.png
50,1,227,modular,2,i,img/target_8.png
50,1,228,modular,3,q,img/target_1.png
50,1,229,modular,1,b,img/target_6.png
50,1,230,modular,2,i,img/target_8.png
50,1,231,modular,3,q,img/target_1.png
50,1,232,modular,1,b,img/target_6.png
50,1,233,modular,3,q,img/target_1.png
50,1,234,modular,4,e,img/target_3.png
50,1,235,modular,2,i,img/target_8.png
50,1,236,modular,3,q,img/target_1.png
50,1,237,modular,4,e,img/target_3.png
50,1,238,modular,2,i,img/target_8.png
50,1,239,modular,0,u,img/target_7.png
50,1,240,modular,1,b,img/target_6.png
50,1,241,modular,0,u,img/target_7.png
50,1,242,modular,9,w,img/target_2.png
50,1,243,modular,7,o,img/target_9.png
50,1,244,modular,6,p,img/target_10.png
50,1,245,modular,9,w,img/target_2.png
50,1,246,modular,6,p,img/target_10.png
50,1,247,modular,7,o,img/target_9.png
50,1,248,modular,9,w,img/target_2.png
50,1,249,modular,0,u,img/target_7.png
50,1,250,modular,9,w,img/target_2.png
50,1,251,modular,7,o,img/target_9.png
50,1,252,modular,5,r,img/target_4.png
50,1,253,modular,6,p,img/target_10.png
50,1,254,modular,5,r,img/target_4.png
50,1,255,modular,4,e,img/target_3.png
50,1,256,modular,5,r,img/target_4.png
50,1,257,modular,4,e,img/target_3.png
50,1,258,modular,2,i,img/target_8.png
50,1,259,modular,4,e,img/target_3.png
50,1,260,modular,5,r,img/target_4.png
50,1,261,modular,8,v,img/target_5.png
50,1,262,modular,7,o,img/target_9.png
50,1,263,modular,5,r,img/target_4.png
50,1,264,modular,7,o,img/target_9.png
50,1,265,modular,9,w,img/target_2.png
50,1,266,modular,0,u,img/target_7.png
50,1,267,modular,1,b,img/target_6.png
50,1,268,modular,4,e,img/target_3.png
50,1,269,modular,3,q,img/target_1.png
50,1,270,modular,4,e,img/target_3.png
50,1,271,modular,5,r,img/target_4.png
50,1,272,modular,6,p,img/target_10.png
50,1,273,modular,5,r,img/target_4.png
50,1,274,modular,6,p,img/target_10.png
50,1,275,modular,8,v,img/target_5.png
50,1,276,modular,6,p,img/target_10.png
50,1,277,modular,7,o,img/target_9.png
50,1,278,modular,5,r,img/target_4.png
50,1,279,modular,8,v,img/target_5.png
50,1,280,modular,5,r,img/target_4.png
50,1,281,modular,4,e,img/target_3.png
50,1,282,modular,3,q,img/target_1.png
50,1,283,modular,2,i,img/target_8.png
50,1,284,modular,0,u,img/target_7.png
50,1,285,modular,2,i,img/target_8.png
50,1,286,modular,1,b,img/target_6.png
50,1,287,modular,0,u,img/target_7.png
50,1,288,modular,3,q,img/target_1.png
50,1,289,modular,2,i,img/target_8.png
50,1,290,modular,0,u,img/target_7.png
50,1,291,modular,3,q,img/target_1.png
50,1,292,modular,4,e,img/target_3.png
50,1,293,modular,1,b,img/target_6.png
50,1,294,modular,2,i,img/target_8.png
50,1,295,modular,4,e,img/target_3.png
50,1,296,modular,2,i,img/target_8.png
50,1,297,modular,1,b,img/target_6.png
50,1,298,modular,0,u,img/target_7.png
50,1,299,modular,2,i,img/target_8.png
50,1,300,modular,0,u,img/target_7.png
50,1,301,modular,3,q,img/target_1.png
50,1,302,modular,4,e,img/target_3.png
50,1,303,modular,5,r,img/target_4.png
50,1,304,modular,6,p,img/target_10.png
50,1,305,modular,7,o,img/target_9.png
50,1,306,modular,6,p,img/target_10.png
50,1,307,modular,5,r,img/target_4.png
50,1,308,modular,4,e,img/target_3.png
50,1,309,modular,3,q,img/target_1.png
50,1,310,modular,4,e,img/target_3.png
50,1,311,modular,2,i,img/target_8.png
50,1,312,modular,4,e,img/target_3.png
50,1,313,modular,1,b,img/target_6.png
50,1,314,modular,0,u,img/target_7.png
50,1,315,modular,1,b,img/target_6.png
50,1,316,modular,3,q,img/target_1.png
50,1,317,modular,0,u,img/target_7.png
50,1,318,modular,2,i,img/target_8.png
50,1,319,modular,1,b,img/target_6.png
50,1,320,modular,0,u,img/target_7.png
50,1,321,modular,1,b,img/target_6.png
50,1,322,modular,4,e,img/target_3.png
50,1,323,modular,3,q,img/target_1.png
50,1,324,modular,2,i,img/target_8.png
50,1,325,modular,3,q,img/target_1.png
50,1,326,modular,2,i,img/target_8.png
50,1,327,modular,4,e,img/target_3.png
50,1,328,modular,1,b,img/target_6.png
50,1,329,modular,4,e,img/target_3.png
50,1,330,modular,2,i,img/target_8.png
50,1,331,modular,4,e,img/target_3.png
50,1,332,modular,1,b,img/target_6.png
50,1,333,modular,3,q,img/target_1.png
50,1,334,modular,0,u,img/target_7.png
50,1,335,modular,1,b,img/target_6.png
50,1,336,modular,0,u,img/target_7.png
50,1,337,modular,3,q,img/target_1.png
50,1,338,modular,0,u,img/target_7.png
50,1,339,modular,1,b,img/target_6.png
50,1,340,modular,2,i,img/target_8.png
50,1,341,modular,0,u,img/target_7.png
50,1,342,modular,9,w,img/target_2.png
50,1,343,modular,0,u,img/target_7.png
50,1,344,modular,1,b,img/target_6.png
50,1,345,modular,0,u,img/target_7.png
50,1,346,modular,3,q,img/target_1.png
50,1,347,modular,4,e,img/target_3.png
50,1,348,modular,5,r,img/target_4.png
50,1,349,modular,8,v,img/target_5.png
50,1,350,modular,6,p,img/target_10.png
50,1,351,modular,9,w,img/target_2.png
50,1,352,modular,7,o,img/target_9.png
50,1,353,modular,9,w,img/target_2.png
50,1,354,modular,7,o,img/target_9.png
50,1,355,modular,5,r,img/target_4.png
50,1,356,modular,4,e,img/target_3.png
50,1,357,modular,3,q,img/target_1.png
50,1,358,modular,4,e,img/target_3.png
50,1,359,modular,1,b,img/target_6.png
50,1,360,modular,2,i,img/target_8.png
50,1,361,modular,1,b,img/target_6.png
50,1,362,modular,0,u,img/target_7.png
50,1,363,modular,1,b,img/target_6.png
50,1,364,modular,3,q,img/target_1.png
50,1,365,modular,1,b,img/target_6.png
50,1,366,modular,2,i,img/target_8.png
50,1,367,modular,4,e,img/target_3.png
50,1,368,modular,3,q,img/target_1.png
50,1,369,modular,4,e,img/target_3.png
50,1,370,modular,5,r,img/target_4.png
50,1,371,modular,4,e,img/target_3.png
50,1,372,modular,3,q,img/target_1.png
50,1,373,modular,2,i,img/target_8.png
50,1,374,modular,3,q,img/target_1.png
50,1,375,modular,0,u,img/target_7.png
50,1,376,modular,2,i,img/target_8.png
50,1,377,modular,4,e,img/target_3.png
50,1,378,modular,2,i,img/target_8.png
50,1,379,modular,1,b,img/target_6.png
50,1,380,modular,3,q,img/target_1.png
50,1,381,modular,0,u,img/target_7.png
50,1,382,modular,1,b,img/target_6.png
50,1,383,modular,2,i,img/target_8.png
50,1,384,modular,3,q,img/target_1.png
50,1,385,modular,1,b,img/target_6.png
50,1,386,modular,4,e,img/target_3.png
50,1,387,modular,1,b,img/target_6.png
50,1,388,modular,4,e,img/target_3.png
50,1,389,modular,2,i,img/target_8.png
50,1,390,modular,0,u,img/target_7.png
50,1,391,modular,9,w,img/target_2.png
50,1,392,modular,6,p,img/target_10.png
50,1,393,modular,5,r,img/target_4.png
50,1,394,modular,8,v,img/target_5.png
50,1,395,modular,9,w,img/target_2.png
50,1,396,modular,8,v,img/target_5.png
50,1,397,modular,6,p,img/target_10.png
50,1,398,modular,8,v,img/target_5.png
50,1,399,modular,9,w,img/target_2.png
50,1,400,modular,7,o,img/target_9.png
50,1,401,modular,5,r,img/target_4.png
50,1,402,modular,4,e,img/target_3.png
50,1,403,modular,2,i,img/target_8.png
50,1,404,modular,4,e,img/target_3.png
50,1,405,modular,5,r,img/target_4.png
50,1,406,modular,8,v,img/target_5.png
50,1,407,modular,6,p,img/target_10.png
50,1,408,modular,9,w,img/target_2.png
50,1,409,modular,0,u,img/target_7.png
50,1,410,modular,2,i,img/target_8.png
50,1,411,modular,1,b,img/target_6.png
50,1,412,modular,2,i,img/target_8.png
50,1,413,modular,4,e,img/target_3.png
50,1,414,modular,1,b,img/target_6.png
50,1,415,modular,3,q,img/target_1.png
50,1,416,modular,2,i,img/target_8.png
50,1,417,modular,3,q,img/target_1.png
50,1,418,modular,2,i,img/target_8.png
50,1,419,modular,1,b,img/target_6.png
50,1,420,modular,0,u,img/target_7.png
50,1,421,modular,9,w,img/target_2.png
50,1,422,modular,8,v,img/target_5.png
50,1,423,modular,7,o,img/target_9.png
50,1,424,modular,9,w,img/target_2.png
50,1,425,modular,8,v,img/target_5.png
50,1,426,modular,7,o,img/target_9.png
50,1,427,modular,9,w,img/target_2.png
50,1,428,modular,7,o,img/target_9.png
50,1,429,modular,5,r,img/target_4.png
50,1,430,modular,8,v,img/target_5.png
50,1,431,modular,9,w,img/target_2.png
50,1,432,modular,6,p,img/target_10.png
50,1,433,modular,9,w,img/target_2.png
50,1,434,modular,7,o,img/target_9.png
50,1,435,modular,5,r,img/target_4.png
50,1,436,modular,6,p,img/target_10.png
50,1,437,modular,7,o,img/target_9.png
50,1,438,modular,6,p,img/target_10.png
50,1,439,modular,7,o,img/target_9.png
50,1,440,modular,6,p,img/target_10.png
50,1,441,modular,8,v,img/target_5.png
50,1,442,modular,9,w,img/target_2.png
50,1,443,modular,0,u,img/target_7.png
50,1,444,modular,3,q,img/target_1.png
50,1,445,modular,0,u,img/target_7.png
50,1,446,modular,9,w,img/target_2.png
50,1,447,modular,0,u,img/target_7.png
50,1,448,modular,1,b,img/target_6.png
50,1,449,modular,3,q,img/target_1.png
50,1,450,modular,2,i,img/target_8.png
50,1,451,modular,1,b,img/target_6.png
50,1,452,modular,4,e,img/target_3.png
50,1,453,modular,3,q,img/target_1.png
50,1,454,modular,2,i,img/target_8.png
50,1,455,modular,4,e,img/target_3.png
50,1,456,modular,5,r,img/target_4.png
50,1,457,modular,8,v,img/target_5.png
50,1,458,modular,6,p,img/target_10.png
50,1,459,modular,9,w,img/target_2.png
50,1,460,modular,8,v,img/target_5.png
50,1,461,modular,6,p,img/target_10.png
50,1,462,modular,9,w,img/target_2.png
50,1,463,modular,8,v,img/target_5.png
50,1,464,modular,9,w,img/target_2.png
50,1,465,modular,8,v,img/target_5.png
50,1,466,modular,9,w,img/target_2.png
50,1,467,modular,0,u,img/target_7.png
50,1,468,modular,9,w,img/target_2.png
50,1,469,modular,0,u,img/target_7.png
50,1,470,modular,3,q,img/target_1.png
50,1,471,modular,4,e,img/target_3.png
50,1,472,modular,5,r,img/target_4.png
50,1,473,modular,6,p,img/target_10.png
50,1,474,modular,7,o,img/target_9.png
50,1,475,modular,6,p,img/target_10.png
50,1,476,modular,5,r,img/target_4.png
50,1,477,modular,4,e,img/target_3.png
50,1,478,modular,2,i,img/target_8.png
50,1,479,modular,3,q,img/target_1.png
50,1,480,modular,2,i,img/target_8.png
50,1,481,modular,4,e,img/target_3.png
50,1,482,modular,3,q,img/target_1.png
50,1,483,modular,1,b,img/target_6.png
50,1,484,modular,3,q,img/target_1.png
50,1,485,modular,2,i,img/target_8.png
50,1,486,modular,0,u,img/target_7.png
50,1,487,modular,2,i,img/target_8.png
50,1,488,modular,0,u,img/target_7.png
50,1,489,modular,1,b,img/target_6.png
50,1,490,modular,0,u,img/target_7.png
50,1,491,modular,1,b,img/target_6.png
50,1,492,modular,3,q,img/target_1.png
50,1,493,modular,1,b,img/target_6.png
50,1,494,modular,3,q,img/target_1.png
50,1,495,modular,4,e,img/target_3.png
50,1,496,modular,2,i,img/target_8.png
50,1,497,modular,1,b,img/target_6.png
50,1,498,modular,2,i,img/target_8.png
50,1,499,modular,0,u,img/target_7.png
50,1,500,modular,2,i,img/target_8.png
50,1,501,modular,0,u,img/target_7.png
50,1,502,modular,2,i,img/target_8.png
50,1,503,modular,0,u,img/target_7.png
50,1,504,modular,3,q,img/target_1.png
50,1,505,modular,1,b,img/target_6.png
50,1,506,modular,2,i,img/target_8.png
50,1,507,modular,1,b,img/target_6.png
50,1,508,modular,0,u,img/target_7.png
50,1,509,modular,3,q,img/target_1.png
50,1,510,modular,4,e,img/target_3.png
50,1,511,modular,1,b,img/target_6.png
50,1,512,modular,4,e,img/target_3.png
50,1,513,modular,3,q,img/target_1.png
50,1,514,modular,2,i,img/target_8.png
50,1,515,modular,0,u,img/target_7.png
50,1,516,modular,3,q,img/target_1.png
50,1,517,modular,0,u,img/target_7.png
50,1,518,modular,2,i,img/target_8.png
50,1,519,modular,1,b,img/target_6.png
50,1,520,modular,3,q,img/target_1.png
50,1,521,modular,0,u,img/target_7.png
50,1,522,modular,1,b,img/target_6.png
50,1,523,modular,2,i,img/target_8.png
50,1,524,modular,4,e,img/target_3.png
50,1,525,modular,3,q,img/target_1.png
50,1,526,modular,2,i,img/target_8.png
50,1,527,modular,3,q,img/target_1.png
50,1,528,modular,2,i,img/target_8.png
50,1,529,modular,0,u,img/target_7.png
50,1,530,modular,3,q,img/target_1.png
50,1,531,modular,2,i,img/target_8.png
50,1,532,modular,0,u,img/target_7.png
50,1,533,modular,9,w,img/target_2.png
50,1,534,modular,7,o,img/target_9.png
50,1,535,modular,6,p,img/target_10.png
50,1,536,modular,7,o,img/target_9.png
50,1,537,modular,6,p,img/target_10.png
50,1,538,modular,9,w,img/target_2.png
50,1,539,modular,7,o,img/target_9.png
50,1,540,modular,5,r,img/target_4.png
50,1,541,modular,8,v,img/target_5.png
50,1,542,modular,7,o,img/target_9.png
50,1,543,modular,9,w,img/target_2.png
50,1,544,modular,0,u,img/target_7.png
50,1,545,modular,9,w,img/target_2.png
50,1,546,modular,7,o,img/target_9.png
50,1,547,modular,6,p,img/target_10.png
50,1,548,modular,8,v,img/target_5.png
50,1,549,modular,9,w,img/target_2.png
50,1,550,modular,7,o,img/target_9.png
50,1,551,modular,8,v,img/target_5.png
50,1,552,modular,9,w,img/target_2.png
50,1,553,modular,6,p,img/target_10.png
50,1,554,modular,9,w,img/target_2.png
50,1,555,modular,8,v,img/target_5.png
50,1,556,modular,5,r,img/target_4.png
50,1,557,modular,7,o,img/target_9.png
50,1,558,modular,6,p,img/target_10.png
50,1,559,modular,9,w,img/target_2.png
50,1,560,modular,8,v,img/target_5.png
50,1,561,modular,9,w,img/target_2.png
50,1,562,modular,7,o,img/target_9.png
50,1,563,modular,6,p,img/target_10.png
50,1,564,modular,5,r,img/target_4.png
50,1,565,modular,7,o,img/target_9.png
50,1,566,modular,8,v,img/target_5.png
50,1,567,modular,9,w,img/target_2.png
50,1,568,modular,6,p,img/target_10.png
50,1,569,modular,9,w,img/target_2.png
50,1,570,modular,0,u,img/target_7.png
50,1,571,modular,2,i,img/target_8.png
50,1,572,modular,0,u,img/target_7.png
50,1,573,modular,1,b,img/target_6.png
50,1,574,modular,0,u,img/target_7.png
50,1,575,modular,3,q,img/target_1.png
50,1,576,modular,4,e,img/target_3.png
50,1,577,modular,2,i,img/target_8.png
50,1,578,modular,3,q,img/target_1.png
50,1,579,modular,2,i,img/target_8.png
50,1,580,modular,4,e,img/target_3.png
50,1,581,modular,2,i,img/target_8.png
50,1,582,modular,3,q,img/target_1.png
50,1,583,modular,1,b,img/target_6.png
50,1,584,modular,2,i,img/target_8.png
50,1,585,modular,4,e,img/target_3.png
50,1,586,modular,1,b,img/target_6.png
50,1,587,modular,4,e,img/target_3.png
50,1,588,modular,3,q,img/target_1.png
50,1,589,modular,4,e,img/target_3.png
50,1,590,modular,5,r,img/target_4.png
50,1,591,modular,6,p,img/target_10.png
50,1,592,modular,5,r,img/target_4.png
50,1,593,modular,4,e,img/target_3.png
50,1,594,modular,1,b,img/target_6.png
50,1,595,modular,0,u,img/target_7.png
50,1,596,modular,2,i,img/target_8.png
50,1,597,modular,4,e,img/target_3.png
50,1,598,modular,1,b,img/target_6.png
50,1,599,modular,3,q,img/target_1.png
50,1,600,modular,2,i,img/target_8.png
50,1,601,modular,1,b,img/target_6.png
50,1,602,modular,3,q,img/target_1.png
50,1,603,modular,4,e,img/target_3.png
50,1,604,modular,1,b,img/target_6.png
50,1,605,modular,4,e,img/target_3.png
50,1,606,modular,3,q,img/target_1.png
50,1,607,modular,2,i,img/target_8.png
50,1,608,modular,1,b,img/target_6.png
50,1,609,modular,3,q,img/target_1.png
50,1,610,modular,4,e,img/target_3.png
50,1,611,modular,3,q,img/target_1.png
50,1,612,modular,1,b,img/target_6.png
50,1,613,modular,2,i,img/target_8.png
50,1,614,modular,4,e,img/target_3.png
50,1,615,modular,3,q,img/target_1.png
50,1,616,modular,4,e,img/target_3.png
50,1,617,modular,5,r,img/target_4.png
50,1,618,modular,8,v,img/target_5.png
50,1,619,modular,6,p,img/target_10.png
50,1,620,modular,5,r,img/target_4.png
50,1,621,modular,7,o,img/target_9.png
50,1,622,modular,5,r,img/target_4.png
50,1,623,modular,6,p,img/target_10.png
50,1,624,modular,9,w,img/target_2.png
50,1,625,modular,6,p,img/target_10.png
50,1,626,modular,5,r,img/target_4.png
50,1,627,modular,7,o,img/target_9.png
50,1,628,modular,5,r,img/target_4.png
50,1,629,modular,8,v,img/target_5.png
50,1,630,modular,9,w,img/target_2.png
50,1,631,modular,0,u,img/target_7.png
50,1,632,modular,2,i,img/target_8.png
50,1,633,modular,1,b,img/target_6.png
50,1,634,modular,3,q,img/target_1.png
50,1,635,modular,1,b,img/target_6.png
50,1,636,modular,4,e,img/target_3.png
50,1,637,modular,1,b,img/target_6.png
50,1,638,modular,0,u,img/target_7.png
50,1,639,modular,2,i,img/target_8.png
50,1,640,modular,3,q,img/target_1.png
50,1,641,modular,0,u,img/target_7.png
50,1,642,modular,1,b,img/target_6.png
50,1,643,modular,0,u,img/target_7.png
50,1,644,modular,3,q,img/target_1.png
50,1,645,modular,1,b,img/target_6.png
50,1,646,modular,0,u,img/target_7.png
50,1,647,modular,2,i,img/target_8.png
50,1,648,modular,1,b,img/target_6.png
50,1,649,modular,2,i,img/target_8.png
50,1,650,modular,3,q,img/target_1.png
50,1,651,modular,4,e,img/target_3.png
50,1,652,modular,3,q,img/target_1.png
50,1,653,modular,1,b,img/target_6.png
50,1,654,modular,2,i,img/target_8.png
50,1,655,modular,4,e,img/target_3.png
50,1,656,modular,3,q,img/target_1.png
50,1,657,modular,0,u,img/target_7.png
50,1,658,modular,2,i,img/target_8.png
50,1,659,modular,3,q,img/target_1.png
50,1,660,modular,0,u,img/target_7.png
50,1,661,modular,9,w,img/target_2.png
50,1,662,modular,6,p,img/target_10.png
50,1,663,modular,7,o,img/target_9.png
50,1,664,modular,8,v,img/target_5.png
50,1,665,modular,7,o,img/target_9.png
50,1,666,modular,9,w,img/target_2.png
50,1,667,modular,0,u,img/target_7.png
50,1,668,modular,3,q,img/target_1.png
50,1,669,modular,4,e,img/target_3.png
50,1,670,modular,5,r,img/target_4.png
50,1,671,modular,8,v,img/target_5.png
50,1,672,modular,6,p,img/target_10.png
50,1,673,modular,8,v,img/target_5.png
50,1,674,modular,7,o,img/target_9.png
50,1,675,modular,8,v,img/target_5.png
50,1,676,modular,9,w,img/target_2.png
50,1,677,modular,8,v,img/target_5.png
50,1,678,modular,7,o,img/target_9.png
50,1,679,modular,9,w,img/target_2.png
50,1,680,modular,6,p,img/target_10.png
50,1,681,modular,8,v,img/target_5.png
50,1,682,modular,5,r,img/target_4.png
50,1,683,modular,7,o,img/target_9.png
50,1,684,modular,8,v,img/target_5.png
50,1,685,modular,7,o,img/target_9.png
50,1,686,modular,6,p,img/target_10.png
50,1,687,modular,5,r,img/target_4.png
50,1,688,modular,4,e,img/target_3.png
50,1,689,modular,5,r,img/target_4.png
50,1,690,modular,7,o,img/target_9.png
50,1,691,modular,8,v,img/target_5.png
50,1,692,modular,5,r,img/target_4.png
50,1,693,modular,6,p,img/target_10.png
50,1,694,modular,9,w,img/target_2.png
50,1,695,modular,7,o,img/target_9.png
50,1,696,modular,6,p,img/target_10.png
50,1,697,modular,5,r,img/target_4.png
50,1,698,modular,6,p,img/target_10.png
50,1,699,modular,8,v,img/target_5.png
50,1,700,modular,5,r,img/target_4.png
50,1,701,modular,6,p,img/target_10.png
50,1,702,modular,9,w,img/target_2.png
50,1,703,modular,6,p,img/target_10.png
50,1,704,modular,9,w,img/target_2.png
50,1,705,modular,8,v,img/target_5.png
50,1,706,modular,7,o,img/target_9.png
50,1,707,modular,8,v,img/target_5.png
50,1,708,modular,9,w,img/target_2.png
50,1,709,modular,8,v,img/target_5.png
50,1,710,modular,9,w,img/target_2.png
50,1,711,modular,7,o,img/target_9.png
50,1,712,modular,5,r,img/target_4.png
50,1,713,modular,4,e,img/target_3.png
50,1,714,modular,2,i,img/target_8.png
50,1,715,modular,3,q,img/target_1.png
50,1,716,modular,2,i,img/target_8.png
50,1,717,modular,4,e,img/target_3.png
50,1,718,modular,2,i,img/target_8.png
50,1,719,modular,1,b,img/target_6.png
50,1,720,modular,3,q,img/target_1.png
50,1,721,modular,0,u,img/target_7.png
50,1,722,modular,9,w,img/target_2.png
50,1,723,modular,0,u,img/target_7.png
50,1,724,modular,3,q,img/target_1.png
50,1,725,modular,4,e,img/target_3.png
50,1,726,modular,2,i,img/target_8.png
50,1,727,modular,1,b,img/target_6.png
50,1,728,modular,4,e,img/target_3.png
50,1,729,modular,5,r,img/target_4.png
50,1,730,modular,6,p,img/target_10.png
50,1,731,modular,9,w,img/target_2.png
50,1,732,modular,7,o,img/target_9.png
50,1,733,modular,8,v,img/target_5.png
50,1,734,modular,9,w,img/target_2.png
50,1,735,modular,7,o,img/target_9.png
50,1,736,modular,8,v,img/target_5.png
50,1,737,modular,9,w,img/target_2.png
50,1,738,modular,7,o,img/target_9.png
50,1,739,modular,8,v,img/target_5.png
50,1,740,modular,7,o,img/target_9.png
50,1,741,modular,6,p,img/target_10.png
50,1,742,modular,9,w,img/target_2.png
50,1,743,modular,7,o,img/target_9.png
50,1,744,modular,9,w,img/target_2.png
50,1,745,modular,6,p,img/target_10.png
50,1,746,modular,8,v,img/target_5.png
50,1,747,modular,7,o,img/target_9.png
50,1,748,modular,8,v,img/target_5.png
50,1,749,modular,9,w,img/target_2.png
50,1,750,modular,0,u,img/target_7.png
50,1,751,modular,9,w,img/target_2.png
50,1,752,modular,0,u,img/target_7.png
50,1,753,modular,3,q,img/target_1.png
50,1,754,modular,0,u,img/target_7.png
50,1,755,modular,1,b,img/target_6.png
50,1,756,modular,0,u,img/target_7.png
50,1,757,modular,3,q,img/target_1.png
50,1,758,modular,2,i,img/target_8.png
50,1,759,modular,4,e,img/target_3.png
50,1,760,modular,3,q,img/target_1.png
50,1,761,modular,2,i,img/target_8.png
50,1,762,modular,0,u,img/target_7.png
50,1,763,modular,1,b,img/target_6.png
50,1,764,modular,3,q,img/target_1.png
50,1,765,modular,4,e,img/target_3.png
50,1,766,modular,2,i,img/target_8.png
50,1,767,modular,0,u,img/target_7.png
50,1,768,modular,2,i,img/target_8.png
50,1,769,modular,4,e,img/target_3.png
50,1,770,modular,2,i,img/target_8.png
50,1,771,modular,3,q,img/target_1.png
50,1,772,modular,2,i,img/target_8.png
50,1,773,modular,4,e,img/target_3.png
50,1,774,modular,2,i,img/target_8.png
50,1,775,modular,1,b,img/target_6.png
50,1,776,modular,4,e,img/target_3.png
50,1,777,modular,3,q,img/target_1.png
50,1,778,modular,4,e,img/target_3.png
50,1,779,modular,5,r,img/target_4.png
50,1,780,modular,8,v,img/target_5.png
50,1,781,modular,6,p,img/target_10.png
50,1,782,modular,5,r,img/target_4.png
50,1,783,modular,7,o,img/target_9.png
50,1,784,modular,8,v,img/target_5.png
50,1,785,modular,9,w,img/target_2.png
50,1,786,modular,8,v,img/target_5.png
50,1,787,modular,7,o,img/target_9.png
50,1,788,modular,6,p,img/target_10.png
50,1,789,modular,9,w,img/target_2.png
50,1,790,modular,7,o,img/target_9.png
50,1,791,modular,8,v,img/target_5.png
50,1,792,modular,6,p,img/target_10.png
50,1,793,modular,9,w,img/target_2.png
50,1,794,modular,0,u,img/target_7.png
50,1,795,modular,1,b,img/target_6.png
50,1,796,modular,2,i,img/target_8.png
50,1,797,modular,4,e,img/target_3.png
50,1,798,modular,5,r,img/target_4.png
50,1,799,modular,8,v,img/target_5.png
50,1,800,modular,5,r,img/target_4.png
50,1,801,modular,6,p,img/target_10.png
50,1,802,modular,8,v,img/target_5.png
50,1,803,modular,7,o,img/target_9.png
50,1,804,modular,6,p,img/target_10.png
50,1,805,modular,8,v,img/target_5.png
50,1,806,modular,9,w,img/target_2.png
50,1,807,modular,6,p,img/target_10.png
50,1,808,modular,5,r,img/target_4.png
50,1,809,modular,4,e,img/target_3.png
50,1,810,modular,1,b,img/target_6.png
50,1,811,modular,4,e,img/target_3.png
50,1,812,modular,3,q,img/target_1.png
50,1,813,modular,1,b,img/target_6.png
50,1,814,modular,4,e,img/target_3.png
50,1,815,modular,1,b,img/target_6.png
50,1,816,modular,0,u,img/target_7.png
50,1,817,modular,3,q,img/target_1.png
50,1,818,modular,4,e,img/target_3.png
50,1,819,modular,5,r,img/target_4.png
50,1,820,modular,7,o,img/target_9.png
50,1,821,modular,6,p,img/target_10.png
50,1,822,modular,8,v,img/target_5.png
50,1,823,modular,7,o,img/target_9.png
50,1,824,modular,9,w,img/target_2.png
50,1,825,modular,0,u,img/target_7.png
50,1,826,modular,2,i,img/target_8.png
50,1,827,modular,4,e,img/target_3.png
50,1,828,modular,2,i,img/target_8.png
50,1,829,modular,4,e,img/target_3.png
50,1,830,modular,1,b,img/target_6.png
50,1,831,modular,3,q,img/target_1.png
50,1,832,modular,2,i,img/target_8.png
50,1,833,modular,4,e,img/target_3.png
50,1,834,modular,1,b,img/target_6.png
50,1,835,modular,3,q,img/target_1.png
50,1,836,modular,1,b,img/target_6.png
50,1,837,modular,0,u,img/target_7.png
50,1,838,modular,2,i,img/target_8.png
50,1,839,modular,3,q,img/target_1.png
50,1,840,modular,1,b,img/target_6.png
50,1,841,modular,0,u,img/target_7.png
50,1,842,modular,9,w,img/target_2.png
50,1,843,modular,7,o,img/target_9.png
50,1,844,modular,5,r,img/target_4.png
50,1,845,modular,7,o,img/target_9.png
50,1,846,modular,9,w,img/target_2.png
50,1,847,modular,7,o,img/target_9.png
50,1,848,modular,5,r,img/target_4.png
50,1,849,modular,8,v,img/target_5.png
50,1,850,modular,7,o,img/target_9.png
50,1,851,modular,5,r,img/target_4.png
50,1,852,modular,8,v,img/target_5.png
50,1,853,modular,7,o,img/target_9.png
50,1,854,modular,5,r,img/target_4.png
50,1,855,modular,4,e,img/target_3.png
50,1,856,modular,1,b,img/target_6.png
50,1,857,modular,2,i,img/target_8.png
50,1,858,modular,3,q,img/target_1.png
50,1,859,modular,2,i,img/target_8.png
50,1,860,modular,1,b,img/target_6.png
50,1,861,modular,4,e,img/target_3.png
50,1,862,modular,3,q,img/target_1.png
50,1,863,modular,1,b,img/target_6.png
50,1,864,modular,4,e,img/target_3.png
50,1,865,modular,2,i,img/target_8.png
50,1,866,modular,0,u,img/target_7.png
50,1,867,modular,9,w,img/target_2.png
50,1,868,modular,0,u,img/target_7.png
50,1,869,modular,9,w,img/target_2.png
50,1,870,modular,7,o,img/target_9.png
50,1,871,modular,9,w,img/target_2.png
50,1,872,modular,0,u,img/target_7.png
50,1,873,modular,3,q,img/target_1.png
50,1,874,modular,0,u,img/target_7.png
50,1,875,modular,3,q,img/target_1.png
50,1,876,modular,2,i,img/target_8.png
50,1,877,modular,1,b,img/target_6.png
50,1,878,modular,3,q,img/target_1.png
50,1,879,modular,4,e,img/target_3.png
50,1,880,modular,3,q,img/target_1.png
50,1,881,modular,0,u,img/target_7.png
50,1,882,modular,1,b,img/target_6.png
50,1,883,modular,2,i,img/target_8.png
50,1,884,modular,0,u,img/target_7.png
50,1,885,modular,1,b,img/target_6.png
50,1,886,modular,4,e,img/target_3.png
50,1,887,modular,1,b,img/target_6.png
50,1,888,modular,2,i,img/target_8.png
50,1,889,modular,1,b,img/target_6.png
50,1,890,modular,4,e,img/target_3.png
50,1,891,modular,5,r,img/target_4.png
50,1,892,modular,6,p,img/target_10.png
50,1,893,modular,5,r,img/target_4.png
50,1,894,modular,8,v,img/target_5.png
50,1,895,modular,7,o,img/target_9.png
50,1,896,modular,8,v,img/target_5.png
50,1,897,modular,6,p,img/target_10.png
50,1,898,modular,7,o,img/target_9.png
50,1,899,modular,5,r,img/target_4.png
50,1,900,modular,7,o,img/target_9.png
50,1,901,modular,6,p,img/target_10.png
50,1,902,modular,7,o,img/target_9.png
50,1,903,modular,9,w,img/target_2.png
50,1,904,modular,8,v,img/target_5.png
50,1,905,modular,5,r,img/target_4.png
50,1,906,modular,4,e,img/target_3.png
50,1,907,modular,1,b,img/target_6.png
50,1,908,modular,0,u,img/target_7.png
50,1,909,modular,1,b,img/target_6.png
50,1,910,modular,3,q,img/target_1.png
50,1,911,modular,0,u,img/target_7.png
50,1,912,modular,3,q,img/target_1.png
50,1,913,modular,2,i,img/target_8.png
50,1,914,modular,0,u,img/target_7.png
50,1,915,modular,2,i,img/target_8.png
50,1,916,modular,3,q,img/target_1.png
50,1,917,modular,0,u,img/target_7.png
50,1,918,modular,3,q,img/target_1.png
50,1,919,modular,1,b,img/target_6.png
50,1,920,modular,4,e,img/target_3.png
50,1,921,modular,5,r,img/target_4.png
50,1,922,modular,6,p,img/target_10.png
50,1,923,modular,8,v,img/target_5.png
50,1,924,modular,6,p,img/target_10.png
50,1,925,modular,8,v,img/target_5.png
50,1,926,modular,6,p,img/target_10.png
50,1,927,modular,8,v,img/target_5.png
50,1,928,modular,6,p,img/target_10.png
50,1,929,modular,9,w,img/target_2.png
50,1,930,modular,8,v,img/target_5.png
50,1,931,modular,9,w,img/target_2.png
50,1,932,modular,8,v,img/target_5.png
50,1,933,modular,7,o,img/target_9.png
50,1,934,modular,9,w,img/target_2.png
50,1,935,modular,8,v,img/target_5.png
50,1,936,modular,6,p,img/target_10.png
50,1,937,modular,9,w,img/target_2.png
50,1,938,modular,8,v,img/target_5.png
50,1,939,modular,5,r,img/target_4.png
50,1,940,modular,8,v,img/target_5.png
50,1,941,modular,6,p,img/target_10.png
50,1,942,modular,5,r,img/target_4.png
50,1,943,modular,7,o,img/target_9.png
50,1,944,modular,9,w,img/target_2.png
50,1,945,modular,0,u,img/target_7.png
50,1,946,modular,9,w,img/target_2.png
50,1,947,modular,8,v,img/target_5.png
50,1,948,modular,9,w,img/target_2.png
50,1,949,modular,7,o,img/target_9.png
50,1,950,modular,6,p,img/target_10.png
50,1,951,modular,7,o,img/target_9.png
50,1,952,modular,5,r,img/target_4.png
50,1,953,modular,8,v,img/target_5.png
50,1,954,modular,7,o,img/target_9.png
50,1,955,modular,8,v,img/target_5.png
50,1,956,modular,6,p,img/target_10.png
50,1,957,modular,7,o,img/target_9.png
50,1,958,modular,9,w,img/target_2.png
50,1,959,modular,8,v,img/target_5.png
50,1,960,modular,5,r,img/target_4.png
50,1,961,modular,4,e,img/target_3.png
50,1,962,modular,2,i,img/target_8.png
50,1,963,modular,0,u,img/target_7.png
50,1,964,modular,2,i,img/target_8.png
50,1,965,modular,3,q,img/target_1.png
50,1,966,modular,4,e,img/target_3.png
50,1,967,modular,5,r,img/target_4.png
50,1,968,modular,8,v,img/target_5.png
50,1,969,modular,5,r,img/target_4.png
50,1,970,modular,8,v,img/target_5.png
50,1,971,modular,7,o,img/target_9.png
50,1,972,modular,6,p,img/target_10.png
50,1,973,modular,7,o,img/target_9.png
50,1,974,modular,5,r,img/target_4.png
50,1,975,modular,8,v,img/target_5.png
50,1,976,modular,6,p,img/target_10.png
50,1,977,modular,5,r,img/target_4.png
50,1,978,modular,4,e,img/target_3.png
50,1,979,modular,2,i,img/target_8.png
50,1,980,modular,3,q,img/target_1.png
50,1,981,modular,4,e,img/target_3.png
50,1,982,modular,5,r,img/target_4.png
50,1,983,modular,8,v,img/target_5.png
50,1,984,modular,6,p,img/target_10.png
50,1,985,modular,8,v,img/target_5.png
50,1,986,modular,9,w,img/target_2.png
50,1,987,modular,7,o,img/target_9.png
50,1,988,modular,8,v,img/target_5.png
50,1,989,modular,7,o,img/target_9.png
50,1,990,modular,9,w,img/target_2.png
50,1,991,modular,6,p,img/target_10.png
50,1,992,modular,8,v,img/target_5.png
50,1,993,modular,9,w,img/target_2.png
50,1,994,modular,7,o,img/target_9.png
50,1,995,modular,5,r,img/target_4.png
50,1,996,modular,7,o,img/target_9.png
50,1,997,modular,8,v,img/target_5.png
50,1,998,modular,5,r,img/target_4.png
50,1,999,modular,8,v,img/target_5.png
50,1,1000,modular,9,w,img/target_2.png
