pID,sess,trialNum,graph,walk,resp,path
50,3,1,modular,9,w,img/target_2.png
50,3,2,modular,8,v,img/target_5.png
50,3,3,modular,7,o,img/target_9.png
50,3,4,modular,8,v,img/target_5.png
50,3,5,modular,6,p,img/target_10.png
50,3,6,modular,5,r,img/target_4.png
50,3,7,modular,7,o,img/target_9.png
50,3,8,modular,6,p,img/target_10.png
50,3,9,modular,5,r,img/target_4.png
50,3,10,modular,7,o,img/target_9.png
50,3,11,modular,5,r,img/target_4.png
50,3,12,modular,7,o,img/target_9.png
50,3,13,modular,8,v,img/target_5.png
50,3,14,modular,6,p,img/target_10.png
50,3,15,modular,9,w,img/target_2.png
50,3,16,modular,6,p,img/target_10.png
50,3,17,modular,9,w,img/target_2.png
50,3,18,modular,7,o,img/target_9.png
50,3,19,modular,9,w,img/target_2.png
50,3,20,modular,7,o,img/target_9.png
50,3,21,modular,9,w,img/target_2.png
50,3,22,modular,8,v,img/target_5.png
50,3,23,modular,5,r,img/target_4.png
50,3,24,modular,6,p,img/target_10.png
50,3,25,modular,5,r,img/target_4.png
50,3,26,modular,8,v,img/target_5.png
50,3,27,modular,7,o,img/target_9.png
50,3,28,modular,9,w,img/target_2.png
50,3,29,modular,8,v,img/target_5.png
50,3,30,modular,9,w,img/target_2.png
50,3,31,modular,0,u,img/target_7.png
50,3,32,modular,3,q,img/target_1.png
50,3,33,modular,2,i,img/target_8.png
50,3,34,modular,1,b,img/target_6.png
50,3,35,modular,3,q,img/target_1.png
50,3,36,modular,1,b,img/target_6.png
50,3,37,modular,0,u,img/target_7.png
50,3,38,modular,1,b,img/target_6.png
50,3,39,modular,3,q,img/target_1.png
50,3,40,modular,1,b,img/target_6.png
50,3,41,modular,4,e,img/target_3.png
50,3,42,modular,5,r,img/target_4.png
50,3,43,modular,6,p,img/target_10.png
50,3,44,modular,8,v,img/target_5.png
50,3,45,modular,7,o,img/target_9.png
50,3,46,modular,5,r,img/target_4.png
50,3,47,modular,7,o,img/target_9.png
50,3,48,modular,8,v,img/target_5.png
50,3,49,modular,6,p,img/target_10.png
50,3,50,modular,9,w,img/target_2.png
50,3,51,modular,7,o,img/target_9.png
50,3,52,modular,6,p,img/target_10.png
50,3,53,modular,9,w,img/target_2.png
50,3,54,modular,8,v,img/target_5.png
50,3,55,modular,7,o,img/target_9.png
50,3,56,modular,8,v,img/target_5.png
50,3,57,modular,9,w,img/target_2.png
50,3,58,modular,8,v,img/target_5.png
50,3,59,modular,6,p,img/target_10.png
50,3,60,modular,9,w,img/target_2.png
50,3,61,modular,7,o,img/target_9.png
50,3,62,modular,9,w,img/target_2.png
50,3,63,modular,7,o,img/target_9.png
50,3,64,modular,6,p,img/target_10.png
50,3,65,modular,8,v,img/target_5.png
50,3,66,modular,5,r,img/target_4.png
50,3,67,modular,7,o,img/target_9.png
50,3,68,modular,6,p,img/target_10.png
50,3,69,modular,7,o,img/target_9.png
50,3,70,modular,9,w,img/target_2.png
50,3,71,modular,7,o,img/target_9.png
50,3,72,modular,5,r,img/target_4.png
50,3,73,modular,8,v,img/target_5.png
50,3,74,modular,7,o,img/target_9.png
50,3,75,modular,6,p,img/target_10.png
50,3,76,modular,8,v,img/target_5.png
50,3,77,modular,5,r,img/target_4.png
50,3,78,modular,6,p,img/target_10.png
50,3,79,modular,8,v,img/target_5.png
50,3,80,modular,7,o,img/target_9.png
50,3,81,modular,5,r,img/target_4.png
50,3,82,modular,8,v,img/target_5.png
50,3,83,modular,9,w,img/target_2.png
50,3,84,modular,8,v,img/target_5.png
50,3,85,modular,6,p,img/target_10.png
50,3,86,modular,5,r,img/target_4.png
50,3,87,modular,8,v,img/target_5.png
50,3,88,modular,7,o,img/target_9.png
50,3,89,modular,9,w,img/target_2.png
50,3,90,modular,0,u,img/target_7.png
50,3,91,modular,2,i,img/target_8.png
50,3,92,modular,3,q,img/target_1.png
50,3,93,modular,1,b,img/target_6.png
50,3,94,modular,3,q,img/target_1.png
50,3,95,modular,1,b,img/target_6.png
50,3,96,modular,4,e,img/target_3.png
50,3,97,modular,2,i,img/target_8.png
50,3,98,modular,4,e,img/target_3.png
50,3,99,modular,1,b,img/target_6.png
50,3,100,modular,2,i,img/target_8.png
50,3,101,modular,3,q,img/target_1.png
50,3,102,modular,4,e,img/target_3.png
50,3,103,modular,2,i,img/target_8.png
50,3,104,modular,0,u,img/target_7.png
50,3,105,modular,3,q,img/target_1.png
50,3,106,modular,4,e,img/target_3.png
50,3,107,modular,1,b,img/target_6.png
50,3,108,modular,2,i,img/target_8.png
50,3,109,modular,4,e,img/target_3.png
50,3,110,modular,2,i,img/target_8.png
50,3,111,modular,0,u,img/target_7.png
50,3,112,modular,1,b,img/target_6.png
50,3,113,modular,4,e,img/target_3.png
50,3,114,modular,3,q,img/target_1.png
50,3,115,modular,0,u,img/target_7.png
50,3,116,modular,1,b,img/target_6.png
50,3,117,modular,3,q,img/target_1.png
50,3,118,modular,2,i,img/target_8.png
50,3,119,modular,4,e,img/target_3.png
50,3,120,modular,2,i,img/target_8.png
50,3,121,modular,4,e,img/target_3.png
50,3,122,modular,3,q,img/target_1.png
50,3,123,modular,0,u,img/target_7.png
50,3,124,modular,2,i,img/target_8.png
50,3,125,modular,1,b,img/target_6.png
50,3,126,modular,3,q,img/target_1.png
50,3,127,modular,4,e,img/target_3.png
50,3,128,modular,3,q,img/target_1.png
50,3,129,modular,0,u,img/target_7.png
50,3,130,modular,9,w,img/target_2.png
50,3,131,modular,0,u,img/target_7.png
50,3,132,modular,3,q,img/target_1.png
50,3,133,modular,2,i,img/target_8.png
50,3,134,modular,0,u,img/target_7.png
50,3,135,modular,1,b,img/target_6.png
50,3,136,modular,3,q,img/target_1.png
50,3,137,modular,4,e,img/target_3.png
50,3,138,modular,2,i,img/target_8.png
50,3,139,modular,3,q,img/target_1.png
50,3,140,modular,2,i,img/target_8.png
50,3,141,modular,1,b,img/target_6.png
50,3,142,modular,0,u,img/target_7.png
50,3,143,modular,2,i,img/target_8.png
50,3,144,modular,0,u,img/target_7.png
50,3,145,modular,9,w,img/target_2.png
50,3,146,modular,6,p,img/target_10.png
50,3,147,modular,7,o,img/target_9.png
50,3,148,modular,6,p,img/target_10.png
50,3,149,modular,7,o,img/target_9.png
50,3,150,modular,9,w,img/target_2.png
50,3,151,modular,8,v,img/target_5.png
50,3,152,modular,9,w,img/target_2.png
50,3,153,modular,6,p,img/target_10.png
50,3,154,modular,7,o,img/target_9.png
50,3,155,modular,9,w,img/target_2.png
50,3,156,modular,8,v,img/target_5.png
50,3,157,modular,6,p,img/target_10.png
50,3,158,modular,7,o,img/target_9.png
50,3,159,modular,5,r,img/target_4.png
50,3,160,modular,4,e,img/target_3.png
50,3,161,modular,5,r,img/target_4.png
50,3,162,modular,7,o,img/target_9.png
50,3,163,modular,6,p,img/target_10.png
50,3,164,modular,8,v,img/target_5.png
50,3,165,modular,5,r,img/target_4.png
50,3,166,modular,8,v,img/target_5.png
50,3,167,modular,9,w,img/target_2.png
50,3,168,modular,8,v,img/target_5.png
50,3,169,modular,6,p,img/target_10.png
50,3,170,modular,9,w,img/target_2.png
50,3,171,modular,6,p,img/target_10.png
50,3,172,modular,8,v,img/target_5.png
50,3,173,modular,6,p,img/target_10.png
50,3,174,modular,9,w,img/target_2.png
50,3,175,modular,8,v,img/target_5.png
50,3,176,modular,6,p,img/target_10.png
50,3,177,modular,8,v,img/target_5.png
50,3,178,modular,6,p,img/target_10.png
50,3,179,modular,5,r,img/target_4.png
50,3,180,modular,4,e,img/target_3.png
50,3,181,modular,3,q,img/target_1.png
50,3,182,modular,1,b,img/target_6.png
50,3,183,modular,3,q,img/target_1.png
50,3,184,modular,0,u,img/target_7.png
50,3,185,modular,3,q,img/target_1.png
50,3,186,modular,4,e,img/target_3.png
50,3,187,modular,5,r,img/target_4.png
50,3,188,modular,8,v,img/target_5.png
50,3,189,modular,6,p,img/target_10.png
50,3,190,modular,7,o,img/target_9.png
50,3,191,modular,8,v,img/target_5.png
50,3,192,modular,9,w,img/target_2.png
50,3,193,modular,0,u,img/target_7.png
50,3,194,modular,2,i,img/target_8.png
50,3,195,modular,1,b,img/target_6.png
50,3,196,modular,4,e,img/target_3.png
50,3,197,modular,5,r,img/target_4.png
50,3,198,modular,4,e,img/target_3.png
50,3,199,modular,2,i,img/target_8.png
50,3,200,modular,4,e,img/target_3.png
50,3,201,modular,1,b,img/target_6.png
50,3,202,modular,4,e,img/target_3.png
50,3,203,modular,5,r,img/target_4.png
50,3,204,modular,4,e,img/target_3.png
50,3,205,modular,5,r,img/target_4.png
50,3,206,modular,8,v,img/target_5.png
50,3,207,modular,9,w,img/target_2.png
50,3,208,modular,8,v,img/target_5.png
50,3,209,modular,6,p,img/target_10.png
50,3,210,modular,5,r,img/target_4.png
50,3,211,modular,8,v,img/target_5.png
50,3,212,modular,5,r,img/target_4.png
50,3,213,modular,4,e,img/target_3.png
50,3,214,modular,2,i,img/target_8.png
50,3,215,modular,1,b,img/target_6.png
50,3,216,modular,4,e,img/target_3.png
50,3,217,modular,5,r,img/target_4.png
50,3,218,modular,6,p,img/target_10.png
50,3,219,modular,9,w,img/target_2.png
50,3,220,modular,0,u,img/target_7.png
50,3,221,modular,3,q,img/target_1.png
50,3,222,modular,0,u,img/target_7.png
50,3,223,modular,3,q,img/target_1.png
50,3,224,modular,4,e,img/target_3.png
50,3,225,modular,5,r,img/target_4.png
50,3,226,modular,4,e,img/target_3.png
50,3,227,modular,2,i,img/target_8.png
50,3,228,modular,0,u,img/target_7.png
50,3,229,modular,9,w,img/target_2.png
50,3,230,modular,6,p,img/target_10.png
50,3,231,modular,5,r,img/target_4.png
50,3,232,modular,4,e,img/target_3.png
50,3,233,modular,2,i,img/target_8.png
50,3,234,modular,4,e,img/target_3.png
50,3,235,modular,5,r,img/target_4.png
50,3,236,modular,4,e,img/target_3.png
50,3,237,modular,5,r,img/target_4.png
50,3,238,modular,7,o,img/target_9.png
50,3,239,modular,6,p,img/target_10.png
50,3,240,modular,8,v,img/target_5.png
50,3,241,modular,9,w,img/target_2.png
50,3,242,modular,8,v,img/target_5.png
50,3,243,modular,5,r,img/target_4.png
50,3,244,modular,8,v,img/target_5.png
50,3,245,modular,6,p,img/target_10.png
50,3,246,modular,5,r,img/target_4.png
50,3,247,modular,4,e,img/target_3.png
50,3,248,modular,3,q,img/target_1.png
50,3,249,modular,1,b,img/target_6.png
50,3,250,modular,4,e,img/target_3.png
50,3,251,modular,2,i,img/target_8.png
50,3,252,modular,0,u,img/target_7.png
50,3,253,modular,9,w,img/target_2.png
50,3,254,modular,6,p,img/target_10.png
50,3,255,modular,7,o,img/target_9.png
50,3,256,modular,5,r,img/target_4.png
50,3,257,modular,6,p,img/target_10.png
50,3,258,modular,5,r,img/target_4.png
50,3,259,modular,4,e,img/target_3.png
50,3,260,modular,3,q,img/target_1.png
50,3,261,modular,1,b,img/target_6.png
50,3,262,modular,0,u,img/target_7.png
50,3,263,modular,3,q,img/target_1.png
50,3,264,modular,1,b,img/target_6.png
50,3,265,modular,4,e,img/target_3.png
50,3,266,modular,3,q,img/target_1.png
50,3,267,modular,2,i,img/target_8.png
50,3,268,modular,1,b,img/target_6.png
50,3,269,modular,2,i,img/target_8.png
50,3,270,modular,0,u,img/target_7.png
50,3,271,modular,2,i,img/target_8.png
50,3,272,modular,0,u,img/target_7.png
50,3,273,modular,1,b,img/target_6.png
50,3,274,modular,0,u,img/target_7.png
50,3,275,modular,2,i,img/target_8.png
50,3,276,modular,3,q,img/target_1.png
50,3,277,modular,4,e,img/target_3.png
50,3,278,modular,5,r,img/target_4.png
50,3,279,modular,6,p,img/target_10.png
50,3,280,modular,5,r,img/target_4.png
50,3,281,modular,6,p,img/target_10.png
50,3,282,modular,8,v,img/target_5.png
50,3,283,modular,6,p,img/target_10.png
50,3,284,modular,5,r,img/target_4.png
50,3,285,modular,6,p,img/target_10.png
50,3,286,modular,7,o,img/target_9.png
50,3,287,modular,9,w,img/target_2.png
50,3,288,modular,6,p,img/target_10.png
50,3,289,modular,9,w,img/target_2.png
50,3,290,modular,6,p,img/target_10.png
50,3,291,modular,5,r,img/target_4.png
50,3,292,modular,4,e,img/target_3.png
50,3,293,modular,2,i,img/target_8.png
50,3,294,modular,4,e,img/target_3.png
50,3,295,modular,5,r,img/target_4.png
50,3,296,modular,6,p,img/target_10.png
50,3,297,modular,8,v,img/target_5.png
50,3,298,modular,9,w,img/target_2.png
50,3,299,modular,0,u,img/target_7.png
50,3,300,modular,2,i,img/target_8.png
50,3,301,modular,3,q,img/target_1.png
50,3,302,modular,1,b,img/target_6.png
50,3,303,modular,0,u,img/target_7.png
50,3,304,modular,3,q,img/target_1.png
50,3,305,modular,1,b,img/target_6.png
50,3,306,modular,0,u,img/target_7.png
50,3,307,modular,3,q,img/target_1.png
50,3,308,modular,4,e,img/target_3.png
50,3,309,modular,1,b,img/target_6.png
50,3,310,modular,2,i,img/target_8.png
50,3,311,modular,4,e,img/target_3.png
50,3,312,modular,5,r,img/target_4.png
50,3,313,modular,4,e,img/target_3.png
50,3,314,modular,1,b,img/target_6.png
50,3,315,modular,0,u,img/target_7.png
50,3,316,modular,3,q,img/target_1.png
50,3,317,modular,2,i,img/target_8.png
50,3,318,modular,4,e,img/target_3.png
50,3,319,modular,1,b,img/target_6.png
50,3,320,modular,4,e,img/target_3.png
50,3,321,modular,5,r,img/target_4.png
50,3,322,modular,8,v,img/target_5.png
50,3,323,modular,9,w,img/target_2.png
50,3,324,modular,7,o,img/target_9.png
50,3,325,modular,9,w,img/target_2.png
50,3,326,modular,6,p,img/target_10.png
50,3,327,modular,8,v,img/target_5.png
50,3,328,modular,5,r,img/target_4.png
50,3,329,modular,6,p,img/target_10.png
50,3,330,modular,9,w,img/target_2.png
50,3,331,modular,6,p,img/target_10.png
50,3,332,modular,8,v,img/target_5.png
50,3,333,modular,7,o,img/target_9.png
50,3,334,modular,9,w,img/target_2.png
50,3,335,modular,7,o,img/target_9.png
50,3,336,modular,9,w,img/target_2.png
50,3,337,modular,7,o,img/target_9.png
50,3,338,modular,6,p,img/target_10.png
50,3,339,modular,9,w,img/target_2.png
50,3,340,modular,0,u,img/target_7.png
50,3,341,modular,1,b,img/target_6.png
50,3,342,modular,0,u,img/target_7.png
50,3,343,modular,3,q,img/target_1.png
50,3,344,modular,2,i,img/target_8.png
50,3,345,modular,4,e,img/target_3.png
50,3,346,modular,3,q,img/target_1.png
50,3,347,modular,2,i,img/target_8.png
50,3,348,modular,1,b,img/target_6.png
50,3,349,modular,2,i,img/target_8.png
50,3,350,modular,4,e,img/target_3.png
50,3,351,modular,5,r,img/target_4.png
50,3,352,modular,8,v,img/target_5.png
50,3,353,modular,9,w,img/target_2.png
50,3,354,modular,0,u,img/target_7.png
50,3,355,modular,9,w,img/target_2.png
50,3,356,modular,6,p,img/target_10.png
50,3,357,modular,9,w,img/target_2.png
50,3,358,modular,7,o,img/target_9.png
50,3,359,modular,9,w,img/target_2.png
50,3,360,modular,6,p,img/target_10.png
50,3,361,modular,5,r,img/target_4.png
50,3,362,modular,8,v,img/target_5.png
50,3,363,modular,7,o,img/target_9.png
50,3,364,modular,9,w,img/target_2.png
50,3,365,modular,6,p,img/target_10.png
50,3,366,modular,7,o,img/target_9.png
50,3,367,modular,8,v,img/target_5.png
50,3,368,modular,5,r,img/target_4.png
50,3,369,modular,4,e,img/target_3.png
50,3,370,modular,3,q,img/target_1.png
50,3,371,modular,4,e,img/target_3.png
50,3,372,modular,2,i,img/target_8.png
50,3,373,modular,4,e,img/target_3.png
50,3,374,modular,5,r,img/target_4.png
50,3,375,modular,4,e,img/target_3.png
50,3,376,modular,1,b,img/target_6.png
50,3,377,modular,0,u,img/target_7.png
50,3,378,modular,3,q,img/target_1.png
50,3,379,modular,1,b,img/target_6.png
50,3,380,modular,0,u,img/target_7.png
50,3,381,modular,3,q,img/target_1.png
50,3,382,modular,1,b,img/target_6.png
50,3,383,modular,2,i,img/target_8.png
50,3,384,modular,0,u,img/target_7.png
50,3,385,modular,3,q,img/target_1.png
50,3,386,modular,1,b,img/target_6.png
50,3,387,modular,4,e,img/target_3.png
50,3,388,modular,3,q,img/target_1.png
50,3,389,modular,4,e,img/target_3.png
50,3,390,modular,5,r,img/target_4.png
50,3,391,modular,4,e,img/target_3.png
50,3,392,modular,3,q,img/target_1.png
50,3,393,modular,1,b,img/target_6.png
50,3,394,modular,2,i,img/target_8.png
50,3,395,modular,1,b,img/target_6.png
50,3,396,modular,2,i,img/target_8.png
50,3,397,modular,0,u,img/target_7.png
50,3,398,modular,2,i,img/target_8.png
50,3,399,modular,0,u,img/target_7.png
50,3,400,modular,2,i,img/target_8.png
50,3,401,modular,1,b,img/target_6.png
50,3,402,modular,4,e,img/target_3.png
50,3,403,modular,5,r,img/target_4.png
50,3,404,modular,6,p,img/target_10.png
50,3,405,modular,9,w,img/target_2.png
50,3,406,modular,8,v,img/target_5.png
50,3,407,modular,7,o,img/target_9.png
50,3,408,modular,8,v,img/target_5.png
50,3,409,modular,6,p,img/target_10.png
50,3,410,modular,9,w,img/target_2.png
50,3,411,modular,0,u,img/target_7.png
50,3,412,modular,2,i,img/target_8.png
50,3,413,modular,1,b,img/target_6.png
50,3,414,modular,3,q,img/target_1.png
50,3,415,modular,4,e,img/target_3.png
50,3,416,modular,5,r,img/target_4.png
50,3,417,modular,7,o,img/target_9.png
50,3,418,modular,5,r,img/target_4.png
50,3,419,modular,8,v,img/target_5.png
50,3,420,modular,7,o,img/target_9.png
50,3,421,modular,5,r,img/target_4.png
50,3,422,modular,8,v,img/target_5.png
50,3,423,modular,6,p,img/target_10.png
50,3,424,modular,5,r,img/target_4.png
50,3,425,modular,6,p,img/target_10.png
50,3,426,modular,7,o,img/target_9.png
50,3,427,modular,8,v,img/target_5.png
50,3,428,modular,6,p,img/target_10.png
50,3,429,modular,7,o,img/target_9.png
50,3,430,modular,9,w,img/target_2.png
50,3,431,modular,6,p,img/target_10.png
50,3,432,modular,9,w,img/target_2.png
50,3,433,modular,8,v,img/target_5.png
50,3,434,modular,5,r,img/target_4.png
50,3,435,modular,7,o,img/target_9.png
50,3,436,modular,5,r,img/target_4.png
50,3,437,modular,8,v,img/target_5.png
50,3,438,modular,5,r,img/target_4.png
50,3,439,modular,6,p,img/target_10.png
50,3,440,modular,8,v,img/target_5.png
50,3,441,modular,7,o,img/target_9.png
50,3,442,modular,8,v,img/target_5.png
50,3,443,modular,9,w,img/target_2.png
50,3,444,modular,0,u,img/target_7.png
50,3,445,modular,9,w,img/target_2.png
50,3,446,modular,8,v,img/target_5.png
50,3,447,modular,6,p,img/target_10.png
50,3,448,modular,9,w,img/target_2.png
50,3,449,modular,0,u,img/target_7.png
50,3,450,modular,3,q,img/target_1.png
50,3,451,modular,0,u,img/target_7.png
50,3,452,modular,1,b,img/target_6.png
50,3,453,modular,3,q,img/target_1.png
50,3,454,modular,4,e,img/target_3.png
50,3,455,modular,5,r,img/target_4.png
50,3,456,modular,8,v,img/target_5.png
50,3,457,modular,5,r,img/target_4.png
50,3,458,modular,7,o,img/target_9.png
50,3,459,modular,8,v,img/target_5.png
50,3,460,modular,7,o,img/target_9.png
50,3,461,modular,6,p,img/target_10.png
50,3,462,modular,7,o,img/target_9.png
50,3,463,modular,9,w,img/target_2.png
50,3,464,modular,7,o,img/target_9.png
50,3,465,modular,5,r,img/target_4.png
50,3,466,modular,8,v,img/target_5.png
50,3,467,modular,9,w,img/target_2.png
50,3,468,modular,7,o,img/target_9.png
50,3,469,modular,5,r,img/target_4.png
50,3,470,modular,8,v,img/target_5.png
50,3,471,modular,5,r,img/target_4.png
50,3,472,modular,7,o,img/target_9.png
50,3,473,modular,6,p,img/target_10.png
50,3,474,modular,7,o,img/target_9.png
50,3,475,modular,6,p,img/target_10.png
50,3,476,modular,8,v,img/target_5.png
50,3,477,modular,9,w,img/target_2.png
50,3,478,modular,7,o,img/target_9.png
50,3,479,modular,8,v,img/target_5.png
50,3,480,modular,5,r,img/target_4.png
50,3,481,modular,4,e,img/target_3.png
50,3,482,modular,2,i,img/target_8.png
50,3,483,modular,0,u,img/target_7.png
50,3,484,modular,9,w,img/target_2.png
50,3,485,modular,8,v,img/target_5.png
50,3,486,modular,9,w,img/target_2.png
50,3,487,modular,0,u,img/target_7.png
50,3,488,modular,1,b,img/target_6.png
50,3,489,modular,0,u,img/target_7.png
50,3,490,modular,9,w,img/target_2.png
50,3,491,modular,6,p,img/target_10.png
50,3,492,modular,5,r,img/target_4.png
50,3,493,modular,6,p,img/target_10.png
50,3,494,modular,8,v,img/target_5.png
50,3,495,modular,9,w,img/target_2.png
50,3,496,modular,6,p,img/target_10.png
50,3,497,modular,9,w,img/target_2.png
50,3,498,modular,8,v,img/target_5.png
50,3,499,modular,9,w,img/target_2.png
50,3,500,modular,8,v,img/target_5.png
50,3,501,modular,5,r,img/target_4.png
50,3,502,modular,6,p,img/target_10.png
50,3,503,modular,7,o,img/target_9.png
50,3,504,modular,5,r,img/target_4.png
50,3,505,modular,7,o,img/target_9.png
50,3,506,modular,5,r,img/target_4.png
50,3,507,modular,6,p,img/target_10.png
50,3,508,modular,9,w,img/target_2.png
50,3,509,modular,6,p,img/target_10.png
50,3,510,modular,8,v,img/target_5.png
50,3,511,modular,7,o,img/target_9.png
50,3,512,modular,8,v,img/target_5.png
50,3,513,modular,6,p,img/target_10.png
50,3,514,modular,8,v,img/target_5.png
50,3,515,modular,9,w,img/target_2.png
50,3,516,modular,0,u,img/target_7.png
50,3,517,modular,9,w,img/target_2.png
50,3,518,modular,6,p,img/target_10.png
50,3,519,modular,5,r,img/target_4.png
50,3,520,modular,8,v,img/target_5.png
50,3,521,modular,6,p,img/target_10.png
50,3,522,modular,7,o,img/target_9.png
50,3,523,modular,5,r,img/target_4.png
50,3,524,modular,4,e,img/target_3.png
50,3,525,modular,3,q,img/target_1.png
50,3,526,modular,1,b,img/target_6.png
50,3,527,modular,0,u,img/target_7.png
50,3,528,modular,1,b,img/target_6.png
50,3,529,modular,0,u,img/target_7.png
50,3,530,modular,9,w,img/target_2.png
50,3,531,modular,8,v,img/target_5.png
50,3,532,modular,9,w,img/target_2.png
50,3,533,modular,7,o,img/target_9.png
50,3,534,modular,9,w,img/target_2.png
50,3,535,modular,0,u,img/target_7.png
50,3,536,modular,3,q,img/target_1.png
50,3,537,modular,1,b,img/target_6.png
50,3,538,modular,3,q,img/target_1.png
50,3,539,modular,0,u,img/target_7.png
50,3,540,modular,1,b,img/target_6.png
50,3,541,modular,0,u,img/target_7.png
50,3,542,modular,1,b,img/target_6.png
50,3,543,modular,3,q,img/target_1.png
50,3,544,modular,4,e,img/target_3.png
50,3,545,modular,5,r,img/target_4.png
50,3,546,modular,4,e,img/target_3.png
50,3,547,modular,3,q,img/target_1.png
50,3,548,modular,4,e,img/target_3.png
50,3,549,modular,2,i,img/target_8.png
50,3,550,modular,1,b,img/target_6.png
50,3,551,modular,4,e,img/target_3.png
50,3,552,modular,2,i,img/target_8.png
50,3,553,modular,3,q,img/target_1.png
50,3,554,modular,0,u,img/target_7.png
50,3,555,modular,2,i,img/target_8.png
50,3,556,modular,4,e,img/target_3.png
50,3,557,modular,2,i,img/target_8.png
50,3,558,modular,1,b,img/target_6.png
50,3,559,modular,3,q,img/target_1.png
50,3,560,modular,4,e,img/target_3.png
50,3,561,modular,1,b,img/target_6.png
50,3,562,modular,4,e,img/target_3.png
50,3,563,modular,1,b,img/target_6.png
50,3,564,modular,2,i,img/target_8.png
50,3,565,modular,1,b,img/target_6.png
50,3,566,modular,3,q,img/target_1.png
50,3,567,modular,2,i,img/target_8.png
50,3,568,modular,3,q,img/target_1.png
50,3,569,modular,0,u,img/target_7.png
50,3,570,modular,3,q,img/target_1.png
50,3,571,modular,1,b,img/target_6.png
50,3,572,modular,0,u,img/target_7.png
50,3,573,modular,9,w,img/target_2.png
50,3,574,modular,7,o,img/target_9.png
50,3,575,modular,8,v,img/target_5.png
50,3,576,modular,5,r,img/target_4.png
50,3,577,modular,7,o,img/target_9.png
50,3,578,modular,8,v,img/target_5.png
50,3,579,modular,5,r,img/target_4.png
50,3,580,modular,7,o,img/target_9.png
50,3,581,modular,9,w,img/target_2.png
50,3,582,modular,8,v,img/target_5.png
50,3,583,modular,6,p,img/target_10.png
50,3,584,modular,8,v,img/target_5.png
50,3,585,modular,6,p,img/target_10.png
50,3,586,modular,7,o,img/target_9.png
50,3,587,modular,9,w,img/target_2.png
50,3,588,modular,6,p,img/target_10.png
50,3,589,modular,5,r,img/target_4.png
50,3,590,modular,6,p,img/target_10.png
50,3,591,modular,5,r,img/target_4.png
50,3,592,modular,8,v,img/target_5.png
50,3,593,modular,9,w,img/target_2.png
50,3,594,modular,7,o,img/target_9.png
50,3,595,modular,9,w,img/target_2.png
50,3,596,modular,6,p,img/target_10.png
50,3,597,modular,5,r,img/target_4.png
50,3,598,modular,6,p,img/target_10.png
50,3,599,modular,5,r,img/target_4.png
50,3,600,modular,8,v,img/target_5.png
50,3,601,modular,6,p,img/target_10.png
50,3,602,modular,8,v,img/target_5.png
50,3,603,modular,5,r,img/target_4.png
50,3,604,modular,8,v,img/target_5.png
50,3,605,modular,9,w,img/target_2.png
50,3,606,modular,6,p,img/target_10.png
50,3,607,modular,7,o,img/target_9.png
50,3,608,modular,5,r,img/target_4.png
50,3,609,modular,8,v,img/target_5.png
50,3,610,modular,7,o,img/target_9.png
50,3,611,modular,9,w,img/target_2.png
50,3,612,modular,6,p,img/target_10.png
50,3,613,modular,7,o,img/target_9.png
50,3,614,modular,6,p,img/target_10.png
50,3,615,modular,5,r,img/target_4.png
50,3,616,modular,7,o,img/target_9.png
50,3,617,modular,9,w,img/target_2.png
50,3,618,modular,6,p,img/target_10.png
50,3,619,modular,9,w,img/target_2.png
50,3,620,modular,0,u,img/target_7.png
50,3,621,modular,3,q,img/target_1.png
50,3,622,modular,0,u,img/target_7.png
50,3,623,modular,2,i,img/target_8.png
50,3,624,modular,4,e,img/target_3.png
50,3,625,modular,5,r,img/target_4.png
50,3,626,modular,8,v,img/target_5.png
50,3,627,modular,5,r,img/target_4.png
50,3,628,modular,6,p,img/target_10.png
50,3,629,modular,9,w,img/target_2.png
50,3,630,modular,7,o,img/target_9.png
50,3,631,modular,8,v,img/target_5.png
50,3,632,modular,7,o,img/target_9.png
50,3,633,modular,9,w,img/target_2.png
50,3,634,modular,0,u,img/target_7.png
50,3,635,modular,3,q,img/target_1.png
50,3,636,modular,0,u,img/target_7.png
50,3,637,modular,3,q,img/target_1.png
50,3,638,modular,0,u,img/target_7.png
50,3,639,modular,1,b,img/target_6.png
50,3,640,modular,0,u,img/target_7.png
50,3,641,modular,1,b,img/target_6.png
50,3,642,modular,3,q,img/target_1.png
50,3,643,modular,0,u,img/target_7.png
50,3,644,modular,9,w,img/target_2.png
50,3,645,modular,7,o,img/target_9.png
50,3,646,modular,6,p,img/target_10.png
50,3,647,modular,9,w,img/target_2.png
50,3,648,modular,7,o,img/target_9.png
50,3,649,modular,8,v,img/target_5.png
50,3,650,modular,9,w,img/target_2.png
50,3,651,modular,0,u,img/target_7.png
50,3,652,modular,3,q,img/target_1.png
50,3,653,modular,4,e,img/target_3.png
50,3,654,modular,3,q,img/target_1.png
50,3,655,modular,2,i,img/target_8.png
50,3,656,modular,3,q,img/target_1.png
50,3,657,modular,0,u,img/target_7.png
50,3,658,modular,9,w,img/target_2.png
50,3,659,modular,6,p,img/target_10.png
50,3,660,modular,5,r,img/target_4.png
50,3,661,modular,4,e,img/target_3.png
50,3,662,modular,5,r,img/target_4.png
50,3,663,modular,4,e,img/target_3.png
50,3,664,modular,3,q,img/target_1.png
50,3,665,modular,1,b,img/target_6.png
50,3,666,modular,2,i,img/target_8.png
50,3,667,modular,3,q,img/target_1.png
50,3,668,modular,2,i,img/target_8.png
50,3,669,modular,3,q,img/target_1.png
50,3,670,modular,4,e,img/target_3.png
50,3,671,modular,5,r,img/target_4.png
50,3,672,modular,6,p,img/target_10.png
50,3,673,modular,8,v,img/target_5.png
50,3,674,modular,5,r,img/target_4.png
50,3,675,modular,6,p,img/target_10.png
50,3,676,modular,8,v,img/target_5.png
50,3,677,modular,9,w,img/target_2.png
50,3,678,modular,6,p,img/target_10.png
50,3,679,modular,7,o,img/target_9.png
50,3,680,modular,5,r,img/target_4.png
50,3,681,modular,8,v,img/target_5.png
50,3,682,modular,6,p,img/target_10.png
50,3,683,modular,5,r,img/target_4.png
50,3,684,modular,8,v,img/target_5.png
50,3,685,modular,7,o,img/target_9.png
50,3,686,modular,6,p,img/target_10.png
50,3,687,modular,7,o,img/target_9.png
50,3,688,modular,5,r,img/target_4.png
50,3,689,modular,6,p,img/target_10.png
50,3,690,modular,7,o,img/target_9.png
50,3,691,modular,9,w,img/target_2.png
50,3,692,modular,6,p,img/target_10.png
50,3,693,modular,5,r,img/target_4.png
50,3,694,modular,7,o,img/target_9.png
50,3,695,modular,6,p,img/target_10.png
50,3,696,modular,7,o,img/target_9.png
50,3,697,modular,8,v,img/target_5.png
50,3,698,modular,6,p,img/target_10.png
50,3,699,modular,8,v,img/target_5.png
50,3,700,modular,7,o,img/target_9.png
50,3,701,modular,6,p,img/target_10.png
50,3,702,modular,8,v,img/target_5.png
50,3,703,modular,5,r,img/target_4.png
50,3,704,modular,4,e,img/target_3.png
50,3,705,modular,3,q,img/target_1.png
50,3,706,modular,1,b,img/target_6.png
50,3,707,modular,2,i,img/target_8.png
50,3,708,modular,4,e,img/target_3.png
50,3,709,modular,2,i,img/target_8.png
50,3,710,modular,3,q,img/target_1.png
50,3,711,modular,2,i,img/target_8.png
50,3,712,modular,1,b,img/target_6.png
50,3,713,modular,3,q,img/target_1.png
50,3,714,modular,0,u,img/target_7.png
50,3,715,modular,1,b,img/target_6.png
50,3,716,modular,0,u,img/target_7.png
50,3,717,modular,3,q,img/target_1.png
50,3,718,modular,1,b,img/target_6.png
50,3,719,modular,4,e,img/target_3.png
50,3,720,modular,5,r,img/target_4.png
50,3,721,modular,8,v,img/target_5.png
50,3,722,modular,7,o,img/target_9.png
50,3,723,modular,5,r,img/target_4.png
50,3,724,modular,8,v,img/target_5.png
50,3,725,modular,5,r,img/target_4.png
50,3,726,modular,4,e,img/target_3.png
50,3,727,modular,3,q,img/target_1.png
50,3,728,modular,0,u,img/target_7.png
50,3,729,modular,1,b,img/target_6.png
50,3,730,modular,3,q,img/target_1.png
50,3,731,modular,0,u,img/target_7.png
50,3,732,modular,1,b,img/target_6.png
50,3,733,modular,0,u,img/target_7.png
50,3,734,modular,2,i,img/target_8.png
50,3,735,modular,4,e,img/target_3.png
50,3,736,modular,2,i,img/target_8.png
50,3,737,modular,0,u,img/target_7.png
50,3,738,modular,1,b,img/target_6.png
50,3,739,modular,0,u,img/target_7.png
50,3,740,modular,9,w,img/target_2.png
50,3,741,modular,8,v,img/target_5.png
50,3,742,modular,7,o,img/target_9.png
50,3,743,modular,5,r,img/target_4.png
50,3,744,modular,7,o,img/target_9.png
50,3,745,modular,9,w,img/target_2.png
50,3,746,modular,7,o,img/target_9.png
50,3,747,modular,5,r,img/target_4.png
50,3,748,modular,7,o,img/target_9.png
50,3,749,modular,8,v,img/target_5.png
50,3,750,modular,6,p,img/target_10.png
50,3,751,modular,9,w,img/target_2.png
50,3,752,modular,8,v,img/target_5.png
50,3,753,modular,6,p,img/target_10.png
50,3,754,modular,7,o,img/target_9.png
50,3,755,modular,6,p,img/target_10.png
50,3,756,modular,5,r,img/target_4.png
50,3,757,modular,8,v,img/target_5.png
50,3,758,modular,7,o,img/target_9.png
50,3,759,modular,8,v,img/target_5.png
50,3,760,modular,6,p,img/target_10.png
50,3,761,modular,9,w,img/target_2.png
50,3,762,modular,7,o,img/target_9.png
50,3,763,modular,8,v,img/target_5.png
50,3,764,modular,5,r,img/target_4.png
50,3,765,modular,7,o,img/target_9.png
50,3,766,modular,6,p,img/target_10.png
50,3,767,modular,8,v,img/target_5.png
50,3,768,modular,9,w,img/target_2.png
50,3,769,modular,7,o,img/target_9.png
50,3,770,modular,5,r,img/target_4.png
50,3,771,modular,6,p,img/target_10.png
50,3,772,modular,5,r,img/target_4.png
50,3,773,modular,6,p,img/target_10.png
50,3,774,modular,5,r,img/target_4.png
50,3,775,modular,8,v,img/target_5.png
50,3,776,modular,9,w,img/target_2.png
50,3,777,modular,8,v,img/target_5.png
50,3,778,modular,5,r,img/target_4.png
50,3,779,modular,6,p,img/target_10.png
50,3,780,modular,7,o,img/target_9.png
50,3,781,modular,8,v,img/target_5.png
50,3,782,modular,9,w,img/target_2.png
50,3,783,modular,8,v,img/target_5.png
50,3,784,modular,5,r,img/target_4.png
50,3,785,modular,8,v,img/target_5.png
50,3,786,modular,6,p,img/target_10.png
50,3,787,modular,7,o,img/target_9.png
50,3,788,modular,6,p,img/target_10.png
50,3,789,modular,5,r,img/target_4.png
50,3,790,modular,4,e,img/target_3.png
50,3,791,modular,3,q,img/target_1.png
50,3,792,modular,0,u,img/target_7.png
50,3,793,modular,1,b,img/target_6.png
50,3,794,modular,2,i,img/target_8.png
50,3,795,modular,0,u,img/target_7.png
50,3,796,modular,2,i,img/target_8.png
50,3,797,modular,1,b,img/target_6.png
50,3,798,modular,0,u,img/target_7.png
50,3,799,modular,2,i,img/target_8.png
50,3,800,modular,0,u,img/target_7.png
50,3,801,modular,2,i,img/target_8.png
50,3,802,modular,1,b,img/target_6.png
50,3,803,modular,0,u,img/target_7.png
50,3,804,modular,1,b,img/target_6.png
50,3,805,modular,2,i,img/target_8.png
50,3,806,modular,3,q,img/target_1.png
50,3,807,modular,0,u,img/target_7.png
50,3,808,modular,2,i,img/target_8.png
50,3,809,modular,3,q,img/target_1.png
50,3,810,modular,2,i,img/target_8.png
50,3,811,modular,1,b,img/target_6.png
50,3,812,modular,2,i,img/target_8.png
50,3,813,modular,1,b,img/target_6.png
50,3,814,modular,3,q,img/target_1.png
50,3,815,modular,4,e,img/target_3.png
50,3,816,modular,2,i,img/target_8.png
50,3,817,modular,4,e,img/target_3.png
50,3,818,modular,5,r,img/target_4.png
50,3,819,modular,4,e,img/target_3.png
50,3,820,modular,2,i,img/target_8.png
50,3,821,modular,1,b,img/target_6.png
50,3,822,modular,3,q,img/target_1.png
50,3,823,modular,0,u,img/target_7.png
50,3,824,modular,3,q,img/target_1.png
50,3,825,modular,0,u,img/target_7.png
50,3,826,modular,9,w,img/target_2.png
50,3,827,modular,7,o,img/target_9.png
50,3,828,modular,9,w,img/target_2.png
50,3,829,modular,0,u,img/target_7.png
50,3,830,modular,9,w,img/target_2.png
50,3,831,modular,6,p,img/target_10.png
50,3,832,modular,9,w,img/target_2.png
50,3,833,modular,0,u,img/target_7.png
50,3,834,modular,1,b,img/target_6.png
50,3,835,modular,3,q,img/target_1.png
50,3,836,modular,1,b,img/target_6.png
50,3,837,modular,2,i,img/target_8.png
50,3,838,modular,0,u,img/target_7.png
50,3,839,modular,2,i,img/target_8.png
50,3,840,modular,4,e,img/target_3.png
50,3,841,modular,5,r,img/target_4.png
50,3,842,modular,7,o,img/target_9.png
50,3,843,modular,5,r,img/target_4.png
50,3,844,modular,4,e,img/target_3.png
50,3,845,modular,2,i,img/target_8.png
50,3,846,modular,4,e,img/target_3.png
50,3,847,modular,5,r,img/target_4.png
50,3,848,modular,6,p,img/target_10.png
50,3,849,modular,5,r,img/target_4.png
50,3,850,modular,7,o,img/target_9.png
50,3,851,modular,5,r,img/target_4.png
50,3,852,modular,7,o,img/target_9.png
50,3,853,modular,5,r,img/target_4.png
50,3,854,modular,4,e,img/target_3.png
50,3,855,modular,5,r,img/target_4.png
50,3,856,modular,7,o,img/target_9.png
50,3,857,modular,9,w,img/target_2.png
50,3,858,modular,6,p,img/target_10.png
50,3,859,modular,7,o,img/target_9.png
50,3,860,modular,8,v,img/target_5.png
50,3,861,modular,6,p,img/target_10.png
50,3,862,modular,8,v,img/target_5.png
50,3,863,modular,5,r,img/target_4.png
50,3,864,modular,4,e,img/target_3.png
50,3,865,modular,1,b,img/target_6.png
50,3,866,modular,2,i,img/target_8.png
50,3,867,modular,3,q,img/target_1.png
50,3,868,modular,0,u,img/target_7.png
50,3,869,modular,1,b,img/target_6.png
50,3,870,modular,4,e,img/target_3.png
50,3,871,modular,5,r,img/target_4.png
50,3,872,modular,8,v,img/target_5.png
50,3,873,modular,7,o,img/target_9.png
50,3,874,modular,5,r,img/target_4.png
50,3,875,modular,7,o,img/target_9.png
50,3,876,modular,5,r,img/target_4.png
50,3,877,modular,6,p,img/target_10.png
50,3,878,modular,8,v,img/target_5.png
50,3,879,modular,5,r,img/target_4.png
50,3,880,modular,6,p,img/target_10.png
50,3,881,modular,9,w,img/target_2.png
50,3,882,modular,6,p,img/target_10.png
50,3,883,modular,7,o,img/target_9.png
50,3,884,modular,8,v,img/target_5.png
50,3,885,modular,7,o,img/target_9.png
50,3,886,modular,6,p,img/target_10.png
50,3,887,modular,8,v,img/target_5.png
50,3,888,modular,7,o,img/target_9.png
50,3,889,modular,9,w,img/target_2.png
50,3,890,modular,0,u,img/target_7.png
50,3,891,modular,3,q,img/target_1.png
50,3,892,modular,0,u,img/target_7.png
50,3,893,modular,1,b,img/target_6.png
50,3,894,modular,4,e,img/target_3.png
50,3,895,modular,3,q,img/target_1.png
50,3,896,modular,1,b,img/target_6.png
50,3,897,modular,4,e,img/target_3.png
50,3,898,modular,1,b,img/target_6.png
50,3,899,modular,0,u,img/target_7.png
50,3,900,modular,3,q,img/target_1.png
50,3,901,modular,1,b,img/target_6.png
50,3,902,modular,3,q,img/target_1.png
50,3,903,modular,1,b,img/target_6.png
50,3,904,modular,3,q,img/target_1.png
50,3,905,modular,0,u,img/target_7.png
50,3,906,modular,2,i,img/target_8.png
50,3,907,modular,0,u,img/target_7.png
50,3,908,modular,9,w,img/target_2.png
50,3,909,modular,8,v,img/target_5.png
50,3,910,modular,6,p,img/target_10.png
50,3,911,modular,9,w,img/target_2.png
50,3,912,modular,6,p,img/target_10.png
50,3,913,modular,8,v,img/target_5.png
50,3,914,modular,9,w,img/target_2.png
50,3,915,modular,8,v,img/target_5.png
50,3,916,modular,9,w,img/target_2.png
50,3,917,modular,7,o,img/target_9.png
50,3,918,modular,6,p,img/target_10.png
50,3,919,modular,7,o,img/target_9.png
50,3,920,modular,8,v,img/target_5.png
50,3,921,modular,5,r,img/target_4.png
50,3,922,modular,8,v,img/target_5.png
50,3,923,modular,7,o,img/target_9.png
50,3,924,modular,8,v,img/target_5.png
50,3,925,modular,6,p,img/target_10.png
50,3,926,modular,8,v,img/target_5.png
50,3,927,modular,7,o,img/target_9.png
50,3,928,modular,6,p,img/target_10.png
50,3,929,modular,8,v,img/target_5.png
50,3,930,modular,6,p,img/target_10.png
50,3,931,modular,9,w,img/target_2.png
50,3,932,modular,8,v,img/target_5.png
50,3,933,modular,7,o,img/target_9.png
50,3,934,modular,8,v,img/target_5.png
50,3,935,modular,5,r,img/target_4.png
50,3,936,modular,6,p,img/target_10.png
50,3,937,modular,5,r,img/target_4.png
50,3,938,modular,4,e,img/target_3.png
50,3,939,modular,5,r,img/target_4.png
50,3,940,modular,7,o,img/target_9.png
50,3,941,modular,9,w,img/target_2.png
50,3,942,modular,8,v,img/target_5.png
50,3,943,modular,9,w,img/target_2.png
50,3,944,modular,6,p,img/target_10.png
50,3,945,modular,9,w,img/target_2.png
50,3,946,modular,0,u,img/target_7.png
50,3,947,modular,1,b,img/target_6.png
50,3,948,modular,0,u,img/target_7.png
50,3,949,modular,9,w,img/target_2.png
50,3,950,modular,6,p,img/target_10.png
50,3,951,modular,7,o,img/target_9.png
50,3,952,modular,9,w,img/target_2.png
50,3,953,modular,7,o,img/target_9.png
50,3,954,modular,6,p,img/target_10.png
50,3,955,modular,7,o,img/target_9.png
50,3,956,modular,9,w,img/target_2.png
50,3,957,modular,7,o,img/target_9.png
50,3,958,modular,6,p,img/target_10.png
50,3,959,modular,7,o,img/target_9.png
50,3,960,modular,8,v,img/target_5.png
50,3,961,modular,6,p,img/target_10.png
50,3,962,modular,5,r,img/target_4.png
50,3,963,modular,7,o,img/target_9.png
50,3,964,modular,9,w,img/target_2.png
50,3,965,modular,0,u,img/target_7.png
50,3,966,modular,9,w,img/target_2.png
50,3,967,modular,0,u,img/target_7.png
50,3,968,modular,3,q,img/target_1.png
50,3,969,modular,4,e,img/target_3.png
50,3,970,modular,3,q,img/target_1.png
50,3,971,modular,4,e,img/target_3.png
50,3,972,modular,5,r,img/target_4.png
50,3,973,modular,7,o,img/target_9.png
50,3,974,modular,8,v,img/target_5.png
50,3,975,modular,6,p,img/target_10.png
50,3,976,modular,8,v,img/target_5.png
50,3,977,modular,5,r,img/target_4.png
50,3,978,modular,4,e,img/target_3.png
50,3,979,modular,2,i,img/target_8.png
50,3,980,modular,1,b,img/target_6.png
50,3,981,modular,0,u,img/target_7.png
50,3,982,modular,2,i,img/target_8.png
50,3,983,modular,3,q,img/target_1.png
50,3,984,modular,2,i,img/target_8.png
50,3,985,modular,3,q,img/target_1.png
50,3,986,modular,2,i,img/target_8.png
50,3,987,modular,3,q,img/target_1.png
50,3,988,modular,1,b,img/target_6.png
50,3,989,modular,4,e,img/target_3.png
50,3,990,modular,1,b,img/target_6.png
50,3,991,modular,3,q,img/target_1.png
50,3,992,modular,2,i,img/target_8.png
50,3,993,modular,4,e,img/target_3.png
50,3,994,modular,1,b,img/target_6.png
50,3,995,modular,4,e,img/target_3.png
50,3,996,modular,3,q,img/target_1.png
50,3,997,modular,2,i,img/target_8.png
50,3,998,modular,3,q,img/target_1.png
50,3,999,modular,2,i,img/target_8.png
50,3,1000,modular,4,e,img/target_3.png
