pID,sess,trialNum,graph,walk,resp,path
17,1,1,lattice,2,e,img/target_3.png
17,1,2,lattice,3,i,img/target_8.png
17,1,3,lattice,2,e,img/target_3.png
17,1,4,lattice,3,i,img/target_8.png
17,1,5,lattice,2,e,img/target_3.png
17,1,6,lattice,1,u,img/target_7.png
17,1,7,lattice,0,v,img/target_5.png
17,1,8,lattice,8,p,img/target_10.png
17,1,9,lattice,7,o,img/target_9.png
17,1,10,lattice,5,b,img/target_6.png
17,1,11,lattice,7,o,img/target_9.png
17,1,12,lattice,5,b,img/target_6.png
17,1,13,lattice,4,q,img/target_1.png
17,1,14,lattice,2,e,img/target_3.png
17,1,15,lattice,4,q,img/target_1.png
17,1,16,lattice,2,e,img/target_3.png
17,1,17,lattice,4,q,img/target_1.png
17,1,18,lattice,2,e,img/target_3.png
17,1,19,lattice,3,i,img/target_8.png
17,1,20,lattice,1,u,img/target_7.png
17,1,21,lattice,2,e,img/target_3.png
17,1,22,lattice,3,i,img/target_8.png
17,1,23,lattice,1,u,img/target_7.png
17,1,24,lattice,2,e,img/target_3.png
17,1,25,lattice,1,u,img/target_7.png
17,1,26,lattice,3,i,img/target_8.png
17,1,27,lattice,4,q,img/target_1.png
17,1,28,lattice,6,w,img/target_2.png
17,1,29,lattice,5,b,img/target_6.png
17,1,30,lattice,4,q,img/target_1.png
17,1,31,lattice,6,w,img/target_2.png
17,1,32,lattice,4,q,img/target_1.png
17,1,33,lattice,3,i,img/target_8.png
17,1,34,lattice,1,u,img/target_7.png
17,1,35,lattice,0,v,img/target_5.png
17,1,36,lattice,1,u,img/target_7.png
17,1,37,lattice,2,e,img/target_3.png
17,1,38,lattice,1,u,img/target_7.png
17,1,39,lattice,3,i,img/target_8.png
17,1,40,lattice,5,b,img/target_6.png
17,1,41,lattice,7,o,img/target_9.png
17,1,42,lattice,9,r,img/target_4.png
17,1,43,lattice,1,u,img/target_7.png
17,1,44,lattice,9,r,img/target_4.png
17,1,45,lattice,7,o,img/target_9.png
17,1,46,lattice,5,b,img/target_6.png
17,1,47,lattice,7,o,img/target_9.png
17,1,48,lattice,6,w,img/target_2.png
17,1,49,lattice,5,b,img/target_6.png
17,1,50,lattice,3,i,img/target_8.png
17,1,51,lattice,5,b,img/target_6.png
17,1,52,lattice,6,w,img/target_2.png
17,1,53,lattice,4,q,img/target_1.png
17,1,54,lattice,6,w,img/target_2.png
17,1,55,lattice,5,b,img/target_6.png
17,1,56,lattice,7,o,img/target_9.png
17,1,57,lattice,9,r,img/target_4.png
17,1,58,lattice,1,u,img/target_7.png
17,1,59,lattice,3,i,img/target_8.png
17,1,60,lattice,2,e,img/target_3.png
17,1,61,lattice,0,v,img/target_5.png
17,1,62,lattice,1,u,img/target_7.png
17,1,63,lattice,3,i,img/target_8.png
17,1,64,lattice,5,b,img/target_6.png
17,1,65,lattice,6,w,img/target_2.png
17,1,66,lattice,8,p,img/target_10.png
17,1,67,lattice,6,w,img/target_2.png
17,1,68,lattice,4,q,img/target_1.png
17,1,69,lattice,6,w,img/target_2.png
17,1,70,lattice,4,q,img/target_1.png
17,1,71,lattice,6,w,img/target_2.png
17,1,72,lattice,7,o,img/target_9.png
17,1,73,lattice,9,r,img/target_4.png
17,1,74,lattice,7,o,img/target_9.png
17,1,75,lattice,9,r,img/target_4.png
17,1,76,lattice,8,p,img/target_10.png
17,1,77,lattice,7,o,img/target_9.png
17,1,78,lattice,8,p,img/target_10.png
17,1,79,lattice,9,r,img/target_4.png
17,1,80,lattice,0,v,img/target_5.png
17,1,81,lattice,2,e,img/target_3.png
17,1,82,lattice,0,v,img/target_5.png
17,1,83,lattice,9,r,img/target_4.png
17,1,84,lattice,0,v,img/target_5.png
17,1,85,lattice,8,p,img/target_10.png
17,1,86,lattice,7,o,img/target_9.png
17,1,87,lattice,5,b,img/target_6.png
17,1,88,lattice,7,o,img/target_9.png
17,1,89,lattice,6,w,img/target_2.png
17,1,90,lattice,5,b,img/target_6.png
17,1,91,lattice,6,w,img/target_2.png
17,1,92,lattice,5,b,img/target_6.png
17,1,93,lattice,3,i,img/target_8.png
17,1,94,lattice,4,q,img/target_1.png
17,1,95,lattice,6,w,img/target_2.png
17,1,96,lattice,4,q,img/target_1.png
17,1,97,lattice,3,i,img/target_8.png
17,1,98,lattice,5,b,img/target_6.png
17,1,99,lattice,4,q,img/target_1.png
17,1,100,lattice,2,e,img/target_3.png
17,1,101,lattice,0,v,img/target_5.png
17,1,102,lattice,9,r,img/target_4.png
17,1,103,lattice,7,o,img/target_9.png
17,1,104,lattice,5,b,img/target_6.png
17,1,105,lattice,3,i,img/target_8.png
17,1,106,lattice,2,e,img/target_3.png
17,1,107,lattice,3,i,img/target_8.png
17,1,108,lattice,4,q,img/target_1.png
17,1,109,lattice,3,i,img/target_8.png
17,1,110,lattice,1,u,img/target_7.png
17,1,111,lattice,2,e,img/target_3.png
17,1,112,lattice,4,q,img/target_1.png
17,1,113,lattice,5,b,img/target_6.png
17,1,114,lattice,7,o,img/target_9.png
17,1,115,lattice,5,b,img/target_6.png
17,1,116,lattice,6,w,img/target_2.png
17,1,117,lattice,5,b,img/target_6.png
17,1,118,lattice,7,o,img/target_9.png
17,1,119,lattice,5,b,img/target_6.png
17,1,120,lattice,6,w,img/target_2.png
17,1,121,lattice,8,p,img/target_10.png
17,1,122,lattice,9,r,img/target_4.png
17,1,123,lattice,8,p,img/target_10.png
17,1,124,lattice,9,r,img/target_4.png
17,1,125,lattice,0,v,img/target_5.png
17,1,126,lattice,8,p,img/target_10.png
17,1,127,lattice,6,w,img/target_2.png
17,1,128,lattice,7,o,img/target_9.png
17,1,129,lattice,8,p,img/target_10.png
17,1,130,lattice,7,o,img/target_9.png
17,1,131,lattice,9,r,img/target_4.png
17,1,132,lattice,1,u,img/target_7.png
17,1,133,lattice,9,r,img/target_4.png
17,1,134,lattice,7,o,img/target_9.png
17,1,135,lattice,6,w,img/target_2.png
17,1,136,lattice,8,p,img/target_10.png
17,1,137,lattice,7,o,img/target_9.png
17,1,138,lattice,8,p,img/target_10.png
17,1,139,lattice,0,v,img/target_5.png
17,1,140,lattice,9,r,img/target_4.png
17,1,141,lattice,1,u,img/target_7.png
17,1,142,lattice,2,e,img/target_3.png
17,1,143,lattice,3,i,img/target_8.png
17,1,144,lattice,4,q,img/target_1.png
17,1,145,lattice,5,b,img/target_6.png
17,1,146,lattice,7,o,img/target_9.png
17,1,147,lattice,9,r,img/target_4.png
17,1,148,lattice,1,u,img/target_7.png
17,1,149,lattice,0,v,img/target_5.png
17,1,150,lattice,9,r,img/target_4.png
17,1,151,lattice,8,p,img/target_10.png
17,1,152,lattice,6,w,img/target_2.png
17,1,153,lattice,7,o,img/target_9.png
17,1,154,lattice,5,b,img/target_6.png
17,1,155,lattice,3,i,img/target_8.png
17,1,156,lattice,1,u,img/target_7.png
17,1,157,lattice,9,r,img/target_4.png
17,1,158,lattice,7,o,img/target_9.png
17,1,159,lattice,9,r,img/target_4.png
17,1,160,lattice,0,v,img/target_5.png
17,1,161,lattice,2,e,img/target_3.png
17,1,162,lattice,0,v,img/target_5.png
17,1,163,lattice,2,e,img/target_3.png
17,1,164,lattice,0,v,img/target_5.png
17,1,165,lattice,1,u,img/target_7.png
17,1,166,lattice,0,v,img/target_5.png
17,1,167,lattice,9,r,img/target_4.png
17,1,168,lattice,0,v,img/target_5.png
17,1,169,lattice,8,p,img/target_10.png
17,1,170,lattice,6,w,img/target_2.png
17,1,171,lattice,4,q,img/target_1.png
17,1,172,lattice,5,b,img/target_6.png
17,1,173,lattice,3,i,img/target_8.png
17,1,174,lattice,5,b,img/target_6.png
17,1,175,lattice,4,q,img/target_1.png
17,1,176,lattice,3,i,img/target_8.png
17,1,177,lattice,2,e,img/target_3.png
17,1,178,lattice,4,q,img/target_1.png
17,1,179,lattice,6,w,img/target_2.png
17,1,180,lattice,8,p,img/target_10.png
17,1,181,lattice,6,w,img/target_2.png
17,1,182,lattice,5,b,img/target_6.png
17,1,183,lattice,6,w,img/target_2.png
17,1,184,lattice,4,q,img/target_1.png
17,1,185,lattice,3,i,img/target_8.png
17,1,186,lattice,5,b,img/target_6.png
17,1,187,lattice,6,w,img/target_2.png
17,1,188,lattice,7,o,img/target_9.png
17,1,189,lattice,8,p,img/target_10.png
17,1,190,lattice,7,o,img/target_9.png
17,1,191,lattice,9,r,img/target_4.png
17,1,192,lattice,8,p,img/target_10.png
17,1,193,lattice,0,v,img/target_5.png
17,1,194,lattice,2,e,img/target_3.png
17,1,195,lattice,1,u,img/target_7.png
17,1,196,lattice,9,r,img/target_4.png
17,1,197,lattice,1,u,img/target_7.png
17,1,198,lattice,3,i,img/target_8.png
17,1,199,lattice,4,q,img/target_1.png
17,1,200,lattice,2,e,img/target_3.png
17,1,201,lattice,0,v,img/target_5.png
17,1,202,lattice,1,u,img/target_7.png
17,1,203,lattice,3,i,img/target_8.png
17,1,204,lattice,5,b,img/target_6.png
17,1,205,lattice,6,w,img/target_2.png
17,1,206,lattice,5,b,img/target_6.png
17,1,207,lattice,7,o,img/target_9.png
17,1,208,lattice,9,r,img/target_4.png
17,1,209,lattice,1,u,img/target_7.png
17,1,210,lattice,3,i,img/target_8.png
17,1,211,lattice,2,e,img/target_3.png
17,1,212,lattice,1,u,img/target_7.png
17,1,213,lattice,2,e,img/target_3.png
17,1,214,lattice,4,q,img/target_1.png
17,1,215,lattice,2,e,img/target_3.png
17,1,216,lattice,1,u,img/target_7.png
17,1,217,lattice,9,r,img/target_4.png
17,1,218,lattice,0,v,img/target_5.png
17,1,219,lattice,1,u,img/target_7.png
17,1,220,lattice,9,r,img/target_4.png
17,1,221,lattice,0,v,img/target_5.png
17,1,222,lattice,8,p,img/target_10.png
17,1,223,lattice,7,o,img/target_9.png
17,1,224,lattice,8,p,img/target_10.png
17,1,225,lattice,9,r,img/target_4.png
17,1,226,lattice,0,v,img/target_5.png
17,1,227,lattice,1,u,img/target_7.png
17,1,228,lattice,2,e,img/target_3.png
17,1,229,lattice,3,i,img/target_8.png
17,1,230,lattice,2,e,img/target_3.png
17,1,231,lattice,3,i,img/target_8.png
17,1,232,lattice,1,u,img/target_7.png
17,1,233,lattice,3,i,img/target_8.png
17,1,234,lattice,4,q,img/target_1.png
17,1,235,lattice,2,e,img/target_3.png
17,1,236,lattice,1,u,img/target_7.png
17,1,237,lattice,2,e,img/target_3.png
17,1,238,lattice,4,q,img/target_1.png
17,1,239,lattice,3,i,img/target_8.png
17,1,240,lattice,2,e,img/target_3.png
17,1,241,lattice,3,i,img/target_8.png
17,1,242,lattice,4,q,img/target_1.png
17,1,243,lattice,6,w,img/target_2.png
17,1,244,lattice,8,p,img/target_10.png
17,1,245,lattice,7,o,img/target_9.png
17,1,246,lattice,6,w,img/target_2.png
17,1,247,lattice,4,q,img/target_1.png
17,1,248,lattice,3,i,img/target_8.png
17,1,249,lattice,1,u,img/target_7.png
17,1,250,lattice,0,v,img/target_5.png
17,1,251,lattice,2,e,img/target_3.png
17,1,252,lattice,1,u,img/target_7.png
17,1,253,lattice,3,i,img/target_8.png
17,1,254,lattice,5,b,img/target_6.png
17,1,255,lattice,3,i,img/target_8.png
17,1,256,lattice,1,u,img/target_7.png
17,1,257,lattice,3,i,img/target_8.png
17,1,258,lattice,4,q,img/target_1.png
17,1,259,lattice,5,b,img/target_6.png
17,1,260,lattice,3,i,img/target_8.png
17,1,261,lattice,4,q,img/target_1.png
17,1,262,lattice,2,e,img/target_3.png
17,1,263,lattice,3,i,img/target_8.png
17,1,264,lattice,4,q,img/target_1.png
17,1,265,lattice,6,w,img/target_2.png
17,1,266,lattice,7,o,img/target_9.png
17,1,267,lattice,6,w,img/target_2.png
17,1,268,lattice,5,b,img/target_6.png
17,1,269,lattice,4,q,img/target_1.png
17,1,270,lattice,3,i,img/target_8.png
17,1,271,lattice,2,e,img/target_3.png
17,1,272,lattice,1,u,img/target_7.png
17,1,273,lattice,3,i,img/target_8.png
17,1,274,lattice,4,q,img/target_1.png
17,1,275,lattice,3,i,img/target_8.png
17,1,276,lattice,5,b,img/target_6.png
17,1,277,lattice,4,q,img/target_1.png
17,1,278,lattice,2,e,img/target_3.png
17,1,279,lattice,4,q,img/target_1.png
17,1,280,lattice,2,e,img/target_3.png
17,1,281,lattice,1,u,img/target_7.png
17,1,282,lattice,0,v,img/target_5.png
17,1,283,lattice,8,p,img/target_10.png
17,1,284,lattice,6,w,img/target_2.png
17,1,285,lattice,7,o,img/target_9.png
17,1,286,lattice,8,p,img/target_10.png
17,1,287,lattice,9,r,img/target_4.png
17,1,288,lattice,1,u,img/target_7.png
17,1,289,lattice,3,i,img/target_8.png
17,1,290,lattice,2,e,img/target_3.png
17,1,291,lattice,0,v,img/target_5.png
17,1,292,lattice,1,u,img/target_7.png
17,1,293,lattice,3,i,img/target_8.png
17,1,294,lattice,5,b,img/target_6.png
17,1,295,lattice,3,i,img/target_8.png
17,1,296,lattice,1,u,img/target_7.png
17,1,297,lattice,9,r,img/target_4.png
17,1,298,lattice,8,p,img/target_10.png
17,1,299,lattice,9,r,img/target_4.png
17,1,300,lattice,1,u,img/target_7.png
17,1,301,lattice,3,i,img/target_8.png
17,1,302,lattice,4,q,img/target_1.png
17,1,303,lattice,5,b,img/target_6.png
17,1,304,lattice,7,o,img/target_9.png
17,1,305,lattice,5,b,img/target_6.png
17,1,306,lattice,6,w,img/target_2.png
17,1,307,lattice,8,p,img/target_10.png
17,1,308,lattice,6,w,img/target_2.png
17,1,309,lattice,7,o,img/target_9.png
17,1,310,lattice,8,p,img/target_10.png
17,1,311,lattice,6,w,img/target_2.png
17,1,312,lattice,8,p,img/target_10.png
17,1,313,lattice,6,w,img/target_2.png
17,1,314,lattice,8,p,img/target_10.png
17,1,315,lattice,6,w,img/target_2.png
17,1,316,lattice,4,q,img/target_1.png
17,1,317,lattice,5,b,img/target_6.png
17,1,318,lattice,6,w,img/target_2.png
17,1,319,lattice,8,p,img/target_10.png
17,1,320,lattice,7,o,img/target_9.png
17,1,321,lattice,6,w,img/target_2.png
17,1,322,lattice,8,p,img/target_10.png
17,1,323,lattice,6,w,img/target_2.png
17,1,324,lattice,4,q,img/target_1.png
17,1,325,lattice,3,i,img/target_8.png
17,1,326,lattice,5,b,img/target_6.png
17,1,327,lattice,3,i,img/target_8.png
17,1,328,lattice,1,u,img/target_7.png
17,1,329,lattice,9,r,img/target_4.png
17,1,330,lattice,1,u,img/target_7.png
17,1,331,lattice,0,v,img/target_5.png
17,1,332,lattice,8,p,img/target_10.png
17,1,333,lattice,0,v,img/target_5.png
17,1,334,lattice,9,r,img/target_4.png
17,1,335,lattice,8,p,img/target_10.png
17,1,336,lattice,0,v,img/target_5.png
17,1,337,lattice,9,r,img/target_4.png
17,1,338,lattice,7,o,img/target_9.png
17,1,339,lattice,5,b,img/target_6.png
17,1,340,lattice,6,w,img/target_2.png
17,1,341,lattice,8,p,img/target_10.png
17,1,342,lattice,6,w,img/target_2.png
17,1,343,lattice,4,q,img/target_1.png
17,1,344,lattice,2,e,img/target_3.png
17,1,345,lattice,0,v,img/target_5.png
17,1,346,lattice,2,e,img/target_3.png
17,1,347,lattice,0,v,img/target_5.png
17,1,348,lattice,1,u,img/target_7.png
17,1,349,lattice,2,e,img/target_3.png
17,1,350,lattice,1,u,img/target_7.png
17,1,351,lattice,2,e,img/target_3.png
17,1,352,lattice,1,u,img/target_7.png
17,1,353,lattice,3,i,img/target_8.png
17,1,354,lattice,2,e,img/target_3.png
17,1,355,lattice,4,q,img/target_1.png
17,1,356,lattice,6,w,img/target_2.png
17,1,357,lattice,7,o,img/target_9.png
17,1,358,lattice,5,b,img/target_6.png
17,1,359,lattice,3,i,img/target_8.png
17,1,360,lattice,5,b,img/target_6.png
17,1,361,lattice,3,i,img/target_8.png
17,1,362,lattice,1,u,img/target_7.png
17,1,363,lattice,9,r,img/target_4.png
17,1,364,lattice,0,v,img/target_5.png
17,1,365,lattice,8,p,img/target_10.png
17,1,366,lattice,6,w,img/target_2.png
17,1,367,lattice,4,q,img/target_1.png
17,1,368,lattice,6,w,img/target_2.png
17,1,369,lattice,8,p,img/target_10.png
17,1,370,lattice,6,w,img/target_2.png
17,1,371,lattice,8,p,img/target_10.png
17,1,372,lattice,0,v,img/target_5.png
17,1,373,lattice,1,u,img/target_7.png
17,1,374,lattice,0,v,img/target_5.png
17,1,375,lattice,2,e,img/target_3.png
17,1,376,lattice,3,i,img/target_8.png
17,1,377,lattice,5,b,img/target_6.png
17,1,378,lattice,6,w,img/target_2.png
17,1,379,lattice,4,q,img/target_1.png
17,1,380,lattice,6,w,img/target_2.png
17,1,381,lattice,8,p,img/target_10.png
17,1,382,lattice,9,r,img/target_4.png
17,1,383,lattice,8,p,img/target_10.png
17,1,384,lattice,7,o,img/target_9.png
17,1,385,lattice,5,b,img/target_6.png
17,1,386,lattice,4,q,img/target_1.png
17,1,387,lattice,2,e,img/target_3.png
17,1,388,lattice,1,u,img/target_7.png
17,1,389,lattice,0,v,img/target_5.png
17,1,390,lattice,8,p,img/target_10.png
17,1,391,lattice,7,o,img/target_9.png
17,1,392,lattice,8,p,img/target_10.png
17,1,393,lattice,7,o,img/target_9.png
17,1,394,lattice,6,w,img/target_2.png
17,1,395,lattice,7,o,img/target_9.png
17,1,396,lattice,5,b,img/target_6.png
17,1,397,lattice,6,w,img/target_2.png
17,1,398,lattice,5,b,img/target_6.png
17,1,399,lattice,6,w,img/target_2.png
17,1,400,lattice,8,p,img/target_10.png
17,1,401,lattice,0,v,img/target_5.png
17,1,402,lattice,1,u,img/target_7.png
17,1,403,lattice,0,v,img/target_5.png
17,1,404,lattice,8,p,img/target_10.png
17,1,405,lattice,6,w,img/target_2.png
17,1,406,lattice,4,q,img/target_1.png
17,1,407,lattice,2,e,img/target_3.png
17,1,408,lattice,3,i,img/target_8.png
17,1,409,lattice,4,q,img/target_1.png
17,1,410,lattice,5,b,img/target_6.png
17,1,411,lattice,7,o,img/target_9.png
17,1,412,lattice,5,b,img/target_6.png
17,1,413,lattice,4,q,img/target_1.png
17,1,414,lattice,2,e,img/target_3.png
17,1,415,lattice,1,u,img/target_7.png
17,1,416,lattice,2,e,img/target_3.png
17,1,417,lattice,0,v,img/target_5.png
17,1,418,lattice,2,e,img/target_3.png
17,1,419,lattice,1,u,img/target_7.png
17,1,420,lattice,9,r,img/target_4.png
17,1,421,lattice,0,v,img/target_5.png
17,1,422,lattice,2,e,img/target_3.png
17,1,423,lattice,1,u,img/target_7.png
17,1,424,lattice,3,i,img/target_8.png
17,1,425,lattice,2,e,img/target_3.png
17,1,426,lattice,3,i,img/target_8.png
17,1,427,lattice,5,b,img/target_6.png
17,1,428,lattice,3,i,img/target_8.png
17,1,429,lattice,1,u,img/target_7.png
17,1,430,lattice,0,v,img/target_5.png
17,1,431,lattice,1,u,img/target_7.png
17,1,432,lattice,0,v,img/target_5.png
17,1,433,lattice,2,e,img/target_3.png
17,1,434,lattice,1,u,img/target_7.png
17,1,435,lattice,2,e,img/target_3.png
17,1,436,lattice,0,v,img/target_5.png
17,1,437,lattice,2,e,img/target_3.png
17,1,438,lattice,4,q,img/target_1.png
17,1,439,lattice,3,i,img/target_8.png
17,1,440,lattice,2,e,img/target_3.png
17,1,441,lattice,1,u,img/target_7.png
17,1,442,lattice,2,e,img/target_3.png
17,1,443,lattice,4,q,img/target_1.png
17,1,444,lattice,6,w,img/target_2.png
17,1,445,lattice,8,p,img/target_10.png
17,1,446,lattice,9,r,img/target_4.png
17,1,447,lattice,7,o,img/target_9.png
17,1,448,lattice,8,p,img/target_10.png
17,1,449,lattice,7,o,img/target_9.png
17,1,450,lattice,8,p,img/target_10.png
17,1,451,lattice,0,v,img/target_5.png
17,1,452,lattice,8,p,img/target_10.png
17,1,453,lattice,0,v,img/target_5.png
17,1,454,lattice,8,p,img/target_10.png
17,1,455,lattice,7,o,img/target_9.png
17,1,456,lattice,6,w,img/target_2.png
17,1,457,lattice,8,p,img/target_10.png
17,1,458,lattice,6,w,img/target_2.png
17,1,459,lattice,4,q,img/target_1.png
17,1,460,lattice,5,b,img/target_6.png
17,1,461,lattice,6,w,img/target_2.png
17,1,462,lattice,4,q,img/target_1.png
17,1,463,lattice,3,i,img/target_8.png
17,1,464,lattice,5,b,img/target_6.png
17,1,465,lattice,3,i,img/target_8.png
17,1,466,lattice,2,e,img/target_3.png
17,1,467,lattice,4,q,img/target_1.png
17,1,468,lattice,5,b,img/target_6.png
17,1,469,lattice,4,q,img/target_1.png
17,1,470,lattice,3,i,img/target_8.png
17,1,471,lattice,1,u,img/target_7.png
17,1,472,lattice,3,i,img/target_8.png
17,1,473,lattice,2,e,img/target_3.png
17,1,474,lattice,4,q,img/target_1.png
17,1,475,lattice,2,e,img/target_3.png
17,1,476,lattice,4,q,img/target_1.png
17,1,477,lattice,3,i,img/target_8.png
17,1,478,lattice,2,e,img/target_3.png
17,1,479,lattice,4,q,img/target_1.png
17,1,480,lattice,2,e,img/target_3.png
17,1,481,lattice,1,u,img/target_7.png
17,1,482,lattice,3,i,img/target_8.png
17,1,483,lattice,4,q,img/target_1.png
17,1,484,lattice,3,i,img/target_8.png
17,1,485,lattice,2,e,img/target_3.png
17,1,486,lattice,1,u,img/target_7.png
17,1,487,lattice,3,i,img/target_8.png
17,1,488,lattice,1,u,img/target_7.png
17,1,489,lattice,0,v,img/target_5.png
17,1,490,lattice,1,u,img/target_7.png
17,1,491,lattice,2,e,img/target_3.png
17,1,492,lattice,0,v,img/target_5.png
17,1,493,lattice,8,p,img/target_10.png
17,1,494,lattice,9,r,img/target_4.png
17,1,495,lattice,0,v,img/target_5.png
17,1,496,lattice,1,u,img/target_7.png
17,1,497,lattice,0,v,img/target_5.png
17,1,498,lattice,1,u,img/target_7.png
17,1,499,lattice,2,e,img/target_3.png
17,1,500,lattice,4,q,img/target_1.png
17,1,501,lattice,5,b,img/target_6.png
17,1,502,lattice,4,q,img/target_1.png
17,1,503,lattice,5,b,img/target_6.png
17,1,504,lattice,4,q,img/target_1.png
17,1,505,lattice,3,i,img/target_8.png
17,1,506,lattice,2,e,img/target_3.png
17,1,507,lattice,0,v,img/target_5.png
17,1,508,lattice,9,r,img/target_4.png
17,1,509,lattice,8,p,img/target_10.png
17,1,510,lattice,7,o,img/target_9.png
17,1,511,lattice,9,r,img/target_4.png
17,1,512,lattice,1,u,img/target_7.png
17,1,513,lattice,2,e,img/target_3.png
17,1,514,lattice,1,u,img/target_7.png
17,1,515,lattice,3,i,img/target_8.png
17,1,516,lattice,4,q,img/target_1.png
17,1,517,lattice,5,b,img/target_6.png
17,1,518,lattice,4,q,img/target_1.png
17,1,519,lattice,2,e,img/target_3.png
17,1,520,lattice,3,i,img/target_8.png
17,1,521,lattice,5,b,img/target_6.png
17,1,522,lattice,3,i,img/target_8.png
17,1,523,lattice,2,e,img/target_3.png
17,1,524,lattice,4,q,img/target_1.png
17,1,525,lattice,2,e,img/target_3.png
17,1,526,lattice,0,v,img/target_5.png
17,1,527,lattice,8,p,img/target_10.png
17,1,528,lattice,0,v,img/target_5.png
17,1,529,lattice,1,u,img/target_7.png
17,1,530,lattice,9,r,img/target_4.png
17,1,531,lattice,0,v,img/target_5.png
17,1,532,lattice,1,u,img/target_7.png
17,1,533,lattice,9,r,img/target_4.png
17,1,534,lattice,8,p,img/target_10.png
17,1,535,lattice,7,o,img/target_9.png
17,1,536,lattice,9,r,img/target_4.png
17,1,537,lattice,0,v,img/target_5.png
17,1,538,lattice,1,u,img/target_7.png
17,1,539,lattice,2,e,img/target_3.png
17,1,540,lattice,4,q,img/target_1.png
17,1,541,lattice,6,w,img/target_2.png
17,1,542,lattice,4,q,img/target_1.png
17,1,543,lattice,3,i,img/target_8.png
17,1,544,lattice,2,e,img/target_3.png
17,1,545,lattice,3,i,img/target_8.png
17,1,546,lattice,2,e,img/target_3.png
17,1,547,lattice,4,q,img/target_1.png
17,1,548,lattice,2,e,img/target_3.png
17,1,549,lattice,1,u,img/target_7.png
17,1,550,lattice,3,i,img/target_8.png
17,1,551,lattice,2,e,img/target_3.png
17,1,552,lattice,0,v,img/target_5.png
17,1,553,lattice,2,e,img/target_3.png
17,1,554,lattice,1,u,img/target_7.png
17,1,555,lattice,3,i,img/target_8.png
17,1,556,lattice,2,e,img/target_3.png
17,1,557,lattice,0,v,img/target_5.png
17,1,558,lattice,9,r,img/target_4.png
17,1,559,lattice,0,v,img/target_5.png
17,1,560,lattice,2,e,img/target_3.png
17,1,561,lattice,1,u,img/target_7.png
17,1,562,lattice,0,v,img/target_5.png
17,1,563,lattice,9,r,img/target_4.png
17,1,564,lattice,8,p,img/target_10.png
17,1,565,lattice,0,v,img/target_5.png
17,1,566,lattice,8,p,img/target_10.png
17,1,567,lattice,0,v,img/target_5.png
17,1,568,lattice,9,r,img/target_4.png
17,1,569,lattice,0,v,img/target_5.png
17,1,570,lattice,2,e,img/target_3.png
17,1,571,lattice,4,q,img/target_1.png
17,1,572,lattice,2,e,img/target_3.png
17,1,573,lattice,3,i,img/target_8.png
17,1,574,lattice,2,e,img/target_3.png
17,1,575,lattice,0,v,img/target_5.png
17,1,576,lattice,8,p,img/target_10.png
17,1,577,lattice,6,w,img/target_2.png
17,1,578,lattice,5,b,img/target_6.png
17,1,579,lattice,4,q,img/target_1.png
17,1,580,lattice,3,i,img/target_8.png
17,1,581,lattice,1,u,img/target_7.png
17,1,582,lattice,0,v,img/target_5.png
17,1,583,lattice,2,e,img/target_3.png
17,1,584,lattice,4,q,img/target_1.png
17,1,585,lattice,6,w,img/target_2.png
17,1,586,lattice,8,p,img/target_10.png
17,1,587,lattice,9,r,img/target_4.png
17,1,588,lattice,8,p,img/target_10.png
17,1,589,lattice,7,o,img/target_9.png
17,1,590,lattice,8,p,img/target_10.png
17,1,591,lattice,7,o,img/target_9.png
17,1,592,lattice,6,w,img/target_2.png
17,1,593,lattice,4,q,img/target_1.png
17,1,594,lattice,2,e,img/target_3.png
17,1,595,lattice,3,i,img/target_8.png
17,1,596,lattice,4,q,img/target_1.png
17,1,597,lattice,2,e,img/target_3.png
17,1,598,lattice,3,i,img/target_8.png
17,1,599,lattice,1,u,img/target_7.png
17,1,600,lattice,2,e,img/target_3.png
17,1,601,lattice,0,v,img/target_5.png
17,1,602,lattice,2,e,img/target_3.png
17,1,603,lattice,0,v,img/target_5.png
17,1,604,lattice,9,r,img/target_4.png
17,1,605,lattice,8,p,img/target_10.png
17,1,606,lattice,9,r,img/target_4.png
17,1,607,lattice,8,p,img/target_10.png
17,1,608,lattice,7,o,img/target_9.png
17,1,609,lattice,8,p,img/target_10.png
17,1,610,lattice,7,o,img/target_9.png
17,1,611,lattice,5,b,img/target_6.png
17,1,612,lattice,4,q,img/target_1.png
17,1,613,lattice,6,w,img/target_2.png
17,1,614,lattice,4,q,img/target_1.png
17,1,615,lattice,2,e,img/target_3.png
17,1,616,lattice,4,q,img/target_1.png
17,1,617,lattice,3,i,img/target_8.png
17,1,618,lattice,1,u,img/target_7.png
17,1,619,lattice,9,r,img/target_4.png
17,1,620,lattice,1,u,img/target_7.png
17,1,621,lattice,0,v,img/target_5.png
17,1,622,lattice,2,e,img/target_3.png
17,1,623,lattice,0,v,img/target_5.png
17,1,624,lattice,8,p,img/target_10.png
17,1,625,lattice,7,o,img/target_9.png
17,1,626,lattice,5,b,img/target_6.png
17,1,627,lattice,3,i,img/target_8.png
17,1,628,lattice,4,q,img/target_1.png
17,1,629,lattice,3,i,img/target_8.png
17,1,630,lattice,5,b,img/target_6.png
17,1,631,lattice,7,o,img/target_9.png
17,1,632,lattice,5,b,img/target_6.png
17,1,633,lattice,7,o,img/target_9.png
17,1,634,lattice,5,b,img/target_6.png
17,1,635,lattice,7,o,img/target_9.png
17,1,636,lattice,5,b,img/target_6.png
17,1,637,lattice,7,o,img/target_9.png
17,1,638,lattice,8,p,img/target_10.png
17,1,639,lattice,0,v,img/target_5.png
17,1,640,lattice,2,e,img/target_3.png
17,1,641,lattice,1,u,img/target_7.png
17,1,642,lattice,2,e,img/target_3.png
17,1,643,lattice,3,i,img/target_8.png
17,1,644,lattice,2,e,img/target_3.png
17,1,645,lattice,1,u,img/target_7.png
17,1,646,lattice,9,r,img/target_4.png
17,1,647,lattice,0,v,img/target_5.png
17,1,648,lattice,1,u,img/target_7.png
17,1,649,lattice,0,v,img/target_5.png
17,1,650,lattice,9,r,img/target_4.png
17,1,651,lattice,1,u,img/target_7.png
17,1,652,lattice,2,e,img/target_3.png
17,1,653,lattice,1,u,img/target_7.png
17,1,654,lattice,0,v,img/target_5.png
17,1,655,lattice,9,r,img/target_4.png
17,1,656,lattice,0,v,img/target_5.png
17,1,657,lattice,2,e,img/target_3.png
17,1,658,lattice,0,v,img/target_5.png
17,1,659,lattice,1,u,img/target_7.png
17,1,660,lattice,9,r,img/target_4.png
17,1,661,lattice,1,u,img/target_7.png
17,1,662,lattice,9,r,img/target_4.png
17,1,663,lattice,7,o,img/target_9.png
17,1,664,lattice,8,p,img/target_10.png
17,1,665,lattice,0,v,img/target_5.png
17,1,666,lattice,1,u,img/target_7.png
17,1,667,lattice,0,v,img/target_5.png
17,1,668,lattice,8,p,img/target_10.png
17,1,669,lattice,6,w,img/target_2.png
17,1,670,lattice,8,p,img/target_10.png
17,1,671,lattice,9,r,img/target_4.png
17,1,672,lattice,0,v,img/target_5.png
17,1,673,lattice,2,e,img/target_3.png
17,1,674,lattice,3,i,img/target_8.png
17,1,675,lattice,1,u,img/target_7.png
17,1,676,lattice,3,i,img/target_8.png
17,1,677,lattice,4,q,img/target_1.png
17,1,678,lattice,3,i,img/target_8.png
17,1,679,lattice,4,q,img/target_1.png
17,1,680,lattice,3,i,img/target_8.png
17,1,681,lattice,5,b,img/target_6.png
17,1,682,lattice,6,w,img/target_2.png
17,1,683,lattice,7,o,img/target_9.png
17,1,684,lattice,9,r,img/target_4.png
17,1,685,lattice,7,o,img/target_9.png
17,1,686,lattice,9,r,img/target_4.png
17,1,687,lattice,7,o,img/target_9.png
17,1,688,lattice,8,p,img/target_10.png
17,1,689,lattice,9,r,img/target_4.png
17,1,690,lattice,8,p,img/target_10.png
17,1,691,lattice,7,o,img/target_9.png
17,1,692,lattice,9,r,img/target_4.png
17,1,693,lattice,1,u,img/target_7.png
17,1,694,lattice,2,e,img/target_3.png
17,1,695,lattice,3,i,img/target_8.png
17,1,696,lattice,1,u,img/target_7.png
17,1,697,lattice,2,e,img/target_3.png
17,1,698,lattice,3,i,img/target_8.png
17,1,699,lattice,5,b,img/target_6.png
17,1,700,lattice,3,i,img/target_8.png
17,1,701,lattice,5,b,img/target_6.png
17,1,702,lattice,6,w,img/target_2.png
17,1,703,lattice,4,q,img/target_1.png
17,1,704,lattice,6,w,img/target_2.png
17,1,705,lattice,7,o,img/target_9.png
17,1,706,lattice,8,p,img/target_10.png
17,1,707,lattice,7,o,img/target_9.png
17,1,708,lattice,6,w,img/target_2.png
17,1,709,lattice,8,p,img/target_10.png
17,1,710,lattice,6,w,img/target_2.png
17,1,711,lattice,4,q,img/target_1.png
17,1,712,lattice,3,i,img/target_8.png
17,1,713,lattice,4,q,img/target_1.png
17,1,714,lattice,6,w,img/target_2.png
17,1,715,lattice,4,q,img/target_1.png
17,1,716,lattice,2,e,img/target_3.png
17,1,717,lattice,0,v,img/target_5.png
17,1,718,lattice,8,p,img/target_10.png
17,1,719,lattice,6,w,img/target_2.png
17,1,720,lattice,7,o,img/target_9.png
17,1,721,lattice,5,b,img/target_6.png
17,1,722,lattice,3,i,img/target_8.png
17,1,723,lattice,4,q,img/target_1.png
17,1,724,lattice,3,i,img/target_8.png
17,1,725,lattice,4,q,img/target_1.png
17,1,726,lattice,6,w,img/target_2.png
17,1,727,lattice,8,p,img/target_10.png
17,1,728,lattice,9,r,img/target_4.png
17,1,729,lattice,1,u,img/target_7.png
17,1,730,lattice,0,v,img/target_5.png
17,1,731,lattice,9,r,img/target_4.png
17,1,732,lattice,1,u,img/target_7.png
17,1,733,lattice,9,r,img/target_4.png
17,1,734,lattice,1,u,img/target_7.png
17,1,735,lattice,3,i,img/target_8.png
17,1,736,lattice,2,e,img/target_3.png
17,1,737,lattice,4,q,img/target_1.png
17,1,738,lattice,5,b,img/target_6.png
17,1,739,lattice,3,i,img/target_8.png
17,1,740,lattice,2,e,img/target_3.png
17,1,741,lattice,4,q,img/target_1.png
17,1,742,lattice,2,e,img/target_3.png
17,1,743,lattice,3,i,img/target_8.png
17,1,744,lattice,5,b,img/target_6.png
17,1,745,lattice,6,w,img/target_2.png
17,1,746,lattice,8,p,img/target_10.png
17,1,747,lattice,6,w,img/target_2.png
17,1,748,lattice,7,o,img/target_9.png
17,1,749,lattice,9,r,img/target_4.png
17,1,750,lattice,1,u,img/target_7.png
17,1,751,lattice,3,i,img/target_8.png
17,1,752,lattice,2,e,img/target_3.png
17,1,753,lattice,3,i,img/target_8.png
17,1,754,lattice,4,q,img/target_1.png
17,1,755,lattice,2,e,img/target_3.png
17,1,756,lattice,1,u,img/target_7.png
17,1,757,lattice,0,v,img/target_5.png
17,1,758,lattice,9,r,img/target_4.png
17,1,759,lattice,7,o,img/target_9.png
17,1,760,lattice,9,r,img/target_4.png
17,1,761,lattice,8,p,img/target_10.png
17,1,762,lattice,6,w,img/target_2.png
17,1,763,lattice,8,p,img/target_10.png
17,1,764,lattice,9,r,img/target_4.png
17,1,765,lattice,1,u,img/target_7.png
17,1,766,lattice,3,i,img/target_8.png
17,1,767,lattice,1,u,img/target_7.png
17,1,768,lattice,9,r,img/target_4.png
17,1,769,lattice,0,v,img/target_5.png
17,1,770,lattice,1,u,img/target_7.png
17,1,771,lattice,9,r,img/target_4.png
17,1,772,lattice,7,o,img/target_9.png
17,1,773,lattice,8,p,img/target_10.png
17,1,774,lattice,6,w,img/target_2.png
17,1,775,lattice,5,b,img/target_6.png
17,1,776,lattice,3,i,img/target_8.png
17,1,777,lattice,5,b,img/target_6.png
17,1,778,lattice,7,o,img/target_9.png
17,1,779,lattice,8,p,img/target_10.png
17,1,780,lattice,6,w,img/target_2.png
17,1,781,lattice,7,o,img/target_9.png
17,1,782,lattice,6,w,img/target_2.png
17,1,783,lattice,8,p,img/target_10.png
17,1,784,lattice,7,o,img/target_9.png
17,1,785,lattice,9,r,img/target_4.png
17,1,786,lattice,7,o,img/target_9.png
17,1,787,lattice,6,w,img/target_2.png
17,1,788,lattice,7,o,img/target_9.png
17,1,789,lattice,5,b,img/target_6.png
17,1,790,lattice,3,i,img/target_8.png
17,1,791,lattice,2,e,img/target_3.png
17,1,792,lattice,0,v,img/target_5.png
17,1,793,lattice,9,r,img/target_4.png
17,1,794,lattice,8,p,img/target_10.png
17,1,795,lattice,0,v,img/target_5.png
17,1,796,lattice,8,p,img/target_10.png
17,1,797,lattice,6,w,img/target_2.png
17,1,798,lattice,7,o,img/target_9.png
17,1,799,lattice,5,b,img/target_6.png
17,1,800,lattice,7,o,img/target_9.png
17,1,801,lattice,6,w,img/target_2.png
17,1,802,lattice,7,o,img/target_9.png
17,1,803,lattice,6,w,img/target_2.png
17,1,804,lattice,5,b,img/target_6.png
17,1,805,lattice,7,o,img/target_9.png
17,1,806,lattice,8,p,img/target_10.png
17,1,807,lattice,6,w,img/target_2.png
17,1,808,lattice,8,p,img/target_10.png
17,1,809,lattice,9,r,img/target_4.png
17,1,810,lattice,7,o,img/target_9.png
17,1,811,lattice,9,r,img/target_4.png
17,1,812,lattice,8,p,img/target_10.png
17,1,813,lattice,9,r,img/target_4.png
17,1,814,lattice,0,v,img/target_5.png
17,1,815,lattice,1,u,img/target_7.png
17,1,816,lattice,0,v,img/target_5.png
17,1,817,lattice,1,u,img/target_7.png
17,1,818,lattice,9,r,img/target_4.png
17,1,819,lattice,8,p,img/target_10.png
17,1,820,lattice,9,r,img/target_4.png
17,1,821,lattice,1,u,img/target_7.png
17,1,822,lattice,9,r,img/target_4.png
17,1,823,lattice,7,o,img/target_9.png
17,1,824,lattice,9,r,img/target_4.png
17,1,825,lattice,0,v,img/target_5.png
17,1,826,lattice,2,e,img/target_3.png
17,1,827,lattice,4,q,img/target_1.png
17,1,828,lattice,5,b,img/target_6.png
17,1,829,lattice,3,i,img/target_8.png
17,1,830,lattice,5,b,img/target_6.png
17,1,831,lattice,3,i,img/target_8.png
17,1,832,lattice,2,e,img/target_3.png
17,1,833,lattice,0,v,img/target_5.png
17,1,834,lattice,2,e,img/target_3.png
17,1,835,lattice,1,u,img/target_7.png
17,1,836,lattice,2,e,img/target_3.png
17,1,837,lattice,0,v,img/target_5.png
17,1,838,lattice,2,e,img/target_3.png
17,1,839,lattice,4,q,img/target_1.png
17,1,840,lattice,6,w,img/target_2.png
17,1,841,lattice,5,b,img/target_6.png
17,1,842,lattice,7,o,img/target_9.png
17,1,843,lattice,5,b,img/target_6.png
17,1,844,lattice,3,i,img/target_8.png
17,1,845,lattice,2,e,img/target_3.png
17,1,846,lattice,1,u,img/target_7.png
17,1,847,lattice,3,i,img/target_8.png
17,1,848,lattice,5,b,img/target_6.png
17,1,849,lattice,7,o,img/target_9.png
17,1,850,lattice,6,w,img/target_2.png
17,1,851,lattice,8,p,img/target_10.png
17,1,852,lattice,6,w,img/target_2.png
17,1,853,lattice,8,p,img/target_10.png
17,1,854,lattice,6,w,img/target_2.png
17,1,855,lattice,4,q,img/target_1.png
17,1,856,lattice,3,i,img/target_8.png
17,1,857,lattice,4,q,img/target_1.png
17,1,858,lattice,5,b,img/target_6.png
17,1,859,lattice,4,q,img/target_1.png
17,1,860,lattice,6,w,img/target_2.png
17,1,861,lattice,8,p,img/target_10.png
17,1,862,lattice,9,r,img/target_4.png
17,1,863,lattice,8,p,img/target_10.png
17,1,864,lattice,0,v,img/target_5.png
17,1,865,lattice,8,p,img/target_10.png
17,1,866,lattice,7,o,img/target_9.png
17,1,867,lattice,6,w,img/target_2.png
17,1,868,lattice,7,o,img/target_9.png
17,1,869,lattice,5,b,img/target_6.png
17,1,870,lattice,7,o,img/target_9.png
17,1,871,lattice,6,w,img/target_2.png
17,1,872,lattice,8,p,img/target_10.png
17,1,873,lattice,9,r,img/target_4.png
17,1,874,lattice,8,p,img/target_10.png
17,1,875,lattice,7,o,img/target_9.png
17,1,876,lattice,8,p,img/target_10.png
17,1,877,lattice,7,o,img/target_9.png
17,1,878,lattice,8,p,img/target_10.png
17,1,879,lattice,6,w,img/target_2.png
17,1,880,lattice,4,q,img/target_1.png
17,1,881,lattice,3,i,img/target_8.png
17,1,882,lattice,4,q,img/target_1.png
17,1,883,lattice,6,w,img/target_2.png
17,1,884,lattice,7,o,img/target_9.png
17,1,885,lattice,9,r,img/target_4.png
17,1,886,lattice,0,v,img/target_5.png
17,1,887,lattice,9,r,img/target_4.png
17,1,888,lattice,0,v,img/target_5.png
17,1,889,lattice,9,r,img/target_4.png
17,1,890,lattice,8,p,img/target_10.png
17,1,891,lattice,0,v,img/target_5.png
17,1,892,lattice,1,u,img/target_7.png
17,1,893,lattice,2,e,img/target_3.png
17,1,894,lattice,3,i,img/target_8.png
17,1,895,lattice,1,u,img/target_7.png
17,1,896,lattice,9,r,img/target_4.png
17,1,897,lattice,0,v,img/target_5.png
17,1,898,lattice,2,e,img/target_3.png
17,1,899,lattice,1,u,img/target_7.png
17,1,900,lattice,3,i,img/target_8.png
17,1,901,lattice,1,u,img/target_7.png
17,1,902,lattice,0,v,img/target_5.png
17,1,903,lattice,2,e,img/target_3.png
17,1,904,lattice,3,i,img/target_8.png
17,1,905,lattice,2,e,img/target_3.png
17,1,906,lattice,1,u,img/target_7.png
17,1,907,lattice,9,r,img/target_4.png
17,1,908,lattice,7,o,img/target_9.png
17,1,909,lattice,9,r,img/target_4.png
17,1,910,lattice,8,p,img/target_10.png
17,1,911,lattice,0,v,img/target_5.png
17,1,912,lattice,8,p,img/target_10.png
17,1,913,lattice,9,r,img/target_4.png
17,1,914,lattice,7,o,img/target_9.png
17,1,915,lattice,6,w,img/target_2.png
17,1,916,lattice,7,o,img/target_9.png
17,1,917,lattice,5,b,img/target_6.png
17,1,918,lattice,7,o,img/target_9.png
17,1,919,lattice,8,p,img/target_10.png
17,1,920,lattice,0,v,img/target_5.png
17,1,921,lattice,9,r,img/target_4.png
17,1,922,lattice,0,v,img/target_5.png
17,1,923,lattice,8,p,img/target_10.png
17,1,924,lattice,9,r,img/target_4.png
17,1,925,lattice,0,v,img/target_5.png
17,1,926,lattice,9,r,img/target_4.png
17,1,927,lattice,8,p,img/target_10.png
17,1,928,lattice,0,v,img/target_5.png
17,1,929,lattice,8,p,img/target_10.png
17,1,930,lattice,9,r,img/target_4.png
17,1,931,lattice,1,u,img/target_7.png
17,1,932,lattice,9,r,img/target_4.png
17,1,933,lattice,8,p,img/target_10.png
17,1,934,lattice,6,w,img/target_2.png
17,1,935,lattice,7,o,img/target_9.png
17,1,936,lattice,8,p,img/target_10.png
17,1,937,lattice,6,w,img/target_2.png
17,1,938,lattice,7,o,img/target_9.png
17,1,939,lattice,5,b,img/target_6.png
17,1,940,lattice,3,i,img/target_8.png
17,1,941,lattice,4,q,img/target_1.png
17,1,942,lattice,6,w,img/target_2.png
17,1,943,lattice,8,p,img/target_10.png
17,1,944,lattice,7,o,img/target_9.png
17,1,945,lattice,5,b,img/target_6.png
17,1,946,lattice,6,w,img/target_2.png
17,1,947,lattice,8,p,img/target_10.png
17,1,948,lattice,6,w,img/target_2.png
17,1,949,lattice,8,p,img/target_10.png
17,1,950,lattice,7,o,img/target_9.png
17,1,951,lattice,8,p,img/target_10.png
17,1,952,lattice,9,r,img/target_4.png
17,1,953,lattice,8,p,img/target_10.png
17,1,954,lattice,6,w,img/target_2.png
17,1,955,lattice,5,b,img/target_6.png
17,1,956,lattice,7,o,img/target_9.png
17,1,957,lattice,5,b,img/target_6.png
17,1,958,lattice,3,i,img/target_8.png
17,1,959,lattice,1,u,img/target_7.png
17,1,960,lattice,0,v,img/target_5.png
17,1,961,lattice,1,u,img/target_7.png
17,1,962,lattice,9,r,img/target_4.png
17,1,963,lattice,0,v,img/target_5.png
17,1,964,lattice,1,u,img/target_7.png
17,1,965,lattice,9,r,img/target_4.png
17,1,966,lattice,1,u,img/target_7.png
17,1,967,lattice,2,e,img/target_3.png
17,1,968,lattice,3,i,img/target_8.png
17,1,969,lattice,4,q,img/target_1.png
17,1,970,lattice,6,w,img/target_2.png
17,1,971,lattice,4,q,img/target_1.png
17,1,972,lattice,6,w,img/target_2.png
17,1,973,lattice,5,b,img/target_6.png
17,1,974,lattice,6,w,img/target_2.png
17,1,975,lattice,4,q,img/target_1.png
17,1,976,lattice,6,w,img/target_2.png
17,1,977,lattice,5,b,img/target_6.png
17,1,978,lattice,7,o,img/target_9.png
17,1,979,lattice,8,p,img/target_10.png
17,1,980,lattice,0,v,img/target_5.png
17,1,981,lattice,9,r,img/target_4.png
17,1,982,lattice,7,o,img/target_9.png
17,1,983,lattice,9,r,img/target_4.png
17,1,984,lattice,8,p,img/target_10.png
17,1,985,lattice,9,r,img/target_4.png
17,1,986,lattice,1,u,img/target_7.png
17,1,987,lattice,3,i,img/target_8.png
17,1,988,lattice,5,b,img/target_6.png
17,1,989,lattice,3,i,img/target_8.png
17,1,990,lattice,4,q,img/target_1.png
17,1,991,lattice,5,b,img/target_6.png
17,1,992,lattice,7,o,img/target_9.png
17,1,993,lattice,9,r,img/target_4.png
17,1,994,lattice,7,o,img/target_9.png
17,1,995,lattice,8,p,img/target_10.png
17,1,996,lattice,7,o,img/target_9.png
17,1,997,lattice,9,r,img/target_4.png
17,1,998,lattice,1,u,img/target_7.png
17,1,999,lattice,3,i,img/target_8.png
17,1,1000,lattice,1,u,img/target_7.png
