pID,sess,trialNum,graph,walk,resp,path
17,3,1,lattice,0,v,img/target_5.png
17,3,2,lattice,1,u,img/target_7.png
17,3,3,lattice,0,v,img/target_5.png
17,3,4,lattice,2,e,img/target_3.png
17,3,5,lattice,4,q,img/target_1.png
17,3,6,lattice,2,e,img/target_3.png
17,3,7,lattice,4,q,img/target_1.png
17,3,8,lattice,3,i,img/target_8.png
17,3,9,lattice,1,u,img/target_7.png
17,3,10,lattice,3,i,img/target_8.png
17,3,11,lattice,2,e,img/target_3.png
17,3,12,lattice,3,i,img/target_8.png
17,3,13,lattice,4,q,img/target_1.png
17,3,14,lattice,5,b,img/target_6.png
17,3,15,lattice,4,q,img/target_1.png
17,3,16,lattice,6,w,img/target_2.png
17,3,17,lattice,7,o,img/target_9.png
17,3,18,lattice,5,b,img/target_6.png
17,3,19,lattice,6,w,img/target_2.png
17,3,20,lattice,8,p,img/target_10.png
17,3,21,lattice,9,r,img/target_4.png
17,3,22,lattice,1,u,img/target_7.png
17,3,23,lattice,0,v,img/target_5.png
17,3,24,lattice,8,p,img/target_10.png
17,3,25,lattice,9,r,img/target_4.png
17,3,26,lattice,8,p,img/target_10.png
17,3,27,lattice,9,r,img/target_4.png
17,3,28,lattice,0,v,img/target_5.png
17,3,29,lattice,8,p,img/target_10.png
17,3,30,lattice,0,v,img/target_5.png
17,3,31,lattice,1,u,img/target_7.png
17,3,32,lattice,0,v,img/target_5.png
17,3,33,lattice,8,p,img/target_10.png
17,3,34,lattice,9,r,img/target_4.png
17,3,35,lattice,1,u,img/target_7.png
17,3,36,lattice,2,e,img/target_3.png
17,3,37,lattice,3,i,img/target_8.png
17,3,38,lattice,2,e,img/target_3.png
17,3,39,lattice,0,v,img/target_5.png
17,3,40,lattice,9,r,img/target_4.png
17,3,41,lattice,7,o,img/target_9.png
17,3,42,lattice,6,w,img/target_2.png
17,3,43,lattice,8,p,img/target_10.png
17,3,44,lattice,9,r,img/target_4.png
17,3,45,lattice,7,o,img/target_9.png
17,3,46,lattice,5,b,img/target_6.png
17,3,47,lattice,6,w,img/target_2.png
17,3,48,lattice,7,o,img/target_9.png
17,3,49,lattice,8,p,img/target_10.png
17,3,50,lattice,0,v,img/target_5.png
17,3,51,lattice,2,e,img/target_3.png
17,3,52,lattice,1,u,img/target_7.png
17,3,53,lattice,3,i,img/target_8.png
17,3,54,lattice,1,u,img/target_7.png
17,3,55,lattice,3,i,img/target_8.png
17,3,56,lattice,4,q,img/target_1.png
17,3,57,lattice,3,i,img/target_8.png
17,3,58,lattice,4,q,img/target_1.png
17,3,59,lattice,3,i,img/target_8.png
17,3,60,lattice,1,u,img/target_7.png
17,3,61,lattice,3,i,img/target_8.png
17,3,62,lattice,4,q,img/target_1.png
17,3,63,lattice,6,w,img/target_2.png
17,3,64,lattice,7,o,img/target_9.png
17,3,65,lattice,6,w,img/target_2.png
17,3,66,lattice,7,o,img/target_9.png
17,3,67,lattice,6,w,img/target_2.png
17,3,68,lattice,7,o,img/target_9.png
17,3,69,lattice,6,w,img/target_2.png
17,3,70,lattice,4,q,img/target_1.png
17,3,71,lattice,5,b,img/target_6.png
17,3,72,lattice,4,q,img/target_1.png
17,3,73,lattice,3,i,img/target_8.png
17,3,74,lattice,4,q,img/target_1.png
17,3,75,lattice,6,w,img/target_2.png
17,3,76,lattice,8,p,img/target_10.png
17,3,77,lattice,9,r,img/target_4.png
17,3,78,lattice,1,u,img/target_7.png
17,3,79,lattice,2,e,img/target_3.png
17,3,80,lattice,3,i,img/target_8.png
17,3,81,lattice,1,u,img/target_7.png
17,3,82,lattice,3,i,img/target_8.png
17,3,83,lattice,5,b,img/target_6.png
17,3,84,lattice,4,q,img/target_1.png
17,3,85,lattice,2,e,img/target_3.png
17,3,86,lattice,4,q,img/target_1.png
17,3,87,lattice,6,w,img/target_2.png
17,3,88,lattice,8,p,img/target_10.png
17,3,89,lattice,7,o,img/target_9.png
17,3,90,lattice,6,w,img/target_2.png
17,3,91,lattice,7,o,img/target_9.png
17,3,92,lattice,6,w,img/target_2.png
17,3,93,lattice,4,q,img/target_1.png
17,3,94,lattice,3,i,img/target_8.png
17,3,95,lattice,5,b,img/target_6.png
17,3,96,lattice,3,i,img/target_8.png
17,3,97,lattice,5,b,img/target_6.png
17,3,98,lattice,6,w,img/target_2.png
17,3,99,lattice,7,o,img/target_9.png
17,3,100,lattice,5,b,img/target_6.png
17,3,101,lattice,4,q,img/target_1.png
17,3,102,lattice,2,e,img/target_3.png
17,3,103,lattice,0,v,img/target_5.png
17,3,104,lattice,8,p,img/target_10.png
17,3,105,lattice,0,v,img/target_5.png
17,3,106,lattice,9,r,img/target_4.png
17,3,107,lattice,7,o,img/target_9.png
17,3,108,lattice,5,b,img/target_6.png
17,3,109,lattice,7,o,img/target_9.png
17,3,110,lattice,5,b,img/target_6.png
17,3,111,lattice,3,i,img/target_8.png
17,3,112,lattice,4,q,img/target_1.png
17,3,113,lattice,2,e,img/target_3.png
17,3,114,lattice,0,v,img/target_5.png
17,3,115,lattice,8,p,img/target_10.png
17,3,116,lattice,9,r,img/target_4.png
17,3,117,lattice,0,v,img/target_5.png
17,3,118,lattice,9,r,img/target_4.png
17,3,119,lattice,8,p,img/target_10.png
17,3,120,lattice,9,r,img/target_4.png
17,3,121,lattice,7,o,img/target_9.png
17,3,122,lattice,5,b,img/target_6.png
17,3,123,lattice,3,i,img/target_8.png
17,3,124,lattice,1,u,img/target_7.png
17,3,125,lattice,3,i,img/target_8.png
17,3,126,lattice,4,q,img/target_1.png
17,3,127,lattice,6,w,img/target_2.png
17,3,128,lattice,7,o,img/target_9.png
17,3,129,lattice,9,r,img/target_4.png
17,3,130,lattice,0,v,img/target_5.png
17,3,131,lattice,2,e,img/target_3.png
17,3,132,lattice,0,v,img/target_5.png
17,3,133,lattice,1,u,img/target_7.png
17,3,134,lattice,2,e,img/target_3.png
17,3,135,lattice,4,q,img/target_1.png
17,3,136,lattice,5,b,img/target_6.png
17,3,137,lattice,3,i,img/target_8.png
17,3,138,lattice,2,e,img/target_3.png
17,3,139,lattice,1,u,img/target_7.png
17,3,140,lattice,2,e,img/target_3.png
17,3,141,lattice,4,q,img/target_1.png
17,3,142,lattice,3,i,img/target_8.png
17,3,143,lattice,4,q,img/target_1.png
17,3,144,lattice,3,i,img/target_8.png
17,3,145,lattice,4,q,img/target_1.png
17,3,146,lattice,5,b,img/target_6.png
17,3,147,lattice,3,i,img/target_8.png
17,3,148,lattice,2,e,img/target_3.png
17,3,149,lattice,4,q,img/target_1.png
17,3,150,lattice,2,e,img/target_3.png
17,3,151,lattice,0,v,img/target_5.png
17,3,152,lattice,2,e,img/target_3.png
17,3,153,lattice,0,v,img/target_5.png
17,3,154,lattice,2,e,img/target_3.png
17,3,155,lattice,0,v,img/target_5.png
17,3,156,lattice,9,r,img/target_4.png
17,3,157,lattice,1,u,img/target_7.png
17,3,158,lattice,2,e,img/target_3.png
17,3,159,lattice,1,u,img/target_7.png
17,3,160,lattice,2,e,img/target_3.png
17,3,161,lattice,3,i,img/target_8.png
17,3,162,lattice,4,q,img/target_1.png
17,3,163,lattice,2,e,img/target_3.png
17,3,164,lattice,1,u,img/target_7.png
17,3,165,lattice,2,e,img/target_3.png
17,3,166,lattice,4,q,img/target_1.png
17,3,167,lattice,2,e,img/target_3.png
17,3,168,lattice,0,v,img/target_5.png
17,3,169,lattice,8,p,img/target_10.png
17,3,170,lattice,7,o,img/target_9.png
17,3,171,lattice,6,w,img/target_2.png
17,3,172,lattice,7,o,img/target_9.png
17,3,173,lattice,5,b,img/target_6.png
17,3,174,lattice,7,o,img/target_9.png
17,3,175,lattice,6,w,img/target_2.png
17,3,176,lattice,8,p,img/target_10.png
17,3,177,lattice,0,v,img/target_5.png
17,3,178,lattice,2,e,img/target_3.png
17,3,179,lattice,1,u,img/target_7.png
17,3,180,lattice,3,i,img/target_8.png
17,3,181,lattice,1,u,img/target_7.png
17,3,182,lattice,2,e,img/target_3.png
17,3,183,lattice,3,i,img/target_8.png
17,3,184,lattice,5,b,img/target_6.png
17,3,185,lattice,3,i,img/target_8.png
17,3,186,lattice,5,b,img/target_6.png
17,3,187,lattice,7,o,img/target_9.png
17,3,188,lattice,6,w,img/target_2.png
17,3,189,lattice,5,b,img/target_6.png
17,3,190,lattice,3,i,img/target_8.png
17,3,191,lattice,2,e,img/target_3.png
17,3,192,lattice,0,v,img/target_5.png
17,3,193,lattice,1,u,img/target_7.png
17,3,194,lattice,0,v,img/target_5.png
17,3,195,lattice,8,p,img/target_10.png
17,3,196,lattice,0,v,img/target_5.png
17,3,197,lattice,1,u,img/target_7.png
17,3,198,lattice,3,i,img/target_8.png
17,3,199,lattice,4,q,img/target_1.png
17,3,200,lattice,5,b,img/target_6.png
17,3,201,lattice,3,i,img/target_8.png
17,3,202,lattice,4,q,img/target_1.png
17,3,203,lattice,2,e,img/target_3.png
17,3,204,lattice,4,q,img/target_1.png
17,3,205,lattice,3,i,img/target_8.png
17,3,206,lattice,1,u,img/target_7.png
17,3,207,lattice,3,i,img/target_8.png
17,3,208,lattice,1,u,img/target_7.png
17,3,209,lattice,3,i,img/target_8.png
17,3,210,lattice,5,b,img/target_6.png
17,3,211,lattice,6,w,img/target_2.png
17,3,212,lattice,4,q,img/target_1.png
17,3,213,lattice,5,b,img/target_6.png
17,3,214,lattice,4,q,img/target_1.png
17,3,215,lattice,3,i,img/target_8.png
17,3,216,lattice,5,b,img/target_6.png
17,3,217,lattice,3,i,img/target_8.png
17,3,218,lattice,4,q,img/target_1.png
17,3,219,lattice,3,i,img/target_8.png
17,3,220,lattice,2,e,img/target_3.png
17,3,221,lattice,0,v,img/target_5.png
17,3,222,lattice,9,r,img/target_4.png
17,3,223,lattice,8,p,img/target_10.png
17,3,224,lattice,9,r,img/target_4.png
17,3,225,lattice,1,u,img/target_7.png
17,3,226,lattice,9,r,img/target_4.png
17,3,227,lattice,0,v,img/target_5.png
17,3,228,lattice,8,p,img/target_10.png
17,3,229,lattice,7,o,img/target_9.png
17,3,230,lattice,8,p,img/target_10.png
17,3,231,lattice,9,r,img/target_4.png
17,3,232,lattice,8,p,img/target_10.png
17,3,233,lattice,7,o,img/target_9.png
17,3,234,lattice,6,w,img/target_2.png
17,3,235,lattice,7,o,img/target_9.png
17,3,236,lattice,9,r,img/target_4.png
17,3,237,lattice,8,p,img/target_10.png
17,3,238,lattice,0,v,img/target_5.png
17,3,239,lattice,9,r,img/target_4.png
17,3,240,lattice,1,u,img/target_7.png
17,3,241,lattice,2,e,img/target_3.png
17,3,242,lattice,4,q,img/target_1.png
17,3,243,lattice,3,i,img/target_8.png
17,3,244,lattice,1,u,img/target_7.png
17,3,245,lattice,0,v,img/target_5.png
17,3,246,lattice,9,r,img/target_4.png
17,3,247,lattice,8,p,img/target_10.png
17,3,248,lattice,6,w,img/target_2.png
17,3,249,lattice,4,q,img/target_1.png
17,3,250,lattice,2,e,img/target_3.png
17,3,251,lattice,3,i,img/target_8.png
17,3,252,lattice,5,b,img/target_6.png
17,3,253,lattice,3,i,img/target_8.png
17,3,254,lattice,5,b,img/target_6.png
17,3,255,lattice,6,w,img/target_2.png
17,3,256,lattice,7,o,img/target_9.png
17,3,257,lattice,8,p,img/target_10.png
17,3,258,lattice,0,v,img/target_5.png
17,3,259,lattice,2,e,img/target_3.png
17,3,260,lattice,4,q,img/target_1.png
17,3,261,lattice,2,e,img/target_3.png
17,3,262,lattice,4,q,img/target_1.png
17,3,263,lattice,2,e,img/target_3.png
17,3,264,lattice,1,u,img/target_7.png
17,3,265,lattice,0,v,img/target_5.png
17,3,266,lattice,8,p,img/target_10.png
17,3,267,lattice,6,w,img/target_2.png
17,3,268,lattice,5,b,img/target_6.png
17,3,269,lattice,7,o,img/target_9.png
17,3,270,lattice,9,r,img/target_4.png
17,3,271,lattice,1,u,img/target_7.png
17,3,272,lattice,0,v,img/target_5.png
17,3,273,lattice,1,u,img/target_7.png
17,3,274,lattice,3,i,img/target_8.png
17,3,275,lattice,1,u,img/target_7.png
17,3,276,lattice,2,e,img/target_3.png
17,3,277,lattice,1,u,img/target_7.png
17,3,278,lattice,9,r,img/target_4.png
17,3,279,lattice,0,v,img/target_5.png
17,3,280,lattice,8,p,img/target_10.png
17,3,281,lattice,9,r,img/target_4.png
17,3,282,lattice,8,p,img/target_10.png
17,3,283,lattice,7,o,img/target_9.png
17,3,284,lattice,9,r,img/target_4.png
17,3,285,lattice,1,u,img/target_7.png
17,3,286,lattice,0,v,img/target_5.png
17,3,287,lattice,9,r,img/target_4.png
17,3,288,lattice,8,p,img/target_10.png
17,3,289,lattice,0,v,img/target_5.png
17,3,290,lattice,2,e,img/target_3.png
17,3,291,lattice,3,i,img/target_8.png
17,3,292,lattice,4,q,img/target_1.png
17,3,293,lattice,2,e,img/target_3.png
17,3,294,lattice,3,i,img/target_8.png
17,3,295,lattice,4,q,img/target_1.png
17,3,296,lattice,6,w,img/target_2.png
17,3,297,lattice,5,b,img/target_6.png
17,3,298,lattice,4,q,img/target_1.png
17,3,299,lattice,6,w,img/target_2.png
17,3,300,lattice,4,q,img/target_1.png
17,3,301,lattice,6,w,img/target_2.png
17,3,302,lattice,4,q,img/target_1.png
17,3,303,lattice,5,b,img/target_6.png
17,3,304,lattice,4,q,img/target_1.png
17,3,305,lattice,6,w,img/target_2.png
17,3,306,lattice,8,p,img/target_10.png
17,3,307,lattice,0,v,img/target_5.png
17,3,308,lattice,8,p,img/target_10.png
17,3,309,lattice,7,o,img/target_9.png
17,3,310,lattice,6,w,img/target_2.png
17,3,311,lattice,8,p,img/target_10.png
17,3,312,lattice,9,r,img/target_4.png
17,3,313,lattice,0,v,img/target_5.png
17,3,314,lattice,2,e,img/target_3.png
17,3,315,lattice,3,i,img/target_8.png
17,3,316,lattice,4,q,img/target_1.png
17,3,317,lattice,6,w,img/target_2.png
17,3,318,lattice,5,b,img/target_6.png
17,3,319,lattice,4,q,img/target_1.png
17,3,320,lattice,3,i,img/target_8.png
17,3,321,lattice,5,b,img/target_6.png
17,3,322,lattice,3,i,img/target_8.png
17,3,323,lattice,1,u,img/target_7.png
17,3,324,lattice,0,v,img/target_5.png
17,3,325,lattice,2,e,img/target_3.png
17,3,326,lattice,3,i,img/target_8.png
17,3,327,lattice,1,u,img/target_7.png
17,3,328,lattice,3,i,img/target_8.png
17,3,329,lattice,4,q,img/target_1.png
17,3,330,lattice,5,b,img/target_6.png
17,3,331,lattice,6,w,img/target_2.png
17,3,332,lattice,5,b,img/target_6.png
17,3,333,lattice,4,q,img/target_1.png
17,3,334,lattice,6,w,img/target_2.png
17,3,335,lattice,7,o,img/target_9.png
17,3,336,lattice,8,p,img/target_10.png
17,3,337,lattice,0,v,img/target_5.png
17,3,338,lattice,2,e,img/target_3.png
17,3,339,lattice,4,q,img/target_1.png
17,3,340,lattice,2,e,img/target_3.png
17,3,341,lattice,3,i,img/target_8.png
17,3,342,lattice,1,u,img/target_7.png
17,3,343,lattice,9,r,img/target_4.png
17,3,344,lattice,8,p,img/target_10.png
17,3,345,lattice,7,o,img/target_9.png
17,3,346,lattice,6,w,img/target_2.png
17,3,347,lattice,4,q,img/target_1.png
17,3,348,lattice,5,b,img/target_6.png
17,3,349,lattice,4,q,img/target_1.png
17,3,350,lattice,3,i,img/target_8.png
17,3,351,lattice,5,b,img/target_6.png
17,3,352,lattice,6,w,img/target_2.png
17,3,353,lattice,5,b,img/target_6.png
17,3,354,lattice,4,q,img/target_1.png
17,3,355,lattice,3,i,img/target_8.png
17,3,356,lattice,2,e,img/target_3.png
17,3,357,lattice,1,u,img/target_7.png
17,3,358,lattice,2,e,img/target_3.png
17,3,359,lattice,4,q,img/target_1.png
17,3,360,lattice,2,e,img/target_3.png
17,3,361,lattice,0,v,img/target_5.png
17,3,362,lattice,8,p,img/target_10.png
17,3,363,lattice,6,w,img/target_2.png
17,3,364,lattice,4,q,img/target_1.png
17,3,365,lattice,5,b,img/target_6.png
17,3,366,lattice,3,i,img/target_8.png
17,3,367,lattice,2,e,img/target_3.png
17,3,368,lattice,4,q,img/target_1.png
17,3,369,lattice,3,i,img/target_8.png
17,3,370,lattice,5,b,img/target_6.png
17,3,371,lattice,6,w,img/target_2.png
17,3,372,lattice,8,p,img/target_10.png
17,3,373,lattice,0,v,img/target_5.png
17,3,374,lattice,8,p,img/target_10.png
17,3,375,lattice,6,w,img/target_2.png
17,3,376,lattice,8,p,img/target_10.png
17,3,377,lattice,7,o,img/target_9.png
17,3,378,lattice,6,w,img/target_2.png
17,3,379,lattice,5,b,img/target_6.png
17,3,380,lattice,6,w,img/target_2.png
17,3,381,lattice,8,p,img/target_10.png
17,3,382,lattice,7,o,img/target_9.png
17,3,383,lattice,9,r,img/target_4.png
17,3,384,lattice,7,o,img/target_9.png
17,3,385,lattice,5,b,img/target_6.png
17,3,386,lattice,6,w,img/target_2.png
17,3,387,lattice,4,q,img/target_1.png
17,3,388,lattice,6,w,img/target_2.png
17,3,389,lattice,8,p,img/target_10.png
17,3,390,lattice,9,r,img/target_4.png
17,3,391,lattice,7,o,img/target_9.png
17,3,392,lattice,8,p,img/target_10.png
17,3,393,lattice,6,w,img/target_2.png
17,3,394,lattice,8,p,img/target_10.png
17,3,395,lattice,0,v,img/target_5.png
17,3,396,lattice,1,u,img/target_7.png
17,3,397,lattice,2,e,img/target_3.png
17,3,398,lattice,4,q,img/target_1.png
17,3,399,lattice,5,b,img/target_6.png
17,3,400,lattice,6,w,img/target_2.png
17,3,401,lattice,8,p,img/target_10.png
17,3,402,lattice,9,r,img/target_4.png
17,3,403,lattice,1,u,img/target_7.png
17,3,404,lattice,3,i,img/target_8.png
17,3,405,lattice,4,q,img/target_1.png
17,3,406,lattice,2,e,img/target_3.png
17,3,407,lattice,4,q,img/target_1.png
17,3,408,lattice,5,b,img/target_6.png
17,3,409,lattice,4,q,img/target_1.png
17,3,410,lattice,6,w,img/target_2.png
17,3,411,lattice,8,p,img/target_10.png
17,3,412,lattice,0,v,img/target_5.png
17,3,413,lattice,2,e,img/target_3.png
17,3,414,lattice,3,i,img/target_8.png
17,3,415,lattice,2,e,img/target_3.png
17,3,416,lattice,3,i,img/target_8.png
17,3,417,lattice,4,q,img/target_1.png
17,3,418,lattice,3,i,img/target_8.png
17,3,419,lattice,2,e,img/target_3.png
17,3,420,lattice,3,i,img/target_8.png
17,3,421,lattice,5,b,img/target_6.png
17,3,422,lattice,4,q,img/target_1.png
17,3,423,lattice,2,e,img/target_3.png
17,3,424,lattice,0,v,img/target_5.png
17,3,425,lattice,2,e,img/target_3.png
17,3,426,lattice,4,q,img/target_1.png
17,3,427,lattice,3,i,img/target_8.png
17,3,428,lattice,1,u,img/target_7.png
17,3,429,lattice,3,i,img/target_8.png
17,3,430,lattice,1,u,img/target_7.png
17,3,431,lattice,2,e,img/target_3.png
17,3,432,lattice,1,u,img/target_7.png
17,3,433,lattice,0,v,img/target_5.png
17,3,434,lattice,1,u,img/target_7.png
17,3,435,lattice,9,r,img/target_4.png
17,3,436,lattice,1,u,img/target_7.png
17,3,437,lattice,0,v,img/target_5.png
17,3,438,lattice,1,u,img/target_7.png
17,3,439,lattice,0,v,img/target_5.png
17,3,440,lattice,1,u,img/target_7.png
17,3,441,lattice,3,i,img/target_8.png
17,3,442,lattice,5,b,img/target_6.png
17,3,443,lattice,7,o,img/target_9.png
17,3,444,lattice,6,w,img/target_2.png
17,3,445,lattice,8,p,img/target_10.png
17,3,446,lattice,0,v,img/target_5.png
17,3,447,lattice,8,p,img/target_10.png
17,3,448,lattice,0,v,img/target_5.png
17,3,449,lattice,8,p,img/target_10.png
17,3,450,lattice,7,o,img/target_9.png
17,3,451,lattice,9,r,img/target_4.png
17,3,452,lattice,8,p,img/target_10.png
17,3,453,lattice,0,v,img/target_5.png
17,3,454,lattice,8,p,img/target_10.png
17,3,455,lattice,9,r,img/target_4.png
17,3,456,lattice,8,p,img/target_10.png
17,3,457,lattice,7,o,img/target_9.png
17,3,458,lattice,8,p,img/target_10.png
17,3,459,lattice,9,r,img/target_4.png
17,3,460,lattice,7,o,img/target_9.png
17,3,461,lattice,6,w,img/target_2.png
17,3,462,lattice,4,q,img/target_1.png
17,3,463,lattice,3,i,img/target_8.png
17,3,464,lattice,1,u,img/target_7.png
17,3,465,lattice,3,i,img/target_8.png
17,3,466,lattice,2,e,img/target_3.png
17,3,467,lattice,1,u,img/target_7.png
17,3,468,lattice,3,i,img/target_8.png
17,3,469,lattice,5,b,img/target_6.png
17,3,470,lattice,3,i,img/target_8.png
17,3,471,lattice,2,e,img/target_3.png
17,3,472,lattice,1,u,img/target_7.png
17,3,473,lattice,9,r,img/target_4.png
17,3,474,lattice,7,o,img/target_9.png
17,3,475,lattice,8,p,img/target_10.png
17,3,476,lattice,6,w,img/target_2.png
17,3,477,lattice,4,q,img/target_1.png
17,3,478,lattice,3,i,img/target_8.png
17,3,479,lattice,2,e,img/target_3.png
17,3,480,lattice,0,v,img/target_5.png
17,3,481,lattice,1,u,img/target_7.png
17,3,482,lattice,3,i,img/target_8.png
17,3,483,lattice,5,b,img/target_6.png
17,3,484,lattice,6,w,img/target_2.png
17,3,485,lattice,4,q,img/target_1.png
17,3,486,lattice,2,e,img/target_3.png
17,3,487,lattice,4,q,img/target_1.png
17,3,488,lattice,2,e,img/target_3.png
17,3,489,lattice,1,u,img/target_7.png
17,3,490,lattice,9,r,img/target_4.png
17,3,491,lattice,8,p,img/target_10.png
17,3,492,lattice,6,w,img/target_2.png
17,3,493,lattice,4,q,img/target_1.png
17,3,494,lattice,6,w,img/target_2.png
17,3,495,lattice,7,o,img/target_9.png
17,3,496,lattice,9,r,img/target_4.png
17,3,497,lattice,8,p,img/target_10.png
17,3,498,lattice,6,w,img/target_2.png
17,3,499,lattice,4,q,img/target_1.png
17,3,500,lattice,3,i,img/target_8.png
17,3,501,lattice,2,e,img/target_3.png
17,3,502,lattice,0,v,img/target_5.png
17,3,503,lattice,8,p,img/target_10.png
17,3,504,lattice,6,w,img/target_2.png
17,3,505,lattice,4,q,img/target_1.png
17,3,506,lattice,2,e,img/target_3.png
17,3,507,lattice,1,u,img/target_7.png
17,3,508,lattice,9,r,img/target_4.png
17,3,509,lattice,1,u,img/target_7.png
17,3,510,lattice,3,i,img/target_8.png
17,3,511,lattice,5,b,img/target_6.png
17,3,512,lattice,3,i,img/target_8.png
17,3,513,lattice,1,u,img/target_7.png
17,3,514,lattice,3,i,img/target_8.png
17,3,515,lattice,2,e,img/target_3.png
17,3,516,lattice,4,q,img/target_1.png
17,3,517,lattice,3,i,img/target_8.png
17,3,518,lattice,2,e,img/target_3.png
17,3,519,lattice,3,i,img/target_8.png
17,3,520,lattice,4,q,img/target_1.png
17,3,521,lattice,6,w,img/target_2.png
17,3,522,lattice,8,p,img/target_10.png
17,3,523,lattice,7,o,img/target_9.png
17,3,524,lattice,5,b,img/target_6.png
17,3,525,lattice,7,o,img/target_9.png
17,3,526,lattice,5,b,img/target_6.png
17,3,527,lattice,7,o,img/target_9.png
17,3,528,lattice,9,r,img/target_4.png
17,3,529,lattice,1,u,img/target_7.png
17,3,530,lattice,3,i,img/target_8.png
17,3,531,lattice,5,b,img/target_6.png
17,3,532,lattice,7,o,img/target_9.png
17,3,533,lattice,9,r,img/target_4.png
17,3,534,lattice,1,u,img/target_7.png
17,3,535,lattice,0,v,img/target_5.png
17,3,536,lattice,9,r,img/target_4.png
17,3,537,lattice,1,u,img/target_7.png
17,3,538,lattice,3,i,img/target_8.png
17,3,539,lattice,2,e,img/target_3.png
17,3,540,lattice,0,v,img/target_5.png
17,3,541,lattice,9,r,img/target_4.png
17,3,542,lattice,8,p,img/target_10.png
17,3,543,lattice,7,o,img/target_9.png
17,3,544,lattice,5,b,img/target_6.png
17,3,545,lattice,7,o,img/target_9.png
17,3,546,lattice,9,r,img/target_4.png
17,3,547,lattice,0,v,img/target_5.png
17,3,548,lattice,9,r,img/target_4.png
17,3,549,lattice,7,o,img/target_9.png
17,3,550,lattice,9,r,img/target_4.png
17,3,551,lattice,0,v,img/target_5.png
17,3,552,lattice,8,p,img/target_10.png
17,3,553,lattice,0,v,img/target_5.png
17,3,554,lattice,1,u,img/target_7.png
17,3,555,lattice,3,i,img/target_8.png
17,3,556,lattice,5,b,img/target_6.png
17,3,557,lattice,6,w,img/target_2.png
17,3,558,lattice,4,q,img/target_1.png
17,3,559,lattice,5,b,img/target_6.png
17,3,560,lattice,4,q,img/target_1.png
17,3,561,lattice,5,b,img/target_6.png
17,3,562,lattice,3,i,img/target_8.png
17,3,563,lattice,4,q,img/target_1.png
17,3,564,lattice,6,w,img/target_2.png
17,3,565,lattice,8,p,img/target_10.png
17,3,566,lattice,9,r,img/target_4.png
17,3,567,lattice,0,v,img/target_5.png
17,3,568,lattice,9,r,img/target_4.png
17,3,569,lattice,7,o,img/target_9.png
17,3,570,lattice,8,p,img/target_10.png
17,3,571,lattice,0,v,img/target_5.png
17,3,572,lattice,2,e,img/target_3.png
17,3,573,lattice,1,u,img/target_7.png
17,3,574,lattice,0,v,img/target_5.png
17,3,575,lattice,2,e,img/target_3.png
17,3,576,lattice,4,q,img/target_1.png
17,3,577,lattice,3,i,img/target_8.png
17,3,578,lattice,2,e,img/target_3.png
17,3,579,lattice,0,v,img/target_5.png
17,3,580,lattice,8,p,img/target_10.png
17,3,581,lattice,6,w,img/target_2.png
17,3,582,lattice,5,b,img/target_6.png
17,3,583,lattice,7,o,img/target_9.png
17,3,584,lattice,5,b,img/target_6.png
17,3,585,lattice,4,q,img/target_1.png
17,3,586,lattice,3,i,img/target_8.png
17,3,587,lattice,5,b,img/target_6.png
17,3,588,lattice,3,i,img/target_8.png
17,3,589,lattice,5,b,img/target_6.png
17,3,590,lattice,4,q,img/target_1.png
17,3,591,lattice,5,b,img/target_6.png
17,3,592,lattice,7,o,img/target_9.png
17,3,593,lattice,8,p,img/target_10.png
17,3,594,lattice,6,w,img/target_2.png
17,3,595,lattice,7,o,img/target_9.png
17,3,596,lattice,6,w,img/target_2.png
17,3,597,lattice,7,o,img/target_9.png
17,3,598,lattice,6,w,img/target_2.png
17,3,599,lattice,8,p,img/target_10.png
17,3,600,lattice,9,r,img/target_4.png
17,3,601,lattice,0,v,img/target_5.png
17,3,602,lattice,2,e,img/target_3.png
17,3,603,lattice,1,u,img/target_7.png
17,3,604,lattice,3,i,img/target_8.png
17,3,605,lattice,1,u,img/target_7.png
17,3,606,lattice,9,r,img/target_4.png
17,3,607,lattice,7,o,img/target_9.png
17,3,608,lattice,8,p,img/target_10.png
17,3,609,lattice,9,r,img/target_4.png
17,3,610,lattice,8,p,img/target_10.png
17,3,611,lattice,6,w,img/target_2.png
17,3,612,lattice,4,q,img/target_1.png
17,3,613,lattice,5,b,img/target_6.png
17,3,614,lattice,3,i,img/target_8.png
17,3,615,lattice,5,b,img/target_6.png
17,3,616,lattice,7,o,img/target_9.png
17,3,617,lattice,9,r,img/target_4.png
17,3,618,lattice,1,u,img/target_7.png
17,3,619,lattice,2,e,img/target_3.png
17,3,620,lattice,4,q,img/target_1.png
17,3,621,lattice,2,e,img/target_3.png
17,3,622,lattice,3,i,img/target_8.png
17,3,623,lattice,5,b,img/target_6.png
17,3,624,lattice,7,o,img/target_9.png
17,3,625,lattice,6,w,img/target_2.png
17,3,626,lattice,4,q,img/target_1.png
17,3,627,lattice,2,e,img/target_3.png
17,3,628,lattice,1,u,img/target_7.png
17,3,629,lattice,9,r,img/target_4.png
17,3,630,lattice,0,v,img/target_5.png
17,3,631,lattice,9,r,img/target_4.png
17,3,632,lattice,0,v,img/target_5.png
17,3,633,lattice,1,u,img/target_7.png
17,3,634,lattice,2,e,img/target_3.png
17,3,635,lattice,1,u,img/target_7.png
17,3,636,lattice,0,v,img/target_5.png
17,3,637,lattice,8,p,img/target_10.png
17,3,638,lattice,0,v,img/target_5.png
17,3,639,lattice,1,u,img/target_7.png
17,3,640,lattice,2,e,img/target_3.png
17,3,641,lattice,3,i,img/target_8.png
17,3,642,lattice,1,u,img/target_7.png
17,3,643,lattice,2,e,img/target_3.png
17,3,644,lattice,4,q,img/target_1.png
17,3,645,lattice,2,e,img/target_3.png
17,3,646,lattice,4,q,img/target_1.png
17,3,647,lattice,3,i,img/target_8.png
17,3,648,lattice,2,e,img/target_3.png
17,3,649,lattice,1,u,img/target_7.png
17,3,650,lattice,2,e,img/target_3.png
17,3,651,lattice,0,v,img/target_5.png
17,3,652,lattice,2,e,img/target_3.png
17,3,653,lattice,3,i,img/target_8.png
17,3,654,lattice,2,e,img/target_3.png
17,3,655,lattice,0,v,img/target_5.png
17,3,656,lattice,8,p,img/target_10.png
17,3,657,lattice,7,o,img/target_9.png
17,3,658,lattice,6,w,img/target_2.png
17,3,659,lattice,5,b,img/target_6.png
17,3,660,lattice,7,o,img/target_9.png
17,3,661,lattice,8,p,img/target_10.png
17,3,662,lattice,9,r,img/target_4.png
17,3,663,lattice,8,p,img/target_10.png
17,3,664,lattice,7,o,img/target_9.png
17,3,665,lattice,6,w,img/target_2.png
17,3,666,lattice,8,p,img/target_10.png
17,3,667,lattice,9,r,img/target_4.png
17,3,668,lattice,8,p,img/target_10.png
17,3,669,lattice,0,v,img/target_5.png
17,3,670,lattice,8,p,img/target_10.png
17,3,671,lattice,0,v,img/target_5.png
17,3,672,lattice,9,r,img/target_4.png
17,3,673,lattice,0,v,img/target_5.png
17,3,674,lattice,1,u,img/target_7.png
17,3,675,lattice,2,e,img/target_3.png
17,3,676,lattice,4,q,img/target_1.png
17,3,677,lattice,5,b,img/target_6.png
17,3,678,lattice,7,o,img/target_9.png
17,3,679,lattice,6,w,img/target_2.png
17,3,680,lattice,7,o,img/target_9.png
17,3,681,lattice,6,w,img/target_2.png
17,3,682,lattice,5,b,img/target_6.png
17,3,683,lattice,4,q,img/target_1.png
17,3,684,lattice,6,w,img/target_2.png
17,3,685,lattice,5,b,img/target_6.png
17,3,686,lattice,7,o,img/target_9.png
17,3,687,lattice,5,b,img/target_6.png
17,3,688,lattice,6,w,img/target_2.png
17,3,689,lattice,4,q,img/target_1.png
17,3,690,lattice,3,i,img/target_8.png
17,3,691,lattice,1,u,img/target_7.png
17,3,692,lattice,0,v,img/target_5.png
17,3,693,lattice,1,u,img/target_7.png
17,3,694,lattice,9,r,img/target_4.png
17,3,695,lattice,7,o,img/target_9.png
17,3,696,lattice,5,b,img/target_6.png
17,3,697,lattice,7,o,img/target_9.png
17,3,698,lattice,5,b,img/target_6.png
17,3,699,lattice,4,q,img/target_1.png
17,3,700,lattice,6,w,img/target_2.png
17,3,701,lattice,5,b,img/target_6.png
17,3,702,lattice,6,w,img/target_2.png
17,3,703,lattice,7,o,img/target_9.png
17,3,704,lattice,5,b,img/target_6.png
17,3,705,lattice,3,i,img/target_8.png
17,3,706,lattice,1,u,img/target_7.png
17,3,707,lattice,2,e,img/target_3.png
17,3,708,lattice,1,u,img/target_7.png
17,3,709,lattice,2,e,img/target_3.png
17,3,710,lattice,0,v,img/target_5.png
17,3,711,lattice,9,r,img/target_4.png
17,3,712,lattice,0,v,img/target_5.png
17,3,713,lattice,8,p,img/target_10.png
17,3,714,lattice,9,r,img/target_4.png
17,3,715,lattice,0,v,img/target_5.png
17,3,716,lattice,2,e,img/target_3.png
17,3,717,lattice,0,v,img/target_5.png
17,3,718,lattice,8,p,img/target_10.png
17,3,719,lattice,0,v,img/target_5.png
17,3,720,lattice,9,r,img/target_4.png
17,3,721,lattice,0,v,img/target_5.png
17,3,722,lattice,8,p,img/target_10.png
17,3,723,lattice,7,o,img/target_9.png
17,3,724,lattice,6,w,img/target_2.png
17,3,725,lattice,5,b,img/target_6.png
17,3,726,lattice,7,o,img/target_9.png
17,3,727,lattice,5,b,img/target_6.png
17,3,728,lattice,6,w,img/target_2.png
17,3,729,lattice,4,q,img/target_1.png
17,3,730,lattice,2,e,img/target_3.png
17,3,731,lattice,0,v,img/target_5.png
17,3,732,lattice,1,u,img/target_7.png
17,3,733,lattice,0,v,img/target_5.png
17,3,734,lattice,2,e,img/target_3.png
17,3,735,lattice,0,v,img/target_5.png
17,3,736,lattice,2,e,img/target_3.png
17,3,737,lattice,1,u,img/target_7.png
17,3,738,lattice,9,r,img/target_4.png
17,3,739,lattice,1,u,img/target_7.png
17,3,740,lattice,2,e,img/target_3.png
17,3,741,lattice,0,v,img/target_5.png
17,3,742,lattice,1,u,img/target_7.png
17,3,743,lattice,3,i,img/target_8.png
17,3,744,lattice,1,u,img/target_7.png
17,3,745,lattice,2,e,img/target_3.png
17,3,746,lattice,3,i,img/target_8.png
17,3,747,lattice,1,u,img/target_7.png
17,3,748,lattice,9,r,img/target_4.png
17,3,749,lattice,8,p,img/target_10.png
17,3,750,lattice,6,w,img/target_2.png
17,3,751,lattice,5,b,img/target_6.png
17,3,752,lattice,7,o,img/target_9.png
17,3,753,lattice,5,b,img/target_6.png
17,3,754,lattice,6,w,img/target_2.png
17,3,755,lattice,7,o,img/target_9.png
17,3,756,lattice,6,w,img/target_2.png
17,3,757,lattice,8,p,img/target_10.png
17,3,758,lattice,7,o,img/target_9.png
17,3,759,lattice,9,r,img/target_4.png
17,3,760,lattice,0,v,img/target_5.png
17,3,761,lattice,2,e,img/target_3.png
17,3,762,lattice,1,u,img/target_7.png
17,3,763,lattice,3,i,img/target_8.png
17,3,764,lattice,2,e,img/target_3.png
17,3,765,lattice,4,q,img/target_1.png
17,3,766,lattice,2,e,img/target_3.png
17,3,767,lattice,3,i,img/target_8.png
17,3,768,lattice,2,e,img/target_3.png
17,3,769,lattice,4,q,img/target_1.png
17,3,770,lattice,5,b,img/target_6.png
17,3,771,lattice,3,i,img/target_8.png
17,3,772,lattice,5,b,img/target_6.png
17,3,773,lattice,6,w,img/target_2.png
17,3,774,lattice,7,o,img/target_9.png
17,3,775,lattice,9,r,img/target_4.png
17,3,776,lattice,7,o,img/target_9.png
17,3,777,lattice,8,p,img/target_10.png
17,3,778,lattice,6,w,img/target_2.png
17,3,779,lattice,8,p,img/target_10.png
17,3,780,lattice,7,o,img/target_9.png
17,3,781,lattice,9,r,img/target_4.png
17,3,782,lattice,0,v,img/target_5.png
17,3,783,lattice,2,e,img/target_3.png
17,3,784,lattice,3,i,img/target_8.png
17,3,785,lattice,1,u,img/target_7.png
17,3,786,lattice,3,i,img/target_8.png
17,3,787,lattice,5,b,img/target_6.png
17,3,788,lattice,7,o,img/target_9.png
17,3,789,lattice,9,r,img/target_4.png
17,3,790,lattice,0,v,img/target_5.png
17,3,791,lattice,2,e,img/target_3.png
17,3,792,lattice,1,u,img/target_7.png
17,3,793,lattice,3,i,img/target_8.png
17,3,794,lattice,4,q,img/target_1.png
17,3,795,lattice,6,w,img/target_2.png
17,3,796,lattice,8,p,img/target_10.png
17,3,797,lattice,7,o,img/target_9.png
17,3,798,lattice,9,r,img/target_4.png
17,3,799,lattice,7,o,img/target_9.png
17,3,800,lattice,8,p,img/target_10.png
17,3,801,lattice,0,v,img/target_5.png
17,3,802,lattice,1,u,img/target_7.png
17,3,803,lattice,9,r,img/target_4.png
17,3,804,lattice,7,o,img/target_9.png
17,3,805,lattice,5,b,img/target_6.png
17,3,806,lattice,7,o,img/target_9.png
17,3,807,lattice,5,b,img/target_6.png
17,3,808,lattice,7,o,img/target_9.png
17,3,809,lattice,6,w,img/target_2.png
17,3,810,lattice,7,o,img/target_9.png
17,3,811,lattice,5,b,img/target_6.png
17,3,812,lattice,4,q,img/target_1.png
17,3,813,lattice,5,b,img/target_6.png
17,3,814,lattice,3,i,img/target_8.png
17,3,815,lattice,2,e,img/target_3.png
17,3,816,lattice,0,v,img/target_5.png
17,3,817,lattice,9,r,img/target_4.png
17,3,818,lattice,7,o,img/target_9.png
17,3,819,lattice,5,b,img/target_6.png
17,3,820,lattice,6,w,img/target_2.png
17,3,821,lattice,8,p,img/target_10.png
17,3,822,lattice,6,w,img/target_2.png
17,3,823,lattice,7,o,img/target_9.png
17,3,824,lattice,5,b,img/target_6.png
17,3,825,lattice,3,i,img/target_8.png
17,3,826,lattice,5,b,img/target_6.png
17,3,827,lattice,3,i,img/target_8.png
17,3,828,lattice,5,b,img/target_6.png
17,3,829,lattice,7,o,img/target_9.png
17,3,830,lattice,8,p,img/target_10.png
17,3,831,lattice,6,w,img/target_2.png
17,3,832,lattice,8,p,img/target_10.png
17,3,833,lattice,7,o,img/target_9.png
17,3,834,lattice,9,r,img/target_4.png
17,3,835,lattice,1,u,img/target_7.png
17,3,836,lattice,0,v,img/target_5.png
17,3,837,lattice,2,e,img/target_3.png
17,3,838,lattice,3,i,img/target_8.png
17,3,839,lattice,2,e,img/target_3.png
17,3,840,lattice,4,q,img/target_1.png
17,3,841,lattice,5,b,img/target_6.png
17,3,842,lattice,6,w,img/target_2.png
17,3,843,lattice,5,b,img/target_6.png
17,3,844,lattice,7,o,img/target_9.png
17,3,845,lattice,8,p,img/target_10.png
17,3,846,lattice,6,w,img/target_2.png
17,3,847,lattice,8,p,img/target_10.png
17,3,848,lattice,7,o,img/target_9.png
17,3,849,lattice,9,r,img/target_4.png
17,3,850,lattice,7,o,img/target_9.png
17,3,851,lattice,5,b,img/target_6.png
17,3,852,lattice,4,q,img/target_1.png
17,3,853,lattice,6,w,img/target_2.png
17,3,854,lattice,8,p,img/target_10.png
17,3,855,lattice,9,r,img/target_4.png
17,3,856,lattice,8,p,img/target_10.png
17,3,857,lattice,7,o,img/target_9.png
17,3,858,lattice,5,b,img/target_6.png
17,3,859,lattice,3,i,img/target_8.png
17,3,860,lattice,4,q,img/target_1.png
17,3,861,lattice,6,w,img/target_2.png
17,3,862,lattice,7,o,img/target_9.png
17,3,863,lattice,8,p,img/target_10.png
17,3,864,lattice,7,o,img/target_9.png
17,3,865,lattice,8,p,img/target_10.png
17,3,866,lattice,0,v,img/target_5.png
17,3,867,lattice,9,r,img/target_4.png
17,3,868,lattice,0,v,img/target_5.png
17,3,869,lattice,8,p,img/target_10.png
17,3,870,lattice,9,r,img/target_4.png
17,3,871,lattice,1,u,img/target_7.png
17,3,872,lattice,0,v,img/target_5.png
17,3,873,lattice,1,u,img/target_7.png
17,3,874,lattice,9,r,img/target_4.png
17,3,875,lattice,8,p,img/target_10.png
17,3,876,lattice,9,r,img/target_4.png
17,3,877,lattice,8,p,img/target_10.png
17,3,878,lattice,0,v,img/target_5.png
17,3,879,lattice,1,u,img/target_7.png
17,3,880,lattice,2,e,img/target_3.png
17,3,881,lattice,0,v,img/target_5.png
17,3,882,lattice,2,e,img/target_3.png
17,3,883,lattice,3,i,img/target_8.png
17,3,884,lattice,5,b,img/target_6.png
17,3,885,lattice,4,q,img/target_1.png
17,3,886,lattice,5,b,img/target_6.png
17,3,887,lattice,4,q,img/target_1.png
17,3,888,lattice,3,i,img/target_8.png
17,3,889,lattice,1,u,img/target_7.png
17,3,890,lattice,2,e,img/target_3.png
17,3,891,lattice,3,i,img/target_8.png
17,3,892,lattice,2,e,img/target_3.png
17,3,893,lattice,4,q,img/target_1.png
17,3,894,lattice,5,b,img/target_6.png
17,3,895,lattice,7,o,img/target_9.png
17,3,896,lattice,9,r,img/target_4.png
17,3,897,lattice,1,u,img/target_7.png
17,3,898,lattice,2,e,img/target_3.png
17,3,899,lattice,0,v,img/target_5.png
17,3,900,lattice,1,u,img/target_7.png
17,3,901,lattice,0,v,img/target_5.png
17,3,902,lattice,9,r,img/target_4.png
17,3,903,lattice,7,o,img/target_9.png
17,3,904,lattice,9,r,img/target_4.png
17,3,905,lattice,0,v,img/target_5.png
17,3,906,lattice,1,u,img/target_7.png
17,3,907,lattice,2,e,img/target_3.png
17,3,908,lattice,0,v,img/target_5.png
17,3,909,lattice,2,e,img/target_3.png
17,3,910,lattice,0,v,img/target_5.png
17,3,911,lattice,8,p,img/target_10.png
17,3,912,lattice,9,r,img/target_4.png
17,3,913,lattice,1,u,img/target_7.png
17,3,914,lattice,3,i,img/target_8.png
17,3,915,lattice,5,b,img/target_6.png
17,3,916,lattice,6,w,img/target_2.png
17,3,917,lattice,8,p,img/target_10.png
17,3,918,lattice,6,w,img/target_2.png
17,3,919,lattice,4,q,img/target_1.png
17,3,920,lattice,3,i,img/target_8.png
17,3,921,lattice,4,q,img/target_1.png
17,3,922,lattice,6,w,img/target_2.png
17,3,923,lattice,4,q,img/target_1.png
17,3,924,lattice,2,e,img/target_3.png
17,3,925,lattice,0,v,img/target_5.png
17,3,926,lattice,2,e,img/target_3.png
17,3,927,lattice,3,i,img/target_8.png
17,3,928,lattice,5,b,img/target_6.png
17,3,929,lattice,7,o,img/target_9.png
17,3,930,lattice,5,b,img/target_6.png
17,3,931,lattice,6,w,img/target_2.png
17,3,932,lattice,7,o,img/target_9.png
17,3,933,lattice,5,b,img/target_6.png
17,3,934,lattice,7,o,img/target_9.png
17,3,935,lattice,6,w,img/target_2.png
17,3,936,lattice,5,b,img/target_6.png
17,3,937,lattice,7,o,img/target_9.png
17,3,938,lattice,8,p,img/target_10.png
17,3,939,lattice,7,o,img/target_9.png
17,3,940,lattice,6,w,img/target_2.png
17,3,941,lattice,4,q,img/target_1.png
17,3,942,lattice,5,b,img/target_6.png
17,3,943,lattice,7,o,img/target_9.png
17,3,944,lattice,8,p,img/target_10.png
17,3,945,lattice,9,r,img/target_4.png
17,3,946,lattice,8,p,img/target_10.png
17,3,947,lattice,6,w,img/target_2.png
17,3,948,lattice,8,p,img/target_10.png
17,3,949,lattice,0,v,img/target_5.png
17,3,950,lattice,1,u,img/target_7.png
17,3,951,lattice,2,e,img/target_3.png
17,3,952,lattice,3,i,img/target_8.png
17,3,953,lattice,4,q,img/target_1.png
17,3,954,lattice,2,e,img/target_3.png
17,3,955,lattice,0,v,img/target_5.png
17,3,956,lattice,9,r,img/target_4.png
17,3,957,lattice,7,o,img/target_9.png
17,3,958,lattice,8,p,img/target_10.png
17,3,959,lattice,0,v,img/target_5.png
17,3,960,lattice,2,e,img/target_3.png
17,3,961,lattice,3,i,img/target_8.png
17,3,962,lattice,2,e,img/target_3.png
17,3,963,lattice,1,u,img/target_7.png
17,3,964,lattice,9,r,img/target_4.png
17,3,965,lattice,0,v,img/target_5.png
17,3,966,lattice,1,u,img/target_7.png
17,3,967,lattice,9,r,img/target_4.png
17,3,968,lattice,7,o,img/target_9.png
17,3,969,lattice,5,b,img/target_6.png
17,3,970,lattice,7,o,img/target_9.png
17,3,971,lattice,5,b,img/target_6.png
17,3,972,lattice,6,w,img/target_2.png
17,3,973,lattice,8,p,img/target_10.png
17,3,974,lattice,0,v,img/target_5.png
17,3,975,lattice,8,p,img/target_10.png
17,3,976,lattice,0,v,img/target_5.png
17,3,977,lattice,9,r,img/target_4.png
17,3,978,lattice,7,o,img/target_9.png
17,3,979,lattice,6,w,img/target_2.png
17,3,980,lattice,4,q,img/target_1.png
17,3,981,lattice,3,i,img/target_8.png
17,3,982,lattice,1,u,img/target_7.png
17,3,983,lattice,3,i,img/target_8.png
17,3,984,lattice,2,e,img/target_3.png
17,3,985,lattice,0,v,img/target_5.png
17,3,986,lattice,8,p,img/target_10.png
17,3,987,lattice,0,v,img/target_5.png
17,3,988,lattice,9,r,img/target_4.png
17,3,989,lattice,0,v,img/target_5.png
17,3,990,lattice,2,e,img/target_3.png
17,3,991,lattice,3,i,img/target_8.png
17,3,992,lattice,2,e,img/target_3.png
17,3,993,lattice,1,u,img/target_7.png
17,3,994,lattice,9,r,img/target_4.png
17,3,995,lattice,7,o,img/target_9.png
17,3,996,lattice,5,b,img/target_6.png
17,3,997,lattice,7,o,img/target_9.png
17,3,998,lattice,9,r,img/target_4.png
17,3,999,lattice,7,o,img/target_9.png
17,3,1000,lattice,9,r,img/target_4.png
