pID,sess,trialNum,graph,walk,resp,path
9,1,1,lattice,7,i,img/target_8.png
9,1,2,lattice,9,q,img/target_1.png
9,1,3,lattice,0,w,img/target_2.png
9,1,4,lattice,8,o,img/target_9.png
9,1,5,lattice,6,u,img/target_7.png
9,1,6,lattice,4,b,img/target_6.png
9,1,7,lattice,5,r,img/target_4.png
9,1,8,lattice,4,b,img/target_6.png
9,1,9,lattice,6,u,img/target_7.png
9,1,10,lattice,5,r,img/target_4.png
9,1,11,lattice,3,v,img/target_5.png
9,1,12,lattice,1,p,img/target_10.png
9,1,13,lattice,9,q,img/target_1.png
9,1,14,lattice,0,w,img/target_2.png
9,1,15,lattice,8,o,img/target_9.png
9,1,16,lattice,0,w,img/target_2.png
9,1,17,lattice,1,p,img/target_10.png
9,1,18,lattice,2,e,img/target_3.png
9,1,19,lattice,1,p,img/target_10.png
9,1,20,lattice,2,e,img/target_3.png
9,1,21,lattice,1,p,img/target_10.png
9,1,22,lattice,3,v,img/target_5.png
9,1,23,lattice,2,e,img/target_3.png
9,1,24,lattice,0,w,img/target_2.png
9,1,25,lattice,2,e,img/target_3.png
9,1,26,lattice,4,b,img/target_6.png
9,1,27,lattice,2,e,img/target_3.png
9,1,28,lattice,4,b,img/target_6.png
9,1,29,lattice,5,r,img/target_4.png
9,1,30,lattice,7,i,img/target_8.png
9,1,31,lattice,9,q,img/target_1.png
9,1,32,lattice,1,p,img/target_10.png
9,1,33,lattice,2,e,img/target_3.png
9,1,34,lattice,1,p,img/target_10.png
9,1,35,lattice,3,v,img/target_5.png
9,1,36,lattice,5,r,img/target_4.png
9,1,37,lattice,7,i,img/target_8.png
9,1,38,lattice,6,u,img/target_7.png
9,1,39,lattice,7,i,img/target_8.png
9,1,40,lattice,5,r,img/target_4.png
9,1,41,lattice,3,v,img/target_5.png
9,1,42,lattice,1,p,img/target_10.png
9,1,43,lattice,9,q,img/target_1.png
9,1,44,lattice,8,o,img/target_9.png
9,1,45,lattice,7,i,img/target_8.png
9,1,46,lattice,6,u,img/target_7.png
9,1,47,lattice,8,o,img/target_9.png
9,1,48,lattice,7,i,img/target_8.png
9,1,49,lattice,5,r,img/target_4.png
9,1,50,lattice,3,v,img/target_5.png
9,1,51,lattice,2,e,img/target_3.png
9,1,52,lattice,1,p,img/target_10.png
9,1,53,lattice,2,e,img/target_3.png
9,1,54,lattice,4,b,img/target_6.png
9,1,55,lattice,3,v,img/target_5.png
9,1,56,lattice,2,e,img/target_3.png
9,1,57,lattice,3,v,img/target_5.png
9,1,58,lattice,4,b,img/target_6.png
9,1,59,lattice,3,v,img/target_5.png
9,1,60,lattice,2,e,img/target_3.png
9,1,61,lattice,4,b,img/target_6.png
9,1,62,lattice,3,v,img/target_5.png
9,1,63,lattice,4,b,img/target_6.png
9,1,64,lattice,3,v,img/target_5.png
9,1,65,lattice,4,b,img/target_6.png
9,1,66,lattice,2,e,img/target_3.png
9,1,67,lattice,3,v,img/target_5.png
9,1,68,lattice,1,p,img/target_10.png
9,1,69,lattice,2,e,img/target_3.png
9,1,70,lattice,4,b,img/target_6.png
9,1,71,lattice,3,v,img/target_5.png
9,1,72,lattice,2,e,img/target_3.png
9,1,73,lattice,0,w,img/target_2.png
9,1,74,lattice,2,e,img/target_3.png
9,1,75,lattice,4,b,img/target_6.png
9,1,76,lattice,3,v,img/target_5.png
9,1,77,lattice,5,r,img/target_4.png
9,1,78,lattice,6,u,img/target_7.png
9,1,79,lattice,8,o,img/target_9.png
9,1,80,lattice,9,q,img/target_1.png
9,1,81,lattice,0,w,img/target_2.png
9,1,82,lattice,2,e,img/target_3.png
9,1,83,lattice,0,w,img/target_2.png
9,1,84,lattice,8,o,img/target_9.png
9,1,85,lattice,0,w,img/target_2.png
9,1,86,lattice,2,e,img/target_3.png
9,1,87,lattice,0,w,img/target_2.png
9,1,88,lattice,9,q,img/target_1.png
9,1,89,lattice,0,w,img/target_2.png
9,1,90,lattice,2,e,img/target_3.png
9,1,91,lattice,4,b,img/target_6.png
9,1,92,lattice,5,r,img/target_4.png
9,1,93,lattice,3,v,img/target_5.png
9,1,94,lattice,4,b,img/target_6.png
9,1,95,lattice,5,r,img/target_4.png
9,1,96,lattice,3,v,img/target_5.png
9,1,97,lattice,4,b,img/target_6.png
9,1,98,lattice,6,u,img/target_7.png
9,1,99,lattice,4,b,img/target_6.png
9,1,100,lattice,3,v,img/target_5.png
9,1,101,lattice,1,p,img/target_10.png
9,1,102,lattice,3,v,img/target_5.png
9,1,103,lattice,4,b,img/target_6.png
9,1,104,lattice,2,e,img/target_3.png
9,1,105,lattice,3,v,img/target_5.png
9,1,106,lattice,4,b,img/target_6.png
9,1,107,lattice,3,v,img/target_5.png
9,1,108,lattice,1,p,img/target_10.png
9,1,109,lattice,3,v,img/target_5.png
9,1,110,lattice,4,b,img/target_6.png
9,1,111,lattice,3,v,img/target_5.png
9,1,112,lattice,1,p,img/target_10.png
9,1,113,lattice,0,w,img/target_2.png
9,1,114,lattice,1,p,img/target_10.png
9,1,115,lattice,2,e,img/target_3.png
9,1,116,lattice,4,b,img/target_6.png
9,1,117,lattice,6,u,img/target_7.png
9,1,118,lattice,8,o,img/target_9.png
9,1,119,lattice,9,q,img/target_1.png
9,1,120,lattice,7,i,img/target_8.png
9,1,121,lattice,6,u,img/target_7.png
9,1,122,lattice,8,o,img/target_9.png
9,1,123,lattice,9,q,img/target_1.png
9,1,124,lattice,0,w,img/target_2.png
9,1,125,lattice,2,e,img/target_3.png
9,1,126,lattice,0,w,img/target_2.png
9,1,127,lattice,1,p,img/target_10.png
9,1,128,lattice,3,v,img/target_5.png
9,1,129,lattice,5,r,img/target_4.png
9,1,130,lattice,7,i,img/target_8.png
9,1,131,lattice,6,u,img/target_7.png
9,1,132,lattice,4,b,img/target_6.png
9,1,133,lattice,3,v,img/target_5.png
9,1,134,lattice,4,b,img/target_6.png
9,1,135,lattice,3,v,img/target_5.png
9,1,136,lattice,4,b,img/target_6.png
9,1,137,lattice,5,r,img/target_4.png
9,1,138,lattice,4,b,img/target_6.png
9,1,139,lattice,5,r,img/target_4.png
9,1,140,lattice,6,u,img/target_7.png
9,1,141,lattice,7,i,img/target_8.png
9,1,142,lattice,9,q,img/target_1.png
9,1,143,lattice,8,o,img/target_9.png
9,1,144,lattice,6,u,img/target_7.png
9,1,145,lattice,5,r,img/target_4.png
9,1,146,lattice,7,i,img/target_8.png
9,1,147,lattice,9,q,img/target_1.png
9,1,148,lattice,7,i,img/target_8.png
9,1,149,lattice,6,u,img/target_7.png
9,1,150,lattice,7,i,img/target_8.png
9,1,151,lattice,8,o,img/target_9.png
9,1,152,lattice,9,q,img/target_1.png
9,1,153,lattice,1,p,img/target_10.png
9,1,154,lattice,3,v,img/target_5.png
9,1,155,lattice,4,b,img/target_6.png
9,1,156,lattice,3,v,img/target_5.png
9,1,157,lattice,5,r,img/target_4.png
9,1,158,lattice,3,v,img/target_5.png
9,1,159,lattice,2,e,img/target_3.png
9,1,160,lattice,1,p,img/target_10.png
9,1,161,lattice,0,w,img/target_2.png
9,1,162,lattice,1,p,img/target_10.png
9,1,163,lattice,2,e,img/target_3.png
9,1,164,lattice,0,w,img/target_2.png
9,1,165,lattice,8,o,img/target_9.png
9,1,166,lattice,9,q,img/target_1.png
9,1,167,lattice,1,p,img/target_10.png
9,1,168,lattice,2,e,img/target_3.png
9,1,169,lattice,1,p,img/target_10.png
9,1,170,lattice,9,q,img/target_1.png
9,1,171,lattice,7,i,img/target_8.png
9,1,172,lattice,9,q,img/target_1.png
9,1,173,lattice,8,o,img/target_9.png
9,1,174,lattice,0,w,img/target_2.png
9,1,175,lattice,2,e,img/target_3.png
9,1,176,lattice,1,p,img/target_10.png
9,1,177,lattice,3,v,img/target_5.png
9,1,178,lattice,5,r,img/target_4.png
9,1,179,lattice,4,b,img/target_6.png
9,1,180,lattice,3,v,img/target_5.png
9,1,181,lattice,4,b,img/target_6.png
9,1,182,lattice,6,u,img/target_7.png
9,1,183,lattice,8,o,img/target_9.png
9,1,184,lattice,6,u,img/target_7.png
9,1,185,lattice,4,b,img/target_6.png
9,1,186,lattice,5,r,img/target_4.png
9,1,187,lattice,7,i,img/target_8.png
9,1,188,lattice,8,o,img/target_9.png
9,1,189,lattice,9,q,img/target_1.png
9,1,190,lattice,7,i,img/target_8.png
9,1,191,lattice,8,o,img/target_9.png
9,1,192,lattice,7,i,img/target_8.png
9,1,193,lattice,6,u,img/target_7.png
9,1,194,lattice,7,i,img/target_8.png
9,1,195,lattice,8,o,img/target_9.png
9,1,196,lattice,0,w,img/target_2.png
9,1,197,lattice,8,o,img/target_9.png
9,1,198,lattice,7,i,img/target_8.png
9,1,199,lattice,6,u,img/target_7.png
9,1,200,lattice,8,o,img/target_9.png
9,1,201,lattice,7,i,img/target_8.png
9,1,202,lattice,6,u,img/target_7.png
9,1,203,lattice,4,b,img/target_6.png
9,1,204,lattice,5,r,img/target_4.png
9,1,205,lattice,3,v,img/target_5.png
9,1,206,lattice,1,p,img/target_10.png
9,1,207,lattice,3,v,img/target_5.png
9,1,208,lattice,1,p,img/target_10.png
9,1,209,lattice,9,q,img/target_1.png
9,1,210,lattice,1,p,img/target_10.png
9,1,211,lattice,2,e,img/target_3.png
9,1,212,lattice,4,b,img/target_6.png
9,1,213,lattice,2,e,img/target_3.png
9,1,214,lattice,0,w,img/target_2.png
9,1,215,lattice,8,o,img/target_9.png
9,1,216,lattice,0,w,img/target_2.png
9,1,217,lattice,9,q,img/target_1.png
9,1,218,lattice,1,p,img/target_10.png
9,1,219,lattice,0,w,img/target_2.png
9,1,220,lattice,2,e,img/target_3.png
9,1,221,lattice,4,b,img/target_6.png
9,1,222,lattice,5,r,img/target_4.png
9,1,223,lattice,6,u,img/target_7.png
9,1,224,lattice,4,b,img/target_6.png
9,1,225,lattice,5,r,img/target_4.png
9,1,226,lattice,7,i,img/target_8.png
9,1,227,lattice,8,o,img/target_9.png
9,1,228,lattice,0,w,img/target_2.png
9,1,229,lattice,9,q,img/target_1.png
9,1,230,lattice,8,o,img/target_9.png
9,1,231,lattice,9,q,img/target_1.png
9,1,232,lattice,8,o,img/target_9.png
9,1,233,lattice,9,q,img/target_1.png
9,1,234,lattice,0,w,img/target_2.png
9,1,235,lattice,8,o,img/target_9.png
9,1,236,lattice,0,w,img/target_2.png
9,1,237,lattice,2,e,img/target_3.png
9,1,238,lattice,3,v,img/target_5.png
9,1,239,lattice,1,p,img/target_10.png
9,1,240,lattice,0,w,img/target_2.png
9,1,241,lattice,9,q,img/target_1.png
9,1,242,lattice,0,w,img/target_2.png
9,1,243,lattice,2,e,img/target_3.png
9,1,244,lattice,3,v,img/target_5.png
9,1,245,lattice,5,r,img/target_4.png
9,1,246,lattice,7,i,img/target_8.png
9,1,247,lattice,9,q,img/target_1.png
9,1,248,lattice,1,p,img/target_10.png
9,1,249,lattice,2,e,img/target_3.png
9,1,250,lattice,0,w,img/target_2.png
9,1,251,lattice,8,o,img/target_9.png
9,1,252,lattice,7,i,img/target_8.png
9,1,253,lattice,5,r,img/target_4.png
9,1,254,lattice,3,v,img/target_5.png
9,1,255,lattice,5,r,img/target_4.png
9,1,256,lattice,7,i,img/target_8.png
9,1,257,lattice,6,u,img/target_7.png
9,1,258,lattice,4,b,img/target_6.png
9,1,259,lattice,2,e,img/target_3.png
9,1,260,lattice,1,p,img/target_10.png
9,1,261,lattice,9,q,img/target_1.png
9,1,262,lattice,1,p,img/target_10.png
9,1,263,lattice,0,w,img/target_2.png
9,1,264,lattice,1,p,img/target_10.png
9,1,265,lattice,2,e,img/target_3.png
9,1,266,lattice,4,b,img/target_6.png
9,1,267,lattice,2,e,img/target_3.png
9,1,268,lattice,0,w,img/target_2.png
9,1,269,lattice,2,e,img/target_3.png
9,1,270,lattice,1,p,img/target_10.png
9,1,271,lattice,0,w,img/target_2.png
9,1,272,lattice,1,p,img/target_10.png
9,1,273,lattice,0,w,img/target_2.png
9,1,274,lattice,2,e,img/target_3.png
9,1,275,lattice,4,b,img/target_6.png
9,1,276,lattice,5,r,img/target_4.png
9,1,277,lattice,4,b,img/target_6.png
9,1,278,lattice,2,e,img/target_3.png
9,1,279,lattice,3,v,img/target_5.png
9,1,280,lattice,4,b,img/target_6.png
9,1,281,lattice,3,v,img/target_5.png
9,1,282,lattice,5,r,img/target_4.png
9,1,283,lattice,3,v,img/target_5.png
9,1,284,lattice,2,e,img/target_3.png
9,1,285,lattice,1,p,img/target_10.png
9,1,286,lattice,2,e,img/target_3.png
9,1,287,lattice,4,b,img/target_6.png
9,1,288,lattice,2,e,img/target_3.png
9,1,289,lattice,3,v,img/target_5.png
9,1,290,lattice,5,r,img/target_4.png
9,1,291,lattice,4,b,img/target_6.png
9,1,292,lattice,5,r,img/target_4.png
9,1,293,lattice,3,v,img/target_5.png
9,1,294,lattice,4,b,img/target_6.png
9,1,295,lattice,6,u,img/target_7.png
9,1,296,lattice,4,b,img/target_6.png
9,1,297,lattice,6,u,img/target_7.png
9,1,298,lattice,8,o,img/target_9.png
9,1,299,lattice,0,w,img/target_2.png
9,1,300,lattice,2,e,img/target_3.png
9,1,301,lattice,1,p,img/target_10.png
9,1,302,lattice,2,e,img/target_3.png
9,1,303,lattice,0,w,img/target_2.png
9,1,304,lattice,1,p,img/target_10.png
9,1,305,lattice,0,w,img/target_2.png
9,1,306,lattice,9,q,img/target_1.png
9,1,307,lattice,7,i,img/target_8.png
9,1,308,lattice,8,o,img/target_9.png
9,1,309,lattice,9,q,img/target_1.png
9,1,310,lattice,1,p,img/target_10.png
9,1,311,lattice,2,e,img/target_3.png
9,1,312,lattice,0,w,img/target_2.png
9,1,313,lattice,9,q,img/target_1.png
9,1,314,lattice,7,i,img/target_8.png
9,1,315,lattice,8,o,img/target_9.png
9,1,316,lattice,0,w,img/target_2.png
9,1,317,lattice,9,q,img/target_1.png
9,1,318,lattice,1,p,img/target_10.png
9,1,319,lattice,9,q,img/target_1.png
9,1,320,lattice,8,o,img/target_9.png
9,1,321,lattice,0,w,img/target_2.png
9,1,322,lattice,9,q,img/target_1.png
9,1,323,lattice,8,o,img/target_9.png
9,1,324,lattice,9,q,img/target_1.png
9,1,325,lattice,0,w,img/target_2.png
9,1,326,lattice,8,o,img/target_9.png
9,1,327,lattice,7,i,img/target_8.png
9,1,328,lattice,8,o,img/target_9.png
9,1,329,lattice,7,i,img/target_8.png
9,1,330,lattice,5,r,img/target_4.png
9,1,331,lattice,4,b,img/target_6.png
9,1,332,lattice,3,v,img/target_5.png
9,1,333,lattice,1,p,img/target_10.png
9,1,334,lattice,3,v,img/target_5.png
9,1,335,lattice,4,b,img/target_6.png
9,1,336,lattice,6,u,img/target_7.png
9,1,337,lattice,8,o,img/target_9.png
9,1,338,lattice,7,i,img/target_8.png
9,1,339,lattice,5,r,img/target_4.png
9,1,340,lattice,6,u,img/target_7.png
9,1,341,lattice,7,i,img/target_8.png
9,1,342,lattice,6,u,img/target_7.png
9,1,343,lattice,7,i,img/target_8.png
9,1,344,lattice,9,q,img/target_1.png
9,1,345,lattice,7,i,img/target_8.png
9,1,346,lattice,9,q,img/target_1.png
9,1,347,lattice,8,o,img/target_9.png
9,1,348,lattice,6,u,img/target_7.png
9,1,349,lattice,5,r,img/target_4.png
9,1,350,lattice,4,b,img/target_6.png
9,1,351,lattice,5,r,img/target_4.png
9,1,352,lattice,3,v,img/target_5.png
9,1,353,lattice,5,r,img/target_4.png
9,1,354,lattice,4,b,img/target_6.png
9,1,355,lattice,5,r,img/target_4.png
9,1,356,lattice,7,i,img/target_8.png
9,1,357,lattice,9,q,img/target_1.png
9,1,358,lattice,1,p,img/target_10.png
9,1,359,lattice,3,v,img/target_5.png
9,1,360,lattice,4,b,img/target_6.png
9,1,361,lattice,3,v,img/target_5.png
9,1,362,lattice,4,b,img/target_6.png
9,1,363,lattice,5,r,img/target_4.png
9,1,364,lattice,4,b,img/target_6.png
9,1,365,lattice,3,v,img/target_5.png
9,1,366,lattice,1,p,img/target_10.png
9,1,367,lattice,2,e,img/target_3.png
9,1,368,lattice,0,w,img/target_2.png
9,1,369,lattice,9,q,img/target_1.png
9,1,370,lattice,8,o,img/target_9.png
9,1,371,lattice,9,q,img/target_1.png
9,1,372,lattice,1,p,img/target_10.png
9,1,373,lattice,2,e,img/target_3.png
9,1,374,lattice,1,p,img/target_10.png
9,1,375,lattice,0,w,img/target_2.png
9,1,376,lattice,9,q,img/target_1.png
9,1,377,lattice,7,i,img/target_8.png
9,1,378,lattice,6,u,img/target_7.png
9,1,379,lattice,4,b,img/target_6.png
9,1,380,lattice,2,e,img/target_3.png
9,1,381,lattice,0,w,img/target_2.png
9,1,382,lattice,8,o,img/target_9.png
9,1,383,lattice,9,q,img/target_1.png
9,1,384,lattice,8,o,img/target_9.png
9,1,385,lattice,0,w,img/target_2.png
9,1,386,lattice,1,p,img/target_10.png
9,1,387,lattice,9,q,img/target_1.png
9,1,388,lattice,8,o,img/target_9.png
9,1,389,lattice,9,q,img/target_1.png
9,1,390,lattice,8,o,img/target_9.png
9,1,391,lattice,0,w,img/target_2.png
9,1,392,lattice,2,e,img/target_3.png
9,1,393,lattice,0,w,img/target_2.png
9,1,394,lattice,9,q,img/target_1.png
9,1,395,lattice,0,w,img/target_2.png
9,1,396,lattice,8,o,img/target_9.png
9,1,397,lattice,9,q,img/target_1.png
9,1,398,lattice,0,w,img/target_2.png
9,1,399,lattice,8,o,img/target_9.png
9,1,400,lattice,6,u,img/target_7.png
9,1,401,lattice,7,i,img/target_8.png
9,1,402,lattice,5,r,img/target_4.png
9,1,403,lattice,7,i,img/target_8.png
9,1,404,lattice,6,u,img/target_7.png
9,1,405,lattice,8,o,img/target_9.png
9,1,406,lattice,7,i,img/target_8.png
9,1,407,lattice,9,q,img/target_1.png
9,1,408,lattice,7,i,img/target_8.png
9,1,409,lattice,8,o,img/target_9.png
9,1,410,lattice,9,q,img/target_1.png
9,1,411,lattice,0,w,img/target_2.png
9,1,412,lattice,9,q,img/target_1.png
9,1,413,lattice,1,p,img/target_10.png
9,1,414,lattice,9,q,img/target_1.png
9,1,415,lattice,8,o,img/target_9.png
9,1,416,lattice,9,q,img/target_1.png
9,1,417,lattice,7,i,img/target_8.png
9,1,418,lattice,9,q,img/target_1.png
9,1,419,lattice,8,o,img/target_9.png
9,1,420,lattice,9,q,img/target_1.png
9,1,421,lattice,7,i,img/target_8.png
9,1,422,lattice,6,u,img/target_7.png
9,1,423,lattice,4,b,img/target_6.png
9,1,424,lattice,3,v,img/target_5.png
9,1,425,lattice,1,p,img/target_10.png
9,1,426,lattice,9,q,img/target_1.png
9,1,427,lattice,0,w,img/target_2.png
9,1,428,lattice,9,q,img/target_1.png
9,1,429,lattice,8,o,img/target_9.png
9,1,430,lattice,7,i,img/target_8.png
9,1,431,lattice,5,r,img/target_4.png
9,1,432,lattice,6,u,img/target_7.png
9,1,433,lattice,4,b,img/target_6.png
9,1,434,lattice,2,e,img/target_3.png
9,1,435,lattice,1,p,img/target_10.png
9,1,436,lattice,9,q,img/target_1.png
9,1,437,lattice,1,p,img/target_10.png
9,1,438,lattice,0,w,img/target_2.png
9,1,439,lattice,8,o,img/target_9.png
9,1,440,lattice,9,q,img/target_1.png
9,1,441,lattice,0,w,img/target_2.png
9,1,442,lattice,1,p,img/target_10.png
9,1,443,lattice,3,v,img/target_5.png
9,1,444,lattice,2,e,img/target_3.png
9,1,445,lattice,3,v,img/target_5.png
9,1,446,lattice,4,b,img/target_6.png
9,1,447,lattice,2,e,img/target_3.png
9,1,448,lattice,4,b,img/target_6.png
9,1,449,lattice,3,v,img/target_5.png
9,1,450,lattice,4,b,img/target_6.png
9,1,451,lattice,6,u,img/target_7.png
9,1,452,lattice,5,r,img/target_4.png
9,1,453,lattice,4,b,img/target_6.png
9,1,454,lattice,6,u,img/target_7.png
9,1,455,lattice,4,b,img/target_6.png
9,1,456,lattice,6,u,img/target_7.png
9,1,457,lattice,4,b,img/target_6.png
9,1,458,lattice,6,u,img/target_7.png
9,1,459,lattice,4,b,img/target_6.png
9,1,460,lattice,3,v,img/target_5.png
9,1,461,lattice,5,r,img/target_4.png
9,1,462,lattice,6,u,img/target_7.png
9,1,463,lattice,4,b,img/target_6.png
9,1,464,lattice,5,r,img/target_4.png
9,1,465,lattice,7,i,img/target_8.png
9,1,466,lattice,9,q,img/target_1.png
9,1,467,lattice,1,p,img/target_10.png
9,1,468,lattice,9,q,img/target_1.png
9,1,469,lattice,1,p,img/target_10.png
9,1,470,lattice,0,w,img/target_2.png
9,1,471,lattice,1,p,img/target_10.png
9,1,472,lattice,9,q,img/target_1.png
9,1,473,lattice,1,p,img/target_10.png
9,1,474,lattice,2,e,img/target_3.png
9,1,475,lattice,4,b,img/target_6.png
9,1,476,lattice,3,v,img/target_5.png
9,1,477,lattice,2,e,img/target_3.png
9,1,478,lattice,0,w,img/target_2.png
9,1,479,lattice,1,p,img/target_10.png
9,1,480,lattice,9,q,img/target_1.png
9,1,481,lattice,8,o,img/target_9.png
9,1,482,lattice,7,i,img/target_8.png
9,1,483,lattice,9,q,img/target_1.png
9,1,484,lattice,1,p,img/target_10.png
9,1,485,lattice,0,w,img/target_2.png
9,1,486,lattice,2,e,img/target_3.png
9,1,487,lattice,4,b,img/target_6.png
9,1,488,lattice,3,v,img/target_5.png
9,1,489,lattice,5,r,img/target_4.png
9,1,490,lattice,7,i,img/target_8.png
9,1,491,lattice,5,r,img/target_4.png
9,1,492,lattice,3,v,img/target_5.png
9,1,493,lattice,5,r,img/target_4.png
9,1,494,lattice,7,i,img/target_8.png
9,1,495,lattice,5,r,img/target_4.png
9,1,496,lattice,7,i,img/target_8.png
9,1,497,lattice,9,q,img/target_1.png
9,1,498,lattice,1,p,img/target_10.png
9,1,499,lattice,2,e,img/target_3.png
9,1,500,lattice,3,v,img/target_5.png
9,1,501,lattice,2,e,img/target_3.png
9,1,502,lattice,4,b,img/target_6.png
9,1,503,lattice,3,v,img/target_5.png
9,1,504,lattice,2,e,img/target_3.png
9,1,505,lattice,1,p,img/target_10.png
9,1,506,lattice,9,q,img/target_1.png
9,1,507,lattice,7,i,img/target_8.png
9,1,508,lattice,5,r,img/target_4.png
9,1,509,lattice,3,v,img/target_5.png
9,1,510,lattice,2,e,img/target_3.png
9,1,511,lattice,4,b,img/target_6.png
9,1,512,lattice,2,e,img/target_3.png
9,1,513,lattice,3,v,img/target_5.png
9,1,514,lattice,5,r,img/target_4.png
9,1,515,lattice,6,u,img/target_7.png
9,1,516,lattice,8,o,img/target_9.png
9,1,517,lattice,7,i,img/target_8.png
9,1,518,lattice,5,r,img/target_4.png
9,1,519,lattice,6,u,img/target_7.png
9,1,520,lattice,7,i,img/target_8.png
9,1,521,lattice,8,o,img/target_9.png
9,1,522,lattice,0,w,img/target_2.png
9,1,523,lattice,9,q,img/target_1.png
9,1,524,lattice,0,w,img/target_2.png
9,1,525,lattice,8,o,img/target_9.png
9,1,526,lattice,6,u,img/target_7.png
9,1,527,lattice,4,b,img/target_6.png
9,1,528,lattice,3,v,img/target_5.png
9,1,529,lattice,5,r,img/target_4.png
9,1,530,lattice,7,i,img/target_8.png
9,1,531,lattice,8,o,img/target_9.png
9,1,532,lattice,7,i,img/target_8.png
9,1,533,lattice,9,q,img/target_1.png
9,1,534,lattice,7,i,img/target_8.png
9,1,535,lattice,8,o,img/target_9.png
9,1,536,lattice,6,u,img/target_7.png
9,1,537,lattice,7,i,img/target_8.png
9,1,538,lattice,8,o,img/target_9.png
9,1,539,lattice,6,u,img/target_7.png
9,1,540,lattice,5,r,img/target_4.png
9,1,541,lattice,3,v,img/target_5.png
9,1,542,lattice,5,r,img/target_4.png
9,1,543,lattice,4,b,img/target_6.png
9,1,544,lattice,6,u,img/target_7.png
9,1,545,lattice,5,r,img/target_4.png
9,1,546,lattice,6,u,img/target_7.png
9,1,547,lattice,7,i,img/target_8.png
9,1,548,lattice,5,r,img/target_4.png
9,1,549,lattice,3,v,img/target_5.png
9,1,550,lattice,5,r,img/target_4.png
9,1,551,lattice,6,u,img/target_7.png
9,1,552,lattice,4,b,img/target_6.png
9,1,553,lattice,2,e,img/target_3.png
9,1,554,lattice,1,p,img/target_10.png
9,1,555,lattice,0,w,img/target_2.png
9,1,556,lattice,1,p,img/target_10.png
9,1,557,lattice,2,e,img/target_3.png
9,1,558,lattice,0,w,img/target_2.png
9,1,559,lattice,1,p,img/target_10.png
9,1,560,lattice,0,w,img/target_2.png
9,1,561,lattice,9,q,img/target_1.png
9,1,562,lattice,0,w,img/target_2.png
9,1,563,lattice,2,e,img/target_3.png
9,1,564,lattice,0,w,img/target_2.png
9,1,565,lattice,8,o,img/target_9.png
9,1,566,lattice,6,u,img/target_7.png
9,1,567,lattice,4,b,img/target_6.png
9,1,568,lattice,3,v,img/target_5.png
9,1,569,lattice,1,p,img/target_10.png
9,1,570,lattice,3,v,img/target_5.png
9,1,571,lattice,2,e,img/target_3.png
9,1,572,lattice,3,v,img/target_5.png
9,1,573,lattice,1,p,img/target_10.png
9,1,574,lattice,2,e,img/target_3.png
9,1,575,lattice,1,p,img/target_10.png
9,1,576,lattice,0,w,img/target_2.png
9,1,577,lattice,8,o,img/target_9.png
9,1,578,lattice,9,q,img/target_1.png
9,1,579,lattice,0,w,img/target_2.png
9,1,580,lattice,8,o,img/target_9.png
9,1,581,lattice,6,u,img/target_7.png
9,1,582,lattice,7,i,img/target_8.png
9,1,583,lattice,5,r,img/target_4.png
9,1,584,lattice,4,b,img/target_6.png
9,1,585,lattice,5,r,img/target_4.png
9,1,586,lattice,4,b,img/target_6.png
9,1,587,lattice,5,r,img/target_4.png
9,1,588,lattice,7,i,img/target_8.png
9,1,589,lattice,6,u,img/target_7.png
9,1,590,lattice,5,r,img/target_4.png
9,1,591,lattice,4,b,img/target_6.png
9,1,592,lattice,5,r,img/target_4.png
9,1,593,lattice,3,v,img/target_5.png
9,1,594,lattice,4,b,img/target_6.png
9,1,595,lattice,5,r,img/target_4.png
9,1,596,lattice,7,i,img/target_8.png
9,1,597,lattice,8,o,img/target_9.png
9,1,598,lattice,6,u,img/target_7.png
9,1,599,lattice,4,b,img/target_6.png
9,1,600,lattice,6,u,img/target_7.png
9,1,601,lattice,7,i,img/target_8.png
9,1,602,lattice,8,o,img/target_9.png
9,1,603,lattice,6,u,img/target_7.png
9,1,604,lattice,5,r,img/target_4.png
9,1,605,lattice,6,u,img/target_7.png
9,1,606,lattice,8,o,img/target_9.png
9,1,607,lattice,9,q,img/target_1.png
9,1,608,lattice,0,w,img/target_2.png
9,1,609,lattice,2,e,img/target_3.png
9,1,610,lattice,4,b,img/target_6.png
9,1,611,lattice,5,r,img/target_4.png
9,1,612,lattice,4,b,img/target_6.png
9,1,613,lattice,3,v,img/target_5.png
9,1,614,lattice,2,e,img/target_3.png
9,1,615,lattice,4,b,img/target_6.png
9,1,616,lattice,6,u,img/target_7.png
9,1,617,lattice,8,o,img/target_9.png
9,1,618,lattice,6,u,img/target_7.png
9,1,619,lattice,7,i,img/target_8.png
9,1,620,lattice,8,o,img/target_9.png
9,1,621,lattice,7,i,img/target_8.png
9,1,622,lattice,8,o,img/target_9.png
9,1,623,lattice,0,w,img/target_2.png
9,1,624,lattice,2,e,img/target_3.png
9,1,625,lattice,3,v,img/target_5.png
9,1,626,lattice,1,p,img/target_10.png
9,1,627,lattice,3,v,img/target_5.png
9,1,628,lattice,2,e,img/target_3.png
9,1,629,lattice,4,b,img/target_6.png
9,1,630,lattice,2,e,img/target_3.png
9,1,631,lattice,1,p,img/target_10.png
9,1,632,lattice,0,w,img/target_2.png
9,1,633,lattice,1,p,img/target_10.png
9,1,634,lattice,0,w,img/target_2.png
9,1,635,lattice,2,e,img/target_3.png
9,1,636,lattice,1,p,img/target_10.png
9,1,637,lattice,0,w,img/target_2.png
9,1,638,lattice,8,o,img/target_9.png
9,1,639,lattice,9,q,img/target_1.png
9,1,640,lattice,1,p,img/target_10.png
9,1,641,lattice,0,w,img/target_2.png
9,1,642,lattice,2,e,img/target_3.png
9,1,643,lattice,0,w,img/target_2.png
9,1,644,lattice,1,p,img/target_10.png
9,1,645,lattice,3,v,img/target_5.png
9,1,646,lattice,5,r,img/target_4.png
9,1,647,lattice,3,v,img/target_5.png
9,1,648,lattice,2,e,img/target_3.png
9,1,649,lattice,1,p,img/target_10.png
9,1,650,lattice,3,v,img/target_5.png
9,1,651,lattice,4,b,img/target_6.png
9,1,652,lattice,3,v,img/target_5.png
9,1,653,lattice,1,p,img/target_10.png
9,1,654,lattice,9,q,img/target_1.png
9,1,655,lattice,0,w,img/target_2.png
9,1,656,lattice,2,e,img/target_3.png
9,1,657,lattice,0,w,img/target_2.png
9,1,658,lattice,2,e,img/target_3.png
9,1,659,lattice,1,p,img/target_10.png
9,1,660,lattice,9,q,img/target_1.png
9,1,661,lattice,1,p,img/target_10.png
9,1,662,lattice,3,v,img/target_5.png
9,1,663,lattice,5,r,img/target_4.png
9,1,664,lattice,7,i,img/target_8.png
9,1,665,lattice,5,r,img/target_4.png
9,1,666,lattice,3,v,img/target_5.png
9,1,667,lattice,2,e,img/target_3.png
9,1,668,lattice,1,p,img/target_10.png
9,1,669,lattice,9,q,img/target_1.png
9,1,670,lattice,7,i,img/target_8.png
9,1,671,lattice,6,u,img/target_7.png
9,1,672,lattice,4,b,img/target_6.png
9,1,673,lattice,6,u,img/target_7.png
9,1,674,lattice,5,r,img/target_4.png
9,1,675,lattice,7,i,img/target_8.png
9,1,676,lattice,5,r,img/target_4.png
9,1,677,lattice,3,v,img/target_5.png
9,1,678,lattice,4,b,img/target_6.png
9,1,679,lattice,3,v,img/target_5.png
9,1,680,lattice,2,e,img/target_3.png
9,1,681,lattice,4,b,img/target_6.png
9,1,682,lattice,6,u,img/target_7.png
9,1,683,lattice,5,r,img/target_4.png
9,1,684,lattice,3,v,img/target_5.png
9,1,685,lattice,1,p,img/target_10.png
9,1,686,lattice,0,w,img/target_2.png
9,1,687,lattice,1,p,img/target_10.png
9,1,688,lattice,0,w,img/target_2.png
9,1,689,lattice,1,p,img/target_10.png
9,1,690,lattice,9,q,img/target_1.png
9,1,691,lattice,0,w,img/target_2.png
9,1,692,lattice,1,p,img/target_10.png
9,1,693,lattice,2,e,img/target_3.png
9,1,694,lattice,4,b,img/target_6.png
9,1,695,lattice,3,v,img/target_5.png
9,1,696,lattice,1,p,img/target_10.png
9,1,697,lattice,2,e,img/target_3.png
9,1,698,lattice,1,p,img/target_10.png
9,1,699,lattice,3,v,img/target_5.png
9,1,700,lattice,5,r,img/target_4.png
9,1,701,lattice,7,i,img/target_8.png
9,1,702,lattice,9,q,img/target_1.png
9,1,703,lattice,0,w,img/target_2.png
9,1,704,lattice,9,q,img/target_1.png
9,1,705,lattice,0,w,img/target_2.png
9,1,706,lattice,8,o,img/target_9.png
9,1,707,lattice,6,u,img/target_7.png
9,1,708,lattice,7,i,img/target_8.png
9,1,709,lattice,9,q,img/target_1.png
9,1,710,lattice,7,i,img/target_8.png
9,1,711,lattice,8,o,img/target_9.png
9,1,712,lattice,9,q,img/target_1.png
9,1,713,lattice,0,w,img/target_2.png
9,1,714,lattice,1,p,img/target_10.png
9,1,715,lattice,2,e,img/target_3.png
9,1,716,lattice,3,v,img/target_5.png
9,1,717,lattice,2,e,img/target_3.png
9,1,718,lattice,0,w,img/target_2.png
9,1,719,lattice,9,q,img/target_1.png
9,1,720,lattice,8,o,img/target_9.png
9,1,721,lattice,0,w,img/target_2.png
9,1,722,lattice,9,q,img/target_1.png
9,1,723,lattice,7,i,img/target_8.png
9,1,724,lattice,9,q,img/target_1.png
9,1,725,lattice,8,o,img/target_9.png
9,1,726,lattice,7,i,img/target_8.png
9,1,727,lattice,8,o,img/target_9.png
9,1,728,lattice,0,w,img/target_2.png
9,1,729,lattice,2,e,img/target_3.png
9,1,730,lattice,4,b,img/target_6.png
9,1,731,lattice,6,u,img/target_7.png
9,1,732,lattice,7,i,img/target_8.png
9,1,733,lattice,6,u,img/target_7.png
9,1,734,lattice,8,o,img/target_9.png
9,1,735,lattice,7,i,img/target_8.png
9,1,736,lattice,5,r,img/target_4.png
9,1,737,lattice,6,u,img/target_7.png
9,1,738,lattice,4,b,img/target_6.png
9,1,739,lattice,2,e,img/target_3.png
9,1,740,lattice,1,p,img/target_10.png
9,1,741,lattice,3,v,img/target_5.png
9,1,742,lattice,4,b,img/target_6.png
9,1,743,lattice,3,v,img/target_5.png
9,1,744,lattice,2,e,img/target_3.png
9,1,745,lattice,3,v,img/target_5.png
9,1,746,lattice,1,p,img/target_10.png
9,1,747,lattice,0,w,img/target_2.png
9,1,748,lattice,8,o,img/target_9.png
9,1,749,lattice,9,q,img/target_1.png
9,1,750,lattice,8,o,img/target_9.png
9,1,751,lattice,9,q,img/target_1.png
9,1,752,lattice,7,i,img/target_8.png
9,1,753,lattice,6,u,img/target_7.png
9,1,754,lattice,8,o,img/target_9.png
9,1,755,lattice,9,q,img/target_1.png
9,1,756,lattice,7,i,img/target_8.png
9,1,757,lattice,8,o,img/target_9.png
9,1,758,lattice,6,u,img/target_7.png
9,1,759,lattice,7,i,img/target_8.png
9,1,760,lattice,5,r,img/target_4.png
9,1,761,lattice,7,i,img/target_8.png
9,1,762,lattice,8,o,img/target_9.png
9,1,763,lattice,6,u,img/target_7.png
9,1,764,lattice,7,i,img/target_8.png
9,1,765,lattice,9,q,img/target_1.png
9,1,766,lattice,0,w,img/target_2.png
9,1,767,lattice,9,q,img/target_1.png
9,1,768,lattice,0,w,img/target_2.png
9,1,769,lattice,8,o,img/target_9.png
9,1,770,lattice,9,q,img/target_1.png
9,1,771,lattice,7,i,img/target_8.png
9,1,772,lattice,9,q,img/target_1.png
9,1,773,lattice,0,w,img/target_2.png
9,1,774,lattice,8,o,img/target_9.png
9,1,775,lattice,7,i,img/target_8.png
9,1,776,lattice,5,r,img/target_4.png
9,1,777,lattice,4,b,img/target_6.png
9,1,778,lattice,3,v,img/target_5.png
9,1,779,lattice,4,b,img/target_6.png
9,1,780,lattice,2,e,img/target_3.png
9,1,781,lattice,1,p,img/target_10.png
9,1,782,lattice,9,q,img/target_1.png
9,1,783,lattice,7,i,img/target_8.png
9,1,784,lattice,5,r,img/target_4.png
9,1,785,lattice,3,v,img/target_5.png
9,1,786,lattice,5,r,img/target_4.png
9,1,787,lattice,3,v,img/target_5.png
9,1,788,lattice,4,b,img/target_6.png
9,1,789,lattice,6,u,img/target_7.png
9,1,790,lattice,4,b,img/target_6.png
9,1,791,lattice,2,e,img/target_3.png
9,1,792,lattice,1,p,img/target_10.png
9,1,793,lattice,3,v,img/target_5.png
9,1,794,lattice,2,e,img/target_3.png
9,1,795,lattice,4,b,img/target_6.png
9,1,796,lattice,2,e,img/target_3.png
9,1,797,lattice,4,b,img/target_6.png
9,1,798,lattice,3,v,img/target_5.png
9,1,799,lattice,1,p,img/target_10.png
9,1,800,lattice,0,w,img/target_2.png
9,1,801,lattice,2,e,img/target_3.png
9,1,802,lattice,1,p,img/target_10.png
9,1,803,lattice,0,w,img/target_2.png
9,1,804,lattice,9,q,img/target_1.png
9,1,805,lattice,0,w,img/target_2.png
9,1,806,lattice,8,o,img/target_9.png
9,1,807,lattice,9,q,img/target_1.png
9,1,808,lattice,7,i,img/target_8.png
9,1,809,lattice,9,q,img/target_1.png
9,1,810,lattice,7,i,img/target_8.png
9,1,811,lattice,9,q,img/target_1.png
9,1,812,lattice,1,p,img/target_10.png
9,1,813,lattice,2,e,img/target_3.png
9,1,814,lattice,1,p,img/target_10.png
9,1,815,lattice,0,w,img/target_2.png
9,1,816,lattice,2,e,img/target_3.png
9,1,817,lattice,1,p,img/target_10.png
9,1,818,lattice,3,v,img/target_5.png
9,1,819,lattice,2,e,img/target_3.png
9,1,820,lattice,4,b,img/target_6.png
9,1,821,lattice,2,e,img/target_3.png
9,1,822,lattice,0,w,img/target_2.png
9,1,823,lattice,8,o,img/target_9.png
9,1,824,lattice,0,w,img/target_2.png
9,1,825,lattice,8,o,img/target_9.png
9,1,826,lattice,7,i,img/target_8.png
9,1,827,lattice,6,u,img/target_7.png
9,1,828,lattice,8,o,img/target_9.png
9,1,829,lattice,6,u,img/target_7.png
9,1,830,lattice,7,i,img/target_8.png
9,1,831,lattice,9,q,img/target_1.png
9,1,832,lattice,7,i,img/target_8.png
9,1,833,lattice,8,o,img/target_9.png
9,1,834,lattice,0,w,img/target_2.png
9,1,835,lattice,9,q,img/target_1.png
9,1,836,lattice,7,i,img/target_8.png
9,1,837,lattice,9,q,img/target_1.png
9,1,838,lattice,8,o,img/target_9.png
9,1,839,lattice,9,q,img/target_1.png
9,1,840,lattice,0,w,img/target_2.png
9,1,841,lattice,1,p,img/target_10.png
9,1,842,lattice,2,e,img/target_3.png
9,1,843,lattice,0,w,img/target_2.png
9,1,844,lattice,8,o,img/target_9.png
9,1,845,lattice,7,i,img/target_8.png
9,1,846,lattice,9,q,img/target_1.png
9,1,847,lattice,1,p,img/target_10.png
9,1,848,lattice,3,v,img/target_5.png
9,1,849,lattice,1,p,img/target_10.png
9,1,850,lattice,0,w,img/target_2.png
9,1,851,lattice,8,o,img/target_9.png
9,1,852,lattice,6,u,img/target_7.png
9,1,853,lattice,7,i,img/target_8.png
9,1,854,lattice,5,r,img/target_4.png
9,1,855,lattice,3,v,img/target_5.png
9,1,856,lattice,2,e,img/target_3.png
9,1,857,lattice,4,b,img/target_6.png
9,1,858,lattice,2,e,img/target_3.png
9,1,859,lattice,4,b,img/target_6.png
9,1,860,lattice,6,u,img/target_7.png
9,1,861,lattice,5,r,img/target_4.png
9,1,862,lattice,4,b,img/target_6.png
9,1,863,lattice,6,u,img/target_7.png
9,1,864,lattice,4,b,img/target_6.png
9,1,865,lattice,3,v,img/target_5.png
9,1,866,lattice,1,p,img/target_10.png
9,1,867,lattice,2,e,img/target_3.png
9,1,868,lattice,0,w,img/target_2.png
9,1,869,lattice,2,e,img/target_3.png
9,1,870,lattice,1,p,img/target_10.png
9,1,871,lattice,9,q,img/target_1.png
9,1,872,lattice,8,o,img/target_9.png
9,1,873,lattice,6,u,img/target_7.png
9,1,874,lattice,7,i,img/target_8.png
9,1,875,lattice,8,o,img/target_9.png
9,1,876,lattice,9,q,img/target_1.png
9,1,877,lattice,0,w,img/target_2.png
9,1,878,lattice,1,p,img/target_10.png
9,1,879,lattice,2,e,img/target_3.png
9,1,880,lattice,0,w,img/target_2.png
9,1,881,lattice,9,q,img/target_1.png
9,1,882,lattice,1,p,img/target_10.png
9,1,883,lattice,9,q,img/target_1.png
9,1,884,lattice,8,o,img/target_9.png
9,1,885,lattice,0,w,img/target_2.png
9,1,886,lattice,1,p,img/target_10.png
9,1,887,lattice,3,v,img/target_5.png
9,1,888,lattice,5,r,img/target_4.png
9,1,889,lattice,4,b,img/target_6.png
9,1,890,lattice,6,u,img/target_7.png
9,1,891,lattice,5,r,img/target_4.png
9,1,892,lattice,4,b,img/target_6.png
9,1,893,lattice,5,r,img/target_4.png
9,1,894,lattice,6,u,img/target_7.png
9,1,895,lattice,7,i,img/target_8.png
9,1,896,lattice,8,o,img/target_9.png
9,1,897,lattice,6,u,img/target_7.png
9,1,898,lattice,4,b,img/target_6.png
9,1,899,lattice,3,v,img/target_5.png
9,1,900,lattice,1,p,img/target_10.png
9,1,901,lattice,0,w,img/target_2.png
9,1,902,lattice,2,e,img/target_3.png
9,1,903,lattice,1,p,img/target_10.png
9,1,904,lattice,2,e,img/target_3.png
9,1,905,lattice,3,v,img/target_5.png
9,1,906,lattice,2,e,img/target_3.png
9,1,907,lattice,1,p,img/target_10.png
9,1,908,lattice,9,q,img/target_1.png
9,1,909,lattice,0,w,img/target_2.png
9,1,910,lattice,8,o,img/target_9.png
9,1,911,lattice,0,w,img/target_2.png
9,1,912,lattice,2,e,img/target_3.png
9,1,913,lattice,4,b,img/target_6.png
9,1,914,lattice,5,r,img/target_4.png
9,1,915,lattice,3,v,img/target_5.png
9,1,916,lattice,2,e,img/target_3.png
9,1,917,lattice,3,v,img/target_5.png
9,1,918,lattice,5,r,img/target_4.png
9,1,919,lattice,6,u,img/target_7.png
9,1,920,lattice,7,i,img/target_8.png
9,1,921,lattice,5,r,img/target_4.png
9,1,922,lattice,6,u,img/target_7.png
9,1,923,lattice,4,b,img/target_6.png
9,1,924,lattice,6,u,img/target_7.png
9,1,925,lattice,5,r,img/target_4.png
9,1,926,lattice,4,b,img/target_6.png
9,1,927,lattice,5,r,img/target_4.png
9,1,928,lattice,4,b,img/target_6.png
9,1,929,lattice,3,v,img/target_5.png
9,1,930,lattice,1,p,img/target_10.png
9,1,931,lattice,3,v,img/target_5.png
9,1,932,lattice,2,e,img/target_3.png
9,1,933,lattice,4,b,img/target_6.png
9,1,934,lattice,6,u,img/target_7.png
9,1,935,lattice,4,b,img/target_6.png
9,1,936,lattice,5,r,img/target_4.png
9,1,937,lattice,6,u,img/target_7.png
9,1,938,lattice,4,b,img/target_6.png
9,1,939,lattice,2,e,img/target_3.png
9,1,940,lattice,1,p,img/target_10.png
9,1,941,lattice,9,q,img/target_1.png
9,1,942,lattice,7,i,img/target_8.png
9,1,943,lattice,5,r,img/target_4.png
9,1,944,lattice,3,v,img/target_5.png
9,1,945,lattice,1,p,img/target_10.png
9,1,946,lattice,2,e,img/target_3.png
9,1,947,lattice,0,w,img/target_2.png
9,1,948,lattice,1,p,img/target_10.png
9,1,949,lattice,2,e,img/target_3.png
9,1,950,lattice,3,v,img/target_5.png
9,1,951,lattice,4,b,img/target_6.png
9,1,952,lattice,2,e,img/target_3.png
9,1,953,lattice,0,w,img/target_2.png
9,1,954,lattice,9,q,img/target_1.png
9,1,955,lattice,1,p,img/target_10.png
9,1,956,lattice,0,w,img/target_2.png
9,1,957,lattice,9,q,img/target_1.png
9,1,958,lattice,1,p,img/target_10.png
9,1,959,lattice,2,e,img/target_3.png
9,1,960,lattice,1,p,img/target_10.png
9,1,961,lattice,0,w,img/target_2.png
9,1,962,lattice,8,o,img/target_9.png
9,1,963,lattice,6,u,img/target_7.png
9,1,964,lattice,8,o,img/target_9.png
9,1,965,lattice,6,u,img/target_7.png
9,1,966,lattice,5,r,img/target_4.png
9,1,967,lattice,6,u,img/target_7.png
9,1,968,lattice,5,r,img/target_4.png
9,1,969,lattice,7,i,img/target_8.png
9,1,970,lattice,5,r,img/target_4.png
9,1,971,lattice,3,v,img/target_5.png
9,1,972,lattice,4,b,img/target_6.png
9,1,973,lattice,5,r,img/target_4.png
9,1,974,lattice,6,u,img/target_7.png
9,1,975,lattice,5,r,img/target_4.png
9,1,976,lattice,6,u,img/target_7.png
9,1,977,lattice,5,r,img/target_4.png
9,1,978,lattice,7,i,img/target_8.png
9,1,979,lattice,8,o,img/target_9.png
9,1,980,lattice,7,i,img/target_8.png
9,1,981,lattice,9,q,img/target_1.png
9,1,982,lattice,8,o,img/target_9.png
9,1,983,lattice,9,q,img/target_1.png
9,1,984,lattice,7,i,img/target_8.png
9,1,985,lattice,8,o,img/target_9.png
9,1,986,lattice,9,q,img/target_1.png
9,1,987,lattice,1,p,img/target_10.png
9,1,988,lattice,2,e,img/target_3.png
9,1,989,lattice,0,w,img/target_2.png
9,1,990,lattice,8,o,img/target_9.png
9,1,991,lattice,7,i,img/target_8.png
9,1,992,lattice,5,r,img/target_4.png
9,1,993,lattice,4,b,img/target_6.png
9,1,994,lattice,6,u,img/target_7.png
9,1,995,lattice,5,r,img/target_4.png
9,1,996,lattice,7,i,img/target_8.png
9,1,997,lattice,6,u,img/target_7.png
9,1,998,lattice,5,r,img/target_4.png
9,1,999,lattice,3,v,img/target_5.png
9,1,1000,lattice,5,r,img/target_4.png
