pID,trialNum,graph,walk,resp,path
24,1,modular,4,i,img/target_8.png
24,2,modular,1,b,img/target_6.png
24,3,modular,3,q,img/target_1.png
24,4,modular,1,b,img/target_6.png
24,5,modular,2,r,img/target_4.png
24,6,modular,4,i,img/target_8.png
24,7,modular,3,q,img/target_1.png
24,8,modular,2,r,img/target_4.png
24,9,modular,4,i,img/target_8.png
24,10,modular,2,r,img/target_4.png
24,11,modular,1,b,img/target_6.png
24,12,modular,2,r,img/target_4.png
24,13,modular,0,e,img/target_3.png
24,14,modular,9,w,img/target_2.png
24,15,modular,7,p,img/target_10.png
24,16,modular,5,v,img/target_5.png
24,17,modular,7,p,img/target_10.png
24,18,modular,5,v,img/target_5.png
24,19,modular,7,p,img/target_10.png
24,20,modular,5,v,img/target_5.png
24,21,modular,8,u,img/target_7.png
24,22,modular,6,o,img/target_9.png
24,23,modular,9,w,img/target_2.png
24,24,modular,7,p,img/target_10.png
24,25,modular,5,v,img/target_5.png
24,26,modular,8,u,img/target_7.png
24,27,modular,9,w,img/target_2.png
24,28,modular,0,e,img/target_3.png
24,29,modular,3,q,img/target_1.png
24,30,modular,0,e,img/target_3.png
24,31,modular,3,q,img/target_1.png
24,32,modular,0,e,img/target_3.png
24,33,modular,2,r,img/target_4.png
24,34,modular,1,b,img/target_6.png
24,35,modular,0,e,img/target_3.png
24,36,modular,2,r,img/target_4.png
24,37,modular,4,i,img/target_8.png
24,38,modular,3,q,img/target_1.png
24,39,modular,1,b,img/target_6.png
24,40,modular,2,r,img/target_4.png
24,41,modular,0,e,img/target_3.png
24,42,modular,2,r,img/target_4.png
24,43,modular,3,q,img/target_1.png
24,44,modular,1,b,img/target_6.png
24,45,modular,4,i,img/target_8.png
24,46,modular,3,q,img/target_1.png
24,47,modular,1,b,img/target_6.png
24,48,modular,2,r,img/target_4.png
24,49,modular,0,e,img/target_3.png
24,50,modular,2,r,img/target_4.png
24,51,modular,4,i,img/target_8.png
24,52,modular,1,b,img/target_6.png
24,53,modular,4,i,img/target_8.png
24,54,modular,1,b,img/target_6.png
24,55,modular,3,q,img/target_1.png
24,56,modular,2,r,img/target_4.png
24,57,modular,1,b,img/target_6.png
24,58,modular,3,q,img/target_1.png
24,59,modular,1,b,img/target_6.png
24,60,modular,4,i,img/target_8.png
24,61,modular,5,v,img/target_5.png
24,62,modular,4,i,img/target_8.png
24,63,modular,5,v,img/target_5.png
24,64,modular,6,o,img/target_9.png
24,65,modular,9,w,img/target_2.png
24,66,modular,0,e,img/target_3.png
24,67,modular,2,r,img/target_4.png
24,68,modular,1,b,img/target_6.png
24,69,modular,4,i,img/target_8.png
24,70,modular,2,r,img/target_4.png
24,71,modular,3,q,img/target_1.png
24,72,modular,1,b,img/target_6.png
24,73,modular,2,r,img/target_4.png
24,74,modular,4,i,img/target_8.png
24,75,modular,2,r,img/target_4.png
24,76,modular,0,e,img/target_3.png
24,77,modular,9,w,img/target_2.png
24,78,modular,7,p,img/target_10.png
24,79,modular,8,u,img/target_7.png
24,80,modular,5,v,img/target_5.png
24,81,modular,4,i,img/target_8.png
24,82,modular,2,r,img/target_4.png
24,83,modular,4,i,img/target_8.png
24,84,modular,1,b,img/target_6.png
24,85,modular,2,r,img/target_4.png
24,86,modular,1,b,img/target_6.png
24,87,modular,2,r,img/target_4.png
24,88,modular,1,b,img/target_6.png
24,89,modular,0,e,img/target_3.png
24,90,modular,9,w,img/target_2.png
24,91,modular,8,u,img/target_7.png
24,92,modular,5,v,img/target_5.png
24,93,modular,7,p,img/target_10.png
24,94,modular,5,v,img/target_5.png
24,95,modular,6,o,img/target_9.png
24,96,modular,7,p,img/target_10.png
24,97,modular,6,o,img/target_9.png
24,98,modular,8,u,img/target_7.png
24,99,modular,7,p,img/target_10.png
24,100,modular,6,o,img/target_9.png
24,101,modular,9,w,img/target_2.png
24,102,modular,0,e,img/target_3.png
24,103,modular,3,q,img/target_1.png
24,104,modular,0,e,img/target_3.png
24,105,modular,3,q,img/target_1.png
24,106,modular,4,i,img/target_8.png
24,107,modular,2,r,img/target_4.png
24,108,modular,3,q,img/target_1.png
24,109,modular,4,i,img/target_8.png
24,110,modular,1,b,img/target_6.png
24,111,modular,3,q,img/target_1.png
24,112,modular,2,r,img/target_4.png
24,113,modular,0,e,img/target_3.png
24,114,modular,3,q,img/target_1.png
24,115,modular,2,r,img/target_4.png
24,116,modular,1,b,img/target_6.png
24,117,modular,3,q,img/target_1.png
24,118,modular,2,r,img/target_4.png
24,119,modular,3,q,img/target_1.png
24,120,modular,0,e,img/target_3.png
24,121,modular,2,r,img/target_4.png
24,122,modular,3,q,img/target_1.png
24,123,modular,2,r,img/target_4.png
24,124,modular,0,e,img/target_3.png
24,125,modular,1,b,img/target_6.png
24,126,modular,3,q,img/target_1.png
24,127,modular,1,b,img/target_6.png
24,128,modular,3,q,img/target_1.png
24,129,modular,2,r,img/target_4.png
24,130,modular,1,b,img/target_6.png
24,131,modular,2,r,img/target_4.png
24,132,modular,0,e,img/target_3.png
24,133,modular,9,w,img/target_2.png
24,134,modular,8,u,img/target_7.png
24,135,modular,7,p,img/target_10.png
24,136,modular,5,v,img/target_5.png
24,137,modular,7,p,img/target_10.png
24,138,modular,6,o,img/target_9.png
24,139,modular,5,v,img/target_5.png
24,140,modular,4,i,img/target_8.png
24,141,modular,3,q,img/target_1.png
24,142,modular,0,e,img/target_3.png
24,143,modular,3,q,img/target_1.png
24,144,modular,1,b,img/target_6.png
24,145,modular,3,q,img/target_1.png
24,146,modular,4,i,img/target_8.png
24,147,modular,3,q,img/target_1.png
24,148,modular,4,i,img/target_8.png
24,149,modular,5,v,img/target_5.png
24,150,modular,4,i,img/target_8.png
24,151,modular,2,r,img/target_4.png
24,152,modular,4,i,img/target_8.png
24,153,modular,1,b,img/target_6.png
24,154,modular,4,i,img/target_8.png
24,155,modular,1,b,img/target_6.png
24,156,modular,2,r,img/target_4.png
24,157,modular,4,i,img/target_8.png
24,158,modular,1,b,img/target_6.png
24,159,modular,2,r,img/target_4.png
24,160,modular,3,q,img/target_1.png
24,161,modular,0,e,img/target_3.png
24,162,modular,1,b,img/target_6.png
24,163,modular,3,q,img/target_1.png
24,164,modular,2,r,img/target_4.png
24,165,modular,3,q,img/target_1.png
24,166,modular,1,b,img/target_6.png
24,167,modular,3,q,img/target_1.png
24,168,modular,1,b,img/target_6.png
24,169,modular,2,r,img/target_4.png
24,170,modular,3,q,img/target_1.png
24,171,modular,4,i,img/target_8.png
24,172,modular,1,b,img/target_6.png
24,173,modular,4,i,img/target_8.png
24,174,modular,2,r,img/target_4.png
24,175,modular,3,q,img/target_1.png
24,176,modular,2,r,img/target_4.png
24,177,modular,0,e,img/target_3.png
24,178,modular,9,w,img/target_2.png
24,179,modular,0,e,img/target_3.png
24,180,modular,2,r,img/target_4.png
24,181,modular,0,e,img/target_3.png
24,182,modular,2,r,img/target_4.png
24,183,modular,1,b,img/target_6.png
24,184,modular,3,q,img/target_1.png
24,185,modular,0,e,img/target_3.png
24,186,modular,1,b,img/target_6.png
24,187,modular,2,r,img/target_4.png
24,188,modular,0,e,img/target_3.png
24,189,modular,9,w,img/target_2.png
24,190,modular,6,o,img/target_9.png
24,191,modular,9,w,img/target_2.png
24,192,modular,8,u,img/target_7.png
24,193,modular,9,w,img/target_2.png
24,194,modular,8,u,img/target_7.png
24,195,modular,9,w,img/target_2.png
24,196,modular,7,p,img/target_10.png
24,197,modular,8,u,img/target_7.png
24,198,modular,5,v,img/target_5.png
24,199,modular,6,o,img/target_9.png
24,200,modular,7,p,img/target_10.png
24,201,modular,9,w,img/target_2.png
24,202,modular,0,e,img/target_3.png
24,203,modular,1,b,img/target_6.png
24,204,modular,3,q,img/target_1.png
24,205,modular,2,r,img/target_4.png
24,206,modular,0,e,img/target_3.png
24,207,modular,9,w,img/target_2.png
24,208,modular,6,o,img/target_9.png
24,209,modular,7,p,img/target_10.png
24,210,modular,9,w,img/target_2.png
24,211,modular,7,p,img/target_10.png
24,212,modular,5,v,img/target_5.png
24,213,modular,7,p,img/target_10.png
24,214,modular,8,u,img/target_7.png
24,215,modular,9,w,img/target_2.png
24,216,modular,0,e,img/target_3.png
24,217,modular,1,b,img/target_6.png
24,218,modular,3,q,img/target_1.png
24,219,modular,1,b,img/target_6.png
24,220,modular,4,i,img/target_8.png
24,221,modular,1,b,img/target_6.png
24,222,modular,0,e,img/target_3.png
24,223,modular,2,r,img/target_4.png
24,224,modular,1,b,img/target_6.png
24,225,modular,4,i,img/target_8.png
24,226,modular,2,r,img/target_4.png
24,227,modular,0,e,img/target_3.png
24,228,modular,3,q,img/target_1.png
24,229,modular,4,i,img/target_8.png
24,230,modular,3,q,img/target_1.png
24,231,modular,1,b,img/target_6.png
24,232,modular,2,r,img/target_4.png
24,233,modular,3,q,img/target_1.png
24,234,modular,1,b,img/target_6.png
24,235,modular,2,r,img/target_4.png
24,236,modular,3,q,img/target_1.png
24,237,modular,1,b,img/target_6.png
24,238,modular,4,i,img/target_8.png
24,239,modular,5,v,img/target_5.png
24,240,modular,7,p,img/target_10.png
24,241,modular,6,o,img/target_9.png
24,242,modular,9,w,img/target_2.png
24,243,modular,0,e,img/target_3.png
24,244,modular,2,r,img/target_4.png
24,245,modular,3,q,img/target_1.png
24,246,modular,1,b,img/target_6.png
24,247,modular,4,i,img/target_8.png
24,248,modular,5,v,img/target_5.png
24,249,modular,7,p,img/target_10.png
24,250,modular,8,u,img/target_7.png
24,251,modular,5,v,img/target_5.png
24,252,modular,8,u,img/target_7.png
24,253,modular,5,v,img/target_5.png
24,254,modular,8,u,img/target_7.png
24,255,modular,7,p,img/target_10.png
24,256,modular,9,w,img/target_2.png
24,257,modular,8,u,img/target_7.png
24,258,modular,7,p,img/target_10.png
24,259,modular,9,w,img/target_2.png
24,260,modular,6,o,img/target_9.png
24,261,modular,7,p,img/target_10.png
24,262,modular,6,o,img/target_9.png
24,263,modular,9,w,img/target_2.png
24,264,modular,0,e,img/target_3.png
24,265,modular,9,w,img/target_2.png
24,266,modular,6,o,img/target_9.png
24,267,modular,9,w,img/target_2.png
24,268,modular,6,o,img/target_9.png
24,269,modular,8,u,img/target_7.png
24,270,modular,9,w,img/target_2.png
24,271,modular,7,p,img/target_10.png
24,272,modular,8,u,img/target_7.png
24,273,modular,9,w,img/target_2.png
24,274,modular,6,o,img/target_9.png
24,275,modular,8,u,img/target_7.png
24,276,modular,6,o,img/target_9.png
24,277,modular,7,p,img/target_10.png
24,278,modular,6,o,img/target_9.png
24,279,modular,8,u,img/target_7.png
24,280,modular,5,v,img/target_5.png
24,281,modular,7,p,img/target_10.png
24,282,modular,6,o,img/target_9.png
24,283,modular,9,w,img/target_2.png
24,284,modular,7,p,img/target_10.png
24,285,modular,9,w,img/target_2.png
24,286,modular,0,e,img/target_3.png
24,287,modular,1,b,img/target_6.png
24,288,modular,3,q,img/target_1.png
24,289,modular,1,b,img/target_6.png
24,290,modular,4,i,img/target_8.png
24,291,modular,5,v,img/target_5.png
24,292,modular,7,p,img/target_10.png
24,293,modular,5,v,img/target_5.png
24,294,modular,6,o,img/target_9.png
24,295,modular,7,p,img/target_10.png
24,296,modular,8,u,img/target_7.png
24,297,modular,9,w,img/target_2.png
24,298,modular,7,p,img/target_10.png
24,299,modular,9,w,img/target_2.png
24,300,modular,0,e,img/target_3.png
24,301,modular,9,w,img/target_2.png
24,302,modular,0,e,img/target_3.png
24,303,modular,9,w,img/target_2.png
24,304,modular,6,o,img/target_9.png
24,305,modular,5,v,img/target_5.png
24,306,modular,7,p,img/target_10.png
24,307,modular,9,w,img/target_2.png
24,308,modular,6,o,img/target_9.png
24,309,modular,7,p,img/target_10.png
24,310,modular,6,o,img/target_9.png
24,311,modular,9,w,img/target_2.png
24,312,modular,7,p,img/target_10.png
24,313,modular,6,o,img/target_9.png
24,314,modular,7,p,img/target_10.png
24,315,modular,6,o,img/target_9.png
24,316,modular,5,v,img/target_5.png
24,317,modular,7,p,img/target_10.png
24,318,modular,6,o,img/target_9.png
24,319,modular,8,u,img/target_7.png
24,320,modular,7,p,img/target_10.png
24,321,modular,9,w,img/target_2.png
24,322,modular,6,o,img/target_9.png
24,323,modular,7,p,img/target_10.png
24,324,modular,5,v,img/target_5.png
24,325,modular,4,i,img/target_8.png
24,326,modular,2,r,img/target_4.png
24,327,modular,1,b,img/target_6.png
24,328,modular,2,r,img/target_4.png
24,329,modular,1,b,img/target_6.png
24,330,modular,4,i,img/target_8.png
24,331,modular,2,r,img/target_4.png
24,332,modular,1,b,img/target_6.png
24,333,modular,0,e,img/target_3.png
24,334,modular,1,b,img/target_6.png
24,335,modular,4,i,img/target_8.png
24,336,modular,2,r,img/target_4.png
24,337,modular,3,q,img/target_1.png
24,338,modular,0,e,img/target_3.png
24,339,modular,3,q,img/target_1.png
24,340,modular,4,i,img/target_8.png
24,341,modular,5,v,img/target_5.png
24,342,modular,4,i,img/target_8.png
24,343,modular,1,b,img/target_6.png
24,344,modular,3,q,img/target_1.png
24,345,modular,4,i,img/target_8.png
24,346,modular,3,q,img/target_1.png
24,347,modular,0,e,img/target_3.png
24,348,modular,2,r,img/target_4.png
24,349,modular,3,q,img/target_1.png
24,350,modular,4,i,img/target_8.png
24,351,modular,3,q,img/target_1.png
24,352,modular,2,r,img/target_4.png
24,353,modular,1,b,img/target_6.png
24,354,modular,4,i,img/target_8.png
24,355,modular,2,r,img/target_4.png
24,356,modular,1,b,img/target_6.png
24,357,modular,2,r,img/target_4.png
24,358,modular,1,b,img/target_6.png
24,359,modular,3,q,img/target_1.png
24,360,modular,4,i,img/target_8.png
24,361,modular,1,b,img/target_6.png
24,362,modular,2,r,img/target_4.png
24,363,modular,4,i,img/target_8.png
24,364,modular,2,r,img/target_4.png
24,365,modular,0,e,img/target_3.png
24,366,modular,9,w,img/target_2.png
24,367,modular,0,e,img/target_3.png
24,368,modular,3,q,img/target_1.png
24,369,modular,1,b,img/target_6.png
24,370,modular,0,e,img/target_3.png
24,371,modular,2,r,img/target_4.png
24,372,modular,4,i,img/target_8.png
24,373,modular,2,r,img/target_4.png
24,374,modular,1,b,img/target_6.png
24,375,modular,4,i,img/target_8.png
24,376,modular,3,q,img/target_1.png
24,377,modular,2,r,img/target_4.png
24,378,modular,0,e,img/target_3.png
24,379,modular,1,b,img/target_6.png
24,380,modular,3,q,img/target_1.png
24,381,modular,1,b,img/target_6.png
24,382,modular,2,r,img/target_4.png
24,383,modular,1,b,img/target_6.png
24,384,modular,0,e,img/target_3.png
24,385,modular,3,q,img/target_1.png
24,386,modular,1,b,img/target_6.png
24,387,modular,4,i,img/target_8.png
24,388,modular,5,v,img/target_5.png
24,389,modular,7,p,img/target_10.png
24,390,modular,6,o,img/target_9.png
24,391,modular,9,w,img/target_2.png
24,392,modular,0,e,img/target_3.png
24,393,modular,9,w,img/target_2.png
24,394,modular,7,p,img/target_10.png
24,395,modular,9,w,img/target_2.png
24,396,modular,8,u,img/target_7.png
24,397,modular,6,o,img/target_9.png
24,398,modular,5,v,img/target_5.png
24,399,modular,7,p,img/target_10.png
24,400,modular,8,u,img/target_7.png
24,401,modular,5,v,img/target_5.png
24,402,modular,8,u,img/target_7.png
24,403,modular,6,o,img/target_9.png
24,404,modular,9,w,img/target_2.png
24,405,modular,8,u,img/target_7.png
24,406,modular,9,w,img/target_2.png
24,407,modular,8,u,img/target_7.png
24,408,modular,7,p,img/target_10.png
24,409,modular,9,w,img/target_2.png
24,410,modular,6,o,img/target_9.png
24,411,modular,8,u,img/target_7.png
24,412,modular,7,p,img/target_10.png
24,413,modular,6,o,img/target_9.png
24,414,modular,7,p,img/target_10.png
24,415,modular,5,v,img/target_5.png
24,416,modular,7,p,img/target_10.png
24,417,modular,8,u,img/target_7.png
24,418,modular,5,v,img/target_5.png
24,419,modular,6,o,img/target_9.png
24,420,modular,5,v,img/target_5.png
24,421,modular,4,i,img/target_8.png
24,422,modular,3,q,img/target_1.png
24,423,modular,0,e,img/target_3.png
24,424,modular,2,r,img/target_4.png
24,425,modular,3,q,img/target_1.png
24,426,modular,4,i,img/target_8.png
24,427,modular,2,r,img/target_4.png
24,428,modular,0,e,img/target_3.png
24,429,modular,1,b,img/target_6.png
24,430,modular,4,i,img/target_8.png
24,431,modular,5,v,img/target_5.png
24,432,modular,8,u,img/target_7.png
24,433,modular,5,v,img/target_5.png
24,434,modular,7,p,img/target_10.png
24,435,modular,8,u,img/target_7.png
24,436,modular,5,v,img/target_5.png
24,437,modular,4,i,img/target_8.png
24,438,modular,1,b,img/target_6.png
24,439,modular,3,q,img/target_1.png
24,440,modular,0,e,img/target_3.png
24,441,modular,9,w,img/target_2.png
24,442,modular,6,o,img/target_9.png
24,443,modular,8,u,img/target_7.png
24,444,modular,7,p,img/target_10.png
24,445,modular,8,u,img/target_7.png
24,446,modular,5,v,img/target_5.png
24,447,modular,7,p,img/target_10.png
24,448,modular,8,u,img/target_7.png
24,449,modular,9,w,img/target_2.png
24,450,modular,6,o,img/target_9.png
24,451,modular,9,w,img/target_2.png
24,452,modular,6,o,img/target_9.png
24,453,modular,5,v,img/target_5.png
24,454,modular,4,i,img/target_8.png
24,455,modular,2,r,img/target_4.png
24,456,modular,4,i,img/target_8.png
24,457,modular,2,r,img/target_4.png
24,458,modular,4,i,img/target_8.png
24,459,modular,2,r,img/target_4.png
24,460,modular,1,b,img/target_6.png
24,461,modular,3,q,img/target_1.png
24,462,modular,0,e,img/target_3.png
24,463,modular,2,r,img/target_4.png
24,464,modular,3,q,img/target_1.png
24,465,modular,2,r,img/target_4.png
24,466,modular,0,e,img/target_3.png
24,467,modular,3,q,img/target_1.png
24,468,modular,0,e,img/target_3.png
24,469,modular,2,r,img/target_4.png
24,470,modular,3,q,img/target_1.png
24,471,modular,0,e,img/target_3.png
24,472,modular,1,b,img/target_6.png
24,473,modular,3,q,img/target_1.png
24,474,modular,2,r,img/target_4.png
24,475,modular,4,i,img/target_8.png
24,476,modular,2,r,img/target_4.png
24,477,modular,4,i,img/target_8.png
24,478,modular,1,b,img/target_6.png
24,479,modular,4,i,img/target_8.png
24,480,modular,1,b,img/target_6.png
24,481,modular,4,i,img/target_8.png
24,482,modular,2,r,img/target_4.png
24,483,modular,4,i,img/target_8.png
24,484,modular,3,q,img/target_1.png
24,485,modular,4,i,img/target_8.png
24,486,modular,1,b,img/target_6.png
24,487,modular,3,q,img/target_1.png
24,488,modular,0,e,img/target_3.png
24,489,modular,9,w,img/target_2.png
24,490,modular,0,e,img/target_3.png
24,491,modular,9,w,img/target_2.png
24,492,modular,0,e,img/target_3.png
24,493,modular,2,r,img/target_4.png
24,494,modular,4,i,img/target_8.png
24,495,modular,5,v,img/target_5.png
24,496,modular,8,u,img/target_7.png
24,497,modular,6,o,img/target_9.png
24,498,modular,8,u,img/target_7.png
24,499,modular,6,o,img/target_9.png
24,500,modular,5,v,img/target_5.png
24,501,modular,6,o,img/target_9.png
24,502,modular,5,v,img/target_5.png
24,503,modular,7,p,img/target_10.png
24,504,modular,6,o,img/target_9.png
24,505,modular,9,w,img/target_2.png
24,506,modular,6,o,img/target_9.png
24,507,modular,5,v,img/target_5.png
24,508,modular,7,p,img/target_10.png
24,509,modular,9,w,img/target_2.png
24,510,modular,8,u,img/target_7.png
24,511,modular,9,w,img/target_2.png
24,512,modular,8,u,img/target_7.png
24,513,modular,7,p,img/target_10.png
24,514,modular,6,o,img/target_9.png
24,515,modular,7,p,img/target_10.png
24,516,modular,6,o,img/target_9.png
24,517,modular,5,v,img/target_5.png
24,518,modular,6,o,img/target_9.png
24,519,modular,5,v,img/target_5.png
24,520,modular,6,o,img/target_9.png
24,521,modular,7,p,img/target_10.png
24,522,modular,9,w,img/target_2.png
24,523,modular,8,u,img/target_7.png
24,524,modular,5,v,img/target_5.png
24,525,modular,4,i,img/target_8.png
24,526,modular,1,b,img/target_6.png
24,527,modular,2,r,img/target_4.png
24,528,modular,3,q,img/target_1.png
24,529,modular,4,i,img/target_8.png
24,530,modular,3,q,img/target_1.png
24,531,modular,2,r,img/target_4.png
24,532,modular,1,b,img/target_6.png
24,533,modular,4,i,img/target_8.png
24,534,modular,5,v,img/target_5.png
24,535,modular,7,p,img/target_10.png
24,536,modular,9,w,img/target_2.png
24,537,modular,0,e,img/target_3.png
24,538,modular,1,b,img/target_6.png
24,539,modular,4,i,img/target_8.png
24,540,modular,2,r,img/target_4.png
24,541,modular,0,e,img/target_3.png
24,542,modular,1,b,img/target_6.png
24,543,modular,3,q,img/target_1.png
24,544,modular,4,i,img/target_8.png
24,545,modular,3,q,img/target_1.png
24,546,modular,4,i,img/target_8.png
24,547,modular,5,v,img/target_5.png
24,548,modular,4,i,img/target_8.png
24,549,modular,3,q,img/target_1.png
24,550,modular,0,e,img/target_3.png
24,551,modular,3,q,img/target_1.png
24,552,modular,0,e,img/target_3.png
24,553,modular,9,w,img/target_2.png
24,554,modular,6,o,img/target_9.png
24,555,modular,9,w,img/target_2.png
24,556,modular,6,o,img/target_9.png
24,557,modular,8,u,img/target_7.png
24,558,modular,9,w,img/target_2.png
24,559,modular,6,o,img/target_9.png
24,560,modular,9,w,img/target_2.png
24,561,modular,8,u,img/target_7.png
24,562,modular,5,v,img/target_5.png
24,563,modular,6,o,img/target_9.png
24,564,modular,5,v,img/target_5.png
24,565,modular,4,i,img/target_8.png
24,566,modular,3,q,img/target_1.png
24,567,modular,4,i,img/target_8.png
24,568,modular,2,r,img/target_4.png
24,569,modular,3,q,img/target_1.png
24,570,modular,1,b,img/target_6.png
24,571,modular,3,q,img/target_1.png
24,572,modular,0,e,img/target_3.png
24,573,modular,3,q,img/target_1.png
24,574,modular,0,e,img/target_3.png
24,575,modular,9,w,img/target_2.png
24,576,modular,0,e,img/target_3.png
24,577,modular,1,b,img/target_6.png
24,578,modular,4,i,img/target_8.png
24,579,modular,3,q,img/target_1.png
24,580,modular,1,b,img/target_6.png
24,581,modular,3,q,img/target_1.png
24,582,modular,1,b,img/target_6.png
24,583,modular,3,q,img/target_1.png
24,584,modular,1,b,img/target_6.png
24,585,modular,0,e,img/target_3.png
24,586,modular,9,w,img/target_2.png
24,587,modular,8,u,img/target_7.png
24,588,modular,5,v,img/target_5.png
24,589,modular,6,o,img/target_9.png
24,590,modular,9,w,img/target_2.png
24,591,modular,8,u,img/target_7.png
24,592,modular,6,o,img/target_9.png
24,593,modular,9,w,img/target_2.png
24,594,modular,0,e,img/target_3.png
24,595,modular,1,b,img/target_6.png
24,596,modular,0,e,img/target_3.png
24,597,modular,2,r,img/target_4.png
24,598,modular,3,q,img/target_1.png
24,599,modular,0,e,img/target_3.png
24,600,modular,2,r,img/target_4.png
24,601,modular,1,b,img/target_6.png
24,602,modular,2,r,img/target_4.png
24,603,modular,4,i,img/target_8.png
24,604,modular,1,b,img/target_6.png
24,605,modular,2,r,img/target_4.png
24,606,modular,3,q,img/target_1.png
24,607,modular,0,e,img/target_3.png
24,608,modular,1,b,img/target_6.png
24,609,modular,4,i,img/target_8.png
24,610,modular,5,v,img/target_5.png
24,611,modular,6,o,img/target_9.png
24,612,modular,8,u,img/target_7.png
24,613,modular,9,w,img/target_2.png
24,614,modular,6,o,img/target_9.png
24,615,modular,5,v,img/target_5.png
24,616,modular,7,p,img/target_10.png
24,617,modular,8,u,img/target_7.png
24,618,modular,5,v,img/target_5.png
24,619,modular,4,i,img/target_8.png
24,620,modular,2,r,img/target_4.png
24,621,modular,3,q,img/target_1.png
24,622,modular,0,e,img/target_3.png
24,623,modular,3,q,img/target_1.png
24,624,modular,0,e,img/target_3.png
24,625,modular,2,r,img/target_4.png
24,626,modular,4,i,img/target_8.png
24,627,modular,5,v,img/target_5.png
24,628,modular,8,u,img/target_7.png
24,629,modular,6,o,img/target_9.png
24,630,modular,5,v,img/target_5.png
24,631,modular,8,u,img/target_7.png
24,632,modular,7,p,img/target_10.png
24,633,modular,9,w,img/target_2.png
24,634,modular,6,o,img/target_9.png
24,635,modular,7,p,img/target_10.png
24,636,modular,9,w,img/target_2.png
24,637,modular,0,e,img/target_3.png
24,638,modular,9,w,img/target_2.png
24,639,modular,6,o,img/target_9.png
24,640,modular,9,w,img/target_2.png
24,641,modular,0,e,img/target_3.png
24,642,modular,3,q,img/target_1.png
24,643,modular,2,r,img/target_4.png
24,644,modular,1,b,img/target_6.png
24,645,modular,4,i,img/target_8.png
24,646,modular,2,r,img/target_4.png
24,647,modular,4,i,img/target_8.png
24,648,modular,5,v,img/target_5.png
24,649,modular,7,p,img/target_10.png
24,650,modular,9,w,img/target_2.png
24,651,modular,0,e,img/target_3.png
24,652,modular,2,r,img/target_4.png
24,653,modular,3,q,img/target_1.png
24,654,modular,1,b,img/target_6.png
24,655,modular,2,r,img/target_4.png
24,656,modular,0,e,img/target_3.png
24,657,modular,3,q,img/target_1.png
24,658,modular,4,i,img/target_8.png
24,659,modular,5,v,img/target_5.png
24,660,modular,4,i,img/target_8.png
24,661,modular,2,r,img/target_4.png
24,662,modular,3,q,img/target_1.png
24,663,modular,2,r,img/target_4.png
24,664,modular,1,b,img/target_6.png
24,665,modular,4,i,img/target_8.png
24,666,modular,3,q,img/target_1.png
24,667,modular,0,e,img/target_3.png
24,668,modular,3,q,img/target_1.png
24,669,modular,0,e,img/target_3.png
24,670,modular,1,b,img/target_6.png
24,671,modular,3,q,img/target_1.png
24,672,modular,4,i,img/target_8.png
24,673,modular,5,v,img/target_5.png
24,674,modular,7,p,img/target_10.png
24,675,modular,8,u,img/target_7.png
24,676,modular,6,o,img/target_9.png
24,677,modular,7,p,img/target_10.png
24,678,modular,9,w,img/target_2.png
24,679,modular,0,e,img/target_3.png
24,680,modular,1,b,img/target_6.png
24,681,modular,3,q,img/target_1.png
24,682,modular,4,i,img/target_8.png
24,683,modular,5,v,img/target_5.png
24,684,modular,8,u,img/target_7.png
24,685,modular,7,p,img/target_10.png
24,686,modular,6,o,img/target_9.png
24,687,modular,8,u,img/target_7.png
24,688,modular,9,w,img/target_2.png
24,689,modular,8,u,img/target_7.png
24,690,modular,6,o,img/target_9.png
24,691,modular,8,u,img/target_7.png
24,692,modular,9,w,img/target_2.png
24,693,modular,6,o,img/target_9.png
24,694,modular,8,u,img/target_7.png
24,695,modular,9,w,img/target_2.png
24,696,modular,7,p,img/target_10.png
24,697,modular,8,u,img/target_7.png
24,698,modular,6,o,img/target_9.png
24,699,modular,9,w,img/target_2.png
24,700,modular,7,p,img/target_10.png
24,701,modular,5,v,img/target_5.png
24,702,modular,7,p,img/target_10.png
24,703,modular,6,o,img/target_9.png
24,704,modular,5,v,img/target_5.png
24,705,modular,7,p,img/target_10.png
24,706,modular,5,v,img/target_5.png
24,707,modular,8,u,img/target_7.png
24,708,modular,6,o,img/target_9.png
24,709,modular,9,w,img/target_2.png
24,710,modular,8,u,img/target_7.png
24,711,modular,5,v,img/target_5.png
24,712,modular,4,i,img/target_8.png
24,713,modular,3,q,img/target_1.png
24,714,modular,0,e,img/target_3.png
24,715,modular,3,q,img/target_1.png
24,716,modular,4,i,img/target_8.png
24,717,modular,3,q,img/target_1.png
24,718,modular,4,i,img/target_8.png
24,719,modular,1,b,img/target_6.png
24,720,modular,0,e,img/target_3.png
24,721,modular,9,w,img/target_2.png
24,722,modular,8,u,img/target_7.png
24,723,modular,9,w,img/target_2.png
24,724,modular,0,e,img/target_3.png
24,725,modular,9,w,img/target_2.png
24,726,modular,8,u,img/target_7.png
24,727,modular,9,w,img/target_2.png
24,728,modular,7,p,img/target_10.png
24,729,modular,5,v,img/target_5.png
24,730,modular,6,o,img/target_9.png
24,731,modular,9,w,img/target_2.png
24,732,modular,6,o,img/target_9.png
24,733,modular,5,v,img/target_5.png
24,734,modular,4,i,img/target_8.png
24,735,modular,3,q,img/target_1.png
24,736,modular,1,b,img/target_6.png
24,737,modular,2,r,img/target_4.png
24,738,modular,1,b,img/target_6.png
24,739,modular,3,q,img/target_1.png
24,740,modular,2,r,img/target_4.png
24,741,modular,0,e,img/target_3.png
24,742,modular,3,q,img/target_1.png
24,743,modular,1,b,img/target_6.png
24,744,modular,4,i,img/target_8.png
24,745,modular,3,q,img/target_1.png
24,746,modular,2,r,img/target_4.png
24,747,modular,3,q,img/target_1.png
24,748,modular,4,i,img/target_8.png
24,749,modular,1,b,img/target_6.png
24,750,modular,2,r,img/target_4.png
24,751,modular,1,b,img/target_6.png
24,752,modular,4,i,img/target_8.png
24,753,modular,3,q,img/target_1.png
24,754,modular,2,r,img/target_4.png
24,755,modular,4,i,img/target_8.png
24,756,modular,3,q,img/target_1.png
24,757,modular,1,b,img/target_6.png
24,758,modular,2,r,img/target_4.png
24,759,modular,4,i,img/target_8.png
24,760,modular,3,q,img/target_1.png
24,761,modular,4,i,img/target_8.png
24,762,modular,1,b,img/target_6.png
24,763,modular,0,e,img/target_3.png
24,764,modular,3,q,img/target_1.png
24,765,modular,1,b,img/target_6.png
24,766,modular,4,i,img/target_8.png
24,767,modular,1,b,img/target_6.png
24,768,modular,0,e,img/target_3.png
24,769,modular,1,b,img/target_6.png
24,770,modular,0,e,img/target_3.png
24,771,modular,2,r,img/target_4.png
24,772,modular,4,i,img/target_8.png
24,773,modular,2,r,img/target_4.png
24,774,modular,3,q,img/target_1.png
24,775,modular,4,i,img/target_8.png
24,776,modular,3,q,img/target_1.png
24,777,modular,2,r,img/target_4.png
24,778,modular,3,q,img/target_1.png
24,779,modular,2,r,img/target_4.png
24,780,modular,1,b,img/target_6.png
24,781,modular,4,i,img/target_8.png
24,782,modular,5,v,img/target_5.png
24,783,modular,4,i,img/target_8.png
24,784,modular,1,b,img/target_6.png
24,785,modular,4,i,img/target_8.png
24,786,modular,1,b,img/target_6.png
24,787,modular,2,r,img/target_4.png
24,788,modular,1,b,img/target_6.png
24,789,modular,4,i,img/target_8.png
24,790,modular,5,v,img/target_5.png
24,791,modular,4,i,img/target_8.png
24,792,modular,3,q,img/target_1.png
24,793,modular,0,e,img/target_3.png
24,794,modular,2,r,img/target_4.png
24,795,modular,1,b,img/target_6.png
24,796,modular,3,q,img/target_1.png
24,797,modular,1,b,img/target_6.png
24,798,modular,2,r,img/target_4.png
24,799,modular,3,q,img/target_1.png
24,800,modular,0,e,img/target_3.png
24,801,modular,3,q,img/target_1.png
24,802,modular,1,b,img/target_6.png
24,803,modular,0,e,img/target_3.png
24,804,modular,9,w,img/target_2.png
24,805,modular,6,o,img/target_9.png
24,806,modular,7,p,img/target_10.png
24,807,modular,8,u,img/target_7.png
24,808,modular,6,o,img/target_9.png
24,809,modular,9,w,img/target_2.png
24,810,modular,0,e,img/target_3.png
24,811,modular,9,w,img/target_2.png
24,812,modular,6,o,img/target_9.png
24,813,modular,8,u,img/target_7.png
24,814,modular,7,p,img/target_10.png
24,815,modular,5,v,img/target_5.png
24,816,modular,8,u,img/target_7.png
24,817,modular,7,p,img/target_10.png
24,818,modular,8,u,img/target_7.png
24,819,modular,9,w,img/target_2.png
24,820,modular,7,p,img/target_10.png
24,821,modular,8,u,img/target_7.png
24,822,modular,7,p,img/target_10.png
24,823,modular,5,v,img/target_5.png
24,824,modular,6,o,img/target_9.png
24,825,modular,5,v,img/target_5.png
24,826,modular,8,u,img/target_7.png
24,827,modular,7,p,img/target_10.png
24,828,modular,8,u,img/target_7.png
24,829,modular,5,v,img/target_5.png
24,830,modular,4,i,img/target_8.png
24,831,modular,5,v,img/target_5.png
24,832,modular,7,p,img/target_10.png
24,833,modular,6,o,img/target_9.png
24,834,modular,9,w,img/target_2.png
24,835,modular,8,u,img/target_7.png
24,836,modular,6,o,img/target_9.png
24,837,modular,9,w,img/target_2.png
24,838,modular,8,u,img/target_7.png
24,839,modular,7,p,img/target_10.png
24,840,modular,9,w,img/target_2.png
24,841,modular,0,e,img/target_3.png
24,842,modular,2,r,img/target_4.png
24,843,modular,1,b,img/target_6.png
24,844,modular,4,i,img/target_8.png
24,845,modular,2,r,img/target_4.png
24,846,modular,3,q,img/target_1.png
24,847,modular,0,e,img/target_3.png
24,848,modular,9,w,img/target_2.png
24,849,modular,8,u,img/target_7.png
24,850,modular,6,o,img/target_9.png
24,851,modular,7,p,img/target_10.png
24,852,modular,9,w,img/target_2.png
24,853,modular,8,u,img/target_7.png
24,854,modular,7,p,img/target_10.png
24,855,modular,5,v,img/target_5.png
24,856,modular,4,i,img/target_8.png
24,857,modular,3,q,img/target_1.png
24,858,modular,4,i,img/target_8.png
24,859,modular,2,r,img/target_4.png
24,860,modular,1,b,img/target_6.png
24,861,modular,4,i,img/target_8.png
24,862,modular,1,b,img/target_6.png
24,863,modular,3,q,img/target_1.png
24,864,modular,4,i,img/target_8.png
24,865,modular,1,b,img/target_6.png
24,866,modular,3,q,img/target_1.png
24,867,modular,2,r,img/target_4.png
24,868,modular,4,i,img/target_8.png
24,869,modular,3,q,img/target_1.png
24,870,modular,1,b,img/target_6.png
24,871,modular,0,e,img/target_3.png
24,872,modular,9,w,img/target_2.png
24,873,modular,6,o,img/target_9.png
24,874,modular,8,u,img/target_7.png
24,875,modular,7,p,img/target_10.png
24,876,modular,5,v,img/target_5.png
24,877,modular,8,u,img/target_7.png
24,878,modular,7,p,img/target_10.png
24,879,modular,5,v,img/target_5.png
24,880,modular,4,i,img/target_8.png
24,881,modular,3,q,img/target_1.png
24,882,modular,4,i,img/target_8.png
24,883,modular,2,r,img/target_4.png
24,884,modular,3,q,img/target_1.png
24,885,modular,2,r,img/target_4.png
24,886,modular,1,b,img/target_6.png
24,887,modular,0,e,img/target_3.png
24,888,modular,3,q,img/target_1.png
24,889,modular,0,e,img/target_3.png
24,890,modular,1,b,img/target_6.png
24,891,modular,3,q,img/target_1.png
24,892,modular,4,i,img/target_8.png
24,893,modular,1,b,img/target_6.png
24,894,modular,2,r,img/target_4.png
24,895,modular,1,b,img/target_6.png
24,896,modular,2,r,img/target_4.png
24,897,modular,4,i,img/target_8.png
24,898,modular,5,v,img/target_5.png
24,899,modular,8,u,img/target_7.png
24,900,modular,9,w,img/target_2.png
24,901,modular,6,o,img/target_9.png
24,902,modular,9,w,img/target_2.png
24,903,modular,7,p,img/target_10.png
24,904,modular,6,o,img/target_9.png
24,905,modular,7,p,img/target_10.png
24,906,modular,9,w,img/target_2.png
24,907,modular,0,e,img/target_3.png
24,908,modular,9,w,img/target_2.png
24,909,modular,6,o,img/target_9.png
24,910,modular,8,u,img/target_7.png
24,911,modular,5,v,img/target_5.png
24,912,modular,4,i,img/target_8.png
24,913,modular,5,v,img/target_5.png
24,914,modular,6,o,img/target_9.png
24,915,modular,9,w,img/target_2.png
24,916,modular,8,u,img/target_7.png
24,917,modular,7,p,img/target_10.png
24,918,modular,9,w,img/target_2.png
24,919,modular,6,o,img/target_9.png
24,920,modular,5,v,img/target_5.png
24,921,modular,8,u,img/target_7.png
24,922,modular,9,w,img/target_2.png
24,923,modular,8,u,img/target_7.png
24,924,modular,7,p,img/target_10.png
24,925,modular,9,w,img/target_2.png
24,926,modular,6,o,img/target_9.png
24,927,modular,9,w,img/target_2.png
24,928,modular,6,o,img/target_9.png
24,929,modular,8,u,img/target_7.png
24,930,modular,5,v,img/target_5.png
24,931,modular,8,u,img/target_7.png
24,932,modular,7,p,img/target_10.png
24,933,modular,5,v,img/target_5.png
24,934,modular,4,i,img/target_8.png
24,935,modular,5,v,img/target_5.png
24,936,modular,8,u,img/target_7.png
24,937,modular,9,w,img/target_2.png
24,938,modular,0,e,img/target_3.png
24,939,modular,3,q,img/target_1.png
24,940,modular,4,i,img/target_8.png
24,941,modular,5,v,img/target_5.png
24,942,modular,4,i,img/target_8.png
24,943,modular,1,b,img/target_6.png
24,944,modular,4,i,img/target_8.png
24,945,modular,2,r,img/target_4.png
24,946,modular,1,b,img/target_6.png
24,947,modular,0,e,img/target_3.png
24,948,modular,2,r,img/target_4.png
24,949,modular,4,i,img/target_8.png
24,950,modular,2,r,img/target_4.png
24,951,modular,4,i,img/target_8.png
24,952,modular,2,r,img/target_4.png
24,953,modular,1,b,img/target_6.png
24,954,modular,0,e,img/target_3.png
24,955,modular,3,q,img/target_1.png
24,956,modular,0,e,img/target_3.png
24,957,modular,3,q,img/target_1.png
24,958,modular,2,r,img/target_4.png
24,959,modular,3,q,img/target_1.png
24,960,modular,1,b,img/target_6.png
24,961,modular,3,q,img/target_1.png
24,962,modular,2,r,img/target_4.png
24,963,modular,3,q,img/target_1.png
24,964,modular,2,r,img/target_4.png
24,965,modular,0,e,img/target_3.png
24,966,modular,3,q,img/target_1.png
24,967,modular,4,i,img/target_8.png
24,968,modular,3,q,img/target_1.png
24,969,modular,0,e,img/target_3.png
24,970,modular,2,r,img/target_4.png
24,971,modular,4,i,img/target_8.png
24,972,modular,3,q,img/target_1.png
24,973,modular,1,b,img/target_6.png
24,974,modular,4,i,img/target_8.png
24,975,modular,2,r,img/target_4.png
24,976,modular,3,q,img/target_1.png
24,977,modular,4,i,img/target_8.png
24,978,modular,1,b,img/target_6.png
24,979,modular,3,q,img/target_1.png
24,980,modular,1,b,img/target_6.png
24,981,modular,3,q,img/target_1.png
24,982,modular,1,b,img/target_6.png
24,983,modular,4,i,img/target_8.png
24,984,modular,1,b,img/target_6.png
24,985,modular,0,e,img/target_3.png
24,986,modular,9,w,img/target_2.png
24,987,modular,6,o,img/target_9.png
24,988,modular,9,w,img/target_2.png
24,989,modular,0,e,img/target_3.png
24,990,modular,2,r,img/target_4.png
24,991,modular,3,q,img/target_1.png
24,992,modular,2,r,img/target_4.png
24,993,modular,3,q,img/target_1.png
24,994,modular,0,e,img/target_3.png
24,995,modular,9,w,img/target_2.png
24,996,modular,7,p,img/target_10.png
24,997,modular,5,v,img/target_5.png
24,998,modular,8,u,img/target_7.png
24,999,modular,9,w,img/target_2.png
24,1000,modular,6,o,img/target_9.png
