pID,sess,trialNum,graph,walk,resp,path
43,1,1,lattice,0,q,img/target_1.png
43,1,2,lattice,1,o,img/target_9.png
43,1,3,lattice,9,v,img/target_5.png
43,1,4,lattice,7,w,img/target_2.png
43,1,5,lattice,5,i,img/target_8.png
43,1,6,lattice,3,p,img/target_10.png
43,1,7,lattice,1,o,img/target_9.png
43,1,8,lattice,3,p,img/target_10.png
43,1,9,lattice,5,i,img/target_8.png
43,1,10,lattice,7,w,img/target_2.png
43,1,11,lattice,8,e,img/target_3.png
43,1,12,lattice,0,q,img/target_1.png
43,1,13,lattice,9,v,img/target_5.png
43,1,14,lattice,7,w,img/target_2.png
43,1,15,lattice,6,r,img/target_4.png
43,1,16,lattice,8,e,img/target_3.png
43,1,17,lattice,6,r,img/target_4.png
43,1,18,lattice,4,b,img/target_6.png
43,1,19,lattice,5,i,img/target_8.png
43,1,20,lattice,3,p,img/target_10.png
43,1,21,lattice,1,o,img/target_9.png
43,1,22,lattice,3,p,img/target_10.png
43,1,23,lattice,1,o,img/target_9.png
43,1,24,lattice,9,v,img/target_5.png
43,1,25,lattice,8,e,img/target_3.png
43,1,26,lattice,0,q,img/target_1.png
43,1,27,lattice,1,o,img/target_9.png
43,1,28,lattice,3,p,img/target_10.png
43,1,29,lattice,1,o,img/target_9.png
43,1,30,lattice,2,u,img/target_7.png
43,1,31,lattice,1,o,img/target_9.png
43,1,32,lattice,2,u,img/target_7.png
43,1,33,lattice,4,b,img/target_6.png
43,1,34,lattice,3,p,img/target_10.png
43,1,35,lattice,1,o,img/target_9.png
43,1,36,lattice,0,q,img/target_1.png
43,1,37,lattice,8,e,img/target_3.png
43,1,38,lattice,7,w,img/target_2.png
43,1,39,lattice,5,i,img/target_8.png
43,1,40,lattice,3,p,img/target_10.png
43,1,41,lattice,2,u,img/target_7.png
43,1,42,lattice,0,q,img/target_1.png
43,1,43,lattice,2,u,img/target_7.png
43,1,44,lattice,3,p,img/target_10.png
43,1,45,lattice,1,o,img/target_9.png
43,1,46,lattice,2,u,img/target_7.png
43,1,47,lattice,4,b,img/target_6.png
43,1,48,lattice,2,u,img/target_7.png
43,1,49,lattice,3,p,img/target_10.png
43,1,50,lattice,5,i,img/target_8.png
43,1,51,lattice,6,r,img/target_4.png
43,1,52,lattice,8,e,img/target_3.png
43,1,53,lattice,7,w,img/target_2.png
43,1,54,lattice,5,i,img/target_8.png
43,1,55,lattice,4,b,img/target_6.png
43,1,56,lattice,3,p,img/target_10.png
43,1,57,lattice,1,o,img/target_9.png
43,1,58,lattice,3,p,img/target_10.png
43,1,59,lattice,5,i,img/target_8.png
43,1,60,lattice,4,b,img/target_6.png
43,1,61,lattice,5,i,img/target_8.png
43,1,62,lattice,3,p,img/target_10.png
43,1,63,lattice,1,o,img/target_9.png
43,1,64,lattice,0,q,img/target_1.png
43,1,65,lattice,1,o,img/target_9.png
43,1,66,lattice,0,q,img/target_1.png
43,1,67,lattice,1,o,img/target_9.png
43,1,68,lattice,2,u,img/target_7.png
43,1,69,lattice,0,q,img/target_1.png
43,1,70,lattice,2,u,img/target_7.png
43,1,71,lattice,0,q,img/target_1.png
43,1,72,lattice,1,o,img/target_9.png
43,1,73,lattice,9,v,img/target_5.png
43,1,74,lattice,1,o,img/target_9.png
43,1,75,lattice,2,u,img/target_7.png
43,1,76,lattice,0,q,img/target_1.png
43,1,77,lattice,8,e,img/target_3.png
43,1,78,lattice,6,r,img/target_4.png
43,1,79,lattice,8,e,img/target_3.png
43,1,80,lattice,7,w,img/target_2.png
43,1,81,lattice,5,i,img/target_8.png
43,1,82,lattice,3,p,img/target_10.png
43,1,83,lattice,4,b,img/target_6.png
43,1,84,lattice,6,r,img/target_4.png
43,1,85,lattice,5,i,img/target_8.png
43,1,86,lattice,3,p,img/target_10.png
43,1,87,lattice,4,b,img/target_6.png
43,1,88,lattice,5,i,img/target_8.png
43,1,89,lattice,4,b,img/target_6.png
43,1,90,lattice,5,i,img/target_8.png
43,1,91,lattice,4,b,img/target_6.png
43,1,92,lattice,6,r,img/target_4.png
43,1,93,lattice,4,b,img/target_6.png
43,1,94,lattice,5,i,img/target_8.png
43,1,95,lattice,3,p,img/target_10.png
43,1,96,lattice,2,u,img/target_7.png
43,1,97,lattice,4,b,img/target_6.png
43,1,98,lattice,6,r,img/target_4.png
43,1,99,lattice,7,w,img/target_2.png
43,1,100,lattice,6,r,img/target_4.png
43,1,101,lattice,8,e,img/target_3.png
43,1,102,lattice,9,v,img/target_5.png
43,1,103,lattice,1,o,img/target_9.png
43,1,104,lattice,3,p,img/target_10.png
43,1,105,lattice,5,i,img/target_8.png
43,1,106,lattice,6,r,img/target_4.png
43,1,107,lattice,5,i,img/target_8.png
43,1,108,lattice,4,b,img/target_6.png
43,1,109,lattice,5,i,img/target_8.png
43,1,110,lattice,4,b,img/target_6.png
43,1,111,lattice,2,u,img/target_7.png
43,1,112,lattice,3,p,img/target_10.png
43,1,113,lattice,4,b,img/target_6.png
43,1,114,lattice,5,i,img/target_8.png
43,1,115,lattice,6,r,img/target_4.png
43,1,116,lattice,4,b,img/target_6.png
43,1,117,lattice,3,p,img/target_10.png
43,1,118,lattice,2,u,img/target_7.png
43,1,119,lattice,3,p,img/target_10.png
43,1,120,lattice,4,b,img/target_6.png
43,1,121,lattice,5,i,img/target_8.png
43,1,122,lattice,6,r,img/target_4.png
43,1,123,lattice,4,b,img/target_6.png
43,1,124,lattice,5,i,img/target_8.png
43,1,125,lattice,6,r,img/target_4.png
43,1,126,lattice,4,b,img/target_6.png
43,1,127,lattice,5,i,img/target_8.png
43,1,128,lattice,6,r,img/target_4.png
43,1,129,lattice,5,i,img/target_8.png
43,1,130,lattice,6,r,img/target_4.png
43,1,131,lattice,8,e,img/target_3.png
43,1,132,lattice,9,v,img/target_5.png
43,1,133,lattice,0,q,img/target_1.png
43,1,134,lattice,2,u,img/target_7.png
43,1,135,lattice,3,p,img/target_10.png
43,1,136,lattice,5,i,img/target_8.png
43,1,137,lattice,4,b,img/target_6.png
43,1,138,lattice,2,u,img/target_7.png
43,1,139,lattice,1,o,img/target_9.png
43,1,140,lattice,0,q,img/target_1.png
43,1,141,lattice,1,o,img/target_9.png
43,1,142,lattice,9,v,img/target_5.png
43,1,143,lattice,7,w,img/target_2.png
43,1,144,lattice,9,v,img/target_5.png
43,1,145,lattice,1,o,img/target_9.png
43,1,146,lattice,9,v,img/target_5.png
43,1,147,lattice,7,w,img/target_2.png
43,1,148,lattice,8,e,img/target_3.png
43,1,149,lattice,0,q,img/target_1.png
43,1,150,lattice,1,o,img/target_9.png
43,1,151,lattice,3,p,img/target_10.png
43,1,152,lattice,2,u,img/target_7.png
43,1,153,lattice,0,q,img/target_1.png
43,1,154,lattice,2,u,img/target_7.png
43,1,155,lattice,1,o,img/target_9.png
43,1,156,lattice,0,q,img/target_1.png
43,1,157,lattice,8,e,img/target_3.png
43,1,158,lattice,6,r,img/target_4.png
43,1,159,lattice,5,i,img/target_8.png
43,1,160,lattice,6,r,img/target_4.png
43,1,161,lattice,7,w,img/target_2.png
43,1,162,lattice,6,r,img/target_4.png
43,1,163,lattice,4,b,img/target_6.png
43,1,164,lattice,5,i,img/target_8.png
43,1,165,lattice,3,p,img/target_10.png
43,1,166,lattice,2,u,img/target_7.png
43,1,167,lattice,0,q,img/target_1.png
43,1,168,lattice,8,e,img/target_3.png
43,1,169,lattice,0,q,img/target_1.png
43,1,170,lattice,8,e,img/target_3.png
43,1,171,lattice,6,r,img/target_4.png
43,1,172,lattice,7,w,img/target_2.png
43,1,173,lattice,5,i,img/target_8.png
43,1,174,lattice,3,p,img/target_10.png
43,1,175,lattice,1,o,img/target_9.png
43,1,176,lattice,2,u,img/target_7.png
43,1,177,lattice,1,o,img/target_9.png
43,1,178,lattice,0,q,img/target_1.png
43,1,179,lattice,8,e,img/target_3.png
43,1,180,lattice,6,r,img/target_4.png
43,1,181,lattice,5,i,img/target_8.png
43,1,182,lattice,7,w,img/target_2.png
43,1,183,lattice,6,r,img/target_4.png
43,1,184,lattice,7,w,img/target_2.png
43,1,185,lattice,6,r,img/target_4.png
43,1,186,lattice,4,b,img/target_6.png
43,1,187,lattice,5,i,img/target_8.png
43,1,188,lattice,3,p,img/target_10.png
43,1,189,lattice,1,o,img/target_9.png
43,1,190,lattice,9,v,img/target_5.png
43,1,191,lattice,0,q,img/target_1.png
43,1,192,lattice,2,u,img/target_7.png
43,1,193,lattice,0,q,img/target_1.png
43,1,194,lattice,1,o,img/target_9.png
43,1,195,lattice,3,p,img/target_10.png
43,1,196,lattice,5,i,img/target_8.png
43,1,197,lattice,6,r,img/target_4.png
43,1,198,lattice,4,b,img/target_6.png
43,1,199,lattice,6,r,img/target_4.png
43,1,200,lattice,7,w,img/target_2.png
43,1,201,lattice,8,e,img/target_3.png
43,1,202,lattice,0,q,img/target_1.png
43,1,203,lattice,9,v,img/target_5.png
43,1,204,lattice,8,e,img/target_3.png
43,1,205,lattice,7,w,img/target_2.png
43,1,206,lattice,5,i,img/target_8.png
43,1,207,lattice,3,p,img/target_10.png
43,1,208,lattice,2,u,img/target_7.png
43,1,209,lattice,3,p,img/target_10.png
43,1,210,lattice,1,o,img/target_9.png
43,1,211,lattice,9,v,img/target_5.png
43,1,212,lattice,8,e,img/target_3.png
43,1,213,lattice,7,w,img/target_2.png
43,1,214,lattice,6,r,img/target_4.png
43,1,215,lattice,8,e,img/target_3.png
43,1,216,lattice,0,q,img/target_1.png
43,1,217,lattice,8,e,img/target_3.png
43,1,218,lattice,7,w,img/target_2.png
43,1,219,lattice,9,v,img/target_5.png
43,1,220,lattice,8,e,img/target_3.png
43,1,221,lattice,0,q,img/target_1.png
43,1,222,lattice,1,o,img/target_9.png
43,1,223,lattice,0,q,img/target_1.png
43,1,224,lattice,2,u,img/target_7.png
43,1,225,lattice,0,q,img/target_1.png
43,1,226,lattice,1,o,img/target_9.png
43,1,227,lattice,0,q,img/target_1.png
43,1,228,lattice,2,u,img/target_7.png
43,1,229,lattice,4,b,img/target_6.png
43,1,230,lattice,5,i,img/target_8.png
43,1,231,lattice,3,p,img/target_10.png
43,1,232,lattice,1,o,img/target_9.png
43,1,233,lattice,2,u,img/target_7.png
43,1,234,lattice,0,q,img/target_1.png
43,1,235,lattice,2,u,img/target_7.png
43,1,236,lattice,4,b,img/target_6.png
43,1,237,lattice,3,p,img/target_10.png
43,1,238,lattice,1,o,img/target_9.png
43,1,239,lattice,2,u,img/target_7.png
43,1,240,lattice,4,b,img/target_6.png
43,1,241,lattice,3,p,img/target_10.png
43,1,242,lattice,5,i,img/target_8.png
43,1,243,lattice,3,p,img/target_10.png
43,1,244,lattice,1,o,img/target_9.png
43,1,245,lattice,0,q,img/target_1.png
43,1,246,lattice,8,e,img/target_3.png
43,1,247,lattice,7,w,img/target_2.png
43,1,248,lattice,8,e,img/target_3.png
43,1,249,lattice,0,q,img/target_1.png
43,1,250,lattice,9,v,img/target_5.png
43,1,251,lattice,1,o,img/target_9.png
43,1,252,lattice,2,u,img/target_7.png
43,1,253,lattice,4,b,img/target_6.png
43,1,254,lattice,6,r,img/target_4.png
43,1,255,lattice,7,w,img/target_2.png
43,1,256,lattice,5,i,img/target_8.png
43,1,257,lattice,4,b,img/target_6.png
43,1,258,lattice,5,i,img/target_8.png
43,1,259,lattice,3,p,img/target_10.png
43,1,260,lattice,2,u,img/target_7.png
43,1,261,lattice,0,q,img/target_1.png
43,1,262,lattice,9,v,img/target_5.png
43,1,263,lattice,8,e,img/target_3.png
43,1,264,lattice,7,w,img/target_2.png
43,1,265,lattice,9,v,img/target_5.png
43,1,266,lattice,0,q,img/target_1.png
43,1,267,lattice,9,v,img/target_5.png
43,1,268,lattice,8,e,img/target_3.png
43,1,269,lattice,6,r,img/target_4.png
43,1,270,lattice,8,e,img/target_3.png
43,1,271,lattice,6,r,img/target_4.png
43,1,272,lattice,4,b,img/target_6.png
43,1,273,lattice,2,u,img/target_7.png
43,1,274,lattice,4,b,img/target_6.png
43,1,275,lattice,2,u,img/target_7.png
43,1,276,lattice,3,p,img/target_10.png
43,1,277,lattice,4,b,img/target_6.png
43,1,278,lattice,2,u,img/target_7.png
43,1,279,lattice,4,b,img/target_6.png
43,1,280,lattice,5,i,img/target_8.png
43,1,281,lattice,4,b,img/target_6.png
43,1,282,lattice,2,u,img/target_7.png
43,1,283,lattice,0,q,img/target_1.png
43,1,284,lattice,2,u,img/target_7.png
43,1,285,lattice,3,p,img/target_10.png
43,1,286,lattice,2,u,img/target_7.png
43,1,287,lattice,1,o,img/target_9.png
43,1,288,lattice,3,p,img/target_10.png
43,1,289,lattice,2,u,img/target_7.png
43,1,290,lattice,4,b,img/target_6.png
43,1,291,lattice,2,u,img/target_7.png
43,1,292,lattice,0,q,img/target_1.png
43,1,293,lattice,8,e,img/target_3.png
43,1,294,lattice,6,r,img/target_4.png
43,1,295,lattice,8,e,img/target_3.png
43,1,296,lattice,6,r,img/target_4.png
43,1,297,lattice,8,e,img/target_3.png
43,1,298,lattice,0,q,img/target_1.png
43,1,299,lattice,2,u,img/target_7.png
43,1,300,lattice,4,b,img/target_6.png
43,1,301,lattice,6,r,img/target_4.png
43,1,302,lattice,5,i,img/target_8.png
43,1,303,lattice,6,r,img/target_4.png
43,1,304,lattice,8,e,img/target_3.png
43,1,305,lattice,6,r,img/target_4.png
43,1,306,lattice,8,e,img/target_3.png
43,1,307,lattice,7,w,img/target_2.png
43,1,308,lattice,8,e,img/target_3.png
43,1,309,lattice,9,v,img/target_5.png
43,1,310,lattice,8,e,img/target_3.png
43,1,311,lattice,9,v,img/target_5.png
43,1,312,lattice,1,o,img/target_9.png
43,1,313,lattice,2,u,img/target_7.png
43,1,314,lattice,4,b,img/target_6.png
43,1,315,lattice,6,r,img/target_4.png
43,1,316,lattice,4,b,img/target_6.png
43,1,317,lattice,5,i,img/target_8.png
43,1,318,lattice,7,w,img/target_2.png
43,1,319,lattice,6,r,img/target_4.png
43,1,320,lattice,4,b,img/target_6.png
43,1,321,lattice,5,i,img/target_8.png
43,1,322,lattice,7,w,img/target_2.png
43,1,323,lattice,5,i,img/target_8.png
43,1,324,lattice,7,w,img/target_2.png
43,1,325,lattice,6,r,img/target_4.png
43,1,326,lattice,4,b,img/target_6.png
43,1,327,lattice,6,r,img/target_4.png
43,1,328,lattice,5,i,img/target_8.png
43,1,329,lattice,4,b,img/target_6.png
43,1,330,lattice,6,r,img/target_4.png
43,1,331,lattice,4,b,img/target_6.png
43,1,332,lattice,6,r,img/target_4.png
43,1,333,lattice,7,w,img/target_2.png
43,1,334,lattice,6,r,img/target_4.png
43,1,335,lattice,4,b,img/target_6.png
43,1,336,lattice,3,p,img/target_10.png
43,1,337,lattice,2,u,img/target_7.png
43,1,338,lattice,0,q,img/target_1.png
43,1,339,lattice,2,u,img/target_7.png
43,1,340,lattice,1,o,img/target_9.png
43,1,341,lattice,3,p,img/target_10.png
43,1,342,lattice,4,b,img/target_6.png
43,1,343,lattice,6,r,img/target_4.png
43,1,344,lattice,5,i,img/target_8.png
43,1,345,lattice,3,p,img/target_10.png
43,1,346,lattice,4,b,img/target_6.png
43,1,347,lattice,6,r,img/target_4.png
43,1,348,lattice,7,w,img/target_2.png
43,1,349,lattice,9,v,img/target_5.png
43,1,350,lattice,7,w,img/target_2.png
43,1,351,lattice,6,r,img/target_4.png
43,1,352,lattice,8,e,img/target_3.png
43,1,353,lattice,9,v,img/target_5.png
43,1,354,lattice,8,e,img/target_3.png
43,1,355,lattice,6,r,img/target_4.png
43,1,356,lattice,7,w,img/target_2.png
43,1,357,lattice,9,v,img/target_5.png
43,1,358,lattice,8,e,img/target_3.png
43,1,359,lattice,0,q,img/target_1.png
43,1,360,lattice,9,v,img/target_5.png
43,1,361,lattice,1,o,img/target_9.png
43,1,362,lattice,3,p,img/target_10.png
43,1,363,lattice,2,u,img/target_7.png
43,1,364,lattice,1,o,img/target_9.png
43,1,365,lattice,2,u,img/target_7.png
43,1,366,lattice,0,q,img/target_1.png
43,1,367,lattice,1,o,img/target_9.png
43,1,368,lattice,2,u,img/target_7.png
43,1,369,lattice,1,o,img/target_9.png
43,1,370,lattice,2,u,img/target_7.png
43,1,371,lattice,4,b,img/target_6.png
43,1,372,lattice,3,p,img/target_10.png
43,1,373,lattice,2,u,img/target_7.png
43,1,374,lattice,3,p,img/target_10.png
43,1,375,lattice,2,u,img/target_7.png
43,1,376,lattice,4,b,img/target_6.png
43,1,377,lattice,3,p,img/target_10.png
43,1,378,lattice,2,u,img/target_7.png
43,1,379,lattice,0,q,img/target_1.png
43,1,380,lattice,9,v,img/target_5.png
43,1,381,lattice,7,w,img/target_2.png
43,1,382,lattice,8,e,img/target_3.png
43,1,383,lattice,7,w,img/target_2.png
43,1,384,lattice,9,v,img/target_5.png
43,1,385,lattice,7,w,img/target_2.png
43,1,386,lattice,5,i,img/target_8.png
43,1,387,lattice,3,p,img/target_10.png
43,1,388,lattice,2,u,img/target_7.png
43,1,389,lattice,0,q,img/target_1.png
43,1,390,lattice,1,o,img/target_9.png
43,1,391,lattice,9,v,img/target_5.png
43,1,392,lattice,0,q,img/target_1.png
43,1,393,lattice,1,o,img/target_9.png
43,1,394,lattice,9,v,img/target_5.png
43,1,395,lattice,7,w,img/target_2.png
43,1,396,lattice,9,v,img/target_5.png
43,1,397,lattice,8,e,img/target_3.png
43,1,398,lattice,6,r,img/target_4.png
43,1,399,lattice,4,b,img/target_6.png
43,1,400,lattice,5,i,img/target_8.png
43,1,401,lattice,4,b,img/target_6.png
43,1,402,lattice,3,p,img/target_10.png
43,1,403,lattice,2,u,img/target_7.png
43,1,404,lattice,4,b,img/target_6.png
43,1,405,lattice,3,p,img/target_10.png
43,1,406,lattice,2,u,img/target_7.png
43,1,407,lattice,1,o,img/target_9.png
43,1,408,lattice,2,u,img/target_7.png
43,1,409,lattice,3,p,img/target_10.png
43,1,410,lattice,5,i,img/target_8.png
43,1,411,lattice,6,r,img/target_4.png
43,1,412,lattice,8,e,img/target_3.png
43,1,413,lattice,7,w,img/target_2.png
43,1,414,lattice,5,i,img/target_8.png
43,1,415,lattice,4,b,img/target_6.png
43,1,416,lattice,3,p,img/target_10.png
43,1,417,lattice,5,i,img/target_8.png
43,1,418,lattice,3,p,img/target_10.png
43,1,419,lattice,1,o,img/target_9.png
43,1,420,lattice,9,v,img/target_5.png
43,1,421,lattice,7,w,img/target_2.png
43,1,422,lattice,8,e,img/target_3.png
43,1,423,lattice,9,v,img/target_5.png
43,1,424,lattice,1,o,img/target_9.png
43,1,425,lattice,0,q,img/target_1.png
43,1,426,lattice,1,o,img/target_9.png
43,1,427,lattice,3,p,img/target_10.png
43,1,428,lattice,1,o,img/target_9.png
43,1,429,lattice,0,q,img/target_1.png
43,1,430,lattice,2,u,img/target_7.png
43,1,431,lattice,4,b,img/target_6.png
43,1,432,lattice,6,r,img/target_4.png
43,1,433,lattice,8,e,img/target_3.png
43,1,434,lattice,7,w,img/target_2.png
43,1,435,lattice,8,e,img/target_3.png
43,1,436,lattice,0,q,img/target_1.png
43,1,437,lattice,1,o,img/target_9.png
43,1,438,lattice,2,u,img/target_7.png
43,1,439,lattice,1,o,img/target_9.png
43,1,440,lattice,2,u,img/target_7.png
43,1,441,lattice,1,o,img/target_9.png
43,1,442,lattice,9,v,img/target_5.png
43,1,443,lattice,8,e,img/target_3.png
43,1,444,lattice,7,w,img/target_2.png
43,1,445,lattice,5,i,img/target_8.png
43,1,446,lattice,6,r,img/target_4.png
43,1,447,lattice,4,b,img/target_6.png
43,1,448,lattice,2,u,img/target_7.png
43,1,449,lattice,0,q,img/target_1.png
43,1,450,lattice,9,v,img/target_5.png
43,1,451,lattice,8,e,img/target_3.png
43,1,452,lattice,6,r,img/target_4.png
43,1,453,lattice,5,i,img/target_8.png
43,1,454,lattice,3,p,img/target_10.png
43,1,455,lattice,4,b,img/target_6.png
43,1,456,lattice,6,r,img/target_4.png
43,1,457,lattice,5,i,img/target_8.png
43,1,458,lattice,4,b,img/target_6.png
43,1,459,lattice,2,u,img/target_7.png
43,1,460,lattice,3,p,img/target_10.png
43,1,461,lattice,2,u,img/target_7.png
43,1,462,lattice,1,o,img/target_9.png
43,1,463,lattice,3,p,img/target_10.png
43,1,464,lattice,5,i,img/target_8.png
43,1,465,lattice,4,b,img/target_6.png
43,1,466,lattice,2,u,img/target_7.png
43,1,467,lattice,4,b,img/target_6.png
43,1,468,lattice,3,p,img/target_10.png
43,1,469,lattice,5,i,img/target_8.png
43,1,470,lattice,4,b,img/target_6.png
43,1,471,lattice,3,p,img/target_10.png
43,1,472,lattice,2,u,img/target_7.png
43,1,473,lattice,3,p,img/target_10.png
43,1,474,lattice,5,i,img/target_8.png
43,1,475,lattice,4,b,img/target_6.png
43,1,476,lattice,2,u,img/target_7.png
43,1,477,lattice,4,b,img/target_6.png
43,1,478,lattice,6,r,img/target_4.png
43,1,479,lattice,4,b,img/target_6.png
43,1,480,lattice,3,p,img/target_10.png
43,1,481,lattice,4,b,img/target_6.png
43,1,482,lattice,3,p,img/target_10.png
43,1,483,lattice,1,o,img/target_9.png
43,1,484,lattice,0,q,img/target_1.png
43,1,485,lattice,8,e,img/target_3.png
43,1,486,lattice,6,r,img/target_4.png
43,1,487,lattice,4,b,img/target_6.png
43,1,488,lattice,5,i,img/target_8.png
43,1,489,lattice,3,p,img/target_10.png
43,1,490,lattice,1,o,img/target_9.png
43,1,491,lattice,3,p,img/target_10.png
43,1,492,lattice,4,b,img/target_6.png
43,1,493,lattice,3,p,img/target_10.png
43,1,494,lattice,5,i,img/target_8.png
43,1,495,lattice,7,w,img/target_2.png
43,1,496,lattice,8,e,img/target_3.png
43,1,497,lattice,7,w,img/target_2.png
43,1,498,lattice,8,e,img/target_3.png
43,1,499,lattice,6,r,img/target_4.png
43,1,500,lattice,8,e,img/target_3.png
43,1,501,lattice,0,q,img/target_1.png
43,1,502,lattice,9,v,img/target_5.png
43,1,503,lattice,8,e,img/target_3.png
43,1,504,lattice,0,q,img/target_1.png
43,1,505,lattice,1,o,img/target_9.png
43,1,506,lattice,0,q,img/target_1.png
43,1,507,lattice,2,u,img/target_7.png
43,1,508,lattice,1,o,img/target_9.png
43,1,509,lattice,0,q,img/target_1.png
43,1,510,lattice,8,e,img/target_3.png
43,1,511,lattice,9,v,img/target_5.png
43,1,512,lattice,7,w,img/target_2.png
43,1,513,lattice,9,v,img/target_5.png
43,1,514,lattice,7,w,img/target_2.png
43,1,515,lattice,8,e,img/target_3.png
43,1,516,lattice,0,q,img/target_1.png
43,1,517,lattice,8,e,img/target_3.png
43,1,518,lattice,6,r,img/target_4.png
43,1,519,lattice,7,w,img/target_2.png
43,1,520,lattice,5,i,img/target_8.png
43,1,521,lattice,4,b,img/target_6.png
43,1,522,lattice,6,r,img/target_4.png
43,1,523,lattice,5,i,img/target_8.png
43,1,524,lattice,4,b,img/target_6.png
43,1,525,lattice,2,u,img/target_7.png
43,1,526,lattice,4,b,img/target_6.png
43,1,527,lattice,6,r,img/target_4.png
43,1,528,lattice,7,w,img/target_2.png
43,1,529,lattice,9,v,img/target_5.png
43,1,530,lattice,1,o,img/target_9.png
43,1,531,lattice,3,p,img/target_10.png
43,1,532,lattice,5,i,img/target_8.png
43,1,533,lattice,3,p,img/target_10.png
43,1,534,lattice,4,b,img/target_6.png
43,1,535,lattice,3,p,img/target_10.png
43,1,536,lattice,1,o,img/target_9.png
43,1,537,lattice,2,u,img/target_7.png
43,1,538,lattice,3,p,img/target_10.png
43,1,539,lattice,1,o,img/target_9.png
43,1,540,lattice,9,v,img/target_5.png
43,1,541,lattice,8,e,img/target_3.png
43,1,542,lattice,6,r,img/target_4.png
43,1,543,lattice,8,e,img/target_3.png
43,1,544,lattice,6,r,img/target_4.png
43,1,545,lattice,5,i,img/target_8.png
43,1,546,lattice,4,b,img/target_6.png
43,1,547,lattice,5,i,img/target_8.png
43,1,548,lattice,4,b,img/target_6.png
43,1,549,lattice,3,p,img/target_10.png
43,1,550,lattice,2,u,img/target_7.png
43,1,551,lattice,3,p,img/target_10.png
43,1,552,lattice,2,u,img/target_7.png
43,1,553,lattice,3,p,img/target_10.png
43,1,554,lattice,5,i,img/target_8.png
43,1,555,lattice,7,w,img/target_2.png
43,1,556,lattice,6,r,img/target_4.png
43,1,557,lattice,8,e,img/target_3.png
43,1,558,lattice,9,v,img/target_5.png
43,1,559,lattice,8,e,img/target_3.png
43,1,560,lattice,9,v,img/target_5.png
43,1,561,lattice,1,o,img/target_9.png
43,1,562,lattice,9,v,img/target_5.png
43,1,563,lattice,8,e,img/target_3.png
43,1,564,lattice,6,r,img/target_4.png
43,1,565,lattice,8,e,img/target_3.png
43,1,566,lattice,0,q,img/target_1.png
43,1,567,lattice,1,o,img/target_9.png
43,1,568,lattice,2,u,img/target_7.png
43,1,569,lattice,4,b,img/target_6.png
43,1,570,lattice,2,u,img/target_7.png
43,1,571,lattice,1,o,img/target_9.png
43,1,572,lattice,3,p,img/target_10.png
43,1,573,lattice,4,b,img/target_6.png
43,1,574,lattice,5,i,img/target_8.png
43,1,575,lattice,4,b,img/target_6.png
43,1,576,lattice,3,p,img/target_10.png
43,1,577,lattice,2,u,img/target_7.png
43,1,578,lattice,1,o,img/target_9.png
43,1,579,lattice,3,p,img/target_10.png
43,1,580,lattice,1,o,img/target_9.png
43,1,581,lattice,3,p,img/target_10.png
43,1,582,lattice,2,u,img/target_7.png
43,1,583,lattice,0,q,img/target_1.png
43,1,584,lattice,1,o,img/target_9.png
43,1,585,lattice,3,p,img/target_10.png
43,1,586,lattice,2,u,img/target_7.png
43,1,587,lattice,0,q,img/target_1.png
43,1,588,lattice,9,v,img/target_5.png
43,1,589,lattice,1,o,img/target_9.png
43,1,590,lattice,3,p,img/target_10.png
43,1,591,lattice,1,o,img/target_9.png
43,1,592,lattice,0,q,img/target_1.png
43,1,593,lattice,1,o,img/target_9.png
43,1,594,lattice,9,v,img/target_5.png
43,1,595,lattice,1,o,img/target_9.png
43,1,596,lattice,0,q,img/target_1.png
43,1,597,lattice,2,u,img/target_7.png
43,1,598,lattice,0,q,img/target_1.png
43,1,599,lattice,2,u,img/target_7.png
43,1,600,lattice,1,o,img/target_9.png
43,1,601,lattice,3,p,img/target_10.png
43,1,602,lattice,2,u,img/target_7.png
43,1,603,lattice,3,p,img/target_10.png
43,1,604,lattice,1,o,img/target_9.png
43,1,605,lattice,9,v,img/target_5.png
43,1,606,lattice,8,e,img/target_3.png
43,1,607,lattice,9,v,img/target_5.png
43,1,608,lattice,0,q,img/target_1.png
43,1,609,lattice,2,u,img/target_7.png
43,1,610,lattice,4,b,img/target_6.png
43,1,611,lattice,6,r,img/target_4.png
43,1,612,lattice,5,i,img/target_8.png
43,1,613,lattice,4,b,img/target_6.png
43,1,614,lattice,6,r,img/target_4.png
43,1,615,lattice,4,b,img/target_6.png
43,1,616,lattice,6,r,img/target_4.png
43,1,617,lattice,4,b,img/target_6.png
43,1,618,lattice,2,u,img/target_7.png
43,1,619,lattice,4,b,img/target_6.png
43,1,620,lattice,6,r,img/target_4.png
43,1,621,lattice,4,b,img/target_6.png
43,1,622,lattice,3,p,img/target_10.png
43,1,623,lattice,1,o,img/target_9.png
43,1,624,lattice,2,u,img/target_7.png
43,1,625,lattice,0,q,img/target_1.png
43,1,626,lattice,8,e,img/target_3.png
43,1,627,lattice,0,q,img/target_1.png
43,1,628,lattice,2,u,img/target_7.png
43,1,629,lattice,1,o,img/target_9.png
43,1,630,lattice,9,v,img/target_5.png
43,1,631,lattice,7,w,img/target_2.png
43,1,632,lattice,5,i,img/target_8.png
43,1,633,lattice,6,r,img/target_4.png
43,1,634,lattice,4,b,img/target_6.png
43,1,635,lattice,2,u,img/target_7.png
43,1,636,lattice,0,q,img/target_1.png
43,1,637,lattice,9,v,img/target_5.png
43,1,638,lattice,7,w,img/target_2.png
43,1,639,lattice,9,v,img/target_5.png
43,1,640,lattice,0,q,img/target_1.png
43,1,641,lattice,2,u,img/target_7.png
43,1,642,lattice,1,o,img/target_9.png
43,1,643,lattice,2,u,img/target_7.png
43,1,644,lattice,3,p,img/target_10.png
43,1,645,lattice,1,o,img/target_9.png
43,1,646,lattice,9,v,img/target_5.png
43,1,647,lattice,8,e,img/target_3.png
43,1,648,lattice,9,v,img/target_5.png
43,1,649,lattice,8,e,img/target_3.png
43,1,650,lattice,9,v,img/target_5.png
43,1,651,lattice,8,e,img/target_3.png
43,1,652,lattice,0,q,img/target_1.png
43,1,653,lattice,2,u,img/target_7.png
43,1,654,lattice,3,p,img/target_10.png
43,1,655,lattice,4,b,img/target_6.png
43,1,656,lattice,3,p,img/target_10.png
43,1,657,lattice,4,b,img/target_6.png
43,1,658,lattice,3,p,img/target_10.png
43,1,659,lattice,1,o,img/target_9.png
43,1,660,lattice,2,u,img/target_7.png
43,1,661,lattice,4,b,img/target_6.png
43,1,662,lattice,2,u,img/target_7.png
43,1,663,lattice,3,p,img/target_10.png
43,1,664,lattice,4,b,img/target_6.png
43,1,665,lattice,5,i,img/target_8.png
43,1,666,lattice,6,r,img/target_4.png
43,1,667,lattice,5,i,img/target_8.png
43,1,668,lattice,6,r,img/target_4.png
43,1,669,lattice,4,b,img/target_6.png
43,1,670,lattice,5,i,img/target_8.png
43,1,671,lattice,4,b,img/target_6.png
43,1,672,lattice,6,r,img/target_4.png
43,1,673,lattice,8,e,img/target_3.png
43,1,674,lattice,7,w,img/target_2.png
43,1,675,lattice,5,i,img/target_8.png
43,1,676,lattice,7,w,img/target_2.png
43,1,677,lattice,9,v,img/target_5.png
43,1,678,lattice,1,o,img/target_9.png
43,1,679,lattice,3,p,img/target_10.png
43,1,680,lattice,2,u,img/target_7.png
43,1,681,lattice,3,p,img/target_10.png
43,1,682,lattice,1,o,img/target_9.png
43,1,683,lattice,2,u,img/target_7.png
43,1,684,lattice,4,b,img/target_6.png
43,1,685,lattice,5,i,img/target_8.png
43,1,686,lattice,6,r,img/target_4.png
43,1,687,lattice,7,w,img/target_2.png
43,1,688,lattice,9,v,img/target_5.png
43,1,689,lattice,7,w,img/target_2.png
43,1,690,lattice,8,e,img/target_3.png
43,1,691,lattice,0,q,img/target_1.png
43,1,692,lattice,8,e,img/target_3.png
43,1,693,lattice,7,w,img/target_2.png
43,1,694,lattice,8,e,img/target_3.png
43,1,695,lattice,0,q,img/target_1.png
43,1,696,lattice,2,u,img/target_7.png
43,1,697,lattice,3,p,img/target_10.png
43,1,698,lattice,4,b,img/target_6.png
43,1,699,lattice,5,i,img/target_8.png
43,1,700,lattice,6,r,img/target_4.png
43,1,701,lattice,8,e,img/target_3.png
43,1,702,lattice,0,q,img/target_1.png
43,1,703,lattice,9,v,img/target_5.png
43,1,704,lattice,7,w,img/target_2.png
43,1,705,lattice,8,e,img/target_3.png
43,1,706,lattice,7,w,img/target_2.png
43,1,707,lattice,9,v,img/target_5.png
43,1,708,lattice,0,q,img/target_1.png
43,1,709,lattice,9,v,img/target_5.png
43,1,710,lattice,8,e,img/target_3.png
43,1,711,lattice,0,q,img/target_1.png
43,1,712,lattice,9,v,img/target_5.png
43,1,713,lattice,8,e,img/target_3.png
43,1,714,lattice,0,q,img/target_1.png
43,1,715,lattice,2,u,img/target_7.png
43,1,716,lattice,4,b,img/target_6.png
43,1,717,lattice,6,r,img/target_4.png
43,1,718,lattice,7,w,img/target_2.png
43,1,719,lattice,9,v,img/target_5.png
43,1,720,lattice,7,w,img/target_2.png
43,1,721,lattice,6,r,img/target_4.png
43,1,722,lattice,7,w,img/target_2.png
43,1,723,lattice,6,r,img/target_4.png
43,1,724,lattice,5,i,img/target_8.png
43,1,725,lattice,7,w,img/target_2.png
43,1,726,lattice,8,e,img/target_3.png
43,1,727,lattice,7,w,img/target_2.png
43,1,728,lattice,5,i,img/target_8.png
43,1,729,lattice,3,p,img/target_10.png
43,1,730,lattice,2,u,img/target_7.png
43,1,731,lattice,3,p,img/target_10.png
43,1,732,lattice,1,o,img/target_9.png
43,1,733,lattice,0,q,img/target_1.png
43,1,734,lattice,9,v,img/target_5.png
43,1,735,lattice,8,e,img/target_3.png
43,1,736,lattice,6,r,img/target_4.png
43,1,737,lattice,7,w,img/target_2.png
43,1,738,lattice,5,i,img/target_8.png
43,1,739,lattice,4,b,img/target_6.png
43,1,740,lattice,6,r,img/target_4.png
43,1,741,lattice,7,w,img/target_2.png
43,1,742,lattice,5,i,img/target_8.png
43,1,743,lattice,7,w,img/target_2.png
43,1,744,lattice,5,i,img/target_8.png
43,1,745,lattice,6,r,img/target_4.png
43,1,746,lattice,5,i,img/target_8.png
43,1,747,lattice,3,p,img/target_10.png
43,1,748,lattice,1,o,img/target_9.png
43,1,749,lattice,2,u,img/target_7.png
43,1,750,lattice,1,o,img/target_9.png
43,1,751,lattice,3,p,img/target_10.png
43,1,752,lattice,5,i,img/target_8.png
43,1,753,lattice,4,b,img/target_6.png
43,1,754,lattice,5,i,img/target_8.png
43,1,755,lattice,7,w,img/target_2.png
43,1,756,lattice,9,v,img/target_5.png
43,1,757,lattice,8,e,img/target_3.png
43,1,758,lattice,7,w,img/target_2.png
43,1,759,lattice,9,v,img/target_5.png
43,1,760,lattice,0,q,img/target_1.png
43,1,761,lattice,8,e,img/target_3.png
43,1,762,lattice,7,w,img/target_2.png
43,1,763,lattice,8,e,img/target_3.png
43,1,764,lattice,7,w,img/target_2.png
43,1,765,lattice,9,v,img/target_5.png
43,1,766,lattice,0,q,img/target_1.png
43,1,767,lattice,9,v,img/target_5.png
43,1,768,lattice,1,o,img/target_9.png
43,1,769,lattice,9,v,img/target_5.png
43,1,770,lattice,1,o,img/target_9.png
43,1,771,lattice,2,u,img/target_7.png
43,1,772,lattice,1,o,img/target_9.png
43,1,773,lattice,9,v,img/target_5.png
43,1,774,lattice,0,q,img/target_1.png
43,1,775,lattice,8,e,img/target_3.png
43,1,776,lattice,0,q,img/target_1.png
43,1,777,lattice,2,u,img/target_7.png
43,1,778,lattice,1,o,img/target_9.png
43,1,779,lattice,2,u,img/target_7.png
43,1,780,lattice,0,q,img/target_1.png
43,1,781,lattice,9,v,img/target_5.png
43,1,782,lattice,1,o,img/target_9.png
43,1,783,lattice,2,u,img/target_7.png
43,1,784,lattice,4,b,img/target_6.png
43,1,785,lattice,2,u,img/target_7.png
43,1,786,lattice,4,b,img/target_6.png
43,1,787,lattice,5,i,img/target_8.png
43,1,788,lattice,4,b,img/target_6.png
43,1,789,lattice,2,u,img/target_7.png
43,1,790,lattice,1,o,img/target_9.png
43,1,791,lattice,2,u,img/target_7.png
43,1,792,lattice,4,b,img/target_6.png
43,1,793,lattice,5,i,img/target_8.png
43,1,794,lattice,6,r,img/target_4.png
43,1,795,lattice,4,b,img/target_6.png
43,1,796,lattice,3,p,img/target_10.png
43,1,797,lattice,1,o,img/target_9.png
43,1,798,lattice,2,u,img/target_7.png
43,1,799,lattice,3,p,img/target_10.png
43,1,800,lattice,5,i,img/target_8.png
43,1,801,lattice,7,w,img/target_2.png
43,1,802,lattice,5,i,img/target_8.png
43,1,803,lattice,7,w,img/target_2.png
43,1,804,lattice,6,r,img/target_4.png
43,1,805,lattice,5,i,img/target_8.png
43,1,806,lattice,3,p,img/target_10.png
43,1,807,lattice,2,u,img/target_7.png
43,1,808,lattice,0,q,img/target_1.png
43,1,809,lattice,9,v,img/target_5.png
43,1,810,lattice,8,e,img/target_3.png
43,1,811,lattice,7,w,img/target_2.png
43,1,812,lattice,6,r,img/target_4.png
43,1,813,lattice,4,b,img/target_6.png
43,1,814,lattice,3,p,img/target_10.png
43,1,815,lattice,4,b,img/target_6.png
43,1,816,lattice,6,r,img/target_4.png
43,1,817,lattice,5,i,img/target_8.png
43,1,818,lattice,6,r,img/target_4.png
43,1,819,lattice,7,w,img/target_2.png
43,1,820,lattice,6,r,img/target_4.png
43,1,821,lattice,8,e,img/target_3.png
43,1,822,lattice,9,v,img/target_5.png
43,1,823,lattice,8,e,img/target_3.png
43,1,824,lattice,6,r,img/target_4.png
43,1,825,lattice,5,i,img/target_8.png
43,1,826,lattice,4,b,img/target_6.png
43,1,827,lattice,6,r,img/target_4.png
43,1,828,lattice,5,i,img/target_8.png
43,1,829,lattice,3,p,img/target_10.png
43,1,830,lattice,2,u,img/target_7.png
43,1,831,lattice,0,q,img/target_1.png
43,1,832,lattice,9,v,img/target_5.png
43,1,833,lattice,8,e,img/target_3.png
43,1,834,lattice,9,v,img/target_5.png
43,1,835,lattice,8,e,img/target_3.png
43,1,836,lattice,6,r,img/target_4.png
43,1,837,lattice,5,i,img/target_8.png
43,1,838,lattice,4,b,img/target_6.png
43,1,839,lattice,5,i,img/target_8.png
43,1,840,lattice,7,w,img/target_2.png
43,1,841,lattice,8,e,img/target_3.png
43,1,842,lattice,0,q,img/target_1.png
43,1,843,lattice,8,e,img/target_3.png
43,1,844,lattice,0,q,img/target_1.png
43,1,845,lattice,2,u,img/target_7.png
43,1,846,lattice,3,p,img/target_10.png
43,1,847,lattice,4,b,img/target_6.png
43,1,848,lattice,6,r,img/target_4.png
43,1,849,lattice,5,i,img/target_8.png
43,1,850,lattice,7,w,img/target_2.png
43,1,851,lattice,8,e,img/target_3.png
43,1,852,lattice,6,r,img/target_4.png
43,1,853,lattice,5,i,img/target_8.png
43,1,854,lattice,7,w,img/target_2.png
43,1,855,lattice,9,v,img/target_5.png
43,1,856,lattice,0,q,img/target_1.png
43,1,857,lattice,8,e,img/target_3.png
43,1,858,lattice,9,v,img/target_5.png
43,1,859,lattice,0,q,img/target_1.png
43,1,860,lattice,1,o,img/target_9.png
43,1,861,lattice,2,u,img/target_7.png
43,1,862,lattice,1,o,img/target_9.png
43,1,863,lattice,2,u,img/target_7.png
43,1,864,lattice,0,q,img/target_1.png
43,1,865,lattice,8,e,img/target_3.png
43,1,866,lattice,9,v,img/target_5.png
43,1,867,lattice,8,e,img/target_3.png
43,1,868,lattice,0,q,img/target_1.png
43,1,869,lattice,8,e,img/target_3.png
43,1,870,lattice,0,q,img/target_1.png
43,1,871,lattice,9,v,img/target_5.png
43,1,872,lattice,7,w,img/target_2.png
43,1,873,lattice,8,e,img/target_3.png
43,1,874,lattice,0,q,img/target_1.png
43,1,875,lattice,8,e,img/target_3.png
43,1,876,lattice,0,q,img/target_1.png
43,1,877,lattice,8,e,img/target_3.png
43,1,878,lattice,9,v,img/target_5.png
43,1,879,lattice,7,w,img/target_2.png
43,1,880,lattice,5,i,img/target_8.png
43,1,881,lattice,3,p,img/target_10.png
43,1,882,lattice,5,i,img/target_8.png
43,1,883,lattice,6,r,img/target_4.png
43,1,884,lattice,7,w,img/target_2.png
43,1,885,lattice,9,v,img/target_5.png
43,1,886,lattice,0,q,img/target_1.png
43,1,887,lattice,1,o,img/target_9.png
43,1,888,lattice,3,p,img/target_10.png
43,1,889,lattice,2,u,img/target_7.png
43,1,890,lattice,0,q,img/target_1.png
43,1,891,lattice,9,v,img/target_5.png
43,1,892,lattice,0,q,img/target_1.png
43,1,893,lattice,9,v,img/target_5.png
43,1,894,lattice,8,e,img/target_3.png
43,1,895,lattice,7,w,img/target_2.png
43,1,896,lattice,6,r,img/target_4.png
43,1,897,lattice,7,w,img/target_2.png
43,1,898,lattice,9,v,img/target_5.png
43,1,899,lattice,8,e,img/target_3.png
43,1,900,lattice,0,q,img/target_1.png
43,1,901,lattice,1,o,img/target_9.png
43,1,902,lattice,2,u,img/target_7.png
43,1,903,lattice,0,q,img/target_1.png
43,1,904,lattice,8,e,img/target_3.png
43,1,905,lattice,6,r,img/target_4.png
43,1,906,lattice,8,e,img/target_3.png
43,1,907,lattice,6,r,img/target_4.png
43,1,908,lattice,8,e,img/target_3.png
43,1,909,lattice,6,r,img/target_4.png
43,1,910,lattice,7,w,img/target_2.png
43,1,911,lattice,6,r,img/target_4.png
43,1,912,lattice,7,w,img/target_2.png
43,1,913,lattice,8,e,img/target_3.png
43,1,914,lattice,9,v,img/target_5.png
43,1,915,lattice,7,w,img/target_2.png
43,1,916,lattice,8,e,img/target_3.png
43,1,917,lattice,7,w,img/target_2.png
43,1,918,lattice,8,e,img/target_3.png
43,1,919,lattice,6,r,img/target_4.png
43,1,920,lattice,4,b,img/target_6.png
43,1,921,lattice,3,p,img/target_10.png
43,1,922,lattice,2,u,img/target_7.png
43,1,923,lattice,3,p,img/target_10.png
43,1,924,lattice,4,b,img/target_6.png
43,1,925,lattice,5,i,img/target_8.png
43,1,926,lattice,4,b,img/target_6.png
43,1,927,lattice,3,p,img/target_10.png
43,1,928,lattice,2,u,img/target_7.png
43,1,929,lattice,0,q,img/target_1.png
43,1,930,lattice,1,o,img/target_9.png
43,1,931,lattice,9,v,img/target_5.png
43,1,932,lattice,1,o,img/target_9.png
43,1,933,lattice,3,p,img/target_10.png
43,1,934,lattice,1,o,img/target_9.png
43,1,935,lattice,0,q,img/target_1.png
43,1,936,lattice,8,e,img/target_3.png
43,1,937,lattice,6,r,img/target_4.png
43,1,938,lattice,4,b,img/target_6.png
43,1,939,lattice,3,p,img/target_10.png
43,1,940,lattice,4,b,img/target_6.png
43,1,941,lattice,2,u,img/target_7.png
43,1,942,lattice,3,p,img/target_10.png
43,1,943,lattice,4,b,img/target_6.png
43,1,944,lattice,5,i,img/target_8.png
43,1,945,lattice,7,w,img/target_2.png
43,1,946,lattice,6,r,img/target_4.png
43,1,947,lattice,4,b,img/target_6.png
43,1,948,lattice,3,p,img/target_10.png
43,1,949,lattice,1,o,img/target_9.png
43,1,950,lattice,3,p,img/target_10.png
43,1,951,lattice,4,b,img/target_6.png
43,1,952,lattice,5,i,img/target_8.png
43,1,953,lattice,4,b,img/target_6.png
43,1,954,lattice,2,u,img/target_7.png
43,1,955,lattice,1,o,img/target_9.png
43,1,956,lattice,0,q,img/target_1.png
43,1,957,lattice,9,v,img/target_5.png
43,1,958,lattice,7,w,img/target_2.png
43,1,959,lattice,9,v,img/target_5.png
43,1,960,lattice,0,q,img/target_1.png
43,1,961,lattice,9,v,img/target_5.png
43,1,962,lattice,0,q,img/target_1.png
43,1,963,lattice,2,u,img/target_7.png
43,1,964,lattice,1,o,img/target_9.png
43,1,965,lattice,2,u,img/target_7.png
43,1,966,lattice,0,q,img/target_1.png
43,1,967,lattice,1,o,img/target_9.png
43,1,968,lattice,0,q,img/target_1.png
43,1,969,lattice,8,e,img/target_3.png
43,1,970,lattice,6,r,img/target_4.png
43,1,971,lattice,7,w,img/target_2.png
43,1,972,lattice,8,e,img/target_3.png
43,1,973,lattice,7,w,img/target_2.png
43,1,974,lattice,8,e,img/target_3.png
43,1,975,lattice,6,r,img/target_4.png
43,1,976,lattice,4,b,img/target_6.png
43,1,977,lattice,3,p,img/target_10.png
43,1,978,lattice,1,o,img/target_9.png
43,1,979,lattice,9,v,img/target_5.png
43,1,980,lattice,0,q,img/target_1.png
43,1,981,lattice,9,v,img/target_5.png
43,1,982,lattice,1,o,img/target_9.png
43,1,983,lattice,9,v,img/target_5.png
43,1,984,lattice,7,w,img/target_2.png
43,1,985,lattice,9,v,img/target_5.png
43,1,986,lattice,8,e,img/target_3.png
43,1,987,lattice,9,v,img/target_5.png
43,1,988,lattice,0,q,img/target_1.png
43,1,989,lattice,9,v,img/target_5.png
43,1,990,lattice,7,w,img/target_2.png
43,1,991,lattice,5,i,img/target_8.png
43,1,992,lattice,4,b,img/target_6.png
43,1,993,lattice,3,p,img/target_10.png
43,1,994,lattice,4,b,img/target_6.png
43,1,995,lattice,6,r,img/target_4.png
43,1,996,lattice,8,e,img/target_3.png
43,1,997,lattice,6,r,img/target_4.png
43,1,998,lattice,5,i,img/target_8.png
43,1,999,lattice,7,w,img/target_2.png
43,1,1000,lattice,8,e,img/target_3.png
