pID,sess,trialNum,graph,walk,resp,path
43,2,1,lattice,6,r,img/target_4.png
43,2,2,lattice,8,e,img/target_3.png
43,2,3,lattice,6,r,img/target_4.png
43,2,4,lattice,4,b,img/target_6.png
43,2,5,lattice,3,p,img/target_10.png
43,2,6,lattice,1,o,img/target_9.png
43,2,7,lattice,2,u,img/target_7.png
43,2,8,lattice,4,b,img/target_6.png
43,2,9,lattice,6,r,img/target_4.png
43,2,10,lattice,5,i,img/target_8.png
43,2,11,lattice,3,p,img/target_10.png
43,2,12,lattice,1,o,img/target_9.png
43,2,13,lattice,9,v,img/target_5.png
43,2,14,lattice,7,w,img/target_2.png
43,2,15,lattice,5,i,img/target_8.png
43,2,16,lattice,4,b,img/target_6.png
43,2,17,lattice,5,i,img/target_8.png
43,2,18,lattice,7,w,img/target_2.png
43,2,19,lattice,8,e,img/target_3.png
43,2,20,lattice,0,q,img/target_1.png
43,2,21,lattice,1,o,img/target_9.png
43,2,22,lattice,0,q,img/target_1.png
43,2,23,lattice,1,o,img/target_9.png
43,2,24,lattice,9,v,img/target_5.png
43,2,25,lattice,1,o,img/target_9.png
43,2,26,lattice,2,u,img/target_7.png
43,2,27,lattice,0,q,img/target_1.png
43,2,28,lattice,1,o,img/target_9.png
43,2,29,lattice,2,u,img/target_7.png
43,2,30,lattice,0,q,img/target_1.png
43,2,31,lattice,1,o,img/target_9.png
43,2,32,lattice,0,q,img/target_1.png
43,2,33,lattice,9,v,img/target_5.png
43,2,34,lattice,1,o,img/target_9.png
43,2,35,lattice,0,q,img/target_1.png
43,2,36,lattice,2,u,img/target_7.png
43,2,37,lattice,0,q,img/target_1.png
43,2,38,lattice,2,u,img/target_7.png
43,2,39,lattice,0,q,img/target_1.png
43,2,40,lattice,2,u,img/target_7.png
43,2,41,lattice,0,q,img/target_1.png
43,2,42,lattice,2,u,img/target_7.png
43,2,43,lattice,0,q,img/target_1.png
43,2,44,lattice,2,u,img/target_7.png
43,2,45,lattice,1,o,img/target_9.png
43,2,46,lattice,3,p,img/target_10.png
43,2,47,lattice,4,b,img/target_6.png
43,2,48,lattice,3,p,img/target_10.png
43,2,49,lattice,1,o,img/target_9.png
43,2,50,lattice,9,v,img/target_5.png
43,2,51,lattice,0,q,img/target_1.png
43,2,52,lattice,9,v,img/target_5.png
43,2,53,lattice,8,e,img/target_3.png
43,2,54,lattice,0,q,img/target_1.png
43,2,55,lattice,1,o,img/target_9.png
43,2,56,lattice,9,v,img/target_5.png
43,2,57,lattice,8,e,img/target_3.png
43,2,58,lattice,0,q,img/target_1.png
43,2,59,lattice,1,o,img/target_9.png
43,2,60,lattice,2,u,img/target_7.png
43,2,61,lattice,3,p,img/target_10.png
43,2,62,lattice,1,o,img/target_9.png
43,2,63,lattice,2,u,img/target_7.png
43,2,64,lattice,3,p,img/target_10.png
43,2,65,lattice,2,u,img/target_7.png
43,2,66,lattice,1,o,img/target_9.png
43,2,67,lattice,3,p,img/target_10.png
43,2,68,lattice,2,u,img/target_7.png
43,2,69,lattice,4,b,img/target_6.png
43,2,70,lattice,5,i,img/target_8.png
43,2,71,lattice,3,p,img/target_10.png
43,2,72,lattice,4,b,img/target_6.png
43,2,73,lattice,3,p,img/target_10.png
43,2,74,lattice,4,b,img/target_6.png
43,2,75,lattice,3,p,img/target_10.png
43,2,76,lattice,2,u,img/target_7.png
43,2,77,lattice,0,q,img/target_1.png
43,2,78,lattice,9,v,img/target_5.png
43,2,79,lattice,8,e,img/target_3.png
43,2,80,lattice,9,v,img/target_5.png
43,2,81,lattice,1,o,img/target_9.png
43,2,82,lattice,2,u,img/target_7.png
43,2,83,lattice,4,b,img/target_6.png
43,2,84,lattice,5,i,img/target_8.png
43,2,85,lattice,7,w,img/target_2.png
43,2,86,lattice,5,i,img/target_8.png
43,2,87,lattice,6,r,img/target_4.png
43,2,88,lattice,4,b,img/target_6.png
43,2,89,lattice,6,r,img/target_4.png
43,2,90,lattice,4,b,img/target_6.png
43,2,91,lattice,2,u,img/target_7.png
43,2,92,lattice,1,o,img/target_9.png
43,2,93,lattice,3,p,img/target_10.png
43,2,94,lattice,1,o,img/target_9.png
43,2,95,lattice,2,u,img/target_7.png
43,2,96,lattice,1,o,img/target_9.png
43,2,97,lattice,0,q,img/target_1.png
43,2,98,lattice,2,u,img/target_7.png
43,2,99,lattice,0,q,img/target_1.png
43,2,100,lattice,2,u,img/target_7.png
43,2,101,lattice,0,q,img/target_1.png
43,2,102,lattice,2,u,img/target_7.png
43,2,103,lattice,1,o,img/target_9.png
43,2,104,lattice,2,u,img/target_7.png
43,2,105,lattice,0,q,img/target_1.png
43,2,106,lattice,1,o,img/target_9.png
43,2,107,lattice,0,q,img/target_1.png
43,2,108,lattice,1,o,img/target_9.png
43,2,109,lattice,2,u,img/target_7.png
43,2,110,lattice,4,b,img/target_6.png
43,2,111,lattice,2,u,img/target_7.png
43,2,112,lattice,3,p,img/target_10.png
43,2,113,lattice,4,b,img/target_6.png
43,2,114,lattice,6,r,img/target_4.png
43,2,115,lattice,5,i,img/target_8.png
43,2,116,lattice,7,w,img/target_2.png
43,2,117,lattice,8,e,img/target_3.png
43,2,118,lattice,9,v,img/target_5.png
43,2,119,lattice,7,w,img/target_2.png
43,2,120,lattice,6,r,img/target_4.png
43,2,121,lattice,8,e,img/target_3.png
43,2,122,lattice,0,q,img/target_1.png
43,2,123,lattice,8,e,img/target_3.png
43,2,124,lattice,0,q,img/target_1.png
43,2,125,lattice,2,u,img/target_7.png
43,2,126,lattice,3,p,img/target_10.png
43,2,127,lattice,2,u,img/target_7.png
43,2,128,lattice,0,q,img/target_1.png
43,2,129,lattice,9,v,img/target_5.png
43,2,130,lattice,8,e,img/target_3.png
43,2,131,lattice,6,r,img/target_4.png
43,2,132,lattice,4,b,img/target_6.png
43,2,133,lattice,3,p,img/target_10.png
43,2,134,lattice,1,o,img/target_9.png
43,2,135,lattice,2,u,img/target_7.png
43,2,136,lattice,4,b,img/target_6.png
43,2,137,lattice,2,u,img/target_7.png
43,2,138,lattice,4,b,img/target_6.png
43,2,139,lattice,2,u,img/target_7.png
43,2,140,lattice,1,o,img/target_9.png
43,2,141,lattice,2,u,img/target_7.png
43,2,142,lattice,0,q,img/target_1.png
43,2,143,lattice,2,u,img/target_7.png
43,2,144,lattice,3,p,img/target_10.png
43,2,145,lattice,1,o,img/target_9.png
43,2,146,lattice,3,p,img/target_10.png
43,2,147,lattice,5,i,img/target_8.png
43,2,148,lattice,7,w,img/target_2.png
43,2,149,lattice,9,v,img/target_5.png
43,2,150,lattice,1,o,img/target_9.png
43,2,151,lattice,0,q,img/target_1.png
43,2,152,lattice,8,e,img/target_3.png
43,2,153,lattice,0,q,img/target_1.png
43,2,154,lattice,9,v,img/target_5.png
43,2,155,lattice,7,w,img/target_2.png
43,2,156,lattice,5,i,img/target_8.png
43,2,157,lattice,3,p,img/target_10.png
43,2,158,lattice,5,i,img/target_8.png
43,2,159,lattice,3,p,img/target_10.png
43,2,160,lattice,4,b,img/target_6.png
43,2,161,lattice,3,p,img/target_10.png
43,2,162,lattice,5,i,img/target_8.png
43,2,163,lattice,6,r,img/target_4.png
43,2,164,lattice,8,e,img/target_3.png
43,2,165,lattice,9,v,img/target_5.png
43,2,166,lattice,0,q,img/target_1.png
43,2,167,lattice,9,v,img/target_5.png
43,2,168,lattice,0,q,img/target_1.png
43,2,169,lattice,2,u,img/target_7.png
43,2,170,lattice,4,b,img/target_6.png
43,2,171,lattice,2,u,img/target_7.png
43,2,172,lattice,3,p,img/target_10.png
43,2,173,lattice,2,u,img/target_7.png
43,2,174,lattice,0,q,img/target_1.png
43,2,175,lattice,1,o,img/target_9.png
43,2,176,lattice,3,p,img/target_10.png
43,2,177,lattice,4,b,img/target_6.png
43,2,178,lattice,2,u,img/target_7.png
43,2,179,lattice,3,p,img/target_10.png
43,2,180,lattice,2,u,img/target_7.png
43,2,181,lattice,0,q,img/target_1.png
43,2,182,lattice,1,o,img/target_9.png
43,2,183,lattice,9,v,img/target_5.png
43,2,184,lattice,8,e,img/target_3.png
43,2,185,lattice,7,w,img/target_2.png
43,2,186,lattice,6,r,img/target_4.png
43,2,187,lattice,7,w,img/target_2.png
43,2,188,lattice,5,i,img/target_8.png
43,2,189,lattice,7,w,img/target_2.png
43,2,190,lattice,8,e,img/target_3.png
43,2,191,lattice,6,r,img/target_4.png
43,2,192,lattice,8,e,img/target_3.png
43,2,193,lattice,0,q,img/target_1.png
43,2,194,lattice,8,e,img/target_3.png
43,2,195,lattice,6,r,img/target_4.png
43,2,196,lattice,5,i,img/target_8.png
43,2,197,lattice,4,b,img/target_6.png
43,2,198,lattice,2,u,img/target_7.png
43,2,199,lattice,4,b,img/target_6.png
43,2,200,lattice,2,u,img/target_7.png
43,2,201,lattice,3,p,img/target_10.png
43,2,202,lattice,4,b,img/target_6.png
43,2,203,lattice,6,r,img/target_4.png
43,2,204,lattice,5,i,img/target_8.png
43,2,205,lattice,7,w,img/target_2.png
43,2,206,lattice,6,r,img/target_4.png
43,2,207,lattice,4,b,img/target_6.png
43,2,208,lattice,3,p,img/target_10.png
43,2,209,lattice,2,u,img/target_7.png
43,2,210,lattice,1,o,img/target_9.png
43,2,211,lattice,3,p,img/target_10.png
43,2,212,lattice,2,u,img/target_7.png
43,2,213,lattice,4,b,img/target_6.png
43,2,214,lattice,3,p,img/target_10.png
43,2,215,lattice,1,o,img/target_9.png
43,2,216,lattice,3,p,img/target_10.png
43,2,217,lattice,1,o,img/target_9.png
43,2,218,lattice,3,p,img/target_10.png
43,2,219,lattice,2,u,img/target_7.png
43,2,220,lattice,1,o,img/target_9.png
43,2,221,lattice,9,v,img/target_5.png
43,2,222,lattice,1,o,img/target_9.png
43,2,223,lattice,3,p,img/target_10.png
43,2,224,lattice,4,b,img/target_6.png
43,2,225,lattice,3,p,img/target_10.png
43,2,226,lattice,2,u,img/target_7.png
43,2,227,lattice,4,b,img/target_6.png
43,2,228,lattice,6,r,img/target_4.png
43,2,229,lattice,7,w,img/target_2.png
43,2,230,lattice,9,v,img/target_5.png
43,2,231,lattice,0,q,img/target_1.png
43,2,232,lattice,2,u,img/target_7.png
43,2,233,lattice,3,p,img/target_10.png
43,2,234,lattice,5,i,img/target_8.png
43,2,235,lattice,4,b,img/target_6.png
43,2,236,lattice,3,p,img/target_10.png
43,2,237,lattice,5,i,img/target_8.png
43,2,238,lattice,4,b,img/target_6.png
43,2,239,lattice,5,i,img/target_8.png
43,2,240,lattice,7,w,img/target_2.png
43,2,241,lattice,8,e,img/target_3.png
43,2,242,lattice,6,r,img/target_4.png
43,2,243,lattice,5,i,img/target_8.png
43,2,244,lattice,4,b,img/target_6.png
43,2,245,lattice,2,u,img/target_7.png
43,2,246,lattice,0,q,img/target_1.png
43,2,247,lattice,8,e,img/target_3.png
43,2,248,lattice,9,v,img/target_5.png
43,2,249,lattice,0,q,img/target_1.png
43,2,250,lattice,9,v,img/target_5.png
43,2,251,lattice,0,q,img/target_1.png
43,2,252,lattice,2,u,img/target_7.png
43,2,253,lattice,4,b,img/target_6.png
43,2,254,lattice,2,u,img/target_7.png
43,2,255,lattice,4,b,img/target_6.png
43,2,256,lattice,6,r,img/target_4.png
43,2,257,lattice,5,i,img/target_8.png
43,2,258,lattice,3,p,img/target_10.png
43,2,259,lattice,2,u,img/target_7.png
43,2,260,lattice,0,q,img/target_1.png
43,2,261,lattice,9,v,img/target_5.png
43,2,262,lattice,8,e,img/target_3.png
43,2,263,lattice,0,q,img/target_1.png
43,2,264,lattice,2,u,img/target_7.png
43,2,265,lattice,4,b,img/target_6.png
43,2,266,lattice,3,p,img/target_10.png
43,2,267,lattice,1,o,img/target_9.png
43,2,268,lattice,3,p,img/target_10.png
43,2,269,lattice,2,u,img/target_7.png
43,2,270,lattice,3,p,img/target_10.png
43,2,271,lattice,4,b,img/target_6.png
43,2,272,lattice,3,p,img/target_10.png
43,2,273,lattice,4,b,img/target_6.png
43,2,274,lattice,3,p,img/target_10.png
43,2,275,lattice,2,u,img/target_7.png
43,2,276,lattice,0,q,img/target_1.png
43,2,277,lattice,8,e,img/target_3.png
43,2,278,lattice,9,v,img/target_5.png
43,2,279,lattice,0,q,img/target_1.png
43,2,280,lattice,1,o,img/target_9.png
43,2,281,lattice,3,p,img/target_10.png
43,2,282,lattice,5,i,img/target_8.png
43,2,283,lattice,7,w,img/target_2.png
43,2,284,lattice,6,r,img/target_4.png
43,2,285,lattice,4,b,img/target_6.png
43,2,286,lattice,6,r,img/target_4.png
43,2,287,lattice,5,i,img/target_8.png
43,2,288,lattice,3,p,img/target_10.png
43,2,289,lattice,1,o,img/target_9.png
43,2,290,lattice,2,u,img/target_7.png
43,2,291,lattice,4,b,img/target_6.png
43,2,292,lattice,6,r,img/target_4.png
43,2,293,lattice,4,b,img/target_6.png
43,2,294,lattice,2,u,img/target_7.png
43,2,295,lattice,3,p,img/target_10.png
43,2,296,lattice,4,b,img/target_6.png
43,2,297,lattice,6,r,img/target_4.png
43,2,298,lattice,8,e,img/target_3.png
43,2,299,lattice,9,v,img/target_5.png
43,2,300,lattice,0,q,img/target_1.png
43,2,301,lattice,9,v,img/target_5.png
43,2,302,lattice,1,o,img/target_9.png
43,2,303,lattice,9,v,img/target_5.png
43,2,304,lattice,8,e,img/target_3.png
43,2,305,lattice,6,r,img/target_4.png
43,2,306,lattice,8,e,img/target_3.png
43,2,307,lattice,9,v,img/target_5.png
43,2,308,lattice,0,q,img/target_1.png
43,2,309,lattice,8,e,img/target_3.png
43,2,310,lattice,9,v,img/target_5.png
43,2,311,lattice,7,w,img/target_2.png
43,2,312,lattice,9,v,img/target_5.png
43,2,313,lattice,8,e,img/target_3.png
43,2,314,lattice,6,r,img/target_4.png
43,2,315,lattice,8,e,img/target_3.png
43,2,316,lattice,9,v,img/target_5.png
43,2,317,lattice,7,w,img/target_2.png
43,2,318,lattice,6,r,img/target_4.png
43,2,319,lattice,5,i,img/target_8.png
43,2,320,lattice,3,p,img/target_10.png
43,2,321,lattice,5,i,img/target_8.png
43,2,322,lattice,4,b,img/target_6.png
43,2,323,lattice,3,p,img/target_10.png
43,2,324,lattice,4,b,img/target_6.png
43,2,325,lattice,5,i,img/target_8.png
43,2,326,lattice,3,p,img/target_10.png
43,2,327,lattice,1,o,img/target_9.png
43,2,328,lattice,0,q,img/target_1.png
43,2,329,lattice,1,o,img/target_9.png
43,2,330,lattice,3,p,img/target_10.png
43,2,331,lattice,2,u,img/target_7.png
43,2,332,lattice,1,o,img/target_9.png
43,2,333,lattice,0,q,img/target_1.png
43,2,334,lattice,2,u,img/target_7.png
43,2,335,lattice,4,b,img/target_6.png
43,2,336,lattice,5,i,img/target_8.png
43,2,337,lattice,4,b,img/target_6.png
43,2,338,lattice,3,p,img/target_10.png
43,2,339,lattice,4,b,img/target_6.png
43,2,340,lattice,3,p,img/target_10.png
43,2,341,lattice,5,i,img/target_8.png
43,2,342,lattice,7,w,img/target_2.png
43,2,343,lattice,6,r,img/target_4.png
43,2,344,lattice,4,b,img/target_6.png
43,2,345,lattice,6,r,img/target_4.png
43,2,346,lattice,5,i,img/target_8.png
43,2,347,lattice,3,p,img/target_10.png
43,2,348,lattice,4,b,img/target_6.png
43,2,349,lattice,5,i,img/target_8.png
43,2,350,lattice,3,p,img/target_10.png
43,2,351,lattice,5,i,img/target_8.png
43,2,352,lattice,3,p,img/target_10.png
43,2,353,lattice,1,o,img/target_9.png
43,2,354,lattice,2,u,img/target_7.png
43,2,355,lattice,3,p,img/target_10.png
43,2,356,lattice,5,i,img/target_8.png
43,2,357,lattice,4,b,img/target_6.png
43,2,358,lattice,6,r,img/target_4.png
43,2,359,lattice,8,e,img/target_3.png
43,2,360,lattice,0,q,img/target_1.png
43,2,361,lattice,8,e,img/target_3.png
43,2,362,lattice,9,v,img/target_5.png
43,2,363,lattice,8,e,img/target_3.png
43,2,364,lattice,0,q,img/target_1.png
43,2,365,lattice,8,e,img/target_3.png
43,2,366,lattice,9,v,img/target_5.png
43,2,367,lattice,1,o,img/target_9.png
43,2,368,lattice,0,q,img/target_1.png
43,2,369,lattice,1,o,img/target_9.png
43,2,370,lattice,9,v,img/target_5.png
43,2,371,lattice,8,e,img/target_3.png
43,2,372,lattice,9,v,img/target_5.png
43,2,373,lattice,0,q,img/target_1.png
43,2,374,lattice,8,e,img/target_3.png
43,2,375,lattice,0,q,img/target_1.png
43,2,376,lattice,9,v,img/target_5.png
43,2,377,lattice,8,e,img/target_3.png
43,2,378,lattice,6,r,img/target_4.png
43,2,379,lattice,8,e,img/target_3.png
43,2,380,lattice,0,q,img/target_1.png
43,2,381,lattice,9,v,img/target_5.png
43,2,382,lattice,7,w,img/target_2.png
43,2,383,lattice,5,i,img/target_8.png
43,2,384,lattice,6,r,img/target_4.png
43,2,385,lattice,8,e,img/target_3.png
43,2,386,lattice,0,q,img/target_1.png
43,2,387,lattice,1,o,img/target_9.png
43,2,388,lattice,9,v,img/target_5.png
43,2,389,lattice,0,q,img/target_1.png
43,2,390,lattice,9,v,img/target_5.png
43,2,391,lattice,0,q,img/target_1.png
43,2,392,lattice,9,v,img/target_5.png
43,2,393,lattice,7,w,img/target_2.png
43,2,394,lattice,6,r,img/target_4.png
43,2,395,lattice,8,e,img/target_3.png
43,2,396,lattice,7,w,img/target_2.png
43,2,397,lattice,8,e,img/target_3.png
43,2,398,lattice,9,v,img/target_5.png
43,2,399,lattice,8,e,img/target_3.png
43,2,400,lattice,0,q,img/target_1.png
43,2,401,lattice,1,o,img/target_9.png
43,2,402,lattice,9,v,img/target_5.png
43,2,403,lattice,8,e,img/target_3.png
43,2,404,lattice,7,w,img/target_2.png
43,2,405,lattice,6,r,img/target_4.png
43,2,406,lattice,7,w,img/target_2.png
43,2,407,lattice,5,i,img/target_8.png
43,2,408,lattice,3,p,img/target_10.png
43,2,409,lattice,4,b,img/target_6.png
43,2,410,lattice,6,r,img/target_4.png
43,2,411,lattice,7,w,img/target_2.png
43,2,412,lattice,6,r,img/target_4.png
43,2,413,lattice,5,i,img/target_8.png
43,2,414,lattice,3,p,img/target_10.png
43,2,415,lattice,4,b,img/target_6.png
43,2,416,lattice,5,i,img/target_8.png
43,2,417,lattice,7,w,img/target_2.png
43,2,418,lattice,6,r,img/target_4.png
43,2,419,lattice,4,b,img/target_6.png
43,2,420,lattice,5,i,img/target_8.png
43,2,421,lattice,3,p,img/target_10.png
43,2,422,lattice,5,i,img/target_8.png
43,2,423,lattice,6,r,img/target_4.png
43,2,424,lattice,5,i,img/target_8.png
43,2,425,lattice,4,b,img/target_6.png
43,2,426,lattice,3,p,img/target_10.png
43,2,427,lattice,4,b,img/target_6.png
43,2,428,lattice,5,i,img/target_8.png
43,2,429,lattice,3,p,img/target_10.png
43,2,430,lattice,2,u,img/target_7.png
43,2,431,lattice,1,o,img/target_9.png
43,2,432,lattice,2,u,img/target_7.png
43,2,433,lattice,4,b,img/target_6.png
43,2,434,lattice,3,p,img/target_10.png
43,2,435,lattice,5,i,img/target_8.png
43,2,436,lattice,6,r,img/target_4.png
43,2,437,lattice,4,b,img/target_6.png
43,2,438,lattice,5,i,img/target_8.png
43,2,439,lattice,4,b,img/target_6.png
43,2,440,lattice,6,r,img/target_4.png
43,2,441,lattice,4,b,img/target_6.png
43,2,442,lattice,2,u,img/target_7.png
43,2,443,lattice,0,q,img/target_1.png
43,2,444,lattice,2,u,img/target_7.png
43,2,445,lattice,4,b,img/target_6.png
43,2,446,lattice,3,p,img/target_10.png
43,2,447,lattice,5,i,img/target_8.png
43,2,448,lattice,4,b,img/target_6.png
43,2,449,lattice,5,i,img/target_8.png
43,2,450,lattice,3,p,img/target_10.png
43,2,451,lattice,4,b,img/target_6.png
43,2,452,lattice,2,u,img/target_7.png
43,2,453,lattice,1,o,img/target_9.png
43,2,454,lattice,9,v,img/target_5.png
43,2,455,lattice,1,o,img/target_9.png
43,2,456,lattice,0,q,img/target_1.png
43,2,457,lattice,1,o,img/target_9.png
43,2,458,lattice,0,q,img/target_1.png
43,2,459,lattice,1,o,img/target_9.png
43,2,460,lattice,2,u,img/target_7.png
43,2,461,lattice,4,b,img/target_6.png
43,2,462,lattice,6,r,img/target_4.png
43,2,463,lattice,7,w,img/target_2.png
43,2,464,lattice,8,e,img/target_3.png
43,2,465,lattice,0,q,img/target_1.png
43,2,466,lattice,1,o,img/target_9.png
43,2,467,lattice,9,v,img/target_5.png
43,2,468,lattice,8,e,img/target_3.png
43,2,469,lattice,6,r,img/target_4.png
43,2,470,lattice,5,i,img/target_8.png
43,2,471,lattice,6,r,img/target_4.png
43,2,472,lattice,7,w,img/target_2.png
43,2,473,lattice,9,v,img/target_5.png
43,2,474,lattice,8,e,img/target_3.png
43,2,475,lattice,9,v,img/target_5.png
43,2,476,lattice,1,o,img/target_9.png
43,2,477,lattice,3,p,img/target_10.png
43,2,478,lattice,1,o,img/target_9.png
43,2,479,lattice,2,u,img/target_7.png
43,2,480,lattice,4,b,img/target_6.png
43,2,481,lattice,2,u,img/target_7.png
43,2,482,lattice,4,b,img/target_6.png
43,2,483,lattice,5,i,img/target_8.png
43,2,484,lattice,4,b,img/target_6.png
43,2,485,lattice,2,u,img/target_7.png
43,2,486,lattice,0,q,img/target_1.png
43,2,487,lattice,1,o,img/target_9.png
43,2,488,lattice,0,q,img/target_1.png
43,2,489,lattice,8,e,img/target_3.png
43,2,490,lattice,0,q,img/target_1.png
43,2,491,lattice,1,o,img/target_9.png
43,2,492,lattice,2,u,img/target_7.png
43,2,493,lattice,3,p,img/target_10.png
43,2,494,lattice,2,u,img/target_7.png
43,2,495,lattice,3,p,img/target_10.png
43,2,496,lattice,5,i,img/target_8.png
43,2,497,lattice,3,p,img/target_10.png
43,2,498,lattice,1,o,img/target_9.png
43,2,499,lattice,9,v,img/target_5.png
43,2,500,lattice,1,o,img/target_9.png
43,2,501,lattice,0,q,img/target_1.png
43,2,502,lattice,8,e,img/target_3.png
43,2,503,lattice,9,v,img/target_5.png
43,2,504,lattice,8,e,img/target_3.png
43,2,505,lattice,7,w,img/target_2.png
43,2,506,lattice,6,r,img/target_4.png
43,2,507,lattice,5,i,img/target_8.png
43,2,508,lattice,6,r,img/target_4.png
43,2,509,lattice,4,b,img/target_6.png
43,2,510,lattice,5,i,img/target_8.png
43,2,511,lattice,6,r,img/target_4.png
43,2,512,lattice,7,w,img/target_2.png
43,2,513,lattice,5,i,img/target_8.png
43,2,514,lattice,6,r,img/target_4.png
43,2,515,lattice,4,b,img/target_6.png
43,2,516,lattice,5,i,img/target_8.png
43,2,517,lattice,7,w,img/target_2.png
43,2,518,lattice,9,v,img/target_5.png
43,2,519,lattice,7,w,img/target_2.png
43,2,520,lattice,8,e,img/target_3.png
43,2,521,lattice,9,v,img/target_5.png
43,2,522,lattice,0,q,img/target_1.png
43,2,523,lattice,8,e,img/target_3.png
43,2,524,lattice,9,v,img/target_5.png
43,2,525,lattice,8,e,img/target_3.png
43,2,526,lattice,6,r,img/target_4.png
43,2,527,lattice,8,e,img/target_3.png
43,2,528,lattice,7,w,img/target_2.png
43,2,529,lattice,9,v,img/target_5.png
43,2,530,lattice,1,o,img/target_9.png
43,2,531,lattice,2,u,img/target_7.png
43,2,532,lattice,4,b,img/target_6.png
43,2,533,lattice,6,r,img/target_4.png
43,2,534,lattice,4,b,img/target_6.png
43,2,535,lattice,6,r,img/target_4.png
43,2,536,lattice,5,i,img/target_8.png
43,2,537,lattice,4,b,img/target_6.png
43,2,538,lattice,5,i,img/target_8.png
43,2,539,lattice,6,r,img/target_4.png
43,2,540,lattice,4,b,img/target_6.png
43,2,541,lattice,3,p,img/target_10.png
43,2,542,lattice,2,u,img/target_7.png
43,2,543,lattice,3,p,img/target_10.png
43,2,544,lattice,2,u,img/target_7.png
43,2,545,lattice,3,p,img/target_10.png
43,2,546,lattice,4,b,img/target_6.png
43,2,547,lattice,3,p,img/target_10.png
43,2,548,lattice,1,o,img/target_9.png
43,2,549,lattice,9,v,img/target_5.png
43,2,550,lattice,1,o,img/target_9.png
43,2,551,lattice,0,q,img/target_1.png
43,2,552,lattice,9,v,img/target_5.png
43,2,553,lattice,1,o,img/target_9.png
43,2,554,lattice,9,v,img/target_5.png
43,2,555,lattice,1,o,img/target_9.png
43,2,556,lattice,9,v,img/target_5.png
43,2,557,lattice,8,e,img/target_3.png
43,2,558,lattice,9,v,img/target_5.png
43,2,559,lattice,7,w,img/target_2.png
43,2,560,lattice,8,e,img/target_3.png
43,2,561,lattice,9,v,img/target_5.png
43,2,562,lattice,7,w,img/target_2.png
43,2,563,lattice,9,v,img/target_5.png
43,2,564,lattice,0,q,img/target_1.png
43,2,565,lattice,9,v,img/target_5.png
43,2,566,lattice,8,e,img/target_3.png
43,2,567,lattice,0,q,img/target_1.png
43,2,568,lattice,2,u,img/target_7.png
43,2,569,lattice,0,q,img/target_1.png
43,2,570,lattice,9,v,img/target_5.png
43,2,571,lattice,1,o,img/target_9.png
43,2,572,lattice,3,p,img/target_10.png
43,2,573,lattice,1,o,img/target_9.png
43,2,574,lattice,9,v,img/target_5.png
43,2,575,lattice,7,w,img/target_2.png
43,2,576,lattice,6,r,img/target_4.png
43,2,577,lattice,7,w,img/target_2.png
43,2,578,lattice,6,r,img/target_4.png
43,2,579,lattice,5,i,img/target_8.png
43,2,580,lattice,3,p,img/target_10.png
43,2,581,lattice,4,b,img/target_6.png
43,2,582,lattice,6,r,img/target_4.png
43,2,583,lattice,8,e,img/target_3.png
43,2,584,lattice,7,w,img/target_2.png
43,2,585,lattice,5,i,img/target_8.png
43,2,586,lattice,4,b,img/target_6.png
43,2,587,lattice,3,p,img/target_10.png
43,2,588,lattice,2,u,img/target_7.png
43,2,589,lattice,1,o,img/target_9.png
43,2,590,lattice,9,v,img/target_5.png
43,2,591,lattice,8,e,img/target_3.png
43,2,592,lattice,7,w,img/target_2.png
43,2,593,lattice,6,r,img/target_4.png
43,2,594,lattice,7,w,img/target_2.png
43,2,595,lattice,5,i,img/target_8.png
43,2,596,lattice,7,w,img/target_2.png
43,2,597,lattice,6,r,img/target_4.png
43,2,598,lattice,8,e,img/target_3.png
43,2,599,lattice,9,v,img/target_5.png
43,2,600,lattice,1,o,img/target_9.png
43,2,601,lattice,3,p,img/target_10.png
43,2,602,lattice,5,i,img/target_8.png
43,2,603,lattice,7,w,img/target_2.png
43,2,604,lattice,9,v,img/target_5.png
43,2,605,lattice,7,w,img/target_2.png
43,2,606,lattice,6,r,img/target_4.png
43,2,607,lattice,7,w,img/target_2.png
43,2,608,lattice,8,e,img/target_3.png
43,2,609,lattice,7,w,img/target_2.png
43,2,610,lattice,6,r,img/target_4.png
43,2,611,lattice,8,e,img/target_3.png
43,2,612,lattice,9,v,img/target_5.png
43,2,613,lattice,8,e,img/target_3.png
43,2,614,lattice,0,q,img/target_1.png
43,2,615,lattice,9,v,img/target_5.png
43,2,616,lattice,8,e,img/target_3.png
43,2,617,lattice,0,q,img/target_1.png
43,2,618,lattice,2,u,img/target_7.png
43,2,619,lattice,0,q,img/target_1.png
43,2,620,lattice,9,v,img/target_5.png
43,2,621,lattice,7,w,img/target_2.png
43,2,622,lattice,5,i,img/target_8.png
43,2,623,lattice,4,b,img/target_6.png
43,2,624,lattice,5,i,img/target_8.png
43,2,625,lattice,7,w,img/target_2.png
43,2,626,lattice,8,e,img/target_3.png
43,2,627,lattice,7,w,img/target_2.png
43,2,628,lattice,5,i,img/target_8.png
43,2,629,lattice,3,p,img/target_10.png
43,2,630,lattice,1,o,img/target_9.png
43,2,631,lattice,2,u,img/target_7.png
43,2,632,lattice,1,o,img/target_9.png
43,2,633,lattice,0,q,img/target_1.png
43,2,634,lattice,9,v,img/target_5.png
43,2,635,lattice,7,w,img/target_2.png
43,2,636,lattice,9,v,img/target_5.png
43,2,637,lattice,0,q,img/target_1.png
43,2,638,lattice,1,o,img/target_9.png
43,2,639,lattice,0,q,img/target_1.png
43,2,640,lattice,1,o,img/target_9.png
43,2,641,lattice,9,v,img/target_5.png
43,2,642,lattice,0,q,img/target_1.png
43,2,643,lattice,1,o,img/target_9.png
43,2,644,lattice,2,u,img/target_7.png
43,2,645,lattice,3,p,img/target_10.png
43,2,646,lattice,2,u,img/target_7.png
43,2,647,lattice,1,o,img/target_9.png
43,2,648,lattice,3,p,img/target_10.png
43,2,649,lattice,2,u,img/target_7.png
43,2,650,lattice,3,p,img/target_10.png
43,2,651,lattice,2,u,img/target_7.png
43,2,652,lattice,0,q,img/target_1.png
43,2,653,lattice,9,v,img/target_5.png
43,2,654,lattice,0,q,img/target_1.png
43,2,655,lattice,8,e,img/target_3.png
43,2,656,lattice,0,q,img/target_1.png
43,2,657,lattice,2,u,img/target_7.png
43,2,658,lattice,1,o,img/target_9.png
43,2,659,lattice,9,v,img/target_5.png
43,2,660,lattice,8,e,img/target_3.png
43,2,661,lattice,6,r,img/target_4.png
43,2,662,lattice,8,e,img/target_3.png
43,2,663,lattice,9,v,img/target_5.png
43,2,664,lattice,7,w,img/target_2.png
43,2,665,lattice,8,e,img/target_3.png
43,2,666,lattice,9,v,img/target_5.png
43,2,667,lattice,7,w,img/target_2.png
43,2,668,lattice,5,i,img/target_8.png
43,2,669,lattice,3,p,img/target_10.png
43,2,670,lattice,4,b,img/target_6.png
43,2,671,lattice,6,r,img/target_4.png
43,2,672,lattice,8,e,img/target_3.png
43,2,673,lattice,7,w,img/target_2.png
43,2,674,lattice,9,v,img/target_5.png
43,2,675,lattice,8,e,img/target_3.png
43,2,676,lattice,9,v,img/target_5.png
43,2,677,lattice,1,o,img/target_9.png
43,2,678,lattice,3,p,img/target_10.png
43,2,679,lattice,4,b,img/target_6.png
43,2,680,lattice,6,r,img/target_4.png
43,2,681,lattice,7,w,img/target_2.png
43,2,682,lattice,6,r,img/target_4.png
43,2,683,lattice,4,b,img/target_6.png
43,2,684,lattice,6,r,img/target_4.png
43,2,685,lattice,4,b,img/target_6.png
43,2,686,lattice,2,u,img/target_7.png
43,2,687,lattice,1,o,img/target_9.png
43,2,688,lattice,9,v,img/target_5.png
43,2,689,lattice,0,q,img/target_1.png
43,2,690,lattice,2,u,img/target_7.png
43,2,691,lattice,4,b,img/target_6.png
43,2,692,lattice,2,u,img/target_7.png
43,2,693,lattice,3,p,img/target_10.png
43,2,694,lattice,2,u,img/target_7.png
43,2,695,lattice,0,q,img/target_1.png
43,2,696,lattice,1,o,img/target_9.png
43,2,697,lattice,2,u,img/target_7.png
43,2,698,lattice,4,b,img/target_6.png
43,2,699,lattice,6,r,img/target_4.png
43,2,700,lattice,8,e,img/target_3.png
43,2,701,lattice,0,q,img/target_1.png
43,2,702,lattice,9,v,img/target_5.png
43,2,703,lattice,8,e,img/target_3.png
43,2,704,lattice,7,w,img/target_2.png
43,2,705,lattice,8,e,img/target_3.png
43,2,706,lattice,7,w,img/target_2.png
43,2,707,lattice,8,e,img/target_3.png
43,2,708,lattice,6,r,img/target_4.png
43,2,709,lattice,5,i,img/target_8.png
43,2,710,lattice,6,r,img/target_4.png
43,2,711,lattice,5,i,img/target_8.png
43,2,712,lattice,3,p,img/target_10.png
43,2,713,lattice,1,o,img/target_9.png
43,2,714,lattice,3,p,img/target_10.png
43,2,715,lattice,2,u,img/target_7.png
43,2,716,lattice,1,o,img/target_9.png
43,2,717,lattice,9,v,img/target_5.png
43,2,718,lattice,0,q,img/target_1.png
43,2,719,lattice,9,v,img/target_5.png
43,2,720,lattice,8,e,img/target_3.png
43,2,721,lattice,9,v,img/target_5.png
43,2,722,lattice,0,q,img/target_1.png
43,2,723,lattice,8,e,img/target_3.png
43,2,724,lattice,7,w,img/target_2.png
43,2,725,lattice,9,v,img/target_5.png
43,2,726,lattice,0,q,img/target_1.png
43,2,727,lattice,2,u,img/target_7.png
43,2,728,lattice,4,b,img/target_6.png
43,2,729,lattice,5,i,img/target_8.png
43,2,730,lattice,4,b,img/target_6.png
43,2,731,lattice,5,i,img/target_8.png
43,2,732,lattice,4,b,img/target_6.png
43,2,733,lattice,3,p,img/target_10.png
43,2,734,lattice,5,i,img/target_8.png
43,2,735,lattice,7,w,img/target_2.png
43,2,736,lattice,9,v,img/target_5.png
43,2,737,lattice,8,e,img/target_3.png
43,2,738,lattice,6,r,img/target_4.png
43,2,739,lattice,8,e,img/target_3.png
43,2,740,lattice,6,r,img/target_4.png
43,2,741,lattice,7,w,img/target_2.png
43,2,742,lattice,8,e,img/target_3.png
43,2,743,lattice,9,v,img/target_5.png
43,2,744,lattice,0,q,img/target_1.png
43,2,745,lattice,2,u,img/target_7.png
43,2,746,lattice,3,p,img/target_10.png
43,2,747,lattice,2,u,img/target_7.png
43,2,748,lattice,0,q,img/target_1.png
43,2,749,lattice,9,v,img/target_5.png
43,2,750,lattice,7,w,img/target_2.png
43,2,751,lattice,8,e,img/target_3.png
43,2,752,lattice,7,w,img/target_2.png
43,2,753,lattice,9,v,img/target_5.png
43,2,754,lattice,0,q,img/target_1.png
43,2,755,lattice,2,u,img/target_7.png
43,2,756,lattice,0,q,img/target_1.png
43,2,757,lattice,1,o,img/target_9.png
43,2,758,lattice,2,u,img/target_7.png
43,2,759,lattice,4,b,img/target_6.png
43,2,760,lattice,5,i,img/target_8.png
43,2,761,lattice,6,r,img/target_4.png
43,2,762,lattice,5,i,img/target_8.png
43,2,763,lattice,4,b,img/target_6.png
43,2,764,lattice,6,r,img/target_4.png
43,2,765,lattice,8,e,img/target_3.png
43,2,766,lattice,9,v,img/target_5.png
43,2,767,lattice,8,e,img/target_3.png
43,2,768,lattice,9,v,img/target_5.png
43,2,769,lattice,8,e,img/target_3.png
43,2,770,lattice,7,w,img/target_2.png
43,2,771,lattice,9,v,img/target_5.png
43,2,772,lattice,1,o,img/target_9.png
43,2,773,lattice,9,v,img/target_5.png
43,2,774,lattice,1,o,img/target_9.png
43,2,775,lattice,9,v,img/target_5.png
43,2,776,lattice,1,o,img/target_9.png
43,2,777,lattice,3,p,img/target_10.png
43,2,778,lattice,4,b,img/target_6.png
43,2,779,lattice,2,u,img/target_7.png
43,2,780,lattice,3,p,img/target_10.png
43,2,781,lattice,5,i,img/target_8.png
43,2,782,lattice,6,r,img/target_4.png
43,2,783,lattice,7,w,img/target_2.png
43,2,784,lattice,6,r,img/target_4.png
43,2,785,lattice,5,i,img/target_8.png
43,2,786,lattice,7,w,img/target_2.png
43,2,787,lattice,6,r,img/target_4.png
43,2,788,lattice,7,w,img/target_2.png
43,2,789,lattice,9,v,img/target_5.png
43,2,790,lattice,8,e,img/target_3.png
43,2,791,lattice,9,v,img/target_5.png
43,2,792,lattice,8,e,img/target_3.png
43,2,793,lattice,9,v,img/target_5.png
43,2,794,lattice,0,q,img/target_1.png
43,2,795,lattice,9,v,img/target_5.png
43,2,796,lattice,0,q,img/target_1.png
43,2,797,lattice,1,o,img/target_9.png
43,2,798,lattice,2,u,img/target_7.png
43,2,799,lattice,4,b,img/target_6.png
43,2,800,lattice,6,r,img/target_4.png
43,2,801,lattice,7,w,img/target_2.png
43,2,802,lattice,9,v,img/target_5.png
43,2,803,lattice,1,o,img/target_9.png
43,2,804,lattice,9,v,img/target_5.png
43,2,805,lattice,0,q,img/target_1.png
43,2,806,lattice,8,e,img/target_3.png
43,2,807,lattice,0,q,img/target_1.png
43,2,808,lattice,2,u,img/target_7.png
43,2,809,lattice,4,b,img/target_6.png
43,2,810,lattice,2,u,img/target_7.png
43,2,811,lattice,3,p,img/target_10.png
43,2,812,lattice,4,b,img/target_6.png
43,2,813,lattice,2,u,img/target_7.png
43,2,814,lattice,0,q,img/target_1.png
43,2,815,lattice,1,o,img/target_9.png
43,2,816,lattice,0,q,img/target_1.png
43,2,817,lattice,2,u,img/target_7.png
43,2,818,lattice,4,b,img/target_6.png
43,2,819,lattice,5,i,img/target_8.png
43,2,820,lattice,3,p,img/target_10.png
43,2,821,lattice,1,o,img/target_9.png
43,2,822,lattice,2,u,img/target_7.png
43,2,823,lattice,1,o,img/target_9.png
43,2,824,lattice,9,v,img/target_5.png
43,2,825,lattice,7,w,img/target_2.png
43,2,826,lattice,8,e,img/target_3.png
43,2,827,lattice,9,v,img/target_5.png
43,2,828,lattice,8,e,img/target_3.png
43,2,829,lattice,0,q,img/target_1.png
43,2,830,lattice,9,v,img/target_5.png
43,2,831,lattice,8,e,img/target_3.png
43,2,832,lattice,9,v,img/target_5.png
43,2,833,lattice,1,o,img/target_9.png
43,2,834,lattice,9,v,img/target_5.png
43,2,835,lattice,1,o,img/target_9.png
43,2,836,lattice,9,v,img/target_5.png
43,2,837,lattice,8,e,img/target_3.png
43,2,838,lattice,0,q,img/target_1.png
43,2,839,lattice,9,v,img/target_5.png
43,2,840,lattice,8,e,img/target_3.png
43,2,841,lattice,0,q,img/target_1.png
43,2,842,lattice,2,u,img/target_7.png
43,2,843,lattice,1,o,img/target_9.png
43,2,844,lattice,0,q,img/target_1.png
43,2,845,lattice,2,u,img/target_7.png
43,2,846,lattice,4,b,img/target_6.png
43,2,847,lattice,3,p,img/target_10.png
43,2,848,lattice,4,b,img/target_6.png
43,2,849,lattice,6,r,img/target_4.png
43,2,850,lattice,4,b,img/target_6.png
43,2,851,lattice,2,u,img/target_7.png
43,2,852,lattice,4,b,img/target_6.png
43,2,853,lattice,6,r,img/target_4.png
43,2,854,lattice,4,b,img/target_6.png
43,2,855,lattice,3,p,img/target_10.png
43,2,856,lattice,5,i,img/target_8.png
43,2,857,lattice,4,b,img/target_6.png
43,2,858,lattice,2,u,img/target_7.png
43,2,859,lattice,1,o,img/target_9.png
43,2,860,lattice,2,u,img/target_7.png
43,2,861,lattice,1,o,img/target_9.png
43,2,862,lattice,9,v,img/target_5.png
43,2,863,lattice,0,q,img/target_1.png
43,2,864,lattice,8,e,img/target_3.png
43,2,865,lattice,9,v,img/target_5.png
43,2,866,lattice,1,o,img/target_9.png
43,2,867,lattice,9,v,img/target_5.png
43,2,868,lattice,1,o,img/target_9.png
43,2,869,lattice,0,q,img/target_1.png
43,2,870,lattice,8,e,img/target_3.png
43,2,871,lattice,7,w,img/target_2.png
43,2,872,lattice,5,i,img/target_8.png
43,2,873,lattice,6,r,img/target_4.png
43,2,874,lattice,8,e,img/target_3.png
43,2,875,lattice,0,q,img/target_1.png
43,2,876,lattice,1,o,img/target_9.png
43,2,877,lattice,2,u,img/target_7.png
43,2,878,lattice,3,p,img/target_10.png
43,2,879,lattice,4,b,img/target_6.png
43,2,880,lattice,5,i,img/target_8.png
43,2,881,lattice,7,w,img/target_2.png
43,2,882,lattice,8,e,img/target_3.png
43,2,883,lattice,0,q,img/target_1.png
43,2,884,lattice,9,v,img/target_5.png
43,2,885,lattice,8,e,img/target_3.png
43,2,886,lattice,0,q,img/target_1.png
43,2,887,lattice,1,o,img/target_9.png
43,2,888,lattice,3,p,img/target_10.png
43,2,889,lattice,5,i,img/target_8.png
43,2,890,lattice,7,w,img/target_2.png
43,2,891,lattice,9,v,img/target_5.png
43,2,892,lattice,8,e,img/target_3.png
43,2,893,lattice,6,r,img/target_4.png
43,2,894,lattice,5,i,img/target_8.png
43,2,895,lattice,3,p,img/target_10.png
43,2,896,lattice,1,o,img/target_9.png
43,2,897,lattice,3,p,img/target_10.png
43,2,898,lattice,5,i,img/target_8.png
43,2,899,lattice,4,b,img/target_6.png
43,2,900,lattice,5,i,img/target_8.png
43,2,901,lattice,4,b,img/target_6.png
43,2,902,lattice,2,u,img/target_7.png
43,2,903,lattice,4,b,img/target_6.png
43,2,904,lattice,3,p,img/target_10.png
43,2,905,lattice,2,u,img/target_7.png
43,2,906,lattice,0,q,img/target_1.png
43,2,907,lattice,8,e,img/target_3.png
43,2,908,lattice,9,v,img/target_5.png
43,2,909,lattice,0,q,img/target_1.png
43,2,910,lattice,8,e,img/target_3.png
43,2,911,lattice,6,r,img/target_4.png
43,2,912,lattice,7,w,img/target_2.png
43,2,913,lattice,6,r,img/target_4.png
43,2,914,lattice,4,b,img/target_6.png
43,2,915,lattice,6,r,img/target_4.png
43,2,916,lattice,8,e,img/target_3.png
43,2,917,lattice,7,w,img/target_2.png
43,2,918,lattice,8,e,img/target_3.png
43,2,919,lattice,6,r,img/target_4.png
43,2,920,lattice,4,b,img/target_6.png
43,2,921,lattice,6,r,img/target_4.png
43,2,922,lattice,7,w,img/target_2.png
43,2,923,lattice,8,e,img/target_3.png
43,2,924,lattice,0,q,img/target_1.png
43,2,925,lattice,8,e,img/target_3.png
43,2,926,lattice,6,r,img/target_4.png
43,2,927,lattice,8,e,img/target_3.png
43,2,928,lattice,7,w,img/target_2.png
43,2,929,lattice,9,v,img/target_5.png
43,2,930,lattice,7,w,img/target_2.png
43,2,931,lattice,8,e,img/target_3.png
43,2,932,lattice,7,w,img/target_2.png
43,2,933,lattice,5,i,img/target_8.png
43,2,934,lattice,7,w,img/target_2.png
43,2,935,lattice,6,r,img/target_4.png
43,2,936,lattice,8,e,img/target_3.png
43,2,937,lattice,7,w,img/target_2.png
43,2,938,lattice,5,i,img/target_8.png
43,2,939,lattice,4,b,img/target_6.png
43,2,940,lattice,3,p,img/target_10.png
43,2,941,lattice,2,u,img/target_7.png
43,2,942,lattice,0,q,img/target_1.png
43,2,943,lattice,2,u,img/target_7.png
43,2,944,lattice,1,o,img/target_9.png
43,2,945,lattice,2,u,img/target_7.png
43,2,946,lattice,0,q,img/target_1.png
43,2,947,lattice,2,u,img/target_7.png
43,2,948,lattice,3,p,img/target_10.png
43,2,949,lattice,1,o,img/target_9.png
43,2,950,lattice,2,u,img/target_7.png
43,2,951,lattice,4,b,img/target_6.png
43,2,952,lattice,2,u,img/target_7.png
43,2,953,lattice,4,b,img/target_6.png
43,2,954,lattice,3,p,img/target_10.png
43,2,955,lattice,1,o,img/target_9.png
43,2,956,lattice,0,q,img/target_1.png
43,2,957,lattice,9,v,img/target_5.png
43,2,958,lattice,1,o,img/target_9.png
43,2,959,lattice,3,p,img/target_10.png
43,2,960,lattice,1,o,img/target_9.png
43,2,961,lattice,9,v,img/target_5.png
43,2,962,lattice,7,w,img/target_2.png
43,2,963,lattice,9,v,img/target_5.png
43,2,964,lattice,7,w,img/target_2.png
43,2,965,lattice,6,r,img/target_4.png
43,2,966,lattice,4,b,img/target_6.png
43,2,967,lattice,6,r,img/target_4.png
43,2,968,lattice,5,i,img/target_8.png
43,2,969,lattice,3,p,img/target_10.png
43,2,970,lattice,1,o,img/target_9.png
43,2,971,lattice,0,q,img/target_1.png
43,2,972,lattice,9,v,img/target_5.png
43,2,973,lattice,8,e,img/target_3.png
43,2,974,lattice,9,v,img/target_5.png
43,2,975,lattice,1,o,img/target_9.png
43,2,976,lattice,0,q,img/target_1.png
43,2,977,lattice,8,e,img/target_3.png
43,2,978,lattice,6,r,img/target_4.png
43,2,979,lattice,7,w,img/target_2.png
43,2,980,lattice,8,e,img/target_3.png
43,2,981,lattice,0,q,img/target_1.png
43,2,982,lattice,8,e,img/target_3.png
43,2,983,lattice,0,q,img/target_1.png
43,2,984,lattice,1,o,img/target_9.png
43,2,985,lattice,0,q,img/target_1.png
43,2,986,lattice,2,u,img/target_7.png
43,2,987,lattice,4,b,img/target_6.png
43,2,988,lattice,6,r,img/target_4.png
43,2,989,lattice,7,w,img/target_2.png
43,2,990,lattice,6,r,img/target_4.png
43,2,991,lattice,8,e,img/target_3.png
43,2,992,lattice,6,r,img/target_4.png
43,2,993,lattice,8,e,img/target_3.png
43,2,994,lattice,9,v,img/target_5.png
43,2,995,lattice,8,e,img/target_3.png
43,2,996,lattice,6,r,img/target_4.png
43,2,997,lattice,8,e,img/target_3.png
43,2,998,lattice,9,v,img/target_5.png
43,2,999,lattice,7,w,img/target_2.png
43,2,1000,lattice,6,r,img/target_4.png
