pID,sess,trialNum,graph,walk,resp,path
59,3,1,lattice,7,v,img/target_5.png
59,3,2,lattice,8,q,img/target_1.png
59,3,3,lattice,0,e,img/target_3.png
59,3,4,lattice,1,u,img/target_7.png
59,3,5,lattice,0,e,img/target_3.png
59,3,6,lattice,1,u,img/target_7.png
59,3,7,lattice,0,e,img/target_3.png
59,3,8,lattice,9,i,img/target_8.png
59,3,9,lattice,7,v,img/target_5.png
59,3,10,lattice,6,p,img/target_10.png
59,3,11,lattice,4,r,img/target_4.png
59,3,12,lattice,2,b,img/target_6.png
59,3,13,lattice,0,e,img/target_3.png
59,3,14,lattice,1,u,img/target_7.png
59,3,15,lattice,9,i,img/target_8.png
59,3,16,lattice,8,q,img/target_1.png
59,3,17,lattice,9,i,img/target_8.png
59,3,18,lattice,0,e,img/target_3.png
59,3,19,lattice,9,i,img/target_8.png
59,3,20,lattice,8,q,img/target_1.png
59,3,21,lattice,9,i,img/target_8.png
59,3,22,lattice,1,u,img/target_7.png
59,3,23,lattice,3,w,img/target_2.png
59,3,24,lattice,1,u,img/target_7.png
59,3,25,lattice,3,w,img/target_2.png
59,3,26,lattice,5,o,img/target_9.png
59,3,27,lattice,6,p,img/target_10.png
59,3,28,lattice,8,q,img/target_1.png
59,3,29,lattice,7,v,img/target_5.png
59,3,30,lattice,6,p,img/target_10.png
59,3,31,lattice,7,v,img/target_5.png
59,3,32,lattice,9,i,img/target_8.png
59,3,33,lattice,7,v,img/target_5.png
59,3,34,lattice,8,q,img/target_1.png
59,3,35,lattice,9,i,img/target_8.png
59,3,36,lattice,7,v,img/target_5.png
59,3,37,lattice,6,p,img/target_10.png
59,3,38,lattice,7,v,img/target_5.png
59,3,39,lattice,8,q,img/target_1.png
59,3,40,lattice,0,e,img/target_3.png
59,3,41,lattice,8,q,img/target_1.png
59,3,42,lattice,0,e,img/target_3.png
59,3,43,lattice,9,i,img/target_8.png
59,3,44,lattice,1,u,img/target_7.png
59,3,45,lattice,3,w,img/target_2.png
59,3,46,lattice,5,o,img/target_9.png
59,3,47,lattice,4,r,img/target_4.png
59,3,48,lattice,5,o,img/target_9.png
59,3,49,lattice,4,r,img/target_4.png
59,3,50,lattice,5,o,img/target_9.png
59,3,51,lattice,7,v,img/target_5.png
59,3,52,lattice,8,q,img/target_1.png
59,3,53,lattice,7,v,img/target_5.png
59,3,54,lattice,8,q,img/target_1.png
59,3,55,lattice,9,i,img/target_8.png
59,3,56,lattice,0,e,img/target_3.png
59,3,57,lattice,8,q,img/target_1.png
59,3,58,lattice,6,p,img/target_10.png
59,3,59,lattice,7,v,img/target_5.png
59,3,60,lattice,5,o,img/target_9.png
59,3,61,lattice,4,r,img/target_4.png
59,3,62,lattice,2,b,img/target_6.png
59,3,63,lattice,3,w,img/target_2.png
59,3,64,lattice,4,r,img/target_4.png
59,3,65,lattice,2,b,img/target_6.png
59,3,66,lattice,0,e,img/target_3.png
59,3,67,lattice,2,b,img/target_6.png
59,3,68,lattice,1,u,img/target_7.png
59,3,69,lattice,0,e,img/target_3.png
59,3,70,lattice,1,u,img/target_7.png
59,3,71,lattice,2,b,img/target_6.png
59,3,72,lattice,1,u,img/target_7.png
59,3,73,lattice,0,e,img/target_3.png
59,3,74,lattice,8,q,img/target_1.png
59,3,75,lattice,9,i,img/target_8.png
59,3,76,lattice,7,v,img/target_5.png
59,3,77,lattice,8,q,img/target_1.png
59,3,78,lattice,0,e,img/target_3.png
59,3,79,lattice,9,i,img/target_8.png
59,3,80,lattice,1,u,img/target_7.png
59,3,81,lattice,0,e,img/target_3.png
59,3,82,lattice,1,u,img/target_7.png
59,3,83,lattice,2,b,img/target_6.png
59,3,84,lattice,3,w,img/target_2.png
59,3,85,lattice,1,u,img/target_7.png
59,3,86,lattice,2,b,img/target_6.png
59,3,87,lattice,3,w,img/target_2.png
59,3,88,lattice,4,r,img/target_4.png
59,3,89,lattice,6,p,img/target_10.png
59,3,90,lattice,5,o,img/target_9.png
59,3,91,lattice,6,p,img/target_10.png
59,3,92,lattice,5,o,img/target_9.png
59,3,93,lattice,6,p,img/target_10.png
59,3,94,lattice,5,o,img/target_9.png
59,3,95,lattice,6,p,img/target_10.png
59,3,96,lattice,8,q,img/target_1.png
59,3,97,lattice,0,e,img/target_3.png
59,3,98,lattice,8,q,img/target_1.png
59,3,99,lattice,7,v,img/target_5.png
59,3,100,lattice,9,i,img/target_8.png
59,3,101,lattice,1,u,img/target_7.png
59,3,102,lattice,0,e,img/target_3.png
59,3,103,lattice,8,q,img/target_1.png
59,3,104,lattice,7,v,img/target_5.png
59,3,105,lattice,5,o,img/target_9.png
59,3,106,lattice,4,r,img/target_4.png
59,3,107,lattice,6,p,img/target_10.png
59,3,108,lattice,8,q,img/target_1.png
59,3,109,lattice,6,p,img/target_10.png
59,3,110,lattice,4,r,img/target_4.png
59,3,111,lattice,6,p,img/target_10.png
59,3,112,lattice,5,o,img/target_9.png
59,3,113,lattice,7,v,img/target_5.png
59,3,114,lattice,9,i,img/target_8.png
59,3,115,lattice,8,q,img/target_1.png
59,3,116,lattice,0,e,img/target_3.png
59,3,117,lattice,9,i,img/target_8.png
59,3,118,lattice,8,q,img/target_1.png
59,3,119,lattice,6,p,img/target_10.png
59,3,120,lattice,8,q,img/target_1.png
59,3,121,lattice,9,i,img/target_8.png
59,3,122,lattice,0,e,img/target_3.png
59,3,123,lattice,8,q,img/target_1.png
59,3,124,lattice,9,i,img/target_8.png
59,3,125,lattice,8,q,img/target_1.png
59,3,126,lattice,7,v,img/target_5.png
59,3,127,lattice,8,q,img/target_1.png
59,3,128,lattice,7,v,img/target_5.png
59,3,129,lattice,6,p,img/target_10.png
59,3,130,lattice,7,v,img/target_5.png
59,3,131,lattice,6,p,img/target_10.png
59,3,132,lattice,7,v,img/target_5.png
59,3,133,lattice,6,p,img/target_10.png
59,3,134,lattice,4,r,img/target_4.png
59,3,135,lattice,6,p,img/target_10.png
59,3,136,lattice,5,o,img/target_9.png
59,3,137,lattice,6,p,img/target_10.png
59,3,138,lattice,8,q,img/target_1.png
59,3,139,lattice,7,v,img/target_5.png
59,3,140,lattice,6,p,img/target_10.png
59,3,141,lattice,8,q,img/target_1.png
59,3,142,lattice,6,p,img/target_10.png
59,3,143,lattice,8,q,img/target_1.png
59,3,144,lattice,6,p,img/target_10.png
59,3,145,lattice,4,r,img/target_4.png
59,3,146,lattice,2,b,img/target_6.png
59,3,147,lattice,1,u,img/target_7.png
59,3,148,lattice,2,b,img/target_6.png
59,3,149,lattice,1,u,img/target_7.png
59,3,150,lattice,0,e,img/target_3.png
59,3,151,lattice,8,q,img/target_1.png
59,3,152,lattice,9,i,img/target_8.png
59,3,153,lattice,8,q,img/target_1.png
59,3,154,lattice,6,p,img/target_10.png
59,3,155,lattice,5,o,img/target_9.png
59,3,156,lattice,4,r,img/target_4.png
59,3,157,lattice,2,b,img/target_6.png
59,3,158,lattice,0,e,img/target_3.png
59,3,159,lattice,9,i,img/target_8.png
59,3,160,lattice,0,e,img/target_3.png
59,3,161,lattice,1,u,img/target_7.png
59,3,162,lattice,0,e,img/target_3.png
59,3,163,lattice,1,u,img/target_7.png
59,3,164,lattice,3,w,img/target_2.png
59,3,165,lattice,4,r,img/target_4.png
59,3,166,lattice,3,w,img/target_2.png
59,3,167,lattice,1,u,img/target_7.png
59,3,168,lattice,3,w,img/target_2.png
59,3,169,lattice,5,o,img/target_9.png
59,3,170,lattice,3,w,img/target_2.png
59,3,171,lattice,1,u,img/target_7.png
59,3,172,lattice,2,b,img/target_6.png
59,3,173,lattice,0,e,img/target_3.png
59,3,174,lattice,9,i,img/target_8.png
59,3,175,lattice,8,q,img/target_1.png
59,3,176,lattice,7,v,img/target_5.png
59,3,177,lattice,8,q,img/target_1.png
59,3,178,lattice,6,p,img/target_10.png
59,3,179,lattice,7,v,img/target_5.png
59,3,180,lattice,9,i,img/target_8.png
59,3,181,lattice,1,u,img/target_7.png
59,3,182,lattice,9,i,img/target_8.png
59,3,183,lattice,7,v,img/target_5.png
59,3,184,lattice,9,i,img/target_8.png
59,3,185,lattice,0,e,img/target_3.png
59,3,186,lattice,2,b,img/target_6.png
59,3,187,lattice,0,e,img/target_3.png
59,3,188,lattice,1,u,img/target_7.png
59,3,189,lattice,2,b,img/target_6.png
59,3,190,lattice,1,u,img/target_7.png
59,3,191,lattice,0,e,img/target_3.png
59,3,192,lattice,9,i,img/target_8.png
59,3,193,lattice,8,q,img/target_1.png
59,3,194,lattice,0,e,img/target_3.png
59,3,195,lattice,9,i,img/target_8.png
59,3,196,lattice,0,e,img/target_3.png
59,3,197,lattice,9,i,img/target_8.png
59,3,198,lattice,8,q,img/target_1.png
59,3,199,lattice,9,i,img/target_8.png
59,3,200,lattice,0,e,img/target_3.png
59,3,201,lattice,8,q,img/target_1.png
59,3,202,lattice,0,e,img/target_3.png
59,3,203,lattice,1,u,img/target_7.png
59,3,204,lattice,9,i,img/target_8.png
59,3,205,lattice,8,q,img/target_1.png
59,3,206,lattice,0,e,img/target_3.png
59,3,207,lattice,1,u,img/target_7.png
59,3,208,lattice,2,b,img/target_6.png
59,3,209,lattice,4,r,img/target_4.png
59,3,210,lattice,6,p,img/target_10.png
59,3,211,lattice,7,v,img/target_5.png
59,3,212,lattice,9,i,img/target_8.png
59,3,213,lattice,0,e,img/target_3.png
59,3,214,lattice,2,b,img/target_6.png
59,3,215,lattice,0,e,img/target_3.png
59,3,216,lattice,9,i,img/target_8.png
59,3,217,lattice,8,q,img/target_1.png
59,3,218,lattice,9,i,img/target_8.png
59,3,219,lattice,1,u,img/target_7.png
59,3,220,lattice,3,w,img/target_2.png
59,3,221,lattice,5,o,img/target_9.png
59,3,222,lattice,4,r,img/target_4.png
59,3,223,lattice,5,o,img/target_9.png
59,3,224,lattice,4,r,img/target_4.png
59,3,225,lattice,5,o,img/target_9.png
59,3,226,lattice,4,r,img/target_4.png
59,3,227,lattice,6,p,img/target_10.png
59,3,228,lattice,4,r,img/target_4.png
59,3,229,lattice,5,o,img/target_9.png
59,3,230,lattice,7,v,img/target_5.png
59,3,231,lattice,8,q,img/target_1.png
59,3,232,lattice,7,v,img/target_5.png
59,3,233,lattice,6,p,img/target_10.png
59,3,234,lattice,7,v,img/target_5.png
59,3,235,lattice,6,p,img/target_10.png
59,3,236,lattice,8,q,img/target_1.png
59,3,237,lattice,7,v,img/target_5.png
59,3,238,lattice,8,q,img/target_1.png
59,3,239,lattice,7,v,img/target_5.png
59,3,240,lattice,9,i,img/target_8.png
59,3,241,lattice,1,u,img/target_7.png
59,3,242,lattice,2,b,img/target_6.png
59,3,243,lattice,3,w,img/target_2.png
59,3,244,lattice,4,r,img/target_4.png
59,3,245,lattice,5,o,img/target_9.png
59,3,246,lattice,3,w,img/target_2.png
59,3,247,lattice,1,u,img/target_7.png
59,3,248,lattice,0,e,img/target_3.png
59,3,249,lattice,2,b,img/target_6.png
59,3,250,lattice,4,r,img/target_4.png
59,3,251,lattice,3,w,img/target_2.png
59,3,252,lattice,4,r,img/target_4.png
59,3,253,lattice,6,p,img/target_10.png
59,3,254,lattice,5,o,img/target_9.png
59,3,255,lattice,7,v,img/target_5.png
59,3,256,lattice,6,p,img/target_10.png
59,3,257,lattice,4,r,img/target_4.png
59,3,258,lattice,5,o,img/target_9.png
59,3,259,lattice,7,v,img/target_5.png
59,3,260,lattice,6,p,img/target_10.png
59,3,261,lattice,8,q,img/target_1.png
59,3,262,lattice,6,p,img/target_10.png
59,3,263,lattice,5,o,img/target_9.png
59,3,264,lattice,6,p,img/target_10.png
59,3,265,lattice,7,v,img/target_5.png
59,3,266,lattice,9,i,img/target_8.png
59,3,267,lattice,1,u,img/target_7.png
59,3,268,lattice,2,b,img/target_6.png
59,3,269,lattice,4,r,img/target_4.png
59,3,270,lattice,3,w,img/target_2.png
59,3,271,lattice,5,o,img/target_9.png
59,3,272,lattice,7,v,img/target_5.png
59,3,273,lattice,8,q,img/target_1.png
59,3,274,lattice,0,e,img/target_3.png
59,3,275,lattice,9,i,img/target_8.png
59,3,276,lattice,8,q,img/target_1.png
59,3,277,lattice,9,i,img/target_8.png
59,3,278,lattice,7,v,img/target_5.png
59,3,279,lattice,8,q,img/target_1.png
59,3,280,lattice,9,i,img/target_8.png
59,3,281,lattice,8,q,img/target_1.png
59,3,282,lattice,6,p,img/target_10.png
59,3,283,lattice,4,r,img/target_4.png
59,3,284,lattice,5,o,img/target_9.png
59,3,285,lattice,6,p,img/target_10.png
59,3,286,lattice,5,o,img/target_9.png
59,3,287,lattice,4,r,img/target_4.png
59,3,288,lattice,5,o,img/target_9.png
59,3,289,lattice,7,v,img/target_5.png
59,3,290,lattice,9,i,img/target_8.png
59,3,291,lattice,8,q,img/target_1.png
59,3,292,lattice,0,e,img/target_3.png
59,3,293,lattice,9,i,img/target_8.png
59,3,294,lattice,0,e,img/target_3.png
59,3,295,lattice,2,b,img/target_6.png
59,3,296,lattice,3,w,img/target_2.png
59,3,297,lattice,5,o,img/target_9.png
59,3,298,lattice,7,v,img/target_5.png
59,3,299,lattice,9,i,img/target_8.png
59,3,300,lattice,0,e,img/target_3.png
59,3,301,lattice,8,q,img/target_1.png
59,3,302,lattice,0,e,img/target_3.png
59,3,303,lattice,1,u,img/target_7.png
59,3,304,lattice,2,b,img/target_6.png
59,3,305,lattice,4,r,img/target_4.png
59,3,306,lattice,6,p,img/target_10.png
59,3,307,lattice,8,q,img/target_1.png
59,3,308,lattice,6,p,img/target_10.png
59,3,309,lattice,4,r,img/target_4.png
59,3,310,lattice,6,p,img/target_10.png
59,3,311,lattice,4,r,img/target_4.png
59,3,312,lattice,3,w,img/target_2.png
59,3,313,lattice,5,o,img/target_9.png
59,3,314,lattice,7,v,img/target_5.png
59,3,315,lattice,8,q,img/target_1.png
59,3,316,lattice,9,i,img/target_8.png
59,3,317,lattice,0,e,img/target_3.png
59,3,318,lattice,2,b,img/target_6.png
59,3,319,lattice,3,w,img/target_2.png
59,3,320,lattice,4,r,img/target_4.png
59,3,321,lattice,2,b,img/target_6.png
59,3,322,lattice,4,r,img/target_4.png
59,3,323,lattice,3,w,img/target_2.png
59,3,324,lattice,4,r,img/target_4.png
59,3,325,lattice,2,b,img/target_6.png
59,3,326,lattice,3,w,img/target_2.png
59,3,327,lattice,5,o,img/target_9.png
59,3,328,lattice,6,p,img/target_10.png
59,3,329,lattice,8,q,img/target_1.png
59,3,330,lattice,6,p,img/target_10.png
59,3,331,lattice,4,r,img/target_4.png
59,3,332,lattice,3,w,img/target_2.png
59,3,333,lattice,5,o,img/target_9.png
59,3,334,lattice,6,p,img/target_10.png
59,3,335,lattice,7,v,img/target_5.png
59,3,336,lattice,5,o,img/target_9.png
59,3,337,lattice,4,r,img/target_4.png
59,3,338,lattice,5,o,img/target_9.png
59,3,339,lattice,3,w,img/target_2.png
59,3,340,lattice,5,o,img/target_9.png
59,3,341,lattice,6,p,img/target_10.png
59,3,342,lattice,8,q,img/target_1.png
59,3,343,lattice,9,i,img/target_8.png
59,3,344,lattice,7,v,img/target_5.png
59,3,345,lattice,5,o,img/target_9.png
59,3,346,lattice,3,w,img/target_2.png
59,3,347,lattice,4,r,img/target_4.png
59,3,348,lattice,2,b,img/target_6.png
59,3,349,lattice,3,w,img/target_2.png
59,3,350,lattice,5,o,img/target_9.png
59,3,351,lattice,3,w,img/target_2.png
59,3,352,lattice,1,u,img/target_7.png
59,3,353,lattice,0,e,img/target_3.png
59,3,354,lattice,2,b,img/target_6.png
59,3,355,lattice,4,r,img/target_4.png
59,3,356,lattice,2,b,img/target_6.png
59,3,357,lattice,3,w,img/target_2.png
59,3,358,lattice,5,o,img/target_9.png
59,3,359,lattice,7,v,img/target_5.png
59,3,360,lattice,5,o,img/target_9.png
59,3,361,lattice,7,v,img/target_5.png
59,3,362,lattice,6,p,img/target_10.png
59,3,363,lattice,5,o,img/target_9.png
59,3,364,lattice,6,p,img/target_10.png
59,3,365,lattice,5,o,img/target_9.png
59,3,366,lattice,4,r,img/target_4.png
59,3,367,lattice,6,p,img/target_10.png
59,3,368,lattice,7,v,img/target_5.png
59,3,369,lattice,5,o,img/target_9.png
59,3,370,lattice,7,v,img/target_5.png
59,3,371,lattice,8,q,img/target_1.png
59,3,372,lattice,0,e,img/target_3.png
59,3,373,lattice,2,b,img/target_6.png
59,3,374,lattice,3,w,img/target_2.png
59,3,375,lattice,1,u,img/target_7.png
59,3,376,lattice,3,w,img/target_2.png
59,3,377,lattice,4,r,img/target_4.png
59,3,378,lattice,6,p,img/target_10.png
59,3,379,lattice,5,o,img/target_9.png
59,3,380,lattice,3,w,img/target_2.png
59,3,381,lattice,2,b,img/target_6.png
59,3,382,lattice,4,r,img/target_4.png
59,3,383,lattice,3,w,img/target_2.png
59,3,384,lattice,1,u,img/target_7.png
59,3,385,lattice,9,i,img/target_8.png
59,3,386,lattice,7,v,img/target_5.png
59,3,387,lattice,8,q,img/target_1.png
59,3,388,lattice,9,i,img/target_8.png
59,3,389,lattice,7,v,img/target_5.png
59,3,390,lattice,8,q,img/target_1.png
59,3,391,lattice,0,e,img/target_3.png
59,3,392,lattice,2,b,img/target_6.png
59,3,393,lattice,4,r,img/target_4.png
59,3,394,lattice,6,p,img/target_10.png
59,3,395,lattice,7,v,img/target_5.png
59,3,396,lattice,6,p,img/target_10.png
59,3,397,lattice,8,q,img/target_1.png
59,3,398,lattice,6,p,img/target_10.png
59,3,399,lattice,7,v,img/target_5.png
59,3,400,lattice,6,p,img/target_10.png
59,3,401,lattice,7,v,img/target_5.png
59,3,402,lattice,8,q,img/target_1.png
59,3,403,lattice,7,v,img/target_5.png
59,3,404,lattice,9,i,img/target_8.png
59,3,405,lattice,1,u,img/target_7.png
59,3,406,lattice,0,e,img/target_3.png
59,3,407,lattice,8,q,img/target_1.png
59,3,408,lattice,6,p,img/target_10.png
59,3,409,lattice,4,r,img/target_4.png
59,3,410,lattice,6,p,img/target_10.png
59,3,411,lattice,7,v,img/target_5.png
59,3,412,lattice,5,o,img/target_9.png
59,3,413,lattice,4,r,img/target_4.png
59,3,414,lattice,6,p,img/target_10.png
59,3,415,lattice,7,v,img/target_5.png
59,3,416,lattice,5,o,img/target_9.png
59,3,417,lattice,6,p,img/target_10.png
59,3,418,lattice,4,r,img/target_4.png
59,3,419,lattice,5,o,img/target_9.png
59,3,420,lattice,7,v,img/target_5.png
59,3,421,lattice,8,q,img/target_1.png
59,3,422,lattice,0,e,img/target_3.png
59,3,423,lattice,1,u,img/target_7.png
59,3,424,lattice,2,b,img/target_6.png
59,3,425,lattice,0,e,img/target_3.png
59,3,426,lattice,9,i,img/target_8.png
59,3,427,lattice,0,e,img/target_3.png
59,3,428,lattice,9,i,img/target_8.png
59,3,429,lattice,8,q,img/target_1.png
59,3,430,lattice,7,v,img/target_5.png
59,3,431,lattice,9,i,img/target_8.png
59,3,432,lattice,1,u,img/target_7.png
59,3,433,lattice,3,w,img/target_2.png
59,3,434,lattice,1,u,img/target_7.png
59,3,435,lattice,3,w,img/target_2.png
59,3,436,lattice,5,o,img/target_9.png
59,3,437,lattice,6,p,img/target_10.png
59,3,438,lattice,7,v,img/target_5.png
59,3,439,lattice,9,i,img/target_8.png
59,3,440,lattice,8,q,img/target_1.png
59,3,441,lattice,6,p,img/target_10.png
59,3,442,lattice,5,o,img/target_9.png
59,3,443,lattice,3,w,img/target_2.png
59,3,444,lattice,5,o,img/target_9.png
59,3,445,lattice,4,r,img/target_4.png
59,3,446,lattice,3,w,img/target_2.png
59,3,447,lattice,5,o,img/target_9.png
59,3,448,lattice,6,p,img/target_10.png
59,3,449,lattice,5,o,img/target_9.png
59,3,450,lattice,7,v,img/target_5.png
59,3,451,lattice,5,o,img/target_9.png
59,3,452,lattice,6,p,img/target_10.png
59,3,453,lattice,7,v,img/target_5.png
59,3,454,lattice,5,o,img/target_9.png
59,3,455,lattice,6,p,img/target_10.png
59,3,456,lattice,7,v,img/target_5.png
59,3,457,lattice,5,o,img/target_9.png
59,3,458,lattice,3,w,img/target_2.png
59,3,459,lattice,5,o,img/target_9.png
59,3,460,lattice,7,v,img/target_5.png
59,3,461,lattice,9,i,img/target_8.png
59,3,462,lattice,1,u,img/target_7.png
59,3,463,lattice,2,b,img/target_6.png
59,3,464,lattice,1,u,img/target_7.png
59,3,465,lattice,9,i,img/target_8.png
59,3,466,lattice,7,v,img/target_5.png
59,3,467,lattice,8,q,img/target_1.png
59,3,468,lattice,0,e,img/target_3.png
59,3,469,lattice,1,u,img/target_7.png
59,3,470,lattice,0,e,img/target_3.png
59,3,471,lattice,1,u,img/target_7.png
59,3,472,lattice,0,e,img/target_3.png
59,3,473,lattice,1,u,img/target_7.png
59,3,474,lattice,9,i,img/target_8.png
59,3,475,lattice,7,v,img/target_5.png
59,3,476,lattice,6,p,img/target_10.png
59,3,477,lattice,7,v,img/target_5.png
59,3,478,lattice,5,o,img/target_9.png
59,3,479,lattice,3,w,img/target_2.png
59,3,480,lattice,4,r,img/target_4.png
59,3,481,lattice,3,w,img/target_2.png
59,3,482,lattice,2,b,img/target_6.png
59,3,483,lattice,3,w,img/target_2.png
59,3,484,lattice,5,o,img/target_9.png
59,3,485,lattice,4,r,img/target_4.png
59,3,486,lattice,6,p,img/target_10.png
59,3,487,lattice,4,r,img/target_4.png
59,3,488,lattice,6,p,img/target_10.png
59,3,489,lattice,4,r,img/target_4.png
59,3,490,lattice,6,p,img/target_10.png
59,3,491,lattice,8,q,img/target_1.png
59,3,492,lattice,7,v,img/target_5.png
59,3,493,lattice,6,p,img/target_10.png
59,3,494,lattice,8,q,img/target_1.png
59,3,495,lattice,9,i,img/target_8.png
59,3,496,lattice,8,q,img/target_1.png
59,3,497,lattice,0,e,img/target_3.png
59,3,498,lattice,8,q,img/target_1.png
59,3,499,lattice,0,e,img/target_3.png
59,3,500,lattice,8,q,img/target_1.png
59,3,501,lattice,6,p,img/target_10.png
59,3,502,lattice,7,v,img/target_5.png
59,3,503,lattice,6,p,img/target_10.png
59,3,504,lattice,8,q,img/target_1.png
59,3,505,lattice,7,v,img/target_5.png
59,3,506,lattice,9,i,img/target_8.png
59,3,507,lattice,7,v,img/target_5.png
59,3,508,lattice,9,i,img/target_8.png
59,3,509,lattice,8,q,img/target_1.png
59,3,510,lattice,9,i,img/target_8.png
59,3,511,lattice,1,u,img/target_7.png
59,3,512,lattice,0,e,img/target_3.png
59,3,513,lattice,2,b,img/target_6.png
59,3,514,lattice,3,w,img/target_2.png
59,3,515,lattice,2,b,img/target_6.png
59,3,516,lattice,4,r,img/target_4.png
59,3,517,lattice,5,o,img/target_9.png
59,3,518,lattice,3,w,img/target_2.png
59,3,519,lattice,5,o,img/target_9.png
59,3,520,lattice,6,p,img/target_10.png
59,3,521,lattice,7,v,img/target_5.png
59,3,522,lattice,6,p,img/target_10.png
59,3,523,lattice,5,o,img/target_9.png
59,3,524,lattice,4,r,img/target_4.png
59,3,525,lattice,5,o,img/target_9.png
59,3,526,lattice,4,r,img/target_4.png
59,3,527,lattice,5,o,img/target_9.png
59,3,528,lattice,3,w,img/target_2.png
59,3,529,lattice,5,o,img/target_9.png
59,3,530,lattice,6,p,img/target_10.png
59,3,531,lattice,5,o,img/target_9.png
59,3,532,lattice,3,w,img/target_2.png
59,3,533,lattice,1,u,img/target_7.png
59,3,534,lattice,9,i,img/target_8.png
59,3,535,lattice,7,v,img/target_5.png
59,3,536,lattice,8,q,img/target_1.png
59,3,537,lattice,9,i,img/target_8.png
59,3,538,lattice,1,u,img/target_7.png
59,3,539,lattice,9,i,img/target_8.png
59,3,540,lattice,8,q,img/target_1.png
59,3,541,lattice,9,i,img/target_8.png
59,3,542,lattice,8,q,img/target_1.png
59,3,543,lattice,0,e,img/target_3.png
59,3,544,lattice,9,i,img/target_8.png
59,3,545,lattice,7,v,img/target_5.png
59,3,546,lattice,8,q,img/target_1.png
59,3,547,lattice,6,p,img/target_10.png
59,3,548,lattice,8,q,img/target_1.png
59,3,549,lattice,9,i,img/target_8.png
59,3,550,lattice,8,q,img/target_1.png
59,3,551,lattice,9,i,img/target_8.png
59,3,552,lattice,0,e,img/target_3.png
59,3,553,lattice,2,b,img/target_6.png
59,3,554,lattice,4,r,img/target_4.png
59,3,555,lattice,3,w,img/target_2.png
59,3,556,lattice,5,o,img/target_9.png
59,3,557,lattice,7,v,img/target_5.png
59,3,558,lattice,5,o,img/target_9.png
59,3,559,lattice,7,v,img/target_5.png
59,3,560,lattice,5,o,img/target_9.png
59,3,561,lattice,3,w,img/target_2.png
59,3,562,lattice,5,o,img/target_9.png
59,3,563,lattice,3,w,img/target_2.png
59,3,564,lattice,1,u,img/target_7.png
59,3,565,lattice,0,e,img/target_3.png
59,3,566,lattice,1,u,img/target_7.png
59,3,567,lattice,2,b,img/target_6.png
59,3,568,lattice,0,e,img/target_3.png
59,3,569,lattice,9,i,img/target_8.png
59,3,570,lattice,1,u,img/target_7.png
59,3,571,lattice,3,w,img/target_2.png
59,3,572,lattice,4,r,img/target_4.png
59,3,573,lattice,3,w,img/target_2.png
59,3,574,lattice,4,r,img/target_4.png
59,3,575,lattice,3,w,img/target_2.png
59,3,576,lattice,5,o,img/target_9.png
59,3,577,lattice,6,p,img/target_10.png
59,3,578,lattice,5,o,img/target_9.png
59,3,579,lattice,7,v,img/target_5.png
59,3,580,lattice,6,p,img/target_10.png
59,3,581,lattice,8,q,img/target_1.png
59,3,582,lattice,9,i,img/target_8.png
59,3,583,lattice,7,v,img/target_5.png
59,3,584,lattice,8,q,img/target_1.png
59,3,585,lattice,7,v,img/target_5.png
59,3,586,lattice,9,i,img/target_8.png
59,3,587,lattice,0,e,img/target_3.png
59,3,588,lattice,9,i,img/target_8.png
59,3,589,lattice,0,e,img/target_3.png
59,3,590,lattice,8,q,img/target_1.png
59,3,591,lattice,6,p,img/target_10.png
59,3,592,lattice,7,v,img/target_5.png
59,3,593,lattice,9,i,img/target_8.png
59,3,594,lattice,7,v,img/target_5.png
59,3,595,lattice,5,o,img/target_9.png
59,3,596,lattice,3,w,img/target_2.png
59,3,597,lattice,5,o,img/target_9.png
59,3,598,lattice,3,w,img/target_2.png
59,3,599,lattice,2,b,img/target_6.png
59,3,600,lattice,4,r,img/target_4.png
59,3,601,lattice,3,w,img/target_2.png
59,3,602,lattice,2,b,img/target_6.png
59,3,603,lattice,4,r,img/target_4.png
59,3,604,lattice,6,p,img/target_10.png
59,3,605,lattice,7,v,img/target_5.png
59,3,606,lattice,9,i,img/target_8.png
59,3,607,lattice,0,e,img/target_3.png
59,3,608,lattice,8,q,img/target_1.png
59,3,609,lattice,0,e,img/target_3.png
59,3,610,lattice,1,u,img/target_7.png
59,3,611,lattice,3,w,img/target_2.png
59,3,612,lattice,4,r,img/target_4.png
59,3,613,lattice,3,w,img/target_2.png
59,3,614,lattice,4,r,img/target_4.png
59,3,615,lattice,2,b,img/target_6.png
59,3,616,lattice,1,u,img/target_7.png
59,3,617,lattice,2,b,img/target_6.png
59,3,618,lattice,1,u,img/target_7.png
59,3,619,lattice,0,e,img/target_3.png
59,3,620,lattice,8,q,img/target_1.png
59,3,621,lattice,6,p,img/target_10.png
59,3,622,lattice,7,v,img/target_5.png
59,3,623,lattice,8,q,img/target_1.png
59,3,624,lattice,7,v,img/target_5.png
59,3,625,lattice,8,q,img/target_1.png
59,3,626,lattice,0,e,img/target_3.png
59,3,627,lattice,8,q,img/target_1.png
59,3,628,lattice,0,e,img/target_3.png
59,3,629,lattice,8,q,img/target_1.png
59,3,630,lattice,9,i,img/target_8.png
59,3,631,lattice,8,q,img/target_1.png
59,3,632,lattice,0,e,img/target_3.png
59,3,633,lattice,9,i,img/target_8.png
59,3,634,lattice,7,v,img/target_5.png
59,3,635,lattice,9,i,img/target_8.png
59,3,636,lattice,8,q,img/target_1.png
59,3,637,lattice,6,p,img/target_10.png
59,3,638,lattice,7,v,img/target_5.png
59,3,639,lattice,6,p,img/target_10.png
59,3,640,lattice,5,o,img/target_9.png
59,3,641,lattice,4,r,img/target_4.png
59,3,642,lattice,3,w,img/target_2.png
59,3,643,lattice,2,b,img/target_6.png
59,3,644,lattice,1,u,img/target_7.png
59,3,645,lattice,0,e,img/target_3.png
59,3,646,lattice,2,b,img/target_6.png
59,3,647,lattice,1,u,img/target_7.png
59,3,648,lattice,3,w,img/target_2.png
59,3,649,lattice,5,o,img/target_9.png
59,3,650,lattice,7,v,img/target_5.png
59,3,651,lattice,8,q,img/target_1.png
59,3,652,lattice,6,p,img/target_10.png
59,3,653,lattice,8,q,img/target_1.png
59,3,654,lattice,6,p,img/target_10.png
59,3,655,lattice,4,r,img/target_4.png
59,3,656,lattice,6,p,img/target_10.png
59,3,657,lattice,7,v,img/target_5.png
59,3,658,lattice,8,q,img/target_1.png
59,3,659,lattice,0,e,img/target_3.png
59,3,660,lattice,9,i,img/target_8.png
59,3,661,lattice,0,e,img/target_3.png
59,3,662,lattice,2,b,img/target_6.png
59,3,663,lattice,4,r,img/target_4.png
59,3,664,lattice,6,p,img/target_10.png
59,3,665,lattice,7,v,img/target_5.png
59,3,666,lattice,8,q,img/target_1.png
59,3,667,lattice,6,p,img/target_10.png
59,3,668,lattice,7,v,img/target_5.png
59,3,669,lattice,8,q,img/target_1.png
59,3,670,lattice,9,i,img/target_8.png
59,3,671,lattice,0,e,img/target_3.png
59,3,672,lattice,2,b,img/target_6.png
59,3,673,lattice,4,r,img/target_4.png
59,3,674,lattice,6,p,img/target_10.png
59,3,675,lattice,4,r,img/target_4.png
59,3,676,lattice,6,p,img/target_10.png
59,3,677,lattice,8,q,img/target_1.png
59,3,678,lattice,9,i,img/target_8.png
59,3,679,lattice,1,u,img/target_7.png
59,3,680,lattice,2,b,img/target_6.png
59,3,681,lattice,3,w,img/target_2.png
59,3,682,lattice,2,b,img/target_6.png
59,3,683,lattice,0,e,img/target_3.png
59,3,684,lattice,8,q,img/target_1.png
59,3,685,lattice,6,p,img/target_10.png
59,3,686,lattice,7,v,img/target_5.png
59,3,687,lattice,6,p,img/target_10.png
59,3,688,lattice,5,o,img/target_9.png
59,3,689,lattice,7,v,img/target_5.png
59,3,690,lattice,5,o,img/target_9.png
59,3,691,lattice,3,w,img/target_2.png
59,3,692,lattice,4,r,img/target_4.png
59,3,693,lattice,3,w,img/target_2.png
59,3,694,lattice,1,u,img/target_7.png
59,3,695,lattice,3,w,img/target_2.png
59,3,696,lattice,4,r,img/target_4.png
59,3,697,lattice,2,b,img/target_6.png
59,3,698,lattice,3,w,img/target_2.png
59,3,699,lattice,5,o,img/target_9.png
59,3,700,lattice,3,w,img/target_2.png
59,3,701,lattice,4,r,img/target_4.png
59,3,702,lattice,5,o,img/target_9.png
59,3,703,lattice,6,p,img/target_10.png
59,3,704,lattice,8,q,img/target_1.png
59,3,705,lattice,9,i,img/target_8.png
59,3,706,lattice,1,u,img/target_7.png
59,3,707,lattice,2,b,img/target_6.png
59,3,708,lattice,0,e,img/target_3.png
59,3,709,lattice,9,i,img/target_8.png
59,3,710,lattice,1,u,img/target_7.png
59,3,711,lattice,0,e,img/target_3.png
59,3,712,lattice,8,q,img/target_1.png
59,3,713,lattice,7,v,img/target_5.png
59,3,714,lattice,6,p,img/target_10.png
59,3,715,lattice,8,q,img/target_1.png
59,3,716,lattice,6,p,img/target_10.png
59,3,717,lattice,5,o,img/target_9.png
59,3,718,lattice,6,p,img/target_10.png
59,3,719,lattice,5,o,img/target_9.png
59,3,720,lattice,4,r,img/target_4.png
59,3,721,lattice,2,b,img/target_6.png
59,3,722,lattice,4,r,img/target_4.png
59,3,723,lattice,2,b,img/target_6.png
59,3,724,lattice,4,r,img/target_4.png
59,3,725,lattice,2,b,img/target_6.png
59,3,726,lattice,4,r,img/target_4.png
59,3,727,lattice,2,b,img/target_6.png
59,3,728,lattice,1,u,img/target_7.png
59,3,729,lattice,9,i,img/target_8.png
59,3,730,lattice,8,q,img/target_1.png
59,3,731,lattice,7,v,img/target_5.png
59,3,732,lattice,8,q,img/target_1.png
59,3,733,lattice,0,e,img/target_3.png
59,3,734,lattice,8,q,img/target_1.png
59,3,735,lattice,9,i,img/target_8.png
59,3,736,lattice,7,v,img/target_5.png
59,3,737,lattice,6,p,img/target_10.png
59,3,738,lattice,4,r,img/target_4.png
59,3,739,lattice,3,w,img/target_2.png
59,3,740,lattice,4,r,img/target_4.png
59,3,741,lattice,5,o,img/target_9.png
59,3,742,lattice,7,v,img/target_5.png
59,3,743,lattice,9,i,img/target_8.png
59,3,744,lattice,1,u,img/target_7.png
59,3,745,lattice,2,b,img/target_6.png
59,3,746,lattice,4,r,img/target_4.png
59,3,747,lattice,5,o,img/target_9.png
59,3,748,lattice,3,w,img/target_2.png
59,3,749,lattice,4,r,img/target_4.png
59,3,750,lattice,2,b,img/target_6.png
59,3,751,lattice,3,w,img/target_2.png
59,3,752,lattice,4,r,img/target_4.png
59,3,753,lattice,2,b,img/target_6.png
59,3,754,lattice,1,u,img/target_7.png
59,3,755,lattice,2,b,img/target_6.png
59,3,756,lattice,1,u,img/target_7.png
59,3,757,lattice,9,i,img/target_8.png
59,3,758,lattice,7,v,img/target_5.png
59,3,759,lattice,9,i,img/target_8.png
59,3,760,lattice,7,v,img/target_5.png
59,3,761,lattice,6,p,img/target_10.png
59,3,762,lattice,5,o,img/target_9.png
59,3,763,lattice,6,p,img/target_10.png
59,3,764,lattice,8,q,img/target_1.png
59,3,765,lattice,6,p,img/target_10.png
59,3,766,lattice,4,r,img/target_4.png
59,3,767,lattice,5,o,img/target_9.png
59,3,768,lattice,3,w,img/target_2.png
59,3,769,lattice,2,b,img/target_6.png
59,3,770,lattice,1,u,img/target_7.png
59,3,771,lattice,9,i,img/target_8.png
59,3,772,lattice,8,q,img/target_1.png
59,3,773,lattice,9,i,img/target_8.png
59,3,774,lattice,8,q,img/target_1.png
59,3,775,lattice,7,v,img/target_5.png
59,3,776,lattice,8,q,img/target_1.png
59,3,777,lattice,0,e,img/target_3.png
59,3,778,lattice,8,q,img/target_1.png
59,3,779,lattice,9,i,img/target_8.png
59,3,780,lattice,7,v,img/target_5.png
59,3,781,lattice,5,o,img/target_9.png
59,3,782,lattice,3,w,img/target_2.png
59,3,783,lattice,2,b,img/target_6.png
59,3,784,lattice,1,u,img/target_7.png
59,3,785,lattice,3,w,img/target_2.png
59,3,786,lattice,1,u,img/target_7.png
59,3,787,lattice,2,b,img/target_6.png
59,3,788,lattice,1,u,img/target_7.png
59,3,789,lattice,0,e,img/target_3.png
59,3,790,lattice,9,i,img/target_8.png
59,3,791,lattice,1,u,img/target_7.png
59,3,792,lattice,2,b,img/target_6.png
59,3,793,lattice,4,r,img/target_4.png
59,3,794,lattice,2,b,img/target_6.png
59,3,795,lattice,4,r,img/target_4.png
59,3,796,lattice,5,o,img/target_9.png
59,3,797,lattice,7,v,img/target_5.png
59,3,798,lattice,9,i,img/target_8.png
59,3,799,lattice,1,u,img/target_7.png
59,3,800,lattice,2,b,img/target_6.png
59,3,801,lattice,3,w,img/target_2.png
59,3,802,lattice,4,r,img/target_4.png
59,3,803,lattice,5,o,img/target_9.png
59,3,804,lattice,7,v,img/target_5.png
59,3,805,lattice,6,p,img/target_10.png
59,3,806,lattice,8,q,img/target_1.png
59,3,807,lattice,0,e,img/target_3.png
59,3,808,lattice,8,q,img/target_1.png
59,3,809,lattice,0,e,img/target_3.png
59,3,810,lattice,9,i,img/target_8.png
59,3,811,lattice,1,u,img/target_7.png
59,3,812,lattice,3,w,img/target_2.png
59,3,813,lattice,5,o,img/target_9.png
59,3,814,lattice,7,v,img/target_5.png
59,3,815,lattice,5,o,img/target_9.png
59,3,816,lattice,4,r,img/target_4.png
59,3,817,lattice,5,o,img/target_9.png
59,3,818,lattice,7,v,img/target_5.png
59,3,819,lattice,9,i,img/target_8.png
59,3,820,lattice,7,v,img/target_5.png
59,3,821,lattice,9,i,img/target_8.png
59,3,822,lattice,7,v,img/target_5.png
59,3,823,lattice,8,q,img/target_1.png
59,3,824,lattice,0,e,img/target_3.png
59,3,825,lattice,2,b,img/target_6.png
59,3,826,lattice,0,e,img/target_3.png
59,3,827,lattice,8,q,img/target_1.png
59,3,828,lattice,7,v,img/target_5.png
59,3,829,lattice,6,p,img/target_10.png
59,3,830,lattice,7,v,img/target_5.png
59,3,831,lattice,9,i,img/target_8.png
59,3,832,lattice,8,q,img/target_1.png
59,3,833,lattice,0,e,img/target_3.png
59,3,834,lattice,1,u,img/target_7.png
59,3,835,lattice,2,b,img/target_6.png
59,3,836,lattice,4,r,img/target_4.png
59,3,837,lattice,2,b,img/target_6.png
59,3,838,lattice,4,r,img/target_4.png
59,3,839,lattice,2,b,img/target_6.png
59,3,840,lattice,0,e,img/target_3.png
59,3,841,lattice,2,b,img/target_6.png
59,3,842,lattice,1,u,img/target_7.png
59,3,843,lattice,9,i,img/target_8.png
59,3,844,lattice,1,u,img/target_7.png
59,3,845,lattice,3,w,img/target_2.png
59,3,846,lattice,2,b,img/target_6.png
59,3,847,lattice,3,w,img/target_2.png
59,3,848,lattice,5,o,img/target_9.png
59,3,849,lattice,7,v,img/target_5.png
59,3,850,lattice,9,i,img/target_8.png
59,3,851,lattice,8,q,img/target_1.png
59,3,852,lattice,6,p,img/target_10.png
59,3,853,lattice,8,q,img/target_1.png
59,3,854,lattice,0,e,img/target_3.png
59,3,855,lattice,2,b,img/target_6.png
59,3,856,lattice,4,r,img/target_4.png
59,3,857,lattice,5,o,img/target_9.png
59,3,858,lattice,3,w,img/target_2.png
59,3,859,lattice,2,b,img/target_6.png
59,3,860,lattice,1,u,img/target_7.png
59,3,861,lattice,0,e,img/target_3.png
59,3,862,lattice,1,u,img/target_7.png
59,3,863,lattice,3,w,img/target_2.png
59,3,864,lattice,1,u,img/target_7.png
59,3,865,lattice,3,w,img/target_2.png
59,3,866,lattice,2,b,img/target_6.png
59,3,867,lattice,3,w,img/target_2.png
59,3,868,lattice,5,o,img/target_9.png
59,3,869,lattice,6,p,img/target_10.png
59,3,870,lattice,5,o,img/target_9.png
59,3,871,lattice,7,v,img/target_5.png
59,3,872,lattice,5,o,img/target_9.png
59,3,873,lattice,4,r,img/target_4.png
59,3,874,lattice,2,b,img/target_6.png
59,3,875,lattice,1,u,img/target_7.png
59,3,876,lattice,9,i,img/target_8.png
59,3,877,lattice,0,e,img/target_3.png
59,3,878,lattice,9,i,img/target_8.png
59,3,879,lattice,8,q,img/target_1.png
59,3,880,lattice,7,v,img/target_5.png
59,3,881,lattice,8,q,img/target_1.png
59,3,882,lattice,6,p,img/target_10.png
59,3,883,lattice,5,o,img/target_9.png
59,3,884,lattice,3,w,img/target_2.png
59,3,885,lattice,2,b,img/target_6.png
59,3,886,lattice,1,u,img/target_7.png
59,3,887,lattice,3,w,img/target_2.png
59,3,888,lattice,2,b,img/target_6.png
59,3,889,lattice,1,u,img/target_7.png
59,3,890,lattice,2,b,img/target_6.png
59,3,891,lattice,1,u,img/target_7.png
59,3,892,lattice,2,b,img/target_6.png
59,3,893,lattice,0,e,img/target_3.png
59,3,894,lattice,8,q,img/target_1.png
59,3,895,lattice,0,e,img/target_3.png
59,3,896,lattice,8,q,img/target_1.png
59,3,897,lattice,0,e,img/target_3.png
59,3,898,lattice,1,u,img/target_7.png
59,3,899,lattice,3,w,img/target_2.png
59,3,900,lattice,4,r,img/target_4.png
59,3,901,lattice,2,b,img/target_6.png
59,3,902,lattice,0,e,img/target_3.png
59,3,903,lattice,8,q,img/target_1.png
59,3,904,lattice,6,p,img/target_10.png
59,3,905,lattice,8,q,img/target_1.png
59,3,906,lattice,6,p,img/target_10.png
59,3,907,lattice,7,v,img/target_5.png
59,3,908,lattice,6,p,img/target_10.png
59,3,909,lattice,7,v,img/target_5.png
59,3,910,lattice,6,p,img/target_10.png
59,3,911,lattice,7,v,img/target_5.png
59,3,912,lattice,8,q,img/target_1.png
59,3,913,lattice,6,p,img/target_10.png
59,3,914,lattice,7,v,img/target_5.png
59,3,915,lattice,6,p,img/target_10.png
59,3,916,lattice,5,o,img/target_9.png
59,3,917,lattice,3,w,img/target_2.png
59,3,918,lattice,5,o,img/target_9.png
59,3,919,lattice,4,r,img/target_4.png
59,3,920,lattice,3,w,img/target_2.png
59,3,921,lattice,4,r,img/target_4.png
59,3,922,lattice,2,b,img/target_6.png
59,3,923,lattice,1,u,img/target_7.png
59,3,924,lattice,9,i,img/target_8.png
59,3,925,lattice,8,q,img/target_1.png
59,3,926,lattice,0,e,img/target_3.png
59,3,927,lattice,9,i,img/target_8.png
59,3,928,lattice,1,u,img/target_7.png
59,3,929,lattice,9,i,img/target_8.png
59,3,930,lattice,1,u,img/target_7.png
59,3,931,lattice,2,b,img/target_6.png
59,3,932,lattice,0,e,img/target_3.png
59,3,933,lattice,9,i,img/target_8.png
59,3,934,lattice,1,u,img/target_7.png
59,3,935,lattice,2,b,img/target_6.png
59,3,936,lattice,0,e,img/target_3.png
59,3,937,lattice,2,b,img/target_6.png
59,3,938,lattice,3,w,img/target_2.png
59,3,939,lattice,4,r,img/target_4.png
59,3,940,lattice,3,w,img/target_2.png
59,3,941,lattice,2,b,img/target_6.png
59,3,942,lattice,3,w,img/target_2.png
59,3,943,lattice,1,u,img/target_7.png
59,3,944,lattice,2,b,img/target_6.png
59,3,945,lattice,3,w,img/target_2.png
59,3,946,lattice,2,b,img/target_6.png
59,3,947,lattice,3,w,img/target_2.png
59,3,948,lattice,4,r,img/target_4.png
59,3,949,lattice,6,p,img/target_10.png
59,3,950,lattice,4,r,img/target_4.png
59,3,951,lattice,5,o,img/target_9.png
59,3,952,lattice,7,v,img/target_5.png
59,3,953,lattice,6,p,img/target_10.png
59,3,954,lattice,5,o,img/target_9.png
59,3,955,lattice,4,r,img/target_4.png
59,3,956,lattice,2,b,img/target_6.png
59,3,957,lattice,0,e,img/target_3.png
59,3,958,lattice,1,u,img/target_7.png
59,3,959,lattice,2,b,img/target_6.png
59,3,960,lattice,4,r,img/target_4.png
59,3,961,lattice,5,o,img/target_9.png
59,3,962,lattice,3,w,img/target_2.png
59,3,963,lattice,5,o,img/target_9.png
59,3,964,lattice,6,p,img/target_10.png
59,3,965,lattice,7,v,img/target_5.png
59,3,966,lattice,8,q,img/target_1.png
59,3,967,lattice,9,i,img/target_8.png
59,3,968,lattice,1,u,img/target_7.png
59,3,969,lattice,9,i,img/target_8.png
59,3,970,lattice,7,v,img/target_5.png
59,3,971,lattice,8,q,img/target_1.png
59,3,972,lattice,6,p,img/target_10.png
59,3,973,lattice,8,q,img/target_1.png
59,3,974,lattice,6,p,img/target_10.png
59,3,975,lattice,5,o,img/target_9.png
59,3,976,lattice,3,w,img/target_2.png
59,3,977,lattice,1,u,img/target_7.png
59,3,978,lattice,2,b,img/target_6.png
59,3,979,lattice,0,e,img/target_3.png
59,3,980,lattice,1,u,img/target_7.png
59,3,981,lattice,2,b,img/target_6.png
59,3,982,lattice,1,u,img/target_7.png
59,3,983,lattice,9,i,img/target_8.png
59,3,984,lattice,8,q,img/target_1.png
59,3,985,lattice,6,p,img/target_10.png
59,3,986,lattice,4,r,img/target_4.png
59,3,987,lattice,2,b,img/target_6.png
59,3,988,lattice,0,e,img/target_3.png
59,3,989,lattice,1,u,img/target_7.png
59,3,990,lattice,9,i,img/target_8.png
59,3,991,lattice,0,e,img/target_3.png
59,3,992,lattice,2,b,img/target_6.png
59,3,993,lattice,4,r,img/target_4.png
59,3,994,lattice,6,p,img/target_10.png
59,3,995,lattice,5,o,img/target_9.png
59,3,996,lattice,4,r,img/target_4.png
59,3,997,lattice,5,o,img/target_9.png
59,3,998,lattice,6,p,img/target_10.png
59,3,999,lattice,7,v,img/target_5.png
59,3,1000,lattice,9,i,img/target_8.png
