pID,sess,trialNum,graph,walk,resp,path
59,2,1,lattice,8,q,img/target_1.png
59,2,2,lattice,0,e,img/target_3.png
59,2,3,lattice,2,b,img/target_6.png
59,2,4,lattice,1,u,img/target_7.png
59,2,5,lattice,2,b,img/target_6.png
59,2,6,lattice,0,e,img/target_3.png
59,2,7,lattice,2,b,img/target_6.png
59,2,8,lattice,4,r,img/target_4.png
59,2,9,lattice,6,p,img/target_10.png
59,2,10,lattice,8,q,img/target_1.png
59,2,11,lattice,9,i,img/target_8.png
59,2,12,lattice,8,q,img/target_1.png
59,2,13,lattice,9,i,img/target_8.png
59,2,14,lattice,7,v,img/target_5.png
59,2,15,lattice,6,p,img/target_10.png
59,2,16,lattice,7,v,img/target_5.png
59,2,17,lattice,6,p,img/target_10.png
59,2,18,lattice,7,v,img/target_5.png
59,2,19,lattice,9,i,img/target_8.png
59,2,20,lattice,1,u,img/target_7.png
59,2,21,lattice,0,e,img/target_3.png
59,2,22,lattice,2,b,img/target_6.png
59,2,23,lattice,3,w,img/target_2.png
59,2,24,lattice,2,b,img/target_6.png
59,2,25,lattice,0,e,img/target_3.png
59,2,26,lattice,8,q,img/target_1.png
59,2,27,lattice,9,i,img/target_8.png
59,2,28,lattice,1,u,img/target_7.png
59,2,29,lattice,0,e,img/target_3.png
59,2,30,lattice,9,i,img/target_8.png
59,2,31,lattice,7,v,img/target_5.png
59,2,32,lattice,6,p,img/target_10.png
59,2,33,lattice,5,o,img/target_9.png
59,2,34,lattice,6,p,img/target_10.png
59,2,35,lattice,4,r,img/target_4.png
59,2,36,lattice,5,o,img/target_9.png
59,2,37,lattice,4,r,img/target_4.png
59,2,38,lattice,3,w,img/target_2.png
59,2,39,lattice,2,b,img/target_6.png
59,2,40,lattice,4,r,img/target_4.png
59,2,41,lattice,2,b,img/target_6.png
59,2,42,lattice,4,r,img/target_4.png
59,2,43,lattice,6,p,img/target_10.png
59,2,44,lattice,8,q,img/target_1.png
59,2,45,lattice,9,i,img/target_8.png
59,2,46,lattice,1,u,img/target_7.png
59,2,47,lattice,9,i,img/target_8.png
59,2,48,lattice,7,v,img/target_5.png
59,2,49,lattice,8,q,img/target_1.png
59,2,50,lattice,9,i,img/target_8.png
59,2,51,lattice,7,v,img/target_5.png
59,2,52,lattice,5,o,img/target_9.png
59,2,53,lattice,7,v,img/target_5.png
59,2,54,lattice,8,q,img/target_1.png
59,2,55,lattice,0,e,img/target_3.png
59,2,56,lattice,1,u,img/target_7.png
59,2,57,lattice,9,i,img/target_8.png
59,2,58,lattice,7,v,img/target_5.png
59,2,59,lattice,8,q,img/target_1.png
59,2,60,lattice,0,e,img/target_3.png
59,2,61,lattice,8,q,img/target_1.png
59,2,62,lattice,7,v,img/target_5.png
59,2,63,lattice,6,p,img/target_10.png
59,2,64,lattice,4,r,img/target_4.png
59,2,65,lattice,5,o,img/target_9.png
59,2,66,lattice,3,w,img/target_2.png
59,2,67,lattice,4,r,img/target_4.png
59,2,68,lattice,3,w,img/target_2.png
59,2,69,lattice,4,r,img/target_4.png
59,2,70,lattice,3,w,img/target_2.png
59,2,71,lattice,1,u,img/target_7.png
59,2,72,lattice,0,e,img/target_3.png
59,2,73,lattice,2,b,img/target_6.png
59,2,74,lattice,1,u,img/target_7.png
59,2,75,lattice,9,i,img/target_8.png
59,2,76,lattice,8,q,img/target_1.png
59,2,77,lattice,0,e,img/target_3.png
59,2,78,lattice,2,b,img/target_6.png
59,2,79,lattice,0,e,img/target_3.png
59,2,80,lattice,1,u,img/target_7.png
59,2,81,lattice,2,b,img/target_6.png
59,2,82,lattice,0,e,img/target_3.png
59,2,83,lattice,8,q,img/target_1.png
59,2,84,lattice,6,p,img/target_10.png
59,2,85,lattice,5,o,img/target_9.png
59,2,86,lattice,4,r,img/target_4.png
59,2,87,lattice,2,b,img/target_6.png
59,2,88,lattice,4,r,img/target_4.png
59,2,89,lattice,2,b,img/target_6.png
59,2,90,lattice,0,e,img/target_3.png
59,2,91,lattice,9,i,img/target_8.png
59,2,92,lattice,1,u,img/target_7.png
59,2,93,lattice,0,e,img/target_3.png
59,2,94,lattice,8,q,img/target_1.png
59,2,95,lattice,7,v,img/target_5.png
59,2,96,lattice,8,q,img/target_1.png
59,2,97,lattice,7,v,img/target_5.png
59,2,98,lattice,9,i,img/target_8.png
59,2,99,lattice,1,u,img/target_7.png
59,2,100,lattice,9,i,img/target_8.png
59,2,101,lattice,0,e,img/target_3.png
59,2,102,lattice,2,b,img/target_6.png
59,2,103,lattice,0,e,img/target_3.png
59,2,104,lattice,8,q,img/target_1.png
59,2,105,lattice,9,i,img/target_8.png
59,2,106,lattice,8,q,img/target_1.png
59,2,107,lattice,6,p,img/target_10.png
59,2,108,lattice,4,r,img/target_4.png
59,2,109,lattice,5,o,img/target_9.png
59,2,110,lattice,7,v,img/target_5.png
59,2,111,lattice,5,o,img/target_9.png
59,2,112,lattice,3,w,img/target_2.png
59,2,113,lattice,2,b,img/target_6.png
59,2,114,lattice,3,w,img/target_2.png
59,2,115,lattice,1,u,img/target_7.png
59,2,116,lattice,2,b,img/target_6.png
59,2,117,lattice,1,u,img/target_7.png
59,2,118,lattice,0,e,img/target_3.png
59,2,119,lattice,2,b,img/target_6.png
59,2,120,lattice,3,w,img/target_2.png
59,2,121,lattice,1,u,img/target_7.png
59,2,122,lattice,9,i,img/target_8.png
59,2,123,lattice,7,v,img/target_5.png
59,2,124,lattice,9,i,img/target_8.png
59,2,125,lattice,0,e,img/target_3.png
59,2,126,lattice,8,q,img/target_1.png
59,2,127,lattice,0,e,img/target_3.png
59,2,128,lattice,2,b,img/target_6.png
59,2,129,lattice,3,w,img/target_2.png
59,2,130,lattice,2,b,img/target_6.png
59,2,131,lattice,3,w,img/target_2.png
59,2,132,lattice,4,r,img/target_4.png
59,2,133,lattice,3,w,img/target_2.png
59,2,134,lattice,4,r,img/target_4.png
59,2,135,lattice,2,b,img/target_6.png
59,2,136,lattice,1,u,img/target_7.png
59,2,137,lattice,3,w,img/target_2.png
59,2,138,lattice,4,r,img/target_4.png
59,2,139,lattice,2,b,img/target_6.png
59,2,140,lattice,1,u,img/target_7.png
59,2,141,lattice,3,w,img/target_2.png
59,2,142,lattice,1,u,img/target_7.png
59,2,143,lattice,2,b,img/target_6.png
59,2,144,lattice,0,e,img/target_3.png
59,2,145,lattice,8,q,img/target_1.png
59,2,146,lattice,6,p,img/target_10.png
59,2,147,lattice,4,r,img/target_4.png
59,2,148,lattice,2,b,img/target_6.png
59,2,149,lattice,0,e,img/target_3.png
59,2,150,lattice,2,b,img/target_6.png
59,2,151,lattice,0,e,img/target_3.png
59,2,152,lattice,8,q,img/target_1.png
59,2,153,lattice,9,i,img/target_8.png
59,2,154,lattice,0,e,img/target_3.png
59,2,155,lattice,1,u,img/target_7.png
59,2,156,lattice,9,i,img/target_8.png
59,2,157,lattice,8,q,img/target_1.png
59,2,158,lattice,7,v,img/target_5.png
59,2,159,lattice,9,i,img/target_8.png
59,2,160,lattice,8,q,img/target_1.png
59,2,161,lattice,7,v,img/target_5.png
59,2,162,lattice,8,q,img/target_1.png
59,2,163,lattice,6,p,img/target_10.png
59,2,164,lattice,8,q,img/target_1.png
59,2,165,lattice,9,i,img/target_8.png
59,2,166,lattice,8,q,img/target_1.png
59,2,167,lattice,7,v,img/target_5.png
59,2,168,lattice,9,i,img/target_8.png
59,2,169,lattice,7,v,img/target_5.png
59,2,170,lattice,6,p,img/target_10.png
59,2,171,lattice,8,q,img/target_1.png
59,2,172,lattice,9,i,img/target_8.png
59,2,173,lattice,1,u,img/target_7.png
59,2,174,lattice,2,b,img/target_6.png
59,2,175,lattice,3,w,img/target_2.png
59,2,176,lattice,4,r,img/target_4.png
59,2,177,lattice,5,o,img/target_9.png
59,2,178,lattice,7,v,img/target_5.png
59,2,179,lattice,6,p,img/target_10.png
59,2,180,lattice,5,o,img/target_9.png
59,2,181,lattice,4,r,img/target_4.png
59,2,182,lattice,5,o,img/target_9.png
59,2,183,lattice,6,p,img/target_10.png
59,2,184,lattice,7,v,img/target_5.png
59,2,185,lattice,8,q,img/target_1.png
59,2,186,lattice,0,e,img/target_3.png
59,2,187,lattice,2,b,img/target_6.png
59,2,188,lattice,3,w,img/target_2.png
59,2,189,lattice,5,o,img/target_9.png
59,2,190,lattice,3,w,img/target_2.png
59,2,191,lattice,5,o,img/target_9.png
59,2,192,lattice,6,p,img/target_10.png
59,2,193,lattice,7,v,img/target_5.png
59,2,194,lattice,8,q,img/target_1.png
59,2,195,lattice,9,i,img/target_8.png
59,2,196,lattice,1,u,img/target_7.png
59,2,197,lattice,0,e,img/target_3.png
59,2,198,lattice,8,q,img/target_1.png
59,2,199,lattice,6,p,img/target_10.png
59,2,200,lattice,7,v,img/target_5.png
59,2,201,lattice,8,q,img/target_1.png
59,2,202,lattice,7,v,img/target_5.png
59,2,203,lattice,9,i,img/target_8.png
59,2,204,lattice,1,u,img/target_7.png
59,2,205,lattice,2,b,img/target_6.png
59,2,206,lattice,4,r,img/target_4.png
59,2,207,lattice,2,b,img/target_6.png
59,2,208,lattice,1,u,img/target_7.png
59,2,209,lattice,0,e,img/target_3.png
59,2,210,lattice,2,b,img/target_6.png
59,2,211,lattice,1,u,img/target_7.png
59,2,212,lattice,9,i,img/target_8.png
59,2,213,lattice,1,u,img/target_7.png
59,2,214,lattice,9,i,img/target_8.png
59,2,215,lattice,7,v,img/target_5.png
59,2,216,lattice,9,i,img/target_8.png
59,2,217,lattice,7,v,img/target_5.png
59,2,218,lattice,8,q,img/target_1.png
59,2,219,lattice,6,p,img/target_10.png
59,2,220,lattice,7,v,img/target_5.png
59,2,221,lattice,8,q,img/target_1.png
59,2,222,lattice,0,e,img/target_3.png
59,2,223,lattice,1,u,img/target_7.png
59,2,224,lattice,2,b,img/target_6.png
59,2,225,lattice,4,r,img/target_4.png
59,2,226,lattice,2,b,img/target_6.png
59,2,227,lattice,0,e,img/target_3.png
59,2,228,lattice,9,i,img/target_8.png
59,2,229,lattice,8,q,img/target_1.png
59,2,230,lattice,0,e,img/target_3.png
59,2,231,lattice,9,i,img/target_8.png
59,2,232,lattice,7,v,img/target_5.png
59,2,233,lattice,5,o,img/target_9.png
59,2,234,lattice,7,v,img/target_5.png
59,2,235,lattice,6,p,img/target_10.png
59,2,236,lattice,7,v,img/target_5.png
59,2,237,lattice,5,o,img/target_9.png
59,2,238,lattice,6,p,img/target_10.png
59,2,239,lattice,5,o,img/target_9.png
59,2,240,lattice,6,p,img/target_10.png
59,2,241,lattice,7,v,img/target_5.png
59,2,242,lattice,8,q,img/target_1.png
59,2,243,lattice,6,p,img/target_10.png
59,2,244,lattice,8,q,img/target_1.png
59,2,245,lattice,9,i,img/target_8.png
59,2,246,lattice,1,u,img/target_7.png
59,2,247,lattice,9,i,img/target_8.png
59,2,248,lattice,1,u,img/target_7.png
59,2,249,lattice,9,i,img/target_8.png
59,2,250,lattice,0,e,img/target_3.png
59,2,251,lattice,2,b,img/target_6.png
59,2,252,lattice,1,u,img/target_7.png
59,2,253,lattice,2,b,img/target_6.png
59,2,254,lattice,1,u,img/target_7.png
59,2,255,lattice,0,e,img/target_3.png
59,2,256,lattice,9,i,img/target_8.png
59,2,257,lattice,1,u,img/target_7.png
59,2,258,lattice,2,b,img/target_6.png
59,2,259,lattice,1,u,img/target_7.png
59,2,260,lattice,0,e,img/target_3.png
59,2,261,lattice,8,q,img/target_1.png
59,2,262,lattice,6,p,img/target_10.png
59,2,263,lattice,8,q,img/target_1.png
59,2,264,lattice,7,v,img/target_5.png
59,2,265,lattice,8,q,img/target_1.png
59,2,266,lattice,0,e,img/target_3.png
59,2,267,lattice,9,i,img/target_8.png
59,2,268,lattice,7,v,img/target_5.png
59,2,269,lattice,5,o,img/target_9.png
59,2,270,lattice,3,w,img/target_2.png
59,2,271,lattice,1,u,img/target_7.png
59,2,272,lattice,3,w,img/target_2.png
59,2,273,lattice,2,b,img/target_6.png
59,2,274,lattice,4,r,img/target_4.png
59,2,275,lattice,5,o,img/target_9.png
59,2,276,lattice,3,w,img/target_2.png
59,2,277,lattice,4,r,img/target_4.png
59,2,278,lattice,5,o,img/target_9.png
59,2,279,lattice,4,r,img/target_4.png
59,2,280,lattice,6,p,img/target_10.png
59,2,281,lattice,5,o,img/target_9.png
59,2,282,lattice,7,v,img/target_5.png
59,2,283,lattice,6,p,img/target_10.png
59,2,284,lattice,7,v,img/target_5.png
59,2,285,lattice,6,p,img/target_10.png
59,2,286,lattice,5,o,img/target_9.png
59,2,287,lattice,4,r,img/target_4.png
59,2,288,lattice,5,o,img/target_9.png
59,2,289,lattice,6,p,img/target_10.png
59,2,290,lattice,4,r,img/target_4.png
59,2,291,lattice,6,p,img/target_10.png
59,2,292,lattice,7,v,img/target_5.png
59,2,293,lattice,6,p,img/target_10.png
59,2,294,lattice,7,v,img/target_5.png
59,2,295,lattice,5,o,img/target_9.png
59,2,296,lattice,3,w,img/target_2.png
59,2,297,lattice,1,u,img/target_7.png
59,2,298,lattice,2,b,img/target_6.png
59,2,299,lattice,1,u,img/target_7.png
59,2,300,lattice,0,e,img/target_3.png
59,2,301,lattice,8,q,img/target_1.png
59,2,302,lattice,9,i,img/target_8.png
59,2,303,lattice,8,q,img/target_1.png
59,2,304,lattice,7,v,img/target_5.png
59,2,305,lattice,6,p,img/target_10.png
59,2,306,lattice,8,q,img/target_1.png
59,2,307,lattice,9,i,img/target_8.png
59,2,308,lattice,1,u,img/target_7.png
59,2,309,lattice,2,b,img/target_6.png
59,2,310,lattice,4,r,img/target_4.png
59,2,311,lattice,3,w,img/target_2.png
59,2,312,lattice,5,o,img/target_9.png
59,2,313,lattice,3,w,img/target_2.png
59,2,314,lattice,1,u,img/target_7.png
59,2,315,lattice,3,w,img/target_2.png
59,2,316,lattice,5,o,img/target_9.png
59,2,317,lattice,3,w,img/target_2.png
59,2,318,lattice,2,b,img/target_6.png
59,2,319,lattice,3,w,img/target_2.png
59,2,320,lattice,1,u,img/target_7.png
59,2,321,lattice,9,i,img/target_8.png
59,2,322,lattice,1,u,img/target_7.png
59,2,323,lattice,3,w,img/target_2.png
59,2,324,lattice,4,r,img/target_4.png
59,2,325,lattice,2,b,img/target_6.png
59,2,326,lattice,0,e,img/target_3.png
59,2,327,lattice,8,q,img/target_1.png
59,2,328,lattice,7,v,img/target_5.png
59,2,329,lattice,5,o,img/target_9.png
59,2,330,lattice,3,w,img/target_2.png
59,2,331,lattice,1,u,img/target_7.png
59,2,332,lattice,2,b,img/target_6.png
59,2,333,lattice,0,e,img/target_3.png
59,2,334,lattice,8,q,img/target_1.png
59,2,335,lattice,0,e,img/target_3.png
59,2,336,lattice,8,q,img/target_1.png
59,2,337,lattice,0,e,img/target_3.png
59,2,338,lattice,8,q,img/target_1.png
59,2,339,lattice,7,v,img/target_5.png
59,2,340,lattice,5,o,img/target_9.png
59,2,341,lattice,7,v,img/target_5.png
59,2,342,lattice,8,q,img/target_1.png
59,2,343,lattice,6,p,img/target_10.png
59,2,344,lattice,7,v,img/target_5.png
59,2,345,lattice,8,q,img/target_1.png
59,2,346,lattice,7,v,img/target_5.png
59,2,347,lattice,5,o,img/target_9.png
59,2,348,lattice,4,r,img/target_4.png
59,2,349,lattice,3,w,img/target_2.png
59,2,350,lattice,1,u,img/target_7.png
59,2,351,lattice,9,i,img/target_8.png
59,2,352,lattice,7,v,img/target_5.png
59,2,353,lattice,5,o,img/target_9.png
59,2,354,lattice,4,r,img/target_4.png
59,2,355,lattice,6,p,img/target_10.png
59,2,356,lattice,8,q,img/target_1.png
59,2,357,lattice,0,e,img/target_3.png
59,2,358,lattice,2,b,img/target_6.png
59,2,359,lattice,1,u,img/target_7.png
59,2,360,lattice,3,w,img/target_2.png
59,2,361,lattice,1,u,img/target_7.png
59,2,362,lattice,9,i,img/target_8.png
59,2,363,lattice,0,e,img/target_3.png
59,2,364,lattice,1,u,img/target_7.png
59,2,365,lattice,2,b,img/target_6.png
59,2,366,lattice,4,r,img/target_4.png
59,2,367,lattice,6,p,img/target_10.png
59,2,368,lattice,5,o,img/target_9.png
59,2,369,lattice,4,r,img/target_4.png
59,2,370,lattice,3,w,img/target_2.png
59,2,371,lattice,4,r,img/target_4.png
59,2,372,lattice,2,b,img/target_6.png
59,2,373,lattice,3,w,img/target_2.png
59,2,374,lattice,2,b,img/target_6.png
59,2,375,lattice,1,u,img/target_7.png
59,2,376,lattice,9,i,img/target_8.png
59,2,377,lattice,0,e,img/target_3.png
59,2,378,lattice,1,u,img/target_7.png
59,2,379,lattice,0,e,img/target_3.png
59,2,380,lattice,2,b,img/target_6.png
59,2,381,lattice,0,e,img/target_3.png
59,2,382,lattice,1,u,img/target_7.png
59,2,383,lattice,0,e,img/target_3.png
59,2,384,lattice,1,u,img/target_7.png
59,2,385,lattice,3,w,img/target_2.png
59,2,386,lattice,1,u,img/target_7.png
59,2,387,lattice,0,e,img/target_3.png
59,2,388,lattice,9,i,img/target_8.png
59,2,389,lattice,0,e,img/target_3.png
59,2,390,lattice,1,u,img/target_7.png
59,2,391,lattice,2,b,img/target_6.png
59,2,392,lattice,1,u,img/target_7.png
59,2,393,lattice,3,w,img/target_2.png
59,2,394,lattice,2,b,img/target_6.png
59,2,395,lattice,1,u,img/target_7.png
59,2,396,lattice,3,w,img/target_2.png
59,2,397,lattice,1,u,img/target_7.png
59,2,398,lattice,9,i,img/target_8.png
59,2,399,lattice,8,q,img/target_1.png
59,2,400,lattice,9,i,img/target_8.png
59,2,401,lattice,1,u,img/target_7.png
59,2,402,lattice,2,b,img/target_6.png
59,2,403,lattice,0,e,img/target_3.png
59,2,404,lattice,1,u,img/target_7.png
59,2,405,lattice,0,e,img/target_3.png
59,2,406,lattice,1,u,img/target_7.png
59,2,407,lattice,9,i,img/target_8.png
59,2,408,lattice,0,e,img/target_3.png
59,2,409,lattice,2,b,img/target_6.png
59,2,410,lattice,1,u,img/target_7.png
59,2,411,lattice,3,w,img/target_2.png
59,2,412,lattice,1,u,img/target_7.png
59,2,413,lattice,0,e,img/target_3.png
59,2,414,lattice,8,q,img/target_1.png
59,2,415,lattice,7,v,img/target_5.png
59,2,416,lattice,6,p,img/target_10.png
59,2,417,lattice,7,v,img/target_5.png
59,2,418,lattice,8,q,img/target_1.png
59,2,419,lattice,6,p,img/target_10.png
59,2,420,lattice,7,v,img/target_5.png
59,2,421,lattice,8,q,img/target_1.png
59,2,422,lattice,0,e,img/target_3.png
59,2,423,lattice,2,b,img/target_6.png
59,2,424,lattice,4,r,img/target_4.png
59,2,425,lattice,5,o,img/target_9.png
59,2,426,lattice,6,p,img/target_10.png
59,2,427,lattice,7,v,img/target_5.png
59,2,428,lattice,8,q,img/target_1.png
59,2,429,lattice,9,i,img/target_8.png
59,2,430,lattice,8,q,img/target_1.png
59,2,431,lattice,9,i,img/target_8.png
59,2,432,lattice,0,e,img/target_3.png
59,2,433,lattice,8,q,img/target_1.png
59,2,434,lattice,0,e,img/target_3.png
59,2,435,lattice,8,q,img/target_1.png
59,2,436,lattice,9,i,img/target_8.png
59,2,437,lattice,1,u,img/target_7.png
59,2,438,lattice,3,w,img/target_2.png
59,2,439,lattice,4,r,img/target_4.png
59,2,440,lattice,2,b,img/target_6.png
59,2,441,lattice,4,r,img/target_4.png
59,2,442,lattice,6,p,img/target_10.png
59,2,443,lattice,7,v,img/target_5.png
59,2,444,lattice,5,o,img/target_9.png
59,2,445,lattice,4,r,img/target_4.png
59,2,446,lattice,3,w,img/target_2.png
59,2,447,lattice,4,r,img/target_4.png
59,2,448,lattice,5,o,img/target_9.png
59,2,449,lattice,6,p,img/target_10.png
59,2,450,lattice,4,r,img/target_4.png
59,2,451,lattice,3,w,img/target_2.png
59,2,452,lattice,5,o,img/target_9.png
59,2,453,lattice,3,w,img/target_2.png
59,2,454,lattice,1,u,img/target_7.png
59,2,455,lattice,0,e,img/target_3.png
59,2,456,lattice,1,u,img/target_7.png
59,2,457,lattice,2,b,img/target_6.png
59,2,458,lattice,3,w,img/target_2.png
59,2,459,lattice,2,b,img/target_6.png
59,2,460,lattice,1,u,img/target_7.png
59,2,461,lattice,3,w,img/target_2.png
59,2,462,lattice,4,r,img/target_4.png
59,2,463,lattice,6,p,img/target_10.png
59,2,464,lattice,8,q,img/target_1.png
59,2,465,lattice,7,v,img/target_5.png
59,2,466,lattice,8,q,img/target_1.png
59,2,467,lattice,7,v,img/target_5.png
59,2,468,lattice,8,q,img/target_1.png
59,2,469,lattice,0,e,img/target_3.png
59,2,470,lattice,9,i,img/target_8.png
59,2,471,lattice,7,v,img/target_5.png
59,2,472,lattice,9,i,img/target_8.png
59,2,473,lattice,7,v,img/target_5.png
59,2,474,lattice,6,p,img/target_10.png
59,2,475,lattice,7,v,img/target_5.png
59,2,476,lattice,5,o,img/target_9.png
59,2,477,lattice,7,v,img/target_5.png
59,2,478,lattice,9,i,img/target_8.png
59,2,479,lattice,8,q,img/target_1.png
59,2,480,lattice,9,i,img/target_8.png
59,2,481,lattice,1,u,img/target_7.png
59,2,482,lattice,0,e,img/target_3.png
59,2,483,lattice,1,u,img/target_7.png
59,2,484,lattice,0,e,img/target_3.png
59,2,485,lattice,8,q,img/target_1.png
59,2,486,lattice,6,p,img/target_10.png
59,2,487,lattice,5,o,img/target_9.png
59,2,488,lattice,7,v,img/target_5.png
59,2,489,lattice,6,p,img/target_10.png
59,2,490,lattice,5,o,img/target_9.png
59,2,491,lattice,7,v,img/target_5.png
59,2,492,lattice,5,o,img/target_9.png
59,2,493,lattice,6,p,img/target_10.png
59,2,494,lattice,7,v,img/target_5.png
59,2,495,lattice,5,o,img/target_9.png
59,2,496,lattice,6,p,img/target_10.png
59,2,497,lattice,5,o,img/target_9.png
59,2,498,lattice,6,p,img/target_10.png
59,2,499,lattice,8,q,img/target_1.png
59,2,500,lattice,9,i,img/target_8.png
59,2,501,lattice,8,q,img/target_1.png
59,2,502,lattice,6,p,img/target_10.png
59,2,503,lattice,8,q,img/target_1.png
59,2,504,lattice,0,e,img/target_3.png
59,2,505,lattice,2,b,img/target_6.png
59,2,506,lattice,0,e,img/target_3.png
59,2,507,lattice,2,b,img/target_6.png
59,2,508,lattice,0,e,img/target_3.png
59,2,509,lattice,9,i,img/target_8.png
59,2,510,lattice,8,q,img/target_1.png
59,2,511,lattice,6,p,img/target_10.png
59,2,512,lattice,8,q,img/target_1.png
59,2,513,lattice,7,v,img/target_5.png
59,2,514,lattice,6,p,img/target_10.png
59,2,515,lattice,7,v,img/target_5.png
59,2,516,lattice,6,p,img/target_10.png
59,2,517,lattice,7,v,img/target_5.png
59,2,518,lattice,9,i,img/target_8.png
59,2,519,lattice,7,v,img/target_5.png
59,2,520,lattice,6,p,img/target_10.png
59,2,521,lattice,5,o,img/target_9.png
59,2,522,lattice,3,w,img/target_2.png
59,2,523,lattice,5,o,img/target_9.png
59,2,524,lattice,3,w,img/target_2.png
59,2,525,lattice,2,b,img/target_6.png
59,2,526,lattice,3,w,img/target_2.png
59,2,527,lattice,2,b,img/target_6.png
59,2,528,lattice,3,w,img/target_2.png
59,2,529,lattice,1,u,img/target_7.png
59,2,530,lattice,0,e,img/target_3.png
59,2,531,lattice,9,i,img/target_8.png
59,2,532,lattice,1,u,img/target_7.png
59,2,533,lattice,3,w,img/target_2.png
59,2,534,lattice,4,r,img/target_4.png
59,2,535,lattice,2,b,img/target_6.png
59,2,536,lattice,0,e,img/target_3.png
59,2,537,lattice,8,q,img/target_1.png
59,2,538,lattice,7,v,img/target_5.png
59,2,539,lattice,6,p,img/target_10.png
59,2,540,lattice,5,o,img/target_9.png
59,2,541,lattice,6,p,img/target_10.png
59,2,542,lattice,7,v,img/target_5.png
59,2,543,lattice,6,p,img/target_10.png
59,2,544,lattice,8,q,img/target_1.png
59,2,545,lattice,6,p,img/target_10.png
59,2,546,lattice,8,q,img/target_1.png
59,2,547,lattice,6,p,img/target_10.png
59,2,548,lattice,7,v,img/target_5.png
59,2,549,lattice,9,i,img/target_8.png
59,2,550,lattice,1,u,img/target_7.png
59,2,551,lattice,2,b,img/target_6.png
59,2,552,lattice,4,r,img/target_4.png
59,2,553,lattice,5,o,img/target_9.png
59,2,554,lattice,6,p,img/target_10.png
59,2,555,lattice,8,q,img/target_1.png
59,2,556,lattice,7,v,img/target_5.png
59,2,557,lattice,8,q,img/target_1.png
59,2,558,lattice,9,i,img/target_8.png
59,2,559,lattice,8,q,img/target_1.png
59,2,560,lattice,0,e,img/target_3.png
59,2,561,lattice,1,u,img/target_7.png
59,2,562,lattice,0,e,img/target_3.png
59,2,563,lattice,9,i,img/target_8.png
59,2,564,lattice,7,v,img/target_5.png
59,2,565,lattice,9,i,img/target_8.png
59,2,566,lattice,8,q,img/target_1.png
59,2,567,lattice,0,e,img/target_3.png
59,2,568,lattice,2,b,img/target_6.png
59,2,569,lattice,1,u,img/target_7.png
59,2,570,lattice,9,i,img/target_8.png
59,2,571,lattice,7,v,img/target_5.png
59,2,572,lattice,9,i,img/target_8.png
59,2,573,lattice,8,q,img/target_1.png
59,2,574,lattice,7,v,img/target_5.png
59,2,575,lattice,5,o,img/target_9.png
59,2,576,lattice,7,v,img/target_5.png
59,2,577,lattice,8,q,img/target_1.png
59,2,578,lattice,0,e,img/target_3.png
59,2,579,lattice,2,b,img/target_6.png
59,2,580,lattice,0,e,img/target_3.png
59,2,581,lattice,1,u,img/target_7.png
59,2,582,lattice,0,e,img/target_3.png
59,2,583,lattice,2,b,img/target_6.png
59,2,584,lattice,3,w,img/target_2.png
59,2,585,lattice,1,u,img/target_7.png
59,2,586,lattice,0,e,img/target_3.png
59,2,587,lattice,1,u,img/target_7.png
59,2,588,lattice,9,i,img/target_8.png
59,2,589,lattice,0,e,img/target_3.png
59,2,590,lattice,8,q,img/target_1.png
59,2,591,lattice,9,i,img/target_8.png
59,2,592,lattice,1,u,img/target_7.png
59,2,593,lattice,0,e,img/target_3.png
59,2,594,lattice,8,q,img/target_1.png
59,2,595,lattice,6,p,img/target_10.png
59,2,596,lattice,5,o,img/target_9.png
59,2,597,lattice,4,r,img/target_4.png
59,2,598,lattice,5,o,img/target_9.png
59,2,599,lattice,7,v,img/target_5.png
59,2,600,lattice,6,p,img/target_10.png
59,2,601,lattice,7,v,img/target_5.png
59,2,602,lattice,8,q,img/target_1.png
59,2,603,lattice,9,i,img/target_8.png
59,2,604,lattice,8,q,img/target_1.png
59,2,605,lattice,0,e,img/target_3.png
59,2,606,lattice,8,q,img/target_1.png
59,2,607,lattice,0,e,img/target_3.png
59,2,608,lattice,2,b,img/target_6.png
59,2,609,lattice,0,e,img/target_3.png
59,2,610,lattice,8,q,img/target_1.png
59,2,611,lattice,9,i,img/target_8.png
59,2,612,lattice,0,e,img/target_3.png
59,2,613,lattice,2,b,img/target_6.png
59,2,614,lattice,4,r,img/target_4.png
59,2,615,lattice,5,o,img/target_9.png
59,2,616,lattice,3,w,img/target_2.png
59,2,617,lattice,5,o,img/target_9.png
59,2,618,lattice,3,w,img/target_2.png
59,2,619,lattice,1,u,img/target_7.png
59,2,620,lattice,2,b,img/target_6.png
59,2,621,lattice,3,w,img/target_2.png
59,2,622,lattice,4,r,img/target_4.png
59,2,623,lattice,2,b,img/target_6.png
59,2,624,lattice,0,e,img/target_3.png
59,2,625,lattice,9,i,img/target_8.png
59,2,626,lattice,0,e,img/target_3.png
59,2,627,lattice,1,u,img/target_7.png
59,2,628,lattice,9,i,img/target_8.png
59,2,629,lattice,8,q,img/target_1.png
59,2,630,lattice,6,p,img/target_10.png
59,2,631,lattice,5,o,img/target_9.png
59,2,632,lattice,3,w,img/target_2.png
59,2,633,lattice,5,o,img/target_9.png
59,2,634,lattice,3,w,img/target_2.png
59,2,635,lattice,1,u,img/target_7.png
59,2,636,lattice,3,w,img/target_2.png
59,2,637,lattice,5,o,img/target_9.png
59,2,638,lattice,4,r,img/target_4.png
59,2,639,lattice,5,o,img/target_9.png
59,2,640,lattice,4,r,img/target_4.png
59,2,641,lattice,2,b,img/target_6.png
59,2,642,lattice,4,r,img/target_4.png
59,2,643,lattice,6,p,img/target_10.png
59,2,644,lattice,7,v,img/target_5.png
59,2,645,lattice,9,i,img/target_8.png
59,2,646,lattice,7,v,img/target_5.png
59,2,647,lattice,9,i,img/target_8.png
59,2,648,lattice,1,u,img/target_7.png
59,2,649,lattice,0,e,img/target_3.png
59,2,650,lattice,9,i,img/target_8.png
59,2,651,lattice,1,u,img/target_7.png
59,2,652,lattice,9,i,img/target_8.png
59,2,653,lattice,7,v,img/target_5.png
59,2,654,lattice,5,o,img/target_9.png
59,2,655,lattice,6,p,img/target_10.png
59,2,656,lattice,8,q,img/target_1.png
59,2,657,lattice,9,i,img/target_8.png
59,2,658,lattice,0,e,img/target_3.png
59,2,659,lattice,8,q,img/target_1.png
59,2,660,lattice,0,e,img/target_3.png
59,2,661,lattice,8,q,img/target_1.png
59,2,662,lattice,9,i,img/target_8.png
59,2,663,lattice,0,e,img/target_3.png
59,2,664,lattice,8,q,img/target_1.png
59,2,665,lattice,7,v,img/target_5.png
59,2,666,lattice,6,p,img/target_10.png
59,2,667,lattice,7,v,img/target_5.png
59,2,668,lattice,5,o,img/target_9.png
59,2,669,lattice,7,v,img/target_5.png
59,2,670,lattice,9,i,img/target_8.png
59,2,671,lattice,1,u,img/target_7.png
59,2,672,lattice,2,b,img/target_6.png
59,2,673,lattice,4,r,img/target_4.png
59,2,674,lattice,3,w,img/target_2.png
59,2,675,lattice,4,r,img/target_4.png
59,2,676,lattice,2,b,img/target_6.png
59,2,677,lattice,0,e,img/target_3.png
59,2,678,lattice,2,b,img/target_6.png
59,2,679,lattice,4,r,img/target_4.png
59,2,680,lattice,2,b,img/target_6.png
59,2,681,lattice,3,w,img/target_2.png
59,2,682,lattice,1,u,img/target_7.png
59,2,683,lattice,2,b,img/target_6.png
59,2,684,lattice,4,r,img/target_4.png
59,2,685,lattice,3,w,img/target_2.png
59,2,686,lattice,1,u,img/target_7.png
59,2,687,lattice,9,i,img/target_8.png
59,2,688,lattice,8,q,img/target_1.png
59,2,689,lattice,6,p,img/target_10.png
59,2,690,lattice,5,o,img/target_9.png
59,2,691,lattice,3,w,img/target_2.png
59,2,692,lattice,1,u,img/target_7.png
59,2,693,lattice,9,i,img/target_8.png
59,2,694,lattice,0,e,img/target_3.png
59,2,695,lattice,8,q,img/target_1.png
59,2,696,lattice,6,p,img/target_10.png
59,2,697,lattice,8,q,img/target_1.png
59,2,698,lattice,0,e,img/target_3.png
59,2,699,lattice,1,u,img/target_7.png
59,2,700,lattice,0,e,img/target_3.png
59,2,701,lattice,2,b,img/target_6.png
59,2,702,lattice,4,r,img/target_4.png
59,2,703,lattice,3,w,img/target_2.png
59,2,704,lattice,4,r,img/target_4.png
59,2,705,lattice,6,p,img/target_10.png
59,2,706,lattice,8,q,img/target_1.png
59,2,707,lattice,0,e,img/target_3.png
59,2,708,lattice,9,i,img/target_8.png
59,2,709,lattice,1,u,img/target_7.png
59,2,710,lattice,3,w,img/target_2.png
59,2,711,lattice,4,r,img/target_4.png
59,2,712,lattice,2,b,img/target_6.png
59,2,713,lattice,3,w,img/target_2.png
59,2,714,lattice,1,u,img/target_7.png
59,2,715,lattice,2,b,img/target_6.png
59,2,716,lattice,4,r,img/target_4.png
59,2,717,lattice,2,b,img/target_6.png
59,2,718,lattice,3,w,img/target_2.png
59,2,719,lattice,4,r,img/target_4.png
59,2,720,lattice,5,o,img/target_9.png
59,2,721,lattice,7,v,img/target_5.png
59,2,722,lattice,8,q,img/target_1.png
59,2,723,lattice,0,e,img/target_3.png
59,2,724,lattice,8,q,img/target_1.png
59,2,725,lattice,7,v,img/target_5.png
59,2,726,lattice,5,o,img/target_9.png
59,2,727,lattice,6,p,img/target_10.png
59,2,728,lattice,8,q,img/target_1.png
59,2,729,lattice,0,e,img/target_3.png
59,2,730,lattice,8,q,img/target_1.png
59,2,731,lattice,0,e,img/target_3.png
59,2,732,lattice,1,u,img/target_7.png
59,2,733,lattice,3,w,img/target_2.png
59,2,734,lattice,5,o,img/target_9.png
59,2,735,lattice,3,w,img/target_2.png
59,2,736,lattice,5,o,img/target_9.png
59,2,737,lattice,6,p,img/target_10.png
59,2,738,lattice,8,q,img/target_1.png
59,2,739,lattice,9,i,img/target_8.png
59,2,740,lattice,0,e,img/target_3.png
59,2,741,lattice,9,i,img/target_8.png
59,2,742,lattice,8,q,img/target_1.png
59,2,743,lattice,0,e,img/target_3.png
59,2,744,lattice,9,i,img/target_8.png
59,2,745,lattice,1,u,img/target_7.png
59,2,746,lattice,2,b,img/target_6.png
59,2,747,lattice,3,w,img/target_2.png
59,2,748,lattice,1,u,img/target_7.png
59,2,749,lattice,2,b,img/target_6.png
59,2,750,lattice,4,r,img/target_4.png
59,2,751,lattice,3,w,img/target_2.png
59,2,752,lattice,1,u,img/target_7.png
59,2,753,lattice,0,e,img/target_3.png
59,2,754,lattice,1,u,img/target_7.png
59,2,755,lattice,2,b,img/target_6.png
59,2,756,lattice,4,r,img/target_4.png
59,2,757,lattice,2,b,img/target_6.png
59,2,758,lattice,1,u,img/target_7.png
59,2,759,lattice,3,w,img/target_2.png
59,2,760,lattice,5,o,img/target_9.png
59,2,761,lattice,7,v,img/target_5.png
59,2,762,lattice,5,o,img/target_9.png
59,2,763,lattice,6,p,img/target_10.png
59,2,764,lattice,5,o,img/target_9.png
59,2,765,lattice,6,p,img/target_10.png
59,2,766,lattice,4,r,img/target_4.png
59,2,767,lattice,5,o,img/target_9.png
59,2,768,lattice,6,p,img/target_10.png
59,2,769,lattice,7,v,img/target_5.png
59,2,770,lattice,8,q,img/target_1.png
59,2,771,lattice,6,p,img/target_10.png
59,2,772,lattice,5,o,img/target_9.png
59,2,773,lattice,4,r,img/target_4.png
59,2,774,lattice,5,o,img/target_9.png
59,2,775,lattice,6,p,img/target_10.png
59,2,776,lattice,7,v,img/target_5.png
59,2,777,lattice,9,i,img/target_8.png
59,2,778,lattice,8,q,img/target_1.png
59,2,779,lattice,6,p,img/target_10.png
59,2,780,lattice,4,r,img/target_4.png
59,2,781,lattice,6,p,img/target_10.png
59,2,782,lattice,7,v,img/target_5.png
59,2,783,lattice,9,i,img/target_8.png
59,2,784,lattice,8,q,img/target_1.png
59,2,785,lattice,0,e,img/target_3.png
59,2,786,lattice,9,i,img/target_8.png
59,2,787,lattice,1,u,img/target_7.png
59,2,788,lattice,9,i,img/target_8.png
59,2,789,lattice,0,e,img/target_3.png
59,2,790,lattice,8,q,img/target_1.png
59,2,791,lattice,9,i,img/target_8.png
59,2,792,lattice,8,q,img/target_1.png
59,2,793,lattice,0,e,img/target_3.png
59,2,794,lattice,9,i,img/target_8.png
59,2,795,lattice,7,v,img/target_5.png
59,2,796,lattice,5,o,img/target_9.png
59,2,797,lattice,3,w,img/target_2.png
59,2,798,lattice,2,b,img/target_6.png
59,2,799,lattice,4,r,img/target_4.png
59,2,800,lattice,5,o,img/target_9.png
59,2,801,lattice,3,w,img/target_2.png
59,2,802,lattice,1,u,img/target_7.png
59,2,803,lattice,0,e,img/target_3.png
59,2,804,lattice,8,q,img/target_1.png
59,2,805,lattice,9,i,img/target_8.png
59,2,806,lattice,0,e,img/target_3.png
59,2,807,lattice,8,q,img/target_1.png
59,2,808,lattice,0,e,img/target_3.png
59,2,809,lattice,8,q,img/target_1.png
59,2,810,lattice,7,v,img/target_5.png
59,2,811,lattice,6,p,img/target_10.png
59,2,812,lattice,8,q,img/target_1.png
59,2,813,lattice,0,e,img/target_3.png
59,2,814,lattice,8,q,img/target_1.png
59,2,815,lattice,9,i,img/target_8.png
59,2,816,lattice,7,v,img/target_5.png
59,2,817,lattice,9,i,img/target_8.png
59,2,818,lattice,8,q,img/target_1.png
59,2,819,lattice,9,i,img/target_8.png
59,2,820,lattice,7,v,img/target_5.png
59,2,821,lattice,8,q,img/target_1.png
59,2,822,lattice,9,i,img/target_8.png
59,2,823,lattice,1,u,img/target_7.png
59,2,824,lattice,2,b,img/target_6.png
59,2,825,lattice,1,u,img/target_7.png
59,2,826,lattice,9,i,img/target_8.png
59,2,827,lattice,7,v,img/target_5.png
59,2,828,lattice,8,q,img/target_1.png
59,2,829,lattice,7,v,img/target_5.png
59,2,830,lattice,5,o,img/target_9.png
59,2,831,lattice,4,r,img/target_4.png
59,2,832,lattice,3,w,img/target_2.png
59,2,833,lattice,4,r,img/target_4.png
59,2,834,lattice,5,o,img/target_9.png
59,2,835,lattice,7,v,img/target_5.png
59,2,836,lattice,9,i,img/target_8.png
59,2,837,lattice,1,u,img/target_7.png
59,2,838,lattice,0,e,img/target_3.png
59,2,839,lattice,9,i,img/target_8.png
59,2,840,lattice,1,u,img/target_7.png
59,2,841,lattice,9,i,img/target_8.png
59,2,842,lattice,1,u,img/target_7.png
59,2,843,lattice,0,e,img/target_3.png
59,2,844,lattice,1,u,img/target_7.png
59,2,845,lattice,0,e,img/target_3.png
59,2,846,lattice,8,q,img/target_1.png
59,2,847,lattice,9,i,img/target_8.png
59,2,848,lattice,7,v,img/target_5.png
59,2,849,lattice,5,o,img/target_9.png
59,2,850,lattice,4,r,img/target_4.png
59,2,851,lattice,2,b,img/target_6.png
59,2,852,lattice,3,w,img/target_2.png
59,2,853,lattice,1,u,img/target_7.png
59,2,854,lattice,2,b,img/target_6.png
59,2,855,lattice,3,w,img/target_2.png
59,2,856,lattice,5,o,img/target_9.png
59,2,857,lattice,4,r,img/target_4.png
59,2,858,lattice,6,p,img/target_10.png
59,2,859,lattice,7,v,img/target_5.png
59,2,860,lattice,6,p,img/target_10.png
59,2,861,lattice,4,r,img/target_4.png
59,2,862,lattice,3,w,img/target_2.png
59,2,863,lattice,1,u,img/target_7.png
59,2,864,lattice,3,w,img/target_2.png
59,2,865,lattice,1,u,img/target_7.png
59,2,866,lattice,9,i,img/target_8.png
59,2,867,lattice,1,u,img/target_7.png
59,2,868,lattice,0,e,img/target_3.png
59,2,869,lattice,1,u,img/target_7.png
59,2,870,lattice,3,w,img/target_2.png
59,2,871,lattice,4,r,img/target_4.png
59,2,872,lattice,6,p,img/target_10.png
59,2,873,lattice,8,q,img/target_1.png
59,2,874,lattice,7,v,img/target_5.png
59,2,875,lattice,8,q,img/target_1.png
59,2,876,lattice,6,p,img/target_10.png
59,2,877,lattice,7,v,img/target_5.png
59,2,878,lattice,9,i,img/target_8.png
59,2,879,lattice,8,q,img/target_1.png
59,2,880,lattice,6,p,img/target_10.png
59,2,881,lattice,5,o,img/target_9.png
59,2,882,lattice,6,p,img/target_10.png
59,2,883,lattice,4,r,img/target_4.png
59,2,884,lattice,5,o,img/target_9.png
59,2,885,lattice,3,w,img/target_2.png
59,2,886,lattice,5,o,img/target_9.png
59,2,887,lattice,6,p,img/target_10.png
59,2,888,lattice,8,q,img/target_1.png
59,2,889,lattice,9,i,img/target_8.png
59,2,890,lattice,8,q,img/target_1.png
59,2,891,lattice,6,p,img/target_10.png
59,2,892,lattice,4,r,img/target_4.png
59,2,893,lattice,5,o,img/target_9.png
59,2,894,lattice,6,p,img/target_10.png
59,2,895,lattice,4,r,img/target_4.png
59,2,896,lattice,5,o,img/target_9.png
59,2,897,lattice,6,p,img/target_10.png
59,2,898,lattice,8,q,img/target_1.png
59,2,899,lattice,9,i,img/target_8.png
59,2,900,lattice,7,v,img/target_5.png
59,2,901,lattice,6,p,img/target_10.png
59,2,902,lattice,8,q,img/target_1.png
59,2,903,lattice,9,i,img/target_8.png
59,2,904,lattice,7,v,img/target_5.png
59,2,905,lattice,8,q,img/target_1.png
59,2,906,lattice,0,e,img/target_3.png
59,2,907,lattice,1,u,img/target_7.png
59,2,908,lattice,2,b,img/target_6.png
59,2,909,lattice,3,w,img/target_2.png
59,2,910,lattice,4,r,img/target_4.png
59,2,911,lattice,3,w,img/target_2.png
59,2,912,lattice,1,u,img/target_7.png
59,2,913,lattice,3,w,img/target_2.png
59,2,914,lattice,2,b,img/target_6.png
59,2,915,lattice,0,e,img/target_3.png
59,2,916,lattice,1,u,img/target_7.png
59,2,917,lattice,9,i,img/target_8.png
59,2,918,lattice,7,v,img/target_5.png
59,2,919,lattice,5,o,img/target_9.png
59,2,920,lattice,3,w,img/target_2.png
59,2,921,lattice,2,b,img/target_6.png
59,2,922,lattice,1,u,img/target_7.png
59,2,923,lattice,0,e,img/target_3.png
59,2,924,lattice,2,b,img/target_6.png
59,2,925,lattice,0,e,img/target_3.png
59,2,926,lattice,1,u,img/target_7.png
59,2,927,lattice,3,w,img/target_2.png
59,2,928,lattice,5,o,img/target_9.png
59,2,929,lattice,6,p,img/target_10.png
59,2,930,lattice,7,v,img/target_5.png
59,2,931,lattice,9,i,img/target_8.png
59,2,932,lattice,1,u,img/target_7.png
59,2,933,lattice,0,e,img/target_3.png
59,2,934,lattice,1,u,img/target_7.png
59,2,935,lattice,9,i,img/target_8.png
59,2,936,lattice,7,v,img/target_5.png
59,2,937,lattice,9,i,img/target_8.png
59,2,938,lattice,1,u,img/target_7.png
59,2,939,lattice,0,e,img/target_3.png
59,2,940,lattice,1,u,img/target_7.png
59,2,941,lattice,9,i,img/target_8.png
59,2,942,lattice,7,v,img/target_5.png
59,2,943,lattice,6,p,img/target_10.png
59,2,944,lattice,7,v,img/target_5.png
59,2,945,lattice,8,q,img/target_1.png
59,2,946,lattice,6,p,img/target_10.png
59,2,947,lattice,7,v,img/target_5.png
59,2,948,lattice,6,p,img/target_10.png
59,2,949,lattice,5,o,img/target_9.png
59,2,950,lattice,3,w,img/target_2.png
59,2,951,lattice,4,r,img/target_4.png
59,2,952,lattice,5,o,img/target_9.png
59,2,953,lattice,3,w,img/target_2.png
59,2,954,lattice,1,u,img/target_7.png
59,2,955,lattice,9,i,img/target_8.png
59,2,956,lattice,8,q,img/target_1.png
59,2,957,lattice,6,p,img/target_10.png
59,2,958,lattice,7,v,img/target_5.png
59,2,959,lattice,9,i,img/target_8.png
59,2,960,lattice,1,u,img/target_7.png
59,2,961,lattice,9,i,img/target_8.png
59,2,962,lattice,0,e,img/target_3.png
59,2,963,lattice,9,i,img/target_8.png
59,2,964,lattice,8,q,img/target_1.png
59,2,965,lattice,9,i,img/target_8.png
59,2,966,lattice,7,v,img/target_5.png
59,2,967,lattice,8,q,img/target_1.png
59,2,968,lattice,6,p,img/target_10.png
59,2,969,lattice,4,r,img/target_4.png
59,2,970,lattice,3,w,img/target_2.png
59,2,971,lattice,5,o,img/target_9.png
59,2,972,lattice,4,r,img/target_4.png
59,2,973,lattice,3,w,img/target_2.png
59,2,974,lattice,4,r,img/target_4.png
59,2,975,lattice,6,p,img/target_10.png
59,2,976,lattice,4,r,img/target_4.png
59,2,977,lattice,3,w,img/target_2.png
59,2,978,lattice,4,r,img/target_4.png
59,2,979,lattice,6,p,img/target_10.png
59,2,980,lattice,7,v,img/target_5.png
59,2,981,lattice,5,o,img/target_9.png
59,2,982,lattice,4,r,img/target_4.png
59,2,983,lattice,2,b,img/target_6.png
59,2,984,lattice,4,r,img/target_4.png
59,2,985,lattice,3,w,img/target_2.png
59,2,986,lattice,2,b,img/target_6.png
59,2,987,lattice,1,u,img/target_7.png
59,2,988,lattice,2,b,img/target_6.png
59,2,989,lattice,1,u,img/target_7.png
59,2,990,lattice,2,b,img/target_6.png
59,2,991,lattice,1,u,img/target_7.png
59,2,992,lattice,9,i,img/target_8.png
59,2,993,lattice,7,v,img/target_5.png
59,2,994,lattice,6,p,img/target_10.png
59,2,995,lattice,7,v,img/target_5.png
59,2,996,lattice,6,p,img/target_10.png
59,2,997,lattice,5,o,img/target_9.png
59,2,998,lattice,3,w,img/target_2.png
59,2,999,lattice,4,r,img/target_4.png
59,2,1000,lattice,6,p,img/target_10.png
