pID,trialNum,graph,walk,resp,path
28,1,modular,3,u,img/target_7.png
28,2,modular,4,w,img/target_2.png
28,3,modular,5,r,img/target_4.png
28,4,modular,6,b,img/target_6.png
28,5,modular,9,e,img/target_3.png
28,6,modular,7,i,img/target_8.png
28,7,modular,9,e,img/target_3.png
28,8,modular,6,b,img/target_6.png
28,9,modular,7,i,img/target_8.png
28,10,modular,8,o,img/target_9.png
28,11,modular,9,e,img/target_3.png
28,12,modular,0,q,img/target_1.png
28,13,modular,2,p,img/target_10.png
28,14,modular,1,v,img/target_5.png
28,15,modular,4,w,img/target_2.png
28,16,modular,2,p,img/target_10.png
28,17,modular,4,w,img/target_2.png
28,18,modular,5,r,img/target_4.png
28,19,modular,6,b,img/target_6.png
28,20,modular,7,i,img/target_8.png
28,21,modular,8,o,img/target_9.png
28,22,modular,7,i,img/target_8.png
28,23,modular,9,e,img/target_3.png
28,24,modular,0,q,img/target_1.png
28,25,modular,9,e,img/target_3.png
28,26,modular,6,b,img/target_6.png
28,27,modular,8,o,img/target_9.png
28,28,modular,7,i,img/target_8.png
28,29,modular,9,e,img/target_3.png
28,30,modular,7,i,img/target_8.png
28,31,modular,5,r,img/target_4.png
28,32,modular,8,o,img/target_9.png
28,33,modular,6,b,img/target_6.png
28,34,modular,9,e,img/target_3.png
28,35,modular,7,i,img/target_8.png
28,36,modular,9,e,img/target_3.png
28,37,modular,0,q,img/target_1.png
28,38,modular,2,p,img/target_10.png
28,39,modular,3,u,img/target_7.png
28,40,modular,1,v,img/target_5.png
28,41,modular,4,w,img/target_2.png
28,42,modular,2,p,img/target_10.png
28,43,modular,3,u,img/target_7.png
28,44,modular,4,w,img/target_2.png
28,45,modular,1,v,img/target_5.png
28,46,modular,2,p,img/target_10.png
28,47,modular,1,v,img/target_5.png
28,48,modular,2,p,img/target_10.png
28,49,modular,1,v,img/target_5.png
28,50,modular,3,u,img/target_7.png
28,51,modular,2,p,img/target_10.png
28,52,modular,3,u,img/target_7.png
28,53,modular,1,v,img/target_5.png
28,54,modular,0,q,img/target_1.png
28,55,modular,2,p,img/target_10.png
28,56,modular,0,q,img/target_1.png
28,57,modular,3,u,img/target_7.png
28,58,modular,2,p,img/target_10.png
28,59,modular,4,w,img/target_2.png
28,60,modular,1,v,img/target_5.png
28,61,modular,0,q,img/target_1.png
28,62,modular,3,u,img/target_7.png
28,63,modular,2,p,img/target_10.png
28,64,modular,4,w,img/target_2.png
28,65,modular,5,r,img/target_4.png
28,66,modular,4,w,img/target_2.png
28,67,modular,3,u,img/target_7.png
28,68,modular,2,p,img/target_10.png
28,69,modular,0,q,img/target_1.png
28,70,modular,1,v,img/target_5.png
28,71,modular,3,u,img/target_7.png
28,72,modular,0,q,img/target_1.png
28,73,modular,9,e,img/target_3.png
28,74,modular,7,i,img/target_8.png
28,75,modular,9,e,img/target_3.png
28,76,modular,0,q,img/target_1.png
28,77,modular,9,e,img/target_3.png
28,78,modular,0,q,img/target_1.png
28,79,modular,2,p,img/target_10.png
28,80,modular,3,u,img/target_7.png
28,81,modular,2,p,img/target_10.png
28,82,modular,1,v,img/target_5.png
28,83,modular,3,u,img/target_7.png
28,84,modular,2,p,img/target_10.png
28,85,modular,0,q,img/target_1.png
28,86,modular,3,u,img/target_7.png
28,87,modular,0,q,img/target_1.png
28,88,modular,9,e,img/target_3.png
28,89,modular,0,q,img/target_1.png
28,90,modular,1,v,img/target_5.png
28,91,modular,3,u,img/target_7.png
28,92,modular,0,q,img/target_1.png
28,93,modular,1,v,img/target_5.png
28,94,modular,2,p,img/target_10.png
28,95,modular,0,q,img/target_1.png
28,96,modular,9,e,img/target_3.png
28,97,modular,0,q,img/target_1.png
28,98,modular,3,u,img/target_7.png
28,99,modular,2,p,img/target_10.png
28,100,modular,1,v,img/target_5.png
28,101,modular,3,u,img/target_7.png
28,102,modular,1,v,img/target_5.png
28,103,modular,2,p,img/target_10.png
28,104,modular,1,v,img/target_5.png
28,105,modular,2,p,img/target_10.png
28,106,modular,3,u,img/target_7.png
28,107,modular,1,v,img/target_5.png
28,108,modular,2,p,img/target_10.png
28,109,modular,1,v,img/target_5.png
28,110,modular,4,w,img/target_2.png
28,111,modular,2,p,img/target_10.png
28,112,modular,3,u,img/target_7.png
28,113,modular,1,v,img/target_5.png
28,114,modular,2,p,img/target_10.png
28,115,modular,1,v,img/target_5.png
28,116,modular,2,p,img/target_10.png
28,117,modular,1,v,img/target_5.png
28,118,modular,3,u,img/target_7.png
28,119,modular,1,v,img/target_5.png
28,120,modular,2,p,img/target_10.png
28,121,modular,1,v,img/target_5.png
28,122,modular,2,p,img/target_10.png
28,123,modular,3,u,img/target_7.png
28,124,modular,4,w,img/target_2.png
28,125,modular,1,v,img/target_5.png
28,126,modular,0,q,img/target_1.png
28,127,modular,2,p,img/target_10.png
28,128,modular,0,q,img/target_1.png
28,129,modular,2,p,img/target_10.png
28,130,modular,3,u,img/target_7.png
28,131,modular,0,q,img/target_1.png
28,132,modular,9,e,img/target_3.png
28,133,modular,6,b,img/target_6.png
28,134,modular,5,r,img/target_4.png
28,135,modular,7,i,img/target_8.png
28,136,modular,5,r,img/target_4.png
28,137,modular,6,b,img/target_6.png
28,138,modular,7,i,img/target_8.png
28,139,modular,8,o,img/target_9.png
28,140,modular,6,b,img/target_6.png
28,141,modular,8,o,img/target_9.png
28,142,modular,9,e,img/target_3.png
28,143,modular,8,o,img/target_9.png
28,144,modular,9,e,img/target_3.png
28,145,modular,0,q,img/target_1.png
28,146,modular,3,u,img/target_7.png
28,147,modular,0,q,img/target_1.png
28,148,modular,3,u,img/target_7.png
28,149,modular,0,q,img/target_1.png
28,150,modular,2,p,img/target_10.png
28,151,modular,1,v,img/target_5.png
28,152,modular,3,u,img/target_7.png
28,153,modular,1,v,img/target_5.png
28,154,modular,3,u,img/target_7.png
28,155,modular,4,w,img/target_2.png
28,156,modular,5,r,img/target_4.png
28,157,modular,6,b,img/target_6.png
28,158,modular,5,r,img/target_4.png
28,159,modular,8,o,img/target_9.png
28,160,modular,5,r,img/target_4.png
28,161,modular,6,b,img/target_6.png
28,162,modular,5,r,img/target_4.png
28,163,modular,8,o,img/target_9.png
28,164,modular,9,e,img/target_3.png
28,165,modular,7,i,img/target_8.png
28,166,modular,9,e,img/target_3.png
28,167,modular,0,q,img/target_1.png
28,168,modular,1,v,img/target_5.png
28,169,modular,3,u,img/target_7.png
28,170,modular,2,p,img/target_10.png
28,171,modular,0,q,img/target_1.png
28,172,modular,1,v,img/target_5.png
28,173,modular,4,w,img/target_2.png
28,174,modular,1,v,img/target_5.png
28,175,modular,2,p,img/target_10.png
28,176,modular,3,u,img/target_7.png
28,177,modular,4,w,img/target_2.png
28,178,modular,2,p,img/target_10.png
28,179,modular,1,v,img/target_5.png
28,180,modular,0,q,img/target_1.png
28,181,modular,3,u,img/target_7.png
28,182,modular,0,q,img/target_1.png
28,183,modular,3,u,img/target_7.png
28,184,modular,0,q,img/target_1.png
28,185,modular,1,v,img/target_5.png
28,186,modular,2,p,img/target_10.png
28,187,modular,0,q,img/target_1.png
28,188,modular,3,u,img/target_7.png
28,189,modular,0,q,img/target_1.png
28,190,modular,9,e,img/target_3.png
28,191,modular,7,i,img/target_8.png
28,192,modular,5,r,img/target_4.png
28,193,modular,8,o,img/target_9.png
28,194,modular,5,r,img/target_4.png
28,195,modular,6,b,img/target_6.png
28,196,modular,9,e,img/target_3.png
28,197,modular,6,b,img/target_6.png
28,198,modular,8,o,img/target_9.png
28,199,modular,9,e,img/target_3.png
28,200,modular,8,o,img/target_9.png
28,201,modular,6,b,img/target_6.png
28,202,modular,8,o,img/target_9.png
28,203,modular,6,b,img/target_6.png
28,204,modular,7,i,img/target_8.png
28,205,modular,6,b,img/target_6.png
28,206,modular,5,r,img/target_4.png
28,207,modular,6,b,img/target_6.png
28,208,modular,9,e,img/target_3.png
28,209,modular,0,q,img/target_1.png
28,210,modular,2,p,img/target_10.png
28,211,modular,0,q,img/target_1.png
28,212,modular,9,e,img/target_3.png
28,213,modular,0,q,img/target_1.png
28,214,modular,9,e,img/target_3.png
28,215,modular,8,o,img/target_9.png
28,216,modular,6,b,img/target_6.png
28,217,modular,9,e,img/target_3.png
28,218,modular,0,q,img/target_1.png
28,219,modular,9,e,img/target_3.png
28,220,modular,8,o,img/target_9.png
28,221,modular,5,r,img/target_4.png
28,222,modular,4,w,img/target_2.png
28,223,modular,5,r,img/target_4.png
28,224,modular,6,b,img/target_6.png
28,225,modular,5,r,img/target_4.png
28,226,modular,6,b,img/target_6.png
28,227,modular,5,r,img/target_4.png
28,228,modular,8,o,img/target_9.png
28,229,modular,6,b,img/target_6.png
28,230,modular,9,e,img/target_3.png
28,231,modular,8,o,img/target_9.png
28,232,modular,5,r,img/target_4.png
28,233,modular,4,w,img/target_2.png
28,234,modular,5,r,img/target_4.png
28,235,modular,4,w,img/target_2.png
28,236,modular,1,v,img/target_5.png
28,237,modular,3,u,img/target_7.png
28,238,modular,0,q,img/target_1.png
28,239,modular,3,u,img/target_7.png
28,240,modular,1,v,img/target_5.png
28,241,modular,2,p,img/target_10.png
28,242,modular,4,w,img/target_2.png
28,243,modular,5,r,img/target_4.png
28,244,modular,4,w,img/target_2.png
28,245,modular,1,v,img/target_5.png
28,246,modular,0,q,img/target_1.png
28,247,modular,2,p,img/target_10.png
28,248,modular,0,q,img/target_1.png
28,249,modular,9,e,img/target_3.png
28,250,modular,7,i,img/target_8.png
28,251,modular,8,o,img/target_9.png
28,252,modular,9,e,img/target_3.png
28,253,modular,8,o,img/target_9.png
28,254,modular,9,e,img/target_3.png
28,255,modular,0,q,img/target_1.png
28,256,modular,1,v,img/target_5.png
28,257,modular,2,p,img/target_10.png
28,258,modular,3,u,img/target_7.png
28,259,modular,1,v,img/target_5.png
28,260,modular,0,q,img/target_1.png
28,261,modular,9,e,img/target_3.png
28,262,modular,6,b,img/target_6.png
28,263,modular,7,i,img/target_8.png
28,264,modular,5,r,img/target_4.png
28,265,modular,8,o,img/target_9.png
28,266,modular,7,i,img/target_8.png
28,267,modular,5,r,img/target_4.png
28,268,modular,4,w,img/target_2.png
28,269,modular,5,r,img/target_4.png
28,270,modular,7,i,img/target_8.png
28,271,modular,9,e,img/target_3.png
28,272,modular,6,b,img/target_6.png
28,273,modular,5,r,img/target_4.png
28,274,modular,6,b,img/target_6.png
28,275,modular,5,r,img/target_4.png
28,276,modular,6,b,img/target_6.png
28,277,modular,5,r,img/target_4.png
28,278,modular,8,o,img/target_9.png
28,279,modular,6,b,img/target_6.png
28,280,modular,8,o,img/target_9.png
28,281,modular,6,b,img/target_6.png
28,282,modular,9,e,img/target_3.png
28,283,modular,7,i,img/target_8.png
28,284,modular,8,o,img/target_9.png
28,285,modular,9,e,img/target_3.png
28,286,modular,8,o,img/target_9.png
28,287,modular,7,i,img/target_8.png
28,288,modular,5,r,img/target_4.png
28,289,modular,6,b,img/target_6.png
28,290,modular,7,i,img/target_8.png
28,291,modular,9,e,img/target_3.png
28,292,modular,7,i,img/target_8.png
28,293,modular,8,o,img/target_9.png
28,294,modular,6,b,img/target_6.png
28,295,modular,9,e,img/target_3.png
28,296,modular,6,b,img/target_6.png
28,297,modular,9,e,img/target_3.png
28,298,modular,6,b,img/target_6.png
28,299,modular,5,r,img/target_4.png
28,300,modular,6,b,img/target_6.png
28,301,modular,9,e,img/target_3.png
28,302,modular,7,i,img/target_8.png
28,303,modular,8,o,img/target_9.png
28,304,modular,5,r,img/target_4.png
28,305,modular,6,b,img/target_6.png
28,306,modular,8,o,img/target_9.png
28,307,modular,7,i,img/target_8.png
28,308,modular,5,r,img/target_4.png
28,309,modular,8,o,img/target_9.png
28,310,modular,9,e,img/target_3.png
28,311,modular,0,q,img/target_1.png
28,312,modular,9,e,img/target_3.png
28,313,modular,6,b,img/target_6.png
28,314,modular,7,i,img/target_8.png
28,315,modular,8,o,img/target_9.png
28,316,modular,6,b,img/target_6.png
28,317,modular,9,e,img/target_3.png
28,318,modular,0,q,img/target_1.png
28,319,modular,9,e,img/target_3.png
28,320,modular,0,q,img/target_1.png
28,321,modular,2,p,img/target_10.png
28,322,modular,3,u,img/target_7.png
28,323,modular,4,w,img/target_2.png
28,324,modular,5,r,img/target_4.png
28,325,modular,8,o,img/target_9.png
28,326,modular,7,i,img/target_8.png
28,327,modular,5,r,img/target_4.png
28,328,modular,4,w,img/target_2.png
28,329,modular,3,u,img/target_7.png
28,330,modular,0,q,img/target_1.png
28,331,modular,1,v,img/target_5.png
28,332,modular,3,u,img/target_7.png
28,333,modular,1,v,img/target_5.png
28,334,modular,4,w,img/target_2.png
28,335,modular,2,p,img/target_10.png
28,336,modular,0,q,img/target_1.png
28,337,modular,1,v,img/target_5.png
28,338,modular,4,w,img/target_2.png
28,339,modular,3,u,img/target_7.png
28,340,modular,4,w,img/target_2.png
28,341,modular,5,r,img/target_4.png
28,342,modular,8,o,img/target_9.png
28,343,modular,7,i,img/target_8.png
28,344,modular,8,o,img/target_9.png
28,345,modular,7,i,img/target_8.png
28,346,modular,6,b,img/target_6.png
28,347,modular,5,r,img/target_4.png
28,348,modular,8,o,img/target_9.png
28,349,modular,7,i,img/target_8.png
28,350,modular,6,b,img/target_6.png
28,351,modular,8,o,img/target_9.png
28,352,modular,9,e,img/target_3.png
28,353,modular,8,o,img/target_9.png
28,354,modular,6,b,img/target_6.png
28,355,modular,9,e,img/target_3.png
28,356,modular,7,i,img/target_8.png
28,357,modular,5,r,img/target_4.png
28,358,modular,7,i,img/target_8.png
28,359,modular,8,o,img/target_9.png
28,360,modular,5,r,img/target_4.png
28,361,modular,4,w,img/target_2.png
28,362,modular,5,r,img/target_4.png
28,363,modular,4,w,img/target_2.png
28,364,modular,3,u,img/target_7.png
28,365,modular,1,v,img/target_5.png
28,366,modular,2,p,img/target_10.png
28,367,modular,0,q,img/target_1.png
28,368,modular,2,p,img/target_10.png
28,369,modular,1,v,img/target_5.png
28,370,modular,2,p,img/target_10.png
28,371,modular,4,w,img/target_2.png
28,372,modular,3,u,img/target_7.png
28,373,modular,1,v,img/target_5.png
28,374,modular,3,u,img/target_7.png
28,375,modular,1,v,img/target_5.png
28,376,modular,0,q,img/target_1.png
28,377,modular,2,p,img/target_10.png
28,378,modular,1,v,img/target_5.png
28,379,modular,2,p,img/target_10.png
28,380,modular,3,u,img/target_7.png
28,381,modular,2,p,img/target_10.png
28,382,modular,0,q,img/target_1.png
28,383,modular,1,v,img/target_5.png
28,384,modular,2,p,img/target_10.png
28,385,modular,0,q,img/target_1.png
28,386,modular,2,p,img/target_10.png
28,387,modular,1,v,img/target_5.png
28,388,modular,4,w,img/target_2.png
28,389,modular,1,v,img/target_5.png
28,390,modular,2,p,img/target_10.png
28,391,modular,0,q,img/target_1.png
28,392,modular,9,e,img/target_3.png
28,393,modular,6,b,img/target_6.png
28,394,modular,5,r,img/target_4.png
28,395,modular,4,w,img/target_2.png
28,396,modular,1,v,img/target_5.png
28,397,modular,4,w,img/target_2.png
28,398,modular,1,v,img/target_5.png
28,399,modular,4,w,img/target_2.png
28,400,modular,1,v,img/target_5.png
28,401,modular,0,q,img/target_1.png
28,402,modular,3,u,img/target_7.png
28,403,modular,1,v,img/target_5.png
28,404,modular,4,w,img/target_2.png
28,405,modular,5,r,img/target_4.png
28,406,modular,4,w,img/target_2.png
28,407,modular,3,u,img/target_7.png
28,408,modular,1,v,img/target_5.png
28,409,modular,0,q,img/target_1.png
28,410,modular,9,e,img/target_3.png
28,411,modular,7,i,img/target_8.png
28,412,modular,9,e,img/target_3.png
28,413,modular,8,o,img/target_9.png
28,414,modular,6,b,img/target_6.png
28,415,modular,5,r,img/target_4.png
28,416,modular,4,w,img/target_2.png
28,417,modular,5,r,img/target_4.png
28,418,modular,7,i,img/target_8.png
28,419,modular,5,r,img/target_4.png
28,420,modular,7,i,img/target_8.png
28,421,modular,8,o,img/target_9.png
28,422,modular,6,b,img/target_6.png
28,423,modular,9,e,img/target_3.png
28,424,modular,6,b,img/target_6.png
28,425,modular,7,i,img/target_8.png
28,426,modular,9,e,img/target_3.png
28,427,modular,0,q,img/target_1.png
28,428,modular,3,u,img/target_7.png
28,429,modular,1,v,img/target_5.png
28,430,modular,0,q,img/target_1.png
28,431,modular,2,p,img/target_10.png
28,432,modular,0,q,img/target_1.png
28,433,modular,3,u,img/target_7.png
28,434,modular,4,w,img/target_2.png
28,435,modular,5,r,img/target_4.png
28,436,modular,6,b,img/target_6.png
28,437,modular,7,i,img/target_8.png
28,438,modular,8,o,img/target_9.png
28,439,modular,9,e,img/target_3.png
28,440,modular,0,q,img/target_1.png
28,441,modular,9,e,img/target_3.png
28,442,modular,8,o,img/target_9.png
28,443,modular,6,b,img/target_6.png
28,444,modular,5,r,img/target_4.png
28,445,modular,4,w,img/target_2.png
28,446,modular,5,r,img/target_4.png
28,447,modular,7,i,img/target_8.png
28,448,modular,8,o,img/target_9.png
28,449,modular,6,b,img/target_6.png
28,450,modular,7,i,img/target_8.png
28,451,modular,6,b,img/target_6.png
28,452,modular,9,e,img/target_3.png
28,453,modular,6,b,img/target_6.png
28,454,modular,5,r,img/target_4.png
28,455,modular,6,b,img/target_6.png
28,456,modular,8,o,img/target_9.png
28,457,modular,7,i,img/target_8.png
28,458,modular,9,e,img/target_3.png
28,459,modular,7,i,img/target_8.png
28,460,modular,5,r,img/target_4.png
28,461,modular,6,b,img/target_6.png
28,462,modular,9,e,img/target_3.png
28,463,modular,7,i,img/target_8.png
28,464,modular,8,o,img/target_9.png
28,465,modular,6,b,img/target_6.png
28,466,modular,8,o,img/target_9.png
28,467,modular,9,e,img/target_3.png
28,468,modular,7,i,img/target_8.png
28,469,modular,6,b,img/target_6.png
28,470,modular,7,i,img/target_8.png
28,471,modular,6,b,img/target_6.png
28,472,modular,8,o,img/target_9.png
28,473,modular,6,b,img/target_6.png
28,474,modular,5,r,img/target_4.png
28,475,modular,4,w,img/target_2.png
28,476,modular,2,p,img/target_10.png
28,477,modular,4,w,img/target_2.png
28,478,modular,1,v,img/target_5.png
28,479,modular,0,q,img/target_1.png
28,480,modular,1,v,img/target_5.png
28,481,modular,3,u,img/target_7.png
28,482,modular,4,w,img/target_2.png
28,483,modular,5,r,img/target_4.png
28,484,modular,7,i,img/target_8.png
28,485,modular,6,b,img/target_6.png
28,486,modular,7,i,img/target_8.png
28,487,modular,8,o,img/target_9.png
28,488,modular,5,r,img/target_4.png
28,489,modular,4,w,img/target_2.png
28,490,modular,5,r,img/target_4.png
28,491,modular,6,b,img/target_6.png
28,492,modular,8,o,img/target_9.png
28,493,modular,5,r,img/target_4.png
28,494,modular,4,w,img/target_2.png
28,495,modular,5,r,img/target_4.png
28,496,modular,6,b,img/target_6.png
28,497,modular,9,e,img/target_3.png
28,498,modular,6,b,img/target_6.png
28,499,modular,9,e,img/target_3.png
28,500,modular,0,q,img/target_1.png
28,501,modular,2,p,img/target_10.png
28,502,modular,1,v,img/target_5.png
28,503,modular,0,q,img/target_1.png
28,504,modular,3,u,img/target_7.png
28,505,modular,1,v,img/target_5.png
28,506,modular,0,q,img/target_1.png
28,507,modular,3,u,img/target_7.png
28,508,modular,4,w,img/target_2.png
28,509,modular,3,u,img/target_7.png
28,510,modular,0,q,img/target_1.png
28,511,modular,9,e,img/target_3.png
28,512,modular,0,q,img/target_1.png
28,513,modular,3,u,img/target_7.png
28,514,modular,1,v,img/target_5.png
28,515,modular,2,p,img/target_10.png
28,516,modular,1,v,img/target_5.png
28,517,modular,2,p,img/target_10.png
28,518,modular,4,w,img/target_2.png
28,519,modular,2,p,img/target_10.png
28,520,modular,3,u,img/target_7.png
28,521,modular,2,p,img/target_10.png
28,522,modular,3,u,img/target_7.png
28,523,modular,1,v,img/target_5.png
28,524,modular,0,q,img/target_1.png
28,525,modular,9,e,img/target_3.png
28,526,modular,7,i,img/target_8.png
28,527,modular,8,o,img/target_9.png
28,528,modular,6,b,img/target_6.png
28,529,modular,5,r,img/target_4.png
28,530,modular,6,b,img/target_6.png
28,531,modular,8,o,img/target_9.png
28,532,modular,7,i,img/target_8.png
28,533,modular,5,r,img/target_4.png
28,534,modular,7,i,img/target_8.png
28,535,modular,6,b,img/target_6.png
28,536,modular,8,o,img/target_9.png
28,537,modular,9,e,img/target_3.png
28,538,modular,7,i,img/target_8.png
28,539,modular,5,r,img/target_4.png
28,540,modular,7,i,img/target_8.png
28,541,modular,5,r,img/target_4.png
28,542,modular,7,i,img/target_8.png
28,543,modular,8,o,img/target_9.png
28,544,modular,6,b,img/target_6.png
28,545,modular,9,e,img/target_3.png
28,546,modular,0,q,img/target_1.png
28,547,modular,3,u,img/target_7.png
28,548,modular,2,p,img/target_10.png
28,549,modular,4,w,img/target_2.png
28,550,modular,3,u,img/target_7.png
28,551,modular,2,p,img/target_10.png
28,552,modular,4,w,img/target_2.png
28,553,modular,3,u,img/target_7.png
28,554,modular,0,q,img/target_1.png
28,555,modular,1,v,img/target_5.png
28,556,modular,3,u,img/target_7.png
28,557,modular,2,p,img/target_10.png
28,558,modular,0,q,img/target_1.png
28,559,modular,2,p,img/target_10.png
28,560,modular,1,v,img/target_5.png
28,561,modular,3,u,img/target_7.png
28,562,modular,2,p,img/target_10.png
28,563,modular,4,w,img/target_2.png
28,564,modular,2,p,img/target_10.png
28,565,modular,0,q,img/target_1.png
28,566,modular,2,p,img/target_10.png
28,567,modular,0,q,img/target_1.png
28,568,modular,1,v,img/target_5.png
28,569,modular,4,w,img/target_2.png
28,570,modular,2,p,img/target_10.png
28,571,modular,3,u,img/target_7.png
28,572,modular,1,v,img/target_5.png
28,573,modular,3,u,img/target_7.png
28,574,modular,4,w,img/target_2.png
28,575,modular,2,p,img/target_10.png
28,576,modular,1,v,img/target_5.png
28,577,modular,3,u,img/target_7.png
28,578,modular,0,q,img/target_1.png
28,579,modular,2,p,img/target_10.png
28,580,modular,4,w,img/target_2.png
28,581,modular,5,r,img/target_4.png
28,582,modular,4,w,img/target_2.png
28,583,modular,1,v,img/target_5.png
28,584,modular,0,q,img/target_1.png
28,585,modular,2,p,img/target_10.png
28,586,modular,4,w,img/target_2.png
28,587,modular,2,p,img/target_10.png
28,588,modular,3,u,img/target_7.png
28,589,modular,1,v,img/target_5.png
28,590,modular,3,u,img/target_7.png
28,591,modular,2,p,img/target_10.png
28,592,modular,4,w,img/target_2.png
28,593,modular,3,u,img/target_7.png
28,594,modular,0,q,img/target_1.png
28,595,modular,9,e,img/target_3.png
28,596,modular,0,q,img/target_1.png
28,597,modular,2,p,img/target_10.png
28,598,modular,3,u,img/target_7.png
28,599,modular,0,q,img/target_1.png
28,600,modular,1,v,img/target_5.png
28,601,modular,0,q,img/target_1.png
28,602,modular,2,p,img/target_10.png
28,603,modular,0,q,img/target_1.png
28,604,modular,3,u,img/target_7.png
28,605,modular,4,w,img/target_2.png
28,606,modular,3,u,img/target_7.png
28,607,modular,2,p,img/target_10.png
28,608,modular,0,q,img/target_1.png
28,609,modular,1,v,img/target_5.png
28,610,modular,0,q,img/target_1.png
28,611,modular,2,p,img/target_10.png
28,612,modular,0,q,img/target_1.png
28,613,modular,9,e,img/target_3.png
28,614,modular,8,o,img/target_9.png
28,615,modular,9,e,img/target_3.png
28,616,modular,6,b,img/target_6.png
28,617,modular,8,o,img/target_9.png
28,618,modular,7,i,img/target_8.png
28,619,modular,9,e,img/target_3.png
28,620,modular,8,o,img/target_9.png
28,621,modular,7,i,img/target_8.png
28,622,modular,9,e,img/target_3.png
28,623,modular,7,i,img/target_8.png
28,624,modular,8,o,img/target_9.png
28,625,modular,5,r,img/target_4.png
28,626,modular,6,b,img/target_6.png
28,627,modular,8,o,img/target_9.png
28,628,modular,7,i,img/target_8.png
28,629,modular,5,r,img/target_4.png
28,630,modular,6,b,img/target_6.png
28,631,modular,5,r,img/target_4.png
28,632,modular,4,w,img/target_2.png
28,633,modular,2,p,img/target_10.png
28,634,modular,4,w,img/target_2.png
28,635,modular,5,r,img/target_4.png
28,636,modular,7,i,img/target_8.png
28,637,modular,5,r,img/target_4.png
28,638,modular,8,o,img/target_9.png
28,639,modular,5,r,img/target_4.png
28,640,modular,4,w,img/target_2.png
28,641,modular,5,r,img/target_4.png
28,642,modular,7,i,img/target_8.png
28,643,modular,5,r,img/target_4.png
28,644,modular,8,o,img/target_9.png
28,645,modular,5,r,img/target_4.png
28,646,modular,8,o,img/target_9.png
28,647,modular,6,b,img/target_6.png
28,648,modular,5,r,img/target_4.png
28,649,modular,6,b,img/target_6.png
28,650,modular,7,i,img/target_8.png
28,651,modular,6,b,img/target_6.png
28,652,modular,5,r,img/target_4.png
28,653,modular,7,i,img/target_8.png
28,654,modular,5,r,img/target_4.png
28,655,modular,4,w,img/target_2.png
28,656,modular,1,v,img/target_5.png
28,657,modular,0,q,img/target_1.png
28,658,modular,1,v,img/target_5.png
28,659,modular,0,q,img/target_1.png
28,660,modular,9,e,img/target_3.png
28,661,modular,8,o,img/target_9.png
28,662,modular,5,r,img/target_4.png
28,663,modular,6,b,img/target_6.png
28,664,modular,5,r,img/target_4.png
28,665,modular,6,b,img/target_6.png
28,666,modular,9,e,img/target_3.png
28,667,modular,7,i,img/target_8.png
28,668,modular,6,b,img/target_6.png
28,669,modular,8,o,img/target_9.png
28,670,modular,7,i,img/target_8.png
28,671,modular,8,o,img/target_9.png
28,672,modular,9,e,img/target_3.png
28,673,modular,6,b,img/target_6.png
28,674,modular,8,o,img/target_9.png
28,675,modular,9,e,img/target_3.png
28,676,modular,0,q,img/target_1.png
28,677,modular,3,u,img/target_7.png
28,678,modular,2,p,img/target_10.png
28,679,modular,0,q,img/target_1.png
28,680,modular,9,e,img/target_3.png
28,681,modular,6,b,img/target_6.png
28,682,modular,9,e,img/target_3.png
28,683,modular,8,o,img/target_9.png
28,684,modular,9,e,img/target_3.png
28,685,modular,0,q,img/target_1.png
28,686,modular,9,e,img/target_3.png
28,687,modular,7,i,img/target_8.png
28,688,modular,8,o,img/target_9.png
28,689,modular,5,r,img/target_4.png
28,690,modular,7,i,img/target_8.png
28,691,modular,5,r,img/target_4.png
28,692,modular,8,o,img/target_9.png
28,693,modular,5,r,img/target_4.png
28,694,modular,8,o,img/target_9.png
28,695,modular,6,b,img/target_6.png
28,696,modular,9,e,img/target_3.png
28,697,modular,8,o,img/target_9.png
28,698,modular,9,e,img/target_3.png
28,699,modular,6,b,img/target_6.png
28,700,modular,7,i,img/target_8.png
28,701,modular,6,b,img/target_6.png
28,702,modular,9,e,img/target_3.png
28,703,modular,0,q,img/target_1.png
28,704,modular,1,v,img/target_5.png
28,705,modular,3,u,img/target_7.png
28,706,modular,0,q,img/target_1.png
28,707,modular,9,e,img/target_3.png
28,708,modular,0,q,img/target_1.png
28,709,modular,9,e,img/target_3.png
28,710,modular,8,o,img/target_9.png
28,711,modular,6,b,img/target_6.png
28,712,modular,8,o,img/target_9.png
28,713,modular,6,b,img/target_6.png
28,714,modular,5,r,img/target_4.png
28,715,modular,8,o,img/target_9.png
28,716,modular,7,i,img/target_8.png
28,717,modular,6,b,img/target_6.png
28,718,modular,9,e,img/target_3.png
28,719,modular,6,b,img/target_6.png
28,720,modular,8,o,img/target_9.png
28,721,modular,5,r,img/target_4.png
28,722,modular,6,b,img/target_6.png
28,723,modular,7,i,img/target_8.png
28,724,modular,8,o,img/target_9.png
28,725,modular,9,e,img/target_3.png
28,726,modular,6,b,img/target_6.png
28,727,modular,9,e,img/target_3.png
28,728,modular,0,q,img/target_1.png
28,729,modular,9,e,img/target_3.png
28,730,modular,0,q,img/target_1.png
28,731,modular,3,u,img/target_7.png
28,732,modular,1,v,img/target_5.png
28,733,modular,3,u,img/target_7.png
28,734,modular,4,w,img/target_2.png
28,735,modular,2,p,img/target_10.png
28,736,modular,0,q,img/target_1.png
28,737,modular,9,e,img/target_3.png
28,738,modular,0,q,img/target_1.png
28,739,modular,9,e,img/target_3.png
28,740,modular,0,q,img/target_1.png
28,741,modular,3,u,img/target_7.png
28,742,modular,2,p,img/target_10.png
28,743,modular,4,w,img/target_2.png
28,744,modular,3,u,img/target_7.png
28,745,modular,2,p,img/target_10.png
28,746,modular,0,q,img/target_1.png
28,747,modular,2,p,img/target_10.png
28,748,modular,1,v,img/target_5.png
28,749,modular,2,p,img/target_10.png
28,750,modular,3,u,img/target_7.png
28,751,modular,4,w,img/target_2.png
28,752,modular,3,u,img/target_7.png
28,753,modular,4,w,img/target_2.png
28,754,modular,3,u,img/target_7.png
28,755,modular,4,w,img/target_2.png
28,756,modular,3,u,img/target_7.png
28,757,modular,2,p,img/target_10.png
28,758,modular,4,w,img/target_2.png
28,759,modular,3,u,img/target_7.png
28,760,modular,2,p,img/target_10.png
28,761,modular,4,w,img/target_2.png
28,762,modular,5,r,img/target_4.png
28,763,modular,7,i,img/target_8.png
28,764,modular,9,e,img/target_3.png
28,765,modular,7,i,img/target_8.png
28,766,modular,8,o,img/target_9.png
28,767,modular,7,i,img/target_8.png
28,768,modular,5,r,img/target_4.png
28,769,modular,4,w,img/target_2.png
28,770,modular,2,p,img/target_10.png
28,771,modular,0,q,img/target_1.png
28,772,modular,9,e,img/target_3.png
28,773,modular,6,b,img/target_6.png
28,774,modular,8,o,img/target_9.png
28,775,modular,5,r,img/target_4.png
28,776,modular,8,o,img/target_9.png
28,777,modular,9,e,img/target_3.png
28,778,modular,6,b,img/target_6.png
28,779,modular,8,o,img/target_9.png
28,780,modular,7,i,img/target_8.png
28,781,modular,8,o,img/target_9.png
28,782,modular,7,i,img/target_8.png
28,783,modular,9,e,img/target_3.png
28,784,modular,8,o,img/target_9.png
28,785,modular,5,r,img/target_4.png
28,786,modular,8,o,img/target_9.png
28,787,modular,7,i,img/target_8.png
28,788,modular,5,r,img/target_4.png
28,789,modular,6,b,img/target_6.png
28,790,modular,8,o,img/target_9.png
28,791,modular,6,b,img/target_6.png
28,792,modular,9,e,img/target_3.png
28,793,modular,6,b,img/target_6.png
28,794,modular,9,e,img/target_3.png
28,795,modular,8,o,img/target_9.png
28,796,modular,6,b,img/target_6.png
28,797,modular,9,e,img/target_3.png
28,798,modular,0,q,img/target_1.png
28,799,modular,1,v,img/target_5.png
28,800,modular,0,q,img/target_1.png
28,801,modular,2,p,img/target_10.png
28,802,modular,0,q,img/target_1.png
28,803,modular,9,e,img/target_3.png
28,804,modular,7,i,img/target_8.png
28,805,modular,8,o,img/target_9.png
28,806,modular,9,e,img/target_3.png
28,807,modular,6,b,img/target_6.png
28,808,modular,7,i,img/target_8.png
28,809,modular,9,e,img/target_3.png
28,810,modular,6,b,img/target_6.png
28,811,modular,7,i,img/target_8.png
28,812,modular,8,o,img/target_9.png
28,813,modular,6,b,img/target_6.png
28,814,modular,5,r,img/target_4.png
28,815,modular,6,b,img/target_6.png
28,816,modular,7,i,img/target_8.png
28,817,modular,8,o,img/target_9.png
28,818,modular,5,r,img/target_4.png
28,819,modular,6,b,img/target_6.png
28,820,modular,8,o,img/target_9.png
28,821,modular,6,b,img/target_6.png
28,822,modular,7,i,img/target_8.png
28,823,modular,5,r,img/target_4.png
28,824,modular,7,i,img/target_8.png
28,825,modular,6,b,img/target_6.png
28,826,modular,9,e,img/target_3.png
28,827,modular,7,i,img/target_8.png
28,828,modular,5,r,img/target_4.png
28,829,modular,7,i,img/target_8.png
28,830,modular,9,e,img/target_3.png
28,831,modular,0,q,img/target_1.png
28,832,modular,1,v,img/target_5.png
28,833,modular,2,p,img/target_10.png
28,834,modular,4,w,img/target_2.png
28,835,modular,5,r,img/target_4.png
28,836,modular,6,b,img/target_6.png
28,837,modular,9,e,img/target_3.png
28,838,modular,8,o,img/target_9.png
28,839,modular,9,e,img/target_3.png
28,840,modular,6,b,img/target_6.png
28,841,modular,5,r,img/target_4.png
28,842,modular,7,i,img/target_8.png
28,843,modular,6,b,img/target_6.png
28,844,modular,9,e,img/target_3.png
28,845,modular,7,i,img/target_8.png
28,846,modular,5,r,img/target_4.png
28,847,modular,4,w,img/target_2.png
28,848,modular,5,r,img/target_4.png
28,849,modular,4,w,img/target_2.png
28,850,modular,2,p,img/target_10.png
28,851,modular,4,w,img/target_2.png
28,852,modular,3,u,img/target_7.png
28,853,modular,2,p,img/target_10.png
28,854,modular,0,q,img/target_1.png
28,855,modular,2,p,img/target_10.png
28,856,modular,1,v,img/target_5.png
28,857,modular,4,w,img/target_2.png
28,858,modular,5,r,img/target_4.png
28,859,modular,4,w,img/target_2.png
28,860,modular,1,v,img/target_5.png
28,861,modular,4,w,img/target_2.png
28,862,modular,2,p,img/target_10.png
28,863,modular,4,w,img/target_2.png
28,864,modular,1,v,img/target_5.png
28,865,modular,2,p,img/target_10.png
28,866,modular,1,v,img/target_5.png
28,867,modular,4,w,img/target_2.png
28,868,modular,2,p,img/target_10.png
28,869,modular,0,q,img/target_1.png
28,870,modular,3,u,img/target_7.png
28,871,modular,2,p,img/target_10.png
28,872,modular,0,q,img/target_1.png
28,873,modular,1,v,img/target_5.png
28,874,modular,3,u,img/target_7.png
28,875,modular,2,p,img/target_10.png
28,876,modular,1,v,img/target_5.png
28,877,modular,4,w,img/target_2.png
28,878,modular,1,v,img/target_5.png
28,879,modular,2,p,img/target_10.png
28,880,modular,4,w,img/target_2.png
28,881,modular,3,u,img/target_7.png
28,882,modular,2,p,img/target_10.png
28,883,modular,4,w,img/target_2.png
28,884,modular,1,v,img/target_5.png
28,885,modular,4,w,img/target_2.png
28,886,modular,3,u,img/target_7.png
28,887,modular,2,p,img/target_10.png
28,888,modular,3,u,img/target_7.png
28,889,modular,0,q,img/target_1.png
28,890,modular,2,p,img/target_10.png
28,891,modular,0,q,img/target_1.png
28,892,modular,2,p,img/target_10.png
28,893,modular,3,u,img/target_7.png
28,894,modular,2,p,img/target_10.png
28,895,modular,0,q,img/target_1.png
28,896,modular,1,v,img/target_5.png
28,897,modular,4,w,img/target_2.png
28,898,modular,2,p,img/target_10.png
28,899,modular,1,v,img/target_5.png
28,900,modular,3,u,img/target_7.png
28,901,modular,4,w,img/target_2.png
28,902,modular,1,v,img/target_5.png
28,903,modular,0,q,img/target_1.png
28,904,modular,3,u,img/target_7.png
28,905,modular,4,w,img/target_2.png
28,906,modular,5,r,img/target_4.png
28,907,modular,6,b,img/target_6.png
28,908,modular,5,r,img/target_4.png
28,909,modular,4,w,img/target_2.png
28,910,modular,2,p,img/target_10.png
28,911,modular,1,v,img/target_5.png
28,912,modular,2,p,img/target_10.png
28,913,modular,3,u,img/target_7.png
28,914,modular,0,q,img/target_1.png
28,915,modular,9,e,img/target_3.png
28,916,modular,6,b,img/target_6.png
28,917,modular,9,e,img/target_3.png
28,918,modular,0,q,img/target_1.png
28,919,modular,2,p,img/target_10.png
28,920,modular,1,v,img/target_5.png
28,921,modular,2,p,img/target_10.png
28,922,modular,4,w,img/target_2.png
28,923,modular,3,u,img/target_7.png
28,924,modular,0,q,img/target_1.png
28,925,modular,9,e,img/target_3.png
28,926,modular,0,q,img/target_1.png
28,927,modular,9,e,img/target_3.png
28,928,modular,0,q,img/target_1.png
28,929,modular,9,e,img/target_3.png
28,930,modular,8,o,img/target_9.png
28,931,modular,5,r,img/target_4.png
28,932,modular,4,w,img/target_2.png
28,933,modular,5,r,img/target_4.png
28,934,modular,6,b,img/target_6.png
28,935,modular,8,o,img/target_9.png
28,936,modular,6,b,img/target_6.png
28,937,modular,5,r,img/target_4.png
28,938,modular,6,b,img/target_6.png
28,939,modular,9,e,img/target_3.png
28,940,modular,6,b,img/target_6.png
28,941,modular,5,r,img/target_4.png
28,942,modular,7,i,img/target_8.png
28,943,modular,6,b,img/target_6.png
28,944,modular,9,e,img/target_3.png
28,945,modular,7,i,img/target_8.png
28,946,modular,9,e,img/target_3.png
28,947,modular,6,b,img/target_6.png
28,948,modular,9,e,img/target_3.png
28,949,modular,7,i,img/target_8.png
28,950,modular,5,r,img/target_4.png
28,951,modular,6,b,img/target_6.png
28,952,modular,8,o,img/target_9.png
28,953,modular,9,e,img/target_3.png
28,954,modular,6,b,img/target_6.png
28,955,modular,8,o,img/target_9.png
28,956,modular,6,b,img/target_6.png
28,957,modular,7,i,img/target_8.png
28,958,modular,8,o,img/target_9.png
28,959,modular,5,r,img/target_4.png
28,960,modular,7,i,img/target_8.png
28,961,modular,8,o,img/target_9.png
28,962,modular,5,r,img/target_4.png
28,963,modular,4,w,img/target_2.png
28,964,modular,2,p,img/target_10.png
28,965,modular,0,q,img/target_1.png
28,966,modular,9,e,img/target_3.png
28,967,modular,0,q,img/target_1.png
28,968,modular,3,u,img/target_7.png
28,969,modular,0,q,img/target_1.png
28,970,modular,9,e,img/target_3.png
28,971,modular,6,b,img/target_6.png
28,972,modular,7,i,img/target_8.png
28,973,modular,5,r,img/target_4.png
28,974,modular,6,b,img/target_6.png
28,975,modular,9,e,img/target_3.png
28,976,modular,6,b,img/target_6.png
28,977,modular,5,r,img/target_4.png
28,978,modular,8,o,img/target_9.png
28,979,modular,9,e,img/target_3.png
28,980,modular,0,q,img/target_1.png
28,981,modular,1,v,img/target_5.png
28,982,modular,0,q,img/target_1.png
28,983,modular,3,u,img/target_7.png
28,984,modular,2,p,img/target_10.png
28,985,modular,1,v,img/target_5.png
28,986,modular,4,w,img/target_2.png
28,987,modular,1,v,img/target_5.png
28,988,modular,0,q,img/target_1.png
28,989,modular,2,p,img/target_10.png
28,990,modular,4,w,img/target_2.png
28,991,modular,1,v,img/target_5.png
28,992,modular,4,w,img/target_2.png
28,993,modular,2,p,img/target_10.png
28,994,modular,3,u,img/target_7.png
28,995,modular,4,w,img/target_2.png
28,996,modular,2,p,img/target_10.png
28,997,modular,0,q,img/target_1.png
28,998,modular,3,u,img/target_7.png
28,999,modular,1,v,img/target_5.png
28,1000,modular,4,w,img/target_2.png
