pID,trialNum,graph,walk,resp,path
32,1,modular,7,q,img/target_1.png
32,2,modular,9,i,img/target_8.png
32,3,modular,8,b,img/target_6.png
32,4,modular,6,u,img/target_7.png
32,5,modular,5,w,img/target_2.png
32,6,modular,7,q,img/target_1.png
32,7,modular,5,w,img/target_2.png
32,8,modular,8,b,img/target_6.png
32,9,modular,9,i,img/target_8.png
32,10,modular,7,q,img/target_1.png
32,11,modular,8,b,img/target_6.png
32,12,modular,9,i,img/target_8.png
32,13,modular,7,q,img/target_1.png
32,14,modular,6,u,img/target_7.png
32,15,modular,5,w,img/target_2.png
32,16,modular,8,b,img/target_6.png
32,17,modular,9,i,img/target_8.png
32,18,modular,6,u,img/target_7.png
32,19,modular,8,b,img/target_6.png
32,20,modular,5,w,img/target_2.png
32,21,modular,7,q,img/target_1.png
32,22,modular,6,u,img/target_7.png
32,23,modular,9,i,img/target_8.png
32,24,modular,0,e,img/target_3.png
32,25,modular,3,o,img/target_9.png
32,26,modular,1,p,img/target_10.png
32,27,modular,4,r,img/target_4.png
32,28,modular,2,v,img/target_5.png
32,29,modular,1,p,img/target_10.png
32,30,modular,0,e,img/target_3.png
32,31,modular,1,p,img/target_10.png
32,32,modular,2,v,img/target_5.png
32,33,modular,0,e,img/target_3.png
32,34,modular,3,o,img/target_9.png
32,35,modular,1,p,img/target_10.png
32,36,modular,0,e,img/target_3.png
32,37,modular,3,o,img/target_9.png
32,38,modular,2,v,img/target_5.png
32,39,modular,1,p,img/target_10.png
32,40,modular,2,v,img/target_5.png
32,41,modular,0,e,img/target_3.png
32,42,modular,9,i,img/target_8.png
32,43,modular,8,b,img/target_6.png
32,44,modular,6,u,img/target_7.png
32,45,modular,5,w,img/target_2.png
32,46,modular,8,b,img/target_6.png
32,47,modular,9,i,img/target_8.png
32,48,modular,0,e,img/target_3.png
32,49,modular,3,o,img/target_9.png
32,50,modular,2,v,img/target_5.png
32,51,modular,1,p,img/target_10.png
32,52,modular,3,o,img/target_9.png
32,53,modular,2,v,img/target_5.png
32,54,modular,0,e,img/target_3.png
32,55,modular,1,p,img/target_10.png
32,56,modular,0,e,img/target_3.png
32,57,modular,1,p,img/target_10.png
32,58,modular,0,e,img/target_3.png
32,59,modular,9,i,img/target_8.png
32,60,modular,8,b,img/target_6.png
32,61,modular,9,i,img/target_8.png
32,62,modular,8,b,img/target_6.png
32,63,modular,6,u,img/target_7.png
32,64,modular,9,i,img/target_8.png
32,65,modular,0,e,img/target_3.png
32,66,modular,3,o,img/target_9.png
32,67,modular,1,p,img/target_10.png
32,68,modular,4,r,img/target_4.png
32,69,modular,5,w,img/target_2.png
32,70,modular,8,b,img/target_6.png
32,71,modular,7,q,img/target_1.png
32,72,modular,6,u,img/target_7.png
32,73,modular,9,i,img/target_8.png
32,74,modular,8,b,img/target_6.png
32,75,modular,7,q,img/target_1.png
32,76,modular,9,i,img/target_8.png
32,77,modular,6,u,img/target_7.png
32,78,modular,7,q,img/target_1.png
32,79,modular,9,i,img/target_8.png
32,80,modular,7,q,img/target_1.png
32,81,modular,8,b,img/target_6.png
32,82,modular,6,u,img/target_7.png
32,83,modular,9,i,img/target_8.png
32,84,modular,0,e,img/target_3.png
32,85,modular,3,o,img/target_9.png
32,86,modular,4,r,img/target_4.png
32,87,modular,2,v,img/target_5.png
32,88,modular,4,r,img/target_4.png
32,89,modular,2,v,img/target_5.png
32,90,modular,0,e,img/target_3.png
32,91,modular,3,o,img/target_9.png
32,92,modular,1,p,img/target_10.png
32,93,modular,4,r,img/target_4.png
32,94,modular,1,p,img/target_10.png
32,95,modular,2,v,img/target_5.png
32,96,modular,0,e,img/target_3.png
32,97,modular,9,i,img/target_8.png
32,98,modular,7,q,img/target_1.png
32,99,modular,6,u,img/target_7.png
32,100,modular,5,w,img/target_2.png
32,101,modular,6,u,img/target_7.png
32,102,modular,9,i,img/target_8.png
32,103,modular,0,e,img/target_3.png
32,104,modular,3,o,img/target_9.png
32,105,modular,4,r,img/target_4.png
32,106,modular,3,o,img/target_9.png
32,107,modular,2,v,img/target_5.png
32,108,modular,4,r,img/target_4.png
32,109,modular,2,v,img/target_5.png
32,110,modular,0,e,img/target_3.png
32,111,modular,2,v,img/target_5.png
32,112,modular,0,e,img/target_3.png
32,113,modular,1,p,img/target_10.png
32,114,modular,3,o,img/target_9.png
32,115,modular,2,v,img/target_5.png
32,116,modular,4,r,img/target_4.png
32,117,modular,3,o,img/target_9.png
32,118,modular,4,r,img/target_4.png
32,119,modular,3,o,img/target_9.png
32,120,modular,4,r,img/target_4.png
32,121,modular,1,p,img/target_10.png
32,122,modular,4,r,img/target_4.png
32,123,modular,3,o,img/target_9.png
32,124,modular,0,e,img/target_3.png
32,125,modular,2,v,img/target_5.png
32,126,modular,3,o,img/target_9.png
32,127,modular,2,v,img/target_5.png
32,128,modular,0,e,img/target_3.png
32,129,modular,3,o,img/target_9.png
32,130,modular,4,r,img/target_4.png
32,131,modular,5,w,img/target_2.png
32,132,modular,6,u,img/target_7.png
32,133,modular,5,w,img/target_2.png
32,134,modular,7,q,img/target_1.png
32,135,modular,5,w,img/target_2.png
32,136,modular,6,u,img/target_7.png
32,137,modular,5,w,img/target_2.png
32,138,modular,6,u,img/target_7.png
32,139,modular,9,i,img/target_8.png
32,140,modular,6,u,img/target_7.png
32,141,modular,8,b,img/target_6.png
32,142,modular,9,i,img/target_8.png
32,143,modular,7,q,img/target_1.png
32,144,modular,5,w,img/target_2.png
32,145,modular,6,u,img/target_7.png
32,146,modular,8,b,img/target_6.png
32,147,modular,9,i,img/target_8.png
32,148,modular,8,b,img/target_6.png
32,149,modular,9,i,img/target_8.png
32,150,modular,0,e,img/target_3.png
32,151,modular,1,p,img/target_10.png
32,152,modular,3,o,img/target_9.png
32,153,modular,4,r,img/target_4.png
32,154,modular,3,o,img/target_9.png
32,155,modular,4,r,img/target_4.png
32,156,modular,2,v,img/target_5.png
32,157,modular,1,p,img/target_10.png
32,158,modular,2,v,img/target_5.png
32,159,modular,1,p,img/target_10.png
32,160,modular,4,r,img/target_4.png
32,161,modular,5,w,img/target_2.png
32,162,modular,4,r,img/target_4.png
32,163,modular,3,o,img/target_9.png
32,164,modular,2,v,img/target_5.png
32,165,modular,0,e,img/target_3.png
32,166,modular,3,o,img/target_9.png
32,167,modular,2,v,img/target_5.png
32,168,modular,1,p,img/target_10.png
32,169,modular,4,r,img/target_4.png
32,170,modular,5,w,img/target_2.png
32,171,modular,7,q,img/target_1.png
32,172,modular,9,i,img/target_8.png
32,173,modular,8,b,img/target_6.png
32,174,modular,7,q,img/target_1.png
32,175,modular,5,w,img/target_2.png
32,176,modular,4,r,img/target_4.png
32,177,modular,1,p,img/target_10.png
32,178,modular,2,v,img/target_5.png
32,179,modular,4,r,img/target_4.png
32,180,modular,5,w,img/target_2.png
32,181,modular,7,q,img/target_1.png
32,182,modular,6,u,img/target_7.png
32,183,modular,5,w,img/target_2.png
32,184,modular,6,u,img/target_7.png
32,185,modular,9,i,img/target_8.png
32,186,modular,6,u,img/target_7.png
32,187,modular,8,b,img/target_6.png
32,188,modular,6,u,img/target_7.png
32,189,modular,8,b,img/target_6.png
32,190,modular,6,u,img/target_7.png
32,191,modular,8,b,img/target_6.png
32,192,modular,6,u,img/target_7.png
32,193,modular,8,b,img/target_6.png
32,194,modular,6,u,img/target_7.png
32,195,modular,9,i,img/target_8.png
32,196,modular,7,q,img/target_1.png
32,197,modular,6,u,img/target_7.png
32,198,modular,7,q,img/target_1.png
32,199,modular,6,u,img/target_7.png
32,200,modular,5,w,img/target_2.png
32,201,modular,8,b,img/target_6.png
32,202,modular,5,w,img/target_2.png
32,203,modular,7,q,img/target_1.png
32,204,modular,8,b,img/target_6.png
32,205,modular,7,q,img/target_1.png
32,206,modular,5,w,img/target_2.png
32,207,modular,7,q,img/target_1.png
32,208,modular,6,u,img/target_7.png
32,209,modular,8,b,img/target_6.png
32,210,modular,7,q,img/target_1.png
32,211,modular,9,i,img/target_8.png
32,212,modular,7,q,img/target_1.png
32,213,modular,6,u,img/target_7.png
32,214,modular,7,q,img/target_1.png
32,215,modular,5,w,img/target_2.png
32,216,modular,7,q,img/target_1.png
32,217,modular,6,u,img/target_7.png
32,218,modular,8,b,img/target_6.png
32,219,modular,5,w,img/target_2.png
32,220,modular,7,q,img/target_1.png
32,221,modular,9,i,img/target_8.png
32,222,modular,8,b,img/target_6.png
32,223,modular,9,i,img/target_8.png
32,224,modular,8,b,img/target_6.png
32,225,modular,6,u,img/target_7.png
32,226,modular,7,q,img/target_1.png
32,227,modular,8,b,img/target_6.png
32,228,modular,6,u,img/target_7.png
32,229,modular,7,q,img/target_1.png
32,230,modular,6,u,img/target_7.png
32,231,modular,7,q,img/target_1.png
32,232,modular,9,i,img/target_8.png
32,233,modular,0,e,img/target_3.png
32,234,modular,3,o,img/target_9.png
32,235,modular,1,p,img/target_10.png
32,236,modular,2,v,img/target_5.png
32,237,modular,1,p,img/target_10.png
32,238,modular,0,e,img/target_3.png
32,239,modular,3,o,img/target_9.png
32,240,modular,4,r,img/target_4.png
32,241,modular,1,p,img/target_10.png
32,242,modular,4,r,img/target_4.png
32,243,modular,2,v,img/target_5.png
32,244,modular,4,r,img/target_4.png
32,245,modular,2,v,img/target_5.png
32,246,modular,4,r,img/target_4.png
32,247,modular,3,o,img/target_9.png
32,248,modular,2,v,img/target_5.png
32,249,modular,1,p,img/target_10.png
32,250,modular,2,v,img/target_5.png
32,251,modular,3,o,img/target_9.png
32,252,modular,2,v,img/target_5.png
32,253,modular,1,p,img/target_10.png
32,254,modular,4,r,img/target_4.png
32,255,modular,5,w,img/target_2.png
32,256,modular,4,r,img/target_4.png
32,257,modular,2,v,img/target_5.png
32,258,modular,0,e,img/target_3.png
32,259,modular,1,p,img/target_10.png
32,260,modular,4,r,img/target_4.png
32,261,modular,1,p,img/target_10.png
32,262,modular,3,o,img/target_9.png
32,263,modular,0,e,img/target_3.png
32,264,modular,1,p,img/target_10.png
32,265,modular,3,o,img/target_9.png
32,266,modular,4,r,img/target_4.png
32,267,modular,5,w,img/target_2.png
32,268,modular,7,q,img/target_1.png
32,269,modular,8,b,img/target_6.png
32,270,modular,6,u,img/target_7.png
32,271,modular,8,b,img/target_6.png
32,272,modular,7,q,img/target_1.png
32,273,modular,9,i,img/target_8.png
32,274,modular,7,q,img/target_1.png
32,275,modular,9,i,img/target_8.png
32,276,modular,7,q,img/target_1.png
32,277,modular,9,i,img/target_8.png
32,278,modular,8,b,img/target_6.png
32,279,modular,9,i,img/target_8.png
32,280,modular,0,e,img/target_3.png
32,281,modular,1,p,img/target_10.png
32,282,modular,2,v,img/target_5.png
32,283,modular,0,e,img/target_3.png
32,284,modular,1,p,img/target_10.png
32,285,modular,4,r,img/target_4.png
32,286,modular,3,o,img/target_9.png
32,287,modular,1,p,img/target_10.png
32,288,modular,0,e,img/target_3.png
32,289,modular,2,v,img/target_5.png
32,290,modular,4,r,img/target_4.png
32,291,modular,1,p,img/target_10.png
32,292,modular,3,o,img/target_9.png
32,293,modular,4,r,img/target_4.png
32,294,modular,3,o,img/target_9.png
32,295,modular,0,e,img/target_3.png
32,296,modular,2,v,img/target_5.png
32,297,modular,1,p,img/target_10.png
32,298,modular,4,r,img/target_4.png
32,299,modular,3,o,img/target_9.png
32,300,modular,0,e,img/target_3.png
32,301,modular,3,o,img/target_9.png
32,302,modular,1,p,img/target_10.png
32,303,modular,0,e,img/target_3.png
32,304,modular,1,p,img/target_10.png
32,305,modular,2,v,img/target_5.png
32,306,modular,4,r,img/target_4.png
32,307,modular,3,o,img/target_9.png
32,308,modular,0,e,img/target_3.png
32,309,modular,2,v,img/target_5.png
32,310,modular,4,r,img/target_4.png
32,311,modular,1,p,img/target_10.png
32,312,modular,0,e,img/target_3.png
32,313,modular,2,v,img/target_5.png
32,314,modular,4,r,img/target_4.png
32,315,modular,1,p,img/target_10.png
32,316,modular,2,v,img/target_5.png
32,317,modular,3,o,img/target_9.png
32,318,modular,0,e,img/target_3.png
32,319,modular,3,o,img/target_9.png
32,320,modular,2,v,img/target_5.png
32,321,modular,3,o,img/target_9.png
32,322,modular,2,v,img/target_5.png
32,323,modular,3,o,img/target_9.png
32,324,modular,4,r,img/target_4.png
32,325,modular,2,v,img/target_5.png
32,326,modular,3,o,img/target_9.png
32,327,modular,4,r,img/target_4.png
32,328,modular,3,o,img/target_9.png
32,329,modular,2,v,img/target_5.png
32,330,modular,1,p,img/target_10.png
32,331,modular,3,o,img/target_9.png
32,332,modular,1,p,img/target_10.png
32,333,modular,3,o,img/target_9.png
32,334,modular,1,p,img/target_10.png
32,335,modular,0,e,img/target_3.png
32,336,modular,2,v,img/target_5.png
32,337,modular,3,o,img/target_9.png
32,338,modular,4,r,img/target_4.png
32,339,modular,5,w,img/target_2.png
32,340,modular,4,r,img/target_4.png
32,341,modular,3,o,img/target_9.png
32,342,modular,1,p,img/target_10.png
32,343,modular,2,v,img/target_5.png
32,344,modular,0,e,img/target_3.png
32,345,modular,3,o,img/target_9.png
32,346,modular,4,r,img/target_4.png
32,347,modular,1,p,img/target_10.png
32,348,modular,2,v,img/target_5.png
32,349,modular,4,r,img/target_4.png
32,350,modular,3,o,img/target_9.png
32,351,modular,2,v,img/target_5.png
32,352,modular,4,r,img/target_4.png
32,353,modular,2,v,img/target_5.png
32,354,modular,1,p,img/target_10.png
32,355,modular,4,r,img/target_4.png
32,356,modular,5,w,img/target_2.png
32,357,modular,4,r,img/target_4.png
32,358,modular,2,v,img/target_5.png
32,359,modular,4,r,img/target_4.png
32,360,modular,5,w,img/target_2.png
32,361,modular,6,u,img/target_7.png
32,362,modular,5,w,img/target_2.png
32,363,modular,7,q,img/target_1.png
32,364,modular,6,u,img/target_7.png
32,365,modular,8,b,img/target_6.png
32,366,modular,9,i,img/target_8.png
32,367,modular,8,b,img/target_6.png
32,368,modular,7,q,img/target_1.png
32,369,modular,9,i,img/target_8.png
32,370,modular,6,u,img/target_7.png
32,371,modular,7,q,img/target_1.png
32,372,modular,5,w,img/target_2.png
32,373,modular,8,b,img/target_6.png
32,374,modular,7,q,img/target_1.png
32,375,modular,5,w,img/target_2.png
32,376,modular,4,r,img/target_4.png
32,377,modular,1,p,img/target_10.png
32,378,modular,4,r,img/target_4.png
32,379,modular,3,o,img/target_9.png
32,380,modular,4,r,img/target_4.png
32,381,modular,2,v,img/target_5.png
32,382,modular,3,o,img/target_9.png
32,383,modular,4,r,img/target_4.png
32,384,modular,5,w,img/target_2.png
32,385,modular,4,r,img/target_4.png
32,386,modular,2,v,img/target_5.png
32,387,modular,0,e,img/target_3.png
32,388,modular,9,i,img/target_8.png
32,389,modular,6,u,img/target_7.png
32,390,modular,8,b,img/target_6.png
32,391,modular,6,u,img/target_7.png
32,392,modular,5,w,img/target_2.png
32,393,modular,6,u,img/target_7.png
32,394,modular,5,w,img/target_2.png
32,395,modular,8,b,img/target_6.png
32,396,modular,6,u,img/target_7.png
32,397,modular,5,w,img/target_2.png
32,398,modular,7,q,img/target_1.png
32,399,modular,9,i,img/target_8.png
32,400,modular,7,q,img/target_1.png
32,401,modular,6,u,img/target_7.png
32,402,modular,5,w,img/target_2.png
32,403,modular,6,u,img/target_7.png
32,404,modular,5,w,img/target_2.png
32,405,modular,4,r,img/target_4.png
32,406,modular,3,o,img/target_9.png
32,407,modular,1,p,img/target_10.png
32,408,modular,2,v,img/target_5.png
32,409,modular,0,e,img/target_3.png
32,410,modular,3,o,img/target_9.png
32,411,modular,4,r,img/target_4.png
32,412,modular,5,w,img/target_2.png
32,413,modular,4,r,img/target_4.png
32,414,modular,5,w,img/target_2.png
32,415,modular,7,q,img/target_1.png
32,416,modular,6,u,img/target_7.png
32,417,modular,8,b,img/target_6.png
32,418,modular,7,q,img/target_1.png
32,419,modular,5,w,img/target_2.png
32,420,modular,7,q,img/target_1.png
32,421,modular,8,b,img/target_6.png
32,422,modular,9,i,img/target_8.png
32,423,modular,7,q,img/target_1.png
32,424,modular,5,w,img/target_2.png
32,425,modular,7,q,img/target_1.png
32,426,modular,9,i,img/target_8.png
32,427,modular,6,u,img/target_7.png
32,428,modular,9,i,img/target_8.png
32,429,modular,8,b,img/target_6.png
32,430,modular,5,w,img/target_2.png
32,431,modular,8,b,img/target_6.png
32,432,modular,9,i,img/target_8.png
32,433,modular,8,b,img/target_6.png
32,434,modular,6,u,img/target_7.png
32,435,modular,8,b,img/target_6.png
32,436,modular,7,q,img/target_1.png
32,437,modular,8,b,img/target_6.png
32,438,modular,7,q,img/target_1.png
32,439,modular,6,u,img/target_7.png
32,440,modular,8,b,img/target_6.png
32,441,modular,5,w,img/target_2.png
32,442,modular,8,b,img/target_6.png
32,443,modular,9,i,img/target_8.png
32,444,modular,6,u,img/target_7.png
32,445,modular,7,q,img/target_1.png
32,446,modular,5,w,img/target_2.png
32,447,modular,7,q,img/target_1.png
32,448,modular,9,i,img/target_8.png
32,449,modular,8,b,img/target_6.png
32,450,modular,7,q,img/target_1.png
32,451,modular,6,u,img/target_7.png
32,452,modular,9,i,img/target_8.png
32,453,modular,8,b,img/target_6.png
32,454,modular,6,u,img/target_7.png
32,455,modular,8,b,img/target_6.png
32,456,modular,6,u,img/target_7.png
32,457,modular,5,w,img/target_2.png
32,458,modular,4,r,img/target_4.png
32,459,modular,1,p,img/target_10.png
32,460,modular,3,o,img/target_9.png
32,461,modular,1,p,img/target_10.png
32,462,modular,3,o,img/target_9.png
32,463,modular,4,r,img/target_4.png
32,464,modular,2,v,img/target_5.png
32,465,modular,1,p,img/target_10.png
32,466,modular,4,r,img/target_4.png
32,467,modular,2,v,img/target_5.png
32,468,modular,3,o,img/target_9.png
32,469,modular,2,v,img/target_5.png
32,470,modular,1,p,img/target_10.png
32,471,modular,4,r,img/target_4.png
32,472,modular,2,v,img/target_5.png
32,473,modular,1,p,img/target_10.png
32,474,modular,0,e,img/target_3.png
32,475,modular,9,i,img/target_8.png
32,476,modular,8,b,img/target_6.png
32,477,modular,7,q,img/target_1.png
32,478,modular,8,b,img/target_6.png
32,479,modular,5,w,img/target_2.png
32,480,modular,7,q,img/target_1.png
32,481,modular,9,i,img/target_8.png
32,482,modular,6,u,img/target_7.png
32,483,modular,9,i,img/target_8.png
32,484,modular,6,u,img/target_7.png
32,485,modular,5,w,img/target_2.png
32,486,modular,6,u,img/target_7.png
32,487,modular,9,i,img/target_8.png
32,488,modular,8,b,img/target_6.png
32,489,modular,9,i,img/target_8.png
32,490,modular,8,b,img/target_6.png
32,491,modular,9,i,img/target_8.png
32,492,modular,6,u,img/target_7.png
32,493,modular,5,w,img/target_2.png
32,494,modular,8,b,img/target_6.png
32,495,modular,7,q,img/target_1.png
32,496,modular,6,u,img/target_7.png
32,497,modular,5,w,img/target_2.png
32,498,modular,6,u,img/target_7.png
32,499,modular,9,i,img/target_8.png
32,500,modular,0,e,img/target_3.png
32,501,modular,9,i,img/target_8.png
32,502,modular,8,b,img/target_6.png
32,503,modular,7,q,img/target_1.png
32,504,modular,9,i,img/target_8.png
32,505,modular,8,b,img/target_6.png
32,506,modular,5,w,img/target_2.png
32,507,modular,4,r,img/target_4.png
32,508,modular,1,p,img/target_10.png
32,509,modular,0,e,img/target_3.png
32,510,modular,2,v,img/target_5.png
32,511,modular,4,r,img/target_4.png
32,512,modular,2,v,img/target_5.png
32,513,modular,3,o,img/target_9.png
32,514,modular,1,p,img/target_10.png
32,515,modular,3,o,img/target_9.png
32,516,modular,1,p,img/target_10.png
32,517,modular,3,o,img/target_9.png
32,518,modular,4,r,img/target_4.png
32,519,modular,2,v,img/target_5.png
32,520,modular,4,r,img/target_4.png
32,521,modular,2,v,img/target_5.png
32,522,modular,0,e,img/target_3.png
32,523,modular,1,p,img/target_10.png
32,524,modular,3,o,img/target_9.png
32,525,modular,0,e,img/target_3.png
32,526,modular,9,i,img/target_8.png
32,527,modular,7,q,img/target_1.png
32,528,modular,6,u,img/target_7.png
32,529,modular,7,q,img/target_1.png
32,530,modular,9,i,img/target_8.png
32,531,modular,8,b,img/target_6.png
32,532,modular,7,q,img/target_1.png
32,533,modular,5,w,img/target_2.png
32,534,modular,6,u,img/target_7.png
32,535,modular,5,w,img/target_2.png
32,536,modular,6,u,img/target_7.png
32,537,modular,8,b,img/target_6.png
32,538,modular,7,q,img/target_1.png
32,539,modular,8,b,img/target_6.png
32,540,modular,5,w,img/target_2.png
32,541,modular,8,b,img/target_6.png
32,542,modular,9,i,img/target_8.png
32,543,modular,0,e,img/target_3.png
32,544,modular,2,v,img/target_5.png
32,545,modular,1,p,img/target_10.png
32,546,modular,0,e,img/target_3.png
32,547,modular,2,v,img/target_5.png
32,548,modular,1,p,img/target_10.png
32,549,modular,0,e,img/target_3.png
32,550,modular,9,i,img/target_8.png
32,551,modular,7,q,img/target_1.png
32,552,modular,6,u,img/target_7.png
32,553,modular,5,w,img/target_2.png
32,554,modular,8,b,img/target_6.png
32,555,modular,6,u,img/target_7.png
32,556,modular,8,b,img/target_6.png
32,557,modular,5,w,img/target_2.png
32,558,modular,8,b,img/target_6.png
32,559,modular,7,q,img/target_1.png
32,560,modular,6,u,img/target_7.png
32,561,modular,9,i,img/target_8.png
32,562,modular,8,b,img/target_6.png
32,563,modular,5,w,img/target_2.png
32,564,modular,4,r,img/target_4.png
32,565,modular,3,o,img/target_9.png
32,566,modular,2,v,img/target_5.png
32,567,modular,1,p,img/target_10.png
32,568,modular,3,o,img/target_9.png
32,569,modular,1,p,img/target_10.png
32,570,modular,0,e,img/target_3.png
32,571,modular,2,v,img/target_5.png
32,572,modular,0,e,img/target_3.png
32,573,modular,3,o,img/target_9.png
32,574,modular,0,e,img/target_3.png
32,575,modular,3,o,img/target_9.png
32,576,modular,2,v,img/target_5.png
32,577,modular,1,p,img/target_10.png
32,578,modular,2,v,img/target_5.png
32,579,modular,3,o,img/target_9.png
32,580,modular,4,r,img/target_4.png
32,581,modular,2,v,img/target_5.png
32,582,modular,0,e,img/target_3.png
32,583,modular,2,v,img/target_5.png
32,584,modular,3,o,img/target_9.png
32,585,modular,2,v,img/target_5.png
32,586,modular,0,e,img/target_3.png
32,587,modular,3,o,img/target_9.png
32,588,modular,1,p,img/target_10.png
32,589,modular,3,o,img/target_9.png
32,590,modular,2,v,img/target_5.png
32,591,modular,4,r,img/target_4.png
32,592,modular,1,p,img/target_10.png
32,593,modular,4,r,img/target_4.png
32,594,modular,3,o,img/target_9.png
32,595,modular,1,p,img/target_10.png
32,596,modular,3,o,img/target_9.png
32,597,modular,2,v,img/target_5.png
32,598,modular,1,p,img/target_10.png
32,599,modular,2,v,img/target_5.png
32,600,modular,3,o,img/target_9.png
32,601,modular,2,v,img/target_5.png
32,602,modular,3,o,img/target_9.png
32,603,modular,2,v,img/target_5.png
32,604,modular,4,r,img/target_4.png
32,605,modular,2,v,img/target_5.png
32,606,modular,3,o,img/target_9.png
32,607,modular,0,e,img/target_3.png
32,608,modular,3,o,img/target_9.png
32,609,modular,4,r,img/target_4.png
32,610,modular,2,v,img/target_5.png
32,611,modular,0,e,img/target_3.png
32,612,modular,1,p,img/target_10.png
32,613,modular,4,r,img/target_4.png
32,614,modular,1,p,img/target_10.png
32,615,modular,0,e,img/target_3.png
32,616,modular,1,p,img/target_10.png
32,617,modular,0,e,img/target_3.png
32,618,modular,1,p,img/target_10.png
32,619,modular,0,e,img/target_3.png
32,620,modular,2,v,img/target_5.png
32,621,modular,0,e,img/target_3.png
32,622,modular,2,v,img/target_5.png
32,623,modular,3,o,img/target_9.png
32,624,modular,2,v,img/target_5.png
32,625,modular,4,r,img/target_4.png
32,626,modular,3,o,img/target_9.png
32,627,modular,0,e,img/target_3.png
32,628,modular,9,i,img/target_8.png
32,629,modular,8,b,img/target_6.png
32,630,modular,7,q,img/target_1.png
32,631,modular,5,w,img/target_2.png
32,632,modular,6,u,img/target_7.png
32,633,modular,9,i,img/target_8.png
32,634,modular,0,e,img/target_3.png
32,635,modular,3,o,img/target_9.png
32,636,modular,4,r,img/target_4.png
32,637,modular,1,p,img/target_10.png
32,638,modular,3,o,img/target_9.png
32,639,modular,4,r,img/target_4.png
32,640,modular,1,p,img/target_10.png
32,641,modular,4,r,img/target_4.png
32,642,modular,3,o,img/target_9.png
32,643,modular,2,v,img/target_5.png
32,644,modular,0,e,img/target_3.png
32,645,modular,1,p,img/target_10.png
32,646,modular,2,v,img/target_5.png
32,647,modular,0,e,img/target_3.png
32,648,modular,1,p,img/target_10.png
32,649,modular,4,r,img/target_4.png
32,650,modular,2,v,img/target_5.png
32,651,modular,0,e,img/target_3.png
32,652,modular,3,o,img/target_9.png
32,653,modular,1,p,img/target_10.png
32,654,modular,3,o,img/target_9.png
32,655,modular,0,e,img/target_3.png
32,656,modular,2,v,img/target_5.png
32,657,modular,0,e,img/target_3.png
32,658,modular,1,p,img/target_10.png
32,659,modular,0,e,img/target_3.png
32,660,modular,3,o,img/target_9.png
32,661,modular,4,r,img/target_4.png
32,662,modular,1,p,img/target_10.png
32,663,modular,4,r,img/target_4.png
32,664,modular,5,w,img/target_2.png
32,665,modular,7,q,img/target_1.png
32,666,modular,6,u,img/target_7.png
32,667,modular,8,b,img/target_6.png
32,668,modular,7,q,img/target_1.png
32,669,modular,8,b,img/target_6.png
32,670,modular,7,q,img/target_1.png
32,671,modular,9,i,img/target_8.png
32,672,modular,6,u,img/target_7.png
32,673,modular,9,i,img/target_8.png
32,674,modular,0,e,img/target_3.png
32,675,modular,3,o,img/target_9.png
32,676,modular,0,e,img/target_3.png
32,677,modular,2,v,img/target_5.png
32,678,modular,4,r,img/target_4.png
32,679,modular,3,o,img/target_9.png
32,680,modular,2,v,img/target_5.png
32,681,modular,4,r,img/target_4.png
32,682,modular,3,o,img/target_9.png
32,683,modular,4,r,img/target_4.png
32,684,modular,1,p,img/target_10.png
32,685,modular,2,v,img/target_5.png
32,686,modular,4,r,img/target_4.png
32,687,modular,3,o,img/target_9.png
32,688,modular,2,v,img/target_5.png
32,689,modular,4,r,img/target_4.png
32,690,modular,3,o,img/target_9.png
32,691,modular,4,r,img/target_4.png
32,692,modular,3,o,img/target_9.png
32,693,modular,1,p,img/target_10.png
32,694,modular,4,r,img/target_4.png
32,695,modular,3,o,img/target_9.png
32,696,modular,4,r,img/target_4.png
32,697,modular,3,o,img/target_9.png
32,698,modular,1,p,img/target_10.png
32,699,modular,2,v,img/target_5.png
32,700,modular,3,o,img/target_9.png
32,701,modular,0,e,img/target_3.png
32,702,modular,9,i,img/target_8.png
32,703,modular,8,b,img/target_6.png
32,704,modular,9,i,img/target_8.png
32,705,modular,7,q,img/target_1.png
32,706,modular,5,w,img/target_2.png
32,707,modular,8,b,img/target_6.png
32,708,modular,5,w,img/target_2.png
32,709,modular,7,q,img/target_1.png
32,710,modular,8,b,img/target_6.png
32,711,modular,7,q,img/target_1.png
32,712,modular,8,b,img/target_6.png
32,713,modular,9,i,img/target_8.png
32,714,modular,8,b,img/target_6.png
32,715,modular,5,w,img/target_2.png
32,716,modular,8,b,img/target_6.png
32,717,modular,5,w,img/target_2.png
32,718,modular,7,q,img/target_1.png
32,719,modular,9,i,img/target_8.png
32,720,modular,7,q,img/target_1.png
32,721,modular,8,b,img/target_6.png
32,722,modular,6,u,img/target_7.png
32,723,modular,9,i,img/target_8.png
32,724,modular,6,u,img/target_7.png
32,725,modular,9,i,img/target_8.png
32,726,modular,8,b,img/target_6.png
32,727,modular,7,q,img/target_1.png
32,728,modular,5,w,img/target_2.png
32,729,modular,8,b,img/target_6.png
32,730,modular,9,i,img/target_8.png
32,731,modular,7,q,img/target_1.png
32,732,modular,6,u,img/target_7.png
32,733,modular,9,i,img/target_8.png
32,734,modular,8,b,img/target_6.png
32,735,modular,7,q,img/target_1.png
32,736,modular,5,w,img/target_2.png
32,737,modular,4,r,img/target_4.png
32,738,modular,5,w,img/target_2.png
32,739,modular,8,b,img/target_6.png
32,740,modular,6,u,img/target_7.png
32,741,modular,5,w,img/target_2.png
32,742,modular,8,b,img/target_6.png
32,743,modular,7,q,img/target_1.png
32,744,modular,9,i,img/target_8.png
32,745,modular,8,b,img/target_6.png
32,746,modular,9,i,img/target_8.png
32,747,modular,0,e,img/target_3.png
32,748,modular,9,i,img/target_8.png
32,749,modular,8,b,img/target_6.png
32,750,modular,5,w,img/target_2.png
32,751,modular,6,u,img/target_7.png
32,752,modular,9,i,img/target_8.png
32,753,modular,6,u,img/target_7.png
32,754,modular,9,i,img/target_8.png
32,755,modular,6,u,img/target_7.png
32,756,modular,5,w,img/target_2.png
32,757,modular,8,b,img/target_6.png
32,758,modular,9,i,img/target_8.png
32,759,modular,8,b,img/target_6.png
32,760,modular,6,u,img/target_7.png
32,761,modular,5,w,img/target_2.png
32,762,modular,6,u,img/target_7.png
32,763,modular,8,b,img/target_6.png
32,764,modular,9,i,img/target_8.png
32,765,modular,8,b,img/target_6.png
32,766,modular,6,u,img/target_7.png
32,767,modular,7,q,img/target_1.png
32,768,modular,9,i,img/target_8.png
32,769,modular,8,b,img/target_6.png
32,770,modular,9,i,img/target_8.png
32,771,modular,6,u,img/target_7.png
32,772,modular,9,i,img/target_8.png
32,773,modular,6,u,img/target_7.png
32,774,modular,7,q,img/target_1.png
32,775,modular,5,w,img/target_2.png
32,776,modular,6,u,img/target_7.png
32,777,modular,5,w,img/target_2.png
32,778,modular,6,u,img/target_7.png
32,779,modular,9,i,img/target_8.png
32,780,modular,0,e,img/target_3.png
32,781,modular,9,i,img/target_8.png
32,782,modular,0,e,img/target_3.png
32,783,modular,2,v,img/target_5.png
32,784,modular,1,p,img/target_10.png
32,785,modular,3,o,img/target_9.png
32,786,modular,2,v,img/target_5.png
32,787,modular,4,r,img/target_4.png
32,788,modular,2,v,img/target_5.png
32,789,modular,1,p,img/target_10.png
32,790,modular,2,v,img/target_5.png
32,791,modular,1,p,img/target_10.png
32,792,modular,0,e,img/target_3.png
32,793,modular,1,p,img/target_10.png
32,794,modular,0,e,img/target_3.png
32,795,modular,1,p,img/target_10.png
32,796,modular,2,v,img/target_5.png
32,797,modular,4,r,img/target_4.png
32,798,modular,3,o,img/target_9.png
32,799,modular,4,r,img/target_4.png
32,800,modular,2,v,img/target_5.png
32,801,modular,3,o,img/target_9.png
32,802,modular,4,r,img/target_4.png
32,803,modular,1,p,img/target_10.png
32,804,modular,3,o,img/target_9.png
32,805,modular,2,v,img/target_5.png
32,806,modular,4,r,img/target_4.png
32,807,modular,5,w,img/target_2.png
32,808,modular,4,r,img/target_4.png
32,809,modular,2,v,img/target_5.png
32,810,modular,3,o,img/target_9.png
32,811,modular,4,r,img/target_4.png
32,812,modular,1,p,img/target_10.png
32,813,modular,3,o,img/target_9.png
32,814,modular,4,r,img/target_4.png
32,815,modular,5,w,img/target_2.png
32,816,modular,7,q,img/target_1.png
32,817,modular,6,u,img/target_7.png
32,818,modular,7,q,img/target_1.png
32,819,modular,5,w,img/target_2.png
32,820,modular,6,u,img/target_7.png
32,821,modular,8,b,img/target_6.png
32,822,modular,5,w,img/target_2.png
32,823,modular,8,b,img/target_6.png
32,824,modular,6,u,img/target_7.png
32,825,modular,8,b,img/target_6.png
32,826,modular,5,w,img/target_2.png
32,827,modular,8,b,img/target_6.png
32,828,modular,7,q,img/target_1.png
32,829,modular,5,w,img/target_2.png
32,830,modular,8,b,img/target_6.png
32,831,modular,5,w,img/target_2.png
32,832,modular,8,b,img/target_6.png
32,833,modular,9,i,img/target_8.png
32,834,modular,7,q,img/target_1.png
32,835,modular,6,u,img/target_7.png
32,836,modular,9,i,img/target_8.png
32,837,modular,0,e,img/target_3.png
32,838,modular,1,p,img/target_10.png
32,839,modular,3,o,img/target_9.png
32,840,modular,1,p,img/target_10.png
32,841,modular,0,e,img/target_3.png
32,842,modular,3,o,img/target_9.png
32,843,modular,1,p,img/target_10.png
32,844,modular,0,e,img/target_3.png
32,845,modular,1,p,img/target_10.png
32,846,modular,3,o,img/target_9.png
32,847,modular,4,r,img/target_4.png
32,848,modular,3,o,img/target_9.png
32,849,modular,4,r,img/target_4.png
32,850,modular,3,o,img/target_9.png
32,851,modular,0,e,img/target_3.png
32,852,modular,2,v,img/target_5.png
32,853,modular,4,r,img/target_4.png
32,854,modular,5,w,img/target_2.png
32,855,modular,6,u,img/target_7.png
32,856,modular,8,b,img/target_6.png
32,857,modular,9,i,img/target_8.png
32,858,modular,0,e,img/target_3.png
32,859,modular,1,p,img/target_10.png
32,860,modular,4,r,img/target_4.png
32,861,modular,2,v,img/target_5.png
32,862,modular,4,r,img/target_4.png
32,863,modular,2,v,img/target_5.png
32,864,modular,1,p,img/target_10.png
32,865,modular,0,e,img/target_3.png
32,866,modular,2,v,img/target_5.png
32,867,modular,1,p,img/target_10.png
32,868,modular,0,e,img/target_3.png
32,869,modular,9,i,img/target_8.png
32,870,modular,7,q,img/target_1.png
32,871,modular,5,w,img/target_2.png
32,872,modular,6,u,img/target_7.png
32,873,modular,8,b,img/target_6.png
32,874,modular,6,u,img/target_7.png
32,875,modular,8,b,img/target_6.png
32,876,modular,6,u,img/target_7.png
32,877,modular,5,w,img/target_2.png
32,878,modular,6,u,img/target_7.png
32,879,modular,8,b,img/target_6.png
32,880,modular,6,u,img/target_7.png
32,881,modular,7,q,img/target_1.png
32,882,modular,6,u,img/target_7.png
32,883,modular,7,q,img/target_1.png
32,884,modular,5,w,img/target_2.png
32,885,modular,4,r,img/target_4.png
32,886,modular,1,p,img/target_10.png
32,887,modular,3,o,img/target_9.png
32,888,modular,2,v,img/target_5.png
32,889,modular,3,o,img/target_9.png
32,890,modular,2,v,img/target_5.png
32,891,modular,4,r,img/target_4.png
32,892,modular,1,p,img/target_10.png
32,893,modular,0,e,img/target_3.png
32,894,modular,1,p,img/target_10.png
32,895,modular,4,r,img/target_4.png
32,896,modular,1,p,img/target_10.png
32,897,modular,3,o,img/target_9.png
32,898,modular,1,p,img/target_10.png
32,899,modular,0,e,img/target_3.png
32,900,modular,1,p,img/target_10.png
32,901,modular,0,e,img/target_3.png
32,902,modular,1,p,img/target_10.png
32,903,modular,2,v,img/target_5.png
32,904,modular,1,p,img/target_10.png
32,905,modular,2,v,img/target_5.png
32,906,modular,4,r,img/target_4.png
32,907,modular,3,o,img/target_9.png
32,908,modular,1,p,img/target_10.png
32,909,modular,4,r,img/target_4.png
32,910,modular,2,v,img/target_5.png
32,911,modular,3,o,img/target_9.png
32,912,modular,1,p,img/target_10.png
32,913,modular,2,v,img/target_5.png
32,914,modular,4,r,img/target_4.png
32,915,modular,2,v,img/target_5.png
32,916,modular,3,o,img/target_9.png
32,917,modular,2,v,img/target_5.png
32,918,modular,4,r,img/target_4.png
32,919,modular,5,w,img/target_2.png
32,920,modular,4,r,img/target_4.png
32,921,modular,1,p,img/target_10.png
32,922,modular,4,r,img/target_4.png
32,923,modular,3,o,img/target_9.png
32,924,modular,2,v,img/target_5.png
32,925,modular,3,o,img/target_9.png
32,926,modular,1,p,img/target_10.png
32,927,modular,3,o,img/target_9.png
32,928,modular,1,p,img/target_10.png
32,929,modular,3,o,img/target_9.png
32,930,modular,2,v,img/target_5.png
32,931,modular,0,e,img/target_3.png
32,932,modular,3,o,img/target_9.png
32,933,modular,0,e,img/target_3.png
32,934,modular,1,p,img/target_10.png
32,935,modular,0,e,img/target_3.png
32,936,modular,3,o,img/target_9.png
32,937,modular,0,e,img/target_3.png
32,938,modular,3,o,img/target_9.png
32,939,modular,4,r,img/target_4.png
32,940,modular,2,v,img/target_5.png
32,941,modular,0,e,img/target_3.png
32,942,modular,3,o,img/target_9.png
32,943,modular,4,r,img/target_4.png
32,944,modular,1,p,img/target_10.png
32,945,modular,2,v,img/target_5.png
32,946,modular,1,p,img/target_10.png
32,947,modular,2,v,img/target_5.png
32,948,modular,0,e,img/target_3.png
32,949,modular,1,p,img/target_10.png
32,950,modular,3,o,img/target_9.png
32,951,modular,1,p,img/target_10.png
32,952,modular,0,e,img/target_3.png
32,953,modular,3,o,img/target_9.png
32,954,modular,4,r,img/target_4.png
32,955,modular,1,p,img/target_10.png
32,956,modular,2,v,img/target_5.png
32,957,modular,1,p,img/target_10.png
32,958,modular,2,v,img/target_5.png
32,959,modular,4,r,img/target_4.png
32,960,modular,2,v,img/target_5.png
32,961,modular,3,o,img/target_9.png
32,962,modular,2,v,img/target_5.png
32,963,modular,4,r,img/target_4.png
32,964,modular,1,p,img/target_10.png
32,965,modular,0,e,img/target_3.png
32,966,modular,3,o,img/target_9.png
32,967,modular,1,p,img/target_10.png
32,968,modular,2,v,img/target_5.png
32,969,modular,4,r,img/target_4.png
32,970,modular,1,p,img/target_10.png
32,971,modular,2,v,img/target_5.png
32,972,modular,0,e,img/target_3.png
32,973,modular,1,p,img/target_10.png
32,974,modular,4,r,img/target_4.png
32,975,modular,5,w,img/target_2.png
32,976,modular,4,r,img/target_4.png
32,977,modular,3,o,img/target_9.png
32,978,modular,4,r,img/target_4.png
32,979,modular,5,w,img/target_2.png
32,980,modular,4,r,img/target_4.png
32,981,modular,1,p,img/target_10.png
32,982,modular,2,v,img/target_5.png
32,983,modular,4,r,img/target_4.png
32,984,modular,3,o,img/target_9.png
32,985,modular,4,r,img/target_4.png
32,986,modular,2,v,img/target_5.png
32,987,modular,0,e,img/target_3.png
32,988,modular,3,o,img/target_9.png
32,989,modular,1,p,img/target_10.png
32,990,modular,4,r,img/target_4.png
32,991,modular,5,w,img/target_2.png
32,992,modular,8,b,img/target_6.png
32,993,modular,5,w,img/target_2.png
32,994,modular,4,r,img/target_4.png
32,995,modular,2,v,img/target_5.png
32,996,modular,1,p,img/target_10.png
32,997,modular,3,o,img/target_9.png
32,998,modular,1,p,img/target_10.png
32,999,modular,4,r,img/target_4.png
32,1000,modular,5,w,img/target_2.png
