pID,trialNum,graph,walk,resp,path
39,1,lattice,7,r,img/target_4.png
39,2,lattice,6,o,img/target_9.png
39,3,lattice,5,q,img/target_1.png
39,4,lattice,4,i,img/target_8.png
39,5,lattice,6,o,img/target_9.png
39,6,lattice,8,w,img/target_2.png
39,7,lattice,0,b,img/target_6.png
39,8,lattice,9,e,img/target_3.png
39,9,lattice,7,r,img/target_4.png
39,10,lattice,8,w,img/target_2.png
39,11,lattice,0,b,img/target_6.png
39,12,lattice,9,e,img/target_3.png
39,13,lattice,7,r,img/target_4.png
39,14,lattice,6,o,img/target_9.png
39,15,lattice,4,i,img/target_8.png
39,16,lattice,6,o,img/target_9.png
39,17,lattice,8,w,img/target_2.png
39,18,lattice,7,r,img/target_4.png
39,19,lattice,6,o,img/target_9.png
39,20,lattice,4,i,img/target_8.png
39,21,lattice,3,u,img/target_7.png
39,22,lattice,2,p,img/target_10.png
39,23,lattice,0,b,img/target_6.png
39,24,lattice,8,w,img/target_2.png
39,25,lattice,0,b,img/target_6.png
39,26,lattice,9,e,img/target_3.png
39,27,lattice,0,b,img/target_6.png
39,28,lattice,9,e,img/target_3.png
39,29,lattice,8,w,img/target_2.png
39,30,lattice,0,b,img/target_6.png
39,31,lattice,2,p,img/target_10.png
39,32,lattice,3,u,img/target_7.png
39,33,lattice,5,q,img/target_1.png
39,34,lattice,3,u,img/target_7.png
39,35,lattice,2,p,img/target_10.png
39,36,lattice,0,b,img/target_6.png
39,37,lattice,2,p,img/target_10.png
39,38,lattice,1,v,img/target_5.png
39,39,lattice,0,b,img/target_6.png
39,40,lattice,9,e,img/target_3.png
39,41,lattice,7,r,img/target_4.png
39,42,lattice,8,w,img/target_2.png
39,43,lattice,9,e,img/target_3.png
39,44,lattice,7,r,img/target_4.png
39,45,lattice,9,e,img/target_3.png
39,46,lattice,8,w,img/target_2.png
39,47,lattice,0,b,img/target_6.png
39,48,lattice,9,e,img/target_3.png
39,49,lattice,0,b,img/target_6.png
39,50,lattice,9,e,img/target_3.png
39,51,lattice,1,v,img/target_5.png
39,52,lattice,0,b,img/target_6.png
39,53,lattice,1,v,img/target_5.png
39,54,lattice,0,b,img/target_6.png
39,55,lattice,8,w,img/target_2.png
39,56,lattice,7,r,img/target_4.png
39,57,lattice,5,q,img/target_1.png
39,58,lattice,4,i,img/target_8.png
39,59,lattice,3,u,img/target_7.png
39,60,lattice,2,p,img/target_10.png
39,61,lattice,1,v,img/target_5.png
39,62,lattice,0,b,img/target_6.png
39,63,lattice,1,v,img/target_5.png
39,64,lattice,3,u,img/target_7.png
39,65,lattice,5,q,img/target_1.png
39,66,lattice,6,o,img/target_9.png
39,67,lattice,7,r,img/target_4.png
39,68,lattice,8,w,img/target_2.png
39,69,lattice,9,e,img/target_3.png
39,70,lattice,8,w,img/target_2.png
39,71,lattice,0,b,img/target_6.png
39,72,lattice,9,e,img/target_3.png
39,73,lattice,7,r,img/target_4.png
39,74,lattice,9,e,img/target_3.png
39,75,lattice,8,w,img/target_2.png
39,76,lattice,9,e,img/target_3.png
39,77,lattice,1,v,img/target_5.png
39,78,lattice,3,u,img/target_7.png
39,79,lattice,5,q,img/target_1.png
39,80,lattice,4,i,img/target_8.png
39,81,lattice,5,q,img/target_1.png
39,82,lattice,6,o,img/target_9.png
39,83,lattice,4,i,img/target_8.png
39,84,lattice,6,o,img/target_9.png
39,85,lattice,7,r,img/target_4.png
39,86,lattice,6,o,img/target_9.png
39,87,lattice,7,r,img/target_4.png
39,88,lattice,8,w,img/target_2.png
39,89,lattice,6,o,img/target_9.png
39,90,lattice,4,i,img/target_8.png
39,91,lattice,3,u,img/target_7.png
39,92,lattice,4,i,img/target_8.png
39,93,lattice,5,q,img/target_1.png
39,94,lattice,3,u,img/target_7.png
39,95,lattice,1,v,img/target_5.png
39,96,lattice,2,p,img/target_10.png
39,97,lattice,1,v,img/target_5.png
39,98,lattice,2,p,img/target_10.png
39,99,lattice,4,i,img/target_8.png
39,100,lattice,5,q,img/target_1.png
39,101,lattice,6,o,img/target_9.png
39,102,lattice,5,q,img/target_1.png
39,103,lattice,6,o,img/target_9.png
39,104,lattice,7,r,img/target_4.png
39,105,lattice,5,q,img/target_1.png
39,106,lattice,6,o,img/target_9.png
39,107,lattice,7,r,img/target_4.png
39,108,lattice,6,o,img/target_9.png
39,109,lattice,4,i,img/target_8.png
39,110,lattice,5,q,img/target_1.png
39,111,lattice,6,o,img/target_9.png
39,112,lattice,8,w,img/target_2.png
39,113,lattice,9,e,img/target_3.png
39,114,lattice,8,w,img/target_2.png
39,115,lattice,9,e,img/target_3.png
39,116,lattice,7,r,img/target_4.png
39,117,lattice,9,e,img/target_3.png
39,118,lattice,1,v,img/target_5.png
39,119,lattice,2,p,img/target_10.png
39,120,lattice,0,b,img/target_6.png
39,121,lattice,1,v,img/target_5.png
39,122,lattice,2,p,img/target_10.png
39,123,lattice,4,i,img/target_8.png
39,124,lattice,3,u,img/target_7.png
39,125,lattice,2,p,img/target_10.png
39,126,lattice,0,b,img/target_6.png
39,127,lattice,1,v,img/target_5.png
39,128,lattice,0,b,img/target_6.png
39,129,lattice,2,p,img/target_10.png
39,130,lattice,1,v,img/target_5.png
39,131,lattice,3,u,img/target_7.png
39,132,lattice,5,q,img/target_1.png
39,133,lattice,3,u,img/target_7.png
39,134,lattice,4,i,img/target_8.png
39,135,lattice,3,u,img/target_7.png
39,136,lattice,1,v,img/target_5.png
39,137,lattice,3,u,img/target_7.png
39,138,lattice,4,i,img/target_8.png
39,139,lattice,3,u,img/target_7.png
39,140,lattice,4,i,img/target_8.png
39,141,lattice,3,u,img/target_7.png
39,142,lattice,2,p,img/target_10.png
39,143,lattice,4,i,img/target_8.png
39,144,lattice,3,u,img/target_7.png
39,145,lattice,4,i,img/target_8.png
39,146,lattice,3,u,img/target_7.png
39,147,lattice,1,v,img/target_5.png
39,148,lattice,0,b,img/target_6.png
39,149,lattice,1,v,img/target_5.png
39,150,lattice,3,u,img/target_7.png
39,151,lattice,2,p,img/target_10.png
39,152,lattice,3,u,img/target_7.png
39,153,lattice,1,v,img/target_5.png
39,154,lattice,2,p,img/target_10.png
39,155,lattice,4,i,img/target_8.png
39,156,lattice,5,q,img/target_1.png
39,157,lattice,4,i,img/target_8.png
39,158,lattice,2,p,img/target_10.png
39,159,lattice,3,u,img/target_7.png
39,160,lattice,1,v,img/target_5.png
39,161,lattice,9,e,img/target_3.png
39,162,lattice,7,r,img/target_4.png
39,163,lattice,9,e,img/target_3.png
39,164,lattice,1,v,img/target_5.png
39,165,lattice,0,b,img/target_6.png
39,166,lattice,2,p,img/target_10.png
39,167,lattice,3,u,img/target_7.png
39,168,lattice,1,v,img/target_5.png
39,169,lattice,9,e,img/target_3.png
39,170,lattice,7,r,img/target_4.png
39,171,lattice,5,q,img/target_1.png
39,172,lattice,6,o,img/target_9.png
39,173,lattice,8,w,img/target_2.png
39,174,lattice,0,b,img/target_6.png
39,175,lattice,8,w,img/target_2.png
39,176,lattice,9,e,img/target_3.png
39,177,lattice,1,v,img/target_5.png
39,178,lattice,2,p,img/target_10.png
39,179,lattice,3,u,img/target_7.png
39,180,lattice,5,q,img/target_1.png
39,181,lattice,3,u,img/target_7.png
39,182,lattice,2,p,img/target_10.png
39,183,lattice,3,u,img/target_7.png
39,184,lattice,1,v,img/target_5.png
39,185,lattice,9,e,img/target_3.png
39,186,lattice,8,w,img/target_2.png
39,187,lattice,0,b,img/target_6.png
39,188,lattice,2,p,img/target_10.png
39,189,lattice,0,b,img/target_6.png
39,190,lattice,1,v,img/target_5.png
39,191,lattice,9,e,img/target_3.png
39,192,lattice,7,r,img/target_4.png
39,193,lattice,6,o,img/target_9.png
39,194,lattice,5,q,img/target_1.png
39,195,lattice,3,u,img/target_7.png
39,196,lattice,2,p,img/target_10.png
39,197,lattice,0,b,img/target_6.png
39,198,lattice,9,e,img/target_3.png
39,199,lattice,0,b,img/target_6.png
39,200,lattice,2,p,img/target_10.png
39,201,lattice,0,b,img/target_6.png
39,202,lattice,9,e,img/target_3.png
39,203,lattice,7,r,img/target_4.png
39,204,lattice,9,e,img/target_3.png
39,205,lattice,8,w,img/target_2.png
39,206,lattice,9,e,img/target_3.png
39,207,lattice,8,w,img/target_2.png
39,208,lattice,9,e,img/target_3.png
39,209,lattice,8,w,img/target_2.png
39,210,lattice,7,r,img/target_4.png
39,211,lattice,9,e,img/target_3.png
39,212,lattice,7,r,img/target_4.png
39,213,lattice,5,q,img/target_1.png
39,214,lattice,7,r,img/target_4.png
39,215,lattice,6,o,img/target_9.png
39,216,lattice,4,i,img/target_8.png
39,217,lattice,5,q,img/target_1.png
39,218,lattice,4,i,img/target_8.png
39,219,lattice,5,q,img/target_1.png
39,220,lattice,3,u,img/target_7.png
39,221,lattice,1,v,img/target_5.png
39,222,lattice,9,e,img/target_3.png
39,223,lattice,8,w,img/target_2.png
39,224,lattice,0,b,img/target_6.png
39,225,lattice,9,e,img/target_3.png
39,226,lattice,0,b,img/target_6.png
39,227,lattice,9,e,img/target_3.png
39,228,lattice,7,r,img/target_4.png
39,229,lattice,8,w,img/target_2.png
39,230,lattice,7,r,img/target_4.png
39,231,lattice,5,q,img/target_1.png
39,232,lattice,6,o,img/target_9.png
39,233,lattice,7,r,img/target_4.png
39,234,lattice,9,e,img/target_3.png
39,235,lattice,1,v,img/target_5.png
39,236,lattice,9,e,img/target_3.png
39,237,lattice,1,v,img/target_5.png
39,238,lattice,2,p,img/target_10.png
39,239,lattice,1,v,img/target_5.png
39,240,lattice,9,e,img/target_3.png
39,241,lattice,8,w,img/target_2.png
39,242,lattice,0,b,img/target_6.png
39,243,lattice,9,e,img/target_3.png
39,244,lattice,1,v,img/target_5.png
39,245,lattice,9,e,img/target_3.png
39,246,lattice,8,w,img/target_2.png
39,247,lattice,0,b,img/target_6.png
39,248,lattice,9,e,img/target_3.png
39,249,lattice,7,r,img/target_4.png
39,250,lattice,6,o,img/target_9.png
39,251,lattice,8,w,img/target_2.png
39,252,lattice,6,o,img/target_9.png
39,253,lattice,5,q,img/target_1.png
39,254,lattice,4,i,img/target_8.png
39,255,lattice,2,p,img/target_10.png
39,256,lattice,1,v,img/target_5.png
39,257,lattice,2,p,img/target_10.png
39,258,lattice,3,u,img/target_7.png
39,259,lattice,2,p,img/target_10.png
39,260,lattice,1,v,img/target_5.png
39,261,lattice,2,p,img/target_10.png
39,262,lattice,0,b,img/target_6.png
39,263,lattice,2,p,img/target_10.png
39,264,lattice,0,b,img/target_6.png
39,265,lattice,2,p,img/target_10.png
39,266,lattice,1,v,img/target_5.png
39,267,lattice,3,u,img/target_7.png
39,268,lattice,2,p,img/target_10.png
39,269,lattice,0,b,img/target_6.png
39,270,lattice,8,w,img/target_2.png
39,271,lattice,7,r,img/target_4.png
39,272,lattice,5,q,img/target_1.png
39,273,lattice,7,r,img/target_4.png
39,274,lattice,8,w,img/target_2.png
39,275,lattice,7,r,img/target_4.png
39,276,lattice,6,o,img/target_9.png
39,277,lattice,8,w,img/target_2.png
39,278,lattice,0,b,img/target_6.png
39,279,lattice,1,v,img/target_5.png
39,280,lattice,9,e,img/target_3.png
39,281,lattice,8,w,img/target_2.png
39,282,lattice,9,e,img/target_3.png
39,283,lattice,7,r,img/target_4.png
39,284,lattice,9,e,img/target_3.png
39,285,lattice,7,r,img/target_4.png
39,286,lattice,5,q,img/target_1.png
39,287,lattice,3,u,img/target_7.png
39,288,lattice,5,q,img/target_1.png
39,289,lattice,3,u,img/target_7.png
39,290,lattice,4,i,img/target_8.png
39,291,lattice,6,o,img/target_9.png
39,292,lattice,5,q,img/target_1.png
39,293,lattice,3,u,img/target_7.png
39,294,lattice,2,p,img/target_10.png
39,295,lattice,0,b,img/target_6.png
39,296,lattice,8,w,img/target_2.png
39,297,lattice,9,e,img/target_3.png
39,298,lattice,1,v,img/target_5.png
39,299,lattice,0,b,img/target_6.png
39,300,lattice,1,v,img/target_5.png
39,301,lattice,0,b,img/target_6.png
39,302,lattice,2,p,img/target_10.png
39,303,lattice,0,b,img/target_6.png
39,304,lattice,1,v,img/target_5.png
39,305,lattice,0,b,img/target_6.png
39,306,lattice,8,w,img/target_2.png
39,307,lattice,0,b,img/target_6.png
39,308,lattice,8,w,img/target_2.png
39,309,lattice,9,e,img/target_3.png
39,310,lattice,0,b,img/target_6.png
39,311,lattice,9,e,img/target_3.png
39,312,lattice,7,r,img/target_4.png
39,313,lattice,5,q,img/target_1.png
39,314,lattice,3,u,img/target_7.png
39,315,lattice,2,p,img/target_10.png
39,316,lattice,4,i,img/target_8.png
39,317,lattice,5,q,img/target_1.png
39,318,lattice,3,u,img/target_7.png
39,319,lattice,5,q,img/target_1.png
39,320,lattice,3,u,img/target_7.png
39,321,lattice,1,v,img/target_5.png
39,322,lattice,2,p,img/target_10.png
39,323,lattice,3,u,img/target_7.png
39,324,lattice,2,p,img/target_10.png
39,325,lattice,0,b,img/target_6.png
39,326,lattice,1,v,img/target_5.png
39,327,lattice,9,e,img/target_3.png
39,328,lattice,8,w,img/target_2.png
39,329,lattice,9,e,img/target_3.png
39,330,lattice,0,b,img/target_6.png
39,331,lattice,9,e,img/target_3.png
39,332,lattice,7,r,img/target_4.png
39,333,lattice,8,w,img/target_2.png
39,334,lattice,0,b,img/target_6.png
39,335,lattice,8,w,img/target_2.png
39,336,lattice,6,o,img/target_9.png
39,337,lattice,8,w,img/target_2.png
39,338,lattice,7,r,img/target_4.png
39,339,lattice,6,o,img/target_9.png
39,340,lattice,5,q,img/target_1.png
39,341,lattice,7,r,img/target_4.png
39,342,lattice,9,e,img/target_3.png
39,343,lattice,7,r,img/target_4.png
39,344,lattice,6,o,img/target_9.png
39,345,lattice,4,i,img/target_8.png
39,346,lattice,6,o,img/target_9.png
39,347,lattice,4,i,img/target_8.png
39,348,lattice,2,p,img/target_10.png
39,349,lattice,1,v,img/target_5.png
39,350,lattice,9,e,img/target_3.png
39,351,lattice,8,w,img/target_2.png
39,352,lattice,6,o,img/target_9.png
39,353,lattice,4,i,img/target_8.png
39,354,lattice,2,p,img/target_10.png
39,355,lattice,1,v,img/target_5.png
39,356,lattice,3,u,img/target_7.png
39,357,lattice,2,p,img/target_10.png
39,358,lattice,0,b,img/target_6.png
39,359,lattice,8,w,img/target_2.png
39,360,lattice,6,o,img/target_9.png
39,361,lattice,5,q,img/target_1.png
39,362,lattice,7,r,img/target_4.png
39,363,lattice,6,o,img/target_9.png
39,364,lattice,5,q,img/target_1.png
39,365,lattice,4,i,img/target_8.png
39,366,lattice,5,q,img/target_1.png
39,367,lattice,3,u,img/target_7.png
39,368,lattice,2,p,img/target_10.png
39,369,lattice,3,u,img/target_7.png
39,370,lattice,4,i,img/target_8.png
39,371,lattice,6,o,img/target_9.png
39,372,lattice,5,q,img/target_1.png
39,373,lattice,3,u,img/target_7.png
39,374,lattice,5,q,img/target_1.png
39,375,lattice,3,u,img/target_7.png
39,376,lattice,2,p,img/target_10.png
39,377,lattice,4,i,img/target_8.png
39,378,lattice,2,p,img/target_10.png
39,379,lattice,0,b,img/target_6.png
39,380,lattice,9,e,img/target_3.png
39,381,lattice,8,w,img/target_2.png
39,382,lattice,7,r,img/target_4.png
39,383,lattice,5,q,img/target_1.png
39,384,lattice,4,i,img/target_8.png
39,385,lattice,5,q,img/target_1.png
39,386,lattice,4,i,img/target_8.png
39,387,lattice,2,p,img/target_10.png
39,388,lattice,0,b,img/target_6.png
39,389,lattice,9,e,img/target_3.png
39,390,lattice,7,r,img/target_4.png
39,391,lattice,6,o,img/target_9.png
39,392,lattice,7,r,img/target_4.png
39,393,lattice,6,o,img/target_9.png
39,394,lattice,5,q,img/target_1.png
39,395,lattice,3,u,img/target_7.png
39,396,lattice,5,q,img/target_1.png
39,397,lattice,7,r,img/target_4.png
39,398,lattice,8,w,img/target_2.png
39,399,lattice,6,o,img/target_9.png
39,400,lattice,7,r,img/target_4.png
39,401,lattice,9,e,img/target_3.png
39,402,lattice,8,w,img/target_2.png
39,403,lattice,7,r,img/target_4.png
39,404,lattice,8,w,img/target_2.png
39,405,lattice,0,b,img/target_6.png
39,406,lattice,1,v,img/target_5.png
39,407,lattice,2,p,img/target_10.png
39,408,lattice,1,v,img/target_5.png
39,409,lattice,3,u,img/target_7.png
39,410,lattice,4,i,img/target_8.png
39,411,lattice,5,q,img/target_1.png
39,412,lattice,4,i,img/target_8.png
39,413,lattice,3,u,img/target_7.png
39,414,lattice,5,q,img/target_1.png
39,415,lattice,3,u,img/target_7.png
39,416,lattice,1,v,img/target_5.png
39,417,lattice,2,p,img/target_10.png
39,418,lattice,3,u,img/target_7.png
39,419,lattice,2,p,img/target_10.png
39,420,lattice,1,v,img/target_5.png
39,421,lattice,9,e,img/target_3.png
39,422,lattice,8,w,img/target_2.png
39,423,lattice,9,e,img/target_3.png
39,424,lattice,8,w,img/target_2.png
39,425,lattice,6,o,img/target_9.png
39,426,lattice,8,w,img/target_2.png
39,427,lattice,7,r,img/target_4.png
39,428,lattice,9,e,img/target_3.png
39,429,lattice,8,w,img/target_2.png
39,430,lattice,0,b,img/target_6.png
39,431,lattice,2,p,img/target_10.png
39,432,lattice,3,u,img/target_7.png
39,433,lattice,4,i,img/target_8.png
39,434,lattice,3,u,img/target_7.png
39,435,lattice,2,p,img/target_10.png
39,436,lattice,4,i,img/target_8.png
39,437,lattice,2,p,img/target_10.png
39,438,lattice,1,v,img/target_5.png
39,439,lattice,9,e,img/target_3.png
39,440,lattice,7,r,img/target_4.png
39,441,lattice,5,q,img/target_1.png
39,442,lattice,4,i,img/target_8.png
39,443,lattice,5,q,img/target_1.png
39,444,lattice,7,r,img/target_4.png
39,445,lattice,8,w,img/target_2.png
39,446,lattice,0,b,img/target_6.png
39,447,lattice,9,e,img/target_3.png
39,448,lattice,1,v,img/target_5.png
39,449,lattice,9,e,img/target_3.png
39,450,lattice,8,w,img/target_2.png
39,451,lattice,9,e,img/target_3.png
39,452,lattice,7,r,img/target_4.png
39,453,lattice,8,w,img/target_2.png
39,454,lattice,0,b,img/target_6.png
39,455,lattice,9,e,img/target_3.png
39,456,lattice,8,w,img/target_2.png
39,457,lattice,6,o,img/target_9.png
39,458,lattice,4,i,img/target_8.png
39,459,lattice,2,p,img/target_10.png
39,460,lattice,0,b,img/target_6.png
39,461,lattice,2,p,img/target_10.png
39,462,lattice,0,b,img/target_6.png
39,463,lattice,1,v,img/target_5.png
39,464,lattice,9,e,img/target_3.png
39,465,lattice,1,v,img/target_5.png
39,466,lattice,9,e,img/target_3.png
39,467,lattice,7,r,img/target_4.png
39,468,lattice,9,e,img/target_3.png
39,469,lattice,8,w,img/target_2.png
39,470,lattice,7,r,img/target_4.png
39,471,lattice,5,q,img/target_1.png
39,472,lattice,7,r,img/target_4.png
39,473,lattice,6,o,img/target_9.png
39,474,lattice,4,i,img/target_8.png
39,475,lattice,3,u,img/target_7.png
39,476,lattice,2,p,img/target_10.png
39,477,lattice,0,b,img/target_6.png
39,478,lattice,2,p,img/target_10.png
39,479,lattice,1,v,img/target_5.png
39,480,lattice,3,u,img/target_7.png
39,481,lattice,5,q,img/target_1.png
39,482,lattice,7,r,img/target_4.png
39,483,lattice,8,w,img/target_2.png
39,484,lattice,6,o,img/target_9.png
39,485,lattice,8,w,img/target_2.png
39,486,lattice,0,b,img/target_6.png
39,487,lattice,8,w,img/target_2.png
39,488,lattice,9,e,img/target_3.png
39,489,lattice,0,b,img/target_6.png
39,490,lattice,8,w,img/target_2.png
39,491,lattice,0,b,img/target_6.png
39,492,lattice,2,p,img/target_10.png
39,493,lattice,0,b,img/target_6.png
39,494,lattice,9,e,img/target_3.png
39,495,lattice,7,r,img/target_4.png
39,496,lattice,6,o,img/target_9.png
39,497,lattice,8,w,img/target_2.png
39,498,lattice,9,e,img/target_3.png
39,499,lattice,7,r,img/target_4.png
39,500,lattice,6,o,img/target_9.png
39,501,lattice,4,i,img/target_8.png
39,502,lattice,3,u,img/target_7.png
39,503,lattice,4,i,img/target_8.png
39,504,lattice,2,p,img/target_10.png
39,505,lattice,3,u,img/target_7.png
39,506,lattice,5,q,img/target_1.png
39,507,lattice,4,i,img/target_8.png
39,508,lattice,5,q,img/target_1.png
39,509,lattice,6,o,img/target_9.png
39,510,lattice,5,q,img/target_1.png
39,511,lattice,4,i,img/target_8.png
39,512,lattice,5,q,img/target_1.png
39,513,lattice,7,r,img/target_4.png
39,514,lattice,6,o,img/target_9.png
39,515,lattice,7,r,img/target_4.png
39,516,lattice,8,w,img/target_2.png
39,517,lattice,6,o,img/target_9.png
39,518,lattice,8,w,img/target_2.png
39,519,lattice,6,o,img/target_9.png
39,520,lattice,8,w,img/target_2.png
39,521,lattice,6,o,img/target_9.png
39,522,lattice,4,i,img/target_8.png
39,523,lattice,5,q,img/target_1.png
39,524,lattice,6,o,img/target_9.png
39,525,lattice,5,q,img/target_1.png
39,526,lattice,6,o,img/target_9.png
39,527,lattice,4,i,img/target_8.png
39,528,lattice,2,p,img/target_10.png
39,529,lattice,1,v,img/target_5.png
39,530,lattice,2,p,img/target_10.png
39,531,lattice,0,b,img/target_6.png
39,532,lattice,1,v,img/target_5.png
39,533,lattice,0,b,img/target_6.png
39,534,lattice,2,p,img/target_10.png
39,535,lattice,0,b,img/target_6.png
39,536,lattice,2,p,img/target_10.png
39,537,lattice,1,v,img/target_5.png
39,538,lattice,2,p,img/target_10.png
39,539,lattice,1,v,img/target_5.png
39,540,lattice,9,e,img/target_3.png
39,541,lattice,8,w,img/target_2.png
39,542,lattice,9,e,img/target_3.png
39,543,lattice,7,r,img/target_4.png
39,544,lattice,5,q,img/target_1.png
39,545,lattice,3,u,img/target_7.png
39,546,lattice,2,p,img/target_10.png
39,547,lattice,4,i,img/target_8.png
39,548,lattice,3,u,img/target_7.png
39,549,lattice,2,p,img/target_10.png
39,550,lattice,1,v,img/target_5.png
39,551,lattice,3,u,img/target_7.png
39,552,lattice,4,i,img/target_8.png
39,553,lattice,2,p,img/target_10.png
39,554,lattice,1,v,img/target_5.png
39,555,lattice,3,u,img/target_7.png
39,556,lattice,4,i,img/target_8.png
39,557,lattice,3,u,img/target_7.png
39,558,lattice,5,q,img/target_1.png
39,559,lattice,4,i,img/target_8.png
39,560,lattice,5,q,img/target_1.png
39,561,lattice,7,r,img/target_4.png
39,562,lattice,6,o,img/target_9.png
39,563,lattice,8,w,img/target_2.png
39,564,lattice,9,e,img/target_3.png
39,565,lattice,8,w,img/target_2.png
39,566,lattice,0,b,img/target_6.png
39,567,lattice,9,e,img/target_3.png
39,568,lattice,8,w,img/target_2.png
39,569,lattice,0,b,img/target_6.png
39,570,lattice,8,w,img/target_2.png
39,571,lattice,0,b,img/target_6.png
39,572,lattice,8,w,img/target_2.png
39,573,lattice,0,b,img/target_6.png
39,574,lattice,8,w,img/target_2.png
39,575,lattice,7,r,img/target_4.png
39,576,lattice,6,o,img/target_9.png
39,577,lattice,7,r,img/target_4.png
39,578,lattice,6,o,img/target_9.png
39,579,lattice,5,q,img/target_1.png
39,580,lattice,6,o,img/target_9.png
39,581,lattice,4,i,img/target_8.png
39,582,lattice,6,o,img/target_9.png
39,583,lattice,4,i,img/target_8.png
39,584,lattice,2,p,img/target_10.png
39,585,lattice,3,u,img/target_7.png
39,586,lattice,5,q,img/target_1.png
39,587,lattice,4,i,img/target_8.png
39,588,lattice,2,p,img/target_10.png
39,589,lattice,1,v,img/target_5.png
39,590,lattice,0,b,img/target_6.png
39,591,lattice,1,v,img/target_5.png
39,592,lattice,2,p,img/target_10.png
39,593,lattice,1,v,img/target_5.png
39,594,lattice,0,b,img/target_6.png
39,595,lattice,8,w,img/target_2.png
39,596,lattice,0,b,img/target_6.png
39,597,lattice,2,p,img/target_10.png
39,598,lattice,0,b,img/target_6.png
39,599,lattice,8,w,img/target_2.png
39,600,lattice,6,o,img/target_9.png
39,601,lattice,8,w,img/target_2.png
39,602,lattice,0,b,img/target_6.png
39,603,lattice,2,p,img/target_10.png
39,604,lattice,3,u,img/target_7.png
39,605,lattice,5,q,img/target_1.png
39,606,lattice,7,r,img/target_4.png
39,607,lattice,8,w,img/target_2.png
39,608,lattice,9,e,img/target_3.png
39,609,lattice,7,r,img/target_4.png
39,610,lattice,5,q,img/target_1.png
39,611,lattice,7,r,img/target_4.png
39,612,lattice,9,e,img/target_3.png
39,613,lattice,0,b,img/target_6.png
39,614,lattice,1,v,img/target_5.png
39,615,lattice,9,e,img/target_3.png
39,616,lattice,8,w,img/target_2.png
39,617,lattice,0,b,img/target_6.png
39,618,lattice,1,v,img/target_5.png
39,619,lattice,2,p,img/target_10.png
39,620,lattice,1,v,img/target_5.png
39,621,lattice,9,e,img/target_3.png
39,622,lattice,0,b,img/target_6.png
39,623,lattice,9,e,img/target_3.png
39,624,lattice,0,b,img/target_6.png
39,625,lattice,8,w,img/target_2.png
39,626,lattice,0,b,img/target_6.png
39,627,lattice,8,w,img/target_2.png
39,628,lattice,7,r,img/target_4.png
39,629,lattice,9,e,img/target_3.png
39,630,lattice,8,w,img/target_2.png
39,631,lattice,6,o,img/target_9.png
39,632,lattice,5,q,img/target_1.png
39,633,lattice,3,u,img/target_7.png
39,634,lattice,2,p,img/target_10.png
39,635,lattice,4,i,img/target_8.png
39,636,lattice,2,p,img/target_10.png
39,637,lattice,3,u,img/target_7.png
39,638,lattice,1,v,img/target_5.png
39,639,lattice,2,p,img/target_10.png
39,640,lattice,0,b,img/target_6.png
39,641,lattice,2,p,img/target_10.png
39,642,lattice,1,v,img/target_5.png
39,643,lattice,9,e,img/target_3.png
39,644,lattice,1,v,img/target_5.png
39,645,lattice,9,e,img/target_3.png
39,646,lattice,0,b,img/target_6.png
39,647,lattice,8,w,img/target_2.png
39,648,lattice,7,r,img/target_4.png
39,649,lattice,6,o,img/target_9.png
39,650,lattice,4,i,img/target_8.png
39,651,lattice,3,u,img/target_7.png
39,652,lattice,5,q,img/target_1.png
39,653,lattice,4,i,img/target_8.png
39,654,lattice,2,p,img/target_10.png
39,655,lattice,0,b,img/target_6.png
39,656,lattice,1,v,img/target_5.png
39,657,lattice,3,u,img/target_7.png
39,658,lattice,2,p,img/target_10.png
39,659,lattice,4,i,img/target_8.png
39,660,lattice,5,q,img/target_1.png
39,661,lattice,4,i,img/target_8.png
39,662,lattice,2,p,img/target_10.png
39,663,lattice,4,i,img/target_8.png
39,664,lattice,6,o,img/target_9.png
39,665,lattice,7,r,img/target_4.png
39,666,lattice,9,e,img/target_3.png
39,667,lattice,1,v,img/target_5.png
39,668,lattice,2,p,img/target_10.png
39,669,lattice,4,i,img/target_8.png
39,670,lattice,3,u,img/target_7.png
39,671,lattice,2,p,img/target_10.png
39,672,lattice,0,b,img/target_6.png
39,673,lattice,8,w,img/target_2.png
39,674,lattice,6,o,img/target_9.png
39,675,lattice,8,w,img/target_2.png
39,676,lattice,9,e,img/target_3.png
39,677,lattice,1,v,img/target_5.png
39,678,lattice,0,b,img/target_6.png
39,679,lattice,1,v,img/target_5.png
39,680,lattice,3,u,img/target_7.png
39,681,lattice,5,q,img/target_1.png
39,682,lattice,7,r,img/target_4.png
39,683,lattice,9,e,img/target_3.png
39,684,lattice,1,v,img/target_5.png
39,685,lattice,2,p,img/target_10.png
39,686,lattice,3,u,img/target_7.png
39,687,lattice,1,v,img/target_5.png
39,688,lattice,0,b,img/target_6.png
39,689,lattice,9,e,img/target_3.png
39,690,lattice,1,v,img/target_5.png
39,691,lattice,0,b,img/target_6.png
39,692,lattice,8,w,img/target_2.png
39,693,lattice,6,o,img/target_9.png
39,694,lattice,4,i,img/target_8.png
39,695,lattice,6,o,img/target_9.png
39,696,lattice,8,w,img/target_2.png
39,697,lattice,0,b,img/target_6.png
39,698,lattice,2,p,img/target_10.png
39,699,lattice,3,u,img/target_7.png
39,700,lattice,5,q,img/target_1.png
39,701,lattice,4,i,img/target_8.png
39,702,lattice,5,q,img/target_1.png
39,703,lattice,4,i,img/target_8.png
39,704,lattice,3,u,img/target_7.png
39,705,lattice,4,i,img/target_8.png
39,706,lattice,5,q,img/target_1.png
39,707,lattice,3,u,img/target_7.png
39,708,lattice,4,i,img/target_8.png
39,709,lattice,5,q,img/target_1.png
39,710,lattice,4,i,img/target_8.png
39,711,lattice,3,u,img/target_7.png
39,712,lattice,5,q,img/target_1.png
39,713,lattice,7,r,img/target_4.png
39,714,lattice,6,o,img/target_9.png
39,715,lattice,5,q,img/target_1.png
39,716,lattice,7,r,img/target_4.png
39,717,lattice,8,w,img/target_2.png
39,718,lattice,6,o,img/target_9.png
39,719,lattice,4,i,img/target_8.png
39,720,lattice,3,u,img/target_7.png
39,721,lattice,4,i,img/target_8.png
39,722,lattice,5,q,img/target_1.png
39,723,lattice,6,o,img/target_9.png
39,724,lattice,4,i,img/target_8.png
39,725,lattice,2,p,img/target_10.png
39,726,lattice,3,u,img/target_7.png
39,727,lattice,2,p,img/target_10.png
39,728,lattice,1,v,img/target_5.png
39,729,lattice,0,b,img/target_6.png
39,730,lattice,8,w,img/target_2.png
39,731,lattice,9,e,img/target_3.png
39,732,lattice,7,r,img/target_4.png
39,733,lattice,6,o,img/target_9.png
39,734,lattice,5,q,img/target_1.png
39,735,lattice,3,u,img/target_7.png
39,736,lattice,4,i,img/target_8.png
39,737,lattice,6,o,img/target_9.png
39,738,lattice,5,q,img/target_1.png
39,739,lattice,3,u,img/target_7.png
39,740,lattice,2,p,img/target_10.png
39,741,lattice,4,i,img/target_8.png
39,742,lattice,6,o,img/target_9.png
39,743,lattice,8,w,img/target_2.png
39,744,lattice,9,e,img/target_3.png
39,745,lattice,8,w,img/target_2.png
39,746,lattice,0,b,img/target_6.png
39,747,lattice,9,e,img/target_3.png
39,748,lattice,7,r,img/target_4.png
39,749,lattice,8,w,img/target_2.png
39,750,lattice,0,b,img/target_6.png
39,751,lattice,8,w,img/target_2.png
39,752,lattice,9,e,img/target_3.png
39,753,lattice,7,r,img/target_4.png
39,754,lattice,6,o,img/target_9.png
39,755,lattice,5,q,img/target_1.png
39,756,lattice,6,o,img/target_9.png
39,757,lattice,4,i,img/target_8.png
39,758,lattice,2,p,img/target_10.png
39,759,lattice,3,u,img/target_7.png
39,760,lattice,4,i,img/target_8.png
39,761,lattice,6,o,img/target_9.png
39,762,lattice,8,w,img/target_2.png
39,763,lattice,6,o,img/target_9.png
39,764,lattice,4,i,img/target_8.png
39,765,lattice,2,p,img/target_10.png
39,766,lattice,1,v,img/target_5.png
39,767,lattice,3,u,img/target_7.png
39,768,lattice,1,v,img/target_5.png
39,769,lattice,9,e,img/target_3.png
39,770,lattice,7,r,img/target_4.png
39,771,lattice,5,q,img/target_1.png
39,772,lattice,6,o,img/target_9.png
39,773,lattice,8,w,img/target_2.png
39,774,lattice,0,b,img/target_6.png
39,775,lattice,8,w,img/target_2.png
39,776,lattice,0,b,img/target_6.png
39,777,lattice,9,e,img/target_3.png
39,778,lattice,1,v,img/target_5.png
39,779,lattice,2,p,img/target_10.png
39,780,lattice,0,b,img/target_6.png
39,781,lattice,1,v,img/target_5.png
39,782,lattice,3,u,img/target_7.png
39,783,lattice,2,p,img/target_10.png
39,784,lattice,0,b,img/target_6.png
39,785,lattice,2,p,img/target_10.png
39,786,lattice,0,b,img/target_6.png
39,787,lattice,2,p,img/target_10.png
39,788,lattice,4,i,img/target_8.png
39,789,lattice,6,o,img/target_9.png
39,790,lattice,4,i,img/target_8.png
39,791,lattice,5,q,img/target_1.png
39,792,lattice,3,u,img/target_7.png
39,793,lattice,2,p,img/target_10.png
39,794,lattice,0,b,img/target_6.png
39,795,lattice,2,p,img/target_10.png
39,796,lattice,3,u,img/target_7.png
39,797,lattice,1,v,img/target_5.png
39,798,lattice,2,p,img/target_10.png
39,799,lattice,1,v,img/target_5.png
39,800,lattice,0,b,img/target_6.png
39,801,lattice,8,w,img/target_2.png
39,802,lattice,7,r,img/target_4.png
39,803,lattice,8,w,img/target_2.png
39,804,lattice,9,e,img/target_3.png
39,805,lattice,1,v,img/target_5.png
39,806,lattice,9,e,img/target_3.png
39,807,lattice,8,w,img/target_2.png
39,808,lattice,9,e,img/target_3.png
39,809,lattice,7,r,img/target_4.png
39,810,lattice,8,w,img/target_2.png
39,811,lattice,9,e,img/target_3.png
39,812,lattice,0,b,img/target_6.png
39,813,lattice,1,v,img/target_5.png
39,814,lattice,9,e,img/target_3.png
39,815,lattice,8,w,img/target_2.png
39,816,lattice,9,e,img/target_3.png
39,817,lattice,7,r,img/target_4.png
39,818,lattice,8,w,img/target_2.png
39,819,lattice,0,b,img/target_6.png
39,820,lattice,8,w,img/target_2.png
39,821,lattice,7,r,img/target_4.png
39,822,lattice,6,o,img/target_9.png
39,823,lattice,5,q,img/target_1.png
39,824,lattice,7,r,img/target_4.png
39,825,lattice,8,w,img/target_2.png
39,826,lattice,0,b,img/target_6.png
39,827,lattice,1,v,img/target_5.png
39,828,lattice,9,e,img/target_3.png
39,829,lattice,8,w,img/target_2.png
39,830,lattice,7,r,img/target_4.png
39,831,lattice,9,e,img/target_3.png
39,832,lattice,8,w,img/target_2.png
39,833,lattice,7,r,img/target_4.png
39,834,lattice,8,w,img/target_2.png
39,835,lattice,7,r,img/target_4.png
39,836,lattice,8,w,img/target_2.png
39,837,lattice,9,e,img/target_3.png
39,838,lattice,8,w,img/target_2.png
39,839,lattice,0,b,img/target_6.png
39,840,lattice,1,v,img/target_5.png
39,841,lattice,3,u,img/target_7.png
39,842,lattice,4,i,img/target_8.png
39,843,lattice,3,u,img/target_7.png
39,844,lattice,1,v,img/target_5.png
39,845,lattice,9,e,img/target_3.png
39,846,lattice,7,r,img/target_4.png
39,847,lattice,6,o,img/target_9.png
39,848,lattice,4,i,img/target_8.png
39,849,lattice,2,p,img/target_10.png
39,850,lattice,0,b,img/target_6.png
39,851,lattice,2,p,img/target_10.png
39,852,lattice,3,u,img/target_7.png
39,853,lattice,1,v,img/target_5.png
39,854,lattice,0,b,img/target_6.png
39,855,lattice,9,e,img/target_3.png
39,856,lattice,8,w,img/target_2.png
39,857,lattice,6,o,img/target_9.png
39,858,lattice,5,q,img/target_1.png
39,859,lattice,4,i,img/target_8.png
39,860,lattice,2,p,img/target_10.png
39,861,lattice,3,u,img/target_7.png
39,862,lattice,1,v,img/target_5.png
39,863,lattice,0,b,img/target_6.png
39,864,lattice,9,e,img/target_3.png
39,865,lattice,7,r,img/target_4.png
39,866,lattice,9,e,img/target_3.png
39,867,lattice,7,r,img/target_4.png
39,868,lattice,8,w,img/target_2.png
39,869,lattice,6,o,img/target_9.png
39,870,lattice,5,q,img/target_1.png
39,871,lattice,4,i,img/target_8.png
39,872,lattice,2,p,img/target_10.png
39,873,lattice,0,b,img/target_6.png
39,874,lattice,9,e,img/target_3.png
39,875,lattice,0,b,img/target_6.png
39,876,lattice,8,w,img/target_2.png
39,877,lattice,9,e,img/target_3.png
39,878,lattice,1,v,img/target_5.png
39,879,lattice,0,b,img/target_6.png
39,880,lattice,8,w,img/target_2.png
39,881,lattice,0,b,img/target_6.png
39,882,lattice,9,e,img/target_3.png
39,883,lattice,1,v,img/target_5.png
39,884,lattice,2,p,img/target_10.png
39,885,lattice,1,v,img/target_5.png
39,886,lattice,3,u,img/target_7.png
39,887,lattice,2,p,img/target_10.png
39,888,lattice,1,v,img/target_5.png
39,889,lattice,2,p,img/target_10.png
39,890,lattice,1,v,img/target_5.png
39,891,lattice,9,e,img/target_3.png
39,892,lattice,8,w,img/target_2.png
39,893,lattice,7,r,img/target_4.png
39,894,lattice,5,q,img/target_1.png
39,895,lattice,4,i,img/target_8.png
39,896,lattice,6,o,img/target_9.png
39,897,lattice,4,i,img/target_8.png
39,898,lattice,6,o,img/target_9.png
39,899,lattice,5,q,img/target_1.png
39,900,lattice,7,r,img/target_4.png
39,901,lattice,5,q,img/target_1.png
39,902,lattice,7,r,img/target_4.png
39,903,lattice,6,o,img/target_9.png
39,904,lattice,7,r,img/target_4.png
39,905,lattice,6,o,img/target_9.png
39,906,lattice,7,r,img/target_4.png
39,907,lattice,8,w,img/target_2.png
39,908,lattice,6,o,img/target_9.png
39,909,lattice,7,r,img/target_4.png
39,910,lattice,8,w,img/target_2.png
39,911,lattice,0,b,img/target_6.png
39,912,lattice,9,e,img/target_3.png
39,913,lattice,7,r,img/target_4.png
39,914,lattice,5,q,img/target_1.png
39,915,lattice,4,i,img/target_8.png
39,916,lattice,6,o,img/target_9.png
39,917,lattice,4,i,img/target_8.png
39,918,lattice,2,p,img/target_10.png
39,919,lattice,1,v,img/target_5.png
39,920,lattice,3,u,img/target_7.png
39,921,lattice,2,p,img/target_10.png
39,922,lattice,1,v,img/target_5.png
39,923,lattice,9,e,img/target_3.png
39,924,lattice,8,w,img/target_2.png
39,925,lattice,6,o,img/target_9.png
39,926,lattice,7,r,img/target_4.png
39,927,lattice,8,w,img/target_2.png
39,928,lattice,7,r,img/target_4.png
39,929,lattice,6,o,img/target_9.png
39,930,lattice,8,w,img/target_2.png
39,931,lattice,7,r,img/target_4.png
39,932,lattice,9,e,img/target_3.png
39,933,lattice,7,r,img/target_4.png
39,934,lattice,8,w,img/target_2.png
39,935,lattice,6,o,img/target_9.png
39,936,lattice,7,r,img/target_4.png
39,937,lattice,8,w,img/target_2.png
39,938,lattice,0,b,img/target_6.png
39,939,lattice,2,p,img/target_10.png
39,940,lattice,0,b,img/target_6.png
39,941,lattice,8,w,img/target_2.png
39,942,lattice,6,o,img/target_9.png
39,943,lattice,5,q,img/target_1.png
39,944,lattice,7,r,img/target_4.png
39,945,lattice,8,w,img/target_2.png
39,946,lattice,7,r,img/target_4.png
39,947,lattice,9,e,img/target_3.png
39,948,lattice,7,r,img/target_4.png
39,949,lattice,8,w,img/target_2.png
39,950,lattice,0,b,img/target_6.png
39,951,lattice,1,v,img/target_5.png
39,952,lattice,0,b,img/target_6.png
39,953,lattice,9,e,img/target_3.png
39,954,lattice,0,b,img/target_6.png
39,955,lattice,1,v,img/target_5.png
39,956,lattice,3,u,img/target_7.png
39,957,lattice,5,q,img/target_1.png
39,958,lattice,4,i,img/target_8.png
39,959,lattice,5,q,img/target_1.png
39,960,lattice,6,o,img/target_9.png
39,961,lattice,5,q,img/target_1.png
39,962,lattice,4,i,img/target_8.png
39,963,lattice,6,o,img/target_9.png
39,964,lattice,7,r,img/target_4.png
39,965,lattice,8,w,img/target_2.png
39,966,lattice,9,e,img/target_3.png
39,967,lattice,0,b,img/target_6.png
39,968,lattice,2,p,img/target_10.png
39,969,lattice,0,b,img/target_6.png
39,970,lattice,2,p,img/target_10.png
39,971,lattice,0,b,img/target_6.png
39,972,lattice,8,w,img/target_2.png
39,973,lattice,9,e,img/target_3.png
39,974,lattice,7,r,img/target_4.png
39,975,lattice,6,o,img/target_9.png
39,976,lattice,5,q,img/target_1.png
39,977,lattice,6,o,img/target_9.png
39,978,lattice,4,i,img/target_8.png
39,979,lattice,2,p,img/target_10.png
39,980,lattice,1,v,img/target_5.png
39,981,lattice,0,b,img/target_6.png
39,982,lattice,1,v,img/target_5.png
39,983,lattice,3,u,img/target_7.png
39,984,lattice,4,i,img/target_8.png
39,985,lattice,5,q,img/target_1.png
39,986,lattice,6,o,img/target_9.png
39,987,lattice,7,r,img/target_4.png
39,988,lattice,8,w,img/target_2.png
39,989,lattice,9,e,img/target_3.png
39,990,lattice,0,b,img/target_6.png
39,991,lattice,2,p,img/target_10.png
39,992,lattice,3,u,img/target_7.png
39,993,lattice,4,i,img/target_8.png
39,994,lattice,2,p,img/target_10.png
39,995,lattice,0,b,img/target_6.png
39,996,lattice,8,w,img/target_2.png
39,997,lattice,0,b,img/target_6.png
39,998,lattice,1,v,img/target_5.png
39,999,lattice,9,e,img/target_3.png
39,1000,lattice,0,b,img/target_6.png
