pID,sess,trialNum,graph,walk,resp,path
29,2,1,lattice,3,u,img/target_7.png
29,2,2,lattice,1,p,img/target_10.png
29,2,3,lattice,2,b,img/target_6.png
29,2,4,lattice,3,u,img/target_7.png
29,2,5,lattice,4,w,img/target_2.png
29,2,6,lattice,6,r,img/target_4.png
29,2,7,lattice,7,i,img/target_8.png
29,2,8,lattice,8,e,img/target_3.png
29,2,9,lattice,6,r,img/target_4.png
29,2,10,lattice,8,e,img/target_3.png
29,2,11,lattice,7,i,img/target_8.png
29,2,12,lattice,9,q,img/target_1.png
29,2,13,lattice,0,v,img/target_5.png
29,2,14,lattice,1,p,img/target_10.png
29,2,15,lattice,9,q,img/target_1.png
29,2,16,lattice,1,p,img/target_10.png
29,2,17,lattice,9,q,img/target_1.png
29,2,18,lattice,7,i,img/target_8.png
29,2,19,lattice,8,e,img/target_3.png
29,2,20,lattice,7,i,img/target_8.png
29,2,21,lattice,8,e,img/target_3.png
29,2,22,lattice,7,i,img/target_8.png
29,2,23,lattice,5,o,img/target_9.png
29,2,24,lattice,6,r,img/target_4.png
29,2,25,lattice,7,i,img/target_8.png
29,2,26,lattice,5,o,img/target_9.png
29,2,27,lattice,4,w,img/target_2.png
29,2,28,lattice,6,r,img/target_4.png
29,2,29,lattice,8,e,img/target_3.png
29,2,30,lattice,7,i,img/target_8.png
29,2,31,lattice,9,q,img/target_1.png
29,2,32,lattice,8,e,img/target_3.png
29,2,33,lattice,0,v,img/target_5.png
29,2,34,lattice,9,q,img/target_1.png
29,2,35,lattice,7,i,img/target_8.png
29,2,36,lattice,8,e,img/target_3.png
29,2,37,lattice,6,r,img/target_4.png
29,2,38,lattice,7,i,img/target_8.png
29,2,39,lattice,6,r,img/target_4.png
29,2,40,lattice,7,i,img/target_8.png
29,2,41,lattice,8,e,img/target_3.png
29,2,42,lattice,7,i,img/target_8.png
29,2,43,lattice,6,r,img/target_4.png
29,2,44,lattice,8,e,img/target_3.png
29,2,45,lattice,9,q,img/target_1.png
29,2,46,lattice,1,p,img/target_10.png
29,2,47,lattice,3,u,img/target_7.png
29,2,48,lattice,1,p,img/target_10.png
29,2,49,lattice,0,v,img/target_5.png
29,2,50,lattice,2,b,img/target_6.png
29,2,51,lattice,4,w,img/target_2.png
29,2,52,lattice,2,b,img/target_6.png
29,2,53,lattice,1,p,img/target_10.png
29,2,54,lattice,0,v,img/target_5.png
29,2,55,lattice,9,q,img/target_1.png
29,2,56,lattice,0,v,img/target_5.png
29,2,57,lattice,1,p,img/target_10.png
29,2,58,lattice,9,q,img/target_1.png
29,2,59,lattice,1,p,img/target_10.png
29,2,60,lattice,2,b,img/target_6.png
29,2,61,lattice,1,p,img/target_10.png
29,2,62,lattice,9,q,img/target_1.png
29,2,63,lattice,8,e,img/target_3.png
29,2,64,lattice,6,r,img/target_4.png
29,2,65,lattice,4,w,img/target_2.png
29,2,66,lattice,6,r,img/target_4.png
29,2,67,lattice,4,w,img/target_2.png
29,2,68,lattice,2,b,img/target_6.png
29,2,69,lattice,0,v,img/target_5.png
29,2,70,lattice,2,b,img/target_6.png
29,2,71,lattice,1,p,img/target_10.png
29,2,72,lattice,9,q,img/target_1.png
29,2,73,lattice,1,p,img/target_10.png
29,2,74,lattice,0,v,img/target_5.png
29,2,75,lattice,2,b,img/target_6.png
29,2,76,lattice,0,v,img/target_5.png
29,2,77,lattice,9,q,img/target_1.png
29,2,78,lattice,0,v,img/target_5.png
29,2,79,lattice,2,b,img/target_6.png
29,2,80,lattice,1,p,img/target_10.png
29,2,81,lattice,0,v,img/target_5.png
29,2,82,lattice,1,p,img/target_10.png
29,2,83,lattice,3,u,img/target_7.png
29,2,84,lattice,4,w,img/target_2.png
29,2,85,lattice,6,r,img/target_4.png
29,2,86,lattice,5,o,img/target_9.png
29,2,87,lattice,6,r,img/target_4.png
29,2,88,lattice,4,w,img/target_2.png
29,2,89,lattice,5,o,img/target_9.png
29,2,90,lattice,6,r,img/target_4.png
29,2,91,lattice,7,i,img/target_8.png
29,2,92,lattice,6,r,img/target_4.png
29,2,93,lattice,4,w,img/target_2.png
29,2,94,lattice,6,r,img/target_4.png
29,2,95,lattice,7,i,img/target_8.png
29,2,96,lattice,6,r,img/target_4.png
29,2,97,lattice,4,w,img/target_2.png
29,2,98,lattice,5,o,img/target_9.png
29,2,99,lattice,4,w,img/target_2.png
29,2,100,lattice,2,b,img/target_6.png
29,2,101,lattice,0,v,img/target_5.png
29,2,102,lattice,2,b,img/target_6.png
29,2,103,lattice,0,v,img/target_5.png
29,2,104,lattice,1,p,img/target_10.png
29,2,105,lattice,0,v,img/target_5.png
29,2,106,lattice,8,e,img/target_3.png
29,2,107,lattice,9,q,img/target_1.png
29,2,108,lattice,7,i,img/target_8.png
29,2,109,lattice,8,e,img/target_3.png
29,2,110,lattice,7,i,img/target_8.png
29,2,111,lattice,9,q,img/target_1.png
29,2,112,lattice,0,v,img/target_5.png
29,2,113,lattice,8,e,img/target_3.png
29,2,114,lattice,7,i,img/target_8.png
29,2,115,lattice,8,e,img/target_3.png
29,2,116,lattice,0,v,img/target_5.png
29,2,117,lattice,8,e,img/target_3.png
29,2,118,lattice,6,r,img/target_4.png
29,2,119,lattice,4,w,img/target_2.png
29,2,120,lattice,6,r,img/target_4.png
29,2,121,lattice,8,e,img/target_3.png
29,2,122,lattice,7,i,img/target_8.png
29,2,123,lattice,9,q,img/target_1.png
29,2,124,lattice,0,v,img/target_5.png
29,2,125,lattice,9,q,img/target_1.png
29,2,126,lattice,1,p,img/target_10.png
29,2,127,lattice,0,v,img/target_5.png
29,2,128,lattice,2,b,img/target_6.png
29,2,129,lattice,0,v,img/target_5.png
29,2,130,lattice,1,p,img/target_10.png
29,2,131,lattice,2,b,img/target_6.png
29,2,132,lattice,1,p,img/target_10.png
29,2,133,lattice,2,b,img/target_6.png
29,2,134,lattice,0,v,img/target_5.png
29,2,135,lattice,9,q,img/target_1.png
29,2,136,lattice,1,p,img/target_10.png
29,2,137,lattice,3,u,img/target_7.png
29,2,138,lattice,5,o,img/target_9.png
29,2,139,lattice,7,i,img/target_8.png
29,2,140,lattice,9,q,img/target_1.png
29,2,141,lattice,0,v,img/target_5.png
29,2,142,lattice,2,b,img/target_6.png
29,2,143,lattice,0,v,img/target_5.png
29,2,144,lattice,1,p,img/target_10.png
29,2,145,lattice,3,u,img/target_7.png
29,2,146,lattice,5,o,img/target_9.png
29,2,147,lattice,6,r,img/target_4.png
29,2,148,lattice,4,w,img/target_2.png
29,2,149,lattice,5,o,img/target_9.png
29,2,150,lattice,4,w,img/target_2.png
29,2,151,lattice,2,b,img/target_6.png
29,2,152,lattice,0,v,img/target_5.png
29,2,153,lattice,8,e,img/target_3.png
29,2,154,lattice,6,r,img/target_4.png
29,2,155,lattice,8,e,img/target_3.png
29,2,156,lattice,7,i,img/target_8.png
29,2,157,lattice,9,q,img/target_1.png
29,2,158,lattice,1,p,img/target_10.png
29,2,159,lattice,3,u,img/target_7.png
29,2,160,lattice,1,p,img/target_10.png
29,2,161,lattice,2,b,img/target_6.png
29,2,162,lattice,0,v,img/target_5.png
29,2,163,lattice,8,e,img/target_3.png
29,2,164,lattice,9,q,img/target_1.png
29,2,165,lattice,0,v,img/target_5.png
29,2,166,lattice,2,b,img/target_6.png
29,2,167,lattice,3,u,img/target_7.png
29,2,168,lattice,1,p,img/target_10.png
29,2,169,lattice,0,v,img/target_5.png
29,2,170,lattice,1,p,img/target_10.png
29,2,171,lattice,9,q,img/target_1.png
29,2,172,lattice,1,p,img/target_10.png
29,2,173,lattice,2,b,img/target_6.png
29,2,174,lattice,1,p,img/target_10.png
29,2,175,lattice,0,v,img/target_5.png
29,2,176,lattice,2,b,img/target_6.png
29,2,177,lattice,0,v,img/target_5.png
29,2,178,lattice,9,q,img/target_1.png
29,2,179,lattice,0,v,img/target_5.png
29,2,180,lattice,8,e,img/target_3.png
29,2,181,lattice,9,q,img/target_1.png
29,2,182,lattice,1,p,img/target_10.png
29,2,183,lattice,0,v,img/target_5.png
29,2,184,lattice,9,q,img/target_1.png
29,2,185,lattice,7,i,img/target_8.png
29,2,186,lattice,5,o,img/target_9.png
29,2,187,lattice,7,i,img/target_8.png
29,2,188,lattice,5,o,img/target_9.png
29,2,189,lattice,7,i,img/target_8.png
29,2,190,lattice,9,q,img/target_1.png
29,2,191,lattice,0,v,img/target_5.png
29,2,192,lattice,9,q,img/target_1.png
29,2,193,lattice,7,i,img/target_8.png
29,2,194,lattice,8,e,img/target_3.png
29,2,195,lattice,9,q,img/target_1.png
29,2,196,lattice,1,p,img/target_10.png
29,2,197,lattice,3,u,img/target_7.png
29,2,198,lattice,2,b,img/target_6.png
29,2,199,lattice,4,w,img/target_2.png
29,2,200,lattice,3,u,img/target_7.png
29,2,201,lattice,1,p,img/target_10.png
29,2,202,lattice,3,u,img/target_7.png
29,2,203,lattice,1,p,img/target_10.png
29,2,204,lattice,2,b,img/target_6.png
29,2,205,lattice,0,v,img/target_5.png
29,2,206,lattice,8,e,img/target_3.png
29,2,207,lattice,6,r,img/target_4.png
29,2,208,lattice,4,w,img/target_2.png
29,2,209,lattice,6,r,img/target_4.png
29,2,210,lattice,7,i,img/target_8.png
29,2,211,lattice,9,q,img/target_1.png
29,2,212,lattice,7,i,img/target_8.png
29,2,213,lattice,8,e,img/target_3.png
29,2,214,lattice,9,q,img/target_1.png
29,2,215,lattice,7,i,img/target_8.png
29,2,216,lattice,9,q,img/target_1.png
29,2,217,lattice,8,e,img/target_3.png
29,2,218,lattice,6,r,img/target_4.png
29,2,219,lattice,5,o,img/target_9.png
29,2,220,lattice,3,u,img/target_7.png
29,2,221,lattice,1,p,img/target_10.png
29,2,222,lattice,2,b,img/target_6.png
29,2,223,lattice,4,w,img/target_2.png
29,2,224,lattice,6,r,img/target_4.png
29,2,225,lattice,7,i,img/target_8.png
29,2,226,lattice,9,q,img/target_1.png
29,2,227,lattice,8,e,img/target_3.png
29,2,228,lattice,6,r,img/target_4.png
29,2,229,lattice,7,i,img/target_8.png
29,2,230,lattice,5,o,img/target_9.png
29,2,231,lattice,3,u,img/target_7.png
29,2,232,lattice,2,b,img/target_6.png
29,2,233,lattice,0,v,img/target_5.png
29,2,234,lattice,8,e,img/target_3.png
29,2,235,lattice,7,i,img/target_8.png
29,2,236,lattice,8,e,img/target_3.png
29,2,237,lattice,0,v,img/target_5.png
29,2,238,lattice,1,p,img/target_10.png
29,2,239,lattice,0,v,img/target_5.png
29,2,240,lattice,1,p,img/target_10.png
29,2,241,lattice,2,b,img/target_6.png
29,2,242,lattice,3,u,img/target_7.png
29,2,243,lattice,1,p,img/target_10.png
29,2,244,lattice,9,q,img/target_1.png
29,2,245,lattice,8,e,img/target_3.png
29,2,246,lattice,9,q,img/target_1.png
29,2,247,lattice,8,e,img/target_3.png
29,2,248,lattice,6,r,img/target_4.png
29,2,249,lattice,4,w,img/target_2.png
29,2,250,lattice,2,b,img/target_6.png
29,2,251,lattice,3,u,img/target_7.png
29,2,252,lattice,5,o,img/target_9.png
29,2,253,lattice,4,w,img/target_2.png
29,2,254,lattice,3,u,img/target_7.png
29,2,255,lattice,1,p,img/target_10.png
29,2,256,lattice,9,q,img/target_1.png
29,2,257,lattice,8,e,img/target_3.png
29,2,258,lattice,7,i,img/target_8.png
29,2,259,lattice,9,q,img/target_1.png
29,2,260,lattice,1,p,img/target_10.png
29,2,261,lattice,3,u,img/target_7.png
29,2,262,lattice,4,w,img/target_2.png
29,2,263,lattice,2,b,img/target_6.png
29,2,264,lattice,4,w,img/target_2.png
29,2,265,lattice,3,u,img/target_7.png
29,2,266,lattice,2,b,img/target_6.png
29,2,267,lattice,3,u,img/target_7.png
29,2,268,lattice,1,p,img/target_10.png
29,2,269,lattice,9,q,img/target_1.png
29,2,270,lattice,8,e,img/target_3.png
29,2,271,lattice,7,i,img/target_8.png
29,2,272,lattice,8,e,img/target_3.png
29,2,273,lattice,6,r,img/target_4.png
29,2,274,lattice,8,e,img/target_3.png
29,2,275,lattice,0,v,img/target_5.png
29,2,276,lattice,1,p,img/target_10.png
29,2,277,lattice,2,b,img/target_6.png
29,2,278,lattice,1,p,img/target_10.png
29,2,279,lattice,0,v,img/target_5.png
29,2,280,lattice,1,p,img/target_10.png
29,2,281,lattice,0,v,img/target_5.png
29,2,282,lattice,8,e,img/target_3.png
29,2,283,lattice,7,i,img/target_8.png
29,2,284,lattice,5,o,img/target_9.png
29,2,285,lattice,4,w,img/target_2.png
29,2,286,lattice,2,b,img/target_6.png
29,2,287,lattice,0,v,img/target_5.png
29,2,288,lattice,9,q,img/target_1.png
29,2,289,lattice,7,i,img/target_8.png
29,2,290,lattice,5,o,img/target_9.png
29,2,291,lattice,6,r,img/target_4.png
29,2,292,lattice,8,e,img/target_3.png
29,2,293,lattice,7,i,img/target_8.png
29,2,294,lattice,8,e,img/target_3.png
29,2,295,lattice,6,r,img/target_4.png
29,2,296,lattice,7,i,img/target_8.png
29,2,297,lattice,6,r,img/target_4.png
29,2,298,lattice,5,o,img/target_9.png
29,2,299,lattice,7,i,img/target_8.png
29,2,300,lattice,6,r,img/target_4.png
29,2,301,lattice,8,e,img/target_3.png
29,2,302,lattice,7,i,img/target_8.png
29,2,303,lattice,8,e,img/target_3.png
29,2,304,lattice,7,i,img/target_8.png
29,2,305,lattice,6,r,img/target_4.png
29,2,306,lattice,4,w,img/target_2.png
29,2,307,lattice,6,r,img/target_4.png
29,2,308,lattice,4,w,img/target_2.png
29,2,309,lattice,3,u,img/target_7.png
29,2,310,lattice,2,b,img/target_6.png
29,2,311,lattice,1,p,img/target_10.png
29,2,312,lattice,9,q,img/target_1.png
29,2,313,lattice,0,v,img/target_5.png
29,2,314,lattice,1,p,img/target_10.png
29,2,315,lattice,0,v,img/target_5.png
29,2,316,lattice,2,b,img/target_6.png
29,2,317,lattice,3,u,img/target_7.png
29,2,318,lattice,2,b,img/target_6.png
29,2,319,lattice,4,w,img/target_2.png
29,2,320,lattice,2,b,img/target_6.png
29,2,321,lattice,4,w,img/target_2.png
29,2,322,lattice,2,b,img/target_6.png
29,2,323,lattice,0,v,img/target_5.png
29,2,324,lattice,1,p,img/target_10.png
29,2,325,lattice,3,u,img/target_7.png
29,2,326,lattice,5,o,img/target_9.png
29,2,327,lattice,7,i,img/target_8.png
29,2,328,lattice,5,o,img/target_9.png
29,2,329,lattice,4,w,img/target_2.png
29,2,330,lattice,2,b,img/target_6.png
29,2,331,lattice,1,p,img/target_10.png
29,2,332,lattice,2,b,img/target_6.png
29,2,333,lattice,1,p,img/target_10.png
29,2,334,lattice,0,v,img/target_5.png
29,2,335,lattice,9,q,img/target_1.png
29,2,336,lattice,0,v,img/target_5.png
29,2,337,lattice,9,q,img/target_1.png
29,2,338,lattice,8,e,img/target_3.png
29,2,339,lattice,0,v,img/target_5.png
29,2,340,lattice,8,e,img/target_3.png
29,2,341,lattice,6,r,img/target_4.png
29,2,342,lattice,5,o,img/target_9.png
29,2,343,lattice,3,u,img/target_7.png
29,2,344,lattice,2,b,img/target_6.png
29,2,345,lattice,1,p,img/target_10.png
29,2,346,lattice,3,u,img/target_7.png
29,2,347,lattice,5,o,img/target_9.png
29,2,348,lattice,6,r,img/target_4.png
29,2,349,lattice,5,o,img/target_9.png
29,2,350,lattice,6,r,img/target_4.png
29,2,351,lattice,5,o,img/target_9.png
29,2,352,lattice,6,r,img/target_4.png
29,2,353,lattice,5,o,img/target_9.png
29,2,354,lattice,3,u,img/target_7.png
29,2,355,lattice,5,o,img/target_9.png
29,2,356,lattice,3,u,img/target_7.png
29,2,357,lattice,2,b,img/target_6.png
29,2,358,lattice,4,w,img/target_2.png
29,2,359,lattice,5,o,img/target_9.png
29,2,360,lattice,6,r,img/target_4.png
29,2,361,lattice,4,w,img/target_2.png
29,2,362,lattice,3,u,img/target_7.png
29,2,363,lattice,4,w,img/target_2.png
29,2,364,lattice,5,o,img/target_9.png
29,2,365,lattice,6,r,img/target_4.png
29,2,366,lattice,7,i,img/target_8.png
29,2,367,lattice,9,q,img/target_1.png
29,2,368,lattice,8,e,img/target_3.png
29,2,369,lattice,0,v,img/target_5.png
29,2,370,lattice,9,q,img/target_1.png
29,2,371,lattice,7,i,img/target_8.png
29,2,372,lattice,8,e,img/target_3.png
29,2,373,lattice,9,q,img/target_1.png
29,2,374,lattice,8,e,img/target_3.png
29,2,375,lattice,9,q,img/target_1.png
29,2,376,lattice,0,v,img/target_5.png
29,2,377,lattice,8,e,img/target_3.png
29,2,378,lattice,6,r,img/target_4.png
29,2,379,lattice,7,i,img/target_8.png
29,2,380,lattice,6,r,img/target_4.png
29,2,381,lattice,7,i,img/target_8.png
29,2,382,lattice,6,r,img/target_4.png
29,2,383,lattice,4,w,img/target_2.png
29,2,384,lattice,2,b,img/target_6.png
29,2,385,lattice,0,v,img/target_5.png
29,2,386,lattice,9,q,img/target_1.png
29,2,387,lattice,7,i,img/target_8.png
29,2,388,lattice,8,e,img/target_3.png
29,2,389,lattice,7,i,img/target_8.png
29,2,390,lattice,6,r,img/target_4.png
29,2,391,lattice,7,i,img/target_8.png
29,2,392,lattice,9,q,img/target_1.png
29,2,393,lattice,8,e,img/target_3.png
29,2,394,lattice,9,q,img/target_1.png
29,2,395,lattice,8,e,img/target_3.png
29,2,396,lattice,7,i,img/target_8.png
29,2,397,lattice,6,r,img/target_4.png
29,2,398,lattice,4,w,img/target_2.png
29,2,399,lattice,6,r,img/target_4.png
29,2,400,lattice,5,o,img/target_9.png
29,2,401,lattice,6,r,img/target_4.png
29,2,402,lattice,4,w,img/target_2.png
29,2,403,lattice,3,u,img/target_7.png
29,2,404,lattice,5,o,img/target_9.png
29,2,405,lattice,6,r,img/target_4.png
29,2,406,lattice,4,w,img/target_2.png
29,2,407,lattice,2,b,img/target_6.png
29,2,408,lattice,4,w,img/target_2.png
29,2,409,lattice,3,u,img/target_7.png
29,2,410,lattice,1,p,img/target_10.png
29,2,411,lattice,3,u,img/target_7.png
29,2,412,lattice,5,o,img/target_9.png
29,2,413,lattice,3,u,img/target_7.png
29,2,414,lattice,1,p,img/target_10.png
29,2,415,lattice,0,v,img/target_5.png
29,2,416,lattice,1,p,img/target_10.png
29,2,417,lattice,0,v,img/target_5.png
29,2,418,lattice,2,b,img/target_6.png
29,2,419,lattice,3,u,img/target_7.png
29,2,420,lattice,4,w,img/target_2.png
29,2,421,lattice,6,r,img/target_4.png
29,2,422,lattice,4,w,img/target_2.png
29,2,423,lattice,2,b,img/target_6.png
29,2,424,lattice,1,p,img/target_10.png
29,2,425,lattice,3,u,img/target_7.png
29,2,426,lattice,1,p,img/target_10.png
29,2,427,lattice,0,v,img/target_5.png
29,2,428,lattice,9,q,img/target_1.png
29,2,429,lattice,7,i,img/target_8.png
29,2,430,lattice,5,o,img/target_9.png
29,2,431,lattice,3,u,img/target_7.png
29,2,432,lattice,5,o,img/target_9.png
29,2,433,lattice,4,w,img/target_2.png
29,2,434,lattice,3,u,img/target_7.png
29,2,435,lattice,2,b,img/target_6.png
29,2,436,lattice,3,u,img/target_7.png
29,2,437,lattice,2,b,img/target_6.png
29,2,438,lattice,0,v,img/target_5.png
29,2,439,lattice,2,b,img/target_6.png
29,2,440,lattice,4,w,img/target_2.png
29,2,441,lattice,3,u,img/target_7.png
29,2,442,lattice,4,w,img/target_2.png
29,2,443,lattice,6,r,img/target_4.png
29,2,444,lattice,4,w,img/target_2.png
29,2,445,lattice,2,b,img/target_6.png
29,2,446,lattice,4,w,img/target_2.png
29,2,447,lattice,6,r,img/target_4.png
29,2,448,lattice,7,i,img/target_8.png
29,2,449,lattice,6,r,img/target_4.png
29,2,450,lattice,4,w,img/target_2.png
29,2,451,lattice,5,o,img/target_9.png
29,2,452,lattice,7,i,img/target_8.png
29,2,453,lattice,8,e,img/target_3.png
29,2,454,lattice,9,q,img/target_1.png
29,2,455,lattice,8,e,img/target_3.png
29,2,456,lattice,7,i,img/target_8.png
29,2,457,lattice,5,o,img/target_9.png
29,2,458,lattice,3,u,img/target_7.png
29,2,459,lattice,4,w,img/target_2.png
29,2,460,lattice,6,r,img/target_4.png
29,2,461,lattice,7,i,img/target_8.png
29,2,462,lattice,6,r,img/target_4.png
29,2,463,lattice,5,o,img/target_9.png
29,2,464,lattice,4,w,img/target_2.png
29,2,465,lattice,2,b,img/target_6.png
29,2,466,lattice,1,p,img/target_10.png
29,2,467,lattice,3,u,img/target_7.png
29,2,468,lattice,1,p,img/target_10.png
29,2,469,lattice,0,v,img/target_5.png
29,2,470,lattice,9,q,img/target_1.png
29,2,471,lattice,7,i,img/target_8.png
29,2,472,lattice,8,e,img/target_3.png
29,2,473,lattice,7,i,img/target_8.png
29,2,474,lattice,6,r,img/target_4.png
29,2,475,lattice,4,w,img/target_2.png
29,2,476,lattice,5,o,img/target_9.png
29,2,477,lattice,4,w,img/target_2.png
29,2,478,lattice,3,u,img/target_7.png
29,2,479,lattice,5,o,img/target_9.png
29,2,480,lattice,3,u,img/target_7.png
29,2,481,lattice,5,o,img/target_9.png
29,2,482,lattice,7,i,img/target_8.png
29,2,483,lattice,6,r,img/target_4.png
29,2,484,lattice,4,w,img/target_2.png
29,2,485,lattice,2,b,img/target_6.png
29,2,486,lattice,1,p,img/target_10.png
29,2,487,lattice,3,u,img/target_7.png
29,2,488,lattice,2,b,img/target_6.png
29,2,489,lattice,3,u,img/target_7.png
29,2,490,lattice,5,o,img/target_9.png
29,2,491,lattice,7,i,img/target_8.png
29,2,492,lattice,9,q,img/target_1.png
29,2,493,lattice,1,p,img/target_10.png
29,2,494,lattice,2,b,img/target_6.png
29,2,495,lattice,0,v,img/target_5.png
29,2,496,lattice,9,q,img/target_1.png
29,2,497,lattice,8,e,img/target_3.png
29,2,498,lattice,6,r,img/target_4.png
29,2,499,lattice,7,i,img/target_8.png
29,2,500,lattice,6,r,img/target_4.png
29,2,501,lattice,8,e,img/target_3.png
29,2,502,lattice,9,q,img/target_1.png
29,2,503,lattice,7,i,img/target_8.png
29,2,504,lattice,6,r,img/target_4.png
29,2,505,lattice,4,w,img/target_2.png
29,2,506,lattice,3,u,img/target_7.png
29,2,507,lattice,2,b,img/target_6.png
29,2,508,lattice,0,v,img/target_5.png
29,2,509,lattice,8,e,img/target_3.png
29,2,510,lattice,9,q,img/target_1.png
29,2,511,lattice,1,p,img/target_10.png
29,2,512,lattice,0,v,img/target_5.png
29,2,513,lattice,2,b,img/target_6.png
29,2,514,lattice,3,u,img/target_7.png
29,2,515,lattice,2,b,img/target_6.png
29,2,516,lattice,3,u,img/target_7.png
29,2,517,lattice,5,o,img/target_9.png
29,2,518,lattice,4,w,img/target_2.png
29,2,519,lattice,5,o,img/target_9.png
29,2,520,lattice,3,u,img/target_7.png
29,2,521,lattice,4,w,img/target_2.png
29,2,522,lattice,5,o,img/target_9.png
29,2,523,lattice,4,w,img/target_2.png
29,2,524,lattice,6,r,img/target_4.png
29,2,525,lattice,7,i,img/target_8.png
29,2,526,lattice,8,e,img/target_3.png
29,2,527,lattice,7,i,img/target_8.png
29,2,528,lattice,9,q,img/target_1.png
29,2,529,lattice,0,v,img/target_5.png
29,2,530,lattice,1,p,img/target_10.png
29,2,531,lattice,0,v,img/target_5.png
29,2,532,lattice,1,p,img/target_10.png
29,2,533,lattice,0,v,img/target_5.png
29,2,534,lattice,1,p,img/target_10.png
29,2,535,lattice,2,b,img/target_6.png
29,2,536,lattice,3,u,img/target_7.png
29,2,537,lattice,1,p,img/target_10.png
29,2,538,lattice,2,b,img/target_6.png
29,2,539,lattice,3,u,img/target_7.png
29,2,540,lattice,1,p,img/target_10.png
29,2,541,lattice,3,u,img/target_7.png
29,2,542,lattice,1,p,img/target_10.png
29,2,543,lattice,3,u,img/target_7.png
29,2,544,lattice,5,o,img/target_9.png
29,2,545,lattice,7,i,img/target_8.png
29,2,546,lattice,8,e,img/target_3.png
29,2,547,lattice,7,i,img/target_8.png
29,2,548,lattice,8,e,img/target_3.png
29,2,549,lattice,0,v,img/target_5.png
29,2,550,lattice,9,q,img/target_1.png
29,2,551,lattice,7,i,img/target_8.png
29,2,552,lattice,6,r,img/target_4.png
29,2,553,lattice,7,i,img/target_8.png
29,2,554,lattice,5,o,img/target_9.png
29,2,555,lattice,4,w,img/target_2.png
29,2,556,lattice,2,b,img/target_6.png
29,2,557,lattice,0,v,img/target_5.png
29,2,558,lattice,2,b,img/target_6.png
29,2,559,lattice,3,u,img/target_7.png
29,2,560,lattice,1,p,img/target_10.png
29,2,561,lattice,0,v,img/target_5.png
29,2,562,lattice,2,b,img/target_6.png
29,2,563,lattice,0,v,img/target_5.png
29,2,564,lattice,8,e,img/target_3.png
29,2,565,lattice,9,q,img/target_1.png
29,2,566,lattice,7,i,img/target_8.png
29,2,567,lattice,6,r,img/target_4.png
29,2,568,lattice,8,e,img/target_3.png
29,2,569,lattice,9,q,img/target_1.png
29,2,570,lattice,1,p,img/target_10.png
29,2,571,lattice,2,b,img/target_6.png
29,2,572,lattice,3,u,img/target_7.png
29,2,573,lattice,1,p,img/target_10.png
29,2,574,lattice,0,v,img/target_5.png
29,2,575,lattice,2,b,img/target_6.png
29,2,576,lattice,3,u,img/target_7.png
29,2,577,lattice,4,w,img/target_2.png
29,2,578,lattice,6,r,img/target_4.png
29,2,579,lattice,5,o,img/target_9.png
29,2,580,lattice,4,w,img/target_2.png
29,2,581,lattice,2,b,img/target_6.png
29,2,582,lattice,1,p,img/target_10.png
29,2,583,lattice,3,u,img/target_7.png
29,2,584,lattice,5,o,img/target_9.png
29,2,585,lattice,3,u,img/target_7.png
29,2,586,lattice,5,o,img/target_9.png
29,2,587,lattice,6,r,img/target_4.png
29,2,588,lattice,5,o,img/target_9.png
29,2,589,lattice,4,w,img/target_2.png
29,2,590,lattice,6,r,img/target_4.png
29,2,591,lattice,4,w,img/target_2.png
29,2,592,lattice,6,r,img/target_4.png
29,2,593,lattice,8,e,img/target_3.png
29,2,594,lattice,9,q,img/target_1.png
29,2,595,lattice,0,v,img/target_5.png
29,2,596,lattice,1,p,img/target_10.png
29,2,597,lattice,0,v,img/target_5.png
29,2,598,lattice,9,q,img/target_1.png
29,2,599,lattice,1,p,img/target_10.png
29,2,600,lattice,9,q,img/target_1.png
29,2,601,lattice,0,v,img/target_5.png
29,2,602,lattice,9,q,img/target_1.png
29,2,603,lattice,0,v,img/target_5.png
29,2,604,lattice,9,q,img/target_1.png
29,2,605,lattice,8,e,img/target_3.png
29,2,606,lattice,7,i,img/target_8.png
29,2,607,lattice,8,e,img/target_3.png
29,2,608,lattice,0,v,img/target_5.png
29,2,609,lattice,8,e,img/target_3.png
29,2,610,lattice,7,i,img/target_8.png
29,2,611,lattice,6,r,img/target_4.png
29,2,612,lattice,8,e,img/target_3.png
29,2,613,lattice,9,q,img/target_1.png
29,2,614,lattice,7,i,img/target_8.png
29,2,615,lattice,9,q,img/target_1.png
29,2,616,lattice,1,p,img/target_10.png
29,2,617,lattice,3,u,img/target_7.png
29,2,618,lattice,5,o,img/target_9.png
29,2,619,lattice,3,u,img/target_7.png
29,2,620,lattice,2,b,img/target_6.png
29,2,621,lattice,3,u,img/target_7.png
29,2,622,lattice,5,o,img/target_9.png
29,2,623,lattice,4,w,img/target_2.png
29,2,624,lattice,3,u,img/target_7.png
29,2,625,lattice,5,o,img/target_9.png
29,2,626,lattice,7,i,img/target_8.png
29,2,627,lattice,9,q,img/target_1.png
29,2,628,lattice,7,i,img/target_8.png
29,2,629,lattice,9,q,img/target_1.png
29,2,630,lattice,7,i,img/target_8.png
29,2,631,lattice,9,q,img/target_1.png
29,2,632,lattice,8,e,img/target_3.png
29,2,633,lattice,0,v,img/target_5.png
29,2,634,lattice,9,q,img/target_1.png
29,2,635,lattice,7,i,img/target_8.png
29,2,636,lattice,6,r,img/target_4.png
29,2,637,lattice,4,w,img/target_2.png
29,2,638,lattice,5,o,img/target_9.png
29,2,639,lattice,3,u,img/target_7.png
29,2,640,lattice,2,b,img/target_6.png
29,2,641,lattice,3,u,img/target_7.png
29,2,642,lattice,1,p,img/target_10.png
29,2,643,lattice,0,v,img/target_5.png
29,2,644,lattice,8,e,img/target_3.png
29,2,645,lattice,9,q,img/target_1.png
29,2,646,lattice,8,e,img/target_3.png
29,2,647,lattice,7,i,img/target_8.png
29,2,648,lattice,6,r,img/target_4.png
29,2,649,lattice,5,o,img/target_9.png
29,2,650,lattice,7,i,img/target_8.png
29,2,651,lattice,6,r,img/target_4.png
29,2,652,lattice,4,w,img/target_2.png
29,2,653,lattice,3,u,img/target_7.png
29,2,654,lattice,4,w,img/target_2.png
29,2,655,lattice,5,o,img/target_9.png
29,2,656,lattice,6,r,img/target_4.png
29,2,657,lattice,8,e,img/target_3.png
29,2,658,lattice,6,r,img/target_4.png
29,2,659,lattice,8,e,img/target_3.png
29,2,660,lattice,7,i,img/target_8.png
29,2,661,lattice,5,o,img/target_9.png
29,2,662,lattice,6,r,img/target_4.png
29,2,663,lattice,7,i,img/target_8.png
29,2,664,lattice,5,o,img/target_9.png
29,2,665,lattice,4,w,img/target_2.png
29,2,666,lattice,5,o,img/target_9.png
29,2,667,lattice,4,w,img/target_2.png
29,2,668,lattice,2,b,img/target_6.png
29,2,669,lattice,3,u,img/target_7.png
29,2,670,lattice,4,w,img/target_2.png
29,2,671,lattice,6,r,img/target_4.png
29,2,672,lattice,7,i,img/target_8.png
29,2,673,lattice,5,o,img/target_9.png
29,2,674,lattice,4,w,img/target_2.png
29,2,675,lattice,5,o,img/target_9.png
29,2,676,lattice,7,i,img/target_8.png
29,2,677,lattice,8,e,img/target_3.png
29,2,678,lattice,6,r,img/target_4.png
29,2,679,lattice,7,i,img/target_8.png
29,2,680,lattice,9,q,img/target_1.png
29,2,681,lattice,0,v,img/target_5.png
29,2,682,lattice,8,e,img/target_3.png
29,2,683,lattice,0,v,img/target_5.png
29,2,684,lattice,9,q,img/target_1.png
29,2,685,lattice,7,i,img/target_8.png
29,2,686,lattice,8,e,img/target_3.png
29,2,687,lattice,0,v,img/target_5.png
29,2,688,lattice,9,q,img/target_1.png
29,2,689,lattice,1,p,img/target_10.png
29,2,690,lattice,3,u,img/target_7.png
29,2,691,lattice,1,p,img/target_10.png
29,2,692,lattice,0,v,img/target_5.png
29,2,693,lattice,2,b,img/target_6.png
29,2,694,lattice,1,p,img/target_10.png
29,2,695,lattice,2,b,img/target_6.png
29,2,696,lattice,4,w,img/target_2.png
29,2,697,lattice,5,o,img/target_9.png
29,2,698,lattice,4,w,img/target_2.png
29,2,699,lattice,5,o,img/target_9.png
29,2,700,lattice,7,i,img/target_8.png
29,2,701,lattice,6,r,img/target_4.png
29,2,702,lattice,7,i,img/target_8.png
29,2,703,lattice,6,r,img/target_4.png
29,2,704,lattice,4,w,img/target_2.png
29,2,705,lattice,5,o,img/target_9.png
29,2,706,lattice,4,w,img/target_2.png
29,2,707,lattice,5,o,img/target_9.png
29,2,708,lattice,4,w,img/target_2.png
29,2,709,lattice,6,r,img/target_4.png
29,2,710,lattice,7,i,img/target_8.png
29,2,711,lattice,8,e,img/target_3.png
29,2,712,lattice,0,v,img/target_5.png
29,2,713,lattice,2,b,img/target_6.png
29,2,714,lattice,1,p,img/target_10.png
29,2,715,lattice,3,u,img/target_7.png
29,2,716,lattice,1,p,img/target_10.png
29,2,717,lattice,9,q,img/target_1.png
29,2,718,lattice,8,e,img/target_3.png
29,2,719,lattice,9,q,img/target_1.png
29,2,720,lattice,7,i,img/target_8.png
29,2,721,lattice,6,r,img/target_4.png
29,2,722,lattice,8,e,img/target_3.png
29,2,723,lattice,0,v,img/target_5.png
29,2,724,lattice,9,q,img/target_1.png
29,2,725,lattice,7,i,img/target_8.png
29,2,726,lattice,8,e,img/target_3.png
29,2,727,lattice,0,v,img/target_5.png
29,2,728,lattice,8,e,img/target_3.png
29,2,729,lattice,6,r,img/target_4.png
29,2,730,lattice,7,i,img/target_8.png
29,2,731,lattice,8,e,img/target_3.png
29,2,732,lattice,6,r,img/target_4.png
29,2,733,lattice,4,w,img/target_2.png
29,2,734,lattice,5,o,img/target_9.png
29,2,735,lattice,4,w,img/target_2.png
29,2,736,lattice,2,b,img/target_6.png
29,2,737,lattice,4,w,img/target_2.png
29,2,738,lattice,5,o,img/target_9.png
29,2,739,lattice,6,r,img/target_4.png
29,2,740,lattice,5,o,img/target_9.png
29,2,741,lattice,4,w,img/target_2.png
29,2,742,lattice,2,b,img/target_6.png
29,2,743,lattice,4,w,img/target_2.png
29,2,744,lattice,2,b,img/target_6.png
29,2,745,lattice,1,p,img/target_10.png
29,2,746,lattice,2,b,img/target_6.png
29,2,747,lattice,0,v,img/target_5.png
29,2,748,lattice,9,q,img/target_1.png
29,2,749,lattice,8,e,img/target_3.png
29,2,750,lattice,7,i,img/target_8.png
29,2,751,lattice,5,o,img/target_9.png
29,2,752,lattice,7,i,img/target_8.png
29,2,753,lattice,8,e,img/target_3.png
29,2,754,lattice,0,v,img/target_5.png
29,2,755,lattice,8,e,img/target_3.png
29,2,756,lattice,9,q,img/target_1.png
29,2,757,lattice,1,p,img/target_10.png
29,2,758,lattice,2,b,img/target_6.png
29,2,759,lattice,1,p,img/target_10.png
29,2,760,lattice,3,u,img/target_7.png
29,2,761,lattice,4,w,img/target_2.png
29,2,762,lattice,3,u,img/target_7.png
29,2,763,lattice,1,p,img/target_10.png
29,2,764,lattice,9,q,img/target_1.png
29,2,765,lattice,7,i,img/target_8.png
29,2,766,lattice,5,o,img/target_9.png
29,2,767,lattice,4,w,img/target_2.png
29,2,768,lattice,6,r,img/target_4.png
29,2,769,lattice,4,w,img/target_2.png
29,2,770,lattice,5,o,img/target_9.png
29,2,771,lattice,3,u,img/target_7.png
29,2,772,lattice,2,b,img/target_6.png
29,2,773,lattice,1,p,img/target_10.png
29,2,774,lattice,9,q,img/target_1.png
29,2,775,lattice,1,p,img/target_10.png
29,2,776,lattice,3,u,img/target_7.png
29,2,777,lattice,1,p,img/target_10.png
29,2,778,lattice,9,q,img/target_1.png
29,2,779,lattice,0,v,img/target_5.png
29,2,780,lattice,2,b,img/target_6.png
29,2,781,lattice,1,p,img/target_10.png
29,2,782,lattice,9,q,img/target_1.png
29,2,783,lattice,0,v,img/target_5.png
29,2,784,lattice,1,p,img/target_10.png
29,2,785,lattice,2,b,img/target_6.png
29,2,786,lattice,1,p,img/target_10.png
29,2,787,lattice,3,u,img/target_7.png
29,2,788,lattice,5,o,img/target_9.png
29,2,789,lattice,7,i,img/target_8.png
29,2,790,lattice,5,o,img/target_9.png
29,2,791,lattice,3,u,img/target_7.png
29,2,792,lattice,2,b,img/target_6.png
29,2,793,lattice,0,v,img/target_5.png
29,2,794,lattice,1,p,img/target_10.png
29,2,795,lattice,0,v,img/target_5.png
29,2,796,lattice,2,b,img/target_6.png
29,2,797,lattice,4,w,img/target_2.png
29,2,798,lattice,5,o,img/target_9.png
29,2,799,lattice,4,w,img/target_2.png
29,2,800,lattice,6,r,img/target_4.png
29,2,801,lattice,7,i,img/target_8.png
29,2,802,lattice,8,e,img/target_3.png
29,2,803,lattice,9,q,img/target_1.png
29,2,804,lattice,1,p,img/target_10.png
29,2,805,lattice,0,v,img/target_5.png
29,2,806,lattice,8,e,img/target_3.png
29,2,807,lattice,6,r,img/target_4.png
29,2,808,lattice,8,e,img/target_3.png
29,2,809,lattice,0,v,img/target_5.png
29,2,810,lattice,1,p,img/target_10.png
29,2,811,lattice,2,b,img/target_6.png
29,2,812,lattice,3,u,img/target_7.png
29,2,813,lattice,5,o,img/target_9.png
29,2,814,lattice,7,i,img/target_8.png
29,2,815,lattice,5,o,img/target_9.png
29,2,816,lattice,4,w,img/target_2.png
29,2,817,lattice,5,o,img/target_9.png
29,2,818,lattice,6,r,img/target_4.png
29,2,819,lattice,5,o,img/target_9.png
29,2,820,lattice,3,u,img/target_7.png
29,2,821,lattice,4,w,img/target_2.png
29,2,822,lattice,3,u,img/target_7.png
29,2,823,lattice,1,p,img/target_10.png
29,2,824,lattice,3,u,img/target_7.png
29,2,825,lattice,5,o,img/target_9.png
29,2,826,lattice,6,r,img/target_4.png
29,2,827,lattice,4,w,img/target_2.png
29,2,828,lattice,5,o,img/target_9.png
29,2,829,lattice,7,i,img/target_8.png
29,2,830,lattice,8,e,img/target_3.png
29,2,831,lattice,0,v,img/target_5.png
29,2,832,lattice,9,q,img/target_1.png
29,2,833,lattice,0,v,img/target_5.png
29,2,834,lattice,1,p,img/target_10.png
29,2,835,lattice,2,b,img/target_6.png
29,2,836,lattice,4,w,img/target_2.png
29,2,837,lattice,6,r,img/target_4.png
29,2,838,lattice,5,o,img/target_9.png
29,2,839,lattice,3,u,img/target_7.png
29,2,840,lattice,4,w,img/target_2.png
29,2,841,lattice,6,r,img/target_4.png
29,2,842,lattice,4,w,img/target_2.png
29,2,843,lattice,5,o,img/target_9.png
29,2,844,lattice,6,r,img/target_4.png
29,2,845,lattice,8,e,img/target_3.png
29,2,846,lattice,0,v,img/target_5.png
29,2,847,lattice,1,p,img/target_10.png
29,2,848,lattice,9,q,img/target_1.png
29,2,849,lattice,8,e,img/target_3.png
29,2,850,lattice,0,v,img/target_5.png
29,2,851,lattice,2,b,img/target_6.png
29,2,852,lattice,3,u,img/target_7.png
29,2,853,lattice,4,w,img/target_2.png
29,2,854,lattice,5,o,img/target_9.png
29,2,855,lattice,3,u,img/target_7.png
29,2,856,lattice,1,p,img/target_10.png
29,2,857,lattice,9,q,img/target_1.png
29,2,858,lattice,1,p,img/target_10.png
29,2,859,lattice,2,b,img/target_6.png
29,2,860,lattice,0,v,img/target_5.png
29,2,861,lattice,8,e,img/target_3.png
29,2,862,lattice,0,v,img/target_5.png
29,2,863,lattice,8,e,img/target_3.png
29,2,864,lattice,0,v,img/target_5.png
29,2,865,lattice,8,e,img/target_3.png
29,2,866,lattice,0,v,img/target_5.png
29,2,867,lattice,9,q,img/target_1.png
29,2,868,lattice,0,v,img/target_5.png
29,2,869,lattice,8,e,img/target_3.png
29,2,870,lattice,6,r,img/target_4.png
29,2,871,lattice,7,i,img/target_8.png
29,2,872,lattice,8,e,img/target_3.png
29,2,873,lattice,6,r,img/target_4.png
29,2,874,lattice,7,i,img/target_8.png
29,2,875,lattice,6,r,img/target_4.png
29,2,876,lattice,4,w,img/target_2.png
29,2,877,lattice,5,o,img/target_9.png
29,2,878,lattice,7,i,img/target_8.png
29,2,879,lattice,6,r,img/target_4.png
29,2,880,lattice,8,e,img/target_3.png
29,2,881,lattice,9,q,img/target_1.png
29,2,882,lattice,8,e,img/target_3.png
29,2,883,lattice,7,i,img/target_8.png
29,2,884,lattice,6,r,img/target_4.png
29,2,885,lattice,7,i,img/target_8.png
29,2,886,lattice,9,q,img/target_1.png
29,2,887,lattice,8,e,img/target_3.png
29,2,888,lattice,9,q,img/target_1.png
29,2,889,lattice,7,i,img/target_8.png
29,2,890,lattice,9,q,img/target_1.png
29,2,891,lattice,8,e,img/target_3.png
29,2,892,lattice,9,q,img/target_1.png
29,2,893,lattice,7,i,img/target_8.png
29,2,894,lattice,6,r,img/target_4.png
29,2,895,lattice,8,e,img/target_3.png
29,2,896,lattice,0,v,img/target_5.png
29,2,897,lattice,8,e,img/target_3.png
29,2,898,lattice,0,v,img/target_5.png
29,2,899,lattice,8,e,img/target_3.png
29,2,900,lattice,7,i,img/target_8.png
29,2,901,lattice,5,o,img/target_9.png
29,2,902,lattice,4,w,img/target_2.png
29,2,903,lattice,5,o,img/target_9.png
29,2,904,lattice,3,u,img/target_7.png
29,2,905,lattice,2,b,img/target_6.png
29,2,906,lattice,1,p,img/target_10.png
29,2,907,lattice,0,v,img/target_5.png
29,2,908,lattice,9,q,img/target_1.png
29,2,909,lattice,8,e,img/target_3.png
29,2,910,lattice,7,i,img/target_8.png
29,2,911,lattice,8,e,img/target_3.png
29,2,912,lattice,6,r,img/target_4.png
29,2,913,lattice,5,o,img/target_9.png
29,2,914,lattice,6,r,img/target_4.png
29,2,915,lattice,5,o,img/target_9.png
29,2,916,lattice,3,u,img/target_7.png
29,2,917,lattice,5,o,img/target_9.png
29,2,918,lattice,4,w,img/target_2.png
29,2,919,lattice,6,r,img/target_4.png
29,2,920,lattice,7,i,img/target_8.png
29,2,921,lattice,8,e,img/target_3.png
29,2,922,lattice,9,q,img/target_1.png
29,2,923,lattice,0,v,img/target_5.png
29,2,924,lattice,2,b,img/target_6.png
29,2,925,lattice,3,u,img/target_7.png
29,2,926,lattice,4,w,img/target_2.png
29,2,927,lattice,6,r,img/target_4.png
29,2,928,lattice,7,i,img/target_8.png
29,2,929,lattice,8,e,img/target_3.png
29,2,930,lattice,6,r,img/target_4.png
29,2,931,lattice,5,o,img/target_9.png
29,2,932,lattice,3,u,img/target_7.png
29,2,933,lattice,5,o,img/target_9.png
29,2,934,lattice,7,i,img/target_8.png
29,2,935,lattice,5,o,img/target_9.png
29,2,936,lattice,4,w,img/target_2.png
29,2,937,lattice,2,b,img/target_6.png
29,2,938,lattice,0,v,img/target_5.png
29,2,939,lattice,8,e,img/target_3.png
29,2,940,lattice,0,v,img/target_5.png
29,2,941,lattice,8,e,img/target_3.png
29,2,942,lattice,9,q,img/target_1.png
29,2,943,lattice,0,v,img/target_5.png
29,2,944,lattice,8,e,img/target_3.png
29,2,945,lattice,0,v,img/target_5.png
29,2,946,lattice,2,b,img/target_6.png
29,2,947,lattice,0,v,img/target_5.png
29,2,948,lattice,9,q,img/target_1.png
29,2,949,lattice,1,p,img/target_10.png
29,2,950,lattice,2,b,img/target_6.png
29,2,951,lattice,3,u,img/target_7.png
29,2,952,lattice,2,b,img/target_6.png
29,2,953,lattice,0,v,img/target_5.png
29,2,954,lattice,1,p,img/target_10.png
29,2,955,lattice,9,q,img/target_1.png
29,2,956,lattice,0,v,img/target_5.png
29,2,957,lattice,2,b,img/target_6.png
29,2,958,lattice,3,u,img/target_7.png
29,2,959,lattice,4,w,img/target_2.png
29,2,960,lattice,3,u,img/target_7.png
29,2,961,lattice,4,w,img/target_2.png
29,2,962,lattice,5,o,img/target_9.png
29,2,963,lattice,6,r,img/target_4.png
29,2,964,lattice,8,e,img/target_3.png
29,2,965,lattice,9,q,img/target_1.png
29,2,966,lattice,0,v,img/target_5.png
29,2,967,lattice,9,q,img/target_1.png
29,2,968,lattice,7,i,img/target_8.png
29,2,969,lattice,8,e,img/target_3.png
29,2,970,lattice,0,v,img/target_5.png
29,2,971,lattice,8,e,img/target_3.png
29,2,972,lattice,9,q,img/target_1.png
29,2,973,lattice,7,i,img/target_8.png
29,2,974,lattice,5,o,img/target_9.png
29,2,975,lattice,4,w,img/target_2.png
29,2,976,lattice,5,o,img/target_9.png
29,2,977,lattice,4,w,img/target_2.png
29,2,978,lattice,2,b,img/target_6.png
29,2,979,lattice,0,v,img/target_5.png
29,2,980,lattice,2,b,img/target_6.png
29,2,981,lattice,1,p,img/target_10.png
29,2,982,lattice,2,b,img/target_6.png
29,2,983,lattice,0,v,img/target_5.png
29,2,984,lattice,9,q,img/target_1.png
29,2,985,lattice,7,i,img/target_8.png
29,2,986,lattice,5,o,img/target_9.png
29,2,987,lattice,3,u,img/target_7.png
29,2,988,lattice,1,p,img/target_10.png
29,2,989,lattice,9,q,img/target_1.png
29,2,990,lattice,7,i,img/target_8.png
29,2,991,lattice,8,e,img/target_3.png
29,2,992,lattice,6,r,img/target_4.png
29,2,993,lattice,7,i,img/target_8.png
29,2,994,lattice,9,q,img/target_1.png
29,2,995,lattice,7,i,img/target_8.png
29,2,996,lattice,9,q,img/target_1.png
29,2,997,lattice,1,p,img/target_10.png
29,2,998,lattice,2,b,img/target_6.png
29,2,999,lattice,3,u,img/target_7.png
29,2,1000,lattice,5,o,img/target_9.png
