pID,sess,trialNum,graph,walk,resp,path
29,1,1,lattice,0,v,img/target_5.png
29,1,2,lattice,9,q,img/target_1.png
29,1,3,lattice,1,p,img/target_10.png
29,1,4,lattice,9,q,img/target_1.png
29,1,5,lattice,7,i,img/target_8.png
29,1,6,lattice,6,r,img/target_4.png
29,1,7,lattice,4,w,img/target_2.png
29,1,8,lattice,5,o,img/target_9.png
29,1,9,lattice,6,r,img/target_4.png
29,1,10,lattice,5,o,img/target_9.png
29,1,11,lattice,6,r,img/target_4.png
29,1,12,lattice,8,e,img/target_3.png
29,1,13,lattice,9,q,img/target_1.png
29,1,14,lattice,7,i,img/target_8.png
29,1,15,lattice,8,e,img/target_3.png
29,1,16,lattice,7,i,img/target_8.png
29,1,17,lattice,9,q,img/target_1.png
29,1,18,lattice,1,p,img/target_10.png
29,1,19,lattice,9,q,img/target_1.png
29,1,20,lattice,1,p,img/target_10.png
29,1,21,lattice,2,b,img/target_6.png
29,1,22,lattice,3,u,img/target_7.png
29,1,23,lattice,4,w,img/target_2.png
29,1,24,lattice,3,u,img/target_7.png
29,1,25,lattice,1,p,img/target_10.png
29,1,26,lattice,3,u,img/target_7.png
29,1,27,lattice,2,b,img/target_6.png
29,1,28,lattice,3,u,img/target_7.png
29,1,29,lattice,2,b,img/target_6.png
29,1,30,lattice,0,v,img/target_5.png
29,1,31,lattice,9,q,img/target_1.png
29,1,32,lattice,8,e,img/target_3.png
29,1,33,lattice,6,r,img/target_4.png
29,1,34,lattice,5,o,img/target_9.png
29,1,35,lattice,7,i,img/target_8.png
29,1,36,lattice,5,o,img/target_9.png
29,1,37,lattice,4,w,img/target_2.png
29,1,38,lattice,6,r,img/target_4.png
29,1,39,lattice,5,o,img/target_9.png
29,1,40,lattice,3,u,img/target_7.png
29,1,41,lattice,5,o,img/target_9.png
29,1,42,lattice,6,r,img/target_4.png
29,1,43,lattice,5,o,img/target_9.png
29,1,44,lattice,6,r,img/target_4.png
29,1,45,lattice,7,i,img/target_8.png
29,1,46,lattice,9,q,img/target_1.png
29,1,47,lattice,1,p,img/target_10.png
29,1,48,lattice,0,v,img/target_5.png
29,1,49,lattice,1,p,img/target_10.png
29,1,50,lattice,3,u,img/target_7.png
29,1,51,lattice,4,w,img/target_2.png
29,1,52,lattice,2,b,img/target_6.png
29,1,53,lattice,0,v,img/target_5.png
29,1,54,lattice,2,b,img/target_6.png
29,1,55,lattice,1,p,img/target_10.png
29,1,56,lattice,2,b,img/target_6.png
29,1,57,lattice,0,v,img/target_5.png
29,1,58,lattice,1,p,img/target_10.png
29,1,59,lattice,0,v,img/target_5.png
29,1,60,lattice,8,e,img/target_3.png
29,1,61,lattice,6,r,img/target_4.png
29,1,62,lattice,8,e,img/target_3.png
29,1,63,lattice,7,i,img/target_8.png
29,1,64,lattice,8,e,img/target_3.png
29,1,65,lattice,6,r,img/target_4.png
29,1,66,lattice,4,w,img/target_2.png
29,1,67,lattice,2,b,img/target_6.png
29,1,68,lattice,1,p,img/target_10.png
29,1,69,lattice,0,v,img/target_5.png
29,1,70,lattice,9,q,img/target_1.png
29,1,71,lattice,0,v,img/target_5.png
29,1,72,lattice,8,e,img/target_3.png
29,1,73,lattice,6,r,img/target_4.png
29,1,74,lattice,5,o,img/target_9.png
29,1,75,lattice,7,i,img/target_8.png
29,1,76,lattice,6,r,img/target_4.png
29,1,77,lattice,7,i,img/target_8.png
29,1,78,lattice,8,e,img/target_3.png
29,1,79,lattice,0,v,img/target_5.png
29,1,80,lattice,8,e,img/target_3.png
29,1,81,lattice,6,r,img/target_4.png
29,1,82,lattice,7,i,img/target_8.png
29,1,83,lattice,5,o,img/target_9.png
29,1,84,lattice,7,i,img/target_8.png
29,1,85,lattice,8,e,img/target_3.png
29,1,86,lattice,0,v,img/target_5.png
29,1,87,lattice,1,p,img/target_10.png
29,1,88,lattice,0,v,img/target_5.png
29,1,89,lattice,8,e,img/target_3.png
29,1,90,lattice,6,r,img/target_4.png
29,1,91,lattice,5,o,img/target_9.png
29,1,92,lattice,4,w,img/target_2.png
29,1,93,lattice,6,r,img/target_4.png
29,1,94,lattice,7,i,img/target_8.png
29,1,95,lattice,9,q,img/target_1.png
29,1,96,lattice,0,v,img/target_5.png
29,1,97,lattice,1,p,img/target_10.png
29,1,98,lattice,0,v,img/target_5.png
29,1,99,lattice,8,e,img/target_3.png
29,1,100,lattice,7,i,img/target_8.png
29,1,101,lattice,8,e,img/target_3.png
29,1,102,lattice,9,q,img/target_1.png
29,1,103,lattice,7,i,img/target_8.png
29,1,104,lattice,6,r,img/target_4.png
29,1,105,lattice,7,i,img/target_8.png
29,1,106,lattice,5,o,img/target_9.png
29,1,107,lattice,4,w,img/target_2.png
29,1,108,lattice,5,o,img/target_9.png
29,1,109,lattice,4,w,img/target_2.png
29,1,110,lattice,2,b,img/target_6.png
29,1,111,lattice,3,u,img/target_7.png
29,1,112,lattice,2,b,img/target_6.png
29,1,113,lattice,3,u,img/target_7.png
29,1,114,lattice,2,b,img/target_6.png
29,1,115,lattice,1,p,img/target_10.png
29,1,116,lattice,3,u,img/target_7.png
29,1,117,lattice,2,b,img/target_6.png
29,1,118,lattice,0,v,img/target_5.png
29,1,119,lattice,9,q,img/target_1.png
29,1,120,lattice,1,p,img/target_10.png
29,1,121,lattice,3,u,img/target_7.png
29,1,122,lattice,2,b,img/target_6.png
29,1,123,lattice,3,u,img/target_7.png
29,1,124,lattice,5,o,img/target_9.png
29,1,125,lattice,4,w,img/target_2.png
29,1,126,lattice,2,b,img/target_6.png
29,1,127,lattice,3,u,img/target_7.png
29,1,128,lattice,2,b,img/target_6.png
29,1,129,lattice,4,w,img/target_2.png
29,1,130,lattice,2,b,img/target_6.png
29,1,131,lattice,4,w,img/target_2.png
29,1,132,lattice,5,o,img/target_9.png
29,1,133,lattice,6,r,img/target_4.png
29,1,134,lattice,5,o,img/target_9.png
29,1,135,lattice,6,r,img/target_4.png
29,1,136,lattice,8,e,img/target_3.png
29,1,137,lattice,9,q,img/target_1.png
29,1,138,lattice,0,v,img/target_5.png
29,1,139,lattice,2,b,img/target_6.png
29,1,140,lattice,4,w,img/target_2.png
29,1,141,lattice,5,o,img/target_9.png
29,1,142,lattice,7,i,img/target_8.png
29,1,143,lattice,9,q,img/target_1.png
29,1,144,lattice,8,e,img/target_3.png
29,1,145,lattice,9,q,img/target_1.png
29,1,146,lattice,0,v,img/target_5.png
29,1,147,lattice,2,b,img/target_6.png
29,1,148,lattice,3,u,img/target_7.png
29,1,149,lattice,2,b,img/target_6.png
29,1,150,lattice,4,w,img/target_2.png
29,1,151,lattice,2,b,img/target_6.png
29,1,152,lattice,3,u,img/target_7.png
29,1,153,lattice,5,o,img/target_9.png
29,1,154,lattice,6,r,img/target_4.png
29,1,155,lattice,5,o,img/target_9.png
29,1,156,lattice,6,r,img/target_4.png
29,1,157,lattice,8,e,img/target_3.png
29,1,158,lattice,7,i,img/target_8.png
29,1,159,lattice,8,e,img/target_3.png
29,1,160,lattice,9,q,img/target_1.png
29,1,161,lattice,8,e,img/target_3.png
29,1,162,lattice,6,r,img/target_4.png
29,1,163,lattice,5,o,img/target_9.png
29,1,164,lattice,7,i,img/target_8.png
29,1,165,lattice,9,q,img/target_1.png
29,1,166,lattice,0,v,img/target_5.png
29,1,167,lattice,8,e,img/target_3.png
29,1,168,lattice,9,q,img/target_1.png
29,1,169,lattice,8,e,img/target_3.png
29,1,170,lattice,6,r,img/target_4.png
29,1,171,lattice,7,i,img/target_8.png
29,1,172,lattice,5,o,img/target_9.png
29,1,173,lattice,7,i,img/target_8.png
29,1,174,lattice,8,e,img/target_3.png
29,1,175,lattice,7,i,img/target_8.png
29,1,176,lattice,6,r,img/target_4.png
29,1,177,lattice,8,e,img/target_3.png
29,1,178,lattice,7,i,img/target_8.png
29,1,179,lattice,9,q,img/target_1.png
29,1,180,lattice,0,v,img/target_5.png
29,1,181,lattice,9,q,img/target_1.png
29,1,182,lattice,1,p,img/target_10.png
29,1,183,lattice,9,q,img/target_1.png
29,1,184,lattice,0,v,img/target_5.png
29,1,185,lattice,2,b,img/target_6.png
29,1,186,lattice,1,p,img/target_10.png
29,1,187,lattice,3,u,img/target_7.png
29,1,188,lattice,5,o,img/target_9.png
29,1,189,lattice,3,u,img/target_7.png
29,1,190,lattice,4,w,img/target_2.png
29,1,191,lattice,5,o,img/target_9.png
29,1,192,lattice,4,w,img/target_2.png
29,1,193,lattice,5,o,img/target_9.png
29,1,194,lattice,7,i,img/target_8.png
29,1,195,lattice,8,e,img/target_3.png
29,1,196,lattice,7,i,img/target_8.png
29,1,197,lattice,8,e,img/target_3.png
29,1,198,lattice,0,v,img/target_5.png
29,1,199,lattice,2,b,img/target_6.png
29,1,200,lattice,3,u,img/target_7.png
29,1,201,lattice,5,o,img/target_9.png
29,1,202,lattice,4,w,img/target_2.png
29,1,203,lattice,2,b,img/target_6.png
29,1,204,lattice,1,p,img/target_10.png
29,1,205,lattice,3,u,img/target_7.png
29,1,206,lattice,4,w,img/target_2.png
29,1,207,lattice,5,o,img/target_9.png
29,1,208,lattice,3,u,img/target_7.png
29,1,209,lattice,5,o,img/target_9.png
29,1,210,lattice,6,r,img/target_4.png
29,1,211,lattice,4,w,img/target_2.png
29,1,212,lattice,3,u,img/target_7.png
29,1,213,lattice,2,b,img/target_6.png
29,1,214,lattice,3,u,img/target_7.png
29,1,215,lattice,4,w,img/target_2.png
29,1,216,lattice,2,b,img/target_6.png
29,1,217,lattice,0,v,img/target_5.png
29,1,218,lattice,9,q,img/target_1.png
29,1,219,lattice,1,p,img/target_10.png
29,1,220,lattice,2,b,img/target_6.png
29,1,221,lattice,1,p,img/target_10.png
29,1,222,lattice,9,q,img/target_1.png
29,1,223,lattice,1,p,img/target_10.png
29,1,224,lattice,9,q,img/target_1.png
29,1,225,lattice,8,e,img/target_3.png
29,1,226,lattice,6,r,img/target_4.png
29,1,227,lattice,7,i,img/target_8.png
29,1,228,lattice,8,e,img/target_3.png
29,1,229,lattice,9,q,img/target_1.png
29,1,230,lattice,1,p,img/target_10.png
29,1,231,lattice,2,b,img/target_6.png
29,1,232,lattice,0,v,img/target_5.png
29,1,233,lattice,8,e,img/target_3.png
29,1,234,lattice,9,q,img/target_1.png
29,1,235,lattice,8,e,img/target_3.png
29,1,236,lattice,0,v,img/target_5.png
29,1,237,lattice,2,b,img/target_6.png
29,1,238,lattice,4,w,img/target_2.png
29,1,239,lattice,6,r,img/target_4.png
29,1,240,lattice,4,w,img/target_2.png
29,1,241,lattice,2,b,img/target_6.png
29,1,242,lattice,0,v,img/target_5.png
29,1,243,lattice,8,e,img/target_3.png
29,1,244,lattice,0,v,img/target_5.png
29,1,245,lattice,2,b,img/target_6.png
29,1,246,lattice,0,v,img/target_5.png
29,1,247,lattice,9,q,img/target_1.png
29,1,248,lattice,0,v,img/target_5.png
29,1,249,lattice,9,q,img/target_1.png
29,1,250,lattice,1,p,img/target_10.png
29,1,251,lattice,9,q,img/target_1.png
29,1,252,lattice,7,i,img/target_8.png
29,1,253,lattice,9,q,img/target_1.png
29,1,254,lattice,8,e,img/target_3.png
29,1,255,lattice,0,v,img/target_5.png
29,1,256,lattice,8,e,img/target_3.png
29,1,257,lattice,0,v,img/target_5.png
29,1,258,lattice,2,b,img/target_6.png
29,1,259,lattice,1,p,img/target_10.png
29,1,260,lattice,2,b,img/target_6.png
29,1,261,lattice,4,w,img/target_2.png
29,1,262,lattice,5,o,img/target_9.png
29,1,263,lattice,6,r,img/target_4.png
29,1,264,lattice,5,o,img/target_9.png
29,1,265,lattice,7,i,img/target_8.png
29,1,266,lattice,9,q,img/target_1.png
29,1,267,lattice,7,i,img/target_8.png
29,1,268,lattice,8,e,img/target_3.png
29,1,269,lattice,9,q,img/target_1.png
29,1,270,lattice,7,i,img/target_8.png
29,1,271,lattice,5,o,img/target_9.png
29,1,272,lattice,6,r,img/target_4.png
29,1,273,lattice,4,w,img/target_2.png
29,1,274,lattice,3,u,img/target_7.png
29,1,275,lattice,1,p,img/target_10.png
29,1,276,lattice,0,v,img/target_5.png
29,1,277,lattice,8,e,img/target_3.png
29,1,278,lattice,6,r,img/target_4.png
29,1,279,lattice,7,i,img/target_8.png
29,1,280,lattice,6,r,img/target_4.png
29,1,281,lattice,5,o,img/target_9.png
29,1,282,lattice,6,r,img/target_4.png
29,1,283,lattice,7,i,img/target_8.png
29,1,284,lattice,5,o,img/target_9.png
29,1,285,lattice,3,u,img/target_7.png
29,1,286,lattice,5,o,img/target_9.png
29,1,287,lattice,4,w,img/target_2.png
29,1,288,lattice,2,b,img/target_6.png
29,1,289,lattice,3,u,img/target_7.png
29,1,290,lattice,2,b,img/target_6.png
29,1,291,lattice,4,w,img/target_2.png
29,1,292,lattice,6,r,img/target_4.png
29,1,293,lattice,8,e,img/target_3.png
29,1,294,lattice,7,i,img/target_8.png
29,1,295,lattice,9,q,img/target_1.png
29,1,296,lattice,7,i,img/target_8.png
29,1,297,lattice,6,r,img/target_4.png
29,1,298,lattice,5,o,img/target_9.png
29,1,299,lattice,6,r,img/target_4.png
29,1,300,lattice,4,w,img/target_2.png
29,1,301,lattice,6,r,img/target_4.png
29,1,302,lattice,8,e,img/target_3.png
29,1,303,lattice,0,v,img/target_5.png
29,1,304,lattice,2,b,img/target_6.png
29,1,305,lattice,4,w,img/target_2.png
29,1,306,lattice,2,b,img/target_6.png
29,1,307,lattice,3,u,img/target_7.png
29,1,308,lattice,1,p,img/target_10.png
29,1,309,lattice,9,q,img/target_1.png
29,1,310,lattice,7,i,img/target_8.png
29,1,311,lattice,8,e,img/target_3.png
29,1,312,lattice,6,r,img/target_4.png
29,1,313,lattice,8,e,img/target_3.png
29,1,314,lattice,0,v,img/target_5.png
29,1,315,lattice,2,b,img/target_6.png
29,1,316,lattice,4,w,img/target_2.png
29,1,317,lattice,2,b,img/target_6.png
29,1,318,lattice,0,v,img/target_5.png
29,1,319,lattice,8,e,img/target_3.png
29,1,320,lattice,7,i,img/target_8.png
29,1,321,lattice,9,q,img/target_1.png
29,1,322,lattice,1,p,img/target_10.png
29,1,323,lattice,9,q,img/target_1.png
29,1,324,lattice,8,e,img/target_3.png
29,1,325,lattice,9,q,img/target_1.png
29,1,326,lattice,7,i,img/target_8.png
29,1,327,lattice,8,e,img/target_3.png
29,1,328,lattice,9,q,img/target_1.png
29,1,329,lattice,1,p,img/target_10.png
29,1,330,lattice,3,u,img/target_7.png
29,1,331,lattice,5,o,img/target_9.png
29,1,332,lattice,7,i,img/target_8.png
29,1,333,lattice,9,q,img/target_1.png
29,1,334,lattice,8,e,img/target_3.png
29,1,335,lattice,7,i,img/target_8.png
29,1,336,lattice,6,r,img/target_4.png
29,1,337,lattice,5,o,img/target_9.png
29,1,338,lattice,7,i,img/target_8.png
29,1,339,lattice,6,r,img/target_4.png
29,1,340,lattice,4,w,img/target_2.png
29,1,341,lattice,6,r,img/target_4.png
29,1,342,lattice,5,o,img/target_9.png
29,1,343,lattice,4,w,img/target_2.png
29,1,344,lattice,5,o,img/target_9.png
29,1,345,lattice,4,w,img/target_2.png
29,1,346,lattice,3,u,img/target_7.png
29,1,347,lattice,5,o,img/target_9.png
29,1,348,lattice,7,i,img/target_8.png
29,1,349,lattice,8,e,img/target_3.png
29,1,350,lattice,7,i,img/target_8.png
29,1,351,lattice,9,q,img/target_1.png
29,1,352,lattice,0,v,img/target_5.png
29,1,353,lattice,8,e,img/target_3.png
29,1,354,lattice,6,r,img/target_4.png
29,1,355,lattice,5,o,img/target_9.png
29,1,356,lattice,7,i,img/target_8.png
29,1,357,lattice,5,o,img/target_9.png
29,1,358,lattice,7,i,img/target_8.png
29,1,359,lattice,5,o,img/target_9.png
29,1,360,lattice,3,u,img/target_7.png
29,1,361,lattice,4,w,img/target_2.png
29,1,362,lattice,3,u,img/target_7.png
29,1,363,lattice,4,w,img/target_2.png
29,1,364,lattice,6,r,img/target_4.png
29,1,365,lattice,5,o,img/target_9.png
29,1,366,lattice,7,i,img/target_8.png
29,1,367,lattice,9,q,img/target_1.png
29,1,368,lattice,8,e,img/target_3.png
29,1,369,lattice,9,q,img/target_1.png
29,1,370,lattice,8,e,img/target_3.png
29,1,371,lattice,7,i,img/target_8.png
29,1,372,lattice,9,q,img/target_1.png
29,1,373,lattice,1,p,img/target_10.png
29,1,374,lattice,9,q,img/target_1.png
29,1,375,lattice,1,p,img/target_10.png
29,1,376,lattice,3,u,img/target_7.png
29,1,377,lattice,2,b,img/target_6.png
29,1,378,lattice,4,w,img/target_2.png
29,1,379,lattice,6,r,img/target_4.png
29,1,380,lattice,7,i,img/target_8.png
29,1,381,lattice,6,r,img/target_4.png
29,1,382,lattice,5,o,img/target_9.png
29,1,383,lattice,6,r,img/target_4.png
29,1,384,lattice,7,i,img/target_8.png
29,1,385,lattice,5,o,img/target_9.png
29,1,386,lattice,6,r,img/target_4.png
29,1,387,lattice,5,o,img/target_9.png
29,1,388,lattice,6,r,img/target_4.png
29,1,389,lattice,5,o,img/target_9.png
29,1,390,lattice,7,i,img/target_8.png
29,1,391,lattice,9,q,img/target_1.png
29,1,392,lattice,1,p,img/target_10.png
29,1,393,lattice,2,b,img/target_6.png
29,1,394,lattice,4,w,img/target_2.png
29,1,395,lattice,2,b,img/target_6.png
29,1,396,lattice,4,w,img/target_2.png
29,1,397,lattice,2,b,img/target_6.png
29,1,398,lattice,3,u,img/target_7.png
29,1,399,lattice,2,b,img/target_6.png
29,1,400,lattice,1,p,img/target_10.png
29,1,401,lattice,0,v,img/target_5.png
29,1,402,lattice,2,b,img/target_6.png
29,1,403,lattice,3,u,img/target_7.png
29,1,404,lattice,2,b,img/target_6.png
29,1,405,lattice,1,p,img/target_10.png
29,1,406,lattice,9,q,img/target_1.png
29,1,407,lattice,0,v,img/target_5.png
29,1,408,lattice,2,b,img/target_6.png
29,1,409,lattice,0,v,img/target_5.png
29,1,410,lattice,8,e,img/target_3.png
29,1,411,lattice,6,r,img/target_4.png
29,1,412,lattice,4,w,img/target_2.png
29,1,413,lattice,6,r,img/target_4.png
29,1,414,lattice,4,w,img/target_2.png
29,1,415,lattice,5,o,img/target_9.png
29,1,416,lattice,4,w,img/target_2.png
29,1,417,lattice,3,u,img/target_7.png
29,1,418,lattice,1,p,img/target_10.png
29,1,419,lattice,0,v,img/target_5.png
29,1,420,lattice,2,b,img/target_6.png
29,1,421,lattice,1,p,img/target_10.png
29,1,422,lattice,9,q,img/target_1.png
29,1,423,lattice,7,i,img/target_8.png
29,1,424,lattice,5,o,img/target_9.png
29,1,425,lattice,4,w,img/target_2.png
29,1,426,lattice,6,r,img/target_4.png
29,1,427,lattice,4,w,img/target_2.png
29,1,428,lattice,6,r,img/target_4.png
29,1,429,lattice,5,o,img/target_9.png
29,1,430,lattice,4,w,img/target_2.png
29,1,431,lattice,6,r,img/target_4.png
29,1,432,lattice,7,i,img/target_8.png
29,1,433,lattice,9,q,img/target_1.png
29,1,434,lattice,8,e,img/target_3.png
29,1,435,lattice,6,r,img/target_4.png
29,1,436,lattice,5,o,img/target_9.png
29,1,437,lattice,6,r,img/target_4.png
29,1,438,lattice,4,w,img/target_2.png
29,1,439,lattice,3,u,img/target_7.png
29,1,440,lattice,4,w,img/target_2.png
29,1,441,lattice,2,b,img/target_6.png
29,1,442,lattice,3,u,img/target_7.png
29,1,443,lattice,4,w,img/target_2.png
29,1,444,lattice,3,u,img/target_7.png
29,1,445,lattice,5,o,img/target_9.png
29,1,446,lattice,3,u,img/target_7.png
29,1,447,lattice,1,p,img/target_10.png
29,1,448,lattice,0,v,img/target_5.png
29,1,449,lattice,2,b,img/target_6.png
29,1,450,lattice,1,p,img/target_10.png
29,1,451,lattice,3,u,img/target_7.png
29,1,452,lattice,4,w,img/target_2.png
29,1,453,lattice,5,o,img/target_9.png
29,1,454,lattice,4,w,img/target_2.png
29,1,455,lattice,5,o,img/target_9.png
29,1,456,lattice,3,u,img/target_7.png
29,1,457,lattice,1,p,img/target_10.png
29,1,458,lattice,3,u,img/target_7.png
29,1,459,lattice,4,w,img/target_2.png
29,1,460,lattice,3,u,img/target_7.png
29,1,461,lattice,5,o,img/target_9.png
29,1,462,lattice,3,u,img/target_7.png
29,1,463,lattice,4,w,img/target_2.png
29,1,464,lattice,3,u,img/target_7.png
29,1,465,lattice,5,o,img/target_9.png
29,1,466,lattice,4,w,img/target_2.png
29,1,467,lattice,6,r,img/target_4.png
29,1,468,lattice,5,o,img/target_9.png
29,1,469,lattice,7,i,img/target_8.png
29,1,470,lattice,6,r,img/target_4.png
29,1,471,lattice,5,o,img/target_9.png
29,1,472,lattice,7,i,img/target_8.png
29,1,473,lattice,6,r,img/target_4.png
29,1,474,lattice,8,e,img/target_3.png
29,1,475,lattice,7,i,img/target_8.png
29,1,476,lattice,6,r,img/target_4.png
29,1,477,lattice,8,e,img/target_3.png
29,1,478,lattice,9,q,img/target_1.png
29,1,479,lattice,8,e,img/target_3.png
29,1,480,lattice,0,v,img/target_5.png
29,1,481,lattice,1,p,img/target_10.png
29,1,482,lattice,0,v,img/target_5.png
29,1,483,lattice,9,q,img/target_1.png
29,1,484,lattice,7,i,img/target_8.png
29,1,485,lattice,6,r,img/target_4.png
29,1,486,lattice,5,o,img/target_9.png
29,1,487,lattice,7,i,img/target_8.png
29,1,488,lattice,9,q,img/target_1.png
29,1,489,lattice,1,p,img/target_10.png
29,1,490,lattice,2,b,img/target_6.png
29,1,491,lattice,4,w,img/target_2.png
29,1,492,lattice,3,u,img/target_7.png
29,1,493,lattice,5,o,img/target_9.png
29,1,494,lattice,3,u,img/target_7.png
29,1,495,lattice,2,b,img/target_6.png
29,1,496,lattice,4,w,img/target_2.png
29,1,497,lattice,5,o,img/target_9.png
29,1,498,lattice,4,w,img/target_2.png
29,1,499,lattice,5,o,img/target_9.png
29,1,500,lattice,4,w,img/target_2.png
29,1,501,lattice,6,r,img/target_4.png
29,1,502,lattice,5,o,img/target_9.png
29,1,503,lattice,4,w,img/target_2.png
29,1,504,lattice,2,b,img/target_6.png
29,1,505,lattice,0,v,img/target_5.png
29,1,506,lattice,8,e,img/target_3.png
29,1,507,lattice,0,v,img/target_5.png
29,1,508,lattice,1,p,img/target_10.png
29,1,509,lattice,3,u,img/target_7.png
29,1,510,lattice,2,b,img/target_6.png
29,1,511,lattice,4,w,img/target_2.png
29,1,512,lattice,2,b,img/target_6.png
29,1,513,lattice,3,u,img/target_7.png
29,1,514,lattice,4,w,img/target_2.png
29,1,515,lattice,2,b,img/target_6.png
29,1,516,lattice,1,p,img/target_10.png
29,1,517,lattice,2,b,img/target_6.png
29,1,518,lattice,1,p,img/target_10.png
29,1,519,lattice,2,b,img/target_6.png
29,1,520,lattice,4,w,img/target_2.png
29,1,521,lattice,3,u,img/target_7.png
29,1,522,lattice,1,p,img/target_10.png
29,1,523,lattice,0,v,img/target_5.png
29,1,524,lattice,8,e,img/target_3.png
29,1,525,lattice,7,i,img/target_8.png
29,1,526,lattice,5,o,img/target_9.png
29,1,527,lattice,6,r,img/target_4.png
29,1,528,lattice,5,o,img/target_9.png
29,1,529,lattice,7,i,img/target_8.png
29,1,530,lattice,5,o,img/target_9.png
29,1,531,lattice,3,u,img/target_7.png
29,1,532,lattice,2,b,img/target_6.png
29,1,533,lattice,1,p,img/target_10.png
29,1,534,lattice,2,b,img/target_6.png
29,1,535,lattice,1,p,img/target_10.png
29,1,536,lattice,0,v,img/target_5.png
29,1,537,lattice,9,q,img/target_1.png
29,1,538,lattice,1,p,img/target_10.png
29,1,539,lattice,0,v,img/target_5.png
29,1,540,lattice,1,p,img/target_10.png
29,1,541,lattice,0,v,img/target_5.png
29,1,542,lattice,1,p,img/target_10.png
29,1,543,lattice,0,v,img/target_5.png
29,1,544,lattice,8,e,img/target_3.png
29,1,545,lattice,7,i,img/target_8.png
29,1,546,lattice,6,r,img/target_4.png
29,1,547,lattice,5,o,img/target_9.png
29,1,548,lattice,7,i,img/target_8.png
29,1,549,lattice,5,o,img/target_9.png
29,1,550,lattice,3,u,img/target_7.png
29,1,551,lattice,2,b,img/target_6.png
29,1,552,lattice,4,w,img/target_2.png
29,1,553,lattice,2,b,img/target_6.png
29,1,554,lattice,4,w,img/target_2.png
29,1,555,lattice,6,r,img/target_4.png
29,1,556,lattice,5,o,img/target_9.png
29,1,557,lattice,6,r,img/target_4.png
29,1,558,lattice,7,i,img/target_8.png
29,1,559,lattice,8,e,img/target_3.png
29,1,560,lattice,9,q,img/target_1.png
29,1,561,lattice,1,p,img/target_10.png
29,1,562,lattice,9,q,img/target_1.png
29,1,563,lattice,7,i,img/target_8.png
29,1,564,lattice,9,q,img/target_1.png
29,1,565,lattice,1,p,img/target_10.png
29,1,566,lattice,0,v,img/target_5.png
29,1,567,lattice,2,b,img/target_6.png
29,1,568,lattice,1,p,img/target_10.png
29,1,569,lattice,3,u,img/target_7.png
29,1,570,lattice,5,o,img/target_9.png
29,1,571,lattice,6,r,img/target_4.png
29,1,572,lattice,7,i,img/target_8.png
29,1,573,lattice,9,q,img/target_1.png
29,1,574,lattice,8,e,img/target_3.png
29,1,575,lattice,7,i,img/target_8.png
29,1,576,lattice,9,q,img/target_1.png
29,1,577,lattice,7,i,img/target_8.png
29,1,578,lattice,8,e,img/target_3.png
29,1,579,lattice,6,r,img/target_4.png
29,1,580,lattice,8,e,img/target_3.png
29,1,581,lattice,6,r,img/target_4.png
29,1,582,lattice,5,o,img/target_9.png
29,1,583,lattice,3,u,img/target_7.png
29,1,584,lattice,2,b,img/target_6.png
29,1,585,lattice,1,p,img/target_10.png
29,1,586,lattice,9,q,img/target_1.png
29,1,587,lattice,1,p,img/target_10.png
29,1,588,lattice,3,u,img/target_7.png
29,1,589,lattice,2,b,img/target_6.png
29,1,590,lattice,3,u,img/target_7.png
29,1,591,lattice,5,o,img/target_9.png
29,1,592,lattice,7,i,img/target_8.png
29,1,593,lattice,5,o,img/target_9.png
29,1,594,lattice,7,i,img/target_8.png
29,1,595,lattice,5,o,img/target_9.png
29,1,596,lattice,3,u,img/target_7.png
29,1,597,lattice,5,o,img/target_9.png
29,1,598,lattice,3,u,img/target_7.png
29,1,599,lattice,5,o,img/target_9.png
29,1,600,lattice,3,u,img/target_7.png
29,1,601,lattice,5,o,img/target_9.png
29,1,602,lattice,6,r,img/target_4.png
29,1,603,lattice,8,e,img/target_3.png
29,1,604,lattice,0,v,img/target_5.png
29,1,605,lattice,1,p,img/target_10.png
29,1,606,lattice,2,b,img/target_6.png
29,1,607,lattice,1,p,img/target_10.png
29,1,608,lattice,9,q,img/target_1.png
29,1,609,lattice,8,e,img/target_3.png
29,1,610,lattice,6,r,img/target_4.png
29,1,611,lattice,4,w,img/target_2.png
29,1,612,lattice,2,b,img/target_6.png
29,1,613,lattice,0,v,img/target_5.png
29,1,614,lattice,9,q,img/target_1.png
29,1,615,lattice,7,i,img/target_8.png
29,1,616,lattice,9,q,img/target_1.png
29,1,617,lattice,1,p,img/target_10.png
29,1,618,lattice,9,q,img/target_1.png
29,1,619,lattice,7,i,img/target_8.png
29,1,620,lattice,9,q,img/target_1.png
29,1,621,lattice,0,v,img/target_5.png
29,1,622,lattice,1,p,img/target_10.png
29,1,623,lattice,0,v,img/target_5.png
29,1,624,lattice,2,b,img/target_6.png
29,1,625,lattice,0,v,img/target_5.png
29,1,626,lattice,2,b,img/target_6.png
29,1,627,lattice,3,u,img/target_7.png
29,1,628,lattice,4,w,img/target_2.png
29,1,629,lattice,3,u,img/target_7.png
29,1,630,lattice,4,w,img/target_2.png
29,1,631,lattice,2,b,img/target_6.png
29,1,632,lattice,0,v,img/target_5.png
29,1,633,lattice,2,b,img/target_6.png
29,1,634,lattice,1,p,img/target_10.png
29,1,635,lattice,2,b,img/target_6.png
29,1,636,lattice,3,u,img/target_7.png
29,1,637,lattice,1,p,img/target_10.png
29,1,638,lattice,9,q,img/target_1.png
29,1,639,lattice,8,e,img/target_3.png
29,1,640,lattice,9,q,img/target_1.png
29,1,641,lattice,7,i,img/target_8.png
29,1,642,lattice,8,e,img/target_3.png
29,1,643,lattice,0,v,img/target_5.png
29,1,644,lattice,2,b,img/target_6.png
29,1,645,lattice,1,p,img/target_10.png
29,1,646,lattice,2,b,img/target_6.png
29,1,647,lattice,3,u,img/target_7.png
29,1,648,lattice,5,o,img/target_9.png
29,1,649,lattice,4,w,img/target_2.png
29,1,650,lattice,2,b,img/target_6.png
29,1,651,lattice,1,p,img/target_10.png
29,1,652,lattice,3,u,img/target_7.png
29,1,653,lattice,5,o,img/target_9.png
29,1,654,lattice,3,u,img/target_7.png
29,1,655,lattice,2,b,img/target_6.png
29,1,656,lattice,1,p,img/target_10.png
29,1,657,lattice,2,b,img/target_6.png
29,1,658,lattice,0,v,img/target_5.png
29,1,659,lattice,8,e,img/target_3.png
29,1,660,lattice,6,r,img/target_4.png
29,1,661,lattice,5,o,img/target_9.png
29,1,662,lattice,7,i,img/target_8.png
29,1,663,lattice,8,e,img/target_3.png
29,1,664,lattice,0,v,img/target_5.png
29,1,665,lattice,2,b,img/target_6.png
29,1,666,lattice,3,u,img/target_7.png
29,1,667,lattice,1,p,img/target_10.png
29,1,668,lattice,3,u,img/target_7.png
29,1,669,lattice,4,w,img/target_2.png
29,1,670,lattice,3,u,img/target_7.png
29,1,671,lattice,4,w,img/target_2.png
29,1,672,lattice,5,o,img/target_9.png
29,1,673,lattice,6,r,img/target_4.png
29,1,674,lattice,5,o,img/target_9.png
29,1,675,lattice,4,w,img/target_2.png
29,1,676,lattice,6,r,img/target_4.png
29,1,677,lattice,7,i,img/target_8.png
29,1,678,lattice,9,q,img/target_1.png
29,1,679,lattice,8,e,img/target_3.png
29,1,680,lattice,9,q,img/target_1.png
29,1,681,lattice,7,i,img/target_8.png
29,1,682,lattice,8,e,img/target_3.png
29,1,683,lattice,9,q,img/target_1.png
29,1,684,lattice,1,p,img/target_10.png
29,1,685,lattice,3,u,img/target_7.png
29,1,686,lattice,1,p,img/target_10.png
29,1,687,lattice,9,q,img/target_1.png
29,1,688,lattice,7,i,img/target_8.png
29,1,689,lattice,5,o,img/target_9.png
29,1,690,lattice,4,w,img/target_2.png
29,1,691,lattice,5,o,img/target_9.png
29,1,692,lattice,6,r,img/target_4.png
29,1,693,lattice,8,e,img/target_3.png
29,1,694,lattice,7,i,img/target_8.png
29,1,695,lattice,9,q,img/target_1.png
29,1,696,lattice,0,v,img/target_5.png
29,1,697,lattice,1,p,img/target_10.png
29,1,698,lattice,0,v,img/target_5.png
29,1,699,lattice,9,q,img/target_1.png
29,1,700,lattice,7,i,img/target_8.png
29,1,701,lattice,8,e,img/target_3.png
29,1,702,lattice,0,v,img/target_5.png
29,1,703,lattice,8,e,img/target_3.png
29,1,704,lattice,0,v,img/target_5.png
29,1,705,lattice,1,p,img/target_10.png
29,1,706,lattice,2,b,img/target_6.png
29,1,707,lattice,1,p,img/target_10.png
29,1,708,lattice,0,v,img/target_5.png
29,1,709,lattice,2,b,img/target_6.png
29,1,710,lattice,3,u,img/target_7.png
29,1,711,lattice,1,p,img/target_10.png
29,1,712,lattice,2,b,img/target_6.png
29,1,713,lattice,1,p,img/target_10.png
29,1,714,lattice,9,q,img/target_1.png
29,1,715,lattice,8,e,img/target_3.png
29,1,716,lattice,9,q,img/target_1.png
29,1,717,lattice,8,e,img/target_3.png
29,1,718,lattice,0,v,img/target_5.png
29,1,719,lattice,9,q,img/target_1.png
29,1,720,lattice,0,v,img/target_5.png
29,1,721,lattice,9,q,img/target_1.png
29,1,722,lattice,0,v,img/target_5.png
29,1,723,lattice,1,p,img/target_10.png
29,1,724,lattice,3,u,img/target_7.png
29,1,725,lattice,2,b,img/target_6.png
29,1,726,lattice,4,w,img/target_2.png
29,1,727,lattice,6,r,img/target_4.png
29,1,728,lattice,4,w,img/target_2.png
29,1,729,lattice,5,o,img/target_9.png
29,1,730,lattice,7,i,img/target_8.png
29,1,731,lattice,5,o,img/target_9.png
29,1,732,lattice,4,w,img/target_2.png
29,1,733,lattice,3,u,img/target_7.png
29,1,734,lattice,5,o,img/target_9.png
29,1,735,lattice,4,w,img/target_2.png
29,1,736,lattice,3,u,img/target_7.png
29,1,737,lattice,5,o,img/target_9.png
29,1,738,lattice,3,u,img/target_7.png
29,1,739,lattice,5,o,img/target_9.png
29,1,740,lattice,3,u,img/target_7.png
29,1,741,lattice,4,w,img/target_2.png
29,1,742,lattice,3,u,img/target_7.png
29,1,743,lattice,5,o,img/target_9.png
29,1,744,lattice,3,u,img/target_7.png
29,1,745,lattice,4,w,img/target_2.png
29,1,746,lattice,6,r,img/target_4.png
29,1,747,lattice,8,e,img/target_3.png
29,1,748,lattice,6,r,img/target_4.png
29,1,749,lattice,7,i,img/target_8.png
29,1,750,lattice,5,o,img/target_9.png
29,1,751,lattice,6,r,img/target_4.png
29,1,752,lattice,5,o,img/target_9.png
29,1,753,lattice,6,r,img/target_4.png
29,1,754,lattice,4,w,img/target_2.png
29,1,755,lattice,5,o,img/target_9.png
29,1,756,lattice,3,u,img/target_7.png
29,1,757,lattice,5,o,img/target_9.png
29,1,758,lattice,7,i,img/target_8.png
29,1,759,lattice,5,o,img/target_9.png
29,1,760,lattice,3,u,img/target_7.png
29,1,761,lattice,2,b,img/target_6.png
29,1,762,lattice,4,w,img/target_2.png
29,1,763,lattice,3,u,img/target_7.png
29,1,764,lattice,4,w,img/target_2.png
29,1,765,lattice,3,u,img/target_7.png
29,1,766,lattice,2,b,img/target_6.png
29,1,767,lattice,0,v,img/target_5.png
29,1,768,lattice,8,e,img/target_3.png
29,1,769,lattice,7,i,img/target_8.png
29,1,770,lattice,6,r,img/target_4.png
29,1,771,lattice,7,i,img/target_8.png
29,1,772,lattice,9,q,img/target_1.png
29,1,773,lattice,0,v,img/target_5.png
29,1,774,lattice,9,q,img/target_1.png
29,1,775,lattice,0,v,img/target_5.png
29,1,776,lattice,8,e,img/target_3.png
29,1,777,lattice,6,r,img/target_4.png
29,1,778,lattice,8,e,img/target_3.png
29,1,779,lattice,9,q,img/target_1.png
29,1,780,lattice,7,i,img/target_8.png
29,1,781,lattice,6,r,img/target_4.png
29,1,782,lattice,4,w,img/target_2.png
29,1,783,lattice,6,r,img/target_4.png
29,1,784,lattice,8,e,img/target_3.png
29,1,785,lattice,9,q,img/target_1.png
29,1,786,lattice,8,e,img/target_3.png
29,1,787,lattice,9,q,img/target_1.png
29,1,788,lattice,8,e,img/target_3.png
29,1,789,lattice,7,i,img/target_8.png
29,1,790,lattice,6,r,img/target_4.png
29,1,791,lattice,4,w,img/target_2.png
29,1,792,lattice,5,o,img/target_9.png
29,1,793,lattice,7,i,img/target_8.png
29,1,794,lattice,8,e,img/target_3.png
29,1,795,lattice,0,v,img/target_5.png
29,1,796,lattice,1,p,img/target_10.png
29,1,797,lattice,2,b,img/target_6.png
29,1,798,lattice,0,v,img/target_5.png
29,1,799,lattice,9,q,img/target_1.png
29,1,800,lattice,7,i,img/target_8.png
29,1,801,lattice,5,o,img/target_9.png
29,1,802,lattice,3,u,img/target_7.png
29,1,803,lattice,5,o,img/target_9.png
29,1,804,lattice,7,i,img/target_8.png
29,1,805,lattice,6,r,img/target_4.png
29,1,806,lattice,5,o,img/target_9.png
29,1,807,lattice,7,i,img/target_8.png
29,1,808,lattice,6,r,img/target_4.png
29,1,809,lattice,7,i,img/target_8.png
29,1,810,lattice,6,r,img/target_4.png
29,1,811,lattice,7,i,img/target_8.png
29,1,812,lattice,6,r,img/target_4.png
29,1,813,lattice,7,i,img/target_8.png
29,1,814,lattice,8,e,img/target_3.png
29,1,815,lattice,0,v,img/target_5.png
29,1,816,lattice,9,q,img/target_1.png
29,1,817,lattice,8,e,img/target_3.png
29,1,818,lattice,9,q,img/target_1.png
29,1,819,lattice,8,e,img/target_3.png
29,1,820,lattice,7,i,img/target_8.png
29,1,821,lattice,9,q,img/target_1.png
29,1,822,lattice,8,e,img/target_3.png
29,1,823,lattice,7,i,img/target_8.png
29,1,824,lattice,5,o,img/target_9.png
29,1,825,lattice,3,u,img/target_7.png
29,1,826,lattice,4,w,img/target_2.png
29,1,827,lattice,5,o,img/target_9.png
29,1,828,lattice,6,r,img/target_4.png
29,1,829,lattice,7,i,img/target_8.png
29,1,830,lattice,5,o,img/target_9.png
29,1,831,lattice,4,w,img/target_2.png
29,1,832,lattice,6,r,img/target_4.png
29,1,833,lattice,5,o,img/target_9.png
29,1,834,lattice,3,u,img/target_7.png
29,1,835,lattice,2,b,img/target_6.png
29,1,836,lattice,3,u,img/target_7.png
29,1,837,lattice,4,w,img/target_2.png
29,1,838,lattice,6,r,img/target_4.png
29,1,839,lattice,5,o,img/target_9.png
29,1,840,lattice,4,w,img/target_2.png
29,1,841,lattice,2,b,img/target_6.png
29,1,842,lattice,4,w,img/target_2.png
29,1,843,lattice,6,r,img/target_4.png
29,1,844,lattice,4,w,img/target_2.png
29,1,845,lattice,3,u,img/target_7.png
29,1,846,lattice,5,o,img/target_9.png
29,1,847,lattice,3,u,img/target_7.png
29,1,848,lattice,2,b,img/target_6.png
29,1,849,lattice,1,p,img/target_10.png
29,1,850,lattice,0,v,img/target_5.png
29,1,851,lattice,9,q,img/target_1.png
29,1,852,lattice,1,p,img/target_10.png
29,1,853,lattice,0,v,img/target_5.png
29,1,854,lattice,8,e,img/target_3.png
29,1,855,lattice,6,r,img/target_4.png
29,1,856,lattice,4,w,img/target_2.png
29,1,857,lattice,6,r,img/target_4.png
29,1,858,lattice,8,e,img/target_3.png
29,1,859,lattice,9,q,img/target_1.png
29,1,860,lattice,1,p,img/target_10.png
29,1,861,lattice,3,u,img/target_7.png
29,1,862,lattice,4,w,img/target_2.png
29,1,863,lattice,3,u,img/target_7.png
29,1,864,lattice,1,p,img/target_10.png
29,1,865,lattice,3,u,img/target_7.png
29,1,866,lattice,2,b,img/target_6.png
29,1,867,lattice,0,v,img/target_5.png
29,1,868,lattice,2,b,img/target_6.png
29,1,869,lattice,3,u,img/target_7.png
29,1,870,lattice,2,b,img/target_6.png
29,1,871,lattice,0,v,img/target_5.png
29,1,872,lattice,2,b,img/target_6.png
29,1,873,lattice,1,p,img/target_10.png
29,1,874,lattice,9,q,img/target_1.png
29,1,875,lattice,8,e,img/target_3.png
29,1,876,lattice,7,i,img/target_8.png
29,1,877,lattice,8,e,img/target_3.png
29,1,878,lattice,6,r,img/target_4.png
29,1,879,lattice,8,e,img/target_3.png
29,1,880,lattice,6,r,img/target_4.png
29,1,881,lattice,5,o,img/target_9.png
29,1,882,lattice,3,u,img/target_7.png
29,1,883,lattice,5,o,img/target_9.png
29,1,884,lattice,4,w,img/target_2.png
29,1,885,lattice,6,r,img/target_4.png
29,1,886,lattice,5,o,img/target_9.png
29,1,887,lattice,3,u,img/target_7.png
29,1,888,lattice,1,p,img/target_10.png
29,1,889,lattice,0,v,img/target_5.png
29,1,890,lattice,9,q,img/target_1.png
29,1,891,lattice,8,e,img/target_3.png
29,1,892,lattice,7,i,img/target_8.png
29,1,893,lattice,6,r,img/target_4.png
29,1,894,lattice,7,i,img/target_8.png
29,1,895,lattice,9,q,img/target_1.png
29,1,896,lattice,8,e,img/target_3.png
29,1,897,lattice,6,r,img/target_4.png
29,1,898,lattice,5,o,img/target_9.png
29,1,899,lattice,7,i,img/target_8.png
29,1,900,lattice,9,q,img/target_1.png
29,1,901,lattice,7,i,img/target_8.png
29,1,902,lattice,9,q,img/target_1.png
29,1,903,lattice,7,i,img/target_8.png
29,1,904,lattice,9,q,img/target_1.png
29,1,905,lattice,1,p,img/target_10.png
29,1,906,lattice,9,q,img/target_1.png
29,1,907,lattice,7,i,img/target_8.png
29,1,908,lattice,8,e,img/target_3.png
29,1,909,lattice,9,q,img/target_1.png
29,1,910,lattice,8,e,img/target_3.png
29,1,911,lattice,0,v,img/target_5.png
29,1,912,lattice,1,p,img/target_10.png
29,1,913,lattice,9,q,img/target_1.png
29,1,914,lattice,7,i,img/target_8.png
29,1,915,lattice,5,o,img/target_9.png
29,1,916,lattice,4,w,img/target_2.png
29,1,917,lattice,2,b,img/target_6.png
29,1,918,lattice,3,u,img/target_7.png
29,1,919,lattice,5,o,img/target_9.png
29,1,920,lattice,7,i,img/target_8.png
29,1,921,lattice,8,e,img/target_3.png
29,1,922,lattice,6,r,img/target_4.png
29,1,923,lattice,7,i,img/target_8.png
29,1,924,lattice,6,r,img/target_4.png
29,1,925,lattice,7,i,img/target_8.png
29,1,926,lattice,8,e,img/target_3.png
29,1,927,lattice,9,q,img/target_1.png
29,1,928,lattice,0,v,img/target_5.png
29,1,929,lattice,2,b,img/target_6.png
29,1,930,lattice,4,w,img/target_2.png
29,1,931,lattice,5,o,img/target_9.png
29,1,932,lattice,4,w,img/target_2.png
29,1,933,lattice,6,r,img/target_4.png
29,1,934,lattice,5,o,img/target_9.png
29,1,935,lattice,3,u,img/target_7.png
29,1,936,lattice,1,p,img/target_10.png
29,1,937,lattice,0,v,img/target_5.png
29,1,938,lattice,9,q,img/target_1.png
29,1,939,lattice,8,e,img/target_3.png
29,1,940,lattice,9,q,img/target_1.png
29,1,941,lattice,7,i,img/target_8.png
29,1,942,lattice,5,o,img/target_9.png
29,1,943,lattice,4,w,img/target_2.png
29,1,944,lattice,2,b,img/target_6.png
29,1,945,lattice,3,u,img/target_7.png
29,1,946,lattice,1,p,img/target_10.png
29,1,947,lattice,3,u,img/target_7.png
29,1,948,lattice,1,p,img/target_10.png
29,1,949,lattice,9,q,img/target_1.png
29,1,950,lattice,8,e,img/target_3.png
29,1,951,lattice,6,r,img/target_4.png
29,1,952,lattice,8,e,img/target_3.png
29,1,953,lattice,7,i,img/target_8.png
29,1,954,lattice,5,o,img/target_9.png
29,1,955,lattice,3,u,img/target_7.png
29,1,956,lattice,4,w,img/target_2.png
29,1,957,lattice,6,r,img/target_4.png
29,1,958,lattice,4,w,img/target_2.png
29,1,959,lattice,3,u,img/target_7.png
29,1,960,lattice,2,b,img/target_6.png
29,1,961,lattice,4,w,img/target_2.png
29,1,962,lattice,6,r,img/target_4.png
29,1,963,lattice,7,i,img/target_8.png
29,1,964,lattice,8,e,img/target_3.png
29,1,965,lattice,9,q,img/target_1.png
29,1,966,lattice,8,e,img/target_3.png
29,1,967,lattice,6,r,img/target_4.png
29,1,968,lattice,7,i,img/target_8.png
29,1,969,lattice,9,q,img/target_1.png
29,1,970,lattice,0,v,img/target_5.png
29,1,971,lattice,8,e,img/target_3.png
29,1,972,lattice,7,i,img/target_8.png
29,1,973,lattice,9,q,img/target_1.png
29,1,974,lattice,8,e,img/target_3.png
29,1,975,lattice,6,r,img/target_4.png
29,1,976,lattice,5,o,img/target_9.png
29,1,977,lattice,4,w,img/target_2.png
29,1,978,lattice,6,r,img/target_4.png
29,1,979,lattice,4,w,img/target_2.png
29,1,980,lattice,5,o,img/target_9.png
29,1,981,lattice,6,r,img/target_4.png
29,1,982,lattice,8,e,img/target_3.png
29,1,983,lattice,9,q,img/target_1.png
29,1,984,lattice,8,e,img/target_3.png
29,1,985,lattice,0,v,img/target_5.png
29,1,986,lattice,8,e,img/target_3.png
29,1,987,lattice,9,q,img/target_1.png
29,1,988,lattice,8,e,img/target_3.png
29,1,989,lattice,6,r,img/target_4.png
29,1,990,lattice,7,i,img/target_8.png
29,1,991,lattice,6,r,img/target_4.png
29,1,992,lattice,4,w,img/target_2.png
29,1,993,lattice,6,r,img/target_4.png
29,1,994,lattice,4,w,img/target_2.png
29,1,995,lattice,2,b,img/target_6.png
29,1,996,lattice,1,p,img/target_10.png
29,1,997,lattice,2,b,img/target_6.png
29,1,998,lattice,4,w,img/target_2.png
29,1,999,lattice,3,u,img/target_7.png
29,1,1000,lattice,5,o,img/target_9.png
