pID,trialNum,graph,walk,resp,path
34,1,modular,1,e,img/target_3.png
34,2,modular,0,q,img/target_1.png
34,3,modular,9,r,img/target_4.png
34,4,modular,6,p,img/target_10.png
34,5,modular,7,w,img/target_2.png
34,6,modular,5,v,img/target_5.png
34,7,modular,8,o,img/target_9.png
34,8,modular,7,w,img/target_2.png
34,9,modular,8,o,img/target_9.png
34,10,modular,7,w,img/target_2.png
34,11,modular,9,r,img/target_4.png
34,12,modular,0,q,img/target_1.png
34,13,modular,3,b,img/target_6.png
34,14,modular,0,q,img/target_1.png
34,15,modular,1,e,img/target_3.png
34,16,modular,0,q,img/target_1.png
34,17,modular,1,e,img/target_3.png
34,18,modular,0,q,img/target_1.png
34,19,modular,3,b,img/target_6.png
34,20,modular,0,q,img/target_1.png
34,21,modular,2,u,img/target_7.png
34,22,modular,3,b,img/target_6.png
34,23,modular,1,e,img/target_3.png
34,24,modular,3,b,img/target_6.png
34,25,modular,2,u,img/target_7.png
34,26,modular,3,b,img/target_6.png
34,27,modular,2,u,img/target_7.png
34,28,modular,1,e,img/target_3.png
34,29,modular,4,i,img/target_8.png
34,30,modular,1,e,img/target_3.png
34,31,modular,4,i,img/target_8.png
34,32,modular,3,b,img/target_6.png
34,33,modular,0,q,img/target_1.png
34,34,modular,1,e,img/target_3.png
34,35,modular,3,b,img/target_6.png
34,36,modular,0,q,img/target_1.png
34,37,modular,1,e,img/target_3.png
34,38,modular,2,u,img/target_7.png
34,39,modular,0,q,img/target_1.png
34,40,modular,1,e,img/target_3.png
34,41,modular,4,i,img/target_8.png
34,42,modular,1,e,img/target_3.png
34,43,modular,0,q,img/target_1.png
34,44,modular,2,u,img/target_7.png
34,45,modular,3,b,img/target_6.png
34,46,modular,0,q,img/target_1.png
34,47,modular,9,r,img/target_4.png
34,48,modular,7,w,img/target_2.png
34,49,modular,6,p,img/target_10.png
34,50,modular,7,w,img/target_2.png
34,51,modular,5,v,img/target_5.png
34,52,modular,6,p,img/target_10.png
34,53,modular,8,o,img/target_9.png
34,54,modular,9,r,img/target_4.png
34,55,modular,6,p,img/target_10.png
34,56,modular,7,w,img/target_2.png
34,57,modular,6,p,img/target_10.png
34,58,modular,8,o,img/target_9.png
34,59,modular,7,w,img/target_2.png
34,60,modular,5,v,img/target_5.png
34,61,modular,4,i,img/target_8.png
34,62,modular,2,u,img/target_7.png
34,63,modular,3,b,img/target_6.png
34,64,modular,0,q,img/target_1.png
34,65,modular,3,b,img/target_6.png
34,66,modular,1,e,img/target_3.png
34,67,modular,4,i,img/target_8.png
34,68,modular,3,b,img/target_6.png
34,69,modular,1,e,img/target_3.png
34,70,modular,0,q,img/target_1.png
34,71,modular,2,u,img/target_7.png
34,72,modular,0,q,img/target_1.png
34,73,modular,1,e,img/target_3.png
34,74,modular,0,q,img/target_1.png
34,75,modular,9,r,img/target_4.png
34,76,modular,8,o,img/target_9.png
34,77,modular,6,p,img/target_10.png
34,78,modular,9,r,img/target_4.png
34,79,modular,7,w,img/target_2.png
34,80,modular,9,r,img/target_4.png
34,81,modular,8,o,img/target_9.png
34,82,modular,6,p,img/target_10.png
34,83,modular,7,w,img/target_2.png
34,84,modular,5,v,img/target_5.png
34,85,modular,7,w,img/target_2.png
34,86,modular,5,v,img/target_5.png
34,87,modular,6,p,img/target_10.png
34,88,modular,7,w,img/target_2.png
34,89,modular,5,v,img/target_5.png
34,90,modular,8,o,img/target_9.png
34,91,modular,7,w,img/target_2.png
34,92,modular,6,p,img/target_10.png
34,93,modular,7,w,img/target_2.png
34,94,modular,9,r,img/target_4.png
34,95,modular,8,o,img/target_9.png
34,96,modular,7,w,img/target_2.png
34,97,modular,5,v,img/target_5.png
34,98,modular,6,p,img/target_10.png
34,99,modular,8,o,img/target_9.png
34,100,modular,9,r,img/target_4.png
34,101,modular,8,o,img/target_9.png
34,102,modular,6,p,img/target_10.png
34,103,modular,9,r,img/target_4.png
34,104,modular,6,p,img/target_10.png
34,105,modular,7,w,img/target_2.png
34,106,modular,8,o,img/target_9.png
34,107,modular,7,w,img/target_2.png
34,108,modular,9,r,img/target_4.png
34,109,modular,8,o,img/target_9.png
34,110,modular,5,v,img/target_5.png
34,111,modular,7,w,img/target_2.png
34,112,modular,5,v,img/target_5.png
34,113,modular,6,p,img/target_10.png
34,114,modular,7,w,img/target_2.png
34,115,modular,8,o,img/target_9.png
34,116,modular,5,v,img/target_5.png
34,117,modular,8,o,img/target_9.png
34,118,modular,6,p,img/target_10.png
34,119,modular,8,o,img/target_9.png
34,120,modular,6,p,img/target_10.png
34,121,modular,5,v,img/target_5.png
34,122,modular,4,i,img/target_8.png
34,123,modular,1,e,img/target_3.png
34,124,modular,3,b,img/target_6.png
34,125,modular,0,q,img/target_1.png
34,126,modular,3,b,img/target_6.png
34,127,modular,4,i,img/target_8.png
34,128,modular,3,b,img/target_6.png
34,129,modular,1,e,img/target_3.png
34,130,modular,2,u,img/target_7.png
34,131,modular,1,e,img/target_3.png
34,132,modular,3,b,img/target_6.png
34,133,modular,1,e,img/target_3.png
34,134,modular,0,q,img/target_1.png
34,135,modular,9,r,img/target_4.png
34,136,modular,6,p,img/target_10.png
34,137,modular,8,o,img/target_9.png
34,138,modular,5,v,img/target_5.png
34,139,modular,8,o,img/target_9.png
34,140,modular,6,p,img/target_10.png
34,141,modular,8,o,img/target_9.png
34,142,modular,9,r,img/target_4.png
34,143,modular,6,p,img/target_10.png
34,144,modular,9,r,img/target_4.png
34,145,modular,0,q,img/target_1.png
34,146,modular,2,u,img/target_7.png
34,147,modular,4,i,img/target_8.png
34,148,modular,1,e,img/target_3.png
34,149,modular,3,b,img/target_6.png
34,150,modular,2,u,img/target_7.png
34,151,modular,1,e,img/target_3.png
34,152,modular,0,q,img/target_1.png
34,153,modular,2,u,img/target_7.png
34,154,modular,4,i,img/target_8.png
34,155,modular,2,u,img/target_7.png
34,156,modular,0,q,img/target_1.png
34,157,modular,9,r,img/target_4.png
34,158,modular,7,w,img/target_2.png
34,159,modular,8,o,img/target_9.png
34,160,modular,7,w,img/target_2.png
34,161,modular,8,o,img/target_9.png
34,162,modular,7,w,img/target_2.png
34,163,modular,6,p,img/target_10.png
34,164,modular,7,w,img/target_2.png
34,165,modular,9,r,img/target_4.png
34,166,modular,6,p,img/target_10.png
34,167,modular,7,w,img/target_2.png
34,168,modular,8,o,img/target_9.png
34,169,modular,9,r,img/target_4.png
34,170,modular,7,w,img/target_2.png
34,171,modular,9,r,img/target_4.png
34,172,modular,6,p,img/target_10.png
34,173,modular,7,w,img/target_2.png
34,174,modular,9,r,img/target_4.png
34,175,modular,8,o,img/target_9.png
34,176,modular,5,v,img/target_5.png
34,177,modular,4,i,img/target_8.png
34,178,modular,1,e,img/target_3.png
34,179,modular,4,i,img/target_8.png
34,180,modular,1,e,img/target_3.png
34,181,modular,4,i,img/target_8.png
34,182,modular,1,e,img/target_3.png
34,183,modular,2,u,img/target_7.png
34,184,modular,4,i,img/target_8.png
34,185,modular,3,b,img/target_6.png
34,186,modular,1,e,img/target_3.png
34,187,modular,4,i,img/target_8.png
34,188,modular,2,u,img/target_7.png
34,189,modular,0,q,img/target_1.png
34,190,modular,9,r,img/target_4.png
34,191,modular,8,o,img/target_9.png
34,192,modular,5,v,img/target_5.png
34,193,modular,7,w,img/target_2.png
34,194,modular,5,v,img/target_5.png
34,195,modular,8,o,img/target_9.png
34,196,modular,7,w,img/target_2.png
34,197,modular,8,o,img/target_9.png
34,198,modular,5,v,img/target_5.png
34,199,modular,6,p,img/target_10.png
34,200,modular,7,w,img/target_2.png
34,201,modular,6,p,img/target_10.png
34,202,modular,5,v,img/target_5.png
34,203,modular,7,w,img/target_2.png
34,204,modular,5,v,img/target_5.png
34,205,modular,6,p,img/target_10.png
34,206,modular,5,v,img/target_5.png
34,207,modular,6,p,img/target_10.png
34,208,modular,9,r,img/target_4.png
34,209,modular,0,q,img/target_1.png
34,210,modular,9,r,img/target_4.png
34,211,modular,8,o,img/target_9.png
34,212,modular,7,w,img/target_2.png
34,213,modular,5,v,img/target_5.png
34,214,modular,6,p,img/target_10.png
34,215,modular,5,v,img/target_5.png
34,216,modular,4,i,img/target_8.png
34,217,modular,5,v,img/target_5.png
34,218,modular,8,o,img/target_9.png
34,219,modular,6,p,img/target_10.png
34,220,modular,7,w,img/target_2.png
34,221,modular,5,v,img/target_5.png
34,222,modular,6,p,img/target_10.png
34,223,modular,8,o,img/target_9.png
34,224,modular,5,v,img/target_5.png
34,225,modular,6,p,img/target_10.png
34,226,modular,7,w,img/target_2.png
34,227,modular,6,p,img/target_10.png
34,228,modular,5,v,img/target_5.png
34,229,modular,8,o,img/target_9.png
34,230,modular,5,v,img/target_5.png
34,231,modular,8,o,img/target_9.png
34,232,modular,9,r,img/target_4.png
34,233,modular,6,p,img/target_10.png
34,234,modular,5,v,img/target_5.png
34,235,modular,7,w,img/target_2.png
34,236,modular,6,p,img/target_10.png
34,237,modular,8,o,img/target_9.png
34,238,modular,5,v,img/target_5.png
34,239,modular,6,p,img/target_10.png
34,240,modular,5,v,img/target_5.png
34,241,modular,7,w,img/target_2.png
34,242,modular,8,o,img/target_9.png
34,243,modular,5,v,img/target_5.png
34,244,modular,6,p,img/target_10.png
34,245,modular,8,o,img/target_9.png
34,246,modular,9,r,img/target_4.png
34,247,modular,0,q,img/target_1.png
34,248,modular,2,u,img/target_7.png
34,249,modular,1,e,img/target_3.png
34,250,modular,0,q,img/target_1.png
34,251,modular,3,b,img/target_6.png
34,252,modular,0,q,img/target_1.png
34,253,modular,9,r,img/target_4.png
34,254,modular,0,q,img/target_1.png
34,255,modular,2,u,img/target_7.png
34,256,modular,1,e,img/target_3.png
34,257,modular,2,u,img/target_7.png
34,258,modular,4,i,img/target_8.png
34,259,modular,5,v,img/target_5.png
34,260,modular,7,w,img/target_2.png
34,261,modular,9,r,img/target_4.png
34,262,modular,0,q,img/target_1.png
34,263,modular,1,e,img/target_3.png
34,264,modular,4,i,img/target_8.png
34,265,modular,2,u,img/target_7.png
34,266,modular,0,q,img/target_1.png
34,267,modular,2,u,img/target_7.png
34,268,modular,0,q,img/target_1.png
34,269,modular,9,r,img/target_4.png
34,270,modular,7,w,img/target_2.png
34,271,modular,6,p,img/target_10.png
34,272,modular,7,w,img/target_2.png
34,273,modular,8,o,img/target_9.png
34,274,modular,5,v,img/target_5.png
34,275,modular,7,w,img/target_2.png
34,276,modular,9,r,img/target_4.png
34,277,modular,0,q,img/target_1.png
34,278,modular,9,r,img/target_4.png
34,279,modular,8,o,img/target_9.png
34,280,modular,7,w,img/target_2.png
34,281,modular,9,r,img/target_4.png
34,282,modular,7,w,img/target_2.png
34,283,modular,9,r,img/target_4.png
34,284,modular,0,q,img/target_1.png
34,285,modular,1,e,img/target_3.png
34,286,modular,4,i,img/target_8.png
34,287,modular,1,e,img/target_3.png
34,288,modular,2,u,img/target_7.png
34,289,modular,3,b,img/target_6.png
34,290,modular,2,u,img/target_7.png
34,291,modular,3,b,img/target_6.png
34,292,modular,1,e,img/target_3.png
34,293,modular,4,i,img/target_8.png
34,294,modular,2,u,img/target_7.png
34,295,modular,1,e,img/target_3.png
34,296,modular,0,q,img/target_1.png
34,297,modular,2,u,img/target_7.png
34,298,modular,3,b,img/target_6.png
34,299,modular,0,q,img/target_1.png
34,300,modular,1,e,img/target_3.png
34,301,modular,4,i,img/target_8.png
34,302,modular,3,b,img/target_6.png
34,303,modular,4,i,img/target_8.png
34,304,modular,1,e,img/target_3.png
34,305,modular,0,q,img/target_1.png
34,306,modular,9,r,img/target_4.png
34,307,modular,6,p,img/target_10.png
34,308,modular,9,r,img/target_4.png
34,309,modular,7,w,img/target_2.png
34,310,modular,5,v,img/target_5.png
34,311,modular,7,w,img/target_2.png
34,312,modular,5,v,img/target_5.png
34,313,modular,7,w,img/target_2.png
34,314,modular,5,v,img/target_5.png
34,315,modular,7,w,img/target_2.png
34,316,modular,5,v,img/target_5.png
34,317,modular,4,i,img/target_8.png
34,318,modular,5,v,img/target_5.png
34,319,modular,6,p,img/target_10.png
34,320,modular,8,o,img/target_9.png
34,321,modular,5,v,img/target_5.png
34,322,modular,8,o,img/target_9.png
34,323,modular,7,w,img/target_2.png
34,324,modular,6,p,img/target_10.png
34,325,modular,8,o,img/target_9.png
34,326,modular,7,w,img/target_2.png
34,327,modular,8,o,img/target_9.png
34,328,modular,7,w,img/target_2.png
34,329,modular,9,r,img/target_4.png
34,330,modular,8,o,img/target_9.png
34,331,modular,5,v,img/target_5.png
34,332,modular,8,o,img/target_9.png
34,333,modular,6,p,img/target_10.png
34,334,modular,9,r,img/target_4.png
34,335,modular,6,p,img/target_10.png
34,336,modular,5,v,img/target_5.png
34,337,modular,6,p,img/target_10.png
34,338,modular,8,o,img/target_9.png
34,339,modular,6,p,img/target_10.png
34,340,modular,9,r,img/target_4.png
34,341,modular,7,w,img/target_2.png
34,342,modular,6,p,img/target_10.png
34,343,modular,5,v,img/target_5.png
34,344,modular,4,i,img/target_8.png
34,345,modular,5,v,img/target_5.png
34,346,modular,6,p,img/target_10.png
34,347,modular,8,o,img/target_9.png
34,348,modular,7,w,img/target_2.png
34,349,modular,8,o,img/target_9.png
34,350,modular,9,r,img/target_4.png
34,351,modular,7,w,img/target_2.png
34,352,modular,6,p,img/target_10.png
34,353,modular,9,r,img/target_4.png
34,354,modular,0,q,img/target_1.png
34,355,modular,1,e,img/target_3.png
34,356,modular,4,i,img/target_8.png
34,357,modular,3,b,img/target_6.png
34,358,modular,2,u,img/target_7.png
34,359,modular,3,b,img/target_6.png
34,360,modular,1,e,img/target_3.png
34,361,modular,2,u,img/target_7.png
34,362,modular,4,i,img/target_8.png
34,363,modular,5,v,img/target_5.png
34,364,modular,6,p,img/target_10.png
34,365,modular,9,r,img/target_4.png
34,366,modular,0,q,img/target_1.png
34,367,modular,3,b,img/target_6.png
34,368,modular,4,i,img/target_8.png
34,369,modular,2,u,img/target_7.png
34,370,modular,1,e,img/target_3.png
34,371,modular,3,b,img/target_6.png
34,372,modular,2,u,img/target_7.png
34,373,modular,0,q,img/target_1.png
34,374,modular,3,b,img/target_6.png
34,375,modular,2,u,img/target_7.png
34,376,modular,4,i,img/target_8.png
34,377,modular,5,v,img/target_5.png
34,378,modular,8,o,img/target_9.png
34,379,modular,9,r,img/target_4.png
34,380,modular,0,q,img/target_1.png
34,381,modular,1,e,img/target_3.png
34,382,modular,0,q,img/target_1.png
34,383,modular,9,r,img/target_4.png
34,384,modular,0,q,img/target_1.png
34,385,modular,2,u,img/target_7.png
34,386,modular,3,b,img/target_6.png
34,387,modular,2,u,img/target_7.png
34,388,modular,1,e,img/target_3.png
34,389,modular,2,u,img/target_7.png
34,390,modular,3,b,img/target_6.png
34,391,modular,4,i,img/target_8.png
34,392,modular,1,e,img/target_3.png
34,393,modular,4,i,img/target_8.png
34,394,modular,1,e,img/target_3.png
34,395,modular,4,i,img/target_8.png
34,396,modular,3,b,img/target_6.png
34,397,modular,2,u,img/target_7.png
34,398,modular,4,i,img/target_8.png
34,399,modular,3,b,img/target_6.png
34,400,modular,4,i,img/target_8.png
34,401,modular,2,u,img/target_7.png
34,402,modular,0,q,img/target_1.png
34,403,modular,1,e,img/target_3.png
34,404,modular,2,u,img/target_7.png
34,405,modular,0,q,img/target_1.png
34,406,modular,3,b,img/target_6.png
34,407,modular,4,i,img/target_8.png
34,408,modular,3,b,img/target_6.png
34,409,modular,4,i,img/target_8.png
34,410,modular,3,b,img/target_6.png
34,411,modular,2,u,img/target_7.png
34,412,modular,4,i,img/target_8.png
34,413,modular,3,b,img/target_6.png
34,414,modular,4,i,img/target_8.png
34,415,modular,5,v,img/target_5.png
34,416,modular,6,p,img/target_10.png
34,417,modular,8,o,img/target_9.png
34,418,modular,5,v,img/target_5.png
34,419,modular,8,o,img/target_9.png
34,420,modular,7,w,img/target_2.png
34,421,modular,8,o,img/target_9.png
34,422,modular,5,v,img/target_5.png
34,423,modular,8,o,img/target_9.png
34,424,modular,9,r,img/target_4.png
34,425,modular,6,p,img/target_10.png
34,426,modular,5,v,img/target_5.png
34,427,modular,7,w,img/target_2.png
34,428,modular,5,v,img/target_5.png
34,429,modular,7,w,img/target_2.png
34,430,modular,8,o,img/target_9.png
34,431,modular,5,v,img/target_5.png
34,432,modular,7,w,img/target_2.png
34,433,modular,8,o,img/target_9.png
34,434,modular,7,w,img/target_2.png
34,435,modular,5,v,img/target_5.png
34,436,modular,8,o,img/target_9.png
34,437,modular,7,w,img/target_2.png
34,438,modular,5,v,img/target_5.png
34,439,modular,4,i,img/target_8.png
34,440,modular,1,e,img/target_3.png
34,441,modular,4,i,img/target_8.png
34,442,modular,1,e,img/target_3.png
34,443,modular,0,q,img/target_1.png
34,444,modular,1,e,img/target_3.png
34,445,modular,0,q,img/target_1.png
34,446,modular,2,u,img/target_7.png
34,447,modular,1,e,img/target_3.png
34,448,modular,3,b,img/target_6.png
34,449,modular,4,i,img/target_8.png
34,450,modular,1,e,img/target_3.png
34,451,modular,2,u,img/target_7.png
34,452,modular,3,b,img/target_6.png
34,453,modular,1,e,img/target_3.png
34,454,modular,4,i,img/target_8.png
34,455,modular,1,e,img/target_3.png
34,456,modular,2,u,img/target_7.png
34,457,modular,0,q,img/target_1.png
34,458,modular,3,b,img/target_6.png
34,459,modular,2,u,img/target_7.png
34,460,modular,1,e,img/target_3.png
34,461,modular,4,i,img/target_8.png
34,462,modular,2,u,img/target_7.png
34,463,modular,3,b,img/target_6.png
34,464,modular,2,u,img/target_7.png
34,465,modular,1,e,img/target_3.png
34,466,modular,0,q,img/target_1.png
34,467,modular,3,b,img/target_6.png
34,468,modular,4,i,img/target_8.png
34,469,modular,3,b,img/target_6.png
34,470,modular,4,i,img/target_8.png
34,471,modular,3,b,img/target_6.png
34,472,modular,4,i,img/target_8.png
34,473,modular,3,b,img/target_6.png
34,474,modular,4,i,img/target_8.png
34,475,modular,5,v,img/target_5.png
34,476,modular,7,w,img/target_2.png
34,477,modular,6,p,img/target_10.png
34,478,modular,5,v,img/target_5.png
34,479,modular,7,w,img/target_2.png
34,480,modular,8,o,img/target_9.png
34,481,modular,7,w,img/target_2.png
34,482,modular,5,v,img/target_5.png
34,483,modular,4,i,img/target_8.png
34,484,modular,3,b,img/target_6.png
34,485,modular,2,u,img/target_7.png
34,486,modular,3,b,img/target_6.png
34,487,modular,0,q,img/target_1.png
34,488,modular,3,b,img/target_6.png
34,489,modular,2,u,img/target_7.png
34,490,modular,0,q,img/target_1.png
34,491,modular,2,u,img/target_7.png
34,492,modular,4,i,img/target_8.png
34,493,modular,1,e,img/target_3.png
34,494,modular,3,b,img/target_6.png
34,495,modular,4,i,img/target_8.png
34,496,modular,5,v,img/target_5.png
34,497,modular,8,o,img/target_9.png
34,498,modular,7,w,img/target_2.png
34,499,modular,5,v,img/target_5.png
34,500,modular,6,p,img/target_10.png
34,501,modular,7,w,img/target_2.png
34,502,modular,9,r,img/target_4.png
34,503,modular,8,o,img/target_9.png
34,504,modular,7,w,img/target_2.png
34,505,modular,6,p,img/target_10.png
34,506,modular,5,v,img/target_5.png
34,507,modular,4,i,img/target_8.png
34,508,modular,2,u,img/target_7.png
34,509,modular,0,q,img/target_1.png
34,510,modular,9,r,img/target_4.png
34,511,modular,7,w,img/target_2.png
34,512,modular,8,o,img/target_9.png
34,513,modular,6,p,img/target_10.png
34,514,modular,7,w,img/target_2.png
34,515,modular,6,p,img/target_10.png
34,516,modular,7,w,img/target_2.png
34,517,modular,6,p,img/target_10.png
34,518,modular,8,o,img/target_9.png
34,519,modular,6,p,img/target_10.png
34,520,modular,8,o,img/target_9.png
34,521,modular,5,v,img/target_5.png
34,522,modular,4,i,img/target_8.png
34,523,modular,2,u,img/target_7.png
34,524,modular,0,q,img/target_1.png
34,525,modular,9,r,img/target_4.png
34,526,modular,8,o,img/target_9.png
34,527,modular,7,w,img/target_2.png
34,528,modular,5,v,img/target_5.png
34,529,modular,8,o,img/target_9.png
34,530,modular,7,w,img/target_2.png
34,531,modular,5,v,img/target_5.png
34,532,modular,6,p,img/target_10.png
34,533,modular,7,w,img/target_2.png
34,534,modular,6,p,img/target_10.png
34,535,modular,5,v,img/target_5.png
34,536,modular,7,w,img/target_2.png
34,537,modular,9,r,img/target_4.png
34,538,modular,6,p,img/target_10.png
34,539,modular,9,r,img/target_4.png
34,540,modular,7,w,img/target_2.png
34,541,modular,6,p,img/target_10.png
34,542,modular,5,v,img/target_5.png
34,543,modular,4,i,img/target_8.png
34,544,modular,3,b,img/target_6.png
34,545,modular,2,u,img/target_7.png
34,546,modular,3,b,img/target_6.png
34,547,modular,0,q,img/target_1.png
34,548,modular,1,e,img/target_3.png
34,549,modular,2,u,img/target_7.png
34,550,modular,1,e,img/target_3.png
34,551,modular,3,b,img/target_6.png
34,552,modular,1,e,img/target_3.png
34,553,modular,4,i,img/target_8.png
34,554,modular,3,b,img/target_6.png
34,555,modular,0,q,img/target_1.png
34,556,modular,9,r,img/target_4.png
34,557,modular,7,w,img/target_2.png
34,558,modular,5,v,img/target_5.png
34,559,modular,8,o,img/target_9.png
34,560,modular,6,p,img/target_10.png
34,561,modular,9,r,img/target_4.png
34,562,modular,8,o,img/target_9.png
34,563,modular,5,v,img/target_5.png
34,564,modular,6,p,img/target_10.png
34,565,modular,7,w,img/target_2.png
34,566,modular,6,p,img/target_10.png
34,567,modular,7,w,img/target_2.png
34,568,modular,6,p,img/target_10.png
34,569,modular,8,o,img/target_9.png
34,570,modular,9,r,img/target_4.png
34,571,modular,8,o,img/target_9.png
34,572,modular,6,p,img/target_10.png
34,573,modular,7,w,img/target_2.png
34,574,modular,8,o,img/target_9.png
34,575,modular,7,w,img/target_2.png
34,576,modular,8,o,img/target_9.png
34,577,modular,5,v,img/target_5.png
34,578,modular,4,i,img/target_8.png
34,579,modular,3,b,img/target_6.png
34,580,modular,0,q,img/target_1.png
34,581,modular,1,e,img/target_3.png
34,582,modular,0,q,img/target_1.png
34,583,modular,2,u,img/target_7.png
34,584,modular,3,b,img/target_6.png
34,585,modular,4,i,img/target_8.png
34,586,modular,2,u,img/target_7.png
34,587,modular,0,q,img/target_1.png
34,588,modular,3,b,img/target_6.png
34,589,modular,1,e,img/target_3.png
34,590,modular,0,q,img/target_1.png
34,591,modular,2,u,img/target_7.png
34,592,modular,1,e,img/target_3.png
34,593,modular,4,i,img/target_8.png
34,594,modular,1,e,img/target_3.png
34,595,modular,4,i,img/target_8.png
34,596,modular,1,e,img/target_3.png
34,597,modular,2,u,img/target_7.png
34,598,modular,0,q,img/target_1.png
34,599,modular,1,e,img/target_3.png
34,600,modular,4,i,img/target_8.png
34,601,modular,1,e,img/target_3.png
34,602,modular,0,q,img/target_1.png
34,603,modular,2,u,img/target_7.png
34,604,modular,4,i,img/target_8.png
34,605,modular,5,v,img/target_5.png
34,606,modular,8,o,img/target_9.png
34,607,modular,9,r,img/target_4.png
34,608,modular,6,p,img/target_10.png
34,609,modular,9,r,img/target_4.png
34,610,modular,8,o,img/target_9.png
34,611,modular,7,w,img/target_2.png
34,612,modular,8,o,img/target_9.png
34,613,modular,7,w,img/target_2.png
34,614,modular,5,v,img/target_5.png
34,615,modular,4,i,img/target_8.png
34,616,modular,2,u,img/target_7.png
34,617,modular,4,i,img/target_8.png
34,618,modular,5,v,img/target_5.png
34,619,modular,6,p,img/target_10.png
34,620,modular,5,v,img/target_5.png
34,621,modular,6,p,img/target_10.png
34,622,modular,8,o,img/target_9.png
34,623,modular,7,w,img/target_2.png
34,624,modular,8,o,img/target_9.png
34,625,modular,5,v,img/target_5.png
34,626,modular,6,p,img/target_10.png
34,627,modular,5,v,img/target_5.png
34,628,modular,7,w,img/target_2.png
34,629,modular,8,o,img/target_9.png
34,630,modular,9,r,img/target_4.png
34,631,modular,7,w,img/target_2.png
34,632,modular,5,v,img/target_5.png
34,633,modular,8,o,img/target_9.png
34,634,modular,7,w,img/target_2.png
34,635,modular,8,o,img/target_9.png
34,636,modular,5,v,img/target_5.png
34,637,modular,6,p,img/target_10.png
34,638,modular,5,v,img/target_5.png
34,639,modular,7,w,img/target_2.png
34,640,modular,9,r,img/target_4.png
34,641,modular,0,q,img/target_1.png
34,642,modular,9,r,img/target_4.png
34,643,modular,6,p,img/target_10.png
34,644,modular,9,r,img/target_4.png
34,645,modular,0,q,img/target_1.png
34,646,modular,1,e,img/target_3.png
34,647,modular,3,b,img/target_6.png
34,648,modular,4,i,img/target_8.png
34,649,modular,1,e,img/target_3.png
34,650,modular,2,u,img/target_7.png
34,651,modular,3,b,img/target_6.png
34,652,modular,2,u,img/target_7.png
34,653,modular,0,q,img/target_1.png
34,654,modular,2,u,img/target_7.png
34,655,modular,3,b,img/target_6.png
34,656,modular,1,e,img/target_3.png
34,657,modular,4,i,img/target_8.png
34,658,modular,5,v,img/target_5.png
34,659,modular,4,i,img/target_8.png
34,660,modular,3,b,img/target_6.png
34,661,modular,0,q,img/target_1.png
34,662,modular,1,e,img/target_3.png
34,663,modular,4,i,img/target_8.png
34,664,modular,1,e,img/target_3.png
34,665,modular,2,u,img/target_7.png
34,666,modular,0,q,img/target_1.png
34,667,modular,9,r,img/target_4.png
34,668,modular,7,w,img/target_2.png
34,669,modular,5,v,img/target_5.png
34,670,modular,4,i,img/target_8.png
34,671,modular,2,u,img/target_7.png
34,672,modular,0,q,img/target_1.png
34,673,modular,9,r,img/target_4.png
34,674,modular,7,w,img/target_2.png
34,675,modular,5,v,img/target_5.png
34,676,modular,7,w,img/target_2.png
34,677,modular,9,r,img/target_4.png
34,678,modular,6,p,img/target_10.png
34,679,modular,8,o,img/target_9.png
34,680,modular,9,r,img/target_4.png
34,681,modular,8,o,img/target_9.png
34,682,modular,7,w,img/target_2.png
34,683,modular,5,v,img/target_5.png
34,684,modular,6,p,img/target_10.png
34,685,modular,7,w,img/target_2.png
34,686,modular,5,v,img/target_5.png
34,687,modular,7,w,img/target_2.png
34,688,modular,9,r,img/target_4.png
34,689,modular,8,o,img/target_9.png
34,690,modular,5,v,img/target_5.png
34,691,modular,6,p,img/target_10.png
34,692,modular,9,r,img/target_4.png
34,693,modular,7,w,img/target_2.png
34,694,modular,5,v,img/target_5.png
34,695,modular,4,i,img/target_8.png
34,696,modular,2,u,img/target_7.png
34,697,modular,4,i,img/target_8.png
34,698,modular,1,e,img/target_3.png
34,699,modular,0,q,img/target_1.png
34,700,modular,1,e,img/target_3.png
34,701,modular,4,i,img/target_8.png
34,702,modular,2,u,img/target_7.png
34,703,modular,3,b,img/target_6.png
34,704,modular,0,q,img/target_1.png
34,705,modular,2,u,img/target_7.png
34,706,modular,1,e,img/target_3.png
34,707,modular,2,u,img/target_7.png
34,708,modular,1,e,img/target_3.png
34,709,modular,3,b,img/target_6.png
34,710,modular,2,u,img/target_7.png
34,711,modular,4,i,img/target_8.png
34,712,modular,5,v,img/target_5.png
34,713,modular,6,p,img/target_10.png
34,714,modular,9,r,img/target_4.png
34,715,modular,7,w,img/target_2.png
34,716,modular,9,r,img/target_4.png
34,717,modular,6,p,img/target_10.png
34,718,modular,9,r,img/target_4.png
34,719,modular,8,o,img/target_9.png
34,720,modular,9,r,img/target_4.png
34,721,modular,8,o,img/target_9.png
34,722,modular,6,p,img/target_10.png
34,723,modular,5,v,img/target_5.png
34,724,modular,8,o,img/target_9.png
34,725,modular,5,v,img/target_5.png
34,726,modular,7,w,img/target_2.png
34,727,modular,5,v,img/target_5.png
34,728,modular,6,p,img/target_10.png
34,729,modular,7,w,img/target_2.png
34,730,modular,9,r,img/target_4.png
34,731,modular,8,o,img/target_9.png
34,732,modular,6,p,img/target_10.png
34,733,modular,8,o,img/target_9.png
34,734,modular,5,v,img/target_5.png
34,735,modular,4,i,img/target_8.png
34,736,modular,2,u,img/target_7.png
34,737,modular,1,e,img/target_3.png
34,738,modular,4,i,img/target_8.png
34,739,modular,2,u,img/target_7.png
34,740,modular,3,b,img/target_6.png
34,741,modular,1,e,img/target_3.png
34,742,modular,2,u,img/target_7.png
34,743,modular,4,i,img/target_8.png
34,744,modular,5,v,img/target_5.png
34,745,modular,8,o,img/target_9.png
34,746,modular,7,w,img/target_2.png
34,747,modular,8,o,img/target_9.png
34,748,modular,7,w,img/target_2.png
34,749,modular,9,r,img/target_4.png
34,750,modular,0,q,img/target_1.png
34,751,modular,9,r,img/target_4.png
34,752,modular,6,p,img/target_10.png
34,753,modular,5,v,img/target_5.png
34,754,modular,7,w,img/target_2.png
34,755,modular,9,r,img/target_4.png
34,756,modular,0,q,img/target_1.png
34,757,modular,1,e,img/target_3.png
34,758,modular,2,u,img/target_7.png
34,759,modular,3,b,img/target_6.png
34,760,modular,4,i,img/target_8.png
34,761,modular,1,e,img/target_3.png
34,762,modular,2,u,img/target_7.png
34,763,modular,3,b,img/target_6.png
34,764,modular,2,u,img/target_7.png
34,765,modular,4,i,img/target_8.png
34,766,modular,2,u,img/target_7.png
34,767,modular,0,q,img/target_1.png
34,768,modular,3,b,img/target_6.png
34,769,modular,4,i,img/target_8.png
34,770,modular,3,b,img/target_6.png
34,771,modular,0,q,img/target_1.png
34,772,modular,3,b,img/target_6.png
34,773,modular,2,u,img/target_7.png
34,774,modular,4,i,img/target_8.png
34,775,modular,3,b,img/target_6.png
34,776,modular,4,i,img/target_8.png
34,777,modular,1,e,img/target_3.png
34,778,modular,0,q,img/target_1.png
34,779,modular,9,r,img/target_4.png
34,780,modular,0,q,img/target_1.png
34,781,modular,3,b,img/target_6.png
34,782,modular,1,e,img/target_3.png
34,783,modular,0,q,img/target_1.png
34,784,modular,1,e,img/target_3.png
34,785,modular,2,u,img/target_7.png
34,786,modular,3,b,img/target_6.png
34,787,modular,1,e,img/target_3.png
34,788,modular,3,b,img/target_6.png
34,789,modular,1,e,img/target_3.png
34,790,modular,2,u,img/target_7.png
34,791,modular,0,q,img/target_1.png
34,792,modular,3,b,img/target_6.png
34,793,modular,1,e,img/target_3.png
34,794,modular,3,b,img/target_6.png
34,795,modular,2,u,img/target_7.png
34,796,modular,0,q,img/target_1.png
34,797,modular,3,b,img/target_6.png
34,798,modular,1,e,img/target_3.png
34,799,modular,2,u,img/target_7.png
34,800,modular,0,q,img/target_1.png
34,801,modular,3,b,img/target_6.png
34,802,modular,1,e,img/target_3.png
34,803,modular,2,u,img/target_7.png
34,804,modular,4,i,img/target_8.png
34,805,modular,3,b,img/target_6.png
34,806,modular,2,u,img/target_7.png
34,807,modular,0,q,img/target_1.png
34,808,modular,1,e,img/target_3.png
34,809,modular,2,u,img/target_7.png
34,810,modular,0,q,img/target_1.png
34,811,modular,2,u,img/target_7.png
34,812,modular,0,q,img/target_1.png
34,813,modular,2,u,img/target_7.png
34,814,modular,4,i,img/target_8.png
34,815,modular,3,b,img/target_6.png
34,816,modular,2,u,img/target_7.png
34,817,modular,4,i,img/target_8.png
34,818,modular,5,v,img/target_5.png
34,819,modular,6,p,img/target_10.png
34,820,modular,8,o,img/target_9.png
34,821,modular,5,v,img/target_5.png
34,822,modular,6,p,img/target_10.png
34,823,modular,9,r,img/target_4.png
34,824,modular,6,p,img/target_10.png
34,825,modular,8,o,img/target_9.png
34,826,modular,5,v,img/target_5.png
34,827,modular,8,o,img/target_9.png
34,828,modular,5,v,img/target_5.png
34,829,modular,6,p,img/target_10.png
34,830,modular,5,v,img/target_5.png
34,831,modular,8,o,img/target_9.png
34,832,modular,6,p,img/target_10.png
34,833,modular,9,r,img/target_4.png
34,834,modular,8,o,img/target_9.png
34,835,modular,9,r,img/target_4.png
34,836,modular,7,w,img/target_2.png
34,837,modular,5,v,img/target_5.png
34,838,modular,8,o,img/target_9.png
34,839,modular,6,p,img/target_10.png
34,840,modular,5,v,img/target_5.png
34,841,modular,6,p,img/target_10.png
34,842,modular,9,r,img/target_4.png
34,843,modular,8,o,img/target_9.png
34,844,modular,9,r,img/target_4.png
34,845,modular,8,o,img/target_9.png
34,846,modular,7,w,img/target_2.png
34,847,modular,6,p,img/target_10.png
34,848,modular,5,v,img/target_5.png
34,849,modular,8,o,img/target_9.png
34,850,modular,7,w,img/target_2.png
34,851,modular,5,v,img/target_5.png
34,852,modular,4,i,img/target_8.png
34,853,modular,2,u,img/target_7.png
34,854,modular,4,i,img/target_8.png
34,855,modular,5,v,img/target_5.png
34,856,modular,8,o,img/target_9.png
34,857,modular,7,w,img/target_2.png
34,858,modular,5,v,img/target_5.png
34,859,modular,7,w,img/target_2.png
34,860,modular,9,r,img/target_4.png
34,861,modular,0,q,img/target_1.png
34,862,modular,2,u,img/target_7.png
34,863,modular,0,q,img/target_1.png
34,864,modular,9,r,img/target_4.png
34,865,modular,0,q,img/target_1.png
34,866,modular,2,u,img/target_7.png
34,867,modular,3,b,img/target_6.png
34,868,modular,4,i,img/target_8.png
34,869,modular,5,v,img/target_5.png
34,870,modular,6,p,img/target_10.png
34,871,modular,5,v,img/target_5.png
34,872,modular,8,o,img/target_9.png
34,873,modular,9,r,img/target_4.png
34,874,modular,0,q,img/target_1.png
34,875,modular,2,u,img/target_7.png
34,876,modular,4,i,img/target_8.png
34,877,modular,2,u,img/target_7.png
34,878,modular,3,b,img/target_6.png
34,879,modular,1,e,img/target_3.png
34,880,modular,4,i,img/target_8.png
34,881,modular,1,e,img/target_3.png
34,882,modular,3,b,img/target_6.png
34,883,modular,1,e,img/target_3.png
34,884,modular,4,i,img/target_8.png
34,885,modular,1,e,img/target_3.png
34,886,modular,3,b,img/target_6.png
34,887,modular,4,i,img/target_8.png
34,888,modular,2,u,img/target_7.png
34,889,modular,0,q,img/target_1.png
34,890,modular,2,u,img/target_7.png
34,891,modular,0,q,img/target_1.png
34,892,modular,3,b,img/target_6.png
34,893,modular,4,i,img/target_8.png
34,894,modular,3,b,img/target_6.png
34,895,modular,4,i,img/target_8.png
34,896,modular,5,v,img/target_5.png
34,897,modular,7,w,img/target_2.png
34,898,modular,5,v,img/target_5.png
34,899,modular,7,w,img/target_2.png
34,900,modular,8,o,img/target_9.png
34,901,modular,5,v,img/target_5.png
34,902,modular,6,p,img/target_10.png
34,903,modular,5,v,img/target_5.png
34,904,modular,8,o,img/target_9.png
34,905,modular,5,v,img/target_5.png
34,906,modular,4,i,img/target_8.png
34,907,modular,5,v,img/target_5.png
34,908,modular,8,o,img/target_9.png
34,909,modular,9,r,img/target_4.png
34,910,modular,6,p,img/target_10.png
34,911,modular,9,r,img/target_4.png
34,912,modular,8,o,img/target_9.png
34,913,modular,6,p,img/target_10.png
34,914,modular,8,o,img/target_9.png
34,915,modular,9,r,img/target_4.png
34,916,modular,7,w,img/target_2.png
34,917,modular,9,r,img/target_4.png
34,918,modular,8,o,img/target_9.png
34,919,modular,7,w,img/target_2.png
34,920,modular,6,p,img/target_10.png
34,921,modular,5,v,img/target_5.png
34,922,modular,7,w,img/target_2.png
34,923,modular,6,p,img/target_10.png
34,924,modular,5,v,img/target_5.png
34,925,modular,6,p,img/target_10.png
34,926,modular,7,w,img/target_2.png
34,927,modular,9,r,img/target_4.png
34,928,modular,6,p,img/target_10.png
34,929,modular,5,v,img/target_5.png
34,930,modular,8,o,img/target_9.png
34,931,modular,5,v,img/target_5.png
34,932,modular,7,w,img/target_2.png
34,933,modular,9,r,img/target_4.png
34,934,modular,8,o,img/target_9.png
34,935,modular,9,r,img/target_4.png
34,936,modular,6,p,img/target_10.png
34,937,modular,9,r,img/target_4.png
34,938,modular,6,p,img/target_10.png
34,939,modular,5,v,img/target_5.png
34,940,modular,7,w,img/target_2.png
34,941,modular,9,r,img/target_4.png
34,942,modular,8,o,img/target_9.png
34,943,modular,6,p,img/target_10.png
34,944,modular,9,r,img/target_4.png
34,945,modular,0,q,img/target_1.png
34,946,modular,1,e,img/target_3.png
34,947,modular,0,q,img/target_1.png
34,948,modular,2,u,img/target_7.png
34,949,modular,4,i,img/target_8.png
34,950,modular,1,e,img/target_3.png
34,951,modular,4,i,img/target_8.png
34,952,modular,5,v,img/target_5.png
34,953,modular,7,w,img/target_2.png
34,954,modular,6,p,img/target_10.png
34,955,modular,5,v,img/target_5.png
34,956,modular,8,o,img/target_9.png
34,957,modular,7,w,img/target_2.png
34,958,modular,8,o,img/target_9.png
34,959,modular,7,w,img/target_2.png
34,960,modular,8,o,img/target_9.png
34,961,modular,9,r,img/target_4.png
34,962,modular,8,o,img/target_9.png
34,963,modular,5,v,img/target_5.png
34,964,modular,6,p,img/target_10.png
34,965,modular,9,r,img/target_4.png
34,966,modular,8,o,img/target_9.png
34,967,modular,6,p,img/target_10.png
34,968,modular,7,w,img/target_2.png
34,969,modular,6,p,img/target_10.png
34,970,modular,7,w,img/target_2.png
34,971,modular,5,v,img/target_5.png
34,972,modular,4,i,img/target_8.png
34,973,modular,2,u,img/target_7.png
34,974,modular,0,q,img/target_1.png
34,975,modular,9,r,img/target_4.png
34,976,modular,6,p,img/target_10.png
34,977,modular,9,r,img/target_4.png
34,978,modular,7,w,img/target_2.png
34,979,modular,6,p,img/target_10.png
34,980,modular,9,r,img/target_4.png
34,981,modular,6,p,img/target_10.png
34,982,modular,8,o,img/target_9.png
34,983,modular,6,p,img/target_10.png
34,984,modular,5,v,img/target_5.png
34,985,modular,4,i,img/target_8.png
34,986,modular,5,v,img/target_5.png
34,987,modular,6,p,img/target_10.png
34,988,modular,8,o,img/target_9.png
34,989,modular,7,w,img/target_2.png
34,990,modular,8,o,img/target_9.png
34,991,modular,9,r,img/target_4.png
34,992,modular,7,w,img/target_2.png
34,993,modular,8,o,img/target_9.png
34,994,modular,9,r,img/target_4.png
34,995,modular,8,o,img/target_9.png
34,996,modular,6,p,img/target_10.png
34,997,modular,9,r,img/target_4.png
34,998,modular,7,w,img/target_2.png
34,999,modular,8,o,img/target_9.png
34,1000,modular,6,p,img/target_10.png
