pID,trialNum,graph,walk,resp,path
21,1,lattice,3,i,img/target_8.png
21,2,lattice,2,q,img/target_1.png
21,3,lattice,4,o,img/target_9.png
21,4,lattice,5,v,img/target_5.png
21,5,lattice,3,i,img/target_8.png
21,6,lattice,1,w,img/target_2.png
21,7,lattice,2,q,img/target_1.png
21,8,lattice,4,o,img/target_9.png
21,9,lattice,2,q,img/target_1.png
21,10,lattice,3,i,img/target_8.png
21,11,lattice,2,q,img/target_1.png
21,12,lattice,1,w,img/target_2.png
21,13,lattice,0,p,img/target_10.png
21,14,lattice,9,b,img/target_6.png
21,15,lattice,1,w,img/target_2.png
21,16,lattice,3,i,img/target_8.png
21,17,lattice,2,q,img/target_1.png
21,18,lattice,0,p,img/target_10.png
21,19,lattice,2,q,img/target_1.png
21,20,lattice,4,o,img/target_9.png
21,21,lattice,3,i,img/target_8.png
21,22,lattice,5,v,img/target_5.png
21,23,lattice,7,u,img/target_7.png
21,24,lattice,6,r,img/target_4.png
21,25,lattice,5,v,img/target_5.png
21,26,lattice,4,o,img/target_9.png
21,27,lattice,3,i,img/target_8.png
21,28,lattice,4,o,img/target_9.png
21,29,lattice,2,q,img/target_1.png
21,30,lattice,3,i,img/target_8.png
21,31,lattice,2,q,img/target_1.png
21,32,lattice,0,p,img/target_10.png
21,33,lattice,1,w,img/target_2.png
21,34,lattice,2,q,img/target_1.png
21,35,lattice,4,o,img/target_9.png
21,36,lattice,2,q,img/target_1.png
21,37,lattice,1,w,img/target_2.png
21,38,lattice,2,q,img/target_1.png
21,39,lattice,0,p,img/target_10.png
21,40,lattice,9,b,img/target_6.png
21,41,lattice,7,u,img/target_7.png
21,42,lattice,9,b,img/target_6.png
21,43,lattice,8,e,img/target_3.png
21,44,lattice,9,b,img/target_6.png
21,45,lattice,0,p,img/target_10.png
21,46,lattice,9,b,img/target_6.png
21,47,lattice,7,u,img/target_7.png
21,48,lattice,6,r,img/target_4.png
21,49,lattice,4,o,img/target_9.png
21,50,lattice,6,r,img/target_4.png
21,51,lattice,7,u,img/target_7.png
21,52,lattice,6,r,img/target_4.png
21,53,lattice,8,e,img/target_3.png
21,54,lattice,0,p,img/target_10.png
21,55,lattice,8,e,img/target_3.png
21,56,lattice,6,r,img/target_4.png
21,57,lattice,7,u,img/target_7.png
21,58,lattice,5,v,img/target_5.png
21,59,lattice,7,u,img/target_7.png
21,60,lattice,5,v,img/target_5.png
21,61,lattice,3,i,img/target_8.png
21,62,lattice,4,o,img/target_9.png
21,63,lattice,2,q,img/target_1.png
21,64,lattice,0,p,img/target_10.png
21,65,lattice,9,b,img/target_6.png
21,66,lattice,7,u,img/target_7.png
21,67,lattice,5,v,img/target_5.png
21,68,lattice,4,o,img/target_9.png
21,69,lattice,5,v,img/target_5.png
21,70,lattice,6,r,img/target_4.png
21,71,lattice,5,v,img/target_5.png
21,72,lattice,6,r,img/target_4.png
21,73,lattice,5,v,img/target_5.png
21,74,lattice,3,i,img/target_8.png
21,75,lattice,2,q,img/target_1.png
21,76,lattice,3,i,img/target_8.png
21,77,lattice,2,q,img/target_1.png
21,78,lattice,1,w,img/target_2.png
21,79,lattice,0,p,img/target_10.png
21,80,lattice,9,b,img/target_6.png
21,81,lattice,8,e,img/target_3.png
21,82,lattice,6,r,img/target_4.png
21,83,lattice,5,v,img/target_5.png
21,84,lattice,4,o,img/target_9.png
21,85,lattice,3,i,img/target_8.png
21,86,lattice,5,v,img/target_5.png
21,87,lattice,7,u,img/target_7.png
21,88,lattice,8,e,img/target_3.png
21,89,lattice,0,p,img/target_10.png
21,90,lattice,2,q,img/target_1.png
21,91,lattice,3,i,img/target_8.png
21,92,lattice,1,w,img/target_2.png
21,93,lattice,9,b,img/target_6.png
21,94,lattice,7,u,img/target_7.png
21,95,lattice,6,r,img/target_4.png
21,96,lattice,7,u,img/target_7.png
21,97,lattice,5,v,img/target_5.png
21,98,lattice,6,r,img/target_4.png
21,99,lattice,5,v,img/target_5.png
21,100,lattice,7,u,img/target_7.png
21,101,lattice,6,r,img/target_4.png
21,102,lattice,8,e,img/target_3.png
21,103,lattice,6,r,img/target_4.png
21,104,lattice,8,e,img/target_3.png
21,105,lattice,0,p,img/target_10.png
21,106,lattice,2,q,img/target_1.png
21,107,lattice,3,i,img/target_8.png
21,108,lattice,4,o,img/target_9.png
21,109,lattice,6,r,img/target_4.png
21,110,lattice,4,o,img/target_9.png
21,111,lattice,5,v,img/target_5.png
21,112,lattice,3,i,img/target_8.png
21,113,lattice,5,v,img/target_5.png
21,114,lattice,3,i,img/target_8.png
21,115,lattice,4,o,img/target_9.png
21,116,lattice,3,i,img/target_8.png
21,117,lattice,1,w,img/target_2.png
21,118,lattice,9,b,img/target_6.png
21,119,lattice,7,u,img/target_7.png
21,120,lattice,8,e,img/target_3.png
21,121,lattice,7,u,img/target_7.png
21,122,lattice,5,v,img/target_5.png
21,123,lattice,4,o,img/target_9.png
21,124,lattice,5,v,img/target_5.png
21,125,lattice,4,o,img/target_9.png
21,126,lattice,6,r,img/target_4.png
21,127,lattice,8,e,img/target_3.png
21,128,lattice,0,p,img/target_10.png
21,129,lattice,2,q,img/target_1.png
21,130,lattice,3,i,img/target_8.png
21,131,lattice,4,o,img/target_9.png
21,132,lattice,3,i,img/target_8.png
21,133,lattice,5,v,img/target_5.png
21,134,lattice,3,i,img/target_8.png
21,135,lattice,1,w,img/target_2.png
21,136,lattice,2,q,img/target_1.png
21,137,lattice,4,o,img/target_9.png
21,138,lattice,5,v,img/target_5.png
21,139,lattice,3,i,img/target_8.png
21,140,lattice,4,o,img/target_9.png
21,141,lattice,2,q,img/target_1.png
21,142,lattice,1,w,img/target_2.png
21,143,lattice,2,q,img/target_1.png
21,144,lattice,0,p,img/target_10.png
21,145,lattice,1,w,img/target_2.png
21,146,lattice,2,q,img/target_1.png
21,147,lattice,1,w,img/target_2.png
21,148,lattice,9,b,img/target_6.png
21,149,lattice,7,u,img/target_7.png
21,150,lattice,9,b,img/target_6.png
21,151,lattice,8,e,img/target_3.png
21,152,lattice,0,p,img/target_10.png
21,153,lattice,2,q,img/target_1.png
21,154,lattice,0,p,img/target_10.png
21,155,lattice,8,e,img/target_3.png
21,156,lattice,9,b,img/target_6.png
21,157,lattice,7,u,img/target_7.png
21,158,lattice,6,r,img/target_4.png
21,159,lattice,7,u,img/target_7.png
21,160,lattice,9,b,img/target_6.png
21,161,lattice,0,p,img/target_10.png
21,162,lattice,2,q,img/target_1.png
21,163,lattice,0,p,img/target_10.png
21,164,lattice,8,e,img/target_3.png
21,165,lattice,6,r,img/target_4.png
21,166,lattice,5,v,img/target_5.png
21,167,lattice,3,i,img/target_8.png
21,168,lattice,4,o,img/target_9.png
21,169,lattice,3,i,img/target_8.png
21,170,lattice,2,q,img/target_1.png
21,171,lattice,1,w,img/target_2.png
21,172,lattice,9,b,img/target_6.png
21,173,lattice,1,w,img/target_2.png
21,174,lattice,2,q,img/target_1.png
21,175,lattice,1,w,img/target_2.png
21,176,lattice,3,i,img/target_8.png
21,177,lattice,4,o,img/target_9.png
21,178,lattice,3,i,img/target_8.png
21,179,lattice,2,q,img/target_1.png
21,180,lattice,1,w,img/target_2.png
21,181,lattice,2,q,img/target_1.png
21,182,lattice,4,o,img/target_9.png
21,183,lattice,3,i,img/target_8.png
21,184,lattice,2,q,img/target_1.png
21,185,lattice,1,w,img/target_2.png
21,186,lattice,0,p,img/target_10.png
21,187,lattice,2,q,img/target_1.png
21,188,lattice,4,o,img/target_9.png
21,189,lattice,6,r,img/target_4.png
21,190,lattice,7,u,img/target_7.png
21,191,lattice,8,e,img/target_3.png
21,192,lattice,6,r,img/target_4.png
21,193,lattice,5,v,img/target_5.png
21,194,lattice,4,o,img/target_9.png
21,195,lattice,2,q,img/target_1.png
21,196,lattice,1,w,img/target_2.png
21,197,lattice,2,q,img/target_1.png
21,198,lattice,0,p,img/target_10.png
21,199,lattice,1,w,img/target_2.png
21,200,lattice,2,q,img/target_1.png
21,201,lattice,4,o,img/target_9.png
21,202,lattice,2,q,img/target_1.png
21,203,lattice,4,o,img/target_9.png
21,204,lattice,2,q,img/target_1.png
21,205,lattice,0,p,img/target_10.png
21,206,lattice,1,w,img/target_2.png
21,207,lattice,3,i,img/target_8.png
21,208,lattice,2,q,img/target_1.png
21,209,lattice,3,i,img/target_8.png
21,210,lattice,1,w,img/target_2.png
21,211,lattice,3,i,img/target_8.png
21,212,lattice,4,o,img/target_9.png
21,213,lattice,3,i,img/target_8.png
21,214,lattice,2,q,img/target_1.png
21,215,lattice,4,o,img/target_9.png
21,216,lattice,6,r,img/target_4.png
21,217,lattice,4,o,img/target_9.png
21,218,lattice,5,v,img/target_5.png
21,219,lattice,3,i,img/target_8.png
21,220,lattice,1,w,img/target_2.png
21,221,lattice,9,b,img/target_6.png
21,222,lattice,7,u,img/target_7.png
21,223,lattice,8,e,img/target_3.png
21,224,lattice,9,b,img/target_6.png
21,225,lattice,7,u,img/target_7.png
21,226,lattice,5,v,img/target_5.png
21,227,lattice,6,r,img/target_4.png
21,228,lattice,7,u,img/target_7.png
21,229,lattice,9,b,img/target_6.png
21,230,lattice,7,u,img/target_7.png
21,231,lattice,9,b,img/target_6.png
21,232,lattice,0,p,img/target_10.png
21,233,lattice,2,q,img/target_1.png
21,234,lattice,1,w,img/target_2.png
21,235,lattice,0,p,img/target_10.png
21,236,lattice,1,w,img/target_2.png
21,237,lattice,2,q,img/target_1.png
21,238,lattice,0,p,img/target_10.png
21,239,lattice,8,e,img/target_3.png
21,240,lattice,6,r,img/target_4.png
21,241,lattice,4,o,img/target_9.png
21,242,lattice,5,v,img/target_5.png
21,243,lattice,4,o,img/target_9.png
21,244,lattice,5,v,img/target_5.png
21,245,lattice,3,i,img/target_8.png
21,246,lattice,2,q,img/target_1.png
21,247,lattice,4,o,img/target_9.png
21,248,lattice,5,v,img/target_5.png
21,249,lattice,7,u,img/target_7.png
21,250,lattice,5,v,img/target_5.png
21,251,lattice,7,u,img/target_7.png
21,252,lattice,9,b,img/target_6.png
21,253,lattice,7,u,img/target_7.png
21,254,lattice,8,e,img/target_3.png
21,255,lattice,6,r,img/target_4.png
21,256,lattice,7,u,img/target_7.png
21,257,lattice,6,r,img/target_4.png
21,258,lattice,8,e,img/target_3.png
21,259,lattice,0,p,img/target_10.png
21,260,lattice,8,e,img/target_3.png
21,261,lattice,9,b,img/target_6.png
21,262,lattice,8,e,img/target_3.png
21,263,lattice,0,p,img/target_10.png
21,264,lattice,9,b,img/target_6.png
21,265,lattice,0,p,img/target_10.png
21,266,lattice,9,b,img/target_6.png
21,267,lattice,0,p,img/target_10.png
21,268,lattice,8,e,img/target_3.png
21,269,lattice,9,b,img/target_6.png
21,270,lattice,8,e,img/target_3.png
21,271,lattice,0,p,img/target_10.png
21,272,lattice,1,w,img/target_2.png
21,273,lattice,3,i,img/target_8.png
21,274,lattice,5,v,img/target_5.png
21,275,lattice,6,r,img/target_4.png
21,276,lattice,7,u,img/target_7.png
21,277,lattice,5,v,img/target_5.png
21,278,lattice,4,o,img/target_9.png
21,279,lattice,6,r,img/target_4.png
21,280,lattice,7,u,img/target_7.png
21,281,lattice,6,r,img/target_4.png
21,282,lattice,4,o,img/target_9.png
21,283,lattice,6,r,img/target_4.png
21,284,lattice,4,o,img/target_9.png
21,285,lattice,5,v,img/target_5.png
21,286,lattice,4,o,img/target_9.png
21,287,lattice,2,q,img/target_1.png
21,288,lattice,4,o,img/target_9.png
21,289,lattice,6,r,img/target_4.png
21,290,lattice,7,u,img/target_7.png
21,291,lattice,5,v,img/target_5.png
21,292,lattice,6,r,img/target_4.png
21,293,lattice,5,v,img/target_5.png
21,294,lattice,6,r,img/target_4.png
21,295,lattice,4,o,img/target_9.png
21,296,lattice,5,v,img/target_5.png
21,297,lattice,6,r,img/target_4.png
21,298,lattice,7,u,img/target_7.png
21,299,lattice,9,b,img/target_6.png
21,300,lattice,0,p,img/target_10.png
21,301,lattice,2,q,img/target_1.png
21,302,lattice,3,i,img/target_8.png
21,303,lattice,4,o,img/target_9.png
21,304,lattice,5,v,img/target_5.png
21,305,lattice,7,u,img/target_7.png
21,306,lattice,8,e,img/target_3.png
21,307,lattice,6,r,img/target_4.png
21,308,lattice,8,e,img/target_3.png
21,309,lattice,0,p,img/target_10.png
21,310,lattice,9,b,img/target_6.png
21,311,lattice,7,u,img/target_7.png
21,312,lattice,6,r,img/target_4.png
21,313,lattice,8,e,img/target_3.png
21,314,lattice,0,p,img/target_10.png
21,315,lattice,8,e,img/target_3.png
21,316,lattice,6,r,img/target_4.png
21,317,lattice,5,v,img/target_5.png
21,318,lattice,6,r,img/target_4.png
21,319,lattice,5,v,img/target_5.png
21,320,lattice,7,u,img/target_7.png
21,321,lattice,8,e,img/target_3.png
21,322,lattice,9,b,img/target_6.png
21,323,lattice,8,e,img/target_3.png
21,324,lattice,0,p,img/target_10.png
21,325,lattice,2,q,img/target_1.png
21,326,lattice,3,i,img/target_8.png
21,327,lattice,4,o,img/target_9.png
21,328,lattice,6,r,img/target_4.png
21,329,lattice,5,v,img/target_5.png
21,330,lattice,3,i,img/target_8.png
21,331,lattice,4,o,img/target_9.png
21,332,lattice,5,v,img/target_5.png
21,333,lattice,6,r,img/target_4.png
21,334,lattice,5,v,img/target_5.png
21,335,lattice,6,r,img/target_4.png
21,336,lattice,5,v,img/target_5.png
21,337,lattice,6,r,img/target_4.png
21,338,lattice,5,v,img/target_5.png
21,339,lattice,7,u,img/target_7.png
21,340,lattice,8,e,img/target_3.png
21,341,lattice,7,u,img/target_7.png
21,342,lattice,5,v,img/target_5.png
21,343,lattice,7,u,img/target_7.png
21,344,lattice,9,b,img/target_6.png
21,345,lattice,0,p,img/target_10.png
21,346,lattice,2,q,img/target_1.png
21,347,lattice,3,i,img/target_8.png
21,348,lattice,1,w,img/target_2.png
21,349,lattice,2,q,img/target_1.png
21,350,lattice,1,w,img/target_2.png
21,351,lattice,0,p,img/target_10.png
21,352,lattice,8,e,img/target_3.png
21,353,lattice,7,u,img/target_7.png
21,354,lattice,9,b,img/target_6.png
21,355,lattice,1,w,img/target_2.png
21,356,lattice,3,i,img/target_8.png
21,357,lattice,4,o,img/target_9.png
21,358,lattice,6,r,img/target_4.png
21,359,lattice,7,u,img/target_7.png
21,360,lattice,6,r,img/target_4.png
21,361,lattice,4,o,img/target_9.png
21,362,lattice,3,i,img/target_8.png
21,363,lattice,2,q,img/target_1.png
21,364,lattice,1,w,img/target_2.png
21,365,lattice,0,p,img/target_10.png
21,366,lattice,1,w,img/target_2.png
21,367,lattice,3,i,img/target_8.png
21,368,lattice,1,w,img/target_2.png
21,369,lattice,9,b,img/target_6.png
21,370,lattice,7,u,img/target_7.png
21,371,lattice,5,v,img/target_5.png
21,372,lattice,4,o,img/target_9.png
21,373,lattice,2,q,img/target_1.png
21,374,lattice,3,i,img/target_8.png
21,375,lattice,1,w,img/target_2.png
21,376,lattice,3,i,img/target_8.png
21,377,lattice,2,q,img/target_1.png
21,378,lattice,4,o,img/target_9.png
21,379,lattice,2,q,img/target_1.png
21,380,lattice,3,i,img/target_8.png
21,381,lattice,1,w,img/target_2.png
21,382,lattice,0,p,img/target_10.png
21,383,lattice,1,w,img/target_2.png
21,384,lattice,2,q,img/target_1.png
21,385,lattice,3,i,img/target_8.png
21,386,lattice,5,v,img/target_5.png
21,387,lattice,4,o,img/target_9.png
21,388,lattice,6,r,img/target_4.png
21,389,lattice,7,u,img/target_7.png
21,390,lattice,5,v,img/target_5.png
21,391,lattice,4,o,img/target_9.png
21,392,lattice,6,r,img/target_4.png
21,393,lattice,4,o,img/target_9.png
21,394,lattice,5,v,img/target_5.png
21,395,lattice,3,i,img/target_8.png
21,396,lattice,5,v,img/target_5.png
21,397,lattice,3,i,img/target_8.png
21,398,lattice,1,w,img/target_2.png
21,399,lattice,0,p,img/target_10.png
21,400,lattice,9,b,img/target_6.png
21,401,lattice,8,e,img/target_3.png
21,402,lattice,6,r,img/target_4.png
21,403,lattice,4,o,img/target_9.png
21,404,lattice,6,r,img/target_4.png
21,405,lattice,4,o,img/target_9.png
21,406,lattice,6,r,img/target_4.png
21,407,lattice,7,u,img/target_7.png
21,408,lattice,6,r,img/target_4.png
21,409,lattice,5,v,img/target_5.png
21,410,lattice,4,o,img/target_9.png
21,411,lattice,5,v,img/target_5.png
21,412,lattice,3,i,img/target_8.png
21,413,lattice,2,q,img/target_1.png
21,414,lattice,4,o,img/target_9.png
21,415,lattice,2,q,img/target_1.png
21,416,lattice,1,w,img/target_2.png
21,417,lattice,2,q,img/target_1.png
21,418,lattice,3,i,img/target_8.png
21,419,lattice,2,q,img/target_1.png
21,420,lattice,4,o,img/target_9.png
21,421,lattice,3,i,img/target_8.png
21,422,lattice,5,v,img/target_5.png
21,423,lattice,7,u,img/target_7.png
21,424,lattice,5,v,img/target_5.png
21,425,lattice,4,o,img/target_9.png
21,426,lattice,6,r,img/target_4.png
21,427,lattice,4,o,img/target_9.png
21,428,lattice,6,r,img/target_4.png
21,429,lattice,5,v,img/target_5.png
21,430,lattice,6,r,img/target_4.png
21,431,lattice,4,o,img/target_9.png
21,432,lattice,2,q,img/target_1.png
21,433,lattice,4,o,img/target_9.png
21,434,lattice,6,r,img/target_4.png
21,435,lattice,8,e,img/target_3.png
21,436,lattice,0,p,img/target_10.png
21,437,lattice,9,b,img/target_6.png
21,438,lattice,0,p,img/target_10.png
21,439,lattice,8,e,img/target_3.png
21,440,lattice,9,b,img/target_6.png
21,441,lattice,8,e,img/target_3.png
21,442,lattice,6,r,img/target_4.png
21,443,lattice,4,o,img/target_9.png
21,444,lattice,5,v,img/target_5.png
21,445,lattice,7,u,img/target_7.png
21,446,lattice,6,r,img/target_4.png
21,447,lattice,7,u,img/target_7.png
21,448,lattice,6,r,img/target_4.png
21,449,lattice,5,v,img/target_5.png
21,450,lattice,3,i,img/target_8.png
21,451,lattice,1,w,img/target_2.png
21,452,lattice,2,q,img/target_1.png
21,453,lattice,0,p,img/target_10.png
21,454,lattice,2,q,img/target_1.png
21,455,lattice,0,p,img/target_10.png
21,456,lattice,1,w,img/target_2.png
21,457,lattice,2,q,img/target_1.png
21,458,lattice,1,w,img/target_2.png
21,459,lattice,0,p,img/target_10.png
21,460,lattice,8,e,img/target_3.png
21,461,lattice,9,b,img/target_6.png
21,462,lattice,7,u,img/target_7.png
21,463,lattice,5,v,img/target_5.png
21,464,lattice,3,i,img/target_8.png
21,465,lattice,2,q,img/target_1.png
21,466,lattice,4,o,img/target_9.png
21,467,lattice,5,v,img/target_5.png
21,468,lattice,7,u,img/target_7.png
21,469,lattice,9,b,img/target_6.png
21,470,lattice,8,e,img/target_3.png
21,471,lattice,6,r,img/target_4.png
21,472,lattice,5,v,img/target_5.png
21,473,lattice,6,r,img/target_4.png
21,474,lattice,8,e,img/target_3.png
21,475,lattice,7,u,img/target_7.png
21,476,lattice,6,r,img/target_4.png
21,477,lattice,8,e,img/target_3.png
21,478,lattice,0,p,img/target_10.png
21,479,lattice,1,w,img/target_2.png
21,480,lattice,3,i,img/target_8.png
21,481,lattice,2,q,img/target_1.png
21,482,lattice,1,w,img/target_2.png
21,483,lattice,2,q,img/target_1.png
21,484,lattice,4,o,img/target_9.png
21,485,lattice,3,i,img/target_8.png
21,486,lattice,5,v,img/target_5.png
21,487,lattice,3,i,img/target_8.png
21,488,lattice,1,w,img/target_2.png
21,489,lattice,2,q,img/target_1.png
21,490,lattice,0,p,img/target_10.png
21,491,lattice,9,b,img/target_6.png
21,492,lattice,1,w,img/target_2.png
21,493,lattice,0,p,img/target_10.png
21,494,lattice,8,e,img/target_3.png
21,495,lattice,9,b,img/target_6.png
21,496,lattice,7,u,img/target_7.png
21,497,lattice,6,r,img/target_4.png
21,498,lattice,8,e,img/target_3.png
21,499,lattice,9,b,img/target_6.png
21,500,lattice,7,u,img/target_7.png
21,501,lattice,8,e,img/target_3.png
21,502,lattice,6,r,img/target_4.png
21,503,lattice,4,o,img/target_9.png
21,504,lattice,3,i,img/target_8.png
21,505,lattice,1,w,img/target_2.png
21,506,lattice,2,q,img/target_1.png
21,507,lattice,1,w,img/target_2.png
21,508,lattice,9,b,img/target_6.png
21,509,lattice,1,w,img/target_2.png
21,510,lattice,3,i,img/target_8.png
21,511,lattice,5,v,img/target_5.png
21,512,lattice,7,u,img/target_7.png
21,513,lattice,9,b,img/target_6.png
21,514,lattice,1,w,img/target_2.png
21,515,lattice,2,q,img/target_1.png
21,516,lattice,3,i,img/target_8.png
21,517,lattice,5,v,img/target_5.png
21,518,lattice,7,u,img/target_7.png
21,519,lattice,6,r,img/target_4.png
21,520,lattice,4,o,img/target_9.png
21,521,lattice,3,i,img/target_8.png
21,522,lattice,5,v,img/target_5.png
21,523,lattice,6,r,img/target_4.png
21,524,lattice,8,e,img/target_3.png
21,525,lattice,9,b,img/target_6.png
21,526,lattice,8,e,img/target_3.png
21,527,lattice,6,r,img/target_4.png
21,528,lattice,4,o,img/target_9.png
21,529,lattice,2,q,img/target_1.png
21,530,lattice,3,i,img/target_8.png
21,531,lattice,2,q,img/target_1.png
21,532,lattice,3,i,img/target_8.png
21,533,lattice,5,v,img/target_5.png
21,534,lattice,6,r,img/target_4.png
21,535,lattice,4,o,img/target_9.png
21,536,lattice,2,q,img/target_1.png
21,537,lattice,4,o,img/target_9.png
21,538,lattice,6,r,img/target_4.png
21,539,lattice,8,e,img/target_3.png
21,540,lattice,0,p,img/target_10.png
21,541,lattice,9,b,img/target_6.png
21,542,lattice,1,w,img/target_2.png
21,543,lattice,2,q,img/target_1.png
21,544,lattice,0,p,img/target_10.png
21,545,lattice,2,q,img/target_1.png
21,546,lattice,4,o,img/target_9.png
21,547,lattice,2,q,img/target_1.png
21,548,lattice,4,o,img/target_9.png
21,549,lattice,2,q,img/target_1.png
21,550,lattice,0,p,img/target_10.png
21,551,lattice,8,e,img/target_3.png
21,552,lattice,6,r,img/target_4.png
21,553,lattice,8,e,img/target_3.png
21,554,lattice,0,p,img/target_10.png
21,555,lattice,8,e,img/target_3.png
21,556,lattice,6,r,img/target_4.png
21,557,lattice,8,e,img/target_3.png
21,558,lattice,0,p,img/target_10.png
21,559,lattice,9,b,img/target_6.png
21,560,lattice,8,e,img/target_3.png
21,561,lattice,0,p,img/target_10.png
21,562,lattice,8,e,img/target_3.png
21,563,lattice,7,u,img/target_7.png
21,564,lattice,6,r,img/target_4.png
21,565,lattice,5,v,img/target_5.png
21,566,lattice,3,i,img/target_8.png
21,567,lattice,1,w,img/target_2.png
21,568,lattice,9,b,img/target_6.png
21,569,lattice,8,e,img/target_3.png
21,570,lattice,9,b,img/target_6.png
21,571,lattice,1,w,img/target_2.png
21,572,lattice,2,q,img/target_1.png
21,573,lattice,3,i,img/target_8.png
21,574,lattice,5,v,img/target_5.png
21,575,lattice,7,u,img/target_7.png
21,576,lattice,9,b,img/target_6.png
21,577,lattice,7,u,img/target_7.png
21,578,lattice,6,r,img/target_4.png
21,579,lattice,5,v,img/target_5.png
21,580,lattice,4,o,img/target_9.png
21,581,lattice,3,i,img/target_8.png
21,582,lattice,1,w,img/target_2.png
21,583,lattice,0,p,img/target_10.png
21,584,lattice,1,w,img/target_2.png
21,585,lattice,2,q,img/target_1.png
21,586,lattice,0,p,img/target_10.png
21,587,lattice,8,e,img/target_3.png
21,588,lattice,9,b,img/target_6.png
21,589,lattice,8,e,img/target_3.png
21,590,lattice,7,u,img/target_7.png
21,591,lattice,5,v,img/target_5.png
21,592,lattice,3,i,img/target_8.png
21,593,lattice,1,w,img/target_2.png
21,594,lattice,9,b,img/target_6.png
21,595,lattice,0,p,img/target_10.png
21,596,lattice,1,w,img/target_2.png
21,597,lattice,3,i,img/target_8.png
21,598,lattice,2,q,img/target_1.png
21,599,lattice,3,i,img/target_8.png
21,600,lattice,5,v,img/target_5.png
21,601,lattice,3,i,img/target_8.png
21,602,lattice,4,o,img/target_9.png
21,603,lattice,6,r,img/target_4.png
21,604,lattice,8,e,img/target_3.png
21,605,lattice,0,p,img/target_10.png
21,606,lattice,1,w,img/target_2.png
21,607,lattice,9,b,img/target_6.png
21,608,lattice,0,p,img/target_10.png
21,609,lattice,1,w,img/target_2.png
21,610,lattice,9,b,img/target_6.png
21,611,lattice,8,e,img/target_3.png
21,612,lattice,0,p,img/target_10.png
21,613,lattice,2,q,img/target_1.png
21,614,lattice,3,i,img/target_8.png
21,615,lattice,4,o,img/target_9.png
21,616,lattice,6,r,img/target_4.png
21,617,lattice,5,v,img/target_5.png
21,618,lattice,4,o,img/target_9.png
21,619,lattice,6,r,img/target_4.png
21,620,lattice,4,o,img/target_9.png
21,621,lattice,3,i,img/target_8.png
21,622,lattice,2,q,img/target_1.png
21,623,lattice,3,i,img/target_8.png
21,624,lattice,4,o,img/target_9.png
21,625,lattice,6,r,img/target_4.png
21,626,lattice,5,v,img/target_5.png
21,627,lattice,4,o,img/target_9.png
21,628,lattice,6,r,img/target_4.png
21,629,lattice,4,o,img/target_9.png
21,630,lattice,2,q,img/target_1.png
21,631,lattice,3,i,img/target_8.png
21,632,lattice,4,o,img/target_9.png
21,633,lattice,2,q,img/target_1.png
21,634,lattice,4,o,img/target_9.png
21,635,lattice,5,v,img/target_5.png
21,636,lattice,7,u,img/target_7.png
21,637,lattice,6,r,img/target_4.png
21,638,lattice,5,v,img/target_5.png
21,639,lattice,7,u,img/target_7.png
21,640,lattice,5,v,img/target_5.png
21,641,lattice,6,r,img/target_4.png
21,642,lattice,4,o,img/target_9.png
21,643,lattice,3,i,img/target_8.png
21,644,lattice,1,w,img/target_2.png
21,645,lattice,0,p,img/target_10.png
21,646,lattice,1,w,img/target_2.png
21,647,lattice,2,q,img/target_1.png
21,648,lattice,1,w,img/target_2.png
21,649,lattice,3,i,img/target_8.png
21,650,lattice,4,o,img/target_9.png
21,651,lattice,3,i,img/target_8.png
21,652,lattice,5,v,img/target_5.png
21,653,lattice,7,u,img/target_7.png
21,654,lattice,5,v,img/target_5.png
21,655,lattice,3,i,img/target_8.png
21,656,lattice,1,w,img/target_2.png
21,657,lattice,3,i,img/target_8.png
21,658,lattice,5,v,img/target_5.png
21,659,lattice,4,o,img/target_9.png
21,660,lattice,3,i,img/target_8.png
21,661,lattice,4,o,img/target_9.png
21,662,lattice,2,q,img/target_1.png
21,663,lattice,1,w,img/target_2.png
21,664,lattice,3,i,img/target_8.png
21,665,lattice,4,o,img/target_9.png
21,666,lattice,3,i,img/target_8.png
21,667,lattice,4,o,img/target_9.png
21,668,lattice,2,q,img/target_1.png
21,669,lattice,4,o,img/target_9.png
21,670,lattice,6,r,img/target_4.png
21,671,lattice,5,v,img/target_5.png
21,672,lattice,3,i,img/target_8.png
21,673,lattice,1,w,img/target_2.png
21,674,lattice,0,p,img/target_10.png
21,675,lattice,1,w,img/target_2.png
21,676,lattice,2,q,img/target_1.png
21,677,lattice,3,i,img/target_8.png
21,678,lattice,4,o,img/target_9.png
21,679,lattice,6,r,img/target_4.png
21,680,lattice,5,v,img/target_5.png
21,681,lattice,3,i,img/target_8.png
21,682,lattice,4,o,img/target_9.png
21,683,lattice,3,i,img/target_8.png
21,684,lattice,5,v,img/target_5.png
21,685,lattice,4,o,img/target_9.png
21,686,lattice,2,q,img/target_1.png
21,687,lattice,3,i,img/target_8.png
21,688,lattice,5,v,img/target_5.png
21,689,lattice,7,u,img/target_7.png
21,690,lattice,9,b,img/target_6.png
21,691,lattice,7,u,img/target_7.png
21,692,lattice,5,v,img/target_5.png
21,693,lattice,7,u,img/target_7.png
21,694,lattice,6,r,img/target_4.png
21,695,lattice,8,e,img/target_3.png
21,696,lattice,7,u,img/target_7.png
21,697,lattice,6,r,img/target_4.png
21,698,lattice,4,o,img/target_9.png
21,699,lattice,6,r,img/target_4.png
21,700,lattice,5,v,img/target_5.png
21,701,lattice,3,i,img/target_8.png
21,702,lattice,2,q,img/target_1.png
21,703,lattice,3,i,img/target_8.png
21,704,lattice,1,w,img/target_2.png
21,705,lattice,0,p,img/target_10.png
21,706,lattice,2,q,img/target_1.png
21,707,lattice,0,p,img/target_10.png
21,708,lattice,9,b,img/target_6.png
21,709,lattice,1,w,img/target_2.png
21,710,lattice,0,p,img/target_10.png
21,711,lattice,2,q,img/target_1.png
21,712,lattice,3,i,img/target_8.png
21,713,lattice,1,w,img/target_2.png
21,714,lattice,0,p,img/target_10.png
21,715,lattice,2,q,img/target_1.png
21,716,lattice,1,w,img/target_2.png
21,717,lattice,0,p,img/target_10.png
21,718,lattice,1,w,img/target_2.png
21,719,lattice,9,b,img/target_6.png
21,720,lattice,7,u,img/target_7.png
21,721,lattice,9,b,img/target_6.png
21,722,lattice,7,u,img/target_7.png
21,723,lattice,9,b,img/target_6.png
21,724,lattice,8,e,img/target_3.png
21,725,lattice,9,b,img/target_6.png
21,726,lattice,8,e,img/target_3.png
21,727,lattice,6,r,img/target_4.png
21,728,lattice,7,u,img/target_7.png
21,729,lattice,9,b,img/target_6.png
21,730,lattice,7,u,img/target_7.png
21,731,lattice,6,r,img/target_4.png
21,732,lattice,5,v,img/target_5.png
21,733,lattice,3,i,img/target_8.png
21,734,lattice,1,w,img/target_2.png
21,735,lattice,9,b,img/target_6.png
21,736,lattice,0,p,img/target_10.png
21,737,lattice,2,q,img/target_1.png
21,738,lattice,3,i,img/target_8.png
21,739,lattice,2,q,img/target_1.png
21,740,lattice,1,w,img/target_2.png
21,741,lattice,9,b,img/target_6.png
21,742,lattice,8,e,img/target_3.png
21,743,lattice,9,b,img/target_6.png
21,744,lattice,8,e,img/target_3.png
21,745,lattice,0,p,img/target_10.png
21,746,lattice,2,q,img/target_1.png
21,747,lattice,4,o,img/target_9.png
21,748,lattice,2,q,img/target_1.png
21,749,lattice,1,w,img/target_2.png
21,750,lattice,3,i,img/target_8.png
21,751,lattice,1,w,img/target_2.png
21,752,lattice,0,p,img/target_10.png
21,753,lattice,1,w,img/target_2.png
21,754,lattice,3,i,img/target_8.png
21,755,lattice,2,q,img/target_1.png
21,756,lattice,3,i,img/target_8.png
21,757,lattice,1,w,img/target_2.png
21,758,lattice,0,p,img/target_10.png
21,759,lattice,1,w,img/target_2.png
21,760,lattice,9,b,img/target_6.png
21,761,lattice,0,p,img/target_10.png
21,762,lattice,9,b,img/target_6.png
21,763,lattice,8,e,img/target_3.png
21,764,lattice,7,u,img/target_7.png
21,765,lattice,9,b,img/target_6.png
21,766,lattice,8,e,img/target_3.png
21,767,lattice,9,b,img/target_6.png
21,768,lattice,7,u,img/target_7.png
21,769,lattice,5,v,img/target_5.png
21,770,lattice,4,o,img/target_9.png
21,771,lattice,5,v,img/target_5.png
21,772,lattice,7,u,img/target_7.png
21,773,lattice,9,b,img/target_6.png
21,774,lattice,0,p,img/target_10.png
21,775,lattice,9,b,img/target_6.png
21,776,lattice,8,e,img/target_3.png
21,777,lattice,9,b,img/target_6.png
21,778,lattice,8,e,img/target_3.png
21,779,lattice,6,r,img/target_4.png
21,780,lattice,5,v,img/target_5.png
21,781,lattice,7,u,img/target_7.png
21,782,lattice,8,e,img/target_3.png
21,783,lattice,7,u,img/target_7.png
21,784,lattice,6,r,img/target_4.png
21,785,lattice,5,v,img/target_5.png
21,786,lattice,6,r,img/target_4.png
21,787,lattice,5,v,img/target_5.png
21,788,lattice,4,o,img/target_9.png
21,789,lattice,3,i,img/target_8.png
21,790,lattice,2,q,img/target_1.png
21,791,lattice,1,w,img/target_2.png
21,792,lattice,2,q,img/target_1.png
21,793,lattice,3,i,img/target_8.png
21,794,lattice,4,o,img/target_9.png
21,795,lattice,2,q,img/target_1.png
21,796,lattice,1,w,img/target_2.png
21,797,lattice,9,b,img/target_6.png
21,798,lattice,7,u,img/target_7.png
21,799,lattice,9,b,img/target_6.png
21,800,lattice,0,p,img/target_10.png
21,801,lattice,2,q,img/target_1.png
21,802,lattice,1,w,img/target_2.png
21,803,lattice,0,p,img/target_10.png
21,804,lattice,9,b,img/target_6.png
21,805,lattice,8,e,img/target_3.png
21,806,lattice,7,u,img/target_7.png
21,807,lattice,6,r,img/target_4.png
21,808,lattice,8,e,img/target_3.png
21,809,lattice,7,u,img/target_7.png
21,810,lattice,9,b,img/target_6.png
21,811,lattice,8,e,img/target_3.png
21,812,lattice,6,r,img/target_4.png
21,813,lattice,4,o,img/target_9.png
21,814,lattice,5,v,img/target_5.png
21,815,lattice,4,o,img/target_9.png
21,816,lattice,5,v,img/target_5.png
21,817,lattice,3,i,img/target_8.png
21,818,lattice,5,v,img/target_5.png
21,819,lattice,3,i,img/target_8.png
21,820,lattice,2,q,img/target_1.png
21,821,lattice,1,w,img/target_2.png
21,822,lattice,2,q,img/target_1.png
21,823,lattice,0,p,img/target_10.png
21,824,lattice,9,b,img/target_6.png
21,825,lattice,8,e,img/target_3.png
21,826,lattice,7,u,img/target_7.png
21,827,lattice,9,b,img/target_6.png
21,828,lattice,0,p,img/target_10.png
21,829,lattice,8,e,img/target_3.png
21,830,lattice,9,b,img/target_6.png
21,831,lattice,0,p,img/target_10.png
21,832,lattice,8,e,img/target_3.png
21,833,lattice,7,u,img/target_7.png
21,834,lattice,5,v,img/target_5.png
21,835,lattice,4,o,img/target_9.png
21,836,lattice,6,r,img/target_4.png
21,837,lattice,8,e,img/target_3.png
21,838,lattice,7,u,img/target_7.png
21,839,lattice,9,b,img/target_6.png
21,840,lattice,8,e,img/target_3.png
21,841,lattice,9,b,img/target_6.png
21,842,lattice,1,w,img/target_2.png
21,843,lattice,0,p,img/target_10.png
21,844,lattice,2,q,img/target_1.png
21,845,lattice,0,p,img/target_10.png
21,846,lattice,8,e,img/target_3.png
21,847,lattice,7,u,img/target_7.png
21,848,lattice,5,v,img/target_5.png
21,849,lattice,7,u,img/target_7.png
21,850,lattice,8,e,img/target_3.png
21,851,lattice,9,b,img/target_6.png
21,852,lattice,7,u,img/target_7.png
21,853,lattice,6,r,img/target_4.png
21,854,lattice,8,e,img/target_3.png
21,855,lattice,6,r,img/target_4.png
21,856,lattice,4,o,img/target_9.png
21,857,lattice,5,v,img/target_5.png
21,858,lattice,7,u,img/target_7.png
21,859,lattice,6,r,img/target_4.png
21,860,lattice,5,v,img/target_5.png
21,861,lattice,3,i,img/target_8.png
21,862,lattice,5,v,img/target_5.png
21,863,lattice,4,o,img/target_9.png
21,864,lattice,2,q,img/target_1.png
21,865,lattice,4,o,img/target_9.png
21,866,lattice,3,i,img/target_8.png
21,867,lattice,4,o,img/target_9.png
21,868,lattice,3,i,img/target_8.png
21,869,lattice,4,o,img/target_9.png
21,870,lattice,5,v,img/target_5.png
21,871,lattice,6,r,img/target_4.png
21,872,lattice,8,e,img/target_3.png
21,873,lattice,0,p,img/target_10.png
21,874,lattice,1,w,img/target_2.png
21,875,lattice,3,i,img/target_8.png
21,876,lattice,1,w,img/target_2.png
21,877,lattice,0,p,img/target_10.png
21,878,lattice,8,e,img/target_3.png
21,879,lattice,0,p,img/target_10.png
21,880,lattice,1,w,img/target_2.png
21,881,lattice,9,b,img/target_6.png
21,882,lattice,7,u,img/target_7.png
21,883,lattice,8,e,img/target_3.png
21,884,lattice,0,p,img/target_10.png
21,885,lattice,1,w,img/target_2.png
21,886,lattice,2,q,img/target_1.png
21,887,lattice,0,p,img/target_10.png
21,888,lattice,2,q,img/target_1.png
21,889,lattice,3,i,img/target_8.png
21,890,lattice,5,v,img/target_5.png
21,891,lattice,4,o,img/target_9.png
21,892,lattice,5,v,img/target_5.png
21,893,lattice,6,r,img/target_4.png
21,894,lattice,8,e,img/target_3.png
21,895,lattice,9,b,img/target_6.png
21,896,lattice,7,u,img/target_7.png
21,897,lattice,6,r,img/target_4.png
21,898,lattice,8,e,img/target_3.png
21,899,lattice,0,p,img/target_10.png
21,900,lattice,9,b,img/target_6.png
21,901,lattice,0,p,img/target_10.png
21,902,lattice,8,e,img/target_3.png
21,903,lattice,0,p,img/target_10.png
21,904,lattice,8,e,img/target_3.png
21,905,lattice,6,r,img/target_4.png
21,906,lattice,7,u,img/target_7.png
21,907,lattice,9,b,img/target_6.png
21,908,lattice,8,e,img/target_3.png
21,909,lattice,9,b,img/target_6.png
21,910,lattice,8,e,img/target_3.png
21,911,lattice,7,u,img/target_7.png
21,912,lattice,6,r,img/target_4.png
21,913,lattice,4,o,img/target_9.png
21,914,lattice,3,i,img/target_8.png
21,915,lattice,2,q,img/target_1.png
21,916,lattice,1,w,img/target_2.png
21,917,lattice,2,q,img/target_1.png
21,918,lattice,0,p,img/target_10.png
21,919,lattice,1,w,img/target_2.png
21,920,lattice,2,q,img/target_1.png
21,921,lattice,3,i,img/target_8.png
21,922,lattice,5,v,img/target_5.png
21,923,lattice,6,r,img/target_4.png
21,924,lattice,8,e,img/target_3.png
21,925,lattice,0,p,img/target_10.png
21,926,lattice,9,b,img/target_6.png
21,927,lattice,0,p,img/target_10.png
21,928,lattice,2,q,img/target_1.png
21,929,lattice,1,w,img/target_2.png
21,930,lattice,0,p,img/target_10.png
21,931,lattice,9,b,img/target_6.png
21,932,lattice,1,w,img/target_2.png
21,933,lattice,3,i,img/target_8.png
21,934,lattice,1,w,img/target_2.png
21,935,lattice,0,p,img/target_10.png
21,936,lattice,8,e,img/target_3.png
21,937,lattice,0,p,img/target_10.png
21,938,lattice,2,q,img/target_1.png
21,939,lattice,0,p,img/target_10.png
21,940,lattice,8,e,img/target_3.png
21,941,lattice,6,r,img/target_4.png
21,942,lattice,7,u,img/target_7.png
21,943,lattice,5,v,img/target_5.png
21,944,lattice,4,o,img/target_9.png
21,945,lattice,2,q,img/target_1.png
21,946,lattice,3,i,img/target_8.png
21,947,lattice,1,w,img/target_2.png
21,948,lattice,9,b,img/target_6.png
21,949,lattice,0,p,img/target_10.png
21,950,lattice,2,q,img/target_1.png
21,951,lattice,1,w,img/target_2.png
21,952,lattice,2,q,img/target_1.png
21,953,lattice,1,w,img/target_2.png
21,954,lattice,9,b,img/target_6.png
21,955,lattice,0,p,img/target_10.png
21,956,lattice,1,w,img/target_2.png
21,957,lattice,2,q,img/target_1.png
21,958,lattice,1,w,img/target_2.png
21,959,lattice,3,i,img/target_8.png
21,960,lattice,5,v,img/target_5.png
21,961,lattice,7,u,img/target_7.png
21,962,lattice,8,e,img/target_3.png
21,963,lattice,9,b,img/target_6.png
21,964,lattice,7,u,img/target_7.png
21,965,lattice,9,b,img/target_6.png
21,966,lattice,0,p,img/target_10.png
21,967,lattice,1,w,img/target_2.png
21,968,lattice,0,p,img/target_10.png
21,969,lattice,1,w,img/target_2.png
21,970,lattice,3,i,img/target_8.png
21,971,lattice,5,v,img/target_5.png
21,972,lattice,3,i,img/target_8.png
21,973,lattice,1,w,img/target_2.png
21,974,lattice,9,b,img/target_6.png
21,975,lattice,1,w,img/target_2.png
21,976,lattice,9,b,img/target_6.png
21,977,lattice,7,u,img/target_7.png
21,978,lattice,8,e,img/target_3.png
21,979,lattice,9,b,img/target_6.png
21,980,lattice,7,u,img/target_7.png
21,981,lattice,5,v,img/target_5.png
21,982,lattice,6,r,img/target_4.png
21,983,lattice,5,v,img/target_5.png
21,984,lattice,7,u,img/target_7.png
21,985,lattice,9,b,img/target_6.png
21,986,lattice,1,w,img/target_2.png
21,987,lattice,3,i,img/target_8.png
21,988,lattice,1,w,img/target_2.png
21,989,lattice,9,b,img/target_6.png
21,990,lattice,8,e,img/target_3.png
21,991,lattice,7,u,img/target_7.png
21,992,lattice,5,v,img/target_5.png
21,993,lattice,6,r,img/target_4.png
21,994,lattice,4,o,img/target_9.png
21,995,lattice,2,q,img/target_1.png
21,996,lattice,3,i,img/target_8.png
21,997,lattice,2,q,img/target_1.png
21,998,lattice,0,p,img/target_10.png
21,999,lattice,8,e,img/target_3.png
21,1000,lattice,6,r,img/target_4.png
