pID,trialNum,graph,walk,resp,path
22,1,modular,1,q,img/target_1.png
22,2,modular,3,v,img/target_5.png
22,3,modular,2,u,img/target_7.png
22,4,modular,0,b,img/target_6.png
22,5,modular,1,q,img/target_1.png
22,6,modular,3,v,img/target_5.png
22,7,modular,4,r,img/target_4.png
22,8,modular,2,u,img/target_7.png
22,9,modular,4,r,img/target_4.png
22,10,modular,2,u,img/target_7.png
22,11,modular,0,b,img/target_6.png
22,12,modular,1,q,img/target_1.png
22,13,modular,4,r,img/target_4.png
22,14,modular,5,o,img/target_9.png
22,15,modular,4,r,img/target_4.png
22,16,modular,2,u,img/target_7.png
22,17,modular,1,q,img/target_1.png
22,18,modular,0,b,img/target_6.png
22,19,modular,1,q,img/target_1.png
22,20,modular,4,r,img/target_4.png
22,21,modular,1,q,img/target_1.png
22,22,modular,3,v,img/target_5.png
22,23,modular,1,q,img/target_1.png
22,24,modular,0,b,img/target_6.png
22,25,modular,1,q,img/target_1.png
22,26,modular,3,v,img/target_5.png
22,27,modular,4,r,img/target_4.png
22,28,modular,1,q,img/target_1.png
22,29,modular,2,u,img/target_7.png
22,30,modular,3,v,img/target_5.png
22,31,modular,4,r,img/target_4.png
22,32,modular,2,u,img/target_7.png
22,33,modular,4,r,img/target_4.png
22,34,modular,5,o,img/target_9.png
22,35,modular,4,r,img/target_4.png
22,36,modular,5,o,img/target_9.png
22,37,modular,7,p,img/target_10.png
22,38,modular,8,i,img/target_8.png
22,39,modular,9,e,img/target_3.png
22,40,modular,6,w,img/target_2.png
22,41,modular,8,i,img/target_8.png
22,42,modular,9,e,img/target_3.png
22,43,modular,0,b,img/target_6.png
22,44,modular,1,q,img/target_1.png
22,45,modular,2,u,img/target_7.png
22,46,modular,4,r,img/target_4.png
22,47,modular,2,u,img/target_7.png
22,48,modular,1,q,img/target_1.png
22,49,modular,3,v,img/target_5.png
22,50,modular,1,q,img/target_1.png
22,51,modular,4,r,img/target_4.png
22,52,modular,1,q,img/target_1.png
22,53,modular,2,u,img/target_7.png
22,54,modular,1,q,img/target_1.png
22,55,modular,4,r,img/target_4.png
22,56,modular,3,v,img/target_5.png
22,57,modular,2,u,img/target_7.png
22,58,modular,0,b,img/target_6.png
22,59,modular,9,e,img/target_3.png
22,60,modular,6,w,img/target_2.png
22,61,modular,9,e,img/target_3.png
22,62,modular,0,b,img/target_6.png
22,63,modular,2,u,img/target_7.png
22,64,modular,4,r,img/target_4.png
22,65,modular,5,o,img/target_9.png
22,66,modular,6,w,img/target_2.png
22,67,modular,7,p,img/target_10.png
22,68,modular,6,w,img/target_2.png
22,69,modular,8,i,img/target_8.png
22,70,modular,9,e,img/target_3.png
22,71,modular,7,p,img/target_10.png
22,72,modular,5,o,img/target_9.png
22,73,modular,6,w,img/target_2.png
22,74,modular,8,i,img/target_8.png
22,75,modular,7,p,img/target_10.png
22,76,modular,8,i,img/target_8.png
22,77,modular,9,e,img/target_3.png
22,78,modular,7,p,img/target_10.png
22,79,modular,8,i,img/target_8.png
22,80,modular,7,p,img/target_10.png
22,81,modular,9,e,img/target_3.png
22,82,modular,6,w,img/target_2.png
22,83,modular,8,i,img/target_8.png
22,84,modular,7,p,img/target_10.png
22,85,modular,5,o,img/target_9.png
22,86,modular,8,i,img/target_8.png
22,87,modular,6,w,img/target_2.png
22,88,modular,9,e,img/target_3.png
22,89,modular,0,b,img/target_6.png
22,90,modular,1,q,img/target_1.png
22,91,modular,2,u,img/target_7.png
22,92,modular,4,r,img/target_4.png
22,93,modular,1,q,img/target_1.png
22,94,modular,2,u,img/target_7.png
22,95,modular,0,b,img/target_6.png
22,96,modular,1,q,img/target_1.png
22,97,modular,4,r,img/target_4.png
22,98,modular,3,v,img/target_5.png
22,99,modular,0,b,img/target_6.png
22,100,modular,9,e,img/target_3.png
22,101,modular,0,b,img/target_6.png
22,102,modular,9,e,img/target_3.png
22,103,modular,8,i,img/target_8.png
22,104,modular,6,w,img/target_2.png
22,105,modular,9,e,img/target_3.png
22,106,modular,6,w,img/target_2.png
22,107,modular,8,i,img/target_8.png
22,108,modular,5,o,img/target_9.png
22,109,modular,6,w,img/target_2.png
22,110,modular,5,o,img/target_9.png
22,111,modular,8,i,img/target_8.png
22,112,modular,9,e,img/target_3.png
22,113,modular,7,p,img/target_10.png
22,114,modular,5,o,img/target_9.png
22,115,modular,6,w,img/target_2.png
22,116,modular,8,i,img/target_8.png
22,117,modular,9,e,img/target_3.png
22,118,modular,6,w,img/target_2.png
22,119,modular,8,i,img/target_8.png
22,120,modular,5,o,img/target_9.png
22,121,modular,7,p,img/target_10.png
22,122,modular,9,e,img/target_3.png
22,123,modular,6,w,img/target_2.png
22,124,modular,9,e,img/target_3.png
22,125,modular,6,w,img/target_2.png
22,126,modular,5,o,img/target_9.png
22,127,modular,7,p,img/target_10.png
22,128,modular,8,i,img/target_8.png
22,129,modular,7,p,img/target_10.png
22,130,modular,8,i,img/target_8.png
22,131,modular,5,o,img/target_9.png
22,132,modular,8,i,img/target_8.png
22,133,modular,7,p,img/target_10.png
22,134,modular,5,o,img/target_9.png
22,135,modular,4,r,img/target_4.png
22,136,modular,1,q,img/target_1.png
22,137,modular,0,b,img/target_6.png
22,138,modular,9,e,img/target_3.png
22,139,modular,0,b,img/target_6.png
22,140,modular,9,e,img/target_3.png
22,141,modular,6,w,img/target_2.png
22,142,modular,9,e,img/target_3.png
22,143,modular,6,w,img/target_2.png
22,144,modular,5,o,img/target_9.png
22,145,modular,8,i,img/target_8.png
22,146,modular,6,w,img/target_2.png
22,147,modular,9,e,img/target_3.png
22,148,modular,8,i,img/target_8.png
22,149,modular,5,o,img/target_9.png
22,150,modular,7,p,img/target_10.png
22,151,modular,5,o,img/target_9.png
22,152,modular,8,i,img/target_8.png
22,153,modular,5,o,img/target_9.png
22,154,modular,6,w,img/target_2.png
22,155,modular,9,e,img/target_3.png
22,156,modular,8,i,img/target_8.png
22,157,modular,9,e,img/target_3.png
22,158,modular,8,i,img/target_8.png
22,159,modular,6,w,img/target_2.png
22,160,modular,8,i,img/target_8.png
22,161,modular,7,p,img/target_10.png
22,162,modular,9,e,img/target_3.png
22,163,modular,0,b,img/target_6.png
22,164,modular,3,v,img/target_5.png
22,165,modular,1,q,img/target_1.png
22,166,modular,2,u,img/target_7.png
22,167,modular,4,r,img/target_4.png
22,168,modular,3,v,img/target_5.png
22,169,modular,4,r,img/target_4.png
22,170,modular,2,u,img/target_7.png
22,171,modular,4,r,img/target_4.png
22,172,modular,3,v,img/target_5.png
22,173,modular,4,r,img/target_4.png
22,174,modular,5,o,img/target_9.png
22,175,modular,4,r,img/target_4.png
22,176,modular,2,u,img/target_7.png
22,177,modular,4,r,img/target_4.png
22,178,modular,3,v,img/target_5.png
22,179,modular,4,r,img/target_4.png
22,180,modular,1,q,img/target_1.png
22,181,modular,0,b,img/target_6.png
22,182,modular,3,v,img/target_5.png
22,183,modular,0,b,img/target_6.png
22,184,modular,9,e,img/target_3.png
22,185,modular,0,b,img/target_6.png
22,186,modular,2,u,img/target_7.png
22,187,modular,1,q,img/target_1.png
22,188,modular,3,v,img/target_5.png
22,189,modular,2,u,img/target_7.png
22,190,modular,1,q,img/target_1.png
22,191,modular,3,v,img/target_5.png
22,192,modular,4,r,img/target_4.png
22,193,modular,5,o,img/target_9.png
22,194,modular,6,w,img/target_2.png
22,195,modular,8,i,img/target_8.png
22,196,modular,7,p,img/target_10.png
22,197,modular,9,e,img/target_3.png
22,198,modular,0,b,img/target_6.png
22,199,modular,9,e,img/target_3.png
22,200,modular,0,b,img/target_6.png
22,201,modular,1,q,img/target_1.png
22,202,modular,0,b,img/target_6.png
22,203,modular,3,v,img/target_5.png
22,204,modular,1,q,img/target_1.png
22,205,modular,4,r,img/target_4.png
22,206,modular,3,v,img/target_5.png
22,207,modular,4,r,img/target_4.png
22,208,modular,3,v,img/target_5.png
22,209,modular,4,r,img/target_4.png
22,210,modular,5,o,img/target_9.png
22,211,modular,4,r,img/target_4.png
22,212,modular,2,u,img/target_7.png
22,213,modular,0,b,img/target_6.png
22,214,modular,2,u,img/target_7.png
22,215,modular,3,v,img/target_5.png
22,216,modular,2,u,img/target_7.png
22,217,modular,0,b,img/target_6.png
22,218,modular,1,q,img/target_1.png
22,219,modular,0,b,img/target_6.png
22,220,modular,3,v,img/target_5.png
22,221,modular,4,r,img/target_4.png
22,222,modular,1,q,img/target_1.png
22,223,modular,2,u,img/target_7.png
22,224,modular,3,v,img/target_5.png
22,225,modular,0,b,img/target_6.png
22,226,modular,3,v,img/target_5.png
22,227,modular,0,b,img/target_6.png
22,228,modular,1,q,img/target_1.png
22,229,modular,3,v,img/target_5.png
22,230,modular,4,r,img/target_4.png
22,231,modular,2,u,img/target_7.png
22,232,modular,4,r,img/target_4.png
22,233,modular,5,o,img/target_9.png
22,234,modular,8,i,img/target_8.png
22,235,modular,6,w,img/target_2.png
22,236,modular,7,p,img/target_10.png
22,237,modular,8,i,img/target_8.png
22,238,modular,7,p,img/target_10.png
22,239,modular,6,w,img/target_2.png
22,240,modular,5,o,img/target_9.png
22,241,modular,6,w,img/target_2.png
22,242,modular,8,i,img/target_8.png
22,243,modular,7,p,img/target_10.png
22,244,modular,6,w,img/target_2.png
22,245,modular,8,i,img/target_8.png
22,246,modular,7,p,img/target_10.png
22,247,modular,6,w,img/target_2.png
22,248,modular,5,o,img/target_9.png
22,249,modular,4,r,img/target_4.png
22,250,modular,5,o,img/target_9.png
22,251,modular,8,i,img/target_8.png
22,252,modular,5,o,img/target_9.png
22,253,modular,8,i,img/target_8.png
22,254,modular,7,p,img/target_10.png
22,255,modular,8,i,img/target_8.png
22,256,modular,5,o,img/target_9.png
22,257,modular,7,p,img/target_10.png
22,258,modular,8,i,img/target_8.png
22,259,modular,7,p,img/target_10.png
22,260,modular,8,i,img/target_8.png
22,261,modular,7,p,img/target_10.png
22,262,modular,9,e,img/target_3.png
22,263,modular,8,i,img/target_8.png
22,264,modular,6,w,img/target_2.png
22,265,modular,7,p,img/target_10.png
22,266,modular,6,w,img/target_2.png
22,267,modular,9,e,img/target_3.png
22,268,modular,8,i,img/target_8.png
22,269,modular,6,w,img/target_2.png
22,270,modular,9,e,img/target_3.png
22,271,modular,8,i,img/target_8.png
22,272,modular,9,e,img/target_3.png
22,273,modular,7,p,img/target_10.png
22,274,modular,9,e,img/target_3.png
22,275,modular,8,i,img/target_8.png
22,276,modular,7,p,img/target_10.png
22,277,modular,6,w,img/target_2.png
22,278,modular,9,e,img/target_3.png
22,279,modular,8,i,img/target_8.png
22,280,modular,7,p,img/target_10.png
22,281,modular,8,i,img/target_8.png
22,282,modular,6,w,img/target_2.png
22,283,modular,5,o,img/target_9.png
22,284,modular,6,w,img/target_2.png
22,285,modular,8,i,img/target_8.png
22,286,modular,9,e,img/target_3.png
22,287,modular,6,w,img/target_2.png
22,288,modular,5,o,img/target_9.png
22,289,modular,6,w,img/target_2.png
22,290,modular,7,p,img/target_10.png
22,291,modular,6,w,img/target_2.png
22,292,modular,5,o,img/target_9.png
22,293,modular,7,p,img/target_10.png
22,294,modular,8,i,img/target_8.png
22,295,modular,9,e,img/target_3.png
22,296,modular,6,w,img/target_2.png
22,297,modular,8,i,img/target_8.png
22,298,modular,7,p,img/target_10.png
22,299,modular,6,w,img/target_2.png
22,300,modular,8,i,img/target_8.png
22,301,modular,7,p,img/target_10.png
22,302,modular,5,o,img/target_9.png
22,303,modular,6,w,img/target_2.png
22,304,modular,5,o,img/target_9.png
22,305,modular,6,w,img/target_2.png
22,306,modular,7,p,img/target_10.png
22,307,modular,6,w,img/target_2.png
22,308,modular,5,o,img/target_9.png
22,309,modular,6,w,img/target_2.png
22,310,modular,8,i,img/target_8.png
22,311,modular,5,o,img/target_9.png
22,312,modular,8,i,img/target_8.png
22,313,modular,6,w,img/target_2.png
22,314,modular,5,o,img/target_9.png
22,315,modular,6,w,img/target_2.png
22,316,modular,5,o,img/target_9.png
22,317,modular,4,r,img/target_4.png
22,318,modular,2,u,img/target_7.png
22,319,modular,3,v,img/target_5.png
22,320,modular,0,b,img/target_6.png
22,321,modular,2,u,img/target_7.png
22,322,modular,3,v,img/target_5.png
22,323,modular,0,b,img/target_6.png
22,324,modular,9,e,img/target_3.png
22,325,modular,0,b,img/target_6.png
22,326,modular,1,q,img/target_1.png
22,327,modular,2,u,img/target_7.png
22,328,modular,4,r,img/target_4.png
22,329,modular,3,v,img/target_5.png
22,330,modular,2,u,img/target_7.png
22,331,modular,4,r,img/target_4.png
22,332,modular,3,v,img/target_5.png
22,333,modular,1,q,img/target_1.png
22,334,modular,2,u,img/target_7.png
22,335,modular,0,b,img/target_6.png
22,336,modular,9,e,img/target_3.png
22,337,modular,0,b,img/target_6.png
22,338,modular,2,u,img/target_7.png
22,339,modular,4,r,img/target_4.png
22,340,modular,1,q,img/target_1.png
22,341,modular,2,u,img/target_7.png
22,342,modular,1,q,img/target_1.png
22,343,modular,2,u,img/target_7.png
22,344,modular,1,q,img/target_1.png
22,345,modular,4,r,img/target_4.png
22,346,modular,3,v,img/target_5.png
22,347,modular,2,u,img/target_7.png
22,348,modular,3,v,img/target_5.png
22,349,modular,1,q,img/target_1.png
22,350,modular,4,r,img/target_4.png
22,351,modular,2,u,img/target_7.png
22,352,modular,1,q,img/target_1.png
22,353,modular,0,b,img/target_6.png
22,354,modular,2,u,img/target_7.png
22,355,modular,3,v,img/target_5.png
22,356,modular,2,u,img/target_7.png
22,357,modular,0,b,img/target_6.png
22,358,modular,9,e,img/target_3.png
22,359,modular,6,w,img/target_2.png
22,360,modular,7,p,img/target_10.png
22,361,modular,5,o,img/target_9.png
22,362,modular,8,i,img/target_8.png
22,363,modular,7,p,img/target_10.png
22,364,modular,8,i,img/target_8.png
22,365,modular,6,w,img/target_2.png
22,366,modular,5,o,img/target_9.png
22,367,modular,4,r,img/target_4.png
22,368,modular,3,v,img/target_5.png
22,369,modular,0,b,img/target_6.png
22,370,modular,1,q,img/target_1.png
22,371,modular,2,u,img/target_7.png
22,372,modular,3,v,img/target_5.png
22,373,modular,0,b,img/target_6.png
22,374,modular,9,e,img/target_3.png
22,375,modular,6,w,img/target_2.png
22,376,modular,7,p,img/target_10.png
22,377,modular,8,i,img/target_8.png
22,378,modular,9,e,img/target_3.png
22,379,modular,7,p,img/target_10.png
22,380,modular,6,w,img/target_2.png
22,381,modular,7,p,img/target_10.png
22,382,modular,9,e,img/target_3.png
22,383,modular,7,p,img/target_10.png
22,384,modular,8,i,img/target_8.png
22,385,modular,6,w,img/target_2.png
22,386,modular,8,i,img/target_8.png
22,387,modular,9,e,img/target_3.png
22,388,modular,7,p,img/target_10.png
22,389,modular,5,o,img/target_9.png
22,390,modular,8,i,img/target_8.png
22,391,modular,7,p,img/target_10.png
22,392,modular,9,e,img/target_3.png
22,393,modular,8,i,img/target_8.png
22,394,modular,9,e,img/target_3.png
22,395,modular,7,p,img/target_10.png
22,396,modular,9,e,img/target_3.png
22,397,modular,6,w,img/target_2.png
22,398,modular,8,i,img/target_8.png
22,399,modular,7,p,img/target_10.png
22,400,modular,6,w,img/target_2.png
22,401,modular,9,e,img/target_3.png
22,402,modular,0,b,img/target_6.png
22,403,modular,2,u,img/target_7.png
22,404,modular,4,r,img/target_4.png
22,405,modular,3,v,img/target_5.png
22,406,modular,0,b,img/target_6.png
22,407,modular,3,v,img/target_5.png
22,408,modular,0,b,img/target_6.png
22,409,modular,1,q,img/target_1.png
22,410,modular,3,v,img/target_5.png
22,411,modular,4,r,img/target_4.png
22,412,modular,2,u,img/target_7.png
22,413,modular,1,q,img/target_1.png
22,414,modular,0,b,img/target_6.png
22,415,modular,1,q,img/target_1.png
22,416,modular,4,r,img/target_4.png
22,417,modular,5,o,img/target_9.png
22,418,modular,6,w,img/target_2.png
22,419,modular,9,e,img/target_3.png
22,420,modular,0,b,img/target_6.png
22,421,modular,3,v,img/target_5.png
22,422,modular,1,q,img/target_1.png
22,423,modular,4,r,img/target_4.png
22,424,modular,5,o,img/target_9.png
22,425,modular,6,w,img/target_2.png
22,426,modular,9,e,img/target_3.png
22,427,modular,7,p,img/target_10.png
22,428,modular,5,o,img/target_9.png
22,429,modular,8,i,img/target_8.png
22,430,modular,9,e,img/target_3.png
22,431,modular,6,w,img/target_2.png
22,432,modular,9,e,img/target_3.png
22,433,modular,7,p,img/target_10.png
22,434,modular,6,w,img/target_2.png
22,435,modular,9,e,img/target_3.png
22,436,modular,8,i,img/target_8.png
22,437,modular,7,p,img/target_10.png
22,438,modular,9,e,img/target_3.png
22,439,modular,6,w,img/target_2.png
22,440,modular,5,o,img/target_9.png
22,441,modular,8,i,img/target_8.png
22,442,modular,7,p,img/target_10.png
22,443,modular,5,o,img/target_9.png
22,444,modular,4,r,img/target_4.png
22,445,modular,3,v,img/target_5.png
22,446,modular,0,b,img/target_6.png
22,447,modular,3,v,img/target_5.png
22,448,modular,0,b,img/target_6.png
22,449,modular,9,e,img/target_3.png
22,450,modular,0,b,img/target_6.png
22,451,modular,2,u,img/target_7.png
22,452,modular,1,q,img/target_1.png
22,453,modular,4,r,img/target_4.png
22,454,modular,2,u,img/target_7.png
22,455,modular,4,r,img/target_4.png
22,456,modular,3,v,img/target_5.png
22,457,modular,2,u,img/target_7.png
22,458,modular,1,q,img/target_1.png
22,459,modular,3,v,img/target_5.png
22,460,modular,0,b,img/target_6.png
22,461,modular,3,v,img/target_5.png
22,462,modular,2,u,img/target_7.png
22,463,modular,1,q,img/target_1.png
22,464,modular,3,v,img/target_5.png
22,465,modular,2,u,img/target_7.png
22,466,modular,1,q,img/target_1.png
22,467,modular,0,b,img/target_6.png
22,468,modular,2,u,img/target_7.png
22,469,modular,4,r,img/target_4.png
22,470,modular,5,o,img/target_9.png
22,471,modular,6,w,img/target_2.png
22,472,modular,5,o,img/target_9.png
22,473,modular,7,p,img/target_10.png
22,474,modular,9,e,img/target_3.png
22,475,modular,6,w,img/target_2.png
22,476,modular,9,e,img/target_3.png
22,477,modular,0,b,img/target_6.png
22,478,modular,9,e,img/target_3.png
22,479,modular,6,w,img/target_2.png
22,480,modular,5,o,img/target_9.png
22,481,modular,8,i,img/target_8.png
22,482,modular,5,o,img/target_9.png
22,483,modular,7,p,img/target_10.png
22,484,modular,6,w,img/target_2.png
22,485,modular,7,p,img/target_10.png
22,486,modular,8,i,img/target_8.png
22,487,modular,7,p,img/target_10.png
22,488,modular,6,w,img/target_2.png
22,489,modular,8,i,img/target_8.png
22,490,modular,7,p,img/target_10.png
22,491,modular,6,w,img/target_2.png
22,492,modular,9,e,img/target_3.png
22,493,modular,6,w,img/target_2.png
22,494,modular,5,o,img/target_9.png
22,495,modular,4,r,img/target_4.png
22,496,modular,2,u,img/target_7.png
22,497,modular,0,b,img/target_6.png
22,498,modular,9,e,img/target_3.png
22,499,modular,6,w,img/target_2.png
22,500,modular,8,i,img/target_8.png
22,501,modular,5,o,img/target_9.png
22,502,modular,8,i,img/target_8.png
22,503,modular,7,p,img/target_10.png
22,504,modular,9,e,img/target_3.png
22,505,modular,0,b,img/target_6.png
22,506,modular,3,v,img/target_5.png
22,507,modular,4,r,img/target_4.png
22,508,modular,1,q,img/target_1.png
22,509,modular,4,r,img/target_4.png
22,510,modular,1,q,img/target_1.png
22,511,modular,3,v,img/target_5.png
22,512,modular,0,b,img/target_6.png
22,513,modular,3,v,img/target_5.png
22,514,modular,1,q,img/target_1.png
22,515,modular,4,r,img/target_4.png
22,516,modular,3,v,img/target_5.png
22,517,modular,2,u,img/target_7.png
22,518,modular,3,v,img/target_5.png
22,519,modular,4,r,img/target_4.png
22,520,modular,1,q,img/target_1.png
22,521,modular,2,u,img/target_7.png
22,522,modular,3,v,img/target_5.png
22,523,modular,1,q,img/target_1.png
22,524,modular,0,b,img/target_6.png
22,525,modular,2,u,img/target_7.png
22,526,modular,3,v,img/target_5.png
22,527,modular,4,r,img/target_4.png
22,528,modular,2,u,img/target_7.png
22,529,modular,4,r,img/target_4.png
22,530,modular,2,u,img/target_7.png
22,531,modular,0,b,img/target_6.png
22,532,modular,1,q,img/target_1.png
22,533,modular,4,r,img/target_4.png
22,534,modular,5,o,img/target_9.png
22,535,modular,7,p,img/target_10.png
22,536,modular,9,e,img/target_3.png
22,537,modular,7,p,img/target_10.png
22,538,modular,6,w,img/target_2.png
22,539,modular,8,i,img/target_8.png
22,540,modular,9,e,img/target_3.png
22,541,modular,7,p,img/target_10.png
22,542,modular,6,w,img/target_2.png
22,543,modular,7,p,img/target_10.png
22,544,modular,5,o,img/target_9.png
22,545,modular,7,p,img/target_10.png
22,546,modular,9,e,img/target_3.png
22,547,modular,7,p,img/target_10.png
22,548,modular,8,i,img/target_8.png
22,549,modular,5,o,img/target_9.png
22,550,modular,4,r,img/target_4.png
22,551,modular,2,u,img/target_7.png
22,552,modular,4,r,img/target_4.png
22,553,modular,3,v,img/target_5.png
22,554,modular,1,q,img/target_1.png
22,555,modular,2,u,img/target_7.png
22,556,modular,3,v,img/target_5.png
22,557,modular,4,r,img/target_4.png
22,558,modular,2,u,img/target_7.png
22,559,modular,1,q,img/target_1.png
22,560,modular,0,b,img/target_6.png
22,561,modular,2,u,img/target_7.png
22,562,modular,3,v,img/target_5.png
22,563,modular,1,q,img/target_1.png
22,564,modular,3,v,img/target_5.png
22,565,modular,0,b,img/target_6.png
22,566,modular,2,u,img/target_7.png
22,567,modular,0,b,img/target_6.png
22,568,modular,9,e,img/target_3.png
22,569,modular,6,w,img/target_2.png
22,570,modular,5,o,img/target_9.png
22,571,modular,4,r,img/target_4.png
22,572,modular,3,v,img/target_5.png
22,573,modular,2,u,img/target_7.png
22,574,modular,1,q,img/target_1.png
22,575,modular,0,b,img/target_6.png
22,576,modular,9,e,img/target_3.png
22,577,modular,0,b,img/target_6.png
22,578,modular,1,q,img/target_1.png
22,579,modular,0,b,img/target_6.png
22,580,modular,9,e,img/target_3.png
22,581,modular,6,w,img/target_2.png
22,582,modular,8,i,img/target_8.png
22,583,modular,9,e,img/target_3.png
22,584,modular,0,b,img/target_6.png
22,585,modular,2,u,img/target_7.png
22,586,modular,1,q,img/target_1.png
22,587,modular,3,v,img/target_5.png
22,588,modular,4,r,img/target_4.png
22,589,modular,1,q,img/target_1.png
22,590,modular,2,u,img/target_7.png
22,591,modular,0,b,img/target_6.png
22,592,modular,3,v,img/target_5.png
22,593,modular,2,u,img/target_7.png
22,594,modular,0,b,img/target_6.png
22,595,modular,9,e,img/target_3.png
22,596,modular,7,p,img/target_10.png
22,597,modular,8,i,img/target_8.png
22,598,modular,7,p,img/target_10.png
22,599,modular,9,e,img/target_3.png
22,600,modular,8,i,img/target_8.png
22,601,modular,9,e,img/target_3.png
22,602,modular,7,p,img/target_10.png
22,603,modular,5,o,img/target_9.png
22,604,modular,8,i,img/target_8.png
22,605,modular,5,o,img/target_9.png
22,606,modular,8,i,img/target_8.png
22,607,modular,9,e,img/target_3.png
22,608,modular,7,p,img/target_10.png
22,609,modular,8,i,img/target_8.png
22,610,modular,5,o,img/target_9.png
22,611,modular,8,i,img/target_8.png
22,612,modular,6,w,img/target_2.png
22,613,modular,8,i,img/target_8.png
22,614,modular,6,w,img/target_2.png
22,615,modular,8,i,img/target_8.png
22,616,modular,5,o,img/target_9.png
22,617,modular,7,p,img/target_10.png
22,618,modular,9,e,img/target_3.png
22,619,modular,7,p,img/target_10.png
22,620,modular,5,o,img/target_9.png
22,621,modular,4,r,img/target_4.png
22,622,modular,3,v,img/target_5.png
22,623,modular,2,u,img/target_7.png
22,624,modular,4,r,img/target_4.png
22,625,modular,2,u,img/target_7.png
22,626,modular,3,v,img/target_5.png
22,627,modular,0,b,img/target_6.png
22,628,modular,2,u,img/target_7.png
22,629,modular,4,r,img/target_4.png
22,630,modular,3,v,img/target_5.png
22,631,modular,1,q,img/target_1.png
22,632,modular,0,b,img/target_6.png
22,633,modular,2,u,img/target_7.png
22,634,modular,1,q,img/target_1.png
22,635,modular,3,v,img/target_5.png
22,636,modular,1,q,img/target_1.png
22,637,modular,4,r,img/target_4.png
22,638,modular,2,u,img/target_7.png
22,639,modular,3,v,img/target_5.png
22,640,modular,1,q,img/target_1.png
22,641,modular,0,b,img/target_6.png
22,642,modular,9,e,img/target_3.png
22,643,modular,6,w,img/target_2.png
22,644,modular,9,e,img/target_3.png
22,645,modular,8,i,img/target_8.png
22,646,modular,6,w,img/target_2.png
22,647,modular,7,p,img/target_10.png
22,648,modular,6,w,img/target_2.png
22,649,modular,9,e,img/target_3.png
22,650,modular,0,b,img/target_6.png
22,651,modular,9,e,img/target_3.png
22,652,modular,7,p,img/target_10.png
22,653,modular,5,o,img/target_9.png
22,654,modular,4,r,img/target_4.png
22,655,modular,1,q,img/target_1.png
22,656,modular,4,r,img/target_4.png
22,657,modular,5,o,img/target_9.png
22,658,modular,8,i,img/target_8.png
22,659,modular,6,w,img/target_2.png
22,660,modular,8,i,img/target_8.png
22,661,modular,5,o,img/target_9.png
22,662,modular,7,p,img/target_10.png
22,663,modular,5,o,img/target_9.png
22,664,modular,8,i,img/target_8.png
22,665,modular,5,o,img/target_9.png
22,666,modular,7,p,img/target_10.png
22,667,modular,6,w,img/target_2.png
22,668,modular,9,e,img/target_3.png
22,669,modular,8,i,img/target_8.png
22,670,modular,9,e,img/target_3.png
22,671,modular,7,p,img/target_10.png
22,672,modular,9,e,img/target_3.png
22,673,modular,0,b,img/target_6.png
22,674,modular,9,e,img/target_3.png
22,675,modular,6,w,img/target_2.png
22,676,modular,5,o,img/target_9.png
22,677,modular,4,r,img/target_4.png
22,678,modular,5,o,img/target_9.png
22,679,modular,8,i,img/target_8.png
22,680,modular,9,e,img/target_3.png
22,681,modular,0,b,img/target_6.png
22,682,modular,9,e,img/target_3.png
22,683,modular,6,w,img/target_2.png
22,684,modular,9,e,img/target_3.png
22,685,modular,7,p,img/target_10.png
22,686,modular,6,w,img/target_2.png
22,687,modular,8,i,img/target_8.png
22,688,modular,5,o,img/target_9.png
22,689,modular,4,r,img/target_4.png
22,690,modular,3,v,img/target_5.png
22,691,modular,4,r,img/target_4.png
22,692,modular,1,q,img/target_1.png
22,693,modular,2,u,img/target_7.png
22,694,modular,0,b,img/target_6.png
22,695,modular,2,u,img/target_7.png
22,696,modular,1,q,img/target_1.png
22,697,modular,3,v,img/target_5.png
22,698,modular,0,b,img/target_6.png
22,699,modular,1,q,img/target_1.png
22,700,modular,2,u,img/target_7.png
22,701,modular,4,r,img/target_4.png
22,702,modular,5,o,img/target_9.png
22,703,modular,7,p,img/target_10.png
22,704,modular,8,i,img/target_8.png
22,705,modular,5,o,img/target_9.png
22,706,modular,6,w,img/target_2.png
22,707,modular,7,p,img/target_10.png
22,708,modular,9,e,img/target_3.png
22,709,modular,0,b,img/target_6.png
22,710,modular,9,e,img/target_3.png
22,711,modular,0,b,img/target_6.png
22,712,modular,1,q,img/target_1.png
22,713,modular,4,r,img/target_4.png
22,714,modular,5,o,img/target_9.png
22,715,modular,8,i,img/target_8.png
22,716,modular,6,w,img/target_2.png
22,717,modular,9,e,img/target_3.png
22,718,modular,7,p,img/target_10.png
22,719,modular,9,e,img/target_3.png
22,720,modular,0,b,img/target_6.png
22,721,modular,3,v,img/target_5.png
22,722,modular,2,u,img/target_7.png
22,723,modular,3,v,img/target_5.png
22,724,modular,2,u,img/target_7.png
22,725,modular,1,q,img/target_1.png
22,726,modular,2,u,img/target_7.png
22,727,modular,1,q,img/target_1.png
22,728,modular,0,b,img/target_6.png
22,729,modular,3,v,img/target_5.png
22,730,modular,2,u,img/target_7.png
22,731,modular,0,b,img/target_6.png
22,732,modular,3,v,img/target_5.png
22,733,modular,4,r,img/target_4.png
22,734,modular,3,v,img/target_5.png
22,735,modular,4,r,img/target_4.png
22,736,modular,3,v,img/target_5.png
22,737,modular,4,r,img/target_4.png
22,738,modular,1,q,img/target_1.png
22,739,modular,3,v,img/target_5.png
22,740,modular,4,r,img/target_4.png
22,741,modular,5,o,img/target_9.png
22,742,modular,6,w,img/target_2.png
22,743,modular,7,p,img/target_10.png
22,744,modular,5,o,img/target_9.png
22,745,modular,4,r,img/target_4.png
22,746,modular,3,v,img/target_5.png
22,747,modular,2,u,img/target_7.png
22,748,modular,3,v,img/target_5.png
22,749,modular,4,r,img/target_4.png
22,750,modular,2,u,img/target_7.png
22,751,modular,4,r,img/target_4.png
22,752,modular,2,u,img/target_7.png
22,753,modular,1,q,img/target_1.png
22,754,modular,3,v,img/target_5.png
22,755,modular,1,q,img/target_1.png
22,756,modular,0,b,img/target_6.png
22,757,modular,1,q,img/target_1.png
22,758,modular,4,r,img/target_4.png
22,759,modular,1,q,img/target_1.png
22,760,modular,2,u,img/target_7.png
22,761,modular,0,b,img/target_6.png
22,762,modular,1,q,img/target_1.png
22,763,modular,0,b,img/target_6.png
22,764,modular,3,v,img/target_5.png
22,765,modular,4,r,img/target_4.png
22,766,modular,3,v,img/target_5.png
22,767,modular,2,u,img/target_7.png
22,768,modular,1,q,img/target_1.png
22,769,modular,2,u,img/target_7.png
22,770,modular,3,v,img/target_5.png
22,771,modular,1,q,img/target_1.png
22,772,modular,4,r,img/target_4.png
22,773,modular,5,o,img/target_9.png
22,774,modular,6,w,img/target_2.png
22,775,modular,7,p,img/target_10.png
22,776,modular,6,w,img/target_2.png
22,777,modular,9,e,img/target_3.png
22,778,modular,6,w,img/target_2.png
22,779,modular,8,i,img/target_8.png
22,780,modular,5,o,img/target_9.png
22,781,modular,4,r,img/target_4.png
22,782,modular,3,v,img/target_5.png
22,783,modular,1,q,img/target_1.png
22,784,modular,2,u,img/target_7.png
22,785,modular,3,v,img/target_5.png
22,786,modular,4,r,img/target_4.png
22,787,modular,2,u,img/target_7.png
22,788,modular,1,q,img/target_1.png
22,789,modular,3,v,img/target_5.png
22,790,modular,1,q,img/target_1.png
22,791,modular,2,u,img/target_7.png
22,792,modular,0,b,img/target_6.png
22,793,modular,2,u,img/target_7.png
22,794,modular,0,b,img/target_6.png
22,795,modular,9,e,img/target_3.png
22,796,modular,8,i,img/target_8.png
22,797,modular,6,w,img/target_2.png
22,798,modular,9,e,img/target_3.png
22,799,modular,8,i,img/target_8.png
22,800,modular,6,w,img/target_2.png
22,801,modular,8,i,img/target_8.png
22,802,modular,5,o,img/target_9.png
22,803,modular,7,p,img/target_10.png
22,804,modular,9,e,img/target_3.png
22,805,modular,7,p,img/target_10.png
22,806,modular,8,i,img/target_8.png
22,807,modular,6,w,img/target_2.png
22,808,modular,9,e,img/target_3.png
22,809,modular,8,i,img/target_8.png
22,810,modular,7,p,img/target_10.png
22,811,modular,8,i,img/target_8.png
22,812,modular,5,o,img/target_9.png
22,813,modular,4,r,img/target_4.png
22,814,modular,2,u,img/target_7.png
22,815,modular,3,v,img/target_5.png
22,816,modular,4,r,img/target_4.png
22,817,modular,2,u,img/target_7.png
22,818,modular,3,v,img/target_5.png
22,819,modular,1,q,img/target_1.png
22,820,modular,2,u,img/target_7.png
22,821,modular,3,v,img/target_5.png
22,822,modular,0,b,img/target_6.png
22,823,modular,1,q,img/target_1.png
22,824,modular,2,u,img/target_7.png
22,825,modular,4,r,img/target_4.png
22,826,modular,2,u,img/target_7.png
22,827,modular,3,v,img/target_5.png
22,828,modular,2,u,img/target_7.png
22,829,modular,1,q,img/target_1.png
22,830,modular,0,b,img/target_6.png
22,831,modular,9,e,img/target_3.png
22,832,modular,7,p,img/target_10.png
22,833,modular,9,e,img/target_3.png
22,834,modular,0,b,img/target_6.png
22,835,modular,3,v,img/target_5.png
22,836,modular,0,b,img/target_6.png
22,837,modular,2,u,img/target_7.png
22,838,modular,1,q,img/target_1.png
22,839,modular,2,u,img/target_7.png
22,840,modular,3,v,img/target_5.png
22,841,modular,1,q,img/target_1.png
22,842,modular,3,v,img/target_5.png
22,843,modular,1,q,img/target_1.png
22,844,modular,2,u,img/target_7.png
22,845,modular,1,q,img/target_1.png
22,846,modular,4,r,img/target_4.png
22,847,modular,2,u,img/target_7.png
22,848,modular,0,b,img/target_6.png
22,849,modular,3,v,img/target_5.png
22,850,modular,2,u,img/target_7.png
22,851,modular,0,b,img/target_6.png
22,852,modular,2,u,img/target_7.png
22,853,modular,1,q,img/target_1.png
22,854,modular,0,b,img/target_6.png
22,855,modular,2,u,img/target_7.png
22,856,modular,4,r,img/target_4.png
22,857,modular,2,u,img/target_7.png
22,858,modular,4,r,img/target_4.png
22,859,modular,1,q,img/target_1.png
22,860,modular,0,b,img/target_6.png
22,861,modular,9,e,img/target_3.png
22,862,modular,0,b,img/target_6.png
22,863,modular,1,q,img/target_1.png
22,864,modular,2,u,img/target_7.png
22,865,modular,3,v,img/target_5.png
22,866,modular,2,u,img/target_7.png
22,867,modular,1,q,img/target_1.png
22,868,modular,2,u,img/target_7.png
22,869,modular,1,q,img/target_1.png
22,870,modular,4,r,img/target_4.png
22,871,modular,2,u,img/target_7.png
22,872,modular,3,v,img/target_5.png
22,873,modular,0,b,img/target_6.png
22,874,modular,1,q,img/target_1.png
22,875,modular,2,u,img/target_7.png
22,876,modular,3,v,img/target_5.png
22,877,modular,1,q,img/target_1.png
22,878,modular,3,v,img/target_5.png
22,879,modular,1,q,img/target_1.png
22,880,modular,0,b,img/target_6.png
22,881,modular,1,q,img/target_1.png
22,882,modular,4,r,img/target_4.png
22,883,modular,2,u,img/target_7.png
22,884,modular,1,q,img/target_1.png
22,885,modular,4,r,img/target_4.png
22,886,modular,5,o,img/target_9.png
22,887,modular,6,w,img/target_2.png
22,888,modular,5,o,img/target_9.png
22,889,modular,6,w,img/target_2.png
22,890,modular,9,e,img/target_3.png
22,891,modular,0,b,img/target_6.png
22,892,modular,3,v,img/target_5.png
22,893,modular,1,q,img/target_1.png
22,894,modular,2,u,img/target_7.png
22,895,modular,3,v,img/target_5.png
22,896,modular,2,u,img/target_7.png
22,897,modular,4,r,img/target_4.png
22,898,modular,2,u,img/target_7.png
22,899,modular,1,q,img/target_1.png
22,900,modular,3,v,img/target_5.png
22,901,modular,1,q,img/target_1.png
22,902,modular,4,r,img/target_4.png
22,903,modular,5,o,img/target_9.png
22,904,modular,4,r,img/target_4.png
22,905,modular,1,q,img/target_1.png
22,906,modular,3,v,img/target_5.png
22,907,modular,0,b,img/target_6.png
22,908,modular,1,q,img/target_1.png
22,909,modular,0,b,img/target_6.png
22,910,modular,3,v,img/target_5.png
22,911,modular,1,q,img/target_1.png
22,912,modular,2,u,img/target_7.png
22,913,modular,1,q,img/target_1.png
22,914,modular,0,b,img/target_6.png
22,915,modular,9,e,img/target_3.png
22,916,modular,7,p,img/target_10.png
22,917,modular,9,e,img/target_3.png
22,918,modular,7,p,img/target_10.png
22,919,modular,8,i,img/target_8.png
22,920,modular,9,e,img/target_3.png
22,921,modular,7,p,img/target_10.png
22,922,modular,9,e,img/target_3.png
22,923,modular,8,i,img/target_8.png
22,924,modular,7,p,img/target_10.png
22,925,modular,9,e,img/target_3.png
22,926,modular,6,w,img/target_2.png
22,927,modular,9,e,img/target_3.png
22,928,modular,8,i,img/target_8.png
22,929,modular,6,w,img/target_2.png
22,930,modular,5,o,img/target_9.png
22,931,modular,4,r,img/target_4.png
22,932,modular,5,o,img/target_9.png
22,933,modular,7,p,img/target_10.png
22,934,modular,8,i,img/target_8.png
22,935,modular,5,o,img/target_9.png
22,936,modular,8,i,img/target_8.png
22,937,modular,9,e,img/target_3.png
22,938,modular,7,p,img/target_10.png
22,939,modular,5,o,img/target_9.png
22,940,modular,7,p,img/target_10.png
22,941,modular,8,i,img/target_8.png
22,942,modular,9,e,img/target_3.png
22,943,modular,7,p,img/target_10.png
22,944,modular,5,o,img/target_9.png
22,945,modular,4,r,img/target_4.png
22,946,modular,3,v,img/target_5.png
22,947,modular,4,r,img/target_4.png
22,948,modular,5,o,img/target_9.png
22,949,modular,4,r,img/target_4.png
22,950,modular,2,u,img/target_7.png
22,951,modular,4,r,img/target_4.png
22,952,modular,5,o,img/target_9.png
22,953,modular,6,w,img/target_2.png
22,954,modular,9,e,img/target_3.png
22,955,modular,6,w,img/target_2.png
22,956,modular,8,i,img/target_8.png
22,957,modular,7,p,img/target_10.png
22,958,modular,9,e,img/target_3.png
22,959,modular,7,p,img/target_10.png
22,960,modular,8,i,img/target_8.png
22,961,modular,9,e,img/target_3.png
22,962,modular,0,b,img/target_6.png
22,963,modular,3,v,img/target_5.png
22,964,modular,1,q,img/target_1.png
22,965,modular,2,u,img/target_7.png
22,966,modular,0,b,img/target_6.png
22,967,modular,1,q,img/target_1.png
22,968,modular,3,v,img/target_5.png
22,969,modular,4,r,img/target_4.png
22,970,modular,2,u,img/target_7.png
22,971,modular,4,r,img/target_4.png
22,972,modular,1,q,img/target_1.png
22,973,modular,3,v,img/target_5.png
22,974,modular,0,b,img/target_6.png
22,975,modular,9,e,img/target_3.png
22,976,modular,0,b,img/target_6.png
22,977,modular,9,e,img/target_3.png
22,978,modular,6,w,img/target_2.png
22,979,modular,5,o,img/target_9.png
22,980,modular,7,p,img/target_10.png
22,981,modular,9,e,img/target_3.png
22,982,modular,7,p,img/target_10.png
22,983,modular,6,w,img/target_2.png
22,984,modular,9,e,img/target_3.png
22,985,modular,0,b,img/target_6.png
22,986,modular,1,q,img/target_1.png
22,987,modular,4,r,img/target_4.png
22,988,modular,3,v,img/target_5.png
22,989,modular,2,u,img/target_7.png
22,990,modular,0,b,img/target_6.png
22,991,modular,3,v,img/target_5.png
22,992,modular,1,q,img/target_1.png
22,993,modular,4,r,img/target_4.png
22,994,modular,2,u,img/target_7.png
22,995,modular,4,r,img/target_4.png
22,996,modular,2,u,img/target_7.png
22,997,modular,4,r,img/target_4.png
22,998,modular,3,v,img/target_5.png
22,999,modular,4,r,img/target_4.png
22,1000,modular,2,u,img/target_7.png
