pID,trialNum,graph,walk,resp,path
35,1,lattice,0,p,img/target_10.png
35,2,lattice,2,v,img/target_5.png
35,3,lattice,0,p,img/target_10.png
35,4,lattice,9,b,img/target_6.png
35,5,lattice,1,i,img/target_8.png
35,6,lattice,3,r,img/target_4.png
35,7,lattice,4,w,img/target_2.png
35,8,lattice,2,v,img/target_5.png
35,9,lattice,1,i,img/target_8.png
35,10,lattice,3,r,img/target_4.png
35,11,lattice,2,v,img/target_5.png
35,12,lattice,0,p,img/target_10.png
35,13,lattice,1,i,img/target_8.png
35,14,lattice,2,v,img/target_5.png
35,15,lattice,4,w,img/target_2.png
35,16,lattice,3,r,img/target_4.png
35,17,lattice,2,v,img/target_5.png
35,18,lattice,4,w,img/target_2.png
35,19,lattice,6,o,img/target_9.png
35,20,lattice,8,e,img/target_3.png
35,21,lattice,6,o,img/target_9.png
35,22,lattice,7,u,img/target_7.png
35,23,lattice,9,b,img/target_6.png
35,24,lattice,7,u,img/target_7.png
35,25,lattice,5,q,img/target_1.png
35,26,lattice,4,w,img/target_2.png
35,27,lattice,3,r,img/target_4.png
35,28,lattice,1,i,img/target_8.png
35,29,lattice,2,v,img/target_5.png
35,30,lattice,1,i,img/target_8.png
35,31,lattice,3,r,img/target_4.png
35,32,lattice,4,w,img/target_2.png
35,33,lattice,2,v,img/target_5.png
35,34,lattice,0,p,img/target_10.png
35,35,lattice,9,b,img/target_6.png
35,36,lattice,1,i,img/target_8.png
35,37,lattice,9,b,img/target_6.png
35,38,lattice,8,e,img/target_3.png
35,39,lattice,0,p,img/target_10.png
35,40,lattice,1,i,img/target_8.png
35,41,lattice,2,v,img/target_5.png
35,42,lattice,4,w,img/target_2.png
35,43,lattice,6,o,img/target_9.png
35,44,lattice,5,q,img/target_1.png
35,45,lattice,3,r,img/target_4.png
35,46,lattice,5,q,img/target_1.png
35,47,lattice,6,o,img/target_9.png
35,48,lattice,5,q,img/target_1.png
35,49,lattice,6,o,img/target_9.png
35,50,lattice,8,e,img/target_3.png
35,51,lattice,0,p,img/target_10.png
35,52,lattice,2,v,img/target_5.png
35,53,lattice,3,r,img/target_4.png
35,54,lattice,1,i,img/target_8.png
35,55,lattice,3,r,img/target_4.png
35,56,lattice,5,q,img/target_1.png
35,57,lattice,3,r,img/target_4.png
35,58,lattice,2,v,img/target_5.png
35,59,lattice,1,i,img/target_8.png
35,60,lattice,2,v,img/target_5.png
35,61,lattice,3,r,img/target_4.png
35,62,lattice,1,i,img/target_8.png
35,63,lattice,2,v,img/target_5.png
35,64,lattice,4,w,img/target_2.png
35,65,lattice,5,q,img/target_1.png
35,66,lattice,4,w,img/target_2.png
35,67,lattice,6,o,img/target_9.png
35,68,lattice,8,e,img/target_3.png
35,69,lattice,6,o,img/target_9.png
35,70,lattice,7,u,img/target_7.png
35,71,lattice,6,o,img/target_9.png
35,72,lattice,8,e,img/target_3.png
35,73,lattice,9,b,img/target_6.png
35,74,lattice,1,i,img/target_8.png
35,75,lattice,2,v,img/target_5.png
35,76,lattice,3,r,img/target_4.png
35,77,lattice,4,w,img/target_2.png
35,78,lattice,5,q,img/target_1.png
35,79,lattice,4,w,img/target_2.png
35,80,lattice,5,q,img/target_1.png
35,81,lattice,4,w,img/target_2.png
35,82,lattice,2,v,img/target_5.png
35,83,lattice,4,w,img/target_2.png
35,84,lattice,5,q,img/target_1.png
35,85,lattice,4,w,img/target_2.png
35,86,lattice,3,r,img/target_4.png
35,87,lattice,4,w,img/target_2.png
35,88,lattice,5,q,img/target_1.png
35,89,lattice,6,o,img/target_9.png
35,90,lattice,8,e,img/target_3.png
35,91,lattice,9,b,img/target_6.png
35,92,lattice,7,u,img/target_7.png
35,93,lattice,6,o,img/target_9.png
35,94,lattice,7,u,img/target_7.png
35,95,lattice,5,q,img/target_1.png
35,96,lattice,3,r,img/target_4.png
35,97,lattice,4,w,img/target_2.png
35,98,lattice,2,v,img/target_5.png
35,99,lattice,0,p,img/target_10.png
35,100,lattice,8,e,img/target_3.png
35,101,lattice,0,p,img/target_10.png
35,102,lattice,1,i,img/target_8.png
35,103,lattice,0,p,img/target_10.png
35,104,lattice,2,v,img/target_5.png
35,105,lattice,1,i,img/target_8.png
35,106,lattice,0,p,img/target_10.png
35,107,lattice,8,e,img/target_3.png
35,108,lattice,0,p,img/target_10.png
35,109,lattice,8,e,img/target_3.png
35,110,lattice,6,o,img/target_9.png
35,111,lattice,4,w,img/target_2.png
35,112,lattice,2,v,img/target_5.png
35,113,lattice,4,w,img/target_2.png
35,114,lattice,3,r,img/target_4.png
35,115,lattice,1,i,img/target_8.png
35,116,lattice,9,b,img/target_6.png
35,117,lattice,8,e,img/target_3.png
35,118,lattice,9,b,img/target_6.png
35,119,lattice,0,p,img/target_10.png
35,120,lattice,2,v,img/target_5.png
35,121,lattice,4,w,img/target_2.png
35,122,lattice,5,q,img/target_1.png
35,123,lattice,7,u,img/target_7.png
35,124,lattice,6,o,img/target_9.png
35,125,lattice,8,e,img/target_3.png
35,126,lattice,9,b,img/target_6.png
35,127,lattice,8,e,img/target_3.png
35,128,lattice,7,u,img/target_7.png
35,129,lattice,6,o,img/target_9.png
35,130,lattice,4,w,img/target_2.png
35,131,lattice,5,q,img/target_1.png
35,132,lattice,6,o,img/target_9.png
35,133,lattice,8,e,img/target_3.png
35,134,lattice,0,p,img/target_10.png
35,135,lattice,2,v,img/target_5.png
35,136,lattice,1,i,img/target_8.png
35,137,lattice,3,r,img/target_4.png
35,138,lattice,2,v,img/target_5.png
35,139,lattice,1,i,img/target_8.png
35,140,lattice,0,p,img/target_10.png
35,141,lattice,2,v,img/target_5.png
35,142,lattice,1,i,img/target_8.png
35,143,lattice,3,r,img/target_4.png
35,144,lattice,5,q,img/target_1.png
35,145,lattice,7,u,img/target_7.png
35,146,lattice,9,b,img/target_6.png
35,147,lattice,1,i,img/target_8.png
35,148,lattice,2,v,img/target_5.png
35,149,lattice,4,w,img/target_2.png
35,150,lattice,3,r,img/target_4.png
35,151,lattice,5,q,img/target_1.png
35,152,lattice,6,o,img/target_9.png
35,153,lattice,4,w,img/target_2.png
35,154,lattice,3,r,img/target_4.png
35,155,lattice,2,v,img/target_5.png
35,156,lattice,4,w,img/target_2.png
35,157,lattice,2,v,img/target_5.png
35,158,lattice,3,r,img/target_4.png
35,159,lattice,5,q,img/target_1.png
35,160,lattice,7,u,img/target_7.png
35,161,lattice,9,b,img/target_6.png
35,162,lattice,0,p,img/target_10.png
35,163,lattice,9,b,img/target_6.png
35,164,lattice,1,i,img/target_8.png
35,165,lattice,0,p,img/target_10.png
35,166,lattice,2,v,img/target_5.png
35,167,lattice,0,p,img/target_10.png
35,168,lattice,8,e,img/target_3.png
35,169,lattice,6,o,img/target_9.png
35,170,lattice,4,w,img/target_2.png
35,171,lattice,2,v,img/target_5.png
35,172,lattice,3,r,img/target_4.png
35,173,lattice,4,w,img/target_2.png
35,174,lattice,3,r,img/target_4.png
35,175,lattice,5,q,img/target_1.png
35,176,lattice,7,u,img/target_7.png
35,177,lattice,6,o,img/target_9.png
35,178,lattice,7,u,img/target_7.png
35,179,lattice,5,q,img/target_1.png
35,180,lattice,6,o,img/target_9.png
35,181,lattice,8,e,img/target_3.png
35,182,lattice,0,p,img/target_10.png
35,183,lattice,8,e,img/target_3.png
35,184,lattice,6,o,img/target_9.png
35,185,lattice,8,e,img/target_3.png
35,186,lattice,6,o,img/target_9.png
35,187,lattice,7,u,img/target_7.png
35,188,lattice,8,e,img/target_3.png
35,189,lattice,9,b,img/target_6.png
35,190,lattice,8,e,img/target_3.png
35,191,lattice,0,p,img/target_10.png
35,192,lattice,9,b,img/target_6.png
35,193,lattice,0,p,img/target_10.png
35,194,lattice,1,i,img/target_8.png
35,195,lattice,9,b,img/target_6.png
35,196,lattice,1,i,img/target_8.png
35,197,lattice,2,v,img/target_5.png
35,198,lattice,0,p,img/target_10.png
35,199,lattice,1,i,img/target_8.png
35,200,lattice,0,p,img/target_10.png
35,201,lattice,9,b,img/target_6.png
35,202,lattice,7,u,img/target_7.png
35,203,lattice,5,q,img/target_1.png
35,204,lattice,6,o,img/target_9.png
35,205,lattice,8,e,img/target_3.png
35,206,lattice,7,u,img/target_7.png
35,207,lattice,5,q,img/target_1.png
35,208,lattice,6,o,img/target_9.png
35,209,lattice,7,u,img/target_7.png
35,210,lattice,6,o,img/target_9.png
35,211,lattice,4,w,img/target_2.png
35,212,lattice,5,q,img/target_1.png
35,213,lattice,6,o,img/target_9.png
35,214,lattice,8,e,img/target_3.png
35,215,lattice,9,b,img/target_6.png
35,216,lattice,7,u,img/target_7.png
35,217,lattice,5,q,img/target_1.png
35,218,lattice,7,u,img/target_7.png
35,219,lattice,5,q,img/target_1.png
35,220,lattice,4,w,img/target_2.png
35,221,lattice,2,v,img/target_5.png
35,222,lattice,4,w,img/target_2.png
35,223,lattice,2,v,img/target_5.png
35,224,lattice,0,p,img/target_10.png
35,225,lattice,1,i,img/target_8.png
35,226,lattice,0,p,img/target_10.png
35,227,lattice,2,v,img/target_5.png
35,228,lattice,4,w,img/target_2.png
35,229,lattice,5,q,img/target_1.png
35,230,lattice,7,u,img/target_7.png
35,231,lattice,8,e,img/target_3.png
35,232,lattice,9,b,img/target_6.png
35,233,lattice,1,i,img/target_8.png
35,234,lattice,9,b,img/target_6.png
35,235,lattice,0,p,img/target_10.png
35,236,lattice,9,b,img/target_6.png
35,237,lattice,1,i,img/target_8.png
35,238,lattice,2,v,img/target_5.png
35,239,lattice,3,r,img/target_4.png
35,240,lattice,4,w,img/target_2.png
35,241,lattice,2,v,img/target_5.png
35,242,lattice,4,w,img/target_2.png
35,243,lattice,2,v,img/target_5.png
35,244,lattice,1,i,img/target_8.png
35,245,lattice,2,v,img/target_5.png
35,246,lattice,0,p,img/target_10.png
35,247,lattice,9,b,img/target_6.png
35,248,lattice,0,p,img/target_10.png
35,249,lattice,2,v,img/target_5.png
35,250,lattice,0,p,img/target_10.png
35,251,lattice,9,b,img/target_6.png
35,252,lattice,1,i,img/target_8.png
35,253,lattice,9,b,img/target_6.png
35,254,lattice,8,e,img/target_3.png
35,255,lattice,7,u,img/target_7.png
35,256,lattice,8,e,img/target_3.png
35,257,lattice,6,o,img/target_9.png
35,258,lattice,7,u,img/target_7.png
35,259,lattice,9,b,img/target_6.png
35,260,lattice,1,i,img/target_8.png
35,261,lattice,2,v,img/target_5.png
35,262,lattice,1,i,img/target_8.png
35,263,lattice,2,v,img/target_5.png
35,264,lattice,3,r,img/target_4.png
35,265,lattice,1,i,img/target_8.png
35,266,lattice,3,r,img/target_4.png
35,267,lattice,2,v,img/target_5.png
35,268,lattice,0,p,img/target_10.png
35,269,lattice,2,v,img/target_5.png
35,270,lattice,4,w,img/target_2.png
35,271,lattice,3,r,img/target_4.png
35,272,lattice,1,i,img/target_8.png
35,273,lattice,0,p,img/target_10.png
35,274,lattice,9,b,img/target_6.png
35,275,lattice,8,e,img/target_3.png
35,276,lattice,6,o,img/target_9.png
35,277,lattice,5,q,img/target_1.png
35,278,lattice,6,o,img/target_9.png
35,279,lattice,7,u,img/target_7.png
35,280,lattice,8,e,img/target_3.png
35,281,lattice,6,o,img/target_9.png
35,282,lattice,4,w,img/target_2.png
35,283,lattice,6,o,img/target_9.png
35,284,lattice,4,w,img/target_2.png
35,285,lattice,5,q,img/target_1.png
35,286,lattice,7,u,img/target_7.png
35,287,lattice,5,q,img/target_1.png
35,288,lattice,3,r,img/target_4.png
35,289,lattice,4,w,img/target_2.png
35,290,lattice,3,r,img/target_4.png
35,291,lattice,1,i,img/target_8.png
35,292,lattice,9,b,img/target_6.png
35,293,lattice,1,i,img/target_8.png
35,294,lattice,9,b,img/target_6.png
35,295,lattice,1,i,img/target_8.png
35,296,lattice,9,b,img/target_6.png
35,297,lattice,0,p,img/target_10.png
35,298,lattice,9,b,img/target_6.png
35,299,lattice,8,e,img/target_3.png
35,300,lattice,9,b,img/target_6.png
35,301,lattice,8,e,img/target_3.png
35,302,lattice,7,u,img/target_7.png
35,303,lattice,6,o,img/target_9.png
35,304,lattice,5,q,img/target_1.png
35,305,lattice,4,w,img/target_2.png
35,306,lattice,3,r,img/target_4.png
35,307,lattice,1,i,img/target_8.png
35,308,lattice,0,p,img/target_10.png
35,309,lattice,8,e,img/target_3.png
35,310,lattice,9,b,img/target_6.png
35,311,lattice,1,i,img/target_8.png
35,312,lattice,2,v,img/target_5.png
35,313,lattice,3,r,img/target_4.png
35,314,lattice,1,i,img/target_8.png
35,315,lattice,0,p,img/target_10.png
35,316,lattice,1,i,img/target_8.png
35,317,lattice,2,v,img/target_5.png
35,318,lattice,0,p,img/target_10.png
35,319,lattice,8,e,img/target_3.png
35,320,lattice,7,u,img/target_7.png
35,321,lattice,5,q,img/target_1.png
35,322,lattice,6,o,img/target_9.png
35,323,lattice,7,u,img/target_7.png
35,324,lattice,8,e,img/target_3.png
35,325,lattice,7,u,img/target_7.png
35,326,lattice,6,o,img/target_9.png
35,327,lattice,4,w,img/target_2.png
35,328,lattice,3,r,img/target_4.png
35,329,lattice,2,v,img/target_5.png
35,330,lattice,0,p,img/target_10.png
35,331,lattice,9,b,img/target_6.png
35,332,lattice,0,p,img/target_10.png
35,333,lattice,8,e,img/target_3.png
35,334,lattice,6,o,img/target_9.png
35,335,lattice,5,q,img/target_1.png
35,336,lattice,6,o,img/target_9.png
35,337,lattice,8,e,img/target_3.png
35,338,lattice,6,o,img/target_9.png
35,339,lattice,7,u,img/target_7.png
35,340,lattice,5,q,img/target_1.png
35,341,lattice,4,w,img/target_2.png
35,342,lattice,3,r,img/target_4.png
35,343,lattice,4,w,img/target_2.png
35,344,lattice,5,q,img/target_1.png
35,345,lattice,6,o,img/target_9.png
35,346,lattice,4,w,img/target_2.png
35,347,lattice,5,q,img/target_1.png
35,348,lattice,6,o,img/target_9.png
35,349,lattice,5,q,img/target_1.png
35,350,lattice,4,w,img/target_2.png
35,351,lattice,3,r,img/target_4.png
35,352,lattice,1,i,img/target_8.png
35,353,lattice,2,v,img/target_5.png
35,354,lattice,0,p,img/target_10.png
35,355,lattice,8,e,img/target_3.png
35,356,lattice,0,p,img/target_10.png
35,357,lattice,8,e,img/target_3.png
35,358,lattice,7,u,img/target_7.png
35,359,lattice,9,b,img/target_6.png
35,360,lattice,0,p,img/target_10.png
35,361,lattice,9,b,img/target_6.png
35,362,lattice,7,u,img/target_7.png
35,363,lattice,5,q,img/target_1.png
35,364,lattice,7,u,img/target_7.png
35,365,lattice,8,e,img/target_3.png
35,366,lattice,9,b,img/target_6.png
35,367,lattice,8,e,img/target_3.png
35,368,lattice,9,b,img/target_6.png
35,369,lattice,0,p,img/target_10.png
35,370,lattice,1,i,img/target_8.png
35,371,lattice,9,b,img/target_6.png
35,372,lattice,1,i,img/target_8.png
35,373,lattice,9,b,img/target_6.png
35,374,lattice,0,p,img/target_10.png
35,375,lattice,2,v,img/target_5.png
35,376,lattice,0,p,img/target_10.png
35,377,lattice,8,e,img/target_3.png
35,378,lattice,7,u,img/target_7.png
35,379,lattice,6,o,img/target_9.png
35,380,lattice,8,e,img/target_3.png
35,381,lattice,0,p,img/target_10.png
35,382,lattice,2,v,img/target_5.png
35,383,lattice,0,p,img/target_10.png
35,384,lattice,8,e,img/target_3.png
35,385,lattice,0,p,img/target_10.png
35,386,lattice,2,v,img/target_5.png
35,387,lattice,3,r,img/target_4.png
35,388,lattice,2,v,img/target_5.png
35,389,lattice,4,w,img/target_2.png
35,390,lattice,2,v,img/target_5.png
35,391,lattice,0,p,img/target_10.png
35,392,lattice,8,e,img/target_3.png
35,393,lattice,0,p,img/target_10.png
35,394,lattice,2,v,img/target_5.png
35,395,lattice,3,r,img/target_4.png
35,396,lattice,1,i,img/target_8.png
35,397,lattice,9,b,img/target_6.png
35,398,lattice,1,i,img/target_8.png
35,399,lattice,3,r,img/target_4.png
35,400,lattice,5,q,img/target_1.png
35,401,lattice,7,u,img/target_7.png
35,402,lattice,8,e,img/target_3.png
35,403,lattice,0,p,img/target_10.png
35,404,lattice,9,b,img/target_6.png
35,405,lattice,8,e,img/target_3.png
35,406,lattice,6,o,img/target_9.png
35,407,lattice,8,e,img/target_3.png
35,408,lattice,7,u,img/target_7.png
35,409,lattice,9,b,img/target_6.png
35,410,lattice,8,e,img/target_3.png
35,411,lattice,6,o,img/target_9.png
35,412,lattice,4,w,img/target_2.png
35,413,lattice,6,o,img/target_9.png
35,414,lattice,5,q,img/target_1.png
35,415,lattice,3,r,img/target_4.png
35,416,lattice,2,v,img/target_5.png
35,417,lattice,1,i,img/target_8.png
35,418,lattice,0,p,img/target_10.png
35,419,lattice,9,b,img/target_6.png
35,420,lattice,1,i,img/target_8.png
35,421,lattice,3,r,img/target_4.png
35,422,lattice,1,i,img/target_8.png
35,423,lattice,3,r,img/target_4.png
35,424,lattice,2,v,img/target_5.png
35,425,lattice,3,r,img/target_4.png
35,426,lattice,5,q,img/target_1.png
35,427,lattice,4,w,img/target_2.png
35,428,lattice,3,r,img/target_4.png
35,429,lattice,5,q,img/target_1.png
35,430,lattice,6,o,img/target_9.png
35,431,lattice,7,u,img/target_7.png
35,432,lattice,8,e,img/target_3.png
35,433,lattice,7,u,img/target_7.png
35,434,lattice,5,q,img/target_1.png
35,435,lattice,4,w,img/target_2.png
35,436,lattice,3,r,img/target_4.png
35,437,lattice,2,v,img/target_5.png
35,438,lattice,4,w,img/target_2.png
35,439,lattice,6,o,img/target_9.png
35,440,lattice,8,e,img/target_3.png
35,441,lattice,6,o,img/target_9.png
35,442,lattice,4,w,img/target_2.png
35,443,lattice,3,r,img/target_4.png
35,444,lattice,2,v,img/target_5.png
35,445,lattice,1,i,img/target_8.png
35,446,lattice,0,p,img/target_10.png
35,447,lattice,9,b,img/target_6.png
35,448,lattice,0,p,img/target_10.png
35,449,lattice,1,i,img/target_8.png
35,450,lattice,9,b,img/target_6.png
35,451,lattice,0,p,img/target_10.png
35,452,lattice,1,i,img/target_8.png
35,453,lattice,3,r,img/target_4.png
35,454,lattice,1,i,img/target_8.png
35,455,lattice,3,r,img/target_4.png
35,456,lattice,1,i,img/target_8.png
35,457,lattice,3,r,img/target_4.png
35,458,lattice,2,v,img/target_5.png
35,459,lattice,1,i,img/target_8.png
35,460,lattice,9,b,img/target_6.png
35,461,lattice,1,i,img/target_8.png
35,462,lattice,3,r,img/target_4.png
35,463,lattice,2,v,img/target_5.png
35,464,lattice,4,w,img/target_2.png
35,465,lattice,5,q,img/target_1.png
35,466,lattice,3,r,img/target_4.png
35,467,lattice,2,v,img/target_5.png
35,468,lattice,0,p,img/target_10.png
35,469,lattice,8,e,img/target_3.png
35,470,lattice,6,o,img/target_9.png
35,471,lattice,8,e,img/target_3.png
35,472,lattice,0,p,img/target_10.png
35,473,lattice,2,v,img/target_5.png
35,474,lattice,4,w,img/target_2.png
35,475,lattice,5,q,img/target_1.png
35,476,lattice,4,w,img/target_2.png
35,477,lattice,5,q,img/target_1.png
35,478,lattice,3,r,img/target_4.png
35,479,lattice,2,v,img/target_5.png
35,480,lattice,3,r,img/target_4.png
35,481,lattice,2,v,img/target_5.png
35,482,lattice,3,r,img/target_4.png
35,483,lattice,4,w,img/target_2.png
35,484,lattice,2,v,img/target_5.png
35,485,lattice,4,w,img/target_2.png
35,486,lattice,2,v,img/target_5.png
35,487,lattice,4,w,img/target_2.png
35,488,lattice,3,r,img/target_4.png
35,489,lattice,1,i,img/target_8.png
35,490,lattice,2,v,img/target_5.png
35,491,lattice,4,w,img/target_2.png
35,492,lattice,6,o,img/target_9.png
35,493,lattice,8,e,img/target_3.png
35,494,lattice,7,u,img/target_7.png
35,495,lattice,5,q,img/target_1.png
35,496,lattice,3,r,img/target_4.png
35,497,lattice,5,q,img/target_1.png
35,498,lattice,3,r,img/target_4.png
35,499,lattice,1,i,img/target_8.png
35,500,lattice,2,v,img/target_5.png
35,501,lattice,1,i,img/target_8.png
35,502,lattice,0,p,img/target_10.png
35,503,lattice,9,b,img/target_6.png
35,504,lattice,1,i,img/target_8.png
35,505,lattice,0,p,img/target_10.png
35,506,lattice,2,v,img/target_5.png
35,507,lattice,0,p,img/target_10.png
35,508,lattice,8,e,img/target_3.png
35,509,lattice,6,o,img/target_9.png
35,510,lattice,5,q,img/target_1.png
35,511,lattice,6,o,img/target_9.png
35,512,lattice,7,u,img/target_7.png
35,513,lattice,8,e,img/target_3.png
35,514,lattice,6,o,img/target_9.png
35,515,lattice,8,e,img/target_3.png
35,516,lattice,0,p,img/target_10.png
35,517,lattice,2,v,img/target_5.png
35,518,lattice,1,i,img/target_8.png
35,519,lattice,3,r,img/target_4.png
35,520,lattice,5,q,img/target_1.png
35,521,lattice,7,u,img/target_7.png
35,522,lattice,5,q,img/target_1.png
35,523,lattice,3,r,img/target_4.png
35,524,lattice,5,q,img/target_1.png
35,525,lattice,6,o,img/target_9.png
35,526,lattice,7,u,img/target_7.png
35,527,lattice,6,o,img/target_9.png
35,528,lattice,5,q,img/target_1.png
35,529,lattice,7,u,img/target_7.png
35,530,lattice,9,b,img/target_6.png
35,531,lattice,7,u,img/target_7.png
35,532,lattice,8,e,img/target_3.png
35,533,lattice,0,p,img/target_10.png
35,534,lattice,2,v,img/target_5.png
35,535,lattice,4,w,img/target_2.png
35,536,lattice,6,o,img/target_9.png
35,537,lattice,7,u,img/target_7.png
35,538,lattice,5,q,img/target_1.png
35,539,lattice,7,u,img/target_7.png
35,540,lattice,5,q,img/target_1.png
35,541,lattice,4,w,img/target_2.png
35,542,lattice,3,r,img/target_4.png
35,543,lattice,2,v,img/target_5.png
35,544,lattice,1,i,img/target_8.png
35,545,lattice,2,v,img/target_5.png
35,546,lattice,3,r,img/target_4.png
35,547,lattice,5,q,img/target_1.png
35,548,lattice,3,r,img/target_4.png
35,549,lattice,2,v,img/target_5.png
35,550,lattice,0,p,img/target_10.png
35,551,lattice,1,i,img/target_8.png
35,552,lattice,0,p,img/target_10.png
35,553,lattice,8,e,img/target_3.png
35,554,lattice,9,b,img/target_6.png
35,555,lattice,1,i,img/target_8.png
35,556,lattice,2,v,img/target_5.png
35,557,lattice,4,w,img/target_2.png
35,558,lattice,3,r,img/target_4.png
35,559,lattice,4,w,img/target_2.png
35,560,lattice,6,o,img/target_9.png
35,561,lattice,5,q,img/target_1.png
35,562,lattice,7,u,img/target_7.png
35,563,lattice,6,o,img/target_9.png
35,564,lattice,8,e,img/target_3.png
35,565,lattice,7,u,img/target_7.png
35,566,lattice,8,e,img/target_3.png
35,567,lattice,0,p,img/target_10.png
35,568,lattice,8,e,img/target_3.png
35,569,lattice,0,p,img/target_10.png
35,570,lattice,1,i,img/target_8.png
35,571,lattice,9,b,img/target_6.png
35,572,lattice,1,i,img/target_8.png
35,573,lattice,0,p,img/target_10.png
35,574,lattice,8,e,img/target_3.png
35,575,lattice,7,u,img/target_7.png
35,576,lattice,8,e,img/target_3.png
35,577,lattice,7,u,img/target_7.png
35,578,lattice,9,b,img/target_6.png
35,579,lattice,8,e,img/target_3.png
35,580,lattice,9,b,img/target_6.png
35,581,lattice,8,e,img/target_3.png
35,582,lattice,7,u,img/target_7.png
35,583,lattice,5,q,img/target_1.png
35,584,lattice,7,u,img/target_7.png
35,585,lattice,8,e,img/target_3.png
35,586,lattice,7,u,img/target_7.png
35,587,lattice,5,q,img/target_1.png
35,588,lattice,4,w,img/target_2.png
35,589,lattice,2,v,img/target_5.png
35,590,lattice,3,r,img/target_4.png
35,591,lattice,5,q,img/target_1.png
35,592,lattice,4,w,img/target_2.png
35,593,lattice,5,q,img/target_1.png
35,594,lattice,6,o,img/target_9.png
35,595,lattice,5,q,img/target_1.png
35,596,lattice,7,u,img/target_7.png
35,597,lattice,9,b,img/target_6.png
35,598,lattice,0,p,img/target_10.png
35,599,lattice,1,i,img/target_8.png
35,600,lattice,0,p,img/target_10.png
35,601,lattice,9,b,img/target_6.png
35,602,lattice,8,e,img/target_3.png
35,603,lattice,6,o,img/target_9.png
35,604,lattice,8,e,img/target_3.png
35,605,lattice,9,b,img/target_6.png
35,606,lattice,8,e,img/target_3.png
35,607,lattice,7,u,img/target_7.png
35,608,lattice,9,b,img/target_6.png
35,609,lattice,1,i,img/target_8.png
35,610,lattice,2,v,img/target_5.png
35,611,lattice,4,w,img/target_2.png
35,612,lattice,2,v,img/target_5.png
35,613,lattice,0,p,img/target_10.png
35,614,lattice,8,e,img/target_3.png
35,615,lattice,9,b,img/target_6.png
35,616,lattice,8,e,img/target_3.png
35,617,lattice,7,u,img/target_7.png
35,618,lattice,8,e,img/target_3.png
35,619,lattice,0,p,img/target_10.png
35,620,lattice,2,v,img/target_5.png
35,621,lattice,0,p,img/target_10.png
35,622,lattice,8,e,img/target_3.png
35,623,lattice,0,p,img/target_10.png
35,624,lattice,1,i,img/target_8.png
35,625,lattice,0,p,img/target_10.png
35,626,lattice,1,i,img/target_8.png
35,627,lattice,0,p,img/target_10.png
35,628,lattice,1,i,img/target_8.png
35,629,lattice,9,b,img/target_6.png
35,630,lattice,7,u,img/target_7.png
35,631,lattice,8,e,img/target_3.png
35,632,lattice,0,p,img/target_10.png
35,633,lattice,1,i,img/target_8.png
35,634,lattice,3,r,img/target_4.png
35,635,lattice,5,q,img/target_1.png
35,636,lattice,4,w,img/target_2.png
35,637,lattice,5,q,img/target_1.png
35,638,lattice,3,r,img/target_4.png
35,639,lattice,4,w,img/target_2.png
35,640,lattice,5,q,img/target_1.png
35,641,lattice,7,u,img/target_7.png
35,642,lattice,9,b,img/target_6.png
35,643,lattice,8,e,img/target_3.png
35,644,lattice,9,b,img/target_6.png
35,645,lattice,7,u,img/target_7.png
35,646,lattice,5,q,img/target_1.png
35,647,lattice,3,r,img/target_4.png
35,648,lattice,1,i,img/target_8.png
35,649,lattice,2,v,img/target_5.png
35,650,lattice,3,r,img/target_4.png
35,651,lattice,1,i,img/target_8.png
35,652,lattice,3,r,img/target_4.png
35,653,lattice,2,v,img/target_5.png
35,654,lattice,1,i,img/target_8.png
35,655,lattice,2,v,img/target_5.png
35,656,lattice,1,i,img/target_8.png
35,657,lattice,9,b,img/target_6.png
35,658,lattice,1,i,img/target_8.png
35,659,lattice,9,b,img/target_6.png
35,660,lattice,7,u,img/target_7.png
35,661,lattice,8,e,img/target_3.png
35,662,lattice,9,b,img/target_6.png
35,663,lattice,0,p,img/target_10.png
35,664,lattice,1,i,img/target_8.png
35,665,lattice,9,b,img/target_6.png
35,666,lattice,8,e,img/target_3.png
35,667,lattice,7,u,img/target_7.png
35,668,lattice,5,q,img/target_1.png
35,669,lattice,6,o,img/target_9.png
35,670,lattice,4,w,img/target_2.png
35,671,lattice,5,q,img/target_1.png
35,672,lattice,6,o,img/target_9.png
35,673,lattice,7,u,img/target_7.png
35,674,lattice,8,e,img/target_3.png
35,675,lattice,0,p,img/target_10.png
35,676,lattice,8,e,img/target_3.png
35,677,lattice,7,u,img/target_7.png
35,678,lattice,5,q,img/target_1.png
35,679,lattice,3,r,img/target_4.png
35,680,lattice,4,w,img/target_2.png
35,681,lattice,3,r,img/target_4.png
35,682,lattice,1,i,img/target_8.png
35,683,lattice,9,b,img/target_6.png
35,684,lattice,7,u,img/target_7.png
35,685,lattice,5,q,img/target_1.png
35,686,lattice,7,u,img/target_7.png
35,687,lattice,6,o,img/target_9.png
35,688,lattice,8,e,img/target_3.png
35,689,lattice,7,u,img/target_7.png
35,690,lattice,6,o,img/target_9.png
35,691,lattice,5,q,img/target_1.png
35,692,lattice,4,w,img/target_2.png
35,693,lattice,5,q,img/target_1.png
35,694,lattice,7,u,img/target_7.png
35,695,lattice,8,e,img/target_3.png
35,696,lattice,7,u,img/target_7.png
35,697,lattice,5,q,img/target_1.png
35,698,lattice,6,o,img/target_9.png
35,699,lattice,5,q,img/target_1.png
35,700,lattice,7,u,img/target_7.png
35,701,lattice,5,q,img/target_1.png
35,702,lattice,3,r,img/target_4.png
35,703,lattice,4,w,img/target_2.png
35,704,lattice,3,r,img/target_4.png
35,705,lattice,1,i,img/target_8.png
35,706,lattice,0,p,img/target_10.png
35,707,lattice,2,v,img/target_5.png
35,708,lattice,4,w,img/target_2.png
35,709,lattice,5,q,img/target_1.png
35,710,lattice,3,r,img/target_4.png
35,711,lattice,5,q,img/target_1.png
35,712,lattice,7,u,img/target_7.png
35,713,lattice,8,e,img/target_3.png
35,714,lattice,7,u,img/target_7.png
35,715,lattice,9,b,img/target_6.png
35,716,lattice,0,p,img/target_10.png
35,717,lattice,1,i,img/target_8.png
35,718,lattice,9,b,img/target_6.png
35,719,lattice,8,e,img/target_3.png
35,720,lattice,6,o,img/target_9.png
35,721,lattice,8,e,img/target_3.png
35,722,lattice,0,p,img/target_10.png
35,723,lattice,8,e,img/target_3.png
35,724,lattice,6,o,img/target_9.png
35,725,lattice,7,u,img/target_7.png
35,726,lattice,6,o,img/target_9.png
35,727,lattice,7,u,img/target_7.png
35,728,lattice,6,o,img/target_9.png
35,729,lattice,8,e,img/target_3.png
35,730,lattice,7,u,img/target_7.png
35,731,lattice,8,e,img/target_3.png
35,732,lattice,6,o,img/target_9.png
35,733,lattice,7,u,img/target_7.png
35,734,lattice,5,q,img/target_1.png
35,735,lattice,7,u,img/target_7.png
35,736,lattice,9,b,img/target_6.png
35,737,lattice,7,u,img/target_7.png
35,738,lattice,9,b,img/target_6.png
35,739,lattice,7,u,img/target_7.png
35,740,lattice,9,b,img/target_6.png
35,741,lattice,7,u,img/target_7.png
35,742,lattice,9,b,img/target_6.png
35,743,lattice,0,p,img/target_10.png
35,744,lattice,9,b,img/target_6.png
35,745,lattice,7,u,img/target_7.png
35,746,lattice,6,o,img/target_9.png
35,747,lattice,8,e,img/target_3.png
35,748,lattice,9,b,img/target_6.png
35,749,lattice,0,p,img/target_10.png
35,750,lattice,8,e,img/target_3.png
35,751,lattice,7,u,img/target_7.png
35,752,lattice,8,e,img/target_3.png
35,753,lattice,0,p,img/target_10.png
35,754,lattice,8,e,img/target_3.png
35,755,lattice,6,o,img/target_9.png
35,756,lattice,8,e,img/target_3.png
35,757,lattice,6,o,img/target_9.png
35,758,lattice,5,q,img/target_1.png
35,759,lattice,4,w,img/target_2.png
35,760,lattice,2,v,img/target_5.png
35,761,lattice,4,w,img/target_2.png
35,762,lattice,2,v,img/target_5.png
35,763,lattice,0,p,img/target_10.png
35,764,lattice,1,i,img/target_8.png
35,765,lattice,2,v,img/target_5.png
35,766,lattice,4,w,img/target_2.png
35,767,lattice,3,r,img/target_4.png
35,768,lattice,2,v,img/target_5.png
35,769,lattice,1,i,img/target_8.png
35,770,lattice,0,p,img/target_10.png
35,771,lattice,2,v,img/target_5.png
35,772,lattice,0,p,img/target_10.png
35,773,lattice,2,v,img/target_5.png
35,774,lattice,1,i,img/target_8.png
35,775,lattice,0,p,img/target_10.png
35,776,lattice,1,i,img/target_8.png
35,777,lattice,2,v,img/target_5.png
35,778,lattice,4,w,img/target_2.png
35,779,lattice,5,q,img/target_1.png
35,780,lattice,3,r,img/target_4.png
35,781,lattice,1,i,img/target_8.png
35,782,lattice,9,b,img/target_6.png
35,783,lattice,7,u,img/target_7.png
35,784,lattice,9,b,img/target_6.png
35,785,lattice,0,p,img/target_10.png
35,786,lattice,2,v,img/target_5.png
35,787,lattice,4,w,img/target_2.png
35,788,lattice,2,v,img/target_5.png
35,789,lattice,3,r,img/target_4.png
35,790,lattice,5,q,img/target_1.png
35,791,lattice,3,r,img/target_4.png
35,792,lattice,2,v,img/target_5.png
35,793,lattice,4,w,img/target_2.png
35,794,lattice,5,q,img/target_1.png
35,795,lattice,6,o,img/target_9.png
35,796,lattice,8,e,img/target_3.png
35,797,lattice,0,p,img/target_10.png
35,798,lattice,8,e,img/target_3.png
35,799,lattice,7,u,img/target_7.png
35,800,lattice,8,e,img/target_3.png
35,801,lattice,7,u,img/target_7.png
35,802,lattice,9,b,img/target_6.png
35,803,lattice,8,e,img/target_3.png
35,804,lattice,9,b,img/target_6.png
35,805,lattice,0,p,img/target_10.png
35,806,lattice,1,i,img/target_8.png
35,807,lattice,2,v,img/target_5.png
35,808,lattice,4,w,img/target_2.png
35,809,lattice,3,r,img/target_4.png
35,810,lattice,4,w,img/target_2.png
35,811,lattice,2,v,img/target_5.png
35,812,lattice,1,i,img/target_8.png
35,813,lattice,2,v,img/target_5.png
35,814,lattice,3,r,img/target_4.png
35,815,lattice,5,q,img/target_1.png
35,816,lattice,6,o,img/target_9.png
35,817,lattice,8,e,img/target_3.png
35,818,lattice,6,o,img/target_9.png
35,819,lattice,5,q,img/target_1.png
35,820,lattice,7,u,img/target_7.png
35,821,lattice,6,o,img/target_9.png
35,822,lattice,8,e,img/target_3.png
35,823,lattice,6,o,img/target_9.png
35,824,lattice,8,e,img/target_3.png
35,825,lattice,0,p,img/target_10.png
35,826,lattice,9,b,img/target_6.png
35,827,lattice,0,p,img/target_10.png
35,828,lattice,8,e,img/target_3.png
35,829,lattice,6,o,img/target_9.png
35,830,lattice,8,e,img/target_3.png
35,831,lattice,6,o,img/target_9.png
35,832,lattice,8,e,img/target_3.png
35,833,lattice,0,p,img/target_10.png
35,834,lattice,8,e,img/target_3.png
35,835,lattice,0,p,img/target_10.png
35,836,lattice,1,i,img/target_8.png
35,837,lattice,2,v,img/target_5.png
35,838,lattice,3,r,img/target_4.png
35,839,lattice,1,i,img/target_8.png
35,840,lattice,9,b,img/target_6.png
35,841,lattice,0,p,img/target_10.png
35,842,lattice,2,v,img/target_5.png
35,843,lattice,3,r,img/target_4.png
35,844,lattice,2,v,img/target_5.png
35,845,lattice,4,w,img/target_2.png
35,846,lattice,6,o,img/target_9.png
35,847,lattice,7,u,img/target_7.png
35,848,lattice,6,o,img/target_9.png
35,849,lattice,5,q,img/target_1.png
35,850,lattice,7,u,img/target_7.png
35,851,lattice,9,b,img/target_6.png
35,852,lattice,1,i,img/target_8.png
35,853,lattice,9,b,img/target_6.png
35,854,lattice,0,p,img/target_10.png
35,855,lattice,8,e,img/target_3.png
35,856,lattice,0,p,img/target_10.png
35,857,lattice,2,v,img/target_5.png
35,858,lattice,4,w,img/target_2.png
35,859,lattice,5,q,img/target_1.png
35,860,lattice,6,o,img/target_9.png
35,861,lattice,4,w,img/target_2.png
35,862,lattice,5,q,img/target_1.png
35,863,lattice,6,o,img/target_9.png
35,864,lattice,7,u,img/target_7.png
35,865,lattice,9,b,img/target_6.png
35,866,lattice,7,u,img/target_7.png
35,867,lattice,9,b,img/target_6.png
35,868,lattice,1,i,img/target_8.png
35,869,lattice,2,v,img/target_5.png
35,870,lattice,1,i,img/target_8.png
35,871,lattice,3,r,img/target_4.png
35,872,lattice,4,w,img/target_2.png
35,873,lattice,2,v,img/target_5.png
35,874,lattice,1,i,img/target_8.png
35,875,lattice,0,p,img/target_10.png
35,876,lattice,8,e,img/target_3.png
35,877,lattice,6,o,img/target_9.png
35,878,lattice,8,e,img/target_3.png
35,879,lattice,0,p,img/target_10.png
35,880,lattice,2,v,img/target_5.png
35,881,lattice,4,w,img/target_2.png
35,882,lattice,3,r,img/target_4.png
35,883,lattice,1,i,img/target_8.png
35,884,lattice,0,p,img/target_10.png
35,885,lattice,8,e,img/target_3.png
35,886,lattice,7,u,img/target_7.png
35,887,lattice,6,o,img/target_9.png
35,888,lattice,7,u,img/target_7.png
35,889,lattice,8,e,img/target_3.png
35,890,lattice,7,u,img/target_7.png
35,891,lattice,6,o,img/target_9.png
35,892,lattice,4,w,img/target_2.png
35,893,lattice,6,o,img/target_9.png
35,894,lattice,8,e,img/target_3.png
35,895,lattice,0,p,img/target_10.png
35,896,lattice,2,v,img/target_5.png
35,897,lattice,0,p,img/target_10.png
35,898,lattice,2,v,img/target_5.png
35,899,lattice,3,r,img/target_4.png
35,900,lattice,2,v,img/target_5.png
35,901,lattice,4,w,img/target_2.png
35,902,lattice,2,v,img/target_5.png
35,903,lattice,3,r,img/target_4.png
35,904,lattice,5,q,img/target_1.png
35,905,lattice,4,w,img/target_2.png
35,906,lattice,5,q,img/target_1.png
35,907,lattice,6,o,img/target_9.png
35,908,lattice,4,w,img/target_2.png
35,909,lattice,3,r,img/target_4.png
35,910,lattice,4,w,img/target_2.png
35,911,lattice,5,q,img/target_1.png
35,912,lattice,3,r,img/target_4.png
35,913,lattice,1,i,img/target_8.png
35,914,lattice,9,b,img/target_6.png
35,915,lattice,7,u,img/target_7.png
35,916,lattice,6,o,img/target_9.png
35,917,lattice,4,w,img/target_2.png
35,918,lattice,2,v,img/target_5.png
35,919,lattice,1,i,img/target_8.png
35,920,lattice,2,v,img/target_5.png
35,921,lattice,0,p,img/target_10.png
35,922,lattice,8,e,img/target_3.png
35,923,lattice,6,o,img/target_9.png
35,924,lattice,4,w,img/target_2.png
35,925,lattice,2,v,img/target_5.png
35,926,lattice,4,w,img/target_2.png
35,927,lattice,6,o,img/target_9.png
35,928,lattice,4,w,img/target_2.png
35,929,lattice,6,o,img/target_9.png
35,930,lattice,7,u,img/target_7.png
35,931,lattice,6,o,img/target_9.png
35,932,lattice,8,e,img/target_3.png
35,933,lattice,9,b,img/target_6.png
35,934,lattice,0,p,img/target_10.png
35,935,lattice,1,i,img/target_8.png
35,936,lattice,9,b,img/target_6.png
35,937,lattice,1,i,img/target_8.png
35,938,lattice,9,b,img/target_6.png
35,939,lattice,0,p,img/target_10.png
35,940,lattice,2,v,img/target_5.png
35,941,lattice,0,p,img/target_10.png
35,942,lattice,8,e,img/target_3.png
35,943,lattice,7,u,img/target_7.png
35,944,lattice,8,e,img/target_3.png
35,945,lattice,6,o,img/target_9.png
35,946,lattice,8,e,img/target_3.png
35,947,lattice,9,b,img/target_6.png
35,948,lattice,8,e,img/target_3.png
35,949,lattice,7,u,img/target_7.png
35,950,lattice,9,b,img/target_6.png
35,951,lattice,7,u,img/target_7.png
35,952,lattice,8,e,img/target_3.png
35,953,lattice,7,u,img/target_7.png
35,954,lattice,9,b,img/target_6.png
35,955,lattice,7,u,img/target_7.png
35,956,lattice,8,e,img/target_3.png
35,957,lattice,6,o,img/target_9.png
35,958,lattice,8,e,img/target_3.png
35,959,lattice,9,b,img/target_6.png
35,960,lattice,8,e,img/target_3.png
35,961,lattice,6,o,img/target_9.png
35,962,lattice,7,u,img/target_7.png
35,963,lattice,6,o,img/target_9.png
35,964,lattice,8,e,img/target_3.png
35,965,lattice,0,p,img/target_10.png
35,966,lattice,2,v,img/target_5.png
35,967,lattice,4,w,img/target_2.png
35,968,lattice,3,r,img/target_4.png
35,969,lattice,1,i,img/target_8.png
35,970,lattice,2,v,img/target_5.png
35,971,lattice,1,i,img/target_8.png
35,972,lattice,3,r,img/target_4.png
35,973,lattice,2,v,img/target_5.png
35,974,lattice,3,r,img/target_4.png
35,975,lattice,5,q,img/target_1.png
35,976,lattice,7,u,img/target_7.png
35,977,lattice,5,q,img/target_1.png
35,978,lattice,4,w,img/target_2.png
35,979,lattice,3,r,img/target_4.png
35,980,lattice,4,w,img/target_2.png
35,981,lattice,5,q,img/target_1.png
35,982,lattice,6,o,img/target_9.png
35,983,lattice,5,q,img/target_1.png
35,984,lattice,7,u,img/target_7.png
35,985,lattice,8,e,img/target_3.png
35,986,lattice,0,p,img/target_10.png
35,987,lattice,9,b,img/target_6.png
35,988,lattice,1,i,img/target_8.png
35,989,lattice,0,p,img/target_10.png
35,990,lattice,2,v,img/target_5.png
35,991,lattice,1,i,img/target_8.png
35,992,lattice,2,v,img/target_5.png
35,993,lattice,1,i,img/target_8.png
35,994,lattice,3,r,img/target_4.png
35,995,lattice,2,v,img/target_5.png
35,996,lattice,3,r,img/target_4.png
35,997,lattice,2,v,img/target_5.png
35,998,lattice,4,w,img/target_2.png
35,999,lattice,6,o,img/target_9.png
35,1000,lattice,7,u,img/target_7.png
