pID,sess,trialNum,graph,walk,resp,path
48,1,1,modular,2,v,img/target_5.png
48,1,2,modular,3,b,img/target_6.png
48,1,3,modular,0,e,img/target_3.png
48,1,4,modular,3,b,img/target_6.png
48,1,5,modular,1,p,img/target_10.png
48,1,6,modular,2,v,img/target_5.png
48,1,7,modular,0,e,img/target_3.png
48,1,8,modular,9,q,img/target_1.png
48,1,9,modular,6,o,img/target_9.png
48,1,10,modular,8,i,img/target_8.png
48,1,11,modular,7,u,img/target_7.png
48,1,12,modular,9,q,img/target_1.png
48,1,13,modular,8,i,img/target_8.png
48,1,14,modular,9,q,img/target_1.png
48,1,15,modular,7,u,img/target_7.png
48,1,16,modular,5,r,img/target_4.png
48,1,17,modular,6,o,img/target_9.png
48,1,18,modular,7,u,img/target_7.png
48,1,19,modular,8,i,img/target_8.png
48,1,20,modular,7,u,img/target_7.png
48,1,21,modular,5,r,img/target_4.png
48,1,22,modular,6,o,img/target_9.png
48,1,23,modular,9,q,img/target_1.png
48,1,24,modular,8,i,img/target_8.png
48,1,25,modular,9,q,img/target_1.png
48,1,26,modular,7,u,img/target_7.png
48,1,27,modular,8,i,img/target_8.png
48,1,28,modular,9,q,img/target_1.png
48,1,29,modular,7,u,img/target_7.png
48,1,30,modular,9,q,img/target_1.png
48,1,31,modular,6,o,img/target_9.png
48,1,32,modular,5,r,img/target_4.png
48,1,33,modular,7,u,img/target_7.png
48,1,34,modular,8,i,img/target_8.png
48,1,35,modular,7,u,img/target_7.png
48,1,36,modular,6,o,img/target_9.png
48,1,37,modular,8,i,img/target_8.png
48,1,38,modular,6,o,img/target_9.png
48,1,39,modular,5,r,img/target_4.png
48,1,40,modular,4,w,img/target_2.png
48,1,41,modular,1,p,img/target_10.png
48,1,42,modular,0,e,img/target_3.png
48,1,43,modular,9,q,img/target_1.png
48,1,44,modular,7,u,img/target_7.png
48,1,45,modular,9,q,img/target_1.png
48,1,46,modular,8,i,img/target_8.png
48,1,47,modular,9,q,img/target_1.png
48,1,48,modular,0,e,img/target_3.png
48,1,49,modular,9,q,img/target_1.png
48,1,50,modular,7,u,img/target_7.png
48,1,51,modular,8,i,img/target_8.png
48,1,52,modular,5,r,img/target_4.png
48,1,53,modular,6,o,img/target_9.png
48,1,54,modular,5,r,img/target_4.png
48,1,55,modular,4,w,img/target_2.png
48,1,56,modular,1,p,img/target_10.png
48,1,57,modular,4,w,img/target_2.png
48,1,58,modular,1,p,img/target_10.png
48,1,59,modular,3,b,img/target_6.png
48,1,60,modular,2,v,img/target_5.png
48,1,61,modular,3,b,img/target_6.png
48,1,62,modular,4,w,img/target_2.png
48,1,63,modular,1,p,img/target_10.png
48,1,64,modular,0,e,img/target_3.png
48,1,65,modular,2,v,img/target_5.png
48,1,66,modular,3,b,img/target_6.png
48,1,67,modular,1,p,img/target_10.png
48,1,68,modular,3,b,img/target_6.png
48,1,69,modular,0,e,img/target_3.png
48,1,70,modular,1,p,img/target_10.png
48,1,71,modular,2,v,img/target_5.png
48,1,72,modular,0,e,img/target_3.png
48,1,73,modular,9,q,img/target_1.png
48,1,74,modular,8,i,img/target_8.png
48,1,75,modular,9,q,img/target_1.png
48,1,76,modular,7,u,img/target_7.png
48,1,77,modular,8,i,img/target_8.png
48,1,78,modular,9,q,img/target_1.png
48,1,79,modular,7,u,img/target_7.png
48,1,80,modular,5,r,img/target_4.png
48,1,81,modular,6,o,img/target_9.png
48,1,82,modular,5,r,img/target_4.png
48,1,83,modular,8,i,img/target_8.png
48,1,84,modular,6,o,img/target_9.png
48,1,85,modular,5,r,img/target_4.png
48,1,86,modular,6,o,img/target_9.png
48,1,87,modular,7,u,img/target_7.png
48,1,88,modular,6,o,img/target_9.png
48,1,89,modular,7,u,img/target_7.png
48,1,90,modular,5,r,img/target_4.png
48,1,91,modular,6,o,img/target_9.png
48,1,92,modular,9,q,img/target_1.png
48,1,93,modular,8,i,img/target_8.png
48,1,94,modular,7,u,img/target_7.png
48,1,95,modular,6,o,img/target_9.png
48,1,96,modular,8,i,img/target_8.png
48,1,97,modular,9,q,img/target_1.png
48,1,98,modular,6,o,img/target_9.png
48,1,99,modular,9,q,img/target_1.png
48,1,100,modular,8,i,img/target_8.png
48,1,101,modular,7,u,img/target_7.png
48,1,102,modular,9,q,img/target_1.png
48,1,103,modular,0,e,img/target_3.png
48,1,104,modular,3,b,img/target_6.png
48,1,105,modular,4,w,img/target_2.png
48,1,106,modular,3,b,img/target_6.png
48,1,107,modular,1,p,img/target_10.png
48,1,108,modular,3,b,img/target_6.png
48,1,109,modular,1,p,img/target_10.png
48,1,110,modular,2,v,img/target_5.png
48,1,111,modular,4,w,img/target_2.png
48,1,112,modular,5,r,img/target_4.png
48,1,113,modular,7,u,img/target_7.png
48,1,114,modular,8,i,img/target_8.png
48,1,115,modular,6,o,img/target_9.png
48,1,116,modular,5,r,img/target_4.png
48,1,117,modular,6,o,img/target_9.png
48,1,118,modular,8,i,img/target_8.png
48,1,119,modular,6,o,img/target_9.png
48,1,120,modular,5,r,img/target_4.png
48,1,121,modular,6,o,img/target_9.png
48,1,122,modular,9,q,img/target_1.png
48,1,123,modular,7,u,img/target_7.png
48,1,124,modular,5,r,img/target_4.png
48,1,125,modular,6,o,img/target_9.png
48,1,126,modular,5,r,img/target_4.png
48,1,127,modular,7,u,img/target_7.png
48,1,128,modular,8,i,img/target_8.png
48,1,129,modular,9,q,img/target_1.png
48,1,130,modular,6,o,img/target_9.png
48,1,131,modular,5,r,img/target_4.png
48,1,132,modular,4,w,img/target_2.png
48,1,133,modular,3,b,img/target_6.png
48,1,134,modular,1,p,img/target_10.png
48,1,135,modular,3,b,img/target_6.png
48,1,136,modular,0,e,img/target_3.png
48,1,137,modular,1,p,img/target_10.png
48,1,138,modular,3,b,img/target_6.png
48,1,139,modular,1,p,img/target_10.png
48,1,140,modular,3,b,img/target_6.png
48,1,141,modular,0,e,img/target_3.png
48,1,142,modular,9,q,img/target_1.png
48,1,143,modular,6,o,img/target_9.png
48,1,144,modular,5,r,img/target_4.png
48,1,145,modular,8,i,img/target_8.png
48,1,146,modular,6,o,img/target_9.png
48,1,147,modular,8,i,img/target_8.png
48,1,148,modular,9,q,img/target_1.png
48,1,149,modular,7,u,img/target_7.png
48,1,150,modular,6,o,img/target_9.png
48,1,151,modular,7,u,img/target_7.png
48,1,152,modular,9,q,img/target_1.png
48,1,153,modular,7,u,img/target_7.png
48,1,154,modular,8,i,img/target_8.png
48,1,155,modular,7,u,img/target_7.png
48,1,156,modular,9,q,img/target_1.png
48,1,157,modular,8,i,img/target_8.png
48,1,158,modular,5,r,img/target_4.png
48,1,159,modular,7,u,img/target_7.png
48,1,160,modular,8,i,img/target_8.png
48,1,161,modular,9,q,img/target_1.png
48,1,162,modular,6,o,img/target_9.png
48,1,163,modular,8,i,img/target_8.png
48,1,164,modular,7,u,img/target_7.png
48,1,165,modular,8,i,img/target_8.png
48,1,166,modular,9,q,img/target_1.png
48,1,167,modular,6,o,img/target_9.png
48,1,168,modular,8,i,img/target_8.png
48,1,169,modular,6,o,img/target_9.png
48,1,170,modular,8,i,img/target_8.png
48,1,171,modular,7,u,img/target_7.png
48,1,172,modular,9,q,img/target_1.png
48,1,173,modular,6,o,img/target_9.png
48,1,174,modular,5,r,img/target_4.png
48,1,175,modular,7,u,img/target_7.png
48,1,176,modular,5,r,img/target_4.png
48,1,177,modular,4,w,img/target_2.png
48,1,178,modular,3,b,img/target_6.png
48,1,179,modular,4,w,img/target_2.png
48,1,180,modular,5,r,img/target_4.png
48,1,181,modular,8,i,img/target_8.png
48,1,182,modular,5,r,img/target_4.png
48,1,183,modular,8,i,img/target_8.png
48,1,184,modular,9,q,img/target_1.png
48,1,185,modular,7,u,img/target_7.png
48,1,186,modular,9,q,img/target_1.png
48,1,187,modular,8,i,img/target_8.png
48,1,188,modular,5,r,img/target_4.png
48,1,189,modular,6,o,img/target_9.png
48,1,190,modular,7,u,img/target_7.png
48,1,191,modular,8,i,img/target_8.png
48,1,192,modular,6,o,img/target_9.png
48,1,193,modular,5,r,img/target_4.png
48,1,194,modular,6,o,img/target_9.png
48,1,195,modular,8,i,img/target_8.png
48,1,196,modular,6,o,img/target_9.png
48,1,197,modular,5,r,img/target_4.png
48,1,198,modular,4,w,img/target_2.png
48,1,199,modular,2,v,img/target_5.png
48,1,200,modular,4,w,img/target_2.png
48,1,201,modular,2,v,img/target_5.png
48,1,202,modular,4,w,img/target_2.png
48,1,203,modular,5,r,img/target_4.png
48,1,204,modular,7,u,img/target_7.png
48,1,205,modular,8,i,img/target_8.png
48,1,206,modular,9,q,img/target_1.png
48,1,207,modular,7,u,img/target_7.png
48,1,208,modular,5,r,img/target_4.png
48,1,209,modular,8,i,img/target_8.png
48,1,210,modular,7,u,img/target_7.png
48,1,211,modular,6,o,img/target_9.png
48,1,212,modular,5,r,img/target_4.png
48,1,213,modular,4,w,img/target_2.png
48,1,214,modular,2,v,img/target_5.png
48,1,215,modular,3,b,img/target_6.png
48,1,216,modular,1,p,img/target_10.png
48,1,217,modular,3,b,img/target_6.png
48,1,218,modular,1,p,img/target_10.png
48,1,219,modular,2,v,img/target_5.png
48,1,220,modular,1,p,img/target_10.png
48,1,221,modular,0,e,img/target_3.png
48,1,222,modular,1,p,img/target_10.png
48,1,223,modular,3,b,img/target_6.png
48,1,224,modular,2,v,img/target_5.png
48,1,225,modular,3,b,img/target_6.png
48,1,226,modular,1,p,img/target_10.png
48,1,227,modular,0,e,img/target_3.png
48,1,228,modular,1,p,img/target_10.png
48,1,229,modular,2,v,img/target_5.png
48,1,230,modular,4,w,img/target_2.png
48,1,231,modular,1,p,img/target_10.png
48,1,232,modular,2,v,img/target_5.png
48,1,233,modular,0,e,img/target_3.png
48,1,234,modular,3,b,img/target_6.png
48,1,235,modular,0,e,img/target_3.png
48,1,236,modular,1,p,img/target_10.png
48,1,237,modular,3,b,img/target_6.png
48,1,238,modular,1,p,img/target_10.png
48,1,239,modular,4,w,img/target_2.png
48,1,240,modular,5,r,img/target_4.png
48,1,241,modular,6,o,img/target_9.png
48,1,242,modular,9,q,img/target_1.png
48,1,243,modular,7,u,img/target_7.png
48,1,244,modular,8,i,img/target_8.png
48,1,245,modular,5,r,img/target_4.png
48,1,246,modular,6,o,img/target_9.png
48,1,247,modular,9,q,img/target_1.png
48,1,248,modular,6,o,img/target_9.png
48,1,249,modular,5,r,img/target_4.png
48,1,250,modular,4,w,img/target_2.png
48,1,251,modular,1,p,img/target_10.png
48,1,252,modular,3,b,img/target_6.png
48,1,253,modular,4,w,img/target_2.png
48,1,254,modular,1,p,img/target_10.png
48,1,255,modular,0,e,img/target_3.png
48,1,256,modular,9,q,img/target_1.png
48,1,257,modular,0,e,img/target_3.png
48,1,258,modular,2,v,img/target_5.png
48,1,259,modular,1,p,img/target_10.png
48,1,260,modular,2,v,img/target_5.png
48,1,261,modular,3,b,img/target_6.png
48,1,262,modular,2,v,img/target_5.png
48,1,263,modular,0,e,img/target_3.png
48,1,264,modular,2,v,img/target_5.png
48,1,265,modular,0,e,img/target_3.png
48,1,266,modular,9,q,img/target_1.png
48,1,267,modular,6,o,img/target_9.png
48,1,268,modular,7,u,img/target_7.png
48,1,269,modular,5,r,img/target_4.png
48,1,270,modular,6,o,img/target_9.png
48,1,271,modular,8,i,img/target_8.png
48,1,272,modular,7,u,img/target_7.png
48,1,273,modular,9,q,img/target_1.png
48,1,274,modular,8,i,img/target_8.png
48,1,275,modular,6,o,img/target_9.png
48,1,276,modular,9,q,img/target_1.png
48,1,277,modular,6,o,img/target_9.png
48,1,278,modular,8,i,img/target_8.png
48,1,279,modular,9,q,img/target_1.png
48,1,280,modular,0,e,img/target_3.png
48,1,281,modular,3,b,img/target_6.png
48,1,282,modular,0,e,img/target_3.png
48,1,283,modular,2,v,img/target_5.png
48,1,284,modular,0,e,img/target_3.png
48,1,285,modular,1,p,img/target_10.png
48,1,286,modular,3,b,img/target_6.png
48,1,287,modular,1,p,img/target_10.png
48,1,288,modular,4,w,img/target_2.png
48,1,289,modular,5,r,img/target_4.png
48,1,290,modular,8,i,img/target_8.png
48,1,291,modular,9,q,img/target_1.png
48,1,292,modular,7,u,img/target_7.png
48,1,293,modular,9,q,img/target_1.png
48,1,294,modular,8,i,img/target_8.png
48,1,295,modular,6,o,img/target_9.png
48,1,296,modular,8,i,img/target_8.png
48,1,297,modular,5,r,img/target_4.png
48,1,298,modular,7,u,img/target_7.png
48,1,299,modular,6,o,img/target_9.png
48,1,300,modular,5,r,img/target_4.png
48,1,301,modular,4,w,img/target_2.png
48,1,302,modular,1,p,img/target_10.png
48,1,303,modular,0,e,img/target_3.png
48,1,304,modular,1,p,img/target_10.png
48,1,305,modular,2,v,img/target_5.png
48,1,306,modular,4,w,img/target_2.png
48,1,307,modular,1,p,img/target_10.png
48,1,308,modular,2,v,img/target_5.png
48,1,309,modular,1,p,img/target_10.png
48,1,310,modular,0,e,img/target_3.png
48,1,311,modular,1,p,img/target_10.png
48,1,312,modular,3,b,img/target_6.png
48,1,313,modular,2,v,img/target_5.png
48,1,314,modular,1,p,img/target_10.png
48,1,315,modular,3,b,img/target_6.png
48,1,316,modular,0,e,img/target_3.png
48,1,317,modular,1,p,img/target_10.png
48,1,318,modular,4,w,img/target_2.png
48,1,319,modular,3,b,img/target_6.png
48,1,320,modular,0,e,img/target_3.png
48,1,321,modular,3,b,img/target_6.png
48,1,322,modular,4,w,img/target_2.png
48,1,323,modular,3,b,img/target_6.png
48,1,324,modular,1,p,img/target_10.png
48,1,325,modular,2,v,img/target_5.png
48,1,326,modular,0,e,img/target_3.png
48,1,327,modular,1,p,img/target_10.png
48,1,328,modular,0,e,img/target_3.png
48,1,329,modular,3,b,img/target_6.png
48,1,330,modular,0,e,img/target_3.png
48,1,331,modular,1,p,img/target_10.png
48,1,332,modular,2,v,img/target_5.png
48,1,333,modular,1,p,img/target_10.png
48,1,334,modular,4,w,img/target_2.png
48,1,335,modular,2,v,img/target_5.png
48,1,336,modular,3,b,img/target_6.png
48,1,337,modular,0,e,img/target_3.png
48,1,338,modular,2,v,img/target_5.png
48,1,339,modular,4,w,img/target_2.png
48,1,340,modular,3,b,img/target_6.png
48,1,341,modular,4,w,img/target_2.png
48,1,342,modular,3,b,img/target_6.png
48,1,343,modular,4,w,img/target_2.png
48,1,344,modular,1,p,img/target_10.png
48,1,345,modular,0,e,img/target_3.png
48,1,346,modular,3,b,img/target_6.png
48,1,347,modular,1,p,img/target_10.png
48,1,348,modular,3,b,img/target_6.png
48,1,349,modular,1,p,img/target_10.png
48,1,350,modular,4,w,img/target_2.png
48,1,351,modular,3,b,img/target_6.png
48,1,352,modular,4,w,img/target_2.png
48,1,353,modular,3,b,img/target_6.png
48,1,354,modular,2,v,img/target_5.png
48,1,355,modular,4,w,img/target_2.png
48,1,356,modular,2,v,img/target_5.png
48,1,357,modular,4,w,img/target_2.png
48,1,358,modular,1,p,img/target_10.png
48,1,359,modular,3,b,img/target_6.png
48,1,360,modular,0,e,img/target_3.png
48,1,361,modular,9,q,img/target_1.png
48,1,362,modular,8,i,img/target_8.png
48,1,363,modular,9,q,img/target_1.png
48,1,364,modular,0,e,img/target_3.png
48,1,365,modular,9,q,img/target_1.png
48,1,366,modular,7,u,img/target_7.png
48,1,367,modular,8,i,img/target_8.png
48,1,368,modular,5,r,img/target_4.png
48,1,369,modular,4,w,img/target_2.png
48,1,370,modular,5,r,img/target_4.png
48,1,371,modular,8,i,img/target_8.png
48,1,372,modular,5,r,img/target_4.png
48,1,373,modular,7,u,img/target_7.png
48,1,374,modular,5,r,img/target_4.png
48,1,375,modular,7,u,img/target_7.png
48,1,376,modular,9,q,img/target_1.png
48,1,377,modular,0,e,img/target_3.png
48,1,378,modular,3,b,img/target_6.png
48,1,379,modular,0,e,img/target_3.png
48,1,380,modular,1,p,img/target_10.png
48,1,381,modular,3,b,img/target_6.png
48,1,382,modular,4,w,img/target_2.png
48,1,383,modular,2,v,img/target_5.png
48,1,384,modular,1,p,img/target_10.png
48,1,385,modular,0,e,img/target_3.png
48,1,386,modular,2,v,img/target_5.png
48,1,387,modular,4,w,img/target_2.png
48,1,388,modular,2,v,img/target_5.png
48,1,389,modular,0,e,img/target_3.png
48,1,390,modular,3,b,img/target_6.png
48,1,391,modular,2,v,img/target_5.png
48,1,392,modular,0,e,img/target_3.png
48,1,393,modular,9,q,img/target_1.png
48,1,394,modular,6,o,img/target_9.png
48,1,395,modular,5,r,img/target_4.png
48,1,396,modular,7,u,img/target_7.png
48,1,397,modular,9,q,img/target_1.png
48,1,398,modular,6,o,img/target_9.png
48,1,399,modular,5,r,img/target_4.png
48,1,400,modular,8,i,img/target_8.png
48,1,401,modular,9,q,img/target_1.png
48,1,402,modular,0,e,img/target_3.png
48,1,403,modular,2,v,img/target_5.png
48,1,404,modular,3,b,img/target_6.png
48,1,405,modular,1,p,img/target_10.png
48,1,406,modular,4,w,img/target_2.png
48,1,407,modular,2,v,img/target_5.png
48,1,408,modular,0,e,img/target_3.png
48,1,409,modular,9,q,img/target_1.png
48,1,410,modular,6,o,img/target_9.png
48,1,411,modular,9,q,img/target_1.png
48,1,412,modular,7,u,img/target_7.png
48,1,413,modular,9,q,img/target_1.png
48,1,414,modular,0,e,img/target_3.png
48,1,415,modular,2,v,img/target_5.png
48,1,416,modular,1,p,img/target_10.png
48,1,417,modular,4,w,img/target_2.png
48,1,418,modular,1,p,img/target_10.png
48,1,419,modular,3,b,img/target_6.png
48,1,420,modular,0,e,img/target_3.png
48,1,421,modular,3,b,img/target_6.png
48,1,422,modular,2,v,img/target_5.png
48,1,423,modular,3,b,img/target_6.png
48,1,424,modular,2,v,img/target_5.png
48,1,425,modular,0,e,img/target_3.png
48,1,426,modular,2,v,img/target_5.png
48,1,427,modular,3,b,img/target_6.png
48,1,428,modular,0,e,img/target_3.png
48,1,429,modular,1,p,img/target_10.png
48,1,430,modular,2,v,img/target_5.png
48,1,431,modular,1,p,img/target_10.png
48,1,432,modular,3,b,img/target_6.png
48,1,433,modular,1,p,img/target_10.png
48,1,434,modular,4,w,img/target_2.png
48,1,435,modular,1,p,img/target_10.png
48,1,436,modular,2,v,img/target_5.png
48,1,437,modular,4,w,img/target_2.png
48,1,438,modular,2,v,img/target_5.png
48,1,439,modular,3,b,img/target_6.png
48,1,440,modular,4,w,img/target_2.png
48,1,441,modular,3,b,img/target_6.png
48,1,442,modular,4,w,img/target_2.png
48,1,443,modular,3,b,img/target_6.png
48,1,444,modular,4,w,img/target_2.png
48,1,445,modular,1,p,img/target_10.png
48,1,446,modular,2,v,img/target_5.png
48,1,447,modular,1,p,img/target_10.png
48,1,448,modular,0,e,img/target_3.png
48,1,449,modular,1,p,img/target_10.png
48,1,450,modular,2,v,img/target_5.png
48,1,451,modular,3,b,img/target_6.png
48,1,452,modular,2,v,img/target_5.png
48,1,453,modular,3,b,img/target_6.png
48,1,454,modular,4,w,img/target_2.png
48,1,455,modular,2,v,img/target_5.png
48,1,456,modular,4,w,img/target_2.png
48,1,457,modular,1,p,img/target_10.png
48,1,458,modular,3,b,img/target_6.png
48,1,459,modular,2,v,img/target_5.png
48,1,460,modular,4,w,img/target_2.png
48,1,461,modular,3,b,img/target_6.png
48,1,462,modular,1,p,img/target_10.png
48,1,463,modular,3,b,img/target_6.png
48,1,464,modular,4,w,img/target_2.png
48,1,465,modular,1,p,img/target_10.png
48,1,466,modular,2,v,img/target_5.png
48,1,467,modular,0,e,img/target_3.png
48,1,468,modular,3,b,img/target_6.png
48,1,469,modular,1,p,img/target_10.png
48,1,470,modular,2,v,img/target_5.png
48,1,471,modular,1,p,img/target_10.png
48,1,472,modular,2,v,img/target_5.png
48,1,473,modular,1,p,img/target_10.png
48,1,474,modular,0,e,img/target_3.png
48,1,475,modular,3,b,img/target_6.png
48,1,476,modular,2,v,img/target_5.png
48,1,477,modular,4,w,img/target_2.png
48,1,478,modular,2,v,img/target_5.png
48,1,479,modular,0,e,img/target_3.png
48,1,480,modular,3,b,img/target_6.png
48,1,481,modular,4,w,img/target_2.png
48,1,482,modular,5,r,img/target_4.png
48,1,483,modular,8,i,img/target_8.png
48,1,484,modular,6,o,img/target_9.png
48,1,485,modular,8,i,img/target_8.png
48,1,486,modular,6,o,img/target_9.png
48,1,487,modular,5,r,img/target_4.png
48,1,488,modular,6,o,img/target_9.png
48,1,489,modular,8,i,img/target_8.png
48,1,490,modular,6,o,img/target_9.png
48,1,491,modular,5,r,img/target_4.png
48,1,492,modular,8,i,img/target_8.png
48,1,493,modular,7,u,img/target_7.png
48,1,494,modular,9,q,img/target_1.png
48,1,495,modular,7,u,img/target_7.png
48,1,496,modular,6,o,img/target_9.png
48,1,497,modular,7,u,img/target_7.png
48,1,498,modular,6,o,img/target_9.png
48,1,499,modular,9,q,img/target_1.png
48,1,500,modular,7,u,img/target_7.png
48,1,501,modular,8,i,img/target_8.png
48,1,502,modular,6,o,img/target_9.png
48,1,503,modular,7,u,img/target_7.png
48,1,504,modular,6,o,img/target_9.png
48,1,505,modular,7,u,img/target_7.png
48,1,506,modular,9,q,img/target_1.png
48,1,507,modular,6,o,img/target_9.png
48,1,508,modular,5,r,img/target_4.png
48,1,509,modular,6,o,img/target_9.png
48,1,510,modular,7,u,img/target_7.png
48,1,511,modular,5,r,img/target_4.png
48,1,512,modular,8,i,img/target_8.png
48,1,513,modular,9,q,img/target_1.png
48,1,514,modular,7,u,img/target_7.png
48,1,515,modular,5,r,img/target_4.png
48,1,516,modular,8,i,img/target_8.png
48,1,517,modular,7,u,img/target_7.png
48,1,518,modular,5,r,img/target_4.png
48,1,519,modular,7,u,img/target_7.png
48,1,520,modular,6,o,img/target_9.png
48,1,521,modular,5,r,img/target_4.png
48,1,522,modular,8,i,img/target_8.png
48,1,523,modular,7,u,img/target_7.png
48,1,524,modular,8,i,img/target_8.png
48,1,525,modular,7,u,img/target_7.png
48,1,526,modular,9,q,img/target_1.png
48,1,527,modular,7,u,img/target_7.png
48,1,528,modular,9,q,img/target_1.png
48,1,529,modular,8,i,img/target_8.png
48,1,530,modular,9,q,img/target_1.png
48,1,531,modular,0,e,img/target_3.png
48,1,532,modular,1,p,img/target_10.png
48,1,533,modular,4,w,img/target_2.png
48,1,534,modular,5,r,img/target_4.png
48,1,535,modular,4,w,img/target_2.png
48,1,536,modular,3,b,img/target_6.png
48,1,537,modular,4,w,img/target_2.png
48,1,538,modular,3,b,img/target_6.png
48,1,539,modular,0,e,img/target_3.png
48,1,540,modular,2,v,img/target_5.png
48,1,541,modular,1,p,img/target_10.png
48,1,542,modular,0,e,img/target_3.png
48,1,543,modular,3,b,img/target_6.png
48,1,544,modular,2,v,img/target_5.png
48,1,545,modular,1,p,img/target_10.png
48,1,546,modular,4,w,img/target_2.png
48,1,547,modular,3,b,img/target_6.png
48,1,548,modular,0,e,img/target_3.png
48,1,549,modular,1,p,img/target_10.png
48,1,550,modular,2,v,img/target_5.png
48,1,551,modular,3,b,img/target_6.png
48,1,552,modular,4,w,img/target_2.png
48,1,553,modular,5,r,img/target_4.png
48,1,554,modular,8,i,img/target_8.png
48,1,555,modular,5,r,img/target_4.png
48,1,556,modular,7,u,img/target_7.png
48,1,557,modular,9,q,img/target_1.png
48,1,558,modular,7,u,img/target_7.png
48,1,559,modular,6,o,img/target_9.png
48,1,560,modular,7,u,img/target_7.png
48,1,561,modular,8,i,img/target_8.png
48,1,562,modular,6,o,img/target_9.png
48,1,563,modular,8,i,img/target_8.png
48,1,564,modular,7,u,img/target_7.png
48,1,565,modular,9,q,img/target_1.png
48,1,566,modular,6,o,img/target_9.png
48,1,567,modular,5,r,img/target_4.png
48,1,568,modular,6,o,img/target_9.png
48,1,569,modular,9,q,img/target_1.png
48,1,570,modular,0,e,img/target_3.png
48,1,571,modular,9,q,img/target_1.png
48,1,572,modular,6,o,img/target_9.png
48,1,573,modular,8,i,img/target_8.png
48,1,574,modular,5,r,img/target_4.png
48,1,575,modular,8,i,img/target_8.png
48,1,576,modular,7,u,img/target_7.png
48,1,577,modular,9,q,img/target_1.png
48,1,578,modular,0,e,img/target_3.png
48,1,579,modular,1,p,img/target_10.png
48,1,580,modular,2,v,img/target_5.png
48,1,581,modular,3,b,img/target_6.png
48,1,582,modular,2,v,img/target_5.png
48,1,583,modular,4,w,img/target_2.png
48,1,584,modular,5,r,img/target_4.png
48,1,585,modular,4,w,img/target_2.png
48,1,586,modular,3,b,img/target_6.png
48,1,587,modular,1,p,img/target_10.png
48,1,588,modular,4,w,img/target_2.png
48,1,589,modular,3,b,img/target_6.png
48,1,590,modular,2,v,img/target_5.png
48,1,591,modular,0,e,img/target_3.png
48,1,592,modular,1,p,img/target_10.png
48,1,593,modular,0,e,img/target_3.png
48,1,594,modular,9,q,img/target_1.png
48,1,595,modular,7,u,img/target_7.png
48,1,596,modular,8,i,img/target_8.png
48,1,597,modular,9,q,img/target_1.png
48,1,598,modular,7,u,img/target_7.png
48,1,599,modular,6,o,img/target_9.png
48,1,600,modular,9,q,img/target_1.png
48,1,601,modular,6,o,img/target_9.png
48,1,602,modular,7,u,img/target_7.png
48,1,603,modular,9,q,img/target_1.png
48,1,604,modular,6,o,img/target_9.png
48,1,605,modular,9,q,img/target_1.png
48,1,606,modular,6,o,img/target_9.png
48,1,607,modular,9,q,img/target_1.png
48,1,608,modular,7,u,img/target_7.png
48,1,609,modular,9,q,img/target_1.png
48,1,610,modular,8,i,img/target_8.png
48,1,611,modular,7,u,img/target_7.png
48,1,612,modular,6,o,img/target_9.png
48,1,613,modular,8,i,img/target_8.png
48,1,614,modular,9,q,img/target_1.png
48,1,615,modular,8,i,img/target_8.png
48,1,616,modular,7,u,img/target_7.png
48,1,617,modular,6,o,img/target_9.png
48,1,618,modular,7,u,img/target_7.png
48,1,619,modular,8,i,img/target_8.png
48,1,620,modular,9,q,img/target_1.png
48,1,621,modular,6,o,img/target_9.png
48,1,622,modular,5,r,img/target_4.png
48,1,623,modular,8,i,img/target_8.png
48,1,624,modular,9,q,img/target_1.png
48,1,625,modular,0,e,img/target_3.png
48,1,626,modular,2,v,img/target_5.png
48,1,627,modular,1,p,img/target_10.png
48,1,628,modular,2,v,img/target_5.png
48,1,629,modular,1,p,img/target_10.png
48,1,630,modular,4,w,img/target_2.png
48,1,631,modular,2,v,img/target_5.png
48,1,632,modular,3,b,img/target_6.png
48,1,633,modular,1,p,img/target_10.png
48,1,634,modular,2,v,img/target_5.png
48,1,635,modular,3,b,img/target_6.png
48,1,636,modular,0,e,img/target_3.png
48,1,637,modular,1,p,img/target_10.png
48,1,638,modular,4,w,img/target_2.png
48,1,639,modular,1,p,img/target_10.png
48,1,640,modular,0,e,img/target_3.png
48,1,641,modular,2,v,img/target_5.png
48,1,642,modular,0,e,img/target_3.png
48,1,643,modular,9,q,img/target_1.png
48,1,644,modular,6,o,img/target_9.png
48,1,645,modular,5,r,img/target_4.png
48,1,646,modular,7,u,img/target_7.png
48,1,647,modular,6,o,img/target_9.png
48,1,648,modular,7,u,img/target_7.png
48,1,649,modular,6,o,img/target_9.png
48,1,650,modular,7,u,img/target_7.png
48,1,651,modular,6,o,img/target_9.png
48,1,652,modular,7,u,img/target_7.png
48,1,653,modular,5,r,img/target_4.png
48,1,654,modular,7,u,img/target_7.png
48,1,655,modular,6,o,img/target_9.png
48,1,656,modular,9,q,img/target_1.png
48,1,657,modular,0,e,img/target_3.png
48,1,658,modular,9,q,img/target_1.png
48,1,659,modular,6,o,img/target_9.png
48,1,660,modular,9,q,img/target_1.png
48,1,661,modular,8,i,img/target_8.png
48,1,662,modular,9,q,img/target_1.png
48,1,663,modular,8,i,img/target_8.png
48,1,664,modular,5,r,img/target_4.png
48,1,665,modular,6,o,img/target_9.png
48,1,666,modular,5,r,img/target_4.png
48,1,667,modular,4,w,img/target_2.png
48,1,668,modular,1,p,img/target_10.png
48,1,669,modular,3,b,img/target_6.png
48,1,670,modular,0,e,img/target_3.png
48,1,671,modular,9,q,img/target_1.png
48,1,672,modular,0,e,img/target_3.png
48,1,673,modular,3,b,img/target_6.png
48,1,674,modular,4,w,img/target_2.png
48,1,675,modular,5,r,img/target_4.png
48,1,676,modular,8,i,img/target_8.png
48,1,677,modular,7,u,img/target_7.png
48,1,678,modular,6,o,img/target_9.png
48,1,679,modular,5,r,img/target_4.png
48,1,680,modular,6,o,img/target_9.png
48,1,681,modular,5,r,img/target_4.png
48,1,682,modular,7,u,img/target_7.png
48,1,683,modular,6,o,img/target_9.png
48,1,684,modular,8,i,img/target_8.png
48,1,685,modular,9,q,img/target_1.png
48,1,686,modular,7,u,img/target_7.png
48,1,687,modular,9,q,img/target_1.png
48,1,688,modular,8,i,img/target_8.png
48,1,689,modular,6,o,img/target_9.png
48,1,690,modular,5,r,img/target_4.png
48,1,691,modular,7,u,img/target_7.png
48,1,692,modular,6,o,img/target_9.png
48,1,693,modular,5,r,img/target_4.png
48,1,694,modular,6,o,img/target_9.png
48,1,695,modular,7,u,img/target_7.png
48,1,696,modular,8,i,img/target_8.png
48,1,697,modular,6,o,img/target_9.png
48,1,698,modular,7,u,img/target_7.png
48,1,699,modular,8,i,img/target_8.png
48,1,700,modular,9,q,img/target_1.png
48,1,701,modular,0,e,img/target_3.png
48,1,702,modular,1,p,img/target_10.png
48,1,703,modular,4,w,img/target_2.png
48,1,704,modular,1,p,img/target_10.png
48,1,705,modular,2,v,img/target_5.png
48,1,706,modular,1,p,img/target_10.png
48,1,707,modular,2,v,img/target_5.png
48,1,708,modular,3,b,img/target_6.png
48,1,709,modular,1,p,img/target_10.png
48,1,710,modular,0,e,img/target_3.png
48,1,711,modular,1,p,img/target_10.png
48,1,712,modular,0,e,img/target_3.png
48,1,713,modular,9,q,img/target_1.png
48,1,714,modular,0,e,img/target_3.png
48,1,715,modular,3,b,img/target_6.png
48,1,716,modular,0,e,img/target_3.png
48,1,717,modular,9,q,img/target_1.png
48,1,718,modular,0,e,img/target_3.png
48,1,719,modular,2,v,img/target_5.png
48,1,720,modular,4,w,img/target_2.png
48,1,721,modular,1,p,img/target_10.png
48,1,722,modular,2,v,img/target_5.png
48,1,723,modular,3,b,img/target_6.png
48,1,724,modular,0,e,img/target_3.png
48,1,725,modular,1,p,img/target_10.png
48,1,726,modular,4,w,img/target_2.png
48,1,727,modular,2,v,img/target_5.png
48,1,728,modular,1,p,img/target_10.png
48,1,729,modular,3,b,img/target_6.png
48,1,730,modular,1,p,img/target_10.png
48,1,731,modular,0,e,img/target_3.png
48,1,732,modular,2,v,img/target_5.png
48,1,733,modular,4,w,img/target_2.png
48,1,734,modular,5,r,img/target_4.png
48,1,735,modular,6,o,img/target_9.png
48,1,736,modular,5,r,img/target_4.png
48,1,737,modular,7,u,img/target_7.png
48,1,738,modular,5,r,img/target_4.png
48,1,739,modular,7,u,img/target_7.png
48,1,740,modular,9,q,img/target_1.png
48,1,741,modular,7,u,img/target_7.png
48,1,742,modular,9,q,img/target_1.png
48,1,743,modular,7,u,img/target_7.png
48,1,744,modular,9,q,img/target_1.png
48,1,745,modular,0,e,img/target_3.png
48,1,746,modular,1,p,img/target_10.png
48,1,747,modular,0,e,img/target_3.png
48,1,748,modular,2,v,img/target_5.png
48,1,749,modular,0,e,img/target_3.png
48,1,750,modular,1,p,img/target_10.png
48,1,751,modular,2,v,img/target_5.png
48,1,752,modular,0,e,img/target_3.png
48,1,753,modular,1,p,img/target_10.png
48,1,754,modular,0,e,img/target_3.png
48,1,755,modular,9,q,img/target_1.png
48,1,756,modular,8,i,img/target_8.png
48,1,757,modular,9,q,img/target_1.png
48,1,758,modular,0,e,img/target_3.png
48,1,759,modular,2,v,img/target_5.png
48,1,760,modular,1,p,img/target_10.png
48,1,761,modular,0,e,img/target_3.png
48,1,762,modular,2,v,img/target_5.png
48,1,763,modular,1,p,img/target_10.png
48,1,764,modular,3,b,img/target_6.png
48,1,765,modular,2,v,img/target_5.png
48,1,766,modular,0,e,img/target_3.png
48,1,767,modular,1,p,img/target_10.png
48,1,768,modular,2,v,img/target_5.png
48,1,769,modular,1,p,img/target_10.png
48,1,770,modular,0,e,img/target_3.png
48,1,771,modular,1,p,img/target_10.png
48,1,772,modular,2,v,img/target_5.png
48,1,773,modular,4,w,img/target_2.png
48,1,774,modular,2,v,img/target_5.png
48,1,775,modular,3,b,img/target_6.png
48,1,776,modular,4,w,img/target_2.png
48,1,777,modular,2,v,img/target_5.png
48,1,778,modular,4,w,img/target_2.png
48,1,779,modular,5,r,img/target_4.png
48,1,780,modular,8,i,img/target_8.png
48,1,781,modular,9,q,img/target_1.png
48,1,782,modular,8,i,img/target_8.png
48,1,783,modular,5,r,img/target_4.png
48,1,784,modular,6,o,img/target_9.png
48,1,785,modular,9,q,img/target_1.png
48,1,786,modular,8,i,img/target_8.png
48,1,787,modular,6,o,img/target_9.png
48,1,788,modular,9,q,img/target_1.png
48,1,789,modular,7,u,img/target_7.png
48,1,790,modular,6,o,img/target_9.png
48,1,791,modular,5,r,img/target_4.png
48,1,792,modular,8,i,img/target_8.png
48,1,793,modular,5,r,img/target_4.png
48,1,794,modular,6,o,img/target_9.png
48,1,795,modular,7,u,img/target_7.png
48,1,796,modular,8,i,img/target_8.png
48,1,797,modular,5,r,img/target_4.png
48,1,798,modular,4,w,img/target_2.png
48,1,799,modular,5,r,img/target_4.png
48,1,800,modular,6,o,img/target_9.png
48,1,801,modular,9,q,img/target_1.png
48,1,802,modular,0,e,img/target_3.png
48,1,803,modular,2,v,img/target_5.png
48,1,804,modular,4,w,img/target_2.png
48,1,805,modular,5,r,img/target_4.png
48,1,806,modular,4,w,img/target_2.png
48,1,807,modular,3,b,img/target_6.png
48,1,808,modular,0,e,img/target_3.png
48,1,809,modular,2,v,img/target_5.png
48,1,810,modular,3,b,img/target_6.png
48,1,811,modular,4,w,img/target_2.png
48,1,812,modular,3,b,img/target_6.png
48,1,813,modular,0,e,img/target_3.png
48,1,814,modular,3,b,img/target_6.png
48,1,815,modular,4,w,img/target_2.png
48,1,816,modular,3,b,img/target_6.png
48,1,817,modular,1,p,img/target_10.png
48,1,818,modular,2,v,img/target_5.png
48,1,819,modular,3,b,img/target_6.png
48,1,820,modular,2,v,img/target_5.png
48,1,821,modular,3,b,img/target_6.png
48,1,822,modular,4,w,img/target_2.png
48,1,823,modular,5,r,img/target_4.png
48,1,824,modular,6,o,img/target_9.png
48,1,825,modular,7,u,img/target_7.png
48,1,826,modular,5,r,img/target_4.png
48,1,827,modular,8,i,img/target_8.png
48,1,828,modular,6,o,img/target_9.png
48,1,829,modular,7,u,img/target_7.png
48,1,830,modular,9,q,img/target_1.png
48,1,831,modular,0,e,img/target_3.png
48,1,832,modular,2,v,img/target_5.png
48,1,833,modular,1,p,img/target_10.png
48,1,834,modular,0,e,img/target_3.png
48,1,835,modular,2,v,img/target_5.png
48,1,836,modular,0,e,img/target_3.png
48,1,837,modular,2,v,img/target_5.png
48,1,838,modular,3,b,img/target_6.png
48,1,839,modular,4,w,img/target_2.png
48,1,840,modular,2,v,img/target_5.png
48,1,841,modular,0,e,img/target_3.png
48,1,842,modular,1,p,img/target_10.png
48,1,843,modular,0,e,img/target_3.png
48,1,844,modular,3,b,img/target_6.png
48,1,845,modular,0,e,img/target_3.png
48,1,846,modular,3,b,img/target_6.png
48,1,847,modular,0,e,img/target_3.png
48,1,848,modular,1,p,img/target_10.png
48,1,849,modular,0,e,img/target_3.png
48,1,850,modular,2,v,img/target_5.png
48,1,851,modular,1,p,img/target_10.png
48,1,852,modular,4,w,img/target_2.png
48,1,853,modular,5,r,img/target_4.png
48,1,854,modular,4,w,img/target_2.png
48,1,855,modular,1,p,img/target_10.png
48,1,856,modular,4,w,img/target_2.png
48,1,857,modular,3,b,img/target_6.png
48,1,858,modular,4,w,img/target_2.png
48,1,859,modular,2,v,img/target_5.png
48,1,860,modular,4,w,img/target_2.png
48,1,861,modular,1,p,img/target_10.png
48,1,862,modular,3,b,img/target_6.png
48,1,863,modular,1,p,img/target_10.png
48,1,864,modular,2,v,img/target_5.png
48,1,865,modular,0,e,img/target_3.png
48,1,866,modular,9,q,img/target_1.png
48,1,867,modular,7,u,img/target_7.png
48,1,868,modular,6,o,img/target_9.png
48,1,869,modular,7,u,img/target_7.png
48,1,870,modular,9,q,img/target_1.png
48,1,871,modular,6,o,img/target_9.png
48,1,872,modular,5,r,img/target_4.png
48,1,873,modular,8,i,img/target_8.png
48,1,874,modular,9,q,img/target_1.png
48,1,875,modular,0,e,img/target_3.png
48,1,876,modular,9,q,img/target_1.png
48,1,877,modular,6,o,img/target_9.png
48,1,878,modular,7,u,img/target_7.png
48,1,879,modular,8,i,img/target_8.png
48,1,880,modular,6,o,img/target_9.png
48,1,881,modular,9,q,img/target_1.png
48,1,882,modular,8,i,img/target_8.png
48,1,883,modular,9,q,img/target_1.png
48,1,884,modular,6,o,img/target_9.png
48,1,885,modular,5,r,img/target_4.png
48,1,886,modular,4,w,img/target_2.png
48,1,887,modular,2,v,img/target_5.png
48,1,888,modular,3,b,img/target_6.png
48,1,889,modular,2,v,img/target_5.png
48,1,890,modular,1,p,img/target_10.png
48,1,891,modular,3,b,img/target_6.png
48,1,892,modular,4,w,img/target_2.png
48,1,893,modular,1,p,img/target_10.png
48,1,894,modular,4,w,img/target_2.png
48,1,895,modular,3,b,img/target_6.png
48,1,896,modular,0,e,img/target_3.png
48,1,897,modular,2,v,img/target_5.png
48,1,898,modular,4,w,img/target_2.png
48,1,899,modular,5,r,img/target_4.png
48,1,900,modular,7,u,img/target_7.png
48,1,901,modular,9,q,img/target_1.png
48,1,902,modular,8,i,img/target_8.png
48,1,903,modular,5,r,img/target_4.png
48,1,904,modular,8,i,img/target_8.png
48,1,905,modular,6,o,img/target_9.png
48,1,906,modular,8,i,img/target_8.png
48,1,907,modular,7,u,img/target_7.png
48,1,908,modular,5,r,img/target_4.png
48,1,909,modular,7,u,img/target_7.png
48,1,910,modular,9,q,img/target_1.png
48,1,911,modular,7,u,img/target_7.png
48,1,912,modular,8,i,img/target_8.png
48,1,913,modular,5,r,img/target_4.png
48,1,914,modular,4,w,img/target_2.png
48,1,915,modular,2,v,img/target_5.png
48,1,916,modular,4,w,img/target_2.png
48,1,917,modular,2,v,img/target_5.png
48,1,918,modular,4,w,img/target_2.png
48,1,919,modular,5,r,img/target_4.png
48,1,920,modular,7,u,img/target_7.png
48,1,921,modular,6,o,img/target_9.png
48,1,922,modular,8,i,img/target_8.png
48,1,923,modular,5,r,img/target_4.png
48,1,924,modular,8,i,img/target_8.png
48,1,925,modular,9,q,img/target_1.png
48,1,926,modular,0,e,img/target_3.png
48,1,927,modular,1,p,img/target_10.png
48,1,928,modular,0,e,img/target_3.png
48,1,929,modular,1,p,img/target_10.png
48,1,930,modular,4,w,img/target_2.png
48,1,931,modular,3,b,img/target_6.png
48,1,932,modular,4,w,img/target_2.png
48,1,933,modular,2,v,img/target_5.png
48,1,934,modular,4,w,img/target_2.png
48,1,935,modular,2,v,img/target_5.png
48,1,936,modular,3,b,img/target_6.png
48,1,937,modular,1,p,img/target_10.png
48,1,938,modular,0,e,img/target_3.png
48,1,939,modular,2,v,img/target_5.png
48,1,940,modular,1,p,img/target_10.png
48,1,941,modular,0,e,img/target_3.png
48,1,942,modular,9,q,img/target_1.png
48,1,943,modular,0,e,img/target_3.png
48,1,944,modular,1,p,img/target_10.png
48,1,945,modular,3,b,img/target_6.png
48,1,946,modular,2,v,img/target_5.png
48,1,947,modular,3,b,img/target_6.png
48,1,948,modular,2,v,img/target_5.png
48,1,949,modular,1,p,img/target_10.png
48,1,950,modular,0,e,img/target_3.png
48,1,951,modular,3,b,img/target_6.png
48,1,952,modular,4,w,img/target_2.png
48,1,953,modular,2,v,img/target_5.png
48,1,954,modular,4,w,img/target_2.png
48,1,955,modular,1,p,img/target_10.png
48,1,956,modular,3,b,img/target_6.png
48,1,957,modular,4,w,img/target_2.png
48,1,958,modular,1,p,img/target_10.png
48,1,959,modular,0,e,img/target_3.png
48,1,960,modular,9,q,img/target_1.png
48,1,961,modular,7,u,img/target_7.png
48,1,962,modular,9,q,img/target_1.png
48,1,963,modular,8,i,img/target_8.png
48,1,964,modular,7,u,img/target_7.png
48,1,965,modular,5,r,img/target_4.png
48,1,966,modular,8,i,img/target_8.png
48,1,967,modular,6,o,img/target_9.png
48,1,968,modular,9,q,img/target_1.png
48,1,969,modular,8,i,img/target_8.png
48,1,970,modular,7,u,img/target_7.png
48,1,971,modular,9,q,img/target_1.png
48,1,972,modular,6,o,img/target_9.png
48,1,973,modular,9,q,img/target_1.png
48,1,974,modular,8,i,img/target_8.png
48,1,975,modular,5,r,img/target_4.png
48,1,976,modular,8,i,img/target_8.png
48,1,977,modular,9,q,img/target_1.png
48,1,978,modular,8,i,img/target_8.png
48,1,979,modular,6,o,img/target_9.png
48,1,980,modular,5,r,img/target_4.png
48,1,981,modular,7,u,img/target_7.png
48,1,982,modular,8,i,img/target_8.png
48,1,983,modular,5,r,img/target_4.png
48,1,984,modular,8,i,img/target_8.png
48,1,985,modular,7,u,img/target_7.png
48,1,986,modular,9,q,img/target_1.png
48,1,987,modular,8,i,img/target_8.png
48,1,988,modular,5,r,img/target_4.png
48,1,989,modular,4,w,img/target_2.png
48,1,990,modular,5,r,img/target_4.png
48,1,991,modular,7,u,img/target_7.png
48,1,992,modular,9,q,img/target_1.png
48,1,993,modular,7,u,img/target_7.png
48,1,994,modular,9,q,img/target_1.png
48,1,995,modular,8,i,img/target_8.png
48,1,996,modular,6,o,img/target_9.png
48,1,997,modular,9,q,img/target_1.png
48,1,998,modular,7,u,img/target_7.png
48,1,999,modular,6,o,img/target_9.png
48,1,1000,modular,8,i,img/target_8.png
