pID,sess,trialNum,graph,walk,resp,path
48,3,1,modular,2,v,img/target_5.png
48,3,2,modular,0,e,img/target_3.png
48,3,3,modular,9,q,img/target_1.png
48,3,4,modular,6,o,img/target_9.png
48,3,5,modular,8,i,img/target_8.png
48,3,6,modular,6,o,img/target_9.png
48,3,7,modular,9,q,img/target_1.png
48,3,8,modular,6,o,img/target_9.png
48,3,9,modular,7,u,img/target_7.png
48,3,10,modular,6,o,img/target_9.png
48,3,11,modular,9,q,img/target_1.png
48,3,12,modular,0,e,img/target_3.png
48,3,13,modular,2,v,img/target_5.png
48,3,14,modular,0,e,img/target_3.png
48,3,15,modular,1,p,img/target_10.png
48,3,16,modular,3,b,img/target_6.png
48,3,17,modular,0,e,img/target_3.png
48,3,18,modular,2,v,img/target_5.png
48,3,19,modular,4,w,img/target_2.png
48,3,20,modular,2,v,img/target_5.png
48,3,21,modular,4,w,img/target_2.png
48,3,22,modular,1,p,img/target_10.png
48,3,23,modular,0,e,img/target_3.png
48,3,24,modular,1,p,img/target_10.png
48,3,25,modular,0,e,img/target_3.png
48,3,26,modular,1,p,img/target_10.png
48,3,27,modular,4,w,img/target_2.png
48,3,28,modular,3,b,img/target_6.png
48,3,29,modular,4,w,img/target_2.png
48,3,30,modular,2,v,img/target_5.png
48,3,31,modular,3,b,img/target_6.png
48,3,32,modular,0,e,img/target_3.png
48,3,33,modular,2,v,img/target_5.png
48,3,34,modular,3,b,img/target_6.png
48,3,35,modular,0,e,img/target_3.png
48,3,36,modular,3,b,img/target_6.png
48,3,37,modular,1,p,img/target_10.png
48,3,38,modular,0,e,img/target_3.png
48,3,39,modular,3,b,img/target_6.png
48,3,40,modular,2,v,img/target_5.png
48,3,41,modular,3,b,img/target_6.png
48,3,42,modular,4,w,img/target_2.png
48,3,43,modular,5,r,img/target_4.png
48,3,44,modular,6,o,img/target_9.png
48,3,45,modular,7,u,img/target_7.png
48,3,46,modular,9,q,img/target_1.png
48,3,47,modular,6,o,img/target_9.png
48,3,48,modular,5,r,img/target_4.png
48,3,49,modular,8,i,img/target_8.png
48,3,50,modular,6,o,img/target_9.png
48,3,51,modular,8,i,img/target_8.png
48,3,52,modular,7,u,img/target_7.png
48,3,53,modular,6,o,img/target_9.png
48,3,54,modular,9,q,img/target_1.png
48,3,55,modular,7,u,img/target_7.png
48,3,56,modular,8,i,img/target_8.png
48,3,57,modular,5,r,img/target_4.png
48,3,58,modular,4,w,img/target_2.png
48,3,59,modular,5,r,img/target_4.png
48,3,60,modular,8,i,img/target_8.png
48,3,61,modular,7,u,img/target_7.png
48,3,62,modular,5,r,img/target_4.png
48,3,63,modular,6,o,img/target_9.png
48,3,64,modular,8,i,img/target_8.png
48,3,65,modular,6,o,img/target_9.png
48,3,66,modular,5,r,img/target_4.png
48,3,67,modular,7,u,img/target_7.png
48,3,68,modular,5,r,img/target_4.png
48,3,69,modular,6,o,img/target_9.png
48,3,70,modular,9,q,img/target_1.png
48,3,71,modular,7,u,img/target_7.png
48,3,72,modular,9,q,img/target_1.png
48,3,73,modular,7,u,img/target_7.png
48,3,74,modular,9,q,img/target_1.png
48,3,75,modular,7,u,img/target_7.png
48,3,76,modular,5,r,img/target_4.png
48,3,77,modular,4,w,img/target_2.png
48,3,78,modular,5,r,img/target_4.png
48,3,79,modular,8,i,img/target_8.png
48,3,80,modular,5,r,img/target_4.png
48,3,81,modular,8,i,img/target_8.png
48,3,82,modular,6,o,img/target_9.png
48,3,83,modular,7,u,img/target_7.png
48,3,84,modular,9,q,img/target_1.png
48,3,85,modular,7,u,img/target_7.png
48,3,86,modular,5,r,img/target_4.png
48,3,87,modular,8,i,img/target_8.png
48,3,88,modular,5,r,img/target_4.png
48,3,89,modular,6,o,img/target_9.png
48,3,90,modular,5,r,img/target_4.png
48,3,91,modular,7,u,img/target_7.png
48,3,92,modular,5,r,img/target_4.png
48,3,93,modular,7,u,img/target_7.png
48,3,94,modular,9,q,img/target_1.png
48,3,95,modular,8,i,img/target_8.png
48,3,96,modular,7,u,img/target_7.png
48,3,97,modular,6,o,img/target_9.png
48,3,98,modular,5,r,img/target_4.png
48,3,99,modular,6,o,img/target_9.png
48,3,100,modular,8,i,img/target_8.png
48,3,101,modular,6,o,img/target_9.png
48,3,102,modular,9,q,img/target_1.png
48,3,103,modular,7,u,img/target_7.png
48,3,104,modular,9,q,img/target_1.png
48,3,105,modular,6,o,img/target_9.png
48,3,106,modular,5,r,img/target_4.png
48,3,107,modular,7,u,img/target_7.png
48,3,108,modular,8,i,img/target_8.png
48,3,109,modular,5,r,img/target_4.png
48,3,110,modular,7,u,img/target_7.png
48,3,111,modular,8,i,img/target_8.png
48,3,112,modular,9,q,img/target_1.png
48,3,113,modular,8,i,img/target_8.png
48,3,114,modular,9,q,img/target_1.png
48,3,115,modular,6,o,img/target_9.png
48,3,116,modular,7,u,img/target_7.png
48,3,117,modular,8,i,img/target_8.png
48,3,118,modular,6,o,img/target_9.png
48,3,119,modular,7,u,img/target_7.png
48,3,120,modular,6,o,img/target_9.png
48,3,121,modular,7,u,img/target_7.png
48,3,122,modular,8,i,img/target_8.png
48,3,123,modular,7,u,img/target_7.png
48,3,124,modular,5,r,img/target_4.png
48,3,125,modular,7,u,img/target_7.png
48,3,126,modular,5,r,img/target_4.png
48,3,127,modular,4,w,img/target_2.png
48,3,128,modular,5,r,img/target_4.png
48,3,129,modular,4,w,img/target_2.png
48,3,130,modular,3,b,img/target_6.png
48,3,131,modular,0,e,img/target_3.png
48,3,132,modular,2,v,img/target_5.png
48,3,133,modular,0,e,img/target_3.png
48,3,134,modular,9,q,img/target_1.png
48,3,135,modular,0,e,img/target_3.png
48,3,136,modular,3,b,img/target_6.png
48,3,137,modular,4,w,img/target_2.png
48,3,138,modular,5,r,img/target_4.png
48,3,139,modular,6,o,img/target_9.png
48,3,140,modular,8,i,img/target_8.png
48,3,141,modular,9,q,img/target_1.png
48,3,142,modular,6,o,img/target_9.png
48,3,143,modular,5,r,img/target_4.png
48,3,144,modular,4,w,img/target_2.png
48,3,145,modular,3,b,img/target_6.png
48,3,146,modular,0,e,img/target_3.png
48,3,147,modular,2,v,img/target_5.png
48,3,148,modular,3,b,img/target_6.png
48,3,149,modular,2,v,img/target_5.png
48,3,150,modular,1,p,img/target_10.png
48,3,151,modular,2,v,img/target_5.png
48,3,152,modular,1,p,img/target_10.png
48,3,153,modular,4,w,img/target_2.png
48,3,154,modular,3,b,img/target_6.png
48,3,155,modular,0,e,img/target_3.png
48,3,156,modular,9,q,img/target_1.png
48,3,157,modular,0,e,img/target_3.png
48,3,158,modular,1,p,img/target_10.png
48,3,159,modular,4,w,img/target_2.png
48,3,160,modular,3,b,img/target_6.png
48,3,161,modular,0,e,img/target_3.png
48,3,162,modular,3,b,img/target_6.png
48,3,163,modular,0,e,img/target_3.png
48,3,164,modular,3,b,img/target_6.png
48,3,165,modular,4,w,img/target_2.png
48,3,166,modular,5,r,img/target_4.png
48,3,167,modular,7,u,img/target_7.png
48,3,168,modular,6,o,img/target_9.png
48,3,169,modular,7,u,img/target_7.png
48,3,170,modular,8,i,img/target_8.png
48,3,171,modular,6,o,img/target_9.png
48,3,172,modular,8,i,img/target_8.png
48,3,173,modular,5,r,img/target_4.png
48,3,174,modular,8,i,img/target_8.png
48,3,175,modular,5,r,img/target_4.png
48,3,176,modular,8,i,img/target_8.png
48,3,177,modular,9,q,img/target_1.png
48,3,178,modular,6,o,img/target_9.png
48,3,179,modular,7,u,img/target_7.png
48,3,180,modular,5,r,img/target_4.png
48,3,181,modular,7,u,img/target_7.png
48,3,182,modular,8,i,img/target_8.png
48,3,183,modular,9,q,img/target_1.png
48,3,184,modular,6,o,img/target_9.png
48,3,185,modular,7,u,img/target_7.png
48,3,186,modular,5,r,img/target_4.png
48,3,187,modular,8,i,img/target_8.png
48,3,188,modular,5,r,img/target_4.png
48,3,189,modular,4,w,img/target_2.png
48,3,190,modular,5,r,img/target_4.png
48,3,191,modular,6,o,img/target_9.png
48,3,192,modular,5,r,img/target_4.png
48,3,193,modular,8,i,img/target_8.png
48,3,194,modular,9,q,img/target_1.png
48,3,195,modular,6,o,img/target_9.png
48,3,196,modular,5,r,img/target_4.png
48,3,197,modular,8,i,img/target_8.png
48,3,198,modular,9,q,img/target_1.png
48,3,199,modular,6,o,img/target_9.png
48,3,200,modular,7,u,img/target_7.png
48,3,201,modular,9,q,img/target_1.png
48,3,202,modular,8,i,img/target_8.png
48,3,203,modular,6,o,img/target_9.png
48,3,204,modular,5,r,img/target_4.png
48,3,205,modular,4,w,img/target_2.png
48,3,206,modular,1,p,img/target_10.png
48,3,207,modular,4,w,img/target_2.png
48,3,208,modular,1,p,img/target_10.png
48,3,209,modular,0,e,img/target_3.png
48,3,210,modular,3,b,img/target_6.png
48,3,211,modular,4,w,img/target_2.png
48,3,212,modular,1,p,img/target_10.png
48,3,213,modular,2,v,img/target_5.png
48,3,214,modular,1,p,img/target_10.png
48,3,215,modular,4,w,img/target_2.png
48,3,216,modular,3,b,img/target_6.png
48,3,217,modular,2,v,img/target_5.png
48,3,218,modular,3,b,img/target_6.png
48,3,219,modular,0,e,img/target_3.png
48,3,220,modular,2,v,img/target_5.png
48,3,221,modular,4,w,img/target_2.png
48,3,222,modular,1,p,img/target_10.png
48,3,223,modular,3,b,img/target_6.png
48,3,224,modular,4,w,img/target_2.png
48,3,225,modular,5,r,img/target_4.png
48,3,226,modular,6,o,img/target_9.png
48,3,227,modular,9,q,img/target_1.png
48,3,228,modular,0,e,img/target_3.png
48,3,229,modular,3,b,img/target_6.png
48,3,230,modular,2,v,img/target_5.png
48,3,231,modular,3,b,img/target_6.png
48,3,232,modular,2,v,img/target_5.png
48,3,233,modular,1,p,img/target_10.png
48,3,234,modular,3,b,img/target_6.png
48,3,235,modular,4,w,img/target_2.png
48,3,236,modular,2,v,img/target_5.png
48,3,237,modular,1,p,img/target_10.png
48,3,238,modular,2,v,img/target_5.png
48,3,239,modular,4,w,img/target_2.png
48,3,240,modular,3,b,img/target_6.png
48,3,241,modular,1,p,img/target_10.png
48,3,242,modular,3,b,img/target_6.png
48,3,243,modular,4,w,img/target_2.png
48,3,244,modular,5,r,img/target_4.png
48,3,245,modular,8,i,img/target_8.png
48,3,246,modular,9,q,img/target_1.png
48,3,247,modular,0,e,img/target_3.png
48,3,248,modular,3,b,img/target_6.png
48,3,249,modular,1,p,img/target_10.png
48,3,250,modular,3,b,img/target_6.png
48,3,251,modular,0,e,img/target_3.png
48,3,252,modular,2,v,img/target_5.png
48,3,253,modular,1,p,img/target_10.png
48,3,254,modular,0,e,img/target_3.png
48,3,255,modular,9,q,img/target_1.png
48,3,256,modular,0,e,img/target_3.png
48,3,257,modular,9,q,img/target_1.png
48,3,258,modular,0,e,img/target_3.png
48,3,259,modular,1,p,img/target_10.png
48,3,260,modular,0,e,img/target_3.png
48,3,261,modular,2,v,img/target_5.png
48,3,262,modular,4,w,img/target_2.png
48,3,263,modular,1,p,img/target_10.png
48,3,264,modular,4,w,img/target_2.png
48,3,265,modular,1,p,img/target_10.png
48,3,266,modular,4,w,img/target_2.png
48,3,267,modular,3,b,img/target_6.png
48,3,268,modular,1,p,img/target_10.png
48,3,269,modular,4,w,img/target_2.png
48,3,270,modular,2,v,img/target_5.png
48,3,271,modular,4,w,img/target_2.png
48,3,272,modular,3,b,img/target_6.png
48,3,273,modular,1,p,img/target_10.png
48,3,274,modular,3,b,img/target_6.png
48,3,275,modular,4,w,img/target_2.png
48,3,276,modular,2,v,img/target_5.png
48,3,277,modular,0,e,img/target_3.png
48,3,278,modular,9,q,img/target_1.png
48,3,279,modular,0,e,img/target_3.png
48,3,280,modular,2,v,img/target_5.png
48,3,281,modular,4,w,img/target_2.png
48,3,282,modular,3,b,img/target_6.png
48,3,283,modular,4,w,img/target_2.png
48,3,284,modular,5,r,img/target_4.png
48,3,285,modular,7,u,img/target_7.png
48,3,286,modular,9,q,img/target_1.png
48,3,287,modular,8,i,img/target_8.png
48,3,288,modular,5,r,img/target_4.png
48,3,289,modular,7,u,img/target_7.png
48,3,290,modular,6,o,img/target_9.png
48,3,291,modular,7,u,img/target_7.png
48,3,292,modular,9,q,img/target_1.png
48,3,293,modular,0,e,img/target_3.png
48,3,294,modular,2,v,img/target_5.png
48,3,295,modular,3,b,img/target_6.png
48,3,296,modular,4,w,img/target_2.png
48,3,297,modular,2,v,img/target_5.png
48,3,298,modular,3,b,img/target_6.png
48,3,299,modular,4,w,img/target_2.png
48,3,300,modular,1,p,img/target_10.png
48,3,301,modular,2,v,img/target_5.png
48,3,302,modular,3,b,img/target_6.png
48,3,303,modular,2,v,img/target_5.png
48,3,304,modular,1,p,img/target_10.png
48,3,305,modular,0,e,img/target_3.png
48,3,306,modular,9,q,img/target_1.png
48,3,307,modular,8,i,img/target_8.png
48,3,308,modular,5,r,img/target_4.png
48,3,309,modular,8,i,img/target_8.png
48,3,310,modular,9,q,img/target_1.png
48,3,311,modular,8,i,img/target_8.png
48,3,312,modular,7,u,img/target_7.png
48,3,313,modular,9,q,img/target_1.png
48,3,314,modular,7,u,img/target_7.png
48,3,315,modular,9,q,img/target_1.png
48,3,316,modular,8,i,img/target_8.png
48,3,317,modular,6,o,img/target_9.png
48,3,318,modular,5,r,img/target_4.png
48,3,319,modular,7,u,img/target_7.png
48,3,320,modular,6,o,img/target_9.png
48,3,321,modular,5,r,img/target_4.png
48,3,322,modular,7,u,img/target_7.png
48,3,323,modular,9,q,img/target_1.png
48,3,324,modular,6,o,img/target_9.png
48,3,325,modular,9,q,img/target_1.png
48,3,326,modular,8,i,img/target_8.png
48,3,327,modular,7,u,img/target_7.png
48,3,328,modular,6,o,img/target_9.png
48,3,329,modular,5,r,img/target_4.png
48,3,330,modular,8,i,img/target_8.png
48,3,331,modular,6,o,img/target_9.png
48,3,332,modular,9,q,img/target_1.png
48,3,333,modular,7,u,img/target_7.png
48,3,334,modular,5,r,img/target_4.png
48,3,335,modular,4,w,img/target_2.png
48,3,336,modular,3,b,img/target_6.png
48,3,337,modular,4,w,img/target_2.png
48,3,338,modular,2,v,img/target_5.png
48,3,339,modular,0,e,img/target_3.png
48,3,340,modular,9,q,img/target_1.png
48,3,341,modular,6,o,img/target_9.png
48,3,342,modular,5,r,img/target_4.png
48,3,343,modular,8,i,img/target_8.png
48,3,344,modular,6,o,img/target_9.png
48,3,345,modular,7,u,img/target_7.png
48,3,346,modular,6,o,img/target_9.png
48,3,347,modular,5,r,img/target_4.png
48,3,348,modular,4,w,img/target_2.png
48,3,349,modular,1,p,img/target_10.png
48,3,350,modular,3,b,img/target_6.png
48,3,351,modular,2,v,img/target_5.png
48,3,352,modular,3,b,img/target_6.png
48,3,353,modular,2,v,img/target_5.png
48,3,354,modular,1,p,img/target_10.png
48,3,355,modular,2,v,img/target_5.png
48,3,356,modular,3,b,img/target_6.png
48,3,357,modular,0,e,img/target_3.png
48,3,358,modular,9,q,img/target_1.png
48,3,359,modular,6,o,img/target_9.png
48,3,360,modular,7,u,img/target_7.png
48,3,361,modular,9,q,img/target_1.png
48,3,362,modular,0,e,img/target_3.png
48,3,363,modular,3,b,img/target_6.png
48,3,364,modular,2,v,img/target_5.png
48,3,365,modular,3,b,img/target_6.png
48,3,366,modular,0,e,img/target_3.png
48,3,367,modular,1,p,img/target_10.png
48,3,368,modular,2,v,img/target_5.png
48,3,369,modular,3,b,img/target_6.png
48,3,370,modular,2,v,img/target_5.png
48,3,371,modular,0,e,img/target_3.png
48,3,372,modular,2,v,img/target_5.png
48,3,373,modular,4,w,img/target_2.png
48,3,374,modular,1,p,img/target_10.png
48,3,375,modular,0,e,img/target_3.png
48,3,376,modular,2,v,img/target_5.png
48,3,377,modular,4,w,img/target_2.png
48,3,378,modular,5,r,img/target_4.png
48,3,379,modular,4,w,img/target_2.png
48,3,380,modular,1,p,img/target_10.png
48,3,381,modular,4,w,img/target_2.png
48,3,382,modular,2,v,img/target_5.png
48,3,383,modular,1,p,img/target_10.png
48,3,384,modular,4,w,img/target_2.png
48,3,385,modular,5,r,img/target_4.png
48,3,386,modular,6,o,img/target_9.png
48,3,387,modular,5,r,img/target_4.png
48,3,388,modular,4,w,img/target_2.png
48,3,389,modular,1,p,img/target_10.png
48,3,390,modular,3,b,img/target_6.png
48,3,391,modular,1,p,img/target_10.png
48,3,392,modular,3,b,img/target_6.png
48,3,393,modular,1,p,img/target_10.png
48,3,394,modular,4,w,img/target_2.png
48,3,395,modular,5,r,img/target_4.png
48,3,396,modular,6,o,img/target_9.png
48,3,397,modular,5,r,img/target_4.png
48,3,398,modular,8,i,img/target_8.png
48,3,399,modular,5,r,img/target_4.png
48,3,400,modular,4,w,img/target_2.png
48,3,401,modular,5,r,img/target_4.png
48,3,402,modular,8,i,img/target_8.png
48,3,403,modular,6,o,img/target_9.png
48,3,404,modular,7,u,img/target_7.png
48,3,405,modular,8,i,img/target_8.png
48,3,406,modular,6,o,img/target_9.png
48,3,407,modular,5,r,img/target_4.png
48,3,408,modular,7,u,img/target_7.png
48,3,409,modular,5,r,img/target_4.png
48,3,410,modular,6,o,img/target_9.png
48,3,411,modular,9,q,img/target_1.png
48,3,412,modular,7,u,img/target_7.png
48,3,413,modular,6,o,img/target_9.png
48,3,414,modular,9,q,img/target_1.png
48,3,415,modular,6,o,img/target_9.png
48,3,416,modular,9,q,img/target_1.png
48,3,417,modular,0,e,img/target_3.png
48,3,418,modular,3,b,img/target_6.png
48,3,419,modular,0,e,img/target_3.png
48,3,420,modular,1,p,img/target_10.png
48,3,421,modular,3,b,img/target_6.png
48,3,422,modular,2,v,img/target_5.png
48,3,423,modular,0,e,img/target_3.png
48,3,424,modular,9,q,img/target_1.png
48,3,425,modular,0,e,img/target_3.png
48,3,426,modular,2,v,img/target_5.png
48,3,427,modular,1,p,img/target_10.png
48,3,428,modular,4,w,img/target_2.png
48,3,429,modular,5,r,img/target_4.png
48,3,430,modular,6,o,img/target_9.png
48,3,431,modular,5,r,img/target_4.png
48,3,432,modular,4,w,img/target_2.png
48,3,433,modular,1,p,img/target_10.png
48,3,434,modular,0,e,img/target_3.png
48,3,435,modular,1,p,img/target_10.png
48,3,436,modular,2,v,img/target_5.png
48,3,437,modular,3,b,img/target_6.png
48,3,438,modular,2,v,img/target_5.png
48,3,439,modular,0,e,img/target_3.png
48,3,440,modular,1,p,img/target_10.png
48,3,441,modular,2,v,img/target_5.png
48,3,442,modular,1,p,img/target_10.png
48,3,443,modular,2,v,img/target_5.png
48,3,444,modular,3,b,img/target_6.png
48,3,445,modular,4,w,img/target_2.png
48,3,446,modular,1,p,img/target_10.png
48,3,447,modular,0,e,img/target_3.png
48,3,448,modular,2,v,img/target_5.png
48,3,449,modular,3,b,img/target_6.png
48,3,450,modular,2,v,img/target_5.png
48,3,451,modular,0,e,img/target_3.png
48,3,452,modular,3,b,img/target_6.png
48,3,453,modular,1,p,img/target_10.png
48,3,454,modular,4,w,img/target_2.png
48,3,455,modular,2,v,img/target_5.png
48,3,456,modular,3,b,img/target_6.png
48,3,457,modular,0,e,img/target_3.png
48,3,458,modular,3,b,img/target_6.png
48,3,459,modular,0,e,img/target_3.png
48,3,460,modular,1,p,img/target_10.png
48,3,461,modular,3,b,img/target_6.png
48,3,462,modular,4,w,img/target_2.png
48,3,463,modular,3,b,img/target_6.png
48,3,464,modular,2,v,img/target_5.png
48,3,465,modular,0,e,img/target_3.png
48,3,466,modular,3,b,img/target_6.png
48,3,467,modular,4,w,img/target_2.png
48,3,468,modular,2,v,img/target_5.png
48,3,469,modular,0,e,img/target_3.png
48,3,470,modular,1,p,img/target_10.png
48,3,471,modular,2,v,img/target_5.png
48,3,472,modular,1,p,img/target_10.png
48,3,473,modular,3,b,img/target_6.png
48,3,474,modular,1,p,img/target_10.png
48,3,475,modular,3,b,img/target_6.png
48,3,476,modular,4,w,img/target_2.png
48,3,477,modular,2,v,img/target_5.png
48,3,478,modular,0,e,img/target_3.png
48,3,479,modular,1,p,img/target_10.png
48,3,480,modular,2,v,img/target_5.png
48,3,481,modular,0,e,img/target_3.png
48,3,482,modular,9,q,img/target_1.png
48,3,483,modular,8,i,img/target_8.png
48,3,484,modular,6,o,img/target_9.png
48,3,485,modular,8,i,img/target_8.png
48,3,486,modular,7,u,img/target_7.png
48,3,487,modular,6,o,img/target_9.png
48,3,488,modular,5,r,img/target_4.png
48,3,489,modular,4,w,img/target_2.png
48,3,490,modular,3,b,img/target_6.png
48,3,491,modular,0,e,img/target_3.png
48,3,492,modular,9,q,img/target_1.png
48,3,493,modular,7,u,img/target_7.png
48,3,494,modular,9,q,img/target_1.png
48,3,495,modular,8,i,img/target_8.png
48,3,496,modular,9,q,img/target_1.png
48,3,497,modular,8,i,img/target_8.png
48,3,498,modular,6,o,img/target_9.png
48,3,499,modular,5,r,img/target_4.png
48,3,500,modular,8,i,img/target_8.png
48,3,501,modular,5,r,img/target_4.png
48,3,502,modular,7,u,img/target_7.png
48,3,503,modular,8,i,img/target_8.png
48,3,504,modular,6,o,img/target_9.png
48,3,505,modular,8,i,img/target_8.png
48,3,506,modular,9,q,img/target_1.png
48,3,507,modular,6,o,img/target_9.png
48,3,508,modular,8,i,img/target_8.png
48,3,509,modular,7,u,img/target_7.png
48,3,510,modular,9,q,img/target_1.png
48,3,511,modular,0,e,img/target_3.png
48,3,512,modular,2,v,img/target_5.png
48,3,513,modular,3,b,img/target_6.png
48,3,514,modular,0,e,img/target_3.png
48,3,515,modular,1,p,img/target_10.png
48,3,516,modular,2,v,img/target_5.png
48,3,517,modular,3,b,img/target_6.png
48,3,518,modular,2,v,img/target_5.png
48,3,519,modular,3,b,img/target_6.png
48,3,520,modular,2,v,img/target_5.png
48,3,521,modular,1,p,img/target_10.png
48,3,522,modular,0,e,img/target_3.png
48,3,523,modular,1,p,img/target_10.png
48,3,524,modular,0,e,img/target_3.png
48,3,525,modular,3,b,img/target_6.png
48,3,526,modular,0,e,img/target_3.png
48,3,527,modular,3,b,img/target_6.png
48,3,528,modular,4,w,img/target_2.png
48,3,529,modular,2,v,img/target_5.png
48,3,530,modular,3,b,img/target_6.png
48,3,531,modular,1,p,img/target_10.png
48,3,532,modular,0,e,img/target_3.png
48,3,533,modular,1,p,img/target_10.png
48,3,534,modular,0,e,img/target_3.png
48,3,535,modular,9,q,img/target_1.png
48,3,536,modular,7,u,img/target_7.png
48,3,537,modular,8,i,img/target_8.png
48,3,538,modular,7,u,img/target_7.png
48,3,539,modular,9,q,img/target_1.png
48,3,540,modular,6,o,img/target_9.png
48,3,541,modular,7,u,img/target_7.png
48,3,542,modular,9,q,img/target_1.png
48,3,543,modular,0,e,img/target_3.png
48,3,544,modular,2,v,img/target_5.png
48,3,545,modular,3,b,img/target_6.png
48,3,546,modular,0,e,img/target_3.png
48,3,547,modular,2,v,img/target_5.png
48,3,548,modular,1,p,img/target_10.png
48,3,549,modular,4,w,img/target_2.png
48,3,550,modular,1,p,img/target_10.png
48,3,551,modular,4,w,img/target_2.png
48,3,552,modular,5,r,img/target_4.png
48,3,553,modular,8,i,img/target_8.png
48,3,554,modular,9,q,img/target_1.png
48,3,555,modular,6,o,img/target_9.png
48,3,556,modular,5,r,img/target_4.png
48,3,557,modular,8,i,img/target_8.png
48,3,558,modular,7,u,img/target_7.png
48,3,559,modular,9,q,img/target_1.png
48,3,560,modular,7,u,img/target_7.png
48,3,561,modular,9,q,img/target_1.png
48,3,562,modular,7,u,img/target_7.png
48,3,563,modular,6,o,img/target_9.png
48,3,564,modular,8,i,img/target_8.png
48,3,565,modular,6,o,img/target_9.png
48,3,566,modular,9,q,img/target_1.png
48,3,567,modular,6,o,img/target_9.png
48,3,568,modular,7,u,img/target_7.png
48,3,569,modular,8,i,img/target_8.png
48,3,570,modular,5,r,img/target_4.png
48,3,571,modular,6,o,img/target_9.png
48,3,572,modular,9,q,img/target_1.png
48,3,573,modular,6,o,img/target_9.png
48,3,574,modular,8,i,img/target_8.png
48,3,575,modular,7,u,img/target_7.png
48,3,576,modular,8,i,img/target_8.png
48,3,577,modular,9,q,img/target_1.png
48,3,578,modular,8,i,img/target_8.png
48,3,579,modular,7,u,img/target_7.png
48,3,580,modular,8,i,img/target_8.png
48,3,581,modular,5,r,img/target_4.png
48,3,582,modular,6,o,img/target_9.png
48,3,583,modular,8,i,img/target_8.png
48,3,584,modular,7,u,img/target_7.png
48,3,585,modular,9,q,img/target_1.png
48,3,586,modular,8,i,img/target_8.png
48,3,587,modular,6,o,img/target_9.png
48,3,588,modular,9,q,img/target_1.png
48,3,589,modular,0,e,img/target_3.png
48,3,590,modular,3,b,img/target_6.png
48,3,591,modular,1,p,img/target_10.png
48,3,592,modular,3,b,img/target_6.png
48,3,593,modular,2,v,img/target_5.png
48,3,594,modular,1,p,img/target_10.png
48,3,595,modular,4,w,img/target_2.png
48,3,596,modular,5,r,img/target_4.png
48,3,597,modular,4,w,img/target_2.png
48,3,598,modular,3,b,img/target_6.png
48,3,599,modular,1,p,img/target_10.png
48,3,600,modular,4,w,img/target_2.png
48,3,601,modular,3,b,img/target_6.png
48,3,602,modular,4,w,img/target_2.png
48,3,603,modular,3,b,img/target_6.png
48,3,604,modular,2,v,img/target_5.png
48,3,605,modular,1,p,img/target_10.png
48,3,606,modular,0,e,img/target_3.png
48,3,607,modular,2,v,img/target_5.png
48,3,608,modular,0,e,img/target_3.png
48,3,609,modular,2,v,img/target_5.png
48,3,610,modular,1,p,img/target_10.png
48,3,611,modular,3,b,img/target_6.png
48,3,612,modular,2,v,img/target_5.png
48,3,613,modular,0,e,img/target_3.png
48,3,614,modular,1,p,img/target_10.png
48,3,615,modular,4,w,img/target_2.png
48,3,616,modular,5,r,img/target_4.png
48,3,617,modular,7,u,img/target_7.png
48,3,618,modular,5,r,img/target_4.png
48,3,619,modular,4,w,img/target_2.png
48,3,620,modular,5,r,img/target_4.png
48,3,621,modular,4,w,img/target_2.png
48,3,622,modular,2,v,img/target_5.png
48,3,623,modular,4,w,img/target_2.png
48,3,624,modular,1,p,img/target_10.png
48,3,625,modular,0,e,img/target_3.png
48,3,626,modular,9,q,img/target_1.png
48,3,627,modular,7,u,img/target_7.png
48,3,628,modular,6,o,img/target_9.png
48,3,629,modular,8,i,img/target_8.png
48,3,630,modular,6,o,img/target_9.png
48,3,631,modular,8,i,img/target_8.png
48,3,632,modular,7,u,img/target_7.png
48,3,633,modular,5,r,img/target_4.png
48,3,634,modular,4,w,img/target_2.png
48,3,635,modular,5,r,img/target_4.png
48,3,636,modular,7,u,img/target_7.png
48,3,637,modular,6,o,img/target_9.png
48,3,638,modular,8,i,img/target_8.png
48,3,639,modular,5,r,img/target_4.png
48,3,640,modular,6,o,img/target_9.png
48,3,641,modular,8,i,img/target_8.png
48,3,642,modular,6,o,img/target_9.png
48,3,643,modular,9,q,img/target_1.png
48,3,644,modular,7,u,img/target_7.png
48,3,645,modular,5,r,img/target_4.png
48,3,646,modular,6,o,img/target_9.png
48,3,647,modular,8,i,img/target_8.png
48,3,648,modular,7,u,img/target_7.png
48,3,649,modular,6,o,img/target_9.png
48,3,650,modular,9,q,img/target_1.png
48,3,651,modular,6,o,img/target_9.png
48,3,652,modular,8,i,img/target_8.png
48,3,653,modular,7,u,img/target_7.png
48,3,654,modular,8,i,img/target_8.png
48,3,655,modular,9,q,img/target_1.png
48,3,656,modular,8,i,img/target_8.png
48,3,657,modular,6,o,img/target_9.png
48,3,658,modular,8,i,img/target_8.png
48,3,659,modular,9,q,img/target_1.png
48,3,660,modular,8,i,img/target_8.png
48,3,661,modular,6,o,img/target_9.png
48,3,662,modular,8,i,img/target_8.png
48,3,663,modular,6,o,img/target_9.png
48,3,664,modular,9,q,img/target_1.png
48,3,665,modular,0,e,img/target_3.png
48,3,666,modular,9,q,img/target_1.png
48,3,667,modular,8,i,img/target_8.png
48,3,668,modular,6,o,img/target_9.png
48,3,669,modular,7,u,img/target_7.png
48,3,670,modular,9,q,img/target_1.png
48,3,671,modular,7,u,img/target_7.png
48,3,672,modular,5,r,img/target_4.png
48,3,673,modular,4,w,img/target_2.png
48,3,674,modular,2,v,img/target_5.png
48,3,675,modular,3,b,img/target_6.png
48,3,676,modular,2,v,img/target_5.png
48,3,677,modular,4,w,img/target_2.png
48,3,678,modular,2,v,img/target_5.png
48,3,679,modular,1,p,img/target_10.png
48,3,680,modular,4,w,img/target_2.png
48,3,681,modular,1,p,img/target_10.png
48,3,682,modular,3,b,img/target_6.png
48,3,683,modular,2,v,img/target_5.png
48,3,684,modular,3,b,img/target_6.png
48,3,685,modular,2,v,img/target_5.png
48,3,686,modular,0,e,img/target_3.png
48,3,687,modular,3,b,img/target_6.png
48,3,688,modular,4,w,img/target_2.png
48,3,689,modular,3,b,img/target_6.png
48,3,690,modular,2,v,img/target_5.png
48,3,691,modular,4,w,img/target_2.png
48,3,692,modular,5,r,img/target_4.png
48,3,693,modular,6,o,img/target_9.png
48,3,694,modular,5,r,img/target_4.png
48,3,695,modular,4,w,img/target_2.png
48,3,696,modular,5,r,img/target_4.png
48,3,697,modular,8,i,img/target_8.png
48,3,698,modular,7,u,img/target_7.png
48,3,699,modular,9,q,img/target_1.png
48,3,700,modular,7,u,img/target_7.png
48,3,701,modular,9,q,img/target_1.png
48,3,702,modular,0,e,img/target_3.png
48,3,703,modular,1,p,img/target_10.png
48,3,704,modular,4,w,img/target_2.png
48,3,705,modular,1,p,img/target_10.png
48,3,706,modular,0,e,img/target_3.png
48,3,707,modular,1,p,img/target_10.png
48,3,708,modular,3,b,img/target_6.png
48,3,709,modular,4,w,img/target_2.png
48,3,710,modular,5,r,img/target_4.png
48,3,711,modular,4,w,img/target_2.png
48,3,712,modular,2,v,img/target_5.png
48,3,713,modular,4,w,img/target_2.png
48,3,714,modular,3,b,img/target_6.png
48,3,715,modular,0,e,img/target_3.png
48,3,716,modular,1,p,img/target_10.png
48,3,717,modular,3,b,img/target_6.png
48,3,718,modular,1,p,img/target_10.png
48,3,719,modular,0,e,img/target_3.png
48,3,720,modular,3,b,img/target_6.png
48,3,721,modular,2,v,img/target_5.png
48,3,722,modular,3,b,img/target_6.png
48,3,723,modular,0,e,img/target_3.png
48,3,724,modular,9,q,img/target_1.png
48,3,725,modular,0,e,img/target_3.png
48,3,726,modular,3,b,img/target_6.png
48,3,727,modular,0,e,img/target_3.png
48,3,728,modular,3,b,img/target_6.png
48,3,729,modular,2,v,img/target_5.png
48,3,730,modular,0,e,img/target_3.png
48,3,731,modular,3,b,img/target_6.png
48,3,732,modular,4,w,img/target_2.png
48,3,733,modular,2,v,img/target_5.png
48,3,734,modular,0,e,img/target_3.png
48,3,735,modular,2,v,img/target_5.png
48,3,736,modular,1,p,img/target_10.png
48,3,737,modular,3,b,img/target_6.png
48,3,738,modular,2,v,img/target_5.png
48,3,739,modular,4,w,img/target_2.png
48,3,740,modular,1,p,img/target_10.png
48,3,741,modular,4,w,img/target_2.png
48,3,742,modular,2,v,img/target_5.png
48,3,743,modular,4,w,img/target_2.png
48,3,744,modular,3,b,img/target_6.png
48,3,745,modular,1,p,img/target_10.png
48,3,746,modular,2,v,img/target_5.png
48,3,747,modular,0,e,img/target_3.png
48,3,748,modular,3,b,img/target_6.png
48,3,749,modular,1,p,img/target_10.png
48,3,750,modular,2,v,img/target_5.png
48,3,751,modular,1,p,img/target_10.png
48,3,752,modular,4,w,img/target_2.png
48,3,753,modular,1,p,img/target_10.png
48,3,754,modular,3,b,img/target_6.png
48,3,755,modular,1,p,img/target_10.png
48,3,756,modular,0,e,img/target_3.png
48,3,757,modular,9,q,img/target_1.png
48,3,758,modular,6,o,img/target_9.png
48,3,759,modular,7,u,img/target_7.png
48,3,760,modular,6,o,img/target_9.png
48,3,761,modular,8,i,img/target_8.png
48,3,762,modular,6,o,img/target_9.png
48,3,763,modular,5,r,img/target_4.png
48,3,764,modular,4,w,img/target_2.png
48,3,765,modular,5,r,img/target_4.png
48,3,766,modular,6,o,img/target_9.png
48,3,767,modular,5,r,img/target_4.png
48,3,768,modular,7,u,img/target_7.png
48,3,769,modular,9,q,img/target_1.png
48,3,770,modular,8,i,img/target_8.png
48,3,771,modular,9,q,img/target_1.png
48,3,772,modular,7,u,img/target_7.png
48,3,773,modular,8,i,img/target_8.png
48,3,774,modular,6,o,img/target_9.png
48,3,775,modular,9,q,img/target_1.png
48,3,776,modular,8,i,img/target_8.png
48,3,777,modular,7,u,img/target_7.png
48,3,778,modular,8,i,img/target_8.png
48,3,779,modular,9,q,img/target_1.png
48,3,780,modular,6,o,img/target_9.png
48,3,781,modular,9,q,img/target_1.png
48,3,782,modular,8,i,img/target_8.png
48,3,783,modular,9,q,img/target_1.png
48,3,784,modular,8,i,img/target_8.png
48,3,785,modular,5,r,img/target_4.png
48,3,786,modular,8,i,img/target_8.png
48,3,787,modular,9,q,img/target_1.png
48,3,788,modular,7,u,img/target_7.png
48,3,789,modular,5,r,img/target_4.png
48,3,790,modular,6,o,img/target_9.png
48,3,791,modular,5,r,img/target_4.png
48,3,792,modular,4,w,img/target_2.png
48,3,793,modular,3,b,img/target_6.png
48,3,794,modular,1,p,img/target_10.png
48,3,795,modular,3,b,img/target_6.png
48,3,796,modular,1,p,img/target_10.png
48,3,797,modular,0,e,img/target_3.png
48,3,798,modular,2,v,img/target_5.png
48,3,799,modular,3,b,img/target_6.png
48,3,800,modular,2,v,img/target_5.png
48,3,801,modular,4,w,img/target_2.png
48,3,802,modular,3,b,img/target_6.png
48,3,803,modular,4,w,img/target_2.png
48,3,804,modular,1,p,img/target_10.png
48,3,805,modular,4,w,img/target_2.png
48,3,806,modular,2,v,img/target_5.png
48,3,807,modular,1,p,img/target_10.png
48,3,808,modular,3,b,img/target_6.png
48,3,809,modular,1,p,img/target_10.png
48,3,810,modular,2,v,img/target_5.png
48,3,811,modular,0,e,img/target_3.png
48,3,812,modular,2,v,img/target_5.png
48,3,813,modular,1,p,img/target_10.png
48,3,814,modular,0,e,img/target_3.png
48,3,815,modular,1,p,img/target_10.png
48,3,816,modular,4,w,img/target_2.png
48,3,817,modular,3,b,img/target_6.png
48,3,818,modular,4,w,img/target_2.png
48,3,819,modular,5,r,img/target_4.png
48,3,820,modular,6,o,img/target_9.png
48,3,821,modular,8,i,img/target_8.png
48,3,822,modular,6,o,img/target_9.png
48,3,823,modular,7,u,img/target_7.png
48,3,824,modular,8,i,img/target_8.png
48,3,825,modular,5,r,img/target_4.png
48,3,826,modular,7,u,img/target_7.png
48,3,827,modular,8,i,img/target_8.png
48,3,828,modular,6,o,img/target_9.png
48,3,829,modular,9,q,img/target_1.png
48,3,830,modular,0,e,img/target_3.png
48,3,831,modular,3,b,img/target_6.png
48,3,832,modular,2,v,img/target_5.png
48,3,833,modular,3,b,img/target_6.png
48,3,834,modular,1,p,img/target_10.png
48,3,835,modular,4,w,img/target_2.png
48,3,836,modular,1,p,img/target_10.png
48,3,837,modular,0,e,img/target_3.png
48,3,838,modular,2,v,img/target_5.png
48,3,839,modular,4,w,img/target_2.png
48,3,840,modular,5,r,img/target_4.png
48,3,841,modular,8,i,img/target_8.png
48,3,842,modular,9,q,img/target_1.png
48,3,843,modular,0,e,img/target_3.png
48,3,844,modular,1,p,img/target_10.png
48,3,845,modular,2,v,img/target_5.png
48,3,846,modular,1,p,img/target_10.png
48,3,847,modular,4,w,img/target_2.png
48,3,848,modular,5,r,img/target_4.png
48,3,849,modular,6,o,img/target_9.png
48,3,850,modular,8,i,img/target_8.png
48,3,851,modular,7,u,img/target_7.png
48,3,852,modular,5,r,img/target_4.png
48,3,853,modular,7,u,img/target_7.png
48,3,854,modular,6,o,img/target_9.png
48,3,855,modular,8,i,img/target_8.png
48,3,856,modular,5,r,img/target_4.png
48,3,857,modular,4,w,img/target_2.png
48,3,858,modular,3,b,img/target_6.png
48,3,859,modular,4,w,img/target_2.png
48,3,860,modular,5,r,img/target_4.png
48,3,861,modular,4,w,img/target_2.png
48,3,862,modular,1,p,img/target_10.png
48,3,863,modular,4,w,img/target_2.png
48,3,864,modular,3,b,img/target_6.png
48,3,865,modular,4,w,img/target_2.png
48,3,866,modular,2,v,img/target_5.png
48,3,867,modular,1,p,img/target_10.png
48,3,868,modular,3,b,img/target_6.png
48,3,869,modular,4,w,img/target_2.png
48,3,870,modular,2,v,img/target_5.png
48,3,871,modular,3,b,img/target_6.png
48,3,872,modular,4,w,img/target_2.png
48,3,873,modular,3,b,img/target_6.png
48,3,874,modular,4,w,img/target_2.png
48,3,875,modular,5,r,img/target_4.png
48,3,876,modular,7,u,img/target_7.png
48,3,877,modular,9,q,img/target_1.png
48,3,878,modular,8,i,img/target_8.png
48,3,879,modular,6,o,img/target_9.png
48,3,880,modular,8,i,img/target_8.png
48,3,881,modular,9,q,img/target_1.png
48,3,882,modular,8,i,img/target_8.png
48,3,883,modular,7,u,img/target_7.png
48,3,884,modular,9,q,img/target_1.png
48,3,885,modular,6,o,img/target_9.png
48,3,886,modular,7,u,img/target_7.png
48,3,887,modular,9,q,img/target_1.png
48,3,888,modular,8,i,img/target_8.png
48,3,889,modular,7,u,img/target_7.png
48,3,890,modular,6,o,img/target_9.png
48,3,891,modular,7,u,img/target_7.png
48,3,892,modular,5,r,img/target_4.png
48,3,893,modular,4,w,img/target_2.png
48,3,894,modular,1,p,img/target_10.png
48,3,895,modular,3,b,img/target_6.png
48,3,896,modular,2,v,img/target_5.png
48,3,897,modular,0,e,img/target_3.png
48,3,898,modular,1,p,img/target_10.png
48,3,899,modular,3,b,img/target_6.png
48,3,900,modular,4,w,img/target_2.png
48,3,901,modular,5,r,img/target_4.png
48,3,902,modular,8,i,img/target_8.png
48,3,903,modular,6,o,img/target_9.png
48,3,904,modular,5,r,img/target_4.png
48,3,905,modular,6,o,img/target_9.png
48,3,906,modular,8,i,img/target_8.png
48,3,907,modular,7,u,img/target_7.png
48,3,908,modular,6,o,img/target_9.png
48,3,909,modular,7,u,img/target_7.png
48,3,910,modular,8,i,img/target_8.png
48,3,911,modular,5,r,img/target_4.png
48,3,912,modular,7,u,img/target_7.png
48,3,913,modular,9,q,img/target_1.png
48,3,914,modular,0,e,img/target_3.png
48,3,915,modular,2,v,img/target_5.png
48,3,916,modular,3,b,img/target_6.png
48,3,917,modular,1,p,img/target_10.png
48,3,918,modular,2,v,img/target_5.png
48,3,919,modular,4,w,img/target_2.png
48,3,920,modular,3,b,img/target_6.png
48,3,921,modular,1,p,img/target_10.png
48,3,922,modular,2,v,img/target_5.png
48,3,923,modular,0,e,img/target_3.png
48,3,924,modular,9,q,img/target_1.png
48,3,925,modular,7,u,img/target_7.png
48,3,926,modular,9,q,img/target_1.png
48,3,927,modular,8,i,img/target_8.png
48,3,928,modular,6,o,img/target_9.png
48,3,929,modular,8,i,img/target_8.png
48,3,930,modular,6,o,img/target_9.png
48,3,931,modular,7,u,img/target_7.png
48,3,932,modular,6,o,img/target_9.png
48,3,933,modular,5,r,img/target_4.png
48,3,934,modular,8,i,img/target_8.png
48,3,935,modular,9,q,img/target_1.png
48,3,936,modular,6,o,img/target_9.png
48,3,937,modular,5,r,img/target_4.png
48,3,938,modular,4,w,img/target_2.png
48,3,939,modular,3,b,img/target_6.png
48,3,940,modular,1,p,img/target_10.png
48,3,941,modular,0,e,img/target_3.png
48,3,942,modular,2,v,img/target_5.png
48,3,943,modular,3,b,img/target_6.png
48,3,944,modular,2,v,img/target_5.png
48,3,945,modular,0,e,img/target_3.png
48,3,946,modular,1,p,img/target_10.png
48,3,947,modular,3,b,img/target_6.png
48,3,948,modular,2,v,img/target_5.png
48,3,949,modular,0,e,img/target_3.png
48,3,950,modular,3,b,img/target_6.png
48,3,951,modular,4,w,img/target_2.png
48,3,952,modular,3,b,img/target_6.png
48,3,953,modular,1,p,img/target_10.png
48,3,954,modular,0,e,img/target_3.png
48,3,955,modular,9,q,img/target_1.png
48,3,956,modular,6,o,img/target_9.png
48,3,957,modular,9,q,img/target_1.png
48,3,958,modular,8,i,img/target_8.png
48,3,959,modular,5,r,img/target_4.png
48,3,960,modular,7,u,img/target_7.png
48,3,961,modular,6,o,img/target_9.png
48,3,962,modular,9,q,img/target_1.png
48,3,963,modular,6,o,img/target_9.png
48,3,964,modular,7,u,img/target_7.png
48,3,965,modular,5,r,img/target_4.png
48,3,966,modular,6,o,img/target_9.png
48,3,967,modular,7,u,img/target_7.png
48,3,968,modular,5,r,img/target_4.png
48,3,969,modular,6,o,img/target_9.png
48,3,970,modular,7,u,img/target_7.png
48,3,971,modular,9,q,img/target_1.png
48,3,972,modular,7,u,img/target_7.png
48,3,973,modular,9,q,img/target_1.png
48,3,974,modular,7,u,img/target_7.png
48,3,975,modular,6,o,img/target_9.png
48,3,976,modular,8,i,img/target_8.png
48,3,977,modular,5,r,img/target_4.png
48,3,978,modular,6,o,img/target_9.png
48,3,979,modular,9,q,img/target_1.png
48,3,980,modular,8,i,img/target_8.png
48,3,981,modular,9,q,img/target_1.png
48,3,982,modular,6,o,img/target_9.png
48,3,983,modular,5,r,img/target_4.png
48,3,984,modular,4,w,img/target_2.png
48,3,985,modular,3,b,img/target_6.png
48,3,986,modular,2,v,img/target_5.png
48,3,987,modular,3,b,img/target_6.png
48,3,988,modular,2,v,img/target_5.png
48,3,989,modular,3,b,img/target_6.png
48,3,990,modular,4,w,img/target_2.png
48,3,991,modular,3,b,img/target_6.png
48,3,992,modular,2,v,img/target_5.png
48,3,993,modular,4,w,img/target_2.png
48,3,994,modular,3,b,img/target_6.png
48,3,995,modular,4,w,img/target_2.png
48,3,996,modular,3,b,img/target_6.png
48,3,997,modular,4,w,img/target_2.png
48,3,998,modular,2,v,img/target_5.png
48,3,999,modular,0,e,img/target_3.png
48,3,1000,modular,2,v,img/target_5.png
