pID,trialNum,graph,walk,resp,path
23,1,lattice,6,e,img/target_3.png
23,2,lattice,4,o,img/target_9.png
23,3,lattice,6,e,img/target_3.png
23,4,lattice,8,b,img/target_6.png
23,5,lattice,7,w,img/target_2.png
23,6,lattice,6,e,img/target_3.png
23,7,lattice,4,o,img/target_9.png
23,8,lattice,2,v,img/target_5.png
23,9,lattice,0,p,img/target_10.png
23,10,lattice,2,v,img/target_5.png
23,11,lattice,1,r,img/target_4.png
23,12,lattice,0,p,img/target_10.png
23,13,lattice,1,r,img/target_4.png
23,14,lattice,3,q,img/target_1.png
23,15,lattice,2,v,img/target_5.png
23,16,lattice,3,q,img/target_1.png
23,17,lattice,4,o,img/target_9.png
23,18,lattice,2,v,img/target_5.png
23,19,lattice,3,q,img/target_1.png
23,20,lattice,5,i,img/target_8.png
23,21,lattice,7,w,img/target_2.png
23,22,lattice,8,b,img/target_6.png
23,23,lattice,7,w,img/target_2.png
23,24,lattice,6,e,img/target_3.png
23,25,lattice,8,b,img/target_6.png
23,26,lattice,7,w,img/target_2.png
23,27,lattice,9,u,img/target_7.png
23,28,lattice,7,w,img/target_2.png
23,29,lattice,9,u,img/target_7.png
23,30,lattice,7,w,img/target_2.png
23,31,lattice,6,e,img/target_3.png
23,32,lattice,8,b,img/target_6.png
23,33,lattice,7,w,img/target_2.png
23,34,lattice,8,b,img/target_6.png
23,35,lattice,0,p,img/target_10.png
23,36,lattice,9,u,img/target_7.png
23,37,lattice,7,w,img/target_2.png
23,38,lattice,9,u,img/target_7.png
23,39,lattice,8,b,img/target_6.png
23,40,lattice,9,u,img/target_7.png
23,41,lattice,8,b,img/target_6.png
23,42,lattice,6,e,img/target_3.png
23,43,lattice,8,b,img/target_6.png
23,44,lattice,6,e,img/target_3.png
23,45,lattice,4,o,img/target_9.png
23,46,lattice,5,i,img/target_8.png
23,47,lattice,3,q,img/target_1.png
23,48,lattice,1,r,img/target_4.png
23,49,lattice,2,v,img/target_5.png
23,50,lattice,1,r,img/target_4.png
23,51,lattice,3,q,img/target_1.png
23,52,lattice,1,r,img/target_4.png
23,53,lattice,9,u,img/target_7.png
23,54,lattice,1,r,img/target_4.png
23,55,lattice,3,q,img/target_1.png
23,56,lattice,1,r,img/target_4.png
23,57,lattice,2,v,img/target_5.png
23,58,lattice,4,o,img/target_9.png
23,59,lattice,2,v,img/target_5.png
23,60,lattice,0,p,img/target_10.png
23,61,lattice,1,r,img/target_4.png
23,62,lattice,9,u,img/target_7.png
23,63,lattice,8,b,img/target_6.png
23,64,lattice,7,w,img/target_2.png
23,65,lattice,8,b,img/target_6.png
23,66,lattice,6,e,img/target_3.png
23,67,lattice,7,w,img/target_2.png
23,68,lattice,9,u,img/target_7.png
23,69,lattice,0,p,img/target_10.png
23,70,lattice,8,b,img/target_6.png
23,71,lattice,9,u,img/target_7.png
23,72,lattice,0,p,img/target_10.png
23,73,lattice,8,b,img/target_6.png
23,74,lattice,6,e,img/target_3.png
23,75,lattice,7,w,img/target_2.png
23,76,lattice,5,i,img/target_8.png
23,77,lattice,4,o,img/target_9.png
23,78,lattice,5,i,img/target_8.png
23,79,lattice,6,e,img/target_3.png
23,80,lattice,4,o,img/target_9.png
23,81,lattice,5,i,img/target_8.png
23,82,lattice,6,e,img/target_3.png
23,83,lattice,7,w,img/target_2.png
23,84,lattice,6,e,img/target_3.png
23,85,lattice,4,o,img/target_9.png
23,86,lattice,2,v,img/target_5.png
23,87,lattice,3,q,img/target_1.png
23,88,lattice,5,i,img/target_8.png
23,89,lattice,3,q,img/target_1.png
23,90,lattice,5,i,img/target_8.png
23,91,lattice,7,w,img/target_2.png
23,92,lattice,9,u,img/target_7.png
23,93,lattice,1,r,img/target_4.png
23,94,lattice,2,v,img/target_5.png
23,95,lattice,3,q,img/target_1.png
23,96,lattice,1,r,img/target_4.png
23,97,lattice,0,p,img/target_10.png
23,98,lattice,8,b,img/target_6.png
23,99,lattice,6,e,img/target_3.png
23,100,lattice,5,i,img/target_8.png
23,101,lattice,4,o,img/target_9.png
23,102,lattice,3,q,img/target_1.png
23,103,lattice,4,o,img/target_9.png
23,104,lattice,6,e,img/target_3.png
23,105,lattice,7,w,img/target_2.png
23,106,lattice,8,b,img/target_6.png
23,107,lattice,9,u,img/target_7.png
23,108,lattice,0,p,img/target_10.png
23,109,lattice,1,r,img/target_4.png
23,110,lattice,2,v,img/target_5.png
23,111,lattice,4,o,img/target_9.png
23,112,lattice,2,v,img/target_5.png
23,113,lattice,0,p,img/target_10.png
23,114,lattice,1,r,img/target_4.png
23,115,lattice,9,u,img/target_7.png
23,116,lattice,7,w,img/target_2.png
23,117,lattice,6,e,img/target_3.png
23,118,lattice,7,w,img/target_2.png
23,119,lattice,6,e,img/target_3.png
23,120,lattice,8,b,img/target_6.png
23,121,lattice,6,e,img/target_3.png
23,122,lattice,4,o,img/target_9.png
23,123,lattice,5,i,img/target_8.png
23,124,lattice,4,o,img/target_9.png
23,125,lattice,2,v,img/target_5.png
23,126,lattice,0,p,img/target_10.png
23,127,lattice,8,b,img/target_6.png
23,128,lattice,9,u,img/target_7.png
23,129,lattice,0,p,img/target_10.png
23,130,lattice,9,u,img/target_7.png
23,131,lattice,1,r,img/target_4.png
23,132,lattice,2,v,img/target_5.png
23,133,lattice,3,q,img/target_1.png
23,134,lattice,4,o,img/target_9.png
23,135,lattice,6,e,img/target_3.png
23,136,lattice,5,i,img/target_8.png
23,137,lattice,4,o,img/target_9.png
23,138,lattice,5,i,img/target_8.png
23,139,lattice,4,o,img/target_9.png
23,140,lattice,2,v,img/target_5.png
23,141,lattice,1,r,img/target_4.png
23,142,lattice,3,q,img/target_1.png
23,143,lattice,2,v,img/target_5.png
23,144,lattice,0,p,img/target_10.png
23,145,lattice,9,u,img/target_7.png
23,146,lattice,7,w,img/target_2.png
23,147,lattice,5,i,img/target_8.png
23,148,lattice,3,q,img/target_1.png
23,149,lattice,2,v,img/target_5.png
23,150,lattice,3,q,img/target_1.png
23,151,lattice,4,o,img/target_9.png
23,152,lattice,6,e,img/target_3.png
23,153,lattice,4,o,img/target_9.png
23,154,lattice,3,q,img/target_1.png
23,155,lattice,4,o,img/target_9.png
23,156,lattice,2,v,img/target_5.png
23,157,lattice,4,o,img/target_9.png
23,158,lattice,6,e,img/target_3.png
23,159,lattice,5,i,img/target_8.png
23,160,lattice,6,e,img/target_3.png
23,161,lattice,5,i,img/target_8.png
23,162,lattice,4,o,img/target_9.png
23,163,lattice,2,v,img/target_5.png
23,164,lattice,4,o,img/target_9.png
23,165,lattice,2,v,img/target_5.png
23,166,lattice,3,q,img/target_1.png
23,167,lattice,4,o,img/target_9.png
23,168,lattice,5,i,img/target_8.png
23,169,lattice,7,w,img/target_2.png
23,170,lattice,8,b,img/target_6.png
23,171,lattice,7,w,img/target_2.png
23,172,lattice,6,e,img/target_3.png
23,173,lattice,4,o,img/target_9.png
23,174,lattice,5,i,img/target_8.png
23,175,lattice,6,e,img/target_3.png
23,176,lattice,8,b,img/target_6.png
23,177,lattice,0,p,img/target_10.png
23,178,lattice,8,b,img/target_6.png
23,179,lattice,0,p,img/target_10.png
23,180,lattice,1,r,img/target_4.png
23,181,lattice,2,v,img/target_5.png
23,182,lattice,1,r,img/target_4.png
23,183,lattice,2,v,img/target_5.png
23,184,lattice,3,q,img/target_1.png
23,185,lattice,1,r,img/target_4.png
23,186,lattice,3,q,img/target_1.png
23,187,lattice,1,r,img/target_4.png
23,188,lattice,9,u,img/target_7.png
23,189,lattice,8,b,img/target_6.png
23,190,lattice,7,w,img/target_2.png
23,191,lattice,5,i,img/target_8.png
23,192,lattice,4,o,img/target_9.png
23,193,lattice,3,q,img/target_1.png
23,194,lattice,2,v,img/target_5.png
23,195,lattice,4,o,img/target_9.png
23,196,lattice,5,i,img/target_8.png
23,197,lattice,6,e,img/target_3.png
23,198,lattice,5,i,img/target_8.png
23,199,lattice,3,q,img/target_1.png
23,200,lattice,1,r,img/target_4.png
23,201,lattice,0,p,img/target_10.png
23,202,lattice,9,u,img/target_7.png
23,203,lattice,7,w,img/target_2.png
23,204,lattice,9,u,img/target_7.png
23,205,lattice,8,b,img/target_6.png
23,206,lattice,7,w,img/target_2.png
23,207,lattice,9,u,img/target_7.png
23,208,lattice,1,r,img/target_4.png
23,209,lattice,9,u,img/target_7.png
23,210,lattice,8,b,img/target_6.png
23,211,lattice,7,w,img/target_2.png
23,212,lattice,9,u,img/target_7.png
23,213,lattice,1,r,img/target_4.png
23,214,lattice,2,v,img/target_5.png
23,215,lattice,3,q,img/target_1.png
23,216,lattice,2,v,img/target_5.png
23,217,lattice,0,p,img/target_10.png
23,218,lattice,9,u,img/target_7.png
23,219,lattice,0,p,img/target_10.png
23,220,lattice,2,v,img/target_5.png
23,221,lattice,1,r,img/target_4.png
23,222,lattice,3,q,img/target_1.png
23,223,lattice,1,r,img/target_4.png
23,224,lattice,9,u,img/target_7.png
23,225,lattice,0,p,img/target_10.png
23,226,lattice,2,v,img/target_5.png
23,227,lattice,1,r,img/target_4.png
23,228,lattice,3,q,img/target_1.png
23,229,lattice,1,r,img/target_4.png
23,230,lattice,2,v,img/target_5.png
23,231,lattice,4,o,img/target_9.png
23,232,lattice,5,i,img/target_8.png
23,233,lattice,7,w,img/target_2.png
23,234,lattice,8,b,img/target_6.png
23,235,lattice,9,u,img/target_7.png
23,236,lattice,0,p,img/target_10.png
23,237,lattice,2,v,img/target_5.png
23,238,lattice,1,r,img/target_4.png
23,239,lattice,3,q,img/target_1.png
23,240,lattice,1,r,img/target_4.png
23,241,lattice,9,u,img/target_7.png
23,242,lattice,0,p,img/target_10.png
23,243,lattice,8,b,img/target_6.png
23,244,lattice,0,p,img/target_10.png
23,245,lattice,8,b,img/target_6.png
23,246,lattice,9,u,img/target_7.png
23,247,lattice,8,b,img/target_6.png
23,248,lattice,7,w,img/target_2.png
23,249,lattice,8,b,img/target_6.png
23,250,lattice,9,u,img/target_7.png
23,251,lattice,7,w,img/target_2.png
23,252,lattice,8,b,img/target_6.png
23,253,lattice,6,e,img/target_3.png
23,254,lattice,8,b,img/target_6.png
23,255,lattice,7,w,img/target_2.png
23,256,lattice,8,b,img/target_6.png
23,257,lattice,9,u,img/target_7.png
23,258,lattice,1,r,img/target_4.png
23,259,lattice,0,p,img/target_10.png
23,260,lattice,2,v,img/target_5.png
23,261,lattice,0,p,img/target_10.png
23,262,lattice,9,u,img/target_7.png
23,263,lattice,7,w,img/target_2.png
23,264,lattice,9,u,img/target_7.png
23,265,lattice,8,b,img/target_6.png
23,266,lattice,0,p,img/target_10.png
23,267,lattice,9,u,img/target_7.png
23,268,lattice,0,p,img/target_10.png
23,269,lattice,1,r,img/target_4.png
23,270,lattice,2,v,img/target_5.png
23,271,lattice,0,p,img/target_10.png
23,272,lattice,1,r,img/target_4.png
23,273,lattice,3,q,img/target_1.png
23,274,lattice,4,o,img/target_9.png
23,275,lattice,5,i,img/target_8.png
23,276,lattice,7,w,img/target_2.png
23,277,lattice,9,u,img/target_7.png
23,278,lattice,1,r,img/target_4.png
23,279,lattice,3,q,img/target_1.png
23,280,lattice,2,v,img/target_5.png
23,281,lattice,0,p,img/target_10.png
23,282,lattice,1,r,img/target_4.png
23,283,lattice,9,u,img/target_7.png
23,284,lattice,1,r,img/target_4.png
23,285,lattice,0,p,img/target_10.png
23,286,lattice,1,r,img/target_4.png
23,287,lattice,3,q,img/target_1.png
23,288,lattice,2,v,img/target_5.png
23,289,lattice,4,o,img/target_9.png
23,290,lattice,3,q,img/target_1.png
23,291,lattice,5,i,img/target_8.png
23,292,lattice,7,w,img/target_2.png
23,293,lattice,8,b,img/target_6.png
23,294,lattice,6,e,img/target_3.png
23,295,lattice,7,w,img/target_2.png
23,296,lattice,9,u,img/target_7.png
23,297,lattice,0,p,img/target_10.png
23,298,lattice,2,v,img/target_5.png
23,299,lattice,1,r,img/target_4.png
23,300,lattice,9,u,img/target_7.png
23,301,lattice,1,r,img/target_4.png
23,302,lattice,9,u,img/target_7.png
23,303,lattice,7,w,img/target_2.png
23,304,lattice,5,i,img/target_8.png
23,305,lattice,4,o,img/target_9.png
23,306,lattice,6,e,img/target_3.png
23,307,lattice,8,b,img/target_6.png
23,308,lattice,7,w,img/target_2.png
23,309,lattice,8,b,img/target_6.png
23,310,lattice,7,w,img/target_2.png
23,311,lattice,6,e,img/target_3.png
23,312,lattice,5,i,img/target_8.png
23,313,lattice,7,w,img/target_2.png
23,314,lattice,5,i,img/target_8.png
23,315,lattice,6,e,img/target_3.png
23,316,lattice,5,i,img/target_8.png
23,317,lattice,6,e,img/target_3.png
23,318,lattice,5,i,img/target_8.png
23,319,lattice,6,e,img/target_3.png
23,320,lattice,5,i,img/target_8.png
23,321,lattice,6,e,img/target_3.png
23,322,lattice,8,b,img/target_6.png
23,323,lattice,7,w,img/target_2.png
23,324,lattice,5,i,img/target_8.png
23,325,lattice,3,q,img/target_1.png
23,326,lattice,2,v,img/target_5.png
23,327,lattice,0,p,img/target_10.png
23,328,lattice,9,u,img/target_7.png
23,329,lattice,1,r,img/target_4.png
23,330,lattice,3,q,img/target_1.png
23,331,lattice,1,r,img/target_4.png
23,332,lattice,9,u,img/target_7.png
23,333,lattice,0,p,img/target_10.png
23,334,lattice,2,v,img/target_5.png
23,335,lattice,0,p,img/target_10.png
23,336,lattice,9,u,img/target_7.png
23,337,lattice,7,w,img/target_2.png
23,338,lattice,9,u,img/target_7.png
23,339,lattice,0,p,img/target_10.png
23,340,lattice,1,r,img/target_4.png
23,341,lattice,0,p,img/target_10.png
23,342,lattice,8,b,img/target_6.png
23,343,lattice,9,u,img/target_7.png
23,344,lattice,0,p,img/target_10.png
23,345,lattice,1,r,img/target_4.png
23,346,lattice,0,p,img/target_10.png
23,347,lattice,2,v,img/target_5.png
23,348,lattice,3,q,img/target_1.png
23,349,lattice,5,i,img/target_8.png
23,350,lattice,3,q,img/target_1.png
23,351,lattice,4,o,img/target_9.png
23,352,lattice,5,i,img/target_8.png
23,353,lattice,6,e,img/target_3.png
23,354,lattice,5,i,img/target_8.png
23,355,lattice,3,q,img/target_1.png
23,356,lattice,2,v,img/target_5.png
23,357,lattice,4,o,img/target_9.png
23,358,lattice,6,e,img/target_3.png
23,359,lattice,8,b,img/target_6.png
23,360,lattice,7,w,img/target_2.png
23,361,lattice,6,e,img/target_3.png
23,362,lattice,7,w,img/target_2.png
23,363,lattice,9,u,img/target_7.png
23,364,lattice,1,r,img/target_4.png
23,365,lattice,3,q,img/target_1.png
23,366,lattice,5,i,img/target_8.png
23,367,lattice,6,e,img/target_3.png
23,368,lattice,8,b,img/target_6.png
23,369,lattice,7,w,img/target_2.png
23,370,lattice,9,u,img/target_7.png
23,371,lattice,1,r,img/target_4.png
23,372,lattice,0,p,img/target_10.png
23,373,lattice,9,u,img/target_7.png
23,374,lattice,0,p,img/target_10.png
23,375,lattice,8,b,img/target_6.png
23,376,lattice,6,e,img/target_3.png
23,377,lattice,8,b,img/target_6.png
23,378,lattice,0,p,img/target_10.png
23,379,lattice,8,b,img/target_6.png
23,380,lattice,0,p,img/target_10.png
23,381,lattice,1,r,img/target_4.png
23,382,lattice,0,p,img/target_10.png
23,383,lattice,1,r,img/target_4.png
23,384,lattice,2,v,img/target_5.png
23,385,lattice,1,r,img/target_4.png
23,386,lattice,3,q,img/target_1.png
23,387,lattice,1,r,img/target_4.png
23,388,lattice,9,u,img/target_7.png
23,389,lattice,7,w,img/target_2.png
23,390,lattice,6,e,img/target_3.png
23,391,lattice,7,w,img/target_2.png
23,392,lattice,5,i,img/target_8.png
23,393,lattice,7,w,img/target_2.png
23,394,lattice,9,u,img/target_7.png
23,395,lattice,8,b,img/target_6.png
23,396,lattice,6,e,img/target_3.png
23,397,lattice,8,b,img/target_6.png
23,398,lattice,6,e,img/target_3.png
23,399,lattice,8,b,img/target_6.png
23,400,lattice,7,w,img/target_2.png
23,401,lattice,8,b,img/target_6.png
23,402,lattice,0,p,img/target_10.png
23,403,lattice,9,u,img/target_7.png
23,404,lattice,1,r,img/target_4.png
23,405,lattice,2,v,img/target_5.png
23,406,lattice,0,p,img/target_10.png
23,407,lattice,9,u,img/target_7.png
23,408,lattice,1,r,img/target_4.png
23,409,lattice,9,u,img/target_7.png
23,410,lattice,8,b,img/target_6.png
23,411,lattice,9,u,img/target_7.png
23,412,lattice,8,b,img/target_6.png
23,413,lattice,9,u,img/target_7.png
23,414,lattice,1,r,img/target_4.png
23,415,lattice,3,q,img/target_1.png
23,416,lattice,1,r,img/target_4.png
23,417,lattice,0,p,img/target_10.png
23,418,lattice,1,r,img/target_4.png
23,419,lattice,9,u,img/target_7.png
23,420,lattice,0,p,img/target_10.png
23,421,lattice,1,r,img/target_4.png
23,422,lattice,2,v,img/target_5.png
23,423,lattice,3,q,img/target_1.png
23,424,lattice,2,v,img/target_5.png
23,425,lattice,1,r,img/target_4.png
23,426,lattice,9,u,img/target_7.png
23,427,lattice,8,b,img/target_6.png
23,428,lattice,7,w,img/target_2.png
23,429,lattice,6,e,img/target_3.png
23,430,lattice,7,w,img/target_2.png
23,431,lattice,8,b,img/target_6.png
23,432,lattice,6,e,img/target_3.png
23,433,lattice,4,o,img/target_9.png
23,434,lattice,5,i,img/target_8.png
23,435,lattice,6,e,img/target_3.png
23,436,lattice,5,i,img/target_8.png
23,437,lattice,7,w,img/target_2.png
23,438,lattice,9,u,img/target_7.png
23,439,lattice,1,r,img/target_4.png
23,440,lattice,3,q,img/target_1.png
23,441,lattice,5,i,img/target_8.png
23,442,lattice,7,w,img/target_2.png
23,443,lattice,6,e,img/target_3.png
23,444,lattice,4,o,img/target_9.png
23,445,lattice,2,v,img/target_5.png
23,446,lattice,1,r,img/target_4.png
23,447,lattice,0,p,img/target_10.png
23,448,lattice,1,r,img/target_4.png
23,449,lattice,0,p,img/target_10.png
23,450,lattice,9,u,img/target_7.png
23,451,lattice,0,p,img/target_10.png
23,452,lattice,2,v,img/target_5.png
23,453,lattice,0,p,img/target_10.png
23,454,lattice,9,u,img/target_7.png
23,455,lattice,0,p,img/target_10.png
23,456,lattice,8,b,img/target_6.png
23,457,lattice,0,p,img/target_10.png
23,458,lattice,2,v,img/target_5.png
23,459,lattice,3,q,img/target_1.png
23,460,lattice,2,v,img/target_5.png
23,461,lattice,0,p,img/target_10.png
23,462,lattice,1,r,img/target_4.png
23,463,lattice,2,v,img/target_5.png
23,464,lattice,0,p,img/target_10.png
23,465,lattice,1,r,img/target_4.png
23,466,lattice,0,p,img/target_10.png
23,467,lattice,2,v,img/target_5.png
23,468,lattice,0,p,img/target_10.png
23,469,lattice,1,r,img/target_4.png
23,470,lattice,9,u,img/target_7.png
23,471,lattice,1,r,img/target_4.png
23,472,lattice,0,p,img/target_10.png
23,473,lattice,2,v,img/target_5.png
23,474,lattice,1,r,img/target_4.png
23,475,lattice,2,v,img/target_5.png
23,476,lattice,4,o,img/target_9.png
23,477,lattice,3,q,img/target_1.png
23,478,lattice,2,v,img/target_5.png
23,479,lattice,4,o,img/target_9.png
23,480,lattice,3,q,img/target_1.png
23,481,lattice,5,i,img/target_8.png
23,482,lattice,3,q,img/target_1.png
23,483,lattice,1,r,img/target_4.png
23,484,lattice,9,u,img/target_7.png
23,485,lattice,1,r,img/target_4.png
23,486,lattice,3,q,img/target_1.png
23,487,lattice,2,v,img/target_5.png
23,488,lattice,1,r,img/target_4.png
23,489,lattice,2,v,img/target_5.png
23,490,lattice,0,p,img/target_10.png
23,491,lattice,1,r,img/target_4.png
23,492,lattice,9,u,img/target_7.png
23,493,lattice,8,b,img/target_6.png
23,494,lattice,9,u,img/target_7.png
23,495,lattice,7,w,img/target_2.png
23,496,lattice,6,e,img/target_3.png
23,497,lattice,4,o,img/target_9.png
23,498,lattice,2,v,img/target_5.png
23,499,lattice,0,p,img/target_10.png
23,500,lattice,1,r,img/target_4.png
23,501,lattice,0,p,img/target_10.png
23,502,lattice,1,r,img/target_4.png
23,503,lattice,9,u,img/target_7.png
23,504,lattice,1,r,img/target_4.png
23,505,lattice,2,v,img/target_5.png
23,506,lattice,3,q,img/target_1.png
23,507,lattice,2,v,img/target_5.png
23,508,lattice,1,r,img/target_4.png
23,509,lattice,0,p,img/target_10.png
23,510,lattice,1,r,img/target_4.png
23,511,lattice,2,v,img/target_5.png
23,512,lattice,4,o,img/target_9.png
23,513,lattice,3,q,img/target_1.png
23,514,lattice,4,o,img/target_9.png
23,515,lattice,5,i,img/target_8.png
23,516,lattice,3,q,img/target_1.png
23,517,lattice,5,i,img/target_8.png
23,518,lattice,3,q,img/target_1.png
23,519,lattice,2,v,img/target_5.png
23,520,lattice,0,p,img/target_10.png
23,521,lattice,8,b,img/target_6.png
23,522,lattice,6,e,img/target_3.png
23,523,lattice,8,b,img/target_6.png
23,524,lattice,7,w,img/target_2.png
23,525,lattice,9,u,img/target_7.png
23,526,lattice,1,r,img/target_4.png
23,527,lattice,0,p,img/target_10.png
23,528,lattice,1,r,img/target_4.png
23,529,lattice,9,u,img/target_7.png
23,530,lattice,1,r,img/target_4.png
23,531,lattice,0,p,img/target_10.png
23,532,lattice,1,r,img/target_4.png
23,533,lattice,3,q,img/target_1.png
23,534,lattice,1,r,img/target_4.png
23,535,lattice,2,v,img/target_5.png
23,536,lattice,0,p,img/target_10.png
23,537,lattice,8,b,img/target_6.png
23,538,lattice,7,w,img/target_2.png
23,539,lattice,5,i,img/target_8.png
23,540,lattice,7,w,img/target_2.png
23,541,lattice,5,i,img/target_8.png
23,542,lattice,7,w,img/target_2.png
23,543,lattice,5,i,img/target_8.png
23,544,lattice,3,q,img/target_1.png
23,545,lattice,1,r,img/target_4.png
23,546,lattice,0,p,img/target_10.png
23,547,lattice,9,u,img/target_7.png
23,548,lattice,7,w,img/target_2.png
23,549,lattice,5,i,img/target_8.png
23,550,lattice,3,q,img/target_1.png
23,551,lattice,4,o,img/target_9.png
23,552,lattice,2,v,img/target_5.png
23,553,lattice,3,q,img/target_1.png
23,554,lattice,4,o,img/target_9.png
23,555,lattice,5,i,img/target_8.png
23,556,lattice,4,o,img/target_9.png
23,557,lattice,6,e,img/target_3.png
23,558,lattice,4,o,img/target_9.png
23,559,lattice,5,i,img/target_8.png
23,560,lattice,7,w,img/target_2.png
23,561,lattice,8,b,img/target_6.png
23,562,lattice,6,e,img/target_3.png
23,563,lattice,4,o,img/target_9.png
23,564,lattice,3,q,img/target_1.png
23,565,lattice,4,o,img/target_9.png
23,566,lattice,6,e,img/target_3.png
23,567,lattice,5,i,img/target_8.png
23,568,lattice,3,q,img/target_1.png
23,569,lattice,2,v,img/target_5.png
23,570,lattice,3,q,img/target_1.png
23,571,lattice,5,i,img/target_8.png
23,572,lattice,4,o,img/target_9.png
23,573,lattice,5,i,img/target_8.png
23,574,lattice,4,o,img/target_9.png
23,575,lattice,2,v,img/target_5.png
23,576,lattice,4,o,img/target_9.png
23,577,lattice,3,q,img/target_1.png
23,578,lattice,5,i,img/target_8.png
23,579,lattice,4,o,img/target_9.png
23,580,lattice,2,v,img/target_5.png
23,581,lattice,0,p,img/target_10.png
23,582,lattice,8,b,img/target_6.png
23,583,lattice,9,u,img/target_7.png
23,584,lattice,7,w,img/target_2.png
23,585,lattice,9,u,img/target_7.png
23,586,lattice,8,b,img/target_6.png
23,587,lattice,9,u,img/target_7.png
23,588,lattice,1,r,img/target_4.png
23,589,lattice,9,u,img/target_7.png
23,590,lattice,7,w,img/target_2.png
23,591,lattice,6,e,img/target_3.png
23,592,lattice,7,w,img/target_2.png
23,593,lattice,6,e,img/target_3.png
23,594,lattice,5,i,img/target_8.png
23,595,lattice,7,w,img/target_2.png
23,596,lattice,6,e,img/target_3.png
23,597,lattice,7,w,img/target_2.png
23,598,lattice,9,u,img/target_7.png
23,599,lattice,1,r,img/target_4.png
23,600,lattice,9,u,img/target_7.png
23,601,lattice,0,p,img/target_10.png
23,602,lattice,2,v,img/target_5.png
23,603,lattice,4,o,img/target_9.png
23,604,lattice,5,i,img/target_8.png
23,605,lattice,3,q,img/target_1.png
23,606,lattice,1,r,img/target_4.png
23,607,lattice,2,v,img/target_5.png
23,608,lattice,4,o,img/target_9.png
23,609,lattice,6,e,img/target_3.png
23,610,lattice,4,o,img/target_9.png
23,611,lattice,3,q,img/target_1.png
23,612,lattice,1,r,img/target_4.png
23,613,lattice,9,u,img/target_7.png
23,614,lattice,0,p,img/target_10.png
23,615,lattice,2,v,img/target_5.png
23,616,lattice,0,p,img/target_10.png
23,617,lattice,8,b,img/target_6.png
23,618,lattice,7,w,img/target_2.png
23,619,lattice,8,b,img/target_6.png
23,620,lattice,9,u,img/target_7.png
23,621,lattice,0,p,img/target_10.png
23,622,lattice,9,u,img/target_7.png
23,623,lattice,0,p,img/target_10.png
23,624,lattice,8,b,img/target_6.png
23,625,lattice,9,u,img/target_7.png
23,626,lattice,7,w,img/target_2.png
23,627,lattice,9,u,img/target_7.png
23,628,lattice,0,p,img/target_10.png
23,629,lattice,1,r,img/target_4.png
23,630,lattice,2,v,img/target_5.png
23,631,lattice,1,r,img/target_4.png
23,632,lattice,0,p,img/target_10.png
23,633,lattice,2,v,img/target_5.png
23,634,lattice,1,r,img/target_4.png
23,635,lattice,2,v,img/target_5.png
23,636,lattice,1,r,img/target_4.png
23,637,lattice,2,v,img/target_5.png
23,638,lattice,3,q,img/target_1.png
23,639,lattice,4,o,img/target_9.png
23,640,lattice,5,i,img/target_8.png
23,641,lattice,6,e,img/target_3.png
23,642,lattice,7,w,img/target_2.png
23,643,lattice,9,u,img/target_7.png
23,644,lattice,8,b,img/target_6.png
23,645,lattice,0,p,img/target_10.png
23,646,lattice,8,b,img/target_6.png
23,647,lattice,7,w,img/target_2.png
23,648,lattice,8,b,img/target_6.png
23,649,lattice,0,p,img/target_10.png
23,650,lattice,8,b,img/target_6.png
23,651,lattice,7,w,img/target_2.png
23,652,lattice,5,i,img/target_8.png
23,653,lattice,3,q,img/target_1.png
23,654,lattice,1,r,img/target_4.png
23,655,lattice,2,v,img/target_5.png
23,656,lattice,3,q,img/target_1.png
23,657,lattice,5,i,img/target_8.png
23,658,lattice,3,q,img/target_1.png
23,659,lattice,5,i,img/target_8.png
23,660,lattice,7,w,img/target_2.png
23,661,lattice,9,u,img/target_7.png
23,662,lattice,0,p,img/target_10.png
23,663,lattice,1,r,img/target_4.png
23,664,lattice,2,v,img/target_5.png
23,665,lattice,4,o,img/target_9.png
23,666,lattice,2,v,img/target_5.png
23,667,lattice,1,r,img/target_4.png
23,668,lattice,2,v,img/target_5.png
23,669,lattice,0,p,img/target_10.png
23,670,lattice,9,u,img/target_7.png
23,671,lattice,7,w,img/target_2.png
23,672,lattice,6,e,img/target_3.png
23,673,lattice,5,i,img/target_8.png
23,674,lattice,4,o,img/target_9.png
23,675,lattice,3,q,img/target_1.png
23,676,lattice,5,i,img/target_8.png
23,677,lattice,3,q,img/target_1.png
23,678,lattice,1,r,img/target_4.png
23,679,lattice,9,u,img/target_7.png
23,680,lattice,8,b,img/target_6.png
23,681,lattice,0,p,img/target_10.png
23,682,lattice,8,b,img/target_6.png
23,683,lattice,7,w,img/target_2.png
23,684,lattice,8,b,img/target_6.png
23,685,lattice,7,w,img/target_2.png
23,686,lattice,6,e,img/target_3.png
23,687,lattice,5,i,img/target_8.png
23,688,lattice,6,e,img/target_3.png
23,689,lattice,5,i,img/target_8.png
23,690,lattice,6,e,img/target_3.png
23,691,lattice,4,o,img/target_9.png
23,692,lattice,2,v,img/target_5.png
23,693,lattice,3,q,img/target_1.png
23,694,lattice,4,o,img/target_9.png
23,695,lattice,2,v,img/target_5.png
23,696,lattice,0,p,img/target_10.png
23,697,lattice,1,r,img/target_4.png
23,698,lattice,2,v,img/target_5.png
23,699,lattice,0,p,img/target_10.png
23,700,lattice,1,r,img/target_4.png
23,701,lattice,9,u,img/target_7.png
23,702,lattice,8,b,img/target_6.png
23,703,lattice,7,w,img/target_2.png
23,704,lattice,8,b,img/target_6.png
23,705,lattice,6,e,img/target_3.png
23,706,lattice,5,i,img/target_8.png
23,707,lattice,6,e,img/target_3.png
23,708,lattice,7,w,img/target_2.png
23,709,lattice,5,i,img/target_8.png
23,710,lattice,4,o,img/target_9.png
23,711,lattice,2,v,img/target_5.png
23,712,lattice,1,r,img/target_4.png
23,713,lattice,2,v,img/target_5.png
23,714,lattice,1,r,img/target_4.png
23,715,lattice,3,q,img/target_1.png
23,716,lattice,5,i,img/target_8.png
23,717,lattice,4,o,img/target_9.png
23,718,lattice,2,v,img/target_5.png
23,719,lattice,3,q,img/target_1.png
23,720,lattice,1,r,img/target_4.png
23,721,lattice,3,q,img/target_1.png
23,722,lattice,5,i,img/target_8.png
23,723,lattice,3,q,img/target_1.png
23,724,lattice,5,i,img/target_8.png
23,725,lattice,3,q,img/target_1.png
23,726,lattice,4,o,img/target_9.png
23,727,lattice,6,e,img/target_3.png
23,728,lattice,7,w,img/target_2.png
23,729,lattice,6,e,img/target_3.png
23,730,lattice,4,o,img/target_9.png
23,731,lattice,2,v,img/target_5.png
23,732,lattice,0,p,img/target_10.png
23,733,lattice,9,u,img/target_7.png
23,734,lattice,0,p,img/target_10.png
23,735,lattice,8,b,img/target_6.png
23,736,lattice,7,w,img/target_2.png
23,737,lattice,9,u,img/target_7.png
23,738,lattice,1,r,img/target_4.png
23,739,lattice,9,u,img/target_7.png
23,740,lattice,1,r,img/target_4.png
23,741,lattice,3,q,img/target_1.png
23,742,lattice,2,v,img/target_5.png
23,743,lattice,4,o,img/target_9.png
23,744,lattice,6,e,img/target_3.png
23,745,lattice,7,w,img/target_2.png
23,746,lattice,5,i,img/target_8.png
23,747,lattice,4,o,img/target_9.png
23,748,lattice,5,i,img/target_8.png
23,749,lattice,6,e,img/target_3.png
23,750,lattice,7,w,img/target_2.png
23,751,lattice,9,u,img/target_7.png
23,752,lattice,1,r,img/target_4.png
23,753,lattice,0,p,img/target_10.png
23,754,lattice,8,b,img/target_6.png
23,755,lattice,9,u,img/target_7.png
23,756,lattice,8,b,img/target_6.png
23,757,lattice,0,p,img/target_10.png
23,758,lattice,2,v,img/target_5.png
23,759,lattice,1,r,img/target_4.png
23,760,lattice,2,v,img/target_5.png
23,761,lattice,0,p,img/target_10.png
23,762,lattice,1,r,img/target_4.png
23,763,lattice,3,q,img/target_1.png
23,764,lattice,1,r,img/target_4.png
23,765,lattice,2,v,img/target_5.png
23,766,lattice,1,r,img/target_4.png
23,767,lattice,9,u,img/target_7.png
23,768,lattice,8,b,img/target_6.png
23,769,lattice,9,u,img/target_7.png
23,770,lattice,7,w,img/target_2.png
23,771,lattice,8,b,img/target_6.png
23,772,lattice,0,p,img/target_10.png
23,773,lattice,8,b,img/target_6.png
23,774,lattice,0,p,img/target_10.png
23,775,lattice,8,b,img/target_6.png
23,776,lattice,0,p,img/target_10.png
23,777,lattice,1,r,img/target_4.png
23,778,lattice,9,u,img/target_7.png
23,779,lattice,1,r,img/target_4.png
23,780,lattice,2,v,img/target_5.png
23,781,lattice,4,o,img/target_9.png
23,782,lattice,6,e,img/target_3.png
23,783,lattice,8,b,img/target_6.png
23,784,lattice,7,w,img/target_2.png
23,785,lattice,5,i,img/target_8.png
23,786,lattice,3,q,img/target_1.png
23,787,lattice,1,r,img/target_4.png
23,788,lattice,9,u,img/target_7.png
23,789,lattice,7,w,img/target_2.png
23,790,lattice,9,u,img/target_7.png
23,791,lattice,1,r,img/target_4.png
23,792,lattice,2,v,img/target_5.png
23,793,lattice,3,q,img/target_1.png
23,794,lattice,5,i,img/target_8.png
23,795,lattice,6,e,img/target_3.png
23,796,lattice,8,b,img/target_6.png
23,797,lattice,9,u,img/target_7.png
23,798,lattice,7,w,img/target_2.png
23,799,lattice,5,i,img/target_8.png
23,800,lattice,4,o,img/target_9.png
23,801,lattice,5,i,img/target_8.png
23,802,lattice,7,w,img/target_2.png
23,803,lattice,9,u,img/target_7.png
23,804,lattice,8,b,img/target_6.png
23,805,lattice,0,p,img/target_10.png
23,806,lattice,9,u,img/target_7.png
23,807,lattice,0,p,img/target_10.png
23,808,lattice,8,b,img/target_6.png
23,809,lattice,9,u,img/target_7.png
23,810,lattice,8,b,img/target_6.png
23,811,lattice,6,e,img/target_3.png
23,812,lattice,8,b,img/target_6.png
23,813,lattice,6,e,img/target_3.png
23,814,lattice,5,i,img/target_8.png
23,815,lattice,4,o,img/target_9.png
23,816,lattice,5,i,img/target_8.png
23,817,lattice,3,q,img/target_1.png
23,818,lattice,2,v,img/target_5.png
23,819,lattice,0,p,img/target_10.png
23,820,lattice,2,v,img/target_5.png
23,821,lattice,0,p,img/target_10.png
23,822,lattice,8,b,img/target_6.png
23,823,lattice,6,e,img/target_3.png
23,824,lattice,7,w,img/target_2.png
23,825,lattice,5,i,img/target_8.png
23,826,lattice,4,o,img/target_9.png
23,827,lattice,6,e,img/target_3.png
23,828,lattice,8,b,img/target_6.png
23,829,lattice,6,e,img/target_3.png
23,830,lattice,4,o,img/target_9.png
23,831,lattice,6,e,img/target_3.png
23,832,lattice,4,o,img/target_9.png
23,833,lattice,5,i,img/target_8.png
23,834,lattice,4,o,img/target_9.png
23,835,lattice,5,i,img/target_8.png
23,836,lattice,4,o,img/target_9.png
23,837,lattice,5,i,img/target_8.png
23,838,lattice,7,w,img/target_2.png
23,839,lattice,8,b,img/target_6.png
23,840,lattice,6,e,img/target_3.png
23,841,lattice,4,o,img/target_9.png
23,842,lattice,3,q,img/target_1.png
23,843,lattice,1,r,img/target_4.png
23,844,lattice,2,v,img/target_5.png
23,845,lattice,3,q,img/target_1.png
23,846,lattice,2,v,img/target_5.png
23,847,lattice,0,p,img/target_10.png
23,848,lattice,1,r,img/target_4.png
23,849,lattice,9,u,img/target_7.png
23,850,lattice,7,w,img/target_2.png
23,851,lattice,9,u,img/target_7.png
23,852,lattice,1,r,img/target_4.png
23,853,lattice,9,u,img/target_7.png
23,854,lattice,8,b,img/target_6.png
23,855,lattice,6,e,img/target_3.png
23,856,lattice,8,b,img/target_6.png
23,857,lattice,7,w,img/target_2.png
23,858,lattice,8,b,img/target_6.png
23,859,lattice,7,w,img/target_2.png
23,860,lattice,5,i,img/target_8.png
23,861,lattice,7,w,img/target_2.png
23,862,lattice,9,u,img/target_7.png
23,863,lattice,0,p,img/target_10.png
23,864,lattice,9,u,img/target_7.png
23,865,lattice,7,w,img/target_2.png
23,866,lattice,6,e,img/target_3.png
23,867,lattice,7,w,img/target_2.png
23,868,lattice,6,e,img/target_3.png
23,869,lattice,8,b,img/target_6.png
23,870,lattice,9,u,img/target_7.png
23,871,lattice,1,r,img/target_4.png
23,872,lattice,9,u,img/target_7.png
23,873,lattice,0,p,img/target_10.png
23,874,lattice,2,v,img/target_5.png
23,875,lattice,3,q,img/target_1.png
23,876,lattice,2,v,img/target_5.png
23,877,lattice,3,q,img/target_1.png
23,878,lattice,4,o,img/target_9.png
23,879,lattice,3,q,img/target_1.png
23,880,lattice,2,v,img/target_5.png
23,881,lattice,3,q,img/target_1.png
23,882,lattice,4,o,img/target_9.png
23,883,lattice,2,v,img/target_5.png
23,884,lattice,3,q,img/target_1.png
23,885,lattice,1,r,img/target_4.png
23,886,lattice,0,p,img/target_10.png
23,887,lattice,2,v,img/target_5.png
23,888,lattice,0,p,img/target_10.png
23,889,lattice,2,v,img/target_5.png
23,890,lattice,0,p,img/target_10.png
23,891,lattice,8,b,img/target_6.png
23,892,lattice,0,p,img/target_10.png
23,893,lattice,2,v,img/target_5.png
23,894,lattice,0,p,img/target_10.png
23,895,lattice,9,u,img/target_7.png
23,896,lattice,0,p,img/target_10.png
23,897,lattice,8,b,img/target_6.png
23,898,lattice,6,e,img/target_3.png
23,899,lattice,8,b,img/target_6.png
23,900,lattice,6,e,img/target_3.png
23,901,lattice,4,o,img/target_9.png
23,902,lattice,6,e,img/target_3.png
23,903,lattice,5,i,img/target_8.png
23,904,lattice,6,e,img/target_3.png
23,905,lattice,8,b,img/target_6.png
23,906,lattice,6,e,img/target_3.png
23,907,lattice,4,o,img/target_9.png
23,908,lattice,3,q,img/target_1.png
23,909,lattice,5,i,img/target_8.png
23,910,lattice,4,o,img/target_9.png
23,911,lattice,2,v,img/target_5.png
23,912,lattice,3,q,img/target_1.png
23,913,lattice,2,v,img/target_5.png
23,914,lattice,1,r,img/target_4.png
23,915,lattice,2,v,img/target_5.png
23,916,lattice,0,p,img/target_10.png
23,917,lattice,8,b,img/target_6.png
23,918,lattice,0,p,img/target_10.png
23,919,lattice,9,u,img/target_7.png
23,920,lattice,1,r,img/target_4.png
23,921,lattice,2,v,img/target_5.png
23,922,lattice,0,p,img/target_10.png
23,923,lattice,8,b,img/target_6.png
23,924,lattice,9,u,img/target_7.png
23,925,lattice,1,r,img/target_4.png
23,926,lattice,0,p,img/target_10.png
23,927,lattice,8,b,img/target_6.png
23,928,lattice,9,u,img/target_7.png
23,929,lattice,7,w,img/target_2.png
23,930,lattice,6,e,img/target_3.png
23,931,lattice,4,o,img/target_9.png
23,932,lattice,5,i,img/target_8.png
23,933,lattice,4,o,img/target_9.png
23,934,lattice,3,q,img/target_1.png
23,935,lattice,1,r,img/target_4.png
23,936,lattice,0,p,img/target_10.png
23,937,lattice,1,r,img/target_4.png
23,938,lattice,2,v,img/target_5.png
23,939,lattice,1,r,img/target_4.png
23,940,lattice,0,p,img/target_10.png
23,941,lattice,2,v,img/target_5.png
23,942,lattice,1,r,img/target_4.png
23,943,lattice,9,u,img/target_7.png
23,944,lattice,8,b,img/target_6.png
23,945,lattice,7,w,img/target_2.png
23,946,lattice,6,e,img/target_3.png
23,947,lattice,5,i,img/target_8.png
23,948,lattice,7,w,img/target_2.png
23,949,lattice,9,u,img/target_7.png
23,950,lattice,7,w,img/target_2.png
23,951,lattice,5,i,img/target_8.png
23,952,lattice,4,o,img/target_9.png
23,953,lattice,5,i,img/target_8.png
23,954,lattice,6,e,img/target_3.png
23,955,lattice,7,w,img/target_2.png
23,956,lattice,6,e,img/target_3.png
23,957,lattice,4,o,img/target_9.png
23,958,lattice,5,i,img/target_8.png
23,959,lattice,6,e,img/target_3.png
23,960,lattice,8,b,img/target_6.png
23,961,lattice,7,w,img/target_2.png
23,962,lattice,8,b,img/target_6.png
23,963,lattice,7,w,img/target_2.png
23,964,lattice,9,u,img/target_7.png
23,965,lattice,7,w,img/target_2.png
23,966,lattice,5,i,img/target_8.png
23,967,lattice,3,q,img/target_1.png
23,968,lattice,2,v,img/target_5.png
23,969,lattice,3,q,img/target_1.png
23,970,lattice,1,r,img/target_4.png
23,971,lattice,3,q,img/target_1.png
23,972,lattice,1,r,img/target_4.png
23,973,lattice,3,q,img/target_1.png
23,974,lattice,1,r,img/target_4.png
23,975,lattice,3,q,img/target_1.png
23,976,lattice,5,i,img/target_8.png
23,977,lattice,4,o,img/target_9.png
23,978,lattice,2,v,img/target_5.png
23,979,lattice,0,p,img/target_10.png
23,980,lattice,9,u,img/target_7.png
23,981,lattice,7,w,img/target_2.png
23,982,lattice,8,b,img/target_6.png
23,983,lattice,6,e,img/target_3.png
23,984,lattice,7,w,img/target_2.png
23,985,lattice,5,i,img/target_8.png
23,986,lattice,3,q,img/target_1.png
23,987,lattice,4,o,img/target_9.png
23,988,lattice,3,q,img/target_1.png
23,989,lattice,2,v,img/target_5.png
23,990,lattice,3,q,img/target_1.png
23,991,lattice,2,v,img/target_5.png
23,992,lattice,4,o,img/target_9.png
23,993,lattice,6,e,img/target_3.png
23,994,lattice,5,i,img/target_8.png
23,995,lattice,7,w,img/target_2.png
23,996,lattice,6,e,img/target_3.png
23,997,lattice,5,i,img/target_8.png
23,998,lattice,4,o,img/target_9.png
23,999,lattice,5,i,img/target_8.png
23,1000,lattice,3,q,img/target_1.png
