pID,sess,trialNum,graph,walk,resp,path
51,1,1,lattice,7,w,img/target_2.png
51,1,2,lattice,6,o,img/target_9.png
51,1,3,lattice,7,w,img/target_2.png
51,1,4,lattice,6,o,img/target_9.png
51,1,5,lattice,5,u,img/target_7.png
51,1,6,lattice,3,b,img/target_6.png
51,1,7,lattice,1,q,img/target_1.png
51,1,8,lattice,0,p,img/target_10.png
51,1,9,lattice,9,e,img/target_3.png
51,1,10,lattice,8,i,img/target_8.png
51,1,11,lattice,7,w,img/target_2.png
51,1,12,lattice,6,o,img/target_9.png
51,1,13,lattice,5,u,img/target_7.png
51,1,14,lattice,7,w,img/target_2.png
51,1,15,lattice,5,u,img/target_7.png
51,1,16,lattice,6,o,img/target_9.png
51,1,17,lattice,8,i,img/target_8.png
51,1,18,lattice,7,w,img/target_2.png
51,1,19,lattice,6,o,img/target_9.png
51,1,20,lattice,8,i,img/target_8.png
51,1,21,lattice,6,o,img/target_9.png
51,1,22,lattice,5,u,img/target_7.png
51,1,23,lattice,6,o,img/target_9.png
51,1,24,lattice,8,i,img/target_8.png
51,1,25,lattice,9,e,img/target_3.png
51,1,26,lattice,0,p,img/target_10.png
51,1,27,lattice,1,q,img/target_1.png
51,1,28,lattice,2,r,img/target_4.png
51,1,29,lattice,3,b,img/target_6.png
51,1,30,lattice,4,v,img/target_5.png
51,1,31,lattice,6,o,img/target_9.png
51,1,32,lattice,4,v,img/target_5.png
51,1,33,lattice,2,r,img/target_4.png
51,1,34,lattice,3,b,img/target_6.png
51,1,35,lattice,2,r,img/target_4.png
51,1,36,lattice,3,b,img/target_6.png
51,1,37,lattice,2,r,img/target_4.png
51,1,38,lattice,3,b,img/target_6.png
51,1,39,lattice,1,q,img/target_1.png
51,1,40,lattice,2,r,img/target_4.png
51,1,41,lattice,0,p,img/target_10.png
51,1,42,lattice,9,e,img/target_3.png
51,1,43,lattice,8,i,img/target_8.png
51,1,44,lattice,9,e,img/target_3.png
51,1,45,lattice,1,q,img/target_1.png
51,1,46,lattice,0,p,img/target_10.png
51,1,47,lattice,8,i,img/target_8.png
51,1,48,lattice,0,p,img/target_10.png
51,1,49,lattice,2,r,img/target_4.png
51,1,50,lattice,0,p,img/target_10.png
51,1,51,lattice,9,e,img/target_3.png
51,1,52,lattice,1,q,img/target_1.png
51,1,53,lattice,2,r,img/target_4.png
51,1,54,lattice,3,b,img/target_6.png
51,1,55,lattice,1,q,img/target_1.png
51,1,56,lattice,3,b,img/target_6.png
51,1,57,lattice,2,r,img/target_4.png
51,1,58,lattice,3,b,img/target_6.png
51,1,59,lattice,2,r,img/target_4.png
51,1,60,lattice,0,p,img/target_10.png
51,1,61,lattice,8,i,img/target_8.png
51,1,62,lattice,9,e,img/target_3.png
51,1,63,lattice,8,i,img/target_8.png
51,1,64,lattice,0,p,img/target_10.png
51,1,65,lattice,1,q,img/target_1.png
51,1,66,lattice,2,r,img/target_4.png
51,1,67,lattice,1,q,img/target_1.png
51,1,68,lattice,2,r,img/target_4.png
51,1,69,lattice,1,q,img/target_1.png
51,1,70,lattice,9,e,img/target_3.png
51,1,71,lattice,7,w,img/target_2.png
51,1,72,lattice,6,o,img/target_9.png
51,1,73,lattice,8,i,img/target_8.png
51,1,74,lattice,6,o,img/target_9.png
51,1,75,lattice,8,i,img/target_8.png
51,1,76,lattice,7,w,img/target_2.png
51,1,77,lattice,9,e,img/target_3.png
51,1,78,lattice,7,w,img/target_2.png
51,1,79,lattice,9,e,img/target_3.png
51,1,80,lattice,1,q,img/target_1.png
51,1,81,lattice,0,p,img/target_10.png
51,1,82,lattice,1,q,img/target_1.png
51,1,83,lattice,9,e,img/target_3.png
51,1,84,lattice,1,q,img/target_1.png
51,1,85,lattice,0,p,img/target_10.png
51,1,86,lattice,2,r,img/target_4.png
51,1,87,lattice,0,p,img/target_10.png
51,1,88,lattice,9,e,img/target_3.png
51,1,89,lattice,7,w,img/target_2.png
51,1,90,lattice,9,e,img/target_3.png
51,1,91,lattice,7,w,img/target_2.png
51,1,92,lattice,5,u,img/target_7.png
51,1,93,lattice,6,o,img/target_9.png
51,1,94,lattice,7,w,img/target_2.png
51,1,95,lattice,9,e,img/target_3.png
51,1,96,lattice,8,i,img/target_8.png
51,1,97,lattice,9,e,img/target_3.png
51,1,98,lattice,0,p,img/target_10.png
51,1,99,lattice,8,i,img/target_8.png
51,1,100,lattice,7,w,img/target_2.png
51,1,101,lattice,9,e,img/target_3.png
51,1,102,lattice,0,p,img/target_10.png
51,1,103,lattice,8,i,img/target_8.png
51,1,104,lattice,6,o,img/target_9.png
51,1,105,lattice,7,w,img/target_2.png
51,1,106,lattice,8,i,img/target_8.png
51,1,107,lattice,6,o,img/target_9.png
51,1,108,lattice,7,w,img/target_2.png
51,1,109,lattice,9,e,img/target_3.png
51,1,110,lattice,7,w,img/target_2.png
51,1,111,lattice,8,i,img/target_8.png
51,1,112,lattice,9,e,img/target_3.png
51,1,113,lattice,7,w,img/target_2.png
51,1,114,lattice,6,o,img/target_9.png
51,1,115,lattice,5,u,img/target_7.png
51,1,116,lattice,4,v,img/target_5.png
51,1,117,lattice,2,r,img/target_4.png
51,1,118,lattice,3,b,img/target_6.png
51,1,119,lattice,4,v,img/target_5.png
51,1,120,lattice,3,b,img/target_6.png
51,1,121,lattice,4,v,img/target_5.png
51,1,122,lattice,3,b,img/target_6.png
51,1,123,lattice,2,r,img/target_4.png
51,1,124,lattice,4,v,img/target_5.png
51,1,125,lattice,6,o,img/target_9.png
51,1,126,lattice,7,w,img/target_2.png
51,1,127,lattice,8,i,img/target_8.png
51,1,128,lattice,9,e,img/target_3.png
51,1,129,lattice,8,i,img/target_8.png
51,1,130,lattice,7,w,img/target_2.png
51,1,131,lattice,8,i,img/target_8.png
51,1,132,lattice,0,p,img/target_10.png
51,1,133,lattice,8,i,img/target_8.png
51,1,134,lattice,0,p,img/target_10.png
51,1,135,lattice,2,r,img/target_4.png
51,1,136,lattice,3,b,img/target_6.png
51,1,137,lattice,4,v,img/target_5.png
51,1,138,lattice,3,b,img/target_6.png
51,1,139,lattice,2,r,img/target_4.png
51,1,140,lattice,4,v,img/target_5.png
51,1,141,lattice,5,u,img/target_7.png
51,1,142,lattice,4,v,img/target_5.png
51,1,143,lattice,2,r,img/target_4.png
51,1,144,lattice,3,b,img/target_6.png
51,1,145,lattice,5,u,img/target_7.png
51,1,146,lattice,7,w,img/target_2.png
51,1,147,lattice,8,i,img/target_8.png
51,1,148,lattice,6,o,img/target_9.png
51,1,149,lattice,5,u,img/target_7.png
51,1,150,lattice,3,b,img/target_6.png
51,1,151,lattice,4,v,img/target_5.png
51,1,152,lattice,3,b,img/target_6.png
51,1,153,lattice,5,u,img/target_7.png
51,1,154,lattice,3,b,img/target_6.png
51,1,155,lattice,4,v,img/target_5.png
51,1,156,lattice,2,r,img/target_4.png
51,1,157,lattice,1,q,img/target_1.png
51,1,158,lattice,9,e,img/target_3.png
51,1,159,lattice,0,p,img/target_10.png
51,1,160,lattice,9,e,img/target_3.png
51,1,161,lattice,8,i,img/target_8.png
51,1,162,lattice,0,p,img/target_10.png
51,1,163,lattice,9,e,img/target_3.png
51,1,164,lattice,7,w,img/target_2.png
51,1,165,lattice,6,o,img/target_9.png
51,1,166,lattice,8,i,img/target_8.png
51,1,167,lattice,9,e,img/target_3.png
51,1,168,lattice,1,q,img/target_1.png
51,1,169,lattice,0,p,img/target_10.png
51,1,170,lattice,9,e,img/target_3.png
51,1,171,lattice,1,q,img/target_1.png
51,1,172,lattice,0,p,img/target_10.png
51,1,173,lattice,1,q,img/target_1.png
51,1,174,lattice,3,b,img/target_6.png
51,1,175,lattice,1,q,img/target_1.png
51,1,176,lattice,3,b,img/target_6.png
51,1,177,lattice,2,r,img/target_4.png
51,1,178,lattice,4,v,img/target_5.png
51,1,179,lattice,3,b,img/target_6.png
51,1,180,lattice,5,u,img/target_7.png
51,1,181,lattice,7,w,img/target_2.png
51,1,182,lattice,8,i,img/target_8.png
51,1,183,lattice,6,o,img/target_9.png
51,1,184,lattice,7,w,img/target_2.png
51,1,185,lattice,6,o,img/target_9.png
51,1,186,lattice,5,u,img/target_7.png
51,1,187,lattice,3,b,img/target_6.png
51,1,188,lattice,5,u,img/target_7.png
51,1,189,lattice,3,b,img/target_6.png
51,1,190,lattice,5,u,img/target_7.png
51,1,191,lattice,4,v,img/target_5.png
51,1,192,lattice,6,o,img/target_9.png
51,1,193,lattice,5,u,img/target_7.png
51,1,194,lattice,6,o,img/target_9.png
51,1,195,lattice,7,w,img/target_2.png
51,1,196,lattice,8,i,img/target_8.png
51,1,197,lattice,6,o,img/target_9.png
51,1,198,lattice,4,v,img/target_5.png
51,1,199,lattice,3,b,img/target_6.png
51,1,200,lattice,2,r,img/target_4.png
51,1,201,lattice,3,b,img/target_6.png
51,1,202,lattice,5,u,img/target_7.png
51,1,203,lattice,3,b,img/target_6.png
51,1,204,lattice,1,q,img/target_1.png
51,1,205,lattice,9,e,img/target_3.png
51,1,206,lattice,1,q,img/target_1.png
51,1,207,lattice,9,e,img/target_3.png
51,1,208,lattice,1,q,img/target_1.png
51,1,209,lattice,0,p,img/target_10.png
51,1,210,lattice,8,i,img/target_8.png
51,1,211,lattice,6,o,img/target_9.png
51,1,212,lattice,4,v,img/target_5.png
51,1,213,lattice,6,o,img/target_9.png
51,1,214,lattice,7,w,img/target_2.png
51,1,215,lattice,9,e,img/target_3.png
51,1,216,lattice,0,p,img/target_10.png
51,1,217,lattice,2,r,img/target_4.png
51,1,218,lattice,0,p,img/target_10.png
51,1,219,lattice,8,i,img/target_8.png
51,1,220,lattice,6,o,img/target_9.png
51,1,221,lattice,5,u,img/target_7.png
51,1,222,lattice,7,w,img/target_2.png
51,1,223,lattice,9,e,img/target_3.png
51,1,224,lattice,0,p,img/target_10.png
51,1,225,lattice,2,r,img/target_4.png
51,1,226,lattice,4,v,img/target_5.png
51,1,227,lattice,6,o,img/target_9.png
51,1,228,lattice,5,u,img/target_7.png
51,1,229,lattice,4,v,img/target_5.png
51,1,230,lattice,6,o,img/target_9.png
51,1,231,lattice,4,v,img/target_5.png
51,1,232,lattice,3,b,img/target_6.png
51,1,233,lattice,5,u,img/target_7.png
51,1,234,lattice,6,o,img/target_9.png
51,1,235,lattice,7,w,img/target_2.png
51,1,236,lattice,8,i,img/target_8.png
51,1,237,lattice,7,w,img/target_2.png
51,1,238,lattice,6,o,img/target_9.png
51,1,239,lattice,4,v,img/target_5.png
51,1,240,lattice,2,r,img/target_4.png
51,1,241,lattice,1,q,img/target_1.png
51,1,242,lattice,3,b,img/target_6.png
51,1,243,lattice,2,r,img/target_4.png
51,1,244,lattice,4,v,img/target_5.png
51,1,245,lattice,2,r,img/target_4.png
51,1,246,lattice,3,b,img/target_6.png
51,1,247,lattice,1,q,img/target_1.png
51,1,248,lattice,0,p,img/target_10.png
51,1,249,lattice,8,i,img/target_8.png
51,1,250,lattice,9,e,img/target_3.png
51,1,251,lattice,0,p,img/target_10.png
51,1,252,lattice,1,q,img/target_1.png
51,1,253,lattice,3,b,img/target_6.png
51,1,254,lattice,2,r,img/target_4.png
51,1,255,lattice,3,b,img/target_6.png
51,1,256,lattice,2,r,img/target_4.png
51,1,257,lattice,1,q,img/target_1.png
51,1,258,lattice,3,b,img/target_6.png
51,1,259,lattice,5,u,img/target_7.png
51,1,260,lattice,6,o,img/target_9.png
51,1,261,lattice,7,w,img/target_2.png
51,1,262,lattice,6,o,img/target_9.png
51,1,263,lattice,7,w,img/target_2.png
51,1,264,lattice,9,e,img/target_3.png
51,1,265,lattice,1,q,img/target_1.png
51,1,266,lattice,0,p,img/target_10.png
51,1,267,lattice,8,i,img/target_8.png
51,1,268,lattice,7,w,img/target_2.png
51,1,269,lattice,8,i,img/target_8.png
51,1,270,lattice,9,e,img/target_3.png
51,1,271,lattice,0,p,img/target_10.png
51,1,272,lattice,9,e,img/target_3.png
51,1,273,lattice,7,w,img/target_2.png
51,1,274,lattice,5,u,img/target_7.png
51,1,275,lattice,3,b,img/target_6.png
51,1,276,lattice,5,u,img/target_7.png
51,1,277,lattice,7,w,img/target_2.png
51,1,278,lattice,5,u,img/target_7.png
51,1,279,lattice,7,w,img/target_2.png
51,1,280,lattice,6,o,img/target_9.png
51,1,281,lattice,4,v,img/target_5.png
51,1,282,lattice,3,b,img/target_6.png
51,1,283,lattice,4,v,img/target_5.png
51,1,284,lattice,5,u,img/target_7.png
51,1,285,lattice,3,b,img/target_6.png
51,1,286,lattice,4,v,img/target_5.png
51,1,287,lattice,6,o,img/target_9.png
51,1,288,lattice,7,w,img/target_2.png
51,1,289,lattice,6,o,img/target_9.png
51,1,290,lattice,8,i,img/target_8.png
51,1,291,lattice,0,p,img/target_10.png
51,1,292,lattice,1,q,img/target_1.png
51,1,293,lattice,3,b,img/target_6.png
51,1,294,lattice,4,v,img/target_5.png
51,1,295,lattice,5,u,img/target_7.png
51,1,296,lattice,3,b,img/target_6.png
51,1,297,lattice,2,r,img/target_4.png
51,1,298,lattice,3,b,img/target_6.png
51,1,299,lattice,1,q,img/target_1.png
51,1,300,lattice,3,b,img/target_6.png
51,1,301,lattice,5,u,img/target_7.png
51,1,302,lattice,7,w,img/target_2.png
51,1,303,lattice,5,u,img/target_7.png
51,1,304,lattice,7,w,img/target_2.png
51,1,305,lattice,8,i,img/target_8.png
51,1,306,lattice,6,o,img/target_9.png
51,1,307,lattice,5,u,img/target_7.png
51,1,308,lattice,3,b,img/target_6.png
51,1,309,lattice,4,v,img/target_5.png
51,1,310,lattice,6,o,img/target_9.png
51,1,311,lattice,8,i,img/target_8.png
51,1,312,lattice,0,p,img/target_10.png
51,1,313,lattice,9,e,img/target_3.png
51,1,314,lattice,1,q,img/target_1.png
51,1,315,lattice,0,p,img/target_10.png
51,1,316,lattice,8,i,img/target_8.png
51,1,317,lattice,6,o,img/target_9.png
51,1,318,lattice,5,u,img/target_7.png
51,1,319,lattice,7,w,img/target_2.png
51,1,320,lattice,9,e,img/target_3.png
51,1,321,lattice,8,i,img/target_8.png
51,1,322,lattice,0,p,img/target_10.png
51,1,323,lattice,1,q,img/target_1.png
51,1,324,lattice,0,p,img/target_10.png
51,1,325,lattice,2,r,img/target_4.png
51,1,326,lattice,4,v,img/target_5.png
51,1,327,lattice,3,b,img/target_6.png
51,1,328,lattice,4,v,img/target_5.png
51,1,329,lattice,6,o,img/target_9.png
51,1,330,lattice,8,i,img/target_8.png
51,1,331,lattice,0,p,img/target_10.png
51,1,332,lattice,2,r,img/target_4.png
51,1,333,lattice,3,b,img/target_6.png
51,1,334,lattice,4,v,img/target_5.png
51,1,335,lattice,3,b,img/target_6.png
51,1,336,lattice,2,r,img/target_4.png
51,1,337,lattice,0,p,img/target_10.png
51,1,338,lattice,2,r,img/target_4.png
51,1,339,lattice,4,v,img/target_5.png
51,1,340,lattice,6,o,img/target_9.png
51,1,341,lattice,4,v,img/target_5.png
51,1,342,lattice,5,u,img/target_7.png
51,1,343,lattice,6,o,img/target_9.png
51,1,344,lattice,4,v,img/target_5.png
51,1,345,lattice,5,u,img/target_7.png
51,1,346,lattice,4,v,img/target_5.png
51,1,347,lattice,5,u,img/target_7.png
51,1,348,lattice,3,b,img/target_6.png
51,1,349,lattice,5,u,img/target_7.png
51,1,350,lattice,6,o,img/target_9.png
51,1,351,lattice,7,w,img/target_2.png
51,1,352,lattice,5,u,img/target_7.png
51,1,353,lattice,3,b,img/target_6.png
51,1,354,lattice,4,v,img/target_5.png
51,1,355,lattice,3,b,img/target_6.png
51,1,356,lattice,1,q,img/target_1.png
51,1,357,lattice,2,r,img/target_4.png
51,1,358,lattice,3,b,img/target_6.png
51,1,359,lattice,2,r,img/target_4.png
51,1,360,lattice,3,b,img/target_6.png
51,1,361,lattice,5,u,img/target_7.png
51,1,362,lattice,3,b,img/target_6.png
51,1,363,lattice,5,u,img/target_7.png
51,1,364,lattice,3,b,img/target_6.png
51,1,365,lattice,4,v,img/target_5.png
51,1,366,lattice,6,o,img/target_9.png
51,1,367,lattice,4,v,img/target_5.png
51,1,368,lattice,3,b,img/target_6.png
51,1,369,lattice,4,v,img/target_5.png
51,1,370,lattice,5,u,img/target_7.png
51,1,371,lattice,3,b,img/target_6.png
51,1,372,lattice,2,r,img/target_4.png
51,1,373,lattice,1,q,img/target_1.png
51,1,374,lattice,0,p,img/target_10.png
51,1,375,lattice,8,i,img/target_8.png
51,1,376,lattice,9,e,img/target_3.png
51,1,377,lattice,0,p,img/target_10.png
51,1,378,lattice,9,e,img/target_3.png
51,1,379,lattice,7,w,img/target_2.png
51,1,380,lattice,8,i,img/target_8.png
51,1,381,lattice,7,w,img/target_2.png
51,1,382,lattice,5,u,img/target_7.png
51,1,383,lattice,7,w,img/target_2.png
51,1,384,lattice,5,u,img/target_7.png
51,1,385,lattice,4,v,img/target_5.png
51,1,386,lattice,5,u,img/target_7.png
51,1,387,lattice,3,b,img/target_6.png
51,1,388,lattice,2,r,img/target_4.png
51,1,389,lattice,0,p,img/target_10.png
51,1,390,lattice,2,r,img/target_4.png
51,1,391,lattice,3,b,img/target_6.png
51,1,392,lattice,1,q,img/target_1.png
51,1,393,lattice,0,p,img/target_10.png
51,1,394,lattice,2,r,img/target_4.png
51,1,395,lattice,3,b,img/target_6.png
51,1,396,lattice,2,r,img/target_4.png
51,1,397,lattice,0,p,img/target_10.png
51,1,398,lattice,8,i,img/target_8.png
51,1,399,lattice,0,p,img/target_10.png
51,1,400,lattice,2,r,img/target_4.png
51,1,401,lattice,1,q,img/target_1.png
51,1,402,lattice,0,p,img/target_10.png
51,1,403,lattice,1,q,img/target_1.png
51,1,404,lattice,0,p,img/target_10.png
51,1,405,lattice,2,r,img/target_4.png
51,1,406,lattice,3,b,img/target_6.png
51,1,407,lattice,1,q,img/target_1.png
51,1,408,lattice,9,e,img/target_3.png
51,1,409,lattice,0,p,img/target_10.png
51,1,410,lattice,2,r,img/target_4.png
51,1,411,lattice,1,q,img/target_1.png
51,1,412,lattice,9,e,img/target_3.png
51,1,413,lattice,7,w,img/target_2.png
51,1,414,lattice,5,u,img/target_7.png
51,1,415,lattice,4,v,img/target_5.png
51,1,416,lattice,5,u,img/target_7.png
51,1,417,lattice,3,b,img/target_6.png
51,1,418,lattice,2,r,img/target_4.png
51,1,419,lattice,1,q,img/target_1.png
51,1,420,lattice,3,b,img/target_6.png
51,1,421,lattice,5,u,img/target_7.png
51,1,422,lattice,3,b,img/target_6.png
51,1,423,lattice,4,v,img/target_5.png
51,1,424,lattice,5,u,img/target_7.png
51,1,425,lattice,4,v,img/target_5.png
51,1,426,lattice,3,b,img/target_6.png
51,1,427,lattice,4,v,img/target_5.png
51,1,428,lattice,6,o,img/target_9.png
51,1,429,lattice,4,v,img/target_5.png
51,1,430,lattice,3,b,img/target_6.png
51,1,431,lattice,2,r,img/target_4.png
51,1,432,lattice,1,q,img/target_1.png
51,1,433,lattice,2,r,img/target_4.png
51,1,434,lattice,3,b,img/target_6.png
51,1,435,lattice,4,v,img/target_5.png
51,1,436,lattice,2,r,img/target_4.png
51,1,437,lattice,4,v,img/target_5.png
51,1,438,lattice,3,b,img/target_6.png
51,1,439,lattice,4,v,img/target_5.png
51,1,440,lattice,2,r,img/target_4.png
51,1,441,lattice,4,v,img/target_5.png
51,1,442,lattice,3,b,img/target_6.png
51,1,443,lattice,1,q,img/target_1.png
51,1,444,lattice,0,p,img/target_10.png
51,1,445,lattice,9,e,img/target_3.png
51,1,446,lattice,7,w,img/target_2.png
51,1,447,lattice,6,o,img/target_9.png
51,1,448,lattice,7,w,img/target_2.png
51,1,449,lattice,5,u,img/target_7.png
51,1,450,lattice,6,o,img/target_9.png
51,1,451,lattice,7,w,img/target_2.png
51,1,452,lattice,9,e,img/target_3.png
51,1,453,lattice,7,w,img/target_2.png
51,1,454,lattice,9,e,img/target_3.png
51,1,455,lattice,8,i,img/target_8.png
51,1,456,lattice,6,o,img/target_9.png
51,1,457,lattice,7,w,img/target_2.png
51,1,458,lattice,8,i,img/target_8.png
51,1,459,lattice,7,w,img/target_2.png
51,1,460,lattice,6,o,img/target_9.png
51,1,461,lattice,4,v,img/target_5.png
51,1,462,lattice,5,u,img/target_7.png
51,1,463,lattice,6,o,img/target_9.png
51,1,464,lattice,8,i,img/target_8.png
51,1,465,lattice,9,e,img/target_3.png
51,1,466,lattice,0,p,img/target_10.png
51,1,467,lattice,1,q,img/target_1.png
51,1,468,lattice,0,p,img/target_10.png
51,1,469,lattice,8,i,img/target_8.png
51,1,470,lattice,6,o,img/target_9.png
51,1,471,lattice,5,u,img/target_7.png
51,1,472,lattice,4,v,img/target_5.png
51,1,473,lattice,2,r,img/target_4.png
51,1,474,lattice,0,p,img/target_10.png
51,1,475,lattice,2,r,img/target_4.png
51,1,476,lattice,4,v,img/target_5.png
51,1,477,lattice,2,r,img/target_4.png
51,1,478,lattice,4,v,img/target_5.png
51,1,479,lattice,2,r,img/target_4.png
51,1,480,lattice,1,q,img/target_1.png
51,1,481,lattice,9,e,img/target_3.png
51,1,482,lattice,7,w,img/target_2.png
51,1,483,lattice,6,o,img/target_9.png
51,1,484,lattice,7,w,img/target_2.png
51,1,485,lattice,9,e,img/target_3.png
51,1,486,lattice,0,p,img/target_10.png
51,1,487,lattice,8,i,img/target_8.png
51,1,488,lattice,6,o,img/target_9.png
51,1,489,lattice,8,i,img/target_8.png
51,1,490,lattice,6,o,img/target_9.png
51,1,491,lattice,5,u,img/target_7.png
51,1,492,lattice,7,w,img/target_2.png
51,1,493,lattice,9,e,img/target_3.png
51,1,494,lattice,8,i,img/target_8.png
51,1,495,lattice,7,w,img/target_2.png
51,1,496,lattice,9,e,img/target_3.png
51,1,497,lattice,8,i,img/target_8.png
51,1,498,lattice,9,e,img/target_3.png
51,1,499,lattice,1,q,img/target_1.png
51,1,500,lattice,3,b,img/target_6.png
51,1,501,lattice,2,r,img/target_4.png
51,1,502,lattice,1,q,img/target_1.png
51,1,503,lattice,9,e,img/target_3.png
51,1,504,lattice,7,w,img/target_2.png
51,1,505,lattice,6,o,img/target_9.png
51,1,506,lattice,4,v,img/target_5.png
51,1,507,lattice,6,o,img/target_9.png
51,1,508,lattice,8,i,img/target_8.png
51,1,509,lattice,6,o,img/target_9.png
51,1,510,lattice,7,w,img/target_2.png
51,1,511,lattice,9,e,img/target_3.png
51,1,512,lattice,8,i,img/target_8.png
51,1,513,lattice,0,p,img/target_10.png
51,1,514,lattice,8,i,img/target_8.png
51,1,515,lattice,0,p,img/target_10.png
51,1,516,lattice,1,q,img/target_1.png
51,1,517,lattice,2,r,img/target_4.png
51,1,518,lattice,1,q,img/target_1.png
51,1,519,lattice,2,r,img/target_4.png
51,1,520,lattice,4,v,img/target_5.png
51,1,521,lattice,3,b,img/target_6.png
51,1,522,lattice,1,q,img/target_1.png
51,1,523,lattice,2,r,img/target_4.png
51,1,524,lattice,3,b,img/target_6.png
51,1,525,lattice,1,q,img/target_1.png
51,1,526,lattice,2,r,img/target_4.png
51,1,527,lattice,4,v,img/target_5.png
51,1,528,lattice,5,u,img/target_7.png
51,1,529,lattice,7,w,img/target_2.png
51,1,530,lattice,5,u,img/target_7.png
51,1,531,lattice,7,w,img/target_2.png
51,1,532,lattice,5,u,img/target_7.png
51,1,533,lattice,7,w,img/target_2.png
51,1,534,lattice,5,u,img/target_7.png
51,1,535,lattice,7,w,img/target_2.png
51,1,536,lattice,8,i,img/target_8.png
51,1,537,lattice,7,w,img/target_2.png
51,1,538,lattice,6,o,img/target_9.png
51,1,539,lattice,8,i,img/target_8.png
51,1,540,lattice,0,p,img/target_10.png
51,1,541,lattice,1,q,img/target_1.png
51,1,542,lattice,0,p,img/target_10.png
51,1,543,lattice,1,q,img/target_1.png
51,1,544,lattice,3,b,img/target_6.png
51,1,545,lattice,5,u,img/target_7.png
51,1,546,lattice,6,o,img/target_9.png
51,1,547,lattice,7,w,img/target_2.png
51,1,548,lattice,9,e,img/target_3.png
51,1,549,lattice,8,i,img/target_8.png
51,1,550,lattice,6,o,img/target_9.png
51,1,551,lattice,4,v,img/target_5.png
51,1,552,lattice,2,r,img/target_4.png
51,1,553,lattice,1,q,img/target_1.png
51,1,554,lattice,9,e,img/target_3.png
51,1,555,lattice,8,i,img/target_8.png
51,1,556,lattice,9,e,img/target_3.png
51,1,557,lattice,7,w,img/target_2.png
51,1,558,lattice,9,e,img/target_3.png
51,1,559,lattice,8,i,img/target_8.png
51,1,560,lattice,9,e,img/target_3.png
51,1,561,lattice,8,i,img/target_8.png
51,1,562,lattice,0,p,img/target_10.png
51,1,563,lattice,1,q,img/target_1.png
51,1,564,lattice,2,r,img/target_4.png
51,1,565,lattice,0,p,img/target_10.png
51,1,566,lattice,2,r,img/target_4.png
51,1,567,lattice,1,q,img/target_1.png
51,1,568,lattice,0,p,img/target_10.png
51,1,569,lattice,9,e,img/target_3.png
51,1,570,lattice,7,w,img/target_2.png
51,1,571,lattice,5,u,img/target_7.png
51,1,572,lattice,4,v,img/target_5.png
51,1,573,lattice,6,o,img/target_9.png
51,1,574,lattice,8,i,img/target_8.png
51,1,575,lattice,7,w,img/target_2.png
51,1,576,lattice,9,e,img/target_3.png
51,1,577,lattice,0,p,img/target_10.png
51,1,578,lattice,8,i,img/target_8.png
51,1,579,lattice,7,w,img/target_2.png
51,1,580,lattice,6,o,img/target_9.png
51,1,581,lattice,7,w,img/target_2.png
51,1,582,lattice,6,o,img/target_9.png
51,1,583,lattice,7,w,img/target_2.png
51,1,584,lattice,5,u,img/target_7.png
51,1,585,lattice,7,w,img/target_2.png
51,1,586,lattice,8,i,img/target_8.png
51,1,587,lattice,6,o,img/target_9.png
51,1,588,lattice,5,u,img/target_7.png
51,1,589,lattice,4,v,img/target_5.png
51,1,590,lattice,2,r,img/target_4.png
51,1,591,lattice,4,v,img/target_5.png
51,1,592,lattice,5,u,img/target_7.png
51,1,593,lattice,7,w,img/target_2.png
51,1,594,lattice,6,o,img/target_9.png
51,1,595,lattice,4,v,img/target_5.png
51,1,596,lattice,6,o,img/target_9.png
51,1,597,lattice,8,i,img/target_8.png
51,1,598,lattice,0,p,img/target_10.png
51,1,599,lattice,9,e,img/target_3.png
51,1,600,lattice,1,q,img/target_1.png
51,1,601,lattice,2,r,img/target_4.png
51,1,602,lattice,0,p,img/target_10.png
51,1,603,lattice,8,i,img/target_8.png
51,1,604,lattice,9,e,img/target_3.png
51,1,605,lattice,1,q,img/target_1.png
51,1,606,lattice,0,p,img/target_10.png
51,1,607,lattice,2,r,img/target_4.png
51,1,608,lattice,0,p,img/target_10.png
51,1,609,lattice,8,i,img/target_8.png
51,1,610,lattice,9,e,img/target_3.png
51,1,611,lattice,8,i,img/target_8.png
51,1,612,lattice,0,p,img/target_10.png
51,1,613,lattice,1,q,img/target_1.png
51,1,614,lattice,3,b,img/target_6.png
51,1,615,lattice,2,r,img/target_4.png
51,1,616,lattice,1,q,img/target_1.png
51,1,617,lattice,2,r,img/target_4.png
51,1,618,lattice,1,q,img/target_1.png
51,1,619,lattice,3,b,img/target_6.png
51,1,620,lattice,2,r,img/target_4.png
51,1,621,lattice,3,b,img/target_6.png
51,1,622,lattice,5,u,img/target_7.png
51,1,623,lattice,6,o,img/target_9.png
51,1,624,lattice,4,v,img/target_5.png
51,1,625,lattice,2,r,img/target_4.png
51,1,626,lattice,3,b,img/target_6.png
51,1,627,lattice,4,v,img/target_5.png
51,1,628,lattice,5,u,img/target_7.png
51,1,629,lattice,7,w,img/target_2.png
51,1,630,lattice,6,o,img/target_9.png
51,1,631,lattice,8,i,img/target_8.png
51,1,632,lattice,9,e,img/target_3.png
51,1,633,lattice,1,q,img/target_1.png
51,1,634,lattice,0,p,img/target_10.png
51,1,635,lattice,2,r,img/target_4.png
51,1,636,lattice,3,b,img/target_6.png
51,1,637,lattice,4,v,img/target_5.png
51,1,638,lattice,3,b,img/target_6.png
51,1,639,lattice,2,r,img/target_4.png
51,1,640,lattice,0,p,img/target_10.png
51,1,641,lattice,1,q,img/target_1.png
51,1,642,lattice,9,e,img/target_3.png
51,1,643,lattice,7,w,img/target_2.png
51,1,644,lattice,8,i,img/target_8.png
51,1,645,lattice,6,o,img/target_9.png
51,1,646,lattice,5,u,img/target_7.png
51,1,647,lattice,4,v,img/target_5.png
51,1,648,lattice,5,u,img/target_7.png
51,1,649,lattice,4,v,img/target_5.png
51,1,650,lattice,5,u,img/target_7.png
51,1,651,lattice,6,o,img/target_9.png
51,1,652,lattice,4,v,img/target_5.png
51,1,653,lattice,6,o,img/target_9.png
51,1,654,lattice,7,w,img/target_2.png
51,1,655,lattice,5,u,img/target_7.png
51,1,656,lattice,4,v,img/target_5.png
51,1,657,lattice,6,o,img/target_9.png
51,1,658,lattice,4,v,img/target_5.png
51,1,659,lattice,3,b,img/target_6.png
51,1,660,lattice,1,q,img/target_1.png
51,1,661,lattice,2,r,img/target_4.png
51,1,662,lattice,0,p,img/target_10.png
51,1,663,lattice,8,i,img/target_8.png
51,1,664,lattice,7,w,img/target_2.png
51,1,665,lattice,6,o,img/target_9.png
51,1,666,lattice,8,i,img/target_8.png
51,1,667,lattice,0,p,img/target_10.png
51,1,668,lattice,8,i,img/target_8.png
51,1,669,lattice,6,o,img/target_9.png
51,1,670,lattice,5,u,img/target_7.png
51,1,671,lattice,3,b,img/target_6.png
51,1,672,lattice,5,u,img/target_7.png
51,1,673,lattice,4,v,img/target_5.png
51,1,674,lattice,5,u,img/target_7.png
51,1,675,lattice,4,v,img/target_5.png
51,1,676,lattice,5,u,img/target_7.png
51,1,677,lattice,3,b,img/target_6.png
51,1,678,lattice,5,u,img/target_7.png
51,1,679,lattice,6,o,img/target_9.png
51,1,680,lattice,5,u,img/target_7.png
51,1,681,lattice,4,v,img/target_5.png
51,1,682,lattice,2,r,img/target_4.png
51,1,683,lattice,3,b,img/target_6.png
51,1,684,lattice,1,q,img/target_1.png
51,1,685,lattice,2,r,img/target_4.png
51,1,686,lattice,3,b,img/target_6.png
51,1,687,lattice,2,r,img/target_4.png
51,1,688,lattice,3,b,img/target_6.png
51,1,689,lattice,1,q,img/target_1.png
51,1,690,lattice,0,p,img/target_10.png
51,1,691,lattice,1,q,img/target_1.png
51,1,692,lattice,0,p,img/target_10.png
51,1,693,lattice,9,e,img/target_3.png
51,1,694,lattice,7,w,img/target_2.png
51,1,695,lattice,6,o,img/target_9.png
51,1,696,lattice,7,w,img/target_2.png
51,1,697,lattice,8,i,img/target_8.png
51,1,698,lattice,6,o,img/target_9.png
51,1,699,lattice,8,i,img/target_8.png
51,1,700,lattice,7,w,img/target_2.png
51,1,701,lattice,5,u,img/target_7.png
51,1,702,lattice,4,v,img/target_5.png
51,1,703,lattice,6,o,img/target_9.png
51,1,704,lattice,8,i,img/target_8.png
51,1,705,lattice,7,w,img/target_2.png
51,1,706,lattice,6,o,img/target_9.png
51,1,707,lattice,5,u,img/target_7.png
51,1,708,lattice,4,v,img/target_5.png
51,1,709,lattice,2,r,img/target_4.png
51,1,710,lattice,4,v,img/target_5.png
51,1,711,lattice,6,o,img/target_9.png
51,1,712,lattice,5,u,img/target_7.png
51,1,713,lattice,6,o,img/target_9.png
51,1,714,lattice,7,w,img/target_2.png
51,1,715,lattice,8,i,img/target_8.png
51,1,716,lattice,6,o,img/target_9.png
51,1,717,lattice,7,w,img/target_2.png
51,1,718,lattice,8,i,img/target_8.png
51,1,719,lattice,6,o,img/target_9.png
51,1,720,lattice,8,i,img/target_8.png
51,1,721,lattice,6,o,img/target_9.png
51,1,722,lattice,7,w,img/target_2.png
51,1,723,lattice,6,o,img/target_9.png
51,1,724,lattice,7,w,img/target_2.png
51,1,725,lattice,8,i,img/target_8.png
51,1,726,lattice,7,w,img/target_2.png
51,1,727,lattice,6,o,img/target_9.png
51,1,728,lattice,8,i,img/target_8.png
51,1,729,lattice,6,o,img/target_9.png
51,1,730,lattice,4,v,img/target_5.png
51,1,731,lattice,5,u,img/target_7.png
51,1,732,lattice,3,b,img/target_6.png
51,1,733,lattice,1,q,img/target_1.png
51,1,734,lattice,9,e,img/target_3.png
51,1,735,lattice,7,w,img/target_2.png
51,1,736,lattice,8,i,img/target_8.png
51,1,737,lattice,6,o,img/target_9.png
51,1,738,lattice,7,w,img/target_2.png
51,1,739,lattice,5,u,img/target_7.png
51,1,740,lattice,7,w,img/target_2.png
51,1,741,lattice,8,i,img/target_8.png
51,1,742,lattice,9,e,img/target_3.png
51,1,743,lattice,7,w,img/target_2.png
51,1,744,lattice,8,i,img/target_8.png
51,1,745,lattice,9,e,img/target_3.png
51,1,746,lattice,1,q,img/target_1.png
51,1,747,lattice,0,p,img/target_10.png
51,1,748,lattice,8,i,img/target_8.png
51,1,749,lattice,9,e,img/target_3.png
51,1,750,lattice,8,i,img/target_8.png
51,1,751,lattice,9,e,img/target_3.png
51,1,752,lattice,7,w,img/target_2.png
51,1,753,lattice,6,o,img/target_9.png
51,1,754,lattice,4,v,img/target_5.png
51,1,755,lattice,6,o,img/target_9.png
51,1,756,lattice,4,v,img/target_5.png
51,1,757,lattice,5,u,img/target_7.png
51,1,758,lattice,4,v,img/target_5.png
51,1,759,lattice,6,o,img/target_9.png
51,1,760,lattice,5,u,img/target_7.png
51,1,761,lattice,4,v,img/target_5.png
51,1,762,lattice,5,u,img/target_7.png
51,1,763,lattice,7,w,img/target_2.png
51,1,764,lattice,5,u,img/target_7.png
51,1,765,lattice,3,b,img/target_6.png
51,1,766,lattice,2,r,img/target_4.png
51,1,767,lattice,3,b,img/target_6.png
51,1,768,lattice,1,q,img/target_1.png
51,1,769,lattice,3,b,img/target_6.png
51,1,770,lattice,4,v,img/target_5.png
51,1,771,lattice,5,u,img/target_7.png
51,1,772,lattice,4,v,img/target_5.png
51,1,773,lattice,5,u,img/target_7.png
51,1,774,lattice,7,w,img/target_2.png
51,1,775,lattice,5,u,img/target_7.png
51,1,776,lattice,4,v,img/target_5.png
51,1,777,lattice,5,u,img/target_7.png
51,1,778,lattice,3,b,img/target_6.png
51,1,779,lattice,1,q,img/target_1.png
51,1,780,lattice,3,b,img/target_6.png
51,1,781,lattice,4,v,img/target_5.png
51,1,782,lattice,6,o,img/target_9.png
51,1,783,lattice,4,v,img/target_5.png
51,1,784,lattice,2,r,img/target_4.png
51,1,785,lattice,4,v,img/target_5.png
51,1,786,lattice,2,r,img/target_4.png
51,1,787,lattice,4,v,img/target_5.png
51,1,788,lattice,2,r,img/target_4.png
51,1,789,lattice,4,v,img/target_5.png
51,1,790,lattice,6,o,img/target_9.png
51,1,791,lattice,4,v,img/target_5.png
51,1,792,lattice,5,u,img/target_7.png
51,1,793,lattice,4,v,img/target_5.png
51,1,794,lattice,6,o,img/target_9.png
51,1,795,lattice,7,w,img/target_2.png
51,1,796,lattice,9,e,img/target_3.png
51,1,797,lattice,1,q,img/target_1.png
51,1,798,lattice,2,r,img/target_4.png
51,1,799,lattice,0,p,img/target_10.png
51,1,800,lattice,1,q,img/target_1.png
51,1,801,lattice,0,p,img/target_10.png
51,1,802,lattice,1,q,img/target_1.png
51,1,803,lattice,0,p,img/target_10.png
51,1,804,lattice,8,i,img/target_8.png
51,1,805,lattice,7,w,img/target_2.png
51,1,806,lattice,6,o,img/target_9.png
51,1,807,lattice,8,i,img/target_8.png
51,1,808,lattice,7,w,img/target_2.png
51,1,809,lattice,6,o,img/target_9.png
51,1,810,lattice,4,v,img/target_5.png
51,1,811,lattice,6,o,img/target_9.png
51,1,812,lattice,8,i,img/target_8.png
51,1,813,lattice,0,p,img/target_10.png
51,1,814,lattice,2,r,img/target_4.png
51,1,815,lattice,4,v,img/target_5.png
51,1,816,lattice,2,r,img/target_4.png
51,1,817,lattice,0,p,img/target_10.png
51,1,818,lattice,8,i,img/target_8.png
51,1,819,lattice,9,e,img/target_3.png
51,1,820,lattice,0,p,img/target_10.png
51,1,821,lattice,9,e,img/target_3.png
51,1,822,lattice,0,p,img/target_10.png
51,1,823,lattice,2,r,img/target_4.png
51,1,824,lattice,1,q,img/target_1.png
51,1,825,lattice,9,e,img/target_3.png
51,1,826,lattice,8,i,img/target_8.png
51,1,827,lattice,0,p,img/target_10.png
51,1,828,lattice,1,q,img/target_1.png
51,1,829,lattice,2,r,img/target_4.png
51,1,830,lattice,0,p,img/target_10.png
51,1,831,lattice,8,i,img/target_8.png
51,1,832,lattice,7,w,img/target_2.png
51,1,833,lattice,8,i,img/target_8.png
51,1,834,lattice,0,p,img/target_10.png
51,1,835,lattice,1,q,img/target_1.png
51,1,836,lattice,9,e,img/target_3.png
51,1,837,lattice,1,q,img/target_1.png
51,1,838,lattice,9,e,img/target_3.png
51,1,839,lattice,0,p,img/target_10.png
51,1,840,lattice,9,e,img/target_3.png
51,1,841,lattice,8,i,img/target_8.png
51,1,842,lattice,0,p,img/target_10.png
51,1,843,lattice,9,e,img/target_3.png
51,1,844,lattice,7,w,img/target_2.png
51,1,845,lattice,6,o,img/target_9.png
51,1,846,lattice,4,v,img/target_5.png
51,1,847,lattice,6,o,img/target_9.png
51,1,848,lattice,7,w,img/target_2.png
51,1,849,lattice,6,o,img/target_9.png
51,1,850,lattice,7,w,img/target_2.png
51,1,851,lattice,5,u,img/target_7.png
51,1,852,lattice,7,w,img/target_2.png
51,1,853,lattice,9,e,img/target_3.png
51,1,854,lattice,0,p,img/target_10.png
51,1,855,lattice,1,q,img/target_1.png
51,1,856,lattice,3,b,img/target_6.png
51,1,857,lattice,4,v,img/target_5.png
51,1,858,lattice,2,r,img/target_4.png
51,1,859,lattice,3,b,img/target_6.png
51,1,860,lattice,4,v,img/target_5.png
51,1,861,lattice,3,b,img/target_6.png
51,1,862,lattice,5,u,img/target_7.png
51,1,863,lattice,4,v,img/target_5.png
51,1,864,lattice,2,r,img/target_4.png
51,1,865,lattice,1,q,img/target_1.png
51,1,866,lattice,0,p,img/target_10.png
51,1,867,lattice,9,e,img/target_3.png
51,1,868,lattice,7,w,img/target_2.png
51,1,869,lattice,6,o,img/target_9.png
51,1,870,lattice,8,i,img/target_8.png
51,1,871,lattice,0,p,img/target_10.png
51,1,872,lattice,2,r,img/target_4.png
51,1,873,lattice,3,b,img/target_6.png
51,1,874,lattice,1,q,img/target_1.png
51,1,875,lattice,2,r,img/target_4.png
51,1,876,lattice,4,v,img/target_5.png
51,1,877,lattice,5,u,img/target_7.png
51,1,878,lattice,3,b,img/target_6.png
51,1,879,lattice,5,u,img/target_7.png
51,1,880,lattice,6,o,img/target_9.png
51,1,881,lattice,7,w,img/target_2.png
51,1,882,lattice,6,o,img/target_9.png
51,1,883,lattice,7,w,img/target_2.png
51,1,884,lattice,6,o,img/target_9.png
51,1,885,lattice,5,u,img/target_7.png
51,1,886,lattice,3,b,img/target_6.png
51,1,887,lattice,1,q,img/target_1.png
51,1,888,lattice,3,b,img/target_6.png
51,1,889,lattice,4,v,img/target_5.png
51,1,890,lattice,3,b,img/target_6.png
51,1,891,lattice,2,r,img/target_4.png
51,1,892,lattice,3,b,img/target_6.png
51,1,893,lattice,4,v,img/target_5.png
51,1,894,lattice,5,u,img/target_7.png
51,1,895,lattice,3,b,img/target_6.png
51,1,896,lattice,2,r,img/target_4.png
51,1,897,lattice,1,q,img/target_1.png
51,1,898,lattice,0,p,img/target_10.png
51,1,899,lattice,8,i,img/target_8.png
51,1,900,lattice,7,w,img/target_2.png
51,1,901,lattice,9,e,img/target_3.png
51,1,902,lattice,1,q,img/target_1.png
51,1,903,lattice,0,p,img/target_10.png
51,1,904,lattice,2,r,img/target_4.png
51,1,905,lattice,4,v,img/target_5.png
51,1,906,lattice,2,r,img/target_4.png
51,1,907,lattice,0,p,img/target_10.png
51,1,908,lattice,1,q,img/target_1.png
51,1,909,lattice,2,r,img/target_4.png
51,1,910,lattice,4,v,img/target_5.png
51,1,911,lattice,2,r,img/target_4.png
51,1,912,lattice,3,b,img/target_6.png
51,1,913,lattice,2,r,img/target_4.png
51,1,914,lattice,4,v,img/target_5.png
51,1,915,lattice,3,b,img/target_6.png
51,1,916,lattice,1,q,img/target_1.png
51,1,917,lattice,9,e,img/target_3.png
51,1,918,lattice,8,i,img/target_8.png
51,1,919,lattice,6,o,img/target_9.png
51,1,920,lattice,7,w,img/target_2.png
51,1,921,lattice,5,u,img/target_7.png
51,1,922,lattice,4,v,img/target_5.png
51,1,923,lattice,3,b,img/target_6.png
51,1,924,lattice,5,u,img/target_7.png
51,1,925,lattice,7,w,img/target_2.png
51,1,926,lattice,8,i,img/target_8.png
51,1,927,lattice,7,w,img/target_2.png
51,1,928,lattice,9,e,img/target_3.png
51,1,929,lattice,0,p,img/target_10.png
51,1,930,lattice,1,q,img/target_1.png
51,1,931,lattice,0,p,img/target_10.png
51,1,932,lattice,8,i,img/target_8.png
51,1,933,lattice,0,p,img/target_10.png
51,1,934,lattice,2,r,img/target_4.png
51,1,935,lattice,4,v,img/target_5.png
51,1,936,lattice,6,o,img/target_9.png
51,1,937,lattice,5,u,img/target_7.png
51,1,938,lattice,3,b,img/target_6.png
51,1,939,lattice,5,u,img/target_7.png
51,1,940,lattice,3,b,img/target_6.png
51,1,941,lattice,5,u,img/target_7.png
51,1,942,lattice,3,b,img/target_6.png
51,1,943,lattice,2,r,img/target_4.png
51,1,944,lattice,4,v,img/target_5.png
51,1,945,lattice,5,u,img/target_7.png
51,1,946,lattice,6,o,img/target_9.png
51,1,947,lattice,5,u,img/target_7.png
51,1,948,lattice,6,o,img/target_9.png
51,1,949,lattice,8,i,img/target_8.png
51,1,950,lattice,9,e,img/target_3.png
51,1,951,lattice,8,i,img/target_8.png
51,1,952,lattice,0,p,img/target_10.png
51,1,953,lattice,9,e,img/target_3.png
51,1,954,lattice,7,w,img/target_2.png
51,1,955,lattice,8,i,img/target_8.png
51,1,956,lattice,6,o,img/target_9.png
51,1,957,lattice,8,i,img/target_8.png
51,1,958,lattice,7,w,img/target_2.png
51,1,959,lattice,9,e,img/target_3.png
51,1,960,lattice,1,q,img/target_1.png
51,1,961,lattice,0,p,img/target_10.png
51,1,962,lattice,1,q,img/target_1.png
51,1,963,lattice,0,p,img/target_10.png
51,1,964,lattice,9,e,img/target_3.png
51,1,965,lattice,1,q,img/target_1.png
51,1,966,lattice,0,p,img/target_10.png
51,1,967,lattice,2,r,img/target_4.png
51,1,968,lattice,1,q,img/target_1.png
51,1,969,lattice,9,e,img/target_3.png
51,1,970,lattice,8,i,img/target_8.png
51,1,971,lattice,9,e,img/target_3.png
51,1,972,lattice,1,q,img/target_1.png
51,1,973,lattice,0,p,img/target_10.png
51,1,974,lattice,9,e,img/target_3.png
51,1,975,lattice,0,p,img/target_10.png
51,1,976,lattice,9,e,img/target_3.png
51,1,977,lattice,1,q,img/target_1.png
51,1,978,lattice,2,r,img/target_4.png
51,1,979,lattice,0,p,img/target_10.png
51,1,980,lattice,1,q,img/target_1.png
51,1,981,lattice,3,b,img/target_6.png
51,1,982,lattice,5,u,img/target_7.png
51,1,983,lattice,7,w,img/target_2.png
51,1,984,lattice,8,i,img/target_8.png
51,1,985,lattice,7,w,img/target_2.png
51,1,986,lattice,5,u,img/target_7.png
51,1,987,lattice,4,v,img/target_5.png
51,1,988,lattice,6,o,img/target_9.png
51,1,989,lattice,7,w,img/target_2.png
51,1,990,lattice,5,u,img/target_7.png
51,1,991,lattice,3,b,img/target_6.png
51,1,992,lattice,5,u,img/target_7.png
51,1,993,lattice,6,o,img/target_9.png
51,1,994,lattice,7,w,img/target_2.png
51,1,995,lattice,6,o,img/target_9.png
51,1,996,lattice,4,v,img/target_5.png
51,1,997,lattice,2,r,img/target_4.png
51,1,998,lattice,4,v,img/target_5.png
51,1,999,lattice,2,r,img/target_4.png
51,1,1000,lattice,4,v,img/target_5.png
