pID,sess,trialNum,graph,walk,resp,path
51,3,1,lattice,1,q,img/target_1.png
51,3,2,lattice,0,p,img/target_10.png
51,3,3,lattice,9,e,img/target_3.png
51,3,4,lattice,7,w,img/target_2.png
51,3,5,lattice,6,o,img/target_9.png
51,3,6,lattice,7,w,img/target_2.png
51,3,7,lattice,5,u,img/target_7.png
51,3,8,lattice,4,v,img/target_5.png
51,3,9,lattice,6,o,img/target_9.png
51,3,10,lattice,8,i,img/target_8.png
51,3,11,lattice,0,p,img/target_10.png
51,3,12,lattice,1,q,img/target_1.png
51,3,13,lattice,2,r,img/target_4.png
51,3,14,lattice,1,q,img/target_1.png
51,3,15,lattice,2,r,img/target_4.png
51,3,16,lattice,3,b,img/target_6.png
51,3,17,lattice,4,v,img/target_5.png
51,3,18,lattice,3,b,img/target_6.png
51,3,19,lattice,1,q,img/target_1.png
51,3,20,lattice,9,e,img/target_3.png
51,3,21,lattice,8,i,img/target_8.png
51,3,22,lattice,7,w,img/target_2.png
51,3,23,lattice,5,u,img/target_7.png
51,3,24,lattice,6,o,img/target_9.png
51,3,25,lattice,8,i,img/target_8.png
51,3,26,lattice,7,w,img/target_2.png
51,3,27,lattice,6,o,img/target_9.png
51,3,28,lattice,7,w,img/target_2.png
51,3,29,lattice,5,u,img/target_7.png
51,3,30,lattice,3,b,img/target_6.png
51,3,31,lattice,4,v,img/target_5.png
51,3,32,lattice,3,b,img/target_6.png
51,3,33,lattice,1,q,img/target_1.png
51,3,34,lattice,2,r,img/target_4.png
51,3,35,lattice,1,q,img/target_1.png
51,3,36,lattice,2,r,img/target_4.png
51,3,37,lattice,1,q,img/target_1.png
51,3,38,lattice,0,p,img/target_10.png
51,3,39,lattice,9,e,img/target_3.png
51,3,40,lattice,7,w,img/target_2.png
51,3,41,lattice,8,i,img/target_8.png
51,3,42,lattice,0,p,img/target_10.png
51,3,43,lattice,9,e,img/target_3.png
51,3,44,lattice,8,i,img/target_8.png
51,3,45,lattice,6,o,img/target_9.png
51,3,46,lattice,8,i,img/target_8.png
51,3,47,lattice,6,o,img/target_9.png
51,3,48,lattice,8,i,img/target_8.png
51,3,49,lattice,7,w,img/target_2.png
51,3,50,lattice,9,e,img/target_3.png
51,3,51,lattice,0,p,img/target_10.png
51,3,52,lattice,1,q,img/target_1.png
51,3,53,lattice,2,r,img/target_4.png
51,3,54,lattice,3,b,img/target_6.png
51,3,55,lattice,4,v,img/target_5.png
51,3,56,lattice,6,o,img/target_9.png
51,3,57,lattice,7,w,img/target_2.png
51,3,58,lattice,6,o,img/target_9.png
51,3,59,lattice,8,i,img/target_8.png
51,3,60,lattice,9,e,img/target_3.png
51,3,61,lattice,7,w,img/target_2.png
51,3,62,lattice,6,o,img/target_9.png
51,3,63,lattice,7,w,img/target_2.png
51,3,64,lattice,5,u,img/target_7.png
51,3,65,lattice,3,b,img/target_6.png
51,3,66,lattice,2,r,img/target_4.png
51,3,67,lattice,4,v,img/target_5.png
51,3,68,lattice,6,o,img/target_9.png
51,3,69,lattice,5,u,img/target_7.png
51,3,70,lattice,3,b,img/target_6.png
51,3,71,lattice,1,q,img/target_1.png
51,3,72,lattice,9,e,img/target_3.png
51,3,73,lattice,8,i,img/target_8.png
51,3,74,lattice,0,p,img/target_10.png
51,3,75,lattice,1,q,img/target_1.png
51,3,76,lattice,9,e,img/target_3.png
51,3,77,lattice,1,q,img/target_1.png
51,3,78,lattice,0,p,img/target_10.png
51,3,79,lattice,8,i,img/target_8.png
51,3,80,lattice,0,p,img/target_10.png
51,3,81,lattice,9,e,img/target_3.png
51,3,82,lattice,1,q,img/target_1.png
51,3,83,lattice,9,e,img/target_3.png
51,3,84,lattice,8,i,img/target_8.png
51,3,85,lattice,7,w,img/target_2.png
51,3,86,lattice,8,i,img/target_8.png
51,3,87,lattice,6,o,img/target_9.png
51,3,88,lattice,5,u,img/target_7.png
51,3,89,lattice,6,o,img/target_9.png
51,3,90,lattice,7,w,img/target_2.png
51,3,91,lattice,5,u,img/target_7.png
51,3,92,lattice,6,o,img/target_9.png
51,3,93,lattice,7,w,img/target_2.png
51,3,94,lattice,8,i,img/target_8.png
51,3,95,lattice,7,w,img/target_2.png
51,3,96,lattice,6,o,img/target_9.png
51,3,97,lattice,4,v,img/target_5.png
51,3,98,lattice,5,u,img/target_7.png
51,3,99,lattice,7,w,img/target_2.png
51,3,100,lattice,6,o,img/target_9.png
51,3,101,lattice,5,u,img/target_7.png
51,3,102,lattice,7,w,img/target_2.png
51,3,103,lattice,9,e,img/target_3.png
51,3,104,lattice,0,p,img/target_10.png
51,3,105,lattice,1,q,img/target_1.png
51,3,106,lattice,3,b,img/target_6.png
51,3,107,lattice,5,u,img/target_7.png
51,3,108,lattice,6,o,img/target_9.png
51,3,109,lattice,4,v,img/target_5.png
51,3,110,lattice,5,u,img/target_7.png
51,3,111,lattice,4,v,img/target_5.png
51,3,112,lattice,3,b,img/target_6.png
51,3,113,lattice,2,r,img/target_4.png
51,3,114,lattice,0,p,img/target_10.png
51,3,115,lattice,8,i,img/target_8.png
51,3,116,lattice,7,w,img/target_2.png
51,3,117,lattice,6,o,img/target_9.png
51,3,118,lattice,8,i,img/target_8.png
51,3,119,lattice,6,o,img/target_9.png
51,3,120,lattice,8,i,img/target_8.png
51,3,121,lattice,0,p,img/target_10.png
51,3,122,lattice,9,e,img/target_3.png
51,3,123,lattice,1,q,img/target_1.png
51,3,124,lattice,9,e,img/target_3.png
51,3,125,lattice,7,w,img/target_2.png
51,3,126,lattice,5,u,img/target_7.png
51,3,127,lattice,3,b,img/target_6.png
51,3,128,lattice,4,v,img/target_5.png
51,3,129,lattice,5,u,img/target_7.png
51,3,130,lattice,6,o,img/target_9.png
51,3,131,lattice,4,v,img/target_5.png
51,3,132,lattice,6,o,img/target_9.png
51,3,133,lattice,5,u,img/target_7.png
51,3,134,lattice,4,v,img/target_5.png
51,3,135,lattice,5,u,img/target_7.png
51,3,136,lattice,7,w,img/target_2.png
51,3,137,lattice,8,i,img/target_8.png
51,3,138,lattice,7,w,img/target_2.png
51,3,139,lattice,9,e,img/target_3.png
51,3,140,lattice,8,i,img/target_8.png
51,3,141,lattice,0,p,img/target_10.png
51,3,142,lattice,2,r,img/target_4.png
51,3,143,lattice,0,p,img/target_10.png
51,3,144,lattice,9,e,img/target_3.png
51,3,145,lattice,1,q,img/target_1.png
51,3,146,lattice,0,p,img/target_10.png
51,3,147,lattice,2,r,img/target_4.png
51,3,148,lattice,4,v,img/target_5.png
51,3,149,lattice,5,u,img/target_7.png
51,3,150,lattice,7,w,img/target_2.png
51,3,151,lattice,6,o,img/target_9.png
51,3,152,lattice,7,w,img/target_2.png
51,3,153,lattice,9,e,img/target_3.png
51,3,154,lattice,1,q,img/target_1.png
51,3,155,lattice,3,b,img/target_6.png
51,3,156,lattice,4,v,img/target_5.png
51,3,157,lattice,2,r,img/target_4.png
51,3,158,lattice,4,v,img/target_5.png
51,3,159,lattice,6,o,img/target_9.png
51,3,160,lattice,4,v,img/target_5.png
51,3,161,lattice,6,o,img/target_9.png
51,3,162,lattice,5,u,img/target_7.png
51,3,163,lattice,7,w,img/target_2.png
51,3,164,lattice,8,i,img/target_8.png
51,3,165,lattice,9,e,img/target_3.png
51,3,166,lattice,7,w,img/target_2.png
51,3,167,lattice,5,u,img/target_7.png
51,3,168,lattice,4,v,img/target_5.png
51,3,169,lattice,2,r,img/target_4.png
51,3,170,lattice,3,b,img/target_6.png
51,3,171,lattice,4,v,img/target_5.png
51,3,172,lattice,5,u,img/target_7.png
51,3,173,lattice,7,w,img/target_2.png
51,3,174,lattice,8,i,img/target_8.png
51,3,175,lattice,0,p,img/target_10.png
51,3,176,lattice,1,q,img/target_1.png
51,3,177,lattice,2,r,img/target_4.png
51,3,178,lattice,4,v,img/target_5.png
51,3,179,lattice,5,u,img/target_7.png
51,3,180,lattice,4,v,img/target_5.png
51,3,181,lattice,6,o,img/target_9.png
51,3,182,lattice,5,u,img/target_7.png
51,3,183,lattice,4,v,img/target_5.png
51,3,184,lattice,5,u,img/target_7.png
51,3,185,lattice,7,w,img/target_2.png
51,3,186,lattice,9,e,img/target_3.png
51,3,187,lattice,8,i,img/target_8.png
51,3,188,lattice,9,e,img/target_3.png
51,3,189,lattice,7,w,img/target_2.png
51,3,190,lattice,9,e,img/target_3.png
51,3,191,lattice,7,w,img/target_2.png
51,3,192,lattice,8,i,img/target_8.png
51,3,193,lattice,7,w,img/target_2.png
51,3,194,lattice,6,o,img/target_9.png
51,3,195,lattice,7,w,img/target_2.png
51,3,196,lattice,8,i,img/target_8.png
51,3,197,lattice,6,o,img/target_9.png
51,3,198,lattice,5,u,img/target_7.png
51,3,199,lattice,4,v,img/target_5.png
51,3,200,lattice,2,r,img/target_4.png
51,3,201,lattice,3,b,img/target_6.png
51,3,202,lattice,2,r,img/target_4.png
51,3,203,lattice,3,b,img/target_6.png
51,3,204,lattice,4,v,img/target_5.png
51,3,205,lattice,2,r,img/target_4.png
51,3,206,lattice,1,q,img/target_1.png
51,3,207,lattice,9,e,img/target_3.png
51,3,208,lattice,1,q,img/target_1.png
51,3,209,lattice,9,e,img/target_3.png
51,3,210,lattice,0,p,img/target_10.png
51,3,211,lattice,1,q,img/target_1.png
51,3,212,lattice,0,p,img/target_10.png
51,3,213,lattice,8,i,img/target_8.png
51,3,214,lattice,7,w,img/target_2.png
51,3,215,lattice,6,o,img/target_9.png
51,3,216,lattice,7,w,img/target_2.png
51,3,217,lattice,5,u,img/target_7.png
51,3,218,lattice,4,v,img/target_5.png
51,3,219,lattice,5,u,img/target_7.png
51,3,220,lattice,3,b,img/target_6.png
51,3,221,lattice,5,u,img/target_7.png
51,3,222,lattice,4,v,img/target_5.png
51,3,223,lattice,6,o,img/target_9.png
51,3,224,lattice,5,u,img/target_7.png
51,3,225,lattice,4,v,img/target_5.png
51,3,226,lattice,3,b,img/target_6.png
51,3,227,lattice,1,q,img/target_1.png
51,3,228,lattice,0,p,img/target_10.png
51,3,229,lattice,1,q,img/target_1.png
51,3,230,lattice,3,b,img/target_6.png
51,3,231,lattice,5,u,img/target_7.png
51,3,232,lattice,7,w,img/target_2.png
51,3,233,lattice,8,i,img/target_8.png
51,3,234,lattice,7,w,img/target_2.png
51,3,235,lattice,9,e,img/target_3.png
51,3,236,lattice,0,p,img/target_10.png
51,3,237,lattice,8,i,img/target_8.png
51,3,238,lattice,0,p,img/target_10.png
51,3,239,lattice,8,i,img/target_8.png
51,3,240,lattice,9,e,img/target_3.png
51,3,241,lattice,8,i,img/target_8.png
51,3,242,lattice,9,e,img/target_3.png
51,3,243,lattice,8,i,img/target_8.png
51,3,244,lattice,0,p,img/target_10.png
51,3,245,lattice,2,r,img/target_4.png
51,3,246,lattice,0,p,img/target_10.png
51,3,247,lattice,9,e,img/target_3.png
51,3,248,lattice,0,p,img/target_10.png
51,3,249,lattice,2,r,img/target_4.png
51,3,250,lattice,1,q,img/target_1.png
51,3,251,lattice,0,p,img/target_10.png
51,3,252,lattice,2,r,img/target_4.png
51,3,253,lattice,1,q,img/target_1.png
51,3,254,lattice,2,r,img/target_4.png
51,3,255,lattice,4,v,img/target_5.png
51,3,256,lattice,5,u,img/target_7.png
51,3,257,lattice,3,b,img/target_6.png
51,3,258,lattice,5,u,img/target_7.png
51,3,259,lattice,4,v,img/target_5.png
51,3,260,lattice,3,b,img/target_6.png
51,3,261,lattice,2,r,img/target_4.png
51,3,262,lattice,0,p,img/target_10.png
51,3,263,lattice,2,r,img/target_4.png
51,3,264,lattice,0,p,img/target_10.png
51,3,265,lattice,1,q,img/target_1.png
51,3,266,lattice,9,e,img/target_3.png
51,3,267,lattice,0,p,img/target_10.png
51,3,268,lattice,1,q,img/target_1.png
51,3,269,lattice,3,b,img/target_6.png
51,3,270,lattice,1,q,img/target_1.png
51,3,271,lattice,0,p,img/target_10.png
51,3,272,lattice,1,q,img/target_1.png
51,3,273,lattice,3,b,img/target_6.png
51,3,274,lattice,2,r,img/target_4.png
51,3,275,lattice,1,q,img/target_1.png
51,3,276,lattice,0,p,img/target_10.png
51,3,277,lattice,2,r,img/target_4.png
51,3,278,lattice,1,q,img/target_1.png
51,3,279,lattice,9,e,img/target_3.png
51,3,280,lattice,8,i,img/target_8.png
51,3,281,lattice,0,p,img/target_10.png
51,3,282,lattice,1,q,img/target_1.png
51,3,283,lattice,2,r,img/target_4.png
51,3,284,lattice,3,b,img/target_6.png
51,3,285,lattice,5,u,img/target_7.png
51,3,286,lattice,7,w,img/target_2.png
51,3,287,lattice,9,e,img/target_3.png
51,3,288,lattice,0,p,img/target_10.png
51,3,289,lattice,1,q,img/target_1.png
51,3,290,lattice,0,p,img/target_10.png
51,3,291,lattice,1,q,img/target_1.png
51,3,292,lattice,9,e,img/target_3.png
51,3,293,lattice,0,p,img/target_10.png
51,3,294,lattice,8,i,img/target_8.png
51,3,295,lattice,9,e,img/target_3.png
51,3,296,lattice,0,p,img/target_10.png
51,3,297,lattice,8,i,img/target_8.png
51,3,298,lattice,7,w,img/target_2.png
51,3,299,lattice,6,o,img/target_9.png
51,3,300,lattice,4,v,img/target_5.png
51,3,301,lattice,2,r,img/target_4.png
51,3,302,lattice,1,q,img/target_1.png
51,3,303,lattice,3,b,img/target_6.png
51,3,304,lattice,5,u,img/target_7.png
51,3,305,lattice,7,w,img/target_2.png
51,3,306,lattice,9,e,img/target_3.png
51,3,307,lattice,1,q,img/target_1.png
51,3,308,lattice,3,b,img/target_6.png
51,3,309,lattice,2,r,img/target_4.png
51,3,310,lattice,3,b,img/target_6.png
51,3,311,lattice,2,r,img/target_4.png
51,3,312,lattice,1,q,img/target_1.png
51,3,313,lattice,0,p,img/target_10.png
51,3,314,lattice,1,q,img/target_1.png
51,3,315,lattice,3,b,img/target_6.png
51,3,316,lattice,1,q,img/target_1.png
51,3,317,lattice,0,p,img/target_10.png
51,3,318,lattice,8,i,img/target_8.png
51,3,319,lattice,9,e,img/target_3.png
51,3,320,lattice,1,q,img/target_1.png
51,3,321,lattice,9,e,img/target_3.png
51,3,322,lattice,7,w,img/target_2.png
51,3,323,lattice,5,u,img/target_7.png
51,3,324,lattice,6,o,img/target_9.png
51,3,325,lattice,4,v,img/target_5.png
51,3,326,lattice,3,b,img/target_6.png
51,3,327,lattice,5,u,img/target_7.png
51,3,328,lattice,7,w,img/target_2.png
51,3,329,lattice,5,u,img/target_7.png
51,3,330,lattice,3,b,img/target_6.png
51,3,331,lattice,5,u,img/target_7.png
51,3,332,lattice,7,w,img/target_2.png
51,3,333,lattice,8,i,img/target_8.png
51,3,334,lattice,6,o,img/target_9.png
51,3,335,lattice,4,v,img/target_5.png
51,3,336,lattice,6,o,img/target_9.png
51,3,337,lattice,8,i,img/target_8.png
51,3,338,lattice,7,w,img/target_2.png
51,3,339,lattice,5,u,img/target_7.png
51,3,340,lattice,3,b,img/target_6.png
51,3,341,lattice,4,v,img/target_5.png
51,3,342,lattice,5,u,img/target_7.png
51,3,343,lattice,3,b,img/target_6.png
51,3,344,lattice,4,v,img/target_5.png
51,3,345,lattice,2,r,img/target_4.png
51,3,346,lattice,4,v,img/target_5.png
51,3,347,lattice,5,u,img/target_7.png
51,3,348,lattice,6,o,img/target_9.png
51,3,349,lattice,4,v,img/target_5.png
51,3,350,lattice,6,o,img/target_9.png
51,3,351,lattice,8,i,img/target_8.png
51,3,352,lattice,9,e,img/target_3.png
51,3,353,lattice,1,q,img/target_1.png
51,3,354,lattice,2,r,img/target_4.png
51,3,355,lattice,4,v,img/target_5.png
51,3,356,lattice,3,b,img/target_6.png
51,3,357,lattice,4,v,img/target_5.png
51,3,358,lattice,3,b,img/target_6.png
51,3,359,lattice,5,u,img/target_7.png
51,3,360,lattice,6,o,img/target_9.png
51,3,361,lattice,7,w,img/target_2.png
51,3,362,lattice,6,o,img/target_9.png
51,3,363,lattice,7,w,img/target_2.png
51,3,364,lattice,5,u,img/target_7.png
51,3,365,lattice,6,o,img/target_9.png
51,3,366,lattice,4,v,img/target_5.png
51,3,367,lattice,5,u,img/target_7.png
51,3,368,lattice,4,v,img/target_5.png
51,3,369,lattice,3,b,img/target_6.png
51,3,370,lattice,2,r,img/target_4.png
51,3,371,lattice,3,b,img/target_6.png
51,3,372,lattice,5,u,img/target_7.png
51,3,373,lattice,6,o,img/target_9.png
51,3,374,lattice,8,i,img/target_8.png
51,3,375,lattice,7,w,img/target_2.png
51,3,376,lattice,6,o,img/target_9.png
51,3,377,lattice,8,i,img/target_8.png
51,3,378,lattice,7,w,img/target_2.png
51,3,379,lattice,6,o,img/target_9.png
51,3,380,lattice,5,u,img/target_7.png
51,3,381,lattice,6,o,img/target_9.png
51,3,382,lattice,4,v,img/target_5.png
51,3,383,lattice,5,u,img/target_7.png
51,3,384,lattice,7,w,img/target_2.png
51,3,385,lattice,6,o,img/target_9.png
51,3,386,lattice,7,w,img/target_2.png
51,3,387,lattice,6,o,img/target_9.png
51,3,388,lattice,7,w,img/target_2.png
51,3,389,lattice,9,e,img/target_3.png
51,3,390,lattice,0,p,img/target_10.png
51,3,391,lattice,1,q,img/target_1.png
51,3,392,lattice,2,r,img/target_4.png
51,3,393,lattice,1,q,img/target_1.png
51,3,394,lattice,9,e,img/target_3.png
51,3,395,lattice,8,i,img/target_8.png
51,3,396,lattice,6,o,img/target_9.png
51,3,397,lattice,5,u,img/target_7.png
51,3,398,lattice,3,b,img/target_6.png
51,3,399,lattice,2,r,img/target_4.png
51,3,400,lattice,1,q,img/target_1.png
51,3,401,lattice,3,b,img/target_6.png
51,3,402,lattice,2,r,img/target_4.png
51,3,403,lattice,3,b,img/target_6.png
51,3,404,lattice,4,v,img/target_5.png
51,3,405,lattice,6,o,img/target_9.png
51,3,406,lattice,4,v,img/target_5.png
51,3,407,lattice,2,r,img/target_4.png
51,3,408,lattice,0,p,img/target_10.png
51,3,409,lattice,1,q,img/target_1.png
51,3,410,lattice,0,p,img/target_10.png
51,3,411,lattice,2,r,img/target_4.png
51,3,412,lattice,3,b,img/target_6.png
51,3,413,lattice,4,v,img/target_5.png
51,3,414,lattice,3,b,img/target_6.png
51,3,415,lattice,1,q,img/target_1.png
51,3,416,lattice,0,p,img/target_10.png
51,3,417,lattice,1,q,img/target_1.png
51,3,418,lattice,0,p,img/target_10.png
51,3,419,lattice,8,i,img/target_8.png
51,3,420,lattice,7,w,img/target_2.png
51,3,421,lattice,5,u,img/target_7.png
51,3,422,lattice,4,v,img/target_5.png
51,3,423,lattice,6,o,img/target_9.png
51,3,424,lattice,4,v,img/target_5.png
51,3,425,lattice,6,o,img/target_9.png
51,3,426,lattice,5,u,img/target_7.png
51,3,427,lattice,3,b,img/target_6.png
51,3,428,lattice,1,q,img/target_1.png
51,3,429,lattice,0,p,img/target_10.png
51,3,430,lattice,9,e,img/target_3.png
51,3,431,lattice,0,p,img/target_10.png
51,3,432,lattice,8,i,img/target_8.png
51,3,433,lattice,6,o,img/target_9.png
51,3,434,lattice,8,i,img/target_8.png
51,3,435,lattice,7,w,img/target_2.png
51,3,436,lattice,5,u,img/target_7.png
51,3,437,lattice,3,b,img/target_6.png
51,3,438,lattice,5,u,img/target_7.png
51,3,439,lattice,6,o,img/target_9.png
51,3,440,lattice,4,v,img/target_5.png
51,3,441,lattice,3,b,img/target_6.png
51,3,442,lattice,2,r,img/target_4.png
51,3,443,lattice,0,p,img/target_10.png
51,3,444,lattice,8,i,img/target_8.png
51,3,445,lattice,6,o,img/target_9.png
51,3,446,lattice,4,v,img/target_5.png
51,3,447,lattice,6,o,img/target_9.png
51,3,448,lattice,5,u,img/target_7.png
51,3,449,lattice,6,o,img/target_9.png
51,3,450,lattice,4,v,img/target_5.png
51,3,451,lattice,3,b,img/target_6.png
51,3,452,lattice,4,v,img/target_5.png
51,3,453,lattice,2,r,img/target_4.png
51,3,454,lattice,3,b,img/target_6.png
51,3,455,lattice,5,u,img/target_7.png
51,3,456,lattice,3,b,img/target_6.png
51,3,457,lattice,5,u,img/target_7.png
51,3,458,lattice,7,w,img/target_2.png
51,3,459,lattice,5,u,img/target_7.png
51,3,460,lattice,6,o,img/target_9.png
51,3,461,lattice,7,w,img/target_2.png
51,3,462,lattice,8,i,img/target_8.png
51,3,463,lattice,7,w,img/target_2.png
51,3,464,lattice,9,e,img/target_3.png
51,3,465,lattice,0,p,img/target_10.png
51,3,466,lattice,1,q,img/target_1.png
51,3,467,lattice,9,e,img/target_3.png
51,3,468,lattice,8,i,img/target_8.png
51,3,469,lattice,6,o,img/target_9.png
51,3,470,lattice,4,v,img/target_5.png
51,3,471,lattice,3,b,img/target_6.png
51,3,472,lattice,4,v,img/target_5.png
51,3,473,lattice,6,o,img/target_9.png
51,3,474,lattice,7,w,img/target_2.png
51,3,475,lattice,9,e,img/target_3.png
51,3,476,lattice,0,p,img/target_10.png
51,3,477,lattice,8,i,img/target_8.png
51,3,478,lattice,6,o,img/target_9.png
51,3,479,lattice,4,v,img/target_5.png
51,3,480,lattice,3,b,img/target_6.png
51,3,481,lattice,5,u,img/target_7.png
51,3,482,lattice,7,w,img/target_2.png
51,3,483,lattice,9,e,img/target_3.png
51,3,484,lattice,0,p,img/target_10.png
51,3,485,lattice,9,e,img/target_3.png
51,3,486,lattice,7,w,img/target_2.png
51,3,487,lattice,5,u,img/target_7.png
51,3,488,lattice,3,b,img/target_6.png
51,3,489,lattice,4,v,img/target_5.png
51,3,490,lattice,6,o,img/target_9.png
51,3,491,lattice,5,u,img/target_7.png
51,3,492,lattice,7,w,img/target_2.png
51,3,493,lattice,8,i,img/target_8.png
51,3,494,lattice,0,p,img/target_10.png
51,3,495,lattice,2,r,img/target_4.png
51,3,496,lattice,1,q,img/target_1.png
51,3,497,lattice,3,b,img/target_6.png
51,3,498,lattice,2,r,img/target_4.png
51,3,499,lattice,0,p,img/target_10.png
51,3,500,lattice,2,r,img/target_4.png
51,3,501,lattice,0,p,img/target_10.png
51,3,502,lattice,8,i,img/target_8.png
51,3,503,lattice,6,o,img/target_9.png
51,3,504,lattice,7,w,img/target_2.png
51,3,505,lattice,6,o,img/target_9.png
51,3,506,lattice,4,v,img/target_5.png
51,3,507,lattice,6,o,img/target_9.png
51,3,508,lattice,4,v,img/target_5.png
51,3,509,lattice,5,u,img/target_7.png
51,3,510,lattice,6,o,img/target_9.png
51,3,511,lattice,5,u,img/target_7.png
51,3,512,lattice,7,w,img/target_2.png
51,3,513,lattice,8,i,img/target_8.png
51,3,514,lattice,6,o,img/target_9.png
51,3,515,lattice,5,u,img/target_7.png
51,3,516,lattice,7,w,img/target_2.png
51,3,517,lattice,5,u,img/target_7.png
51,3,518,lattice,4,v,img/target_5.png
51,3,519,lattice,2,r,img/target_4.png
51,3,520,lattice,1,q,img/target_1.png
51,3,521,lattice,3,b,img/target_6.png
51,3,522,lattice,1,q,img/target_1.png
51,3,523,lattice,3,b,img/target_6.png
51,3,524,lattice,4,v,img/target_5.png
51,3,525,lattice,5,u,img/target_7.png
51,3,526,lattice,7,w,img/target_2.png
51,3,527,lattice,6,o,img/target_9.png
51,3,528,lattice,5,u,img/target_7.png
51,3,529,lattice,3,b,img/target_6.png
51,3,530,lattice,2,r,img/target_4.png
51,3,531,lattice,1,q,img/target_1.png
51,3,532,lattice,3,b,img/target_6.png
51,3,533,lattice,5,u,img/target_7.png
51,3,534,lattice,4,v,img/target_5.png
51,3,535,lattice,5,u,img/target_7.png
51,3,536,lattice,6,o,img/target_9.png
51,3,537,lattice,7,w,img/target_2.png
51,3,538,lattice,9,e,img/target_3.png
51,3,539,lattice,1,q,img/target_1.png
51,3,540,lattice,3,b,img/target_6.png
51,3,541,lattice,4,v,img/target_5.png
51,3,542,lattice,2,r,img/target_4.png
51,3,543,lattice,1,q,img/target_1.png
51,3,544,lattice,3,b,img/target_6.png
51,3,545,lattice,5,u,img/target_7.png
51,3,546,lattice,4,v,img/target_5.png
51,3,547,lattice,2,r,img/target_4.png
51,3,548,lattice,4,v,img/target_5.png
51,3,549,lattice,3,b,img/target_6.png
51,3,550,lattice,1,q,img/target_1.png
51,3,551,lattice,9,e,img/target_3.png
51,3,552,lattice,7,w,img/target_2.png
51,3,553,lattice,6,o,img/target_9.png
51,3,554,lattice,5,u,img/target_7.png
51,3,555,lattice,7,w,img/target_2.png
51,3,556,lattice,9,e,img/target_3.png
51,3,557,lattice,1,q,img/target_1.png
51,3,558,lattice,9,e,img/target_3.png
51,3,559,lattice,0,p,img/target_10.png
51,3,560,lattice,1,q,img/target_1.png
51,3,561,lattice,0,p,img/target_10.png
51,3,562,lattice,9,e,img/target_3.png
51,3,563,lattice,0,p,img/target_10.png
51,3,564,lattice,2,r,img/target_4.png
51,3,565,lattice,0,p,img/target_10.png
51,3,566,lattice,1,q,img/target_1.png
51,3,567,lattice,9,e,img/target_3.png
51,3,568,lattice,8,i,img/target_8.png
51,3,569,lattice,6,o,img/target_9.png
51,3,570,lattice,8,i,img/target_8.png
51,3,571,lattice,0,p,img/target_10.png
51,3,572,lattice,8,i,img/target_8.png
51,3,573,lattice,6,o,img/target_9.png
51,3,574,lattice,8,i,img/target_8.png
51,3,575,lattice,6,o,img/target_9.png
51,3,576,lattice,4,v,img/target_5.png
51,3,577,lattice,3,b,img/target_6.png
51,3,578,lattice,1,q,img/target_1.png
51,3,579,lattice,3,b,img/target_6.png
51,3,580,lattice,5,u,img/target_7.png
51,3,581,lattice,3,b,img/target_6.png
51,3,582,lattice,5,u,img/target_7.png
51,3,583,lattice,7,w,img/target_2.png
51,3,584,lattice,8,i,img/target_8.png
51,3,585,lattice,9,e,img/target_3.png
51,3,586,lattice,7,w,img/target_2.png
51,3,587,lattice,6,o,img/target_9.png
51,3,588,lattice,4,v,img/target_5.png
51,3,589,lattice,6,o,img/target_9.png
51,3,590,lattice,8,i,img/target_8.png
51,3,591,lattice,6,o,img/target_9.png
51,3,592,lattice,7,w,img/target_2.png
51,3,593,lattice,9,e,img/target_3.png
51,3,594,lattice,8,i,img/target_8.png
51,3,595,lattice,0,p,img/target_10.png
51,3,596,lattice,8,i,img/target_8.png
51,3,597,lattice,0,p,img/target_10.png
51,3,598,lattice,1,q,img/target_1.png
51,3,599,lattice,9,e,img/target_3.png
51,3,600,lattice,1,q,img/target_1.png
51,3,601,lattice,0,p,img/target_10.png
51,3,602,lattice,2,r,img/target_4.png
51,3,603,lattice,1,q,img/target_1.png
51,3,604,lattice,9,e,img/target_3.png
51,3,605,lattice,0,p,img/target_10.png
51,3,606,lattice,8,i,img/target_8.png
51,3,607,lattice,0,p,img/target_10.png
51,3,608,lattice,2,r,img/target_4.png
51,3,609,lattice,1,q,img/target_1.png
51,3,610,lattice,3,b,img/target_6.png
51,3,611,lattice,2,r,img/target_4.png
51,3,612,lattice,0,p,img/target_10.png
51,3,613,lattice,2,r,img/target_4.png
51,3,614,lattice,3,b,img/target_6.png
51,3,615,lattice,2,r,img/target_4.png
51,3,616,lattice,4,v,img/target_5.png
51,3,617,lattice,3,b,img/target_6.png
51,3,618,lattice,1,q,img/target_1.png
51,3,619,lattice,0,p,img/target_10.png
51,3,620,lattice,9,e,img/target_3.png
51,3,621,lattice,7,w,img/target_2.png
51,3,622,lattice,9,e,img/target_3.png
51,3,623,lattice,0,p,img/target_10.png
51,3,624,lattice,8,i,img/target_8.png
51,3,625,lattice,9,e,img/target_3.png
51,3,626,lattice,7,w,img/target_2.png
51,3,627,lattice,9,e,img/target_3.png
51,3,628,lattice,7,w,img/target_2.png
51,3,629,lattice,8,i,img/target_8.png
51,3,630,lattice,7,w,img/target_2.png
51,3,631,lattice,6,o,img/target_9.png
51,3,632,lattice,7,w,img/target_2.png
51,3,633,lattice,9,e,img/target_3.png
51,3,634,lattice,8,i,img/target_8.png
51,3,635,lattice,0,p,img/target_10.png
51,3,636,lattice,1,q,img/target_1.png
51,3,637,lattice,9,e,img/target_3.png
51,3,638,lattice,1,q,img/target_1.png
51,3,639,lattice,0,p,img/target_10.png
51,3,640,lattice,1,q,img/target_1.png
51,3,641,lattice,2,r,img/target_4.png
51,3,642,lattice,1,q,img/target_1.png
51,3,643,lattice,9,e,img/target_3.png
51,3,644,lattice,1,q,img/target_1.png
51,3,645,lattice,3,b,img/target_6.png
51,3,646,lattice,2,r,img/target_4.png
51,3,647,lattice,3,b,img/target_6.png
51,3,648,lattice,5,u,img/target_7.png
51,3,649,lattice,6,o,img/target_9.png
51,3,650,lattice,4,v,img/target_5.png
51,3,651,lattice,2,r,img/target_4.png
51,3,652,lattice,4,v,img/target_5.png
51,3,653,lattice,2,r,img/target_4.png
51,3,654,lattice,4,v,img/target_5.png
51,3,655,lattice,3,b,img/target_6.png
51,3,656,lattice,1,q,img/target_1.png
51,3,657,lattice,2,r,img/target_4.png
51,3,658,lattice,0,p,img/target_10.png
51,3,659,lattice,8,i,img/target_8.png
51,3,660,lattice,7,w,img/target_2.png
51,3,661,lattice,8,i,img/target_8.png
51,3,662,lattice,7,w,img/target_2.png
51,3,663,lattice,5,u,img/target_7.png
51,3,664,lattice,6,o,img/target_9.png
51,3,665,lattice,4,v,img/target_5.png
51,3,666,lattice,5,u,img/target_7.png
51,3,667,lattice,6,o,img/target_9.png
51,3,668,lattice,7,w,img/target_2.png
51,3,669,lattice,6,o,img/target_9.png
51,3,670,lattice,8,i,img/target_8.png
51,3,671,lattice,9,e,img/target_3.png
51,3,672,lattice,7,w,img/target_2.png
51,3,673,lattice,9,e,img/target_3.png
51,3,674,lattice,0,p,img/target_10.png
51,3,675,lattice,2,r,img/target_4.png
51,3,676,lattice,3,b,img/target_6.png
51,3,677,lattice,5,u,img/target_7.png
51,3,678,lattice,7,w,img/target_2.png
51,3,679,lattice,8,i,img/target_8.png
51,3,680,lattice,6,o,img/target_9.png
51,3,681,lattice,7,w,img/target_2.png
51,3,682,lattice,5,u,img/target_7.png
51,3,683,lattice,6,o,img/target_9.png
51,3,684,lattice,8,i,img/target_8.png
51,3,685,lattice,6,o,img/target_9.png
51,3,686,lattice,8,i,img/target_8.png
51,3,687,lattice,6,o,img/target_9.png
51,3,688,lattice,8,i,img/target_8.png
51,3,689,lattice,7,w,img/target_2.png
51,3,690,lattice,5,u,img/target_7.png
51,3,691,lattice,3,b,img/target_6.png
51,3,692,lattice,5,u,img/target_7.png
51,3,693,lattice,4,v,img/target_5.png
51,3,694,lattice,2,r,img/target_4.png
51,3,695,lattice,3,b,img/target_6.png
51,3,696,lattice,1,q,img/target_1.png
51,3,697,lattice,3,b,img/target_6.png
51,3,698,lattice,4,v,img/target_5.png
51,3,699,lattice,6,o,img/target_9.png
51,3,700,lattice,5,u,img/target_7.png
51,3,701,lattice,7,w,img/target_2.png
51,3,702,lattice,9,e,img/target_3.png
51,3,703,lattice,7,w,img/target_2.png
51,3,704,lattice,8,i,img/target_8.png
51,3,705,lattice,0,p,img/target_10.png
51,3,706,lattice,9,e,img/target_3.png
51,3,707,lattice,1,q,img/target_1.png
51,3,708,lattice,3,b,img/target_6.png
51,3,709,lattice,1,q,img/target_1.png
51,3,710,lattice,9,e,img/target_3.png
51,3,711,lattice,7,w,img/target_2.png
51,3,712,lattice,5,u,img/target_7.png
51,3,713,lattice,6,o,img/target_9.png
51,3,714,lattice,8,i,img/target_8.png
51,3,715,lattice,7,w,img/target_2.png
51,3,716,lattice,6,o,img/target_9.png
51,3,717,lattice,7,w,img/target_2.png
51,3,718,lattice,8,i,img/target_8.png
51,3,719,lattice,6,o,img/target_9.png
51,3,720,lattice,7,w,img/target_2.png
51,3,721,lattice,9,e,img/target_3.png
51,3,722,lattice,7,w,img/target_2.png
51,3,723,lattice,9,e,img/target_3.png
51,3,724,lattice,8,i,img/target_8.png
51,3,725,lattice,9,e,img/target_3.png
51,3,726,lattice,0,p,img/target_10.png
51,3,727,lattice,1,q,img/target_1.png
51,3,728,lattice,3,b,img/target_6.png
51,3,729,lattice,2,r,img/target_4.png
51,3,730,lattice,3,b,img/target_6.png
51,3,731,lattice,1,q,img/target_1.png
51,3,732,lattice,9,e,img/target_3.png
51,3,733,lattice,1,q,img/target_1.png
51,3,734,lattice,2,r,img/target_4.png
51,3,735,lattice,1,q,img/target_1.png
51,3,736,lattice,2,r,img/target_4.png
51,3,737,lattice,3,b,img/target_6.png
51,3,738,lattice,4,v,img/target_5.png
51,3,739,lattice,6,o,img/target_9.png
51,3,740,lattice,8,i,img/target_8.png
51,3,741,lattice,6,o,img/target_9.png
51,3,742,lattice,5,u,img/target_7.png
51,3,743,lattice,4,v,img/target_5.png
51,3,744,lattice,6,o,img/target_9.png
51,3,745,lattice,7,w,img/target_2.png
51,3,746,lattice,6,o,img/target_9.png
51,3,747,lattice,5,u,img/target_7.png
51,3,748,lattice,4,v,img/target_5.png
51,3,749,lattice,3,b,img/target_6.png
51,3,750,lattice,4,v,img/target_5.png
51,3,751,lattice,2,r,img/target_4.png
51,3,752,lattice,4,v,img/target_5.png
51,3,753,lattice,6,o,img/target_9.png
51,3,754,lattice,4,v,img/target_5.png
51,3,755,lattice,3,b,img/target_6.png
51,3,756,lattice,4,v,img/target_5.png
51,3,757,lattice,6,o,img/target_9.png
51,3,758,lattice,4,v,img/target_5.png
51,3,759,lattice,5,u,img/target_7.png
51,3,760,lattice,6,o,img/target_9.png
51,3,761,lattice,5,u,img/target_7.png
51,3,762,lattice,3,b,img/target_6.png
51,3,763,lattice,1,q,img/target_1.png
51,3,764,lattice,2,r,img/target_4.png
51,3,765,lattice,3,b,img/target_6.png
51,3,766,lattice,5,u,img/target_7.png
51,3,767,lattice,7,w,img/target_2.png
51,3,768,lattice,9,e,img/target_3.png
51,3,769,lattice,8,i,img/target_8.png
51,3,770,lattice,7,w,img/target_2.png
51,3,771,lattice,9,e,img/target_3.png
51,3,772,lattice,1,q,img/target_1.png
51,3,773,lattice,3,b,img/target_6.png
51,3,774,lattice,4,v,img/target_5.png
51,3,775,lattice,5,u,img/target_7.png
51,3,776,lattice,6,o,img/target_9.png
51,3,777,lattice,8,i,img/target_8.png
51,3,778,lattice,9,e,img/target_3.png
51,3,779,lattice,8,i,img/target_8.png
51,3,780,lattice,0,p,img/target_10.png
51,3,781,lattice,9,e,img/target_3.png
51,3,782,lattice,8,i,img/target_8.png
51,3,783,lattice,6,o,img/target_9.png
51,3,784,lattice,5,u,img/target_7.png
51,3,785,lattice,7,w,img/target_2.png
51,3,786,lattice,6,o,img/target_9.png
51,3,787,lattice,7,w,img/target_2.png
51,3,788,lattice,8,i,img/target_8.png
51,3,789,lattice,7,w,img/target_2.png
51,3,790,lattice,5,u,img/target_7.png
51,3,791,lattice,6,o,img/target_9.png
51,3,792,lattice,4,v,img/target_5.png
51,3,793,lattice,3,b,img/target_6.png
51,3,794,lattice,1,q,img/target_1.png
51,3,795,lattice,0,p,img/target_10.png
51,3,796,lattice,1,q,img/target_1.png
51,3,797,lattice,2,r,img/target_4.png
51,3,798,lattice,3,b,img/target_6.png
51,3,799,lattice,2,r,img/target_4.png
51,3,800,lattice,0,p,img/target_10.png
51,3,801,lattice,9,e,img/target_3.png
51,3,802,lattice,1,q,img/target_1.png
51,3,803,lattice,3,b,img/target_6.png
51,3,804,lattice,5,u,img/target_7.png
51,3,805,lattice,3,b,img/target_6.png
51,3,806,lattice,2,r,img/target_4.png
51,3,807,lattice,4,v,img/target_5.png
51,3,808,lattice,6,o,img/target_9.png
51,3,809,lattice,4,v,img/target_5.png
51,3,810,lattice,2,r,img/target_4.png
51,3,811,lattice,0,p,img/target_10.png
51,3,812,lattice,9,e,img/target_3.png
51,3,813,lattice,8,i,img/target_8.png
51,3,814,lattice,7,w,img/target_2.png
51,3,815,lattice,8,i,img/target_8.png
51,3,816,lattice,9,e,img/target_3.png
51,3,817,lattice,8,i,img/target_8.png
51,3,818,lattice,9,e,img/target_3.png
51,3,819,lattice,1,q,img/target_1.png
51,3,820,lattice,3,b,img/target_6.png
51,3,821,lattice,1,q,img/target_1.png
51,3,822,lattice,0,p,img/target_10.png
51,3,823,lattice,1,q,img/target_1.png
51,3,824,lattice,2,r,img/target_4.png
51,3,825,lattice,3,b,img/target_6.png
51,3,826,lattice,2,r,img/target_4.png
51,3,827,lattice,4,v,img/target_5.png
51,3,828,lattice,6,o,img/target_9.png
51,3,829,lattice,7,w,img/target_2.png
51,3,830,lattice,5,u,img/target_7.png
51,3,831,lattice,3,b,img/target_6.png
51,3,832,lattice,5,u,img/target_7.png
51,3,833,lattice,7,w,img/target_2.png
51,3,834,lattice,8,i,img/target_8.png
51,3,835,lattice,9,e,img/target_3.png
51,3,836,lattice,8,i,img/target_8.png
51,3,837,lattice,7,w,img/target_2.png
51,3,838,lattice,8,i,img/target_8.png
51,3,839,lattice,9,e,img/target_3.png
51,3,840,lattice,1,q,img/target_1.png
51,3,841,lattice,0,p,img/target_10.png
51,3,842,lattice,2,r,img/target_4.png
51,3,843,lattice,1,q,img/target_1.png
51,3,844,lattice,3,b,img/target_6.png
51,3,845,lattice,4,v,img/target_5.png
51,3,846,lattice,2,r,img/target_4.png
51,3,847,lattice,0,p,img/target_10.png
51,3,848,lattice,8,i,img/target_8.png
51,3,849,lattice,9,e,img/target_3.png
51,3,850,lattice,7,w,img/target_2.png
51,3,851,lattice,5,u,img/target_7.png
51,3,852,lattice,7,w,img/target_2.png
51,3,853,lattice,6,o,img/target_9.png
51,3,854,lattice,5,u,img/target_7.png
51,3,855,lattice,4,v,img/target_5.png
51,3,856,lattice,2,r,img/target_4.png
51,3,857,lattice,0,p,img/target_10.png
51,3,858,lattice,9,e,img/target_3.png
51,3,859,lattice,8,i,img/target_8.png
51,3,860,lattice,0,p,img/target_10.png
51,3,861,lattice,1,q,img/target_1.png
51,3,862,lattice,9,e,img/target_3.png
51,3,863,lattice,8,i,img/target_8.png
51,3,864,lattice,9,e,img/target_3.png
51,3,865,lattice,7,w,img/target_2.png
51,3,866,lattice,8,i,img/target_8.png
51,3,867,lattice,7,w,img/target_2.png
51,3,868,lattice,5,u,img/target_7.png
51,3,869,lattice,3,b,img/target_6.png
51,3,870,lattice,1,q,img/target_1.png
51,3,871,lattice,2,r,img/target_4.png
51,3,872,lattice,3,b,img/target_6.png
51,3,873,lattice,5,u,img/target_7.png
51,3,874,lattice,4,v,img/target_5.png
51,3,875,lattice,5,u,img/target_7.png
51,3,876,lattice,3,b,img/target_6.png
51,3,877,lattice,1,q,img/target_1.png
51,3,878,lattice,2,r,img/target_4.png
51,3,879,lattice,0,p,img/target_10.png
51,3,880,lattice,2,r,img/target_4.png
51,3,881,lattice,0,p,img/target_10.png
51,3,882,lattice,2,r,img/target_4.png
51,3,883,lattice,0,p,img/target_10.png
51,3,884,lattice,1,q,img/target_1.png
51,3,885,lattice,9,e,img/target_3.png
51,3,886,lattice,8,i,img/target_8.png
51,3,887,lattice,9,e,img/target_3.png
51,3,888,lattice,1,q,img/target_1.png
51,3,889,lattice,0,p,img/target_10.png
51,3,890,lattice,8,i,img/target_8.png
51,3,891,lattice,0,p,img/target_10.png
51,3,892,lattice,9,e,img/target_3.png
51,3,893,lattice,7,w,img/target_2.png
51,3,894,lattice,8,i,img/target_8.png
51,3,895,lattice,7,w,img/target_2.png
51,3,896,lattice,6,o,img/target_9.png
51,3,897,lattice,7,w,img/target_2.png
51,3,898,lattice,9,e,img/target_3.png
51,3,899,lattice,0,p,img/target_10.png
51,3,900,lattice,8,i,img/target_8.png
51,3,901,lattice,9,e,img/target_3.png
51,3,902,lattice,0,p,img/target_10.png
51,3,903,lattice,9,e,img/target_3.png
51,3,904,lattice,7,w,img/target_2.png
51,3,905,lattice,8,i,img/target_8.png
51,3,906,lattice,6,o,img/target_9.png
51,3,907,lattice,5,u,img/target_7.png
51,3,908,lattice,7,w,img/target_2.png
51,3,909,lattice,5,u,img/target_7.png
51,3,910,lattice,6,o,img/target_9.png
51,3,911,lattice,5,u,img/target_7.png
51,3,912,lattice,6,o,img/target_9.png
51,3,913,lattice,7,w,img/target_2.png
51,3,914,lattice,8,i,img/target_8.png
51,3,915,lattice,0,p,img/target_10.png
51,3,916,lattice,8,i,img/target_8.png
51,3,917,lattice,6,o,img/target_9.png
51,3,918,lattice,7,w,img/target_2.png
51,3,919,lattice,6,o,img/target_9.png
51,3,920,lattice,8,i,img/target_8.png
51,3,921,lattice,7,w,img/target_2.png
51,3,922,lattice,6,o,img/target_9.png
51,3,923,lattice,5,u,img/target_7.png
51,3,924,lattice,7,w,img/target_2.png
51,3,925,lattice,8,i,img/target_8.png
51,3,926,lattice,9,e,img/target_3.png
51,3,927,lattice,0,p,img/target_10.png
51,3,928,lattice,2,r,img/target_4.png
51,3,929,lattice,0,p,img/target_10.png
51,3,930,lattice,2,r,img/target_4.png
51,3,931,lattice,0,p,img/target_10.png
51,3,932,lattice,8,i,img/target_8.png
51,3,933,lattice,6,o,img/target_9.png
51,3,934,lattice,4,v,img/target_5.png
51,3,935,lattice,2,r,img/target_4.png
51,3,936,lattice,3,b,img/target_6.png
51,3,937,lattice,5,u,img/target_7.png
51,3,938,lattice,4,v,img/target_5.png
51,3,939,lattice,6,o,img/target_9.png
51,3,940,lattice,8,i,img/target_8.png
51,3,941,lattice,6,o,img/target_9.png
51,3,942,lattice,7,w,img/target_2.png
51,3,943,lattice,6,o,img/target_9.png
51,3,944,lattice,8,i,img/target_8.png
51,3,945,lattice,7,w,img/target_2.png
51,3,946,lattice,5,u,img/target_7.png
51,3,947,lattice,7,w,img/target_2.png
51,3,948,lattice,5,u,img/target_7.png
51,3,949,lattice,4,v,img/target_5.png
51,3,950,lattice,6,o,img/target_9.png
51,3,951,lattice,7,w,img/target_2.png
51,3,952,lattice,5,u,img/target_7.png
51,3,953,lattice,6,o,img/target_9.png
51,3,954,lattice,5,u,img/target_7.png
51,3,955,lattice,7,w,img/target_2.png
51,3,956,lattice,8,i,img/target_8.png
51,3,957,lattice,7,w,img/target_2.png
51,3,958,lattice,9,e,img/target_3.png
51,3,959,lattice,0,p,img/target_10.png
51,3,960,lattice,2,r,img/target_4.png
51,3,961,lattice,0,p,img/target_10.png
51,3,962,lattice,2,r,img/target_4.png
51,3,963,lattice,4,v,img/target_5.png
51,3,964,lattice,5,u,img/target_7.png
51,3,965,lattice,4,v,img/target_5.png
51,3,966,lattice,5,u,img/target_7.png
51,3,967,lattice,7,w,img/target_2.png
51,3,968,lattice,5,u,img/target_7.png
51,3,969,lattice,4,v,img/target_5.png
51,3,970,lattice,6,o,img/target_9.png
51,3,971,lattice,8,i,img/target_8.png
51,3,972,lattice,0,p,img/target_10.png
51,3,973,lattice,9,e,img/target_3.png
51,3,974,lattice,1,q,img/target_1.png
51,3,975,lattice,2,r,img/target_4.png
51,3,976,lattice,4,v,img/target_5.png
51,3,977,lattice,5,u,img/target_7.png
51,3,978,lattice,6,o,img/target_9.png
51,3,979,lattice,8,i,img/target_8.png
51,3,980,lattice,7,w,img/target_2.png
51,3,981,lattice,5,u,img/target_7.png
51,3,982,lattice,3,b,img/target_6.png
51,3,983,lattice,5,u,img/target_7.png
51,3,984,lattice,6,o,img/target_9.png
51,3,985,lattice,4,v,img/target_5.png
51,3,986,lattice,3,b,img/target_6.png
51,3,987,lattice,1,q,img/target_1.png
51,3,988,lattice,2,r,img/target_4.png
51,3,989,lattice,4,v,img/target_5.png
51,3,990,lattice,2,r,img/target_4.png
51,3,991,lattice,0,p,img/target_10.png
51,3,992,lattice,2,r,img/target_4.png
51,3,993,lattice,0,p,img/target_10.png
51,3,994,lattice,1,q,img/target_1.png
51,3,995,lattice,9,e,img/target_3.png
51,3,996,lattice,7,w,img/target_2.png
51,3,997,lattice,8,i,img/target_8.png
51,3,998,lattice,6,o,img/target_9.png
51,3,999,lattice,4,v,img/target_5.png
51,3,1000,lattice,6,o,img/target_9.png
