pID,sess,trialNum,graph,walk,resp,path
51,2,1,lattice,6,o,img/target_9.png
51,2,2,lattice,7,w,img/target_2.png
51,2,3,lattice,6,o,img/target_9.png
51,2,4,lattice,5,u,img/target_7.png
51,2,5,lattice,4,v,img/target_5.png
51,2,6,lattice,6,o,img/target_9.png
51,2,7,lattice,7,w,img/target_2.png
51,2,8,lattice,8,i,img/target_8.png
51,2,9,lattice,7,w,img/target_2.png
51,2,10,lattice,5,u,img/target_7.png
51,2,11,lattice,4,v,img/target_5.png
51,2,12,lattice,5,u,img/target_7.png
51,2,13,lattice,4,v,img/target_5.png
51,2,14,lattice,5,u,img/target_7.png
51,2,15,lattice,4,v,img/target_5.png
51,2,16,lattice,2,r,img/target_4.png
51,2,17,lattice,4,v,img/target_5.png
51,2,18,lattice,5,u,img/target_7.png
51,2,19,lattice,4,v,img/target_5.png
51,2,20,lattice,3,b,img/target_6.png
51,2,21,lattice,5,u,img/target_7.png
51,2,22,lattice,4,v,img/target_5.png
51,2,23,lattice,5,u,img/target_7.png
51,2,24,lattice,3,b,img/target_6.png
51,2,25,lattice,2,r,img/target_4.png
51,2,26,lattice,3,b,img/target_6.png
51,2,27,lattice,1,q,img/target_1.png
51,2,28,lattice,2,r,img/target_4.png
51,2,29,lattice,1,q,img/target_1.png
51,2,30,lattice,9,e,img/target_3.png
51,2,31,lattice,8,i,img/target_8.png
51,2,32,lattice,0,p,img/target_10.png
51,2,33,lattice,9,e,img/target_3.png
51,2,34,lattice,7,w,img/target_2.png
51,2,35,lattice,8,i,img/target_8.png
51,2,36,lattice,9,e,img/target_3.png
51,2,37,lattice,7,w,img/target_2.png
51,2,38,lattice,9,e,img/target_3.png
51,2,39,lattice,0,p,img/target_10.png
51,2,40,lattice,1,q,img/target_1.png
51,2,41,lattice,2,r,img/target_4.png
51,2,42,lattice,1,q,img/target_1.png
51,2,43,lattice,2,r,img/target_4.png
51,2,44,lattice,3,b,img/target_6.png
51,2,45,lattice,2,r,img/target_4.png
51,2,46,lattice,0,p,img/target_10.png
51,2,47,lattice,9,e,img/target_3.png
51,2,48,lattice,7,w,img/target_2.png
51,2,49,lattice,8,i,img/target_8.png
51,2,50,lattice,0,p,img/target_10.png
51,2,51,lattice,8,i,img/target_8.png
51,2,52,lattice,7,w,img/target_2.png
51,2,53,lattice,6,o,img/target_9.png
51,2,54,lattice,7,w,img/target_2.png
51,2,55,lattice,6,o,img/target_9.png
51,2,56,lattice,5,u,img/target_7.png
51,2,57,lattice,3,b,img/target_6.png
51,2,58,lattice,1,q,img/target_1.png
51,2,59,lattice,2,r,img/target_4.png
51,2,60,lattice,3,b,img/target_6.png
51,2,61,lattice,5,u,img/target_7.png
51,2,62,lattice,7,w,img/target_2.png
51,2,63,lattice,9,e,img/target_3.png
51,2,64,lattice,1,q,img/target_1.png
51,2,65,lattice,9,e,img/target_3.png
51,2,66,lattice,7,w,img/target_2.png
51,2,67,lattice,9,e,img/target_3.png
51,2,68,lattice,1,q,img/target_1.png
51,2,69,lattice,0,p,img/target_10.png
51,2,70,lattice,2,r,img/target_4.png
51,2,71,lattice,0,p,img/target_10.png
51,2,72,lattice,1,q,img/target_1.png
51,2,73,lattice,2,r,img/target_4.png
51,2,74,lattice,3,b,img/target_6.png
51,2,75,lattice,2,r,img/target_4.png
51,2,76,lattice,0,p,img/target_10.png
51,2,77,lattice,8,i,img/target_8.png
51,2,78,lattice,7,w,img/target_2.png
51,2,79,lattice,5,u,img/target_7.png
51,2,80,lattice,4,v,img/target_5.png
51,2,81,lattice,3,b,img/target_6.png
51,2,82,lattice,5,u,img/target_7.png
51,2,83,lattice,3,b,img/target_6.png
51,2,84,lattice,2,r,img/target_4.png
51,2,85,lattice,3,b,img/target_6.png
51,2,86,lattice,2,r,img/target_4.png
51,2,87,lattice,0,p,img/target_10.png
51,2,88,lattice,8,i,img/target_8.png
51,2,89,lattice,0,p,img/target_10.png
51,2,90,lattice,8,i,img/target_8.png
51,2,91,lattice,9,e,img/target_3.png
51,2,92,lattice,1,q,img/target_1.png
51,2,93,lattice,2,r,img/target_4.png
51,2,94,lattice,0,p,img/target_10.png
51,2,95,lattice,2,r,img/target_4.png
51,2,96,lattice,0,p,img/target_10.png
51,2,97,lattice,8,i,img/target_8.png
51,2,98,lattice,6,o,img/target_9.png
51,2,99,lattice,5,u,img/target_7.png
51,2,100,lattice,6,o,img/target_9.png
51,2,101,lattice,7,w,img/target_2.png
51,2,102,lattice,5,u,img/target_7.png
51,2,103,lattice,3,b,img/target_6.png
51,2,104,lattice,4,v,img/target_5.png
51,2,105,lattice,5,u,img/target_7.png
51,2,106,lattice,3,b,img/target_6.png
51,2,107,lattice,2,r,img/target_4.png
51,2,108,lattice,4,v,img/target_5.png
51,2,109,lattice,2,r,img/target_4.png
51,2,110,lattice,4,v,img/target_5.png
51,2,111,lattice,2,r,img/target_4.png
51,2,112,lattice,3,b,img/target_6.png
51,2,113,lattice,4,v,img/target_5.png
51,2,114,lattice,6,o,img/target_9.png
51,2,115,lattice,8,i,img/target_8.png
51,2,116,lattice,9,e,img/target_3.png
51,2,117,lattice,1,q,img/target_1.png
51,2,118,lattice,3,b,img/target_6.png
51,2,119,lattice,5,u,img/target_7.png
51,2,120,lattice,3,b,img/target_6.png
51,2,121,lattice,5,u,img/target_7.png
51,2,122,lattice,4,v,img/target_5.png
51,2,123,lattice,6,o,img/target_9.png
51,2,124,lattice,5,u,img/target_7.png
51,2,125,lattice,4,v,img/target_5.png
51,2,126,lattice,3,b,img/target_6.png
51,2,127,lattice,2,r,img/target_4.png
51,2,128,lattice,3,b,img/target_6.png
51,2,129,lattice,5,u,img/target_7.png
51,2,130,lattice,4,v,img/target_5.png
51,2,131,lattice,5,u,img/target_7.png
51,2,132,lattice,7,w,img/target_2.png
51,2,133,lattice,9,e,img/target_3.png
51,2,134,lattice,1,q,img/target_1.png
51,2,135,lattice,2,r,img/target_4.png
51,2,136,lattice,1,q,img/target_1.png
51,2,137,lattice,2,r,img/target_4.png
51,2,138,lattice,4,v,img/target_5.png
51,2,139,lattice,3,b,img/target_6.png
51,2,140,lattice,4,v,img/target_5.png
51,2,141,lattice,6,o,img/target_9.png
51,2,142,lattice,8,i,img/target_8.png
51,2,143,lattice,7,w,img/target_2.png
51,2,144,lattice,6,o,img/target_9.png
51,2,145,lattice,8,i,img/target_8.png
51,2,146,lattice,0,p,img/target_10.png
51,2,147,lattice,1,q,img/target_1.png
51,2,148,lattice,2,r,img/target_4.png
51,2,149,lattice,0,p,img/target_10.png
51,2,150,lattice,2,r,img/target_4.png
51,2,151,lattice,4,v,img/target_5.png
51,2,152,lattice,2,r,img/target_4.png
51,2,153,lattice,1,q,img/target_1.png
51,2,154,lattice,3,b,img/target_6.png
51,2,155,lattice,1,q,img/target_1.png
51,2,156,lattice,9,e,img/target_3.png
51,2,157,lattice,0,p,img/target_10.png
51,2,158,lattice,8,i,img/target_8.png
51,2,159,lattice,0,p,img/target_10.png
51,2,160,lattice,9,e,img/target_3.png
51,2,161,lattice,0,p,img/target_10.png
51,2,162,lattice,2,r,img/target_4.png
51,2,163,lattice,3,b,img/target_6.png
51,2,164,lattice,2,r,img/target_4.png
51,2,165,lattice,3,b,img/target_6.png
51,2,166,lattice,1,q,img/target_1.png
51,2,167,lattice,0,p,img/target_10.png
51,2,168,lattice,8,i,img/target_8.png
51,2,169,lattice,7,w,img/target_2.png
51,2,170,lattice,6,o,img/target_9.png
51,2,171,lattice,7,w,img/target_2.png
51,2,172,lattice,5,u,img/target_7.png
51,2,173,lattice,6,o,img/target_9.png
51,2,174,lattice,4,v,img/target_5.png
51,2,175,lattice,2,r,img/target_4.png
51,2,176,lattice,4,v,img/target_5.png
51,2,177,lattice,6,o,img/target_9.png
51,2,178,lattice,7,w,img/target_2.png
51,2,179,lattice,8,i,img/target_8.png
51,2,180,lattice,6,o,img/target_9.png
51,2,181,lattice,4,v,img/target_5.png
51,2,182,lattice,3,b,img/target_6.png
51,2,183,lattice,4,v,img/target_5.png
51,2,184,lattice,2,r,img/target_4.png
51,2,185,lattice,4,v,img/target_5.png
51,2,186,lattice,5,u,img/target_7.png
51,2,187,lattice,4,v,img/target_5.png
51,2,188,lattice,6,o,img/target_9.png
51,2,189,lattice,4,v,img/target_5.png
51,2,190,lattice,2,r,img/target_4.png
51,2,191,lattice,3,b,img/target_6.png
51,2,192,lattice,5,u,img/target_7.png
51,2,193,lattice,7,w,img/target_2.png
51,2,194,lattice,6,o,img/target_9.png
51,2,195,lattice,4,v,img/target_5.png
51,2,196,lattice,6,o,img/target_9.png
51,2,197,lattice,8,i,img/target_8.png
51,2,198,lattice,9,e,img/target_3.png
51,2,199,lattice,1,q,img/target_1.png
51,2,200,lattice,9,e,img/target_3.png
51,2,201,lattice,8,i,img/target_8.png
51,2,202,lattice,0,p,img/target_10.png
51,2,203,lattice,1,q,img/target_1.png
51,2,204,lattice,9,e,img/target_3.png
51,2,205,lattice,1,q,img/target_1.png
51,2,206,lattice,3,b,img/target_6.png
51,2,207,lattice,5,u,img/target_7.png
51,2,208,lattice,6,o,img/target_9.png
51,2,209,lattice,4,v,img/target_5.png
51,2,210,lattice,6,o,img/target_9.png
51,2,211,lattice,4,v,img/target_5.png
51,2,212,lattice,2,r,img/target_4.png
51,2,213,lattice,4,v,img/target_5.png
51,2,214,lattice,5,u,img/target_7.png
51,2,215,lattice,4,v,img/target_5.png
51,2,216,lattice,5,u,img/target_7.png
51,2,217,lattice,6,o,img/target_9.png
51,2,218,lattice,5,u,img/target_7.png
51,2,219,lattice,7,w,img/target_2.png
51,2,220,lattice,8,i,img/target_8.png
51,2,221,lattice,7,w,img/target_2.png
51,2,222,lattice,6,o,img/target_9.png
51,2,223,lattice,5,u,img/target_7.png
51,2,224,lattice,3,b,img/target_6.png
51,2,225,lattice,1,q,img/target_1.png
51,2,226,lattice,9,e,img/target_3.png
51,2,227,lattice,7,w,img/target_2.png
51,2,228,lattice,8,i,img/target_8.png
51,2,229,lattice,0,p,img/target_10.png
51,2,230,lattice,9,e,img/target_3.png
51,2,231,lattice,8,i,img/target_8.png
51,2,232,lattice,0,p,img/target_10.png
51,2,233,lattice,8,i,img/target_8.png
51,2,234,lattice,6,o,img/target_9.png
51,2,235,lattice,8,i,img/target_8.png
51,2,236,lattice,6,o,img/target_9.png
51,2,237,lattice,8,i,img/target_8.png
51,2,238,lattice,7,w,img/target_2.png
51,2,239,lattice,5,u,img/target_7.png
51,2,240,lattice,4,v,img/target_5.png
51,2,241,lattice,6,o,img/target_9.png
51,2,242,lattice,8,i,img/target_8.png
51,2,243,lattice,9,e,img/target_3.png
51,2,244,lattice,8,i,img/target_8.png
51,2,245,lattice,9,e,img/target_3.png
51,2,246,lattice,8,i,img/target_8.png
51,2,247,lattice,9,e,img/target_3.png
51,2,248,lattice,1,q,img/target_1.png
51,2,249,lattice,0,p,img/target_10.png
51,2,250,lattice,1,q,img/target_1.png
51,2,251,lattice,3,b,img/target_6.png
51,2,252,lattice,2,r,img/target_4.png
51,2,253,lattice,0,p,img/target_10.png
51,2,254,lattice,1,q,img/target_1.png
51,2,255,lattice,2,r,img/target_4.png
51,2,256,lattice,1,q,img/target_1.png
51,2,257,lattice,3,b,img/target_6.png
51,2,258,lattice,1,q,img/target_1.png
51,2,259,lattice,0,p,img/target_10.png
51,2,260,lattice,1,q,img/target_1.png
51,2,261,lattice,2,r,img/target_4.png
51,2,262,lattice,4,v,img/target_5.png
51,2,263,lattice,3,b,img/target_6.png
51,2,264,lattice,4,v,img/target_5.png
51,2,265,lattice,2,r,img/target_4.png
51,2,266,lattice,0,p,img/target_10.png
51,2,267,lattice,9,e,img/target_3.png
51,2,268,lattice,8,i,img/target_8.png
51,2,269,lattice,0,p,img/target_10.png
51,2,270,lattice,1,q,img/target_1.png
51,2,271,lattice,0,p,img/target_10.png
51,2,272,lattice,2,r,img/target_4.png
51,2,273,lattice,4,v,img/target_5.png
51,2,274,lattice,3,b,img/target_6.png
51,2,275,lattice,5,u,img/target_7.png
51,2,276,lattice,7,w,img/target_2.png
51,2,277,lattice,6,o,img/target_9.png
51,2,278,lattice,7,w,img/target_2.png
51,2,279,lattice,9,e,img/target_3.png
51,2,280,lattice,1,q,img/target_1.png
51,2,281,lattice,2,r,img/target_4.png
51,2,282,lattice,4,v,img/target_5.png
51,2,283,lattice,2,r,img/target_4.png
51,2,284,lattice,3,b,img/target_6.png
51,2,285,lattice,2,r,img/target_4.png
51,2,286,lattice,3,b,img/target_6.png
51,2,287,lattice,4,v,img/target_5.png
51,2,288,lattice,2,r,img/target_4.png
51,2,289,lattice,3,b,img/target_6.png
51,2,290,lattice,2,r,img/target_4.png
51,2,291,lattice,3,b,img/target_6.png
51,2,292,lattice,2,r,img/target_4.png
51,2,293,lattice,4,v,img/target_5.png
51,2,294,lattice,3,b,img/target_6.png
51,2,295,lattice,2,r,img/target_4.png
51,2,296,lattice,4,v,img/target_5.png
51,2,297,lattice,5,u,img/target_7.png
51,2,298,lattice,3,b,img/target_6.png
51,2,299,lattice,1,q,img/target_1.png
51,2,300,lattice,9,e,img/target_3.png
51,2,301,lattice,1,q,img/target_1.png
51,2,302,lattice,2,r,img/target_4.png
51,2,303,lattice,4,v,img/target_5.png
51,2,304,lattice,5,u,img/target_7.png
51,2,305,lattice,7,w,img/target_2.png
51,2,306,lattice,9,e,img/target_3.png
51,2,307,lattice,1,q,img/target_1.png
51,2,308,lattice,0,p,img/target_10.png
51,2,309,lattice,9,e,img/target_3.png
51,2,310,lattice,8,i,img/target_8.png
51,2,311,lattice,7,w,img/target_2.png
51,2,312,lattice,5,u,img/target_7.png
51,2,313,lattice,4,v,img/target_5.png
51,2,314,lattice,2,r,img/target_4.png
51,2,315,lattice,1,q,img/target_1.png
51,2,316,lattice,0,p,img/target_10.png
51,2,317,lattice,1,q,img/target_1.png
51,2,318,lattice,9,e,img/target_3.png
51,2,319,lattice,8,i,img/target_8.png
51,2,320,lattice,7,w,img/target_2.png
51,2,321,lattice,9,e,img/target_3.png
51,2,322,lattice,8,i,img/target_8.png
51,2,323,lattice,7,w,img/target_2.png
51,2,324,lattice,8,i,img/target_8.png
51,2,325,lattice,9,e,img/target_3.png
51,2,326,lattice,7,w,img/target_2.png
51,2,327,lattice,9,e,img/target_3.png
51,2,328,lattice,8,i,img/target_8.png
51,2,329,lattice,0,p,img/target_10.png
51,2,330,lattice,2,r,img/target_4.png
51,2,331,lattice,0,p,img/target_10.png
51,2,332,lattice,8,i,img/target_8.png
51,2,333,lattice,9,e,img/target_3.png
51,2,334,lattice,8,i,img/target_8.png
51,2,335,lattice,0,p,img/target_10.png
51,2,336,lattice,9,e,img/target_3.png
51,2,337,lattice,1,q,img/target_1.png
51,2,338,lattice,2,r,img/target_4.png
51,2,339,lattice,1,q,img/target_1.png
51,2,340,lattice,3,b,img/target_6.png
51,2,341,lattice,4,v,img/target_5.png
51,2,342,lattice,3,b,img/target_6.png
51,2,343,lattice,5,u,img/target_7.png
51,2,344,lattice,4,v,img/target_5.png
51,2,345,lattice,6,o,img/target_9.png
51,2,346,lattice,5,u,img/target_7.png
51,2,347,lattice,7,w,img/target_2.png
51,2,348,lattice,9,e,img/target_3.png
51,2,349,lattice,0,p,img/target_10.png
51,2,350,lattice,8,i,img/target_8.png
51,2,351,lattice,7,w,img/target_2.png
51,2,352,lattice,5,u,img/target_7.png
51,2,353,lattice,6,o,img/target_9.png
51,2,354,lattice,4,v,img/target_5.png
51,2,355,lattice,6,o,img/target_9.png
51,2,356,lattice,7,w,img/target_2.png
51,2,357,lattice,5,u,img/target_7.png
51,2,358,lattice,7,w,img/target_2.png
51,2,359,lattice,9,e,img/target_3.png
51,2,360,lattice,1,q,img/target_1.png
51,2,361,lattice,9,e,img/target_3.png
51,2,362,lattice,8,i,img/target_8.png
51,2,363,lattice,6,o,img/target_9.png
51,2,364,lattice,5,u,img/target_7.png
51,2,365,lattice,3,b,img/target_6.png
51,2,366,lattice,5,u,img/target_7.png
51,2,367,lattice,7,w,img/target_2.png
51,2,368,lattice,6,o,img/target_9.png
51,2,369,lattice,4,v,img/target_5.png
51,2,370,lattice,3,b,img/target_6.png
51,2,371,lattice,1,q,img/target_1.png
51,2,372,lattice,2,r,img/target_4.png
51,2,373,lattice,4,v,img/target_5.png
51,2,374,lattice,2,r,img/target_4.png
51,2,375,lattice,4,v,img/target_5.png
51,2,376,lattice,6,o,img/target_9.png
51,2,377,lattice,4,v,img/target_5.png
51,2,378,lattice,3,b,img/target_6.png
51,2,379,lattice,4,v,img/target_5.png
51,2,380,lattice,2,r,img/target_4.png
51,2,381,lattice,0,p,img/target_10.png
51,2,382,lattice,1,q,img/target_1.png
51,2,383,lattice,9,e,img/target_3.png
51,2,384,lattice,7,w,img/target_2.png
51,2,385,lattice,8,i,img/target_8.png
51,2,386,lattice,9,e,img/target_3.png
51,2,387,lattice,8,i,img/target_8.png
51,2,388,lattice,6,o,img/target_9.png
51,2,389,lattice,4,v,img/target_5.png
51,2,390,lattice,3,b,img/target_6.png
51,2,391,lattice,2,r,img/target_4.png
51,2,392,lattice,1,q,img/target_1.png
51,2,393,lattice,2,r,img/target_4.png
51,2,394,lattice,4,v,img/target_5.png
51,2,395,lattice,6,o,img/target_9.png
51,2,396,lattice,5,u,img/target_7.png
51,2,397,lattice,3,b,img/target_6.png
51,2,398,lattice,1,q,img/target_1.png
51,2,399,lattice,2,r,img/target_4.png
51,2,400,lattice,4,v,img/target_5.png
51,2,401,lattice,5,u,img/target_7.png
51,2,402,lattice,6,o,img/target_9.png
51,2,403,lattice,8,i,img/target_8.png
51,2,404,lattice,7,w,img/target_2.png
51,2,405,lattice,6,o,img/target_9.png
51,2,406,lattice,4,v,img/target_5.png
51,2,407,lattice,3,b,img/target_6.png
51,2,408,lattice,5,u,img/target_7.png
51,2,409,lattice,7,w,img/target_2.png
51,2,410,lattice,5,u,img/target_7.png
51,2,411,lattice,6,o,img/target_9.png
51,2,412,lattice,8,i,img/target_8.png
51,2,413,lattice,6,o,img/target_9.png
51,2,414,lattice,7,w,img/target_2.png
51,2,415,lattice,6,o,img/target_9.png
51,2,416,lattice,7,w,img/target_2.png
51,2,417,lattice,8,i,img/target_8.png
51,2,418,lattice,9,e,img/target_3.png
51,2,419,lattice,7,w,img/target_2.png
51,2,420,lattice,8,i,img/target_8.png
51,2,421,lattice,0,p,img/target_10.png
51,2,422,lattice,8,i,img/target_8.png
51,2,423,lattice,7,w,img/target_2.png
51,2,424,lattice,9,e,img/target_3.png
51,2,425,lattice,1,q,img/target_1.png
51,2,426,lattice,2,r,img/target_4.png
51,2,427,lattice,0,p,img/target_10.png
51,2,428,lattice,8,i,img/target_8.png
51,2,429,lattice,6,o,img/target_9.png
51,2,430,lattice,7,w,img/target_2.png
51,2,431,lattice,9,e,img/target_3.png
51,2,432,lattice,7,w,img/target_2.png
51,2,433,lattice,8,i,img/target_8.png
51,2,434,lattice,0,p,img/target_10.png
51,2,435,lattice,9,e,img/target_3.png
51,2,436,lattice,7,w,img/target_2.png
51,2,437,lattice,9,e,img/target_3.png
51,2,438,lattice,8,i,img/target_8.png
51,2,439,lattice,6,o,img/target_9.png
51,2,440,lattice,5,u,img/target_7.png
51,2,441,lattice,7,w,img/target_2.png
51,2,442,lattice,8,i,img/target_8.png
51,2,443,lattice,6,o,img/target_9.png
51,2,444,lattice,5,u,img/target_7.png
51,2,445,lattice,7,w,img/target_2.png
51,2,446,lattice,6,o,img/target_9.png
51,2,447,lattice,8,i,img/target_8.png
51,2,448,lattice,7,w,img/target_2.png
51,2,449,lattice,9,e,img/target_3.png
51,2,450,lattice,1,q,img/target_1.png
51,2,451,lattice,0,p,img/target_10.png
51,2,452,lattice,9,e,img/target_3.png
51,2,453,lattice,8,i,img/target_8.png
51,2,454,lattice,9,e,img/target_3.png
51,2,455,lattice,0,p,img/target_10.png
51,2,456,lattice,8,i,img/target_8.png
51,2,457,lattice,9,e,img/target_3.png
51,2,458,lattice,0,p,img/target_10.png
51,2,459,lattice,9,e,img/target_3.png
51,2,460,lattice,1,q,img/target_1.png
51,2,461,lattice,2,r,img/target_4.png
51,2,462,lattice,0,p,img/target_10.png
51,2,463,lattice,2,r,img/target_4.png
51,2,464,lattice,0,p,img/target_10.png
51,2,465,lattice,8,i,img/target_8.png
51,2,466,lattice,0,p,img/target_10.png
51,2,467,lattice,8,i,img/target_8.png
51,2,468,lattice,6,o,img/target_9.png
51,2,469,lattice,5,u,img/target_7.png
51,2,470,lattice,6,o,img/target_9.png
51,2,471,lattice,4,v,img/target_5.png
51,2,472,lattice,3,b,img/target_6.png
51,2,473,lattice,2,r,img/target_4.png
51,2,474,lattice,4,v,img/target_5.png
51,2,475,lattice,5,u,img/target_7.png
51,2,476,lattice,6,o,img/target_9.png
51,2,477,lattice,7,w,img/target_2.png
51,2,478,lattice,9,e,img/target_3.png
51,2,479,lattice,1,q,img/target_1.png
51,2,480,lattice,2,r,img/target_4.png
51,2,481,lattice,0,p,img/target_10.png
51,2,482,lattice,1,q,img/target_1.png
51,2,483,lattice,2,r,img/target_4.png
51,2,484,lattice,3,b,img/target_6.png
51,2,485,lattice,5,u,img/target_7.png
51,2,486,lattice,6,o,img/target_9.png
51,2,487,lattice,8,i,img/target_8.png
51,2,488,lattice,0,p,img/target_10.png
51,2,489,lattice,8,i,img/target_8.png
51,2,490,lattice,9,e,img/target_3.png
51,2,491,lattice,8,i,img/target_8.png
51,2,492,lattice,6,o,img/target_9.png
51,2,493,lattice,4,v,img/target_5.png
51,2,494,lattice,5,u,img/target_7.png
51,2,495,lattice,6,o,img/target_9.png
51,2,496,lattice,4,v,img/target_5.png
51,2,497,lattice,6,o,img/target_9.png
51,2,498,lattice,4,v,img/target_5.png
51,2,499,lattice,2,r,img/target_4.png
51,2,500,lattice,0,p,img/target_10.png
51,2,501,lattice,1,q,img/target_1.png
51,2,502,lattice,0,p,img/target_10.png
51,2,503,lattice,2,r,img/target_4.png
51,2,504,lattice,3,b,img/target_6.png
51,2,505,lattice,1,q,img/target_1.png
51,2,506,lattice,9,e,img/target_3.png
51,2,507,lattice,8,i,img/target_8.png
51,2,508,lattice,6,o,img/target_9.png
51,2,509,lattice,8,i,img/target_8.png
51,2,510,lattice,6,o,img/target_9.png
51,2,511,lattice,4,v,img/target_5.png
51,2,512,lattice,2,r,img/target_4.png
51,2,513,lattice,4,v,img/target_5.png
51,2,514,lattice,5,u,img/target_7.png
51,2,515,lattice,6,o,img/target_9.png
51,2,516,lattice,5,u,img/target_7.png
51,2,517,lattice,4,v,img/target_5.png
51,2,518,lattice,3,b,img/target_6.png
51,2,519,lattice,4,v,img/target_5.png
51,2,520,lattice,6,o,img/target_9.png
51,2,521,lattice,5,u,img/target_7.png
51,2,522,lattice,3,b,img/target_6.png
51,2,523,lattice,2,r,img/target_4.png
51,2,524,lattice,4,v,img/target_5.png
51,2,525,lattice,2,r,img/target_4.png
51,2,526,lattice,4,v,img/target_5.png
51,2,527,lattice,5,u,img/target_7.png
51,2,528,lattice,6,o,img/target_9.png
51,2,529,lattice,4,v,img/target_5.png
51,2,530,lattice,6,o,img/target_9.png
51,2,531,lattice,7,w,img/target_2.png
51,2,532,lattice,5,u,img/target_7.png
51,2,533,lattice,6,o,img/target_9.png
51,2,534,lattice,5,u,img/target_7.png
51,2,535,lattice,3,b,img/target_6.png
51,2,536,lattice,2,r,img/target_4.png
51,2,537,lattice,4,v,img/target_5.png
51,2,538,lattice,3,b,img/target_6.png
51,2,539,lattice,4,v,img/target_5.png
51,2,540,lattice,2,r,img/target_4.png
51,2,541,lattice,0,p,img/target_10.png
51,2,542,lattice,8,i,img/target_8.png
51,2,543,lattice,7,w,img/target_2.png
51,2,544,lattice,5,u,img/target_7.png
51,2,545,lattice,4,v,img/target_5.png
51,2,546,lattice,2,r,img/target_4.png
51,2,547,lattice,1,q,img/target_1.png
51,2,548,lattice,2,r,img/target_4.png
51,2,549,lattice,0,p,img/target_10.png
51,2,550,lattice,8,i,img/target_8.png
51,2,551,lattice,6,o,img/target_9.png
51,2,552,lattice,7,w,img/target_2.png
51,2,553,lattice,5,u,img/target_7.png
51,2,554,lattice,7,w,img/target_2.png
51,2,555,lattice,8,i,img/target_8.png
51,2,556,lattice,6,o,img/target_9.png
51,2,557,lattice,7,w,img/target_2.png
51,2,558,lattice,6,o,img/target_9.png
51,2,559,lattice,8,i,img/target_8.png
51,2,560,lattice,6,o,img/target_9.png
51,2,561,lattice,5,u,img/target_7.png
51,2,562,lattice,4,v,img/target_5.png
51,2,563,lattice,6,o,img/target_9.png
51,2,564,lattice,7,w,img/target_2.png
51,2,565,lattice,6,o,img/target_9.png
51,2,566,lattice,8,i,img/target_8.png
51,2,567,lattice,6,o,img/target_9.png
51,2,568,lattice,8,i,img/target_8.png
51,2,569,lattice,0,p,img/target_10.png
51,2,570,lattice,8,i,img/target_8.png
51,2,571,lattice,6,o,img/target_9.png
51,2,572,lattice,7,w,img/target_2.png
51,2,573,lattice,8,i,img/target_8.png
51,2,574,lattice,7,w,img/target_2.png
51,2,575,lattice,6,o,img/target_9.png
51,2,576,lattice,5,u,img/target_7.png
51,2,577,lattice,3,b,img/target_6.png
51,2,578,lattice,4,v,img/target_5.png
51,2,579,lattice,3,b,img/target_6.png
51,2,580,lattice,2,r,img/target_4.png
51,2,581,lattice,3,b,img/target_6.png
51,2,582,lattice,4,v,img/target_5.png
51,2,583,lattice,3,b,img/target_6.png
51,2,584,lattice,2,r,img/target_4.png
51,2,585,lattice,0,p,img/target_10.png
51,2,586,lattice,8,i,img/target_8.png
51,2,587,lattice,0,p,img/target_10.png
51,2,588,lattice,2,r,img/target_4.png
51,2,589,lattice,1,q,img/target_1.png
51,2,590,lattice,2,r,img/target_4.png
51,2,591,lattice,4,v,img/target_5.png
51,2,592,lattice,2,r,img/target_4.png
51,2,593,lattice,4,v,img/target_5.png
51,2,594,lattice,6,o,img/target_9.png
51,2,595,lattice,4,v,img/target_5.png
51,2,596,lattice,5,u,img/target_7.png
51,2,597,lattice,3,b,img/target_6.png
51,2,598,lattice,2,r,img/target_4.png
51,2,599,lattice,3,b,img/target_6.png
51,2,600,lattice,4,v,img/target_5.png
51,2,601,lattice,3,b,img/target_6.png
51,2,602,lattice,4,v,img/target_5.png
51,2,603,lattice,3,b,img/target_6.png
51,2,604,lattice,5,u,img/target_7.png
51,2,605,lattice,4,v,img/target_5.png
51,2,606,lattice,5,u,img/target_7.png
51,2,607,lattice,7,w,img/target_2.png
51,2,608,lattice,5,u,img/target_7.png
51,2,609,lattice,4,v,img/target_5.png
51,2,610,lattice,2,r,img/target_4.png
51,2,611,lattice,0,p,img/target_10.png
51,2,612,lattice,1,q,img/target_1.png
51,2,613,lattice,9,e,img/target_3.png
51,2,614,lattice,7,w,img/target_2.png
51,2,615,lattice,6,o,img/target_9.png
51,2,616,lattice,7,w,img/target_2.png
51,2,617,lattice,6,o,img/target_9.png
51,2,618,lattice,8,i,img/target_8.png
51,2,619,lattice,7,w,img/target_2.png
51,2,620,lattice,6,o,img/target_9.png
51,2,621,lattice,5,u,img/target_7.png
51,2,622,lattice,4,v,img/target_5.png
51,2,623,lattice,3,b,img/target_6.png
51,2,624,lattice,4,v,img/target_5.png
51,2,625,lattice,6,o,img/target_9.png
51,2,626,lattice,8,i,img/target_8.png
51,2,627,lattice,6,o,img/target_9.png
51,2,628,lattice,8,i,img/target_8.png
51,2,629,lattice,6,o,img/target_9.png
51,2,630,lattice,8,i,img/target_8.png
51,2,631,lattice,0,p,img/target_10.png
51,2,632,lattice,8,i,img/target_8.png
51,2,633,lattice,9,e,img/target_3.png
51,2,634,lattice,0,p,img/target_10.png
51,2,635,lattice,9,e,img/target_3.png
51,2,636,lattice,0,p,img/target_10.png
51,2,637,lattice,1,q,img/target_1.png
51,2,638,lattice,0,p,img/target_10.png
51,2,639,lattice,8,i,img/target_8.png
51,2,640,lattice,0,p,img/target_10.png
51,2,641,lattice,1,q,img/target_1.png
51,2,642,lattice,2,r,img/target_4.png
51,2,643,lattice,4,v,img/target_5.png
51,2,644,lattice,6,o,img/target_9.png
51,2,645,lattice,4,v,img/target_5.png
51,2,646,lattice,2,r,img/target_4.png
51,2,647,lattice,3,b,img/target_6.png
51,2,648,lattice,2,r,img/target_4.png
51,2,649,lattice,3,b,img/target_6.png
51,2,650,lattice,4,v,img/target_5.png
51,2,651,lattice,2,r,img/target_4.png
51,2,652,lattice,1,q,img/target_1.png
51,2,653,lattice,9,e,img/target_3.png
51,2,654,lattice,7,w,img/target_2.png
51,2,655,lattice,8,i,img/target_8.png
51,2,656,lattice,7,w,img/target_2.png
51,2,657,lattice,6,o,img/target_9.png
51,2,658,lattice,7,w,img/target_2.png
51,2,659,lattice,6,o,img/target_9.png
51,2,660,lattice,8,i,img/target_8.png
51,2,661,lattice,6,o,img/target_9.png
51,2,662,lattice,7,w,img/target_2.png
51,2,663,lattice,9,e,img/target_3.png
51,2,664,lattice,1,q,img/target_1.png
51,2,665,lattice,9,e,img/target_3.png
51,2,666,lattice,0,p,img/target_10.png
51,2,667,lattice,1,q,img/target_1.png
51,2,668,lattice,9,e,img/target_3.png
51,2,669,lattice,1,q,img/target_1.png
51,2,670,lattice,9,e,img/target_3.png
51,2,671,lattice,0,p,img/target_10.png
51,2,672,lattice,8,i,img/target_8.png
51,2,673,lattice,6,o,img/target_9.png
51,2,674,lattice,4,v,img/target_5.png
51,2,675,lattice,5,u,img/target_7.png
51,2,676,lattice,6,o,img/target_9.png
51,2,677,lattice,7,w,img/target_2.png
51,2,678,lattice,9,e,img/target_3.png
51,2,679,lattice,0,p,img/target_10.png
51,2,680,lattice,9,e,img/target_3.png
51,2,681,lattice,1,q,img/target_1.png
51,2,682,lattice,3,b,img/target_6.png
51,2,683,lattice,2,r,img/target_4.png
51,2,684,lattice,3,b,img/target_6.png
51,2,685,lattice,1,q,img/target_1.png
51,2,686,lattice,0,p,img/target_10.png
51,2,687,lattice,2,r,img/target_4.png
51,2,688,lattice,0,p,img/target_10.png
51,2,689,lattice,2,r,img/target_4.png
51,2,690,lattice,0,p,img/target_10.png
51,2,691,lattice,9,e,img/target_3.png
51,2,692,lattice,8,i,img/target_8.png
51,2,693,lattice,6,o,img/target_9.png
51,2,694,lattice,5,u,img/target_7.png
51,2,695,lattice,4,v,img/target_5.png
51,2,696,lattice,6,o,img/target_9.png
51,2,697,lattice,5,u,img/target_7.png
51,2,698,lattice,4,v,img/target_5.png
51,2,699,lattice,3,b,img/target_6.png
51,2,700,lattice,1,q,img/target_1.png
51,2,701,lattice,9,e,img/target_3.png
51,2,702,lattice,1,q,img/target_1.png
51,2,703,lattice,3,b,img/target_6.png
51,2,704,lattice,2,r,img/target_4.png
51,2,705,lattice,1,q,img/target_1.png
51,2,706,lattice,9,e,img/target_3.png
51,2,707,lattice,1,q,img/target_1.png
51,2,708,lattice,3,b,img/target_6.png
51,2,709,lattice,1,q,img/target_1.png
51,2,710,lattice,2,r,img/target_4.png
51,2,711,lattice,4,v,img/target_5.png
51,2,712,lattice,3,b,img/target_6.png
51,2,713,lattice,5,u,img/target_7.png
51,2,714,lattice,4,v,img/target_5.png
51,2,715,lattice,2,r,img/target_4.png
51,2,716,lattice,0,p,img/target_10.png
51,2,717,lattice,1,q,img/target_1.png
51,2,718,lattice,3,b,img/target_6.png
51,2,719,lattice,2,r,img/target_4.png
51,2,720,lattice,0,p,img/target_10.png
51,2,721,lattice,2,r,img/target_4.png
51,2,722,lattice,3,b,img/target_6.png
51,2,723,lattice,4,v,img/target_5.png
51,2,724,lattice,6,o,img/target_9.png
51,2,725,lattice,7,w,img/target_2.png
51,2,726,lattice,6,o,img/target_9.png
51,2,727,lattice,8,i,img/target_8.png
51,2,728,lattice,0,p,img/target_10.png
51,2,729,lattice,9,e,img/target_3.png
51,2,730,lattice,7,w,img/target_2.png
51,2,731,lattice,9,e,img/target_3.png
51,2,732,lattice,1,q,img/target_1.png
51,2,733,lattice,3,b,img/target_6.png
51,2,734,lattice,1,q,img/target_1.png
51,2,735,lattice,3,b,img/target_6.png
51,2,736,lattice,1,q,img/target_1.png
51,2,737,lattice,2,r,img/target_4.png
51,2,738,lattice,4,v,img/target_5.png
51,2,739,lattice,5,u,img/target_7.png
51,2,740,lattice,6,o,img/target_9.png
51,2,741,lattice,4,v,img/target_5.png
51,2,742,lattice,3,b,img/target_6.png
51,2,743,lattice,2,r,img/target_4.png
51,2,744,lattice,1,q,img/target_1.png
51,2,745,lattice,2,r,img/target_4.png
51,2,746,lattice,1,q,img/target_1.png
51,2,747,lattice,9,e,img/target_3.png
51,2,748,lattice,1,q,img/target_1.png
51,2,749,lattice,9,e,img/target_3.png
51,2,750,lattice,0,p,img/target_10.png
51,2,751,lattice,1,q,img/target_1.png
51,2,752,lattice,9,e,img/target_3.png
51,2,753,lattice,1,q,img/target_1.png
51,2,754,lattice,2,r,img/target_4.png
51,2,755,lattice,3,b,img/target_6.png
51,2,756,lattice,2,r,img/target_4.png
51,2,757,lattice,3,b,img/target_6.png
51,2,758,lattice,2,r,img/target_4.png
51,2,759,lattice,1,q,img/target_1.png
51,2,760,lattice,0,p,img/target_10.png
51,2,761,lattice,1,q,img/target_1.png
51,2,762,lattice,3,b,img/target_6.png
51,2,763,lattice,4,v,img/target_5.png
51,2,764,lattice,3,b,img/target_6.png
51,2,765,lattice,2,r,img/target_4.png
51,2,766,lattice,1,q,img/target_1.png
51,2,767,lattice,0,p,img/target_10.png
51,2,768,lattice,2,r,img/target_4.png
51,2,769,lattice,4,v,img/target_5.png
51,2,770,lattice,3,b,img/target_6.png
51,2,771,lattice,2,r,img/target_4.png
51,2,772,lattice,3,b,img/target_6.png
51,2,773,lattice,1,q,img/target_1.png
51,2,774,lattice,9,e,img/target_3.png
51,2,775,lattice,0,p,img/target_10.png
51,2,776,lattice,9,e,img/target_3.png
51,2,777,lattice,0,p,img/target_10.png
51,2,778,lattice,2,r,img/target_4.png
51,2,779,lattice,4,v,img/target_5.png
51,2,780,lattice,6,o,img/target_9.png
51,2,781,lattice,8,i,img/target_8.png
51,2,782,lattice,6,o,img/target_9.png
51,2,783,lattice,7,w,img/target_2.png
51,2,784,lattice,6,o,img/target_9.png
51,2,785,lattice,8,i,img/target_8.png
51,2,786,lattice,6,o,img/target_9.png
51,2,787,lattice,8,i,img/target_8.png
51,2,788,lattice,6,o,img/target_9.png
51,2,789,lattice,7,w,img/target_2.png
51,2,790,lattice,9,e,img/target_3.png
51,2,791,lattice,1,q,img/target_1.png
51,2,792,lattice,3,b,img/target_6.png
51,2,793,lattice,4,v,img/target_5.png
51,2,794,lattice,6,o,img/target_9.png
51,2,795,lattice,5,u,img/target_7.png
51,2,796,lattice,7,w,img/target_2.png
51,2,797,lattice,5,u,img/target_7.png
51,2,798,lattice,4,v,img/target_5.png
51,2,799,lattice,3,b,img/target_6.png
51,2,800,lattice,1,q,img/target_1.png
51,2,801,lattice,3,b,img/target_6.png
51,2,802,lattice,5,u,img/target_7.png
51,2,803,lattice,6,o,img/target_9.png
51,2,804,lattice,8,i,img/target_8.png
51,2,805,lattice,6,o,img/target_9.png
51,2,806,lattice,5,u,img/target_7.png
51,2,807,lattice,3,b,img/target_6.png
51,2,808,lattice,4,v,img/target_5.png
51,2,809,lattice,6,o,img/target_9.png
51,2,810,lattice,5,u,img/target_7.png
51,2,811,lattice,6,o,img/target_9.png
51,2,812,lattice,5,u,img/target_7.png
51,2,813,lattice,6,o,img/target_9.png
51,2,814,lattice,5,u,img/target_7.png
51,2,815,lattice,7,w,img/target_2.png
51,2,816,lattice,6,o,img/target_9.png
51,2,817,lattice,7,w,img/target_2.png
51,2,818,lattice,6,o,img/target_9.png
51,2,819,lattice,7,w,img/target_2.png
51,2,820,lattice,6,o,img/target_9.png
51,2,821,lattice,5,u,img/target_7.png
51,2,822,lattice,7,w,img/target_2.png
51,2,823,lattice,9,e,img/target_3.png
51,2,824,lattice,7,w,img/target_2.png
51,2,825,lattice,6,o,img/target_9.png
51,2,826,lattice,4,v,img/target_5.png
51,2,827,lattice,5,u,img/target_7.png
51,2,828,lattice,4,v,img/target_5.png
51,2,829,lattice,2,r,img/target_4.png
51,2,830,lattice,3,b,img/target_6.png
51,2,831,lattice,1,q,img/target_1.png
51,2,832,lattice,0,p,img/target_10.png
51,2,833,lattice,2,r,img/target_4.png
51,2,834,lattice,0,p,img/target_10.png
51,2,835,lattice,2,r,img/target_4.png
51,2,836,lattice,4,v,img/target_5.png
51,2,837,lattice,3,b,img/target_6.png
51,2,838,lattice,4,v,img/target_5.png
51,2,839,lattice,2,r,img/target_4.png
51,2,840,lattice,4,v,img/target_5.png
51,2,841,lattice,6,o,img/target_9.png
51,2,842,lattice,8,i,img/target_8.png
51,2,843,lattice,7,w,img/target_2.png
51,2,844,lattice,5,u,img/target_7.png
51,2,845,lattice,7,w,img/target_2.png
51,2,846,lattice,8,i,img/target_8.png
51,2,847,lattice,0,p,img/target_10.png
51,2,848,lattice,8,i,img/target_8.png
51,2,849,lattice,7,w,img/target_2.png
51,2,850,lattice,9,e,img/target_3.png
51,2,851,lattice,1,q,img/target_1.png
51,2,852,lattice,9,e,img/target_3.png
51,2,853,lattice,7,w,img/target_2.png
51,2,854,lattice,9,e,img/target_3.png
51,2,855,lattice,0,p,img/target_10.png
51,2,856,lattice,9,e,img/target_3.png
51,2,857,lattice,7,w,img/target_2.png
51,2,858,lattice,6,o,img/target_9.png
51,2,859,lattice,7,w,img/target_2.png
51,2,860,lattice,9,e,img/target_3.png
51,2,861,lattice,1,q,img/target_1.png
51,2,862,lattice,0,p,img/target_10.png
51,2,863,lattice,1,q,img/target_1.png
51,2,864,lattice,9,e,img/target_3.png
51,2,865,lattice,1,q,img/target_1.png
51,2,866,lattice,0,p,img/target_10.png
51,2,867,lattice,1,q,img/target_1.png
51,2,868,lattice,2,r,img/target_4.png
51,2,869,lattice,0,p,img/target_10.png
51,2,870,lattice,1,q,img/target_1.png
51,2,871,lattice,3,b,img/target_6.png
51,2,872,lattice,1,q,img/target_1.png
51,2,873,lattice,0,p,img/target_10.png
51,2,874,lattice,9,e,img/target_3.png
51,2,875,lattice,1,q,img/target_1.png
51,2,876,lattice,3,b,img/target_6.png
51,2,877,lattice,1,q,img/target_1.png
51,2,878,lattice,2,r,img/target_4.png
51,2,879,lattice,0,p,img/target_10.png
51,2,880,lattice,8,i,img/target_8.png
51,2,881,lattice,9,e,img/target_3.png
51,2,882,lattice,0,p,img/target_10.png
51,2,883,lattice,9,e,img/target_3.png
51,2,884,lattice,1,q,img/target_1.png
51,2,885,lattice,9,e,img/target_3.png
51,2,886,lattice,7,w,img/target_2.png
51,2,887,lattice,9,e,img/target_3.png
51,2,888,lattice,1,q,img/target_1.png
51,2,889,lattice,3,b,img/target_6.png
51,2,890,lattice,4,v,img/target_5.png
51,2,891,lattice,2,r,img/target_4.png
51,2,892,lattice,3,b,img/target_6.png
51,2,893,lattice,5,u,img/target_7.png
51,2,894,lattice,3,b,img/target_6.png
51,2,895,lattice,1,q,img/target_1.png
51,2,896,lattice,2,r,img/target_4.png
51,2,897,lattice,0,p,img/target_10.png
51,2,898,lattice,9,e,img/target_3.png
51,2,899,lattice,0,p,img/target_10.png
51,2,900,lattice,1,q,img/target_1.png
51,2,901,lattice,2,r,img/target_4.png
51,2,902,lattice,0,p,img/target_10.png
51,2,903,lattice,2,r,img/target_4.png
51,2,904,lattice,1,q,img/target_1.png
51,2,905,lattice,3,b,img/target_6.png
51,2,906,lattice,4,v,img/target_5.png
51,2,907,lattice,2,r,img/target_4.png
51,2,908,lattice,4,v,img/target_5.png
51,2,909,lattice,6,o,img/target_9.png
51,2,910,lattice,7,w,img/target_2.png
51,2,911,lattice,6,o,img/target_9.png
51,2,912,lattice,5,u,img/target_7.png
51,2,913,lattice,3,b,img/target_6.png
51,2,914,lattice,1,q,img/target_1.png
51,2,915,lattice,3,b,img/target_6.png
51,2,916,lattice,5,u,img/target_7.png
51,2,917,lattice,6,o,img/target_9.png
51,2,918,lattice,4,v,img/target_5.png
51,2,919,lattice,6,o,img/target_9.png
51,2,920,lattice,4,v,img/target_5.png
51,2,921,lattice,5,u,img/target_7.png
51,2,922,lattice,3,b,img/target_6.png
51,2,923,lattice,5,u,img/target_7.png
51,2,924,lattice,4,v,img/target_5.png
51,2,925,lattice,2,r,img/target_4.png
51,2,926,lattice,0,p,img/target_10.png
51,2,927,lattice,1,q,img/target_1.png
51,2,928,lattice,9,e,img/target_3.png
51,2,929,lattice,7,w,img/target_2.png
51,2,930,lattice,6,o,img/target_9.png
51,2,931,lattice,5,u,img/target_7.png
51,2,932,lattice,7,w,img/target_2.png
51,2,933,lattice,9,e,img/target_3.png
51,2,934,lattice,7,w,img/target_2.png
51,2,935,lattice,5,u,img/target_7.png
51,2,936,lattice,6,o,img/target_9.png
51,2,937,lattice,4,v,img/target_5.png
51,2,938,lattice,6,o,img/target_9.png
51,2,939,lattice,8,i,img/target_8.png
51,2,940,lattice,9,e,img/target_3.png
51,2,941,lattice,7,w,img/target_2.png
51,2,942,lattice,5,u,img/target_7.png
51,2,943,lattice,3,b,img/target_6.png
51,2,944,lattice,4,v,img/target_5.png
51,2,945,lattice,2,r,img/target_4.png
51,2,946,lattice,1,q,img/target_1.png
51,2,947,lattice,0,p,img/target_10.png
51,2,948,lattice,2,r,img/target_4.png
51,2,949,lattice,3,b,img/target_6.png
51,2,950,lattice,2,r,img/target_4.png
51,2,951,lattice,3,b,img/target_6.png
51,2,952,lattice,2,r,img/target_4.png
51,2,953,lattice,4,v,img/target_5.png
51,2,954,lattice,3,b,img/target_6.png
51,2,955,lattice,2,r,img/target_4.png
51,2,956,lattice,0,p,img/target_10.png
51,2,957,lattice,1,q,img/target_1.png
51,2,958,lattice,0,p,img/target_10.png
51,2,959,lattice,1,q,img/target_1.png
51,2,960,lattice,0,p,img/target_10.png
51,2,961,lattice,2,r,img/target_4.png
51,2,962,lattice,0,p,img/target_10.png
51,2,963,lattice,8,i,img/target_8.png
51,2,964,lattice,0,p,img/target_10.png
51,2,965,lattice,2,r,img/target_4.png
51,2,966,lattice,0,p,img/target_10.png
51,2,967,lattice,9,e,img/target_3.png
51,2,968,lattice,7,w,img/target_2.png
51,2,969,lattice,6,o,img/target_9.png
51,2,970,lattice,4,v,img/target_5.png
51,2,971,lattice,5,u,img/target_7.png
51,2,972,lattice,4,v,img/target_5.png
51,2,973,lattice,2,r,img/target_4.png
51,2,974,lattice,4,v,img/target_5.png
51,2,975,lattice,6,o,img/target_9.png
51,2,976,lattice,4,v,img/target_5.png
51,2,977,lattice,2,r,img/target_4.png
51,2,978,lattice,3,b,img/target_6.png
51,2,979,lattice,5,u,img/target_7.png
51,2,980,lattice,6,o,img/target_9.png
51,2,981,lattice,4,v,img/target_5.png
51,2,982,lattice,3,b,img/target_6.png
51,2,983,lattice,5,u,img/target_7.png
51,2,984,lattice,4,v,img/target_5.png
51,2,985,lattice,2,r,img/target_4.png
51,2,986,lattice,0,p,img/target_10.png
51,2,987,lattice,9,e,img/target_3.png
51,2,988,lattice,0,p,img/target_10.png
51,2,989,lattice,9,e,img/target_3.png
51,2,990,lattice,8,i,img/target_8.png
51,2,991,lattice,9,e,img/target_3.png
51,2,992,lattice,7,w,img/target_2.png
51,2,993,lattice,8,i,img/target_8.png
51,2,994,lattice,6,o,img/target_9.png
51,2,995,lattice,8,i,img/target_8.png
51,2,996,lattice,0,p,img/target_10.png
51,2,997,lattice,8,i,img/target_8.png
51,2,998,lattice,9,e,img/target_3.png
51,2,999,lattice,0,p,img/target_10.png
51,2,1000,lattice,9,e,img/target_3.png
